tree
version=v4
num_class=1
num_tree_per_iteration=1
label_index=0
max_feature_idx=4
objective=binary sigmoid:1
feature_names=facility_enc acuity_enc bleeding_enc pregnant age
feature_infos=[0:8] [0:2] [0:2] [0:1] [0:90]
tree_sizes=1660 1709 1719 1719 1719 1717 1722 1724 1832 1725 1835 1611 1732 1727 1619 1616 1618 1739 1827 1833 1634 1522 1627 1631 1521 1629 1615 1628 1613 1620 1203 1840 1199 1520 1726 1835 1625 1725 1315 1838 1524 1729 1622 1732 1825 1200 1530 1309 1837 1629 1199 1643 1829 1630 1835 1097 1425 1731 1414 1307 1103 1097 1841 1195 1537 1416 1419 1098 785 1535 1206 1844 1735 1409 794 1207 786 1210 1645 1313 1627 887 795 1212 1845 1002 1737 887 1090 1091 1010 1841 786 786 785 887 1847 1845 1726 787 891 1748 1728 891 887 995 1203 1010 1537 788 892 1214 786 1845 792 1539 1726 1738 1731 1310 1849 1739 1845 1736 1755 1639 1010 787 1111 897 893 1098 792 1728 1641 1528 890 1744 1639 1207 1308 1305 1745 1322 1308 790 1541 1736 787 1012

Tree=0
num_leaves=15
num_cat=0
split_feature=1 0 0 0 4 4 4 1 0 4 4 4 4 1
split_gain=61.3652 142.745 28.8741 146.534 5.25844 3.46765 5.55558 4.41397 2.83717 2.5666 3.7516 2.37093 1.85726 1.63229
threshold=1.0000000180025095e-35 7.5000000000000009 3.5000000000000004 2.5000000000000004 69.500000000000014 26.500000000000004 59.500000000000007 1.5000000000000002 2.5000000000000004 15.500000000000002 31.500000000000004 31.500000000000004 17.500000000000004 1.5000000000000002
decision_type=2 2 2 2 2 2 2 2 2 2 2 2 2 2
left_child=1 2 3 -1 -4 7 11 8 -2 -3 -11 -7 -9 -8
right_child=5 9 4 -5 -6 6 13 12 -10 10 -12 -13 -14 -15
leaf_value=-1.7060176460808341 -1.6781713298337946 -1.3811439565320411 -1.7152941472064516 -1.4568293443831628 -1.6261256066817253 -1.682115089507263 -1.7423093161023075 -1.7206936331421612 -1.716000287754301 -1.5239018858216395 -1.4410213714081639 -1.7028068548993096 -1.746367353850288 -1.7151862258579
leaf_weight=60.905722141265869 19.033038169145584 2.7565089762210873 82.038957625627518 20.083136826753616 4.4629192948341361 42.528995633125305 24.808580785989761 37.14724001288414 38.066076338291168 4.8567062914371517 12.469921559095381 212.64497816562653 35.047042697668076 33.209370046854019
leaf_count=464 145 21 625 153 34 324 189 283 290 37 95 1620 267 253
internal_value=-1.69273 -1.65439 -1.67855 -1.64423 -1.71069 -1.70899 -1.70444 -1.72001 -1.70339 -1.45285 -1.46425 -1.69936 -1.73316 -1.72678
internal_weight=630.059 187.574 167.491 80.9889 86.5019 442.485 313.192 129.293 57.0991 20.0831 17.3266 255.174 72.1943 58.018
internal_count=4800 1429 1276 617 659 3371 2386 985 435 153 132 1944 550 442
is_linear=0
shrinkage=1


Tree=1
num_leaves=15
num_cat=0
split_feature=1 0 0 0 4 4 4 1 0 4 4 4 4 0
split_gain=50.4508 98.0924 23.4031 102.284 4.36432 3.05886 4.88857 3.95488 2.4353 2.01522 1.77678 4.48798 1.71868 1.50791
threshold=1.0000000180025095e-35 7.5000000000000009 3.5000000000000004 2.5000000000000004 69.500000000000014 26.500000000000004 59.500000000000007 1.5000000000000002 2.5000000000000004 31.500000000000004 55.500000000000007 42.500000000000007 17.500000000000004 3.5000000000000004
decision_type=2 2 2 2 2 2 2 2 2 2 2 2 2 2
left_child=1 2 3 -1 -4 7 9 8 -2 -7 11 -3 -9 -8
right_child=5 10 4 -5 -6 6 13 12 -10 -11 -12 -13 -14 -15
leaf_value=-0.012338795607761866 0.013258194634650436 0.19949899026665471 -0.021096436200913032 0.18455168621727741 0.058447040739693236 0.0096949711817972892 -0.046013896229133364 -0.026248164704288077 -0.021767892467095599 -0.0093347770472202423 0.23338086744686085 0.11107021191945343 -0.05130185708410296 -0.019861154399056443
leaf_weight=60.349286079406738 19.224475547671318 14.221734583377843 80.767916515469551 23.447189792990685 4.6697979271411887 42.840728402137756 26.543754816055298 36.434583261609077 37.457921653985977 211.17106944322586 4.3332283496856681 4.952260971069335 33.762667804956436 30.121196746826172
leaf_count=464 145 93 625 153 34 324 207 283 290 1620 28 32 267 235
internal_value=-0.00011785 0.0339842 0.0127138 0.0427534 -0.0167488 -0.0151396 -0.0108651 -0.0256064 -0.0098884 -0.00612529 0.187115 0.17666 -0.0382982 -0.032112
internal_weight=630.298 192.741 169.234 83.7965 85.4377 437.556 310.677 126.88 56.6824 254.012 23.5072 19.174 70.1973 56.665
internal_count=4800 1429 1276 617 659 3371 2386 985 435 1944 153 125 550 442
is_linear=0
shrinkage=0.08


Tree=2
num_leaves=15
num_cat=0
split_feature=1 0 0 0 4 4 4 1 4 4 4 1 4 4
split_gain=41.8649 71.5027 19.1975 75.4517 3.68666 2.69297 4.29334 3.53504 2.34557 1.82048 1.58654 1.53187 1.04821 2.06788
threshold=1.0000000180025095e-35 7.5000000000000009 3.5000000000000004 2.5000000000000004 53.500000000000007 26.500000000000004 59.500000000000007 1.5000000000000002 1.0000000180025095e-35 52.500000000000007 17.500000000000004 1.5000000000000002 15.500000000000002 31.500000000000004
decision_type=2 2 2 2 2 2 2 2 2 2 2 2 2 2
left_child=1 2 3 -1 -4 7 9 8 -2 -7 -9 -8 -3 -14
right_child=5 12 4 -5 -6 6 11 10 -10 -11 -12 -13 13 -15
leaf_value=-0.011453588172276003 0.045847135037359224 0.19233841742831026 -0.024024303203101938 0.15143070278806831 0.017590109558339912 -0.0084844086292867188 -0.045785817878555693 -0.024615463088680189 -0.014017723272266653 0.010657084034361473 -0.049023316234323704 -0.018859718158779581 0.10718667040059615 0.16164099191458844
leaf_weight=59.834542274475098 4.5577663034200659 3.7725641280412701 67.363035455346107 26.157579034566879 17.079018771648407 215.63615673780441 23.436726197600365 35.77145129442215 51.734800949692726 37.299446582794189 32.556021027266979 31.966292127966881 6.1401604861021069 16.341066181659698
leaf_count=464 35 21 529 153 130 1656 189 283 400 288 267 253 37 95
internal_value=-0.000187112 0.0304185 0.0114872 0.0380935 -0.0156075 -0.0140909 -0.0100798 -0.0240152 -0.00917072 -0.00566169 -0.0362451 -0.0302501 0.153316 0.146768
internal_weight=629.647 196.688 170.434 85.9921 84.4421 432.959 308.339 124.62 56.2926 252.936 68.3275 55.403 26.2538 22.4812
internal_count=4800 1429 1276 617 659 3371 2386 985 435 1944 550 442 153 132
is_linear=0
shrinkage=0.08


Tree=3
num_leaves=15
num_cat=0
split_feature=1 0 0 0 4 4 4 1 0 4 4 0 4 4
split_gain=34.9552 54.1465 15.8748 57.6252 3.45531 2.36596 3.76391 3.15244 2.07539 1.88525 1.46063 1.40667 0.910925 2.76933
threshold=1.0000000180025095e-35 7.5000000000000009 3.5000000000000004 2.5000000000000004 5.5000000000000009 26.500000000000004 59.500000000000007 1.5000000000000002 2.5000000000000004 37.500000000000007 17.500000000000004 3.5000000000000004 55.500000000000007 42.500000000000007
decision_type=2 2 2 2 2 2 2 2 2 2 2 2 2 2
left_child=1 2 3 -1 -4 7 9 8 -2 -7 -9 -8 13 -3
right_child=5 12 4 -5 -6 6 11 10 -10 -11 -12 -13 -14 -15
leaf_value=-0.010625473838750865 0.012728373009259006 0.13869477134306057 -0.093757876276056695 0.12798860250686683 -0.011190105822864893 0.0035754834612355593 -0.042317562982501548 -0.023060643757680025 -0.019686333962660979 -0.010669115057350733 -0.046796408727841098 -0.016480059651281638 0.15919700182598359 0.074770598109929559
leaf_weight=59.358566045761108 19.302227795124054 17.294197499752052 3.3805682659149161 28.367717519402504 80.13963794708252 96.178902447223663 25.155025891959667 35.154970206320286 36.63344669342041 155.76853376626968 31.424418792128563 29.070074506103992 5.3871201276779166 5.7892937660217276
leaf_count=464 145 93 27 153 632 738 207 283 290 1206 267 235 28 32
internal_value=-0.000227462 0.0274158 0.0104312 0.0341976 -0.0145321 -0.0131059 -0.00934637 -0.0225012 -0.0085007 -0.00523135 -0.0342635 -0.0284661 0.129576 0.122663
internal_weight=628.405 199.717 171.246 87.7263 83.5202 428.688 306.173 122.515 55.9357 251.947 66.5794 54.2251 28.4706 23.0835
internal_count=4800 1429 1276 617 659 3371 2386 985 435 1944 550 442 153 125
is_linear=0
shrinkage=0.08


Tree=4
num_leaves=15
num_cat=0
split_feature=1 0 0 0 4 4 4 1 4 4 1 0 4 4
split_gain=29.3061 42.0596 13.2031 45.0679 3.41512 2.07477 3.29349 2.80411 1.9346 1.64253 1.42666 1.41704 0.737533 2.31883
threshold=1.0000000180025095e-35 7.5000000000000009 3.5000000000000004 2.5000000000000004 70.500000000000014 26.500000000000004 59.500000000000007 1.5000000000000002 1.0000000180025095e-35 52.500000000000007 1.5000000000000002 3.5000000000000004 22.500000000000004 31.500000000000004
decision_type=2 2 2 2 2 2 2 2 2 2 2 2 2 2
left_child=1 2 3 -1 -4 7 9 8 -2 -7 -8 -9 -3 -14
right_child=5 12 4 -5 -6 6 10 11 -10 -11 -12 -13 13 -15
leaf_value=-0.0098516069762473891 0.041297765692515746 0.13660226235306544 -0.017261842265552843 0.11036638524191968 0.05713670746486417 -0.0075358055357997106 -0.042216875355665213 -0.04557459089535499 -0.01240541146307415 0.010658129594833348 -0.015640744206350206 -0.021791800837248881 0.058748437087169841 0.11862573725340526
leaf_weight=58.918619394302368 4.6884572952985755 6.1085555702447918 78.514472730457783 30.180765151977539 4.1578389704227439 213.73294624686241 22.223786562681198 28.842196308076382 50.910021007061005 37.299137592315674 30.905143864452839 36.105042964220047 5.3026017546653774 18.867296770215034
leaf_count=464 35 30 630 153 29 1656 189 244 400 288 253 306 28 95
internal_value=-0.000250564 0.0248298 0.00950541 0.03087 -0.0135201 -0.0121823 -0.00866222 -0.0210642 -0.00787678 -0.00483249 -0.0267575 -0.0323534 0.111766 0.105489
internal_weight=626.757 202.05 171.772 89.0994 82.6723 424.707 304.161 120.546 55.5985 251.032 53.1289 64.9472 30.2785 24.1699
internal_count=4800 1429 1276 617 659 3371 2386 985 435 1944 442 550 153 123
is_linear=0
shrinkage=0.08


Tree=5
num_leaves=15
num_cat=0
split_feature=1 0 0 0 4 4 1 4 1 0 4 0 4 4
split_gain=24.6454 33.2866 11.0286 35.8551 3.22344 1.81664 3.31896 2.83103 2.80853 2.67994 2.25423 2.20169 0.60005 2.03683
threshold=1.0000000180025095e-35 7.5000000000000009 3.5000000000000004 2.5000000000000004 5.5000000000000009 25.500000000000004 1.5000000000000002 37.500000000000007 1.5000000000000002 7.5000000000000009 17.500000000000004 2.5000000000000004 55.500000000000007 42.500000000000007
decision_type=2 2 2 2 2 2 2 2 2 2 2 2 2 2
left_child=1 2 3 -1 -4 6 11 9 -9 -7 -8 -2 13 -3
right_child=5 12 4 -5 -6 7 10 8 -10 -11 -12 -13 -14 -15
leaf_value=-0.0091291780377241154 0.016729608318829196 0.10541761359387762 -0.092312213943921487 0.0965445281615364 -0.0094125270633752534 0.0073025267898812508 -0.019456843871454629 -0.024523641523263473 -0.0056181491185427783 -0.033260172852957084 -0.050950982248501732 -0.017566453842903482 0.12047542436652203 0.053237327947690032
leaf_weight=58.512130260467529 18.591127023100853 19.327081307768829 3.1208410486578932 31.672653257846832 78.75097094476223 91.267745397984982 33.781125470995903 86.778032422065735 119.6038107201457 11.768586635589598 25.54337926954031 33.686915211379528 6.0610128045082083 6.3641524314880362
leaf_count=464 139 93 27 153 632 708 283 699 949 91 230 272 28 32
internal_value=-0.000262043 0.0225738 0.00868503 0.0279831 -0.0125725 -0.0113165 -0.0200665 -0.0081605 -0.0135674 0.00266954 -0.0330173 -0.00537008 0.0978333 0.0924917
internal_weight=624.83 203.809 172.057 90.1848 81.8718 421.021 111.603 309.418 206.382 103.036 59.3245 52.278 31.7522 25.6912
internal_count=4800 1429 1276 617 659 3371 924 2447 1648 799 513 411 153 125
is_linear=0
shrinkage=0.08


Tree=6
num_leaves=15
num_cat=0
split_feature=1 0 0 0 4 4 4 1 4 0 0 2 4 4
split_gain=20.7741 26.7161 9.24257 28.8923 2.98794 1.74891 2.64651 2.16588 1.51209 1.31807 2.14808 1.47672 0.504003 1.80672
threshold=1.0000000180025095e-35 7.5000000000000009 3.5000000000000004 2.5000000000000004 5.5000000000000009 59.500000000000007 26.500000000000004 1.5000000000000002 31.500000000000004 3.5000000000000004 4.5000000000000009 1.0000000180025095e-35 22.500000000000004 31.500000000000004
decision_type=2 2 2 2 2 2 2 2 2 2 2 2 2 2
left_child=1 2 3 -1 -4 6 7 -2 -8 11 -11 -7 -3 -14
right_child=5 12 4 -5 -6 9 8 -9 -10 10 -12 -13 13 -15
leaf_value=-0.0084554468511088658 -0.006939132138637184 0.10617498781188113 -0.091226532220298862 0.085356409021389232 -0.0087199826968886538 -0.076474485385972416 0.0097830804923456048 -0.028737019486682783 -0.006739958093325402 0.034954855579746147 -0.022893621425239378 -0.027758599058220753 0.041810452772548141 0.092650098525533339
leaf_weight=58.136685609817505 55.091852188110352 6.6905108839273444 2.9137816205620757 32.902002051472664 78.227604538202286 5.0647347047925022 42.809836328029633 62.010223850607872 206.09389037638903 5.0066580623388317 22.891719713807106 18.633589625358582 5.7190227508544949 20.54463130235672
leaf_count=464 435 30 27 153 632 44 324 550 1620 42 193 163 28 95
internal_value=-0.000267134 0.0205807 0.00795021 0.0254488 -0.0116828 -0.010508 -0.00856416 -0.018482 -0.0038981 -0.0242968 -0.0125121 -0.03817 0.086573 0.0815795
internal_weight=622.737 205.134 172.18 91.0387 81.1414 417.603 366.006 117.102 248.904 51.5967 27.8984 23.6983 32.9542 26.2637
internal_count=4800 1429 1276 617 659 3371 2929 985 1944 442 235 207 153 123
is_linear=0
shrinkage=0.08


Tree=7
num_leaves=15
num_cat=0
split_feature=1 0 0 0 4 0 0 4 4 4 4 2 4 4
split_gain=17.5388 21.6751 7.76551 23.5104 2.9053 1.5799 1.95843 3.23171 2.47703 1.80623 4.76906 1.39677 0.443023 1.62979
threshold=1.0000000180025095e-35 7.5000000000000009 3.5000000000000004 2.5000000000000004 53.500000000000007 3.5000000000000004 5.5000000000000009 9.5000000000000018 72.500000000000014 59.500000000000007 52.500000000000007 1.0000000180025095e-35 55.500000000000007 42.500000000000007
decision_type=2 2 2 2 2 2 2 2 2 2 2 2 2 2
left_child=1 2 3 -1 -4 9 7 -7 -8 10 -2 -11 13 -3
right_child=5 12 4 -5 -6 6 8 -9 -10 11 -12 -13 -14 -15
leaf_value=-0.0078277014370003173 -0.016656242320869506 0.08395452103860615 -0.018700864703141286 0.076078361004062359 0.018584801299856984 -0.052978141856184678 -0.013527611817666487 0.0077851723425837625 0.041981654170300947 -0.074648352908071924 0.030064121748727794 -0.026090529418704086 0.096046043890549188 0.038727814746351598
leaf_weight=57.790021061897278 148.33822114765644 20.676483377814296 63.519900485873222 33.915323317050934 16.942164123058319 5.9956562742590895 130.98283774405718 85.280711457133293 5.3552879244089118 4.7850678041577366 15.438288152217863 18.255055420100689 6.4873785376548758 6.7688179016113272
leaf_count=464 1192 93 529 153 130 50 1063 693 46 44 120 163 28 32
internal_value=-0.000265762 0.0188062 0.00728854 0.0232032 -0.01085 -0.00975041 -0.00527548 0.00379382 -0.0113472 -0.0152026 -0.0122522 -0.0361752 0.0772445 0.0728003
internal_weight=620.531 206.1 172.167 91.7053 80.4621 414.431 227.614 91.2764 136.338 186.817 163.777 23.0401 33.9327 27.4453
internal_count=4800 1429 1276 617 659 3371 1852 743 1109 1519 1312 207 153 125
is_linear=0
shrinkage=0.08


Tree=8
num_leaves=16
num_cat=0
split_feature=1 0 0 0 4 4 4 1 4 1 4 2 4 4 4
split_gain=14.8284 17.7343 6.53745 19.2776 2.77071 1.48556 2.1769 1.93647 1.36959 1.24704 2.62944 1.5027 0.426437 2.32699 2.19746
threshold=1.0000000180025095e-35 7.5000000000000009 3.5000000000000004 2.5000000000000004 5.5000000000000009 59.500000000000007 26.500000000000004 1.5000000000000002 37.500000000000007 1.5000000000000002 67.500000000000014 1.0000000180025095e-35 35.500000000000007 42.500000000000007 29.500000000000004
decision_type=2 2 2 2 2 2 2 2 2 2 2 2 2 2 2
left_child=1 2 3 -1 -4 6 7 -2 -8 11 -11 -7 14 -14 -3
right_child=5 12 4 -5 -6 9 8 -9 -10 10 -12 -13 13 -15 -16
leaf_value=-0.0072433333710991742 -0.0054255340960454998 0.080164957476977286 -0.090057844829502548 0.068236493100457429 -0.0072941948201472205 -0.075316312865172583 0.0044804636924049672 -0.026264704244245908 -0.0077546391743220514 -0.033128938444968316 0.014790415626647718 -0.024852625113660997 0.12355016449294785 0.060206312803524939 0.016867273034167917
leaf_weight=57.470024347305298 54.324684448540211 10.924141868948938 2.6786465048789969 34.750155240297318 77.148509681224823 4.9809304103255299 95.445523366332054 60.122599370777607 151.48908873647451 16.174518279731277 13.400195173919199 15.618493400514124 5.1170335412025478 13.514120101928709 5.1720318496227256
leaf_count=464 435 48 27 153 632 46 738 550 1206 139 114 143 22 60 23
internal_value=-0.000262157 0.0172159 0.00668993 0.0211988 -0.0100714 -0.00904349 -0.00725257 -0.016373 -0.00302551 -0.0219427 -0.0114169 -0.0370547 0.0693637 0.0776037 0.0598261
internal_weight=618.331 206.775 172.047 92.2202 79.8272 411.556 361.382 114.447 246.935 50.1741 29.5747 20.5994 34.7273 18.6312 16.0962
internal_count=4800 1429 1276 617 659 3371 2929 985 1944 442 253 189 153 82 71
is_linear=0
shrinkage=0.08


Tree=9
num_leaves=15
num_cat=0
split_feature=1 0 0 0 4 0 0 4 4 4 4 2 4 4
split_gain=12.5463 14.5998 5.51242 15.9027 2.614 1.38684 1.69443 2.79389 2.10936 1.51171 4.06181 1.30249 0.408251 1.21031
threshold=1.0000000180025095e-35 7.5000000000000009 3.5000000000000004 2.5000000000000004 70.500000000000014 3.5000000000000004 5.5000000000000009 9.5000000000000018 72.500000000000014 59.500000000000007 52.500000000000007 1.0000000180025095e-35 55.500000000000007 42.500000000000007
decision_type=2 2 2 2 2 2 2 2 2 2 2 2 2 2
left_child=1 2 3 -1 -4 9 7 -7 -8 10 -2 -11 13 -3
right_child=5 12 4 -5 -6 6 8 -9 -10 11 -12 -13 -14 -15
leaf_value=-0.0066997779685538921 -0.01502016602367587 0.067784338468979632 -0.012822152486350135 0.061506893109641747 0.051351563297975134 -0.049991692428323797 -0.011948543924456918 0.0078857911570421185 0.038780102560670028 -0.072088542118048674 0.02783132670639827 -0.023475998111583411 0.080312439220171838 0.029557782191255894
leaf_weight=57.174718022346497 145.81971523910761 21.627465888857845 74.947880357503891 35.437127977609634 4.2951006144285193 5.694714590907096 128.88954343646765 85.191852949559689 5.4685189872980109 4.4065405651927021 15.679104328155516 17.681409135460854 6.7288935780525199 7.0219531059265128
leaf_count=464 1192 93 630 153 29 50 1063 693 46 44 120 163 28 32
internal_value=-0.000255435 0.0157798 0.00614552 0.0193989 -0.00934383 -0.00838358 -0.00417704 0.00425934 -0.00988383 -0.0135446 -0.0108599 -0.0331742 0.0625799 0.058415
internal_weight=616.065 207.233 171.855 92.6118 79.243 408.831 225.245 90.8866 134.358 183.587 161.499 22.0879 35.3783 28.6494
internal_count=4800 1429 1276 617 659 3371 1852 743 1109 1519 1312 207 153 125
is_linear=0
shrinkage=0.08


Tree=10
num_leaves=16
num_cat=0
split_feature=1 0 0 0 2 4 4 4 2 1 4 2 4 4 4
split_gain=10.6262 12.0912 4.65361 13.1821 2.34597 1.2602 1.80825 1.53179 1.19706 1.14252 2.27673 1.42045 0.383202 1.76166 1.75979
threshold=1.0000000180025095e-35 7.5000000000000009 3.5000000000000004 2.5000000000000004 1.0000000180025095e-35 59.500000000000007 52.500000000000007 51.500000000000007 1.0000000180025095e-35 1.5000000000000002 63.500000000000007 1.0000000180025095e-35 35.500000000000007 42.500000000000007 29.500000000000004
decision_type=2 2 2 2 2 2 2 2 2 2 2 2 2 2 2
left_child=1 2 3 -1 -4 6 7 -2 -8 11 -11 -7 14 -14 -3
right_child=5 12 4 -5 -6 9 8 -9 -10 10 -12 -13 13 -15 -16
leaf_value=-0.0061945896577274553 -0.0073308626364189692 0.065603658236888865 0.015713045217067022 0.055660197652312303 -0.016491500121552514 -0.073287260945473165 -0.018356734391166429 -0.049854497069016492 0.017644598373695603 -0.048205409948575854 0.0033302625928285905 -0.022770396026705102 0.10347463247342731 0.049409064527480465 0.0097656826153408628
leaf_weight=56.902269840240479 314.59002257883549 11.339080318808557 19.124512508511543 36.001429617404938 59.566972278058529 4.6505126059055355 7.3636394888162604 5.5165568292140952 29.963499695062637 7.3423922136425999 21.702124901115894 15.224002614617346 5.3356774449348476 13.918985426425932 5.3010029047727576
leaf_count=464 2596 48 160 153 499 46 57 45 231 66 187 143 22 60 23
internal_value=-0.000247406 0.0144826 0.00565002 0.017775 -0.00866478 -0.00776879 -0.00612063 -0.00806369 0.0105425 -0.0198113 -0.00969785 -0.034591 0.056707 0.0643912 0.0478154
internal_weight=613.843 207.49 171.595 92.9037 78.6915 406.353 357.434 320.107 37.3271 48.919 29.0445 19.8745 35.8947 19.2547 16.6401
internal_count=4800 1429 1276 617 659 3371 2929 2641 288 442 253 189 153 82 71
is_linear=0
shrinkage=0.08


Tree=11
num_leaves=14
num_cat=0
split_feature=1 0 0 0 4 4 4 4 0 4 4 4 4
split_gain=9.00267 10.0568 3.93236 10.9695 2.31204 1.24142 2.2482 1.41995 7.73787 1.23297 0.756683 0.373357 0.937629
threshold=1.0000000180025095e-35 7.5000000000000009 3.5000000000000004 2.5000000000000004 53.500000000000007 76.500000000000014 85.500000000000014 72.500000000000014 5.5000000000000009 59.500000000000007 80.500000000000014 55.500000000000007 42.500000000000007
decision_type=2 2 2 2 2 2 2 2 2 2 2 2 2
left_child=1 2 3 -1 -4 7 10 9 -9 -2 -7 12 -3
right_child=5 11 4 -5 -6 6 -8 8 -10 -11 -12 -13 -14
leaf_value=-0.0057254014816057811 -0.0056591726329160335 0.055759483063084203 -0.015276554763996111 0.050529250937897133 0.018078209820946663 -0.038423377609467388 0.027456115282481368 -0.060411289271452742 0.13889373637090585 -0.021743124111168081 -0.092078559420810183 0.068333641479847163 0.022555899689902043
leaf_weight=56.650968551635742 355.86530587822199 22.223457008600239 61.210916697978973 36.463864043354988 16.99246022850275 4.4772571101784688 2.6663135811686516 2.5799249336123458 2.4125215485692024 33.363003507256508 2.6945602744817734 6.874808967113494 7.2085766792297354
leaf_count=464 2929 93 529 153 130 40 23 24 20 311 24 28 32
internal_value=-0.000237441 0.0133018 0.00519643 0.016304 -0.00802905 -0.00719456 -0.0352644 -0.00649406 0.0358997 -0.00703782 -0.0585824 0.051548 0.0476272
internal_weight=611.684 207.625 171.318 93.1148 78.2034 404.059 9.83813 394.221 4.99245 389.228 7.17182 36.3068 29.432
internal_count=4800 1429 1276 617 659 3371 87 3284 44 3240 64 153 125
is_linear=0
shrinkage=0.08


Tree=12
num_leaves=15
num_cat=0
split_feature=1 0 3 0 0 0 4 4 4 1 4 4 2 4
split_gain=7.63281 8.39523 3.45404 2.55508 1.16766 1.51595 2.48522 1.97237 1.36272 2.31394 2.01531 0.796318 0.360163 0.794326
threshold=1.0000000180025095e-35 7.5000000000000009 1.0000000180025095e-35 6.5000000000000009 3.5000000000000004 5.5000000000000009 9.5000000000000018 31.500000000000004 1.5000000000000002 1.5000000000000002 15.500000000000002 29.500000000000004 1.0000000180025095e-35 45.500000000000007
decision_type=2 2 2 2 2 2 2 2 2 2 2 2 2 2
left_child=1 2 3 -1 8 6 -6 -7 9 -2 -10 -4 -3 -14
right_child=4 12 11 -5 5 7 -8 -9 10 -11 -12 -13 13 -15
leaf_value=0.0058611534371249266 0.07951948223719732 0.032978646734786544 0.080674868439946493 -0.025393344194050749 -0.047230558002095142 0.0043926456287717366 0.0085795598611608809 -0.015799817483620845 -0.03827048755351619 -0.027029844233311541 -0.0097769955621522658 0.030932362665835697 0.042791514777272659 0.072583000581595933
leaf_weight=143.80570421367884 2.7392661869525901 8.8988108783960325 4.0387060269713384 18.945570334792137 5.4340884611010543 49.482835598289967 84.692308284342289 82.701983116567135 17.678435169160366 2.4904069975018501 156.73719618469477 4.2035320997238159 19.649838119745258 8.0845001339912397
leaf_count=1069 20 37 24 160 50 425 693 684 152 23 1324 23 82 34
internal_value=-0.000228159 0.0122274 0.0047816 0.00222288 -0.00666196 -0.00278595 0.00521454 -0.00824085 -0.0114585 0.0287799 -0.012665 0.0553062 0.0469824 0.0514757
internal_weight=609.583 207.627 170.994 162.751 401.957 222.311 90.1264 132.185 179.645 5.22967 174.416 8.24224 36.6331 27.7343
internal_count=4800 1429 1276 1229 3371 1852 743 1109 1519 43 1476 47 153 116
is_linear=0
shrinkage=0.08


Tree=13
num_leaves=15
num_cat=0
split_feature=1 0 0 0 4 4 4 4 0 4 4 4 4 0
split_gain=6.45904 7.02803 3.08007 8.98392 2.29194 1.15725 2.10059 2.88625 2.22648 1.89243 3.11634 0.357905 0.998274 0.329685
threshold=1.0000000180025095e-35 7.5000000000000009 3.5000000000000004 2.5000000000000004 13.500000000000002 26.500000000000004 37.500000000000007 40.500000000000007 1.5000000000000002 1.5000000000000002 5.5000000000000009 15.500000000000002 31.500000000000004 2.5000000000000004
decision_type=2 2 2 2 2 2 2 2 2 2 2 2 2 2
left_child=1 2 3 -1 -4 9 8 -8 -7 13 -11 -3 -13 -2
right_child=5 11 4 -5 -6 6 7 -9 -10 10 -12 12 -14 -15
leaf_value=-0.0058402014288921359 0.034967318781916203 0.062242963965110455 -0.053370364514196897 0.044863747873117123 -0.0032846659832740698 -0.016212091228997794 -0.033369401024614817 -0.0044734238259950465 0.013049865484349332 -0.063329043886913641 -0.01238835203236688 0.016633401766204928 0.048416223126423158 0.0070593763347744721
leaf_weight=56.711623601615429 4.3169672191143018 5.2343653589487067 6.3694564476609221 36.927173912525177 71.326661244034767 21.610487088561058 25.430629372596741 170.07565896213055 72.374101862311363 8.3989475369453412 90.533129133284092 8.7289529889822024 22.963559582829475 7.2735849097371101
leaf_count=464 34 21 61 153 598 171 210 1438 567 75 811 37 95 65
internal_value=-0.000217656 0.0112074 0.00438474 0.0141553 -0.00739065 -0.00616594 -0.00350721 -0.00823209 0.00632147 -0.0131299 -0.016713 0.0428632 0.0396624 0.0174538
internal_weight=608.275 208.262 171.335 93.6388 77.6961 400.014 289.491 195.506 93.9846 110.523 98.9321 36.9269 31.6925 11.5906
internal_count=4800 1429 1276 617 659 3371 2386 1648 738 985 886 153 132 99
is_linear=0
shrinkage=0.08


Tree=14
num_leaves=14
num_cat=0
split_feature=1 0 0 4 3 4 4 4 1 4 4 4 4
split_gain=5.47892 5.89651 2.81602 3.21566 3.02356 1.10893 2.02566 1.22249 1.71222 1.43397 0.750151 0.30625 0.834061
threshold=1.0000000180025095e-35 7.5000000000000009 6.5000000000000009 64.500000000000014 1.0000000180025095e-35 76.500000000000014 85.500000000000014 26.500000000000004 1.5000000000000002 37.500000000000007 80.500000000000014 15.500000000000002 31.500000000000004
decision_type=2 2 2 2 2 2 2 2 2 2 2 2 2
left_child=1 2 4 -4 -1 7 10 8 -2 -9 -7 -3 -13
right_child=5 11 3 -5 -6 6 -8 9 -10 -11 -12 12 -14
leaf_value=0.0050055544106285864 -0.0017941146798303715 0.057117861997937648 -0.038188003328781479 0.057508457085063372 0.055586512046871567 -0.035766391865933896 0.025986842802601308 0.0057847743555525452 -0.021822702375926453 -0.0063339864368927188 -0.090901420841871264 0.01524216818206308 0.044226328603559517
leaf_weight=144.02518577873707 52.516426794230938 5.2470860481262198 16.352870911359791 2.6053247451782218 7.9827578812837592 4.3110910952091199 2.6949778944253922 94.400699645280838 56.931462727487087 184.85322470963001 2.4924053326249123 8.762176841497423 23.120875746011734
leaf_count=1069 435 21 145 19 43 40 23 738 550 1561 24 37 95
internal_value=-0.000208312 0.0103116 0.00403591 -0.0250369 0.00766183 -0.00570595 -0.0327128 -0.005046 -0.0122124 -0.00223729 -0.0559647 0.0392083 0.0362608
internal_weight=606.297 208.096 170.966 18.9582 152.008 398.2 9.49847 388.702 109.448 279.254 6.8035 37.1301 31.8831
internal_count=4800 1429 1276 164 1112 3371 87 3284 985 2299 64 153 132
is_linear=0
shrinkage=0.08


Tree=15
num_leaves=14
num_cat=0
split_feature=1 0 0 4 3 4 4 4 0 4 4 2 4
split_gain=4.63786 4.96469 2.41719 2.73742 2.50061 0.976349 1.80347 1.19794 6.20065 1.07568 0.735846 0.302205 0.575607
threshold=1.0000000180025095e-35 7.5000000000000009 6.5000000000000009 64.500000000000014 1.0000000180025095e-35 76.500000000000014 85.500000000000014 72.500000000000014 5.5000000000000009 59.500000000000007 80.500000000000014 1.0000000180025095e-35 45.500000000000007
decision_type=2 2 2 2 2 2 2 2 2 2 2 2 2
left_child=1 2 4 -4 -1 7 10 9 -9 -2 -7 -3 -13
right_child=5 11 3 -5 -6 6 -8 8 -10 -11 -12 12 -14
leaf_value=0.00459075986441616 -0.003883536881149785 0.023177812385584102 -0.036188997448871538 0.050854418951136272 0.050201949748111832 -0.033844027742797912 0.023443932515967811 -0.057756282817583549 0.11971626595398674 -0.019130550865405185 -0.089957777821821447 0.032628589689270904 0.057705736718906664
leaf_weight=144.45662612468004 349.82765765488148 9.032410800456999 15.895055659115316 2.7059779465198508 8.1254897415637952 4.1963507458567602 2.7460519075393677 2.4353281930088988 2.6105792000889778 32.352305836975574 2.3239283114671707 19.960542723536495 8.291347920894621
leaf_count=1069 2929 37 145 19 43 40 23 24 20 311 24 82 34
internal_value=-0.000197949 0.0094622 0.00370052 -0.0235264 0.0070197 -0.00527706 -0.0309398 -0.00466294 0.0340619 -0.00517423 -0.0538438 0.0359158 0.0399882
internal_weight=604.96 208.467 171.183 18.601 152.582 396.492 9.26633 387.226 5.04591 382.18 6.52028 37.2843 28.2519
internal_count=4800 1429 1276 164 1112 3371 87 3284 44 3240 64 153 116
is_linear=0
shrinkage=0.08


Tree=16
num_leaves=14
num_cat=0
split_feature=1 0 0 0 2 4 4 4 4 4 4 0 1
split_gain=3.92732 4.18107 2.20604 7.21052 2.08345 0.923797 3.88868 1.49039 0.433733 0.300785 1.0112 0.260785 1.17687
threshold=1.0000000180025095e-35 7.5000000000000009 3.5000000000000004 2.5000000000000004 1.0000000180025095e-35 1.5000000000000002 7.5000000000000009 10.500000000000002 2.5000000000000004 22.500000000000004 31.500000000000004 2.5000000000000004 1.5000000000000002
decision_type=2 2 2 2 2 2 2 2 2 2 2 2 2
left_child=1 2 3 -1 -4 11 8 -8 -7 -3 -11 -2 -13
right_child=5 9 4 -5 -6 6 7 -9 -10 10 -12 12 -14
leaf_value=-0.006310183860548906 0.032771539553165793 0.047287728347660547 0.016339166462393841 0.038924426682836751 -0.014172979676031346 -0.018748406181465803 0.034289570974499792 -0.0047830205972964456 -0.058015303361777515 0.0017887281116747661 0.037170539442518691 -0.033885121538854 0.032943163490233671
leaf_weight=56.959861032664776 4.3786317110061628 7.4553782343864432 19.012814685702324 37.336073741316795 58.057539358735085 2.2141881212592116 6.3567006587982169 365.14649796485901 9.6316392645239812 6.640982702374461 23.333083033561707 2.6895221993327141 4.5222960337996483
leaf_count=464 34 30 160 153 499 21 58 3103 90 28 95 22 43
internal_value=-0.000188987 0.00868501 0.00339427 0.0116003 -0.00664581 -0.00488047 -0.00555324 -0.00411446 -0.0506756 0.0329081 0.0293314 0.0173711 0.00802072
internal_weight=603.735 208.796 171.366 94.2959 77.0704 394.939 383.349 371.503 11.8458 37.4294 29.9741 11.5904 7.21182
internal_count=4800 1429 1276 617 659 3371 3272 3161 111 153 123 99 65
is_linear=0
shrinkage=0.08


Tree=17
num_leaves=15
num_cat=0
split_feature=1 0 4 0 0 1 4 3 3 4 4 4 4 4
split_gain=3.33182 3.52548 2.16095 1.99969 0.92271 1.48566 4.53782 2.51318 1.34258 3.5632 1.44917 0.290599 1.46176 1.29105
threshold=1.0000000180025095e-35 7.5000000000000009 1.0000000180025095e-35 6.5000000000000009 3.5000000000000004 1.5000000000000002 37.500000000000007 1.0000000180025095e-35 1.0000000180025095e-35 28.500000000000004 71.500000000000014 42.500000000000007 35.500000000000007 52.500000000000007
decision_type=2 2 2 2 2 2 2 2 2 2 2 2 2 2
left_child=1 2 -1 -4 8 6 -6 -7 10 -10 -2 12 -3 -13
right_child=4 11 3 -5 5 7 -8 -9 9 -11 -12 13 -14 -15
leaf_value=-0.058209429587990441 -0.0090457581104811426 0.024450837409116858 0.0074743373369740174 -0.020794695215406552 0.0073942315502899493 0.0064215519834743022 -0.028087973676574306 -0.066857206493058249 -0.060329442438113258 0.051675976009110079 -0.049279582582518654 -0.008114926435970846 0.071789910947924487 0.040478752832345179
leaf_weight=3.5989218279719344 159.79731024056673 17.326118752360347 149.41037100553513 17.937380500137806 50.835187971591949 122.52411749213934 42.231452964246273 3.0704089328646651 2.5032793059945089 6.6381372138857841 5.9425769597291938 5.7553474009037009 5.4997339546680442 8.9259677827358228
leaf_count=31 1378 71 1084 161 418 1043 365 26 22 56 63 24 22 36
internal_value=-0.000179065 0.00799852 0.00312524 0.00444429 -0.00451061 -0.00104633 -0.00870676 0.00463011 -0.00884214 0.0210045 -0.0104883 0.0302095 0.0358569 0.0214291
internal_weight=601.996 208.454 170.947 167.348 393.542 218.661 93.0666 125.595 174.881 9.14142 165.74 37.5072 22.8259 14.6813
internal_count=4800 1429 1276 1245 3371 1852 783 1069 1519 78 1441 153 93 60
is_linear=0
shrinkage=0.08


Tree=18
num_leaves=16
num_cat=0
split_feature=1 0 4 4 0 4 1 0 4 4 0 4 4 4 4
split_gain=2.82352 2.98316 1.92232 2.61821 1.46383 0.950146 1.56517 1.8285 1.60994 1.31386 2.64429 1.89709 0.282354 1.25528 0.101198
threshold=1.0000000180025095e-35 7.5000000000000009 4.5000000000000009 10.500000000000002 2.5000000000000004 26.500000000000004 1.5000000000000002 1.5000000000000002 17.500000000000004 31.500000000000004 7.5000000000000009 33.500000000000007 29.500000000000004 35.500000000000007 20.500000000000004
decision_type=2 2 2 2 2 2 2 2 2 2 2 2 2 2 2
left_child=1 2 4 -4 -1 6 7 -2 -8 10 -7 -11 14 -14 -3
right_child=5 12 3 -5 -6 9 8 -9 -10 11 -12 -13 13 -15 -16
leaf_value=-0.092929754661798453 0.026957410423339642 0.031851167125458137 0.057804168543522272 0.002514082692426407 -0.0089588410259686842 0.019217862263973897 -0.0071554961498987071 -0.0087699077093900523 -0.034434760384152517 -0.030304628168500502 -0.038989477521010688 -0.0021162131515977383 -0.01052702984547743 0.032361497228011959 0.046922075878474349
leaf_weight=2.2697779834270468 11.890266396105288 6.9649880081415159 5.6757817789912215 160.03567603230476 3.2044051587581635 36.52078715711832 29.630971916019917 40.043426908552647 25.991272710263729 16.388209290802479 5.7863742485642424 225.98747997358441 5.574789464473727 20.168521091341972 4.8281824886798859
leaf_count=19 94 28 40 1188 29 279 283 341 267 131 45 1931 23 82 20
internal_value=-0.000171606 0.00734555 0.002867 0.00440782 -0.043776 -0.00417171 -0.0105775 -0.000590106 -0.0199026 -0.00175154 0.0112568 -0.00402217 0.02777 0.0230739 0.0380213
internal_weight=600.961 208.722 171.186 165.711 5.47418 392.239 107.556 51.9337 55.6222 284.683 42.3072 242.376 37.5365 25.7433 11.7932
internal_count=4800 1429 1276 1228 48 3371 985 435 550 2386 324 2062 153 105 48
is_linear=0
shrinkage=0.08


Tree=19
num_leaves=16
num_cat=0
split_feature=1 0 0 0 4 0 0 4 4 3 4 4 4 4 4
split_gain=2.39108 2.52201 1.78544 5.91899 2.07974 0.858299 1.37349 2.14322 1.77355 1.13159 3.00858 1.30385 0.268303 1.20803 1.09273
threshold=1.0000000180025095e-35 7.5000000000000009 3.5000000000000004 2.5000000000000004 11.500000000000002 3.5000000000000004 5.5000000000000009 18.500000000000004 31.500000000000004 1.0000000180025095e-35 28.500000000000004 69.500000000000014 42.500000000000007 35.500000000000007 52.500000000000007
decision_type=2 2 2 2 2 2 2 2 2 2 2 2 2 2 2
left_child=1 2 3 -1 -4 9 7 -7 -8 11 -11 -2 13 -3 -14
right_child=5 12 4 -5 -6 6 8 -9 -10 10 -12 -13 14 -15 -16
leaf_value=-0.0062761622946021249 -0.0080876730678784113 0.020609721778109821 -0.057185531597534006 0.0346237042501846 -0.0030144427406214929 -0.021823819968986462 0.0062814488776564235 0.012504644180456277 -0.013075628968820828 -0.058147629475048479 0.046026495251284473 -0.043438158879749875 -0.010011747487492983 0.06367907888312431 0.03462385280750873
leaf_weight=56.935817860066891 157.21034763753414 17.392590880393985 4.8405316621065131 37.600936561822891 72.046632647514343 13.785230867564676 48.627865232527256 74.781221985816956 80.34373827278614 2.3913811296224576 6.8756747618317604 6.9737447574734679 5.7826841473579398 5.4814924001693717 8.9322505295276624
leaf_count=464 1365 71 50 153 609 127 425 616 684 22 56 76 24 22 36
internal_value=-0.00016394 0.00674333 0.00262832 0.0099913 -0.00642485 -0.00385639 -0.000509452 0.00716147 -0.00577717 -0.00805404 0.0191442 -0.00958919 0.0255098 0.0309308 0.0170829
internal_weight=600.002 209.013 171.424 94.5368 76.8872 390.989 217.538 88.5665 128.972 173.451 9.26706 164.184 37.589 22.8741 14.7149
internal_count=4800 1429 1276 617 659 3371 1852 743 1109 1519 78 1441 153 93 60
is_linear=0
shrinkage=0.08


Tree=20
num_leaves=14
num_cat=0
split_feature=1 0 4 0 4 1 4 0 4 4 0 4 4
split_gain=2.02995 2.13453 1.64648 1.60934 0.816779 2.09043 2.45241 1.98647 1.10987 2.73414 2.19443 0.276797 0.790984
threshold=1.0000000180025095e-35 7.5000000000000009 1.0000000180025095e-35 6.5000000000000009 25.500000000000004 1.5000000000000002 17.500000000000004 2.5000000000000004 37.500000000000007 40.500000000000007 7.5000000000000009 22.500000000000004 31.500000000000004
decision_type=2 2 2 2 2 2 2 2 2 2 2 2 2
left_child=1 2 -1 -4 5 7 -7 -2 10 -10 -6 -3 -13
right_child=4 11 3 -5 8 6 -8 -9 9 -11 -12 12 -14
leaf_value=-0.053540228200095234 0.023450168187938176 0.03728366114880019 0.0062092764946651471 -0.019335304648303648 0.0095272115257197462 -0.0060365901097059775 -0.041522054700293597 -0.010123973844619881 -0.030035762189247556 -0.0013292769024772343 -0.028229758565336466 -0.0040895215450547718 0.027021650238101057
leaf_weight=3.2999907135963431 17.671344570815563 7.4521480649709693 150.01632384955883 17.640627093613148 89.556433245539665 29.293732330203056 21.696006663143635 31.17659555375576 24.37027807533741 165.02460978552699 11.069301374256609 6.7368351966142681 23.385769724845886
leaf_count=31 139 30 1084 161 708 283 230 272 210 1438 91 28 95
internal_value=-0.000156415 0.00621459 0.00242005 0.00352151 -0.00356421 -0.00980524 -0.0211356 0.00202189 -0.00141577 -0.00502307 0.00537377 0.0234789 0.0200637
internal_weight=598.39 208.532 170.957 167.657 389.858 99.8377 50.9897 48.8479 290.021 189.395 100.626 37.5748 30.1226
internal_count=4800 1429 1276 1245 3371 924 513 411 2447 1648 799 153 123
is_linear=0
shrinkage=0.08


Tree=21
num_leaves=13
num_cat=0
split_feature=0 4 1 4 0 4 4 2 1 1 4 4
split_gain=1.85055 3.28644 1.99455 3.75476 3.55877 1.97118 1.75183 2.53984 2.46632 1.52918 2.47948 2.05684
threshold=2.5000000000000004 78.500000000000014 1.0000000180025095e-35 22.500000000000004 3.5000000000000004 24.500000000000004 49.500000000000007 1.0000000180025095e-35 1.5000000000000002 1.5000000000000002 41.500000000000007 72.500000000000014
decision_type=2 2 2 2 2 2 2 2 2 2 2 2
left_child=1 6 3 4 -2 -5 8 -8 -1 10 -4 -11
right_child=2 -3 9 5 -6 -7 7 -9 -10 11 -12 -13
leaf_value=-0.001404984467508155 0.085947832658629125 -0.090582134383394075 0.001022166760163173 -0.048049004173487952 0.020400749716762406 0.0059512519945307124 -0.027231112238191097 0.018785235150561238 -0.023019525193141686 0.0019207385864865258 -0.023788163580693588 0.049168227000849822
leaf_weight=88.642104215919971 6.9189408868551281 2.9400523118674746 66.303573928773403 4.4913018494844428 22.672636426985264 117.73997929692268 9.8729970157146436 34.504809983074665 54.594960138201714 140.44123555719852 42.179369777441025 6.1553365439176551
leaf_count=723 28 30 554 28 173 736 90 302 495 1214 376 51
internal_value=-0.000149589 -0.00665571 0.00289727 0.0101573 0.0357266 0.00396705 -0.00534053 0.0085477 -0.00964339 -0.00142386 -0.00862436 0.00390458
internal_weight=597.457 190.555 406.902 151.823 29.5916 122.231 187.615 44.3778 143.237 255.08 108.483 146.597
internal_count=4800 1640 3160 965 201 764 1610 392 1218 2195 930 1265
is_linear=0
shrinkage=0.08


Tree=22
num_leaves=14
num_cat=0
split_feature=0 4 4 0 1 1 0 4 0 4 0 4 4
split_gain=1.57416 3.10874 2.1008 2.36259 2.14442 1.68229 3.27238 3.96032 2.9906 1.55462 3.09064 1.77345 0.56075
threshold=2.5000000000000004 72.500000000000014 49.500000000000007 1.0000000180025095e-35 1.5000000000000002 1.0000000180025095e-35 3.5000000000000004 35.500000000000007 7.5000000000000009 24.500000000000004 3.5000000000000004 37.500000000000007 78.500000000000014
decision_type=2 2 2 2 2 2 2 2 2 2 2 2 2
left_child=1 2 4 -4 -1 6 7 -2 -8 10 -7 -11 -3
right_child=5 12 3 -5 -6 9 8 -9 -10 11 -12 -13 -14
leaf_value=-0.0012939354697825772 0.057480604738282877 -0.040380560332584123 0.038203086980003124 -0.0021478146429596786 -0.021559978956750058 -0.055444434005006989 -0.0064689679875322174 0.0055899714080472427 0.02107247866238237 0.012088969341547486 -0.0048866385550733384 -0.0037120319385196849 -0.089675829791650272
leaf_weight=88.553422719240189 17.586715087294579 3.2031516879796973 14.046449750661848 27.405990526080132 53.667293511331081 9.1250740662217122 76.891672253608704 20.253646731376648 37.557667791843414 72.301152430474758 50.92355564981699 122.45390442758799 2.7403187714517117
leaf_count=723 71 33 121 238 495 90 659 82 153 573 475 1057 30
internal_value=-0.00014434 -0.00616496 -0.00432232 0.0115254 -0.00894137 0.00265995 0.00931209 0.0297067 0.00256903 -0.00131586 -0.0125695 0.00215395 -0.0631088
internal_weight=596.71 189.617 183.673 41.4524 142.221 407.093 152.29 37.8404 114.449 254.804 60.0486 194.755 5.94347
internal_count=4800 1640 1577 359 1218 3160 965 153 812 2195 565 1630 63
is_linear=0
shrinkage=0.08


Tree=23
num_leaves=14
num_cat=0
split_feature=0 4 4 0 1 1 4 4 4 4 0 0 4
split_gain=1.33988 2.80102 1.77886 1.92778 1.86152 1.42721 3.01566 3.62476 1.74869 1.33019 2.77809 1.61359 0.557434
threshold=2.5000000000000004 72.500000000000014 49.500000000000007 1.0000000180025095e-35 1.5000000000000002 1.0000000180025095e-35 22.500000000000004 11.500000000000002 24.500000000000004 24.500000000000004 3.5000000000000004 5.5000000000000009 78.500000000000014
decision_type=2 2 2 2 2 2 2 2 2 2 2 2 2
left_child=1 2 4 -4 -1 6 7 -2 -8 10 -7 -11 -3
right_child=5 12 3 -5 -6 9 8 -9 -10 11 -12 -13 -14
leaf_value=-0.0011915667133920529 -0.0018336015951113782 -0.038385002795409406 0.034150977802489491 -0.0019792169447903174 -0.020172319772872906 -0.05334216162096251 -0.046477161172913777 0.054825500340231183 0.0048664260700375236 0.0093994173697452763 -0.0045130141744369155 -0.0051566132358896481 -0.088854422567544097
leaf_weight=88.471791878342628 12.320238150656225 3.1042781993746749 14.438551425933836 27.363159835338593 52.807183742523193 8.7419322952628118 4.4040983170270911 17.477970458567142 117.83398477733135 95.58375758677721 50.736389487981796 99.453423380851746 2.5520631894469261
leaf_count=723 81 33 121 238 495 90 28 120 736 784 475 846 30
internal_value=-0.000139362 -0.0057098 -0.00399676 0.0105004 -0.00828618 0.00244665 0.00857945 0.0313995 0.00301658 -0.00121682 -0.0116898 0.001977 -0.0611561
internal_weight=595.289 188.737 183.081 41.8017 141.279 406.552 152.036 29.7982 122.238 254.516 59.4783 195.037 5.65634
internal_count=4800 1640 1577 359 1218 3160 965 201 764 2195 565 1630 63
is_linear=0
shrinkage=0.08


Tree=24
num_leaves=13
num_cat=0
split_feature=0 4 1 0 4 0 1 4 4 4 4 4
split_gain=1.13881 2.5781 1.20197 2.81406 3.29182 2.57404 1.27186 2.20288 1.67278 1.08824 4.58037 2.29025
threshold=2.5000000000000004 78.500000000000014 1.0000000180025095e-35 3.5000000000000004 35.500000000000007 7.5000000000000009 1.5000000000000002 41.500000000000007 72.500000000000014 26.500000000000004 27.500000000000004 23.500000000000004
decision_type=2 2 2 2 2 2 2 2 2 2 2 2
left_child=1 9 3 4 -2 -5 7 -4 -8 11 -11 -1
right_child=2 -3 6 5 -6 -7 8 -9 -10 10 -12 -13
leaf_value=-0.0061269352950795528 0.051989057142830461 -0.088108785790502048 0.0013277251953479588 -0.0067587577434326911 0.0047477818363647487 0.018780741034301184 0.0018986579780288213 -0.022207152890854162 0.04383103128641376 0.090150388977915163 -0.0028223714101572117 -0.049613207227105501
leaf_weight=42.676207795739174 17.663985058665276 2.3749745637178412 66.086200058460236 77.101490721106529 20.27590249478817 37.560077250003815 140.40487976372242 41.398077771067619 6.3646544367074958 3.4822255820035926 129.90707415342331 9.4712286591529828
leaf_count=383 71 30 554 659 82 153 1214 376 51 28 1111 88
internal_value=-0.000135337 -0.00528626 0.00224369 0.00785638 0.0267423 0.0016073 -0.00112501 -0.00773684 0.00371705 -0.00422609 -0.000395249 -0.0140251
internal_weight=594.767 187.912 406.855 152.601 37.9399 114.662 254.254 107.484 146.77 185.537 133.389 52.1474
internal_count=4800 1640 3160 965 153 812 2195 930 1265 1610 1139 471
is_linear=0
shrinkage=0.08


Tree=25
num_leaves=14
num_cat=0
split_feature=0 4 4 4 2 1 4 4 4 4 0 4 4
split_gain=0.969433 2.35961 1.48706 1.80712 1.787 1.02025 2.40531 3.08271 1.6466 1.1873 2.48891 1.39638 0.520157
threshold=2.5000000000000004 72.500000000000014 49.500000000000007 45.500000000000007 1.0000000180025095e-35 1.0000000180025095e-35 22.500000000000004 13.500000000000002 25.500000000000004 24.500000000000004 3.5000000000000004 37.500000000000007 78.500000000000014
decision_type=2 2 2 2 2 2 2 2 2 2 2 2 2
left_child=1 2 3 -1 -4 6 7 -2 -8 10 -7 -11 -3
right_child=5 12 4 -5 -6 9 8 -9 -10 11 -12 -13 -14
leaf_value=-0.0044538338509750187 0.0014351983118410928 -0.036295318858486948 -0.021578020693074799 -0.036000886574508222 0.018487421605186977 -0.051325979446207051 -0.032847927431576329 0.052619631643554723 0.0047062234863278676 0.010712247761349712 -0.004291668466018559 -0.0032725280443846368 -0.087430952928750708
leaf_weight=127.13182481378317 14.796957269310953 3.0055537298321715 9.0909039676189405 12.790290206670759 32.941020399332047 8.3943746760487539 7.9956624507904044 15.335596561431883 114.15391884744167 73.090865150094032 50.626297205686569 121.91442460566759 2.2086816690862179
leaf_count=1107 97 33 83 111 276 90 50 104 714 573 475 1057 30
internal_value=-0.000130399 -0.00489426 -0.00337368 -0.00733755 0.00982184 0.0020641 0.00724171 0.0274849 0.00224801 -0.00103974 -0.0109813 0.00196917 -0.0579557
internal_weight=593.476 187.168 181.954 139.922 42.0319 406.308 152.282 30.1326 122.15 254.026 59.0207 195.005 5.21424
internal_count=4800 1640 1577 1218 359 3160 965 201 764 2195 565 1630 63
is_linear=0
shrinkage=0.08


Tree=26
num_leaves=14
num_cat=0
split_feature=0 2 1 4 4 4 4 4 2 1 4 4 4
split_gain=0.849161 3.79016 2.30058 1.7465 1.29186 3.87005 2.3239 2.19658 2.31307 2.18056 1.08915 3.24383 2.47821
threshold=7.5000000000000009 1.0000000180025095e-35 1.0000000180025095e-35 33.500000000000007 7.5000000000000009 10.500000000000002 11.500000000000002 6.5000000000000009 1.0000000180025095e-35 1.5000000000000002 61.500000000000007 67.500000000000014 50.500000000000007
decision_type=2 2 2 2 2 2 2 2 2 2 2 2 2
left_child=4 2 -2 -4 7 9 -7 8 -1 -6 12 -12 -3
right_child=1 10 3 -5 5 6 -8 -9 -10 -11 11 -13 -14
leaf_value=0.040609749967231094 0.0052797766216679809 0.014088202950591874 -0.092327703429198729 -0.023002680964803301 0.080454958287927703 -0.054724175201231455 -0.00077968281661554468 -0.090705356247125141 -0.022929681041651665 0.00073586101956188714 -0.066877656430088181 0.044481463002873707 0.062372016635298032
leaf_weight=4.501144088804728 9.0736675113439578 44.325905218720436 3.8809102997183782 5.8040729239583015 5.8549874946475011 5.1666773259639731 473.9302907474339 2.4449333474040023 19.780569575726986 3.513849563896656 3.444471411406993 3.2572313994169235 8.036708399653433
leaf_count=40 37 289 34 52 43 43 3924 24 183 35 24 22 50
internal_value=-0.000126136 0.00766289 -0.0236647 -0.0507822 -0.00130272 -0.000365653 -0.00136143 -0.0184288 -0.0111513 0.0505557 0.0176124 -0.0127537 0.0214989
internal_weight=593.015 77.823 18.7587 9.68498 515.192 488.466 479.097 26.7266 24.2817 9.36884 59.0643 6.7017 52.3626
internal_count=4800 508 123 86 4292 4045 3967 247 223 78 385 46 339
is_linear=0
shrinkage=0.08


Tree=27
num_leaves=14
num_cat=0
split_feature=0 4 4 0 1 0 4 4 4 4 4 4 1
split_gain=0.773666 2.12593 1.2471 3.07077 1.93713 0.846559 2.47924 4.29457 1.61315 3.86446 1.67258 1.51452 0.52455
threshold=2.5000000000000004 72.500000000000014 40.500000000000007 1.0000000180025095e-35 1.5000000000000002 4.5000000000000009 72.500000000000014 78.500000000000014 66.500000000000014 63.500000000000007 77.500000000000014 61.500000000000007 1.0000000180025095e-35
decision_type=2 2 2 2 2 2 2 2 2 2 2 2 2
left_child=1 2 4 -4 -1 8 11 -8 9 -2 -10 -7 -3
right_child=5 12 3 -5 -6 6 7 -9 10 -11 -12 -13 -14
leaf_value=-0.00034653762110398097 0.0068596536310633624 -0.090463814703761775 0.028246492094225435 -0.006268543146421196 -0.022809078262618753 -0.00065079425399262132 0.081676002967389638 -0.01989566478101262 -0.051530491865715622 0.09590298486338425 0.020541665526809031 -0.023604692059993968 -0.036405874943914188
leaf_weight=67.030031815171242 131.12735491991043 1.8025968521833409 24.369936287403107 51.066919043660164 38.789984129369259 232.19090517610312 6.0136243030428869 4.7831177413463593 5.8160918429493886 3.195379525423049 3.1916761621832848 19.979890294373035 3.1674479469656944
leaf_count=548 965 18 204 445 380 1857 41 37 44 26 25 165 45
internal_value=-0.000123298 -0.00439317 -0.00297778 0.00488157 -0.00858053 0.0018338 -0.000862168 0.0366782 0.00678007 0.00897789 -0.0259935 -0.00246947 -0.0560123
internal_weight=592.525 186.227 181.257 75.4369 105.82 406.298 262.968 10.7967 143.331 134.323 9.00777 252.171 4.97004
internal_count=4800 1640 1577 649 928 3160 2100 78 1060 991 69 2022 63
is_linear=0
shrinkage=0.08


Tree=28
num_leaves=14
num_cat=0
split_feature=0 2 1 4 4 4 4 4 2 1 4 4 4
split_gain=0.740662 3.18068 2.07081 1.69564 1.09629 3.20135 2.05519 2.05019 1.9539 1.66799 1.0441 1.78335 0.868739
threshold=7.5000000000000009 1.0000000180025095e-35 1.0000000180025095e-35 33.500000000000007 7.5000000000000009 10.500000000000002 6.5000000000000009 11.500000000000002 1.0000000180025095e-35 1.5000000000000002 15.500000000000002 24.500000000000004 8.5000000000000018
decision_type=2 2 2 2 2 2 2 2 2 2 2 2 2
left_child=4 2 -2 -4 6 9 8 -7 -1 -6 12 -12 -3
right_child=1 10 3 -5 5 7 -8 -9 -10 -11 11 -13 -14
leaf_value=0.03658275007045618 0.005251033523449692 0.021837247046356381 -0.09123691850308456 -0.021188760049650614 0.07056888937424298 -0.052307213734858748 -0.08977618999242204 -0.00074421540614172789 -0.021354849805982349 0.0012810217288829809 -0.030205677669279538 0.017327321132594796 0.077822943407661063
leaf_weight=4.608984522521502 9.0770595073699969 4.4215223193168631 3.621554568409918 5.6811224967241287 6.1118076071143133 4.9870875105261794 2.2765069976449004 473.54784408956766 19.430029898881912 3.4952617734670639 5.6687248125672332 46.398840837180614 2.9622461870312691
leaf_count=40 37 33 34 52 43 43 24 3924 183 35 42 294 16
internal_value=-0.000120719 0.00715258 -0.0219335 -0.0484587 -0.00122108 -0.000363626 -0.0171265 -0.00128158 -0.0102465 0.0453604 0.0161447 0.0121523 0.0442978
internal_weight=592.289 77.8311 18.3797 9.30268 514.458 488.142 26.3155 478.535 24.039 9.60707 59.4513 52.0676 7.38377
internal_count=4800 508 123 86 4292 4045 247 3967 223 78 385 336 49
is_linear=0
shrinkage=0.08


Tree=29
num_leaves=14
num_cat=0
split_feature=0 2 1 4 4 4 4 4 2 1 4 4 4
split_gain=0.625134 2.71107 1.84629 1.6326 0.945479 2.64116 1.91937 1.80338 1.64925 1.32554 0.912328 2.5861 1.99612
threshold=7.5000000000000009 1.0000000180025095e-35 1.0000000180025095e-35 33.500000000000007 7.5000000000000009 10.500000000000002 6.5000000000000009 11.500000000000002 1.0000000180025095e-35 1.5000000000000002 61.500000000000007 67.500000000000014 50.500000000000007
decision_type=2 2 2 2 2 2 2 2 2 2 2 2 2
left_child=4 2 -2 -4 6 9 8 -7 -1 -6 12 -12 -3
right_child=1 10 3 -5 5 7 -8 -9 -10 -11 11 -13 -14
leaf_value=0.032855591739935582 0.0048308813108228019 0.011626513739677815 -0.090260202782406276 -0.019819272687011755 0.062525789673773161 -0.049870956035255744 -0.088941101360638389 -0.0006850382471848839 -0.019959972894090388 0.001177323185691598 -0.062579144579773538 0.036676013103922295 0.054422285951194888
leaf_weight=4.7165054827928605 9.0771820396184939 44.744267307221889 3.3778131604194623 5.5916199907660484 6.3360579311847669 4.8193169161677352 2.1204062998294821 473.30880657583475 19.137385562062263 3.4987227320671082 3.3627568483352652 3.3573979884386063 8.2635658234357816
leaf_count=40 37 289 34 52 43 43 24 3924 183 35 24 22 50
internal_value=-0.000116806 0.00656752 -0.0206051 -0.0463467 -0.00112835 -0.00033669 -0.0160008 -0.00118081 -0.00951703 0.0407011 0.0147777 -0.0129911 0.0182981
internal_weight=591.712 77.7746 18.0466 8.96943 513.937 487.963 25.9743 478.128 23.8539 9.83478 59.728 6.72015 53.0078
internal_count=4800 508 123 86 4292 4045 247 3967 223 78 385 46 339
is_linear=0
shrinkage=0.08


Tree=30
num_leaves=10
num_cat=0
split_feature=4 4 0 4 4 2 4 4 0
split_gain=0.628138 2.47246 0.764896 3.22143 2.59905 0.945104 3.71913 1.9535 0.418233
threshold=78.500000000000014 83.500000000000014 7.5000000000000009 67.500000000000014 61.500000000000007 1.0000000180025095e-35 55.500000000000007 52.500000000000007 5.5000000000000009
decision_type=2 2 2 2 2 2 2 2 2
left_child=2 -2 5 4 -4 6 -1 -7 -3
right_child=1 8 3 -5 -6 7 -8 -9 -10
leaf_value=0.010934660049190316 -0.072091237210392595 0.032344709805995187 0.0082447369956435406 0.086108957983700843 -0.052652942640877103 -0.0057815192446755339 -0.029829578309400532 0.0081731007683783375 -0.012240198667213114
leaf_weight=103.40694479644299 3.6367402337491495 3.101146288216114 68.135065369307995 3.2111305594444266 4.8013994023203841 304.58103647828102 16.627133838832378 81.351832002401352 2.3799439147114754
leaf_count=860 39 30 442 20 34 2549 145 664 17
internal_value=-0.000113073 -0.0209482 0.000213274 0.00768842 0.00423585 -0.00091173 0.00528799 -0.00283999 0.0129855
internal_weight=591.232 9.11783 582.115 76.1476 72.9365 505.967 120.034 385.933 5.48109
internal_count=4800 86 4714 496 476 4218 1005 3213 47
is_linear=0
shrinkage=0.08


Tree=31
num_leaves=16
num_cat=0
split_feature=4 4 4 4 2 4 1 0 1 4 4 1 4 3 4
split_gain=0.56105 3.10767 2.82683 3.73309 5.61627 3.21305 3.20532 2.84673 2.38904 2.51132 1.92548 1.72574 1.10315 1.49528 0.899625
threshold=45.500000000000007 50.500000000000007 40.500000000000007 41.500000000000007 1.0000000180025095e-35 38.500000000000007 1.0000000180025095e-35 6.5000000000000009 1.5000000000000002 48.500000000000007 46.500000000000007 1.5000000000000002 59.500000000000007 1.0000000180025095e-35 52.500000000000007
decision_type=2 2 2 2 2 2 2 2 2 2 2 2 2 2 2
left_child=2 8 5 6 -5 11 -4 -7 10 -10 -2 -1 14 -14 -3
right_child=1 12 3 4 -6 7 -8 -9 9 -11 -12 -13 13 -15 -16
leaf_value=0.0052554675077288934 0.0072995353368563477 -0.0078222431108505314 0.11694654554251724 0.058568925903646811 -0.005640705046458464 -0.016467248766834707 0.027520982738225796 -0.087760609221006133 -0.022406991167417848 0.037522906727439798 -0.045175000216454188 -0.0071918437781291538 -0.0070846794104052228 0.051974338511748278 0.013908123278370002
leaf_weight=200.88039228320122 5.4994616806507137 15.542675696313379 3.9497985169291479 11.085031703114508 40.831963963806629 19.226932957768444 7.3180035874247551 4.4058876037597647 11.410291254520418 7.3625651746988288 24.031056329607964 110.49843307584524 69.539567708969116 2.856363706290721 56.574239633977413
leaf_count=1522 40 122 30 88 323 163 62 33 98 62 189 1024 607 21 416
internal_value=-0.000107991 -0.00365016 0.00160721 0.017128 0.00806898 -0.00132009 0.0588681 -0.0297585 -0.0212173 0.00109704 -0.0354027 0.000838313 0.00222164 -0.00475452 0.00922478
internal_weight=591.013 192.816 398.196 63.1848 51.917 335.012 11.2678 23.6328 48.3034 18.7729 29.5305 311.379 144.513 72.3959 72.1169
internal_count=4800 1555 3245 503 411 2742 92 196 389 160 229 2546 1166 628 538
is_linear=0
shrinkage=0.08


Tree=32
num_leaves=10
num_cat=0
split_feature=0 4 4 4 2 4 4 4 4
split_gain=0.569868 1.86387 1.00742 1.52278 1.35533 0.81347 1.75087 1.33862 0.54285
threshold=2.5000000000000004 72.500000000000014 49.500000000000007 45.500000000000007 1.0000000180025095e-35 83.500000000000014 78.500000000000014 72.500000000000014 78.500000000000014
decision_type=2 2 2 2 2 2 2 2 2
left_child=1 2 3 -1 -4 6 7 -2 -3
right_child=5 8 4 -5 -6 -7 -8 -9 -10
leaf_value=-0.0031898080008249856 0.00089979091734319135 -0.030947010054317024 -0.01954905400243219 -0.032751580755826709 0.015597432782556113 0.035501783292592654 -0.064675054636338311 0.031683961197493379 -0.0862874835292326
leaf_weight=125.5265429019928 389.5627748966217 2.7774590775370589 8.8723513931035978 12.239455960690973 33.670588746666908 4.4715137854218474 2.5664565712213507 9.2550970613956434 1.917671777307987
leaf_count=1107 3040 33 83 111 276 32 24 64 30
internal_value=-0.00010906 -0.00378891 -0.00249316 -0.00581615 0.00826762 0.00156835 0.00119032 0.00161418 -0.0535502
internal_weight=590.86 185.004 180.309 137.766 42.5429 405.856 401.384 398.818 4.69513
internal_count=4800 1640 1577 1218 359 3160 3128 3104 63
is_linear=0
shrinkage=0.08


Tree=33
num_leaves=13
num_cat=0
split_feature=0 4 4 0 4 4 4 4 0 4 4 4
split_gain=0.493974 1.82393 2.38798 3.26829 2.1497 1.02222 3.12378 4.2218 2.24933 2.11512 3.56887 2.27672
threshold=1.5000000000000002 71.500000000000014 63.500000000000007 1.0000000180025095e-35 57.500000000000007 37.500000000000007 40.500000000000007 41.500000000000007 6.5000000000000009 33.500000000000007 34.500000000000007 32.500000000000007
decision_type=2 2 2 2 2 2 2 2 2 2 2 2
left_child=1 2 4 -4 -1 9 8 -8 -7 11 -11 -2
right_child=5 -3 3 -5 -6 6 7 -9 -10 10 -12 -13
leaf_value=-0.003107229272344806 0.0028925420044985713 -0.063782590021121535 0.099458414347305402 -0.014309593218730694 -0.052602663067165309 -0.015294503519068673 0.055030282830206084 -0.0017392326869876901 -0.069307703524161213 0.060244270429102374 0.0074228383606566462 -0.043462058702906065
leaf_weight=109.04380289465189 185.34493516385555 3.2434366419911376 3.3328777104616156 3.1373088508844376 5.9209521263837805 20.70433280616999 8.7620910927653295 194.25208130478859 6.4783638194203368 10.948461174964903 32.449260659515858 7.0386942997574797
leaf_count=952 1503 41 29 31 51 174 68 1526 51 77 243 54
internal_value=-0.000103699 -0.00457632 -0.00299496 0.0442938 -0.00565636 0.00109301 -0.00269913 0.000710939 -0.0281673 0.00479533 0.0207487 0.00119658
internal_weight=590.657 124.678 121.435 6.47019 114.965 465.978 230.197 203.014 27.1827 235.781 43.3977 192.384
internal_count=4800 1104 1063 60 1003 3696 1819 1594 225 1877 320 1557
is_linear=0
shrinkage=0.08


Tree=34
num_leaves=15
num_cat=0
split_feature=0 2 1 4 4 4 4 4 4 4 2 1 1 4
split_gain=0.440467 2.38235 1.60579 1.55929 0.841995 1.54438 0.816062 2.16535 1.59482 1.56832 2.61765 1.1575 1.01984 0.737292
threshold=7.5000000000000009 1.0000000180025095e-35 1.0000000180025095e-35 33.500000000000007 15.500000000000002 24.500000000000004 7.5000000000000009 10.500000000000002 11.500000000000002 2.5000000000000004 1.0000000180025095e-35 1.0000000180025095e-35 1.5000000000000002 8.5000000000000018
decision_type=2 2 2 2 2 2 2 2 2 2 2 2 2 2
left_child=6 2 -2 -4 13 -6 9 12 -9 11 -11 -1 -8 -3
right_child=1 4 3 -5 5 -7 7 8 -10 10 -12 -13 -14 -15
leaf_value=-0.03429355075805144 0.003336162524126158 0.017811675795263496 -0.089475699692360244 -0.019142162850239688 -0.029965290122422886 0.014293559449185868 0.055162063439244138 -0.047549252691773 -0.00053702929235539961 0.032971943648304851 -0.062452313304866509 0.014530192305897265 0.0015917539981560541 0.069119658854512461
leaf_weight=4.2926730960607555 9.0743479281663912 4.5062047094106665 3.1721515357494336 5.5415058508515358 5.6528726741671553 46.987970568239689 6.5487289652228338 4.6637578755617133 472.33093780651689 2.423236705362795 7.6416662931442261 11.257812917232512 3.48460703343153 2.9764033779501915
leaf_count=40 37 33 34 52 42 294 43 43 3924 23 80 104 35 16
internal_value=-0.000103304 0.00550103 -0.0202177 -0.0447466 0.0131101 0.00954079 -0.000955049 -0.000223038 -0.000996686 -0.0148728 -0.0394779 0.00105252 0.0365569 0.0382208
internal_weight=590.555 77.9115 17.788 8.71366 60.1235 52.6408 512.643 487.028 476.995 25.6154 10.0649 15.5505 10.0333 7.48261
internal_count=4800 508 123 86 385 336 4292 4045 3967 247 103 144 78 49
is_linear=0
shrinkage=0.08


Tree=35
num_leaves=16
num_cat=0
split_feature=4 4 4 0 0 2 4 0 1 4 0 1 4 4 0
split_gain=0.445345 2.50735 2.20203 3.27498 8.24553 3.46484 2.45762 2.39259 2.12351 2.07615 1.98568 1.42893 0.930123 1.34567 0.819742
threshold=45.500000000000007 50.500000000000007 40.500000000000007 4.5000000000000009 7.5000000000000009 1.0000000180025095e-35 38.500000000000007 6.5000000000000009 1.5000000000000002 48.500000000000007 1.5000000000000002 1.5000000000000002 59.500000000000007 63.500000000000007 1.5000000000000002
decision_type=2 2 2 2 2 2 2 2 2 2 2 2 2 2 2
left_child=2 8 6 5 -5 -4 11 -8 10 -10 -2 -1 14 -14 -3
right_child=1 12 3 4 -6 -7 7 -9 9 -11 -12 -13 13 -15 -16
leaf_value=0.0046878764323494459 0.016250980712999498 -0.0078723788592358363 0.078523522394627149 -0.034502062225735333 0.06169286628172295 0.018013875999467882 -0.014390799896207849 -0.081804104244116868 -0.020188252626815228 0.034215519483612671 -0.041909847315396875 -0.0066555030219984344 -0.022289956665813796 0.0022390776546385043 0.012819898199463928
leaf_weight=201.28616371005774 4.4454940482974079 15.61579395085573 7.6470742076635352 19.223385274410248 8.1083220019936579 29.115538477897644 18.829027026891712 4.1038112714886656 11.121198438107969 7.5282929241657248 24.253880456089973 109.86686818301678 19.70425783097744 52.324303466826677 56.898188889026642
leaf_count=1522 40 119 58 163 51 231 163 33 98 62 189 1024 176 452 419
internal_value=-0.000100105 -0.00326601 0.00142561 0.0150082 -0.00596453 0.0306006 -0.0011802 -0.0264544 -0.0192437 0.00177307 -0.0329008 0.000682575 0.00196791 -0.00447113 0.00836384
internal_weight=590.072 191.891 398.18 64.0943 27.3317 36.7626 334.086 22.9328 47.3489 18.6495 28.6994 311.153 144.543 72.0286 72.514
internal_count=4800 1555 3245 503 214 289 2742 196 389 160 229 2546 1166 628 538
is_linear=0
shrinkage=0.08


Tree=36
num_leaves=14
num_cat=0
split_feature=0 4 4 2 4 0 4 4 4 4 4 4 1
split_gain=0.449438 1.53761 0.792743 1.29769 1.24803 0.735679 1.87228 1.97463 1.91386 1.35349 3.04434 1.51721 0.448026
threshold=2.5000000000000004 75.500000000000014 49.500000000000007 1.0000000180025095e-35 45.500000000000007 4.5000000000000009 68.500000000000014 61.500000000000007 78.500000000000014 66.500000000000014 63.500000000000007 77.500000000000014 1.5000000000000002
decision_type=2 2 2 2 2 2 2 2 2 2 2 2 2
left_child=1 2 4 -4 -1 9 7 -7 -8 10 -2 -11 -3
right_child=5 12 3 -5 -6 6 8 -9 -10 11 -12 -13 -14
leaf_value=-0.0030867956298668872 0.0060473977086984952 -0.08699794918323725 -0.02017978298900271 0.013888320544735147 -0.030262924521585667 -0.0010305476216397307 0.043751290499724205 -0.031130239292835832 -0.017520102376191306 -0.049117936016631648 0.082901776172007668 0.019754652698655784 -0.024749019857855173
leaf_weight=125.34719332307577 131.54312054812908 1.7092163562774649 8.997676804661749 34.954836755990982 11.836361713707445 231.29625229537487 11.052344016730784 14.844135873019694 4.6292314752936354 5.6749999150633794 3.3834994733333579 3.2021256163716316 1.3049281686544418
leaf_count=1107 965 25 87 289 111 1857 78 128 37 44 26 25 21
internal_value=-0.000101284 -0.0033789 -0.00243591 0.00691412 -0.00543158 0.00138672 -0.00113823 -0.00284579 0.0256639 0.00598388 0.00797464 -0.0242745 -0.0600482
internal_weight=589.776 184.15 181.136 43.9525 137.184 405.626 261.822 246.14 15.6816 143.804 134.927 8.87713 3.01414
internal_count=4800 1640 1594 376 1218 3160 2100 1985 115 1060 991 69 46
is_linear=0
shrinkage=0.08


Tree=37
num_leaves=15
num_cat=0
split_feature=4 4 2 4 4 1 0 4 4 0 1 0 0 0
split_gain=0.422216 2.38187 2.12233 2.10349 1.95132 2.93321 1.42312 1.35734 1.19469 1.71465 1.9871 1.70794 3.33889 1.67938
threshold=26.500000000000004 22.500000000000004 1.5000000000000002 24.500000000000004 20.500000000000004 1.5000000000000002 1.5000000000000002 24.500000000000004 28.500000000000004 1.0000000180025095e-35 1.5000000000000002 1.0000000180025095e-35 2.5000000000000004 2.5000000000000004
decision_type=2 2 2 2 2 2 2 2 2 2 2 2 2 2
left_child=1 4 3 -3 6 -6 -1 -4 11 10 -10 -2 -13 -11
right_child=8 2 7 -5 5 -7 -8 -9 9 13 -12 12 -14 -15
leaf_value=-0.01887848980156151 -0.039242244785715932 -0.048339163762248054 0.072522978980280026 -0.009179739061530294 0.049468480390172299 -0.029646876108722974 0.0033377310850261927 -0.010079069058604111 0.030113764600727597 -0.011594954434539465 -0.0047617844001215581 0.08827399496853737 0.010253014889587256 0.0013421062106046789
leaf_weight=24.118929594755173 2.9181655123829868 16.402181521058083 2.3456703871488562 18.889383256435394 11.377779580652712 4.0727403536438933 78.561157256364822 2.7845790535211563 24.625069677829742 83.321891613304615 18.171405501663685 4.3920325860381153 17.488234855234623 280.0877219773829
leaf_count=227 23 150 21 158 92 47 669 26 208 745 158 35 125 2116
internal_value=-9.82443e-05 -0.00362804 -0.0203904 -0.0273796 0.00210771 0.0286138 -0.00188072 0.0276885 0.00120025 0.000159572 0.0153056 0.0182469 0.0259142 -0.00162408
internal_weight=589.557 158.552 40.4218 35.2916 118.131 15.4505 102.68 5.13025 431.005 406.206 42.7965 24.7984 21.8803 363.41
internal_count=4800 1390 355 308 1035 139 896 47 3410 3227 366 183 160 2861
is_linear=0
shrinkage=0.08


Tree=38
num_leaves=11
num_cat=0
split_feature=4 4 0 2 4 1 2 4 4 0
split_gain=0.39043 2.04977 0.519974 2.45794 1.10288 1.09589 0.742269 3.01254 1.26071 0.427922
threshold=78.500000000000014 83.500000000000014 7.5000000000000009 1.0000000180025095e-35 65.500000000000014 1.0000000180025095e-35 1.0000000180025095e-35 55.500000000000007 52.500000000000007 5.5000000000000009
decision_type=2 2 2 2 2 2 2 2 2 2
left_child=2 -2 6 5 -5 -4 7 -1 -8 -3
right_child=1 9 3 4 -6 -7 8 -9 -10 -11
leaf_value=0.0096823916864232258 -0.067727696062977419 0.032679491593902474 -0.00092558666684928147 0.01140841351829888 0.060010960202643612 -0.041577184948505236 -0.0048919277185516686 -0.027484261683488321 0.0062705101763454261 -0.012527536746381423
leaf_weight=104.2154693454504 3.2051730193197709 3.0638369061052799 8.8093971759080905 56.150304019451141 3.1560103073716155 8.1898901313543302 301.65542775392532 16.115793481469154 82.45621694624424 2.3818977698683739
leaf_count=860 39 30 36 358 19 83 2549 145 664 17
internal_value=-9.83861e-05 -0.0169686 0.000152915 0.00630772 0.0139948 -0.0205107 -0.000778105 0.00470472 -0.00249572 0.0129065
internal_weight=589.399 8.65091 580.749 76.3056 59.3063 16.9993 504.443 120.331 384.112 5.44573
internal_count=4800 86 4714 496 377 119 4218 1005 3213 47
is_linear=0
shrinkage=0.08


Tree=39
num_leaves=16
num_cat=0
split_feature=4 4 1 0 4 0 0 2 4 0 0 4 1 2 1
split_gain=0.394884 2.08209 1.94584 2.08628 1.85375 2.73727 6.90126 2.50364 2.13753 2.17597 1.40295 1.22858 2.55799 1.17827 1.10219
threshold=45.500000000000007 52.500000000000007 1.5000000000000002 1.5000000000000002 40.500000000000007 4.5000000000000009 7.5000000000000009 1.0000000180025095e-35 38.500000000000007 6.5000000000000009 1.5000000000000002 56.500000000000007 1.5000000000000002 1.5000000000000002 1.5000000000000002
decision_type=2 2 2 2 2 2 2 2 2 2 2 2 2 2 2
left_child=4 2 10 -4 8 7 -7 -6 14 -10 -2 12 -3 -13 -1
right_child=1 11 3 -5 5 6 -8 -9 9 -11 -12 13 -14 -15 -16
leaf_value=0.004167898100331734 0.0052791569830925355 0.031120290155912073 -0.037789176850605025 0.017052921436165231 0.067169803532685701 -0.032535492241403438 0.055121762797821224 0.016905063099009739 -0.013388045482878683 -0.078750692149312754 -0.033515765901139999 0.0017359681966256663 -0.010976234946496376 -0.022554652561618777 -0.0058183032135102741
leaf_weight=201.83611450344324 7.3688288852572432 23.570801511406898 5.9551263228058842 17.441923908889294 8.0923110842704755 18.732105240225792 8.2930488064885157 29.321059994399548 18.633327491581444 3.9508084356784812 31.334475390613079 75.019288763403893 15.192706942558287 15.404857229441403 108.90045718848705
leaf_count=1522 64 162 55 146 58 163 51 231 163 33 246 641 114 127 1024
internal_value=-9.40904e-05 -0.00308096 -0.0151191 0.00309425 0.00134234 0.0137635 -0.00563663 0.0277771 -0.00105897 -0.0248224 -0.0261295 0.00270576 0.0146213 -0.00240224 0.000668143
internal_weight=589.047 191.288 62.1004 23.3971 397.759 64.4385 27.0252 37.4134 333.321 22.5841 38.7033 129.188 38.7635 90.4241 310.737
internal_count=4800 1555 511 201 3245 503 214 289 2742 196 310 1044 276 768 2546
is_linear=0
shrinkage=0.08


Tree=40
num_leaves=13
num_cat=0
split_feature=0 4 4 0 4 4 4 4 4 4 4 0
split_gain=0.394834 1.58826 1.87569 2.32208 1.90935 0.759414 2.14938 3.23215 1.78985 2.86528 1.96772 1.72193
threshold=1.5000000000000002 71.500000000000014 63.500000000000007 1.0000000180025095e-35 57.500000000000007 37.500000000000007 40.500000000000007 41.500000000000007 33.500000000000007 34.500000000000007 32.500000000000007 6.5000000000000009
decision_type=2 2 2 2 2 2 2 2 2 2 2 2
left_child=1 2 4 -4 -1 8 11 -8 10 -10 -2 -7
right_child=5 -3 3 -5 -6 6 7 -9 9 -11 -12 -13
leaf_value=-0.0027246135733152606 0.0023853488492608212 -0.061395371955475682 0.08168553981119174 -0.012704042838743971 -0.050295261340462763 -0.012743640880341368 0.046969673573929623 -0.0017214443246786654 0.053459822462774219 0.0066955971039292083 -0.041316774254196442 -0.061689530387900406
leaf_weight=108.52457826584578 185.44294810295105 3.0216477476060382 3.6377685517072669 3.0806375667452812 5.6826663427054873 20.180585771799091 9.1374424248933774 193.36158404499292 11.295443013310431 32.547201573848724 6.8369285613298407 5.9581838324666014
leaf_count=952 1503 41 29 31 51 174 68 1526 77 243 54 51
internal_value=-9.47261e-05 -0.00410656 -0.00267505 0.0384044 -0.00509161 0.000975194 -0.00231112 0.000475664 0.00415734 0.0187437 0.000831425 -0.0239006
internal_weight=588.708 123.947 120.926 6.71841 114.207 464.76 228.638 202.499 236.123 43.8426 192.28 26.1388
internal_count=4800 1104 1063 60 1003 3696 1819 1594 1877 320 1557 225
is_linear=0
shrinkage=0.08


Tree=41
num_leaves=15
num_cat=0
split_feature=4 4 2 4 4 1 4 4 4 0 0 0 1 0
split_gain=0.394462 2.04571 1.8511 1.88753 1.59813 2.32621 1.30732 1.07655 0.983689 1.43123 2.60759 1.41241 1.51143 1.4053
threshold=26.500000000000004 22.500000000000004 1.5000000000000002 24.500000000000004 20.500000000000004 1.5000000000000002 17.500000000000004 24.500000000000004 28.500000000000004 1.0000000180025095e-35 2.5000000000000004 1.0000000180025095e-35 1.5000000000000002 2.5000000000000004
decision_type=2 2 2 2 2 2 2 2 2 2 2 2 2 2
left_child=1 4 3 -3 6 -6 -1 -4 9 -2 -11 12 -10 -13
right_child=8 2 7 -5 5 -7 -8 -9 11 10 -12 13 -14 -15
leaf_value=0.0025071027657655337 -0.037018261107686683 -0.046166261781983541 0.06377026135034275 -0.0086998708467914982 0.04328977000414555 -0.027599688777081514 -0.020511419731079044 -0.0090588974347878635 0.026504417548356404 0.076565487452948486 0.0092592397745054084 -0.010602086108608791 -0.0038360041850978637 0.0012840733449548853
leaf_weight=82.991694331169128 2.8330407589674023 15.880286231636999 2.4570816606283179 18.786511182785034 11.801124468445776 3.9555456191301337 19.501378901302814 2.7560102269053459 25.244828216731548 4.6597685888409641 17.590755589306355 82.419630702584982 18.000950872898102 279.68642677739263
leaf_count=720 23 150 21 158 92 47 176 26 208 35 125 745 158 2116
internal_value=-9.33484e-05 -0.00351033 -0.0191789 -0.0258626 0.00177391 0.0254937 -0.00187264 0.0252676 0.00116195 0.0165359 0.0233547 0.000210596 0.0138753 -0.00142136
internal_weight=588.565 158.13 39.8799 34.6668 118.25 15.7567 102.493 5.21309 430.435 25.0836 22.2505 405.352 43.2458 362.106
internal_count=4800 1390 355 308 1035 139 896 47 3410 183 160 3227 366 2861
is_linear=0
shrinkage=0.08


Tree=42
num_leaves=14
num_cat=0
split_feature=0 4 4 4 0 4 4 4 0 4 4 4 4
split_gain=0.358207 1.44767 2.40539 1.32597 0.842752 0.645054 1.84588 2.65259 1.54597 1.48237 2.31388 1.71188 0.190041
threshold=1.5000000000000002 69.500000000000014 64.500000000000014 57.500000000000007 1.0000000180025095e-35 37.500000000000007 40.500000000000007 41.500000000000007 6.5000000000000009 33.500000000000007 34.500000000000007 32.500000000000007 66.500000000000014
decision_type=2 2 2 2 2 2 2 2 2 2 2 2 2
left_child=1 2 3 -1 -3 9 8 -8 -7 11 -11 -2 -4
right_child=5 4 12 -5 -6 6 7 -9 -10 10 -12 -13 -14
leaf_value=-0.0026045319378600511 0.0022425763990830726 -0.088660075316994588 0.036504299823424909 -0.040694233586242919 -0.01652392063719366 -0.011743452083213099 0.041943260303844848 -0.0015633578632309238 -0.058737758930159367 0.047707995047789317 0.0061428002726149032 -0.039062807583194789 0.06789127026222383
leaf_weight=108.35634102672338 185.58319558948278 1.9488962180912484 2.443941041827201 6.1829801984131327 2.214035227894783 19.981507822871212 9.4058109074830991 193.0854153521359 5.774970442056655 11.620124429464338 32.672141849994659 6.6517051309347144 2.4950077682733536
leaf_count=952 1503 26 20 56 27 174 68 1526 51 77 243 54 23
internal_value=-9.24343e-05 -0.0039194 -0.00230356 -0.00466066 -0.0502948 0.00092563 -0.00210829 0.000457545 -0.0222802 0.00385335 0.0170475 0.000813329 0.05236
internal_weight=588.416 123.641 119.478 114.539 4.16293 464.775 228.248 202.491 25.7565 236.527 44.2923 192.235 4.93895
internal_count=4800 1104 1051 1008 53 3696 1819 1594 225 1877 320 1557 43
is_linear=0
shrinkage=0.08


Tree=43
num_leaves=15
num_cat=0
split_feature=4 4 2 4 4 1 3 4 4 0 1 0 0 0
split_gain=0.356829 1.76117 1.58698 1.6922 1.32451 1.91355 1.22882 0.861223 0.804069 1.27825 1.2708 1.19653 2.05933 1.1718
threshold=26.500000000000004 22.500000000000004 1.5000000000000002 24.500000000000004 20.500000000000004 1.5000000000000002 1.0000000180025095e-35 24.500000000000004 28.500000000000004 1.0000000180025095e-35 1.5000000000000002 1.0000000180025095e-35 2.5000000000000004 2.5000000000000004
decision_type=2 2 2 2 2 2 2 2 2 2 2 2 2 2
left_child=1 4 3 -3 6 -6 -1 -4 11 10 -10 -2 -13 -11
right_child=8 2 7 -5 5 -7 -8 -9 9 13 -12 12 -14 -15
leaf_value=4.9204728558251128e-05 -0.034868616901264568 -0.043979105982415161 0.056036096167678594 -0.0081615567316449655 0.038527931601980273 -0.026061173248967413 -0.042981203678156887 -0.008471004791286001 0.024643509755848371 -0.0097496053720556152 -0.0031592808815265427 0.066867844670432344 0.0082806079277583048 0.0011401009606150719
leaf_weight=97.973447948694229 2.7537647411227253 15.389081038534639 2.5638629943132392 18.700155019760132 12.148865856230261 3.8710249662399283 4.4398242905735961 2.7403593212366104 25.569170221686363 81.698324862867594 17.878505732864141 4.9027859717607525 17.708464272320271 279.93230652436614
leaf_count=860 23 150 21 158 92 47 36 26 208 745 158 35 125 2116
internal_value=-9.02222e-05 -0.00334409 -0.017997 -0.0243309 0.0015298 0.0229207 -0.00181625 0.0227093 0.00110284 0.000237622 0.0132028 0.0149204 0.020984 -0.00132006
internal_weight=588.27 157.827 39.3935 34.0892 118.433 16.0199 102.413 5.30422 430.443 405.078 43.4477 25.365 22.6113 361.631
internal_count=4800 1390 355 308 1035 139 896 47 3410 3227 366 183 160 2861
is_linear=0
shrinkage=0.08


Tree=44
num_leaves=16
num_cat=0
split_feature=0 4 1 4 1 4 4 4 4 2 0 4 4 2 4
split_gain=0.32758 1.34369 3.968 2.3261 7.706 2.45859 2.15138 1.38702 0.610108 2.063 4.56058 2.83186 1.04213 2.88522 1.2916
threshold=1.5000000000000002 31.500000000000004 1.0000000180025095e-35 33.500000000000007 1.5000000000000002 36.500000000000007 20.500000000000004 22.500000000000004 17.500000000000004 1.0000000180025095e-35 5.5000000000000009 13.500000000000002 25.500000000000004 1.5000000000000002 29.500000000000004
decision_type=2 2 2 2 2 2 2 2 2 2 2 2 2 2 2
left_child=1 2 6 4 -3 -5 -1 -4 9 10 -2 -11 13 -10 -14
right_child=8 3 7 5 -6 -7 -8 -9 12 11 -12 -13 14 -15 -16
leaf_value=-0.081070534184303322 0.070611500548381792 0.13449376332180016 0.01539469228898833 -0.046327298812570077 -0.056922475758870439 0.0039561587055428173 -0.019512077057844857 -0.017338967252320141 -0.01900322136296155 -0.012770601589426459 -0.017745429357437722 0.029216253368825208 0.015043155354978069 0.035080092917286837 -0.00043959351730005046
leaf_weight=6.9909433498978597 8.9464010894298536 3.1611612141132346 18.747599743306637 6.9077326357364646 2.3441610857844353 62.801121616736054 7.5656057670712471 14.844439551234244 42.886878274381161 33.669202968478203 6.4227238222956649 14.79980146884918 38.770343564450741 7.4026101231575003 311.88390179723501
leaf_count=61 72 26 187 59 22 554 62 133 384 293 51 120 287 61 2428
internal_value=-8.8436e-05 -0.00375314 -0.0141885 0.00292705 0.0529889 -0.00102663 -0.0490762 0.000929574 0.000884254 0.00814816 0.0336873 4.99035e-05 -0.000272304 -0.0110422 0.00127227
internal_weight=588.145 123.363 48.1486 75.2142 5.50532 69.7089 14.5565 33.592 464.782 63.8381 15.3691 48.469 400.944 50.2895 350.654
internal_count=4800 1104 443 661 48 613 123 320 3696 536 123 413 3160 445 2715
is_linear=0
shrinkage=0.08


Tree=45
num_leaves=10
num_cat=0
split_feature=4 4 4 0 2 0 4 4 0
split_gain=0.290018 1.86722 0.542615 7.89244 1.29344 0.397463 1.08585 0.817173 0.391231
threshold=78.500000000000014 83.500000000000014 72.500000000000014 6.5000000000000009 1.0000000180025095e-35 4.5000000000000009 42.500000000000007 40.500000000000007 5.5000000000000009
decision_type=2 2 2 2 2 2 2 2 2
left_child=2 -2 5 4 -4 7 -7 -1 -3
right_child=1 8 3 -5 -6 6 -8 -9 -10
leaf_value=-0.0018032347977319791 -0.065406857920370015 0.031997063725187791 -0.072641347449922733 0.11105243807065081 -0.0049942022694970363 0.0013559464663314333 -0.009605582944294486 0.0064229384814039614 -0.01131588671687196
leaf_weight=184.2310202345252 3.0058916844427568 3.0718284398317337 2.7477395571768266 3.860416702926158 5.2946944683790207 159.62525484710932 90.701537430286407 133.1368762627244 2.3601374849677086
leaf_count=1541 39 30 23 23 51 1287 735 1054 17
internal_value=-9.22338e-05 -0.014817 0.000122131 0.0170267 -0.0281062 -0.000232307 -0.00261577 0.00164767 0.013178
internal_weight=588.035 8.43786 579.598 11.9029 8.04243 567.695 250.327 317.368 5.43197
internal_count=4800 86 4714 97 74 4617 2022 2595 47
is_linear=0
shrinkage=0.08


Tree=46
num_leaves=13
num_cat=0
split_feature=0 4 4 1 0 1 0 4 4 1 4 4
split_gain=0.302351 1.3087 1.41596 3.53277 2.38934 0.574646 1.859 4.41661 1.58707 0.977539 1.8779 0.997153
threshold=1.5000000000000002 71.500000000000014 31.500000000000004 1.0000000180025095e-35 1.0000000180025095e-35 1.0000000180025095e-35 3.5000000000000004 10.500000000000002 11.500000000000002 1.5000000000000002 42.500000000000007 33.500000000000007
decision_type=2 2 2 2 2 2 2 2 2 2 2 2
left_child=1 2 3 -1 -4 6 7 -2 -8 10 -7 -11
right_child=5 -3 4 -5 -6 9 8 -9 -10 11 -12 -13
leaf_value=-0.046812184474699536 0.092239077278083351 -0.058098870815116305 0.018374742598945053 0.00099202087417956004 -0.01065267357969841 0.00077766718108447891 -0.035566422286325707 0.0098310279948272614 0.0013038942438148373 -0.00520080346135299 -0.019373320300434659 0.007566171623148996
leaf_weight=14.026557646691797 4.531026877462863 2.7580969315022221 38.384382195770741 33.579552851617336 34.424961987882853 81.336888745427132 8.0349695384502393 51.141917165368795 106.59403821080923 62.912883713841438 46.529432900249958 103.67230408266187
leaf_count=123 23 41 310 320 310 673 64 279 748 601 439 869
internal_value=-8.8452e-05 -0.00361246 -0.00236446 -0.0130929 0.0046503 0.000845515 0.00454444 0.0165379 -0.00128055 -0.00129384 -0.0065551 0.00274457
internal_weight=587.927 123.174 120.415 47.6061 72.8093 464.753 170.302 55.6729 114.629 294.452 127.866 166.585
internal_count=4800 1104 1063 443 620 3696 1114 302 812 2582 1112 1470
is_linear=0
shrinkage=0.08


Tree=47
num_leaves=11
num_cat=0
split_feature=0 2 1 4 4 4 4 4 4 4
split_gain=0.281706 1.59515 1.40445 1.53196 0.783091 1.41699 0.776548 2.17234 0.722397 0.319068
threshold=7.5000000000000009 1.0000000180025095e-35 1.0000000180025095e-35 33.500000000000007 85.500000000000014 80.500000000000014 15.500000000000002 20.500000000000004 7.5000000000000009 6.5000000000000009
decision_type=2 2 2 2 2 2 2 2 2 2
left_child=4 2 -2 -4 5 8 9 -8 -1 -3
right_child=1 6 3 -5 -6 -7 7 -9 -10 -11
leaf_value=-0.013956569441506647 0.0046422459721073327 0.016898417175195347 -0.088405863478460897 -0.015753490182713881 0.036732041148669917 -0.061478159808972352 -0.061361930040823486 0.010918125775394054 -4.2021892181315551e-05 0.049897408375828713
leaf_weight=25.133425235748291 9.033103212714197 3.5092611983418456 2.8543771505355817 5.3185488097369671 3.5386701337993136 2.470003727823495 2.8100197613239279 50.235413238406181 478.47062008082867 4.0274017229676247
leaf_count=247 37 26 34 52 30 31 21 315 3984 23
internal_value=-8.62114e-05 0.00439798 -0.0170984 -0.0411272 -0.000770686 -0.00103292 0.0105032 0.00708917 -0.000736457 0.0345322
internal_weight=587.401 77.7881 17.206 8.17293 509.613 506.074 60.5821 53.0454 503.604 7.53666
internal_count=4800 508 123 86 4292 4262 385 336 4231 49
is_linear=0
shrinkage=0.08


Tree=48
num_leaves=16
num_cat=0
split_feature=4 4 1 0 4 4 0 0 2 4 0 4 2 3 1
split_gain=0.26391 1.80738 1.64079 1.7668 1.42149 1.27583 2.24102 5.75326 1.88473 1.51395 1.65113 1.05951 1.36299 1.24428 0.777212
threshold=45.500000000000007 52.500000000000007 1.5000000000000002 1.5000000000000002 46.500000000000007 40.500000000000007 4.5000000000000009 7.5000000000000009 1.0000000180025095e-35 38.500000000000007 5.5000000000000009 59.500000000000007 1.0000000180025095e-35 1.0000000180025095e-35 1.5000000000000002
decision_type=2 2 2 2 2 2 2 2 2 2 2 2 2 2 2
left_child=5 2 4 -4 -2 9 8 -8 -7 14 -11 12 -3 -13 -1
right_child=1 11 3 -5 -6 6 7 -9 -10 10 -12 13 -14 -15 -16
leaf_value=0.0034410777906630969 0.014662598850788775 -0.014375932707754573 -0.035631722016653586 0.015350553778935802 -0.030312440318366322 0.056900099490718496 -0.031460352899590531 0.048041217048666977 0.01425257024245467 -0.0069950226098367983 -0.055111261236444803 -0.0058574027118097243 0.016922475498308581 0.047743317456259975 -0.0049703711881626594
leaf_weight=202.1110822185874 5.2152517437934867 11.014328107237814 5.7708390280604389 17.674257315695286 32.684891626238823 8.5289248302578908 18.451964639127254 8.5134976282715815 29.817651689052582 15.401087358593943 6.4868061095476142 68.163749361410737 46.496962048113346 2.889262866228818 107.80238691717386
leaf_count=1522 40 86 55 146 270 58 163 51 231 136 60 607 330 21 1024
internal_value=-8.2141e-05 -0.00253501 -0.0138333 0.00280164 -0.0241236 0.00109088 0.0113114 -0.00636023 0.0237381 -0.000920927 -0.021255 0.00285603 0.0109283 -0.00367781 0.000515183
internal_weight=587.023 189.91 61.3452 23.4451 37.9001 397.113 65.312 26.9655 38.3466 331.801 21.8879 128.564 57.5113 71.053 309.913
internal_count=4800 1555 511 201 310 3245 503 214 289 2742 196 1044 416 628 2546
is_linear=0
shrinkage=0.08


Tree=49
num_leaves=14
num_cat=0
split_feature=0 4 4 4 0 4 2 0 4 4 2 4 4
split_gain=0.249027 1.16841 1.87034 1.68902 0.857412 0.519406 1.76511 3.46687 2.41395 0.898263 2.39797 1.69183 0.210077
threshold=1.5000000000000002 69.500000000000014 63.500000000000007 57.500000000000007 1.0000000180025095e-35 17.500000000000004 1.0000000180025095e-35 5.5000000000000009 13.500000000000002 26.500000000000004 1.5000000000000002 29.500000000000004 66.500000000000014
decision_type=2 2 2 2 2 2 2 2 2 2 2 2 2
left_child=1 2 3 -1 -3 6 7 -2 -8 10 -7 -11 -4
right_child=5 4 12 -5 -6 9 8 -9 -10 11 -12 -13 -14
leaf_value=-0.0019670490273528598 0.062012865303247615 -0.087899522024418211 0.028561043532076807 -0.047703120728212034 -0.012136203553828674 -0.01624729675611197 -0.012106276262465597 -0.015002712617820282 0.026523044124917902 0.019435083008413706 0.028720422270056025 -0.00047546061392139737 0.059051955166830761
leaf_weight=107.56748703122139 9.2654753625392896 1.7552184928208583 3.2234474793076506 5.4284880682826033 2.099471677094698 50.005765151232481 33.254124902188778 6.2736107781529418 15.033739089965819 29.940782345831394 8.9476910680532438 311.21587188541889 2.622892938554287
leaf_count=952 72 26 25 51 27 448 293 51 120 211 73 2428 23
internal_value=-8.2315e-05 -0.00328742 -0.00188144 -0.00416428 -0.0466347 0.000765337 0.00746729 0.0309193 -7.95872e-05 -0.000303782 -0.0094223 0.00127194 0.0422404
internal_weight=586.634 122.697 118.842 112.996 3.85469 463.937 63.827 15.5391 48.2879 400.11 58.9535 341.157 5.84634
internal_count=4800 1104 1051 1003 53 3696 536 123 413 3160 521 2639 48
is_linear=0
shrinkage=0.08


Tree=50
num_leaves=10
num_cat=0
split_feature=4 4 4 0 2 0 4 0 4
split_gain=0.217281 1.57504 0.54384 6.19453 1.2373 0.342853 0.332498 2.67508 1.07789
threshold=78.500000000000014 83.500000000000014 72.500000000000014 6.5000000000000009 1.0000000180025095e-35 5.5000000000000009 59.500000000000007 1.0000000180025095e-35 57.500000000000007
decision_type=2 2 2 2 2 2 2 2 2
left_child=2 -2 6 4 -4 -3 8 -8 -1
right_child=1 5 3 -5 -6 -7 7 -9 -10
leaf_value=-0.00020471107612200242 -0.062142453390751466 0.029344601527040465 -0.06981225158544492 0.097205444053012541 -0.0020928174579445979 -0.011110982696148438 0.041695221025300155 -0.013445471633069774 0.024189943188490399
leaf_weight=503.86405559256673 2.7689093146473152 3.1115517653524876 2.6022286191582662 4.054388016462326 5.1324494071304798 2.3557233735918999 6.4514318704605094 44.269018910825253 11.865186117589472
leaf_count=4083 39 30 23 23 51 17 53 392 89
internal_value=-8.11398e-05 -0.0129834 0.000102635 0.0171091 -0.0248761 0.0119132 -0.000251306 -0.0064318 0.000356527
internal_weight=586.475 8.23618 578.239 11.7891 7.73468 5.46728 566.45 50.7205 515.729
internal_count=4800 86 4714 97 74 47 4617 445 4172
is_linear=0
shrinkage=0.08


Tree=51
num_leaves=14
num_cat=0
split_feature=0 4 4 1 0 1 4 0 4 1 4 4 0
split_gain=0.233974 1.04392 1.15389 3.18601 1.90642 0.447694 1.65723 1.76849 1.49661 0.813653 1.60929 0.759928 0.423285
threshold=1.5000000000000002 71.500000000000014 31.500000000000004 1.0000000180025095e-35 1.0000000180025095e-35 1.0000000180025095e-35 22.500000000000004 3.5000000000000004 52.500000000000007 1.5000000000000002 63.500000000000007 25.500000000000004 1.0000000180025095e-35
decision_type=2 2 2 2 2 2 2 2 2 2 2 2 2
left_child=1 2 3 -1 -4 6 7 -2 -8 10 -7 -11 -3
right_child=5 12 4 -5 -6 9 8 -9 -10 11 -12 -13 -14
leaf_value=-0.044632483205872341 0.046602065279187851 -0.086152429013411788 0.016253077775517825 0.0013525352763852159 -0.009657016432157408 -0.003455023528847414 -0.0054214994095645687 0.0074923321775313282 0.012999518921955904 -0.0080694958877109667 -0.038187450599747125 0.0052799806877980608 -0.020225515518559549
leaf_weight=13.546154126524923 10.73920691013336 1.2937109507620326 38.97334261238575 33.461933255195618 34.055524095892906 117.80943685770035 95.491196520626545 23.795575499534607 40.071704730391502 34.381892699748278 9.2048416808247548 132.3338905274868 1.2027488723397255
leaf_count=123 58 23 310 320 310 1010 632 173 251 376 102 1094 18
internal_value=-7.82241e-05 -0.00318738 -0.0021225 -0.0118988 0.00417043 0.000743149 0.00400923 0.0196542 2.366e-05 -0.00114822 -0.00597211 0.00252691 -0.05439
internal_weight=586.361 122.533 120.037 47.0081 73.0289 463.828 170.098 34.5348 135.563 293.73 127.014 166.716 2.49646
internal_count=4800 1104 1063 443 620 3696 1114 231 883 2582 1112 1470 41
is_linear=0
shrinkage=0.08


Tree=52
num_leaves=16
num_cat=0
split_feature=4 4 1 4 4 4 0 0 2 4 0 1 4 0 4
split_gain=0.231701 1.53152 1.38698 1.70857 1.68458 1.08508 1.86576 4.88929 1.49725 1.3021 1.51321 0.692382 0.619363 2.72927 1.27559
threshold=45.500000000000007 50.500000000000007 1.5000000000000002 48.500000000000007 46.500000000000007 40.500000000000007 4.5000000000000009 7.5000000000000009 1.0000000180025095e-35 38.500000000000007 6.5000000000000009 1.5000000000000002 51.500000000000007 4.5000000000000009 52.500000000000007
decision_type=2 2 2 2 2 2 2 2 2 2 2 2 2 2 2
left_child=5 2 4 -4 -2 9 8 -8 -7 11 -11 -1 13 -3 -14
right_child=1 12 3 -5 -6 6 7 -9 -10 10 -12 -13 14 -15 -16
leaf_value=0.0032457183363684438 0.013897811651954931 -0.024985610968261858 -0.018764924234166713 0.030404570986484171 -0.036655940893799491 0.050589760078576705 -0.02961522722701642 0.043516837443582437 0.01310213142587662 -0.010520491744593581 -0.067990689986241318 -0.0047022003456624909 -0.029059414096072836 0.078504016774284868 0.002536227376014485
leaf_weight=202.02707222104073 5.2403604239225414 3.3267553448677054 10.920361526310446 7.7206485867500296 21.635202534496784 8.8182160109281522 18.017211847007275 8.6642834320664424 30.07035019993782 18.104092642664913 3.498886711895465 107.46194187551737 8.7337055802345258 3.1994223594665527 128.47356192022562
leaf_count=1522 40 27 98 62 189 58 163 51 231 163 33 1024 68 27 1044
internal_value=-7.62954e-05 -0.00237949 -0.0151682 0.00159987 -0.0267987 0.00102257 0.0104248 -0.00586705 0.0216027 -0.000839465 -0.0198285 0.000486012 0.00167037 0.0257496 0.000525058
internal_weight=585.912 189.25 45.5166 18.641 26.8756 396.662 65.5701 26.6815 38.8886 331.092 21.603 309.489 143.733 6.52618 137.207
internal_count=4800 1555 389 160 229 3245 503 214 289 2742 196 2546 1166 54 1112
is_linear=0
shrinkage=0.08


Tree=53
num_leaves=14
num_cat=0
split_feature=0 4 4 4 0 4 4 4 2 4 4 4 4
split_gain=0.212932 0.94357 1.35587 1.30385 0.826932 0.425547 1.27732 2.00275 1.30115 1.26671 1.87404 1.43849 0.149597
threshold=1.5000000000000002 69.500000000000014 64.500000000000014 57.500000000000007 1.0000000180025095e-35 37.500000000000007 40.500000000000007 41.500000000000007 1.5000000000000002 33.500000000000007 34.500000000000007 32.500000000000007 66.500000000000014
decision_type=2 2 2 2 2 2 2 2 2 2 2 2 2
left_child=1 2 3 -1 -3 9 8 -8 -7 11 -11 -2 -4
right_child=5 4 12 -5 -6 6 7 -9 -10 10 -12 -13 -14
leaf_value=-0.0016471864786437298 0.0015459962414549298 -0.087275277959273465 0.023743923157449484 -0.039745928669421046 -0.0099384931633973682 -0.010810365206651636 0.035784765991230448 -0.0014515425494937078 -0.060376504801410276 0.042360762800872524 0.0053332582823638888 -0.036840258301514037 0.050345202872686949
leaf_weight=107.18458095192909 185.55224367976189 1.5583587698638433 2.6568392738699904 6.0747558362781993 2.0474463552236557 20.923467330634598 9.7122184559702855 191.8624200001359 4.0447299033403388 11.924984417855738 32.836533106863499 6.465623825788497 2.7569996565580368
leaf_count=952 1503 26 20 56 27 189 68 1526 36 77 243 54 23
internal_value=-7.66188e-05 -0.00304606 -0.00182109 -0.00369064 -0.0433619 0.000707069 -0.0017716 0.000342568 -0.0188398 0.00307858 0.0151978 0.000253455 0.0372906
internal_weight=585.601 122.279 118.673 113.259 3.60581 463.322 226.543 201.575 24.9682 236.779 44.7615 192.018 5.41384
internal_count=4800 1104 1051 1008 53 3696 1819 1594 225 1877 320 1557 43
is_linear=0
shrinkage=0.08


Tree=54
num_leaves=16
num_cat=0
split_feature=4 4 4 1 3 2 4 4 4 4 0 0 4 0 0
split_gain=0.216341 1.25434 1.24796 1.50858 1.28937 1.1013 1.48033 0.650759 0.566029 1.41936 1.17208 0.815614 0.741943 2.03681 0.490133
threshold=26.500000000000004 22.500000000000004 20.500000000000004 1.5000000000000002 1.0000000180025095e-35 1.5000000000000002 24.500000000000004 24.500000000000004 34.500000000000007 33.500000000000007 6.5000000000000009 3.5000000000000004 35.500000000000007 4.5000000000000009 7.5000000000000009
decision_type=2 2 2 2 2 2 2 2 2 2 2 2 2 2 2
left_child=1 2 4 -4 -1 6 -3 -7 9 11 -11 -2 13 -10 -14
right_child=8 5 3 -5 -6 7 -8 -9 12 10 -12 -13 14 -15 -16
leaf_value=0.00010126321550146915 0.011212547370787015 -0.039861840714174479 0.035625273655579388 -0.022647977021123346 -0.044309155293718414 0.045848397864221103 -0.0056187388252041349 -0.0093560811005309989 0.0076806765797358444 0.015228221262139279 0.0671208562018243 -0.0043025934753247843 -0.0012484532001136609 -0.05670172367335348 0.0079871261375217637
leaf_weight=97.141861487179995 37.957212962210178 14.488861337304114 12.343694783747198 3.6941123008728018 4.372294269502162 2.7111548557877532 18.265081956982613 2.7557372972369194 7.4246037006378156 9.7385420277714712 3.9017171636223784 50.581648141145706 272.06338122673333 5.4556763470172882 42.524284772574902
leaf_count=860 286 150 92 47 36 21 158 26 57 65 25 372 2289 41 275
internal_value=-7.4566e-05 -0.00262865 0.00146478 0.0222027 -0.00181153 -0.0152184 -0.0207663 0.0180211 0.000851444 0.00604969 0.0300718 0.00234885 -0.000770554 -0.0195897 -3.67864e-08
internal_weight=585.42 155.773 117.552 16.0378 101.514 38.2208 32.7539 5.46689 429.647 102.179 13.6403 88.5389 327.468 12.8803 314.588
internal_count=4800 1390 1035 139 896 355 308 47 3410 748 90 658 2662 98 2564
is_linear=0
shrinkage=0.08


Tree=55
num_leaves=9
num_cat=0
split_feature=4 4 0 2 4 0 4 1
split_gain=0.204285 0.282376 4.17002 3.24357 0.306167 2.21338 0.895908 0.237332
threshold=87.500000000000014 72.500000000000014 5.5000000000000009 1.0000000180025095e-35 59.500000000000007 1.0000000180025095e-35 57.500000000000007 1.5000000000000002
decision_type=2 2 2 2 2 2 2 2
left_child=1 4 3 -3 6 -6 -1 -4
right_child=-2 2 7 -5 5 -7 -8 -9
leaf_value=-0.00018574778257837582 -0.018999251609435937 -0.10060670744803797 0.042955752774017066 0.0050657955157101808 0.03685207131708234 -0.012711412082981734 0.021912193472043814 0.072235965365755661
leaf_weight=502.87056671082973 3.6272659227251998 2.6287731993943471 4.0057599432766429 6.348470414057374 6.6391839459538451 43.870453886687756 12.022662825882433 3.176706038415432
leaf_count=4083 29 29 30 75 53 392 89 20
internal_value=-7.28594e-05 4.51865e-05 0.0104724 -0.0258779 -0.000252832 -0.00619659 0.000330235 0.055906
internal_weight=585.19 581.563 16.1597 8.97724 565.403 50.5096 514.893 7.18247
internal_count=4800 4771 154 104 4617 445 4172 50
is_linear=0
shrinkage=0.08


Tree=56
num_leaves=12
num_cat=0
split_feature=0 3 4 4 4 4 2 0 4 4 4
split_gain=0.206515 0.908516 1.67547 1.24025 1.12105 0.385747 1.44459 2.75767 2.03377 0.785345 0.426548
threshold=1.5000000000000002 1.0000000180025095e-35 36.500000000000007 69.500000000000014 33.500000000000007 17.500000000000004 1.0000000180025095e-35 5.5000000000000009 13.500000000000002 18.500000000000004 26.500000000000004
decision_type=2 2 2 2 2 2 2 2 2 2 2
left_child=1 2 4 -4 -1 6 7 -2 -8 -7 -11
right_child=5 -3 3 -5 -6 9 8 -9 -10 10 -12
leaf_value=-0.0098562298546068603 0.054395085514803619 0.040712381311744164 0.007819713133163356 -0.041403808473226673 -0.044629928003289125 -0.032392427085192639 -0.011587031285386488 -0.014041913320523815 0.023727296290163517 -0.0064660838564155766 0.001212318716855455
leaf_weight=50.660624727606773 9.5775910988450033 2.9695588797330847 58.326878756284714 3.4709561616182318 6.720486491918563 4.7985004074871531 32.972476225346327 6.2125449851155272 15.271011516451834 53.588429238647223 340.56592903099954
leaf_count=476 72 25 491 53 59 44 293 51 120 477 2639
internal_value=-7.0094e-05 -0.00299612 -0.00408519 0.00505501 -0.0139289 0.000701871 0.00646574 0.0274689 -0.000408621 -0.000223254 0.000168379
internal_weight=585.135 122.149 119.179 61.7978 57.3811 462.986 64.0336 15.7901 48.2435 398.953 394.154
internal_count=4800 1104 1079 544 535 3696 536 123 413 3160 3116
is_linear=0
shrinkage=0.08


Tree=57
num_leaves=15
num_cat=0
split_feature=4 4 0 0 4 0 1 2 4 0 3 4 0 4
split_gain=0.195386 1.33258 1.3011 1.61846 0.797687 1.58089 4.12863 1.19538 1.01796 1.36085 0.584823 0.507299 2.19076 1.1197
threshold=45.500000000000007 50.500000000000007 7.5000000000000009 6.5000000000000009 40.500000000000007 4.5000000000000009 1.5000000000000002 1.0000000180025095e-35 38.500000000000007 6.5000000000000009 1.0000000180025095e-35 51.500000000000007 4.5000000000000009 52.500000000000007
decision_type=2 2 2 2 2 2 2 2 2 2 2 2 2 2
left_child=4 2 3 -2 8 7 -7 -6 10 -10 -1 12 -3 -13
right_child=1 11 -4 -5 5 6 -8 -9 9 -11 -12 13 -14 -15
leaf_value=-0.00022466223667549809 -0.014195590010488392 -0.023450646410937193 -0.050172620323409876 0.041996857514794865 0.044528626747666084 -0.034169459319865883 0.029385659429067772 0.011492286329268964 -0.0088326260880448731 -0.064371878412819356 0.017258664030792872 -0.027427363905541045 0.068433417097852514 0.0024024954056821217
leaf_weight=296.22732526808977 35.847140721976757 3.2732870057225218 5.6273328736424437 3.6108113750815383 9.1092053651809675 14.831711456179619 11.703520581126213 30.413849122822285 17.811783716082576 3.3554288521409026 12.772919129580258 8.5921145156025869 3.3710071817040443 128.44312378019094
leaf_count=2451 313 27 41 35 58 117 97 231 163 33 95 68 27 1044
internal_value=-6.81572e-05 -0.00218639 -0.0141857 -0.0090534 0.000940983 0.00896586 -0.0061381 0.0191064 -0.000664595 -0.0176367 0.000498033 0.00157889 0.0231671 0.000532162
internal_weight=584.991 188.765 45.0853 39.458 396.226 66.0583 26.5352 39.5231 330.167 21.1672 309 143.68 6.64429 137.035
internal_count=4800 1555 389 348 3245 503 214 289 2742 196 2546 1166 54 1112
is_linear=0
shrinkage=0.08


Tree=58
num_leaves=12
num_cat=0
split_feature=0 2 1 4 4 4 4 4 4 4 1
split_gain=0.194521 1.28129 1.30484 1.42356 0.838699 1.32748 1.29125 0.661367 0.63184 0.616678 0.0398598
threshold=7.5000000000000009 1.0000000180025095e-35 1.0000000180025095e-35 33.500000000000007 61.500000000000007 50.500000000000007 67.500000000000014 85.500000000000014 78.500000000000014 7.5000000000000009 1.5000000000000002
decision_type=2 2 2 2 2 2 2 2 2 2 2
left_child=7 2 -2 -4 5 -3 -6 8 9 -1 -10
right_child=1 4 3 -5 6 -7 -8 -9 10 -11 -12
leaf_value=-0.012987352644089104 0.0050429027099998082 0.0069469545210111387 -0.087666593803752357 -0.015608585281411692 -0.054425278921424444 0.041250302544103258 0.015873099513024874 0.033558163501398293 -0.045825535177781929 -2.3852926920267542e-05 -0.027235239901860289
leaf_weight=24.703703638166189 8.9896743297576922 45.414068169891834 2.6247265823185435 5.2931625992059708 3.1922818124294272 8.5847728252410871 3.5119241327047348 3.593981470912694 1.6591944657266131 476.1296482719481 1.329711951315403
leaf_count=247 37 289 34 52 24 50 22 30 23 3971 21
internal_value=-6.76913e-05 0.00366229 -0.0158146 -0.0394953 0.00908716 0.0124005 -0.0176003 -0.000638202 -0.000882139 -0.00066328 -0.037555
internal_weight=585.027 77.6106 16.9076 7.91789 60.703 53.9988 6.70421 507.416 503.822 500.833 2.98891
internal_count=4800 508 123 86 385 339 46 4292 4262 4218 44
is_linear=0
shrinkage=0.08


Tree=59
num_leaves=11
num_cat=0
split_feature=4 4 1 4 0 0 1 1 4 4
split_gain=0.226958 1.61931 1.5819 1.2636 0.708206 0.315398 1.1926 0.28874 0.658585 0.446913
threshold=1.5000000000000002 4.5000000000000009 1.0000000180025095e-35 3.5000000000000004 6.5000000000000009 2.5000000000000004 1.5000000000000002 1.0000000180025095e-35 7.5000000000000009 62.500000000000007
decision_type=2 2 2 2 2 2 2 2 2 2
left_child=2 3 -1 4 -2 -4 -7 9 -9 -3
right_child=1 7 5 -5 -6 6 -8 8 -10 -11
leaf_value=-0.031480330017609852 0.0082974956317163236 0.001309821634579735 0.043532573719072626 -0.089325043419037464 -0.050535082818532445 -0.028468042492041459 0.041102168109607096 -0.032493574878627564 -0.0008066808312189467 0.013610137600133703
leaf_weight=4.2931038551032534 3.1012179031968108 179.38490245491266 4.0610394626855832 2.1335717551410198 2.2665509507060051 2.5051446408033371 4.2563925758004189 4.2478030547499648 357.33769827708602 21.131740394979715
leaf_count=40 33 1232 34 24 19 22 43 49 3161 143
internal_value=-6.47071e-05 -0.000321461 0.00961052 -0.0372453 -0.0165447 0.0259105 0.0153265 0.000171293 -0.00117893 0.00260611
internal_weight=584.719 569.603 15.1157 7.50134 5.36777 10.8226 6.76154 562.102 361.586 200.517
internal_count=4800 4661 139 76 52 99 65 4585 3210 1375
is_linear=0
shrinkage=0.08


Tree=60
num_leaves=9
num_cat=0
split_feature=4 0 2 1 4 4 4 4
split_gain=0.226988 0.234857 1.4362 0.899055 0.715675 0.492026 1.77778 1.33847
threshold=87.500000000000014 7.5000000000000009 1.0000000180025095e-35 1.0000000180025095e-35 15.500000000000002 7.5000000000000009 10.500000000000002 2.5000000000000004
decision_type=2 2 2 2 2 2 2 2
left_child=1 5 3 -3 -4 7 -7 -1
right_child=-2 2 4 -5 -6 6 -8 -9
leaf_value=0.0030186733447089172 -0.019936009646869549 0.00063341425371618131 0.033054080571672403 -0.037007074624176114 0.0066151017564911752 0.033407141829718073 -0.00070993906321616714 -0.035615135483861166
leaf_weight=15.1118745431304 3.6550059951841822 8.743501618504526 7.4829762727022162 7.5837348885834208 52.695005655288696 9.9824887514114362 470.09690533019602 9.2535772137343866
leaf_count=144 29 36 49 85 332 78 3944 103
internal_value=-6.20204e-05 6.30154e-05 0.00419334 -0.01685 0.00990272 -0.000563398 -5.28536e-07 -0.0116538
internal_weight=584.605 580.95 76.5052 16.3272 60.178 504.445 480.079 24.3655
internal_count=4800 4771 502 121 381 4269 4022 247
is_linear=0
shrinkage=0.08


Tree=61
num_leaves=9
num_cat=0
split_feature=4 4 0 2 4 0 4 1
split_gain=0.194483 0.231069 3.30184 3.03587 0.287427 1.80907 0.688621 0.193576
threshold=87.500000000000014 72.500000000000014 5.5000000000000009 1.0000000180025095e-35 59.500000000000007 1.0000000180025095e-35 57.500000000000007 1.5000000000000002
decision_type=2 2 2 2 2 2 2 2
left_child=1 4 3 -3 6 -6 -1 -4
right_child=-2 2 7 -5 5 -7 -8 -9
leaf_value=-0.0001055706953616043 -0.01856097462925935 -0.099192125841747317 0.037135909688060346 0.005644840917999939 0.032285104791082896 -0.011983017014501933 0.019116525032976749 0.063123220482494732
leaf_weight=501.89510148763657 3.6134986355900756 2.458582382649185 4.1147480756044379 6.2918673604726791 6.8351580575108519 43.564350128173828 12.218129716813563 3.310255266726017
leaf_count=4083 29 29 30 75 53 392 89 20
internal_value=-5.89462e-05 5.61879e-05 0.00948372 -0.0238108 -0.000213947 -0.00597939 0.000351251 0.0487217
internal_weight=584.302 580.688 16.1755 8.75045 564.513 50.3995 514.113 7.425
internal_count=4800 4771 154 104 4617 445 4172 50
is_linear=0
shrinkage=0.08


Tree=62
num_leaves=16
num_cat=0
split_feature=4 4 1 0 0 4 1 2 2 4 0 0 3 4 2
split_gain=0.196256 1.11469 1.16589 1.45767 1.22402 0.772753 2.16504 1.20255 0.728959 2.96399 4.47337 1.80117 1.12603 2.94914 0.778169
threshold=45.500000000000007 52.500000000000007 1.5000000000000002 1.5000000000000002 1.5000000000000002 56.500000000000007 1.5000000000000002 1.5000000000000002 1.0000000180025095e-35 39.500000000000007 5.5000000000000009 1.0000000180025095e-35 1.0000000180025095e-35 20.500000000000004 1.5000000000000002
decision_type=2 2 2 2 2 2 2 2 2 2 2 2 2 2 2
left_child=8 2 4 -4 -2 6 -3 -7 9 11 -11 -1 14 -14 -10
right_child=1 5 3 -5 -6 7 -8 -9 12 10 -12 -13 13 -15 -16
leaf_value=-0.035078691195680758 0.0097104689290851195 0.026355793334355008 -0.03305303755024535 0.013857484281726904 -0.027337428626191408 0.0021001283078030761 -0.012119513302778422 -0.022633393542018793 -0.0040221583722710808 0.06122079469125228 -0.022010218750116963 0.0042747777056294225 -0.043014258700945524 0.046656553597031636 0.0065263266130291125
leaf_weight=8.353287644684313 7.0831900537013999 24.010257631540298 5.5577533468604114 17.871205620467663 29.385081931948662 74.065839459188282 15.340392448008059 15.155204903334377 232.37357765808702 13.185046009719374 6.0196272134780875 68.33137372136116 3.1908435076475135 8.8793541267514211 55.436022505164146
leaf_count=75 64 162 55 146 246 641 114 127 1936 91 52 556 27 60 448
internal_value=-5.68151e-05 -0.00218156 -0.0111955 0.0027295 -0.0201417 0.00201775 0.0113566 -0.00210114 0.000955009 0.00702669 0.0351324 -1.20098e-05 -0.000986467 0.0229514 -0.00199038
internal_weight=584.238 188.469 59.8972 23.429 36.4683 128.572 39.3507 89.221 395.769 95.8893 19.2047 76.6847 299.88 12.0702 287.81
internal_count=4800 1555 511 201 310 1044 276 768 3245 774 143 631 2471 87 2384
is_linear=0
shrinkage=0.08


Tree=63
num_leaves=10
num_cat=0
split_feature=4 4 1 4 0 4 4 0 1
split_gain=0.17649 1.33237 1.32268 1.19676 0.648949 0.271421 0.346844 0.267976 0.984454
threshold=1.5000000000000002 4.5000000000000009 1.0000000180025095e-35 3.5000000000000004 6.5000000000000009 6.5000000000000009 7.5000000000000009 2.5000000000000004 1.5000000000000002
decision_type=2 2 2 2 2 2 2 2 2
left_child=2 3 -1 4 -2 -3 -7 -4 -9
right_child=1 5 7 -5 -6 6 -8 8 -10
leaf_value=-0.029633978229167027 0.0089748054189941872 0.02022078012673895 0.038944129094034427 -0.088284648416363395 -0.047900359361513982 -0.03083350343440986 0.00012742062296101442 -0.027222204464541235 0.035887280278972117
leaf_weight=4.2281932942569247 3.080614209175109 4.2803064882755271 4.1814696714282018 1.9340181536972521 2.2014718428254128 2.3254263922572127 554.93181393388659 2.4659029468894005 4.4128724187612534
leaf_count=40 33 40 34 24 19 28 4517 22 43
internal_value=-5.85633e-05 -0.00028657 0.00842363 -0.0344434 -0.0147297 0.000152367 -1.77886e-06 0.0229726 0.0132638
internal_weight=584.042 568.754 15.2884 7.2161 5.28209 561.538 557.257 11.0602 6.87878
internal_count=4800 4661 139 76 52 4585 4545 99 65
is_linear=0
shrinkage=0.08


Tree=64
num_leaves=13
num_cat=0
split_feature=0 4 4 3 0 4 4 4 2 4 4 4
split_gain=0.179263 0.765837 0.86674 0.685092 0.414638 0.393651 1.00967 1.52421 1.18667 0.958035 1.28399 1.22857
threshold=1.5000000000000002 71.500000000000014 67.500000000000014 1.0000000180025095e-35 1.0000000180025095e-35 37.500000000000007 40.500000000000007 41.500000000000007 1.5000000000000002 33.500000000000007 32.500000000000007 34.500000000000007
decision_type=2 2 2 2 2 2 2 2 2 2 2 2
left_child=1 2 3 -1 -3 9 8 -8 -7 10 -2 -11
right_child=5 4 -4 -5 -6 6 7 -9 -10 11 -12 -13
leaf_value=-0.0040270780247370578 0.0016828634545489457 -0.085237899821164517 0.040743503607083412 0.034090818425656637 -0.015811532694274766 -0.0094262291072819294 0.030594296945540254 -0.0014488574878365483 -0.057665762452975278 0.034914810552251124 -0.034982333119499831 0.0053220086135067814
leaf_weight=113.45533182099462 184.95349415764213 1.0699908901005974 2.9710568673908702 3.1001198962330809 1.1340893767774105 20.655603945255283 9.9970107525587064 191.36858011595905 3.8760683722794047 12.365484043955801 6.3216413110494605 32.780169129371643
leaf_count=1011 1503 23 27 25 18 189 68 1526 36 77 54 243
internal_value=-5.58629e-05 -0.00278724 -0.00192557 -0.00301323 -0.0495152 0.000663321 -0.00172483 0.000141959 -0.0170482 0.00294517 0.000471079 0.0134275
internal_weight=584.049 121.731 119.527 116.555 2.20408 462.318 225.897 201.366 24.5317 236.421 191.275 45.1457
internal_count=4800 1104 1063 1036 41 3696 1819 1594 225 1877 1557 320
is_linear=0
shrinkage=0.08


Tree=65
num_leaves=12
num_cat=0
split_feature=1 4 4 4 4 4 4 4 4 0 1
split_gain=0.155414 0.853453 2.52533 1.02187 1.00669 0.689764 0.469502 1.28727 0.976742 0.220209 0.818236
threshold=1.0000000180025095e-35 1.5000000000000002 5.5000000000000009 3.5000000000000004 12.500000000000002 1.0000000180025095e-35 62.500000000000007 65.500000000000014 46.500000000000007 2.5000000000000004 1.5000000000000002
decision_type=2 2 2 2 2 2 2 2 2 2 2
left_child=5 9 3 -3 -4 -1 8 -8 -7 -2 -11
right_child=1 2 4 -5 -6 6 7 -9 -10 10 -12
leaf_value=-0.033685359999472142 0.034934739551508651 -0.023981648430741881 0.018860654286266924 -0.088550229056071433 -0.0017097992215685984 0.0043128671869534074 0.043092460026072539 0.0003691538621568052 -0.0093853285126360552 -0.025679481257776509 0.031920040435955949
leaf_weight=3.4643441736698142 4.2918194606900197 3.6911396645009509 15.931496385484932 2.7280372232198715 343.86333382129669 137.91677531599998 6.5405556038022068 14.563997555524109 43.92471531778574 2.4196907058358192 4.5398547127842903
leaf_count=34 34 42 155 33 3042 951 43 100 301 22 43
internal_value=-5.43627e-05 -0.00101953 -0.0016863 -0.0514222 -0.000798952 0.00171065 0.00231487 0.0136096 0.001004 0.0206828 0.0118939
internal_weight=583.876 377.465 366.214 6.41918 359.795 206.41 202.946 21.1046 181.841 11.2514 6.95955
internal_count=4800 3371 3272 75 3197 1429 1395 143 1252 99 65
is_linear=0
shrinkage=0.08


Tree=66
num_leaves=12
num_cat=0
split_feature=0 2 1 4 4 4 4 4 4 1 1
split_gain=0.154531 0.906861 1.0547 1.43007 0.747976 1.0854 0.63575 0.522902 0.381229 0.310341 0.0341276
threshold=7.5000000000000009 1.0000000180025095e-35 1.0000000180025095e-35 33.500000000000007 15.500000000000002 24.500000000000004 85.500000000000014 78.500000000000014 7.5000000000000009 1.0000000180025095e-35 1.5000000000000002
decision_type=2 2 2 2 2 2 2 2 2 2 2
left_child=6 2 -2 -4 9 -6 7 8 -1 -3 -9
right_child=1 4 3 -5 5 -7 -8 10 -10 -11 -12
leaf_value=-0.010438923826457079 0.0050532660479723698 0.013997174136182402 -0.086824476786661164 -0.011640498217790601 -0.029214887061301893 0.008321516161389042 0.032928644314257002 -0.042695555270903914 -0.00010952758340970082 0.046630059657228939 -0.025163296925784936
leaf_weight=24.021518260240555 8.9850150048732775 3.4887482523918143 2.3793100938200942 5.0679587796330452 5.4960431084036818 47.886935360729694 3.6019088178873053 1.5846843011677256 475.93396041914821 4.0076706185936928 1.2882116716355085
leaf_count=247 37 15 34 52 42 294 30 23 3971 34 21
internal_value=-5.29197e-05 0.00327847 -0.0133988 -0.0356608 0.00777991 0.00445696 -0.00056149 -0.000801389 -0.000605827 0.0314431 -0.0348341
internal_weight=583.742 77.3117 16.4323 7.44727 60.8794 53.383 506.43 502.828 499.955 7.49642 2.8729
internal_count=4800 508 123 86 385 336 4292 4262 4218 49 44
is_linear=0
shrinkage=0.08


Tree=67
num_leaves=9
num_cat=0
split_feature=4 4 0 2 4 0 4 1
split_gain=0.190586 0.23663 2.63975 2.86239 0.261364 1.51567 0.612744 0.159273
threshold=87.500000000000014 72.500000000000014 5.5000000000000009 1.0000000180025095e-35 59.500000000000007 1.0000000180025095e-35 57.500000000000007 1.5000000000000002
decision_type=2 2 2 2 2 2 2 2
left_child=1 4 3 -3 6 -6 -1 -4
right_child=-2 2 7 -5 5 -7 -8 -9
leaf_value=-0.00010405740608187601 -0.018375355353662734 -0.097659523466606335 0.033423899415793837 0.0071530150391396902 0.028866166939267274 -0.011303077307974243 0.017964942141600437 0.056708822240199484
leaf_weight=501.28590854629874 3.6100492589175692 2.2819344662129897 4.1934019252657881 6.193761246278882 6.98254420608282 43.237567197531462 12.306198202073572 3.4079952463507652
leaf_count=4083 29 29 30 75 53 392 89 20
internal_value=-5.09031e-05 6.31742e-05 0.00963325 -0.0210659 -0.000209716 -0.00571799 0.000328895 0.0438634
internal_weight=583.499 579.889 16.0771 8.4757 563.812 50.2201 513.592 7.6014
internal_count=4800 4771 154 104 4617 445 4172 50
is_linear=0
shrinkage=0.08


Tree=68
num_leaves=6
num_cat=0
split_feature=4 4 4 4 0
split_gain=0.163137 0.231595 0.199437 0.739193 0.708293
threshold=87.500000000000014 82.500000000000014 75.500000000000014 72.500000000000014 5.5000000000000009
decision_type=2 2 2 2 2
left_child=1 2 3 -1 -4
right_child=-2 -3 4 -5 -6
leaf_value=-0.00019365853833535701 -0.017093374113320986 0.024208219269049092 -0.035303429603263804 0.026920439510927076 0.015789767575748459
leaf_weight=563.72986693680286 3.5719728767871848 2.5298333056271067 4.0479529770091167 6.5092841349542132 3.0409614183008671
leaf_count=4617 29 26 55 51 22
internal_value=-4.90945e-05 5.58997e-05 -4.9935e-05 0.000115849 -0.0133858
internal_weight=583.43 579.858 577.328 570.239 7.08891
internal_count=4800 4771 4745 4668 77
is_linear=0
shrinkage=0.08


Tree=69
num_leaves=13
num_cat=0
split_feature=0 4 0 4 4 4 2 0 4 4 4 0
split_gain=0.158192 0.686765 0.825188 0.769967 0.668258 0.355543 1.26727 2.08979 1.68247 0.67155 1.13592 0.565261
threshold=1.5000000000000002 69.500000000000014 1.0000000180025095e-35 66.500000000000014 57.500000000000007 17.500000000000004 1.0000000180025095e-35 5.5000000000000009 13.500000000000002 20.500000000000004 21.500000000000004 3.5000000000000004
decision_type=2 2 2 2 2 2 2 2 2 2 2 2
left_child=1 3 -3 4 -1 6 7 -2 -8 11 -11 -7
right_child=5 2 -4 -5 -6 9 8 -9 -10 10 -12 -13
leaf_value=-0.00087298038423601397 0.048399887508555305 -0.086962404300761201 -0.0053859928110385081 0.03876362919589707 -0.023594772838418449 -0.045243684568790229 -0.010648083959672087 -0.01125499732489961 0.021401801362877202 0.032874950730964414 -0.00020612783729189452 -0.0082583036230137151
leaf_weight=106.24458767101169 9.8796516358852369 1.3412997135892502 1.9435247778892517 2.9474558904767028 8.9845066890120489 3.4894956946372977 32.541950587183237 6.0657287016510955 15.464219987392424 6.7622865736484519 376.79406826011837 10.923327662050722
leaf_count=952 72 26 27 23 76 31 293 51 120 55 2972 102
internal_value=-4.57332e-05 -0.00261477 -0.0386963 -0.00161185 -0.00264462 0.000629791 0.0061665 0.0257068 -0.00032386 -0.000259929 0.000377108 -0.0172129
internal_weight=583.382 121.461 3.28482 118.177 115.229 461.921 63.9516 15.9454 48.0062 397.969 383.556 14.4128
internal_count=4800 1104 53 1051 1028 3696 536 123 413 3160 3027 133
is_linear=0
shrinkage=0.08


Tree=70
num_leaves=10
num_cat=0
split_feature=4 2 4 0 0 4 4 4 0
split_gain=0.151955 2.38949 1.71383 0.409396 0.763405 0.271174 0.287249 0.212259 0.0491532
threshold=2.5000000000000004 1.5000000000000002 4.5000000000000009 1.0000000180025095e-35 3.5000000000000004 6.5000000000000009 5.5000000000000009 11.500000000000002 6.5000000000000009
decision_type=2 2 2 2 2 2 2 2 2
left_child=1 3 8 -1 -5 6 -4 -7 -2
right_child=2 -3 5 4 -6 7 -8 -9 -10
leaf_value=-0.0087454876828973998 -0.056756004300913432 -0.067616412468280263 -4.877488639780025e-05 0.049099628535533409 0.0088629555733754292 -0.008350528826879566 0.041537020039002129 0.00025979729722673951 -0.039866662091234774
leaf_weight=2.8348730057477978 2.5564303658902636 2.3664092049002639 2.1788771525025359 5.0188682451844198 7.5689472407102585 18.969788454473019 2.0757704228162766 537.80098798405379 1.9395192489027975
leaf_count=26 34 22 21 41 74 159 19 4386 18
internal_value=-4.5055e-05 0.00723518 -0.000274063 0.0187202 0.0249057 0.000120184 0.0202402 -3.35659e-05 -0.0494701
internal_weight=583.31 17.7891 565.521 15.4227 12.5878 561.025 4.25465 556.771 4.49595
internal_count=4800 163 4637 141 115 4585 40 4545 52
is_linear=0
shrinkage=0.08


Tree=71
num_leaves=16
num_cat=0
split_feature=4 4 4 0 3 2 4 4 1 0 1 0 4 0 4
split_gain=0.137432 1.05515 0.961356 1.24887 1.19593 0.913279 1.29507 0.564019 0.837183 1.51921 0.995876 0.653862 1.37279 0.786894 0.534853
threshold=26.500000000000004 22.500000000000004 20.500000000000004 1.5000000000000002 1.0000000180025095e-35 1.5000000000000002 24.500000000000004 28.500000000000004 1.0000000180025095e-35 3.5000000000000004 1.5000000000000002 1.0000000180025095e-35 33.500000000000007 2.5000000000000004 24.500000000000004
decision_type=2 2 2 2 2 2 2 2 2 2 2 2 2 2 2
left_child=1 2 4 -4 -1 6 -3 8 9 -2 -10 12 -9 -13 -7
right_child=7 5 3 -5 -6 14 -8 11 10 -11 -12 13 -14 -15 -16
leaf_value=0.0005908128331586481 0.066871663803144424 -0.037260721640437797 0.066182094013611456 0.0091350063392224342 -0.04233087337100739 0.041031769042007123 -0.0048151537756256834 0.04133488330843825 -0.020488216417344583 0.0019152750061329647 0.019111532994244288 -0.0081617194890457739 0.0029856677291571947 0.00083534983719693633 -0.0087811743061540198
leaf_weight=96.298174265772104 4.2151026129722613 13.939567573368548 3.013323828577998 13.279180206358431 4.3419650271534911 2.7788192182779303 18.092423558235168 7.1061542481183997 7.3800753653049478 5.0835044682025909 9.0467883124947548 80.125266555696726 37.500346745364368 278.32849498093128 2.7395659685134888
leaf_count=860 25 150 28 111 36 21 158 58 54 37 67 745 308 2116 26
internal_value=-4.31815e-05 -0.00208906 0.00165761 0.019686 -0.00126098 -0.0137563 -0.0189347 0.000693908 0.0121786 0.0313603 0.00132061 -3.91074e-05 0.00909499 -0.00117577 0.0163025
internal_weight=583.269 154.483 116.933 16.2925 100.64 37.5504 32.032 428.786 25.7255 9.29861 16.4269 403.06 44.6065 358.454 5.51839
internal_count=4800 1390 1035 139 896 355 308 3410 183 62 121 3227 366 2861 47
is_linear=0
shrinkage=0.08


Tree=72
num_leaves=15
num_cat=0
split_feature=0 4 1 4 4 0 4 4 4 2 0 4 4 4
split_gain=0.153699 0.641942 2.94279 2.026 1.77109 4.1012 1.80649 1.21416 0.323113 1.03141 1.68799 1.39586 0.612419 0.333618
threshold=1.5000000000000002 31.500000000000004 1.0000000180025095e-35 20.500000000000004 33.500000000000007 1.0000000180025095e-35 36.500000000000007 22.500000000000004 17.500000000000004 1.0000000180025095e-35 5.5000000000000009 13.500000000000002 18.500000000000004 26.500000000000004
decision_type=2 2 2 2 2 2 2 2 2 2 2 2 2 2
left_child=1 2 3 -1 5 -3 -6 -4 9 10 -2 -11 -10 -14
right_child=8 4 7 -5 6 -7 -8 -9 12 11 -12 -13 13 -15
leaf_value=-0.076761827834819482 0.043337266530887195 0.10506340347606415 0.016196939530598746 -0.013340329316068961 -0.041920425682159035 -0.030386836306231239 0.00254742704224111 -0.014751646869127714 -0.029182430917372486 -0.0095153776562981272 -0.010132002670217162 0.019607205552554196 -0.0057794239121116168 0.0010351520153884248
leaf_weight=5.9278527051210386 10.122594580054285 3.1991473883390418 18.571996580809355 7.0664962530136108 6.4433851242065421 2.5879739820957184 63.156939661130309 14.405825577676294 4.62050962075591 32.239504411816597 6.0294514410197726 15.644660837948321 53.169495828449726 339.94578474201262
leaf_count=61 72 25 187 62 59 23 554 133 44 293 51 120 477 2639
internal_value=-4.35753e-05 -0.00257706 -0.0100279 -0.0422724 0.00196652 0.0444907 -0.00156927 0.00267755 0.000622257 0.00589623 0.0233775 -4.79889e-07 -0.000226862 0.000113469
internal_weight=583.132 121.36 45.9722 12.9943 75.3874 5.78712 69.6003 32.9778 461.772 64.0362 16.152 47.8842 397.736 393.115
internal_count=4800 1104 443 123 661 48 613 320 3696 536 123 413 3160 3116
is_linear=0
shrinkage=0.08


Tree=73
num_leaves=12
num_cat=0
split_feature=0 4 4 4 4 1 4 4 4 4 1
split_gain=0.142698 0.90121 1.76945 1.06294 1.70004 1.38713 0.571809 0.439064 0.339275 0.0351473 4.74302e-05
threshold=7.5000000000000009 15.500000000000002 9.5000000000000018 30.500000000000004 43.500000000000007 1.5000000000000002 85.500000000000014 78.500000000000014 76.500000000000014 82.500000000000014 1.0000000180025095e-35
decision_type=2 2 2 2 2 2 2 2 2 2 2
left_child=6 2 10 5 -5 -3 7 8 -1 -9 -2
right_child=1 3 -4 4 -6 -7 -8 9 -10 -11 -12
leaf_value=-0.00075425268047615748 0.001628266098417763 -0.0064071130525115184 0.075365385829124693 0.022453676590442076 -0.0070020968701032882 -0.065191015887935702 0.031096830947689148 -0.0226829630315399 0.025511627866305106 -0.040760579719907264 0.002068466381336777
leaf_weight=496.20024608820677 2.9102856516838056 13.41311974078417 3.140802726149559 21.961312547326088 29.231324855238199 3.1777588762342921 3.631171539425849 1.2670889515429729 3.1674588881433001 1.5069220643490551 3.3926967717707157
leaf_count=4187 12 82 19 136 192 36 30 25 31 19 31
internal_value=-4.61485e-05 0.00315685 0.0263098 -6.8882e-05 0.00563424 -0.0176664 -0.00053522 -0.000763963 -0.00058765 -0.0325032 0.00186521
internal_weight=583 77.2273 9.44379 67.7835 51.1926 16.5909 505.773 502.142 499.368 2.77401 6.30298
internal_count=4800 508 62 446 328 118 4292 4262 4218 44 43
is_linear=0
shrinkage=0.08


Tree=74
num_leaves=6
num_cat=0
split_feature=4 4 0 2 4
split_gain=0.166192 0.212572 0.181085 1.02004 0.330834
threshold=87.500000000000014 82.500000000000014 7.5000000000000009 1.0000000180025095e-35 7.5000000000000009
decision_type=2 2 2 2 2
left_child=1 2 4 -4 -1
right_child=-2 -3 3 -5 -6
leaf_value=-0.0098141870181440004 -0.017220044599701879 0.023177757998439259 -0.014463418151686138 0.008339240511466282 -0.00013368297031006749
leaf_weight=23.718220517039299 3.5831351205706587 2.5349897593259803 15.854483578354118 60.33364737033844 476.69222512282431
leaf_count=247 29 26 121 381 3996
internal_value=-4.3967e-05 6.23025e-05 -3.93236e-05 0.00359409 -0.000592515
internal_weight=582.717 579.134 576.599 76.1881 500.41
internal_count=4800 4771 4745 502 4243
is_linear=0
shrinkage=0.08


Tree=75
num_leaves=10
num_cat=0
split_feature=4 2 4 0 0 4 4 0 0
split_gain=0.165762 2.08892 1.4581 0.35141 0.65278 0.240505 0.235333 0.175145 0.0540339
threshold=2.5000000000000004 1.5000000000000002 4.5000000000000009 1.0000000180025095e-35 3.5000000000000004 6.5000000000000009 5.5000000000000009 2.5000000000000004 6.5000000000000009
decision_type=2 2 2 2 2 2 2 2 2
left_child=1 3 8 -1 -5 6 -4 -7 -2
right_child=2 -3 5 4 -6 7 -8 -9 -10
leaf_value=-0.0076244542833398985 -0.054555963301864997 -0.064759514886039232 0.00046501163057127188 0.045831766692370178 0.0087932320448435956 -0.0022054042046140408 0.037986883233571432 0.00087430822009635701 -0.036503356273551758
leaf_weight=2.7993196696043041 2.4189273193478575 2.2322796061635009 2.1693497188389292 5.0957734584808332 7.5684877447783947 170.34013560879976 2.1105745732784271 385.97902174666524 1.8903957717120645
leaf_count=26 34 22 21 41 74 1547 19 2998 18
internal_value=-4.08491e-05 0.00758342 -0.000279681 0.0180266 0.0236966 7.66657e-05 0.0189683 -6.86732e-05 -0.0466367
internal_weight=582.604 17.6959 564.908 15.4636 12.6643 560.599 4.27992 556.319 4.30932
internal_count=4800 163 4637 141 115 4585 40 4545 52
is_linear=0
shrinkage=0.08


Tree=76
num_leaves=6
num_cat=0
split_feature=4 4 4 1 4
split_gain=0.142762 0.176498 0.182296 0.666635 0.629375
threshold=87.500000000000014 82.500000000000014 75.500000000000014 1.0000000180025095e-35 72.500000000000014
decision_type=2 2 2 2 2
left_child=1 2 4 -4 -1
right_child=-2 -3 3 -5 -6
leaf_value=-0.0001641396843844634 -0.016037896004597735 0.020970865136715915 0.024949223741303098 -0.028948068420216581 0.02471625261435419
leaf_weight=562.7819684818387 3.5478553213179103 2.5715642329305402 2.0939695350825778 4.9185864832252264 6.58302954211831
leaf_count=4617 29 26 14 63 51
internal_value=-3.91073e-05 5.89348e-05 -3.43658e-05 -0.0128542 0.000123529
internal_weight=582.497 578.949 576.378 7.01256 569.365
internal_count=4800 4771 4745 77 4668
is_linear=0
shrinkage=0.08


Tree=77
num_leaves=10
num_cat=0
split_feature=4 2 4 1 2 4 4 4 0
split_gain=0.139191 1.82198 1.27909 0.315896 0.971213 0.212209 2.07677 1.20517 0.0547083
threshold=2.5000000000000004 1.5000000000000002 4.5000000000000009 1.0000000180025095e-35 1.0000000180025095e-35 12.500000000000002 11.500000000000002 13.500000000000002 6.5000000000000009
decision_type=2 2 2 2 2 2 2 2 2
left_child=1 3 8 -1 -5 6 -4 -7 -2
right_child=2 -3 5 4 -6 7 -8 -9 -10
leaf_value=-0.0032216045658355571 -0.052620358452058341 -0.062352147148308883 -0.0028971970716979247 -0.024374109681282351 0.034224055260974343 -0.037547559484761725 0.055794090621630349 0.00010574738223307355 -0.034182600108155686
leaf_weight=3.9254551194608238 2.3111786544322959 2.1365264132618895 23.136583495885137 2.2387779206037495 9.4559882804751396 5.4969981648027888 4.630808860063552 527.25672736205161 1.8579108491539953
leaf_count=37 34 22 199 18 86 47 40 4299 18
internal_value=-3.64579e-05 0.00693769 -0.000255761 0.0164151 0.0230064 7.26069e-05 0.00689084 -0.000282763 -0.0444038
internal_weight=582.447 17.7567 564.69 15.6202 11.6948 560.521 27.7674 532.754 4.16909
internal_count=4800 163 4637 141 104 4585 239 4346 52
is_linear=0
shrinkage=0.08


Tree=78
num_leaves=14
num_cat=0
split_feature=4 4 0 2 4 0 4 3 4 2 4 1 4
split_gain=0.134979 1.59567 4.06028 0.501265 2.0064 2.37663 1.69482 0.763071 2.04563 0.687685 0.380985 1.91946 0.716897
threshold=46.500000000000007 47.500000000000007 3.5000000000000004 1.0000000180025095e-35 39.500000000000007 1.0000000180025095e-35 37.500000000000007 1.0000000180025095e-35 20.500000000000004 1.5000000000000002 52.500000000000007 1.0000000180025095e-35 56.500000000000007
decision_type=2 2 2 2 2 2 2 2 2 2 2 2 2
left_child=3 2 -2 4 6 -6 -1 9 -9 -5 11 -3 -12
right_child=1 10 -4 7 5 -7 -8 8 -10 -11 12 -13 -14
leaf_value=0.0027856561946052638 0.020976493437978378 -0.029345649106843646 -0.091014485049644669 -0.0035578265657932699 0.095005240011337075 0.016885376022457245 -0.045910546939467486 -0.038525281102863754 0.035975720758385947 0.0062838284314456153 0.010955004734340442 0.0061039898052932338 -0.0020111574143159457
leaf_weight=71.731759820133448 4.0625752061605436 15.362713456153868 4.2283651381731033 236.29754354804754 2.8760316371917751 18.685517631471157 4.8857246860861769 3.0997276790440074 9.8674692809581739 56.257670767605305 39.387933805584908 26.878217503428459 88.856562827713788
leaf_count=585 38 116 41 1977 19 141 46 27 64 458 276 244 768
internal_value=-3.59752e-05 -0.00186601 -0.0361387 0.000774441 0.00574729 0.0273056 -0.000319591 -0.000823575 0.0181667 -0.0016653 -0.000199278 -0.00678878 0.00197116
internal_weight=582.478 178.776 8.29094 403.701 98.179 21.5615 76.6175 305.522 12.9672 292.555 170.485 42.2409 128.244
internal_count=4800 1483 79 3317 791 160 631 2526 91 2435 1404 360 1044
is_linear=0
shrinkage=0.08


Tree=79
num_leaves=11
num_cat=0
split_feature=1 4 4 4 4 4 4 4 0 1
split_gain=0.138279 0.659011 1.83797 1.04492 0.764805 0.533515 0.556617 1.03957 0.129512 0.712488
threshold=1.0000000180025095e-35 1.5000000000000002 5.5000000000000009 3.5000000000000004 12.500000000000002 1.0000000180025095e-35 6.5000000000000009 11.500000000000002 2.5000000000000004 1.5000000000000002
decision_type=2 2 2 2 2 2 2 2 2 2
left_child=5 8 3 -3 -4 -1 -7 -8 -2 -10
right_child=1 2 4 -5 -6 6 7 -9 9 -11
leaf_value=-0.030230068328263818 0.028576111947752149 -0.018097996498493002 0.016123623653936901 -0.087417258712025755 -0.0016269578790425018 0.030207790083630441 -0.027984292253131083 0.0026625538888064514 -0.024447837662392804 0.029466584007963884
leaf_weight=3.3097240254282942 4.469525530934332 3.4132697992026797 16.271331533789635 2.3498839922249317 343.18676837719977 4.4264233261346808 7.3571864962577811 190.59438476711512 2.3765427842736244 4.6151059046387672
leaf_count=34 34 42 155 33 3042 34 48 1313 22 43
internal_value=-3.83573e-05 -0.000949287 -0.00154206 -0.0463624 -0.000823455 0.00162986 0.0021509 0.00152351 0.0179398 0.0111404
internal_weight=582.37 376.682 365.221 5.76315 359.458 205.688 202.378 197.952 11.4612 6.99165
internal_count=4800 3371 3272 75 3197 1429 1395 1361 99 65
is_linear=0
shrinkage=0.08


Tree=80
num_leaves=14
num_cat=0
split_feature=0 4 0 4 4 4 4 0 4 4 4 4 4
split_gain=0.125324 0.606653 0.791517 0.73433 1.35099 0.32406 0.86292 1.21526 1.1941 0.741709 1.16461 1.01511 0.0791289
threshold=1.5000000000000002 69.500000000000014 1.0000000180025095e-35 64.500000000000014 57.500000000000007 37.500000000000007 40.500000000000007 6.5000000000000009 41.500000000000007 33.500000000000007 31.500000000000004 34.500000000000007 66.500000000000014
decision_type=2 2 2 2 2 2 2 2 2 2 2 2 2
left_child=1 3 -3 4 -1 9 7 -7 -8 10 -2 -11 -5
right_child=5 2 -4 12 -6 6 8 -9 -10 11 -12 -13 -14
leaf_value=-0.00073632097038288575 0.0024092218283594271 -0.086424783618884754 -0.0046851019714589442 0.016652986954487189 -0.039629949938427299 -0.006484099625805274 0.026763865563225773 -0.050094260661287235 -0.001316798515048105 0.031146878118482466 -0.01944607336987517 0.0044252223652591904 0.035380296561257032
leaf_weight=105.93834844231606 173.56436514481902 1.2493744371458879 1.9284847229719162 2.7761331200599662 6.041768927127122 18.971060387790207 10.210616409778593 5.2133479267358771 190.74412680976093 12.575478881597517 17.145856037735939 32.906525641679764 3.0092223808169365
leaf_count=952 1422 26 27 20 56 174 68 51 1526 77 135 243 23
internal_value=-3.74009e-05 -0.00232963 -0.036821 -0.0013989 -0.00283479 0.000563534 -0.00160818 -0.015885 0.000109995 0.00263362 0.000444315 0.0118136 0.0263939
internal_weight=582.275 120.943 3.17786 117.765 111.98 461.331 225.139 24.1844 200.955 236.192 190.71 45.482 5.78536
internal_count=4800 1104 53 1051 1008 3696 1819 225 1594 1877 1557 320 43
is_linear=0
shrinkage=0.08


Tree=81
num_leaves=7
num_cat=0
split_feature=4 4 4 0 0 4
split_gain=0.127582 0.839173 0.279656 3.08043 0.192187 0.0704227
threshold=85.500000000000014 78.500000000000014 72.500000000000014 6.5000000000000009 4.5000000000000009 81.500000000000014
decision_type=2 2 2 2 2 2
left_child=1 2 4 -4 -1 -3
right_child=-2 5 3 -5 -6 -7
leaf_value=0.0011368330195704111 0.013244439188894825 -0.026458098539574648 -0.020122130385940837 0.063870276947390461 -0.001843364682217455 -0.050479512000182372
leaf_weight=315.9716323800385 4.592272136360406 1.3136679558083408 7.2444246690720302 4.5495285242795944 246.54914796724916 1.9265932254493234
leaf_count=2595 36 22 74 23 2022 28
internal_value=-3.71988e-05 -0.000142804 8.62478e-05 0.012278 -0.000169368 -0.0407407
internal_weight=582.147 577.555 574.315 11.794 562.521 3.24026
internal_count=4800 4764 4714 97 4617 50
is_linear=0
shrinkage=0.08


Tree=82
num_leaves=6
num_cat=0
split_feature=4 4 0 2 4
split_gain=0.132079 0.187252 0.188517 0.873065 0.299522
threshold=87.500000000000014 82.500000000000014 7.5000000000000009 1.0000000180025095e-35 7.5000000000000009
decision_type=2 2 2 2 2
left_child=1 2 4 -4 -1
right_child=-2 -3 3 -5 -6
leaf_value=-0.0094224097996827294 -0.01546878165087782 0.021699218653173879 -0.013098718918692354 0.008052162538679318 -0.00016672155689645304
leaf_weight=23.479245621711016 3.5272864215075961 2.5477768387645474 15.751332968473433 60.32815957814455 476.39863219950348
leaf_count=247 29 26 121 381 3996
internal_value=-3.5196e-05 5.89064e-05 -3.68207e-05 0.00367313 -0.000601461
internal_weight=582.032 578.505 575.957 76.0795 499.878
internal_count=4800 4771 4745 502 4243
is_linear=0
shrinkage=0.08


Tree=83
num_leaves=10
num_cat=0
split_feature=4 4 1 2 0 4 0 4 0
split_gain=0.122135 1.02769 0.448558 0.58338 0.233144 0.228374 0.154741 0.149191 0.0440928
threshold=2.5000000000000004 4.5000000000000009 1.0000000180025095e-35 1.0000000180025095e-35 1.0000000180025095e-35 6.5000000000000009 2.5000000000000004 5.5000000000000009 6.5000000000000009
decision_type=2 2 2 2 2 2 2 2 2
left_child=2 8 -1 -4 -5 7 -7 -3 -2
right_child=1 5 3 4 -6 6 -8 -9 -10
leaf_value=-0.015698800226591945 -0.048899036973300954 0.0032840823957343231 -0.023725962793236102 -0.00023140252806811435 0.027356956328687367 -0.0021051548413944872 0.00079141447800730447 0.033238512986898894 -0.031867248721783648
leaf_weight=4.3975111097097423 2.1173448525369158 2.0943611972033969 2.2215306460857365 2.5305810496211061 8.7014013677835447 170.06430534366518 385.83088909462094 2.1633451506495476 1.7996577024459841
leaf_count=43 34 21 18 21 81 1547 2998 19 18
internal_value=-3.27307e-05 -0.000238909 0.00648224 0.0137325 0.0211413 4.66388e-05 -9.47293e-05 0.018504 -0.0410738
internal_weight=581.921 564.07 17.851 13.4535 11.232 560.153 555.895 4.25771 3.917
internal_count=4800 4637 163 120 102 4585 4545 40 52
is_linear=0
shrinkage=0.08


Tree=84
num_leaves=16
num_cat=0
split_feature=1 4 0 4 0 0 0 4 2 4 0 4 4 3 0
split_gain=0.124274 0.529161 1.32592 3.53196 2.38991 0.522245 1.60669 1.93623 1.45812 1.20297 1.20436 0.469066 2.21236 1.36036 0.198692
threshold=1.0000000180025095e-35 61.500000000000007 5.5000000000000009 69.500000000000014 3.5000000000000004 3.5000000000000004 2.5000000000000004 25.500000000000004 1.0000000180025095e-35 69.500000000000014 7.5000000000000009 47.500000000000007 45.500000000000007 1.0000000180025095e-35 6.5000000000000009
decision_type=2 2 2 2 2 2 2 2 2 2 2 2 2 2 2
left_child=5 11 4 -4 -3 6 8 -8 -1 10 -7 12 -2 -13 -11
right_child=1 2 3 -5 -6 9 7 -9 -10 14 -12 13 -14 -15 -16
leaf_value=-0.025309044054632239 0.00010681121235465344 -0.01613909233863705 -0.075399220669885011 0.0050715428889104601 0.039642170792030439 -0.010156542216405025 0.050600837402316121 0.0083919222511373102 0.0048588629983555174 0.016335581735141307 0.0079095107905315116 0.0082957397023475325 -0.035581743052611504 -0.045234838879587444 0.043241674837483472
leaf_weight=13.711429771035908 257.34168978407979 14.989122350700201 6.0616510584950438 8.2305059656500799 7.3144803866744033 71.43746867403388 9.2253556251525861 28.269060477614403 40.661371171474457 3.4620109125971785 35.278997853398323 67.531580686569214 11.618670381605623 3.181427687406539 3.5656780302524567
leaf_count=112 2282 178 71 62 71 625 38 115 352 23 146 568 115 24 18
internal_value=-3.10283e-05 -0.000895274 -0.0100354 -0.0290581 0.00215441 0.00155054 0.00603684 0.0187773 -0.00274871 -0.00207288 -0.00418415 8.94609e-05 -0.00143488 0.00588736 0.0299871
internal_weight=581.881 376.269 36.5958 14.2922 22.3036 205.611 91.8672 37.4944 54.3728 113.744 106.716 339.673 268.96 70.713 7.02769
internal_count=4800 3371 382 133 249 1429 617 153 464 812 771 2989 2397 592 41
is_linear=0
shrinkage=0.08


Tree=85
num_leaves=8
num_cat=0
split_feature=4 1 4 4 4 0 4
split_gain=0.132759 0.15546 0.930933 0.569081 0.967937 0.500746 0.451153
threshold=87.500000000000014 1.0000000180025095e-35 76.500000000000014 61.500000000000007 63.500000000000007 3.5000000000000004 1.5000000000000002
decision_type=2 2 2 2 2 2 2
left_child=1 2 5 6 -5 -1 -3
right_child=-2 3 -4 4 -6 -7 -8
leaf_value=0.0055876452518568223 -0.015539601883992981 0.015532558439406699 0.045998492799660388 -0.042495127249405337 -0.005033909493598037 -0.0024425769956752169 -0.00047001182346718577
leaf_weight=90.471060261130333 3.5123828724026671 11.676583610475062 3.010079361498355 5.2121623270213595 28.837797529064119 110.27665556967258 328.00543184578419
leaf_count=603 29 99 21 62 301 795 2890
internal_value=-3.34225e-05 6.08885e-05 0.00183856 -0.000908292 -0.0107682 0.00117641 8.00772e-05
internal_weight=581.002 577.49 203.758 373.732 34.05 200.748 339.682
internal_count=4800 4771 1419 3352 363 1398 2989
is_linear=0
shrinkage=0.08


Tree=86
num_leaves=15
num_cat=0
split_feature=4 4 1 0 0 2 4 0 4 4 0 2 4 3
split_gain=0.117071 0.87956 1.79857 2.13572 2.09346 0.563082 2.35552 1.45949 2.43283 1.03396 0.903439 0.502735 1.71304 0.607221
threshold=52.500000000000007 46.500000000000007 1.5000000000000002 1.5000000000000002 1.5000000000000002 1.0000000180025095e-35 87.500000000000014 2.5000000000000004 60.500000000000007 75.500000000000014 6.5000000000000009 1.0000000180025095e-35 39.500000000000007 1.0000000180025095e-35
decision_type=2 2 2 2 2 2 2 2 2 2 2 2 2 2
left_child=1 11 3 -3 -4 7 10 8 -2 -9 -7 12 -1 -13
right_child=5 2 4 -5 -6 6 -8 9 -10 -11 -12 13 -14 -15
leaf_value=-6.2519736901491354e-05 0.0090720582714216291 0.017383642792401417 -0.038801686365491798 -0.034097639268122537 0.022580668389074087 0.011134021720398209 -0.071792775440739448 -0.005448411670989404 -0.088811398300626829 0.044012943901102559 -0.006797226774767743 -0.0017483492094531226 0.025367008859380084 0.015889264684449792
leaf_weight=76.2726772390306 3.1659778729081181 6.5926103740930584 4.650238253176215 23.688896283507347 15.111388400197027 74.508157873526216 2.5024195760488501 17.127514153718952 3.3389211362227798 3.2122009992599478 23.703819930553436 292.13655957579613 21.799539238214493 13.050504073500631
leaf_count=631 29 60 47 210 122 611 21 138 48 26 171 2435 160 91
internal_value=-3.17959e-05 -0.000634272 -0.0106377 -0.0228896 0.00813638 0.0021092 0.00485332 -0.00818606 -0.0411709 0.0023629 0.00680625 0.00060712 0.00558997 -0.000994124
internal_weight=580.861 453.302 50.0431 30.2815 19.7616 127.559 100.714 26.8446 6.5049 20.3397 98.212 403.259 98.0722 305.187
internal_count=4800 3756 439 270 169 1044 803 241 77 164 782 3317 791 2526
is_linear=0
shrinkage=0.08


Tree=87
num_leaves=7
num_cat=0
split_feature=4 4 0 4 4 4
split_gain=0.150212 0.831399 0.218923 1.41476 0.315776 0.078074
threshold=85.500000000000014 78.500000000000014 7.5000000000000009 68.500000000000014 7.5000000000000009 81.500000000000014
decision_type=2 2 2 2 2 2
left_child=1 2 4 -4 -1 -3
right_child=-2 5 3 -5 -6 -7
leaf_value=-0.009599327030628416 0.014512771045438844 -0.0255428313019248 0.0019127934156248918 0.059094417524327286 -8.2053043723833916e-05 -0.050955763829183549
leaf_weight=23.413380328565836 4.5073970779776564 1.2961392421275371 72.6051268838346 2.8789689391851416 474.1972844786942 1.9195508603006599
leaf_count=247 36 22 480 16 3971 28
internal_value=-3.47043e-05 -0.000148482 7.91275e-05 0.0040937 -0.000529856 -0.0407126
internal_weight=580.818 576.31 573.095 75.4841 497.611 3.21569
internal_count=4800 4764 4714 496 4218 50
is_linear=0
shrinkage=0.08


Tree=88
num_leaves=9
num_cat=0
split_feature=4 0 4 0 0 4 0 4
split_gain=0.131968 0.556621 0.529019 0.75633 1.39719 0.452584 2.68148 0.163478
threshold=83.500000000000014 5.5000000000000009 75.500000000000014 5.5000000000000009 3.5000000000000004 72.500000000000014 6.5000000000000009 65.500000000000014
decision_type=2 2 2 2 2 2 2 2
left_child=2 -2 5 4 -4 7 -7 -1
right_child=1 -3 3 -5 -6 6 -8 -9
leaf_value=0.00014964807200969159 0.036273889863185658 -0.015553527151330324 -0.0029817051411908223 0.0093197917502977588 -0.093037202346203787 -0.019019076606423525 0.085569708887058879 -0.0071773023056770201
leaf_weight=540.86728158965707 2.8893707655370227 2.4514757245779037 2.5369462426751843 3.0882670320570469 1.9501473903656004 4.1124149747192851 2.5365317165851593 20.217669107019901
leaf_count=4438 30 17 44 22 19 39 12 179
internal_value=-3.2501e-05 0.0124848 -0.000148705 -0.02115 -0.042121 0.000131518 0.0208809 -0.000114365
internal_weight=580.65 5.34085 575.309 7.57536 4.48709 567.734 6.64895 561.085
internal_count=4800 47 4753 85 63 4668 51 4617
is_linear=0
shrinkage=0.08


Tree=89
num_leaves=9
num_cat=0
split_feature=4 0 4 0 0 4 0 0
split_gain=0.110357 0.460783 0.458011 0.668277 1.31615 0.381123 2.21239 0.139728
threshold=83.500000000000014 5.5000000000000009 75.500000000000014 5.5000000000000009 3.5000000000000004 72.500000000000014 6.5000000000000009 4.5000000000000009
decision_type=2 2 2 2 2 2 2 2
left_child=2 -2 5 4 -4 7 -7 -1
right_child=1 -3 3 -5 -6 6 -8 -9
leaf_value=0.0010084436790223786 0.032583440040871839 -0.014426016038830387 -0.0027492331046462893 0.0085348262913659215 -0.091928369258394246 -0.017731607867302938 0.076820277857495886 -0.0015364528163990681
leaf_weight=315.51521565765142 2.9563198871910563 2.4324528500437737 2.5315831690095356 3.1019214242696762 1.821039095520973 4.060366127640008 2.5966738164424896 245.52750606462359
leaf_count=2595 30 17 44 22 19 39 12 2022
internal_value=-3.14119e-05 0.0113637 -0.000138176 -0.019839 -0.0400598 0.000120518 0.0191497 -0.000105272
internal_weight=580.543 5.38877 575.154 7.45454 4.35262 567.7 6.65704 561.043
internal_count=4800 47 4753 85 63 4668 51 4617
is_linear=0
shrinkage=0.08


Tree=90
num_leaves=8
num_cat=0
split_feature=4 1 4 4 4 4 4
split_gain=0.113117 0.145873 0.875466 0.500698 0.882576 0.421467 0.418342
threshold=87.500000000000014 1.0000000180025095e-35 76.500000000000014 61.500000000000007 62.500000000000007 1.5000000000000002 1.0000000180025095e-35
decision_type=2 2 2 2 2 2 2
left_child=1 2 6 5 -5 -3 -1
right_child=-2 3 -4 4 -6 -7 -8
leaf_value=-0.027503514372718488 -0.014393856701380325 0.014939243764420003 0.044724150189576484 -0.056009750009120264 -0.0065283228801680613 -0.00049391695867505455 0.0016043436898769301
leaf_weight=3.2114342004060736 3.487878154963254 11.729895204305647 2.9933816604316226 2.4916246533393851 31.134433441329747 327.99456196278334 197.39987513050437
leaf_count=34 29 99 21 31 332 2890 1364
internal_value=-3.02067e-05 5.66261e-05 0.00177917 -0.000882756 -0.0101948 3.89542e-05 0.00113838
internal_weight=580.443 576.955 203.605 373.351 33.6261 339.724 200.611
internal_count=4800 4771 1419 3352 363 2989 1398
is_linear=0
shrinkage=0.08


Tree=91
num_leaves=16
num_cat=0
split_feature=4 4 1 0 0 0 4 4 0 2 4 2 2 4 0
split_gain=0.105635 0.75654 1.55675 1.85016 1.79263 0.585388 1.80268 2.24008 2.21018 1.05223 2.42632 1.46165 0.427053 1.41363 0.60031
threshold=52.500000000000007 46.500000000000007 1.5000000000000002 1.5000000000000002 1.5000000000000002 6.5000000000000009 69.500000000000014 74.500000000000014 7.5000000000000009 1.0000000180025095e-35 55.500000000000007 1.5000000000000002 1.0000000180025095e-35 39.500000000000007 7.5000000000000009
decision_type=2 2 2 2 2 2 2 2 2 2 2 2 2 2 2
left_child=1 12 3 -3 -4 9 8 -8 -7 10 -2 -11 13 -1 -14
right_child=5 2 4 -5 -6 6 7 -9 -10 11 -12 -13 14 -15 -16
leaf_value=-3.6115760221191908e-05 0.035799452885513235 0.015626863983809351 -0.036864008429387723 -0.032138426871026138 0.020484166468185582 -0.049258314212919631 0.064674084980487184 -0.013182107148671912 0.0011243957670393793 0.014966566842243994 -0.029966281856858793 -0.01232189375877292 -0.0023618057615742961 0.022928426338357802 0.0078770616775782083
leaf_weight=76.260652106255293 4.9277687743306187 6.6862646639347103 4.5146125704050091 23.191520750522614 15.347156316041945 9.3728087916970253 4.3167260959744436 5.2314689047634602 13.743141438812017 60.587360354140401 13.227832035161553 15.848144285380839 262.33820561692119 22.134639322757721 42.599117189645767
leaf_count=631 39 60 47 210 122 86 25 35 92 496 139 132 2262 160 264
internal_value=-2.87318e-05 -0.000600753 -0.00990975 -0.0214492 0.00744883 0.00200786 -0.00722558 0.0220166 -0.0193042 0.00519635 -0.0121162 0.00930858 0.000547246 0.0051299 -0.000931457
internal_weight=580.327 453.072 49.7396 29.8778 19.8618 127.255 32.6641 9.5482 23.116 94.5911 18.1556 76.4355 403.333 98.3953 304.937
internal_count=4800 3756 439 270 169 1044 238 60 178 806 178 628 3317 791 2526
is_linear=0
shrinkage=0.08


Tree=92
num_leaves=6
num_cat=0
split_feature=4 4 4 0 4
split_gain=0.112563 0.691262 0.142872 0.167017 0.0894884
threshold=85.500000000000014 78.500000000000014 76.500000000000014 7.5000000000000009 81.500000000000014
decision_type=2 2 2 2 2
left_child=1 2 3 -1 -3
right_child=-2 4 -4 -5 -6
leaf_value=-0.00056097063954125409 0.012472622977287913 -0.021210179255440571 0.016604794186712284 0.003479895421812151 -0.049149520474082727
leaf_weight=493.61761607602239 4.570911891758441 1.218300458043813 3.3256771620362988 75.471002843230963 1.8444989658892152
leaf_count=4187 36 22 32 495 28
internal_value=-3.19576e-05 -0.000131279 7.15363e-05 -2.50818e-05 -0.038036
internal_weight=580.048 575.477 572.414 569.089 3.0628
internal_count=4800 4764 4714 4682 50
is_linear=0
shrinkage=0.08


Tree=93
num_leaves=6
num_cat=0
split_feature=4 4 4 2 4
split_gain=0.104658 0.142734 0.145003 0.634738 0.31219
threshold=87.500000000000014 82.500000000000014 75.500000000000014 1.0000000180025095e-35 73.500000000000014
decision_type=2 2 2 2 2
left_child=1 2 4 -4 -1
right_child=-2 -3 3 -5 -6
leaf_value=-4.9927256187646731e-05 -0.013865745390476898 0.018997209664515596 0.027504316146997231 -0.027150215627690252 0.022358363386799546
leaf_weight=563.19652862846851 3.477913834154605 2.5343847740441552 1.8949468205682922 4.8168912129476666 4.007382955402135
leaf_count=4636 29 26 22 55 32
internal_value=-2.97595e-05 5.37175e-05 -2.9936e-05 -0.0117197 0.000108391
internal_weight=579.928 576.45 573.916 6.71184 567.204
internal_count=4800 4771 4745 77 4668
is_linear=0
shrinkage=0.08


Tree=94
num_leaves=6
num_cat=0
split_feature=4 4 4 0 4
split_gain=0.1028 0.608201 0.135243 0.142842 0.0934877
threshold=85.500000000000014 78.500000000000014 76.500000000000014 7.5000000000000009 81.500000000000014
decision_type=2 2 2 2 2
left_child=1 2 3 -1 -3
right_child=-2 4 -4 -5 -6
leaf_value=-0.0005254509329553665 0.011907297154814955 -0.018688974228183643 0.016118725839126404 0.0032097926734785944 -0.047688537652272565
leaf_weight=493.45989581570029 4.5822827741503707 1.1779587883502238 3.3387858662754288 75.556449107825756 1.7965226913802324
leaf_count=4187 36 22 32 495 28
internal_value=-2.77236e-05 -0.000122782 6.473e-05 -2.94691e-05 -0.0362041
internal_weight=579.912 575.33 572.355 569.016 2.97448
internal_count=4800 4764 4714 4682 50
is_linear=0
shrinkage=0.08


Tree=95
num_leaves=7
num_cat=0
split_feature=4 4 2 4 4 4
split_gain=0.102478 0.156573 1.65464 1.24612 0.433604 0.261321
threshold=87.500000000000014 77.500000000000014 1.0000000180025095e-35 83.500000000000014 75.500000000000014 73.500000000000014
decision_type=2 2 2 2 2 2
left_child=1 4 -3 -4 5 -1
right_child=-2 2 3 -5 -6 -7
leaf_value=-4.3484568897693167e-05 -0.01372485255296557 -0.051469207466474362 0.0063804290831570567 0.099840222547054214 -0.02772920790020025 0.020345662726899097
leaf_weight=563.09024521801621 3.4739371798932543 1.7344973273575295 2.352250912226737 1.492270443588495 3.6054148860275737 4.0520092714577904
leaf_count=4636 29 23 37 13 30 32
internal_value=-2.58291e-05 5.67448e-05 0.0133937 0.0426573 -7.36231e-05 0.000102188
internal_weight=579.801 576.327 5.57902 3.84452 570.748 567.142
internal_count=4800 4771 73 50 4698 4668
is_linear=0
shrinkage=0.08


Tree=96
num_leaves=16
num_cat=0
split_feature=4 4 1 0 4 2 4 4 1 0 1 0 4 0 4
split_gain=0.0967219 0.868175 0.940142 2.27992 1.30178 0.767157 1.12497 0.516223 0.65134 1.21663 0.880605 0.531419 0.892777 0.513235 0.430313
threshold=26.500000000000004 22.500000000000004 1.5000000000000002 7.5000000000000009 20.500000000000004 1.5000000000000002 24.500000000000004 28.500000000000004 1.0000000180025095e-35 3.5000000000000004 1.5000000000000002 1.0000000180025095e-35 33.500000000000007 2.5000000000000004 24.500000000000004
decision_type=2 2 2 2 2 2 2 2 2 2 2 2 2 2 2
left_child=1 2 4 -4 -1 6 -3 8 9 -2 -10 12 -9 -13 -7
right_child=7 5 3 -5 -6 14 -8 11 10 -11 -12 13 -14 -15 -16
leaf_value=0.0020497100530614191 0.059597379506464938 -0.034811999074940592 -0.015956149266180678 0.048101377408172621 0.029923977495514193 0.036791876994106326 -0.004167300740466443 0.033318957319728372 -0.018839938420004185 0.0017690666057771094 0.018542455333778508 -0.0068357307597338582 0.0030451748731754246 0.00047683715071414253 -0.0078057332946648303
leaf_weight=66.938756696879864 4.3153516724705714 13.422683969140055 32.616155650466681 3.9911009967327109 12.768172092735766 2.8318239375948897 17.878372192382812 7.4831240251660338 7.2556657716631898 5.0569200292229652 9.0800298079848289 78.917265573516488 37.357751697767526 277.15546560287476 2.7094935551285744
leaf_count=540 25 150 363 40 92 21 158 58 54 37 67 745 308 2116 26
internal_value=-2.46934e-05 -0.00174924 0.00164063 -0.00897229 0.00651486 -0.0124513 -0.0173085 0.000594417 0.0115839 0.0283954 0.00193868 -0.000110269 0.00809732 -0.00114387 0.0149853
internal_weight=579.778 153.157 116.314 36.6073 79.7069 36.8424 31.3011 426.622 25.708 9.37227 16.3357 400.914 44.8409 356.073 5.54132
internal_count=4800 1390 1035 403 632 355 308 3410 183 62 121 3227 366 2861 47
is_linear=0
shrinkage=0.08


Tree=97
num_leaves=16
num_cat=0
split_feature=0 4 1 4 4 0 4 4 4 4 0 4 4 4 4
split_gain=0.0961799 0.521697 2.69807 1.80775 1.33859 2.92744 1.56767 1.0466 0.269527 0.766308 1.11755 0.926755 0.652396 1.04222 0.835725
threshold=1.5000000000000002 31.500000000000004 1.0000000180025095e-35 20.500000000000004 33.500000000000007 1.0000000180025095e-35 36.500000000000007 22.500000000000004 37.500000000000007 40.500000000000007 6.5000000000000009 41.500000000000007 33.500000000000007 32.500000000000007 34.500000000000007
decision_type=2 2 2 2 2 2 2 2 2 2 2 2 2 2 2
left_child=1 2 3 -1 5 -3 -6 -4 12 10 -10 -11 13 -2 -14
right_child=8 4 7 -5 6 -7 -8 -9 9 11 -12 -13 14 -15 -16
leaf_value=-0.074822000916327985 0.0014048512101893513 0.085490360652687197 0.015749569093853458 -0.013623439399455517 -0.039463772449634539 -0.027787159735306811 0.0026860115271660251 -0.013126307823173606 -0.0060308511859868035 0.02338080502642784 -0.048265501265265638 -0.0011443285459028548 0.028394644642409414 -0.032247640731030848 0.0042454968679623258
leaf_weight=5.4832583218812925 183.93969640880823 3.5029757693409911 18.592255365103483 7.0750425606966019 6.2043741121888152 2.5036510080099106 62.901714345440269 14.144917748868464 18.862568348646167 10.403376728296278 5.0921343378722659 189.15515669621527 12.720719590783117 6.0846847966313353 32.871243856847286
leaf_count=61 1503 25 187 62 59 23 554 133 174 68 51 1526 77 54 243
internal_value=-2.63988e-05 -0.00203888 -0.00881998 -0.0403442 0.00205036 0.0382746 -0.00109821 0.00327302 0.00050138 -0.00148872 -0.0150088 0.000134215 0.00238925 0.00032728 0.0109834
internal_weight=579.538 120.408 45.2955 12.5583 75.1127 6.00663 69.1061 32.7372 459.13 223.513 23.9547 199.559 235.616 190.024 45.592
internal_count=4800 1104 443 123 661 48 613 320 3696 1819 225 1594 1877 1557 320
is_linear=0
shrinkage=0.08


Tree=98
num_leaves=15
num_cat=0
split_feature=4 4 0 4 0 4 0 4 0 4 2 4 2 0
split_gain=0.0944408 0.687705 0.747851 0.629389 3.08291 0.778389 0.5173 1.5745 1.92701 1.77025 0.877424 2.0663 1.25832 0.249734
threshold=52.500000000000007 51.500000000000007 1.5000000000000002 50.500000000000007 5.5000000000000009 46.500000000000007 6.5000000000000009 69.500000000000014 7.5000000000000009 74.500000000000014 1.0000000180025095e-35 55.500000000000007 1.5000000000000002 5.5000000000000009
decision_type=2 2 2 2 2 2 2 2 2 2 2 2 2 2
left_child=1 3 -3 5 -5 -1 10 8 -8 -9 11 -2 -12 -4
right_child=6 2 13 4 -6 -7 7 9 -10 -11 12 -13 -14 -15
leaf_value=0.00047377694310695757 0.03240320264686241 -0.060205036052149517 0.0082535671309618332 -0.017800432848485551 0.09545352655011867 -0.012046849490837577 -0.047007523072430044 0.057700814696263703 0.00055837436701265512 -0.011339882012393625 0.013797948548393776 -0.027984686227387003 -0.011596223704018896 -0.024890394428252586
leaf_weight=402.9099648706615 5.0412432029843357 2.4768417552113515 3.0172688812017441 4.1268081516027442 2.4524208828806877 34.498793974518776 9.0217254161834717 4.3991632238030416 13.77201958373189 5.1704352647066116 61.06767369620502 12.921037962660192 15.698654306121169 2.8099119439721107
leaf_count=3317 39 22 26 35 19 317 86 25 92 35 496 139 132 20
internal_value=-2.95229e-05 -0.000570945 -0.0233808 -0.000144326 0.0244152 -0.000513735 0.00189728 -0.00683476 -0.0182681 0.0203983 0.00488052 -0.0110364 0.00860486 -0.00772871
internal_weight=579.384 452.292 8.30402 443.988 6.57923 437.409 127.092 32.3633 22.7937 9.5696 94.7286 17.9623 76.7663 5.82718
internal_count=4800 3756 68 3688 54 3634 1044 238 178 60 806 178 628 46
is_linear=0
shrinkage=0.08


Tree=99
num_leaves=6
num_cat=0
split_feature=4 4 4 4 4
split_gain=0.0933943 0.564 0.152872 0.126006 0.0972358
threshold=85.500000000000014 78.500000000000014 76.500000000000014 74.500000000000014 81.500000000000014
decision_type=2 2 2 2 2
left_child=1 2 3 -1 -3
right_child=-2 4 -4 -5 -6
leaf_value=5.6524698244121345e-05 0.011345790060583501 -0.017090763729192143 0.017191274783316592 -0.014299408951902761 -0.046939120391526354
leaf_weight=564.43835247401148 4.5810091681778422 1.1534666847437614 3.3131909091025582 3.9403103142976752 1.7708784691058097
leaf_count=4652 36 22 32 30 28
internal_value=-3.16703e-05 -0.000122375 5.68813e-05 -4.29984e-05 -0.0351659
internal_weight=579.197 574.616 571.692 568.379 2.92435
internal_count=4800 4764 4714 4682 50
is_linear=0
shrinkage=0.08


Tree=100
num_leaves=7
num_cat=0
split_feature=4 4 2 4 4 4
split_gain=0.0932172 0.159121 1.38358 1.01909 0.356733 0.225625
threshold=87.500000000000014 77.500000000000014 1.0000000180025095e-35 83.500000000000014 75.500000000000014 73.500000000000014
decision_type=2 2 2 2 2 2
left_child=1 4 -3 -4 5 -1
right_child=-2 2 3 -5 -6 -7
leaf_value=-5.9140056089285614e-05 -0.013120456507086372 -0.047996273704361617 0.0062938065707013055 0.089949719234198353 -0.025359046309778272 0.018850489151453889
leaf_weight=562.55767597071826 3.4604078568518153 1.6436424320563663 2.3450079774484043 1.5466465149074791 3.5510054640471926 4.0675289258360854
leaf_count=4636 29 23 37 13 30 32
internal_value=-2.94494e-05 4.92362e-05 0.0135477 0.0395409 -8.18079e-05 7.6603e-05
internal_weight=579.172 575.712 5.5353 3.89165 570.176 566.625
internal_count=4800 4771 73 50 4698 4668
is_linear=0
shrinkage=0.08


Tree=101
num_leaves=15
num_cat=0
split_feature=4 4 2 0 4 4 3 1 4 0 0 0 1 0
split_gain=0.0843395 0.735719 2.25061 2.05132 1.7915 1.07316 1.07071 0.878256 0.443807 0.685494 1.67012 0.405888 0.770966 0.409081
threshold=26.500000000000004 21.500000000000004 1.5000000000000002 3.5000000000000004 20.500000000000004 24.500000000000004 1.0000000180025095e-35 1.0000000180025095e-35 28.500000000000004 1.0000000180025095e-35 2.5000000000000004 1.0000000180025095e-35 1.5000000000000002 2.5000000000000004
decision_type=2 2 2 2 2 2 2 2 2 2 2 2 2 2
left_child=1 4 5 -4 6 -3 -1 -6 9 -2 -11 12 -10 -13
right_child=8 2 3 -5 7 -7 -8 -9 11 10 -12 13 -14 -15
leaf_value=0.00072202084060144672 -0.028712972772130883 -0.030860051414735575 -0.022612241636055609 0.064966724679544188 0.075941271470736801 -0.003821378879725531 -0.040357830385421442 0.019915562557376285 0.015597801408051793 0.054858767729422268 0.0034915838117174974 -0.0061179830985192123 -0.0057165104769192404 0.00043027543757423486
leaf_weight=95.474899761378765 2.5431303307414082 19.866856884211302 2.8084426075220099 4.3827900961041451 2.6285514980554563 17.821968160569668 4.2410134077072135 5.6180173307657242 27.03895172663033 5.2249739319086101 18.028317898511887 78.321809048764408 18.152667878195643 276.99138907901943
leaf_count=860 23 211 24 36 17 158 36 48 208 35 125 745 158 2116
internal_value=-2.78628e-05 -0.00164017 -0.0102488 0.0307639 0.00193844 -0.0180742 -0.00102514 0.0377735 0.000550201 0.010721 0.0150337 -0.000104894 0.00703622 -0.00101316
internal_weight=579.144 152.843 44.8801 7.19123 107.962 37.6888 99.7159 8.24657 426.301 25.7964 23.2533 400.505 45.1916 355.313
internal_count=4800 1390 429 60 961 369 896 65 3410 183 160 3227 366 2861
is_linear=0
shrinkage=0.08


Tree=102
num_leaves=15
num_cat=0
split_feature=4 4 0 4 0 4 0 4 0 4 4 4 4 0
split_gain=0.0814322 0.595691 0.686408 0.519315 2.43746 0.657209 0.432269 1.37787 1.71706 1.41033 0.79912 0.976777 0.634854 0.216032
threshold=52.500000000000007 51.500000000000007 1.5000000000000002 50.500000000000007 5.5000000000000009 46.500000000000007 6.5000000000000009 69.500000000000014 7.5000000000000009 74.500000000000014 69.500000000000014 83.500000000000014 63.500000000000007 5.5000000000000009
decision_type=2 2 2 2 2 2 2 2 2 2 2 2 2 2
left_child=1 3 -3 5 -5 -1 10 8 -8 -9 12 -12 -2 -4
right_child=6 2 13 4 -6 -7 7 9 -10 -11 11 -13 -14 -15
leaf_value=0.00042681978584057387 0.003789916307510059 -0.058166069053835472 0.0076603666767390824 -0.016620330709617378 0.082469356886375883 -0.011126244369545934 -0.044902702187182585 0.051946822937180157 0.0004793400989119513 -0.0095516010444382116 -0.021841036154922108 0.024899785178169348 0.02062296311008709 -0.023233073886395759
leaf_weight=402.9754492379725 59.465966120362282 2.3740132823586446 3.0307535976171494 4.0764701142907134 2.6034391894936562 34.18633771687746 8.7089508548378944 4.4709858968853933 13.776051357388496 5.1190849430859089 12.909191803541036 3.6763118598610154 18.895735424011946 2.7751301750540733
leaf_count=3317 461 22 26 35 19 317 86 25 92 35 149 34 162 20
internal_value=-2.97192e-05 -0.000532632 -0.0219251 -0.000138374 0.0219991 -0.000476637 0.00175995 -0.00626948 -0.0170982 0.0191196 0.00447245 -0.0114806 0.00784895 -0.00710626
internal_weight=579.044 452.022 8.1799 443.842 6.67991 437.162 127.022 32.0751 22.485 9.59007 94.9472 16.5855 78.3617 5.80588
internal_count=4800 3756 68 3688 54 3634 1044 238 178 60 806 183 623 46
is_linear=0
shrinkage=0.08


Tree=103
num_leaves=7
num_cat=0
split_feature=4 4 2 0 4 4
split_gain=0.0934524 0.145556 1.16041 0.932111 0.277689 0.206384
threshold=87.500000000000014 77.500000000000014 1.0000000180025095e-35 3.5000000000000004 75.500000000000014 73.500000000000014
decision_type=2 2 2 2 2 2
left_child=1 4 -3 -4 5 -1
right_child=-2 2 3 -5 -6 -7
leaf_value=-6.869586952437502e-05 -0.013123228275419608 -0.045060034337297758 0.083878143412322165 0.0044927661904232566 -0.022635082704713878 0.018029579060746356
leaf_weight=562.33567326609045 3.4683228880166999 1.576215004082768 1.5739138340577485 2.3749961070716381 3.4712539948523036 4.0616912627592674
leaf_count=4636 29 23 27 23 30 32
internal_value=-3.0792e-05 4.81258e-05 0.0129704 0.0361333 -7.71611e-05 6.10886e-05
internal_weight=578.862 575.394 5.52512 3.94891 569.869 566.397
internal_count=4800 4771 73 50 4698 4668
is_linear=0
shrinkage=0.08


Tree=104
num_leaves=7
num_cat=0
split_feature=4 4 2 4 4 4
split_gain=0.0797544 0.121183 0.98221 0.757013 0.238125 0.172986
threshold=87.500000000000014 77.500000000000014 1.0000000180025095e-35 83.500000000000014 75.500000000000014 73.500000000000014
decision_type=2 2 2 2 2 2
left_child=1 4 -3 -4 5 -1
right_child=-2 2 3 -5 -6 -7
leaf_value=-6.3202722627704198e-05 -0.01217102410138917 -0.04283039621350767 0.0037910591187190587 0.074357898801618486 -0.021087026306766607 0.01643237922806233
leaf_weight=562.31160133425146 3.4416458606719962 1.5276566422544409 2.3918473329395056 1.6400571968406437 3.4297825880348674 4.098353241570293
leaf_count=4636 29 23 37 13 30 32
internal_value=-2.90537e-05 4.35712e-05 0.0117975 0.0324955 -7.11039e-05 5.61538e-05
internal_weight=578.841 575.399 5.55956 4.0319 569.84 566.41
internal_count=4800 4771 73 50 4698 4668
is_linear=0
shrinkage=0.08


Tree=105
num_leaves=8
num_cat=0
split_feature=4 4 4 4 4 0 4
split_gain=0.0887129 0.857003 0.187825 0.269828 0.110527 0.800345 0.670842
threshold=80.500000000000014 85.500000000000014 76.500000000000014 77.500000000000014 65.500000000000014 7.5000000000000009 63.500000000000007
decision_type=2 2 2 2 2 2 2
left_child=2 -2 4 -4 6 -6 -1
right_child=1 -3 3 -5 5 -7 -8
leaf_value=-0.00019113457844557435 -0.052409840221788406 0.010008893684008145 -0.0071169210921589992 0.034446972804301819 -0.010357009200325003 0.027812582639873178 0.019912362437566937
leaf_weight=528.61864108964801 2.0359626286663106 4.5625872053205967 1.7145504690706719 2.3972810143604875 24.534362273290757 4.1038717851042739 10.841107130050657
leaf_count=4348 33 36 16 33 218 26 90
internal_value=-2.72799e-05 -0.00925022 7.90762e-05 0.0171157 -4.42328e-05 -0.00488729 0.00021287
internal_weight=578.808 6.59855 572.21 4.11183 568.098 28.6382 539.46
internal_count=4800 69 4731 49 4682 244 4438
is_linear=0
shrinkage=0.08


Tree=106
num_leaves=10
num_cat=0
split_feature=4 4 0 0 0 4 4 4 0
split_gain=0.0788845 0.895936 0.278498 0.530798 0.57987 0.194908 0.297369 0.129232 0.0359139
threshold=2.5000000000000004 4.5000000000000009 1.0000000180025095e-35 3.5000000000000004 7.5000000000000009 6.5000000000000009 7.5000000000000009 5.5000000000000009 6.5000000000000009
decision_type=2 2 2 2 2 2 2 2 2
left_child=2 8 -1 -4 -5 7 -7 -3 -2
right_child=1 5 3 4 -6 6 -8 -9 -10
leaf_value=-0.016636176107132465 -0.046348729101597319 0.0028929546777430792 0.028778965897551492 -0.015466384122835929 0.028305178593734218 -0.029014240153649035 5.7704297810789791e-05 0.030770456212162411 -0.030727508695884188
leaf_weight=3.1000545956194427 2.003290493041276 2.0855036973953238 5.7477322891354552 6.4020224846899492 2.7772738188505173 2.2610415965318671 550.39244832098484 2.173277236521244 1.7778227217495444
leaf_count=29 34 21 46 69 19 28 4517 19 18
internal_value=-2.58823e-05 -0.000193358 0.00518308 0.00971452 -0.00222293 7.01432e-05 -6.12362e-05 0.017119 -0.0390039
internal_weight=578.72 560.693 18.0271 14.927 9.1793 556.912 552.653 4.25878 3.78111
internal_count=4800 4637 163 134 88 4585 4545 40 52
is_linear=0
shrinkage=0.08


Tree=107
num_leaves=8
num_cat=0
split_feature=4 1 4 4 4 0 4
split_gain=0.0777126 0.113745 0.757282 0.514675 0.768306 0.478442 0.461194
threshold=87.500000000000014 1.0000000180025095e-35 76.500000000000014 61.500000000000007 62.500000000000007 3.5000000000000004 47.500000000000007
decision_type=2 2 2 2 2 2 2
left_child=1 2 5 6 -5 -1 -3
right_child=-2 3 -4 4 -6 -7 -8
leaf_value=0.0052933681849229967 -0.012017685295376992 -0.0013628547577713872 0.041910711268289047 -0.054091515599943636 -0.0069002296839443897 -0.0025703010534900666 0.0059063831157672867
leaf_weight=90.248834542930126 3.437375482171773 268.38125594705343 2.9352214075624934 2.3772151917219153 31.010627919342369 109.71648416295648 70.539344541728497
leaf_count=603 29 2397 21 31 332 795 592
internal_value=-2.46715e-05 4.69972e-05 0.00157088 -0.00078349 -0.0102603 0.000978749 0.000150087
internal_weight=578.646 575.209 202.901 372.308 33.3878 199.965 338.921
internal_count=4800 4771 1419 3352 363 1398 2989
is_linear=0
shrinkage=0.08


Tree=108
num_leaves=13
num_cat=0
split_feature=0 4 0 4 4 0 4 1 0 0 4 4
split_gain=0.0830371 0.465838 0.795222 0.757812 2.7735 1.67301 0.265397 0.958814 1.96036 1.18165 0.526712 0.286216
threshold=1.5000000000000002 69.500000000000014 1.0000000180025095e-35 61.500000000000007 57.500000000000007 1.0000000180025095e-35 17.500000000000004 1.0000000180025095e-35 4.5000000000000009 5.5000000000000009 18.500000000000004 25.500000000000004
decision_type=2 2 2 2 2 2 2 2 2 2 2 2
left_child=1 3 -3 4 -1 -5 7 8 -2 -9 -8 -12
right_child=6 2 -4 5 -6 -7 10 9 -10 -11 11 -13
leaf_value=-0.00045294981861803975 0.040801309778254191 -0.085806021419279496 -0.00072458351450098977 0.048180361141989925 -0.070887894683871785 -0.029767730962946798 -0.027517758620453765 -0.014411305906199573 -0.0043854232067196798 0.013701988646058158 -0.006086661369974454 0.00077738123092187207
leaf_weight=105.3695168197155 11.986031848937275 1.1354102371260515 1.8464011708274484 5.3826265521347505 3.703688755631446 2.6200301274657249 4.5008039139211169 22.610807336866856 12.608068764209746 16.588568404316902 43.794625055044889 346.37347304914147
leaf_count=952 75 26 27 37 34 28 44 216 90 155 401 2715
internal_value=-2.3584e-05 -0.00189652 -0.0331218 -0.00110125 -0.00284464 0.0226605 0.000466883 0.00525444 0.0176365 -0.0025142 -0.000306968 6.92313e-06
internal_weight=578.52 120.058 2.98181 117.076 109.073 8.00266 458.462 63.7935 24.5941 39.1994 394.669 390.168
internal_count=4800 1104 53 1051 986 65 3696 536 165 371 3160 3116
is_linear=0
shrinkage=0.08


Tree=109
num_leaves=6
num_cat=0
split_feature=4 4 4 4 4
split_gain=0.0769944 0.786448 0.367861 0.212226 0.169342
threshold=80.500000000000014 85.500000000000014 77.500000000000014 75.500000000000014 73.500000000000014
decision_type=2 2 2 2 2
left_child=2 -2 3 4 -1
right_child=1 -3 -4 -5 -6
leaf_value=-5.7681821139335441e-05 -0.05093070324720414 0.0095794173295320004 0.03105572967976214 -0.020030601683461043 0.016286113138701253
leaf_weight=561.83040067832917 1.9680045736022282 4.559428408741951 2.4422362111508837 3.3850654140114775 4.0868328101932994
leaf_count=4636 33 36 33 30 32
internal_value=-2.48386e-05 -0.00866423 7.37948e-05 -5.91139e-05 6.03467e-05
internal_weight=578.272 6.52743 571.745 569.302 565.917
internal_count=4800 69 4731 4698 4668
is_linear=0
shrinkage=0.08


Tree=110
num_leaves=7
num_cat=0
split_feature=4 4 2 0 4 4
split_gain=0.0742783 0.0944285 0.882103 0.72349 0.181731 0.142086
threshold=87.500000000000014 77.500000000000014 1.0000000180025095e-35 3.5000000000000004 75.500000000000014 73.500000000000014
decision_type=2 2 2 2 2 2
left_child=1 4 -3 -4 5 -1
right_child=-2 2 3 -5 -6 -7
leaf_value=-5.3069234282955845e-05 -0.011764512092995652 -0.041939857643232478 0.070877731751784315 0.0019324153477127224 -0.018635402590666442 0.014858211329504628
leaf_weight=561.81022249255329 3.4279618896543971 1.5004856069572259 1.6385388206690548 2.4021737985312939 3.3489722311496726 4.1197740882635108
leaf_count=4636 29 23 27 23 30 32
internal_value=-2.33331e-05 4.66858e-05 0.0104396 0.0298903 -5.44756e-05 5.54797e-05
internal_weight=578.248 574.82 5.5412 4.04071 569.279 565.93
internal_count=4800 4771 73 50 4698 4668
is_linear=0
shrinkage=0.08


Tree=111
num_leaves=10
num_cat=0
split_feature=2 4 4 4 0 1 4 4 0
split_gain=0.0729635 1.80384 1.06267 1.86625 1.50066 1.43214 0.552583 0.907773 0.60585
threshold=1.0000000180025095e-35 87.500000000000014 75.500000000000014 55.500000000000007 5.5000000000000009 1.0000000180025095e-35 52.500000000000007 51.500000000000007 6.5000000000000009
decision_type=2 2 2 2 2 2 2 2 2
left_child=2 6 3 4 -1 -5 7 -2 -8
right_child=1 -3 -4 5 -6 -7 8 -9 -10
leaf_value=0.01018992508081866 -0.0011152253052461702 -0.069130004143251669 0.046975281530085095 0.00093803593485890365 -0.0092254588754517135 -0.04649824882246846 0.0085998309732830801 -0.03247846565006967 -0.0062299612942607789
leaf_weight=80.232762157917023 334.0977840423584 2.4391391873359671 3.224086938891559 7.5142082236707237 37.333918645977974 8.8951067943125945 75.472520533017814 6.0125933215022078 23.005083408206701
leaf_count=637 2798 21 38 52 318 103 611 51 171
internal_value=-2.20057e-05 -0.000523237 0.00158919 0.000496992 0.00402447 -0.0247761 -0.000141691 -0.00166968 0.00513548
internal_weight=578.227 441.027 137.2 133.976 117.567 16.4093 438.588 340.11 98.4776
internal_count=4800 3652 1148 1110 955 155 3631 2849 782
is_linear=0
shrinkage=0.08


Tree=112
num_leaves=6
num_cat=0
split_feature=4 4 4 0 4
split_gain=0.0925499 0.54353 0.160132 0.125336 0.0713288
threshold=85.500000000000014 78.500000000000014 76.500000000000014 7.5000000000000009 81.500000000000014
decision_type=2 2 2 2 2
left_child=1 2 3 -1 -3
right_child=-2 4 -4 -5 -6
leaf_value=-0.0005046213351808101 0.011439827030231829 -0.01965332433020469 0.017723827853815585 0.0029946853596224121 -0.04515748112988547
leaf_weight=491.99232248682529 4.4729009121656409 1.1921255160123103 3.2669371180236331 75.569188930094242 1.7063748324289916
leaf_count=4187 36 22 32 495 28
internal_value=-2.31353e-05 -0.000112503 6.29589e-05 -3.86987e-05 -0.0346679
internal_weight=578.2 573.727 570.828 567.562 2.8985
internal_count=4800 4764 4714 4682 50
is_linear=0
shrinkage=0.08


Tree=113
num_leaves=16
num_cat=0
split_feature=0 4 1 4 4 4 4 4 4 4 2 4 4 0 3
split_gain=0.0818994 0.446721 2.43655 1.70042 1.07629 1.38986 0.895423 0.292237 0.229741 0.653335 1.10462 0.775172 0.569263 4.18188 1.08518
threshold=1.5000000000000002 31.500000000000004 1.0000000180025095e-35 20.500000000000004 33.500000000000007 36.500000000000007 22.500000000000004 32.500000000000007 37.500000000000007 40.500000000000007 1.5000000000000002 41.500000000000007 36.500000000000007 4.5000000000000009 1.0000000180025095e-35
decision_type=2 2 2 2 2 2 2 2 2 2 2 2 2 2 2
left_child=1 2 3 -1 7 -6 -4 -3 12 10 -10 -11 14 -14 -2
right_child=8 4 6 -5 5 -7 -8 -9 9 11 -12 -13 13 -15 -16
leaf_value=-0.073397186569297848 0.0024974902175243542 0.018655575361430598 0.014606644401780925 -0.013013786088401603 -0.037644055406006176 0.0025531231516898747 -0.012140803789743604 0.053806561913945415 -0.0065649865571388378 0.021239517306337007 -0.054409848864214676 -0.0010611738876366568 -0.031536849093085947 0.06210552472239788 -0.024370065082002835
leaf_weight=5.1918560937046987 213.15208887308836 3.4825186580419532 18.761559497565031 7.0208917334675789 6.0337884053587905 62.817820643540472 13.978124745190142 2.6774858385324478 20.075907055288557 10.533518157899378 3.6497645415365687 188.36036601476371 5.6584815829992277 6.6264055892825127 10.075924146920441
leaf_count=61 1717 27 187 62 59 554 133 21 189 68 36 1526 41 47 72
internal_value=-2.15805e-05 -0.00188238 -0.00818862 -0.0386838 0.00189677 -0.000969544 0.00318689 0.0339342 0.000465679 -0.00137696 -0.0139251 0.000119882 0.00220744 0.0189734 0.00128476
internal_weight=578.097 119.964 44.9524 12.2127 75.0116 68.8516 32.7397 6.16 458.132 222.62 23.7257 198.894 235.513 12.2849 223.228
internal_count=4800 1104 443 123 661 613 320 48 3696 1819 225 1594 1877 88 1789
is_linear=0
shrinkage=0.08


Tree=114
num_leaves=6
num_cat=0
split_feature=4 4 4 0 4
split_gain=0.0790041 0.472118 0.134801 0.0889528 0.0651747
threshold=85.500000000000014 78.500000000000014 76.500000000000014 7.5000000000000009 81.500000000000014
decision_type=2 2 2 2 2
left_child=1 2 3 -1 -3
right_child=-2 4 -4 -5 -6
leaf_value=-0.00043309708159206494 0.010536267690453197 -0.018335999665185329 0.01617361299533512 0.0025127096455580715 -0.043016865043141908
leaf_weight=491.65661095455289 4.4980538189411154 1.1714790547266596 3.300894350744783 75.705942392349243 1.6481375470757482
leaf_count=4187 36 22 32 495 28
internal_value=-2.47514e-05 -0.000107586 5.37609e-05 -4.00238e-05 -0.0327626
internal_weight=577.981 573.483 570.663 567.363 2.81962
internal_count=4800 4764 4714 4682 50
is_linear=0
shrinkage=0.08


Tree=115
num_leaves=13
num_cat=0
split_feature=0 4 1 4 4 0 4 2 0 4 4 0
split_gain=0.067653 0.438652 0.813314 0.604547 2.53082 1.35547 0.21382 0.909852 1.27195 1.19084 0.462186 0.273529
threshold=1.5000000000000002 69.500000000000014 1.0000000180025095e-35 61.500000000000007 57.500000000000007 1.0000000180025095e-35 17.500000000000004 1.0000000180025095e-35 5.5000000000000009 13.500000000000002 18.500000000000004 5.5000000000000009
decision_type=2 2 2 2 2 2 2 2 2 2 2 2
left_child=1 3 -3 4 -1 -5 7 8 -2 -9 -8 -12
right_child=6 2 -4 5 -6 -7 10 9 -10 -11 11 -13
leaf_value=-0.00028359481293861857 0.038151996694146539 -0.087767859066369774 -0.0003208825325634175 0.042286611469289886 -0.06911853417796264 -0.02807725348523574 -0.025995397878480798 -0.0097430034839067464 -0.0083031199670762224 0.017142197166739873 0.0018520341279600538 -0.0024294774379253281
leaf_weight=105.13880706951022 10.261360213160517 1.0722814239561549 1.8638998325914145 5.5594753175973874 3.5332815945148459 2.5584837757050991 4.4216409288346759 31.90564938634634 5.9647229090332976 15.748516969382761 222.63340157363564 167.22783168591559
leaf_count=952 72 15 38 37 34 28 44 293 51 120 1776 1340
internal_value=-2.30266e-05 -0.0017163 -0.0322562 -0.000948505 -0.00252164 0.0201105 0.000419455 0.00471308 0.0210751 -0.000858113 -0.000276182 1.55143e-05
internal_weight=577.889 119.726 2.93618 116.79 108.672 8.11796 458.163 63.8802 16.2261 47.6542 394.283 389.861
internal_count=4800 1104 53 1051 986 65 3696 536 123 413 3160 3116
is_linear=0
shrinkage=0.08


Tree=116
num_leaves=15
num_cat=0
split_feature=4 4 1 0 4 2 0 4 0 0 1 1 4 4
split_gain=0.071826 0.604338 0.845611 1.81732 0.979793 0.524444 0.937606 0.390748 2.38992 0.677434 0.358998 0.14 0.771533 0.728683
threshold=26.500000000000004 22.500000000000004 1.5000000000000002 7.5000000000000009 20.500000000000004 1.5000000000000002 3.5000000000000004 27.500000000000004 2.5000000000000004 5.5000000000000009 1.5000000000000002 1.5000000000000002 29.500000000000004 41.500000000000007
decision_type=2 2 2 2 2 2 2 2 2 2 2 2 2 2
left_child=1 2 4 -4 -1 6 -3 8 -2 -10 -7 13 -13 -9
right_child=7 5 3 -5 -6 10 -8 11 9 -11 -12 12 -14 -15
leaf_value=0.0019841845103830687 0.066463078538735385 0.0012799545780166214 -0.015209138607312205 0.040851237528353436 0.02593762422669128 -0.0064141336588707043 -0.02703707175829561 0.0038747183084198245 0.010817090437177209 -0.033527972200965664 0.03400059528501289 0.025244462686832763 0.00061007060778915981 -0.0047827461294268035
leaf_weight=66.572767961770296 3.9058972448110572 13.24803012982011 32.31420972943306 4.1794927120208731 13.075504712760447 3.1289609149098387 17.198602836579084 108.67933578789234 5.0569069236516935 3.9089955240488052 2.555564671754837 8.6040761321783048 149.80609360849485 145.55283524375409
leaf_count=540 28 137 363 40 92 22 171 803 32 31 25 64 1276 1176
internal_value=-2.40921e-05 -0.00151514 0.00129588 -0.00878875 0.00591651 -0.0105511 -0.0147157 0.00050949 0.0142356 -0.00851667 0.0117549 8.13225e-05 0.00194809 -0.00108185
internal_weight=577.787 152.273 116.142 36.4937 79.6483 36.1312 30.4466 425.514 12.8718 8.9659 5.68453 412.642 158.41 254.232
internal_count=4800 1390 1035 403 632 355 308 3410 91 63 47 3319 1340 1979
is_linear=0
shrinkage=0.08


Tree=117
num_leaves=15
num_cat=0
split_feature=4 4 1 4 0 4 4 1 1 2 4 0 0 1
split_gain=0.0859558 0.431918 0.696556 0.434315 1.98337 0.565322 0.376444 1.81388 1.28712 1.15734 1.72913 1.12024 0.713167 0.129028
threshold=52.500000000000007 51.500000000000007 1.0000000180025095e-35 50.500000000000007 5.5000000000000009 46.500000000000007 56.500000000000007 1.5000000000000002 1.0000000180025095e-35 1.5000000000000002 67.500000000000014 6.5000000000000009 4.5000000000000009 1.5000000000000002
decision_type=2 2 2 2 2 2 2 2 2 2 2 2 2 2
left_child=1 3 -3 5 -5 -1 7 8 -2 11 -11 -8 -9 -4
right_child=6 2 13 4 -6 -7 9 12 -10 10 -12 -13 -14 -15
leaf_value=0.0003137366060684533 0.0069530244000015271 0.0088666058114416253 -0.053211736763675389 -0.015697367662171079 0.072599298895222056 -0.010434928407003149 0.0089402595604190487 -0.029237122847834196 0.044436184131065669 -0.043185530910180028 0.014474261850559396 -0.013684294813010587 0.0051937958216290029 -0.026436775444162564
leaf_weight=402.61438123509288 14.838747300207615 3.3303582370281211 2.1899099573493004 4.0382342040538779 2.7280628755688667 33.957302868366241 53.088521024677902 8.2730856314301473 9.6930200159549713 9.0334099195897561 5.2707296041771761 19.026288449764252 7.2015789151191703 2.4301025047898293
leaf_count=3317 90 23 23 35 19 317 494 58 72 81 46 147 56 22
internal_value=-2.55264e-05 -0.000542016 -0.0190235 -0.000210587 0.0199024 -0.000522313 0.00181814 0.00823411 0.0217634 -0.00115205 -0.0219393 0.00297115 -0.0132137 -0.0391282
internal_weight=577.714 451.288 7.95037 443.338 6.7663 436.572 126.425 40.0064 24.5318 86.4189 14.3041 72.1148 15.4747 4.62001
internal_count=4800 3756 68 3688 54 3634 1044 276 162 768 127 641 114 45
is_linear=0
shrinkage=0.08


Tree=118
num_leaves=15
num_cat=0
split_feature=4 4 0 4 0 4 4 1 1 2 4 4 0 0
split_gain=0.0720655 0.372814 0.638435 0.361702 1.60067 0.482376 0.316197 1.51895 1.03268 0.99671 1.51828 1.05459 0.619419 0.18908
threshold=52.500000000000007 51.500000000000007 1.5000000000000002 50.500000000000007 5.5000000000000009 46.500000000000007 56.500000000000007 1.5000000000000002 1.0000000180025095e-35 1.5000000000000002 67.500000000000014 57.500000000000007 4.5000000000000009 5.5000000000000009
decision_type=2 2 2 2 2 2 2 2 2 2 2 2 2 2
left_child=1 3 -3 5 -5 -1 7 8 -2 11 -11 -8 -9 -4
right_child=6 2 13 4 -6 -7 9 12 -10 10 -12 -13 -14 -15
leaf_value=0.00028857899474746571 0.0063797385770434653 -0.05436801884928423 0.010409802561913688 -0.014608892735238053 0.063906612589366016 -0.0096738273330651808 -0.030398419269067948 -0.027441366111059608 0.03964030788341736 -0.040992328327115878 0.013210424530460658 0.0055411892388440168 0.0047604919885956901 -0.018950439559658132
leaf_weight=402.69271681457758 14.876732245087624 2.1983280703425399 2.9566842466592789 3.9938925057649604 2.8458633869886398 33.709327720105648 5.6699057891964904 8.1160174831747991 9.9834706857800484 8.7666572891175729 5.311207494698464 66.646733529865742 7.2273815348744384 2.6728436276316643
leaf_count=3317 90 22 26 35 19 317 42 58 72 81 46 599 56 20
internal_value=-2.71191e-05 -0.000500495 -0.0178071 -0.000194852 0.0180596 -0.000480955 0.00165952 0.00752044 0.0197367 -0.00106785 -0.0205431 0.00272338 -0.0122729 -0.00353015
internal_weight=577.668 451.07 7.82786 443.242 6.83976 436.402 126.598 40.2036 24.8602 86.3945 14.0779 72.3166 15.3434 5.62953
internal_count=4800 3756 68 3688 54 3634 1044 276 162 768 127 641 114 46
is_linear=0
shrinkage=0.08


Tree=119
num_leaves=11
num_cat=0
split_feature=4 4 1 0 0 0 4 4 4 0
split_gain=0.0655857 0.784368 0.318681 0.348227 0.173708 0.39401 0.152506 1.70886 1.05246 0.0365129
threshold=2.5000000000000004 4.5000000000000009 1.0000000180025095e-35 3.5000000000000004 1.0000000180025095e-35 2.5000000000000004 12.500000000000002 11.500000000000002 13.500000000000002 6.5000000000000009
decision_type=2 2 2 2 2 2 2 2 2 2
left_child=2 9 3 -1 -4 -6 7 -3 -8 -2
right_child=1 6 4 -5 5 -7 8 -9 -10 -11
leaf_value=0.0072355770134431468 -0.044594472308456236 -0.003243206127442323 -0.0074156578749636701 -0.038838474665723738 0.040441398355466972 0.0060750879725832022 -0.035724557801116961 0.049263165114756709 0.00011884853979526602 -0.028650749146231752
leaf_weight=2.222746197134259 1.9228533431887618 22.911022264510397 2.7378173097968093 1.989585433155298 2.8953185603022566 8.1318493038415891 5.295926544815301 4.7977305501699439 522.89151599258184 1.7613429203629494
leaf_count=20 34 199 23 23 22 75 47 40 4299 18
internal_value=-2.80766e-05 -0.000180878 0.00472819 -0.0145263 0.0106204 0.0150984 6.29551e-05 0.0058482 -0.000240539 -0.0369721
internal_weight=577.558 559.58 17.9773 4.21233 13.765 11.0272 555.896 27.7088 528.187 3.6842
internal_count=4800 4637 163 43 120 97 4585 239 4346 52
is_linear=0
shrinkage=0.08


Tree=120
num_leaves=16
num_cat=0
split_feature=1 4 0 4 0 4 4 3 0 0 4 2 0 4 4
split_gain=0.0641558 0.355288 1.24612 2.72418 2.42444 0.499324 1.66659 1.17882 0.353707 1.11922 1.60232 1.36308 1.02254 1.49115 1.08186
threshold=1.0000000180025095e-35 61.500000000000007 5.5000000000000009 69.500000000000014 3.5000000000000004 47.500000000000007 45.500000000000007 1.0000000180025095e-35 3.5000000000000004 2.5000000000000004 25.500000000000004 1.0000000180025095e-35 5.5000000000000009 16.500000000000004 14.500000000000002
decision_type=2 2 2 2 2 2 2 2 2 2 2 2 2 2 2
left_child=8 5 4 -4 -3 6 -2 -7 9 11 -11 -1 13 -10 -14
right_child=1 2 3 -5 -6 7 -8 -9 12 10 -12 -13 14 -15 -16
leaf_value=-0.024584605935183773 -0.00012193253681902445 -0.015133365683224438 -0.072262391385842131 0.0014588155690007693 0.04157372195937703 0.0083568466365997168 -0.031926683535337154 -0.042489356678124091 0.028240824605436556 0.044632065432770984 0.0060314037468774673 0.0047983303804148853 -0.025830398563189111 -0.017550417841582039 0.0072355874829597823
leaf_weight=13.469070319086311 257.29311575740576 14.681622886564584 5.2755744978785506 8.1852723788470012 7.1874212622642508 67.228203043341637 10.995095465332268 3.0505872741341582 5.2006440870463839 9.1196327507495862 28.054455921053886 40.449134554713964 7.0293123126029959 36.451518185436726 63.901950769126415
leaf_count=112 2282 178 71 62 71 568 115 24 46 38 115 352 51 297 418
internal_value=-2.72671e-05 -0.000649565 -0.00828362 -0.027434 0.00350383 0.000147058 -0.00142537 0.00614977 0.00111511 0.0048214 0.015501 -0.00254169 -0.00188368 -0.011833 0.00395874
internal_weight=577.573 373.897 35.3299 13.4608 21.869 338.567 268.288 70.2788 203.676 91.0923 37.1741 53.9182 112.583 41.6522 70.9313
internal_count=4800 3371 382 133 249 2989 2397 592 1429 617 153 464 812 343 469
is_linear=0
shrinkage=0.08


Tree=121
num_leaves=15
num_cat=0
split_feature=4 4 2 0 4 4 3 1 4 0 0 1 4 0
split_gain=0.0774336 0.538604 1.77352 1.61463 1.39667 0.984869 0.969434 0.688273 0.322723 1.92873 0.593964 0.162544 0.714754 0.697173
threshold=26.500000000000004 21.500000000000004 1.5000000000000002 3.5000000000000004 20.500000000000004 24.500000000000004 1.0000000180025095e-35 1.0000000180025095e-35 27.500000000000004 2.5000000000000004 5.5000000000000009 1.5000000000000002 41.500000000000007 1.0000000180025095e-35
decision_type=2 2 2 2 2 2 2 2 2 2 2 2 2 2
left_child=1 4 5 -4 6 -3 -1 -6 9 -2 -11 13 -13 -10
right_child=8 2 3 -5 7 -7 -8 -9 11 10 -12 12 -14 -15
leaf_value=0.00045010496369109513 0.05853421200039733 -0.028670066875734181 -0.02140517118487921 0.055820159602517752 0.065451820794536236 -0.0024804365281473712 -0.039207491986226847 0.016822339561551342 0.010749325527077015 0.010025814500120099 -0.031726939056065738 -0.004158743390315257 0.0067369044854218478 -0.0026005410177486316
leaf_weight=95.179754309356213 4.0743690729141226 19.279134076088667 2.777569353580474 4.606332816183567 2.756812706589697 17.559789527207613 4.1155686639249316 5.7432024702429771 28.158381215296686 5.0713359564542753 3.8254188150167465 66.575295690447092 91.480019015260041 225.78777449484915
leaf_count=860 28 211 24 36 17 158 36 48 217 32 31 550 790 1762
internal_value=-2.97832e-05 -0.00157932 -0.00901385 0.0267707 0.00147068 -0.0161864 -0.00119361 0.0325944 0.000524507 0.0129492 -0.007927 0.000133339 0.00214749 -0.00112026
internal_weight=576.991 152.018 44.2228 7.3839 107.795 36.8389 99.2953 8.50002 424.973 12.9711 8.89675 412.001 158.055 253.946
internal_count=4800 1390 429 60 961 369 896 65 3410 91 63 3319 1340 1979
is_linear=0
shrinkage=0.08


Tree=122
num_leaves=16
num_cat=0
split_feature=4 4 0 2 1 1 0 4 4 0 1 0 0 1 1
split_gain=0.0660517 0.494421 1.18853 1.98079 1.31237 0.915889 1.62232 0.845965 0.271587 0.795919 1.14781 0.994316 0.282542 0.596456 0.328771
threshold=26.500000000000004 23.500000000000004 2.5000000000000004 1.5000000000000002 1.5000000000000002 1.5000000000000002 7.5000000000000009 13.500000000000002 28.500000000000004 1.5000000000000002 1.5000000000000002 3.5000000000000004 1.0000000180025095e-35 1.5000000000000002 1.5000000000000002
decision_type=2 2 2 2 2 2 2 2 2 2 2 2 2 2 2
left_child=1 5 4 -4 -3 7 -7 -1 9 10 -2 -11 13 -10 -14
right_child=8 2 3 -5 -6 6 -8 -9 12 11 -12 -13 14 -15 -16
leaf_value=-0.0039093253899230036 -0.048115553700722985 -0.060511252964161585 -0.011803446900667479 0.053934618261148537 0.0100336403300109 -0.015474461963571527 0.036745836213527866 0.012278624221139685 0.013339324725958222 0.044258589143054909 0.021782158781105516 0.0048193605495101457 -0.0027326875555410712 -0.0053881354753782078 0.0022796197340005687
leaf_weight=35.911165241152048 3.3739739283919361 5.227598704397681 18.141095902770761 3.4993386566638938 2.4924095943570137 33.61823371425271 4.2937807478010646 48.651873555034399 27.399143657647073 5.7217536866664913 2.7122715562582016 14.356010980904101 217.26226107683033 18.057724936399609 136.29195714555681
leaf_count=302 26 50 169 26 38 389 40 376 208 32 20 105 1707 158 1154
internal_value=-3.09073e-05 -0.00146322 -0.0107871 -0.00117336 -0.0377358 0.000771946 -0.00956018 0.00540413 0.000480589 0.00837647 -0.0169664 0.0160587 -3.71605e-05 0.00589985 -0.000800488
internal_weight=577.011 151.835 29.3604 21.6404 7.72001 122.475 37.912 84.563 425.175 26.164 6.08625 20.0778 399.011 45.4569 353.554
internal_count=4800 1390 283 195 88 1107 429 678 3410 183 46 137 3227 366 2861
is_linear=0
shrinkage=0.08


Tree=123
num_leaves=15
num_cat=0
split_feature=1 0 0 2 3 4 4 4 4 4 4 4 1 0
split_gain=0.0652385 0.347782 0.911013 2.06022 0.926372 0.384836 1.61774 0.346358 1.39561 1.04382 0.646852 0.324078 0.111004 0.717331
threshold=1.0000000180025095e-35 7.5000000000000009 6.5000000000000009 1.5000000000000002 1.0000000180025095e-35 29.500000000000004 35.500000000000007 1.5000000000000002 5.5000000000000009 3.5000000000000004 12.500000000000002 20.500000000000004 1.5000000000000002 4.5000000000000009
decision_type=2 2 2 2 2 2 2 2 2 2 2 2 2 2
left_child=1 2 4 -4 -1 11 -7 12 9 -9 -10 -3 -2 -14
right_child=7 5 3 -5 -6 6 -8 8 10 -11 -12 -13 13 -15
leaf_value=4.6036179016136988e-05 0.021274224337845492 0.0089813223761966727 -0.030785440276296951 0.043015938926632975 0.027708512115016817 -0.035048813719957168 0.013582967893581687 -0.013575819647427609 0.015031314385775253 -0.086667006080899778 -0.0012451366784219347 0.036325795394137647 -0.019950243187975756 0.033197925629968664
leaf_weight=141.54093037173152 5.3828033208847028 6.659651190042494 13.997205927968027 2.927074257284402 8.1965651363134366 5.6462778598070171 19.484917297959328 3.2153127379715434 16.379077844321728 2.0462993457913399 340.15496978955343 4.7540932446718216 3.3616310507059097 3.1465236246585846
leaf_count=1069 40 28 137 27 43 23 82 42 155 33 3042 20 32 27
internal_value=-3.21067e-05 0.00112156 -0.000428225 -0.0180214 0.00156027 0.00818927 0.00265676 -0.000659456 -0.001101 -0.0420018 -0.000497401 0.0203709 0.0127751 0.00574552
internal_weight=576.893 203.207 166.662 16.9243 149.737 36.5449 25.1312 373.687 361.796 5.26161 356.534 11.4137 11.891 6.50815
internal_count=4800 1429 1276 164 1112 153 105 3371 3272 75 3197 48 99 59
is_linear=0
shrinkage=0.08


Tree=124
num_leaves=15
num_cat=0
split_feature=4 4 1 0 2 0 1 0 4 0 0 1 4 4
split_gain=0.0700026 0.427478 0.584859 1.49014 0.887748 0.325984 0.80504 0.671341 0.232943 1.60689 0.475208 0.126321 0.665953 0.642293
threshold=26.500000000000004 22.500000000000004 1.5000000000000002 3.5000000000000004 1.0000000180025095e-35 4.5000000000000009 1.0000000180025095e-35 2.5000000000000004 27.500000000000004 2.5000000000000004 5.5000000000000009 1.5000000000000002 41.500000000000007 31.500000000000004
decision_type=2 2 2 2 2 2 2 2 2 2 2 2 2 2
left_child=1 2 4 -4 -1 7 -7 -3 9 -2 -11 12 -10 -13
right_child=8 5 3 -5 -6 6 -8 -9 11 10 -12 13 -14 -15
leaf_value=0.019063394371399742 0.051611489171959644 -0.016818085443509715 -0.027482223212903011 0.0057199179058281717 -0.00027288214439176586 -0.041624052357634715 -0.0041563278793100627 0.012824743895819524 0.0037869708528272235 0.0074963238011971425 -0.029994725027404627 0.016174040275041511 -0.0044986402449539147 0.00011024173463539331
leaf_weight=20.378246504813433 4.2237543836235991 9.9709682166576403 14.470996363088487 21.511258859187365 59.752704102545977 5.7487463280558577 10.150416273623703 9.5951158516108972 108.66375449672341 5.1216830164194089 3.7465668693184853 17.969267159700394 144.8287689993158 140.37271095067263
leaf_count=143 28 119 180 223 489 44 108 84 803 32 31 138 1176 1202
internal_value=-3.20836e-05 -0.00150808 0.000839875 -0.007633 0.00464456 -0.00919526 -0.0177037 -0.00228138 0.000494427 0.0109999 -0.00834251 0.000160464 -0.000946876 0.00193322
internal_weight=576.505 151.578 116.113 35.9823 80.131 35.4652 15.8992 19.5661 424.927 13.092 8.86825 411.835 253.493 158.342
internal_count=4800 1390 1035 403 632 355 152 203 3410 91 63 3319 1979 1340
is_linear=0
shrinkage=0.08


Tree=125
num_leaves=14
num_cat=0
split_feature=4 4 1 1 4 3 0 4 0 2 1 4 4
split_gain=0.0747541 0.878991 2.47691 0.931774 2.24039 1.49156 0.712045 0.668606 1.09097 1.04158 0.445279 1.7535 1.22039
threshold=40.500000000000007 41.500000000000007 1.0000000180025095e-35 1.5000000000000002 43.500000000000007 1.0000000180025095e-35 4.5000000000000009 38.500000000000007 6.5000000000000009 1.0000000180025095e-35 1.5000000000000002 37.500000000000007 36.500000000000007
decision_type=2 2 2 2 2 2 2 2 2 2 2 2 2
left_child=7 2 -2 4 -3 -5 -4 10 9 -9 12 -12 -1
right_child=1 3 6 5 -6 -7 -8 8 -10 -11 11 -13 -14
leaf_value=0.00052775337092493524 0.067544418044180099 -0.032897889340785462 -0.023121744561501654 0.0081350831737127677 -0.00069715578171657567 -0.046250402520308737 0.0217998974051699 0.021737532180222639 -0.058911592322812165 -0.020343650796559708 -0.001947311297626572 -0.053682656379536273 0.024001201444989774
leaf_weight=184.16569669544697 4.7352575138211241 15.489145644009112 5.2145966365933401 88.57309182593599 128.9746808912605 3.3494570069015017 3.9833130538463593 5.4946262538433137 3.0556056462228289 11.954718403518198 101.6672631110996 4.3732135072350493 15.357072152197359
leaf_count=1405 30 115 35 762 1061 28 27 48 33 115 980 44 117
internal_value=-3.20432e-05 0.00100777 0.0205341 -0.000143155 -0.00414966 0.00615339 -0.00366765 -0.000830301 -0.0148146 -0.0070927 0.000108124 -0.00408093 0.00233448
internal_weight=576.388 250.32 13.9332 236.386 144.464 91.9225 9.19791 326.068 20.505 17.4493 305.563 106.04 199.523
internal_count=4800 2058 92 1966 1176 790 62 2742 196 163 2546 1024 1522
is_linear=0
shrinkage=0.08


Tree=126
num_leaves=8
num_cat=0
split_feature=4 1 4 4 4 0 4
split_gain=0.0653411 0.091978 0.684904 0.454198 0.653936 0.3712 0.364699
threshold=87.500000000000014 1.0000000180025095e-35 76.500000000000014 61.500000000000007 62.500000000000007 7.5000000000000009 47.500000000000007
decision_type=2 2 2 2 2 2 2
left_child=1 2 5 6 -5 -1 -3
right_child=-2 3 -4 4 -6 -7 -8
leaf_value=-0.00078058062945344175 -0.0110945476946757 -0.0011922985624369616 0.040011386779317502 -0.051525485971897746 -0.0066422846079428393 0.0081969583145251254 0.0052655060731628071
leaf_weight=162.86278132721782 3.3978235572576514 267.40165703184903 2.8990236371755591 2.2278245370835057 30.795414501801133 35.990175351500511 70.784195274114609
leaf_count=1247 29 2397 21 31 332 151 592
internal_value=-3.3435e-05 3.21605e-05 0.00140706 -0.000715095 -0.00967021 0.000844254 0.000159356
internal_weight=576.359 572.961 201.752 371.209 33.0232 198.853 338.186
internal_count=4800 4771 1419 3352 363 1398 2989
is_linear=0
shrinkage=0.08


Tree=127
num_leaves=6
num_cat=0
split_feature=4 4 4 4 4
split_gain=0.057579 0.44182 0.0884765 0.07939 0.0615832
threshold=85.500000000000014 78.500000000000014 76.500000000000014 74.500000000000014 81.500000000000014
decision_type=2 2 2 2 2
left_child=1 2 3 -1 -3
right_child=-2 4 -4 -5 -6
leaf_value=5.4689540440066903e-05 0.008954745805946138 -0.017871887326455067 0.01299274560054749 -0.011443676398770751 -0.041999939301043981
leaf_weight=561.55468815658242 4.5275876447558394 1.164028545841574 3.3618437917903057 3.8695094920694819 1.6181509396992622
leaf_count=4652 36 22 32 30 28
internal_value=-3.14408e-05 -0.000102623 5.29361e-05 -2.40001e-05 -0.0319051
internal_weight=576.096 571.568 568.786 565.424 2.78218
internal_count=4800 4764 4714 4682 50
is_linear=0
shrinkage=0.08


Tree=128
num_leaves=9
num_cat=0
split_feature=4 4 2 4 0 4 1 4
split_gain=0.0634653 0.0795863 0.70909 0.939186 0.47047 0.352479 1.03712 0.298713
threshold=87.500000000000014 52.500000000000007 1.0000000180025095e-35 55.500000000000007 6.5000000000000009 46.500000000000007 1.5000000000000002 40.500000000000007
decision_type=2 2 2 2 2 2 2 2
left_child=1 5 3 -3 -4 7 -7 -1
right_child=-2 2 4 -5 -6 6 -8 -9
leaf_value=-0.00073444037684055003 -0.01093722229084353 0.016216407750883528 0.0079126699163028589 -0.019466821375434214 -0.0052192347108104198 -0.01672252170878041 0.0071193946929497464 0.0048415295453591604
leaf_weight=325.60036054998636 3.3935519419610491 6.3571265935897854 75.646621176972985 18.338290305342525 22.700016241520643 28.400068491697311 19.830352507531643 75.803533278405666
leaf_count=2742 29 48 611 185 171 270 169 575
internal_value=-2.91529e-05 3.54858e-05 0.00183833 -0.0102812 0.00488161 -0.00045786 -0.00691971 0.000318559
internal_weight=576.07 572.676 123.042 24.6954 98.3466 449.634 48.2304 401.404
internal_count=4800 4771 1015 233 782 3756 439 3317
is_linear=0
shrinkage=0.08


Tree=129
num_leaves=7
num_cat=0
split_feature=4 4 4 4 4 4
split_gain=0.0574111 0.384961 0.078504 0.748574 0.39182 0.0562499
threshold=85.500000000000014 78.500000000000014 63.500000000000007 64.500000000000014 59.500000000000007 81.500000000000014
decision_type=2 2 2 2 2 2
left_child=1 2 4 -4 -1 -3
right_child=-2 5 3 -5 -6 -7
leaf_value=0.00018185982982165584 0.0089502011052125709 -0.016688258247643396 0.02985329388589773 -0.00090794566274846153 -0.012008561731356034 -0.040005235905071351
leaf_weight=508.98567463643849 4.5225278362631789 1.1463255463168018 5.8776783011853686 36.527714322321117 17.453067978844047 1.5676990239880977
leaf_count=4172 36 22 49 317 176 28
internal_value=-2.79269e-05 -9.89675e-05 4.44422e-05 0.00335577 -0.00022229 -0.0301568
internal_weight=576.081 571.558 568.844 42.4054 526.439 2.71402
internal_count=4800 4764 4714 366 4348 50
is_linear=0
shrinkage=0.08


Tree=130
num_leaves=7
num_cat=0
split_feature=4 4 2 4 4 4
split_gain=0.0617361 0.0956216 0.838115 0.83378 0.201731 0.144772
threshold=87.500000000000014 77.500000000000014 1.0000000180025095e-35 83.500000000000014 75.500000000000014 72.500000000000014
decision_type=2 2 2 2 2 2
left_child=1 4 -3 -4 5 -1
right_child=-2 2 3 -5 -6 -7
leaf_value=-8.7627403829866255e-05 -0.010790957625583072 -0.041000154004724884 7.2527705165413439e-05 0.075118515738311173 -0.019536241582282021 0.011719399112872076
leaf_weight=557.10327932238579 3.3895872272551051 1.4697134646121401 2.3975623687729244 1.5665995217859743 3.3845836594700804 6.7266170950606456
leaf_count=4617 29 23 37 13 30 51
internal_value=-2.61936e-05 3.75246e-05 0.0105994 0.02973 -6.36578e-05 5.32331e-05
internal_weight=576.038 572.648 5.43388 3.96416 567.214 563.83
internal_count=4800 4771 73 50 4698 4668
is_linear=0
shrinkage=0.08


Tree=131
num_leaves=9
num_cat=0
split_feature=2 4 4 4 0 4 4 4
split_gain=0.0585088 1.6633 0.99488 1.37005 1.429 1.2416 0.475487 0.582941
threshold=1.0000000180025095e-35 87.500000000000014 75.500000000000014 55.500000000000007 3.5000000000000004 53.500000000000007 79.500000000000014 75.500000000000014
decision_type=2 2 2 2 2 2 2 2
left_child=2 6 3 5 -5 -1 7 -2
right_child=1 -3 -4 4 -6 -7 -8 -9
leaf_value=0.001695060969880645 -4.6679616188933257e-05 -0.067356600360920824 0.045202124288055624 -0.055262514587190122 -0.0045025020670673033 0.04466614208085086 0.033046556404969819 -0.031509097584307762
leaf_weight=113.25386973842978 430.28345759771764 2.3669246770441523 3.2429501656442872 5.375117525458335 10.450892254710196 4.473338194191455 2.7502977866679421 3.802255041897296
leaf_count=922 3558 21 38 62 93 33 35 38
internal_value=-2.45863e-05 -0.000474567 0.00142014 0.000357021 -0.0217425 0.00332785 -0.000112178 -0.000322266
internal_weight=575.999 439.203 136.796 133.553 15.826 117.727 436.836 434.086
internal_count=4800 3652 1148 1110 155 955 3631 3596
is_linear=0
shrinkage=0.08


Tree=132
num_leaves=6
num_cat=0
split_feature=4 4 4 0 4
split_gain=0.0624067 0.41018 0.111038 0.0754764 0.0644112
threshold=85.500000000000014 78.500000000000014 76.500000000000014 7.5000000000000009 81.500000000000014
decision_type=2 2 2 2 2
left_child=1 2 3 -1 -3
right_child=-2 4 -4 -5 -6
leaf_value=-0.00039841116142253283 0.0094020511346181151 -0.016495096945618369 0.014622206581720124 0.002317849337557536 -0.041374277009917339
leaf_weight=489.89918268565089 4.4596502631902686 1.1434376509860151 3.327157547697424 75.570215933024883 1.5949925375171004
leaf_count=4187 36 22 32 495 28
internal_value=-2.48153e-05 -9.83725e-05 5.03334e-05 -3.54059e-05 -0.0309859
internal_weight=575.995 571.535 568.797 565.469 2.73843
internal_count=4800 4764 4714 4682 50
is_linear=0
shrinkage=0.08


Tree=133
num_leaves=15
num_cat=0
split_feature=4 4 1 4 0 4 1 2 4 0 0 4 4 0
split_gain=0.0603121 0.321158 0.664315 0.291325 1.2493 0.390302 0.269371 1.38297 1.25984 0.956578 0.595913 1.1554 0.827274 0.147052
threshold=52.500000000000007 51.500000000000007 1.0000000180025095e-35 50.500000000000007 5.5000000000000009 46.500000000000007 1.0000000180025095e-35 1.5000000000000002 62.500000000000007 5.5000000000000009 6.5000000000000009 72.500000000000014 69.500000000000014 3.5000000000000004
decision_type=2 2 2 2 2 2 2 2 2 2 2 2 2 2
left_child=1 3 -3 5 -5 -1 7 9 -9 -2 12 -12 -8 -4
right_child=6 2 13 4 -6 -7 10 8 -10 -11 11 -13 -14 -15
leaf_value=0.00025801936409459476 0.0029430451200548693 0.01068565642121065 -0.023284616246760766 -0.013396137528530543 0.055342279997184739 -0.0087437575013951611 0.0065332989496517972 -0.055517731506259403 0.012619649495018077 0.028866873178458836 -0.026174889608025453 0.019421506545027264 -0.018772997572933565 -0.05245487726451166
leaf_weight=401.5404406003654 25.733759053051472 3.2817232906818381 2.3944731056690216 3.9397556930780402 2.966209203004837 33.389836624264717 51.366628324612975 4.0411787405610076 3.0455152373760939 14.101571902632712 13.350900940597059 4.8483341373503199 9.8533540356438589 2.0554946139454842
leaf_count=3317 181 23 25 35 19 317 433 29 22 82 133 34 130 20
internal_value=-2.30515e-05 -0.000457052 -0.0166209 -0.000174201 0.016128 -0.000433052 0.00152128 0.0063271 -0.0262356 0.01212 -0.00131807 -0.0140279 0.00246025 -0.0367587
internal_weight=575.909 449.568 7.73169 441.836 6.90596 434.93 126.341 46.922 7.08669 39.8353 79.4192 18.1992 61.22 4.44997
internal_count=4800 3756 68 3688 54 3634 1044 314 51 263 730 167 563 45
is_linear=0
shrinkage=0.08


Tree=134
num_leaves=14
num_cat=0
split_feature=4 4 1 1 4 3 0 4 0 2 1 4 4
split_gain=0.0586005 0.703762 2.00272 0.764178 2.01078 1.30321 0.601104 0.573907 0.98342 0.879836 0.365516 1.56206 1.015
threshold=40.500000000000007 41.500000000000007 1.0000000180025095e-35 1.5000000000000002 43.500000000000007 1.0000000180025095e-35 4.5000000000000009 38.500000000000007 6.5000000000000009 1.0000000180025095e-35 1.5000000000000002 37.500000000000007 36.500000000000007
decision_type=2 2 2 2 2 2 2 2 2 2 2 2 2
left_child=7 2 -2 4 -3 -5 -4 10 9 -9 12 -12 -1
right_child=1 3 6 5 -6 -7 -8 8 -10 -11 11 -13 -14
leaf_value=0.00049115767404572417 0.059566889685552245 -0.031242977727068143 -0.021864347649065308 0.007355413773724671 -0.0005264334239631134 -0.044245584177038867 0.019323189552384587 0.019689126956457574 -0.0563398190592867 -0.018885376934515325 -0.0016931677564676507 -0.051537014259187081 0.02177791222344495
leaf_weight=184.09063571318984 4.9008875861763945 15.260350085794924 5.1539780274033529 89.044353593140841 128.41713415738195 3.2466090880334368 4.0496023744344711 5.5790734812617364 2.963921431452035 11.763143517076967 101.42538516968489 4.1901993080973616 15.546671107411383
leaf_count=1405 30 115 35 762 1061 28 27 48 33 115 980 44 117
internal_value=-2.35541e-05 0.000897425 0.0182562 -0.000140154 -0.00378892 0.0055402 -0.00374171 -0.000730989 -0.013754 -0.00647578 0.000135334 -0.00367068 0.00214885
internal_weight=575.632 250.073 14.1045 235.968 143.677 92.291 9.20358 325.559 20.3061 17.3422 305.253 105.616 199.637
internal_count=4800 2058 92 1966 1176 790 62 2742 196 163 2546 1024 1522
is_linear=0
shrinkage=0.08


Tree=135
num_leaves=13
num_cat=0
split_feature=0 3 4 3 2 4 4 4 2 4 2 4
split_gain=0.0558279 0.731803 1.43189 0.56993 1.37822 1.77294 1.25692 1.07492 1.05686 0.455261 1.38371 1.00116
threshold=4.5000000000000009 1.0000000180025095e-35 42.500000000000007 1.0000000180025095e-35 1.5000000000000002 53.500000000000007 69.500000000000014 85.500000000000014 1.5000000000000002 68.500000000000014 1.0000000180025095e-35 61.500000000000007
decision_type=2 2 2 2 2 2 2 2 2 2 2 2
left_child=3 9 -3 6 5 -5 8 -8 -1 11 -11 -2
right_child=1 2 -4 4 -6 -7 7 -9 -10 10 -12 -13
leaf_value=-0.0012187057013553161 9.076855945854699e-05 0.0029460480840348656 -0.077772117805570251 0.011304590905583263 -0.035515130474220682 0.082895645568872481 -0.0418821828694299 0.030848365344334432 0.012266567703901754 0.05072453906148424 -0.001800319379014737 -0.023386515698537752
leaf_weight=250.4209013376385 221.10822259634733 3.5805145725607863 2.3165027759969234 11.470328286290171 2.8860172629356375 2.7433897703886023 7.5551025688182545 1.5709655862301586 43.682531390339136 4.4471039604395619 11.538427695631979 12.269994754344223
leaf_count=2091 1813 29 20 81 19 19 110 17 363 33 81 124
internal_value=-2.50547e-05 -0.000907657 -0.0287622 0.000678265 0.0148883 0.0251224 -0.000123066 -0.0293623 0.000784232 -0.000248947 0.0128119 -0.00114356
internal_weight=575.59 255.261 5.89702 320.329 17.0997 14.2137 303.23 9.12607 294.103 249.364 15.9855 233.378
internal_count=4800 2100 49 2700 119 100 2581 127 2454 2051 114 1937
is_linear=0
shrinkage=0.08


Tree=136
num_leaves=7
num_cat=0
split_feature=4 2 4 4 4 4
split_gain=0.0607221 0.508618 1.42571 0.237232 0.168769 0.125299
threshold=80.500000000000014 1.0000000180025095e-35 87.500000000000014 77.500000000000014 75.500000000000014 73.500000000000014
decision_type=2 2 2 2 2 2
left_child=3 -2 -3 4 5 -1
right_child=1 2 -4 -5 -6 -7
leaf_value=-4.5106894313971759e-05 0.02896909225889123 0.023674172938961943 -0.065970058335773921 0.024524438801190034 -0.018032571181347511 0.013969693688937485
leaf_weight=559.25819609686732 1.7370863622054447 2.2321014171466231 2.311067022383213 2.525572368875145 3.3201558999717227 4.1127848494797936
leaf_count=4636 20 28 21 33 30 32
internal_value=-2.60662e-05 -0.0078494 -0.021927 6.02499e-05 -4.87797e-05 5.72055e-05
internal_weight=575.497 6.28025 4.54317 569.217 566.691 563.371
internal_count=4800 69 49 4731 4698 4668
is_linear=0
shrinkage=0.08


Tree=137
num_leaves=15
num_cat=0
split_feature=4 4 0 2 1 1 4 4 4 0 0 1 4 0
split_gain=0.0579898 0.375358 0.994244 1.64143 1.22186 0.632197 1.5641 0.749744 0.200798 1.31868 0.411988 0.0886891 0.582831 0.462767
threshold=26.500000000000004 23.500000000000004 2.5000000000000004 1.5000000000000002 1.5000000000000002 1.5000000000000002 17.500000000000004 13.500000000000002 27.500000000000004 2.5000000000000004 5.5000000000000009 1.5000000000000002 31.500000000000004 1.0000000180025095e-35
decision_type=2 2 2 2 2 2 2 2 2 2 2 2 2 2
left_child=1 5 4 -4 -3 7 -7 -1 9 -2 -11 13 -13 -10
right_child=8 2 3 -5 -6 6 -8 -9 11 10 -12 12 -14 -15
leaf_value=-0.0044012945538960133 0.046216871276145891 -0.057867794051690472 -0.010772521050232466 0.048436199577476274 0.011095565275127098 0.0021973609311569573 -0.034152614177662965 0.010809925470162202 0.0088071399386071055 0.0069951338677426006 -0.028118395840126521 0.015133281311357829 -0.0001153835200590687 -0.0020092434834209452
leaf_weight=35.928457967936993 4.3502583727240554 4.9302077665925053 17.914221044629816 3.5985640883445731 2.4669859297573566 26.697053145617247 10.577565252780913 49.048921782523394 28.539026528596878 5.1359225809574109 3.6642897948622704 18.110983304679394 140.425706198439 224.09094366710633
leaf_count=302 28 50 169 26 38 283 146 376 217 32 31 138 1202 1762
internal_value=-2.46675e-05 -0.00137014 -0.00956791 -0.000868347 -0.0348683 0.000568457 -0.00811781 0.00437862 0.000454654 0.0101858 -0.00762567 0.00014342 0.0016266 -0.000787342
internal_weight=575.479 151.162 28.91 21.5128 7.39719 122.252 37.2746 84.9774 424.317 13.1505 8.80021 411.167 158.537 252.63
internal_count=4800 1390 283 195 88 1107 429 678 3410 91 63 3319 1340 1979
is_linear=0
shrinkage=0.08


Tree=138
num_leaves=14
num_cat=0
split_feature=4 4 1 1 4 4 0 3 4 0 4 4 1
split_gain=0.0627693 0.577908 1.63385 0.632389 1.72802 1.27014 0.51521 0.494921 2.55109 0.966686 1.5908 0.93584 0.543604
threshold=40.500000000000007 41.500000000000007 1.0000000180025095e-35 1.5000000000000002 43.500000000000007 43.500000000000007 4.5000000000000009 1.0000000180025095e-35 20.500000000000004 1.0000000180025095e-35 9.5000000000000018 39.500000000000007 1.0000000180025095e-35
decision_type=2 2 2 2 2 2 2 2 2 2 2 2 2
left_child=7 2 -2 4 -3 -5 -4 9 -9 10 -1 -11 -10
right_child=1 3 6 5 -6 -7 -8 8 12 11 -12 -13 -14
leaf_value=-0.057585303743208256 0.053192360471317195 -0.02904272291286605 -0.020493054106699181 0.031970259351007765 -0.00034261503734763285 0.0018633456355458783 0.017624155151024442 -0.038522361644965822 0.06359350405670261 0.0010517146706161815 -0.0072577802229226067 -0.024179446005407352 0.023140708847674177
leaf_weight=4.6451064012944689 5.0391884595155707 14.997090168297289 5.0892135575413686 10.062046557664869 128.20062749832869 82.487070407485589 4.0960164368152618 4.0723790228366843 3.2805022969841939 267.79163939505816 29.850922204554081 9.7507872730493528 6.0410877354443073
leaf_count=50 30 115 35 78 1061 712 27 36 17 2227 272 94 46
internal_value=-2.58662e-05 0.000927507 0.0165871 -1.73561e-05 -0.00334838 0.0051366 -0.00349525 -0.000758171 0.0143002 -0.00140454 -0.0140347 0.000165278 0.0373771
internal_weight=575.404 249.971 14.2244 235.747 143.198 92.5491 9.18523 325.432 13.394 312.038 34.496 277.542 9.32159
internal_count=4800 2058 92 1966 1176 790 62 2742 99 2643 322 2321 63
is_linear=0
shrinkage=0.08


Tree=139
num_leaves=10
num_cat=0
split_feature=4 4 1 2 0 0 4 4 0
split_gain=0.0786688 0.587937 0.301667 0.512582 0.29495 0.284075 0.1991 0.25833 0.026418
threshold=2.5000000000000004 4.5000000000000009 1.0000000180025095e-35 1.0000000180025095e-35 3.5000000000000004 6.5000000000000009 6.5000000000000009 7.5000000000000009 6.5000000000000009
decision_type=2 2 2 2 2 2 2 2 2
left_child=2 8 4 -4 -1 -5 -3 -8 -2
right_child=1 6 3 5 -6 -7 7 -9 -10
leaf_value=0.0063805546036830255 -0.039962347358995967 0.017432822264792626 -0.024238858711056865 0.024609265176239212 -0.036346632003240419 -0.0052966524571808902 -0.027387303195451792 -1.0675907157094874e-05 -0.025993284436627875
leaf_weight=2.2008921317756203 1.7485553268343201 4.1666733250021926 2.2228517606854412 8.8401355035603029 1.9502370841801164 2.6398626267910013 2.2148669622838488 547.58740402432159 1.7175425998866558
leaf_count=20 34 40 18 82 23 20 28 4517 18
internal_value=-2.70186e-05 -0.000194443 0.00520028 0.0109238 -0.0136931 0.0177323 1.10686e-05 -0.000120962 -0.0330403
internal_weight=575.289 557.435 17.854 13.7028 4.15113 11.48 553.969 549.802 3.4661
internal_count=4800 4637 163 120 43 102 4585 4545 52
is_linear=0
shrinkage=0.08


Tree=140
num_leaves=11
num_cat=0
split_feature=4 4 4 1 1 0 4 4 4 0
split_gain=0.065935 0.51076 0.256486 0.49674 1.0046 0.318461 0.178784 0.166784 0.22335 0.0255466
threshold=2.5000000000000004 4.5000000000000009 1.0000000180025095e-35 1.5000000000000002 1.0000000180025095e-35 4.5000000000000009 1.5000000000000002 6.5000000000000009 7.5000000000000009 6.5000000000000009
decision_type=2 2 2 2 2 2 2 2 2 2
left_child=2 9 3 4 -1 -5 -4 -3 -9 -2
right_child=1 7 6 5 -6 -7 -8 8 -10 -11
leaf_value=-0.024060756585641788 -0.038125955943943385 0.015878550736894311 0.036709766914505941 -0.037098355751385086 0.034730492876156711 0.0016289946738742254 0.0052161922249777714 -0.025713901194014385 -9.8222078575893356e-06 -0.024226155466506031
leaf_weight=3.0307952575385588 1.6886776890605679 4.2068050391972056 2.313137859106063 2.9694933071732521 4.81589026004076 2.5055825561285019 2.3013873063027859 2.1721110455691806 547.58380484231748 1.6963116675615311
leaf_count=34 34 40 20 29 35 21 24 28 4517 18
internal_value=-2.56204e-05 -0.000179262 0.00474861 -0.00088177 0.0120223 -0.0193754 0.0210031 1.00477e-05 -0.00011138 -0.0311604
internal_weight=575.284 557.348 17.9363 13.3218 7.84669 5.47508 4.61453 553.963 549.756 3.38499
internal_count=4800 4637 163 119 69 50 44 4585 4545 52
is_linear=0
shrinkage=0.08


Tree=141
num_leaves=11
num_cat=0
split_feature=4 4 4 0 0 4 0 4 1 4
split_gain=0.0637678 1.4506 1.18669 3.43226 0.934595 0.891796 1.68443 0.450011 1.14384 0.316197
threshold=12.500000000000002 11.500000000000002 10.500000000000002 3.5000000000000004 3.5000000000000004 13.500000000000002 3.5000000000000004 14.500000000000002 1.0000000180025095e-35 15.500000000000002
decision_type=2 2 2 2 2 2 2 2 2 2
left_child=1 2 4 -4 -1 6 -2 8 -7 -9
right_child=5 -3 3 -5 -6 7 -8 9 -10 -11
leaf_value=0.016314692032076195 0.010584466656838211 0.04377030903615714 -0.1093305890074923 0.025953161002517908 -0.0085066177813238747 0.060559936336573569 -0.08106584662318668 -0.019291099426464543 -0.0077321885381020665 -1.1076293505900106e-05
leaf_weight=17.721336396411061 2.6720681712031356 4.9557131826877585 2.3219594657421103 2.4845043122768402 21.471693687140942 2.7143557891249648 2.4695560112595558 5.502891167998313 3.7220083177089691 509.22627340187319
leaf_count=166 25 40 21 24 203 19 22 45 33 4202
internal_value=-2.45282e-05 0.00273718 -0.00188443 -0.0394012 0.00271647 -0.000281413 -0.0334358 4.56761e-05 0.0210681 -0.000217196
internal_weight=575.262 48.9552 43.9995 4.80646 39.193 526.307 5.14162 521.166 6.43636 514.729
internal_count=4800 454 414 45 369 4346 47 4299 52 4247
is_linear=0
shrinkage=0.08


Tree=142
num_leaves=15
num_cat=0
split_feature=4 4 1 1 4 3 0 4 0 4 2 1 4 4
split_gain=0.0532069 0.484091 1.33968 0.534325 1.48984 1.09586 0.437967 0.421668 0.87826 1.44898 1.44647 0.295451 1.39792 0.843984
threshold=40.500000000000007 41.500000000000007 1.0000000180025095e-35 1.5000000000000002 43.500000000000007 1.0000000180025095e-35 4.5000000000000009 38.500000000000007 5.5000000000000009 39.500000000000007 1.0000000180025095e-35 1.5000000000000002 37.500000000000007 36.500000000000007
decision_type=2 2 2 2 2 2 2 2 2 2 2 2 2 2
left_child=7 2 -2 4 -3 -5 -4 11 10 -10 -9 13 -13 -1
right_child=1 3 6 5 -6 -7 -8 8 9 -11 -12 12 -14 -15
leaf_value=0.00032343791885894389 0.047727573566385052 -0.027144183123226712 -0.019104551064260483 0.0063317158775833583 -0.00031274906037355573 -0.041815046079509893 0.016036623294561722 0.033259792444743919 0.0089662176189808582 -0.075409820683225853 -0.019848801340736272 -0.0015537114894685236 -0.049588683175414552 0.019624659546493683
leaf_weight=184.17181867733598 5.1616840958595267 14.770661585032938 5.0244771689176542 89.74319475190714 128.17349542863667 3.1310836113989344 4.1400897353887558 4.9671868830919275 2.2565362304449073 3.081159271299839 9.6752343326807022 101.19795689731836 4.0319351330399504 15.738242916762827
leaf_count=1405 30 115 35 762 1061 28 27 42 27 33 94 980 44 117
internal_value=-2.54849e-05 0.00085165 0.0151301 -1.5782e-05 -0.00308529 0.00470854 -0.00322954 -0.000700345 -0.0119595 -0.0397394 -0.00183263 3.68848e-05 -0.0033942 0.00184296
internal_weight=575.265 250.145 14.3263 235.818 142.944 92.8743 9.16457 325.12 19.9801 5.3377 14.6424 305.14 105.23 199.91
internal_count=4800 2058 92 1966 1176 790 62 2742 196 60 136 2546 1024 1522
is_linear=0
shrinkage=0.08


Tree=143
num_leaves=11
num_cat=0
split_feature=0 3 4 2 4 4 4 2 4 4
split_gain=0.0558885 0.469235 0.997954 1.25575 0.693052 0.185105 2.72003 1.18161 0.973096 0.335841
threshold=1.5000000000000002 1.0000000180025095e-35 36.500000000000007 1.5000000000000002 33.500000000000007 57.500000000000007 58.500000000000007 1.5000000000000002 56.500000000000007 54.500000000000007
decision_type=2 2 2 2 2 2 2 2 2 2
left_child=1 2 4 -4 -1 8 -7 -8 9 -2
right_child=5 -3 3 -5 -6 6 7 -9 -10 -11
leaf_value=-0.007131800690445611 -0.00028200906492413031 0.028729376356251637 -0.00031457036750326113 0.031263092200340403 -0.036170786380886104 0.06347465454852301 0.0046061005052588314 -0.026374105668255519 -0.035473265391368358 0.01238168671589448
leaf_weight=48.701307220384479 372.66025608032942 3.1836584322154513 51.740534226642922 9.5469698794186098 5.8968575894832602 4.6225219890475264 50.645624922588468 9.3309086412191373 4.9640757068991652 13.902740374207495
leaf_count=476 2997 25 459 85 59 33 446 86 39 95
internal_value=-2.67986e-05 -0.00157023 -0.00240263 0.00460439 -0.0102681 0.000376105 0.00434368 -0.000213676 -0.000278515 0.000173441
internal_weight=575.195 119.069 115.886 61.2875 54.5982 456.126 64.5991 59.9765 391.527 386.563
internal_count=4800 1104 1079 544 535 3696 565 532 3131 3092
is_linear=0
shrinkage=0.08


Tree=144
num_leaves=11
num_cat=0
split_feature=4 4 4 0 0 4 0 4 1 4
split_gain=0.0591951 1.19218 1.03379 3.12708 0.800542 0.765876 1.52629 0.381022 0.929061 0.265568
threshold=12.500000000000002 11.500000000000002 10.500000000000002 3.5000000000000004 3.5000000000000004 13.500000000000002 3.5000000000000004 14.500000000000002 1.0000000180025095e-35 15.500000000000002
decision_type=2 2 2 2 2 2 2 2 2 2
left_child=1 2 4 -4 -1 6 -2 8 -7 -9
right_child=5 -3 3 -5 -6 7 -8 9 -10 -11
leaf_value=0.015142712718419762 0.0099403821509266438 0.039272898282886416 -0.10728028871945641 0.023510678884720974 -0.0078170842664473991 0.054075929453154058 -0.078315583656160079 -0.017805474999752016 -0.0070355261663035216 -2.9945128395743736e-05
leaf_weight=17.842289308086038 2.6826419606804839 5.0925515219569197 2.1787632033228865 2.526722252368927 21.34784197807312 2.7964762970805159 2.3550380878150463 5.4365486055612555 3.6969160735607147 509.1508850294631
leaf_count=166 25 40 21 24 203 19 22 45 33 4202
internal_value=-2.71874e-05 0.00263265 -0.00161817 -0.037049 0.00263594 -0.000274851 -0.0313179 2.52655e-05 0.019283 -0.000217741
internal_weight=575.107 48.9882 43.8956 4.70549 39.1901 526.119 5.03768 521.081 6.49339 514.587
internal_count=4800 454 414 45 369 4346 47 4299 52 4247
is_linear=0
shrinkage=0.08


Tree=145
num_leaves=6
num_cat=0
split_feature=4 4 1 4 4
split_gain=0.0540516 0.251277 0.589347 0.19287 0.147532
threshold=88.500000000000014 80.500000000000014 1.0000000180025095e-35 77.500000000000014 75.500000000000014
decision_type=2 2 2 2 2
left_child=1 3 -3 4 -1
right_child=-2 2 -4 -5 -6
leaf_value=5.1507653346407181e-05 0.011302170137181327 0.013902806794832879 -0.051360256288641687 0.021913466387893862 -0.016927521769136013
leaf_weight=562.98496270831674 2.682360127568244 1.6437257863581172 1.9199040634557605 2.5710983686149111 3.2943744100630274
leaf_count=4668 24 14 31 33 30
internal_value=-2.75845e-05 -8.06763e-05 -0.0212576 5.19893e-05 -4.72692e-05
internal_weight=575.096 572.414 3.56363 568.85 566.279
internal_count=4800 4776 45 4731 4698
is_linear=0
shrinkage=0.08


Tree=146
num_leaves=13
num_cat=0
split_feature=0 3 4 2 4 4 2 0 0 4 2 4
split_gain=0.0526434 0.386086 0.867864 1.03352 0.606314 0.168828 0.754299 0.976539 0.944426 0.487731 0.884916 0.656596
threshold=1.5000000000000002 1.0000000180025095e-35 36.500000000000007 1.5000000000000002 33.500000000000007 17.500000000000004 1.0000000180025095e-35 5.5000000000000009 6.5000000000000009 25.500000000000004 1.5000000000000002 29.500000000000004
decision_type=2 2 2 2 2 2 2 2 2 2 2 2
left_child=1 2 4 -4 -1 6 7 -2 -8 10 -7 -11
right_child=5 -3 3 -5 -6 9 8 -9 -10 11 -12 -13
leaf_value=-0.006755572045106845 0.033853107687019414 0.02566911818008347 -0.00028590430573628993 0.028098609646494938 -0.034263568045302825 -0.012827456393175254 -0.0084186145828405463 -0.0068018594252171405 0.016076996365445545 0.010523326611062532 0.015980517382378653 -0.00045930086246300677
leaf_weight=48.514384320005774 10.364004503935577 3.2501768097281447 51.726574657252058 9.7587319714948517 5.7342673838138571 39.416031431406736 32.909677028656006 5.9534180015325537 14.516682744026182 39.325826581567526 8.2531918659806234 305.3537958310917
leaf_count=476 72 25 459 85 59 384 302 51 111 287 61 2428
internal_value=-2.57521e-05 -0.00152434 -0.00228801 0.00421919 -0.00966326 0.000365194 0.00418378 0.0190201 -0.00092078 -0.000255201 -0.0078398 0.000793749
internal_weight=575.077 118.984 115.734 61.4853 54.2487 456.093 63.7438 16.3174 47.4264 392.349 47.6692 344.68
internal_count=4800 1104 1079 544 535 3696 536 123 413 3160 445 2715
is_linear=0
shrinkage=0.08


Tree=147
num_leaves=15
num_cat=0
split_feature=1 0 0 2 3 4 4 4 0 4 4 4 4 4
split_gain=0.0463797 0.364663 0.719179 1.87508 0.65657 0.331527 1.50969 0.289952 0.282507 2.03191 3.00079 1.84118 0.680847 1.32598
threshold=1.0000000180025095e-35 7.5000000000000009 6.5000000000000009 1.5000000000000002 1.0000000180025095e-35 29.500000000000004 35.500000000000007 20.500000000000004 5.5000000000000009 31.500000000000004 27.500000000000004 33.500000000000007 79.500000000000014 69.500000000000014
decision_type=2 2 2 2 2 2 2 2 2 2 2 2 2 2
left_child=1 2 4 -4 -1 7 -7 -3 12 10 -10 -11 13 -2
right_child=8 5 3 -5 -6 6 -8 -9 9 11 -12 -13 -14 -15
leaf_value=-0.00016654709344746495 0.0014298702900123331 0.0087322525446395672 -0.028992184823507784 0.041258885663382358 0.02308374389374674 -0.03335167711081622 0.013667859263733505 0.034629697608212336 -0.0029166291949176671 -0.059454576026560617 0.042642251837070017 -0.0084684354078966035 0.043767739880228071 -0.04031659491009533
leaf_weight=141.27367434278131 241.47638185694814 6.6432520151138288 13.61879461631179 2.9601442329585543 8.225891098380087 5.6452344357967403 19.351172067224979 4.7418645322322845 34.013227459043264 4.837074786424636 12.710375376045702 72.071881761774421 2.3594369203783563 4.9696205658838144
leaf_count=1069 2152 28 137 27 43 23 82 20 330 42 95 642 37 73
internal_value=-2.58447e-05 0.000948732 -0.000640364 -0.016449 0.00111275 0.00820282 0.00304888 0.0195185 -0.000555632 -0.00368129 0.0094769 -0.0116751 0.000997522 0.000588047
internal_weight=574.898 202.46 166.079 16.5789 149.5 36.3815 24.9964 11.3851 372.438 123.633 46.7236 76.909 248.805 246.446
internal_count=4800 1429 1276 164 1112 153 105 48 3371 1109 425 684 2262 2225
is_linear=0
shrinkage=0.08


Tree=148
num_leaves=6
num_cat=0
split_feature=4 4 4 4 4
split_gain=0.0579421 0.531209 0.175628 0.115098 0.13254
threshold=80.500000000000014 85.500000000000014 77.500000000000014 75.500000000000014 72.500000000000014
decision_type=2 2 2 2 2
left_child=2 -2 3 4 -1
right_child=1 -3 -4 -5 -6
leaf_value=-8.6677065148369159e-05 -0.044990130365261755 0.0068845616063402159 0.020850061179568679 -0.0150820588422879 0.01123758188448965
leaf_weight=555.75763757713139 1.7568104364909221 4.4981522932648659 2.5878566382452837 3.2363236229866734 6.6943162521347395
leaf_count=4617 33 36 33 30 51
internal_value=-2.76196e-05 -0.00768531 5.66679e-05 -3.84557e-05 4.81045e-05
internal_weight=574.531 6.25496 568.276 565.688 562.452
internal_count=4800 69 4731 4698 4668
is_linear=0
shrinkage=0.08


Tree=149
num_leaves=8
num_cat=0
split_feature=4 1 4 4 4 0 4
split_gain=0.0543511 0.068556 0.546902 0.346264 0.574482 0.342518 0.229737
threshold=87.500000000000014 1.0000000180025095e-35 76.500000000000014 61.500000000000007 62.500000000000007 7.5000000000000009 47.500000000000007
decision_type=2 2 2 2 2 2 2
left_child=1 2 5 6 -5 -1 -3
right_child=-2 3 -4 4 -6 -7 -8
leaf_value=-0.00084501649020219641 -0.010209870845917943 -0.00093345357941426678 0.035743863598067659 -0.048965015535628584 -0.0057053802086251262 0.0077929270511606077 0.0041793862866410913
leaf_weight=162.30642875656486 3.334343258291482 266.3435678370297 2.8948316089808932 2.1006849743425837 30.344675601227209 35.872816473245621 71.302635826170444
leaf_count=1247 29 2397 21 31 332 151 592
internal_value=-2.57166e-05 3.37363e-05 0.00122281 -0.000612297 -0.00850624 0.000718555 0.000146253
internal_weight=574.5 571.166 201.074 370.092 32.4454 198.179 337.646
internal_count=4800 4771 1419 3352 363 1398 2989
is_linear=0
shrinkage=0.08


end of trees

feature_importances:
age=934
facility_enc=392
acuity_enc=188
bleeding_enc=114
pregnant=32

parameters:
[boosting: gbdt]
[objective: binary]
[metric: binary_logloss]
[tree_learner: serial]
[device_type: cpu]
[data_sample_strategy: bagging]
[data: ]
[valid: ]
[num_iterations: 150]
[learning_rate: 0.08]
[num_leaves: 31]
[num_threads: 16]
[seed: 0]
[deterministic: 0]
[force_col_wise: 0]
[force_row_wise: 0]
[histogram_pool_size: -1]
[max_depth: 4]
[min_data_in_leaf: 20]
[min_sum_hessian_in_leaf: 0.001]
[bagging_fraction: 1]
[pos_bagging_fraction: 1]
[neg_bagging_fraction: 1]
[bagging_freq: 0]
[bagging_seed: 3]
[bagging_by_query: 0]
[feature_fraction: 1]
[feature_fraction_bynode: 1]
[feature_fraction_seed: 2]
[extra_trees: 0]
[extra_seed: 6]
[early_stopping_round: 0]
[early_stopping_min_delta: 0]
[first_metric_only: 0]
[max_delta_step: 0]
[lambda_l1: 0]
[lambda_l2: 0]
[linear_lambda: 0]
[min_gain_to_split: 0]
[drop_rate: 0.1]
[max_drop: 50]
[skip_drop: 0.5]
[xgboost_dart_mode: 0]
[uniform_drop: 0]
[drop_seed: 4]
[top_rate: 0.2]
[other_rate: 0.1]
[min_data_per_group: 100]
[max_cat_threshold: 32]
[cat_l2: 10]
[cat_smooth: 10]
[max_cat_to_onehot: 4]
[top_k: 20]
[monotone_constraints: ]
[monotone_constraints_method: basic]
[monotone_penalty: 0]
[feature_contri: ]
[forcedsplits_filename: ]
[refit_decay_rate: 0.9]
[cegb_tradeoff: 1]
[cegb_penalty_split: 0]
[cegb_penalty_feature_lazy: ]
[cegb_penalty_feature_coupled: ]
[path_smooth: 0]
[interaction_constraints: ]
[verbosity: -1]
[saved_feature_importance_type: 0]
[use_quantized_grad: 0]
[num_grad_quant_bins: 4]
[quant_train_renew_leaf: 0]
[stochastic_rounding: 1]
[linear_tree: 0]
[max_bin: 255]
[max_bin_by_feature: ]
[min_data_in_bin: 3]
[bin_construct_sample_cnt: 200000]
[data_random_seed: 1]
[is_enable_sparse: 1]
[enable_bundle: 1]
[use_missing: 1]
[zero_as_missing: 0]
[feature_pre_filter: 1]
[pre_partition: 0]
[two_round: 0]
[header: 0]
[label_column: ]
[weight_column: ]
[group_column: ]
[ignore_column: ]
[categorical_feature: ]
[forcedbins_filename: ]
[precise_float_parser: 0]
[parser_config_file: ]
[objective_seed: 5]
[num_class: 1]
[is_unbalance: 0]
[scale_pos_weight: 1]
[sigmoid: 1]
[boost_from_average: 1]
[reg_sqrt: 0]
[alpha: 0.9]
[fair_c: 1]
[poisson_max_delta_step: 0.7]
[tweedie_variance_power: 1.5]
[lambdarank_truncation_level: 30]
[lambdarank_norm: 1]
[label_gain: ]
[lambdarank_position_bias_regularization: 0]
[eval_at: ]
[multi_error_top_k: 1]
[auc_mu_weights: ]
[num_machines: 1]
[local_listen_port: 12400]
[time_out: 120]
[machine_list_filename: ]
[machines: ]
[gpu_platform_id: -1]
[gpu_device_id: -1]
[gpu_use_dp: 0]
[num_gpu: 1]

end of parameters

pandas_categorical:[]
