tree
version=v4
num_class=1
num_tree_per_iteration=1
label_index=0
max_feature_idx=4
objective=binary sigmoid:1
feature_names=facility_enc acuity_enc bleeding_enc pregnant age
feature_infos=[0:8] [0:2] [0:2] [0:1] [0:90]
tree_sizes=1471 1810 1403 1798 1505 1817 1409 1510 1707 1408 1502 1719 1508 1415 1824 1512 1511 1717 1724 1412 1724 1618 1414 1516 1834 1510 1418 1728 1412 1518 1837 1520 1414 1517 1737 1718 1499 1412 1505 1618 1406 1307 1192 1193 1212 1303 1193 1520 1195 1407 1193 1532 1203 1305 1201 1090 1418 1729 1312 1192 1309 988 1727 1619 1194 1624 1193 785 1839 1730 791 1524 1198 888 1734 1415 1630 1518 892 1842 1308 1525 890 1846 1196 1523 1521 893 1102 1734 888 1522 1418 1206 890 1416 1729 1308 1197 1748 1531 1202 1424 895 788 1105 1735 1007 793 1630 1630 795 1629 1428 1521 788 1731 1322 1731 1635 1748 1421 683 1526 1320 1625 1633 1846 1727 1747 1527 1838 687 1636 1538 1533 789 796 1530 1724 799 686 1744 1526 687 795 684 687 687 1418

Tree=0
num_leaves=13
num_cat=0
split_feature=2 2 0 1 0 1 4 3 4 1 4 1
split_gain=771.736 87.8666 29.3857 81.6532 10.4767 26.6376 5.31011 4.33803 3.82454 5.79212 5.4768 1.1611
threshold=1.5000000000000002 1.0000000180025095e-35 7.5000000000000009 1.0000000180025095e-35 7.5000000000000009 1.5000000000000002 41.500000000000007 1.0000000180025095e-35 41.500000000000007 1.5000000000000002 5.5000000000000009 1.0000000180025095e-35
decision_type=2 2 2 2 2 2 2 2 2 2 2 2
left_child=1 4 11 -4 6 -6 -1 8 10 -10 -2 -3
right_child=7 2 3 -5 5 -7 -8 -9 9 -11 -12 -13
leaf_value=-1.7662167252878773 -1.4629672676238972 -1.819989646329895 -1.5788705744911664 -1.8290554822779344 -1.5990559818669268 -1.8147875231953656 -1.7329092154304466 -1.6334746893153387 -1.490063408280289 -1.5536631937827894 -1.5620683018722048 -1.8303539831862661
leaf_weight=77.721598550677299 3.879822149872779 98.998042598366737 11.889777556061743 28.034843921661377 9.3866664916276914 6.0074665546417227 50.562843501567841 3.2540443837642661 19.524266302585602 17.271466344594955 44.555376946926117 229.66044016182423
leaf_count=621 31 791 95 224 75 48 404 26 156 138 356 1835
internal_value=-1.76099 -1.79867 -1.81936 -1.75455 -1.74561 -1.68324 -1.75309 -1.54282 -1.53936 -1.51992 -1.55413 -1.82723
internal_weight=600.747 512.262 368.583 39.9246 143.679 15.3941 128.284 88.485 85.2309 36.7957 48.4352 328.658
internal_count=4800 4093 2945 319 1148 123 1025 707 681 294 387 2626
is_linear=0
shrinkage=1


Tree=1
num_leaves=16
num_cat=0
split_feature=2 2 0 1 0 1 4 0 4 1 0 1 4 0 1
split_gain=573.093 78.9879 26.9058 63.4481 8.12449 20.1513 4.39221 3.59892 3.55613 5.53129 3.59404 3.27238 6.99898 4.61714 1.13681
threshold=1.5000000000000002 1.0000000180025095e-35 7.5000000000000009 1.0000000180025095e-35 7.5000000000000009 1.0000000180025095e-35 41.500000000000007 4.5000000000000009 44.500000000000007 1.5000000000000002 7.5000000000000009 1.0000000180025095e-35 30.500000000000004 3.5000000000000004 1.0000000180025095e-35
decision_type=2 2 2 2 2 2 2 2 2 2 2 2 2 2 2
left_child=1 4 14 -4 6 -6 -1 11 10 -10 -9 13 -13 -2 -3
right_child=7 2 3 -5 5 -7 -8 8 9 -11 -12 12 -14 -15 -16
leaf_value=-0.0048292094842877524 0.13386535690634893 -0.056719022199949641 0.14711013248036633 -0.065881962252454226 0.19758107366578073 0.0064081335955599051 0.025305376708039246 0.12231027671082674 0.22578838388057038 0.13355035569940704 0.19319445248669526 0.24261617850004816 0.17347489419386503 0.24301654491091099 -0.067204497392935575
leaf_weight=77.434676147997379 13.149740636348726 94.914434500038624 13.464322686195372 26.703012704849243 5.1745025813579586 11.095644891262053 51.57101845741272 21.894105017185215 9.141980320215227 7.6366316229104987 5.788127362728118 14.134711772203444 27.796514943242073 3.0568169802427283 218.54473471641541
leaf_count=621 90 791 95 224 37 86 404 152 61 53 40 98 192 21 1835
internal_value=-0.000315867 -0.0357276 -0.0561303 0.00551422 0.013936 0.0672081 0.00721732 0.171879 0.154746 0.183807 0.137132 0.184982 0.196782 0.154453 -0.0640295
internal_weight=601.501 498.902 353.627 40.1673 145.276 16.2701 129.006 102.599 44.4608 16.7786 27.6822 58.1378 41.9312 16.2066 313.459
internal_count=4800 4093 2945 319 1148 123 1025 707 306 114 192 401 290 111 2626
is_linear=0
shrinkage=0.08


Tree=2
num_leaves=12
num_cat=0
split_feature=2 2 0 1 0 1 4 3 4 4 1
split_gain=443.528 70.9893 24.6086 50.7997 6.40723 16.8587 3.64204 2.26977 2.4285 3.14581 1.11272
threshold=1.5000000000000002 1.0000000180025095e-35 7.5000000000000009 1.0000000180025095e-35 7.5000000000000009 1.5000000000000002 41.500000000000007 1.0000000180025095e-35 75.500000000000014 66.500000000000014 1.0000000180025095e-35
decision_type=2 2 2 2 2 2 2 2 2 2 2
left_child=1 4 10 -4 6 -6 -1 8 9 -2 -3
right_child=7 2 3 -5 5 -7 -8 -9 -10 -11 -12
leaf_value=-0.0044587665147559413 0.14277188136872998 -0.054476759205679903 0.12271880509964893 -0.063732597059928203 0.11616098206736533 -0.051791206038597999 0.022856665750029138 0.082057169585289316 0.078634220950735537 0.21023763431428882 -0.065079569152429226
leaf_weight=77.170156762003899 101.97800382971764 91.075897932052612 14.786107763648031 25.447431564331055 11.203083768486978 5.8079931735992423 52.487784683704376 3.9838581234216681 3.5715085417032233 4.6238567978143683 208.06109096854925
leaf_count=621 631 791 95 224 75 48 404 26 22 28 1835
internal_value=-0.000522705 -0.0338515 -0.0539509 0.0047896 0.0126555 0.058818 0.00659899 0.141379 0.143524 0.145698 -0.0618514
internal_weight=600.197 486.04 339.371 40.2335 146.669 17.0111 129.658 114.157 110.173 106.602 299.137
internal_count=4800 4093 2945 319 1148 123 1025 707 681 659 2626
is_linear=0
shrinkage=0.08


Tree=3
num_leaves=16
num_cat=0
split_feature=2 2 0 1 0 1 4 0 1 0 4 1 4 4 4
split_gain=352.349 63.7593 22.4736 41.4791 5.12062 13.2 3.02655 2.08287 2.20118 3.89321 3.53032 1.7839 3.76392 2.97787 1.10418
threshold=1.5000000000000002 1.0000000180025095e-35 7.5000000000000009 1.0000000180025095e-35 7.5000000000000009 1.5000000000000002 41.500000000000007 4.5000000000000009 1.5000000000000002 6.5000000000000009 59.500000000000007 1.0000000180025095e-35 30.500000000000004 43.500000000000007 12.500000000000002
decision_type=2 2 2 2 2 2 2 2 2 2 2 2 2 2 2
left_child=1 4 14 -4 6 -6 -1 11 9 -9 -10 13 -13 -2 -3
right_child=7 2 3 -5 5 -7 -8 8 10 -11 -12 12 -14 -15 -16
leaf_value=-0.0041156274695384977 0.084368454448764202 -0.04500655668750761 0.10460910229387706 -0.061612802089661634 0.099189057599841229 -0.049549288371426074 0.020684768397922819 0.091736051861499815 0.10435300050056641 0.14788261619296536 0.024169932286419882 0.16621094697318226 0.12062501061295175 0.14985051671103464 -0.061387069855193335
leaf_weight=76.926337726414204 12.396660849452021 29.353016272187233 15.905698388814924 24.26622462272644 12.031675413250925 5.5940934419631949 53.32222044467926 15.167497575283052 17.032758533954624 16.504504218697548 4.42776334285736 17.706512123346329 33.56830720603466 6.929013103246688 256.31607186049223
leaf_count=621 72 270 95 224 75 48 404 87 100 93 26 98 192 39 2356
internal_value=-0.000654859 -0.0320535 -0.0518253 0.00420121 0.0115137 0.0519823 0.00603736 0.119556 0.107591 0.120994 0.0878095 0.12856 0.136367 0.107846 -0.0597039
internal_weight=597.448 473.715 325.841 40.1719 147.874 17.6258 130.249 123.733 53.1325 31.672 21.4605 70.6005 51.2748 19.3257 285.669
internal_count=4800 4093 2945 319 1148 123 1025 707 306 180 126 401 290 111 2626
is_linear=0
shrinkage=0.08


Tree=4
num_leaves=13
num_cat=0
split_feature=2 2 0 1 0 1 1 3 4 0 0 1
split_gain=284.791 57.2173 20.4876 34.3343 4.13689 10.5194 2.97117 1.54959 1.86274 3.75936 2.20108 1.14481
threshold=1.5000000000000002 1.0000000180025095e-35 7.5000000000000009 1.0000000180025095e-35 7.5000000000000009 1.5000000000000002 1.5000000000000002 1.0000000180025095e-35 41.500000000000007 7.5000000000000009 7.5000000000000009 1.0000000180025095e-35
decision_type=2 2 2 2 2 2 2 2 2 2 2 2
left_child=1 4 11 -4 6 -6 -1 8 10 -10 -2 -3
right_child=7 2 3 -5 5 -7 -8 -9 9 -11 -12 -13
leaf_value=-0.0042148031320080135 0.091782234508900967 -0.049785223961361931 0.090557439916260862 -0.059517407165930881 0.085932094760367422 -0.047353158910705399 0.020452223941328587 0.056907586121941342 0.12290317181579521 0.055254826903063763 0.14076895311604859 -0.06102370148691736
leaf_weight=79.135591261088848 65.433653831481934 83.618224330246449 16.859730556607246 23.15706205368042 12.743926212191584 5.3936709165573111 51.648403316736221 4.5013741701841345 49.421478420495987 5.8833903223276129 6.4488185495138159 189.413399271667
leaf_count=620 353 791 95 224 75 48 405 26 263 31 34 1835
internal_value=-0.000744366 -0.030328 -0.0497467 0.00371159 0.010492 0.0462964 0.00552655 0.103037 0.104669 0.115707 0.096177 -0.0575818
internal_weight=593.659 461.97 313.048 40.0168 148.922 18.1376 130.784 131.689 127.187 55.3049 71.8825 273.032
internal_count=4800 4093 2945 319 1148 123 1025 707 681 294 387 2626
is_linear=0
shrinkage=0.08


Tree=5
num_leaves=16
num_cat=0
split_feature=2 2 0 1 0 1 4 0 4 4 4 1 4 0 4
split_gain=232.988 51.2953 18.6428 28.7022 3.56589 5.95345 3.04978 1.4445 2.09276 2.75995 1.41688 1.21815 2.90988 2.33064 1.11738
threshold=1.5000000000000002 1.0000000180025095e-35 7.5000000000000009 1.0000000180025095e-35 6.5000000000000009 1.0000000180025095e-35 6.5000000000000009 4.5000000000000009 44.500000000000007 58.500000000000007 13.500000000000002 1.0000000180025095e-35 30.500000000000004 3.5000000000000004 12.500000000000002
decision_type=2 2 2 2 2 2 2 2 2 2 2 2 2 2 2
left_child=1 4 14 -4 6 -6 -1 11 10 -10 -9 13 -13 -2 -3
right_child=7 2 3 -5 5 -7 -8 8 9 -11 -12 12 -14 -15 -16
leaf_value=0.072628858635010049 0.067774399248477391 -0.040116852236620829 0.079296310621704807 -0.057442686171872731 0.077231382170877216 0.0083370315629573491 0.00019240367842189267 0.10959228910877167 0.12552244106490926 0.069270954213811006 0.062708563813454188 0.12778168337116946 0.090033648615033712 0.13398500213476899 -0.057265444625327178
leaf_weight=3.8500375300645819 17.273739457130436 27.137472778558731 17.676312625408173 22.117285251617432 12.104960806667803 23.831842228770256 110.07036933302879 4.7372161149978629 12.18825437128544 10.299582108855246 31.944668129086494 20.006558805704117 37.694368571043015 4.2371342778205863 234.0486708059907
leaf_count=31 90 270 95 224 78 181 858 24 61 53 168 98 192 21 2356
internal_value=-0.000800414 -0.0286711 -0.0477121 0.00329676 0.00957159 0.0315434 0.00264046 0.0900004 0.0805434 0.0997589 0.0687633 0.0970646 0.103122 0.0808163 -0.0554837
internal_weight=589.218 450.837 300.98 39.7936 149.857 35.9368 113.92 138.382 59.1697 22.4878 36.6819 79.2118 57.7009 21.5109 261.186
internal_count=4800 4093 2945 319 1148 259 889 707 306 114 192 401 290 111 2626
is_linear=0
shrinkage=0.08


Tree=6
num_leaves=12
num_cat=0
split_feature=2 2 0 1 0 1 4 4 4 4 1
split_gain=192.352 45.9392 16.9308 24.1705 2.93093 4.69072 2.43728 1.23321 2.78076 2.46971 1.16943
threshold=1.5000000000000002 1.0000000180025095e-35 7.5000000000000009 1.0000000180025095e-35 6.5000000000000009 1.0000000180025095e-35 6.5000000000000009 75.500000000000014 67.500000000000014 64.500000000000014 1.0000000180025095e-35
decision_type=2 2 2 2 2 2 2 2 2 2 2
left_child=1 4 10 -4 6 -6 -1 8 9 -2 -3
right_child=7 2 3 -5 5 -7 -8 -9 -10 -11 -12
leaf_value=0.063362142922601672 0.080639518957520043 -0.045211316651884721 0.070046687814861189 -0.055386178286074034 0.067832825056096363 0.0076252749753410011 0.00017699065667669029 0.037440294644715655 0.13909198727515334 0.021839797009051972 -0.057057852580612391
leaf_weight=4.0508857518434516 129.83105410635471 77.093916118144989 18.377741873264313 21.144011974334717 12.654563605785368 23.965979695320129 110.08513054251671 4.3376209735870352 5.0405011773109427 4.7385280430316916 173.01147342473269
leaf_count=31 638 791 95 224 78 181 858 22 24 23 1835
internal_value=-0.000833723 -0.0270756 -0.0457173 0.00294051 0.00873792 0.0284305 0.00241954 0.079449 0.0807542 0.078569 -0.0534062
internal_weight=584.331 440.384 289.627 39.5218 150.757 36.6205 114.136 143.948 139.61 134.57 250.105
internal_count=4800 4093 2945 319 1148 259 889 707 685 661 2626
is_linear=0
shrinkage=0.08


Tree=7
num_leaves=13
num_cat=0
split_feature=2 2 0 1 0 1 4 3 4 0 0 1
split_gain=159.81 41.0868 15.3455 20.4673 2.50924 7.44067 2.6813 1.15304 1.35645 2.58107 1.67974 1.12974
threshold=1.5000000000000002 1.0000000180025095e-35 7.5000000000000009 1.0000000180025095e-35 7.5000000000000009 1.5000000000000002 41.500000000000007 1.0000000180025095e-35 41.500000000000007 7.5000000000000009 7.5000000000000009 1.0000000180025095e-35
decision_type=2 2 2 2 2 2 2 2 2 2 2 2
left_child=1 4 11 -4 6 -6 -1 8 10 -10 -2 -3
right_child=7 2 3 -5 5 -7 -8 -9 9 -11 -12 -13
leaf_value=-0.005459305088012018 0.061511095163551223 -0.043163669140234021 0.062301668674145667 -0.053346534726612931 0.065698022816503499 -0.045933405525188278 0.017675085212122268 0.033127617439660029 0.086341523444382048 0.033026738281405378 0.10168014460300683 -0.05503403705140307
leaf_weight=77.868496373295784 73.708609953522682 74.404239125549793 18.982075825333595 20.23421311378479 13.909337922930719 5.2689185142517081 54.507618188858032 5.0622169226407996 56.117450639605522 6.4827878922224036 7.3246072530746451 165.34357360750437
leaf_count=621 353 791 95 224 75 48 404 26 263 31 34 1835
internal_value=-0.000849502 -0.0255454 -0.0437615 0.0026313 0.0079847 0.0350291 0.00406659 0.0706526 0.0719751 0.0808203 0.065142 -0.0513501
internal_weight=579.214 430.518 278.964 39.2163 151.554 19.1783 132.376 148.696 143.633 62.6002 81.0332 239.748
internal_count=4800 4093 2945 319 1148 123 1025 707 681 294 387 2626
is_linear=0
shrinkage=0.08


Tree=8
num_leaves=15
num_cat=0
split_feature=2 2 0 1 0 4 1 4 0 4 0 0 4 4
split_gain=133.473 36.679 13.8802 17.4049 2.14206 3.57142 2.0484 1.17347 1.12692 1.50245 2.5472 1.06655 1.02803 3.2325
threshold=1.5000000000000002 1.0000000180025095e-35 7.5000000000000009 1.0000000180025095e-35 6.5000000000000009 69.500000000000014 1.5000000000000002 12.500000000000002 4.5000000000000009 44.500000000000007 6.5000000000000009 7.5000000000000009 66.500000000000014 59.500000000000007
decision_type=2 2 2 2 2 2 2 2 2 2 2 2 2 2
left_child=1 4 7 -4 6 -6 -1 -3 12 11 -11 -10 13 -2
right_child=8 2 3 -5 5 -7 -8 -9 9 10 -12 -13 -14 -15
leaf_value=-0.0067541379799753824 0.071146655620722477 -0.032650361120918556 0.055716257904010656 -0.051323407310822654 0.01647415983709382 0.10600649420412869 0.015128250516256997 -0.051273744464697756 0.038852778958836882 0.045586222971392906 0.096789987507201511 0.070295228941720189 0.10065391308746763 0.0085546824274704177
leaf_weight=69.456701040267944 75.590252056717873 24.199084624648094 19.504147246479988 19.384784460067749 34.425824373960495 3.1089214831590644 45.191715836524963 205.88086623698473 31.524458184838295 12.660462319850923 12.218719869852064 8.8407019078731519 6.1669186800718299 5.6771789491176596
leaf_count=542 347 270 95 224 238 21 347 2356 152 58 56 40 28 26
internal_value=-0.000853883 -0.0240847 -0.0418435 0.0023607 0.00730208 0.0238899 0.00187139 -0.049315 0.0632266 0.0552701 0.0707335 0.0457392 0.0691637 0.0667741
internal_weight=573.831 421.152 268.969 38.8889 152.183 37.5347 114.648 230.08 152.679 65.2443 24.8792 40.3652 87.4343 81.2674
internal_count=4800 4093 2945 319 1148 259 889 2626 707 306 114 192 401 373
is_linear=0
shrinkage=0.08


Tree=9
num_leaves=12
num_cat=0
split_feature=2 2 0 1 0 4 4 1 4 4 3
split_gain=111.901 32.7042 12.5281 14.8487 1.97434 3.24942 3.22449 1.13925 1.12046 1.91773 1.44288
threshold=1.5000000000000002 1.0000000180025095e-35 7.5000000000000009 1.0000000180025095e-35 2.5000000000000004 74.500000000000014 16.500000000000004 1.0000000180025095e-35 75.500000000000014 66.500000000000014 1.0000000180025095e-35
decision_type=2 2 2 2 2 2 2 2 2 2 2
left_child=1 4 7 -4 6 -6 -1 -3 9 10 -2
right_child=8 2 3 -5 5 -7 -8 -9 -10 -11 -12
leaf_value=0.047274556501223655 0.057642605430390445 -0.038784030074191053 0.050046925356049141 -0.04931729935000434 0.0099160873943639708 0.079368087099630738 -0.014342681912342121 -0.051173319576352398 0.018475962747797777 0.09987328938661684 0.014207337564080878
leaf_weight=6.2241141870617858 139.52274127304554 69.099629640579224 19.956252127885818 18.592591762542725 99.25196860730648 4.5071717947721472 42.897506013512611 151.97023247182369 4.7195927798748007 6.7083947956562033 5.072633057832717
leaf_count=49 631 791 95 224 737 31 331 1835 22 29 25
internal_value=-0.000848454 -0.0226766 -0.0399623 0.00212231 0.00667771 0.012933 -0.00653527 -0.0473008 0.0568614 0.0580588 0.0561188
internal_weight=568.523 412.499 259.619 38.5488 152.881 103.759 49.1216 221.07 156.023 151.304 144.595
internal_count=4800 4093 2945 319 1148 768 380 2626 707 685 656
is_linear=0
shrinkage=0.08


Tree=10
num_leaves=13
num_cat=0
split_feature=2 2 0 1 0 1 4 4 4 4 4 4
split_gain=94.1 29.1102 11.284 12.6993 1.75685 6.01739 2.19773 1.17 1.08218 3.34174 2.50282 1.02037
threshold=1.5000000000000002 1.0000000180025095e-35 7.5000000000000009 1.0000000180025095e-35 7.5000000000000009 1.5000000000000002 41.500000000000007 1.0000000180025095e-35 5.5000000000000009 16.500000000000004 13.500000000000002 75.500000000000014
decision_type=2 2 2 2 2 2 2 2 2 2 2 2
left_child=1 4 7 -4 6 -6 -1 -3 -2 10 -10 -11
right_child=8 2 3 -5 5 -7 -8 -9 9 11 -12 -13
leaf_value=-0.0058392485587469983 0.081546967596145825 -0.011155037788808345 0.045116427915085772 -0.04732946458149212 0.054694976803229212 -0.045380124931312785 0.014969912065978154 -0.046341740603047743 0.039771469188754016 0.054597148618815754 -0.035610516904458565 0.016878803528130641
leaf_weight=78.130652442574501 7.2424558699131003 6.2304847389459601 20.348662137985229 17.854520797729492 14.59860895574093 5.2204446494579306 55.595624819397926 206.44341500103474 6.8375645577907544 135.23115956783295 4.7961137145757675 4.7514901161193839
leaf_count=621 31 74 95 224 75 48 404 2552 30 602 22 22
internal_value=-0.000835546 -0.0213288 -0.03812 0.0019112 0.00610636 0.0283347 0.00281199 -0.0453109 0.0513361 0.0498929 0.0086944 0.0533169
internal_weight=563.281 404.422 250.877 38.2032 153.545 19.8191 133.726 212.674 158.859 151.616 11.6337 139.983
internal_count=4800 4093 2945 319 1148 123 1025 2626 707 676 52 624
is_linear=0
shrinkage=0.08


Tree=11
num_leaves=15
num_cat=0
split_feature=2 2 0 1 0 4 4 4 0 1 4 4 4 4
split_gain=79.3187 25.8535 10.1411 10.8815 1.58512 2.75935 2.45827 1.14729 0.90528 1.39312 2.03835 1.9917 0.847857 2.54462
threshold=1.5000000000000002 1.0000000180025095e-35 7.5000000000000009 1.0000000180025095e-35 2.5000000000000004 16.500000000000004 74.500000000000014 12.500000000000002 4.5000000000000009 1.5000000000000002 59.500000000000007 44.500000000000007 66.500000000000014 59.500000000000007
decision_type=2 2 2 2 2 2 2 2 2 2 2 2 2 2
left_child=1 4 7 -4 5 -1 -6 -3 12 11 -11 -10 13 -2
right_child=8 2 3 -5 6 -7 -8 -9 9 10 -12 -13 -14 -15
leaf_value=0.042664931774477957 0.053296902655882515 -0.026089737650416778 0.040792392882419815 -0.045361795265958772 0.0084631129573756667 -0.013650056674842875 0.067164419160026106 -0.045422627535606844 0.035897455100921502 0.036594704884854244 -0.017388952133835827 0.072789751989990534 0.079482244142819347 -0.0011365926473214335
leaf_weight=6.4059563577175131 79.945286959409714 22.010025568306446 20.689998343586922 17.16749906539917 100.18592913448811 42.595353573560715 4.7837779670953742 182.85518459975719 26.492511749267578 22.320391446352009 5.5994359552860251 14.486850559711455 6.5183961242437354 5.9020622074604026
leaf_count=49 347 270 95 224 737 331 31 2356 119 100 26 61 28 26
internal_value=-0.000818188 -0.0200499 -0.0363161 0.00172346 0.00559238 -0.00628798 0.0111383 -0.0433456 0.0464898 0.0395498 0.0257681 0.0489395 0.0516666 0.0495546
internal_weight=557.959 396.694 242.723 37.8575 153.971 49.0013 104.97 204.865 161.265 68.8992 27.9198 40.9794 92.3657 85.8473
internal_count=4800 4093 2945 319 1148 380 768 2626 707 306 126 180 401 373
is_linear=0
shrinkage=0.08


Tree=12
num_leaves=13
num_cat=0
split_feature=2 2 0 1 0 4 1 4 4 4 4 4
split_gain=66.991 22.929 9.09425 9.33698 1.39647 5.36125 2.18303 1.22751 0.892016 2.69632 2.06763 0.861882
threshold=1.5000000000000002 1.0000000180025095e-35 7.5000000000000009 1.0000000180025095e-35 7.5000000000000009 37.500000000000007 1.5000000000000002 31.500000000000004 5.5000000000000009 16.500000000000004 13.500000000000002 30.500000000000004
decision_type=2 2 2 2 2 2 2 2 2 2 2 2
left_child=1 4 7 -4 6 -6 -1 -3 -2 10 -10 -11
right_child=8 2 3 -5 5 -7 -8 -9 9 11 -12 -13
leaf_value=-0.0061686003026569635 0.069278570032859296 -0.049082698547389787 0.036973690410607121 -0.043416663484825833 0.067637320249898422 -0.015022361808477857 0.014633831246181558 -0.036228009884531731 0.031927787410247987 0.054514853888388538 -0.036206182442011993 0.040322587546787685
leaf_weight=80.480331748723984 7.4454064369201651 79.639144100248814 20.987531319260597 16.528534173965454 9.6851617544889468 10.429557777941225 53.914426729083061 117.96371377259493 7.0005121529102308 36.781785428524017 4.8084874898195267 107.20387722551823
leaf_count=620 31 1047 95 224 60 63 405 1579 30 160 22 464
internal_value=-0.000796002 -0.018821 -0.0345532 0.00155594 0.00511894 0.024778 0.0021766 -0.0414088 0.0422268 0.040934 0.00418443 0.0439481
internal_weight=552.868 389.628 235.119 37.5161 154.509 20.1147 134.395 197.603 163.24 155.795 11.809 143.986
internal_count=4800 4093 2945 319 1148 123 1025 2626 707 676 52 624
is_linear=0
shrinkage=0.08


Tree=13
num_leaves=12
num_cat=0
split_feature=2 2 0 1 0 4 4 1 4 4 3
split_gain=56.6484 20.2937 8.13713 8.01985 1.27512 2.41427 2.00787 1.22659 0.757057 1.45407 1.08849
threshold=1.5000000000000002 1.0000000180025095e-35 7.5000000000000009 1.0000000180025095e-35 2.5000000000000004 31.500000000000004 74.500000000000014 1.0000000180025095e-35 75.500000000000014 66.500000000000014 1.0000000180025095e-35
decision_type=2 2 2 2 2 2 2 2 2 2 2
left_child=1 4 7 -4 5 -1 -6 -3 9 10 -2
right_child=8 2 3 -5 6 -7 -8 -9 -10 -11 -12
leaf_value=0.017303836448478702 0.039021459351638782 -0.030047997152342857 0.033581540703701361 -0.041496869494608783 0.0071687172201306132 -0.019571120930373612 0.059194587498565578 -0.043852556527358547 0.0075128097248362462 0.074874064035700391 0.0023297661545041352
leaf_weight=17.975722275674343 147.61978033185005 60.151006728410721 21.247411891818047 15.934718847274778 101.12112948298454 30.890530295670033 4.981515370309352 130.70962946861982 4.9198851585388175 7.0582734644412986 5.3624809682369223
leaf_count=143 631 791 95 224 737 237 31 1835 22 29 25
internal_value=-0.000771095 -0.0176517 -0.032832 0.00140605 0.00468658 -0.00600646 0.00961133 -0.039502 0.038423 0.0393732 0.0377353
internal_weight=547.972 383.012 228.043 37.1821 154.969 48.8663 106.103 190.861 164.96 160.041 152.982
internal_count=4800 4093 2945 319 1148 380 768 2626 707 685 656
is_linear=0
shrinkage=0.08


Tree=14
num_leaves=16
num_cat=0
split_feature=2 2 0 1 4 4 4 0 1 4 4 1 4 4 1
split_gain=47.9606 17.9313 7.26526 6.89338 1.211 1.17446 4.22453 0.747865 1.15243 1.83096 1.76785 0.781576 2.21464 1.65047 0.639026
threshold=1.5000000000000002 1.0000000180025095e-35 7.5000000000000009 1.0000000180025095e-35 12.500000000000002 10.500000000000002 13.500000000000002 4.5000000000000009 1.0000000180025095e-35 17.500000000000004 44.500000000000007 1.0000000180025095e-35 30.500000000000004 43.500000000000007 1.5000000000000002
decision_type=2 2 2 2 2 2 2 2 2 2 2 2 2 2 2
left_child=1 5 4 -4 -3 14 -7 11 10 -10 -9 13 -13 -2 -1
right_child=7 2 3 -5 -6 6 -8 8 9 -11 -12 12 -14 -15 -16
leaf_value=0.009582073100119241 0.012749706508347579 -0.019045421286430324 0.030553485320515775 -0.039605504823615981 -0.039890181296282891 -0.076604064971211305 0.0047668533819351377 0.02690021026965761 -0.022253755811400957 0.027450687167763551 0.07467699614405697 0.063876364476276537 0.033759169589500836 0.054799889008332443 0.048721645068063389
leaf_weight=5.1487582325935346 16.661431744694713 20.005434513092041 21.474858000874519 15.383250951766966 164.58749339729548 4.2055916562676421 140.51812576502562 13.567916646599771 5.3101532012224189 44.421718925237656 7.8097691237926474 23.793751358985901 45.522601082921028 9.3128240257501584 5.5447972044348717
leaf_count=36 72 270 95 224 2356 32 1039 59 23 192 32 98 192 39 41
internal_value=-0.000742829 -0.0165374 -0.0311562 0.00127164 -0.0376311 0.00429265 0.00240226 0.0350292 0.0288207 0.0221435 0.0443542 0.0396622 0.0440973 0.0278264 0.0298766
internal_weight=543.268 376.868 221.451 36.8581 184.593 155.417 144.724 166.4 71.1096 49.7319 21.3777 95.2906 69.3164 25.9743 10.6936
internal_count=4800 4093 2945 319 2626 1148 1071 707 306 215 91 401 290 111 77
is_linear=0
shrinkage=0.08


Tree=15
num_leaves=13
num_cat=0
split_feature=2 2 0 1 4 0 1 4 4 4 4 4
split_gain=40.6485 15.8136 6.47231 5.92777 1.28892 1.10367 5.16889 1.90991 0.782454 2.10365 1.6585 0.709244
threshold=1.5000000000000002 1.0000000180025095e-35 7.5000000000000009 1.0000000180025095e-35 31.500000000000004 7.5000000000000009 1.0000000180025095e-35 41.500000000000007 5.5000000000000009 16.500000000000004 13.500000000000002 75.500000000000014
decision_type=2 2 2 2 2 2 2 2 2 2 2 2
left_child=1 5 4 -4 -3 7 -7 -1 -2 10 -10 -11
right_child=8 2 3 -5 -6 6 -8 -9 9 11 -12 -13
leaf_value=-0.0067454071730110136 0.057087420466402805 -0.044087940186568531 0.027839225438967344 -0.037745830316784378 -0.030231749544861897 0.07121777017074675 -0.011027040461944266 0.012521868129096477 0.023021833144932488 0.034448215335232291 -0.037642804483210911 0.003751246514275931
leaf_weight=78.759096555411816 7.5923279970884314 71.805562205612659 21.674311831593513 14.871445178985594 106.97411631792784 8.0449705719947833 12.472932845354078 56.582530990242958 7.1556098163127881 142.98525884747505 4.8317123502492905 4.9850328415632239
leaf_count=621 31 1047 95 224 1579 37 86 404 30 602 22 22
internal_value=-0.000713674 -0.0154776 -0.0295261 0.00115091 -0.035797 0.00393086 0.0212208 0.0013097 0.0319939 0.0308028 -0.00143017 0.0334141
internal_weight=538.735 371.185 215.325 36.5458 178.78 155.86 20.5179 135.342 167.55 159.958 11.9873 147.97
internal_count=4800 4093 2945 319 2626 1148 123 1025 707 676 52 624
is_linear=0
shrinkage=0.08


Tree=16
num_leaves=13
num_cat=0
split_feature=2 2 1 0 4 0 4 4 4 4 4 4
split_gain=34.4713 13.9138 6.07453 5.99534 1.4364 1.02414 2.18842 1.72645 0.657646 1.75509 1.41398 0.650605
threshold=1.5000000000000002 1.0000000180025095e-35 1.0000000180025095e-35 7.5000000000000009 4.5000000000000009 2.5000000000000004 31.500000000000004 23.500000000000004 5.5000000000000009 16.500000000000004 13.500000000000002 30.500000000000004
decision_type=2 2 2 2 2 2 2 2 2 2 2 2
left_child=1 5 3 -3 -4 6 -1 -7 -2 10 -10 -11
right_child=8 2 4 -5 -6 7 -8 -9 9 11 -12 -13
leaf_value=0.016028900791675595 0.052181547280871834 -0.024121780620814003 -0.0051923191273819539 0.025397676391179118 -0.040408156208752405 -0.011339396281414945 -0.019012378023556677 0.013313880836421073 0.021080299844260991 0.039531449199685952 -0.035099389449240972 0.027421975171458772
leaf_weight=18.14820971339941 7.6394849717617026 55.12402680516243 7.8809344545006743 21.849555894732475 124.78544998168945 23.199202828109264 30.70531789958477 84.021568194031715 7.188052222132681 38.181492254137993 4.7699227631092072 110.78666572272778
leaf_count=143 31 791 115 95 1944 172 237 596 30 160 22 464
internal_value=-0.000683584 -0.0144794 -0.0279433 -0.0100653 -0.0383162 0.00360535 -0.00599517 0.00797969 0.0292474 0.0281587 -0.00132925 0.0305257
internal_weight=534.28 365.714 209.64 76.9736 132.666 156.074 48.8535 107.221 168.566 160.926 11.958 148.968
internal_count=4800 4093 2945 886 2059 1148 380 768 707 676 52 624
is_linear=0
shrinkage=0.08


Tree=17
num_leaves=15
num_cat=0
split_feature=2 2 1 0 4 4 4 0 1 0 4 4 4 1
split_gain=29.2439 12.2254 5.47692 5.13913 1.31154 1.04802 3.68014 0.615574 1.05925 1.79829 1.60686 0.738631 2.02422 0.543524
threshold=1.5000000000000002 1.0000000180025095e-35 1.0000000180025095e-35 7.5000000000000009 4.5000000000000009 10.500000000000002 13.500000000000002 4.5000000000000009 1.5000000000000002 6.5000000000000009 59.500000000000007 66.500000000000014 59.500000000000007 1.5000000000000002
decision_type=2 2 2 2 2 2 2 2 2 2 2 2 2 2
left_child=1 5 3 -3 -4 13 -7 11 9 -9 -10 12 -2 -1
right_child=7 2 4 -5 -6 6 -8 8 10 -11 -12 -13 -14 -15
leaf_value=0.0085006332401033786 0.032265421190260511 -0.02267226511547725 -0.0047990384952624442 0.02319488645525758 -0.038555044628335387 -0.074429780277544919 0.0036455043324075073 0.012038053384161236 0.018814949531519937 0.044795751467473943 -0.027975444332344186 0.05635386267697004 -0.015168754811400779 0.04432832617838689
leaf_weight=5.1723074167966825 83.995735540986061 54.004227198660374 7.8461394831538191 22.003823444247246 120.50097196176648 3.9722208604216567 141.58282613754272 20.483923316001892 23.584872871637348 22.513477727770805 5.8654521703720084 6.8012646734714499 6.1815040260553351 5.6923799067735672
leaf_count=36 347 791 115 95 1944 32 1039 87 100 93 26 28 26 41
internal_value=-0.000653302 -0.0135287 -0.0264128 -0.00939403 -0.0364915 0.00330387 0.00151482 0.0267634 0.0211843 0.02919 0.00949598 0.0309313 0.0290139 0.027272
internal_weight=530.201 360.775 204.355 76.0081 128.347 156.42 145.555 169.426 72.4477 42.9974 29.4503 96.9785 90.1772 10.8647
internal_count=4800 4093 2945 886 2059 1148 1071 707 306 180 126 401 373 77
is_linear=0
shrinkage=0.08


Tree=18
num_leaves=15
num_cat=0
split_feature=2 2 1 0 4 4 4 4 4 0 0 4 0 0
split_gain=24.8217 10.7216 4.92407 4.40379 1.24251 0.91761 7.11995 1.57036 0.579806 1.78918 3.05113 1.14398 2.15851 1.46831
threshold=1.5000000000000002 1.0000000180025095e-35 1.0000000180025095e-35 7.5000000000000009 27.500000000000004 48.500000000000007 45.500000000000007 51.500000000000007 41.500000000000007 7.5000000000000009 6.5000000000000009 30.500000000000004 2.5000000000000004 6.5000000000000009
decision_type=2 2 2 2 2 2 2 2 2 2 2 2 2 2
left_child=1 5 3 -3 -4 6 -1 -7 11 10 -10 13 -13 -2
right_child=8 2 4 -5 -6 7 -8 -9 9 -11 -12 12 -14 -15
leaf_value=0.00082468660743948514 0.033607487635073714 -0.021284068495457491 -0.046194425396014691 0.021202416945920188 -0.029137701801694386 -0.040893458780063945 0.073905347842370142 -0.00010590833833260403 0.027403612928167495 -0.0075595463422187892 0.078559869327734233 -0.016056709463266441 0.023730967181501583 0.0011663983515389255
leaf_weight=102.29505571722984 47.326159209012985 52.968622364103794 40.570631045848131 22.139884829521179 83.771637603640556 7.1844886168837538 9.3084021434187871 37.963165879249573 57.652257427573204 7.3575386852025977 8.5711334049701673 13.492239713668821 24.705146163702011 11.00552263855934
leaf_count=774 197 791 663 95 1396 51 65 258 238 31 35 56 104 46
internal_value=-0.000623095 -0.0126292 -0.0249336 -0.00876024 -0.034703 0.00302698 0.00692005 -0.00659656 0.024517 0.0298665 0.0340246 0.0204393 0.009677 0.0274868
internal_weight=526.312 356.202 199.451 75.1085 124.342 156.751 111.603 45.1477 170.11 73.5809 66.2234 96.5291 38.1974 58.3317
internal_count=4800 4093 2945 886 2059 1148 839 309 707 304 273 403 160 243
is_linear=0
shrinkage=0.08


Tree=19
num_leaves=12
num_cat=0
split_feature=2 2 1 0 4 4 4 4 4 4 1
split_gain=21.0717 9.38206 4.41409 3.77221 1.29033 0.881655 3.26524 0.551784 1.19401 1.50041 0.434595
threshold=1.5000000000000002 1.0000000180025095e-35 1.0000000180025095e-35 7.5000000000000009 4.5000000000000009 10.500000000000002 13.500000000000002 75.500000000000014 67.500000000000014 64.500000000000014 1.5000000000000002
decision_type=2 2 2 2 2 2 2 2 2 2 2
left_child=1 5 3 -3 -4 10 -7 8 9 -2 -1
right_child=7 2 4 -5 -6 6 -8 -9 -10 -11 -12
leaf_value=0.007708020303527444 0.023417405444143041 -0.019957487748793041 -0.00084321141263317705 0.019396266886162038 -0.035084473865166124 -0.072354624685449218 0.0030671158359791913 -0.0034916901394505505 0.05850348218056943 -0.019195027323645534 0.039472771212298315
leaf_weight=5.2021264284849149 154.23248684406281 52.011243805289268 7.5110251531004897 22.260111197829247 113.12552276626229 3.7710964828729621 142.21796125918627 5.0838970839977256 5.9336517900228491 5.476092353463172 5.8638463765382767
leaf_count=36 638 791 115 95 1944 32 1039 22 24 23 41
internal_value=-0.000594295 -0.0117814 -0.0235061 -0.00816264 -0.0329526 0.00276911 0.00111887 0.0224687 0.0232655 0.0219563 0.0245401
internal_weight=522.689 351.963 194.908 74.2714 120.637 157.055 145.989 170.726 165.642 159.709 11.066
internal_count=4800 4093 2945 886 2059 1148 1071 707 685 661 77
is_linear=0
shrinkage=0.08


Tree=20
num_leaves=15
num_cat=0
split_feature=2 2 1 3 4 4 4 0 0 4 0 4 4 4
split_gain=17.8902 8.19832 3.94637 3.84194 1.24343 0.88059 4.01639 3.62829 0.562625 0.912745 1.63735 1.08798 0.617042 1.60045
threshold=1.5000000000000002 1.0000000180025095e-35 1.0000000180025095e-35 1.0000000180025095e-35 27.500000000000004 34.500000000000007 40.500000000000007 7.5000000000000009 4.5000000000000009 44.500000000000007 6.5000000000000009 11.500000000000002 66.500000000000014 59.500000000000007
decision_type=2 2 2 2 2 2 2 2 2 2 2 2 2 2
left_child=1 5 3 -3 -4 7 -7 -1 12 11 -11 -10 13 -2
right_child=8 2 4 -5 -6 6 -8 -9 9 10 -12 -13 -14 -15
leaf_value=0.0022993316655091664 0.025694431272747557 -0.010744870969969478 -0.043140729635487929 0.098782847331066903 -0.025537841934803969 -0.032659968026030259 0.0067832148180498146 0.057969798792485171 0.045000251652953675 0.0076232104067829685 0.046591277336034437 0.0042034722423175434 0.04771812402846453 -0.016406772482959037
leaf_weight=57.116475187242031 84.901824966073036 71.382779456675053 38.008702710270882 2.1102546900510779 79.191232737153769 21.631595395505428 69.95254061371088 8.6238852813839895 4.6585936695337287 14.032593712210657 13.578381210565565 41.02996101975441 6.8545043915510169 6.2007741481065741
leaf_count=447 347 856 663 30 1396 167 483 51 19 58 56 173 28 26
internal_value=-0.000563865 -0.0109804 -0.0221332 -0.00759993 -0.0312466 0.00253788 -0.00253302 0.00960224 0.020604 0.0153032 0.0267867 0.00836328 0.0245705 0.0228289
internal_weight=519.274 348.017 190.693 73.493 117.2 157.324 91.5841 65.7404 171.257 73.2995 27.611 45.6886 97.9571 91.1026
internal_count=4800 4093 2945 886 2059 1148 650 498 707 306 114 192 401 373
is_linear=0
shrinkage=0.08


Tree=21
num_leaves=14
num_cat=0
split_feature=2 2 0 4 0 4 4 4 4 4 4 0 4
split_gain=15.1912 7.12895 3.55799 4.1268 1.47448 0.834603 5.56805 1.36579 0.540043 2.55988 1.47883 0.646883 0.592266
threshold=1.5000000000000002 1.0000000180025095e-35 7.5000000000000009 54.500000000000007 2.5000000000000004 48.500000000000007 45.500000000000007 51.500000000000007 20.500000000000004 22.500000000000004 8.5000000000000018 3.5000000000000004 41.500000000000007
decision_type=2 2 2 2 2 2 2 2 2 2 2 2 2
left_child=1 5 4 -4 -3 6 -1 -7 10 -10 -2 -12 -11
right_child=8 2 3 -5 -6 7 -8 -9 9 12 11 -13 -14
leaf_value=0.0005076260941281011 0.034228282323288964 -0.016130090943636103 0.014861597705800018 -0.058477498865003828 -0.032283239514194262 -0.039233219487297334 0.063598915288005722 -0.00088247724923700994 0.076436464825057476 0.013205800825177659 0.012475774697855555 -0.017464616055570297 0.023712867169507518
leaf_weight=102.43819513171911 9.679747626185419 58.983694039285183 28.779226895421743 5.9206796400248995 93.491236135363579 7.0383704155683509 9.8098231032490713 38.19307579100132 5.1234984546899787 63.926628828048706 8.2529305666685122 10.486967653036116 74.172450020909309
leaf_count=774 39 1019 264 55 1607 51 65 258 21 264 34 45 304
internal_value=-0.000535126 -0.0102192 -0.0207727 0.0023481 -0.0260345 0.00232444 0.00602144 -0.00685016 0.0189103 0.0209092 0.00883656 -0.00427906 0.0188491
internal_weight=516.297 344.654 187.175 34.6999 152.475 157.479 112.248 45.2314 171.642 143.223 28.4196 18.7399 138.099
internal_count=4800 4093 2945 319 2626 1148 839 309 707 589 118 79 568
is_linear=0
shrinkage=0.08


Tree=22
num_leaves=12
num_cat=0
split_feature=2 2 1 3 4 0 4 4 4 4 4
split_gain=12.8991 6.1963 3.49966 3.14266 1.26877 0.807199 2.04062 1.52467 0.551273 0.9207 1.2329
threshold=1.5000000000000002 1.0000000180025095e-35 1.0000000180025095e-35 1.0000000180025095e-35 4.5000000000000009 2.5000000000000004 16.500000000000004 74.500000000000014 75.500000000000014 67.500000000000014 64.500000000000014
decision_type=2 2 2 2 2 2 2 2 2 2 2
left_child=1 5 3 -3 -4 6 -1 -7 9 10 -2
right_child=8 2 4 -5 -6 7 -8 -9 -10 -11 -12
leaf_value=0.034514645323726612 0.018329604385505335 -0.0087230842787981364 0.004354114825355462 0.087758898350790204 -0.030572300690881737 0.0038302064768821311 -0.012913308085147453 0.047919214344489411 -0.0084072536413626973 0.049122499839613934 -0.020282626086202248
leaf_weight=6.7305449694395056 155.43348042666912 69.784077689051628 7.1088424883782855 2.2296854853630057 104.65043782815337 103.42482791095972 42.263441726565361 5.2759978771209708 5.1548923105001441 5.9263741225004187 5.4790034443140021
leaf_count=49 638 856 115 30 1944 737 331 31 22 24 23
internal_value=-0.000506995 -0.00950604 -0.0194888 -0.00573582 -0.0283507 0.00212754 -0.0063979 0.00597015 0.0173593 0.0181554 0.0170149
internal_weight=513.462 341.468 183.773 72.0138 111.759 157.695 48.994 108.701 171.994 166.839 160.912
internal_count=4800 4093 2945 886 2059 1148 380 768 707 685 661
is_linear=0
shrinkage=0.08


Tree=23
num_leaves=13
num_cat=0
split_feature=2 2 1 0 4 4 4 0 3 4 0 0
split_gain=10.9511 5.37419 3.11753 2.98203 1.27308 0.752333 3.3611 2.95265 0.537236 0.787408 1.88575 1.28485
threshold=1.5000000000000002 1.0000000180025095e-35 1.0000000180025095e-35 7.5000000000000009 27.500000000000004 34.500000000000007 40.500000000000007 7.5000000000000009 1.0000000180025095e-35 41.500000000000007 7.5000000000000009 7.5000000000000009
decision_type=2 2 2 2 2 2 2 2 2 2 2 2
left_child=1 5 3 -3 -4 7 -7 -1 9 11 -11 -2
right_child=8 2 4 -5 -6 6 -8 -9 -10 10 -12 -13
leaf_value=0.0017986720141661612 0.0090477695707069147 -0.016247452034594777 -0.039305926963623353 0.018998575772395367 -0.02081058859237106 -0.030723988380840665 0.00564593211585735 0.051363838042190677 -0.0076111228619075572 0.027469748086515602 -0.015064625623418483 0.041804401511456424
leaf_weight=57.349796362221241 85.816297739744186 49.483887106180191 35.164014782756567 22.279932528734207 73.821307528764009 21.138939328491688 70.489086546003819 8.8834792375564557 5.9835907518863669 64.650556325912476 7.438411518931388 8.4151328802108747
leaf_count=447 353 791 663 95 1396 167 483 51 26 263 31 34
internal_value=-0.000478751 -0.00883367 -0.0182525 -0.0053049 -0.0267781 0.00195074 -0.00274475 0.00844656 0.0159403 0.0167876 0.0230809 0.011973
internal_weight=510.914 338.61 180.749 71.7638 108.985 157.861 91.628 66.2333 172.304 166.32 72.089 94.2314
internal_count=4800 4093 2945 886 2059 1148 650 498 707 681 294 387
is_linear=0
shrinkage=0.08


Tree=24
num_leaves=16
num_cat=0
split_feature=2 2 1 3 4 4 4 4 0 1 4 1 4 4 4
split_gain=9.30254 4.66463 2.75405 2.56578 1.23396 0.777259 4.4606 1.15859 0.484068 1.99493 1.81277 1.70844 2.30312 1.6409 0.976439
threshold=1.5000000000000002 1.0000000180025095e-35 1.0000000180025095e-35 1.0000000180025095e-35 12.500000000000002 48.500000000000007 45.500000000000007 51.500000000000007 3.5000000000000004 1.0000000180025095e-35 30.500000000000004 1.0000000180025095e-35 44.500000000000007 15.500000000000002 30.500000000000004
decision_type=2 2 2 2 2 2 2 2 2 2 2 2 2 2 2
left_child=1 5 3 -3 -4 6 -1 -7 9 14 -11 12 -10 -13 -2
right_child=8 2 4 -5 -6 7 -8 -9 11 10 -12 13 -14 -15 -16
leaf_value=0.00031788385432760793 -0.025192122706221017 -0.007739928655201892 -0.0015889519652322582 0.077127983589781263 -0.028392358342605596 -0.0373185547642172 0.055750300294923907 -0.0016523088561874425 0.01051584918877068 0.048377423730836019 0.017416045785703702 -0.034748329131660559 0.059111949523879249 0.0080341422147071316 0.010765841756389664
leaf_weight=102.46709785610437 7.2134790122509029 68.817332826554775 12.448821950703858 2.3579987809061995 93.976064447313547 6.8724652081727973 10.217007741332052 38.391846835613251 17.589755237102512 17.906624913215637 37.33997531235218 6.3242599517107001 9.6744615882635099 61.853858903050423 14.64712607860565
leaf_count=774 30 856 221 30 1838 51 65 258 73 72 152 26 39 255 60
internal_value=-0.000452468 -0.00821487 -0.0171101 -0.0049283 -0.0252571 0.00178709 0.00534391 -0.0070675 0.0146427 0.0193569 0.0274513 0.0108341 0.0277597 0.0040656 -0.00109943
internal_weight=508.098 335.549 177.6 71.1753 106.425 157.948 112.684 45.2643 172.55 77.1072 55.2466 95.4423 27.2642 68.1781 21.8606
internal_count=4800 4093 2945 886 2059 1148 839 309 707 314 224 393 112 281 90
is_linear=0
shrinkage=0.08


Tree=25
num_leaves=13
num_cat=0
split_feature=2 2 0 4 0 4 4 0 4 4 4 4
split_gain=7.90112 4.03317 2.68358 3.64652 1.459 0.660865 2.85677 2.42442 0.493365 1.25152 1.04643 0.545701
threshold=1.5000000000000002 1.0000000180025095e-35 7.5000000000000009 54.500000000000007 2.5000000000000004 34.500000000000007 40.500000000000007 7.5000000000000009 5.5000000000000009 16.500000000000004 13.500000000000002 30.500000000000004
decision_type=2 2 2 2 2 2 2 2 2 2 2 2
left_child=1 5 4 -4 -3 7 -7 -1 -2 10 -10 -11
right_child=8 2 3 -5 -6 6 -8 -9 9 11 -12 -13
leaf_value=0.001626830479336553 0.033267254483198977 -0.010660634942149954 0.015906409584504757 -0.054665385387266188 -0.027343403235274361 -0.028919095789849174 0.004863971331456253 0.046080052899547676 0.0069850678484134603 0.022646342058694091 -0.040790295889227675 0.011699803645816399
leaf_weight=57.434136234223843 7.6908092349767676 54.942744724452496 28.290257692337036 5.6161909848451605 86.168759685009718 20.698731355369091 70.868786379694939 9.0954986810684186 7.3522093892097455 39.213569536805153 4.8827574998140335 113.52669371664524
leaf_count=447 31 1019 264 55 1607 167 483 51 30 160 22 464
internal_value=-0.000426849 -0.00762564 -0.015992 0.00421705 -0.0208479 0.00163616 -0.00277265 0.00770419 0.0134614 0.0125381 -0.0120812 0.0145101
internal_weight=505.781 333.115 175.018 33.9064 141.112 158.097 91.5675 66.5296 172.666 164.975 12.235 152.74
internal_count=4800 4093 2945 319 2626 1148 650 498 707 676 52 624
is_linear=0
shrinkage=0.08


Tree=26
num_leaves=12
num_cat=0
split_feature=2 2 1 0 4 4 4 4 4 4 3
split_gain=6.70993 3.48592 2.39408 2.29832 1.3036 0.698593 3.56282 1.07545 0.476686 0.792021 0.794074
threshold=1.5000000000000002 1.0000000180025095e-35 1.0000000180025095e-35 7.5000000000000009 27.500000000000004 48.500000000000007 45.500000000000007 74.500000000000014 75.500000000000014 66.500000000000014 1.0000000180025095e-35
decision_type=2 2 2 2 2 2 2 2 2 2 2
left_child=1 5 3 -3 -4 6 -1 -7 9 10 -2
right_child=8 2 4 -5 -6 7 -8 -9 -10 -11 -12
leaf_value=0.00029376210556925704 0.013037468698191673 -0.013466789908950972 -0.035857955403040653 0.017616098320056846 -0.016530468516579896 -0.012218642230876984 0.049047506565312461 0.02176810907240756 -0.011516849921745368 0.039206475702594473 -0.017226663801343162
leaf_weight=102.37344136834145 154.75132389366627 47.728217389434576 32.909704256802797 22.355890035629272 69.503163062036037 38.127608224749565 10.584958247840403 7.0624638795852652 5.1854495406150809 7.1272278130054465 5.754960522055625
leaf_count=774 631 791 663 95 1396 266 65 43 22 29 25
internal_value=-0.000402548 -0.00707951 -0.0149447 -0.00355177 -0.0227412 0.00149928 0.00486231 -0.00690707 0.0123721 0.0131111 0.0119523
internal_weight=503.464 330.645 172.497 70.0841 102.413 158.148 112.958 45.1901 172.819 167.634 160.506
internal_count=4800 4093 2945 886 2059 1148 839 309 707 685 656
is_linear=0
shrinkage=0.08


Tree=27
num_leaves=15
num_cat=0
split_feature=2 2 1 3 4 4 4 4 0 1 0 4 4 4
split_gain=5.69895 3.0139 2.09915 2.1836 1.22411 0.679134 2.33752 2.24766 0.436542 0.805227 1.41168 1.28618 0.490028 1.94228
threshold=1.5000000000000002 1.0000000180025095e-35 1.0000000180025095e-35 1.0000000180025095e-35 4.5000000000000009 21.500000000000004 32.500000000000007 10.500000000000002 4.5000000000000009 1.5000000000000002 6.5000000000000009 59.500000000000007 69.500000000000014 64.500000000000014
decision_type=2 2 2 2 2 2 2 2 2 2 2 2 2 2
left_child=1 5 3 -3 -4 7 -7 -1 12 10 -10 -11 13 -2
right_child=8 2 4 -5 -6 6 -8 -9 9 11 -12 -13 -14 -15
leaf_value=0.018779196060492089 0.016253667132430937 -0.0059893120076477168 0.011962765447164986 0.071197811247602785 -0.023715349242760135 0.02288074717342228 -0.0022505143181483674 -0.025927076105255069 -0.0013134103993469321 0.0049085008935663794 0.027430973299827768 -0.03641027764861797 0.03958119329235707 -0.035747856829721571
leaf_weight=11.464488238096239 89.103099957108498 67.189951337873936 6.5869146026670924 2.4305052310228339 93.764112718403339 31.44440171867609 96.011547327041626 19.337146520614624 20.982190936803818 24.286329641938213 22.835354268550873 6.0159021615982047 4.8762536048889151 4.846898987889289
leaf_count=77 361 856 115 30 1944 237 684 150 87 100 93 26 20 20
internal_value=-0.000378892 -0.0065713 -0.0139684 -0.00329465 -0.0213735 0.00137329 0.00394957 -0.00928723 0.0113735 0.00673243 0.0136666 -0.00329452 0.0148543 0.0135709
internal_weight=501.175 328.229 169.971 69.6205 100.351 158.258 127.456 30.8016 172.946 74.1198 43.8175 30.3022 98.8263 93.95
internal_count=4800 4093 2945 886 2059 1148 921 227 707 306 180 126 401 381
is_linear=0
shrinkage=0.08


Tree=28
num_leaves=12
num_cat=0
split_feature=2 2 0 4 4 0 4 4 4 4 3
split_gain=4.83845 2.59635 1.99586 3.18707 1.41206 0.605069 1.71323 1.51509 0.423078 0.735584 0.681108
threshold=1.5000000000000002 1.0000000180025095e-35 7.5000000000000009 54.500000000000007 31.500000000000004 2.5000000000000004 16.500000000000004 23.500000000000004 75.500000000000014 66.500000000000014 1.0000000180025095e-35
decision_type=2 2 2 2 2 2 2 2 2 2 2
left_child=1 5 4 -4 -3 6 -1 -7 9 10 -2
right_child=8 2 3 -5 -6 7 -8 -9 -10 -11 -12
leaf_value=0.03082294383023771 0.011043361364394259 -0.027512801951609732 0.015228249637909147 -0.051788122799116876 -0.010741995435438271 -0.013473850308543645 -0.012225491820123908 0.0094648208334137344 -0.01207632220682653 0.036368219251997645 -0.016996152337979024
leaf_weight=6.8887981697916976 155.00073629617691 53.188728757202625 28.167915906757116 5.4146377220749846 81.159027706831694 23.444043166935444 41.930605955421925 86.131533958017826 5.1727307438850394 7.0913673490285865 5.75008401274681
leaf_count=49 631 1047 264 55 1579 172 331 596 22 29 25
internal_value=-0.000356801 -0.00609085 -0.0130212 0.00442296 -0.0173816 0.00125666 -0.00615102 0.00455702 0.0104582 0.0111527 0.0100404
internal_weight=499.34 326.325 167.93 33.5826 134.348 158.395 48.8194 109.576 173.015 167.842 160.751
internal_count=4800 4093 2945 319 2626 1148 380 768 707 685 656
is_linear=0
shrinkage=0.08


Tree=29
num_leaves=13
num_cat=0
split_feature=2 2 4 4 0 4 4 4 4 4 4 0
split_gain=4.10809 2.23663 2.07282 4.99047 4.49676 0.565545 3.09912 0.987014 0.407097 1.07608 2.11613 0.400577
threshold=1.5000000000000002 1.0000000180025095e-35 12.500000000000002 27.500000000000004 1.0000000180025095e-35 48.500000000000007 47.500000000000007 51.500000000000007 5.5000000000000009 20.500000000000004 22.500000000000004 3.5000000000000004
decision_type=2 2 2 2 2 2 2 2 2 2 2 2
left_child=1 5 4 -4 -3 6 -1 -7 -2 11 -11 -10
right_child=8 2 3 -5 -6 7 -8 -9 9 10 -12 -13
leaf_value=0.0016132732079062273 0.027637453128740205 0.11572313023194271 -0.042766794924355582 -0.0074058163219769589 -0.0021698307652478631 -0.034852980973839001 0.072781032972081786 -0.0014973403827940668 0.0041397980451466313 0.061357221879512834 0.0093617751960651148 -0.018181922845533369
leaf_weight=109.44227413088083 7.6678036451339713 2.3903624080121544 32.817464362829924 115.23439858108759 15.480590824037789 6.665274664759635 4.0614086985588065 38.31505198776722 9.2910960167646426 5.1962045431137076 139.40504091978073 11.531080111861227
leaf_count=815 31 43 637 2006 259 51 24 258 38 21 568 49
internal_value=-0.00033521 -0.00564536 -0.0121374 -0.015244 0.0135992 0.0011514 0.00415981 -0.00644005 0.00961706 0.00878176 0.0112302 -0.00822171
internal_weight=497.498 324.407 165.923 148.052 17.871 158.484 113.504 44.9803 173.091 165.423 144.601 20.8222
internal_count=4800 4093 2945 2643 302 1148 839 309 707 676 589 87
is_linear=0
shrinkage=0.08


Tree=30
num_leaves=16
num_cat=0
split_feature=2 2 1 3 0 4 4 4 0 1 4 1 4 4 4
split_gain=3.48867 1.92295 1.84812 1.83485 1.17211 0.53934 1.96324 1.87936 0.3708 1.66817 1.47417 1.41635 1.91814 1.39801 0.85643
threshold=1.5000000000000002 1.0000000180025095e-35 1.0000000180025095e-35 1.0000000180025095e-35 1.5000000000000002 21.500000000000004 32.500000000000007 10.500000000000002 3.5000000000000004 1.0000000180025095e-35 30.500000000000004 1.0000000180025095e-35 44.500000000000007 15.500000000000002 30.500000000000004
decision_type=2 2 2 2 2 2 2 2 2 2 2 2 2 2 2
left_child=1 5 3 -3 -4 7 -7 -1 9 14 -11 12 -10 -13 -2
right_child=8 2 4 -5 -6 6 -8 -9 11 10 -12 13 -14 -15 -16
leaf_value=0.016845435223760866 -0.028205324992390174 -0.0037794888935082801 -0.002958844944381955 0.06607231295475785 -0.023478944394628127 0.020507156961590063 -0.0023817859399755609 -0.02402430157886196 0.0053047101602150849 0.039282524191298324 0.011360715771768608 -0.036528837351528128 0.04972858163729317 0.0030146970065478632 0.0053859833007398796
leaf_weight=11.614329010248186 7.24412773549557 65.681187603622675 23.615193020552397 2.4982565641403189 72.535046953707933 31.965696156024933 96.036310315132141 18.94970990717411 17.683494210243229 17.859610825777054 37.534526854753494 6.3017168492078772 9.5961981713771802 62.188003107905388 14.744490295648573
leaf_count=77 30 856 497 30 1562 237 684 150 73 72 152 26 39 255 60
internal_value=-0.000317587 -0.00523052 -0.011295 -0.00121995 -0.0184391 0.00105434 0.00333423 -0.00849381 0.0088441 0.0129626 0.020363 0.00551632 0.0209317 -0.000623691 -0.00568064
internal_weight=496.048 322.896 164.33 68.1794 96.1502 158.566 128.002 30.564 173.152 77.3828 55.3941 95.7694 27.2797 68.4897 21.9886
internal_count=4800 4093 2945 886 2059 1148 921 227 707 314 224 393 112 281 90
is_linear=0
shrinkage=0.08


Tree=31
num_leaves=13
num_cat=0
split_feature=2 2 4 4 0 0 4 0 4 4 0 4
split_gain=2.96267 1.65149 1.79392 4.52552 3.3229 0.511088 1.5449 1.43633 0.394384 0.875459 1.21398 1.06351
threshold=1.5000000000000002 1.0000000180025095e-35 12.500000000000002 27.500000000000004 1.0000000180025095e-35 2.5000000000000004 57.500000000000007 3.5000000000000004 5.5000000000000009 19.500000000000004 5.5000000000000009 23.500000000000004
decision_type=2 2 2 2 2 2 2 2 2 2 2 2
left_child=1 5 4 -4 -3 6 -1 -7 -2 10 -10 -11
right_child=8 2 3 -5 -6 7 -8 -9 9 11 -12 -13
leaf_value=0.00011211880392114161 0.025910461796241326 0.096297251516135121 -0.040356495884910408 -0.0060233263171710341 -0.0009414224229705835 0.027697502677136721 -0.039874172857203093 0.00046046864380249212 0.0028723110933127744 0.035055797195786526 -0.044638214879474759 0.007558920183412695
leaf_weight=41.388828746974468 7.6397539377212516 2.6375773996114757 31.364917993545532 113.43247973918915 15.272677153348921 14.232727862894533 7.2700653970241538 95.77077479660511 13.425173580646517 9.6316706538200361 4.628734439611434 137.76647651195526
leaf_count=325 31 43 637 2006 259 105 55 663 56 39 20 561
internal_value=-0.00029818 -0.00484284 -0.010506 -0.0134603 0.0133786 0.000964709 -0.00586218 0.00398451 0.00813963 0.00731907 -0.00930863 0.00935569
internal_weight=494.462 321.37 162.708 144.797 17.9103 158.662 48.6589 110.004 173.092 165.452 18.0539 147.398
internal_count=4800 4093 2945 2643 302 1148 380 768 707 676 76 600
is_linear=0
shrinkage=0.08


Tree=32
num_leaves=12
num_cat=0
split_feature=2 0 1 4 4 4 4 0 4 4 3
split_gain=2.51539 1.66329 4.36756 5.05006 2.05356 1.87627 3.53193 3.43961 0.358494 0.604411 0.582809
threshold=1.5000000000000002 7.5000000000000009 1.0000000180025095e-35 34.500000000000007 53.500000000000007 74.500000000000014 63.500000000000007 5.5000000000000009 75.500000000000014 66.500000000000014 1.0000000180025095e-35
decision_type=2 2 2 2 2 2 2 2 2 2 2
left_child=1 5 4 -4 -3 6 -1 -7 9 10 -2
right_child=8 2 3 -5 -6 7 -8 -9 -10 -11 -12
leaf_value=-0.0059063082753904863 0.0080496312417961038 0.038876248394458315 0.023031120611175418 -0.050893618103140657 -0.011679478343091274 -0.0023691624187346444 -0.043645549497432115 0.10311640831609839 -0.013237157264205568 0.03108576114690418 -0.017897040113564969
leaf_weight=238.66905821487308 155.15537902712822 24.239687398076061 10.800490684807302 13.072610177099703 6.5267598479986182 7.0421734340488893 17.001634702086449 2.7512543350458145 5.1822049915790549 7.0309962928295127 5.7455921918153754
leaf_count=3316 631 103 139 171 29 86 225 24 22 29 25
internal_value=-0.000281921 -0.00448333 0.00822763 -0.0174491 0.0281514 -0.00709958 -0.0084159 0.0272648 0.00748685 0.00812638 0.0071231
internal_weight=493.218 320.104 54.6395 23.8731 30.7664 265.464 255.671 9.79343 173.114 167.932 160.901
internal_count=4800 4093 442 310 132 3651 3541 110 707 685 656
is_linear=0
shrinkage=0.08


Tree=33
num_leaves=13
num_cat=0
split_feature=2 2 0 4 0 4 4 4 4 4 4 4
split_gain=2.1374 1.48555 1.50705 2.8378 1.24047 0.513216 1.61483 1.5437 0.333677 0.765097 1.65127 0.27843
threshold=1.5000000000000002 1.0000000180025095e-35 7.5000000000000009 8.5000000000000018 2.5000000000000004 21.500000000000004 10.500000000000002 26.500000000000004 5.5000000000000009 20.500000000000004 22.500000000000004 13.500000000000002
decision_type=2 2 2 2 2 2 2 2 2 2 2 2
left_child=1 5 4 -4 -3 6 -1 -7 -2 11 -11 -10
right_child=8 2 3 -5 -6 7 -8 -9 9 10 -12 -13
leaf_value=0.015262026467193761 0.023254652584290041 -0.0037837756781229056 0.098140011635431817 -0.00029178514981729418 -0.019917910233074178 0.029530910357489847 -0.022629227095675494 0.00059138619369458257 0.004276420109511612 0.052445144334306026 0.0065422179817788504 -0.015109970071514345
leaf_weight=11.726142182946207 7.6207817792892447 50.524225458502769 1.9951831102371205 30.995963100343943 76.944410044699907 13.151608787477015 18.642048642039299 114.50507237762213 7.3424699306488064 5.2024686038494101 139.57723340392113 13.383886501193045
leaf_count=77 31 1019 26 293 1607 96 150 825 30 21 568 57
internal_value=-0.000267282 -0.00415648 -0.00957861 0.00566101 -0.0135229 0.00134919 -0.00799819 0.00357283 0.0068873 0.00613366 0.00819168 -0.00824219
internal_weight=491.611 318.485 160.46 32.9911 127.469 158.025 30.3682 127.657 173.127 165.506 144.78 20.7264
internal_count=4800 4093 2945 319 2626 1148 227 921 707 676 589 87
is_linear=0
shrinkage=0.08


Tree=34
num_leaves=15
num_cat=0
split_feature=2 2 1 3 4 4 4 4 0 1 0 4 4 4
split_gain=1.81452 1.27319 1.44806 1.60548 1.1892 0.436144 1.38246 1.35141 0.323559 0.607494 1.18033 1.11701 0.455816 1.74984
threshold=1.5000000000000002 1.0000000180025095e-35 1.0000000180025095e-35 1.0000000180025095e-35 27.500000000000004 21.500000000000004 10.500000000000002 34.500000000000007 4.5000000000000009 1.5000000000000002 6.5000000000000009 59.500000000000007 69.500000000000014 64.500000000000014
decision_type=2 2 2 2 2 2 2 2 2 2 2 2 2 2
left_child=1 5 3 -3 -4 6 -1 -7 12 10 -10 -11 13 -2
right_child=8 2 4 -5 -6 7 -8 -9 9 11 -12 -13 -14 -15
leaf_value=0.013907859839004036 0.010640351700869148 -0.002406866200945859 -0.028819203897504642 0.062391712603717474 -0.0092473385574096661 0.016115061729666785 -0.021159521358263569 -0.0019882426970782487 -0.0052999175934248053 0.0012667684615258886 0.020982419997545191 -0.037233742367275745 0.033249597891744968 -0.038750043065049242
leaf_weight=11.833729207515718 89.217408299446106 64.371371578425169 28.991291549056768 2.5438091978430739 63.143231876194477 37.21469409018755 18.354270599782467 90.736490465700626 21.020913377404213 24.397945985198024 22.794653162360191 6.011070415377616 4.8495687693357459 4.8398874700069419
leaf_count=77 361 856 663 30 1396 271 150 650 87 100 93 26 20 20
internal_value=-0.000251129 -0.00384663 -0.00890057 5.64795e-05 -0.0154059 0.00123641 -0.00741307 0.00327712 0.00633608 0.00234383 0.00837323 -0.00634378 0.00933206 0.00809888
internal_weight=490.32 317.189 159.05 66.9152 92.1345 158.139 30.188 127.951 173.131 74.2246 43.8156 30.409 98.9069 94.0573
internal_count=4800 4093 2945 886 2059 1148 227 921 707 306 180 126 401 381
is_linear=0
shrinkage=0.08


Tree=35
num_leaves=15
num_cat=0
split_feature=2 0 1 4 4 4 4 4 4 0 0 4 0 0
split_gain=1.54005 1.25447 3.67455 4.33448 1.68568 1.56969 3.16835 2.97213 0.341622 1.43193 2.1929 0.84966 2.02137 1.18177
threshold=1.5000000000000002 7.5000000000000009 1.0000000180025095e-35 34.500000000000007 53.500000000000007 74.500000000000014 63.500000000000007 78.500000000000014 41.500000000000007 7.5000000000000009 6.5000000000000009 30.500000000000004 2.5000000000000004 6.5000000000000009
decision_type=2 2 2 2 2 2 2 2 2 2 2 2 2 2
left_child=1 5 4 -4 -3 6 -1 -7 11 10 -10 13 -13 -2
right_child=8 2 3 -5 -6 7 -8 -9 9 -11 -12 12 -14 -15
leaf_value=-0.0047248515311937118 0.014256414393287471 0.035222392165592961 0.020301116695589264 -0.048487642418248066 -0.010617546411692333 0.070951559240972073 -0.041196081122789913 -0.01683535198343367 0.0080668163998388748 -0.023481308220241668 0.051390728468531037 -0.03095239987035054 0.0069940664933085548 -0.014654377679959411
leaf_weight=235.34515345096588 47.962801545858383 24.45799204707146 11.00836204737425 12.541396901011465 6.4981992542743674 4.7577451691031438 16.300302736461163 5.12917260825634 58.612553238868713 7.4016706347465506 8.5706318467855436 13.866033673286436 25.51880307495594 11.153027802705763
leaf_count=3316 197 103 139 171 29 50 225 60 238 31 35 56 104 46
internal_value=-0.000235751 -0.00355782 0.00748273 -0.0163323 0.0255999 -0.00585878 -0.00708727 0.0254091 0.00583005 0.00991444 0.0135937 0.00273734 -0.00636557 0.00880199
internal_weight=489.124 316.038 54.506 23.5498 30.9562 261.532 251.645 9.88692 173.086 74.5849 67.1832 98.5007 39.3848 59.1158
internal_count=4800 4093 442 310 132 3651 3541 110 707 304 273 403 160 243
is_linear=0
shrinkage=0.08


Tree=36
num_leaves=13
num_cat=0
split_feature=4 4 0 4 0 1 4 4 4 4 2 4
split_gain=1.33651 2.11428 1.77026 1.4455 9.57548 1.44281 5.67955 2.94141 1.16486 1.16407 3.07716 2.69346
threshold=5.5000000000000009 21.500000000000004 7.5000000000000009 22.500000000000004 1.5000000000000002 1.5000000000000002 2.5000000000000004 1.0000000180025095e-35 80.500000000000014 15.500000000000002 1.5000000000000002 14.500000000000002
decision_type=2 2 2 2 2 2 2 2 2 2 2 2
left_child=2 9 5 4 -3 7 -7 -1 -5 11 -11 -2
right_child=1 3 -4 8 -6 6 -8 -9 -10 10 -12 -13
leaf_value=0.029650981374150624 -0.012751394560188912 0.18435684267850799 0.066413688143064573 0.0010443733339855644 -0.019420074035808629 -0.0084201409525811333 0.13666548916063287 -0.050655437666116881 -0.028924426366110239 -0.044165200569362968 0.005650995380847651 0.052614813246800854
leaf_weight=5.9471130520105397 29.812943451106548 2.0263669081032267 4.0461960285902014 379.78405272588134 5.4318360947072506 5.942072007805109 2.4342129565775394 5.732826367020607 8.4861726537346822 20.473666246980429 12.958672761917112 4.6658634245395652
leaf_count=63 317 18 32 3696 56 59 21 61 69 309 54 45
internal_value=-0.000223662 -0.00117848 0.0181435 0.00105948 0.0359454 0.00840531 0.0337429 -0.00976555 0.000389365 -0.0142194 -0.024856 -0.00390568
internal_weight=487.742 463.64 24.1024 395.728 7.4582 20.0562 8.37628 11.6799 388.27 67.9111 33.4323 34.4788
internal_count=4800 4564 236 3839 74 204 80 124 3765 725 363 362
is_linear=0
shrinkage=0.08


Tree=37
num_leaves=12
num_cat=0
split_feature=2 2 4 4 4 4 4 4 4 4 4
split_gain=1.24203 1.14458 1.45376 4.03004 3.54208 0.431817 2.3293 1.99986 0.316704 1.39621 0.927431
threshold=1.5000000000000002 1.0000000180025095e-35 12.500000000000002 26.500000000000004 9.5000000000000018 41.500000000000007 35.500000000000007 48.500000000000007 69.500000000000014 64.500000000000014 61.500000000000007
decision_type=2 2 2 2 2 2 2 2 2 2 2
left_child=1 5 4 -4 -3 6 -1 -7 9 10 -2
right_child=8 2 3 -5 -6 7 -8 -9 -10 -11 -12
leaf_value=0.0048502325687096292 0.0048140279467605539 -0.0050247664299487571 -0.038725453061779963 -0.0041595655390908029 0.082410986692426871 0.025295717736456905 -0.026111997448987095 -0.0036336657933194235 0.019693149861400031 -0.030033759706307648 0.037892337842581329
leaf_weight=70.141158267855644 151.00308384001255 13.98550419509411 26.719303295016289 112.38581107184291 3.763100314885377 23.480891078710556 19.979955293238163 43.858941361308098 9.1748114973306638 7.1972219496965399 5.6268281340599051
leaf_count=521 615 229 579 2064 73 153 165 309 39 30 23
internal_value=-0.000214638 -0.003211 -0.00804792 -0.010799 0.0135136 0.00160727 -0.00201413 0.00645379 0.00522924 0.00441921 0.00600234
internal_weight=487.317 314.315 156.854 139.105 17.7486 157.461 90.1211 67.3398 173.002 163.827 156.63
internal_count=4800 4093 2945 2643 302 1148 686 462 707 668 638
is_linear=0
shrinkage=0.08


Tree=38
num_leaves=13
num_cat=0
split_feature=4 4 0 4 0 1 4 0 4 4 2 4
split_gain=1.10912 1.82226 1.45571 1.24114 7.55077 1.19605 4.46747 2.71335 1.03224 0.929895 2.60821 2.3415
threshold=5.5000000000000009 21.500000000000004 7.5000000000000009 22.500000000000004 1.5000000000000002 1.5000000000000002 2.5000000000000004 1.0000000180025095e-35 80.500000000000014 15.500000000000002 1.5000000000000002 14.500000000000002
decision_type=2 2 2 2 2 2 2 2 2 2 2 2
left_child=2 9 5 4 -3 7 -7 -1 -5 11 -11 -2
right_child=1 3 -4 8 -6 6 -8 -9 -10 10 -12 -13
leaf_value=0.065526787796326105 -0.012490288889598095 0.15995960549310034 0.059733392765945949 0.00098070877553733319 -0.017671639060546127 -0.0078866460515437144 0.11836492535662556 -0.029135871903395751 -0.027419194888079829 -0.041479164144059846 0.004808497994773629 0.047754755646858944
leaf_weight=2.4583651274442717 29.802845742553473 2.1469886116683474 4.1308558955788603 379.30627457797527 5.3429449759423733 5.9124838337302208 2.575002234429121 9.1532514728605729 8.3716205768287164 19.507197450846434 12.971791088581083 4.7928854525089255
leaf_count=23 317 18 32 3696 56 59 21 101 69 309 54 45
internal_value=-0.000204247 -0.00107881 0.0164801 0.000990614 0.0332463 0.00759044 0.0304166 -0.00909427 0.000367434 -0.0132707 -0.0229923 -0.00414395
internal_weight=486.473 462.243 24.23 395.168 7.48993 20.0991 8.48749 11.6116 387.678 67.0747 32.479 34.5957
internal_count=4800 4564 236 3839 74 204 80 124 3765 725 363 362
is_linear=0
shrinkage=0.08


Tree=39
num_leaves=14
num_cat=0
split_feature=2 0 1 4 4 4 0 4 4 0 4 0 0
split_gain=1.0034 0.997386 3.1197 3.76821 1.48451 2.85152 2.77445 1.37788 0.329489 1.22573 2.10273 0.791781 1.33894
threshold=1.5000000000000002 7.5000000000000009 1.0000000180025095e-35 34.500000000000007 74.500000000000014 63.500000000000007 4.5000000000000009 53.500000000000007 41.500000000000007 7.5000000000000009 46.500000000000007 7.5000000000000009 6.5000000000000009
decision_type=2 2 2 2 2 2 2 2 2 2 2 2 2
left_child=1 4 7 -4 5 -1 -6 -3 11 10 -10 12 -2
right_child=8 2 3 -5 6 -7 -8 -9 9 -11 -12 -13 -14
leaf_value=-0.0039461572363168381 0.0028798498786923553 0.032167302236663406 0.018292323010126892 -0.04617523291574463 -0.010160539453732773 -0.039107416716330612 0.075973235291384042 -0.0093332519853685132 0.037258630011899656 -0.022215565012998827 0.0041411945604209865 0.024815205071012834 -0.028254082376688174
leaf_weight=233.11089078709483 79.871338799595833 24.618043705821041 11.166117668151857 12.080820389091967 5.7865467108786088 15.759359050542114 4.0815390162169933 6.4647195786237708 16.159000232815742 7.3902044743299475 50.984973922371864 8.6210900992155057 9.9406687021255475
leaf_count=3316 327 103 139 171 72 225 38 29 65 31 208 35 41
internal_value=-0.000195084 -0.0028969 0.00695713 -0.0152098 -0.00496605 -0.00617269 0.0254653 0.0235358 0.00469517 0.00870773 0.0121113 0.00165683 -0.000566149
internal_weight=486.035 313.068 54.3297 23.2469 258.738 248.87 9.86809 31.0828 172.967 74.5342 67.144 98.4331 89.812
internal_count=4800 4093 442 310 3651 3541 110 132 707 304 273 403 368
is_linear=0
shrinkage=0.08


Tree=40
num_leaves=12
num_cat=0
split_feature=4 4 4 0 1 4 0 4 4 2 1
split_gain=0.912832 1.59867 1.17803 1.40598 1.25793 1.03309 6.03291 0.941944 0.814454 2.29664 2.10774
threshold=5.5000000000000009 21.500000000000004 4.5000000000000009 7.5000000000000009 1.5000000000000002 22.500000000000004 1.5000000000000002 80.500000000000014 15.500000000000002 1.5000000000000002 1.0000000180025095e-35
decision_type=2 2 2 2 2 2 2 2 2 2 2
left_child=2 8 3 4 -1 6 -3 -7 10 -10 -2
right_child=1 5 -4 -5 -6 7 -8 -9 9 -11 -12
leaf_value=-0.018014128312770553 0.021004361779059559 0.13979664157333357 0.0702042875637202 0.053479834561723644 0.024442517006567199 0.00096370433354702151 -0.016412206739871024 -0.026250127151585333 -0.039524526647917335 0.0042033784520341252 -0.019623082076367523
leaf_weight=10.47714016214014 13.301466614007948 2.2563739120960227 2.2396732792258254 3.8155332356691352 7.7848331145942202 378.3016348965466 5.2968211360275745 8.3190276473760587 18.859253264963627 12.975883394479753 21.194921869784594
leaf_count=113 115 18 21 28 74 3696 56 69 309 54 247
internal_value=-0.000185329 -0.000983018 0.0149209 0.00931258 8.45675e-05 0.000950587 0.0302522 0.000378137 -0.0124734 -0.0217012 -0.00395754
internal_weight=484.823 460.505 24.3172 22.0775 18.262 394.174 7.5532 386.621 66.3315 31.8351 34.4964
internal_count=4800 4564 236 215 187 3839 74 3765 725 363 362
is_linear=0
shrinkage=0.08


Tree=41
num_leaves=11
num_cat=0
split_feature=2 2 4 4 0 4 4 4 4 4
split_gain=0.804633 1.03732 1.33474 1.53843 0.427369 1.31009 1.25372 0.356694 1.14567 0.819569
threshold=1.5000000000000002 1.0000000180025095e-35 83.500000000000014 74.500000000000014 2.5000000000000004 17.500000000000004 16.500000000000004 69.500000000000014 64.500000000000014 61.500000000000007
decision_type=2 2 2 2 2 2 2 2 2 2
left_child=1 4 3 -3 6 -6 -1 8 9 -2
right_child=7 2 -4 -5 5 -7 -8 -9 -10 -11
leaf_value=0.026915081397950395 0.0036565909937577874 -0.0076876915652051439 -0.089769643842516914 0.05122789204686596 -0.017610846998469622 0.0082018410900792302 -0.009687570732078786 0.019585301489871858 -0.027900387003515097 0.034701214983223989
leaf_weight=7.019001677632331 150.91443917155266 150.73213904723525 1.2443120256066311 2.8910076133906832 14.522166281938551 94.280272260308266 40.813982665538788 9.1359926015138608 7.182001829147338 5.6460408568382254
leaf_count=49 615 2866 23 56 108 660 331 39 30 23
internal_value=-0.000175529 -0.00260457 -0.00724738 -0.00657897 0.00198584 0.00475655 -0.00431651 0.00420126 0.00334291 0.00477615
internal_weight=484.381 311.503 154.867 153.623 156.635 108.802 47.833 172.878 163.742 156.56
internal_count=4800 4093 2945 2922 1148 768 380 707 668 638
is_linear=0
shrinkage=0.08


Tree=42
num_leaves=10
num_cat=0
split_feature=4 4 4 1 4 4 4 0 1
split_gain=0.794648 1.50365 3.31382 1.86422 1.12864 1.14024 0.938142 1.19092 1.0672
threshold=5.5000000000000009 9.5000000000000018 8.5000000000000018 1.5000000000000002 10.500000000000002 21.500000000000004 4.5000000000000009 7.5000000000000009 1.5000000000000002
decision_type=2 2 2 2 2 2 2 2 2
left_child=6 2 3 -2 -3 -6 7 8 -1
right_child=1 4 -4 -5 5 -7 -8 -9 -10
leaf_value=-0.016585966736785682 -0.042648130666581401 0.043249313101868907 -0.10871206269285366 0.042524787008036365 -0.011700266866709025 0.00085184406589410597 0.0626485446804525 0.049195880459649122 0.022534955720709342
leaf_weight=10.343989476561555 3.4969966039061529 3.7843607366085044 2.6348498500883579 3.1048895120620728 52.490780491381884 393.82801959104836 2.2906716875731936 3.8638290911912909 7.8492997810244551
leaf_count=113 37 37 27 32 592 3839 21 28 74
internal_value=-0.000164652 -0.0009112 -0.0328629 -0.00259102 -0.000255508 -0.000624388 0.0139195 0.00885896 0.000292336
internal_weight=483.688 459.34 9.23674 6.60189 450.103 446.319 24.3478 22.0571 18.1933
internal_count=4800 4564 96 69 4468 4431 236 215 187
is_linear=0
shrinkage=0.08


Tree=43
num_leaves=10
num_cat=0
split_feature=4 4 1 4 4 0 0 0 0
split_gain=0.775831 3.05591 2.45834 1.60536 1.46212 2.43713 1.24074 1.14013 0.184123
threshold=80.500000000000014 74.500000000000014 1.5000000000000002 75.500000000000014 64.500000000000014 3.5000000000000004 3.5000000000000004 5.5000000000000009 4.5000000000000009
decision_type=2 2 2 2 2 2 2 2 2
left_child=1 4 8 -3 6 -6 -1 -5 -2
right_child=2 3 -4 7 5 -7 -8 -9 -10
leaf_value=0.0054409343710062697 0.033213871656811209 0.10331768419843906 -0.071536448838778771 0.049745187125366769 -0.048184189085007059 0.0016649504394674955 -0.0031661812016004331 -0.018227369551224878 0.00032951279977681803
leaf_weight=184.56588327884674 2.1340424828231317 2.3170721866190416 3.8106298334896564 4.6227108873426914 10.776474609971048 15.033076468855141 255.67116997763515 2.3988670259714127 2.2267629262059927
leaf_count=1950 21 16 28 46 116 139 2447 17 20
internal_value=-0.000154842 0.00026528 -0.0245961 0.0455769 -0.000642676 -0.019149 0.000442284 0.0265229 0.0164221
internal_weight=483.557 475.385 8.17144 9.33865 466.047 25.8096 440.237 7.02158 4.36081
internal_count=4800 4731 69 79 4652 255 4397 63 41
is_linear=0
shrinkage=0.08


Tree=44
num_leaves=10
num_cat=0
split_feature=2 2 4 4 4 4 4 4 4
split_gain=0.688392 0.868403 1.2345 1.27252 0.40329 0.596311 0.302557 0.859624 0.689002
threshold=1.5000000000000002 1.0000000180025095e-35 83.500000000000014 31.500000000000004 77.500000000000014 63.500000000000007 69.500000000000014 64.500000000000014 61.500000000000007
decision_type=2 2 2 2 2 2 2 2 2
left_child=1 4 3 -3 5 -1 7 8 -2
right_child=6 2 -4 -5 -6 -7 -8 -9 -10
leaf_value=0.0025597812779044444 0.0033230332341898433 -0.015244235495919911 -0.089149556383397166 -0.00025109135592700033 0.024117671822872732 -0.015680926138263038 0.018103262580706318 -0.024041850444595631 0.031752751098739554
leaf_weight=139.24904705584049 150.87578505277634 59.025849308818579 1.1525254454463709 93.806600380688906 5.0139666572213164 12.499786905944346 9.0964536219835264 7.1355444490909568 5.6604438275098792
leaf_count=1027 615 1175 23 1747 31 90 39 30 23
internal_value=-0.000145843 -0.00239661 -0.00666367 -0.00604164 0.00179484 0.00105727 0.00390248 0.00311323 0.00435107
internal_weight=483.516 310.748 153.985 152.832 156.763 151.749 172.768 163.672 156.536
internal_count=4800 4093 2945 2922 1148 1117 707 668 638
is_linear=0
shrinkage=0.08


Tree=45
num_leaves=11
num_cat=0
split_feature=4 4 4 1 4 1 4 4 0 1
split_gain=0.703631 1.27905 3.04062 1.58059 0.961972 7.25244 1.28359 0.768032 1.0117 0.898346
threshold=5.5000000000000009 9.5000000000000018 8.5000000000000018 1.5000000000000002 11.500000000000002 1.0000000180025095e-35 21.500000000000004 4.5000000000000009 7.5000000000000009 1.5000000000000002
decision_type=2 2 2 2 2 2 2 2 2 2
left_child=7 2 3 -2 5 -3 -6 8 9 -1
right_child=1 4 -4 -5 6 -7 -8 -9 -10 -11
leaf_value=-0.015142884441915696 -0.040008271733475702 0.13725833478214161 -0.10627491209317366 0.038540035312170665 -0.013134070749438136 -0.024534501633502917 0.00075808831048627056 0.056860707280076694 0.045452882952648092 0.020784932410389107
leaf_weight=10.203475579619417 3.4036703482270223 2.6008702404797059 2.4713442958891392 3.1633376702666283 47.728005047887564 5.5716058164834976 393.61202723160386 2.3238176964223376 3.9016186296939841 7.9048042483627787
leaf_count=113 37 24 27 32 547 58 3839 21 28 74
internal_value=-0.000136291 -0.000839771 -0.0306363 -0.00217143 -0.000240651 0.0269557 -0.000744257 0.0131203 0.00850211 0.000540679
internal_weight=482.885 458.551 9.03835 6.56701 449.513 8.17248 441.34 24.3337 22.0099 18.1083
internal_count=4800 4564 96 69 4468 82 4386 236 215 187
is_linear=0
shrinkage=0.08


Tree=46
num_leaves=10
num_cat=0
split_feature=4 4 1 4 4 0 4 0 0
split_gain=0.694241 2.45507 2.22077 1.33903 1.17828 3.06696 1.53737 0.934939 0.145007
threshold=80.500000000000014 74.500000000000014 1.5000000000000002 75.500000000000014 63.500000000000007 3.5000000000000004 62.500000000000007 5.5000000000000009 4.5000000000000009
decision_type=2 2 2 2 2 2 2 2 2
left_child=1 4 8 -3 6 -6 -1 -5 -2
right_child=2 3 -4 7 5 -7 -8 -9 -10
leaf_value=5.0474108843970951e-05 0.030054877248158699 0.092503894767527586 -0.068998314537076708 0.043644889785054992 -0.046903364167754938 0.0051145214181456582 0.050692806935069334 -0.017676910141699524 0.00086320760607729366
leaf_weight=431.14564406871796 2.1526917293667776 2.3751697465777379 3.6995919197797775 4.7684631943702698 12.152614604681732 17.996475011110306 3.8709026575088492 2.388158805668354 2.2041414566338062
leaf_count=4306 21 16 28 46 137 167 42 17 20
internal_value=-0.000130531 0.000264694 -0.0234178 0.0404558 -0.000558869 -0.0158531 0.000501104 0.0231819 0.0152867
internal_weight=482.754 474.697 8.05643 9.53179 465.166 30.1491 435.017 7.15662 4.35683
internal_count=4800 4731 69 79 4652 304 4348 63 41
is_linear=0
shrinkage=0.08


Tree=47
num_leaves=13
num_cat=0
split_feature=2 0 1 4 4 4 0 4 3 4 0 4
split_gain=0.601358 0.818348 2.79458 3.27463 1.17264 0.917716 2.43182 2.31647 0.296187 0.626579 1.25541 0.891792
threshold=1.5000000000000002 7.5000000000000009 1.0000000180025095e-35 34.500000000000007 53.500000000000007 74.500000000000014 5.5000000000000009 70.500000000000014 1.0000000180025095e-35 41.500000000000007 7.5000000000000009 30.500000000000004
decision_type=2 2 2 2 2 2 2 2 2 2 2 2
left_child=1 5 4 -4 -3 7 -7 -1 9 11 -11 -2
right_child=8 2 3 -5 -6 6 -8 -9 -10 10 -12 -13
leaf_value=-0.0041365553549621691 0.0064773369477446972 0.030265842438583681 0.0162016932248032 -0.0441734903957599 -0.0080966294029733484 -0.0058773343902192732 0.079549379182241503 -0.067782779109391691 -0.013770119888475096 0.013480157267033261 -0.021391042525513649 -0.0093168923465389263
leaf_weight=241.94351964443922 55.888963341712952 24.683393508195881 11.330317229032518 11.672525592148302 6.4274769425392142 7.2278290372341853 3.0253442451357841 3.7160395942628375 6.0213115513324729 64.631107434630394 7.3598544448614112 38.737775310873985
leaf_count=3484 230 103 139 171 29 86 24 57 26 263 31 157
internal_value=-0.00012338 -0.00223057 0.00670767 -0.014435 0.0223402 -0.00412059 0.019329 -0.00509932 0.00366073 0.00429065 0.00991517 1.1582e-05
internal_weight=482.665 310.026 54.1137 23.0028 31.1109 255.913 10.2532 245.66 172.639 166.618 71.991 94.6267
internal_count=4800 4093 442 310 132 3651 110 3541 707 681 294 387
is_linear=0
shrinkage=0.08


Tree=48
num_leaves=10
num_cat=0
split_feature=4 1 4 4 4 0 0 0 0
split_gain=0.645869 1.94599 1.91938 1.02109 0.920194 2.7473 1.35143 0.838245 0.133883
threshold=80.500000000000014 1.5000000000000002 74.500000000000014 75.500000000000014 63.500000000000007 3.5000000000000004 3.5000000000000004 5.5000000000000009 4.5000000000000009
decision_type=2 2 2 2 2 2 2 2 2
left_child=2 8 4 -4 6 -6 -1 -5 -2
right_child=1 -3 3 7 5 -7 -8 -9 -10
leaf_value=0.0056932475815001894 0.027091176305808849 -0.066321784131513045 0.08002429121653222 0.039428145064361701 -0.04418963899600864 0.0056341618759605614 -0.0033470635801174627 -0.018360670554385207 -0.00079419150495580512
leaf_weight=182.66876823268831 2.1767931692302209 3.5965541880577803 2.4568201638758165 4.869925320148468 11.737061779946091 17.862155959010124 251.58703536912799 2.3971972689032555 2.2315973415970802
leaf_count=1929 21 28 16 46 137 167 2419 17 20
internal_value=-0.000118037 -0.0226523 0.000262862 0.0354386 -0.000474539 -0.0141226 0.000455724 0.0203654 0.0129752
internal_weight=481.584 8.00494 473.579 9.72394 463.855 29.5992 434.256 7.26712 4.40839
internal_count=4800 69 4731 79 4652 304 4348 63 41
is_linear=0
shrinkage=0.08


Tree=49
num_leaves=12
num_cat=0
split_feature=4 4 4 1 4 4 1 0 0 1 0
split_gain=0.568203 1.13231 2.8203 1.34546 0.820868 0.862136 0.658857 2.90469 1.73142 2.83866 0.0277934
threshold=5.5000000000000009 9.5000000000000018 8.5000000000000018 1.5000000000000002 10.500000000000002 21.500000000000004 1.0000000180025095e-35 6.5000000000000009 1.5000000000000002 1.5000000000000002 2.5000000000000004
decision_type=2 2 2 2 2 2 2 2 2 2 2
left_child=6 2 3 -2 -3 -6 7 10 -8 -10 -1
right_child=1 4 -4 -5 5 -7 8 -9 9 -11 -12
leaf_value=-0.011113936772380921 -0.037848741663392485 0.036317842113715457 -0.10464403912352063 0.034680463382662216 -0.010211886002112503 0.00077248554050848828 0.044408509986760478 0.10287764548861987 -0.059833077318029185 0.018124877961357335 0.0013243945499935425
leaf_weight=2.3502933755517033 3.3255327828228456 3.9081601686775675 2.3292044997215271 3.2237054705619812 51.760037988424301 392.56404033489525 4.7777525633573559 2.4449137523770332 4.8882660456001741 7.6951345428824425 2.2507961317896843
leaf_count=22 37 37 27 32 592 3839 45 15 58 71 25
internal_value=-0.000111384 -0.000746398 -0.0290372 -0.00214798 -0.000186023 -0.000507102 0.0117815 0.0324137 0.00340797 -0.0121594 -0.00502926
internal_weight=481.518 457.111 8.87844 6.54924 448.232 444.324 24.4072 7.046 17.3612 12.5834 4.60109
internal_count=4800 4564 96 69 4468 4431 236 62 174 129 47
is_linear=0
shrinkage=0.08


Tree=50
num_leaves=10
num_cat=0
split_feature=4 4 4 4 0 4 0 0 0
split_gain=0.558326 1.74576 1.59209 0.854171 1.11282 0.841936 0.767765 0.692752 0.144272
threshold=80.500000000000014 87.500000000000014 74.500000000000014 70.500000000000014 5.5000000000000009 75.500000000000014 7.5000000000000009 5.5000000000000009 3.5000000000000004
decision_type=2 2 2 2 2 2 2 2 2
left_child=2 8 3 6 -5 -4 -1 -7 -2
right_child=1 -3 5 4 -6 7 -8 -9 -10
leaf_value=-0.0013875034403867824 -0.040608005188002248 0.020398665743160686 0.072128702581171975 0.0029469838632175593 -0.065809527900794793 0.035393121390937678 0.0079099014735514537 -0.017081202327089977 -0.069718112140722335
leaf_weight=391.01776842214167 2.1857592817395917 3.5587163306772709 2.5034821890294534 3.1120520979166022 2.9201642647385597 4.9777203164994717 66.51332775875926 2.3799993023276329 2.1727679818868637
leaf_count=4097 19 29 16 43 28 46 484 17 21
internal_value=-0.00010591 -0.021175 0.000246436 -0.000430207 -0.0303377 0.0320546 -3.58984e-05 0.0184193 -0.0551197
internal_weight=481.342 7.91724 473.425 463.563 6.03222 9.8612 457.531 7.35772 4.35853
internal_count=4800 69 4731 4652 71 79 4581 63 40
is_linear=0
shrinkage=0.08


Tree=51
num_leaves=13
num_cat=0
split_feature=2 2 4 4 4 4 3 4 3 4 0 4
split_gain=0.53737 0.769497 1.22992 3.08478 2.76961 0.41682 2.19802 1.53819 0.272044 0.546563 1.06792 0.782635
threshold=1.5000000000000002 1.0000000180025095e-35 12.500000000000002 26.500000000000004 9.5000000000000018 41.500000000000007 1.0000000180025095e-35 48.500000000000007 1.0000000180025095e-35 41.500000000000007 7.5000000000000009 30.500000000000004
decision_type=2 2 2 2 2 2 2 2 2 2 2 2
left_child=1 5 4 -4 -3 6 -1 -7 9 11 -11 -2
right_child=8 2 3 -5 -6 7 -8 -9 -10 10 -12 -13
leaf_value=-0.0040492429741189554 0.0061455231519878728 -0.0033335892138510416 -0.03439265102580151 -0.0030321438005688726 0.072639485171797788 0.022957739793052524 0.066119428971229355 -0.0023811011645451896 -0.01326525919149703 0.012628856216164545 -0.019585686887049255 -0.0086584673736846713
leaf_weight=86.352577410638332 55.821068570017815 13.670628860592844 24.535158883780241 110.40730700269341 3.9607524909079066 23.783651418983936 2.9548604637384406 43.150314778089523 5.9939869344234458 64.526689663529396 7.3345099985599509 38.7001683562994
leaf_count=663 230 229 579 2064 73 153 23 309 26 263 31 157
internal_value=-9.92949e-05 -0.00209666 -0.00613778 -0.00873409 0.0137332 0.0018496 -0.00172762 0.00662255 0.00347902 0.00408224 0.00934088 8.42723e-05
internal_weight=481.192 308.815 152.574 134.942 17.6314 156.241 89.3074 66.934 172.376 166.382 71.8612 94.5212
internal_count=4800 4093 2945 2643 302 1148 686 462 707 681 294 387
is_linear=0
shrinkage=0.08


Tree=52
num_leaves=10
num_cat=0
split_feature=4 1 4 0 1 0 4 0 0
split_gain=0.488599 1.75401 1.33308 0.803333 1.95867 1.33208 0.696792 0.570468 0.0987214
threshold=80.500000000000014 1.5000000000000002 74.500000000000014 7.5000000000000009 1.0000000180025095e-35 5.5000000000000009 75.500000000000014 5.5000000000000009 4.5000000000000009
decision_type=2 2 2 2 2 2 2 2 2
left_child=2 8 3 5 -5 -1 -4 -8 -2
right_child=1 -3 6 4 -6 -7 7 -9 -10
leaf_value=0.00096317646941342333 0.025784417814353783 -0.062563224716380247 0.065364114207626681 0.020578411959636826 -0.0066730086252225771 -0.0096626132025072163 0.031942359548059282 -0.015696445522887532 0.0017364645959241311
leaf_weight=293.38775731436908 2.1808272860944262 3.4508404862135649 2.5388820990920049 35.607960119843483 32.093082439154387 101.67463427037001 5.0654916279017925 2.3574599996209145 2.1893245261162519
leaf_count=3119 21 28 16 150 342 1041 46 17 20
internal_value=-9.64975e-05 -0.0199288 0.000231617 -0.000391692 0.00766012 -0.00177151 0.0291866 0.0168127 0.0137371
internal_weight=480.546 7.82099 472.725 462.763 67.701 395.062 9.96183 7.42295 4.37015
internal_count=4800 69 4731 4652 492 4160 79 63 41
is_linear=0
shrinkage=0.08


Tree=53
num_leaves=11
num_cat=0
split_feature=2 4 0 1 4 4 0 4 4 4
split_gain=0.49057 0.706368 1.44164 1.34 0.791679 3.81459 1.65996 0.254225 0.621529 0.523987
threshold=1.5000000000000002 1.0000000180025095e-35 1.5000000000000002 1.0000000180025095e-35 30.500000000000004 32.500000000000007 3.5000000000000004 69.500000000000014 64.500000000000014 61.500000000000007
decision_type=2 2 2 2 2 2 2 2 2 2
left_child=1 2 -1 -4 6 -6 -3 8 9 -2
right_child=7 4 3 -5 5 -7 -8 -9 -10 -11
leaf_value=0.08334467003925021 0.0027638497540318531 0.0035857787545353265 0.059773369581243435 -0.020716372246535837 0.039773825312669167 -0.0028177425686483006 -0.017205374941026533 0.016517618079512277 -0.020576407542831056 0.027535184413945975
leaf_weight=1.8482556901872138 150.59349209070206 42.573589067906141 1.8791961483657358 4.4784449078142643 14.516353461891411 184.59151803329587 58.137779425829649 8.8721394985914213 7.0768442153930655 5.6709465980529776
leaf_count=24 615 629 21 56 174 2393 796 39 30 23
internal_value=-9.05661e-05 -0.00200241 0.0211544 0.00307484 -0.0026362 0.00028748 -0.00841636 0.003329 0.00261264 0.00366282
internal_weight=480.239 308.025 8.2059 6.35764 299.819 199.108 100.711 172.213 163.341 156.264
internal_count=4800 4093 101 77 3992 2567 1425 707 668 638
is_linear=0
shrinkage=0.08


Tree=54
num_leaves=10
num_cat=0
split_feature=4 4 4 1 4 0 1 4 4
split_gain=0.441606 0.966761 2.61725 1.14935 0.635586 0.710983 0.710327 0.61974 0.664546
threshold=5.5000000000000009 9.5000000000000018 8.5000000000000018 1.5000000000000002 4.5000000000000009 7.5000000000000009 1.5000000000000002 10.500000000000002 21.500000000000004
decision_type=2 2 2 2 2 2 2 2 2
left_child=4 2 3 -2 5 6 -1 -3 -9
right_child=1 7 -4 -5 -6 -7 -8 8 -10
leaf_value=-0.014510225916211868 -0.035451922770391435 0.031052152547102412 -0.10292103388611315 0.031864379892693473 0.050020199295678788 0.037114212508304587 0.017336517421634615 -0.0090021950339573813 0.00069911684353988828
leaf_weight=10.166405078023679 3.2310716435313207 4.0408342555165282 2.1811346281319857 3.2621659561991692 2.3417327404022208 3.915059082210063 8.0171281062066555 51.085613304749131 391.58672831021249
leaf_count=113 37 37 27 32 21 28 74 592 3839
internal_value=-8.71481e-05 -0.000649395 -0.0271011 -0.00163259 0.010389 0.00618938 -0.000468982 -0.00013575 -0.000420441
internal_weight=479.828 455.388 8.67437 6.49324 24.4403 22.0986 18.1835 446.713 442.672
internal_count=4800 4564 96 69 236 215 187 4468 4431
is_linear=0
shrinkage=0.08


Tree=55
num_leaves=9
num_cat=0
split_feature=4 4 4 4 2 0 0 2
split_gain=0.440411 1.56606 1.09371 0.755426 1.051 0.686295 0.619436 0.249932
threshold=80.500000000000014 87.500000000000014 74.500000000000014 70.500000000000014 1.5000000000000002 3.5000000000000004 7.5000000000000009 1.0000000180025095e-35
decision_type=2 2 2 2 2 2 2 2
left_child=2 -2 3 6 -5 -4 -1 -7
right_child=1 -3 5 4 -6 7 -8 -9
leaf_value=-0.0011896505511261842 -0.052062218382655248 0.020145470366069198 0.0022395413873945937 -0.051906692254455003 0.020253913864098281 0.027448006159785706 0.0071653148531885952 0.060849844908650044
leaf_weight=389.49373681470752 4.1989920940250149 3.5453573074191809 4.3180805593729001 4.0208873264491549 1.9031916409730909 2.8145015090703964 66.486353278160095 2.9223529882729053
leaf_count=4097 40 29 39 63 8 14 484 26
internal_value=-8.24841e-05 -0.0190056 0.000228024 -0.000340178 -0.0287241 0.0263301 2.85851e-05 0.0444629
internal_weight=479.703 7.74435 471.959 461.904 5.92408 10.0549 455.98 5.73685
internal_count=4800 69 4731 4652 71 79 4581 40
is_linear=0
shrinkage=0.08


Tree=56
num_leaves=12
num_cat=0
split_feature=2 2 4 4 4 4 4 3 4 4 0
split_gain=0.414931 0.707584 1.14958 1.05607 0.391102 1.91685 1.31467 0.240333 0.439288 1.077 0.692785
threshold=1.5000000000000002 1.0000000180025095e-35 83.500000000000014 15.500000000000002 14.500000000000002 10.500000000000002 16.500000000000004 1.0000000180025095e-35 41.500000000000007 46.500000000000007 7.5000000000000009
decision_type=2 2 2 2 2 2 2 2 2 2 2
left_child=1 4 3 -3 5 -1 -6 8 10 -10 -2
right_child=7 2 -4 -5 6 -7 -8 -9 9 -11 -12
leaf_value=0.0066009370841174685 -0.0020862725404445955 0.011126509830294229 -0.088879780032039751 -0.0079093821795614104 0.049808414695123558 -0.055521197164847637 0.0020215076205007173 -0.012708294508026845 0.02551494475504314 0.0027548007143834772 0.0220559720253676
leaf_weight=12.083270341157915 86.069642215967178 21.816038768738508 1.0567756015807379 128.60408158414066 3.7873432114720336 4.3137494549155226 135.68768937140703 5.9664942622184745 17.644999459385872 54.110004216432571 8.3447045236825925
leaf_count=77 353 388 23 2534 29 41 1001 26 71 223 34
internal_value=-7.76698e-05 -0.00183888 -0.00573268 -0.00514853 0.00194513 -0.00974224 0.00331913 0.00306697 0.0036334 0.00835166 4.75123e-05
internal_weight=479.485 307.349 151.477 150.42 155.872 16.397 139.475 172.136 166.169 71.755 94.4143
internal_count=4800 4093 2945 2922 1148 118 1030 707 681 294 387
is_linear=0
shrinkage=0.08


Tree=57
num_leaves=15
num_cat=0
split_feature=4 0 4 0 4 0 4 4 3 4 4 4 0 1
split_gain=0.366874 1.74545 4.29982 2.84855 2.16542 1.40324 3.30708 2.05921 1.16753 1.69828 1.39377 1.54266 1.20802 0.115054
threshold=40.500000000000007 3.5000000000000004 37.500000000000007 7.5000000000000009 39.500000000000007 2.5000000000000004 23.500000000000004 35.500000000000007 1.0000000180025095e-35 51.500000000000007 54.500000000000007 52.500000000000007 3.5000000000000004 1.5000000000000002
decision_type=2 2 2 2 2 2 2 2 2 2 2 2 2 2
left_child=1 5 3 -3 -4 7 -7 -1 10 -10 11 -2 -12 -11
right_child=8 2 4 -5 -6 6 -8 -9 9 13 12 -13 -14 -15
leaf_value=-0.0055465785981150886 0.0057908309555796938 -0.0098381676293768355 -0.070760771967285113 0.016207210268913089 -0.012180417621742578 -0.014901039355160503 0.042885824010037606 0.026262310427988603 -0.077010173911923413 0.016605913481102415 -0.015600383456362417 0.033800743393020423 0.0035306759738835988 -0.0099399264588885747
leaf_weight=68.644279712811112 103.0365451015532 101.43474830128253 9.5835571363568324 36.561450861394405 6.9797046445310107 10.091479232534768 17.041701231151819 16.075459286570549 2.86870377883315 2.02468017116189 35.146307170391083 14.335047647356985 52.946544662117958 2.1594068072736263
leaf_count=749 983 1122 95 259 59 109 170 179 28 22 378 141 487 19
internal_value=-7.41972e-05 -0.00205177 -0.00756038 -0.00293757 -0.0460752 0.00556008 0.0213935 0.000489116 0.0024049 -0.0295999 0.0035035 0.00921179 -0.00410202 0.00290561
internal_weight=478.93 266.412 154.559 137.996 16.5633 111.853 27.1332 84.7197 212.517 7.05279 205.464 117.372 88.0929 4.18409
internal_count=4800 2742 1535 1381 154 1207 279 928 2058 69 1989 1124 865 41
is_linear=0
shrinkage=0.08


Tree=58
num_leaves=11
num_cat=0
split_feature=2 2 4 4 4 4 4 4 4 4
split_gain=0.362884 0.612764 1.00237 3.78291 2.55073 0.372628 0.452241 0.200177 0.535735 0.365072
threshold=1.5000000000000002 1.0000000180025095e-35 15.500000000000002 21.500000000000004 14.500000000000002 77.500000000000014 63.500000000000007 75.500000000000014 66.500000000000014 53.500000000000007
decision_type=2 2 2 2 2 2 2 2 2 2
left_child=1 5 4 -4 -3 6 -1 8 9 -2
right_child=7 2 3 -5 -6 -7 -8 -9 -10 -11
leaf_value=0.0023698754110439858 0.0040457874029861916 0.0032295559864582431 -0.063601975520904033 -0.0046690659203945488 0.11354557678132138 0.023271365616744907 -0.013775489790299071 -0.012916398477520453 0.02526480569622739 -0.0064723193553740356
leaf_weight=138.89322306960821 135.13409104943275 20.477375468239192 7.3954562973231068 121.432497901842 1.4354616440832604 5.0028181895613661 12.068107783794401 4.9938088208436957 6.8395964354276648 25.03158138692379
leaf_count=1027 553 366 220 2337 22 31 90 22 29 103
internal_value=-7.49323e-05 -0.0017244 -0.00536165 -0.00805215 0.0104561 0.00179104 0.00107919 0.00286636 0.00333829 0.00240196
internal_weight=478.704 306.705 150.741 128.828 21.9128 155.964 150.961 171.999 167.005 160.166
internal_count=4800 4093 2945 2557 388 1148 1117 707 685 656
is_linear=0
shrinkage=0.08


Tree=59
num_leaves=10
num_cat=0
split_feature=4 1 4 4 0 0 0 4 0
split_gain=0.343204 1.62678 0.95884 0.664785 1.03459 0.572447 1.72743 0.517946 0.092681
threshold=80.500000000000014 1.5000000000000002 74.500000000000014 70.500000000000014 5.5000000000000009 6.5000000000000009 3.5000000000000004 69.500000000000014 4.5000000000000009
decision_type=2 2 2 2 2 2 2 2 2
left_child=2 8 3 7 -5 6 -4 -1 -2
right_child=1 -3 5 4 -6 -7 -8 -9 -10
leaf_value=-0.00019296477047675464 0.027358046078761022 -0.059033001861002327 0.0035216734967380581 0.0053442834631200128 -0.062824766212617802 -0.0062685655359444245 0.082364327677847446 0.03677313475024499 0.0038294685867487372
leaf_weight=452.28643905371428 2.1454948130995026 3.3136035185307264 4.2751177325844747 2.960189225152134 2.7472377587109804 2.7893462181091309 3.0454821139574051 2.4388920068740836 2.1403845138847828
leaf_count=4557 21 28 39 43 28 19 21 24 20
internal_value=-7.25172e-05 -0.0169378 0.000199866 -0.000335259 -0.0274685 0.0245708 0.0363214 5.30068e-06 0.0156078
internal_weight=478.142 7.59948 470.543 460.433 5.70743 10.1099 7.3206 454.725 4.28588
internal_count=4800 69 4731 4652 71 79 60 4581 41
is_linear=0
shrinkage=0.08


Tree=60
num_leaves=11
num_cat=0
split_feature=4 4 4 1 4 1 4 4 0 1
split_gain=0.331777 0.878869 2.42276 0.975033 0.586145 5.40897 0.696673 0.521827 0.485972 0.600446
threshold=5.5000000000000009 9.5000000000000018 8.5000000000000018 1.5000000000000002 11.500000000000002 1.0000000180025095e-35 19.500000000000004 4.5000000000000009 7.5000000000000009 1.5000000000000002
decision_type=2 2 2 2 2 2 2 2 2 2
left_child=7 2 3 -2 5 -3 -6 8 9 -1
right_child=1 4 -4 -5 6 -7 -8 -9 -10 -11
leaf_value=-0.013376565411493478 -0.033718398500017836 0.1104024788056247 -0.10156716223380403 0.028272664630593188 -0.011216665182330754 -0.024744395767760104 0.00047564218344842547 0.044562493777476037 0.030473869064209656 0.015861993161899436
leaf_weight=10.10786138847471 3.1728326901793462 2.8571595251560193 2.0593616738915443 3.3261128813028336 35.502130545675755 5.6300758086144924 400.95863110013306 2.3827397823333731 3.9838317558169356 8.0951971784234047
leaf_count=113 37 24 27 32 413 58 3973 21 28 74
internal_value=-6.84101e-05 -0.000558948 -0.0259524 -0.00199183 -7.05206e-05 0.0207517 -0.000475421 0.00898593 0.00516522 -0.000373701
internal_weight=478.076 453.506 8.55831 6.49895 444.948 8.48724 436.461 24.5696 22.1869 18.2031
internal_count=4800 4564 96 69 4468 82 4386 236 215 187
is_linear=0
shrinkage=0.08


Tree=61
num_leaves=8
num_cat=0
split_feature=2 4 4 4 4 4 4
split_gain=0.319887 0.565369 1.02204 0.881672 0.208741 0.529308 0.477912
threshold=1.5000000000000002 88.500000000000014 82.500000000000014 78.500000000000014 69.500000000000014 64.500000000000014 61.500000000000007
decision_type=2 2 2 2 2 2 2
left_child=1 2 3 -1 5 6 -2
right_child=4 -3 -4 -5 -6 -7 -8
leaf_value=-0.001413470196873478 0.00215738561862538 -0.050189801246914252 0.053775504647042789 -0.055105547744029384 0.01472724266655016 -0.019412588017589934 0.025806408681772898
leaf_weight=300.47870831005275 150.36729630827904 1.5260149091482151 2.1355492956936351 1.9701751191169012 8.7586042284965497 7.0369219630956641 5.6753317266702643
leaf_count=4025 615 17 27 24 39 30 23
internal_value=-6.65135e-05 -0.00161718 -0.00137382 -0.00176322 0.00269582 0.00204965 0.00301751
internal_weight=477.949 306.11 304.584 302.449 171.838 163.08 156.043
internal_count=4800 4093 4076 4049 707 668 638
is_linear=0
shrinkage=0.08


Tree=62
num_leaves=15
num_cat=0
split_feature=4 4 0 4 0 4 0 4 0 0 4 2 4 0
split_gain=0.313041 1.03515 2.22627 2.6329 2.24394 0.994845 1.54846 1.1152 0.931522 1.84844 2.32296 1.41514 1.18976 1.03575
threshold=43.500000000000007 54.500000000000007 3.5000000000000004 55.500000000000007 7.5000000000000009 52.500000000000007 6.5000000000000009 48.500000000000007 3.5000000000000004 7.5000000000000009 27.500000000000004 1.5000000000000002 42.500000000000007 2.5000000000000004
decision_type=2 2 2 2 2 2 2 2 2 2 2 2 2 2
left_child=8 5 3 -3 -4 7 -7 -2 12 11 -11 -10 13 -1
right_child=1 2 4 -5 -6 6 -8 -9 9 10 -12 -13 -14 -15
leaf_value=0.00080770613221488449 0.012153696792822528 -0.090524356537561079 0.016334306622063498 -0.012348030026256009 -0.021192084850441197 0.013556941965883196 0.074554640887238066 -0.0078698309289475972 -0.017079424380694645 -0.012282912583247874 0.024472714319795263 0.00024769397283252428 -0.044051656350566661 0.018328712439737462
leaf_weight=91.620162561535835 48.288178570568562 3.0040106400847426 40.175443707033992 33.554357467219234 13.66738058067858 12.090160824358462 3.4160746298730365 28.195590484887362 78.160230675712228 19.458041090518236 25.330266337841749 49.127906709909439 3.259094860404729 28.251495514065027
leaf_count=998 455 32 396 365 102 119 30 274 1186 147 169 203 32 292
internal_value=-6.22079e-05 0.00254347 -0.00353611 -0.0187718 0.00680866 0.00851805 0.0269949 0.00477206 -0.0016721 -0.00547352 0.00850443 -0.0103919 0.00364042 0.00493708
internal_weight=477.598 182.391 90.4012 36.5584 53.8428 91.99 15.5062 76.4838 295.207 172.076 44.7883 127.288 123.131 119.872
internal_count=4800 1773 895 397 498 878 149 729 3027 1705 316 1389 1322 1290
is_linear=0
shrinkage=0.08


Tree=63
num_leaves=14
num_cat=0
split_feature=4 4 4 1 1 0 0 1 4 1 4 1 0
split_gain=0.312165 0.728533 2.24499 0.835027 0.512151 2.1954 1.34536 3.29722 0.500953 4.35268 0.561519 0.493777 0.0338408
threshold=5.5000000000000009 9.5000000000000018 8.5000000000000018 1.5000000000000002 1.0000000180025095e-35 6.5000000000000009 2.5000000000000004 1.5000000000000002 11.500000000000002 1.0000000180025095e-35 19.500000000000004 1.5000000000000002 2.5000000000000004
decision_type=2 2 2 2 2 2 2 2 2 2 2 2 2
left_child=4 2 3 -2 5 12 11 -8 9 -3 -10 -6 -1
right_child=1 8 -4 -5 6 -7 7 -9 10 -11 -12 -13 -14
leaf_value=-0.011955950977860624 -0.031233862663254657 0.096473986537006715 -0.09971420724420664 0.026361277900246515 0.054838062942789687 0.088584596480456176 -0.076107426829954833 0.01650489228219203 -0.010166600939526127 -0.023019944373389369 0.00037674721810668709 0.010829620123648352 0.0017086598324599358
leaf_weight=2.3902541175484684 3.0987999588251096 3.0121733322739583 1.9256887752562759 3.3556177169084549 2.847005698829892 2.425323162227869 3.7966586761176568 6.9899578243494034 35.168112592771649 5.5375170074403286 400.39969900622964 3.8224222660064697 2.2534315623342991
leaf_count=22 37 24 27 32 30 15 49 62 413 58 3973 33 25
internal_value=-6.26012e-05 -0.000539042 -0.0239075 -0.00129045 0.00872794 0.0268947 0.00137111 -0.0160927 -9.80994e-05 0.0190794 -0.000474532 0.0296157 -0.00532495
internal_weight=477.023 452.498 8.38011 6.45442 24.5251 7.06901 17.456 10.7866 444.118 8.54969 435.568 6.66943 4.64369
internal_count=4800 4564 96 69 236 62 174 111 4468 82 4386 63 47
is_linear=0
shrinkage=0.08


Tree=64
num_leaves=10
num_cat=0
split_feature=4 4 4 4 0 4 0 0 0
split_gain=0.31024 1.50109 0.811509 0.600327 2.26922 1.27206 0.498304 1.30138 0.139329
threshold=80.500000000000014 87.500000000000014 74.500000000000014 63.500000000000007 3.5000000000000004 62.500000000000007 6.5000000000000009 3.5000000000000004 3.5000000000000004
decision_type=2 2 2 2 2 2 2 2 2
left_child=2 8 3 5 -5 -1 7 -4 -2
right_child=1 -3 6 4 -6 -7 -8 -9 -10
leaf_value=3.137402732624784e-05 -0.034561459325287584 0.022522573594325124 0.004493065177272779 -0.039803112818151416 0.0063886391659160532 0.045733143774325809 -0.0063025690495945334 0.072467610450109812 -0.064162214439018567
leaf_weight=426.51891757547855 2.0719323195517054 3.4673968032002449 4.2308059222996217 11.110233675688507 17.571584178134799 3.9337694086134425 2.7781029976904392 3.1406634896993637 2.0001036692410707
leaf_count=4306 19 29 39 137 167 42 19 21 21
internal_value=-6.17147e-05 -0.0161611 0.000196935 -0.000297686 -0.0115043 0.000449028 0.022572 0.0334541 -0.0491008
internal_weight=476.824 7.53943 469.284 459.135 28.6818 430.453 10.1496 7.37147 4.07204
internal_count=4800 69 4731 4652 304 4348 79 60 40
is_linear=0
shrinkage=0.08


Tree=65
num_leaves=14
num_cat=0
split_feature=0 4 4 0 3 4 4 0 0 4 0 4 4
split_gain=0.277163 3.05433 3.2791 3.66817 2.77343 1.66119 2.12476 1.87752 1.81304 1.70914 1.43893 1.37148 1.21338
threshold=3.5000000000000004 53.500000000000007 51.500000000000007 1.5000000000000002 1.0000000180025095e-35 53.500000000000007 54.500000000000007 7.5000000000000009 7.5000000000000009 27.500000000000004 2.5000000000000004 55.500000000000007 1.0000000180025095e-35
decision_type=2 2 2 2 2 2 2 2 2 2 2 2 2
left_child=1 2 10 -4 11 8 -7 -8 12 -10 -1 -3 -2
right_child=5 4 3 -5 -6 6 7 -9 9 -11 -12 -13 -14
leaf_value=0.00021818868760946255 0.027700159004321673 -0.052822427626637837 -0.0066445963133046132 0.10528884528562787 -0.1048642608285409 0.06095523159007897 0.014268438230287337 -0.020104281954149466 -0.011562363888212713 0.018014286600771784 0.018453854185122791 -0.0067161090351770562 -0.010503478197694734
leaf_weight=118.40829620882869 5.5080715529620639 4.7462644204497328 3.2426003254950038 4.4385887533426285 2.2171678487211457 4.8444649241864672 40.586512977257371 13.571087557822464 19.276823250576854 35.591234263032675 36.147688729688525 31.750491980463266 156.40302512608469
leaf_count=1261 53 52 37 38 22 42 396 102 147 249 378 348 1675
internal_value=-5.90155e-05 0.00220072 0.00701866 0.0580363 -0.0179897 -0.0017056 0.0101957 0.00565515 -0.00494483 0.00762311 0.00448316 -0.0127121 -0.00920382
internal_weight=476.732 200.951 162.237 7.68119 38.7139 275.781 59.0021 54.1576 216.779 54.8681 154.556 36.4968 161.911
internal_count=4800 2136 1714 75 422 2664 540 498 2124 396 1639 400 1728
is_linear=0
shrinkage=0.08


Tree=66
num_leaves=10
num_cat=0
split_feature=4 1 4 4 0 4 0 4 0
split_gain=0.265998 1.46484 0.671019 0.55974 0.976681 0.450707 0.481987 0.446405 0.0710597
threshold=80.500000000000014 1.5000000000000002 74.500000000000014 70.500000000000014 5.5000000000000009 75.500000000000014 5.5000000000000009 69.500000000000014 4.5000000000000009
decision_type=2 2 2 2 2 2 2 2 2
left_child=2 8 3 7 -5 -4 -7 -1 -2
right_child=1 -3 5 4 -6 6 -8 -9 -10
leaf_value=-0.00014846312107905752 0.025835265591478841 -0.056066375173091709 0.049217386666564868 0.0069086396643568753 -0.060100304790034927 0.024208467054742121 -0.019178810677640927 0.034180317936499012 0.0052055641991166825
leaf_weight=450.80214150249958 2.1478978656232348 3.1900587603449821 2.5991711094975454 2.8810738846659651 2.6935908924788237 5.2404450997710228 2.3841928392648697 2.4374385625123969 2.1266278512775898
leaf_count=4557 21 28 16 43 28 46 17 24 20
internal_value=-6.04993e-05 -0.0150435 0.00017795 -0.000273741 -0.025469 0.0204485 0.0106414 3.61507e-05 0.0155717
internal_weight=476.503 7.46458 469.038 458.814 5.57466 10.2238 7.62464 453.24 4.27453
internal_count=4800 69 4731 4652 71 79 63 4581 41
is_linear=0
shrinkage=0.08


Tree=67
num_leaves=6
num_cat=0
split_feature=4 4 4 4 4
split_gain=0.275575 1.29976 0.56361 0.488523 0.377575
threshold=87.500000000000014 80.500000000000014 74.500000000000014 63.500000000000007 75.500000000000014
decision_type=2 2 2 2 2
left_child=1 2 3 -1 -4
right_child=-2 -3 4 -5 -6
leaf_value=0.00041841522726264587 0.022446242780355931 -0.045977072373154862 0.044895504885479318 -0.010413352065445594 0.009721832012481918
leaf_weight=430.33342733792961 3.4575790986418715 3.9402181152254334 2.6204895675182325 28.407200764864683 7.6703934650868177
leaf_count=4348 29 40 16 304 63
internal_value=-5.68556e-05 -0.000221361 0.000163022 -0.000252335 0.0186785
internal_weight=476.429 472.972 469.032 458.741 10.2909
internal_count=4800 4771 4731 4652 79
is_linear=0
shrinkage=0.08


Tree=68
num_leaves=16
num_cat=0
split_feature=2 2 4 4 4 4 4 4 0 1 0 4 0 1 4
split_gain=0.255616 0.555999 0.935709 3.26305 2.16046 0.335766 1.56868 1.20246 0.214405 0.57305 0.939845 0.870104 0.538728 1.52074 1.2747
threshold=1.5000000000000002 1.0000000180025095e-35 15.500000000000002 21.500000000000004 14.500000000000002 14.500000000000002 10.500000000000002 16.500000000000004 4.5000000000000009 1.5000000000000002 6.5000000000000009 59.500000000000007 2.5000000000000004 1.5000000000000002 20.500000000000004
decision_type=2 2 2 2 2 2 2 2 2 2 2 2 2 2 2
left_child=1 5 4 -4 -3 6 -1 -7 12 10 -10 -11 13 -2 -14
right_child=8 2 3 -5 -6 7 -8 -9 9 11 -12 -13 14 -15 -16
leaf_value=0.005442390267665278 -0.011188861061237343 0.0035488361941813464 -0.061398574391005802 -0.0045062888005294264 0.1031122181241447 0.047303137927170627 -0.052145166928686301 0.0019207255020375414 -0.0071819196230250475 -0.0026927975465845942 0.016391011808146349 -0.037203782291922574 -0.017572023758172042 0.014768566929170486 0.019172702291693874
leaf_weight=12.042289048433306 33.408656090497971 20.37188397534192 6.8158558942377558 120.87097518146038 1.4973733313381661 3.8425824791193 4.0438930243253699 135.45880306512117 20.876400783658028 24.333148255944256 22.481093674898148 5.7876922339200965 7.4698419421911231 25.447314336895943 31.615308687090874
leaf_count=77 137 366 220 2337 22 29 41 1001 87 100 93 26 31 104 129
internal_value=-5.29879e-05 -0.00144241 -0.00492437 -0.00754317 0.0103659 0.00190887 -0.0090345 0.00317258 0.00241871 -0.000847774 0.00504077 -0.00932405 0.00486932 3.42455e-05 0.0121502
internal_weight=476.363 304.944 149.556 127.687 21.8693 155.388 16.0862 139.301 171.419 73.4783 43.3575 30.1208 97.9411 58.856 39.0852
internal_count=4800 4093 2945 2557 388 1148 118 1030 707 306 180 126 401 241 160
is_linear=0
shrinkage=0.08


Tree=69
num_leaves=15
num_cat=0
split_feature=4 4 0 0 4 0 4 0 3 1 4 4 0 4
split_gain=0.251762 1.12125 4.00538 2.58442 1.9794 1.26897 3.93431 1.56826 0.90436 1.85111 0.902551 0.998908 0.88151 0.620507
threshold=40.500000000000007 37.500000000000007 3.5000000000000004 1.0000000180025095e-35 39.500000000000007 7.5000000000000009 30.500000000000004 6.5000000000000009 1.0000000180025095e-35 1.0000000180025095e-35 54.500000000000007 53.500000000000007 7.5000000000000009 53.500000000000007
decision_type=2 2 2 2 2 2 2 2 2 2 2 2 2 2
left_child=1 5 3 -3 -4 7 -7 -1 10 -10 11 -2 -12 -11
right_child=8 2 4 -5 -6 6 -8 -9 9 13 12 -13 -14 -15
leaf_value=0.00030710442145189101 0.0056691322511426912 -0.03542295362666683 -0.067817589408113624 0.039157325854256547 -0.011050173420913896 -0.0042574646808983168 0.051873261816383777 -0.021302718999491859 0.030683865397611681 -0.024844782816374398 0.00016952377771040431 0.036905769009454172 -0.0223098195656278 -0.084855765207935863
leaf_weight=173.05617566779256 110.98184755071998 4.3613393716514137 9.1610148176550883 9.3461737409234029 6.885943289846181 24.780819665640593 11.796096269041298 24.540855539962649 2.349542409181594 2.0492401272058487 73.954607268795371 6.9631282202899447 13.149656215682624 2.3874154631048441
leaf_count=1899 1062 45 95 99 59 180 79 286 20 23 765 62 100 26
internal_value=-5.30014e-05 -0.00170172 -0.01633 0.015428 -0.043458 0.000156968 0.0138448 -0.00237676 0.00200115 -0.0267316 0.00295208 0.00751325 -0.00322406 -0.0571374
internal_weight=475.764 263.928 29.7545 13.7075 16.047 234.174 36.5769 197.597 211.835 6.7862 205.049 117.945 87.1043 4.43666
internal_count=4800 2742 298 144 154 2444 259 2185 2058 69 1989 1124 865 49
is_linear=0
shrinkage=0.08


Tree=70
num_leaves=6
num_cat=0
split_feature=4 4 4 4 1
split_gain=0.249328 1.13451 0.499441 0.426888 0.351071
threshold=87.500000000000014 80.500000000000014 74.500000000000014 70.500000000000014 1.0000000180025095e-35
decision_type=2 2 2 2 2
left_child=1 2 3 -1 -4
right_child=-2 -3 4 -5 -6
leaf_value=1.9904415797198421e-05 0.021312294866957893 -0.043526113006510762 -0.0063938333092987045 -0.022471473909855613 0.026641054040980695
leaf_weight=452.45910459198058 3.4697380550205699 3.8385804723948231 2.8408841937780362 5.4660883117467156 7.4794570431113243
leaf_count=4581 29 40 18 71 61
internal_value=-5.43767e-05 -0.000211418 0.000143667 -0.000248567 0.0175475
internal_weight=475.554 472.084 468.246 457.925 10.3203
internal_count=4800 4771 4731 4652 79
is_linear=0
shrinkage=0.08


Tree=71
num_leaves=13
num_cat=0
split_feature=4 4 4 1 4 1 1 0 1 4 1 4
split_gain=0.245147 0.607592 2.07255 0.704404 0.453928 2.98529 1.67775 0.926769 1.18029 0.449607 3.51577 0.428714
threshold=5.5000000000000009 9.5000000000000018 8.5000000000000018 1.5000000000000002 2.5000000000000004 1.5000000000000002 1.0000000180025095e-35 1.0000000180025095e-35 1.0000000180025095e-35 11.500000000000002 1.0000000180025095e-35 12.500000000000002
decision_type=2 2 2 2 2 2 2 2 2 2 2 2
left_child=4 2 3 -2 7 6 -6 -1 -9 10 -3 -11
right_child=1 9 -4 -5 5 -7 -8 8 -10 11 -12 -13
leaf_value=0.040421060359213119 -0.028755510986903179 0.085311521721749009 -0.09787354037173987 0.024296684348902049 0.029532236972152154 0.080776914755461435 -0.068690690071420826 0.027373664413885362 -0.023804218314819169 -0.029706633438630874 -0.020886378948574362 -0.0002172263294327988
leaf_weight=3.0235671028494897 3.0356261916458589 3.1499333009123784 1.8006007038056848 3.3910308703780174 2.2417747341096392 3.3458016440272331 2.2103147991001606 4.1149227581918231 9.6417438797652704 3.1783907599747172 5.4419681690633297 430.9313732534647
leaf_count=29 37 24 27 32 19 26 28 37 97 40 58 4346
internal_value=-5.07152e-05 -0.000474793 -0.022016 -0.000762477 0.00772973 0.0236782 -0.0192322 0.000318358 -0.00849578 -7.44663e-05 0.0180475 -0.000433137
internal_weight=475.507 450.929 8.22726 6.42666 24.5781 7.79789 4.45209 16.7802 13.7567 442.702 8.5919 434.11
internal_count=4800 4564 96 69 236 73 47 163 134 4468 82 4386
is_linear=0
shrinkage=0.08


Tree=72
num_leaves=10
num_cat=0
split_feature=2 4 4 4 4 1 4 4 4
split_gain=0.237286 0.536148 1.11814 0.735169 0.261832 2.12483 1.23841 0.497574 0.334648
threshold=1.5000000000000002 88.500000000000014 82.500000000000014 78.500000000000014 62.500000000000007 1.5000000000000002 59.500000000000007 55.500000000000007 68.500000000000014
decision_type=2 2 2 2 2 2 2 2 2
left_child=1 2 3 -1 6 -6 7 -2 -7
right_child=4 -3 -4 -5 5 8 -8 -9 -10
leaf_value=-0.0012486043296710222 0.001478971925298368 -0.048939478708620837 0.057277619060834561 -0.05207216235640387 0.039641850090538312 -0.00082825088598361524 -0.036451006254795922 0.021541211833458244 -0.030758044708852881
leaf_weight=298.85695929266512 138.91537304222584 1.5101898442953814 2.0815390013158312 1.8327023405581702 8.8405651450157166 5.1602994352579117 5.3812505006790152 8.3897000551223737 4.4550069123506546
leaf_count=4025 570 17 27 24 38 22 22 34 21
internal_value=-5.06704e-05 -0.00139105 -0.00115388 -0.00155837 0.00233244 0.0113327 0.00124454 0.00262161 -0.0146955
internal_weight=475.424 304.281 302.771 300.69 171.142 18.4559 152.686 147.305 9.61531
internal_count=4800 4093 4076 4049 707 81 626 604 43
is_linear=0
shrinkage=0.08


Tree=73
num_leaves=7
num_cat=0
split_feature=4 4 4 4 0 0
split_gain=0.238682 1.03908 0.449505 0.380854 0.354944 0.128898
threshold=87.500000000000014 80.500000000000014 74.500000000000014 64.500000000000014 6.5000000000000009 3.5000000000000004
decision_type=2 2 2 2 2 2
left_child=1 2 3 -1 -4 -3
right_child=-2 5 4 -5 -6 -7
leaf_value=0.00030165147629470496 0.020889063288102919 -0.027726857213465603 0.02558432831545214 -0.010136240614212312 -0.0079012957243070649 -0.057298303719486632
leaf_weight=433.91600272804499 3.4594802241772404 1.9563644547015422 7.5759872756898385 23.588616257533431 2.7654421143233776 1.8218893799930809
leaf_count=4397 29 19 60 255 19 21
internal_value=-4.75752e-05 -0.000201151 0.0001363 -0.000236519 0.0166298 -0.0419863
internal_weight=475.084 471.624 467.846 457.505 10.3414 3.77825
internal_count=4800 4771 4731 4652 79 40
is_linear=0
shrinkage=0.08


Tree=74
num_leaves=15
num_cat=0
split_feature=4 4 4 0 0 4 0 0 0 4 0 2 0 2
split_gain=0.227689 0.836204 0.812859 1.0963 2.70204 1.84284 0.68486 0.658367 1.2102 0.69013 0.636167 2.85071 2.47725 0.333177
threshold=43.500000000000007 42.500000000000007 46.500000000000007 6.5000000000000009 5.5000000000000009 50.500000000000007 5.5000000000000009 3.5000000000000004 7.5000000000000009 41.500000000000007 3.5000000000000004 1.5000000000000002 4.5000000000000009 1.0000000180025095e-35
decision_type=2 2 2 2 2 2 2 2 2 2 2 2 2 2
left_child=1 7 10 4 -4 -5 13 9 -9 -1 11 -2 -12 -3
right_child=2 6 3 5 -6 -7 -8 8 -10 -11 12 -13 -14 -15
leaf_value=0.002661277444502206 -0.0022215086294955981 -0.016941214394296241 0.0011613974840978217 -0.025885804237716938 -0.032881904586508359 0.02005948398963826 -0.00081306795722281913 -0.0080529858823540929 0.0076298086569366657 0.034395300185335216 -0.06426330861891659 0.073501755078892075 0.017801010857288805 -0.057809840626828424
leaf_weight=115.82795854471624 8.1935527957975882 2.0021593123674375 96.832001378759742 6.8332082368433467 17.639491247013211 30.637033488601446 4.4429576732218266 120.07957407087088 42.68564797192812 4.5585312023758879 2.8407906964421299 5.2018634229898444 13.743625804781912 3.5231959410011768
leaf_count=1245 120 14 988 60 172 263 33 1344 303 45 29 21 120 43
internal_value=-4.44677e-05 -0.00142426 0.00217872 -0.000196652 -0.00408451 0.0116807 -0.0241974 -0.00062254 -0.00394013 0.00386291 0.0142174 0.0271842 0.00374399 -0.0430007
internal_weight=475.042 293.12 181.922 151.942 114.471 37.4702 9.96831 283.152 162.765 120.386 29.9798 13.3954 16.5844 5.52536
internal_count=4800 3027 1773 1483 1160 323 90 2937 1647 1290 290 141 149 57
is_linear=0
shrinkage=0.08


Tree=75
num_leaves=12
num_cat=0
split_feature=4 4 4 1 4 1 4 4 0 2 0
split_gain=0.208758 0.523125 1.91814 0.600045 0.383925 2.86063 0.394646 0.382185 0.420208 1.5957 0.573112
threshold=5.5000000000000009 9.5000000000000018 8.5000000000000018 1.5000000000000002 11.500000000000002 1.0000000180025095e-35 19.500000000000004 4.5000000000000009 6.5000000000000009 1.0000000180025095e-35 1.5000000000000002
decision_type=2 2 2 2 2 2 2 2 2 2 2
left_child=7 2 3 -2 5 -3 -6 8 10 -10 -1
right_child=1 4 -4 -5 6 -7 -8 -9 9 -11 -12
leaf_value=0.015854930783880141 -0.026864366355658715 0.075589533563968817 -0.096515391737085565 0.02222101972514318 -0.0085929941124683329 -0.019301648750804846 0.00031144926665063478 0.037358270431804036 -0.029881605696240116 0.051516230700223389 -0.015532918576000001
leaf_weight=6.1057225205004277 2.9802042655646783 3.2723263874649984 1.685983322560787 3.4264561608433723 34.620678164064884 5.3696826696395874 398.71759326756001 2.414233934134244 2.4738986715674391 4.089068315923214 9.5403762646019441
leaf_count=55 37 24 27 32 413 58 3973 21 14 38 108
internal_value=-4.36353e-05 -0.000436041 -0.0205922 -0.000612167 -6.69828e-05 0.0166292 -0.000399953 0.00712889 0.00384281 0.0208335 -0.00328415
internal_weight=474.696 450.073 8.09264 6.40666 441.98 8.64201 433.338 24.6233 22.2091 6.56297 15.6461
internal_count=4800 4564 96 69 4468 82 4386 236 215 52 163
is_linear=0
shrinkage=0.08


Tree=76
num_leaves=14
num_cat=0
split_feature=2 2 4 4 4 0 0 4 4 1 4 4 4
split_gain=0.200169 0.512507 0.872651 1.40077 1.28279 0.370632 1.23365 1.15968 0.232181 1.78303 1.00011 0.426256 0.296108
threshold=1.5000000000000002 1.0000000180025095e-35 66.500000000000014 74.500000000000014 59.500000000000007 2.5000000000000004 1.5000000000000002 17.500000000000004 62.500000000000007 1.5000000000000002 59.500000000000007 55.500000000000007 68.500000000000014
decision_type=2 2 2 2 2 2 2 2 2 2 2 2 2
left_child=1 5 4 -4 -3 6 -1 -7 10 -10 11 -2 -11
right_child=8 2 3 -5 -6 7 -8 -9 9 12 -12 -13 -14
leaf_value=0.0058444876128543157 0.0013026877466426623 -0.0051522404776070362 -0.064872110319639326 0.00072421019530584201 0.025863337026567207 -0.017050981286172055 -0.020960529423172503 0.0077312986117125627 0.036619735267197327 -0.00021790536434585322 -0.032800116061520772 0.01988490702702668 -0.028428600376261461
leaf_weight=30.062927700579166 138.75774557888508 131.13505362905562 3.8872183337807638 4.4900690000504255 9.1285519301891309 13.872348584234713 17.318827249109745 93.779738418757915 8.8082340061664581 5.1562246531248093 5.366196557879447 8.3775144666433317 4.4245971441268921
leaf_count=241 570 2575 102 79 189 108 139 660 38 22 22 34 21
internal_value=-4.27621e-05 -0.00127529 -0.00463173 -0.0297137 -0.0031337 0.00194275 -0.0039532 0.00453778 0.00214745 0.0106393 0.00112348 0.00236071 -0.0132461
internal_weight=474.565 303.675 148.641 8.37729 140.264 155.034 47.3818 107.652 170.891 18.3891 152.501 147.135 9.58082
internal_count=4800 4093 2945 181 2764 1148 380 768 707 81 626 604 43
is_linear=0
shrinkage=0.08


Tree=77
num_leaves=13
num_cat=0
split_feature=4 4 1 4 4 1 0 0 1 2 0 0
split_gain=0.200265 0.433627 0.991683 0.498038 0.36038 0.347813 1.85906 1.04497 1.54914 0.902785 0.278809 0.0377991
threshold=5.5000000000000009 9.5000000000000018 1.5000000000000002 7.5000000000000009 10.500000000000002 1.0000000180025095e-35 6.5000000000000009 4.5000000000000009 1.5000000000000002 1.0000000180025095e-35 3.5000000000000004 2.5000000000000004
decision_type=2 2 2 2 2 2 2 2 2 2 2 2
left_child=5 2 3 -2 -3 6 11 9 -9 -7 -6 -1
right_child=1 4 -4 -5 10 7 -8 8 -10 -11 -12 -13
leaf_value=-0.014372073506379113 -0.014661783543536573 0.02340428939566136 0.010436599523149915 -0.070680127940779283 0.0020429964430978293 0.062084748557930176 0.078746022352993925 -0.075082192305801071 0.0029023791110774776 0.0047509839228033132 -0.0020448918659384664 -3.6321973847350837e-05
leaf_weight=2.4311924092471626 1.8076227363198984 4.1381154283881179 3.8171176258474588 2.318611916154623 185.0654610414058 2.293120428919794 2.4271113649010658 2.3665889129042617 5.2395812980830669 7.5278566889464855 252.42448321171105 2.2820101529359818
leaf_count=22 26 37 41 29 1970 12 15 34 42 86 2461 25
internal_value=-4.22572e-05 -0.000426602 -0.0189523 -0.0461396 -9.33886e-05 0.00699105 0.021862 0.000898087 -0.0213618 0.018138 -0.000315648 -0.00743108
internal_weight=474.139 449.571 7.94335 4.12623 441.628 24.5675 7.14031 17.4271 7.60617 9.82098 437.49 4.7132
internal_count=4800 4564 96 55 4468 236 62 174 76 98 4431 47
is_linear=0
shrinkage=0.08


Tree=78
num_leaves=7
num_cat=0
split_feature=4 4 4 4 0 0
split_gain=0.188812 0.91407 0.352649 0.358899 0.343025 0.117251
threshold=87.500000000000014 80.500000000000014 74.500000000000014 63.500000000000007 2.5000000000000004 3.5000000000000004
decision_type=2 2 2 2 2 2
left_child=1 2 3 -1 -4 -3
right_child=-2 5 4 -5 -6 -7
leaf_value=0.00037458775988015691 0.018496893578368586 -0.026220038445030243 -0.0083421744062443758 -0.0089951120194739706 0.023818381978549574 -0.054794116599139304
leaf_weight=428.54301166161895 3.4905399642884722 1.9234285131096833 2.9653862603008729 27.865020275115967 7.4679010082036257 1.7601132318377493
leaf_count=4348 29 19 28 304 51 21
internal_value=-4.07129e-05 -0.000178232 0.000134978 -0.000197459 0.0146776 -0.0398736
internal_weight=474.015 470.525 466.841 456.408 10.4333 3.68354
internal_count=4800 4771 4731 4652 79 40
is_linear=0
shrinkage=0.08


Tree=79
num_leaves=16
num_cat=0
split_feature=4 4 0 0 0 0 1 2 0 4 4 0 0 4 4
split_gain=0.18768 1.12062 0.908413 2.24357 1.79057 0.694675 2.13963 0.947783 0.684191 0.961297 4.26675 1.4346 0.742973 2.13068 1.01242
threshold=44.500000000000007 46.500000000000007 6.5000000000000009 5.5000000000000009 7.5000000000000009 4.5000000000000009 1.0000000180025095e-35 1.5000000000000002 3.5000000000000004 37.500000000000007 39.500000000000007 7.5000000000000009 2.5000000000000004 22.500000000000004 35.500000000000007
decision_type=2 2 2 2 2 2 2 2 2 2 2 2 2 2 2
left_child=8 5 3 -3 -4 7 -7 -2 12 11 -11 -10 14 -14 -1
right_child=1 2 4 -5 -6 6 -8 -9 9 10 -12 -13 13 -15 -16
leaf_value=-0.0055351746455573978 -0.011139617516398095 0.00093917292930472275 0.030144595296332635 -0.030295561851349861 -0.0050094202935667522 0.091386685452189906 0.0088918991520523811 0.038950209902292136 -0.0062953661486260769 -0.064532348642089302 -0.001527806108426526 0.012268244662071113 -0.017135795339648163 0.028451656788939954 0.012287125819940349
leaf_weight=68.141866907477379 6.9939278513193148 96.800957882776856 16.617325443774462 17.356775030493736 20.981368480250239 3.0118676871061307 6.0622898638248444 3.6948477476835251 97.989457270130515 8.8124982789158803 31.355781085789204 36.592592857778072 9.5699356384575385 20.873099062591791 29.115313902497292
leaf_count=749 96 988 158 172 165 24 54 15 1122 95 283 259 105 205 310
internal_value=-3.80705e-05 0.00207588 -0.000257665 -0.00380982 0.0105274 0.0199948 0.0362733 0.00617521 -0.00123689 -0.00448954 -0.0153503 -0.00124796 0.00321419 0.014121 -0.000199817
internal_weight=473.97 171.519 151.756 114.158 37.5987 19.7629 9.07416 10.6888 302.451 174.75 40.1683 134.582 127.7 30.443 97.2572
internal_count=4800 1672 1483 1160 323 189 78 111 3128 1759 378 1381 1369 310 1059
is_linear=0
shrinkage=0.08


Tree=80
num_leaves=11
num_cat=0
split_feature=2 4 4 4 4 0 4 4 4 0
split_gain=0.184453 0.537527 1.01613 0.646676 0.237732 1.40996 1.82128 1.49917 0.962908 0.563787
threshold=1.5000000000000002 88.500000000000014 82.500000000000014 78.500000000000014 30.500000000000004 6.5000000000000009 20.500000000000004 20.500000000000004 32.500000000000007 6.5000000000000009
decision_type=2 2 2 2 2 2 2 2 2 2
left_child=1 2 3 -1 5 6 -2 -7 -6 -10
right_child=4 -3 -4 -5 8 7 -8 -9 9 -11
leaf_value=-0.0010904102437541744 -0.0042246762356570183 -0.048939780287831268 0.054428521582552687 -0.049809435131750832 -0.028044383826161031 0.012615413005748928 0.027193548901079924 -0.047050206369374521 -0.0010278646589431011 0.01370251485803814
leaf_weight=297.68826978653669 22.614735543727875 1.5035081524401892 2.1029686201363793 1.7539658825844515 7.3664372265338889 4.9637869596481305 24.712011694908142 5.8969699144363403 84.350480765104294 20.712290108203888
leaf_count=4025 96 17 27 24 30 22 101 24 347 87
internal_value=-3.99648e-05 -0.00122451 -0.000986601 -0.00137578 0.00206402 0.00621498 0.0121806 -0.0197807 -8.42985e-05 0.00187611
internal_weight=473.665 303.049 301.545 299.442 170.617 58.1875 47.3267 10.8608 112.429 105.063
internal_count=4800 4093 4076 4049 707 243 197 46 464 434
is_linear=0
shrinkage=0.08


Tree=81
num_leaves=13
num_cat=0
split_feature=4 4 1 4 4 1 4 4 1 1 0 1
split_gain=0.185245 0.361397 0.874972 0.457647 0.333776 2.36299 0.333025 0.304106 2.44852 1.31954 0.695616 0.953254
threshold=5.5000000000000009 9.5000000000000018 1.5000000000000002 7.5000000000000009 11.500000000000002 1.0000000180025095e-35 12.500000000000002 2.5000000000000004 1.5000000000000002 1.0000000180025095e-35 1.0000000180025095e-35 1.0000000180025095e-35
decision_type=2 2 2 2 2 2 2 2 2 2 2 2
left_child=7 2 3 -2 5 -3 -6 10 9 -9 -1 -12
right_child=1 4 -4 -5 6 -7 -8 8 -10 -11 11 -13
leaf_value=0.034724299235023057 -0.013389397423907339 0.067835695341023697 0.0099064510657468751 -0.067807515154107073 -0.026675889180480472 -0.017836849294352187 -0.0002286542101146719 0.022537657453071999 0.069829196833285478 -0.065566294208166606 0.024958488032291261 -0.021246216593492653
leaf_weight=3.1118198558688226 1.7825438324362028 3.368572533130644 3.8281206618994474 2.2219104524701834 3.0689533054828635 5.3057708628475666 429.31958474218845 2.2420829683542243 3.4745714217424393 2.1135414838790894 4.1024293266236773 9.4184922724962217
leaf_count=29 26 24 41 29 40 58 4346 19 26 28 37 97
internal_value=-3.77056e-05 -0.00040715 -0.0174408 -0.0435838 -0.00010466 0.015433 -0.000416368 0.00674161 0.0197416 -0.0202143 0.000621597 -0.00722709
internal_weight=473.358 448.895 7.83257 4.00445 441.063 8.67434 432.389 24.4629 7.8302 4.35562 16.6327 13.5209
internal_count=4800 4564 96 55 4468 82 4386 236 73 47 163 134
is_linear=0
shrinkage=0.08


Tree=82
num_leaves=7
num_cat=0
split_feature=4 4 4 0 4 0
split_gain=0.173386 0.840916 0.303119 0.412438 0.303628 0.10428
threshold=87.500000000000014 80.500000000000014 74.500000000000014 6.5000000000000009 63.500000000000007 3.5000000000000004
decision_type=2 2 2 2 2 2
left_child=1 2 4 -4 -1 -3
right_child=-2 5 3 -5 -6 -7
leaf_value=0.00034616615873731341 0.017720774730635731 -0.025692663619155232 0.023204216204754786 -0.012660366366825229 -0.0082930892365525571 -0.052824036820247548
leaf_weight=427.97564476821572 3.4928935207426539 1.9237559214234345 7.658122990280388 2.8033538963645697 27.722160110250115 1.7148162852972744
leaf_count=4348 29 19 60 19 304 21
internal_value=-3.73038e-05 -0.000169333 0.000129693 0.0135936 -0.000179399 -0.0384794
internal_weight=473.291 469.798 466.159 10.4615 455.698 3.63857
internal_count=4800 4771 4731 79 4652 40
is_linear=0
shrinkage=0.08


Tree=83
num_leaves=16
num_cat=0
split_feature=4 4 4 2 4 0 1 0 0 4 4 0 0 4 4
split_gain=0.172466 0.931239 0.862052 3.42883 1.49006 0.558072 1.72007 0.848351 0.551558 0.844189 3.78814 1.26207 0.626053 1.79246 0.888442
threshold=44.500000000000007 46.500000000000007 47.500000000000007 1.5000000000000002 48.500000000000007 4.5000000000000009 1.0000000180025095e-35 2.5000000000000004 3.5000000000000004 37.500000000000007 39.500000000000007 7.5000000000000009 2.5000000000000004 23.500000000000004 35.500000000000007
decision_type=2 2 2 2 2 2 2 2 2 2 2 2 2 2 2
left_child=8 5 3 -3 -4 7 -7 -2 12 11 -11 -10 14 -14 -1
right_child=1 2 4 -5 -6 6 -8 -9 9 10 -12 -13 13 -15 -16
leaf_value=-0.0053571921732190079 0.022206998698576421 0.0073764111775193545 0.031327602945261039 -0.10380694632962921 -0.00088140068413819061 0.081006917128361916 0.0079442920662702171 -0.025389780549217259 -0.0058370361157044082 -0.061657269616040851 -0.0014802536813675693 0.011570360142770455 -0.01489223608069125 0.026319338997021349 0.011311212983656395
leaf_weight=67.950491767376661 6.9523037411272544 6.1616526134312135 9.8749869316816312 2.4936139434576035 132.98140958510339 3.1204282529652101 6.0810954719781876 3.6574294380843639 97.556376298889518 8.5148318335413915 31.32337012141943 36.677767287939787 10.059117190539839 20.559969589114189 29.285741794854403
leaf_count=749 70 69 86 10 1318 24 54 41 1122 95 283 259 109 201 310
internal_value=-3.49001e-05 0.0019925 -0.000140278 -0.0246559 0.00134506 0.0183035 0.0327213 0.00579925 -0.00118531 -0.00411572 -0.0143422 -0.00108069 0.00280438 0.0127803 -0.000336979
internal_weight=473.251 171.323 151.512 8.65527 142.856 19.8113 9.20152 10.6097 301.928 174.072 39.8382 134.234 127.855 30.6191 97.2362
internal_count=4800 1672 1483 79 1404 189 78 111 3128 1759 378 1381 1369 310 1059
is_linear=0
shrinkage=0.08


Tree=84
num_leaves=10
num_cat=0
split_feature=2 4 4 4 4 1 4 4 4
split_gain=0.197209 0.490627 0.914678 0.560603 0.232641 1.48941 0.805255 0.357776 0.274336
threshold=1.5000000000000002 88.500000000000014 82.500000000000014 78.500000000000014 62.500000000000007 1.5000000000000002 59.500000000000007 55.500000000000007 68.500000000000014
decision_type=2 2 2 2 2 2 2 2 2
left_child=1 2 3 -1 6 -6 7 -2 -7
right_child=4 -3 -4 -5 5 8 -8 -9 -10
leaf_value=-0.0011480951449048251 0.0012566765423628226 -0.047299945180345644 0.051075017511767441 -0.04742900259027364 0.034462151265527582 0.0012920405438458808 -0.029378502695646246 0.018300251154829833 -0.025957390002404598
leaf_weight=297.47726710978895 138.40200644731522 1.47422395646572 2.1404004320502272 1.6845500413328398 8.7649621814489365 5.1403923779726028 5.3471122384071341 8.3586638718843442 4.3787269219756126
leaf_count=4025 570 17 27 24 38 22 22 34 21
internal_value=-3.59189e-05 -0.00126112 -0.00103586 -0.0014087 0.0021412 0.0106672 0.00111633 0.00222738 -0.0112425
internal_weight=473.168 302.776 301.302 299.162 170.392 18.2841 152.108 146.761 9.51912
internal_count=4800 4093 4076 4049 707 81 626 604 43
is_linear=0
shrinkage=0.08


Tree=85
num_leaves=13
num_cat=0
split_feature=4 3 4 1 4 4 1 1 0 4 0 4
split_gain=0.194494 2.11751 1.77436 4.03739 2.00739 0.836926 0.449096 1.31967 1.03451 0.381254 1.86103 0.385659
threshold=15.500000000000002 1.0000000180025095e-35 14.500000000000002 1.0000000180025095e-35 13.500000000000002 19.500000000000004 1.0000000180025095e-35 1.5000000000000002 3.5000000000000004 22.500000000000004 1.5000000000000002 27.500000000000004
decision_type=2 2 2 2 2 2 2 2 2 2 2 2
left_child=1 2 4 -4 -1 6 8 -8 -2 10 -7 -11
right_child=5 -3 3 -5 -6 9 7 -9 -10 11 -12 -13
leaf_value=0.0013485328539694294 0.00078114297299551334 0.08020392959235538 0.12294841016039593 -0.025509032948454913 -0.059699316059266108 0.057931448601166328 0.024791662586792575 -0.029440830416494552 -0.064652146313621012 -0.0077458051966762245 -0.0030132703893200334 0.00048830639768270945
leaf_weight=45.99782816041261 2.8442659154534367 2.2620764914900056 2.3300442546606055 2.3597500026226044 3.7265096530318251 4.2246349304914501 4.6982260569930059 7.3860186636447906 3.3888292387127876 40.775885827839375 13.308944782242177 339.54038881324232
leaf_count=480 28 26 15 28 49 47 72 91 38 446 161 3319
internal_value=-3.38089e-05 0.0043628 0.00120998 0.0482495 -0.0032266 -0.000632567 -0.0173522 -0.00835581 -0.0347938 0.000137221 0.0116711 -0.00039452
internal_weight=472.843 56.6762 54.4141 4.68979 49.7243 416.167 18.3173 12.0842 6.2331 397.85 17.5336 380.316
internal_count=4800 598 572 43 529 4202 229 163 66 3973 208 3765
is_linear=0
shrinkage=0.08


Tree=86
num_leaves=13
num_cat=0
split_feature=2 4 0 2 4 4 4 0 4 4 4 0
split_gain=0.180585 0.432066 1.89907 1.18194 0.676766 0.432949 0.249937 1.22692 1.45374 1.30756 0.827548 0.489651
threshold=1.5000000000000002 1.0000000180025095e-35 1.0000000180025095e-35 1.0000000180025095e-35 2.5000000000000004 3.5000000000000004 30.500000000000004 6.5000000000000009 20.500000000000004 20.500000000000004 32.500000000000007 6.5000000000000009
decision_type=2 2 2 2 2 2 2 2 2 2 2 2
left_child=1 2 -1 -4 -3 -6 7 8 -2 -9 -8 -12
right_child=6 4 3 -5 5 -7 10 9 -10 -11 11 -13
leaf_value=0.091204392849258034 -0.0028172250568411013 -0.039119061715818526 0.037107274449984122 -0.031490854657384409 0.031794177921293645 -0.0016113510297790343 -0.0261193281047386 0.012316007430020546 0.025291566465035539 -0.043499918090350115 -0.0010442091686655379 0.012701052488349003
leaf_weight=1.7360214442014674 22.518013060092926 3.064042141661047 2.761859342455864 3.8459892086684704 2.5045626312494269 288.63332559075207 7.3425527215003958 4.9485436230897886 24.683680281043053 5.8752595335245132 84.243276782333851 20.653133273124695
leaf_count=18 96 40 18 65 24 3928 30 22 101 24 347 87
internal_value=-3.55897e-05 -0.00120847 0.0167434 -0.00281913 -0.0017176 -0.00132397 0.00204852 0.00631143 0.011882 -0.0179814 -0.000155326 0.00166211
internal_weight=472.81 302.546 8.34387 6.60785 294.202 291.138 170.264 58.0255 47.2017 10.8238 112.239 104.896
internal_count=4800 4093 101 83 3992 3952 707 243 197 46 464 434
is_linear=0
shrinkage=0.08


Tree=87
num_leaves=7
num_cat=0
split_feature=4 4 4 1 4 4
split_gain=0.168288 0.773326 0.277401 0.378183 0.286731 0.146152
threshold=87.500000000000014 80.500000000000014 74.500000000000014 1.0000000180025095e-35 64.500000000000014 83.500000000000014
decision_type=2 2 2 2 2 2
left_child=1 2 4 -4 -1 -3
right_child=-2 5 3 -5 -6 -7
leaf_value=0.00028846251846103579 0.017499351367928184 -0.05331150241452208 -0.011653503812331718 0.022375819284490808 -0.008863203008698254 -0.020998550078715858
leaf_weight=431.83134422171861 3.4774764273315659 1.7951924055814736 2.8855022341012937 7.5828214976936579 23.081767467781901 1.7881953120231626
leaf_count=4397 29 22 18 61 255 18
internal_value=-3.46411e-05 -0.00016466 0.000120405 0.0129959 -0.000175882 -0.0371866
internal_weight=472.442 468.965 465.381 10.4683 454.913 3.58339
internal_count=4800 4771 4731 79 4652 40
is_linear=0
shrinkage=0.08


Tree=88
num_leaves=9
num_cat=0
split_feature=2 4 4 4 3 4 4 4
split_gain=0.154674 0.451572 0.812907 0.496186 0.236999 0.41279 1.20432 0.724267
threshold=1.5000000000000002 88.500000000000014 82.500000000000014 63.500000000000007 1.0000000180025095e-35 24.500000000000004 20.500000000000004 26.500000000000004
decision_type=2 2 2 2 2 2 2 2
left_child=1 2 3 -1 5 6 -2 -7
right_child=4 -3 -4 -5 -6 7 -8 -9
leaf_value=-0.00028204016474554192 0.0011715736715406171 -0.045711444798204111 0.047803378264370013 -0.012141006657286941 -0.013884903161885176 -0.026488117748875193 0.03412340027096452 0.0016798575768165569
leaf_weight=273.98465869110078 26.46798337996006 1.4464226961135853 2.1770660486072293 24.608470007777214 5.879731982946395 6.1359050124883643 9.6998364478349668 121.99879869818687
leaf_count=3716 113 17 27 333 26 25 40 503
internal_value=-3.24305e-05 -0.00111871 -0.000904262 -0.00125939 0.00189663 0.00246139 0.0100089 0.000330996
internal_weight=472.399 302.217 300.77 298.593 170.182 164.303 36.1678 128.135
internal_count=4800 4093 4076 4049 707 681 153 528
is_linear=0
shrinkage=0.08


Tree=89
num_leaves=15
num_cat=0
split_feature=4 4 4 2 4 2 0 4 4 4 2 4 1 0
split_gain=0.16161 0.768428 0.734672 2.93052 1.23212 0.517104 0.741049 0.456121 2.39317 1.72589 1.55469 1.28298 2.64181 0.717736
threshold=44.500000000000007 46.500000000000007 47.500000000000007 1.5000000000000002 48.500000000000007 1.5000000000000002 4.5000000000000009 32.500000000000007 33.500000000000007 34.500000000000007 1.5000000000000002 31.500000000000004 1.0000000180025095e-35 1.0000000180025095e-35
decision_type=2 2 2 2 2 2 2 2 2 2 2 2 2 2
left_child=7 5 3 -3 -4 6 -2 11 10 -10 -9 13 -13 -1
right_child=1 2 4 -5 -6 -7 -8 8 9 -11 -12 12 -14 -15
leaf_value=0.013512273444983507 -0.010395839596089808 0.0069428300081170145 0.028455096185776095 -0.095712870522147747 -0.00068004953829566982 0.035481659905152528 0.027050800827507684 -0.078004436595428897 0.030023150327233565 -0.0050419006283305848 -0.01025179503816199 0.076007106836344901 -0.0014619695981882572 -0.0023563433933084217
leaf_weight=20.727852318435907 6.9395499192178267 6.1828977018594724 9.9905277006328088 2.4991141855716705 132.41417431086302 6.3794973939657202 6.5979298017919064 4.5143081769347173 9.8953398950397951 97.487022440880537 4.1695945411920547 4.394748639315365 7.848532646894455 152.09054779075086
leaf_count=222 96 69 86 10 1318 26 67 58 90 990 17 34 74 1643
internal_value=-3.0494e-05 0.00193361 -1.34847e-05 -0.0226066 0.00136395 0.0167039 0.007855 -0.00114586 -0.00507738 -0.00181064 -0.0454729 0.00131989 0.0263457 -0.00045306
internal_weight=472.132 171.004 151.087 8.68201 142.405 19.917 13.5375 301.128 116.066 107.382 8.6839 185.062 12.2433 172.818
internal_count=4800 1672 1483 79 1404 189 163 3128 1155 1080 75 1973 108 1865
is_linear=0
shrinkage=0.08


Tree=90
num_leaves=7
num_cat=0
split_feature=4 4 4 0 4 4
split_gain=0.157384 0.723998 0.266168 0.373113 0.225401 0.126524
threshold=87.500000000000014 80.500000000000014 74.500000000000014 6.5000000000000009 70.500000000000014 83.500000000000014
decision_type=2 2 2 2 2 2
left_child=1 2 4 -4 -1 -3
right_child=-2 5 3 -5 -6 -7
leaf_value=1.76178905197428e-05 0.016930156418617146 -0.051468257712708243 0.021823909209459331 -0.012368903611609462 -0.016819287870657566 -0.021262688943777645
leaf_weight=449.32082618772984 3.4752481095492831 1.7493934649974101 7.6814416311681253 2.7822242099791765 5.1470514945685855 1.8014421034604309
leaf_count=4581 29 22 60 19 71 18
internal_value=-3.16403e-05 -0.000157465 0.000117377 0.0127323 -0.000173068 -0.0361441
internal_weight=471.958 468.482 464.932 10.4637 454.468 3.55084
internal_count=4800 4771 4731 79 4652 40
is_linear=0
shrinkage=0.08


Tree=91
num_leaves=13
num_cat=0
split_feature=4 3 4 1 4 4 1 1 0 4 0 4
split_gain=0.153286 1.74005 1.49391 3.20747 1.74513 0.707476 0.392321 1.13265 0.922629 0.329336 3.88782 0.558262
threshold=15.500000000000002 1.0000000180025095e-35 14.500000000000002 1.0000000180025095e-35 13.500000000000002 19.500000000000004 1.0000000180025095e-35 1.5000000000000002 3.5000000000000004 20.500000000000004 5.5000000000000009 21.500000000000004
decision_type=2 2 2 2 2 2 2 2 2 2 2 2
left_child=1 2 4 -4 -1 6 8 -8 -2 10 -7 -11
right_child=5 -3 3 -5 -6 9 7 -9 -10 11 -12 -13
leaf_value=0.0010245218828591309 0.00082945281567745575 0.070933045147725013 0.10758434454168656 -0.023798012153758399 -0.056913715617709928 -0.027962041829373598 0.022736974314450542 -0.027467042853333297 -0.061453051740441557 -0.02653152671797598 0.12039564417273042 0.00022435042113054497
leaf_weight=46.041418434120715 2.8445213213562992 2.3726122193038455 2.4477359503507605 2.313022755086422 3.5863475985825053 3.4799132850021115 4.7563659455627185 7.2751774415373802 3.274547478184104 5.0561502017080775 1.6744526848196981 386.79555457271636
leaf_count=480 28 26 15 28 49 49 72 91 38 65 20 3839
internal_value=-2.96337e-05 0.00386968 0.000944148 0.043752 -0.00316238 -0.000562756 -0.0160079 -0.00762016 -0.0325003 0.000143377 0.0202336 -0.000120887
internal_weight=471.918 56.7611 54.3885 4.76076 49.6278 415.157 18.1506 12.0315 6.11907 397.006 5.15437 391.852
internal_count=4800 598 572 43 529 4202 229 163 66 3973 69 3904
is_linear=0
shrinkage=0.08


Tree=92
num_leaves=12
num_cat=0
split_feature=2 2 4 4 4 0 4 4 4 4 4
split_gain=0.138071 0.423427 0.787356 2.06941 1.6942 0.403114 1.10547 1.02035 0.234416 0.374385 0.588031
threshold=1.5000000000000002 1.0000000180025095e-35 12.500000000000002 31.500000000000004 9.5000000000000018 2.5000000000000004 17.500000000000004 31.500000000000004 69.500000000000014 64.500000000000014 61.500000000000007
decision_type=2 2 2 2 2 2 2 2 2 2 2
left_child=1 5 4 -4 -3 7 -7 -1 9 10 -2
right_child=8 2 3 -5 -6 6 -8 -9 -10 -11 -12
leaf_value=0.010365510202867799 0.00097474082935225656 -0.0023584836543955744 -0.022199269876657303 0.0001333697547062038 0.05522943981612323 -0.016725055452040786 0.0076838525230330185 -0.013690925850684238 0.014881995804600106 -0.017037704214619757 0.027291462856419986
leaf_weight=18.538165755569935 149.11334875226021 13.409035827033223 37.277638677507639 92.318794468417764 4.3237658552825442 13.60195519030094 93.527115270495415 28.837225403636694 8.3264617845416051 6.9565408676862708 5.6394732892513266
leaf_count=143 615 229 873 1770 73 108 660 237 39 30 23
internal_value=-3.15725e-05 -0.00105868 -0.00412715 -0.00629048 0.0116831 0.00186729 0.0045847 -0.00427755 0.00179166 0.00111764 0.00193377
internal_weight=471.87 301.834 147.329 129.596 17.7328 154.504 107.129 47.3754 170.036 161.709 154.753
internal_count=4800 4093 2945 2643 302 1148 768 380 707 668 638
is_linear=0
shrinkage=0.08


Tree=93
num_leaves=10
num_cat=0
split_feature=4 1 4 4 0 4 0 1 0
split_gain=0.133848 1.68168 0.397322 0.630852 0.32405 0.264145 0.179759 1.85796 0.0387804
threshold=1.0000000180025095e-35 1.5000000000000002 2.5000000000000004 3.5000000000000004 4.5000000000000009 4.5000000000000009 1.5000000000000002 1.0000000180025095e-35 4.5000000000000009
decision_type=2 2 2 2 2 2 2 2 2
left_child=1 6 8 -4 -3 -5 -1 -8 -2
right_child=2 4 3 5 -6 -7 7 -9 -10
leaf_value=0.053370040904371967 -0.017580796252336394 -0.042630667107008857 0.034113890693036747 -0.029096220309711211 -0.0050965246637981743 -0.00016714576070214014 0.069065194618337281 -0.035129832074068862 -0.033451184930587761
leaf_weight=2.2965517342090589 1.9633318446576589 2.8455230183899403 3.4356109481304875 2.0291280243545762 3.0500000566244125 449.42680198606104 2.6424344182014465 1.8706437349319456 1.9783697593957184
leaf_count=21 24 29 28 24 21 4585 24 24 20
internal_value=-3.21341e-05 0.00806767 -0.000256419 -3.72785e-05 -0.0232127 -0.000297171 0.035149 0.025877 -0.0255463
internal_weight=471.538 12.7052 458.833 454.892 5.89552 451.456 6.80963 4.51308 3.9417
internal_count=4800 119 4681 4637 50 4609 69 48 44
is_linear=0
shrinkage=0.08


Tree=94
num_leaves=7
num_cat=0
split_feature=4 4 4 0 4 0
split_gain=0.121369 0.644055 0.205621 0.334571 0.206736 0.0921686
threshold=87.500000000000014 80.500000000000014 74.500000000000014 3.5000000000000004 70.500000000000014 3.5000000000000004
decision_type=2 2 2 2 2 2
left_child=1 2 4 -4 -1 -3
right_child=-2 5 3 -5 -6 -7
leaf_value=4.0782927878760605e-05 0.014798970730755248 -0.022337818682806283 -0.005733645339319182 0.023216946571032571 -0.016145629595701518 -0.048456747666953313
leaf_weight=448.86714464612305 3.5056973826140156 1.8655947763472789 4.3744639754295331 6.141588281840086 5.1075154393911353 1.6116471299901602
leaf_count=4581 29 19 39 40 71 21
internal_value=-3.08361e-05 -0.000141931 0.000114856 0.0111741 -0.000141325 -0.0344435
internal_weight=471.474 467.968 464.491 10.5161 453.975 3.47724
internal_count=4800 4771 4731 79 4652 40
is_linear=0
shrinkage=0.08


Tree=95
num_leaves=12
num_cat=0
split_feature=4 3 4 1 4 4 2 0 4 0 4
split_gain=0.120629 1.36993 1.30276 2.57329 1.5001 0.584845 0.376092 1.06464 0.281722 3.13007 0.474424
threshold=15.500000000000002 1.0000000180025095e-35 14.500000000000002 1.0000000180025095e-35 13.500000000000002 19.500000000000004 1.5000000000000002 2.5000000000000004 20.500000000000004 5.5000000000000009 21.500000000000004
decision_type=2 2 2 2 2 2 2 2 2 2 2
left_child=1 2 4 -4 -1 6 7 -2 9 -7 -10
right_child=5 -3 3 -5 -6 8 -8 -9 10 -11 -12
leaf_value=0.00071022051572694467 -0.062573183616118716 0.061380684786181583 0.095691559194283488 -0.021689346210647584 -0.054089507075292469 -0.025905244085196261 -0.0018824732429224666 -0.0066288736134116908 -0.024633653956818709 0.10543065966945048 0.00020751862260119807
leaf_weight=46.100751830264926 3.2546661086380482 2.4958729539066544 2.545124437659978 2.2537410967051983 3.4352213237434617 3.4217110332101575 8.1152771264314651 6.5753076747059822 4.9838761799037448 1.7580651324242351 386.48609671555459
leaf_count=480 69 26 15 28 49 49 35 125 65 20 3839
internal_value=-2.88007e-05 0.00342764 0.000765568 0.0405647 -0.00309003 -0.000502594 -0.0146289 -0.0251518 0.000136508 0.0186714 -0.000108739
internal_weight=471.426 56.8307 54.3348 4.79887 49.536 414.595 17.9453 9.82997 396.65 5.17978 391.47
internal_count=4800 598 572 43 529 4202 229 194 3973 69 3904
is_linear=0
shrinkage=0.08


Tree=96
num_leaves=15
num_cat=0
split_feature=2 2 4 4 4 4 4 4 4 0 4 4 4 0
split_gain=0.11944 0.364269 0.714034 1.18824 1.16652 0.331363 1.83746 1.17579 0.227665 1.09187 1.16707 1.06129 0.780426 0.392624
threshold=1.5000000000000002 1.0000000180025095e-35 66.500000000000014 74.500000000000014 59.500000000000007 34.500000000000007 40.500000000000007 30.500000000000004 30.500000000000004 6.5000000000000009 20.500000000000004 20.500000000000004 32.500000000000007 6.5000000000000009
decision_type=2 2 2 2 2 2 2 2 2 2 2 2 2 2
left_child=1 5 4 -4 -3 7 -7 -1 9 10 -2 -11 -10 -14
right_child=8 2 3 -5 -6 6 -8 -9 12 11 -12 -13 13 -15
leaf_value=0.0010010644456335017 -0.002199811201736956 -0.0044549441946843795 -0.062095357948654381 3.6622569777233176e-05 0.025023648414005478 -0.023307692281959305 0.004589592526869136 0.028832021190876623 -0.025663494463253247 0.010104200808874126 0.023017937422894961 -0.04025130107370261 -0.0010989094548861072 0.011210715440529921
leaf_weight=53.609178900718689 22.437582537531853 129.56386279687285 3.4940254017710668 4.5162079464644194 9.201396528631447 19.287419781088829 69.770173210650682 11.865508422255514 7.3358068615198126 4.9381364136934263 24.647368401288986 5.8543156832456589 84.109652929008007 20.65564301609993
leaf_count=411 96 2575 102 79 189 167 483 87 30 22 101 24 347 87
internal_value=-3.01344e-05 -0.0009867 -0.00384086 -0.027065 -0.00250025 0.0017242 -0.00145219 0.00604467 0.0016655 0.00574015 0.0110008 -0.0172109 -0.000438237 0.00132807
internal_weight=471.286 301.308 146.775 8.01023 138.765 154.532 89.0576 65.4747 169.979 57.8774 47.085 10.7925 112.101 104.765
internal_count=4800 4093 2945 181 2764 1148 650 498 707 243 197 46 464 434
is_linear=0
shrinkage=0.08


Tree=97
num_leaves=11
num_cat=0
split_feature=4 4 1 4 4 0 0 2 4 0
split_gain=0.112421 0.327926 0.744945 0.42075 0.299233 0.450592 1.26118 1.19587 0.253031 0.173284
threshold=5.5000000000000009 9.5000000000000018 1.5000000000000002 7.5000000000000009 4.5000000000000009 3.5000000000000004 1.5000000000000002 1.0000000180025095e-35 10.500000000000002 5.5000000000000009
decision_type=2 2 2 2 2 2 2 2 2 2
left_child=4 2 3 -2 5 6 -1 -7 -3 -10
right_child=1 8 -4 -5 -6 7 -8 -9 9 -11
leaf_value=0.0090585711903882725 -0.012268941273437133 0.019459789102532987 0.0082564798912850498 -0.065124656740721557 0.03184205483236674 -0.022687476912259839 -0.054053038755339705 0.029325304650509282 0.00098702923750875089 -0.0023340737515160914
leaf_weight=6.3596505336463505 1.7536599840968841 4.2213136777281752 3.8652628641575575 2.1402099439874291 2.4376305826008311 4.2327691689133635 2.9741590954363346 8.5308066718280298 276.31532401312143 158.06717046629637
leaf_count=55 26 37 41 29 21 27 40 93 2974 1457
internal_value=-3.0669e-05 -0.00032047 -0.0166233 -0.0413203 0.00524164 0.00230727 -0.0110515 0.0120764 -3.20637e-05 -0.000221485
internal_weight=470.898 446.363 7.75913 3.89387 24.535 22.0974 9.33381 12.7636 438.604 434.382
internal_count=4800 4564 96 55 236 215 95 120 4468 4431
is_linear=0
shrinkage=0.08


Tree=98
num_leaves=10
num_cat=0
split_feature=4 1 4 4 0 4 0 0 0
split_gain=0.105384 1.38776 0.367506 0.514455 0.24986 0.22956 0.139236 0.346431 0.0374486
threshold=1.0000000180025095e-35 1.5000000000000002 2.5000000000000004 3.5000000000000004 4.5000000000000009 4.5000000000000009 1.5000000000000002 4.5000000000000009 4.5000000000000009
decision_type=2 2 2 2 2 2 2 2 2
left_child=1 6 8 -4 -3 -5 -1 -8 -2
right_child=2 4 3 5 -6 -7 7 -9 -10
leaf_value=0.047121339661050012 -0.016829252411551882 -0.039095685225186513 0.030701723474620364 -0.027347996174955102 -0.0058599080525430728 -0.00013481640779114767 -0.0012581931551284213 0.043134012032097165 -0.03251284495785689
leaf_weight=2.3642429038882238 1.9440410397946828 2.7637330107390881 3.4620771650224915 1.9926962330937374 3.0400327816605568 448.76456787344068 2.0432038120925426 2.503771785646677 1.953463666141033
leaf_count=21 24 29 28 24 21 4585 22 26 20
internal_value=-2.9662e-05 0.00715447 -0.000229057 -1.91655e-05 -0.0216867 -0.00025512 0.0313741 0.0231862 -0.02469
internal_weight=470.832 12.715 458.117 454.219 5.80377 450.757 6.91122 4.54698 3.8975
internal_count=4800 119 4681 4637 50 4609 69 48 44
is_linear=0
shrinkage=0.08


Tree=99
num_leaves=15
num_cat=0
split_feature=4 4 0 0 1 2 1 0 4 4 0 0 4 4
split_gain=0.105774 0.65829 0.666981 1.86506 1.75099 0.436533 0.726457 0.410285 0.735318 3.33153 1.14155 0.588404 1.42643 0.952991
threshold=44.500000000000007 46.500000000000007 6.5000000000000009 5.5000000000000009 1.5000000000000002 1.5000000000000002 1.0000000180025095e-35 3.5000000000000004 37.500000000000007 39.500000000000007 7.5000000000000009 2.5000000000000004 23.500000000000004 35.500000000000007
decision_type=2 2 2 2 2 2 2 2 2 2 2 2 2 2
left_child=7 5 3 -3 -4 6 -2 11 10 -10 -9 13 -13 -1
right_child=1 2 4 -5 -6 -7 -8 8 9 -11 -12 12 -14 -15
leaf_value=-0.0057544019162179393 0.028102920798465793 0.0010079063232434845 0.020678085387891378 -0.027698121304801499 -0.016556877099341904 0.03252750244517659 -0.0091892281840621516 -0.0051908595574846009 -0.058551675323950815 -0.0011731306398946159 0.011427001631838197 -0.012809970660893427 0.024145103527165045 0.011546035579202356
leaf_weight=67.674775453284383 5.9431757628917712 96.545442670583725 25.771654875017703 17.042198406532407 11.776162663474677 6.3551757335662833 7.6417996138334274 96.496530196629465 8.1722492650151235 31.20638919994235 36.449284898117185 9.8813813794404286 20.663197550922632 29.157278534024954
leaf_count=749 59 988 192 172 131 26 104 1122 95 283 259 109 201 310
internal_value=-2.80892e-05 0.00155908 -0.000243464 -0.00329902 0.00900004 0.0152214 0.0071254 -0.000934077 -0.00347891 -0.0130809 -0.000634799 0.00250876 0.0121899 -0.000545035
internal_weight=470.777 171.076 151.135 113.588 37.5478 19.9402 13.585 299.701 172.324 39.3786 132.946 127.377 30.5446 96.8321
internal_count=4800 1672 1483 1160 323 189 163 3128 1759 378 1381 1369 310 1059
is_linear=0
shrinkage=0.08


Tree=100
num_leaves=13
num_cat=0
split_feature=4 3 0 1 4 4 1 0 0 4 0 4
split_gain=0.114966 1.13485 1.15816 1.91768 1.60447 0.472598 0.354971 1.08283 0.879346 0.29274 1.6635 0.357719
threshold=15.500000000000002 1.0000000180025095e-35 1.5000000000000002 1.0000000180025095e-35 9.5000000000000018 19.500000000000004 1.0000000180025095e-35 6.5000000000000009 3.5000000000000004 22.500000000000004 1.5000000000000002 27.500000000000004
decision_type=2 2 2 2 2 2 2 2 2 2 2 2
left_child=1 2 4 -4 -1 6 8 -8 -2 10 -7 -11
right_child=5 -3 3 -5 -6 9 7 -9 -10 11 -12 -13
leaf_value=-0.00059836922831981636 0.0035591963715671348 0.055181705953837201 0.015997954100431921 -0.020222030798900687 0.054155933833681696 0.053902347028618403 -0.017111211376507944 0.044352335415751717 -0.05824651744143907 -0.0075045297538835964 -0.003763342464902686 0.00046243165381424088
leaf_weight=9.0296884924173337 2.7735687047243145 2.5804948695003977 15.240484660491346 24.227082413621247 5.5183139964938155 4.2260679379105595 9.5088702458888275 2.2729517463594666 3.1425250321626663 40.373697986826301 13.207084922119973 338.31071073003113
leaf_count=83 28 26 129 300 60 47 124 39 38 446 161 3319
internal_value=-2.92863e-05 0.0033525 0.000876453 -0.00623561 0.0201709 -0.000491801 -0.0132822 -0.00525365 -0.0292709 7.96535e-05 0.0102157 -0.000386971
internal_weight=470.412 56.5961 54.0156 39.4676 14.548 413.815 17.6979 11.7818 5.91609 396.118 17.4332 378.684
internal_count=4800 598 572 429 143 4202 229 163 66 3973 208 3765
is_linear=0
shrinkage=0.08


Tree=101
num_leaves=10
num_cat=0
split_feature=4 4 1 2 4 2 0 4 2
split_gain=0.116779 1.93325 0.352257 2.26395 3.64783 1.91742 2.01717 0.210295 0.123713
threshold=8.5000000000000018 9.5000000000000018 1.5000000000000002 1.5000000000000002 1.0000000180025095e-35 1.5000000000000002 3.5000000000000004 10.500000000000002 1.5000000000000002
decision_type=2 2 2 2 2 2 2 2 2
left_child=2 -2 3 4 -1 6 -4 -3 -9
right_child=1 7 5 -5 -6 -7 -8 8 -10
leaf_value=0.027727497329376207 -0.093014540916694421 0.017633201501597414 -0.010209607183207924 0.039515210479307672 -0.064892650341212013 -0.035630220282320754 0.060782335666883645 -0.0012631020173295249 0.0015373575909741026
leaf_weight=4.8776931613683718 1.436613812111317 4.2579397223889819 4.3790662363171595 5.337598204612731 6.1563477329909801 3.6974236220121375 6.1717765331268311 274.37544854637235 159.72933612763882
leaf_count=60 27 37 48 23 95 16 63 3767 664
internal_value=-3.01873e-05 -0.000362774 0.00474682 -0.00325802 -0.0239491 0.0139446 0.0313175 -5.91336e-05 -0.00023267
internal_weight=470.419 439.799 30.6199 16.3716 11.034 14.2483 10.5508 438.363 434.105
internal_count=4800 4495 305 178 155 127 111 4468 4431
is_linear=0
shrinkage=0.08


Tree=102
num_leaves=12
num_cat=0
split_feature=2 4 4 4 0 4 4 4 0 4 4
split_gain=0.106998 0.518071 0.50932 0.462807 0.359491 0.962707 2.35573 1.91814 0.94853 0.936733 0.821768
threshold=1.0000000180025095e-35 84.500000000000014 79.500000000000014 13.500000000000002 2.5000000000000004 17.500000000000004 20.500000000000004 10.500000000000002 1.5000000000000002 52.500000000000007 41.500000000000007
decision_type=2 2 2 2 2 2 2 2 2 2 2
left_child=4 2 3 -2 8 7 -7 -6 10 -10 -1
right_child=1 -3 -4 -5 5 6 -8 -9 9 -11 -12
leaf_value=-0.0060932977599642089 0.0080616873508223136 -0.035936820811155248 0.038650072285828452 -0.0019108773479505781 0.0094902221829956442 0.073068800399419445 0.0046833008519158023 -0.052105984862111168 -0.0087762320448903884 -0.052961676245982005 0.020970727247753122
leaf_weight=18.581028379499916 33.360950848087668 2.6743328571319571 2.1042366567999116 277.68389940075576 7.8716666698455793 3.3430698588490477 90.419691830873489 5.4937543496489525 12.937705360352995 4.026325896382331 11.702601630240677
leaf_count=149 392 28 28 3204 53 31 629 55 103 36 92
internal_value=-3.16085e-05 -0.000875339 -0.000575909 -0.000841275 0.0016945 0.00425829 0.00712156 -0.0158284 -0.00411857 -0.0192634 0.00436514
internal_weight=470.199 315.823 313.149 311.045 154.376 107.128 93.7628 13.3654 47.2477 16.964 30.2836
internal_count=4800 3652 3624 3596 1148 768 660 108 380 139 241
is_linear=0
shrinkage=0.08


Tree=103
num_leaves=7
num_cat=0
split_feature=4 4 1 0 0 4
split_gain=0.12259 0.579957 0.183054 1.84595 0.982495 0.122056
threshold=87.500000000000014 80.500000000000014 1.5000000000000002 4.5000000000000009 4.5000000000000009 83.500000000000014
decision_type=2 2 2 2 2 2
left_child=1 2 4 -4 -1 -3
right_child=-2 5 3 -5 -6 -7
leaf_value=-0.005691921805436294 0.014878351743805729 -0.048435147850067112 0.0091569574499254843 -0.007344931858605964 0.0036913543093671313 -0.018192943188690257
leaf_weight=147.69092042557895 3.5024667829275122 1.6709204735234373 101.69188831374049 75.664490472525358 138.2861688034609 1.7471973616629837
leaf_count=1599 29 22 1062 839 1231 18
internal_value=-3.26444e-05 -0.000144535 9.76745e-05 0.00211686 -0.00115457 -0.0329766
internal_weight=470.254 466.752 463.333 177.356 285.977 3.41812
internal_count=4800 4771 4731 1901 2830 40
is_linear=0
shrinkage=0.08


Tree=104
num_leaves=6
num_cat=0
split_feature=4 4 4 0 4
split_gain=0.103101 0.502422 0.16523 0.359583 0.16686
threshold=87.500000000000014 80.500000000000014 74.500000000000014 6.5000000000000009 63.500000000000007
decision_type=2 2 2 2 2
left_child=1 2 4 -4 -1
right_child=-2 -3 3 -5 -6
leaf_value=0.00024571979129384944 0.013601661649940935 -0.031017616260271084 0.018849732705819609 -0.014620577388928182 -0.0062328381985201622
leaf_weight=425.61869623977691 3.5237873382866374 3.3470851816236964 7.7568302266299707 2.7943169288337231 27.061112515628338
leaf_count=4348 29 40 60 19 304
internal_value=-3.10873e-05 -0.000134047 8.91025e-05 0.00998561 -0.000141567
internal_weight=470.102 466.578 463.231 10.5511 452.68
internal_count=4800 4771 4731 79 4652
is_linear=0
shrinkage=0.08


Tree=105
num_leaves=9
num_cat=0
split_feature=2 4 4 4 3 4 4 4
split_gain=0.10274 0.477134 0.905425 0.466236 0.247355 0.36963 1.02847 0.658
threshold=1.5000000000000002 88.500000000000014 82.500000000000014 78.500000000000014 1.0000000180025095e-35 24.500000000000004 20.500000000000004 48.500000000000007
decision_type=2 2 2 2 2 2 2 2
left_child=1 2 3 -1 5 6 -2 -7
right_child=4 -3 -4 -5 -6 7 -8 -9
leaf_value=-0.00083448480450988257 0.0010926625874850594 -0.046698773068595288 0.051554764946308583 -0.044412541688896898 -0.014598261629158565 -0.0043176034362944647 0.031627220257364835 0.0075558254256430689
leaf_weight=295.35110113397241 26.296535357832909 1.4499168302863825 2.1075826548039904 1.5796726150438178 5.8642384558916083 80.151969134807587 9.6506494134664518 47.617514714598656
leaf_count=4025 113 17 27 24 26 327 40 201
internal_value=-2.89377e-05 -0.000917429 -0.000695454 -0.00106632 0.00154542 0.00212368 0.0092902 0.000107422
internal_weight=470.069 300.488 299.038 296.931 169.581 163.717 35.9472 127.769
internal_count=4800 4093 4076 4049 707 681 153 528
is_linear=0
shrinkage=0.08


Tree=106
num_leaves=15
num_cat=0
split_feature=4 0 4 0 0 4 4 1 0 4 0 1 0 2
split_gain=0.100394 1.62143 2.26793 1.63669 1.63202 1.10428 1.09619 1.08719 1.99889 1.00282 0.513925 1.34891 1.03014 0.280502
threshold=54.500000000000007 3.5000000000000004 55.500000000000007 7.5000000000000009 6.5000000000000009 62.500000000000007 52.500000000000007 1.0000000180025095e-35 1.5000000000000002 57.500000000000007 3.5000000000000004 1.0000000180025095e-35 2.5000000000000004 1.5000000000000002
decision_type=2 2 2 2 2 2 2 2 2 2 2 2 2 2
left_child=6 2 -2 4 -3 -4 10 13 -9 -5 12 -12 -1 -8
right_child=1 3 5 9 -6 -7 7 8 -10 -11 11 -13 -14 -15
leaf_value=-0.00051697000455237221 -0.085411394154238054 0.0046900857063786145 0.0078573708088918569 -0.058895414590699711 0.041303124488946991 -0.022198694337563839 -0.018311704724959531 0.11570041784179873 0.020850774120876929 -0.0061473722673383623 0.0056417993722539216 -0.0078023558155339203 0.014659407876433455 0.01575936060523361
leaf_weight=120.88356799259782 2.7599699310958377 29.246709138154984 13.271622780710457 2.9802123829722396 10.621397607028483 19.057462373748422 3.7536115534603587 1.7476728707551936 7.6306856386363506 10.20676347799599 74.527477335184813 133.00198048166931 37.505661921575665 2.6300536394119263
leaf_count=1291 32 290 142 25 106 223 39 21 78 77 631 1449 385 11
internal_value=-2.72861e-05 -0.00246077 -0.0158028 0.00636321 0.0144443 -0.00986018 0.000534696 0.0211918 0.0385262 -0.0180683 -0.000355112 -0.00297432 0.00307671 -0.00427451
internal_weight=469.825 88.1441 35.0891 53.0551 39.8681 32.3291 381.681 15.762 9.37836 13.187 365.919 207.529 158.389 6.38367
internal_count=4800 895 397 498 396 365 3905 149 99 102 3756 2080 1676 50
is_linear=0
shrinkage=0.08


Tree=107
num_leaves=8
num_cat=0
split_feature=2 4 4 4 4 4 4
split_gain=0.0989529 0.464429 0.532951 0.400189 0.320738 0.828342 1.09876
threshold=1.0000000180025095e-35 84.500000000000014 79.500000000000014 13.500000000000002 77.500000000000014 73.500000000000014 66.500000000000014
decision_type=2 2 2 2 2 2 2
left_child=4 2 3 -2 5 6 -1
right_child=1 -3 -4 -5 -6 -7 -8
leaf_value=0.00054592315461375704 0.0074364644125620352 -0.034249739001396225 0.039792030866636414 -0.0018270928015450179 0.021840250674985837 -0.04079929012133101 0.039459615181657422
leaf_weight=141.64872886240482 33.446911289356649 2.6408595740795127 2.0808782344683996 277.24579071998596 4.8673677593469611 2.9777272865176192 4.8012404888868323
leaf_count=1058 392 28 28 3204 31 16 43
internal_value=-2.95366e-05 -0.000841665 -0.000559589 -0.000829846 0.00163064 0.000972345 0.00182168
internal_weight=469.71 315.414 312.774 310.693 154.295 149.428 146.45
internal_count=4800 3652 3624 3596 1148 1117 1101
is_linear=0
shrinkage=0.08


Tree=108
num_leaves=6
num_cat=0
split_feature=4 4 1 0 0
split_gain=0.11081 0.516737 0.176816 1.51295 0.843812
threshold=87.500000000000014 80.500000000000014 1.5000000000000002 4.5000000000000009 4.5000000000000009
decision_type=2 2 2 2 2
left_child=1 2 4 -4 -1
right_child=-2 -3 3 -5 -6
leaf_value=-0.0053542996880196871 0.014160991498665763 -0.031367056323563042 0.0084206450296728536 -0.0065321109339681258 0.0033457175432392888
leaf_weight=147.26492594368756 3.4962026122957459 3.3658213987946501 102.08044267073274 75.218764944002032 138.40420170687139
leaf_count=1599 29 40 1062 839 1231
internal_value=-2.8222e-05 -0.000134601 9.24613e-05 0.00207697 -0.00113922
internal_weight=469.83 466.334 462.968 177.299 285.669
internal_count=4800 4771 4731 1901 2830
is_linear=0
shrinkage=0.08


Tree=109
num_leaves=14
num_cat=0
split_feature=2 2 4 4 4 4 4 4 4 1 4 4 4
split_gain=0.101211 0.288081 0.653441 4.53255 1.88514 0.327603 1.51086 0.967869 0.239079 1.26715 0.722209 0.260112 0.259413
threshold=1.5000000000000002 1.0000000180025095e-35 31.500000000000004 32.500000000000007 15.500000000000002 34.500000000000007 40.500000000000007 30.500000000000004 62.500000000000007 1.5000000000000002 59.500000000000007 55.500000000000007 68.500000000000014
decision_type=2 2 2 2 2 2 2 2 2 2 2 2 2
left_child=1 5 4 -4 -3 7 -7 -1 10 -10 11 -2 -11
right_child=8 2 3 -5 -6 6 -8 -9 9 12 -12 -13 -14
leaf_value=0.0011738543676814959 0.00072466279853974566 0.0076989325199713198 0.086122086383967678 -0.0030444390863889458 -0.02271246279641316 -0.021719716549151735 0.0037553279330950801 0.026275000551384237 0.032370062767591891 0.0021079282740694475 -0.02843124457385604 0.015295937945048245 -0.024544934023734956
leaf_weight=53.384975526481867 137.6793609559536 21.890239406377077 3.8065791577100745 87.879983405582607 32.284900026395917 18.921728573739529 70.093884721398354 12.050449311733244 8.637001171708107 5.12169149518013 5.3282218128442755 8.3139779418706876 4.2987360060214996
leaf_count=411 570 388 61 1709 787 167 483 87 38 22 22 34 21
internal_value=-2.68105e-05 -0.000908753 -0.00345843 0.000657515 -0.0104243 0.00149913 -0.00165981 0.00579643 0.00153689 0.0102376 0.000498628 0.00155446 -0.0100543
internal_weight=469.692 300.313 145.862 91.6866 54.1751 154.451 89.0156 65.4354 169.379 18.0574 151.322 145.993 9.42043
internal_count=4800 4093 2945 1770 1175 1148 650 498 707 81 626 604 43
is_linear=0
shrinkage=0.08


Tree=110
num_leaves=14
num_cat=0
split_feature=4 0 4 0 0 2 4 0 0 2 0 1 0
split_gain=0.10354 1.39052 2.02706 1.42374 1.29403 1.01492 0.921086 1.00823 3.47091 0.916649 0.432791 1.11737 0.881717
threshold=54.500000000000007 3.5000000000000004 55.500000000000007 7.5000000000000009 6.5000000000000009 1.5000000000000002 52.500000000000007 6.5000000000000009 4.5000000000000009 1.0000000180025095e-35 3.5000000000000004 1.0000000180025095e-35 2.5000000000000004
decision_type=2 2 2 2 2 2 2 2 2 2 2 2 2
left_child=6 2 -2 4 -3 -4 10 8 -8 -5 12 -12 -1
right_child=1 3 5 9 -6 -7 7 -9 -10 -11 11 -13 -14
leaf_value=-0.00046635301258638194 -0.082296160045436551 0.004391457291178613 -0.021399065693814553 0.010791662343100044 0.036796284093146871 0.0074141660499809263 0.036701425504601669 0.056966029285450928 -0.055424588647042097 -0.033243204150047216 0.0051404785119381147 -0.0071016801221845654 0.013546978910872231
leaf_weight=120.74934198893607 2.6415364295244208 29.280031413771212 18.783921707421541 4.7475501894950858 10.794527389109133 13.409240886569021 8.5772861018776876 3.5501720495522013 3.7667408585548392 8.3406670736148936 74.626993978396058 132.31911554373801 37.710339473560452
leaf_count=1291 32 290 308 30 106 57 83 30 36 72 631 1449 385
internal_value=-2.86318e-05 -0.00250217 -0.0149256 0.00563823 0.0131201 -0.00939765 0.000542218 0.019395 0.00858946 -0.0172702 -0.000277829 -0.00268703 0.00286855
internal_weight=469.297 87.9975 34.8347 53.1628 40.0746 32.1932 381.3 15.8942 12.344 13.0882 365.406 206.946 158.46
internal_count=4800 895 397 498 396 365 3905 149 119 102 3756 2080 1676
is_linear=0
shrinkage=0.08


Tree=111
num_leaves=6
num_cat=0
split_feature=4 4 1 0 4
split_gain=0.0947469 0.462859 0.182745 1.36766 0.742286
threshold=87.500000000000014 80.500000000000014 1.5000000000000002 6.5000000000000009 1.0000000180025095e-35
decision_type=2 2 2 2 2
left_child=1 2 4 -4 -1
right_child=-2 -3 3 -5 -6
leaf_value=0.024340454660395489 0.013099857573580764 -0.029970981003011796 0.005601653707668906 -0.012024718534882888 -0.0018222116396520141
leaf_weight=7.1181352213025084 3.4910637661814681 3.302749919705092 141.93348786793649 35.150049570947886 278.02980357874185
leaf_count=69 29 40 1490 411 2761
internal_value=-3.03436e-05 -0.000128808 8.44216e-05 0.00210292 -0.00116911
internal_weight=469.025 465.534 462.231 177.084 285.148
internal_count=4800 4771 4731 1901 2830
is_linear=0
shrinkage=0.08


Tree=112
num_leaves=14
num_cat=0
split_feature=4 0 4 4 4 2 4 4 0 0 0 1 0
split_gain=0.0831287 1.20786 1.82357 1.42239 4.86589 2.43118 0.975842 0.779495 0.858268 2.95551 0.335384 0.950624 0.746355
threshold=54.500000000000007 3.5000000000000004 55.500000000000007 57.500000000000007 58.500000000000007 1.5000000000000002 62.500000000000007 52.500000000000007 6.5000000000000009 4.5000000000000009 3.5000000000000004 1.0000000180025095e-35 2.5000000000000004
decision_type=2 2 2 2 2 2 2 2 2 2 2 2 2
left_child=7 2 -2 5 -5 -3 -4 10 9 -9 12 -12 -1
right_child=1 3 6 4 -6 -7 -8 8 -10 -11 11 -13 -14
leaf_value=-0.00058525147515296164 -0.079278712015056832 0.0029406388469490241 0.0079265080173321779 0.11823603263609916 0.004851478387453134 -0.084228155490883305 -0.020497301297997223 0.033129641481936249 0.052188332104475842 -0.052425719252281178 0.0048070323683482461 -0.0064878718216277685 0.012272845938529292
leaf_weight=120.81542517617345 2.5320624448359004 7.2293487396091205 13.181811746209862 2.5760623756796113 40.592883180826902 2.8569928258657455 18.691786531358957 8.7250692509114725 3.5946146659553042 3.6715905778110018 74.73599917627871 131.77818531077355 37.97227437235415
leaf_count=1291 32 89 142 23 374 12 223 83 30 36 631 1449 385
internal_value=-2.8696e-05 -0.0022501 -0.0139333 0.00529785 0.0116176 -0.0217502 -0.0087422 0.000482013 0.0177703 0.00779021 -0.00027479 -0.00240033 0.00248962
internal_weight=468.954 87.6609 34.4057 53.2553 43.1689 10.0863 31.8736 381.293 15.9913 12.3967 365.302 206.514 158.788
internal_count=4800 895 397 498 397 101 365 3905 149 119 3756 2080 1676
is_linear=0
shrinkage=0.08


Tree=113
num_leaves=12
num_cat=0
split_feature=2 0 3 4 3 4 4 3 4 4 4
split_gain=0.0962762 0.301672 2.14387 1.13085 0.802013 1.8789 0.73597 0.252924 0.29936 0.960051 0.585742
threshold=1.5000000000000002 1.5000000000000002 1.0000000180025095e-35 22.500000000000004 1.0000000180025095e-35 16.500000000000004 23.500000000000004 1.0000000180025095e-35 24.500000000000004 20.500000000000004 26.500000000000004
decision_type=2 2 2 2 2 2 2 2 2 2 2
left_child=1 2 3 -1 6 -6 -3 8 9 -2 -10
right_child=7 4 -4 -5 5 -7 -8 -9 10 -11 -12
leaf_value=0.025002366542426123 0.00061495111839043502 -0.012377094922667014 -0.091409872327579064 6.2119799374926e-06 0.097773398105798909 0.0042490217158259501 -0.00090740243187761058 -0.014850546122381372 -0.023926231777370854 0.030154055124854438 0.0014803402562732762
leaf_weight=15.508686740882693 26.258357599377632 44.515744629316032 1.4706593565642823 45.767414065077901 1.6630707010626773 7.9307474661618471 182.96365531906486 5.8481427431106559 6.0996210724115363 9.6220991760492307 121.2924362719059
leaf_count=213 113 691 21 702 20 101 2345 26 25 40 503
internal_value=-2.99227e-05 -0.000890834 0.00404173 0.00633262 -0.00219635 0.0204613 -0.00315192 0.00149632 0.00208183 0.00853648 0.000263856
internal_weight=468.941 299.82 62.7468 61.2761 237.073 9.59382 227.479 169.121 163.273 35.8805 127.392
internal_count=4800 4093 936 915 3157 121 3036 707 681 153 528
is_linear=0
shrinkage=0.08


Tree=114
num_leaves=13
num_cat=0
split_feature=1 4 0 4 4 0 4 4 4 4 3 4
split_gain=0.0867268 1.01541 1.15835 2.36484 1.45841 0.713455 2.24643 2.51279 1.81558 1.44079 1.33474 1.21887
threshold=1.5000000000000002 80.500000000000014 6.5000000000000009 20.500000000000004 38.500000000000007 4.5000000000000009 27.500000000000004 24.500000000000004 38.500000000000007 37.500000000000007 1.0000000180025095e-35 62.500000000000007
decision_type=2 2 2 2 2 2 2 2 2 2 2 2
left_child=5 2 4 -4 -2 8 7 -7 9 -1 -10 -8
right_child=1 -3 3 -5 -6 6 11 -9 10 -11 -12 -13
leaf_value=0.0015068651963634667 -0.0026473621116903452 -0.046737778993546288 0.030687526159675588 -0.021389449536998652 0.013564317573969174 -0.0033389395869265061 0.005645681588302566 -0.055829685404242407 -0.011770623045146143 0.055726522805336839 -0.070592105935292512 0.030457828512008265
leaf_weight=73.390523455105722 72.380295207723975 2.7670858399942508 6.9771869610995045 27.883254380896688 69.72679484449327 28.707171636633575 89.406458552926779 7.3263202980160704 69.563215509057045 3.2767063304781905 2.5597489625215522 14.763235555961726
leaf_count=812 805 28 80 331 685 306 737 76 744 34 30 132
internal_value=-3.03274e-05 0.00134953 0.00210143 -0.0109664 0.00530712 -0.000888507 0.00320634 -0.0140113 -0.00474703 0.00382418 -0.0138583 0.00916213
internal_weight=468.728 179.735 176.968 34.8604 142.107 288.993 140.203 36.0335 148.79 76.6672 72.123 104.17
internal_count=4800 1929 1901 411 1490 2871 1251 382 1620 846 774 869
is_linear=0
shrinkage=0.08


Tree=115
num_leaves=6
num_cat=0
split_feature=4 4 4 0 4
split_gain=0.101634 0.361655 0.162332 0.436297 0.202774
threshold=87.500000000000014 80.500000000000014 74.500000000000014 6.5000000000000009 63.500000000000007
decision_type=2 2 2 2 2
left_child=1 2 4 -4 -1
right_child=-2 -3 3 -5 -6
leaf_value=0.00025026323446647155 0.013598996742947036 -0.026919083536412838 0.019738990043479569 -0.017259276644354036 -0.0069063186376537682
leaf_weight=424.45156679861248 3.4744481015950432 3.2040825886651865 7.6759047769010049 2.7781413532793522 26.947179112583399
leaf_count=4348 29 40 60 19 304
internal_value=-3.2692e-05 -0.000134535 5.1282e-05 0.00990678 -0.000176964
internal_weight=468.531 465.057 461.853 10.454 451.399
internal_count=4800 4771 4731 79 4652
is_linear=0
shrinkage=0.08


Tree=116
num_leaves=15
num_cat=0
split_feature=4 4 2 4 2 4 0 2 0 4 2 4 4 1
split_gain=0.0965827 2.47749 1.54069 1.06556 1.99209 0.848265 2.01885 2.07746 0.511407 0.47417 0.44707 2.24546 1.13402 0.000288599
threshold=32.500000000000007 33.500000000000007 1.5000000000000002 34.500000000000007 1.0000000180025095e-35 31.500000000000004 3.5000000000000004 1.5000000000000002 3.5000000000000004 35.500000000000007 1.0000000180025095e-35 30.500000000000004 30.500000000000004 1.5000000000000002
decision_type=2 2 2 2 2 2 2 2 2 2 2 2 2 2
left_child=5 2 8 4 -3 10 13 -8 -2 -5 11 -1 -12 -7
right_child=1 3 -4 9 -6 6 7 -9 -10 -11 12 -13 -14 -15
leaf_value=0.001433698334619512 -0.04413495655586791 0.088927993750219855 -0.0087478811019452672 -0.019467345447928851 0.0057849501080330648 -0.021407768982210335 0.080344766087793687 -0.0020954531532778619 -0.099981441067114735 -5.4533656847285946e-06 -0.001106110797242246 0.064719799149786289 -0.037079307046176464 -0.020124525237902039
leaf_weight=53.250478163361549 1.7871640846133212 2.4342057928442937 4.1586630493402481 8.2685126252472383 7.6107248887419701 2.652054861187934 4.6456519030034524 3.3793377727270126 2.5422674082219601 258.31948748510331 107.74443789944053 3.8473785370588294 5.9163964763283721 1.9437114112079141
leaf_count=411 27 16 17 98 74 24 46 14 31 2564 1358 26 70 24
internal_value=-3.0391e-05 -0.000951573 -0.043524 0.000354701 0.0259332 0.00140188 0.0214157 0.045629 -0.0769283 -0.000609085 -7.734e-05 0.00569805 -0.00297863 -0.020865
internal_weight=468.5 285.121 8.48809 276.633 10.0449 183.379 12.6208 8.02499 4.32943 266.588 170.759 57.0979 113.661 4.59577
internal_count=4800 2827 75 2752 90 1973 108 60 58 2662 1865 437 1428 48
is_linear=0
shrinkage=0.08


Tree=117
num_leaves=11
num_cat=0
split_feature=2 0 3 4 3 1 4 4 4 4
split_gain=0.0968708 0.274388 1.94353 0.921678 0.719356 1.74124 0.643157 0.249199 0.335 0.527612
threshold=1.5000000000000002 1.5000000000000002 1.0000000180025095e-35 22.500000000000004 1.0000000180025095e-35 1.0000000180025095e-35 14.500000000000002 69.500000000000014 64.500000000000014 61.500000000000007
decision_type=2 2 2 2 2 2 2 2 2 2
left_child=1 2 3 -1 6 -6 -3 8 9 -2
right_child=7 4 -4 -5 5 -7 -8 -9 -10 -11
leaf_value=0.022557949858383095 0.00067077603523252967 -0.015301185834512589 -0.090557955834887557 0.00014010719364778497 0.059941768130391183 -0.0090887911245934889 -0.0015743642682539913 0.015206862615040773 -0.016438251966342392 0.025636157132433023
leaf_weight=15.794655546545981 148.3356661349535 24.485832766629755 1.3666421882808197 45.692840535193682 3.9652398079633695 5.7007985711097717 202.56843803357333 8.0810505449771863 6.8977691680192939 5.6231182217597953
leaf_count=213 615 351 21 702 39 82 2685 39 30 23
internal_value=-3.33326e-05 -0.000897179 0.00380145 0.00589871 -0.00214476 0.0192292 -0.00305468 0.00149851 0.000809839 0.0015826
internal_weight=468.512 299.574 62.8541 61.4875 236.72 9.66604 227.054 168.938 160.857 153.959
internal_count=4800 4093 936 915 3157 121 3036 707 668 638
is_linear=0
shrinkage=0.08


Tree=118
num_leaves=15
num_cat=0
split_feature=4 0 4 0 0 2 4 4 1 0 0 4 0 2
split_gain=0.0907158 0.94686 1.64065 1.23608 1.20014 0.864206 0.813343 0.678005 0.850065 1.31031 0.348771 1.39616 1.24744 0.234675
threshold=54.500000000000007 3.5000000000000004 55.500000000000007 7.5000000000000009 6.5000000000000009 1.5000000000000002 57.500000000000007 52.500000000000007 1.0000000180025095e-35 1.5000000000000002 7.5000000000000009 27.500000000000004 6.5000000000000009 1.5000000000000002
decision_type=2 2 2 2 2 2 2 2 2 2 2 2 2 2
left_child=7 2 -2 4 -3 -4 -5 10 13 -10 12 -12 -1 -9
right_child=1 3 5 6 -6 -7 -8 8 9 -11 11 -13 -14 -15
leaf_value=0.00061761805541385494 -0.076274040511468841 0.0027940664840503475 -0.019236959274327538 -0.054705176271839483 0.033809686372766323 0.0075454867708879278 -0.0065140565092104219 -0.019155046778679827 0.090316704326614788 0.016792487369923365 -0.011941762228861778 0.015230016030450072 -0.015100505112593228 0.012216573533408763
leaf_weight=274.78681929782033 2.4199919663369647 29.524742956273258 18.261619752272964 2.8753566667437545 10.944311516359447 13.345896989107134 10.166071214713154 3.7174082882702377 1.9369788691401462 7.7906666360795498 18.565932162106037 34.76497027091682 36.620996866375208 2.588825523853302
leaf_count=2961 32 290 308 25 106 57 77 39 21 78 147 242 406 11
internal_value=-3.31323e-05 -0.00235533 -0.012789 0.00427951 0.0111818 -0.00792839 -0.0171392 0.000500731 0.0166015 0.0314327 -0.000207055 0.00577078 -0.0012308 -0.00627642
internal_weight=468.311 87.538 34.0275 53.5105 40.4691 31.6075 13.0414 380.773 16.0339 9.72765 364.739 53.3309 311.408 6.30623
internal_count=4800 895 397 498 396 365 102 3905 149 99 3756 389 3367 50
is_linear=0
shrinkage=0.08


Tree=119
num_leaves=14
num_cat=0
split_feature=4 4 2 4 2 4 1 1 0 4 2 4 4
split_gain=0.100602 2.1731 1.44254 0.880671 1.55465 0.693066 1.87317 1.78226 0.498044 0.403563 0.390247 1.78943 0.996748
threshold=32.500000000000007 33.500000000000007 1.5000000000000002 34.500000000000007 1.0000000180025095e-35 31.500000000000004 1.0000000180025095e-35 1.5000000000000002 3.5000000000000004 35.500000000000007 1.0000000180025095e-35 30.500000000000004 30.500000000000004
decision_type=2 2 2 2 2 2 2 2 2 2 2 2 2
left_child=5 2 8 4 -3 10 -7 -8 -2 -5 11 -1 -12
right_child=1 3 -4 9 -6 6 7 -9 -10 -11 12 -13 -14
leaf_value=0.0015905872953019943 -0.042342761786866343 0.077362392358536466 -0.0081558422926837834 -0.01815614241991707 0.0052295768632842589 0.059945724258348251 -0.047922923928347565 0.028065014584347799 -0.098755237310560184 -9.519670507410903e-05 -0.00089077540241005223 0.057080858649641845 -0.034889118359018333
leaf_weight=53.196957118809223 1.7297164350748042 2.5531587824225408 4.1538639962673187 8.1685586012899858 7.6179096959531307 4.6419852897524825 3.3998743593692762 4.7149596959352493 2.3794494271278381 258.03627894818783 107.58944275043905 3.99887391924858 5.817263636738061
leaf_count=411 27 16 17 98 74 34 26 48 31 2564 1358 26 70
internal_value=-3.39363e-05 -0.000975338 -0.0414016 0.000233317 0.0233365 0.00142745 0.019414 -0.00377167 -0.0750089 -0.000649401 8.25095e-05 0.00547022 -0.00263474
internal_weight=467.998 284.639 8.26303 276.376 10.1711 183.359 12.7568 8.11483 4.10917 266.205 170.603 57.1958 113.407
internal_count=4800 2827 75 2752 90 1973 108 74 58 2662 1865 437 1428
is_linear=0
shrinkage=0.08


Tree=120
num_leaves=15
num_cat=0
split_feature=4 4 2 4 2 0 4 0 2 0 0 2 2 1
split_gain=0.0850588 1.89848 1.34546 0.735436 1.24387 0.647633 0.579787 1.67843 1.58099 0.384231 0.354709 1.58919 0.571353 0.000181984
threshold=32.500000000000007 33.500000000000007 1.5000000000000002 34.500000000000007 1.0000000180025095e-35 2.5000000000000004 31.500000000000004 3.5000000000000004 1.5000000000000002 1.0000000180025095e-35 1.0000000180025095e-35 1.0000000180025095e-35 1.5000000000000002 1.5000000000000002
decision_type=2 2 2 2 2 2 2 2 2 2 2 2 2 2
left_child=6 2 5 4 -3 -2 10 13 -9 -5 11 -1 -12 -8
right_child=1 3 -4 9 -6 -7 7 8 -10 -11 12 -13 -14 -15
leaf_value=0.04155775778778615 -0.027789311145525644 0.068402752391672234 -0.0075115288939488038 -0.0092611608873346789 0.0048028264342097147 -0.096522661354465897 -0.0215241042307696 0.06835112714199823 -0.0028271386412571193 0.00046877607957755956 -0.0049616214685062098 -0.0054182995281541694 0.0053704308490995388 -0.020505036671900196
leaf_weight=6.8170517832040813 1.3345367647707447 2.6520942151546461 4.1495410948991776 29.173007685691118 7.6306518390774727 2.5610216055065393 2.6418881788849822 4.8833692073822004 3.3791439682245255 236.93398142047226 96.51318290643394 14.229245662689207 53.099962249398232 1.9488191232085226
leaf_count=49 22 16 17 302 74 36 24 46 14 2360 1419 173 224 24
internal_value=-3.5438e-05 -0.000901787 -0.0392104 0.000213294 0.0212063 -0.0729761 0.00130736 0.0176925 0.0392411 -0.000597906 7.3309e-05 0.00979759 -0.00129462 -0.0210915
internal_weight=467.947 284.435 8.0451 276.39 10.2827 3.89556 183.513 12.8532 8.26251 266.107 170.659 21.0463 149.613 4.59071
internal_count=4800 2827 75 2752 90 58 1973 108 60 2662 1865 222 1643 48
is_linear=0
shrinkage=0.08


Tree=121
num_leaves=12
num_cat=0
split_feature=1 0 4 4 4 2 4 4 0 4 4
split_gain=0.0859981 0.931292 1.08801 1.03796 2.34282 0.857607 0.758748 0.682229 0.616227 1.7268 1.58874
threshold=1.5000000000000002 4.5000000000000009 21.500000000000004 1.5000000000000002 5.5000000000000009 1.0000000180025095e-35 24.500000000000004 82.500000000000014 4.5000000000000009 38.500000000000007 27.500000000000004
decision_type=2 2 2 2 2 2 2 2 2 2 2
left_child=7 3 5 -2 -5 -3 -4 8 9 -1 -10
right_child=1 2 6 4 -6 -7 -8 -9 10 -11 -12
leaf_value=0.0033131295735400333 -0.040720386022864229 -0.010023100591477386 -0.046566499912358186 0.080722258146301989 0.005575068982824687 0.030138076194160139 -0.0079057724198424561 0.033917440515490782 -0.012075667691419023 -0.014088711630726428 0.0075394467412039012
leaf_weight=76.890008268877864 2.9271025992929927 5.5876956135034552 3.4430700782686463 2.7288155183196059 98.395162870176136 8.7033514119684678 57.612501665949821 3.5588876120746127 35.565730639733374 69.466044893488288 102.84975156094879
leaf_count=846 32 47 41 21 1027 120 641 35 382 755 853
internal_value=-3.66569e-05 0.00133857 -0.00543497 0.0062435 0.0076029 0.0144353 -0.0100859 -0.000892316 -0.00132735 -0.00494643 0.00249936
internal_weight=467.728 179.398 75.3466 104.051 101.124 14.291 61.0556 288.33 284.772 146.356 138.415
internal_count=4800 1929 849 1080 1048 167 682 2871 2836 1601 1235
is_linear=0
shrinkage=0.08


Tree=122
num_leaves=5
num_cat=0
split_feature=4 4 4 4
split_gain=0.0869247 0.381779 0.615732 0.15243
threshold=88.500000000000014 82.500000000000014 79.500000000000014 74.500000000000014
decision_type=2 2 2 2
left_child=1 2 3 -1
right_child=-2 -3 -4 -5
leaf_value=-0.000135584483453912 -0.013964361937788971 0.029048959900787513 -0.041868833697144052 0.010294399840362504
leaf_weight=450.40885208919644 2.8503507524728766 2.8872772213071576 2.2512229811400166 9.1498896982520801
leaf_count=4652 24 31 25 68
internal_value=-3.64943e-05 4.89361e-05 -0.000132375 7.20782e-05
internal_weight=467.548 464.697 461.81 459.559
internal_count=4800 4776 4745 4720
is_linear=0
shrinkage=0.08


Tree=123
num_leaves=13
num_cat=0
split_feature=2 4 4 4 0 1 4 2 4 1 4 4
split_gain=0.0767222 0.278215 1.86519 1.37888 1.11563 0.800146 0.733255 0.524829 0.205681 1.05897 0.738144 0.476376
threshold=1.5000000000000002 63.500000000000007 60.500000000000007 65.500000000000014 3.5000000000000004 1.5000000000000002 55.500000000000007 1.0000000180025095e-35 62.500000000000007 1.5000000000000002 58.500000000000007 55.500000000000007
decision_type=2 2 2 2 2 2 2 2 2 2 2 2
left_child=1 2 6 5 -4 -3 -1 -5 10 -10 11 -2
right_child=8 3 4 7 -6 -7 -8 -9 9 -11 -12 -13
leaf_value=-6.6204237333618326e-05 0.00072672840708447675 -0.022139636720604039 -0.00022714240966810679 0.009747940890975729 0.064371754542042012 -0.088437480913581154 -0.017877193611530111 -0.015302202882407178 0.029837695709334283 -0.009203764152567441 -0.023590518317491142 0.024109022408748414
leaf_weight=248.21435309201479 137.33860988914967 3.1896379683166769 2.7521012574434272 13.74437353387475 4.5228944569826126 1.8355169314891098 15.73059977032244 8.7671014741063118 8.5180020332336426 9.3022714033722878 7.8032686412334433 5.8124244660139075
leaf_count=3402 570 43 46 100 60 33 208 201 38 43 32 24
internal_value=-3.39113e-05 -0.000804176 -2.62897e-05 -0.00846591 0.0399343 -0.046356 -0.0011277 -7.84598e-06 0.00132957 0.00945786 0.000370023 0.00167613
internal_weight=467.531 298.757 271.22 27.5366 7.275 5.02515 263.945 22.5115 168.775 17.8203 150.954 143.151
internal_count=4800 4093 3716 377 106 76 3610 301 707 81 626 594
is_linear=0
shrinkage=0.08


Tree=124
num_leaves=11
num_cat=0
split_feature=1 4 0 4 4 4 4 1 4 1
split_gain=0.0870561 0.888909 0.876091 2.02622 1.31621 0.58285 1.98312 1.33986 0.501956 0.1784
threshold=1.5000000000000002 80.500000000000014 6.5000000000000009 20.500000000000004 38.500000000000007 1.0000000180025095e-35 4.5000000000000009 1.0000000180025095e-35 82.500000000000014 1.0000000180025095e-35
decision_type=2 2 2 2 2 2 2 2 2 2
left_child=5 2 4 -4 -2 9 7 -7 -8 -1
right_child=1 -3 3 -5 -6 6 8 -9 -10 -11
leaf_value=0.010800641573192405 -0.0027550824733034037 -0.044379005540854263 0.028879314081787101 -0.019261252991562765 0.012643400595132213 -0.0078550637142621952 -0.00096156363703377634 -0.090793458480461192 0.028989706947300822 0.036250196761149447
leaf_weight=4.1794742308557025 72.248464850708842 2.6797927776351562 7.034602526575326 27.353617725893855 69.894982738420367 2.373855084180831 272.18815527483821 2.625201128423214 3.6288325563073149 3.0487903654575348
leaf_count=34 805 28 80 331 685 20 2709 38 35 35
internal_value=-3.39049e-05 0.00135049 0.00204467 -0.00941341 0.00481668 -0.000895227 -0.00147258 -0.0514093 -0.000567505 0.0215349
internal_weight=467.256 179.211 176.532 34.3882 142.143 288.044 280.816 4.99906 275.817 7.22826
internal_count=4800 1929 1901 411 1490 2871 2802 58 2744 69
is_linear=0
shrinkage=0.08


Tree=125
num_leaves=14
num_cat=0
split_feature=4 0 4 4 4 2 4 4 0 0 0 4 0
split_gain=0.0797513 0.781171 1.47268 1.05597 4.02698 2.34508 0.897389 0.586527 0.785175 2.54847 0.308008 1.10185 0.998444
threshold=54.500000000000007 3.5000000000000004 55.500000000000007 57.500000000000007 58.500000000000007 1.5000000000000002 62.500000000000007 52.500000000000007 6.5000000000000009 4.5000000000000009 7.5000000000000009 27.500000000000004 6.5000000000000009
decision_type=2 2 2 2 2 2 2 2 2 2 2 2 2
left_child=7 2 -2 5 -5 -3 -4 10 9 -9 12 -12 -1
right_child=1 3 6 4 -6 -7 -8 8 -10 -11 11 -13 -14
leaf_value=0.00048853275787491936 -0.073323259692611803 0.0049147777533141207 0.0088328193687857402 0.10448208301342506 0.0029533695301054348 -0.0807389985575898 -0.018698343420032241 0.028900399673208045 0.048262681287208106 -0.050824635931123761 -0.010367650374661915 0.013814830757272608 -0.013642070559754207
leaf_weight=274.67546556051821 2.3177181147038928 7.1311114598065597 12.990835322067143 2.6634947899729005 40.790460868738592 2.8686392307281494 18.182928711175919 8.8994044661521929 3.6107478663325301 3.6057699732482424 18.461480289697647 34.769805695861578 36.222672815434635
leaf_count=2961 32 89 142 23 374 12 223 83 30 36 147 242 406
internal_value=-3.38679e-05 -0.00221972 -0.0117996 0.00378259 0.00917654 -0.0196568 -0.00722547 0.000465939 0.0154008 0.0059123 -0.000195061 0.00542795 -0.00115782
internal_weight=467.191 86.9452 33.4915 53.4537 43.454 9.99975 31.1738 380.245 16.1159 12.5052 364.129 53.2313 310.898
internal_count=4800 895 397 498 397 101 365 3905 149 119 3756 389 3367
is_linear=0
shrinkage=0.08


Tree=126
num_leaves=14
num_cat=0
split_feature=4 4 2 0 4 2 4 1 1 4 2 4 4
split_gain=0.0887307 1.67738 1.24402 0.633223 0.604191 0.98306 0.463413 1.48828 1.56086 0.34843 0.344731 1.45071 0.874
threshold=32.500000000000007 33.500000000000007 1.5000000000000002 2.5000000000000004 34.500000000000007 1.0000000180025095e-35 31.500000000000004 1.0000000180025095e-35 1.5000000000000002 35.500000000000007 1.0000000180025095e-35 30.500000000000004 30.500000000000004
decision_type=2 2 2 2 2 2 2 2 2 2 2 2 2
left_child=6 2 3 -2 5 -3 10 -8 -9 -6 11 -1 -12
right_child=1 4 -4 -5 9 -7 7 8 -10 -11 12 -13 -14
leaf_value=0.0017363614209191997 -0.026355347583235576 0.060126853650648467 -0.0073119158155138539 -0.095599124740603558 -0.016986613629911093 0.0042944785765738859 0.051495267198886516 -0.046459647095822766 0.024435347404748082 -0.00010995428879235377 -0.00071064557466248989 0.05098209791729319 -0.032821373675573855
leaf_weight=53.114978950470686 1.3072573393583291 2.7434638738632184 4.1473842561244965 2.3914902452379465 8.0746963582932931 7.6358350738883018 4.761722430586814 3.3762376084923726 4.8320671431720257 257.61808404140174 107.27880258206278 4.1258337944746009 5.7138324826955786
leaf_count=411 22 16 17 36 98 74 34 26 48 2564 1358 26 70
internal_value=-3.40919e-05 -0.000919783 -0.0373946 -0.0711261 0.000116853 0.0190521 0.0013385 0.0159152 -0.00472516 -0.000622855 0.000227907 0.00528592 -0.00233443
internal_weight=467.122 283.918 7.84613 3.69875 276.072 10.3793 183.203 12.97 8.2083 265.693 170.233 57.2408 112.993
internal_count=4800 2827 75 58 2752 90 1973 108 74 2662 1865 437 1428
is_linear=0
shrinkage=0.08


Tree=127
num_leaves=16
num_cat=0
split_feature=2 4 4 4 0 0 0 0 0 4 1 4 1 4 4
split_gain=0.0869991 0.274692 3.29882 2.01414 3.74519 1.30047 0.938101 0.369082 0.224294 1.18904 3.11298 2.24039 0.513915 1.58457 0.594021
threshold=1.5000000000000002 48.500000000000007 50.500000000000007 45.500000000000007 5.5000000000000009 1.0000000180025095e-35 6.5000000000000009 7.5000000000000009 2.5000000000000004 28.500000000000004 1.0000000180025095e-35 35.500000000000007 1.5000000000000002 20.500000000000004 57.500000000000007
decision_type=2 2 2 2 2 2 2 2 2 2 2 2 2 2 2
left_child=1 3 6 7 -5 -4 -3 -1 9 10 -2 -11 14 -14 -10
right_child=8 2 5 4 -6 -7 -8 -9 12 11 -12 -13 13 -15 -16
leaf_value=-0.0033889077471969966 -0.038069616612870262 -0.038174638342291588 -0.034721923733574543 0.051379195495143214 -0.023836562409319226 0.0041334060427171328 -0.10599032144002615 0.0055277322080884038 0.0053425392813152691 -0.04753654877819085 0.038681451514981868 -0.00067822120389244569 -0.040146992005836324 0.0029721239750143237 0.0289123936073515
leaf_weight=160.90203029941767 4.8159565627574947 7.7588371187448484 6.0071619991213074 12.383658885955812 6.4401337392628184 67.001718164421618 1.569567449390888 36.437973316758871 55.354437202215195 8.086183622479437 11.359724417328833 33.937552988529205 6.2937980294227591 40.899720527231693 7.8087077289819709
leaf_count=2488 20 109 107 133 71 875 18 292 232 33 48 140 27 173 34
internal_value=-3.47911e-05 -0.000855259 -0.00478744 0.000642517 0.0256458 0.000936394 -0.0495851 -0.00174249 0.0014182 -0.00260033 0.0158305 -0.00969467 0.00353747 -0.00277831 0.00825642
internal_weight=467.057 298.501 82.3373 216.164 18.8238 73.0089 9.3284 197.34 168.556 58.1994 16.1757 42.0237 110.357 47.1935 63.1631
internal_count=4800 4093 1109 2984 204 982 127 2780 707 241 68 173 466 200 266
is_linear=0
shrinkage=0.08


Tree=128
num_leaves=15
num_cat=0
split_feature=4 4 4 0 0 4 1 4 1 0 0 4 0 2
split_gain=0.08904 0.621109 1.66781 1.46281 1.6531 1.24101 0.878542 0.478375 0.698322 1.01597 0.242693 0.957816 0.825184 0.19949
threshold=54.500000000000007 57.500000000000007 58.500000000000007 1.5000000000000002 4.5000000000000009 59.500000000000007 1.5000000000000002 52.500000000000007 1.0000000180025095e-35 1.5000000000000002 7.5000000000000009 27.500000000000004 6.5000000000000009 1.5000000000000002
decision_type=2 2 2 2 2 2 2 2 2 2 2 2 2 2
left_child=7 3 -3 6 -5 -4 -2 10 13 -10 12 -12 -1 -9
right_child=1 2 5 4 -6 -7 -8 8 9 -11 11 -13 -14 -15
leaf_value=0.00052766162808067657 -0.014094858957846191 0.051178491565115641 -0.039709685804905186 -0.063940042648127429 -0.0054771728561897612 0.0011054128070311804 0.063112085174675397 -0.018981863013161494 0.077323884212796137 0.01409209757818553 -0.0098594482222568065 0.012690512302245558 -0.01238036927082407 0.010096501678594071
leaf_weight=274.37756257131696 1.7549486383795767 3.9898253716528407 5.1711835823953143 5.1986721530556661 7.6510074641555548 61.115899514406919 2.0394000243395567 3.6757412850856808 2.04759433865547 7.9034531787037849 18.440308241173625 34.814756469801068 35.836310606449842 2.562638595700264
leaf_count=2961 25 41 48 53 81 628 19 39 21 78 147 242 406 11
internal_value=-3.64476e-05 -0.00234614 0.000944912 -0.0162421 -0.0291298 -0.00207865 0.0274026 0.000492345 0.0139477 0.0271031 -0.000106976 0.00488227 -0.000963491 -0.00703688
internal_weight=466.579 86.9209 70.2769 16.644 12.8497 66.2871 3.79435 379.658 16.1894 9.95105 363.469 53.2551 310.214 6.23838
internal_count=4800 895 717 178 134 676 44 3905 149 99 3756 389 3367 50
is_linear=0
shrinkage=0.08


Tree=129
num_leaves=15
num_cat=0
split_feature=4 4 2 0 4 2 4 0 2 2 0 4 0 1
split_gain=0.0968035 1.37463 1.22313 0.622405 0.525384 0.786637 0.388963 1.37002 1.22867 0.307051 1.25863 0.7586 0.305638 0.000179899
threshold=32.500000000000007 33.500000000000007 1.5000000000000002 2.5000000000000004 34.500000000000007 1.0000000180025095e-35 31.500000000000004 3.5000000000000004 1.5000000000000002 1.0000000180025095e-35 1.0000000180025095e-35 28.500000000000004 1.0000000180025095e-35 1.5000000000000002
decision_type=2 2 2 2 2 2 2 2 2 2 2 2 2 2
left_child=6 2 3 -2 5 -3 9 13 -9 10 -1 -11 -6 -8
right_child=1 4 -4 -5 12 -7 7 8 -10 11 -12 -13 -14 -15
leaf_value=0.03691396342290993 -0.024638597771969212 0.053718827221998257 -0.0049450763248285526 -0.094701719805055568 -0.0084996061076242722 0.00423431611619479 -0.020949145661065961 0.05873894884177238 -0.0035821894624202943 0.00079421683773921062 0.00071925588292779644 -0.017216928167970956 0.00022022463593507219 -0.019934977820729713
leaf_weight=7.00571335107088 1.2758267521858209 2.8137889355421049 4.1293070018291473 2.229547630995512 28.86397835239768 7.633758720010519 2.6254124492406836 5.0676672756671888 3.3716693967580795 94.846109910868108 50.265793491154909 17.770176826044917 236.62994895130396 1.9514722041785715
leaf_count=49 22 16 17 36 302 74 24 46 14 1211 388 217 2360 24
internal_value=-3.62457e-05 -0.000961787 -0.0344476 -0.0692013 -3.53101e-05 0.0175617 0.00139872 0.0147269 0.0338405 0.000377562 0.00514676 -0.00204783 -0.000727778 -0.0205167
internal_weight=466.48 283.576 7.63468 3.50537 275.941 10.4475 182.904 13.0162 8.43934 169.888 57.2715 112.616 265.494 4.57688
internal_count=4800 2827 75 58 2752 90 1973 108 60 1865 437 1428 2662 48
is_linear=0
shrinkage=0.08


Tree=130
num_leaves=13
num_cat=0
split_feature=2 0 3 4 1 1 4 4 3 4 4 4
split_gain=0.091141 0.234494 0.590472 1.56408 0.659386 0.567599 2.03554 1.68336 0.207185 0.259332 0.853327 0.43971
threshold=1.5000000000000002 1.5000000000000002 1.0000000180025095e-35 15.500000000000002 1.5000000000000002 1.5000000000000002 65.500000000000014 16.500000000000004 1.0000000180025095e-35 24.500000000000004 20.500000000000004 26.500000000000004
decision_type=2 2 2 2 2 2 2 2 2 2 2 2
left_child=1 5 4 -4 -3 7 -7 -1 9 10 -2 -11
right_child=8 2 3 -5 -6 6 -8 -9 -10 11 -12 -13
leaf_value=0.045213743756001644 0.00053103308715982556 -0.0060046025558176674 0.085645145696260361 0.0022359047175386794 0.0030971863293144 -0.010973497015456754 0.089794107269493773 0.0015956641766505545 -0.013411461645562986 -0.020773961636366148 0.028449591551000394 0.0013384174658932612
leaf_weight=6.9748144149780265 26.197044834494591 147.87417889479548 1.754234880208968 8.0027781929820758 77.711501501500607 24.360149422660474 1.3542979471385468 30.101118311285973 5.7957595288753501 6.0434612333774558 9.5648323595523816 120.74632062762976
leaf_count=84 113 1838 18 103 1198 350 31 471 26 25 40 503
internal_value=-3.65782e-05 -0.000876866 -0.00203577 0.0172322 -0.00286915 0.00346678 -0.00566639 0.0098012 0.00145152 0.00198146 0.0079981 0.000284426
internal_weight=466.48 298.133 235.343 9.75701 225.586 62.7904 25.7144 37.0759 168.347 162.552 35.7619 126.79
internal_count=4800 4093 3157 121 3036 936 381 555 707 681 153 528
is_linear=0
shrinkage=0.08


Tree=131
num_leaves=16
num_cat=0
split_feature=2 4 4 4 0 1 4 2 0 1 4 4 0 4 4
split_gain=0.077502 0.243347 1.52549 1.20485 0.852848 0.792331 0.687823 0.465427 0.190968 1.06997 1.0648 0.771262 0.524634 1.65194 0.499207
threshold=1.5000000000000002 63.500000000000007 60.500000000000007 65.500000000000014 3.5000000000000004 1.5000000000000002 55.500000000000007 1.0000000180025095e-35 2.5000000000000004 1.5000000000000002 31.500000000000004 41.500000000000007 3.5000000000000004 28.500000000000004 62.500000000000007
decision_type=2 2 2 2 2 2 2 2 2 2 2 2 2 2 2
left_child=1 2 6 5 -4 -3 -1 -5 9 11 -11 -2 13 -10 -14
right_child=8 3 4 7 -6 -7 -8 -9 12 10 -12 -13 14 -15 -16
leaf_value=-7.1222995940189507e-05 -0.023081278891470738 -0.020238036559891454 1.0479452733885963e-05 0.0089143687486536761 0.056037777499434858 -0.087941931597831979 -0.017381754732829536 -0.014709657221458856 -0.020385667032134382 0.033181331619936694 -0.001690156349922222 0.001468722804426029 -0.0011439906328900016 0.032641845406696797 0.017768819303754541
leaf_weight=247.61081855371594 17.890401944518089 3.1204962357878712 2.7439760006964198 13.802424024790525 4.7467339560389519 1.7138526216149328 15.617015995085238 8.7025587512180209 5.4779140949249294 8.4612741172313708 16.596364051103592 15.104452565312384 82.77287058532238 11.988098457455633 10.01243983209133
leaf_count=3402 74 43 46 100 60 33 208 201 23 36 68 63 346 50 47
internal_value=-3.66415e-05 -0.000811606 -8.51864e-05 -0.00800473 0.035514 -0.0442401 -0.00109824 -0.000220918 0.00133578 -0.0023779 0.010085 -0.0118427 0.00329121 0.0160107 0.000896886
internal_weight=466.362 298.058 270.719 27.3393 7.49071 4.83435 263.228 22.505 168.304 58.0525 25.0576 32.9949 110.251 17.466 92.7853
internal_count=4800 4093 3716 377 106 76 3610 301 707 241 104 137 466 73 393
is_linear=0
shrinkage=0.08


Tree=132
num_leaves=5
num_cat=0
split_feature=4 4 4 4
split_gain=0.0790028 0.278639 0.563146 0.122091
threshold=88.500000000000014 82.500000000000014 79.500000000000014 74.500000000000014
decision_type=2 2 2 2
left_child=1 2 3 -1
right_child=-2 -3 -4 -5
leaf_value=-0.00010441628977542647 -0.013415744331832784 0.024592861756031197 -0.040549444239549495 0.0092384261187681699
leaf_weight=448.99201230052859 2.8074064124375573 2.9405679814517489 2.1935836263000956 9.1337702739983779
leaf_count=4652 24 31 25 68
internal_value=-3.60366e-05 4.50459e-05 -0.000111768 8.18543e-05
internal_weight=466.067 463.26 460.319 458.126
internal_count=4800 4776 4745 4720
is_linear=0
shrinkage=0.08


Tree=133
num_leaves=14
num_cat=0
split_feature=4 0 4 0 0 2 4 4 0 0 0 1 0
split_gain=0.0774951 0.600583 1.34524 1.05601 0.929799 0.876226 0.873953 0.402057 0.67921 2.10702 0.220515 0.915943 0.697395
threshold=54.500000000000007 3.5000000000000004 55.500000000000007 7.5000000000000009 6.5000000000000009 1.0000000180025095e-35 62.500000000000007 52.500000000000007 6.5000000000000009 4.5000000000000009 7.5000000000000009 1.0000000180025095e-35 6.5000000000000009
decision_type=2 2 2 2 2 2 2 2 2 2 2 2 2
left_child=7 2 -2 4 -3 -5 -4 10 9 -9 12 -12 -1
right_child=1 3 6 5 -6 -7 -8 8 -10 -11 11 -13 -14
leaf_value=0.00045852786913121087 -0.070965973700300042 0.0019470969110827751 0.0095495985271972488 0.010504954247896395 0.029091037085681941 -0.032832019139975827 -0.017721301337288525 0.024354382069826708 0.043042615647572884 -0.048562543171706926 0.014787053103010532 -0.0062095100438690513 -0.011443761592682013
leaf_weight=274.29978344775736 2.2091387808322898 29.532054742798209 12.90189664065838 4.7157897874712935 11.116741392761467 8.1399463107809407 18.032616175711155 9.056571304798128 3.6717290543019763 3.5227927565574637 27.579811096191406 25.676021056249738 35.594773700460792
leaf_count=2961 32 290 142 30 106 72 223 83 30 36 117 272 406
internal_value=-3.34358e-05 -0.00219208 -0.0106544 0.00304998 0.00937049 -0.016935 -0.00634739 0.000459558 0.0127704 0.00393433 -9.13544e-05 0.00466406 -0.00090858
internal_weight=466.05 86.6482 33.1437 53.5045 40.6488 12.8557 30.9345 379.401 16.2511 12.5794 363.15 53.2558 309.895
internal_count=4800 895 397 498 396 102 365 3905 149 119 3756 389 3367
is_linear=0
shrinkage=0.08


Tree=134
num_leaves=13
num_cat=0
split_feature=2 4 4 4 0 0 0 1 3 4 4 4
split_gain=0.0793816 0.222979 2.90429 1.77148 1.58511 1.14308 0.89724 0.730894 0.196484 0.238018 0.783942 0.777816
threshold=1.5000000000000002 48.500000000000007 50.500000000000007 47.500000000000007 5.5000000000000009 1.0000000180025095e-35 6.5000000000000009 1.0000000180025095e-35 1.0000000180025095e-35 12.500000000000002 6.5000000000000009 24.500000000000004
decision_type=2 2 2 2 2 2 2 2 2 2 2 2
left_child=1 3 6 7 -5 -4 -3 -1 9 10 -2 -11
right_child=8 2 5 4 -6 -7 -8 -9 -10 11 -12 -13
leaf_value=0.0053887167761168253 0.0071767962828846654 -0.036117495320765587 -0.033041100024094459 0.065835718029324461 -0.013688640501104224 0.0038735112521068055 -0.10448090593038145 -0.0044308361364488224 -0.013138574136237074 0.016128190214065863 -0.034395177710229347 0.0002689207235499718
leaf_weight=76.733741417527199 7.5318723171949369 7.5113294217735511 5.8359967507421961 4.8341556265950194 2.4007753804326057 67.029558251611888 1.468979876488447 131.90349613223225 5.7791505455970755 23.459465563297272 4.7238972038030624 126.60347782820463
leaf_count=861 33 109 107 47 27 875 18 2049 26 100 20 528
internal_value=-3.31842e-05 -0.000817916 -0.00437357 0.000530177 0.0394471 0.000916922 -0.0473002 -0.000819347 0.00135665 0.00187274 -0.00884682 0.00274821
internal_weight=465.816 297.718 81.8459 215.872 7.23493 72.8656 8.98031 208.637 168.098 162.319 12.2558 150.063
internal_count=4800 4093 1109 2984 74 982 127 2910 707 681 53 628
is_linear=0
shrinkage=0.08


Tree=135
num_leaves=13
num_cat=0
split_feature=1 4 0 4 4 0 4 3 0 4 4 4
split_gain=0.0789129 0.798859 0.756491 1.18263 0.909489 0.500936 1.29075 0.995329 1.99337 0.965468 0.955223 0.842669
threshold=1.5000000000000002 80.500000000000014 4.5000000000000009 33.500000000000007 21.500000000000004 6.5000000000000009 40.500000000000007 1.0000000180025095e-35 2.5000000000000004 18.500000000000004 54.500000000000007 38.500000000000007
decision_type=2 2 2 2 2 2 2 2 2 2 2 2
left_child=5 2 3 -2 -4 7 9 11 -9 -7 -8 -1
right_child=1 -3 4 -5 -6 6 10 8 -10 -11 -12 -13
leaf_value=0.0033472336830934275 -0.0040140011834225173 -0.04255380466146523 0.013826817926191389 0.013501758650158055 -0.0086139858016395163 0.017055809495798463 0.029128227044172627 -0.09942082164483669 -0.0081958601094516432 -0.010436338069664479 0.0026081596184381168 -0.0071220555533161025
leaf_weight=99.957342888228595 41.531140968203545 2.6211335239931932 14.355594773776827 60.76565776206553 59.321362307295203 10.558769837953148 17.720525860786438 2.0084600970149022 6.4756245324388146 36.215397391468287 17.061239223927259 96.906851856037974
leaf_count=1126 459 28 167 603 672 94 121 22 67 273 129 1039
internal_value=-3.40634e-05 0.00128613 0.00193913 0.00639059 -0.0042415 -0.000855872 0.00444846 -0.00296253 -0.0297918 -0.00423028 0.0161195 -0.0018063
internal_weight=465.499 178.595 175.974 102.297 73.677 286.904 81.5559 205.348 8.48408 46.7742 34.7818 196.864
internal_count=4800 1929 1901 1062 839 2871 617 2254 89 367 250 2165
is_linear=0
shrinkage=0.08


Tree=136
num_leaves=6
num_cat=0
split_feature=4 4 1 0 0
split_gain=0.0942498 0.398219 0.13165 0.639192 0.456682
threshold=87.500000000000014 80.500000000000014 1.5000000000000002 4.5000000000000009 4.5000000000000009
decision_type=2 2 2 2 2
left_child=1 2 4 -4 -1
right_child=-2 -3 3 -5 -6
leaf_value=-0.0041326848108060137 0.013223727414455034 -0.028323983301547197 0.0058610119769345161 -0.0039121704163986772 0.0023018047951236941
leaf_weight=145.28148841578513 3.4065942335873833 3.1845210473984471 102.5821633618325 73.5278151165694 137.31727626267821
leaf_count=1599 29 40 1062 839 1231
internal_value=-3.41576e-05 -0.000131938 6.3781e-05 0.0017806 -0.00100611
internal_weight=465.3 461.893 458.709 176.11 282.599
internal_count=4800 4771 4731 1901 2830
is_linear=0
shrinkage=0.08


Tree=137
num_leaves=6
num_cat=0
split_feature=4 4 1 0 4
split_gain=0.0793507 0.34332 0.111386 0.550579 0.427841
threshold=87.500000000000014 80.500000000000014 1.5000000000000002 6.5000000000000009 1.0000000180025095e-35
decision_type=2 2 2 2 2
left_child=1 2 4 -4 -1
right_child=-2 -3 3 -5 -6
leaf_value=0.018107145597698677 0.012102347595979201 -0.026522842356727999 0.0038194870494353051 -0.0075243283488435255 -0.0014358095609188423
leaf_weight=7.3612477891147128 3.4237145055085412 3.1310053281486026 142.30787991825491 33.907516511157155 275.05826714541763
leaf_count=69 29 40 1490 411 2761
internal_value=-3.18934e-05 -0.000121861 5.83726e-05 0.0016367 -0.000926424
internal_weight=465.19 461.766 458.635 176.215 282.42
internal_count=4800 4771 4731 1901 2830
is_linear=0
shrinkage=0.08


Tree=138
num_leaves=13
num_cat=0
split_feature=2 0 1 4 4 3 1 1 4 4 0 4
split_gain=0.0668402 0.214698 0.582288 1.71516 1.4844 0.527601 1.42708 0.621045 0.202893 0.341836 1.16466 0.874195
threshold=1.5000000000000002 1.5000000000000002 1.5000000000000002 65.500000000000014 62.500000000000007 1.0000000180025095e-35 1.0000000180025095e-35 1.5000000000000002 69.500000000000014 53.500000000000007 6.5000000000000009 48.500000000000007
decision_type=2 2 2 2 2 2 2 2 2 2 2 2
left_child=1 2 4 -4 -1 7 -7 -3 9 11 -11 -2
right_child=8 5 3 -5 -6 6 -8 -9 -10 10 -12 -13
leaf_value=0.013991535073669108 0.00012808004457223689 -0.0057114824575040905 -0.010851630792885987 0.079134206144481148 -0.051835454082318391 0.052321371479274507 -0.0095686303548963743 0.0031345280467274727 0.013786346149100945 -0.015394861525733033 0.027299385493307255 0.021667550918696068
leaf_weight=34.682827569544315 119.40330746769905 147.04650361463428 24.313451850786809 1.435664353892206 2.3403491340577594 4.0975085832178575 5.7033524392172694 77.59756279643625 7.8702612593770018 22.216137498617176 5.0117018222808829 13.413935258984564
leaf_count=506 498 1838 350 31 49 39 82 1198 39 93 22 55
internal_value=-2.97567e-05 -0.00075058 0.00340473 -0.00583439 0.00983041 -0.00186316 0.0163061 -0.00265585 0.00124613 0.000629462 -0.00753633 0.00230347
internal_weight=465.133 297.217 62.7723 25.7491 37.0232 234.445 9.80086 224.644 167.915 160.045 27.2278 132.817
internal_count=4800 4093 936 381 555 3157 121 3036 707 668 115 553
is_linear=0
shrinkage=0.08


Tree=139
num_leaves=15
num_cat=0
split_feature=4 0 0 4 4 0 4 4 4 0 0 0 4 4
split_gain=0.0659775 0.933102 1.22056 2.14427 0.953009 1.72766 1.34196 0.919109 0.637489 3.56005 2.60553 0.114349 2.58485 0.737401
threshold=21.500000000000004 6.5000000000000009 7.5000000000000009 17.500000000000004 16.500000000000004 3.5000000000000004 14.500000000000002 11.500000000000002 22.500000000000004 1.5000000000000002 5.5000000000000009 5.5000000000000009 25.500000000000004 25.500000000000004
decision_type=2 2 2 2 2 2 2 2 2 2 2 2 2 2
left_child=1 4 3 -3 6 -6 -1 -4 9 -2 -11 13 -13 -10
right_child=8 2 7 -5 5 -7 -8 -9 11 10 -12 12 -14 -15
leaf_value=-0.0060189172808606814 0.10485634274236509 0.014162535630806532 0.018033087698068898 0.11164156710901493 -0.0456515189947133 0.0029568738147884043 0.033440116734967384 -0.026461876850427717 0.017559856197700442 -0.058069233880335712 0.064512733260191191 -0.04823882433085859 0.00071976659809667597 -0.00017789725935705045
leaf_weight=39.508046246133745 2.3491011150181285 6.0738677028566608 6.2538877055048943 1.894767118617892 9.5859690587967652 9.143177976831792 6.4111454971134654 5.660300062969327 16.10231707058847 3.1617338210344315 1.7099068053066728 7.2862084936350575 130.7878802549094 219.08065065462142
leaf_count=440 18 73 46 33 123 121 76 49 184 34 22 80 1178 2323
internal_value=-3.00329e-05 -0.00205172 0.0131043 0.0373409 -0.00671301 -0.0219219 -0.000509726 -0.00310598 0.000419127 0.0239628 -0.0150439 -3.63312e-05 -0.00186379 0.00103656
internal_weight=465.009 84.5312 19.8828 7.96863 64.6483 18.7291 45.9192 11.9142 380.478 7.22074 4.87164 373.257 138.074 235.183
internal_count=4800 961 201 106 760 244 516 95 3839 74 56 3765 1258 2507
is_linear=0
shrinkage=0.08


Tree=140
num_leaves=6
num_cat=0
split_feature=4 4 0 4 4
split_gain=0.0656695 0.307131 0.113884 0.679462 0.501799
threshold=87.500000000000014 80.500000000000014 2.5000000000000004 62.500000000000007 62.500000000000007
decision_type=2 2 2 2 2
left_child=1 2 3 -1 -4
right_child=-2 -3 4 -5 -6
leaf_value=-0.00015332525193358348 0.010989992419160755 -0.025242755381532589 -9.6733223360238966e-05 -0.019883813842020058 0.011034893507507516
leaf_weight=137.48057643324137 3.4337010364979497 3.0921503463760009 280.30045494809747 12.158300684764979 28.557997860014439
leaf_count=1468 29 40 2838 149 276
internal_value=-3.25373e-05 -0.000114532 5.49348e-05 -0.00175645 0.000932531
internal_weight=465.023 461.589 458.497 149.639 308.858
internal_count=4800 4771 4731 1617 3114
is_linear=0
shrinkage=0.08


Tree=141
num_leaves=5
num_cat=0
split_feature=4 4 4 4
split_gain=0.0748736 0.356188 0.43188 0.0978292
threshold=88.500000000000014 82.500000000000014 79.500000000000014 74.500000000000014
decision_type=2 2 2 2
left_child=1 2 3 -1
right_child=-2 -3 -4 -5
leaf_value=-0.00012837460801499618 -0.01311377623842502 0.028192448547832556 -0.036473089635662807 0.0082335383171494112
leaf_weight=448.12549498211592 2.7826604712754479 2.8601592108607283 2.082813740707933 9.1369930598884803
leaf_count=4652 24 31 25 68
internal_value=-3.03687e-05 4.83986e-05 -0.000126843 3.87127e-05
internal_weight=464.988 462.205 459.345 457.262
internal_count=4800 4776 4745 4720
is_linear=0
shrinkage=0.08


Tree=142
num_leaves=15
num_cat=0
split_feature=4 4 2 0 4 2 4 0 0 0 0 4 4 0
split_gain=0.0653186 1.16266 1.14754 0.612822 0.429715 0.667527 0.384459 2.39209 3.98839 2.00252 0.34198 1.66446 0.881039 0.333077
threshold=32.500000000000007 33.500000000000007 1.5000000000000002 2.5000000000000004 34.500000000000007 1.0000000180025095e-35 27.500000000000004 5.5000000000000009 6.5000000000000009 1.0000000180025095e-35 4.5000000000000009 26.500000000000004 23.500000000000004 7.5000000000000009
decision_type=2 2 2 2 2 2 2 2 2 2 2 2 2 2
left_child=6 2 3 -2 5 -3 10 9 -9 -8 12 -12 -1 -6
right_child=1 4 -4 -5 13 -7 7 8 -10 -11 11 -13 -14 -15
leaf_value=-0.0024167876619344041 -0.022594052065067174 0.048752899997879462 -0.0038272153931398598 -0.093685396454840864 0.00055746829070064225 0.0035362399949971125 0.037064035881686233 0.090753745579256792 0.0085280009762886827 -0.016504918872687683 -0.0023394573295880449 -0.059546622458925516 0.018220991580012242 -0.0076859373698958912
leaf_weight=56.194662621244788 1.240573946386575 2.8775640577077848 4.1208665370941162 2.0724354144185781 227.78378602676094 7.630292933434248 5.4093000404536751 4.9286717195063856 16.134467791765928 25.614133996888995 53.802732395008206 3.4646099247038356 17.318955082446337 36.379970145411789
leaf_count=635 22 16 17 36 2381 74 59 52 126 255 598 40 208 281
internal_value=-2.82024e-05 -0.000791611 -0.0320099 -0.0670649 5.33008e-05 0.0159188 0.00114949 0.0069619 0.0277684 -0.00716454 -0.00116544 -0.00580043 0.00244523 -0.000577793
internal_weight=464.973 282.105 7.43388 3.31301 274.672 10.5079 182.868 52.0866 21.0631 31.0234 130.781 57.2673 73.5136 264.164
internal_count=4800 2827 75 58 2752 90 1973 492 178 314 1481 638 843 2662
is_linear=0
shrinkage=0.08


Tree=143
num_leaves=13
num_cat=0
split_feature=2 4 4 4 1 0 4 2 4 1 4 4
split_gain=0.063464 0.204926 1.25037 1.05252 0.785379 0.639388 0.608595 0.38146 0.188171 0.904428 0.689 0.199292
threshold=1.5000000000000002 63.500000000000007 60.500000000000007 65.500000000000014 1.5000000000000002 3.5000000000000004 55.500000000000007 1.0000000180025095e-35 62.500000000000007 1.5000000000000002 59.500000000000007 55.500000000000007
decision_type=2 2 2 2 2 2 2 2 2 2 2 2
left_child=1 2 6 4 -3 -4 -1 -5 10 -10 11 -2
right_child=8 3 5 7 -6 -7 -8 -9 9 -11 -12 -13
leaf_value=-3.6502231308304932e-05 0.00060719632957433891 -0.018198143822556547 0.00062135372982533845 0.0080679258660997354 -0.087447961073086694 0.048861581516937425 -0.016393680591438513 -0.013432740099027105 0.028090700063882465 -0.0082810053541867486 -0.027969820044184669 0.013415759594403817
leaf_weight=247.06387540884316 136.66535945236683 3.0445103235542801 2.7254766486585131 13.770935066044331 1.5984540749341247 4.9558990150690079 15.469146614894269 8.5662305513396859 8.35979263484478 9.1805651783943176 5.3230916410684577 8.2433764338493329
leaf_count=3402 570 43 46 100 33 60 208 201 38 43 22 34
internal_value=-3.10196e-05 -0.000733254 -6.94563e-05 -0.0073814 -0.0420391 0.0317452 -0.00100031 -0.00017751 0.00121293 0.00905387 0.00029746 0.00133583
internal_weight=464.967 297.195 270.214 26.9801 4.64296 7.68138 262.533 22.3372 167.772 17.5404 150.232 144.909
internal_count=4800 4093 3716 377 76 106 3610 301 707 81 626 604
is_linear=0
shrinkage=0.08


Tree=144
num_leaves=5
num_cat=0
split_feature=4 4 4 0
split_gain=0.0638978 0.286291 0.382158 0.0893783
threshold=88.500000000000014 82.500000000000014 79.500000000000014 2.5000000000000004
decision_type=2 2 2 2
left_child=1 2 3 -1
right_child=-2 -3 -4 -5
leaf_value=-0.0015686257327257266 -0.012172899342245082 0.025097588765063406 -0.034668179432545188 0.00081697273080704326
leaf_weight=149.26329819485545 2.7572588734328738 2.90028341859579 2.0396128920838228 307.73967878427356
leaf_count=1614 24 31 25 3106
internal_value=-3.05718e-05 4.19037e-05 -0.000116401 3.78043e-05
internal_weight=464.7 461.943 459.043 457.003
internal_count=4800 4776 4745 4720
is_linear=0
shrinkage=0.08


Tree=145
num_leaves=6
num_cat=0
split_feature=4 4 1 0 0
split_gain=0.0644743 0.309744 0.10004 0.567095 0.3988
threshold=87.500000000000014 80.500000000000014 1.5000000000000002 4.5000000000000009 4.5000000000000009
decision_type=2 2 2 2 2
left_child=1 2 4 -4 -1
right_child=-2 -3 3 -5 -6
leaf_value=-0.0038007937168875656 0.010919517621162065 -0.025421193494374012 0.0053942154737711316 -0.0038118484163050114 0.0022180080790956637
leaf_weight=144.88372655585408 3.4174428824335328 3.0735143870115271 102.71562101505697 73.444386958144605 137.15032592229545
leaf_count=1599 29 40 1062 839 1231
internal_value=-2.83566e-05 -0.000109467 6.03209e-05 0.00155604 -0.000873911
internal_weight=464.685 461.268 458.194 176.16 282.034
internal_count=4800 4771 4731 1901 2830
is_linear=0
shrinkage=0.08


Tree=146
num_leaves=5
num_cat=0
split_feature=4 4 4 4
split_gain=0.0629209 0.271024 0.31665 0.0805747
threshold=88.500000000000014 82.500000000000014 79.500000000000014 74.500000000000014
decision_type=2 2 2 2
left_child=1 2 3 -1
right_child=-2 -3 -4 -5
leaf_value=-0.00012192377483950036 -0.01207860030970458 0.02439767031965848 -0.031972485573465166 0.007468192078095467
leaf_weight=447.79815322998911 2.7559018395841113 2.9064830001443616 1.9873857041820873 9.1337956804782134
leaf_count=4652 24 31 25 68
internal_value=-2.64797e-05 4.54402e-05 -0.00010879 2.97981e-05
internal_weight=464.582 461.826 458.919 456.932
internal_count=4800 4776 4745 4720
is_linear=0
shrinkage=0.08


Tree=147
num_leaves=5
num_cat=0
split_feature=4 4 4 4
split_gain=0.0587596 0.283271 0.0956801 0.100226
threshold=87.500000000000014 80.500000000000014 77.500000000000014 75.500000000000014
decision_type=2 2 2 2
left_child=1 2 3 -1
right_child=-2 -3 -4 -5
leaf_value=5.4407762736427677e-05 0.010418981436697561 -0.024442348730870502 0.012170681456135845 -0.013465642866173917
leaf_weight=450.43042257800698 3.4225645828992119 3.0398970274254671 4.1369956173002711 3.5367244295775881
leaf_count=4668 29 40 33 30
internal_value=-2.45603e-05 -0.000102071 5.94465e-05 -5.0923e-05
internal_weight=464.567 461.144 458.104 453.967
internal_count=4800 4771 4731 4698
is_linear=0
shrinkage=0.08


Tree=148
num_leaves=5
num_cat=0
split_feature=4 4 4 0
split_gain=0.0616213 0.256195 0.270804 0.0758234
threshold=88.500000000000014 82.500000000000014 79.500000000000014 2.5000000000000004
decision_type=2 2 2 2
left_child=1 2 3 -1
right_child=-2 -3 -4 -5
leaf_value=-0.0014554505547577023 -0.01195366705846578 0.023699744415414049 -0.029885376880858239 0.00074240633959250226
leaf_weight=149.1287555526942 2.754104731604456 2.9126705676317206 1.9455114821903396 307.80569582525641
leaf_count=1614 24 31 25 3106
internal_value=-2.27471e-05 4.84083e-05 -0.000101715 2.50963e-05
internal_weight=464.547 461.793 458.88 456.934
internal_count=4800 4776 4745 4720
is_linear=0
shrinkage=0.08


Tree=149
num_leaves=12
num_cat=0
split_feature=2 0 1 4 4 3 4 1 4 4 4
split_gain=0.057581 0.200392 0.541302 1.44671 1.25447 0.458319 1.19994 0.533136 0.186233 0.318086 0.49931
threshold=1.5000000000000002 1.5000000000000002 1.5000000000000002 65.500000000000014 16.500000000000004 1.0000000180025095e-35 15.500000000000002 1.5000000000000002 69.500000000000014 64.500000000000014 61.500000000000007
decision_type=2 2 2 2 2 2 2 2 2 2 2
left_child=1 2 4 -4 -1 7 -7 -3 9 10 -2
right_child=8 5 3 -5 -6 6 -8 -9 -10 -11 -12
leaf_value=0.039363297587080022 0.00043918122483445381 -0.0053497588550520383 -0.010350075763491968 0.070412385675783395 0.0022557538950182337 0.072855791521920191 0.001631612657870243 0.0028474217369774215 0.013264641557136442 -0.016341148177683548 0.024783895484606581
leaf_weight=7.2459801100194445 147.47835505008698 146.53831832949072 24.166899899020795 1.5081070074811567 29.850052393972874 1.8670684378594149 8.0021213106811029 77.707253780215979 7.7631719112396231 6.8098251968622199 5.5965023487806311
leaf_count=84 615 1838 350 31 471 18 103 1198 39 30 23
internal_value=-2.11133e-05 -0.00069042 0.00332351 -0.00560622 0.00950398 -0.00176664 0.0151059 -0.00250921 0.00116416 0.000576619 0.00132924
internal_weight=464.534 296.886 62.771 25.675 37.096 234.115 9.86919 224.246 167.648 159.885 153.075
internal_count=4800 4093 936 381 555 3157 121 3036 707 668 638
is_linear=0
shrinkage=0.08


end of trees

feature_importances:
age=849
facility_enc=365
acuity_enc=190
bleeding_enc=170
pregnant=41

parameters:
[boosting: gbdt]
[objective: binary]
[metric: binary_logloss]
[tree_learner: serial]
[device_type: cpu]
[data_sample_strategy: bagging]
[data: ]
[valid: ]
[num_iterations: 150]
[learning_rate: 0.08]
[num_leaves: 31]
[num_threads: 16]
[seed: 0]
[deterministic: 0]
[force_col_wise: 0]
[force_row_wise: 0]
[histogram_pool_size: -1]
[max_depth: 4]
[min_data_in_leaf: 20]
[min_sum_hessian_in_leaf: 0.001]
[bagging_fraction: 1]
[pos_bagging_fraction: 1]
[neg_bagging_fraction: 1]
[bagging_freq: 0]
[bagging_seed: 3]
[bagging_by_query: 0]
[feature_fraction: 1]
[feature_fraction_bynode: 1]
[feature_fraction_seed: 2]
[extra_trees: 0]
[extra_seed: 6]
[early_stopping_round: 0]
[early_stopping_min_delta: 0]
[first_metric_only: 0]
[max_delta_step: 0]
[lambda_l1: 0]
[lambda_l2: 0]
[linear_lambda: 0]
[min_gain_to_split: 0]
[drop_rate: 0.1]
[max_drop: 50]
[skip_drop: 0.5]
[xgboost_dart_mode: 0]
[uniform_drop: 0]
[drop_seed: 4]
[top_rate: 0.2]
[other_rate: 0.1]
[min_data_per_group: 100]
[max_cat_threshold: 32]
[cat_l2: 10]
[cat_smooth: 10]
[max_cat_to_onehot: 4]
[top_k: 20]
[monotone_constraints: ]
[monotone_constraints_method: basic]
[monotone_penalty: 0]
[feature_contri: ]
[forcedsplits_filename: ]
[refit_decay_rate: 0.9]
[cegb_tradeoff: 1]
[cegb_penalty_split: 0]
[cegb_penalty_feature_lazy: ]
[cegb_penalty_feature_coupled: ]
[path_smooth: 0]
[interaction_constraints: ]
[verbosity: -1]
[saved_feature_importance_type: 0]
[use_quantized_grad: 0]
[num_grad_quant_bins: 4]
[quant_train_renew_leaf: 0]
[stochastic_rounding: 1]
[linear_tree: 0]
[max_bin: 255]
[max_bin_by_feature: ]
[min_data_in_bin: 3]
[bin_construct_sample_cnt: 200000]
[data_random_seed: 1]
[is_enable_sparse: 1]
[enable_bundle: 1]
[use_missing: 1]
[zero_as_missing: 0]
[feature_pre_filter: 1]
[pre_partition: 0]
[two_round: 0]
[header: 0]
[label_column: ]
[weight_column: ]
[group_column: ]
[ignore_column: ]
[categorical_feature: ]
[forcedbins_filename: ]
[precise_float_parser: 0]
[parser_config_file: ]
[objective_seed: 5]
[num_class: 1]
[is_unbalance: 0]
[scale_pos_weight: 1]
[sigmoid: 1]
[boost_from_average: 1]
[reg_sqrt: 0]
[alpha: 0.9]
[fair_c: 1]
[poisson_max_delta_step: 0.7]
[tweedie_variance_power: 1.5]
[lambdarank_truncation_level: 30]
[lambdarank_norm: 1]
[label_gain: ]
[lambdarank_position_bias_regularization: 0]
[eval_at: ]
[multi_error_top_k: 1]
[auc_mu_weights: ]
[num_machines: 1]
[local_listen_port: 12400]
[time_out: 120]
[machine_list_filename: ]
[machines: ]
[gpu_platform_id: -1]
[gpu_device_id: -1]
[gpu_use_dp: 0]
[num_gpu: 1]

end of parameters

pandas_categorical:[]
