tree
version=v4
num_class=1
num_tree_per_iteration=1
label_index=0
max_feature_idx=4
objective=binary sigmoid:1
feature_names=facility_enc acuity_enc bleeding_enc pregnant age
feature_infos=[0:8] [0:2] [0:2] [0:1] [0:90]
tree_sizes=1569 1507 1396 1398 1503 1394 1616 1511 1502 1620 1513 1516 1510 1524 1520 1514 1514 1628 1522 1635 1511 1415 1520 1524 1401 1718 1834 1833 1728 1843 1522 1844 1516 1728 1514 1728 1518 1521 1846 1731 1728 1085 1087 1091 1747 986 1628 1503 981 1622 1500 1085 1830 983 1501 1093 1846 1096 1503 1748 1621 1426 997 1612 1841 1716 1101 1531 1507 1724 1845 1726 1741 1000 1622 996 1733 1836 1620 1307 1751 1740 1753 994 1843 1749 890 1532 1748 1832 1836 1513 1738 895 1841 1835 1532 1523 895 1829 1855 1532 1099 1837 1313 1850 1419 894 1317 1640 1099 1413 1741 900 1098 1418 1520 1632 1217 1837 1320 1842 900 1526 1848 1846 898 1006 1099 1312 1633 1840 1741 894 1005 1743 1315 1101 1853 1316 1421 1100 1855 900 1005 1532 1105 1652 1109 1219

Tree=0
num_leaves=14
num_cat=0
split_feature=0 0 1 1 4 4 1 4 4 0 4 0 4
split_gain=716.6 882.867 187.965 85.4089 13.066 1.82439 1.52316 0.951972 2.40363 3.89696 0.539551 1.77636e-15 8.88178e-16
threshold=1.5000000000000002 1.0000000180025095e-35 1.0000000180025095e-35 1.5000000000000002 33.500000000000007 13.500000000000002 1.5000000000000002 80.500000000000014 74.500000000000014 5.5000000000000009 12.500000000000002 3.5000000000000004 1.0000000180025095e-35
decision_type=2 2 2 2 2 2 2 2 2 2 2 2 2
left_child=1 5 4 -4 -3 12 -7 8 10 -10 -2 -9 -1
right_child=7 2 3 -5 -6 6 -8 11 9 -11 -12 -13 -14
leaf_value=-2.2633829205538309 -2.2404153253680876 -1.5990366598080041 -1.9936180752812831 -1.742852758810574 -1.4463229386269651 -2.2041593358248788 -2.2340108997874477 -2.2633829205538309 -2.1255773494393715 -2.2633829205538309 -2.2293789484606528 -2.2633829205538309 -2.2633829205538309
leaf_weight=1.9249088242650021 31.348515138030052 6.1413757726550093 15.124283619225023 20.440698467195034 8.6162585467100126 25.665450990200043 19.065763592720032 1.9249088242650021 3.4831683486700049 2.1082334741950035 296.43595893681049 3.4831683486700058 4.216466948390007
leaf_count=21 342 67 165 223 94 280 208 21 38 23 3234 38 46
internal_value=-2.17429 -1.98748 -1.7499 -1.84949 -1.50987 -2.2225 -2.21688 -2.23009 -2.22955 -2.17754 -2.23043 -2.26338 -2.26338
internal_weight=439.979 101.195 50.3226 35.565 14.7576 50.8726 44.7312 338.784 333.376 5.5914 327.784 5.40808 6.14138
internal_count=4800 1104 549 388 161 555 488 3696 3637 61 3576 59 67
is_linear=0
shrinkage=1


Tree=1
num_leaves=13
num_cat=0
split_feature=0 0 1 1 4 4 1 4 4 0 4 1
split_gain=527.709 468.939 47.0735 32.4844 2.30113 1.79586 1.44045 0.952841 2.22905 3.43146 0.551388 8.88178e-16
threshold=1.5000000000000002 1.0000000180025095e-35 1.0000000180025095e-35 1.5000000000000002 35.500000000000007 13.500000000000002 1.5000000000000002 80.500000000000014 74.500000000000014 5.5000000000000009 46.500000000000007 1.5000000000000002
decision_type=2 2 2 2 2 2 2 2 2 2 2 2
left_child=1 5 4 -4 -3 11 -7 8 10 -10 -2 -1
right_child=7 2 3 -5 -6 6 -8 -9 9 -11 -12 -13
leaf_value=-0.088319844812299611 -0.056274872574061122 0.33992372937354992 0.14347517580790747 0.28238908129369938 0.38999098403012966 -0.028174177363844911 -0.057756154061944884 -0.088319844812299611 0.043045789452608813 -0.088319844812299583 -0.0488727967823432 -0.088319844812299597
leaf_weight=3.3277698308229438 222.77129437029362 10.449928343296053 17.408274114131927 28.268498152494431 13.419915586709974 25.060474276542664 18.174923658370972 5.0343184620141974 3.6200485229492179 1.9625309258699415 90.600620850920677 2.3891680836677551
leaf_count=39 2543 74 165 223 87 280 208 59 38 23 1033 28
internal_value=-0.00095135 0.143508 0.277026 0.229446 0.368072 -0.0461815 -0.0406096 -0.0537872 -0.0532422 -0.00313521 -0.0541348 -0.0883198
internal_weight=442.488 118.499 69.5466 45.6768 23.8698 48.9523 43.2354 323.989 318.954 5.58258 313.372 5.71694
internal_count=4800 1104 549 388 161 555 488 3696 3637 61 3576 67
is_linear=0
shrinkage=0.08


Tree=2
num_leaves=12
num_cat=0
split_feature=0 0 1 1 4 1 4 4 4 0 4
split_gain=417.661 307.653 25.2835 17.5772 1.76652 1.35813 1.3246 0.953615 2.06138 3.03701 0.546634
threshold=1.5000000000000002 1.0000000180025095e-35 1.0000000180025095e-35 1.5000000000000002 13.500000000000002 1.5000000000000002 35.500000000000007 80.500000000000014 74.500000000000014 5.5000000000000009 12.500000000000002
decision_type=2 2 2 2 2 2 2 2 2 2 2
left_child=1 4 6 -4 -1 -6 -3 8 10 -10 -2
right_child=7 2 3 -5 5 -7 -8 -9 9 -11 -12
leaf_value=-0.087616552359845667 -0.062696108424810146 0.25185918508115623 0.11804832767333041 0.21347682044893546 -0.026539783248486538 -0.05579685315625766 0.28604801222990178 -0.087616552359845667 0.038233452979789612 -0.087616552359845626 -0.051031401318829314
leaf_weight=5.3180315718054763 28.401032701134682 12.846771329641344 19.370874278247356 34.097416743636131 24.499359130859375 17.342740654945374 16.655396774411201 4.6830427274107924 3.7440738230943671 1.8255929276347158 271.51814039051533
leaf_count=67 342 74 165 223 280 208 87 59 38 23 3234
internal_value=-0.00132182 0.118971 0.211708 0.178904 -0.0441862 -0.0386663 0.27116 -0.0517897 -0.0512405 -0.00301693 -0.052136
internal_weight=440.302 130.131 82.9705 53.4683 47.1601 41.8421 29.5022 310.172 305.489 5.56967 299.919
internal_count=4800 1104 549 388 555 488 161 3696 3637 61 3576
is_linear=0
shrinkage=0.08


Tree=3
num_leaves=12
num_cat=0
split_feature=0 0 1 1 4 4 4 4 4 0 4
split_gain=340.709 220.213 17.5782 11.2753 1.73579 1.28661 1.06745 0.953796 1.90097 1.7852 0.549191
threshold=1.5000000000000002 1.0000000180025095e-35 1.0000000180025095e-35 1.5000000000000002 13.500000000000002 63.500000000000007 35.500000000000007 80.500000000000014 74.500000000000014 4.5000000000000009 46.500000000000007
decision_type=2 2 2 2 2 2 2 2 2 2 2
left_child=1 4 6 -4 -1 -6 -3 8 10 -10 -2
right_child=7 2 3 -5 5 -7 -8 -9 9 -11 -12
leaf_value=-0.086977610305128225 -0.052389259490796473 0.20274441912760885 0.099446491502516901 0.17218143883787382 -0.041689378573045721 0.0044926967834730512 0.23157398830094481 -0.086977610305128225 0.036780461947874134 -0.054746057474631765 -0.044687027671063126
leaf_weight=4.9437542110681525 203.8529541939497 14.594512552022932 21.07442669570446 38.666867434978485 36.224074810743332 4.3214024603366843 18.817885726690292 4.3534552007913581 3.1461839452385894 2.4075382873415947 83.522380724549294
leaf_count=67 2543 74 165 223 436 52 87 59 31 30 1033
internal_value=-0.00150798 0.102057 0.172513 0.146523 -0.0422241 -0.0367672 0.218981 -0.0498072 -0.0492548 -0.00289628 -0.0501507
internal_weight=435.925 138.643 93.1537 59.7413 45.4892 40.5455 33.4124 297.283 292.929 5.55372 287.375
internal_count=4800 1104 549 388 555 488 161 3696 3637 61 3576
is_linear=0
shrinkage=0.08


Tree=4
num_leaves=13
num_cat=0
split_feature=0 0 1 1 4 1 4 4 4 0 4 4
split_gain=282.875 165.728 13.9268 7.99914 1.70349 1.31694 0.98649 0.953023 1.75151 1.54152 0.549686 8.88178e-16
threshold=1.5000000000000002 1.0000000180025095e-35 1.0000000180025095e-35 1.5000000000000002 13.500000000000002 1.5000000000000002 35.500000000000007 80.500000000000014 74.500000000000014 4.5000000000000009 12.500000000000002 6.5000000000000009
decision_type=2 2 2 2 2 2 2 2 2 2 2 2
left_child=1 4 6 -4 11 -6 -3 8 10 -10 -2 -1
right_child=7 2 3 -5 5 -7 -8 -9 9 -11 -12 -13
leaf_value=-0.086396365671682337 -0.059291626933176821 0.17071260305937108 0.085193159093088472 0.1441759485432251 -0.022749086887849965 -0.0525254954460882 0.19734589345903422 -0.086396365671682337 0.032856007059250729 -0.052791018205892007 -0.047031610565244429 -0.086396365671682296
leaf_weight=2.7421563863754264 25.824176296591759 15.883896514773367 22.563117742538452 42.308670938014984 23.273942247033119 16.069649487733841 20.245293259620667 4.0446806699037543 3.2362002581357947 2.3013906106352806 249.86661107093096 1.8509555608034132
leaf_count=40 342 74 165 223 280 208 87 59 31 30 3234 27
internal_value=-0.00160091 0.0894085 0.14583 0.123661 -0.0402933 -0.0349111 0.185637 -0.0478398 -0.0472852 -0.0027384 -0.04818 -0.0863964
internal_weight=430.211 144.938 101.001 64.8718 43.9367 39.3436 36.1292 285.273 281.228 5.53759 275.691 4.59311
internal_count=4800 1104 549 388 555 488 161 3696 3637 61 3576 67
is_linear=0
shrinkage=0.08


Tree=5
num_leaves=12
num_cat=0
split_feature=0 0 1 1 4 1 4 4 4 0 0
split_gain=237.56 128.84 11.877 6.05494 1.66883 1.22838 0.982505 0.950892 1.60928 1.33352 0.551977
threshold=1.5000000000000002 1.0000000180025095e-35 1.0000000180025095e-35 1.5000000000000002 13.500000000000002 1.5000000000000002 33.500000000000007 80.500000000000014 74.500000000000014 4.5000000000000009 4.5000000000000009
decision_type=2 2 2 2 2 2 2 2 2 2 2
left_child=1 4 6 -4 -1 -6 -3 8 10 -10 -2
right_child=7 2 3 -5 5 -7 -8 -9 9 -11 -12
leaf_value=-0.085866941449218914 -0.050435147396689167 0.1464277300574863 0.073898811900692488 0.12370026188473222 -0.021339839642207238 -0.050585362628497575 0.17270328089696435 -0.085866941449218914 0.029450046563718645 -0.050843915139667926 -0.043056672661861674
leaf_weight=4.2650539875030509 113.74344882369041 15.174416065216063 23.870549127459526 45.229498684406281 22.844400405883789 15.379912853240965 22.781002968549728 3.7557938098907462 3.3179957270622245 2.20249292999506 151.07256144285202
leaf_count=67 1536 67 165 223 280 208 94 59 31 30 2040
internal_value=-0.00163966 0.0794644 0.126245 0.106496 -0.0384031 -0.0331071 0.162198 -0.0458901 -0.0453347 -0.0025846 -0.0462259
internal_weight=423.637 149.545 107.055 69.1 42.4894 38.2243 37.9554 274.092 270.336 5.52049 264.816
internal_count=4800 1104 549 388 555 488 161 3696 3637 61 3576
is_linear=0
shrinkage=0.08


Tree=6
num_leaves=14
num_cat=0
split_feature=0 0 1 4 4 4 4 4 4 0 4 1 0
split_gain=201.067 102.443 10.5789 5.50193 1.63188 1.22726 0.999321 0.947135 1.47439 1.15512 0.563899 8.88178e-16 4.44089e-16
threshold=1.5000000000000002 1.0000000180025095e-35 1.0000000180025095e-35 50.500000000000007 13.500000000000002 63.500000000000007 35.500000000000007 80.500000000000014 74.500000000000014 4.5000000000000009 46.500000000000007 1.5000000000000002 5.5000000000000009
decision_type=2 2 2 2 2 2 2 2 2 2 2 2 2
left_child=1 4 6 -4 11 -6 -3 8 10 -10 -2 -1 -9
right_child=7 2 3 -5 5 -7 -8 12 9 -11 -12 -13 -14
leaf_value=-0.085384190602272203 -0.04670956122023813 0.13045470760027242 0.081635303294057743 0.13555342506070758 -0.036471581846857684 0.0099218849599135607 0.15617557511273711 -0.085384190602272189 0.02647400715394202 -0.04890609381474896 -0.038433424446894952 -0.085384190602272134 -0.085384190602272148
leaf_weight=2.3041983470320693 180.25101495534182 17.502485543489456 57.235829308629036 15.363484442234038 33.083224013447762 4.1016886830329886 21.596052378416061 2.1860343292355533 3.3924016058444968 2.1104319393634796 74.453530237078667 1.6542962491512301 1.2998041957616804
leaf_count=39 2543 74 305 83 436 52 87 37 31 30 1033 28 22
internal_value=-0.00164401 0.0713629 0.111113 0.0930455 -0.0365525 -0.0313541 0.144662 -0.0439601 -0.0434052 -0.00243557 -0.0442903 -0.0853842 -0.0853842
internal_weight=416.534 152.841 111.698 72.5993 41.1434 37.1849 39.0985 263.693 260.207 5.50283 254.705 3.95849 3.48584
internal_count=4800 1104 549 388 555 488 161 3696 3637 61 3576 67 59
is_linear=0
shrinkage=0.08


Tree=7
num_leaves=13
num_cat=0
split_feature=0 0 1 1 4 1 4 4 4 0 4 0
split_gain=170.95 82.6005 9.77493 5.05373 1.59278 1.21803 1.02999 0.941512 1.34695 1.00152 0.569211 4.44089e-16
threshold=1.5000000000000002 1.0000000180025095e-35 1.0000000180025095e-35 1.5000000000000002 13.500000000000002 1.0000000180025095e-35 33.500000000000007 80.500000000000014 74.500000000000014 4.5000000000000009 12.500000000000002 3.5000000000000004
decision_type=2 2 2 2 2 2 2 2 2 2 2 2
left_child=1 4 6 -4 -1 -6 -3 8 10 -10 -2 -9
right_child=7 2 3 -5 5 -7 -8 11 9 -11 -12 -13
leaf_value=-0.084943541548278143 -0.054443972792308892 0.11543553717206283 0.053769122150035556 0.097100450042954395 -0.007430786391513745 -0.039335824067202194 0.14164423458228315 -0.084943541548278129 0.023858503423109863 -0.046979531428613525 -0.041146032814737991 -0.084943541548278101
leaf_weight=3.672335308045148 22.70171457529068 16.227687671780586 26.507803097367287 49.196775898337364 10.995822407305239 25.228678323328495 23.485374823212624 1.1510304696857923 3.4601514488458625 2.0248049236834049 222.60606634616852 2.0828170403838158
leaf_count=67 342 67 165 223 141 347 94 21 31 30 3234 38
internal_value=-0.00162818 0.0644892 0.0987904 0.0819281 -0.0347406 -0.0296512 0.130935 -0.0420531 -0.0415 -0.00229179 -0.0423767 -0.0849435
internal_weight=409.341 155.314 115.418 75.7046 39.8968 36.2245 39.7131 254.027 250.793 5.48496 245.308 3.23385
internal_count=4800 1104 549 388 555 488 161 3696 3637 61 3576 59
is_linear=0
shrinkage=0.08


Tree=8
num_leaves=13
num_cat=0
split_feature=0 0 1 1 4 1 4 4 4 0 0 0
split_gain=146.051 67.5752 9.06755 4.14104 1.55128 1.13679 1.06977 0.933872 1.22696 0.868864 0.569271 8.88178e-16
threshold=1.5000000000000002 1.0000000180025095e-35 1.0000000180025095e-35 1.5000000000000002 13.500000000000002 1.5000000000000002 35.500000000000007 80.500000000000014 74.500000000000014 4.5000000000000009 4.5000000000000009 3.5000000000000004
decision_type=2 2 2 2 2 2 2 2 2 2 2 2
left_child=1 4 6 -4 -1 -6 -3 8 10 -10 -2 -9
right_child=7 2 3 -5 5 -7 -8 11 9 -11 -12 -13
leaf_value=-0.084540962876928985 -0.045024823818343503 0.10555042141694296 0.047858630984293903 0.086469701459677112 -0.016464482063960527 -0.045847528858923479 0.1318391272418741 -0.084540962876928957 0.02154831480578432 -0.04506673423132275 -0.0370935387938683 -0.084540962876928957
leaf_weight=3.4054789058864108 101.2485381886363 18.257596150040627 27.360656008124352 50.754331842064857 21.45579818636179 13.877176240086554 21.659542322158813 1.0673889108002179 3.521894507110118 1.9452217966318128 135.33337157964706 1.931465648114681
leaf_count=67 1536 74 165 223 280 208 87 21 31 30 2040 38
internal_value=-0.00159415 0.0587064 0.0887964 0.0729457 -0.0329749 -0.0280048 0.119815 -0.0401717 -0.039622 -0.00215359 -0.0404878 -0.084541
internal_weight=401.818 156.771 118.032 78.115 38.7385 35.333 39.9171 245.048 242.049 5.46712 236.582 2.99885
internal_count=4800 1104 549 388 555 488 161 3696 3637 61 3576 59
is_linear=0
shrinkage=0.08


Tree=9
num_leaves=14
num_cat=0
split_feature=0 0 1 4 4 1 2 4 4 4 0 4 0
split_gain=125.126 55.795 8.48639 3.88399 1.51921 3.46545 1.90027 1.10328 0.924123 1.1144 0.754026 0.566622 4.44089e-16
threshold=1.5000000000000002 1.0000000180025095e-35 1.0000000180025095e-35 50.500000000000007 27.500000000000004 1.0000000180025095e-35 1.0000000180025095e-35 35.500000000000007 80.500000000000014 74.500000000000014 4.5000000000000009 12.500000000000002 5.5000000000000009
decision_type=2 2 2 2 2 2 2 2 2 2 2 2 2
left_child=1 4 7 -4 5 -1 -6 -3 9 11 -11 -2 -10
right_child=8 2 3 -5 6 -7 -8 -9 12 10 -12 -13 -14
leaf_value=0.013539886123289832 -0.051177358447603793 0.096205005653083903 0.056140293612955493 0.099008198335829134 -0.06039951173154566 -0.085617332860330658 -0.0094942192299638881 0.12291680055578881 -0.084172839305094962 0.019498912320100384 -0.043170665597186693 -0.037362339043083267 -0.084172839305094935
leaf_weight=3.1943625323474389 20.915299504995346 18.420769795775414 62.880984276533127 17.234090104699135 6.0672915652394321 7.6769427210092545 20.722671389579773 21.383762821555138 1.7433308772742742 3.5782079696655265 1.8713069707155225 207.57011453807354 1.0365751162171362
leaf_count=47 342 74 305 83 85 130 293 87 37 31 30 3234 22
internal_value=-0.00154927 0.0536857 0.0803627 0.0653619 -0.0312585 -0.0564815 -0.0210231 0.110555 -0.0383191 -0.0377742 -0.00202117 -0.038627 -0.0841728
internal_weight=394.296 157.581 119.92 80.1151 37.6613 10.8713 26.79 39.8045 236.715 233.935 5.44951 228.485 2.77991
internal_count=4800 1104 549 388 555 177 378 161 3696 3637 61 3576 59
is_linear=0
shrinkage=0.08


Tree=10
num_leaves=13
num_cat=0
split_feature=0 0 1 1 4 4 4 4 4 0 4 1
split_gain=107.297 46.3239 8.04315 3.63121 1.49188 1.14538 1.1397 0.912202 1.00923 0.654425 0.574726 2.24128e-06
threshold=1.5000000000000002 1.0000000180025095e-35 1.0000000180025095e-35 1.5000000000000002 13.500000000000002 33.500000000000007 63.500000000000007 80.500000000000014 74.500000000000014 4.5000000000000009 46.500000000000007 1.5000000000000002
decision_type=2 2 2 2 2 2 2 2 2 2 2 2
left_child=1 4 5 -4 11 -3 -6 8 10 -10 -2 -1
right_child=7 2 3 -5 6 -7 -8 -9 9 -11 -12 -13
leaf_value=-0.083971610132680327 -0.039434058378216612 0.086793773445376254 0.036046439782125045 0.071216278531859314 -0.030117707245459938 0.11437368714487146 0.015978424038771886 -0.083835980395678439 0.017673940323694147 -0.041294613334433468 -0.030483578482387474 -0.083830444921254368
leaf_weight=1.7537609711289397 155.89221491292119 16.743393734097481 29.163721770048141 52.811908438801765 29.821639101952314 22.705922424793243 3.8792925104498854 2.5760685764253131 3.6296059712767592 1.8027002252638338 65.082944259047508 1.2209375947713852
leaf_count=39 2543 67 165 223 436 94 52 59 31 30 1033 28
internal_value=-0.00150091 0.0491883 0.0729875 0.0587042 -0.0296053 0.102668 -0.0248116 -0.0364991 -0.0359605 -0.00189466 -0.0367979 -0.0839137
internal_weight=387.084 158.101 121.425 81.9756 36.6756 39.4493 33.7009 228.984 226.407 5.43231 220.975 2.9747
internal_count=4800 1104 549 388 555 161 488 3696 3637 61 3576 67
is_linear=0
shrinkage=0.08


Tree=11
num_leaves=13
num_cat=0
split_feature=0 0 1 1 4 4 1 4 4 0 0 1
split_gain=92.2264 38.7405 7.57097 3.05858 1.44295 1.1789 1.05454 0.898121 0.911321 0.575294 0.567919 1.74344e-06
threshold=1.5000000000000002 1.0000000180025095e-35 1.0000000180025095e-35 1.5000000000000002 13.500000000000002 35.500000000000007 1.5000000000000002 80.500000000000014 74.500000000000014 4.5000000000000009 4.5000000000000009 1.5000000000000002
decision_type=2 2 2 2 2 2 2 2 2 2 2 2
left_child=1 4 5 -4 11 -3 -6 8 9 -2 -10 -1
right_child=7 2 3 -5 6 -7 -8 -9 10 -11 -12 -13
leaf_value=-0.083651783029189949 -0.039816256083727269 0.081162698064529221 0.032502527139850176 0.064494831835474373 -0.012042984825653465 0.10904936809749563 -0.041443795630938994 -0.083527495747947281 0.016043398257491716 -0.031428959988487118 -0.039442107667440697 -0.083522429909213824
leaf_weight=1.6248633340001097 91.221160065382719 18.456904515624046 29.730918109416962 53.614236801862717 20.315195806324482 20.453880295157433 12.681571085005997 2.3864363245666018 3.676548369228839 122.79265780001879 1.7390580549836157 1.1310548633337021
leaf_count=39 1536 74 165 223 280 87 208 59 31 2040 30 28
internal_value=-0.00144336 0.0452636 0.0666852 0.0530825 -0.0279872 0.0958216 -0.0233425 -0.0347147 -0.0341838 -0.035004 -0.00177409 -0.0835987
internal_weight=379.824 158.009 122.256 83.3452 35.7527 38.9108 32.9968 221.816 219.429 214.014 5.41561 2.75592
internal_count=4800 1104 549 388 555 161 488 3696 3637 3576 61 67
is_linear=0
shrinkage=0.08


Tree=12
num_leaves=13
num_cat=0
split_feature=0 0 1 4 4 4 4 4 4 4 4 1
split_gain=79.3414 32.5393 7.12682 3.03962 1.39238 1.20555 1.01897 0.881933 0.881213 2.7544 1.65778 1.35758e-06
threshold=1.5000000000000002 1.0000000180025095e-35 1.0000000180025095e-35 50.500000000000007 13.500000000000002 35.500000000000007 63.500000000000007 80.500000000000014 46.500000000000007 42.500000000000007 56.500000000000007 1.5000000000000002
decision_type=2 2 2 2 2 2 2 2 2 2 2 2
left_child=1 4 5 -4 11 -3 -6 8 9 -2 -10 -1
right_child=7 2 3 -5 6 -7 -8 -9 10 -11 -12 -13
leaf_value=-0.083358787419822389 -0.031957625832272858 0.07501297319062504 0.040173579942440814 0.077009241023043823 -0.027159994655077735 0.10344444881517559 0.016665194724374104 -0.083244824832886144 -0.011950655612158368 -0.066310582701146009 -0.037147377025284561 -0.083240179871467368
leaf_weight=1.5049956776201716 129.19123394414783 18.375527709722519 66.174432277679443 18.302485793828964 28.486778747290373 19.861482068896294 3.8548817634582511 2.210134904831647 32.66307682916522 16.890436574816704 34.21980082243681 1.0474916398525238
leaf_count=39 2251 74 305 83 436 87 52 59 549 292 545 28
internal_value=-0.00138253 0.0417414 0.061125 0.0481543 -0.0264258 0.0897812 -0.0219364 -0.0329693 -0.0324476 -0.0359296 -0.0248422 -0.0833101
internal_weight=372.783 157.608 122.714 84.4769 34.8941 38.237 32.3417 215.175 212.965 146.082 66.8829 2.55249
internal_count=4800 1104 549 388 555 161 488 3696 3637 2543 1094 67
is_linear=0
shrinkage=0.08


Tree=13
num_leaves=13
num_cat=0
split_feature=0 0 1 1 4 4 1 4 4 4 4 1
split_gain=68.2371 27.3705 6.74067 2.71178 1.3407 1.23456 1.00124 0.86378 0.864533 0.583942 0.0332591 1.05804e-06
threshold=1.5000000000000002 1.0000000180025095e-35 1.0000000180025095e-35 1.5000000000000002 13.500000000000002 33.500000000000007 1.0000000180025095e-35 80.500000000000014 74.500000000000014 12.500000000000002 77.500000000000014 1.5000000000000002
decision_type=2 2 2 2 2 2 2 2 2 2 2 2
left_child=1 4 5 -4 11 -3 -6 8 9 -2 -10 -1
right_child=7 2 3 -5 6 -7 -8 -9 10 -11 -12 -13
leaf_value=-0.083090201801032132 -0.045250290360639926 0.068076371534155689 0.024789166333170746 0.054416674822739916 0.00017855020017826278 0.097314365833864769 -0.030310643333926381 -0.082985648539591547 -0.0045961503443530706 -0.030231243314280915 0.0081797169645969475 -0.082981385858853896
leaf_weight=1.3935944363474839 18.211607798933983 16.578202143311501 30.991666853427887 54.613044828176498 10.120289832353594 20.888081595301628 21.618180431425571 2.0463244915008536 2.8223179429769507 183.55404237657785 2.4242651909589767 0.96984978020191182
leaf_count=39 342 67 165 223 141 94 347 59 35 3234 26 28
internal_value=-0.00132272 0.0385034 0.0560767 0.0436906 -0.0249173 0.084377 -0.0205887 -0.0312645 -0.0307532 -0.0315869 0.00130714 -0.0830455
internal_weight=366.231 157.173 123.071 85.6047 34.1019 37.4663 31.7385 209.059 207.012 201.766 5.24658 2.36344
internal_count=4800 1104 549 388 555 161 488 3696 3637 3576 61 67
is_linear=0
shrinkage=0.08


Tree=14
num_leaves=13
num_cat=0
split_feature=0 0 1 4 4 4 1 4 4 4 4 1
split_gain=58.7446 23.1328 6.31998 2.48361 1.28806 1.25429 0.933107 0.843704 0.799894 2.72798 1.57524 8.25018e-07
threshold=1.5000000000000002 1.0000000180025095e-35 1.0000000180025095e-35 50.500000000000007 13.500000000000002 35.500000000000007 1.5000000000000002 80.500000000000014 46.500000000000007 42.500000000000007 56.500000000000007 1.5000000000000002
decision_type=2 2 2 2 2 2 2 2 2 2 2 2
left_child=1 4 5 -4 11 -3 -6 8 9 -2 -10 -1
right_child=7 2 3 -5 6 -7 -8 -9 10 -11 -12 -13
leaf_value=-0.082843845648495396 -0.028525585063052483 0.064486082533787167 0.032673172485685693 0.065552391381384537 -0.0085893378776916492 0.094096261367740477 -0.037180344564046355 -0.082747882493656416 -0.0089625031241287734 -0.064142721884762235 -0.034087055984104914 -0.082743974518450544
leaf_weight=1.2901199199259274 122.06640898436308 18.076700612902641 67.571136310696602 18.792837888002396 19.496015556156635 18.552719861268997 11.683637708425524 1.8942028433084477 31.478955656290054 15.511558156460522 32.418644323945045 0.89774855971336354
leaf_count=39 2251 74 305 83 280 87 208 59 549 292 545 28
internal_value=-0.00125873 0.0356105 0.0516379 0.0398277 -0.0234666 0.0794836 -0.019303 -0.0296057 -0.029106 -0.0325413 -0.0217095 -0.0828029
internal_weight=359.731 156.361 122.993 86.364 33.3675 36.6294 31.1797 203.37 201.476 137.578 63.8976 2.18787
internal_count=4800 1104 549 388 555 161 488 3696 3637 2543 1094 67
is_linear=0
shrinkage=0.08


Tree=15
num_leaves=13
num_cat=0
split_feature=0 0 1 1 4 4 1 2 4 4 0 4
split_gain=50.5384 19.5553 5.93981 2.39417 1.26396 1.25378 3.61323 1.91944 0.821856 0.814294 0.586148 0.0287825
threshold=1.5000000000000002 1.0000000180025095e-35 1.0000000180025095e-35 1.5000000000000002 35.500000000000007 27.500000000000004 1.0000000180025095e-35 1.0000000180025095e-35 80.500000000000014 74.500000000000014 4.5000000000000009 77.500000000000014
decision_type=2 2 2 2 2 2 2 2 2 2 2 2
left_child=1 5 4 -4 -3 6 -1 -7 9 10 -2 -11
right_child=8 2 3 -5 -6 7 -8 -9 -10 11 -12 -13
leaf_value=0.025335031587097833 -0.033508549249371737 0.059975835979950966 0.018867345220802755 0.046376380971555733 0.090060381141189819 -0.05536088544755062 -0.084372992687114165 -0.00066696487605880377 -0.082529655230866902 -0.001596480754969831 -0.024548198178157246 0.010437097202239098
leaf_weight=2.8694458827376348 81.17907302454114 17.889025270938873 31.98006796836853 55.194375649094582 17.861974060535431 5.258725460618737 5.814736619591713 18.743000011891127 1.7530055232346047 2.7371988743543616 110.08396878093481 2.376599058508873
leaf_count=47 1536 74 165 223 87 85 130 293 59 35 2040 26
internal_value=-0.0011977 0.0329225 0.0475464 0.0362847 0.0750067 -0.0220749 -0.048123 -0.0126503 -0.0279958 -0.027509 -0.0283513 0.00399603
internal_weight=353.741 155.611 122.925 87.1744 35.751 32.6859 8.68418 24.0017 198.13 196.377 191.263 5.1138
internal_count=4800 1104 549 388 161 555 177 378 3696 3637 3576 61
is_linear=0
shrinkage=0.08


Tree=16
num_leaves=13
num_cat=0
split_feature=0 0 1 4 4 4 4 4 4 4 4 1
split_gain=43.49 16.6087 5.53449 2.06772 1.27014 1.20898 0.902678 0.798455 0.729715 2.66271 1.48962 2.94217e-06
threshold=1.5000000000000002 1.0000000180025095e-35 1.0000000180025095e-35 50.500000000000007 33.500000000000007 13.500000000000002 63.500000000000007 80.500000000000014 46.500000000000007 42.500000000000007 56.500000000000007 1.5000000000000002
decision_type=2 2 2 2 2 2 2 2 2 2 2 2
left_child=1 5 4 -4 -3 11 -7 8 9 -2 -10 -1
right_child=7 2 3 -5 -6 6 -8 -9 10 -11 -12 -13
leaf_value=-0.082524104938302936 -0.025337342654030169 0.054402335551321845 0.02669834920573249 0.056452518609747017 0.085034603095271888 -0.022066667913978794 0.019900923051772504 -0.082329266473263052 -0.0062153283471468304 -0.061944412486547737 -0.031157586320661308 -0.082321673951189361
leaf_weight=1.1452967226505268 116.05665857717395 16.110800594091415 68.554309204220772 19.115793332457542 18.739931732416153 26.407600238919262 3.7452811412513247 1.6220067776739586 30.457708362489939 14.281543128192423 30.842239309102297 0.76739870756864537
leaf_count=39 2251 67 305 83 94 436 52 59 549 292 545 28
internal_value=-0.00113698 0.0304913 0.0439062 0.033186 0.0708739 -0.0207662 -0.0168539 -0.0264361 -0.025963 -0.0293485 -0.0187647 -0.0824429
internal_weight=347.847 154.586 122.521 87.6701 34.8507 32.0656 30.1529 193.26 191.638 130.338 61.2999 1.9127
internal_count=4800 1104 549 388 161 555 488 3696 3637 2543 1094 67
is_linear=0
shrinkage=0.08


Tree=17
num_leaves=14
num_cat=0
split_feature=0 0 1 1 4 4 1 4 4 4 4 1 4
split_gain=37.3995 14.0843 5.16178 2.10414 1.27406 1.15399 0.826811 0.773639 0.759844 0.593429 0.0246844 2.30004e-06 2.22045e-16
threshold=1.5000000000000002 1.0000000180025095e-35 1.0000000180025095e-35 1.5000000000000002 35.500000000000007 13.500000000000002 1.5000000000000002 80.500000000000014 74.500000000000014 12.500000000000002 77.500000000000014 1.5000000000000002 88.500000000000014
decision_type=2 2 2 2 2 2 2 2 2 2 2 2 2
left_child=1 5 4 -4 -3 11 -7 8 9 -2 -10 -1 -9
right_child=7 2 3 -5 -6 6 -8 12 10 -11 -12 -13 -14
leaf_value=-0.082324285218470031 -0.039907055615846461 0.051967715660380963 0.014241572909479878 0.03981025519035708 0.082978324006536805 -0.0056047598327064671 -0.033302472277875049 -0.082145177447712381 0.0010161501807927204 -0.023888689696329918 0.012276170694394042 -0.082138204126988995 -0.082145177447712214
leaf_weight=1.0597040709108139 16.250557832419872 17.458360940217972 32.757163256406784 55.496027529239655 16.485945492982864 18.829549301415682 10.884975865483286 0.99186928197741397 2.66658692061901 166.02087132632732 2.3389269337058067 0.70991637557744969 0.50865091383457184
leaf_count=39 342 74 165 223 87 280 208 39 35 3234 26 28 20
internal_value=-0.00107715 0.0282239 0.040517 0.0303199 0.0670288 -0.0194886 -0.0157509 -0.0249308 -0.0244724 -0.0253168 0.00627762 -0.0822496 -0.0821452
internal_weight=342.459 153.682 122.197 88.2532 33.9443 31.4841 29.7145 188.777 187.277 182.271 5.00551 1.76962 1.50052
internal_count=4800 1104 549 388 161 555 488 3696 3637 3576 61 67 59
is_linear=0
shrinkage=0.08


Tree=18
num_leaves=13
num_cat=0
split_feature=0 0 1 4 4 4 4 4 4 4 2 1
split_gain=32.17 11.9784 4.77504 1.82257 1.26344 1.09929 0.788468 0.747691 0.669401 0.602533 0.0220882 1.79894e-06
threshold=1.5000000000000002 1.0000000180025095e-35 1.0000000180025095e-35 12.500000000000002 35.500000000000007 13.500000000000002 63.500000000000007 80.500000000000014 74.500000000000014 56.500000000000007 1.0000000180025095e-35 1.5000000000000002
decision_type=2 2 2 2 2 2 2 2 2 2 2 2
left_child=1 5 4 -4 -3 11 -7 8 9 -2 -10 -1
right_child=7 2 3 -5 -6 6 -8 -9 10 -11 -12 -13
leaf_value=-0.082140701847648809 -0.021991712684791592 0.048449876168669068 -0.0098506466273289277 0.031292407828742895 0.079765615638253365 -0.01973966412681865 0.019510238436901389 -0.081976007943508608 -0.0013197638464221839 -0.035504379915169776 0.0097232009146943719 -0.081969593269290139
leaf_weight=0.98032766394317394 153.71207864955068 17.237244069576263 7.5312818735837928 81.031054526567459 15.806151688098906 25.549560852348808 3.7572714127600184 1.3878971710801113 1.8119556419551361 24.483091376721859 3.2179994322359562 0.65662869065999985
leaf_count=39 3092 74 33 355 87 436 52 59 22 484 39 28
internal_value=-0.00101586 0.0261687 0.0374768 0.0277936 0.0634296 -0.0182713 -0.0147076 -0.023479 -0.0230359 -0.0238483 0.00574516 -0.0820721
internal_weight=337.163 152.55 121.606 88.5623 33.0434 30.9438 29.3068 184.613 183.225 178.195 5.02996 1.63696
internal_count=4800 1104 549 388 161 555 488 3696 3637 3576 61 67
is_linear=0
shrinkage=0.08


Tree=19
num_leaves=14
num_cat=0
split_feature=0 0 1 1 4 4 1 4 4 4 4 1 0
split_gain=27.6359 10.1742 4.42027 1.83174 1.24638 1.04525 0.752686 0.720801 0.681172 2.64379 1.44269 1.40764e-06 2.22045e-16
threshold=1.5000000000000002 1.0000000180025095e-35 1.0000000180025095e-35 1.5000000000000002 35.500000000000007 13.500000000000002 1.0000000180025095e-35 80.500000000000014 46.500000000000007 42.500000000000007 47.500000000000007 1.5000000000000002 4.5000000000000009
decision_type=2 2 2 2 2 2 2 2 2 2 2 2 2
left_child=1 5 4 -4 -3 11 -7 8 9 -2 -10 -1 -9
right_child=7 2 3 -5 -6 6 -8 12 10 -11 -12 -13 -14
leaf_value=-0.081971977072344007 -0.020981869569396953 0.045182867554352947 0.010618569315754342 0.034324713904873461 0.076735748111792304 0.0044827279224767622 -0.02286676435462694 -0.081820480958756422 0.03697175307071069 -0.059211123483429294 -0.017609820879470089 -0.081814588966033622 -0.081820480958756298
leaf_weight=0.90674355626106506 108.67002636939287 17.014366388320923 33.374861210584641 55.63253191113472 15.143342033028601 9.6764012463390845 19.255989961326122 0.63088615797459968 3.2858973219990721 12.958031568676232 54.569755576550961 0.60724645853042603 0.65264085307717323
leaf_count=39 2251 74 165 223 87 141 347 29 62 292 1032 28 30
internal_value=-0.000956903 0.0242317 0.0346202 0.0254357 0.0600414 -0.0171106 -0.0137198 -0.0220829 -0.0216557 -0.0250547 -0.0145099 -0.0819089 -0.0818205
internal_weight=332.379 151.611 121.165 89.0074 32.1577 30.4464 28.9324 180.767 179.484 121.628 57.8557 1.51399 1.28353
internal_count=4800 1104 549 388 161 555 488 3696 3637 2543 1094 67 59
is_linear=0
shrinkage=0.08


Tree=20
num_leaves=13
num_cat=0
split_feature=0 0 1 4 4 4 1 4 4 4 4 2
split_gain=23.7514 8.66473 4.05839 1.71358 1.22731 1.00423 3.55944 2.10832 0.693106 0.642372 2.60342 2.56546
threshold=1.5000000000000002 1.0000000180025095e-35 1.0000000180025095e-35 50.500000000000007 33.500000000000007 27.500000000000004 1.0000000180025095e-35 30.500000000000004 80.500000000000014 12.500000000000002 16.500000000000004 1.5000000000000002
decision_type=2 2 2 2 2 2 2 2 2 2 2 2
left_child=1 5 4 -4 -3 6 -1 -7 9 11 -11 -2
right_child=8 2 3 -5 -6 7 -8 -9 -10 10 -12 -13
leaf_value=0.031177123443047797 -0.047953922141157498 0.040688022615650576 0.017505196337216165 0.044381122994350632 0.072379602953880087 0.069426680941598748 -0.083691684892095414 -0.015371121431043078 -0.081677459643009542 0.028529214272986346 -0.021041495196218167 0.055937911727458003
leaf_weight=2.7281476166099337 13.36113907769322 15.347305148839952 69.779887691140175 19.405323073267937 15.947089195251463 2.0656708851456669 4.702142596244812 20.489909555763006 1.1868352890014637 7.0932667665183535 153.86971210315824 1.7166255302727229
leaf_count=47 303 67 305 83 94 35 130 343 59 148 3147 39
internal_value=-0.000901741 0.0224731 0.0320505 0.023353 0.0568375 -0.016008 -0.0415158 -0.00760522 -0.0207469 -0.0203361 -0.018857 -0.0361257
internal_weight=327.693 150.465 120.48 89.1852 31.2944 29.9859 7.43029 22.5556 177.228 176.041 160.963 15.0778
internal_count=4800 1104 549 388 161 555 177 378 3696 3637 3295 342
is_linear=0
shrinkage=0.08


Tree=21
num_leaves=12
num_cat=0
split_feature=0 0 1 1 4 4 4 4 4 4 1
split_gain=20.3807 7.38214 3.72449 1.59749 1.20364 0.964618 0.706882 0.664886 0.639298 0.563989 2.74442e-06
threshold=1.5000000000000002 1.0000000180025095e-35 1.0000000180025095e-35 1.5000000000000002 35.500000000000007 13.500000000000002 63.500000000000007 80.500000000000014 78.500000000000014 10.500000000000002 1.5000000000000002
decision_type=2 2 2 2 2 2 2 2 2 2 2
left_child=1 5 4 -4 -3 10 -7 8 9 -2 -1
right_child=7 2 3 -5 -6 6 -8 -9 -10 -11 -12
leaf_value=-0.081773683935087382 -0.036355586025230931 0.039229456348634298 0.0077078011800287205 0.029747507890709648 0.071158116235490634 -0.016794264842934156 0.020628576743206849 -0.081545896119605804 0.037822077932400222 -0.018243771966857388 -0.081537799039016368
leaf_weight=0.80786599591374642 11.817095033824442 16.562937155365947 33.858523786067963 55.629345908761024 13.896174430847166 24.522659145295624 3.7204789891839019 1.0972828548401583 1.2547038532793511 159.79973431676626 0.51811964809894562
leaf_count=39 277 74 165 223 87 436 52 59 15 3345 28
internal_value=-0.000853212 0.0208071 0.029633 0.0214086 0.0537961 -0.0149954 -0.0118645 -0.019469 -0.0190749 -0.0194909 -0.0816815
internal_weight=323.485 149.516 119.947 89.4879 30.4591 29.5691 28.2431 173.969 172.872 171.617 1.32599
internal_count=4800 1104 549 388 161 555 488 3696 3637 3622 67
is_linear=0
shrinkage=0.08


Tree=22
num_leaves=13
num_cat=0
split_feature=0 0 1 4 4 4 1 4 4 4 4 4
split_gain=17.4924 6.29155 3.39422 1.49075 1.16837 1.08511 1.08363 0.636435 0.619499 2.57294 1.41123 2.22045e-16
threshold=1.5000000000000002 1.0000000180025095e-35 1.0000000180025095e-35 12.500000000000002 35.500000000000007 74.500000000000014 1.0000000180025095e-35 80.500000000000014 46.500000000000007 42.500000000000007 56.500000000000007 83.500000000000014
decision_type=2 2 2 2 2 2 2 2 2 2 2 2
left_child=1 5 4 -4 -3 6 -1 8 9 -2 -10 -9
right_child=7 2 3 -5 -6 -7 -8 11 10 -11 -12 -13
leaf_value=0.0047131010270761962 -0.017153462662827988 0.036579223346725635 -0.01427842756522771 0.022813904823617958 0.068506836004392987 0.066099876703474947 -0.028341689375515872 -0.081424841753466745 0.0017935884531590856 -0.056526007010410842 -0.023784275995334909 -0.081424841753466592
leaf_weight=9.6740287095308357 102.85566031932831 16.350947901606563 7.5751249194145194 81.998027294874191 13.303890287876127 1.0436001494526852 18.457993559539318 0.3438524156808842 27.803901083767414 11.84578628093004 27.420409265905619 0.67051221057772636
leaf_count=151 2251 74 33 355 87 14 390 20 549 292 545 39
internal_value=-0.000799557 0.0192953 0.0274436 0.019677 0.0509027 -0.0140033 -0.0169748 -0.0182451 -0.017868 -0.0212197 -0.0109065 -0.0814248
internal_weight=319.344 148.404 119.228 89.5732 29.6548 29.1756 28.132 170.94 169.926 114.701 55.2243 1.01436
internal_count=4800 1104 549 388 161 555 541 3696 3637 2543 1094 59
is_linear=0
shrinkage=0.08


Tree=23
num_leaves=13
num_cat=0
split_feature=0 0 1 4 4 4 4 4 4 0 2 1
split_gain=14.9961 5.35393 3.09218 1.42043 1.12828 0.918771 0.615039 0.607789 0.591541 0.625784 0.0176343 2.60209e-06
threshold=1.5000000000000002 1.0000000180025095e-35 1.0000000180025095e-35 50.500000000000007 35.500000000000007 13.500000000000002 43.500000000000007 80.500000000000014 74.500000000000014 4.5000000000000009 1.0000000180025095e-35 1.5000000000000002
decision_type=2 2 2 2 2 2 2 2 2 2 2 2
left_child=1 5 4 -4 -3 11 -7 8 9 -2 -10 -1
right_child=7 2 3 -5 -6 6 -8 -9 10 -11 -12 -13
leaf_value=-0.081619341462560877 -0.023345316462705355 0.03409885916020361 0.012750827957563333 0.037145975101077942 0.065943491146659469 0.00012954104438540071 -0.024040762323644604 -0.081313425614345264 0.0044621204582416399 -0.013292588583959665 0.014587796091479791 -0.081377782647139268
leaf_weight=0.7363461405038858 68.62968460470438 16.14584676921368 70.296100959181786 19.516249373555183 12.738875940442083 15.939121611416342 11.671654008328913 0.93760750070214172 1.7122271731495846 93.793331243097782 3.0822969786822796 0.46603260189294815
leaf_count=39 1536 74 305 83 87 292 196 59 22 2040 39 28
internal_value=-0.000751571 0.0178654 0.0253745 0.0180519 0.0481431 -0.0130689 -0.0100878 -0.0170829 -0.0167227 -0.0175402 0.0109717 -0.0815257
internal_weight=315.665 147.51 118.697 89.8124 28.8847 28.8132 27.6108 168.155 167.218 162.423 4.79452 1.20238
internal_count=4800 1104 549 388 161 555 488 3696 3637 3576 61 67
is_linear=0
shrinkage=0.08


Tree=24
num_leaves=12
num_cat=0
split_feature=0 0 1 4 4 4 4 4 4 2 4
split_gain=12.8471 4.55695 2.80507 1.44318 1.08978 0.927781 0.968035 0.579262 0.554874 2.37182 2.34123
threshold=1.5000000000000002 1.0000000180025095e-35 1.0000000180025095e-35 62.500000000000007 33.500000000000007 74.500000000000014 67.500000000000014 80.500000000000014 12.500000000000002 1.5000000000000002 16.500000000000004
decision_type=2 2 2 2 2 2 2 2 2 2 2
left_child=1 5 4 -4 -3 6 -1 8 9 -2 -10
right_child=7 2 3 -5 -6 -7 -8 -9 10 -11 -12
leaf_value=-0.011885915575494939 -0.043535389520046729 0.030362137755828484 0.019855959848227724 -0.014682870886268566 0.061866437459249017 0.060521403766527496 -0.086530692692434866 -0.081210846890001298 0.031161199821123798 0.05745025255531986 -0.01641820775690668
leaf_weight=26.241114851087339 12.02374134585261 14.617859378457071 81.43969888985157 8.555991515517233 13.532555654644964 1.0807450637221325 1.1611168831586827 0.86656969599425693 6.9376841336488715 1.6987791955471045 144.04226672649384
leaf_count=524 303 67 352 36 94 14 17 59 148 39 3147
internal_value=-0.00070293 0.0165418 0.0234665 0.0165723 0.045507 -0.0121814 -0.0150488 -0.015975 -0.0156318 -0.0310339 -0.0142319
internal_weight=312.198 146.629 118.146 89.9957 28.1504 28.483 27.4022 165.569 164.702 13.7225 150.98
internal_count=4800 1104 549 388 161 555 541 3696 3637 342 3295
is_linear=0
shrinkage=0.08


Tree=25
num_leaves=15
num_cat=0
split_feature=0 0 1 1 4 4 4 4 1 0 4 4 4 0
split_gain=10.9998 3.87689 2.5376 1.42443 1.04523 0.978305 0.982344 0.557542 2.70714 3.0617 2.07442 1.31778 0.640148 0.594409
threshold=1.5000000000000002 1.0000000180025095e-35 1.0000000180025095e-35 1.5000000000000002 35.500000000000007 76.500000000000014 67.500000000000014 1.5000000000000002 1.5000000000000002 5.5000000000000009 10.500000000000002 16.500000000000004 6.5000000000000009 4.5000000000000009
decision_type=2 2 2 2 2 2 2 2 2 2 2 2 2 2
left_child=1 5 4 -4 -3 6 -1 8 13 -10 12 -12 -9 -2
right_child=7 2 3 -5 -6 -7 -8 10 9 -11 11 -13 -14 -15
leaf_value=-0.011055339693105425 0.00073465132674166336 0.029527072547254642 0.002501752245803564 0.023160826849730417 0.061090825345268031 0.064422027528137471 -0.086168890598507006 -0.033753774542814467 -0.0075816503474531892 0.19576534064011625 0.014740066076342085 -0.01570896145669879 -0.083371171157044885 -0.083471867460751706
leaf_weight=25.96736444532872 0.95177083089947645 15.747580483555796 34.730036094784737 55.484108746051788 11.705570429563521 1.0499961376190174 1.1642740480601776 3.2234819531440726 1.0568581931293008 0.85907632112503041 9.7157848589122278 142.72597854025662 3.4401582181453705 1.2296444103121755
leaf_count=524 25 74 165 223 87 13 18 83 28 21 213 3206 89 31
internal_value=-0.000660051 0.0153053 0.0216885 0.0152076 0.0429853 -0.0113464 -0.0142786 -0.0149278 0.01421 0.0835961 -0.0156782 -0.0137683 -0.0593692 -0.0467318
internal_weight=309.052 145.849 117.667 90.2141 27.4532 28.1816 27.1316 163.203 4.09735 1.91593 159.105 152.442 6.66364 2.18142
internal_count=4800 1104 549 388 161 555 542 3696 105 49 3591 3419 172 56
is_linear=0
shrinkage=0.08


Tree=26
num_leaves=16
num_cat=0
split_feature=0 0 1 4 4 4 1 2 4 0 2 4 2 0 4
split_gain=9.42566 3.30625 2.27961 1.34969 0.993821 0.897421 3.39342 1.96599 0.502965 2.01296 1.36934 1.29756 1.28448 5.1518 1.52697
threshold=1.5000000000000002 1.0000000180025095e-35 1.0000000180025095e-35 50.500000000000007 35.500000000000007 27.500000000000004 1.0000000180025095e-35 1.0000000180025095e-35 30.500000000000004 4.5000000000000009 1.5000000000000002 27.500000000000004 1.5000000000000002 2.5000000000000004 35.500000000000007
decision_type=2 2 2 2 2 2 2 2 2 2 2 2 2 2 2
left_child=1 5 4 -4 -3 6 -1 -7 9 10 -2 -11 14 -14 -10
right_child=8 2 3 -5 -6 7 -8 -9 12 11 -12 -13 13 -15 -16
leaf_value=0.033357438109969675 -0.045209959330499525 0.027491386345156601 0.0088479318782071076 0.03259954659138127 0.05872016819174835 -0.049442964545686974 -0.08319053478263376 0.010079557788994812 0.018041388374419404 -2.7729230201023413e-05 0.0093055655575797376 -0.041899462634664146 0.071346535927214669 -0.05271030909349645 -0.011333726388701573
leaf_weight=2.6781111042946604 20.800675377249721 15.568246096372606 70.628490149974823 19.550300225615501 11.223998934030531 4.5069810450077084 3.9674308244138956 16.749817363917828 13.349619932472704 27.677238296717405 3.4359365440905085 5.7145348303019992 2.573126219213008 12.797961268573998 74.687638361938298
leaf_count=47 500 74 305 83 87 85 130 293 306 638 79 129 58 297 1689
internal_value=-0.00062333 0.014182 0.0200846 0.0139972 0.040574 -0.0105628 -0.0362224 -0.00254073 -0.0139426 -0.0199316 -0.0374815 -0.00719349 -0.010605 -0.0319431 -0.0068794
internal_weight=305.91 144.873 116.971 90.1788 26.7922 27.9023 6.64554 21.2568 161.037 57.6284 24.2366 33.3918 103.408 15.3711 88.0373
internal_count=4800 1104 549 388 161 555 177 378 3696 1346 579 767 2350 355 1995
is_linear=0
shrinkage=0.08


Tree=27
num_leaves=16
num_cat=0
split_feature=0 0 1 4 4 4 4 2 0 0 4 1 4 4 1
split_gain=8.06506 2.82219 2.04603 1.35247 0.942897 0.856427 0.600229 0.49557 1.74202 5.04622 1.30696 3.2054 1.47213 1.28271 3.46357e-06
threshold=1.5000000000000002 1.0000000180025095e-35 1.0000000180025095e-35 62.500000000000007 33.500000000000007 13.500000000000002 43.500000000000007 1.0000000180025095e-35 6.5000000000000009 5.5000000000000009 1.5000000000000002 1.5000000000000002 12.500000000000002 16.500000000000004 1.5000000000000002
decision_type=2 2 2 2 2 2 2 2 2 2 2 2 2 2 2
left_child=1 5 4 -4 -3 14 -7 8 9 -2 11 -9 -12 -10 -1
right_child=7 2 3 -5 -6 6 -8 10 13 -11 12 -13 -14 -15 -16
leaf_value=-0.081444597665253082 -0.02724298214622364 0.024266900170522229 0.016025670074213058 -0.017433165986587125 0.05473892016393872 0.0031479360316694805 -0.021191904775402077 -0.036208851277670144 0.019959630494058446 0.057198608711459827 -0.047975297516456551 0.12286992663557074 -0.0096153110510929316 -0.058666855270899043 -0.081142211012618648
leaf_weight=0.64448791928589588 22.510994649492208 14.145833343267443 81.7483861297369 8.5396162271499616 12.022220224142073 15.414740189909937 11.192420300096272 1.7015039213001719 1.5430051498115052 5.6701918356120578 6.7994823493063441 1.5483435392379761 109.74276755191386 9.5264161862432939 0.38859745487570763
leaf_count=39 519 67 352 36 94 292 196 46 37 129 182 37 2524 222 28
internal_value=-0.000593576 0.0131153 0.0185697 0.0128611 0.0382665 -0.00986553 -0.00709073 -0.0130142 -0.0208156 -0.0102529 -0.010458 0.039582 -0.0118534 -0.0477068 -0.0813309
internal_weight=303.139 144.096 116.456 90.288 26.1681 27.6402 26.6072 159.043 39.2506 28.1812 119.792 3.24985 116.542 11.0694 1.03309
internal_count=4800 1104 549 388 161 555 488 3696 907 648 2789 83 2706 259 67
is_linear=0
shrinkage=0.08


Tree=28
num_leaves=15
num_cat=0
split_feature=0 0 1 4 4 4 4 4 4 4 4 3 2 0
split_gain=6.90131 2.40083 1.83173 1.26656 0.893861 0.821627 0.938481 0.500573 3.31811 2.46089 1.48448 3.09378 1.41985 0.661111
threshold=1.5000000000000002 1.0000000180025095e-35 1.0000000180025095e-35 50.500000000000007 35.500000000000007 76.500000000000014 67.500000000000014 45.500000000000007 42.500000000000007 41.500000000000007 56.500000000000007 1.0000000180025095e-35 1.5000000000000002 5.5000000000000009
decision_type=2 2 2 2 2 2 2 2 2 2 2 2 2 2
left_child=1 5 4 -4 -3 6 -1 8 9 -2 11 -9 -12 -10
right_child=7 2 3 -5 -6 -7 -8 10 13 -11 12 -13 -14 -15
leaf_value=-0.0088840151193396479 -0.013666598473740535 0.023724694605726758 0.0068332501877994868 0.029816358064850546 0.054190822644051569 0.059024741740125154 -0.085567748985722877 0.0015399195235061241 -0.083059768717858196 0.055093614373239473 -0.011779730146298184 0.1402034160274683 -0.063869404795344295 -0.03736338721454726
leaf_weight=25.249388320371516 91.360513165593147 15.224921181797983 70.851823017001152 19.588472709059715 10.355387561023234 1.0858427360653866 1.0644679591059674 27.082984969019893 4.8224148266017419 3.4572373926639548 21.968576458282772 1.0704860575497139 3.9513999707996836 3.4945461712777615
leaf_count=524 2170 74 305 83 87 13 18 585 136 81 506 24 98 96
internal_value=-0.000563248 0.0121271 0.0171571 0.0118112 0.036058 -0.00917194 -0.0119861 -0.0121406 -0.0154093 -0.0111595 -0.00590615 0.00681235 -0.0197206 -0.0638595
internal_weight=300.628 143.42 116.021 90.4403 25.5803 27.3997 26.3139 157.208 103.135 94.8178 54.0734 28.1535 25.92 8.31696
internal_count=4800 1104 549 388 161 555 542 3696 2483 2251 1213 609 604 232
is_linear=0
shrinkage=0.08


Tree=29
num_leaves=16
num_cat=0
split_feature=0 0 1 4 4 4 1 2 4 4 2 4 0 4 0
split_gain=5.90328 2.0438 1.63333 1.26315 0.83744 0.816041 3.15808 1.78177 0.460989 2.01528 1.70744 1.22133 4.36544 1.37299 7.30095e-06
threshold=1.5000000000000002 1.0000000180025095e-35 1.0000000180025095e-35 62.500000000000007 35.500000000000007 27.500000000000004 1.0000000180025095e-35 1.0000000180025095e-35 10.500000000000002 6.5000000000000009 1.0000000180025095e-35 16.500000000000004 4.5000000000000009 22.500000000000004 3.5000000000000004
decision_type=2 2 2 2 2 2 2 2 2 2 2 2 2 2 2
left_child=1 5 4 -4 -3 6 -1 -7 9 10 -2 12 -10 -13 -11
right_child=8 2 3 -5 -6 7 -8 -9 11 14 -12 13 -14 -15 -16
leaf_value=0.031315189839895806 -0.083279426197412007 0.022055420419865485 0.013906905933546048 -0.018424442252493168 0.051955617083865875 -0.047068052453018448 -0.082932857795967138 0.010940998832549799 -0.044632494551202377 -0.082705464896161179 0.014876965626517634 -0.037724241844207966 0.065126366988116982 -0.0095784666184409936 -0.082985580091595582
leaf_weight=2.7202260214835432 1.4161222726106624 15.07354447245598 81.976733550429344 8.5393225848674756 9.9536419585347158 4.2576417513191727 3.5948292147368193 16.605416793376207 4.0873469710350019 0.82032587379217181 5.6971508748829365 12.184225786477326 5.3609328269958496 123.7675073640421 2.1728828884661198
leaf_count=47 38 74 352 36 87 85 130 293 96 26 150 290 117 2916 63
internal_value=-0.000533577 0.0112152 0.0158582 0.0108568 0.0339471 -0.00852392 -0.0337202 -0.000897235 -0.0113164 -0.0278377 -0.00466417 -0.010168 0.0176444 -0.0121009 -0.0829088
internal_weight=298.228 142.721 115.543 90.5161 25.0272 27.1781 6.31506 20.8631 155.506 10.1065 7.11327 145.4 9.44828 135.952 2.99321
internal_count=4800 1104 549 388 161 555 177 378 3696 277 188 3419 213 3206 89
is_linear=0
shrinkage=0.08


Tree=30
num_leaves=13
num_cat=0
split_feature=0 4 4 4 0 4 4 4 4 4 2 4
split_gain=5.08819 2.95833 2.55074 2.78201 1.63813 3.60538 2.87453 0.809377 0.782673 0.656564 0.547621 0.000867502
threshold=2.5000000000000004 77.500000000000014 62.500000000000007 50.500000000000007 3.5000000000000004 46.500000000000007 52.500000000000007 78.500000000000014 6.5000000000000009 74.500000000000014 1.0000000180025095e-35 80.500000000000014
decision_type=2 2 2 2 2 2 2 2 2 2 2 2
left_child=1 2 3 -1 5 8 -7 9 -2 -6 -4 -9
right_child=4 -3 10 -5 7 6 -8 11 -10 -11 -12 -13
leaf_value=0.0059681931433719941 0.018767694225775393 0.085100058113072599 0.0047482278355695066 0.037394829926804575 -0.0085903412128956486 0.083620756549220965 -0.022703982982524028 -0.085957821261119047 -0.063652277624779624 0.038706287862235074 -0.033948595936686726 -0.081022960046157472
leaf_weight=126.1870136577636 0.78507230617106216 3.1965320128947488 2.989537149667739 21.032688800245523 108.60089109838009 2.3842558041214934 5.1260697357356548 0.44003423675894637 12.140145421028135 1.9115005359053601 10.780713051557539 0.47309079766273499
leaf_count=1245 22 37 32 223 2586 51 111 8 312 32 103 38
internal_value=-0.000507546 0.00889143 0.00737827 0.010458 -0.0122107 -0.0330318 0.0110503 -0.00839204 -0.0586461 -0.00777227 -0.0255475 -0.0834011
internal_weight=296.048 164.186 160.99 147.22 131.861 20.4355 7.51033 111.426 12.9252 110.512 13.7703 0.913125
internal_count=4800 1640 1603 1468 3160 496 162 2664 334 2618 135 46
is_linear=0
shrinkage=0.08


Tree=31
num_leaves=16
num_cat=0
split_feature=0 0 1 1 4 4 4 2 0 0 4 4 1 4 1
split_gain=4.4264 1.75851 1.47238 1.28021 0.775434 0.77165 0.653945 0.448999 1.6342 4.2497 1.23209 0.977132 2.40499 1.3355 1.75809e-05
threshold=1.5000000000000002 1.0000000180025095e-35 1.0000000180025095e-35 1.5000000000000002 33.500000000000007 13.500000000000002 63.500000000000007 1.0000000180025095e-35 6.5000000000000009 5.5000000000000009 16.500000000000004 1.5000000000000002 1.5000000000000002 12.500000000000002 1.0000000180025095e-35
decision_type=2 2 2 2 2 2 2 2 2 2 2 2 2 2 2
left_child=1 5 4 -4 -3 14 -7 8 9 -2 -10 12 -9 -13 -1
right_child=7 2 3 -5 -6 6 -8 11 10 -11 -12 13 -14 -15 -16
leaf_value=-0.081735788289387185 -0.023815566126299915 0.018857216747407476 -0.0025392836371906191 0.016932887355112877 0.047610119491068241 -0.011107548952224077 0.025830854580097325 -0.03437288747594424 0.021954254449365211 0.053287002914408028 -0.05619375498297581 -0.044659029061363487 0.10082921063360017 -0.0066201805277459128 -0.080965571432991074
leaf_weight=0.2702130656689431 21.303525043651465 13.711565956473352 35.532169595360756 55.145288541913033 10.677508741617201 22.733496725559238 3.5457804054021826 1.6416913904249659 1.5138700455427159 5.8263474442064753 8.7773326784372312 6.2567573487758628 1.7286633029580116 105.67603011243045 0.63630828447639942
leaf_count=13 519 67 165 223 94 436 52 46 37 129 222 182 37 2524 54
internal_value=-0.00048171 0.00967249 0.0139959 0.00930267 0.0314452 -0.00862686 -0.00612357 -0.00993966 -0.0175538 -0.0072572 -0.0446979 -0.00746853 0.0349726 -0.00874646 -0.0811952
internal_weight=294.977 142.252 115.067 90.6775 24.3891 27.1858 26.2793 152.724 37.4211 27.1299 10.2912 115.303 3.37035 111.933 0.906521
internal_count=4800 1104 549 388 161 555 488 3696 907 648 259 2789 83 2706 67
is_linear=0
shrinkage=0.08


Tree=32
num_leaves=13
num_cat=0
split_feature=0 4 4 4 0 4 4 4 4 1 4 4
split_gain=3.81651 2.37833 2.30386 1.56577 1.47072 3.32685 2.29718 0.75552 0.709018 0.605544 0.588116 0.000641434
threshold=2.5000000000000004 77.500000000000014 67.500000000000014 12.500000000000002 3.5000000000000004 46.500000000000007 52.500000000000007 78.500000000000014 6.5000000000000009 1.5000000000000002 10.500000000000002 80.500000000000014
decision_type=2 2 2 2 2 2 2 2 2 2 2 2
left_child=1 2 3 -1 5 8 -7 10 -2 -4 -6 -9
right_child=4 -3 9 -5 7 6 -8 11 -10 -11 -12 -13
leaf_value=-0.017837502657027542 0.015531833601488867 0.075042609318536679 -0.018086798773170189 0.010965902977029856 -0.028473911068092016 0.072753086834161138 -0.020687866966769299 -0.085373109762080443 -0.061974017643856155 -0.063510391522209955 -0.0049581050920372988 -0.080927149599971812
leaf_weight=13.227110221050678 0.80939381197095173 3.2855318235233417 4.79101987928152 139.12176654022187 7.2956644594669333 2.5443404093384734 4.9788189856335521 0.40214669704437156 11.320525735616682 3.0895150378346443 101.5149069391191 0.42948414850980043
leaf_count=158 22 37 42 1380 203 51 111 8 312 23 2415 38
internal_value=-0.000456627 0.007665 0.00628341 0.00846516 -0.0107277 -0.0308806 0.010914 -0.00711539 -0.0568023 -0.0358948 -0.00653482 -0.0830771
internal_weight=292.81 163.515 160.229 152.349 129.295 19.6531 7.52316 109.642 12.1299 7.88053 108.811 0.831631
internal_count=4800 1640 1603 1538 3160 496 162 2664 334 65 2618 46
is_linear=0
shrinkage=0.08


Tree=33
num_leaves=15
num_cat=0
split_feature=0 0 4 4 1 4 4 3 4 4 4 2 4 4
split_gain=3.3228 1.54443 1.45637 6.98073 1.05445 1.03171 1.11265 0.42231 1.88942 3.19221 0.827645 0.430028 3.4525 1.29971
threshold=1.5000000000000002 1.0000000180025095e-35 50.500000000000007 53.500000000000007 1.0000000180025095e-35 77.500000000000014 67.500000000000014 1.0000000180025095e-35 49.500000000000007 62.500000000000007 16.500000000000004 1.5000000000000002 13.500000000000002 12.500000000000002
decision_type=2 2 2 2 2 2 2 2 2 2 2 2 2 2
left_child=1 5 4 -4 -3 6 -1 11 10 -10 -9 13 -13 -2
right_child=7 2 3 -5 -6 -7 -8 8 9 -11 -12 12 -14 -15
leaf_value=-0.0081310987998374148 -0.03402147758088904 0.02422338849131106 0.10949444189987828 0.0063655272263467158 0.0032830423620846469 0.071466474736498059 -0.085933180753277993 0.0037313563054949795 0.11702549568786727 -0.086350469786670839 -0.083329660721391099 0.084346462782938794 -0.028784022213265231 -0.0036583840954172932
leaf_weight=24.988660780712969 9.7998159080743772 19.645512752234936 5.4553373530507114 18.26496247202158 71.047872096300125 0.98838925361633201 1.2345181442797173 0.91686048731207792 1.1906657777726652 0.84410956967622031 2.9388542361557484 1.8993828929960752 18.962422586977482 113.77000868879259
leaf_count=524 291 121 26 97 305 10 21 24 24 17 78 43 474 2745
internal_value=-0.000432119 0.00836076 0.012435 0.0300837 0.00781903 -0.0087696 -0.0117938 -0.00871629 -0.0297129 0.0326567 -0.0626272 -0.00785996 -0.0184839 -0.00606636
internal_weight=291.947 141.625 114.414 23.7203 90.6934 27.2116 26.2232 150.322 5.89049 2.03478 3.85571 144.432 20.8618 123.57
internal_count=4800 1104 549 123 426 555 545 3696 143 41 102 3553 517 3036
is_linear=0
shrinkage=0.08


Tree=34
num_leaves=13
num_cat=0
split_feature=0 4 4 4 0 4 4 0 4 4 4 4
split_gain=2.85277 1.8472 1.94723 4.21547 1.30223 2.96367 1.86839 1.05958 0.7082 0.67926 0.562701 0.00049312
threshold=2.5000000000000004 77.500000000000014 56.500000000000007 50.500000000000007 3.5000000000000004 46.500000000000007 54.500000000000007 1.5000000000000002 78.500000000000014 16.500000000000004 74.500000000000014 80.500000000000014
decision_type=2 2 2 2 2 2 2 2 2 2 2 2
left_child=1 2 3 -1 5 9 -7 -4 10 -2 -6 -10
right_child=4 -3 7 -5 8 6 -8 -9 11 -11 -12 -13
leaf_value=0.00414692167282661 -0.017221309921110841 0.064844210606735175 -0.0097188191050234414 0.050845300230379718 -0.0062493926810686653 0.052945913389263667 -0.026647630684950907 -0.059450150533233867 -0.084918163652043147 -0.064944753992028023 0.037323247592486085 -0.080848238616310242
leaf_weight=125.29207289312035 2.4305167719721821 3.41051529534161 17.533187665045265 13.726924091577528 105.45459041185677 3.4884117506444445 4.1129689309746027 3.250178523361682 0.36941288411617179 8.8917655125260335 1.9315785467624653 0.39345856197178364
leaf_count=1245 72 37 147 135 2586 68 94 76 8 262 32 38
internal_value=-0.000410961 0.00658681 0.00534348 0.00875798 -0.00939894 -0.0287594 0.00987929 -0.017496 -0.00601128 -0.0547001 -0.00546564 -0.0828191
internal_weight=290.286 163.213 159.802 139.019 127.073 18.9237 7.60138 20.7834 108.149 11.3223 107.386 0.762871
internal_count=4800 1640 1603 1380 3160 496 162 223 2664 334 2618 46
is_linear=0
shrinkage=0.08


Tree=35
num_leaves=15
num_cat=0
split_feature=0 0 1 1 4 4 4 2 0 0 4 4 1 4
split_gain=2.43561 1.3282 1.23922 1.15668 0.740605 0.704991 1.01622 0.428175 1.49853 3.62529 1.20839 0.859981 1.88162 1.15362
threshold=1.5000000000000002 1.0000000180025095e-35 1.0000000180025095e-35 1.5000000000000002 35.500000000000007 77.500000000000014 67.500000000000014 1.0000000180025095e-35 6.5000000000000009 4.5000000000000009 16.500000000000004 1.5000000000000002 1.5000000000000002 12.500000000000002
decision_type=2 2 2 2 2 2 2 2 2 2 2 2 2 2
left_child=1 5 4 -4 -3 6 -1 8 9 -2 -10 12 -9 -13
right_child=7 2 3 -5 -6 -7 -8 11 10 -11 -12 13 -14 -15
leaf_value=-0.0080341576311097323 -0.03092855446059924 0.016188748143850202 -0.0045170036798222318 0.013972542001938213 0.045502611479925237 0.054101235773973078 -0.085399123579353586 -0.030770911980829391 0.02451201390772503 0.028900058768449789 -0.054049563037759624 -0.041172179442065797 0.08919867675284511 -0.0043973614126087083
leaf_weight=24.95991304516793 15.116856592707338 14.529948353767397 35.775812417268753 54.85825489461422 8.8913455903530103 1.0957160219550122 1.1360813602805127 1.5341634899377814 1.4788655601441849 11.34770345315337 8.2059511952102167 5.7655134350061408 1.8404361568391323 102.81506655365229
leaf_count=524 386 74 165 223 87 10 21 46 37 262 222 182 37 2524
internal_value=-0.000390424 0.00712537 0.0109132 0.0066742 0.0273171 -0.00876269 -0.0114022 -0.00755823 -0.0151281 -0.00527472 -0.0420533 -0.00511398 0.034658 -0.00635007
internal_weight=289.352 141.247 114.055 90.6341 23.4213 27.1917 26.096 148.105 36.1494 26.4646 9.68482 111.955 3.3746 108.581
internal_count=4800 1104 549 388 161 555 545 3696 907 648 259 2789 83 2706
is_linear=0
shrinkage=0.08


Tree=36
num_leaves=13
num_cat=0
split_feature=0 4 4 4 0 4 1 4 4 4 2 1
split_gain=2.15931 1.43385 1.67269 1.31772 1.13538 2.72277 1.79526 0.686544 0.573106 3.20791 1.80588 0.548844
threshold=2.5000000000000004 77.500000000000014 67.500000000000014 12.500000000000002 3.5000000000000004 46.500000000000007 1.5000000000000002 35.500000000000007 16.500000000000004 12.500000000000002 1.5000000000000002 1.5000000000000002
decision_type=2 2 2 2 2 2 2 2 2 2 2 2
left_child=1 2 3 -1 5 7 -7 -2 9 -6 -10 -4
right_child=4 -3 11 -5 8 6 -8 -9 10 -11 -12 -13
leaf_value=-0.017834259472894846 -0.038983476338572846 0.056305781036151928 -0.014666806305533096 0.0087340126395017946 -0.018970046153227671 0.043293056617869148 -0.035356011428625121 -0.082650010110348962 -0.0028452519512320506 0.061820509769274001 -0.034821127756277721 -0.058708841272361756
leaf_weight=13.078121596947311 7.2934662681072968 3.5082945898175231 4.5781994722783557 138.19913506973535 8.7101693209260684 4.3725827857851973 3.2292230110615492 3.3687013182789087 80.159508857876062 4.9233695827424517 13.159507673233746 2.9959400035440922
leaf_count=158 224 37 42 1380 251 93 69 110 1969 100 344 23
internal_value=-0.000370308 0.00571753 0.00460027 0.00643715 -0.00826399 -0.0266983 0.00988318 -0.0527799 -0.00511601 0.0102052 -0.00735437 -0.0320876
internal_weight=287.576 162.36 158.851 151.277 125.217 18.264 7.60181 10.6622 106.953 13.6335 93.319 7.57414
internal_count=4800 1640 1603 1538 3160 496 162 334 2664 351 2313 65
is_linear=0
shrinkage=0.08


Tree=37
num_leaves=13
num_cat=0
split_feature=0 4 4 4 2 0 4 4 4 4 4 2
split_gain=1.8414 1.18482 1.49983 3.52634 1.04746 1.00471 2.46455 1.51775 0.689192 0.482983 2.58216 1.59757
threshold=2.5000000000000004 77.500000000000014 56.500000000000007 50.500000000000007 1.0000000180025095e-35 3.5000000000000004 46.500000000000007 52.500000000000007 35.500000000000007 16.500000000000004 12.500000000000002 1.5000000000000002
decision_type=2 2 2 2 2 2 2 2 2 2 2 2
left_child=1 2 3 -1 -4 6 8 -8 -2 10 -7 -11
right_child=5 -3 4 -5 -6 9 7 -9 -10 11 -12 -13
leaf_value=0.0029603830884893201 -0.037250373686807663 0.050796581174313848 0.019130092758346255 0.045570329554693326 -0.025421469831940297 -0.017774050392725168 0.055229994125750359 -0.018403426860436497 -0.082439950588864205 -0.0026247309352507497 0.053691204471168368 -0.0331223439595223
leaf_weight=124.92826354503632 7.033135564997794 3.5747502930462352 4.2761745601892498 13.803803365677593 16.070704579353333 8.5590360891073924 2.8505186811089507 4.8225056584924459 3.1173049472272396 79.951718838885427 5.2025496810674658 12.745186185464261
leaf_count=1245 224 37 47 135 176 251 51 111 110 1969 100 344
internal_value=-0.000353273 0.00524874 0.00422521 0.00720006 -0.0160584 -0.00768489 -0.0252641 0.00895129 -0.0511286 -0.00474175 0.0092433 -0.00681794
internal_weight=286.936 162.654 159.079 138.732 20.3469 124.282 17.8235 7.67302 10.1504 106.458 13.7616 92.6969
internal_count=4800 1640 1603 1380 223 3160 496 162 334 2664 351 2313
is_linear=0
shrinkage=0.08


Tree=38
num_leaves=16
num_cat=0
split_feature=0 0 1 2 4 4 1 4 2 4 4 4 1 4 0
split_gain=1.6067 1.17558 1.11271 1.08866 0.668867 0.625279 1.70713 1.03986 0.439242 1.39895 1.27205 0.812709 1.52601 0.944633 2.68713e-05
threshold=1.5000000000000002 1.0000000180025095e-35 1.0000000180025095e-35 1.0000000180025095e-35 35.500000000000007 63.500000000000007 1.0000000180025095e-35 68.500000000000014 1.0000000180025095e-35 10.500000000000002 13.500000000000002 1.5000000000000002 1.5000000000000002 12.500000000000002 5.5000000000000009
decision_type=2 2 2 2 2 2 2 2 2 2 2 2 2 2 2
left_child=1 5 4 -4 -3 6 -1 -7 9 14 -11 12 -10 -13 -2
right_child=8 2 3 -5 -6 7 -8 -9 11 10 -12 13 -14 -15 -16
leaf_value=0.014075014791397897 -0.082352472531219106 0.01459178630794134 0.021265718813426458 0.00052167085926893065 0.042895766100180699 0.072377740732159315 -0.030404322235640328 -0.014478036447894124 -0.027224333794900628 0.079495942767105657 -0.012980314628261555 -0.037717432424567175 0.081681159273012491 -0.0032216154065253071 -0.082970734907513888
leaf_weight=8.7836259752512014 0.88082156516611465 14.381104126572611 21.12062631547451 69.37647932767868 8.5028132647275907 1.5143260918557637 14.87400911655277 2.1133019588887691 1.4413143806159487 0.98045307025313277 32.767947535030544 5.3487247340381137 1.9209076091647148 101.32794908154756 0.91964149102568626
leaf_count=142 32 74 91 297 87 24 361 28 46 25 823 182 37 2524 27
internal_value=-0.000336882 0.00576059 0.00934828 0.00536301 0.0251085 -0.0091477 -0.01389 0.0217793 -0.00622823 -0.0139593 -0.0102937 -0.00373065 0.0349956 -0.00495122 -0.0826683
internal_weight=286.254 140.666 113.381 90.4971 22.8839 27.2853 23.6576 3.62763 145.588 35.5489 33.7484 110.039 3.36222 106.677 1.80046
internal_count=4800 1104 549 388 161 555 503 52 3696 907 848 2789 83 2706 59
is_linear=0
shrinkage=0.08


Tree=39
num_leaves=15
num_cat=0
split_feature=0 4 4 4 2 4 4 2 0 0 1 4 1 4
split_gain=1.36896 1.04792 7.15604 2.53847 4.28415 2.48695 1.26892 0.381267 1.36812 3.16297 1.12139 0.666643 1.18957 0.837383
threshold=1.5000000000000002 50.500000000000007 52.500000000000007 44.500000000000007 1.0000000180025095e-35 40.500000000000007 74.500000000000014 1.0000000180025095e-35 6.5000000000000009 5.5000000000000009 1.0000000180025095e-35 1.5000000000000002 1.5000000000000002 12.500000000000002
decision_type=2 2 2 2 2 2 2 2 2 2 2 2 2 2
left_child=1 3 -3 5 -5 -1 -4 8 9 -2 -10 12 -9 -13
right_child=7 2 6 4 -6 -7 -8 11 10 -11 -12 13 -14 -15
leaf_value=0.0019781259431489936 -0.01914886411915076 0.10961174589086371 -0.0050322119780116595 -0.10294353824101947 -0.0051962897275492801 0.042907953391762746 0.044297550607273632 -0.025720253216594175 0.0026781871850452723 0.046690146767726017 -0.058107364917530956 -0.03600503745531354 0.069708684265009049 -0.0029729752713955932
leaf_weight=81.755467127077281 19.824173969216648 4.6657306328415897 22.730085562914613 3.7189283408224609 12.566879548132418 10.75027049332857 3.9116225503385058 1.4050918277353042 2.7932582311332208 6.1089754085987797 6.3764494154602289 5.162698406726121 2.0641144439578056 101.03100334666669
leaf_count=640 519 33 195 28 96 84 28 46 78 129 181 182 37 2524
internal_value=-0.00031858 0.00531885 0.0182165 0.00160724 -0.0275173 0.00673466 0.00221054 -0.00577428 -0.0130308 -0.00363941 -0.039591 -0.00345147 0.0310582 -0.00457886
internal_weight=284.865 140.099 31.3074 108.792 16.2858 92.5057 26.6417 144.766 35.1029 25.9331 9.16971 109.663 3.46921 106.194
internal_count=4800 1104 256 848 124 724 223 3696 907 648 259 2789 83 2706
is_linear=0
shrinkage=0.08


Tree=40
num_leaves=15
num_cat=0
split_feature=0 4 4 4 0 4 1 4 4 4 4 2 2 4
split_gain=1.20381 1.00081 4.42471 2.06095 0.894049 2.25726 1.50748 0.752662 0.907032 0.697773 0.454197 2.34026 1.45228 0.324207
threshold=2.5000000000000004 12.500000000000002 15.500000000000002 24.500000000000004 3.5000000000000004 46.500000000000007 1.5000000000000002 1.0000000180025095e-35 2.5000000000000004 35.500000000000007 16.500000000000004 1.5000000000000002 1.5000000000000002 14.500000000000002
decision_type=2 2 2 2 2 2 2 2 2 2 2 2 2 2
left_child=1 7 13 -4 5 9 -7 -1 -9 -2 11 -6 -12 -3
right_child=4 2 3 -5 10 6 -8 8 -10 -11 12 -13 -14 -15
leaf_value=0.022403755823671836 -0.035008967562711123 0.086616415234432809 -0.01869348604717137 0.007390760905021102 -0.0052383177178411955 0.038687877909885732 -0.033546342254061466 -0.080125703803851228 -0.016163317141241983 -0.082223649779416541 -0.0015802045261775434 0.081818949554556986 -0.031141388962875782 0.049974112284839327
leaf_weight=2.4956355718895784 6.7157364785671252 3.7120403386652461 23.136940322816372 119.58176853321493 11.214335979893802 4.5281458329409352 3.1251898072659969 1.6916828537359823 8.799626933410762 2.8548657521605492 78.971987929195166 2.3989614620804778 12.291663870215414 2.6476488374173641
leaf_count=43 224 31 204 1228 302 93 69 17 98 110 1969 49 344 19
internal_value=-0.000303615 0.00421596 0.00607149 0.0031621 -0.00630248 -0.0231946 0.0091915 -0.0170838 -0.026477 -0.0490929 -0.00352828 0.0101031 -0.00556159 0.0713616
internal_weight=284.166 162.065 149.078 142.719 122.101 17.2239 7.65334 12.9869 10.4913 9.5706 104.877 13.6133 91.2637 6.35969
internal_count=4800 1640 1482 1432 3160 496 162 158 115 334 2664 351 2313 50
is_linear=0
shrinkage=0.08


Tree=41
num_leaves=9
num_cat=0
split_feature=4 1 4 4 0 0 0 0
split_gain=1.18598 2.43863 2.01618 2.3408 1.12399 0.992331 0.606316 0.489001
threshold=82.500000000000014 1.5000000000000002 74.500000000000014 70.500000000000014 1.5000000000000002 1.5000000000000002 5.5000000000000009 4.5000000000000009
decision_type=2 2 2 2 2 2 2 2
left_child=2 -2 3 5 -4 -1 -5 -6
right_child=1 -3 4 6 7 -7 -8 -9
leaf_value=0.0047815941636083934 -0.14322272787776294 0.056604628754130908 0.081493613716926663 -0.081108210325632882 0.033870635791971485 -0.0049074710522564137 -0.011579258852017582 -0.023786524950499172
leaf_weight=134.28284029848874 1.033707103691994 0.62849645502865303 2.788385108113288 2.8855840545147653 3.2122077457606792 136.3357778377831 1.1120248250663278 1.3317111097276209
leaf_count=1058 35 20 20 43 37 3523 28 36
internal_value=-0.000289182 -0.0676659 0.000108032 -0.000997388 0.0415092 -9.96895e-05 -0.0617672 0.0169727
internal_weight=283.611 1.6622 281.949 274.616 7.3323 270.619 3.99761 4.54392
internal_count=4800 55 4745 4652 93 4581 71 73
is_linear=0
shrinkage=0.08


Tree=42
num_leaves=9
num_cat=0
split_feature=4 1 4 4 0 4 1 0
split_gain=1.06035 2.25121 1.68755 2.04936 0.949883 0.939291 0.574878 0.405514
threshold=82.500000000000014 1.5000000000000002 74.500000000000014 70.500000000000014 1.5000000000000002 12.500000000000002 1.5000000000000002 4.5000000000000009
decision_type=2 2 2 2 2 2 2 2
left_child=2 -2 3 5 -4 -1 -5 -6
right_child=1 -3 4 6 7 -7 -8 -9
leaf_value=-0.015778563430979716 -0.14279166984175651 0.051912634897547105 0.074448372447831257 -0.083984470397233529 0.030331112825592671 0.0013265597364513174 -0.02120388294268272 -0.022382982629566478
leaf_weight=22.404589342884719 0.95702298451214918 0.63039594236761332 2.8072512447834006 2.314064158126711 3.2963469866663218 247.67700470332056 1.5646517369896176 1.3032150873914359
leaf_count=454 35 20 20 45 37 4127 26 36
internal_value=-0.000270708 -0.0654707 9.71374e-05 -0.000921579 0.037777 -9.23939e-05 -0.0586591 0.0153954
internal_weight=282.955 1.58742 281.367 273.96 7.40681 270.082 3.87872 4.59956
internal_count=4800 55 4745 4652 93 4581 71 73
is_linear=0
shrinkage=0.08


Tree=43
num_leaves=9
num_cat=0
split_feature=4 1 4 4 4 1 0 0
split_gain=0.943508 2.06964 1.41408 1.81091 0.888511 0.880782 3.00994 0.555782
threshold=82.500000000000014 1.5000000000000002 74.500000000000014 70.500000000000014 50.500000000000007 1.5000000000000002 2.5000000000000004 5.5000000000000009
decision_type=2 2 2 2 2 2 2 2
left_child=2 -2 3 4 -1 6 -4 -5
right_child=1 -3 5 7 -6 -7 -8 -9
leaf_value=-0.0024330051633304297 -0.14167427013846362 0.047607008091348268 0.14496550468958652 -0.075409183754061568 0.0088828922793510023 0.0086361077101770739 -0.0040018839861424241 -0.006631212036391743
leaf_weight=214.05792889092118 0.89016464818268903 0.63233389798551798 1.5906697940081351 2.6900225076824422 56.032953061163425 3.9728319705463946 1.9108951888047156 1.0436865184456108
leaf_count=3634 35 20 15 43 947 45 33 28
internal_value=-0.000253155 -0.0630608 8.67838e-05 -0.000850335 -8.54133e-05 0.0344181 0.0636701 -0.0561836
internal_weight=282.821 1.5225 281.299 273.825 270.091 7.4744 3.50156 3.73371
internal_count=4800 55 4745 4652 4581 93 48 71
is_linear=0
shrinkage=0.08


Tree=44
num_leaves=15
num_cat=0
split_feature=0 0 4 4 4 4 4 4 0 4 4 4 4 1
split_gain=0.872566 0.911455 0.957379 2.22228 1.48851 0.863873 0.862269 1.40296 1.25807 0.56037 2.94104 1.44533 0.00109125 9.26793e-07
threshold=2.5000000000000004 1.0000000180025095e-35 62.500000000000007 74.500000000000014 50.500000000000007 78.500000000000014 48.500000000000007 39.500000000000007 6.5000000000000009 43.500000000000007 51.500000000000007 27.500000000000004 80.500000000000014 1.5000000000000002
decision_type=2 2 2 2 2 2 2 2 2 2 2 2 2 2
left_child=1 9 4 -4 -3 6 7 -2 -8 11 -11 -1 -7 -14
right_child=5 2 3 -5 -6 12 8 -9 -10 10 -12 -13 13 -15
leaf_value=-0.031139625230123504 -0.0034276767413005389 0.0049604704368083523 -0.036285207443678941 0.037213712581521195 0.030675034345255356 -0.08638720790855009 -0.0043414420416122016 -0.027615416559257353 0.028648934954887011 -0.084690618164394049 0.0036101959331747407 0.018527587993260205 -0.080590531086096637 -0.080840913281599272
leaf_weight=5.9896572530269685 65.002057852223516 105.29330000281334 8.9349477607756835 3.7326739439740768 16.690727517008781 0.51008621230721374 24.008572684600949 20.091087369248271 10.692754389718173 3.4693203680217248 7.9368155170232058 10.027479220181702 0.18576524313539267 0.19282261421903968
leaf_count=177 1744 823 77 37 148 10 543 552 265 69 127 182 27 19
internal_value=-0.000237137 0.0035977 0.00630511 -0.0146278 0.00847892 -0.00538724 -0.00480428 -0.00913857 0.00582411 -0.009696 -0.0232476 -4.56185e-05 -0.0839721 -0.0807181
internal_weight=282.758 162.075 134.652 12.6676 121.984 120.683 119.794 85.0931 34.7013 27.4233 11.4061 16.0171 0.888674 0.378588
internal_count=4800 1640 1085 114 971 3160 3104 2296 808 555 196 359 56 46
is_linear=0
shrinkage=0.08


Tree=45
num_leaves=8
num_cat=0
split_feature=4 1 4 4 4 0 4
split_gain=0.863138 1.90288 1.26306 0.951395 3.93933 1.54469 0.0257436
threshold=82.500000000000014 1.5000000000000002 77.500000000000014 56.500000000000007 55.500000000000007 6.5000000000000009 78.500000000000014
decision_type=2 2 2 2 2 2 2
left_child=2 -2 3 4 -1 -5 -4
right_child=1 -3 6 5 -6 -7 -8
leaf_value=4.6515947934320114e-05 -0.14189381176208982 0.043847947500768598 0.039299738138552809 -0.019222265135155198 0.083415703041029673 0.025376171574273326 0.052528007260099353
leaf_weight=235.16715786699206 0.82070425385609158 0.61942280828952789 1.834301978349685 32.050619291141629 3.684187088161706 5.8825508691370478 1.9345711618661878
leaf_count=3972 35 20 16 515 60 151 31
internal_value=-0.00022744 -0.0620032 8.96655e-05 -0.000536702 0.00133245 -0.0123061 0.0460898
internal_weight=281.994 1.44013 280.553 276.785 238.851 37.9332 3.76887
internal_count=4800 55 4745 4698 4032 666 47
is_linear=0
shrinkage=0.08


Tree=46
num_leaves=14
num_cat=0
split_feature=0 1 4 4 4 4 3 0 4 1 4 4 4
split_gain=0.813326 1.01256 1.75021 2.05893 1.43489 1.28507 0.342831 1.76331 1.33395 0.80982 0.423368 2.7941 2.41722
threshold=1.5000000000000002 1.0000000180025095e-35 4.5000000000000009 15.500000000000002 63.500000000000007 51.500000000000007 1.0000000180025095e-35 4.5000000000000009 43.500000000000007 1.0000000180025095e-35 42.500000000000007 45.500000000000007 41.500000000000007
decision_type=2 2 2 2 2 2 2 2 2 2 2 2 2
left_child=1 4 -3 -4 5 -1 10 9 -9 -8 12 -12 -2
right_child=6 2 3 -5 -6 -7 7 8 -10 -11 11 -13 -14
leaf_value=0.015425949874327112 -0.00278943697062426 -0.054822185023538098 0.039923382871222206 -0.0010770302776428086 -0.042506684633275185 0.06758403293158971 0.0035772114493473283 -0.018144218650113311 0.11456391259187862 -0.084617792216007098 -0.058154338187067119 -0.0025158144099300234 0.068653899258065226
leaf_weight=26.252792812883857 78.379540476948023 3.5516947861760846 8.5392688047140819 95.548325864598155 2.4303070828318587 3.4166129492223254 0.92181853018701021 1.2217198461294176 0.80362388864159573 2.4039838826283813 6.5501894857734433 48.91047325078398 3.1528221406042567
leaf_count=245 2088 41 68 680 27 43 29 32 17 65 222 1165 78
internal_value=-0.00021448 0.00412107 0.000402236 0.00228661 0.0165914 0.0214323 -0.00447069 -0.0243356 0.0345122 -0.0601726 -0.00369473 -0.00908701 -2.67532e-05
internal_weight=282.083 139.739 107.639 104.088 32.0997 29.6694 142.344 5.35115 2.02534 3.3258 136.993 55.4607 81.5324
internal_count=4800 1104 789 748 315 288 3696 143 49 94 3553 1387 2166
is_linear=0
shrinkage=0.08


Tree=47
num_leaves=13
num_cat=0
split_feature=4 4 0 2 1 0 0 0 4 4 0 1
split_gain=0.770896 5.13159 2.96315 1.87875 2.46199 1.96637 1.80895 1.14938 0.92258 2.82283 1.4372 0.550432
threshold=12.500000000000002 14.500000000000002 5.5000000000000009 1.5000000000000002 1.5000000000000002 6.5000000000000009 3.5000000000000004 7.5000000000000009 31.500000000000004 38.500000000000007 7.5000000000000009 1.5000000000000002
decision_type=2 2 2 2 2 2 2 2 2 2 2 2
left_child=3 2 11 5 -5 6 -1 -7 10 -10 -3 -2
right_child=1 8 -4 4 -6 7 -8 -9 9 -11 -12 -13
leaf_value=-0.020075596976910772 0.073993121512774082 -0.010792439015997813 -0.031712511429472623 -0.03765973320615558 0.093636631430169731 0.088635443746536549 -0.082676953604783027 -0.017591157713867323 0.021260517177116724 -0.0031499547070291691 0.031306319695559533 0.12507918490642209
leaf_weight=11.832992271520203 3.2530182413756838 75.470504947006702 1.4939657449722288 1.6025457158684724 2.1274437727406621 1.3991171270608893 3.9371237941086283 1.2206217627972364 39.372138023376465 131.85362571990117 5.5731324590742579 2.3071873057633638
leaf_count=180 47 1171 26 33 21 46 135 39 681 2254 141 26
internal_value=-0.000206301 0.00101652 0.0683149 -0.0145421 0.0372267 -0.0250423 -0.0357045 0.039141 -0.000865335 0.00246306 -0.00789743 0.0951911
internal_weight=281.443 259.324 7.05417 22.1198 3.72999 18.3899 15.7701 2.61974 252.269 171.226 81.0436 5.56021
internal_count=4800 4346 99 454 54 400 315 85 4247 2935 1312 73
is_linear=0
shrinkage=0.08


Tree=48
num_leaves=8
num_cat=0
split_feature=4 1 4 4 4 0 4
split_gain=0.722331 1.69606 1.0873 0.764467 3.47271 1.30703 0.0231395
threshold=82.500000000000014 1.5000000000000002 77.500000000000014 56.500000000000007 51.500000000000007 6.5000000000000009 78.500000000000014
decision_type=2 2 2 2 2 2 2
left_child=2 -2 3 4 -1 -5 -4
right_child=1 -3 6 5 -6 -7 -8
leaf_value=-0.0019554119218989198 -0.13715394322102012 0.040645190021368308 0.035958493992045197 -0.017589251286305629 0.030995718922624014 0.023128497620856253 0.048382212359669663
leaf_weight=215.89563409797847 0.76879691239446291 0.62051056604832411 1.863781783729791 31.646884649991989 22.613583583384752 6.0023836009204379 1.9774493100121615
leaf_count=3688 35 20 16 515 344 151 31
internal_value=-0.00020111 -0.057743 8.44024e-05 -0.00050355 0.00116876 -0.0110977 0.0423542
internal_weight=281.389 1.38931 280 276.158 238.509 37.6493 3.84123
internal_count=4800 55 4745 4698 4032 666 47
is_linear=0
shrinkage=0.08


Tree=49
num_leaves=14
num_cat=0
split_feature=0 1 4 4 4 4 2 0 0 4 4 1 4
split_gain=0.734074 0.910129 1.57408 1.4756 1.08009 1.23576 0.341934 1.37703 2.99171 1.13172 0.602916 0.869109 0.626049
threshold=1.5000000000000002 1.0000000180025095e-35 74.500000000000014 67.500000000000014 61.500000000000007 51.500000000000007 1.0000000180025095e-35 6.5000000000000009 4.5000000000000009 16.500000000000004 1.5000000000000002 1.5000000000000002 12.500000000000002
decision_type=2 2 2 2 2 2 2 2 2 2 2 2 2
left_child=1 4 3 -3 5 -1 7 8 -2 -9 11 -8 -12
right_child=6 2 -4 -5 -6 -7 10 9 -10 -11 12 -13 -14
leaf_value=0.014504707129371096 -0.026487391482650335 0.0007914278150268348 0.057401386305958896 -0.045705387437594745 -0.032804280423826264 0.067467031927971918 -0.020916363150219247 0.026351303051237989 0.028823994580808417 -0.050833942646020917 -0.031558619233165802 0.061842812447030937 -0.001766845436677761
leaf_weight=26.210653046146039 13.956045170314612 99.91295628156513 3.0139019489288321 4.5679014343768349 2.6852081380784503 3.1594297885894767 1.2995214406400912 1.4525439981371144 11.346999449655412 7.458503156201914 4.728922249749302 2.165316142141819 99.494282006984577
leaf_count=245 386 738 19 32 30 40 46 37 262 222 182 37 2524
internal_value=-0.000189077 0.00393083 0.000402795 -0.00124141 0.0157618 0.020202 -0.00424069 -0.0112077 -0.00168333 -0.0382524 -0.00202716 0.0308032 -0.00311859
internal_weight=281.452 139.55 107.495 104.481 32.0553 29.3701 141.902 34.2141 25.303 8.91105 107.688 3.46484 104.223
internal_count=4800 1104 789 770 315 285 3696 907 648 259 2789 83 2706
is_linear=0
shrinkage=0.08


Tree=50
num_leaves=13
num_cat=0
split_feature=4 4 0 2 1 0 0 0 4 0 0 1
split_gain=0.669088 4.25733 2.43016 1.59415 1.93054 1.66371 1.75822 0.862603 0.770875 2.75798 1.04368 0.448585
threshold=12.500000000000002 14.500000000000002 5.5000000000000009 1.5000000000000002 1.5000000000000002 6.5000000000000009 3.5000000000000004 7.5000000000000009 24.500000000000004 7.5000000000000009 7.5000000000000009 1.5000000000000002
decision_type=2 2 2 2 2 2 2 2 2 2 2 2
left_child=3 2 11 5 -5 6 -1 -7 9 -3 -10 -2
right_child=1 8 -4 4 -6 7 -8 -9 10 -11 -12 -13
leaf_value=-0.01868837329159553 0.066459985958236725 -0.015952522099794579 -0.030297539297331321 -0.034862384283896354 0.081634648105967655 0.074022369978175406 -0.082494197574086603 -0.016601440624939658 0.0027669269634026518 0.068816939021323978 -0.019179806549978015 0.11201624773713065
leaf_weight=11.748866588808601 3.3225018735975018 39.39405021071434 1.4589805752038953 1.5454040654003613 2.2155901035293937 1.5259997975081196 3.6142293810844413 1.2014652267098427 194.87253417563625 2.6197058185935012 14.930296124657614 2.3701676316559315
leaf_count=180 47 591 26 33 21 46 135 39 3205 62 389 26
internal_value=-0.000181344 0.000952977 0.0618189 -0.0136245 0.0337657 -0.0234768 -0.0336989 0.034102 -0.00077563 -0.0106668 0.00120512 0.0854275
internal_weight=280.82 258.968 7.15165 21.8516 3.76099 18.0906 15.3631 2.72747 251.817 42.0138 209.803 5.69267
internal_count=4800 4346 99 454 54 400 315 85 4247 653 3594 73
is_linear=0
shrinkage=0.08


Tree=51
num_leaves=9
num_cat=0
split_feature=4 1 4 4 1 0 1 4
split_gain=0.649984 1.44193 0.902844 1.3104 0.80183 2.1426 0.615173 0.59701
threshold=82.500000000000014 1.5000000000000002 74.500000000000014 70.500000000000014 1.5000000000000002 2.5000000000000004 1.5000000000000002 50.500000000000007
decision_type=2 2 2 2 2 2 2 2
left_child=2 -2 3 7 5 -4 -5 -1
right_child=1 -3 4 6 -6 -7 -8 -9
leaf_value=-0.0019840911808593573 -0.13124581940278282 0.035244828151028973 0.11859957921536914 -0.077458898283130018 0.0025175010716697844 -0.004099359956545705 -0.010093231290495153 0.0072783937733730012
leaf_weight=211.65215861797333 0.73366116057149955 0.60950476862490177 1.7377830278128379 2.049000931903719 4.0248106853105128 1.9140613474883137 1.5046310368925335 56.403989937156439
leaf_count=3634 35 20 15 45 45 33 26 947
internal_value=-0.000177203 -0.0556953 8.97992e-05 -0.00067489 0.0271455 0.0542887 -0.0489358 -3.50924e-05
internal_weight=280.63 1.34317 279.286 271.61 7.67666 3.65184 3.55363 268.056
internal_count=4800 55 4745 4652 93 48 71 4581
is_linear=0
shrinkage=0.08


Tree=52
num_leaves=16
num_cat=0
split_feature=0 0 1 2 4 4 4 4 4 0 0 0 4 0 0
split_gain=0.60551 0.97056 0.855295 1.0273 0.579478 0.571462 1.61024 1.37826 0.328832 1.23694 4.77636 2.32049 1.11534 7.72449 0.565195
threshold=1.5000000000000002 1.0000000180025095e-35 1.0000000180025095e-35 1.0000000180025095e-35 35.500000000000007 63.500000000000007 56.500000000000007 67.500000000000014 56.500000000000007 6.5000000000000009 7.5000000000000009 5.5000000000000009 55.500000000000007 5.5000000000000009 6.5000000000000009
decision_type=2 2 2 2 2 2 2 2 2 2 2 2 2 2 2
left_child=1 5 4 -4 -3 6 -1 -7 12 11 -11 -10 14 -14 -2
right_child=8 2 3 -5 -6 7 -8 -9 9 10 -12 -13 13 -15 -16
leaf_value=-0.0082942611564977321 0.00025161482725032417 0.011325396475888913 0.018911863654136642 -0.001286864334133382 0.038453155345319096 0.080585575053770717 -0.084995465779380608 -0.020081158746811906 -0.0091187214437980432 0.0828642415121673 -0.056381337977797485 -0.083412274131229286 -0.084480037092215382 0.2071491441961236 -0.012191847445762658
leaf_weight=21.869866041466601 83.056938301771879 14.05320578813553 21.023263782262802 69.022243544459343 7.8570864945650092 1.4362695030868047 1.9042504355311383 2.2094902060925961 13.60969004197978 3.3652835278771809 2.9661698162090033 3.3536782385781398 1.2365015558898442 1.0969735346734522 32.503366669639945
leaf_count=467 2203 74 91 297 87 21 36 31 339 90 84 91 25 22 842
internal_value=-0.000166219 0.00357438 0.0068782 0.00342901 0.0210535 -0.0099152 -0.0144378 0.0195771 -0.00385878 -0.0125442 0.0176302 -0.0238066 -0.00214261 0.0526157 -0.00324833
internal_weight=280.564 139.376 111.956 90.0455 21.9103 27.4199 23.7741 3.64576 141.189 23.2948 6.33145 16.9634 117.894 2.33348 115.56
internal_count=4800 1104 549 388 161 555 503 52 3696 604 174 430 3092 47 3045
is_linear=0
shrinkage=0.08


Tree=53
num_leaves=8
num_cat=0
split_feature=4 1 4 4 4 0 4
split_gain=0.57748 1.31087 0.79762 0.614154 2.60249 1.0833 0.0171016
threshold=82.500000000000014 1.5000000000000002 77.500000000000014 56.500000000000007 51.500000000000007 6.5000000000000009 78.500000000000014
decision_type=2 2 2 2 2 2 2
left_child=2 -2 3 4 -1 -5 -4
right_child=1 -3 6 5 -6 -7 -8
leaf_value=-0.0016883982570299306 -0.12856313726975394 0.032479575500249644 0.030314350921213956 -0.016112408224508285 0.026603006826910858 0.020689419006322575 0.040853874298953298
leaf_weight=214.25104336347431 0.69285258068703004 0.6067970534786582 1.8983511775732034 30.90516797080636 23.04795665293932 6.135280603542923 2.0486240335740149
leaf_count=3688 35 20 16 515 344 151 31
internal_value=-0.000170762 -0.0533735 7.77044e-05 -0.00043602 0.00105944 -0.0100167 0.0357847
internal_weight=279.586 1.29965 278.286 274.339 237.299 37.0404 3.94698
internal_count=4800 55 4745 4698 4032 666 47
is_linear=0
shrinkage=0.08


Tree=54
num_leaves=13
num_cat=0
split_feature=4 4 0 0 2 1 0 0 4 0 2 2
split_gain=0.557104 3.57941 1.95371 5.1769 1.3718 1.60223 1.48758 1.70925 0.871692 0.679797 1.82689 1.04064
threshold=12.500000000000002 14.500000000000002 4.5000000000000009 1.5000000000000002 1.5000000000000002 1.5000000000000002 6.5000000000000009 3.5000000000000004 3.5000000000000004 2.5000000000000004 1.5000000000000002 1.5000000000000002
decision_type=2 2 2 2 2 2 2 2 2 2 2 2
left_child=4 2 3 -2 6 -6 7 -1 -8 11 -11 -3
right_child=1 9 -4 -5 5 -7 8 -9 -10 10 -12 -13
leaf_value=-0.017338801899371616 0.088630545692218329 -7.8649290432037092e-06 0.11559236836219615 -0.084266108943527901 -0.032587143256149032 0.07376819672346778 0.072202385603380603 -0.0822903233880454 -0.017989172056799448 -0.0014706021587943775 -0.032317119803179743 0.018989763498414844
leaf_weight=11.677033537998801 3.1172585403546682 122.53138355445117 2.3880689293146133 1.7198455892503259 1.5099762817844742 2.2684081615880132 1.5381398275494569 3.333194237202405 1.2376715783029792 92.438764216145501 14.171858564717693 21.725463321432471
leaf_count=180 21 1233 41 37 33 21 42 135 43 2376 420 218
internal_value=-0.000160077 0.000872034 0.0563865 0.0271567 -0.0125128 0.0312648 -0.0218128 -0.031762 0.031988 -0.000726824 -0.00557106 0.00285323
internal_weight=279.657 258.093 7.22517 4.8371 21.5644 3.77838 17.786 15.0102 2.77581 250.867 106.611 144.257
internal_count=4800 4346 99 58 454 54 400 315 85 4247 2796 1451
is_linear=0
shrinkage=0.08


Tree=55
num_leaves=9
num_cat=0
split_feature=4 4 4 4 1 0 1 4
split_gain=0.498198 1.18306 0.724935 1.09068 0.68898 1.73411 0.591484 0.490718
threshold=82.500000000000014 84.500000000000014 74.500000000000014 70.500000000000014 1.5000000000000002 2.5000000000000004 1.5000000000000002 12.500000000000002
decision_type=2 2 2 2 2 2 2 2
left_child=2 -2 3 7 5 -4 -5 -1
right_child=1 -3 4 6 -6 -7 -8 -9
leaf_value=-0.011673074246231482 0.035201017863076889 -0.11947251014957061 0.10574130543204042 -0.075311270792828386 0.0013883680070353841 -0.0038661409797021485 -0.0078698650783932227 0.00096315280451845001
leaf_weight=21.383137465454638 0.57473004469647893 0.70434919255785644 1.7894051820039742 1.9002928845584384 4.0466398196294904 1.9096882999874649 1.4808578751981258 245.3274051733315
leaf_count=454 15 40 15 45 45 33 26 4127
internal_value=-0.000159636 -0.0499729 6.96895e-05 -0.000622332 0.0242003 0.0491555 -0.0457737 -4.99387e-05
internal_weight=279.117 1.27908 277.837 270.092 7.74573 3.69909 3.38115 266.711
internal_count=4800 55 4745 4652 93 48 71 4581
is_linear=0
shrinkage=0.08


Tree=56
num_leaves=16
num_cat=0
split_feature=0 0 4 4 4 4 4 4 3 0 4 1 4 4 4
split_gain=0.45197 0.85829 0.785007 4.34338 0.989734 0.535074 2.65421 1.1698 0.319811 1.51938 1.2132 0.810908 0.449854 2.45841 1.96654
threshold=1.5000000000000002 1.0000000180025095e-35 50.500000000000007 52.500000000000007 37.500000000000007 43.500000000000007 51.500000000000007 40.500000000000007 1.0000000180025095e-35 4.5000000000000009 46.500000000000007 1.0000000180025095e-35 42.500000000000007 45.500000000000007 41.500000000000007
decision_type=2 2 2 2 2 2 2 2 2 2 2 2 2 2 2
left_child=1 5 4 -4 -3 7 -7 -1 12 11 -11 -10 14 -14 -2
right_child=8 2 3 -5 -6 6 -8 -9 9 10 -12 -13 13 -15 -16
leaf_value=-0.0074436994351480094 -0.0013812230327147992 0.0084407767186668453 0.099617726307998811 0.0041062553422959915 -0.0098417921256066174 -0.084341146153822696 0.0016260145102563717 0.064661998030552115 0.0056449888249344325 -0.020055440430013897 0.10391363276273197 -0.084443229382491478 -0.056118561196021322 -0.00219703651344479 0.061690052236984573
leaf_weight=14.43996119126678 76.998689249157906 61.716475769877434 3.6354151442647007 18.831913396716118 27.348177254199982 3.2221416458487502 8.0186735447496158 1.5994601063430298 0.9003407116979355 1.2583044711500408 0.84417062439024437 2.2069201203994453 6.088591879233717 48.65453033382073 3.2994523737579575
leaf_count=331 2088 281 18 105 145 69 127 28 29 34 15 65 222 1165 78
internal_value=-0.000149438 0.00308674 0.00619787 0.0195609 0.00282693 -0.00963273 -0.0230162 -0.000253279 -0.00335242 -0.0228019 0.0297197 -0.0583398 -0.00260208 -0.00819425 0.00121038
internal_weight=279.063 138.812 111.532 22.4673 89.0647 27.2802 11.2408 16.0394 140.251 5.20974 2.10248 3.10726 135.041 54.7431 80.2981
internal_count=4800 1104 549 123 426 555 196 359 3696 143 49 94 3553 1387 2166
is_linear=0
shrinkage=0.08


Tree=57
num_leaves=9
num_cat=0
split_feature=4 1 4 4 4 1 0 1
split_gain=0.433319 1.06449 0.62475 0.959824 0.567128 0.555755 1.38601 0.438065
threshold=82.500000000000014 1.5000000000000002 74.500000000000014 70.500000000000014 72.500000000000014 1.5000000000000002 2.5000000000000004 1.0000000180025095e-35
decision_type=2 2 2 2 2 2 2 2
left_child=2 -2 3 7 -5 6 -4 -1
right_child=1 -3 5 4 -6 -7 -8 -9
leaf_value=0.00533672079202581 -0.11484174644581836 0.032926249224292874 0.093891354411564015 -0.070651506066758976 -0.002641888725209349 0.0017799505000652728 -0.0033993421664916248 -0.0020072562274500278
leaf_weight=70.856176562607288 0.67981117824092396 0.57667756080627441 1.8491339441388839 1.9740325026214116 1.3025149926543234 4.0256025465205312 1.9001158541068432 195.1525503708981
leaf_count=1368 35 20 15 36 35 45 33 3213
internal_value=-0.000148212 -0.0470222 6.43648e-05 -0.000581135 -0.0436159 0.0224215 0.0445845 -5.10568e-05
internal_weight=278.317 1.25649 277.06 269.285 3.27655 7.77485 3.74925 266.009
internal_count=4800 55 4745 4652 71 93 48 4581
is_linear=0
shrinkage=0.08


Tree=58
num_leaves=13
num_cat=0
split_feature=4 4 0 0 2 1 0 0 0 4 4 0
split_gain=0.428095 2.96873 2.24815 2.64137 1.17852 1.33585 1.3057 1.66308 0.695868 0.665607 2.54039 1.22468
threshold=12.500000000000002 14.500000000000002 5.5000000000000009 3.5000000000000004 1.5000000000000002 1.5000000000000002 6.5000000000000009 3.5000000000000004 7.5000000000000009 31.500000000000004 38.500000000000007 7.5000000000000009
decision_type=2 2 2 2 2 2 2 2 2 2 2 2
left_child=4 2 3 -2 6 -6 7 -1 -8 11 -11 -3
right_child=1 9 -4 -5 5 -7 8 -9 -10 10 -12 -13
leaf_value=-0.015618982736980249 0.040148561597934299 -0.0094673242582324155 -0.034110410013618003 0.16080595693185193 -0.03008193315425578 0.067416430621866197 0.064060942923362868 -0.08208073817366382 -0.016333926635919673 0.019929572463605848 -0.0032482604728718877 0.029084870392199369
leaf_weight=11.5867688395083 4.0962566658854476 74.189648972824216 1.5559340231120584 1.6205804795026777 1.4734316533431404 2.3084502080455422 1.6261335909366599 3.0423168502748004 1.1957148127257824 39.405245888978243 130.46971228951588 5.6770987287163726
leaf_count=180 47 1171 26 26 33 21 46 135 39 681 2254 141
internal_value=-0.00013833 0.000763593 0.0511475 0.0743519 -0.0110557 0.0294308 -0.0198298 -0.0294406 0.0299949 -0.000703646 0.00212821 -0.00672695
internal_weight=278.247 257.014 7.27277 5.71684 21.2328 3.78188 17.4509 14.6291 2.82185 249.742 169.875 79.8667
internal_count=4800 4346 99 73 454 54 400 315 85 4247 2935 1312
is_linear=0
shrinkage=0.08


Tree=59
num_leaves=15
num_cat=0
split_feature=0 4 0 2 4 4 4 4 0 4 4 4 4 4
split_gain=0.424677 0.815273 0.690104 0.682584 3.48352 0.920801 0.659594 3.48566 1.03814 0.468638 2.46683 1.07057 0.000907599 4.72564e-07
threshold=2.5000000000000004 78.500000000000014 1.0000000180025095e-35 1.5000000000000002 26.500000000000004 60.500000000000007 53.500000000000007 51.500000000000007 1.5000000000000002 43.500000000000007 51.500000000000007 27.500000000000004 80.500000000000014 84.500000000000014
decision_type=2 2 2 2 2 2 2 2 2 2 2 2 2 2
left_child=2 3 9 5 -5 -2 7 -4 -8 11 -11 -1 -3 -14
right_child=1 12 6 4 -6 -7 8 -9 -10 10 -12 -13 13 -15
leaf_value=-0.028254036043814108 -0.0035247292507798252 -0.086293888809116301 0.0042587599251300299 0.033721587149735804 -0.045239297311146932 0.020576658864801124 0.0016460756130161742 0.070760400335254436 -0.039720495026364593 -0.083985546192620233 0.0012588669184852694 0.014923851922019929 -0.080818802837079609 -0.080616741995169897
leaf_weight=5.694381333421922 89.928233566693962 0.5042830016463985 105.5272736158222 5.3974908404052249 10.594790402799843 11.43529683165252 17.292402975261215 5.2975249812006941 5.006935710553079 2.9791750237345687 8.0252111852169019 10.364109702408312 0.14533677464351058 0.15107777924276888
leaf_count=177 2378 10 833 129 322 275 97 43 112 69 127 182 17 29
internal_value=-0.000139641 -0.00377807 0.00254412 -0.00322917 -0.0185895 -0.000805738 0.00491163 0.0074376 -0.00764208 -0.00910183 -0.021819 -0.000387136 -0.0842289 -0.0807158
internal_weight=278.344 118.157 160.187 117.356 15.9923 101.364 133.124 110.825 22.2993 27.0629 11.0044 16.0585 0.800698 0.296415
internal_count=4800 3160 1640 3104 451 2653 1085 876 209 555 196 359 56 46
is_linear=0
shrinkage=0.08


Tree=60
num_leaves=14
num_cat=0
split_feature=4 4 4 2 0 0 0 2 1 4 1 4 2
split_gain=0.387366 2.51024 1.31091 1.06773 1.00409 5.48212 3.99588 0.940528 1.1603 1.84641 1.09064 0.75763 0.635817
threshold=12.500000000000002 16.500000000000004 23.500000000000004 1.0000000180025095e-35 5.5000000000000009 4.5000000000000009 7.5000000000000009 1.5000000000000002 1.0000000180025095e-35 3.5000000000000004 1.5000000000000002 38.500000000000007 1.0000000180025095e-35
decision_type=2 2 2 2 2 2 2 2 2 2 2 2 2
left_child=7 4 3 -3 5 -2 -6 8 12 -10 -9 -4 -1
right_child=1 2 11 -5 6 -7 -8 10 9 -11 -12 -13 -14
leaf_value=0.068738008802314454 0.01951564378877902 -0.043293716719295196 0.0068168725202837187 -0.0080683708315500129 -0.085169866797023597 0.16845738592094162 0.098718215820224858 -0.029018434504055547 0.0042253239235959701 -0.058547184732126376 0.058579889065039754 -0.0029440515600192992 -0.0009193223198551584
leaf_weight=1.068204858340329 9.9846582133322919 7.519767519086602 83.762645872309804 20.577223312109709 1.8019366301596156 1.8792780116200454 1.3032772466540337 1.4707783674821251 5.2296463279053551 7.0307407006621361 2.3842313084751368 129.69002706604078 3.902460528537631
leaf_count=28 116 122 1439 334 32 27 22 33 122 169 21 2254 81
internal_value=-0.000138623 0.000718168 -0.00125191 -0.0174959 0.0325083 0.0431084 -0.00799091 -0.0105618 -0.0185534 -0.0317717 0.025159 0.00088631 0.0140502
internal_weight=277.605 256.519 241.55 28.097 14.9692 11.8639 3.10521 21.0861 17.2311 12.2604 3.85501 213.453 4.97067
internal_count=4800 4346 4149 456 197 143 54 454 400 291 54 3693 109
is_linear=0
shrinkage=0.08


Tree=61
num_leaves=12
num_cat=0
split_feature=0 4 4 4 4 0 4 0 2 4 4
split_gain=0.39495 0.748967 0.663779 1.03977 3.63568 1.56716 0.641052 1.27342 0.785819 0.000704144 3.6754e-07
threshold=2.5000000000000004 78.500000000000014 77.500000000000014 53.500000000000007 51.500000000000007 1.5000000000000002 48.500000000000007 3.5000000000000004 1.5000000000000002 80.500000000000014 84.500000000000014
decision_type=2 2 2 2 2 2 2 2 2 2 2
left_child=2 6 3 4 -1 -5 7 -2 -8 -3 -11
right_child=1 9 -4 5 -6 -7 8 -9 -10 10 -12
leaf_value=0.0014969604109576551 -0.033969000207769592 -0.085772957506039166 0.036111937346222166 -0.0050673022223314528 0.063110471721333786 -0.062015594181745966 0.010486084174951458 -0.0033206180628958717 -0.026351932352165198 -0.080753127633025681 -0.080567449520478299
leaf_weight=124.28880588896573 9.8518091058358532 0.46694388054311176 3.6632794104516497 21.734309483319525 6.4472932480275622 3.605741085484623 30.386776508763433 72.718019242398441 4.2208206057548514 0.13387656002305448 0.13913701858837157
leaf_count=1261 356 10 37 191 59 92 686 1940 122 17 29
internal_value=-0.000141529 -0.00365328 0.0024508 0.00166073 0.00453545 -0.0131707 -0.00314662 -0.00697743 0.00599324 -0.0838859 -0.0806585
internal_weight=277.657 117.917 159.739 156.076 130.736 25.3401 117.177 82.5698 34.6076 0.739957 0.273014
internal_count=4800 3160 1640 1603 1320 283 3104 2296 808 56 46
is_linear=0
shrinkage=0.08


Tree=62
num_leaves=8
num_cat=0
split_feature=4 1 4 0 4 0 4
split_gain=0.378658 0.969481 0.611826 0.463181 0.981194 0.566123 0.0347376
threshold=82.500000000000014 1.5000000000000002 77.500000000000014 1.0000000180025095e-35 67.500000000000014 1.5000000000000002 78.500000000000014
decision_type=2 2 2 2 2 2 2
left_child=2 -2 3 4 -1 -5 -4
right_child=1 -3 6 5 -6 -7 -8
leaf_value=-0.0074512068297861653 -0.11042927199475418 0.033618580926961995 0.023534047860497231 0.004944875719014967 -0.087815653212744871 -0.0027714584808437239 0.038460737273525017
leaf_weight=24.695010751020167 0.65701119194272795 0.54879545979201794 1.9562975838780396 109.82613697648048 1.0121669899672259 136.45837579481304 2.036598919890821
leaf_count=524 35 20 16 542 21 3611 31
internal_value=-0.000136147 -0.0448692 5.92962e-05 -0.000397085 -0.0106154 0.000669502 0.0311475
internal_weight=277.19 1.20581 275.985 271.992 25.7072 246.285 3.9929
internal_count=4800 55 4745 4698 545 4153 47
is_linear=0
shrinkage=0.08


Tree=63
num_leaves=14
num_cat=0
split_feature=4 4 4 2 4 0 0 0 2 0 0 1 4
split_gain=0.328194 2.09352 1.13936 1.73559 0.823526 0.810011 3.79064 3.39534 0.80392 1.12481 1.6254 0.913344 0.642859
threshold=12.500000000000002 16.500000000000004 24.500000000000004 1.0000000180025095e-35 38.500000000000007 5.5000000000000009 4.5000000000000009 7.5000000000000009 1.5000000000000002 6.5000000000000009 3.5000000000000004 1.5000000000000002 3.5000000000000004
decision_type=2 2 2 2 2 2 2 2 2 2 2 2 2
left_child=8 5 3 -3 -4 6 -2 -7 9 10 -1 -10 -11
right_child=1 2 4 -5 -6 7 -8 -9 11 12 -12 -13 -14
leaf_value=-0.0132241433155474 0.017989851980736108 -0.046558870268361967 0.0075622058741529547 -0.004414954807993191 -0.0028573911827131349 -0.084719686009101389 0.13510079400587821 0.083977829940447987 -0.027135285018566439 0.060868149072246421 -0.081878296112036147 0.053276337787658425 -0.016015669204332759
leaf_weight=11.408633151557302 9.9826188497245294 8.3020320925861579 77.798964940011501 25.351762050762773 129.11068082554266 1.6623106785118571 2.1498125195503226 1.4122828282415867 1.4446992152370506 1.6549948640167707 2.736389876343309 2.4155314890667796 1.2012086976319549
leaf_count=180 116 144 1340 411 2254 32 27 22 33 42 135 21 43
internal_value=-0.000127189 0.000659768 -0.00115998 -0.0148114 0.00106042 0.0294467 0.0387414 -0.00723022 -0.00977562 -0.0172589 -0.0265055 0.0231821 0.0285338
internal_weight=276.632 255.77 240.563 33.6538 206.91 15.207 12.1324 3.07459 20.8615 17.0012 14.145 3.86023 2.8562
internal_count=4800 4346 4149 555 3594 197 143 54 454 400 315 54 85
is_linear=0
shrinkage=0.08


Tree=64
num_leaves=16
num_cat=0
split_feature=4 4 4 4 0 1 0 4 4 1 0 1 0 0 0
split_gain=0.321016 1.86633 6.07282 4.45875 3.86396 1.02954 3.40009 0.976498 0.814745 1.05784 1.94794 0.634085 1.88746 1.60012 0.0782129
threshold=31.500000000000004 38.500000000000007 40.500000000000007 42.500000000000007 3.5000000000000004 1.0000000180025095e-35 7.5000000000000009 33.500000000000007 30.500000000000004 1.5000000000000002 1.5000000000000002 1.0000000180025095e-35 2.5000000000000004 7.5000000000000009 1.5000000000000002
decision_type=2 2 2 2 2 2 2 2 2 2 2 2 2 2 2
left_child=8 5 4 -4 -3 7 -7 -2 11 10 -10 12 -1 -13 -11
right_child=1 2 3 -5 -6 6 -8 -9 9 14 -12 13 -14 -15 -16
leaf_value=0.025605498514482614 -0.04602216584724067 -0.1005339728291081 0.048817381036099089 -0.0027540913833313091 0.0019251017805768543 0.031287991784302069 -0.083293642441376936 0.01023676789569883 -0.073748790482425677 -0.05627552104591084 0.055586318543021748 -0.0092656420702369995 -0.015129587970603736 0.036408990579361034 -0.083416323020806871
leaf_weight=16.811680738814179 2.7183163091540319 6.3102846182882768 11.926138924434779 106.92070789006539 3.7588457446545362 28.221885390579704 1.7608629465103138 7.2165997568517923 1.3124643042683595 1.4582111090421679 1.7246055789291856 67.086050291080028 12.839685022830961 5.2964180540293446 1.2725586164742706
leaf_count=168 52 93 195 1863 103 439 47 143 10 10 43 1115 359 127 33
internal_value=-0.00013016 0.00204746 -0.00263294 0.00242104 -0.0622856 0.0171631 0.0245587 -0.00515637 -0.00354065 -0.0327925 -0.000305617 -0.00188708 0.00796632 -0.00592351 -0.0689233
internal_weight=276.635 168.834 128.916 118.847 10.0691 39.9177 29.9827 9.93492 107.802 5.76784 3.03707 102.034 29.6514 72.3825 2.73077
internal_count=4800 2935 2254 2058 196 681 486 195 1865 96 53 1769 527 1242 43
is_linear=0
shrinkage=0.08


Tree=65
num_leaves=15
num_cat=0
split_feature=4 4 0 1 0 0 0 4 4 4 0 0 0 4
split_gain=0.343781 2.77821 3.87291 2.57904 2.03966 2.63082 1.47381 1.38517 3.69311 5.31756 3.31678 1.94852 1.72858 0.284426
threshold=50.500000000000007 52.500000000000007 3.5000000000000004 1.5000000000000002 6.5000000000000009 7.5000000000000009 4.5000000000000009 42.500000000000007 40.500000000000007 38.500000000000007 2.5000000000000004 6.5000000000000009 5.5000000000000009 46.500000000000007
decision_type=2 2 2 2 2 2 2 2 2 2 2 2 2 2
left_child=7 2 -2 -4 6 -6 -3 8 9 -1 -10 12 -9 -13
right_child=1 4 3 -5 5 -7 -8 11 10 -11 -12 13 -14 -15
leaf_value=0.0018752698300538526 0.083649055413902676 -0.0016238448541420778 -0.083955684584623824 0.074247443653326473 0.071269236798805646 -0.012502715066444861 -0.037858803582542039 -0.014468668098782375 0.078964518856212362 -0.058967718891385051 -0.0054735194769382064 -0.043054850450509295 0.048881111359905631 -0.083576594164071774
leaf_weight=147.6868280461058 5.9402349554002267 40.648511587525718 1.8989015817642212 1.010401513427496 5.1446776801021752 4.495952928555198 8.7262415548320842 31.413668127730489 7.1297119297087175 9.803555488586424 5.1119895502924919 2.0409913118928662 3.0218073464930049 2.4266886822879314
leaf_count=2546 57 575 43 22 119 119 231 478 70 196 125 78 81 60
internal_value=-0.000134017 0.00481198 0.0466116 -0.0290117 -0.001456 0.0322018 -0.00802783 -0.00174285 0.0013779 -0.00191212 0.0437042 -0.0153585 -0.00890955 -0.0650649
internal_weight=276.5 67.8649 8.84954 2.9093 59.0154 9.64063 49.3748 208.635 169.732 157.49 12.2417 38.9032 34.4355 4.46768
internal_count=4800 1166 122 65 1044 238 806 3634 2937 2742 195 697 559 138
is_linear=0
shrinkage=0.08


Tree=66
num_leaves=9
num_cat=0
split_feature=4 4 4 4 1 1 0 1
split_gain=0.314745 0.873106 0.542809 0.785856 0.596812 0.503421 1.22647 0.37675
threshold=82.500000000000014 84.500000000000014 74.500000000000014 70.500000000000014 1.5000000000000002 1.5000000000000002 2.5000000000000004 1.0000000180025095e-35
decision_type=2 2 2 2 2 2 2 2
left_child=2 -2 3 7 -5 6 -4 -1
right_child=1 -3 5 4 -6 -7 -8 -9
leaf_value=0.0049180170512281322 0.036765919292153643 -0.10108008142200882 0.088038312683605902 -0.071984818610571266 -0.0021057296936896485 0.0011598421178463075 -0.0033721590352409716 -0.0019167668152800241
leaf_weight=70.376767416484654 0.5206979983486224 0.67567941767629236 1.8620386235415929 1.7227336186915627 1.4327535126358271 4.0063763773068786 1.8958266875706611 193.62539233779535
leaf_count=1368 15 40 15 45 26 45 33 3213
internal_value=-0.000141307 -0.0410855 3.68695e-05 -0.000569133 -0.0402561 0.0208886 0.0419221 -9.47742e-05
internal_weight=276.118 1.19638 274.922 267.158 3.15549 7.76424 3.75787 264.002
internal_count=4800 55 4745 4652 71 93 48 4581
is_linear=0
shrinkage=0.08


Tree=67
num_leaves=13
num_cat=0
split_feature=0 0 1 1 4 4 4 4 1 2 4 4
split_gain=0.320809 0.521517 0.683766 1.08196 0.677911 0.413916 1.49714 1.28885 1.07226 0.285126 1.52834 0.587642
threshold=1.0000000180025095e-35 1.5000000000000002 1.0000000180025095e-35 1.5000000000000002 35.500000000000007 63.500000000000007 56.500000000000007 67.500000000000014 1.0000000180025095e-35 1.0000000180025095e-35 69.500000000000014 6.5000000000000009
decision_type=2 2 2 2 2 2 2 2 2 2 2 2
left_child=5 2 4 -4 -2 6 8 -7 -1 10 -3 -11
right_child=1 9 3 -5 -6 7 -8 -9 -10 11 -12 -13
leaf_value=0.015099061808271476 0.0071057747817417907 -0.013620408286700799 -0.00897495749428418 0.0089816474688960441 0.036948806916170522 0.07366741254508001 -0.084442774531544973 -0.022874937956312871 -0.021404839519325938 0.026187830174275076 0.054568157737908449 -0.0018111949341579026
leaf_weight=8.6404028991237372 13.632844746112825 30.902223428711295 35.806978479027748 53.656069561839104 7.580273386090993 1.4952469766139977 1.7102725692093361 2.1684911660850048 12.748339977581052 5.0381530933082095 2.2573327514110124 100.39734471379779
leaf_count=134 74 848 165 223 87 21 36 31 333 150 59 2639
internal_value=-0.000131879 0.000761759 0.00485658 0.00179464 0.0177699 -0.00845531 -0.0124176 0.016526 -0.00665837 -0.00250819 -0.00897848 -0.000473283
internal_weight=276.034 249.271 110.676 89.463 21.2131 26.7628 23.099 3.66374 21.3887 138.595 33.1596 105.435
internal_count=4800 4245 549 388 161 555 503 52 467 3696 907 2789
is_linear=0
shrinkage=0.08


Tree=68
num_leaves=13
num_cat=0
split_feature=4 4 0 0 2 0 3 1 0 4 4 0
split_gain=0.32396 1.7716 1.36968 0.792003 0.669919 0.936648 1.62845 0.76304 0.635972 0.53036 1.54874 0.859429
threshold=12.500000000000002 14.500000000000002 5.5000000000000009 3.5000000000000004 1.5000000000000002 6.5000000000000009 1.0000000180025095e-35 1.5000000000000002 7.5000000000000009 31.500000000000004 38.500000000000007 7.5000000000000009
decision_type=2 2 2 2 2 2 2 2 2 2 2 2
left_child=4 2 3 -2 5 6 -1 -6 -7 11 -11 -3
right_child=1 9 -4 -5 7 8 -8 -9 -10 10 -12 -13
leaf_value=-0.033191493569850586 0.033835271584738195 -0.0083236245300224148 -0.030993190790814879 0.093547717403310568 -0.026500896958293687 0.055651255097552373 0.071411639807067384 0.047011610626324279 -0.019384845378932591 0.015735186856292036 -0.0022876752781119608 0.023252065930830779
leaf_weight=12.815781325567517 4.0538677666336289 72.905854463577271 1.4727421738207338 2.1893559247255325 1.4242915296927088 1.72000996954739 1.0289727356284863 2.4721360495314002 1.2469963598996401 40.097894314676523 127.68156363198068 5.9683896321803322
leaf_count=302 47 1171 26 26 33 46 13 21 39 681 2254 141
internal_value=-0.000126342 0.00065699 0.0384045 0.0547751 -0.00974843 -0.0166756 -0.0254172 0.02014 0.0241145 -0.000523851 0.00201964 -0.0059343
internal_weight=275.078 254.37 7.71597 6.24322 20.7082 16.8118 13.8448 3.89643 2.96701 246.654 167.779 78.8742
internal_count=4800 4346 99 73 454 400 315 54 85 4247 2935 1312
is_linear=0
shrinkage=0.08


Tree=69
num_leaves=15
num_cat=0
split_feature=4 4 0 1 0 2 3 4 4 4 0 0 0 4
split_gain=0.308958 2.36664 3.20712 2.29059 1.72775 2.41301 1.4248 1.15091 3.16496 4.6441 2.70102 1.79255 1.4521 0.289532
threshold=50.500000000000007 52.500000000000007 3.5000000000000004 1.5000000000000002 6.5000000000000009 1.0000000180025095e-35 1.0000000180025095e-35 42.500000000000007 40.500000000000007 38.500000000000007 2.5000000000000004 6.5000000000000009 5.5000000000000009 46.500000000000007
decision_type=2 2 2 2 2 2 2 2 2 2 2 2 2 2
left_child=7 2 -2 -4 6 -6 -3 8 9 -1 -10 12 -9 -13
right_child=1 4 3 -5 5 -7 -8 11 10 -11 -12 13 -14 -15
leaf_value=0.0015919688708917396 0.07604511546679954 -0.0050300779037545963 -0.083620368667634642 0.064845164839786251 -0.045977190268595668 0.050045324011117283 -0.085582187953827105 -0.013360539274539616 0.071647820076739352 -0.056453619337112293 -0.0045699957449460548 -0.04106522748141931 0.043722514883749376 -0.083269791560954959
leaf_weight=147.68133604107425 6.0351724028587324 47.317464131279849 1.7516387552022934 1.072178989648819 2.1374194907257316 7.7405453161336482 1.4483532713493321 31.033465120941401 7.231377959251402 9.3819213528186065 5.0565074905753136 1.9474480804055918 3.140717076137661 2.2332864683121443
leaf_count=2546 57 774 43 22 63 175 32 478 70 196 125 78 81 60
internal_value=-0.000122222 0.00457967 0.0431199 -0.0272493 -0.00124239 0.0292677 -0.00742249 -0.0016503 0.00118372 -0.00187529 0.0402839 -0.0141635 -0.00811442 -0.0636103
internal_weight=275.209 67.5028 8.85899 2.82382 58.6438 9.87796 48.7658 207.706 169.351 157.063 12.2879 38.3549 34.1742 4.18073
internal_count=4800 1166 122 65 1044 238 806 3634 2937 2742 195 697 559 138
is_linear=0
shrinkage=0.08


Tree=70
num_leaves=16
num_cat=0
split_feature=4 4 4 0 4 1 0 4 4 2 4 4 2 4 4
split_gain=0.284336 1.25651 4.10405 3.66374 2.60353 0.925429 2.9599 0.832524 0.698463 1.22438 1.55391 1.38066 0.930067 2.29347 1.63018
threshold=31.500000000000004 38.500000000000007 40.500000000000007 3.5000000000000004 42.500000000000007 1.0000000180025095e-35 7.5000000000000009 33.500000000000007 19.500000000000004 1.0000000180025095e-35 16.500000000000004 12.500000000000002 1.5000000000000002 28.500000000000004 24.500000000000004
decision_type=2 2 2 2 2 2 2 2 2 2 2 2 2 2 2
left_child=8 5 3 -3 -4 7 -7 -2 9 10 -1 -11 14 -14 -10
right_child=1 2 4 -5 -6 6 -8 -9 12 11 -12 -13 13 -15 -16
leaf_value=-0.0014109387228132273 -0.045051189202415146 -0.092945720946413748 0.036669057473591768 0.012373844369149286 -0.0020679309638689724 0.027099954786123429 -0.083072643299150761 0.0070512129214796108 -0.023572829101430146 -0.0061613336375517316 -0.070255641011733747 0.024902456123306375 -0.011492025168070113 -0.11328188639309192 0.0058441568320266027
leaf_weight=7.7592107625678164 2.6804496273398382 5.6978643890470249 12.408176608383654 3.3607424460351467 105.67332352884114 28.827904891222719 1.6499929092824448 7.3301959931850433 19.225691298022866 16.793238763697445 2.8760298173874617 20.138125654309988 6.3632109053432924 1.8223700281232593 32.331440221518278
leaf_count=147 52 93 195 103 1863 439 47 143 326 356 49 275 112 34 566
internal_value=-0.000128202 0.00193021 -0.00197841 -0.0538722 0.00200261 0.0142039 0.0211355 -0.00689972 -0.00334367 0.0038896 -0.0200282 0.0107773 -0.00910273 -0.0341537 -0.00512546
internal_weight=274.938 167.629 127.14 9.05861 118.082 40.4885 30.4779 10.0106 107.309 47.5666 10.6352 36.9314 59.7427 8.18558 51.5571
internal_count=4800 2935 2254 196 2058 681 486 195 1865 827 196 631 1038 146 892
is_linear=0
shrinkage=0.08


Tree=71
num_leaves=15
num_cat=0
split_feature=4 4 0 1 0 2 3 4 4 4 0 0 0 1
split_gain=0.280221 1.98825 2.66358 2.03519 1.43021 1.98857 1.32555 0.947612 2.19891 3.54082 2.21456 1.66018 1.20022 0.296636
threshold=50.500000000000007 52.500000000000007 3.5000000000000004 1.5000000000000002 6.5000000000000009 1.0000000180025095e-35 1.0000000180025095e-35 42.500000000000007 40.500000000000007 38.500000000000007 2.5000000000000004 6.5000000000000009 5.5000000000000009 1.5000000000000002
decision_type=2 2 2 2 2 2 2 2 2 2 2 2 2 2
left_child=7 2 -2 -4 6 -6 -3 8 9 -1 -10 12 -9 -13
right_child=1 4 3 -5 5 -7 -8 11 10 -11 -12 13 -14 -15
leaf_value=0.0013305503593110297 0.068948203567246069 -0.0044780036517366581 -0.083323464278616449 0.056425735914946804 -0.044125893146887883 0.044183208313038104 -0.085134680500357482 -0.012202070054868177 0.061043196974443714 -0.050703978068729838 -0.0069690685770824132 -0.082629278964077069 0.038823512076550597 -0.03857127966837514
leaf_weight=147.85533703956753 6.1341234073042852 47.160804462502711 1.6192812398076057 1.1340032480657101 2.04496707266662 8.0804500088561326 1.3411387117812399 30.84995171893388 7.4459443651139718 8.8717190716415626 5.2065411545336246 2.110487336292862 3.262267066165804 1.8227028828114273
leaf_count=2546 57 774 43 22 63 175 32 478 70 196 125 72 81 66
internal_value=-0.00013063 0.00434601 0.0396066 -0.0257646 -0.000999183 0.026348 -0.00670826 -0.00158773 0.000974953 -0.00161493 0.0330559 -0.0129969 -0.00732232 -0.0622121
internal_weight=274.94 67.5148 8.88741 2.75328 58.6274 10.1254 48.5019 207.425 169.38 156.727 12.6525 38.0454 34.1122 3.93319
internal_count=4800 1166 122 65 1044 238 806 3634 2937 2742 195 697 559 138
is_linear=0
shrinkage=0.08


Tree=72
num_leaves=15
num_cat=0
split_feature=0 0 1 1 4 2 4 1 1 4 4 4 4 4
split_gain=0.284744 0.441185 0.651061 1.01978 0.608022 0.40598 2.3589 1.53253 1.26667 1.93941 1.36964 0.294649 0.891773 0.82583
threshold=1.0000000180025095e-35 1.5000000000000002 1.0000000180025095e-35 1.5000000000000002 35.500000000000007 1.5000000000000002 32.500000000000007 1.0000000180025095e-35 1.0000000180025095e-35 29.500000000000004 27.500000000000004 22.500000000000004 27.500000000000004 19.500000000000004
decision_type=2 2 2 2 2 2 2 2 2 2 2 2 2 2
left_child=5 2 4 -4 -2 8 -7 -8 9 -1 -10 13 -13 -3
right_child=1 11 3 -5 -6 6 7 -9 10 -11 -12 12 -14 -15
leaf_value=0.070284237210692851 0.0071179828931505354 -0.0029453489725646716 -0.0089960627171732366 0.0084886522307470198 0.035603744818983755 -0.085114460469797579 -0.024793763770220158 0.084453033650314022 -0.082377834276622167 -0.014164562446173343 -0.015783668178065546 0.019733571363383478 -0.0030091767016265998 -0.037952394271105944
leaf_weight=2.5489974301308447 13.611087962985041 22.498963408172134 35.568367421627045 53.400182858109474 7.4044046923518172 1.1763160796836007 1.2778799384832384 2.3026465903967619 2.3916041520424178 5.486928241327405 11.389888806268571 12.436842184513806 97.852372278342955 5.3355720546096554
leaf_count=43 74 619 165 223 87 30 18 42 114 82 226 347 2569 161
internal_value=-0.000133474 0.000709496 0.00449 0.00149851 0.0171544 -0.00800378 0.0131727 0.0454632 -0.0126209 0.0126226 -0.0273402 -0.00230081 -0.000444574 -0.00965581
internal_weight=274.682 248.108 109.984 88.9686 21.0155 26.5743 4.75684 3.58053 21.8174 8.03593 13.7815 138.124 110.289 27.8345
internal_count=4800 4245 549 388 161 555 90 60 465 125 340 3696 2916 780
is_linear=0
shrinkage=0.08


Tree=73
num_leaves=8
num_cat=0
split_feature=4 4 4 0 4 4 4
split_gain=0.287485 0.803105 0.520134 0.344119 0.65586 0.354096 0.0306018
threshold=82.500000000000014 84.500000000000014 77.500000000000014 1.0000000180025095e-35 43.500000000000007 31.500000000000004 78.500000000000014
decision_type=2 2 2 2 2 2 2
left_child=2 -2 3 4 -1 -5 -4
right_child=1 -3 6 5 -6 -7 -8
leaf_value=0.0006515132173005256 0.034959095458426258 -0.098778423238439522 0.021431810885910615 -0.0031541812739516173 -0.026051313897134151 0.0030575037856743364 0.035367009488037116
leaf_weight=15.809183516539635 0.51424589357338735 0.65137966477777809 1.9760915711522091 99.000758657231927 9.3792660515755397 144.39895356819034 2.0598750729113817
leaf_count=359 15 40 16 1643 186 2510 31
internal_value=-0.000131379 -0.0397767 3.81277e-05 -0.000390219 -0.00929165 0.000530954 0.0285441
internal_weight=273.79 1.16563 272.624 268.588 25.1884 243.4 4.03597
internal_count=4800 55 4745 4698 545 4153 47
is_linear=0
shrinkage=0.08


Tree=74
num_leaves=14
num_cat=0
split_feature=4 4 0 0 4 4 1 2 1 4 4 4 4
split_gain=0.25029 1.37814 0.828992 2.98589 0.735413 0.733108 0.800488 0.57429 0.923376 1.57658 0.714367 0.595589 0.309907
threshold=12.500000000000002 16.500000000000004 1.5000000000000002 4.5000000000000009 14.500000000000002 23.500000000000004 1.5000000000000002 1.5000000000000002 1.0000000180025095e-35 3.5000000000000004 2.5000000000000004 5.5000000000000009 38.500000000000007
decision_type=2 2 2 2 2 2 2 2 2 2 2 2 2
left_child=7 2 4 -4 -2 6 -3 8 11 -10 -9 -1 -7
right_child=1 5 3 -5 -6 12 -8 10 9 -11 -12 -13 -14
leaf_value=-0.015460701162178325 0.074881178227295106 -0.025269008673030093 -0.057557261637112153 0.041484556573356396 0.022310781447167291 0.0043976223794667917 0.0026065013916044088 -0.016353149311132818 0.005693044477927867 -0.053354233583648047 0.052265250602668879 0.040354716622457598 -0.0018646613219663985
leaf_weight=2.3144771894440117 2.895308223553001 15.445271761156619 2.9935046900063735 5.5785803943872452 4.1357542667537928 84.369700266048312 11.503629071637988 1.8811707110144191 5.1838876986876112 6.5514232222922146 2.0069062868133187 2.5958035727962852 126.26928751519881
leaf_count=54 21 282 67 81 28 1439 174 22 122 169 32 55 2254
internal_value=-0.000122236 0.000566675 0.023598 0.00689762 0.0439586 -0.000945864 -0.0133698 -0.00861688 -0.0150829 -0.027271 0.0190656 0.0140459 0.000643644
internal_weight=273.725 253.191 15.6031 8.57209 7.03106 237.588 26.9489 20.5337 16.6456 11.7353 3.88808 4.91028 210.639
internal_count=4800 4346 197 148 49 4149 456 454 400 291 54 109 3693
is_linear=0
shrinkage=0.08


Tree=75
num_leaves=8
num_cat=0
split_feature=4 1 4 4 4 0 4
split_gain=0.243429 0.718923 0.438623 0.330783 2.48294 1.01005 0.0244905
threshold=82.500000000000014 1.5000000000000002 77.500000000000014 56.500000000000007 55.500000000000007 7.5000000000000009 78.500000000000014
decision_type=2 2 2 2 2 2 2
left_child=2 -2 3 4 -1 -5 -4
right_child=1 -3 6 5 -6 -7 -8
leaf_value=-0.00036032811348262118 -0.092489709774404488 0.034555654968612064 0.019684384222497547 -0.0036500559180427574 0.062618181418034352 -0.054218452801000974 0.032066759178633296
leaf_weight=228.32816170481965 0.64946129824966081 0.50807091733440757 1.9936695620417584 33.075673267245293 4.0780281387269488 2.7371196914464226 2.0981110953725874
leaf_count=3972 35 20 16 594 60 72 31
internal_value=-0.000117135 -0.0367262 3.84817e-05 -0.000358084 0.000744755 -0.00751492 0.0260336
internal_weight=273.468 1.15753 272.311 268.219 232.406 35.8128 4.09178
internal_count=4800 55 4745 4698 4032 666 47
is_linear=0
shrinkage=0.08


Tree=76
num_leaves=15
num_cat=0
split_feature=4 4 0 1 0 4 0 4 0 0 4 4 0 1
split_gain=0.23453 1.74491 2.26962 1.82068 1.27871 1.91395 1.25669 0.828884 1.85676 1.43719 1.31262 3.21424 2.13268 9.79198e-05
threshold=50.500000000000007 52.500000000000007 3.5000000000000004 1.5000000000000002 6.5000000000000009 73.500000000000014 4.5000000000000009 43.500000000000007 1.0000000180025095e-35 6.5000000000000009 40.500000000000007 39.500000000000007 2.5000000000000004 1.5000000000000002
decision_type=2 2 2 2 2 2 2 2 2 2 2 2 2 2
left_child=7 2 -2 -4 6 -6 -3 10 13 -10 11 -1 -12 -9
right_child=1 4 3 -5 5 -7 -8 8 9 -11 12 -13 -14 -15
leaf_value=0.00060204272573467256 0.063766687481487991 -0.00062135517480397336 -0.083051454457147331 0.049537753817028227 0.035623776236827942 -0.083532921945453698 -0.034936626295627521 -0.08373618431005049 -0.002120269125731451 -0.058060340677361141 0.046671817146515589 -0.065634866696544225 -0.012096613196034731 -0.082679027639561392
leaf_weight=151.02373066917062 6.176279488950966 39.913957602577284 1.4963460564613342 1.1899010725319386 9.3222360033541882 0.95071320084389377 8.2403240455314499 1.1253926903009406 28.469633542001251 3.2777333427220574 9.5703507736325282 4.8389959763735524 6.7319119637832037 1.1176461987197399
leaf_count=2631 57 575 43 22 200 38 231 27 426 118 96 111 189 36
internal_value=-0.000110675 0.0039902 0.0370676 -0.0243197 -0.00102713 0.0245964 -0.0064935 -0.00144921 -0.0128657 -0.00789576 0.000804741 -0.00145438 0.0224038 -0.0832094
internal_weight=273.445 67.2898 8.86253 2.68625 58.4272 10.2729 48.1543 206.155 33.9904 31.7474 172.165 155.863 16.3023 2.24304
internal_count=4800 1166 122 65 1044 238 806 3634 607 544 3027 2742 285 63
is_linear=0
shrinkage=0.08


Tree=77
num_leaves=16
num_cat=0
split_feature=4 4 4 0 4 1 0 0 4 1 0 1 0 0 0
split_gain=0.232945 0.95372 2.82915 3.41955 1.61979 0.763202 2.59911 0.811593 0.689859 0.94815 1.66012 0.396023 1.54229 1.20267 0.10243
threshold=31.500000000000004 38.500000000000007 40.500000000000007 3.5000000000000004 42.500000000000007 1.0000000180025095e-35 7.5000000000000009 4.5000000000000009 30.500000000000004 1.5000000000000002 1.5000000000000002 1.0000000180025095e-35 2.5000000000000004 7.5000000000000009 1.5000000000000002
decision_type=2 2 2 2 2 2 2 2 2 2 2 2 2 2 2
left_child=8 5 3 -3 -4 7 -7 -2 11 10 -10 12 -1 -13 -11
right_child=1 2 4 -5 -6 6 -8 -9 9 14 -12 13 -14 -15 -16
leaf_value=0.022208851609255106 -0.024763019998098039 -0.085942186361462253 0.02846409708014154 0.019679040575966051 -0.001764875508379285 0.023910751136826981 -0.082844991824558289 0.02233176428173151 -0.069344292763264398 -0.051295944777993041 0.049516378997424851 -0.007741821352635108 -0.014704060451513524 0.031118928756683806 -0.083145354172020416
leaf_weight=16.793403129093353 6.1706723589450103 5.2629291703924519 12.725650466978548 3.1275613829493523 104.54094817454461 29.314454268664125 1.5360398888587941 3.7744002249091864 1.2912926636636251 1.4410005547106268 1.8008567653596399 65.78199710464105 12.739682567305861 5.5249657928943625 1.1717711668461559
leaf_count=168 103 93 195 103 1863 439 47 92 10 10 43 1115 359 127 33
internal_value=-0.000114642 0.001755 -0.00169539 -0.0465718 0.00151554 0.0123828 0.0185954 -0.00688939 -0.00303554 -0.0300997 -0.000120263 -0.00150441 0.00628573 -0.00473083 -0.0655797
internal_weight=272.998 166.453 125.657 8.39049 117.267 40.7956 30.8505 9.94507 106.545 5.70492 3.09215 100.84 29.5331 71.307 2.61277
internal_count=4800 2935 2254 196 2058 681 486 195 1865 96 53 1769 527 1242 43
is_linear=0
shrinkage=0.08


Tree=78
num_leaves=14
num_cat=0
split_feature=4 4 1 0 0 3 0 4 2 2 4 4 4
split_gain=0.221277 2.46458 1.88534 1.06303 1.74219 1.23792 0.774957 3.90345 3.75692 1.1406 2.53557 1.44699 0.315455
threshold=51.500000000000007 52.500000000000007 1.5000000000000002 6.5000000000000009 7.5000000000000009 1.0000000180025095e-35 6.5000000000000009 35.500000000000007 1.5000000000000002 1.5000000000000002 46.500000000000007 24.500000000000004 46.500000000000007
decision_type=2 2 2 2 2 2 2 2 2 2 2 2 2
left_child=6 2 -2 5 -5 -3 9 8 -8 11 -11 -1 -9
right_child=1 3 -4 4 -6 -7 7 12 -10 10 -12 -13 -14
leaf_value=-0.013434326444605715 0.022248423317767902 -0.0037816521174431285 0.12172101774326891 0.051136575070157883 -0.014555140463728891 -0.084828164103888534 0.020169170181878523 -0.048258122290499535 -0.085278149078708537 0.0069667759851219689 0.08424823131407197 0.00322051892966663 -0.08285630282615826
leaf_weight=49.155367546714842 3.6857233047485343 46.606164013501257 1.8224037885665891 5.8747383813606557 4.6123410671716556 1.2381972543662403 16.922333527356393 6.9216555356979352 2.4792356807738534 24.271491844207052 3.0596119835972777 104.06858226191252 2.229972817003727
leaf_count=827 46 774 22 119 119 32 427 222 61 383 42 1656 70
internal_value=-0.000115177 0.00400731 0.0551597 -0.000822911 0.0222446 -0.00587911 -0.00137375 -0.0136205 0.00669455 0.000562967 0.0156181 -0.00212248 -0.0566886
internal_weight=272.948 63.8396 5.50813 58.3314 10.4871 47.8444 209.108 28.5532 19.4016 180.555 27.3311 153.224 9.15163
internal_count=4800 1112 68 1044 238 806 3688 780 488 2908 425 2483 292
is_linear=0
shrinkage=0.08


Tree=79
num_leaves=11
num_cat=0
split_feature=4 4 4 4 1 1 0 1 4 4
split_gain=0.215317 0.691097 1.13875 0.498001 0.658353 0.437914 1.06127 0.269902 0.553699 0.503157
threshold=74.500000000000014 71.500000000000014 72.500000000000014 80.500000000000014 1.5000000000000002 1.5000000000000002 2.5000000000000004 1.0000000180025095e-35 65.500000000000014 51.500000000000007
decision_type=2 2 2 2 2 2 2 2 2 2
left_child=1 7 -3 5 -5 6 -2 8 -1 -9
right_child=3 2 -4 4 -6 -7 -8 9 -10 -11
leaf_value=0.0028365972887739038 0.0831271553070973 -0.1163146579804476 0.0033349753227846874 -0.084950660085543694 0.018255603118032045 0.0010706168992613118 -0.0023510956460790797 -0.003783715363815816 0.044451172807605376 0.0063887350868165951
leaf_weight=67.642325541004539 1.850689105689524 0.86961619928479139 1.2279092483222482 0.72162241023033835 0.87549467198550701 3.6082426644861698 1.8677855189889667 152.99910493148491 2.1101013757288447 39.065224406309426
leaf_count=1329 14 18 35 41 28 37 28 2596 43 631
internal_value=-0.000119912 -0.00053317 -0.0462707 0.0121018 -0.0283759 0.0209254 0.0401915 -0.000166747 0.00409549 -0.00171467
internal_weight=272.838 263.914 2.09753 8.92383 1.59712 7.32672 3.71847 261.817 69.7524 192.064
internal_count=4800 4652 53 148 69 79 42 4599 1372 3227
is_linear=0
shrinkage=0.08


Tree=80
num_leaves=15
num_cat=0
split_feature=0 4 2 2 4 1 0 2 4 4 4 4 4 4
split_gain=0.224037 0.373476 1.00779 0.774305 2.82964 0.963274 0.34451 0.604639 2.66958 1.15184 0.24904 1.02177 0.61514 0.000606513
threshold=1.0000000180025095e-35 17.500000000000004 1.0000000180025095e-35 1.0000000180025095e-35 28.500000000000004 1.5000000000000002 1.5000000000000002 1.0000000180025095e-35 24.500000000000004 21.500000000000004 56.500000000000007 60.500000000000007 45.500000000000007 13.500000000000002
decision_type=2 2 2 2 2 2 2 2 2 2 2 2 2 2
left_child=1 2 -1 4 -3 -5 7 8 -2 -9 12 -12 -8 -4
right_child=6 3 13 5 -6 -7 10 9 -10 -11 11 -13 -14 -15
leaf_value=0.041383515310199848 -0.025367685257602184 0.093938733879516886 -0.081069869248815846 0.014861258122746674 -0.064232524469639424 -0.022827641726021135 -0.003772460493628252 0.017399100980283522 0.032795949937065173 -0.0043952915807939311 -0.039714365567773656 2.1497645674998461e-05 0.010007438887884381 -0.084665359746402075
leaf_weight=0.62374144745990889 7.2370982617139843 0.89619651623070495 0.50574802514165618 13.182198958471419 3.7643094547092915 6.4704848155379286 88.114129326306283 20.417265832424164 16.714091684669256 64.698175590485334 5.4947814419865635 16.817736382305156 27.112487005069852 0.73902639001607895
leaf_count=21 33 22 53 202 79 160 2483 96 86 334 150 454 609 18
internal_value=-0.000112408 -0.00714864 -0.041615 -0.00449984 -0.0338168 0.0024525 0.000634616 0.00399243 0.0152212 0.000832689 -0.00202808 -0.00976404 -0.00053009 -0.0832045
internal_weight=272.787 26.1817 1.86852 24.3132 4.66051 19.6527 246.606 109.067 23.9512 85.1154 137.539 22.3125 115.227 1.24477
internal_count=4800 555 92 463 101 362 4245 549 119 430 3696 604 3092 71
is_linear=0
shrinkage=0.08


Tree=81
num_leaves=15
num_cat=0
split_feature=4 4 0 0 4 3 4 4 1 0 1 4 4 3
split_gain=0.215596 1.26036 0.699133 2.55282 0.654326 0.55565 0.871962 0.523518 0.750614 3.44842 2.35639 0.267465 2.34507 0.88266
threshold=16.500000000000004 12.500000000000002 1.5000000000000002 4.5000000000000009 14.500000000000002 1.0000000180025095e-35 9.5000000000000018 23.500000000000004 1.5000000000000002 5.5000000000000009 1.0000000180025095e-35 38.500000000000007 40.500000000000007 1.0000000180025095e-35
decision_type=2 2 2 2 2 2 2 2 2 2 2 2 2 2
left_child=1 5 4 -4 -3 6 -1 8 10 -10 -2 13 -13 -9
right_child=7 2 3 -5 -6 -7 -8 11 9 -11 -12 12 -14 -15
leaf_value=-0.0011360164525007954 0.0094008409062433136 0.071476886060098749 -0.055258022591208968 0.038118998393853708 0.021441303410370621 0.044603206228298067 -0.041151088691376563 0.0051699271701968631 -0.014117509539334279 0.11095403485323461 -0.053805189533328017 -0.04339100335508763 0.00089931709888791626 -0.046140673564915649
leaf_weight=14.360350466333335 7.3036615960299969 2.8147723572328678 2.7869971189647895 5.7185814268887043 4.1225265245884657 1.2316758697852481 4.6021495899185529 82.339044477790594 9.8006106317043287 1.6481128875166184 7.8132960218936205 8.1845674132928234 117.36415174743161 2.2030610162764779
leaf_count=318 127 21 67 81 28 18 118 1388 128 46 155 196 2058 51
internal_value=-0.000110094 0.00569087 0.0228951 0.00752243 0.041743 -0.00746554 -0.0108476 -0.000983635 -0.0115649 0.00388729 -0.0232676 0.000354357 -0.00198799 0.00383284
internal_weight=272.294 35.6371 15.4429 8.50558 6.9373 20.1942 18.9625 236.657 26.5657 11.4487 15.117 210.091 125.549 84.5421
internal_count=4800 651 197 148 49 454 436 4149 456 174 282 3693 2254 1439
is_linear=0
shrinkage=0.08


Tree=82
num_leaves=15
num_cat=0
split_feature=0 4 1 4 2 4 0 1 2 4 4 2 4 4
split_gain=0.195986 0.37711 2.23039 1.77563 1.7339 0.815261 0.295521 0.524229 0.906622 0.649971 0.220628 0.850878 0.722738 5.50167e-05
threshold=1.0000000180025095e-35 27.500000000000004 1.0000000180025095e-35 30.500000000000004 1.0000000180025095e-35 22.500000000000004 1.5000000000000002 1.0000000180025095e-35 1.0000000180025095e-35 35.500000000000007 69.500000000000014 1.0000000180025095e-35 56.500000000000007 14.500000000000002
decision_type=2 2 2 2 2 2 2 2 2 2 2 2 2 2
left_child=1 2 5 -3 -5 -1 7 9 -9 -2 12 -12 -8 -4
right_child=6 3 13 4 -6 -7 10 8 -10 -11 11 -13 -14 -15
leaf_value=0.058668205358022467 0.0047623017053383685 0.068371060306424328 -0.081345570502199246 -0.061518217765194172 0.0018825631064171911 -0.026140870493143332 -0.00048516318792603318 0.015765866364142955 -0.003441369932127417 0.034561217916576563 0.052033925991000686 -0.0070724080441852497 -0.019178695363206738 -0.082314508993198671
leaf_weight=1.6469134390354185 13.379563704133036 2.0760369300842312 0.46285116532817516 3.3740269783884314 15.186241552233694 1.2964988797903059 115.13104432355613 20.484789907932281 67.73364844918251 7.2085489965975276 2.2884311482193871 4.888666502200067 14.95615843683481 1.9769321102648971
leaf_count=31 74 35 56 75 268 16 3092 91 297 87 59 131 414 74
internal_value=-0.000110858 -0.00671364 -0.0255705 -0.00179461 -0.00964291 0.0213119 0.000587319 0.00370123 0.00101865 0.0151958 -0.00188101 0.0117738 -0.00263436 -0.0821307
internal_weight=272.09 26.0195 5.3832 20.6363 18.5603 2.94341 246.071 108.807 88.2184 20.5881 137.264 7.1771 130.087 2.43978
internal_count=4800 555 177 378 343 47 4245 549 388 161 3696 190 3506 130
is_linear=0
shrinkage=0.08


Tree=83
num_leaves=8
num_cat=0
split_feature=4 4 4 4 2 4 4
split_gain=0.181253 0.578508 0.369435 0.265821 1.36014 0.368517 0.0241531
threshold=82.500000000000014 84.500000000000014 77.500000000000014 66.500000000000014 1.0000000180025095e-35 51.500000000000007 78.500000000000014
decision_type=2 2 2 2 2 2 2
left_child=2 -2 3 5 -5 -1 -4
right_child=1 -3 6 4 -6 -7 -8
leaf_value=-0.0011656031176077112 0.034760163850928241 -0.080741042580504546 0.017536134184535576 0.032872892108865646 -0.025370949963143187 0.0068513754633203125 0.029788252460032576
leaf_weight=207.76130156591535 0.4803486521122966 0.6573163716821 2.0157326981425276 3.3973247557878468 10.487026369199157 44.567497938871384 2.1051948014646769
leaf_count=3688 15 40 16 59 161 790 31
internal_value=-0.000108747 -0.0319737 2.53529e-05 -0.000342599 -0.0111194 0.000250393 0.0237952
internal_weight=271.472 1.13767 270.334 266.213 13.8844 252.329 4.12093
internal_count=4800 55 4745 4698 220 4478 47
is_linear=0
shrinkage=0.08


Tree=84
num_leaves=16
num_cat=0
split_feature=4 4 0 0 0 2 1 4 4 4 4 1 4 1 1
split_gain=0.1865 1.06121 0.73414 2.5132 2.02199 0.508154 0.733573 0.626771 0.464841 0.855782 2.04288 0.670715 0.459921 0.851549 0.364795
threshold=16.500000000000004 12.500000000000002 5.5000000000000009 7.5000000000000009 4.5000000000000009 1.5000000000000002 1.0000000180025095e-35 2.5000000000000004 31.500000000000004 38.500000000000007 40.500000000000007 1.0000000180025095e-35 30.500000000000004 1.5000000000000002 1.0000000180025095e-35
decision_type=2 2 2 2 2 2 2 2 2 2 2 2 2 2 2
left_child=1 5 4 -4 -3 6 -1 -7 12 11 -11 -10 14 -14 -2
right_child=8 2 3 -5 -6 7 -8 -9 9 10 -12 -13 13 -15 -16
leaf_value=0.013067503932822523 0.0049031812360414723 0.013028369574769209 -0.084484889867208326 0.055803904334726977 0.09236217888069384 -0.014478058099874609 -0.024061623942370478 0.050376496962155494 -0.0066442106191052057 -0.041192301241915176 0.00077009601966208886 0.01725382197574343 -0.00061543977236457503 -0.062934125898516394 -0.0083237372523526695
leaf_weight=4.8540731277316871 18.871617939323187 9.5333343595266324 1.5939865522086611 1.6771689206361771 2.6214751154184333 1.8239855575375252 11.412726946175097 1.9987732917070387 9.9292677976191026 7.9278438594192258 117.08502412267262 30.926165197044611 3.1727071478962889 2.5162723083049059 45.566427761688828
leaf_count=109 337 116 32 22 27 22 291 32 195 196 2058 486 53 43 781
internal_value=-0.000101219 0.00530357 0.0210848 -0.0125568 0.0301386 -0.00681422 -0.0129822 0.0194319 -0.000914599 0.00139402 -0.001891 0.0114458 -0.00637506 -0.0281794 -0.00445004
internal_weight=271.511 35.5155 15.426 3.27116 12.1548 20.0896 16.2668 3.82276 235.995 165.868 125.013 40.8554 70.127 5.68898 64.438
internal_count=4800 651 197 54 143 454 400 54 4149 2935 2254 681 1214 96 1118
is_linear=0
shrinkage=0.08


Tree=85
num_leaves=15
num_cat=0
split_feature=0 4 2 4 2 4 0 1 1 4 3 4 4 4
split_gain=0.172339 0.364307 0.854365 0.573026 0.756902 0.755521 0.276599 0.439774 0.912242 0.612256 0.209696 1.51872 0.302712 0.000531173
threshold=1.0000000180025095e-35 17.500000000000004 1.0000000180025095e-35 37.500000000000007 1.5000000000000002 51.500000000000007 1.5000000000000002 1.0000000180025095e-35 1.5000000000000002 35.500000000000007 1.0000000180025095e-35 49.500000000000007 69.500000000000014 13.500000000000002
decision_type=2 2 2 2 2 2 2 2 2 2 2 2 2 2
left_child=1 2 -1 4 -3 -5 7 9 -9 -2 12 -12 -8 -4
right_child=6 3 13 5 -6 -7 10 8 -10 -11 11 -13 -14 -15
leaf_value=0.030449704498791554 0.0040782202486758972 0.001209633330720367 -0.081078578847616462 -0.034585673490742382 0.060756455243670508 0.0026303619031315625 -0.002137214217627614 -0.0088505932033386345 0.0077670030665703783 0.033239040162280631 -0.055206992736254373 0.036141633144569946 0.015040978057331461 -0.084604105746458713
leaf_weight=0.674367761239412 13.320334628224375 8.2980386707931757 0.45721243554726221 6.332264067605136 1.6354127731174237 7.7809702437371016 125.34817958343774 35.230196118354797 52.871814146637917 7.0452211387455455 2.8754225978627792 1.9579650942469013 6.9281735463882788 0.6807100921869278
leaf_count=21 74 164 53 142 30 127 3372 165 223 87 102 41 181 18
internal_value=-0.000101636 -0.00631371 -0.0409022 -0.00370693 0.0110132 -0.0140676 0.000552487 0.00357109 0.00112197 0.0141661 -0.00183553 -0.0182024 -0.00123748 -0.0831876
internal_weight=271.436 25.859 1.81229 24.0467 9.93345 14.1132 245.577 108.468 88.102 20.3656 137.11 4.83339 132.276 1.13792
internal_count=4800 555 92 463 194 269 4245 549 388 161 3696 143 3553 71
is_linear=0
shrinkage=0.08


Tree=86
num_leaves=7
num_cat=0
split_feature=4 1 4 4 4 0
split_gain=0.178228 0.542329 0.36255 0.296131 1.855 0.89692
threshold=80.500000000000014 1.5000000000000002 77.500000000000014 56.500000000000007 55.500000000000007 7.5000000000000009
decision_type=2 2 2 2 2 2
left_child=2 -2 3 4 -1 -5
right_child=1 -3 -4 5 -6 -7
leaf_value=-0.00023639895191450216 -0.078271340762919028 0.016170029117287498 0.024719044401768739 -0.0035225331291731904 0.052757669454369771 -0.052402428968051029
leaf_weight=225.77619111724198 0.71666065813042112 0.85154610127210617 3.7622738480567923 32.677194723859429 4.308020766824483 2.5932158939540377
leaf_count=3972 41 28 33 594 60 72
internal_value=-9.75823e-05 -0.0269891 5.91207e-05 -0.000290515 0.000755844 -0.00711637
internal_weight=270.685 1.56821 269.117 265.355 230.084 35.2704
internal_count=4800 69 4731 4698 4032 666
is_linear=0
shrinkage=0.08


Tree=87
num_leaves=13
num_cat=0
split_feature=4 3 4 4 0 4 2 1 1 4 4 4
split_gain=0.16883 1.17829 0.797546 0.801088 0.666237 0.414372 0.711057 1.32788 0.87579 0.27856 1.45663 1.28202
threshold=16.500000000000004 1.0000000180025095e-35 12.500000000000002 9.5000000000000018 1.5000000000000002 23.500000000000004 1.5000000000000002 1.5000000000000002 1.0000000180025095e-35 42.500000000000007 45.500000000000007 40.500000000000007
decision_type=2 2 2 2 2 2 2 2 2 2 2 2
left_child=1 2 3 -1 -4 6 8 -8 -2 11 -11 -7
right_child=5 -3 4 -5 -6 9 7 -9 -10 10 -12 -13
leaf_value=-0.00010902252792222254 0.010034393805521692 0.066014387610285302 0.034323935801331938 -0.038877735324570256 0.00021239438850779096 -5.0305015927490257e-05 -0.012872256730236129 0.097592290281732844 -0.024725595991629917 -0.025997203165411729 0.0012196395062723435 0.027063106291728825
leaf_weight=14.172291605267676 6.4105238951742711 1.9194781067781139 6.6091386601328841 4.4923947826027861 8.2244782391935569 92.180208327248693 1.9826194681227198 1.0735799558460712 16.786409572698176 14.645121443085371 89.467002381279599 12.698590835556386
leaf_count=318 111 30 48 118 137 1635 41 22 282 308 1555 195
internal_value=-9.21889e-05 0.00505713 0.00156424 -0.00944025 0.0154108 -0.000867458 -0.0103407 0.0259317 -0.0151196 0.000322557 -0.00260887 0.00323255
internal_weight=270.662 35.4178 33.4983 18.6647 14.8336 235.244 26.2531 3.0562 23.1969 208.991 104.112 104.879
internal_count=4800 651 621 436 185 4149 456 63 393 3693 1863 1830
is_linear=0
shrinkage=0.08


Tree=88
num_leaves=15
num_cat=0
split_feature=0 4 2 2 4 4 0 2 4 4 4 0 4 4
split_gain=0.159381 0.341724 0.769717 0.552649 2.34512 0.916215 0.237907 0.404981 2.16066 0.97428 0.212226 0.870517 0.419173 0.000433061
threshold=1.0000000180025095e-35 17.500000000000004 1.0000000180025095e-35 1.0000000180025095e-35 28.500000000000004 28.500000000000004 1.5000000000000002 1.0000000180025095e-35 24.500000000000004 21.500000000000004 56.500000000000007 7.5000000000000009 45.500000000000007 13.500000000000002
decision_type=2 2 2 2 2 2 2 2 2 2 2 2 2 2
left_child=1 2 -1 4 -3 -5 7 8 -2 -9 12 -12 -8 -4
right_child=6 3 13 5 -6 -7 10 9 -10 -11 11 -13 -14 -15
leaf_value=0.024825200080151415 -0.024236030894221463 0.080386608266547449 -0.081008766998552223 -0.036563102078314244 -0.061111214870298712 0.0098254788686402503 -0.0030135533158158851 0.016110235563234879 0.028463790426960723 -0.0040601684247930326 -0.0030418320974079653 -0.052304361001299225 0.008301785141678019 -0.08430814877372253
leaf_weight=0.70456596370786684 7.1239561140537289 0.96540616452694195 0.42256296286359407 3.2679321337491301 3.3538805730640888 16.399274554103613 87.22084454074502 20.130245983600616 16.53738583996892 64.220937542617321 19.396015928476121 2.6039552892907514 27.577365457080305 0.64054524712264538
leaf_count=21 33 22 53 75 79 287 2483 96 86 334 520 84 609 18
internal_value=-8.84741e-05 -0.00607484 -0.0400207 -0.00357322 -0.029485 0.00211748 0.000541294 0.0033479 0.0125969 0.000753459 -0.00167474 -0.00887263 -0.00029533 -0.0829967
internal_weight=270.565 25.7542 1.76767 23.9865 4.31929 19.6672 244.811 108.013 23.6613 84.3512 136.798 22 114.798 1.06311
internal_count=4800 555 92 463 101 362 4245 549 119 430 3696 604 3092 71
is_linear=0
shrinkage=0.08


Tree=89
num_leaves=16
num_cat=0
split_feature=4 4 2 4 4 1 1 0 2 4 0 0 0 0 4
split_gain=0.156858 1.2338 1.84132 1.17345 2.1652 3.0917 1.9497 3.86316 0.784369 1.55125 1.21052 0.778489 0.666005 0.59807 0.557281
threshold=42.500000000000007 45.500000000000007 1.0000000180025095e-35 40.500000000000007 39.500000000000007 1.0000000180025095e-35 1.0000000180025095e-35 2.5000000000000004 1.0000000180025095e-35 50.500000000000007 4.5000000000000009 3.5000000000000004 1.5000000000000002 1.5000000000000002 32.500000000000007
decision_type=2 2 2 2 2 2 2 2 2 2 2 2 2 2 2
left_child=3 2 12 4 14 -6 11 -8 9 -3 -10 -5 -2 -4 -1
right_child=1 8 13 6 5 -7 7 -9 10 -11 -12 -13 -14 -15 -16
leaf_value=-0.0017231415050195063 0.066401025125120486 -0.045808545940075031 -0.024782362561176333 0.04128248641275855 0.046288968188937948 -0.10147899614448685 0.045468902433871076 -0.060950601534694421 0.012101948435784517 0.0017287305246512685 -0.011016537022230868 0.11655131313778033 -0.012769183485867841 -0.062663692211585603 0.0095712343233786377
leaf_weight=111.71493539214134 1.6573258135467761 6.2906401436775949 7.51618444919586 1.9606922082602971 1.3016901100054372 2.9824545588344336 5.7967866919934732 3.502037551254034 47.892693886708003 14.566166101663837 20.786949965986423 1.5947074592113493 1.15324030816555 4.1346858907490969 37.293030920438468
leaf_count=1973 16 104 60 32 34 77 44 84 659 270 522 35 51 181 658
internal_value=-8.68568e-05 -0.00252342 -0.0242052 0.00143829 -0.00050859 -0.0565813 0.0246557 0.00539017 0.000978491 -0.012609 0.00510478 0.0750429 0.0339157 -0.0382258 0.00110356
internal_weight=270.144 103.998 14.4614 166.146 153.292 4.28414 12.8542 9.29882 89.5365 20.8568 68.6796 3.5554 2.81057 11.6509 149.008
internal_count=4800 1863 308 2937 2742 111 195 128 1555 374 1181 67 67 241 2631
is_linear=0
shrinkage=0.08


Tree=90
num_leaves=16
num_cat=0
split_feature=4 2 4 4 4 1 0 4 0 0 4 1 4 4 0
split_gain=0.164438 0.973628 1.53424 1.151 1.10198 1.08594 0.92971 0.73894 1.3239 1.20342 0.296982 2.22797 0.504043 0.0748284 4.47572e-05
threshold=19.500000000000004 1.0000000180025095e-35 17.500000000000004 16.500000000000004 8.5000000000000018 1.5000000000000002 2.5000000000000004 23.500000000000004 6.5000000000000009 3.5000000000000004 26.500000000000004 1.5000000000000002 31.500000000000004 17.500000000000004 7.5000000000000009
decision_type=2 2 2 2 2 2 2 2 2 2 2 2 2 2 2
left_child=1 3 5 4 -1 -3 -4 8 9 -2 11 -9 -12 -5 -10
right_child=7 2 6 13 -6 -7 -8 10 14 -11 12 -13 -14 -15 -16
leaf_value=-0.050265686414008526 -0.023910606932695165 -0.0098832232848957962 0.085311728271990642 -0.04611955057875352 0.017236188294960288 0.019860297177336197 0.0096216344917048179 0.038320195532673573 -0.082734721751790266 0.030588627347231476 -0.010554213100822732 -0.022731075496884481 0.001071616934848877 -0.073386494021666804 -0.08354074942904377
leaf_weight=2.1467090705409628 9.7732133315876109 16.402996087446809 2.6054121851921073 1.0751259773969652 5.5482510435394943 15.076792132109405 1.7270671818405388 8.5219248551875335 0.93355247564613708 3.5295809097588053 27.899164950475097 6.9419303797185412 165.14512008480961 1.6067930459976194 0.83549316599965096
leaf_count=58 117 346 22 15 89 212 51 162 30 112 475 121 2935 34 21
internal_value=-9.28287e-05 0.00425269 0.0105049 -0.0173247 -0.00159521 0.00436201 0.0551392 -0.000990565 -0.0180969 -0.00945053 0.000245951 0.0109135 -0.000608572 -0.0624557 -0.0831154
internal_weight=269.769 46.1891 35.8123 10.3769 7.69496 31.4798 4.33248 223.58 15.0718 13.3028 208.508 15.4639 193.044 2.68192 1.76905
internal_count=4800 827 631 196 147 558 73 3973 280 229 3693 283 3410 49 51
is_linear=0
shrinkage=0.08


Tree=91
num_leaves=13
num_cat=0
split_feature=4 4 0 4 1 4 0 0 0 1 1 4
split_gain=0.167579 1.44607 1.81198 0.881248 2.73975 0.891882 0.850356 1.81894 2.47657 1.05713 0.726198 3.86556e-06
threshold=56.500000000000007 55.500000000000007 5.5000000000000009 54.500000000000007 1.5000000000000002 51.500000000000007 7.5000000000000009 6.5000000000000009 5.5000000000000009 1.5000000000000002 1.5000000000000002 63.500000000000007
decision_type=2 2 2 2 2 2 2 2 2 2 2 2
left_child=1 3 -3 5 -5 -1 7 8 -2 -9 11 -8
right_child=6 2 -4 4 -6 -7 10 9 -10 -11 -12 -13
leaf_value=-0.00078676944091243795 -0.0017892265269409478 0.0081239325582951813 0.11450107240918758 0.031543991447689677 -0.093220238969763267 0.019718360001051788 -0.082968430851474248 0.013362229331072671 -0.082703217645533886 0.094282139206735352 0.007720061876954786 -0.08271822840002388
leaf_weight=205.851439664606 31.026100148272235 2.8989445343613616 1.5851610116660593 2.1090650483965865 2.417783610522747 14.534229148179291 0.79864690266549521 2.4474269193597129 2.6258215429261318 1.7881311010569332 0.88322623446583737 0.78229387238388881
leaf_count=3688 503 38 22 34 33 217 24 53 91 37 29 31
internal_value=-9.16025e-05 0.000744688 0.045729 -0.000152168 -0.0350924 0.000565525 -0.00484586 -0.00188412 -0.00810285 0.0475243 -0.0503837 -0.0828446
internal_weight=269.748 229.397 4.48411 224.913 4.52685 220.386 40.3516 37.8875 33.6519 4.23556 2.46417 1.58094
internal_count=4800 4032 60 3972 67 3905 768 684 594 90 84 55
is_linear=0
shrinkage=0.08


Tree=92
num_leaves=15
num_cat=0
split_feature=0 4 4 4 1 2 4 4 4 0 2 0 4 1
split_gain=0.163252 0.372806 1.97477 0.728003 1.99198 1.5687 0.528099 0.197209 0.994338 0.510962 1.27872 0.574016 0.364151 0.000176269
threshold=1.0000000180025095e-35 43.500000000000007 51.500000000000007 27.500000000000004 1.0000000180025095e-35 1.0000000180025095e-35 56.500000000000007 72.500000000000014 70.500000000000014 5.5000000000000009 1.0000000180025095e-35 3.5000000000000004 66.500000000000014 1.5000000000000002
decision_type=2 2 2 2 2 2 2 2 2 2 2 2 2 2
left_child=1 3 13 4 -1 -5 -4 8 12 11 -11 -9 -2 -3
right_child=7 2 6 5 -6 -7 -8 9 -10 10 -12 -13 -14 -15
leaf_value=0.019156777516292814 0.0010895126466223561 -0.083901889995127113 0.029480977263538228 -0.047171814171588035 -0.081906341113587647 0.029612688528526034 -0.014049823919588058 0.009256736672580191 -0.061635233391327211 0.072522031518168703 -0.083326129626814752 0.064137210104707409 -0.01791335165658833 -0.082498385783495928
leaf_weight=2.9912986140698221 227.26542088203132 1.2292322814464551 2.7232825588434935 2.144521709531543 2.1419743462465703 8.2676728237420321 5.1691947374492884 5.4340349526028131 1.6573243681341399 0.51255174382822566 0.98341173829976469 1.5727731880615463 6.6425462942570439 1.0722821857780218
leaf_count=47 3957 31 39 50 130 132 88 65 31 20 40 38 94 38
internal_value=-9.46507e-05 -0.0061543 -0.0180437 0.00164224 -0.0230141 0.013798 0.000970387 0.000544401 0.000112363 0.0125138 -0.0299289 0.0215754 0.000549867 -0.083248
internal_weight=269.808 25.7395 10.194 15.5455 5.13327 10.4122 7.89248 244.068 235.565 8.50277 1.49596 7.00681 233.908 2.30151
internal_count=4800 555 196 359 177 182 127 4245 4082 163 60 103 4051 69
is_linear=0
shrinkage=0.08


Tree=93
num_leaves=7
num_cat=0
split_feature=4 1 4 4 4 2
split_gain=0.161538 0.466338 0.296397 0.160232 1.14789 1.04632
threshold=80.500000000000014 1.5000000000000002 78.500000000000014 56.500000000000007 55.500000000000007 1.5000000000000002
decision_type=2 2 2 2 2 2
left_child=2 -2 3 4 -1 -5
right_child=1 -3 -4 5 -6 -7
leaf_value=-0.00019218479471158468 -0.074025648626855373 0.014176601606998856 0.032869541715564457 0.00030861219301379797 0.039881007590123502 -0.038924303842820099
leaf_weight=224.94190721516497 0.70263958326540776 0.84500903775915504 1.7499164361506689 31.781996413134038 4.6697682961821547 5.0405186684802166
leaf_count=3972 41 28 17 573 60 109
internal_value=-9.60241e-05 -0.0258676 5.26997e-05 -0.000162838 0.000622811 -0.00506186
internal_weight=269.732 1.54765 268.184 266.434 229.612 36.8225
internal_count=4800 69 4731 4714 4032 682
is_linear=0
shrinkage=0.08


Tree=94
num_leaves=16
num_cat=0
split_feature=4 2 4 4 4 1 0 4 0 0 4 0 4 1 0
split_gain=0.144069 0.831815 1.279 1.01604 0.949773 0.923854 0.777072 0.619047 1.26013 1.00068 0.254328 1.94258 0.429454 0.000136265 3.48905e-05
threshold=19.500000000000004 1.0000000180025095e-35 17.500000000000004 16.500000000000004 8.5000000000000018 1.5000000000000002 2.5000000000000004 23.500000000000004 6.5000000000000009 3.5000000000000004 26.500000000000004 7.5000000000000009 31.500000000000004 1.5000000000000002 7.5000000000000009
decision_type=2 2 2 2 2 2 2 2 2 2 2 2 2 2 2
left_child=1 3 5 4 -1 -3 -4 8 9 -2 11 -9 -12 -5 -10
right_child=7 2 6 13 -6 -7 -8 10 14 -11 12 -13 -14 -15 -16
leaf_value=-0.047502698409995631 -0.021932370330922928 -0.0091112377090071615 0.077589271535199372 -0.058800558797883061 0.015719930213048829 0.018323204208747852 0.0087601503381576039 0.001605336772687947 -0.082518172356148251 0.027303963086289653 -0.0098029854227206469 0.10477423097659548 0.00095022944380260971 -0.059960446665491642 -0.08325776068261305
leaf_weight=2.0884073795750719 9.6895863078534585 16.321240810677409 2.6401449702680102 1.3325589876621962 5.5946693546138704 15.145902708405631 1.7427183035761116 14.299653880298134 0.86403972469270118 3.6321193296462289 27.760343316942453 1.2719499133527286 165.34177827223903 1.2622790727764368 0.77385438606142998
leaf_count=58 117 346 22 26 89 212 51 254 30 112 475 29 2935 23 21
internal_value=-8.98648e-05 0.00398086 0.009733 -0.016083 -0.00146519 0.00409363 0.0502214 -0.000929517 -0.0166497 -0.00850825 0.000197446 0.0100326 -0.000595652 -0.0593648 -0.0828676
internal_weight=269.761 46.1279 35.85 10.2779 7.68308 31.4671 4.38286 223.633 14.9596 13.3217 208.674 15.5716 193.102 2.59484 1.63789
internal_count=4800 827 631 196 147 558 73 3973 280 229 3693 283 3410 49 51
is_linear=0
shrinkage=0.08


Tree=95
num_leaves=16
num_cat=0
split_feature=4 4 2 4 4 1 1 0 4 0 4 0 0 0 4
split_gain=0.14935 1.04172 1.60705 0.936325 1.94422 2.82513 1.49856 3.33351 0.785025 3.02282 0.662011 0.59941 0.584345 0.511773 0.416439
threshold=42.500000000000007 45.500000000000007 1.0000000180025095e-35 40.500000000000007 39.500000000000007 1.0000000180025095e-35 1.0000000180025095e-35 2.5000000000000004 47.500000000000007 4.5000000000000009 49.500000000000007 1.5000000000000002 1.5000000000000002 3.5000000000000004 32.500000000000007
decision_type=2 2 2 2 2 2 2 2 2 2 2 2 2 2 2
left_child=3 2 12 4 14 -6 13 -8 9 -3 -10 -4 -2 -5 -1
right_child=1 8 11 6 5 -7 7 -9 10 -11 -12 -13 -14 -15 -16
leaf_value=-0.0013094290197990053 0.062530096983815883 0.060638145925433658 -0.022697114791447027 0.036736831610519646 0.041750224335741361 -0.10020966310893843 0.040798923276348723 -0.059475585984691749 -0.019749370520919744 -0.04918545202469362 0.0012975310056840817 -0.061397514617944612 -0.012043392233999622 0.095777785113137837 0.0084282727624740567
leaf_weight=111.35031186346896 1.6363465879112475 5.0397331472486249 7.4512135200202447 1.9980359505861991 1.3219144828617562 2.7924609687179327 5.8817619942128641 3.319117171689868 11.050185938365756 2.3528129458427429 71.14672476798296 3.9030632693320513 1.1416655974462626 1.7737639434635637 37.597722886130214
leaf_count=1973 16 81 60 32 34 77 44 84 176 70 1228 181 51 35 658
internal_value=-8.8755e-05 -0.00247037 -0.0226565 0.00139904 -0.000349941 -0.0545991 0.0220349 0.00462598 0.000713887 0.0256848 -0.00153192 -0.0360005 0.031883 0.064502 0.00114858
internal_weight=269.757 103.722 14.1323 166.035 153.062 4.11438 12.9727 9.20088 89.5895 7.39255 82.1969 11.3543 2.77801 3.7718 148.948
internal_count=4800 1863 308 2937 2742 111 195 128 1555 151 1404 241 67 67 2631
is_linear=0
shrinkage=0.08


Tree=96
num_leaves=13
num_cat=0
split_feature=0 4 4 4 4 0 2 4 1 0 3 4
split_gain=0.152715 0.345033 1.38962 1.24665 0.889338 0.181676 0.418991 1.56626 0.778885 0.251242 0.838348 0.31819
threshold=1.0000000180025095e-35 63.500000000000007 56.500000000000007 67.500000000000014 54.500000000000007 1.5000000000000002 1.0000000180025095e-35 24.500000000000004 1.0000000180025095e-35 3.5000000000000004 1.0000000180025095e-35 76.500000000000014
decision_type=2 2 2 2 2 2 2 2 2 2 2 2
left_child=1 2 4 -3 -1 6 7 -2 -8 10 -7 -11
right_child=5 3 -4 -5 -6 9 8 -9 -10 11 -12 -13
leaf_value=-0.00810021909978168 -0.01902697983784404 0.072516356679531324 -0.083919047140633335 -0.023091754717205305 0.068133240890840469 -0.0038135376872052329 0.015716719938546876 0.026011022753152747 -0.0035081247724520186 0.0012525230756697001 -0.051955708148487385 -0.035489006604662518
leaf_weight=19.512486855499457 7.0745875090360668 1.5047055929899209 1.5047144275158633 2.0785665269941092 1.0311463028192509 34.608575248159468 16.868096504360437 16.392302062362432 67.295375481247902 97.594759142026305 2.4809639898012383 1.532205709372646
leaf_count=451 33 21 36 31 16 946 133 86 297 2604 86 60
internal_value=-9.34074e-05 -0.00596748 -0.00970931 0.0170565 -0.00427383 0.000524038 0.0029806 0.0124334 0.000344931 -0.001417 -0.00703383 0.000684609
internal_weight=269.478 25.6316 22.0483 3.58327 20.5436 243.847 107.63 23.4669 84.1635 136.217 37.0895 99.127
internal_count=4800 555 503 52 467 4245 549 119 430 3696 1032 2664
is_linear=0
shrinkage=0.08


Tree=97
num_leaves=13
num_cat=0
split_feature=4 3 4 4 4 3 4 4 4 4 1 4
split_gain=0.140124 1.02367 0.641277 0.755762 0.594027 0.279353 1.88687 0.952815 0.590685 0.206304 2.48027 0.324809
threshold=16.500000000000004 1.0000000180025095e-35 12.500000000000002 8.5000000000000018 14.500000000000002 1.0000000180025095e-35 49.500000000000007 54.500000000000007 28.500000000000004 17.500000000000004 1.5000000000000002 19.500000000000004
decision_type=2 2 2 2 2 2 2 2 2 2 2 2
left_child=1 2 3 -1 -4 9 8 -8 -7 10 -2 -11
right_child=5 -3 4 -5 -6 6 7 -9 -10 11 -12 -13
leaf_value=0.0021448910042249046 -0.090563849144956757 0.060893706337360291 0.029481488107410404 -0.03295978558056907 -0.002605559199994922 -0.018309219245491976 0.085012933665089857 -0.016510052297113959 -0.087374207190488676 0.018598225173396109 0.027284188796296828 -0.00050892072601503558
leaf_weight=12.771769803483041 1.8216094635426987 1.9537792629562307 7.5199604704976064 5.6662972918711594 7.2550072856247425 1.3768789786845439 1.2217750661075117 1.1471485873917115 1.8674510149285195 5.8471081070601931 3.0679467190057039 217.44149413204286
leaf_count=293 39 30 93 143 92 31 15 30 62 104 28 3840
internal_value=-9.00748e-05 0.00461808 0.00130763 -0.00864331 0.0137257 -0.000798274 -0.0184295 0.0358505 -0.0580633 -0.00036454 -0.0166202 -8.57478e-06
internal_weight=268.958 35.1668 33.213 18.4381 14.775 233.791 5.61325 2.36892 3.24433 228.178 4.88956 223.289
internal_count=4800 651 621 436 185 4149 138 45 93 4011 67 3944
is_linear=0
shrinkage=0.08


Tree=98
num_leaves=7
num_cat=0
split_feature=4 1 4 4 4 4
split_gain=0.138366 0.410752 0.275466 0.148524 0.87458 0.791314
threshold=80.500000000000014 1.5000000000000002 78.500000000000014 42.500000000000007 45.500000000000007 40.500000000000007
decision_type=2 2 2 2 2 2
left_child=2 -2 3 5 -5 -1
right_child=1 -3 -4 4 -6 -7
leaf_value=-0.00030428223817135575 -0.069859217653011563 0.01353942063391139 0.031596110812335348 -0.021282943645502761 0.00040186166602084724 0.020258226448420985
leaf_weight=152.64769775094464 0.68895719136344158 0.83728494960814714 1.7597786188125599 13.813164114952086 86.092819629237056 12.997676799073814
leaf_count=2742 41 28 17 308 1469 195
internal_value=-8.82206e-05 -0.0241074 4.89193e-05 -0.00016014 -0.00259631 0.00130919
internal_weight=268.837 1.52624 267.311 265.551 99.906 165.645
internal_count=4800 69 4731 4714 1777 2937
is_linear=0
shrinkage=0.08


Tree=99
num_leaves=16
num_cat=0
split_feature=4 4 0 0 1 4 1 4 4 0 1 1 4 4 0
split_gain=0.132216 1.45644 3.38027 2.53896 1.73512 0.771072 1.16991 0.764981 0.738974 1.2241 1.15921 1.04579 0.626536 1.37882 1.10512
threshold=38.500000000000007 40.500000000000007 3.5000000000000004 6.5000000000000009 1.0000000180025095e-35 42.500000000000007 1.0000000180025095e-35 45.500000000000007 36.500000000000007 5.5000000000000009 1.5000000000000002 1.5000000000000002 35.500000000000007 34.500000000000007 1.5000000000000002
decision_type=2 2 2 2 2 2 2 2 2 2 2 2 2 2 2
left_child=8 2 4 -4 -2 6 -3 -7 12 11 -11 -10 13 -1 -14
right_child=1 5 3 -5 -6 7 -8 -9 9 10 -12 -13 14 -15 -16
leaf_value=-0.00077317266264210051 0.0084482075641066339 0.054612099663367913 0.084086474147893192 -0.082242460498255593 -0.1065559547663447 -0.019753704109674499 0.0026784787668778782 0.00054881174097553642 0.013057705979641381 0.020706926990974407 -0.0835890201441047 0.069054231975420891 0.0091775802735218001 0.038501758463626266 -0.05824095690831925
leaf_weight=121.3667174577713 1.1074849972501386 3.9848002959042779 1.9216914661228659 0.84590109437704075 3.4713701196014881 13.696932446211575 9.1522465925663692 89.424182714021299 5.3841933216899616 1.533046454191207 1.2286479435861111 3.5365720689296722 3.0771978460252276 6.0038018189370623 3.1479088831692934
leaf_count=2138 24 67 70 33 69 308 128 1555 79 38 32 58 24 98 79
internal_value=-8.21478e-05 -0.00200539 -0.0365509 0.0332489 -0.07874 0.000177573 0.0184313 -0.00214784 0.00155417 0.0208487 -0.0256932 0.0352571 -0.000133062 0.00107811 -0.0249146
internal_weight=268.883 123.605 7.34645 2.76759 4.57886 116.258 13.137 103.121 145.278 11.6825 2.76169 8.92077 133.596 127.371 6.22511
internal_count=4800 2254 196 103 93 2058 195 1863 2546 207 70 137 2339 2236 103
is_linear=0
shrinkage=0.08


Tree=100
num_leaves=16
num_cat=0
split_feature=0 4 4 4 1 2 2 0 2 4 4 0 4 4 1
split_gain=0.134538 0.325418 1.81096 0.576171 1.88236 1.3356 0.409687 0.176388 0.3442 1.36575 0.71913 0.214591 0.813995 0.282616 0.000123377
threshold=1.0000000180025095e-35 43.500000000000007 51.500000000000007 27.500000000000004 1.0000000180025095e-35 1.0000000180025095e-35 1.5000000000000002 1.5000000000000002 1.0000000180025095e-35 24.500000000000004 26.500000000000004 3.5000000000000004 37.500000000000007 76.500000000000014 1.5000000000000002
decision_type=2 2 2 2 2 2 2 2 2 2 2 2 2 2 2
left_child=1 3 14 4 -1 -5 -4 8 9 -2 -10 12 -9 -13 -3
right_child=7 2 6 5 -6 -7 -8 11 10 -11 -12 13 -14 -15 -16
leaf_value=0.019089792447549832 -0.017937263497598867 -0.083515897932255098 -0.0094769347609486871 -0.045556385125033384 -0.081748683658006596 0.026241138073534814 0.033357669305085727 -0.020673945358259165 0.01098848285766639 0.024211690101948395 -0.0047217845246380246 0.0010440771223915687 0.0034290120593830947 -0.033994631398795078 -0.082286382982522499
leaf_weight=2.9900301909074214 7.0433892011642483 1.115981332957743 6.0318510998040438 2.0608839737251374 1.9622948393225668 8.486662782728672 1.8727070558816192 15.390681512653826 28.000084772706032 16.321454390883446 55.827312503010035 97.788796252571046 21.485909279435873 1.4958000242477272 0.98191063757985819
leaf_count=47 33 31 101 50 130 132 26 496 133 86 297 2604 536 60 38
internal_value=-8.76793e-05 -0.00561584 -0.0168653 0.00164371 -0.0208662 0.0122126 0.000671218 0.000491647 0.0029191 0.0115058 0.00052577 -0.00141935 -0.00663051 0.000516192 -0.0829404
internal_weight=268.856 25.5023 10.0025 15.4999 4.95233 10.5475 7.90456 243.353 107.192 23.3648 83.8274 136.161 36.8766 99.2846 2.09789
internal_count=4800 555 196 359 177 182 127 4245 549 119 430 3696 1032 2664 69
is_linear=0
shrinkage=0.08


Tree=101
num_leaves=13
num_cat=0
split_feature=4 3 4 4 0 3 4 4 4 4 4 1
split_gain=0.12451 0.854383 0.554131 0.660241 0.57282 0.242939 1.62911 2.39231 0.591658 0.201807 0.913444 0.391357
threshold=16.500000000000004 1.0000000180025095e-35 12.500000000000002 9.5000000000000018 1.5000000000000002 1.0000000180025095e-35 49.500000000000007 53.500000000000007 28.500000000000004 72.500000000000014 70.500000000000014 1.0000000180025095e-35
decision_type=2 2 2 2 2 2 2 2 2 2 2 2
left_child=1 2 3 -1 -4 9 8 -8 -7 10 -2 -11
right_child=5 -3 4 -5 -6 6 7 -9 -10 11 -12 -13
leaf_value=0.00045808103129510322 -0.00040790316060680741 0.055251140738391075 0.030647246198768369 -0.035258097161574783 -0.0010760297276137792 -0.016452387892404913 0.13028945258671926 -0.032225652222646825 -0.087040019141706254 -0.018464143421700035 -0.0597233429586706 0.019342381489383938
leaf_weight=13.973259568214418 216.16909527871758 1.9911203691735853 6.4770685937255612 4.3417153088375917 8.3250608034431917 1.3580973809584969 0.95495962724089656 1.4752727946615776 1.7255470016971228 2.2666199756204133 1.6744709266349662 7.7232702431501821
leaf_count=318 3800 30 48 118 137 31 10 35 62 52 34 125
internal_value=-8.72533e-05 0.00435449 0.00129439 -0.00800873 0.0128053 -0.000755534 -0.0173482 0.0316346 -0.0559518 -0.000353968 -0.000863836 0.0107644
internal_weight=268.456 35.1082 33.1171 18.315 14.8021 233.347 5.51388 2.43023 3.08364 227.833 217.844 9.98989
internal_count=4800 651 621 436 185 4149 138 45 93 4011 3834 177
is_linear=0
shrinkage=0.08


Tree=102
num_leaves=9
num_cat=0
split_feature=4 1 4 4 4 1 0 4
split_gain=0.119934 0.32753 0.224908 0.490728 0.955717 0.405101 0.82694 0.132446
threshold=80.500000000000014 1.5000000000000002 74.500000000000014 71.500000000000014 72.500000000000014 1.5000000000000002 2.5000000000000004 56.500000000000007
decision_type=2 2 2 2 2 2 2 2
left_child=2 -2 3 7 -5 6 -4 -1
right_child=1 -3 5 4 -6 -7 -8 -9
leaf_value=0.00059473215785608633 -0.063370776730110989 0.011224342960521324 0.069043696451868655 -0.11020574252931283 0.0042489770101924338 -0.005030397691900894 -0.0052521337422306372 -0.0051581045892273051
leaf_weight=228.32692398293875 0.68732370459474512 0.83359372150152922 1.9182005636394017 0.76305433921515842 1.2031175671145318 3.7661803755909204 1.9169758968055246 28.848771355114877
leaf_count=4032 41 28 14 18 35 37 28 567
internal_value=-8.48649e-05 -0.0224862 4.28633e-05 -0.000354989 -0.0401699 0.0136063 0.0319076 -5.05943e-05
internal_weight=268.264 1.52092 266.743 259.142 1.96617 7.60136 3.83518 257.176
internal_count=4800 69 4731 4652 53 79 42 4599
is_linear=0
shrinkage=0.08


Tree=103
num_leaves=16
num_cat=0
split_feature=0 4 4 1 2 4 2 2 4 4 4 1 0 4 0
split_gain=0.126268 0.303617 0.7675 1.72674 1.57535 0.599098 0.948818 0.895616 0.161924 0.726197 1.19379 0.777559 0.417314 1.26066 0.540234
threshold=1.0000000180025095e-35 37.500000000000007 27.500000000000004 1.0000000180025095e-35 1.5000000000000002 55.500000000000007 1.5000000000000002 1.5000000000000002 72.500000000000014 66.500000000000014 65.500000000000014 1.5000000000000002 5.5000000000000009 74.500000000000014 3.5000000000000004
decision_type=2 2 2 2 2 2 2 2 2 2 2 2 2 2 2
left_child=1 2 3 -1 -4 6 -3 -7 9 10 -2 -11 14 -14 -10
right_child=8 5 4 -5 -6 7 -8 -9 12 11 -12 -13 13 -15 -16
leaf_value=0.016815132379642116 0.0004209244278548313 -0.014790197887467556 0.0029363567034927213 -0.08162576643401398 0.10206660953170335 -0.012819814972160686 -0.086692642140795959 0.058719803882628339 0.0072976801204119503 -0.00094764329197427003 0.067330550498473085 -0.050771552121884111 0.072986111241193696 -0.083308381644359525 0.059933260529322824
leaf_weight=3.0481932228431123 224.49546632636338 6.7165761096402985 5.4031954519450665 1.8220763127319513 1.2664799802005289 4.1513497708365312 1.4234938491135833 1.5337642841041086 5.4885911692399514 4.4369654860347492 1.7196682021021832 3.6568169333040714 0.51160350535064913 0.93193973565939814 1.6152286184951661
leaf_count=47 3924 145 92 130 17 74 29 21 65 81 33 44 15 45 38
internal_value=-7.9294e-05 -0.00545019 0.00412987 -0.0200138 0.0217598 -0.0134467 -0.0273641 0.00648057 0.000481669 8.71281e-05 0.000929566 -0.0234584 0.0112972 -0.0279163 0.0192657
internal_weight=268.221 25.3651 11.5399 4.87027 6.66968 13.8252 8.14007 5.68511 242.856 234.309 226.215 8.09378 8.54736 1.44354 7.10382
internal_count=4800 555 286 177 109 269 174 95 4245 4082 3957 125 163 60 103
is_linear=0
shrinkage=0.08


Tree=104
num_leaves=11
num_cat=0
split_feature=4 4 4 4 1 4 4 4 3 4
split_gain=0.115424 1.13136 1.07709 0.700622 0.58335 0.526129 1.98961 0.197372 1.77734 0.239714
threshold=5.5000000000000009 3.5000000000000004 2.5000000000000004 1.0000000180025095e-35 1.5000000000000002 7.5000000000000009 6.5000000000000009 16.500000000000004 1.0000000180025095e-35 24.500000000000004
decision_type=2 2 2 2 2 2 2 2 2 2
left_child=1 2 3 -1 -3 6 -2 8 -7 -9
right_child=5 4 -4 -5 -6 7 -8 9 -10 -11
leaf_value=0.010611320573759254 0.15156619858221335 -0.01206361094224026 0.075039609591867978 -0.041494137512847321 -0.091551106232407684 0.0014975049309678887 -0.0383681620805588 -0.0072163050595107029 0.096723094927939124 0.00031518075558782145
leaf_weight=5.1926782720256579 0.65237673767842241 1.0517244862858197 1.2188109699636696 2.4218630965333432 1.3485756183508784 21.062709703110162 0.76909387321211398 31.229750293307006 1.333862761966883 201.91506897244835
leaf_count=119 19 30 28 44 15 349 28 555 19 3594
internal_value=-8.15868e-05 -0.00801912 0.00521514 -0.00596122 -0.0567226 0.000265419 0.0488013 -4.56605e-06 0.00716881 -0.000693662
internal_weight=268.197 11.2337 8.83335 7.61454 2.4003 256.963 1.42147 255.541 22.3966 233.145
internal_count=4800 236 191 163 45 4564 47 4517 368 4149
is_linear=0
shrinkage=0.08


Tree=105
num_leaves=16
num_cat=0
split_feature=0 4 4 4 1 2 4 0 4 4 4 3 0 4 1
split_gain=0.109365 0.286637 1.6283 0.450537 1.59551 1.11987 0.418787 0.160997 0.371468 1.46109 0.662223 0.198825 1.16015 0.26384 9.26453e-05
threshold=1.0000000180025095e-35 43.500000000000007 51.500000000000007 27.500000000000004 1.0000000180025095e-35 1.0000000180025095e-35 56.500000000000007 1.5000000000000002 50.500000000000007 53.500000000000007 37.500000000000007 1.0000000180025095e-35 4.5000000000000009 1.5000000000000002 1.5000000000000002
decision_type=2 2 2 2 2 2 2 2 2 2 2 2 2 2 2
left_child=1 3 14 4 -1 -5 -4 8 10 -10 -2 13 -13 -9 -3
right_child=7 2 6 5 -6 -7 -8 11 9 -11 -12 12 -14 -15 -16
leaf_value=0.015388208875592503 0.0050754732612168117 -0.083152156893108731 0.02478987146865793 -0.043608476843449574 -0.081494520953220739 0.023153401235330846 -0.013630742032416756 0.020043367193271475 0.052941001919300693 0.0014072132988732678 -0.010190724286915958 -0.053525430485836661 0.026140900880587466 -0.0014211652962203144 -0.082027681408041828
leaf_weight=3.0868101418018368 59.638466626405716 1.0060539655387382 2.8296485617756844 1.9722909778356523 1.6799705126322804 8.7062160279601812 5.067117870785296 3.7734766779467455 4.4588910862803486 16.7406703568995 26.163259167224169 2.5878723682253613 2.1350793251767755 127.53744437766727 0.87830650247633446
leaf_count=47 281 31 39 50 130 132 88 101 26 97 145 94 49 3452 38
internal_value=-7.86431e-05 -0.00509232 -0.0158083 0.00169385 -0.0187565 0.0108227 0.000136518 0.000441763 0.00276339 0.0122463 0.000420398 -0.00138438 -0.0175111 -0.00080434 -0.082628
internal_weight=268.262 25.2264 9.78113 15.4453 4.76678 10.6785 7.89677 243.035 107.001 21.1996 85.8017 136.034 4.72295 131.311 1.88436
internal_count=4800 555 196 359 177 182 127 4245 549 123 426 3696 143 3553 69
is_linear=0
shrinkage=0.08


Tree=106
num_leaves=12
num_cat=0
split_feature=4 4 4 4 1 4 0 4 2 4 1
split_gain=0.116757 0.950901 0.891589 0.585199 0.509366 0.426819 2.90433 0.257048 0.944972 0.630801 5.40297e-05
threshold=5.5000000000000009 3.5000000000000004 2.5000000000000004 1.0000000180025095e-35 1.5000000000000002 8.5000000000000018 3.5000000000000004 12.500000000000002 1.5000000000000002 14.500000000000002 1.5000000000000002
decision_type=2 2 2 2 2 2 2 2 2 2 2
left_child=1 2 3 -1 -3 6 -2 8 -7 -9 -8
right_child=5 4 -4 -5 -6 7 10 9 -10 -11 -12
leaf_value=0.0085212835067412437 0.10453486210324858 -0.011273086935299097 0.066024203598311862 -0.039184338813704672 -0.085929081225323098 -0.029056068389206761 -0.08176932862191176 0.022767093256770937 0.061661322232130118 -0.00036385872780510936 -0.083046588141219929
leaf_weight=5.2754649503622186 1.4253232718911015 1.0453094011172643 1.2693598661571739 2.3917967416346073 1.3279429266694933 5.2223913790658107 0.41439772211015213 7.7899427507072678 0.85522813536226738 240.40993791964138 0.43389023374766111
leaf_count=119 29 30 28 44 15 134 22 99 15 4247 18
internal_value=-7.8034e-05 -0.00803294 0.00392108 -0.00636045 -0.0530465 0.000272652 0.0347807 -3.59e-05 -0.0162905 0.000362124 -0.0824226
internal_weight=267.861 11.3099 8.93662 7.66726 2.37325 256.551 2.27361 254.278 6.07762 248.2 0.848288
internal_count=4800 236 191 163 45 4564 69 4495 149 4346 40
is_linear=0
shrinkage=0.08


Tree=107
num_leaves=7
num_cat=0
split_feature=4 1 4 4 2 4
split_gain=0.105229 0.283194 0.189994 0.117032 0.991018 0.870955
threshold=80.500000000000014 1.5000000000000002 78.500000000000014 56.500000000000007 1.5000000000000002 55.500000000000007
decision_type=2 2 2 2 2 2
left_child=2 -2 3 5 -5 -1
right_child=1 -3 -4 4 -6 -7
leaf_value=-0.00018644821465467668 -0.059352661317252656 0.010240003578474557 0.026005391129990486 0.00091442768828803203 -0.037422049487787483 0.034092898466347832
leaf_weight=223.19140714383684 0.68123032443690934 0.83040678594261408 1.792071571573614 31.507572797127068 5.000465588644146 4.8466338478028765
leaf_count=3972 41 28 17 573 109 60
internal_value=-7.47436e-05 -0.0211224 4.47154e-05 -0.000131146 -0.00433648 0.000542112
internal_weight=267.85 1.51164 266.338 264.546 36.508 228.038
internal_count=4800 69 4731 4714 682 4032
is_linear=0
shrinkage=0.08


Tree=108
num_leaves=11
num_cat=0
split_feature=4 4 4 4 1 4 4 4 3 4
split_gain=0.0990096 0.815149 0.726917 0.502659 0.444021 0.367996 1.43952 0.144401 1.49561 0.207762
threshold=5.5000000000000009 3.5000000000000004 2.5000000000000004 1.0000000180025095e-35 1.5000000000000002 7.5000000000000009 6.5000000000000009 16.500000000000004 1.0000000180025095e-35 24.500000000000004
decision_type=2 2 2 2 2 2 2 2 2 2
left_child=1 2 3 -1 -3 6 -2 8 -7 -9
right_child=5 4 -4 -5 -6 7 -8 9 -10 -11
leaf_value=0.0078169102449336478 0.11899656913948924 -0.01039973521581187 0.0585115522787307 -0.036588410013803613 -0.080441245109783011 0.00087581766047775721 -0.039108001177865094 -0.00666004753136221 0.087015327346438701 0.00036990888226235634
leaf_weight=5.2997939984779787 0.73864578595384844 1.0411302759312084 1.3159929923713205 2.3570943675003946 1.3057389361783862 21.059142472688112 0.73560530296526849 31.049325994215906 1.3741921205073584 201.59938673273427
leaf_count=119 19 30 28 44 15 349 28 555 19 3594
internal_value=-6.99758e-05 -0.00739206 0.00358708 -0.00585281 -0.0493691 0.000253088 0.0401073 2.27502e-05 0.00615244 -0.00056831
internal_weight=267.876 11.3198 8.97288 7.65689 2.34687 256.556 1.47425 255.082 22.4333 232.649
internal_count=4800 236 191 163 45 4564 47 4517 368 4149
is_linear=0
shrinkage=0.08


Tree=109
num_leaves=14
num_cat=0
split_feature=0 4 4 4 4 2 0 1 1 4 4 4 4
split_gain=0.0942199 0.250491 0.845184 2.75301 0.644037 0.721442 0.155621 0.36237 0.944544 0.621572 0.226103 1.57612 1.4378
threshold=1.0000000180025095e-35 17.500000000000004 14.500000000000002 13.500000000000002 22.500000000000004 1.0000000180025095e-35 1.5000000000000002 1.0000000180025095e-35 1.5000000000000002 49.500000000000007 15.500000000000002 14.500000000000002 16.500000000000004
decision_type=2 2 2 2 2 2 2 2 2 2 2 2 2
left_child=1 2 3 -1 -3 -6 7 9 -9 -2 11 -8 -12
right_child=6 4 -4 -5 5 -7 10 8 -10 -11 12 -13 -14
leaf_value=-0.081095883765708962 0.0061802667517410368 0.056368184651853587 -0.08690178220987925 0.26072770151678087 -0.039030692854908823 0.00054181399974190323 -0.0019458192193718316 -0.0097102403127994931 0.007296769765203201 0.044395094242497865 0.065117510135227027 -0.085891177093887841 -0.0013666320461820064
leaf_weight=0.45842040167190379 16.606984380632642 1.1260869177058364 0.89202482625842094 0.22471076250076294 3.4938674047589329 18.887480619363487 14.303319467231628 34.903301745653152 52.093359097838402 3.2584846280515185 2.1192117370665065 1.5906347744166858 117.96391470753588
leaf_count=67 119 33 22 3 91 339 420 165 223 42 41 29 3206
internal_value=-6.69742e-05 -0.00473497 -0.0356195 0.0313444 -0.0026655 -0.0056357 0.000415178 0.00269965 0.00047351 0.0124486 -0.00138015 -0.0103469 -0.000193328
internal_weight=267.922 25.0826 1.57516 0.683131 23.5074 22.3813 242.839 106.862 86.9967 19.8655 135.977 15.894 120.083
internal_count=4800 555 92 70 463 430 4245 549 388 161 3696 449 3247
is_linear=0
shrinkage=0.08


Tree=110
num_leaves=9
num_cat=0
split_feature=4 1 4 4 0 1 0 4
split_gain=0.0995052 0.263836 0.16982 0.444137 0.682522 0.330635 0.688392 0.0936249
threshold=80.500000000000014 1.5000000000000002 74.500000000000014 71.500000000000014 4.5000000000000009 1.5000000000000002 2.5000000000000004 56.500000000000007
decision_type=2 2 2 2 2 2 2 2
left_child=2 -2 3 7 -5 6 -4 -1
right_child=1 -3 5 4 -6 -7 -8 -9
leaf_value=0.00053151496575662936 -0.05792035339045034 0.009637704129553875 0.06184552434029901 -0.077057168179803681 0.019675846651701089 -0.0051003738132928376 -0.0057076031577964013 -0.0043268451714555105
leaf_weight=227.70547052915208 0.67048925667768233 0.82541261240839958 1.9415193945169442 1.1675332309678186 0.77781212329864491 3.7480145301669836 1.9203517027199266 28.571146228350699
leaf_count=4032 41 28 14 27 26 37 28 567
internal_value=-6.78539e-05 -0.020643 4.79275e-05 -0.000299187 -0.0383802 0.0118264 0.0282541 -1.01221e-05
internal_weight=267.328 1.4959 265.832 258.222 1.94535 7.60989 3.86187 256.277
internal_count=4800 69 4731 4652 53 79 42 4599
is_linear=0
shrinkage=0.08


Tree=111
num_leaves=12
num_cat=0
split_feature=4 4 2 0 0 0 0 4 0 3 0
split_gain=0.0926422 0.49399 0.305437 0.679147 1.63065 0.589576 0.58792 0.130591 0.260471 0.195255 0.0449027
threshold=12.500000000000002 13.500000000000002 1.5000000000000002 6.5000000000000009 3.5000000000000004 3.5000000000000004 7.5000000000000009 16.500000000000004 1.5000000000000002 1.0000000180025095e-35 3.5000000000000004
decision_type=2 2 2 2 2 2 2 2 2 2 2
left_child=2 10 3 4 -1 -4 -5 8 -3 -9 -2
right_child=1 7 5 6 -6 -7 -8 9 -10 -11 -12
leaf_value=-0.0053933384763732075 0.020359487343463618 0.02162053340036478 -0.013560247360042958 0.054246387452427193 -0.081567071409448508 0.049411102899185863 -0.01820105913425597 -0.00015619274905697347 -0.0023790124608207316 -0.015655300658465245 0.037579182341860223
leaf_weight=10.649662900483237 2.0077952714636917 5.1488336212933046 2.107694366946816 1.7333172392100087 2.1640666304156175 1.7347294725477693 1.222512025386095 226.7244891897426 6.6095739845186472 5.3241271462757132 1.8735463619232176
leaf_count=180 25 37 23 46 135 31 39 4011 113 138 22
internal_value=-6.33289e-05 0.000355757 -0.00535614 -0.0102843 -0.0182581 0.0148693 0.0242826 -9.50229e-05 0.00813004 -0.000511805 0.0286715
internal_weight=267.3 247.688 19.612 15.7696 12.8137 3.84242 2.95583 243.807 11.7584 232.049 3.88134
internal_count=4800 4346 454 400 315 54 85 4299 150 4149 47
is_linear=0
shrinkage=0.08


Tree=112
num_leaves=15
num_cat=0
split_feature=0 4 4 4 1 4 4 4 4 4 1 0 0 1
split_gain=0.0868292 0.248091 1.51471 0.414737 1.46378 0.950072 0.341475 0.137908 0.585471 1.01592 0.665043 0.377146 0.290345 6.95463e-05
threshold=1.0000000180025095e-35 43.500000000000007 51.500000000000007 27.500000000000004 1.0000000180025095e-35 30.500000000000004 56.500000000000007 72.500000000000014 66.500000000000014 65.500000000000014 1.5000000000000002 1.5000000000000002 3.5000000000000004 1.5000000000000002
decision_type=2 2 2 2 2 2 2 2 2 2 2 2 2 2
left_child=1 3 13 4 -1 -5 -4 8 9 -2 -10 -9 -13 -3
right_child=7 2 6 5 -6 -7 -8 11 10 -11 -12 12 -14 -15
leaf_value=0.013460924503221654 0.00031165859120564485 -0.082881654112168787 0.022128949793222979 0.056859288639606556 -0.081449498032496681 -0.0018042493505788313 -0.012458715934576549 0.03696459650165252 -0.00037308375773046807 0.061219248668536293 -0.046819311832194954 -0.0178682177920403 0.016996579164850912 -0.081865323496833842
leaf_weight=3.1258868854492929 223.95179268438369 0.92058680392801562 2.8908511698246002 2.2321046702563754 1.5585028966888783 8.4766428377479297 4.9632688630372286 2.4405145123600942 4.3850043499842277 1.7664872910827387 3.5869200639426708 3.0223359271185473 3.0932506211975124 0.8100961409509182
leaf_count=47 3924 31 39 35 130 147 88 16 81 33 44 49 98 38
internal_value=-6.20193e-05 -0.00455294 -0.0146568 0.00173843 -0.0181159 0.0104234 0.000271901 0.000401038 3.58013e-05 0.000788326 -0.0212713 0.0103766 -0.000233678 -0.0824059
internal_weight=267.224 24.9779 9.5848 15.3931 4.68439 10.7087 7.85412 242.246 233.69 225.718 7.97192 8.5561 6.11559 1.73068
internal_count=4800 555 196 359 177 182 127 4245 4082 3957 125 163 147 69
is_linear=0
shrinkage=0.08


Tree=113
num_leaves=7
num_cat=0
split_feature=4 4 4 1 2 4
split_gain=0.0999773 0.242983 0.16646 0.150692 1.23944 0.850554
threshold=80.500000000000014 84.500000000000014 77.500000000000014 1.5000000000000002 1.0000000180025095e-35 70.500000000000014
decision_type=2 2 2 2 2 2
left_child=2 -2 3 5 -5 -1
right_child=1 -3 -4 4 -6 -7
leaf_value=-0.00086955590752647275 0.0089310013278997569 -0.056264214364207941 0.016504875366281809 0.018125530399749078 -0.0023804342203213912 -0.038977991674984315
leaf_weight=146.28176775970496 0.80133364885114022 0.67326317954575643 3.8785631824284783 24.041029418120161 87.611751737073064 3.8469172473996869
leaf_count=2743 29 40 33 437 1443 75
internal_value=-6.23341e-05 -0.0208355 5.29711e-05 -0.000190781 0.0020349 -0.00184605
internal_weight=267.135 1.4746 265.66 261.781 111.653 150.129
internal_count=4800 69 4731 4698 1880 2818
is_linear=0
shrinkage=0.08


Tree=114
num_leaves=9
num_cat=0
split_feature=4 4 4 4 0 1 0 4
split_gain=0.084897 0.207426 0.147078 0.349216 0.596421 0.327098 0.596096 0.0875835
threshold=80.500000000000014 84.500000000000014 74.500000000000014 71.500000000000014 4.5000000000000009 1.5000000000000002 2.5000000000000004 31.500000000000004
decision_type=2 2 2 2 2 2 2 2
left_child=2 -2 3 7 -5 6 -4 -1
right_child=1 -3 5 4 -6 -7 -8 -9
leaf_value=-0.0018192338350542286 0.0082101618873771636 -0.052125983636439235 0.058582067804604086 -0.072406034092499419 0.018834881471739173 -0.0058033844292510982 -0.0044875992785784009 0.0011954999925041863
leaf_weight=103.4690069113858 0.80192867200821527 0.668769793381216 1.9426027983427041 1.1050639101304103 0.78368239849805821 3.7396854963153601 1.8943293150514362 152.68419917067513
leaf_count=1865 29 40 14 27 26 37 28 2734
internal_value=-5.85255e-05 -0.0192265 4.7605e-05 -0.000274967 -0.0345482 0.0110337 0.027444 -2.22537e-05
internal_weight=267.089 1.4707 265.619 258.042 1.88875 7.57662 3.83693 256.153
internal_count=4800 69 4731 4652 53 79 42 4599
is_linear=0
shrinkage=0.08


Tree=115
num_leaves=12
num_cat=0
split_feature=0 4 4 4 4 4 4 0 2 0 4
split_gain=0.0792374 0.227302 1.28088 1.22676 0.557042 0.142316 0.48165 0.374484 1.16416 0.422307 0.195137
threshold=1.0000000180025095e-35 63.500000000000007 56.500000000000007 67.500000000000014 54.500000000000007 72.500000000000014 70.500000000000014 5.5000000000000009 1.0000000180025095e-35 3.5000000000000004 62.500000000000007
decision_type=2 2 2 2 2 2 2 2 2 2 2
left_child=1 2 4 -3 -1 6 10 9 -9 -7 -2
right_child=5 3 -4 -5 -6 7 -8 8 -10 -11 -12
leaf_value=-0.0057207412048173572 0.00087380923575154526 0.068042295173229489 -0.083449231382219255 -0.026454028817089487 0.051776964227228259 0.007143818218477046 -0.046324401436367395 0.066596880014525198 -0.083091843021504769 0.053014789121254922 -0.0090980204715024101
leaf_weight=18.80174066987821 218.97974882461131 1.5454031564295285 1.3320231661200512 2.0397460078820586 1.143980499356984 5.3839027470094134 1.4266219791024912 0.53207964767352656 0.88657458394300193 1.6869733454077502 13.323566013947127
leaf_count=451 3809 21 36 31 16 65 31 20 40 38 242
internal_value=-5.4613e-05 -0.00435553 -0.00749536 0.0142793 -0.00242298 0.00038686 1.72894e-05 0.0105617 -0.0269497 0.0180877 0.000301883
internal_weight=267.082 24.8629 21.2777 3.58515 19.9457 242.219 233.73 8.48953 1.41865 7.07088 232.303
internal_count=4800 555 503 52 467 4245 4082 163 60 103 4051
is_linear=0
shrinkage=0.08


Tree=116
num_leaves=13
num_cat=0
split_feature=4 4 0 0 0 4 2 0 0 4 0 4
split_gain=0.0774974 0.422082 1.04379 2.44224 0.305378 0.733998 0.586337 1.02558 0.780251 0.128649 0.550698 0.473117
threshold=12.500000000000002 14.500000000000002 5.5000000000000009 4.5000000000000009 7.5000000000000009 1.0000000180025095e-35 1.5000000000000002 6.5000000000000009 2.5000000000000004 31.500000000000004 7.5000000000000009 38.500000000000007
decision_type=2 2 2 2 2 2 2 2 2 2 2 2
left_child=4 2 3 -2 6 -6 7 -1 -8 10 -3 -11
right_child=1 9 -4 -5 5 -7 8 -9 -10 11 -12 -13
leaf_value=-0.017013338450344064 -0.00045366511882403786 -0.0050169710745025147 -0.038026113362405009 0.10687284309278643 0.0244735332893515 -0.082890419729337875 -0.0056844273617811412 0.047168418041675562 0.071146279756187855 0.0084020495101134983 0.01999394874681984 -0.0015070609790334027
leaf_weight=12.626462882384661 4.3082406679168335 69.746378866955638 1.6566782146692274 1.9807907119393346 0.70477433688938507 0.9662548303604126 1.938864552881568 1.8235363718122251 1.5007398109883068 41.219290721230209 6.1293636560440055 122.43525330963894
leaf_count=315 58 1171 26 15 12 35 20 46 26 681 141 2254
internal_value=-5.5102e-05 0.000328052 0.018468 0.0333498 -0.00490266 -0.0376085 -0.00184768 -0.00891384 0.0278377 -0.000273687 -0.00299655 0.000988724
internal_weight=267.037 247.476 7.94571 6.28903 19.5606 1.67103 17.8896 14.45 3.4396 239.53 75.8757 163.655
internal_count=4800 4346 99 73 454 47 407 361 46 4247 1312 2935
is_linear=0
shrinkage=0.08


Tree=117
num_leaves=14
num_cat=0
split_feature=0 2 4 0 4 2 0 4 2 4 4 4 4
split_gain=0.0984025 0.642804 2.16313 3.81442 1.25671 0.694124 1.79538 1.08326 0.453553 2.0103 3.64294 0.962394 0.689846
threshold=2.5000000000000004 1.5000000000000002 26.500000000000004 6.5000000000000009 37.500000000000007 1.0000000180025095e-35 4.5000000000000009 52.500000000000007 1.5000000000000002 64.500000000000014 46.500000000000007 1.0000000180025095e-35 11.500000000000002
decision_type=2 2 2 2 2 2 2 2 2 2 2 2 2
left_child=8 5 3 -3 -4 6 -2 -7 11 10 -10 -1 -13
right_child=1 2 4 -5 -6 7 -8 -9 9 -11 -12 12 -14
leaf_value=0.058470540204488428 -0.042810207009633644 0.059005258722945916 -0.082650643004918325 -0.087317190762501648 -0.020493382684681486 -0.0010219217565338183 0.0026744853597099405 0.021634182153991491 0.00019921993744601832 -0.061099575122633601 0.076923461723336709 -0.026007375139420658 7.3117090118836108e-06
leaf_weight=1.741666956571861 7.7864360066596445 4.3792494190856806 3.0860163653269392 1.5415958631783722 6.3971924807410687 54.029291712678969 19.371676326700253 18.00834556229529 16.208558895625181 2.2153308894485226 5.2414227183908215 6.8977196589112273 120.31641357706394
leaf_count=37 247 96 104 33 233 1504 521 422 157 24 60 87 1275
internal_value=-5.66272e-05 -0.00182826 -0.0170326 0.0209076 -0.0407205 0.00053281 -0.0103663 0.00464177 0.00127365 0.011454 0.0189472 -0.000594589 -0.00140324
internal_weight=267.221 114.6 15.4041 5.92085 9.48321 99.1957 27.1581 72.0376 152.621 23.6653 21.45 128.956 127.214
internal_count=4800 3160 466 129 337 2694 768 1926 1640 241 217 1399 1362
is_linear=0
shrinkage=0.08


Tree=118
num_leaves=10
num_cat=0
split_feature=0 3 4 4 4 4 4 3 4
split_gain=0.0879717 0.39467 0.282005 0.338317 0.270203 1.40031 1.17045 0.750102 0.443819
threshold=1.5000000000000002 1.0000000180025095e-35 2.5000000000000004 22.500000000000004 15.500000000000002 14.500000000000002 16.500000000000004 1.0000000180025095e-35 22.500000000000004
decision_type=2 2 2 2 2 2 2 2 2
left_child=1 2 -1 -4 5 7 -6 -2 -8
right_child=4 -3 3 -5 6 -7 8 -9 -10
leaf_value=-0.023882711428824185 0.00037225245021967897 0.031569437855233667 0.0095984638195789063 -0.00074459068018949571 0.057235189954985125 -0.085489353712423 -0.018627664236535352 -0.084984735102926909 0.0001137933076820313
leaf_weight=2.9012739271856836 13.79673341615125 2.7201128222513935 25.365476937848143 100.1614895183593 2.2294536978006354 1.4763817898929126 8.7346391389146429 0.69195018894970495 109.04167525938828
leaf_count=41 401 25 205 833 41 29 290 19 2916
internal_value=-6.404e-05 0.00141422 0.00077553 0.00134545 -0.00148987 -0.0112674 -0.000189112 -0.00370422 -0.00127613
internal_weight=267.119 131.148 128.428 125.527 135.971 15.9651 120.006 14.4887 117.776
internal_count=4800 1104 1079 1038 3696 449 3247 420 3206
is_linear=0
shrinkage=0.08


Tree=119
num_leaves=16
num_cat=0
split_feature=4 4 0 0 1 0 0 4 4 0 1 1 4 4 0
split_gain=0.0846083 1.24619 3.00039 2.10655 1.63995 0.698474 1.73512 0.989298 0.621195 1.04929 1.0668 0.807267 0.581361 1.08958 0.919897
threshold=38.500000000000007 40.500000000000007 3.5000000000000004 6.5000000000000009 1.0000000180025095e-35 4.5000000000000009 5.5000000000000009 54.500000000000007 36.500000000000007 5.5000000000000009 1.5000000000000002 1.5000000000000002 35.500000000000007 34.500000000000007 1.5000000000000002
decision_type=2 2 2 2 2 2 2 2 2 2 2 2 2 2 2
left_child=8 2 4 -4 -2 7 -7 -3 12 11 -11 -10 13 -1 -14
right_child=1 5 3 -5 -6 6 -8 -9 9 10 -12 -13 14 -15 -16
leaf_value=-0.00083052264579289419 0.0083914212602573552 0.011717020720234835 0.072128389148441288 -0.082062178775645783 -0.10458280833208543 -0.042453890272780445 0.00072831012841852432 -0.0061211321118691906 0.012403400659194316 0.018150526843556176 -0.083342272832336931 0.061210168705552799 0.0059831198078597663 0.033686672674918254 -0.056415577105439069
leaf_weight=120.49577393115032 1.1029008962213982 48.269350507296622 2.0676401834934954 0.78136483021080483 3.232659908477217 7.7769830732140681 25.423118058824912 33.853019614994992 5.3992343731224519 1.5699573643505564 1.147106446325779 3.6250986829400063 3.0914993658661833 6.1516695190221062 2.9596034605056047
leaf_count=2138 24 667 70 33 69 217 682 492 79 38 32 58 24 98 79
internal_value=-6.24283e-05 -0.00160892 -0.0339353 0.0298403 -0.0758439 0.000405011 -0.00938694 0.00436366 0.00124923 0.0188866 -0.0246983 0.0320092 -0.000311353 0.000846087 -0.0245362
internal_weight=266.947 122.507 7.18457 2.84901 4.33556 115.322 33.2001 82.1224 144.44 11.7414 2.71706 9.02433 132.699 126.647 6.0511
internal_count=4800 2254 196 103 93 2058 899 1159 2546 207 70 137 2339 2236 103
is_linear=0
shrinkage=0.08


Tree=120
num_leaves=11
num_cat=0
split_feature=0 4 4 4 4 4 4 0 4 3
split_gain=0.0780833 0.245235 1.17252 0.980866 0.436112 0.137424 0.411595 0.371297 0.287206 0.161592
threshold=1.0000000180025095e-35 63.500000000000007 56.500000000000007 67.500000000000014 54.500000000000007 72.500000000000014 70.500000000000014 1.5000000000000002 77.500000000000014 1.0000000180025095e-35
decision_type=2 2 2 2 2 2 2 2 2 2
left_child=1 2 4 -3 -1 6 9 -7 -9 -2
right_child=5 3 -4 -5 -6 7 -8 8 -10 -11
leaf_value=-0.0059255817789546673 -9.1886590568587124e-05 0.061334375709763252 -0.083196624575887182 -0.022758797649048926 0.043618930941941698 0.036908071259848664 -0.043528430640727978 0.017096745161520654 -0.017642031420251489 0.012757857535167078
leaf_weight=18.83896310417914 225.46829074807465 1.6114794202148908 1.2367495782673348 1.9764648294076321 1.2101092934608448 2.4142671748995763 1.3816898427903641 3.065607100725174 3.0272528085915837 6.4423601999878874
leaf_count=451 3906 21 36 31 16 16 31 62 85 145
internal_value=-6.91597e-05 -0.00433728 -0.00759856 0.0150106 -0.00293521 0.000369899 5.70276e-06 0.0103573 -0.000163304 0.000265073
internal_weight=266.673 24.8738 21.2858 3.58794 20.0491 241.799 233.292 8.50713 6.09286 231.911
internal_count=4800 555 503 52 467 4245 4082 163 147 4051
is_linear=0
shrinkage=0.08


Tree=121
num_leaves=16
num_cat=0
split_feature=4 4 2 1 4 0 1 4 4 1 1 0 0 0 4
split_gain=0.0791103 0.789039 0.823515 1.3581 1.11139 0.71474 0.537552 0.455084 1.45126 2.35878 1.1639 3.877 0.708358 0.392117 0.303556
threshold=43.500000000000007 45.500000000000007 1.0000000180025095e-35 1.5000000000000002 47.500000000000007 1.5000000000000002 1.5000000000000002 40.500000000000007 39.500000000000007 1.0000000180025095e-35 1.5000000000000002 2.5000000000000004 5.5000000000000009 4.5000000000000009 44.500000000000007
decision_type=2 2 2 2 2 2 2 2 2 2 2 2 2 2 2
left_child=7 5 3 -3 -4 14 -7 8 13 -10 12 -12 -9 -1 -2
right_child=1 2 4 -5 -6 6 -8 10 9 -11 11 -13 -14 -15 -16
leaf_value=-0.0018679681464202481 0.011713840757016383 -0.031627369534995779 0.039259494878324037 0.0099592178676903131 0.0017559023237659203 -0.081747089381892818 -0.01247138602233348 0.019167891968458313 0.036447270470268717 -0.095413696793854558 0.0487121721486053 -0.083100154489086475 0.071397106756767026 0.0070686387684405858 -0.022233159596152442
leaf_weight=102.30139013833832 2.7496622167527658 11.543912055843975 5.5016490519046775 8.9009665087796748 62.581214960111538 1.8872267752885818 1.1559602133929729 8.6430809237062949 1.3379150778055184 2.4731959030032158 2.9314761739224187 2.7847631983458996 2.0575265828520051 45.354375289753079 4.3573650913313031
leaf_count=1475 22 227 110 147 1071 97 61 118 34 77 27 87 53 1156 38
internal_value=-6.63978e-05 -0.00186403 0.000558261 -0.0135221 0.0047865 -0.0229907 -0.0554326 0.000990209 -0.000381043 -0.0491231 0.0136418 -0.0155024 0.0292106 0.000877026 -0.00909929
internal_weight=266.562 98.678 88.5277 20.4449 68.0829 10.1502 3.04319 167.884 151.467 3.81111 16.4168 5.71624 10.7006 147.656 7.10703
internal_count=4800 1773 1555 374 1181 218 158 3027 2742 111 285 114 171 2631 60
is_linear=0
shrinkage=0.08


Tree=122
num_leaves=7
num_cat=0
split_feature=4 1 4 0 4 4
split_gain=0.0799076 0.189294 0.168518 0.081339 0.277671 0.140459
threshold=80.500000000000014 1.5000000000000002 78.500000000000014 1.0000000180025095e-35 43.500000000000007 72.500000000000014
decision_type=2 2 2 2 2 2
left_child=2 -2 3 4 -1 -5
right_child=1 -3 -4 5 -6 -7
leaf_value=0.0019554962447059037 -0.05062913704187616 0.0077250147225416581 0.024453624067007795 3.504748551091359e-06 -0.015838351671466952 0.012550825003372287
leaf_weight=15.334013937157581 0.65442946238908806 0.77958745672367513 1.7957868520170439 233.22244428796694 8.8532189326360804 5.8532080706208935
leaf_count=359 41 28 17 4082 189 84
internal_value=-7.18676e-05 -0.0189055 3.00261e-05 -0.000136574 -0.00455756 0.000310697
internal_weight=266.493 1.43402 265.059 263.263 24.1872 239.076
internal_count=4800 69 4731 4714 548 4166
is_linear=0
shrinkage=0.08


Tree=123
num_leaves=13
num_cat=0
split_feature=0 4 4 4 4 4 4 4 4 4 0 4
split_gain=0.0743054 0.318625 1.36097 0.613419 0.44728 1.90626 1.30687 0.247381 1.29997 0.92231 0.520608 0.396699
threshold=1.5000000000000002 15.500000000000002 12.500000000000002 10.500000000000002 50.500000000000007 52.500000000000007 48.500000000000007 15.500000000000002 14.500000000000002 16.500000000000004 3.5000000000000004 22.500000000000004
decision_type=2 2 2 2 2 2 2 2 2 2 2 2
left_child=1 2 3 -1 6 -6 -3 8 10 -9 -2 -11
right_child=7 4 -4 -5 5 -7 -8 9 -10 11 -12 -13
leaf_value=0.006616055613446508 -0.032460630726686521 -0.00090246399863400486 0.046453100263118337 -0.038433474302191337 0.058693052463429915 4.0873069042785662e-05 -0.048355608410964035 0.049496909392402144 -0.085078606249999147 -0.017658554750678387 0.0042921673782398253 0.00017931797531066065
leaf_weight=8.0658751920564082 3.1529922261834118 82.403538181446493 4.9953769082203499 2.5447590209078035 4.1416134834289577 24.679275115951896 3.8896681033074847 2.3492751568555823 1.3759018052369363 8.6098485048860294 11.331886639352886 108.92071171366842
leaf_count=92 117 662 37 20 33 223 37 41 29 290 303 2916
internal_value=-6.65895e-05 0.00129475 0.0120217 -0.00418822 -0.000159501 0.0084693 -0.00304142 -0.00137758 -0.0107668 -0.000135337 -0.00370799 -0.00112742
internal_weight=266.461 130.72 15.606 10.6106 115.114 28.8209 86.2932 135.741 15.8608 119.88 14.4849 117.531
internal_count=4800 1104 149 112 955 256 699 3696 449 3247 420 3206
is_linear=0
shrinkage=0.08


Tree=124
num_leaves=16
num_cat=0
split_feature=4 4 2 2 4 0 0 4 4 1 0 1 4 0 0
split_gain=0.0709958 0.524085 1.29692 0.70655 1.2983 0.978318 0.645188 0.498373 1.28728 2.16781 0.935264 2.72997 0.509176 0.413515 0.34338
threshold=42.500000000000007 45.500000000000007 1.0000000180025095e-35 1.0000000180025095e-35 50.500000000000007 4.5000000000000009 1.5000000000000002 40.500000000000007 39.500000000000007 1.0000000180025095e-35 2.5000000000000004 1.5000000000000002 41.500000000000007 1.5000000000000002 4.5000000000000009
decision_type=2 2 2 2 2 2 2 2 2 2 2 2 2 2 2
left_child=7 2 13 4 -3 -5 -4 8 14 -10 12 -12 -9 -2 -1
right_child=1 3 6 5 -6 -7 -8 10 9 -11 11 -13 -14 -15 -16
leaf_value=-0.0017543311403526145 0.060235639787674961 -0.043911743669646022 -0.015525500739351279 0.010670973738178555 0.00047955254664023758 -0.010226795524404846 -0.057916456163778086 0.012445578647029994 0.03305085483551886 -0.094388878319741604 0.034428318999791936 -0.083201072560731351 0.053176240787595676 -0.0049642827372719115 0.0065973550490564595
leaf_weight=102.11605827754829 1.5532971872016781 5.9824912222102311 7.2117900643497688 47.691190839163028 14.284599367732879 20.499768796755234 3.3723442927002907 3.8132568188011629 1.3568178014829748 2.3063597655855119 3.3536144569516182 2.0252928268164396 4.0510860122740269 1.0389679940417407 45.565999319776893
leaf_count=1475 16 104 60 659 270 522 181 33 34 77 68 57 37 51 1156
internal_value=-6.38946e-05 -0.0017264 -0.0166111 0.000490776 -0.012624 0.00438862 -0.0290322 0.000962713 -0.000339496 -0.047186 0.0158445 -0.00986208 0.0334268 0.0341038 0.000822508
internal_weight=266.223 101.634 13.1764 88.4581 20.2671 68.191 10.5841 164.588 151.345 3.66318 13.2433 5.37891 7.86434 2.59227 147.682
internal_count=4800 1863 308 1555 374 1181 241 2937 2742 111 195 125 70 67 2631
is_linear=0
shrinkage=0.08


Tree=125
num_leaves=16
num_cat=0
split_feature=0 4 4 2 2 4 1 2 0 1 1 4 4 4 4
split_gain=0.0781 0.243394 0.602197 0.936932 0.712499 0.502938 1.36476 1.10211 0.1188 0.342017 0.834824 0.602683 0.231334 1.20676 0.73074
threshold=1.0000000180025095e-35 37.500000000000007 55.500000000000007 1.5000000000000002 1.5000000000000002 27.500000000000004 1.0000000180025095e-35 1.5000000000000002 1.5000000000000002 1.0000000180025095e-35 1.5000000000000002 49.500000000000007 15.500000000000002 14.500000000000002 16.500000000000004
decision_type=2 2 2 2 2 2 2 2 2 2 2 2 2 2 2
left_child=1 5 3 -3 -4 6 -1 -7 9 11 -11 -2 13 -10 -14
right_child=8 2 4 -5 -6 7 -8 -9 12 10 -12 -13 14 -15 -16
leaf_value=0.013125447282488214 0.0057642670907531411 -0.013422938791855066 -0.0094743517571169705 -0.087089989257143882 0.054339753185023848 0.0015776235685567574 -0.081335413420844452 0.080713085008092628 -0.0037200562391344256 -0.0094081135016680691 0.0066614329017718847 0.043865754200860703 0.043187353432151888 -0.084701059883460217 -0.00090183285702115259
leaf_weight=3.131810584105553 16.494789157062772 6.549623701721428 3.9485541423782706 1.3291866853833196 1.5630396790802477 5.4753035996109247 1.4239708129316566 1.4180177077651022 14.475967296864834 34.577575720846653 51.516545042395592 3.1671143174171439 2.4563342239707699 1.2819941844791181 117.18839826955809
leaf_count=47 119 145 74 29 21 92 130 17 420 165 223 42 41 29 3206
internal_value=-6.7437e-05 -0.0043387 -0.0116613 -0.0258509 0.00862277 0.00422546 -0.0163996 0.0178565 0.000372506 0.00238164 0.000207497 0.0119016 -0.00119672 -0.0103083 3.32841e-06
internal_weight=265.998 24.8395 13.3904 7.87881 5.51159 11.4491 4.55578 6.89332 241.159 105.756 86.0941 19.6619 135.403 15.758 119.645
internal_count=4800 555 269 174 95 286 177 109 4245 549 388 161 3696 449 3247
is_linear=0
shrinkage=0.08


Tree=126
num_leaves=7
num_cat=0
split_feature=4 4 4 4 0 4
split_gain=0.0842852 0.184689 0.127321 0.0890949 1.19626 0.734388
threshold=80.500000000000014 84.500000000000014 78.500000000000014 53.500000000000007 6.5000000000000009 51.500000000000007
decision_type=2 2 2 2 2 2
left_child=2 -2 3 5 -5 -1
right_child=1 -3 -4 4 -6 -7
leaf_value=-0.00049312807831256369 0.0070759577060583428 -0.050714766608687498 0.021109119234545077 -0.0093850171327645587 0.021972031045727893 0.020808958302546893
leaf_weight=202.20208256575279 0.77045377041213103 0.65463916352018714 1.8224319331347931 39.366366758476943 9.706145594827829 10.916852764785288
leaf_count=3688 29 40 17 672 204 150
internal_value=-6.78564e-05 -0.0194711 3.68785e-05 -0.00010959 -0.00318285 0.000598055
internal_weight=265.439 1.42509 264.014 262.191 49.0725 213.119
internal_count=4800 69 4731 4714 876 3838
is_linear=0
shrinkage=0.08


Tree=127
num_leaves=8
num_cat=0
split_feature=4 0 4 1 2 4 0
split_gain=0.077332 0.685705 0.204214 0.130921 1.10163 0.747458 0.000680369
threshold=79.500000000000014 2.5000000000000004 77.500000000000014 1.5000000000000002 1.0000000180025095e-35 70.500000000000014 4.5000000000000009
decision_type=2 2 2 2 2 2 2
left_child=2 -2 3 5 -5 -1 -3
right_child=1 6 -4 4 -6 -7 -8
leaf_value=-0.00082022253905165976 0.011823761248110097 -0.087549029339327927 0.020868586606896628 0.017130320753290417 -0.0022682512375256057 -0.03732903875061757 -0.082174987195747881
leaf_weight=145.62204517307691 1.7123368211323389 0.38985546666663129 2.9856885671615592 23.877353553194553 87.011270344490185 3.6796721955761305 0.24585383039084263
leaf_count=2743 26 19 22 437 1443 75 35
internal_value=-6.37191e-05 -0.0145177 6.52388e-05 -0.00017348 0.00190879 -0.00172001 -0.0854707
internal_weight=265.524 2.34805 263.176 260.19 110.889 149.302 0.635709
internal_count=4800 80 4720 4698 1880 2818 54
is_linear=0
shrinkage=0.08


Tree=128
num_leaves=9
num_cat=0
split_feature=4 1 4 4 4 0 4 0
split_gain=0.0714787 0.168813 0.117165 0.388292 0.0951179 0.0869421 0.9338 0.230882
threshold=80.500000000000014 1.5000000000000002 72.500000000000014 70.500000000000014 69.500000000000014 3.5000000000000004 76.500000000000014 1.5000000000000002
decision_type=2 2 2 2 2 2 2 2
left_child=2 -2 3 4 -1 7 -7 -4
right_child=1 -3 5 -5 -6 6 -8 -9
leaf_value=-0.00017105059415574358 -0.047932829231027353 0.0076787480464423014 0.018916400846506684 -0.042396149265334887 0.018979656779617052 0.060654320349872747 -0.029423483816039681 -0.013154115300260552
leaf_weight=252.23892125033308 0.65024826530134194 0.75492928014136851 2.9704011473804695 1.3931085583753873 1.6708602998405684 1.6418655384331944 1.3357729930430648 2.7824271069839597
leaf_count=4557 41 28 26 36 24 38 22 28
internal_value=-6.02586e-05 -0.0180556 3.55121e-05 -0.000276126 -4.50288e-05 0.00914866 0.0202453 0.0034051
internal_weight=265.439 1.40518 264.033 255.303 253.91 8.73047 2.97764 5.75283
internal_count=4800 69 4731 4617 4581 114 60 54
is_linear=0
shrinkage=0.08


Tree=129
num_leaves=11
num_cat=0
split_feature=4 4 4 1 4 0 4 4 2 4
split_gain=0.0711864 0.655071 0.552033 0.414709 0.365829 2.59845 0.350223 0.164102 0.675695 0.323595
threshold=5.5000000000000009 3.5000000000000004 2.5000000000000004 1.5000000000000002 8.5000000000000018 3.5000000000000004 1.0000000180025095e-35 12.500000000000002 1.0000000180025095e-35 13.500000000000002
decision_type=2 2 2 2 2 2 2 2 2 2
left_child=1 2 6 -3 5 -2 -1 8 -6 -9
right_child=4 3 -4 -5 7 -7 -8 9 -10 -11
leaf_value=0.0062171460776920227 0.096602904235488826 -0.0063711304195134726 0.050101426026988194 -0.074964317991749366 0.034782292531115984 -0.082631056065513381 -0.031256115875987631 0.022990292897726802 -0.02814585367207895 -0.00011880338281175626
leaf_weight=5.3437133792322111 1.4435824407264584 1.01421019504778 1.374777605757117 1.2710896240314469 1.434356145793571 0.80709783965721715 2.2760370718315244 3.941249217838048 4.5759232752025127 241.94365616329014
leaf_count=119 29 30 28 15 40 40 44 47 109 4299
internal_value=-5.67411e-05 -0.00627555 0.00344219 -0.0445228 0.00021927 0.0323293 -0.0049762 -6.76326e-05 -0.013128 0.000251609
internal_weight=265.426 11.2798 8.99453 2.2853 254.146 2.25068 7.61975 251.895 6.01028 245.885
internal_count=4800 236 191 45 4564 69 163 4495 149 4346
is_linear=0
shrinkage=0.08


Tree=130
num_leaves=14
num_cat=0
split_feature=0 4 4 4 4 2 0 4 2 4 4 4 4
split_gain=0.067306 0.226505 0.790944 1.94624 0.61719 0.63262 0.113596 0.309933 1.0576 0.605888 0.200643 1.12066 0.598322
threshold=1.0000000180025095e-35 17.500000000000004 14.500000000000002 13.500000000000002 22.500000000000004 1.0000000180025095e-35 1.5000000000000002 50.500000000000007 1.0000000180025095e-35 37.500000000000007 15.500000000000002 14.500000000000002 16.500000000000004
decision_type=2 2 2 2 2 2 2 2 2 2 2 2 2
left_child=1 2 3 -1 -3 -6 7 9 -9 -2 11 -8 -12
right_child=6 4 -4 -5 5 -7 10 8 -10 -11 12 -13 -14
leaf_value=-0.081113435600509279 0.0046434855857452025 0.05565588408484394 -0.086899889817551576 0.19748466998231595 -0.037047140434647768 0.00069007800844563677 -0.0035550144577492803 0.045727791546784753 0.001614943165903617 -0.010073521306631977 0.038301891569580152 -0.084327778772296677 -0.00090042488922596167
leaf_weight=0.40125559829175717 59.133304700255394 1.1270033288747097 0.8206630814820528 0.2674417570233345 3.351822926662865 18.72985050175339 14.438957555219528 4.4360560886561897 16.110913932323456 25.677478171885014 2.545811789110302 1.1899120714515454 117.1705842379597
leaf_count=67 281 33 22 3 91 339 420 29 94 145 41 29 3206
internal_value=-5.44425e-05 -0.00403162 -0.0342745 0.0303103 -0.00209086 -0.00503813 0.000353648 0.00232343 0.0111388 0.000187736 -0.0011797 -0.00970469 -6.67737e-05
internal_weight=265.401 24.698 1.48936 0.668697 23.2087 22.0817 240.703 105.358 20.547 84.8108 135.345 15.6289 119.716
internal_count=4800 555 92 70 463 430 4245 549 123 426 3696 449 3247
is_linear=0
shrinkage=0.08


Tree=131
num_leaves=16
num_cat=0
split_feature=4 0 1 0 1 1 0 4 4 1 2 0 4 0 0
split_gain=0.0678601 0.844083 1.97878 3.04691 1.82286 0.691219 1.68293 0.823417 0.600305 1.45258 1.72049 0.541803 3.18221 0.753877 0.0449622
threshold=53.500000000000007 6.5000000000000009 1.0000000180025095e-35 7.5000000000000009 1.5000000000000002 1.0000000180025095e-35 1.5000000000000002 75.500000000000014 51.500000000000007 1.0000000180025095e-35 1.0000000180025095e-35 6.5000000000000009 35.500000000000007 5.5000000000000009 3.5000000000000004
decision_type=2 2 2 2 2 2 2 2 2 2 2 2 2 2 2
left_child=8 5 3 -3 -4 6 -2 -7 11 14 -11 13 -13 -1 -10
right_child=1 2 4 -5 -6 7 -8 -9 9 10 -12 12 -14 -15 -16
leaf_value=-0.0004692592438037467 0.011409910298775758 0.13966244701261893 -0.055856844831104743 -0.022228237832379639 0.027680422520170257 -0.007891856504171393 -0.055543514314148917 0.02557865798290701 -0.035789880036998449 0.10884023845898172 0.017561738667824407 0.0067506420610763795 -0.053044733777974348 0.017498225454602005 -0.015846352826227397
leaf_weight=158.01107600750402 4.2696514315903169 1.7770751275238563 2.760616063256748 1.2799299053149298 4.2384498859755695 26.642011118587106 5.494886185566429 5.7127640201069871 1.8762559443712219 1.6751673743128774 6.2613359931856394 19.33040559664369 8.075701139867304 16.506618227809668 1.1775227636098859
leaf_count=2489 60 34 70 34 87 451 156 70 25 20 77 488 292 419 28
internal_value=-5.45983e-05 -0.00264025 0.0181843 0.0718808 -0.00526888 -0.00761216 -0.0262674 -0.00198209 0.000579026 0.0187871 0.036828 -0.000411999 -0.0108691 0.00123018 -0.0280997
internal_weight=265.089 52.1754 10.0561 3.05701 6.99907 42.1193 9.76454 32.3548 212.914 10.9903 7.9365 201.924 27.4061 174.518 3.05378
internal_count=4800 962 225 68 157 737 216 521 3838 150 97 3688 780 2908 53
is_linear=0
shrinkage=0.08


Tree=132
num_leaves=15
num_cat=0
split_feature=4 4 1 0 4 4 0 1 0 0 4 0 4 4
split_gain=0.0776608 0.494167 0.807609 1.41715 0.372547 0.83288 2.71061 0.576163 1.99186 0.836855 0.542907 0.31604 1.92091 0.937398
threshold=31.500000000000004 30.500000000000004 1.5000000000000002 1.5000000000000002 38.500000000000007 40.500000000000007 3.5000000000000004 1.0000000180025095e-35 7.5000000000000009 4.5000000000000009 42.500000000000007 1.5000000000000002 28.500000000000004 28.500000000000004
decision_type=2 2 2 2 2 2 2 2 2 2 2 2 2 2
left_child=1 11 3 -3 7 6 -6 9 -9 -2 -7 13 -13 -1
right_child=4 2 -4 -5 5 10 -8 8 -10 -11 -12 12 -14 -15
leaf_value=-2.9537641710891397e-05 -0.027660245697152554 -0.0632790841691203 -0.059615300816150074 0.046875189120361496 -0.071405086740016707 0.015677101801451036 0.031553288282331768 0.017185327226642174 -0.082522758306693367 0.019982425510473356 -0.0015967884132836324 0.00046911180502462528 -0.051601323371955693 0.033914516173956959
leaf_weight=45.226688331342302 6.0859919302165491 1.260898690670728 2.4267483865842223 1.8356676585972307 3.9318552832119158 13.167602827772496 2.8033510707318783 29.968896731734279 1.3395821303129185 3.8537260293960571 100.67806942833704 41.369797084014863 5.0923677859827867 5.8843219727277747
leaf_count=379 103 10 43 43 93 195 103 439 47 92 1863 1194 152 44
internal_value=-6.43033e-05 -0.00178037 -0.0250597 0.00202119 0.00102895 -0.00121604 -0.0285514 0.00759175 0.0129192 -0.00918872 0.000401142 -0.000462605 -0.00523794 0.00387838
internal_weight=264.926 103.096 5.52331 3.09657 161.829 120.581 6.73521 41.2482 31.3085 9.93972 113.846 97.5732 46.4622 51.111
internal_count=4800 1865 96 53 2935 2254 196 681 486 195 2058 1769 1346 423
is_linear=0
shrinkage=0.08


Tree=133
num_leaves=7
num_cat=0
split_feature=4 4 4 4 4 0
split_gain=0.0717998 0.138306 0.101494 0.0693548 1.14569 0.89847
threshold=80.500000000000014 84.500000000000014 78.500000000000014 52.500000000000007 51.500000000000007 6.5000000000000009
decision_type=2 2 2 2 2 2
left_child=2 -2 3 4 -1 -5
right_child=1 -3 -4 5 -6 -7
leaf_value=-0.00042763903731241255 0.005354199390131922 -0.045123458553105879 0.018825142700659811 -0.0078022213031298908 0.036227407946517916 0.017963630790389869
leaf_weight=201.92533892742358 0.74569815711583831 0.65038697878480889 1.8258246649056662 43.330612928140908 5.608897127211093 10.825475009158252
leaf_count=3688 29 40 17 741 68 217
internal_value=-6.70004e-05 -0.0181616 2.8863e-05 -0.000102279 0.000563014 -0.00265178
internal_weight=264.912 1.39609 263.516 261.69 207.534 54.1561
internal_count=4800 69 4731 4714 3756 958
is_linear=0
shrinkage=0.08


Tree=134
num_leaves=8
num_cat=0
split_feature=4 0 4 1 2 4 0
split_gain=0.0650101 0.64213 0.156133 0.10589 0.866171 0.675136 0.000566062
threshold=79.500000000000014 2.5000000000000004 77.500000000000014 1.5000000000000002 1.0000000180025095e-35 70.500000000000014 4.5000000000000009
decision_type=2 2 2 2 2 2 2
left_child=2 -2 3 5 -5 -1 -3
right_child=1 6 -4 4 -6 -7 -8
leaf_value=-0.0007003387830678161 0.011422844972020734 -0.087121029751512161 0.018208502666550164 0.015163192892893694 -0.0020017648559603604 -0.035745856540929981 -0.08202530931400924
leaf_weight=145.18675000825897 1.7105929501121857 0.36826048340299156 2.9974261857569209 24.017339854268357 86.856471745180897 3.605448222719132 0.22461699572158977
leaf_count=2743 26 19 22 437 1443 75 35
internal_value=-6.27831e-05 -0.0134439 5.4565e-05 -0.000154993 0.00171649 -0.00154954 -0.0851905
internal_weight=264.967 2.30347 262.663 259.666 110.874 148.792 0.592877
internal_count=4800 80 4720 4698 1880 2818 54
is_linear=0
shrinkage=0.08


Tree=135
num_leaves=15
num_cat=0
split_feature=4 4 1 0 4 4 0 0 1 0 2 0 4 4
split_gain=0.0652937 0.420091 0.71882 1.18176 0.313319 0.7136 2.37072 0.547909 0.479649 0.711403 0.595692 0.268911 1.72032 0.789196
threshold=31.500000000000004 30.500000000000004 1.5000000000000002 1.5000000000000002 38.500000000000007 40.500000000000007 3.5000000000000004 4.5000000000000009 1.0000000180025095e-35 4.5000000000000009 1.5000000000000002 1.5000000000000002 28.500000000000004 28.500000000000004
decision_type=2 2 2 2 2 2 2 2 2 2 2 2 2 2
left_child=1 11 3 -3 8 6 -6 -7 9 -2 -10 13 -13 -1
right_child=4 2 -4 -5 5 7 -8 -9 10 -11 -12 12 -14 -15
leaf_value=-1.6827297395043138e-05 -0.025642002104076366 -0.058605448225315514 -0.056440566994097462 0.041387343617595315 -0.068028212560502802 0.0038943155945205779 0.028124092921644223 -0.0083704535187083522 0.0071694108970945395 0.01814760213590054 0.038036012920128565 0.00044603863008379476 -0.049900160150290293 0.031034428415735959
leaf_weight=45.226385650224984 6.0213166251778585 1.2510280646383756 2.3657834380865097 1.9133356753736732 3.8011270766146472 81.156338633707492 2.8880139971151948 32.705988893081667 26.775427818298343 3.9202936552464962 4.7045989492908111 41.381183161400259 4.8530674893409005 5.9247470945119849
leaf_count=379 103 10 43 43 93 1159 103 899 413 92 73 1194 152 44
internal_value=-5.91932e-05 -0.0016349 -0.0230835 0.00185529 0.000941989 -0.00112049 -0.0265148 0.000371365 0.00694452 -0.00837437 0.0117823 -0.000416912 -0.00483865 0.00357979
internal_weight=264.889 102.916 5.53015 3.16436 161.973 120.551 6.68914 113.862 41.4216 9.94161 31.48 97.3854 46.2343 51.1511
internal_count=4800 1865 96 53 2935 2254 196 2058 681 195 486 1769 1346 423
is_linear=0
shrinkage=0.08


Tree=136
num_leaves=11
num_cat=0
split_feature=4 4 4 1 4 4 4 4 2 4
split_gain=0.0639762 0.567272 0.446308 0.36728 0.321377 1.10811 0.301605 0.0914727 0.839785 0.270808
threshold=5.5000000000000009 3.5000000000000004 2.5000000000000004 1.5000000000000002 7.5000000000000009 6.5000000000000009 1.0000000180025095e-35 12.500000000000002 1.5000000000000002 13.500000000000002
decision_type=2 2 2 2 2 2 2 2 2 2
left_child=1 2 6 -3 5 -2 -1 8 -6 -9
right_child=4 3 -4 -5 7 -7 -8 9 -10 -11
leaf_value=0.0056715927150611887 0.10209574657037154 -0.0059152363452165124 0.044268388331910567 -0.070766028138622789 -0.022480013000596894 -0.03698069875211988 -0.029236040199078755 0.020962945750644585 0.050989964604123562 -0.00010430730365770616
leaf_weight=5.3568643892649543 0.78879435639828333 1.0104872300289562 1.4157516956329343 1.2506914424011484 5.5155441042734301 0.68510721018537879 2.2491941011976451 3.9692801302298895 1.2150470986962316 241.3075382921088
leaf_count=119 19 30 28 15 152 28 44 47 19 4299
internal_value=-6.03786e-05 -0.00595465 0.00302572 -0.0417852 0.000201988 0.0374495 -0.00465097 -1.58592e-05 -0.00921677 0.000236621
internal_weight=264.764 11.283 9.02181 2.26118 253.481 1.4739 7.60606 252.007 6.73059 245.277
internal_count=4800 236 191 45 4564 47 163 4517 171 4346
is_linear=0
shrinkage=0.08


Tree=137
num_leaves=9
num_cat=0
split_feature=4 1 4 4 0 0 0 4
split_gain=0.0629055 0.128552 0.0959146 0.320612 0.0872188 0.833722 0.197757 0.0737663
threshold=80.500000000000014 1.5000000000000002 72.500000000000014 70.500000000000014 3.5000000000000004 5.5000000000000009 1.5000000000000002 69.500000000000014
decision_type=2 2 2 2 2 2 2 2
left_child=2 -2 3 7 6 -6 -4 -1
right_child=1 -3 4 -5 5 -7 -8 -9
leaf_value=-0.00015635520852617005 -0.04305489613722923 0.0059139552762947009 0.016808981940007597 -0.039282434033269607 0.058370539440061514 -0.026180154653980575 -0.012942982342963394 0.016613314164665202
leaf_weight=251.67472602648195 0.64756899423082248 0.72972567798569798 2.9702006783336383 1.3397919083945442 1.6160393655300143 1.3869961081072686 2.7570085404440761 1.6900350227951992
leaf_count=4557 41 28 26 36 22 38 28 24
internal_value=-5.74364e-05 -0.01711 3.17179e-05 -0.000250894 0.00827691 0.0193196 0.00248675 -4.44954e-05
internal_weight=264.812 1.37729 263.435 254.705 8.73024 3.00304 5.72721 253.365
internal_count=4800 69 4731 4617 114 60 54 4581
is_linear=0
shrinkage=0.08


Tree=138
num_leaves=16
num_cat=0
split_feature=0 4 4 4 4 4 4 4 0 4 4 2 0 4 1
split_gain=0.0616691 0.231628 1.34293 0.431032 0.881364 0.73943 0.250457 0.104659 0.463909 1.28139 0.40705 2.00394 0.490397 0.363822 5.20265e-05
threshold=1.0000000180025095e-35 43.500000000000007 51.500000000000007 36.500000000000007 35.500000000000007 38.500000000000007 67.500000000000014 32.500000000000007 7.5000000000000009 55.500000000000007 27.500000000000004 1.5000000000000002 7.5000000000000009 42.500000000000007 1.5000000000000002
decision_type=2 2 2 2 2 2 2 2 2 2 2 2 2 2 2
left_child=1 3 14 4 -1 -5 -4 10 13 -10 12 -12 -2 -9 -3
right_child=7 2 6 5 -6 -7 -8 8 9 -11 11 -13 -14 -15 -16
leaf_value=0.00013639888326194053 -0.00067795128926459545 -0.082613042534560463 0.0079461435986398852 0.067582144253105728 -0.087028066807246049 -0.0012560722022340362 -0.025114137788565742 0.0088394574965728369 0.0051306535860161538 -0.057955498494241565 -0.00060812991606837492 -0.061992396910326743 0.02199702071833701 -8.1400314273480815e-05 -0.081680249980520911
leaf_weight=10.101049551623873 69.617533815559 0.81177185196429291 5.8528008088469505 1.5616270266473282 0.80132942274212915 2.7702072197571397 1.9569077119231222 44.826953541953117 6.3303136322647315 3.0550427323032636 21.392476825043563 4.0477258916944256 6.6909541487693778 84.247317229921464 0.72396435588598251
leaf_count=265 1157 31 96 26 12 56 31 758 203 94 364 69 147 1453 38
internal_value=-5.3933e-05 -0.00387057 -0.0137859 0.002212 -0.00627023 0.0235601 -0.000337894 0.00033661 0.0017681 -0.0154046 -0.00161136 -0.0103748 0.00131026 0.00301678 -0.0821733
internal_weight=264.788 24.5797 9.34544 15.2342 10.9024 4.33183 7.80971 240.208 138.46 9.38536 101.749 25.4402 76.3085 129.074 1.53574
internal_count=4800 555 196 359 277 82 127 4245 2508 297 1737 433 1304 2211 69
is_linear=0
shrinkage=0.08


Tree=139
num_leaves=11
num_cat=0
split_feature=4 4 4 1 4 0 4 4 1 4
split_gain=0.0572925 0.482616 0.365735 0.320405 0.262385 2.18054 0.25694 0.123301 0.648038 0.224493
threshold=5.5000000000000009 3.5000000000000004 2.5000000000000004 1.5000000000000002 8.5000000000000018 3.5000000000000004 1.0000000180025095e-35 12.500000000000002 1.5000000000000002 13.500000000000002
decision_type=2 2 2 2 2 2 2 2 2 2
left_child=1 2 6 -3 5 -2 -1 8 -6 -9
right_child=4 3 -4 -5 7 -7 -8 9 -10 -11
leaf_value=0.0050123962319529982 0.083787344695132937 -0.0055298950920510464 0.039324606213753326 -0.066363623497253096 -0.034021001456683603 -0.082603422670088189 -0.027288777415075197 0.019006862149684601 0.019229789644581347 -8.5914432378423746e-05
leaf_weight=5.3843001250643265 1.4872089773416513 1.0100470909383139 1.4555716793984173 1.2274958285270259 3.4423442367697126 0.76249798154458392 2.2283413204131648 4.0068058250471941 2.5431690054247156 241.25945268201758
leaf_count=119 29 30 28 15 93 40 44 47 56 4299
internal_value=-5.58184e-05 -0.00562786 0.00258257 -0.0389027 0.000192686 0.0273922 -0.00444267 -5.08584e-05 -0.0113954 0.000225996
internal_weight=264.807 11.3058 9.06821 2.23754 253.501 2.24971 7.61264 251.252 5.98551 245.266
internal_count=4800 236 191 45 4564 69 163 4495 149 4346
is_linear=0
shrinkage=0.08


Tree=140
num_leaves=12
num_cat=0
split_feature=0 4 4 4 4 4 1 4 1 4 2
split_gain=0.0551948 0.388337 0.629396 0.442882 0.248931 0.777513 1.98056 1.3171 0.4348 1.61863 1.41291
threshold=1.5000000000000002 77.500000000000014 69.500000000000014 55.500000000000007 22.500000000000004 27.500000000000004 1.5000000000000002 30.500000000000004 1.5000000000000002 20.500000000000004 1.0000000180025095e-35
decision_type=2 2 2 2 2 2 2 2 2 2 2
left_child=1 2 3 -1 8 6 -6 -7 9 -2 -10
right_child=4 -3 -4 -5 5 7 -8 -9 10 -11 -12
leaf_value=-0.00016161281169858036 -0.0066042326896912831 0.03382462800131901 -0.032138212985325605 0.015237974959961317 0.045487024804754937 -0.035823221068621368 -0.01950266017305791 0.00067413444231534598 -0.051434671766365757 -0.08246179050733847 0.017999720226842528
leaf_weight=110.20183610043023 13.309598314110188 2.283634270541369 3.6635428275912991 13.40628577582538 7.4512468352913839 6.8122368501499286 5.0249759014695883 89.050391739583574 2.3616753509268174 2.0818269345909366 9.1134396358393115
leaf_count=927 413 17 36 124 204 219 143 2350 77 76 214
internal_value=-5.32375e-05 0.00112676 0.000540064 0.0015086 -0.00118393 0.000525484 0.0193115 -0.00191946 -0.00807709 -0.0168646 0.00370954
internal_weight=264.761 129.555 127.272 123.608 135.205 108.339 12.4762 95.8626 26.8665 15.3914 11.4751
internal_count=4800 1104 1087 1051 3696 2916 347 2569 780 489 291
is_linear=0
shrinkage=0.08


Tree=141
num_leaves=9
num_cat=0
split_feature=4 1 4 4 4 1 4 4
split_gain=0.0663474 0.112817 0.0937982 0.252276 0.0785512 0.070798 2.07394 1.50999
threshold=80.500000000000014 1.5000000000000002 72.500000000000014 70.500000000000014 69.500000000000014 1.5000000000000002 77.500000000000014 77.500000000000014
decision_type=2 2 2 2 2 2 2 2
left_child=2 -2 3 4 -1 6 -4 -7
right_child=1 -3 5 -5 -6 7 -8 -9
leaf_value=-0.00018066668966704015 -0.042046603556494463 0.0040465713140698679 -0.023494932855638705 -0.035600098106301763 0.017098333356246949 0.055637605128670636 0.091478599162391316 -0.040927446355153267
leaf_weight=251.56689502182417 0.64219009518273995 0.72184071992523968 2.9852619254961592 1.2851046258583654 1.6951650977134693 1.8234711354598401 1.5130144357681272 2.4009260758757591
leaf_count=4557 41 28 53 36 24 28 12 21
internal_value=-5.60636e-05 -0.0176542 3.51145e-05 -0.000244415 -6.50127e-05 0.00819241 0.0151769 0.000755089
internal_weight=264.634 1.36403 263.27 254.547 253.262 8.72267 4.49828 4.2244
internal_count=4800 69 4731 4617 4581 114 65 49
is_linear=0
shrinkage=0.08


Tree=142
num_leaves=16
num_cat=0
split_feature=0 4 4 4 4 4 4 0 1 1 4 4 4 4 1
split_gain=0.0616488 0.218043 1.22754 0.359036 0.779697 0.576695 0.224009 0.103207 0.381097 0.799388 0.549056 0.218894 1.01675 0.474006 4.08042e-05
threshold=1.0000000180025095e-35 43.500000000000007 51.500000000000007 36.500000000000007 33.500000000000007 38.500000000000007 67.500000000000014 1.5000000000000002 1.0000000180025095e-35 1.5000000000000002 49.500000000000007 15.500000000000002 14.500000000000002 16.500000000000004 1.5000000000000002
decision_type=2 2 2 2 2 2 2 2 2 2 2 2 2 2 2
left_child=1 3 14 4 -1 -5 -4 8 10 -10 -2 12 -9 -13 -3
right_child=7 2 6 5 -6 -7 -8 11 9 -11 -12 13 -14 -15 -16
leaf_value=0.0047108385909941071 0.0065108461147548296 -0.082407310148893298 0.0065001241209424231 0.058591676601885835 -0.049467856468479288 -0.0011229848728536913 -0.025008513839801429 -0.004402148628838619 -0.0095220847169537447 0.0062629268215944646 0.043354449831841439 0.03357439084264896 -0.084006900409316715 -0.00071718038654802795 -0.081548169370253665
leaf_weight=8.7384752768557536 16.573443688452247 0.75084290560334721 5.935358040034771 1.6538649201393116 2.1105976067483416 2.7663612104952335 1.9083666186779735 14.548344121314582 34.376000680029392 50.98781930655241 3.0678124576807013 2.6380914431065312 1.1048512421548373 116.78704798058607 0.66906093712896109
leaf_count=247 119 31 96 26 30 56 31 420 165 223 42 41 29 3206 38
internal_value=-5.35018e-05 -0.00387339 -0.0135563 0.00200107 -0.00582918 0.0212198 -0.00116588 0.000336833 0.0022181 -9.36955e-05 0.0122655 -0.0011256 -0.0100209 4.03176e-05 -0.0820025
internal_weight=264.616 24.5329 9.26363 15.2693 10.8491 4.42023 7.84372 240.083 105.005 85.3638 19.6413 135.078 15.6532 119.425 1.4199
internal_count=4800 555 196 359 277 82 127 4245 549 388 161 3696 449 3247 69
is_linear=0
shrinkage=0.08


Tree=143
num_leaves=7
num_cat=0
split_feature=4 4 4 4 0 4
split_gain=0.0642954 0.112486 0.0863149 0.0610661 0.945692 0.938412
threshold=80.500000000000014 84.500000000000014 78.500000000000014 52.500000000000007 6.5000000000000009 51.500000000000007
decision_type=2 2 2 2 2 2
left_child=2 -2 3 5 -5 -1
right_child=1 -3 -4 4 -6 -7
leaf_value=-0.00036578534424601823 0.0044188017263077353 -0.041799611986355616 0.017461727036807255 -0.0077826039267203974 0.018749618711479912 0.032565680202542018
leaf_weight=201.44837432738859 0.71211132226744556 0.63981760691967793 1.8067987402901042 43.063622891902924 10.742438098415731 5.694524969905614
leaf_count=3688 29 40 17 741 217 68
internal_value=-5.30803e-05 -0.0174547 3.64542e-05 -8.41976e-05 -0.00248542 0.000539527
internal_weight=264.108 1.35193 262.756 260.949 53.8061 207.143
internal_count=4800 69 4731 4714 958 3756
is_linear=0
shrinkage=0.08


Tree=144
num_leaves=8
num_cat=0
split_feature=4 1 4 4 0 2 4
split_gain=0.0545406 0.0966677 0.0825465 0.214924 0.0692475 0.239367 0.0621338
threshold=80.500000000000014 1.5000000000000002 72.500000000000014 70.500000000000014 1.5000000000000002 1.0000000180025095e-35 69.500000000000014
decision_type=2 2 2 2 2 2 2
left_child=2 -2 3 6 -4 -6 -1
right_child=1 -3 4 -5 5 -7 -8
leaf_value=-0.0001698831558673778 -0.038759890101978833 0.0041348453632448377 0.017748241223517508 -0.033317932265913029 0.024337653669033271 -0.009505066794964644 0.015178785407123325
leaf_weight=251.14205381332431 0.63629483216209226 0.71304244943894446 2.9137427685782296 1.2502348637208331 2.0860214494168758 3.7278809286653996 1.6993988230824459
leaf_count=4557 41 28 26 36 30 58 24
internal_value=-4.99329e-05 -0.0160926 3.24317e-05 -0.000230331 0.00768236 0.00263766 -6.67216e-05
internal_weight=264.169 1.34934 262.819 254.092 8.72765 5.8139 252.841
internal_count=4800 69 4731 4617 114 88 4581
is_linear=0
shrinkage=0.08


Tree=145
num_leaves=13
num_cat=0
split_feature=4 4 0 2 1 0 3 4 0 4 1 4
split_gain=0.0543909 0.928543 3.7817 0.483216 1.44558 2.78936 0.659924 0.914365 0.592054 0.392723 0.917782 0.311825
threshold=47.500000000000007 46.500000000000007 4.5000000000000009 1.0000000180025095e-35 1.5000000000000002 5.5000000000000009 1.0000000180025095e-35 77.500000000000014 6.5000000000000009 43.500000000000007 1.5000000000000002 40.500000000000007
decision_type=2 2 2 2 2 2 2 2 2 2 2 2
left_child=1 9 -3 4 8 -6 7 -5 -2 11 -11 -1
right_child=3 2 -4 6 5 -7 -8 -9 -10 10 -12 -13
leaf_value=-0.00032086162285959461 -0.025865357644564643 0.080492571428840518 -0.083329848245369875 -0.0024908802542824853 -0.012293422060494644 0.10290106451651239 0.045978475080328644 0.038559396001591868 -0.083510767272051381 -0.036871347060514398 0.0069480069718436902 0.011307759492968854
leaf_weight=150.82269244105555 8.8688344430411217 3.3424114855006328 1.2350513227283952 56.105185634922236 6.3628717605024576 1.7060123546980319 2.0715602237323756 3.7018313465669044 1.3085189362172975 5.8653423208743316 6.3936562538146973 16.358979618176818
leaf_count=2742 157 44 35 965 90 40 38 68 46 169 121 285
internal_value=-4.63112e-05 0.000711196 0.0362914 -0.00178603 -0.0132269 0.0120623 0.00158756 4.99788e-05 -0.0332769 -0.000196442 -0.0140175 0.000817017
internal_weight=264.143 184.018 4.57746 80.1248 18.2462 8.06888 61.8786 59.807 10.1774 179.441 12.259 167.182
internal_count=4800 3396 79 1404 333 130 1071 1033 203 3317 290 3027
is_linear=0
shrinkage=0.08


Tree=146
num_leaves=9
num_cat=0
split_feature=4 2 1 4 2 4 4 4
split_gain=0.0631316 0.409385 0.432916 0.0740271 0.359554 1.18462 0.183345 0.0505555
threshold=79.500000000000014 1.0000000180025095e-35 1.5000000000000002 72.500000000000014 1.0000000180025095e-35 77.500000000000014 70.500000000000014 19.500000000000004
decision_type=2 2 2 2 2 2 2 2
left_child=3 -2 -3 6 -5 -6 7 -1
right_child=1 2 -4 4 5 -7 -8 -9
leaf_value=0.0023862471581724974 -0.06526831953598021 -0.040342770117792394 0.044680691547792438 0.038237491735998066 -0.030416246082766479 0.042400260015024741 -0.031128928724965622 -0.00055480601840865581
leaf_weight=45.653597354423255 0.6797134156513488 0.66010926989838459 0.91389192244969308 1.8791857156902541 3.646618427708745 2.3521957658231258 1.218609514646231 207.06048502237536
leaf_count=827 24 32 24 29 59 15 36 3754
internal_value=-5.05941e-05 -0.0133828 0.0090233 6.41722e-05 0.00770153 -0.00186416 -0.000172769 -2.34955e-05
internal_weight=264.064 2.25371 1.574 261.811 7.878 5.99881 253.933 252.714
internal_count=4800 80 56 4720 103 74 4617 4581
is_linear=0
shrinkage=0.08


Tree=147
num_leaves=14
num_cat=0
split_feature=0 4 4 2 4 2 0 1 1 4 3 4 4
split_gain=0.0573249 0.216528 0.702096 1.58379 0.492989 0.564486 0.103333 0.345798 0.633919 0.534421 0.245149 1.05731 0.222996
threshold=1.0000000180025095e-35 17.500000000000004 14.500000000000002 1.0000000180025095e-35 22.500000000000004 1.0000000180025095e-35 1.5000000000000002 1.0000000180025095e-35 1.5000000000000002 49.500000000000007 1.0000000180025095e-35 49.500000000000007 47.500000000000007
decision_type=2 2 2 2 2 2 2 2 2 2 2 2 2
left_child=1 2 3 -1 -3 -6 7 9 -9 -2 12 -12 -8
right_child=6 4 -4 -5 5 -7 10 8 -10 -11 11 -13 -14
leaf_value=0.16405646653769182 0.0061652233728547307 0.048415903457729323 -0.086376051246094362 -0.081742470138906675 -0.035387192585145229 0.0007982274396140743 0.0018332979261603969 -0.0084154562622879413 0.0056713534771497586 0.042803261503711706 -0.053312601702437637 0.022418583379754206 -0.005214969022478178
leaf_weight=0.29705880698748177 16.537837672978643 1.1844394225627208 0.76499784924089909 0.38548130821436644 3.240705625619742 18.565451432950795 87.455833447631449 34.179268136620522 50.879997745156288 3.0120706483721724 2.6014233103487632 2.1591358778823633 42.782047909553512
leaf_count=15 119 33 22 55 91 339 2504 165 223 42 102 41 1049
internal_value=-4.77784e-05 -0.00373873 -0.0337492 0.0252355 -0.0018492 -0.00457944 0.00032867 0.00221596 1.08667e-05 0.0118101 -0.00113378 -0.018965 -0.000481998
internal_weight=264.046 24.4381 1.44754 0.68254 22.9906 21.8062 239.608 104.609 85.0593 19.5499 134.998 4.76056 130.238
internal_count=4800 555 92 70 463 430 4245 549 388 161 3696 143 3553
is_linear=0
shrinkage=0.08


Tree=148
num_leaves=9
num_cat=0
split_feature=4 0 4 2 4 4 4 0
split_gain=0.0599844 0.619033 0.0643585 0.304366 1.01395 0.159076 0.0532571 0.00022538
threshold=79.500000000000014 2.5000000000000004 72.500000000000014 1.0000000180025095e-35 77.500000000000014 70.500000000000014 5.5000000000000009 3.5000000000000004
decision_type=2 2 2 2 2 2 2 2
left_child=2 -2 5 -4 -5 6 -1 -3
right_child=1 7 3 4 -6 -7 -8 -9
leaf_value=-0.0053951267829262604 0.011495674269488949 -0.087239465603240751 0.034824450983022052 -0.028672521045022426 0.038758840376057785 -0.029317296488368842 0.00023192842401515806 -0.083948713359393121
leaf_weight=11.267905320506541 1.6662310843821608 0.21301782780210476 1.9263627240434278 3.5760561497882009 2.374995144084096 1.1916817966848601 240.96447169361636 0.35548777712392621
leaf_count=236 26 10 29 59 15 36 4345 44
internal_value=-4.74772e-05 -0.0130986 6.414e-05 0.00718536 -0.00176145 -0.000157215 -1.94474e-05 -0.0851818
internal_weight=263.536 2.23474 261.301 7.87741 5.95105 253.424 252.232 0.568506
internal_count=4800 80 4720 103 74 4617 4581 54
is_linear=0
shrinkage=0.08


Tree=149
num_leaves=10
num_cat=0
split_feature=4 4 4 4 1 4 0 4 0
split_gain=0.0583052 0.0957552 0.0510164 0.352932 0.636481 0.283411 1.01283 0.513717 0.218992
threshold=80.500000000000014 84.500000000000014 31.500000000000004 30.500000000000004 1.5000000000000002 35.500000000000007 4.5000000000000009 36.500000000000007 1.5000000000000002
decision_type=2 2 2 2 2 2 2 2 2
left_child=2 -2 3 8 -5 6 -4 -7 -1
right_child=1 -3 5 4 -6 7 -8 -9 -10
leaf_value=0.0033750859214856238 0.0038850941450097559 -0.039292467049917693 -0.0021784095903230227 0.0019730844421737585 -0.053150627517933639 -0.023730708707840359 0.033378401656139478 0.00056230498691222514 -0.0042459120001874162
leaf_weight=50.950570892426185 0.6849898095242668 0.63202037557493895 16.330045197159055 3.210240824148058 2.3017619280144572 5.8200263213366261 7.4735617395490399 130.25473243906163 45.844711433630437
leaf_count=423 29 40 209 53 43 103 162 2392 1346
internal_value=-4.49973e-05 -0.0168354 3.93442e-05 -0.00135568 -0.0210461 0.000932031 0.00898528 -0.000476727 -0.000234413
internal_weight=263.503 1.31701 262.186 102.307 5.512 159.878 23.8036 136.075 96.7953
internal_count=4800 69 4731 1865 96 2866 371 2495 1769
is_linear=0
shrinkage=0.08


end of trees

feature_importances:
age=933
facility_enc=407
acuity_enc=263
bleeding_enc=114
pregnant=26

parameters:
[boosting: gbdt]
[objective: binary]
[metric: binary_logloss]
[tree_learner: serial]
[device_type: cpu]
[data_sample_strategy: bagging]
[data: ]
[valid: ]
[num_iterations: 150]
[learning_rate: 0.08]
[num_leaves: 31]
[num_threads: 16]
[seed: 0]
[deterministic: 0]
[force_col_wise: 0]
[force_row_wise: 0]
[histogram_pool_size: -1]
[max_depth: 4]
[min_data_in_leaf: 20]
[min_sum_hessian_in_leaf: 0.001]
[bagging_fraction: 1]
[pos_bagging_fraction: 1]
[neg_bagging_fraction: 1]
[bagging_freq: 0]
[bagging_seed: 3]
[bagging_by_query: 0]
[feature_fraction: 1]
[feature_fraction_bynode: 1]
[feature_fraction_seed: 2]
[extra_trees: 0]
[extra_seed: 6]
[early_stopping_round: 0]
[early_stopping_min_delta: 0]
[first_metric_only: 0]
[max_delta_step: 0]
[lambda_l1: 0]
[lambda_l2: 0]
[linear_lambda: 0]
[min_gain_to_split: 0]
[drop_rate: 0.1]
[max_drop: 50]
[skip_drop: 0.5]
[xgboost_dart_mode: 0]
[uniform_drop: 0]
[drop_seed: 4]
[top_rate: 0.2]
[other_rate: 0.1]
[min_data_per_group: 100]
[max_cat_threshold: 32]
[cat_l2: 10]
[cat_smooth: 10]
[max_cat_to_onehot: 4]
[top_k: 20]
[monotone_constraints: ]
[monotone_constraints_method: basic]
[monotone_penalty: 0]
[feature_contri: ]
[forcedsplits_filename: ]
[refit_decay_rate: 0.9]
[cegb_tradeoff: 1]
[cegb_penalty_split: 0]
[cegb_penalty_feature_lazy: ]
[cegb_penalty_feature_coupled: ]
[path_smooth: 0]
[interaction_constraints: ]
[verbosity: -1]
[saved_feature_importance_type: 0]
[use_quantized_grad: 0]
[num_grad_quant_bins: 4]
[quant_train_renew_leaf: 0]
[stochastic_rounding: 1]
[linear_tree: 0]
[max_bin: 255]
[max_bin_by_feature: ]
[min_data_in_bin: 3]
[bin_construct_sample_cnt: 200000]
[data_random_seed: 1]
[is_enable_sparse: 1]
[enable_bundle: 1]
[use_missing: 1]
[zero_as_missing: 0]
[feature_pre_filter: 1]
[pre_partition: 0]
[two_round: 0]
[header: 0]
[label_column: ]
[weight_column: ]
[group_column: ]
[ignore_column: ]
[categorical_feature: ]
[forcedbins_filename: ]
[precise_float_parser: 0]
[parser_config_file: ]
[objective_seed: 5]
[num_class: 1]
[is_unbalance: 0]
[scale_pos_weight: 1]
[sigmoid: 1]
[boost_from_average: 1]
[reg_sqrt: 0]
[alpha: 0.9]
[fair_c: 1]
[poisson_max_delta_step: 0.7]
[tweedie_variance_power: 1.5]
[lambdarank_truncation_level: 30]
[lambdarank_norm: 1]
[label_gain: ]
[lambdarank_position_bias_regularization: 0]
[eval_at: ]
[multi_error_top_k: 1]
[auc_mu_weights: ]
[num_machines: 1]
[local_listen_port: 12400]
[time_out: 120]
[machine_list_filename: ]
[machines: ]
[gpu_platform_id: -1]
[gpu_device_id: -1]
[gpu_use_dp: 0]
[num_gpu: 1]

end of parameters

pandas_categorical:[]
