tree
version=v4
num_class=1
num_tree_per_iteration=1
label_index=0
max_feature_idx=4
objective=binary sigmoid:1
feature_names=facility_enc acuity_enc bleeding_enc pregnant age
feature_infos=[0:8] [0:2] [0:2] [0:1] [0:90]
tree_sizes=1669 1713 1722 1824 1723 1825 1830 1715 1829 1845 1729 1825 1631 1725 1842 1728 1305 1727 1309 1730 1412 1310 1739 1728 1305 1307 1519 1629 1523 1617 1835 1737 1626 1532 1836 1722 1526 1742 1520 1421 1838 1844 1722 1635 1529 1737 1405 1519 1730 1525 1725 1740 1412 1833 1419 1742 1837 1297 1529 1737 1848 1737 1309 1421 1520 1848 1627 1631 1749 1517 1630 1418 1739 1851 1725 1740 1751 1731 1741 1524 1739 1741 1418 995 1415 1644 1839 1523 1099 1627 1851 1739 1213 1101 1747 1736 1737 1843 993 1093 1633 1738 1737 1521 1640 1421 1535 1758 1535 1534 1422 1199 1635 1220 1102 1099 1218 1742 1739 1735 1219 1526 1206 1640 1743 1219 1640 1752 1529 1645 1314 1739 1748 894 1103 1639 1001 1745 1729 1226 1422 1752 1644 1423 1757 1211 1637 1635 1641 1109

Tree=0
num_leaves=15
num_cat=0
split_feature=0 1 0 2 4 4 2 4 4 4 4 4 4 0
split_gain=174.693 390.713 463.685 5.66854 4.84582 4.43939 3.35516 4.08805 3.33121 8.10404 3.15502 2.33536 1.15362 0.84873
threshold=1.5000000000000002 1.0000000180025095e-35 1.0000000180025095e-35 1.5000000000000002 45.500000000000007 27.500000000000004 1.0000000180025095e-35 3.5000000000000004 22.500000000000004 23.500000000000004 39.500000000000007 53.500000000000007 24.500000000000004 7.5000000000000009
decision_type=2 2 2 2 2 2 2 2 2 2 2 2 2 2
left_child=1 2 10 4 -3 -4 7 -2 13 -10 -1 -9 -5 -8
right_child=6 3 5 12 -6 -7 8 11 9 -11 -12 -13 -14 -15
leaf_value=-2.7012432157703228 -2.6536523479587228 -2.7609369335857346 -2.004176975471009 -2.6400549571554088 -2.8232236924913163 -1.8835455779164729 -2.8274143536894476 -2.7713844075740468 -2.6276936927887595 -2.7964469740070399 -2.7993993806317472 -2.8137993951977571 -2.7185014425591447 -2.789798374862793
leaf_weight=5.0429844483733177 1.6809948161244381 25.999386489391327 2.8576911874115467 1.5689284950494755 11.542831070721148 6.1636476591229439 28.913110837340355 38.55081444978714 1.8490942977368821 121.08765992149711 3.5861222743988037 10.590267341583965 5.099017608910799 4.4266196824610224
leaf_count=90 30 464 51 28 206 110 516 688 33 2161 64 189 91 79
internal_value=-2.75895 -2.64098 -2.32278 -2.76802 -2.78009 -1.92176 -2.79418 -2.77633 -2.79999 -2.79391 -2.74204 -2.78053 -2.70004 -2.82242
internal_weight=268.959 61.8606 17.6504 44.2102 37.5422 9.02134 207.099 50.8221 156.276 122.937 8.62911 49.1411 6.66795 33.3397
internal_count=4800 1104 315 789 670 161 3696 907 2789 2194 154 877 119 595
is_linear=0
shrinkage=1


Tree=1
num_leaves=15
num_cat=0
split_feature=0 1 0 2 4 2 4 4 4 4 4 4 0 1
split_gain=126.857 179.949 117.127 4.66555 4.45139 3.0938 3.24991 3.20608 6.49489 2.5909 2.36375 2.14762 0.834453 0.804956
threshold=1.5000000000000002 1.0000000180025095e-35 1.0000000180025095e-35 1.5000000000000002 45.500000000000007 1.0000000180025095e-35 3.5000000000000004 22.500000000000004 23.500000000000004 39.500000000000007 18.500000000000004 53.500000000000007 7.5000000000000009 1.5000000000000002
decision_type=2 2 2 2 2 2 2 2 2 2 2 2 2 2
left_child=1 2 9 4 -3 6 -2 12 -9 -1 -4 -8 -7 -5
right_child=5 3 10 13 -6 7 11 8 -10 -11 -12 -13 -14 -15
leaf_value=0.050353146690945899 0.087981549421491265 -0.0018339637451218254 0.43637724986797127 0.013901178834169789 -0.062744853740363413 -0.06709523445164331 -0.011573914573026247 0.10711803346759936 -0.035711955738155096 -0.038628680643438516 0.3589221118740516 -0.053080677877460111 -0.029200753896048703 0.070904418068128167
leaf_weight=5.3049259632825869 1.8431795015931118 25.953851699829102 3.0351377502083805 2.4174357019364825 10.904989205300806 27.213943898677829 38.130459427833557 2.0736388564109793 117.14420288056135 3.4602787494659424 14.90443307161331 10.089081466197966 4.3077191971242419 4.6067398972809315
leaf_count=90 30 464 29 41 206 516 688 33 2161 64 132 189 79 78
internal_value=-0.00107544 0.0911753 0.254915 -0.00846767 -0.0198549 -0.0335042 -0.0162734 -0.0392269 -0.0332276 0.0152254 0.372026 -0.0202585 -0.0619166 0.0512862
internal_weight=271.39 70.5878 26.7048 43.883 36.8588 200.802 50.0627 150.74 119.218 8.7652 17.9396 48.2195 31.5217 7.02418
internal_count=4800 1104 315 789 670 3696 907 2789 2194 154 161 877 595 119
is_linear=0
shrinkage=0.08


Tree=2
num_leaves=15
num_cat=0
split_feature=0 1 0 2 4 2 4 4 0 4 4 2 4 1
split_gain=101.111 115.858 61.1649 3.86351 4.0804 2.84239 3.11171 2.6219 2.39594 2.1424 1.96891 1.40289 0.753508 0.663857
threshold=1.5000000000000002 1.0000000180025095e-35 1.0000000180025095e-35 1.5000000000000002 45.500000000000007 1.0000000180025095e-35 19.500000000000004 3.5000000000000004 5.5000000000000009 39.500000000000007 53.500000000000007 1.5000000000000002 24.500000000000004 1.0000000180025095e-35
decision_type=2 2 2 2 2 2 2 2 2 2 2 2 2 2
left_child=1 2 9 4 -3 7 13 -2 -8 -1 -9 -4 -5 -7
right_child=5 3 11 12 -6 6 8 10 -10 -11 -12 -13 -14 -15
leaf_value=0.044250773283678012 0.074770587827784243 -0.0016900906125306375 0.26784807544346723 0.089612079250135451 -0.061190209616757633 -0.084475318641597866 -0.022549831225459799 -0.010762127846601154 -0.045183183285672217 -0.03683180878910413 -0.051298948241931319 0.20823035170501336 0.030284733249537021 -0.055223115940860316
leaf_weight=5.5428171157836896 1.9885658472776402 25.911943376064301 20.389802366495136 1.8219645917415608 10.31200474500656 7.1198733523488071 69.477512210607529 37.742821097373962 52.592222604900599 3.3436799049377441 9.6237304396927339 2.8833416402339926 5.5246920064091682 16.406992711126804
leaf_count=90 30 464 141 28 206 142 1321 688 999 64 189 20 91 327
internal_value=-0.00133735 0.0771117 0.192287 -0.0078999 -0.0186282 -0.0318114 -0.0374356 -0.0152202 -0.0323011 0.0137422 -0.0189982 0.260462 0.0449979 -0.0640756
internal_weight=270.682 75.7302 32.1596 43.5706 36.2239 194.952 145.597 49.3551 122.07 8.8865 47.3666 23.2731 7.34666 23.5269
internal_count=4800 1104 315 789 670 3696 2789 907 2320 154 877 161 119 469
is_linear=0
shrinkage=0.08


Tree=3
num_leaves=16
num_cat=0
split_feature=0 1 0 2 4 2 4 0 4 4 4 0 2 4 4
split_gain=82.6109 81.9703 38.3574 3.21399 3.73224 2.60038 2.98767 2.22645 2.20459 2.86104 1.85448 1.27755 1.2639 0.695712 0.641196
threshold=1.5000000000000002 1.0000000180025095e-35 1.0000000180025095e-35 1.5000000000000002 45.500000000000007 1.0000000180025095e-35 19.500000000000004 5.5000000000000009 53.500000000000007 51.500000000000007 32.500000000000007 4.5000000000000009 1.0000000180025095e-35 14.500000000000002 40.500000000000007
decision_type=2 2 2 2 2 2 2 2 2 2 2 2 2 2 2
left_child=1 2 10 4 -3 8 13 -8 9 -2 -1 -10 -4 -7 -5
right_child=5 3 12 14 -6 6 7 -9 11 -11 -12 -13 -14 -15 -16
leaf_value=-0.027300540295813552 -0.009813758323576836 -0.0015573023658686036 0.1655644803533535 0.05965966848289183 -0.059611629830670428 -0.05331538215340715 -0.021184535373693518 -0.04335011739769163 -0.084322559177988352 0.11586344280472982 0.045641148545866768 -0.02395826979106027 0.21087171532179369 -0.084197597476442218 0.012776401396209811
leaf_weight=4.0954213142395002 38.309348434209824 25.873374581336975 4.7773101329803493 4.3906853124499312 9.7610743418335897 15.540455143898727 68.097678199410439 50.517792396247387 3.8907504081726056 1.1954638808965672 4.8994602710008621 5.3011474311351776 22.497623890638351 6.6735242679715148 3.2480674386024475
leaf_count=64 696 464 28 67 206 328 1321 999 80 22 90 109 133 141 52
internal_value=-0.00143973 0.0669846 0.155691 -0.00736532 -0.0174597 -0.030157 -0.0356673 -0.0306248 -0.0142213 -0.00601061 0.0124304 -0.0495093 0.202936 -0.062593 0.0397245
internal_weight=269.069 79.543 36.2698 43.2732 35.6344 189.526 140.829 118.615 48.6967 39.5048 8.99488 9.1919 27.2749 22.214 7.63875
internal_count=4800 1104 315 789 670 3696 2789 2320 907 718 154 189 161 469 119
is_linear=0
shrinkage=0.08


Tree=4
num_leaves=15
num_cat=0
split_feature=0 1 0 4 4 2 4 4 4 4 4 0 0 2
split_gain=68.4171 61.0519 26.4633 2.75863 2.56117 2.36887 2.86449 5.60619 2.14165 1.96689 1.93325 1.47837 0.922519 0.766404
threshold=1.5000000000000002 1.0000000180025095e-35 1.0000000180025095e-35 50.500000000000007 3.5000000000000004 1.0000000180025095e-35 22.500000000000004 23.500000000000004 3.5000000000000004 39.500000000000007 12.500000000000002 1.0000000180025095e-35 7.5000000000000009 1.0000000180025095e-35
decision_type=2 2 2 2 2 2 2 2 2 2 2 2 2 2
left_child=1 2 9 4 -3 8 12 -8 -2 -1 -10 -5 -7 -4
right_child=5 3 13 11 -6 6 7 -9 10 -11 -12 -13 -14 -15
leaf_value=0.039774017857234813 0.065685578562680022 -0.085332395920257764 0.13886934600084588 -0.017589084143013963 0.0086848519834691225 -0.063261337191569358 0.099580917153008777 -0.030745266851259653 -0.084847644099914687 -0.037246499474872581 -0.012934362378345381 -0.084164012719333922 -0.020597644377252859 0.17255592762933578
leaf_weight=5.730255186557768 2.101837992668151 1.967040292918681 5.2188725620508221 4.7884687073528749 32.384393714368343 23.185367736965421 2.1548615247011176 107.30125410109758 2.5318549796938887 3.3699667453765869 43.462762482464314 3.85193045809865 3.7712962292134753 25.162790223956108
leaf_count=90 30 34 28 99 573 516 33 2161 47 64 830 83 79 133
internal_value=-0.00147446 0.0590989 0.130924 -0.00686217 0.00330121 -0.0285501 -0.0339326 -0.0281795 -0.0132842 0.011252 -0.016893 -0.0472685 -0.0572926 0.166769
internal_weight=266.983 82.4737 39.4819 42.9918 34.3514 184.509 136.413 109.456 48.0965 9.10022 45.9946 8.6404 26.9567 30.3817
internal_count=4800 1104 315 789 607 3696 2789 2194 907 154 877 182 595 161
is_linear=0
shrinkage=0.08


Tree=5
num_leaves=16
num_cat=0
split_feature=0 1 0 2 4 2 4 3 4 4 4 0 1 2 4
split_gain=57.1589 47.0346 19.3559 2.66776 3.18969 2.15314 2.75728 2.16148 2.01975 2.31829 1.71756 1.26929 0.7564 0.74109 0.69131
threshold=1.5000000000000002 1.0000000180025095e-35 1.0000000180025095e-35 1.5000000000000002 45.500000000000007 1.0000000180025095e-35 19.500000000000004 1.0000000180025095e-35 53.500000000000007 36.500000000000007 32.500000000000007 4.5000000000000009 1.0000000180025095e-35 1.5000000000000002 48.500000000000007
decision_type=2 2 2 2 2 2 2 2 2 2 2 2 2 2 2
left_child=1 2 10 4 -3 8 12 -8 9 -2 -1 -10 -7 -4 -5
right_child=5 3 13 14 -6 6 7 -9 11 -11 -12 -13 -14 -15 -16
leaf_value=-0.028001184006251432 -0.020358468885236354 -0.0016579035994617383 0.14603765388864362 0.021965756431532951 -0.057036110867798105 -0.083649992720146768 -0.02957674669296714 0.028587854659306348 -0.083921953942721395 0.019634275648356427 0.041511523539587349 -0.021765486641184814 -0.049538387590568542 0.109294230332559 0.076677688131990801
leaf_weight=4.1396818161010724 23.528107143938541 25.901852920651436 28.811963573098183 5.9079366624355307 8.9589657038450223 5.9152969345450428 108.13427255302668 4.2496722675859919 3.56394976377487 15.314758975058792 5.0501540899276733 5.1281632408499718 14.022727802395819 4.0009542703628531 1.9712063632905481
leaf_count=64 433 464 141 87 206 142 2233 87 80 285 90 109 327 20 32
internal_value=-0.00147254 0.0526963 0.112817 -0.00638764 -0.0158897 -0.0269951 -0.0322414 -0.0273773 -0.0123911 -0.00459034 0.0101986 -0.0472509 -0.0596588 0.141557 0.0356536
internal_weight=264.6 84.7427 42.0028 42.74 34.8608 179.857 132.322 112.384 47.535 38.8429 9.18984 8.69211 19.938 32.8129 7.87914
internal_count=4800 1104 315 789 670 3696 2789 2320 907 718 154 189 469 161 119
is_linear=0
shrinkage=0.08


Tree=6
num_leaves=16
num_cat=0
split_feature=0 1 0 4 4 2 4 0 4 4 4 1 0 4 4
split_gain=48.0336 37.079 14.7421 2.28836 2.33254 1.94736 2.61836 2.15595 1.81995 2.11142 1.81376 1.56928 1.24263 0.789682 0.714501
threshold=1.5000000000000002 1.0000000180025095e-35 1.0000000180025095e-35 50.500000000000007 3.5000000000000004 1.0000000180025095e-35 19.500000000000004 5.5000000000000009 53.500000000000007 51.500000000000007 39.500000000000007 1.5000000000000002 4.5000000000000009 14.500000000000002 59.500000000000007
decision_type=2 2 2 2 2 2 2 2 2 2 2 2 2 2 2
left_child=1 2 10 4 -3 8 13 -8 9 -2 -1 -5 -10 -7 -4
right_child=5 3 14 11 -6 6 7 -9 12 -11 -12 -13 -14 -15 -16
leaf_value=0.03604272980543357 -0.0077816640888676613 -0.084917355109785875 0.11819263582802045 -0.083959981056926342 0.0079573734610154864 -0.047535604207576271 -0.016286484001552314 -0.03900899372457154 -0.08360625381006824 0.094748335568633935 -0.037446219120890606 -0.012859073017070705 -0.020438574304222454 -0.083437303556913187 0.15155127028419721
leaf_weight=5.8951535820960981 37.360171116888523 1.8276480138301838 29.955486804246902 3.5654565021395666 32.614974871277809 13.326402850449087 63.526688687503338 46.130340028554201 3.3018583059310895 1.3312469273805607 3.3827576637268066 4.486711423844099 5.0284641534090042 5.5557160004973403 4.7626172304153434
leaf_count=90 696 34 139 82 573 328 1321 999 80 22 64 100 109 141 22
internal_value=-0.00144702 0.0473505 0.0988295 -0.00594708 0.00302911 -0.0254873 -0.0305833 -0.0258454 -0.0115568 -0.00425394 0.00924841 -0.0443422 -0.0454761 -0.058099 0.122769
internal_weight=262.052 86.4908 43.996 42.4948 34.4426 175.561 128.539 109.657 47.0217 38.6914 9.27791 8.05217 8.33032 18.8821 34.7181
internal_count=4800 1104 315 789 607 3696 2789 2320 907 718 154 182 189 469 161
is_linear=0
shrinkage=0.08


Tree=7
num_leaves=15
num_cat=0
split_feature=0 1 0 2 4 2 4 4 4 4 4 0 4 4
split_gain=40.5317 29.7375 11.5427 2.23335 2.72235 1.75497 2.47719 4.79299 1.81519 1.85142 1.59521 0.995726 0.610083 0.555647
threshold=1.5000000000000002 1.0000000180025095e-35 1.0000000180025095e-35 1.5000000000000002 45.500000000000007 1.0000000180025095e-35 22.500000000000004 23.500000000000004 3.5000000000000004 12.500000000000002 32.500000000000007 7.5000000000000009 48.500000000000007 25.500000000000004
decision_type=2 2 2 2 2 2 2 2 2 2 2 2 2 2
left_child=1 2 10 4 -3 8 11 -8 -2 -10 -1 -7 -5 -4
right_child=5 3 13 12 -6 6 7 -9 9 -11 -12 -13 -14 -15
leaf_value=-0.028449210410508297 0.06067612425389849 -0.0017331577567506406 0.092254920013870992 0.01945277971243474 -0.054465206399386984 -0.059291859976713587 0.09210024734224001 -0.02618832425045205 -0.084329732285124331 -0.010454062337251487 0.038025123865708922 -0.01217999773666897 0.069937434066790205 0.11429411375108769
leaf_weight=4.1684250831603986 2.1696489304304114 25.921775139868259 10.187880799174307 6.038693353533743 8.2631407678127271 19.933844134211544 2.2416905313730231 99.50772538036108 2.2892173118889323 42.08415462449193 5.1833554655313492 3.3543118573725215 2.0527296736836433 26.01985390484333
leaf_count=64 30 464 46 87 206 516 33 2161 47 830 90 79 32 115
internal_value=-0.00140795 0.0427884 0.0876284 -0.00553379 -0.0144795 -0.024033 -0.0289693 -0.0235823 -0.0107718 -0.0142653 0.00839512 -0.0525061 0.0322603 0.108093
internal_weight=259.416 87.8359 45.5595 42.2763 34.1849 171.581 125.038 101.749 46.543 44.3734 9.35178 23.2882 8.09142 36.2077
internal_count=4800 1104 315 789 670 3696 2789 2194 907 877 154 595 119 161
is_linear=0
shrinkage=0.08


Tree=8
num_leaves=16
num_cat=0
split_feature=0 1 0 4 4 0 2 4 4 4 4 1 4 4 2
split_gain=34.3107 24.1521 9.23655 1.89678 2.12656 1.68956 2.44076 2.25507 2.08832 1.94596 1.67802 1.54653 0.953004 0.869622 0.553273
threshold=1.5000000000000002 1.0000000180025095e-35 1.0000000180025095e-35 50.500000000000007 3.5000000000000004 5.5000000000000009 1.5000000000000002 22.500000000000004 23.500000000000004 52.500000000000007 39.500000000000007 1.5000000000000002 20.500000000000004 65.500000000000014 1.5000000000000002
decision_type=2 2 2 2 2 2 2 2 2 2 2 2 2 2 2
left_child=1 2 10 4 -3 7 9 12 -9 -7 -1 -5 -2 -8 -4
right_child=5 3 14 11 -6 6 13 8 -10 -11 -12 -13 -14 -15 -16
leaf_value=0.032889311973910561 -0.03320627190465842 -0.084534643778087767 0.099872666403395607 -0.083612872508213323 0.007307212807764924 -0.01839866226432434 -0.075239043135210321 0.069878935373304987 -0.011982145788246586 -0.053265154167496657 -0.037473278885041136 -0.010334453124891164 -0.083885183703499053 0.0085290642800142907 0.07010411808188774
leaf_weight=6.0407898277044279 15.842416048049929 1.6969489902257908 32.807893663644791 3.2069300748407832 32.822295628488064 47.454308863729239 9.3764999471604789 2.0478706881403914 76.44547801092267 13.065261069685219 3.3844969272613525 4.3347706682980061 2.7935073077678672 0.86643695831298906 4.5499584674835196
leaf_count=90 396 34 141 82 573 1041 220 31 1627 297 64 100 64 20 20
internal_value=-0.00136134 0.038842 0.0783922 -0.00514847 0.00279231 -0.0226359 -0.0320383 -0.015786 -0.00984641 -0.0259258 0.00762303 -0.0414944 -0.040803 -0.0681532 0.096247
internal_weight=256.736 88.8441 46.7831 42.0609 34.5192 167.892 70.7625 97.1293 78.4933 60.5196 9.42529 7.5417 18.6359 10.2429 37.3579
internal_count=4800 1104 315 789 607 3696 1578 2118 1658 1338 154 182 460 240 161
is_linear=0
shrinkage=0.08


Tree=9
num_leaves=16
num_cat=0
split_feature=0 1 0 2 4 2 4 3 4 4 4 0 1 2 4
split_gain=29.103 19.8155 7.50399 1.87468 2.31579 1.57198 2.36254 1.94465 1.62173 1.91002 1.48447 1.30027 0.873033 0.558788 0.541832
threshold=1.5000000000000002 1.0000000180025095e-35 1.0000000180025095e-35 1.5000000000000002 45.500000000000007 1.0000000180025095e-35 19.500000000000004 1.0000000180025095e-35 53.500000000000007 36.500000000000007 32.500000000000007 4.5000000000000009 1.0000000180025095e-35 1.0000000180025095e-35 48.500000000000007
decision_type=2 2 2 2 2 2 2 2 2 2 2 2 2 2 2
left_child=1 2 10 4 -3 8 12 -8 9 -2 -1 -10 -7 -4 -5
right_child=5 3 13 14 -6 6 7 -9 11 -11 -12 -13 -14 -15 -16
leaf_value=-0.028695358685466667 -0.016651688980168434 -0.0017874226779665595 0.065224613224348749 0.017262758552805645 -0.051874768010737517 -0.082912573827597633 -0.023834645365284023 0.032266239474034335 -0.08324341307073993 0.020075733214045238 0.035042760912381538 -0.015822658071039674 -0.042422203017703809 0.090830899232478918 0.064085027998004321
leaf_weight=4.1843657493591291 22.331344295293093 25.934672646224499 6.5899573713541022 6.1568148769438249 7.6505167074501506 4.7935356423258808 98.510657455772161 4.1197793669998637 2.9955908656120291 15.251484166830776 5.3015517145395279 4.7080085650086403 11.791382066905497 31.647886708378792 2.1286236010491848
leaf_count=64 433 464 28 87 206 142 2233 87 80 285 90 109 327 133 32
internal_value=-0.00130899 0.0353774 0.0706177 -0.00478924 -0.013197 -0.0212899 -0.0261099 -0.0215827 -0.00860139 -0.00174734 0.00692702 -0.0420396 -0.0541251 0.0864179 0.0292919
internal_weight=254.096 89.5944 47.7238 41.8706 33.5852 164.502 119.215 102.63 45.2864 37.5828 9.48592 7.7036 16.5849 38.2378 8.28544
internal_count=4800 1104 315 789 670 3696 2789 2320 907 718 154 189 469 161 119
is_linear=0
shrinkage=0.08


Tree=10
num_leaves=15
num_cat=0
split_feature=0 1 0 4 4 0 2 4 4 4 4 4 4 4
split_gain=24.7274 16.3762 6.17367 1.62535 2.33752 1.56857 2.34628 1.91957 1.83908 1.72574 1.55613 0.990049 0.854726 0.509615
threshold=1.5000000000000002 1.0000000180025095e-35 1.0000000180025095e-35 3.5000000000000004 9.5000000000000018 5.5000000000000009 1.5000000000000002 22.500000000000004 52.500000000000007 23.500000000000004 39.500000000000007 20.500000000000004 65.500000000000014 59.500000000000007
decision_type=2 2 2 2 2 2 2 2 2 2 2 2 2 2
left_child=1 2 10 -3 -5 7 8 11 -7 -9 -1 -2 -8 -4
right_child=5 3 13 4 -6 6 12 9 -10 -11 -12 -13 -14 -15
leaf_value=0.030191367506527428 -0.029431946438070934 -0.084181722951352719 0.074430947859650806 0.086195564355056348 -0.0055847578554775448 -0.01595616523794335 -0.074039431071208583 0.063000548518053853 -0.05088144559227014 -0.0099073132993359701 -0.037359603257352395 -0.083502073424783455 0.009881693609073346 0.10100770282190431
leaf_weight=6.1698977351188642 14.803786875680091 1.5746051892638195 33.545590355992317 1.8624572977423657 38.244433971121907 45.846650658175349 8.5376193616539204 2.1374923884868613 12.221704192459582 74.418925791978836 3.3771994113922119 2.5390368923544875 0.85445418953895647 5.3547031581401816
leaf_count=90 396 34 139 31 724 1041 220 31 297 1627 64 64 20 22
internal_value=-0.00125341 0.0323115 0.0639416 -0.00445289 -0.00132272 -0.0200014 -0.0293071 -0.0133158 -0.0233069 -0.00787169 0.00629582 -0.037348 -0.0664046 0.0780893
internal_weight=251.489 90.1289 48.4474 41.6815 40.1069 161.36 67.4604 93.8992 58.0684 76.5564 9.5471 17.3428 9.39207 38.9003
internal_count=4800 1104 315 789 755 3696 1578 2118 1338 1658 154 460 240 161
is_linear=0
shrinkage=0.08


Tree=11
num_leaves=16
num_cat=0
split_feature=0 1 0 2 4 0 2 1 4 4 4 4 4 4 2
split_gain=21.0324 13.6187 5.12381 1.57001 2.0943 1.41047 2.22951 1.7402 1.72069 1.40143 1.38324 0.968387 0.880549 0.560082 0.480066
threshold=1.5000000000000002 1.0000000180025095e-35 1.0000000180025095e-35 1.5000000000000002 45.500000000000007 5.5000000000000009 1.5000000000000002 1.5000000000000002 22.500000000000004 23.500000000000004 32.500000000000007 20.500000000000004 66.500000000000014 40.500000000000007 1.5000000000000002
decision_type=2 2 2 2 2 2 2 2 2 2 2 2 2 2 2
left_child=1 2 10 4 -3 8 7 -7 11 -10 -1 -2 -8 -5 -4
right_child=5 3 14 13 -6 6 12 -9 9 -11 -12 -13 -14 -15 -16
leaf_value=-0.02877810378466425 -0.02785156520306321 -0.0013302207559668323 0.074213731621036866 0.044246940996680147 -0.049982801079010215 -0.010347925141217849 -0.073192257554799162 -0.038844442565448688 0.054839899363610389 -0.0092002405530127625 0.032461334114277735 -0.083221833157170091 0.0138898407336143 0.0026170439608957413 0.04727162846001836
leaf_weight=4.189748287200926 14.409047005698087 25.798164010047913 34.563479527831078 4.8784565925598127 7.2548536993563166 33.751200456172228 8.0178810078650677 23.103152245283127 2.2538163363933554 73.75582243129611 5.4068288654088974 2.3513981848955146 0.81906483694911081 3.5906897485256195 4.82337962090969
leaf_count=64 396 464 141 67 206 797 221 541 31 1627 90 64 19 52 20
internal_value=-0.00119605 0.0295711 0.0581428 -0.00413469 -0.012009 -0.0187688 -0.0277381 -0.0219277 -0.0124175 -0.00730134 0.00572494 -0.0356197 -0.0651209 0.026597 0.0709144
internal_weight=248.967 90.5056 48.9834 41.5222 33.053 158.461 65.6913 56.8544 92.7701 76.0096 9.59658 16.7604 8.83695 8.46915 39.3869
internal_count=4800 1104 315 789 670 3696 1578 1338 2118 1658 154 460 240 119 161
is_linear=0
shrinkage=0.08


Tree=12
num_leaves=14
num_cat=0
split_feature=0 1 0 4 4 4 2 4 4 4 3 4 2
split_gain=17.9044 11.3781 4.28643 1.52256 1.777 1.44553 1.38433 2.17935 1.71712 1.77566 1.66627 0.959545 0.479411
threshold=1.5000000000000002 1.0000000180025095e-35 1.0000000180025095e-35 3.5000000000000004 9.5000000000000018 39.500000000000007 1.0000000180025095e-35 19.500000000000004 3.5000000000000004 12.500000000000002 1.0000000180025095e-35 14.500000000000002 1.0000000180025095e-35
decision_type=2 2 2 2 2 2 2 2 2 2 2 2 2
left_child=1 2 5 -3 -5 -1 8 11 -2 -10 -9 -8 -4
right_child=6 3 12 4 -6 -7 7 10 9 -11 -12 -13 -14
leaf_value=0.027857562318435242 0.064857687056329008 -0.083889992563545249 0.045429075248354878 0.072212430301668254 -0.0047992994059806058 -0.037129829363500046 -0.037854914580756079 -0.020124904250963339 -0.083625939634461577 -0.0054031740855164821 0.031773258872946637 -0.082621848346213445 0.068671981442459909
leaf_weight=6.2847697585821134 2.1127416938543311 1.466836031526326 6.8661039918661109 2.0198678746819487 37.868499998003244 3.3625338077545166 10.677181543782352 93.076507240533829 1.9488166607916344 39.534809079021215 4.1352281980216494 4.297719992697238 32.862135291099548
leaf_count=90 30 34 28 31 724 64 328 2233 47 830 87 141 133
internal_value=-0.00113856 0.0271123 0.0530396 -0.00384318 -0.000899578 0.00520643 -0.0175924 -0.0222935 -0.0054949 -0.00907792 -0.0179172 -0.0507028 0.064655
internal_weight=246.514 90.7307 49.3755 41.3552 39.8884 9.6473 155.783 112.187 43.5964 41.4836 97.2117 14.9749 39.7282
internal_count=4800 1104 315 789 755 154 3696 2789 907 877 2320 469 161
is_linear=0
shrinkage=0.08


Tree=13
num_leaves=15
num_cat=0
split_feature=0 1 0 4 4 4 0 2 4 4 4 4 4 4
split_gain=15.2498 9.54367 3.60419 1.40565 1.64017 1.28995 1.27967 2.12495 1.80064 1.43639 1.17976 1.15749 0.994392 0.475399
threshold=1.5000000000000002 1.0000000180025095e-35 1.0000000180025095e-35 3.5000000000000004 50.500000000000007 32.500000000000007 5.5000000000000009 1.5000000000000002 63.500000000000007 22.500000000000004 69.500000000000014 23.500000000000004 20.500000000000004 27.500000000000004
decision_type=2 2 2 2 2 2 2 2 2 2 2 2 2 2
left_child=1 2 5 -3 -5 -1 9 8 -8 12 -9 -11 -2 -4
right_child=6 3 13 4 -6 -7 7 10 -10 11 -12 -13 -14 -15
leaf_value=-0.02872719412815539 -0.024337573900938124 -0.083577880634600046 0.046255940448429927 0.0065194310898948216 -0.03663362884776835 0.030203027830460236 -0.0150873209802576 -0.0722480102949766 -0.066519916239997631 0.049729156143169466 0.040663257151850818 -0.0075231893480777199 -0.082926141113764035 0.065043404264932964
leaf_weight=4.1864356994628888 13.583335245028136 1.3589113764464844 12.581707328557966 33.060973480343819 6.7956254109740248 5.50094173848629 50.095426954329014 7.5064737647771818 4.7713406495749942 2.333019644021987 0.64297171309590329 72.222351424396038 2.1470641493797293 27.374533534049988
leaf_count=64 396 34 51 573 182 90 1212 225 126 31 15 1627 64 110
internal_value=-0.00108095 0.0248892 0.0485136 -0.00356625 -0.000838247 0.00473612 -0.0164729 -0.0252217 -0.01956 -0.0103666 -0.0633396 -0.00573162 -0.0323344 0.0591275
internal_weight=244.161 90.8591 49.6436 41.2155 39.8566 9.68738 153.302 63.0162 54.8668 90.2858 8.14945 74.5554 15.7304 39.9562
internal_count=4800 1104 315 789 755 154 3696 1578 1338 2118 240 1658 460 161
is_linear=0
shrinkage=0.08


Tree=14
num_leaves=16
num_cat=0
split_feature=0 1 0 4 2 4 2 4 4 4 4 4 1 4 2
split_gain=12.9943 8.02864 3.04603 1.34433 1.32883 1.76978 1.21767 2.00291 1.73596 2.64545 1.92776 1.64596 0.990211 0.579374 0.425193
threshold=1.5000000000000002 1.0000000180025095e-35 1.0000000180025095e-35 39.500000000000007 1.5000000000000002 45.500000000000007 1.0000000180025095e-35 19.500000000000004 18.500000000000004 15.500000000000002 26.500000000000004 36.500000000000007 1.0000000180025095e-35 48.500000000000007 1.5000000000000002
decision_type=2 2 2 2 2 2 2 2 2 2 2 2 2 2 2
left_child=1 2 3 -1 5 -3 8 12 9 -2 -10 -9 -8 -6 -4
right_child=6 4 14 -5 13 -7 7 11 10 -11 -12 -13 -14 -15 -16
leaf_value=0.025818490610690772 0.0062505638107735245 -0.0011602226351051898 0.057298346574253846 -0.036803345732889986 0.012547230186937649 -0.047216633320469416 -0.082354829856030445 -0.0024005158556929503 -0.054881698484829919 0.12596577575569951 -0.0031793344678552205 -0.024119264501337931 -0.034915708846526214 0.060269185642852559 0.032240760958710923
leaf_weight=6.3873344957828504 5.2607817873358718 25.739342153072357 35.145728603005409 3.3418891429901123 6.4223121516406518 6.7374158445745698 3.9113076627254477 36.365165455266833 5.4355327896773806 1.5234656631946562 30.590712256729603 57.871571779251099 10.055983567610381 2.1811420544981956 4.9436127245426169
leaf_count=90 105 464 141 64 87 206 142 887 114 33 655 1433 327 32 20
internal_value=-0.00102504 0.0228733 0.0444633 0.00430853 -0.00330922 -0.0107148 -0.0154099 -0.0199285 -0.00398926 0.0331337 -0.01098 -0.0157382 -0.0482002 0.0246457 0.0542084
internal_weight=241.913 90.8988 49.8186 9.72922 41.0802 32.4768 151.015 108.204 42.8105 6.78425 36.0262 94.2367 13.9673 8.60345 40.0893
internal_count=4800 1104 315 154 789 670 3696 2789 907 138 769 2320 469 119 161
is_linear=0
shrinkage=0.08


Tree=15
num_leaves=15
num_cat=0
split_feature=0 1 0 4 4 4 0 1 4 0 4 0 4 4
split_gain=11.0762 6.77197 2.58169 1.30713 1.36251 1.20344 1.16036 2.04564 3.58054 2.13347 1.26034 1.03995 0.984649 0.437575
threshold=1.5000000000000002 1.0000000180025095e-35 1.0000000180025095e-35 3.5000000000000004 9.5000000000000018 32.500000000000007 5.5000000000000009 1.5000000000000002 33.500000000000007 6.5000000000000009 22.500000000000004 3.5000000000000004 20.500000000000004 59.500000000000007
decision_type=2 2 2 2 2 2 2 2 2 2 2 2 2 2
left_child=1 2 5 -3 -5 -1 10 8 -8 -9 12 -12 -2 -4
right_child=6 3 13 4 -6 -7 7 9 -10 -11 11 -13 -14 -15
leaf_value=-0.028566116208293284 -0.021740857622323504 -0.083301649541275613 0.046467092991480261 0.061214314074913782 -0.0040875811230419983 0.028208168149408963 0.017759640361706044 -0.073761254734693305 -0.032895635491590365 -0.023832525483047515 -0.013785301284681379 0.0052854373372570145 -0.082631701152633588 0.070774235163085258
leaf_weight=4.1759829521179181 13.025374520570036 1.2597828358411778 34.66050697863102 2.1627484634518614 37.522965440526605 5.5853707939386368 15.791513778269289 8.3063426446169633 20.555060567334294 16.0816919375211 36.476949501782656 36.724693387746811 1.954706426709891 5.4907139986753455
leaf_count=64 396 34 139 31 724 90 414 221 527 416 830 828 64 22
internal_value=-0.000974293 0.0210384 0.0408201 -0.00307553 -0.00052883 0.00391969 -0.0144048 -0.022914 -0.0108874 -0.0408378 -0.00854421 -0.00421766 -0.0296863 0.0497911
internal_weight=239.774 90.8581 49.9126 40.9455 39.6857 9.76135 148.916 60.7346 36.3466 24.388 88.1817 73.2016 14.9801 40.1512
internal_count=4800 1104 315 789 755 154 3696 1578 941 637 2118 1658 460 161
is_linear=0
shrinkage=0.08


Tree=16
num_leaves=11
num_cat=0
split_feature=0 1 0 4 4 4 4 4 4 2
split_gain=9.44223 5.7212 2.19466 1.25109 1.20636 1.33621 1.15479 3.08943 1.7812 0.435271
threshold=1.5000000000000002 1.0000000180025095e-35 1.0000000180025095e-35 39.500000000000007 3.5000000000000004 50.500000000000007 83.500000000000014 79.500000000000014 63.500000000000007 1.0000000180025095e-35
decision_type=2 2 2 2 2 2 2 2 2 2
left_child=1 2 3 -1 -3 -6 7 8 -2 -4
right_child=6 4 9 -5 5 -7 -8 -9 -10 -11
leaf_value=0.024020646600521191 -0.01130509661373218 -0.083038474541595561 0.027649746595243031 -0.036395675507297068 0.0059631766034775073 -0.03388167099370188 -0.083377375849873286 0.11440703613933076 -0.045433715955085989 0.049621310377398697
leaf_weight=6.4792169332504255 133.71868568845093 1.1664620786905278 6.9857702106237403 3.3164248466491699 33.236684769392014 6.4283707216382018 1.4961884059011925 1.2129690460860718 10.560030115768312 33.172556295990944
leaf_count=90 3345 34 28 64 573 182 39 31 281 133
internal_value=-0.000924314 0.0193608 0.0375176 0.00356602 -0.00285243 -0.000494332 -0.0134532 -0.0127341 -0.013803 0.0457992
internal_weight=237.773 90.7855 49.954 9.79564 40.8315 39.6651 146.988 145.492 144.279 40.1583
internal_count=4800 1104 315 154 789 755 3696 3657 3626 161
is_linear=0
shrinkage=0.08


Tree=17
num_leaves=15
num_cat=0
split_feature=0 1 4 4 2 4 2 4 4 4 4 3 4 4
split_gain=8.04496 4.84164 2.18752 2.36685 1.12614 1.48733 1.09547 1.9127 1.46236 1.97008 1.82429 1.45696 1.05267 0.526777
threshold=1.5000000000000002 1.0000000180025095e-35 10.500000000000002 18.500000000000004 1.5000000000000002 45.500000000000007 1.0000000180025095e-35 19.500000000000004 18.500000000000004 14.500000000000002 28.500000000000004 1.0000000180025095e-35 14.500000000000002 48.500000000000007
decision_type=2 2 2 2 2 2 2 2 2 2 2 2 2 2
left_child=1 2 -1 -4 5 -3 8 12 9 -2 -10 -9 -8 -6
right_child=6 4 3 -5 13 -7 7 11 10 -11 -12 -13 -14 -15
leaf_value=-0.027468948361090484 0.0021821609363938434 -0.0010653255666560133 0.089148330353359367 0.032548153456868019 0.011279754648715244 -0.044474357072734651 -0.031483376205302636 -0.015022686565144531 -0.046710930986470604 0.093607023269281109 0.00049053743658147787 0.034022566583162217 -0.082202994801453835 0.056280124093580908
leaf_weight=3.395533859729766 4.5872870720922938 25.700560249388221 5.3413670733571044 41.203677423298359 6.4951838552951795 6.2873993068933478 9.4144776836037618 86.477835886180401 6.4280279241502276 2.247541069984436 28.363357564434409 4.0583582092076531 3.6282002422958604 2.2386652491986752
leaf_count=21 92 464 31 263 87 206 328 2233 143 46 626 87 141 32
internal_value=-0.000870817 0.0178272 0.0345211 0.0390434 -0.00264603 -0.0095976 -0.0125454 -0.0169504 -0.00158434 0.032246 -0.00823037 -0.0128242 -0.0455925 0.0228143
internal_weight=235.867 90.6624 49.9406 46.545 40.7218 31.988 145.205 103.579 41.6262 6.83483 34.7914 90.5362 13.0427 8.73385
internal_count=4800 1104 315 294 789 670 3696 2789 907 138 769 2320 469 119
is_linear=0
shrinkage=0.08


Tree=18
num_leaves=11
num_cat=0
split_feature=0 1 0 3 4 4 4 4 4 4
split_gain=6.84418 4.06975 1.91406 1.11138 1.10407 2.39357 1.65592 1.09946 0.979924 0.440476
threshold=1.5000000000000002 1.0000000180025095e-35 1.0000000180025095e-35 1.0000000180025095e-35 83.500000000000014 79.500000000000014 63.500000000000007 32.500000000000007 6.5000000000000009 27.500000000000004
decision_type=2 2 2 2 2 2 2 2 2 2
left_child=1 2 7 8 5 6 -2 -1 -3 -4
right_child=4 3 9 -5 -6 -7 -8 -9 -10 -11
leaf_value=-0.030246904886931675 -0.0096164118555455026 -0.050864981910626925 0.027155349298388833 -0.085000158789430527 -0.083079363712793161 0.095472281967652631 -0.043321281609624708 0.023143786222823832 0.0027977968812002078 0.045177786883750307
leaf_weight=4.2868226096034032 130.79372495226562 2.3129592798650256 12.714955642819403 1.0178367607295502 1.3735201936215151 1.3383665680885304 10.045452501624821 5.8195127099752426 37.280222114175558 27.343642383813858
leaf_count=64 3345 49 51 20 39 31 281 90 720 110
internal_value=-0.000825847 0.0163674 0.0316083 -0.002459 -0.0116982 -0.0110086 -0.0120204 0.00049696 -0.000337082 0.0394573
internal_weight=234.327 90.776 50.1649 40.611 143.551 142.178 140.839 10.1063 39.5932 40.0586
internal_count=4800 1104 315 789 3696 3657 3626 154 769 161
is_linear=0
shrinkage=0.08


Tree=19
num_leaves=15
num_cat=0
split_feature=0 1 4 4 0 2 4 4 4 4 4 4 0 4
split_gain=5.83023 3.45303 1.76506 2.09922 1.03802 2.09019 1.59401 1.23317 1.15316 1.08301 0.963478 2.23299 1.7508 0.701598
threshold=1.5000000000000002 1.0000000180025095e-35 10.500000000000002 18.500000000000004 5.5000000000000009 1.5000000000000002 63.500000000000007 69.500000000000014 9.5000000000000018 1.0000000180025095e-35 50.500000000000007 48.500000000000007 1.0000000180025095e-35 12.500000000000002
decision_type=2 2 2 2 2 2 2 2 2 2 2 2 2 2
left_child=1 2 -1 -4 8 6 -6 -7 9 -2 11 -3 -12 -10
right_child=4 10 3 -5 5 7 -8 -9 13 -11 12 -13 -14 -15
leaf_value=-0.026836395060711751 -0.0018636986154990573 -0.0010112327224670674 0.080259052841483991 0.027055694170103478 -0.0093284855804489 -0.070118098700261963 -0.062362207869090726 0.049776243441318181 0.04520807737839639 -0.082802755248426618 0.0039533372261657766 0.10832987748575194 -0.083021735978803357 -0.0042654562580443532
leaf_weight=3.3639150485396376 1.9488968718796957 33.152573771774769 5.3618719503283492 41.345788218080997 46.384591192007065 6.4667458198964587 3.9348440412431946 0.59998174756765354 1.8784159906208504 2.3145676869899035 3.6355696413666001 1.240077283233403 2.4997017923742533 78.502137720584869
leaf_count=21 55 580 31 263 1212 225 126 15 64 78 99 27 83 1921
internal_value=-0.000775951 0.0150813 0.0291323 0.0331632 -0.0108911 -0.0191972 -0.0134756 -0.0599388 -0.00525982 -0.0458042 -0.00227854 0.00293122 -0.031483 -0.00310931
internal_weight=232.63 90.5995 50.0716 46.7077 142.03 57.3862 50.3194 7.06673 84.644 4.26346 40.5279 34.3927 6.13527 80.3806
internal_count=4800 1104 315 294 3696 1578 1338 240 2118 133 789 607 182 1985
is_linear=0
shrinkage=0.08


Tree=20
num_leaves=12
num_cat=0
split_feature=0 1 0 4 4 4 4 2 4 4 4
split_gain=4.9564 2.91323 1.66309 1.09269 1.04068 1.89397 1.43741 0.921449 1.31159 0.525156 0.410083
threshold=1.5000000000000002 1.0000000180025095e-35 1.0000000180025095e-35 39.500000000000007 83.500000000000014 79.500000000000014 63.500000000000007 1.5000000000000002 45.500000000000007 24.500000000000004 41.500000000000007
decision_type=2 2 2 2 2 2 2 2 2 2 2
left_child=1 2 3 -1 5 6 -2 8 -3 -9 -4
right_child=4 7 10 -5 -6 -7 -8 9 -10 -11 -12
leaf_value=0.016545783789505924 -0.0082293075279341529 -0.00066386751075053307 0.027040412578999681 -0.038561116848907825 -0.082801131976574321 0.081531120636199189 -0.040575540222857046 0.054005062174505451 -0.042315761588283006 0.0092978629018407345 0.043414405443517559
leaf_weight=6.9026198834180814 128.49094533920288 25.58425281569362 22.571905210614204 3.4557652473449707 1.2502727881073941 1.4479675143957127 9.4384096842259151 2.2510677836835367 5.9669318012893191 6.6466782279312611 17.28559122979641
leaf_count=90 3345 464 91 64 39 31 281 28 206 91 70
internal_value=-0.000735831 0.0138492 0.0267196 -0.00183898 -0.010139 -0.00948724 -0.0104427 -0.00212888 -0.00854104 0.0206085 0.0341416
internal_weight=231.292 90.6648 50.2159 10.3584 140.628 139.377 137.929 40.4489 31.5512 8.89775 39.8575
internal_count=4800 1104 315 154 3696 3657 3626 789 670 119 161
is_linear=0
shrinkage=0.08


Tree=21
num_leaves=11
num_cat=0
split_feature=0 1 4 4 4 4 4 4 4 0
split_gain=4.22034 2.47645 1.48588 1.76617 0.975633 1.50963 1.39209 0.885624 1.8313 0.656226
threshold=1.5000000000000002 1.0000000180025095e-35 10.500000000000002 18.500000000000004 83.500000000000014 79.500000000000014 74.500000000000014 6.5000000000000009 10.500000000000002 1.0000000180025095e-35
decision_type=2 2 2 2 2 2 2 2 2 2
left_child=1 2 -1 -4 5 6 -2 9 -9 -3
right_child=4 7 3 -5 -6 -7 -8 8 -10 -11
leaf_value=-0.026742758656088928 -0.0088149490726881774 -0.085173421280619485 0.071421098808652314 0.022731094759293975 -0.082578807994168488 0.069497439271782049 -0.082877648782008428 0.092843427827957223 -0.0024222279509922675 0.0023067463437285969
leaf_weight=3.3584186360239974 134.97159064002335 1.3768329713493579 5.3899419009685507 41.318351157009602 1.1571283228695382 1.5576981268823136 1.6440157014876593 1.3384847790002812 36.726315192878246 0.91253247298300255
leaf_count=21 3576 32 31 263 39 31 50 20 718 19
internal_value=-0.000691265 0.0127681 0.0246542 0.0283497 -0.00942592 -0.00881331 -0.00970621 -0.00197884 0.000927629 -0.0503042
internal_weight=229.751 90.4209 50.0667 46.7083 139.33 138.173 136.616 40.3542 38.0648 2.28937
internal_count=4800 1104 315 294 3696 3657 3626 789 738 51
is_linear=0
shrinkage=0.08


Tree=22
num_leaves=15
num_cat=0
split_feature=0 1 0 4 2 4 4 4 1 1 2 4 4 4
split_gain=3.5857 2.09217 1.43996 1.00954 0.959011 1.82803 1.46057 1.40417 1.37174 1.10379 0.792218 1.16362 0.458948 0.400568
threshold=1.5000000000000002 1.0000000180025095e-35 1.0000000180025095e-35 32.500000000000007 1.0000000180025095e-35 19.500000000000004 74.500000000000014 67.500000000000014 1.5000000000000002 1.0000000180025095e-35 1.5000000000000002 45.500000000000007 40.500000000000007 25.500000000000004
decision_type=2 2 2 2 2 2 2 2 2 2 2 2 2 2
left_child=1 2 3 -1 6 9 7 -2 -7 -6 11 -3 -12 -4
right_child=4 10 13 -5 5 8 -8 -9 -10 -11 12 -13 -14 -15
leaf_value=-0.032608005081097041 0.0021427279583348851 -0.00056342946081303514 0.016953184528952333 0.017504342153752846 -0.081958426950956578 -0.00061549835996625149 -0.083049823969483058 0.10628414744587293 -0.021203473161723486 -0.027443395576131627 0.0343663045666215 -0.040477621589522478 -0.0022207558698891738 0.034739463509877062
leaf_weight=4.4483149126172048 38.008445799350739 25.549939764663581 11.365174919366835 6.102404847741127 3.2635699920356265 51.237746849656105 1.2616280838847149 0.84708357788622279 34.76558312214911 8.7503458186984044 5.2417513132095319 5.7212337851524344 3.7741836421191692 28.239348009228706
leaf_count=64 840 464 46 90 142 1372 39 28 948 327 67 206 52 115
internal_value=-0.00064908 0.0117339 0.022639 -0.00362365 -0.00875675 -0.0130212 0.00166251 0.0044131 -0.00893788 -0.0422524 -0.00184226 -0.00786595 0.0190505 0.0296354
internal_weight=228.577 90.4424 50.1552 10.5507 138.134 98.0172 40.1172 38.8555 86.0033 12.0139 40.2871 31.2712 9.01593 39.6045
internal_count=4800 1104 315 154 3696 2789 907 868 2320 469 789 670 119 161
is_linear=0
shrinkage=0.08


Tree=23
num_leaves=15
num_cat=0
split_feature=0 1 0 4 4 4 0 2 1 4 4 4 4 4
split_gain=3.05426 1.78021 1.22575 1.03698 1.00273 1.00024 0.933053 1.97705 1.58301 1.17664 1.05206 1.05329 1.05113 0.4384
threshold=1.5000000000000002 1.0000000180025095e-35 1.0000000180025095e-35 3.5000000000000004 39.500000000000007 9.5000000000000018 5.5000000000000009 1.5000000000000002 1.5000000000000002 69.500000000000014 22.500000000000004 20.500000000000004 23.500000000000004 18.500000000000004
decision_type=2 2 2 2 2 2 2 2 2 2 2 2 2 2
left_child=1 2 4 -3 -1 -5 10 8 -8 -9 11 -2 -12 -4
right_child=6 3 13 5 -6 -7 7 9 -10 -11 12 -13 -14 -15
leaf_value=0.013931851940847681 -0.014716704440935964 -0.082607763168213069 0.04535097856198534 0.051458207073621365 -0.038637839277438947 -0.0028643694871203591 0.00098324396642307716 -0.068640737451131986 -0.028622536104968881 0.048584005162748564 0.05504988326730622 -0.082253132989360725 -0.00055758717369860857 0.023415184485664424
leaf_weight=7.0576397627592069 11.724562656134365 0.98919079825281997 7.1133165359497061 2.3047815263271323 3.4608919620513916 36.909402392804623 29.396082447841763 5.8759760074317446 19.048905305564404 0.60437064990401257 2.24920580536127 1.6910897102206934 66.441527625545859 32.346185505390167
leaf_count=90 396 34 29 31 64 724 797 225 541 15 31 64 1627 132
internal_value=-0.000613567 0.0108199 0.020901 -0.00171222 -0.00336505 0.000328395 -0.00813801 -0.0162092 -0.010658 -0.0577081 -0.0027388 -0.0232299 0.00126322 0.0273695
internal_weight=227.213 90.1814 49.978 40.2034 10.5185 39.2142 137.032 54.9253 48.445 6.48035 82.1064 13.4157 68.6907 39.4595
internal_count=4800 1104 315 789 154 755 3696 1578 1338 240 2118 460 1658 161
is_linear=0
shrinkage=0.08


Tree=24
num_leaves=11
num_cat=0
split_feature=0 1 4 4 4 4 4 4 4 0
split_gain=2.60133 1.51458 1.2821 1.51335 0.919876 1.27602 1.32273 0.803993 2.73484 0.62274
threshold=1.5000000000000002 1.0000000180025095e-35 10.500000000000002 22.500000000000004 83.500000000000014 79.500000000000014 63.500000000000007 6.5000000000000009 9.5000000000000018 1.0000000180025095e-35
decision_type=2 2 2 2 2 2 2 2 2 2
left_child=1 2 -1 -4 5 6 -2 9 -9 -3
right_child=4 7 3 -5 -6 -7 -8 8 -10 -11
leaf_value=-0.028623554382885712 -0.0057116049257464998 -0.085123352339159006 0.054693815993927287 0.016211563830296122 -0.082329778122590763 0.063670789810418751 -0.037685383856494663 0.12345966990783079 -0.0026421453432820424 0.0013869738264353909
leaf_weight=3.3343523964285842 124.47176842391491 1.2672450561076396 7.8747041523456565 38.595828585326672 1.0450106970965851 1.6163841187953938 8.8707617521285993 1.1346223652362812 36.816675307229161 0.9185388758778571
leaf_count=21 3345 32 47 247 39 31 281 14 724 19
internal_value=-0.000580619 0.0099749 0.0192944 0.0227326 -0.00756118 -0.00698224 -0.0078387 -0.00158938 0.0011279 -0.0487688
internal_weight=225.946 89.942 49.8049 46.4705 136.004 134.959 133.343 40.1371 37.9513 2.18578
internal_count=4800 1104 315 294 3696 3657 3626 789 738 51
is_linear=0
shrinkage=0.08


Tree=25
num_leaves=11
num_cat=0
split_feature=0 1 4 4 4 4 4 4 4 0
split_gain=2.20832 1.28244 1.08508 1.30989 0.858833 1.03046 1.27082 0.714378 2.07955 0.596129
threshold=1.5000000000000002 1.0000000180025095e-35 10.500000000000002 18.500000000000004 83.500000000000014 79.500000000000014 74.500000000000014 6.5000000000000009 9.5000000000000018 1.0000000180025095e-35
decision_type=2 2 2 2 2 2 2 2 2 2
left_child=1 2 -1 -4 5 6 -2 9 -9 -3
right_child=4 7 3 -5 -6 -7 -8 8 -10 -11
leaf_value=-0.026451350312956087 -0.0064515778662715406 -0.084720752804997468 0.058171362991694536 0.016054226795836995 -0.082145899124883417 0.055235451219339177 -0.08248406983462804 0.10234809888055281 -0.0024366684971885511 0.001274416269080805
leaf_weight=3.3201279491186133 130.96317056380212 1.1751476917415851 5.338588409125804 41.189493805170059 0.96673813834786315 1.7098963856697071 1.4221870098263014 1.2535043507814396 36.731320051476359 0.91964620910584916
leaf_count=21 3576 32 31 263 39 31 50 14 724 19
internal_value=-0.00054577 0.00916736 0.0177338 0.0208867 -0.00701303 -0.00647137 -0.00726838 -0.00148693 0.00102124 -0.0469676
internal_weight=224.99 89.9278 49.8482 46.5281 135.062 134.095 132.385 40.0796 37.9848 2.09479
internal_count=4800 1104 315 294 3696 3657 3626 789 738 51
is_linear=0
shrinkage=0.08


Tree=26
num_leaves=13
num_cat=0
split_feature=0 2 4 4 4 2 4 4 4 4 4 4
split_gain=2.04629 1.85193 1.45277 3.25429 1.39756 1.92262 1.63941 1.32928 1.2081 1.14443 0.619646 0.183524
threshold=5.5000000000000009 1.5000000000000002 52.500000000000007 49.500000000000007 6.5000000000000009 1.0000000180025095e-35 7.5000000000000009 70.500000000000014 56.500000000000007 9.5000000000000018 1.0000000180025095e-35 39.500000000000007
decision_type=2 2 2 2 2 2 2 2 2 2 2 2
left_child=4 2 3 -2 5 -1 -6 11 -4 -8 -7 -3
right_child=1 7 8 -5 6 10 9 -9 -10 -11 -12 -13
leaf_value=0.044677927442846224 -0.0070787594920050188 -0.082092966626021266 -0.082895862717902224 0.10670694373990414 0.098937462769014037 -0.024270386796786687 -0.060657084799035657 0.063976951928972889 -0.018674329912164288 0.0053318730001534241 -0.076209973723823737 -0.052898923189008407
leaf_weight=1.7198674958199252 36.698643872514367 2.7728164065629235 2.6760135777294618 1.6823947802186001 1.188602415844797 2.8081735447049141 1.6998426280915726 0.53964303620159615 6.2601299416273832 160.21573738381267 3.0849502477794886 2.7398356925696135
leaf_count=29 997 116 81 44 19 71 28 13 216 3003 72 111
internal_value=-0.000511899 -0.0141847 -0.00885496 -0.00209108 0.00376248 -0.0297412 0.00532629 -0.0558529 -0.0379061 0.0046391 -0.0514599 -0.0675833
internal_weight=224.087 53.3695 47.3172 38.381 170.717 7.61299 163.104 6.0523 8.93614 161.916 5.89312 5.51265
internal_count=4800 1578 1338 1041 3222 172 3050 240 297 3031 143 227
is_linear=0
shrinkage=0.08


Tree=27
num_leaves=14
num_cat=0
split_feature=1 3 4 0 4 2 4 4 0 4 3 2 4
split_gain=2.00079 3.77073 7.36243 1.958 3.84944 3.42903 1.91581 3.52723 1.69332 1.39167 1.0966 0.148443 0.0336531
threshold=1.5000000000000002 1.0000000180025095e-35 49.500000000000007 4.5000000000000009 40.500000000000007 1.0000000180025095e-35 60.500000000000007 64.500000000000014 2.5000000000000004 59.500000000000007 1.0000000180025095e-35 1.0000000180025095e-35 29.500000000000004
decision_type=2 2 2 2 2 2 2 2 2 2 2 2 2
left_child=6 3 12 4 -2 -5 9 11 -9 10 -1 -8 -3
right_child=1 2 -4 5 -6 -7 7 8 -10 -11 -12 -13 -14
leaf_value=0.0084036247812882773 0.013828753526473826 0.0052399901819278824 0.26677139283030171 0.011448061943213395 -0.033862060372399548 -0.049784847392157119 -0.11270592162329331 0.030069157028821514 -0.033276362394312364 0.078221205919517187 -0.03444047698664502 -0.075922107711871925 -0.015419338622359943
leaf_weight=126.26027869619429 28.360756278038025 0.89105041511356819 0.91100563295185555 8.3841758687049168 17.525652972981334 19.387787379324436 0.88573829270899196 6.1267476528882963 4.8298350069671869 1.7852933891117562 3.9427571622654787 3.3874402530491352 1.1636279057711361
leaf_count=2409 598 22 20 196 435 633 21 86 155 27 87 86 25
internal_value=-0.000488472 -0.0109723 0.0774718 -0.0145333 -0.00438607 -0.031299 0.00496813 -0.0218981 0.00214545 0.00806815 0.00710624 -0.0835466 -0.00646003
internal_weight=223.842 76.6241 2.96568 73.6584 45.8864 27.772 147.218 15.2298 10.9566 131.988 130.203 4.27318 2.05468
internal_count=4800 1929 67 1862 1033 829 2871 348 241 2523 2496 107 47
is_linear=0
shrinkage=0.08


Tree=28
num_leaves=13
num_cat=0
split_feature=1 3 4 4 4 4 4 0 4 3 2 4
split_gain=1.71796 2.98178 4.92424 1.76292 3.6645 1.64833 3.22431 1.6141 1.14082 0.944351 0.143427 0.000138811
threshold=1.5000000000000002 1.0000000180025095e-35 39.500000000000007 72.500000000000014 62.500000000000007 60.500000000000007 64.500000000000014 1.0000000180025095e-35 59.500000000000007 1.0000000180025095e-35 1.0000000180025095e-35 79.500000000000014
decision_type=2 2 2 2 2 2 2 2 2 2 2 2
left_child=5 3 -3 4 -2 8 10 -8 9 -1 -7 -5
right_child=1 2 -4 11 -6 6 7 -9 -10 -11 -12 -13
leaf_value=0.0076891129288174489 -0.015701212809035529 -0.034179851149436037 0.16445782958036001 -0.082605166994545981 0.065326104816766983 -0.11162095069819264 -0.084432748902130025 0.012980668549713784 0.070098930033721529 -0.032591428512911233 -0.074211443325947382 -0.083861765694890344
leaf_weight=126.92459050472826 66.657521299086511 1.5935998223721974 1.6013102810829876 1.0910444483160966 3.7744368240237227 0.82527441158890624 1.2273596115410317 9.6298131793737394 1.8307626601308573 3.8375947084277859 3.1961879804730415 1.1616261377930639
leaf_count=2409 1665 37 30 40 124 21 29 212 27 87 86 33
internal_value=-0.000481027 -0.0102623 0.0653787 -0.0135871 -0.011359 0.00455179 -0.0206968 0.00196847 0.007385 0.00650696 -0.0818885 -0.0832532
internal_weight=223.351 75.8795 3.19491 72.6846 70.432 147.472 14.8786 10.8572 132.593 130.762 4.02146 2.25267
internal_count=4800 1929 67 1862 1789 2871 348 241 2523 2496 107 73
is_linear=0
shrinkage=0.08


Tree=29
num_leaves=14
num_cat=0
split_feature=0 0 1 4 4 4 2 4 4 4 4 4 4
split_gain=1.56132 1.7575 3.86803 5.54332 1.25441 1.21357 1.70936 1.264 1.00945 0.889751 5.76847 3.94714 0.597914
threshold=5.5000000000000009 6.5000000000000009 1.0000000180025095e-35 38.500000000000007 8.5000000000000018 6.5000000000000009 1.0000000180025095e-35 7.5000000000000009 9.5000000000000018 29.500000000000004 28.500000000000004 36.500000000000007 4.5000000000000009
decision_type=2 2 2 2 2 2 2 2 2 2 2 2 2
left_child=5 2 3 -2 -4 6 -1 -7 -9 10 -3 -11 -8
right_child=1 9 4 -5 -6 7 12 8 -10 11 -12 -13 -14
leaf_value=0.040162026279392721 0.11213106279780304 0.00096388193393312147 0.05942530226242343 -0.053698751603253464 -0.062799734661562953 0.084081093342537147 -0.036590763643456897 -0.058371436851414361 0.0046935464710637868 -0.069098981684084099 0.22664641332898391 0.0080612437908485456 -0.10113709975106705
leaf_weight=1.7818626929074515 2.4557726373896029 11.383914492093023 0.56283063814043899 2.717925351113081 11.894643720239399 1.2731011547148217 4.5615260973572731 1.6409944780170906 160.39581962861121 5.6890205554664162 0.77413551323115903 16.693369209766388 1.1500662639737127
leaf_count=29 71 334 20 81 373 19 121 28 3003 161 21 517 22
internal_value=-0.000465534 -0.0125782 -0.0331297 0.0250148 -0.0572776 0.00323425 -0.0282461 0.00467872 0.00405487 -0.00208765 0.0153337 -0.0115509 -0.0495876
internal_weight=222.975 52.1716 17.6312 5.1737 12.4575 170.803 7.49346 163.31 162.037 34.5404 12.1581 22.3824 5.71159
internal_count=4800 1578 545 152 393 3222 172 3050 3031 1033 355 678 143
is_linear=0
shrinkage=0.08


Tree=30
num_leaves=16
num_cat=0
split_feature=0 0 4 4 1 4 4 4 4 4 0 2 3 4 1
split_gain=1.45616 1.06021 1.94373 1.79421 1.15493 5.33661 1.65151 1.14754 0.795923 4.18679 9.44291 2.03435 1.885 6.35771 1.79558
threshold=1.5000000000000002 1.0000000180025095e-35 35.500000000000007 27.500000000000004 1.5000000000000002 16.500000000000004 27.500000000000004 39.500000000000007 41.500000000000007 39.500000000000007 6.5000000000000009 1.5000000000000002 1.0000000180025095e-35 57.500000000000007 1.0000000180025095e-35
decision_type=2 2 2 2 2 2 2 2 2 2 2 2 2 2 2
left_child=1 2 3 -1 6 -6 -3 -4 9 11 -11 -2 14 -14 -10
right_child=8 4 7 -5 5 -7 -8 -9 12 10 -12 -13 13 -15 -16
leaf_value=-0.0039064995032985547 -0.001137383019806938 -0.0024978775822174846 0.053521622776495893 -0.059147294513384061 0.10798340463413608 -0.034346643297443517 0.029611497647028483 0.0031559494957834047 0.0052732820734687699 0.015350691715305485 0.27271251198797825 -0.04358886304796105 -0.041921472792725123 0.19866124621599887 -0.026840662919420777
leaf_weight=10.671714454889303 64.066615721210837 15.091544715687631 3.9403538256883612 5.812603957951068 2.0519461240619412 9.453112702816723 31.967140253633261 10.915091529488562 16.245840601623058 4.8507445286959401 1.1238157935440538 8.142984598875044 1.8702713008970016 1.1263745613396166 35.474292463622987
leaf_count=177 1736 97 51 88 33 190 229 239 446 122 32 280 38 23 1019
internal_value=-0.000459366 0.00740399 -0.00447187 -0.0233852 0.0137592 -0.00896185 0.0193141 0.0165153 -0.00577869 -0.000599492 0.0637605 -0.00592458 -0.0131792 0.0485084 -0.0167533
internal_weight=222.804 89.9035 31.3398 16.4843 58.5637 11.5051 47.0587 14.8554 132.901 78.1842 5.97456 72.2096 54.7168 2.99665 51.7201
internal_count=4800 1104 555 265 549 223 326 290 3696 2170 154 2016 1526 61 1465
is_linear=0
shrinkage=0.08


Tree=31
num_leaves=15
num_cat=0
split_feature=0 2 4 4 4 4 1 4 0 0 0 4 4 0
split_gain=1.31652 1.60156 1.35203 1.3412 1.10694 1.45137 1.96582 1.28378 1.94111 1.72966 1.08886 0.635744 0.193956 2.7279e-05
threshold=5.5000000000000009 1.5000000000000002 70.500000000000014 70.500000000000014 26.500000000000004 42.500000000000007 1.0000000180025095e-35 22.500000000000004 2.5000000000000004 1.0000000180025095e-35 6.5000000000000009 31.500000000000004 39.500000000000007 7.5000000000000009
decision_type=2 2 2 2 2 2 2 2 2 2 2 2 2 2
left_child=4 3 12 10 7 11 -7 8 -1 -9 -2 -6 -3 -5
right_child=1 2 -4 13 5 6 -8 9 -10 -11 -12 -13 -14 -15
leaf_value=0.01336360986861751 -0.022377295425012402 -0.08182564142477558 0.070188095929209812 -0.082042834997740621 0.0032138688734472502 0.013951936460983059 -0.014622297892952225 -0.086021530526164749 -0.028092464186625279 -0.014218734530593885 0.0043126428287508277 0.021447028559920766 -0.050068679436564699 -0.082768562324841283
leaf_weight=24.665010064840317 14.486738139763473 2.4152497304603449 0.51836367696523655 0.95005817804485448 17.371208284050226 28.528154922649264 33.507651835680008 2.6108037382364264 10.225352896377442 12.089709911495445 30.126452431082726 41.423431091010571 2.5099840182811022 0.50911920703947544
leaf_count=352 430 116 13 42 304 373 873 41 363 198 848 718 111 18
internal_value=-0.000464442 -0.0116712 -0.0527074 -0.00682261 0.0029232 0.00705371 -0.00148198 -0.00714098 0.00121404 -0.0269709 -0.00435408 0.0160599 -0.0656417 -0.082296
internal_weight=221.937 51.516 5.4436 46.0724 170.421 120.83 62.0358 49.5909 34.8904 14.7005 44.6132 58.7946 4.92523 1.45918
internal_count=4800 1578 240 1338 3222 2268 1246 954 715 239 1278 1022 227 60
is_linear=0
shrinkage=0.08


Tree=32
num_leaves=14
num_cat=0
split_feature=1 4 3 0 4 0 0 4 4 0 4 4 4
split_gain=1.14265 2.86431 5.64776 5.3964 3.07935 3.74413 1.45968 1.45815 2.944 1.45079 0.920084 0.803313 0.163641
threshold=1.5000000000000002 56.500000000000007 1.0000000180025095e-35 1.0000000180025095e-35 43.500000000000007 5.5000000000000009 5.5000000000000009 60.500000000000007 64.500000000000014 1.0000000180025095e-35 59.500000000000007 6.5000000000000009 61.500000000000007
decision_type=2 2 2 2 2 2 2 2 2 2 2 2 2
left_child=7 4 3 -3 5 -2 -6 10 12 -10 11 -1 -9
right_child=1 2 -4 -5 6 -7 -8 8 9 -11 -12 -13 -14
leaf_value=-0.021406525532457064 0.0075615593139749041 0.16769642068703569 0.24910938812309738 -0.010286900068748663 -0.06192634393214342 -0.043534258572219632 -0.0062680279444506841 -0.054088983261863149 -0.084124128981461585 0.011148604661461172 0.062290348341886119 0.0069411276819375542 -0.091280137203050962
leaf_weight=6.7457531187683335 37.287403242662549 1.269321018829938 0.71050695329904634 7.7280616154894233 10.811744660139082 12.175178111530839 4.1821169592440119 1.0454063303768628 1.1451447270810593 9.5853596646338683 1.8502800408750761 124.03466284647584 2.746199045330286
leaf_count=153 824 34 9 265 264 393 140 21 29 212 27 2343 86
internal_value=-0.000444487 -0.00854151 0.0319695 0.0148224 -0.0146429 -0.00501564 -0.046402 0.00363637 -0.0204302 0.000981229 0.00627149 0.00547893 -0.0810259
internal_weight=221.317 74.1643 9.70789 8.99738 64.4564 49.4626 14.9939 147.153 14.5221 10.7305 132.631 130.78 3.79161
internal_count=4800 1929 308 299 1621 1217 404 2871 348 241 2523 2496 107
is_linear=0
shrinkage=0.08


Tree=33
num_leaves=13
num_cat=0
split_feature=0 2 4 4 4 2 4 0 4 4 4 0
split_gain=0.989221 1.48281 1.48453 1.27639 0.979255 1.49545 0.995888 0.954046 0.930448 0.592708 0.213433 2.2126e-05
threshold=5.5000000000000009 1.5000000000000002 73.500000000000014 70.500000000000014 6.5000000000000009 1.0000000180025095e-35 7.5000000000000009 6.5000000000000009 9.5000000000000018 1.0000000180025095e-35 40.500000000000007 7.5000000000000009
decision_type=2 2 2 2 2 2 2 2 2 2 2 2
left_child=4 3 10 7 5 -1 -6 -2 -8 -7 -3 -5
right_child=1 2 -4 11 6 9 8 -9 -10 -11 -12 -13
leaf_value=0.036624550298148567 -0.020488664290427144 -0.04768166142860103 0.083779173360529299 -0.081889578211188502 0.072256015896110026 -0.020057489097197418 -0.057186769533741598 0.0047643377392326235 0.0038004391603961647 -0.072542925476693956 -0.081881151589566312 -0.082567396309626812
leaf_weight=1.8262731805443753 14.068435672670601 2.3519191872328511 0.47500767000019539 0.88117375969886669 1.3473271224647749 2.6919374316930771 1.6171807292848814 29.974881714209914 160.13164140470326 2.819111742079258 2.3198615740984678 0.47401808761060238
leaf_count=29 430 122 11 42 19 71 28 848 3003 72 107 18
internal_value=-0.000439875 -0.0102686 -0.0509639 -0.00565504 0.00247503 -0.0261149 0.00376123 -0.00330204 0.00319068 -0.0469058 -0.0646641 -0.0821267
internal_weight=220.979 50.5453 5.14679 45.3985 170.433 7.33732 163.096 44.0433 161.749 5.51105 4.67178 1.35519
internal_count=4800 1578 240 1338 3222 172 3050 1278 3031 143 229 60
is_linear=0
shrinkage=0.08


Tree=34
num_leaves=16
num_cat=0
split_feature=1 4 4 0 2 4 4 0 4 4 0 3 4 0 4
split_gain=0.986548 2.39706 5.29625 5.17529 3.28796 2.77362 3.296 1.41186 1.23898 2.71701 1.37531 0.820084 0.986892 0.840457 0.180928
threshold=1.5000000000000002 56.500000000000007 63.500000000000007 1.0000000180025095e-35 1.0000000180025095e-35 43.500000000000007 36.500000000000007 5.5000000000000009 60.500000000000007 64.500000000000014 2.5000000000000004 1.0000000180025095e-35 6.5000000000000009 1.5000000000000002 61.500000000000007
decision_type=2 2 2 2 2 2 2 2 2 2 2 2 2 2 2
left_child=8 5 4 -4 -3 6 -2 -7 11 14 -11 12 -1 -13 -10
right_child=1 2 3 -5 -6 7 -8 -9 9 10 -12 13 -14 -15 -16
leaf_value=-0.024382720489244881 -0.016213674575032627 0.25759289064595248 0.14357744135935194 -0.051998238696591675 0.066715611995880039 -0.060497596336308794 0.032448390831893804 -0.0050395477877458088 -0.0511501141370206 0.026493285274789329 -0.031459428400832129 0.031567468107354585 0.0083956658628955554 -0.05422658475775391 -0.091033548652889651
leaf_weight=6.1734148031100622 37.552358404733241 0.70481183193623875 1.0463641323149202 5.0217992030084133 3.1989635434001684 10.257516747340558 11.678455336019395 4.1171863619238129 1.0205518677830689 5.9896245487034303 4.6596487034112215 0.99822446517646257 123.09983968455344 2.7274770317599177 2.5389780569821596
leaf_count=147 934 22 22 165 99 264 283 140 21 86 155 13 2289 74 86
internal_value=-0.000415707 -0.0079798 0.0284884 -0.0182741 0.101178 -0.0136972 -0.00467014 -0.0446134 0.00336498 -0.0190895 0.00113575 0.00576388 0.00683034 -0.0312398 -0.0795986
internal_weight=220.785 73.5775 9.97194 6.06816 3.90378 63.6055 49.2308 14.3747 147.208 14.2088 10.6493 132.999 129.273 3.7257 3.55953
internal_count=4800 1929 308 187 121 1621 1217 404 2871 348 241 2523 2436 87 107
is_linear=0
shrinkage=0.08


Tree=35
num_leaves=15
num_cat=0
split_feature=1 4 4 0 4 0 0 0 3 4 0 4 0 4
split_gain=0.849892 1.9794 4.00927 4.10522 2.49541 3.25568 2.16544 1.32694 1.08423 1.23954 3.99241 1.87293 0.901817 0.948329
threshold=1.5000000000000002 56.500000000000007 63.500000000000007 1.0000000180025095e-35 43.500000000000007 5.5000000000000009 3.5000000000000004 5.5000000000000009 1.0000000180025095e-35 52.500000000000007 2.5000000000000004 47.500000000000007 1.5000000000000002 53.500000000000007
decision_type=2 2 2 2 2 2 2 2 2 2 2 2 2 2
left_child=8 4 6 -4 5 -2 -3 -6 9 11 -11 -1 -10 -14
right_child=1 2 3 -5 7 -7 -8 -9 12 10 -12 -13 13 -15
leaf_value=0.0044389178690342193 0.0071351870186101207 0.027501017030741651 0.1161169915166845 -0.05026631150935406 -0.058947424528774287 -0.041392097313056965 0.1411172333283105 -0.0046592001554137162 0.028644856458802367 0.017282071209719006 -0.044425207634500509 0.038150330069900477 -0.083370127579078482 0.01791497551903868
leaf_weight=104.40639006253332 37.4502012450248 2.1569081041961891 1.1836392059922216 4.7889439761638641 9.7078348901122791 11.585243707522748 2.1376027371734381 4.0978603847324839 1.0114831402897824 14.546129032038154 12.456733590923248 11.732696250081061 2.3747409451752906 0.78792502358555783
leaf_count=1950 824 57 22 165 264 393 64 140 13 201 400 219 68 20
internal_value=-0.000416566 -0.00746811 0.0250984 -0.0172927 -0.0127889 -0.00433 0.0840538 -0.0428334 0.00308289 0.00425488 -0.0111842 0.00784454 -0.0371077 -0.0581366
internal_weight=220.424 73.1082 10.2671 5.97258 62.8411 49.0354 4.29451 13.8057 147.316 143.142 27.0029 116.139 4.17415 3.16267
internal_count=4800 1929 308 187 1621 1217 121 404 2871 2770 601 2169 101 88
is_linear=0
shrinkage=0.08


Tree=36
num_leaves=13
num_cat=0
split_feature=1 3 4 4 4 4 4 0 4 3 4 2
split_gain=0.730479 1.94301 3.05096 1.64825 2.70346 0.982661 2.49487 1.4195 0.792377 0.555234 0.196233 0.000232374
threshold=1.5000000000000002 1.0000000180025095e-35 39.500000000000007 72.500000000000014 62.500000000000007 60.500000000000007 64.500000000000014 1.0000000180025095e-35 59.500000000000007 1.0000000180025095e-35 61.500000000000007 1.5000000000000002
decision_type=2 2 2 2 2 2 2 2 2 2 2 2
left_child=5 3 -3 4 -2 8 10 -8 9 -1 -7 -5
right_child=1 2 -4 11 -6 6 7 -9 -10 -11 -12 -13
leaf_value=0.0050356321294670386 -0.011872005241480174 -0.032640042584415635 0.11785553635227664 -0.082466074408111198 0.055920323822627509 -0.04830473765783088 -0.083977718311936664 0.011817023777606961 0.056780101384024874 -0.027502234498367053 -0.09099853689658545 -0.084399667358436722
leaf_weight=128.27005005255342 63.218166001141071 1.5471246242523187 1.9471643008291719 1.3557525128126133 4.0031716972589484 0.98161990009248201 1.1079217270016659 9.3011014861986023 1.8590665273368348 3.4466223055496803 2.3113709716126323 0.56293907016515721
leaf_count=2409 1665 37 30 57 124 21 29 212 27 87 86 16
internal_value=-0.000414648 -0.00698013 0.0512224 -0.00992165 -0.00783483 0.00282331 -0.0175797 0.00162077 0.00491623 0.00418422 -0.0782718 -0.0830334
internal_weight=219.912 72.6343 3.49429 69.14 67.2213 147.278 13.702 10.409 133.576 131.717 3.29299 1.91869
internal_count=4800 1929 67 1862 1789 2871 348 241 2523 2496 107 73
is_linear=0
shrinkage=0.08


Tree=37
num_leaves=15
num_cat=0
split_feature=0 2 4 4 4 4 4 4 1 4 0 4 4 0
split_gain=0.718883 1.32668 1.52997 1.10002 0.863033 1.20694 2.39462 0.959817 4.29854 0.845583 0.774598 0.677057 0.221011 1.53815e-05
threshold=5.5000000000000009 1.5000000000000002 73.500000000000014 70.500000000000014 26.500000000000004 16.500000000000004 14.500000000000002 27.500000000000004 1.0000000180025095e-35 29.500000000000004 4.5000000000000009 42.500000000000007 40.500000000000007 7.5000000000000009
decision_type=2 2 2 2 2 2 2 2 2 2 2 2 2 2
left_child=4 3 12 9 5 6 -1 8 -6 -2 -7 -9 -3 -5
right_child=1 2 -4 13 7 10 -8 11 -10 -11 -12 -13 -14 -15
leaf_value=-0.0046463081190920566 0.012156370382611038 -0.045710549806044311 0.090547254592944673 -0.081592135842169428 -0.059614857808675772 -0.013393780893274093 0.066641263350098665 0.010792728852542064 0.12651051024660576 -0.010982686172997342 -0.056696598729818193 -0.0013523033200656298 -0.081730142415969792 -0.082203626169113392
leaf_weight=18.271143897436563 15.910287706181405 2.2277703369036308 0.45678605511784542 0.74197520408779272 1.3669640608131877 24.257421709597114 3.6118602566421023 56.881090458482504 1.8950261287391186 27.713292744942009 2.9671576339751473 60.754524989053607 2.1351063698530197 0.40805739443749189
leaf_count=382 460 122 11 42 21 416 70 962 39 818 86 1246 107 18
internal_value=-0.000397728 -0.00887242 -0.0487533 -0.00457944 0.00207448 -0.00686902 0.00711993 0.00570725 0.0485131 -0.00254346 -0.0181133 0.00452026 -0.0633378 -0.0818091
internal_weight=219.598 49.5933 4.81966 44.7736 170.005 49.1076 21.883 120.898 3.26199 43.6236 27.2246 117.636 4.36288 1.15003
internal_count=4800 1578 240 1338 3222 954 452 2268 60 1278 502 2208 229 60
is_linear=0
shrinkage=0.08


Tree=38
num_leaves=13
num_cat=0
split_feature=1 3 4 4 4 3 4 0 4 0 4 2
split_gain=0.636557 1.58027 2.324 1.54009 2.27646 0.855331 0.933994 3.47745 1.58786 0.837894 1.2166 0.000211901
threshold=1.5000000000000002 1.0000000180025095e-35 39.500000000000007 72.500000000000014 62.500000000000007 1.0000000180025095e-35 52.500000000000007 2.5000000000000004 47.500000000000007 1.5000000000000002 54.500000000000007 1.5000000000000002
decision_type=2 2 2 2 2 2 2 2 2 2 2 2
left_child=5 3 -3 4 -2 6 8 -8 -1 -7 -11 -5
right_child=1 2 -4 11 -6 9 7 -9 -10 10 -12 -13
leaf_value=0.0035563948487327204 -0.011129467726354075 -0.031256145532797645 0.098343351831948547 -0.082260340103479421 0.04986318830075525 0.028688053825532904 0.016297036043221358 -0.042203668154141283 0.034287568732079249 -0.083040417170832409 0.042003864272548819 -0.08415975850796463
leaf_weight=105.08861418999732 62.595904212445021 1.5100412126630538 2.141243688762188 1.2331257825717319 4.177776087075471 1.0093649048358195 14.475141372531654 11.807812138460575 11.988082092255352 2.2895027510821824 0.63637815415859211 0.54073438793420781
leaf_count=1950 1665 37 30 57 124 13 201 400 219 72 16 16
internal_value=-0.000382675 -0.00653623 0.0447456 -0.00926783 -0.00731339 0.00263358 0.00364362 -0.00998484 0.00670312 -0.0341616 -0.0558433 -0.0828393
internal_weight=219.494 72.1988 3.65128 68.5475 66.7737 147.295 143.36 26.283 117.077 3.93525 2.92588 1.77386
internal_count=4800 1929 67 1862 1789 2871 2770 601 2169 101 88 73
is_linear=0
shrinkage=0.08


Tree=39
num_leaves=12
num_cat=0
split_feature=0 0 4 1 3 4 4 2 4 4 4
split_gain=0.568927 1.27208 3.65434 2.88653 0.91857 0.732421 0.717393 1.32384 0.83497 0.785262 0.59996
threshold=5.5000000000000009 6.5000000000000009 7.5000000000000009 1.0000000180025095e-35 1.0000000180025095e-35 39.500000000000007 6.5000000000000009 1.0000000180025095e-35 7.5000000000000009 9.5000000000000018 4.5000000000000009
decision_type=2 2 2 2 2 2 2 2 2 2 2
left_child=6 2 -2 -4 5 -3 7 -1 -8 -10 -9
right_child=1 4 3 -5 -6 -7 8 10 9 -11 -12
leaf_value=0.035526258332648129 0.15625770503900552 -0.0072101361012531949 0.0160127171107841 -0.059050663465140388 -0.084127200832338378 0.017138322014706355 0.064441319026231486 -0.030376607920150869 -0.054411061283798377 0.0029175349786117661 -0.099144535838543921
leaf_weight=1.8278388082981099 0.66858816612511773 18.930285917595029 4.8348099449649444 10.186740829609333 0.79408668959513207 13.577956199645994 1.3989695608615864 4.2473703939467669 1.5439136028289784 159.9902181616053 1.0038544880226252
leaf_count=29 24 564 145 376 23 446 19 121 28 3003 22
internal_value=-0.000369502 -0.00796519 -0.0267457 -0.0348909 0.000883096 0.00295966 0.00181935 -0.023112 0.00290256 0.0023696 -0.0435227
internal_weight=219.005 48.9925 15.6901 15.0216 33.3023 32.5082 170.012 7.07906 162.933 161.534 5.25122
internal_count=4800 1578 545 521 1033 1010 3222 172 3050 3031 143
is_linear=0
shrinkage=0.08


Tree=40
num_leaves=16
num_cat=0
split_feature=1 4 4 0 4 2 2 4 4 4 0 4 1 3 4
split_gain=0.516316 1.36634 3.27066 3.13449 2.49746 1.6611 1.00053 0.967137 0.760485 2.29637 1.34261 0.7679 1.35177 1.27235 0.210489
threshold=1.5000000000000002 56.500000000000007 63.500000000000007 1.0000000180025095e-35 50.500000000000007 1.0000000180025095e-35 1.5000000000000002 35.500000000000007 60.500000000000007 64.500000000000014 1.0000000180025095e-35 56.500000000000007 1.0000000180025095e-35 1.0000000180025095e-35 61.500000000000007
decision_type=2 2 2 2 2 2 2 2 2 2 2 2 2 2 2
left_child=8 4 5 -4 7 -3 -6 -2 11 14 -11 13 -13 -1 -10
right_child=1 2 3 -5 6 -7 -8 -9 9 10 -12 12 -14 -15 -16
leaf_value=0.0041378538078358073 -0.014246364627464654 0.16436447986120445 0.088396873952611157 -0.049671084531197666 -0.082835060884585351 0.04643422750437548 0.015674399608174815 0.0072584844081183802 -0.045548140574604198 -0.083725806764213304 0.012051875177293321 0.0060304187462845264 0.08881783076815257 -0.047509835529291944 -0.0910001142990811
leaf_weight=125.08863900415599 34.266312321648002 0.96504107117652704 1.3599753789603708 4.6523679690435529 3.9421428386121979 3.6768349222838879 0.79252124018967141 21.962904741987586 0.94574525766074602 1.0433228760957707 9.1657111290842277 3.9212925750762215 1.8614974673837421 3.1290610125288358 2.1000637337565422
leaf_count=2326 890 22 22 165 137 99 18 576 21 29 212 55 57 85 86
internal_value=-0.000354328 -0.00592587 0.0205063 -0.0184405 -0.0105452 0.0709518 -0.0663459 -0.00584666 0.00235541 -0.0159241 0.00226378 0.00416356 0.0326799 0.00287743 -0.076887
internal_weight=218.873 71.6181 10.6542 6.01234 60.9639 4.64188 4.73466 56.2292 147.255 13.2548 10.209 134 5.78279 128.218 3.04581
internal_count=4800 1929 308 187 1621 121 155 1466 2871 348 241 2523 112 2411 107
is_linear=0
shrinkage=0.08


Tree=41
num_leaves=16
num_cat=0
split_feature=0 0 4 4 4 2 2 4 4 4 0 2 4 4 1
split_gain=0.482102 0.85196 1.33332 1.79648 1.15765 2.73467 1.35612 0.790727 0.549827 2.8297 5.91146 1.6225 1.33529 3.57475 2.76843
threshold=1.5000000000000002 1.0000000180025095e-35 35.500000000000007 27.500000000000004 38.500000000000007 1.0000000180025095e-35 1.0000000180025095e-35 39.500000000000007 41.500000000000007 39.500000000000007 6.5000000000000009 1.5000000000000002 56.500000000000007 58.500000000000007 1.0000000180025095e-35
decision_type=2 2 2 2 2 2 2 2 2 2 2 2 2 2 2
left_child=1 2 3 -1 6 -6 -3 -4 9 11 -11 -2 14 -14 -10
right_child=8 4 7 -5 5 -7 -8 -9 12 10 -12 -13 13 -15 -16
leaf_value=-0.0028144077081487806 0.00030922477168785785 0.055946274181910435 0.03933530148244814 -0.05856623672200157 -0.052932933088047363 0.010892345555986716 0.012531628505804106 -0.00081215907132300925 0.012197885720533675 0.010760577407583429 0.19475721490660394 -0.039358484565005757 0.092092282774185324 -0.0071753899395612213 -0.036008889886621251
leaf_weight=10.520943696610635 62.96127702947706 5.5639004185795775 4.3397315479814997 5.704686362296342 5.4682377018034485 20.047363263554871 26.711858596652746 11.354469385929404 11.667040295898913 5.0721392296254626 1.4333149604499338 7.3718371717259279 2.7233721781522062 15.742242856882511 22.002831542864442
leaf_count=177 1736 60 51 88 59 198 232 239 287 122 32 280 72 532 635
internal_value=-0.000349273 0.00415451 -0.00633554 -0.0224159 0.00994847 -0.00278602 0.0200157 0.0102893 -0.003482 0.000820583 0.0512997 -0.00384847 -0.00982324 0.00746495 -0.0193046
internal_weight=218.685 89.7112 31.9198 16.2256 57.7914 25.5156 32.2758 15.6942 128.974 76.8386 6.50545 70.3331 52.1355 18.4656 33.6699
internal_count=4800 1104 555 265 549 257 292 290 3696 2170 154 2016 1526 604 922
is_linear=0
shrinkage=0.08


Tree=42
num_leaves=15
num_cat=0
split_feature=0 2 4 4 1 4 4 4 0 0 4 2 2 4
split_gain=0.498619 1.14202 2.10934 1.03586 4.21203 2.4015 0.687855 1.12301 1.85641 1.53449 0.902654 2.2422 1.73091 0.250718
threshold=5.5000000000000009 1.5000000000000002 76.500000000000014 33.500000000000007 1.5000000000000002 36.500000000000007 26.500000000000004 22.500000000000004 1.5000000000000002 2.5000000000000004 36.500000000000007 1.5000000000000002 1.5000000000000002 40.500000000000007
decision_type=2 2 2 2 2 2 2 2 2 2 2 2 2 2
left_child=6 3 13 4 -2 -5 7 9 -9 -1 11 -8 -12 -3
right_child=1 2 -4 5 -6 -7 10 8 -10 -11 12 -13 -14 -15
leaf_value=0.012125702374308789 0.035260050764074145 -0.042198155561014222 0.14173619891649492 -0.082979080754575621 -0.044244559701841657 -0.0054025078966313464 0.024367300358931875 -0.055169284820245225 0.0027288172315994381 -0.025377141342491718 -0.0045523576267486338 -0.03002166566529102 0.026417023260427046 -0.081709013296650077
leaf_weight=24.587673092260957 13.457381297834219 2.0353842778131357 0.35259658657014359 2.8963989932090071 6.2431689482182255 21.596640500705689 30.031961355358362 6.8649918809533101 7.32710768468678 9.7520100343972427 71.525609087198973 5.7855566851794711 13.774581991136072 2.0764466188848019
leaf_count=352 352 122 8 88 222 676 520 78 161 363 1410 99 239 110
internal_value=-0.000348186 -0.00748721 -0.046048 -0.00359181 0.0100648 -0.0145762 0.00169939 -0.00634796 -0.0252776 0.0014754 0.00492396 0.0155819 0.00044869 -0.0621509
internal_weight=218.308 48.658 4.46443 44.1936 19.7006 24.493 169.649 48.5318 14.1921 34.3397 121.118 35.8175 85.3002 4.11183
internal_count=4800 1578 240 1338 574 764 3222 954 239 715 2268 619 1649 232
is_linear=0
shrinkage=0.08


Tree=43
num_leaves=14
num_cat=0
split_feature=0 0 1 4 4 3 4 4 4 2 4 4 4
split_gain=0.429115 1.07999 2.95665 4.05367 1.22279 0.838296 0.759235 0.62662 1.23302 1.17792 0.795634 1.46403 1.1255
threshold=5.5000000000000009 6.5000000000000009 1.0000000180025095e-35 38.500000000000007 7.5000000000000009 1.0000000180025095e-35 29.500000000000004 6.5000000000000009 4.5000000000000009 1.0000000180025095e-35 16.500000000000004 26.500000000000004 14.500000000000002
decision_type=2 2 2 2 2 2 2 2 2 2 2 2 2
left_child=7 2 3 -2 -4 6 -3 8 9 -1 12 -12 -9
right_child=1 5 4 -5 -6 -7 -8 10 -10 -11 11 -13 -14
leaf_value=0.051749452324670805 0.090959341152105341 0.019307577454973357 0.068020925613508712 -0.050470377830783154 -0.056939981011790292 -0.084246642440860983 -0.0061856792571236543 0.0073624289157746417 -0.095611943208479003 -0.029047889086240758 -0.016228285838436697 0.0045071042187875823 0.058035945398982436
leaf_weight=1.6002889983355988 2.7457883115857831 11.673691957257686 0.52936932723969121 2.4581926045939326 9.4068775107152742 0.7208002214319994 20.795392754487693 11.034077773801981 1.2032459219917653 4.1481415499001741 26.554099267348647 121.52798195369542 3.7614684319123617
leaf_count=23 71 344 17 81 376 23 666 210 28 121 502 2268 70
internal_value=-0.000340455 -0.00699146 -0.0246978 0.0241525 -0.0502825 0.00108563 0.00297998 0.00155229 -0.0219696 -0.00655495 0.00255621 0.000788831 0.0202451
internal_weight=218.159 48.3301 15.1402 5.20398 9.93625 33.1899 32.4691 169.829 6.95168 5.74843 162.878 148.082 14.7955
internal_count=4800 1578 545 152 393 1033 1010 3222 172 144 3050 2770 280
is_linear=0
shrinkage=0.08


Tree=44
num_leaves=13
num_cat=0
split_feature=0 2 4 4 4 4 4 0 4 4 4 0
split_gain=0.369614 1.01311 1.7748 0.969148 0.838522 0.540032 1.15159 1.16233 0.665014 0.723656 0.252434 1.30753e-05
threshold=5.5000000000000009 1.5000000000000002 76.500000000000014 70.500000000000014 62.500000000000007 6.5000000000000009 4.5000000000000009 1.0000000180025095e-35 7.5000000000000009 9.5000000000000018 40.500000000000007 7.5000000000000009
decision_type=2 2 2 2 2 2 2 2 2 2 2 2
left_child=5 3 10 4 -2 6 7 -1 -7 -10 -3 -5
right_child=1 2 -4 11 -6 8 -8 -9 9 -11 -12 -13
leaf_value=-0.083552109418528128 -0.0034544560579435656 -0.040441008072439381 0.11804782662427106 -0.081327972734834955 0.052589060583051399 0.056167493883419288 -0.094765625202056572 0.010664953240498662 -0.053420380165426662 0.0023777352533267872 -0.081545349209275267 -0.081934132484792366
leaf_weight=1.0191880399361242 41.050101890228689 1.9508857252076262 0.39246214739978302 0.62123966822400589 1.7828191015869368 1.4560537263751019 1.1202553035691378 4.714184963144362 1.5014991248026479 160.181091834791 1.8754299040883777 0.35956727806478739
leaf_count=34 1198 122 8 42 80 19 28 110 28 3003 110 18
internal_value=-0.000330848 -0.00652752 -0.0439699 -0.00292223 -0.00112178 0.00142006 -0.0205789 -0.00608346 0.00234427 0.00185955 -0.0605879 -0.0815502
internal_weight=218.025 48.0325 4.21878 43.8137 42.8329 169.992 6.85363 5.73337 163.139 161.683 3.82632 0.980807
internal_count=4800 1578 240 1338 1278 3222 172 144 3050 3031 232 60
is_linear=0
shrinkage=0.08


Tree=45
num_leaves=15
num_cat=0
split_feature=4 2 0 4 4 0 3 4 2 1 0 2 4 1
split_gain=0.35174 1.54732 1.50163 1.89046 1.8492 1.38015 2.58148 1.26543 8.30878 5.08083 1.76065 2.23456 1.51014 1.25589
threshold=40.500000000000007 1.0000000180025095e-35 3.5000000000000004 69.500000000000014 47.500000000000007 1.5000000000000002 1.0000000180025095e-35 39.500000000000007 1.0000000180025095e-35 1.0000000180025095e-35 4.5000000000000009 1.5000000000000002 31.500000000000004 1.5000000000000002
decision_type=2 2 2 2 2 2 2 2 2 2 2 2 2 2
left_child=7 2 4 -4 -2 13 -7 10 -9 -10 12 -12 -1 -3
right_child=1 5 3 -5 -6 6 -8 8 9 -11 11 -13 -14 -15
leaf_value=-0.00024204417352736231 -0.090538383702541719 0.025638885754751064 -0.01086504702032832 0.11666417990277386 -0.020783427257209688 -0.013145679586960826 0.070360691469368963 0.16571603095125911 -0.14302381081658769 0.040365445851200457 -0.0082553002051870064 -0.081939087766362065 0.022687125742456304 -0.014206768970869438
leaf_weight=58.881116168573499 3.5870463438332099 20.376201495528225 9.846856521442529 0.80471863038837987 7.5553863123059273 36.618681739550084 2.5331385666504493 2.130119312554597 1.5543573163449762 2.5580954197794199 35.106684190221131 2.8477453887462607 26.727876648306847 6.7361752949655047
leaf_count=1046 56 211 242 39 146 1161 47 34 21 56 1002 154 429 156
internal_value=-0.000313979 -0.00421672 -0.0227079 -0.00123031 -0.0432394 0.00186495 -0.00774278 0.00233358 0.0374755 -0.028949 0.000558167 -0.0137838 0.00691664 0.0157391
internal_weight=217.864 88.0582 21.794 10.6516 11.1424 66.2642 39.1518 129.806 6.24257 4.11245 123.563 37.9544 85.609 27.1124
internal_count=4800 2058 483 281 202 1575 1208 2742 111 77 2631 1156 1475 367
is_linear=0
shrinkage=0.08


Tree=46
num_leaves=12
num_cat=0
split_feature=4 4 4 4 2 0 0 4 4 0 1
split_gain=0.362358 2.40016 1.65823 2.97294 1.35292 3.86297 0.686528 1.37265 0.569202 0.10389 0.0393278
threshold=75.500000000000014 79.500000000000014 69.500000000000014 67.500000000000014 1.0000000180025095e-35 2.5000000000000004 2.5000000000000004 81.500000000000014 56.500000000000007 1.5000000000000002 1.0000000180025095e-35
decision_type=2 2 2 2 2 2 2 2 2 2 2
left_child=2 10 3 8 -4 -6 -3 -8 -1 -5 -2
right_child=1 6 4 9 5 -7 7 -9 -10 -11 -12
leaf_value=-0.0012258421473695022 -0.10659736074045506 -0.021073815262814714 0.1324902483272454 -0.12059146056607688 0.097570346021013665 -0.082861354178695931 0.14110904113273881 -0.0045688767470207911 0.013333533834369445 -0.083183267336537012 -0.082874918870535844
leaf_weight=187.62650409899652 0.95159823447465786 1.3883160986006262 0.97927624173462291 0.85337522625923057 1.8843752257525923 1.2720474186353383 0.69698950089514244 1.0193895599804816 18.918245553039014 1.0719991456717251 0.84390401653945446
leaf_count=4032 14 26 29 15 31 51 12 42 474 36 38
internal_value=-0.000315278 -0.0218235 0.000180449 -0.000814676 0.0503422 0.0248559 0.0207547 0.0545882 0.000107708 -0.0997635 -0.0954476
internal_weight=217.506 4.9002 212.606 208.47 4.1357 3.15642 3.1047 1.71638 206.545 1.92537 1.7955
internal_count=4800 132 4668 4557 111 82 80 54 4506 51 52
is_linear=0
shrinkage=0.08


Tree=47
num_leaves=13
num_cat=0
split_feature=4 4 4 4 4 1 2 0 4 0 1 0
split_gain=0.329197 1.75558 2.72099 1.69738 1.26937 2.08786 1.20503 3.12342 0.477399 0.0886019 0.0461202 5.23541e-05
threshold=74.500000000000014 69.500000000000014 67.500000000000014 79.500000000000014 80.500000000000014 1.0000000180025095e-35 1.0000000180025095e-35 2.5000000000000004 56.500000000000007 1.5000000000000002 1.0000000180025095e-35 2.5000000000000004
decision_type=2 2 2 2 2 2 2 2 2 2 2 2
left_child=1 2 8 10 -5 -6 -3 -8 -1 -4 -2 -12
right_child=3 6 9 4 5 -7 7 -9 -10 -11 11 -13
leaf_value=-0.0011288026960614304 -0.060595467363902172 0.13221195144113781 -0.11872120525704098 0.10470684358377413 0.067392839602148494 -0.083332344998074889 0.097235882069169721 -0.082270312488183506 0.012150029484887697 -0.082937162680004214 -0.083635563998175469 -0.082537190386776302
leaf_weight=187.4627273529768 1.2301558349281543 0.9641642384231085 0.79967775009572395 0.81353778205812011 1.12811731453985 1.2289083688519893 1.5983582716435196 1.0138940634205935 19.092507680878043 0.99239714629948139 0.55046586692333199 0.56056584231555462
leaf_count=4032 18 24 15 11 22 47 26 45 474 36 20 30
internal_value=-0.000300993 0.000201012 -0.00075297 -0.0196028 0.0185463 -0.0111924 0.0557761 0.0275641 9.85988e-05 -0.0989051 -0.0712664 -0.0830814
internal_weight=217.435 211.924 208.347 5.51175 3.17056 2.35703 3.57642 2.61225 206.555 1.79207 2.34119 1.11103
internal_count=4800 4652 4557 148 80 69 95 71 4506 51 68 50
is_linear=0
shrinkage=0.08


Tree=48
num_leaves=15
num_cat=0
split_feature=4 2 0 4 4 0 3 2 4 4 0 1 4 1
split_gain=0.33939 1.40946 1.3051 1.6844 1.29077 1.119 2.01281 1.11758 5.8 2.73982 2.58188 1.83675 1.39546 1.02985
threshold=40.500000000000007 1.0000000180025095e-35 3.5000000000000004 47.500000000000007 59.500000000000007 1.5000000000000002 1.0000000180025095e-35 1.0000000180025095e-35 39.500000000000007 4.5000000000000009 4.5000000000000009 1.5000000000000002 8.5000000000000018 1.5000000000000002
decision_type=2 2 2 2 2 2 2 2 2 2 2 2 2 2
left_child=7 2 3 -2 -4 13 -7 8 9 -1 12 -12 -9 -3
right_child=1 5 4 -5 -6 6 -8 10 -10 -11 11 -13 -14 -15
leaf_value=0.082655333773545239 -0.088143856437025492 0.023062737923790384 -0.01697257787222731 -0.020227696820625776 0.049436385912520107 -0.012022583402098424 0.059609683121520235 -0.030557763343335754 0.13425126518745259 -0.0011821351077969475 -0.0088084594183454393 -0.054202463227468807 0.0094463280333004478 -0.013179752151075948
leaf_weight=2.7172726839780799 3.3904336411505955 20.431979763321582 8.3429184947162849 7.5226383823901415 2.4154834225773802 36.047651499975473 2.6984663214534512 6.1293168477714053 2.4086903892457476 30.462795127183199 17.214661160483956 8.5321041368879396 62.347482674755156 6.6513369018211952
leaf_count=39 56 211 194 146 87 1161 47 146 34 592 536 358 1037 156
internal_value=-0.000288339 -0.00413912 -0.0218351 -0.0413276 -0.00206239 0.00168653 -0.00703377 0.0023073 0.0143853 0.00568371 -0.00225463 -0.0238514 0.00586559 0.014162
internal_weight=217.313 87.5009 21.6715 10.9131 10.7584 65.8294 38.7461 129.812 35.5888 33.1801 94.2236 25.7468 68.4768 27.0833
internal_count=4800 2058 483 202 281 1575 1208 2742 665 631 2077 894 1183 367
is_linear=0
shrinkage=0.08


Tree=49
num_leaves=13
num_cat=0
split_feature=4 4 4 4 4 1 2 0 4 0 1 0
split_gain=0.314386 1.49779 1.40608 2.4804 0.928081 1.83729 0.826769 2.6158 0.394072 0.0721504 0.0562366 3.28015e-05
threshold=74.500000000000014 79.500000000000014 69.500000000000014 67.500000000000014 80.500000000000014 1.0000000180025095e-35 1.0000000180025095e-35 2.5000000000000004 56.500000000000007 1.5000000000000002 1.0000000180025095e-35 2.5000000000000004
decision_type=2 2 2 2 2 2 2 2 2 2 2 2
left_child=2 10 3 8 -3 -6 -4 -8 -1 -5 -2 -12
right_child=1 4 6 9 5 -7 7 -9 -10 -11 11 -13
leaf_value=-0.00099966579190515891 -0.05754435631591992 0.085191962163347942 0.10866801161239342 -0.11623262135813678 0.060253265992725583 -0.083053913650714281 0.085342874735847729 -0.082116616285673752 0.011030454460341763 -0.082794285358437011 -0.083353702746076397 -0.082451793588372804
leaf_weight=186.85682823183015 1.2234897576272481 0.89383923634886775 1.0663734488189214 0.74763032980263122 1.1527657620608809 1.1375842359848318 1.6558857783675196 0.93355545867234457 19.219139570370317 0.92262591049075127 0.50994147174060322 0.52251795586198568
leaf_count=4032 18 11 24 15 22 47 26 45 474 36 20 30
internal_value=-0.000287838 -0.0192767 0.000200815 -0.000664685 0.0160559 -0.0109254 0.0493839 0.0249697 0.000122292 -0.0977618 -0.0691474 -0.0828973
internal_weight=216.842 5.44014 211.402 207.746 3.18419 2.29035 3.65581 2.58944 206.076 1.67026 2.25595 1.03246
internal_count=4800 148 4652 4557 80 69 95 71 4506 51 68 50
is_linear=0
shrinkage=0.08


Tree=50
num_leaves=15
num_cat=0
split_feature=4 4 0 1 3 4 2 4 2 4 0 4 1 0
split_gain=0.31744 1.9362 1.86811 3.46035 1.7691 1.70526 1.26767 1.142 2.83851 1.86743 1.81313 1.15823 0.695874 0.446371
threshold=52.500000000000007 56.500000000000007 2.5000000000000004 1.0000000180025095e-35 1.0000000180025095e-35 57.500000000000007 1.5000000000000002 47.500000000000007 1.5000000000000002 45.500000000000007 5.5000000000000009 49.500000000000007 1.5000000000000002 1.0000000180025095e-35
decision_type=2 2 2 2 2 2 2 2 2 2 2 2 2 2
left_child=7 2 3 -2 5 -3 -4 9 10 13 -9 -10 -11 -1
right_child=1 4 6 -5 -6 -7 -8 8 11 12 -12 -13 -14 -15
leaf_value=-0.0090457096081768534 0.051220606174057881 0.064812893556514248 -0.082791811727231532 -0.083696164724794339 0.079232470278540537 -0.0071244828766726942 0.033636538887099332 -0.007191163430675219 0.17594278618854092 -0.025182250392305337 0.060203072547741633 0.055335055422420495 -0.083099386403792427 0.0027105843760729291
leaf_weight=24.601274375803769 3.1305931210517866 2.296302502974874 4.822445934638381 1.9900610875338314 1.8634932655841101 25.845143765676767 0.68330841977149237 10.865558534860613 0.91925106383860056 3.8651289930567136 3.3402345851063719 1.1435166252776978 2.0223873630166054 129.34023520164192
leaf_count=385 25 50 162 64 25 693 25 215 23 86 91 31 65 2860
internal_value=-0.000274584 -0.00664853 -0.0359938 -0.00121266 0.00374425 -0.00125449 -0.0683421 0.00119609 0.021389 -0.000859294 0.00865537 0.109083 -0.045077 0.00083182
internal_weight=216.729 40.6313 10.6264 5.12065 30.0049 28.1414 5.50575 176.098 16.2686 159.829 14.2058 2.06277 5.88752 153.942
internal_count=4800 1044 276 89 768 743 187 3756 360 3396 306 54 151 3245
is_linear=0
shrinkage=0.08


Tree=51
num_leaves=15
num_cat=0
split_feature=4 2 0 1 4 2 4 4 4 0 0 3 4 0
split_gain=0.289822 1.22022 1.21129 1.96289 1.69638 0.928805 4.33841 2.33667 2.15048 1.75164 0.924286 1.42027 0.95199 0.506137
threshold=40.500000000000007 1.0000000180025095e-35 1.5000000000000002 1.0000000180025095e-35 56.500000000000007 1.0000000180025095e-35 39.500000000000007 6.5000000000000009 4.5000000000000009 4.5000000000000009 1.5000000000000002 1.0000000180025095e-35 44.500000000000007 4.5000000000000009
decision_type=2 2 2 2 2 2 2 2 2 2 2 2 2 2
left_child=5 2 4 -4 -2 6 8 13 -1 -9 12 -12 -3 -7
right_child=1 10 3 -5 -6 7 -8 9 -10 -11 11 -13 -14 -15
leaf_value=0.071069731741246589 -0.078336689893791681 0.041065730519049812 0.035005054862466356 -0.02769393286822747 0.0064727471021474902 -0.033634108258599811 0.1113609227426947 0.0081561538314220902 -0.0010734405830560207 -0.017476833926298209 -0.010821332274318354 0.047322956175987148 0.0048922553460626047 -0.082247560449032364
leaf_weight=2.8960812985897055 4.3333479892462519 5.9821678213775185 4.6980827590450636 9.9924181429669243 2.3162613715976477 4.4258533511310807 2.6601419597864142 64.213430960662663 30.427750118076801 23.235632632859051 35.457404853776097 2.9092760980129233 21.006728664971888 1.9856215650215743
leaf_count=39 67 66 113 273 30 124 34 1059 592 809 1161 47 301 85
internal_value=-0.000274565 -0.00385635 -0.0204657 -0.00764254 -0.048795 0.00211695 0.0130446 -0.00207247 0.00519632 0.00134535 0.00156699 -0.00641236 0.0129102 -0.0486896
internal_weight=216.54 86.6957 21.3401 14.6905 6.64961 129.845 35.984 93.8605 33.3238 87.4491 65.3556 38.3667 26.9889 6.41147
internal_count=4800 2058 483 386 97 2742 665 2077 631 1868 1575 1208 367 209
is_linear=0
shrinkage=0.08


Tree=52
num_leaves=12
num_cat=0
split_feature=4 4 4 4 2 0 4 4 4 0 1
split_gain=0.291306 1.72127 0.948983 2.26963 0.881668 0.681839 0.618455 0.312682 0.0909316 0.059709 0.00506571
threshold=75.500000000000014 79.500000000000014 69.500000000000014 67.500000000000014 1.5000000000000002 4.5000000000000009 71.500000000000014 56.500000000000007 83.500000000000014 1.5000000000000002 1.0000000180025095e-35
decision_type=2 2 2 2 2 2 2 2 2 2 2
left_child=2 10 3 7 6 8 -4 -1 -3 -5 -2
right_child=1 5 4 9 -6 -7 -8 -9 -10 -11 -12
leaf_value=-0.00088095457121553438 -0.091398567111893314 -0.02631203852519267 0.097944680374352805 -0.11427836861990065 -0.036959761287624099 0.066907441363648804 0.028517143602014693 0.0097979738050177536 0.0070294360223464181 -0.082746557302473142 -0.082241086205557257
leaf_weight=186.23506415681913 0.93746568448841461 1.2045059874653823 1.3262734329327934 0.70072578825056442 0.82631737645715464 1.0515395174734292 2.1560745779424906 19.373491418547928 0.92595458589494217 0.85125614516437054 0.65793503122404218
leaf_count=4032 14 20 33 15 17 35 61 474 25 36 38
internal_value=-0.000270684 -0.0198059 0.000170644 -0.000602238 0.0373308 0.014196 0.054959 0.000125269 -0.011821 -0.0969833 -0.0876221
internal_weight=216.247 4.7774 211.469 207.161 4.30867 3.182 3.48235 205.609 2.13046 1.55198 1.5954
internal_count=4800 132 4668 4557 111 80 94 4506 45 51 52
is_linear=0
shrinkage=0.08


Tree=53
num_leaves=16
num_cat=0
split_feature=4 4 0 1 4 1 2 4 4 1 0 0 4 1 0
split_gain=0.274384 1.65427 1.77195 3.14389 1.44592 1.98836 1.201 1.03704 1.01755 2.10943 2.28414 2.1683 1.6036 0.690589 0.417078
threshold=52.500000000000007 56.500000000000007 2.5000000000000004 1.0000000180025095e-35 58.500000000000007 1.0000000180025095e-35 1.5000000000000002 59.500000000000007 47.500000000000007 1.0000000180025095e-35 1.5000000000000002 5.5000000000000009 45.500000000000007 1.5000000000000002 1.0000000180025095e-35
decision_type=2 2 2 2 2 2 2 2 2 2 2 2 2 2 2
left_child=8 2 3 -2 5 -3 -4 -6 12 10 -10 -11 14 -14 -1
right_child=1 4 6 -5 7 -7 -8 -9 9 11 -12 -13 13 -15 -16
leaf_value=-0.0088763503580573562 0.048445272041307441 -0.020118476136803492 -0.082572605537461957 -0.083414105953763681 -0.059227517786304772 0.086952361601137368 0.02985173786603032 0.00045203788554138108 0.0059186172264938507 -0.032302562283480364 0.091099877946794 0.059428601343727405 -0.023166466378615014 -0.082837147331807928 0.0024980839040580649
leaf_weight=24.547959531657398 3.1390826255083066 1.8449067305773521 4.4343737028539181 1.8329923693090675 2.0242481445893672 2.78670659288764 0.70479324646294106 23.461935467086732 3.9570638686418551 6.2035113684833032 4.1044966988265514 2.246352300979197 3.7668340103700748 1.8514050655066965 129.32972278539091
leaf_count=385 25 26 162 64 48 66 25 628 26 171 90 73 86 65 2860
internal_value=-0.000254513 -0.00621525 -0.0342136 -0.000165667 0.00318445 0.0443029 -0.0671546 -0.00428803 0.0011079 0.0200133 0.0492882 -0.00791631 -0.000849233 -0.04283 0.000683531
internal_weight=216.236 40.229 10.1112 4.97207 30.1178 4.63161 5.13917 25.4862 176.007 16.5114 8.06156 8.44986 159.496 5.61824 153.878
internal_count=4800 1044 276 89 768 92 187 676 3756 360 116 244 3396 151 3245
is_linear=0
shrinkage=0.08


Tree=54
num_leaves=12
num_cat=0
split_feature=4 4 4 4 2 4 1 4 0 0 1
split_gain=0.250117 1.51445 0.780893 2.07631 0.722232 0.666155 1.60355 0.475043 0.284474 0.0496764 0.00038029
threshold=75.500000000000014 79.500000000000014 69.500000000000014 67.500000000000014 1.5000000000000002 80.500000000000014 1.0000000180025095e-35 71.500000000000014 4.5000000000000009 1.5000000000000002 1.0000000180025095e-35
decision_type=2 2 2 2 2 2 2 2 2 2 2
left_child=2 10 3 8 7 -3 -7 -4 -1 -5 -2
right_child=1 5 4 9 -6 6 -8 -9 -10 -11 -12
leaf_value=0.0020881150270514073 -0.084642202987103538 0.068115943728516579 0.085357012091107937 -0.11231580730985835 -0.034718479904493241 0.052428988682055054 -0.082821780323012392 0.025684461752853213 -0.0043753207131440484 -0.082538668759573983 -0.082071362451200308
leaf_weight=142.69796158466488 0.93194335419684537 0.97271829470992122 1.3963674316182726 0.65790826734155305 0.81080407369881857 1.1943210316821935 1.0580254807136951 2.1974588758312166 62.743068048264831 0.78805212210863829 0.60882357228547335
leaf_count=2536 14 11 33 15 17 22 47 61 1970 36 38
internal_value=-0.000257389 -0.0183812 0.000151406 -0.000558225 0.033483 0.0127895 -0.0111042 0.04887 0.000114138 -0.0960872 -0.0836264
internal_weight=216.057 4.76583 211.292 206.887 4.40463 3.22506 2.25235 3.59383 205.441 1.44596 1.54077
internal_count=4800 132 4668 4557 111 80 69 94 4506 51 52
is_linear=0
shrinkage=0.08


Tree=55
num_leaves=15
num_cat=0
split_feature=4 2 0 4 0 0 4 2 4 4 4 4 4 4
split_gain=0.242022 1.08883 1.09261 1.44565 1.31834 0.837678 1.20341 0.781256 3.31962 2.06578 1.81364 1.68717 0.755145 0.513523
threshold=40.500000000000007 1.0000000180025095e-35 3.5000000000000004 47.500000000000007 5.5000000000000009 1.5000000000000002 56.500000000000007 1.0000000180025095e-35 39.500000000000007 6.5000000000000009 38.500000000000007 7.5000000000000009 44.500000000000007 1.0000000180025095e-35
decision_type=2 2 2 2 2 2 2 2 2 2 2 2 2 2
left_child=7 2 3 -2 -4 12 -7 8 10 13 -1 -11 -3 -9
right_child=1 5 4 -5 -6 6 -8 9 -10 11 -12 -13 -14 -15
leaf_value=0.0086268412722870762 -0.083701799393632023 0.037270811239576193 0.028874060788407575 -0.018460428735896237 -0.027572548903432196 -0.016842754589951194 0.012656285436045682 -0.022771574133861473 0.094258074977832729 0.098200557647320719 -0.085769829063791242 -4.5086532047559677e-05 0.0051771562604691831 -0.068974342051446882
leaf_weight=32.075426833704114 3.0818149633705634 6.0569828487932709 4.9578774683177453 7.3766382336616516 5.6840162305161357 24.151350983418524 13.970401684287934 2.9749294072389594 2.8833044096827498 1.1334035582840432 1.3577635288238514 86.204085768200457 20.823330138809979 3.1909821117296815
leaf_count=607 56 66 122 146 159 753 455 99 34 20 24 1848 301 110
internal_value=-0.000243152 -0.00353191 -0.0193219 -0.0376852 -0.00127503 0.00159368 -0.0060323 0.0019381 0.0118962 -0.00192961 0.00479327 0.00122988 0.0124089 -0.0466824
internal_weight=215.922 86.1024 21.1003 10.4585 10.6419 65.0021 38.1218 129.82 36.3165 93.5034 33.4332 87.3375 26.8803 6.16591
internal_count=4800 2058 483 202 281 1575 1208 2742 665 2077 631 1868 367 209
is_linear=0
shrinkage=0.08


Tree=56
num_leaves=16
num_cat=0
split_feature=4 4 0 1 4 2 4 2 0 4 0 4 0 4 3
split_gain=0.240793 1.42589 1.6183 2.81425 1.17251 1.16386 0.912039 2.1874 1.55771 1.35182 0.894166 0.71178 0.702608 0.651061 0.388613
threshold=52.500000000000007 56.500000000000007 2.5000000000000004 1.0000000180025095e-35 60.500000000000007 1.5000000000000002 47.500000000000007 1.5000000000000002 1.0000000180025095e-35 45.500000000000007 6.5000000000000009 49.500000000000007 4.5000000000000009 62.500000000000007 1.0000000180025095e-35
decision_type=2 2 2 2 2 2 2 2 2 2 2 2 2 2 2
left_child=6 2 3 -2 10 -4 9 8 -8 14 -3 -9 -11 -6 -1
right_child=1 4 5 -5 13 -7 7 11 -10 12 -12 -13 -14 -15 -16
leaf_value=0.0012318029828061298 0.044782442451181563 0.036331315837363341 -0.082352304288509523 -0.083157729227794408 -0.043419727008415142 0.028471566112510616 -0.083957927461445384 0.13970127969138132 0.014955895052431183 -0.062892842886725045 -0.030836404145747301 0.049641824738657893 -0.0029830337441164945 -0.0023575973027114955 -0.022960094005079271
leaf_weight=149.49508521426469 3.1374344788491708 8.0840027304366249 4.0554831475019455 1.6947041545063255 2.8685521958395865 0.71312255039811123 1.1035009436309362 1.0633552819490426 13.298701001331208 3.3357174256816498 1.5045382380485524 1.1904157632961867 2.0064276494085789 17.843122315127403 4.3740343935787669
leaf_count=3131 25 149 162 64 85 25 30 23 276 81 40 31 70 494 114
internal_value=-0.000239035 -0.00584976 -0.0327163 -8.81122e-05 0.00266299 -0.0657791 0.00103393 0.0188457 0.00737709 -0.00082945 0.025792 0.0921329 -0.0403916 -0.00804467 0.0005441
internal_weight=215.768 39.901 9.60074 4.83214 30.3002 4.76861 175.867 16.656 14.4022 159.211 9.58854 2.25377 5.34215 20.7117 153.869
internal_count=4800 1044 276 89 768 187 3756 360 306 3396 189 54 151 579 3245
is_linear=0
shrinkage=0.08


Tree=57
num_leaves=11
num_cat=0
split_feature=4 4 4 4 2 0 4 0 0 0
split_gain=0.225932 1.32282 0.646643 1.89162 0.604152 0.57425 1.16458 0.432981 0.22072 0.0393442
threshold=75.500000000000014 79.500000000000014 69.500000000000014 67.500000000000014 1.5000000000000002 2.5000000000000004 80.500000000000014 2.5000000000000004 4.5000000000000009 1.5000000000000002
decision_type=2 2 2 2 2 2 2 2 2 2
left_child=2 -2 3 8 7 -3 -7 -4 -1 -5
right_child=1 5 4 9 -6 6 -8 -9 -10 -11
leaf_value=0.0018538959318591334 -0.07987282841744367 -0.028324210593831018 0.068445144844529515 -0.10978260989067144 -0.032871303859223724 0.11714924342847986 -0.011670928319314601 0.013363913793142593 -0.003853226320305529 -0.082364877327133462
leaf_weight=142.63564993906766 1.4910074295476068 1.3600263670086863 2.0427017807960506 0.61703150533139595 0.79978431202471245 0.74993468075990666 1.1197850448079405 1.6520407013595102 62.318092004396021 0.7327412087470293
leaf_count=2536 52 26 33 15 17 8 46 61 1970 36
internal_value=-0.000236694 -0.0175454 0.000150928 -0.000503072 0.0301702 0.011228 0.0399982 0.0438165 0.000118592 -0.0948985
internal_weight=215.519 4.72075 210.798 206.304 4.49453 3.22975 1.86972 3.69474 204.954 1.34977
internal_count=4800 132 4668 4557 111 80 54 94 4506 51
is_linear=0
shrinkage=0.08


Tree=58
num_leaves=13
num_cat=0
split_feature=4 4 4 4 2 0 0 4 1 4 0 4
split_gain=0.201622 0.888697 0.674883 1.7299 0.508322 2.04472 0.483799 0.189158 0.133541 0.0980592 0.0322361 3.50406e-05
threshold=74.500000000000014 79.500000000000014 69.500000000000014 67.500000000000014 1.0000000180025095e-35 2.5000000000000004 4.5000000000000009 56.500000000000007 1.0000000180025095e-35 83.500000000000014 1.5000000000000002 76.500000000000014
decision_type=2 2 2 2 2 2 2 2 2 2 2 2
left_child=2 8 3 7 -4 -6 9 -1 -2 -3 -5 -10
right_child=1 6 4 10 5 -7 -8 -9 11 -11 -12 -13
leaf_value=-0.00068481116285529556 -0.040484654573599815 -0.027689745455648729 0.075496588278831087 -0.10788645856084213 0.063225143364929251 -0.082271194944176312 0.051713646562411779 0.0075528431759201951 -0.083005430195474933 0.0071754194950315884 -0.082184863367832275 -0.081954819211291788
leaf_weight=185.15363371511921 1.2004557643085711 1.2002992182970054 1.2316232640296214 0.57919721119105705 1.8146985061466696 0.93754231417551626 1.1561176255345342 19.742331150919199 0.39025213103741396 0.90595271065831173 0.67782685160636902 0.42382707446813583
leaf_count=4032 18 20 24 15 26 45 35 474 21 25 36 29
internal_value=-0.000222688 -0.0156675 0.000165159 -0.000465088 0.0327785 0.0136623 0.0101312 0.000108911 -0.0574464 -0.0126933 -0.0940274 -0.0824585
internal_weight=215.414 5.2769 210.137 206.153 3.98386 2.75224 3.26237 204.896 2.01453 2.10625 1.25702 0.814079
internal_count=4800 148 4652 4557 95 71 80 4506 68 45 51 50
is_linear=0
shrinkage=0.08


Tree=59
num_leaves=15
num_cat=0
split_feature=4 4 0 1 3 2 4 4 1 0 0 4 1 0
split_gain=0.214839 1.26808 1.48228 2.51392 1.14235 1.1095 1.02729 0.757201 1.75153 1.88011 1.6672 1.17909 0.730806 0.394394
threshold=52.500000000000007 56.500000000000007 2.5000000000000004 1.0000000180025095e-35 1.0000000180025095e-35 1.5000000000000002 57.500000000000007 47.500000000000007 1.0000000180025095e-35 5.5000000000000009 1.5000000000000002 45.500000000000007 1.5000000000000002 1.0000000180025095e-35
decision_type=2 2 2 2 2 2 2 2 2 2 2 2 2 2
left_child=7 2 3 -2 6 -4 -3 11 10 -10 -9 13 -13 -1
right_child=1 4 5 -5 -6 -7 -8 8 9 -11 -12 12 -14 -15
leaf_value=-0.0087637655875974513 0.041034238836632646 0.04630729905962145 -0.082163500078755045 -0.0829163475543198 0.059740379708592015 0.025568669082724305 -0.0066909152778836835 0.0048979907319294039 -0.031845783022101629 0.052105906274492429 0.076456831513294216 -0.017871271935200744 -0.082489330454963539 0.0023055967120917545
leaf_weight=24.503498581238091 3.1427048817276937 2.575841832906014 3.7432915018871427 1.5705464584752915 2.0683641713112584 0.73134137224405993 25.643822045996785 3.9060657508671301 6.1343802288174611 2.3656807541847229 4.4663534723222256 3.5572784738615146 1.6349814003333447 129.30772023601457
leaf_count=385 25 50 162 64 25 25 693 26 171 73 90 86 65 2860
internal_value=-0.00021077 -0.00554423 -0.0315772 -0.000268493 0.00235289 -0.0645556 -0.00185333 0.000986342 0.0171004 -0.0084809 0.0430718 -0.000723588 -0.0382187 0.000542149
internal_weight=215.352 39.4759 9.18788 4.71325 30.288 4.47463 28.2197 175.876 16.8725 8.50006 8.37242 159.003 5.19226 153.811
internal_count=4800 1044 276 89 768 187 743 3756 360 244 116 3396 151 3245
is_linear=0
shrinkage=0.08


Tree=60
num_leaves=16
num_cat=0
split_feature=4 2 0 4 0 0 4 0 2 4 1 4 0 0 4
split_gain=0.192768 0.958272 1.00981 1.28446 1.1985 0.701722 1.14334 0.699444 1.91043 5.82322 1.74956 1.11042 3.34054 0.685564 0.614113
threshold=40.500000000000007 1.0000000180025095e-35 3.5000000000000004 47.500000000000007 5.5000000000000009 1.5000000000000002 44.500000000000007 4.5000000000000009 1.0000000180025095e-35 37.500000000000007 1.5000000000000002 31.500000000000004 3.5000000000000004 1.0000000180025095e-35 44.500000000000007
decision_type=2 2 2 2 2 2 2 2 2 2 2 2 2 2 2
left_child=7 2 3 -2 -4 14 -7 11 9 -9 -10 13 -13 -1 -3
right_child=1 5 4 -5 -6 6 -8 8 10 -11 -12 12 -14 -15 -16
leaf_value=-0.017359745921918916 -0.081288500878224534 0.03379853351821667 0.027581334176936978 -0.018218791729086647 -0.026378761974212829 -0.032451347612187133 0.0017827029901839946 -0.0054010066732987751 -0.0060797731676886383 0.13793575615600806 -0.051797078137599518 0.0065542214906770093 0.078211086262332932 0.0035765675271584845 0.004947238692209934
leaf_weight=12.770217992365358 2.8870122032240051 6.1260811462998417 5.0054214149713498 7.2724852608516812 5.5611619460396469 7.8964806981384745 29.830029683653265 12.155449522659181 16.627202899660919 2.1321404967457047 7.9039967092685393 27.15794937312603 4.9176649600267401 46.308275734074414 20.596437620930374
leaf_count=222 56 66 122 146 159 238 970 273 536 34 358 392 103 824 301
internal_value=-0.00021119 -0.00316926 -0.0181326 -0.0361412 -0.000817707 0.00164277 -0.00538278 0.00172732 -0.00726573 0.0159892 -0.02081 0.0055571 0.0175403 -0.000948959 0.0115613
internal_weight=215.148 85.1751 20.7261 10.1595 10.5666 64.449 37.7265 129.973 38.8188 14.2876 24.5312 91.1541 32.0756 59.0785 26.7225
internal_count=4800 2058 483 202 281 1575 1208 2742 1201 307 894 1541 495 1046 367
is_linear=0
shrinkage=0.08


Tree=61
num_leaves=15
num_cat=0
split_feature=4 4 0 1 2 3 4 4 2 0 4 1 4 3
split_gain=0.18474 1.13551 1.37307 2.26374 1.05786 0.931192 0.846099 0.629915 1.71352 1.33483 1.0209 0.716976 0.473167 0.331947
threshold=52.500000000000007 56.500000000000007 2.5000000000000004 1.0000000180025095e-35 1.5000000000000002 1.0000000180025095e-35 57.500000000000007 47.500000000000007 1.5000000000000002 1.0000000180025095e-35 45.500000000000007 1.5000000000000002 49.500000000000007 1.0000000180025095e-35
decision_type=2 2 2 2 2 2 2 2 2 2 2 2 2 2
left_child=7 2 3 -2 -4 6 -3 10 9 -9 13 -12 -10 -1
right_child=1 5 4 -5 -6 -7 -8 8 12 -11 11 -13 -14 -15
leaf_value=0.0011057184235896468 0.037982998331338939 0.041208015870264569 -0.082006315248414341 -0.082700001814008814 0.022779386728945996 0.052872344502013981 -0.0061885266944594229 -0.083646234712962036 0.11328878196703392 0.011688448204419971 -0.016329043563741149 -0.082301067625331181 0.042966401435567174 -0.021473583323065992
leaf_weight=149.38554846262559 3.1433302722871286 2.6618100292980733 3.4717210223898292 1.4552999306470153 0.74976090155541886 2.1528442483395329 25.531819053459913 1.0094644911587263 1.1997558698058122 13.649982273578642 3.4916249718517056 1.5103572234511373 1.2507504168897865 4.2866102890111497
leaf_count=3131 25 50 162 64 25 25 693 30 23 276 86 65 31 114
internal_value=-0.000216309 -0.0051849 -0.0304513 -0.000208801 -0.0633957 0.00215872 -0.00171374 0.000890746 0.0154745 0.0051236 -0.000681834 -0.0362494 0.0773959 0.00047588
internal_weight=214.951 39.1666 8.82011 4.59863 4.22148 30.3465 28.1936 175.784 17.11 14.6594 158.674 5.00198 2.45051 153.672
internal_count=4800 1044 276 89 187 768 743 3756 360 306 3396 151 54 3245
is_linear=0
shrinkage=0.08


Tree=62
num_leaves=11
num_cat=0
split_feature=4 4 1 4 4 4 0 2 4 0
split_gain=0.179231 1.03539 0.496619 1.30945 0.471553 1.56602 0.384558 2.18619 0.170047 0.0243207
threshold=75.500000000000014 79.500000000000014 1.0000000180025095e-35 80.500000000000014 69.500000000000014 67.500000000000014 2.5000000000000004 1.0000000180025095e-35 6.5000000000000009 1.5000000000000002
decision_type=2 2 2 2 2 2 2 2 2 2
left_child=4 -2 -3 -4 5 8 -6 -8 -1 -7
right_child=1 2 3 -5 6 9 7 -9 -10 -11
leaf_value=-0.010505727666491906 -0.073533603967111394 0.049516523808611171 0.044653141823908976 -0.082605347206155477 0.045378039695510561 -0.10534654118719282 0.087254777614054688 -0.082598298213606591 0.000595956207193317 -0.082172253950093477
leaf_weight=9.2489336868748051 1.3918499518185843 1.210449416190386 1.1049931682646277 0.97327949386090029 2.6416713390499345 0.53900171164423116 0.92808830551803101 1.0157716311514375 195.05978876678273 0.62695126608014107
leaf_count=255 52 22 11 47 38 15 22 51 4251 36
internal_value=-0.000212972 -0.0156962 0.0087817 -0.0149435 0.000132026 -0.000434212 0.0255048 -0.00150261 9.33896e-05 -0.0928854
internal_weight=214.741 4.68057 3.28872 2.07827 210.06 205.475 4.58553 1.94386 204.309 1.16595
internal_count=4800 132 80 58 4668 4557 111 73 4506 51
is_linear=0
shrinkage=0.08


Tree=63
num_leaves=12
num_cat=0
split_feature=4 4 4 2 0 0 1 1 0 4 0
split_gain=0.185502 1.38106 0.796297 1.49312 1.3206 1.12725 0.678802 0.598925 0.341404 0.999186 0.666191
threshold=16.500000000000004 17.500000000000004 10.500000000000002 1.5000000000000002 7.5000000000000009 5.5000000000000009 1.0000000180025095e-35 1.0000000180025095e-35 3.5000000000000004 63.500000000000007 2.5000000000000004
decision_type=2 2 2 2 2 2 2 2 2 2 2
left_child=2 7 4 6 5 -1 -4 -2 10 -10 -3
right_child=1 8 3 -5 -6 -7 -8 -9 9 -11 -12
leaf_value=-0.010644077266603498 -0.013328783972144067 -0.00041176737449987648 0.031788894512559618 0.10279510810761323 -0.083931499228120099 0.050296400120378212 -0.0067693958108285832 -0.084630254813829686 0.0065485888125361835 -0.028100293087055531 -0.017766830810363999
leaf_weight=10.504668634384869 1.3151056766510001 91.900119474157691 5.517570281401273 1.2666866867803044 1.3014659686014063 2.3833756344392905 6.2116971798241138 1.7670582644641399 69.993501424323767 5.7653197725303462 16.732926446013153
leaf_count=248 24 1383 73 40 44 77 169 45 2029 245 423
internal_value=-0.000202509 -0.00109805 0.00597326 0.0202799 -0.00713001 0.000625596 0.0113688 -0.0542072 -0.000210319 0.00391178 -0.003085
internal_weight=214.659 187.474 27.1855 12.996 14.1895 12.888 11.7293 3.08216 184.392 75.7588 108.633
internal_count=4800 4149 651 282 369 325 242 69 4080 2274 1806
is_linear=0
shrinkage=0.08


Tree=64
num_leaves=13
num_cat=0
split_feature=4 4 2 4 4 4 0 1 0 0 4 0
split_gain=0.155078 1.23174 0.740673 2.60294 3.43926 2.12945 1.89882 0.587496 0.548608 0.288603 0.931295 0.584139
threshold=16.500000000000004 17.500000000000004 1.0000000180025095e-35 14.500000000000002 7.5000000000000009 6.5000000000000009 3.5000000000000004 1.0000000180025095e-35 4.5000000000000009 3.5000000000000004 18.500000000000004 1.5000000000000002
decision_type=2 2 2 2 2 2 2 2 2 2 2 2
left_child=2 7 3 4 -1 8 -7 -2 -4 11 -11 -3
right_child=1 9 5 -5 -6 6 -8 -9 -10 10 -12 -13
leaf_value=0.051757908770276265 -0.012342758112532557 0.0012127018367154756 -0.027907208507015221 0.10783515901250519 -0.062358099574931311 0.033847226815866334 -0.035717839081661075 -0.084262286524562469 -0.081931448492600603 0.081455999814070312 0.0025756587961282365 -0.011345716621530014
leaf_weight=3.856716565787794 1.3069067224860182 73.321354633197188 4.1491274498403099 1.8868938833475111 3.0089729037135839 9.1849332498386485 3.4561126395128658 1.6380341141484678 1.6942202616482971 0.97030417714267869 75.060757311061025 35.028837591875345
leaf_count=54 24 920 124 29 64 137 158 45 85 33 2241 886
internal_value=-0.000195762 -0.00101586 0.0054446 0.0246162 0.00174516 -0.00363338 0.0148279 -0.0523458 -0.043571 -0.00019602 0.00358233 -0.00284734
internal_weight=214.563 187.326 27.237 8.75258 6.86569 18.4844 12.641 2.94494 5.84335 184.381 76.0311 108.35
internal_count=4800 4149 651 147 118 504 295 69 209 4080 2274 1806
is_linear=0
shrinkage=0.08


Tree=65
num_leaves=16
num_cat=0
split_feature=4 2 0 4 1 0 2 4 1 4 0 0 0 4 2
split_gain=0.136599 0.838775 0.927943 1.52511 1.38032 0.627577 1.51089 4.29912 1.59508 0.964234 2.42025 0.592708 0.538815 1.0527 0.584142
threshold=40.500000000000007 1.0000000180025095e-35 1.5000000000000002 56.500000000000007 1.0000000180025095e-35 4.5000000000000009 1.0000000180025095e-35 37.500000000000007 1.5000000000000002 31.500000000000004 3.5000000000000004 1.0000000180025095e-35 1.5000000000000002 44.500000000000007 1.5000000000000002
decision_type=2 2 2 2 2 2 2 2 2 2 2 2 2 2 2
left_child=5 2 3 -2 -4 9 7 -7 -8 11 -11 -1 14 -14 -3
right_child=1 12 4 -5 -6 6 8 -9 -10 10 -12 -13 13 -15 -16
leaf_value=-0.016436617409292392 -0.072927201614532977 0.01754021911734183 0.028601880630006765 0.0096823187710249354 -0.023716384820797159 -0.0060899963710640374 -0.0055698442695729265 0.1107772124578971 -0.050059797010243184 0.0064461227387520997 0.065451677032182021 0.0031368428224213115 -0.030830403989630162 0.0024359088276049794 -0.0093215722558007193
leaf_weight=12.599439843557773 3.9140174491331008 19.694319808855656 4.9370518643409005 2.2539217825978994 9.3200044264085573 12.249225229024885 16.5178442215547 2.4110618866980067 7.4989652712829402 27.129687372595072 5.3215872496366492 46.232596599496901 7.6668774457648388 29.563073255121708 7.0308469254523507
leaf_count=222 67 291 113 30 273 273 536 34 358 392 103 824 238 970 76
internal_value=-0.000194476 -0.00270086 -0.0168148 -0.0427396 -0.00559918 0.00143286 -0.00710771 0.0131302 -0.0194613 0.00505153 0.0161223 -0.001055 0.00180664 -0.00441472 0.0104734
internal_weight=214.341 84.3801 20.425 6.16794 14.2571 129.96 38.6771 14.6603 24.0168 91.2833 32.4513 58.832 63.9551 37.23 26.7252
internal_count=4800 2058 483 97 386 2742 1201 307 894 1541 495 1046 1575 1208 367
is_linear=0
shrinkage=0.08


Tree=66
num_leaves=14
num_cat=0
split_feature=0 0 4 1 4 4 4 4 4 4 0 0 4
split_gain=0.149296 0.962162 2.79493 2.0254 0.867278 3.97296 3.32066 2.02599 1.53555 0.410376 1.43117 1.04201 0.216814
threshold=6.5000000000000009 5.5000000000000009 7.5000000000000009 1.0000000180025095e-35 29.500000000000004 28.500000000000004 36.500000000000007 26.500000000000004 41.500000000000007 31.500000000000004 3.5000000000000004 4.5000000000000009 32.500000000000007
decision_type=2 2 2 2 2 2 2 2 2 2 2 2 2
left_child=1 9 -3 -4 5 7 12 -2 -8 11 -11 -1 -6
right_child=4 2 3 -5 6 -7 8 -9 -10 10 -12 -13 -14
leaf_value=-0.00097434467373177819 0.022321195105216601 0.12948421511219738 0.010346187821332724 -0.05363909907421064 -0.047715560078170211 0.18470787492137775 0.055452356931324352 -0.083146411186885219 -0.0020840449839352937 -0.0017312169884738026 0.019958780842603548 -0.034610221447665582 -0.082613615744651134
leaf_weight=58.73531911149621 9.0661997995339316 0.74766609165817399 5.0933108190074554 8.367748565040527 2.2813418451696661 0.89175366237759668 3.9658542945981017 1.3376675210893161 11.806249372195451 76.941675347741693 26.064772653393447 6.5520149357616893 2.2761490941047668
leaf_count=1046 293 24 145 376 79 21 94 41 423 1321 643 212 82
internal_value=-0.000196299 -0.00107565 -0.0210667 -0.0294287 0.00487822 0.0226513 -0.00499691 0.0087608 0.0123833 0.000612163 0.00375722 -0.00434993 -0.0651447
internal_weight=214.128 182.503 14.2087 13.4611 31.6252 11.2956 20.3296 10.4039 15.7721 168.294 103.006 65.2873 4.55749
internal_count=4800 3767 545 521 1033 355 678 334 517 3222 1964 1258 161
is_linear=0
shrinkage=0.08


Tree=67
num_leaves=14
num_cat=0
split_feature=4 2 4 0 4 4 0 2 4 4 0 4 4
split_gain=0.143069 0.895072 1.08465 0.729392 0.512248 1.42709 0.348465 3.59246 0.355757 0.134201 0.0198738 0.00980058 8.99746e-05
threshold=74.500000000000014 1.0000000180025095e-35 79.500000000000014 2.5000000000000004 69.500000000000014 67.500000000000014 4.5000000000000009 1.0000000180025095e-35 71.500000000000014 56.500000000000007 1.5000000000000002 76.500000000000014 81.500000000000014
decision_type=2 2 2 2 2 2 2 2 2 2 2 2 2
left_child=4 12 11 -4 5 9 8 -8 -6 -1 -7 -3 -2
right_child=1 2 3 -5 6 10 7 -9 -10 -11 -12 -13 -14
leaf_value=-0.00062523739006016359 -0.084672751197664986 -0.054360534978757251 -0.015042790519326159 0.072023781702944129 0.042758840119641449 -0.10376513720847465 0.21295985142791771 -0.081380123351988951 -0.012614136909573685 0.0062867089753422959 -0.082002242933291211 -0.042035421148523905 -0.083105449963378805
leaf_weight=184.00014026043937 0.49570660013705392 0.78516190452501156 1.062495790421963 1.4647107417695222 1.4447884596884244 0.50711298547685035 0.53771606646478154 0.5239937980659306 1.527808387763798 19.924537892453372 0.57086332328617573 0.87089546304196119 0.44473624415695667
leaf_count=4032 23 21 17 39 20 15 12 36 27 474 36 28 20
internal_value=-0.000203371 -0.0134106 0.00244327 0.035419 0.000120352 -0.000435198 0.0283505 0.067692 0.0142991 5.00969e-05 -0.0922402 -0.0478789 -0.0839316
internal_weight=214.161 5.12371 4.18326 2.52721 209.037 205.003 4.03431 1.06171 2.9726 203.925 1.07798 1.65606 0.940443
internal_count=4800 148 105 56 4652 4557 95 48 47 4506 51 49 43
is_linear=0
shrinkage=0.08


Tree=68
num_leaves=15
num_cat=0
split_feature=4 4 0 1 3 4 4 1 0 4 4 1 1 0
split_gain=0.15085 1.00521 1.33484 0.921136 0.744836 0.652442 0.520689 1.38158 2.05083 1.52009 0.900517 0.689526 0.295614 6.8059e-05
threshold=52.500000000000007 56.500000000000007 4.5000000000000009 1.0000000180025095e-35 1.0000000180025095e-35 57.500000000000007 47.500000000000007 1.0000000180025095e-35 1.0000000180025095e-35 51.500000000000007 45.500000000000007 1.5000000000000002 1.0000000180025095e-35 5.5000000000000009
decision_type=2 2 2 2 2 2 2 2 2 2 2 2 2 2
left_child=6 2 3 -2 5 -3 10 9 -9 -8 12 -12 -1 -4
right_child=1 4 13 -5 -6 -7 7 8 -10 -11 11 -13 -14 -15
leaf_value=-0.0038105488966658141 0.014245293738910751 0.035505855380847495 -0.082397415356995032 -0.049091984657088299 0.046653318513586485 -0.0054641617195332901 0.019615873372419452 0.11234935631824397 -0.021591753588178064 0.10286886306589665 -0.01541565512806323 -0.082110115540789522 0.0033410662579546314 -0.081455564528686436
leaf_weight=62.344721571076661 3.8479683492332679 2.7595247812569204 0.72192866541445289 2.3775433395057917 2.2258847318589678 25.249863566830754 6.9981125108897704 0.8080975152552109 7.7301392164081335 1.7557846829295156 3.445475452579557 1.3932681540027259 90.960801192559302 1.5351785104721782
leaf_count=963 49 50 28 105 25 693 93 24 220 23 86 65 2282 94
internal_value=-0.000196062 -0.0047157 -0.029052 -0.00994342 0.00211193 -0.00142774 0.000801398 0.0139816 -0.00891496 0.0363141 -0.000639778 -0.0346197 0.000432721 -0.0817568
internal_weight=214.154 38.7179 8.48262 6.22551 30.2353 28.0094 175.436 17.2921 8.53824 8.7539 158.144 4.83874 153.306 2.25711
internal_count=4800 1044 276 154 768 743 3756 360 244 116 3396 151 3245 122
is_linear=0
shrinkage=0.08


Tree=69
num_leaves=13
num_cat=0
split_feature=4 4 0 4 0 4 4 1 0 4 4 0
split_gain=0.14018 1.51082 2.11195 1.05406 0.833482 0.643953 1.08161 7.40678 1.35968 0.604043 0.571967 2.86941e-07
threshold=60.500000000000007 59.500000000000007 2.5000000000000004 58.500000000000007 2.5000000000000004 62.500000000000007 63.500000000000007 1.5000000000000002 2.5000000000000004 56.500000000000007 61.500000000000007 4.5000000000000009
decision_type=2 2 2 2 2 2 2 2 2 2 2 2
left_child=1 3 -3 9 -5 10 7 -7 -8 -1 -2 -12
right_child=5 2 -4 4 -6 6 8 -9 -10 -11 11 -13
leaf_value=-0.00054167726677145026 -0.0099440019699948111 0.12000510501970475 -0.019538533224694125 -0.12193208089387492 -0.016050120550276034 -0.10754230334197855 0.014971419592128622 0.2489509847661617 -0.031826635096547526 0.027043131283231797 -0.082652247608074672 -0.082729511667627473
leaf_weight=183.77165751764551 1.5647092331200865 1.5781159065663808 1.2391917202621696 0.79324113205075164 1.1890119025483725 0.77386070881039148 8.5022837487049383 0.72006930038332939 7.4593828525394192 5.2249613758176556 0.67422717995941639 0.56574938725680113
leaf_count=4032 36 19 30 12 36 26 159 16 293 92 25 24
internal_value=-0.000191761 0.00047018 0.0586269 -0.000387744 -0.0584211 -0.00652343 -0.000806423 0.0642863 -0.00689877 0.000220927 -0.0421046 -0.0826875
internal_weight=214.056 193.796 2.81731 190.979 1.98225 20.2603 17.4556 1.49393 15.9617 188.997 2.80469 1.23998
internal_count=4800 4221 49 4172 48 579 494 42 452 4124 85 49
is_linear=0
shrinkage=0.08


Tree=70
num_leaves=14
num_cat=0
split_feature=4 4 2 4 0 4 0 0 4 3 0 4 0
split_gain=0.147403 0.71677 1.20491 0.789272 0.699147 0.586605 0.558987 1.31292 4.03592 1.07583 2.2169 1.02209 0.284427
threshold=50.500000000000007 47.500000000000007 1.5000000000000002 45.500000000000007 4.5000000000000009 48.500000000000007 2.5000000000000004 1.5000000000000002 71.500000000000014 1.0000000180025095e-35 3.5000000000000004 53.500000000000007 6.5000000000000009
decision_type=2 2 2 2 2 2 2 2 2 2 2 2 2
left_child=1 3 5 12 -5 -3 7 11 -9 10 -8 -2 -1
right_child=6 2 -4 4 -6 -7 9 8 -10 -11 -12 -13 -14
leaf_value=-0.00098606394452999189 -0.055312568415552557 0.033999309128231223 0.077459582551916553 -0.057212023983172218 0.0062674751668948918 -0.0062794413785072821 -0.083258905293708094 0.079200701763982556 -0.09016611187888629 0.036957446565640137 -0.0081855957435773858 0.0019712798418796162 0.0087565781271347707
leaf_weight=130.94315608916804 2.3213111013174119 3.6647591702640021 1.9420334026217467 2.8940310142934313 1.8016933314502237 6.2785351555794477 2.9553988794796231 3.9266330776736131 1.1684042890556154 2.4407934658229342 16.98667196650058 14.113523688632993 22.468416342977434
leaf_count=2551 48 74 37 81 70 127 101 110 29 35 635 208 694
internal_value=-0.000191153 0.000876212 0.019823 -0.000548066 -0.0328557 0.00856593 -0.00432308 0.00487999 0.0403612 -0.0131754 -0.0193114 -0.00611968 0.000440828
internal_weight=213.905 169.993 11.8853 158.107 4.69572 9.94329 43.9127 21.5299 5.09504 22.3829 19.9421 16.4348 153.412
internal_count=4800 3634 238 3396 151 201 1166 395 139 771 736 256 3245
is_linear=0
shrinkage=0.08


Tree=71
num_leaves=12
num_cat=0
split_feature=4 4 4 0 2 4 1 1 0 4 4
split_gain=0.1351 1.07777 0.608003 1.21851 1.10701 1.0213 0.583651 0.523153 0.243764 0.758396 0.497561
threshold=16.500000000000004 17.500000000000004 10.500000000000002 7.5000000000000009 1.5000000000000002 7.5000000000000009 1.0000000180025095e-35 1.0000000180025095e-35 3.5000000000000004 63.500000000000007 26.500000000000004
decision_type=2 2 2 2 2 2 2 2 2 2 2
left_child=2 6 3 5 7 -1 -2 -4 10 -10 -3
right_child=1 8 4 -5 -6 -7 -8 -9 9 -11 -12
leaf_value=0.013038043331854068 -0.010665168594796545 -0.014914568937667405 0.027362742578058867 -0.08389722486052055 0.0849928007532567 -0.040347100903845988 -0.0839200958615057 -0.0065131832375365387 0.0054842040246778738 -0.02538230346535756 -0.00024538805494205067
leaf_weight=9.9169685207307321 1.2898070355877271 17.704959908500314 5.5252526402473414 1.1904613226652152 1.3897776314988739 2.9834517668932685 1.512160028796643 6.1819991711527109 70.654979003127664 5.4903683746233574 90.142652343027294
leaf_count=247 24 283 73 44 40 78 45 169 2029 245 1523
internal_value=-0.000189827 -0.000956719 0.00507911 -0.00645468 0.0174881 0.000691779 -0.0501992 0.0094746 -0.000206821 0.00325861 -0.00265358
internal_weight=213.983 186.795 27.1879 14.0909 13.097 12.9004 2.80197 11.7073 183.993 76.1453 107.848
internal_count=4800 4149 651 369 282 325 69 242 4080 2274 1806
is_linear=0
shrinkage=0.08


Tree=72
num_leaves=15
num_cat=0
split_feature=0 4 4 4 4 2 1 4 4 0 4 4 4 4
split_gain=0.138426 0.537084 3.03839 2.72504 1.4145 0.883271 0.356898 1.86892 4.24578 2.53646 0.856405 0.830954 0.344563 6.0619e-05
threshold=1.5000000000000002 22.500000000000004 25.500000000000004 21.500000000000004 27.500000000000004 1.0000000180025095e-35 1.0000000180025095e-35 44.500000000000007 52.500000000000007 2.5000000000000004 80.500000000000014 56.500000000000007 23.500000000000004 82.500000000000014
decision_type=2 2 2 2 2 2 2 2 2 2 2 2 2 2
left_child=1 3 12 5 -4 -1 7 9 -9 -2 11 -8 -3 -12
right_child=6 2 4 -5 -6 -7 10 8 -10 -11 13 -13 -14 -15
leaf_value=0.036847273982936447 -0.083883995432355279 -0.087278766737643107 0.055775367868336138 0.11157906170318253 0.00083825401655871509 -0.0040450342176404962 -0.0014942230829296113 0.058661937383000094 -0.028064732104652358 -0.010888340640085458 -0.083124251262686716 0.020732768298023882 -0.044438748133889192 -0.081709705108933231
leaf_weight=4.3380182571709218 3.4892529109492925 1.9049202278256405 3.1610738001763812 1.664784401655196 58.689587983302772 15.316851125098763 70.153524280525744 7.2396814748644811 7.211192995775491 24.014586030971259 0.36450779624283214 12.715669652912764 3.2542775683104992 0.41422454779967666
leaf_count=55 90 21 36 18 750 182 2155 146 251 627 12 385 42 30
internal_value=-0.000181944 0.00224471 -0.00127397 0.0133043 0.00364599 0.00498029 -0.00188848 -0.00790991 0.0153841 -0.0201489 0.00113165 0.00191635 -0.0602565 -0.0823718
internal_weight=213.932 88.3295 67.0099 21.3197 61.8507 19.6549 125.603 41.9547 14.4509 27.5038 83.6479 82.8692 5.1592 0.778732
internal_count=4800 1104 849 255 786 237 3696 1114 397 717 2582 2540 63 42
is_linear=0
shrinkage=0.08


Tree=73
num_leaves=16
num_cat=0
split_feature=4 2 0 4 1 0 0 4 4 4 1 0 4 4 0
split_gain=0.16338 0.73622 0.813576 1.2702 1.03358 0.566308 1.32776 1.69616 0.881036 0.770703 1.88854 0.551723 0.548856 0.844437 0.737062
threshold=40.500000000000007 1.0000000180025095e-35 1.5000000000000002 56.500000000000007 1.0000000180025095e-35 4.5000000000000009 5.5000000000000009 39.500000000000007 15.500000000000002 31.500000000000004 1.0000000180025095e-35 1.0000000180025095e-35 79.500000000000014 73.500000000000014 4.5000000000000009
decision_type=2 2 2 2 2 2 2 2 2 2 2 2 2 2 2
left_child=5 2 3 -2 -4 9 8 -8 -7 11 -11 -1 13 -3 -14
right_child=1 12 4 -5 -6 6 7 -9 -10 10 -12 -13 14 -15 -16
leaf_value=-0.015444688456224343 -0.069063750428505349 0.0015047147130251768 0.022736427531297156 0.0068433850934185182 -0.0220655749148254 -0.083349207172506032 -0.0028217550972984263 0.074540680178314458 -0.020569680123787775 -0.0092107978896839512 0.030134496969900029 0.0035530711354379357 0.006177058777051601 -0.051889519517562176 0.098068809684756189
leaf_weight=12.425315422937272 3.7913193027488914 59.530576101504266 5.1785619244910768 2.2470794203691185 9.0633253748528642 1.7070635957643379 25.835115466732535 1.9507379168644536 8.8358539137989265 12.77853577211499 20.071024220436811 46.015866105444729 1.5937403878197067 1.9580003554001439 0.86013251449912775
leaf_count=222 67 1458 113 30 273 70 863 33 235 135 360 824 32 61 24
internal_value=-0.000183962 -0.0029272 -0.0162084 -0.0408163 -0.0057749 0.00159851 -0.00656228 0.00260956 -0.0307347 0.00502485 0.0148291 -0.000486087 0.00128512 -0.000195535 0.038387
internal_weight=213.842 84.2227 20.2803 6.0384 14.2419 129.62 38.3288 27.7859 10.5429 91.2907 32.8496 58.4412 63.9424 61.4886 2.45387
internal_count=4800 2058 483 97 386 2742 1201 896 305 1541 495 1046 1575 1519 56
is_linear=0
shrinkage=0.08


Tree=74
num_leaves=15
num_cat=0
split_feature=4 0 4 1 2 4 4 4 2 4 4 0 1 4
split_gain=0.149375 0.912228 1.41387 2.41587 1.18765 1.04927 2.91284 2.15319 0.573942 3.92893 2.35476 0.729608 1.74208 1.45025
threshold=38.500000000000007 1.0000000180025095e-35 37.500000000000007 1.5000000000000002 1.5000000000000002 27.500000000000004 25.500000000000004 32.500000000000007 1.5000000000000002 40.500000000000007 47.500000000000007 4.5000000000000009 1.5000000000000002 39.500000000000007
decision_type=2 2 2 2 2 2 2 2 2 2 2 2 2 2
left_child=1 5 4 -4 -3 6 -1 -7 11 -10 -11 12 -2 -13
right_child=8 2 3 -5 -6 7 -8 -9 9 10 -12 13 -14 -15
leaf_value=-0.012260267668304051 -0.0019940290681362011 0.0059873698819007419 0.0073016715236742394 0.13240345722794963 -0.021923925208619598 -0.085236625629107318 0.12352940596374554 -0.0040373506054944648 0.13804700320367339 -0.054063301064632807 0.019030767094666452 -0.083703367533499287 -0.034591211845617705 0.0095149250104887683
leaf_weight=8.6205970318987983 39.988506306894124 83.352751330472529 2.9751187805086365 1.479083241894841 11.05036204960197 3.3292701393365842 1.1453560143709172 5.6151512451469898 1.4275127639994014 3.9033080618828526 10.170332600362597 1.1147310622036481 14.225383890327064 25.544266066048294
leaf_count=159 671 1858 48 37 300 59 18 67 31 99 221 30 410 792
internal_value=-0.000181243 0.00173265 0.00479839 0.0488436 0.00272021 -0.0144653 0.00366522 -0.0342611 -0.00251602 0.0115854 -0.00124179 -0.00521889 -0.0105473 0.00561705
internal_weight=213.942 117.568 98.8573 4.4542 94.4031 18.7104 9.76595 8.94442 96.374 15.5012 14.0736 80.8729 54.2139 26.659
internal_count=4800 2546 2243 85 2158 303 177 126 2254 351 320 1903 1081 822
is_linear=0
shrinkage=0.08


Tree=75
num_leaves=15
num_cat=0
split_feature=0 4 4 4 4 2 4 1 4 4 0 4 3 4
split_gain=0.174219 0.449697 2.67009 2.22511 0.934194 0.741859 0.31895 0.317742 1.48609 3.4346 2.39691 0.809887 0.788655 6.4264e-05
threshold=1.5000000000000002 22.500000000000004 25.500000000000004 21.500000000000004 27.500000000000004 1.0000000180025095e-35 23.500000000000004 1.0000000180025095e-35 44.500000000000007 52.500000000000007 2.5000000000000004 80.500000000000014 1.0000000180025095e-35 82.500000000000014
decision_type=2 2 2 2 2 2 2 2 2 2 2 2 2 2
left_child=1 3 6 5 -4 -1 -3 8 10 -10 -2 12 -9 -13
right_child=7 2 4 -5 -6 -7 -8 11 9 -11 -12 13 -14 -15
leaf_value=0.033877566896386865 -0.083577462185447107 -0.083619393824711938 0.044855482963927759 0.099694899330578846 0.0014910338882375993 -0.0034056869126501215 -0.041620800521718355 -0.0003767880016109164 0.049575514635140212 -0.027451028487541069 -0.01017858017639312 -0.083104771185438853 0.034124694207276672 -0.081616091479833786
leaf_weight=4.4068131744861665 3.2346653221175101 1.8281405977904785 3.3623459301888934 1.7273765690624703 58.44393415749073 15.186427567154167 3.1535539403557777 78.753071203827858 7.7062230017036182 7.1352967363782227 23.784838836174458 0.3513307236134996 4.4815494781360021 0.39338892605155706
leaf_count=55 90 21 36 18 750 182 42 2444 146 251 627 12 96 30
internal_value=-0.000190211 0.00253803 -0.000691141 0.0126536 0.00385012 0.00497988 -0.0570331 -0.00210042 -0.00779418 0.0125438 -0.0189656 0.000737731 0.00148085 -0.0823184
internal_weight=213.949 88.1086 66.788 21.3206 61.8063 19.5932 4.98169 125.84 41.861 14.8415 27.0195 83.9793 83.2346 0.74472
internal_count=4800 1104 849 255 786 237 63 3696 1114 397 717 2582 2540 42
is_linear=0
shrinkage=0.08


Tree=76
num_leaves=15
num_cat=0
split_feature=0 4 4 4 4 0 2 1 3 4 4 4 4 4
split_gain=0.14798 0.37683 2.40556 2.39317 1.78662 0.64016 0.613197 0.273792 1.44663 1.48176 0.761186 2.12248 1.44475 0.000535687
threshold=1.5000000000000002 22.500000000000004 26.500000000000004 27.500000000000004 21.500000000000004 1.0000000180025095e-35 1.0000000180025095e-35 1.0000000180025095e-35 1.0000000180025095e-35 44.500000000000007 42.500000000000007 56.500000000000007 39.500000000000007 46.500000000000007
decision_type=2 2 2 2 2 2 2 2 2 2 2 2 2 2
left_child=1 4 5 -4 6 -3 -1 8 9 -2 12 -12 -9 -10
right_child=7 2 3 -5 -6 -7 -8 10 13 -11 11 -13 -14 -15
leaf_value=0.030488557281447694 -0.015811451242376443 -0.084649180458931786 0.091497420140431898 0.0013709434267343756 0.087804670290240347 -0.030118712239112461 -0.0031375329609566612 0.001303742128317191 -0.082778645818459493 0.016317419560676102 -0.028991513981894448 0.013793012215230318 0.040291099528661681 -0.085837743896268401
leaf_weight=4.5007646828889909 25.780775544699281 2.0230203643441191 1.9484213292598713 58.476934179663658 1.8010635301470745 4.3200605697929859 15.166474633850155 47.098283343948424 0.8919332269579161 14.272979736328123 16.339945519343022 13.594961187802253 6.9853058364242306 0.62172804400324821
leaf_count=55 686 41 21 750 18 37 182 1413 34 382 583 427 159 12
internal_value=-0.000189072 0.00232172 -0.000642783 0.00427708 0.0115416 -0.0475103 0.00455766 -0.00195315 -0.00726372 -0.00436247 0.000674201 -0.00956089 0.00633926 -0.0840352
internal_weight=213.823 88.2367 66.7684 60.4254 21.4683 6.34308 19.6672 125.586 41.5674 40.0538 84.0185 29.9349 54.0836 1.51366
internal_count=4800 1104 849 771 255 78 237 3696 1114 1068 2582 1010 1572 46
is_linear=0
shrinkage=0.08


Tree=77
num_leaves=15
num_cat=0
split_feature=4 0 4 1 0 4 4 4 2 4 4 0 1 0
split_gain=0.159489 0.886137 1.12222 1.66194 1.15865 0.8738 2.03896 1.87523 0.486013 2.81051 2.02183 0.611384 1.56402 1.40245
threshold=38.500000000000007 1.0000000180025095e-35 37.500000000000007 1.5000000000000002 4.5000000000000009 27.500000000000004 32.500000000000007 25.500000000000004 1.5000000000000002 40.500000000000007 47.500000000000007 4.5000000000000009 1.5000000000000002 5.5000000000000009
decision_type=2 2 2 2 2 2 2 2 2 2 2 2 2 2
left_child=1 5 4 -4 -3 7 -7 -1 11 -10 -11 12 -2 -13
right_child=8 2 3 -5 -6 6 -8 -9 9 10 -12 13 -14 -15
leaf_value=-0.011830364407468265 -0.0019977076530937011 0.0093618753433924017 0.0072865795882840504 0.10706035679588304 -0.0093193055592011576 -0.08482364354489326 -0.0039470282182982744 0.089411240541109188 0.10990349873727193 -0.051466757051504025 0.017083941000158833 0.032443623004804703 -0.033195819718570621 -0.0073086965357686317
leaf_weight=8.5532469265162963 39.963067623320967 61.610455212183297 2.9651018762961021 1.6703939214348791 32.434365645051003 3.0959836803376657 5.6099375821650028 1.3566028252243985 1.6247854316607107 3.7569452999159685 10.310668315272776 8.1526200110092777 13.847627683542667 18.726902813185006
leaf_count=159 671 1080 48 37 1078 59 67 18 31 99 221 209 410 613
internal_value=-0.000188196 0.00179302 0.00481314 0.0432399 0.00291907 -0.0142163 -0.0327082 0.00202904 -0.00259931 0.0102826 -0.00122344 -0.00510454 -0.0100262 0.00474827
internal_weight=213.679 117.296 98.6803 4.6355 94.0448 18.6158 8.70592 9.90985 96.3826 15.6924 14.0676 80.6902 53.8107 26.8795
internal_count=4800 2546 2243 85 2158 303 126 177 2254 351 320 1903 1081 822
is_linear=0
shrinkage=0.08


Tree=78
num_leaves=15
num_cat=0
split_feature=4 0 0 4 4 3 0 4 4 2 4 0 4 3
split_gain=0.138848 0.575978 1.10616 3.24312 1.06493 1.68531 0.888754 0.86071 0.453871 0.807014 0.698658 0.765002 0.454615 0.281133
threshold=50.500000000000007 2.5000000000000004 1.5000000000000002 71.500000000000014 56.500000000000007 1.0000000180025095e-35 5.5000000000000009 53.500000000000007 47.500000000000007 1.5000000000000002 45.500000000000007 5.5000000000000009 48.500000000000007 1.0000000180025095e-35
decision_type=2 2 2 2 2 2 2 2 2 2 2 2 2 2
left_child=8 2 7 -4 6 -6 -3 -2 10 12 13 -12 -10 -1
right_child=1 4 3 -5 5 -7 -8 -9 9 -11 11 -13 -14 -15
leaf_value=0.001184514929907562 -0.050947891045797625 -0.063776469954315393 0.068486369169161176 -0.089454899794872006 -0.011356082230522415 0.06903945401811265 -0.0068261216694040696 0.002232243494491787 0.027957205112748573 0.060080262722289904 -0.010393803348624903 -0.082588248075677731 -0.006936956414836255 -0.019951567610686338
leaf_weight=148.61433108570054 2.2614304679445985 3.9902945654466775 4.1921126088127485 1.0380958653986452 13.267479324247685 1.9088660478591926 3.1289387587457895 14.043081729207186 3.8330537769943458 2.1563236359506837 3.2873669099062672 1.3151793358847497 6.3452622294425964 4.1397519097663453
leaf_count=3131 48 130 110 29 487 21 133 208 74 37 99 52 127 114
internal_value=-0.000192022 -0.00420606 0.00512532 0.0371381 -0.013219 -0.00124401 -0.0387465 -0.00514382 0.000844781 0.0156224 -0.000313589 -0.0310234 0.00620384 0.000611711
internal_weight=213.522 43.8303 21.5347 5.23021 22.2956 15.1763 7.11923 16.3045 169.691 12.3346 157.357 4.60255 10.1783 152.754
internal_count=4800 1166 395 139 771 508 263 256 3634 238 3396 151 201 3245
is_linear=0
shrinkage=0.08


Tree=79
num_leaves=13
num_cat=0
split_feature=4 4 1 2 4 4 4 0 0 0 4 0
split_gain=0.136526 0.929938 0.589837 0.531269 1.92623 1.89287 2.93279 1.45544 0.544883 0.199703 1.72505 1.01463
threshold=16.500000000000004 17.500000000000004 1.0000000180025095e-35 1.0000000180025095e-35 6.5000000000000009 14.500000000000002 7.5000000000000009 3.5000000000000004 4.5000000000000009 6.5000000000000009 24.500000000000004 5.5000000000000009
decision_type=2 2 2 2 2 2 2 2 2 2 2 2
left_child=3 2 -2 5 8 6 -1 -6 -5 11 -11 -3
right_child=1 9 -4 4 7 -7 -8 -9 -10 10 -12 -13
leaf_value=0.045074543077924904 -0.0079985174072666424 0.00048191372889206323 -0.083620805660708494 -0.026204450352354032 0.030970560401430616 0.088568600522743055 -0.061095082992790609 -0.031733285185136108 -0.081877142716843598 0.059855951943036313 -0.0014403397080614655 -0.023614452424650649
leaf_weight=4.006921764463188 1.2474230630323284 144.23344694310799 1.4020137544721363 4.0599251268431571 9.209595440886913 2.0499714855104685 2.8492531199008226 3.1896126540377727 1.5564583628438411 3.3443898227997151 24.206961982883513 12.123709225095807
leaf_count=54 24 2722 45 124 137 29 64 158 85 97 786 475
internal_value=-0.000189271 -0.000957806 -0.0480159 0.0051364 -0.00276522 0.02112 0.000953128 0.0148404 -0.0416329 -0.000279874 0.00600026 -0.00138648
internal_weight=213.48 186.558 2.64944 26.9217 18.0156 8.90615 6.85617 12.3992 5.61638 183.909 27.5514 156.357
internal_count=4800 4149 69 651 504 147 118 295 209 4080 883 3197
is_linear=0
shrinkage=0.08


Tree=80
num_leaves=15
num_cat=0
split_feature=1 4 4 4 0 0 0 3 0 4 4 4 0 0
split_gain=0.119231 0.884091 3.16341 1.32391 2.7379 1.77133 0.84365 0.797732 1.40549 1.13525 1.57193 0.234729 0.00197651 0.000777734
threshold=1.5000000000000002 36.500000000000007 37.500000000000007 30.500000000000004 6.5000000000000009 7.5000000000000009 7.5000000000000009 1.0000000180025095e-35 3.5000000000000004 72.500000000000014 62.500000000000007 51.500000000000007 2.5000000000000004 6.5000000000000009
decision_type=2 2 2 2 2 2 2 2 2 2 2 2 2 2
left_child=1 3 12 5 -5 -1 -4 9 11 10 -2 -9 -3 -11
right_child=7 2 6 4 -6 -7 -8 8 -10 13 -12 -13 -14 -15
leaf_value=-0.0030138369512321718 -0.007050344077592776 -0.088296919723333908 0.00071817188826716759 0.039215072716621176 -0.050937729477385181 0.051489953771428273 -0.034201213947137661 -0.024232552189267176 0.10337887039547682 -0.082266864666872219 0.042624879334250382 0.023978039536984169 -0.084040165825104055 -0.086772465979765581
leaf_weight=49.425413728225976 58.91358866984956 1.1102609001100057 66.018221186473966 15.197605146095158 2.5123545201495281 4.1354486909694961 4.7463684389367691 1.327212370932102 1.2210256233811376 0.80186288710683473 4.3800369240343562 1.2598998639732597 1.8805680461227892 0.35318848071619868
leaf_count=969 1665 16 1264 237 83 116 143 30 26 54 124 11 43 19
internal_value=-0.000187635 0.00111001 -0.00503007 0.00746414 0.0264259 0.00119442 -0.00162396 -0.00294476 0.0326344 -0.00504706 -0.00361273 -0.000754437 -0.0856204 -0.0836446
internal_weight=213.283 145.026 73.7554 71.2708 17.71 53.5609 70.7646 68.2568 3.80814 64.4487 63.2936 2.58711 2.99083 1.15505
internal_count=4800 2871 1466 1405 320 1085 1407 1929 67 1862 1789 41 59 73
is_linear=0
shrinkage=0.08


Tree=81
num_leaves=15
num_cat=0
split_feature=4 0 4 4 1 0 4 4 4 2 4 0 4 0
split_gain=0.125763 0.474563 0.989206 2.05904 1.50061 0.904825 2.68604 0.733357 0.399529 0.639999 0.597604 0.72395 0.387414 0.263686
threshold=50.500000000000007 2.5000000000000004 73.500000000000014 63.500000000000007 1.0000000180025095e-35 1.5000000000000002 71.500000000000014 53.500000000000007 47.500000000000007 1.5000000000000002 45.500000000000007 5.5000000000000009 48.500000000000007 6.5000000000000009
decision_type=2 2 2 2 2 2 2 2 2 2 2 2 2 2
left_child=8 5 3 -3 -4 7 -7 -2 10 12 13 -12 -10 -1
right_child=1 2 4 -5 -6 6 -8 -9 9 -11 11 -13 -14 -15
leaf_value=-0.00083318532399282959 -0.047719782101341902 -0.0041427343886007049 0.12968939239948304 -0.06586221574571785 -0.0048059600323308374 0.058692700327869031 -0.089048509861907391 0.0016922932635865596 0.025964281222384977 0.053179098441637686 -0.0096265896996662603 -0.08234231802038694 -0.0061837747716164109 0.0085503176908133978
leaf_weight=130.03847597306594 2.2260397286154392 14.865739950444555 0.74828323116525952 4.5085904365405431 1.8277852684259412 4.4700436452403656 0.95600918401032675 14.090035901870577 3.8752156682312471 2.2537525780498973 3.262337924912571 1.198052763007581 6.2982115522027016 22.479452991858125
leaf_count=2551 48 478 29 186 78 110 29 208 74 37 99 52 127 694
internal_value=-0.000188161 -0.00401497 -0.0123128 -0.0185054 0.0342616 0.00436232 0.0326624 -0.00504911 0.000798839 0.0146069 -0.000294278 -0.0291579 0.00606192 0.000549839
internal_weight=213.098 43.6925 21.9504 19.3743 2.57607 21.7421 5.42605 16.3161 169.405 12.4272 156.978 4.46039 10.1734 152.518
internal_count=4800 1166 771 664 107 395 139 256 3634 238 3396 151 201 3245
is_linear=0
shrinkage=0.08


Tree=82
num_leaves=12
num_cat=0
split_feature=4 4 0 4 0 4 1 4 4 1 1
split_gain=0.133629 1.29688 0.647356 1.07022 0.922433 0.804519 0.329593 0.149724 1.22541 1.14561 0.0166861
threshold=69.500000000000014 67.500000000000014 4.5000000000000009 72.500000000000014 5.5000000000000009 71.500000000000014 1.0000000180025095e-35 60.500000000000007 59.500000000000007 1.5000000000000002 1.0000000180025095e-35
decision_type=2 2 2 2 2 2 2 2 2 2 2
left_child=1 7 3 -2 -4 -6 -5 8 -1 -9 -3
right_child=2 10 4 6 5 -7 -8 9 -10 -11 -12
leaf_value=-0.00043596710735405863 0.043984989204786398 -0.10398050608045882 0.11500308006023124 -0.0062204571360513772 0.10586453059977766 -0.02193405572249393 -0.051034374374192906 -0.033650571199395109 0.052473015707300286 0.020419512180948358 -0.082989874524799792
leaf_weight=190.46409194590524 2.0004965178668481 0.42948145978152652 0.7973250420764092 2.259696033783257 0.42201020289212454 1.2462513376958666 1.9625889109447596 5.6434323606081289 2.8434018306434146 4.513678734190762 0.55633458960801363
leaf_count=4172 30 18 24 28 17 67 77 168 49 117 33
internal_value=-0.000185739 -0.000598676 0.00953129 -0.0042142 0.0442229 0.0103944 -0.0270507 -0.000155171 0.000342283 -0.00962258 -0.0921347
internal_weight=213.139 204.45 8.68837 6.22278 2.46559 1.66826 4.22228 203.465 193.307 10.1571 0.985816
internal_count=4800 4557 243 135 108 84 105 4506 4221 285 51
is_linear=0
shrinkage=0.08


Tree=83
num_leaves=8
num_cat=0
split_feature=4 4 4 4 4 0 0
split_gain=0.120618 0.830178 0.428322 1.18685 0.317326 0.784666 0.282929
threshold=79.500000000000014 75.500000000000014 69.500000000000014 67.500000000000014 83.500000000000014 1.5000000000000002 2.5000000000000004
decision_type=2 2 2 2 2 2 2
left_child=1 2 3 -1 -2 -6 -4
right_child=4 -3 6 -5 5 -7 -8
leaf_value=-0.00014466323935535857 0.036683717051802914 -0.065449451947922885 0.041373285041682868 -0.091327098311021648 0.048206354087552229 -0.082049761614512121 0.00069058074016170275
leaf_weight=203.45229763304815 1.8222892805933946 1.2483810314442951 2.6221236297860733 0.91771720116957922 0.59571752371266462 0.58826626767404377 1.8773534700740127
leaf_count=4506 33 52 38 51 8 39 73
internal_value=-0.000177687 -0.000405335 -1.65758e-05 -0.000554115 0.0157333 -0.0165118 0.0243989
internal_weight=213.124 210.118 208.869 204.37 3.00627 1.18398 4.49948
internal_count=4800 4720 4668 4557 80 47 111
is_linear=0
shrinkage=0.08


Tree=84
num_leaves=12
num_cat=0
split_feature=4 4 1 4 0 2 0 0 0 4 0
split_gain=0.118652 0.820963 0.575255 0.431698 1.15024 0.972465 0.92246 0.567306 0.221156 0.697578 0.534965
threshold=16.500000000000004 17.500000000000004 1.0000000180025095e-35 10.500000000000002 7.5000000000000009 1.5000000000000002 5.5000000000000009 4.5000000000000009 3.5000000000000004 18.500000000000004 1.5000000000000002
decision_type=2 2 2 2 2 2 2 2 2 2 2
left_child=3 2 -2 4 6 7 -1 -5 10 -10 -3
right_child=1 8 -4 5 -6 -7 -8 -9 9 -11 -12
leaf_value=-0.0088569106470760602 -0.0071488767201572457 0.0012971036393479463 -0.083323016588217683 -0.0019281653854192158 -0.083821645838747461 0.076968233647865758 0.045780222510539294 0.040518735309503881 0.06761014523482195 0.002131465794091179 -0.010778019803784606
leaf_weight=10.235098480246959 1.242056475952267 72.835123656783253 1.2971010871697215 9.0642981920391268 1.0932369404472417 1.4505325220525271 2.4513111258856961 2.5912054209038624 1.0559362852945913 75.085897827288136 34.65315874107182
leaf_count=248 24 920 45 144 44 40 77 98 33 2241 886
internal_value=-0.000166376 -0.000883821 -0.0460616 0.00480156 -0.0050848 0.015196 0.00170026 0.00750846 -0.000259123 0.00303953 -0.0025958
internal_weight=213.055 186.169 2.53916 26.8857 13.7796 13.106 12.6864 11.6555 183.63 76.1418 107.488
internal_count=4800 4149 69 651 369 282 325 242 4080 2274 1806
is_linear=0
shrinkage=0.08


Tree=85
num_leaves=14
num_cat=0
split_feature=4 4 0 1 3 4 1 4 3 0 4 4 0
split_gain=0.112507 0.726552 1.30754 0.834633 0.552048 0.451577 0.324703 0.998644 0.972036 1.17897 0.801791 0.497659 4.89468e-05
threshold=52.500000000000007 56.500000000000007 4.5000000000000009 1.0000000180025095e-35 1.0000000180025095e-35 57.500000000000007 1.5000000000000002 50.500000000000007 1.0000000180025095e-35 1.5000000000000002 36.500000000000007 51.500000000000007 5.5000000000000009
decision_type=2 2 2 2 2 2 2 2 2 2 2 2 2
left_child=6 2 3 -2 5 -3 8 10 11 -10 -8 -1 -4
right_child=1 4 12 -5 -6 -7 7 -9 9 -11 -12 -13 -14
leaf_value=0.0033188348393214141 0.015524267380093255 0.028411460448784408 -0.082169203944099323 -0.046269561422946567 0.039305747774301757 -0.0049957826976419362 -0.010252351261651953 -0.082646738902834194 0.028885534879442638 -0.082630312060282304 0.010066593103695532 0.03813628568944593 -0.08131971826327232
leaf_weight=114.73075975943357 3.8510484471917135 2.8918543811887565 0.63799069635570038 2.1969313998706639 2.2976089566946021 24.775250199250877 34.410203294595703 1.0244467835873354 0.92236155830323641 1.7732204915955661 19.457001415081322 2.6889256723225108 1.3583553386852143
leaf_count=2124 49 50 28 105 25 693 934 41 12 68 532 45 94
internal_value=-0.000160547 -0.00410564 -0.0254528 -0.00692237 0.00162522 -0.00150395 0.000696271 -0.00440116 0.00302575 -0.0444723 -0.00291309 0.00411616 -0.0815912
internal_weight=213.016 38.009 8.04433 6.04798 29.9647 27.6671 175.007 54.8917 120.115 2.69558 53.8672 117.42 1.99635
internal_count=4800 1044 276 154 768 743 3756 1507 2249 80 1466 2169 122
is_linear=0
shrinkage=0.08


Tree=86
num_leaves=16
num_cat=0
split_feature=4 0 2 0 4 4 4 4 0 0 4 0 4 0 4
split_gain=0.112642 0.757259 0.962832 4.02148 1.09227 0.807299 1.9146 1.48655 0.486629 1.74406 1.79479 1.67174 4.46669 1.07622 0.783637
threshold=38.500000000000007 1.0000000180025095e-35 1.5000000000000002 2.5000000000000004 28.500000000000004 27.500000000000004 32.500000000000007 25.500000000000004 6.5000000000000009 5.5000000000000009 49.500000000000007 7.5000000000000009 40.500000000000007 4.5000000000000009 62.500000000000007
decision_type=2 2 2 2 2 2 2 2 2 2 2 2 2 2 2
left_child=1 5 4 -4 -3 7 -7 -1 9 13 -11 12 -10 -2 -13
right_child=8 2 3 -5 -6 6 -8 -9 11 10 -12 14 -14 -15 -16
leaf_value=-0.010734016693064601 -0.0048088589847551577 -0.00034475440146604922 0.027119709733804852 -0.067805868496784827 0.017842565928837841 -0.084475799182740771 -0.0043002000425421865 0.076847085463283532 0.18114884705089293 -0.08325969866009357 0.0025714273131657106 -0.028693250883788157 0.010576884209883232 0.024040736654283093 0.040350847875297885
leaf_weight=8.4252709876745957 65.789013886358589 51.292341346852481 6.075140646658836 5.3907791022211313 35.942924740724266 2.8826213367283327 5.627753809094429 1.4544559903442849 1.1786404196172933 3.4948217142373315 2.8152189219836146 5.7583440840244293 5.9054822165053338 9.4664480062201601 1.2872459164354948
leaf_count=159 1275 1190 71 243 739 59 67 18 18 129 143 182 212 237 58
internal_value=-0.000156776 0.00150722 0.00428425 -0.0175102 0.00714884 -0.0133973 -0.0314572 0.00215934 -0.00219281 -0.00456723 -0.0449662 0.0115138 0.0389563 -0.00117984 -0.0160787
internal_weight=212.787 117.091 98.7012 11.4659 87.2353 18.3901 8.51038 9.87973 95.6952 81.5655 6.31004 14.1297 7.08412 75.2555 7.04559
internal_count=4800 2546 2243 314 1929 303 126 177 2254 1784 272 470 230 1512 240
is_linear=0
shrinkage=0.08


Tree=87
num_leaves=13
num_cat=0
split_feature=4 4 1 2 4 4 4 0 0 0 4 0
split_gain=0.114675 0.72081 0.554698 0.441099 1.62968 1.43875 2.57549 1.30027 0.558641 0.17805 0.652682 0.44724
threshold=16.500000000000004 17.500000000000004 1.0000000180025095e-35 1.0000000180025095e-35 6.5000000000000009 14.500000000000002 7.5000000000000009 3.5000000000000004 4.5000000000000009 3.5000000000000004 63.500000000000007 1.5000000000000002
decision_type=2 2 2 2 2 2 2 2 2 2 2 2
left_child=3 2 -2 5 8 6 -1 -6 -5 11 -11 -3
right_child=1 9 -4 4 7 -7 -8 -9 -10 10 -12 -13
leaf_value=0.040962063409129085 -0.0066052093224804884 0.001143785323154815 -0.08305643218903308 -0.023706184870422302 0.028344967958344666 0.075473462568751759 -0.059356176473300222 -0.031105952364484379 -0.081790812861114032 0.0046764588406656982 -0.024321285061208418 -0.0099429120338521294
leaf_weight=4.1146261338144559 1.2365836212411516 72.695161623414606 1.1937311631627379 3.9451936436817077 9.3182539204135519 2.1950672455132008 2.7209934405982494 3.1505664102733126 1.4489111755974589 71.050850172992796 5.3411130856256923 34.262896172236651
leaf_count=54 24 920 45 124 137 29 64 158 85 2029 245 886
internal_value=-0.00016777 -0.000874563 -0.0441568 0.00471474 -0.00257006 0.0191243 0.00102929 0.0133232 -0.0393083 -0.000300854 0.00264902 -0.00240772
internal_weight=212.674 185.78 2.43031 26.8936 17.8629 9.03069 6.83562 12.4688 5.3941 183.35 76.392 106.958
internal_count=4800 4149 69 651 504 147 118 295 209 4080 2274 1806
is_linear=0
shrinkage=0.08


Tree=88
num_leaves=9
num_cat=0
split_feature=4 4 4 4 0 4 1 4
split_gain=0.110841 0.707137 0.383522 0.552588 0.331938 0.570137 0.937881 0.255534
threshold=79.500000000000014 75.500000000000014 69.500000000000014 66.500000000000014 2.5000000000000004 80.500000000000014 1.0000000180025095e-35 70.500000000000014
decision_type=2 2 2 2 2 2 2 2
left_child=1 2 3 -1 -2 -6 -7 -4
right_child=4 -3 7 -5 5 6 -8 -9
leaf_value=-0.00011451250996362095 -0.019124919368650215 -0.061348220290721928 0.05340497165804952 -0.041370470233307172 0.084073695536821536 0.072051492789683688 -0.082133010047557825 0.011108887466566686
leaf_weight=201.64872848498635 1.1275558485649519 1.2105980268679548 1.2729288060218085 2.0994530208408824 0.85198858752846707 0.50667280331253983 0.5033031408675015 3.2436478189192712
leaf_count=4478 26 52 24 79 8 13 33 87
internal_value=-0.000164575 -0.000382864 -2.84859e-05 -0.00053962 0.0151309 0.0358753 -0.00478355 0.0230294
internal_weight=212.465 209.475 208.265 203.748 2.98952 1.86196 1.00998 4.51658
internal_count=4800 4720 4668 4557 80 54 46 111
is_linear=0
shrinkage=0.08


Tree=89
num_leaves=14
num_cat=0
split_feature=4 4 1 2 4 1 4 1 4 0 4 0 4
split_gain=0.0950729 0.63877 0.536007 0.36564 1.41756 1.39536 1.19246 1.16548 1.10584 0.55124 0.16388 4.89002 0.698757
threshold=16.500000000000004 17.500000000000004 1.0000000180025095e-35 1.0000000180025095e-35 6.5000000000000009 1.5000000000000002 2.5000000000000004 1.0000000180025095e-35 7.5000000000000009 4.5000000000000009 23.500000000000004 7.5000000000000009 26.500000000000004
decision_type=2 2 2 2 2 2 2 2 2 2 2 2 2
left_child=3 2 -2 5 9 8 -7 -6 -1 -5 11 -3 -12
right_child=1 10 -4 4 7 6 -8 -9 -10 -11 12 -13 -14
leaf_value=0.088434449343675628 -0.0060869302096004593 -0.0048707441068627571 -0.082815871443369049 -0.022142079601594304 -0.017336097962461935 -0.088201778966135153 0.010109568185675082 0.032428690906719883 0.014583858495941879 -0.081650973657024284 -0.019427189350407281 0.15393282879120856 0.00041633248330920315
leaf_weight=2.0957099534571189 1.2328290985897177 16.614624643232677 1.1049016085453329 3.8868526536971357 5.070086529478429 1.157281890511513 2.4854408092796803 7.4193732864223421 3.4077728744596243 1.3395611238665877 12.267630564048885 1.3411703566089261 153.02101720566861
leaf_count=25 24 356 45 124 92 15 50 203 57 85 283 31 3410
internal_value=-0.000154165 -0.000798034 -0.042352 0.00429414 -0.00241221 0.0172841 -0.0211236 0.0122267 0.0427059 -0.0373946 -0.000267912 0.00699075 -0.00105644
internal_weight=212.444 185.582 2.33773 26.8621 17.7159 9.14621 3.64272 12.4895 5.50348 5.22641 183.244 17.9558 165.289
internal_count=4800 4149 69 651 504 147 65 295 82 209 4080 387 3693
is_linear=0
shrinkage=0.08


Tree=90
num_leaves=16
num_cat=0
split_feature=0 1 4 4 1 4 4 4 1 3 4 3 4 4 4
split_gain=0.100574 0.304304 0.59707 1.97085 1.79025 0.533624 3.73107 0.93256 0.289599 1.24938 1.38118 0.642948 1.45858 0.93074 0.000433631
threshold=1.5000000000000002 1.0000000180025095e-35 50.500000000000007 48.500000000000007 1.5000000000000002 39.500000000000007 41.500000000000007 27.500000000000004 1.0000000180025095e-35 1.0000000180025095e-35 44.500000000000007 1.0000000180025095e-35 39.500000000000007 42.500000000000007 46.500000000000007
decision_type=2 2 2 2 2 2 2 2 2 2 2 2 2 2 2
left_child=1 5 3 -3 -4 7 -7 -1 9 10 -2 13 -13 -10 -11
right_child=8 2 4 -5 -6 6 -8 -9 11 14 -12 12 -14 -15 -16
leaf_value=0.00088713488986616712 -0.015684781085819707 -0.0030370356878342028 -0.083731554993243473 0.09788901689681162 0.009209385653317843 -0.092649974331935184 0.0093967652322175348 0.031385503072161453 0.0055353841267696702 -0.082385571075323544 0.015285922103269074 -0.0322960495607999 0.063026955988619363 -0.012929182169709952 -0.085306784563429564
leaf_weight=15.050257651135327 25.66618713317439 33.477934394963086 2.1949435975402585 1.2858650740236033 3.3521006517112255 2.6150476373732117 18.62322832364589 11.185408756136892 52.663861105684191 0.73913669539615401 14.378463493660091 1.5641228258609761 2.9935579868033528 26.145356377121061 0.58074077963829041
leaf_count=98 686 580 82 27 100 17 126 74 1517 34 382 52 45 968 12
internal_value=-0.000156086 0.00191842 -0.00319311 0.00069608 -0.027567 0.0062587 -0.00316815 0.0138899 -0.00161611 -0.00708858 -0.00456442 0.0010992 0.0303136 -0.000590329 -0.0836709
internal_weight=212.516 87.7848 40.3108 34.7638 5.54704 47.4739 21.2383 26.2357 124.731 41.3645 40.0447 83.3669 4.55768 78.8092 1.31988
internal_count=4800 1104 789 607 182 315 143 172 3696 1114 1068 2582 97 2485 46
is_linear=0
shrinkage=0.08


Tree=91
num_leaves=15
num_cat=0
split_feature=4 0 3 0 1 0 0 4 1 0 4 0 0 3
split_gain=0.0901643 0.678729 1.84571 1.85452 0.654557 1.90148 1.59056 0.44821 1.19497 1.712 0.502762 0.755453 0.487592 0.172395
threshold=49.500000000000007 2.5000000000000004 1.0000000180025095e-35 3.5000000000000004 1.5000000000000002 1.0000000180025095e-35 1.5000000000000002 47.500000000000007 1.0000000180025095e-35 6.5000000000000009 45.500000000000007 4.5000000000000009 3.5000000000000004 1.0000000180025095e-35
decision_type=2 2 2 2 2 2 2 2 2 2 2 2 2 2
left_child=7 4 3 -3 6 -6 -2 10 12 -10 13 -12 -9 -1
right_child=1 2 -4 -5 5 -7 -8 8 9 -11 11 -13 -14 -15
leaf_value=0.00089255233694509576 0.0011928281155652023 -0.083056598612610874 0.049133267965610912 -0.011800088084704997 0.032815660782134305 -0.059331898190109485 0.059323381398227161 0.024282932893199164 -0.039022413370564141 0.081067651502742227 -0.053360675221075758 0.015707093959950801 0.075391764877672088 -0.016262950881027773
leaf_weight=148.32042413414456 13.513777289539581 2.6924369181506398 2.7047269875183693 17.734977678861469 2.6540229311212888 3.1156811679247767 3.8766363421455017 3.0263563916087133 3.4541500490158796 0.97397894412279118 2.6807094858959308 1.6296854582615194 1.9738352186977861 3.8460669075138858
leaf_count=3131 165 105 37 664 60 109 88 25 94 27 81 70 30 114
internal_value=-0.000154671 -0.00327653 -0.0129693 -0.0211921 0.0064045 -0.0169447 0.0141512 0.000716416 0.0176562 -0.0126083 -0.000304272 -0.0272474 0.0444582 0.00045894
internal_weight=212.197 46.2923 23.1321 20.4274 23.1601 5.7697 17.3904 165.905 9.42832 4.42813 156.477 4.31039 5.00019 152.166
internal_count=4800 1228 806 769 422 169 253 3572 176 121 3396 151 55 3245
is_linear=0
shrinkage=0.08


Tree=92
num_leaves=10
num_cat=0
split_feature=4 2 4 1 4 1 4 4 0
split_gain=0.0923365 0.541508 0.484781 1.09487 0.480863 0.759743 0.270247 0.405253 6.79573e-05
threshold=69.500000000000014 1.5000000000000002 71.500000000000014 1.0000000180025095e-35 66.500000000000014 1.0000000180025095e-35 65.500000000000014 63.500000000000007 1.5000000000000002
decision_type=2 2 2 2 2 2 2 2 2
left_child=4 2 -2 -4 6 -6 7 -1 -7
right_child=1 -3 3 -5 5 8 -8 -9 -10
leaf_value=9.9174763578615264e-05 0.05800131290223999 -0.031696261075421624 0.041554093089424045 -0.03033306676376268 0.015380054049911201 -0.083746940198036732 0.035920719045147015 -0.029281615635166843 -0.082472225757451362
leaf_weight=196.97859165957198 1.5135381193831543 1.7619605953805146 2.8048975788988173 2.6248156311921775 0.90603327052667681 0.43585921032354213 1.3234798982739437 3.051087273284792 0.69362421147525311
leaf_count=4348 33 39 49 122 23 19 40 90 37
internal_value=-0.00015635 0.00791203 0.0179633 0.00680262 -0.000501684 -0.0391899 -0.000110577 -0.000348976 -0.0829641
internal_weight=212.094 8.70521 6.94325 5.42971 203.389 2.03552 201.353 200.03 1.12948
internal_count=4800 243 204 171 4557 79 4478 4438 56
is_linear=0
shrinkage=0.08


Tree=93
num_leaves=9
num_cat=0
split_feature=4 4 0 4 4 4 4 0
split_gain=0.0930199 0.631368 0.314481 0.478992 0.891828 0.287924 0.427462 0.247968
threshold=79.500000000000014 75.500000000000014 2.5000000000000004 80.500000000000014 83.500000000000014 69.500000000000014 66.500000000000014 2.5000000000000004
decision_type=2 2 2 2 2 2 2 2
left_child=1 5 -2 -4 -5 6 -1 -7
right_child=2 -3 3 4 -6 7 -8 -9
leaf_value=-0.00010240807754226474 -0.019678563532427498 -0.059023530998287985 0.077399853916881409 0.069503264797575237 -0.082179654321980003 0.035827902441585964 -0.037698200422592316 -0.0019381786662242856
leaf_weight=201.34642948652618 1.1165890269912773 1.1670980057679106 0.86887583136558511 0.51243432611227036 0.48087865696288645 2.6322033926844588 1.9543119338341046 1.9274548753164706
leaf_count=4478 26 52 8 14 32 38 79 73
internal_value=-0.000147325 -0.000347367 0.0138901 0.0340182 -0.00392886 -1.79109e-05 -0.000463813 0.0198635
internal_weight=212.006 209.027 2.97878 1.86219 0.993313 207.86 203.301 4.55966
internal_count=4800 4720 80 54 46 4668 4557 111
is_linear=0
shrinkage=0.08


Tree=94
num_leaves=15
num_cat=0
split_feature=0 4 4 4 4 0 4 1 3 4 3 4 0 4
split_gain=0.0845103 0.312264 2.07206 1.52955 1.50528 0.650334 0.483198 0.295507 1.17621 1.09219 0.487983 1.08912 0.705316 0.000505446
threshold=1.5000000000000002 22.500000000000004 26.500000000000004 21.500000000000004 27.500000000000004 1.0000000180025095e-35 19.500000000000004 1.0000000180025095e-35 1.0000000180025095e-35 44.500000000000007 1.0000000180025095e-35 39.500000000000007 6.5000000000000009 46.500000000000007
decision_type=2 2 2 2 2 2 2 2 2 2 2 2 2 2
left_child=1 3 5 6 -4 -3 -1 8 9 -2 12 -12 -9 -10
right_child=7 2 4 -5 -6 -7 -8 10 13 -11 11 -13 -14 -15
leaf_value=0.0083912415373054699 -0.014703808167594947 -0.084436402594927643 0.068809792261493988 0.079944118323131322 0.001119754141021238 -0.027939002331541691 -0.029445378250727988 -0.0047654485340167816 -0.08215882248495987 0.012696706215440768 -0.029799191630238329 0.053066781138761877 0.012443923434133235 -0.08539559923297757
leaf_weight=17.099000181071467 25.326140403281897 1.8763094954192627 2.1818637400865546 1.8378116190433491 57.84133509080857 4.2745531648397446 2.4724840037524691 57.744667290942743 0.6715991268865753 14.722297901753334 1.4957494046539057 3.1587878856807947 20.707458838820457 0.57152161374688148
leaf_count=208 686 41 21 18 750 37 29 1784 34 382 52 45 701 12
internal_value=-0.00013796 0.00176571 -0.000951338 0.0101638 0.00358031 -0.0451734 0.00361131 -0.00147825 -0.00700989 -0.00463104 0.00127014 0.0264376 -0.00022303 -0.0836469
internal_weight=211.982 87.5834 66.1741 21.4093 60.0232 6.15086 19.5715 124.398 41.2916 40.0484 83.1067 4.65454 78.4521 1.24312
internal_count=4800 1104 849 255 771 78 237 3696 1114 1068 2582 97 2485 46
is_linear=0
shrinkage=0.08


Tree=95
num_leaves=15
num_cat=0
split_feature=4 0 3 0 2 4 4 4 1 0 4 0 0 0
split_gain=0.0974609 0.616933 1.44044 1.74045 0.574122 1.20168 0.709331 0.345256 0.958317 1.3702 0.445553 0.74951 0.334203 0.178919
threshold=49.500000000000007 2.5000000000000004 1.0000000180025095e-35 3.5000000000000004 1.0000000180025095e-35 50.500000000000007 60.500000000000007 47.500000000000007 1.0000000180025095e-35 6.5000000000000009 45.500000000000007 5.5000000000000009 3.5000000000000004 1.0000000180025095e-35
decision_type=2 2 2 2 2 2 2 2 2 2 2 2 2 2
left_child=7 4 3 -3 6 -6 -2 10 12 -10 13 -12 -9 -1
right_child=1 2 -4 -5 5 -7 -8 8 9 -11 11 -13 -14 -15
leaf_value=-0.0058360604023320163 0.005923638360105679 -0.082848587432477888 0.040754380268477601 -0.011370218588314917 0.092021648429555847 0.0071900261519004353 -0.054677414296785402 0.021875002420919071 -0.037150451696454416 0.0672205094249088 -0.0057215215458737093 -0.08218457819650167 0.063223706548238334 0.0017561266151858059
leaf_weight=23.50400285795331 3.1839792197570231 2.4881447521038416 2.8287561917677513 17.614471406908706 1.1409084331244255 16.884396451059729 2.020627009216696 3.0410372093319875 3.3325008004903793 1.0614225454628465 3.1455701589584342 1.1099631129764018 2.1253581680357456 128.33199082268402
leaf_count=385 51 105 37 664 18 305 48 25 94 27 99 52 30 2860
internal_value=-0.000136684 -0.00338747 -0.0126959 -0.0202173 0.00580138 0.0125594 -0.017604 0.000769193 0.0155268 -0.011938 -0.000134683 -0.0256652 0.0388851 0.000580867
internal_weight=211.813 46.1613 22.9314 20.1026 23.2299 18.0253 5.20461 165.652 9.56032 4.39392 156.092 4.25553 5.1664 151.836
internal_count=4800 1228 806 769 422 323 99 3572 176 121 3396 151 55 3245
is_linear=0
shrinkage=0.08


Tree=96
num_leaves=15
num_cat=0
split_feature=4 0 4 2 0 4 4 4 0 4 4 1 0 0
split_gain=0.0908026 0.689175 0.858181 2.04408 1.03647 0.730399 2.97877 1.79106 0.37707 2.29593 2.1917 1.41919 0.546038 0.511354
threshold=38.500000000000007 1.0000000180025095e-35 37.500000000000007 1.0000000180025095e-35 4.5000000000000009 27.500000000000004 26.500000000000004 32.500000000000007 1.0000000180025095e-35 39.500000000000007 39.500000000000007 1.0000000180025095e-35 2.5000000000000004 6.5000000000000009
decision_type=2 2 2 2 2 2 2 2 2 2 2 2 2 2
left_child=1 5 4 -4 -3 6 -1 -7 10 12 -2 -12 -10 -11
right_child=8 2 3 -5 -6 7 -8 -9 9 13 11 -13 -14 -15
leaf_value=-0.013883123287275201 0.11551475877729911 0.0084315470678417073 0.13300674254189715 0.0086497339584726413 -0.0092748255774301788 -0.084159915842515962 0.1249972419192928 -0.0048065539428717909 -0.11044120466377094 -0.0041656148609993436 -0.041251598797263943 0.019948014256254858 -0.043344327635475299 0.012737396004321215
leaf_weight=8.7617944814264774 1.1648806929588307 61.221696614287794 1.095231857150792 3.7164601851254702 32.331841740524396 2.6857029721140844 1.1140831336379058 5.64985566213727 1.2823452688753598 65.66300010541454 3.5839721048250777 7.4995764037594199 1.9668276710435746 13.874788215383886
leaf_count=166 13 1080 17 68 1078 59 11 67 21 1475 64 175 51 455
internal_value=-0.000136014 0.00136024 0.00400691 0.0369557 0.00231227 -0.0129352 0.00178377 -0.0303741 -0.00197142 -0.00390971 0.0111294 0.00015853 -0.0698253 -0.00121701
internal_weight=211.612 116.577 98.3652 4.81169 93.5535 18.2114 9.87588 8.33556 95.0354 82.787 12.2484 11.0835 3.24917 79.5378
internal_count=4800 2546 2243 85 2158 303 177 126 2254 2002 252 239 72 1930
is_linear=0
shrinkage=0.08


Tree=97
num_leaves=16
num_cat=0
split_feature=1 4 4 4 0 0 0 4 4 0 0 0 4 4 0
split_gain=0.0828098 0.691215 2.95166 1.03073 2.34236 1.24849 0.781861 0.596349 2.32462 4.54313 2.97761 0.804054 1.52623 1.27812 0.0016479
threshold=1.5000000000000002 36.500000000000007 37.500000000000007 30.500000000000004 6.5000000000000009 7.5000000000000009 7.5000000000000009 59.500000000000007 63.500000000000007 4.5000000000000009 1.0000000180025095e-35 5.5000000000000009 43.500000000000007 50.500000000000007 2.5000000000000004
decision_type=2 2 2 2 2 2 2 2 2 2 2 2 2 2 2
left_child=1 3 14 5 -5 -1 -4 11 9 -9 -10 12 -2 -13 -3
right_child=7 2 6 4 -6 -7 -8 8 10 -11 -12 13 -14 -15 -16
leaf_value=-0.0027144698954951725 0.0067507559138939386 -0.087775449055388158 0.00092393820944947926 0.034729968540804561 -0.049784036089546846 0.041592893057852368 -0.033084639077551006 -0.0021686263498597604 0.088902686905287021 0.20179133854744954 -0.049318514346865502 -0.012663272929569312 -0.030472078407242385 -0.084611177085835557 -0.083755070877376409
leaf_weight=48.789173403056338 37.359081068541855 1.0418565385043614 65.545409994199872 15.395014964044096 2.4301262497901908 4.4406341812573364 4.6322156940586856 1.8694860655814394 1.3363679349422453 1.116303148679435 3.9332303360570222 11.355073407292364 8.6896702772937697 1.8356757918372739 1.745943760499358
leaf_count=969 824 16 1264 237 83 116 143 39 22 27 165 472 298 82 43
internal_value=-0.000142292 0.000941343 -0.00452785 0.00655759 0.0232081 0.00098182 -0.00132087 -0.00245455 0.0176893 0.0740863 -0.0142657 -0.00526171 -0.000273412 -0.0226758 -0.0852576
internal_weight=211.515 144.02 72.9654 71.0549 17.8251 53.2298 70.1776 67.4949 8.25539 2.98579 5.2696 59.2395 46.0488 13.1907 2.7878
internal_count=4800 2871 1466 1405 320 1085 1407 1929 253 66 187 1676 1122 554 59
is_linear=0
shrinkage=0.08


Tree=98
num_leaves=8
num_cat=0
split_feature=4 4 1 0 4 4 0
split_gain=0.092137 0.551625 0.270241 0.631528 0.252426 0.345651 0.24532
threshold=79.500000000000014 75.500000000000014 1.5000000000000002 4.5000000000000009 69.500000000000014 66.500000000000014 4.5000000000000009
decision_type=2 2 2 2 2 2 2
left_child=1 4 3 -2 5 -1 -6
right_child=2 -3 -4 -5 6 -7 -8
leaf_value=-0.00014635703944409936 -0.012023358317376923 -0.055846917151881462 -0.021320004914104598 0.077869905476084883 0.0075040385242213107 -0.034417880101143258 0.049651282186171812
leaf_weight=200.81315181101672 1.057216339278966 1.1401502178050567 0.94827429042197753 0.94927255110815156 3.3761480376124373 1.9012666025664646 1.197280215565115
leaf_count=4478 22 52 35 23 55 79 56
internal_value=-0.000154835 -0.000353698 0.0138729 0.0305053 -4.84676e-05 -0.000467791 0.0185378
internal_weight=211.383 208.428 2.95476 2.00649 207.288 202.714 4.57343
internal_count=4800 4720 80 45 4668 4557 111
is_linear=0
shrinkage=0.08


Tree=99
num_leaves=9
num_cat=0
split_feature=4 4 0 4 4 4 4 4
split_gain=0.0761832 0.478054 0.224739 0.386244 0.769565 0.210049 0.299237 0.233113
threshold=79.500000000000014 75.500000000000014 2.5000000000000004 80.500000000000014 83.500000000000014 69.500000000000014 66.500000000000014 70.500000000000014
decision_type=2 2 2 2 2 2 2 2
left_child=1 5 -2 -4 -5 6 -1 -7
right_child=2 -3 3 4 -6 7 -8 -9
leaf_value=-0.00013466284299816112 -0.01651345667169505 -0.05255154743040559 0.066816173436924156 0.05875496575221676 -0.082157367398784376 0.045687671247930835 -0.032346781245151182 0.0056609264523029305
leaf_weight=200.79268281604163 1.0871329195797437 1.1157513691578049 0.90856355428695668 0.54622586164623477 0.4543775487691164 1.2895023841410864 1.8628043895587314 3.3513944805599749
leaf_count=4478 26 52 8 14 32 24 79 87
internal_value=-0.000144392 -0.000326484 0.0125213 0.0290544 -0.00523382 -4.53876e-05 -0.000430756 0.0167826
internal_weight=211.408 208.412 2.9963 1.90917 1.0006 207.296 202.655 4.6409
internal_count=4800 4720 80 54 46 4668 4557 111
is_linear=0
shrinkage=0.08


Tree=100
num_leaves=14
num_cat=0
split_feature=4 4 1 2 4 1 4 4 4 4 0 0 4
split_gain=0.0731441 0.571267 0.523806 0.332157 1.22996 1.20434 1.78043 1.10861 1.09774 0.563873 0.148167 0.686601 0.309308
threshold=16.500000000000004 17.500000000000004 1.0000000180025095e-35 1.0000000180025095e-35 6.5000000000000009 1.5000000000000002 2.5000000000000004 7.5000000000000009 2.5000000000000004 1.0000000180025095e-35 3.5000000000000004 4.5000000000000009 59.500000000000007
decision_type=2 2 2 2 2 2 2 2 2 2 2 2 2
left_child=3 2 -2 5 9 6 -1 -6 -7 -5 12 -12 -3
right_child=1 10 -4 4 7 8 -8 -9 -10 -11 11 -13 -14
leaf_value=0.1176011479961552 -0.0051212766674465062 -0.0038341813676212384 -0.082637723596824683 -0.0091947660013726017 0.084233459708536781 -0.087558561660013481 0.013337696636247764 0.0030751780369506522 0.0088909280890648208 -0.062529948351188885 0.015197760318722116 -0.0020470774428423791 0.008941355795999667
leaf_weight=1.3944781795144097 1.2119265734218054 91.85324236843735 1.0338288675993679 2.5317715099081424 1.1887640138156701 1.0794269740581515 4.2209853939712048 11.477235391503198 2.5145423170179129 2.5427583991549909 20.03060968988575 56.330872147344053 13.973802185384555
leaf_count=13 24 1520 45 99 20 15 69 275 50 110 478 1796 286
internal_value=-0.000134758 -0.000703613 -0.0408058 0.00375825 -0.00264081 0.016085 0.0392293 0.0106923 -0.0200771 -0.0359201 -0.000209291 0.00247647 -0.00214725
internal_weight=211.384 184.434 2.24576 26.95 17.7405 9.20943 5.61546 12.666 3.59397 5.07453 182.189 76.3615 105.827
internal_count=4800 4149 69 651 504 147 82 295 65 209 4080 2274 1806
is_linear=0
shrinkage=0.08


Tree=101
num_leaves=15
num_cat=0
split_feature=4 0 3 0 1 0 0 4 1 2 4 0 0 0
split_gain=0.0748809 0.571078 1.32331 1.6011 0.581015 1.4485 1.19506 0.327262 0.767825 1.20625 0.362417 0.748442 0.237529 0.166914
threshold=49.500000000000007 2.5000000000000004 1.0000000180025095e-35 3.5000000000000004 1.5000000000000002 1.0000000180025095e-35 1.5000000000000002 47.500000000000007 1.0000000180025095e-35 1.0000000180025095e-35 45.500000000000007 4.5000000000000009 3.5000000000000004 6.5000000000000009
decision_type=2 2 2 2 2 2 2 2 2 2 2 2 2 2
left_child=7 4 3 -3 6 -6 -2 10 12 -10 13 -12 -9 -1
right_child=1 2 -4 -5 5 -7 -8 8 9 -11 11 -13 -14 -15
leaf_value=-0.00070131029452826313 0.0014821065729631975 -0.082615970929255489 0.038821574132530227 -0.01119388353302085 0.024162140383110486 -0.056594888074322926 0.050790872193007229 0.02090195384895234 0.062061690345658421 -0.035004264560757559 -0.050200531796234613 0.020048449136028792 0.055250548031637654 0.0067192253119377193
leaf_weight=128.94392371177673 13.440569992642855 2.2688268297351959 2.8616207838058463 17.526195971993729 2.8298398288898161 2.856149252038449 4.1069603008218101 3.0392892099916917 1.1022444507107136 3.1928108930587769 2.5646854387596241 1.5616785758174954 2.2367326430976391 22.835766385542229
leaf_count=2551 165 105 37 664 60 109 88 25 35 86 81 70 30 694
internal_value=-0.000132302 -0.00299164 -0.0120289 -0.01938 0.00582124 -0.0164032 0.0130227 0.000660651 0.0150195 -0.0100941 -0.000220841 -0.0236138 0.0354638 0.000415134
internal_weight=211.367 45.8902 22.6566 19.795 23.2335 5.68599 17.5475 165.477 9.57108 4.29506 155.906 4.12636 5.27602 151.78
internal_count=4800 1228 806 769 422 169 253 3572 176 121 3396 151 55 3245
is_linear=0
shrinkage=0.08


Tree=102
num_leaves=15
num_cat=0
split_feature=0 1 0 4 4 4 4 4 1 4 1 4 4 4
split_gain=0.072316 0.327292 1.13254 1.69396 1.629 0.531402 2.4177 0.608646 0.280415 0.609815 1.61617 1.58615 0.537859 1.01058
threshold=1.5000000000000002 1.0000000180025095e-35 3.5000000000000004 44.500000000000007 73.500000000000014 71.500000000000014 69.500000000000014 79.500000000000014 1.0000000180025095e-35 50.500000000000007 1.5000000000000002 48.500000000000007 59.500000000000007 39.500000000000007
decision_type=2 2 2 2 2 2 2 2 2 2 2 2 2 2
left_child=8 2 3 -2 -4 6 -3 -7 12 11 -11 -10 13 -1
right_child=1 5 4 -5 -6 7 -8 -9 9 10 -12 -13 -14 -15
leaf_value=0.012375486749583988 -0.057312014876874512 0.0014149557724100984 -0.0020692824249872763 0.0043479572126417102 0.11415284110161744 -0.08512220056749728 0.15429635874274866 -0.0048579127130928693 -0.0028190727349616481 -0.083645616872466827 0.0056904443430206165 0.084863901485237897 0.029542665240697312 -0.01337405452399262
leaf_weight=26.067315900698304 6.1171550606377405 79.422770212171599 29.051214645151052 5.3414272479712963 0.79289759788662095 0.94832381024025325 0.66758767515420814 1.6684109841007737 33.326495709829032 2.0797437890432766 3.4392669077496976 1.3748325668275345 5.4145036069676271 15.587623812258242
leaf_count=172 184 2448 788 118 24 62 19 53 580 82 100 27 38 105
internal_value=-0.000132466 -0.00137415 -0.00718999 -0.0285692 0.0010185 0.00153019 0.00268929 -0.0339463 0.00163156 -0.00327363 -0.0279743 0.000654841 0.00582299 0.00273979
internal_weight=211.3 124.01 41.3027 11.4586 29.8441 82.7071 80.0904 2.61673 87.2898 40.2203 5.51901 34.7013 47.0694 41.6549
internal_count=4800 3696 1114 302 812 2582 2467 115 1104 789 182 607 315 277
is_linear=0
shrinkage=0.08


Tree=103
num_leaves=13
num_cat=0
split_feature=4 4 0 4 0 4 0 4 0 4 4 0
split_gain=0.090647 1.06868 1.53931 0.89435 0.848174 0.697248 0.716428 4.63526 0.603244 0.503155 0.466226 1.22453e-05
threshold=60.500000000000007 59.500000000000007 2.5000000000000004 58.500000000000007 2.5000000000000004 62.500000000000007 6.5000000000000009 63.500000000000007 2.5000000000000004 61.500000000000007 56.500000000000007 4.5000000000000009
decision_type=2 2 2 2 2 2 2 2 2 2 2 2
left_child=1 3 -3 10 -5 9 8 -8 -7 -2 -1 -11
right_child=5 2 -4 4 -6 6 7 -9 -10 11 -12 -13
leaf_value=-0.00047064490106500992 -0.013452894451490074 0.10017105142442941 -0.018733925558629128 -0.12107760124527948 -0.0108603797604353 0.0064300902510229596 0.27453871759888726 -0.0098296415818396234 -0.027764656561311364 -0.082477642085177078 0.023723667794709177 -0.082997876686566163
leaf_weight=181.65048268693499 1.5920580467209247 1.6214610785245889 1.2218830753117798 0.75281959399580856 1.0994725665077565 8.9343469438608754 0.44463851675391142 2.0969976750202477 5.2373759003821752 0.60125873796641827 5.2445883750915518 0.55858144676312804
leaf_count=4032 36 19 30 12 36 172 11 107 204 25 92 24
internal_value=-0.000135065 0.000393393 0.0490735 -0.000339937 -0.0556555 -0.00533652 0.000807286 0.0399183 -0.0062071 -0.0426503 0.000208288 -0.0827282
internal_weight=211.056 191.591 2.84334 188.747 1.85229 19.4653 16.7134 2.54164 14.1717 2.7519 186.895 1.15984
internal_count=4800 4221 49 4172 48 579 494 118 376 85 4124 49
is_linear=0
shrinkage=0.08


Tree=104
num_leaves=14
num_cat=0
split_feature=4 2 4 4 3 0 4 1 0 4 0 0 0
split_gain=0.0847559 0.481942 1.66324 1.34217 0.644137 1.51965 0.257641 0.685017 1.16099 0.308729 0.794224 0.173593 0.14366
threshold=49.500000000000007 1.0000000180025095e-35 51.500000000000007 52.500000000000007 1.0000000180025095e-35 2.5000000000000004 47.500000000000007 1.0000000180025095e-35 6.5000000000000009 45.500000000000007 5.5000000000000009 3.5000000000000004 1.0000000180025095e-35
decision_type=2 2 2 2 2 2 2 2 2 2 2 2 2
left_child=6 2 -2 -4 5 -3 9 11 -9 12 -11 -8 -1
right_child=1 4 3 -5 -6 -7 7 8 -10 10 -12 -13 -14
leaf_value=-0.0052747929719695955 -0.1000888476563382 0.013845553658964289 0.085988036263720799 -0.015659922384513844 0.037708870696418206 -0.021384798882156796 0.019815490293217351 -0.034915198924673374 0.059935078839487864 -0.0011055937466584976 -0.082045134501964531 0.048788066024377609 0.0015545373378429064
leaf_weight=23.295879574026912 1.3739203680306662 17.620106133166704 0.9182220958173265 8.7885088082402927 2.8772995732724658 14.111424747854469 3.0547009035944921 3.197286281734705 1.1135607175529001 3.0336857149377456 1.0425278446637092 2.3354432620108128 128.18418286344968
leaf_count=385 28 316 17 241 36 590 25 94 27 99 52 30 2860
internal_value=-0.000134717 -0.00318444 -0.0177052 -0.00604439 0.00146465 -0.00182184 0.000708455 0.0133574 -0.0104139 -8.03709e-05 -0.0218066 0.0323687 0.000504265
internal_weight=210.947 45.6895 11.0807 9.70673 34.6088 31.7315 165.257 9.70099 4.31085 155.556 4.07621 5.39014 151.48
internal_count=4800 1228 286 258 942 906 3572 176 121 3396 151 55 3245
is_linear=0
shrinkage=0.08


Tree=105
num_leaves=12
num_cat=0
split_feature=4 4 0 4 0 4 3 0 0 4 1
split_gain=0.0785259 0.915879 1.199 0.782481 0.813002 0.614986 0.744549 0.670098 0.491288 0.409493 0.000105923
threshold=60.500000000000007 59.500000000000007 2.5000000000000004 58.500000000000007 2.5000000000000004 62.500000000000007 1.0000000180025095e-35 4.5000000000000009 3.5000000000000004 56.500000000000007 1.5000000000000002
decision_type=2 2 2 2 2 2 2 2 2 2 2
left_child=1 3 -3 9 -5 8 7 -7 -2 -1 -10
right_child=5 2 -4 4 -6 6 -8 -9 10 -11 -12
leaf_value=-0.00045774486588052641 -0.012440121538622704 0.089120734240919403 -0.01627717499145992 -0.11941707016271728 -0.0091105315847676577 -0.0053409238901780424 -0.051386617266036286 0.03087042784241514 -0.082001719450379124 0.022124150210555249 -0.083607237181281976
leaf_weight=181.52444214606658 1.5760976430028706 1.6653991304337972 1.180365541949868 0.71073418110608955 1.0735730035230515 10.276336282840928 1.5893001705408103 4.7974857608787724 0.60129751311615087 5.2890641856938592 0.46742903906852007
leaf_count=4032 39 19 30 12 36 261 17 216 33 92 13
internal_value=-0.000132716 0.000357694 0.0454038 -0.00032201 -0.0530484 -0.00499526 0.00069294 0.00618392 -0.0408325 0.000181594 -0.0827039
internal_weight=210.752 191.444 2.84576 188.598 1.78431 19.3079 16.6631 15.0738 2.64482 186.814 1.06873
internal_count=4800 4221 49 4172 48 579 494 477 85 4124 46
is_linear=0
shrinkage=0.08


Tree=106
num_leaves=13
num_cat=0
split_feature=4 2 4 4 3 0 3 2 4 4 0 1
split_gain=0.0786157 0.434705 1.53096 1.08734 0.609064 1.32043 0.242497 0.690792 0.517448 0.226005 0.769549 0.249139
threshold=49.500000000000007 1.0000000180025095e-35 51.500000000000007 52.500000000000007 1.0000000180025095e-35 2.5000000000000004 1.0000000180025095e-35 1.0000000180025095e-35 39.500000000000007 47.500000000000007 5.5000000000000009 1.5000000000000002
decision_type=2 2 2 2 2 2 2 2 2 2 2 2
left_child=6 2 -2 -4 5 -3 9 -8 -9 11 -11 -1
right_child=1 4 3 -5 -6 -7 7 8 -10 10 -12 -13
leaf_value=0.002639714686500266 -0.099224585246797462 0.012605187364503121 0.073625856007909482 -0.015083756500603292 0.036441957361289669 -0.020348222603025934 0.036983936537249351 -0.059578042346448437 0.015966106901665535 0.026755855163717528 -0.024015330547442839 -0.0043046848698928422
leaf_weight=102.8546824445948 1.2784221842885006 17.707123604835946 0.9840301750227799 8.7262306548655015 2.898188602179288 13.883764296071602 1.0434669349342578 2.1164343301206832 0.79949885793030251 7.0600791340693814 2.6195859964936972 48.728000691626221
leaf_count=1950 28 316 17 241 36 590 29 73 21 118 56 1325
internal_value=-0.000126806 -0.00307222 -0.0169288 -0.00609399 0.00134267 -0.00187739 0.000683929 -0.0188757 -0.0388651 0.00116417 0.0130158 0.000407357
internal_weight=210.7 45.4778 10.9887 9.71026 34.4891 31.5909 165.222 3.9594 2.91593 161.262 9.67967 151.583
internal_count=4800 1228 286 258 942 906 3572 123 94 3449 174 3275
is_linear=0
shrinkage=0.08


Tree=107
num_leaves=15
num_cat=0
split_feature=4 4 0 1 4 1 4 1 4 3 3 0 4 0
split_gain=0.0717047 0.594551 1.20956 0.708755 0.369696 0.828514 0.544772 0.219646 0.865063 0.739892 0.730998 1.0087 0.368707 5.18696e-05
threshold=52.500000000000007 56.500000000000007 4.5000000000000009 1.0000000180025095e-35 60.500000000000007 1.0000000180025095e-35 62.500000000000007 1.5000000000000002 50.500000000000007 1.0000000180025095e-35 1.0000000180025095e-35 1.5000000000000002 51.500000000000007 5.5000000000000009
decision_type=2 2 2 2 2 2 2 2 2 2 2 2 2 2
left_child=7 2 3 -2 5 -3 -6 10 9 -9 12 -12 -1 -4
right_child=1 4 13 -5 6 -7 -8 8 -10 -11 11 -13 -14 -15
leaf_value=0.0026581205956670334 0.014448162913159975 -0.013881609636855568 -0.08218666181992125 -0.043868977427294696 -0.039054298675055478 0.033338791300460559 0.00067059693433988603 -0.0041387054731554865 -0.082693255445557154 0.047858138154448025 0.026215426576344056 -0.082306708708229842 0.032135457645204361 -0.081261531828181119
leaf_weight=114.31664932565764 3.8359703663736573 3.9662868408486265 0.57984458282589901 2.0447390959598124 2.5472073978744474 5.9386704172939062 16.658218075754121 51.593115879921243 0.87220612168311973 1.8129813475534309 0.87493559624999706 1.467677829088643 2.7818078221753231 1.1715398076921699
leaf_count=2124 49 55 28 105 85 134 494 1418 41 48 12 68 45 94
internal_value=-0.00012355 -0.00333438 -0.0232092 -0.00582887 0.00187635 0.0144301 -0.0045981 0.000555556 -0.00366423 -0.00237356 0.00247318 -0.0417751 0.00335839 -0.0815678
internal_weight=210.462 36.7425 7.63209 5.88071 29.1104 9.90496 19.2054 173.719 54.2783 53.4061 119.441 2.34261 117.098 1.75138
internal_count=4800 1044 276 154 768 189 579 3756 1507 1466 2249 80 2169 122
is_linear=0
shrinkage=0.08


Tree=108
num_leaves=13
num_cat=0
split_feature=0 2 4 4 1 1 4 4 4 2 0 4
split_gain=0.0669291 0.764201 0.483259 1.58089 1.07258 0.421522 0.738183 0.305549 1.24374 1.21934 0.974817 0.287472
threshold=1.0000000180025095e-35 1.5000000000000002 35.500000000000007 27.500000000000004 1.0000000180025095e-35 1.0000000180025095e-35 48.500000000000007 4.5000000000000009 6.5000000000000009 1.0000000180025095e-35 4.5000000000000009 38.500000000000007
decision_type=2 2 2 2 2 2 2 2 2 2 2 2
left_child=1 2 3 -1 -4 -3 -7 9 -9 -2 -11 -10
right_child=7 5 4 -5 -6 6 -8 8 11 10 -12 -13
leaf_value=-0.0021200813973976159 0.053960985603412899 -0.0095248946136637144 0.03134675708134857 -0.064519381122694328 -0.018069392475327978 0.0061744696964739646 0.071819134310577959 -0.091272289328494502 0.0034216846331309408 0.011399591456269675 -0.081470896150732872 -0.0031248495788455057
leaf_weight=8.4289296166971379 3.1045436784625045 2.0258211828768244 4.6334689101204258 3.7565913144499055 7.1471273680217564 2.5439103674143553 1.9266686793416736 0.95407878421246906 90.632698956411332 2.5980306984856729 1.0024528400972483 81.561895306687802
leaf_count=154 35 29 66 74 171 38 23 34 2028 74 72 2002
internal_value=-0.000122306 -0.00358998 -0.010187 -0.0213567 0.00136665 0.0207474 0.0344651 0.000465027 -0.000183848 0.0172214 -0.0144576 0.000320845
internal_weight=210.316 30.4625 23.9661 12.1855 11.7806 6.4964 4.47058 179.854 173.149 6.70503 3.60048 172.195
internal_count=4800 555 465 228 237 90 61 4245 4064 181 146 4030
is_linear=0
shrinkage=0.08


Tree=109
num_leaves=13
num_cat=0
split_feature=4 2 4 4 3 0 3 4 4 4 0 4
split_gain=0.0616242 0.366137 1.42923 0.856423 0.541786 1.05804 0.212344 0.625608 1.02477 0.194315 0.644511 0.197531
threshold=49.500000000000007 1.0000000180025095e-35 51.500000000000007 52.500000000000007 1.0000000180025095e-35 2.5000000000000004 1.0000000180025095e-35 40.500000000000007 27.500000000000004 47.500000000000007 5.5000000000000009 45.500000000000007
decision_type=2 2 2 2 2 2 2 2 2 2 2 2
left_child=6 2 -2 -4 5 -3 9 8 -8 11 -11 -1
right_child=1 4 3 -5 -6 -7 7 -9 -10 10 -12 -13
leaf_value=0.00080054371730549541 -0.098403915922045851 0.011014751011909928 0.06296498590239781 -0.01367506211218588 0.034207219048672237 -0.018641287598081792 -0.052960925082583418 -0.083290773988104569 0.039326624768067829 0.024335915721542718 -0.022445931188049825 -0.017637614299839472
leaf_weight=147.66967332805507 1.1867268346250046 17.872380195185546 1.046505007892846 8.6158731306204555 2.9303456600755444 13.526646277634425 1.3969799203332511 0.75440287776291359 1.7158898622728882 7.1529784435406309 2.5590495616197586 3.8146641235798588
leaf_count=3131 28 316 17 241 36 590 56 24 43 118 56 144
internal_value=-0.000121454 -0.00273943 -0.0155504 -0.00537439 0.00130922 -0.00176102 0.000595095 -0.0179299 -0.00208977 0.00103953 0.0120092 0.000336236
internal_weight=210.242 45.1785 10.8491 9.66238 34.3294 31.399 165.064 3.86727 3.11287 161.196 9.71203 151.484
internal_count=4800 1228 286 258 942 906 3572 123 99 3449 174 3275
is_linear=0
shrinkage=0.08


Tree=110
num_leaves=12
num_cat=0
split_feature=0 4 4 4 4 1 4 4 4 2 4
split_gain=0.0646298 0.695887 1.20083 1.7341 1.24687 1.03589 0.257219 1.19882 1.13906 0.729446 0.226823
threshold=1.0000000180025095e-35 14.500000000000002 22.500000000000004 26.500000000000004 18.500000000000004 1.5000000000000002 4.5000000000000009 3.5000000000000004 6.5000000000000009 1.0000000180025095e-35 38.500000000000007
decision_type=2 2 2 2 2 2 2 2 2 2 2
left_child=1 5 4 -4 -3 -1 7 9 -8 -2 -10
right_child=6 2 3 -5 -6 -7 8 -9 10 -11 -12
leaf_value=0.0023297957820787212 0.031664244512149227 -0.0025589074638745326 -0.08397864190902643 5.7359811894903864e-05 0.090646641197380001 -0.088590014532063305 -0.090588752317398685 0.11049124954251807 0.0030708294905144183 -0.024080170654506138 -0.0027484121587793915
leaf_weight=1.7828464163467315 3.004691243171691 1.8722386471927195 1.6937028747051979 21.787442800588906 1.8033884130418298 1.4577723871916533 0.88652322068810363 0.75904792360961426 90.889545557787642 3.0047018290497363 81.136028506909497
leaf_count=40 32 28 41 389 27 30 34 19 2028 130 2002
internal_value=-0.000118231 -0.00352975 0.00065159 -0.00600419 0.0431709 -0.0385699 0.000458913 0.0157578 -0.000139944 0.00379199 0.000326179
internal_weight=210.078 30.3974 27.1568 23.4811 3.67563 3.24062 179.681 6.76844 172.912 6.00939 172.026
internal_count=4800 555 485 430 55 70 4245 181 4064 162 4030
is_linear=0
shrinkage=0.08


Tree=111
num_leaves=10
num_cat=0
split_feature=4 4 0 0 0 1 4 0 4
split_gain=0.0657977 1.5016 1.15256 1.7554 1.22012 0.693043 0.151467 0.842924 0.514926
threshold=7.5000000000000009 8.5000000000000018 7.5000000000000009 5.5000000000000009 2.5000000000000004 1.5000000000000002 16.500000000000004 7.5000000000000009 17.500000000000004
decision_type=2 2 2 2 2 2 2 2 2
left_child=2 -2 3 4 -1 -5 7 -3 -8
right_child=1 6 -4 5 -6 -7 8 -9 -10
leaf_value=0.017873490168754384 -0.10381936277457263 0.0027734224150320064 -0.085175502832467359 0.12209547313143389 -0.05127370636970037 0.022486103734616871 -0.039457232203169094 0.079471618384108766 -0.00015540758468896365
leaf_weight=5.4084706329740548 0.89522324036806722 14.517666792497035 0.81664724089205343 1.1447993828915057 2.3396859033964574 0.73343016672879446 2.15897351829335 0.97889606724493283 181.06678051617928
leaf_count=102 22 316 36 36 89 20 69 30 4080
internal_value=-0.000118049 -0.000441894 0.00607222 0.0138131 -0.00300667 0.083199 2.38111e-05 0.00761834 -0.000618506
internal_weight=210.061 199.618 10.443 9.62639 7.74816 1.87823 198.722 15.4966 183.226
internal_count=4800 4517 283 247 191 56 4495 346 4149
is_linear=0
shrinkage=0.08


Tree=112
num_leaves=14
num_cat=0
split_feature=4 4 0 1 4 0 4 4 1 0 4 0 0
split_gain=0.0669454 0.674775 3.85483 1.55563 0.698238 1.46517 0.707928 0.47149 2.67369 0.652683 2.40443 0.605041 0.00036885
threshold=28.500000000000004 29.500000000000004 2.5000000000000004 1.0000000180025095e-35 30.500000000000004 3.5000000000000004 32.500000000000007 27.500000000000004 1.0000000180025095e-35 7.5000000000000009 12.500000000000002 2.5000000000000004 1.5000000000000002
decision_type=2 2 2 2 2 2 2 2 2 2 2 2 2
left_child=7 2 -2 -4 5 -3 -6 9 -9 11 -11 -1 -10
right_child=1 4 3 -5 6 -7 -8 8 12 10 -12 -13 -14
leaf_value=0.0040201490544381135 -0.041742828652691202 0.010359655946863831 0.0082464690441439118 0.13905115275958851 0.022190950260205834 -0.083424606188217787 -0.00076952718640115525 0.046003640191144522 -0.08539556403716074 -0.084109426032297763 0.054800731835713976 -0.012412787423399222 -0.083370572779268903
leaf_weight=34.321095999795943 2.5129788145422927 2.3659545332193366 0.86214618757367167 1.7900386033579705 9.2383913891389948 1.9405745938420293 123.25741169252433 1.7655807742848981 1.0036546885967257 0.99501034105196495 4.0172727121971548 24.630058808717877 1.3500586049631236
leaf_count=499 38 40 19 43 204 56 2827 34 19 47 100 835 39
internal_value=-0.000116336 0.000872702 0.0292571 0.0965305 -0.000198991 -0.0319007 0.000831413 -0.0021787 -0.0284126 -0.000489217 0.0272251 -0.00284561 -0.0842341
internal_weight=210.05 141.967 5.16516 2.65218 136.802 4.30653 132.496 68.0827 4.11929 63.9634 5.01228 58.9512 2.35371
internal_count=4800 3227 100 62 3127 96 3031 1573 92 1481 147 1334 58
is_linear=0
shrinkage=0.08


Tree=113
num_leaves=10
num_cat=0
split_feature=4 4 4 2 4 4 0 0 0
split_gain=0.0687981 1.36435 1.07077 1.27352 0.525906 0.31059 0.164374 0.947545 0.320769
threshold=7.5000000000000009 8.5000000000000018 6.5000000000000009 1.0000000180025095e-35 1.0000000180025095e-35 1.0000000180025095e-35 5.5000000000000009 6.5000000000000009 3.5000000000000004
decision_type=2 2 2 2 2 2 2 2 2
left_child=2 -2 3 5 -5 -1 8 -8 -3
right_child=1 6 -4 4 -6 -7 7 -9 -10
leaf_value=0.0041168439679725626 -0.10274063684467039 -0.00091529233079333831 0.061067043686462479 -0.0072328036568450188 -0.060299564559423438 0.050455835596528525 -0.023380486041712022 0.0031381362850039698 0.007461419907301055
leaf_weight=1.7078568786382642 0.83110395353287358 117.64265672734473 1.868468964938075 2.4489630390889943 2.3345952909439802 2.0213237628340721 12.0852522123605 30.103956121951342 38.940939852967858
leaf_count=20 22 2002 28 99 110 26 518 957 1018
internal_value=-0.000123662 -0.000453897 0.00622591 -0.00581122 -0.0331318 0.0292339 -2.62182e-05 -0.00445822 0.00116792
internal_weight=209.985 199.604 10.3812 8.51274 4.78356 3.72918 198.773 42.1892 156.584
internal_count=4800 4517 283 255 209 46 4495 1475 3020
is_linear=0
shrinkage=0.08


Tree=114
num_leaves=9
num_cat=0
split_feature=4 4 0 4 4 4 4 2
split_gain=0.0644974 0.471385 0.247178 0.333792 0.712904 0.146332 0.263237 0.255888
threshold=79.500000000000014 75.500000000000014 2.5000000000000004 80.500000000000014 83.500000000000014 69.500000000000014 66.500000000000014 1.0000000180025095e-35
decision_type=2 2 2 2 2 2 2 2
left_child=1 5 -2 -4 -5 6 -1 -7
right_child=2 -3 3 4 -6 7 -8 -9
leaf_value=-5.8253199939640161e-05 -0.018795161598094839 -0.052796225712307847 0.064005811500686183 0.056273018962513278 -0.082106438138321608 0.041527813849684805 -0.030714211542309241 0.0012272748347905303
leaf_weight=199.46976888622157 1.0857111536897712 1.0884149721823622 0.9084745757281778 0.55202481616288424 0.41921352501958609 1.4769115019589651 1.808913021814077 3.178265854017809
leaf_count=4478 26 52 8 14 32 29 79 82
internal_value=-0.00011917 -0.000286973 0.0115955 0.0291489 -0.00345541 -9.44759e-06 -0.000333762 0.0140131
internal_weight=209.988 207.022 2.96542 1.87971 0.971238 205.934 201.279 4.65518
internal_count=4800 4720 80 54 46 4668 4557 111
is_linear=0
shrinkage=0.08


Tree=115
num_leaves=9
num_cat=0
split_feature=4 0 4 4 0 4 0 4
split_gain=0.0602219 0.205549 0.13114 0.224036 0.219064 0.161904 0.30701 0.227246
threshold=82.500000000000014 4.5000000000000009 74.500000000000014 76.500000000000014 2.5000000000000004 69.500000000000014 4.5000000000000009 66.500000000000014
decision_type=2 2 2 2 2 2 2 2
left_child=2 -2 5 -4 -5 7 -7 -1
right_child=1 -3 3 4 -6 6 -8 -9
leaf_value=-5.3595356219839153e-05 -0.0065359876479949884 0.054381630638079513 -0.052257386926386228 -0.033808602738311738 0.017430011008464835 0.0019734866096962726 0.050084033678808031 -0.028791527017737486
leaf_weight=199.46171478484757 0.97091379505582043 0.55836073332466185 0.82671137969009523 0.90116662892978672 1.3107441591564564 2.998103337828069 1.1841849645134059 1.7767132406588633
leaf_count=4478 31 24 30 23 40 47 48 79
internal_value=-0.000111544 0.0157059 -0.000227583 -0.0167256 -0.00344539 1.64587e-05 0.0155956 -0.00030732
internal_weight=209.989 1.52927 208.459 3.03862 2.21191 205.421 4.18229 201.238
internal_count=4800 55 4745 93 63 4652 95 4557
is_linear=0
shrinkage=0.08


Tree=116
num_leaves=10
num_cat=0
split_feature=4 4 4 0 4 1 4 0 4
split_gain=0.0569591 0.870449 1.18258 1.03634 0.799337 0.881112 0.176699 0.740654 0.453108
threshold=7.5000000000000009 6.5000000000000009 4.5000000000000009 1.0000000180025095e-35 9.5000000000000018 1.0000000180025095e-35 16.500000000000004 7.5000000000000009 17.500000000000004
decision_type=2 2 2 2 2 2 2 2 2
left_child=1 2 3 -1 5 -2 7 -6 -8
right_child=4 -3 -4 -5 6 -7 8 -9 -10
leaf_value=-0.083731863053875366 -0.11705112182953485 0.053972503943332216 -0.088576663092439334 0.015261363834859563 0.0036516528743013332 -0.0031842154995676002 -0.037477927097255954 0.074926380042311461 -0.00017288883742276907
leaf_weight=0.75226341607048741 0.78656177688389906 1.9419554104097194 0.96906607854180027 6.7486282731406391 13.592729590833184 0.97287318203598261 2.1080043297260991 1.0018653641454882 181.14361053239554
leaf_count=34 19 28 40 181 293 30 69 26 4080
internal_value=-0.000103823 0.0056647 -0.0054111 0.00533335 -0.000404723 -0.0540888 7.26864e-05 0.0085444 -0.000602021
internal_weight=210.018 10.4119 8.46996 7.50089 199.606 1.75943 197.846 14.5946 183.252
internal_count=4800 283 255 215 4517 49 4468 319 4149
is_linear=0
shrinkage=0.08


Tree=117
num_leaves=15
num_cat=0
split_feature=0 2 4 4 4 4 4 4 1 0 0 2 2 4
split_gain=0.0590735 0.809093 1.20942 1.00403 0.843357 0.340379 0.250951 1.15982 9.34092 0.919872 0.737898 1.20142 0.277912 0.000216259
threshold=5.5000000000000009 1.5000000000000002 79.500000000000014 70.500000000000014 62.500000000000007 40.500000000000007 31.500000000000004 32.500000000000007 1.0000000180025095e-35 3.5000000000000004 4.5000000000000009 1.0000000180025095e-35 1.0000000180025095e-35 72.500000000000014
decision_type=2 2 2 2 2 2 2 2 2 2 2 2 2 2
left_child=6 3 5 4 -2 -3 10 8 -8 -9 12 -12 -1 -5
right_child=1 2 -4 13 -6 -7 7 9 -10 -11 11 -13 -14 -15
leaf_value=-0.010264961828782282 -7.05202008464676e-05 -0.02915829729283034 0.086813113530468583 -0.084822129353162676 0.057602320256987485 -0.081701116067635735 -0.10368844872262958 -0.0032952618386202703 0.14370538206067815 0.014353303030928688 0.012863010108541621 -0.05993927326047737 0.0026609584440128609 -0.082258294644069987
leaf_weight=14.180497924797235 38.88936951616779 1.531185471685603 0.4297079350799321 0.33756197243928809 1.6934003641363222 1.6280727728735653 1.626433815807103 72.411001482862048 2.4453393314033747 25.577570487977937 2.46012776531279 3.5357372211292386 42.703309673815966 0.55964818096254021
leaf_count=236 1198 122 6 11 80 112 23 1273 47 621 55 157 810 49
internal_value=-0.000100781 -0.00266758 -0.0391082 0.000485364 0.002336 -0.0562354 0.000600582 0.00304992 0.0448861 0.00131147 -0.00337494 -0.0300682 -0.000561329 -0.0832229
internal_weight=210.009 45.0689 3.58897 41.48 40.5828 3.15926 164.94 102.06 4.07177 97.9886 62.8797 5.99586 56.8838 0.89721
internal_count=4800 1578 240 1338 1278 234 3222 1964 70 1894 1258 212 1046 60
is_linear=0
shrinkage=0.08


Tree=118
num_leaves=15
num_cat=0
split_feature=0 1 4 4 4 4 4 4 4 4 4 4 0 4
split_gain=0.0563274 0.279541 1.09774 1.61501 0.502057 2.07901 1.69544 0.485055 0.256969 1.75963 1.07217 0.958234 0.558525 0.489056
threshold=1.5000000000000002 1.0000000180025095e-35 12.500000000000002 23.500000000000004 56.500000000000007 63.500000000000007 51.500000000000007 1.5000000000000002 22.500000000000004 26.500000000000004 21.500000000000004 27.500000000000004 1.0000000180025095e-35 19.500000000000004
decision_type=2 2 2 2 2 2 2 2 2 2 2 2 2 2
left_child=8 2 7 -4 6 -6 -3 -2 10 12 13 -11 -10 -1
right_child=1 4 3 -5 5 -7 -8 -9 9 11 -12 -13 -14 -15
leaf_value=0.0082910566065960561 -0.013808407691850466 0.0015269855680054717 0.042211405007651255 -0.0091279696687176538 0.04450065997347933 -0.02005617925763126 -0.057978585671531649 -0.083970527437943213 -0.083677062651508968 0.052879967670670158 0.065701878744046274 0.0010101276415465041 -0.027911432132865434 -0.029776254974353735
leaf_weight=16.769641960971065 1.0374610894359642 66.381329921074212 4.4363307908643028 33.793447261676192 7.2162852277979237 5.7259301536250859 3.2127145566046229 1.6080842937808482 1.5744627714157093 2.3737815991044036 1.945799596607684 57.332701040664688 4.258123904466629 2.4792200773954383
leaf_count=208 28 1982 146 871 181 246 173 69 41 21 18 750 37 29
internal_value=-0.000110754 -0.00120876 -0.00661913 -0.00317035 0.00147067 0.0159392 -0.00122001 -0.0564562 0.00145158 -0.0010247 0.00910884 0.00307234 -0.0429649 0.00338805
internal_weight=210.145 123.412 40.8753 38.2298 82.5363 12.9422 69.594 2.64555 86.7337 65.5391 21.1947 59.7065 5.83259 19.2489
internal_count=4800 3696 1114 1017 2582 427 2155 97 1104 849 255 771 78 237
is_linear=0
shrinkage=0.08


Tree=119
num_leaves=15
num_cat=0
split_feature=1 4 0 4 4 4 4 4 3 4 4 4 4 4
split_gain=0.0587876 0.646315 1.4867 1.35687 1.57196 0.963868 0.8768 0.695581 0.607054 0.528064 0.487633 0.417758 2.8088 0.968321
threshold=1.5000000000000002 35.500000000000007 4.5000000000000009 38.500000000000007 39.500000000000007 29.500000000000004 33.500000000000007 36.500000000000007 1.0000000180025095e-35 61.500000000000007 44.500000000000007 36.500000000000007 37.500000000000007 30.500000000000004
decision_type=2 2 2 2 2 2 2 2 2 2 2 2 2 2
left_child=8 2 6 7 -5 -4 -2 -3 11 10 -10 13 -13 -1
right_child=1 3 5 4 -6 -7 -8 -9 9 -11 -12 12 -14 -15
leaf_value=0.00046311968308235713 0.0054070200351695689 -0.0017080430477145656 -0.022348798877286479 -0.084433167348974644 0.0022476263926998149 -0.082176861646460861 -0.04794963709234306 0.055632066221657207 -0.034365514697892625 -0.087008845378413469 0.048703088493586955 -0.08498200925543882 0.00036046257812313311 0.022075097407526851
leaf_weight=51.909159007715061 21.0458456738852 1.9290832118131209 6.5761441879440081 1.4092043898999715 26.872883498785086 2.3354581324383616 2.1747563146054736 4.541629308834672 1.8581738728098569 0.85934874787926663 0.59776459727436293 2.5617459844797841 67.548469190485775 17.824025521986187
leaf_count=1039 459 44 283 34 871 105 43 90 69 14 18 57 1363 311
internal_value=-0.000114036 -0.00207208 -0.0102506 0.00548968 -0.0020714 -0.0380279 0.000409831 0.0385375 0.00080078 -0.0330334 -0.014147 0.00160289 -0.00275785 0.00598721
internal_weight=210.044 66.885 32.1322 34.7528 28.2821 8.9116 23.2206 6.47071 143.159 3.31529 2.45594 139.843 70.1102 69.7332
internal_count=4800 1929 890 1039 905 388 502 134 2871 101 87 2770 1420 1350
is_linear=0
shrinkage=0.08


Tree=120
num_leaves=10
num_cat=0
split_feature=4 4 4 2 0 4 0 4 4
split_gain=0.0581071 1.17627 0.700171 1.13172 0.522603 0.291145 0.126191 0.875419 0.292867
threshold=7.5000000000000009 8.5000000000000018 6.5000000000000009 1.0000000180025095e-35 4.5000000000000009 1.0000000180025095e-35 5.5000000000000009 12.500000000000002 12.500000000000002
decision_type=2 2 2 2 2 2 2 2 2
left_child=2 -2 3 5 -5 -1 8 -8 -3
right_child=1 6 -4 4 -6 -7 7 -9 -10
leaf_value=0.0038525058036181069 -0.099689936972970378 0.020235662703998732 0.048234032620407361 -0.016605027344769374 -0.08139917042273799 0.048611458254609205 -0.08209481030704234 -0.0022320620503658395 0.00037802502400820427
leaf_weight=1.7111378144472822 0.76104882685467501 4.9067068286240092 2.0006431699730447 3.5815540319308639 1.0245797398965804 2.0377040542662144 0.89767633937299152 40.971867652260698 152.03738054982387
leaf_count=20 22 107 28 124 85 26 42 1433 2913
internal_value=-0.000118971 -0.000422152 0.00572397 -0.00445529 -0.0310177 0.0281815 -4.21597e-05 -0.00394431 0.000998855
internal_weight=209.93 199.575 10.3556 8.35498 4.60613 3.74884 198.814 41.8695 156.944
internal_count=4800 4517 283 255 209 46 4495 1475 3020
is_linear=0
shrinkage=0.08


Tree=121
num_leaves=13
num_cat=0
split_feature=0 4 1 4 4 4 4 4 4 0 2 4
split_gain=0.059164 0.684175 1.01246 0.909643 1.48777 0.842214 0.236057 0.92669 0.757527 0.727169 0.517192 0.471366
threshold=1.0000000180025095e-35 14.500000000000002 1.5000000000000002 22.500000000000004 26.500000000000004 18.500000000000004 4.5000000000000009 3.5000000000000004 8.5000000000000018 4.5000000000000009 1.0000000180025095e-35 14.500000000000002
decision_type=2 2 2 2 2 2 2 2 2 2 2 2
left_child=1 2 -1 5 -5 -3 7 10 9 -8 -2 -10
right_child=6 3 -4 4 -6 -7 8 -9 11 -11 -12 -13
leaf_value=0.001553306922716802 0.026865731855076864 -0.0019738667089979844 -0.089435423524925076 -0.083390853108861171 6.4204871846740094e-06 0.072898103516957052 -0.072675101704097578 0.095393348406798001 0.018354240465494161 0.020756985489211528 -0.020476461567473559 -0.0004857052981998072
leaf_weight=1.7773127071559456 3.0784899815917006 1.8593074213713434 1.3985733496956527 1.4608150590211177 21.787935134023428 1.9913484081625938 1.7284981370903545 0.80997171811759461 8.9717649021185917 0.77087940368801344 2.8386105392128229 161.36857364117168
leaf_count=40 32 28 30 41 389 27 37 19 227 38 130 3762
internal_value=-0.000114289 -0.00338575 -0.0385156 0.000731262 -0.00523377 0.0367458 0.000437285 0.0151399 -0.000134953 -0.043858 0.00415426 0.000506588
internal_weight=209.842 30.2753 3.17589 27.0994 23.2488 3.85066 179.567 6.72707 172.84 2.49938 5.9171 170.34
internal_count=4800 555 70 485 430 55 4245 181 4064 75 162 3989
is_linear=0
shrinkage=0.08


Tree=122
num_leaves=10
num_cat=0
split_feature=4 0 4 4 0 0 4 2 4
split_gain=0.056638 0.153365 0.77167 0.110934 0.424132 0.157082 0.141704 0.205768 0.201321
threshold=82.500000000000014 1.5000000000000002 83.500000000000014 75.500000000000014 2.5000000000000004 6.5000000000000009 69.500000000000014 1.0000000180025095e-35 60.500000000000007
decision_type=2 2 2 2 2 2 2 2 2
left_child=3 -2 -3 6 -5 -6 8 -8 -1
right_child=1 2 -4 4 5 -7 7 -9 -10
leaf_value=0.00024763359238293565 0.048118884597140942 0.061471987947254121 -0.081919687901213289 -0.052933966092099348 -0.0095971219881051534 0.045624276895157301 0.038098273074762816 0.002165185494302173 -0.011205310821520558
leaf_weight=190.75148393050767 0.56965131917968281 0.5244409441947937 0.44316564686596394 1.1412477727280923 0.79837922286242224 0.5615747922565788 1.5057504614815105 3.1611400728579611 10.356075601419432
leaf_count=4221 8 8 39 27 31 19 29 82 336
internal_value=-0.000112966 0.0151864 -0.00420167 -0.000225889 -0.0169724 0.0132058 -2.23333e-05 0.0137588 -0.000342138
internal_weight=209.813 1.53726 0.967607 208.276 2.5012 1.35995 205.774 4.66689 201.108
internal_count=4800 55 47 4745 77 50 4668 111 4557
is_linear=0
shrinkage=0.08


Tree=123
num_leaves=14
num_cat=0
split_feature=4 4 0 2 0 1 4 1 3 0 4 4 0
split_gain=0.0543791 0.564341 3.08344 0.739587 0.624727 1.88359 0.402603 2.46565 0.571041 0.476615 0.373791 0.328435 0.000293289
threshold=28.500000000000004 29.500000000000004 2.5000000000000004 1.0000000180025095e-35 7.5000000000000009 1.5000000000000002 27.500000000000004 1.0000000180025095e-35 1.0000000180025095e-35 7.5000000000000009 11.500000000000002 30.500000000000004 1.5000000000000002
decision_type=2 2 2 2 2 2 2 2 2 2 2 2 2
left_child=6 2 -2 -4 11 -6 8 -8 9 -1 -10 -3 -9
right_child=1 4 3 -5 5 -7 7 12 10 -11 -12 -13 -14
leaf_value=-0.0014329224136280091 -0.039212177295175156 -0.02240952546172682 0.13490741792806485 0.05106900551030491 -0.046116082578023548 0.026272531983853594 0.042917260735967355 -0.084983646809804317 0.0066771819193471261 0.02399096410004424 -0.083514282978311899 0.0019964057488986971 -0.083106945206881985
leaf_weight=57.204986991826445 2.46740948408842 3.6328605972230426 1.0840488970279696 1.7777791693806646 6.2715581173542869 3.6332515151007101 1.7867811024188989 0.93380845338106189 0.44640647433698066 5.1434656160417935 0.86189985927194357 123.30310709855985 1.2415088061243293
leaf_count=1281 38 79 17 45 204 141 34 19 16 144 40 2703 39
internal_value=-0.000105611 0.000782658 0.0263233 0.0828267 -0.000212017 -0.0195627 -0.00197321 -0.0267163 -0.000433164 0.000664433 -0.0527401 0.00129792 -0.0839126
internal_weight=209.789 142.17 5.32924 2.86183 136.841 9.90481 67.6189 3.9621 63.6568 62.3485 1.30831 126.936 2.17532
internal_count=4800 3227 100 62 3127 345 1573 92 1481 1425 56 2782 58
is_linear=0
shrinkage=0.08


Tree=124
num_leaves=15
num_cat=0
split_feature=1 4 0 4 4 4 4 4 3 4 4 4 4 4
split_gain=0.0535715 0.527306 1.39457 1.09248 1.44251 0.923128 0.793514 0.534691 0.519807 0.499219 0.703776 0.334232 2.583 0.826277
threshold=1.5000000000000002 35.500000000000007 4.5000000000000009 38.500000000000007 39.500000000000007 29.500000000000004 33.500000000000007 36.500000000000007 1.0000000180025095e-35 61.500000000000007 46.500000000000007 36.500000000000007 37.500000000000007 30.500000000000004
decision_type=2 2 2 2 2 2 2 2 2 2 2 2 2 2
left_child=8 2 6 7 -5 -4 -2 -3 11 10 -10 13 -13 -1
right_child=1 3 5 4 -6 -7 -8 -9 9 -11 -12 12 -14 -15
leaf_value=0.00027790550638297852 0.0055010727558229746 -0.0017464951883160388 -0.021729804718602547 -0.084086463746101542 0.001887124876260349 -0.082014810878246081 -0.046209591220871274 0.048135564043793808 -0.035618753687172093 -0.086378245125523709 0.070167014876210937 -0.084593411408588878 0.00045728982851631246 0.020148692060314426
leaf_weight=51.982924873009324 21.011161984410144 1.9299226393923152 6.5031845141202194 1.3096552770584846 26.978267447906546 2.1674445830285549 2.0879460945725432 4.7854944891296327 1.8836028368677942 0.78917415998876084 0.51187325548380602 2.365505712106823 67.422546609537676 18.04104243312031
leaf_count=1039 459 44 283 34 871 105 43 90 74 14 13 57 1363 311
internal_value=-0.000109039 -0.00197993 -0.00944215 0.00479294 -0.00209322 -0.0367996 0.000826906 0.0338001 0.000764582 -0.0311941 -0.0130141 0.00149254 -0.00242555 0.00539743
internal_weight=209.77 66.7731 31.7697 35.0033 28.2879 8.67063 23.0991 6.71542 142.997 3.18465 2.39548 139.812 69.7881 70.024
internal_count=4800 1929 890 1039 905 388 502 134 2871 101 87 2770 1420 1350
is_linear=0
shrinkage=0.08


Tree=125
num_leaves=10
num_cat=0
split_feature=4 4 4 0 4 1 4 2 4
split_gain=0.0566593 0.699344 1.03207 0.927888 0.596535 0.820942 0.121342 0.719354 0.411268
threshold=7.5000000000000009 6.5000000000000009 4.5000000000000009 1.0000000180025095e-35 9.5000000000000018 1.0000000180025095e-35 16.500000000000004 1.5000000000000002 17.500000000000004
decision_type=2 2 2 2 2 2 2 2 2
left_child=1 2 3 -1 5 -2 7 -6 -8
right_child=4 -3 -4 -5 6 -7 8 -9 -10
leaf_value=-0.083539720622887809 -0.11308293235725597 0.048032690425384182 -0.087610503830337638 0.013954566169566021 0.00073780085582197269 0.0012056839259839928 -0.03601316208604869 0.057178088809493523 -0.00017028405071857188
leaf_weight=0.68805221561342289 0.7119648428633798 2.0088051441125563 0.85878864279948164 6.7924421962816268 13.066611581016328 0.92463518772274256 2.0722677703015497 1.6249895142391331 180.90971731429454
leaf_count=34 19 28 40 181 276 30 69 43 4080
internal_value=-0.000113144 0.00565856 -0.00454871 0.00498709 -0.000412808 -0.0485129 -1.45725e-05 0.00698047 -0.000576204
internal_weight=209.658 10.3481 8.33928 7.48049 199.31 1.6366 197.674 14.6916 182.982
internal_count=4800 283 255 215 4517 49 4468 319 4149
is_linear=0
shrinkage=0.08


Tree=126
num_leaves=14
num_cat=0
split_feature=1 4 0 0 4 4 3 3 4 4 4 1 4
split_gain=0.0510887 0.543565 1.01115 1.7231 0.54094 0.846798 0.465457 0.45644 0.474781 0.584076 0.2983 0.942184 0.274116
threshold=1.5000000000000002 13.500000000000002 1.0000000180025095e-35 1.5000000000000002 72.500000000000014 59.500000000000007 1.0000000180025095e-35 1.0000000180025095e-35 61.500000000000007 46.500000000000007 13.500000000000002 1.0000000180025095e-35 65.500000000000014
decision_type=2 2 2 2 2 2 2 2 2 2 2 2 2
left_child=7 2 -2 -4 5 -3 -6 10 9 -9 11 -1 -12
right_child=1 4 3 -5 6 -7 -8 8 -10 -11 12 -13 -14
leaf_value=-0.005110201439726487 -0.089633972634470371 -0.0018780972300784407 0.060574020851989839 -0.039500288078161958 -0.085105030488036207 0.0279541268124796 0.0052918112006538369 -0.03374074304866935 -0.085861036317038869 0.060632855534649858 -0.00066156621024183776 0.039827395691416904 0.015052378252011309
leaf_weight=7.2920446884818357 1.2201283471658815 51.912266331259161 1.5916583873331545 3.5731108118779957 0.86692235199734458 6.8988743030931792 0.62907806038856506 1.8411773217376319 0.73259334266185749 0.54363418463617552 119.93048234982416 5.0567469620145857 7.552055407781153
leaf_count=134 28 1477 23 148 73 176 4 74 14 13 2270 156 210
internal_value=-0.00010866 -0.00193704 -0.0241336 -0.00865978 0.000412973 0.00162139 -0.0470926 0.000744364 -0.0295316 -0.0122276 0.00141934 0.0132914 0.000269327
internal_weight=209.641 66.692 6.3849 5.16477 60.3071 58.8111 1.496 142.949 3.1174 2.38481 139.831 12.3488 127.483
internal_count=4800 1929 199 171 1730 1653 77 2871 101 87 2770 290 2480
is_linear=0
shrinkage=0.08


Tree=127
num_leaves=15
num_cat=0
split_feature=4 4 0 1 4 1 4 1 4 3 3 0 4 0
split_gain=0.0595994 0.45527 1.10372 0.612591 0.286897 1.13985 0.758505 0.172965 0.780443 0.598825 0.528629 0.907429 0.329299 4.21173e-05
threshold=52.500000000000007 56.500000000000007 4.5000000000000009 1.0000000180025095e-35 58.500000000000007 1.0000000180025095e-35 59.500000000000007 1.5000000000000002 50.500000000000007 1.0000000180025095e-35 1.0000000180025095e-35 1.5000000000000002 51.500000000000007 5.5000000000000009
decision_type=2 2 2 2 2 2 2 2 2 2 2 2 2 2
left_child=7 2 3 -2 5 -3 -6 10 9 -9 12 -12 -1 -4
right_child=1 4 13 -5 6 -7 -8 8 -10 -11 11 -13 -14 -15
leaf_value=0.0022508915696021689 0.013551121761032892 -0.03131486091381238 -0.081996198318673413 -0.041625953851757595 -0.052330030683290139 0.045104797885901653 0.0017105904312033221 -0.0037139472981608706 -0.082458299384944048 0.04213338421643676 0.026316390399939257 -0.082065132102577293 0.029964329893530185 -0.081110463746638981
leaf_weight=114.37156150047667 3.844901716336607 1.9370041443035031 0.52234182693064202 1.9362572315149007 1.7981962068006421 3.5176812130957842 21.987880644621328 51.172853444004431 0.78455304633825917 1.8906354662030924 0.83233537618070785 1.2177347142715005 2.8114912770688525 1.0039769075810907
leaf_count=2124 49 26 28 105 48 66 628 1418 41 48 12 68 45 94
internal_value=-0.000108159 -0.00304362 -0.0209045 -0.00492908 0.00141993 0.0179675 -0.00237481 0.0005117 -0.00325151 -0.00208042 0.00221124 -0.0380619 0.0029158 -0.0814136
internal_weight=209.629 36.5482 7.30748 5.78116 29.2408 5.45469 23.7861 173.081 53.848 53.0635 119.233 2.05007 117.183 1.52632
internal_count=4800 1044 276 154 768 92 676 3756 1507 1466 2249 80 2169 122
is_linear=0
shrinkage=0.08


Tree=128
num_leaves=13
num_cat=0
split_feature=4 4 0 4 4 0 4 4 4 0 4 1
split_gain=0.0519685 0.672631 0.917185 0.678119 0.491603 0.571629 3.74841 1.42018 0.505247 0.269205 0.229427 5.00171e-05
threshold=60.500000000000007 59.500000000000007 2.5000000000000004 58.500000000000007 62.500000000000007 4.5000000000000009 63.500000000000007 63.500000000000007 61.500000000000007 3.5000000000000004 56.500000000000007 1.5000000000000002
decision_type=2 2 2 2 2 2 2 2 2 2 2 2
left_child=1 3 -3 10 8 7 -7 -6 -2 -5 -1 -10
right_child=4 2 -4 9 5 6 -8 -9 11 -11 -12 -13
leaf_value=-0.00033465962571185858 -0.0083777347249135072 0.074746312938146819 -0.016358613819487871 -0.01938659300174057 -0.10454447341033193 0.16733105925794509 -0.0095217975394965744 -0.00072003686790910511 -0.081821170815568001 -0.082562540218275499 0.0161593133865587 -0.082987947452236546
leaf_weight=180.18186527921353 1.514049733057621 1.7643992863595479 1.1803215332329271 0.88529013842344173 0.91619562078267591 0.94128390587866206 4.1428734888322651 10.58100092015229 0.57219496089965094 0.84247985202819109 5.5639236820861688 0.39917613938450813
leaf_count=4032 36 19 30 16 21 21 198 254 36 32 92 13
internal_value=-0.000107448 0.000291272 0.0382291 -0.000304632 -0.00408943 0.000883916 0.0232208 -0.00899366 -0.0372689 -0.0501919 0.000159409 -0.0823006
internal_weight=209.485 190.418 2.94472 187.474 19.0668 16.5814 5.08416 11.4972 2.48542 1.72777 185.746 0.971371
internal_count=4800 4221 49 4172 579 494 219 275 85 48 4124 49
is_linear=0
shrinkage=0.08


Tree=129
num_leaves=14
num_cat=0
split_feature=4 4 0 2 1 0 1 4 4 3 0 4 0
split_gain=0.0561845 0.422856 0.453391 0.331733 1.80616 0.417809 0.146749 0.722511 0.51005 0.468292 0.842952 0.271989 0.000172395
threshold=52.500000000000007 53.500000000000007 2.5000000000000004 1.0000000180025095e-35 1.5000000000000002 4.5000000000000009 1.5000000000000002 50.500000000000007 36.500000000000007 1.0000000180025095e-35 1.5000000000000002 51.500000000000007 4.5000000000000009
decision_type=2 2 2 2 2 2 2 2 2 2 2 2 2
left_child=6 2 -2 4 -3 -5 9 8 -8 11 -11 -1 -4
right_child=1 3 12 5 -6 -7 7 -9 -10 10 -12 -13 -14
leaf_value=0.0020950452116980326 -0.0077962140659695216 -0.04091990984697106 -0.083518932333525059 0.009874806363441355 0.04138626365936126 -0.012519169346516056 -0.0079451973050819798 -0.082268682415129468 0.0082936017394585077 0.024072239974940911 -0.081903800044826058 0.02704633912067976 -0.081242764231912151
leaf_weight=114.50571961607784 1.3258724431507283 5.4452164410613468 0.46057101618498553 18.849635797087107 2.4851170002948493 7.4353110893862313 33.219836926669814 0.72559934994205733 19.731797635555267 0.83782529830932517 1.1258674687705932 2.8660344053059807 0.39611623017117381
leaf_count=2124 29 141 20 409 85 327 934 41 532 12 68 45 33
internal_value=-0.000107535 -0.00296447 -0.0371054 -0.000786651 -0.0151277 0.00354015 0.000493497 -0.00298049 -0.001894 0.0020561 -0.0366883 0.00270432 -0.0824665
internal_weight=209.411 36.3978 2.18256 34.2153 7.93033 26.2849 173.013 53.6772 52.9516 119.335 1.96369 117.372 0.856687
internal_count=4800 1044 82 962 226 736 3756 1507 1466 2249 80 2169 53
is_linear=0
shrinkage=0.08


Tree=130
num_leaves=11
num_cat=0
split_feature=4 0 0 0 0 4 1 4 2 4
split_gain=0.0539622 0.977235 1.36357 1.08636 0.526047 0.521519 0.751457 0.1013 0.583178 0.354738
threshold=7.5000000000000009 7.5000000000000009 5.5000000000000009 2.5000000000000004 6.5000000000000009 9.5000000000000018 1.0000000180025095e-35 16.500000000000004 1.5000000000000002 17.500000000000004
decision_type=2 2 2 2 2 2 2 2 2 2
left_child=1 2 3 -1 -4 6 -2 8 -7 -9
right_child=5 -3 4 -5 -6 7 -8 9 -10 -11
leaf_value=0.016336429212557214 -0.1103137693305796 -0.084962485625918432 0.12385684467275385 -0.049971337178728453 0.039180579929493149 0.00062312858686379988 0.00081867614357682117 -0.033898248683149439 0.050523898278297084 -0.00017169068472564465
leaf_weight=5.3572131856344605 0.67200456582941004 0.71099866577424187 0.75171826267614972 2.243606885895133 1.2509145338553935 13.073065053205934 0.92598549416288733 2.0182282722089431 1.6929852541070438 180.60885076760314
leaf_count=102 19 36 24 89 32 276 30 69 43 4080
internal_value=-0.000105127 0.00553694 0.0122371 -0.00323627 0.0709651 -0.000397576 -0.045916 -2.90833e-05 0.00634445 -0.000544406
internal_weight=209.306 10.3145 9.60345 7.60082 2.00263 198.991 1.59799 197.393 14.7661 182.627
internal_count=4800 283 247 191 56 4517 49 4468 319 4149
is_linear=0
shrinkage=0.08


Tree=131
num_leaves=15
num_cat=0
split_feature=0 2 4 4 4 1 4 4 4 2 0 4 0 0
split_gain=0.0540444 0.631804 0.372466 1.53691 1.07696 0.351014 0.550081 0.168627 1.99576 0.87194 3.29628 0.67199 0.559942 0.53457
threshold=1.0000000180025095e-35 1.5000000000000002 35.500000000000007 27.500000000000004 36.500000000000007 1.0000000180025095e-35 48.500000000000007 38.500000000000007 39.500000000000007 1.5000000000000002 2.5000000000000004 28.500000000000004 2.5000000000000004 6.5000000000000009
decision_type=2 2 2 2 2 2 2 2 2 2 2 2 2 2
left_child=1 2 3 -1 -4 -3 -7 9 12 11 -11 -2 -9 -10
right_child=7 5 4 -5 -6 6 -8 8 13 10 -12 -13 -14 -15
leaf_value=-0.00033471225687401233 -0.00063585764866565882 -0.0091585271765569128 0.084277567418773222 -0.063237430160755156 -0.0062863953446835518 0.0061260408986023194 0.062049543275736321 -0.11095067538865479 -0.0028893830105419117 0.020559574733166993 -0.066656549703484669 0.013581998859916535 -0.039238116342074622 0.014613077619464707
leaf_weight=8.1909500476904267 50.58916209731251 2.0073808412998906 0.91030025482177634 3.5691796727478495 10.938580717891453 2.531872914172709 2.026829743757844 1.1380445584654801 64.128296851878986 6.2175302314572019 5.0066570733906701 36.716230422258377 1.7974267522804437 13.523459792602806
leaf_count=154 1190 29 10 74 227 38 23 21 1475 71 243 739 51 455
internal_value=-0.000102512 -0.00323459 -0.00933939 -0.0194256 0.000671257 0.0187158 0.03099 0.000425138 -0.00228903 0.00264505 -0.018344 0.00534345 -0.0670402 0.000158762
internal_weight=209.292 30.1751 23.609 11.7601 11.8489 6.56608 4.5587 179.117 80.5872 98.5296 11.2242 87.3054 2.93547 77.6518
internal_count=4800 555 465 228 237 90 61 4245 2002 2243 314 1929 72 1930
is_linear=0
shrinkage=0.08


Tree=132
num_leaves=15
num_cat=0
split_feature=4 4 0 2 1 0 1 4 0 0 3 0 4 0
split_gain=0.0527812 0.368241 0.437579 0.276911 1.52216 0.383413 0.133109 0.438808 3.44962 1.55626 0.41325 0.781415 0.222653 0.000134248
threshold=52.500000000000007 53.500000000000007 2.5000000000000004 1.0000000180025095e-35 1.5000000000000002 7.5000000000000009 1.5000000000000002 43.500000000000007 5.5000000000000009 5.5000000000000009 1.0000000180025095e-35 1.5000000000000002 51.500000000000007 4.5000000000000009
decision_type=2 2 2 2 2 2 2 2 2 2 2 2 2 2
left_child=6 2 -2 4 -3 -5 10 9 -9 -8 12 -12 -1 -4
right_child=1 3 13 5 -6 -7 7 8 -10 -11 11 -13 -14 -15
leaf_value=0.0020028878645501568 -0.0070837872489828866 -0.038411743053798672 -0.083241158703100282 0.0055185705913528386 0.036473484416778362 -0.03482077909781231 0.0073468836688506244 -0.054889676238652617 0.06453547102328662 -0.02980358590815417 0.022108239475353161 -0.081747905119253075 0.024376832326003545 -0.081153365317195053
leaf_weight=114.47844434599392 1.3206848809495562 5.3306311783380798 0.42527089081704605 24.755349482758906 2.5770081836963072 1.6057711174944405 37.006643037777394 5.4039398287422946 2.1693789870478213 8.9648342030122858 0.83890591934323211 1.0365545139648018 2.9191653691232196 0.36740179965272546
leaf_count=2124 29 141 20 657 85 79 824 196 94 393 12 68 45 33
internal_value=-0.000106592 -0.00287608 -0.0352857 -0.000877371 -0.0140075 0.00306132 0.000476448 -0.00283724 -0.0206803 0.000102222 0.00196405 -0.0352924 0.00255923 -0.0822735
internal_weight=209.2 36.3821 2.11336 34.2688 7.90764 26.3611 172.818 53.5448 7.57332 45.9715 119.273 1.87546 117.398 0.792673
internal_count=4800 1044 82 962 226 736 3756 1507 290 1217 2249 80 2169 53
is_linear=0
shrinkage=0.08


Tree=133
num_leaves=7
num_cat=0
split_feature=4 4 0 4 4 4
split_gain=0.0535977 0.334717 0.216652 0.250484 0.113464 0.0863612
threshold=79.500000000000014 75.500000000000014 2.5000000000000004 80.500000000000014 73.500000000000014 60.500000000000007
decision_type=2 2 2 2 2 2
left_child=1 4 -2 -4 5 -1
right_child=2 -3 3 -5 -6 -7
leaf_value=0.00027908827139991061 -0.018421772460199909 -0.045561776279696646 0.056295289757193688 -0.0022001732005228992 0.025983433572941323 -0.0062286738766901837
leaf_weight=190.07687430852093 1.0514004540164017 1.0386132381390769 0.93392444774508454 0.94012240157462656 1.0673866916913528 14.01287937001325
leaf_count=4221 26 52 8 46 32 415
internal_value=-0.000108462 -0.000261015 0.010644 0.0269508 -3.16784e-05 -0.000167737
internal_weight=209.121 206.196 2.92545 1.87405 205.157 204.09
internal_count=4800 4720 80 54 4668 4636
is_linear=0
shrinkage=0.08


Tree=134
num_leaves=9
num_cat=0
split_feature=4 0 4 4 4 0 4 0
split_gain=0.0569952 0.197442 0.0940316 0.206131 0.138091 0.269048 0.184288 0.136415
threshold=82.500000000000014 4.5000000000000009 74.500000000000014 76.500000000000014 69.500000000000014 4.5000000000000009 60.500000000000007 2.5000000000000004
decision_type=2 2 2 2 2 2 2 2
left_child=2 -2 4 -4 6 -6 -1 -5
right_child=1 -3 3 7 5 -7 -8 -9
leaf_value=0.00025670986594749268 -0.0068565235918353739 0.053229056947346226 -0.049086607978701145 -0.026371785781738707 0.0014552455270776612 0.046114467988672539 -0.010717574615408959 0.014648546215224063
leaf_weight=190.11335297196638 0.94325825828127452 0.55650732887443155 0.7989808337297285 0.85777885827701572 2.9929016139358273 1.2133647883310912 10.325051296735181 1.3131555514410136
leaf_count=4221 31 24 30 23 47 48 336 40
internal_value=-0.000100405 0.015439 -0.000212659 -0.0143454 -7.55679e-06 0.0143379 -0.000308601 -0.00155939
internal_weight=209.114 1.49977 207.615 2.96992 204.645 4.20627 200.438 2.17093
internal_count=4800 55 4745 93 4652 95 4557 63
is_linear=0
shrinkage=0.08


Tree=135
num_leaves=14
num_cat=0
split_feature=0 4 4 4 4 4 4 4 2 0 4 0 4
split_gain=0.0488296 0.567022 0.986874 1.79983 0.781244 1.37041 0.625261 0.168198 0.736073 0.849423 0.632631 0.857461 0.35537
threshold=1.0000000180025095e-35 14.500000000000002 7.5000000000000009 6.5000000000000009 22.500000000000004 26.500000000000004 18.500000000000004 4.5000000000000009 1.0000000180025095e-35 4.5000000000000009 8.5000000000000018 5.5000000000000009 14.500000000000002
decision_type=2 2 2 2 2 2 2 2 2 2 2 2 2
left_child=1 2 3 -1 6 -6 -3 8 -2 -10 11 -9 -12
right_child=7 4 -4 -5 5 -7 -8 10 9 -11 12 -13 -14
leaf_value=-0.083183154301003648 0.039418308194743623 -0.00069051336802237009 -0.08624895630377348 0.084125456306177779 -0.083129335751517722 -0.00016438928690689711 0.063177820278292995 -0.070125678616006007 0.0098271340819688323 -0.081599311527654775 0.015852308985660712 0.036543816662800571 -0.00037380123462466241
leaf_weight=0.77512270258739879 3.3561443388462058 1.8323720786720543 1.3667991217225788 0.87720704078674316 1.3534301090985561 21.768422309309244 2.1113734990358353 1.7501162781845772 2.5825062466319655 0.86928825709037472 9.1291295443661493 0.66576819005422283 160.69295450986829
leaf_count=40 35 28 24 6 41 389 27 43 74 72 227 32 3762
internal_value=-9.34212e-05 -0.00307559 -0.0359596 0.00563949 0.000592577 -0.00502072 0.0335028 0.000407667 0.0127408 -0.0131974 -7.98188e-05 -0.0407298 0.000498466
internal_weight=209.131 30.0847 3.01913 1.65233 27.0656 23.1219 3.94375 179.046 6.80794 3.45179 172.238 2.41588 169.822
internal_count=4800 555 70 46 485 430 55 4245 181 146 4064 75 3989
is_linear=0
shrinkage=0.08


Tree=136
num_leaves=8
num_cat=0
split_feature=4 0 4 0 0 4 0
split_gain=0.0475739 0.158896 0.0842367 0.313924 0.1264 0.102536 0.0743161
threshold=82.500000000000014 4.5000000000000009 75.500000000000014 2.5000000000000004 6.5000000000000009 73.500000000000014 4.5000000000000009
decision_type=2 2 2 2 2 2 2
left_child=2 -2 5 -4 -5 6 -1
right_child=1 -3 3 4 -6 -7 -8
leaf_value=0.00084736487524513394 -0.0062975351392274958 0.046943320329466229 -0.046815464729602914 -0.010283609677388646 0.038975169058290182 0.024506764151606776 -0.0024842016473973685
leaf_weight=142.75974013539962 0.94090959057211765 0.57985061802901328 1.0951328966766589 0.78260802011936881 0.58083716093096882 1.0849165187682945 61.230898837209679
leaf_count=2604 31 24 27 31 19 32 2032
internal_value=-9.53662e-05 0.0140027 -0.000198673 -0.0149188 0.010701 -2.21992e-05 -0.000152656
internal_weight=209.055 1.52076 207.534 2.45858 1.36345 205.076 203.991
internal_count=4800 55 4745 77 50 4668 4636
is_linear=0
shrinkage=0.08


Tree=137
num_leaves=15
num_cat=0
split_feature=0 2 4 4 4 4 4 4 4 4 0 2 4 4
split_gain=0.044642 0.551213 0.360032 0.512393 0.334227 0.837014 0.756012 0.140973 0.645561 0.549714 0.764755 0.423857 0.297212 0.0331828
threshold=1.0000000180025095e-35 1.5000000000000002 39.500000000000007 32.500000000000007 38.500000000000007 43.500000000000007 27.500000000000004 4.5000000000000009 3.5000000000000004 8.5000000000000018 5.5000000000000009 1.0000000180025095e-35 14.500000000000002 55.500000000000007
decision_type=2 2 2 2 2 2 2 2 2 2 2 2 2 2
left_child=1 4 3 -3 6 -6 -1 8 11 10 -9 -2 -11 -4
right_child=7 2 13 -5 5 -7 -8 9 -10 12 -12 -13 -14 -15
leaf_value=-0.000131066579830362 0.022280975727782509 0.0069005679134113472 -0.0074721775523410063 0.071514094533834491 0.035987781134549167 -0.014977662021762187 -0.037034604111557692 -0.067477726468486876 0.075227033229844753 0.014455299874920634 0.032740626181797176 -0.020488985098177145 -0.00032520676990358585 0.0082621464279127432
leaf_weight=8.1399484016001278 3.1511458978056899 1.6876617847010487 1.9019435271620753 1.4693630859255788 3.2300058528780919 5.7048834222368896 6.304531402885913 1.6775808036327355 0.88934704707935441 9.2060810888651741 0.68682541884481896 2.8011614014394581 160.60402867919765 1.5625855326652525
leaf_count=154 32 30 25 14 48 156 107 43 19 227 32 130 3762 21
internal_value=-8.84025e-05 -0.00294435 0.0174317 0.0369734 -0.00871528 0.00344659 -0.0162382 0.000390219 0.0116522 -5.72971e-05 -0.0383658 0.00215339 0.000476103 -0.000375621
internal_weight=209.017 30.0009 6.62155 3.15702 23.3794 8.93489 14.4445 179.016 6.84165 172.175 2.36441 5.95231 169.81 3.46453
internal_count=4800 555 90 44 465 204 261 4245 181 4064 75 162 3989 46
is_linear=0
shrinkage=0.08


Tree=138
num_leaves=15
num_cat=0
split_feature=4 4 0 0 1 2 0 4 4 0 2 2 1 4
split_gain=0.0447815 0.464174 2.46965 0.56421 1.63185 0.430921 0.337719 2.89405 3.01595 0.5072 1.83882 0.68726 0.297333 1.34922e-05
threshold=28.500000000000004 29.500000000000004 2.5000000000000004 7.5000000000000009 1.5000000000000002 1.0000000180025095e-35 7.5000000000000009 24.500000000000004 12.500000000000002 2.5000000000000004 1.5000000000000002 1.5000000000000002 1.5000000000000002 26.500000000000004
decision_type=2 2 2 2 2 2 2 2 2 2 2 2 2 2
left_child=6 2 -2 12 -5 -4 9 8 -8 11 -11 -1 -3 -9
right_child=1 3 5 4 -6 -7 7 13 -10 10 -12 -13 -14 -15
leaf_value=-0.0020994499831546018 -0.037135676034969145 0.0038630143729952082 0.10788799070553541 -0.044503721307838681 0.02277126416292246 0.046659059169299327 -0.084247455866985468 -0.083747845087653025 0.08549924090510537 -0.005535116180162899 -0.082196419762819772 0.028415083644612676 -0.0044807127104560555 -0.083245645600956916
leaf_weight=30.513046422740445 2.4026809129863969 86.676139839924872 1.2281252294778826 6.0226114979013783 3.7408866593614221 1.83448064699769 0.84227197524160047 0.68861086200922705 3.27305787964724 23.374574004905302 2.1901009165449059 5.588996560778468 39.924390466534533 0.68095722328871489
leaf_count=461 38 1647 17 204 141 45 47 18 72 754 131 68 1135 22
internal_value=-8.68619e-05 0.000718945 0.0235797 -0.000197284 -0.0187273 0.0712123 -0.00178879 0.0172343 0.0507577 -0.00348078 -0.0121026 0.00262454 0.00123176 -0.0834981
internal_weight=208.981 141.829 5.46529 136.364 9.7635 3.06261 67.1516 5.4849 4.11533 61.6667 25.5647 36.102 126.601 1.36957
internal_count=4800 3227 100 3127 345 62 1573 159 119 1414 885 529 2782 40
is_linear=0
shrinkage=0.08


Tree=139
num_leaves=10
num_cat=0
split_feature=4 4 4 2 4 1 0 0 0
split_gain=0.0485209 0.629699 0.881039 0.652818 0.426579 0.673612 0.0952789 0.73229 0.271715
threshold=7.5000000000000009 6.5000000000000009 4.5000000000000009 1.0000000180025095e-35 9.5000000000000018 1.0000000180025095e-35 5.5000000000000009 6.5000000000000009 3.5000000000000004
decision_type=2 2 2 2 2 2 2 2 2
left_child=1 2 3 -1 5 -2 8 -8 -6
right_child=4 -3 -4 -5 6 -7 7 -9 -10
leaf_value=0.027874962660098441 -0.10701250051136613 0.044968851329645843 -0.086411838583869596 -0.019534420463741625 -0.0010752216109011564 0.00090625019259487434 -0.020579021353467591 0.0031466221646422243 0.0066282096029248736
leaf_weight=3.6563735865056497 0.61717414297163375 2.0466861366294316 0.76455052662640799 3.7811027967836708 116.45915597234853 0.92489477759227157 11.533785796491427 29.934286910574883 39.156588695477694
leaf_count=39 19 28 40 176 1988 30 515 950 1015
internal_value=-9.58474e-05 0.00527193 -0.0046338 0.00377273 -0.000372815 -0.0422855 -4.48716e-05 -0.00345235 0.000863143
internal_weight=208.875 10.2487 8.20203 7.43748 198.626 1.54207 197.084 41.4681 155.616
internal_count=4800 283 255 215 4517 49 4468 1465 3003
is_linear=0
shrinkage=0.08


Tree=140
num_leaves=12
num_cat=0
split_feature=4 1 4 4 4 2 4 1 0 4 0
split_gain=0.0403899 0.543483 3.19458 1.17444 1.65521 0.995443 0.371366 1.17909 0.0810124 0.644377 0.228579
threshold=7.5000000000000009 1.5000000000000002 6.5000000000000009 4.5000000000000009 2.5000000000000004 1.0000000180025095e-35 9.5000000000000018 1.5000000000000002 5.5000000000000009 12.500000000000002 3.5000000000000004
decision_type=2 2 2 2 2 2 2 2 2 2 2
left_child=1 2 5 4 -3 -1 7 -2 10 -10 -8
right_child=6 3 -4 -5 -6 -7 8 -9 9 -11 -12
leaf_value=0.034274527958769847 -0.097555718524159438 -0.036809222478974689 0.13498269845788888 -0.090409228816922677 0.10197422587974839 -0.035307796103032918 -0.00098980070490299024 0.046943591812384763 -0.082076357700494054 -0.0019263309828571437 0.0060608226767102239
leaf_weight=2.17359402310103 0.90585394180379697 1.6363857139367617 1.2250973228365181 1.0738213555887339 0.82843370805494476 3.3343214127235115 116.3918121936731 0.6013109078630805 0.65225962549447913 40.68097160779871 39.386422970099375
leaf_count=22 29 69 14 28 19 131 1988 20 32 1433 1015
internal_value=-9.20793e-05 0.00479959 0.0181402 -0.0205838 0.00983634 -0.00784846 -0.000345054 -0.0399051 -4.25682e-05 -0.00319114 0.000792854
internal_weight=208.89 10.2717 6.73301 3.53864 2.46482 5.50792 198.619 1.50716 197.111 41.3332 155.778
internal_count=4800 283 167 116 88 153 4517 49 4468 1465 3003
is_linear=0
shrinkage=0.08


Tree=141
num_leaves=15
num_cat=0
split_feature=1 4 0 0 4 2 3 4 4 4 2 3 4 4
split_gain=0.0372836 0.499684 0.92832 1.20665 0.526905 0.596657 0.435992 0.332261 0.621293 1.91236 0.847214 0.39525 0.405625 0.297862
threshold=1.5000000000000002 13.500000000000002 1.0000000180025095e-35 1.5000000000000002 72.500000000000014 1.5000000000000002 1.0000000180025095e-35 13.500000000000002 6.5000000000000009 7.5000000000000009 1.0000000180025095e-35 1.0000000180025095e-35 61.500000000000007 65.500000000000014
decision_type=2 2 2 2 2 2 2 2 2 2 2 2 2 2
left_child=7 2 -2 -4 5 -3 -6 8 10 -10 -1 13 -13 -9
right_child=1 4 3 -5 6 -7 -8 11 9 -11 -12 12 -14 -15
leaf_value=0.030860397915984425 -0.089449790636713239 -0.0019865901260415994 0.045186839148631128 -0.036827624526052989 -0.085198804457936511 0.019174036332552727 0.0031980875930061698 -0.00092567845134006817 0.11595175612285909 0.0090102654007142777 -0.033205260063782764 -0.012535773825270215 -0.085459499706010009 0.015454404824000137
leaf_weight=2.2189275417476875 1.1130039738491166 48.216580847743899 1.7436283845454452 3.361485751811415 0.82593171775806584 10.360453813686034 0.62908165156841278 119.93333968287334 1.3082314031198619 5.8812259172555059 3.2647783322026953 1.808479480678215 0.66865717153996218 7.5523948690388343
leaf_count=22 28 1391 23 148 73 262 4 2270 14 135 131 75 14 210
internal_value=-9.29659e-05 -0.00166122 -0.0232489 -0.00881596 0.000574836 0.00175607 -0.04698 0.00063544 0.0130001 0.0284699 -0.00728172 -0.000570284 -0.0322202 4.46957e-05
internal_weight=208.886 66.2502 6.21812 5.10511 60.032 58.577 1.45501 142.636 12.6732 7.18946 5.48371 129.963 2.47714 127.486
internal_count=4800 1929 199 171 1730 1653 77 2871 302 149 153 2569 89 2480
is_linear=0
shrinkage=0.08


Tree=142
num_leaves=14
num_cat=0
split_feature=4 4 0 4 0 4 4 1 3 0 4 2 0
split_gain=0.0367236 0.378413 1.96225 0.507594 1.37795 0.460113 0.315186 2.25899 0.475871 0.398909 0.316354 0.305536 0.000282243
threshold=28.500000000000004 29.500000000000004 2.5000000000000004 30.500000000000004 3.5000000000000004 32.500000000000007 27.500000000000004 1.0000000180025095e-35 1.0000000180025095e-35 7.5000000000000009 11.500000000000002 1.0000000180025095e-35 1.5000000000000002
decision_type=2 2 2 2 2 2 2 2 2 2 2 2 2
left_child=6 2 -2 4 -3 -5 8 -8 9 -1 -10 -4 -9
right_child=1 3 11 5 -6 -7 7 12 10 -11 -12 -13 -14
leaf_value=-0.0013138037602321683 -0.034574375996373675 0.011714304570314454 0.090482563064578234 0.017546392244679933 -0.083098894784472147 -0.00066965544961726021 0.040869342992470636 -0.084747201001069819 0.0047944712335827155 0.021782329971770806 -0.083638380666370263 0.040716782387787198 -0.082810194895481817
leaf_weight=56.791189984069206 2.3604461085051289 2.3308288967236868 1.3417523279786112 9.5662885298952443 1.693996177986264 122.68954079865944 1.7837275099009269 0.86150681786239136 0.40402321820147225 5.2264920951565719 0.72074950183741748 1.9184801727533338 1.0912893600761888
leaf_count=1281 38 40 17 204 56 2827 34 19 16 144 40 45 39
internal_value=-9.31861e-05 0.000635213 0.0209776 -0.000203778 -0.0281913 0.000647942 -0.00163868 -0.0242151 -0.000302689 0.000632605 -0.0518729 0.0611979 -0.0836647
internal_weight=208.78 141.901 5.62068 136.281 4.02483 132.256 66.879 3.73652 63.1425 62.0177 1.12477 3.26023 1.9528
internal_count=4800 3227 100 3127 96 3031 1573 92 1481 1425 56 62 58
is_linear=0
shrinkage=0.08


Tree=143
num_leaves=12
num_cat=0
split_feature=4 4 4 0 4 3 4 0 0 4 1
split_gain=0.0347698 0.550138 0.615466 0.798065 0.402791 0.530238 0.498705 0.398419 0.334247 0.213434 4.78422e-05
threshold=60.500000000000007 59.500000000000007 58.500000000000007 2.5000000000000004 62.500000000000007 1.0000000180025095e-35 61.500000000000007 6.5000000000000009 1.5000000000000002 56.500000000000007 1.5000000000000002
decision_type=2 2 2 2 2 2 2 2 2 2 2
left_child=1 2 9 -4 6 7 -2 -6 -3 -1 -8
right_child=4 8 3 -5 5 -7 10 -9 -10 -11 -12
leaf_value=-0.00035811106094960722 -0.0061078082438083504 0.064442439833451659 -0.11515460989515779 -0.0024793345564166252 -0.00055410968064851 -0.046492097992685361 -0.081593311261576332 0.033745684913481011 0.010554717644896423 0.01549708804285258 -0.082789878882546936
leaf_weight=179.57292912597768 1.4954216424375801 1.3160869218409055 0.68294001184403785 0.97906074021011591 12.564476095256394 1.376448527909816 0.50684754271060217 2.6192080151522541 1.6732218423858283 5.6033114884048691 0.36994360852986574
leaf_count=4032 36 12 12 36 361 17 36 116 37 92 13
internal_value=-9.46385e-05 0.000231416 -0.000313336 -0.0487792 -0.00336386 0.00105258 -0.0341945 0.00536266 0.0342796 0.000121657 -0.0820982
internal_weight=208.76 189.828 186.838 1.662 18.9323 16.5601 2.37221 15.1837 2.98931 185.176 0.876791
internal_count=4800 4221 4172 48 579 494 85 477 49 4124 49
is_linear=0
shrinkage=0.08


Tree=144
num_leaves=15
num_cat=0
split_feature=4 4 0 1 3 4 1 3 4 4 3 0 4 0
split_gain=0.0359998 0.334912 1.02242 0.575767 0.301103 0.286235 0.106083 0.406163 1.41608 0.92591 0.366127 0.688993 0.201489 3.04174e-05
threshold=52.500000000000007 56.500000000000007 4.5000000000000009 1.0000000180025095e-35 1.0000000180025095e-35 57.500000000000007 1.5000000000000002 1.0000000180025095e-35 49.500000000000007 37.500000000000007 1.0000000180025095e-35 1.5000000000000002 51.500000000000007 5.5000000000000009
decision_type=2 2 2 2 2 2 2 2 2 2 2 2 2 2
left_child=6 2 3 -2 5 -3 10 8 -8 -9 12 -12 -1 -4
right_child=1 4 13 -5 -6 -7 7 9 -10 -11 11 -13 -14 -15
leaf_value=0.0017254759024987738 0.014552660866037386 0.022137185127910252 -0.081775709040618524 -0.039794951639446956 0.029294132944216379 -0.0039287406304787092 -0.0017976837527333915 -0.014945938656481389 -0.085346325877436444 0.093681495818084853 0.019215473668664735 -0.081645970050962052 0.02292025427901662 -0.080968452744248576
leaf_weight=114.56739801540971 3.8015162739902726 3.0396532770246329 0.45322380680590846 1.8569970284588633 2.2802053196355692 23.864434327813797 49.911358715966344 1.1519674572627985 1.3330150679685164 0.89032126404345024 0.81103901658207067 0.93104944715742022 2.9443871937692156 0.87636027904227376
leaf_count=2124 49 50 28 105 25 693 1396 33 61 17 12 68 45 94
internal_value=-9.024e-05 -0.00238492 -0.0181161 -0.00328301 0.00138187 -0.000983784 0.00039083 -0.00257669 -0.00397103 0.0324094 0.00171682 -0.0346894 0.00225653 -0.0812436
internal_weight=208.713 36.1724 6.9881 5.65851 29.1843 26.9041 172.541 53.2867 51.2444 2.04229 119.254 1.74209 117.512 1.32958
internal_count=4800 1044 276 154 768 743 3756 1507 1457 50 2249 80 2169 122
is_linear=0
shrinkage=0.08


Tree=145
num_leaves=10
num_cat=0
split_feature=4 4 0 4 4 4 2 4 0
split_gain=0.0350438 0.188552 0.605053 0.070001 0.195303 0.112947 0.231506 0.179957 0.0892487
threshold=82.500000000000014 83.500000000000014 1.5000000000000002 74.500000000000014 76.500000000000014 69.500000000000014 1.0000000180025095e-35 66.500000000000014 2.5000000000000004
decision_type=2 2 2 2 2 2 2 2 2
left_child=3 -2 -3 5 -5 7 -7 -1 -6
right_child=1 2 -4 4 8 6 -8 -9 -10
leaf_value=-5.2174119370893079e-05 0.04886120711543554 0.045025534532001775 -0.081948570788466943 -0.046599024302599247 -0.020720553952160877 0.038289666769287044 -0.00082994533669486948 -0.025835628792958417 0.012842512695117594
leaf_weight=198.08443286130205 0.56219330988824257 0.56197165418416262 0.41945712338201702 0.7850060337223107 0.82021776167675886 1.4918471220880736 2.7581364980433136 1.7477563947904844 1.3280761553905902
leaf_count=4478 8 8 39 30 23 24 71 79 40
internal_value=-9.00343e-05 0.0119191 -0.00924248 -0.000179581 -0.0124502 -3.21459e-06 0.012902 -0.000277679 2.81472e-05
internal_weight=208.559 1.54362 0.981429 207.015 2.9333 204.082 4.24998 199.832 2.14829
internal_count=4800 55 47 4745 93 4652 95 4557 63
is_linear=0
shrinkage=0.08


Tree=146
num_leaves=14
num_cat=0
split_feature=4 4 1 0 0 3 4 4 2 1 4 1 0
split_gain=0.032127 0.175649 1.54411 1.05446 0.990174 0.251574 0.238919 0.138922 0.467182 0.345877 0.215798 0.807456 0.136207
threshold=50.500000000000007 56.500000000000007 1.0000000180025095e-35 2.5000000000000004 3.5000000000000004 1.0000000180025095e-35 57.500000000000007 47.500000000000007 1.5000000000000002 1.5000000000000002 45.500000000000007 1.5000000000000002 4.5000000000000009
decision_type=2 2 2 2 2 2 2 2 2 2 2 2 2
left_child=7 2 3 -2 -4 6 -3 10 9 -9 12 -12 -1
right_child=1 5 4 -5 -6 -7 -8 8 -10 -11 11 -13 -14
leaf_value=0.001784008059222463 0.034095990600039122 0.020047114917204265 -0.083175761228887229 -0.02775149310046942 -0.0081884326219782196 0.026606175913545364 -0.0036098499716834612 -0.0063768923066751613 0.039952361759767817 0.029823506400963668 0.0022745513350221382 -0.08154585240700403 -0.0034941322717620595
leaf_weight=106.06889307592064 4.8829659782350046 3.086605513468391 2.3523231828585267 2.7623216295614839 2.1634867326356471 2.3121856348589054 23.795574647840112 8.2678189817816001 2.434737615287303 2.1229020589962593 2.9225587123073633 0.9828963791951536 44.384336821502075
leaf_count=1830 41 50 120 91 146 25 693 124 37 77 86 65 1415
internal_value=-8.41136e-05 -0.00208058 -0.0101587 0.0117499 -0.04725 0.00128441 -0.000893563 0.000409742 0.00841006 0.00101912 -0.000254994 -0.0188208 0.000226934
internal_weight=208.54 41.3555 12.1611 7.64529 4.51581 29.1944 26.8822 167.184 12.8255 10.3907 154.359 3.90546 150.453
internal_count=4800 1166 398 132 266 768 743 3634 238 201 3396 151 3245
is_linear=0
shrinkage=0.08


Tree=147
num_leaves=14
num_cat=0
split_feature=0 4 4 4 4 4 4 4 0 0 0 4 4
split_gain=0.0335049 0.501795 0.895789 0.619016 1.28369 0.47754 0.14362 0.574915 0.709461 0.498769 0.633931 0.288392 0.00198087
threshold=1.0000000180025095e-35 14.500000000000002 7.5000000000000009 22.500000000000004 26.500000000000004 18.500000000000004 4.5000000000000009 8.5000000000000018 5.5000000000000009 2.5000000000000004 7.5000000000000009 14.500000000000002 1.0000000180025095e-35
decision_type=2 2 2 2 2 2 2 2 2 2 2 2 2
left_child=1 2 -1 5 -5 -3 9 8 -8 12 -11 -9 -2
right_child=6 3 -4 4 -6 -7 7 11 -10 10 -12 -13 -14
leaf_value=0.0048806500849107957 0.038701321162863817 -0.00067588424888006724 -0.085713137656729374 -0.082906746381233049 0.00026338060534572983 0.054450041063091988 -0.069249336582585946 0.014211792826207308 0.026481445929576221 0.0062032414303173971 -0.085778502486876892 -0.00036933458587218792 0.034531503941742987
leaf_weight=1.605356822721663 1.5226376997306936 1.8320799460634614 1.2366268299520013 1.2566979080438638 21.632545415312052 2.2297440469264984 1.6035446587484323 9.1784804065246117 0.71698826551437367 3.3349467972293501 0.56006520171649743 160.2352357157506 1.3990885098464785
leaf_count=46 22 28 24 41 389 27 43 227 32 111 28 3762 20
internal_value=-8.34599e-05 -0.00256703 -0.0345392 0.00080443 -0.00430294 0.0295856 0.00033095 -0.00012109 -0.0396709 0.0117192 -0.00702285 0.00042064 0.0367046
internal_weight=208.344 29.7931 2.84198 26.9511 22.8892 4.06182 178.551 171.734 2.32053 6.81674 3.89501 169.414 2.92173
internal_count=4800 555 70 485 430 55 4245 4064 75 181 139 3989 42
is_linear=0
shrinkage=0.08


Tree=148
num_leaves=14
num_cat=0
split_feature=4 4 0 0 4 4 1 3 0 4 4 0 0
split_gain=0.034402 0.311941 1.60813 0.462225 1.58952 0.279235 2.03738 0.421183 0.36452 0.304687 0.26611 0.241395 0.000218832
threshold=28.500000000000004 29.500000000000004 2.5000000000000004 7.5000000000000009 36.500000000000007 27.500000000000004 1.0000000180025095e-35 1.0000000180025095e-35 7.5000000000000009 10.500000000000002 33.500000000000007 6.5000000000000009 1.5000000000000002
decision_type=2 2 2 2 2 2 2 2 2 2 2 2 2
left_child=5 2 -2 10 -5 7 -7 8 -1 -9 -3 -4 -8
right_child=1 3 11 4 -6 6 12 9 -10 -11 -12 -13 -14
leaf_value=-0.0013629746384603379 -0.032456428270147129 0.010826327482984453 0.035708321373880289 -0.082332992856812781 -0.00077514333550328168 0.036649954644908729 -0.084363749839912461 0.0062669618565362661 0.020610669056996198 -0.083394070455465194 -0.00025837719091744256 0.078766857003916113 -0.08259025928199043
leaf_weight=56.725628665764816 2.3255838714539996 15.849827893078325 1.9879960995167496 1.9129909835755805 7.626682439353317 1.8155609890818589 0.79875461757183064 0.38198524038307258 5.2815230120904735 0.6645767887821421 110.45967858459335 1.4345970656722782 1.0062092337757347
leaf_count=1281 38 321 41 78 267 34 19 15 144 41 2461 21 39
internal_value=-8.30111e-05 0.000622523 0.0188767 -0.000149864 -0.0171299 -0.00158137 -0.0231869 -0.000340785 0.000508653 -0.0506686 0.00113258 0.0537565 -0.0833751
internal_weight=208.272 141.597 5.74818 135.849 9.53967 66.6742 3.62052 63.0537 62.0072 1.04656 126.31 3.42259 1.80496
internal_count=4800 3227 100 3127 345 1573 92 1481 1425 56 2782 62 58
is_linear=0
shrinkage=0.08


Tree=149
num_leaves=9
num_cat=0
split_feature=4 4 0 4 0 0 4 0
split_gain=0.0310935 0.154663 0.546634 0.0650172 0.245717 0.0994449 0.0935813 0.0670182
threshold=82.500000000000014 83.500000000000014 1.5000000000000002 75.500000000000014 2.5000000000000004 6.5000000000000009 73.500000000000014 4.5000000000000009
decision_type=2 2 2 2 2 2 2 2
left_child=3 -2 -3 6 -5 -6 7 -1
right_child=1 2 -4 4 5 -7 -8 -9
leaf_value=0.00081140271484713691 0.043800950627173166 0.041805506871968739 -0.081793403427370459 -0.042231436820852335 -0.0097916886088817538 0.033647272655103914 0.023285638928897314 -0.0023589016309154805
leaf_weight=142.22802289784886 0.58057573623955139 0.56121245538815856 0.38687207584735006 1.0542119721649208 0.77433044509962179 0.59759734733961523 1.0973159272689361 60.967809054767713
leaf_count=2604 8 8 39 27 31 19 32 2032
internal_value=-8.45558e-05 0.0112831 -0.00862983 -0.000168618 -0.0131878 0.00912987 -1.40052e-05 -0.00013983
internal_weight=208.248 1.52866 0.948085 206.719 2.42614 1.37193 204.293 203.196
internal_count=4800 55 47 4745 77 50 4668 4636
is_linear=0
shrinkage=0.08


end of trees

feature_importances:
age=999
facility_enc=461
acuity_enc=186
bleeding_enc=156
pregnant=71

parameters:
[boosting: gbdt]
[objective: binary]
[metric: binary_logloss]
[tree_learner: serial]
[device_type: cpu]
[data_sample_strategy: bagging]
[data: ]
[valid: ]
[num_iterations: 150]
[learning_rate: 0.08]
[num_leaves: 31]
[num_threads: 16]
[seed: 0]
[deterministic: 0]
[force_col_wise: 0]
[force_row_wise: 0]
[histogram_pool_size: -1]
[max_depth: 4]
[min_data_in_leaf: 20]
[min_sum_hessian_in_leaf: 0.001]
[bagging_fraction: 1]
[pos_bagging_fraction: 1]
[neg_bagging_fraction: 1]
[bagging_freq: 0]
[bagging_seed: 3]
[bagging_by_query: 0]
[feature_fraction: 1]
[feature_fraction_bynode: 1]
[feature_fraction_seed: 2]
[extra_trees: 0]
[extra_seed: 6]
[early_stopping_round: 0]
[early_stopping_min_delta: 0]
[first_metric_only: 0]
[max_delta_step: 0]
[lambda_l1: 0]
[lambda_l2: 0]
[linear_lambda: 0]
[min_gain_to_split: 0]
[drop_rate: 0.1]
[max_drop: 50]
[skip_drop: 0.5]
[xgboost_dart_mode: 0]
[uniform_drop: 0]
[drop_seed: 4]
[top_rate: 0.2]
[other_rate: 0.1]
[min_data_per_group: 100]
[max_cat_threshold: 32]
[cat_l2: 10]
[cat_smooth: 10]
[max_cat_to_onehot: 4]
[top_k: 20]
[monotone_constraints: ]
[monotone_constraints_method: basic]
[monotone_penalty: 0]
[feature_contri: ]
[forcedsplits_filename: ]
[refit_decay_rate: 0.9]
[cegb_tradeoff: 1]
[cegb_penalty_split: 0]
[cegb_penalty_feature_lazy: ]
[cegb_penalty_feature_coupled: ]
[path_smooth: 0]
[interaction_constraints: ]
[verbosity: -1]
[saved_feature_importance_type: 0]
[use_quantized_grad: 0]
[num_grad_quant_bins: 4]
[quant_train_renew_leaf: 0]
[stochastic_rounding: 1]
[linear_tree: 0]
[max_bin: 255]
[max_bin_by_feature: ]
[min_data_in_bin: 3]
[bin_construct_sample_cnt: 200000]
[data_random_seed: 1]
[is_enable_sparse: 1]
[enable_bundle: 1]
[use_missing: 1]
[zero_as_missing: 0]
[feature_pre_filter: 1]
[pre_partition: 0]
[two_round: 0]
[header: 0]
[label_column: ]
[weight_column: ]
[group_column: ]
[ignore_column: ]
[categorical_feature: ]
[forcedbins_filename: ]
[precise_float_parser: 0]
[parser_config_file: ]
[objective_seed: 5]
[num_class: 1]
[is_unbalance: 0]
[scale_pos_weight: 1]
[sigmoid: 1]
[boost_from_average: 1]
[reg_sqrt: 0]
[alpha: 0.9]
[fair_c: 1]
[poisson_max_delta_step: 0.7]
[tweedie_variance_power: 1.5]
[lambdarank_truncation_level: 30]
[lambdarank_norm: 1]
[label_gain: ]
[lambdarank_position_bias_regularization: 0]
[eval_at: ]
[multi_error_top_k: 1]
[auc_mu_weights: ]
[num_machines: 1]
[local_listen_port: 12400]
[time_out: 120]
[machine_list_filename: ]
[machines: ]
[gpu_platform_id: -1]
[gpu_device_id: -1]
[gpu_use_dp: 0]
[num_gpu: 1]

end of parameters

pandas_categorical:[]
