tree
version=v4
num_class=1
num_tree_per_iteration=1
label_index=0
max_feature_idx=4
objective=binary sigmoid:1
feature_names=facility_enc acuity_enc bleeding_enc pregnant age
feature_infos=[0:8] [0:2] [0:2] [0:1] [0:90]
tree_sizes=1459 1495 1497 1502 1600 1499 1393 1496 1611 1395 1501 1503 1612 1724 1713 1727 1728 1514 1615 1724 1827 1839 1832 1818 1621 1747 1732 1421 1419 1428 1415 1520 1514 1515 1519 1839 1314 1207 1322 1312 1315 1224 1207 1323 1324 1204 1321 1836 1318 1326 1731 1006 1206 1836 1422 1089 1317 1838 1837 1738 1011 1309 1739 1732 1312 1840 1318 1188 1737 1322 1732 1737 1427 1616 1622 1642 1623 1413 1502 1514 1632 1524 1736 1417 1737 1732 1846 1742 1733 1733 1196 1628 1843 1740 1511 1741 1734 1297 1519 1732 1840 1748 1527 1415 1421 1746 1202 1631 1735 1846 1530 1844 1208 1626 1322 1856 1636 1850 1751 1208 1841 1840 1839 1857 1732 1752 1322 1738 1752 1526 1535 1753 1419 1216 1218 1744 1748 1850 1634 1851 1849 1443 1205 1863 1522 1836 1631 1840 1854 1642

Tree=0
num_leaves=13
num_cat=0
split_feature=0 0 1 1 4 2 4 4 4 4 4 0
split_gain=604.171 732.808 166.375 418.221 8.01938 2.20266 4.79912 2.02165 5.67466 1.58415 0.748119 0.210988
threshold=6.5000000000000009 7.5000000000000009 1.0000000180025095e-35 1.5000000000000002 35.500000000000007 1.5000000000000002 32.500000000000007 71.500000000000014 69.500000000000014 45.500000000000007 23.500000000000004 1.5000000000000002
decision_type=2 2 2 2 2 2 2 2 2 2 2 2
left_child=7 2 4 -4 -2 10 -7 8 9 -1 -3 -9
right_child=1 5 3 -5 -6 6 -8 11 -10 -11 -12 -13
leaf_value=-2.3206972278649327 -1.5681820081581259 -2.3516674966296711 -2.3229816943159869 -1.7198550904161514 -1.6898170155014705 -2.1867628142891924 -2.337592386756564 -2.3387748485616218 -2.2042698182362979 -2.3334623555923351 -2.3239093724307018 -2.3618328537602489
leaf_weight=215.87128119170666 6.8543997555971128 7.8698663860559455 12.354844003915789 18.19377712905407 7.0236441940069199 2.2847999185323706 3.3002665489912033 3.4695109874010077 2.5386665761470786 87.414752438664436 29.533154502511024 9.4776885509490949
leaf_count=2551 81 93 146 215 83 27 39 41 30 1033 349 112
internal_value=-2.2736 -2.08728 -1.85943 -1.96378 -1.62974 -2.32275 -2.27589 -2.32469 -2.32338 -2.32438 -2.32975 -2.35565
internal_weight=406.187 87.4148 44.4267 30.5486 13.878 42.9881 5.58507 318.772 305.825 303.286 37.403 12.9472
internal_count=4800 1033 525 361 164 508 66 3767 3614 3584 442 153
is_linear=0
shrinkage=1


Tree=1
num_leaves=13
num_cat=0
split_feature=0 0 1 1 4 2 4 4 4 4 4 0
split_gain=435.796 380.435 44.7005 182.312 4.6728 2.03251 3.99862 2.0011 4.93344 1.53443 0.741421 0.218222
threshold=6.5000000000000009 7.5000000000000009 1.0000000180025095e-35 1.5000000000000002 49.500000000000007 1.5000000000000002 32.500000000000007 71.500000000000014 69.500000000000014 45.500000000000007 23.500000000000004 1.5000000000000002
decision_type=2 2 2 2 2 2 2 2 2 2 2 2
left_child=7 2 4 -4 -2 10 -7 8 9 -1 -3 -9
right_child=1 5 3 -5 -6 6 -8 11 -10 -11 -12 -13
leaf_value=-0.045106477998574084 0.33609485543449569 -0.076779589000457504 -0.047386840830688358 0.3273918667860769 0.42224262217076153 0.074256354568351973 -0.062180518236249073 -0.063393760670343233 0.060159668863727943 -0.057961827232338906 -0.048315356079804354 -0.087539789719792052
leaf_weight=207.71963196247816 17.216585323214534 7.3819608092308036 11.866019636392592 27.696153074502945 5.2610516548156729 2.4503988996148101 3.1318175196647644 3.2892172932624808 2.68481321632862 83.235641792416573 28.343052677810192 8.8156849145889264
leaf_count=2551 124 93 146 215 40 27 39 41 30 1033 349 112
internal_value=-0.00109666 0.140924 0.266169 0.214983 0.356258 -0.0471823 -0.00228948 -0.0491021 -0.047788 -0.0487841 -0.054197 -0.0809787
internal_weight=409.092 103.347 62.0398 39.5622 22.4776 41.3072 5.58222 305.745 293.64 290.955 35.725 12.1049
internal_count=4800 1033 525 361 164 508 66 3767 3614 3584 442 153
is_linear=0
shrinkage=0.08


Tree=2
num_leaves=13
num_cat=0
split_feature=0 0 1 1 4 4 4 2 4 4 4 0
split_gain=342.789 250.274 22.2698 109.663 1.97836 4.3095 1.94393 1.87102 3.36521 1.48206 0.733735 0.22605
threshold=6.5000000000000009 7.5000000000000009 1.0000000180025095e-35 1.5000000000000002 71.500000000000014 69.500000000000014 35.500000000000007 1.5000000000000002 32.500000000000007 45.500000000000007 23.500000000000004 1.5000000000000002
decision_type=2 2 2 2 2 2 2 2 2 2 2 2
left_child=4 2 6 -4 5 9 -2 10 -9 -1 -3 -6
right_child=1 7 3 -5 11 -7 -8 8 -10 -11 -12 -13
leaf_value=-0.04313959288057511 0.28082746848038315 -0.07550169571205631 -0.045410667623159373 0.24091901782035796 -0.061607312991451384 0.052647763577852176 0.23869116996241402 0.064249321959812034 -0.060363885041290165 -0.056060544413077028 -0.046337970775314465 -0.086907823140785545
leaf_weight=200.13382319360971 14.160688430070879 6.9250890165567389 11.410902455449103 34.272701442241669 3.1208068355917922 2.8164741396903983 13.87124729156494 2.5986837521195403 2.9745078831911087 79.336143165826797 27.234793804585934 8.1946660280227643
leaf_count=2551 81 93 146 215 41 30 83 27 39 1033 349 112
internal_value=-0.00149492 0.116608 0.203843 0.169399 -0.0471301 -0.0458153 0.259977 -0.0452381 -0.00225888 -0.0468076 -0.0522502 -0.0799299
internal_weight=407.051 113.449 73.7155 45.6836 293.602 282.286 28.0319 39.7331 5.57319 279.47 34.1599 11.3155
internal_count=4800 1033 525 361 3767 3614 164 508 66 3584 442 153
is_linear=0
shrinkage=0.08


Tree=3
num_leaves=13
num_cat=0
split_feature=0 0 1 1 4 4 4 2 4 4 4 0
split_gain=278.903 180.408 13.7967 74.5926 1.95267 3.77696 1.84959 1.71805 2.85361 1.42691 0.724759 0.234378
threshold=6.5000000000000009 7.5000000000000009 1.0000000180025095e-35 1.5000000000000002 71.500000000000014 69.500000000000014 49.500000000000007 1.5000000000000002 32.500000000000007 45.500000000000007 23.500000000000004 1.5000000000000002
decision_type=2 2 2 2 2 2 2 2 2 2 2 2
left_child=4 2 6 -4 5 9 -2 10 -9 -1 -3 -6
right_child=1 7 3 -5 11 -7 -8 8 -10 -11 -12 -13
leaf_value=-0.041201615099991575 0.1971018722935538 -0.074229132147667701 -0.04345793032900102 0.19237006149972669 -0.059815471977851926 0.046389539944238188 0.24197102325698591 0.056103004106062677 -0.058542909923160802 -0.054160509219152192 -0.044381813738855733 -0.086332831350888137
leaf_weight=193.08040356636047 24.276856750249863 6.4978360980749121 10.987530097365378 39.239147752523422 2.9636686667799932 2.9353478550910941 7.7589368820190421 2.7318717241287223 2.8277599811553955 75.701248481869698 26.203648023307323 7.6129587888717651
leaf_count=2551 124 93 146 215 41 30 40 27 39 1033 349 112
internal_value=-0.00168259 0.100195 0.166946 0.140781 -0.0451785 -0.0438658 0.207969 -0.0433227 -0.00220862 -0.0448514 -0.0503125 -0.0789024
internal_weight=402.817 120.524 82.2625 50.2267 282.294 271.717 32.0358 38.2611 5.55963 268.782 32.7015 10.5766
internal_count=4800 1033 525 361 3767 3614 164 508 66 3584 442 153
is_linear=0
shrinkage=0.08


Tree=4
num_leaves=14
num_cat=0
split_feature=0 0 1 1 4 4 2 4 4 4 4 0 0
split_gain=231.23 136.801 9.56999 54.2658 1.92344 3.31761 1.57355 2.43379 1.52938 1.37163 0.71426 0.243116 1.77636e-15
threshold=6.5000000000000009 7.5000000000000009 1.0000000180025095e-35 1.5000000000000002 71.500000000000014 69.500000000000014 1.5000000000000002 32.500000000000007 35.500000000000007 46.500000000000007 23.500000000000004 1.5000000000000002 3.5000000000000004
decision_type=2 2 2 2 2 2 2 2 2 2 2 2 2
left_child=4 2 8 -4 5 9 10 -8 -2 -1 -3 -6 -13
right_child=1 6 3 -5 11 -7 7 -9 -10 -11 -12 12 -14
leaf_value=-0.039428148570038499 0.19105235153765635 -0.07295553170677653 -0.041531347462590712 0.16057729497454187 -0.05801665301403218 0.041104901062533131 0.049350276734191623 -0.056716524484934777 0.15760125797536764 -0.052635791600682165 -0.042449508358224412 -0.085809025158973706 -0.085809025158973734
leaf_weight=190.44729924947023 17.623150035738945 6.0987504199147251 10.59400002658367 43.062441721558571 2.8171948939561826 3.042876496911048 2.851798251271247 2.6909981891512871 17.368072241544724 68.395794548094273 25.245015487074852 3.281941682100296 3.7868557870388031
leaf_count=2607 81 93 146 215 41 30 27 39 83 977 349 52 60
internal_value=-0.00177044 0.0880284 0.141899 0.120673 -0.0432494 -0.0419418 -0.0414369 -0.00214459 0.174449 -0.0429181 -0.0483853 -0.0778891 -0.085809
internal_weight=397.306 125.534 88.6477 53.6564 271.772 261.886 36.8866 5.5428 34.9912 258.843 31.3438 9.88599 7.0688
internal_count=4800 1033 525 361 3767 3614 508 66 164 3584 442 153 112
is_linear=0
shrinkage=0.08


Tree=5
num_leaves=13
num_cat=0
split_feature=0 0 1 1 4 4 2 4 4 4 4 0
split_gain=194.047 107.192 7.1603 41.1806 1.89028 2.91821 1.43742 2.08499 1.31279 1.30438 0.702071 0.252175
threshold=6.5000000000000009 7.5000000000000009 1.0000000180025095e-35 1.5000000000000002 71.500000000000014 69.500000000000014 1.5000000000000002 32.500000000000007 45.500000000000007 49.500000000000007 23.500000000000004 1.5000000000000002
decision_type=2 2 2 2 2 2 2 2 2 2 2 2
left_child=4 2 9 -4 5 8 10 -8 -1 -2 -3 -6
right_child=1 6 3 -5 11 -7 7 -9 -10 -11 -12 -13
leaf_value=-0.037417686577816349 0.14229817336551778 -0.071675231997746891 -0.039633927520909877 0.13783298242298905 -0.056210171721052166 0.036592492501726283 0.043670554218117878 -0.054884467785825092 -0.050379354840335976 0.17719405978793065 -0.04054398770529468 -0.085331351079869583
leaf_weight=180.42200641334057 28.060574114322662 5.7263675294816521 10.22847171127796 46.015091091394424 2.6807846501469594 3.1402981281280509 2.9600098952651015 2.5636567622423172 69.18674136698246 9.0717840194702131 24.354454964399338 6.5603633522987366
leaf_count=2551 124 93 146 215 41 30 27 39 1033 40 349 112
internal_value=-0.00180066 0.0785246 0.123559 0.105559 -0.0413456 -0.0400462 -0.0395822 -0.00207103 -0.0410104 0.150824 -0.0464703 -0.0768835
internal_weight=390.971 128.98 93.3759 56.2436 261.99 252.749 35.6045 5.52367 249.609 37.1324 30.0808 9.24115
internal_count=4800 1033 525 361 3767 3614 508 66 3584 164 442 153
is_linear=0
shrinkage=0.08


Tree=6
num_leaves=12
num_cat=0
split_feature=0 0 1 1 4 4 4 4 4 4 0
split_gain=164.152 85.8699 5.61281 32.1584 1.85291 2.56886 1.4291 1.83727 1.40297 1.25348 0.261465
threshold=6.5000000000000009 7.5000000000000009 1.0000000180025095e-35 1.5000000000000002 71.500000000000014 69.500000000000014 6.5000000000000009 23.500000000000004 35.500000000000007 46.500000000000007 1.5000000000000002
decision_type=2 2 2 2 2 2 2 2 2 2 2
left_child=4 2 8 -4 5 9 -3 -8 -2 -1 -6
right_child=1 6 3 -5 10 -7 7 -9 -10 -11 -12
leaf_value=-0.035713538481016348 0.14818989015241155 0.025739568723126282 -0.037768877878253629 0.1205804703907673 -0.054396135920210455 0.032703529416868618 -0.086792831676615501 -0.033824508850548912 0.11771415210474148 -0.048868921441556426 -0.084895288046056269
leaf_weight=178.40837656706572 19.379346907138824 2.1279771178960791 9.8891807645559293 48.285011798143387 2.5538520365953428 3.2286863029003134 4.950048863887786 27.331906743347645 19.29135537147522 62.625959396362305 6.0858189463615417
leaf_count=2607 81 32 146 215 41 30 76 400 83 977 112
internal_value=-0.00179607 0.0707941 0.109365 0.0936623 -0.0394699 -0.0381821 -0.0377607 -0.0419466 0.132987 -0.0391316 -0.0758799
internal_weight=384.158 131.255 96.8449 58.1742 252.903 244.263 34.4099 32.282 38.6707 241.034 8.63967
internal_count=4800 1033 525 361 3767 3614 508 476 164 3584 153
is_linear=0
shrinkage=0.08


Tree=7
num_leaves=13
num_cat=0
split_feature=0 0 1 1 4 4 2 4 4 4 4 0
split_gain=139.647 69.9259 4.56874 25.6303 1.81121 2.26191 1.35917 1.87265 1.18928 1.17561 0.685616 0.270895
threshold=6.5000000000000009 7.5000000000000009 1.0000000180025095e-35 1.5000000000000002 71.500000000000014 69.500000000000014 1.5000000000000002 32.500000000000007 45.500000000000007 35.500000000000007 23.500000000000004 1.5000000000000002
decision_type=2 2 2 2 2 2 2 2 2 2 2 2
left_child=4 2 9 -4 5 8 10 -8 -1 -2 -3 -6
right_child=1 6 3 -5 11 -7 7 -9 -10 -11 -12 -13
leaf_value=-0.03378597061115874 0.1327536318748376 -0.069413289086405178 -0.035939515219980345 0.10693235149581883 -0.052575410015596527 0.029325530998194311 0.043468051699309528 -0.051881110415205718 -0.046618057418161669 0.10522329064582527 -0.037060000957457803 -0.084496849979904809
leaf_weight=169.52484019845724 19.878365322947502 5.13360267877579 9.5744367688894254 50.012060329318047 2.4358271919190866 3.308977559208869 2.9636194109916678 2.3744638971984386 63.553137294948101 19.829944357275963 22.855575740337372 5.64333176612854
leaf_count=2551 81 93 146 215 41 30 27 39 1033 83 349 112
internal_value=-0.00176772 0.0643299 0.097984 0.0839755 -0.0376255 -0.0363525 -0.0359386 0.00105524 -0.0372849 0.119005 -0.042994 -0.0748727
internal_weight=377.088 132.622 99.2948 59.5865 244.466 236.387 33.3273 5.33808 233.078 39.7083 27.9892 8.07916
internal_count=4800 1033 525 361 3767 3614 508 66 3584 164 442 153
is_linear=0
shrinkage=0.08


Tree=8
num_leaves=14
num_cat=0
split_feature=0 0 1 1 4 4 4 4 2 4 4 0 4
split_gain=119.287 57.6198 3.81542 20.7365 1.7652 1.99136 1.36954 4.34609 1.31363 1.20962 1.14207 0.280374 8.88178e-16
threshold=6.5000000000000009 7.5000000000000009 1.0000000180025095e-35 1.5000000000000002 71.500000000000014 69.500000000000014 52.500000000000007 48.500000000000007 1.0000000180025095e-35 49.500000000000007 52.500000000000007 1.5000000000000002 83.500000000000014
decision_type=2 2 2 2 2 2 2 2 2 2 2 2 2
left_child=4 2 9 -4 5 10 7 -3 -8 -2 -1 -6 -13
right_child=1 6 3 -5 11 -7 8 -9 -10 -11 -12 12 -14
leaf_value=-0.032963679397588097 0.099750518633517124 -0.034410881234971831 -0.034149144701922436 0.095788276611927334 -0.050749522128961493 0.026371735945403142 -0.011653666335711129 0.095995292812252636 -0.085727524478464462 0.13197237293065114 -0.048375967589513444 -0.084132490407655289 -0.084132490407655247
leaf_weight=188.942103266716 30.492453992366791 23.086058802902702 9.2826298028230649 51.304555460810661 2.3261614851653567 3.3819939941167823 2.1566512882709494 1.7603372037410725 5.2920139878988266 9.8698329925537092 36.75706984847784 4.0167338103055954 1.2143613845109937
leaf_count=2961 124 361 146 215 41 30 34 28 85 40 623 86 26
internal_value=-0.00172493 0.0588192 0.0885747 0.0758804 -0.0358156 -0.0345607 -0.034192 -0.0251718 -0.0642805 0.10763 -0.0354737 -0.073857 -0.0841325
internal_weight=369.883 133.245 100.949 60.5872 236.638 229.081 32.2951 24.8464 7.44867 40.3623 225.699 7.55726 5.2311
internal_count=4800 1033 525 361 3767 3614 508 389 119 164 3584 153 112
is_linear=0
shrinkage=0.08


Tree=9
num_leaves=12
num_cat=0
split_feature=0 0 1 1 4 4 4 4 4 4 0
split_gain=102.138 47.9248 3.23474 16.9681 1.71503 1.75233 1.35986 1.89847 1.20273 1.08573 0.28981
threshold=6.5000000000000009 7.5000000000000009 1.0000000180025095e-35 1.5000000000000002 71.500000000000014 69.500000000000014 6.5000000000000009 23.500000000000004 35.500000000000007 46.500000000000007 1.5000000000000002
decision_type=2 2 2 2 2 2 2 2 2 2 2
left_child=4 2 8 -4 5 9 -3 -8 -2 -1 -6
right_child=1 6 3 -5 10 -7 7 -9 -10 -11 -12
leaf_value=-0.03041596850926712 0.11189561011923642 0.030706290517471549 -0.032400989006922648 0.086461630686097732 -0.04892062665879654 0.023774071666017745 -0.086020353177900438 -0.028435773909734886 0.084402914884625202 -0.043365619011051328 -0.083799038134952028
leaf_weight=163.33955328166485 20.241856411099434 2.0388215258717564 9.0122315287590009 52.248306423425674 2.2243275158107272 3.448460027575492 4.2921236157417324 25.043035540729761 20.495358139276505 55.521996527910233 4.8473430871963501
leaf_count=2607 81 32 146 215 41 30 76 400 83 977 112
internal_value=-0.0016742 0.0539964 0.0805931 0.0689754 -0.0340433 -0.0328096 -0.0324703 -0.0368612 0.0980637 -0.0337011 -0.0728284
internal_weight=362.753 133.372 101.998 61.2605 229.382 222.31 31.374 29.3352 40.7372 218.862 7.07167
internal_count=4800 1033 525 361 3767 3614 508 476 164 3584 153
is_linear=0
shrinkage=0.08


Tree=10
num_leaves=13
num_cat=0
split_feature=0 0 1 1 4 4 4 4 2 4 4 0
split_gain=87.6547 40.127 2.79073 14.0058 1.66088 1.5409 1.34972 3.62542 1.3208 1.10226 1.03693 0.29911
threshold=6.5000000000000009 7.5000000000000009 1.0000000180025095e-35 1.5000000000000002 71.500000000000014 69.500000000000014 52.500000000000007 48.500000000000007 1.0000000180025095e-35 49.500000000000007 52.500000000000007 1.5000000000000002
decision_type=2 2 2 2 2 2 2 2 2 2 2 2
left_child=4 2 9 -4 5 10 7 -3 -8 -2 -1 -6
right_child=1 6 3 -5 11 -7 8 -9 -10 -11 -12 -13
leaf_value=-0.029536168188243936 0.082465741794191791 -0.030876318457176265 -0.03069813245677934 0.078501206240638916 -0.047091425288870968 0.021478302526216297 -0.0088019885686503596 0.085321407657787771 -0.08510970649501591 0.1130289576007622 -0.04479619018150055 -0.083493654443237017
leaf_weight=178.61733943596482 30.855237811803818 21.772204242646701 8.7617941051721555 52.912225872278214 2.129821863025426 3.5090173780918112 2.0830302387475959 1.8657371141016472 4.789867352694273 9.9995899200439435 33.908254098147154 4.4903627038002014
leaf_count=2961 124 361 146 215 41 30 34 28 85 40 623 112
internal_value=-0.00161399 0.0497625 0.0737299 0.0629877 -0.0323123 -0.0311027 -0.0307778 -0.0217049 -0.0619824 0.0899464 -0.0319709 -0.0717825
internal_weight=355.694 133.04 102.529 61.674 222.655 216.035 30.5108 23.6379 6.8729 40.8548 212.526 6.62018
internal_count=4800 1033 525 361 3767 3614 508 389 119 164 3584 153
is_linear=0
shrinkage=0.08


Tree=11
num_leaves=13
num_cat=0
split_feature=0 0 1 1 4 2 4 4 4 4 4 0
split_gain=75.3038 33.7848 2.42398 11.6388 1.60312 1.41244 2.76006 1.35373 1.22679 0.976531 0.69293 0.308179
threshold=6.5000000000000009 7.5000000000000009 1.0000000180025095e-35 1.5000000000000002 71.500000000000014 1.5000000000000002 27.500000000000004 69.500000000000014 35.500000000000007 45.500000000000007 23.500000000000004 1.5000000000000002
decision_type=2 2 2 2 2 2 2 2 2 2 2 2
left_child=4 2 8 -4 7 10 -7 9 -2 -1 -3 -6
right_child=1 5 3 -5 11 6 -8 -9 -10 -11 -12 -13
leaf_value=-0.02698495633177778 0.096900626114264657 -0.065841937540572867 -0.029043402212470919 0.071598189117715455 -0.045265086083362931 0.08993587853471452 -0.035270933022948654 0.019440620073057267 0.06915736371946922 -0.039447939481457438 -0.030713968704298648 -0.083213800284482567
leaf_weight=151.927983045578 20.130027204751968 4.3584738448262277 8.5299496427178365 53.352126330137253 2.0421647801995269 1.7702486366033543 3.0999658778309822 3.5642357915639868 20.680693596601486 54.731910686939955 20.486386276781559 4.1585009694099426
leaf_count=2551 81 93 146 215 41 17 49 30 83 1033 349 112
internal_value=-0.00155183 0.0459693 0.0677069 0.0577256 -0.0306251 -0.0291542 0.0102398 -0.0294426 0.0828418 -0.0302857 -0.0368764 -0.0707155
internal_weight=348.833 132.408 102.693 61.8821 216.425 29.7151 4.87021 210.224 40.8107 206.66 24.8449 6.20067
internal_count=4800 1033 525 361 3767 508 66 3614 164 3584 442 153
is_linear=0
shrinkage=0.08


Tree=12
num_leaves=14
num_cat=0
split_feature=0 0 4 1 4 4 2 4 4 4 0 4 0
split_gain=64.7682 28.5609 2.3501 2.3391 1.54211 1.31258 2.78722 1.55362 1.27598 1.20965 4.28787 1.05444 0.316926
threshold=6.5000000000000009 7.5000000000000009 65.500000000000014 1.0000000180025095e-35 71.500000000000014 32.500000000000007 1.0000000180025095e-35 40.500000000000007 30.500000000000004 68.500000000000014 2.5000000000000004 52.500000000000007 1.5000000000000002
decision_type=2 2 2 2 2 2 2 2 2 2 2 2 2
left_child=4 2 8 -4 9 6 -3 -7 -2 11 -11 -1 -6
right_child=1 5 3 -5 12 7 -8 -9 -10 10 -12 -13 -14
leaf_value=-0.026307639218572432 0.055098052916419435 -0.084606864809076102 0.066959718271454846 -0.017114272826853249 -0.043445171784955737 -0.085126729719997005 0.011321988210842196 -0.028324314890026073 0.073974526829099913 0.095573845433158597 -0.05891349986755523 -0.042474353042710675 -0.08295719461488503
leaf_weight=169.76765656843781 39.580117627978325 2.4164848700165775 3.9714462757110578 4.5378392785787582 1.9609009586274613 4.0727169364690807 9.7986583188176137 12.664591960608957 54.442599877715111 2.1413264013826838 2.4833017997443676 30.451667290180922 3.8501719832420349
leaf_count=2961 202 48 16 29 41 72 163 225 278 23 27 603 112
internal_value=-0.00148578 0.0425715 0.0623846 0.0221247 -0.028985 -0.0275943 -0.00765533 -0.0421461 0.0660282 -0.0278321 0.0126183 -0.0287665 -0.0696242
internal_weight=342.139 131.484 102.532 8.50929 210.655 28.9525 12.2151 16.7373 94.0227 204.844 4.62463 200.219 5.81107
internal_count=4800 1033 525 45 3767 508 211 297 480 3614 50 3564 153
is_linear=0
shrinkage=0.08


Tree=13
num_leaves=15
num_cat=0
split_feature=0 0 1 1 4 4 4 2 4 0 4 4 0 0
split_gain=55.5415 24.0285 2.19909 9.78193 1.47811 1.31918 3.15547 1.36159 1.23834 1.15242 1.78939 1.78299 0.325259 4.44089e-16
threshold=6.5000000000000009 7.5000000000000009 1.0000000180025095e-35 1.5000000000000002 71.500000000000014 52.500000000000007 48.500000000000007 1.0000000180025095e-35 35.500000000000007 5.5000000000000009 20.500000000000004 69.500000000000014 1.5000000000000002 4.5000000000000009
decision_type=2 2 2 2 2 2 2 2 2 2 2 2 2 2
left_child=4 2 8 -4 9 6 -3 -7 -2 11 -11 -1 -6 -14
right_child=1 5 3 -5 12 7 -8 -9 -10 10 -12 -13 13 -15
leaf_value=-0.024878769516373144 0.086061565327386041 -0.026234818459737141 -0.030628958017295649 0.06057971730370533 -0.041635544070496557 -0.0037475980618371573 0.081415114622403181 -0.084420312103845888 0.058035012984463091 -0.085151703231156145 -0.032075986467689374 0.036597117434741061 -0.082721773480723737 -0.082721773480723723
leaf_weight=167.76451727375388 19.770276784896851 20.182002354413278 8.751372102648018 53.720792308449745 1.8855995275080193 1.9632529392838467 1.9073710441589344 4.2109202966094017 20.606116905808449 4.888243421912196 24.147505287081003 3.0747241303324691 2.3546937257051472 1.2091670483350752
leaf_count=3063 81 361 146 215 41 34 28 85 83 86 440 25 74 38
internal_value=-0.00142288 0.0392539 0.0572072 0.0478028 -0.0273974 -0.0260769 -0.0169395 -0.0587681 0.0717582 -0.0262767 -0.0410114 -0.0237723 -0.0685053 -0.0827218
internal_weight=336.437 131.112 102.849 62.4722 205.324 28.2635 22.0894 6.17417 40.3764 199.875 29.0357 170.839 5.44946 3.56386
internal_count=4800 1033 525 361 3767 508 389 119 164 3614 526 3088 153 112
is_linear=0
shrinkage=0.08


Tree=14
num_leaves=15
num_cat=0
split_feature=0 0 1 1 4 2 4 4 0 4 4 4 0 0
split_gain=47.803 20.4451 1.93614 8.24196 1.41192 1.24854 2.13347 1.15136 1.06182 1.75302 1.52736 0.732243 0.333089 4.44089e-16
threshold=6.5000000000000009 7.5000000000000009 1.0000000180025095e-35 1.5000000000000002 71.500000000000014 1.5000000000000002 27.500000000000004 18.500000000000004 5.5000000000000009 20.500000000000004 69.500000000000014 23.500000000000004 1.5000000000000002 4.5000000000000009
decision_type=2 2 2 2 2 2 2 2 2 2 2 2 2 2
left_child=4 2 7 -4 8 11 -7 -2 10 -10 -1 -3 -6 -14
right_child=1 5 3 -5 12 6 -8 -9 9 -11 -12 -13 13 -15
leaf_value=-0.023419965051804437 0.10237573810786986 -0.063610768845963617 -0.028976218140037969 0.05571452147242896 -0.039840284749355394 0.079154875101127772 -0.030642512429988382 0.061520347635157173 -0.084731183707467891 -0.030394280553983667 0.032772092785063017 -0.025800538980818358 -0.082505689132887985 -0.082505689132887972
leaf_weight=164.11289979889989 5.0530694872140876 3.9647143967449727 8.5202961377799493 53.737496495246887 1.8158535957336415 1.8732494637370098 2.8646542616188526 34.938235148787498 4.5339010208845165 23.473462332040071 3.1553136408329001 18.927283938974142 2.1791178695857529 1.1190064735710619
leaf_count=3063 21 93 146 215 41 17 49 143 86 440 25 349 74 38
internal_value=-0.00135778 0.0364475 0.0529471 0.0441242 -0.0258606 -0.0246123 0.0127686 0.0666826 -0.0247739 -0.0391905 -0.02236 -0.032349 -0.0673562 -0.0825057
internal_weight=330.269 129.879 102.249 62.2578 200.39 27.6299 4.7379 39.9913 195.276 28.0074 167.268 22.892 5.11398 3.29812
internal_count=4800 1033 525 361 3767 508 66 164 3614 526 3088 442 153 112
is_linear=0
shrinkage=0.08


Tree=15
num_leaves=15
num_cat=0
split_feature=0 0 4 1 4 4 4 2 4 0 4 4 0 2
split_gain=41.1475 17.4174 1.90586 1.8943 1.34399 1.24777 2.64971 1.35445 1.16793 0.974865 1.71419 1.30935 0.340332 4.44089e-16
threshold=6.5000000000000009 7.5000000000000009 65.500000000000014 1.0000000180025095e-35 71.500000000000014 52.500000000000007 48.500000000000007 1.0000000180025095e-35 30.500000000000004 5.5000000000000009 20.500000000000004 69.500000000000014 1.5000000000000002 1.0000000180025095e-35
decision_type=2 2 2 2 2 2 2 2 2 2 2 2 2 2
left_child=4 2 8 -4 9 6 -3 -7 -2 11 -11 -1 -6 -14
right_child=1 5 3 -5 12 7 -8 -9 -10 10 -12 -13 13 -15
leaf_value=-0.022018450793498394 0.041794648529906046 -0.023380386755904651 0.053483458880501183 -0.022837586937246593 -0.038063621579143531 -0.001451346291108369 0.073382880905229542 -0.083955707517899589 0.059951221832897028 -0.084346823241053151 -0.028759287682215355 0.029438675092313599 -0.082307252312704138 -0.082307252312704235
leaf_weight=160.73827462643385 39.000793106853962 19.29662090539933 3.8759639263153058 4.4951374530792236 1.7512797936797131 1.9129388257861126 1.9987671896815289 3.8095171675086021 54.162462167441845 4.2036142945289638 22.849781956523657 3.2283441051840773 0.92637692764401469 2.1252176575362682
leaf_count=3063 202 361 16 29 41 34 28 85 278 86 440 25 34 78
internal_value=-0.00129179 0.0338748 0.0490649 0.0125004 -0.0243777 -0.0232104 -0.0142983 -0.0563756 0.0523504 -0.0233267 -0.0373966 -0.0210053 -0.0661746 -0.0823073
internal_weight=324.375 128.552 101.534 8.3711 195.823 27.0178 21.2954 5.72246 93.1633 191.02 27.0534 163.967 4.80287 3.05159
internal_count=4800 1033 525 45 3767 508 389 119 480 3614 526 3088 153 112
is_linear=0
shrinkage=0.08


Tree=16
num_leaves=15
num_cat=0
split_feature=0 0 1 1 4 4 2 4 4 0 4 2 0 0
split_gain=35.2971 14.7563 1.73945 7.00209 1.27485 1.26182 2.65363 1.61368 1.22671 0.891842 1.67285 1.1999 0.346906 4.44089e-16
threshold=6.5000000000000009 7.5000000000000009 1.0000000180025095e-35 1.5000000000000002 71.500000000000014 32.500000000000007 1.0000000180025095e-35 40.500000000000007 35.500000000000007 5.5000000000000009 20.500000000000004 1.5000000000000002 1.5000000000000002 4.5000000000000009
decision_type=2 2 2 2 2 2 2 2 2 2 2 2 2 2
left_child=4 2 8 -4 9 6 -3 -7 -2 11 -11 -1 -6 -14
right_child=1 5 3 -5 12 7 -8 -9 -10 10 -12 -13 13 -15
leaf_value=-0.022560928287921441 0.073032632979312007 -0.083883974526531874 -0.029899169642228999 0.047689277582160752 -0.036309835462938707 -0.084365281628573055 0.016414090579336384 -0.022568781062674525 0.044711798447075034 -0.083995219054706555 -0.027173715841141647 -0.0029756886376103809 -0.082124950893842849 -0.082124950893842835
leaf_weight=137.48282800614834 18.967856869101524 2.0615871772170093 8.646762687712906 53.521731600165367 1.6915173567831505 3.5304803848266593 9.3224643133580667 11.557969771325586 20.225869446992874 3.8960078731179264 22.2729203812778 23.432387739419937 1.8651805669069292 0.95779542624950398
leaf_count=2640 81 48 146 215 41 72 163 225 83 86 440 448 74 38
internal_value=-0.00122821 0.0313285 0.0452189 0.0368978 -0.0229501 -0.0218572 -0.00174932 -0.0370283 0.0584177 -0.0219364 -0.0356333 -0.0197089 -0.0649587 -0.082125
internal_weight=319.433 127.835 101.362 62.1685 191.599 26.4725 11.3841 15.0885 39.1937 187.084 26.1689 160.915 4.51449 2.82298
internal_count=4800 1033 525 361 3767 508 211 297 164 3614 526 3088 153 112
is_linear=0
shrinkage=0.08


Tree=17
num_leaves=13
num_cat=0
split_feature=0 0 4 1 4 4 4 4 1 4 3 0
split_gain=30.3653 12.618 1.57955 1.5984 1.4679 1.5787 1.20525 1.06439 0.859682 1.71122 1.50144 0.352738
threshold=6.5000000000000009 7.5000000000000009 65.500000000000014 1.0000000180025095e-35 1.5000000000000002 23.500000000000004 71.500000000000014 39.500000000000007 1.0000000180025095e-35 52.500000000000007 1.0000000180025095e-35 1.5000000000000002
decision_type=2 2 2 2 2 2 2 2 2 2 2 2
left_child=6 2 7 -4 -3 -6 8 -2 9 -1 -10 -8
right_child=1 4 3 -5 5 -7 11 -9 10 -11 -12 -13
leaf_value=-0.0055475734510325248 0.038448022245075222 0.075624230983980745 0.046606565065125491 -0.023997931270811627 -0.067825900242358503 -0.015032600479694498 -0.034583167003998001 0.056278984639692581 -0.022442962524768458 -0.042943490279689585 -0.067926647551625724 -0.081957413951906755
leaf_weight=44.529114790260792 58.30807539075613 0.97711445018649357 3.8006849288940412 4.4604747295379639 4.3998481966555145 20.587505899369717 1.6362275145947922 33.871637627482414 124.61966155096889 9.5025602430105192 4.8247502334415904 2.6110460758209229
leaf_count=869 304 16 16 29 92 400 41 176 2451 198 96 112
internal_value=-0.00116536 0.0291457 0.0419967 0.00848485 -0.0205671 -0.0243286 -0.0215756 0.045 -0.0206003 -0.0121244 -0.0241383 -0.0637069
internal_weight=314.129 126.405 100.441 8.26116 25.9645 24.9874 187.723 92.1797 183.476 54.0317 129.444 4.24727
internal_count=4800 1033 525 45 508 492 3767 480 3614 1067 2547 153
is_linear=0
shrinkage=0.08


Tree=18
num_leaves=14
num_cat=0
split_feature=0 0 1 1 4 4 4 2 4 0 4 4 0
split_gain=26.0358 10.7109 1.56114 5.96661 1.22153 1.21486 2.22443 1.35879 1.13549 0.831047 1.66447 1.22292 0.357761
threshold=6.5000000000000009 7.5000000000000009 1.0000000180025095e-35 1.5000000000000002 49.500000000000007 52.500000000000007 48.500000000000007 1.0000000180025095e-35 71.500000000000014 5.5000000000000009 20.500000000000004 68.500000000000014 1.5000000000000002
decision_type=2 2 2 2 2 2 2 2 2 2 2 2 2
left_child=8 2 4 -4 -2 6 -3 -7 9 11 -11 -1 -10
right_child=1 5 3 -5 -6 7 -8 -9 12 10 -12 -13 -14
leaf_value=-0.018310263651713878 0.043332640595758296 -0.019331259519469145 -0.030425563674274608 0.040978564781242247 0.076574439073365155 0.0016764859902130662 0.068383760075273234 -0.083503001551231221 -0.03288773646646815 -0.08360804650678981 -0.024454332776179661 0.026179646265132181 -0.081803387533254848
leaf_weight=151.19729110971093 28.921569988131523 18.184935651719577 8.7194086425006372 53.103761658072472 9.3659007549285871 1.848135583102702 2.0599418506026259 3.4101617708802223 1.5850931853055947 3.550827510654929 21.342379309237003 4.0603492073714724 2.4146532714366913
leaf_count=3044 124 361 146 215 40 34 28 85 41 86 440 44 112
internal_value=-0.00110304 0.0269789 0.0387697 0.0309079 0.0514643 -0.0193047 -0.0104061 -0.0535649 -0.0202585 -0.0193224 -0.0328922 -0.0171467 -0.0624182
internal_weight=309.764 125.614 100.111 61.8232 38.2875 25.5032 20.2449 5.2583 184.151 180.151 24.8932 155.258 3.99975
internal_count=4800 1033 525 361 164 508 389 119 3767 3614 526 3088 153
is_linear=0
shrinkage=0.08


Tree=19
num_leaves=15
num_cat=0
split_feature=0 0 4 1 4 4 4 4 1 4 3 1 0 0
split_gain=22.379 9.17063 1.4308 1.2357 1.23112 1.49525 1.06589 0.934869 0.779219 1.60089 1.44208 0.37793 0.901806 0.000210492
threshold=6.5000000000000009 7.5000000000000009 65.500000000000014 1.0000000180025095e-35 1.5000000000000002 23.500000000000004 71.500000000000014 30.500000000000004 1.0000000180025095e-35 52.500000000000007 1.0000000180025095e-35 1.5000000000000002 1.5000000000000002 1.5000000000000002
decision_type=2 2 2 2 2 2 2 2 2 2 2 2 2 2
left_child=6 2 7 -4 -3 -6 8 -2 9 -1 -10 13 -13 -8
right_child=1 4 3 -5 5 -7 11 -9 10 -11 -12 12 -14 -15
leaf_value=-0.003572725005694357 0.029325841405275718 0.067822047611071634 0.038062109132464571 -0.024654818534548633 -0.065919772453890926 -0.012764991871862218 -0.083249317692190086 0.04576770951350935 -0.019894259540738837 -0.040578852975519795 -0.0662076692852996 0.042215036953316389 -0.081661735108619404 -0.081661735108619418
leaf_weight=43.505491588264704 37.988862443715334 1.0231211781501794 3.6844265460968 4.4256529584527016 4.078845318406823 19.966807324439287 0.90018537640571539 53.024662956595421 120.04251096770167 9.0353890657424909 4.4628063663840285 0.63763130828738235 0.91700814664363861 1.3157073408365247
leaf_count=869 202 16 16 29 92 400 24 278 2451 198 96 17 46 66
internal_value=-0.00104398 0.0251033 0.0360358 0.00383762 -0.0181246 -0.0217816 -0.019003 0.0389049 -0.0181066 -0.00993662 -0.0215543 -0.0610921 -0.030854 -0.0823067
internal_weight=305.009 124.192 99.1236 8.11008 25.0688 24.0457 180.817 91.0135 177.046 52.5409 124.505 3.77053 1.55464 2.21589
internal_count=4800 1033 525 45 508 492 3767 480 3614 1067 2547 153 63 90
is_linear=0
shrinkage=0.08


Tree=20
num_leaves=16
num_cat=0
split_feature=0 0 1 1 4 4 2 4 4 0 4 4 1 0 0
split_gain=19.1747 7.79599 1.37766 5.09713 1.43886 1.30271 2.56242 1.62878 0.998922 0.767162 1.64565 1.18452 0.3779 0.820727 0.000164353
threshold=6.5000000000000009 7.5000000000000009 1.0000000180025095e-35 1.5000000000000002 35.500000000000007 32.500000000000007 1.0000000180025095e-35 40.500000000000007 71.500000000000014 5.5000000000000009 20.500000000000004 46.500000000000007 1.5000000000000002 1.5000000000000002 1.5000000000000002
decision_type=2 2 2 2 2 2 2 2 2 2 2 2 2 2 2
left_child=8 2 4 -4 -2 6 -3 -7 9 11 -11 -1 14 -14 -10
right_child=1 5 3 -5 -6 7 -8 -9 12 10 -12 -13 13 -15 -16
leaf_value=-0.01065073875873386 0.061736081169015369 -0.08338440654136893 -0.030629460748672531 0.035326195163730631 0.030321676626944304 -0.083827436994254226 0.021630864366384155 -0.018370272940911651 -0.082989768288452212 -0.083268170952039949 -0.021937319400688181 -0.02687915724118016 0.037293875705401311 -0.081531430340900116 -0.081531430340900143
leaf_weight=111.64090587198734 17.947561770677567 1.7856943979859377 8.7464447319507581 52.577923163771629 19.436743810772896 3.1353201642632476 8.8915388062596303 10.859932761639355 0.83346909284591619 3.241896208375695 20.542269587516785 38.785763345658779 0.66289203613996528 0.84780322760343552 1.2164133265614507
leaf_count=2234 81 48 146 215 83 72 163 225 24 86 440 854 17 46 66
internal_value=-0.000986109 0.0232447 0.0332985 0.0259192 0.0454032 -0.0169782 0.00406778 -0.0330345 -0.0178033 -0.016946 -0.030297 -0.014835 -0.0597505 -0.029391 -0.0821244
internal_weight=301.153 123.381 98.7087 61.3244 37.3843 24.6725 10.6772 13.9953 177.771 174.211 23.7842 150.427 3.56058 1.5107 2.04988
internal_count=4800 1033 525 361 164 508 211 297 3767 3614 526 3088 153 63 90
is_linear=0
shrinkage=0.08


Tree=21
num_leaves=16
num_cat=0
split_feature=0 0 1 1 4 4 4 2 4 1 4 3 1 0 0
split_gain=16.4656 6.68611 1.20805 4.34997 1.29077 1.16189 1.85389 1.34915 0.933145 0.700555 1.40165 1.37804 0.377157 0.749562 0.000128403
threshold=6.5000000000000009 7.5000000000000009 1.0000000180025095e-35 1.5000000000000002 35.500000000000007 52.500000000000007 48.500000000000007 1.0000000180025095e-35 71.500000000000014 1.0000000180025095e-35 1.5000000000000002 1.0000000180025095e-35 1.5000000000000002 1.5000000000000002 1.5000000000000002
decision_type=2 2 2 2 2 2 2 2 2 2 2 2 2 2 2
left_child=8 2 4 -4 -2 6 -3 -7 9 10 -1 -11 14 -14 -10
right_child=1 5 3 -5 -6 7 -8 -9 12 11 -12 -13 13 -15 -16
leaf_value=0.065702347461340627 0.058093222932248577 -0.015824376869598273 -0.028976112694254371 0.032680700963834013 0.028116717069481271 0.0041085874887425737 0.063350312896062883 -0.083123639880616593 -0.082751663098366277 -0.017564459286942107 -0.010388359972892747 -0.064510732135591345 0.033106641537345605 -0.081411529076326886 -0.081411529076326941
leaf_weight=1.5992259383201588 17.563342019915581 17.304784901440151 8.5156621150672418 52.299197092652321 19.290387809276581 1.8005108386278141 2.1251887753605834 3.0686234086751938 0.77151283621787947 116.1440676189959 49.701272092759609 4.144436363130807 0.68596015498042107 0.78372687101364136 1.124477684497833
leaf_count=33 81 361 146 215 83 34 28 85 24 2451 1034 96 17 46 66
internal_value=-0.000932434 0.0216306 0.0309733 0.0240471 0.0424026 -0.0159217 -0.0071645 -0.0508669 -0.016662 -0.0158437 -0.00801633 -0.019182 -0.0583787 -0.0279614 -0.0819569
internal_weight=296.922 121.968 97.6686 60.8149 36.8537 24.2991 19.43 4.86913 174.955 171.589 51.3005 120.289 3.36568 1.46969 1.89599
internal_count=4800 1033 525 361 164 508 389 119 3767 3614 1067 2547 153 63 90
is_linear=0
shrinkage=0.08


Tree=22
num_leaves=16
num_cat=0
split_feature=0 0 4 4 4 4 1 4 4 0 4 4 1 0 0
split_gain=14.1319 5.73253 1.17796 1.17098 2.50324 1.5886 1.04435 0.959601 0.868939 0.701459 1.62188 1.18438 0.375681 0.686508 0.000100372
threshold=6.5000000000000009 7.5000000000000009 65.500000000000014 32.500000000000007 23.500000000000004 40.500000000000007 1.0000000180025095e-35 30.500000000000004 71.500000000000014 5.5000000000000009 20.500000000000004 68.500000000000014 1.5000000000000002 1.5000000000000002 1.5000000000000002
decision_type=2 2 2 2 2 2 2 2 2 2 2 2 2 2 2
left_child=8 2 7 4 -3 -5 -4 -2 9 11 -11 -1 14 -14 -10
right_child=1 3 6 5 -6 -7 -8 -9 12 10 -12 -13 13 -15 -16
leaf_value=-0.013959912995062683 0.021590178513051166 -0.036981628336353538 0.031354327694085256 -0.083464438318134646 0.041119429075951043 -0.016251539218381326 -0.026929451053856898 0.038472967913809081 -0.082533123533216915 -0.082976029427108119 -0.019593281219883067 0.030555709184360735 0.029510566180403725 -0.081301164262975359 -0.081301164262975401
leaf_weight=142.42449700459838 36.886148117482662 4.8860318418592232 3.5782916545867911 2.8626827858388415 5.679298285394907 10.524831382557748 4.3710764497518539 51.812949400395155 0.7140052914619438 2.9705312810838249 19.846039459109306 3.930691819638013 0.70704351365566254 0.72441330179572105 1.0393756069242952
leaf_count=3044 202 108 16 72 103 225 29 278 24 86 440 44 17 46 66
internal_value=-0.000879998 0.0201252 0.0288081 -0.0149102 0.00500089 -0.0306238 -0.000693861 0.0314521 -0.0155777 -0.0147983 -0.0278452 -0.0127643 -0.0569768 -0.0265676 -0.0818028
internal_weight=292.958 120.601 96.6485 23.9528 10.5653 13.3875 7.94937 88.6991 172.357 169.172 22.8166 146.355 3.18484 1.43146 1.75338
internal_count=4800 1033 525 508 211 297 45 480 3767 3614 526 3088 153 63 90
is_linear=0
shrinkage=0.08


Tree=23
num_leaves=16
num_cat=0
split_feature=0 0 2 4 1 1 4 4 4 2 2 1 0 4 4
split_gain=12.0884 4.8859 1.14091 1.80815 1.05425 3.72266 1.27752 0.858512 1.77523 3.2176 1.98067 1.60372 5.12631 1.82772 0.735612
threshold=6.5000000000000009 7.5000000000000009 1.5000000000000002 27.500000000000004 1.0000000180025095e-35 1.5000000000000002 49.500000000000007 45.500000000000007 44.500000000000007 1.0000000180025095e-35 1.5000000000000002 1.5000000000000002 2.5000000000000004 51.500000000000007 23.500000000000004
decision_type=2 2 2 2 2 2 2 2 2 2 2 2 2 2 2
left_child=7 4 14 -4 6 -6 -2 8 10 -10 -1 13 -13 -9 -3
right_child=1 2 3 -5 5 -7 -8 11 9 -11 -12 12 -14 -15 -16
leaf_value=-0.017240174781994071 0.028902942342644088 -0.057638005178068816 0.083743545928137778 -0.021318063865367113 -0.02889319649288262 0.028228119276377344 0.06399740812001517 -0.0058196580779095019 -0.084286612966018984 0.074665328934322775 0.011987990394806854 0.037773681996740964 -0.044672777427803075 -0.048787115567329772 -0.015359117909101981
leaf_weight=99.129461554810405 27.182944118976593 3.1448204237967792 1.824552297592162 2.4645382072776556 8.5022971816360933 51.719846457242966 8.7836294174194318 9.2385076545178908 1.060353286564349 3.5230214856564999 17.450632445514202 9.166868772357704 10.193982660770414 20.166452784091234 16.208160106092691
leaf_count=2092 124 93 17 49 146 215 40 216 22 73 364 219 264 517 349
internal_value=-0.000830857 0.0186275 -0.013956 0.0233745 0.0266361 0.0201636 0.0374736 -0.0145525 -0.010945 0.0378922 -0.0128651 -0.0235156 -0.00563648 -0.0352875 -0.0222294
internal_weight=289.76 119.831 23.6421 4.28909 96.1887 60.2221 35.9666 169.929 121.163 4.58337 116.58 48.7658 19.3609 29.405 19.353
internal_count=4800 1033 508 66 525 361 164 3767 2551 95 2456 1216 483 733 442
is_linear=0
shrinkage=0.08


Tree=24
num_leaves=14
num_cat=0
split_feature=0 0 4 4 4 4 4 1 0 4 4 0 1
split_gain=10.3723 4.1868 1.08707 1.07958 2.3602 0.84508 0.826226 0.789768 0.629048 1.57374 1.12528 0.00015919 4.82334e-08
threshold=6.5000000000000009 7.5000000000000009 65.500000000000014 6.5000000000000009 23.500000000000004 78.500000000000014 39.500000000000007 1.0000000180025095e-35 5.5000000000000009 20.500000000000004 46.500000000000007 1.5000000000000002 1.5000000000000002
decision_type=2 2 2 2 2 2 2 2 2 2 2 2 2
left_child=5 2 6 -3 -5 8 -2 -4 10 -10 -1 -7 -13
right_child=1 3 7 4 -6 11 -8 -9 9 -11 -12 12 -14
leaf_value=-0.0069934408281333276 0.021377039341167761 0.046899532711044828 0.024647501537703835 -0.085212696056183757 -0.0075663831652507865 -0.083131919595717307 0.037500379397515021 -0.026583152101916242 -0.082705641859667584 -0.017692301127529834 -0.023044025375590058 -0.08114244814995096 -0.081183088749632523
leaf_weight=106.66781712323427 55.216762386262417 1.7759778648614908 3.4622316360473624 2.8940752036869553 18.658340614289045 0.40509818121790775 32.20433421432972 4.339841216802597 2.7179570682346847 19.330521754920483 37.883370906114578 0.37479438632726669 0.37280834279954433
leaf_count=2234 304 32 16 76 400 12 176 29 86 453 929 27 26
internal_value=-0.000791423 0.0173217 0.024763 -0.0130526 -0.0179928 -0.0135921 0.0273166 -0.00384914 -0.0131198 -0.0257066 -0.0111999 -0.0818548 -0.0811627
internal_weight=286.304 118.552 95.2232 23.3284 21.5524 167.752 87.4211 7.80207 166.6 22.0485 144.551 1.1527 0.747603
internal_count=4800 1033 525 508 476 3767 480 45 3702 539 3163 65 53
is_linear=0
shrinkage=0.08


Tree=25
num_leaves=15
num_cat=0
split_feature=0 0 4 4 2 4 4 4 1 1 4 3 0 1
split_gain=8.86375 3.56679 1.10028 1.56312 1.34404 0.924125 0.798929 0.731258 0.672274 0.611256 1.67497 1.34849 0.000124592 3.78267e-08
threshold=6.5000000000000009 7.5000000000000009 52.500000000000007 48.500000000000007 1.0000000180025095e-35 65.500000000000014 78.500000000000014 30.500000000000004 1.0000000180025095e-35 1.0000000180025095e-35 59.500000000000007 1.0000000180025095e-35 1.5000000000000002 1.5000000000000002
decision_type=2 2 2 2 2 2 2 2 2 2 2 2 2 2
left_child=6 5 3 -3 -4 7 9 -2 -7 10 -1 -11 -8 -14
right_child=1 2 4 -5 -6 8 12 -9 -10 11 -12 -13 13 -15
leaf_value=-2.0108036069042211e-05 0.016581124728553907 -0.012035940120170599 0.0070885115115812162 0.060250481022202679 -0.082761264130466514 0.022893608504203175 -0.082883263349409 0.031455752566223003 -0.024519721254058439 -0.013818128184407344 -0.050459124941732839 -0.062320040953705656 -0.081053405454634186 -0.0810908444382967
leaf_weight=44.701150586828589 36.275538221001625 16.413970334455378 1.7452056929469097 2.1673141270875922 2.7358616981655359 3.4306335449218741 0.37502905540168174 50.737412571907043 4.3291093558073044 111.49446845147759 4.6521209236234418 3.7934996355324975 0.34634347446262836 0.34452108386904001
leaf_count=969 202 361 34 28 85 16 12 278 29 2510 124 99 27 26
internal_value=-0.000743998 0.0160295 -0.0121856 -0.00360448 -0.0477682 0.0228955 -0.0126717 0.0252545 -0.00355798 -0.0122247 -0.00477457 -0.0154141 -0.0817093 -0.0810721
internal_weight=283.542 117.835 23.0624 18.5813 4.48107 94.7727 165.707 87.013 7.75974 164.641 49.3533 115.288 1.06589 0.690865
internal_count=4800 1033 508 389 119 525 3767 480 45 3702 1093 2609 65 53
is_linear=0
shrinkage=0.08


Tree=26
num_leaves=15
num_cat=0
split_feature=0 0 4 2 4 1 1 4 4 0 4 2 0 1
split_gain=7.57011 3.04008 1.09366 2.36566 1.57473 0.911635 3.19097 1.53143 0.75414 0.570028 1.52868 0.979563 9.75525e-05 2.9656e-08
threshold=6.5000000000000009 7.5000000000000009 32.500000000000007 1.0000000180025095e-35 40.500000000000007 1.0000000180025095e-35 1.5000000000000002 35.500000000000007 78.500000000000014 5.5000000000000009 20.500000000000004 1.5000000000000002 1.5000000000000002 1.5000000000000002
decision_type=2 2 2 2 2 2 2 2 2 2 2 2 2 2
left_child=8 5 3 -3 -4 7 -7 -2 9 11 -11 -1 -10 -14
right_child=1 2 4 -5 -6 6 -8 -9 12 10 -12 -13 13 -15
leaf_value=-0.012336107388967468 0.049098606030287685 -0.083012055361975826 -0.083076601712399015 0.024371618134854365 -0.01284740364119813 -0.02983834221730617 0.022778083760663242 0.015512287462950436 -0.08265492136218304 -0.082467175863694633 -0.015783340457703611 0.0063247699306086935 -0.08097139405276875 -0.081005879714315276
leaf_weight=120.36157114710659 16.526883140206337 1.5476966891437793 2.5658136606216422 8.6572528928518278 10.035909699276088 8.6280171833932382 50.861633270978928 18.320097625255585 0.3471129909157743 2.4914433825761106 18.819285355508327 21.169603064656258 0.32002602517604828 0.31835308577865362
leaf_count=2707 81 48 72 163 225 146 215 83 12 86 453 456 27 26
internal_value=-0.000699889 0.0148292 -0.0113818 0.00808566 -0.0271466 0.0211659 0.0151469 0.0314413 -0.0118038 -0.0113816 -0.0235794 -0.0095449 -0.0815755 -0.0809886
internal_weight=280.971 117.143 22.8067 10.2049 12.6017 94.3366 59.4897 34.847 163.827 162.842 21.3107 141.531 0.985492 0.638379
internal_count=4800 1033 508 211 297 525 361 164 3767 3702 539 3163 65 53
is_linear=0
shrinkage=0.08


Tree=27
num_leaves=12
num_cat=0
split_feature=0 4 0 2 4 4 1 4 3 0 1
split_gain=6.47711 3.0321 2.61977 0.983378 0.8519 0.71082 0.54012 1.51674 1.26408 7.64104e-05 2.32692e-08
threshold=6.5000000000000009 75.500000000000014 7.5000000000000009 1.5000000000000002 62.500000000000007 78.500000000000014 1.0000000180025095e-35 59.500000000000007 1.0000000180025095e-35 1.5000000000000002 1.5000000000000002
decision_type=2 2 2 2 2 2 2 2 2 2 2
left_child=5 2 4 -4 -2 6 7 -1 -8 -7 -11
right_child=1 -3 3 -5 -6 9 8 -9 -10 10 -12
leaf_value=0.00091532020223448855 0.01952937631095043 -0.063347831869778173 -0.016966278240778069 0.026249201612763173 0.046767651722442773 -0.082445156483576115 -0.012103387468756069 -0.048295264443228562 -0.06062474350978718 -0.080895831788404496 -0.080927611272452696
leaf_weight=44.231762811541557 82.719398126006126 3.173214264214038 17.861149959266189 4.1536175217479459 8.0651780292391759 0.32120782695710559 108.98633434996009 4.4078992223367086 3.5481453454121938 0.29568598419427872 0.2941496204584837
leaf_count=969 465 32 430 62 44 12 2510 124 99 27 26
internal_value=-0.000658809 0.0137759 0.0159455 -0.00881263 0.0219492 -0.0109869 -0.0105886 -0.00354432 -0.0136332 -0.0814523 -0.0809117
internal_weight=278.058 115.973 112.799 22.0148 90.7846 162.085 161.174 48.6397 112.534 0.911043 0.589836
internal_count=4800 1033 1001 492 509 3767 3702 1093 2609 65 53
is_linear=0
shrinkage=0.08


Tree=28
num_leaves=12
num_cat=0
split_feature=0 4 0 2 4 4 0 4 4 0 1
split_gain=5.52847 2.58736 2.2278 0.832644 0.736216 0.669059 0.513178 1.47756 0.924301 5.98697e-05 1.82477e-08
threshold=6.5000000000000009 75.500000000000014 7.5000000000000009 1.5000000000000002 62.500000000000007 78.500000000000014 5.5000000000000009 20.500000000000004 46.500000000000007 1.5000000000000002 1.5000000000000002
decision_type=2 2 2 2 2 2 2 2 2 2 2
left_child=5 2 4 -4 -2 6 8 -8 -1 -7 -11
right_child=1 -3 3 -5 -6 9 7 -9 -10 10 -12
leaf_value=-0.004253406254388024 0.018039478417878667 -0.058823096860457724 -0.015860397278180172 0.023629482724138874 0.043482132374691555 -0.082252373318761396 -0.082253925161143701 -0.014061142254392868 -0.019175471851999019 -0.080826222412292412 -0.080855500947358008
leaf_weight=103.20100236311555 82.400903288275003 3.1451145857572547 17.589656567201022 4.2411074470728627 7.9840712398290625 0.29717894457280536 2.2865081746131208 18.379195168614388 35.776283608749509 0.27317810989916325 0.27176665887236595
leaf_count=2234 465 32 430 62 44 12 86 453 929 27 26
internal_value=-0.00061673 0.0127415 0.0147472 -0.00818862 0.0202869 -0.0102189 -0.00984377 -0.0216062 -0.00809472 -0.0813389 -0.0808408
internal_weight=275.846 115.361 112.216 21.8308 90.385 160.485 159.643 20.6657 138.977 0.842124 0.544945
internal_count=4800 1033 1001 492 509 3767 3702 539 3163 65 53
is_linear=0
shrinkage=0.08


Tree=29
num_leaves=12
num_cat=0
split_feature=0 4 0 4 4 4 1 4 3 0 1
split_gain=4.71661 2.20764 1.89413 0.779834 0.642703 0.628923 0.471875 1.32667 1.17892 4.69241e-05 1.43188e-08
threshold=6.5000000000000009 75.500000000000014 7.5000000000000009 1.5000000000000002 30.500000000000004 78.500000000000014 1.0000000180025095e-35 59.500000000000007 1.0000000180025095e-35 1.5000000000000002 1.5000000000000002
decision_type=2 2 2 2 2 2 2 2 2 2 2
left_child=5 2 4 -4 -2 6 7 -1 -8 -7 -11
right_child=1 -3 3 -5 -6 9 8 -9 -10 10 -12
leaf_value=0.0015548866136119042 0.010355970610779457 -0.054621034250120507 0.059034978265310442 -0.01106143358258479 0.024193398729685411 -0.082075138054208824 -0.010570471791372691 -0.045763090153624189 -0.058923388516055865 -0.08076207329467297 -0.080789056979729768
leaf_weight=43.913944371044636 35.426228038966656 3.1172921583056441 1.0684640072286153 20.591723512858152 54.577868930995464 0.274899085983633 106.83288810495287 4.1506148129701605 3.3276600986719123 0.25236736983060837 0.25107021164149046
leaf_count=969 202 32 16 476 307 12 2510 124 99 27 26
internal_value=-0.000576775 0.0117818 0.0136355 -0.00760368 0.0187469 -0.00949818 -0.00914529 -0.00253126 -0.0120311 -0.0812345 -0.0807755
internal_weight=273.785 114.782 111.664 21.6602 90.0041 159.003 158.225 48.0646 110.161 0.778337 0.503438
internal_count=4800 1033 1001 492 509 3767 3702 1093 2609 65 53
is_linear=0
shrinkage=0.08


Tree=30
num_leaves=12
num_cat=0
split_feature=0 4 0 4 4 4 4 4 1 0 1
split_gain=4.02187 1.88331 1.61006 0.718254 0.661827 0.590461 0.467612 1.66773 1.4398 3.67886e-05 1.12388e-08
threshold=6.5000000000000009 75.500000000000014 7.5000000000000009 32.500000000000007 18.500000000000004 78.500000000000014 1.5000000000000002 6.5000000000000009 1.5000000000000002 1.5000000000000002 1.5000000000000002
decision_type=2 2 2 2 2 2 2 2 2 2 2
left_child=5 2 4 -4 -2 6 8 -8 -1 -7 -11
right_child=1 -3 3 -5 -6 9 7 -9 -10 10 -12
leaf_value=0.050429228383837316 0.033528439288780292 -0.050717099914551297 0.0084453021443570073 -0.020842985032206524 0.014403629398153761 -0.081912142721202078 -0.062292557088593541 -0.0079430606352796744 -0.039897015189873139 -0.08070294192928458 -0.080727814799210942
leaf_weight=2.9725243654102078 13.662742655724285 3.0898363515734664 10.126176206395032 11.382534418255089 75.989069767296314 0.25424829497933288 3.7035555727779856 148.42471889033914 1.8214957788586614 0.2331282114610076 0.2319357069209218
leaf_count=66 82 32 211 281 427 12 86 3507 43 27 26
internal_value=-0.000539223 0.0108899 0.0126023 -0.00705423 0.0173182 -0.00882245 -0.00849096 -0.0092662 0.0161096 -0.0811384 -0.0807153
internal_weight=271.892 114.25 111.161 21.5087 89.6518 157.642 156.922 152.128 4.79402 0.719312 0.465064
internal_count=4800 1033 1001 492 509 3767 3702 3593 109 65 53
is_linear=0
shrinkage=0.08


Tree=31
num_leaves=13
num_cat=0
split_feature=0 4 0 4 4 4 4 0 4 4 4 0
split_gain=3.42816 1.60635 1.36835 0.688729 0.632087 0.523499 0.875243 3.37496 0.797931 0.602534 2.29014 0.000141451
threshold=6.5000000000000009 75.500000000000014 7.5000000000000009 23.500000000000004 62.500000000000007 71.500000000000014 68.500000000000014 2.5000000000000004 65.500000000000014 77.500000000000014 78.500000000000014 1.5000000000000002
decision_type=2 2 2 2 2 2 2 2 2 2 2 2
left_child=5 2 4 -4 -2 6 8 -8 -1 11 -11 -7
right_child=1 -3 3 -5 -6 9 7 -9 -10 10 -12 -13
leaf_value=-0.0078402877725647097 0.013907860792920546 -0.047088433718123456 -0.034177824432569809 0.00092205254591530518 0.037704248516248429 -0.082676542694460939 0.099480210306522279 -0.047150481752199956 -0.052425120943938114 0.18577734564744827 -0.081049785341653108 -0.081004909429845784
leaf_weight=147.48690243065357 81.494685471057892 3.0628578141331664 4.5440537612885263 16.825686851516366 7.8303021043539038 0.69054375775158339 2.0955229327082625 1.9297580644488332 2.6145829688757649 0.29822836257517327 0.66470504365861416 0.61028460878878832
leaf_count=3489 465 32 108 384 44 24 23 27 75 14 65 50
internal_value=-0.000504531 0.0100621 0.0116434 -0.00654157 0.0159939 -0.00819061 -0.00762966 0.0291841 -0.0086169 -0.0463821 0.00158876 -0.0818923
internal_weight=270.148 113.758 110.695 21.3697 89.325 156.391 154.127 4.02528 150.101 2.26376 0.962933 1.30083
internal_count=4800 1033 1001 492 509 3767 3614 50 3564 153 79 74
is_linear=0
shrinkage=0.08


Tree=32
num_leaves=13
num_cat=0
split_feature=0 4 0 4 4 4 4 0 4 4 4 0
split_gain=2.9234 1.3699 1.16311 0.703315 0.594322 0.478427 0.726417 2.68443 0.723205 0.572169 1.75496 0.00011079
threshold=6.5000000000000009 75.500000000000014 7.5000000000000009 6.5000000000000009 26.500000000000004 71.500000000000014 68.500000000000014 2.5000000000000004 65.500000000000014 77.500000000000014 78.500000000000014 1.5000000000000002
decision_type=2 2 2 2 2 2 2 2 2 2 2 2
left_child=5 2 4 -4 -2 6 8 -8 -1 11 -11 -7
right_child=1 -3 3 -5 -6 9 7 -9 -10 10 -12 -13
leaf_value=-0.007266967732026155 0.0047410837191149795 -0.043714042607619706 0.041235965035237181 -0.010537503771433499 0.019031372543324231 -0.082465246104186984 0.084718937108403072 -0.045144861810192005 -0.050743712332556423 0.14251305789617361 -0.080968671674691586 -0.080926724647084017
leaf_weight=146.43816784024239 26.539790216833353 3.0364716351032248 1.8382412828505064 19.41531896032393 62.464316129684448 0.63901919685304098 2.2562970183789721 1.8572927769273517 2.4902952071279278 0.35479353647679079 0.61418984597548842 0.563885897397995
leaf_count=3489 156 32 32 460 353 24 23 27 75 14 65 50
internal_value=-0.000475356 0.00929514 0.010755 -0.00605957 0.0147702 -0.00760706 -0.00707795 0.0260852 -0.00799396 -0.0448908 0.000859226 -0.081744
internal_weight=268.508 113.294 110.258 21.2536 89.0041 155.214 153.042 4.11359 148.928 2.17189 0.968983 1.20291
internal_count=4800 1033 1001 492 509 3767 3614 50 3564 153 79 74
is_linear=0
shrinkage=0.08


Tree=33
num_leaves=13
num_cat=0
split_feature=0 4 0 2 4 4 1 4 4 4 2 2
split_gain=2.49163 1.16806 0.988362 0.688386 0.640752 0.468559 1.62247 4.81721 1.62241 1.5659 4.94102 2.08753
threshold=6.5000000000000009 75.500000000000014 7.5000000000000009 1.5000000000000002 18.500000000000004 45.500000000000007 1.5000000000000002 59.500000000000007 51.500000000000007 42.500000000000007 1.0000000180025095e-35 1.5000000000000002
decision_type=2 2 2 2 2 2 2 2 2 2 2 2
left_child=5 2 4 -4 -2 9 8 -8 -7 11 -11 -1
right_child=1 -3 3 -5 -6 6 7 -9 -10 10 -12 -13
leaf_value=-0.012395526927178407 0.029663930087518855 -0.04057481272919744 -0.012855046074682163 0.023178128679248147 0.010752215122767918 0.0015046550747812237 -0.029332505918395646 0.057507800355978154 -0.041384351417492429 -0.083769070135730581 0.050597614450750776 0.019583447441584537
leaf_weight=85.08927066065371 13.529402468353508 3.0107868276536456 16.887239847332243 4.2464236430823794 75.176688760519028 8.4776093773543852 10.398051708936693 6.7369872024282804 16.893068203702569 2.1799767017364475 8.9115162193775177 15.43386188149452
leaf_count=1966 82 32 430 62 427 216 284 199 517 51 195 339
internal_value=-0.000446823 0.00858504 0.00993255 -0.00561484 0.0136366 -0.00706017 -0.0142081 0.00481052 -0.027053 -0.00433806 0.0241885 -0.00748562
internal_weight=266.971 112.851 109.84 21.1337 88.7061 154.12 42.5057 17.135 25.3707 111.615 11.0915 100.523
internal_count=4800 1033 1001 492 509 3767 1216 483 733 2551 246 2305
is_linear=0
shrinkage=0.08


Tree=34
num_leaves=13
num_cat=0
split_feature=0 4 4 1 4 1 0 4 4 3 4 4
split_gain=2.12729 0.995716 0.892529 1.93926 1.53653 0.460507 1.3216 4.37759 2.23606 1.09692 1.49335 0.750186
threshold=6.5000000000000009 75.500000000000014 63.500000000000007 1.5000000000000002 52.500000000000007 1.0000000180025095e-35 2.5000000000000004 52.500000000000007 2.5000000000000004 1.0000000180025095e-35 18.500000000000004 60.500000000000007
decision_type=2 2 2 2 2 2 2 2 2 2 2 2
left_child=5 2 4 -4 -2 6 8 -8 -1 11 -11 -7
right_child=1 -3 3 -5 -6 9 7 -9 -10 10 -12 -13
leaf_value=0.11557151530097481 0.010996989524056668 -0.037653397435175096 -0.0012717185453670382 0.078436782408565608 -0.018064300225844127 -0.010378000964703449 0.025494108565985482 -0.063901111513852027 -0.021073635014128934 0.062969187386804779 -0.082668688875731922 0.012031844913345196
leaf_weight=0.79855065420270221 88.165036479011178 2.9858992397785178 4.2788383197039357 3.5945233292877674 13.415411120280622 92.782836593687534 22.647049307823185 4.147899434901773 19.056559338234365 0.54878078959882204 2.5186339858919382 10.65853808633983
leaf_count=15 795 32 46 29 131 2247 506 142 449 17 85 306
internal_value=-0.000429304 0.00792676 0.00917018 0.0351186 0.00715896 -0.0065638 6.45162e-05 0.0116556 -0.0155779 -0.00946696 -0.0566131 -0.0080689
internal_weight=265.599 112.44 109.454 7.87336 101.58 153.159 46.6501 26.7949 19.8551 106.509 3.06741 103.441
internal_count=4800 1033 1001 75 926 3767 1112 648 464 2655 102 2553
is_linear=0
shrinkage=0.08


Tree=35
num_leaves=16
num_cat=0
split_feature=0 0 4 4 2 1 1 4 4 4 0 4 4 4 0
split_gain=1.81126 0.88361 0.840354 1.50663 1.4615 0.838371 2.67514 1.44063 0.469674 0.590598 2.07981 0.709716 0.529865 1.34577 0.000101094
threshold=6.5000000000000009 7.5000000000000009 52.500000000000007 49.500000000000007 1.0000000180025095e-35 1.0000000180025095e-35 1.5000000000000002 35.500000000000007 71.500000000000014 68.500000000000014 2.5000000000000004 65.500000000000014 77.500000000000014 78.500000000000014 1.5000000000000002
decision_type=2 2 2 2 2 2 2 2 2 2 2 2 2 2 2
left_child=8 5 3 -3 -4 7 -7 -2 9 11 -11 -1 14 -14 -10
right_child=1 2 4 -5 -6 6 -8 -9 12 10 -12 -13 13 -15 -16
leaf_value=-0.0056940334114996514 0.038936065511643747 -0.0068802600221984367 0.018268466714519448 0.078208899940181278 -0.08228437947731769 -0.034359142999678981 0.012471606561509023 0.0052758926202402757 -0.082380125339779661 0.072431293026226987 -0.042152882708531222 -0.049521020425879865 0.10812550142086227 -0.080927537899043223 -0.080847446221692695
leaf_weight=143.59803649410605 15.272610515356062 16.290889982134111 1.5630049891769879 1.4503658860921849 2.2667018491774797 9.2913232967257482 48.854670286178589 17.418906360864639 0.59700987860560351 2.4065192304551593 1.7517891880124805 2.4043227192014447 0.41711819916963566 0.57067537028342485 0.51131941843777895
leaf_count=3489 81 370 34 19 85 146 215 83 24 23 27 75 14 65 50
internal_value=-0.000407532 0.00729478 -0.00726043 7.58662e-05 -0.0412461 0.0107512 0.00498838 0.021001 -0.00609401 -0.00556905 0.0241599 -0.00641576 -0.0437011 -0.00109561 -0.081673
internal_weight=264.665 112.408 21.571 17.7413 3.82971 90.8375 58.146 32.6915 152.257 150.161 4.15831 146.002 2.09612 0.987794 1.10833
internal_count=4800 1033 508 389 119 525 361 164 3767 3614 50 3564 153 79 74
is_linear=0
shrinkage=0.08


Tree=36
num_leaves=11
num_cat=0
split_feature=4 0 1 0 4 4 4 4 4 2
split_gain=1.74516 1.72624 1.10704 0.747267 0.675149 0.634353 0.496556 1.99253 1.39954 0.0190808
threshold=78.500000000000014 6.5000000000000009 1.0000000180025095e-35 7.5000000000000009 23.500000000000004 30.500000000000004 16.500000000000004 18.500000000000004 15.500000000000002 1.0000000180025095e-35
decision_type=2 2 2 2 2 2 2 2 2 2
left_child=1 6 -2 5 -5 -3 8 -8 -1 -4
right_child=2 3 9 4 -6 -7 7 -9 -10 -11
leaf_value=-0.010438912049820968 0.036663337914167725 0.0024894919178188139 -0.11804320468399501 -0.033368038187571072 0.0016654106777673047 0.016363336007742556 0.050984662134347561 -0.0053249137715064496 -0.083793181276289402 -0.09992332320113137
leaf_weight=19.631947308778766 0.42985313292592642 34.375078711658716 0.75275246798992157 4.4629190266132381 16.673416692763567 54.583449438214302 4.1552227176725856 125.25251786410809 1.8188378307968367 0.73519399575889111
leaf_count=473 22 202 18 108 388 314 99 3087 43 46
internal_value=-0.000385801 0.000172998 -0.0764212 0.00778958 -0.00573187 0.0110022 -0.0053855 -0.00351684 -0.0166587 -0.10909
internal_weight=262.871 260.953 1.9178 110.095 21.1363 88.9585 150.859 129.408 21.4508 1.48795
internal_count=4800 4714 86 1012 496 516 3702 3186 516 64
is_linear=0
shrinkage=0.08


Tree=37
num_leaves=10
num_cat=0
split_feature=4 0 1 4 4 0 4 0 2
split_gain=1.55383 1.46815 1.02104 0.657231 1.57837 0.46924 1.50898 0.794666 0.0137719
threshold=78.500000000000014 6.5000000000000009 1.0000000180025095e-35 1.0000000180025095e-35 3.5000000000000004 5.5000000000000009 20.500000000000004 4.5000000000000009 1.0000000180025095e-35
decision_type=2 2 2 2 2 2 2 2 2
left_child=1 5 -2 -3 -5 7 -7 -1 -4
right_child=2 3 8 4 -6 6 -8 -9 -10
leaf_value=-0.0060052061332734018 0.033327742429490818 0.044392087146547 -0.11480512654364119 -0.057500690232972079 0.0076431375829608171 -0.0819934570119943 -0.0089662088985863718 0.010943467970949774 -0.098926501688753402
leaf_weight=109.81777706183493 0.43482679128646728 2.9569503851234904 0.71367252664640546 2.4359155651181927 104.37538279406726 2.0242574531585005 17.181313148699701 21.10792073328048 0.68523400323465466
leaf_count=2651 22 23 18 26 963 86 453 512 46
internal_value=-0.000362152 0.000155607 -0.0737453 0.00718745 0.00615748 -0.00498571 -0.0166632 -0.00327273 -0.107027
internal_weight=261.733 259.9 1.83373 109.768 106.811 150.131 19.2056 130.926 1.39891
internal_count=4800 4714 86 1012 989 3702 539 3163 64
is_linear=0
shrinkage=0.08


Tree=38
num_leaves=11
num_cat=0
split_feature=4 0 1 0 4 2 4 4 4 2
split_gain=1.38313 1.24622 0.943256 0.638042 0.707983 0.626269 0.41299 1.69003 1.33295 0.00990568
threshold=78.500000000000014 6.5000000000000009 1.0000000180025095e-35 7.5000000000000009 28.500000000000004 1.0000000180025095e-35 16.500000000000004 19.500000000000004 15.500000000000002 1.0000000180025095e-35
decision_type=2 2 2 2 2 2 2 2 2 2
left_child=1 6 -2 5 -5 -3 8 -8 -1 -4
right_child=2 3 9 4 -6 -7 7 -9 -10 -11
leaf_value=-0.0090796583605130439 0.030325450826897651 -0.0018548725221585708 -0.11181539770835494 0.014732758044589161 -0.016255353095499102 0.013548719538695672 0.039083838212397588 -0.0049186973554874334 -0.08347820887120827 -0.097920480229246071
leaf_weight=19.288102220743898 0.4394433759152877 22.722413178533316 0.67569449311122298 7.0995385274291065 14.069982718676327 65.841202173382044 5.8528448008000842 122.63679220434278 1.6750630531460036 0.63878833595663309
leaf_count=473 22 131 18 159 337 385 135 3051 43 46
internal_value=-0.000338773 0.000140354 -0.0711416 0.00661423 -0.00586299 0.00959668 -0.00461298 -0.00291433 -0.0150245 -0.105063
internal_weight=260.94 259.186 1.75393 109.733 21.1695 88.5636 149.453 128.49 20.9632 1.31448
internal_count=4800 4714 86 1012 496 516 3702 3186 516 64
is_linear=0
shrinkage=0.08


Tree=39
num_leaves=11
num_cat=0
split_feature=4 0 1 4 4 4 0 4 2 2
split_gain=1.23088 1.05955 0.872856 0.585425 1.50849 1.44857 0.408859 1.43361 0.733958 0.0071112
threshold=78.500000000000014 6.5000000000000009 1.0000000180025095e-35 62.500000000000007 52.500000000000007 65.500000000000014 5.5000000000000009 20.500000000000004 1.5000000000000002 1.0000000180025095e-35
decision_type=2 2 2 2 2 2 2 2 2 2
left_child=1 6 -2 4 -3 -5 8 -8 -1 -4
right_child=2 3 9 5 -6 -7 7 -9 -10 -11
leaf_value=-0.0052404439862825418 0.027618112231111994 0.0078586588004395542 -0.10906933815960557 0.067388479016155065 -0.022458182534498442 0.0036593108458741843 -0.081833799954970254 -0.0079632875908288818 0.011395499459747094 -0.096917510360555126
leaf_weight=109.93137892801315 0.44373161718249221 86.980280378833413 0.63880388950929023 3.3589299581944925 11.946674315258859 7.1240441855043173 1.8663769047707344 16.96378222014755 20.071914717555046 0.59553268551826477
leaf_count=2707 22 795 18 34 120 63 86 453 456 46
internal_value=-0.000317967 0.000125812 -0.0686125 0.00610246 0.00419752 0.0240793 -0.00426772 -0.0152851 -0.00267193 -0.103206
internal_weight=259.921 258.243 1.67807 109.41 98.927 10.483 148.833 18.8302 130.003 1.23434
internal_count=4800 4714 86 1012 915 97 3702 539 3163 64
is_linear=0
shrinkage=0.08


Tree=40
num_leaves=11
num_cat=0
split_feature=4 0 1 0 4 4 4 4 1 2
split_gain=1.0952 0.899417 0.809074 0.548019 0.651653 0.597077 0.396852 1.55842 1.13399 0.00510185
threshold=78.500000000000014 6.5000000000000009 1.0000000180025095e-35 7.5000000000000009 23.500000000000004 15.500000000000002 1.5000000000000002 6.5000000000000009 1.5000000000000002 1.0000000180025095e-35
decision_type=2 2 2 2 2 2 2 2 2 2
left_child=1 6 -2 5 -5 -3 8 -8 -1 -4
right_child=2 3 9 4 -6 -7 7 -9 -10 -11
leaf_value=0.048093712120869034 0.025172729018834907 0.026307823494867467 -0.10655628717322684 -0.033180802942568054 0.0012893341923823859 0.0059733523115256806 -0.059127238173553809 -0.0034159760573956662 -0.034576673359595675 -0.095928078332534208
leaf_weight=3.0209285859018555 0.44771617744117875 10.488883819431065 0.60302673769183435 4.4413517806679037 16.738723563030362 77.71217829361558 3.2888327650725833 140.30603187344968 1.637536536902189 0.55518757016398013
leaf_count=66 22 63 18 108 388 453 86 3507 43 46
internal_value=-0.000296877 0.000113656 -0.0661574 0.00561666 -0.00593887 0.00839153 -0.00394645 -0.00469196 0.0190335 -0.101462
internal_weight=259.24 257.634 1.60593 109.381 21.1801 88.2011 148.253 143.595 4.65847 1.15821
internal_count=4800 4714 86 1012 496 516 3702 3593 109 64
is_linear=0
shrinkage=0.08


Tree=41
num_leaves=10
num_cat=0
split_feature=4 0 1 4 4 1 0 3 2
split_gain=0.974238 0.764385 0.7512 0.54482 1.38682 0.383348 1.17809 1.01925 0.00366177
threshold=78.500000000000014 6.5000000000000009 1.0000000180025095e-35 1.0000000180025095e-35 3.5000000000000004 1.0000000180025095e-35 1.5000000000000002 1.0000000180025095e-35 1.0000000180025095e-35
decision_type=2 2 2 2 2 2 2 2 2
left_child=1 5 -2 -3 -5 6 -1 -7 -4
right_child=2 3 8 4 -6 7 -8 -9 -10
leaf_value=-0.017616581703060852 0.022960727568701978 0.039227611631341266 -0.10426216596241122 -0.055789559934759023 0.0056341382995402298 -0.0050232401136783931 0.01074285921638695 -0.053946736842802469 -0.094960858059410139
leaf_weight=13.235149312764404 0.45141882356256147 2.9272132143378249 0.56840963149443247 2.4070621225982896 103.76092143543065 99.546223506331444 32.142085391096771 2.8020935021340838 0.51751203904859722
leaf_count=310 22 23 18 26 963 2510 783 99 46
internal_value=-0.000278562 0.000101524 -0.0637738 0.00518026 0.00424153 -0.00364912 0.00247128 -0.00636267 -0.0998295
internal_weight=258.358 256.821 1.53734 109.095 106.168 147.726 45.3772 102.348 1.08592
internal_count=4800 4714 86 1012 989 3702 1093 2609 64
is_linear=0
shrinkage=0.08


Tree=42
num_leaves=10
num_cat=0
split_feature=4 0 1 0 4 4 4 4 0
split_gain=0.881407 1.37043 0.815995 0.805767 1.41562 0.949954 0.656112 0.498063 7.23063e-05
threshold=77.500000000000014 2.5000000000000004 1.5000000000000002 6.5000000000000009 71.500000000000014 71.500000000000014 35.500000000000007 68.500000000000014 1.5000000000000002
decision_type=2 2 2 2 2 2 2 2 2
left_child=3 -2 -3 5 6 7 -5 -1 -7
right_child=1 2 -4 4 -6 8 -8 -9 -10
leaf_value=-0.0039387626195525509 0.062883941880208905 -0.0055629567488968655 -0.11817954177988434 0.010040059799578139 0.058599600189049229 -0.082128389533459439 -0.0025822781392599178 0.024190792474210587 -0.080761888244290925
leaf_weight=141.64537767507136 0.54745816695503835 0.61406031856313315 1.2500134075526148 53.742914568632841 3.1116754729300728 0.536092983558773 51.719624930992723 4.146378379315137 0.46086346311494708
leaf_count=3564 37 36 29 488 25 24 497 50 50
internal_value=-0.000260682 -0.048399 -0.0810816 0.000193914 0.00541906 -0.00367094 0.00384997 -0.00313875 -0.0814967
internal_weight=257.774 2.41153 1.86407 255.363 108.574 146.789 105.463 145.792 0.996956
internal_count=4800 102 65 4698 1010 3688 985 3614 74
is_linear=0
shrinkage=0.08


Tree=43
num_leaves=11
num_cat=0
split_feature=4 1 4 4 4 4 4 3 1 2
split_gain=0.778511 0.6673 1.68185 4.16854 2.38832 1.39256 2.4038 1.57059 0.658695 0.00198974
threshold=78.500000000000014 1.0000000180025095e-35 21.500000000000004 24.500000000000004 16.500000000000004 22.500000000000004 19.500000000000004 1.0000000180025095e-35 1.0000000180025095e-35 1.0000000180025095e-35
decision_type=2 2 2 2 2 2 2 2 2 2
left_child=1 2 4 -4 -1 6 -3 -7 -2 -10
right_child=8 5 3 -5 -6 7 -8 -9 9 -11
leaf_value=0.0071487524704076464 0.019979688095569052 -0.0058312931943157566 -0.082667246288833887 0.0051551308107320301 0.071857965254510894 0.0025055222455312798 -0.05498021627467254 -0.051340481205199427 -0.099488382942222967 -0.092266233426955557
leaf_weight=10.81364740803838 0.46052999235689529 30.071307804435492 3.6590857971459618 63.265810477081686 5.5106378439813843 130.80128529202193 8.0799046438187343 3.5612381524406365 0.51192182139493525 0.4667324204929173
leaf_count=190 22 584 60 1069 88 2482 152 89 18 46
internal_value=-0.000243186 8.69736e-05 0.00596936 0.000353486 0.0289928 -0.00275166 -0.0162404 0.00107835 -0.0589172 -0.096044
internal_weight=257.202 255.763 83.2492 66.9249 16.3243 172.514 38.1512 134.363 1.43918 0.978654
internal_count=4800 4714 1407 1129 278 3307 736 2571 86 64
is_linear=0
shrinkage=0.08


Tree=44
num_leaves=11
num_cat=0
split_feature=4 1 1 4 4 2 4 4 3 2
split_gain=0.692351 0.614614 0.563259 1.40086 3.64624 2.2126 1.19263 2.13111 1.3615 0.00144986
threshold=78.500000000000014 1.0000000180025095e-35 1.0000000180025095e-35 21.500000000000004 24.500000000000004 1.5000000000000002 22.500000000000004 19.500000000000004 1.0000000180025095e-35 1.0000000180025095e-35
decision_type=2 2 2 2 2 2 2 2 2 2
left_child=2 -2 3 5 -5 -1 7 -4 -8 -3
right_child=1 9 6 4 -6 -7 8 -9 -10 -11
leaf_value=0.012372640129488931 0.018250756409764379 -0.097844379013678401 -0.0053833339632925912 -0.078666491714427175 0.0047332159583213639 0.087741788951370719 0.0023016301231382707 -0.052249002508130513 -0.048410843032237423 -0.091466145103979671
leaf_weight=13.458516575396063 0.46368652209639438 0.4801784916780889 29.972021949477494 3.5425328947603694 63.387534531299025 3.0595469567924729 130.98920756950974 7.8325655888766041 3.4781598038971415 0.43446461181156337
leaf_count=236 22 18 584 60 1069 42 2482 152 89 46
internal_value=-0.00023115 -0.0567781 7.36378e-05 0.00546826 0.000318964 0.0263328 -0.0025395 -0.0150932 0.000989891 -0.0948147
internal_weight=257.098 1.37833 255.72 83.4481 66.9301 16.5181 172.272 37.8046 134.467 0.914643
internal_count=4800 86 4714 1407 1129 278 3307 736 2571 64
is_linear=0
shrinkage=0.08


Tree=45
num_leaves=10
num_cat=0
split_feature=4 0 1 0 4 4 4 4 0
split_gain=0.628471 1.18768 0.726897 0.683061 1.18068 0.884216 0.623786 0.40084 5.75843e-05
threshold=77.500000000000014 2.5000000000000004 1.5000000000000002 6.5000000000000009 71.500000000000014 71.500000000000014 35.500000000000007 68.500000000000014 1.5000000000000002
decision_type=2 2 2 2 2 2 2 2 2
left_child=3 -2 -3 5 6 7 -5 -1 -7
right_child=1 2 -4 4 -6 8 -8 -9 -10
leaf_value=-0.003645479486225566 0.058606481115055668 -0.0033129384751636893 -0.11328798094977607 0.009574478928522286 0.053656821498039652 -0.081971336927283645 -0.0027371129124240611 0.021321160659436407 -0.080704956594773253
leaf_weight=141.13022515084594 0.5627792165614659 0.58653291524387863 1.1175210631918162 53.676131600514054 3.0960118360817424 0.49861395359039207 51.713481403887272 4.2391962595283976 0.42625937564298511
leaf_count=3564 37 36 29 488 25 24 497 50 50
internal_value=-0.000219574 -0.0421568 -0.0754347 0.00015355 0.00496377 -0.0034135 0.00353332 -0.00291741 -0.0813877
internal_weight=257.047 2.26683 1.70405 254.78 108.486 146.294 105.39 145.369 0.924873
internal_count=4800 102 65 4698 1010 3688 985 3614 74
is_linear=0
shrinkage=0.08


Tree=46
num_leaves=11
num_cat=0
split_feature=4 1 1 4 4 4 4 0 4 2
split_gain=0.556266 0.541748 0.4724 1.15664 3.20666 1.94104 1.07094 5.91698 3.54152 0.000815754
threshold=78.500000000000014 1.0000000180025095e-35 1.0000000180025095e-35 21.500000000000004 24.500000000000004 16.500000000000004 60.500000000000007 2.5000000000000004 53.500000000000007 1.0000000180025095e-35
decision_type=2 2 2 2 2 2 2 2 2 2
left_child=2 -2 3 5 -5 -1 8 -8 -4 -3
right_child=1 9 6 4 -6 -7 7 -9 -10 -11
leaf_value=0.0041407183606910532 0.015606485092947016 -0.094393736672104434 -0.00078744637855843918 -0.075040668544830338 0.0043692033824610258 0.061639462052556659 0.08445924866936487 -0.015606936985439402 -0.04445845916674139 -0.089336470120882056
leaf_weight=10.968141235411169 0.47255684249102958 0.42757188365794718 141.41727045178413 3.4307184964418402 63.361172594595701 5.715515110641717 5.5687971580773619 11.785723936744033 12.974983505904673 0.39061855035834014
leaf_count=190 22 18 2693 60 1069 88 124 222 268 46
internal_value=-0.000204975 -0.052591 5.99586e-05 0.00499681 0.000290371 0.0238387 -0.00233954 0.0165028 -0.00445752 -0.0919793
internal_weight=256.513 1.29075 255.222 83.4755 66.7919 16.6837 171.747 17.3545 154.392 0.81819
internal_count=4800 86 4714 1407 1129 278 3307 346 2961 64
is_linear=0
shrinkage=0.08


Tree=47
num_leaves=16
num_cat=0
split_feature=4 4 4 1 2 4 0 2 2 0 0 4 0 0 4
split_gain=0.510353 4.22856 2.9185 2.88673 2.15159 1.84307 1.73432 2.03276 1.72711 1.42656 1.31457 0.845868 3.71162 1.78715 0.764311
threshold=35.500000000000007 37.500000000000007 33.500000000000007 1.0000000180025095e-35 1.0000000180025095e-35 36.500000000000007 4.5000000000000009 1.0000000180025095e-35 1.0000000180025095e-35 3.5000000000000004 2.5000000000000004 52.500000000000007 2.5000000000000004 2.5000000000000004 34.500000000000007
decision_type=2 2 2 2 2 2 2 2 2 2 2 2 2 2 2
left_child=2 4 6 14 5 -2 7 -1 -8 -5 -6 13 -13 -3 -4
right_child=1 11 3 9 10 -7 8 -9 -10 -11 -12 12 -14 -15 -16
leaf_value=0.018551191182131509 -0.14221005293408687 -0.013969157665525301 0.14477107513981 0.074751024845157457 -0.083725845649170211 -0.035051313374310125 -0.015130549142749937 -0.020574682316468928 0.015383679383028004 -0.0027590348939358468 -0.0073261182381005995 0.030663161293924657 -0.020135666501063746 0.014529424596185826 0.067599889070512134
leaf_weight=10.951153758913277 2.3284722268581364 19.525188941508532 1.6038844622671595 2.0203120633959752 1.8580905236303804 1.8381359949707983 15.587995350360869 37.94435703754425 49.787756047211587 6.1327870301902294 6.4271890670061111 12.361496056662871 36.052526402752846 50.525597218424082 1.6835313737392426
leaf_count=262 28 478 25 49 44 36 220 889 677 85 100 349 695 834 29
internal_value=-0.000199234 -0.00369517 0.00344145 0.0419651 -0.0480423 -0.094936 -0.000415434 -0.0118116 0.00810796 0.0164477 -0.0244598 0.00096618 -0.00716526 0.00658604 0.105251
internal_weight=256.628 130.917 125.712 11.4405 12.4519 4.16661 114.271 48.8955 65.3758 8.1531 8.28528 118.465 48.414 70.0508 3.28742
internal_count=4800 2564 2236 188 208 64 2048 1151 897 134 144 2356 1044 1312 54
is_linear=0
shrinkage=0.08


Tree=48
num_leaves=11
num_cat=0
split_feature=4 0 1 0 4 4 4 4 4 0
split_gain=0.496229 1.30395 0.812085 0.59871 1.10405 0.862941 0.488377 0.380575 0.0313174 6.60402e-05
threshold=77.500000000000014 1.5000000000000002 1.0000000180025095e-35 6.5000000000000009 71.500000000000014 71.500000000000014 23.500000000000004 45.500000000000007 78.500000000000014 1.5000000000000002
decision_type=2 2 2 2 2 2 2 2 2 2
left_child=3 -2 -3 5 6 7 -5 -1 -4 -7
right_child=1 2 8 4 -6 9 -8 -9 -10 -11
leaf_value=-0.00026234666658489346 0.076491508395091959 0.022572724978289018 -0.1168971047785367 -0.0069001047023342478 0.051798692166132226 -0.082031897190847136 0.0061751766822120422 -0.0095360088185764171 -0.091739340218843751 -0.080647546078815205
leaf_weight=106.35402749106288 0.49491497781127636 0.44191919267177548 0.58441261388361454 23.547203118912876 3.0859345588833085 0.506796277128159 81.769460691139102 38.600859550759196 0.69125708960928023 0.39046404603868723
leaf_count=2551 17 20 8 227 25 24 758 1063 57 50
internal_value=-0.000197501 -0.0379206 -0.0708879 0.000130762 0.00463375 -0.00321602 0.00325174 -0.00273188 -0.103265 -0.0814295
internal_weight=256.467 2.2125 1.71759 254.255 108.403 145.852 105.317 144.955 1.27567 0.89726
internal_count=4800 102 85 4698 1010 3688 985 3614 65 74
is_linear=0
shrinkage=0.08


Tree=49
num_leaves=11
num_cat=0
split_feature=4 1 0 4 4 4 4 2 4 2
split_gain=0.441626 0.469056 0.407621 0.585176 4.56113 2.40282 0.375935 1.65128 1.34393 0.000454666
threshold=78.500000000000014 1.0000000180025095e-35 6.5000000000000009 39.500000000000007 35.500000000000007 41.500000000000007 45.500000000000007 1.0000000180025095e-35 44.500000000000007 1.0000000180025095e-35
decision_type=2 2 2 2 2 2 2 2 2 2
left_child=2 -2 6 4 -4 -5 8 -8 -1 -3
right_child=1 9 3 5 -6 -7 7 -9 -10 -11
leaf_value=-0.0021104624596804669 0.012049581719818249 -0.091779295000538941 0.0079269851327891366 0.078359414516750825 -0.051602233153174318 0.0056764079702763346 0.020295682836502623 -0.018361001483181812 0.043038570918299872 -0.087738852729726743
leaf_weight=101.92692243307829 0.48574425000697263 0.37255928223021328 53.581289087422192 3.1256048008799544 9.7338968832045776 42.388465590775013 9.2152759646996838 30.409521743655205 4.4017058964818707 0.34174564538989216
leaf_count=2456 22 18 488 32 90 402 274 877 95 46
internal_value=-0.0001849 -0.0486018 4.31477e-05 0.00374883 -0.00122487 0.0106678 -0.00271997 -0.00937087 -0.00024142 -0.0898462
internal_weight=255.983 1.20005 254.783 108.829 63.3152 45.5141 145.953 39.6248 106.329 0.714305
internal_count=4800 86 4714 1012 578 434 3702 1151 2551 64
is_linear=0
shrinkage=0.08


Tree=50
num_leaves=15
num_cat=0
split_feature=1 0 4 0 4 4 4 4 4 0 2 3 4 4
split_gain=0.418699 1.10965 2.79547 2.2878 1.45139 4.98984 3.34085 0.990932 1.896 1.63091 1.38755 1.13264 1.26667 0.999909
threshold=1.0000000180025095e-35 1.5000000000000002 3.5000000000000004 1.0000000180025095e-35 35.500000000000007 37.500000000000007 33.500000000000007 22.500000000000004 19.500000000000004 4.5000000000000009 1.5000000000000002 1.0000000180025095e-35 54.500000000000007 53.500000000000007
decision_type=2 2 2 2 2 2 2 2 2 2 2 2 2 2
left_child=1 2 -1 -4 6 -6 -3 8 10 -10 -2 13 -13 -9
right_child=7 4 3 -5 5 -7 -8 11 9 -11 -12 12 -14 -15
leaf_value=0.13610043227520341 -0.011714524399746231 0.012796244811257294 0.0096093821314714896 -0.059201992914379789 -0.084604595428752941 0.0080003519199967812 0.10431698702496914 0.005736755392974041 -0.0044999545698240079 -0.080199129128193297 0.038825587241432348 -0.071463169575839133 0.045948062780419401 -0.010916014949483245
leaf_weight=0.72190580889582534 25.659710023552183 31.769531216472387 6.0007224790751916 6.380006997846067 4.2138761989772311 32.026381962001324 2.7757216952741137 101.19093254953623 3.0496544893831006 4.5229850560426712 4.0214741826057425 2.6117859948426481 0.75894390698522318 29.893521401099861
leaf_count=12 514 475 148 155 48 550 41 1891 83 69 70 70 22 652
internal_value=-0.000174112 0.00445832 -0.0169274 -0.0258503 0.0084169 -0.00276739 0.02015 -0.00243728 -0.0139829 -0.0497135 -0.00486689 0.000761704 -0.0450272 0.00193913
internal_weight=255.597 83.8881 13.1026 12.3807 70.7855 36.2403 34.5453 171.709 37.2538 7.57264 29.6812 134.455 3.37073 131.084
internal_count=4800 1429 315 303 1114 598 516 3371 736 152 584 2635 92 2543
is_linear=0
shrinkage=0.08


Tree=51
num_leaves=8
num_cat=0
split_feature=4 1 4 0 4 4 2
split_gain=0.387862 0.435784 0.393768 0.36362 1.12062 1.08822 0.000330013
threshold=78.500000000000014 1.0000000180025095e-35 76.500000000000014 4.5000000000000009 52.500000000000007 32.500000000000007 1.0000000180025095e-35
decision_type=2 2 2 2 2 2 2
left_child=2 -2 3 5 -5 -1 -3
right_child=1 6 -4 4 -6 -7 -8
leaf_value=-0.012994118021441476 0.010775746718940828 -0.090708953968807626 0.037259766038671149 0.0056989636429682989 -0.012236437114246521 0.0033577103881615518 -0.087125583667030784
leaf_weight=46.342205489054322 0.48721427842974552 0.34449449379462749 1.8060192284174252 119.35710651241243 27.416663323529065 59.478223766665906 0.31478675059042871
leaf_count=1104 22 18 32 1631 423 1524 46
internal_value=-0.000171666 -0.0465982 3.75627e-05 -0.000228572 0.00234871 -0.00380329 -0.088998
internal_weight=255.547 1.1465 254.4 252.594 146.774 105.82 0.659281
internal_count=4800 86 4714 4682 2054 2628 64
is_linear=0
shrinkage=0.08


Tree=52
num_leaves=10
num_cat=0
split_feature=4 0 1 4 4 4 4 4 4
split_gain=0.372325 1.11154 0.717656 0.425612 0.864588 0.369896 3.09577 2.02951 0.0277177
threshold=77.500000000000014 1.5000000000000002 1.0000000180025095e-35 73.500000000000014 76.500000000000014 35.500000000000007 37.500000000000007 33.500000000000007 78.500000000000014
decision_type=2 2 2 2 2 2 2 2 2
left_child=3 -2 -3 5 -5 7 -7 -1 -4
right_child=1 2 8 4 -6 6 -8 -9 -10
leaf_value=-0.00040174577465880299 0.067215627529573885 0.017861487684643244 -0.11429317545785063 -0.0029360807645179483 0.099030714281336266 -0.041577760126734288 0.00085074272983978879 0.03448426478370465 -0.089102031458942521
leaf_weight=113.29382789134979 0.52300683595240061 0.44988111220300186 0.56326641887426354 1.4521739194169634 0.84006502246484149 12.186518063768743 113.62700814101845 11.782515395432709 0.55494935321621597
leaf_count=2048 17 20 8 46 16 208 2192 188 57
internal_value=-0.000160342 -0.0337787 -0.0674634 0.000117322 0.0344329 -0.0001962 -0.00325896 0.00288461 -0.101791
internal_weight=255.273 2.0911 1.5681 253.182 2.29224 250.89 125.814 125.076 1.11822
internal_count=4800 102 85 4698 62 4636 2400 2236 65
is_linear=0
shrinkage=0.08


Tree=53
num_leaves=16
num_cat=0
split_feature=1 4 4 3 0 4 2 4 1 4 4 0 4 4 4
split_gain=0.34755 0.956189 2.83583 1.9373 1.7166 1.39275 1.32859 0.912095 0.892799 4.93274 3.09643 7.14128 2.29326 1.27254 0.796518
threshold=1.0000000180025095e-35 21.500000000000004 24.500000000000004 1.0000000180025095e-35 3.5000000000000004 16.500000000000004 1.0000000180025095e-35 22.500000000000004 1.5000000000000002 50.500000000000007 60.500000000000007 2.5000000000000004 38.500000000000007 53.500000000000007 69.500000000000014
decision_type=2 2 2 2 2 2 2 2 2 2 2 2 2 2 2
left_child=1 4 7 -4 6 -6 -1 -3 9 12 13 -12 -2 -10 -11
right_child=8 2 3 -5 5 -7 -8 -9 10 14 11 -13 -14 -15 -16
leaf_value=-0.084506265314484644 -0.010410431258784068 -0.014363506395648158 0.001531111390418935 0.10009307276880849 0.017997038230812834 0.076962502661074558 0.0068051771782545369 -0.10282948328669686 9.490359340533493e-05 -0.066694903401679037 0.13494159721231605 0.00084082020322258128 0.028077599696830165 -0.031612162919536238 -0.011408213273246559
leaf_weight=1.3295859917998338 32.525974060408771 1.1363109946250909 62.494466078467667 1.3029267503879953 7.0103163663297874 4.0416639614850283 4.3771682865917683 2.1707885749638081 91.793219979852438 9.5448250193148834 3.5806767677422604 8.7574504975927976 14.248058062046765 8.8851429726928455 2.020868628867901
leaf_count=27 771 21 1060 31 107 55 89 39 1537 274 82 149 324 161 73
internal_value=-0.00015131 0.00406862 -0.000200323 0.00354403 0.0211621 0.0395605 -0.014469 -0.0724328 -0.00221658 -0.0102538 0.00193227 0.0397585 0.00131359 -0.00270333 -0.0570347
internal_weight=255.219 83.8632 67.1045 63.7974 16.7587 11.052 5.70675 3.3071 171.356 58.3397 113.016 12.3381 46.774 100.678 11.5657
internal_count=4800 1429 1151 1091 278 162 116 60 3371 1442 1929 231 1095 1698 347
is_linear=0
shrinkage=0.08


Tree=54
num_leaves=12
num_cat=0
split_feature=4 0 1 0 4 4 4 4 0 4 0
split_gain=0.36851 0.830947 0.666669 0.430655 0.955135 1.89635 0.852802 0.838536 0.357044 0.0206875 6.95602e-05
threshold=77.500000000000014 1.5000000000000002 1.0000000180025095e-35 6.5000000000000009 63.500000000000007 65.500000000000014 61.500000000000007 71.500000000000014 5.5000000000000009 78.500000000000014 1.5000000000000002
decision_type=2 2 2 2 2 2 2 2 2 2 2
left_child=3 -2 -3 7 6 -6 -5 8 -1 -4 -9
right_child=1 2 9 4 5 -7 -8 10 -10 -11 -12
leaf_value=-0.00075133176020615252 0.046177172568242456 0.016203309943495916 -0.11072881572549324 0.0028150082852778308 0.095252889557375445 0.0080943125022670676 -0.048494718917100971 -0.082064770689586716 -0.012750634550920577 -0.088364604702127938 -0.080610267046619499
leaf_weight=125.92180255055428 0.60053677111864034 0.45271046366542567 0.54078369680792071 97.348473252728581 2.1165437977761012 6.5164959467947483 2.1182515677064648 0.49501742422580619 18.159165546298027 0.51854824798647314 0.36603145860135555
leaf_count=3088 17 20 8 903 23 61 23 24 526 57 50
internal_value=-0.00016166 -0.0334355 -0.0650552 0.000116135 0.00393772 0.0294628 0.00172231 -0.00273405 -0.00226366 -0.0997814 -0.0814465
internal_weight=255.154 2.11258 1.51204 253.042 108.1 8.63304 99.4667 144.942 144.081 1.05933 0.861049
internal_count=4800 102 85 4698 1010 84 926 3688 3614 65 74
is_linear=0
shrinkage=0.08


Tree=55
num_leaves=9
num_cat=0
split_feature=4 4 1 0 4 4 4 0
split_gain=0.331357 2.16671 1.58049 1.66707 0.48178 4.05829 2.60625 0.020623
threshold=1.5000000000000002 2.5000000000000004 1.5000000000000002 3.5000000000000004 7.5000000000000009 6.5000000000000009 9.5000000000000018 6.5000000000000009
decision_type=2 2 2 2 2 2 2 2
left_child=2 -2 3 -1 5 -3 -6 -4
right_child=1 4 7 -5 6 -7 -8 -9
leaf_value=-0.0063971733281191273 -0.11138235337653613 -0.016824799769253412 -0.030156632013877409 0.091108662777114255 -0.080573808875307795 0.12672974002444951 0.00012083284310265083 -0.018043300512305058
leaf_weight=2.0365435667335969 1.1263531949371088 4.7329952586442223 1.5100179575383665 2.4995414707809687 2.5896456809714428 1.7177692390978334 236.29615187528543 2.2248201984912157
leaf_count=39 24 92 43 41 49 28 4468 16
internal_value=-0.000151055 -0.000679617 0.0155994 0.047332 -0.000171375 0.0214022 -0.000753939 -0.0229408
internal_weight=254.734 246.463 8.27092 4.53609 245.337 6.45076 238.886 3.73484
internal_count=4800 4661 139 80 4637 120 4517 59
is_linear=0
shrinkage=0.08


Tree=56
num_leaves=11
num_cat=0
split_feature=4 0 1 0 4 4 2 4 4 4
split_gain=0.321003 0.729113 0.621686 0.386211 0.821075 3.15047 1.64127 0.820243 0.945374 0.0157061
threshold=77.500000000000014 1.5000000000000002 1.0000000180025095e-35 4.5000000000000009 32.500000000000007 35.500000000000007 1.0000000180025095e-35 73.500000000000014 52.500000000000007 78.500000000000014
decision_type=2 2 2 2 2 2 2 2 2 2
left_child=3 -2 -3 4 6 -6 -1 8 -5 -4
right_child=1 2 9 7 5 -7 -8 -9 -10 -11
leaf_value=0.01622291914928788 0.040785304297720176 0.014814679918404574 -0.10782990254119812 0.0050869168005203734 0.053021675537651691 -0.004097576366480362 -0.01994819535774621 0.055176921493744681 -0.011771974760590203 -0.087711253636248751
leaf_weight=10.407112298533319 0.62431771401315872 0.45513104088604428 0.51211846806108952 119.33999955374748 6.9965977668762198 52.9514697836712 35.127302413806319 1.8861738611012686 25.909163751639426 0.48215386515948921
leaf_count=251 17 20 8 1631 151 1383 853 28 401 57
internal_value=-0.000145495 -0.0314924 -0.0626253 0.000111829 -0.00358253 0.00256887 -0.0116811 0.00276034 0.00207967 -0.0980737
internal_weight=254.692 2.07372 1.4494 252.618 105.482 59.9481 45.5344 147.135 145.249 0.994272
internal_count=4800 102 85 4698 2638 1534 1104 2060 2032 65
is_linear=0
shrinkage=0.08


Tree=57
num_leaves=16
num_cat=0
split_feature=0 4 4 4 4 1 4 0 4 4 4 4 0 4 4
split_gain=0.315725 0.598323 3.48285 2.43299 0.603463 1.6131 1.12954 0.576426 0.797385 2.73912 1.66999 0.36561 1.49241 1.01129 0.0539581
threshold=7.5000000000000009 28.500000000000004 23.500000000000004 6.5000000000000009 40.500000000000007 1.0000000180025095e-35 32.500000000000007 6.5000000000000009 30.500000000000004 35.500000000000007 18.500000000000004 45.500000000000007 1.0000000180025095e-35 44.500000000000007 26.500000000000004
decision_type=2 2 2 2 2 2 2 2 2 2 2 2 2 2 2
left_child=7 2 3 -2 6 -6 -3 11 10 -10 -9 13 -13 -1 -4
right_child=1 4 14 -5 5 -7 -8 8 9 -11 -12 12 -14 -15 -16
leaf_value=-0.0015832486592558524 0.03311246290212419 -0.0084798246775435113 0.066927194384174979 -0.085651148873998703 -0.056474013523252965 0.016084286275305712 -0.082761646493523897 0.018864146770056631 0.05312711826970426 0.0039940089015559474 -0.017979765705678798 -0.045364908027529252 -0.0022811907527950661 0.036673057054791063 0.08868812972857093
leaf_weight=101.26085083186626 1.9259874597191835 3.0804922841489306 1.5710166171193125 2.5865443469956517 2.8356912117451412 6.3569310018792748 2.2796803750097752 12.765703417360781 8.6516325473785383 45.203201313503087 20.544410567730665 6.0866613434627643 33.283205690095201 4.6242851726710787 1.3610528036952017
leaf_count=2456 32 52 29 76 66 159 72 82 53 270 120 170 1046 95 22
internal_value=-0.00014061 -0.00930118 0.00914578 -0.0349618 -0.0187379 -0.00629811 -0.0400719 0.000726392 0.00586943 0.0118871 -0.00385978 -0.00235985 -0.00894202 8.75058e-05 0.0770285
internal_weight=254.417 21.9974 7.4446 4.51253 14.5528 9.19262 5.36017 232.42 87.1649 53.8548 33.3101 145.255 39.3699 105.885 2.93207
internal_count=4800 508 159 108 349 225 124 4292 525 323 202 3767 1216 2551 51
is_linear=0
shrinkage=0.08


Tree=58
num_leaves=16
num_cat=0
split_feature=1 4 4 2 0 3 0 4 4 4 4 2 3 4 4
split_gain=0.295454 0.816544 2.40743 1.66961 1.75228 1.52297 0.892556 0.818029 0.755268 1.60898 1.55286 1.199 0.934161 1.35983 0.692448
threshold=1.0000000180025095e-35 21.500000000000004 24.500000000000004 1.5000000000000002 3.5000000000000004 1.0000000180025095e-35 5.5000000000000009 22.500000000000004 22.500000000000004 19.500000000000004 20.500000000000004 1.5000000000000002 1.0000000180025095e-35 55.500000000000007 41.500000000000007
decision_type=2 2 2 2 2 2 2 2 2 2 2 2 2 2 2
left_child=1 3 7 4 -1 -4 -5 -3 9 11 -11 -2 14 -14 -10
right_child=8 2 5 6 -6 -7 -8 -9 12 10 -12 -13 13 -15 -16
leaf_value=-0.032538398562787105 -0.010330376178638632 -0.012388312223369918 0.0013747296145570334 0.11344886693386555 0.028326253070120683 0.085375592361960406 0.029566800957257229 -0.096933675224708624 0.00754710259737761 -0.096750824930458959 -0.01917958097427715 0.036667945235239856 -0.068455715267849562 0.057625415712782284 -0.0041004481460308884
leaf_weight=4.645525015890601 25.095285379327837 1.1224928535521024 62.159785091411322 1.6076329499483102 8.6905634477734548 1.412741714157163 1.6401006877422331 2.1077749878168106 66.035896208137274 2.5119525976479045 4.8222937136888504 4.0322465747594824 2.5661108288913961 0.69595448847394425 64.643614917760715
leaf_count=101 514 21 1060 27 135 31 15 39 1216 51 101 70 73 19 1327
internal_value=-0.000139583 0.00376243 -0.000181933 0.0196511 0.00712451 0.00324144 0.0710885 -0.0675548 -0.00204903 -0.012257 -0.0457474 -0.0038242 0.000729808 -0.0415566 0.00178537
internal_weight=253.79 83.3866 66.8028 16.5838 13.3361 63.5725 3.24773 3.23027 170.403 36.4618 7.33425 29.1275 133.942 3.26207 130.68
internal_count=4800 1429 1151 278 236 1091 42 60 3371 736 152 584 2635 92 2543
is_linear=0
shrinkage=0.08


Tree=59
num_leaves=15
num_cat=0
split_feature=0 4 4 4 4 0 4 4 2 0 4 4 4 2
split_gain=0.286653 0.529402 2.81802 2.20208 0.557711 0.507921 0.715471 2.51157 0.460446 0.340382 1.4499 0.798603 0.0364635 0.00646253
threshold=7.5000000000000009 23.500000000000004 28.500000000000004 6.5000000000000009 40.500000000000007 6.5000000000000009 39.500000000000007 35.500000000000007 1.0000000180025095e-35 5.5000000000000009 20.500000000000004 46.500000000000007 26.500000000000004 1.5000000000000002
decision_type=2 2 2 2 2 2 2 2 2 2 2 2 2 2
left_child=5 3 12 -2 -4 9 7 -7 -8 11 -11 -1 -3 -5
right_child=1 2 4 13 -6 6 8 -9 -10 10 -12 -13 -14 -15
leaf_value=0.0029326509402313791 0.028536977941691695 0.058006093941855033 -0.038608992996200443 -0.081883628500440064 -0.0057774081444338697 0.0074452830501424471 0.0299121944925691 -0.039996352999770626 0.0089618180227793894 -0.081797573156445771 -0.0050804672833998929 -0.011689544777319238 0.075310239711133986 -0.090331416074739559
leaf_weight=94.936669614166021 1.9872137978673006 1.6635322123765974 5.1940960828214875 1.4201015774160626 9.1353450287133438 41.815944489091635 8.8635190865024907 8.612764395773409 27.683425464201719 1.7448646193370247 16.353740614606068 31.949671542388387 1.4663314148783682 0.9791651815176009
leaf_count=2234 32 29 124 66 225 255 54 49 167 86 459 988 22 10
internal_value=-0.000138743 -0.00889948 -0.00265719 -0.0337454 -0.0176781 0.000686333 0.00551963 -0.000657316 0.0140428 -0.00221314 -0.0124767 -0.000749182 0.066113 -0.0853313
internal_weight=253.806 21.8458 17.4593 4.38648 14.3294 231.961 86.9757 50.4287 36.5469 144.985 18.0986 126.886 3.12986 2.39927
internal_count=4800 508 400 108 349 4292 525 304 221 3767 545 3222 51 76
is_linear=0
shrinkage=0.08


Tree=60
num_leaves=8
num_cat=0
split_feature=4 1 4 4 4 4 2
split_gain=0.285677 0.328968 0.282858 0.237426 2.54621 1.30174 0.000146187
threshold=78.500000000000014 1.0000000180025095e-35 76.500000000000014 35.500000000000007 37.500000000000007 33.500000000000007 1.0000000180025095e-35
decision_type=2 2 2 2 2 2 2
left_child=2 -2 3 5 -5 -1 -3
right_child=1 6 -4 4 -6 -7 -8
leaf_value=-0.00039071203089390309 0.0043654241673155413 -0.087701709522655824 0.031593625048325233 -0.037824495724726299 0.0010363030334419685 0.027294618129056789 -0.085032255062369319
leaf_weight=112.31992837786674 0.49660761561244615 0.2735356620978564 1.8047565114684392 11.917756700888274 114.10442110802978 12.033961577340959 0.25248315872158855
leaf_count=2048 22 18 32 208 2238 188 46
internal_value=-0.000135191 -0.042333 3.59268e-05 -0.000191547 -0.00263871 0.00228845 -0.0864204
internal_weight=253.203 1.02263 252.181 250.376 126.022 124.354 0.526019
internal_count=4800 86 4714 4682 2446 2236 64
is_linear=0
shrinkage=0.08


Tree=61
num_leaves=11
num_cat=0
split_feature=4 0 1 4 2 4 2 4 0 4
split_gain=0.271706 0.681111 0.5771 0.313462 1.98471 1.60503 1.49239 1.06377 0.673525 0.0144564
threshold=77.500000000000014 1.5000000000000002 1.0000000180025095e-35 68.500000000000014 1.5000000000000002 65.500000000000014 1.0000000180025095e-35 60.500000000000007 1.5000000000000002 78.500000000000014
decision_type=2 2 2 2 2 2 2 2 2 2
left_child=3 -2 -3 5 6 7 -5 -1 -7 -4
right_child=1 2 9 4 -6 8 -8 -9 -10 -11
leaf_value=-0.00077297631167401167 0.039321771277439736 0.012929330647285818 -0.10688225446341566 -0.021637418340843841 -0.068898227289215117 0.0099103453340929279 0.051333147443579419 0.025833329540119746 -0.070631462360782091 -0.08673105834402034
leaf_weight=227.3115812856704 0.62995089031755824 0.45063658058643319 0.49590705893933773 2.5746526652947033 1.5629057539626963 0.86105219461023752 5.914319509640336 10.042314952239392 2.9109108746051788 0.42150447447784245
leaf_count=4221 17 20 8 43 21 26 100 217 70 57
internal_value=-0.000126798 -0.0295115 -0.0612075 0.000106943 0.0139487 -0.000470081 0.0292016 0.000352722 -0.0522456 -0.0976238
internal_weight=253.176 1.998 1.36805 251.178 10.0519 241.126 8.48897 237.354 3.77196 0.917412
internal_count=4800 102 85 4698 164 4534 143 4438 96 65
is_linear=0
shrinkage=0.08


Tree=62
num_leaves=15
num_cat=0
split_feature=1 0 0 4 4 4 4 4 4 4 2 2 1 4
split_gain=0.266343 0.78395 2.01595 2.33059 0.984924 3.51764 2.15093 0.72736 4.90826 2.32376 3.95925 2.70385 1.66125 0.571897
threshold=1.0000000180025095e-35 1.5000000000000002 1.0000000180025095e-35 42.500000000000007 35.500000000000007 37.500000000000007 33.500000000000007 60.500000000000007 61.500000000000007 53.500000000000007 1.0000000180025095e-35 1.0000000180025095e-35 1.5000000000000002 12.500000000000002
decision_type=2 2 2 2 2 2 2 2 2 2 2 2 2 2
left_child=1 2 3 -1 6 -6 -3 9 -9 11 -11 -2 -10 -4
right_child=7 4 13 -5 5 -7 -8 8 12 10 -12 -13 -14 -15
leaf_value=-0.013386464176457257 -0.020446411528577704 0.010445561129438943 0.017714175406048149 0.094156195131002263 -0.071779889045251302 0.0066205433425158746 0.082053238254784291 0.15930179974302777 -0.037510166718236808 0.049066536035605277 -0.061860699692316112 0.0054699017761272138 0.017961178518997152 -0.055431294216485648
leaf_weight=4.5249604191631061 34.041574959643185 31.644092509523034 0.77946879342198361 1.8038031775504348 4.1375446487218133 31.910634533502162 2.9335225485265246 1.3620749041438127 4.9428662738064313 2.6389620751142475 9.3748423606157303 105.95765043888241 11.480614698608406 5.5916397040709853
leaf_count=101 653 475 16 53 48 550 41 28 166 58 210 2040 216 145
internal_value=-0.000120418 0.00358401 -0.014715 0.017265 0.00687452 -0.00237812 0.0165207 -0.0019383 0.0133692 -0.00372928 -0.0374943 -0.000831791 0.00126634 -0.0464824
internal_weight=253.124 83.3257 12.6999 6.32876 70.6258 36.0482 34.5776 169.799 17.7856 152.013 12.0138 139.999 16.4235 6.37111
internal_count=4800 1429 315 154 1114 598 516 3371 410 2961 268 2693 382 161
is_linear=0
shrinkage=0.08


Tree=63
num_leaves=15
num_cat=0
split_feature=0 4 4 4 4 0 4 4 4 4 4 4 4 2
split_gain=0.257325 0.476795 2.28406 2.02088 0.500485 0.455972 0.708152 2.06167 1.35982 0.364524 0.424953 0.295256 0.0272855 0.00510932
threshold=7.5000000000000009 23.500000000000004 28.500000000000004 6.5000000000000009 40.500000000000007 6.5000000000000009 30.500000000000004 35.500000000000007 18.500000000000004 71.500000000000014 77.500000000000014 1.5000000000000002 26.500000000000004 1.5000000000000002
decision_type=2 2 2 2 2 2 2 2 2 2 2 2 2 2
left_child=5 3 12 -2 -4 9 8 -8 -7 11 -11 -1 -3 -5
right_child=1 2 4 13 -6 6 7 -9 -10 10 -12 -13 -14 -15
leaf_value=0.018098164311001169 0.025234662391169088 0.05037036701149656 -0.036883539258278968 -0.081744683841195112 -0.0054176103690328449 0.016757632058312124 0.047449206516387989 0.0041799663518425605 -0.01659258350535401 -0.081357808088548408 -0.0023746617073585412 -0.002316166717174327 0.064921066835099475 -0.089519936608388986
leaf_weight=4.687983318231999 2.0365210864692953 1.7515392750501662 5.0214814413338891 1.3170481743291023 9.0939189307391626 12.618216700851915 8.356225945055483 45.002615943551064 20.596731688827276 0.79964715382084139 0.95857933687511832 138.29094631690532 1.5588435791432855 0.9178449511528014
leaf_count=109 32 29 124 66 225 82 53 270 120 74 79 3505 22 10
internal_value=-0.000126386 -0.00845667 -0.00258524 -0.0324099 -0.0166115 0.000655003 0.00524759 0.0109561 -0.00392298 -0.00209203 -0.0382965 -0.00164682 0.0572222 -0.0849379
internal_weight=253.008 21.6972 17.4258 4.27141 14.1154 231.311 86.5738 53.3588 33.2149 144.737 1.75823 142.979 3.31038 2.23489
internal_count=4800 508 400 108 349 4292 525 323 202 3767 153 3614 51 76
is_linear=0
shrinkage=0.08


Tree=64
num_leaves=11
num_cat=0
split_feature=4 0 1 4 2 4 2 4 0 4
split_gain=0.252052 0.593981 0.539864 0.286896 1.71609 1.40054 1.28433 0.909444 0.611514 0.0115652
threshold=77.500000000000014 1.5000000000000002 1.0000000180025095e-35 68.500000000000014 1.5000000000000002 65.500000000000014 1.0000000180025095e-35 63.500000000000007 1.5000000000000002 78.500000000000014
decision_type=2 2 2 2 2 2 2 2 2 2
left_child=3 -2 -3 5 6 7 -5 -1 -7 -4
right_child=1 2 9 4 -6 8 -8 -9 -10 -11
leaf_value=-0.00035897128595821254 0.033515552528988274 0.011296298806120922 -0.10495686826345491 -0.020228988800009354 -0.064930381960531552 0.0091999470432495255 0.047883283913775741 0.036924951950057856 -0.067677896441690935 -0.08639971702824692
leaf_weight=232.5558850215748 0.65796749852597614 0.45243147760629632 0.47240768931806087 2.529403456486758 1.5171283362433321 0.86722426116466467 5.9150813762098551 4.2638654187321654 2.8008673833683133 0.39436858124099672
leaf_count=4348 17 20 8 43 21 26 100 90 70 57
internal_value=-0.000121027 -0.0285725 -0.0595395 0.000103583 0.0134073 -0.000447491 0.0274814 0.000312314 -0.0495021 -0.0965137
internal_weight=252.427 1.97718 1.31921 250.449 9.96161 240.488 8.44448 236.82 3.66809 0.866776
internal_count=4800 102 85 4698 164 4534 143 4438 96 65
is_linear=0
shrinkage=0.08


Tree=65
num_leaves=16
num_cat=0
split_feature=1 4 4 4 0 0 3 4 1 4 4 0 4 4 4
split_gain=0.233495 0.696591 2.05458 1.51221 1.7229 1.40642 1.14685 0.737519 0.660783 4.18462 2.32803 5.08637 1.98733 0.871471 0.866038
threshold=1.0000000180025095e-35 21.500000000000004 24.500000000000004 16.500000000000004 6.5000000000000009 6.5000000000000009 1.0000000180025095e-35 22.500000000000004 1.5000000000000002 50.500000000000007 60.500000000000007 2.5000000000000004 29.500000000000004 2.5000000000000004 63.500000000000007
decision_type=2 2 2 2 2 2 2 2 2 2 2 2 2 2 2
left_child=1 3 7 4 -1 -5 -4 -3 9 12 13 -12 -2 -10 -11
right_child=8 2 6 5 -6 -7 -8 -9 10 14 11 -13 -14 -15 -16
leaf_value=-0.02462776516196143 -0.016532428966539999 -0.010474594044906816 0.0011519802120774168 0.078306853150909933 0.041579084414604665 -0.0058969375140797619 0.071108678115725077 -0.091549319189432612 -0.037835890035485098 -0.071391209025420052 0.10815268697232272 -0.0010067307208347078 0.016624221448958781 -0.00075363203401294812 -0.023679272178972154
leaf_weight=6.6893112752586621 21.286076480522752 1.1032463200390332 61.965915501583368 3.9143426828086367 4.0317220184952021 1.8788489773869512 1.5369824613444496 2.0569490389898419 4.2363561429083338 6.7761450270190817 4.0391734634758896 8.4409769697231223 25.344481378793716 95.283407123759389 3.8003255103249103
leaf_count=148 526 21 1060 72 42 16 31 39 69 214 82 149 569 1629 133
internal_value=-0.000114622 0.00335597 -0.000287896 0.0180652 0.000269799 0.0509979 0.00284517 -0.0632456 -0.00182067 -0.00881578 0.00175228 0.0343225 0.00148876 -0.00233215 -0.0542474
internal_weight=252.384 83.1773 66.6631 16.5142 10.721 5.79319 63.5029 3.1602 169.207 57.207 112 12.4802 46.6306 99.5198 10.5765
internal_count=4800 1429 1151 278 190 88 1091 60 3371 1442 1929 231 1095 1698 347
is_linear=0
shrinkage=0.08


Tree=66
num_leaves=11
num_cat=0
split_feature=4 0 1 0 4 4 4 4 1 4
split_gain=0.254737 0.451628 0.505133 0.284881 0.676742 1.00458 0.596286 0.792311 0.453254 0.00867833
threshold=77.500000000000014 1.5000000000000002 1.0000000180025095e-35 4.5000000000000009 70.500000000000014 58.500000000000007 73.500000000000014 52.500000000000007 1.5000000000000002 78.500000000000014
decision_type=2 2 2 2 2 2 2 2 2 2
left_child=3 -2 -3 4 5 -1 7 -5 -6 -4
right_child=1 2 9 6 8 -7 -8 -9 -10 -11
leaf_value=-0.0047462020045622192 0.022035397442193558 0.010256397371350534 -0.102479213337332 0.0045553356096295931 -0.015973635306114731 0.022425733872979445 0.047622054181525125 -0.011035064933932815 -0.094936721546118916 -0.085883414725514279
leaf_weight=93.238379374146461 0.71842868253588577 0.45428441278636433 0.44868773594498634 118.50751427281648 1.0637215548194934 9.6051437882706505 1.8416865076869715 25.319533314090222 0.82689052866771806 0.36628445982933044
leaf_count=2327 17 20 8 1631 41 249 28 401 21 57
internal_value=-0.000124508 -0.0286508 -0.0573403 0.000101932 -0.00308037 -0.00220846 0.00238997 0.00181078 -0.0505094 -0.0950203
internal_weight=252.391 1.98769 1.26926 250.403 104.734 102.844 145.669 143.827 1.89061 0.814972
internal_count=4800 102 85 4698 2638 2576 2060 2032 62 65
is_linear=0
shrinkage=0.08


Tree=67
num_leaves=10
num_cat=0
split_feature=4 4 1 0 0 4 4 4 0
split_gain=0.234397 1.97445 1.22958 1.09606 0.419013 0.373342 3.62048 2.35785 0.00847939
threshold=1.5000000000000002 2.5000000000000004 1.5000000000000002 3.5000000000000004 6.5000000000000009 7.5000000000000009 6.5000000000000009 9.5000000000000018 6.5000000000000009
decision_type=2 2 2 2 2 2 2 2 2
left_child=2 -2 3 -1 -5 6 -3 -7 -4
right_child=1 5 8 4 -6 7 -8 -9 -10
leaf_value=-0.00422759514074059 -0.11065274835721872 -0.017861295045431918 -0.02629579633647483 0.10825479514113182 0.044221606184856918 -0.079286124001502215 0.11780071522442841 0.00020061072680982618 -0.018391608107162141
leaf_weight=1.9840580560266952 1.0382653027772892 4.629432742483913 1.4125552559271457 1.2434346154332163 1.3797681331634519 2.4130242383107534 1.729312155395746 234.07236441556597 2.2557361163198948
leaf_count=39 24 92 43 27 14 49 28 4468 16
internal_value=-0.000117457 -0.000566758 0.0131236 0.0406392 0.0745742 -9.6092e-05 0.0190331 -0.000610447 -0.0214353
internal_weight=252.158 243.882 8.27555 4.60726 2.6232 242.844 6.35874 236.485 3.66829
internal_count=4800 4661 139 80 41 4637 120 4517 59
is_linear=0
shrinkage=0.08


Tree=68
num_leaves=15
num_cat=0
split_feature=0 2 4 1 4 4 0 4 4 2 4 1 0 4
split_gain=0.2272 0.457545 1.09878 0.704689 1.97457 1.0627 0.409577 0.644018 1.72055 0.473434 0.390733 0.372427 0.293773 0.020554
threshold=7.5000000000000009 1.5000000000000002 27.500000000000004 1.0000000180025095e-35 49.500000000000007 44.500000000000007 6.5000000000000009 39.500000000000007 35.500000000000007 1.0000000180025095e-35 71.500000000000014 1.5000000000000002 5.5000000000000009 40.500000000000007
decision_type=2 2 2 2 2 2 2 2 2 2 2 2 2 2
left_child=6 3 -3 5 -5 -2 10 8 -8 -9 12 -12 -1 -4
right_child=1 2 13 4 -6 -7 7 9 -10 -11 11 -13 -14 -15
leaf_value=-0.00015317618241548337 -0.010385275332677045 0.057701174498825662 -0.028730228602184826 -0.021657428834769756 0.054562976885845139 -0.084869169566677199 0.0059316221509687159 0.029434077895234622 -0.033121584487686977 0.0079811655546297607 -0.081207213680654144 -0.0071333543295294937 -0.011148836881710991 -0.013961911812081009
leaf_weight=124.92006898671389 3.2561208829283776 2.0610879845917216 1.2810754086822274 8.9566781371831876 2.8730122877750537 1.9662171117961404 41.380424115806818 8.6659682001918537 8.7458802498877031 27.39912174269557 0.76912847574567311 0.99815576686523855 17.761725048534572 1.1397140705958007
leaf_count=3088 86 17 15 229 81 46 255 54 49 167 90 63 526 34
internal_value=-0.000114625 -0.00797331 0.0147726 -0.0139517 -0.0031462 -0.0384286 0.000619106 0.00498341 -0.000882259 0.013136 -0.00198503 -0.0393706 -0.00152197 -0.0217773
internal_weight=252.174 21.5339 4.48188 17.052 11.8297 5.22234 230.64 86.1914 50.1263 36.0651 144.449 1.76728 142.682 2.42079
internal_count=4800 508 66 442 310 132 4292 525 304 221 3767 153 3614 49
is_linear=0
shrinkage=0.08


Tree=69
num_leaves=11
num_cat=0
split_feature=4 0 1 0 4 4 2 4 4 4
split_gain=0.214199 0.428014 0.492298 0.235005 0.631168 2.14416 1.57163 0.486156 0.742909 0.00724767
threshold=77.500000000000014 1.5000000000000002 1.0000000180025095e-35 4.5000000000000009 32.500000000000007 35.500000000000007 1.0000000180025095e-35 73.500000000000014 52.500000000000007 78.500000000000014
decision_type=2 2 2 2 2 2 2 2 2 2
left_child=3 -2 -3 4 6 -6 -1 8 -5 -4
right_child=1 2 9 7 5 -7 -8 -9 -10 -11
leaf_value=0.017410451559279169 0.022301201262971013 0.012263346689165304 -0.10116530098251859 0.0043099388549330663 0.042390373800115198 -0.0031923701865254317 -0.018253069466329312 0.043144953112771924 -0.010814847646268446 -0.08556486718790314
leaf_weight=10.283669147640465 0.71541609615087409 0.43480536527931668 0.42635950678959489 118.25082742422819 7.5587680526077738 52.311495453584939 34.237134030088782 1.8302142056636501 25.216595260426402 0.34466509369667619
leaf_count=251 17 20 8 1631 151 1383 853 28 401 57
internal_value=-0.000110888 -0.0267208 -0.0558054 9.38632e-05 -0.00280166 0.00256256 -0.0100153 0.00217419 0.00165153 -0.0941916
internal_weight=251.61 1.92125 1.20583 249.689 104.391 59.8703 44.5208 145.298 143.467 0.771025
internal_count=4800 102 85 4698 2638 1534 1104 2060 2032 65
is_linear=0
shrinkage=0.08


Tree=70
num_leaves=15
num_cat=0
split_feature=0 4 4 4 4 0 4 4 4 4 2 4 4 2
split_gain=0.206556 0.495449 1.90141 1.89523 0.463255 0.324715 0.649472 1.69105 1.14085 0.362474 2.66955 1.08428 0.0205582 0.00555905
threshold=7.5000000000000009 23.500000000000004 28.500000000000004 6.5000000000000009 40.500000000000007 6.5000000000000009 30.500000000000004 32.500000000000007 18.500000000000004 27.500000000000004 1.5000000000000002 28.500000000000004 26.500000000000004 1.5000000000000002
decision_type=2 2 2 2 2 2 2 2 2 2 2 2 2 2
left_child=5 3 12 -2 -4 9 8 -8 -7 10 -1 -11 -3 -5
right_child=1 2 4 13 -6 6 7 -9 -10 11 -12 -13 -14 -15
leaf_value=-0.0042283492965731187 0.022341671629018216 0.045822363289251031 -0.034831225836368697 -0.081596914454434621 -0.0040955209301379789 0.01481175588773289 0.068194359119988321 0.0064661515549664615 -0.015855874717559965 -0.054267561995986632 0.048840149636962087 -0.0030446267617327627 0.058228839827054422 -0.08983579179876712
leaf_weight=38.323294021189213 2.0655679032206562 1.8056367635726958 4.8342074733227482 1.2022724514827134 8.9468725735787284 12.449991159141062 3.0117715373635283 49.895518333651125 20.622990500181913 2.7199254166334859 7.2075314857065669 95.754589786578435 1.6232887580990789 0.92924608290195454
leaf_count=1010 32 29 124 66 225 82 21 302 120 66 163 2528 22 10
internal_value=-0.000107144 -0.00762344 -0.00161317 -0.0322683 -0.0148772 0.000592474 0.00448275 0.00998006 -0.00431135 -0.00173027 0.0041724 -0.00445944 0.0516957 -0.0851887
internal_weight=251.393 21.4071 17.21 4.19709 13.7811 229.986 85.9803 52.9073 33.073 144.005 45.5308 98.4745 3.42893 2.13152
internal_count=4800 508 400 108 349 4292 525 323 202 3767 1173 2594 51 76
is_linear=0
shrinkage=0.08


Tree=71
num_leaves=15
num_cat=0
split_feature=1 0 4 0 2 4 0 4 4 0 2 3 4 0
split_gain=0.205826 0.613949 2.2741 1.8996 0.925342 3.03931 2.47465 0.56615 1.32298 1.47021 0.8419 0.809593 1.19613 0.633095
threshold=1.0000000180025095e-35 1.5000000000000002 3.5000000000000004 1.0000000180025095e-35 1.0000000180025095e-35 70.500000000000014 7.5000000000000009 22.500000000000004 19.500000000000004 4.5000000000000009 1.5000000000000002 1.0000000180025095e-35 55.500000000000007 1.0000000180025095e-35
decision_type=2 2 2 2 2 2 2 2 2 2 2 2 2 2
left_child=1 2 -1 -4 6 -6 -3 8 10 -10 -2 13 -13 -9
right_child=7 4 3 -5 5 -7 -8 11 9 -11 -12 12 -14 -15
leaf_value=0.1190907544472224 -0.0086922719283620206 0.031001681029044634 0.009178564135296453 -0.055429713937679932 -0.0022368170522775199 0.11905548949858345 -0.083828213063252832 -0.016061036003930211 0.0035814329364430679 -0.071235414550842938 0.030199609010512912 -0.065515225179584025 0.053815325468705273 0.003431942973293349
leaf_weight=0.77933937683701415 24.4043955327943 15.781515509355813 6.0240303250029665 5.6386918546631932 51.804751306772232 1.3568009766750027 1.3000596761703498 11.725038574077187 2.7752076964825383 4.2632750039920211 4.1710719782859078 2.4573601363226767 0.68813652760582034 117.75930212874664
leaf_count=12 514 236 148 155 811 30 37 297 83 69 70 73 19 2246
internal_value=-0.000105908 0.00316238 -0.013217 -0.0220582 0.00606363 0.000858832 0.0222621 -0.00171214 -0.0106678 -0.0417358 -0.00301535 0.00069264 -0.0394094 0.00166682
internal_weight=250.929 82.6852 12.4421 11.6627 70.2431 53.1616 17.0816 168.244 35.614 7.03848 28.5755 132.63 3.1455 129.484
internal_count=4800 1429 315 303 1114 841 273 3371 736 152 584 2635 92 2543
is_linear=0
shrinkage=0.08


Tree=72
num_leaves=12
num_cat=0
split_feature=4 0 1 0 4 4 2 4 4 4 4
split_gain=0.198607 0.404371 0.432823 0.167956 0.582314 1.74014 1.35581 0.449651 2.48479 1.57081 0.00569045
threshold=77.500000000000014 1.5000000000000002 1.0000000180025095e-35 4.5000000000000009 32.500000000000007 35.500000000000007 1.0000000180025095e-35 52.500000000000007 49.500000000000007 63.500000000000007 78.500000000000014
decision_type=2 2 2 2 2 2 2 2 2 2 2
left_child=3 -2 -3 4 6 -6 -1 8 -5 -9 -4
right_child=1 2 10 7 5 -7 -8 9 -10 -11 -12
leaf_value=0.015860662935612509 0.021204212534389262 0.0069187767125232016 -0.09945213373191672 0.0015143040237433616 0.037966018599483377 -0.002516615865147862 -0.01714210865607475 -0.022827848701212274 0.058695382889821172 0.016911178934034727 -0.085185879772120887
leaf_weight=10.435001047328113 0.72168316785246034 0.44789407867938258 0.40279524400830269 112.92475307919085 7.8194288797676554 51.899013722315431 33.679721765220165 16.494907866232101 5.0825828164815894 10.367065196391193 0.32197559508495033
leaf_count=251 17 20 8 1556 151 1383 853 271 75 158 57
internal_value=-0.000105968 -0.0259113 -0.0549072 9.05897e-05 -0.00236507 0.00278411 -0.00933555 0.00185065 0.0039771 -0.00749103 -0.0931144
internal_weight=250.597 1.89435 1.17266 248.702 103.833 59.7184 44.1147 144.869 118.007 26.862 0.724771
internal_count=4800 102 85 4698 2638 1534 1104 2060 1631 429 65
is_linear=0
shrinkage=0.08


Tree=73
num_leaves=14
num_cat=0
split_feature=0 4 4 4 2 4 4 4 4 0 1 4 2
split_gain=0.181561 0.421037 1.74136 1.57036 0.512338 0.294947 4.5405 2.00164 1.07433 0.887138 0.747144 0.0157911 0.00429661
threshold=7.5000000000000009 23.500000000000004 6.5000000000000009 28.500000000000004 1.0000000180025095e-35 6.5000000000000009 7.5000000000000009 9.5000000000000018 1.5000000000000002 1.5000000000000002 1.5000000000000002 26.500000000000004 1.5000000000000002
decision_type=2 2 2 2 2 2 2 2 2 2 2 2 2
left_child=5 2 -2 11 -5 8 -7 -8 9 -1 -10 -3 -4
right_child=1 3 12 4 -6 6 7 -9 10 -11 -12 -13 -14
leaf_value=0.059099071954230226 0.020265055578184778 0.040404362920512464 -0.081452796962933241 0.013417902500572374 -0.022844866340855089 0.13852453454901703 -0.076192929717764146 0.0010246335748393992 -0.070184314689867078 -0.0077009981936978621 -0.0065056054105433201 0.05104911482264228 -0.089014466506389084
leaf_weight=1.6640586946159581 2.0936902388930347 1.8772707395255592 1.0899697560817001 3.285888462327418 10.34057053970173 1.5305819492787112 2.170314726419746 213.69479076890275 2.5871423184871674 5.4057820942252874 2.1668959874659777 1.6992326639592648 0.86065588518977154
leaf_count=34 32 29 66 85 264 24 42 4003 63 89 37 22 10
internal_value=-0.0001032 -0.00717777 -0.0304039 -0.00171743 -0.0141005 0.000552571 0.00122182 0.000248286 -0.0117524 0.00802202 -0.0411595 0.0454618 -0.0847892
internal_weight=250.467 21.2473 4.04432 17.203 13.6265 229.22 217.396 215.865 11.8239 7.06984 4.75404 3.5765 1.95063
internal_count=4800 508 108 400 349 4292 4069 4045 223 123 100 51 76
is_linear=0
shrinkage=0.08


Tree=74
num_leaves=14
num_cat=0
split_feature=4 4 2 2 1 4 2 0 0 1 4 4 0
split_gain=0.181688 1.16288 1.55433 1.76173 1.38742 0.666537 4.80053 2.79894 0.503373 0.693602 0.496426 3.12014 1.80896
threshold=65.500000000000014 68.500000000000014 1.5000000000000002 1.0000000180025095e-35 1.0000000180025095e-35 63.500000000000007 1.0000000180025095e-35 6.5000000000000009 1.5000000000000002 1.0000000180025095e-35 61.500000000000007 60.500000000000007 2.5000000000000004
decision_type=2 2 2 2 2 2 2 2 2 2 2 2 2
left_child=5 8 3 -3 -4 10 -7 -8 -2 -10 11 -1 -12
right_child=1 2 4 -5 -6 6 7 -9 9 -11 12 -13 -14
leaf_value=-0.00044178987442946362 0.0030134999158221948 -0.030347298457313099 -0.13720189513470449 0.03998865770452896 0.0085569216785272104 0.18603899488599399 -0.083189758506128281 0.062460591289118413 -0.014498249042536812 -0.097335515062276598 0.06075574217334103 0.10902338158749522 -0.058077784211512523
leaf_weight=224.71013845410198 0.92595882527530138 3.487619176274162 0.87537952000275321 6.5772146905073896 0.79981172323459759 0.99301779456436534 1.7773764766752722 1.6086458023637531 1.055729515850544 1.6705216094851494 1.1077940613031376 1.6789388693869103 3.1540753319859505
leaf_count=4221 26 74 12 152 28 21 52 17 17 53 29 36 62
internal_value=-0.000103637 -0.00852395 0.00374057 0.0156162 -0.0676101 0.000447813 0.031367 -0.0139936 -0.0479482 -0.0652571 -0.000139206 0.000370022 -0.0271892
internal_weight=250.422 15.3922 11.74 10.0648 1.67519 235.03 4.37904 3.38602 3.65221 2.72625 230.651 226.389 4.26187
internal_count=4800 362 266 226 40 4438 90 69 96 70 4348 4257 91
is_linear=0
shrinkage=0.08


Tree=75
num_leaves=14
num_cat=0
split_feature=1 4 4 3 3 0 1 4 2 4 0 4 4
split_gain=0.18527 0.597623 2.30792 1.99024 1.78441 0.864905 0.531856 3.81729 1.87485 1.84709 3.59356 0.842741 0.77241
threshold=1.0000000180025095e-35 29.500000000000004 30.500000000000004 1.0000000180025095e-35 1.0000000180025095e-35 2.5000000000000004 1.5000000000000002 50.500000000000007 1.0000000180025095e-35 60.500000000000007 2.5000000000000004 63.500000000000007 53.500000000000007
decision_type=2 2 2 2 2 2 2 2 2 2 2 2 2
left_child=1 4 -3 -4 5 -1 7 8 -2 12 -11 -9 -8
right_child=6 2 3 -5 -6 -7 9 11 -10 10 -12 -13 -14
leaf_value=-0.0093207499935890788 -0.026788028693434485 -0.091530537130111819 -0.0016272748159558773 0.098526716700089986 -0.068780610215338725 0.024012996608981724 5.2996484834622874e-05 -0.070401642245062568 0.010779199794739205 0.088066283710923024 -0.0010228115957382133 -0.022433498852353139 -0.025148442601143368
leaf_weight=6.4134454578161302 11.204038267955182 1.7876335084438313 48.916082340758294 1.3036816092208017 1.6581038963049639 22.315860782749951 90.291723526082933 6.332830620929597 35.255999164655805 4.4669072881806633 8.2487015905790013 3.7215741103282198 8.5178144685924035
leaf_count=152 276 33 877 25 25 317 1537 214 819 82 149 133 161
internal_value=-0.000106368 0.00300106 -0.00220691 0.000972676 0.0119144 0.0165717 -0.00163003 -0.00795252 0.0017197 0.00157384 0.0302736 -0.0526465 -0.00211948
internal_weight=250.434 82.3948 52.0074 50.2198 30.3874 28.7293 168.04 56.5144 46.46 111.525 12.7156 10.0544 98.8095
internal_count=4800 1429 935 902 494 469 3371 1442 1095 1929 231 347 1698
is_linear=0
shrinkage=0.08


Tree=76
num_leaves=14
num_cat=0
split_feature=4 4 2 2 0 4 2 0 0 1 4 4 0
split_gain=0.197727 1.01203 1.30322 1.44848 1.08183 0.514618 3.41285 2.5507 0.421961 0.688767 0.421802 2.45263 1.43631
threshold=65.500000000000014 68.500000000000014 1.5000000000000002 1.0000000180025095e-35 5.5000000000000009 63.500000000000007 1.0000000180025095e-35 6.5000000000000009 1.5000000000000002 1.0000000180025095e-35 61.500000000000007 60.500000000000007 2.5000000000000004
decision_type=2 2 2 2 2 2 2 2 2 2 2 2 2
left_child=5 8 3 -3 -4 10 -7 -8 -2 -10 11 -1 -12
right_child=1 2 4 -5 -6 6 7 -9 9 -11 12 -13 -14
leaf_value=-0.00032716586119992314 -0.0011325904894159964 -0.028830519335204779 0.00047971380134828243 0.034791445545088388 -0.12703889956723327 0.14644170052943709 -0.083070402359602794 0.058510896773214159 -0.013185518099676876 -0.096941031230404373 0.049417540885312236 0.093664417823553864 -0.053816101837959644
leaf_weight=224.3581124600023 0.96935419924557154 3.4707640955457428 0.86296788847539641 6.7332948367111385 0.84047474013641477 1.1439203917980183 1.673330929130316 1.5865096151828764 1.0574617721140387 1.5486546941101549 1.1976410467177618 1.7909639682620753 3.0828496646136045
leaf_count=4221 26 74 25 152 15 21 52 17 17 53 29 36 62
internal_value=-0.000113316 -0.00886982 0.00233786 0.0131513 -0.0624377 0.000464015 0.0275541 -0.0141652 -0.0461951 -0.0629563 -5.37049e-05 0.000417191 -0.0249323
internal_weight=250.316 15.483 11.9075 10.2041 1.70344 234.833 4.40376 3.25984 3.57547 2.60612 230.43 226.149 4.28049
internal_count=4800 362 266 226 40 4438 90 69 96 70 4348 4257 91
is_linear=0
shrinkage=0.08


Tree=77
num_leaves=12
num_cat=0
split_feature=4 0 0 4 0 4 4 1 2 4 4
split_gain=0.192885 0.340969 1.3282 0.440246 0.182319 0.687322 0.783907 0.474437 0.4383 4.0084 2.4553
threshold=77.500000000000014 1.0000000180025095e-35 1.5000000000000002 85.500000000000014 4.5000000000000009 70.500000000000014 69.500000000000014 1.5000000000000002 1.0000000180025095e-35 47.500000000000007 70.500000000000014
decision_type=2 2 2 2 2 2 2 2 2 2 2
left_child=4 -2 -3 -4 5 6 -1 -7 9 -6 -10
right_child=1 2 3 -5 8 7 -8 -9 10 -11 -12
leaf_value=-0.0024595050194282445 -0.089862458926676714 0.12389389379385592 -0.090461258671922562 0.012503566989759404 -0.021113511745210513 -0.014353086543895607 0.055216229363801585 -0.095310406596964339 0.002523548576036685 0.041996352145593011 0.080371159822028221
leaf_weight=100.43386663962156 0.41237421613186498 0.36949976254254568 0.69253050425322704 0.4312686026096344 26.641897581517696 1.0383291202597309 1.5311913341283787 0.83652412146329869 106.7889118520543 8.4947767569683474 2.6574763930402687
leaf_count=2565 10 7 53 32 377 41 11 21 1514 130 39
internal_value=-0.00011313 -0.0254676 -0.00768501 -0.0509475 8.13669e-05 -0.00247596 -0.0015934 -0.0504747 0.00191805 -0.00585583 0.00441377
internal_weight=250.329 1.90567 1.4933 1.1238 248.423 103.84 101.965 1.87485 144.583 35.1367 109.446
internal_count=4800 102 92 85 4698 2638 2576 62 2060 507 1553
is_linear=0
shrinkage=0.08


Tree=78
num_leaves=13
num_cat=0
split_feature=4 4 1 4 2 4 0 1 1 4 4 0
split_gain=0.228882 0.862411 1.32072 4.11002 1.55928 0.405617 2.80405 0.539756 0.405445 0.371211 1.93183 1.2321
threshold=65.500000000000014 66.500000000000014 1.5000000000000002 70.500000000000014 1.5000000000000002 63.500000000000007 5.5000000000000009 1.5000000000000002 1.5000000000000002 61.500000000000007 60.500000000000007 2.5000000000000004
decision_type=2 2 2 2 2 2 2 2 2 2 2 2
left_child=5 8 4 -4 -3 9 7 -7 -2 10 -1 -11
right_child=1 2 3 -5 -6 6 -8 -9 -10 11 -12 -13
leaf_value=-0.00018496026762869396 -0.026004141059153853 -0.010420398600440891 0.1010027470575158 -0.027867751896015168 -0.10912584727511274 -0.0023518002780851159 0.083721120478644051 -0.084843639488867584 -0.11215427554849866 0.04369596589183878 0.0809980426072031 -0.050618280621241851
leaf_weight=224.10706594213843 0.69312304537743219 6.0718023082590644 2.5892266426235437 4.079083004151471 1.2321453162585383 0.99617798998951834 2.3683329001069069 1.0351281836628914 0.70547887869179249 1.249290533363818 1.8917708098888386 3.0525128059089184
leaf_count=4221 24 168 39 91 24 35 33 22 16 29 36 62
internal_value=-0.000108227 -0.00956563 -0.00357032 0.0221712 -0.0270716 0.000511152 0.0245731 -0.0443886 -0.0694598 5.14755e-05 0.000494599 -0.0232284
internal_weight=250.071 15.3709 13.9723 6.66831 7.30395 234.7 4.39964 2.03131 1.3986 230.301 225.999 4.3018
internal_count=4800 362 322 130 192 4438 90 57 40 4348 4257 91
is_linear=0
shrinkage=0.08


Tree=79
num_leaves=13
num_cat=0
split_feature=4 4 4 2 4 2 0 4 4 0 0 1
split_gain=0.19623 0.847913 0.938822 2.61689 0.371529 4.759 2.5934 1.07263 1.54803 0.983052 0.367383 0.663291
threshold=65.500000000000014 68.500000000000014 69.500000000000014 1.5000000000000002 62.500000000000007 1.0000000180025095e-35 6.5000000000000009 61.500000000000007 60.500000000000007 3.5000000000000004 1.5000000000000002 1.0000000180025095e-35
decision_type=2 2 2 2 2 2 2 2 2 2 2 2
left_child=4 10 -3 -4 7 -6 -7 8 -1 -9 -2 -12
right_child=1 2 3 -5 5 6 -8 9 -10 -11 11 -13
leaf_value=-0.00017018029671952821 -0.002020036637124877 0.066694951792244453 0.010281997821809902 -0.10069843291796787 0.13375842768931406 -0.082982027097521713 0.034078222374838076 0.007464952602295143 0.070719632765976731 -0.10382127760917906 -0.011467481396697248 -0.094896221726133628
leaf_weight=224.08569020312279 0.97847283072769586 1.2566537465900172 9.0334854417014832 1.6007485329755589 1.7157021444290865 2.2958707511425018 2.5638746377080679 0.8746798019856209 1.9889811314642418 1.2118525309488175 1.0520517285913231 1.4511420875787733
leaf_count=4221 26 23 204 39 29 76 27 23 36 26 17 53
internal_value=-0.000106604 -0.008863 0.00130368 -0.00642365 0.000466839 0.0192148 -0.0212241 -7.34638e-05 0.000453501 -0.0571698 -0.0435851 -0.0598325
internal_weight=250.109 15.3726 11.8909 10.6342 234.737 6.57545 4.85975 228.161 226.075 2.08653 3.48167 2.50319
internal_count=4800 362 266 243 4438 132 103 4306 4257 49 96 70
is_linear=0
shrinkage=0.08


Tree=80
num_leaves=14
num_cat=0
split_feature=0 4 2 4 1 0 4 4 4 0 0 2 4
split_gain=0.19565 0.491109 1.35825 1.05605 1.94495 0.27827 0.537903 1.5055 0.415232 6.54474 1.42293 0.390277 8.79577e-05
threshold=7.5000000000000009 52.500000000000007 1.0000000180025095e-35 48.500000000000007 1.5000000000000002 6.5000000000000009 39.500000000000007 35.500000000000007 55.500000000000007 2.5000000000000004 2.5000000000000004 1.0000000180025095e-35 63.500000000000007
decision_type=2 2 2 2 2 2 2 2 2 2 2 2 2
left_child=5 3 -3 4 -2 8 7 -7 10 -10 -1 -8 -4
right_child=1 2 12 -5 -6 6 11 -9 9 -11 -12 -13 -14
leaf_value=-0.009773837452682 0.012390337143895286 0.020270302758681937 -0.081666361223178413 0.047758961042093623 -0.045855001626189794 0.0052599328477832821 0.026912406306818723 -0.031245552512792256 0.028685491946904965 -0.064770915876785434 0.0075428765054591689 0.0070861750567453967 -0.082779611724461133
leaf_weight=53.111538367345929 9.6534295184537822 1.5180123262107366 0.95557247661054112 2.3524663299322119 5.9188148770481339 41.136496312916279 8.3026370164006931 8.7718536369502527 10.897953541483732 8.5646752408356388 70.922744000330567 27.079546266933903 0.86574609391391277
leaf_count=1362 218 34 49 28 143 255 54 49 278 359 1768 167 36
internal_value=-0.00010807 -0.00744827 -0.035616 -0.00220069 -0.00974799 0.000574146 0.00419306 -0.00115624 -0.00157683 -0.0124407 0.000127851 0.0117385 -0.0821955
internal_weight=250.051 21.264 3.33933 17.9247 15.5722 228.787 85.2905 49.9083 143.497 19.4626 124.034 35.3822 1.82132
internal_count=4800 508 119 389 361 4292 525 304 3767 637 3130 221 85
is_linear=0
shrinkage=0.08


Tree=81
num_leaves=13
num_cat=0
split_feature=4 4 4 2 4 2 0 4 4 0 0 1
split_gain=0.176236 0.741221 0.765075 2.28815 0.335406 3.66994 2.37929 0.915995 1.31038 0.861704 0.315112 0.642466
threshold=65.500000000000014 68.500000000000014 69.500000000000014 1.5000000000000002 62.500000000000007 1.0000000180025095e-35 6.5000000000000009 61.500000000000007 60.500000000000007 3.5000000000000004 1.5000000000000002 1.0000000180025095e-35
decision_type=2 2 2 2 2 2 2 2 2 2 2 2
left_child=4 10 -3 -4 7 -6 -7 8 -1 -9 -2 -12
right_child=1 2 3 -5 5 6 -8 9 -10 -11 11 -13
leaf_value=-0.00017870415488993152 -0.0040792541525792913 0.058568112324409657 0.0091720117882178216 -0.096349860424416123 0.11347744753099305 -0.082776125633822917 0.032698139199179209 0.0059491847892212887 0.064143276480967071 -0.098775981704686364 -0.010613895811255941 -0.094776713290328551
leaf_weight=223.79090011119843 1.0024817083030932 1.3113210164010514 9.0142073426395619 1.53981738476432 1.8530856631696213 2.0954873748123646 2.5096771977841854 0.88806168362498228 2.0455430783331385 1.1592477103695271 1.0389859415590765 1.3154001347720621
leaf_count=4221 26 23 204 39 29 76 27 23 36 26 17 53
internal_value=-0.000111337 -0.00845262 0.000937084 -0.00622348 0.000430489 0.0184088 -0.0198461 -7.90189e-05 0.000403901 -0.0533493 -0.0416419 -0.0576358
internal_weight=249.564 15.2222 11.8653 10.554 234.342 6.45825 4.60516 227.884 225.836 2.04731 3.35687 2.35439
internal_count=4800 362 266 243 4438 132 103 4306 4257 49 96 70
is_linear=0
shrinkage=0.08


Tree=82
num_leaves=15
num_cat=0
split_feature=1 4 4 2 0 4 4 4 4 0 0 4 4 4
split_gain=0.176819 0.543018 2.57788 1.65122 0.870707 0.823003 0.528006 1.83513 1.24539 1.42752 1.09315 0.925212 0.668051 0.123771
threshold=1.0000000180025095e-35 70.500000000000014 68.500000000000014 1.0000000180025095e-35 6.5000000000000009 65.500000000000014 21.500000000000004 24.500000000000004 16.500000000000004 6.5000000000000009 6.5000000000000009 29.500000000000004 22.500000000000004 75.500000000000014
decision_type=2 2 2 2 2 2 2 2 2 2 2 2 2 2
left_child=6 2 5 13 -5 -2 8 12 9 -1 -10 -9 -8 -3
right_child=1 3 -4 4 -6 -7 7 11 10 -11 -12 -13 -14 -15
leaf_value=-0.023699791581723632 -0.0014836123148209855 -0.069083466451401787 0.073735404673829857 -0.024314842513908769 0.059082840291902652 -0.05190033369732789 -0.010193769477038676 0.023942919544986487 0.067310912355022137 0.037366759635628646 -0.0067808762403403821 -0.0017639736961131552 -0.088189035369486315 -0.11221588850934894
leaf_weight=6.5713702701032179 156.93235923256725 0.81593760941177496 2.9176275599747887 2.352125680452446 1.2151083918288348 2.0999309727922073 1.0871030874550336 10.830458242446182 4.1827925369143477 3.9062791597098112 1.8329080548137424 51.890393659239635 1.9883364811539648 0.8904591875616461
leaf_count=148 3109 15 30 93 23 74 21 156 72 42 16 935 39 27
internal_value=-0.000110937 -0.00160487 -0.000782226 -0.0268678 0.00409294 -0.00214934 0.00292494 -0.000283476 0.0157241 -0.000932949 0.0447361 0.00267502 -0.0606194 -0.0915915
internal_weight=249.513 167.224 161.95 5.27363 3.56723 159.032 82.2896 65.7963 16.4934 10.4776 6.0157 62.7209 3.07544 1.7064
internal_count=4800 3371 3213 158 116 3183 1429 1151 278 190 88 1091 60 42
is_linear=0
shrinkage=0.08


Tree=83
num_leaves=12
num_cat=0
split_feature=0 4 2 4 1 4 4 4 4 0 4
split_gain=0.184112 0.460184 1.22826 0.878978 1.68407 0.245712 3.63961 1.7605 0.991163 0.381102 8.47504e-05
threshold=7.5000000000000009 52.500000000000007 1.0000000180025095e-35 48.500000000000007 1.5000000000000002 6.5000000000000009 7.5000000000000009 9.5000000000000018 4.5000000000000009 4.5000000000000009 63.500000000000007
decision_type=2 2 2 2 2 2 2 2 2 2 2
left_child=5 3 -3 4 -2 8 -7 -8 9 -1 -4
right_child=1 2 10 -5 -6 6 7 -9 -10 -11 -12
leaf_value=0.014602899893193771 0.010864004143075172 0.016078680405409822 -0.081542098671206098 0.042399498593914772 -0.043897427013351246 0.12094108322149438 -0.072941643134892098 0.00098076912805229299 -0.069634291828324882 -0.016484942971467482 -0.082674188143073452
leaf_weight=4.8630146700888854 9.7852276042103821 1.5722421940881752 0.88055570237338521 2.441692352294921 5.6805845741182557 1.6115124411880959 2.0820518108084789 212.82346792749013 1.5816497011110175 5.2463673278689384 0.81484775361604989
leaf_count=121 218 34 49 28 143 24 42 4003 36 66 36
internal_value=-0.000109342 -0.00724526 -0.0348537 -0.00220744 -0.00924984 0.000552791 0.00116277 0.000264593 -0.010744 -0.00153045 -0.0820862
internal_weight=249.383 21.1752 3.26765 17.9075 15.4658 228.208 216.517 214.906 11.691 10.1094 1.6954
internal_count=4800 508 119 389 361 4292 4069 4045 223 187 85
is_linear=0
shrinkage=0.08


Tree=84
num_leaves=15
num_cat=0
split_feature=0 2 4 1 4 4 0 4 4 4 4 4 4 4
split_gain=0.158737 0.449032 0.890035 0.707681 1.30534 1.05174 0.255418 0.511053 1.50048 1.02643 0.381677 0.349321 0.274932 0.0511291
threshold=7.5000000000000009 1.5000000000000002 27.500000000000004 1.0000000180025095e-35 49.500000000000007 44.500000000000007 6.5000000000000009 30.500000000000004 35.500000000000007 15.500000000000002 71.500000000000014 77.500000000000014 27.500000000000004 40.500000000000007
decision_type=2 2 2 2 2 2 2 2 2 2 2 2 2 2
left_child=6 3 -3 5 -5 -2 10 9 -9 -8 12 -12 -1 -4
right_child=1 2 13 4 -6 -7 7 8 -10 -11 11 -13 -14 -15
leaf_value=0.0040178151161672565 -0.0099000724184556532 0.053904467596754761 -0.029074832148240276 -0.018076930194704088 0.042553008257211963 -0.085321324166640733 0.017872679377924118 0.04054748157538194 0.0030831523461640983 -0.013027526254818079 -0.081402414828651182 -0.0083224617667614215 -0.0035282228718613606 -0.0049616186553794782
leaf_weight=45.552792579866946 3.2229399466887179 2.0823687463998786 1.2741449531167748 8.4682064196094853 3.1062826961278907 1.8698453912511466 9.7971708588302118 8.1014773920178396 44.005531012779102 23.106005009263754 0.72206169925629982 0.99607286154059693 96.068623488768935 1.0080058667808769
leaf_count=1173 86 17 15 229 81 46 63 53 270 139 74 79 2441 34
internal_value=-0.000107782 -0.00675836 0.0160847 -0.0127401 -0.00180548 -0.0375914 0.00050476 0.00397903 0.00890802 -0.00382676 -0.00155572 -0.039035 -0.00110103 -0.0184242
internal_weight=249.382 21.0318 4.36452 16.6673 11.5745 5.09279 228.35 85.0102 52.107 32.9032 143.34 1.71813 141.621 2.28215
internal_count=4800 508 66 442 310 132 4292 525 323 202 3767 153 3614 49
is_linear=0
shrinkage=0.08


Tree=85
num_leaves=15
num_cat=0
split_feature=1 4 4 4 0 4 1 4 4 4 4 4 4 4
split_gain=0.154142 0.602191 4.51174 3.17376 1.64527 1.30789 0.469511 3.49621 1.67946 1.25561 3.71919 0.841639 0.720386 0.338305
threshold=1.0000000180025095e-35 49.500000000000007 51.500000000000007 47.500000000000007 7.5000000000000009 42.500000000000007 1.5000000000000002 50.500000000000007 38.500000000000007 60.500000000000007 61.500000000000007 63.500000000000007 57.500000000000007 48.500000000000007
decision_type=2 2 2 2 2 2 2 2 2 2 2 2 2 2
left_child=1 3 -3 5 -4 -1 7 8 -2 12 -11 -9 -8 -5
right_child=6 2 4 13 -6 -7 9 11 -10 10 -12 -13 -14 -15
leaf_value=-0.0014361549618926845 -0.0087544362380074965 0.12540682080998961 0.008882873771988424 -0.051916542576049864 -0.084621884307641435 0.033561852543241594 -0.00026257849640835411 -0.069728730443951545 0.023916207803598197 0.15649515585403009 0.01091568443751924 -0.020767654769906253 -0.038175295244994904 -0.10827820904242204
leaf_weight=54.441951432265341 31.73514368198812 2.1171611696481731 13.700088362907987 1.1866879928857079 1.3204129673540599 7.8147952798753968 94.625919723883271 6.0092791924253088 14.750826591625808 1.2451549880206574 11.459891338832675 3.5890184492163826 3.3201088085770598 1.6013259049504995
leaf_count=876 771 38 296 27 41 123 1636 214 324 15 216 133 62 28
internal_value=-0.000103137 0.00273247 0.0160738 -0.000782623 0.000663115 0.00295698 -0.00150079 -0.00746367 0.00161254 0.00152154 0.0251832 -0.0514211 -0.00154772 -0.0842885
internal_weight=248.918 82.1824 17.1377 65.0448 15.0205 62.2567 166.735 56.0843 46.486 110.651 12.705 9.5983 97.946 2.78801
internal_count=4800 1429 375 1054 337 999 3371 1442 1095 1929 231 347 1698 55
is_linear=0
shrinkage=0.08


Tree=86
num_leaves=16
num_cat=0
split_feature=4 4 2 0 4 4 1 0 0 2 2 4 2 4 4
split_gain=0.1649 1.65065 1.76789 1.65085 1.32173 0.538023 1.5739 1.00644 0.653868 1.39097 1.04878 0.501281 0.417186 1.68608 0.826816
threshold=35.500000000000007 37.500000000000007 1.0000000180025095e-35 2.5000000000000004 36.500000000000007 33.500000000000007 1.0000000180025095e-35 3.5000000000000004 4.5000000000000009 1.0000000180025095e-35 1.0000000180025095e-35 34.500000000000007 1.5000000000000002 69.500000000000014 45.500000000000007
decision_type=2 2 2 2 2 2 2 2 2 2 2 2 2 2 2
left_child=5 2 4 -4 -2 8 11 -8 9 -1 -10 -7 14 -14 -3
right_child=1 12 3 -5 -6 6 7 -9 10 -11 -12 -13 13 -15 -16
leaf_value=0.017691490874648951 -0.11558094854462476 0.01226938292710273 -0.083044076167113429 0.0095507450006940067 -0.020334668635504153 0.091483884916740393 0.041323785504913023 -0.018677748594312982 -0.013070846318056037 -0.014909169241686837 0.011046722981134537 0.032692467199358068 -0.0030993912849232785 -0.092090164647470732 -0.0029834744062835184
leaf_weight=11.021127311512826 2.2133055943995696 36.922165367752314 1.5396050605922935 6.1736588403582573 1.6112721525132658 1.8110113367438307 2.5387599505484086 6.0593484975397587 15.060905317775903 34.901730306446552 49.358788796700537 1.9040449261665344 16.85388890653849 1.4824559953121923 59.235891080694273
leaf_count=262 28 676 44 100 36 25 49 85 220 889 677 29 328 39 1313
internal_value=-0.000109634 -0.00214188 -0.0309826 -0.00893163 -0.0754542 0.00197855 0.0178396 -0.00096112 0.000208609 -0.00708527 0.00540819 0.061352 0.000764465 -0.0102941 0.00287322
internal_weight=248.688 126.032 11.5378 7.71326 3.82458 122.656 12.3132 8.59811 110.343 45.9229 64.4197 3.71506 114.494 18.3363 96.1581
internal_count=4800 2564 208 144 64 2236 188 134 2048 1151 897 54 2356 367 1989
is_linear=0
shrinkage=0.08


Tree=87
num_leaves=15
num_cat=0
split_feature=4 4 2 0 4 4 2 0 2 0 0 2 4 4
split_gain=0.139587 1.42425 1.53454 1.5176 1.16681 0.485219 1.14838 0.908521 0.796214 2.7687 0.851656 0.354307 1.47877 0.694634
threshold=35.500000000000007 37.500000000000007 1.0000000180025095e-35 2.5000000000000004 36.500000000000007 34.500000000000007 1.0000000180025095e-35 4.5000000000000009 1.5000000000000002 1.0000000180025095e-35 1.0000000180025095e-35 1.5000000000000002 69.500000000000014 45.500000000000007
decision_type=2 2 2 2 2 2 2 2 2 2 2 2 2 2
left_child=5 2 4 -4 -2 8 -7 -8 10 -10 -1 13 -13 -3
right_child=1 11 3 -5 -6 6 7 -9 9 -11 -12 12 -14 -15
leaf_value=0.022124968917259659 -0.10923178776105572 0.011205315791736422 -0.082801603534114768 0.0087563539408840509 -0.018942059664089649 -0.041174252016295737 0.075377765150570153 0.0068952435953401926 -0.084483817553874838 0.024515686868132294 -0.0046316777792217061 -0.002855987651230974 -0.087318294110784525 -0.0027489912115637809
leaf_weight=8.3299804311245662 2.1569691170006973 37.182675452902913 1.4252274129539726 6.1941501051187515 1.5921753421425822 1.3803113847970951 2.4935429710894823 2.4658577255904675 1.6275296732783342 17.837152825668454 88.507735808379948 16.828163267113272 1.4401813995209511 59.149260740319733
leaf_count=218 28 676 44 100 36 23 46 29 35 273 1612 328 39 1313
internal_value=-0.000108746 -0.00197917 -0.0289872 -0.00836984 -0.0708878 0.00181242 0.023365 0.0413277 0.000637574 0.0154017 -0.00233007 0.000700065 -0.00951456 0.00263716
internal_weight=248.611 125.969 11.3685 7.61938 3.74914 122.642 6.33971 4.9594 116.302 19.4647 96.8377 114.6 18.2683 96.3319
internal_count=4800 2564 208 144 64 2236 98 75 2138 308 1830 2356 367 1989
is_linear=0
shrinkage=0.08


Tree=88
num_leaves=15
num_cat=0
split_feature=0 4 4 4 4 0 4 4 4 4 0 4 4 2
split_gain=0.139607 0.469382 1.6067 1.31787 0.364379 0.24462 0.482588 1.3696 0.503959 0.336748 2.32035 0.961891 0.00472207 0.00466601
threshold=7.5000000000000009 23.500000000000004 6.5000000000000009 28.500000000000004 40.500000000000007 6.5000000000000009 26.500000000000004 18.500000000000004 35.500000000000007 27.500000000000004 4.5000000000000009 28.500000000000004 26.500000000000004 1.5000000000000002
decision_type=2 2 2 2 2 2 2 2 2 2 2 2 2 2
left_child=5 2 -2 12 -5 9 7 -7 -8 10 -1 -11 -3 -4
right_child=1 3 13 4 -6 6 8 -9 -10 11 -12 -13 -14 -15
leaf_value=-0.006812710130216431 0.016519157798623882 0.039254542547505863 -0.081338178145985138 -0.030796021064308732 -0.0027528521820438644 0.013533797922406632 0.019906075066869266 -0.024060194047054811 0.0033243809353048727 -0.052439576945805685 0.03395203169178506 -0.0028903878255264236 0.045013973804083091 -0.089342761040708721
leaf_weight=33.271197119727731 2.1283868607133658 1.8905209749937084 0.98726342804729916 4.4905530437827101 8.7308341055177134 12.246202975511553 16.020474690943956 12.566292349249123 43.806607000995427 2.575273770838975 12.218126641586421 95.210055555216968 1.7585448212921619 0.88283585384488106
leaf_count=843 32 29 66 124 225 82 99 74 270 66 330 2528 22 10
internal_value=-0.000109033 -0.00637183 -0.0310162 -0.000530824 -0.0122775 0.000464419 0.00387437 -0.00550569 0.00776462 -0.00155001 0.00413643 -0.00419531 0.0420301 -0.085117
internal_weight=248.783 20.8689 3.99849 16.8705 13.2214 227.914 84.6396 24.8125 59.8271 143.275 45.4893 97.7853 3.64907 1.8701
internal_count=4800 508 108 400 349 4292 525 156 369 3767 1173 2594 51 76
is_linear=0
shrinkage=0.08


Tree=89
num_leaves=15
num_cat=0
split_feature=1 4 4 4 0 4 4 4 2 4 3 0 4 4
split_gain=0.135112 0.607633 3.52818 2.75973 1.52958 1.05115 0.431427 1.12379 3.77928 2.20908 0.688576 0.8783 0.676016 0.305592
threshold=1.0000000180025095e-35 49.500000000000007 51.500000000000007 47.500000000000007 7.5000000000000009 43.500000000000007 22.500000000000004 15.500000000000002 1.5000000000000002 13.500000000000002 1.0000000180025095e-35 6.5000000000000009 41.500000000000007 48.500000000000007
decision_type=2 2 2 2 2 2 2 2 2 2 2 2 2 2
left_child=1 3 -3 5 -4 -1 7 9 -9 -2 12 -12 -8 -5
right_child=6 2 4 13 -6 -7 10 8 -10 -11 11 -13 -14 -15
leaf_value=-0.00095779614495805523 -0.0082492278501217157 0.1097846768456939 0.0095329815681058395 -0.049289182937485063 -0.084229039329126482 0.034315960886678515 0.0072740412618773542 -0.044116871106337413 0.065335997849689562 0.065129600735469445 -0.081777661697609028 0.0044289827384409652 -0.0043572954464790306 -0.10404567169443064
leaf_weight=56.38322922680527 17.379376637749377 2.2306776233017471 13.680449541192498 1.1377583146095267 1.2121898038312799 5.9803042374551287 65.39759623631835 12.298146096989511 2.4155522286891928 3.0930301155894986 1.4561575282132246 1.5739507563412187 62.58404048459488 1.5288141630589962
leaf_count=901 359 38 296 27 41 98 1216 269 46 62 80 12 1327 28
internal_value=-0.000106606 0.00254741 0.0159553 -0.000983074 0.0019012 0.00242475 -0.00141852 -0.00928355 -0.026148 0.00283706 0.000693812 -0.0369987 0.00158622 -0.0806825
internal_weight=248.351 82.1534 17.1233 65.0301 14.8926 62.3635 166.198 35.1861 14.7137 20.4724 131.012 3.03011 127.982 2.66657
internal_count=4800 1429 375 1054 337 999 3371 736 315 421 2635 92 2543 55
is_linear=0
shrinkage=0.08


Tree=90
num_leaves=10
num_cat=0
split_feature=4 4 1 0 0 1 4 4 0
split_gain=0.129311 1.8109 0.911394 0.808802 0.354351 0.240437 2.06143 1.9194 0.00338134
threshold=1.5000000000000002 2.5000000000000004 1.5000000000000002 3.5000000000000004 6.5000000000000009 1.5000000000000002 4.5000000000000009 4.5000000000000009 6.5000000000000009
decision_type=2 2 2 2 2 2 2 2 2
left_child=2 -2 3 -1 -5 6 -3 -7 -4
right_child=1 5 8 4 -6 7 -8 -9 -10
leaf_value=-0.0060246418690095629 -0.11013822172697267 -0.1011295077234642 -0.023899360088582705 0.089388462308340702 0.03224527598929354 0.10215101334606805 -0.0012771609805592961 0.0016597322380683237 -0.018843438400534089
leaf_weight=2.021439250558613 0.95945462677627702 1.3367007449269284 1.3578765420243146 1.3731671739369633 1.4052851013839243 1.2306744698435057 131.20097772867302 105.11010945503949 2.2483123037964106
leaf_count=39 24 33 43 27 14 19 2744 1841 16
internal_value=-0.000109512 -0.000451338 0.0096433 0.0324759 0.0604866 -1.07811e-05 -0.00228422 0.00282271 -0.0207472
internal_weight=248.244 239.838 8.40608 4.79989 2.77845 238.878 132.538 106.341 3.60619
internal_count=4800 4661 139 80 41 4637 2777 1860 59
is_linear=0
shrinkage=0.08


Tree=91
num_leaves=14
num_cat=0
split_feature=1 4 4 4 0 2 4 4 2 4 0 4 4
split_gain=0.120547 0.511916 2.7918 2.42691 1.39386 0.928846 0.397282 2.21692 1.58087 0.716877 0.67702 0.272549 0.132098
threshold=1.0000000180025095e-35 49.500000000000007 51.500000000000007 47.500000000000007 7.5000000000000009 1.5000000000000002 70.500000000000014 68.500000000000014 1.0000000180025095e-35 65.500000000000014 6.5000000000000009 48.500000000000007 75.500000000000014
decision_type=2 2 2 2 2 2 2 2 2 2 2 2 2
left_child=1 3 -3 5 -4 -1 7 9 12 -2 -10 -5 -8
right_child=6 2 4 11 -6 -7 8 -9 10 -11 -12 -13 -14
leaf_value=-0.002025322844754263 -0.0013371181427075242 0.095642457706375417 0.0088531685140495562 -0.046897225917953089 -0.08389367332752358 0.024347566409535514 -0.064742664546843035 0.067659959885665491 -0.01871538984839223 -0.049673913040882214 0.056197551627998596 -0.099552728828954939 -0.110228265891069
leaf_weight=52.236593323759735 155.98856268450618 2.3526334501802948 13.709272827021774 1.0993173047900191 1.1219191234558827 10.218902403488753 0.79632214969023951 2.9837939031422129 2.1880768092523799 1.9887053770944465 1.1930847053881732 1.4709043726325035 0.83932348049711436
leaf_count=861 3109 38 296 27 41 138 15 30 93 74 23 28 27
internal_value=-0.000105452 0.00239975 0.0146801 -0.000845481 0.00183725 0.00228978 -0.00134629 -0.000655305 -0.023516 -0.00194561 0.00771857 -0.0770313 -0.0880834
internal_weight=248.187 82.2095 17.1838 65.0257 14.8312 62.4555 165.978 160.961 5.01681 157.977 3.38116 2.57022 1.63565
internal_count=4800 1429 375 1054 337 999 3371 3213 158 3183 116 55 42
is_linear=0
shrinkage=0.08


Tree=92
num_leaves=16
num_cat=0
split_feature=4 4 2 0 4 4 2 0 0 4 0 0 2 4 4
split_gain=0.114304 1.24713 1.32986 1.39257 1.02712 0.382441 0.864455 1.45234 0.812876 0.344322 1.25951 0.77943 0.322724 1.31554 0.572344
threshold=35.500000000000007 37.500000000000007 1.0000000180025095e-35 2.5000000000000004 36.500000000000007 25.500000000000004 1.5000000000000002 5.5000000000000009 1.0000000180025095e-35 27.500000000000004 1.5000000000000002 6.5000000000000009 1.5000000000000002 69.500000000000014 45.500000000000007
decision_type=2 2 2 2 2 2 2 2 2 2 2 2 2 2 2
left_child=5 2 4 -4 -2 6 8 -8 -1 10 -7 -11 14 -14 -3
right_child=1 12 3 -5 -6 9 7 -9 -10 11 -12 -13 13 -15 -16
leaf_value=0.023709491714031007 -0.10333827285649123 0.010289067476999283 -0.082587494729274735 0.0078691795074515569 -0.017830660980745781 0.091003032410141904 0.043568489733839623 -0.015561541775698554 -0.0094206425852888017 -0.0056464288433682643 0.0087644213769081415 0.01564708355868058 -0.0028730139343876734 -0.083687963574432353 -0.0023794041809786686
leaf_weight=5.2209465634077779 2.1009114636108261 37.340006424114108 1.3212977536022661 6.201369509100914 1.5716300811618569 1.3766144849359978 6.2141015380620939 4.6461828304454684 51.428932426031679 25.463622272014618 8.8811046518385393 19.371284853667021 16.803776031360034 1.3962599417136505 58.709974355413578
leaf_count=138 28 676 44 100 36 36 122 49 990 575 146 180 328 39 1313
internal_value=-0.000104456 -0.00180222 -0.0272841 -0.00801883 -0.0667461 0.00163266 -0.00240364 0.0182718 -0.00636731 0.00657873 0.0198011 0.00355361 0.000694717 -0.00907293 0.00254554
internal_weight=248.048 125.445 11.1952 7.52267 3.67254 122.603 67.5102 10.8603 56.6499 55.0926 10.2577 44.8349 114.25 18.2 96.05
internal_count=4800 2564 208 144 64 2236 1299 171 1128 937 182 755 2356 367 1989
is_linear=0
shrinkage=0.08


Tree=93
num_leaves=15
num_cat=0
split_feature=0 4 4 4 2 1 2 0 2 4 4 4 0 0
split_gain=0.117522 0.397491 1.76722 1.44353 1.95608 1.16356 0.817677 0.303077 1.50563 1.90755 0.978782 0.652092 1.24971 1.19028
threshold=6.5000000000000009 39.500000000000007 41.500000000000007 35.500000000000007 1.0000000180025095e-35 1.0000000180025095e-35 1.0000000180025095e-35 5.5000000000000009 1.5000000000000002 46.500000000000007 26.500000000000004 46.500000000000007 4.5000000000000009 3.5000000000000004
decision_type=2 2 2 2 2 2 2 2 2 2 2 2 2 2
left_child=7 3 -3 5 -5 -2 -4 11 9 -9 -10 12 -1 -13
right_child=1 2 6 4 -6 -7 -8 8 10 -11 -12 13 -14 -15
leaf_value=-0.0012432385267030538 0.020456324842947283 0.066867712985680158 0.023650870067955587 -0.0757017794933071 -0.0017431358653918789 -0.0052321214920206405 -0.0029706579983890605 -0.01691402726921569 0.018495679085265178 0.050285616466788821 -0.083539908517569386 -0.00066715067110570707 0.022610315700700254 -0.035897820170615671
leaf_weight=77.396993238478899 16.676759438589215 3.0140691939741364 9.697397659532724 3.7615743707865459 5.8451036345213652 34.9028878249228 30.95375032920856 10.834646882489325 0.78568631876259987 3.6023282087990074 2.56903107414837 22.453072430595061 17.176179179921746 8.4461781642457918
leaf_count=1867 152 32 106 31 59 336 317 310 24 137 74 673 367 315
internal_value=-0.000103641 0.00193154 0.00776231 -0.00222954 -0.0307023 0.00307348 0.00337995 -0.00159314 -0.0113647 -0.000146306 -0.0596428 -0.00020756 0.00308899 -0.0102973
internal_weight=248.116 104.852 43.6652 61.1863 9.60668 51.5796 40.6511 143.264 17.7917 14.437 3.35472 125.472 94.5732 30.8993
internal_count=4800 1033 455 578 90 488 423 3767 545 447 98 3222 2234 988
is_linear=0
shrinkage=0.08


Tree=94
num_leaves=13
num_cat=0
split_feature=0 4 4 4 4 4 4 4 4 0 2 4
split_gain=0.116892 0.391687 1.53831 1.03408 0.374426 0.219722 2.93746 1.55808 0.88659 0.413398 0.00379208 0.00114865
threshold=7.5000000000000009 23.500000000000004 6.5000000000000009 28.500000000000004 40.500000000000007 6.5000000000000009 7.5000000000000009 9.5000000000000018 4.5000000000000009 4.5000000000000009 1.5000000000000002 26.500000000000004
decision_type=2 2 2 2 2 2 2 2 2 2 2 2
left_child=5 2 -2 11 -5 8 -7 -8 9 -1 -4 -3
right_child=1 3 10 4 -6 6 7 -9 -10 -11 -12 -13
leaf_value=0.015185813810741996 0.016874443875965664 0.034743980220734383 -0.08121803843182035 -0.030170486333052506 -0.001568446509617503 0.10602387173536636 -0.069870083043630113 0.00083530214067929797 -0.067342450462398201 -0.017185946709227934 -0.08871249596344509 0.037525048706482711
leaf_weight=4.8288924694061262 2.1148302089422972 1.9558839313685921 0.89571503689512588 4.440473621711134 8.6068236426217464 1.691044459119438 2.01360342465341 211.80357399224886 1.5159138590097416 5.2911645835265517 0.83479885756969452 1.8490526042878628
leaf_count=121 32 29 66 124 225 24 42 4003 36 66 10 22
internal_value=-0.00010255 -0.00585809 -0.028897 -0.000601084 -0.0113028 0.0004219 0.00100006 0.000169441 -0.0102861 -0.00173942 -0.0848334 0.0360955
internal_weight=247.842 20.6976 3.84534 16.8522 13.0473 227.144 215.508 213.817 11.636 10.1201 1.73051 3.80494
internal_count=4800 508 108 400 349 4292 4069 4045 223 187 76 51
is_linear=0
shrinkage=0.08


Tree=95
num_leaves=15
num_cat=0
split_feature=0 4 4 4 2 4 2 4 4 0 0 4 2 0
split_gain=0.114628 0.318441 1.5105 1.23229 1.66199 1.03048 0.692334 0.272612 0.368431 0.499196 0.256414 1.46647 0.472089 4.3535e-05
threshold=6.5000000000000009 39.500000000000007 41.500000000000007 35.500000000000007 1.0000000180025095e-35 31.500000000000004 1.0000000180025095e-35 71.500000000000014 77.500000000000014 1.0000000180025095e-35 5.5000000000000009 20.500000000000004 1.5000000000000002 1.5000000000000002
decision_type=2 2 2 2 2 2 2 2 2 2 2 2 2 2
left_child=7 3 -3 5 -5 -2 -4 10 13 -10 12 -12 -1 -9
right_child=1 2 6 4 -6 -7 -8 8 9 -11 11 -13 -14 -15
leaf_value=-0.002086702035928964 -0.0018241405160739116 0.06184058564919153 0.021721814145829042 -0.069624036600697561 -0.0013952421575816134 0.029201769760896865 -0.0027660679208675971 -0.081814698728165144 -0.08647934951090587 0.038111817514380482 -0.081864593621652978 -0.0027821159408145902 0.011329603523194733 -0.080470440462402773
leaf_weight=104.08599884109572 43.264651779551059 3.0070416871458283 9.706978362053631 3.7594290282577258 5.8257138300687075 8.1403155196458084 30.945016016718 0.38571735541336127 0.30571561912074685 0.62983370426809415 1.6574089806526924 15.871409436687825 20.01309257466346 0.25687286234460771
leaf_count=2640 408 32 106 31 59 80 317 24 10 69 86 440 448 50
internal_value=-0.000100167 0.00191239 0.00712829 -0.00182135 -0.0281555 0.00308902 0.00308121 -0.00157086 -0.034637 -0.00260166 -0.00120241 -0.0102596 7.69058e-05 -0.0812773
internal_weight=247.855 104.649 43.659 60.9901 9.58514 51.405 40.652 143.206 1.57814 0.935549 141.628 17.5288 124.099 0.64259
internal_count=4800 1033 455 578 90 488 423 3767 153 79 3614 526 3088 74
is_linear=0
shrinkage=0.08


Tree=96
num_leaves=15
num_cat=0
split_feature=0 2 4 1 4 4 0 4 4 2 4 0 4 4
split_gain=0.114892 0.348109 0.806278 0.552489 1.12913 0.889942 0.212846 0.379787 1.11293 1.03162 0.243295 1.96996 0.865234 0.0710618
threshold=7.5000000000000009 1.5000000000000002 27.500000000000004 1.0000000180025095e-35 49.500000000000007 44.500000000000007 6.5000000000000009 30.500000000000004 32.500000000000007 1.5000000000000002 27.500000000000004 4.5000000000000009 28.500000000000004 40.500000000000007
decision_type=2 2 2 2 2 2 2 2 2 2 2 2 2 2
left_child=6 3 -3 5 -5 -2 10 9 -9 -8 11 -1 -12 -4
right_child=1 2 13 4 -6 -7 7 8 -10 -11 12 -13 -14 -15
leaf_value=-0.0068462160766756429 -0.010400725534141239 0.049981481074826521 -0.031071973380540824 -0.017219455358757553 0.038711238749960852 -0.084628194920640706 0.0018784655556731895 0.056447861512302189 0.0050563250546667741 -0.043543759331743911 -0.05066578589705302 0.030327296829397894 -0.0025051770781332272 -0.0024959327179511384
leaf_weight=33.256772642955184 3.231620184145874 2.0993530936539164 1.2953033167868855 8.3419422465376538 3.1947496216744176 1.5199498916044829 29.126457486301661 2.8560297042131415 48.399230167036876 3.5950866267085066 2.4491555243730536 12.572975642979143 94.718719175609294 0.97704844421241421
leaf_count=843 86 17 15 229 81 46 179 21 302 23 66 330 2528 34
internal_value=-9.53667e-05 -0.0058069 0.0142376 -0.0111868 -0.00173108 -0.0341449 0.000424516 0.00362134 0.00791995 -0.00311203 -0.00145285 0.003352 -0.00371908 -0.0187851
internal_weight=247.634 20.66 4.3717 16.2883 11.5367 4.75157 226.974 83.9768 51.2553 32.7215 142.998 45.8297 97.1679 2.27235
internal_count=4800 508 66 442 310 132 4292 525 323 202 3767 1173 2594 49
is_linear=0
shrinkage=0.08


Tree=97
num_leaves=11
num_cat=0
split_feature=4 4 1 1 4 4 1 0 0 0
split_gain=0.104808 1.2711 1.6389 0.696919 0.680517 1.4268 1.2767 0.678027 0.239977 0.0074208
threshold=1.5000000000000002 3.5000000000000004 1.5000000000000002 1.5000000000000002 7.5000000000000009 9.5000000000000018 1.0000000180025095e-35 3.5000000000000004 6.5000000000000009 6.5000000000000009
decision_type=2 2 2 2 2 2 2 2 2 2
left_child=3 2 -2 7 6 -6 -3 -1 -9 -5
right_child=1 4 -4 9 5 -7 -8 8 -10 -11
leaf_value=-0.0071166618907300598 -0.12594562123305375 0.091803888507248022 0.0013478162562107602 -0.022853031569049984 -0.066828381852955698 0.00019693403539784642 0.001690511923059526 0.075492974420244552 0.029398721052965548 -0.015337844580110331
leaf_weight=2.045654306188224 1.1757535906508556 1.4821068327873934 1.4402874317020178 1.3346988093107941 2.0508258286863557 229.43198311881861 3.1337018813937902 1.4851600881665947 1.4083345606923101 2.2729782611131668
leaf_count=39 31 23 21 43 49 4468 69 27 14 16
internal_value=-9.32203e-05 -0.000404874 -0.055863 0.00861134 0.000209617 -0.000396878 0.0306253 0.0281352 0.0530578 -0.0181182
internal_weight=247.261 238.715 2.61604 8.54683 236.099 231.483 4.61581 4.93915 2.89349 3.60768
internal_count=4800 4661 52 139 4609 4517 92 80 41 59
is_linear=0
shrinkage=0.08


Tree=98
num_leaves=13
num_cat=0
split_feature=0 4 4 4 4 2 4 4 4 4 1 2
split_gain=0.099472 0.378368 1.42695 0.932622 1.46489 0.406824 0.187206 2.28581 1.17613 0.862489 0.434094 0.0035413
threshold=7.5000000000000009 23.500000000000004 6.5000000000000009 32.500000000000007 40.500000000000007 1.5000000000000002 6.5000000000000009 7.5000000000000009 9.5000000000000018 4.5000000000000009 1.5000000000000002 1.5000000000000002
decision_type=2 2 2 2 2 2 2 2 2 2 2 2
left_child=6 2 -2 5 -5 -3 9 -8 -9 10 -1 -4
right_child=1 3 11 4 -6 -7 7 8 -10 -11 -12 -13
leaf_value=-0.015829925696320885 0.014738977893239233 0.012416373561085433 -0.081096733878219876 -0.082207257275033488 -0.0016381590127303811 0.059721111066410988 0.091031254830700736 -0.06242235989562743 0.00073614875186391417 -0.066535003358478062 0.017491356839405739 -0.088567419151336882
leaf_weight=5.6892812047153694 2.1259965728968413 4.899910073727372 0.80853713909164049 1.7354928450658906 8.606999973068012 1.5258566364645956 1.7869328651577223 1.9039948293939222 211.38996791836689 1.4805019861087192 4.4666636679321527 0.81585437059402466
leaf_count=113 32 91 66 72 225 12 24 42 4003 36 74 10
internal_value=-9.02229e-05 -0.00542422 -0.0283951 -0.00028654 -0.0151578 0.0236493 0.000392521 0.00092723 0.000172357 -0.00949071 -0.00117497 -0.0848489
internal_weight=247.236 20.5186 3.75039 16.7683 10.3425 6.42577 226.717 215.081 213.294 11.6364 10.1559 1.62439
internal_count=4800 508 108 400 297 103 4292 4069 4045 223 187 76
is_linear=0
shrinkage=0.08


Tree=99
num_leaves=15
num_cat=0
split_feature=1 4 4 4 0 4 1 4 4 2 4 4 4 4
split_gain=0.10085 0.515212 2.28228 2.11468 1.21391 0.890366 0.373802 3.27865 5.63361 1.30821 1.20785 2.89237 0.618143 0.23339
threshold=1.0000000180025095e-35 49.500000000000007 51.500000000000007 47.500000000000007 7.5000000000000009 42.500000000000007 1.5000000000000002 43.500000000000007 38.500000000000007 1.5000000000000002 60.500000000000007 61.500000000000007 53.500000000000007 48.500000000000007
decision_type=2 2 2 2 2 2 2 2 2 2 2 2 2 2
left_child=1 3 -3 5 -4 -1 7 8 -2 -9 12 -12 -8 -5
right_child=6 2 4 13 -6 -7 10 9 -10 -11 11 -13 -14 -15
leaf_value=-0.0018615533861647902 -0.0074290992578946082 0.086511977725019659 0.0088458308379012161 -0.045166882386718385 -0.083383130779400225 0.026647373587414484 0.0003990435180919409 -0.04331838624459005 0.074233252867310029 0.021840809599847515 0.13706765746948471 0.011693791833907449 -0.022482327580747943 -0.094941353167920239
leaf_weight=54.137479476630688 31.125742183998227 2.4221583083272007 13.625523135182444 1.0510058216750613 0.97896252153441388 8.0541682466864568 89.267958652693778 15.433361182163937 6.5431420095264903 2.2608767439960493 1.315182652324437 11.262412442185449 8.2549805035814625 1.4140889160335064
leaf_count=876 771 38 296 27 41 123 1537 463 138 70 15 216 161 28
internal_value=-8.95185e-05 0.00221051 0.0145916 -0.00104991 0.00266357 0.00183051 -0.00122496 -0.00658717 0.00675577 -0.0349927 0.00147138 0.0248036 -0.00153779 -0.0737198
internal_weight=247.147 81.6834 17.0266 64.6567 14.6045 62.1916 165.464 55.3631 37.6689 17.6942 110.101 12.5776 97.5229 2.46509
internal_count=4800 1429 375 1054 337 999 3371 1442 909 533 1929 231 1698 55
is_linear=0
shrinkage=0.08


Tree=100
num_leaves=16
num_cat=0
split_feature=0 4 4 4 2 1 0 2 4 4 4 0 0 1 4
split_gain=0.102918 0.254023 1.849 1.07315 0.755565 0.264763 0.248338 1.40079 1.63106 0.945644 0.52409 1.0435 0.900844 0.221226 0.124097
threshold=6.5000000000000009 15.500000000000002 9.5000000000000018 23.500000000000004 1.0000000180025095e-35 1.0000000180025095e-35 5.5000000000000009 1.5000000000000002 46.500000000000007 26.500000000000004 46.500000000000007 3.5000000000000004 4.5000000000000009 1.5000000000000002 13.500000000000002
decision_type=2 2 2 2 2 2 2 2 2 2 2 2 2 2 2
left_child=6 2 4 5 -2 -3 10 8 -8 -9 12 -12 -1 -5 -4
right_child=1 3 14 13 -6 -7 7 9 -10 -11 11 -13 -14 -15 -16
leaf_value=-0.0010499825249073494 -0.046138806266927172 -0.0070327438709418171 0.044304626373255433 -0.00090779349753899985 0.006645295630710815 -0.034740249282933039 -0.015688006417174591 0.017417931931384807 0.045837815368146087 -0.083331494670449854 -0.00045148024225382988 -0.033929623983574776 0.018937451094567556 0.00740593234274754 0.072617743000937873
leaf_weight=77.195272126235068 2.44510520249605 3.4238908728584629 2.1290550082921973 40.188083352288231 5.9810378449037671 6.2113306359387934 10.642759731039407 0.79318262357264702 3.7220244478667146 2.4013784011767711 22.371749416051902 8.1219559139863104 17.749991027638316 41.780901539721526 1.8530905414372685
leaf_count=1867 20 29 20 477 63 73 310 24 137 74 673 315 367 329 22
internal_value=-9.85025e-05 0.0018162 0.0125582 0.000361135 -0.00867164 -0.0248943 -0.0014912 -0.0104018 0.0002538 -0.0583163 -0.000243859 -0.00936834 0.00268666 0.00332985 0.0574801
internal_weight=247.011 104.012 12.4083 91.6042 8.42614 9.63522 142.998 17.5593 14.3648 3.19456 125.439 30.4937 94.9453 81.969 3.98215
internal_count=4800 1033 125 908 83 102 3767 545 447 98 3222 988 2234 806 42
is_linear=0
shrinkage=0.08


Tree=101
num_leaves=15
num_cat=0
split_feature=4 4 2 0 4 4 2 0 2 0 0 2 4 4
split_gain=0.0967968 0.849166 0.899109 1.28975 0.834984 0.373758 0.952634 0.77815 0.444435 2.39021 0.717744 0.254117 1.42957 0.380005
threshold=35.500000000000007 37.500000000000007 1.0000000180025095e-35 2.5000000000000004 36.500000000000007 34.500000000000007 1.0000000180025095e-35 4.5000000000000009 1.5000000000000002 1.0000000180025095e-35 1.0000000180025095e-35 1.5000000000000002 45.500000000000007 45.500000000000007
decision_type=2 2 2 2 2 2 2 2 2 2 2 2 2 2
left_child=5 2 4 -4 -2 8 -7 -8 10 -10 -1 13 -13 -3
right_child=1 11 3 -5 -6 6 7 -9 9 -11 -12 12 -14 -15
leaf_value=0.02046549134971214 -0.090194214897284908 0.0082757055684161106 -0.082370392001734183 0.0077788293682529317 -0.011752800655747891 -0.040128179798203524 0.066246336464253638 0.0031143465887553522 -0.084278107692615567 0.019328870243298202 -0.0039481262591851401 -0.035032267236911115 0.010661324981682865 -0.0020434057246467054
leaf_weight=8.4527489710599166 2.0012006228789669 37.695537224411964 1.216209767386317 6.1604135651141405 1.5344075318425896 1.3164298012852658 2.637978183105588 2.3740191329270601 1.5444385781884218 18.439192996360362 87.355053775012493 7.4979486167430904 10.544636629871091 57.951912499847822
leaf_count=218 28 676 44 100 36 23 46 29 35 273 1612 125 242 1313
internal_value=-9.65878e-05 -0.00166531 -0.0229824 -0.00708439 -0.0561517 0.00150402 0.0204354 0.0363428 0.000469355 0.0113216 -0.00179421 0.000380751 -0.00832754 0.00202345
internal_weight=246.722 124.602 10.9122 7.37662 3.53561 122.12 6.32843 5.012 115.791 19.9836 95.8078 113.69 18.0426 95.6474
internal_count=4800 2564 208 144 64 2236 98 75 2138 308 1830 2356 367 1989
is_linear=0
shrinkage=0.08


Tree=102
num_leaves=13
num_cat=0
split_feature=0 4 4 4 2 4 4 1 0 4 4 4
split_gain=0.0984398 0.245566 1.01954 0.842747 0.467649 0.274247 0.240899 0.363006 0.501674 0.209753 0.342833 1.7151e-05
threshold=6.5000000000000009 62.500000000000007 59.500000000000007 64.500000000000014 1.0000000180025095e-35 39.500000000000007 71.500000000000014 1.5000000000000002 1.0000000180025095e-35 69.500000000000014 65.500000000000014 77.500000000000014
decision_type=2 2 2 2 2 2 2 2 2 2 2 2
left_child=6 2 5 -3 -5 -2 9 11 -9 10 -1 -8
right_child=1 3 -4 4 -6 -7 7 8 -10 -11 -12 -13
leaf_value=-0.0010187438495655977 -0.0013542274036462893 0.05742408369007948 -0.054131503637789138 -0.025371832439870873 0.016019604035375366 0.0078600387319248503 -0.08056961424768827 -0.085801616815462403 0.040144104080917453 0.018624365915141099 -0.02900437270233867 -0.081420120864954801
leaf_weight=135.16968519566581 60.569907080382109 2.2006314508616907 2.1349326856434336 2.7205857457593083 4.8813764211954549 31.38450345210731 0.29104896087665 0.30167627520859241 0.61514971413998865 3.3623486533761016 2.8608028106391421 0.31704233438358642
leaf_count=3489 578 23 21 32 63 316 50 8 55 30 95 40
internal_value=-9.67502e-05 0.00177715 0.000521747 0.013827 0.00120646 0.00179065 -0.00145895 -0.0330857 -0.00129761 -0.00111786 -0.00159877 -0.081013
internal_weight=246.81 103.892 94.0893 9.80259 7.60196 91.9544 142.918 1.52492 0.916826 141.393 138.03 0.608091
internal_count=4800 1033 915 118 95 894 3767 153 63 3614 3584 90
is_linear=0
shrinkage=0.08


Tree=103
num_leaves=12
num_cat=0
split_feature=4 4 0 4 4 1 2 4 4 2 4
split_gain=0.100156 0.893751 0.332159 0.426836 0.152262 0.738324 1.96355 1.65848 0.277224 3.07275 0.67268
threshold=76.500000000000014 77.500000000000014 1.5000000000000002 85.500000000000014 65.500000000000014 1.5000000000000002 1.5000000000000002 70.500000000000014 62.500000000000007 1.0000000180025095e-35 61.500000000000007
decision_type=2 2 2 2 2 2 2 2 2 2 2
left_child=4 -2 -3 -4 8 6 -6 -7 10 -10 -1
right_child=1 2 3 -5 5 7 -8 -9 9 -11 -12
leaf_value=0.00015149660476275267 0.089653084668511004 0.02647286092275181 -0.088583236120951092 0.02032937245368225 -0.0095036403876962907 0.04878951885690011 -0.13632728644220543 -0.038979881841109031 0.10061932387955812 -0.020888773990893318 -0.047156658556087576
leaf_weight=224.07505925511941 0.73423359729349558 0.67912246310152091 0.59547669446328655 0.37552601308561862 5.3979166152421367 3.2817500550299883 0.91353552520740766 2.3750058338046074 1.9324250333011139 4.2866947473958135 1.9402647665701795
leaf_count=4257 16 17 53 32 132 55 20 37 29 103 49
internal_value=-9.03001e-05 0.0162264 -0.0164453 -0.0464623 -0.000249614 -0.00904915 -0.0278604 0.0119393 0.00020387 0.0168666 -0.000254628
internal_weight=246.587 2.38436 1.65013 0.971003 244.203 11.9682 6.31145 5.65676 232.234 6.21912 226.015
internal_count=4800 118 102 85 4682 244 152 92 4438 132 4306
is_linear=0
shrinkage=0.08


Tree=104
num_leaves=12
num_cat=0
split_feature=1 4 4 4 1 4 4 2 0 4 0
split_gain=0.0971179 0.515513 1.16144 1.0766 0.301432 2.85047 4.40523 1.21332 1.14935 2.32603 2.07901
threshold=1.0000000180025095e-35 72.500000000000014 66.500000000000014 49.500000000000007 1.5000000000000002 43.500000000000007 38.500000000000007 1.5000000000000002 3.5000000000000004 26.500000000000004 4.5000000000000009
decision_type=2 2 2 2 2 2 2 2 2 2 2
left_child=1 2 3 -1 5 6 -2 -7 9 -6 -10
right_child=4 -3 -4 -5 8 7 -8 -9 10 -11 -12
leaf_value=-0.00095548051757003282 -0.0067921383282300487 0.051074001300013543 -0.047905031609580553 0.024556636124170184 -0.021083571890352731 -0.041493028777825867 0.063501512553737996 0.021298636137685581 -0.04302416238224066 0.026589057191823817 0.00029566614484363685
leaf_weight=64.610722314566374 30.874553766101599 1.3565967247122888 2.9519786932505658 12.660613426938651 8.9864167068153602 14.828325452865103 6.99930147640407 2.2711166594963279 7.9019279376079785 24.162122610898223 69.027585076284595
leaf_count=1054 771 52 42 281 244 463 138 70 220 616 849
internal_value=-8.79081e-05 0.00217014 0.00134317 0.00322458 -0.00120399 -0.00604181 0.00619852 -0.0331532 0.00121203 0.0136652 -0.00415399
internal_weight=246.631 81.5799 80.2233 77.2713 165.051 54.9733 37.8739 17.0994 110.078 33.1485 76.9295
internal_count=4800 1429 1377 1335 3371 1442 909 533 1929 860 1069
is_linear=0
shrinkage=0.08


Tree=105
num_leaves=15
num_cat=0
split_feature=4 4 2 0 4 4 2 0 0 2 0 2 4 4
split_gain=0.1259 0.700312 0.784959 1.20365 0.73987 0.297208 0.787076 0.590119 0.455761 2.89966 1.61899 0.222648 1.27358 0.322858
threshold=35.500000000000007 37.500000000000007 1.0000000180025095e-35 2.5000000000000004 36.500000000000007 34.500000000000007 1.0000000180025095e-35 4.5000000000000009 2.5000000000000004 1.0000000180025095e-35 3.5000000000000004 1.5000000000000002 45.500000000000007 52.500000000000007
decision_type=2 2 2 2 2 2 2 2 2 2 2 2 2 2
left_child=5 2 4 -4 -2 8 -7 -8 9 -1 -10 13 -13 -3
right_child=1 11 3 -5 -6 6 7 -9 10 -11 -12 12 -14 -15
leaf_value=0.038261903053896242 -0.085428214742116995 0.0052200464080604837 -0.082202491749199635 0.0074610500070584141 -0.011023081137616365 -0.037593852936948398 0.057265482625732569 0.0030199335764715747 0.036520801819580451 -0.022672254065104602 3.1377172316048245e-05 -0.033618751586611199 0.0095912079591310793 -0.0042934726158385386
leaf_weight=6.5584069769829538 1.9444108484312874 58.31512328889221 1.134655689820647 6.1608814299106598 1.5270531754940748 1.2849051989614952 2.7966078463941813 2.3721923511475325 8.6293198438361269 21.008542066439986 79.252002254128456 7.4198651034384993 10.605166852110413 37.518479515740182
leaf_count=164 28 1112 44 100 36 23 46 29 214 554 1206 125 242 877
internal_value=-9.48432e-05 -0.00188286 -0.0213843 -0.00648408 -0.0526983 0.00173312 0.0184403 0.0323698 0.000799168 -0.00817551 0.00361438 -3.87073e-05 -0.00819584 0.00149554
internal_weight=246.528 124.626 10.767 7.29554 3.47146 121.902 6.45371 5.1688 115.448 27.5669 87.8813 113.859 18.025 95.8336
internal_count=4800 2564 208 144 64 2236 98 75 2138 718 1420 2356 367 1989
is_linear=0
shrinkage=0.08


Tree=106
num_leaves=10
num_cat=0
split_feature=4 4 1 0 1 1 4 0 4
split_gain=0.108674 1.08639 1.61186 0.808023 0.954452 1.13241 0.654367 0.721938 0.184862
threshold=1.5000000000000002 3.5000000000000004 1.5000000000000002 1.5000000000000002 1.5000000000000002 1.0000000180025095e-35 5.5000000000000009 6.5000000000000009 10.500000000000002
decision_type=2 2 2 2 2 2 2 2 2
left_child=3 2 -2 -1 5 -5 7 -3 -8
right_child=1 6 -4 4 -6 -7 8 -9 -10
leaf_value=0.058719192907271484 -0.12733270413063127 -0.00011950013296531544 0.0023617920749938663 -0.011754588095363694 -0.034869701057595286 0.079433921568071511 -0.013229936539932617 0.09983138389171696 0.00015719700496666673
leaf_weight=1.6679588090628366 1.0668077645823351 0.97113253362476715 1.4426266476511955 2.171395767480135 3.2454917812719941 1.4559928923845293 6.7994559146463862 0.88303171470761299 226.91670055908617
leaf_count=34 31 36 21 28 49 28 133 9 4431
internal_value=-9.64097e-05 -0.000414482 -0.0527738 0.00877001 -0.00335201 0.0248475 0.00014328 0.0474814 -0.000232272
internal_weight=246.621 238.08 2.50943 8.54084 6.87288 3.62739 235.57 1.85416 233.716
internal_count=4800 4661 52 139 105 56 4609 45 4564
is_linear=0
shrinkage=0.08


Tree=107
num_leaves=14
num_cat=0
split_feature=0 4 0 4 4 1 2 0 4 4 4 2 4
split_gain=0.108811 0.273729 1.50224 2.42418 0.761734 0.899863 0.716392 0.551282 0.241372 0.81938 0.684637 0.407312 0.245493
threshold=6.5000000000000009 27.500000000000004 4.5000000000000009 16.500000000000004 28.500000000000004 1.5000000000000002 1.0000000180025095e-35 4.5000000000000009 62.500000000000007 59.500000000000007 64.500000000000014 1.0000000180025095e-35 15.500000000000002
decision_type=2 2 2 2 2 2 2 2 2 2 2 2 2
left_child=1 2 6 -4 5 -3 -1 -6 9 12 -10 -12 -2
right_child=8 4 3 -5 7 -7 -8 -9 10 -11 11 -13 -14
leaf_value=0.015154891693888117 0.012261673011704806 -0.083264665076270145 -0.018199101034210845 0.053322914053598132 0.00092357716529520631 0.022817233940995822 -0.012321112663946317 -0.01276341398827056 0.053200205384872898 -0.048236651435687901 -0.022499786523949596 0.016296894404430814 0.00014734780100854677
leaf_weight=8.059184428304432 12.372263359371571 1.5848106974735849 4.8390091923065475 8.12622306589037 69.012125338980695 0.75584868527948845 24.646566721610725 25.902825480938191 2.1942433239892107 2.1452548997476688 2.6956824229564518 4.8439335100119933 79.484759700484574
leaf_count=191 125 44 140 190 1807 22 652 721 23 21 32 63 769
internal_value=-9.28878e-05 -0.00152436 0.00358458 0.0266288 -0.0039235 -0.0490086 -0.00555062 -0.00281168 0.00187938 0.000637608 0.0138715 0.00242569 0.00177903
internal_weight=246.663 142.927 45.671 12.9652 97.2556 2.34066 32.7058 94.915 103.736 94.0023 9.73386 7.53962 91.857
internal_count=4800 3767 1173 330 2594 66 843 2528 1033 915 118 95 894
is_linear=0
shrinkage=0.08


Tree=108
num_leaves=15
num_cat=0
split_feature=0 4 4 4 1 0 4 4 4 4 2 4 2 4
split_gain=0.0962933 0.351274 1.29363 0.821165 0.368831 0.195945 0.335516 2.08809 0.877967 0.230851 1.40843 0.683459 0.00287663 0.000352012
threshold=7.5000000000000009 23.500000000000004 6.5000000000000009 28.500000000000004 1.5000000000000002 6.5000000000000009 15.500000000000002 9.5000000000000018 26.500000000000004 27.500000000000004 1.5000000000000002 28.500000000000004 1.5000000000000002 26.500000000000004
decision_type=2 2 2 2 2 2 2 2 2 2 2 2 2 2
left_child=5 2 -2 13 -5 9 7 -7 -8 10 -1 -11 -4 -3
right_child=1 3 12 4 -6 6 8 -9 -10 11 -12 -13 -14 -15
leaf_value=-0.0032234202789387031 0.011922505765573957 0.03088953777497444 -0.081020123988410811 0.0013643959231483635 -0.026096089399748203 -0.011434310866731775 -0.015563664688946693 0.065741760700603072 0.0060689770821490121 -0.047310813990546631 0.033589894787030283 -0.002595008102285933 -0.088002406651759166 0.032407054114513181
leaf_weight=37.749907324556261 2.1627203691750796 2.0081761665642288 0.74553331360220887 7.4180517003405821 5.4157093412941322 5.9715591594576818 15.100111521780489 3.594098336994648 58.619471910991706 2.239357477053999 8.0738372690975648 94.672508018396911 0.76525160297751427 1.9075981974601748
leaf_count=1010 32 29 66 208 141 40 93 23 369 66 163 2528 10 22
internal_value=-9.20125e-05 -0.00535271 -0.0277561 -0.0004392 -0.0102236 0.000383339 0.00346699 0.017563 0.00163793 -0.00141595 0.00326284 -0.00362826 -0.0845568 0.0316288
internal_weight=246.444 20.423 3.67351 16.7495 12.8338 226.021 83.2852 9.56566 73.7196 142.736 45.8237 96.9119 1.51078 3.91577
internal_count=4800 508 108 400 349 4292 525 63 462 3767 1173 2594 76 51
is_linear=0
shrinkage=0.08


Tree=109
num_leaves=16
num_cat=0
split_feature=4 4 2 1 4 4 1 0 3 4 4 4 2 4 4
split_gain=0.093084 0.614741 0.687663 1.1456 0.665922 0.262209 1.29475 0.678211 0.519659 3.96647 0.511454 0.299027 0.195633 1.12197 0.28839
threshold=35.500000000000007 37.500000000000007 1.0000000180025095e-35 1.5000000000000002 36.500000000000007 33.500000000000007 1.0000000180025095e-35 3.5000000000000004 1.0000000180025095e-35 15.500000000000002 34.500000000000007 16.500000000000004 1.5000000000000002 69.500000000000014 52.500000000000007
decision_type=2 2 2 2 2 2 2 2 2 2 2 2 2 2 2
left_child=5 2 4 -4 -2 8 10 -8 11 -10 -7 -1 14 -14 -3
right_child=1 12 3 -5 -6 6 7 -9 9 -11 -12 -13 13 -15 -16
leaf_value=-0.0054684856715985618 -0.081374241797857558 0.0050449160792046099 -0.034558409563227678 0.029667269310713808 -0.010132378811565994 0.081457395995265275 0.02744412388197218 -0.020213767805730923 0.076522125808331523 -0.094466320876469723 0.02316747469690187 0.003943670358437317 -0.0019519725628819736 -0.07883304259702513 -0.0039652999247775456
leaf_weight=30.254669525660574 1.8888784004375321 58.232344146817923 4.0046979151666164 3.1959131862968206 1.5117992982268333 1.8424188233911984 2.8347614351659995 5.8649058155715466 1.4026525365188711 2.2789890421554446 2.0192123614251614 75.543621195014566 16.557081099599603 1.3110470100073133 37.29528511792887
leaf_count=621 28 1112 79 65 36 25 49 85 26 52 29 1349 328 39 877
internal_value=-8.84663e-05 -0.00163221 -0.0200547 -0.00605254 -0.0497031 0.00148001 0.0124274 -0.00468458 0.000223951 -0.0293222 0.0509781 0.00125212 9.01048e-05 -0.00759301 0.00152721
internal_weight=246.038 123.997 10.6013 7.20061 3.40068 122.041 12.5613 8.69967 109.48 3.68164 3.86163 105.798 113.396 17.8681 95.5276
internal_count=4800 2564 208 144 64 2236 188 134 2048 78 54 1970 2356 367 1989
is_linear=0
shrinkage=0.08


Tree=110
num_leaves=13
num_cat=0
split_feature=0 4 4 4 2 4 4 4 4 4 0 0
split_gain=0.0916643 0.227186 0.690843 0.571196 0.361034 0.216348 0.340647 0.455834 0.256907 0.327042 0.202973 3.10355e-05
threshold=6.5000000000000009 62.500000000000007 59.500000000000007 64.500000000000014 1.0000000180025095e-35 71.500000000000014 77.500000000000014 78.500000000000014 69.500000000000014 63.500000000000007 7.5000000000000009 1.5000000000000002
decision_type=2 2 2 2 2 2 2 2 2 2 2 2
left_child=5 2 10 -3 -5 8 11 -8 9 -1 -2 -7
right_child=1 3 -4 4 -6 6 7 -9 -10 -11 -12 -13
leaf_value=-0.00084807179579176912 0.0034727876563779543 0.049516036600838004 -0.044204481663459187 -0.02062268895571075 0.016016687683364762 -0.081637196819580093 0.038265548126557809 -0.081091919477104618 0.02108767634258037 -0.021572352709942746 -0.0059026135761064448 -0.080417849067741104
leaf_weight=132.89038963988423 73.07539371214807 2.1729941163212043 2.1592543427832416 2.6771195728797466 4.8203646319452673 0.33672370994463452 0.60867195669561625 0.3086065033567138 3.2676474824547759 5.0588335338979951 18.52540273591876 0.22145326668396592
leaf_count=3422 454 23 21 32 63 24 14 65 30 162 440 50
internal_value=-8.68814e-05 0.0017265 0.000522379 0.0134011 0.0029339 -0.00140131 -0.0318765 -0.00189073 -0.0010829 -0.00160807 0.0015767 -0.0811534
internal_weight=246.123 103.431 93.7601 9.67048 7.49748 142.692 1.47546 0.917278 141.217 137.949 91.6008 0.558177
internal_count=4800 1033 915 118 95 3767 153 79 3614 3584 894 74
is_linear=0
shrinkage=0.08


Tree=111
num_leaves=16
num_cat=0
split_feature=4 2 4 4 4 4 1 2 0 4 1 1 0 4 1
split_gain=0.092493 3.43437 6.25263 1.76115 1.7481 1.58392 1.36574 1.21095 2.82115 6.21681 2.24204 0.867284 0.492353 1.43416 0.635078
threshold=49.500000000000007 1.0000000180025095e-35 70.500000000000014 70.500000000000014 52.500000000000007 73.500000000000014 1.0000000180025095e-35 1.0000000180025095e-35 1.0000000180025095e-35 37.500000000000007 1.0000000180025095e-35 1.5000000000000002 1.5000000000000002 37.500000000000007 1.0000000180025095e-35
decision_type=2 2 2 2 2 2 2 2 2 2 2 2 2 2 2
left_child=7 2 4 11 -2 -4 -5 8 9 -1 -10 -3 13 -9 -14
right_child=1 3 5 6 -6 -7 -8 12 10 -11 -12 -13 14 -15 -16
leaf_value=0.12190108069601284 0.13045440893816848 -0.027411178261185897 -0.17425680889440684 0.10880894378451013 0.04821721042498249 -0.03249223598594958 0.010574578894835967 -0.021190194141772745 0.0082251441344770044 -0.083876494170391003 -0.031023099813438867 -0.0021658327615925797 -0.003249649533444129 0.019135123444031517 0.0089346193643485162
leaf_weight=2.7192204836755982 2.0478204153478137 17.529427363537252 0.80398764857090954 1.2680150733795006 8.6083275191485864 1.3536554930906275 3.170703897398198 16.635565635748211 13.79636551812291 1.4357322882860897 28.677074325270951 17.308821060694754 41.540501831565052 8.5431247623637301 80.306880065239966
leaf_count=65 45 472 15 41 179 47 116 443 215 33 549 313 619 204 1444
internal_value=-8.13754e-05 0.00291113 0.0388748 -0.00882171 0.064021 -0.085317 0.0386373 -0.000886325 -0.0121197 0.0507952 -0.0182744 -0.0148684 0.00267628 -0.00750782 0.00478073
internal_weight=245.745 52.0908 12.8138 39.277 10.6561 2.15764 4.43872 193.654 46.6284 4.15495 42.4734 34.8382 147.026 25.1787 121.847
internal_count=4800 1228 286 942 224 62 157 3572 862 98 764 785 2710 647 2063
is_linear=0
shrinkage=0.08


Tree=112
num_leaves=10
num_cat=0
split_feature=4 4 1 0 1 1 4 1 4
split_gain=0.0953987 0.933862 1.56567 0.683212 0.807653 0.890397 0.5729 0.618512 0.166678
threshold=1.5000000000000002 3.5000000000000004 1.5000000000000002 1.5000000000000002 1.5000000000000002 1.0000000180025095e-35 5.5000000000000009 1.0000000180025095e-35 10.500000000000002
decision_type=2 2 2 2 2 2 2 2 2
left_child=3 2 -2 -1 5 -5 7 -3 -8
right_child=1 6 -4 4 -6 -7 8 -9 -10
leaf_value=0.053086451411259061 -0.12766696262465074 0.093094253092464913 0.0031230439561008463 -0.011042029412467262 -0.032496356847807245 0.068447864253109933 -0.01267725134772904 0.00027481168325942058 0.00013219854552476995
leaf_weight=1.73222356662154 0.98269791575148624 0.87868157774209865 1.4502601269632578 2.1466335263103247 3.2060622610151768 1.5552773438394072 6.6936325156129888 0.96303200349211693 226.19756922265515
leaf_count=34 31 12 21 28 49 28 133 33 4431
internal_value=-9.47632e-05 -0.000395579 -0.0497044 0.00816237 -0.00310266 0.0223539 0.000115497 0.044559 -0.000235964
internal_weight=245.806 237.166 2.43296 8.6402 6.90797 3.70191 234.733 1.84171 232.891
internal_count=4800 4661 52 139 105 56 4609 45 4564
is_linear=0
shrinkage=0.08


Tree=113
num_leaves=14
num_cat=0
split_feature=4 4 2 4 1 4 4 0 0 3 4 4 1
split_gain=0.0902641 0.816029 3.60975 2.25882 1.2674 1.04441 0.803 0.764465 2.4849 0.297662 2.32966 0.846548 0.00041485
threshold=18.500000000000004 16.500000000000004 1.0000000180025095e-35 15.500000000000002 1.0000000180025095e-35 13.500000000000002 20.500000000000004 2.5000000000000004 4.5000000000000009 1.0000000180025095e-35 33.500000000000007 21.500000000000004 1.5000000000000002
decision_type=2 2 2 2 2 2 2 2 2 2 2 2 2
left_child=1 3 -3 5 -4 -1 7 -2 -9 11 -11 -8 -5
right_child=6 2 4 12 -6 -7 9 8 -10 10 -12 -13 -14
leaf_value=-0.0029164908325746398 -0.083437328866991373 -0.084844703585810602 0.10795082590062043 -0.083921278750796177 0.028306587949652001 0.037866672083396162 0.040217680450169338 0.069348479921119491 -0.052353359599808587 -0.093834557171192587 0.020231177406738538 -7.2174363506086685e-05 -0.081635960792047046
leaf_weight=24.913064896129079 1.3023994509130705 1.4286700328811992 2.0371846780180931 1.1538597885519259 3.4347748784348369 4.7916535153053692 3.3965753503143779 1.5555601250380275 3.466455512214452 1.7464416455477465 3.3327581172343343 192.37860992852075 0.90874099498614658
leaf_count=501 36 34 30 33 63 97 60 34 48 42 90 3712 20
internal_value=-9.07623e-05 0.00345747 0.0283927 -0.00195906 0.0579578 0.00366222 -0.000753006 -0.0288206 -0.0146564 0.000130774 -0.0189894 0.000626829 -0.0829144
internal_weight=245.847 38.6679 6.90063 31.7673 5.47196 29.7047 207.179 6.32442 5.02202 200.854 5.0792 195.775 2.0626
internal_count=4800 778 127 651 93 598 4022 118 82 3904 132 3772 53
is_linear=0
shrinkage=0.08


Tree=114
num_leaves=11
num_cat=0
split_feature=0 4 1 4 4 4 4 4 4 4
split_gain=0.0944846 0.20768 0.338686 0.390326 0.228739 0.29934 0.202835 0.848054 0.628913 1.59762e-05
threshold=6.5000000000000009 71.500000000000014 1.5000000000000002 77.500000000000014 69.500000000000014 63.500000000000007 1.0000000180025095e-35 3.5000000000000004 15.500000000000002 77.500000000000014
decision_type=2 2 2 2 2 2 2 2 2 2
left_child=1 4 9 -4 5 -1 -2 -8 -9 -3
right_child=6 2 3 -5 -6 -7 7 8 -10 -11
leaf_value=-0.00089233599950065093 0.021829123540862617 -0.080526987195017094 -0.081604423065589168 0.033085856870025437 0.019733808769732183 -0.020833738964416256 -0.047147054985285902 0.025695092234336397 0.00049206702508652108 -0.081391895830561639
leaf_weight=132.91428089281544 3.1224457379430524 0.25325439230073132 0.27149446553084999 0.63200633940869011 3.2885312400758258 4.9988168925046912 2.2763758692890397 6.8110264926217488 90.99771083088126 0.29694558175106067
leaf_count=3422 23 50 24 39 30 162 26 76 908 40
internal_value=-9.37014e-05 -0.00142764 -0.0315109 -0.00137762 -0.00111793 -0.00161513 0.00175009 0.00112367 0.00224711 -0.0809938
internal_weight=245.863 142.655 1.4537 0.903501 141.202 137.913 103.208 100.085 97.8087 0.5502
internal_count=4800 3767 153 63 3614 3584 1033 1010 984 90
is_linear=0
shrinkage=0.08


Tree=115
num_leaves=16
num_cat=0
split_feature=4 4 2 0 4 4 2 4 0 2 0 0 2 4 4
split_gain=0.0832722 0.530378 0.586112 1.10638 0.614028 0.247212 0.577988 1.28748 0.573989 0.352142 4.88701 2.38688 0.16594 1.19027 0.242346
threshold=35.500000000000007 37.500000000000007 1.0000000180025095e-35 4.5000000000000009 36.500000000000007 25.500000000000004 1.5000000000000002 22.500000000000004 1.0000000180025095e-35 1.0000000180025095e-35 1.5000000000000002 1.0000000180025095e-35 1.5000000000000002 45.500000000000007 45.500000000000007
decision_type=2 2 2 2 2 2 2 2 2 2 2 2 2 2 2
left_child=5 2 4 -4 -2 6 8 -8 -1 10 -7 -11 14 -14 -3
right_child=1 12 3 -5 -6 9 7 -9 -10 11 -12 -13 13 -15 -16
leaf_value=0.019556633119153337 -0.077486128836162169 0.0063110470213544531 -0.049838303319866085 0.016579866133889138 -0.0084977433969924097 0.13924233535014929 0.027404046370366666 -0.042211662451655932 -0.0078593713286478316 -0.061174232330142346 -0.004688243377890723 0.0076703095024571177 -0.031910288842378155 0.010177623748078964 -0.0019186435868866899
leaf_weight=5.4122171550989142 1.8349906355142576 38.126930933445692 2.4240648336708546 4.751292634755373 1.5011640302836895 1.7906619012355793 9.2535101715475303 2.0829372182488433 50.398714357055724 3.5072257174178949 9.6255724960938078 39.784168042242527 7.279975580051544 10.507257705045047 57.343900257634232
leaf_count=138 28 676 80 64 36 39 139 32 990 85 172 641 125 242 1313
internal_value=-8.76594e-05 -0.00154923 -0.0187393 -0.00585831 -0.0464435 0.00139687 -0.00185559 0.014613 -0.00520073 0.0053889 0.0178876 0.00209291 4.61878e-05 -0.00704816 0.00136794
internal_weight=245.625 123.77 10.5115 7.17536 3.33615 121.855 67.1474 11.3364 55.8109 54.7076 11.4162 43.2914 113.258 17.7872 95.4708
internal_count=4800 2564 208 144 64 2236 1299 171 1128 937 211 726 2356 367 1989
is_linear=0
shrinkage=0.08


Tree=116
num_leaves=14
num_cat=0
split_feature=0 4 2 4 1 0 4 4 4 4 0 4 4
split_gain=0.0879426 0.321116 1.18095 0.923945 1.12334 0.181134 0.281675 1.63233 0.729243 0.202427 1.24612 0.648562 0.000110104
threshold=7.5000000000000009 52.500000000000007 1.0000000180025095e-35 51.500000000000007 1.5000000000000002 6.5000000000000009 15.500000000000002 9.5000000000000018 26.500000000000004 27.500000000000004 4.5000000000000009 28.500000000000004 63.500000000000007
decision_type=2 2 2 2 2 2 2 2 2 2 2 2 2
left_child=5 3 -3 4 -2 9 7 -7 -8 10 -1 -11 -4
right_child=1 2 12 -5 -6 6 8 -9 -10 11 -12 -13 -14
leaf_value=-0.0054071639811807725 0.010265498601443209 0.019657229747776298 -0.081284021785848107 0.074458355774043167 -0.033285582469690128 -0.0090039038749440189 -0.013982126258708956 0.060017911103808878 0.0057288179099405402 -0.046491386350941841 0.023654465311232765 -0.0024470373810012566 -0.082693428805052455
leaf_weight=32.61365907266736 10.46231590444223 1.5079540335573249 0.69241054169833638 0.979829091578721 5.9439292210154226 5.9701884165406209 15.132794659584759 3.465949572622776 58.260629753232934 2.1893039448186746 13.290941680781541 94.419452640082454 0.72741096362005919
leaf_count=843 227 34 49 12 150 40 93 23 369 66 330 2528 36
internal_value=-9.21231e-05 -0.00513352 -0.0296443 -0.00100597 -0.00551292 0.000362341 0.00333746 0.0163482 0.00166467 -0.00136681 0.00300717 -0.00344515 -0.0820061
internal_weight=245.657 20.3138 2.92778 17.3861 16.4062 225.343 82.8296 9.43614 73.3934 142.513 45.9046 96.6088 1.41982
internal_count=4800 508 119 389 377 4292 525 63 462 3767 1173 2594 85
is_linear=0
shrinkage=0.08


Tree=117
num_leaves=16
num_cat=0
split_feature=4 2 4 0 4 4 1 2 4 0 0 1 4 4 0
split_gain=0.0794703 2.80839 5.21278 1.62076 1.54385 1.42979 1.23477 0.990194 2.34181 3.19364 1.72309 0.760987 0.429228 1.91513 1.16537
threshold=49.500000000000007 1.0000000180025095e-35 70.500000000000014 1.5000000000000002 70.500000000000014 73.500000000000014 1.0000000180025095e-35 1.0000000180025095e-35 34.500000000000007 1.0000000180025095e-35 6.5000000000000009 1.5000000000000002 42.500000000000007 41.500000000000007 6.5000000000000009
decision_type=2 2 2 2 2 2 2 2 2 2 2 2 2 2 2
left_child=7 2 3 -2 11 -4 -6 8 9 -1 -10 -3 13 -9 -14
right_child=1 4 5 -5 6 -7 -8 12 10 -11 -12 -13 14 -15 -16
leaf_value=0.084510776006979871 -0.0074037227285791932 -0.025731769609939437 -0.16684631526401983 0.071261938492397564 0.10459576931346623 -0.030352551068730801 0.010082619359593217 0.0023552153606921956 -0.053687821486308629 -0.0052523162072195166 -0.0055360094283783126 -0.0019419648943133907 0.025103011217030114 -0.050230838002416234 -0.0089822692961296167
leaf_weight=2.8331641461700228 2.0599552411586037 17.218533898703754 0.77675098599865977 8.9978293757885677 1.2285852483473707 1.3358997440082019 3.1603294119704515 115.54465150600299 10.730567714665085 24.242491253186017 8.5426661493256688 17.203407283872366 16.128298651427034 4.6091826613992444 10.664454201236365
leaf_count=56 49 472 15 175 41 47 116 2148 285 442 79 313 381 82 99
internal_value=-8.92838e-05 0.00268756 0.0346082 0.0566073 -0.00814469 -0.0805367 0.0365396 -0.000836037 -0.0110313 0.00414039 -0.032345 -0.0138421 0.00237969 0.000337979 0.0115359
internal_weight=245.277 51.9813 13.1704 11.0578 38.8109 2.11265 4.38891 193.295 46.3489 27.0757 19.2732 34.4219 146.947 120.154 26.7928
internal_count=4800 1228 286 224 942 62 157 3572 862 498 364 785 2710 2230 480
is_linear=0
shrinkage=0.08


Tree=118
num_leaves=15
num_cat=0
split_feature=0 4 4 2 4 4 0 4 2 4 0 4 4 2
split_gain=0.0826349 0.327072 1.04376 1.69117 0.78337 1.38634 0.168333 0.246232 0.929424 0.897715 0.199308 1.4616 0.426895 0.000398389
threshold=7.5000000000000009 52.500000000000007 63.500000000000007 1.0000000180025095e-35 48.500000000000007 44.500000000000007 6.5000000000000009 30.500000000000004 1.5000000000000002 32.500000000000007 5.5000000000000009 20.500000000000004 46.500000000000007 1.0000000180025095e-35
decision_type=2 2 2 2 2 2 2 2 2 2 2 2 2 2
left_child=6 4 13 -4 5 -2 10 8 -8 -9 12 -12 -1 -3
right_child=1 2 3 -5 -6 -7 7 9 -10 -11 11 -13 -14 -15
leaf_value=0.0024146779818144258 0.00016148778056122501 -0.083961562999870273 0.084039301806505332 -0.082489037303151672 0.041041723283291733 -0.083253501185268308 0.0025991019290204083 0.050902692835969376 -0.040282557113479119 0.0041331803254753821 -0.081946280581361691 -0.0019243943497400256 -0.008528950386773565 -0.081173455290755786
leaf_weight=95.07779002469033 13.475847192108636 0.68286450207233362 0.92285647126845993 0.67632482247427106 2.4552170485258094 1.4084247704595316 28.777194246649742 2.7804709523916236 3.6444991715252391 47.460603530053049 1.6106578386388744 15.700154711259527 30.01440022783936 0.63115457026287913
leaf_count=2234 323 17 17 36 28 38 179 21 23 302 86 459 988 49
internal_value=-9.80044e-05 -0.00499264 -0.0297956 0.0136112 -0.000825501 -0.00773166 0.000342442 0.00321404 -0.00222119 0.00672153 -0.00132448 -0.00936991 -0.000211117 -0.0826224
internal_weight=245.318 20.2527 2.9132 1.59918 17.3395 14.8843 225.066 82.6628 32.4217 50.2411 142.403 17.3108 125.092 1.31402
internal_count=4800 508 119 53 389 361 4292 525 202 323 3767 545 3222 66
is_linear=0
shrinkage=0.08


Tree=119
num_leaves=10
num_cat=0
split_feature=4 4 1 0 1 1 4 4 1
split_gain=0.0790425 0.709001 1.53606 0.504297 0.668389 0.709767 0.494755 0.988257 0.953725
threshold=1.5000000000000002 3.5000000000000004 1.5000000000000002 1.5000000000000002 1.5000000000000002 1.0000000180025095e-35 7.5000000000000009 9.5000000000000018 1.0000000180025095e-35
decision_type=2 2 2 2 2 2 2 2 2
left_child=3 2 -2 -1 5 -5 8 -8 -3
right_child=1 6 -4 4 -6 -7 7 -9 -10
leaf_value=0.044601955559278726 -0.1261881749311905 0.079238305625100688 0.0067263352269360203 -0.010203428698521939 -0.029634611287150104 0.059724847887737839 -0.057829528800997662 2.6242371901651843e-05 0.0010874382393265469
leaf_weight=1.8392794206738452 0.90020615328103226 1.4684911314398039 1.4573449622839689 2.1366870384663343 3.1646178308874369 1.6434522382915022 1.9053786071017373 227.34899447418866 3.1285432130098343
leaf_count=34 31 23 21 28 49 28 49 4468 69
internal_value=-9.651e-05 -0.000373614 -0.0440257 0.00735501 -0.00250964 0.0201986 6.64605e-05 -0.000454608 0.0260522
internal_weight=244.993 236.209 2.35755 8.78404 6.94476 3.78014 233.851 229.254 4.59703
internal_count=4800 4661 52 139 105 56 4609 4517 92
is_linear=0
shrinkage=0.08


Tree=120
num_leaves=16
num_cat=0
split_feature=4 2 4 4 4 0 0 2 4 0 0 1 4 1 4
split_gain=0.0782838 2.30278 4.4093 1.34203 1.28252 1.25929 1.18931 0.856016 2.0493 2.47565 1.58822 0.660489 0.435798 2.09307 0.988793
threshold=49.500000000000007 1.0000000180025095e-35 70.500000000000014 70.500000000000014 73.500000000000014 1.5000000000000002 4.5000000000000009 1.0000000180025095e-35 34.500000000000007 1.0000000180025095e-35 6.5000000000000009 1.5000000000000002 47.500000000000007 1.0000000180025095e-35 42.500000000000007
decision_type=2 2 2 2 2 2 2 2 2 2 2 2 2 2 2
left_child=7 2 5 11 -4 -2 -5 8 9 -1 -10 -3 14 -14 -9
right_child=1 3 4 6 -6 -7 -8 12 10 -11 -12 -13 13 -15 -16
leaf_value=0.07142542293297581 -0.0062270868799078226 -0.023880877454781881 -0.15921337019028625 -0.011469184363148404 -0.028506949024771747 0.063300286705750899 0.072506966454076116 0.00023397915205139908 -0.052001875383643321 -0.0049361889546816647 -0.005225706192166394 -0.0015819544166176087 -0.089401244076412242 0.012797871711156029 0.019011652704185051
leaf_weight=3.0611941218376186 2.0311839524656525 16.897191606462002 0.75380955811124239 1.9718188553524658 1.3249085820134494 9.3045032294467074 2.3847060500411317 120.21349877119064 10.214565333910286 24.178789527155459 8.5209321407601237 17.108733575791121 1.8619513232260931 4.1214070729911327 21.097132483497262
leaf_count=56 49 472 15 92 47 175 65 2230 285 442 79 313 43 86 351
internal_value=-9.2447e-05 0.00267014 0.0312011 -0.00730642 -0.0759053 0.050842 0.0344983 -0.000832543 -0.0103622 0.00364523 -0.030728 -0.0126621 0.002142 -0.0190053 0.00303741
internal_weight=245.046 51.7769 13.4144 38.3625 2.07872 11.3357 4.35652 193.269 45.9755 27.24 18.7355 34.0059 147.294 5.98336 141.311
internal_count=4800 1228 286 942 62 224 157 3572 862 498 364 785 2710 129 2581
is_linear=0
shrinkage=0.08


Tree=121
num_leaves=16
num_cat=0
split_feature=1 4 0 4 4 4 0 4 0 4 0 4 2 1 4
split_gain=0.0869903 0.460935 1.9801 2.01602 1.75214 1.95451 0.811429 0.28352 2.13535 2.97523 2.143 1.23695 0.714792 0.650093 0.000412246
threshold=1.0000000180025095e-35 49.500000000000007 7.5000000000000009 52.500000000000007 45.500000000000007 43.500000000000007 6.5000000000000009 60.500000000000007 2.5000000000000004 63.500000000000007 5.5000000000000009 55.500000000000007 1.0000000180025095e-35 1.5000000000000002 54.500000000000007
decision_type=2 2 2 2 2 2 2 2 2 2 2 2 2 2 2
left_child=1 4 3 -3 5 -1 -6 11 9 -9 -10 12 -2 -13 -4
right_child=7 2 14 -5 6 -7 -8 8 10 -11 -12 13 -14 -15 -16
leaf_value=-0.0014016072530033091 -0.010912899449246083 0.078875785842827867 -0.087167269319676249 0.0070297923691112468 -0.022185680817891774 0.055852715883391843 -0.09302757714419016 0.12994923208944267 -0.084398321902554557 0.011381582883381779 0.0048905754525189063 -0.082400056663558471 0.0024980511093550179 -0.022512866563406415 -0.084184809523577278
leaf_weight=55.776768031995744 33.353529740124941 3.1267303153872499 0.61225415673106975 12.462228236370718 2.617877220734953 4.0961827486753455 1.7111685760319231 1.8331842590123439 2.2297585445485293 5.1867222953005694 7.5294517310830997 1.4972017873078574 107.14350299257785 5.1520382091403008 0.57533637713640928
leaf_count=901 677 54 13 278 77 62 14 31 123 114 142 69 2114 101 30
internal_value=-9.81337e-05 0.00204706 0.0138543 0.0214402 -0.00103828 0.00251542 -0.0501878 -0.00115785 0.0086947 0.0423444 -0.0155099 -0.00228134 -0.000685664 -0.0359976 -0.0857224
internal_weight=244.904 80.9785 16.7765 15.589 64.202 59.873 4.32905 163.925 16.7791 7.01991 9.75921 147.146 140.497 6.64924 1.18759
internal_count=4800 1429 375 332 1054 963 91 3371 410 145 265 2961 2791 170 43
is_linear=0
shrinkage=0.08


Tree=122
num_leaves=16
num_cat=0
split_feature=0 4 4 4 0 2 4 4 0 0 4 2 4 4 4
split_gain=0.108431 3.22376 4.32522 2.18683 2.84784 2.06643 1.46517 3.57512 5.35061 3.29101 1.37098 0.78367 0.664713 0.384693 0.00173732
threshold=2.5000000000000004 54.500000000000007 46.500000000000007 61.500000000000007 1.0000000180025095e-35 1.5000000000000002 53.500000000000007 49.500000000000007 4.5000000000000009 4.5000000000000009 42.500000000000007 1.0000000180025095e-35 63.500000000000007 48.500000000000007 69.500000000000014
decision_type=2 2 2 2 2 2 2 2 2 2 2 2 2 2 2
left_child=1 2 10 4 -3 -5 7 11 -9 14 -1 -2 -11 -4 -8
right_child=6 3 13 5 -6 -7 9 8 -10 12 -12 -13 -14 -15 -16
leaf_value=-0.0080381688504805454 -0.0097239252258654926 -0.016462951847393735 -0.040626649017619483 -0.0072651340453102221 0.13326383806117065 0.10499771353697536 -0.082315666561641479 0.17335458738230958 0.021271086360184745 -0.016518441570807948 0.032586139700856373 0.0041470194085457763 0.010634842798240949 -0.083173427031471583 -0.08695066697973701
leaf_weight=39.034780193120241 34.061207644641399 1.1924883229657992 1.8910397421568621 6.4252542299509514 2.5548338741064072 1.2542058465769512 3.4085084432736066 1.8687444953247885 7.1269554677419364 13.221008255612107 6.1550180986523619 111.07568395044655 10.237973288109059 4.8438345156610012 0.61021679187251709
leaf_count=998 581 41 57 156 74 32 155 56 108 238 131 1773 198 151 51
internal_value=-0.000102983 -0.00295275 -0.0114186 0.0355169 0.0856172 0.0110696 0.000891107 0.00392505 0.0528645 -0.0161274 -0.00250499 0.00089174 -0.0046682 -0.071227 -0.0830195
internal_weight=244.962 63.3515 51.9247 11.4268 3.74732 7.67946 181.61 154.133 8.9957 27.4777 45.1898 145.137 23.459 6.73487 4.01873
internal_count=4800 1640 1337 303 115 188 3160 2518 164 642 1129 2354 436 208 206
is_linear=0
shrinkage=0.08


Tree=123
num_leaves=16
num_cat=0
split_feature=0 4 4 0 4 4 4 0 4 2 4 2 0 4 1
split_gain=0.0941242 2.65803 4.01028 1.66536 3.03497 1.48848 1.25304 3.0903 2.86451 4.29484 0.748198 0.664481 0.594086 0.00136257 0.000261974
threshold=2.5000000000000004 54.500000000000007 48.500000000000007 1.0000000180025095e-35 64.500000000000014 68.500000000000014 53.500000000000007 4.5000000000000009 49.500000000000007 1.0000000180025095e-35 32.500000000000007 1.0000000180025095e-35 6.5000000000000009 69.500000000000014 1.0000000180025095e-35
decision_type=2 2 2 2 2 2 2 2 2 2 2 2 2 2 2
left_child=1 2 10 5 -5 -3 8 13 11 -10 -1 -2 -9 -8 -4
right_child=6 3 14 4 -6 -7 7 12 9 -11 -12 -13 -14 -15 -16
leaf_value=-0.013208474107979635 -0.0089786515100088206 -0.050161564526528063 -0.083708469310107655 0.096953698831480917 0.00055978521760338413 0.064695823633981422 -0.082135827618558768 -0.030336971375228141 0.15163958247405324 0.018567296138085554 0.0070406079284646428 0.0038085358484371379 0.0019293494251254859 -0.086396343126354941 -0.082446958242204008
leaf_weight=24.965684291906655 33.942532119341195 2.3940278245136137 1.6918326560407866 4.3544298466294986 4.0205810464976821 1.0339967692270873 3.1530594998039336 4.5252698133699623 1.9638013876974563 7.4060975047759712 21.942963250912726 111.26355610461906 18.924448833800852 0.56676818085543335 2.7925509298220277
leaf_count=668 581 76 47 101 98 28 155 211 31 133 518 1773 225 51 104
internal_value=-0.000123751 -0.00278323 -0.0106459 0.0314526 0.050678 -0.0155171 0.000800995 -0.0150432 0.0035859 0.0464574 -0.00373634 0.000819477 -0.00429733 -0.082785 -0.0829229
internal_weight=244.942 63.1961 51.393 11.803 8.37501 3.42802 181.746 27.1695 154.576 9.3699 46.9086 145.206 23.4497 3.71983 4.48438
internal_count=4800 1640 1337 303 199 104 3160 642 2518 164 1186 2354 436 206 151
is_linear=0
shrinkage=0.08


Tree=124
num_leaves=15
num_cat=0
split_feature=0 4 4 4 4 2 0 4 4 4 4 1 4 2
split_gain=0.0936912 0.309622 1.22214 0.736943 1.37437 0.25535 0.146016 0.308863 1.35097 0.584447 0.196798 0.324573 0.267197 0.00256778
threshold=7.5000000000000009 23.500000000000004 6.5000000000000009 32.500000000000007 40.500000000000007 1.5000000000000002 6.5000000000000009 15.500000000000002 9.5000000000000018 26.500000000000004 71.500000000000014 1.5000000000000002 69.500000000000014 1.5000000000000002
decision_type=2 2 2 2 2 2 2 2 2 2 2 2 2 2
left_child=6 2 -2 5 -5 -3 10 8 -8 -9 12 -12 -1 -4
right_child=1 3 13 4 -6 -7 7 9 -10 -11 11 -13 -14 -15
leaf_value=-0.0014531408440242189 0.011332977326012777 0.01099455363703619 -0.080958237830739146 -0.082109658051677026 -0.0015116012806375811 0.047472289361372079 -0.0062393381724799891 -0.012718576809602256 0.056900327159699719 0.0049227719649683381 -0.080989668756554944 -0.0017285902517914415 0.021912101715506786 -0.087779480897741249
leaf_weight=137.38206217531115 2.1417467370629342 4.960244698449972 0.68252550810575463 1.6106759160757054 8.4985224982956407 1.6323520541191099 5.9749838821589929 15.17030258849263 3.4046310558915138 57.854958727257326 0.52236594162240979 0.90093705101753585 3.205441426485776 0.73197150602936745
leaf_count=3584 32 91 66 72 225 12 40 93 23 369 90 63 30 10
internal_value=-0.000135942 -0.00534637 -0.0267799 -0.000782626 -0.0143531 0.0200266 0.000334405 0.00301325 0.0166792 0.00125795 -0.00122006 -0.0308182 -0.000920406 -0.0844881
internal_weight=244.674 20.258 3.55624 16.7018 10.1092 6.5926 224.416 82.4049 9.37961 73.0253 142.011 1.4233 140.588 1.4145
internal_count=4800 508 108 400 297 103 4292 525 63 462 3767 153 3614 76
is_linear=0
shrinkage=0.08


Tree=125
num_leaves=15
num_cat=0
split_feature=0 4 4 2 4 4 1 4 4 4 1 4 4 2
split_gain=0.0811018 0.306661 0.916846 1.37876 0.576124 1.29397 0.132108 0.837647 1.67707 1.34343 0.51367 2.25946 0.689685 0.00036067
threshold=7.5000000000000009 52.500000000000007 63.500000000000007 1.0000000180025095e-35 48.500000000000007 44.500000000000007 1.0000000180025095e-35 49.500000000000007 56.500000000000007 48.500000000000007 1.5000000000000002 50.500000000000007 7.5000000000000009 1.0000000180025095e-35
decision_type=2 2 2 2 2 2 2 2 2 2 2 2 2 2
left_child=6 4 13 -4 5 -2 7 9 -9 -1 11 -8 -12 -3
right_child=1 2 3 -5 -6 -7 10 8 -10 -11 12 -13 -14 -15
leaf_value=0.00047853078764805167 0.00031510056614652833 -0.083840766713101728 0.067664604456208186 -0.082394293673002231 0.033888474259707806 -0.083032262616179686 -0.00073249824355641911 0.050776506735009809 -0.0024444295154837435 -0.082999870802935194 0.028556968743542237 -0.049998922588201711 0.00051395644892836777 -0.081058029846966403
leaf_weight=57.797148836776614 13.397452008444821 0.64376736246049338 1.0088893228676168 0.64075378724373866 2.5794826410710803 1.3085629567503918 41.068013888318092 6.4525251407176247 9.1811373563250509 1.2607164718210686 5.9634985411539665 6.9687081189476876 95.449461120879278 0.5551408315077424
leaf_count=917 323 17 17 36 28 38 980 132 200 27 98 308 1630 49
internal_value=-0.000128785 -0.00499242 -0.0293135 0.00937878 -0.000984448 -0.00710127 0.000308103 0.0030554 0.0195216 -0.00130349 -0.00106493 -0.0078796 0.002163 -0.0825523
internal_weight=244.275 20.134 2.84855 1.64964 17.2855 14.706 224.141 74.6915 15.6337 59.0579 149.45 48.0367 101.413 1.19891
internal_count=4800 508 119 53 389 361 4292 1276 332 944 3016 1288 1728 66
is_linear=0
shrinkage=0.08


Tree=126
num_leaves=11
num_cat=0
split_feature=4 4 0 2 4 0 1 0 4 4
split_gain=0.0786971 0.541391 0.508999 1.01865 0.524061 0.395118 0.620473 0.173892 2.49541 0.887615
threshold=68.500000000000014 65.500000000000014 1.0000000180025095e-35 1.5000000000000002 70.500000000000014 1.5000000000000002 1.0000000180025095e-35 2.5000000000000004 54.500000000000007 53.500000000000007
decision_type=2 2 2 2 2 2 2 2 2 2
left_child=1 7 -2 4 -4 -3 -7 8 -1 -9
right_child=2 5 3 -5 -6 6 -8 9 -10 -11
leaf_value=-0.0099226298240424407 0.058958180821274388 0.010796498458897531 0.033399829306992965 -0.077518665916639029 -0.0066980987782612675 -0.008288310820266917 -0.097137673146318715 0.0032283042847364293 0.041353849305666844 -0.015495867571627124
leaf_weight=50.902392311953008 1.0688284033676598 0.8481131568551058 3.4868323346599901 0.95793445198796767 5.1924086236394942 0.97148310719057951 1.0431907987222073 154.58086792798713 6.8971978668123475 18.100434014340863
leaf_count=1337 28 26 40 32 166 17 53 2518 174 409
internal_value=-0.000127423 -0.000435136 0.00657937 0.000770199 0.009411 -0.0350108 -0.0542942 -5.67407e-06 -0.00380383 0.00126564
internal_weight=244.05 233.344 10.706 9.63718 8.67924 2.86279 2.01467 230.481 57.7996 172.681
internal_count=4800 4534 266 238 206 96 70 4438 1511 2927
is_linear=0
shrinkage=0.08


Tree=127
num_leaves=15
num_cat=0
split_feature=0 4 1 4 4 4 0 4 2 2 4 0 0 4
split_gain=0.0725604 0.285729 1.16959 2.46416 0.614127 0.332305 0.124531 0.257752 1.67382 1.19508 0.180893 3.84058 0.690068 4.50691e-05
threshold=7.5000000000000009 23.500000000000004 1.5000000000000002 6.5000000000000009 28.500000000000004 31.500000000000004 6.5000000000000009 45.500000000000007 1.5000000000000002 1.5000000000000002 55.500000000000007 2.5000000000000004 2.5000000000000004 26.500000000000004
decision_type=2 2 2 2 2 2 2 2 2 2 2 2 2 2
left_child=6 2 3 -2 13 -6 10 8 -8 -9 12 -12 -1 -3
right_child=1 4 -4 -5 5 -7 7 9 -10 -11 11 -13 -14 -15
leaf_value=-0.0071689166369260839 0.080445574959307292 0.026997389413798634 -0.092203926411761422 -0.084617345027146226 -0.040843354602041665 -0.0037598484328403236 0.0051182277015325425 0.0013276232569181038 -0.035390012364643085 0.047305261374067042 0.018878147480571993 -0.058275512045467118 0.0049591054594387528 0.026463254357897318
leaf_weight=51.195177981629968 1.2960434742271929 2.06947919353843 1.1356864124536517 1.0459749670699237 1.8077165503054846 10.703260250273159 50.293187633156776 19.936593063175682 7.5021648779511443 4.4203281850786871 11.577200648258442 6.4184046499867682 72.612008959054947 1.9766981676220892
leaf_count=1362 17 29 40 51 39 310 312 137 48 28 278 359 1768 22
internal_value=-0.00012204 -0.00473459 -0.0255805 0.00672639 -0.000356066 -0.00911806 0.000290595 0.00276905 -0.000139972 0.00967171 -0.00114527 -0.00863987 -5.59204e-05 0.0267364
internal_weight=243.99 20.0349 3.4777 2.34202 16.5572 12.511 223.955 82.1523 57.7954 24.3569 141.803 17.9956 123.807 4.04618
internal_count=4800 508 108 68 400 349 4292 525 360 165 3767 637 3130 51
is_linear=0
shrinkage=0.08


Tree=128
num_leaves=15
num_cat=0
split_feature=4 4 2 0 4 4 0 0 2 0 0 2 4 4
split_gain=0.0675281 0.432976 0.405588 0.993978 0.620634 0.280764 0.433465 0.697747 0.335112 1.96062 0.443721 0.205815 1.15612 0.206705
threshold=35.500000000000007 37.500000000000007 1.0000000180025095e-35 2.5000000000000004 36.500000000000007 34.500000000000007 6.5000000000000009 2.5000000000000004 1.5000000000000002 1.0000000180025095e-35 1.0000000180025095e-35 1.5000000000000002 69.500000000000014 45.500000000000007
decision_type=2 2 2 2 2 2 2 2 2 2 2 2 2 2
left_child=5 2 4 -4 -2 8 7 -7 10 -10 -1 13 -13 -3
right_child=1 11 3 -5 -6 6 -8 -9 9 -11 -12 12 -14 -15
leaf_value=0.015368723832275142 -0.072934915692914534 0.0060443760543366365 -0.081867615841626912 0.0053524505293309167 -0.0012009435639426436 0.040547512314715858 0.048906497665639287 -0.023332926973471127 -0.083846435595650262 0.016230446969167835 -0.0034501702804989039 -0.0021379221363859984 -0.080180336218145493 -0.0015962777203634617
leaf_weight=8.8441645009443146 1.7453069477342051 37.883000835776329 0.96917823143303383 6.095836753025651 1.3840349493548274 1.900307923555373 1.9551344998180864 2.5800916850566864 1.3413865994662071 18.98593776486814 85.908369543496519 16.354378850664947 1.3123326887143765 56.393479059348465
leaf_count=218 28 676 44 100 36 31 17 50 35 273 1612 328 39 1313
internal_value=-0.000119948 -0.00144837 -0.0172323 -0.00661239 -0.0412087 0.00121528 0.0174765 0.0037612 0.000305916 0.00962644 -0.00169362 -1.09718e-05 -0.00793513 0.00147396
internal_weight=243.653 122.138 10.1944 7.06501 3.12934 121.515 6.43553 4.4804 115.08 20.3273 94.7525 111.943 17.6667 94.2765
internal_count=4800 2564 208 144 64 2236 98 81 2138 308 1830 2356 367 1989
is_linear=0
shrinkage=0.08


Tree=129
num_leaves=13
num_cat=0
split_feature=4 4 2 4 4 0 2 0 1 4 0 4
split_gain=0.0822362 0.466806 0.463361 2.49425 1.16123 0.514234 1.0568 0.336212 0.600027 0.151284 1.75606 0.195799
threshold=68.500000000000014 65.500000000000014 1.0000000180025095e-35 70.500000000000014 73.500000000000014 1.0000000180025095e-35 1.5000000000000002 1.5000000000000002 1.0000000180025095e-35 63.500000000000007 5.5000000000000009 61.500000000000007
decision_type=2 2 2 2 2 2 2 2 2 2 2 2
left_child=1 9 3 -2 -5 -4 -7 -3 -9 11 -11 -1
right_child=2 7 5 4 -6 6 -8 8 -10 10 -12 -13
leaf_value=-1.5982868605595891e-06 0.07577036832375908 0.0083178239035019575 0.071580615147071716 -0.15424762252646351 -0.027514117311965496 0.022464488463239528 -0.069800082859529752 -0.0072958079151683808 -0.096691955374557145 -0.042855859174200928 0.061138265294917053 -0.017975143673373172
leaf_weight=221.94987979438156 1.1395611148327573 0.87006760947406236 0.98003291990607966 0.71424662036588449 1.3139301528426583 5.6335342299717013 0.92496885055152223 0.9691574480384586 0.95306401373818517 1.8682656423188735 2.3418189724907279 3.9480212058406314
leaf_count=4257 12 26 23 15 47 137 32 17 53 57 33 91
internal_value=-0.00011508 -0.000430226 0.00674048 -0.0189339 -0.0721448 0.017529 0.00945209 -0.0329433 -0.0516197 -3.56892e-05 0.0149899 -0.000315722
internal_weight=243.607 232.9 10.7063 3.16774 2.02818 7.53854 6.5585 2.79229 1.92222 230.108 4.21008 225.898
internal_count=4800 4534 266 74 62 192 169 96 70 4438 90 4348
is_linear=0
shrinkage=0.08


Tree=130
num_leaves=13
num_cat=0
split_feature=1 4 2 4 4 2 4 2 4 4 4 0
split_gain=0.0753386 0.520283 1.71231 1.45338 0.877702 0.526967 0.251243 1.05672 0.610897 0.805353 0.426914 0.0816602
threshold=1.0000000180025095e-35 70.500000000000014 1.0000000180025095e-35 69.500000000000014 75.500000000000014 1.0000000180025095e-35 75.500000000000014 1.0000000180025095e-35 68.500000000000014 70.500000000000014 65.500000000000014 1.5000000000000002
decision_type=2 2 2 2 2 2 2 2 2 2 2 2
left_child=1 3 -3 5 -4 -1 8 -8 10 -10 -2 -9
right_child=6 2 4 -5 -6 -7 7 11 9 -11 -12 -13
leaf_value=0.013995548397749278 -0.0012764318416147525 -0.064821820962569721 0.17189647641132846 -0.086999281400110359 0.032089032717459096 -0.0014235658642550567 -0.10560282712800734 0.038594451678142072 0.053091642864006271 -0.0070238054701933427 -0.042092141855283538 -0.0050043861435273077
leaf_weight=18.656108980998397 153.5528725264594 0.59717570361681183 0.57618035346968077 1.1849558753892768 0.57337296381592751 59.196905669989064 0.72546741979021945 0.59986187261529245 3.0406291931867591 2.6862735543982126 1.6577884228900064 0.50759292814473156
leaf_count=319 3109 20 16 10 25 1039 27 14 30 62 74 55
internal_value=-0.000109798 0.00188741 0.0450742 0.000932988 0.102163 0.00227135 -0.00110103 -0.0305524 -0.000765611 0.0248938 -0.00171238 0.0186113
internal_weight=243.555 80.7847 1.74673 79.038 1.14955 77.853 162.77 1.83292 160.938 5.7269 155.211 1.10745
internal_count=4800 1429 61 1368 41 1358 3371 96 3275 92 3183 69
is_linear=0
shrinkage=0.08


Tree=131
num_leaves=15
num_cat=0
split_feature=0 4 4 4 1 4 0 4 1 4 4 0 4 2
split_gain=0.0728192 0.271404 0.827745 0.487022 1.19501 0.223351 0.125542 0.275553 0.524506 0.333639 0.210691 0.306337 0.195437 0.000267423
threshold=7.5000000000000009 52.500000000000007 63.500000000000007 48.500000000000007 1.5000000000000002 68.500000000000014 6.5000000000000009 54.500000000000007 1.0000000180025095e-35 18.500000000000004 71.500000000000014 1.0000000180025095e-35 69.500000000000014 1.0000000180025095e-35
decision_type=2 2 2 2 2 2 2 2 2 2 2 2 2 2
left_child=6 3 13 4 -2 -4 10 9 -9 -8 12 -12 -1 -3
right_child=1 2 5 -5 -6 -7 7 8 -10 -11 11 -13 -14 -15
leaf_value=-0.0012761848312834328 0.0097545505052032185 -0.083472375086605086 -0.014810695291642162 0.030589584087954376 -0.038547830173732013 0.046127868589240423 0.012853610043069341 0.031713780525907585 0.00088684718212756841 -0.0020006051765130203 -0.084782327309732314 -0.0058458852939325869 0.018714930068490426 -0.080956378962011313
leaf_weight=136.99880737555213 9.6025878749787861 0.5861418787389987 1.0526563213206825 2.643054984509944 4.9770418442785731 0.60683791944757093 11.737850435078142 5.699450254440305 9.290380813064985 55.128526100888848 0.46788018872029968 0.96074116285308264 3.2029412370175114 0.50186532945372164
leaf_count=3584 218 17 25 28 143 28 82 33 73 337 23 130 30 49
internal_value=-0.000103071 -0.00473153 -0.0280816 -0.00100654 -0.00673441 0.0074731 0.000310516 0.0028046 0.0126079 0.000606932 -0.00113095 -0.0316979 -0.000819483 -0.0823118
internal_weight=243.457 19.9702 2.7475 17.2227 14.5796 1.65949 223.487 81.8562 14.9898 66.8664 141.63 1.42862 140.202 1.08801
internal_count=4800 508 119 389 361 53 4292 525 106 419 3767 153 3614 66
is_linear=0
shrinkage=0.08


Tree=132
num_leaves=12
num_cat=0
split_feature=4 4 0 4 4 4 1 4 0 2 2
split_gain=0.0669471 0.602752 0.175946 0.437774 0.0733859 0.354897 0.388962 0.242132 0.382631 0.288643 0.188671
threshold=76.500000000000014 77.500000000000014 1.5000000000000002 85.500000000000014 35.500000000000007 37.500000000000007 1.5000000000000002 34.500000000000007 6.5000000000000009 1.5000000000000002 1.5000000000000002
decision_type=2 2 2 2 2 2 2 2 2 2 2
left_child=4 -2 -3 -4 7 6 -6 9 -9 -1 -7
right_child=1 2 3 -5 5 10 -8 8 -10 -11 -12
leaf_value=-0.0015425895337635167 0.079597497061118766 0.016335418175681432 -0.086690817962100389 0.028594351521589151 -0.029697938990954884 0.0011245720031045738 0.002033759533008021 0.0035343601005308023 0.0462553526851925 0.008958282021439919 -0.0080018534320685352
leaf_weight=94.605198399163783 0.63498074375092928 0.72736458783037938 0.49025414665811695 0.36983093571325298 5.7266626926138979 92.24734349391656 4.3504741620272398 4.4902059473097315 1.9135894048959015 20.357938764616847 17.200358264672104
leaf_count=1830 16 17 53 32 118 1892 90 81 17 308 346
internal_value=-9.78967e-05 0.0137234 -0.0126263 -0.037119 -0.00022541 -0.00163245 -0.0159988 0.00116027 0.0163003 0.000316929 -0.0003097
internal_weight=243.114 2.22243 1.58745 0.860085 240.892 119.525 10.0771 121.367 6.4038 114.963 109.448
internal_count=4800 118 102 85 4682 2446 208 2236 98 2138 2238
is_linear=0
shrinkage=0.08


Tree=133
num_leaves=10
num_cat=0
split_feature=0 4 4 4 4 4 4 4 1
split_gain=0.0657878 0.263603 0.882637 1.24692 0.116694 1.85848 0.975146 0.809389 0.525098
threshold=7.5000000000000009 1.0000000180025095e-35 6.5000000000000009 23.500000000000004 6.5000000000000009 7.5000000000000009 4.5000000000000009 9.5000000000000018 1.5000000000000002
decision_type=2 2 2 2 2 2 2 2 2
left_child=4 -2 -3 -4 6 -6 8 -7 -1
right_child=1 2 3 -5 5 7 -8 -9 -10
leaf_value=-0.015104789592079549 -0.040501460369578801 0.073539993550729654 -0.083977316067651298 -0.00035929932864672847 0.080398203147932654 -0.053690437664976103 -0.071061714129908624 0.00048408723550480702 0.021464958770726822
leaf_weight=5.7165946429595333 1.2216606047004486 0.93670174293220299 1.226139997132125 16.504299327149056 1.8575370516628016 1.780120807699858 1.3635925324633706 207.90438312209881 4.4839798081666231
leaf_count=113 12 20 76 400 24 42 36 4003 74
internal_value=-9.08646e-05 -0.00449961 -0.00214349 -0.00614186 0.000302153 0.000729931 -0.00752313 2.41715e-05 0.000970581
internal_weight=242.995 19.8888 18.6671 17.7304 223.106 211.542 11.5642 209.685 10.2006
internal_count=4800 508 496 476 4292 4069 223 4045 187
is_linear=0
shrinkage=0.08


Tree=134
num_leaves=10
num_cat=0
split_feature=4 4 2 0 1 1 4 1 4
split_gain=0.065281 0.693059 0.639611 0.492809 0.581598 0.5607 0.376993 0.418191 0.169297
threshold=1.5000000000000002 3.5000000000000004 1.0000000180025095e-35 1.5000000000000002 1.5000000000000002 1.0000000180025095e-35 5.5000000000000009 1.0000000180025095e-35 13.500000000000002
decision_type=2 2 2 2 2 2 2 2 2
left_child=3 2 -2 -1 5 -5 7 -3 -8
right_child=1 6 -4 4 -6 -7 8 -9 -10
leaf_value=0.043281766872725107 0.0094099484589351117 0.075878367150534198 -0.076909796099127514 -0.0099299117969536884 -0.028867019987791048 0.051356256495977616 -0.0095647065335727807 -0.00026789494737075245 0.00030703199651977125
leaf_weight=1.8573930971324424 0.89100901409983579 0.8827248504385341 1.4328712867572901 2.1239623595029116 3.105700314976275 1.7365225777029993 11.715240912511943 0.96752633713185787 218.23564253945369
leaf_count=34 10 12 42 28 49 28 265 33 4299
internal_value=-8.77346e-05 -0.000342315 -0.0438136 0.0066673 -0.00309521 0.0176378 9.34983e-05 0.0360603 -0.000195901
internal_weight=242.949 234.125 2.32388 8.82358 6.96619 3.86048 231.801 1.85025 229.951
internal_count=4800 4661 52 139 105 56 4609 45 4564
is_linear=0
shrinkage=0.08


Tree=135
num_leaves=15
num_cat=0
split_feature=0 4 4 4 0 4 0 4 0 4 2 4 4 1
split_gain=0.0669036 1.64135 3.81503 1.45706 0.837619 0.786013 2.81263 2.09587 3.19889 0.66935 0.60533 0.551138 0.00107753 0.000278691
threshold=2.5000000000000004 54.500000000000007 48.500000000000007 55.500000000000007 1.5000000000000002 53.500000000000007 4.5000000000000009 49.500000000000007 4.5000000000000009 32.500000000000007 1.0000000180025095e-35 63.500000000000007 69.500000000000014 1.0000000180025095e-35
decision_type=2 2 2 2 2 2 2 2 2 2 2 2 2 2
left_child=1 2 9 -3 -5 7 12 10 -9 -1 -2 -8 -7 -4
right_child=5 3 13 4 -6 6 11 8 -10 -11 -12 -13 -14 -15
leaf_value=-0.011317569181553416 -0.0089507776403360568 0.13220365845607213 -0.083551122855125698 0.0012229084333722233 0.046235612902732266 -0.081856532332885007 -0.013292122537199533 0.12027827986166409 0.012948783497508722 0.008004425825905593 0.0032890816049357531 0.011922452044262344 -0.085911026164876378 -0.082198661976995047
leaf_weight=24.330680289305747 33.692943227710202 0.74423029460012813 1.5967936413362611 7.6639970683027041 4.0407634208677337 2.6986210765317113 12.715475030243399 2.34205548558384 7.3690898814238608 21.715377725660801 111.22517089452595 9.842473838645672 0.4967174509729374 2.5045641297474504
leaf_count=668 581 25 47 177 101 155 238 56 108 518 1773 198 51 104
internal_value=-8.27807e-05 -0.00233626 -0.0087907 0.0236637 0.0167624 0.000699221 -0.0122409 0.00285437 0.0388336 -0.00220529 0.000443358 -0.00229051 -0.0824868 -0.0827252
internal_weight=242.979 62.5964 50.1474 12.449 11.7048 180.383 25.7533 154.629 9.71115 46.0461 144.918 22.5579 3.19534 4.10136
internal_count=4800 1640 1337 303 278 3160 642 2518 164 1186 2354 436 206 151
is_linear=0
shrinkage=0.08


Tree=136
num_leaves=15
num_cat=0
split_feature=4 4 2 1 4 4 0 0 2 4 0 2 4 4
split_gain=0.0697048 0.310654 0.346791 0.91058 0.545614 0.191116 0.339704 0.565561 0.246097 1.35061 0.381927 0.142008 1.04902 0.194248
threshold=35.500000000000007 37.500000000000007 1.0000000180025095e-35 1.5000000000000002 36.500000000000007 34.500000000000007 6.5000000000000009 2.5000000000000004 1.5000000000000002 31.500000000000004 1.0000000180025095e-35 1.5000000000000002 48.500000000000007 52.500000000000007
decision_type=2 2 2 2 2 2 2 2 2 2 2 2 2 2
left_child=5 2 4 -4 -2 8 7 -7 10 -10 -1 13 -13 -3
right_child=1 11 3 -5 -6 6 -8 -9 9 -11 -12 12 -14 -15
leaf_value=0.014555095793779655 -0.068007778224332835 0.0038473625201292591 -0.031403106707449051 0.026713542729081087 3.1814722841977305e-05 0.034839853804316548 0.043381008338906152 -0.022170712749721096 -0.00085816154763386087 0.053849897042950137 -0.0028510574908208936 -0.025392252979111723 0.013804186114455819 -0.0036278136654763122
leaf_weight=8.9092432428151351 1.6792954774573428 58.289550438523293 3.8113471530377865 3.1526666926220059 1.3693918762728572 1.9853519424796093 1.872478889301419 2.5364048890769482 16.912076743319634 3.4828174673020831 85.422039207071066 9.236006451770665 8.294090490882807 35.981672107176564
leaf_count=218 28 1112 79 65 36 31 17 50 253 55 1612 158 209 877
internal_value=-9.30339e-05 -0.00144429 -0.0149441 -0.00509322 -0.0374461 0.00126596 0.0147266 0.00286072 0.000515731 0.00848428 -0.00120711 -0.000235271 -0.00684707 0.000994219
internal_weight=242.934 121.814 10.0127 6.96401 3.04869 121.12 6.39424 4.52176 114.726 20.3949 94.3313 111.801 17.5301 94.2712
internal_count=4800 2564 208 144 64 2236 98 81 2138 308 1830 2356 367 1989
is_linear=0
shrinkage=0.08


Tree=137
num_leaves=16
num_cat=0
split_feature=0 4 4 0 4 4 4 4 0 4 2 2 4 4 4
split_gain=0.0708658 1.404 3.54397 1.20768 1.98049 1.11611 1.04557 0.667635 2.62989 1.65602 2.94588 0.493661 0.473648 0.371993 0.000834754
threshold=2.5000000000000004 54.500000000000007 46.500000000000007 1.0000000180025095e-35 64.500000000000014 68.500000000000014 42.500000000000007 53.500000000000007 4.5000000000000009 49.500000000000007 1.0000000180025095e-35 1.0000000180025095e-35 62.500000000000007 48.500000000000007 69.500000000000014
decision_type=2 2 2 2 2 2 2 2 2 2 2 2 2 2 2
left_child=1 2 6 5 -5 -3 -1 9 14 11 -11 -2 -10 -4 -9
right_child=7 3 13 4 -6 -7 -8 8 12 10 -12 -13 -14 -15 -16
leaf_value=-0.0058802549637674961 -0.0079965611055826686 -0.049827369273632884 -0.038414209272692595 0.070155970979785404 -0.0046212862143064524 0.046046549582441129 0.029242091185053248 -0.081709201135416604 -0.013357911161394787 0.11447571294436794 0.010731773359405457 0.0030775950553393683 0.0098306627711766265 -0.082520660679869323 -0.085419590284443001
leaf_weight=37.972889514639974 33.52086356584914 2.3725824253633614 1.8033425323665131 5.0598444193601591 4.1064964954275638 1.1556356106884775 6.3286512997001401 2.4919997407123478 11.494061483303087 2.2618678193539363 7.7671150141395628 111.30931118456647 11.064168757649893 3.8080694852396846 0.45963640946138173
leaf_count=998 581 76 57 101 98 28 131 155 217 31 133 1773 219 151 51
internal_value=-8.8913e-05 -0.00240788 -0.00844962 0.0213473 0.036656 -0.0184247 -0.000862888 0.000716018 -0.011276 0.00269146 0.0341295 0.000514488 -0.00198458 -0.0683461 -0.082287
internal_weight=242.977 62.6075 49.913 12.6946 9.16634 3.52822 44.3015 180.369 25.5099 154.859 10.029 144.83 22.5582 5.61141 2.95164
internal_count=4800 1640 1337 303 199 104 1129 3160 642 2518 164 2354 436 208 206
is_linear=0
shrinkage=0.08


Tree=138
num_leaves=14
num_cat=0
split_feature=0 4 2 4 4 1 4 4 4 1 4 0 4
split_gain=0.0757533 0.242212 0.831778 0.3293 1.1961 0.126601 0.682737 1.35986 1.20035 0.422228 2.16505 0.656672 9.55551e-05
threshold=7.5000000000000009 52.500000000000007 1.0000000180025095e-35 48.500000000000007 44.500000000000007 1.0000000180025095e-35 49.500000000000007 59.500000000000007 45.500000000000007 1.5000000000000002 43.500000000000007 3.5000000000000004 63.500000000000007
decision_type=2 2 2 2 2 2 2 2 2 2 2 2 2
left_child=5 3 -3 4 -2 6 8 -8 -1 10 -7 -11 -4
right_child=1 2 12 -5 -6 9 7 -9 -10 11 -12 -13 -14
leaf_value=0.0021659869691544897 0.00073314294405198827 0.0090340662637745078 -0.080874365371777404 0.023892766816810598 -0.082762348067341965 0.0038249287567177232 0.039756738371157313 -0.0076925403166757432 -0.043191416399514217 0.01103732790584417 -0.033563930845164965 -0.0026544769968492483 -0.082401150373677179
leaf_weight=54.818911574780941 13.25274229724892 1.6215417247731232 0.45639353012666084 2.7773867174983016 1.1972463894635428 33.49837049189955 8.399519316852091 7.1612860581371924 4.0070856539532533 33.604522314170026 14.077576701107317 67.348933807574213 0.61704155430197716
leaf_count=860 323 34 49 28 38 811 165 167 84 860 477 868 36
internal_value=-9.81941e-05 -0.00482461 -0.0271269 -0.00133574 -0.00618483 0.000324213 0.0030182 0.01792 -0.00092365 -0.001025 -0.00723832 0.00190313 -0.081752
internal_weight=242.839 19.9224 2.69498 17.2274 14.45 222.916 74.3868 15.5608 58.826 148.529 47.5759 100.953 1.07344
internal_count=4800 508 119 389 361 4292 1276 332 944 3016 1288 1728 85
is_linear=0
shrinkage=0.08


Tree=139
num_leaves=16
num_cat=0
split_feature=0 4 4 4 4 4 0 4 2 4 4 1 2 4 1
split_gain=0.0804193 1.19115 3.2934 0.999461 1.38709 0.55274 2.47075 1.26343 2.23106 0.550581 0.439818 0.419207 0.418407 0.000622283 0.00021718
threshold=2.5000000000000004 54.500000000000007 48.500000000000007 56.500000000000007 58.500000000000007 53.500000000000007 4.5000000000000009 49.500000000000007 1.0000000180025095e-35 32.500000000000007 62.500000000000007 1.5000000000000002 1.0000000180025095e-35 69.500000000000014 1.0000000180025095e-35
decision_type=2 2 2 2 2 2 2 2 2 2 2 2 2 2 2
left_child=1 2 9 11 -5 7 13 12 -9 -1 -8 -3 -2 -7 -4
right_child=5 3 14 4 -6 6 10 8 -10 -11 -12 -13 -14 -15 -16
leaf_value=-0.010813144484086233 -0.0072319655573045228 0.12134742295016214 -0.083153832580093373 -0.083081222283892142 0.01935672352283303 -0.08159117812216804 -0.012499605625330132 0.096503969863184644 0.0088766079071892056 0.0066768752325207376 0.0099119067575739149 0.035275756493889115 0.0029763023701758931 -0.084932691519791353 -0.081876655546876245
leaf_weight=24.169227348640561 33.40523552079685 0.78211842663586029 1.4165215101093047 0.91973920725285907 10.549571580428163 2.3074049777351351 11.41002911119722 2.4369394667446596 7.8487041499465704 22.008521690033376 11.013608088214822 0.67443927936255932 111.35436178185046 0.42189991709892627 2.1385841909796
leaf_count=668 581 24 47 29 231 155 217 31 133 518 219 19 1773 51 104
internal_value=-9.74404e-05 -0.0025662 -0.00818949 0.0190696 0.0111421 0.000761001 -0.0102394 0.0025456 0.0296378 -0.00247732 -0.00149195 0.0814931 0.000620606 -0.0821077 -0.0823855
internal_weight=242.857 62.6587 49.7329 12.9259 11.4693 180.198 25.1529 155.045 10.2856 46.1777 22.4236 1.45656 144.76 2.7293 3.55511
internal_count=4800 1640 1337 303 260 3160 642 2518 164 1186 436 43 2354 206 151
is_linear=0
shrinkage=0.08


Tree=140
num_leaves=16
num_cat=0
split_feature=0 4 2 4 4 4 0 4 4 4 4 0 4 4 4
split_gain=0.076147 0.227702 1.352 1.29813 1.33349 0.778532 0.129568 0.246241 0.385768 0.338848 0.216237 0.957049 0.590008 2.99118e-05 1.85725e-05
threshold=7.5000000000000009 32.500000000000007 1.0000000180025095e-35 40.500000000000007 42.500000000000007 23.500000000000004 6.5000000000000009 54.500000000000007 59.500000000000007 15.500000000000002 27.500000000000004 4.5000000000000009 28.500000000000004 35.500000000000007 25.500000000000004
decision_type=2 2 2 2 2 2 2 2 2 2 2 2 2 2 2
left_child=6 2 14 13 -5 -4 10 9 -9 -8 11 -1 -12 -3 -2
right_child=1 3 5 4 -6 -7 7 8 -10 -11 12 -13 -14 -15 -16
leaf_value=-0.0041467268032259691 -0.082437279221664675 -0.082445211201751661 -0.019084441486323406 0.089697098146996126 -0.012422354067920492 0.030545802281748045 0.014974699040007245 0.029314582381991135 0.002470130950537071 -0.0015079856136194247 -0.045114570302120613 0.021199137449801696 -0.0023609701030915509 -0.081711622977854392 -0.083127752044075243
leaf_weight=32.076683733612299 0.41682567819953209 0.57964440993964561 3.0710810604505223 0.91965792141854574 7.4307775634806603 5.9264958091080189 9.2729484960436803 5.3681484423577777 9.4701699668075872 57.351162917912006 2.1124414363875976 13.567327719647436 93.603162586354301 0.92086015921086073 0.62041519954800606
leaf_count=843 29 22 84 20 205 79 63 35 71 356 66 330 2528 50 19
internal_value=-0.000102709 -0.00484603 0.00363574 -0.0134861 -0.00117564 0.0136059 0.000320609 0.00286184 0.0121818 0.000786125 -0.00114385 0.00338713 -0.00330454 -0.081995 -0.0828503
internal_weight=242.708 19.8858 10.0348 9.85094 8.35044 8.99758 222.822 81.4624 14.8383 66.6241 141.36 45.644 95.7156 1.5005 1.03724
internal_count=4800 508 211 297 225 163 4292 525 106 419 3767 1173 2594 72 48
is_linear=0
shrinkage=0.08


Tree=141
num_leaves=12
num_cat=0
split_feature=0 4 4 4 0 1 1 4 4 0 0
split_gain=0.0662729 0.206377 0.770524 1.1111 0.109974 0.230585 1.85651 1.05342 0.208671 0.307803 0.198862
threshold=7.5000000000000009 1.0000000180025095e-35 6.5000000000000009 23.500000000000004 6.5000000000000009 1.0000000180025095e-35 1.5000000000000002 49.500000000000007 71.500000000000014 1.0000000180025095e-35 5.5000000000000009
decision_type=2 2 2 2 2 2 2 2 2 2 2
left_child=4 -2 -3 -4 8 7 -7 -6 10 -10 -1
right_child=1 2 3 -5 5 6 -8 -9 9 -11 -12
leaf_value=0.00038087985754371587 -0.036984151746144077 0.067352356686981502 -0.083647018571163495 -0.0010685346354775208 4.2296967140228969e-05 -0.033682813057573951 0.0062363061942920144 0.037047462407002636 -0.084859352245142225 -0.0054948295448413046 -0.0088202347584573505
leaf_weight=122.66420078440569 1.1797534842044139 0.9591281302273299 1.1129511529579783 16.544123325613327 21.427644766867164 8.9515463360585255 44.633752144873142 6.3919353559613219 0.46608691196888574 0.95065669631730998 17.132911580614746
leaf_count=3088 12 20 76 400 124 146 215 40 23 130 526
internal_value=-0.000100775 -0.00453657 -0.00248028 -0.00627358 0.000293669 0.00263556 -0.000432274 0.00854475 -0.00105635 -0.0316045 -0.000746768
internal_weight=242.415 19.796 18.6162 17.6571 222.619 81.4049 53.5853 27.8196 141.214 1.41674 139.797
internal_count=4800 508 496 476 4292 525 361 164 3767 153 3614
is_linear=0
shrinkage=0.08


Tree=142
num_leaves=10
num_cat=0
split_feature=4 4 2 0 1 1 4 4 4
split_gain=0.0655929 0.616295 0.602988 0.434236 0.501756 0.450114 0.334028 0.892983 0.728344
threshold=1.5000000000000002 3.5000000000000004 1.0000000180025095e-35 1.5000000000000002 1.5000000000000002 1.0000000180025095e-35 7.5000000000000009 6.5000000000000009 9.5000000000000018
decision_type=2 2 2 2 2 2 2 2 2
left_child=3 2 -2 -1 5 -5 7 -3 -8
right_child=1 6 -4 4 -6 -7 8 -9 -10
leaf_value=0.040617247930743221 0.0096350465099792545 -0.01063913166355057 -0.074821170935146369 -0.0087437702252642861 -0.02681650018175169 0.045715881919314 -0.051351518884806054 0.0601991352501733 2.5713345548046817e-05
leaf_weight=1.8947766907513122 0.88818217068910543 2.5178666273131958 1.3842460997402666 2.1012693885713816 3.0629004640504718 1.8062069825828078 1.7799545628949989 2.0795429740101099 224.23628351146181
leaf_count=34 10 64 42 28 49 28 49 28 4468
internal_value=-9.60835e-05 -0.000353185 -0.0418113 0.00665794 -0.00257331 0.0164299 5.53361e-05 0.0214031 -0.0003789
internal_weight=241.751 232.886 2.27243 8.86515 6.97038 3.90748 230.614 4.59741 226.016
internal_count=4800 4661 52 139 105 56 4609 92 4517
is_linear=0
shrinkage=0.08


Tree=143
num_leaves=16
num_cat=0
split_feature=4 4 2 0 1 1 0 4 4 0 0 2 2 4 4
split_gain=0.0630439 0.253271 0.279787 0.918315 0.567203 0.17266 1.13967 1.44344 1.14666 0.596933 1.637 1.06278 0.131976 1.09689 0.193737
threshold=35.500000000000007 37.500000000000007 1.0000000180025095e-35 4.5000000000000009 1.0000000180025095e-35 1.0000000180025095e-35 2.5000000000000004 33.500000000000007 2.5000000000000004 3.5000000000000004 4.5000000000000009 1.0000000180025095e-35 1.5000000000000002 69.500000000000014 52.500000000000007
decision_type=2 2 2 2 2 2 2 2 2 2 2 2 2 2 2
left_child=5 2 4 -4 -2 6 8 -8 -1 11 -11 -7 14 -14 -3
right_child=1 12 3 -5 -6 9 7 -9 -10 10 -12 -13 13 -15 -16
leaf_value=0.055657875912738616 0.0030742532556591834 0.0037391501330417253 -0.046974425574728466 0.015300503254850726 -0.066906107059432104 0.036746266151087906 0.0071829587297581208 0.067119473525724338 -0.031262778497775999 -0.040646611552022462 -0.00019830298956756678 -0.00042682485850357256 -0.0010113571451795074 -0.077857998116724975 -0.0037622419182851935
leaf_weight=1.1137864701449851 1.393506405875085 58.179031200706959 2.2391345957294106 4.6890319250524044 1.5836488958448172 6.6146788280457285 28.753718933090571 2.8241188824176779 7.5944405002519488 7.4040157953277221 47.396114755189046 19.238183310255408 16.061444651335481 1.2837730366227322 35.468011794662743
leaf_count=15 19 1112 80 64 45 158 413 38 196 190 693 533 328 39 877
internal_value=-9.11358e-05 -0.00138302 -0.0136401 -0.00482631 -0.0341507 0.00120031 0.00547727 0.0125433 -0.0201456 -0.000936029 -0.00566325 0.00908423 -0.000289164 -0.00669901 0.000898062
internal_weight=241.837 120.898 9.90532 6.92817 2.97716 120.939 40.2861 31.5778 8.70823 80.653 54.8001 25.8529 110.992 17.3452 93.647
internal_count=4800 2564 208 144 64 2236 662 451 211 1574 883 691 2356 367 1989
is_linear=0
shrinkage=0.08


Tree=144
num_leaves=13
num_cat=0
split_feature=0 2 4 1 4 4 4 4 4 4 1 4
split_gain=0.0603446 0.217738 1.00907 0.564478 0.899395 0.639761 0.119474 0.107444 1.3195 0.890136 0.6094 0.601139
threshold=7.5000000000000009 1.5000000000000002 27.500000000000004 1.0000000180025095e-35 44.500000000000007 49.500000000000007 33.500000000000007 6.5000000000000009 7.5000000000000009 4.5000000000000009 1.5000000000000002 9.5000000000000018
decision_type=2 2 2 2 2 2 2 2 2 2 2 2
left_child=7 3 -3 4 -2 -5 -4 9 -9 10 -1 -10
right_child=1 2 6 5 -6 -7 -8 8 11 -11 -12 -13
leaf_value=-0.016381548084828439 -0.0089470216674837205 0.054353052066828902 -0.03896348639103607 -0.011643366432077393 -0.086554543710103626 0.030463171324476606 -0.0022136923390563856 0.065733453948500067 -0.047355011284145751 -0.069792971716612168 0.022893700452574856 0.00047055122837030584
leaf_weight=5.8333681458607298 3.1434402032755342 1.9366237856447686 1.368437107652426 7.6510498079005611 1.3731975965201852 3.3078337630722672 0.9657131842104717 1.9778618775308121 1.6958375587128092 1.2924692630767811 4.4626748263835907 206.65536075544514
leaf_count=113 86 17 11 229 46 81 38 24 42 36 74 4003
internal_value=-9.16304e-05 -0.00432958 0.0116617 -0.0087427 -0.0325421 0.00106609 -0.0237589 0.000285464 0.000698654 -0.00721384 0.000641755 8.12836e-05
internal_weight=241.664 19.7463 4.27077 15.4755 4.51664 10.9589 2.33415 221.918 210.329 11.5885 10.296 208.351
internal_count=4800 508 66 442 132 310 49 4292 4069 223 187 4045
is_linear=0
shrinkage=0.08


Tree=145
num_leaves=16
num_cat=0
split_feature=0 1 4 4 4 4 4 4 4 0 4 0 4 0 4
split_gain=0.0562165 1.07168 3.16746 2.99036 2.71998 0.905246 3.3799 1.84877 0.537688 2.23979 1.06233 1.98792 0.426472 0.367306 0.00048286
threshold=2.5000000000000004 1.5000000000000002 24.500000000000004 30.500000000000004 12.500000000000002 44.500000000000007 42.500000000000007 54.500000000000007 53.500000000000007 4.5000000000000009 49.500000000000007 4.5000000000000009 63.500000000000007 3.5000000000000004 69.500000000000014
decision_type=2 2 2 2 2 2 2 2 2 2 2 2 2 2 2
left_child=1 5 4 -4 -3 6 -1 -7 10 14 13 -12 -11 -2 -10
right_child=8 2 3 -5 -6 7 -8 -9 9 12 11 -13 -14 -15 -16
leaf_value=-0.011003274331737596 0.012136249286936024 0.030748136529092539 0.10549691567929079 0.013045667531849943 -0.083227717145752098 -0.067052111964165231 0.10684409367613286 0.00041295179166744329 -0.081460715406897186 -0.012025807005216079 0.084504024382218615 0.0057749388267423632 0.010332670035112783 -0.00081292955315039452 -0.08452840012329986
leaf_weight=23.033214059658352 15.736662635579703 2.0862567340955165 2.5422512395307448 18.778895285155158 3.7465164046734571 4.8821714078076166 1.6705214194953431 5.5602003132080426 2.1230564822908522 12.453697948716583 2.8138245660811645 7.5875222394242883 9.7223843002357153 128.45538800302893 0.38846815851138661
leaf_count=602 370 61 70 426 107 164 33 177 155 238 56 108 198 1984 51
internal_value=-8.87316e-05 -0.00215894 0.00977823 0.0240692 -0.042461 -0.0113816 -0.00303417 -0.0311293 0.000630663 -0.0103327 0.00238145 0.0270731 -0.00222346 0.000600303 -0.0819352
internal_weight=241.581 62.3 27.1539 21.3211 5.83277 35.1461 24.7037 10.4424 179.281 24.6876 154.593 10.4013 22.1761 144.192 2.51152
internal_count=4800 1640 664 496 168 976 635 341 3160 642 2518 164 436 2354 206
is_linear=0
shrinkage=0.08


Tree=146
num_leaves=14
num_cat=0
split_feature=4 4 2 4 0 3 4 2 4 3 4 4 1
split_gain=0.0674551 0.872918 3.09506 1.90513 1.15565 1.0499 0.568851 2.76093 0.440383 0.239085 2.1876 0.762744 0.00394473
threshold=18.500000000000004 16.500000000000004 1.0000000180025095e-35 15.500000000000002 5.5000000000000009 1.0000000180025095e-35 20.500000000000004 1.5000000000000002 19.500000000000004 1.0000000180025095e-35 28.500000000000004 21.500000000000004 1.5000000000000002
decision_type=2 2 2 2 2 2 2 2 2 2 2 2 2
left_child=1 3 -3 5 -4 -1 7 8 -2 11 -11 -8 -5
right_child=6 2 4 12 -6 -7 9 -9 -10 10 -12 -13 -14
leaf_value=-0.00090023828806487668 -0.023598105382469332 -0.08436479096735397 0.085209991132656815 -0.083595536993072719 0.010538650927461953 0.07216637993436989 0.037779013577479682 0.093695183382423636 -0.070449501138500889 -0.13794825446082154 0.0062483807598338829 -0.00016634550113423061 -0.076264472959081009
leaf_weight=28.069192585302524 2.4067830685526124 1.253753286320715 3.2698250543326139 1.0464867181144644 2.231895215343684 1.3176873526535917 3.4522448563948265 1.0504751671105621 2.7523682904429734 0.80506312940269609 4.1154554532404291 189.02440671784279 0.85234772972762574
leaf_count=572 43 34 64 33 29 26 60 17 58 25 107 3712 20
internal_value=-0.00010316 0.00298909 0.0290683 -0.00264215 0.0549179 0.00237602 -0.000680906 -0.0245223 -0.048593 6.90837e-05 -0.0173441 0.000514239 -0.0803048
internal_weight=241.648 38.0412 6.75547 31.2857 5.50172 29.3869 203.607 6.20963 5.15915 197.397 4.92052 192.477 1.89883
internal_count=4800 778 127 651 93 598 4022 118 101 3904 132 3772 53
is_linear=0
shrinkage=0.08


Tree=147
num_leaves=16
num_cat=0
split_feature=4 4 1 0 0 1 4 4 0 0 4 4 2 4 4
split_gain=0.0569459 0.217887 0.271616 1.70688 1.60669 0.159688 0.956309 1.65983 0.462639 1.46887 1.0242 0.35768 0.114378 0.972753 0.161214
threshold=35.500000000000007 37.500000000000007 1.5000000000000002 6.5000000000000009 6.5000000000000009 1.0000000180025095e-35 33.500000000000007 29.500000000000004 3.5000000000000004 4.5000000000000009 10.500000000000002 34.500000000000007 1.5000000000000002 69.500000000000014 48.500000000000007
decision_type=2 2 2 2 2 2 2 2 2 2 2 2 2 2 2
left_child=5 2 3 -2 -4 6 7 -1 10 -10 -7 -8 14 -14 -3
right_child=1 12 4 -5 -6 8 11 -9 9 -11 -12 -13 13 -15 -16
leaf_value=0.0089140490148221733 0.032109349701697501 0.0040730161995592559 -0.046200582093739007 -0.059887496228941045 0.051469623366192332 -0.028039070187291199 0.067286172257942131 -0.036718101783798147 -0.038946103263203406 -2.6384636143895648e-05 0.014793186263903375 0.018946677970550382 -0.0010018661787189924 -0.074167458587381163 -0.0025621420137031531
leaf_weight=30.122252099681646 2.0925749572925252 47.192538975737989 2.1741228979080915 3.3684745477512479 2.1378722963854671 4.2689976450055864 1.9326609186828128 6.141707031056284 7.1432498283684245 47.309737595496699 21.911814176477492 1.9866837412118912 16.065103485947478 1.2537299344112387 46.554967506497633
leaf_count=494 79 880 72 39 18 122 25 114 190 693 569 29 328 39 1109
internal_value=-0.000105172 -0.00133313 -0.012785 -0.024636 0.00222397 0.00112301 0.00524302 0.00118573 -0.00093017 -0.00513195 0.00780903 0.0427833 -0.000325441 -0.00629841 0.000778
internal_weight=241.656 120.839 9.77304 5.46105 4.312 120.817 40.1833 36.264 80.6338 54.453 26.1808 3.91934 111.066 17.3188 93.7475
internal_count=4800 2564 208 118 90 2236 662 608 1574 883 691 54 2356 367 1989
is_linear=0
shrinkage=0.08


Tree=148
num_leaves=16
num_cat=0
split_feature=0 4 4 0 1 4 4 4 0 4 0 4 4 4 1
split_gain=0.0632733 1.05472 2.93964 0.896589 1.65389 1.12052 0.463613 0.433075 2.10616 0.889139 1.51057 1.32662 0.382961 0.000379728 0.000115495
threshold=2.5000000000000004 54.500000000000007 48.500000000000007 1.0000000180025095e-35 1.5000000000000002 68.500000000000014 32.500000000000007 53.500000000000007 4.5000000000000009 44.500000000000007 3.5000000000000004 41.500000000000007 62.500000000000007 69.500000000000014 1.0000000180025095e-35
decision_type=2 2 2 2 2 2 2 2 2 2 2 2 2 2 2
left_child=1 2 6 5 -5 -3 -1 9 13 11 -11 -2 -10 -9 -4
right_child=7 3 14 4 -6 -7 -8 8 12 10 -12 -13 -14 -15 -16
leaf_value=-0.010242639323334399 0.0021694168521235024 -0.048957085675629078 -0.08271521924887304 -0.0080083198392080866 0.059183369627185421 0.048040977933493892 0.0058040277722391223 -0.081346054125004466 -0.011995629715341532 0.062171346766795824 0.0077562178405696271 -0.024891827990224692 0.0090375129357469549 -0.084175708194438315 -0.081724643961789703
leaf_weight=23.956238653510809 114.90308982646093 2.3151653055101629 1.2292894199490538 4.087821841661933 5.497617457062006 1.1363095674896611 22.202470332384109 1.9587454092688887 11.2507548162248 3.8004344459623125 23.173413019161671 12.895107371732591 10.915159703916286 0.35917563436669286 1.9454665905795991
leaf_count=668 1873 76 47 117 82 28 518 155 217 84 365 196 219 51 104
internal_value=-0.000102995 -0.0022977 -0.00764562 0.0179396 0.0305287 -0.017023 -0.00252415 0.000660631 -0.00922584 0.0022246 0.0154229 -0.00056112 -0.00163828 -0.0817845 -0.0821082
internal_weight=241.626 62.3704 49.3335 13.0369 9.58544 3.45147 46.1587 179.256 24.4838 154.772 26.9738 127.798 22.1659 2.31792 3.17476
internal_count=4800 1640 1337 303 199 104 1186 3160 642 2518 449 2069 436 206 151
is_linear=0
shrinkage=0.08


Tree=149
num_leaves=14
num_cat=0
split_feature=4 4 2 4 1 3 4 2 4 3 4 4 1
split_gain=0.0620096 0.689683 2.63051 1.72211 0.868971 0.867762 0.498511 2.28783 0.401724 0.208255 2.04214 0.624716 0.00932873
threshold=18.500000000000004 16.500000000000004 1.0000000180025095e-35 15.500000000000002 1.0000000180025095e-35 1.0000000180025095e-35 20.500000000000004 1.5000000000000002 19.500000000000004 1.0000000180025095e-35 28.500000000000004 21.500000000000004 1.5000000000000002
decision_type=2 2 2 2 2 2 2 2 2 2 2 2 2
left_child=1 3 -3 5 -4 -1 7 8 -2 11 -11 -8 -5
right_child=6 2 4 12 -6 -7 9 -9 -10 10 -12 -13 -14
leaf_value=-0.0005505827415622518 -0.02217991772334401 -0.084039996133169967 0.087103019302534751 -0.083335248103991483 0.023244469087842883 0.065649749733092552 0.033870918681422314 0.080550459612838049 -0.067403577280749499 -0.13819079431687128 0.0056793064090477933 -0.00016902216091352291 -0.071804816426561904
leaf_weight=27.913657295051969 2.3854451952502123 1.1629447462037195 2.2200047094374895 0.97367291850969084 3.5360443047247827 1.3275120360776771 3.5147038185968986 1.1164517309516666 2.6577266147360206 0.74515098240226407 4.1372975599515485 188.96074682239123 0.83347350568510592
leaf_count=572 43 34 30 33 63 26 60 17 58 25 107 3712 20
internal_value=-0.000107107 0.00286094 0.0257015 -0.002229 0.0478736 0.00245483 -0.000660812 -0.0230726 -0.0460126 3.86692e-05 -0.0162779 0.000452565 -0.0780173
internal_weight=241.485 37.9673 6.91899 31.0483 5.75605 29.2412 203.518 6.15962 5.04317 197.358 4.88245 192.475 1.80715
internal_count=4800 778 127 651 93 598 4022 118 101 3904 132 3772 53
is_linear=0
shrinkage=0.08


end of trees

feature_importances:
age=1012
facility_enc=415
acuity_enc=218
bleeding_enc=200
pregnant=25

parameters:
[boosting: gbdt]
[objective: binary]
[metric: binary_logloss]
[tree_learner: serial]
[device_type: cpu]
[data_sample_strategy: bagging]
[data: ]
[valid: ]
[num_iterations: 150]
[learning_rate: 0.08]
[num_leaves: 31]
[num_threads: 16]
[seed: 0]
[deterministic: 0]
[force_col_wise: 0]
[force_row_wise: 0]
[histogram_pool_size: -1]
[max_depth: 4]
[min_data_in_leaf: 20]
[min_sum_hessian_in_leaf: 0.001]
[bagging_fraction: 1]
[pos_bagging_fraction: 1]
[neg_bagging_fraction: 1]
[bagging_freq: 0]
[bagging_seed: 3]
[bagging_by_query: 0]
[feature_fraction: 1]
[feature_fraction_bynode: 1]
[feature_fraction_seed: 2]
[extra_trees: 0]
[extra_seed: 6]
[early_stopping_round: 0]
[early_stopping_min_delta: 0]
[first_metric_only: 0]
[max_delta_step: 0]
[lambda_l1: 0]
[lambda_l2: 0]
[linear_lambda: 0]
[min_gain_to_split: 0]
[drop_rate: 0.1]
[max_drop: 50]
[skip_drop: 0.5]
[xgboost_dart_mode: 0]
[uniform_drop: 0]
[drop_seed: 4]
[top_rate: 0.2]
[other_rate: 0.1]
[min_data_per_group: 100]
[max_cat_threshold: 32]
[cat_l2: 10]
[cat_smooth: 10]
[max_cat_to_onehot: 4]
[top_k: 20]
[monotone_constraints: ]
[monotone_constraints_method: basic]
[monotone_penalty: 0]
[feature_contri: ]
[forcedsplits_filename: ]
[refit_decay_rate: 0.9]
[cegb_tradeoff: 1]
[cegb_penalty_split: 0]
[cegb_penalty_feature_lazy: ]
[cegb_penalty_feature_coupled: ]
[path_smooth: 0]
[interaction_constraints: ]
[verbosity: -1]
[saved_feature_importance_type: 0]
[use_quantized_grad: 0]
[num_grad_quant_bins: 4]
[quant_train_renew_leaf: 0]
[stochastic_rounding: 1]
[linear_tree: 0]
[max_bin: 255]
[max_bin_by_feature: ]
[min_data_in_bin: 3]
[bin_construct_sample_cnt: 200000]
[data_random_seed: 1]
[is_enable_sparse: 1]
[enable_bundle: 1]
[use_missing: 1]
[zero_as_missing: 0]
[feature_pre_filter: 1]
[pre_partition: 0]
[two_round: 0]
[header: 0]
[label_column: ]
[weight_column: ]
[group_column: ]
[ignore_column: ]
[categorical_feature: ]
[forcedbins_filename: ]
[precise_float_parser: 0]
[parser_config_file: ]
[objective_seed: 5]
[num_class: 1]
[is_unbalance: 0]
[scale_pos_weight: 1]
[sigmoid: 1]
[boost_from_average: 1]
[reg_sqrt: 0]
[alpha: 0.9]
[fair_c: 1]
[poisson_max_delta_step: 0.7]
[tweedie_variance_power: 1.5]
[lambdarank_truncation_level: 30]
[lambdarank_norm: 1]
[label_gain: ]
[lambdarank_position_bias_regularization: 0]
[eval_at: ]
[multi_error_top_k: 1]
[auc_mu_weights: ]
[num_machines: 1]
[local_listen_port: 12400]
[time_out: 120]
[machine_list_filename: ]
[machines: ]
[gpu_platform_id: -1]
[gpu_device_id: -1]
[gpu_use_dp: 0]
[num_gpu: 1]

end of parameters

pandas_categorical:[]
