tree
version=v4
num_class=1
num_tree_per_iteration=1
label_index=0
max_feature_idx=4
objective=binary sigmoid:1
feature_names=facility_enc acuity_enc bleeding_enc pregnant age
feature_infos=[0:8] [0:2] [0:2] [0:1] [0:90]
tree_sizes=1786 1829 1829 1836 1834 1827 1839 1836 1838 1831 1828 1843 1835 1849 1843 1834 1844 1835 1839 1839 1843 1835 1842 1730 1742 1852 1102 992 1839 997 997 994 1632 1525 1098 1740 1094 1532 1839 1508 1827 891 1318 886 1737 995 1643 1836 1511 886 1315 1842 1312 1839 993 1413 1744 890 1413 1835 1510 1417 1522 1531 1517 1426 1098 1429 1843 1845 1304 1519 1307 1320 1405 1108 1425 1407 1104 1305 1531 1302 1737 1331 1753 1640 1307 1105 1103 891 1750 997 1429 1102 1001 1729 1639 1727 1324 1403 1106 1416 1840 1733 1737 1732 1412 1851 1742 1737 1534 1522 1090 1418 1732 1637 1627 1539 1730 1539 1745 1633 1306 1648 1855 1311 1411 1308 1425 1309 1414 1103 1527 1635 1420 1103 1416 1637 1745 1532 999 1624 1324 1525 1003 1312 1528 1850 1630 1741

Tree=0
num_leaves=16
num_cat=0
split_feature=1 0 0 0 4 2 4 4 4 4 4 2 4 4 4
split_gain=168.137 526.51 732.835 109.443 9.28619 4.48098 2.94753 2.11691 1.83315 1.66426 1.56608 3.96982 0.996489 0.711009 0.597134
threshold=1.0000000180025095e-35 1.5000000000000002 1.0000000180025095e-35 7.5000000000000009 55.500000000000007 1.0000000180025095e-35 41.500000000000007 10.500000000000002 2.5000000000000004 23.500000000000004 57.500000000000007 1.0000000180025095e-35 15.500000000000002 43.500000000000007 20.500000000000004
decision_type=2 2 2 2 2 2 2 2 2 2 2 2 2 2 2
left_child=1 2 14 12 -4 -5 7 8 -2 -9 13 -12 -3 -8 -1
right_child=6 3 4 5 -6 -7 10 9 -10 -11 11 -13 -14 -15 -16
leaf_value=-2.5413565032544589 -2.5698466046251927 -2.618816327936162 -1.6786842030077698 -2.4051252492987683 -1.4863914763700006 -2.2821494801732487 -2.6199844988166716 -2.5542034985675222 -2.6210221713285478 -2.5750026491439306 -2.5278700647357684 -2.5925113619545304 -2.588403425317737 -2.5953889428271419 -2.5917448109483066
leaf_weight=1.8251952901482589 8.1119790673255938 7.8415797650814048 8.9231769740581495 2.5011935457587224 1.9603949412703521 7.8415797650814056 8.8555771484971029 35.287108942866325 10.004774183034895 81.457789801061153 7.9091795906424514 26.296332143247128 57.121852599084377 49.956271089613438 8.5851778462529165
leaf_count=27 120 116 132 37 29 116 131 522 148 1205 117 389 845 739 127
internal_value=-2.54273 -2.45428 -2.10305 -2.55359 -1.64405 -2.31189 -2.58022 -2.57266 -2.59811 -2.56872 -2.59118 -2.57756 -2.59207 -2.59909 -2.58291
internal_weight=324.479 96.6002 21.2939 75.3062 10.8836 10.3428 227.879 134.862 18.1168 116.745 93.0174 34.2055 64.9634 58.8118 10.4104
internal_count=4800 1429 315 1114 161 153 3371 1995 268 1727 1376 506 961 870 154
is_linear=0
shrinkage=1


Tree=1
num_leaves=16
num_cat=0
split_feature=1 0 0 0 4 4 4 4 4 4 2 4 4 4 4
split_gain=125.418 252.53 202.013 79.5302 2.76929 2.14652 2.02554 1.98253 1.79206 1.50001 3.57737 1.4997 0.983261 0.710942 0.546809
threshold=1.0000000180025095e-35 1.5000000000000002 1.0000000180025095e-35 7.5000000000000009 41.500000000000007 18.500000000000004 18.500000000000004 10.500000000000002 2.5000000000000004 57.500000000000007 1.0000000180025095e-35 23.500000000000004 15.500000000000002 43.500000000000007 20.500000000000004
decision_type=2 2 2 2 2 2 2 2 2 2 2 2 2 2 2
left_child=1 2 14 12 7 -5 -4 8 -2 13 -11 -9 -3 -6 -1
right_child=4 3 6 5 9 -7 -8 11 -10 10 -12 -13 -14 -15 -16
leaf_value=0.0012586033439043445 -0.025562313900722073 -0.074939840842464467 0.34216706742521152 0.10002518837198478 -0.076170381756711272 0.18818625180535889 0.40613906149673418 -0.010667747332170366 -0.077265577269531191 0.013488049654144884 -0.047887329951393207 -0.030562809774339849 -0.043774432704755686 -0.050786153006909286 -0.047117589828158411
leaf_weight=1.8273316696286226 7.9258310794830349 7.3453226387500754 3.8435438275337246 2.1281759813427916 8.2867784425616247 10.429301552474497 18.013880744576454 34.942552775144577 9.3537682592868787 8.0100635066628438 25.197366803884506 79.237192720174789 54.928460642695427 47.750074833631516 8.2318191081285459
leaf_count=27 120 116 29 26 131 127 132 522 148 117 389 1205 845 739 127
internal_value=-0.00124698 0.0699435 0.258352 -0.0104154 -0.0356797 0.173245 0.39489 -0.0282962 -0.0535503 -0.0465559 -0.0330828 -0.0244743 -0.0474505 -0.05454 -0.0383296
internal_weight=327.451 106.748 31.9166 74.8313 220.704 12.5575 21.8574 131.459 17.2796 89.2443 33.2074 114.18 62.2738 56.0369 10.0592
internal_count=4800 1429 315 1114 3371 153 161 1995 268 1376 506 1727 961 870 154
is_linear=0
shrinkage=0.08


Tree=2
num_leaves=16
num_cat=0
split_feature=1 0 0 0 4 4 4 4 4 4 2 4 4 4 2
split_gain=102.097 170.511 113.989 61.0296 2.59227 1.91775 1.86257 2.17635 1.64467 1.43136 3.21846 1.21546 0.968024 0.714498 0.515183
threshold=1.0000000180025095e-35 1.5000000000000002 1.0000000180025095e-35 7.5000000000000009 41.500000000000007 36.500000000000007 9.5000000000000018 2.5000000000000004 34.500000000000007 57.500000000000007 1.0000000180025095e-35 23.500000000000004 15.500000000000002 52.500000000000007 1.5000000000000002
decision_type=2 2 2 2 2 2 2 2 2 2 2 2 2 2 2
left_child=1 2 14 12 6 -5 7 -2 -4 13 -11 -8 -3 -6 -1
right_child=4 3 8 5 9 -7 11 -9 -10 10 -12 -13 -14 -15 -16
leaf_value=-0.045356900242288313 -0.024062498162242693 -0.073786155022606201 0.3044870740285911 0.16849663265363113 -0.047238955428040158 0.11009747401597011 -0.011145708653050777 -0.08538565710947589 0.26507112795577265 0.012261195878231095 -0.045998351327859732 -0.028899729137931991 -0.041890797343913155 -0.068347768835554559 0.0017802164292286856
leaf_weight=7.9060288667678815 7.7536001801490766 6.8823363482952109 11.616310864686968 6.8252910077571851 39.603305153548717 7.6128909289836884 36.279456213116646 7.09152951836586 16.256446242332458 8.1025597527623159 24.176320161670446 77.180559933185577 52.892040386795998 13.852020144462584 1.8268253244459627
leaf_count=125 120 116 69 73 646 80 550 120 92 117 389 1205 845 224 29
internal_value=-0.00153982 0.0604148 0.199193 -0.00990819 -0.0339061 0.137704 -0.0267093 -0.0533566 0.281498 -0.0446764 -0.0313742 -0.0232228 -0.0455632 -0.0527089 -0.0365094
internal_weight=325.858 111.818 37.6056 74.2126 214.039 14.4382 128.305 14.8451 27.8728 85.7342 32.2789 113.46 59.7744 53.4553 9.73285
internal_count=4800 1429 315 1114 3371 153 1995 240 161 1376 506 1755 961 870 154
is_linear=0
shrinkage=0.08


Tree=3
num_leaves=16
num_cat=0
split_feature=1 0 0 0 4 4 4 2 1 4 2 4 4 4 4
split_gain=84.8841 125.724 75.8348 48.3294 2.41718 1.74053 1.71036 1.62706 1.39702 1.36046 2.89045 1.13805 0.950572 0.753243 0.518736
threshold=1.0000000180025095e-35 1.5000000000000002 1.0000000180025095e-35 7.5000000000000009 41.500000000000007 10.500000000000002 2.5000000000000004 1.0000000180025095e-35 1.5000000000000002 57.500000000000007 1.0000000180025095e-35 18.500000000000004 15.500000000000002 43.500000000000007 20.500000000000004
decision_type=2 2 2 2 2 2 2 2 2 2 2 2 2 2 2
left_child=1 2 14 12 5 6 -2 -5 -7 13 -11 -4 -3 -6 -1
right_child=4 3 11 7 9 8 -8 -9 -10 10 -12 -13 -14 -15 -16
leaf_value=0.0043061177381464892 -0.022622083045731437 -0.072623723956478078 0.19059766225022828 0.06586429239575109 -0.074397600328990329 -0.011205138988911203 -0.075285591836982121 0.12693615449300746 -0.029449611278807946 0.0111583584866972 -0.044121161883736937 0.23024206577843212 -0.040029725393906777 -0.046859437699826367 -0.043742906007075567
leaf_weight=1.7703094854950885 7.5943091511726371 6.4507959932088843 5.6168449819087973 3.5972788110375431 7.4414964430034152 47.150624494999647 8.2175326496362668 12.470324046909807 62.421325594186783 8.1873892396688479 23.228291232138872 26.490923583507538 51.002512350678444 43.615174021571875 7.6605099737644196
leaf_count=27 120 116 29 37 131 742 148 116 985 117 389 132 845 739 127
internal_value=-0.00165927 0.0534696 0.164724 -0.00938822 -0.032176 -0.0251793 -0.0499917 0.113263 -0.0215987 -0.0428133 -0.0297145 0.223307 -0.0436893 -0.0508731 -0.0347234
internal_weight=322.916 115.059 41.5386 73.5209 207.856 125.384 15.8118 16.0676 109.572 82.4724 31.4157 32.1078 57.4533 51.0567 9.43082
internal_count=4800 1429 315 1114 3371 1995 268 153 1727 1376 506 161 961 870 154
is_linear=0
shrinkage=0.08


Tree=4
num_leaves=16
num_cat=0
split_feature=1 0 0 0 4 4 4 4 2 4 4 4 4 4 2
split_gain=71.401 97.3527 54.9197 39.0755 2.24553 1.64009 2.11248 1.28807 2.59099 1.21023 1.12199 0.951454 0.801091 0.747968 0.486508
threshold=1.0000000180025095e-35 1.5000000000000002 1.0000000180025095e-35 7.5000000000000009 41.500000000000007 9.5000000000000018 2.5000000000000004 57.500000000000007 1.0000000180025095e-35 18.500000000000004 23.500000000000004 48.500000000000007 18.500000000000004 52.500000000000007 1.5000000000000002
decision_type=2 2 2 2 2 2 2 2 2 2 2 2 2 2 2
left_child=1 2 14 11 5 6 -2 13 -9 -5 -7 -3 -4 -6 -1
right_child=4 3 12 9 7 10 -8 8 -10 -11 -12 -13 -14 -15 -16
leaf_value=-0.04202252189287245 -0.021241833539951505 -0.04853616995962641 0.16073018620843396 0.047853286071609866 -0.043220830592081684 -0.0086909478086899077 -0.084586269552232113 0.010164834897622963 -0.042259108112625746 0.10469353514218073 -0.026043150532613947 -0.025406731875174941 0.19261496927933133 -0.065893955349100683 0.0046537134774883642
leaf_weight=7.3776475042104703 7.4470406770706159 39.270988792181015 6.1042610853910437 2.8677057698369053 36.303319960832596 35.221314780414104 6.1536294221878052 8.2652101144194621 22.348589155822992 14.617625690996645 73.858475722372532 16.028198227286339 29.009108766913414 12.524529814720152 1.7725107409059999
leaf_count=125 120 686 29 26 646 550 120 117 389 127 1205 275 132 224 29
internal_value=-0.00169759 0.0480252 0.141583 -0.00887122 -0.0304919 -0.0237064 -0.0499021 -0.0409705 -0.0281055 0.0953714 -0.0204402 -0.0418322 0.187072 -0.0490366 -0.0329807
internal_weight=319.17 117.048 44.2635 72.7845 202.122 122.68 13.6007 79.4416 30.6138 17.4853 109.08 55.2992 35.1134 48.8278 9.15016
internal_count=4800 1429 315 1114 3371 1995 240 1376 506 153 1755 961 161 870 154
is_linear=0
shrinkage=0.08


Tree=5
num_leaves=16
num_cat=0
split_feature=1 0 0 0 4 4 1 4 4 4 4 4 4 0 4
split_gain=60.491 77.7549 41.8593 32.0381 2.07761 1.58375 2.79909 2.54303 1.28825 1.10089 0.953747 0.841119 0.71827 0.602268 0.486941
threshold=1.0000000180025095e-35 1.5000000000000002 1.0000000180025095e-35 7.5000000000000009 41.500000000000007 31.500000000000004 1.5000000000000002 24.500000000000004 43.500000000000007 36.500000000000007 15.500000000000002 55.500000000000007 57.500000000000007 6.5000000000000009 20.500000000000004
decision_type=2 2 2 2 2 2 2 2 2 2 2 2 2 2 2
left_child=1 2 14 10 5 7 -7 -2 13 -5 -3 -4 -10 -6 -1
right_child=4 3 11 9 8 6 -8 -9 12 -11 -12 -13 -14 -15 -16
leaf_value=0.0068879632882566239 -0.018747899581507667 -0.070641100713239466 0.15615562241232739 0.10178009506408289 -0.084576863445858394 0.015844845651583471 -0.026715965986273585 -0.049158988984398598 -0.04294003563973732 0.06296578248475751 -0.036257438127650823 0.18696885855238396 -0.026548906281753371 -0.024464797352547547 -0.04046281694262599
leaf_weight=1.7244293689727763 52.644533697515726 5.7925790548324576 30.24058011174202 9.0068744421005267 5.3745768405497065 16.572046309709549 24.525356695055962 26.434892434626818 40.05413568764925 9.7276457101106626 47.510250173509121 6.9780267328023902 29.869366027414799 1.3308475986123083 7.1662354022264481
leaf_count=27 868 116 132 73 105 274 412 441 739 80 845 29 506 26 127
internal_value=-0.00169205 0.0435582 0.124678 -0.00836462 -0.0288567 -0.0222932 -0.00955382 -0.0289138 -0.0391503 0.0816263 -0.039994 0.161933 -0.0359382 -0.0726462 -0.0312787
internal_weight=314.952 118.147 46.1093 72.0373 196.806 120.177 41.0974 79.0794 76.6289 18.7345 53.3028 37.2186 69.9235 6.70542 8.89066
internal_count=4800 1429 315 1114 3371 1995 686 1309 1376 153 961 161 1245 131 154
is_linear=0
shrinkage=0.08


Tree=6
num_leaves=16
num_cat=0
split_feature=1 0 0 0 4 4 0 4 1 2 4 4 2 0 4
split_gain=51.494 63.4643 33.0205 26.5339 1.91268 1.57007 2.1924 1.25372 0.993823 0.951973 0.927672 0.778843 0.735212 0.603721 0.506539
threshold=1.0000000180025095e-35 1.5000000000000002 1.0000000180025095e-35 7.5000000000000009 41.500000000000007 9.5000000000000018 4.5000000000000009 43.500000000000007 1.5000000000000002 1.0000000180025095e-35 15.500000000000002 55.500000000000007 1.0000000180025095e-35 6.5000000000000009 51.500000000000007
decision_type=2 2 2 2 2 2 2 2 2 2 2 2 2 2 2
left_child=1 2 14 10 5 6 -2 13 -7 -5 -3 -4 -9 -6 -1
right_child=4 3 11 9 7 8 -8 12 -10 -11 -12 -13 -14 -15 -16
leaf_value=-0.039172787671820197 -0.018131021879275323 -0.069432955211744557 0.1378746953987226 0.037459063098624679 -0.084205688545726951 -0.0088810040715072754 -0.084850012821152329 -0.019795260601910537 -0.024567921259105403 0.079955641316216589 -0.034488670174494841 0.16708569556780248 -0.039006876629147917 -0.023026440251874752 0.0096315941097212775
leaf_weight=6.9576336070895177 7.1871504932641965 5.4365259706974021 31.452967390418053 4.3099233731627491 4.9823394231498233 45.883225683122873 5.6144551187753677 17.02992881834507 59.191091649234295 15.529298111796377 46.014282815158367 7.1740991771221152 50.711434982717037 1.3020872995257375 1.6920517757534979
leaf_count=123 134 116 132 37 105 752 106 287 1003 116 845 29 958 26 31
internal_value=-0.00166026 0.0397891 0.111662 -0.0078741 -0.0272698 -0.0209406 -0.0473923 -0.0373482 -0.0177179 0.0707236 -0.038181 0.1433 -0.0341771 -0.0715298 -0.0296257
internal_weight=310.468 118.567 47.2768 71.29 191.902 117.876 12.8016 74.0258 105.074 19.8392 51.4508 38.6271 67.7414 6.28443 8.64969
internal_count=4800 1429 315 1114 3371 1995 240 1376 1755 153 961 161 1245 131 154
is_linear=0
shrinkage=0.08


Tree=7
num_leaves=16
num_cat=0
split_feature=1 0 0 0 4 4 4 4 4 4 4 4 4 0 4
split_gain=43.9778 52.6101 26.687 22.1436 1.75449 1.44342 2.19265 1.21647 0.982608 0.919406 0.868463 0.752255 0.688806 0.604567 0.465386
threshold=1.0000000180025095e-35 1.5000000000000002 1.0000000180025095e-35 7.5000000000000009 41.500000000000007 9.5000000000000018 2.5000000000000004 43.500000000000007 23.500000000000004 48.500000000000007 18.500000000000004 55.500000000000007 57.500000000000007 6.5000000000000009 20.500000000000004
decision_type=2 2 2 2 2 2 2 2 2 2 2 2 2 2 2
left_child=1 2 14 9 5 6 -2 13 -7 -3 -5 -4 -9 -6 -1
right_child=4 3 11 10 7 8 -8 12 -10 -11 -12 -13 -14 -15 -16
leaf_value=0.009702185850265662 -0.015788951484397993 -0.043450469513753615 0.12355906545661011 0.024621903035978516 -0.08386604087185312 -0.0053968004574570403 -0.083943300005531865 -0.039584494669091426 -0.022008825591922566 -0.019624971233838065 0.069050554442908904 0.15208238346738923 -0.023046582987376642 -0.021644875867181439 -0.037386010175361688
leaf_weight=1.6769511923193912 6.9117755442857725 35.008527457714081 32.251682430505753 3.3574352338910129 4.6171480603516093 33.888429194688797 5.3669120669364929 37.387346770614386 69.573614161461592 14.726135600358246 17.455110743641853 7.247346267104148 28.332826238125563 1.2755160778760908 6.7511832527816296
leaf_count=27 120 686 132 26 105 550 120 739 1205 275 127 29 506 26 127
internal_value=-0.00161093 0.0365384 0.101217 -0.00740193 -0.0257349 -0.0196454 -0.0455786 -0.0355769 -0.0165676 -0.0363959 0.0618834 0.128793 -0.0324548 -0.0703978 -0.0280168
internal_weight=305.828 118.474 47.9272 70.5472 187.354 115.741 12.2787 71.6128 103.462 49.7347 20.8125 39.499 65.7202 5.89266 8.42813
internal_count=4800 1429 315 1114 3371 1995 240 1376 1755 961 153 161 1245 131 154
is_linear=0
shrinkage=0.08


Tree=8
num_leaves=16
num_cat=0
split_feature=1 0 0 0 4 4 4 1 4 4 4 4 2 0 4
split_gain=37.6433 44.1271 21.9526 18.5796 1.60282 1.46359 2.44848 2.35377 1.17667 0.916582 0.817287 0.744665 0.69567 0.604718 0.480516
threshold=1.0000000180025095e-35 1.5000000000000002 1.0000000180025095e-35 7.5000000000000009 41.500000000000007 31.500000000000004 24.500000000000004 1.5000000000000002 43.500000000000007 15.500000000000002 58.500000000000007 55.500000000000007 1.0000000180025095e-35 6.5000000000000009 51.500000000000007
decision_type=2 2 2 2 2 2 2 2 2 2 2 2 2 2 2
left_child=1 2 14 9 5 6 -2 -7 13 -3 -5 -4 -10 -6 -1
right_child=4 3 11 10 8 7 -8 -9 12 -11 -12 -13 -14 -15 -16
leaf_value=-0.036158827263182175 -0.014856806822620517 -0.067404577215832678 0.11194912934778556 0.06063078669419087 -0.083555041662044763 0.017265505222943324 -0.045752108786352996 -0.022433564023069161 -0.016499217895634802 -0.030922355431852577 0.014910781577432104 0.1403237507538321 -0.035658700010237958 -0.020320980794243718 0.012119101629676979
leaf_weight=6.5705900304019433 49.952999833971262 4.9077175110578528 32.726015046238899 18.795407064259056 4.2773841507732859 16.356156907975674 24.453489404171705 22.998292535543442 16.279415834695101 43.239082135260105 2.8866249173879615 7.2265727370977393 47.570405770093203 1.2509744092822073 1.6509756483137605
leaf_count=123 868 116 132 132 105 274 441 412 287 845 21 29 958 26 31
internal_value=-0.00155174 0.0336847 0.0925835 -0.00694892 -0.0242558 -0.0184112 -0.0250105 -0.00593418 -0.0338394 -0.0346411 0.0545439 0.117081 -0.0307737 -0.0692462 -0.0264641
internal_weight=301.142 118.003 48.1742 69.8288 183.139 113.761 74.4065 39.3544 69.3782 48.1468 21.682 39.9526 63.8498 5.52836 8.22157
internal_count=4800 1429 315 1114 3371 1995 1309 686 1376 961 153 161 1245 131 154
is_linear=0
shrinkage=0.08


Tree=9
num_leaves=16
num_cat=0
split_feature=1 0 0 0 4 4 4 4 4 4 4 4 4 0 2
split_gain=32.2722 37.341 18.3034 15.6543 1.45847 1.37851 1.68655 1.13444 0.938366 0.882116 0.747553 0.696157 0.652479 0.604098 0.486403
threshold=1.0000000180025095e-35 1.5000000000000002 1.0000000180025095e-35 7.5000000000000009 41.500000000000007 10.500000000000002 2.5000000000000004 43.500000000000007 23.500000000000004 15.500000000000002 55.500000000000007 36.500000000000007 57.500000000000007 6.5000000000000009 1.5000000000000002
decision_type=2 2 2 2 2 2 2 2 2 2 2 2 2 2 2
left_child=1 2 14 9 5 6 -2 13 -7 -3 -4 -5 -9 -6 -1
right_child=4 3 10 11 7 8 -8 12 -10 -11 -12 -13 -14 -15 -16
leaf_value=-0.03481528689544372 -0.013735002685377641 -0.066126902806945193 0.10227038588698013 0.062835674809437581 -0.083270064643802474 -0.0027041259933930084 -0.071214505589049057 -0.036333863940066283 -0.019382482409483957 -0.029280162282679073 0.13083326522960578 0.034655849305728674 -0.019796023051128014 -0.019055249260240759 0.014368463399332572
leaf_weight=6.4225790165364725 6.7280934378504735 4.6144085079431525 32.94618809223175 10.924372419714929 3.9614869840443125 31.851519972085953 6.3508810102939606 35.089332036674023 67.011528875678778 42.061001006513834 7.1341877430677405 11.534670531749724 27.029377184808254 1.2283132299780843 1.6093174368143079
leaf_count=125 120 116 132 73 105 522 148 739 1205 845 29 80 506 26 29
internal_value=-0.0014878 0.0311465 0.0852657 -0.00651637 -0.0228337 -0.0172381 -0.0416459 -0.0321398 -0.0140091 -0.0329229 0.107354 0.0483629 -0.0291378 -0.0680718 -0.0249605
internal_weight=296.497 117.247 48.1123 69.1345 179.251 111.942 13.079 67.3085 98.863 46.6754 40.0804 22.459 62.1187 5.1898 8.0319
internal_count=4800 1429 315 1114 3371 1995 268 1376 1727 961 161 153 1245 131 154
is_linear=0
shrinkage=0.08


Tree=10
num_leaves=16
num_cat=0
split_feature=1 0 0 0 4 4 4 1 4 4 4 4 0 0 4
split_gain=27.6944 31.8157 15.4188 13.2325 1.32248 1.35015 2.23442 2.04776 1.09007 0.866532 0.757627 0.710934 0.667654 0.602646 0.454686
threshold=1.0000000180025095e-35 1.5000000000000002 1.0000000180025095e-35 7.5000000000000009 41.500000000000007 31.500000000000004 24.500000000000004 1.5000000000000002 43.500000000000007 48.500000000000007 18.500000000000004 18.500000000000004 3.5000000000000004 6.5000000000000009 20.500000000000004
decision_type=2 2 2 2 2 2 2 2 2 2 2 2 2 2 2
left_child=1 2 14 9 5 6 -2 -7 13 -3 -4 -5 -10 -6 -1
right_child=4 3 10 11 8 7 -8 -9 12 -11 -12 -13 -14 -15 -16
leaf_value=0.014530843315477555 -0.0128840148093075 -0.038532181794466366 0.075680041993005487 0.011004047509905137 -0.083008794066308692 0.017466952200781989 -0.043104861007922955 -0.019870073402305174 -0.018471204295988083 -0.014451984031168296 0.10427088385055445 0.049221825210767005 -0.035327012214313606 -0.01784780870530232 -0.033250720761655438
leaf_weight=1.6007715947926033 48.677609372884035 31.598154284060001 7.245668724179267 3.7094725519418743 3.6679556965827933 16.325970873236656 23.08273908868432 22.164025992155075 27.924631536006927 13.715506810694931 32.710387602448463 19.443039625883102 32.5934042558074 1.2073939368128774 6.2551781199872494
leaf_count=27 868 686 29 26 105 274 441 412 577 275 132 127 668 26 127
internal_value=-0.00141882 0.0288656 0.0789418 -0.00610405 -0.0214675 -0.0161213 -0.022605 -0.00403315 -0.0304809 -0.0312436 0.0990862 0.0430986 -0.0275493 -0.0668715 -0.0235145
internal_weight=291.922 116.278 47.812 68.4662 175.644 110.25 71.7603 38.49 65.3934 45.3137 39.9561 23.1525 60.518 4.87535 7.85595
internal_count=4800 1429 315 1114 3371 1995 1309 686 1376 961 161 153 1245 131 154
is_linear=0
shrinkage=0.08


Tree=11
num_leaves=16
num_cat=0
split_feature=1 0 0 0 4 4 0 4 4 4 4 2 2 4 4
split_gain=23.78 27.2417 13.0862 11.2125 1.19415 1.30826 2.34639 1.04392 0.857381 0.835486 0.72796 0.671665 0.609406 0.604119 0.458793
threshold=1.0000000180025095e-35 1.5000000000000002 1.0000000180025095e-35 7.5000000000000009 41.500000000000007 9.5000000000000018 4.5000000000000009 43.500000000000007 15.500000000000002 55.500000000000007 24.500000000000004 1.0000000180025095e-35 1.0000000180025095e-35 30.500000000000004 51.500000000000007
decision_type=2 2 2 2 2 2 2 2 2 2 2 2 2 2 2
left_child=1 2 14 8 5 6 -2 12 -3 -4 -7 -9 -6 -5 -1
right_child=4 3 9 13 7 10 -8 11 -10 -11 -12 -13 -14 -15 -16
leaf_value=-0.03208940800766899 -0.0096351941978909377 -0.06402831717081596 0.086590563150908781 0.056097352617681451 -0.016834918832914936 -0.0032644754159025656 -0.084056837943822127 -0.011558005348056448 -0.025987128321053685 0.11733929289279987 -0.017504701981976966 -0.031047293305724186 -0.083077096310490803 0.029289279607976948 0.016185885041230644
leaf_weight=6.1049436181783667 6.4185085594654065 4.1903725862503043 32.818177133798599 8.2269120812416094 1.2063200399279583 37.016703583300114 4.6943134814500809 15.262776769697664 39.865003973245621 6.8329041451215735 60.565939631313086 43.779251225292683 3.377122912555933 15.545838132500647 1.58757097274065
leaf_count=123 134 116 132 53 34 628 106 287 845 29 1127 958 97 100 31
internal_value=-0.00134997 0.0267936 0.0733638 -0.00571216 -0.0201599 -0.0150647 -0.0410726 -0.0288643 -0.0296055 0.0918894 -0.0121029 -0.0260092 -0.0656428 0.0385666 -0.0221264
internal_weight=287.493 115.172 47.3436 67.8281 172.321 108.695 11.1128 63.6255 44.0554 39.6511 97.5826 59.042 4.58344 23.7728 7.69251
internal_count=4800 1429 315 1114 3371 1995 240 1376 961 161 1755 1245 131 153 154
is_linear=0
shrinkage=0.08


Tree=12
num_leaves=16
num_cat=0
split_feature=1 0 0 0 4 4 4 1 4 0 4 4 4 4 2
split_gain=20.4269 23.4302 11.1835 9.51786 1.07496 1.31477 3.22897 2.70224 0.99585 2.50794 1.04251 0.838628 0.816067 0.61955 0.447464
threshold=1.0000000180025095e-35 1.5000000000000002 1.0000000180025095e-35 7.5000000000000009 41.500000000000007 29.500000000000004 24.500000000000004 1.5000000000000002 57.500000000000007 3.5000000000000004 52.500000000000007 55.500000000000007 15.500000000000002 18.500000000000004 1.5000000000000002
decision_type=2 2 2 2 2 2 2 2 2 2 2 2 2 2 2
left_child=1 2 14 12 5 6 -2 -7 10 -10 -6 -4 -3 -5 -1
right_child=4 3 11 13 8 7 -8 -9 9 -11 -12 -13 -14 -15 -16
leaf_value=-0.030764410441621842 -0.011177066586617695 -0.062667101037708284 0.080305736396561189 0.0052847767610334218 -0.027736056909521915 0.019140182934192913 -0.053294763979656969 -0.020774457317653497 0.012395203563197723 -0.038145160356318479 -0.058507721698629674 0.11153600022959857 -0.024499818530100241 0.04017841826069158 0.017280767503521248
leaf_weight=5.9771377183496943 47.624163955450058 3.9488422721624366 32.565676063299179 3.8730532675981548 27.13899988681078 19.149980656802654 15.422260992228983 25.061367496848106 11.551170736551287 13.780001047998665 9.5172881148755533 6.6219719201326361 38.941591382026672 20.460263803601265 1.5655719116330145
leaf_count=125 868 116 132 26 646 330 311 486 231 275 224 29 845 127 29
internal_value=-0.00127958 0.0249045 0.0684131 -0.0053403 -0.0189096 -0.0140626 -0.0214798 -0.00348558 -0.0272962 -0.0150984 -0.0357255 0.0855831 -0.0280138 0.0346245 -0.0207921
internal_weight=283.199 113.954 46.7304 67.2238 169.245 107.258 63.0464 44.2113 61.9875 25.3312 36.6563 39.1876 42.8904 24.3333 7.54271
internal_count=4800 1429 315 1114 3371 1995 1179 816 1376 506 870 161 961 153 154
is_linear=0
shrinkage=0.08


Tree=13
num_leaves=16
num_cat=0
split_feature=1 0 0 0 4 4 0 4 4 4 0 4 2 2 4
split_gain=17.5548 20.2155 9.60468 8.0913 0.964272 1.21501 2.28117 1.02018 0.842807 0.834065 0.654126 0.644434 0.621583 0.581107 0.43713
threshold=1.0000000180025095e-35 1.5000000000000002 1.0000000180025095e-35 7.5000000000000009 41.500000000000007 9.5000000000000018 4.5000000000000009 43.500000000000007 55.500000000000007 64.500000000000014 6.5000000000000009 31.500000000000004 1.0000000180025095e-35 1.0000000180025095e-35 20.500000000000004
decision_type=2 2 2 2 2 2 2 2 2 2 2 2 2 2 2
left_child=1 2 14 9 5 6 -2 10 -4 -3 -6 -7 -9 -5 -1
right_child=4 3 8 13 7 11 -8 12 -10 -11 -12 -13 -14 -15 -16
leaf_value=0.018334498649248424 -0.0081360429030327298 -0.022940939059654959 0.074690547533920904 0.0077976005024028103 -0.082522690550757075 -0.015578166481646283 -0.083689476718682251 -0.0088347543712166982 0.10649434687618499 -0.062643038422088432 -0.010617833944277255 -0.0021224558461292709 -0.027953307220276315 0.037586345096247184 -0.029500344701734866
leaf_weight=1.5451021641492833 6.2998600751161558 38.096450984477997 32.22669829428196 5.3389991819858578 3.1092278566211453 57.680778607726097 4.3054962679743767 14.748804464936255 6.3901477605104438 3.7169231586158267 1.0948114693164823 37.647472210228443 41.528157249093056 19.494061931967735 5.8585541918873787
leaf_count=27 134 882 132 37 105 1069 106 287 29 79 26 686 958 116 127
internal_value=-0.00121408 0.0231708 0.0639507 -0.0049885 -0.0177232 -0.0131219 -0.0388088 -0.0257826 0.0799533 -0.0264702 -0.0637973 -0.0102642 -0.0229428 0.0311819 -0.0195175
internal_weight=279.082 112.667 46.0205 66.6464 166.415 105.934 10.6054 60.481 38.6168 41.8134 4.20404 95.3283 56.277 24.8331 7.40366
internal_count=4800 1429 315 1114 3371 1995 240 1376 161 961 131 1755 1245 153 154
is_linear=0
shrinkage=0.08


Tree=14
num_leaves=16
num_cat=0
split_feature=1 0 0 0 4 4 4 4 4 4 4 2 0 4 4
split_gain=15.0815 17.4834 8.28064 6.88595 0.863707 0.862319 1.09527 2.31141 0.966735 0.846547 0.676445 0.6568 0.560636 0.522506 0.431363
threshold=1.0000000180025095e-35 1.5000000000000002 1.0000000180025095e-35 7.5000000000000009 48.500000000000007 41.500000000000007 9.5000000000000018 2.5000000000000004 43.500000000000007 55.500000000000007 24.500000000000004 1.0000000180025095e-35 3.5000000000000004 30.500000000000004 51.500000000000007
decision_type=2 2 2 2 2 2 2 2 2 2 2 2 2 2 2
left_child=1 2 14 4 -3 6 7 -2 11 -4 -8 -7 -10 -5 -1
right_child=5 3 9 13 -6 8 10 -9 12 -11 -12 -13 -14 -15 -16
leaf_value=-0.028408650159524266 -0.0056386561829773396 -0.03272508440662103 0.069619823389531668 0.043926535811726224 -0.0075038534094630628 -0.0097563829905102564 -0.0009179820049060296 -0.083019246797892049 -0.013003345859478509 0.10205343883722268 -0.014853007204377471 -0.082613730676259017 -0.029169261263884944 0.019768208967961474 0.019248237247398284
leaf_weight=5.731908291578292 6.0808176174759847 28.276994451880455 31.824668377637863 8.7781975269317645 12.545165114104746 1.094086937606334 36.056443348526955 4.1611637324094772 25.899942710995674 6.1448522657155982 58.41163469478488 2.8670334573835135 29.218597833067179 16.499346718192101 1.5427021980285642
leaf_count=123 120 686 132 53 275 34 628 120 577 29 1127 97 668 100 31
internal_value=-0.00114559 0.0215714 0.0598882 -0.00465578 -0.0249743 -0.0165885 -0.0122284 -0.0370772 -0.0243163 0.0748688 -0.00953431 -0.0624901 -0.021573 0.0281577 -0.0183022
internal_weight=275.134 111.344 45.2441 66.0997 40.8222 163.79 104.71 10.242 59.0797 37.9695 94.4681 3.96112 55.1185 25.2775 7.27461
internal_count=4800 1429 315 1114 961 3371 1995 240 1376 161 1755 131 1245 153 154
is_linear=0
shrinkage=0.08


Tree=15
num_leaves=16
num_cat=0
split_feature=1 0 0 0 4 4 0 4 4 4 4 4 2 2 1
split_gain=12.9539 15.1473 7.16134 5.86378 0.848799 0.836283 0.810641 2.71708 2.93467 1.65919 2.52288 0.536725 0.465988 0.404797 0.125069
threshold=1.0000000180025095e-35 1.5000000000000002 1.0000000180025095e-35 7.5000000000000009 55.500000000000007 64.500000000000014 4.5000000000000009 13.500000000000002 24.500000000000004 2.5000000000000004 10.500000000000002 18.500000000000004 1.0000000180025095e-35 1.5000000000000002 1.5000000000000002
decision_type=2 2 2 2 2 2 2 2 2 2 2 2 2 2 2
left_child=1 2 13 5 -4 -3 9 12 -9 14 -11 -5 -8 -1 -2
right_child=6 3 4 11 -6 -7 7 8 -10 10 -12 -13 -14 -15 -16
leaf_value=-0.027093539183491062 0.05736214140185128 -0.019948598041172064 0.064999633113433708 -0.001187576278020037 0.098092022229934045 -0.060951384628230749 -0.034307135328546186 0.017867708789339486 -0.025551099228294169 -0.083335226515727986 -0.010226936305967943 0.030487783269054523 -0.084039107947540062 0.019234335634462151 0.028179434466704487
leaf_weight=5.6192306987941256 1.6869843713939183 36.415447004139423 31.378470003604889 4.067841291427615 5.8919862210750571 3.4884835109114638 1.6083268411457528 12.41253115236759 50.481871724128723 3.1321301087737075 85.101349590346217 21.618882447481155 4.8182055652141571 1.537298548966646 2.1223351769149303
leaf_count=125 31 882 132 26 29 79 38 215 1102 83 1749 127 114 29 39
internal_value=-0.00107915 0.0200885 0.0561566 -0.00434184 0.0702311 -0.0235331 -0.0155112 -0.022045 -0.0169822 -0.0105904 -0.0128221 0.0254716 -0.071593 -0.0171418 0.0411032
internal_weight=271.381 110.018 44.427 65.5907 37.2705 39.9039 161.364 69.3209 62.8944 92.0428 88.2335 25.6867 6.42653 7.15653 3.80932
internal_count=4800 1429 315 1114 161 961 3371 1469 1317 1902 1832 153 152 154 70
is_linear=0
shrinkage=0.08


Tree=16
num_leaves=16
num_cat=0
split_feature=1 0 0 0 4 4 4 4 4 1 4 4 0 2 4
split_gain=11.1271 13.1398 6.20742 4.99608 1.15843 0.842904 0.759025 1.13436 3.02599 2.37462 0.924354 0.75574 0.70237 0.583613 0.493469
threshold=1.0000000180025095e-35 1.5000000000000002 1.0000000180025095e-35 7.5000000000000009 13.500000000000002 48.500000000000007 41.500000000000007 29.500000000000004 24.500000000000004 1.5000000000000002 43.500000000000007 15.500000000000002 6.5000000000000009 1.0000000180025095e-35 58.500000000000007
decision_type=2 2 2 2 2 2 2 2 2 2 2 2 2 2 2
left_child=1 2 11 5 -4 -3 7 8 -2 -9 12 -1 -8 -12 -5
right_child=6 3 4 14 -6 -7 10 9 -10 -11 13 -13 -14 -15 -16
leaf_value=-0.08504836891604145 -0.0074691598287686791 -0.030023653988079033 0.028254063739678599 0.027332401460326512 0.071346005811748908 -0.0046149517558020502 -0.082153509005003095 0.020779550288461044 -0.049910447386338708 -0.017211041552148316 -0.0052857727386355384 -0.0060937072218161994 -0.0036520570282903902 -0.02425566734156075 -0.005474893387178493
leaf_weight=0.88771336525678535 45.451376177370548 26.946562506258488 4.5622484534978858 22.681549370288852 31.977242827415466 12.111604254692791 2.6703749690204854 18.869087044149637 14.082804959267376 23.825764033943415 14.129502482712267 6.1590755693614483 1.0035803094506262 39.107999641448259 3.3702694475650778
leaf_count=16 868 686 19 132 142 275 105 330 311 486 287 138 26 958 21
internal_value=-0.00101845 0.0187116 0.0527074 -0.00404607 0.0659656 -0.0221446 -0.0144945 -0.0103722 -0.0175086 -0.000421013 -0.0218993 -0.01604 -0.06071 -0.019221 0.0230882
internal_weight=267.837 108.696 43.5863 65.11 36.5395 39.0582 159.14 102.229 59.5342 42.6949 56.9115 7.04679 3.67396 53.2375 26.0518
internal_count=4800 1429 315 1114 161 961 3371 1995 1179 816 1376 154 131 1245 153
is_linear=0
shrinkage=0.08


Tree=17
num_leaves=16
num_cat=0
split_feature=1 0 0 0 4 4 0 4 4 4 4 4 2 4 1
split_gain=9.5521 11.3993 5.38849 4.25834 1.04191 0.832567 0.733262 2.61774 2.48877 1.35973 2.42274 0.486224 0.474974 0.44856 0.0945295
threshold=1.0000000180025095e-35 1.5000000000000002 1.0000000180025095e-35 7.5000000000000009 13.500000000000002 15.500000000000002 4.5000000000000009 13.500000000000002 24.500000000000004 2.5000000000000004 10.500000000000002 20.500000000000004 1.0000000180025095e-35 18.500000000000004 1.5000000000000002
decision_type=2 2 2 2 2 2 2 2 2 2 2 2 2 2 2
left_child=1 2 11 5 -4 -3 9 12 -9 14 -11 -1 -8 -5 -2
right_child=6 3 4 13 -6 -7 7 8 -10 10 -12 -13 -14 -15 -16
leaf_value=0.026427407146663771 0.050988338034039689 -0.058761730483173479 0.026151676678579077 -0.0032441498951449339 0.06718033996570591 -0.017144826789811704 -0.032224129384937912 0.016877552627941713 -0.023115242865912579 -0.083046161570149213 -0.008414349134127282 -0.025809222433183131 -0.083688076241696094 0.025455797224857864 0.026026822930609171
leaf_weight=1.4380307495594014 1.7628555111587041 3.373933143913745 4.5358249545097342 4.1326165199279812 31.272791430354118 34.900862440466881 1.5485992990434159 12.526135094463823 48.58663909137249 2.8802122324705115 83.170420611277223 5.5104720443487167 4.4339549131691456 22.250351414084435 2.1615197695791721
leaf_count=27 31 116 19 26 142 845 38 215 1102 83 1749 127 114 127 39
internal_value=-0.000959755 0.0174248 0.0494729 -0.00376805 0.0619833 -0.0208134 -0.0135323 -0.0198621 -0.014918 -0.00881215 -0.0109124 -0.0149986 -0.0703665 0.0209603 0.0372397
internal_weight=264.485 107.415 42.7571 64.6578 35.8086 38.2748 157.07 67.0953 61.1128 89.975 86.0506 6.9485 5.98255 26.383 3.92438
internal_count=4800 1429 315 1114 161 961 3371 1469 1317 1902 1832 154 152 153 70
is_linear=0
shrinkage=0.08


Tree=18
num_leaves=16
num_cat=0
split_feature=1 0 0 0 4 4 4 4 4 4 1 4 4 4 4
split_gain=8.1979 9.89571 4.68204 3.63048 0.960147 0.854781 0.751619 0.66307 1.03219 2.74103 2.0321 0.913877 2.36569 1.14421 0.483075
threshold=1.0000000180025095e-35 1.5000000000000002 1.0000000180025095e-35 7.5000000000000009 55.500000000000007 64.500000000000014 15.500000000000002 41.500000000000007 29.500000000000004 24.500000000000004 1.5000000000000002 57.500000000000007 62.500000000000007 52.500000000000007 30.500000000000004
decision_type=2 2 2 2 2 2 2 2 2 2 2 2 2 2 2
left_child=1 2 6 5 -4 -3 -1 8 9 -2 -10 13 -13 -9 -5
right_child=7 3 4 14 -6 -7 -8 11 10 -11 -12 12 -14 -15 -16
leaf_value=-0.084761188216899139 -0.006194556354865031 -0.015832925362997203 0.052717522445117855 0.033814943977423531 0.089788779422570159 -0.058848412527576464 -0.0040930092290258459 -0.019511589146379425 0.020199881569441424 -0.047588843111987932 -0.015119152223734833 0.031619375846635822 -0.024350945218239616 -0.054085864774170961 0.011204950061619602
leaf_weight=0.84285572916269202 44.736993931233883 34.315127298235893 29.811077013611794 9.2652712464332598 5.2604094594717017 3.2352969385683528 6.011932048946619 23.829510241746902 18.967083130031824 13.276175308972595 23.151626497507095 6.9159598946571377 16.04744952917099 8.2458685711026174 17.415258571505547
leaf_count=16 868 882 132 53 29 79 138 646 330 311 486 155 351 224 100
internal_value=-0.000904107 0.0162267 0.0464588 -0.00350702 0.0582779 -0.0195391 -0.0140119 -0.0126239 -0.0087467 -0.0156675 0.000785871 -0.0196776 -0.00749419 -0.0283999 0.0190567
internal_weight=261.328 106.157 41.9263 64.231 35.0715 37.5504 6.85479 155.171 100.132 58.0132 42.1187 55.0388 22.9634 32.0754 26.6805
internal_count=4800 1429 315 1114 161 961 154 3371 1995 1179 816 1376 506 870 153
is_linear=0
shrinkage=0.08


Tree=19
num_leaves=16
num_cat=0
split_feature=1 0 0 0 4 4 2 4 4 4 4 4 4 4 2
split_gain=7.03413 8.5961 4.07646 3.09496 0.966098 0.80915 0.654434 1.46708 4.31931 2.17034 0.956595 4.22824 3.44817 0.48864 0.433458
threshold=1.0000000180025095e-35 1.5000000000000002 1.0000000180025095e-35 7.5000000000000009 34.500000000000007 48.500000000000007 1.5000000000000002 34.500000000000007 27.500000000000004 69.500000000000014 23.500000000000004 21.500000000000004 29.500000000000004 20.500000000000004 1.0000000180025095e-35
decision_type=2 2 2 2 2 2 2 2 2 2 2 2 2 2 2
left_child=1 2 13 5 -4 -3 10 8 -8 -9 11 -2 -12 -1 -5
right_child=6 3 4 14 -6 -7 7 9 -10 -11 12 -13 -14 -15 -16
leaf_value=0.028853753924725455 -0.0098894636951313251 -0.026335647029709999 0.069685354943426175 -0.0021187246530949108 0.042705737068906229 -0.00080519508171862512 -0.039466058640444078 -0.054371539054890484 0.067294061378279479 0.064478092734910564 -0.05008936602642499 0.068183656360295969 -0.0073880039557631064 -0.024095263258048318 0.022631751242164062
leaf_weight=1.4084089212119568 29.910572281107306 25.304002195596695 15.435276806354521 5.7589952647686031 18.889721140265465 11.581250999122856 7.0795892681926507 10.861498441547154 3.6892386078834534 1.0812501721084107 14.217805121093987 5.2133192643523207 81.358209688216448 5.3627304211258888 21.19559271633625
leaf_count=27 599 686 69 37 92 275 142 261 75 27 329 90 1848 127 116
internal_value=-0.000851753 0.0151092 0.0436473 -0.00326177 0.0548379 -0.0183196 -0.0117693 -0.0243039 -0.00289165 -0.0436114 -0.00959122 0.00169866 -0.0137402 -0.0130818 0.0173437
internal_weight=258.347 104.936 41.0961 63.8398 34.325 36.8853 153.411 22.7116 10.7688 11.9427 130.7 35.1239 95.576 6.77114 26.9546
internal_count=4800 1429 315 1114 161 961 3371 505 217 288 2866 689 2177 154 153
is_linear=0
shrinkage=0.08


Tree=20
num_leaves=16
num_cat=0
split_feature=1 0 0 0 4 4 0 4 4 4 4 4 2 4 4
split_gain=6.03508 7.45345 3.54099 2.63896 1.04637 0.840317 0.65213 2.53083 2.14187 1.21815 3.63515 3.20319 0.486469 0.416847 0.405284
threshold=1.0000000180025095e-35 1.5000000000000002 1.0000000180025095e-35 7.5000000000000009 13.500000000000002 64.500000000000014 4.5000000000000009 13.500000000000002 48.500000000000007 56.500000000000007 63.500000000000007 52.500000000000007 1.0000000180025095e-35 20.500000000000004 18.500000000000004
decision_type=2 2 2 2 2 2 2 2 2 2 2 2 2 2 2
left_child=1 2 13 5 -4 -3 9 12 -9 11 -11 -2 -8 -1 -5
right_child=6 3 4 14 -6 -7 7 8 -10 10 -12 -13 -14 -15 -16
leaf_value=0.025846033057740438 -0.0066995582060310312 -0.013459672682078363 0.015014808834830164 -0.0068890938194495844 0.056972950281357175 -0.05725129058224375 -0.029721054231543063 -0.0030534110796231989 -0.037582238128312795 0.067494978619362295 -0.017287860341034151 -0.083046638855727828 -0.083323617542869322 -0.022681180673022265 0.020010243912022673
leaf_weight=1.4448983967304219 70.02672678232193 33.205929860472679 4.3721444457769385 4.2484719306230572 29.270311638712883 3.0631026290357104 1.4820125401020039 43.267740491777658 15.658702298998831 5.2758939191699019 8.3733221590518934 3.7030287683010092 4.0306048728525639 5.2462745271623135 22.945076048374176
leaf_count=27 1497 882 19 26 142 79 38 921 396 117 183 105 114 127 127
internal_value=-0.000808447 0.0140581 0.0409489 -0.00303232 0.0515201 -0.0171581 -0.0109725 -0.0170781 -0.0122289 -0.00646989 0.0154836 -0.010534 -0.0689131 -0.0122022 0.0158077
internal_weight=255.614 103.796 40.3336 63.4626 33.6425 36.269 151.818 64.4391 58.9264 87.379 13.6492 73.7298 5.51262 6.69117 27.1935
internal_count=4800 1429 315 1114 161 961 3371 1469 1317 1902 300 1602 152 154 153
is_linear=0
shrinkage=0.08


Tree=21
num_leaves=16
num_cat=0
split_feature=1 0 0 0 4 4 2 4 4 4 4 4 4 4 4
split_gain=5.17557 6.47002 3.08166 2.24972 1.07784 0.816713 0.583406 1.32262 3.81803 1.96559 0.873316 3.31956 3.19466 0.43199 0.426172
threshold=1.0000000180025095e-35 1.5000000000000002 1.0000000180025095e-35 7.5000000000000009 55.500000000000007 15.500000000000002 1.5000000000000002 34.500000000000007 23.500000000000004 69.500000000000014 23.500000000000004 21.500000000000004 29.500000000000004 30.500000000000004 51.500000000000007
decision_type=2 2 2 2 2 2 2 2 2 2 2 2 2 2 2
left_child=1 2 14 5 -4 -3 10 8 -8 -9 11 -2 -12 -5 -1
right_child=6 3 4 13 -6 -7 7 9 -10 -11 12 -13 -14 -15 -16
leaf_value=-0.022067016869649816 -0.0080582671030899142 -0.055792932929815617 0.042527662092689995 0.028158495014415738 0.083781382707769511 -0.012368261176112507 -0.052790706310011537 -0.052294127188202942 0.043124960701599671 0.05940775592244827 -0.048144437043172145 0.059650243437145457 -0.0061036564781708578 0.0070787849940651959 0.027168329576719785
leaf_weight=5.1796206422150126 29.23121071793139 3.0288465321063986 28.207152619957924 9.5459341108798998 4.7334768921136847 32.673831954598427 5.0184959378093499 10.220961147919295 5.6423145309090614 1.1185499615967263 13.521491426974533 5.5072874426841727 80.07708303630352 17.868147999048233 1.4373890496790407
leaf_count=123 599 116 132 53 29 845 101 261 116 27 329 90 1848 100 31
internal_value=-0.00076419 0.0130811 0.0384481 -0.00281736 0.0484557 -0.0160522 -0.0102199 -0.0222565 -0.00202661 -0.0412757 -0.00815656 0.00267594 -0.012177 0.014419 -0.0113718
internal_weight=253.012 102.674 39.5576 63.1168 32.9406 35.7027 150.337 22.0003 10.6608 11.3395 128.337 34.7385 93.5986 27.4141 6.61701
internal_count=4800 1429 315 1114 161 961 3371 505 217 288 2866 689 2177 153 154
is_linear=0
shrinkage=0.08


Tree=22
num_leaves=16
num_cat=0
split_feature=1 0 0 0 4 4 0 4 4 4 4 2 4 4 1
split_gain=4.43813 5.61733 2.68424 1.91763 1.03915 0.793411 0.571624 2.37123 1.94973 1.1657 2.35215 0.49305 0.378016 0.373354 0.0772028
threshold=1.0000000180025095e-35 1.5000000000000002 1.0000000180025095e-35 7.5000000000000009 55.500000000000007 64.500000000000014 4.5000000000000009 13.500000000000002 50.500000000000007 2.5000000000000004 10.500000000000002 1.0000000180025095e-35 20.500000000000004 18.500000000000004 1.5000000000000002
decision_type=2 2 2 2 2 2 2 2 2 2 2 2 2 2 2
left_child=1 2 12 5 -4 -3 9 11 -9 14 -11 -8 -1 -5 -2
right_child=6 3 4 13 -6 -7 7 8 -10 10 -12 -13 -14 -15 -16
leaf_value=0.025457948655276074 0.049645410674779449 -0.011421040567993333 0.039801885800491543 -0.0084956105857971476 0.081244005465847466 -0.055293649021378156 -0.027689415754648103 -0.0024654740943582188 -0.036961271444405808 -0.082696447307737189 -0.0048851035675825964 -0.083014422145507027 -0.020836355322056944 0.017155870180930007 0.027099172596972591
leaf_weight=1.449737399816512 1.7796388268470757 32.304468035697937 27.747325077652931 4.3012883812189129 4.500428929924964 2.8726959861814967 1.4317448623478402 43.973492151126266 13.77004052326083 2.5664667822420588 79.625216027721763 3.6825439129024744 5.0999572686851025 23.317328229546547 2.1417963579297066
leaf_count=27 31 882 132 26 29 79 38 956 361 83 1749 114 127 127 39
internal_value=-0.000723086 0.0121698 0.0361022 -0.00261651 0.0455855 -0.0150038 -0.00951558 -0.0153159 -0.0106917 -0.0052817 -0.00731479 -0.0675262 -0.0105894 0.0131609 0.0373312
internal_weight=250.564 101.593 38.7974 62.7958 32.2478 35.1772 148.971 62.8578 57.7435 86.1131 82.1917 5.11429 6.54969 27.6186 3.92144
internal_count=4800 1429 315 1114 161 961 3371 1469 1317 1902 1832 152 154 153 70
is_linear=0
shrinkage=0.08


Tree=23
num_leaves=15
num_cat=0
split_feature=1 0 4 4 0 4 2 4 4 4 4 4 3 4
split_gain=3.80126 4.87451 2.48635 2.93036 1.63429 0.823274 0.522792 1.19353 3.24177 1.76818 0.792898 2.94753 2.68907 0.3925
threshold=1.0000000180025095e-35 1.5000000000000002 12.500000000000002 34.500000000000007 7.5000000000000009 48.500000000000007 1.5000000000000002 34.500000000000007 23.500000000000004 69.500000000000014 23.500000000000004 29.500000000000004 1.0000000180025095e-35 30.500000000000004
decision_type=2 2 2 2 2 2 2 2 2 2 2 2 2 2
left_child=1 2 -1 -4 5 -3 10 8 -8 -9 12 -12 -2 -6
right_child=6 4 3 -5 13 -7 7 9 -10 -11 11 -13 -14 -15
leaf_value=-0.024191995533706288 -0.00069240858154812329 -0.022380366597137238 0.070581828413978059 0.022312324025817044 0.02500508399174509 0.0041319539681736982 -0.050561027896219378 -0.050282996008468916 0.038552004459753486 0.054298335158477345 -0.046232386858005528 -0.0049790407518836826 0.12365049064764091 0.0050630303673667009
leaf_weight=4.1975138485431662 33.264752089977264 23.739989444613457 13.17095537111163 20.699339024722576 9.70364958047867 10.955094259232281 4.7253325935453194 9.6641066242009384 5.8435226641595364 1.158715397119521 12.893907982856033 78.992482816800475 1.1516528576612461 18.096152633428574
leaf_count=28 665 686 109 178 53 275 101 261 116 27 329 1848 24 100
internal_value=-0.000678985 0.0113178 0.0338852 0.0410826 -0.00242871 -0.014009 -0.00884742 -0.0204127 -0.00129041 -0.0390863 -0.00688863 -0.0107679 0.00346839 0.0120239
internal_weight=248.257 100.563 38.0678 33.8703 62.4949 34.6951 147.694 21.3917 10.5689 10.8228 126.303 91.8864 34.4164 27.7998
internal_count=4800 1429 315 287 1114 961 3371 505 217 288 2866 2177 689 153
is_linear=0
shrinkage=0.08


Tree=24
num_leaves=15
num_cat=0
split_feature=1 0 0 4 4 4 4 4 4 0 4 4 0 0
split_gain=3.24712 4.16457 2.44001 1.44093 1.7345 1.06126 0.765326 0.549738 1.99949 2.46274 0.86808 1.88179 1.00635 1.87132e-05
threshold=1.0000000180025095e-35 1.5000000000000002 1.0000000180025095e-35 2.5000000000000004 7.5000000000000009 55.500000000000007 15.500000000000002 9.5000000000000018 2.5000000000000004 4.5000000000000009 24.500000000000004 29.500000000000004 1.0000000180025095e-35 4.5000000000000009
decision_type=2 2 2 2 2 2 2 2 2 2 2 2 2 2
left_child=1 2 6 -3 -5 -4 -1 8 9 -2 12 -12 -9 -10
right_child=7 3 5 4 -6 -7 -8 10 13 -11 11 -13 -14 -15
leaf_value=-0.08463354059820595 0.033141894529216002 -0.090295859300116646 0.034998475753765211 0.090951327639113511 -0.0025568602517469373 0.078171445642093162 -0.0022553346475700791 0.043195053180493041 -0.082231648533881235 -0.08286137111758389 -0.041250826238729624 -0.0068535214038409568 -0.00075928861010060654 -0.081818799270925599
leaf_weight=0.82280021160840888 4.0532830879092199 1.1673890724778164 26.878564417362217 1.2971229627728451 59.752855576574802 4.2155089378356925 5.8784790299832821 3.7445023320615283 1.6859281603246929 1.6472859419882295 11.439547546207903 92.368915300816298 30.385795885697007 1.2047882862389085
leaf_count=16 70 31 132 25 1058 29 138 69 64 50 311 2192 559 56
internal_value=-0.000642943 0.01047 0.0314152 -0.00225363 -0.000570101 0.0408516 -0.0123699 -0.00822797 -0.0278624 -0.000379417 -0.00700507 -0.0106441 0.00406303 -0.0820596
internal_weight=246.543 100.013 37.7954 62.2174 61.05 31.0941 6.70128 146.53 8.59129 5.70057 137.939 103.808 34.1303 2.89072
internal_count=4800 1429 315 1114 1083 161 154 3371 240 120 3131 2503 628 120
is_linear=0
shrinkage=0.08


Tree=25
num_leaves=16
num_cat=0
split_feature=1 0 0 4 0 4 4 4 0 4 4 0 4 4 4
split_gain=2.77633 3.6133 2.11992 1.76618 1.38063 0.773965 0.527827 0.986487 0.755135 0.717176 1.8861 0.599377 0.406942 0.382702 0.364293
threshold=1.0000000180025095e-35 1.5000000000000002 1.0000000180025095e-35 12.500000000000002 7.5000000000000009 64.500000000000014 41.500000000000007 43.500000000000007 6.5000000000000009 9.5000000000000018 2.5000000000000004 1.5000000000000002 31.500000000000004 51.500000000000007 18.500000000000004
decision_type=2 2 2 2 2 2 2 2 2 2 2 2 2 2 2
left_child=1 2 13 -4 5 -3 9 8 -8 10 -2 -9 -11 -1 -6
right_child=6 4 3 -5 14 -7 7 11 -10 12 -12 -13 -14 -15 -16
leaf_value=-0.021804009542955093 -0.00044909066776859039 -0.0093249992474767236 -0.014558920483569089 0.045387638293441369 -0.010159303833367512 -0.053708477477342635 -0.081832305693652407 -0.027346167296284564 0.0040807427269115718 -0.0064724722932911266 -0.081897358068323739 -0.0063052790523570124 0.0047262553888386041 0.024444223359919463 0.015022294102164397
leaf_weight=5.1573063209652892 5.6970914453268033 31.425378896296024 3.5616962909698513 26.917088806629181 4.3554110676050213 2.7332443818449965 2.283668357878923 11.380400918424128 0.91796173155307759 51.262100687250495 2.67353873886168 36.309678560122848 34.909465316683054 1.4719474539160726 23.596242219209671
leaf_count=123 120 882 16 145 26 79 105 287 26 1069 120 958 686 31 127
internal_value=-0.000604285 0.00971354 0.0294648 0.0383824 -0.00208691 -0.0128764 -0.00764334 -0.0142122 -0.0571996 -0.00410733 -0.0264633 -0.0113263 -0.00193569 -0.0115351 0.0110985
internal_weight=244.652 99.2183 37.108 30.4788 62.1103 34.1586 145.434 50.8917 3.20163 94.5422 8.37063 47.6901 86.1716 6.62925 27.9517
internal_count=4800 1429 315 161 1114 961 3371 1376 131 1995 240 1245 1755 154 153
is_linear=0
shrinkage=0.08


Tree=26
num_leaves=9
num_cat=0
split_feature=4 1 0 4 4 4 0 4
split_gain=2.71006 2.03313 3.49043 3.81813 1.84235 0.590281 2.61218 2.50975
threshold=88.500000000000014 1.0000000180025095e-35 1.5000000000000002 66.500000000000014 12.500000000000002 70.500000000000014 1.0000000180025095e-35 68.500000000000014
decision_type=2 2 2 2 2 2 2 2
left_child=1 2 4 -4 -1 7 -7 -3
right_child=-2 5 3 -5 -6 6 -8 -9
leaf_value=-0.022822323577855665 0.10768930006902103 -0.0072348381087370371 0.00074350856904099947 -0.089400883764553407 0.033939201531783529 0.094663224483528985 -0.05323743360795706 0.10601150349701305
leaf_weight=4.1330663338303557 1.4710413292050351 136.34127411991358 58.286717370152473 3.170724354684352 31.952775653451681 0.89529193937778373 5.2220240831375122 1.2640666030347336
leaf_count=28 24 3183 1039 71 283 20 122 30
internal_value=-0.000565408 -0.00122546 0.00768886 -0.00390724 0.0274381 -0.00727552 -0.0315916 -0.00619454
internal_weight=242.737 241.266 97.5433 61.4574 36.0858 143.723 6.11732 137.605
internal_count=4800 4776 1421 1110 311 3355 142 3213
is_linear=0
shrinkage=0.08


Tree=27
num_leaves=8
num_cat=0
split_feature=4 4 0 1 0 4 2
split_gain=2.15367 1.8054 4.90624 2.05191 2.39905 1.81675 1.01774
threshold=88.500000000000014 69.500000000000014 1.0000000180025095e-35 1.0000000180025095e-35 1.5000000000000002 67.500000000000014 1.5000000000000002
decision_type=2 2 2 2 2 2 2
left_child=1 3 -3 4 -1 -5 -4
right_child=-2 2 6 5 -6 -7 -8
leaf_value=0.026133713873217751 0.093139857367898066 0.11873799467686924 -0.066280213719122377 -0.006913818562693185 -0.00038683981214104982 0.083707762283124321 0.00985727525419673
leaf_weight=34.638567805290222 1.5606837533414353 1.1809601001441468 7.5075718332082015 134.78467020578682 59.035661641508341 1.4308605603873719 1.3213900327682493
leaf_count=300 24 24 169 3166 1058 33 26
internal_value=-0.000532994 -0.00114239 -0.0344012 0.000305775 0.00941985 -0.00596189 -0.0548851
internal_weight=241.46 239.9 10.0099 229.89 93.6742 136.216 8.82896
internal_count=4800 4776 219 4557 1358 3199 195
is_linear=0
shrinkage=0.08


Tree=28
num_leaves=16
num_cat=0
split_feature=1 0 0 4 0 4 2 4 4 4 4 0 4 4 2
split_gain=1.74442 2.26106 1.98508 1.37182 1.13658 0.885272 0.497789 1.14713 2.89402 1.40338 0.67513 2.75099 2.06349 0.41521 0.350196
threshold=1.0000000180025095e-35 1.5000000000000002 1.0000000180025095e-35 12.500000000000002 7.5000000000000009 48.500000000000007 1.5000000000000002 34.500000000000007 23.500000000000004 69.500000000000014 69.500000000000014 1.0000000180025095e-35 67.500000000000014 20.500000000000004 1.0000000180025095e-35
decision_type=2 2 2 2 2 2 2 2 2 2 2 2 2 2 2
left_child=1 2 13 -4 5 -3 10 8 -8 -9 12 -12 -2 -1 -6
right_child=6 4 3 -5 14 -7 7 9 -10 -11 11 -13 -14 -15 -16
leaf_value=0.022672643061224955 -0.0039973598461280494 -0.020315299695378323 -0.013607081647507832 0.039304669437085618 -0.006890595614037499 0.0076842074151916477 -0.047790061374079651 -0.047638162482910147 0.038040586908428077 0.04240065559739413 0.10266626499636963 -0.052488623811328523 0.096356539283032228 -0.025071417394547862 0.014947029135044065
leaf_weight=1.4835633262991894 114.8875416200608 22.995341047644615 3.5748810768127468 25.543271973729134 5.9691986888647106 10.539222255349157 4.400392238050701 9.0082067102193815 5.8654134646058083 1.2632534615695465 0.8528086245059957 5.136215303093195 1.3264778405427922 5.4419606663286686 22.100553601980209
leaf_count=27 2694 686 16 145 37 275 101 261 116 27 16 129 27 127 116
internal_value=-0.000501912 0.00773758 0.0236525 0.0328086 -0.001574 -0.0115156 -0.00613851 -0.0176627 0.00124966 -0.0365646 -0.00420178 -0.0303953 -0.00285191 -0.0148438 0.0103031
internal_weight=240.388 97.648 36.0437 29.1182 61.6043 33.5346 142.74 20.5373 10.2658 10.2715 122.203 5.98902 116.214 6.92552 28.0698
internal_count=4800 1429 315 161 1114 961 3371 505 217 288 2866 145 2721 154 153
is_linear=0
shrinkage=0.08


Tree=29
num_leaves=8
num_cat=0
split_feature=4 4 0 1 4 4 4
split_gain=1.76854 1.56089 3.59096 1.5142 1.94139 1.39535 0.950745
threshold=88.500000000000014 69.500000000000014 1.0000000180025095e-35 1.0000000180025095e-35 65.500000000000014 68.500000000000014 74.500000000000014
decision_type=2 2 2 2 2 2 2
left_child=1 3 -3 4 -1 -5 -4
right_child=-2 2 6 5 -6 -7 -8
leaf_value=0.0065996535758128414 0.082810233361993113 0.086010066809310365 -0.082219255142629302 -0.0057797055472879211 0.093700265223135126 0.094808553034621393 -0.027791752317088161
leaf_weight=90.987553268671036 1.6206563338637341 1.3998727127909649 3.7645669244229776 133.93033072911203 1.6677759811282147 0.88846381008624931 4.5205348916351795
leaf_count=1329 24 24 83 3183 29 16 112
internal_value=-0.000475878 -0.00104502 -0.0324988 0.000294159 0.00816745 -0.00511682 -0.0525224
internal_weight=238.78 237.159 9.68497 227.474 92.6553 134.819 8.2851
internal_count=4800 4776 219 4557 1358 3199 195
is_linear=0
shrinkage=0.08


Tree=30
num_leaves=8
num_cat=0
split_feature=4 4 0 1 0 4 2
split_gain=1.42288 1.3558 3.01542 1.28115 1.77801 1.09067 0.909325
threshold=88.500000000000014 69.500000000000014 1.0000000180025095e-35 1.0000000180025095e-35 1.5000000000000002 68.500000000000014 1.5000000000000002
decision_type=2 2 2 2 2 2 2
left_child=1 3 -3 4 -1 -5 -4
right_child=-2 2 6 5 -6 -7 -8
leaf_value=0.022121680789833002 0.072484202628191621 0.07319343961238628 -0.06207915673955243 -0.0053464179393115261 -0.00087825136503182945 0.080013307705417175 0.010688124757060373
leaf_weight=33.805837575346231 1.6998309195041645 1.5083531513810147 6.6872903965413553 133.23186222091317 59.14671078696847 0.96494656801223655 1.3152354732155798
leaf_count=300 24 24 169 3183 1058 16 26
internal_value=-0.000447558 -0.000971396 -0.0305631 0.000267628 0.00748658 -0.00473264 -0.0501197
internal_weight=238.36 236.66 9.51088 227.149 92.9525 134.197 8.00253
internal_count=4800 4776 219 4557 1358 3199 195
is_linear=0
shrinkage=0.08


Tree=31
num_leaves=8
num_cat=0
split_feature=4 4 0 4 0 4 4
split_gain=1.15144 1.17854 2.55596 1.13375 2.10758 1.82485 0.921481
threshold=88.500000000000014 69.500000000000014 1.0000000180025095e-35 57.500000000000007 3.5000000000000004 39.500000000000007 74.500000000000014
decision_type=2 2 2 2 2 2 2
left_child=1 3 -3 5 -5 -1 -4
right_child=-2 2 6 4 -6 -7 -8
leaf_value=0.0036005219177345548 0.063804261492124065 0.063064162783241104 -0.078563949167568495 0.043082583495523838 -0.0052590945507659881 -0.012580310843019729 -0.022998067306764233
leaf_weight=136.98174509499222 1.7732818461954583 1.6060751900076846 3.4558343552052975 10.692102674394848 12.543031983077524 66.147813979536295 4.2703209780156612
leaf_count=2631 24 24 83 209 265 1452 112
internal_value=-0.000419254 -0.000902444 -0.0287635 0.00024617 0.0169863 -0.00166866 -0.0478521
internal_weight=237.47 235.697 9.33223 226.365 23.2351 203.13 7.72616
internal_count=4800 4776 219 4557 474 4083 195
is_linear=0
shrinkage=0.08


Tree=32
num_leaves=14
num_cat=0
split_feature=1 3 0 0 4 2 4 4 4 4 4 4 4
split_gain=1.13366 1.68286 1.5909 1.86953 1.31104 0.468352 1.04694 2.48982 1.06945 0.650383 2.61479 2.56485 0.450042
threshold=1.0000000180025095e-35 1.0000000180025095e-35 1.5000000000000002 1.0000000180025095e-35 2.5000000000000004 1.5000000000000002 34.500000000000007 23.500000000000004 69.500000000000014 23.500000000000004 29.500000000000004 21.500000000000004 28.500000000000004
decision_type=2 2 2 2 2 2 2 2 2 2 2 2 2
left_child=1 2 3 -1 -4 9 7 -7 -8 11 -11 -2 -3
right_child=5 12 4 -5 -6 6 8 -9 -10 10 -12 -13 -14
leaf_value=-0.015466561974834779 -0.0036262745898162042 -0.022423485822118235 -0.090229155575695594 0.030864002627799089 0.001616972899639037 -0.045702944654456533 -0.045417055058307287 0.034615866513103895 0.030345498777911515 -0.04197570704347766 -0.0012822320326754772 0.055464022468357597 -0.089521915648874129
leaf_weight=6.9691065922379485 27.67374511808157 1.2183275576680892 1.0119059029966582 27.84797652810812 58.365657161921263 4.1857397565618175 8.5176026392728073 6.0264097116887569 1.386539839208125 11.666104584932325 75.555171387270093 5.6632849276065818 1.3471241034567354
leaf_count=151 599 24 28 159 1040 101 261 116 27 329 1848 90 27
internal_value=-0.000393408 0.00627188 0.00801303 0.0215903 5.17413e-05 -0.00497799 -0.0162784 0.00169492 -0.0348106 -0.00309241 -0.00672511 0.00641197 -0.057657
internal_weight=237.435 96.7601 94.1946 34.8171 59.3776 140.675 20.1163 10.2121 9.90414 120.558 87.2213 33.337 2.56545
internal_count=4800 1429 1378 310 1068 3371 505 217 288 2866 2177 689 51
is_linear=0
shrinkage=0.08


Tree=33
num_leaves=13
num_cat=0
split_feature=1 3 0 0 0 4 4 0 0 1 1 4
split_gain=0.968316 1.48112 1.37861 1.61099 1.10575 0.476163 2.20929 1.64096 2.07726 1.48476 0.567029 0.443965
threshold=1.0000000180025095e-35 1.0000000180025095e-35 1.5000000000000002 1.0000000180025095e-35 7.5000000000000009 62.500000000000007 61.500000000000007 1.0000000180025095e-35 2.5000000000000004 1.5000000000000002 1.5000000000000002 28.500000000000004
decision_type=2 2 2 2 2 2 2 2 2 2 2 2
left_child=1 2 3 -1 -4 6 10 9 -9 -7 -2 -3
right_child=5 11 4 -5 -6 7 -8 8 -10 -11 -12 -13
leaf_value=-0.014436952077103783 0.0018770385931885117 -0.02083979129687925 -0.010122233384411004 0.028880953269101717 0.011767941875917289 -0.022040188915875742 0.1007106602277499 -0.084374824244650107 -0.010083852103670736 0.1001958791384029 -0.0089932452513895606 -0.088832049184568745
leaf_weight=6.8729656003415576 55.706743002869189 1.2065483294427388 31.802610429003835 27.398490324616432 27.573183879256248 1.2517643049359313 1.300213124603032 3.3307612128555766 8.7020826954394561 1.2927902042865753 68.447394046001136 1.2528173625469206
leaf_count=151 1276 24 919 159 149 21 31 77 229 24 1713 27
internal_value=-0.0003756 0.00580815 0.00741758 0.0201938 4.32193e-05 -0.00461963 -0.00302943 -0.018305 -0.030648 0.0400633 -0.00411586 -0.0554755
internal_weight=236.138 96.1066 93.6473 34.2715 59.3758 140.032 125.454 14.5774 12.0328 2.54455 124.154 2.45937
internal_count=4800 1429 1378 310 1068 3371 3020 351 306 45 2989 51
is_linear=0
shrinkage=0.08


Tree=34
num_leaves=9
num_cat=0
split_feature=4 4 0 1 4 0 4 0
split_gain=0.959171 1.02296 2.0633 1.13389 0.987861 1.75168 1.67549 0.454286
threshold=88.500000000000014 69.500000000000014 1.5000000000000002 1.5000000000000002 57.500000000000007 3.5000000000000004 52.500000000000007 1.0000000180025095e-35
decision_type=2 2 2 2 2 2 2 2
left_child=1 4 7 -4 6 -6 -1 -3
right_child=-2 2 3 -5 5 -7 -8 -9
leaf_value=0.00046611546077422977 0.05758921998388198 0.051052799800301571 -0.085359651441182169 -0.012488699166301399 0.039463457221451101 -0.0045906244444247216 -0.028058781174947471 -0.0079275235184910926
leaf_weight=186.55039722379297 1.814110543578862 1.7380694076418859 3.4405280202627182 2.2671124059706926 10.790262259542944 12.431639350950716 14.180508634075521 1.6099759265780449
leaf_count=3756 24 24 103 67 209 265 327 25
internal_value=-0.000356583 -0.000807726 -0.0271681 -0.0564148 0.000258172 0.0158795 -0.00154901 0.0226909
internal_weight=234.823 233.008 9.05569 5.70764 223.953 23.2219 200.731 3.34805
internal_count=4800 4776 219 170 4557 474 4083 49
is_linear=0
shrinkage=0.08


Tree=35
num_leaves=15
num_cat=0
split_feature=1 4 2 4 4 2 4 4 0 1 0 4 0 3
split_gain=0.860416 1.31532 6.83907 4.0167 2.15373 1.82039 1.74551 0.450662 1.01484 1.88633 1.41977 0.625978 1.97509 0.391303
threshold=1.0000000180025095e-35 12.500000000000002 1.5000000000000002 23.500000000000004 19.500000000000004 1.0000000180025095e-35 47.500000000000007 41.500000000000007 1.5000000000000002 1.5000000000000002 3.5000000000000004 9.5000000000000018 4.5000000000000009 1.0000000180025095e-35
decision_type=2 2 2 2 2 2 2 2 2 2 2 2 2 2
left_child=1 2 5 4 -3 -1 -5 11 9 -9 -10 12 -2 -13
right_child=7 3 -4 6 -6 -7 -8 8 10 -11 -12 13 -14 -15
leaf_value=-0.13287418575797172 0.0044183938613558118 0.023625136475002938 0.13439249388737026 -0.0084850672910114274 0.090694453342788514 -0.03524478997687041 0.016780841129478984 -0.068201405714132884 0.019040032293972716 -0.0039267822456260613 -0.014813210382488826 0.0020386021751733082 -0.082106000078214697 -0.028181162944278634
leaf_weight=1.5779809933155755 5.4058140348643056 7.9011126272380334 1.436268540099263 45.352971062064171 5.0054821036756039 5.4229844231158495 28.494665574282408 5.0126392226666194 11.693776183761655 7.0074612405151129 24.624695403501391 80.489357091486454 2.4553709030151367 2.8389962799847117
leaf_count=28 134 118 16 682 74 81 430 126 315 188 747 1696 106 59
internal_value=-0.000336351 0.00552775 -0.0246267 0.0084604 0.0496362 -0.0572499 0.00126397 -0.00433707 -0.0105818 -0.0307307 -0.00391319 -0.00102683 -0.0226067 0.00100902
internal_weight=234.72 95.1915 8.43723 86.7542 12.9066 7.00097 73.8476 139.528 48.3386 12.0201 36.3185 91.1895 7.86118 83.3284
internal_count=4800 1429 125 1304 192 109 1112 3371 1376 314 1062 1995 240 1755
is_linear=0
shrinkage=0.08


Tree=36
num_leaves=9
num_cat=0
split_feature=4 4 0 1 4 4 0 0
split_gain=0.766371 0.87878 1.91194 1.11556 0.823205 1.48593 1.41403 0.417642
threshold=88.500000000000014 69.500000000000014 1.5000000000000002 1.5000000000000002 57.500000000000007 52.500000000000007 3.5000000000000004 1.0000000180025095e-35
decision_type=2 2 2 2 2 2 2 2
left_child=1 4 7 -4 5 -1 -6 -3
right_child=-2 2 3 -5 6 -7 -8 -9
leaf_value=0.00046240384874170329 0.050556174899605878 0.04874461770514902 -0.085046934319761999 -0.011423758106043807 0.035233021883759243 -0.026648175704939034 -0.0041594920821562912 -0.00778393252488824
leaf_weight=186.36653339583427 1.8793510384857643 1.7655494995415193 3.2079909220337868 2.234728092327714 11.0472320150584 13.904300596565006 12.353359162807463 1.5895450320094824
leaf_count=3756 24 24 103 67 209 327 265 25
internal_value=-0.000324994 -0.000736332 -0.0255371 -0.054818 0.000239172 -0.00141982 0.0144374 0.0219631
internal_weight=234.349 232.469 8.79781 5.44272 223.671 200.271 23.4006 3.35509
internal_count=4800 4776 219 170 4557 4083 474 49
is_linear=0
shrinkage=0.08


Tree=37
num_leaves=13
num_cat=0
split_feature=1 3 0 0 0 4 4 2 4 4 0 1
split_gain=0.759432 1.24495 1.07466 1.46621 0.938165 0.453376 0.443171 1.66899 2.56056 1.55814 0.640522 0.515881
threshold=1.0000000180025095e-35 1.0000000180025095e-35 1.5000000000000002 1.0000000180025095e-35 7.5000000000000009 28.500000000000004 62.500000000000007 1.0000000180025095e-35 68.500000000000014 61.500000000000007 6.5000000000000009 1.5000000000000002
decision_type=2 2 2 2 2 2 2 2 2 2 2 2
left_child=1 2 3 -1 -4 -3 9 8 -8 11 -9 -2
right_child=6 5 4 -5 -6 -7 7 10 -10 -11 -12 -13
leaf_value=-0.014822503079885955 0.002201366686187652 -0.018025840391698442 -0.0092911521309301075 0.026527938385887084 0.010903687997532014 -0.088004021226056134 -0.044201141921370236 -0.044967236805796507 0.078347664081789337 0.079513483880842173 0.008332421146369718 -0.0082021917003155271
leaf_weight=6.9010292440652838 55.489924238994718 1.2193112727254622 31.450672559440136 26.803552307188511 27.679420799016953 1.1526943631470201 1.9738553799688805 8.185378080233928 2.4401302877813578 1.4636222757399071 1.7518242169171578 67.747872899286449
leaf_count=151 1276 24 919 159 149 27 38 207 50 31 56 1713
internal_value=-0.000306363 0.00519844 0.00666074 0.0180614 0.000162266 -0.0520323 -0.0040754 -0.0173885 0.023546 -0.00254327 -0.0355711 -0.00351781
internal_weight=234.259 95.2067 92.8347 33.7046 59.1301 2.37201 139.053 14.3512 4.41399 124.701 9.9372 123.238
internal_count=4800 1429 1378 310 1068 51 3371 351 88 3020 263 2989
is_linear=0
shrinkage=0.08


Tree=38
num_leaves=16
num_cat=0
split_feature=4 4 0 3 4 2 3 4 0 1 1 4 0 4 4
split_gain=0.719052 3.03019 1.40025 2.4878 1.8806 1.38088 1.35937 1.21744 1.34061 0.915523 0.902056 0.746782 0.351721 0.161813 0.125817
threshold=23.500000000000004 21.500000000000004 1.5000000000000002 1.0000000180025095e-35 19.500000000000004 1.0000000180025095e-35 1.0000000180025095e-35 27.500000000000004 5.5000000000000009 1.5000000000000002 1.5000000000000002 22.500000000000004 2.5000000000000004 33.500000000000007 36.500000000000007
decision_type=2 2 2 2 2 2 2 2 2 2 2 2 2 2 2
left_child=1 2 4 -4 -1 12 7 8 -2 13 -9 -7 -3 -8 -11
right_child=6 5 3 -5 -6 11 9 10 -10 14 -12 -13 -14 -15 -16
leaf_value=0.0081421636109551884 -0.0047596167265858587 0.065678673553242709 -0.014955415439672368 0.097919911372065599 0.090533590786357476 0.0033505028057387153 -0.044496384969074196 0.0047076778528678592 -0.052626059235910148 0.023091819481819362 -0.008446916148208309 0.056637841467406413 0.12100750656559653 -0.085810678117010014 -0.018446089514357122
leaf_weight=14.472131963819267 10.003356425091622 1.4386402219533905 31.027811674401164 1.302119132131337 2.0205552019178858 3.5944080837070942 0.86856641620397512 104.72365747019649 5.9853312969207755 0.75014251470565785 48.96004515979439 3.1654556132853031 1.5040890052914617 2.0126149766147137 1.2350821644067762
leaf_count=208 238 21 692 32 29 56 20 1917 124 19 1290 48 21 50 35
internal_value=-0.000291384 0.00738235 -0.000732608 -0.0104093 0.0182361 0.0482162 -0.00286449 -0.00166882 -0.0226783 -0.0445528 0.000516931 0.0283035 0.0939584 -0.073356 -0.00275046
internal_weight=233.064 58.5252 48.8226 32.3299 16.4927 9.70259 174.539 169.672 15.9887 4.86641 153.684 6.75986 2.94273 2.88118 1.98522
internal_count=4800 1107 961 724 237 146 3693 3569 362 124 3207 104 42 70 54
is_linear=0
shrinkage=0.08


Tree=39
num_leaves=13
num_cat=0
split_feature=4 2 0 4 4 2 4 4 3 4 1 1
split_gain=0.681417 2.53525 1.74742 2.32048 1.6646 2.1371 1.80178 1.41784 1.20447 1.05188 0.860045 0.657555
threshold=10.500000000000002 1.5000000000000002 4.5000000000000009 8.5000000000000018 23.500000000000004 1.5000000000000002 14.500000000000002 22.500000000000004 1.0000000180025095e-35 27.500000000000004 1.5000000000000002 1.5000000000000002
decision_type=2 2 2 2 2 2 2 2 2 2 2 2
left_child=1 2 3 -1 5 7 -7 -2 9 -6 -10 -4
right_child=4 -3 11 -5 8 6 -8 -9 10 -11 -12 -13
leaf_value=0.0084870117155622041 0.015495369824495132 0.065943950061337922 -0.091341255499026261 -0.11050149614656343 -0.021252516278499584 0.059169769781041728 -0.05605771827478806 0.061334337826920632 -0.071898942311145325 0.0004746722768250583 -0.0025518645221026342 -0.025144160673031334
leaf_weight=7.2989585716277343 33.36923005245626 2.0485145859420291 3.0456973426043978 1.2249719593673942 15.72027034126222 1.0910528525710095 4.2577093932777643 4.9605088122189036 2.7120207194238892 153.59411931131035 1.9803665708750484 1.402634762227535
leaf_count=150 570 43 81 35 362 26 77 65 70 3207 54 60
internal_value=-0.000282885 -0.016763 -0.0298237 -0.0086128 0.000854281 0.0148173 -0.0325533 0.0214277 -0.00265066 -0.00154262 -0.0426318 -0.0704682
internal_weight=232.706 15.0208 12.9723 8.52393 217.685 43.6785 5.34876 38.3297 174.007 169.314 4.69239 4.44833
internal_count=4800 369 326 185 4431 738 103 635 3693 3569 124 141
is_linear=0
shrinkage=0.08


Tree=40
num_leaves=16
num_cat=0
split_feature=4 4 4 1 4 0 4 0 1 2 1 4 4 0 1
split_gain=0.663351 1.49104 1.9242 3.4451 1.61491 1.25301 1.1553 1.34309 2.08743 2.08031 1.03371 1.85946 1.14225 0.937714 6.2174e-05
threshold=36.500000000000007 37.500000000000007 38.500000000000007 1.5000000000000002 46.500000000000007 4.5000000000000009 12.500000000000002 2.5000000000000004 1.0000000180025095e-35 1.5000000000000002 1.0000000180025095e-35 23.500000000000004 31.500000000000004 7.5000000000000009 1.5000000000000002
decision_type=2 2 2 2 2 2 2 2 2 2 2 2 2 2 2
left_child=6 5 3 -3 -4 14 7 8 -1 -9 11 -8 -12 -7 -2
right_child=1 2 4 -5 -6 13 10 9 -10 -11 12 -13 -14 -15 -16
leaf_value=-0.032894616256428783 -0.084629566948953933 0.092196904693188808 -0.018918235993369753 -0.04190544257314132 0.0022817426399732578 0.043626503564899666 0.042245960231923826 -0.049343539121314013 0.043261458914947919 0.047996457547464122 -0.0055574764516523071 0.004881743656254771 0.018727555449848374 -0.048355092590915909 -0.083850718590735521
leaf_weight=4.2628861069679278 1.5550271272659293 3.4284613765776148 35.126635728403926 1.9085822924971578 66.592024605721235 1.2537767589092255 13.036675639450548 8.7064587827771867 5.0113910734653473 1.675590198487044 45.605888361111283 24.62679810449481 17.022037342190742 1.633477970957756 1.1345736645162106
leaf_count=39 32 58 771 44 1483 29 192 262 119 34 980 376 337 18 26
internal_value=-0.000274377 -0.00468337 -0.00258253 0.0442405 -0.00503927 -0.045012 0.00386573 -0.0138689 0.00825661 -0.0336335 0.00734157 0.0178148 0.0010431 -0.00841252 -0.084301
internal_weight=232.58 112.633 107.056 5.33704 101.719 5.57686 119.948 19.6563 9.27428 10.382 100.291 37.6635 62.6279 2.88725 2.6896
internal_count=4800 2461 2356 102 2254 105 2339 454 158 296 1885 568 1317 47 58
is_linear=0
shrinkage=0.08


Tree=41
num_leaves=7
num_cat=0
split_feature=4 0 4 4 4 4
split_gain=0.630148 2.0176 1.44103 0.564032 1.32256 0.983886
threshold=83.500000000000014 4.5000000000000009 78.500000000000014 36.500000000000007 37.500000000000007 12.500000000000002
decision_type=2 2 2 2 2 2
left_child=2 -2 3 5 -5 -1
right_child=1 -3 -4 4 -6 -7
leaf_value=-0.012879642992414611 0.10434047448677447 -0.034291063115810309 -0.083891343034985008 -0.043099232012141504 -0.0024039331877277722 0.0067287221190969913
leaf_weight=19.562462789937854 1.4083410110324615 1.2848326750099657 1.3255284298211325 5.3783530853688708 102.82274881657213 100.5846316665411
leaf_count=454 25 22 39 105 2270 1885
internal_value=-0.000268735 0.0382035 -0.000719864 -0.000237065 -0.00442677 0.00353607
internal_weight=232.367 2.69317 229.674 228.348 108.201 120.147
internal_count=4800 47 4753 4714 2375 2339
is_linear=0
shrinkage=0.08


Tree=42
num_leaves=11
num_cat=0
split_feature=1 4 4 4 2 4 4 4 4 4
split_gain=0.553438 0.957276 2.43244 2.93051 0.421011 0.996135 1.52615 0.614862 0.656392 0.611427
threshold=1.0000000180025095e-35 2.5000000000000004 7.5000000000000009 12.500000000000002 1.5000000000000002 12.500000000000002 34.500000000000007 78.500000000000014 87.500000000000014 75.500000000000014
decision_type=2 2 2 2 2 2 2 2 2 2
left_child=1 -1 -3 -4 7 -6 -7 9 -9 -2
right_child=4 2 3 -5 5 6 -8 8 -10 -11
leaf_value=-0.044499990216119494 -0.001497903278365742 0.092482636230992774 -0.067223329805202361 0.0067794947908820158 -0.083436084161350552 0.014082650073665633 -0.032131954752280784 -0.083755635187452313 0.0085616341448804499 0.057732895822999578
leaf_weight=2.4874441018328062 115.26589396968484 2.0259598083794108 3.5663614124059668 86.237327629700303 1.2505310215055967 8.9102544374763983 9.3952880222350341 1.1847702432423823 0.84411277994513501 1.1262951213866461
leaf_count=43 2786 30 52 1304 38 179 288 36 14 30
internal_value=-0.000253161 0.00446979 0.00579626 0.00384063 -0.00348163 -0.0143561 -0.00963692 -0.00168582 -0.0453472 -0.000924743
internal_weight=232.294 94.3171 91.8296 89.8037 137.977 19.5561 18.3055 118.421 2.02888 116.392
internal_count=4800 1429 1386 1356 3371 505 467 2866 50 2816
is_linear=0
shrinkage=0.08


Tree=43
num_leaves=7
num_cat=0
split_feature=4 0 4 4 4 4
split_gain=0.545252 1.61447 1.24559 0.508662 1.38668 1.22355
threshold=83.500000000000014 4.5000000000000009 78.500000000000014 38.500000000000007 46.500000000000007 37.500000000000007
decision_type=2 2 2 2 2 2
left_child=2 -2 3 5 -5 -1
right_child=1 -3 -4 4 -6 -7
leaf_value=0.0014011347433831151 0.091360320806302298 -0.032036727392141549 -0.083359423141657049 -0.017489723154886713 0.0024758638583164427 0.040199757921873747
leaf_weight=125.63602300174534 1.4924891926348203 1.2443259768187998 1.1598238963633765 34.5706109944731 62.536937445402145 5.4266795217990866
leaf_count=2444 25 22 39 771 1397 102
internal_value=-0.000240471 0.0352564 -0.000664089 -0.000243736 -0.00463195 0.0030076
internal_weight=232.067 2.73682 229.33 228.17 97.1075 131.063
internal_count=4800 47 4753 4714 2168 2546
is_linear=0
shrinkage=0.08


Tree=44
num_leaves=15
num_cat=0
split_feature=4 4 4 0 0 4 0 3 2 2 3 4 1 4
split_gain=0.484257 1.97075 1.07072 1.17603 5.6444 2.00099 1.0633 1.98892 1.65358 0.91504 0.875934 1.13868 0.665697 0.474248
threshold=23.500000000000004 21.500000000000004 27.500000000000004 5.5000000000000009 4.5000000000000009 25.500000000000004 1.5000000000000002 1.0000000180025095e-35 1.0000000180025095e-35 1.0000000180025095e-35 1.0000000180025095e-35 32.500000000000007 1.5000000000000002 22.500000000000004
decision_type=2 2 2 2 2 2 2 2 2 2 2 2 2 2
left_child=1 6 3 4 -2 -5 8 -8 -1 -3 12 -12 -4 -11
right_child=2 9 10 5 -6 -7 7 -9 -10 13 11 -13 -14 -15
leaf_value=-0.034747072233323205 -0.029714541660531221 0.073003817074436372 0.0042027811521567326 -0.09381002576394129 0.1423944122313156 0.00044052036339942071 -0.013573618099970803 0.083776451386662884 0.028176577016893269 0.0015248237387900773 0.041373018066807238 -0.059226518389544756 -0.007158401275539553 0.043064078282908202
leaf_weight=3.3386963065713653 8.7278428915888036 3.2444479130208475 104.92238810192794 3.1591983977705231 1.4176039062440402 2.6516806222498417 30.431448155082766 1.4051696527749289 13.402527336031199 3.629495982080698 0.92825752124190231 3.2110602371394634 48.156793201342225 3.4131787121295929
leaf_count=55 208 42 1917 60 39 67 692 32 182 56 20 92 1290 48
internal_value=-0.000226499 0.00604196 -0.00235725 -0.0221029 -0.00566609 -0.0508006 -0.000694088 -0.00927689 0.0156277 0.0378509 -0.000353234 -0.0366667 0.000628695 0.0216565
internal_weight=232.04 58.865 173.175 15.9563 10.1454 5.81088 48.5778 31.8366 16.7412 10.2871 157.218 4.13932 153.079 7.04267
internal_count=4800 1107 3693 374 247 127 961 724 237 146 3319 112 3207 104
is_linear=0
shrinkage=0.08


Tree=45
num_leaves=8
num_cat=0
split_feature=4 4 0 4 4 4 0
split_gain=0.466437 0.689895 1.69865 1.0077 0.752943 1.337 1.22391
threshold=88.500000000000014 69.500000000000014 1.0000000180025095e-35 74.500000000000014 57.500000000000007 52.500000000000007 3.5000000000000004
decision_type=2 2 2 2 2 2 2
left_child=1 4 -3 -4 5 -1 -6
right_child=-2 2 3 -5 6 -7 -8
leaf_value=0.00047330262374414015 0.038281912540629147 0.045676722374826478 -0.077107905999129298 -0.014010017669499757 0.033156492422180453 -0.025547068948705256 -0.0035522055348945186
leaf_weight=184.49708732496947 1.9957712925970543 1.8023894429206828 2.9117770753800869 3.6509774532169104 11.07639564946294 13.567576801404355 12.232464222237466
leaf_count=3756 24 24 83 112 209 327 265
internal_value=-0.000226245 -0.000560771 -0.0231131 -0.0420054 0.000291423 -0.00130911 0.0138918
internal_weight=231.734 229.739 8.36514 6.56275 221.374 198.065 23.3089
internal_count=4800 4776 219 195 4557 4083 474
is_linear=0
shrinkage=0.08


Tree=46
num_leaves=14
num_cat=0
split_feature=1 3 0 0 0 0 0 4 4 4 0 2 4
split_gain=0.454638 0.893576 0.748411 1.36975 0.871802 0.47333 0.455175 2.4349 3.83229 1.97411 1.50465 1.00572 0.613168
threshold=1.0000000180025095e-35 1.0000000180025095e-35 1.5000000000000002 1.0000000180025095e-35 7.5000000000000009 4.5000000000000009 2.5000000000000004 13.500000000000002 10.500000000000002 12.500000000000002 3.5000000000000004 1.5000000000000002 10.500000000000002
decision_type=2 2 2 2 2 2 2 2 2 2 2 2 2
left_child=1 2 3 -1 -4 -3 7 8 -2 12 -11 -9 -8
right_child=6 5 4 -5 -6 -7 9 11 -10 10 -12 -13 -14
leaf_value=-0.016412758584364046 -0.0041412362617991288 -0.077261478866599204 -0.0092509222006639906 0.023372747786897685 0.010213887831463922 -0.0015505936339079793 -0.027558803436966033 -0.010641756875024493 0.13630952326216206 0.028033158245387168 -0.001217123943053176 -0.045336496344705664 -0.083901667497160645
leaf_weight=7.0361423380672923 3.9829683639109126 1.2984845116734498 31.418682957999408 26.015310570597649 27.718537487089634 0.89118996635079373 4.3431981466710559 39.032555532641709 1.8076153360307214 13.538835877552627 66.729336755350232 6.1960482615977517 1.7280148714780805
leaf_count=151 98 34 919 159 149 17 170 888 33 315 1670 157 40
internal_value=-0.000213238 0.00406157 0.00526126 0.014903 -0.000127462 -0.0464474 -0.00315044 -0.00914129 0.0397025 0.000389646 0.00371652 -0.0153947 -0.0435954
internal_weight=231.737 94.3783 92.1887 33.0515 59.1372 2.18967 137.359 51.0192 5.79058 86.3394 80.2682 45.2286 6.07121
internal_count=4800 1429 1378 310 1068 51 3371 1176 131 2195 1985 1045 210
is_linear=0
shrinkage=0.08


Tree=47
num_leaves=16
num_cat=0
split_feature=4 4 4 1 0 4 0 4 2 1 0 0 1 0 1
split_gain=0.414008 1.1939 1.33889 2.65737 1.25613 1.23644 0.839706 0.792509 1.39307 3.18521 1.64981 1.28489 1.96252 0.974114 4.82256e-05
threshold=36.500000000000007 37.500000000000007 38.500000000000007 1.5000000000000002 4.5000000000000009 46.500000000000007 7.5000000000000009 31.500000000000004 1.0000000180025095e-35 1.5000000000000002 7.5000000000000009 1.5000000000000002 1.5000000000000002 4.5000000000000009 1.5000000000000002
decision_type=2 2 2 2 2 2 2 2 2 2 2 2 2 2 2
left_child=7 4 3 -3 14 -4 -6 11 9 -9 -10 12 -1 -13 -2
right_child=1 2 5 -5 6 -7 -8 8 10 -11 -12 13 -14 -15 -16
leaf_value=0.026991976509905653 -0.084097642035831338 0.07603763660287588 -0.016423026033833183 -0.041075695928104373 0.043908599842810814 0.0023606095358256925 -0.044321773788874461 0.0088200946294406234 -0.0052491655980010619 0.13843422725180743 0.051367770157070565 -0.019199465392234622 -0.018718048371155451 0.0010277805384326904 -0.08336945091719368
leaf_weight=20.486325934529305 1.3879259396344414 3.6631595492362967 33.956887905485928 1.8745262138545511 1.2510492913424969 66.060428278520703 1.5403444916009903 3.7296694740653065 16.825353981927041 1.7985815219581125 4.0958465188741675 24.645766817033291 8.5077731739729661 39.916587655432522 1.0024675242602825
leaf_count=256 32 58 771 44 29 1483 18 72 326 40 36 603 187 819 26
internal_value=-0.000209379 -0.00373703 -0.00189656 0.0363944 -0.0412281 -0.00401662 -0.00477861 0.0030458 0.0152728 0.0509892 0.00583501 -0.000410902 0.0135792 -0.00669368 -0.0837923
internal_weight=230.743 110.737 105.555 5.53769 5.18179 100.017 2.79139 120.006 26.4495 5.52825 20.9212 93.5565 28.9941 64.5624 2.39039
internal_count=4800 2461 2356 102 105 2254 47 2339 474 112 362 1865 443 1422 58
is_linear=0
shrinkage=0.08


Tree=48
num_leaves=13
num_cat=0
split_feature=4 2 4 0 4 2 4 4 4 0 3 4
split_gain=0.406854 2.07608 3.17927 1.60172 1.03621 1.83934 1.64341 1.14793 0.92985 1.0754 0.7439 0.486687
threshold=10.500000000000002 1.5000000000000002 2.5000000000000004 7.5000000000000009 23.500000000000004 1.5000000000000002 14.500000000000002 13.500000000000002 27.500000000000004 5.5000000000000009 1.0000000180025095e-35 2.5000000000000004
decision_type=2 2 2 2 2 2 2 2 2 2 2 2
left_child=1 3 -3 11 5 7 -7 -2 9 -6 -10 -1
right_child=4 2 -4 -5 8 6 -8 -9 10 -11 -12 -13
leaf_value=0.0017317628731471236 -0.012833903736497551 -0.023145844688302865 0.17748030537241 -0.093164561858034359 -0.0050637082636976376 0.052251296169189353 -0.05607223976444331 0.023814536882971568 0.00059860422880234738 -0.048836525168865455 -0.034467159186074646 -0.033402843184774197
leaf_weight=5.8621518835425341 6.5853910017758599 1.2107943613082164 0.86783964280039061 1.9097201097756631 10.011706789955495 1.1434232275933016 4.1482713464647532 32.293512981384993 152.23356156423688 5.6019008923321953 3.9729854296892873 4.4300883188843727
leaf_count=126 114 22 21 37 247 26 77 521 3207 127 112 163
internal_value=-0.000209087 -0.0132869 0.0606165 -0.0258765 0.000655573 0.0115842 -0.0326658 0.0176069 -0.0021539 -0.0207687 -0.000293265 -0.0133912
internal_weight=230.271 14.2806 2.07863 12.202 215.991 44.1706 5.29169 38.8789 171.82 15.6136 156.207 10.2922
internal_count=4800 369 43 326 4431 738 103 635 3693 374 3319 289
is_linear=0
shrinkage=0.08


Tree=49
num_leaves=7
num_cat=0
split_feature=4 0 4 4 2 4
split_gain=0.381116 1.27354 1.13789 0.353659 1.71636 0.864796
threshold=83.500000000000014 4.5000000000000009 78.500000000000014 10.500000000000002 1.5000000000000002 23.500000000000004
decision_type=2 2 2 2 2 2
left_child=2 -2 3 4 -1 -5
right_child=1 -3 -4 5 -6 -7
leaf_value=-0.024277519700345022 0.075872356024412835 -0.032131501655165179 -0.083137221056598473 0.010541296276595171 0.052992832015926486 -0.0019976204437767652
leaf_weight=11.98991445917636 1.6067203711718314 1.2364444918930528 1.0632134191691864 44.561023494228721 2.1732279965654007 167.61877512466162
leaf_count=326 25 22 39 738 43 3607
internal_value=-0.000205184 0.0289033 -0.000569115 -0.000181263 -0.012421 0.000635745
internal_weight=230.249 2.84316 227.406 226.343 14.1631 212.18
internal_count=4800 47 4753 4714 369 4345
is_linear=0
shrinkage=0.08


Tree=50
num_leaves=11
num_cat=0
split_feature=1 4 4 4 0 4 4 4 0 4
split_gain=0.353332 0.841006 1.97661 2.56555 0.408661 2.21667 1.60646 1.56086 1.33569 0.643209
threshold=1.0000000180025095e-35 2.5000000000000004 7.5000000000000009 12.500000000000002 2.5000000000000004 1.5000000000000002 12.500000000000002 10.500000000000002 3.5000000000000004 10.500000000000002
decision_type=2 2 2 2 2 2 2 2 2 2
left_child=1 -1 -3 -4 5 -2 9 -7 -8 -6
right_child=4 2 3 -5 6 7 8 -9 -10 -11
leaf_value=-0.043080362603699567 0.073860301310266691 0.082350388601769173 -0.064837108772939522 0.0057559079752195295 -0.023700983814379874 -0.083245618440119226 0.026167779711993865 -0.0090161009828844587 -0.0012132540257874893 -0.083576232524206151
leaf_weight=2.4068169789388767 2.0087205953896037 2.0575448684394351 3.4267719686031333 85.595100594684482 4.0713692530989638 1.8862221222370852 13.753310134634374 46.68445117585361 66.695987711660564 1.5993077270686624
leaf_count=43 34 30 52 1304 170 64 315 1078 1670 40
internal_value=-0.000193337 0.00359677 0.00483024 0.00303853 -0.00278532 -0.00849292 0.000566824 -0.0118988 0.0034677 -0.0405877
internal_weight=230.186 93.4862 91.0794 89.0219 136.699 50.5794 86.12 48.5707 80.4493 5.67068
internal_count=4800 1429 1386 1356 3371 1176 2195 1142 1985 210
is_linear=0
shrinkage=0.08


Tree=51
num_leaves=16
num_cat=0
split_feature=4 4 1 2 0 0 4 0 4 0 4 4 4 4 4
split_gain=0.355178 1.5711 3.83825 1.22936 3.24844 1.08077 0.746833 0.621412 2.08735 2.68801 1.79783 3.08424 2.79909 1.44732 0.521867
threshold=39.500000000000007 41.500000000000007 1.0000000180025095e-35 1.0000000180025095e-35 6.5000000000000009 6.5000000000000009 46.500000000000007 5.5000000000000009 37.500000000000007 2.5000000000000004 23.500000000000004 20.500000000000004 25.500000000000004 34.500000000000007 40.500000000000007
decision_type=2 2 2 2 2 2 2 2 2 2 2 2 2 2 2
left_child=7 2 14 4 -3 -4 -5 8 13 -10 11 -9 -12 -1 -2
right_child=1 3 5 6 -6 -7 -8 10 9 -11 12 -13 -14 -15 -16
leaf_value=0.0069690772343288798 -0.067299913588239835 -0.0032780082771473318 -0.0074916923616911366 -0.02153079014516315 0.065491070286744751 0.085554768305834625 -0.0011290281376189954 -0.0052874157861813745 0.010720371466258687 0.11796137962691981 -0.092579560170761022 0.069303779783628644 -0.0090311185921956756 -0.025723284050025531 -0.12421994082543109
leaf_weight=70.954101021401584 2.3200399130582792 15.618341374211015 5.2247744724154472 15.049648123793302 6.118193991482257 0.9431621842086314 48.459191126748919 13.013156617991628 4.045603919774293 2.3734276220202446 2.8421632442623403 4.8774844408035269 26.447930920869112 9.8725215308368188 1.8552376739680765
leaf_count=1439 34 356 118 378 106 21 1126 273 74 52 60 67 463 203 30
internal_value=-0.000187741 -0.00391573 -0.0333597 -0.000343157 0.0160785 0.00673639 -0.00596362 0.00246317 0.00646306 0.0503726 -0.00493334 0.0150482 -0.0171382 0.00297589 -0.0925917
internal_weight=230.015 95.5886 10.3432 85.2454 21.7365 6.16794 63.5088 134.426 87.2457 6.41903 47.1807 17.8906 29.2901 80.8266 4.17528
internal_count=4800 2169 203 1966 462 139 1504 2631 1768 126 863 340 523 1642 64
is_linear=0
shrinkage=0.08


Tree=52
num_leaves=11
num_cat=0
split_feature=1 4 4 4 4 2 1 4 0 0
split_gain=0.353058 0.738493 1.60634 2.24709 0.396556 1.38043 2.49078 1.17345 0.679893 0.467506
threshold=1.0000000180025095e-35 2.5000000000000004 7.5000000000000009 12.500000000000002 62.500000000000007 1.0000000180025095e-35 1.5000000000000002 61.500000000000007 6.5000000000000009 1.5000000000000002
decision_type=2 2 2 2 2 2 2 2 2 2
left_child=1 -1 -3 -4 7 6 -6 9 -7 -2
right_child=4 2 3 -5 5 8 -8 -9 -10 -11
leaf_value=-0.040354233349522657 -0.010990279538246876 0.073719240874641628 -0.061032266097940706 0.0056228753182467226 -0.045612772010716139 -0.042892853758327638 0.074020635025706258 0.067223449984275291 0.01349469078778061 0.00059296266851776897
leaf_weight=2.3849372602999201 29.46964034345001 2.1106875129044047 3.3638824783265582 85.765846494585276 2.0053104180842629 7.7757081557065231 2.5053640976548195 1.5773839689791191 1.6608376950025556 91.662183877080679
leaf_count=43 701 30 52 1304 40 207 48 31 56 2288
internal_value=-0.00019245 0.00359199 0.0047407 0.00310722 -0.00278523 -0.0155679 0.0208352 -0.00133234 -0.0329686 -0.00222507
internal_weight=230.282 93.6254 91.2404 89.1297 136.656 13.9472 4.51067 122.709 9.43655 121.132
internal_count=4800 1429 1386 1356 3371 351 88 3020 263 2989
is_linear=0
shrinkage=0.08


Tree=53
num_leaves=16
num_cat=0
split_feature=4 4 0 4 1 4 4 0 1 2 0 0 0 0 1
split_gain=0.345804 1.00166 1.20601 0.945471 2.12512 0.940276 0.744849 1.1648 1.63686 1.11221 2.83011 1.32974 0.964916 0.727207 3.51654e-05
threshold=36.500000000000007 37.500000000000007 4.5000000000000009 38.500000000000007 1.5000000000000002 41.500000000000007 31.500000000000004 1.5000000000000002 1.5000000000000002 1.0000000180025095e-35 1.5000000000000002 7.5000000000000009 4.5000000000000009 7.5000000000000009 1.5000000000000002
decision_type=2 2 2 2 2 2 2 2 2 2 2 2 2 2 2
left_child=6 2 14 4 -3 -5 7 8 -1 10 -8 -11 -9 -4 -2
right_child=1 3 13 5 -6 -7 9 12 -10 11 -12 -13 -14 -15 -16
leaf_value=0.024917788843314727 -0.083675264365790411 0.063226104973094818 0.040356982539165608 -0.022458594683588965 -0.040691424432090055 -0.00038918428390567679 -0.059447416049023961 -0.019031928714539684 -0.017156824519997536 -0.0041453140870842857 0.075747941639488697 0.046228569658668034 0.0011352402500186688 -0.041807225693618166 -0.083021490880364104
leaf_weight=20.518109779804945 1.2579581048339599 3.9073866866528979 1.2855806276202202 14.450035572052 1.8585149534046648 85.230717338621616 1.2732380591332937 24.566883507184684 8.3161814976483601 16.631411135196689 4.4699592646211386 4.2009375691413871 39.754135858267546 1.4866074919700623 0.90562370233237732
leaf_count=256 32 58 29 288 44 1966 22 603 187 326 90 36 819 18 26
internal_value=-0.000185419 -0.00341531 -0.0386394 -0.00176653 0.0297305 -0.00358844 0.00279228 -0.000577938 0.0127829 0.0146059 0.0457758 0.00601281 -0.00656744 -0.00370421 -0.0834016
internal_weight=230.113 110.382 4.93577 105.447 5.7659 99.6808 119.731 93.1553 28.8343 26.5755 5.7432 20.8323 64.321 2.77219 2.16358
internal_count=4800 2461 105 2356 102 2254 2339 1865 443 474 112 362 1422 47 58
is_linear=0
shrinkage=0.08


Tree=54
num_leaves=8
num_cat=0
split_feature=4 4 4 4 1 0 0
split_gain=0.311122 0.589989 2.08727 1.35204 0.729922 1.54583 1.48031
threshold=88.500000000000014 66.500000000000014 65.500000000000014 64.500000000000014 1.0000000180025095e-35 1.5000000000000002 6.5000000000000009
decision_type=2 2 2 2 2 2 2
left_child=1 2 3 -1 5 -3 -6
right_child=-2 4 -4 -5 6 -7 -8
leaf_value=0.00036238571651642302 0.030613519404608824 0.013284081815396373 0.08554302461736088 -0.067974392665475988 -0.021212449372169116 -0.087310039626296118 0.064443271511836514
leaf_weight=211.92897724546492 2.0802509486675254 1.6728319674730281 1.8310906700789917 1.8692758288234461 6.3096517296507955 2.3527195602655411 1.6235322318971155
leaf_count=4397 24 15 40 41 163 71 49
internal_value=-0.000184411 -0.000465917 0.00049332 -0.000235095 -0.017762 -0.0455078 -0.00368294
internal_weight=229.668 227.588 215.629 213.798 11.9587 4.02555 7.93318
internal_count=4800 4776 4478 4438 298 86 212
is_linear=0
shrinkage=0.08


Tree=55
num_leaves=12
num_cat=0
split_feature=4 4 2 0 4 2 0 0 3 1 4
split_gain=0.285681 1.72526 1.35438 2.88802 0.669371 1.61669 1.42036 1.19029 0.861517 0.883962 0.675592
threshold=9.5000000000000018 8.5000000000000018 1.5000000000000002 4.5000000000000009 23.500000000000004 1.5000000000000002 3.5000000000000004 5.5000000000000009 1.0000000180025095e-35 1.5000000000000002 29.500000000000004
decision_type=2 2 2 2 2 2 2 2 2 2 2
left_child=1 2 3 -1 5 7 -7 -2 10 -10 -6
right_child=4 -3 -4 -5 8 6 -8 -9 9 -11 -12
leaf_value=0.011227431558761707 0.0052962739932937162 -0.11225542263537319 0.055086856662566637 -0.085968952451958597 -0.01370391983451732 0.018754561766424326 -0.065981865168604548 0.034885535823282743 -0.069182161806060544 0.0046240025535645461 0.0011374760784636628
leaf_weight=7.0462682610377616 27.896869248710573 1.0076727820560343 2.0984058212488899 2.7085723439231515 22.729358712211251 2.0940432231873265 3.2016738690435886 12.644807820208369 2.4131872467696658 1.8231884520500896 143.94563833065331
leaf_count=150 471 27 39 116 543 43 63 198 70 54 3026
internal_value=-0.00017699 -0.0117615 -0.00321828 -0.0157605 0.000510384 0.00909499 -0.0324752 0.0145251 -0.00179196 -0.0374186 -0.000886435
internal_weight=229.61 12.8609 11.8532 9.75484 216.749 45.8374 5.29572 40.5417 170.911 4.23638 166.675
internal_count=4800 332 305 266 4468 775 106 669 3693 124 3569
is_linear=0
shrinkage=0.08


Tree=56
num_leaves=15
num_cat=0
split_feature=4 3 0 4 0 4 4 0 1 2 0 0 0 4
split_gain=0.29031 0.885466 0.859079 0.813976 1.23878 0.95116 0.610959 0.960214 1.39397 0.875508 2.27074 1.09111 0.839799 1.60114e-05
threshold=36.500000000000007 1.0000000180025095e-35 4.5000000000000009 37.500000000000007 4.5000000000000009 38.500000000000007 31.500000000000004 1.5000000000000002 1.5000000000000002 1.0000000180025095e-35 1.5000000000000002 7.5000000000000009 4.5000000000000009 44.500000000000007
decision_type=2 2 2 2 2 2 2 2 2 2 2 2 2 2
left_child=6 3 13 4 -2 -5 7 8 -1 10 -8 -11 -9 -3
right_child=1 2 -4 5 -6 -7 9 12 -10 11 -12 -13 -14 -15
leaf_value=0.022700460160679378 -0.083157197115765732 -0.083247538831330833 0.019611201828794906 0.031416965707075042 0.00068585186709730749 -0.0024342318560316473 -0.057137746496242904 -0.017771708863757747 -0.016273945476756136 -0.0038809566346987151 0.065014881337666169 0.041305366552060373 0.0011530668898911524 -0.082712618120102915
leaf_weight=20.608731936663389 1.9605467952787865 0.51900722645223085 0.76148013025522221 5.6191021446138611 2.6552969180047512 97.307824484072626 1.2234400622546697 24.123566472902894 8.2140921298414487 16.587890682742003 4.7763291150331497 4.3083488643169394 39.710433876141906 1.1552842650562523
leaf_count=256 56 17 22 97 46 2181 22 603 187 326 90 36 819 42
internal_value=-0.000174022 -0.0031404 -0.0508377 -0.00206008 -0.0349259 -0.000586189 0.00255479 -0.000526418 0.0115933 0.0131696 0.0401062 0.00543548 -0.00599881 -0.0828784
internal_weight=229.531 109.979 2.43577 107.543 4.61584 102.927 119.553 92.6568 28.8228 26.896 5.99977 20.8962 63.834 1.67429
internal_count=4800 2461 81 2380 102 2278 2339 1865 443 474 112 362 1422 59
is_linear=0
shrinkage=0.08


Tree=57
num_leaves=7
num_cat=0
split_feature=4 4 0 4 0 4
split_gain=0.269345 1.0334 0.473807 0.268474 1.85052 1.21462
threshold=83.500000000000014 78.500000000000014 3.5000000000000004 57.500000000000007 3.5000000000000004 52.500000000000007
decision_type=2 2 2 2 2 2
left_child=1 3 -2 5 -5 -1
right_child=2 -3 -4 4 -6 -7
leaf_value=0.00049959635336305056 -0.011769067509468965 -0.082923078253596197 0.052897197435736065 0.027079634073378048 -0.012921066133613544 -0.024538211950148797
leaf_weight=182.3030168665573 1.3139329981058829 0.96897281520068546 1.6182375717908142 14.723666236735882 14.884463382884858 13.305218664929269
leaf_count=3756 20 39 27 280 351 327
internal_value=-0.000171238 -0.000483542 0.0239196 -0.000128854 0.00697067 -0.00120347
internal_weight=229.118 226.185 2.93217 225.216 29.6081 195.608
internal_count=4800 4753 47 4714 631 4083
is_linear=0
shrinkage=0.08


Tree=58
num_leaves=12
num_cat=0
split_feature=4 4 2 0 4 2 4 0 3 1 4
split_gain=0.258171 1.58938 1.1274 2.65592 0.567507 1.38059 1.41654 0.938287 0.679962 0.857357 0.582831
threshold=9.5000000000000018 8.5000000000000018 1.5000000000000002 4.5000000000000009 23.500000000000004 1.5000000000000002 14.500000000000002 5.5000000000000009 1.0000000180025095e-35 1.5000000000000002 27.500000000000004
decision_type=2 2 2 2 2 2 2 2 2 2 2
left_child=1 2 3 -1 5 7 -7 -2 10 -10 -6
right_child=4 -3 -4 -5 8 6 -8 -9 9 -11 -12
leaf_value=0.0101803999320942 0.0050023062293072362 -0.11131972093923449 0.049151171147136123 -0.085565416602191191 -0.016162157028238418 0.044614245566167367 -0.054136526639183766 0.031034379677678029 -0.067230949460152067 0.0073435659649459485 0.00060821128532778169
leaf_weight=7.0529349446296639 27.806722871027887 0.94061773549765426 2.1473493454977879 2.5155165176838636 14.531668089330195 1.2188546694815148 3.9183631204068661 13.00600836984813 2.2299762442708007 1.7695941319689157 151.89965358097106
leaf_count=150 471 27 39 116 362 29 77 198 70 54 3207
internal_value=-0.000161657 -0.0112673 -0.0032345 -0.0149909 0.000487929 0.00837831 -0.0307069 0.0132981 -0.0016394 -0.0342357 -0.000856065
internal_weight=229.037 12.6564 11.7158 9.56845 216.381 45.9499 5.13722 40.8127 170.431 3.99957 166.431
internal_count=4800 332 305 266 4468 775 106 669 3693 124 3569
is_linear=0
shrinkage=0.08


Tree=59
num_leaves=16
num_cat=0
split_feature=1 4 4 4 4 4 0 4 4 0 0 1 4 0 4
split_gain=0.25026 0.779704 2.10038 2.92945 1.01348 1.85594 1.50934 0.910753 0.380884 1.30053 2.21189 1.12819 0.956976 3.35745 1.38341
threshold=1.0000000180025095e-35 47.500000000000007 39.500000000000007 41.500000000000007 67.500000000000014 85.500000000000014 5.5000000000000009 13.500000000000002 62.500000000000007 1.0000000180025095e-35 2.5000000000000004 1.5000000000000002 57.500000000000007 3.5000000000000004 52.500000000000007
decision_type=2 2 2 2 2 2 2 2 2 2 2 2 2 2 2
left_child=1 2 7 -4 6 -6 -3 -1 12 11 -11 -10 14 -14 -2
right_child=8 4 3 -5 5 -7 -8 -9 9 10 -12 -13 13 -15 -16
leaf_value=-0.01740439842664444 -0.00066684944580596111 0.0034720260116835196 -0.086165199865372466 -0.0062559402123779362 -0.049227174864444861 0.073811177943094441 0.044388475599414272 0.010915607392726224 -0.02048015260368977 -0.084697801658301111 -0.0049624173960692575 0.084615732287671525 0.076895832904500083 -0.033419958653719967 -0.040787708652762038
leaf_weight=8.8052306324243528 109.09970008861274 13.659474967047577 4.0655554374679914 10.56872460618615 3.4121830090880385 1.0189289730042217 9.9896933995187265 41.619426177814603 1.2227483950555316 3.068485850468277 8.115419880487023 1.4047296158969402 3.9428289458155623 3.1976930759847164 5.7923778658732763
leaf_count=142 2641 231 64 160 76 13 110 633 21 77 229 24 70 85 224
internal_value=-0.000158623 0.0030354 -0.00177339 -0.0284556 0.0141768 -0.0209347 0.0207556 0.00597032 -0.00234855 -0.0149403 -0.0268391 0.0357073 -0.000923446 0.0274938 -0.00268958
internal_weight=228.983 93.1392 65.0589 14.6343 28.0803 4.43111 23.6492 50.4247 135.844 13.8114 11.1839 2.62748 122.033 7.14052 114.892
internal_count=4800 1429 999 224 430 89 341 775 3371 351 306 45 3020 155 2865
is_linear=0
shrinkage=0.08


Tree=60
num_leaves=13
num_cat=0
split_feature=0 4 4 4 4 4 0 0 4 0 4 4
split_gain=0.254188 1.97038 1.90335 1.01728 0.65985 1.4196 2.38617 2.21908 1.1685 2.67483 0.682804 0.619377
threshold=1.0000000180025095e-35 65.500000000000014 39.500000000000007 13.500000000000002 64.500000000000014 83.500000000000014 4.5000000000000009 7.5000000000000009 57.500000000000007 7.5000000000000009 53.500000000000007 46.500000000000007
decision_type=2 2 2 2 2 2 2 2 2 2 2 2
left_child=1 2 3 -1 8 7 -7 -6 10 -10 -2 -4
right_child=4 -3 11 -5 5 6 -8 -9 9 -11 -12 -13
leaf_value=0.040509697170311228 0.0013885128106238629 0.055406206225844738 -0.083050000422737566 -0.010436414702826446 -0.045034815501613805 0.11581486866988135 -0.038109577190177948 0.041798131810711618 0.041171507879392458 -0.045089451761190995 -0.021132065048977772 -0.033080389277185825
leaf_weight=3.1828476693481269 166.27515071909875 2.8030504845082751 2.3907770738005629 11.838086513802407 9.380627326667307 1.2742793839424842 1.3043297864496706 2.3568121790885916 11.514141457155345 2.8751089088618746 9.0871039191260916 4.7251520659774542
leaf_count=67 3394 41 76 249 273 21 22 40 249 31 215 122
internal_value=-0.000161464 -0.00778545 -0.015787 0.000358767 0.000770294 -0.0157915 0.0379557 -0.0275992 0.00201982 0.0239357 0.000221518 -0.0498689
internal_weight=229.007 24.9399 22.1369 15.0209 204.068 14.316 2.57861 11.7374 189.752 14.3893 175.362 7.11593
internal_count=4800 555 514 316 4245 356 43 313 3889 280 3609 198
is_linear=0
shrinkage=0.08


Tree=61
num_leaves=12
num_cat=0
split_feature=1 4 4 4 0 1 4 4 4 0 4
split_gain=0.229109 0.721802 1.44863 1.80049 0.344822 2.79048 1.42701 0.865188 0.635068 1.2013 1.01483
threshold=1.0000000180025095e-35 2.5000000000000004 7.5000000000000009 12.500000000000002 7.5000000000000009 1.5000000000000002 44.500000000000007 65.500000000000014 62.500000000000007 1.0000000180025095e-35 61.500000000000007
decision_type=2 2 2 2 2 2 2 2 2 2 2
left_child=1 -1 -3 -4 8 6 -6 -7 10 -10 -2
right_child=4 2 3 -5 5 7 -8 -9 9 -11 -12
leaf_value=-0.041307244582484914 7.148777497130546e-05 0.070047824064152137 -0.056402853123511003 0.0046637650534502965 0.044981159429953614 -0.058399688621831064 -0.038456190056899806 0.038560603057254735 0.02757553888869731 -0.032211137517171001 0.064331638745376701
leaf_weight=2.3068246692419043 108.24809386581182 2.0771889071911565 3.2054777098819605 85.800120840780437 4.9080312065780145 6.3880861205980182 1.7904156390577552 0.64880217052996147 2.8012902401387683 9.2642994634807092 1.5960507038980711
leaf_count=43 2681 30 52 1304 99 186 55 15 45 263 27
internal_value=-0.000162909 0.00288648 0.00400576 0.00246449 -0.00226237 -0.0142791 0.0226793 -0.0494599 -0.000908472 -0.0183304 0.0010052
internal_weight=229.035 93.3896 91.0828 89.0056 135.645 13.7353 6.69845 7.03689 121.91 12.0656 109.844
internal_count=4800 1429 1386 1356 3371 355 154 201 3016 308 2708
is_linear=0
shrinkage=0.08


Tree=62
num_leaves=13
num_cat=0
split_feature=0 4 4 4 4 2 1 3 2 4 4 4
split_gain=0.241541 1.51921 1.73756 0.85438 0.608171 1.77464 1.76542 1.63157 1.03725 2.13524 1.57053 0.608152
threshold=1.0000000180025095e-35 65.500000000000014 39.500000000000007 13.500000000000002 13.500000000000002 1.5000000000000002 1.0000000180025095e-35 1.0000000180025095e-35 1.5000000000000002 75.500000000000014 69.500000000000014 46.500000000000007
decision_type=2 2 2 2 2 2 2 2 2 2 2 2
left_child=1 2 3 -1 5 7 -7 -2 10 -10 -6 -4
right_child=4 -3 11 -5 8 6 -8 -9 9 -11 -12 -13
leaf_value=0.036341576119216235 -0.030689149199197185 0.045868636407956721 -0.082812375391947413 -0.0098027685121697544 0.0060512777815165796 0.10508712383926812 -0.022469037685788024 0.087476220376048755 -0.017632988090990179 0.10423623748534104 -0.034529472241501387 -0.031832719151484369
leaf_weight=3.2866306565702024 14.086930405348539 2.9911279715597621 2.2162442626431575 11.744525974616407 154.82521991897374 1.4775275401771062 1.3102087024599312 0.78975905198603946 24.231444287113849 0.95642365142702956 6.3541140975430599 4.6185571001842618
leaf_count=67 362 41 76 249 3062 15 38 19 546 18 185 122
internal_value=-0.000159622 -0.00760517 -0.0149201 0.000286902 0.000747466 -0.0134395 0.045137 -0.0244161 0.00209215 -0.0130054 0.00445148 -0.0483633
internal_weight=228.889 24.8571 21.866 15.0312 204.032 17.6644 2.78774 14.8767 186.367 25.1879 161.179 6.8348
internal_count=4800 555 514 316 4245 434 53 381 3811 564 3247 198
is_linear=0
shrinkage=0.08


Tree=63
num_leaves=13
num_cat=0
split_feature=4 4 2 4 1 4 2 4 0 4 1 0
split_gain=0.224458 1.33922 0.845279 1.39083 0.958392 0.471641 1.14619 2.02592 0.736336 0.616463 1.02618 0.775206
threshold=9.5000000000000018 8.5000000000000018 1.0000000180025095e-35 1.0000000180025095e-35 1.0000000180025095e-35 23.500000000000004 1.5000000000000002 13.500000000000002 4.5000000000000009 27.500000000000004 1.5000000000000002 4.5000000000000009
decision_type=2 2 2 2 2 2 2 2 2 2 2 2
left_child=1 2 3 -1 -4 6 8 -8 -2 10 -7 -11
right_child=5 -3 4 -5 -6 9 7 -9 -10 11 -12 -13
leaf_value=0.037855364666512029 0.0028894454849072897 -0.10762492440413247 0.03528006367349365 -0.10888385719099797 -0.015297143366447359 -0.032387456013983316 0.074244560364645926 -0.053760113057404565 0.024529652328916757 0.0051337171434307702 0.012074347619053714 -0.0062223583047029511
leaf_weight=0.65742484293877801 23.948983521200716 0.84832909889519292 4.0857633771374804 1.1136665055528281 5.8039658032357693 9.6868108175694925 0.98531878925859828 4.019024794921279 17.355937397107482 84.760276812128723 5.0563888661563388 70.446275559253991
leaf_count=20 388 27 62 38 185 214 21 85 281 1857 160 1462
internal_value=-0.000158117 -0.0105773 -0.00351702 -0.0544146 0.00559792 0.000444562 0.00760163 -0.0285569 0.0119825 -0.00150565 -0.0171387 -2.06607e-05
internal_weight=228.768 12.5091 11.6608 1.77109 9.88973 216.259 46.3093 5.00434 41.3049 169.95 14.7432 155.207
internal_count=4800 332 305 58 247 4468 775 106 669 3693 374 3319
is_linear=0
shrinkage=0.08


Tree=64
num_leaves=13
num_cat=0
split_feature=0 4 4 4 4 4 2 3 1 2 4 4
split_gain=0.212964 1.2407 1.59034 0.721566 0.600992 0.538861 1.35901 1.43134 1.41856 0.804751 1.74907 1.34615
threshold=1.0000000180025095e-35 65.500000000000014 39.500000000000007 13.500000000000002 46.500000000000007 13.500000000000002 1.5000000000000002 1.0000000180025095e-35 1.0000000180025095e-35 1.5000000000000002 21.500000000000004 69.500000000000014
decision_type=2 2 2 2 2 2 2 2 2 2 2 2
left_child=1 2 3 -1 -4 6 7 -2 -8 11 -11 -7
right_child=5 -3 4 -5 -6 9 8 -9 -10 10 -12 -13
leaf_value=0.032944618457734068 -0.028767402401690245 0.03999594692583764 -0.082603586366010145 -0.0090666491566729363 -0.030454366283123192 0.0054685318986844268 0.090457712412842575 0.079375079952643188 -0.0229012991847755 -0.074663736841201228 -0.0043244863219468457 -0.032505019832581306
leaf_weight=3.375461512245244 13.760715530719608 3.1187085434794417 2.0610216408967963 11.637263577431439 4.5075745526701212 155.54039631411433 1.5228913947939866 0.8305838471278556 1.3179160980507729 2.5181444901973036 22.287494692951441 6.2132767075672737
leaf_count=67 362 41 76 249 122 3062 15 19 38 60 504 185
internal_value=-0.000154065 -0.00716983 -0.0139857 0.000379165 -0.0468172 0.00069543 -0.0127556 -0.0226116 0.0378679 0.0019523 -0.011465 0.00400989
internal_weight=228.691 24.7 21.5813 15.0127 6.5686 203.991 17.4321 14.5913 2.84081 186.559 24.8056 161.754
internal_count=4800 555 514 316 198 4245 434 381 53 3811 564 3247
is_linear=0
shrinkage=0.08


Tree=65
num_leaves=12
num_cat=0
split_feature=0 4 4 4 2 4 4 4 4 1 0
split_gain=0.214504 1.63058 1.14979 1.58703 0.87473 0.812561 0.63811 6.07337 3.13887 0.00810773 1.00111e-08
threshold=4.5000000000000009 2.5000000000000004 28.500000000000004 29.500000000000004 1.5000000000000002 83.500000000000014 34.500000000000007 30.500000000000004 37.500000000000007 1.0000000180025095e-35 6.5000000000000009
decision_type=2 2 2 2 2 2 2 2 2 2 2
left_child=5 9 4 -4 -3 6 7 -1 -8 -2 -11
right_child=1 2 3 -5 -6 -7 8 -9 -10 10 -12
leaf_value=-0.0042056185941513943 -0.093831208730191767 0.005575873685782412 -0.087788602077561589 -0.0056366270926557095 0.043818669197478156 0.055635913342056136 -0.051363108791985301 0.063597643000050968 0.002277248622999523 -0.08158880949935006 -0.081605436018293509
leaf_weight=50.266078963875771 0.55202895775437244 26.552749722730372 1.5398803371936072 66.391969558782876 4.4726204192265859 1.7837471682578314 7.9377305079251519 10.164622176438568 57.976822803728282 0.43140620179474354 0.50085276737809181
leaf_count=1002 17 530 41 1379 83 25 168 196 1309 23 27
internal_value=-0.000151515 -0.0029195 -0.00167114 -0.00749885 0.011089 0.00201834 0.00126136 0.00719909 -0.00418237 -0.0861476 -0.0815977
internal_weight=228.571 100.442 98.9572 67.9318 31.0254 128.129 126.345 60.4307 65.9146 1.48429 0.932259
internal_count=4800 2100 2033 1420 613 2700 2675 1198 1477 67 50
is_linear=0
shrinkage=0.08


Tree=66
num_leaves=9
num_cat=0
split_feature=1 4 4 4 4 0 4 4
split_gain=0.19754 0.735343 1.08115 1.4154 0.319795 0.292169 1.97097 1.14779
threshold=1.0000000180025095e-35 2.5000000000000004 7.5000000000000009 12.500000000000002 84.500000000000014 1.5000000000000002 13.500000000000002 16.500000000000004
decision_type=2 2 2 2 2 2 2 2
left_child=1 -1 -3 -4 5 6 -2 -7
right_child=4 2 3 -5 -6 7 -8 -9
leaf_value=-0.04233782391720025 0.041741159113806069 0.060434038904127609 -0.049935869885874763 0.0044027435745128294 -0.0376431821319545 -0.02296858826827591 -0.015705805493200935 0.0036080032291749141
leaf_weight=2.2658260660246006 4.4010410197079173 2.1073935627937308 3.1817756444215766 85.722211844287813 1.6014217473566521 11.786774973850696 29.066927255131304 88.411956747062504
leaf_count=43 92 30 52 1304 26 343 697 2213
internal_value=-0.000152601 0.00267972 0.00380048 0.00245802 -0.00210569 -0.00167992 -0.00815152 0.000481693
internal_weight=228.545 93.2772 91.0114 88.904 135.268 133.667 33.468 100.199
internal_count=4800 1429 1386 1356 3371 3345 789 2556
is_linear=0
shrinkage=0.08


Tree=67
num_leaves=12
num_cat=0
split_feature=0 4 4 2 4 4 4 4 4 1 0
split_gain=0.207737 1.45099 1.00177 1.97003 0.991374 0.709548 0.554041 4.8844 2.76371 0.00586089 7.46161e-09
threshold=4.5000000000000009 2.5000000000000004 69.500000000000014 1.0000000180025095e-35 65.500000000000014 83.500000000000014 34.500000000000007 30.500000000000004 37.500000000000007 1.0000000180025095e-35 6.5000000000000009
decision_type=2 2 2 2 2 2 2 2 2 2 2
left_child=5 9 4 -4 -3 6 7 -1 -8 -2 -11
right_child=1 2 3 -5 -6 -7 8 -9 -10 10 -12
leaf_value=-0.0036650278806873099 -0.0923800202095484 -0.0014662384987750171 0.035388295613212911 -0.088987712581625869 0.052540207191972409 0.051514953018456551 -0.048965957888855299 0.056084651724052671 0.0021498815936501874 -0.081431182609422892 -0.081446277789860133
leaf_weight=50.075113010592759 0.49878254067152628 93.216744965873659 1.2822538064792746 2.2368500707671046 2.227313306182622 1.8250444456934918 7.6651919651776543 10.611928785219787 57.937390389852226 0.39008386433124542 0.45288845896720886
leaf_count=1002 17 1877 32 76 48 25 168 196 1309 23 27
internal_value=-0.000145245 -0.00287183 -0.00175146 -0.0436689 -0.000205927 0.00198948 0.00127378 0.00678299 -0.00382264 -0.0855064 -0.0814393
internal_weight=228.42 100.305 98.9632 3.5191 95.4441 128.115 126.29 60.687 65.6026 1.34175 0.842972
internal_count=4800 2100 2033 108 1925 2700 2675 1198 1477 67 50
is_linear=0
shrinkage=0.08


Tree=68
num_leaves=16
num_cat=0
split_feature=4 4 1 0 0 2 3 4 3 1 4 0 0 4 4
split_gain=0.24706 1.01503 0.893537 6.72682 2.17317 0.869546 3.57779 0.830078 0.586654 0.811677 0.458316 0.957618 0.696027 0.308644 0.141174
threshold=23.500000000000004 21.500000000000004 1.5000000000000002 3.5000000000000004 2.5000000000000004 1.0000000180025095e-35 1.0000000180025095e-35 20.500000000000004 1.0000000180025095e-35 1.5000000000000002 27.500000000000004 5.5000000000000009 4.5000000000000009 30.500000000000004 45.500000000000007
decision_type=2 2 2 2 2 2 2 2 2 2 2 2 2 2 2
left_child=1 5 4 -4 -3 7 -7 -1 10 13 11 -2 -12 -10 -11
right_child=8 2 3 -5 -6 6 -8 -9 9 14 12 -13 -14 -15 -16
leaf_value=-0.012989485695107869 0.00051343046552553581 0.06744383873005072 -0.046027703710163501 0.16444972421016124 -0.024555232089110448 5.793436064684393e-05 0.12629402989640443 -0.085589622658122574 -0.014714804713855794 -0.010094193526960171 0.0052641474360981015 -0.042867680882723525 -0.0056163758554294988 -0.084044275688960612 0.036534928941839198
leaf_weight=9.9772060113027656 9.3174557834863645 2.6018456630408746 1.9835450090467932 1.9052475430071352 4.4602307341992855 34.888377783354372 1.4986237278208125 1.1211794465780265 0.55778706073760931 1.0889265611767771 82.821142860688269 5.0065449941903344 68.955908890813589 1.5612372551113365 0.67198655195534218
leaf_count=208 238 33 30 26 57 704 30 19 15 29 1776 124 1431 55 25
internal_value=-0.000145751 0.00434156 0.0262971 0.0570921 0.00933953 -0.00072173 0.00525705 -0.0203237 -0.0016884 -0.0324391 -0.0009701 -0.0146492 0.000320868 -0.0657948 0.00770007
internal_weight=228.417 58.4363 10.9509 3.88879 7.06208 47.4854 36.387 11.0984 169.981 3.87994 166.101 14.324 151.777 2.11902 1.76091
internal_count=4800 1107 146 56 90 961 734 227 3693 124 3569 362 3207 70 54
is_linear=0
shrinkage=0.08


Tree=69
num_leaves=16
num_cat=0
split_feature=4 4 2 3 4 1 0 0 3 1 4 2 0 4 4
split_gain=0.204953 0.831856 0.745783 2.68779 0.784955 0.677299 4.89957 1.80871 0.515346 0.747444 0.406092 1.67293 0.606703 0.322616 0.152928
threshold=23.500000000000004 21.500000000000004 1.0000000180025095e-35 1.0000000180025095e-35 20.500000000000004 1.5000000000000002 3.5000000000000004 2.5000000000000004 1.0000000180025095e-35 1.5000000000000002 29.500000000000004 1.5000000000000002 4.5000000000000009 29.500000000000004 35.500000000000007
decision_type=2 2 2 2 2 2 2 2 2 2 2 2 2 2 2
left_child=1 2 4 -4 -1 7 -7 -3 10 13 11 -2 -12 -10 -11
right_child=8 5 3 -5 -6 6 -8 -9 9 14 12 -13 -14 -15 -16
leaf_value=-0.012073986783053596 -0.021379723214524821 0.060604953341539321 5.3297959051462257e-05 0.10410370592998212 -0.085132679298070113 -0.0441216216932966 0.13147733145657445 -0.023006982852135979 -0.011089864308122145 0.037585837994722031 0.0053639486160696071 0.036064968478533667 -0.0050727634342688848 -0.083708334639579191 -0.011031163025500484
leaf_weight=9.8792430837638641 18.005859371274713 2.6612105146050435 34.889675604179502 1.6646746061742295 1.0403081215918071 1.9069115109741686 2.1789456233382225 4.3828602991998196 0.53418122604489271 0.65839507244527373 78.92504654917866 3.9577350188046685 65.009975072927773 1.4662360735237596 1.1159317735582588
leaf_count=208 462 33 704 30 19 30 26 57 14 16 1674 81 1352 56 38
internal_value=-0.000152335 0.00392644 -0.000688541 0.00479172 -0.0190343 0.0236113 0.0495235 0.00858114 -0.00156111 -0.0307899 -0.00089606 -0.0110285 0.000650083 -0.0643167 0.00700903
internal_weight=228.277 58.6038 47.4739 36.5544 10.9196 11.1299 4.08586 7.04407 169.673 3.77474 165.899 21.9636 143.935 2.00042 1.77433
internal_count=4800 1107 961 734 227 146 56 90 3693 124 3569 543 3026 70 54
is_linear=0
shrinkage=0.08


Tree=70
num_leaves=11
num_cat=0
split_feature=0 4 4 4 4 4 0 2 4 1
split_gain=0.21723 0.983919 1.4129 0.592563 0.541488 1.41384 0.704118 0.62383 0.53475 0.00165021
threshold=1.0000000180025095e-35 65.500000000000014 39.500000000000007 46.500000000000007 83.500000000000014 69.500000000000014 1.5000000000000002 1.5000000000000002 13.500000000000002 1.5000000000000002
decision_type=2 2 2 2 2 2 2 2 2 2
left_child=1 2 8 -4 5 7 -7 -2 -1 -6
right_child=4 -3 3 -5 9 6 -8 -9 -10 -11
leaf_value=0.027003850477604618 0.0030781826100502157 0.033667740418976293 -0.082409543897871293 -0.029092465362617451 0.03508912049868932 0.0056449102414511476 -0.060897454747081456 -0.010195841248263945 -0.0085263201109648887 0.039129398619423786
leaf_weight=3.5423955684527817 169.74894521664828 3.26450490951538 1.9142638705670822 4.4016687162220478 1.3344572912901631 1.4258183045312751 3.5557326758280396 26.149629555642605 11.551719589158891 1.2558775786310434
leaf_count=67 3443 41 76 122 24 23 151 585 249 19
internal_value=-0.000154967 -0.00724373 -0.0134817 -0.0452521 0.000704677 0.000236033 -0.0418517 0.00130629 -0.000187844 0.037048
internal_weight=228.145 24.6746 21.41 6.31593 203.47 200.88 4.98155 195.899 15.0941 2.59033
internal_count=4800 555 514 198 4245 4202 174 4028 316 43
is_linear=0
shrinkage=0.08


Tree=71
num_leaves=13
num_cat=0
split_feature=1 4 4 4 0 4 4 0 4 4 0 4
split_gain=0.203262 0.638353 1.83241 2.61502 0.889224 2.36513 1.23024 0.818767 0.337301 0.292581 2.21821 1.50608
threshold=1.0000000180025095e-35 47.500000000000007 39.500000000000007 41.500000000000007 5.5000000000000009 55.500000000000007 59.500000000000007 1.5000000000000002 84.500000000000014 67.500000000000014 6.5000000000000009 64.500000000000014
decision_type=2 2 2 2 2 2 2 2 2 2 2 2
left_child=1 2 7 -4 6 -6 -3 -1 9 11 -11 -2
right_child=8 4 3 -5 5 -7 -8 -9 -10 10 -12 -13
leaf_value=0.019331921286294837 -0.0011556173151012054 -0.016844876034740372 -0.082709534600091589 -0.0059176500428628834 0.070149247238377954 -0.0022443784112888732 0.027899244643497672 -0.0020095714724255322 -0.038455327065915444 -0.008024275817975584 0.11154620077774212 -0.057748790333047369
leaf_weight=17.775621617212892 124.07817371468991 9.9773011412471551 3.9090852364897719 10.358712055720387 5.1591441649943608 6.5617012456059456 6.4915599785745135 32.614666561130434 1.616343056783079 5.150662798434495 1.2301110904663799 3.0843544770032159
leaf_count=172 3084 163 64 160 57 82 128 603 26 139 40 82
internal_value=-0.000149442 0.00273247 -0.00164747 -0.0269571 0.0127786 0.029621 0.000791993 0.00551883 -0.00212917 -0.0016895 0.015027 -0.0025283
internal_weight=228.007 92.8478 64.6581 14.2678 28.1897 11.7208 16.4689 50.3903 135.16 133.543 6.38077 127.163
internal_count=4800 1429 999 224 430 139 291 775 3371 3345 179 3166
is_linear=0
shrinkage=0.08


Tree=72
num_leaves=11
num_cat=0
split_feature=0 4 4 4 4 4 4 4 4 1
split_gain=0.190456 0.857325 1.23391 0.584011 0.497941 1.36246 0.64255 0.578261 0.449592 0.00340892
threshold=1.0000000180025095e-35 65.500000000000014 39.500000000000007 46.500000000000007 83.500000000000014 69.500000000000014 72.500000000000014 68.500000000000014 13.500000000000002 1.5000000000000002
decision_type=2 2 2 2 2 2 2 2 2 2
left_child=1 2 8 -4 5 7 -7 -2 -1 -6
right_child=4 -3 3 -5 9 6 -8 -9 -10 -11
leaf_value=0.023973713669944632 0.00091543785440265047 0.030924442559150129 -0.082206207201793349 -0.027396760503809094 0.032565138806313301 -0.083192491669534158 -0.021255441321575301 0.058968948025622407 -0.0082984997284213241 0.038348656503461802
leaf_weight=3.6344227492809358 194.71504149120301 3.3304362930357447 1.7546768207103003 4.2767252856865525 1.3481446560472241 1.5993969840928901 3.2507648942992091 1.1043415777385224 11.5191631950438 1.2635858170688152
leaf_count=67 4007 41 76 122 24 54 120 21 249 19
internal_value=-0.000146212 -0.00680727 -0.012739 -0.0433421 0.000657102 0.000205398 -0.0416799 0.00124284 -0.00055836 0.0353633
internal_weight=227.797 24.5154 21.185 6.0314 203.281 200.67 4.85016 195.819 15.1536 2.61173
internal_count=4800 555 514 198 4245 4202 174 4028 316 43
is_linear=0
shrinkage=0.08


Tree=73
num_leaves=11
num_cat=0
split_feature=4 3 2 0 3 2 2 4 4 4
split_gain=0.193738 1.42386 1.16498 1.49436 0.435657 1.05779 1.42829 0.335415 0.613394 0.369545
threshold=9.5000000000000018 1.0000000180025095e-35 1.5000000000000002 4.5000000000000009 1.0000000180025095e-35 1.0000000180025095e-35 1.5000000000000002 23.500000000000004 21.500000000000004 29.500000000000004
decision_type=2 2 2 2 2 2 2 2 2 2
left_child=1 2 3 -1 7 -6 -7 8 -2 -9
right_child=4 -3 -4 -5 5 6 -8 9 -10 -11
leaf_value=-0.010995397211145621 0.0017823453563275186 0.097843649534655519 0.035770080172702799 -0.085640391252464684 -0.084366068243981809 0.022358013831995666 -0.087846809438056395 -0.010374880764305417 0.023523629703880129 0.00081656608706779309
leaf_weight=7.0598452687263435 33.562828361988068 0.73736423067748624 2.1835875157266864 2.2678506597876549 1.3147696526721109 3.3485906207934022 0.97087873145937909 21.7435138579458 11.036072518676518 143.54570779856294
leaf_count=156 602 14 40 122 35 93 26 543 143 3026
internal_value=-0.000139954 -0.00992697 -0.0168303 -0.0291439 0.000416265 -0.0215367 -0.00241251 0.00100557 0.00716226 -0.00065565
internal_weight=227.771 12.2486 11.5113 9.3277 215.522 5.63424 4.31947 209.888 44.5989 165.289
internal_count=4800 332 318 278 4468 154 119 4314 745 3569
is_linear=0
shrinkage=0.08


Tree=74
num_leaves=12
num_cat=0
split_feature=4 4 4 2 0 0 2 4 1 4 0
split_gain=0.182896 1.58375 1.09477 0.665157 2.43159 0.975771 1.93612 1.24999 0.966091 0.573558 0.126251
threshold=66.500000000000014 65.500000000000014 64.500000000000014 1.0000000180025095e-35 2.5000000000000004 4.5000000000000009 1.5000000000000002 68.500000000000014 1.5000000000000002 57.500000000000007 3.5000000000000004
decision_type=2 2 2 2 2 2 2 2 2 2 2
left_child=1 2 9 4 -2 6 -5 -7 -6 -1 -4
right_child=3 -3 10 5 8 7 -8 -9 -10 -11 -12
leaf_value=-0.00092994408477766518 -0.054941448274833292 0.07205260662782037 -0.044463429186945784 -0.031971859540358451 0.022075726087430005 0.04035282311550191 0.064799811530048004 -0.088243679923045507 0.12021409117817394 0.014636915325396968 -0.088748670983382433
leaf_weight=193.94525952171534 1.7990566939115513 1.958217404782771 0.88835811894386896 4.579379288479684 1.4317896859720349 0.61818092502653632 1.8608390148729084 2.2247355077415705 1.1637934949249029 16.431358596310019 0.76834027655422688
leaf_count=4083 27 40 21 108 39 15 28 81 24 314 20
internal_value=-0.00013608 0.000437177 -0.000224222 -0.0091048 0.0165359 -0.0212431 -0.00401062 -0.0602809 0.0660785 0.000285898 -0.065002
internal_weight=227.669 213.992 212.033 13.6778 4.39464 9.28313 6.44022 2.84292 2.59558 210.377 1.6567
internal_count=4800 4478 4438 322 90 232 136 96 63 4397 41
is_linear=0
shrinkage=0.08


Tree=75
num_leaves=9
num_cat=0
split_feature=1 4 4 4 4 0 0 4
split_gain=0.189894 0.654032 0.959659 1.23091 0.336635 0.260855 1.54081 1.37512
threshold=1.0000000180025095e-35 2.5000000000000004 7.5000000000000009 12.500000000000002 84.500000000000014 2.5000000000000004 3.5000000000000004 13.500000000000002
decision_type=2 2 2 2 2 2 2 2
left_child=1 -1 -3 -4 5 7 -7 -2
right_child=4 2 3 -5 -6 6 -8 -9
leaf_value=-0.040306388782809621 0.028636526674062988 0.057147513833361051 -0.046955161103600339 0.0042365271256617218 -0.038454083377843576 0.024674401483802812 -0.0038701603268248303 -0.011403376505068683
leaf_weight=2.2141050347127011 6.2995245847851029 2.1003078427165738 3.1159235350787631 85.318931504152715 1.6063710395246733 14.64446349814534 69.729129905812442 42.692385654896498
leaf_count=43 131 30 52 1304 26 340 1835 1039
internal_value=-0.000135252 0.00265158 0.00370215 0.00243283 -0.00205029 -0.00161181 0.00108423 -0.00625493
internal_weight=227.721 92.7493 90.5352 88.4349 134.972 133.366 84.3736 48.9919
internal_count=4800 1429 1386 1356 3371 3345 2175 1170
is_linear=0
shrinkage=0.08


Tree=76
num_leaves=12
num_cat=0
split_feature=4 3 2 4 4 3 2 2 4 2 0
split_gain=0.18971 1.18008 1.00347 1.58334 1.46904 0.400446 0.98541 1.28614 0.296247 0.608211 0.337768
threshold=9.5000000000000018 1.0000000180025095e-35 1.5000000000000002 1.5000000000000002 1.0000000180025095e-35 1.0000000180025095e-35 1.0000000180025095e-35 1.5000000000000002 23.500000000000004 1.5000000000000002 4.5000000000000009
decision_type=2 2 2 2 2 2 2 2 2 2 2
left_child=1 2 4 -4 -1 8 -7 -8 9 -2 -10
right_child=5 -3 3 -5 -6 6 7 -9 10 -11 -12
leaf_value=0.0069047252344768429 0.0098664959304447814 0.085312766418171385 -0.031352873433655226 0.10394454391767009 -0.05728034697491631 -0.084050708626885712 0.019606072794325618 -0.087332451678082068 0.0027063021057297182 -0.021187628437823024 -0.0045645445286189006
leaf_weight=4.197168531361962 40.28076031897217 0.78090825676918108 1.1842811182141315 1.0394484959542749 5.0018220948986709 1.227214011363684 3.4269246039912105 0.9111530166119336 90.391590896062553 4.4859379753470412 74.669917070306838
leaf_count=97 645 14 20 20 181 35 93 26 1977 100 1592
internal_value=-0.000128941 -0.00983232 -0.0163369 0.0318898 -0.027995 0.000420827 -0.0207595 -0.00285488 0.000982596 0.00675465 -0.000582857
internal_weight=227.597 12.2036 11.4227 2.22373 9.19899 215.393 5.56529 4.33808 209.828 44.7667 165.062
internal_count=4800 332 318 40 278 4468 154 119 4314 745 3569
is_linear=0
shrinkage=0.08


Tree=77
num_leaves=12
num_cat=0
split_feature=0 4 4 4 4 4 4 4 0 4 1
split_gain=0.16892 0.733579 2.45443 1.09054 0.573812 0.497139 0.482756 1.12477 0.695858 0.508968 0.00184475
threshold=1.0000000180025095e-35 65.500000000000014 73.500000000000014 39.500000000000007 46.500000000000007 10.500000000000002 83.500000000000014 69.500000000000014 1.5000000000000002 68.500000000000014 1.5000000000000002
decision_type=2 2 2 2 2 2 2 2 2 2 2
left_child=1 3 -3 5 -5 -1 7 9 -9 -2 -8
right_child=6 2 -4 4 -6 -7 10 8 -10 -11 -12
leaf_value=-0.030644443183562117 0.00079997872628383192 0.093457086100253231 -0.04247215760216777 -0.082025513298996683 -0.025879029870338455 0.0062672701068416329 0.03269654831856942 0.0084426180486769017 -0.058716445833391522 0.054504102351691945 0.036945656534731704
leaf_weight=2.8830281039699974 194.67277779337019 1.76596425846219 1.639411713927984 1.616577299311756 4.169794307090342 12.29019485414028 1.3443885967135421 1.4122258871793736 3.2823140826076269 1.1360092069953669 1.2732061669230461
leaf_count=55 4007 24 17 76 122 261 24 23 151 21 19
internal_value=-0.000125619 -0.00641992 0.0280182 -0.0120152 -0.041565 -0.000746237 0.000629402 0.000183779 -0.0385135 0.00111155 0.0347633
internal_weight=227.486 24.365 3.40538 20.9596 5.78637 15.1732 203.121 200.503 4.69454 195.809 2.61759
internal_count=4800 555 41 514 198 316 4245 4202 174 4028 43
is_linear=0
shrinkage=0.08


Tree=78
num_leaves=9
num_cat=0
split_feature=1 4 4 4 4 4 0 4
split_gain=0.167928 0.563787 0.849096 1.03006 0.336466 0.267964 1.78092 1.46788
threshold=1.0000000180025095e-35 2.5000000000000004 7.5000000000000009 12.500000000000002 84.500000000000014 67.500000000000014 6.5000000000000009 64.500000000000014
decision_type=2 2 2 2 2 2 2 2
left_child=1 -1 -3 -4 5 7 -7 -2
right_child=4 2 3 -5 -6 6 -8 -9
leaf_value=-0.037594095851204545 -0.00094707667444715203 0.053744590133595484 -0.043273996961198033 0.0039120652488044546 -0.038357419249201906 -0.0070631907201663662 0.097225630752419856 -0.057330782630178531
leaf_weight=2.1917330021969965 123.70685773622245 2.1000146977603427 3.0673203174956134 85.303366877138615 1.6031959932297457 5.069415980949997 1.3210652619600294 3.0273616611957541
leaf_count=43 3084 30 52 1304 26 139 40 82
internal_value=-0.000123729 0.00249773 0.00346899 0.00227425 -0.0019267 -0.00148797 0.0144958 -0.00229394
internal_weight=227.39 92.6624 90.4707 88.3707 134.728 133.125 6.39048 126.734
internal_count=4800 1429 1386 1356 3371 3345 179 3166
is_linear=0
shrinkage=0.08


Tree=79
num_leaves=11
num_cat=0
split_feature=4 4 4 2 0 0 4 4 4 4
split_gain=0.153528 1.33723 0.934965 0.59045 1.99481 0.882328 1.65423 1.14909 0.822765 0.486855
threshold=66.500000000000014 65.500000000000014 64.500000000000014 1.0000000180025095e-35 2.5000000000000004 4.5000000000000009 69.500000000000014 68.500000000000014 75.500000000000014 57.500000000000007
decision_type=2 2 2 2 2 2 2 2 2 2
left_child=1 2 9 4 -2 6 -5 -7 -6 -1
right_child=3 -3 -4 5 8 7 -8 -9 -10 -11
leaf_value=-0.00088805877757528048 -0.051822793680263886 0.064924736586745802 -0.062380588345870874 -0.074923621314341909 0.019163980949717649 0.034528618122250325 0.019381807953410712 -0.087920833198201112 0.10773176662214672 0.013395722572128075
leaf_weight=193.58743653493002 1.724947566166519 2.0362857896834603 1.5371737433597434 1.5809671506285647 1.5262434817850592 0.64540586993098292 4.8190273558720946 2.0432584481313825 1.1983414255082605 16.579885704442859
leaf_count=4083 27 40 41 36 37 15 100 81 26 314
internal_value=-0.000118601 0.000404687 -0.000215901 -0.00838026 0.0154975 -0.0200701 -0.00391412 -0.0585272 0.0581183 0.000238774
internal_weight=227.279 213.741 211.704 13.5382 4.44953 9.08866 6.39999 2.68866 2.72458 210.167
internal_count=4800 4478 4438 322 90 232 136 96 63 4397
is_linear=0
shrinkage=0.08


Tree=80
num_leaves=13
num_cat=0
split_feature=1 0 0 4 0 4 4 2 4 4 0 4
split_gain=0.145332 0.548633 1.13105 1.22884 0.581544 0.78679 0.435904 0.366373 0.310968 0.244369 1.84478 1.34009
threshold=1.0000000180025095e-35 1.5000000000000002 1.0000000180025095e-35 55.500000000000007 7.5000000000000009 48.500000000000007 30.500000000000004 1.0000000180025095e-35 84.500000000000014 67.500000000000014 7.5000000000000009 64.500000000000014
decision_type=2 2 2 2 2 2 2 2 2 2 2 2
left_child=1 2 7 -4 5 -3 -6 -1 9 11 -11 -2
right_child=8 4 3 -5 6 -7 -8 -9 -10 10 -12 -13
leaf_value=0.016313420087419168 -0.00089400584895695813 -0.017982784743436318 0.01211284188499564 0.066287832690228282 0.020237422663696377 0.0087205649083004783 -0.0008697697778164722 -0.027351942573218102 -0.037226928316594993 -0.0014727996028456385 0.13377271050664916 -0.055987725108435561
leaf_weight=1.5854934733360995 123.63102995837107 22.119956096168607 22.197726324200634 3.04754465073347 9.4695556499063986 10.373286458663641 18.486693304032087 5.4815093735232949 1.5670319404453028 5.7040007472969583 0.72783824149519194 2.8916872236877671
leaf_count=40 3084 686 132 29 53 275 100 114 26 159 20 82
internal_value=-0.000117595 0.00231852 0.0107336 0.0186527 -0.00217963 -0.00945789 0.00627982 -0.0175555 -0.00179746 -0.00137988 0.0138318 -0.00215318
internal_weight=227.283 92.7618 32.3123 25.2453 60.4495 32.4932 27.9562 7.067 134.522 132.955 6.43184 126.523
internal_count=4800 1429 315 161 1114 961 153 154 3371 3345 179 3166
is_linear=0
shrinkage=0.08


Tree=81
num_leaves=11
num_cat=0
split_feature=4 4 4 2 1 0 0 2 4 4
split_gain=0.153921 1.22713 0.818461 0.500834 1.83949 1.39932 0.811683 1.65284 1.05791 0.389412
threshold=66.500000000000014 65.500000000000014 64.500000000000014 1.0000000180025095e-35 1.5000000000000002 2.5000000000000004 4.5000000000000009 1.5000000000000002 68.500000000000014 57.500000000000007
decision_type=2 2 2 2 2 2 2 2 2 2
left_child=1 2 9 4 5 -2 7 -5 -8 -1
right_child=3 -3 -4 6 -6 -7 8 -9 -10 -11
leaf_value=-0.00079452378274758831 -0.10482291739230705 0.061711643882242345 -0.060481264497784411 -0.031019949803445756 0.069847902442908394 0.016949659144951529 0.029181620718729168 0.058484767911800038 -0.087381744276302686 0.011936790939901494
leaf_weight=192.88708897540346 1.0197137007489794 2.0695897508412591 1.4313082396984089 4.3589697387069446 2.0266630928963423 1.481235754676163 0.6729003265500072 1.8942526187747715 1.9206512062810359 16.707848453894258
leaf_count=4083 17 40 41 108 34 39 15 28 81 314
internal_value=-0.000112656 0.00040984 -0.000191363 -0.00843765 0.0132024 -0.0327008 -0.0195126 -0.0039068 -0.0571392 0.000220352
internal_weight=226.47 213.096 211.026 13.3744 4.52761 2.50095 8.84677 6.25322 2.59355 209.595
internal_count=4800 4478 4438 322 90 56 232 136 96 4397
is_linear=0
shrinkage=0.08


Tree=82
num_leaves=15
num_cat=0
split_feature=4 4 0 0 4 1 2 4 0 1 0 0 0 1
split_gain=0.160928 0.699431 1.06929 0.617186 0.608442 1.69843 0.768298 0.408567 0.763689 1.10457 0.709457 4.27455 0.680475 1.67008e-05
threshold=36.500000000000007 37.500000000000007 4.5000000000000009 7.5000000000000009 38.500000000000007 1.5000000000000002 1.0000000180025095e-35 31.500000000000004 1.5000000000000002 1.5000000000000002 7.5000000000000009 6.5000000000000009 4.5000000000000009 1.5000000000000002
decision_type=2 2 2 2 2 2 2 2 2 2 2 2 2 2
left_child=7 2 13 -4 5 -3 -6 8 9 -1 11 -9 -10 -2
right_child=1 4 3 -5 6 -7 -8 10 12 -11 -12 -13 -14 -15
leaf_value=0.020039469530937153 -0.082891072522423809 0.05272885211506919 0.037142089960439911 -0.038865522155029891 0.0094204075599505204 -0.040034175492153538 -0.0067495959862515498 0.018194192124767462 -0.016321718081925177 -0.014926395061221613 0.03782208718567636 -0.084353841018141321 0.00087153395946813934 -0.082386658041588498
leaf_weight=20.536953537724912 1.0022692764177907 4.0693751387298098 1.3184211626648903 1.4202682450413704 25.464177396148443 1.8318637311458585 71.919168305583298 19.371275363489993 23.573546152096242 8.0479415506124514 4.9753061570227137 3.0050103329122058 39.282345837913454 0.72321663238108147
leaf_count=256 32 58 29 18 541 44 1713 366 603 187 43 65 819 26
internal_value=-0.00011108 -0.0023499 -0.0333529 -0.00227501 -0.00100989 0.0239333 -0.0025214 0.00191961 -0.000646342 0.010195 0.010498 0.00442256 -0.00557664 -0.0826797
internal_weight=226.541 107.749 4.46418 2.73869 103.285 5.90124 97.3833 118.792 91.4408 28.5849 27.3516 22.3763 62.8559 1.72549
internal_count=4800 2461 105 47 2356 102 2254 2339 1865 443 474 431 1422 58
is_linear=0
shrinkage=0.08


Tree=83
num_leaves=11
num_cat=0
split_feature=4 4 3 1 3 2 2 4 2 4
split_gain=0.149807 1.03337 1.00724 1.05538 0.331019 0.935971 1.18207 0.275007 0.516807 0.310094
threshold=9.5000000000000018 8.5000000000000018 1.0000000180025095e-35 1.0000000180025095e-35 1.0000000180025095e-35 1.0000000180025095e-35 1.5000000000000002 23.500000000000004 1.5000000000000002 27.500000000000004
decision_type=2 2 2 2 2 2 2 2 2 2
left_child=1 2 3 -1 7 -6 -7 8 -2 -9
right_child=4 -3 -4 -5 5 6 -8 9 -10 -11
leaf_value=0.020250716776736878 0.0092847258313712069 -0.10226780511660107 0.085688552243901525 -0.031139711003202852 -0.083724567536144379 0.018754579663128632 -0.086997628203156749 -0.012133722170861045 -0.019653976573492223 0.00041679763518820542
leaf_weight=4.4355946751311368 40.269007053226233 0.71236082073301155 0.76533751375973302 6.0404495969414711 1.1354566756635893 3.4418149124830961 0.84194452874362458 13.751783948391674 4.3790714479982844 150.35147947631776
leaf_count=75 645 27 12 218 35 93 26 362 100 3207
internal_value=-0.000113572 -0.00882944 -0.00290829 -0.00938082 0.000372896 -0.0191472 -0.00203032 0.000879641 0.00644643 -0.000634931
internal_weight=226.124 11.9537 11.2414 10.476 214.171 5.41922 4.28376 208.751 44.6481 164.103
internal_count=4800 332 305 293 4468 154 119 4314 745 3569
is_linear=0
shrinkage=0.08


Tree=84
num_leaves=15
num_cat=0
split_feature=4 4 2 0 4 0 2 4 2 1 0 0 1 4
split_gain=0.139054 0.617359 1.06113 1.65313 0.503776 1.4203 0.660244 0.33957 0.713475 2.02261 0.868285 0.639533 0.915454 0.575257
threshold=36.500000000000007 37.500000000000007 1.0000000180025095e-35 4.5000000000000009 38.500000000000007 4.5000000000000009 1.0000000180025095e-35 31.500000000000004 1.0000000180025095e-35 1.5000000000000002 7.5000000000000009 1.5000000000000002 1.5000000000000002 28.500000000000004
decision_type=2 2 2 2 2 2 2 2 2 2 2 2 2 2
left_child=7 2 -2 -4 5 -3 -6 11 9 -9 -10 12 -1 -13
right_child=1 4 3 -5 6 -7 -8 8 10 -11 -12 13 -14 -15
leaf_value=0.018262502768192072 -0.086254693837462426 0.054157930638578822 -0.082514488197341737 0.043685776962340682 0.0086899405601179366 -0.025124640128051313 -0.0062762475114531546 -0.00014696472610576056 -0.0058548319062943803 0.094543146605860925 0.033889295280233059 -0.0016465487634861658 -0.013749680491485583 -0.022151301087912523
leaf_weight=20.561005643568937 1.4972917698323716 3.5212502870708695 1.0552450390532615 1.7931076996028421 25.610773263499141 2.4538846649229527 71.625511403661221 4.1086775129660991 16.695874199271206 2.2258414402604103 4.4571823328733435 51.931901778094471 7.9192846408113828 10.532495709136127
leaf_count=256 36 59 38 31 541 43 1713 72 326 40 36 1194 187 228
internal_value=-0.000110167 -0.00219252 -0.0317302 -0.00306834 -0.000948855 0.0215979 -0.00233435 0.00178097 0.00957281 0.0331255 0.00251969 -0.000574075 0.00936113 -0.00510398
internal_weight=225.989 107.557 4.34564 2.84835 103.211 5.97513 97.2363 118.432 27.4876 6.33452 21.1531 90.9447 28.4803 62.4644
internal_count=4800 2461 105 69 2356 102 2254 2339 474 112 362 1865 443 1422
is_linear=0
shrinkage=0.08


Tree=85
num_leaves=14
num_cat=0
split_feature=4 2 4 1 2 4 3 2 2 4 4 0 4
split_gain=0.141309 1.00996 1.874 0.502463 1.86845 1.27595 0.290106 0.884095 1.06547 0.21993 0.506972 0.287218 0.0528634
threshold=9.5000000000000018 1.0000000180025095e-35 1.0000000180025095e-35 1.0000000180025095e-35 1.5000000000000002 2.5000000000000004 1.0000000180025095e-35 1.0000000180025095e-35 1.5000000000000002 23.500000000000004 21.500000000000004 4.5000000000000009 3.5000000000000004
decision_type=2 2 2 2 2 2 2 2 2 2 2 2 2
left_child=1 2 -1 4 -3 -5 9 -8 -9 10 -2 -11 -4
right_child=6 3 12 5 -6 -7 7 8 -10 11 -12 -13 -14
leaf_value=0.056874373132046185 0.00088213530819053183 -0.013789818265470854 -0.13429522501786176 0.0071379043875527629 0.09985589295449239 -0.081536048029311164 -0.083479022524412652 0.017047643700586989 -0.086508420663858193 0.0025172182445630247 0.020539135289437599 -0.0042124237380671385 -0.10142454686525648
leaf_weight=0.5699266092851748 33.581298749893904 2.9365193163976056 0.63571686763316371 4.3080424331128597 1.3522375300526617 1.3684196583926675 1.0596859194338311 3.487632748670876 0.77765580732375372 89.663338860496879 11.196930237114428 74.15970527054742 0.61706195492297411
leaf_count=20 602 61 15 102 12 94 35 93 26 1977 143 1592 28
internal_value=-0.000111672 -0.00863893 -0.0633919 0.00137575 0.0220425 -0.0142386 0.000358204 -0.0180807 -0.0018329 0.000828895 0.00579743 -0.000529168 -0.118105
internal_weight=225.714 11.7879 1.82271 9.96522 4.28876 5.67646 213.926 5.32497 4.26529 208.601 44.7782 163.823 1.25278
internal_count=4800 332 63 269 73 196 4468 154 119 4314 745 3569 43
is_linear=0
shrinkage=0.08


Tree=86
num_leaves=11
num_cat=0
split_feature=0 4 4 4 4 4 4 0 4 1
split_gain=0.151371 0.697419 0.968598 2.57932 0.809368 0.484516 1.10624 0.594355 0.474525 0.00161291
threshold=1.0000000180025095e-35 65.500000000000014 24.500000000000004 22.500000000000004 28.500000000000004 83.500000000000014 69.500000000000014 1.5000000000000002 68.500000000000014 1.5000000000000002
decision_type=2 2 2 2 2 2 2 2 2 2
left_child=1 2 3 -1 -4 6 8 -8 -2 -7
right_child=5 -3 4 -5 -6 9 7 -9 -10 -11
leaf_value=-0.0083810608268378595 0.00076903009873620322 0.027392022378222393 -0.082883002022083763 0.12006914028864411 -0.018442947994723589 0.033034511114050938 0.0053700857224547602 -0.057856857571996947 0.052463292122120933 0.037028149072634846
leaf_weight=7.1886067613959366 193.07703904109076 3.4208645597100249 1.4060969799756993 1.1622555479407308 11.054182021878658 1.3243189183995119 1.3588407961651672 3.1744090602733195 1.1431891974061716 1.2658840976655483
leaf_count=125 4007 41 44 20 325 24 23 151 21 19
internal_value=-0.000109458 -0.00608311 -0.0115856 0.00949637 -0.0257148 0.00060948 0.000161473 -0.0389046 0.0010733 0.0349863
internal_weight=225.576 24.232 20.8111 8.35086 12.4603 201.344 198.753 4.53325 194.22 2.5902
internal_count=4800 555 514 145 369 4245 4202 174 4028 43
is_linear=0
shrinkage=0.08


Tree=87
num_leaves=9
num_cat=0
split_feature=4 4 4 4 0 2 4 0
split_gain=0.140577 0.972335 0.707187 0.388607 0.477549 1.69819 1.10037 0.371312
threshold=66.500000000000014 65.500000000000014 64.500000000000014 67.500000000000014 2.5000000000000004 1.0000000180025095e-35 78.500000000000014 1.0000000180025095e-35
decision_type=2 2 2 2 2 2 2 2
left_child=1 2 7 -2 6 -6 -5 -1
right_child=3 -3 -4 4 5 -7 -8 -9
leaf_value=-0.010042101093777922 -0.053944418968905561 0.05356954671908884 -0.057483981519233458 -0.00039498663520294791 0.060158581257288207 -0.023517941990861786 -0.080304621648881816 0.00132723272677733
leaf_weight=20.374452414922416 1.0858396440744389 2.1780242603272191 1.3683328805491317 4.3775109616108221 2.6471992395818233 3.7527576610445976 1.4742902694270013 188.21812572376803
leaf_count=508 28 40 41 72 56 136 30 3889
internal_value=-0.000108553 0.000392316 -0.000159317 -0.00807505 -0.00400977 0.011093 -0.0205272 0.000216724
internal_weight=225.477 212.139 209.961 13.3376 12.2518 6.39996 5.8518 208.593
internal_count=4800 4478 4438 322 294 192 102 4397
is_linear=0
shrinkage=0.08


Tree=88
num_leaves=9
num_cat=0
split_feature=4 4 4 4 4 0 2 4
split_gain=0.121135 0.787537 0.622199 0.358215 0.342981 0.407535 1.38187 1.00476
threshold=66.500000000000014 65.500000000000014 64.500000000000014 57.500000000000007 67.500000000000014 2.5000000000000004 1.0000000180025095e-35 78.500000000000014
decision_type=2 2 2 2 2 2 2 2
left_child=1 2 3 -1 -2 7 -7 -6
right_child=4 -3 -4 -5 5 6 -8 -9
leaf_value=-0.0007812586411186322 -0.051394188487482374 0.047251456359798071 -0.054892354561002853 0.011411808374783505 -0.00036345030174115547 0.052679924983130462 -0.022091464850191266 -0.078368686156114184
leaf_weight=191.8075405433774 1.0500603113323439 2.2676684018224469 1.3203318277373899 16.768583880737424 4.3767838203348202 2.7753488309681416 3.6786375157535076 1.3932076524943111
leaf_count=4083 28 40 41 314 72 56 136 30
internal_value=-0.000104773 0.000359076 -0.000147537 0.000199009 -0.00751866 -0.00374967 0.0100618 -0.0191984
internal_weight=225.438 212.164 209.896 208.576 13.274 12.224 6.45399 5.76999
internal_count=4800 4478 4438 4397 322 294 192 102
is_linear=0
shrinkage=0.08


Tree=89
num_leaves=7
num_cat=0
split_feature=4 4 1 4 1 4
split_gain=0.127891 0.326976 0.601123 0.316553 1.15668 0.609003
threshold=88.500000000000014 78.500000000000014 1.5000000000000002 75.500000000000014 1.5000000000000002 70.500000000000014
decision_type=2 2 2 2 2 2
left_child=1 3 -3 5 -5 -1
right_child=-2 2 -4 4 -6 -7
leaf_value=0.00016806966863111954 0.019196200692027033 -0.084775811032059126 0.012010004720782732 -0.023089622724805588 0.10239012326204477 -0.037674779377432355
leaf_weight=216.97881640400738 2.1769180838018647 0.81237549707293399 0.83060988411307335 1.0624453583732236 0.84337831288576115 2.7562207649461916
leaf_count=4581 24 34 28 27 19 87
internal_value=-0.000100487 -0.000288621 -0.0358458 -2.50419e-05 0.0324385 -0.000306608
internal_weight=225.461 223.284 1.64299 221.641 1.90582 219.735
internal_count=4800 4776 62 4714 46 4668
is_linear=0
shrinkage=0.08


Tree=90
num_leaves=15
num_cat=0
split_feature=4 4 1 0 0 4 2 4 2 0 1 0 4 4
split_gain=0.118666 0.707489 3.02817 0.819497 0.703608 1.45945 1.26672 1.19864 2.16135 0.625844 0.539089 0.784249 0.705685 0.439803
threshold=39.500000000000007 41.500000000000007 1.0000000180025095e-35 6.5000000000000009 5.5000000000000009 38.500000000000007 1.0000000180025095e-35 30.500000000000004 1.5000000000000002 4.5000000000000009 1.0000000180025095e-35 1.5000000000000002 43.500000000000007 40.500000000000007
decision_type=2 2 2 2 2 2 2 2 2 2 2 2 2 2
left_child=4 2 13 -4 7 6 -6 9 -9 -1 12 -12 -3 -2
right_child=1 10 3 -5 5 -7 -8 8 -10 -11 11 -13 -14 -15
leaf_value=-0.0042772614465329106 -0.053830637266314152 0.037687826412439035 1.9561574251144542e-05 0.080681537136539208 -0.027285933073228606 -0.090030157880155781 0.0035902717928387781 0.028382729361335603 -0.032813352077641043 0.020348104711676415 -0.024778585604285724 2.3817945332568229e-05 0.0031994403572796087 -0.10868869511177189
leaf_weight=49.15446266438812 2.0729595590382797 4.2725600013509384 4.7742113918066025 0.96985640749335278 11.296845629811285 1.299231344833969 34.394413962960243 24.334328564815227 4.3546532187610856 7.6304552559740833 10.697921878192572 34.381730588618666 34.116424003615975 1.7042784895747902
leaf_count=1002 34 62 118 21 213 27 623 483 85 198 314 1062 528 30
internal_value=-9.53281e-05 -0.00228589 -0.0229466 0.0136389 0.00144245 -0.00642108 -0.00404365 0.00576553 0.0190939 -0.000968236 7.08828e-05 -0.00586208 0.00703788 -0.0785824
internal_weight=225.454 92.9899 9.52131 5.74407 132.464 46.9905 45.6913 85.4739 28.689 56.7849 83.4686 45.0797 38.389 3.77724
internal_count=4800 2169 203 139 2631 863 836 1768 568 1200 1966 1376 590 64
is_linear=0
shrinkage=0.08


Tree=91
num_leaves=8
num_cat=0
split_feature=4 0 4 0 4 4 2
split_gain=0.115273 0.44601 0.284672 1.19534 0.300837 0.42119 0.000378444
threshold=83.500000000000014 3.5000000000000004 76.500000000000014 1.5000000000000002 74.500000000000014 70.500000000000014 1.0000000180025095e-35
decision_type=2 2 2 2 2 2 2
left_child=2 -2 4 -4 5 -1 -5
right_child=1 -3 3 6 -6 -7 -8
leaf_value=0.00013760863924454738 -0.018825215476999446 0.042833317343689212 0.033094356613039125 -0.084342518606460332 0.04505752560874926 -0.035400571798289752 -0.081482404769215686
leaf_weight=217.09304145816714 1.3535815458744758 1.6860866770148275 1.0695246914401644 0.68158864881843306 0.94355885405093332 2.1555520575493565 0.52348965872079134
leaf_count=4581 20 27 14 19 30 71 38
internal_value=-9.7235e-05 0.0153764 -0.000308659 -0.0284651 -1.78002e-05 -0.000211787 -0.0831001
internal_weight=225.506 3.03967 222.467 2.2746 220.192 219.249 1.20508
internal_count=4800 47 4753 71 4682 4652 57
is_linear=0
shrinkage=0.08


Tree=92
num_leaves=12
num_cat=0
split_feature=4 3 2 0 4 3 2 2 4 2 0
split_gain=0.109819 0.891639 0.663162 1.47931 1.28103 0.254138 0.829474 0.96039 0.18774 0.442702 0.295393
threshold=9.5000000000000018 1.0000000180025095e-35 1.5000000000000002 4.5000000000000009 1.5000000000000002 1.0000000180025095e-35 1.0000000180025095e-35 1.5000000000000002 23.500000000000004 1.5000000000000002 4.5000000000000009
decision_type=2 2 2 2 2 2 2 2 2 2 2
left_child=1 2 3 -1 -4 8 -7 -8 9 -2 -10
right_child=5 -3 4 -5 -6 6 7 -9 10 -11 -12
leaf_value=-0.0058938438064911362 0.0079275548154514475 0.072032857127127453 -0.03318200355167205 -0.08522852490600473 0.089509384637750017 -0.083243162711016991 0.015340223405804399 -0.086091385279284977 0.0025907774639460849 -0.018969342545361482 -0.0042379501042987371
leaf_weight=6.6522222943603939 40.633015533909202 0.8338250648230322 1.137828826904298 1.9437563610263167 1.0447175092995165 0.98479089420288701 3.5404957812279463 0.71869367128238071 89.534524575341493 4.3341425675898781 74.089750404469669
leaf_count=156 645 14 20 122 20 35 93 26 1977 100 1592
internal_value=-9.18604e-05 -0.00766867 -0.0138344 -0.0238333 0.0255466 0.000319599 -0.0170745 -0.0017753 0.000756886 0.00533511 -0.000501299
internal_weight=225.448 11.6124 10.7785 8.59598 2.18255 213.835 5.24398 4.25919 208.591 44.9672 163.624
internal_count=4800 332 318 278 40 4468 154 119 4314 745 3569
is_linear=0
shrinkage=0.08


Tree=93
num_leaves=9
num_cat=0
split_feature=1 4 4 4 4 4 0 4
split_gain=0.105399 0.594585 0.676906 0.909634 0.330053 0.268216 1.30511 1.27141
threshold=1.0000000180025095e-35 2.5000000000000004 7.5000000000000009 12.500000000000002 84.500000000000014 67.500000000000014 7.5000000000000009 64.500000000000014
decision_type=2 2 2 2 2 2 2 2
left_child=1 -1 -3 -4 5 7 -7 -2
right_child=4 2 3 -5 -6 6 -8 -9
leaf_value=-0.039544242891329344 -0.00068514880280840125 0.048658854653219591 -0.04155160500973281 0.0034757289506640288 -0.038080784062867065 0.001119284839966328 0.11025176878958994 -0.055242238369563261
leaf_weight=2.1526145720854393 123.18924583308399 2.0311895003542295 2.9726727334782472 84.28760635247454 1.5618942994624365 5.5168321290984741 0.80346421152353276 2.7958203712478271
leaf_count=43 3084 30 52 1304 26 159 20 82
internal_value=-9.06162e-05 0.0020029 0.00300451 0.00194179 -0.00152069 -0.00108909 0.0149927 -0.00189586
internal_weight=225.311 91.4441 89.2915 87.2603 133.867 132.305 6.3203 125.985
internal_count=4800 1429 1386 1356 3371 3345 179 3166
is_linear=0
shrinkage=0.08


Tree=94
num_leaves=8
num_cat=0
split_feature=4 0 4 0 4 4 2
split_gain=0.117829 0.385456 0.266396 1.0978 0.242603 0.377046 0.000304525
threshold=83.500000000000014 3.5000000000000004 76.500000000000014 1.5000000000000002 74.500000000000014 70.500000000000014 1.0000000180025095e-35
decision_type=2 2 2 2 2 2 2
left_child=2 -2 4 -4 5 -1 -5
right_child=1 -3 3 6 -6 -7 -8
leaf_value=0.00012833439863808112 -0.016812345012846827 0.040750365984321676 0.029628709450965355 -0.084054171739980962 0.039933674950980408 -0.033857371854439308 -0.081410776801717016
leaf_weight=216.89770964998752 1.3225133139640086 1.7035045837983487 1.0858072396367782 0.64043275360017993 0.96826808899640937 2.1095248586498192 0.49411599617451429
leaf_count=4581 20 27 14 19 30 71 38
internal_value=-8.71296e-05 0.0155927 -0.000300669 -0.0278723 -2.23708e-05 -0.000199023 -0.0829029
internal_weight=225.222 3.02602 222.196 2.22036 219.976 219.007 1.13455
internal_count=4800 47 4753 71 4682 4652 57
is_linear=0
shrinkage=0.08


Tree=95
num_leaves=15
num_cat=0
split_feature=4 4 4 0 0 2 2 0 1 4 1 4 0 4
split_gain=0.111825 0.951721 2.36473 6.60025 1.28966 1.56177 1.08384 0.715777 2.12228 5.1344 1.95281 1.19325 1.35779 0.301718
threshold=57.500000000000007 52.500000000000007 51.500000000000007 2.5000000000000004 2.5000000000000004 1.5000000000000002 1.0000000180025095e-35 3.5000000000000004 1.5000000000000002 62.500000000000007 1.0000000180025095e-35 88.500000000000014 5.5000000000000009 39.500000000000007
decision_type=2 2 2 2 2 2 2 2 2 2 2 2 2 2
left_child=1 2 13 -4 6 -6 -3 8 10 -10 -2 12 -9 -1
right_child=7 4 3 -5 5 -7 -8 11 9 -11 -12 -13 -14 -15
leaf_value=0.0012750294391429273 0.023085991065862923 0.0090782941913121421 0.20769056884484152 -0.020622420324504075 0.0096421021969543882 -0.091024531207392234 -0.082919415498872134 -0.049754668184800017 0.12950704882151667 -0.0086377757456552896 -0.048738803130831336 0.061805308545749213 0.0019947749701636208 -0.0064242908887060558
leaf_weight=132.57820235006511 5.549371696077289 1.1181331779807795 1.3094776915386312 2.1260617226362228 7.2686361968517286 1.1411970667541025 3.0694455527700484 4.7462572520598778 2.9606231208890668 4.115266801789403 4.2997951004654169 1.442412884905935 10.258181343786417 43.184861247893423
leaf_count=2631 89 22 30 38 192 31 82 147 45 94 92 14 236 1057
internal_value=-8.2354e-05 -0.00082602 0.000668145 0.0664005 -0.0220806 -0.00401815 -0.0583549 0.00419166 0.0157412 0.0491634 -0.00827015 -0.00769369 -0.0143748 -0.000616688
internal_weight=225.168 191.796 179.199 3.43554 12.5974 8.40983 4.18758 33.3719 16.9251 7.07589 9.84917 16.4469 15.0044 175.763
internal_count=4800 4083 3756 68 327 223 104 717 320 139 181 397 383 3688
is_linear=0
shrinkage=0.08


Tree=96
num_leaves=14
num_cat=0
split_feature=4 2 4 0 2 0 3 2 4 4 0 4 4
split_gain=0.0925475 0.861201 1.77739 0.46248 1.08119 0.941494 0.213858 0.779879 0.733606 0.165647 1.24977 1.11046 0.0522362
threshold=9.5000000000000018 1.0000000180025095e-35 1.0000000180025095e-35 1.5000000000000002 1.5000000000000002 1.0000000180025095e-35 1.0000000180025095e-35 1.0000000180025095e-35 32.500000000000007 17.500000000000004 1.5000000000000002 18.500000000000004 3.5000000000000004
decision_type=2 2 2 2 2 2 2 2 2 2 2 2 2
left_child=1 2 -1 5 -5 -3 9 -8 -9 10 -2 -11 -4
right_child=6 3 12 4 -6 -7 7 8 -10 11 -12 -13 -14
leaf_value=0.055714960306019905 0.034067891061232314 -0.01768920138352156 -0.13345372256807758 -0.038666990892979654 0.046325141848993938 0.052255726798635743 -0.082984819880819585 0.027672495481719628 -0.039541727975568382 -0.045903205024758781 -0.0073683996849395377 0.00076209635721747031 -0.09934563642010133
leaf_weight=0.57426181389018793 7.2819612808525589 2.3283420559018833 0.58260973030701257 3.5137138199061155 1.3169247377663849 2.6148395454511046 0.91088534705340762 2.4037823937833309 1.830763259436935 3.3222050778567782 12.930685207247732 184.97656924603507 0.56706900289282203
leaf_count=20 94 42 15 170 27 30 35 46 73 58 276 3886 28
internal_value=-9.63174e-05 -0.00708803 -0.0592203 0.00210724 -0.0154965 0.0193102 0.000279936 -0.015832 -0.0013869 0.00067753 0.00755975 -6.12319e-05 -0.11663
internal_weight=225.155 11.4978 1.72394 9.77382 4.83064 4.94318 213.657 5.14543 4.23455 208.511 20.2126 188.299 1.14968
internal_count=4800 332 63 269 197 72 4468 154 119 4314 370 3944 43
is_linear=0
shrinkage=0.08


Tree=97
num_leaves=15
num_cat=0
split_feature=4 4 0 1 4 4 0 0 1 4 1 4 0 4
split_gain=0.091772 0.829539 1.64414 2.60833 1.72354 0.765103 3.29742 0.598699 1.69353 3.72601 1.71006 0.985348 1.2187 0.256619
threshold=57.500000000000007 53.500000000000007 6.5000000000000009 1.0000000180025095e-35 54.500000000000007 51.500000000000007 6.5000000000000009 3.5000000000000004 1.5000000000000002 62.500000000000007 1.0000000180025095e-35 88.500000000000014 5.5000000000000009 39.500000000000007
decision_type=2 2 2 2 2 2 2 2 2 2 2 2 2 2
left_child=1 5 4 -4 -3 13 -7 8 10 -10 -2 12 -9 -1
right_child=7 2 3 -5 -6 6 -8 11 9 -11 -12 -13 -14 -15
leaf_value=0.0011752135258897864 0.02116671130119244 -0.11516099529421282 0.068581998646343831 -0.081968618372547195 -0.021496534842354111 0.064129884007502261 -0.060127070538265909 -0.047994989680322474 0.10631393194737709 -0.0079852391158170537 -0.046832802111538945 0.054706996038371418 0.0018047165256636936 -0.0059377682883065388
leaf_weight=132.46292167808861 5.5647002025507408 1.7690199473872761 2.3208509869873528 1.0788857005536554 4.3469116822816432 4.6084557352587572 1.9431430008262394 4.5320581202395269 3.3007868714630595 4.0834223977290094 4.1187978084199131 1.4951855968683965 10.276057201903312 42.998491714242846
leaf_count=2631 89 50 18 47 130 122 28 147 45 94 92 14 236 1057
internal_value=-9.48865e-05 -0.000769443 -0.0237957 0.0208057 -0.0485888 0.000434372 0.0272764 0.00377665 0.0142494 0.0431072 -0.00775633 -0.00718711 -0.0134366 -0.00056789
internal_weight=224.9 191.529 9.51567 3.39974 6.11593 182.013 6.5516 33.371 17.0677 7.38421 9.6835 16.3033 14.8081 175.461
internal_count=4800 4083 245 65 180 3838 150 717 320 139 181 397 383 3688
is_linear=0
shrinkage=0.08


Tree=98
num_leaves=11
num_cat=0
split_feature=4 3 2 0 3 2 0 4 4 4
split_gain=0.082743 0.829743 0.483311 1.3626 0.180381 0.729786 0.680639 0.154205 0.371162 0.27579
threshold=9.5000000000000018 1.0000000180025095e-35 1.5000000000000002 4.5000000000000009 1.0000000180025095e-35 1.0000000180025095e-35 4.5000000000000009 23.500000000000004 21.500000000000004 27.500000000000004
decision_type=2 2 2 2 2 2 2 2 2 2
left_child=1 2 3 -1 7 -6 -7 8 -2 -9
right_child=4 -3 -4 -5 5 6 -8 9 -10 -11
leaf_value=-0.0050801512528698923 0.00050928820772349335 0.0686571804286015 0.020207286349507015 -0.08474108894951958 -0.082754224149537911 -0.021054596034563385 0.050787382282474945 -0.011444329799103295 0.017165807758808022 0.00045797238943055932
leaf_weight=6.5190685642883128 33.613161540590227 0.8625307837501176 2.2153314389288434 1.7412866107188163 0.84041952900588413 3.038334789685905 1.1686168387532232 13.589955260977147 11.488298654556273 149.76489504752681
leaf_count=156 602 14 40 122 35 87 32 362 143 3207
internal_value=-0.000104406 -0.00676399 -0.0129739 -0.0218727 0.000249255 -0.0146944 -0.00109816 0.000611087 0.00475206 -0.000532214
internal_weight=224.842 11.3382 10.4757 8.26036 213.504 5.04737 4.20695 208.456 45.1015 163.355
internal_count=4800 332 318 278 4468 154 119 4314 745 3569
is_linear=0
shrinkage=0.08


Tree=99
num_leaves=12
num_cat=0
split_feature=0 4 4 4 4 4 4 0 4 4 4
split_gain=0.0835682 0.878338 0.90129 3.21717 0.620476 0.566598 0.283331 1.69888 0.916308 0.670436 0.419656
threshold=1.0000000180025095e-35 65.500000000000014 13.500000000000002 9.5000000000000018 72.500000000000014 52.500000000000007 83.500000000000014 4.5000000000000009 69.500000000000014 72.500000000000014 68.500000000000014
decision_type=2 2 2 2 2 2 2 2 2 2 2
left_child=1 2 3 -1 -3 -4 8 -8 10 -10 -2
right_child=6 4 5 -5 -6 -7 7 -9 9 -11 -12
leaf_value=-0.022792796737743252 0.000585484474060088 0.07179801841791876 -0.012175244063778514 0.14456625961671171 0.0016182983011013947 -0.052839948436368821 0.08548534491196709 -0.041694180513521417 -0.08377039974789309 -0.014945455910747486 0.048798853513865988
leaf_weight=2.5277750948444075 192.97157262405381 1.5012533031404012 14.387963812332602 1.0365624837577341 1.7416563257575033 2.587233484722673 1.4412011113017791 1.2598330844193695 1.3367160479538132 2.8100868952460587 1.1623761150985945
leaf_count=51 4007 21 370 16 20 77 21 22 54 120 21
internal_value=-0.000100731 -0.00458506 -0.010694 0.0258777 0.0341069 -0.0183731 0.000429905 0.0261655 7.9328e-05 -0.0371311 0.000874162
internal_weight=224.764 23.7824 20.5395 3.56434 3.24291 16.9752 200.982 2.70103 198.281 4.1468 194.134
internal_count=4800 555 514 67 41 447 4245 43 4202 174 4028
is_linear=0
shrinkage=0.08


Tree=100
num_leaves=9
num_cat=0
split_feature=1 4 4 4 4 4 4 0
split_gain=0.0845415 0.549715 0.662125 1.13551 0.418519 0.354633 1.06434 0.968661
threshold=1.0000000180025095e-35 2.5000000000000004 8.5000000000000018 12.500000000000002 84.500000000000014 67.500000000000014 64.500000000000014 7.5000000000000009
decision_type=2 2 2 2 2 2 2 2
left_child=1 -1 -3 -4 5 6 -2 -7
right_child=4 2 3 -5 -6 7 -8 -9
leaf_value=-0.038613790945121317 -0.00073671920091645344 0.043998996600494736 -0.052287906717347704 0.0031327026206634675 -0.041650708468454742 0.0051013683961451126 -0.052644146577624368 0.096896001360476394
leaf_weight=2.1069755605421951 123.14064785791561 2.4204708812758318 2.4343942529521874 84.320100875105709 1.6318205259740342 5.2763601257465771 2.5811438309028736 0.8549394542351364
leaf_count=43 3084 36 46 1304 26 159 82 20
internal_value=-0.000101489 0.00177473 0.002729 0.00157756 -0.00138451 -0.000886178 -0.00180241 0.0179011
internal_weight=224.767 91.2819 89.175 86.7545 133.485 131.853 125.722 6.1313
internal_count=4800 1429 1386 1350 3371 3345 3166 179
is_linear=0
shrinkage=0.08


Tree=101
num_leaves=12
num_cat=0
split_feature=4 4 4 0 4 0 1 1 4 1 0
split_gain=0.0812611 0.918658 0.505634 0.304458 0.282228 1.26637 1.05662 1.66632 1.00533 0.87431 0.233858
threshold=66.500000000000014 65.500000000000014 64.500000000000014 1.0000000180025095e-35 72.500000000000014 7.5000000000000009 1.5000000000000002 1.0000000180025095e-35 85.500000000000014 1.5000000000000002 2.5000000000000004
decision_type=2 2 2 2 2 2 2 2 2 2 2
left_child=1 2 3 -1 5 9 7 -6 -8 -2 -4
right_child=4 -3 10 -5 6 -7 8 -9 -10 -11 -12
leaf_value=-0.0093053052697909446 -0.011922973704302689 0.051995742286291592 -0.015742720374994312 0.0010401116581563335 0.018893063756835748 0.060292390974721263 0.07302689513924715 -0.08487581159397603 -0.021307916303357814 -0.085154815352477375 -0.086331073940974265
leaf_weight=20.154601719230413 2.9420373234897834 2.1755705792456856 0.58498952444642671 188.29310588398948 2.4849276556633413 1.0307719288393853 2.0105707510374491 1.6466819192282853 1.129009962081909 1.6167713911272583 0.61739254696294665
leaf_count=508 77 40 16 3889 52 14 62 54 15 48 25
internal_value=-9.67598e-05 0.000278116 -0.000258566 3.98236e-05 -0.00627122 -0.0197879 0.00411945 -0.0224647 0.0391036 -0.0378945 -0.051988
internal_weight=224.686 211.826 209.65 208.448 12.8608 5.58958 7.27119 4.13161 3.13958 4.55881 1.20238
internal_count=4800 4478 4438 4397 322 139 183 106 77 125 41
is_linear=0
shrinkage=0.08


Tree=102
num_leaves=16
num_cat=0
split_feature=0 1 2 0 4 0 4 4 4 4 4 2 4 2 0
split_gain=0.0856125 1.19595 5.10439 3.4738 1.51223 2.95825 2.61458 1.06792 0.594666 1.09978 2.41935 1.05922 0.972574 0.998466 0.574903
threshold=5.5000000000000009 1.5000000000000002 1.0000000180025095e-35 7.5000000000000009 42.500000000000007 6.5000000000000009 59.500000000000007 34.500000000000007 40.500000000000007 51.500000000000007 52.500000000000007 1.5000000000000002 30.500000000000004 1.5000000000000002 1.5000000000000002
decision_type=2 2 2 2 2 2 2 2 2 2 2 2 2 2 2
left_child=8 4 3 -3 5 -2 -6 -4 12 11 -11 -10 14 -14 -1
right_child=1 2 7 -5 6 -7 -8 -9 9 10 -12 -13 13 -15 -16
leaf_value=0.0072233286214342645 -0.051426239229027448 0.083424390309654525 -0.020931919033906617 -0.045932929881139166 0.040653012243426205 0.0054452338497466878 -0.021360184600682772 -0.062825119189114084 -0.024085296424813784 0.085771459694467367 -0.0015497467280839519 0.027974293535823775 0.021852665183794372 -0.018238672207541981 -0.0088950874707408398
leaf_weight=27.074389392510056 7.2945132984314105 4.2749432511627701 7.536737037356942 1.9277658420614896 14.004745972342791 29.634189904900268 6.3125516939908257 8.0579975573346001 21.73566166032106 2.1807406712323454 29.507664043921977 2.8265761588700107 27.900794308632612 4.6363364597782484 29.695289720315486
leaf_count=423 194 103 201 48 233 388 126 285 554 48 685 89 548 98 777
internal_value=-9.67683e-05 -0.00221629 -0.0181634 0.0432209 0.00385588 -0.00578857 0.0213856 -0.0425787 0.00105421 -0.00538878 0.00445955 -0.0180944 0.00511239 0.0161399 -0.00120795
internal_weight=224.601 79.0434 21.7974 6.20271 57.246 36.9287 20.3173 15.5947 145.557 56.2506 31.6884 24.5622 89.3068 32.5371 56.7697
internal_count=4800 1578 637 151 941 582 359 486 3222 1376 733 643 1846 646 1200
is_linear=0
shrinkage=0.08


Tree=103
num_leaves=15
num_cat=0
split_feature=4 4 4 0 0 2 2 0 1 4 1 4 0 4
split_gain=0.103895 0.8098 1.39336 3.92432 0.992568 1.42901 0.946838 0.487669 1.31384 2.89011 1.45038 0.921656 1.09862 0.195536
threshold=57.500000000000007 52.500000000000007 51.500000000000007 2.5000000000000004 2.5000000000000004 1.5000000000000002 1.0000000180025095e-35 3.5000000000000004 1.5000000000000002 62.500000000000007 1.0000000180025095e-35 88.500000000000014 5.5000000000000009 39.500000000000007
decision_type=2 2 2 2 2 2 2 2 2 2 2 2 2 2
left_child=1 2 13 -4 6 -6 -3 8 10 -10 -2 12 -9 -1
right_child=7 4 3 -5 5 -7 -8 11 9 -11 -12 -13 -14 -15
leaf_value=0.0010256303735141179 0.019510966095054344 0.009983330846435998 0.14317569272554304 -0.021538581808451963 0.0079065007998607856 -0.090948648399048426 -0.07642123559135526 -0.046037121133842528 0.090540396891195696 -0.0080184192010312721 -0.044131735888171292 0.053816696406564724 0.0021358526663137123 -0.005200791774071776
leaf_weight=132.31835807510652 5.6089524179697055 1.1162850558757771 1.6114988001063459 2.1753556504845619 7.3006164869293553 1.0734829111024735 2.9744988312013447 4.3111840588971946 3.5768220722675315 4.0718525778502226 3.8750035362318158 1.4936337899416692 10.194093802012501 42.695462543517351
leaf_count=2631 89 22 30 38 192 31 82 147 45 94 92 14 236 1057
internal_value=-0.000112496 -0.000828938 0.000545484 0.0485557 -0.0205441 -0.00476582 -0.0528433 0.00402346 0.0134026 0.0380716 -0.0064925 -0.00602035 -0.0121819 -0.000493335
internal_weight=224.397 191.266 178.801 3.78685 12.4649 8.3741 4.09078 33.1315 17.1326 7.64867 9.48396 15.9989 14.5053 175.014
internal_count=4800 4083 3756 68 327 223 104 717 320 139 181 397 383 3688
is_linear=0
shrinkage=0.08


Tree=104
num_leaves=15
num_cat=0
split_feature=4 4 4 2 0 2 2 0 1 4 2 4 0 1
split_gain=0.086246 0.692405 1.12985 4.50358 0.856469 1.30402 0.826598 0.408572 1.06535 2.2062 1.29795 0.765177 0.982682 0.177545
threshold=57.500000000000007 52.500000000000007 51.500000000000007 1.0000000180025095e-35 2.5000000000000004 1.5000000000000002 1.0000000180025095e-35 3.5000000000000004 1.5000000000000002 62.500000000000007 1.5000000000000002 88.500000000000014 5.5000000000000009 1.5000000000000002
decision_type=2 2 2 2 2 2 2 2 2 2 2 2 2 2
left_child=1 2 13 -4 6 -6 -3 8 10 -10 -2 12 -9 -1
right_child=7 4 3 -5 5 -7 -8 11 9 -11 -12 -13 -14 -15
leaf_value=0.0012941553218278762 -0.020626028391809843 0.0091711911972944555 -0.091462668698084199 0.097826804995917879 0.0072265026653613521 -0.090195355208739725 -0.071733259986516237 -0.044279920982415816 0.077198202682484521 -0.0074297804765909147 0.054986786523279027 0.048014608594050573 0.0019616160438463291 -0.0041687194323038494
leaf_weight=118.9712921383325 7.555371824186297 1.1178570631891478 1.1322224568575614 2.778493620455265 7.3465709267184121 0.99889017455279816 2.9178440649993718 4.1312200790271136 3.8468498662114134 4.0440964857116342 1.7988685630261896 1.5381987616419799 10.210867648478596 55.996498645748943
leaf_count=2203 154 22 17 51 192 31 82 147 45 94 27 14 236 1485
internal_value=-0.000117278 -0.000770005 0.000496363 0.0430241 -0.019066 -0.00443418 -0.0493234 0.00365144 0.0121773 0.0338265 -0.00608529 -0.00560722 -0.0113582 -0.000454177
internal_weight=224.385 191.26 178.879 3.91072 12.3812 8.34546 4.0357 33.1255 17.2452 7.89095 9.35424 15.8803 14.3421 174.968
internal_count=4800 4083 3756 68 327 223 104 717 320 139 181 397 383 3688
is_linear=0
shrinkage=0.08


Tree=105
num_leaves=15
num_cat=0
split_feature=4 4 0 1 0 3 4 0 4 4 4 0 0 0
split_gain=0.0809464 0.464018 1.05974 0.465641 1.72204 0.989111 0.360309 1.19729 1.95252 0.967796 0.464301 5.69213 0.561683 0.127147
threshold=24.500000000000004 25.500000000000004 5.5000000000000009 1.5000000000000002 7.5000000000000009 1.0000000180025095e-35 19.500000000000004 2.5000000000000004 20.500000000000004 20.500000000000004 17.500000000000004 3.5000000000000004 1.5000000000000002 1.5000000000000002
decision_type=2 2 2 2 2 2 2 2 2 2 2 2 2 2
left_child=6 2 13 5 -5 -3 10 8 -8 -9 12 -12 -1 -2
right_child=1 3 -4 4 -6 -7 7 9 -10 -11 11 -13 -14 -15
leaf_value=0.014030237019089708 0.020713419893137547 0.0034467764266687801 -0.09296064410769278 -0.0019253258105338051 -0.051803619524345028 -0.061200028405725665 0.11508582441663937 -0.050338977027973027 0.015584223037148634 0.0057075889564910907 -0.11504221113140929 0.040811001311457255 -0.0073258979749330697 -0.0167755908909119
leaf_weight=13.368470354005693 1.1045735944062469 106.78306032437831 1.1459182295948265 45.583674665540457 4.9068349292501798 1.5365102062933136 1.5821064934134508 2.3196733705699435 6.2412724159657955 13.148898740299044 2.5234343893825999 3.697059940546751 19.204311110079288 1.2168591953814027
leaf_count=184 21 2022 30 1264 152 63 23 46 100 210 45 62 536 42
internal_value=-0.000119969 -0.00105986 -0.0300112 -0.000427759 -0.00677266 0.00252976 0.00233671 0.0102019 0.0357062 -0.00269718 -0.00238564 -0.0224131 0.00143905 0.00106226
internal_weight=224.363 162.277 3.46735 158.81 50.4905 108.32 62.0852 23.292 7.82338 15.4686 38.7933 6.22049 32.5728 2.32143
internal_count=4800 3594 93 3501 1416 2085 1206 379 123 256 827 107 720 63
is_linear=0
shrinkage=0.08


Tree=106
num_leaves=12
num_cat=0
split_feature=0 4 4 4 4 4 4 4 4 4 1
split_gain=0.0798307 0.846091 0.76974 0.579699 0.55599 0.445103 0.22521 0.839032 0.575824 0.423692 0.00844719
threshold=1.0000000180025095e-35 65.500000000000014 39.500000000000007 46.500000000000007 72.500000000000014 33.500000000000007 83.500000000000014 69.500000000000014 72.500000000000014 68.500000000000014 1.5000000000000002
decision_type=2 2 2 2 2 2 2 2 2 2 2
left_child=1 2 5 -4 -3 -1 7 9 -9 -2 -8
right_child=6 4 3 -5 -6 -7 10 8 -10 -11 -12
leaf_value=-0.0080631979976082038 0.0005488741251202826 0.06856434487787702 -0.081743192899196071 -0.02113627173844871 0.0022387265382207504 0.026842468208430448 0.018879560632605985 -0.080521098653925233 -0.015606735790794326 0.049162104487812899 0.027799312793260488
leaf_weight=12.366222159005707 192.4645385586191 1.5267559401690953 1.370671248063444 3.8389010499231517 1.720302991569042 2.8831177232787004 1.381997716613113 1.2703549037687469 2.8069825614802539 1.1542983185499895 1.3367378171533346
leaf_count=247 4007 21 76 122 20 69 24 54 120 21 19
internal_value=-0.000122398 -0.00451245 -0.0105335 -0.0370823 0.0334248 -0.00146376 0.000396878 8.23907e-05 -0.0358318 0.000838692 0.0232652
internal_weight=224.121 23.706 20.4589 5.20957 3.24706 15.2493 200.415 197.696 4.07734 193.619 2.71874
internal_count=4800 555 514 198 41 316 4245 4202 174 4028 43
is_linear=0
shrinkage=0.08


Tree=107
num_leaves=16
num_cat=0
split_feature=4 4 0 0 0 0 4 0 2 2 0 4 4 4 1
split_gain=0.072735 0.600892 1.00231 0.513813 0.403283 1.92963 1.05428 0.221668 1.805 0.997552 0.968899 3.57429 0.515096 0.505843 1.33848e-05
threshold=36.500000000000007 37.500000000000007 4.5000000000000009 7.5000000000000009 2.5000000000000004 4.5000000000000009 78.500000000000014 7.5000000000000009 1.0000000180025095e-35 1.5000000000000002 6.5000000000000009 10.500000000000002 30.500000000000004 21.500000000000004 1.5000000000000002
decision_type=2 2 2 2 2 2 2 2 2 2 2 2 2 2 2
left_child=7 2 14 -4 6 -6 -3 10 13 -10 12 -12 -1 -9 -2
right_child=1 4 3 -5 5 -7 -8 8 9 -11 11 -13 -14 -15 -16
leaf_value=-0.0013232923538941371 -0.082602700884833222 -0.0043016068747573181 0.032866557433601486 -0.036578730744383149 0.024919180521919167 -0.0057306648936777428 -0.078300867057566198 -0.0077906375969754331 0.011096705380539676 0.061786792662791128 0.15549138492784434 -0.035575242462995801 0.012569444048322546 -0.065170721624659533 -0.082125633054285996
leaf_weight=63.256091440096498 0.90432395320385583 38.886229135096073 1.3649601750075817 1.3625094536691904 18.941773512633517 42.965035258792341 1.2725217775441695 1.7723962320014863 13.637931230943652 3.0381997488439074 0.66945881536230345 9.7910087276250106 23.398026134818792 2.2084514480084181 0.64471749775111675
leaf_count=1387 32 797 29 18 507 1022 30 21 157 30 45 230 436 33 26
internal_value=-0.000117122 -0.00163381 -0.0310124 -0.00182489 -0.000402855 0.00364734 -0.00664644 0.00125237 0.00877777 0.0203319 -0.000348336 -0.0233472 0.00242797 -0.0396233 -0.0824041
internal_weight=224.114 106.342 4.27651 2.72747 102.066 61.9068 40.1588 117.772 20.657 16.6761 97.1146 10.4605 86.6541 3.98085 1.54904
internal_count=4800 2461 105 47 2356 1529 827 2339 241 187 2098 275 1823 54 58
is_linear=0
shrinkage=0.08


Tree=108
num_leaves=15
num_cat=0
split_feature=4 2 4 0 2 0 4 2 4 0 4 1 4 4
split_gain=0.0887012 0.729817 1.66269 0.399462 0.759002 0.717934 0.169828 0.5982 1.86298 0.606112 0.243229 1.12554 0.293694 0.0523148
threshold=9.5000000000000018 1.0000000180025095e-35 1.0000000180025095e-35 1.5000000000000002 1.5000000000000002 1.0000000180025095e-35 23.500000000000004 1.5000000000000002 13.500000000000002 5.5000000000000009 27.500000000000004 1.5000000000000002 28.500000000000004 3.5000000000000004
decision_type=2 2 2 2 2 2 2 2 2 2 2 2 2 2
left_child=1 2 -1 5 -5 -3 7 9 -9 -2 11 -8 -12 -4
right_child=6 3 13 4 -6 -7 10 8 -10 -11 12 -13 -14 -15
leaf_value=0.051730496229023794 0.00074943829856532248 -0.015541589708870335 -0.13288978884323652 -0.035856831310824545 0.035104955270162067 0.045989937861416016 -0.027889268220598132 0.074805787143944744 -0.049542492953466077 0.021134484374923015 0.020579673602554732 0.02070127464470381 -0.0006394682964285034 -0.097515151696005442
leaf_weight=0.59085072390735049 28.250808086246252 2.2623057216405851 0.54285855707712449 3.3211675342172384 1.3595507871359584 2.6179381720721722 8.8985604150220734 0.98095918446779151 3.6043252553790808 13.94162416923791 4.2955750720575443 4.6427819691598406 148.28763882722706 0.52759780129417777
leaf_count=20 471 42 15 170 27 30 214 21 85 198 92 160 3227 28
internal_value=-0.00012045 -0.00705247 -0.0559945 0.00145168 -0.0152454 0.0174661 0.000244943 0.0045029 -0.0229399 0.00748526 -0.000954022 -0.0112295 -4.20997e-05 -0.115455
internal_weight=224.125 11.2223 1.66131 9.56096 4.68072 4.88024 212.902 46.7777 4.58528 42.1924 166.125 13.5413 152.583 1.07046
internal_count=4800 332 63 269 197 72 4468 775 106 669 3693 374 3319 43
is_linear=0
shrinkage=0.08


Tree=109
num_leaves=15
num_cat=0
split_feature=4 4 4 0 0 2 2 2 4 4 1 0 0 4
split_gain=0.0771345 0.587918 0.93737 2.96969 0.721343 1.19114 0.720611 0.358891 3.59515 1.78495 0.943126 1.86163 0.791419 0.149566
threshold=57.500000000000007 52.500000000000007 51.500000000000007 2.5000000000000004 2.5000000000000004 1.5000000000000002 1.0000000180025095e-35 1.0000000180025095e-35 60.500000000000007 75.500000000000014 1.0000000180025095e-35 2.5000000000000004 6.5000000000000009 39.500000000000007
decision_type=2 2 2 2 2 2 2 2 2 2 2 2 2 2
left_child=1 2 13 -4 6 -6 -3 8 -2 -10 11 -9 -12 -1
right_child=7 4 3 -5 5 -7 -8 10 9 -11 12 -13 -14 -15
leaf_value=0.00087802186986180811 0.1076287365988864 0.0088345233399774389 0.11541681223142129 -0.023124911227375772 0.0064623624339034385 -0.089430210486236256 -0.066991610672200511 0.060190959638412124 -0.032439346755822482 0.053729549378862311 -0.023588228184235435 -0.011960406501137657 0.029378741898930544 -0.0045812468904876755
leaf_weight=132.13378953980282 2.1544624827802163 1.115228816866874 1.7878450639545906 2.2195104602724314 7.4017706010490638 0.93360273260623206 2.8570728925988078 3.8606159354094416 5.6861769687384367 2.1092211473733187 11.633715401869265 5.6208870008122176 2.1370560154318818 42.431587117258459
leaf_count=2631 28 22 30 38 192 31 82 52 103 38 311 107 78 1057
internal_value=-0.000117339 -0.00073637 0.000429227 0.0386842 -0.0176481 -0.00427808 -0.0457033 0.0034415 0.0161564 -0.0091244 -0.00199932 0.0174177 -0.0153684 -0.000448962
internal_weight=224.083 190.88 178.573 4.00736 12.3077 8.33537 3.9723 33.2021 9.94986 7.7954 23.2523 9.4815 13.7708 174.565
internal_count=4800 4083 3756 68 327 223 104 717 169 141 548 159 389 3688
is_linear=0
shrinkage=0.08


Tree=110
num_leaves=13
num_cat=0
split_feature=4 3 1 4 2 4 4 0 1 0 4 4
split_gain=0.0786974 0.761394 0.381794 1.92427 1.62867 0.139254 0.373165 0.99571 0.419911 0.304397 1.61876 0.527245
threshold=9.5000000000000018 1.0000000180025095e-35 1.0000000180025095e-35 1.0000000180025095e-35 1.5000000000000002 24.500000000000004 25.500000000000004 5.5000000000000009 1.5000000000000002 1.0000000180025095e-35 22.500000000000004 13.500000000000002
decision_type=2 2 2 2 2 2 2 2 2 2 2 2
left_child=1 2 4 -4 -1 9 7 -7 -8 10 -2 -11
right_child=5 -3 3 -5 -6 6 8 -9 -10 11 -12 -13
leaf_value=-0.026695953407967148 -0.00095149995124050874 0.064021269048310833 0.01253130499881344 -0.082559493085850685 0.077936896589812787 0.0021162456829820556 0.0024355744426500197 -0.091912827555810067 -0.0064140637813457323 -0.017947381476460609 0.10070521419880174 0.0054516192925478614
leaf_weight=3.2190893015358562 4.666956538334488 0.89570214785635549 3.2849784092977643 2.3266080683097243 1.3519437685608862 2.3001004755496974 108.36545628518797 1.0496842097491024 50.216877903323621 7.3685139380395404 1.2767805643379686 37.673500953242183
leaf_count=75 74 14 84 147 12 63 2085 30 1416 153 20 627
internal_value=-0.000118953 -0.00669279 -0.0129131 -0.0268941 0.0042506 0.00022309 -0.000924918 -0.0273486 -0.000366763 0.0038692 0.0208855 0.00162373
internal_weight=223.996 11.0783 10.1826 5.61159 4.57103 212.918 161.932 3.34978 158.582 50.9858 5.94374 45.042
internal_count=4800 332 318 231 87 4468 3594 93 3501 874 94 780
is_linear=0
shrinkage=0.08


Tree=111
num_leaves=13
num_cat=0
split_feature=0 4 4 4 4 4 0 4 4 1 4 1
split_gain=0.069105 0.774055 0.831125 1.86128 0.865205 0.237193 0.833347 1.57217 0.433605 1.59575 1.17029 0.303789
threshold=1.0000000180025095e-35 65.500000000000014 16.500000000000004 10.500000000000002 19.500000000000004 13.500000000000002 3.5000000000000004 11.500000000000002 15.500000000000002 1.5000000000000002 16.500000000000004 1.0000000180025095e-35
decision_type=2 2 2 2 2 2 2 2 2 2 2 2
left_child=1 2 3 -1 -4 6 11 -8 9 -7 -10 -2
right_child=5 -3 4 -5 -6 8 7 -9 10 -11 -12 -13
leaf_value=-0.023951913888710132 -0.0077109050015116533 0.031832835071917476 -0.085843684553068705 0.080212995170371754 -0.013454818900891159 0.054166668366324923 -0.0057123139367235079 -0.089424841165046565 -0.050790147044323261 -0.039199106967530532 0.0013186447466861906 0.022075836300040137
leaf_weight=2.5828234851360383 4.3080632821656746 3.2821940295398226 1.1387330871075381 1.9095410555601118 14.670316669624297 3.5863128472119561 5.0556035265326491 2.0053444560617208 2.8022083323448888 1.7399985566735265 176.29714153474197 4.4598400709219277
leaf_count=55 51 41 20 27 412 57 227 46 47 31 3676 110
internal_value=-0.000116699 -0.00421274 -0.0100403 0.0203248 -0.018669 0.000365684 -0.00903231 -0.0294871 0.00117229 0.023666 0.000503345 0.00744028
internal_weight=223.838 23.5836 20.3014 4.49236 15.809 200.255 15.8289 7.06095 184.426 5.32631 179.099 8.7679
internal_count=4800 555 514 82 432 4245 434 273 3811 88 3723 161
is_linear=0
shrinkage=0.08


Tree=112
num_leaves=9
num_cat=0
split_feature=4 0 0 4 1 4 0 4
split_gain=0.0705549 1.27967 2.79314 0.273616 0.826642 0.364126 0.761157 0.21216
threshold=78.500000000000014 2.5000000000000004 4.5000000000000009 75.500000000000014 1.5000000000000002 70.500000000000014 1.5000000000000002 65.500000000000014
decision_type=2 2 2 2 2 2 2 2
left_child=3 -2 -3 5 -5 7 -7 -1
right_child=1 2 -4 4 -6 6 -8 -9
leaf_value=-0.00029260496072962429 -0.077944087356403374 0.11530609071838535 -0.050789070343500935 -0.022653956440114979 0.084365759617299516 0.0082933764182766944 -0.082672353491895154 0.01416373816656696
leaf_weight=208.92469723476097 1.2376722623594099 1.1366598457098009 1.5071712764911351 0.92606208426877745 0.92164152208715677 1.3559642191976302 1.0404110515955833 6.705733527429401
leaf_count=4438 30 19 37 27 19 21 66 143
internal_value=-0.000116641 -0.0108085 0.0206201 7.21055e-05 0.0307279 -0.000187692 -0.0312003 0.000156962
internal_weight=223.756 3.8815 2.64383 219.875 1.8477 218.027 2.39638 215.63
internal_count=4800 86 56 4714 46 4668 87 4581
is_linear=0
shrinkage=0.08


Tree=113
num_leaves=12
num_cat=0
split_feature=4 4 4 0 2 1 4 0 4 4 0
split_gain=0.0682686 0.761869 0.458668 0.257948 0.23904 1.0162 1.09647 0.734408 1.44469 1.04186 0.200254
threshold=66.500000000000014 65.500000000000014 64.500000000000014 1.0000000180025095e-35 1.0000000180025095e-35 1.5000000000000002 69.500000000000014 4.5000000000000009 69.500000000000014 68.500000000000014 2.5000000000000004
decision_type=2 2 2 2 2 2 2 2 2 2 2
left_child=1 2 3 -1 5 6 -2 8 -6 -9 -4
right_child=4 -3 10 -5 7 -7 -8 9 -10 -11 -12
leaf_value=-0.0086486466778825898 0.040269195663522932 0.046610515023468045 -0.018031876260534842 0.00092360084355521288 -0.072504935497653925 0.046413135372133422 -0.072381106910802767 0.031052916898410846 0.022676077288859661 -0.088940318776680558 -0.085826077975335285
leaf_weight=19.928609953727573 0.9044951274991021 2.2424724437296382 0.56609206926077493 187.83886610693298 1.3246100377291439 2.295726403594017 1.4229249060153959 0.65857797022908959 4.4468113193288445 1.5602113509085027 0.54956734273582697
leaf_count=508 16 40 16 3889 36 34 40 15 100 81 25
internal_value=-0.000112885 0.000228681 -0.000269252 5.45143e-06 -0.0058301 0.00864828 -0.0286023 -0.0142073 0.0008309 -0.0533241 -0.0514269
internal_weight=223.739 211.126 208.883 207.767 12.6134 4.62315 2.32742 7.99021 5.77142 2.21879 1.11566
internal_count=4800 4478 4438 4397 322 90 56 232 136 96 41
is_linear=0
shrinkage=0.08


Tree=114
num_leaves=15
num_cat=0
split_feature=4 4 0 1 4 0 4 0 4 2 4 0 0 0
split_gain=0.0621283 0.32121 0.931515 0.388539 1.71757 0.904844 0.269628 0.976914 1.62292 0.923701 0.402352 5.02071 0.503067 0.121166
threshold=24.500000000000004 25.500000000000004 5.5000000000000009 1.5000000000000002 30.500000000000004 6.5000000000000009 19.500000000000004 2.5000000000000004 20.500000000000004 1.5000000000000002 17.500000000000004 3.5000000000000004 1.5000000000000002 1.5000000000000002
decision_type=2 2 2 2 2 2 2 2 2 2 2 2 2 2
left_child=6 2 13 5 -5 -3 10 8 -8 -9 12 -12 -1 -2
right_child=1 3 -4 4 -6 -7 7 9 -10 -11 11 -13 -14 -15
leaf_value=0.01341873487587115 0.021276363833014744 -0.0026914404686917415 -0.091053228673337067 -0.050692523456349899 -0.0013104648847750409 0.013037820441343963 0.10229060821603579 -0.009815206054206136 0.013167010106789881 0.052537160022067923 -0.11391912399406738 0.035168703685442594 -0.006875909337319768 -0.015511437809457594
leaf_weight=13.305089533329008 1.101142782717943 74.216494731372222 0.97942522261291731 5.009001024067401 45.042479905067012 34.189169836696237 1.6456926576793209 13.78132848627865 6.366118835285306 1.7091466477140791 2.3147864975035182 3.8501670975238085 18.951493989909068 1.1946544330567119
leaf_count=184 21 1631 30 171 1245 454 23 215 100 41 45 62 536 42
internal_value=-0.000109992 -0.000935031 -0.0257333 -0.000422464 -0.00625247 0.00226928 0.00204484 0.00879441 0.0314737 -0.00293554 -0.00208384 -0.0208101 0.00149516 0.00213325
internal_weight=223.656 161.732 3.27522 158.457 50.0515 108.406 61.9238 23.5023 8.01181 15.4905 38.4215 6.16495 32.2566 2.2958
internal_count=4800 3594 93 3501 1416 2085 1206 379 123 256 827 107 720 63
is_linear=0
shrinkage=0.08


Tree=115
num_leaves=14
num_cat=0
split_feature=4 4 2 0 0 0 4 0 4 2 0 4 1
split_gain=0.0679477 0.534672 1.01081 1.4263 0.337108 1.54794 0.940074 0.162142 1.60519 1.72187 0.884007 2.84034 0.483497
threshold=36.500000000000007 37.500000000000007 1.0000000180025095e-35 4.5000000000000009 2.5000000000000004 4.5000000000000009 78.500000000000014 7.5000000000000009 33.500000000000007 1.0000000180025095e-35 6.5000000000000009 10.500000000000002 1.5000000000000002
decision_type=2 2 2 2 2 2 2 2 2 2 2 2 2
left_child=7 2 -2 -4 6 -6 -3 10 9 -9 12 -12 -1
right_child=1 4 3 -5 5 -7 -8 8 -10 -11 11 -13 -14
leaf_value=-0.0021062252267758665 -0.085738072279989752 -0.0040183303656460287 -0.082254120724741323 0.038639217450195773 0.022002898310728828 -0.0052559839244788664 -0.076353194660040397 -0.052833823873730819 0.06437887265886752 0.01078323638044739 0.12682447435374081 -0.034177792855813391 0.010291578901013123
leaf_weight=54.424432243919 1.3774032965302456 38.712784603005275 0.94109059032052789 1.8570467531681059 19.388652289286256 42.685608348809183 1.1850638170726586 3.3492000084370437 2.7648937106132498 14.56104777404107 0.75697862636297841 9.5294947447255236 31.950499729719013
leaf_count=1087 36 797 38 31 507 1022 30 48 24 169 45 230 736
internal_value=-0.000111775 -0.00157839 -0.0296368 -0.00202054 -0.000429456 0.00325822 -0.00616685 0.00121499 0.00764517 -0.0011131 -0.000160382 -0.0223297 0.00247978
internal_weight=223.484 106.148 4.17554 2.79814 101.972 62.0743 39.8978 117.337 20.6751 17.9102 96.6614 10.2865 86.3749
internal_count=4800 2461 105 69 2356 1529 827 2339 241 217 2098 275 1823
is_linear=0
shrinkage=0.08


Tree=116
num_leaves=14
num_cat=0
split_feature=4 2 1 0 4 4 4 2 4 0 0 4 4
split_gain=0.0807795 0.6324 1.57918 0.396408 0.754167 0.627926 0.133568 0.521586 1.6492 0.641617 0.235527 2.48302 0.893018
threshold=9.5000000000000018 1.0000000180025095e-35 1.5000000000000002 1.5000000000000002 1.5000000000000002 1.5000000000000002 23.500000000000004 1.5000000000000002 13.500000000000002 3.5000000000000004 5.5000000000000009 25.500000000000004 40.500000000000007
decision_type=2 2 2 2 2 2 2 2 2 2 2 2 2
left_child=1 2 -1 5 -5 -3 7 9 -9 -2 12 -12 -8
right_child=6 3 -4 4 -6 -7 10 8 -10 -11 11 -13 -14
leaf_value=-0.11525149218694543 -0.0037082449501521964 0.041649476144285193 0.048246092483650145 -0.049310544011865354 0.015480436435766059 -0.017100896404248243 0.0092925578554713065 0.067608273885316011 -0.047577143582460561 0.016020648163650814 -0.089477538438863843 -0.0017095473602238968 -0.0054425395300067292
leaf_weight=0.99619694449938723 19.868692730553448 2.8013667650520784 0.6093511451035738 2.2119487985037267 2.3944424716755748 1.992379725910723 49.349913534708321 1.0261415187269438 3.5398748684674501 22.49378343205899 2.13942718040198 57.70605134521611 56.41348986630328
leaf_count=29 301 31 34 83 114 41 1079 21 85 368 60 1178 1376
internal_value=-0.000114957 -0.00679792 -0.0531995 0.00112749 -0.0156316 0.0172316 0.000231102 0.00399854 -0.021691 0.00676748 -0.000836475 -0.00484718 0.00143296
internal_weight=223.543 11.0057 1.60555 9.40014 4.60639 4.79375 212.537 46.9285 4.56602 42.3625 165.609 59.8455 105.763
internal_count=4800 332 63 269 197 72 4468 775 106 669 3693 1238 2455
is_linear=0
shrinkage=0.08


Tree=117
num_leaves=13
num_cat=0
split_feature=4 3 1 4 2 4 1 0 3 0 4 4
split_gain=0.0698893 0.634786 0.353269 1.79594 1.31389 0.116505 0.271484 1.55905 0.990409 0.234308 1.79832 0.436383
threshold=9.5000000000000018 1.0000000180025095e-35 1.0000000180025095e-35 1.0000000180025095e-35 1.5000000000000002 24.500000000000004 1.5000000000000002 7.5000000000000009 1.0000000180025095e-35 1.0000000180025095e-35 13.500000000000002 13.500000000000002
decision_type=2 2 2 2 2 2 2 2 2 2 2 2
left_child=1 2 4 -4 -1 9 8 -8 -7 10 -2 -11
right_child=5 -3 3 -5 -6 6 7 -9 -10 11 -12 -13
leaf_value=-0.024001914007081588 0.10405116361020006 0.056380454200613078 0.011100435601435515 -0.082352792520464235 0.07040335287873789 0.0022850175538367476 -0.0012408109401988653 -0.049863346053605366 -0.061316170919452316 -0.016401741906675513 -0.0038172139950884728 0.0050015092368988368
leaf_weight=3.1373689074534887 1.244110234081744 0.94330029934644777 3.3282248312607408 2.1768972163554281 1.3492771703749893 109.2050114790909 46.082664417801425 4.6460026996210209 1.5897947044577438 7.2700319560244671 4.8264369126409292 37.771905188448727
leaf_count=75 16 14 84 147 12 2075 1296 155 68 153 78 627
internal_value=-0.000114242 -0.00635152 -0.0122739 -0.0258539 0.00438875 0.000206518 -0.000846873 -0.00569392 0.0013724 0.0035354 0.0182895 0.0015469
internal_weight=223.571 10.9351 9.99177 5.50512 4.48665 212.636 161.523 50.7287 110.795 51.1125 6.07055 45.0419
internal_count=4800 332 318 231 87 4468 3594 1451 2143 874 94 780
is_linear=0
shrinkage=0.08


Tree=118
num_leaves=15
num_cat=0
split_feature=4 4 0 4 4 4 0 0 1 4 4 4 0 4
split_gain=0.0730352 0.504272 1.09434 2.03593 1.6198 0.320797 2.16676 0.302898 0.897593 1.76646 1.21064 0.543606 0.9602 0.115441
threshold=57.500000000000007 53.500000000000007 6.5000000000000009 55.500000000000007 54.500000000000007 51.500000000000007 6.5000000000000009 3.5000000000000004 1.5000000000000002 62.500000000000007 62.500000000000007 88.500000000000014 5.5000000000000009 39.500000000000007
decision_type=2 2 2 2 2 2 2 2 2 2 2 2 2 2
left_child=1 5 4 -4 -3 13 -7 8 10 -10 -2 12 -9 -1
right_child=7 2 3 -5 -6 6 -8 11 9 -11 -12 -13 -14 -15
leaf_value=0.00070611776184234369 -0.048362328276040423 -0.10643374360150552 0.075019689428901859 -0.048694115622341737 -0.013327904119343176 0.043309507725640808 -0.057760035434732168 -0.042939128595781466 0.067305693685902709 -0.0074939473351106345 0.013508527626910743 0.039392679118635025 0.0034503400803410876 -0.0040991295912704883
leaf_weight=131.84772823704407 2.9793657436966896 1.6721977721899728 1.8179667247459295 1.6011733151972292 4.1983158248476684 5.2063219808042041 1.8363575423136351 3.9943137599620941 4.0650734417140484 4.0177084561437368 6.3125229002907872 1.6039478722959764 10.017153764143584 42.250414027832448
leaf_count=2631 52 50 34 31 130 122 28 147 45 94 129 14 236 1057
internal_value=-0.000113151 -0.000715181 -0.0188939 0.0170849 -0.0398488 0.000217098 0.0169559 0.00336198 0.0106291 0.030125 -0.00632984 -0.00472392 -0.00977412 -0.000460027
internal_weight=223.421 190.43 9.28965 3.41914 5.87051 181.141 7.04268 32.9901 17.3747 8.08278 9.29189 15.6154 14.0115 174.098
internal_count=4800 4083 245 65 180 3838 150 717 320 139 181 397 383 3688
is_linear=0
shrinkage=0.08


Tree=119
num_leaves=13
num_cat=0
split_feature=4 2 3 1 1 4 1 0 3 1 4 4
split_gain=0.0620228 0.55832 2.28352 1.47257 0.802087 0.0942986 0.26663 1.37274 0.879326 0.225031 2.36077 1.93881
threshold=9.5000000000000018 1.0000000180025095e-35 1.0000000180025095e-35 1.5000000000000002 1.0000000180025095e-35 24.500000000000004 1.5000000000000002 7.5000000000000009 1.0000000180025095e-35 1.5000000000000002 21.500000000000004 23.500000000000004
decision_type=2 2 2 2 2 2 2 2 2 2 2 2
left_child=1 3 4 -1 -3 9 8 -8 -7 11 -11 -2
right_child=5 2 -4 -5 -6 6 7 -9 -10 10 -12 -13
leaf_value=-0.11469423308338046 0.0044110201452959453 0.016707190426122079 0.14284242171609449 0.044048691676224799 -0.032329163910975768 0.0022737506473034723 -0.0014893280047910274 -0.048076060807304317 -0.059142126188512043 -0.010860184921628749 0.049361074034539508 -0.073337799993490216
leaf_weight=0.92379597690887638 30.811367153190076 3.959142704494294 0.67726847343146879 0.62840270530432463 4.6330732733476907 109.24189653387293 46.165098203113303 4.4370947517454615 1.5126578877679993 11.859540732577445 6.4222125299274913 2.199226942844688
leaf_count=29 482 70 11 34 188 2075 1296 155 68 237 105 50
internal_value=-0.000114023 -0.00602201 0.00141383 -0.0504277 -0.00973407 0.000186634 -0.000763191 -0.00557432 0.00143495 0.00317462 0.010295 -0.00076875
internal_weight=223.471 10.8217 9.26948 1.5522 8.59222 212.649 161.357 50.6022 110.755 51.2923 18.2818 33.0106
internal_count=4800 332 269 63 258 4468 3594 1451 2143 874 342 532
is_linear=0
shrinkage=0.08


Tree=120
num_leaves=15
num_cat=0
split_feature=4 4 4 0 0 2 2 2 4 4 1 0 4 0
split_gain=0.0645474 0.46036 0.730687 2.12757 0.547217 1.10336 0.619712 0.276773 2.7015 1.48146 0.835757 1.63335 0.83405 0.112825
threshold=57.500000000000007 52.500000000000007 51.500000000000007 2.5000000000000004 2.5000000000000004 1.5000000000000002 1.0000000180025095e-35 1.0000000180025095e-35 60.500000000000007 75.500000000000014 1.0000000180025095e-35 2.5000000000000004 84.500000000000014 1.0000000180025095e-35
decision_type=2 2 2 2 2 2 2 2 2 2 2 2 2 2
left_child=1 2 13 -4 6 -6 -3 8 -2 -10 11 -9 -12 -1
right_child=7 4 3 -5 5 -7 -8 10 9 -11 12 -13 -14 -15
leaf_value=-0.0065752536847174014 0.089397825553146598 0.010157071180256187 0.093809194916737795 -0.02090467144189781 0.0059871530879123044 -0.089137470612848463 -0.060307578453781714 0.056630341423853092 -0.03059218501285851 0.047187311788418132 -0.0091979146776535407 -0.011211074129721759 -0.089892701836394737 0.00023339821101058911
leaf_weight=17.29569194233045 2.3458386287093145 1.1155307106673711 1.9689566520974029 2.1808257810771465 7.4025843017734569 0.8723561568185686 2.8131425301544368 3.8532576621510088 5.546821576077491 2.1844714544713497 12.668553578900172 5.5321261184290051 0.87646349333226758 156.67519809619989
leaf_count=428 28 22 30 38 192 31 82 52 103 38 372 107 17 3260
internal_value=-0.000115615 -0.000682002 0.000347859 0.0335239 -0.0157136 -0.00404102 -0.0402994 0.00315022 0.0142007 -0.00861564 -0.00170611 0.0166419 -0.0144195 -0.000443499
internal_weight=223.332 190.324 178.121 4.14978 12.2036 8.27494 3.92867 33.0075 10.0771 7.73129 22.9304 9.38538 13.545 173.971
internal_count=4800 4083 3756 68 327 223 104 717 169 141 548 159 389 3688
is_linear=0
shrinkage=0.08


Tree=121
num_leaves=14
num_cat=0
split_feature=0 4 1 4 4 4 0 4 4 1 4 1 4
split_gain=0.0595668 0.657722 2.23062 1.29741 0.471456 0.194193 0.789542 1.45292 0.349677 1.30517 1.02282 0.258592 0.000833139
threshold=1.0000000180025095e-35 61.500000000000007 1.5000000000000002 52.500000000000007 13.500000000000002 13.500000000000002 3.5000000000000004 11.500000000000002 15.500000000000002 1.5000000000000002 16.500000000000004 1.0000000180025095e-35 57.500000000000007
decision_type=2 2 2 2 2 2 2 2 2 2 2 2 2
left_child=1 3 -3 4 -1 6 11 -8 9 -7 -10 -2 -5
right_child=5 2 -4 12 -6 8 7 -9 10 -11 -12 -13 -14
leaf_value=0.021150029670257756 -0.0063965241341293793 -0.024144167751482856 0.094155950192954446 -0.081506158829572947 -0.010994460074348638 0.047843220718787292 -0.0061051195683011769 -0.088925089727763459 -0.048523021866920292 -0.037291340241061476 0.0012017473745009413 0.021165308060122259 -0.085506196408200466
leaf_weight=3.6813720478676357 4.2495413194410485 2.4697894509881726 1.7378543019294737 0.538230541627853 14.122665531933306 3.6816385444253674 5.0049829747294998 1.8592632524669168 2.6878832411020985 1.6776423975825308 176.15652632433921 4.4704983704723418 0.87503129057586193
leaf_count=67 51 38 25 37 370 57 227 46 47 31 3676 110 18
internal_value=-0.000115155 -0.00393176 0.0247165 -0.0102043 -0.00434789 0.000332339 -0.00824253 -0.0285379 0.0010578 0.0211931 0.000454425 0.00773359 -0.0839828
internal_weight=223.213 23.4249 4.20764 19.2173 17.804 199.788 15.5843 6.86425 184.204 5.35928 178.844 8.72004 1.41326
internal_count=4800 555 63 492 437 4245 434 273 3811 88 3723 161 55
is_linear=0
shrinkage=0.08


Tree=122
num_leaves=11
num_cat=0
split_feature=4 4 1 1 4 4 0 4 4 0
split_gain=0.0670076 0.931725 0.725898 1.36788 0.898854 0.211594 0.590864 0.280751 0.665128 0.246353
threshold=70.500000000000014 72.500000000000014 1.5000000000000002 1.0000000180025095e-35 77.500000000000014 68.500000000000014 2.5000000000000004 66.500000000000014 65.500000000000014 6.5000000000000009
decision_type=2 2 2 2 2 2 2 2 2 2
left_child=5 -2 3 -3 -4 7 -7 8 -1 -9
right_child=1 2 4 -5 -6 6 -8 9 -10 -11
leaf_value=-0.00027431211536311253 -0.086895447244289631 0.014809779983824911 0.099636526961266195 -0.084518381674390422 0.0047388675343043411 -0.01343477424844826 0.069997087829582749 -0.048568973721537873 0.043123764370725917 0.0066876458980342406
leaf_weight=208.45676394901238 0.84216119744814832 2.4135747812688351 0.8638398828916255 1.4032047460787 2.4519515396095812 1.1821218049153679 1.0052074657287446 1.4121426204219454 2.2849621195346108 0.81405488029122341
leaf_count=4438 36 52 28 54 49 17 30 43 40 13
internal_value=-0.000114959 -0.00731593 0.00208023 -0.0217073 0.0294619 0.000151945 0.0249071 -0.000102308 0.00019623 -0.0283633
internal_weight=223.13 7.97473 7.13257 3.81678 3.31579 215.155 2.18733 212.968 210.742 2.2262
internal_count=4800 219 183 106 77 4581 47 4534 4478 56
is_linear=0
shrinkage=0.08


Tree=123
num_leaves=14
num_cat=0
split_feature=4 2 3 4 1 4 1 0 3 1 4 4 4
split_gain=0.0607397 0.476489 1.7173 1.3737 0.728392 0.0945896 0.256107 1.21349 0.772049 0.21277 1.85202 1.73895 0.0444133
threshold=9.5000000000000018 1.0000000180025095e-35 1.0000000180025095e-35 1.0000000180025095e-35 1.0000000180025095e-35 24.500000000000004 1.5000000000000002 7.5000000000000009 1.0000000180025095e-35 1.5000000000000002 21.500000000000004 23.500000000000004 3.5000000000000004
decision_type=2 2 2 2 2 2 2 2 2 2 2 2 2
left_child=1 3 4 -1 -3 9 8 -8 -7 11 -11 -2 -5
right_child=5 2 -4 12 -6 6 7 -9 -10 10 -12 -13 -14
leaf_value=0.043183888451377384 0.0041102959659775661 0.015618351648669575 0.11651591888366027 -0.12829395729374241 -0.031271400299907451 0.002156454791926127 -0.0017262365432610966 -0.046389111367148156 -0.056837616769220708 -0.0092091565867431242 0.0436520113345788 -0.071485182621946738 -0.0926148686774005
leaf_weight=0.62871547229587921 30.84373248834163 3.9739173804409766 0.75461842119693834 0.46416367136407644 4.5454754221718758 109.17130515305325 46.236890012631193 4.2513146279379717 1.4384440009016533 11.613943459466102 6.6825146544724694 2.0787469446659079 0.43027276080101728
leaf_count=20 482 70 11 15 188 2075 1296 155 68 237 105 50 28
internal_value=-0.000111326 -0.00596462 0.000846205 -0.0474337 -0.00939942 0.000186337 -0.000765778 -0.00548703 0.00138926 0.00318101 0.0100976 -0.000662852 -0.11113
internal_weight=223.114 10.7972 9.27401 1.52315 8.51939 212.317 161.098 50.4882 110.61 51.2189 18.2965 32.9225 0.894436
internal_count=4800 332 269 63 258 4468 3594 1451 2143 874 342 532 43
is_linear=0
shrinkage=0.08


Tree=124
num_leaves=16
num_cat=0
split_feature=0 1 2 0 1 4 4 2 0 4 4 4 4 4 4
split_gain=0.0576274 1.45253 2.76848 1.78628 1.09629 2.65589 0.947003 0.836452 0.372801 1.09255 5.90366 0.486114 0.764554 0.756452 0.000286823
threshold=6.5000000000000009 1.5000000000000002 1.0000000180025095e-35 7.5000000000000009 1.0000000180025095e-35 33.500000000000007 63.500000000000007 1.0000000180025095e-35 5.5000000000000009 15.500000000000002 19.500000000000004 40.500000000000007 30.500000000000004 59.500000000000007 12.500000000000002
decision_type=2 2 2 2 2 2 2 2 2 2 2 2 2 2 2
left_child=8 4 3 -3 7 -6 -4 -2 11 14 -11 12 -1 -13 -10
right_child=1 2 6 -5 5 -7 -8 -9 9 10 -12 13 -14 -15 -16
leaf_value=-0.0015091585353638381 -0.023471910005453737 0.074868860720460492 -0.054081058351103738 -0.034677320744511977 -0.0086273547056770258 0.064743170025723593 0.049444607343220204 0.0076486462062776307 -0.081941507565087474 0.20072550899507005 -0.016751714109286327 -0.01197441218683788 0.013818544436377214 0.0076373760639902293 -0.084362303766385746
leaf_weight=56.399491949006915 7.0102581069804719 2.4979267730377588 8.1854054329451156 1.5399590351153163 6.1962902108207327 6.4384571416303515 0.60747164068743664 26.132515296339989 0.72176814393606281 0.83927074633538978 16.593548771925271 37.218014585319906 33.021653556730598 19.019554174039513 0.5534196924418211
leaf_count=1200 78 58 282 48 135 165 28 239 48 16 468 957 646 419 13
internal_value=-0.000111438 0.00204235 -0.0217465 0.0330904 0.00871001 0.028761 -0.0469288 0.00106612 -0.000879417 -0.0115105 -0.00628168 0.000486006 0.00415109 -0.0053417 -0.0829921
internal_weight=222.975 58.6083 12.8308 4.03789 45.7775 12.6347 8.79288 33.1428 164.367 18.708 17.4328 145.659 89.4211 56.2376 1.27519
internal_count=4800 1033 416 106 617 300 310 317 3767 545 484 3222 1846 1376 61
is_linear=0
shrinkage=0.08


Tree=125
num_leaves=11
num_cat=0
split_feature=4 4 1 1 0 4 0 4 4 0
split_gain=0.0749173 0.836704 0.597763 1.2703 0.744504 0.171075 0.482122 0.25852 0.517705 0.206938
threshold=70.500000000000014 72.500000000000014 1.5000000000000002 1.0000000180025095e-35 1.5000000000000002 68.500000000000014 2.5000000000000004 66.500000000000014 65.500000000000014 6.5000000000000009
decision_type=2 2 2 2 2 2 2 2 2 2
left_child=5 -2 3 -3 -4 7 -7 8 -1 -9
right_child=1 2 4 -5 -6 6 -8 9 -10 -11
leaf_value=-0.00021047482645346934 -0.086392932043101126 0.013126260242017187 0.088480830903606852 -0.084259503179543851 0.0031113794941047702 -0.013081776817525459 0.061186386888201466 -0.046363891704898921 0.037375134852591987 0.0041036460006833968
leaf_weight=208.20127201685682 0.78080832026898761 2.4256268586032093 0.87750529032200608 1.3257556541357192 2.564520416315645 1.1797704827040427 1.0638625903520731 1.3753348216414445 2.3721334896981707 0.8361123353242873
leaf_count=4438 36 52 13 54 64 17 30 43 40 13
internal_value=-0.000123494 -0.00773779 0.000799828 -0.0212903 0.0248753 0.000158878 0.0221339 -7.28298e-05 0.000212931 -0.0272829
internal_weight=223.003 7.97422 7.19341 3.75138 3.44203 215.028 2.24363 212.785 210.573 2.21145
internal_count=4800 219 183 106 77 4581 47 4534 4478 56
is_linear=0
shrinkage=0.08


Tree=126
num_leaves=12
num_cat=0
split_feature=4 0 0 4 0 4 1 4 0 2 4
split_gain=0.0728698 0.716393 0.917634 0.882036 0.271383 0.242251 1.81905 0.271683 1.09402 0.179552 0.0118655
threshold=76.500000000000014 4.5000000000000009 2.5000000000000004 79.500000000000014 7.5000000000000009 72.500000000000014 1.5000000000000002 69.500000000000014 1.0000000180025095e-35 1.5000000000000002 74.500000000000014
decision_type=2 2 2 2 2 2 2 2 2 2 2
left_child=5 2 3 -2 -3 7 10 9 -9 -1 -7
right_child=1 4 -4 -5 -6 6 -8 8 -10 -11 -12
leaf_value=0.0010011632224241451 0.029243368064653486 -0.085803702564777068 0.056474461543953566 -0.075911860671535672 -0.02085090103716682 -0.042608793004182036 0.12493172210402696 0.062143637033605571 -0.077582565327667552 -0.0058788209535641511 -0.026343184843223112
leaf_weight=186.2455849244725 0.99263861030340184 0.81905899732373633 1.5711120604537425 1.0510738347657023 0.8277310449630022 0.60083323204889783 0.75564608629792918 0.52912674099206825 1.1130065203178672 27.915860177949071 0.54956796951591969
leaf_count=3889 16 33 30 26 13 23 23 6 54 668 19
internal_value=-0.000118233 -0.00942114 0.0105031 -0.0248376 -0.0531563 0.0001066 0.0285019 -0.000144197 -0.0325601 0.00010436 -0.0348384
internal_weight=222.971 5.26161 3.61482 2.04371 1.64679 217.71 1.90605 215.804 1.64213 214.161 1.1504
internal_count=4800 118 72 42 46 4682 65 4617 60 4557 42
is_linear=0
shrinkage=0.08


Tree=127
num_leaves=11
num_cat=0
split_feature=4 4 1 1 4 4 0 4 4 0
split_gain=0.0697012 0.776812 0.417658 1.2168 0.562787 0.16969 0.384184 0.221969 0.427188 0.183412
threshold=70.500000000000014 72.500000000000014 1.5000000000000002 1.0000000180025095e-35 85.500000000000014 68.500000000000014 2.5000000000000004 66.500000000000014 65.500000000000014 6.5000000000000009
decision_type=2 2 2 2 2 2 2 2 2 2
left_child=5 -2 3 -3 -4 7 -7 8 -1 -9
right_child=1 2 4 -5 -6 6 -8 9 -10 -11
leaf_value=-0.00020278193878299979 -0.086395881697518565 0.014304871319797557 0.041431924119796994 -0.083952945055518605 -0.026916712407548064 -0.0095500092851812969 0.055969828439316416 -0.043841715667797355 0.033506886088069336 0.0038692045986708379
leaf_weight=208.18544185161591 0.72527467855252226 2.4021470095030963 2.4452032656408851 1.214383368380368 1.1260967440903185 1.1973154153674834 1.0980264742393044 1.3400804903358214 2.4340978134423485 0.83822001516818989
leaf_count=4438 36 52 62 54 15 17 30 43 40 13
internal_value=-0.000113872 -0.00748767 0.000474413 -0.0186888 0.0198803 0.000157404 0.0217928 -7.5966e-05 0.000186796 -0.0254823
internal_weight=223.006 7.91311 7.18783 3.61653 3.5713 215.093 2.29534 212.798 210.62 2.1783
internal_count=4800 219 183 106 77 4581 47 4534 4478 56
is_linear=0
shrinkage=0.08


Tree=128
num_leaves=12
num_cat=0
split_feature=4 0 0 4 2 4 1 4 0 2 4
split_gain=0.0631382 0.628171 0.768728 0.784352 0.360693 0.186776 1.24514 0.198869 1.02022 0.152832 0.0107233
threshold=76.500000000000014 4.5000000000000009 2.5000000000000004 79.500000000000014 1.0000000180025095e-35 72.500000000000014 1.5000000000000002 69.500000000000014 1.0000000180025095e-35 1.5000000000000002 74.500000000000014
decision_type=2 2 2 2 2 2 2 2 2 2 2
left_child=5 2 3 -2 -3 7 10 9 -9 -1 -7
right_child=1 4 -4 -5 -6 6 -8 8 -10 -11 -12
leaf_value=0.00091097230170495965 0.026335658364428194 -0.018471113252143515 0.05017825448479081 -0.073954562908867802 -0.096196857924051318 -0.03939416352099135 0.096250385372248212 0.063369556495098289 -0.072518300601169913 -0.0054470560983002278 -0.023608884600618538
leaf_weight=186.39972659409977 0.99764964217320018 0.90944502875208832 1.6325582545250652 0.99868644960224628 0.65898635378107429 0.57244310551322886 0.86866463348269451 0.52500788494944473 1.0830595905426887 27.805774393258616 0.53082812763750553
leaf_count=3889 16 15 30 26 31 23 23 6 54 668 19
internal_value=-0.000108781 -0.00882292 0.00946163 -0.0238355 -0.0511281 9.91773e-05 0.0246084 -0.000124769 -0.0281531 8.56438e-05 -0.0317992
internal_weight=222.983 5.19733 3.62889 1.99634 1.56843 217.786 1.97194 215.814 1.60807 214.206 1.10327
internal_count=4800 118 72 42 46 4682 65 4617 60 4557 42
is_linear=0
shrinkage=0.08


Tree=129
num_leaves=11
num_cat=0
split_feature=4 4 0 2 0 4 0 4 4 0
split_gain=0.0646865 0.726946 0.355683 1.16439 0.3479 0.166559 0.305745 0.190276 0.353617 0.16196
threshold=70.500000000000014 72.500000000000014 4.5000000000000009 1.0000000180025095e-35 3.5000000000000004 68.500000000000014 2.5000000000000004 66.500000000000014 65.500000000000014 6.5000000000000009
decision_type=2 2 2 2 2 2 2 2 2 2
left_child=5 -2 4 -4 -3 7 -7 8 -1 -9
right_child=1 2 3 -5 -6 6 -8 9 -10 -11
leaf_value=-0.00019413250371166132 -0.086415853270879792 0.0014267073803775926 0.024791504786531502 -0.090663858688466659 0.053852919402098597 -0.0064923420381879093 0.051312200150788377 -0.041361125327970802 0.030129792324004232 0.0036472806829901715
leaf_weight=208.1681790787261 0.67801131727173825 3.8979413607157767 1.2717201872728767 0.99758644704706956 1.0226269657723603 1.2154755424708121 1.1301077655516563 1.3086214670911425 2.4906189404427996 0.84021569602191437
leaf_count=4438 36 85 25 53 20 17 30 43 40 13
internal_value=-0.000104072 -0.00722881 0.000238598 -0.0259626 0.0123223 0.00015647 0.021358 -7.7215e-05 0.000164387 -0.0237624
internal_weight=223.021 7.86789 7.18987 2.26931 4.92057 215.153 2.34558 212.808 210.659 2.14884
internal_count=4800 219 183 78 105 4581 47 4534 4478 56
is_linear=0
shrinkage=0.08


Tree=130
num_leaves=12
num_cat=0
split_feature=4 0 0 4 0 4 1 4 0 2 4
split_gain=0.059938 0.507065 0.58385 0.902556 0.305402 0.16265 0.972678 0.142861 0.950162 0.130047 0.00998901
threshold=76.500000000000014 4.5000000000000009 2.5000000000000004 78.500000000000014 7.5000000000000009 72.500000000000014 1.5000000000000002 69.500000000000014 1.0000000180025095e-35 1.5000000000000002 74.500000000000014
decision_type=2 2 2 2 2 2 2 2 2 2 2
left_child=5 2 3 -2 -3 7 10 9 -9 -1 -7
right_child=1 4 -4 -5 -6 6 -8 8 -10 -11 -12
leaf_value=0.00082838000025086138 0.036023241737591701 -0.085517499034732825 0.041350277906673991 -0.072847522861715877 -0.012976938656257654 -0.036539013923238273 0.082499225408722912 0.064280656255298441 -0.067608787931611333 -0.0050456388717843156 -0.021117103818780875
leaf_weight=186.54179816925898 0.9062677994370455 0.71879536146298029 1.7190743708051739 1.0542605945374814 0.76864018850028515 0.55575549532659285 0.93381890188902605 0.52186998724937339 1.058967435150407 27.70426137954928 0.52058631367981434
leaf_count=3889 12 33 30 30 13 23 23 6 54 668 19
internal_value=-9.90197e-05 -0.0086149 0.0073189 -0.0225213 -0.0480318 0.000102975 0.0227541 -0.000107992 -0.0240691 6.88078e-05 -0.02908
internal_weight=223.004 5.16704 3.6796 1.96053 1.48744 217.837 2.01016 215.827 1.58084 214.246 1.07634
internal_count=4800 118 72 42 46 4682 65 4617 60 4557 42
is_linear=0
shrinkage=0.08


Tree=131
num_leaves=9
num_cat=0
split_feature=4 4 0 4 1 4 1 2
split_gain=0.0630029 0.408689 0.881713 0.132848 0.771198 0.120818 0.075088 0.000682862
threshold=83.500000000000014 76.500000000000014 1.5000000000000002 72.500000000000014 1.5000000000000002 69.500000000000014 1.5000000000000002 1.0000000180025095e-35
decision_type=2 2 2 2 2 2 2 2
left_child=1 3 -3 5 -5 -1 -2 -4
right_child=6 2 7 4 -6 -7 -8 -9
leaf_value=6.3194149054697003e-05 0.00034648366426830022 0.018025506050536634 -0.085685958463004419 -0.027102611781005252 0.070821167143713309 -0.022054865281302245 0.02607602524938785 -0.081582498508420309
leaf_weight=214.25408512877766 1.6733649000525466 1.0440866323187941 0.70999104017391779 1.0631225330289447 0.99781998433172692 1.5923303810413916 1.2820980735123158 0.40909356344491243
leaf_count=4557 28 14 19 42 23 60 19 38
internal_value=-9.46292e-05 -0.00025045 -0.034852 9.30411e-05 0.0203079 -9.9974e-05 0.0115081 -0.0841859
internal_weight=223.026 220.071 2.16317 217.907 2.06094 215.846 2.95546 1.11908
internal_count=4800 4753 71 4682 65 4617 47 57
is_linear=0
shrinkage=0.08


Tree=132
num_leaves=13
num_cat=0
split_feature=4 2 0 1 4 4 0 4 4 0 0 4
split_gain=0.059072 0.34684 0.906955 0.717082 0.315401 0.173116 0.23924 0.162858 0.293507 0.142522 0.132382 0.0121381
threshold=70.500000000000014 1.0000000180025095e-35 4.5000000000000009 1.0000000180025095e-35 87.500000000000014 68.500000000000014 2.5000000000000004 66.500000000000014 65.500000000000014 6.5000000000000009 6.5000000000000009 88.500000000000014
decision_type=2 2 2 2 2 2 2 2 2 2 2 2
left_child=5 4 3 -3 10 7 -7 8 -1 -9 -2 -4
right_child=1 2 11 -5 -6 6 -8 9 -10 -11 -12 -13
leaf_value=-0.00018980884118717953 -0.020326726436587953 0.041871501571005491 -0.082173641999450264 -0.028166625775751606 0.053788920757208231 -0.0028868187431929488 0.047744581849273812 -0.038939866366140607 0.027157760166290245 0.0034320869076899141 0.023597948829450325 -0.10055024183803588
leaf_weight=208.15876533905976 1.1356759071350091 1.4608146016253156 0.57143597886897612 2.6020685834810138 0.92856617644429196 1.2369588688015931 1.154946409165859 1.2806074516847723 2.5423392411321393 0.84214510954916466 0.71597168268635858 0.38504054583609104
leaf_count=4438 39 21 58 71 8 17 30 43 40 13 15 7
internal_value=-8.92825e-05 -0.00692864 -0.0194841 -0.00298433 0.0157389 0.000158581 0.0215609 -8.19575e-05 0.000140169 -0.0221299 -0.00334249 -0.0895714
internal_weight=223.015 7.79957 5.01936 4.06288 2.78021 215.216 2.39191 212.824 210.701 2.12275 1.85165 0.956477
internal_count=4800 219 157 92 62 4581 47 4534 4478 56 54 65
is_linear=0
shrinkage=0.08


Tree=133
num_leaves=14
num_cat=0
split_feature=4 1 0 4 0 0 4 0 4 0 0 4 4
split_gain=0.0539389 0.544826 0.675304 1.83622 1.3483 0.632533 2.63049 1.56154 0.440455 1.35324 0.355395 0.826775 0.319009
threshold=46.500000000000007 1.0000000180025095e-35 5.5000000000000009 55.500000000000007 1.5000000000000002 7.5000000000000009 67.500000000000014 6.5000000000000009 45.500000000000007 4.5000000000000009 5.5000000000000009 30.500000000000004 22.500000000000004
decision_type=2 2 2 2 2 2 2 2 2 2 2 2 2
left_child=8 2 4 -4 -2 7 -7 -3 10 -10 12 -12 -1
right_child=1 5 3 -5 -6 6 -8 -9 9 -11 11 -13 -14
leaf_value=-0.0036633644911428244 0.020706525394079085 -0.007589491473627385 0.058702069591815918 -0.0044988255671984173 -0.024371533332688836 -0.082599952719389871 0.07348433805524876 0.048174742619604062 -0.092204241190649142 0.020892837656495026 0.0041015788154929299 -0.015703105873277896 0.0057364294585820728
leaf_weight=35.461988545022905 9.1753983590751904 28.547147666336969 5.4696474298834818 6.3667474165558815 7.9052704952191553 2.4035100536420937 0.96988094877451647 3.6215363449882707 1.2895722431130701 1.4256306234747169 27.630819728481583 26.361439538188279 66.323946144897491
leaf_count=715 93 809 60 82 209 94 24 112 37 35 569 488 1473
internal_value=-8.46786e-05 0.0018665 0.0100205 0.0247066 -0.000156489 -0.0047676 -0.0377243 -0.00131158 -0.000878223 -0.0328221 -0.000321444 -0.00556796 0.00246156
internal_weight=222.953 64.4591 28.9171 11.8364 17.0807 35.5421 3.37339 32.1687 158.493 2.7152 155.778 53.9923 101.786
internal_count=4800 1483 444 142 302 1039 118 921 3317 72 3245 1057 2188
is_linear=0
shrinkage=0.08


Tree=134
num_leaves=12
num_cat=0
split_feature=4 2 0 0 1 4 0 4 4 0 4
split_gain=0.0586727 0.28632 0.855492 0.673752 0.278224 0.131972 0.182366 0.152343 0.257 0.113714 0.00944116
threshold=70.500000000000014 1.0000000180025095e-35 4.5000000000000009 1.0000000180025095e-35 1.5000000000000002 68.500000000000014 2.5000000000000004 66.500000000000014 65.500000000000014 6.5000000000000009 88.500000000000014
decision_type=2 2 2 2 2 2 2 2 2 2 2
left_child=5 4 3 -3 -2 7 -7 8 -1 -9 -4
right_child=1 2 10 -5 -6 6 -8 9 -10 -11 -12
leaf_value=-0.00015076157735191789 -0.021335422925786149 -0.042177229138111713 -0.082042925921517962 0.024725084815742777 0.03151104657699786 -0.0030523224762027119 0.040748645197060313 -0.036928772443652419 0.025288153063441836 0.00085571736640571423 -0.098677095821988414
leaf_weight=207.83732820418663 0.97190446080639881 1.6319849938154223 0.54178087238688011 2.3514960574684665 1.8535859687253833 1.2259926870465272 1.2075567657593635 1.2446298273280256 2.5731149781495324 0.86337547004222859 0.36582956090569496
leaf_count=4438 38 20 58 72 24 17 30 43 40 13 7
internal_value=-8.79861e-05 -0.00694187 -0.0186543 -0.002684 0.0133331 0.000158062 0.0186822 -5.40584e-05 0.000160332 -0.0214534 -0.0887476
internal_weight=222.669 7.71658 4.89109 3.98348 2.82549 214.952 2.43355 212.518 210.41 2.10801 0.90761
internal_count=4800 219 157 92 62 4581 47 4534 4478 56 65
is_linear=0
shrinkage=0.08


Tree=135
num_leaves=9
num_cat=0
split_feature=4 4 0 4 1 4 1 2
split_gain=0.0516167 0.362197 0.844251 0.1261 0.623062 0.108994 0.0836221 0.000609247
threshold=83.500000000000014 76.500000000000014 1.5000000000000002 72.500000000000014 1.5000000000000002 69.500000000000014 1.0000000180025095e-35 1.0000000180025095e-35
decision_type=2 2 2 2 2 2 2 2
left_child=1 3 -3 5 -5 -1 -2 -4
right_child=6 2 7 4 -6 -7 -8 -9
leaf_value=5.8430970711291203e-05 0.025772283645106413 0.018488610795870903 -0.085501394646026616 -0.025542781253988067 0.06306807085760309 -0.021036144506666021 -0.0013658507465656371 -0.081450878118337525
leaf_weight=214.01500526687596 1.2840175521560004 1.0102394325658672 0.67892550677061059 0.9897876644972704 1.043013600166887 1.5791882991325099 1.674138299189508 0.36565603176131845
leaf_count=4557 16 14 19 42 23 60 31 38
internal_value=-8.33845e-05 -0.000224735 -0.0336546 9.09078e-05 0.0199227 -9.6083e-05 0.0104137 -0.0840835
internal_weight=222.64 219.682 2.05482 217.627 2.0328 215.594 2.95816 1.04458
internal_count=4800 4753 71 4682 65 4617 47 57
is_linear=0
shrinkage=0.08


Tree=136
num_leaves=12
num_cat=0
split_feature=0 4 4 4 4 4 4 4 0 2 1
split_gain=0.0524994 0.589819 0.613637 2.32876 0.397333 0.393947 0.227605 0.669716 0.464055 0.268717 0.000515863
threshold=1.0000000180025095e-35 65.500000000000014 13.500000000000002 10.500000000000002 52.500000000000007 72.500000000000014 83.500000000000014 69.500000000000014 1.5000000000000002 1.5000000000000002 1.5000000000000002
decision_type=2 2 2 2 2 2 2 2 2 2 2
left_child=1 2 3 -1 -4 -3 7 9 -9 -2 -8
right_child=6 5 4 -5 -6 -7 10 8 -10 -11 -12
leaf_value=-0.022779938542545654 0.0018209926232198453 0.055494846472262646 -0.010632324252449445 0.11361095405241566 -0.047285161092263113 0.00036438765093380884 0.024967684673455032 0.0061051538990902852 -0.053095412333031201 -0.0071608965414824248 0.022715372839966025
leaf_weight=2.5221464582718975 168.5558965933742 1.6365993730723851 14.054082261398436 1.1741743236780164 2.1874807355925432 1.6821613386273382 1.3009129990823558 1.2754917028360062 2.5249771451344714 24.404115264536813 1.3023487776517868
leaf_count=55 3443 21 370 12 77 20 24 23 151 585 19
internal_value=-7.86641e-05 -0.00367561 -0.00887347 0.020546 -0.0155689 0.0275512 0.000340936 3.00165e-05 -0.0332269 0.000685032 0.0238409
internal_weight=222.62 23.2566 19.9379 3.69632 16.2416 3.31876 199.364 196.76 3.80047 192.96 2.60326
internal_count=4800 555 514 67 447 41 4245 4202 174 4028 43
is_linear=0
shrinkage=0.08


Tree=137
num_leaves=14
num_cat=0
split_feature=4 1 0 4 0 0 4 0 4 0 0 4 4
split_gain=0.0477716 0.465779 0.558746 1.46113 1.18845 0.551996 2.43806 1.28361 0.381459 1.21267 0.305239 0.709707 0.284503
threshold=46.500000000000007 1.0000000180025095e-35 5.5000000000000009 55.500000000000007 1.5000000000000002 7.5000000000000009 67.500000000000014 6.5000000000000009 45.500000000000007 4.5000000000000009 5.5000000000000009 30.500000000000004 22.500000000000004
decision_type=2 2 2 2 2 2 2 2 2 2 2 2 2
left_child=8 2 4 -4 -2 7 -7 -3 10 -10 12 -12 -1
right_child=1 5 3 -5 -6 6 -8 -9 9 -11 11 -13 -14
leaf_value=-0.0035275073545873088 0.019537034597891176 -0.0070623884256712901 0.052026651363323496 -0.0039301406180495668 -0.023120484775884482 -0.082408534800255479 0.068334328151177015 0.042615057654511873 -0.089201287667912424 0.018807581925133481 0.0037259630232047169 -0.01466055784421158 0.0053491298763813054
leaf_weight=35.414957204600796 9.0856961309909838 28.329670831677504 5.6629634313285369 6.3189374608919024 7.7414709741715333 2.228702212683856 0.99245207291096438 3.7720842023845753 1.2294086902402335 1.4498528838157652 27.725196526036598 26.068590524140745 66.499764552339911
leaf_count=715 93 809 60 82 209 94 24 112 37 35 569 488 1473
internal_value=-7.79511e-05 0.00176415 0.00931345 0.0225165 -8.78937e-05 -0.00439299 -0.035964 -0.00122509 -0.000823828 -0.0307535 -0.000308831 -0.00518419 0.00226453
internal_weight=222.52 64.132 28.8091 11.9819 16.8272 35.3229 3.22115 32.1018 158.388 2.67926 155.709 53.7938 101.915
internal_count=4800 1483 444 142 302 1039 118 921 3317 72 3245 1057 2188
is_linear=0
shrinkage=0.08


Tree=138
num_leaves=15
num_cat=0
split_feature=4 2 0 0 4 4 4 0 1 4 4 0 0 4
split_gain=0.052856 0.281075 0.791346 0.620106 0.374186 0.122707 0.118127 0.426869 0.758634 0.408813 0.571055 0.454578 0.305422 0.00825106
threshold=70.500000000000014 1.0000000180025095e-35 4.5000000000000009 1.0000000180025095e-35 88.500000000000014 76.500000000000014 57.500000000000007 3.5000000000000004 1.5000000000000002 52.500000000000007 51.500000000000007 2.5000000000000004 2.5000000000000004 88.500000000000014
decision_type=2 2 2 2 2 2 2 2 2 2 2 2 2 2
left_child=6 4 3 -3 5 -2 9 12 -9 10 -1 -11 -8 -4
right_child=1 2 13 -5 -6 -7 7 8 -10 11 -12 -13 -14 -15
leaf_value=-0.00027662674350953972 0.018935782489243019 -0.041527778267234972 -0.081838941649319902 0.022983291170510258 0.056506823481426577 -0.02263439659752409 0.0084288079300849188 0.0068358628849254609 -0.0379873890268798 -0.037879363112416541 0.029495345818723789 -0.0042860702254878223 0.037008461453662982 -0.097836668401349858
leaf_weight=173.2807838920271 0.74537137290462796 1.6110085397958758 0.49145939445588727 2.3369862575782463 0.88550557941198338 1.1643406436778603 9.9577610064297932 8.7483568647876364 3.3389356862753621 3.7605249350890508 4.2237884839996687 8.1982906651683134 3.1502117048948994 0.35565296933054924
leaf_count=3688 28 20 58 72 6 28 169 173 107 104 68 223 49 7
internal_value=-8.03797e-05 -0.00664125 -0.0183951 -0.00334093 0.0135221 -0.00640932 0.000151612 0.00529789 -0.0055459 -0.000532751 0.000431809 -0.0148497 0.0152973 -0.0885555
internal_weight=222.249 7.59032 4.79511 3.94799 2.79522 1.90971 214.659 25.1953 12.0873 189.463 177.505 11.9588 13.108 0.847112
internal_count=4800 219 157 92 62 56 4581 498 280 4083 3756 327 218 65
is_linear=0
shrinkage=0.08


Tree=139
num_leaves=13
num_cat=0
split_feature=4 2 0 1 4 4 4 0 4 4 0 4
split_gain=0.0459144 0.241977 0.736804 0.545182 0.308861 0.104702 0.102827 0.160232 0.151639 0.192371 0.0960145 0.00653986
threshold=70.500000000000014 1.0000000180025095e-35 4.5000000000000009 1.0000000180025095e-35 88.500000000000014 76.500000000000014 68.500000000000014 2.5000000000000004 66.500000000000014 65.500000000000014 6.5000000000000009 88.500000000000014
decision_type=2 2 2 2 2 2 2 2 2 2 2 2
left_child=6 4 3 -3 5 -2 8 -8 9 -1 -10 -4
right_child=1 2 11 -5 -6 -7 7 -9 10 -11 -12 -13
leaf_value=-0.00011024690367326344 0.017140230610722101 0.036590011108286448 -0.081698745017300678 -0.025548220939976902 0.050856942306400831 -0.021212478544087469 -0.0040598061357348001 0.036702065979121325 -0.035913202788715876 0.021641211632744829 -0.001293458304407335 -0.096459188105180213
leaf_weight=207.53242441907059 0.75706220231950228 1.4139191106660294 0.45442113594617684 2.5039994162507355 0.90433054417371739 1.1438733697868881 1.2314302027225488 1.2373494540806858 1.2238898873329156 2.6352615524083367 0.88232729025185097 0.33280629385262728
leaf_count=4438 28 21 58 71 6 28 17 30 43 40 13 7
internal_value=-7.78062e-05 -0.00622628 -0.0173141 -0.00312345 0.0123708 -0.00593822 0.000137231 0.01637 -5.15589e-05 0.000162491 -0.0214105 -0.0879388
internal_weight=222.253 7.51041 4.70515 3.91792 2.80527 1.90094 214.743 2.46878 212.274 210.168 2.10622 0.787227
internal_count=4800 219 157 92 62 56 4581 47 4534 4478 56 65
is_linear=0
shrinkage=0.08


Tree=140
num_leaves=8
num_cat=0
split_feature=4 4 1 4 0 4 4
split_gain=0.0469496 0.0995478 0.637816 0.240336 0.68406 0.20992 0.0927528
threshold=84.500000000000014 75.500000000000014 1.5000000000000002 70.500000000000014 1.5000000000000002 77.500000000000014 57.500000000000007
decision_type=2 2 2 2 2 2 2
left_child=1 3 5 6 -5 -3 -1
right_child=-2 2 -4 4 -6 -7 -8
leaf_value=-0.00048205966425188528 -0.010692803369633311 -0.0073919491912407291 0.043406868953799103 0.010020616068051583 -0.083760404404128616 -0.085071641827720965 0.004673355022003273
leaf_weight=189.45836995076388 2.6329613057896486 0.55711731454357427 1.7752216069493443 1.2541502742096775 0.82539958006236691 0.37086043052840978 25.319527049083263
leaf_count=4083 40 21 43 21 66 28 498
internal_value=-7.35231e-05 5.38228e-05 0.0153111 -0.000136364 -0.0272023 -0.0384361 0.000125697
internal_weight=222.194 219.561 2.7032 216.857 2.07955 0.927978 214.778
internal_count=4800 4760 92 4668 87 49 4581
is_linear=0
shrinkage=0.08


Tree=141
num_leaves=14
num_cat=0
split_feature=0 4 1 4 4 4 0 4 4 0 4 4 4
split_gain=0.0445669 0.548435 1.37207 1.1492 0.387632 0.210832 1.17984 1.22449 0.362251 1.05902 0.250303 0.184581 0.000414298
threshold=1.0000000180025095e-35 61.500000000000007 1.5000000000000002 52.500000000000007 13.500000000000002 64.500000000000014 7.5000000000000009 75.500000000000014 62.500000000000007 6.5000000000000009 68.500000000000014 60.500000000000007 59.500000000000007
decision_type=2 2 2 2 2 2 2 2 2 2 2 2 2
left_child=1 3 -3 4 -1 8 7 -7 11 -10 -8 -2 -5
right_child=5 2 -4 12 -6 6 10 -9 9 -11 -12 -13 -14
leaf_value=0.018902908559044699 0.00089655307800976208 -0.019317137410302242 0.072381216461450487 -0.082453352567663687 -0.010102266188330293 -0.045059948537754815 0.060476405436141766 0.014736626222898182 0.058311378562398861 -0.032274026508127933 0.011778210065944091 -0.015249707190213289 -0.085472723899030698
leaf_weight=3.7385883033275702 178.62117872422095 2.276976289227604 1.9290637895464895 0.77721538371406385 13.959050557110457 6.0006241252413002 1.384217627346515 3.4528697050409392 2.3225914370268579 1.2818310987204311 1.3193128164857624 4.6492514926940194 0.46476460807025433
leaf_count=67 3732 38 25 45 370 207 18 103 57 23 28 77 10
internal_value=-6.9577e-05 -0.00339214 0.0227395 -0.00919536 -0.00397499 0.000316807 -0.00989161 -0.0232194 0.000980909 0.0260967 0.0367119 0.000486951 -0.0835832
internal_weight=222.178 23.1457 4.20604 18.9396 17.6976 199.032 12.157 9.45349 186.875 3.60442 2.70353 183.27 1.24198
internal_count=4800 555 63 492 437 4245 356 310 3889 80 46 3809 55
is_linear=0
shrinkage=0.08


Tree=142
num_leaves=11
num_cat=0
split_feature=4 1 0 2 4 1 4 0 0 4
split_gain=0.0564095 0.397328 0.65132 0.620278 0.169408 0.547756 0.0881133 0.813516 0.0963464 0.00989748
threshold=76.500000000000014 1.0000000180025095e-35 4.5000000000000009 1.0000000180025095e-35 72.500000000000014 1.5000000000000002 69.500000000000014 1.0000000180025095e-35 1.0000000180025095e-35 74.500000000000014
decision_type=2 2 2 2 2 2 2 2 2 2
left_child=4 -2 3 -3 6 9 8 -8 -1 -6
right_child=1 2 -4 -5 5 -7 7 -9 -10 -11
leaf_value=-0.005117468047017697 0.025349386873442886 0.042396655566034752 -0.086644629437440321 -0.03725708096500429 -0.02975447692426593 0.0635492910706109 0.061377208522046631 -0.060598131891108971 0.0006058078289641549 -0.013009708427453578
leaf_weight=20.860349307768047 1.5250164316967119 1.0691855521872646 0.80515289143659163 1.5083787410985676 0.47150758805218962 1.0310098114423454 0.53074736148118873 1.0272813135525209 192.89772210188676 0.4337317761965096
leaf_count=529 31 15 31 41 23 23 6 54 4028 19
internal_value=-7.06375e-05 -0.00855218 -0.0238359 -0.00421634 0.000120961 0.0236786 -9.08839e-05 -0.0190468 4.72814e-05 -0.0217315
internal_weight=222.16 4.90773 3.38272 2.57756 217.252 1.93625 215.316 1.55803 213.758 0.905239
internal_count=4800 118 87 56 4682 65 4617 60 4557 42
is_linear=0
shrinkage=0.08


Tree=143
num_leaves=13
num_cat=0
split_feature=4 2 0 0 4 4 4 0 4 4 0 4
split_gain=0.0508344 0.199331 0.660044 0.594049 0.272585 0.13064 0.128738 0.132437 0.127429 0.163063 0.0676007 0.00559321
threshold=70.500000000000014 1.0000000180025095e-35 4.5000000000000009 1.0000000180025095e-35 88.500000000000014 76.500000000000014 68.500000000000014 2.5000000000000004 66.500000000000014 65.500000000000014 1.5000000000000002 88.500000000000014
decision_type=2 2 2 2 2 2 2 2 2 2 2 2
left_child=6 4 3 -3 5 -2 8 -8 9 -1 -10 -4
right_child=1 2 11 -5 -6 -7 7 -9 10 -11 -12 -13
leaf_value=-0.00011038745179533012 0.019374833341299021 -0.041477731523341284 -0.081593273191952156 0.0220145575817196 0.046212094262010686 -0.023744198164554971 -4.115779792727002e-05 0.036907602233395946 -5.9692804012884282e-05 0.019881495258849097 -0.030213171035511657 -0.095933638072149191
leaf_weight=207.49566855176818 0.73387593636289183 1.5936708562076094 0.40319717652164389 2.3102979098912328 0.91051108390092839 1.1612938297912476 1.2530751293525093 1.2305370869580654 0.73091392964124624 2.6443979311734429 1.3634762326255438 0.30630854144692421
leaf_count=4438 28 20 58 72 6 28 17 30 16 40 40 7
internal_value=-6.75622e-05 -0.00657808 -0.0168041 -0.00390415 0.0102369 -0.007047 0.000157396 0.0182656 -5.451e-05 0.00014119 -0.01969 -0.0877843
internal_weight=222.137 7.41916 4.61347 3.90397 2.80568 1.89517 214.718 2.48361 212.234 210.14 2.09439 0.709506
internal_count=4800 219 157 92 62 56 4581 47 4534 4478 56 65
is_linear=0
shrinkage=0.08


Tree=144
num_leaves=8
num_cat=0
split_feature=4 4 1 4 0 1 4
split_gain=0.0501841 0.0773076 0.491201 0.215091 0.615992 0.190295 0.107207
threshold=84.500000000000014 75.500000000000014 1.5000000000000002 70.500000000000014 1.5000000000000002 1.0000000180025095e-35 68.500000000000014
decision_type=2 2 2 2 2 2 2
left_child=1 3 5 6 -5 -3 -1
right_child=-2 2 -4 4 -6 -7 -8
leaf_value=-5.0475185035203922e-05 -0.011122926196675122 -0.0056287256919133012 0.036745543950500503 0.0075370528079444958 -0.083689367051347274 -0.0823513385610979 0.016554105700360654
leaf_weight=212.22075859771576 2.5955578186549237 0.51582157798111361 1.8484584698453546 1.2899286048486822 0.74864021490793664 0.34547050500987098 2.5180880455300203
leaf_count=4534 40 22 43 21 66 27 47
internal_value=-6.42063e-05 6.65692e-05 0.0134954 -0.000101294 -0.0259648 -0.0364027 0.000144235
internal_weight=222.083 219.487 2.70975 216.777 2.03857 0.861292 214.739
internal_count=4800 4760 92 4668 87 49 4581
is_linear=0
shrinkage=0.08


Tree=145
num_leaves=11
num_cat=0
split_feature=4 1 4 4 4 1 4 0 2 4
split_gain=0.0473924 0.36247 0.19642 0.288585 0.172812 0.461828 0.0755716 0.722981 0.0913489 0.00914868
threshold=76.500000000000014 1.0000000180025095e-35 84.500000000000014 79.500000000000014 72.500000000000014 1.5000000000000002 69.500000000000014 1.0000000180025095e-35 1.5000000000000002 74.500000000000014
decision_type=2 2 2 2 2 2 2 2 2 2
left_child=4 -2 3 -3 6 9 8 -8 -1 -6
right_child=1 2 -4 -5 5 -7 7 -9 -10 -11
leaf_value=0.00066300434516922829 0.024540266560816027 -0.028498947666454409 -0.045138548572860079 0.037590265875273372 -0.027122156280022045 0.059656827379662464 0.056559304704486772 -0.057529067372413839 -0.0042810742115399654 -0.010668813167601965
leaf_weight=186.32559028663673 1.5106638127472241 1.2278438595822079 1.4266661051660776 0.64498150954023015 0.45050061168148992 1.0514773032628 0.54669590666890044 1.016394581121858 27.43956095026806 0.41601920477114618
leaf_count=3889 31 29 26 32 23 23 6 54 668 19
internal_value=-6.07484e-05 -0.00791508 -0.0227747 -0.00573851 0.000113158 0.0240203 -9.979e-05 -0.0176263 2.8367e-05 -0.0192228
internal_weight=222.056 4.81016 3.29949 1.87283 217.246 1.918 215.328 1.56309 213.765 0.86652
internal_count=4800 118 87 61 4682 65 4617 60 4557 42
is_linear=0
shrinkage=0.08


Tree=146
num_leaves=13
num_cat=0
split_feature=4 2 0 0 4 4 4 4 4 0 0 4
split_gain=0.0422639 0.18437 0.602587 0.543523 0.255195 0.125538 0.106272 0.109527 0.136603 0.102903 0.0732599 0.00460854
threshold=70.500000000000014 1.0000000180025095e-35 4.5000000000000009 1.0000000180025095e-35 88.500000000000014 76.500000000000014 68.500000000000014 66.500000000000014 65.500000000000014 2.5000000000000004 6.5000000000000009 88.500000000000014
decision_type=2 2 2 2 2 2 2 2 2 2 2 2
left_child=6 4 3 -3 5 -2 7 8 -1 -8 -9 -4
right_child=1 2 11 -5 -6 -7 9 10 -10 -11 -12 -13
leaf_value=-0.00010035520237350959 0.019346767302599717 -0.040571322373200401 -0.081486787892906754 0.020460164072904231 0.044897399055268065 -0.023126104077045299 0.00037007178607187234 -0.031355043085196974 0.018081852887586874 0.032554715060454036 -0.0008321616119373235 -0.09509096768689132
leaf_weight=207.47658437490463 0.7261318177916104 1.5620421878993513 0.36427992570679624 2.3222553275991231 0.9108581319451331 1.1519203977659342 1.2763106902129941 1.1861020741052919 2.6786630339920512 1.2668729729484765 0.87417696230113495 0.28331139497458935
leaf_count=4438 28 20 58 72 6 28 17 43 40 30 13 7
internal_value=-5.75001e-05 -0.00603496 -0.0159944 -0.00408321 0.0101488 -0.00670435 0.000146262 -4.85539e-05 0.000131397 0.0164027 -0.0184042 -0.0874384
internal_weight=222.08 7.3208 4.53189 3.8843 2.78891 1.87805 214.759 212.216 210.155 2.54318 2.06028 0.647591
internal_count=4800 219 157 92 62 56 4581 4534 4478 47 56 65
is_linear=0
shrinkage=0.08


Tree=147
num_leaves=16
num_cat=0
split_feature=0 1 4 4 4 1 4 2 0 4 4 4 0 4 4
split_gain=0.0412773 1.30443 2.15942 5.13124 1.87352 1.04835 2.35283 0.791876 0.281388 1.05029 4.11884 0.36599 0.695349 0.606458 0.000232639
threshold=6.5000000000000009 1.5000000000000002 14.500000000000002 9.5000000000000018 63.500000000000007 1.0000000180025095e-35 33.500000000000007 1.0000000180025095e-35 5.5000000000000009 15.500000000000002 19.500000000000004 40.500000000000007 3.5000000000000004 37.500000000000007 12.500000000000002
decision_type=2 2 2 2 2 2 2 2 2 2 2 2 2 2 2
left_child=8 5 3 -3 -4 7 -7 -2 11 14 -11 13 -13 -1 -10
right_child=1 2 4 -5 -6 6 -8 -9 9 10 -12 12 -14 -15 -16
leaf_value=0.0012085507626766923 -0.023546203957169689 -0.082311653676252927 -0.043460215480332111 0.30608344973379292 0.047166857788476804 -0.0080693044695660538 0.060686800218887157 0.0068814637390348255 -0.081802889862759229 0.15202052583362927 -0.014799717872894953 0.00045440976467115519 -0.020379725096058007 0.021483244246857391 -0.084061170604682434
leaf_weight=79.042365109547973 6.9226283843163392 0.46326839737594028 9.9577826941385847 0.41068842820823193 1.7107008199673135 6.1555064152926189 6.601170681649819 26.157496509607881 0.6718247096287111 1.0063207559287572 16.132960567309055 42.006753559457138 13.562820164603179 10.723137477412818 0.51632049679756165
leaf_count=1642 78 38 325 11 42 135 165 239 48 16 468 929 447 204 13
internal_value=-5.46667e-05 0.00177164 -0.0210889 0.100202 -0.0301735 0.00802703 0.0275098 0.000513911 -0.00070612 -0.0100473 -0.00500499 0.000471849 -0.00463056 0.00363051 -0.0827842
internal_weight=222.042 58.3792 12.5424 0.873957 11.6685 45.8368 12.7567 33.0801 163.663 18.3274 17.1393 145.335 55.5696 89.7655 1.18815
internal_count=4800 1033 416 49 367 617 300 317 3767 545 484 3222 1376 1846 61
is_linear=0
shrinkage=0.08


Tree=148
num_leaves=14
num_cat=0
split_feature=4 1 0 4 0 0 0 0 4 0 0 4 4
split_gain=0.0430687 0.431586 0.532904 2.24121 1.03522 0.449198 1.27469 1.1348 0.31881 1.09487 0.241029 0.619979 0.240174
threshold=46.500000000000007 1.0000000180025095e-35 7.5000000000000009 67.500000000000014 6.5000000000000009 5.5000000000000009 6.5000000000000009 1.5000000000000002 45.500000000000007 4.5000000000000009 5.5000000000000009 30.500000000000004 22.500000000000004
decision_type=2 2 2 2 2 2 2 2 2 2 2 2 2
left_child=8 5 4 -4 -3 7 -7 -2 10 -10 12 -12 -1
right_child=1 2 3 -5 -6 6 -8 -9 9 -11 11 -13 -14
leaf_value=-0.0033653729093010183 0.019630625528323283 -0.0065557497187929276 -0.08238738831829695 0.062513964855373638 0.037397935457049912 0.079898431054594113 0.0092746814977430793 -0.02229533325221458 -0.085950926098486161 0.017863376904871272 0.0036366090365493571 -0.013606454571857924 0.0047890971263788631
leaf_weight=35.362896187696606 9.034058680757882 28.047081231605265 2.1233289903029795 1.0072077857330439 3.9071731816511592 1.952964196912945 10.06561533396598 7.6140236199717028 1.1726444154046469 1.4592490978538988 27.717281175195239 25.737196759786457 66.747903031762689
leaf_count=715 93 809 94 24 112 49 93 209 37 35 569 488 1473
internal_value=-7.30089e-05 0.00168248 -0.00426739 -0.0357673 -0.00118136 0.00896446 0.0207507 0.00045573 -0.00078045 -0.0283913 -0.000313323 -0.00466556 0.00196505
internal_weight=221.949 63.7515 35.0848 3.13054 31.9543 28.6667 12.0186 16.6481 158.197 2.63189 155.565 53.4545 102.111
internal_count=4800 1483 1039 118 921 444 142 302 3317 72 3245 1057 2188
is_linear=0
shrinkage=0.08


Tree=149
num_leaves=15
num_cat=0
split_feature=4 1 1 0 4 0 4 0 1 4 0 4 0 4
split_gain=0.046479 0.183415 0.927639 0.4292 0.428049 0.514596 0.0820186 0.431097 0.659537 0.348954 0.721616 0.223783 0.21813 0.00099976
threshold=70.500000000000014 1.0000000180025095e-35 1.5000000000000002 1.0000000180025095e-35 88.500000000000014 1.5000000000000002 57.500000000000007 3.5000000000000004 1.5000000000000002 53.500000000000007 6.5000000000000009 46.500000000000007 2.5000000000000004 87.500000000000014
decision_type=2 2 2 2 2 2 2 2 2 2 2 2 2 2
left_child=6 4 13 -4 5 -2 9 12 -9 11 -11 -1 -8 -3
right_child=1 2 3 -5 -6 -7 7 8 -10 10 -12 -13 -14 -15
leaf_value=-0.00072072851998964847 0.022528958595712325 -0.082356541698707902 0.044559880933776774 -0.013697792239825082 0.052430306286968674 -0.083405602298582904 0.0085159320067408305 0.0047729883552657931 -0.03742499357269332 -0.033957694498475764 0.012673781442328239 0.0078921139899037693 0.032346424198420584 -0.087934511388212275
leaf_weight=158.12096169451252 0.75978317111730509 0.70501909079030145 1.1113787963986395 2.9780996913905255 0.97751896455883969 0.47817639925051481 10.015403203200551 8.8630583998747152 3.2359524359926573 5.4722179225645942 3.4710487183183432 21.992261166218668 3.2579145336057982 0.29033590573817492
leaf_count=3317 8 61 9 82 8 45 169 173 107 180 65 521 49 6
internal_value=-7.54845e-05 -0.00635285 -0.014723 0.00213463 0.0128578 -0.0183895 0.000138231 0.00440914 -0.00651311 -0.000434946 -0.0158591 0.00033092 0.0143651 -0.0839836
internal_weight=221.729 7.30031 5.08483 4.08948 2.21548 1.23796 214.429 25.3723 12.099 189.056 8.94327 180.113 13.2733 0.995355
internal_count=4800 219 158 91 61 53 4581 498 280 4083 245 3838 218 67
is_linear=0
shrinkage=0.08


end of trees

feature_importances:
age=943
facility_enc=443
acuity_enc=193
bleeding_enc=159
pregnant=41

parameters:
[boosting: gbdt]
[objective: binary]
[metric: binary_logloss]
[tree_learner: serial]
[device_type: cpu]
[data_sample_strategy: bagging]
[data: ]
[valid: ]
[num_iterations: 150]
[learning_rate: 0.08]
[num_leaves: 31]
[num_threads: 16]
[seed: 0]
[deterministic: 0]
[force_col_wise: 0]
[force_row_wise: 0]
[histogram_pool_size: -1]
[max_depth: 4]
[min_data_in_leaf: 20]
[min_sum_hessian_in_leaf: 0.001]
[bagging_fraction: 1]
[pos_bagging_fraction: 1]
[neg_bagging_fraction: 1]
[bagging_freq: 0]
[bagging_seed: 3]
[bagging_by_query: 0]
[feature_fraction: 1]
[feature_fraction_bynode: 1]
[feature_fraction_seed: 2]
[extra_trees: 0]
[extra_seed: 6]
[early_stopping_round: 0]
[early_stopping_min_delta: 0]
[first_metric_only: 0]
[max_delta_step: 0]
[lambda_l1: 0]
[lambda_l2: 0]
[linear_lambda: 0]
[min_gain_to_split: 0]
[drop_rate: 0.1]
[max_drop: 50]
[skip_drop: 0.5]
[xgboost_dart_mode: 0]
[uniform_drop: 0]
[drop_seed: 4]
[top_rate: 0.2]
[other_rate: 0.1]
[min_data_per_group: 100]
[max_cat_threshold: 32]
[cat_l2: 10]
[cat_smooth: 10]
[max_cat_to_onehot: 4]
[top_k: 20]
[monotone_constraints: ]
[monotone_constraints_method: basic]
[monotone_penalty: 0]
[feature_contri: ]
[forcedsplits_filename: ]
[refit_decay_rate: 0.9]
[cegb_tradeoff: 1]
[cegb_penalty_split: 0]
[cegb_penalty_feature_lazy: ]
[cegb_penalty_feature_coupled: ]
[path_smooth: 0]
[interaction_constraints: ]
[verbosity: -1]
[saved_feature_importance_type: 0]
[use_quantized_grad: 0]
[num_grad_quant_bins: 4]
[quant_train_renew_leaf: 0]
[stochastic_rounding: 1]
[linear_tree: 0]
[max_bin: 255]
[max_bin_by_feature: ]
[min_data_in_bin: 3]
[bin_construct_sample_cnt: 200000]
[data_random_seed: 1]
[is_enable_sparse: 1]
[enable_bundle: 1]
[use_missing: 1]
[zero_as_missing: 0]
[feature_pre_filter: 1]
[pre_partition: 0]
[two_round: 0]
[header: 0]
[label_column: ]
[weight_column: ]
[group_column: ]
[ignore_column: ]
[categorical_feature: ]
[forcedbins_filename: ]
[precise_float_parser: 0]
[parser_config_file: ]
[objective_seed: 5]
[num_class: 1]
[is_unbalance: 0]
[scale_pos_weight: 1]
[sigmoid: 1]
[boost_from_average: 1]
[reg_sqrt: 0]
[alpha: 0.9]
[fair_c: 1]
[poisson_max_delta_step: 0.7]
[tweedie_variance_power: 1.5]
[lambdarank_truncation_level: 30]
[lambdarank_norm: 1]
[label_gain: ]
[lambdarank_position_bias_regularization: 0]
[eval_at: ]
[multi_error_top_k: 1]
[auc_mu_weights: ]
[num_machines: 1]
[local_listen_port: 12400]
[time_out: 120]
[machine_list_filename: ]
[machines: ]
[gpu_platform_id: -1]
[gpu_device_id: -1]
[gpu_use_dp: 0]
[num_gpu: 1]

end of parameters

pandas_categorical:[]
