tree
version=v4
num_class=1
num_tree_per_iteration=1
label_index=0
max_feature_idx=4
objective=binary sigmoid:1
feature_names=facility_enc acuity_enc bleeding_enc pregnant age
feature_infos=[0:8] [0:2] [0:2] [0:1] [0:90]
tree_sizes=1772 1803 1809 1810 1814 1811 1811 1807 1816 1812 1810 1812 1819 1819 1821 1820 1826 1823 1821 1826 1825 1825 1823 1722 1714 1619 1419 1834 1620 1830 1819 1829 1730 1831 1412 1725 1726 1201 1425 1432 1322 1731 1208 1619 996 1835 990 1501 1629 1099 1426 1734 1426 997 1316 1626 1730 1618 1622 1430 1313 1512 1428 1632 1630 1513 999 1841 1511 993 1735 1519 1103 1841 1302 1003 1505 1418 1308 1103 1837 1417 1413 1635 1509 1105 1514 1426 783 1517 1425 1726 1843 1417 1418 1306 779 1729 1627 1532 1621 1748 1317 889 1623 1843 1527 1532 1614 1642 1628 1625 1843 1526 1205 1847 1531 1636 1424 1525 1207 685 1843 1517 889 1532 1206 1538 1204 792 1639 1204 791 1523 791 1196 791 1213 793 1523 1533 885 890 1633 1752 1844 1727 1206 1219 894

Tree=0
num_leaves=16
num_cat=0
split_feature=1 1 0 0 0 0 0 0 2 0 4 4 4 4 4
split_gain=491.56 1038.21 202.059 145.579 62.9909 186.696 7.64646 27.0549 9.15806 2.75996 2.38392 2.94371 1.16406 1.12941 0.713755
threshold=1.0000000180025095e-35 1.5000000000000002 2.5000000000000004 1.0000000180025095e-35 4.5000000000000009 2.5000000000000004 2.5000000000000004 4.5000000000000009 1.5000000000000002 7.5000000000000009 27.500000000000004 16.500000000000004 68.500000000000014 36.500000000000007 35.500000000000007
decision_type=2 2 2 2 2 2 2 2 2 2 2 2 2 2 2
left_child=6 2 3 -2 5 -3 10 8 -8 -6 11 -1 -4 -9 -12
right_child=1 4 12 -5 9 -7 7 13 -10 -11 14 -13 -14 -15 -16
leaf_value=0.50086918677362591 0.21166376880090923 0.46602018393131961 0.20879631206990973 0.39777750536375006 0.46653962834831492 0.32665638635069982 0.41803119631943014 0.49312112234884214 0.49789518224694124 0.48841831707608774 0.51387691609629216 0.45329750603219859 0.23391415224051137 0.47930992765892844 0.49526598983929249
leaf_weight=14.67259445786476 39.688165336847305 159.71479868888855 211.18914645910263 83.465414375066757 155.86624932289124 100.06228351593018 69.754957258701324 73.122437953948975 10.583510756492613 48.347401410341263 16.837403476238251 19.242746829986572 12.50778543949127 78.654727667570114 60.855186849832535
leaf_count=61 165 664 878 347 648 416 290 304 44 201 70 80 52 327 253
internal_value=0.394193 0.360207 0.255506 0.337799 0.438474 0.412339 0.474367 0.466093 0.428552 0.471719 0.491574 0.473878 0.210201 0.485964 0.499299
internal_weight=1154.56 810.841 346.851 123.154 463.991 259.777 343.724 232.116 80.3385 204.214 111.608 33.9153 223.697 151.777 77.6926
internal_count=4800 3371 1442 512 1929 1080 1429 965 334 849 464 141 930 631 323
is_linear=0
shrinkage=1


Tree=1
num_leaves=16
num_cat=0
split_feature=1 1 0 0 0 0 0 0 2 0 4 4 4 4 4
split_gain=420.469 860.895 161.113 118.616 58.3679 351.78 6.86108 23.9623 8.05177 5.11377 2.158 2.64206 1.02185 0.917987 0.655124
threshold=1.0000000180025095e-35 1.5000000000000002 2.5000000000000004 1.0000000180025095e-35 3.5000000000000004 2.5000000000000004 2.5000000000000004 4.5000000000000009 1.5000000000000002 5.5000000000000009 27.500000000000004 16.500000000000004 36.500000000000007 68.500000000000014 35.500000000000007
decision_type=2 2 2 2 2 2 2 2 2 2 2 2 2 2 2
left_child=6 2 3 -2 5 -3 10 8 -8 -6 11 -1 -9 -4 -12
right_child=1 4 13 -5 9 -7 7 12 -10 -11 14 -13 -14 -15 -16
leaf_value=0.10057106652289194 -0.16316899966150622 0.067136846777301987 -0.16567971150101282 0.0033001660048975062 0.053117712756051046 -0.18084643773857853 0.022040652700856637 0.093083605952696671 0.097693317358385032 0.076196379368380793 0.11321399672070363 0.055079941901852572 0.079814477606487494 -0.14365242905544365 0.095153151203575592
leaf_weight=14.332172155380247 40.791412219405174 157.3037086725235 217.12495082616806 83.40695957839489 103.77601778507233 47.715770840644836 69.422672390937805 71.560795545578003 10.345484495162962 150.64592903852463 16.393703818321228 19.00679349899292 77.22883053123951 12.823782801628111 59.524601474404335
leaf_count=61 165 664 878 347 432 196 290 304 44 637 70 80 327 52 253
internal_value=8.75709e-05 -0.031064 -0.124796 -0.0513746 0.0411862 0.00942178 0.0751126 0.0672299 0.0318524 0.0667828 0.0916026 0.0746362 0.0861963 -0.164451 0.0990532
internal_weight=1151.4 813.589 354.147 124.198 459.441 205.019 337.815 228.558 79.7682 254.422 109.257 33.339 148.79 229.949 75.9183
internal_count=4800 3371 1442 512 1929 860 1429 965 334 1069 464 141 631 930 323
is_linear=0
shrinkage=0.08


Tree=2
num_leaves=16
num_cat=0
split_feature=1 1 0 0 0 0 0 0 2 0 4 4 4 4 4
split_gain=361.22 723.777 133.242 98.9073 50.4951 294.61 6.2196 21.3554 7.12007 4.73347 1.98031 2.46346 0.937964 0.781279 0.61427
threshold=1.0000000180025095e-35 1.5000000000000002 2.5000000000000004 1.0000000180025095e-35 3.5000000000000004 2.5000000000000004 2.5000000000000004 4.5000000000000009 1.5000000000000002 4.5000000000000009 27.500000000000004 12.500000000000002 36.500000000000007 68.500000000000014 35.500000000000007
decision_type=2 2 2 2 2 2 2 2 2 2 2 2 2 2 2
left_child=6 2 3 -2 5 -3 10 8 -8 -6 11 -1 -9 -4 -12
right_child=1 4 13 -5 9 -7 7 12 -10 -11 14 -13 -14 -15 -16
leaf_value=0.10590218245183582 -0.14845091568149302 0.062832661131687603 -0.15076257430381282 0.0030382172291773019 0.041248494865045122 -0.16271002345663085 0.020376134902071397 0.087852995837754355 0.092351143157221247 0.068162940475473999 0.1076241628666998 0.056603268960094301 0.074996500620598802 -0.13055851524300152 0.089870364842238717
leaf_weight=8.9188384562730771 41.225757300853729 154.74053227901459 219.39801630377769 83.352724075317383 53.063573837280273 48.740478873252869 69.100119173526764 69.827431678771973 10.079406857490538 197.37717522680759 15.886344909667967 23.792592078447342 75.679557144641876 12.973557889461516 58.042971298098564
leaf_count=39 165 664 878 347 220 196 290 304 44 849 70 102 327 52 253
internal_value=0.000143294 -0.0286146 -0.113847 -0.0470929 0.0384093 0.00880768 0.0705238 0.0629726 0.0295384 0.0624603 0.0864338 0.0700447 0.0811662 -0.149635 0.0936854
internal_weight=1142.2 810.872 356.95 124.578 453.922 203.481 331.327 224.687 79.1795 250.441 106.641 32.7114 145.507 232.372 73.9293
internal_count=4800 3371 1442 512 1929 860 1429 965 334 1069 464 141 631 930 323
is_linear=0
shrinkage=0.08


Tree=3
num_leaves=16
num_cat=0
split_feature=1 1 0 0 0 0 0 0 2 0 4 4 4 4 4
split_gain=311.431 614.613 113.237 83.9076 43.6496 249.837 5.68017 19.1195 6.32351 4.37976 1.83774 2.27317 0.894564 0.784466 0.585444
threshold=1.0000000180025095e-35 1.5000000000000002 2.5000000000000004 1.0000000180025095e-35 3.5000000000000004 2.5000000000000004 2.5000000000000004 4.5000000000000009 1.5000000000000002 5.5000000000000009 27.500000000000004 16.500000000000004 55.500000000000007 1.5000000000000002 35.500000000000007
decision_type=2 2 2 2 2 2 2 2 2 2 2 2 2 2 2
left_child=6 2 3 -2 5 -3 10 8 -8 -6 11 -1 -9 -4 -12
right_child=1 4 13 -5 9 -7 7 12 -10 -11 14 -13 -14 -15 -16
leaf_value=0.090686579406141166 -0.13683623800811442 0.058856710844559394 -0.10807273601980283 0.0027969237503158557 0.045716982558178423 -0.14886273527666771 0.018834467081759423 0.079553732640524941 0.087538140023696531 0.067397537260320703 0.10272155327973734 0.047569559246548952 0.063034218883809182 -0.13869393142019293 0.085095338640017962
leaf_weight=13.570440724492071 41.147135719656944 152.08975112438202 5.4840978384017935 83.302438989281654 101.30591344833374 48.996501088142395 68.78909096121788 116.44399285316467 9.7947061061859113 144.96849417686462 15.335642844438551 18.485206365585327 25.590125918388367 226.37598532438278 56.461624786257744
leaf_count=61 165 664 22 347 432 196 290 518 44 637 70 80 113 908 253
internal_value=0.000170298 -0.0265375 -0.104929 -0.0433704 0.0358987 0.00824397 0.0663219 0.0590597 0.0273977 0.0584792 0.0817494 0.0658227 0.0765774 -0.13797 0.0888602
internal_weight=1128.14 803.67 356.31 124.45 447.361 201.086 324.471 220.618 78.5838 246.274 103.853 32.0556 142.034 231.86 71.7973
internal_count=4800 3371 1442 512 1929 860 1429 965 334 1069 464 141 631 930 323
is_linear=0
shrinkage=0.08


Tree=4
num_leaves=16
num_cat=0
split_feature=1 1 0 0 0 0 0 0 2 0 4 4 4 4 4
split_gain=269.217 525.883 98.2564 72.1286 37.6889 213.824 5.21834 17.1721 5.63382 4.07521 1.71764 2.16833 0.863891 0.757793 0.564862
threshold=1.0000000180025095e-35 1.5000000000000002 2.5000000000000004 1.0000000180025095e-35 3.5000000000000004 2.5000000000000004 2.5000000000000004 4.5000000000000009 1.5000000000000002 7.5000000000000009 27.500000000000004 12.500000000000002 36.500000000000007 68.500000000000014 35.500000000000007
decision_type=2 2 2 2 2 2 2 2 2 2 2 2 2 2 2
left_child=6 2 3 -2 5 -3 10 8 -8 -6 11 -1 -9 -4 -12
right_child=1 4 13 -5 9 -7 7 12 -10 -11 14 -13 -14 -15 -16
leaf_value=0.096852619900790832 -0.12739875357761837 0.055163947893324378 -0.12963178406741963 0.0025746681049410515 0.049850142242788331 -0.13791640564927754 0.017406422214577642 0.078955638261002839 0.083150598029344852 0.076633505789588621 0.098362898154026837 0.049263244469065645 0.066304823486229167 -0.109669489758371 0.080730361862984198
leaf_weight=8.3487209826707858 40.677132233977318 149.40254878997803 216.22250592708588 83.255850955843925 197.49342036247253 48.664939761161804 68.490840941667557 66.154219627380371 9.4989045262336713 44.561660617589951 14.75779667496681 23.031158924102783 72.304351076483727 12.896431386470793 54.821515381336212
leaf_count=39 165 664 878 347 868 196 290 304 44 201 70 102 327 52 253
internal_value=0.000178627 -0.024738 -0.0974687 -0.040085 0.0336041 0.00772434 0.0624433 0.0554377 0.0254139 0.0547809 0.0774626 0.0619246 0.0723493 -0.128508 0.0844702
internal_weight=1110.58 793.174 353.052 123.933 440.123 198.067 317.408 216.448 77.9897 242.055 100.959 31.3799 138.459 229.119 69.5793
internal_count=4800 3371 1442 512 1929 860 1429 965 334 1069 464 141 631 930 323
is_linear=0
shrinkage=0.08


Tree=5
num_leaves=16
num_cat=0
split_feature=1 1 0 0 0 0 0 0 2 0 4 4 4 4 4
split_gain=233.18 452.623 86.663 62.6446 32.8732 88.2365 4.8116 15.4576 5.03042 2.17324 1.61525 2.02064 0.812209 0.73464 0.549925
threshold=1.0000000180025095e-35 1.5000000000000002 2.5000000000000004 1.0000000180025095e-35 4.5000000000000009 2.5000000000000004 2.5000000000000004 4.5000000000000009 1.5000000000000002 7.5000000000000009 27.500000000000004 12.500000000000002 55.500000000000007 20.500000000000004 35.500000000000007
decision_type=2 2 2 2 2 2 2 2 2 2 2 2 2 2 2
left_child=6 2 3 -2 5 -3 10 8 -8 -6 11 -1 -9 -4 -12
right_child=1 4 13 -5 9 -7 7 12 -10 -11 14 -13 -14 -15 -16
leaf_value=0.092771653346093108 -0.11954534911470935 0.051718989204821306 -0.11134893712711309 0.0023699759325565878 0.052077032446768395 -0.045910836655963225 0.016083631464598291 0.071351543746360588 0.07910914053831776 0.072520877915319831 0.094439403894386015 0.046075130846057341 0.05525007896900154 -0.12290442970425319 0.076700561568902106
leaf_weight=8.0317939817905444 39.911876767873764 146.71920526027679 43.71694503724575 83.212706610560417 143.00276249647141 99.375281572341919 68.206190168857574 110.33659568428993 9.1979698538780195 43.371376633644104 14.165673851966856 22.670098036527634 24.502690881490707 180.96737076342106 53.155125349760056
leaf_count=39 165 664 181 347 648 416 290 518 44 201 70 102 113 749 253
internal_value=0.000174452 -0.0231525 -0.0910948 -0.0371499 0.0314896 0.0122951 0.0588385 0.0520681 0.023573 0.0568345 0.073498 0.0582912 0.0684256 -0.120656 0.0804332
internal_weight=1090.54 780.278 347.809 123.125 432.469 246.094 310.266 212.243 77.4042 186.374 98.0227 30.7019 134.839 224.684 67.3208
internal_count=4800 3371 1442 512 1929 1080 1429 965 334 849 464 141 631 930 323
is_linear=0
shrinkage=0.08


Tree=6
num_leaves=16
num_cat=0
split_feature=1 1 0 0 0 0 0 0 2 0 4 4 4 4 4
split_gain=202.087 391.341 77.4139 54.851 32.1075 170.623 4.44847 13.9308 4.49801 3.0306 1.52442 1.91724 0.808024 0.785201 0.548989
threshold=1.0000000180025095e-35 1.5000000000000002 2.5000000000000004 1.0000000180025095e-35 3.5000000000000004 2.5000000000000004 2.5000000000000004 4.5000000000000009 1.5000000000000002 7.5000000000000009 27.500000000000004 16.500000000000004 36.500000000000007 68.500000000000014 65.500000000000014
decision_type=2 2 2 2 2 2 2 2 2 2 2 2 2 2 2
left_child=6 2 3 -2 5 -3 10 8 -8 -6 11 -1 -9 -4 -12
right_child=1 4 13 -5 9 -7 7 12 -10 -11 14 -13 -14 -15 -16
leaf_value=0.079099434130039226 -0.11287741698589818 0.048493775470195545 -0.11517607594164229 0.0021814717217323539 0.045013942877776672 -0.12629988311020746 0.014858426082928785 0.071352133601346332 0.075352220930146083 0.068692253290642352 0.0742771402701701 0.038011745729994044 0.05878198665444128 -0.094500182677596231 0.099111201279241959
leaf_weight=12.337470814585688 38.92795018851757 144.07109558582306 206.54591208696365 83.172783613204956 192.45590686798096 47.532863616943359 67.935613989830017 62.368700981140137 8.8966017961502057 42.175674453377724 58.748633921146393 17.689782381057739 68.866183593869209 12.464673757553099 6.3088086545467368
leaf_count=61 165 664 878 347 868 196 290 304 44 201 292 80 327 52 31
internal_value=0.000167282 -0.0216802 -0.0855431 -0.0345014 0.0294286 0.00513119 0.0554682 0.048917 0.0218632 0.0492702 0.0698037 0.0548937 0.0647559 -0.113999 0.0766854
internal_weight=1070.5 767.347 341.111 122.101 426.236 191.604 303.152 208.067 76.8322 234.632 95.0847 30.0273 131.235 219.011 65.0574
internal_count=4800 3371 1442 512 1929 860 1429 965 334 1069 464 141 631 930 323
is_linear=0
shrinkage=0.08


Tree=7
num_leaves=16
num_cat=0
split_feature=1 1 0 0 0 0 0 0 2 4 4 4 4 4 4
split_gain=175.437 339.601 69.8641 48.3374 27.6619 148.12 4.11604 12.5623 4.02503 3.05729 1.44013 1.82664 0.760415 0.75932 0.581393
threshold=1.0000000180025095e-35 1.5000000000000002 2.5000000000000004 1.0000000180025095e-35 3.5000000000000004 2.5000000000000004 2.5000000000000004 4.5000000000000009 1.5000000000000002 76.500000000000014 27.500000000000004 12.500000000000002 36.500000000000007 68.500000000000014 35.500000000000007
decision_type=2 2 2 2 2 2 2 2 2 2 2 2 2 2 2
left_child=6 2 3 -2 5 -3 10 8 -8 -6 11 -1 -9 -4 -12
right_child=1 4 13 -5 9 -7 7 12 -10 -11 14 -13 -14 -15 -16
leaf_value=0.085991258980422106 -0.10711660803122477 0.045465898216742066 -0.1094468275850722 0.0020078806511857174 0.047604246769579375 -0.11934545976980757 0.013723764015550224 0.067817946143463911 0.071831684749981917 -0.013040502942582894 0.08816980915788758 0.040092096431025244 0.055452828230658779 -0.088891086809067363 0.069218656676723625
leaf_weight=7.4284977614879635 37.786554247140884 141.48224329948425 200.2279516607523 83.1358492821455 225.08523392677307 46.32717889547348 67.679315507411957 60.449690580368042 8.5984647870063764 5.449015036225318 13.086227625608442 21.93370246887207 67.229561775922775 12.201949596405028 49.739406988024712
leaf_count=39 165 664 878 347 1044 196 290 304 44 25 70 102 327 52 253
internal_value=0.000149826 -0.0203965 -0.0806342 -0.032092 0.0276032 0.00481168 0.052302 0.0459612 0.020274 0.0461708 0.0663304 0.0517044 0.0613071 -0.108266 0.0731661
internal_weight=1047.84 751.696 333.352 120.922 418.344 187.809 296.145 203.957 76.2778 230.534 92.1878 29.3622 127.679 212.43 62.8256
internal_count=4800 3371 1442 512 1929 860 1429 965 334 1069 464 141 631 930 323
is_linear=0
shrinkage=0.08


Tree=8
num_leaves=16
num_cat=0
split_feature=1 1 0 0 0 0 0 0 2 0 4 4 4 4 4
split_gain=152.402 295.529 63.5591 42.8159 23.8012 129.119 3.81211 11.3272 3.60265 2.88935 1.36345 1.71525 0.788109 0.737221 0.628216
threshold=1.0000000180025095e-35 1.5000000000000002 2.5000000000000004 1.0000000180025095e-35 3.5000000000000004 2.5000000000000004 2.5000000000000004 4.5000000000000009 1.5000000000000002 7.5000000000000009 27.500000000000004 12.500000000000002 1.5000000000000002 55.500000000000007 29.500000000000004
decision_type=2 2 2 2 2 2 2 2 2 2 2 2 2 2 2
left_child=6 2 3 -2 5 -3 10 8 -8 -6 11 -1 -4 -9 -12
right_child=1 4 12 -5 9 -7 7 13 -10 -11 14 -13 -14 -15 -16
leaf_value=0.082768649567571712 -0.10206223145640976 0.042617270522358516 -0.071576484074667795 0.0018480450024873688 0.039055687656490153 -0.11342508798421851 0.012673138750430413 0.060978887738180713 0.068509643305605425 0.062710323633933668 0.10427241808749249 0.037476099784508894 -0.1040242585172966 0.045084104097055405 0.067930655572553109
leaf_weight=7.1133612692356136 36.536634117364883 138.97070562839508 4.9080444276332846 83.101707130670547 186.42445290088654 44.903761386871338 67.437273114919662 101.31022670865059 8.3063761591911298 40.169158533215523 3.2146720290184012 21.601725578308105 200.32255576550961 22.895918518304825 57.415408611297607
leaf_count=39 165 664 22 347 868 196 290 518 44 201 18 102 908 113 305
internal_value=0.000128505 -0.0192236 -0.0762312 -0.0298854 0.0258955 0.00451035 0.0493182 0.0431795 0.0187964 0.043249 0.0630563 0.0486961 -0.103248 0.0580489 0.0698575
internal_weight=1024.63 735.337 324.869 119.638 410.468 183.874 289.295 199.95 75.7436 226.594 89.3452 28.7151 205.231 124.206 60.6301
internal_count=4800 3371 1442 512 1929 860 1429 965 334 1069 464 141 930 631 323
is_linear=0
shrinkage=0.08


Tree=9
num_leaves=16
num_cat=0
split_feature=1 1 0 0 0 0 0 0 2 4 4 4 4 4 4
split_gain=132.436 257.736 58.1827 38.0793 20.4722 112.936 3.52899 10.2067 3.22394 2.71995 1.29022 1.63844 0.81545 0.753078 0.618086
threshold=1.0000000180025095e-35 1.5000000000000002 2.5000000000000004 1.0000000180025095e-35 3.5000000000000004 2.5000000000000004 2.5000000000000004 4.5000000000000009 1.5000000000000002 76.500000000000014 27.500000000000004 16.500000000000004 68.500000000000014 13.500000000000002 29.500000000000004
decision_type=2 2 2 2 2 2 2 2 2 2 2 2 2 2 2
left_child=6 2 3 -2 5 -3 10 8 -8 -6 11 -1 -4 -9 -12
right_child=1 4 12 -5 9 -7 7 13 -10 -11 14 -13 -14 -15 -16
leaf_value=0.069704574585078949 -0.097565777351209665 0.039933144366484243 -0.10006936006158186 0.0017008727978908716 0.041903437533031489 -0.1083061233610304 0.011700553153883854 0.03521584576151205 0.065356180143419276 -0.015633684493795513 0.10186896707162398 0.030201207341616635 -0.07814773873896283 0.056977197436366984 0.064789963531900169
leaf_weight=11.129291310906412 35.217251032590866 136.54966187477112 186.11298774182796 83.070150330662727 217.33995360136032 43.328593909740448 67.209300994873047 11.219293177127836 8.0224635004997236 5.3886676877737036 3.0346378684043875 16.958869695663452 11.533022701740263 109.62310862541199 55.464353963732719
leaf_count=61 165 664 878 347 1044 196 290 60 44 25 18 80 52 571 305
internal_value=0.000105259 -0.0181438 -0.072231 -0.0278534 0.0242995 0.00422567 0.0464953 0.0405552 0.0174222 0.0405114 0.0599467 0.0458535 -0.0987902 0.0549568 0.0667134
internal_weight=1001.2 718.54 315.933 118.287 402.607 179.878 282.661 196.074 75.2318 222.729 86.5872 28.0882 197.646 120.842 58.499
internal_count=4800 3371 1442 512 1929 860 1429 965 334 1069 464 141 930 631 323
is_linear=0
shrinkage=0.08


Tree=10
num_leaves=16
num_cat=0
split_feature=1 1 0 0 0 0 0 0 2 4 4 4 4 4 4
split_gain=115.094 225.154 53.531 33.9748 17.9172 44.6562 3.26505 9.18498 2.88341 1.93091 1.21994 1.55849 0.805782 0.774492 0.61092
threshold=1.0000000180025095e-35 1.5000000000000002 2.5000000000000004 1.0000000180025095e-35 4.5000000000000009 2.5000000000000004 2.5000000000000004 4.5000000000000009 1.5000000000000002 45.500000000000007 27.500000000000004 12.500000000000002 20.500000000000004 36.500000000000007 29.500000000000004
decision_type=2 2 2 2 2 2 2 2 2 2 2 2 2 2 2
left_child=6 2 3 -2 5 -3 10 8 -8 -6 11 -1 -4 -9 -12
right_child=1 4 12 -5 9 -7 7 13 -10 -11 14 -13 -14 -15 -16
leaf_value=0.077239434915457303 -0.093514857241136465 0.03740137499564794 -0.084206192976160499 0.001565373380538666 0.048364673467834525 -0.035102050359025576 0.010800423002528399 0.058896296492182469 0.062347648673793526 0.030094846519122032 0.099750911890169491 0.032512394343116473 -0.097355388744043148 0.045889882359170027 0.061792362681395069
leaf_weight=6.5440591424703625 33.859460726380348 134.22833359241486 37.06200809776783 83.040997907519341 114.64979976415634 91.3817058801651 66.99507936835289 55.331999123096466 7.748291850090026 54.680703073740005 2.8583526313304892 20.939982205629349 152.77302484214306 62.282562419772148 53.581431061029434
leaf_count=39 165 664 181 347 575 416 290 304 44 274 18 102 749 327 305
internal_value=8.04875e-05 -0.0171408 -0.0685623 -0.025974 0.0227965 0.00803439 0.0438175 0.038073 0.0161441 0.0424649 0.056984 0.0431621 -0.0947882 0.0520088 0.0637147
internal_weight=977.958 701.676 306.735 116.9 394.941 225.61 276.282 192.358 74.7434 169.331 83.9238 27.484 189.835 117.615 56.4398
internal_count=4800 3371 1442 512 1929 1080 1429 965 334 849 464 141 930 631 323
is_linear=0
shrinkage=0.08


Tree=11
num_leaves=16
num_cat=0
split_feature=1 1 0 0 0 0 0 0 2 0 4 4 4 4 4
split_gain=99.9026 196.952 49.4295 30.3876 17.3964 92.4888 3.01521 8.25775 2.57664 2.49411 1.19248 3.9611 0.885825 0.73231 0.682357
threshold=1.0000000180025095e-35 1.5000000000000002 2.5000000000000004 1.0000000180025095e-35 3.5000000000000004 2.5000000000000004 2.5000000000000004 4.5000000000000009 1.5000000000000002 7.5000000000000009 22.500000000000004 19.500000000000004 68.500000000000014 13.500000000000002 65.500000000000014
decision_type=2 2 2 2 2 2 2 2 2 2 2 2 2 2 2
left_child=6 2 3 -2 5 -3 10 8 -8 -6 11 -1 -4 -9 -12
right_child=1 4 12 -5 9 -7 7 13 -10 -11 14 -13 -14 -15 -16
leaf_value=0.055126238947171217 -0.08982281635913994 0.035011799230148681 -0.092545666656468836 0.0014406353250647325 0.032484891420342166 -0.10243840019737725 0.0099675694524304706 0.029261809987751988 0.05946541894339083 0.05518003775053499 0.056818177536453185 -0.037539830782271709 -0.068922687249351189 0.051257549104721419 0.086908398147849175
leaf_weight=14.297592774033548 32.487813234329224 132.01274645328522 171.1583508849144 83.014074057340622 178.845826998353 41.081331610679626 66.794193387031555 10.684099495410917 7.4849718809127799 37.486235097050667 58.088851764798164 3.720486491918563 10.800227165222166 103.82042400538921 5.2600162327289572
leaf_count=80 165 664 878 347 868 196 290 60 44 201 335 18 52 571 31
internal_value=6.30242e-05 -0.0161467 -0.0651613 -0.0242295 0.0212928 0.00239002 0.0412779 0.0357292 0.0149554 0.0364175 0.0541516 0.035992 -0.0911435 0.0492052 0.0593166
internal_weight=957.037 686.887 297.46 115.502 389.426 173.094 270.151 188.784 74.2792 216.332 81.3669 18.0181 181.959 114.505 63.3489
internal_count=4800 3371 1442 512 1929 860 1429 965 334 1069 464 98 930 631 366
is_linear=0
shrinkage=0.08


Tree=12
num_leaves=16
num_cat=0
split_feature=1 1 0 0 0 0 0 0 4 4 4 4 4 4 4
split_gain=86.7869 172.423 45.7775 27.2299 14.9423 81.4031 2.77646 7.40956 2.51281 2.36108 1.10634 1.46095 0.876683 0.781519 0.649968
threshold=1.0000000180025095e-35 1.5000000000000002 2.5000000000000004 1.0000000180025095e-35 3.5000000000000004 2.5000000000000004 2.5000000000000004 4.5000000000000009 58.500000000000007 18.500000000000004 27.500000000000004 12.500000000000002 68.500000000000014 36.500000000000007 35.500000000000007
decision_type=2 2 2 2 2 2 2 2 2 2 2 2 2 2 2
left_child=6 2 3 -2 5 -3 10 8 -8 -6 11 -1 -4 -9 -12
right_child=1 4 12 -5 9 -7 7 13 -10 -11 14 -13 -14 -15 -16
leaf_value=0.072546732222729449 -0.086421800747177535 0.032755796047487191 -0.089236825831576994 0.0013258001428782182 0.014433826038663127 -0.098598368978415216 0.0082634778480627849 0.053652740570152013 0.052836085142298338 0.03768626227824038 0.075800916796618684 0.027750365421178778 -0.065377673772915618 0.040233809374111681 0.053650254282040857
leaf_weight=6.0483799874782589 31.121547818183899 129.90634369850159 163.61586286127567 82.989218488335609 33.092185363173485 39.338537633419037 64.584700107574463 52.256779611110687 9.2547021210193616 179.79453659057617 10.623195320367811 20.289574936032295 10.488067686557768 59.294885352253914 41.986239701509476
leaf_count=39 165 664 878 347 167 196 292 304 42 902 70 102 52 327 253
internal_value=3.83133e-05 -0.0152696 -0.0619878 -0.0226057 0.0199667 0.00222441 0.0388582 0.0335078 0.01385 0.0340718 0.0514223 0.0380376 -0.0877995 0.04652 0.058123
internal_weight=934.685 670.346 288.215 114.111 382.132 169.245 264.338 185.391 73.8394 212.887 78.9474 26.338 174.104 111.552 52.6094
internal_count=4800 3371 1442 512 1929 860 1429 965 334 1069 464 141 930 631 323
is_linear=0
shrinkage=0.08


Tree=13
num_leaves=16
num_cat=0
split_feature=1 1 0 0 0 0 0 0 4 2 4 4 4 4 4
split_gain=75.351 151.031 42.4795 24.4334 12.8173 71.7822 2.55914 6.65154 2.38454 2.3202 1.08241 3.42305 0.912229 0.736393 0.680833
threshold=1.0000000180025095e-35 1.5000000000000002 2.5000000000000004 1.0000000180025095e-35 3.5000000000000004 2.5000000000000004 2.5000000000000004 4.5000000000000009 76.500000000000014 1.5000000000000002 22.500000000000004 19.500000000000004 1.5000000000000002 55.500000000000007 65.500000000000014
decision_type=2 2 2 2 2 2 2 2 2 2 2 2 2 2 2
left_child=6 2 3 -2 5 -3 10 9 -6 -8 11 -1 -4 -9 -12
right_child=1 4 12 -5 8 -7 7 13 -10 -11 14 -13 -14 -15 -16
leaf_value=0.049914853912889273 -0.083257930831293486 0.030625954470695063 -0.047348401685832035 0.0012200881184776589 0.03321418009386292 -0.095135838100695841 0.0081307670083728013 0.047122662671291303 -0.021424925958213371 0.0560277892295254 0.051389275967012253 -0.036606358881510752 -0.085635401579570891 0.03025893247182011 0.082693045789754685
leaf_weight=13.511460870504381 29.775571525096893 127.91053032875061 4.0829360485076895 82.966276079416275 204.43419881165028 37.581067502498627 66.339136272668839 88.329872131347656 5.2429378181695929 7.1725744009017935 54.529766261577606 3.7356020808219901 162.28423808515072 20.399613484740257 4.8413761109113684
leaf_count=80 165 664 22 347 1044 196 290 518 25 44 335 18 908 113 31
internal_value=1.37633e-05 -0.0144412 -0.0590035 -0.0210909 0.0187112 0.00206703 0.0365493 0.0313917 0.0318479 0.0128041 0.048817 0.0311749 -0.0846958 0.0439587 0.0539419
internal_weight=913.137 654.278 279.109 112.742 375.169 165.492 258.859 182.241 209.677 73.5117 76.6182 17.2471 166.367 108.729 59.3711
internal_count=4800 3371 1442 512 1929 860 1429 965 1069 334 464 98 930 631 366
is_linear=0
shrinkage=0.08


Tree=14
num_leaves=16
num_cat=0
split_feature=1 1 0 0 0 0 0 0 0 4 4 4 4 4 4
split_gain=65.4055 132.327 39.4629 21.9442 10.9888 63.3999 2.41165 2.34584 5.94696 2.19344 0.993273 2.97526 0.94725 0.743418 0.655463
threshold=1.0000000180025095e-35 1.5000000000000002 2.5000000000000004 1.0000000180025095e-35 3.5000000000000004 2.5000000000000004 7.5000000000000009 2.5000000000000004 4.5000000000000009 58.500000000000007 22.500000000000004 19.500000000000004 68.500000000000014 13.500000000000002 65.500000000000014
decision_type=2 2 2 2 2 2 2 2 2 2 2 2 2 2 2
left_child=7 2 3 -2 5 -3 -6 10 9 -9 11 -1 -4 -10 -12
right_child=1 4 12 -5 6 -7 -8 8 13 -11 14 -13 -14 -15 -16
leaf_value=0.04728664262227128 -0.080288007550729484 0.028615711625654586 -0.08336387142840139 0.0011227778660455375 0.025839202190263814 -0.091980012803408423 0.048833888434364009 0.0066459630037582051 0.020672514583044234 0.048735223094090126 0.048798570859485364 -0.033161223569923161 -0.057650896921827538 0.043659430740935402 0.080290903361846924
leaf_weight=13.137236192822458 28.461270555853844 126.02507877349854 149.05411233007908 82.945112392306328 171.43363887071609 35.832873284816742 35.180660873651505 64.074376195669174 9.9349969625473005 9.0426836013793928 52.899463951587677 3.7913295328617087 9.7704315185546857 96.122960090637207 4.5973930656909934
leaf_count=80 165 664 878 347 868 196 201 292 60 42 335 18 52 571 31
internal_value=-9.23419e-06 -0.0136572 -0.0561778 -0.0196754 0.0175267 0.00191766 0.0297546 0.0343636 0.0294047 0.0118513 0.0463019 0.0292695 -0.0817821 0.0415061 0.0513167
internal_weight=892.304 638.703 270.231 111.406 368.472 161.858 206.614 253.6 179.175 73.1171 74.4254 16.9286 158.825 106.058 57.4969
internal_count=4800 3371 1442 512 1929 860 1069 1429 965 334 464 98 930 631 366
is_linear=0
shrinkage=0.08


Tree=15
num_leaves=16
num_cat=0
split_feature=1 1 0 0 0 0 0 0 2 4 4 4 4 4 4
split_gain=56.7246 115.956 36.6909 19.7191 9.64968 22.7875 2.14984 5.31327 2.0809 1.93293 0.97125 0.943283 1.35187 0.769688 0.720593
threshold=1.0000000180025095e-35 1.5000000000000002 2.5000000000000004 1.0000000180025095e-35 4.5000000000000009 2.5000000000000004 2.5000000000000004 4.5000000000000009 1.5000000000000002 43.500000000000007 20.500000000000004 27.500000000000004 12.500000000000002 36.500000000000007 29.500000000000004
decision_type=2 2 2 2 2 2 2 2 2 2 2 2 2 2 2
left_child=6 2 3 -2 5 -3 11 8 -8 -6 -4 12 -1 -9 -13
right_child=1 4 10 -5 9 -7 7 13 -10 -11 -12 14 -14 -15 -16
leaf_value=0.066536721976990981 -0.077477114572844327 0.026719223533943581 -0.066087039675070736 0.001033207232522045 0.038328843444624137 -0.027535536065230511 0.006582275893759623 0.046548907356877833 0.052805502241942491 0.019861023614726993 -0.082203667108957962 0.094163121358002866 0.021352096139798667 0.032720680739107333 0.048262070383310429
leaf_weight=5.4242764413356808 27.187144607305527 124.24852466583252 29.787883043289185 82.925582647323608 97.694340243935585 82.404548034071922 65.940628826618195 48.169196963310242 6.883901596069335 57.690242752432823 121.71494160592556 2.3001691102981559 19.37266980111599 55.376153364777565 45.24681743979454
leaf_count=39 165 664 181 347 535 416 290 304 44 314 749 18 102 327 305
internal_value=-3.10278e-05 -0.0129137 -0.0534934 -0.0183512 0.0164101 0.00508471 0.0322723 0.0275088 0.0109516 0.0314722 -0.0790349 0.0438856 0.0312361 0.0391536 0.0504826
internal_weight=872.367 623.653 261.616 110.113 362.038 206.653 248.714 176.37 72.8245 155.385 151.503 72.3439 24.7969 103.545 47.547
internal_count=4800 3371 1442 512 1929 1080 1429 965 334 849 930 464 141 631 323
is_linear=0
shrinkage=0.08


Tree=16
num_leaves=16
num_cat=0
split_feature=1 1 0 0 0 0 4 0 0 3 4 4 4 4 4
split_gain=49.1145 101.617 34.1115 17.7235 9.36062 52.7569 2.34983 1.96115 4.73018 2.08586 1.02277 0.918773 0.718341 0.62495 0.0154704
threshold=1.0000000180025095e-35 1.5000000000000002 2.5000000000000004 1.0000000180025095e-35 3.5000000000000004 2.5000000000000004 7.5000000000000009 2.5000000000000004 4.5000000000000009 1.0000000180025095e-35 68.500000000000014 63.500000000000007 13.500000000000002 22.500000000000004 71.500000000000014
decision_type=2 2 2 2 2 2 2 2 2 2 2 2 2 2 2
left_child=7 2 3 -2 5 -3 -6 11 9 -9 -4 13 -10 -1 -13
right_child=1 4 10 -5 6 -7 -8 8 12 -11 -12 14 -14 -15 -16
leaf_value=0.025157342536473254 -0.074796834844214871 0.024931164495900413 -0.078155122714605382 0.00095076785290175165 -0.0069880962791787618 -0.088228815926280485 0.02889634493983349 0.013823296543256355 0.016025045401861136 -0.0397628880543308 -0.050419737238373598 0.074219114662313526 0.039084024395808388 0.043308823701825094 0.066211494566016493
leaf_weight=16.270359084010124 25.959369912743568 122.57839441299438 135.38097830116749 82.907573089003563 12.447479471564291 33.594223916530609 189.15499018132687 67.479021340608597 9.5473471283912641 4.9929987192153922 9.0799115896224958 3.5612467974424353 91.615628838539124 47.814449489116669 2.7260652184486389
leaf_count=98 165 664 878 347 66 196 1003 311 60 23 52 25 571 321 20
internal_value=-4.39274e-05 -0.012159 -0.0509276 -0.0171113 0.0152916 0.00058937 0.0266807 0.0302977 0.0257319 0.0101314 -0.0764118 0.0415636 0.0369078 0.0387004 0.0707472
internal_weight=855.11 611.103 253.328 108.867 357.775 156.173 201.602 244.007 173.635 72.472 144.461 70.3721 101.163 64.0848 6.28731
internal_count=4800 3371 1442 512 1929 860 1069 1429 965 334 930 464 631 419 45
is_linear=0
shrinkage=0.08


Tree=17
num_leaves=16
num_cat=0
split_feature=1 1 0 0 0 0 4 0 0 4 4 4 4 4 4
split_gain=42.5293 89.0061 31.7102 15.9287 8.01622 46.7543 2.12309 1.78093 4.20748 1.92331 1.01757 0.869389 0.759265 0.619541 0.0148525
threshold=1.0000000180025095e-35 1.5000000000000002 2.5000000000000004 1.0000000180025095e-35 3.5000000000000004 2.5000000000000004 18.500000000000004 2.5000000000000004 4.5000000000000009 58.500000000000007 20.500000000000004 63.500000000000007 36.500000000000007 12.500000000000002 71.500000000000014
decision_type=2 2 2 2 2 2 2 2 2 2 2 2 2 2 2
left_child=7 2 3 -2 5 -3 -6 11 9 -9 -4 13 -10 -1 -13
right_child=1 4 10 -5 6 -7 -8 8 12 -11 -12 14 -14 -15 -16
leaf_value=0.063238269972215891 -0.07222400931297808 0.023246560522703498 -0.060070863185077407 0.00087489123012172813 0.0057468830121711794 -0.085582939863039623 0.028450419748951961 0.0044917860602265835 0.042299805546101112 0.044388921619475996 -0.077322776795618706 0.071889445543924388 0.028244988466828564 0.034136631340926357 0.063856621826243506
leaf_weight=5.0970561951398841 24.782227054238319 121.0115020275116 27.289516180753708 82.890969961881638 31.276525273919106 31.93078339099884 167.72716675698757 63.417324408888817 45.817626953125 8.8068395555019361 110.40785463154316 3.3896299302577964 53.118419677019119 57.470148086547852 2.6054853200912476
leaf_count=39 165 664 181 347 167 196 902 292 304 42 749 25 327 380 20
internal_value=-6.36348e-05 -0.0114875 -0.0484724 -0.0159497 0.0142977 0.000525498 0.0248822 0.0284012 0.0240371 0.00935675 -0.0739037 0.039296 0.0347538 0.0365074 0.0683984
internal_weight=837.039 597.317 245.371 107.673 351.946 152.942 199.004 239.723 171.16 72.2242 137.697 68.5623 98.936 62.5672 5.99512
internal_count=4800 3371 1442 512 1929 860 1069 1429 965 334 930 464 631 419 45
is_linear=0
shrinkage=0.08


Tree=18
num_leaves=16
num_cat=0
split_feature=1 1 0 0 0 0 4 0 2 0 4 4 0 4 4
split_gain=36.8021 77.9212 29.451 14.3112 6.8609 41.4724 2.16357 1.61299 2.86988 2.85353 1.99076 1.16498 1.50585 1.0932 1.08605
threshold=1.0000000180025095e-35 1.5000000000000002 2.5000000000000004 1.0000000180025095e-35 3.5000000000000004 2.5000000000000004 40.500000000000007 1.5000000000000002 1.5000000000000002 4.5000000000000009 50.500000000000007 52.500000000000007 1.0000000180025095e-35 68.500000000000014 48.500000000000007
decision_type=2 2 2 2 2 2 2 2 2 2 2 2 2 2 2
left_child=7 2 3 -2 5 -3 -6 11 9 -9 -10 14 -13 -4 -1
right_child=1 4 13 -5 6 -7 -8 8 10 -11 -12 12 -14 -15 -16
leaf_value=0.038046778381137923 -0.069739746160466479 0.021660761975227216 -0.073390717910626069 0.00080505504310919454 0.030434190083550635 -0.083094607279281127 0.013465721571228969 0.0093521814128663047 0.034920686570546859 0.030258294700820122 0.086886629589672748 0.026737190587568484 0.095282686784343137 -0.043628117775492525 -0.012627037912834611
leaf_weight=34.060051843523979 23.65847222507 119.54412722587585 122.81163837015629 82.875659510493279 112.6423996835947 30.322355806827545 83.919403836131096 84.274955116212368 16.460065171122555 82.875065490603447 6.6137663573026648 3.4980876445770246 4.9589938074350357 8.4412840604782087 2.9405213445425025
leaf_count=231 165 664 878 347 612 196 457 421 110 540 43 26 37 52 21
internal_value=-8.13297e-05 -0.0108465 -0.0461115 -0.0148611 0.0133592 0.000465699 0.0231897 0.0266039 0.0233686 0.0197177 0.0498159 0.0401424 0.0669303 -0.0714766 0.0340196
internal_weight=819.897 584.215 237.787 106.534 346.428 149.866 196.562 235.682 190.224 167.15 23.0738 45.4577 8.45708 131.253 37.0006
internal_count=4800 3371 1442 512 1929 860 1069 1429 1114 961 153 315 63 930 252
is_linear=0
shrinkage=0.08


Tree=19
num_leaves=16
num_cat=0
split_feature=1 1 0 0 0 0 4 0 0 3 4 4 4 4 4
split_gain=31.8206 68.1819 27.3298 12.851 6.13836 10.0405 2.78225 1.54749 3.38184 1.76645 1.06913 0.890479 1.29807 0.825447 0.753114
threshold=1.0000000180025095e-35 1.5000000000000002 2.5000000000000004 1.0000000180025095e-35 5.5000000000000009 1.5000000000000002 43.500000000000007 2.5000000000000004 4.5000000000000009 1.0000000180025095e-35 68.500000000000014 27.500000000000004 12.500000000000002 35.500000000000007 55.500000000000007
decision_type=2 2 2 2 2 2 2 2 2 2 2 2 2 2 2
left_child=7 2 3 -2 5 -3 -6 11 9 -9 -4 12 -1 -13 -10
right_child=1 4 10 -5 6 -7 -8 8 14 -11 -12 13 -14 -15 -16
leaf_value=0.059790811998635125 -0.067328676690068354 0.027726696571871802 -0.071090140293369311 0.00074078142487541776 0.038364985310902606 -0.0070964203531187807 0.012103672920638639 0.01112142978541881 0.034164380365858928 -0.038093507315658665 -0.041247222732308027 0.064597084701433938 0.012927416947141513 0.036631158973259914 0.016020655272951254
leaf_weight=4.7718128338456181 22.589644566178322 81.688287958502769 116.88851630687714 82.861548662185669 66.48677222430706 150.84061472117901 42.21142852306366 66.577057838439941 76.758012816309929 5.0194253474473944 8.223473131656645 8.4257324114441854 18.25081779062748 34.060529850423336 18.092770308256149
leaf_count=39 165 459 878 347 393 833 244 311 518 23 52 70 102 253 113
internal_value=-9.64188e-05 -0.0102348 -0.0438421 -0.013841 0.0124732 0.00513707 0.0281668 0.0248955 0.0207962 0.00767111 -0.0691286 0.0353113 0.0226406 0.0421773 0.0307035
internal_weight=803.746 571.79 230.563 105.451 341.227 232.529 108.698 231.956 166.447 71.5965 125.112 65.5089 23.0226 42.4863 94.8508
internal_count=4800 3371 1442 512 1929 1292 637 1429 965 334 930 464 141 323 631
is_linear=0
shrinkage=0.08


Tree=20
num_leaves=16
num_cat=0
split_feature=1 1 0 0 0 0 4 0 0 2 4 4 4 4 4
split_gain=27.4508 59.641 25.3274 11.5314 5.8961 35.6243 2.06005 1.39681 2.9861 1.71039 1.13811 0.857536 2.58359 0.725257 0.621004
threshold=1.0000000180025095e-35 1.5000000000000002 2.5000000000000004 1.0000000180025095e-35 3.5000000000000004 2.5000000000000004 18.500000000000004 2.5000000000000004 4.5000000000000009 1.5000000000000002 20.500000000000004 22.500000000000004 19.500000000000004 13.500000000000002 65.500000000000014
decision_type=2 2 2 2 2 2 2 2 2 2 2 2 2 2 2
left_child=7 2 3 -2 5 -3 -6 11 9 -9 -4 12 -1 -10 -13
right_child=1 4 10 -5 6 -7 -8 8 13 -11 -12 14 -14 -15 -16
leaf_value=0.035336384458563852 -0.064978410736541439 0.018996442023853765 -0.051206955886272304 0.00068162781587354599 0.0016542019556350885 -0.080535342891361272 0.024335275969527254 0.0032098632074017957 0.0070353736993294252 0.046696052519894629 -0.070745727775637673 0.035919030801409152 -0.041966026388990822 0.031121114269671672 0.070369581493541652
leaf_weight=11.450545720756052 21.576309576630592 117.09336420893669 23.846854388713837 82.848544344305992 30.431966856122017 28.644648015499115 162.38534589111805 65.045017287135124 8.841621056199072 6.3540540039539328 95.442635759711266 45.239182449877262 3.6487885117530814 84.169684007763863 3.6164481788873664
leaf_count=80 165 664 181 347 167 196 902 290 60 44 749 335 18 571 31
internal_value=-0.00010275 -0.00960273 -0.0416549 -0.0128851 0.0115771 -0.000566422 0.0207556 0.0232876 0.0193854 0.00707985 -0.0668398 0.0333192 0.0166561 0.0288315 0.0384692
internal_weight=790.635 562.27 223.714 104.425 338.555 145.738 192.817 228.365 164.41 71.3991 119.289 63.955 15.0993 93.0113 48.8556
internal_count=4800 3371 1442 512 1929 860 1069 1429 965 334 930 464 98 631 366
is_linear=0
shrinkage=0.08


Tree=21
num_leaves=16
num_cat=0
split_feature=1 1 0 0 0 0 0 4 0 2 0 4 4 0 4
split_gain=23.7108 52.1075 24.2952 21.6669 5.04273 31.6646 4.67404 2.06606 1.2617 2.47889 1.99296 1.97205 1.09834 1.549 1.02641
threshold=1.0000000180025095e-35 1.5000000000000002 1.5000000000000002 1.0000000180025095e-35 3.5000000000000004 2.5000000000000004 2.5000000000000004 77.500000000000014 1.5000000000000002 1.5000000000000002 4.5000000000000009 50.500000000000007 52.500000000000007 1.0000000180025095e-35 48.500000000000007
decision_type=2 2 2 2 2 2 2 2 2 2 2 2 2 2 2
left_child=8 2 3 -2 5 -3 -4 -6 12 10 -10 -11 14 -14 -1
right_child=1 4 6 -5 7 -7 -8 -9 9 11 -12 -13 13 -15 -16
leaf_value=0.03228179941869061 -0.062679059915741783 0.01766687616061071 -0.033747391569853437 0.038543407439171687 0.020584088726117528 -0.078288066487622626 -0.064591773680605688 -0.035154602950320801 0.006839222228137317 0.029277260581043244 0.024639127429754385 0.083203701326071577 0.019862531235774451 0.092813828815471275 -0.018037532422320576
leaf_weight=31.837248332798481 20.618269331753254 115.88504533469677 43.447416931390762 39.389141723513603 186.40442484617233 27.170391142368317 113.79733697324991 4.3555277436971656 82.875136263668537 15.474816590547563 78.284357875585556 6.0316841080784789 3.2457225620746604 4.3719471842050552 2.8245434314012519
leaf_count=231 165 664 182 165 1047 196 930 22 421 110 540 43 26 37 21
internal_value=-0.000114758 -0.00904915 -0.0395428 0.00376384 0.0107966 -0.00055776 -0.0560693 0.0193114 0.0217726 0.0188901 0.0154857 0.0444014 0.0342261 0.0617309 0.0281813
internal_weight=776.013 551.068 217.252 60.0074 333.815 143.055 157.245 190.76 224.945 182.666 161.159 21.5065 42.2795 7.61767 34.6618
internal_count=4800 3371 1442 330 1929 860 1112 1069 1429 1114 961 153 315 63 252
is_linear=0
shrinkage=0.08


Tree=22
num_leaves=16
num_cat=0
split_feature=1 1 0 0 0 0 4 4 0 0 4 4 4 4 4
split_gain=20.4535 45.4808 21.6327 9.26142 4.45239 7.40754 2.56494 1.25005 1.19478 2.35602 2.15196 0.80782 0.781299 0.583272 0.0184462
threshold=1.0000000180025095e-35 1.5000000000000002 2.5000000000000004 1.0000000180025095e-35 5.5000000000000009 1.5000000000000002 43.500000000000007 1.5000000000000002 2.5000000000000004 4.5000000000000009 7.5000000000000009 36.500000000000007 63.500000000000007 12.500000000000002 71.500000000000014
decision_type=2 2 2 2 2 2 2 2 2 2 2 2 2 2 2
left_child=8 2 3 -2 5 -3 -6 -4 12 10 -10 -11 13 -1 -14
right_child=1 4 7 -5 6 -7 -8 -9 9 11 -12 -13 14 -15 -16
leaf_value=0.055196937323417641 -0.060422922558988068 0.02347887645704946 -0.010051316222576538 0.00058838017618515349 0.03376762645106169 -0.0069498239708630991 0.0080913515518687366 -0.063787976323851248 0.062407276145333042 0.033529107084395354 0.0023569504135640944 0.018296008225821253 0.064274723981393292 0.024765945306427839 0.054488265904156341
leaf_weight=4.3698846846818915 19.714724756777287 78.855633437633514 2.8450710475444785 82.802219331264496 63.547496721148491 146.00499871373177 40.941631227731705 105.77506952732801 4.050977110862731 41.298869833350182 66.779865965247154 48.381038635969162 2.8549334555864325 51.988740049302578 2.1692019328474998
leaf_count=39 165 459 22 347 393 833 244 908 18 304 316 327 25 380 20
internal_value=-0.000123128 -0.00851903 -0.037503 -0.0111445 0.0100618 0.00372112 0.023707 -0.0623805 0.0203276 0.0166973 0.00579137 0.0253111 0.0298203 0.0271255 0.0600494
internal_weight=762.38 540.487 211.137 102.517 329.35 224.861 104.489 108.62 221.894 160.511 70.8308 89.6799 61.3828 56.3586 5.02414
internal_count=4800 3371 1442 512 1929 1292 637 930 1429 965 334 631 464 419 45
is_linear=0
shrinkage=0.08


Tree=23
num_leaves=15
num_cat=0
split_feature=1 1 0 0 0 0 0 4 0 0 4 4 4 4
split_gain=17.5984 39.6845 20.8474 17.5382 4.34236 27.2976 4.13637 1.95555 1.15207 1.62742 1.53072 0.90296 1.18352 0.822342
threshold=1.0000000180025095e-35 1.5000000000000002 1.5000000000000002 1.0000000180025095e-35 3.5000000000000004 2.5000000000000004 2.5000000000000004 7.5000000000000009 7.5000000000000009 2.5000000000000004 58.500000000000007 55.500000000000007 42.500000000000007 22.500000000000004
decision_type=2 2 2 2 2 2 2 2 2 2 2 2 2 2
left_child=8 2 3 -2 5 -3 -4 -6 9 13 -11 12 -10 -1
right_child=1 4 6 -5 7 -7 -8 -9 11 10 -12 -13 -14 -15
leaf_value=0.011337290255115691 -0.058204119563235387 0.015432937677644821 -0.030875500763623966 0.0357349070966455 -0.014095419703052949 -0.075931776677730309 -0.060207429832279349 0.019401981048154302 0.032045828218693555 0.0088825178825689115 0.033416908625264329 0.0034269188506978244 0.079460355770790747 0.033270293078587851
leaf_weight=14.377069115638731 18.864423148334026 113.85994030535221 43.742980062961578 39.048883393406868 11.909850895404814 25.642388880252838 103.74412681907415 175.72056868672371 12.607068762183195 118.58710645139217 18.864064246416092 4.2212372422218314 4.5980750620365134 45.769849710166454
leaf_count=98 165 664 182 165 66 196 930 1003 93 701 111 28 32 366
internal_value=-0.000125632 -0.00797651 -0.0355371 0.00513563 0.00932824 -0.00136112 -0.0515079 0.0172757 0.0189629 0.0170523 0.0122497 0.0365827 0.0447174 0.0280276
internal_weight=751.558 532.533 205.4 57.9133 327.133 139.502 147.487 187.63 219.024 197.598 137.451 21.4264 17.2051 60.1469
internal_count=4800 3371 1442 330 1929 860 1112 1069 1429 1276 812 153 125 464
is_linear=0
shrinkage=0.08


Tree=24
num_leaves=15
num_cat=0
split_feature=1 1 0 0 0 0 0 4 0 0 4 4 4 4
split_gain=15.1485 34.5792 18.3211 7.40265 3.71162 24.2978 1.92473 1.35095 1.02996 1.44232 1.3463 0.811606 1.11566 0.740091
threshold=1.0000000180025095e-35 1.5000000000000002 2.5000000000000004 1.0000000180025095e-35 3.5000000000000004 2.5000000000000004 7.5000000000000009 68.500000000000014 7.5000000000000009 2.5000000000000004 25.500000000000004 55.500000000000007 42.500000000000007 65.500000000000014
decision_type=2 2 2 2 2 2 2 2 2 2 2 2 2 2
left_child=8 2 3 -2 5 -3 -6 -4 9 13 -11 12 -10 -1
right_child=1 4 7 -5 6 -7 -8 -9 11 10 -12 -13 -14 -15
leaf_value=0.02420473144697009 -0.056018412203951505 0.014327547385720348 -0.060584719880565831 0.00050808745759666819 0.01246474569222345 -0.073838347935501217 0.0345364564071685 -0.023542375289136743 0.030159807142955228 0.024730711470350331 0.0066326584500663952 0.003159876253181486 0.077231435413494448 0.06438306969385868
leaf_weight=55.897635608911514 18.065766356885433 112.8752585798502 92.405237182974815 82.715288892388344 155.71967105567455 24.314683258533478 30.187830105423927 6.76231426000595 12.335371181368833 35.568118050694466 101.0213483273983 4.2121313214302054 4.3620587289333335 3.0966911762952796
leaf_count=433 165 664 878 347 868 196 201 52 93 212 600 28 32 31
internal_value=-0.000132274 -0.00749853 -0.0336463 -0.00962472 0.008683 -0.00129842 0.0160488 -0.0580588 0.0176645 0.0158603 0.0113454 0.0345407 0.0424569 0.0263137
internal_weight=739.539 523.046 199.949 100.781 323.097 137.19 185.908 99.1676 216.493 195.584 136.589 20.9096 16.6974 58.9943
internal_count=4800 3371 1442 512 1929 860 1069 930 1429 1276 812 153 125 464
is_linear=0
shrinkage=0.08


Tree=25
num_leaves=14
num_cat=0
split_feature=1 1 0 0 0 0 0 4 4 4 4 0 4
split_gain=13.0307 30.1012 17.8037 14.1492 3.73254 3.17264 21.6303 1.80125 1.03057 4.19041 2.10845 1.35366 1.03649
threshold=1.0000000180025095e-35 1.5000000000000002 1.5000000000000002 1.0000000180025095e-35 3.5000000000000004 3.5000000000000004 2.5000000000000004 40.500000000000007 58.500000000000007 56.500000000000007 60.500000000000007 7.5000000000000009 77.500000000000014
decision_type=2 2 2 2 2 2 2 2 2 2 2 2 2
left_child=8 2 3 -2 -4 6 -3 -7 9 11 -10 -1 -12
right_child=1 5 4 -5 -6 7 -8 -9 10 -11 12 -13 -14
leaf_value=0.013792371970443376 -0.053862948290183649 0.013293708770271835 -0.031923207694600088 0.033134301042292084 -0.058455768029261244 0.021790252560801346 -0.071795759306991516 0.0058178071104199374 0.082317767212133755 -0.069119436988941851 0.028105221976088966 0.037612334602152388 -0.019613908795889829
leaf_weight=164.9747585952282 17.316906675696373 111.96060873568058 59.013831064105034 38.711324706673622 79.844285272061825 104.82867263257504 23.057870030403137 79.422046467661858 4.2857317924499538 3.7787120416760436 20.908511683344845 16.82618010789156 3.3847143575549117
leaf_count=1076 165 664 329 165 783 612 196 457 29 26 144 129 25
internal_value=-0.000138665 -0.00704479 -0.0318203 0.00624566 -0.0471796 0.00807851 -0.0012375 0.0149053 0.0164417 0.0142639 0.0305834 0.015997 0.0214566
internal_weight=728.314 514.156 194.886 56.0282 138.858 319.269 135.018 184.251 214.159 185.58 28.579 181.801 24.2932
internal_count=4800 3371 1442 330 1112 1929 860 1069 1429 1231 198 1205 169
is_linear=0
shrinkage=0.08


Tree=26
num_leaves=12
num_cat=0
split_feature=1 1 0 0 0 0 0 2 4 4 4
split_gain=11.1954 26.1572 15.5625 12.3293 3.77086 2.94519 3.12806 0.979687 0.974341 1.11693 1.73393
threshold=1.0000000180025095e-35 1.5000000000000002 1.5000000000000002 1.0000000180025095e-35 3.5000000000000004 7.5000000000000009 1.5000000000000002 1.0000000180025095e-35 1.0000000180025095e-35 4.5000000000000009 7.5000000000000009
decision_type=2 2 2 2 2 2 2 2 2 2 2
left_child=8 2 3 -2 -4 6 -3 -7 -1 -10 -11
right_child=1 5 4 -5 -6 7 -8 -9 9 10 -12
leaf_value=0.051028160537859878 -0.051736107135366013 0.018961688068565727 -0.029431582506350158 0.0307542435893297 -0.056376344475778703 0.0055246164660703997 2.0332459779860165e-05 0.039873445214766469 -0.034663711239941677 0.076580054703022885 0.01428251966517244
leaf_weight=4.7717681378126136 16.615819372236729 75.918202579021454 58.894144341349602 38.384562134742737 76.313354998826981 6.9781607836484936 210.56421267986298 22.287389829754829 2.919970601797103 2.9005209952592841 201.50176922976971
leaf_count=34 165 459 329 165 783 48 1269 153 20 19 1356
internal_value=-0.000141171 -0.00660872 -0.0300448 0.0058336 -0.0446397 0.0075093 0.00503982 0.0316832 0.0152873 0.0144647 0.0151665
internal_weight=718.05 505.956 190.208 55.0004 135.207 315.748 286.482 29.2656 212.094 207.322 204.402
internal_count=4800 3371 1442 330 1112 1929 1728 201 1429 1395 1375
is_linear=0
shrinkage=0.08


Tree=27
num_leaves=16
num_cat=0
split_feature=1 1 0 0 0 0 4 4 2 0 4 4 4 4 4
split_gain=9.58934 22.7199 14.3018 5.29925 2.8845 18.7918 1.94823 1.45505 0.966811 2.0162 1.84767 1.98567 1.67873 1.59529 0.958604
threshold=1.0000000180025095e-35 1.5000000000000002 2.5000000000000004 1.0000000180025095e-35 3.5000000000000004 2.5000000000000004 25.500000000000004 20.500000000000004 1.5000000000000002 1.5000000000000002 52.500000000000007 41.500000000000007 7.5000000000000009 20.500000000000004 62.500000000000007
decision_type=2 2 2 2 2 2 2 2 2 2 2 2 2 2 2
left_child=8 2 3 -2 5 -3 -6 -4 9 13 11 -10 -11 -1 -12
right_child=1 4 7 -5 6 -7 -8 -9 10 12 14 -13 -14 -15 -16
leaf_value=-0.0029439934937970898 -0.049637293966636485 0.011382263183377829 -0.031491043233311519 0.00072129435021293627 -0.00017136443879182015 -0.069793046863043981 0.018489012690127406 -0.057132553983260073 0.030763981687735184 0.044211416544395366 0.093774161677621384 -0.029839260214363245 0.0063611741429906929 0.039800134519053849 0.029431530211221274
leaf_weight=7.1819433122873297 15.960365384817122 110.27405112981796 17.785600982606411 82.514417707920074 48.974333375692368 21.871540307998657 133.19363969564438 69.546859584748745 14.934253141283994 7.9101939797401419 3.5824624523520461 4.5036131367087355 144.39493207633495 25.180713601410389 2.5273759663105011
leaf_count=54 165 664 181 347 285 196 784 749 116 50 29 35 911 212 22
internal_value=-0.00013881 -0.00616506 -0.0283422 -0.00744061 0.00694502 -0.00205314 0.0134723 -0.0519106 0.0141982 0.0121802 0.0287846 0.0167226 0.00832698 0.0303143 0.0671584
internal_weight=710.336 500.121 185.807 98.4748 314.314 132.146 182.168 87.3325 210.215 184.668 25.5477 19.4379 152.305 32.3627 6.10984
internal_count=4800 3371 1442 512 1929 860 1069 930 1429 1227 202 151 961 266 51
is_linear=0
shrinkage=0.08


Tree=28
num_leaves=14
num_cat=0
split_feature=1 1 0 0 0 0 0 4 4 4 4 0 4
split_gain=8.23603 19.7153 13.1471 9.88548 3.33418 2.55759 4.22277 2.34849 0.923668 3.59335 1.95486 1.27849 0.902604
threshold=1.0000000180025095e-35 1.5000000000000002 1.5000000000000002 1.0000000180025095e-35 3.5000000000000004 5.5000000000000009 1.5000000000000002 43.500000000000007 58.500000000000007 56.500000000000007 60.500000000000007 4.5000000000000009 77.500000000000014
decision_type=2 2 2 2 2 2 2 2 2 2 2 2 2
left_child=8 2 3 -2 -4 6 -3 -7 9 11 -10 -1 -12
right_child=1 5 4 -5 -6 7 -8 -9 10 -11 12 -13 -14
leaf_value=0.0073617593991851232 -0.047566811451942748 0.016852974148768424 -0.026456446742595729 0.028488654682881923 -0.052365265489883399 0.027120408168602318 -0.0067711562289302588 0.0018614797829484965 0.078783959038110585 -0.065389916292547229 0.024494412525698853 0.021313609848598945 -0.020244272452588787
leaf_weight=108.24677915871143 15.348341725766657 74.578571543097496 58.200115695595741 38.058701902627945 70.049657501280308 59.436275377869606 138.08323660492897 39.02649761736393 3.9695444479584721 3.8453882709145537 20.177095122635368 68.72189325094223 3.36782382428646
leaf_count=677 165 459 329 165 783 393 833 244 29 26 144 528 25
internal_value=-0.000140299 -0.00577801 -0.0267194 0.00663151 -0.0406078 0.00644909 0.00151361 0.0171088 0.0131952 0.0111172 0.0268507 0.0127797 0.0180951
internal_weight=701.11 492.781 181.657 53.407 128.25 311.125 212.662 98.4628 208.329 180.814 27.5145 176.969 23.5449
internal_count=4800 3371 1442 330 1112 1929 1292 637 1429 1231 198 1205 169
is_linear=0
shrinkage=0.08


Tree=29
num_leaves=16
num_cat=0
split_feature=1 1 0 4 0 0 4 4 0 0 3 4 4 4 4
split_gain=7.05261 17.0946 11.9249 4.5951 2.48887 16.2833 1.76994 1.56987 0.867858 1.80814 1.57699 0.90624 0.728606 1.28322 0.988322
threshold=1.0000000180025095e-35 1.5000000000000002 2.5000000000000004 5.5000000000000009 3.5000000000000004 2.5000000000000004 18.500000000000004 68.500000000000014 2.5000000000000004 4.5000000000000009 1.0000000180025095e-35 13.500000000000002 27.500000000000004 16.500000000000004 35.500000000000007
decision_type=2 2 2 2 2 2 2 2 2 2 2 2 2 2 2
left_child=8 2 3 -2 5 -3 -6 -4 12 10 -10 -11 13 -1 -14
right_child=1 4 7 -5 6 -7 -8 -9 9 11 -12 -13 14 -15 -16
leaf_value=0.036383826585553843 -0.082737338473710967 0.0098590066692755846 -0.050982205243350141 -0.0023212676834274627 -0.0061069731506967363 -0.06762629633821679 0.015517288407292865 -0.0074731964231248664 0.0028852791259124876 -0.0089530913658872387 -0.044202865244967582 0.019803335086690875 0.055014830486476075 -0.0058106302040386104 0.021174517935579451
leaf_weight=7.0506187081337002 4.7831919044256201 108.93748340010643 74.91987320035696 92.360722191631794 28.846584543585777 20.647106617689133 151.19044391810894 5.7120856791734687 63.80601791292429 7.7411810606718054 4.9014835357666007 74.644579961895943 6.865562677383422 13.341560408473013 28.254971615970135
leaf_count=61 30 664 878 482 167 196 902 52 311 60 23 571 70 80 253
internal_value=-0.00013464 -0.0053853 -0.0251576 -0.00628081 0.00596738 -0.00248696 0.0120525 -0.0479 0.012252 0.00910923 -0.000473914 0.0171013 0.020806 0.00877815 0.0277898
internal_weight=694.003 487.397 177.776 97.1439 309.622 129.585 180.037 80.632 206.606 151.093 68.7075 82.3858 55.5127 20.3922 35.1205
internal_count=4800 3371 1442 512 1929 860 1069 930 1429 965 334 631 464 141 323
is_linear=0
shrinkage=0.08


Tree=30
num_leaves=16
num_cat=0
split_feature=0 1 1 0 0 0 4 4 4 1 4 2 4 4 4
split_gain=6.49292 7.14123 19.2224 8.84531 3.00141 2.44111 5.09558 4.76513 6.64753 5.23327 2.73617 2.16029 1.92284 1.56631 0.845542
threshold=1.5000000000000002 1.0000000180025095e-35 1.5000000000000002 3.5000000000000004 3.5000000000000004 1.0000000180025095e-35 39.500000000000007 37.500000000000007 40.500000000000007 1.5000000000000002 31.500000000000004 1.5000000000000002 50.500000000000007 7.5000000000000009 66.500000000000014
decision_type=2 2 2 2 2 2 2 2 2 2 2 2 2 2 2
left_child=5 11 4 -4 -3 7 10 9 -9 -1 -7 13 -13 -2 -8
right_child=1 2 3 -5 -6 6 14 8 -10 -11 -12 12 -14 -15 -16
leaf_value=-0.0080477475608558158 0.041119001068628078 -0.023323506151460588 -0.02564352410472789 0.011167761560678686 -0.048439634163600205 0.01670689452102515 0.03854019045259377 -0.098496144398376131 -0.0031851832348844 0.052542964707282848 -0.025271904968089808 0.019214611081206159 0.076910717963611805 0.0039804183117598778 0.070130020121347156
leaf_weight=17.951998576521873 7.6611025854945174 57.617434233427048 54.510516941547394 178.83068588376045 64.583216398954391 37.572818100452423 34.32244161516428 5.6040058657526961 28.50649132579565 18.550062239170074 13.510357730090616 13.879178717732431 5.0390346795320502 141.5984360575676 6.4402994662523261
leaf_count=170 50 329 401 1069 783 221 208 45 224 116 78 110 43 911 42
internal_value=-0.0001339 -0.00446814 -0.010893 0.00256833 -0.0365974 0.0138385 0.022437 0.00265435 -0.0188438 0.022744 0.00560444 0.00911462 0.0345825 0.00588664 0.0435312
internal_weight=686.178 523.72 355.542 233.341 122.201 162.458 91.8459 70.6126 34.1105 36.5021 51.0832 168.178 18.9182 149.26 40.7627
internal_count=4800 3696 2582 1470 1112 1104 549 555 269 286 299 1114 153 961 250
is_linear=0
shrinkage=0.08


Tree=31
num_leaves=16
num_cat=0
split_feature=0 1 1 0 0 0 4 4 4 1 4 2 4 4 4
split_gain=5.56375 6.11338 16.7284 7.49417 2.90409 2.10003 4.48088 4.06493 5.37443 4.62009 2.84703 1.90246 1.80125 1.36735 0.780081
threshold=1.5000000000000002 1.0000000180025095e-35 1.5000000000000002 3.5000000000000004 3.5000000000000004 1.0000000180025095e-35 39.500000000000007 37.500000000000007 40.500000000000007 1.5000000000000002 5.5000000000000009 1.5000000000000002 50.500000000000007 7.5000000000000009 66.500000000000014
decision_type=2 2 2 2 2 2 2 2 2 2 2 2 2 2 2
left_child=5 11 4 -4 -3 7 10 9 -9 -1 -7 13 -13 -2 -8
right_child=1 2 3 -5 -6 6 14 8 -10 -11 -12 12 -14 -15 -16
leaf_value=-0.0074027556946604164 0.038756282781148815 -0.021498416238425858 -0.023538694885559545 0.010341184526474546 -0.04645088976898909 -0.061147470864275237 0.036184393434989207 -0.087385253750209627 -0.0029268506584580033 0.049978636625688105 0.010573138407481902 0.017928129008784568 0.075046017111286653 0.0036703653507956487 0.067049394891394123
leaf_weight=17.954720608890057 7.4853579252958289 57.512602455914021 54.628924295306206 177.72259673476219 62.065944090485573 3.830379642546176 33.660626873373985 5.8023571893572798 28.539311699569225 17.966260015964508 47.098264902830124 13.693094208836557 4.7624997571110717 141.28858260065317 6.2070586308836928
leaf_count=170 50 329 401 1069 783 25 208 45 224 116 274 110 43 911 42
internal_value=-0.000122791 -0.00415267 -0.0101369 0.00237558 -0.0344497 0.0128672 0.0209031 0.00248274 -0.0171969 0.0212972 0.00517898 0.00844099 0.0326675 0.00543567 0.0409898
internal_weight=680.219 519.16 351.93 232.352 119.579 161.059 90.7963 70.2626 34.3417 35.921 50.9286 167.23 18.4556 148.774 39.8677
internal_count=4800 3696 2582 1470 1112 1104 549 555 269 286 299 1114 153 961 250
is_linear=0
shrinkage=0.08


Tree=32
num_leaves=15
num_cat=0
split_feature=1 1 0 0 4 2 4 0 2 4 0 4 4 2
split_gain=4.84783 11.0905 8.80575 3.97743 2.26234 2.27334 1.69265 0.849064 1.67256 1.68484 1.2706 0.992091 1.65002 1.22947
threshold=1.0000000180025095e-35 1.5000000000000002 2.5000000000000004 1.0000000180025095e-35 83.500000000000014 1.0000000180025095e-35 1.5000000000000002 1.5000000000000002 1.5000000000000002 50.500000000000007 4.5000000000000009 20.500000000000004 16.500000000000004 1.5000000000000002
decision_type=2 2 2 2 2 2 2 2 2 2 2 2 2 2
left_child=7 2 3 -2 5 -3 -4 11 10 -10 -9 12 -1 -13
right_child=1 4 6 -5 -6 -7 -8 8 9 -11 -12 13 -14 -15
leaf_value=0.025808168160030377 -0.044019225035922663 -0.0071587984400216208 0.030239711328975471 0.0015988833947292557 -0.06257087637906511 0.0091964628800230534 -0.044191764042355856 -0.0019434471402632006 0.016713473518019634 0.073219235807727559 0.012893521990968165 0.0356870166135482 -0.048751135463325143 -0.0091683578842730717
leaf_weight=4.8028858304023734 14.370753765106199 71.372102826833725 2.0114075243473044 82.203459769487381 3.175983525812625 228.61388597637415 70.218278706073761 78.730048969388008 13.520593576133253 4.5015751719474784 69.592805296182632 23.734973095357422 3.1425503641366959 4.6823326274752608
leaf_count=43 165 447 22 347 19 1463 908 421 110 43 540 212 18 42
internal_value=-0.000112508 -0.00455674 -0.0209912 -0.00518933 0.00459417 0.00530525 -0.042119 0.010235 0.00781428 0.0308275 0.00501803 0.021309 -0.00368126 0.0282962
internal_weight=674.674 471.966 168.804 96.5742 303.162 299.986 72.2297 202.708 166.345 18.0222 148.323 36.3627 7.94544 28.4173
internal_count=4800 3371 1442 512 1929 1910 930 1429 1114 153 961 315 61 254
is_linear=0
shrinkage=0.08


Tree=33
num_leaves=16
num_cat=0
split_feature=0 1 1 0 0 0 4 4 4 1 4 2 4 4 4
split_gain=4.56679 4.64398 12.9759 6.33896 2.43819 1.68034 3.93048 3.59005 4.45265 3.87616 2.41521 1.46724 1.57324 1.20092 0.731921
threshold=1.5000000000000002 1.0000000180025095e-35 1.5000000000000002 3.5000000000000004 3.5000000000000004 1.0000000180025095e-35 39.500000000000007 37.500000000000007 40.500000000000007 1.5000000000000002 31.500000000000004 1.5000000000000002 50.500000000000007 7.5000000000000009 68.500000000000014
decision_type=2 2 2 2 2 2 2 2 2 2 2 2 2 2 2
left_child=5 11 4 -4 -3 7 10 9 -9 -1 -7 13 -13 -2 -8
right_child=1 2 3 -5 -6 6 14 8 -10 -11 -12 12 -14 -15 -16
leaf_value=-0.0060804850733741211 0.036281239367012476 -0.019327802055440699 -0.021920471870819212 0.0092438884684928821 -0.042662459738681824 0.014873513491698017 0.034166211097705144 -0.079264514243572184 -0.0028546915666866051 0.047225929334460556 -0.024607515771360881 0.015568320484795981 0.071420139162907181 0.0029924879326136684 0.068429470343150695
leaf_weight=17.568599663674831 7.2961059287190428 56.96996958553791 54.747772231698036 176.23976600170135 57.666103087365627 37.061399899423122 34.286971792578697 5.9033307880163184 28.181698203086853 17.353367000818253 13.539135068655012 13.360781915485861 4.2559090927243224 140.47160462290049 4.5156336352229109
leaf_count=170 50 329 401 1069 783 221 218 45 224 116 78 110 43 911 32
internal_value=-0.000108077 -0.00378703 -0.00906257 0.00185743 -0.031066 0.0117597 0.0189985 0.00238133 -0.0160884 0.0204085 0.00430961 0.00723789 0.0290612 0.00463614 0.0381536
internal_weight=669.418 511.008 345.624 230.988 114.636 158.41 89.4031 69.007 34.085 34.922 50.6005 165.384 17.6167 147.768 38.8026
internal_count=4800 3696 2582 1470 1112 1104 549 555 269 286 299 1114 153 961 250
is_linear=0
shrinkage=0.08


Tree=34
num_leaves=12
num_cat=0
split_feature=0 4 1 1 0 4 4 2 1 4 0
split_gain=3.90812 4.23406 4.04134 11.1653 1.44325 3.55675 3.0625 3.63822 3.41713 2.34412 1.30845
threshold=1.5000000000000002 88.500000000000014 1.0000000180025095e-35 1.5000000000000002 1.0000000180025095e-35 5.5000000000000009 37.500000000000007 1.0000000180025095e-35 1.5000000000000002 39.500000000000007 7.5000000000000009
decision_type=2 2 2 2 2 2 2 2 2 2 2
left_child=4 2 10 -4 6 -6 8 -8 -1 -7 -2
right_child=1 -3 3 -5 5 9 7 -9 -10 -11 -12
leaf_value=-0.0055929823723861972 0.0048514638910923469 -0.095478484212729836 -0.028610856643791618 0.0022423507460614897 -0.056985393336147237 0.0090907539242122831 -0.06549919339391537 -0.0013301753581897505 0.044840705091776581 0.03586357974420263 0.027573979655785483
leaf_weight=17.571807533502579 145.83481346815825 3.1838966459035865 111.8746685013175 228.16398065537214 3.9032830744981757 46.571496091783047 7.1428277119994155 27.144448220729828 16.83615255355835 38.01450277864933 18.248460724949837
leaf_count=170 959 20 1107 1459 25 274 57 212 116 250 151
internal_value=-9.86007e-05 -0.00351367 -0.00293284 -0.00790853 0.0109234 0.0176776 0.002223 -0.0146981 0.0190847 0.021123 0.00737854
internal_weight=664.49 507.306 504.122 340.039 157.185 88.4893 68.6952 34.2873 34.408 84.586 164.083
internal_count=4800 3696 3676 2566 1104 549 555 269 286 524 1110
is_linear=0
shrinkage=0.08


Tree=35
num_leaves=15
num_cat=0
split_feature=1 1 0 0 0 4 4 2 0 0 4 4 4 4
split_gain=3.34514 7.16803 6.65631 3.45489 2.15729 1.76375 1.67849 0.871406 0.858765 1.27369 1.3911 0.987963 0.648321 1.32114
threshold=1.0000000180025095e-35 1.5000000000000002 2.5000000000000004 1.0000000180025095e-35 7.5000000000000009 68.500000000000014 82.500000000000014 1.0000000180025095e-35 2.5000000000000004 4.5000000000000009 61.500000000000007 13.500000000000002 65.500000000000014 60.500000000000007
decision_type=2 2 2 2 2 2 2 2 2 2 2 2 2 2
left_child=8 2 3 -2 6 -4 -3 -6 12 10 -10 -11 13 -1
right_child=1 4 5 -5 7 -7 -8 -9 9 11 -12 -13 -14 -15
leaf_value=0.018175386924030798 -0.041188294963810254 0.002022881214818069 -0.040676667902855949 0.0022747982544268418 -0.00020760360416058877 0.0093965443622700782 -0.056496976101965926 0.033109826834375009 -0.0062665988495510458 -0.015609587763520711 0.033504250930424376 0.01522044566648662 0.056750827977870809 -0.042573196083220494
leaf_weight=48.294757924973965 13.656070366501806 269.64267635345459 61.031925931572914 81.929127931594849 6.649265035986903 4.860546074807643 3.1737697795033446 20.55561837553978 61.591786064207554 7.3383790478110305 6.194852538406848 71.15490560978651 2.5348555967211714 2.4052824825048438
leaf_count=409 165 1710 878 347 48 52 18 153 301 60 33 571 31 24
internal_value=-8.83009e-05 -0.00383022 -0.0174204 -0.00393469 0.00348428 -0.036983 0.0013421 0.0249666 0.00856715 0.0054009 -0.00263204 0.0123381 0.0172674 0.0152934
internal_weight=661.014 461.499 161.478 95.5852 300.021 65.8925 272.816 27.2049 199.515 146.28 67.7866 78.4933 53.2349 50.7
internal_count=4800 3371 1442 512 1929 930 1728 201 1429 965 334 631 464 433
is_linear=0
shrinkage=0.08


Tree=36
num_leaves=15
num_cat=0
split_feature=0 0 4 4 1 4 4 0 4 4 4 1 4 4
split_gain=3.26373 3.31175 2.84365 5.57039 2.03948 3.71004 1.64128 1.1331 3.02992 2.64622 3.56643 2.90578 2.1038 0.700501
threshold=1.5000000000000002 4.5000000000000009 79.500000000000014 69.500000000000014 1.0000000180025095e-35 15.500000000000002 16.500000000000004 1.0000000180025095e-35 39.500000000000007 37.500000000000007 40.500000000000007 1.5000000000000002 31.500000000000004 66.500000000000014
decision_type=2 2 2 2 2 2 2 2 2 2 2 2 2 2
left_child=7 4 3 -3 6 -6 -2 9 12 11 -11 -1 -9 -10
right_child=1 2 -4 -5 5 -7 -8 8 13 10 -12 -13 -14 -15
leaf_value=-0.0046865942188397342 0.02921466142119368 0.0020878088998536903 -0.056880959894094377 0.064086481248898999 -0.047419161887894461 -0.010455596034471914 -0.0038802880198745221 0.013243371893472231 0.028768561141902748 -0.068994871731193327 -0.0013672530632949243 0.0424297287580883 -0.023603435035429117 0.059456486523374819
leaf_weight=17.20413389056921 11.012854278087614 234.34966217726469 4.9212248399853697 9.6569061130285245 19.697852052748203 147.59006264805794 74.254136897623539 36.621360771358013 31.542119562625885 6.0685619041323653 28.100178338587284 16.327692210674286 13.600018106400965 5.6067073270678511
leaf_count=170 64 1992 35 73 132 981 419 221 208 45 224 116 78 42
internal_value=-8.46346e-05 -0.00322116 0.00332719 0.00454149 -0.00967547 -0.014808 0.000394166 0.0100586 0.0160782 0.00228995 -0.0133783 0.0182558 0.00326521 0.0334002
internal_weight=656.553 501.483 248.928 244.007 252.555 167.288 85.267 155.071 87.3702 67.7006 34.1687 33.5318 50.2214 37.1488
internal_count=4800 3696 2100 2065 1596 1113 483 1104 549 555 269 286 299 250
is_linear=0
shrinkage=0.08


Tree=37
num_leaves=10
num_cat=0
split_feature=0 4 0 4 4 4 0 4 4
split_gain=2.78381 3.07159 2.98954 3.33366 2.48952 0.995588 1.60723 1.96843 1.90253
threshold=1.5000000000000002 88.500000000000014 4.5000000000000009 78.500000000000014 69.500000000000014 1.5000000000000002 1.0000000180025095e-35 37.500000000000007 44.500000000000007
decision_type=2 2 2 2 2 2 2 2 2
left_child=5 2 3 -2 -4 -1 7 -7 -8
right_child=1 -3 4 -5 -6 6 8 -9 -10
leaf_value=-0.03000075291810473 -0.0097988927202136075 -0.07958050198235686 0.0019224779876454096 0.062364053060102162 0.038200638255556765 0.015602610546366573 0.0092544342421376127 -0.012234931817149462 0.034758170464961269
leaf_weight=4.0107878968119612 246.77153042703867 3.3265814930200568 234.1515786498785 4.1662325188517562 12.766181170940397 30.873796835541725 56.866854034364223 34.337980531156063 27.906479947268963
leaf_count=34 1559 20 1992 27 98 264 344 269 193
internal_value=-7.27391e-05 -0.00296333 -0.00245139 -0.0086008 0.00379814 0.00933474 0.0103866 0.000944446 0.01765
internal_weight=655.178 501.182 497.856 250.938 246.918 153.996 149.985 65.2118 84.7733
internal_count=4800 3696 3676 1586 2090 1104 1070 533 537
is_linear=0
shrinkage=0.08


Tree=38
num_leaves=12
num_cat=0
split_feature=1 1 0 4 4 0 4 2 4 4 0
split_gain=2.81335 6.13813 5.8224 3.18445 1.90706 1.79369 1.74878 0.78214 0.746449 0.989592 0.816998
threshold=1.0000000180025095e-35 1.5000000000000002 2.5000000000000004 5.5000000000000009 20.500000000000004 7.5000000000000009 83.500000000000014 1.0000000180025095e-35 1.0000000180025095e-35 5.5000000000000009 1.5000000000000002
decision_type=2 2 2 2 2 2 2 2 2 2 2
left_child=8 2 3 -2 -4 6 -3 -7 -1 -10 -11
right_child=1 5 4 -5 -6 7 -8 -9 9 10 -12
leaf_value=0.041060476081314697 -0.068240634865561159 0.0019815164087371722 -0.0078334951197746409 -0.00033791178708795751 -0.042035651401411162 -0.00079813979287716129 -0.058857045933278229 0.030927670091780927 -0.034244314809271516 0.019327242209217027 0.0055428331952722685
leaf_weight=4.2518587633967391 4.6484324485063544 268.64247506856918 13.152459047734736 90.01966343447566 50.473814710974693 6.6164234727621105 3.0582577064633361 20.02509818226099 3.6227124631404868 33.382911533117294 156.64720350503922
leaf_count=34 30 1711 181 482 749 48 17 153 28 300 1067
internal_value=-6.41623e-05 -0.003517 -0.0162505 -0.0036721 -0.0349656 0.00323913 0.00129672 0.0230486 0.00790277 0.00717476 0.00796436
internal_weight=654.541 456.637 158.294 94.6681 63.6263 298.342 271.701 26.6415 197.905 193.653 190.03
internal_count=4800 3371 1442 512 930 1929 1728 201 1429 1395 1367
is_linear=0
shrinkage=0.08


Tree=39
num_leaves=12
num_cat=0
split_feature=1 1 0 0 4 2 4 4 4 4 2
split_gain=2.39787 5.27281 5.18817 2.94248 1.74152 1.67776 2.52825 2.1524 0.657331 0.826351 0.779786
threshold=1.0000000180025095e-35 1.5000000000000002 2.5000000000000004 1.0000000180025095e-35 20.500000000000004 1.0000000180025095e-35 56.500000000000007 67.500000000000014 1.0000000180025095e-35 5.5000000000000009 1.5000000000000002
decision_type=2 2 2 2 2 2 2 2 2 2 2
left_child=8 2 3 -2 -4 6 -3 -7 -1 -10 -11
right_child=1 5 4 -5 -6 7 -8 -9 9 10 -12
leaf_value=0.038858512751970199 -0.038641198854339087 -0.0012244148865261924 -0.0072565676896196368 0.0022631045536407532 -0.040149271544602308 0.004431657426807064 -0.042644877537976918 0.037683700554022252 -0.030794657616601655 0.0055277305679417342 0.021719543369015985
leaf_weight=4.138185240328311 13.057046607136725 60.887731775641441 13.066019907593725 81.563236340880394 48.692625626921654 212.44038400799036 11.159869104623793 13.234666302800177 3.7026973590254775 167.59871757030487 21.474525116384029
leaf_count=34 165 385 181 347 749 1392 68 84 28 1173 194
internal_value=-6.2015e-05 -0.00325921 -0.0151538 -0.00338145 -0.0331903 0.00298846 -0.00764027 0.00638172 0.00731099 0.00663378 0.00736676
internal_weight=651.016 454.102 156.379 94.6203 61.7586 297.723 72.0476 225.675 196.914 192.776 189.073
internal_count=4800 3371 1442 512 930 1929 453 1476 1429 1395 1367
is_linear=0
shrinkage=0.08


Tree=40
num_leaves=11
num_cat=0
split_feature=0 0 4 4 1 4 4 3 4 0
split_gain=2.18172 2.46327 2.24473 4.56372 1.39195 3.12454 1.46552 0.886465 1.39153 1.36536
threshold=1.5000000000000002 4.5000000000000009 79.500000000000014 69.500000000000014 1.0000000180025095e-35 15.500000000000002 12.500000000000002 1.0000000180025095e-35 1.5000000000000002 1.0000000180025095e-35
decision_type=2 2 2 2 2 2 2 2 2 2
left_child=7 4 3 -3 6 -6 -2 8 -1 -10
right_child=1 2 -4 -5 5 -7 -8 -9 9 -11
leaf_value=-0.041794884865794135 0.033946357436863882 0.0019940378538877614 -0.050325395862645693 0.059770237900757597 -0.042424058671435116 -0.0084379297569019303 -0.003130677514856111 0.046806546465504799 -0.00035081918695503624 0.015353868467620118
leaf_weight=3.5963362902402869 7.480441339313983 230.39182671159506 4.9338813945651046 9.0952896922826749 19.631953828036785 146.54316065460443 77.607042402029037 3.7381081730127326 62.277159158140421 82.185979720205069
leaf_count=32 44 1992 35 73 132 981 439 25 518 529
internal_value=-6.02252e-05 -0.00263006 0.00308786 0.00418827 -0.00819229 -0.0124531 0.000128939 0.00833139 0.00735999 0.00858368
internal_weight=647.481 495.684 244.421 239.487 251.263 166.175 85.0875 151.798 148.059 144.463
internal_count=4800 3696 2100 2065 1596 1113 483 1104 1079 1047
is_linear=0
shrinkage=0.08


Tree=41
num_leaves=15
num_cat=0
split_feature=1 1 0 4 4 4 3 2 0 0 4 4 4 4
split_gain=1.93245 4.54539 4.69861 3.55616 2.25478 1.63444 2.2525 2.19496 0.615108 1.41237 4.42831 1.60422 0.84218 1.18287
threshold=1.0000000180025095e-35 1.5000000000000002 3.5000000000000004 14.500000000000002 1.5000000000000002 45.500000000000007 1.0000000180025095e-35 1.5000000000000002 7.5000000000000009 6.5000000000000009 19.500000000000004 11.500000000000002 55.500000000000007 42.500000000000007
decision_type=2 2 2 2 2 2 2 2 2 2 2 2 2 2
left_child=8 2 3 -2 -4 6 -3 -7 9 11 -11 -1 13 -10
right_child=1 5 4 -5 -6 7 -8 -9 12 10 -12 -13 -14 -15
leaf_value=0.035545366101766 -0.044434201626079917 0.0084476852768435706 0.057646580181303197 0.0010054344839044106 -0.037524401791603816 -1.7633184551924567e-05 -0.041495668649092939 -0.031298204124070292 0.016175203256410701 -0.10867538466956102 0.00026170865995257109 0.0053658794954220511 -0.013335190298708608 0.069453197011785206
leaf_weight=12.217702798545359 12.527581341564654 194.56194524466991 1.6479711607098568 91.766173381358385 47.953128799796104 78.899424143135548 5.9564354941248885 17.550334416329861 10.540478624403478 2.7741789221763637 17.163731709122658 145.71261727809906 3.676009275019168 3.5703747421503058
leaf_count=90 84 1264 20 575 763 512 42 111 93 23 141 1022 28 32
internal_value=-5.32702e-05 -0.00293449 -0.0140927 -0.00445269 -0.0343624 0.00284794 0.00696411 -0.00570955 0.00658615 0.00516768 -0.0148959 0.00770061 0.0207708 0.0296558
internal_weight=646.518 450.863 153.895 104.294 49.6011 296.968 200.518 96.4498 195.655 177.868 19.9379 157.93 17.7869 14.1109
internal_count=4800 3371 1442 659 783 1929 1306 623 1429 1276 164 1112 153 125
is_linear=0
shrinkage=0.08


Tree=42
num_leaves=10
num_cat=0
split_feature=0 0 4 4 4 4 3 4 0
split_gain=1.79467 2.2197 1.82057 4.08237 1.2872 1.04734 0.826901 1.17332 1.17652
threshold=1.5000000000000002 4.5000000000000009 79.500000000000014 69.500000000000014 78.500000000000014 71.500000000000014 1.0000000180025095e-35 1.5000000000000002 1.0000000180025095e-35
decision_type=2 2 2 2 2 2 2 2 2
left_child=6 4 3 -3 5 -2 7 -1 -9
right_child=1 2 -4 -5 -6 -7 -8 8 -10
leaf_value=-0.038488433849231438 -0.0077484849770410313 0.0020111241289430906 -0.044840834417640973 0.057374419699390188 0.029622385694386195 -0.042832260774238844 0.044935957125120683 -0.00051129287882992701 0.014109421701694519
leaf_weight=3.595615178346633 239.18661874160171 228.5846606567502 4.9713648036122313 8.854289308190344 5.7881397381424895 5.5725686177611342 3.7010383233427993 62.113113287836313 81.367496125400066
leaf_count=32 1522 1992 35 73 37 37 25 518 529
internal_value=-4.90093e-05 -0.00238511 0.00307248 0.00407567 -0.00766546 -0.00854726 0.00758875 0.00664894 0.00778008
internal_weight=643.735 492.958 242.41 237.439 250.547 244.759 150.777 147.076 143.481
internal_count=4800 3696 2100 2065 1596 1559 1104 1079 1047
is_linear=0
shrinkage=0.08


Tree=43
num_leaves=14
num_cat=0
split_feature=1 1 0 4 4 0 0 4 4 4 4 0 4
split_gain=1.70723 3.925 4.18401 2.98308 1.93801 1.5611 11.3302 1.72788 0.568357 3.50842 2.02596 0.840344 0.577285
threshold=1.0000000180025095e-35 1.5000000000000002 3.5000000000000004 14.500000000000002 1.5000000000000002 3.5000000000000004 2.5000000000000004 40.500000000000007 58.500000000000007 56.500000000000007 60.500000000000007 7.5000000000000009 77.500000000000014
decision_type=2 2 2 2 2 2 2 2 2 2 2 2 2
left_child=8 2 3 -2 -4 6 -3 -7 9 11 -10 -1 -12
right_child=1 5 4 -5 -6 7 -8 -9 10 -11 12 -13 -14
leaf_value=0.0045221964164494323 -0.040983926247763168 0.0058086878959479745 0.050533730702554402 0.00081653563853649642 -0.035780990360689761 0.014476596476603239 -0.062708823359806487 -0.0016525116561586423 0.07409471009916184 -0.072717008776736217 0.013896127119778967 0.024789668282595417 -0.022589949734931419
leaf_weight=152.09804784506559 12.407182745635508 104.80329545587301 1.7266786098480214 91.561219852417707 46.465543322265148 98.264008417725563 18.115779548883438 74.916781507432461 3.4825218617916134 3.6788349449634543 18.02555271610618 14.32619860768318 3.2804106399416915
leaf_count=1076 84 664 20 575 763 612 196 457 29 26 144 129 25
internal_value=-4.30989e-05 -0.00276085 -0.0132035 -0.00417177 -0.0326884 0.00260547 -0.0042894 0.00749926 0.00620788 0.00455868 0.017525 0.00626687 0.00827848
internal_weight=643.152 448.26 152.161 103.968 48.1922 296.1 122.919 173.181 194.892 170.103 24.7885 166.424 21.306
internal_count=4800 3371 1442 659 783 1929 860 1069 1429 1231 198 1205 169
is_linear=0
shrinkage=0.08


Tree=44
num_leaves=8
num_cat=0
split_feature=4 4 4 0 2 0 4
split_gain=1.5877 1.74314 1.9769 1.83329 2.21887 1.80281 1.30373
threshold=88.500000000000014 68.500000000000014 54.500000000000007 1.0000000180025095e-35 1.0000000180025095e-35 2.5000000000000004 52.500000000000007
decision_type=2 2 2 2 2 2 2
left_child=1 2 6 -3 -5 -4 -1
right_child=-2 3 5 4 -6 -7 -8
leaf_value=0.00032166272524212467 -0.052062055686698659 -0.041441729290553057 0.0032798019924656424 -0.0088144376622053995 0.039238104241465503 -0.021326840905591612 0.021366001013637798
leaf_weight=501.76850903406739 3.7333105728030196 2.9664228409528759 30.175987996160984 8.8480118401348609 20.169250149279833 51.709611557424068 19.575802817940712
leaf_count=3756 24 26 210 64 152 419 149
internal_value=-4.39147e-05 0.000261809 -0.000703172 0.0184619 0.0245858 -0.0122589 0.00111185
internal_weight=638.947 635.214 603.23 31.9837 29.0173 81.8856 521.344
internal_count=4800 4776 4534 242 216 629 3905
is_linear=0
shrinkage=0.08


Tree=45
num_leaves=16
num_cat=0
split_feature=1 1 0 4 4 2 4 4 0 3 4 4 4 4 4
split_gain=1.46753 3.42122 3.67685 2.52659 1.66642 1.4648 1.91966 1.78547 0.569895 1.03823 2.14057 0.76643 0.662134 2.30437 0.45902
threshold=1.0000000180025095e-35 1.5000000000000002 3.5000000000000004 14.500000000000002 1.5000000000000002 1.0000000180025095e-35 56.500000000000007 67.500000000000014 2.5000000000000004 1.0000000180025095e-35 1.5000000000000002 36.500000000000007 22.500000000000004 19.500000000000004 63.500000000000007
decision_type=2 2 2 2 2 2 2 2 2 2 2 2 2 2 2
left_child=8 2 3 -2 -4 6 -3 -7 12 10 -10 -11 13 -1 -14
right_child=1 5 4 -5 -6 7 -8 -9 9 11 -12 -13 14 -15 -16
leaf_value=0.017619151216022155 -0.037978451661633127 -0.001827773384400784 0.044521995735720014 0.00059897805306737906 -0.034001540588699135 0.0038856061902730779 -0.037736961549256424 0.03472668239656674 0.071754773829455679 -0.053868911157506673 0.0032167416699146432 -0.00062152162860175191 0.015448105427798663 -0.059513227100427141 0.045175045833911159
leaf_weight=9.3933962062001211 12.329618629068134 60.273618191480637 1.7987672612071026 91.497010994702578 45.028871215879917 209.79117158055305 11.316683106124399 12.743339918553827 2.9816134199500075 3.4345215484499922 133.33499509096146 3.4860196113586426 34.442521676421165 3.3675946146249762 3.6795339211821547
leaf_count=80 84 385 20 575 763 1392 68 84 22 21 903 19 321 18 45
internal_value=-3.89649e-05 -0.00257194 -0.0123755 -0.00398217 -0.0309853 0.00244956 -0.00750414 0.00565171 0.00576473 0.00318122 0.00471585 -0.0270471 0.0130374 -0.0027359 0.0183173
internal_weight=638.899 444.779 150.654 103.827 46.8276 294.125 71.5903 222.535 194.12 143.237 136.317 6.92054 50.883 12.761 38.1221
internal_count=4800 3371 1442 659 783 1929 453 1476 1429 965 925 40 464 98 366
is_linear=0
shrinkage=0.08


Tree=46
num_leaves=8
num_cat=0
split_feature=4 4 4 0 4 0 4
split_gain=1.37978 1.43005 1.66277 1.62279 1.78555 1.44196 1.10789
threshold=88.500000000000014 68.500000000000014 54.500000000000007 1.0000000180025095e-35 72.500000000000014 2.5000000000000004 52.500000000000007
decision_type=2 2 2 2 2 2 2
left_child=1 2 6 -3 -5 -4 -1
right_child=-2 3 5 4 -6 -7 -8
leaf_value=0.0003234802386292094 -0.048366959122189468 -0.039586993554057821 0.0027321225857157333 0.0499032595140032 0.0080035724831007335 -0.01929703954572131 0.019832078106646989
leaf_weight=499.83714820817113 3.7580847665667525 2.9551110342144993 30.034141156822443 10.020033646374943 18.577675241976976 51.840772427618504 19.351814776659012
leaf_count=3756 24 26 210 75 141 419 149
internal_value=-3.59432e-05 0.000251169 -0.000620304 0.0168523 0.0226843 -0.0112161 0.00105063
internal_weight=636.375 632.617 601.064 31.5528 28.5977 81.8749 519.189
internal_count=4800 4776 4534 242 216 629 3905
is_linear=0
shrinkage=0.08


Tree=47
num_leaves=13
num_cat=0
split_feature=0 0 4 4 4 4 4 4 4 4 4 1
split_gain=1.29063 1.96065 1.38879 3.17893 1.13366 1.1 0.808797 1.98724 1.54603 1.44191 0.778614 0.201868
threshold=1.5000000000000002 4.5000000000000009 79.500000000000014 69.500000000000014 78.500000000000014 71.500000000000014 65.500000000000014 60.500000000000007 71.500000000000014 52.500000000000007 76.500000000000014 1.5000000000000002
decision_type=2 2 2 2 2 2 2 2 2 2 2 2
left_child=6 4 3 -3 5 -2 7 9 11 -1 -10 -8
right_child=1 2 -4 -5 -6 -7 8 -9 10 -11 -12 -13
leaf_value=0.0040241634485314653 -0.0070082511711768514 0.0022496292020208202 -0.0385366083663631 0.052508196399122589 0.028203976135074235 -0.043198734077712013 0.070045518604918283 -0.045813806030683031 -0.042929932905992077 0.032433229063058747 0.024756985215680389 0.040101803579012572
leaf_weight=121.50686852633953 237.28042276576161 225.41552041471004 5.0068688839673987 8.3530112951993924 5.720055639743804 5.4996334910392752 2.9627899527549726 4.7766138091683379 2.0866847969591618 12.621947214007376 2.2718145400285721 2.8051547557115555
leaf_count=881 1522 1992 35 73 37 37 25 39 19 98 22 20
internal_value=-3.17951e-05 -0.00202435 0.00315257 0.00404547 -0.00699867 -0.00782806 0.00648306 0.00489181 0.0283104 0.00669755 -0.00764895 0.0554828
internal_weight=636.307 487.276 238.775 233.769 248.5 242.78 149.032 138.905 10.1264 134.129 4.3585 5.76794
internal_count=4800 3696 2100 2065 1596 1559 1104 1018 86 979 41 45
is_linear=0
shrinkage=0.08


Tree=48
num_leaves=14
num_cat=0
split_feature=1 1 0 0 4 0 0 4 4 4 4 0 4
split_gain=1.29603 2.99509 3.32376 1.61452 1.49904 1.4306 9.86 1.77199 0.50848 2.70807 1.92126 0.724934 0.449555
threshold=1.0000000180025095e-35 1.5000000000000002 7.5000000000000009 1.0000000180025095e-35 20.500000000000004 3.5000000000000004 2.5000000000000004 25.500000000000004 58.500000000000007 56.500000000000007 60.500000000000007 7.5000000000000009 77.500000000000014
decision_type=2 2 2 2 2 2 2 2 2 2 2 2 2
left_child=8 2 3 -2 -4 6 -3 -7 9 11 -10 -1 -12
right_child=1 5 4 -5 -6 7 -8 -9 10 -11 12 -13 -14
leaf_value=0.0038148376235969299 -0.036071940145081055 0.0048843727612111806 0.0099318725327980917 -0.0059359677989131226 -0.074361280691709344 -0.0063403683705388148 -0.060602224316033432 0.011911442808342205 0.072598586410527355 -0.062357415760876139 0.012364605149526219 0.022848718321058902 -0.019655338915005708
leaf_weight=151.02738981693983 12.490240182727574 103.97987885028124 1.6553611755371074 127.7333290874958 7.3251799494028091 46.704807430505753 17.140331864356995 125.57290650159121 3.3405772298574474 3.8601088747382155 17.709638092666868 13.992807999253271 3.3346139490604392
leaf_count=1076 165 664 24 1123 130 285 196 784 29 26 144 129 25
internal_value=-2.69975e-05 -0.00241362 -0.011642 -0.00862029 -0.0588237 0.00227937 -0.00438297 0.00696334 0.00543868 0.00387941 0.0162376 0.00542881 0.00729081
internal_weight=635.867 442.602 149.204 140.224 8.98054 293.398 121.12 172.278 193.265 168.88 24.3848 165.02 21.0443
internal_count=4800 3371 1442 1288 154 1929 860 1069 1429 1231 198 1205 169
is_linear=0
shrinkage=0.08


Tree=49
num_leaves=9
num_cat=0
split_feature=0 4 0 4 4 3 4 0
split_gain=1.14 1.57052 1.62761 2.31813 1.4575 0.74214 0.91948 0.942958
threshold=1.5000000000000002 88.500000000000014 4.5000000000000009 78.500000000000014 69.500000000000014 1.0000000180025095e-35 1.5000000000000002 1.0000000180025095e-35
decision_type=2 2 2 2 2 2 2 2
left_child=5 2 3 -2 -4 6 -1 -8
right_child=1 -3 4 -5 -6 -7 7 -9
leaf_value=-0.034943221943708663 -0.0070646277662828666 -0.055373274633600263 0.0018227210970185792 0.054544141708886079 0.031210178871416163 0.04202481940000434 -0.0012484276746551678 0.011962260084949512
leaf_weight=3.5576477237045756 241.86115249618888 3.4906513839960089 223.73328239843249 3.9729131907224646 11.34887885302305 3.5942523702979079 61.02146840468049 79.802110586315393
leaf_count=32 1559 20 1992 27 98 25 518 529
internal_value=-2.85902e-05 -0.00190593 -0.00151784 -0.00606897 0.00324144 0.00611699 0.0052231 0.00623782
internal_weight=632.382 484.407 480.916 245.834 235.082 147.975 144.381 140.824
internal_count=4800 3696 3676 1586 2090 1104 1079 1047
is_linear=0
shrinkage=0.08


Tree=50
num_leaves=12
num_cat=0
split_feature=1 1 0 4 4 0 4 2 4 4 2
split_gain=1.1457 2.58841 3.19633 2.08094 1.57499 1.35057 1.304 0.646933 0.502864 0.816717 0.647037
threshold=1.0000000180025095e-35 1.5000000000000002 3.5000000000000004 14.500000000000002 19.500000000000004 7.5000000000000009 36.500000000000007 1.0000000180025095e-35 1.0000000180025095e-35 5.5000000000000009 1.5000000000000002
decision_type=2 2 2 2 2 2 2 2 2 2 2
left_child=8 2 3 -2 -4 6 -3 -7 -1 -10 -11
right_child=1 5 4 -5 -6 7 -8 -9 9 10 -12
leaf_value=0.033574836654766023 -0.034205725491100243 0.0061701589012351093 0.00096038434507438226 0.0010386263320005002 -0.036218486922394065 -0.0020875753529992504 -0.0050440841140553172 0.02706815833819249 -0.03289538420331771 0.0035946036477219829 0.018606663303103985
leaf_weight=3.8945836499333373 12.155885327607391 129.10094801336527 9.1511415466666204 90.869724072515965 35.900111313909292 6.5380049198865917 136.55589156225324 19.099419727921486 3.6588149219751349 164.31428500264883 20.688615258783102
leaf_count=34 84 847 137 575 646 48 881 153 28 1173 194
internal_value=-2.4965e-05 -0.00228001 -0.0108922 -0.00311982 -0.0286664 0.00209792 0.000405689 0.0196329 0.00512054 0.00453315 0.00527338
internal_weight=631.927 439.371 148.077 103.026 45.0513 291.294 265.657 25.6374 192.556 188.662 185.003
internal_count=4800 3371 1442 659 783 1929 1728 201 1429 1395 1367
is_linear=0
shrinkage=0.08


Tree=51
num_leaves=15
num_cat=0
split_feature=4 4 3 4 4 4 4 0 0 4 4 1 0 0
split_gain=1.03533 2.13689 1.96073 2.95621 5.91922 1.36431 1.19319 1.04479 2.93751 1.63182 1.00265 0.836971 2.09017 1.2119
threshold=36.500000000000007 38.500000000000007 1.0000000180025095e-35 14.500000000000002 25.500000000000004 28.500000000000004 29.500000000000004 1.5000000000000002 1.0000000180025095e-35 40.500000000000007 16.500000000000004 1.0000000180025095e-35 5.5000000000000009 6.5000000000000009
decision_type=2 2 2 2 2 2 2 2 2 2 2 2 2 2
left_child=2 11 5 -4 -5 10 -7 8 -3 -9 -1 12 -2 -13
right_child=1 7 3 4 -6 6 -8 9 -10 -11 -12 13 -14 -15
leaf_value=0.0076164873816003901 0.02631483825034964 -0.010302467136219825 -0.094208197844376132 0.066196626689612056 -0.072017184674408319 0.036020647774708495 0.0090806018778296672 0.01750197718935418 0.023389725663548779 -0.0058370941305314538 -0.0039375843506879015 -0.042544782487775476 -0.061537993264907595 0.010434610909170252
leaf_weight=81.940637268126011 5.2782940492033985 31.088182549923658 3.2212067022919637 3.9421407878398895 3.9905016534030437 12.077170744538305 81.703474584966898 21.083265088498592 35.442976295948029 211.58473100140691 116.28168350830674 16.125564929097894 2.5805757939815521 3.3347812518477431
leaf_count=621 37 252 24 27 36 94 646 151 257 1594 891 115 21 34
internal_value=-2.41543e-05 -0.00314988 0.00334244 -0.0295765 -0.00333158 0.00459987 0.01255 -0.00119427 0.00764629 -0.00372222 0.000838608 -0.0245676 -0.00253293 -0.0334661
internal_weight=629.675 326.518 303.157 11.1538 7.93264 292.003 93.7806 299.199 66.5312 232.668 198.222 27.3192 7.85887 19.4603
internal_count=4800 2461 2339 87 63 2252 740 2254 509 1745 1512 207 58 149
is_linear=0
shrinkage=0.08


Tree=52
num_leaves=12
num_cat=0
split_feature=1 1 0 4 0 2 0 4 4 4 4
split_gain=0.95802 2.30426 2.93841 1.47353 1.4286 1.23206 1.76131 1.48207 0.45686 1.0271 1.46026
threshold=1.0000000180025095e-35 1.5000000000000002 7.5000000000000009 19.500000000000004 1.0000000180025095e-35 1.0000000180025095e-35 3.5000000000000004 67.500000000000014 1.0000000180025095e-35 4.5000000000000009 7.5000000000000009
decision_type=2 2 2 2 2 2 2 2 2 2 2
left_child=8 2 4 -4 -2 6 -3 -7 -1 -10 -11
right_child=1 5 3 -5 -6 7 -8 -9 9 10 -12
leaf_value=0.032116308461542224 -0.033822335914883851 -0.022847150231011311 0.012250949398477351 -0.072870067451335896 -0.0049720724290079543 0.0034017464356712315 0.0029434299815069361 0.031983446901768416 -0.044153059097447961 0.065899731781906279 0.0040368506009180651
leaf_weight=3.8113705441355696 12.031523827463387 27.761400699615479 1.614080548286436 6.7222352214157581 126.25979829952121 207.33022508025169 43.504310727119446 12.299923211336134 2.7769617661833754 2.4750953540205947 182.7707488052547
leaf_count=34 165 191 23 131 1123 1392 262 84 20 19 1356
internal_value=-1.84297e-05 -0.00208519 -0.0102626 -0.0563889 -0.00748208 0.00203668 -0.00710323 0.0050024 0.00469532 0.00413947 0.00486341
internal_weight=629.358 437.523 146.628 8.33632 138.291 290.896 71.2657 219.63 191.834 188.023 185.246
internal_count=4800 3371 1442 154 1288 1929 453 1476 1429 1395 1375
is_linear=0
shrinkage=0.08


Tree=53
num_leaves=8
num_cat=0
split_feature=4 4 4 0 2 0 4
split_gain=0.948076 0.964602 1.35644 1.25702 1.77119 1.15531 0.949704
threshold=88.500000000000014 68.500000000000014 54.500000000000007 1.0000000180025095e-35 1.0000000180025095e-35 2.5000000000000004 52.500000000000007
decision_type=2 2 2 2 2 2 2
left_child=1 2 6 -3 -5 -4 -1
right_child=-2 3 5 4 -6 -7 -8
leaf_value=0.0003577356443192204 -0.039767071935196893 -0.035871903379738099 0.0024445481716913698 -0.010763464423349174 0.03302626610030765 -0.017384833896989055 0.01860638890027589
leaf_weight=493.38513383641839 3.8169737793505183 2.9130614697933224 29.699688214808702 8.5857975296676177 18.979270063340664 51.259725138545036 18.952966954559088
leaf_count=3756 24 26 210 64 152 419 149
internal_value=-1.7969e-05 0.000225262 -0.000487768 0.0141053 0.0193869 -0.0101105 0.00103281
internal_weight=627.593 623.776 593.298 30.4781 27.5651 80.9594 512.338
internal_count=4800 4776 4534 242 216 629 3905
is_linear=0
shrinkage=0.08


Tree=54
num_leaves=11
num_cat=0
split_feature=0 0 4 4 0 4 2 3 4 4
split_gain=0.918742 1.33434 1.13027 3.29893 1.01797 1.61385 1.39899 0.730645 0.81504 0.707558
threshold=1.5000000000000002 4.5000000000000009 77.500000000000014 71.500000000000014 2.5000000000000004 42.500000000000007 1.0000000180025095e-35 1.0000000180025095e-35 1.5000000000000002 65.500000000000014
decision_type=2 2 2 2 2 2 2 2 2 2
left_child=7 4 3 -3 6 -6 -2 8 -1 -10
right_child=1 2 -4 -5 5 -7 -8 -9 9 -11
leaf_value=-0.033383722238620746 -0.015824010891641999 0.0020847866465090966 -0.032652567429835001 0.068928342668205342 -0.003558417474138821 -0.020845190127208989 0.0060019301164878879 0.041302569744258347 0.0040370173808808724 0.026383954947529285
leaf_weight=3.5188860557973376 25.192360118031502 223.75589606910944 5.6730484291911116 4.827292174100875 92.493093945086002 55.185390777885914 74.016857817769051 3.565831631422042 129.57672221586108 9.7502188682556135
leaf_count=32 139 2014 40 46 652 408 397 25 961 86
internal_value=-1.5522e-05 -0.00170406 0.00262098 0.00349641 -0.00580782 -0.0100182 0.000459633 0.00553342 0.00464052 0.00560088
internal_weight=627.556 481.144 234.256 228.583 246.888 147.678 99.2092 146.412 142.846 139.327
internal_count=4800 3696 2100 2060 1596 1060 536 1104 1079 1047
is_linear=0
shrinkage=0.08


Tree=55
num_leaves=14
num_cat=0
split_feature=1 1 0 4 4 0 0 4 4 4 4 0 4
split_gain=0.88036 2.0647 2.66781 1.39001 1.30806 1.15978 8.38397 1.67459 0.490493 2.13224 1.79656 0.620462 0.361192
threshold=1.0000000180025095e-35 1.5000000000000002 7.5000000000000009 19.500000000000004 46.500000000000007 3.5000000000000004 2.5000000000000004 25.500000000000004 58.500000000000007 56.500000000000007 60.500000000000007 7.5000000000000009 77.500000000000014
decision_type=2 2 2 2 2 2 2 2 2 2 2 2 2
left_child=8 2 4 -4 -2 6 -3 -7 9 11 -10 -1 -12
right_child=1 5 3 -5 -6 7 -8 -9 10 -11 12 -13 -14
leaf_value=0.0029006079555793534 -0.012285426342731736 0.0042034693755043538 0.010932200041462121 -0.071846495915630137 0.0047162550688152989 -0.0068197181988771107 -0.057994180274125472 0.010973801912559564 0.071014795026937014 -0.054756083277718817 0.011257717092724214 0.020724520591267885 -0.017343027897876003
leaf_weight=149.65244438499212 96.251619420945644 103.26463283598423 1.6341561824083317 6.3160316944122314 41.426837738603354 46.515748463571072 16.022230979055166 124.32287684828043 3.1994132287800339 3.996452033519744 17.442710977047685 13.63852736353874 3.3722957745194426
leaf_count=1076 893 664 23 131 395 285 196 784 29 26 144 129 25
internal_value=-1.29154e-05 -0.00199904 -0.00977165 -0.0548314 -0.0071697 0.00190243 -0.00415072 0.006129 0.00451114 0.00297634 0.0152027 0.00438931 0.00662403
internal_weight=627.056 435.754 145.629 7.95019 137.678 290.125 119.287 170.839 191.302 167.287 24.0144 163.291 20.815
internal_count=4800 3371 1442 154 1288 1929 860 1069 1429 1231 198 1205 169
is_linear=0
shrinkage=0.08


Tree=56
num_leaves=15
num_cat=0
split_feature=4 4 3 4 4 4 4 4 0 2 4 0 0 4
split_gain=0.947018 1.79325 1.71116 2.445 5.06413 1.29706 5.77108 1.27842 0.884098 2.35053 2.06713 0.7712 2.48842 1.38282
threshold=36.500000000000007 38.500000000000007 1.0000000180025095e-35 14.500000000000002 25.500000000000004 19.500000000000004 16.500000000000004 21.500000000000004 4.5000000000000009 1.0000000180025095e-35 37.500000000000007 1.5000000000000002 1.0000000180025095e-35 40.500000000000007
decision_type=2 2 2 2 2 2 2 2 2 2 2 2 2 2
left_child=2 8 5 -4 -5 6 -1 -7 10 -10 -2 12 -3 -13
right_child=1 11 3 4 -6 7 -8 -9 9 -11 -12 13 -14 -15
leaf_value=0.0072870403698250706 0.018187844397226802 -0.010078141246133638 -0.085428684939442459 0.062376133972666108 -0.066481021676860555 0.029647157214273825 -0.038060408441254301 0.0063402548952539856 -0.098800551360440955 -0.015558448169430228 -0.037627474734371669 0.016293778827259887 0.021147819810663701 -0.0053343424384433768
leaf_weight=81.310425575822592 7.9702559784054801 30.867720827460289 3.292006701231001 3.8338949307799339 3.9764972291886806 16.540366012603045 23.05340901017189 168.5242879204452 3.1467813327908498 7.0011694021522999 9.0895416252315044 20.791403267532587 34.687815740704536 210.13849458470941
leaf_count=621 58 252 24 27 36 128 171 1332 27 63 59 151 257 1594
internal_value=-1.45483e-05 -0.003017 0.00321931 -0.0276021 -0.00322878 0.00440161 -0.00272997 0.00842334 -0.0226732 -0.041371 -0.0115508 -0.00121321 0.00644465 -0.00338709
internal_weight=624.224 323.693 300.531 11.1024 7.81039 289.428 104.364 185.065 27.2077 10.148 17.0598 296.485 65.5555 230.93
internal_count=4800 2461 2339 87 63 2252 792 1460 207 90 117 2254 509 1745
is_linear=0
shrinkage=0.08


Tree=57
num_leaves=14
num_cat=0
split_feature=4 4 3 0 4 4 4 4 0 0 3 0 0
split_gain=0.801869 1.49356 1.4366 2.18607 2.58041 1.101 4.8218 1.09732 0.76925 1.83787 0.767349 2.46091 0.614399
threshold=36.500000000000007 38.500000000000007 1.0000000180025095e-35 2.5000000000000004 14.500000000000002 19.500000000000004 16.500000000000004 21.500000000000004 7.5000000000000009 4.5000000000000009 1.0000000180025095e-35 3.5000000000000004 2.5000000000000004
decision_type=2 2 2 2 2 2 2 2 2 2 2 2 2
left_child=2 8 5 -4 -5 6 -1 -7 9 -2 12 -12 -3
right_child=1 10 3 4 -6 7 -8 -9 -10 -11 11 -13 -14
leaf_value=0.0067202241133436473 -0.010570212774927845 0.0027036197658513723 0.027629442239000469 -0.11723050387832844 -0.01754940230561677 0.027530967411039772 -0.03452222371953393 0.0058475188911361929 0.019301212452081728 -0.057855646880977982 -0.0062350391016294839 0.082389863503849289 -0.0048573949328957044
leaf_weight=81.123181991279125 17.134556755423553 114.24663989618421 3.4623886421322805 2.4242809228599072 5.2861029170453548 16.393160134553909 23.368959743529558 168.12422525882721 2.7794664427638045 7.5913693197071543 6.4168137982487661 2.916685439646244 172.83576415106654
leaf_count=621 117 772 23 18 46 128 171 1332 27 63 50 23 1409
internal_value=-8.78923e-06 -0.00276928 0.00297 -0.0251776 -0.0488909 0.00405816 -0.00250337 0.00777395 -0.0206022 -0.0250878 -0.0011145 0.0214599 -0.00184843
internal_weight=624.104 323.921 300.182 11.1728 7.71038 289.01 104.492 184.517 27.5054 24.7259 296.416 9.3335 287.082
internal_count=4800 2461 2339 87 64 2252 792 1460 207 180 2254 73 2181
is_linear=0
shrinkage=0.08


Tree=58
num_leaves=14
num_cat=0
split_feature=1 1 0 4 4 0 4 4 4 4 4 0 0
split_gain=0.794673 1.8937 2.42587 1.8198 1.32775 1.1187 0.914502 0.619478 0.452889 1.72549 1.62216 0.528224 0.30776
threshold=1.0000000180025095e-35 1.5000000000000002 3.5000000000000004 5.5000000000000009 19.500000000000004 7.5000000000000009 83.500000000000014 14.500000000000002 58.500000000000007 56.500000000000007 60.500000000000007 7.5000000000000009 3.5000000000000004
decision_type=2 2 2 2 2 2 2 2 2 2 2 2 2
left_child=8 2 3 -2 -4 6 -3 -7 9 11 -10 -1 -12
right_child=1 5 4 -5 -6 7 -8 -9 10 -11 12 -13 -14
leaf_value=0.002752953110940481 -0.051308910685690635 0.00082744260019051541 0.0018086507431135746 -0.00031442033442930509 -0.032684277062819928 0.049128746897154754 -0.042370308051562014 0.012907044096250649 0.069003197860717361 -0.048275788388163869 -0.0061876210703510348 0.019325317244488386 0.014010392107944173
leaf_weight=149.3986956551671 4.6949054449796668 260.19145078957081 9.0651413537561876 97.278053048998117 33.671193543821573 3.5120536759495762 3.1747490949928752 21.648186169564724 3.0588551610708263 4.1247074529528609 7.6219016201794174 13.414411008358 13.17170102894306
leaf_count=1076 36 1711 137 623 646 27 17 174 29 26 71 129 98
internal_value=-4.82744e-06 -0.00189935 -0.00936774 -0.00266224 -0.0253677 0.0018464 0.000306715 0.0179631 0.00429714 0.00282382 0.0146086 0.00411837 0.0066068
internal_weight=624.026 433.236 144.709 101.973 42.7363 288.526 263.366 25.1602 190.79 166.938 23.8525 162.813 20.7936
internal_count=4800 3371 1442 659 783 1929 1728 201 1429 1231 198 1205 169
is_linear=0
shrinkage=0.08


Tree=59
num_leaves=12
num_cat=0
split_feature=1 1 0 4 0 4 4 0 4 4 4
split_gain=0.676269 1.6176 2.31127 1.85208 1.29729 1.08062 2.24942 1.38679 0.453812 0.910765 0.92181
threshold=1.0000000180025095e-35 1.5000000000000002 7.5000000000000009 17.500000000000004 1.0000000180025095e-35 45.500000000000007 47.500000000000007 5.5000000000000009 1.0000000180025095e-35 4.5000000000000009 8.5000000000000018
decision_type=2 2 2 2 2 2 2 2 2 2 2
left_child=8 2 4 -4 -2 7 -7 -3 -1 -10 -11
right_child=1 5 3 -5 -6 6 -8 -9 9 10 -12
leaf_value=0.031539170453347157 -0.031855598321247694 0.00067306422352113001 0.033452224831585442 -0.070966912146925354 -0.0039400900155855028 -0.041845790503511879 -0.0011430407715966879 0.015412970323570193 -0.041746410799459392 0.047126295717430419 0.0033611739504632704
leaf_weight=3.7459083721041671 11.650016713887451 135.62166927754879 1.324434671550988 6.0673201531171799 124.65550661832094 9.6874289065599424 84.368317417800426 58.459690079092979 2.8146976083517066 3.1335632503032675 180.53368518128991
leaf_count=34 165 880 18 136 1123 65 558 426 20 25 1350
internal_value=-4.69917e-06 -0.0017554 -0.00868872 -0.0522574 -0.00632603 0.00170233 -0.00533529 0.00511291 0.00396954 0.00341575 0.00410785
internal_weight=622.062 431.834 143.697 7.39175 136.306 288.137 94.0557 194.081 190.228 186.482 183.667
internal_count=4800 3371 1442 154 1288 1929 623 1306 1429 1395 1375
is_linear=0
shrinkage=0.08


Tree=60
num_leaves=11
num_cat=0
split_feature=0 0 4 0 4 4 4 3 4 4
split_gain=0.712535 1.05747 0.99292 2.11215 1.66953 0.845579 3.06976 0.697873 0.697249 0.737817
threshold=1.5000000000000002 4.5000000000000009 24.500000000000004 3.5000000000000004 39.500000000000007 77.500000000000014 71.500000000000014 1.0000000180025095e-35 1.5000000000000002 31.500000000000004
decision_type=2 2 2 2 2 2 2 2 2 2
left_child=7 2 3 -2 -4 6 -3 8 -1 -10
right_child=1 5 4 -5 -6 -7 -8 -9 9 -11
leaf_value=-0.031334375565796095 -0.0014444400069506069 0.0018052055857439705 0.0072867825423150448 -0.032035233027269419 -0.0082966855449843665 -0.028081339714235442 0.067710219730114096 0.04012139563075387 0.012256648977411149 0.0002535639057648094
leaf_weight=3.4799532853066912 34.766626060009003 220.20902213081717 71.693435989320278 24.713334038853645 113.90452971309423 5.6852581351995459 4.6180806010961524 3.5143996477127066 53.65152670815587 84.230065539479256
leaf_count=32 237 2014 465 158 736 40 46 25 398 649
internal_value=-4.93351e-06 -0.00150122 -0.00515971 -0.0141546 -0.00227705 0.00238844 0.00315893 0.004907 0.00403153 0.00492412
internal_weight=620.466 475.59 245.078 59.48 185.598 230.512 224.827 144.876 141.362 137.882
internal_count=4800 3696 1596 395 1201 2100 2060 1104 1079 1047
is_linear=0
shrinkage=0.08


Tree=61
num_leaves=13
num_cat=0
split_feature=0 4 0 4 4 4 4 4 4 4 1 1
split_gain=0.604284 0.911887 0.970415 2.02867 1.09643 0.624916 1.72148 1.55209 1.30365 0.781276 0.198247 0.110988
threshold=1.5000000000000002 88.500000000000014 4.5000000000000009 78.500000000000014 69.500000000000014 65.500000000000014 59.500000000000007 52.500000000000007 71.500000000000014 76.500000000000014 1.5000000000000002 1.5000000000000002
decision_type=2 2 2 2 2 2 2 2 2 2 2 2
left_child=5 2 3 -2 -4 6 7 -1 10 -10 -7 -8
right_child=1 -3 4 -5 -6 8 11 -9 9 -11 -12 -13
leaf_value=0.0023645610407917531 -0.0055188939380221404 -0.041739248092993425 0.0014420483488633785 0.052655810899375252 0.027683557523970094 0.065428469542328976 -0.029429054865558437 0.033795007019660421 -0.045197369008501485 0.024115718118582943 0.034651041669100775 -0.051707619348107969
leaf_weight=118.26086658611894 239.73175555095077 3.556051790714263 217.76226456835866 3.8987783119082442 10.690428398549555 2.7464732713997346 3.1202417910099021 10.989708147943018 2.0054903887212276 2.163577675819397 2.6145125329494476 2.6436986178159714
leaf_count=881 1559 20 1992 27 98 25 34 86 19 22 20 17
internal_value=-3.03343e-06 -0.00137965 -0.00107563 -0.00458793 0.00267002 0.00452686 0.00312935 0.00503698 0.0243258 -0.00922668 0.0504185 -0.0396474
internal_weight=620.184 475.639 472.083 243.631 228.453 144.545 135.015 129.251 9.53005 4.16907 5.36099 5.76394
internal_count=4800 3696 3676 1586 2090 1104 1018 967 86 41 45 51
is_linear=0
shrinkage=0.08


Tree=62
num_leaves=12
num_cat=0
split_feature=1 1 0 4 0 0 0 4 4 4 4
split_gain=0.615961 1.41332 2.12115 2.60301 1.19575 1.00766 7.23092 1.5638 0.421489 0.736312 0.832451
threshold=1.0000000180025095e-35 1.5000000000000002 7.5000000000000009 15.500000000000002 1.0000000180025095e-35 3.5000000000000004 2.5000000000000004 9.5000000000000018 1.0000000180025095e-35 4.5000000000000009 8.5000000000000018
decision_type=2 2 2 2 2 2 2 2 2 2 2
left_child=8 2 4 -4 -2 6 -3 -7 -1 -10 -11
right_child=1 5 3 -5 -6 7 -8 -9 9 10 -12
leaf_value=0.030534276422009513 -0.030705094769391331 0.0034890398093023836 0.066374535057876285 -0.070864286213836364 -0.0036734560128762412 -0.021615061445236311 -0.055741562557312073 0.0076812965588901353 -0.036786908999305548 0.045322720173838225 0.0031949497873658417
leaf_weight=3.6996867954730979 11.436153337359427 102.5636003240943 1.0357435941696156 6.0575504526495934 124.37190767377615 12.596535220742224 15.138075701892374 156.99784194678068 2.8919793292880049 3.0528355464339247 180.0527227781713
leaf_count=34 165 664 13 141 1123 76 196 993 20 25 1350
internal_value=-1.02728e-06 -0.0016756 -0.00817725 -0.050825 -0.00594974 0.00155832 -0.00412884 0.00550532 0.00379659 0.00326475 0.00389733
internal_weight=619.895 430.197 142.901 7.09329 135.808 287.296 117.702 169.594 189.697 185.998 183.106
internal_count=4800 3371 1442 154 1288 1929 860 1069 1429 1395 1375
is_linear=0
shrinkage=0.08


Tree=63
num_leaves=14
num_cat=0
split_feature=4 4 3 4 4 4 4 4 3 0 2 0 0
split_gain=0.609586 1.35615 1.2642 1.869 4.04303 0.980144 1.11054 0.82838 0.691125 2.16447 0.671536 0.793231 0.585177
threshold=36.500000000000007 38.500000000000007 1.0000000180025095e-35 28.500000000000004 14.500000000000002 28.500000000000004 29.500000000000004 1.0000000180025095e-35 1.0000000180025095e-35 3.5000000000000004 1.5000000000000002 7.5000000000000009 2.5000000000000004
decision_type=2 2 2 2 2 2 2 2 2 2 2 2 2
left_child=2 10 5 4 -4 7 -7 -1 12 -10 11 -2 -3
right_child=1 8 3 -5 -6 6 -8 -9 9 -11 -12 -13 -14
leaf_value=0.018646224706694265 -0.029134031172521967 0.0029188808768744684 -0.070699173411754815 -0.078670454947635346 0.043601790175670424 0.033554899149092834 0.0071076844204614655 -0.0010610315024004106 -0.0049555532746194519 0.079845743018845297 0.014656276664248352 0.017269122493617058 -0.0044878822261783689
leaf_weight=14.773162987083195 21.491421382874258 113.76107763499022 3.4033994339406473 2.9324946552515021 4.7374366894364357 11.657825428992508 79.160430736839771 179.6753294467926 6.3230993337929231 2.7702560052275658 3.2568480893969527 2.6481931135058394 170.70596842840314
leaf_count=115 156 772 24 26 37 94 646 1397 50 23 24 27 1409
internal_value=-4.81373e-06 -0.00242045 0.00261149 -0.0239095 -0.00418345 0.00364097 0.0105026 0.000436221 -0.000831838 0.0208788 -0.0194429 -0.0240435 -0.00152585
internal_weight=617.297 320.957 296.34 11.0733 8.14084 285.267 90.8183 194.448 293.56 9.09336 27.3965 24.1396 284.467
internal_count=4800 2461 2339 87 61 2252 740 1512 2254 73 207 183 2181
is_linear=0
shrinkage=0.08


Tree=64
num_leaves=14
num_cat=0
split_feature=1 1 0 4 4 4 2 0 4 4 4 0 0
split_gain=0.543787 1.23934 2.02383 1.65103 1.10056 0.94372 1.87125 1.07209 0.395211 1.49595 1.44341 0.441821 0.362178
threshold=1.0000000180025095e-35 1.5000000000000002 3.5000000000000004 33.500000000000007 19.500000000000004 45.500000000000007 1.5000000000000002 5.5000000000000009 58.500000000000007 60.500000000000007 56.500000000000007 4.5000000000000009 4.5000000000000009
decision_type=2 2 2 2 2 2 2 2 2 2 2 2 2
left_child=8 2 3 -2 -4 7 -7 -3 10 -10 11 -1 -11
right_child=1 5 4 -5 -6 6 -8 -9 9 12 -12 -13 -14
leaf_value=0.00017060363171908678 0.01055767186501488 0.00075664031816100269 0.0019544030020239877 -0.010193321393326144 -0.029659625140259552 0.00026974963065848421 -0.028825109166418682 0.013801577777059959 0.066899256383738503 0.015524043828530442 -0.044083303921500797 0.0088216814140294302 -0.0057656103048770628
leaf_weight=101.32018753513694 41.847503703087568 134.69310308620334 9.0428914949297887 59.329378537833691 31.938337273895741 76.1364855915308 17.376295484602451 57.547933146357536 2.916607569903138 11.058352503925564 4.2044224739074698 60.248597614467144 9.5137892886996251
leaf_count=677 279 880 137 380 646 512 111 426 29 90 26 528 79
internal_value=-2.1956e-06 -0.00158146 -0.0076855 -0.00161056 -0.0226837 0.00145521 -0.00513658 0.00466168 0.00356845 0.0132802 0.00219236 0.00339657 0.00567843
internal_weight=617.174 427.912 142.158 101.177 40.9812 285.754 93.5128 192.241 189.262 23.4887 165.773 161.569 20.5721
internal_count=4800 3371 1442 659 783 1929 623 1306 1429 198 1231 1205 169
is_linear=0
shrinkage=0.08


Tree=65
num_leaves=13
num_cat=0
split_feature=0 0 4 1 4 4 4 4 4 4 0 2
split_gain=0.522261 2.02016 5.59138 4.85116 1.69568 7.14644 1.71501 1.6235 2.06209 3.46439 2.24227 1.45351
threshold=2.5000000000000004 3.5000000000000004 22.500000000000004 1.5000000000000002 18.500000000000004 16.500000000000004 21.500000000000004 78.500000000000014 60.500000000000007 57.500000000000007 1.5000000000000002 1.0000000180025095e-35
decision_type=2 2 2 2 2 2 2 2 2 2 2 2
left_child=7 2 11 -4 5 -3 -6 8 9 -1 -10 -2
right_child=1 4 3 -5 6 -7 -8 -9 10 -11 -12 -13
leaf_value=0.0027259569422097363 -0.012787412559559048 0.00072821906924332516 -0.012824627565903173 -0.073179636303347034 0.031149465423220564 -0.077774698919842719 0.0016878220067445204 0.051400865015125127 0.0010442990711686246 0.065022395379766854 -0.049603258894376605 0.053728018298099853
leaf_weight=209.73543713986874 2.8776827752590162 43.981794189661741 32.371438339352608 11.569194097071884 13.31361637637019 8.9281788356602174 251.95860685035586 4.3357228115200988 12.922162353992462 5.87319691479206 9.8653365299105644 7.806146252900362
leaf_count=1395 24 351 233 158 115 72 2126 30 113 45 57 81
internal_value=-1.51796e-06 -0.00188182 -0.0160948 -0.0287156 0.000558219 -0.0125186 0.00316646 0.0028864 0.00200406 0.00442292 -0.0208824 0.0358121
internal_weight=615.539 372.807 54.6245 43.9406 318.182 52.91 265.272 242.732 238.396 215.609 22.7875 10.6838
internal_count=4800 3160 496 391 2664 423 2241 1640 1610 1440 170 105
is_linear=0
shrinkage=0.08


Tree=66
num_leaves=8
num_cat=0
split_feature=4 4 0 2 4 0 0
split_gain=0.506136 0.730935 1.11769 1.63728 1.10582 3.18948 0.600962
threshold=88.500000000000014 68.500000000000014 1.0000000180025095e-35 1.0000000180025095e-35 65.500000000000014 1.5000000000000002 7.5000000000000009
decision_type=2 2 2 2 2 2 2
left_child=1 4 -3 -4 6 -6 -1
right_child=-2 2 3 -5 5 -7 -8
leaf_value=-0.00068997880851371664 -0.028902447796004621 -0.034901380495553302 -0.011586683215727644 0.031182002115591977 0.046184463436107055 -0.049856127604025177 0.0091168093797549896
leaf_weight=526.54677848517895 3.8539305068552485 2.8722121194005039 8.3827914670109767 18.093230977654457 2.9869836233556262 8.5411938764154893 43.279142923653126
leaf_count=3969 24 26 64 152 26 70 469
internal_value=-1.94419e-06 0.000180437 0.0124985 0.0176407 -0.000441413 -0.0249717 5.48616e-05
internal_weight=614.556 610.702 29.3482 26.476 581.354 11.5282 569.826
internal_count=4800 4776 242 216 4534 96 4438
is_linear=0
shrinkage=0.08


Tree=67
num_leaves=16
num_cat=0
split_feature=1 1 0 4 4 2 4 4 0 4 4 4 4 0 4
split_gain=0.457804 1.11723 1.89356 2.26045 1.31651 0.886941 1.44399 1.25474 0.416405 3.29978 3.87736 1.22639 1.49467 1.17707 0.549724
threshold=1.0000000180025095e-35 1.5000000000000002 7.5000000000000009 15.500000000000002 46.500000000000007 1.0000000180025095e-35 70.500000000000014 67.500000000000014 6.5000000000000009 19.500000000000004 25.500000000000004 11.500000000000002 14.500000000000002 7.5000000000000009 2.5000000000000004
decision_type=2 2 2 2 2 2 2 2 2 2 2 2 2 2 2
left_child=8 2 4 -4 -2 6 -3 -7 11 13 -11 14 -13 -10 -1
right_child=1 5 3 -5 -6 7 -8 -9 9 10 -12 12 -14 -15 -16
leaf_value=0.0080404344725267772 -0.010369263858283613 -0.0035367554092418417 0.055654328107609403 -0.069445263114872827 0.0069011893192296656 0.0025331497656195766 -0.052990519303945618 0.029597309461549846 -0.095294539180327917 0.090735919818211747 -0.0036852249498923861 -0.039263557241551457 0.0046494333494112808 -0.022974552399287466 0.044160674199164821
leaf_weight=4.372021980583666 94.391354724764824 66.48146840184927 1.1074139922857273 5.5937494710087776 40.313224442303181 202.35922588035464 4.0064539946615687 11.59133382514119 2.9447718858718863 3.1104634702205685 26.472217321395874 5.1474140956997863 136.71890666335821 2.8193236738443375 7.0370840802788734
leaf_count=36 893 429 13 141 395 1392 24 84 23 30 236 38 984 28 54
internal_value=-6.25979e-07 -0.00145391 -0.00726552 -0.0487717 -0.00520071 0.00143527 -0.00634765 0.00399942 0.0032804 -0.00454691 0.00624266 0.00508545 0.00305611 -0.0599215 0.0303192
internal_weight=614.466 425.844 141.406 6.70116 134.705 284.438 70.4879 213.951 188.622 35.3468 29.5827 153.275 141.866 5.7641 11.4091
internal_count=4800 3371 1442 154 1288 1929 453 1476 1429 317 266 1112 1022 51 90
is_linear=0
shrinkage=0.08


Tree=68
num_leaves=13
num_cat=0
split_feature=0 0 4 1 4 4 4 4 4 4 4 4
split_gain=0.465081 1.80294 4.74287 4.55753 1.43676 3.86972 1.34166 5.85035 1.47597 1.25929 0.95267 0.422033
threshold=2.5000000000000004 3.5000000000000004 22.500000000000004 1.5000000000000002 75.500000000000014 71.500000000000014 18.500000000000004 16.500000000000004 21.500000000000004 10.500000000000002 14.500000000000002 82.500000000000014
decision_type=2 2 2 2 2 2 2 2 2 2 2 2
left_child=4 2 9 -4 5 10 7 -3 -8 -2 -1 -6
right_child=1 6 3 -5 11 -7 8 -9 -10 -11 -12 -13
leaf_value=-0.011321280457644654 -0.00011834989071522388 0.001013364723182043 -0.012037926513100905 -0.07186228405615197 0.060476356327376253 -0.088096180890796724 0.029042326624677817 -0.069302750927350706 0.001491750566610805 0.055458180054947848 0.0047566612541659831 0.017435083814663535
leaf_weight=26.62720176205039 4.4729260392487031 44.089237194508314 32.359395496547222 10.893514800816773 3.3318319246172896 3.0284561887383452 13.094316650182007 9.1431464143097383 250.99213083088398 6.2626280002295971 206.53757256641984 2.5924293249845505
leaf_count=189 38 351 233 158 27 24 115 72 2126 67 1381 19
internal_value=1.67609e-06 -0.00177709 -0.0152919 -0.0271051 0.00272957 0.00175356 0.000522315 -0.0110641 0.0028578 0.0323024 0.00292058 0.0416417
internal_weight=613.425 371.307 53.9885 43.2529 242.117 236.193 317.319 53.2324 264.086 10.7356 233.165 5.92426
internal_count=4800 3160 496 391 1640 1594 2664 423 2241 105 1570 46
is_linear=0
shrinkage=0.08


Tree=69
num_leaves=8
num_cat=0
split_feature=4 4 4 0 0 4 0
split_gain=0.449199 0.617475 0.970371 2.65424 0.945552 1.50235 0.570725
threshold=88.500000000000014 68.500000000000014 65.500000000000014 1.5000000000000002 1.0000000180025095e-35 72.500000000000014 7.5000000000000009
decision_type=2 2 2 2 2 2 2
left_child=1 2 6 -4 -3 -6 -1
right_child=-2 4 3 -5 5 -7 -8
leaf_value=-0.00065578505366643153 -0.027225569194278924 -0.031763654350008219 0.042695224368003909 -0.045673486217222461 0.042523140702138189 0.0023271602602607526 0.0089504422189934287
leaf_weight=525.21884802728891 3.8539768829941741 2.9047347009182003 2.9095064140856257 8.6205657571554166 9.1369361840188521 17.066266708076 42.808475209400058
leaf_count=3969 24 26 26 70 75 141 469
internal_value=4.41306e-07 0.000172832 -0.000398209 -0.0233745 0.0115426 0.0163433 6.8173e-05
internal_weight=612.519 608.665 579.557 11.5301 29.1079 26.2032 568.027
internal_count=4800 4776 4534 96 242 216 4438
is_linear=0
shrinkage=0.08


Tree=70
num_leaves=15
num_cat=0
split_feature=4 4 3 0 0 4 4 0 4 0 2 3 4 0
split_gain=0.430526 1.15584 1.07145 1.81244 2.65819 0.887209 0.972821 0.797477 2.15403 1.88845 0.70441 0.666267 2.04145 0.620656
threshold=36.500000000000007 38.500000000000007 1.0000000180025095e-35 2.5000000000000004 5.5000000000000009 28.500000000000004 29.500000000000004 4.5000000000000009 37.500000000000007 3.5000000000000004 1.5000000000000002 1.0000000180025095e-35 45.500000000000007 1.0000000180025095e-35
decision_type=2 2 2 2 2 2 2 2 2 2 2 2 2 2
left_child=2 7 5 -4 -5 10 -7 9 -9 -2 -1 13 -13 -3
right_child=1 11 3 4 -6 6 -8 8 -10 -11 -12 12 -14 -15
leaf_value=-0.0017344515183902191 -0.019757844467803529 -0.012208700723722359 0.026317128081710179 -0.0765866519032979 0.023938530910251509 0.031547974463252561 0.0065580300970909042 -0.071224446322429594 0.0020103899456537645 0.049348210429679275 0.012701333138402101 0.082072263661810918 -0.0031989760453500528 4.3520296834468142e-05
leaf_weight=168.7029613442719 13.852953083813196 29.555613175034523 3.4090272299945337 5.1621885746717453 2.4982565455138683 11.428807094693182 78.090563125908375 5.2501177228987199 5.0358508192002773 3.0964590050280085 24.815593041479588 2.5124318934977037 6.3088373318314552 252.69286991283298
leaf_count=1304 98 245 23 44 20 94 646 47 43 19 208 19 54 1936
internal_value=1.45971e-06 -0.00203745 0.00220812 -0.0222083 -0.043803 0.00316304 0.00974846 -0.0177972 -0.0353698 -0.00713298 0.000116702 -0.000562818 0.0210876 -0.00123947
internal_weight=612.413 318.305 294.107 11.0695 7.66045 283.038 89.5194 27.2354 10.286 16.9494 193.519 291.07 8.82127 282.248
internal_count=4800 2461 2339 87 64 2252 740 207 90 117 1512 2254 73 2181
is_linear=0
shrinkage=0.08


Tree=71
num_leaves=13
num_cat=0
split_feature=0 0 4 1 4 4 4 2 2 4 4 4
split_gain=0.410848 1.48458 4.18595 4.27721 1.35012 1.82721 3.02362 1.72845 1.19176 1.15728 3.50152 2.12378
threshold=2.5000000000000004 3.5000000000000004 22.500000000000004 1.5000000000000002 78.500000000000014 60.500000000000007 57.500000000000007 1.0000000180025095e-35 1.0000000180025095e-35 19.500000000000004 16.500000000000004 21.500000000000004
decision_type=2 2 2 2 2 2 2 2 2 2 2 2
left_child=4 2 8 -4 5 6 -1 -7 -2 10 -3 -11
right_child=1 9 3 -5 -6 7 -8 -9 -10 11 -12 -13
leaf_value=0.0024961849100661412 -0.013593319476608667 0.00089673731442388546 -0.011060828407226027 -0.070430791266920034 0.047604152914285658 0.020369296718978989 0.061630089158771793 -0.031843639210908742 0.046394326703593815 0.040408051288054615 -0.04622316518495307 0.0012883949054912467
leaf_weight=209.12154523283243 2.890755817294119 44.049199718981981 32.384132597595453 10.216163039207457 4.1865577772259703 5.280205391347411 5.6843511126935473 17.525927729904652 7.9448357112705708 9.2079124264419061 13.093298885971306 250.75252835452557
leaf_count=1395 24 351 233 158 30 39 45 131 81 86 101 2126
internal_value=3.42438e-06 -0.00167054 -0.0140061 -0.0252986 0.00256865 0.00177515 0.00406103 -0.019755 0.0303906 0.000408161 -0.00990004 0.00267403
internal_weight=612.337 370.539 53.4359 42.6003 241.799 237.612 214.806 22.8061 10.8356 317.103 57.1425 259.96
internal_count=4800 3160 496 391 1640 1610 1440 170 105 2664 452 2212
is_linear=0
shrinkage=0.08


Tree=72
num_leaves=9
num_cat=0
split_feature=4 4 4 0 4 2 2 0
split_gain=0.415862 0.571535 1.32298 1.02836 0.545222 1.80591 0.808711 0.502118
threshold=88.500000000000014 67.500000000000014 65.500000000000014 2.5000000000000004 72.500000000000014 1.0000000180025095e-35 1.0000000180025095e-35 7.5000000000000009
decision_type=2 2 2 2 2 2 2 2
left_child=1 2 7 -4 6 -6 -3 -1
right_child=-2 4 3 -5 5 -7 -8 -9
leaf_value=-0.00064069998492051071 -0.026197945918881024 0.057006041202314242 -0.00062731261631144425 -0.058604549130889264 -0.034150521607259669 0.018789636786298108 0.011662223942735379 0.0083856175686257192
leaf_weight=524.4368551671505 3.8527171835303298 3.3130670227110359 3.5215602926909915 4.4098707046359777 6.104225646704438 12.711355108767746 10.480667851865292 42.650233564898372
leaf_count=3969 24 27 27 41 47 112 84 469
internal_value=2.50698e-06 0.000168633 -0.000415649 -0.0328626 0.0104716 0.00161458 0.0225532 3.81632e-05
internal_weight=611.481 607.628 575.019 7.93143 32.6093 18.8156 13.7937 567.087
internal_count=4800 4776 4506 68 270 159 111 4438
is_linear=0
shrinkage=0.08


Tree=73
num_leaves=16
num_cat=0
split_feature=1 1 0 4 0 2 0 4 0 4 4 4 4 0 4
split_gain=0.384406 1.09243 1.75081 1.99564 1.33667 0.742686 1.44254 1.14488 0.407668 2.58374 3.52327 1.02984 1.29763 0.795803 0.464144
threshold=1.0000000180025095e-35 1.5000000000000002 7.5000000000000009 15.500000000000002 6.5000000000000009 1.0000000180025095e-35 3.5000000000000004 67.500000000000014 6.5000000000000009 19.500000000000004 25.500000000000004 11.500000000000002 14.500000000000002 7.5000000000000009 2.5000000000000004
decision_type=2 2 2 2 2 2 2 2 2 2 2 2 2 2 2
left_child=8 2 4 -4 -2 6 -3 -7 11 13 -11 14 -13 -10 -1
right_child=1 5 3 -5 -6 7 -8 -9 9 10 -12 12 -14 -15 -16
leaf_value=0.0077883429911666194 -0.0071139430733021978 -0.020072561251618076 0.046704122979016355 -0.068508134975672083 0.026905590447765859 0.0025043619517551175 0.00347254388513545 0.02866242216561489 -0.080054386808627295 0.089618011847892379 -0.0040446445141451969 -0.036080681456300383 0.0044593839605660728 -0.021774896575420546 0.041210052570187158
leaf_weight=4.3590081855654699 126.56861707940698 27.066976957023144 1.174758881330489 5.3178460523486137 7.8502384908497325 200.78371239826083 43.286785952746868 11.311781872063873 3.1701690182089797 2.848061844706538 26.360831871628761 5.2476469203829756 136.33935521543026 2.8454615995287895 6.8202757462859154
leaf_count=36 1142 191 13 141 146 1392 262 84 23 30 236 38 984 28 54
internal_value=3.22189e-06 -0.00133354 -0.00708698 -0.0476619 -0.00512716 0.00153681 -0.00558589 0.00389946 0.00301364 -0.00474465 0.00508809 0.00480253 0.00295685 -0.0524875 0.0281783
internal_weight=611.352 423.361 140.911 6.4926 134.419 282.449 70.3538 212.095 187.991 35.2245 29.2089 152.766 141.587 6.01563 11.1793
internal_count=4800 3371 1442 154 1288 1929 453 1476 1429 317 266 1112 1022 51 90
is_linear=0
shrinkage=0.08


Tree=74
num_leaves=11
num_cat=0
split_feature=0 4 4 2 4 4 4 0 4 4
split_gain=0.418432 1.3306 2.71372 1.23518 1.18458 1.65603 2.64377 1.61729 1.15533 1.02078
threshold=2.5000000000000004 77.500000000000014 71.500000000000014 1.0000000180025095e-35 78.500000000000014 60.500000000000007 57.500000000000007 1.5000000000000002 84.500000000000014 42.500000000000007
decision_type=2 2 2 2 2 2 2 2 2 2
left_child=4 2 9 -4 5 6 -1 -7 -3 -2
right_child=1 8 3 -5 -6 7 -8 -9 -10 -11
leaf_value=0.0025957433619524439 0.0013444970101151078 -0.059403990592549284 0.00054334056455491563 0.07248453295017622 0.045236060394525567 0.0003505632812974463 0.05870679424603692 -0.042495564964521303 -0.001685282755332837 -0.0075968679071285608
leaf_weight=208.99611805006862 224.8431903924793 4.7146934866905195 2.2803442627191535 4.625897504389286 4.0985440909862509 12.737972810864449 5.5159407854080191 10.11584198474884 4.1937575303018093 128.3692019470036
leaf_count=1395 1939 36 21 45 30 113 45 57 29 1090
internal_value=4.61169e-06 -0.00168957 -0.00093402 0.0487306 0.00259381 0.00185751 0.00403858 -0.0186145 -0.0322322 -0.00190509
internal_weight=610.492 369.027 360.119 6.90624 241.464 237.366 214.512 22.8538 8.90845 353.212
internal_count=4800 3160 3095 66 1640 1610 1440 170 65 3029
is_linear=0
shrinkage=0.08


Tree=75
num_leaves=8
num_cat=0
split_feature=4 4 0 4 4 4 0
split_gain=0.409345 0.440945 0.783095 1.26909 0.758319 0.898909 0.513107
threshold=88.500000000000014 68.500000000000014 1.0000000180025095e-35 72.500000000000014 54.500000000000007 52.500000000000007 2.5000000000000004
decision_type=2 2 2 2 2 2 2
left_child=1 4 -3 -4 5 -1 -6
right_child=-2 2 3 -5 6 -7 -8
leaf_value=0.00018095293496399919 -0.026033060276662232 -0.029514732200718839 0.038676250619131727 0.0013528543750576504 0.00088384489750384485 0.018211723100118454 -0.012486530867512969
leaf_weight=480.41529275290668 3.8394555561244479 2.9045188501477268 8.9297838434577006 16.799392208456993 28.999682642519474 18.372406661510468 50.113868659362197
leaf_count=3756 24 26 75 141 210 149 419
internal_value=6.27059e-06 0.000171103 0.00986151 0.0143066 -0.000309034 0.000845101 -0.00758552
internal_weight=610.374 606.535 28.6337 25.7292 577.901 498.788 79.1136
internal_count=4800 4776 242 216 4534 3905 629
is_linear=0
shrinkage=0.08


Tree=76
num_leaves=13
num_cat=0
split_feature=4 4 4 0 4 0 3 1 0 4 1 4
split_gain=0.403217 4.30751 2.84035 2.70985 2.69206 2.44621 1.7442 1.55709 1.40848 1.33472 1.22845 0.940806
threshold=13.500000000000002 16.500000000000004 18.500000000000004 6.5000000000000009 15.500000000000002 1.0000000180025095e-35 1.0000000180025095e-35 1.5000000000000002 2.5000000000000004 12.500000000000002 1.5000000000000002 21.500000000000004
decision_type=2 2 2 2 2 2 2 2 2 2 2 2
left_child=5 4 3 -3 8 7 9 -1 -2 -7 -6 -4
right_child=1 2 11 -5 10 6 -8 -9 -10 -11 -12 -13
leaf_value=-0.006982771030089611 -0.019063539996343637 -0.018141219471901435 0.016271989572483877 -0.1021248125122399 0.10775372137885642 -0.0034624307542285467 -0.068023815688537076 0.074128919464009055 0.037239997090055051 -0.044006199471261664 0.039839256610522816 -0.00027528526817953848
leaf_weight=2.5351811274886122 4.662398539483549 14.936441328376533 23.034451585263014 2.9434297680854788 3.8865762874484053 50.199562709778547 3.2407846599817267 3.7629460543394089 7.2890076115727425 5.79669515043497 3.0361259058117867 485.01233093068004
leaf_count=39 32 99 183 28 33 374 20 28 65 40 20 3839
internal_value=6.4472e-06 0.000719617 -0.000627964 -0.0319668 0.0382699 -0.00592221 -0.010962 0.0414791 0.0152753 -0.00765949 0.0779681 0.000474955
internal_weight=610.336 544.801 525.927 17.8799 18.8741 65.5352 59.237 6.29813 11.9514 55.9963 6.9227 508.047
internal_count=4800 4299 4149 127 150 501 434 67 97 414 53 4022
is_linear=0
shrinkage=0.08


Tree=77
num_leaves=12
num_cat=0
split_feature=1 1 0 4 4 0 0 4 4 4 4
split_gain=0.352868 0.992845 1.66617 1.50636 1.05792 0.693884 4.47121 1.40831 0.451462 1.17292 1.00174
threshold=1.0000000180025095e-35 1.5000000000000002 3.5000000000000004 5.5000000000000009 19.500000000000004 3.5000000000000004 2.5000000000000004 7.5000000000000009 1.5000000000000002 4.5000000000000009 7.5000000000000009
decision_type=2 2 2 2 2 2 2 2 2 2 2
left_child=8 2 3 -2 -4 6 -3 -7 -1 -10 -11
right_child=1 5 4 -5 -6 7 -8 -9 9 10 -12
leaf_value=0.027695951997520278 -0.046092721723033303 0.0022400284841517645 0.0037160296283408412 0.00083003000205743934 -0.027653862532926007 -0.022758715585251617 -0.048227284474492142 0.0066846810345377733 -0.058617594312052435 0.057325825570860509 0.002297034571781978
leaf_weight=4.5829531252384177 4.5872038006782523 101.39783348143101 8.8571170382201654 96.314007636159658 30.827043762430549 11.1347773745656 12.635341413319109 156.88615973293781 2.0023908093571654 2.1425033360719672 178.967544099316
leaf_count=40 36 664 137 623 646 66 196 1003 14 19 1356
internal_value=8.99367e-06 -0.00127291 -0.00676505 -0.00130319 -0.0206524 0.00146456 -0.00335196 0.00473346 0.00289549 0.00227478 0.00294802
internal_weight=610.335 422.639 140.585 100.901 39.6842 282.054 114.033 168.021 187.695 183.112 181.11
internal_count=4800 3371 1442 659 783 1929 860 1069 1429 1389 1375
is_linear=0
shrinkage=0.08


Tree=78
num_leaves=11
num_cat=0
split_feature=4 4 0 4 4 4 4 2 0 1
split_gain=0.357127 1.48154 1.15648 1.39781 0.800065 4.87033 2.41209 0.748257 0.401157 0.137517
threshold=1.0000000180025095e-35 5.5000000000000009 6.5000000000000009 3.5000000000000004 16.500000000000004 15.500000000000002 18.500000000000004 1.0000000180025095e-35 1.5000000000000002 1.5000000000000002
decision_type=2 2 2 2 2 2 2 2 2 2
left_child=7 2 3 -2 5 -3 -6 -1 -9 -10
right_child=1 4 -4 -5 6 -7 -8 8 9 -11
leaf_value=-0.022321523305968951 0.012925690331613728 0.00047006359384476498 -0.060963270828258559 -0.045939853049893668 -0.029366304142830202 0.072887885791303439 0.00040495655001810646 -0.0062608169482313561 0.019068239043001006 0.038272012537279354
leaf_weight=3.2164908349513999 6.2752218097448331 47.035039994865656 4.1745881140232077 4.3862740397453308 18.038193881511688 6.8032607808709136 505.92617743834853 2.6877459287643424 4.7447645142674428 4.8015827164053917
leaf_count=20 46 362 35 36 127 53 4022 27 41 31
internal_value=6.37095e-06 -0.000306666 -0.0252688 -0.0112923 0.00033428 0.00962112 -0.00061996 0.0120135 0.0210406 0.0287273
internal_weight=608.089 592.639 14.8361 10.6615 577.803 53.8383 523.964 15.4506 12.2341 9.54635
internal_count=4800 4681 117 82 4564 415 4149 119 99 72
is_linear=0
shrinkage=0.08


Tree=79
num_leaves=9
num_cat=0
split_feature=4 4 4 0 0 4 2 2
split_gain=0.352191 0.394221 0.991699 0.865886 0.535455 0.416939 1.36122 0.723696
threshold=88.500000000000014 67.500000000000014 65.500000000000014 2.5000000000000004 7.5000000000000009 72.500000000000014 1.0000000180025095e-35 1.0000000180025095e-35
decision_type=2 2 2 2 2 2 2 2
left_child=1 2 4 -4 -1 7 -7 -3
right_child=-2 5 3 -5 -6 6 -8 -9
leaf_value=-0.00062609089264799528 -0.0241022150557271 0.052858703348668802 0.0011968938319848546 -0.051843085512597871 0.0087479675627246713 -0.029782782759860515 0.016283485846317371 0.0092075624985026912
leaf_weight=522.12416692450643 3.8531097359955302 3.1804708614945385 3.5392493195831767 4.4423443377017975 42.146464055404067 6.1418654695153263 12.380462024360893 10.312188925221562
leaf_count=3969 24 27 27 41 469 47 112 84
internal_value=7.56828e-06 0.000161304 -0.000322008 -0.0283238 7.40757e-05 0.00880028 0.00100826 0.0194969
internal_weight=608.12 604.267 572.252 7.98159 564.271 32.015 18.5223 13.4927
internal_count=4800 4776 4506 68 4438 270 159 111
is_linear=0
shrinkage=0.08


Tree=80
num_leaves=16
num_cat=0
split_feature=4 4 4 0 4 4 0 1 1 0 4 2 3 4 0
split_gain=0.320747 1.00302 0.93098 1.38721 1.75887 1.75766 1.02143 2.67069 1.94741 0.717189 1.871 1.84541 0.603105 1.80186 0.603096
threshold=36.500000000000007 38.500000000000007 32.500000000000007 5.5000000000000009 4.5000000000000009 29.500000000000004 6.5000000000000009 1.5000000000000002 1.5000000000000002 4.5000000000000009 37.500000000000007 1.0000000180025095e-35 1.0000000180025095e-35 45.500000000000007 1.0000000180025095e-35
decision_type=2 2 2 2 2 2 2 2 2 2 2 2 2 2 2
left_child=2 9 3 5 -5 -1 7 -4 -8 10 -2 -11 14 -14 -3
right_child=1 12 6 4 -6 -7 8 -9 -10 11 -12 -13 13 -15 -16
leaf_value=-0.00046181435877357265 0.022653490586690764 -0.011829984419337993 -0.00384026140533334 -0.024014522647351037 0.015245022087887869 -0.023505056058947843 0.025945283806351999 0.039447049779585575 -0.054858704404868855 -0.082322190401541512 -0.030868021230599733 -0.0099140998632448133 0.078365543923561973 -0.0025961045959591663 0.00025672566945917247
leaf_weight=158.98777670413256 7.7422850541770503 29.533501736819744 17.922536671161652 8.3999668844044191 55.944279128685594 24.441874075680971 3.8630357049405566 18.576478913426399 3.7734222561120987 3.3061133548617345 9.0858144536614418 7.0698125809431076 2.4589651711285097 6.183193776756525 250.70448285154998
leaf_count=1141 58 245 156 71 574 187 51 128 31 27 59 63 19 54 1936
internal_value=7.73259e-06 -0.00175808 0.00191978 1.29962e-05 0.0101198 -0.00353231 0.0126244 0.0181912 -0.0139826 -0.0164435 -0.0062438 -0.0329857 -0.000375148 0.02044 -0.00101706
internal_weight=607.994 316.084 291.909 247.774 64.3442 183.43 44.1355 36.499 7.63646 27.204 16.8281 10.3759 288.88 8.64216 280.238
internal_count=4800 2461 2339 1973 645 1328 366 284 82 207 117 90 2254 73 2181
is_linear=0
shrinkage=0.08


Tree=81
num_leaves=12
num_cat=0
split_feature=0 3 4 4 0 4 4 4 4 4 4
split_gain=0.364182 0.642589 0.664638 0.69064 0.524351 1.2164 1.81424 1.39794 0.67349 2.30364 1.95847
threshold=1.5000000000000002 1.0000000180025095e-35 1.5000000000000002 27.500000000000004 4.5000000000000009 24.500000000000004 1.5000000000000002 25.500000000000004 63.500000000000007 69.500000000000014 61.500000000000007
decision_type=2 2 2 2 2 2 2 2 2 2 2
left_child=1 2 -1 -4 5 6 -2 -7 10 -10 -6
right_child=4 -3 3 -5 8 7 -8 -9 9 -11 -12
leaf_value=-0.032365843679437317 0.023064296762522512 0.037794833924105931 0.01201073025214572 -0.00028739702733496318 0.0019516627560468257 0.039255239689553738 -0.018978812766682843 -0.0016631846675695713 -0.038254040119108337 0.012780740625780445 0.054098583871310078
leaf_weight=3.3737233765423289 7.5262199044227591 3.4230067618191233 42.638797156512737 92.897880570963025 197.80138013139367 5.5111008137464514 51.635230083018541 175.75949862599373 10.742629686370494 11.965660370886324 4.7193239554762831
leaf_count=32 47 25 312 735 1857 33 348 1168 90 108 45
internal_value=1.0798e-05 0.00355224 0.00270844 0.0035815 -0.00107168 -0.00366993 -0.0136303 -0.000419157 0.00170196 -0.0113623 0.00316684
internal_weight=607.994 142.333 138.91 135.537 465.661 240.432 59.1614 181.271 225.229 22.7083 202.521
internal_count=4800 1104 1079 1047 3696 1596 395 1201 2100 198 1902
is_linear=0
shrinkage=0.08


Tree=82
num_leaves=12
num_cat=0
split_feature=0 4 4 4 4 2 4 4 4 4 0
split_gain=0.329723 1.15245 2.97143 1.14999 3.04873 1.63684 0.912636 0.84181 0.739567 0.403681 0.177486
threshold=2.5000000000000004 75.500000000000014 71.500000000000014 76.500000000000014 71.500000000000014 1.0000000180025095e-35 84.500000000000014 42.500000000000007 43.500000000000007 82.500000000000014 4.5000000000000009
decision_type=2 2 2 2 2 2 2 2 2 2 2
left_child=1 2 8 4 7 -6 10 -2 -1 -3 -5
right_child=3 9 -4 6 5 -7 -8 -9 -10 -11 -12
leaf_value=-0.0007729068344548447 0.0012722999227408368 0.056891573085488714 -0.075854811863093521 -0.063389057967903395 0.00083667525719704171 0.089879995001572746 0.00016091763349742713 -0.0068645945743300175 0.008740777689146698 0.01403588217645413 -0.03533563209290936
leaf_weight=152.09771896153688 223.50807383656502 3.1680153831839553 3.1396284326910964 2.7955238595604879 2.0831687822937957 3.6124327220022678 4.1814873367547989 127.95775940082967 79.696637585759163 2.5301799774169922 2.9840400367975235
leaf_count=1024 1939 27 24 21 18 37 29 1090 546 19 26
internal_value=1.16623e-05 0.00231326 0.00145103 -0.00149693 -0.000749186 0.0573124 -0.0283078 -0.00169009 0.00249813 0.0378623 -0.0489048
internal_weight=607.755 240.632 234.934 367.122 357.161 5.6956 9.96105 351.466 231.794 5.6982 5.77956
internal_count=4800 1640 1594 3160 3084 55 76 3029 1570 46 47
is_linear=0
shrinkage=0.08


Tree=83
num_leaves=14
num_cat=0
split_feature=1 1 0 4 0 4 0 0 4 4 4 0 0
split_gain=0.332159 0.862075 1.57544 1.84044 1.24617 0.64852 0.732315 0.487369 0.418578 1.27653 1.26105 0.414655 0.336028
threshold=1.0000000180025095e-35 1.5000000000000002 7.5000000000000009 15.500000000000002 6.5000000000000009 1.0000000180025095e-35 3.5000000000000004 4.5000000000000009 58.500000000000007 56.500000000000007 60.500000000000007 6.5000000000000009 4.5000000000000009
decision_type=2 2 2 2 2 2 2 2 2 2 2 2 2
left_child=8 2 4 -4 -2 7 -7 -3 9 11 -10 -1 -12
right_child=1 5 3 -5 -6 6 -8 -9 10 -11 12 -13 -14
leaf_value=0.0044325495492613751 -0.0064780925513796732 0.039911680775080373 0.042784437092510362 -0.067364918054873768 0.026308406201943042 -0.0043665972496678704 0.0040815786238606547 -0.00040578273281258604 0.064256434649250266 -0.04204578208145348 0.015591061378673108 -0.0062161456210912359 -0.0049192791767407431
leaf_weight=131.40524015948176 125.7017369940877 4.7955738678574553 1.2063139528036106 4.9728854056447744 7.8847931288182727 110.32473411038518 162.23142171651125 3.1988991349935532 2.7002106681466129 4.218969114124774 11.055709427222611 28.474410429596901 9.5094229914247972
leaf_count=941 1142 29 13 141 146 840 1039 21 29 26 90 264 79
internal_value=1.22206e-05 -0.00123654 -0.00636964 -0.0458614 -0.00454291 0.00132068 0.000661943 0.0237791 0.00281359 0.00138983 0.0128559 0.00253603 0.00610697
internal_weight=607.68 420.316 139.766 6.1792 133.587 280.551 272.556 7.99447 187.364 164.099 23.2653 159.88 20.5651
internal_count=4800 3371 1442 154 1288 1929 1879 50 1429 1231 198 1205 169
is_linear=0
shrinkage=0.08


Tree=84
num_leaves=13
num_cat=0
split_feature=0 0 4 1 4 4 4 4 1 4 4 4
split_gain=0.344165 1.08462 3.63646 3.65233 1.21863 1.00623 1.44459 2.2863 1.54251 0.911101 2.36793 1.67998
threshold=2.5000000000000004 3.5000000000000004 22.500000000000004 1.5000000000000002 4.5000000000000009 78.500000000000014 60.500000000000007 57.500000000000007 1.5000000000000002 19.500000000000004 16.500000000000004 21.500000000000004
decision_type=2 2 2 2 2 2 2 2 2 2 2 2
left_child=5 2 4 -4 -2 6 7 -1 -8 10 -3 -11
right_child=1 9 3 -5 -6 -7 8 -9 -10 11 -12 -13
leaf_value=0.0024132062691623298 -0.026482439519296814 9.1759192554176068e-05 -0.01037565354544146 -0.067768368923648625 0.042228224967175765 0.042236459649401877 -0.036772242647093049 0.055465720923055538 0.0048774182849931893 0.036525634846021872 -0.038319561602573146 0.0010542555747664844
leaf_weight=208.23184993863106 2.0380037538707247 44.022123344242573 32.276499666273594 9.0963007844984514 8.72133946046233 3.983355000615119 12.244551882147789 5.331906519830226 10.632797084748745 8.8501578196883184 13.397329937666653 248.09005498886108
leaf_count=1395 19 351 233 158 86 30 102 45 68 86 101 2126
internal_value=1.07757e-05 -0.00153223 -0.0122193 -0.0229941 0.0292132 0.00236286 0.0016911 0.00373773 -0.0174146 0.000240068 -0.00887052 0.00227605
internal_weight=606.916 366.492 52.1321 41.3728 10.7593 240.424 236.441 213.564 22.8773 314.36 57.4195 256.94
internal_count=4800 3160 496 391 105 1640 1610 1440 170 2664 452 2212
is_linear=0
shrinkage=0.08


Tree=85
num_leaves=9
num_cat=0
split_feature=4 4 4 0 0 4 2 2
split_gain=0.351938 0.366873 0.70905 0.671036 0.505327 0.415536 1.14033 0.633644
threshold=88.500000000000014 67.500000000000014 65.500000000000014 2.5000000000000004 7.5000000000000009 72.500000000000014 1.0000000180025095e-35 1.0000000180025095e-35
decision_type=2 2 2 2 2 2 2 2
left_child=1 2 4 -4 -1 7 -7 -3
right_child=-2 5 3 -5 -6 6 -8 -9
leaf_value=-0.00064498708315090139 -0.024155400707679037 0.050807256756061479 0.0022564265096369678 -0.044332135883935135 0.0085027377177270998 -0.027420011363883695 0.01487170483364548 0.0096722932554377684
leaf_weight=520.70014054328203 3.8329693078994742 3.1180005129426727 3.5244152620434743 4.5113756395876408 41.746526543051004 6.1415795795619514 12.158035997301338 10.359203251078725
leaf_count=3969 24 27 27 41 469 47 112 84
internal_value=9.08196e-06 0.000162872 -0.000303132 -0.0238989 3.39853e-05 0.00852895 0.000678077 0.019189
internal_weight=606.092 602.259 570.482 8.03579 562.447 31.7768 18.2996 13.4772
internal_count=4800 4776 4506 68 4438 270 159 111
is_linear=0
shrinkage=0.08


Tree=86
num_leaves=13
num_cat=0
split_feature=4 4 0 4 4 0 3 1 4 0 1 4
split_gain=0.317655 3.16506 2.1501 2.04455 1.84373 2.18798 1.48265 1.34002 1.1706 1.17008 0.997213 0.718848
threshold=13.500000000000002 16.500000000000004 1.0000000180025095e-35 15.500000000000002 18.500000000000004 6.5000000000000009 1.0000000180025095e-35 1.5000000000000002 12.500000000000002 2.5000000000000004 1.5000000000000002 21.500000000000004
decision_type=2 2 2 2 2 2 2 2 2 2 2 2
left_child=2 3 7 9 5 -3 8 -1 -4 -2 -5 -6
right_child=1 4 6 10 11 -7 -8 -9 -10 -11 -12 -13
leaf_value=-0.0048589970081644356 -0.017832927320789883 -0.013053634598676736 -0.0028730524738036951 0.095433653429199003 0.014316570479059529 -0.087188617165910184 -0.062031751049369928 0.071702743347911796 -0.040692797720706622 0.033559886826384312 0.03287142088259757 -0.00025763725963415257
leaf_weight=2.4857855178415766 4.6909070014953631 15.213195975869896 50.150834202766418 3.8052452355623236 22.680397350341082 3.0604189895093432 3.2964385673403731 3.5561548992991447 5.8486884459853163 7.167203214019537 2.8532185554504395 481.16483028978109
leaf_count=39 32 99 374 33 183 28 20 28 40 65 20 3839
internal_value=9.03068e-06 0.000645785 -0.00525976 0.0331495 -0.000506938 -0.0254696 -0.00989223 0.0402036 -0.00682301 0.0132296 0.0686251 0.000398415
internal_weight=605.973 540.635 65.3379 18.5166 522.119 18.2736 59.296 6.04194 55.9995 11.8581 6.65846 503.845
internal_count=4800 4299 501 150 4149 127 434 67 414 97 53 4022
is_linear=0
shrinkage=0.08


Tree=87
num_leaves=12
num_cat=0
split_feature=1 1 0 0 4 4 4 4 4 4 4
split_gain=0.29675 0.761456 1.5201 1.46906 0.942884 0.627427 1.90522 1.04506 0.420842 0.672701 0.37872
threshold=1.0000000180025095e-35 1.5000000000000002 3.5000000000000004 1.0000000180025095e-35 19.500000000000004 45.500000000000007 47.500000000000007 44.500000000000007 1.5000000000000002 5.5000000000000009 58.500000000000007
decision_type=2 2 2 2 2 2 2 2 2 2 2
left_child=8 2 3 -2 -4 7 -7 -3 -1 -10 -11
right_child=1 5 4 -5 -6 6 -8 -9 9 10 -12
leaf_value=0.026749893182032192 -0.028383424737529687 0.0027982673214785453 0.0035108722773565687 0.0025810248847972003 -0.026181385887108864 -0.037784830299027732 -0.0002254682395700701 0.036770936848631267 -0.03591051286985749 0.0012714212141197226 0.012240825846399303
leaf_weight=4.5290672145783892 11.010174177587031 182.14836260676384 8.8622494712471944 89.659544382244349 30.065084641799331 9.6677660755813104 81.582948692142963 5.9855735711753359 2.9376184418797484 156.39989105984569 23.121268302202225
leaf_count=40 165 1262 137 494 646 65 558 44 22 1169 198
internal_value=1.07524e-05 -0.00117193 -0.00599672 -0.000805535 -0.0194216 0.00123881 -0.00420478 0.00387912 0.00266078 0.00206283 0.00268422
internal_weight=605.97 418.982 139.597 100.67 38.9273 279.385 91.2507 188.134 186.988 182.459 179.521
internal_count=4800 3371 1442 659 783 1929 623 1306 1429 1389 1367
is_linear=0
shrinkage=0.08


Tree=88
num_leaves=6
num_cat=0
split_feature=4 4 0 4 4
split_gain=0.302814 0.324771 1.41128 0.857066 0.977729
threshold=88.500000000000014 78.500000000000014 2.5000000000000004 76.500000000000014 74.500000000000014
decision_type=2 2 2 2 2
left_child=1 3 -3 4 -1
right_child=-2 2 -4 -5 -6
leaf_value=-7.2014933231803012e-05 -0.022373945898646087 0.06278604580921307 -0.0093021212012226046 -0.038771265051665775 0.042002704849768036
leaf_weight=585.93646156974137 3.8435507826507083 2.7155641987919799 4.8284262847155333 3.6373269893228999 3.5561819672584525
leaf_count=4652 24 22 40 32 30
internal_value=9.49328e-06 0.000152719 0.016647 -5.70713e-05 0.000181806
internal_weight=604.518 600.674 7.54399 593.13 589.493
internal_count=4800 4776 62 4714 4682
is_linear=0
shrinkage=0.08


Tree=89
num_leaves=13
num_cat=0
split_feature=4 4 0 4 4 0 3 1 0 4 1 4
split_gain=0.283861 2.66977 1.90814 1.77196 1.56856 1.78288 1.24979 1.18373 0.997299 0.975784 0.843951 0.613169
threshold=13.500000000000002 16.500000000000004 1.0000000180025095e-35 15.500000000000002 18.500000000000004 6.5000000000000009 1.0000000180025095e-35 1.5000000000000002 2.5000000000000004 12.500000000000002 1.5000000000000002 21.500000000000004
decision_type=2 2 2 2 2 2 2 2 2 2 2 2
left_child=2 3 7 8 5 -3 9 -1 -2 -4 -5 -6
right_child=1 4 6 10 11 -7 -8 -9 -10 -11 -12 -13
leaf_value=-0.003656689732946518 -0.016402792548578106 -0.012090681198288527 -0.002793131969393247 0.088577930589727599 0.013297802449060517 -0.078281120934010032 -0.056716726750022171 0.069469401417376592 0.031020976977554262 -0.037132410170269033 0.030606989177220802 -0.0002105996694263786
leaf_weight=2.4424516372382632 4.7294443696737307 15.265018768608572 50.175714462995529 3.7706307619810095 22.514582555741072 3.1401814669370642 3.3503584861755362 3.3735381066799164 7.0962757356464863 5.9210055582225314 2.8012551665306091 479.88836101070046
leaf_count=39 32 99 374 33 183 28 20 28 65 40 20 3839
internal_value=9.32244e-06 0.000612454 -0.00497377 0.0305632 -0.00044556 -0.0233837 -0.00925243 0.0387598 0.0120549 -0.00641764 0.0638679 0.000394763
internal_weight=604.469 539.206 65.2631 18.3976 520.808 18.4052 59.4471 5.81599 11.8257 56.0967 6.57189 502.403
internal_count=4800 4299 501 150 4149 127 434 67 97 414 53 4022
is_linear=0
shrinkage=0.08


Tree=90
num_leaves=12
num_cat=0
split_feature=1 1 0 4 4 0 0 4 4 4 2
split_gain=0.26422 0.674599 1.40437 1.60157 1.18296 0.609588 3.41668 1.30616 0.391355 0.550544 0.361463
threshold=1.0000000180025095e-35 1.5000000000000002 7.5000000000000009 15.500000000000002 46.500000000000007 3.5000000000000004 2.5000000000000004 25.500000000000004 1.5000000000000002 5.5000000000000009 1.5000000000000002
decision_type=2 2 2 2 2 2 2 2 2 2 2
left_child=8 2 4 -4 -2 6 -3 -7 -1 -10 -11
right_child=1 5 3 -5 -6 7 -8 -9 9 10 -12
leaf_value=0.025886538695374734 -0.0088833453358348798 0.0013438356155873984 0.035637529930899962 -0.065872967835770291 0.0076414798718835442 -0.007276029830084978 -0.044473697843043801 0.0085782989787212011 -0.032004017098201019 0.0012584096307778562 0.012835498374230019
leaf_weight=4.4745812863111487 93.343870267271996 100.55660653114319 1.2687760591506947 4.6053583417087793 39.440004913136363 45.851603575050831 11.620199883356689 121.07237629592419 3.0078169256448737 159.86994948983192 19.349205270409584
leaf_count=40 893 664 13 141 395 285 196 784 22 1173 194
internal_value=1.06625e-05 -0.00110749 -0.00566847 -0.0439473 -0.00397507 0.00115842 -0.00340232 0.00422334 0.00251261 0.00193866 0.00250832
internal_weight=604.46 417.759 138.658 5.87413 132.784 279.101 112.177 166.924 186.702 182.227 179.219
internal_count=4800 3371 1442 154 1288 1929 860 1069 1429 1389 1367
is_linear=0
shrinkage=0.08


Tree=91
num_leaves=15
num_cat=0
split_feature=4 4 0 4 4 4 4 4 4 0 0 4 4 1
split_gain=0.29244 1.68703 2.53095 1.40707 2.2703 1.72235 1.16673 1.02785 1.01882 2.05894 0.987901 0.701222 0.522332 0.333359
threshold=50.500000000000007 47.500000000000007 1.0000000180025095e-35 45.500000000000007 46.500000000000007 44.500000000000007 52.500000000000007 51.500000000000007 54.500000000000007 1.5000000000000002 4.5000000000000009 49.500000000000007 57.500000000000007 1.5000000000000002
decision_type=2 2 2 2 2 2 2 2 2 2 2 2 2 2
left_child=1 3 -3 5 -5 -1 7 10 9 -8 -2 -4 -10 -9
right_child=6 2 11 4 -6 -7 8 13 12 -11 -12 -13 -14 -15
leaf_value=-0.00028462584308124804 -0.029141621914893813 -0.051628392043388323 0.01940171348029944 -0.046086891011245336 0.0075100098469191006 0.027725614943097773 0.075387166443370943 -0.032030215439526701 -0.014136844519465071 0.0044543191051780954 0.031054612154128129 0.04915077651855649 -0.00067926947952100551 -0.066370550697218506
leaf_weight=394.06399715133011 3.8300308063626263 2.9313140362501171 21.188316456973556 10.747836302965879 9.5545155592262745 14.569162869825957 3.1797854937613037 5.4345527142286301 23.471101883798838 14.849203338846563 3.204868458211422 6.6663976013660422 86.427278058603406 2.7120292969048023
leaf_count=3128 27 21 163 72 79 117 27 46 178 122 27 54 717 22
internal_value=7.95385e-06 0.000991051 0.0190804 -0.000307276 -0.0208636 0.000714035 -0.00315014 -0.0241186 -0.000661755 0.0169648 -0.0017182 0.0265215 -0.00355342 -0.0434622
internal_weight=602.83 459.722 30.786 428.936 20.3024 408.633 143.109 15.1815 127.927 18.029 7.0349 27.8547 109.898 8.14658
internal_count=4800 3634 238 3396 151 3245 1166 122 1044 149 54 217 895 68
is_linear=0
shrinkage=0.08


Tree=92
num_leaves=16
num_cat=0
split_feature=4 4 4 0 4 3 0 1 1 0 4 4 3 0 0
split_gain=0.282189 0.836933 0.817797 1.2715 1.53693 1.48001 0.91154 2.26901 1.73541 0.670494 1.72667 1.62433 0.555907 1.78454 0.499414
threshold=36.500000000000007 38.500000000000007 32.500000000000007 5.5000000000000009 28.500000000000004 1.0000000180025095e-35 6.5000000000000009 1.5000000000000002 1.5000000000000002 4.5000000000000009 37.500000000000007 37.500000000000007 1.0000000180025095e-35 3.5000000000000004 1.0000000180025095e-35
decision_type=2 2 2 2 2 2 2 2 2 2 2 2 2 2 2
left_child=2 9 3 5 -5 -1 7 -4 -8 11 -11 -2 14 -14 -3
right_child=1 12 6 4 -6 -7 8 -9 -10 10 -12 -13 13 -15 -16
leaf_value=-0.0018544576957937728 0.022084655302877731 -0.010841257541856195 -0.0029811391631847602 0.0035223329259178229 0.034539401634288459 -0.037548475405306675 0.025454671368495326 0.037291594688001091 -0.050828583507783458 -0.0623268256204716 0.002831391709500284 -0.027954992783096912 -0.004384445667358957 0.075634143012905442 0.00017425703783915207
leaf_weight=174.49010922014713 7.6274152435362383 29.46595586836338 17.796879172325134 50.851051775738597 12.797326218336819 7.765393190085887 3.7700096778571597 18.018540546298027 3.8657606914639473 5.4132491610944253 5.0135196261107922 9.1108264066278934 5.8936066403985006 2.5578415505588055 248.36981694959104
leaf_count=1270 58 245 156 502 143 58 51 128 31 47 43 59 50 23 1936
internal_value=1.05074e-05 -0.00165252 0.00181203 2.42498e-05 0.00975871 -0.00337528 0.0119297 0.0172799 -0.0131652 -0.0150723 -0.0309967 -0.00515253 -0.000379157 0.0198333 -0.000993997
internal_weight=602.807 313.452 289.355 245.904 63.6484 182.256 43.4512 35.8154 7.63577 27.165 10.4268 16.7382 286.287 8.45145 277.836
internal_count=4800 2461 2339 1973 645 1328 366 284 82 207 90 117 2254 73 2181
is_linear=0
shrinkage=0.08


Tree=93
num_leaves=12
num_cat=0
split_feature=0 3 4 4 4 4 4 4 0 0 0
split_gain=0.307565 0.688796 0.762669 0.592001 0.473197 2.38271 1.87523 0.777286 0.814137 0.6286 0.453674
threshold=1.5000000000000002 1.0000000180025095e-35 1.5000000000000002 31.500000000000004 50.500000000000007 47.500000000000007 45.500000000000007 52.500000000000007 4.5000000000000009 6.5000000000000009 3.5000000000000004
decision_type=2 2 2 2 2 2 2 2 2 2 2
left_child=1 2 -1 -4 5 6 -2 8 -6 -7 -9
right_child=4 -3 3 -5 7 9 -8 10 -10 -11 -12
leaf_value=-0.035945709589162947 0.00013136616339313981 0.038782087539715397 0.0099953526976793699 -0.00089892629217288049 -0.050307376731090613 0.019354787538409201 -0.027631604493523244 -0.011151567748030271 -0.0059743076030792167 0.054128491687868929 0.00027596151456396877
leaf_weight=3.2411410696804515 308.99257767945528 3.413277991116046 52.146887838840485 82.313582481816411 4.8321709074079973 18.557158228009943 16.396737776696682 32.504077292978764 5.8733922988176346 4.0537766292691222 70.369895024225116
leaf_count=32 2483 25 398 649 35 139 122 237 54 42 584
internal_value=1.32471e-05 0.00328173 0.00240177 0.00332613 -0.000986 0.000477349 -0.00126764 -0.00546961 -0.0259849 0.0255892 -0.00333468
internal_weight=602.695 141.115 137.702 134.46 461.58 348 325.389 113.58 10.7056 22.6109 102.874
internal_count=4800 1104 1079 1047 3696 2786 2605 910 89 181 821
is_linear=0
shrinkage=0.08


Tree=94
num_leaves=12
num_cat=0
split_feature=0 4 4 4 4 2 4 4 4 4 0
split_gain=0.291138 0.868627 2.41819 0.805861 2.54621 1.44845 0.774993 0.768819 0.724118 0.397871 0.152163
threshold=2.5000000000000004 75.500000000000014 71.500000000000014 76.500000000000014 71.500000000000014 1.0000000180025095e-35 84.500000000000014 40.500000000000007 43.500000000000007 82.500000000000014 4.5000000000000009
decision_type=2 2 2 2 2 2 2 2 2 2 2
left_child=1 2 8 4 7 -6 10 -2 -1 -3 -5
right_child=3 9 -4 6 5 -7 -8 -9 -10 -11 -12
leaf_value=-0.00084109575576826918 0.0014955483137604566 0.053193938141179162 -0.067425795438873698 -0.056665898222912847 -0.00010559332257092664 0.084795441785688833 0.0023480691904058711 -0.0061507404312596391 0.0086004379698343594 0.0097855896648786148 -0.03057578714640672
leaf_weight=151.1510457880795 205.47663602419198 3.0115665458142749 3.2179894782602778 2.7304958850145322 2.0481953434646121 3.4561288170516491 4.1633647531270981 142.54179918952286 79.24397786706686 2.451370969414711 3.0053340476006269
leaf_count=1024 1814 27 24 21 18 37 29 1215 546 19 26
internal_value=1.35766e-05 0.00218178 0.00144438 -0.00141277 -0.000782382 0.0532032 -0.0239252 -0.00163623 0.0024063 0.0337154 -0.0429958
internal_weight=602.498 239.076 233.613 363.422 353.523 5.50432 9.89919 348.018 230.395 5.46294 5.73583
internal_count=4800 1640 1594 3160 3084 55 76 3029 1570 46 47
is_linear=0
shrinkage=0.08


Tree=95
num_leaves=11
num_cat=0
split_feature=4 4 2 0 2 4 4 4 0 1
split_gain=0.275646 1.10613 1.08505 1.92094 0.646154 0.506143 3.17361 1.3056 0.297487 0.126376
threshold=1.0000000180025095e-35 5.5000000000000009 1.0000000180025095e-35 6.5000000000000009 1.0000000180025095e-35 16.500000000000004 15.500000000000002 18.500000000000004 1.5000000000000002 1.5000000000000002
decision_type=2 2 2 2 2 2 2 2 2 2
left_child=4 2 -2 -4 -1 6 -3 -7 -6 -10
right_child=1 5 3 -5 8 7 -8 -9 9 -11
leaf_value=-0.021163497879726548 0.019811065949775726 0.00045491454699959081 -0.013497089937095781 -0.0865665414432122 -0.0046935222600238569 -0.021330779572418246 0.060187606452716917 0.00030958913857295073 0.016512195066189981 0.035054403945117961
leaf_weight=3.2257626354694358 3.1751908957958195 46.740094982087612 8.6881480142474157 3.1329317018389711 2.6182544715702525 18.502315199002624 6.4820430912077418 500.47906516119838 4.6993639022111875 4.7104482203722
leaf_count=20 22 362 68 27 27 127 53 4022 41 31
internal_value=1.37258e-05 -0.000262078 -0.0217099 -0.0328626 0.0106309 0.000300025 0.00772989 -0.000461916 0.0191577 0.0257942
internal_weight=602.454 587.2 14.9963 11.8211 15.2538 572.204 53.2221 518.981 12.0281 9.40981
internal_count=4800 4681 117 95 119 4564 415 4149 99 72
is_linear=0
shrinkage=0.08


Tree=96
num_leaves=6
num_cat=0
split_feature=4 4 0 4 4
split_gain=0.267062 0.307692 1.10482 0.666974 0.752865
threshold=88.500000000000014 78.500000000000014 2.5000000000000004 76.500000000000014 74.500000000000014
decision_type=2 2 2 2 2
left_child=1 3 -3 4 -1
right_child=-2 2 -4 -5 -6
leaf_value=-6.3447513900367767e-05 -0.0209844887771145 0.05842157485172389 -0.0063121738185663943 -0.03408228464384272 0.037207787000706857
leaf_weight=584.006122848019 3.8515952099114648 2.5957383736968032 4.821748111397028 3.6636674851179114 3.4892869330942622
leaf_count=4652 24 22 40 32 30
internal_value=1.37716e-05 0.000148887 0.0163413 -5.42853e-05 0.000157916
internal_weight=602.428 598.577 7.41749 591.159 587.495
internal_count=4800 4776 62 4714 4682
is_linear=0
shrinkage=0.08


Tree=97
num_leaves=15
num_cat=0
split_feature=1 4 4 2 4 1 2 0 4 4 4 4 4 4
split_gain=0.263773 0.625042 2.46676 1.37144 4.3333 1.62211 0.591039 0.363816 2.64891 3.88695 3.24595 0.930628 1.45204 0.461888
threshold=1.0000000180025095e-35 58.500000000000007 57.500000000000007 1.5000000000000002 62.500000000000007 1.5000000000000002 1.5000000000000002 6.5000000000000009 43.500000000000007 36.500000000000007 51.500000000000007 11.500000000000002 13.500000000000002 2.5000000000000004
decision_type=2 2 2 2 2 2 2 2 2 2 2 2 2 2
left_child=7 2 6 5 -5 -3 -2 11 9 -9 -10 13 -13 -1
right_child=1 3 -4 4 -6 -7 -8 8 10 -11 -12 12 -14 -15
leaf_value=0.0060817559832312094 -0.0018463584081556913 -0.02425087770578839 0.070634362667718928 -0.11474353819334469 -0.0037753324644451552 0.0075918801478725671 0.0073396946000198297 -0.002160981333916975 0.09217729024629899 -0.07920555833849928 1.1500879649976806e-05 -0.052185657029561537 0.0036730106976706951 0.039824289127437615
leaf_weight=4.2484797500073892 301.92868044599891 15.139609169214962 3.1492147259414187 3.0798051171004763 8.3808210231363756 31.62751067429781 52.642609411850572 16.943546786904339 3.3439857065677634 5.5681031048297873 9.1027988567948324 3.0443063378334037 137.5085119549185 6.6764986477792263
leaf_count=36 2444 179 28 22 59 218 421 163 30 47 77 20 1002 54
internal_value=1.31497e-05 -0.00110761 0.000143562 -0.00879417 -0.0335957 -0.00271636 -0.00048252 0.00251363 -0.00484276 -0.0212174 0.024773 0.00421135 0.00246314 0.0267026
internal_weight=602.384 415.948 357.721 58.2277 11.4606 46.7671 354.571 186.436 34.9584 22.5116 12.4468 151.478 140.553 10.925
internal_count=4800 3371 2893 478 81 397 2865 1429 317 210 107 1112 1022 90
is_linear=0
shrinkage=0.08


Tree=98
num_leaves=14
num_cat=0
split_feature=0 0 4 4 4 3 4 4 4 4 4 4 4
split_gain=0.240985 0.825485 0.881066 1.99566 1.69784 0.719661 0.740004 3.60547 2.49063 0.577046 1.81582 1.80193 0.00560257
threshold=2.5000000000000004 4.5000000000000009 61.500000000000007 76.500000000000014 42.500000000000007 1.0000000180025095e-35 14.500000000000002 16.500000000000004 12.500000000000002 63.500000000000007 69.500000000000014 61.500000000000007 37.500000000000007
decision_type=2 2 2 2 2 2 2 2 2 2 2 2 2
left_child=5 2 4 -4 -2 6 8 -8 -1 11 -11 -3 -7
right_child=1 9 3 -5 -6 12 7 -9 -10 10 -12 -13 -14
leaf_value=0.0006290821870897379 -0.0021350650629709854 0.001948941809779389 0.030959486696228836 -0.037526095585094649 -0.02239696130310901 0.027353195578768696 0.066670320539472694 0.0011189196470968014 -0.063182654537055641 -0.033955749619899264 0.011424021132339748 0.052788919456998443 0.032314743346417575
leaf_weight=20.320947583764795 88.284329898655415 196.10064473003149 10.338458543643354 3.6968888845294705 37.800411116331816 3.3776418268680564 5.5167481750249854 201.93895108997822 4.8486395403742781 10.860622843727471 11.747118858620523 4.5656531546264878 2.5609688833355904
leaf_count=153 652 1857 82 30 296 23 38 1379 30 90 108 45 17
internal_value=1.69391e-05 -0.00127999 -0.00609308 0.0129205 -0.00820961 0.00199249 0.00129045 0.00286209 -0.0116635 0.00174057 -0.0103761 0.00310568 0.0294928
internal_weight=601.958 363.394 140.12 14.0353 126.085 238.564 232.625 207.456 25.1696 223.274 22.6077 200.666 5.93861
internal_count=4800 3160 1060 112 948 1640 1600 1417 183 2100 198 1902 40
is_linear=0
shrinkage=0.08


Tree=99
num_leaves=13
num_cat=0
split_feature=1 1 0 4 0 0 4 4 4 4 4 4
split_gain=0.242631 0.549294 1.29116 1.43221 0.882699 0.600121 0.686449 0.562079 0.338709 0.448379 3.16721 1.50517
threshold=1.0000000180025095e-35 1.5000000000000002 3.5000000000000004 33.500000000000007 4.5000000000000009 7.5000000000000009 14.500000000000002 83.500000000000014 1.0000000180025095e-35 30.500000000000004 29.500000000000004 32.500000000000007
decision_type=2 2 2 2 2 2 2 2 2 2 2 2
left_child=8 2 3 -2 -4 7 -7 -3 -1 10 -10 -11
right_child=1 5 4 -5 -6 6 -8 -9 9 11 -12 -13
leaf_value=0.027134235411867533 0.01091485259918033 0.000270753435844033 -0.042185513043490913 -0.0085015222291979359 -0.011655180179838964 0.046676912188573144 0.0076363755927270028 -0.034300651732783675 0.0011929460264748946 0.040744903314915995 -0.071242139060269424 0.00263173049556985
leaf_weight=3.4822039157152167 41.665642719715834 250.71712471172214 7.5707009546458712 58.382430214434862 30.388872759416699 3.3566749393939999 20.401063326746225 3.0464088208973399 62.541634321212769 7.0614050179719916 4.1176573485136023 108.94225176796317
leaf_count=34 279 1711 163 380 620 27 174 17 460 63 33 839
internal_value=1.81148e-05 -0.00105713 -0.00518179 -0.000415452 -0.0177442 0.000994007 0.0131523 -0.000144273 0.00241837 0.0019472 -0.00328149 0.00495177
internal_weight=601.674 415.529 138.008 100.048 37.9596 277.521 23.7577 253.764 186.145 182.663 66.6593 116.004
internal_count=4800 3371 1442 659 783 1929 201 1728 1429 1395 493 902
is_linear=0
shrinkage=0.08


Tree=100
num_leaves=14
num_cat=0
split_feature=4 2 4 0 4 4 4 0 0 1 4 4 4
split_gain=0.231818 1.4696 4.60182 0.904563 0.824158 2.14789 1.13759 1.44163 0.760516 0.673494 0.536037 0.449397 0.29201
threshold=10.500000000000002 1.5000000000000002 1.5000000000000002 1.0000000180025095e-35 16.500000000000004 15.500000000000002 18.500000000000004 6.5000000000000009 4.5000000000000009 1.5000000000000002 21.500000000000004 5.5000000000000009 5.5000000000000009
decision_type=2 2 2 2 2 2 2 2 2 2 2 2 2
left_child=1 3 -3 12 5 8 7 -6 -2 -7 -8 -5 -1
right_child=4 2 -4 11 6 9 10 -9 -10 -11 -12 -13 -14
leaf_value=0.053052845809167241 -0.006737940536649104 0.038832703754745672 -0.11428858691815588 -0.010898356172643351 -0.0095900114870771224 0.076825534517543759 0.012510345397141211 -0.06850476553583891 0.019532336854000406 0.023697457531912904 -0.00018557085899764022 0.0073337048998400002 0.0094099280664308206
leaf_weight=2.4229037649929515 18.607261221855882 2.2673337943851939 2.8165619932115078 23.982516478747129 15.382362049072983 3.6619530767202368 22.278176758438349 3.2134936768561593 11.357687529176472 2.6194439753890038 476.78865453973413 13.535946883261202 1.6489420384168623
leaf_count=30 131 20 23 175 99 33 183 28 98 20 3839 103 18
internal_value=1.75646e-05 -0.00539693 -0.045999 -0.000433827 0.000473807 0.0121357 -0.000342746 -0.0197709 0.00321935 0.0546703 0.000381171 -0.00432058 0.0353791
internal_weight=600.583 46.6742 5.0839 41.5903 553.909 36.2463 517.663 18.5959 29.9649 6.2814 499.067 37.5185 4.07185
internal_count=4800 369 43 326 4431 282 4149 127 229 53 4022 278 48
is_linear=0
shrinkage=0.08


Tree=101
num_leaves=15
num_cat=0
split_feature=1 4 4 4 2 4 2 2 4 4 4 4 4 0
split_gain=0.208176 0.489539 2.16245 1.20956 3.07351 0.87447 0.549622 0.321231 1.83446 1.26838 0.933362 0.899841 1.50549 1.29817
threshold=1.0000000180025095e-35 58.500000000000007 57.500000000000007 67.500000000000014 1.5000000000000002 72.500000000000014 1.5000000000000002 1.0000000180025095e-35 25.500000000000004 19.500000000000004 30.500000000000004 31.500000000000004 29.500000000000004 2.5000000000000004
decision_type=2 2 2 2 2 2 2 2 2 2 2 2 2 2
left_child=7 2 6 4 -3 -5 -2 8 9 -1 -10 12 -9 -13
right_child=1 3 -4 5 -6 -7 -8 11 10 -11 -12 13 -14 -15
leaf_value=0.015022014245030224 -0.0017672485057619177 -0.0050259836796908586 0.066915990264030153 0.025387662573408493 -0.064272440796342728 -0.0057843398337625715 0.0071080670440534224 -0.0032584161548766984 -0.037960259942438478 0.067821154875107509 0.0031554324659973554 0.023759051942030637 -0.047826855325901252 0.00011420102688908685
leaf_weight=8.1058023422956449 301.21891653724015 25.963292367756367 3.0760034620761862 9.0367271583527344 7.1463589891791335 15.882478391751645 52.428091172128916 50.369641676545143 4.0111372433602801 4.5444349795579901 29.679368332028389 19.315906940028071 5.3675896972417823 64.428234167397022
leaf_count=58 2444 225 28 74 48 131 421 382 31 32 220 213 46 447
internal_value=1.78516e-05 -0.000979105 0.000129421 -0.00779359 -0.0178137 0.00551991 -0.000451485 0.00224304 0.00801372 0.0339894 -0.00173974 0.000325816 -0.00755043 0.00556798
internal_weight=600.574 414.752 356.723 58.0289 33.1097 24.9192 353.647 185.822 46.3407 12.6502 33.6905 139.481 55.7372 83.7441
internal_count=4800 3371 2893 478 273 205 2865 1429 341 90 251 1088 428 660
is_linear=0
shrinkage=0.08


Tree=102
num_leaves=11
num_cat=0
split_feature=4 4 2 0 2 0 4 4 0 1
split_gain=0.198949 0.892065 0.869535 1.57573 0.530297 0.336359 3.93559 0.579321 0.310422 0.110692
threshold=1.0000000180025095e-35 5.5000000000000009 1.0000000180025095e-35 6.5000000000000009 1.0000000180025095e-35 7.5000000000000009 14.500000000000002 14.500000000000002 1.5000000000000002 1.5000000000000002
decision_type=2 2 2 2 2 2 2 2 2 2
left_child=4 2 -2 -4 -1 7 -7 -3 -6 -10
right_child=1 5 3 -5 8 6 -8 -9 9 -11
leaf_value=-0.019607855677613965 0.018018754792799654 -0.0097145681706722557 -0.011748262097699851 -0.077640672566265737 -0.0076036563721772433 0.10120997341613157 0.00074594495323861924 0.00049036619252508127 0.015049897341210174 0.032548863550950345
leaf_weight=3.2348531484603873 3.1288247480988476 38.387173153460026 8.6704302094876748 3.1725751310586938 2.5786108747124663 2.6684976145625106 38.509058235213161 490.75902276672423 4.6355753205716592 4.6185184344649315
leaf_count=20 22 292 68 27 27 25 451 3796 41 31
internal_value=1.96419e-05 -0.00021402 -0.0194903 -0.0293999 0.00909617 0.000292011 0.00725648 -0.000249956 0.0169433 0.0237833
internal_weight=600.363 585.296 14.9718 11.843 15.0676 570.324 41.1776 529.146 11.8327 9.25409
internal_count=4800 4681 117 95 119 4564 476 4088 99 72
is_linear=0
shrinkage=0.08


Tree=103
num_leaves=7
num_cat=0
split_feature=4 4 4 4 1 0
split_gain=0.189714 0.31594 0.270757 0.64508 0.198015 0.0561247
threshold=88.500000000000014 80.500000000000014 76.500000000000014 74.500000000000014 1.5000000000000002 3.5000000000000004
decision_type=2 2 2 2 2 2
left_child=1 2 3 -1 -3 -4
right_child=-2 4 5 -5 -6 -7
leaf_value=-8.3094336913496926e-05 -0.017677695861489689 0.033115465911165771 -0.0094294127773660325 0.034783677407751026 0.0027966753721359338 -0.025715993114595097
leaf_weight=581.99478960596025 3.8518292661756268 2.9899129830300799 2.6226873211562625 3.4159507304429999 2.5582685023546219 2.799792755395174
leaf_count=4652 24 28 27 30 17 22
internal_value=1.96666e-05 0.000133968 -4.44643e-05 0.000120358 0.0191355 -0.0178387
internal_weight=600.233 596.381 590.833 585.411 5.54818 5.42248
internal_count=4800 4776 4731 4682 45 49
is_linear=0
shrinkage=0.08


Tree=104
num_leaves=14
num_cat=0
split_feature=0 4 4 4 4 4 4 2 2 0 4 4 4
split_gain=0.176535 0.894045 1.18126 3.57975 1.90195 0.436457 4.15906 2.6096 1.65082 2.22687 0.858945 0.744189 0.30351
threshold=7.5000000000000009 63.500000000000007 42.500000000000007 40.500000000000007 45.500000000000007 14.500000000000002 16.500000000000004 1.0000000180025095e-35 1.5000000000000002 3.5000000000000004 12.500000000000002 18.500000000000004 71.500000000000014
decision_type=2 2 2 2 2 2 2 2 2 2 2 2 2
left_child=5 2 3 -2 -4 8 7 -7 10 -10 -1 -8 -3
right_child=1 12 4 -5 -6 6 11 -9 9 -11 -12 -13 -14
leaf_value=0.0027608787220419718 0.0067888620227258747 -0.042122428126202482 0.08422027695349249 -0.11336901279874116 0.012276899627834723 -0.011519164101119675 -0.016920197345748303 0.075036228154454196 0.0043900842518418597 -0.082400880205493757 -0.022522666636702906 -4.7844532716700103e-05 -0.0034071651197040203
leaf_weight=46.741233397275209 23.728437956422571 3.0951578505337229 2.9948385823518029 1.700546022504567 10.952613079920409 3.1546650826930982 17.358478035777807 7.5997510701417923 3.5718124955892554 4.0230988040566444 10.538247566670178 462.54814990982413 2.2294153235852718
leaf_count=361 283 30 31 20 121 25 115 61 29 32 74 3595 23
internal_value=1.82728e-05 0.00485489 0.00901529 -0.00124661 0.0277248 -0.000370905 0.000444458 0.0496464 -0.00653769 -0.0415839 -0.00189077 -0.000658127 -0.0259122
internal_weight=600.236 44.701 39.3764 25.429 13.9475 555.535 490.661 10.7544 64.8744 7.59491 57.2795 479.907 5.32457
internal_count=4800 508 455 303 152 4292 3796 86 496 61 435 3710 53
is_linear=0
shrinkage=0.08


Tree=105
num_leaves=16
num_cat=0
split_feature=1 1 0 4 0 0 0 4 0 4 4 4 4 4 4
split_gain=0.185793 0.499349 1.26521 1.58527 1.23836 0.564882 2.91187 1.1377 0.318355 2.20735 3.02462 2.98443 0.819004 1.02664 0.477751
threshold=1.0000000180025095e-35 1.5000000000000002 7.5000000000000009 15.500000000000002 6.5000000000000009 3.5000000000000004 2.5000000000000004 25.500000000000004 6.5000000000000009 43.500000000000007 36.500000000000007 51.500000000000007 11.500000000000002 13.500000000000002 2.5000000000000004
decision_type=2 2 2 2 2 2 2 2 2 2 2 2 2 2 2
left_child=8 2 4 -4 -2 6 -3 -7 12 10 -10 -11 14 -14 -1
right_child=1 5 3 -5 -6 7 -8 -9 9 11 -12 -13 13 -15 -16
leaf_value=0.0037867237037988691 -0.0052234479873648721 0.00093037238402335332 0.037401674240493003 -0.064824904061396696 0.027674356397297931 -0.00674049780867914 -0.04226894313478842 0.0080738223801934805 -0.0022325491914853275 0.090955672362325088 -0.068838511893422397 -0.00028978567481273871 -0.042750518772581299 0.0031336445440351491 0.038424710440272875
leaf_weight=4.1591761447489244 123.9931852966547 100.07813829928637 1.2488271966576565 4.3617172706872225 7.7827303968369952 45.814504206180573 11.093054180964826 120.28461779654026 16.87805745005608 3.0707625299692145 5.8847482576966277 9.0708746723830682 3.1937866359949103 136.67065945267677 6.5805515274405479
leaf_count=36 1142 664 13 141 146 285 196 784 163 30 47 77 20 1002 54
internal_value=2.07871e-05 -0.000920683 -0.0048646 -0.0420707 -0.00328049 0.00103351 -0.00338021 0.00398764 0.0021252 -0.00475881 -0.0194518 0.0227873 0.00372066 0.00208589 0.0250105
internal_weight=600.165 414.657 137.386 5.61054 131.776 277.27 111.171 166.099 185.509 34.9044 22.7628 12.1416 150.604 139.864 10.7397
internal_count=4800 3371 1442 154 1288 1929 860 1069 1429 317 210 107 1112 1022 90
is_linear=0
shrinkage=0.08


Tree=106
num_leaves=13
num_cat=0
split_feature=0 4 4 4 0 4 1 2 1 4 4 4
split_gain=0.188699 0.747877 2.09038 0.689759 0.676416 2.93657 2.99788 1.00442 0.646274 1.69383 0.966042 0.350647
threshold=2.5000000000000004 75.500000000000014 71.500000000000014 43.500000000000007 3.5000000000000004 22.500000000000004 1.5000000000000002 1.0000000180025095e-35 1.5000000000000002 1.5000000000000002 25.500000000000004 82.500000000000014
decision_type=2 2 2 2 2 2 2 2 2 2 2 2
left_child=1 2 3 -1 5 7 -7 -2 9 -6 -10 -3
right_child=4 11 -4 -5 8 6 -8 -9 10 -11 -12 -13
leaf_value=-0.0011727524259757054 -0.01293550654679282 0.050322207184534416 -0.062580738842484551 0.0080748394788358567 0.04640528262153322 -0.0088572682946609759 -0.064085206090616728 0.042415460653894892 -0.0061777184513817762 -0.0051320008205021196 0.0074641109713682631 0.0089945046854183388
leaf_weight=150.58691459149122 2.8681611530482751 2.8838334530591956 3.2535713054239741 78.54502815194428 4.2033413201570502 32.169049371033907 7.8193878252059212 7.8158959820866585 45.981770597398281 140.65875737834722 119.7255360968411 2.4135706275701523
leaf_count=1024 24 27 24 546 41 233 158 81 285 1554 784 19
internal_value=2.00552e-05 0.00177066 0.00109313 0.00199727 -0.00113178 -0.00970197 -0.0196566 0.0275564 0.000266538 -0.00363659 0.00367867 0.0314927
internal_weight=598.925 237.683 232.386 229.132 361.242 50.6725 39.9884 10.6841 310.569 144.862 165.707 5.2974
internal_count=4800 1640 1594 1570 3160 496 391 105 2664 1595 1069 46
is_linear=0
shrinkage=0.08


Tree=107
num_leaves=13
num_cat=0
split_feature=1 4 4 4 2 4 2 4 4 4 0 4
split_gain=0.197923 0.440808 1.88411 1.06106 2.55842 0.784126 0.507956 0.299668 1.14883 1.10076 0.421547 0.260976
threshold=1.0000000180025095e-35 58.500000000000007 57.500000000000007 67.500000000000014 1.5000000000000002 72.500000000000014 1.5000000000000002 58.500000000000007 60.500000000000007 56.500000000000007 4.5000000000000009 62.500000000000007
decision_type=2 2 2 2 2 2 2 2 2 2 2 2
left_child=7 2 6 4 -3 -5 -2 9 -9 10 -1 -10
right_child=1 3 -4 5 -6 -7 -8 8 11 -11 -12 -13
leaf_value=-0.0011119117384115773 -0.0017066987345484327 -0.0050319069948770532 0.063467200248353339 0.023992810199822478 -0.058878181951382447 -0.0056517135851688058 0.0068506413695846539 0.061665763207767822 -0.0156322470477872 -0.039171858492347285 0.0074239727939428403 0.0085501224560694342
leaf_weight=99.537671618163586 299.88658127561212 25.785898318514228 2.9774562157690516 8.9583151731640118 7.2309116451069704 15.751287797465919 52.108439346775413 2.5250934064388302 3.4416273832321194 4.2544179037213317 58.961388401687145 16.789904519915581
leaf_count=677 2444 225 28 74 48 131 421 29 26 26 528 143
internal_value=1.74079e-05 -0.000958207 9.61511e-05 -0.00744169 -0.0168246 0.00509573 -0.000439892 0.00218783 0.0107866 0.000985522 0.00206342 0.00443641
internal_weight=598.209 412.699 354.972 57.7264 33.0168 24.7096 351.995 185.51 22.7566 162.753 158.499 20.2315
internal_count=4800 3371 2893 478 273 205 2865 1429 198 1231 1205 169
is_linear=0
shrinkage=0.08


Tree=108
num_leaves=14
num_cat=0
split_feature=4 2 4 0 4 4 4 0 0 1 4 4 4
split_gain=0.19618 1.08573 3.32442 0.8185 0.728115 1.48792 0.789047 1.24498 0.587712 0.548354 0.476006 0.410684 0.256393
threshold=10.500000000000002 1.5000000000000002 2.5000000000000004 1.0000000180025095e-35 16.500000000000004 15.500000000000002 18.500000000000004 3.5000000000000004 4.5000000000000009 1.5000000000000002 21.500000000000004 9.5000000000000018 5.5000000000000009
decision_type=2 2 2 2 2 2 2 2 2 2 2 2 2
left_child=1 3 -3 12 5 8 7 -6 -2 -7 -8 -5 -1
right_child=4 2 -4 11 6 9 10 -9 -10 -11 -12 -13 -14
leaf_value=0.050430031965053947 -0.0046267501297674422 0.030317599626282912 -0.098459872996096306 -0.0070749671179708637 0.0057017303604612411 0.06718008648386474 0.011732333830526112 -0.035555648706188991 0.0184799398998137 0.018490326881457374 -0.00025681988725157997 0.021281103460741062 0.0093371439157087389
leaf_weight=2.3785877227783194 18.698486693203453 2.3651690669357768 2.8039527274668217 33.851560138165951 8.7345708869397658 3.6312927454709998 22.185822125524282 10.086543152108787 11.303499881178139 2.4991893395781517 474.15243873745203 3.618250034749507 1.6429571434855459
leaf_count=30 131 22 21 248 55 33 183 72 98 20 3839 30 18
internal_value=1.7808e-05 -0.004963 -0.0395368 -0.000655692 0.000439376 0.0114173 -0.0003306 -0.0164088 0.00407889 0.0473309 0.000279083 -0.00433678 0.033642
internal_weight=597.952 46.6605 5.16912 41.4914 551.292 36.1325 515.159 18.8211 30.002 6.13048 496.338 37.4698 4.02154
internal_count=4800 369 43 326 4431 282 4149 127 229 53 4022 278 48
is_linear=0
shrinkage=0.08


Tree=109
num_leaves=14
num_cat=0
split_feature=4 3 4 4 4 4 2 4 0 1 0 4 4
split_gain=0.184239 0.726096 1.56293 2.24239 0.707143 0.918667 0.685792 0.667173 0.672701 1.54214 0.467771 2.72578 1.42327
threshold=36.500000000000007 1.0000000180025095e-35 28.500000000000004 14.500000000000002 28.500000000000004 29.500000000000004 1.5000000000000002 38.500000000000007 7.5000000000000009 1.0000000180025095e-35 1.0000000180025095e-35 40.500000000000007 40.500000000000007
decision_type=2 2 2 2 2 2 2 2 2 2 2 2 2
left_child=1 4 3 -3 6 -6 -1 8 9 -2 11 -9 -12
right_child=7 2 -4 -5 5 -7 -8 10 -10 -11 12 -13 -14
leaf_value=-0.0022938591087700447 0.013404889642387469 -0.047681395422881689 -0.071053425998621592 0.036935639146759493 0.0298019134366126 0.0051135022439052578 0.012124987669170488 -0.075265486683757668 0.024751451216140939 -0.030437192340532916 0.020136940313255719 -0.0007695677906839534 -0.00093575401783189938
leaf_weight=165.67419391311705 7.3013694658875528 3.6457138024270517 2.7406191844493142 4.4520069360733032 11.060195509344338 75.44596447609365 24.194064829498529 3.5676571689546135 2.6839356608688822 17.303991528227925 22.512538827955723 26.436211697757244 230.93916448112577
leaf_count=1304 50 24 26 37 94 646 208 28 27 130 168 224 1834
internal_value=1.77071e-05 0.00147835 -0.0188336 -0.0011602 0.00227491 0.00827002 -0.00045653 -0.00133233 -0.0132792 -0.0174275 -0.000182161 -0.00962762 0.000936002
internal_weight=597.958 287.213 10.8383 8.09772 276.374 86.5062 189.868 310.745 27.2893 24.6054 283.456 30.0039 253.452
internal_count=4800 2339 87 61 2252 740 1512 2461 207 180 2254 252 2002
is_linear=0
shrinkage=0.08


Tree=110
num_leaves=14
num_cat=0
split_feature=0 3 4 4 0 4 1 2 1 4 4 4 4
split_gain=0.181426 0.658456 0.63224 1.93713 0.572473 2.47379 2.76183 0.831358 0.638665 1.47418 0.98971 0.288228 0.0430168
threshold=2.5000000000000004 1.0000000180025095e-35 75.500000000000014 71.500000000000014 3.5000000000000004 22.500000000000004 1.5000000000000002 1.0000000180025095e-35 1.5000000000000002 1.5000000000000002 40.500000000000007 82.500000000000014 35.500000000000007
decision_type=2 2 2 2 2 2 2 2 2 2 2 2 2
left_child=1 2 3 -1 5 7 -7 -2 9 -6 -10 -4 -3
right_child=4 12 11 -5 8 6 -8 -9 10 -11 -12 -13 -14
leaf_value=0.0013220562944687533 -0.012036577668297748 0.021786385072005806 0.046535213090626366 -0.061173406564260721 0.043001662456384517 -0.0081897447286908669 -0.062519895957736035 0.038190099274808868 0.0090479383474789035 -0.0051081749239779341 -0.0034209813699365779 0.0085818746139137269 0.03549740514558597
leaf_weight=223.19936529733241 2.8707063421607 3.1527309753000727 2.7398631107062092 3.2200479954481116 4.1981414556503287 32.157299365848303 7.3584261406213036 7.9499287102371454 92.68951678276062 140.40935738384724 72.691988203674555 2.4044342711567879 2.734787829220295
leaf_count=1532 24 22 26 23 41 233 158 81 612 1554 457 19 18
internal_value=1.82502e-05 0.00173509 0.00106336 0.00043327 -0.00111313 -0.00902634 -0.0183068 0.024865 0.000171821 -0.00371148 0.00356733 0.0287959 0.0281552
internal_weight=597.777 237.451 231.564 226.419 360.325 50.3364 39.5157 10.8206 309.989 144.607 165.382 5.1443 5.88752
internal_count=4800 1640 1600 1555 3160 496 391 105 2664 1595 1069 45 40
is_linear=0
shrinkage=0.08


Tree=111
num_leaves=14
num_cat=0
split_feature=4 2 0 4 4 4 2 4 0 1 4 4 1
split_gain=0.201424 0.967908 0.721237 0.589144 1.24117 0.738528 3.90983 0.680639 0.511742 0.464722 0.36518 0.224919 0.0670045
threshold=10.500000000000002 1.5000000000000002 1.0000000180025095e-35 16.500000000000004 15.500000000000002 22.500000000000004 1.5000000000000002 23.500000000000004 4.5000000000000009 1.5000000000000002 5.5000000000000009 5.5000000000000009 1.5000000000000002
decision_type=2 2 2 2 2 2 2 2 2 2 2 2 2
left_child=1 2 11 4 8 6 -5 -7 -2 -6 -4 -1 -3
right_child=3 12 10 5 9 7 -8 -9 -10 -11 -12 -13 -14
leaf_value=0.047363375199298507 -0.0044584750482494625 -0.028107166264456484 -0.01026021604662237 -0.017971990570236324 0.061458466819014061 0.022722721506561898 0.049365471902884164 0.00032005740376090947 0.017164780564120227 0.016423360277066337 0.0062102678613886299 0.0087022760643476593 -0.046254982519941805
leaf_weight=2.339915100485086 18.714284811168913 2.5126996375620356 24.125735966488719 43.755963215604424 3.6286522075533858 8.8481667395681125 6.3149922862648955 455.48103749100119 11.194910835474728 2.4610608816146851 13.400897040963171 1.6367105953395364 2.7024994418025017
leaf_count=30 131 26 175 328 33 72 56 3693 98 20 103 18 17
internal_value=1.58679e-05 -0.00502738 -0.000945533 0.000443944 0.0103378 -0.000248454 -0.00947933 0.000746958 0.00363504 0.0432582 -0.00437855 0.0314511 -0.0375113
internal_weight=597.118 46.7185 41.5033 550.399 35.9989 514.4 50.071 464.329 29.9092 6.08971 37.5266 3.97663 5.2152
internal_count=4800 369 326 4431 282 4149 384 3765 229 53 278 48 43
is_linear=0
shrinkage=0.08


Tree=112
num_leaves=16
num_cat=0
split_feature=1 1 4 4 4 4 4 0 0 4 4 4 4 4 4
split_gain=0.19681 0.46233 1.29155 6.18201 2.6491 0.508059 1.15531 0.375421 0.284366 1.96723 4.01505 2.73552 0.615224 0.568915 0.470322
threshold=1.0000000180025095e-35 1.5000000000000002 46.500000000000007 49.500000000000007 33.500000000000007 1.0000000180025095e-35 2.5000000000000004 4.5000000000000009 6.5000000000000009 43.500000000000007 40.500000000000007 51.500000000000007 11.500000000000002 14.500000000000002 2.5000000000000004
decision_type=2 2 2 2 2 2 2 2 2 2 2 2 2 2 2
left_child=8 2 4 -4 -2 7 -7 -3 12 10 -10 -11 14 -14 -1
right_child=1 5 3 -5 -6 6 -8 -9 9 11 -12 -13 13 -15 -16
leaf_value=0.0010608405372951224 0.00058747350231338569 0.035608511796472571 0.071440423574362144 -0.0079904620707933107 -0.026701260304455878 -0.051382940159879001 0.00088188460809184705 -7.6814046578360757e-05 -0.007022111277133738 0.090047452186058474 -0.11968662188805709 0.00050882153994460553 -0.022604735406982109 0.0033405978051674209 0.035893267837357572
leaf_weight=4.0474583655595762 59.957247281447053 4.6234647035598746 7.7600703071802846 32.677954737097025 36.705155389383435 2.7348265722393981 264.31703198328614 3.1875825226306915 20.733550824224952 2.8714423775672904 2.2434509024024001 9.1178787834942323 5.636213205754756 134.11096730083227 6.4097646772861481
leaf_count=36 630 29 81 367 364 19 1860 21 192 30 18 77 38 984 54
internal_value=1.58282e-05 -0.000957892 -0.00475257 0.00725235 -0.00977475 0.000934879 0.000346651 0.0210458 0.00218214 -0.00431555 -0.0180226 0.0219533 0.00369474 0.00229418 0.0224114
internal_weight=597.134 411.963 137.1 40.438 96.6624 274.863 267.052 7.81105 185.171 34.9663 22.977 11.9893 150.204 139.747 10.4572
internal_count=4800 3371 1442 448 994 1929 1879 50 1429 317 210 107 1112 1022 90
is_linear=0
shrinkage=0.08


Tree=113
num_leaves=13
num_cat=0
split_feature=4 0 1 2 4 4 0 2 4 2 4 4
split_gain=0.196098 0.850832 0.925762 0.844661 0.511761 1.07168 3.07098 2.34111 0.655211 1.94387 0.851468 0.324017
threshold=10.500000000000002 1.0000000180025095e-35 1.5000000000000002 1.5000000000000002 16.500000000000004 14.500000000000002 6.5000000000000009 1.0000000180025095e-35 19.500000000000004 1.5000000000000002 21.500000000000004 9.5000000000000018
decision_type=2 2 2 2 2 2 2 2 2 2 2 2
left_child=1 2 -1 11 5 6 -2 -7 9 -6 -10 -3
right_child=4 3 -4 -5 8 7 -8 -9 10 -11 -12 -13
leaf_value=-0.014488993228024239 -0.0096485239513255678 -0.0067980827547071835 0.060029993217231868 -0.039949656272419254 -0.020982093947572274 -0.024767666169577023 0.081419615666019615 0.053847476345508939 0.01876959668213412 0.046690345834283463 -0.00016290271573351605 0.018483556166177858
leaf_weight=1.844220034778117 21.847259104251865 33.911601075902581 2.5315594300627708 4.8219357728958121 22.293785970658067 3.4872895665466768 2.6582135409116736 7.9534407034516335 15.708089984953402 3.0935396738350383 472.91925192438066 3.5876663848757735
leaf_count=32 160 248 23 36 152 29 24 69 134 24 3839 30
internal_value=1.74192e-05 -0.00495979 0.0286232 -0.00843208 0.000440032 0.00966827 0.000230027 0.0298845 -0.000205319 -0.012736 0.000445728 -0.00437931
internal_weight=596.658 46.697 4.37578 42.3212 549.961 35.9462 24.5055 11.4407 514.015 25.3873 488.627 37.4993
internal_count=4800 369 55 314 4431 282 184 98 4149 176 3973 278
is_linear=0
shrinkage=0.08


Tree=114
num_leaves=10
num_cat=0
split_feature=0 4 4 4 4 4 4 0 4
split_gain=0.17867 0.776727 0.758803 2.3894 2.00326 0.437334 0.755023 0.578261 0.569189
threshold=7.5000000000000009 65.500000000000014 42.500000000000007 40.500000000000007 45.500000000000007 88.500000000000014 67.500000000000014 6.5000000000000009 72.500000000000014
decision_type=2 2 2 2 2 2 2 2 2
left_child=5 2 3 -2 -4 6 7 -1 -8
right_child=1 -3 4 -5 -6 -7 8 -9 -10
leaf_value=4.2092226899025465e-06 0.0066287152072042358 -0.03013552118149249 0.083172889141459802 -0.086661667744152585 0.0083840730204797383 -0.031299231597237631 0.025584286926878676 -0.0087149831062950239 0.0027688569922759742
leaf_weight=466.31578836403787 23.557842632755641 3.7095913002267471 2.8153910916298619 1.8987127952277649 12.333506014198063 2.9111999105662099 12.138187218457462 54.354248896241188 16.525760799646378
leaf_count=3545 283 39 31 20 135 18 99 485 145
internal_value=1.81773e-05 0.00490559 0.00810684 -0.000329478 0.0222834 -0.000374014 -0.000210126 -0.000906012 0.0124304
internal_weight=596.56 44.315 40.6055 25.4566 15.1489 552.245 549.334 520.67 28.6639
internal_count=4800 508 469 303 166 4292 4274 4030 244
is_linear=0
shrinkage=0.08


Tree=115
num_leaves=16
num_cat=0
split_feature=1 1 0 4 4 2 0 4 2 4 4 4 0 4 4
split_gain=0.176068 0.404807 1.20723 1.67745 0.982154 0.491876 1.27634 1.12833 0.2721 1.66016 0.874545 2.15595 0.791318 0.715724 0.552362
threshold=1.0000000180025095e-35 1.5000000000000002 2.5000000000000004 60.500000000000007 68.500000000000014 1.0000000180025095e-35 3.5000000000000004 69.500000000000014 1.0000000180025095e-35 16.500000000000004 13.500000000000002 12.500000000000002 7.5000000000000009 37.500000000000007 10.500000000000002
decision_type=2 2 2 2 2 2 2 2 2 2 2 2 2 2 2
left_child=8 2 3 -2 -4 6 -3 -7 9 14 11 -10 -12 -11 -1
right_child=1 5 4 -5 -6 7 -8 -9 10 13 12 -13 -14 -15 -16
leaf_value=0.023673684606293089 0.0046500697287423128 -0.018807617454410955 -0.018662011791317018 -0.030897523497839509 0.021481521091577527 0.001592843858711627 0.0035643811471935448 0.031158090587895999 -0.0040226716162333883 0.014025038453604862 0.00047260739868203795 -0.087116344093785547 0.023493316401894705 -0.0076081599770724843 0.072667746535856545
leaf_weight=3.092168301343917 81.0346674695611 26.377262268215418 42.122246153652668 9.4909358508884889 4.2986318934708825 196.81648078933358 42.806948862969875 8.6233696863055211 11.047671433538197 16.998652312904596 115.05247992649674 2.4397221058607093 10.422052696347235 23.073369786143303 2.8119666464626789
leaf_count=24 449 191 878 63 52 1404 262 72 97 123 873 14 104 172 22
internal_value=1.86817e-05 -0.000902644 -0.00445557 0.000923169 -0.0149447 0.000869088 -0.0049652 0.00283385 0.00206905 0.00740391 0.000303985 -0.0190534 0.00238473 0.0015687 0.0470081
internal_weight=596.509 411.571 136.946 90.5256 46.4209 274.624 69.1842 205.44 184.938 45.9762 138.962 13.4874 125.475 40.072 5.90413
internal_count=4800 3371 1442 512 930 1929 453 1476 1429 341 1088 111 977 295 46
is_linear=0
shrinkage=0.08


Tree=116
num_leaves=13
num_cat=0
split_feature=0 4 4 4 2 4 0 1 3 4 0 3
split_gain=0.170601 0.641391 0.924915 1.938 1.29881 0.548991 1.55397 2.16297 2.10148 1.31447 2.54624 2.06294
threshold=2.5000000000000004 78.500000000000014 60.500000000000007 52.500000000000007 1.0000000180025095e-35 42.500000000000007 3.5000000000000004 1.5000000000000002 1.0000000180025095e-35 37.500000000000007 5.5000000000000009 1.0000000180025095e-35
decision_type=2 2 2 2 2 2 2 2 2 2 2 2
left_child=1 2 3 -1 -4 9 7 -7 -8 11 -11 -2
right_child=5 -3 4 -5 -6 6 8 -9 -10 10 -12 -13
leaf_value=0.0003486703672252497 0.0004248711082048039 0.034944643681296295 0.021060625946122007 0.026693438058239038 -0.024624789043343812 -0.013803888505365436 -0.0030271397519184323 -0.083836643299855851 0.07240787623438151 0.034527445301038844 -0.0074171547286210338 -0.041443051015162463
leaf_weight=190.99005333706737 173.75696055404842 3.6533803008496752 5.1590019129216698 19.715578954666853 17.46616536565125 17.140079453587536 116.65335077419877 3.3788578435778609 2.4124020840972653 20.004794843494892 17.248952656984329 7.8731691706925622
leaf_count=1291 1564 30 39 149 131 123 994 81 23 149 159 67
internal_value=1.86042e-05 0.00168402 0.00116324 0.00281373 -0.0142076 -0.00108241 -0.00500285 -0.0253362 -0.00149874 0.0014177 0.0151066 -0.00138999
internal_weight=595.453 236.984 233.331 210.706 22.6252 358.469 139.585 20.5189 119.066 218.884 37.2537 181.63
internal_count=4800 1640 1610 1440 170 3160 1221 204 1017 1939 308 1631
is_linear=0
shrinkage=0.08


Tree=117
num_leaves=14
num_cat=0
split_feature=1 1 0 4 0 4 4 0 4 4 4 0 0
split_gain=0.155087 0.349788 1.13804 1.35872 1.20533 0.456985 0.975587 0.299453 0.285136 1.02306 0.919369 0.376725 0.268131
threshold=1.0000000180025095e-35 1.5000000000000002 7.5000000000000009 15.500000000000002 6.5000000000000009 1.0000000180025095e-35 2.5000000000000004 4.5000000000000009 58.500000000000007 60.500000000000007 56.500000000000007 4.5000000000000009 4.5000000000000009
decision_type=2 2 2 2 2 2 2 2 2 2 2 2 2
left_child=8 2 4 -4 -2 7 -7 -3 10 -10 11 -1 -11
right_child=1 5 3 -5 -6 6 -8 -9 9 12 -12 -13 -14
leaf_value=-0.0012368177913760618 -0.0046101382706252528 0.033147686330933193 0.030543001351304128 -0.063236926834296603 0.027899848398352897 -0.046762844950447739 0.00073915204276240221 0.0012566805474904868 0.059597139303103078 0.013090833416454211 -0.035657244058790234 0.0068581099160173612 -0.005378603543420955
leaf_weight=99.208331592381001 123.12169722467661 4.5462944805622092 1.3086362034082402 4.0451009199023247 7.75876161456108 2.796447440981864 263.51413331180811 3.2183828577399254 2.4124257098883417 10.78888181038201 4.3164705112576476 58.484789129346609 9.4254760406911355
leaf_count=677 1142 29 13 141 146 19 1860 21 29 90 26 528 79
internal_value=1.77717e-05 -0.000848674 -0.00416173 -0.0403139 -0.0026829 0.000798141 0.000240348 0.0199292 0.00194324 0.0103556 0.000768344 0.00176541 0.00447897
internal_weight=594.946 410.309 136.234 5.35374 130.88 274.075 266.311 7.76468 184.636 22.6268 162.01 157.693 20.2144
internal_count=4800 3371 1442 154 1288 1929 1879 50 1429 198 1231 1205 169
is_linear=0
shrinkage=0.08


Tree=118
num_leaves=12
num_cat=0
split_feature=0 3 4 4 4 4 4 4 2 4 4
split_gain=0.16813 0.553215 0.617762 1.62094 1.16325 0.4964 1.56858 0.827362 0.810051 0.612119 0.0350079
threshold=2.5000000000000004 1.0000000180025095e-35 22.500000000000004 21.500000000000004 29.500000000000004 77.500000000000014 71.500000000000014 84.500000000000014 1.0000000180025095e-35 42.500000000000007 35.500000000000007
decision_type=2 2 2 2 2 2 2 2 2 2 2
left_child=1 2 3 -1 -4 6 9 -7 -8 -2 -3
right_child=5 10 4 -5 -6 7 8 -9 -10 -11 -12
leaf_value=-0.0024880292434582511 0.0012129542729165514 0.020280520307081135 0.017514114372741064 -0.054757811408260554 0.00034888691319588021 -0.043277720293677706 -0.0010656026026192775 0.0060781952404024902 0.059403641717247775 -0.0058213042542546844 0.032737215682315808
leaf_weight=45.554393786936998 218.50070000439882 3.1120349466800681 30.349782433360815 4.1423141732811919 150.87274828925729 4.5953850969672185 2.1465231087058774 4.1247648000717163 4.1764943487942219 124.16417408920825 2.6937417909502983
leaf_count=313 1939 22 211 26 1050 36 21 29 45 1090 18
internal_value=1.60835e-05 0.00166996 0.00105674 -0.00684481 0.00322359 -0.00107842 -0.00060734 -0.0199316 0.0388757 -0.0013359 0.0260601
internal_weight=594.433 236.725 230.919 49.6967 181.223 357.708 348.988 8.72015 6.32302 342.665 5.80578
internal_count=4800 1640 1600 339 1261 3160 3095 65 66 3029 40
is_linear=0
shrinkage=0.08


Tree=119
num_leaves=13
num_cat=0
split_feature=4 0 1 2 4 4 4 2 4 1 0 4
split_gain=0.163264 0.747536 0.831242 0.714289 0.467433 0.907248 0.572768 3.11505 0.546506 0.402519 0.338583 0.270918
threshold=10.500000000000002 1.0000000180025095e-35 1.5000000000000002 1.5000000000000002 16.500000000000004 15.500000000000002 22.500000000000004 1.5000000000000002 23.500000000000004 1.5000000000000002 4.5000000000000009 5.5000000000000009
decision_type=2 2 2 2 2 2 2 2 2 2 2 2
left_child=1 2 -1 11 5 10 7 -6 -8 -7 -2 -3
right_child=4 3 -4 -5 6 9 8 -9 -10 -11 -12 -13
leaf_value=-0.013206127103557111 -0.0029928944151953762 -0.009034724303729591 0.058086610701274778 -0.036560600328110503 -0.015783426713411642 0.054674260796158121 0.020495648730677517 0.045004016088334833 0.00028549410427924595 0.012195468694590011 0.01468311066289878 0.0051844998920591969
leaf_weight=1.8385652489960183 18.745779406279329 24.213903501629829 2.4301764816045761 4.8718538396060458 44.019230760633945 3.5835321135818949 8.7281096521764976 6.1489869803190222 453.18644959852099 2.3730579763650894 11.008300296962259 13.278314389288424
leaf_count=32 131 175 23 36 328 33 72 56 3693 20 98 103
internal_value=1.59188e-05 -0.00452819 0.0273805 -0.00774341 0.000402751 0.00925212 -0.000214369 -0.00833287 0.000667375 0.037751 0.00354681 -0.00399882
internal_weight=594.426 46.6328 4.26874 42.3641 547.793 35.7107 512.083 50.1682 461.915 5.95659 29.7541 37.4922
internal_count=4800 369 55 314 4431 282 4149 384 3765 53 229 278
is_linear=0
shrinkage=0.08


Tree=120
num_leaves=10
num_cat=0
split_feature=0 4 4 4 4 4 4 4 0
split_gain=0.162089 0.68486 0.625809 1.94341 1.89356 0.430003 0.641281 0.530328 0.49612
threshold=7.5000000000000009 66.500000000000014 42.500000000000007 40.500000000000007 45.500000000000007 88.500000000000014 67.500000000000014 72.500000000000014 6.5000000000000009
decision_type=2 2 2 2 2 2 2 2 2
left_child=5 2 3 -2 -4 6 8 -8 -1
right_child=1 -3 4 -5 -6 -7 7 -9 -10
leaf_value=1.2686015301979116e-05 0.0061188172960741074 -0.032190184860402135 0.081749393073475632 -0.076491368000293311 0.0074140939294225407 -0.031075927590956974 0.024209213155291336 0.0021227008469686505 -0.0080503976677179252
leaf_weight=464.70481364428997 23.167779449373487 2.9989385176450005 2.641539065167307 1.9781548939645279 12.920332183130084 2.9008536227047435 12.085489664226772 16.398727457970381 54.57430362328887
leaf_count=3545 283 34 31 20 140 18 99 145 485
internal_value=1.58849e-05 0.00470518 0.00742325 -0.000379877 0.0200321 -0.000356309 -0.000193623 0.0114937 -0.000834714
internal_weight=594.371 43.7067 40.7078 25.1459 15.5619 550.664 547.763 28.4842 519.279
internal_count=4800 508 474 303 171 4292 4274 244 4030
is_linear=0
shrinkage=0.08


Tree=121
num_leaves=5
num_cat=0
split_feature=4 4 4 4
split_gain=0.151974 0.374185 0.292093 0.549082
threshold=84.500000000000014 81.500000000000014 78.500000000000014 76.500000000000014
decision_type=2 2 2 2
left_child=1 2 3 -1
right_child=-2 -3 -4 -5
leaf_value=0.00010743250382156149 0.012913865156167818 -0.029337092273429396 0.027992935303007897 -0.031315415782194218
leaf_weight=579.77377170138061 5.7900734674185506 2.7902759984135619 2.3808162361383429 3.5809652321040621
leaf_count=4682 40 24 22 32
internal_value=1.63327e-05 -0.000110557 2.86702e-05 -8.54589e-05
internal_weight=594.316 588.526 585.736 583.355
internal_count=4800 4760 4736 4714
is_linear=0
shrinkage=0.08


Tree=122
num_leaves=16
num_cat=0
split_feature=1 1 4 4 4 2 0 4 0 4 4 4 4 4 4
split_gain=0.14829 0.33015 1.12208 5.28555 2.2625 0.423748 1.15302 1.00538 0.27373 1.7918 3.03257 0.589614 0.596745 0.386284 0.232597
threshold=1.0000000180025095e-35 1.5000000000000002 46.500000000000007 49.500000000000007 33.500000000000007 1.0000000180025095e-35 3.5000000000000004 69.500000000000014 6.5000000000000009 19.500000000000004 25.500000000000004 11.500000000000002 13.500000000000002 2.5000000000000004 10.500000000000002
decision_type=2 2 2 2 2 2 2 2 2 2 2 2 2 2 2
left_child=8 2 4 -4 -2 6 -3 -7 11 14 -11 13 -13 -1 -10
right_child=1 5 3 -5 -6 7 -8 -9 9 10 -12 12 -14 -15 -16
leaf_value=0.0026748552626851513 0.00084175062912375423 -0.017771297531451215 0.066382015855615317 -0.007042471910593138 -0.024487710879922499 0.0014361893887650133 0.0034802659205069551 0.029658109038496774 -0.059262155286054642 0.088273616534113461 -0.0040892685594927361 -0.031185208576611806 0.0028407615458085774 0.034238610989786644 -0.028269634892364573
leaf_weight=4.1007844731211645 59.56488961353898 26.451389184221625 7.7801946420222512 32.425143949687481 36.337590603157878 196.2432486731559 42.740944050252438 8.4254353214055282 3.0422084107995024 2.4924101829528835 26.090376228094101 3.3808635622262946 135.80164925381541 6.2841405794024467 3.1591306068003178
leaf_count=36 630 191 81 367 364 1404 262 72 24 30 236 20 1002 54 27
internal_value=1.5194e-05 -0.000832196 -0.00405248 0.00716601 -0.00875562 0.00076827 -0.00464395 0.00259798 0.00189966 -0.00449262 0.00396475 0.00338627 0.00201424 0.0217748 -0.0434737
internal_weight=594.32 409.969 136.108 40.2053 95.9025 273.861 69.1923 204.669 184.352 34.7841 28.5828 149.567 139.183 10.3849 6.20134
internal_count=4800 3371 1442 448 994 1929 453 1476 1429 317 266 1112 1022 90 51
is_linear=0
shrinkage=0.08


Tree=123
num_leaves=13
num_cat=0
split_feature=0 4 4 0 4 4 4 4 4 2 4 4
split_gain=0.169836 0.55957 1.56481 0.516969 1.03985 1.78367 0.842294 0.531591 1.8332 1.62978 0.506795 0.27691
threshold=2.5000000000000004 75.500000000000014 71.500000000000014 4.5000000000000009 11.500000000000002 1.5000000000000002 16.500000000000004 24.500000000000004 25.500000000000004 1.5000000000000002 43.500000000000007 82.500000000000014
decision_type=2 2 2 2 2 2 2 2 2 2 2 2
left_child=1 2 10 4 5 -2 -6 9 -9 -5 -1 -3
right_child=3 11 -4 7 6 -7 -8 8 -10 -11 -12 -13
leaf_value=-0.00082081972705822664 0.012409268045803144 0.045470177284883853 -0.053532045139889996 0.0028194436663141736 0.024955336230647954 -0.049617316420833724 -0.0042730752640275302 -0.056436209325040232 0.0003140996327999661 0.043681423401696805 0.0071323195662883086 0.0080256145936992013
leaf_weight=150.15247154608369 4.7050505504012099 2.7017266117036334 3.3070923499763003 48.720050467178226 6.6666000559926024 8.0330230090767127 117.98349321074784 3.7275890912860623 160.42251689918339 7.1657921671867362 77.87276417016983 2.3751972541213036
leaf_count=1024 32 27 24 444 52 64 912 39 1547 70 546 19
internal_value=1.59262e-05 0.00167946 0.00110287 -0.00108438 -0.00493475 -0.0267066 -0.00270987 0.00131975 -0.00097461 0.00805885 0.00189525 0.027952
internal_weight=593.833 236.409 231.332 357.424 137.388 12.7381 124.65 220.036 164.15 55.8858 228.025 5.07692
internal_count=4800 1640 1594 3160 1060 96 964 2100 1586 514 1570 46
is_linear=0
shrinkage=0.08


Tree=124
num_leaves=7
num_cat=0
split_feature=4 4 4 4 1 0
split_gain=0.149706 0.261796 0.309102 0.552601 0.184541 0.00786974
threshold=88.500000000000014 80.500000000000014 76.500000000000014 74.500000000000014 1.5000000000000002 3.5000000000000004
decision_type=2 2 2 2 2 2
left_child=1 2 3 -1 -3 -4
right_child=-2 4 5 -5 -6 -7
leaf_value=-5.6462304610939983e-05 -0.015741799940528645 0.031172316536508055 -0.016077110831070683 0.032676885337997418 0.0014950144293127219 -0.022305832914450208
leaf_weight=575.89326130412519 3.8335851915180674 2.9414358269423238 2.4179289974272242 3.3197623286396256 2.4645750485360622 2.8033257368952036
leaf_count=4652 24 28 27 30 17 22
internal_value=1.615e-05 0.000118567 -4.35303e-05 0.000131149 0.0176426 -0.0194214
internal_weight=593.674 589.84 584.434 579.213 5.40601 5.22125
internal_count=4800 4776 4731 4682 45 49
is_linear=0
shrinkage=0.08


Tree=125
num_leaves=13
num_cat=0
split_feature=0 4 4 4 4 4 0 1 3 4 0 3
split_gain=0.143936 0.504981 0.846292 1.73016 1.20562 0.443259 1.30941 2.0771 1.84547 1.23686 1.62096 1.33204
threshold=2.5000000000000004 78.500000000000014 60.500000000000007 57.500000000000007 63.500000000000007 42.500000000000007 3.5000000000000004 1.5000000000000002 1.0000000180025095e-35 30.500000000000004 6.5000000000000009 1.0000000180025095e-35
decision_type=2 2 2 2 2 2 2 2 2 2 2 2
left_child=1 2 3 -1 -4 9 7 -7 -8 11 -11 -2
right_child=5 -3 4 -5 -6 6 8 -9 -10 10 -12 -13
leaf_value=0.0015465690884890243 -0.001694052773366408 0.031526456731160259 -0.044573118421010277 0.049495838108104165 -0.0025794990059308047 -0.012424574395197592 -0.0027277485766345499 -0.08352602951217182 0.069407068430045321 0.015659616711702497 -0.0089267365758073612 -0.037796496620809764
leaf_weight=205.16987857595086 126.20260211825371 3.5420745201408854 5.9385065138340023 4.9319456778466693 16.623945754021406 17.141718067228798 116.63955542631447 3.105998244136571 2.3149001188576213 61.338716261088848 23.828963708132505 6.8982103802263728
leaf_count=1395 1121 30 41 45 129 123 994 81 23 516 250 52
internal_value=1.50093e-05 0.00154742 0.00109102 0.00267213 -0.0136323 -0.000997563 -0.0045251 -0.0233315 -0.00132398 0.00125215 0.00878063 -0.00356513
internal_weight=593.677 236.206 232.664 210.102 22.5625 357.471 139.202 20.2477 118.954 218.268 85.1677 133.101
internal_count=4800 1640 1610 1440 170 3160 1221 204 1017 1939 766 1173
is_linear=0
shrinkage=0.08


Tree=126
num_leaves=10
num_cat=0
split_feature=0 4 4 4 2 4 4 4 4
split_gain=0.154682 0.679819 2.80992 2.80922 0.774965 0.410124 0.542782 0.490379 0.454511
threshold=7.5000000000000009 14.500000000000002 19.500000000000004 6.5000000000000009 1.0000000180025095e-35 88.500000000000014 67.500000000000014 72.500000000000014 64.500000000000014
decision_type=2 2 2 2 2 2 2 2 2
left_child=5 3 -3 -2 -4 6 8 -8 -1
right_child=1 2 4 -5 -6 -7 7 -9 -10
leaf_value=-0.0004140434324352191 -0.014165033871688715 -0.07805793071086925 -0.014096595284096167 0.094951338243508099 0.013537380567978145 -0.030399825659877543 0.022909212014921156 0.0015632852044799941 -0.016162538889243377
leaf_weight=506.44805808365345 3.8299827054142943 2.703703809529542 8.6623563226312381 2.4928886741399765 25.95785613078624 2.8914420567452899 11.961999345570804 16.237546689808369 12.006662704050539
leaf_count=3935 32 30 102 25 319 18 99 145 95
internal_value=1.42826e-05 0.00459822 0.000488859 0.0288558 0.00662306 -0.000349789 -0.000190844 0.010618 -0.000778756
internal_weight=593.192 43.6468 37.3239 6.32287 34.6202 549.546 546.654 28.1995 518.455
internal_count=4800 508 451 57 421 4292 4274 244 4030
is_linear=0
shrinkage=0.08


Tree=127
num_leaves=13
num_cat=0
split_feature=1 1 0 4 0 4 4 4 4 0 4 0
split_gain=0.142079 0.304414 1.04609 1.18916 1.05656 0.401386 1.381 0.757698 0.288329 0.337013 2.99579 0.647244
threshold=1.0000000180025095e-35 1.5000000000000002 7.5000000000000009 15.500000000000002 6.5000000000000009 45.500000000000007 47.500000000000007 44.500000000000007 1.0000000180025095e-35 6.5000000000000009 10.500000000000002 4.5000000000000009
decision_type=2 2 2 2 2 2 2 2 2 2 2 2
left_child=8 2 4 -4 -2 7 -7 -3 -1 11 -11 -10
right_child=1 5 3 -5 -6 6 -8 -9 9 10 -12 -13
leaf_value=0.025093508518009101 -0.0043334451179965344 0.0019566528507367169 0.025087158830827901 -0.06197700432296871 0.025876941170183573 -0.032006382726440387 -0.00018036314864011382 0.032133782465387839 9.2705571419427781e-05 -0.089690989605843041 0.00094899317525041463 0.012504459937786108
leaf_weight=3.3563690446317187 122.83402923494577 178.6096923481673 1.3610481098294247 3.8275028020143509 7.8845766652375451 9.8064348734915239 79.189062410965562 5.4886472336947909 110.96323638781905 2.5188302248716345 31.758024349808693 35.489546168595552
leaf_count=34 1142 1262 13 141 146 65 558 44 778 18 293 306
internal_value=1.49525e-05 -0.000815747 -0.00390957 -0.0391385 -0.00251124 0.000723916 -0.00368728 0.00285634 0.00186059 0.00142913 -0.00571167 0.00310042
internal_weight=593.087 409.001 135.907 5.18855 130.719 273.094 88.9955 184.098 184.086 180.73 34.2769 146.453
internal_count=4800 3371 1442 154 1288 1929 623 1306 1429 1395 311 1084
is_linear=0
shrinkage=0.08


Tree=128
num_leaves=10
num_cat=0
split_feature=0 4 4 4 4 4 2 0 4
split_gain=0.167348 0.62685 1.21292 1.33908 0.345335 0.46037 0.467497 0.392556 0.289054
threshold=7.5000000000000009 63.500000000000007 57.500000000000007 54.500000000000007 88.500000000000014 67.500000000000014 1.5000000000000002 6.5000000000000009 71.500000000000014
decision_type=2 2 2 2 2 2 2 2 2
left_child=4 2 3 -2 5 7 -7 -1 -3
right_child=1 8 -4 -5 -6 6 -8 -9 -10
leaf_value=1.030225942369563e-06 0.0092282978766284381 -0.036394470194474303 0.071853240170427865 -0.053262051182430943 -0.027882274214805981 0.0059343559439953685 0.037616727310265524 -0.0071459472867767973 0.0015891123231284415
leaf_weight=463.21238176710904 33.864229366183281 3.1515515511855474 1.8346621152013529 2.3467011060565701 2.9030774533748618 24.697696350514892 3.3898524101823559 55.028586097061634 2.1617629369720817
leaf_count=3545 406 30 24 25 18 211 33 485 23
internal_value=1.42818e-05 0.00479905 0.00839376 0.00517852 -0.00036345 -0.000217221 0.00975806 -0.00075786 -0.0209406
internal_weight=592.591 43.3589 38.0456 36.2109 549.232 546.329 28.0875 518.241 5.31331
internal_count=4800 508 455 431 4292 4274 244 4030 53
is_linear=0
shrinkage=0.08


Tree=129
num_leaves=6
num_cat=0
split_feature=4 4 0 4 0
split_gain=0.148204 0.409921 0.152016 0.616584 0.300184
threshold=84.500000000000014 81.500000000000014 1.5000000000000002 65.500000000000014 4.5000000000000009
decision_type=2 2 2 2 2
left_child=1 2 3 -1 -4
right_child=-2 -3 4 -5 -6
leaf_value=0.0010468202150279379 0.012793376247176502 -0.030906787290615162 -0.0026918692247604016 0.024225481138252708 0.0014623185999572011
leaf_weight=130.50490092858672 5.7517029158771029 2.7533196359872809 230.40787570364773 7.7831137068569651 215.39981910958886
leaf_count=1018 40 24 1570 76 2072
internal_value=1.41876e-05 -0.000111061 3.41042e-05 0.00235136 -0.0006847
internal_weight=592.601 586.849 584.096 138.288 445.808
internal_count=4800 4760 4736 1094 3642
is_linear=0
shrinkage=0.08


Tree=130
num_leaves=14
num_cat=0
split_feature=0 3 4 4 4 4 0 1 4 4 0 3 4
split_gain=0.137363 0.484464 0.485618 1.30099 0.986049 0.374534 1.09886 1.99172 1.31644 1.04008 2.11088 1.52234 0.0567121
threshold=2.5000000000000004 1.0000000180025095e-35 22.500000000000004 21.500000000000004 29.500000000000004 42.500000000000007 3.5000000000000004 1.5000000000000002 47.500000000000007 37.500000000000007 5.5000000000000009 1.0000000180025095e-35 32.500000000000007
decision_type=2 2 2 2 2 2 2 2 2 2 2 2 2
left_child=1 2 3 -1 -4 9 7 -7 -8 11 -11 -2 -3
right_child=5 12 4 -5 -6 6 8 -9 -10 10 -12 -13 -14
leaf_value=-0.0021088676054479526 0.00017237446313949408 0.016778084665738737 0.016088955946071962 -0.048421018678657245 0.00022151736894421067 -0.011241153910553527 -0.016327526712541444 -0.083249638644666391 0.0034166678208509939 0.03129633376004734 -0.0071031659986515727 -0.035627713954526095 0.032674656063251442
leaf_weight=45.500693209469318 173.00272722356021 2.979094795882701 30.081689655780792 4.244172938168048 150.29197205789387 17.148077771067623 28.401649536564946 2.8697391729801884 90.411546602845192 19.606050048023462 17.199528081342578 7.9513005651533595 2.7735001891851425
leaf_count=313 1564 21 211 26 1050 123 248 81 769 149 159 67 19
internal_value=1.33163e-05 0.00151108 0.000937835 -0.00606017 0.0028678 -0.000977397 -0.0042245 -0.0215642 -0.00130307 0.00109277 0.013352 -0.00140072 0.0244423
internal_weight=592.462 235.871 230.119 49.7449 180.374 356.591 138.831 20.0178 118.813 217.76 36.8056 180.954 5.75259
internal_count=4800 1640 1600 339 1261 3160 1221 204 1017 1939 308 1631 40
is_linear=0
shrinkage=0.08


Tree=131
num_leaves=10
num_cat=0
split_feature=0 4 4 4 4 4 4 0 4
split_gain=0.141214 0.587847 0.542942 1.74034 1.58739 0.318538 0.411972 0.460888 0.447672
threshold=7.5000000000000009 66.500000000000014 42.500000000000007 45.500000000000007 40.500000000000007 88.500000000000014 78.500000000000014 2.5000000000000004 76.500000000000014
decision_type=2 2 2 2 2 2 2 2 2
left_child=5 2 4 -4 -2 6 8 -8 -1
right_child=1 -3 3 -5 -6 -7 7 -9 -10
leaf_value=-0.0002467915240697403 0.0057211557578292277 -0.029774896649122723 0.080336452556056093 0.0069892757319087589 -0.067700407925318701 -0.026745366796773144 0.048597117377390434 0.0038865511546361648 -0.028911532853105465
leaf_weight=535.99357197619975 22.92308810167015 2.9961287276819339 2.4685728475451461 12.834569291211663 2.053401604294776 2.9071517847478381 2.3049645200371733 4.1006126217544079 3.5097665712237349
leaf_count=4187 283 34 31 140 20 18 22 34 31
internal_value=1.24801e-05 0.00441221 0.00695516 0.018821 -0.000315079 -0.000334452 -0.000193804 0.0199751 -0.000433271
internal_weight=592.092 43.2758 40.2796 15.3031 24.9765 548.816 545.909 6.40558 539.503
internal_count=4800 508 474 171 303 4292 4274 56 4218
is_linear=0
shrinkage=0.08


Tree=132
num_leaves=6
num_cat=0
split_feature=4 4 4 4 4
split_gain=0.148218 0.383051 0.126483 1.76792 0.890565
threshold=84.500000000000014 81.500000000000014 51.500000000000007 52.500000000000007 46.500000000000007
decision_type=2 2 2 2 2
left_child=1 2 4 -4 -1
right_child=-2 -3 3 -5 -6
leaf_value=-0.00053491833820365627 0.012807948079243332 -0.029912839435519235 -0.038339373483306349 0.0002837752852050223 0.011196901288848543
leaf_weight=412.98190583661199 5.7381639843806616 2.7475579697638741 8.1137228887528163 116.36819473467767 46.026113264262676
leaf_count=3317 40 24 68 980 371
internal_value=1.29946e-05 -0.000112244 2.80821e-05 -0.00223368 0.000641466
internal_weight=591.976 586.237 583.49 124.482 459.008
internal_count=4800 4760 4736 1048 3688
is_linear=0
shrinkage=0.08


Tree=133
num_leaves=13
num_cat=0
split_feature=1 4 4 4 0 4 4 4 0 1 4 4
split_gain=0.133177 0.323674 0.912386 0.595312 0.42753 0.295504 1.61547 0.987653 1.82599 1.01808 0.375454 0.0814057
threshold=1.0000000180025095e-35 7.5000000000000009 10.500000000000002 12.500000000000002 5.5000000000000009 58.500000000000007 57.500000000000007 60.500000000000007 5.5000000000000009 1.5000000000000002 56.500000000000007 1.5000000000000002
decision_type=2 2 2 2 2 2 2 2 2 2 2 2
left_child=1 4 -3 -4 11 6 10 8 -7 -9 -2 -1
right_child=5 2 3 -5 -6 7 -8 9 -10 -11 -12 -13
leaf_value=0.020875456758092971 -0.00014205000589027593 -0.039729196879250299 0.038794475743107612 0.0012713183076659166 -0.0077455907293165404 -0.0026976912417804207 0.060517467560769776 -0.018435879535901378 -0.081985558152401578 0.006152042331647488 -0.025834520028287237 0.040074558777195249
leaf_weight=3.0595948137342912 344.82610260229558 3.4415915161371222 2.7500389441847792 168.9379437956959 2.960080198943615 4.9783998839557162 2.8073105663061133 16.020560827106237 2.9667034577578306 32.931838359683752 3.6790341138839713 2.6270162761211395
leaf_count=28 2827 28 24 1304 24 42 28 179 26 231 38 21
internal_value=1.24978e-05 0.00180082 0.00105481 0.00187235 0.0169104 -0.000792605 7.36174e-05 -0.00614108 -0.0323038 -0.0018948 -0.000413275 0.0297448
internal_weight=591.986 183.776 175.13 171.688 8.64669 408.21 351.312 56.8975 7.9451 48.9524 348.505 5.68661
internal_count=4800 1429 1356 1328 73 3371 2893 478 68 410 2865 49
is_linear=0
shrinkage=0.08


Tree=134
num_leaves=6
num_cat=0
split_feature=4 4 4 2 4
split_gain=0.12506 0.322663 0.120032 1.71491 0.258148
threshold=84.500000000000014 81.500000000000014 69.500000000000014 1.0000000180025095e-35 54.500000000000007
decision_type=2 2 2 2 2
left_child=1 2 4 -4 -1
right_child=-2 -3 3 -5 -6
leaf_value=0.0005136090094613803 0.011791367747966103 -0.027334853729348987 -0.031819404615427337 0.021694943523773404 -0.0043915948109326444
leaf_weight=484.44998532999307 5.7135102292522779 2.7713081482797852 5.376172553747895 13.347323991358278 80.004473126493394
leaf_count=3905 40 24 47 132 652
internal_value=1.28287e-05 -0.000102022 2.73904e-05 0.0063291 -0.000181643
internal_weight=591.663 585.949 583.178 18.7235 564.454
internal_count=4800 4760 4736 179 4557
is_linear=0
shrinkage=0.08


Tree=135
num_leaves=10
num_cat=0
split_feature=0 4 4 4 4 4 4 0 4
split_gain=0.123456 0.58183 2.54861 2.37501 0.694055 0.319706 0.398128 0.411302 0.38192
threshold=7.5000000000000009 14.500000000000002 6.5000000000000009 19.500000000000004 24.500000000000004 88.500000000000014 78.500000000000014 2.5000000000000004 76.500000000000014
decision_type=2 2 2 2 2 2 2 2 2
left_child=5 2 -2 -3 -5 6 8 -8 -1
right_child=1 3 -4 4 -6 -7 7 -9 -10
leaf_value=-0.00023305034745651419 -0.013440616711920371 -0.071182318262879088 0.091440330054116295 0.05318889382463194 0.0033030952127107173 -0.026781717456145292 0.04705904584411915 0.0045947468775620406 -0.026641196145574364
leaf_weight=535.7639019601047 3.8800820261239997 2.752748141065239 2.4000263512134552 1.8896031044423569 32.220462744124234 2.9048546962440005 2.267258569598197 4.0989652685821056 3.5279868878424159
leaf_count=4187 32 30 25 32 389 18 22 34 31
internal_value=1.21287e-05 0.00413265 0.026641 0.000298028 0.00606663 -0.000311939 -0.000171025 0.0197179 -0.000405809
internal_weight=591.706 43.1429 6.28011 36.8628 34.1101 548.563 545.658 6.36622 539.292
internal_count=4800 508 57 451 421 4292 4274 56 4218
is_linear=0
shrinkage=0.08


Tree=136
num_leaves=6
num_cat=0
split_feature=4 4 0 4 4
split_gain=0.119903 0.307955 0.118834 0.537455 0.272969
threshold=84.500000000000014 81.500000000000014 1.5000000000000002 65.500000000000014 1.5000000000000002
decision_type=2 2 2 2 2
left_child=1 2 3 -1 -4
right_child=-2 -3 4 -5 -6
leaf_value=0.00086623396033319176 0.011559792841045684 -0.026709124286940264 0.010154156831182403 0.022649125048578224 -0.00097365385821543491
leaf_weight=130.31632805615664 5.699844670481979 2.770354598760604 14.586220651865004 7.6762248314917079 430.56290228012949
leaf_count=1018 40 24 105 76 3537
internal_value=1.27297e-05 -9.9602e-05 2.68129e-05 0.00207797 -0.000609028
internal_weight=591.612 585.912 583.142 137.993 445.149
internal_count=4800 4760 4736 1094 3642
is_linear=0
shrinkage=0.08


Tree=137
num_leaves=10
num_cat=0
split_feature=1 4 4 4 4 4 4 4 4
split_gain=0.120283 0.294829 0.368731 0.294838 0.266221 0.804655 0.508159 0.400432 0.434163
threshold=1.0000000180025095e-35 83.500000000000014 78.500000000000014 58.500000000000007 7.5000000000000009 10.500000000000002 12.500000000000002 3.5000000000000004 1.0000000180025095e-35
decision_type=2 2 2 2 2 2 2 2 2
left_child=4 2 3 -2 7 -6 -7 8 -1
right_child=1 -3 -4 -5 5 6 -8 -9 -10
leaf_value=0.022780522852492945 5.264624160329365e-05 -0.021256664456296193 0.025042537754067562 -0.0065873253431150067 -0.036966594515735557 0.036451065944535642 0.0012664383024371892 0.040586298778465778 -0.021452842458343255
leaf_weight=3.2642976157367212 351.24247229937464 4.4396486831828943 3.5772723332047454 48.737346733920276 3.4940035566687575 2.6685854308307162 168.90649791620672 2.758194163441658 2.5137733519077301
leaf_count=34 2893 31 33 414 28 24 1304 23 16
internal_value=1.1926e-05 -0.000753303 -0.00052774 -0.000756431 0.00171237 0.00103971 0.00181368 0.0155079 0.00353662
internal_weight=591.602 407.997 403.557 399.98 183.605 175.069 171.575 8.53627 5.77807
internal_count=4800 3371 3340 3307 1429 1356 1328 73 50
is_linear=0
shrinkage=0.08


Tree=138
num_leaves=6
num_cat=0
split_feature=4 4 4 0 4
split_gain=0.124659 0.27271 0.118787 0.607544 0.347202
threshold=84.500000000000014 81.500000000000014 10.500000000000002 1.0000000180025095e-35 16.500000000000004
decision_type=2 2 2 2 2
left_child=1 2 3 -1 -4
right_child=-2 -3 4 -5 -6
leaf_value=0.025459458691381741 0.011797857678179223 -0.025049133487629535 0.0080004481038750581 -0.0067116943478202793 -0.00018862612701604699
leaf_weight=4.1221011169254771 5.6880682222545138 2.7911972142755976 35.482347503304482 42.399021461606026 500.96686590183526
leaf_count=55 40 24 282 314 4085
internal_value=1.17447e-05 -0.000102705 1.67357e-05 -0.0038611 0.000353024
internal_weight=591.45 585.762 582.97 46.5211 536.449
internal_count=4800 4760 4736 369 4367
is_linear=0
shrinkage=0.08


Tree=139
num_leaves=13
num_cat=0
split_feature=0 4 4 4 4 4 4 2 2 0 1 4
split_gain=0.108754 0.537896 0.543592 1.52918 1.29573 0.31033 2.39241 1.87322 1.02598 1.76416 0.569892 0.417142
threshold=7.5000000000000009 65.500000000000014 42.500000000000007 45.500000000000007 40.500000000000007 14.500000000000002 16.500000000000004 1.0000000180025095e-35 1.5000000000000002 3.5000000000000004 1.5000000000000002 17.500000000000004
decision_type=2 2 2 2 2 2 2 2 2 2 2 2
left_child=5 2 4 -4 -2 8 7 -7 10 -10 -1 -8
right_child=1 -3 3 -5 -6 6 11 -9 9 -11 -12 -13
leaf_value=-0.0089907863224120716 0.0050651683402548253 -0.025180477899682509 0.078411010564421846 0.0075650571089885058 -0.060163213563688304 -0.013335579605279558 -0.017131753718689351 0.061119143912042984 0.0083011678115342564 -0.068203088973947876 0.0071275115215733674 -8.8333835359323093e-05
leaf_weight=31.359437355771661 22.799154775217179 3.7229519346728912 2.3258272446691981 12.063000109046696 2.131234932690858 3.0987920984625799 9.3763653803616744 7.1586053110659122 3.5915539711713782 4.1674256287515163 25.418000835925341 464.24226594902575
leaf_count=270 283 39 31 135 20 25 61 61 29 32 165 3649
internal_value=1.10022e-05 0.00388321 0.00663511 0.0190167 -0.000511038 -0.000292908 0.00040209 0.0386261 -0.00550381 -0.03279 -0.00177498 -0.000425747
internal_weight=591.455 43.0422 39.3192 14.3888 24.9304 548.412 483.876 10.2574 64.5364 7.75898 56.7774 473.619
internal_count=4800 508 469 166 303 4292 3796 86 496 61 435 3710
is_linear=0
shrinkage=0.08


Tree=140
num_leaves=13
num_cat=0
split_feature=1 2 4 4 4 4 4 4 4 4 2 4
split_gain=0.116441 0.26959 1.60349 1.15167 0.859761 0.706858 3.10456 0.647237 0.257639 0.358483 3.11425 0.5551
threshold=1.0000000180025095e-35 1.0000000180025095e-35 25.500000000000004 19.500000000000004 30.500000000000004 37.500000000000007 40.500000000000007 36.500000000000007 83.500000000000014 69.500000000000014 1.0000000180025095e-35 58.500000000000007
decision_type=2 2 2 2 2 2 2 2 2 2 2 2
left_child=1 2 3 -1 -4 7 -7 -3 9 11 -11 -2
right_child=8 5 4 -5 -6 6 -8 -9 -10 10 -12 -13
leaf_value=0.013737035099435514 -2.134641816343937e-05 -0.0041651407762174084 -0.036679029161407285 0.065232882331519929 0.0027124617800674423 0.051223208498788586 -0.0006956771067317362 -0.04365222127923505 -0.019884336007979921 -0.048509187814739445 0.033084398503813998 -0.010320990823081673
leaf_weight=7.8980276323854905 350.96859441138804 67.115367528051138 4.0320630781352511 4.2887781411409378 29.423154594376683 8.4122207015752775 59.554303733631968 2.7661370038986197 4.4501857375726095 4.0737112052738658 11.293258707970379 37.021969254128635
leaf_count=58 2893 533 31 32 220 63 473 19 31 35 106 306
internal_value=1.23342e-05 0.00168597 0.00701507 0.0318594 -0.00203505 -7.85112e-05 0.00573033 -0.00572817 -0.000740707 -0.000529498 0.0114543 -0.00100414
internal_weight=591.298 183.49 45.642 12.1868 33.4552 137.848 67.9665 69.8815 407.808 403.358 15.367 387.991
internal_count=4800 1429 341 90 251 1088 536 552 3371 3340 141 3199
is_linear=0
shrinkage=0.08


Tree=141
num_leaves=7
num_cat=0
split_feature=4 4 2 0 4 4
split_gain=0.135146 0.226751 1.01148 1.0793 0.437011 0.539937
threshold=84.500000000000014 76.500000000000014 1.0000000180025095e-35 2.5000000000000004 74.500000000000014 72.500000000000014
decision_type=2 2 2 2 2 2
left_child=1 4 -3 -4 5 -1
right_child=-2 2 3 -5 -6 -7
leaf_value=0.00010875622334658301 0.012290814900345646 -0.050269860138178427 0.0539141519432704 -0.019129835845587709 0.029334515120301302 -0.032283562956109811
leaf_weight=570.30743714328855 5.6833907552063456 3.0246218461543304 2.0199132226407528 3.6056932602077723 3.2512747123837462 3.3124885559082022
leaf_count=4617 40 22 24 32 30 35
internal_value=1.38563e-05 -0.000105311 -0.0129617 0.00709712 8.74721e-05 -7.83e-05
internal_weight=591.205 585.521 8.65023 5.62561 576.871 573.62
internal_count=4800 4760 78 56 4682 4652
is_linear=0
shrinkage=0.08


Tree=142
num_leaves=7
num_cat=0
split_feature=4 4 2 0 4 4
split_gain=0.114659 0.190759 0.841574 0.929093 0.372615 0.452829
threshold=84.500000000000014 76.500000000000014 1.0000000180025095e-35 2.5000000000000004 74.500000000000014 72.500000000000014
decision_type=2 2 2 2 2 2
left_child=1 4 -3 -4 5 -1
right_child=-2 2 3 -5 -6 -7
leaf_value=0.00010006011670479374 0.01133429559064263 -0.045542448638006723 0.050628471579620742 -0.017519341285524879 0.027178947132242431 -0.029440129216104675
leaf_weight=570.28431454673409 5.6705359406769267 3.069507656618951 1.9806099496781824 3.6214909870177507 3.2293531112372866 3.3405992444604626
leaf_count=4617 40 22 24 32 30 35
internal_value=1.31821e-05 -9.64574e-05 -0.0118737 0.00657416 8.05844e-05 -7.1972e-05
internal_weight=591.196 585.526 8.67161 5.6021 576.854 573.625
internal_count=4800 4760 78 56 4682 4652
is_linear=0
shrinkage=0.08


Tree=143
num_leaves=14
num_cat=0
split_feature=4 4 4 4 4 4 0 2 2 4 2 0 1
split_gain=0.108574 2.44956 1.41206 0.879476 0.88801 0.730349 0.707976 1.21749 1.06472 0.665229 0.648717 0.304492 0.160303
threshold=46.500000000000007 45.500000000000007 44.500000000000007 50.500000000000007 52.500000000000007 54.500000000000007 1.5000000000000002 1.0000000180025095e-35 1.0000000180025095e-35 51.500000000000007 1.5000000000000002 1.5000000000000002 1.5000000000000002
decision_type=2 2 2 2 2 2 2 2 2 2 2 2 2
left_child=1 2 10 6 9 -6 8 -8 -2 -5 -1 -4 -3
right_child=3 12 11 4 5 -7 7 -9 -10 -11 -12 -13 -14
leaf_value=-0.0018616937643186218 0.036100410447014668 -0.047064802980755126 0.042404975428009417 -0.0012124647989779436 0.01608358494650124 -0.0015547200939872252 -0.0067666429454331361 0.029129656117269833 -0.022587307563454586 -0.034984218980140452 0.0077638135019814439 0.01711377550363561 -0.027593486822888248
leaf_weight=335.94364787451923 2.7415467947721464 5.894886735826729 4.5727576911449423 6.8364129811525318 17.466623743996024 107.45230319816619 8.570114444941284 20.540550630539656 7.1075818315148354 8.2227134425193071 51.708754548802972 9.1284648664295656 5.0023073293268681
leaf_count=2678 20 40 38 54 149 895 67 176 54 68 450 79 32
internal_value=1.24867e-05 -0.000701781 0.000314344 0.00165807 -0.00130082 0.000911533 0.012289 0.0185619 -0.00625133 -0.0196528 -0.000577752 0.0255547 -0.0381266
internal_weight=591.189 412.251 401.354 178.938 139.978 124.919 38.9598 29.1107 9.84913 15.0591 387.652 13.7012 10.8972
internal_count=4800 3317 3245 1483 1166 1044 317 243 74 122 3128 117 72
is_linear=0
shrinkage=0.08


Tree=144
num_leaves=15
num_cat=0
split_feature=1 4 4 4 4 0 4 1 0 0 4 0 0 4
split_gain=0.0996365 0.287189 0.783934 0.339274 0.605669 0.557823 0.329268 0.278598 1.02242 1.43556 0.834769 0.391065 1.47024 0.834144
threshold=1.0000000180025095e-35 58.500000000000007 56.500000000000007 64.500000000000014 60.500000000000007 4.5000000000000009 53.500000000000007 1.5000000000000002 3.5000000000000004 1.0000000180025095e-35 41.500000000000007 3.5000000000000004 2.5000000000000004 25.500000000000004
decision_type=2 2 2 2 2 2 2 2 2 2 2 2 2 2
left_child=1 2 6 4 -3 -5 -1 8 9 -2 -10 12 -9 -13
right_child=7 3 -4 5 -6 -7 -8 11 10 -11 -12 13 -14 -15
leaf_value=0.00045837549491663688 -0.027074844167334772 0.057408344395113449 -0.033104659862546335 0.017835427309216178 0.010107028751820419 -0.015288085190569383 0.017092455087497703 -8.5616426934318493e-05 -0.024697563468668672 0.0039120608739982082 0.00022124325451034217 -0.0059309465092145285 -0.03339439209348221 0.0067933289692315643
leaf_weight=148.46024310216308 10.72904461622238 2.2896324209868926 4.3535835593938819 6.6714498419314605 7.1196971833705902 6.3519799001514912 8.0279118455946428 98.857308033853769 22.388573853299022 88.463324127718806 13.973962840624152 45.684870980679989 9.2769824154674989 118.49749747291207
leaf_count=1145 165 29 26 62 53 54 60 664 466 494 317 285 196 784
internal_value=1.3423e-05 0.00156282 0.000380146 0.0100425 0.0216172 0.00167994 0.00131171 -0.000682788 -0.00364623 0.000560393 -0.0151214 0.000792368 -0.00294322 0.00325271
internal_weight=591.146 183.274 160.842 22.4328 9.40933 13.0234 156.488 407.872 135.555 99.1924 36.3625 272.317 108.134 164.182
internal_count=4800 1429 1231 198 82 116 1205 3371 1442 659 783 1929 860 1069
is_linear=0
shrinkage=0.08


Tree=145
num_leaves=16
num_cat=0
split_feature=4 4 0 4 4 0 1 1 4 0 4 2 0 4 0
split_gain=0.137756 0.708477 1.24055 1.59419 1.21181 0.793376 2.18074 1.6558 0.634426 0.709803 1.6815 1.52242 0.531742 2.22435 1.14459
threshold=36.500000000000007 32.500000000000007 5.5000000000000009 31.500000000000004 28.500000000000004 6.5000000000000009 1.0000000180025095e-35 1.5000000000000002 38.500000000000007 4.5000000000000009 37.500000000000007 1.0000000180025095e-35 1.0000000180025095e-35 40.500000000000007 1.5000000000000002
decision_type=2 2 2 2 2 2 2 2 2 2 2 2 2 2 2
left_child=1 2 3 -1 -4 6 -3 -7 9 10 -2 -11 13 -10 -14
right_child=8 5 4 -5 -6 7 -8 -9 12 11 -12 -13 14 -15 -16
leaf_value=-0.0020038647739665069 0.025489336464618494 -0.016668174654149989 0.0038367990159788343 -0.036180989115380972 0.031977164225848509 0.026349169337604689 0.028374108878096882 -0.048752988259432931 -0.069081503904891178 -0.073310973255835424 -0.025902339535770307 -0.007971734915713161 0.01520540695077034 -0.0020080457708474605 -0.00092479075054663286
leaf_weight=170.28307929635048 7.4613596536219164 9.4858997166156751 49.836370434612036 9.2069721743464452 12.189300425350664 3.6163770407438269 25.034592237323523 3.9103238731622696 3.6032860353589085 3.3879237528890354 8.9770029745995998 6.9932029601186514 32.345188211649656 25.975396769121289 217.31470074504614
leaf_count=1258 58 75 502 70 143 51 209 31 28 27 59 63 257 224 1745
internal_value=1.15848e-05 0.00128197 -0.000386518 -0.00375699 0.00936695 0.0108657 0.0159969 -0.0126684 -0.00116543 -0.0129182 -0.0025757 -0.0292955 -3.6632e-05 -0.010179 0.00116499
internal_weight=589.621 283.563 241.516 179.49 62.0257 42.0472 34.5205 7.5267 306.058 26.8195 16.4384 10.3811 279.239 29.5787 249.66
internal_count=4800 2339 1973 1328 645 366 284 82 2461 207 117 90 2254 252 2002
is_linear=0
shrinkage=0.08


Tree=146
num_leaves=15
num_cat=0
split_feature=4 4 0 4 4 0 1 1 0 4 0 4 4 0
split_gain=0.116665 0.601501 1.05317 1.32195 1.05071 0.671748 1.86202 1.364 0.572072 1.17213 0.826323 1.32997 1.04798 0.476756
threshold=36.500000000000007 32.500000000000007 5.5000000000000009 31.500000000000004 28.500000000000004 6.5000000000000009 1.0000000180025095e-35 1.5000000000000002 5.5000000000000009 37.500000000000007 3.5000000000000004 40.500000000000007 40.500000000000007 7.5000000000000009
decision_type=2 2 2 2 2 2 2 2 2 2 2 2 2 2
left_child=1 2 3 -1 -4 6 -3 -7 10 -10 12 -12 -2 -11
right_child=8 5 4 -5 -6 7 -8 -9 9 13 11 -13 -14 -15
leaf_value=-0.001842336533505106 -0.01650271559415771 -0.015175053006194227 0.0035355900839339782 -0.032724428669873185 0.029910847179691169 0.024486801659116902 0.026345886733951052 -0.043307369151326755 -0.04825697191806011 -0.0081636465702160863 0.033471039504794686 0.003462605496970837 0.00088839077647701352 0.0055586112706251731
leaf_weight=170.39109423942864 27.167318224906921 9.5815076828002912 49.758899053558707 9.3584181535989028 11.997113224118946 3.5816149190068236 24.814414031803608 4.043861985206604 4.1114454958587876 60.576403975486755 11.2108296751976 60.257369391620159 120.69480428565294 22.121586574241519
leaf_count=1258 191 75 502 70 143 51 209 31 36 527 82 447 929 249
internal_value=1.41532e-05 0.00118343 -0.000353597 -0.00345017 0.00865941 0.0100171 0.0147796 -0.0114651 -0.00106876 -0.0065657 0.00110689 0.00816987 -0.00230695 -0.00449296
internal_weight=589.667 283.527 241.506 179.75 61.756 42.0214 34.3959 7.62548 306.14 86.8094 219.33 71.4682 147.862 82.698
internal_count=4800 2339 1973 1328 645 366 284 82 2461 812 1649 529 1120 776
is_linear=0
shrinkage=0.08


Tree=147
num_leaves=10
num_cat=0
split_feature=4 2 0 4 2 4 4 4 1
split_gain=0.116465 0.442087 0.396551 0.357717 0.648791 1.16411 0.380228 0.182477 0.116746
threshold=1.0000000180025095e-35 1.0000000180025095e-35 1.5000000000000002 5.5000000000000009 1.0000000180025095e-35 2.5000000000000004 6.5000000000000009 10.500000000000002 1.5000000000000002
decision_type=2 2 2 2 2 2 2 2 2
left_child=1 -1 -3 4 -2 -6 -5 -8 -4
right_child=3 2 8 6 5 -7 7 -9 -10
leaf_value=-0.019244615895310221 0.019944152940495324 -0.014552644218587093 0.012767962169995862 0.03125495323400225 0.010525248140848749 -0.040583827921097368 -0.0090220174746417341 0.00025542466456410104 0.030782999454610507
leaf_weight=3.2151020690798751 3.1645809412002537 2.419196404516696 4.5701269470155221 2.50608230754733 4.6579176969826221 7.3573457095772028 13.916061911731957 543.30236060544848 4.6393531188368797
leaf_count=20 22 27 41 19 36 59 114 4431 31
internal_value=1.55762e-05 0.00701205 0.0142715 -0.00016507 -0.0122826 -0.0207705 0.000163561 2.37283e-05 0.0218432
internal_weight=589.748 14.8438 11.6287 574.904 15.1798 12.0153 559.725 557.218 9.20948
internal_count=4800 119 99 4681 117 95 4564 4545 72
is_linear=0
shrinkage=0.08


Tree=148
num_leaves=10
num_cat=0
split_feature=1 4 4 4 4 2 4 4 4
split_gain=0.111114 0.278469 0.571231 0.374796 0.370478 0.272359 0.258862 0.361853 0.208773
threshold=1.0000000180025095e-35 7.5000000000000009 10.500000000000002 3.5000000000000004 1.0000000180025095e-35 1.5000000000000002 83.500000000000014 78.500000000000014 36.500000000000007
decision_type=2 2 2 2 2 2 2 2 2
left_child=1 3 -3 4 -1 -4 7 8 -2
right_child=6 2 5 -5 -6 -7 -8 -9 -10
leaf_value=0.022184344946908515 0.0011344748456891974 -0.030425817509612242 0.00053556397979815816 0.040177741389930757 -0.018584995831342814 0.010953218765223061 -0.019900860422485383 0.025032671218655999 -0.0025288506491277104
leaf_weight=3.2410092726349813 195.02516643889248 3.6338182389736167 153.19675910100341 2.7345755994319916 2.5479989126324654 17.942440081387758 4.4550118874758473 3.5184899633750311 203.40771474782377
leaf_count=34 1646 28 1139 23 16 189 31 33 1661
internal_value=1.47676e-05 0.00164993 0.000961317 0.0157697 0.00423995 0.00162776 -0.00072272 -0.00051016 -0.000735724
internal_weight=589.703 183.297 174.773 8.52358 5.78901 171.139 406.406 401.951 398.433
internal_count=4800 1429 1356 73 50 1328 3371 3340 3307
is_linear=0
shrinkage=0.08


Tree=149
num_leaves=7
num_cat=0
split_feature=4 4 2 0 4 4
split_gain=0.119741 0.180519 0.704256 0.812281 0.313619 0.378786
threshold=84.500000000000014 76.500000000000014 1.0000000180025095e-35 2.5000000000000004 74.500000000000014 72.500000000000014
decision_type=2 2 2 2 2 2
left_child=1 4 -3 -4 5 -1
right_child=-2 2 3 -5 -6 -7
leaf_value=9.2951283433773086e-05 0.011598656979873537 -0.042068262746974686 0.047661928223511937 -0.016738483377448397 0.025061770682346021 -0.026865873662217089
leaf_weight=568.70181545708328 5.6556817637756458 3.1056259935721737 1.9154692143201826 3.6267472691833973 3.1968573536723843 3.3552626110613337
leaf_count=4617 40 22 24 32 30 35
internal_value=1.42092e-05 -9.79979e-05 -0.0115705 0.00551922 7.44687e-05 -6.51692e-05
internal_weight=589.557 583.902 8.64784 5.54222 575.254 572.057
internal_count=4800 4760 78 56 4682 4652
is_linear=0
shrinkage=0.08


end of trees

feature_importances:
age=933
facility_enc=500
acuity_enc=189
bleeding_enc=108
pregnant=36

parameters:
[boosting: gbdt]
[objective: binary]
[metric: binary_logloss]
[tree_learner: serial]
[device_type: cpu]
[data_sample_strategy: bagging]
[data: ]
[valid: ]
[num_iterations: 150]
[learning_rate: 0.08]
[num_leaves: 31]
[num_threads: 16]
[seed: 0]
[deterministic: 0]
[force_col_wise: 0]
[force_row_wise: 0]
[histogram_pool_size: -1]
[max_depth: 4]
[min_data_in_leaf: 20]
[min_sum_hessian_in_leaf: 0.001]
[bagging_fraction: 1]
[pos_bagging_fraction: 1]
[neg_bagging_fraction: 1]
[bagging_freq: 0]
[bagging_seed: 3]
[bagging_by_query: 0]
[feature_fraction: 1]
[feature_fraction_bynode: 1]
[feature_fraction_seed: 2]
[extra_trees: 0]
[extra_seed: 6]
[early_stopping_round: 0]
[early_stopping_min_delta: 0]
[first_metric_only: 0]
[max_delta_step: 0]
[lambda_l1: 0]
[lambda_l2: 0]
[linear_lambda: 0]
[min_gain_to_split: 0]
[drop_rate: 0.1]
[max_drop: 50]
[skip_drop: 0.5]
[xgboost_dart_mode: 0]
[uniform_drop: 0]
[drop_seed: 4]
[top_rate: 0.2]
[other_rate: 0.1]
[min_data_per_group: 100]
[max_cat_threshold: 32]
[cat_l2: 10]
[cat_smooth: 10]
[max_cat_to_onehot: 4]
[top_k: 20]
[monotone_constraints: ]
[monotone_constraints_method: basic]
[monotone_penalty: 0]
[feature_contri: ]
[forcedsplits_filename: ]
[refit_decay_rate: 0.9]
[cegb_tradeoff: 1]
[cegb_penalty_split: 0]
[cegb_penalty_feature_lazy: ]
[cegb_penalty_feature_coupled: ]
[path_smooth: 0]
[interaction_constraints: ]
[verbosity: -1]
[saved_feature_importance_type: 0]
[use_quantized_grad: 0]
[num_grad_quant_bins: 4]
[quant_train_renew_leaf: 0]
[stochastic_rounding: 1]
[linear_tree: 0]
[max_bin: 255]
[max_bin_by_feature: ]
[min_data_in_bin: 3]
[bin_construct_sample_cnt: 200000]
[data_random_seed: 1]
[is_enable_sparse: 1]
[enable_bundle: 1]
[use_missing: 1]
[zero_as_missing: 0]
[feature_pre_filter: 1]
[pre_partition: 0]
[two_round: 0]
[header: 0]
[label_column: ]
[weight_column: ]
[group_column: ]
[ignore_column: ]
[categorical_feature: ]
[forcedbins_filename: ]
[precise_float_parser: 0]
[parser_config_file: ]
[objective_seed: 5]
[num_class: 1]
[is_unbalance: 0]
[scale_pos_weight: 1]
[sigmoid: 1]
[boost_from_average: 1]
[reg_sqrt: 0]
[alpha: 0.9]
[fair_c: 1]
[poisson_max_delta_step: 0.7]
[tweedie_variance_power: 1.5]
[lambdarank_truncation_level: 30]
[lambdarank_norm: 1]
[label_gain: ]
[lambdarank_position_bias_regularization: 0]
[eval_at: ]
[multi_error_top_k: 1]
[auc_mu_weights: ]
[num_machines: 1]
[local_listen_port: 12400]
[time_out: 120]
[machine_list_filename: ]
[machines: ]
[gpu_platform_id: -1]
[gpu_device_id: -1]
[gpu_use_dp: 0]
[num_gpu: 1]

end of parameters

pandas_categorical:[]
