tree
version=v4
num_class=1
num_tree_per_iteration=1
label_index=0
max_feature_idx=4
objective=binary sigmoid:1
feature_names=facility_enc acuity_enc bleeding_enc pregnant age
feature_infos=[0:8] [0:2] [0:2] [0:1] [0:90]
tree_sizes=1597 1792 1597 1497 1808 1508 1615 1615 1816 1520 1622 1825 1620 1523 1623 1623 1628 1824 1523 1623 1629 1624 1525 1628 1820 1526 1626 1825 1526 1624 1631 1519 1729 1728 1825 1519 1635 1531 1526 1526 1825 1831 1522 1627 1422 1834 1634 1409 1835 1520 1517 1533 1626 1529 1731 1628 1726 1300 1728 1406 1719 1638 1529 1735 1622 1205 1723 1415 1623 1505 1725 1412 1633 1732 1628 1407 1318 1725 1836 1740 1738 1410 1734 1722 1723 1729 1404 1727 1520 1105 1725 1840 1835 1738 1722 1738 1316 1745 1838 1308 1514 1742 1736 1843 1513 1846 1517 1736 1418 1419 1736 1311 1520 1846 1729 1816 1419 1838 1741 1734 1852 1613 1517 1839 1407 1735 1422 1623 1850 1102 1751 1416 1203 1418 682 1525 1424 1214 1630 1640 1206 1211 1623 1532 1743 1644 1423 1624 1519 1623

Tree=0
num_leaves=14
num_cat=0
split_feature=1 0 1 0 3 4 0 0 4 4 4 4 4
split_gain=2150.1 333.113 471.031 412.604 1.1552 1.34454 3.32356 1.39682 0.806187 0.657602 0.49429 0.47467 0.135423
threshold=1.0000000180025095e-35 3.5000000000000004 1.5000000000000002 1.0000000180025095e-35 1.0000000180025095e-35 11.500000000000002 4.5000000000000009 6.5000000000000009 24.500000000000004 42.500000000000007 67.500000000000014 43.500000000000007 81.500000000000014
decision_type=2 2 2 2 2 2 2 2 2 2 2 2 2
left_child=4 2 9 -4 5 6 -1 -7 -6 -2 11 -3 -12
right_child=1 10 3 -5 8 7 -8 -9 -10 -11 12 -13 -14
leaf_value=-0.25576974979202205 -0.54706740312611668 -0.55162280989967793 -0.55157962448642672 -0.29738782138239678 -0.26268648400101846 -0.26463014098079052 -0.31296582113564708 -0.25159198237976244 -0.30485625063006183 -0.55771180083860095 -0.56436250680878985 -0.54584011285545075 -0.55039602427139311
leaf_weight=15.035997301340105 97.137315899133682 282.58128261566162 56.325323224067688 148.92797327041626 4.773332476615904 234.60929122567177 11.455997943878172 67.781321167945862 7.3986653387546539 60.143989205360413 19.809329777956012 133.89197596907616 5.727998971939086
leaf_count=63 407 1184 236 624 20 983 48 284 31 252 83 561 24
internal_value=-0.432449 -0.503807 -0.446967 -0.367143 -0.264117 -0.263222 -0.280503 -0.261708 -0.288319 -0.551138 -0.550426 -0.549764 -0.56123
internal_weight=1145.6 804.545 362.535 205.253 341.055 328.883 26.492 302.391 12.172 157.281 442.011 416.473 25.5373
internal_count=4800 3371 1519 860 1429 1378 111 1267 51 659 1852 1745 107
is_linear=0
shrinkage=1


Tree=1
num_leaves=16
num_cat=0
split_feature=1 0 1 0 4 0 4 0 2 4 4 4 4 4 4
split_gain=1792.24 295.331 405.943 344.811 1.01065 2.1122 2.18254 1.86137 1.33732 0.977722 0.880645 0.61334 0.461974 0.441471 0.127083
threshold=1.0000000180025095e-35 3.5000000000000004 1.5000000000000002 1.0000000180025095e-35 33.500000000000007 2.5000000000000004 31.500000000000004 1.5000000000000002 1.5000000000000002 26.500000000000004 37.500000000000007 42.500000000000007 67.500000000000014 43.500000000000007 81.500000000000014
decision_type=2 2 2 2 2 2 2 2 2 2 2 2 2 2 2
left_child=4 2 11 -4 5 9 -7 8 -6 -1 -9 -2 13 -3 -14
right_child=1 12 3 -5 7 6 -8 10 -10 -11 -12 -13 14 -15 -16
leaf_value=0.16689079225734907 -0.10851399530825884 -0.11297008410138201 -0.11292778080866821 0.12112816293497497 0.14567386885934513 0.1422804495855732 0.10015905111559098 0.17292121862781251 0.10838186138129961 0.14234805591322355 0.15561902709068379 -0.11894554897042126 -0.12549781187262848 -0.10731555028315208 -0.11176884206383797
leaf_weight=32.683109685778618 94.501238226890564 274.57731771469116 54.7305748462677 152.60107183456421 37.342411637306213 92.826265007257462 8.6025369465351087 21.873950511217117 7.3688192814588538 15.22898608446121 135.1529286056757 58.344289720058441 19.181663036346439 130.30109721422195 5.5675917863845816
leaf_count=133 407 1184 236 624 152 378 35 89 30 62 550 252 83 561 24
internal_value=-0.00015611 -0.0670073 -0.0135789 0.059343 0.150236 0.145247 0.138708 0.153929 0.139528 0.15909 0.158029 -0.112496 -0.111799 -0.11115 -0.122409
internal_weight=1140.88 789.805 360.177 207.332 351.079 149.341 101.429 201.738 44.7112 47.9121 157.027 152.846 429.628 404.878 24.7493
internal_count=4800 3371 1519 860 1429 608 413 821 182 195 639 659 1852 1745 107
is_linear=0
shrinkage=0.08


Tree=2
num_leaves=14
num_cat=0
split_feature=1 0 1 0 3 4 0 0 4 4 4 4 4
split_gain=1514.08 262.757 352.156 291.166 0.914137 1.05329 2.50778 1.09852 0.648186 0.586861 0.443536 0.420585 0.122705
threshold=1.0000000180025095e-35 3.5000000000000004 1.5000000000000002 1.0000000180025095e-35 1.0000000180025095e-35 11.500000000000002 4.5000000000000009 6.5000000000000009 24.500000000000004 42.500000000000007 67.500000000000014 43.500000000000007 81.500000000000014
decision_type=2 2 2 2 2 2 2 2 2 2 2 2 2
left_child=4 2 9 -4 5 6 -1 -7 -6 -2 11 -3 -12
right_child=1 10 3 -5 8 7 -8 -9 -10 -11 12 -13 -14
leaf_value=0.14297641676682729 -0.10318164040109523 -0.10760335062062709 -0.10756129456923631 0.10978446912543584 0.13758197227745558 0.13573941932850025 0.094305311627096031 0.14705238296962544 0.10055685133369108 -0.11356093211323941 -0.12013169457056959 -0.10199544806079346 -0.10640962725940371
leaf_weight=15.709941208362581 91.555268868803978 265.57910060882568 52.937827169895172 154.79461169242859 4.9835778027772886 244.93556508421898 11.913022041320799 70.815326109528542 7.7043467015028 56.305248141288757 18.464619204401973 126.29457320272923 5.3875451087951651
leaf_count=63 407 1184 236 624 20 983 48 284 31 252 83 561 24
internal_value=-0.000266192 -0.0632567 -0.01277 0.0543968 0.136187 0.136966 0.121986 0.138277 0.1151 -0.107134 -0.106441 -0.105796 -0.117032
internal_weight=1127.38 771.319 355.593 207.732 356.062 343.374 27.623 315.751 12.6879 147.861 415.726 391.874 23.8522
internal_count=4800 3371 1519 860 1429 1378 111 1267 51 659 1852 1745 107
is_linear=0
shrinkage=0.08


Tree=3
num_leaves=13
num_cat=0
split_feature=1 0 1 0 4 4 0 3 4 4 4 4
split_gain=1291.89 234.479 307.086 247.82 0.921923 2.50563 2.91037 1.26914 0.572766 0.43481 0.426033 0.12115
threshold=1.0000000180025095e-35 3.5000000000000004 1.5000000000000002 1.0000000180025095e-35 1.0000000180025095e-35 10.500000000000002 4.5000000000000009 1.0000000180025095e-35 42.500000000000007 67.500000000000014 65.500000000000014 81.500000000000014
decision_type=2 2 2 2 2 2 2 2 2 2 2 2
left_child=4 2 8 -4 -1 6 -6 -7 -2 10 -3 -11
right_child=1 9 3 -5 5 7 -8 -9 -10 11 -12 -13
leaf_value=0.1509330631294227 -0.098455902560351111 -0.10143326636200974 -0.10285037999749903 0.10029858305242099 0.12318208413512656 0.12671543461169341 0.055843980552890894 0.099659028754686255 -0.10890660697905684 -0.11558893177150842 -0.080812191427394764 -0.10169267107968975
leaf_weight=8.492560997605322 88.403727978467941 371.40451388061047 51.012743532657623 155.82778573036194 9.4958607107400912 320.41593064367771 7.2394364923238745 11.49358458817005 54.104850232601166 17.686851143836979 6.5247564017772666 5.19439673423767
leaf_count=34 407 1715 236 624 38 1282 29 46 252 83 30 24
internal_value=-0.000346264 -0.059969 -0.0120613 0.0501963 0.12489 0.124256 0.0940526 0.125779 -0.102424 -0.101726 -0.101077 -0.112434
internal_weight=1107.3 750.16 349.349 206.841 357.137 348.645 16.7353 331.91 142.509 400.811 377.929 22.8812
internal_count=4800 3371 1519 860 1429 1395 67 1328 659 1852 1745 107
is_linear=0
shrinkage=0.08


Tree=4
num_leaves=16
num_cat=0
split_feature=1 0 1 0 4 0 4 0 2 4 4 4 4 4 4
split_gain=1110.66 209.775 268.897 212.229 0.79327 1.69432 1.90365 1.57946 1.1204 0.816459 0.749659 0.567574 0.43319 0.428481 0.121705
threshold=1.0000000180025095e-35 3.5000000000000004 1.5000000000000002 1.0000000180025095e-35 33.500000000000007 2.5000000000000004 31.500000000000004 1.5000000000000002 1.5000000000000002 26.500000000000004 37.500000000000007 42.500000000000007 67.500000000000014 43.500000000000007 81.500000000000014
decision_type=2 2 2 2 2 2 2 2 2 2 2 2 2 2 2
left_child=4 2 11 -4 5 9 -7 8 -6 -1 -9 -2 13 -3 -14
right_child=1 12 3 -5 7 6 -8 10 -10 -11 -12 -13 14 -15 -16
leaf_value=0.13058629693581092 -0.094212654157826675 -0.098760502328548716 -0.098660068179947033 0.092192542701908117 0.11121561026329006 0.10865357502737891 0.069591041032894055 0.13623564159288656 0.077328165154047751 0.10829236959991502 0.1203470611255625 -0.10483281622456264 -0.11170409848233544 -0.092886717852853101 -0.097485874296054417
leaf_weight=33.010746940970421 85.129733264446259 245.9992094039917 49.007627427577972 155.95539593696594 37.805046677589417 94.043347418308258 8.7252884656190854 22.07556164264679 7.4795929044485083 15.426381647586821 136.64713786542416 51.805193960666656 16.871170327067379 117.42299906909466 4.9933544397354117
leaf_count=133 407 1184 236 624 152 378 35 89 30 62 550 252 83 561 24
internal_value=-0.000406176 -0.0570443 -0.0114313 0.0465588 0.115542 0.111151 0.105337 0.118797 0.105618 0.123486 0.122557 -0.0982305 -0.0975206 -0.0968627 -0.108457
internal_weight=1082.4 727.185 341.898 204.963 355.213 151.206 102.769 204.007 45.2846 48.4371 158.723 136.935 385.287 363.422 21.8645
internal_count=4800 3371 1519 860 1429 608 413 821 182 195 639 659 1852 1745 107
is_linear=0
shrinkage=0.08


Tree=5
num_leaves=13
num_cat=0
split_feature=1 0 1 0 4 4 0 3 4 4 4 4
split_gain=960.442 188.078 236.243 182.63 0.789841 2.23724 2.55264 1.18331 0.568929 0.436798 0.423528 0.123909
threshold=1.0000000180025095e-35 3.5000000000000004 1.5000000000000002 1.0000000180025095e-35 1.0000000180025095e-35 10.500000000000002 4.5000000000000009 1.0000000180025095e-35 42.500000000000007 67.500000000000014 43.500000000000007 81.500000000000014
decision_type=2 2 2 2 2 2 2 2 2 2 2 2
left_child=4 2 8 -4 -1 6 -6 -7 -2 10 -3 -11
right_child=1 9 3 -5 5 7 -8 -9 -10 11 -12 -13
leaf_value=0.13194591848945575 -0.090356909543997638 -0.094983330073507163 -0.094887386532363949 0.085140954762498597 0.10603285139920346 0.10940640468129896 0.04269309585533914 0.083162310060384284 -0.10122603950555775 -0.10835324889840234 -0.089024626534557394 -0.093688332848136185
leaf_weight=8.3431177884340268 81.79914815723896 235.74223661422729 46.963943958282471 155.38231229782104 9.3130794614553469 314.71684716641903 7.2359448522329322 11.393617689609526 49.45551985502243 16.035667374730114 112.9027514308691 4.7885463237762442
leaf_count=34 407 1184 236 624 38 1282 29 46 252 83 561 24
internal_value=-0.000451802 -0.0544086 -0.0108639 0.0433569 0.107625 0.107033 0.078338 0.108489 -0.0944523 -0.093726 -0.0930537 -0.104981
internal_weight=1054.07 703.07 333.601 202.346 351.003 342.659 16.549 326.11 131.255 369.469 348.645 20.8242
internal_count=4800 3371 1519 860 1429 1395 67 1328 659 1852 1745 107
is_linear=0
shrinkage=0.08


Tree=6
num_leaves=14
num_cat=0
split_feature=1 0 1 0 4 4 4 0 4 4 4 4 4
split_gain=834.333 168.927 208.111 157.763 0.728303 0.828168 1.75393 0.793694 0.608202 0.575163 0.44443 0.43776 0.127449
threshold=1.0000000180025095e-35 3.5000000000000004 1.5000000000000002 1.0000000180025095e-35 54.500000000000007 1.0000000180025095e-35 10.500000000000002 7.5000000000000009 75.500000000000014 42.500000000000007 67.500000000000014 65.500000000000014 81.500000000000014
decision_type=2 2 2 2 2 2 2 2 2 2 2 2 2
left_child=4 2 9 -4 5 -1 -7 8 -6 -2 11 -3 -12
right_child=1 10 3 -5 7 6 -8 -9 -10 -11 12 -13 -14
leaf_value=0.1241462936670278 -0.086814702501348151 -0.089959076177756253 -0.091452271483376132 0.07891488335031252 0.10868855569109473 0.072900534314780371 0.099908253071216133 0.13352297289869483 0.084838002092220685 -0.097998467623720803 -0.10544166813317153 -0.067879619510641309 -0.090221568991437046
leaf_weight=8.1650058329105359 78.46380826830864 327.98369087278843 44.914334893226624 154.27394270896912 48.519810900092125 16.370041489601135 256.84601238369942 7.2030888497829428 7.9662379026412955 47.094621777534485 15.194595128297808 5.8494704961776725 4.5832217931747428
leaf_count=34 407 1715 236 624 201 67 1064 30 33 252 83 30 24
internal_value=-0.000487183 -0.0520048 -0.0103466 0.0404993 0.100789 0.0990403 0.0982901 0.108514 0.105325 -0.0910095 -0.0902625 -0.0895722 -0.101915
internal_weight=1023.43 678.358 324.747 199.188 345.07 281.381 273.216 63.6891 56.486 125.558 353.611 333.833 19.7778
internal_count=4800 3371 1519 860 1429 1165 1131 264 234 659 1852 1745 107
is_linear=0
shrinkage=0.08


Tree=7
num_leaves=14
num_cat=0
split_feature=1 0 1 0 3 4 0 4 4 4 4 4 4
split_gain=727.306 151.945 183.722 136.698 0.710529 0.760043 1.85801 1.08897 0.592728 0.585036 0.455228 0.448002 0.132108
threshold=1.0000000180025095e-35 3.5000000000000004 1.5000000000000002 1.0000000180025095e-35 1.0000000180025095e-35 18.500000000000004 1.5000000000000002 21.500000000000004 24.500000000000004 42.500000000000007 67.500000000000014 43.500000000000007 81.500000000000014
decision_type=2 2 2 2 2 2 2 2 2 2 2 2 2
left_child=4 2 9 -4 5 6 -1 -7 -6 -2 11 -3 -12
right_child=1 10 3 -5 8 7 -8 -9 -10 -11 12 -13 -14
leaf_value=0.11421697254564431 -0.08352768271161326 -0.088435808377255148 -0.088291545769581287 0.07334895476203894 0.097961008219957291 0.12225132714096507 0.078173287292937127 0.096144427038902552 0.061888690333602087 -0.095080988103301539 -0.1028956459341147 -0.08203665862125592 -0.087023651615054973
leaf_weight=11.92395183444023 75.16408072412014 215.4388599395752 42.884250402450562 152.76395058631897 4.7628365010023099 10.638051986694334 39.389432817697525 263.6839639544487 7.5156322121620178 44.752769529819489 14.359090939164163 103.73273541033268 4.3799139261245719
leaf_count=51 407 1184 236 624 20 45 165 1117 31 252 83 561 24
internal_value=-0.000515052 -0.0497887 -0.0098701 0.0379189 0.0947729 0.0954853 0.0865489 0.0971568 0.0758812 -0.0878394 -0.0870675 -0.086356 -0.0991858
internal_weight=991.39 653.476 315.565 195.648 337.914 325.635 51.3134 274.322 12.2785 119.917 337.911 319.172 18.739
internal_count=4800 3371 1519 860 1429 1378 216 1162 51 659 1852 1745 107
is_linear=0
shrinkage=0.08


Tree=8
num_leaves=16
num_cat=0
split_feature=1 0 1 0 4 0 0 4 2 4 4 4 4 4 4
split_gain=635.768 136.833 162.465 118.734 0.739121 1.6232 1.598 1.89726 1.09605 0.823507 0.799668 0.597585 0.468377 0.449371 0.137727
threshold=1.0000000180025095e-35 3.5000000000000004 1.5000000000000002 1.0000000180025095e-35 33.500000000000007 1.5000000000000002 2.5000000000000004 31.500000000000004 1.5000000000000002 26.500000000000004 37.500000000000007 42.500000000000007 67.500000000000014 43.500000000000007 81.500000000000014
decision_type=2 2 2 2 2 2 2 2 2 2 2 2 2 2 2
left_child=4 2 11 -4 6 8 9 -8 -6 -1 -7 -2 13 -3 -14
right_child=1 12 3 -5 5 10 7 -9 -10 -11 -12 -13 14 -15 -16
leaf_value=0.10500423688163726 -0.080449287329330765 -0.08549396162656768 -0.08535463464903463 0.06832108054380491 0.08464350656697843 0.11141552385750617 0.082665555878041946 0.042583228184795867 0.05013072586165486 0.081763282882898664 0.094296606290387802 -0.092418322868258601 -0.10065693564694687 -0.078940735749023466 -0.08404502507216309
leaf_weight=30.322793394327164 71.930992901325226 205.43702220916748 40.89327484369278 150.96039175987244 35.151149213314056 20.263393551111221 87.996237710118294 8.2680156677961332 7.074304297566413 14.387131780385969 126.39871920645237 42.453297257423401 13.53775177896023 99.358310177922249 4.1805710792541495
leaf_count=133 407 1184 236 624 152 89 378 35 30 62 550 252 83 561 24
internal_value=-0.000536921 -0.0477263 -0.00942703 0.0355654 0.089411 0.0926826 0.0850276 0.0792229 0.0788614 0.0975256 0.0966618 -0.0848915 -0.0840928 -0.0833577 -0.0967374
internal_weight=958.613 628.752 306.238 191.854 329.862 188.888 140.974 96.2643 42.2255 44.7099 146.662 114.384 322.514 304.795 17.7183
internal_count=4800 3371 1519 860 1429 821 608 413 182 195 639 659 1852 1745 107
is_linear=0
shrinkage=0.08


Tree=9
num_leaves=13
num_cat=0
split_feature=1 0 1 0 4 4 0 3 4 4 4 4
split_gain=556.965 123.336 143.858 103.329 0.731309 1.9532 2.42291 1.15573 0.612025 0.483355 0.463845 0.144186
threshold=1.0000000180025095e-35 3.5000000000000004 1.5000000000000002 1.0000000180025095e-35 1.0000000180025095e-35 10.500000000000002 4.5000000000000009 1.0000000180025095e-35 42.500000000000007 67.500000000000014 65.500000000000014 81.500000000000014
decision_type=2 2 2 2 2 2 2 2 2 2 2 2
left_child=4 2 8 -4 -1 6 -6 -7 -2 10 -3 -11
right_child=1 9 3 -5 5 7 -8 -9 -10 11 -12 -13
leaf_value=0.10922885407834741 -0.077542042947833623 -0.080968174818027872 -0.082600603338980477 0.063739533395213488 0.084893381010777147 0.086389843528395432 0.021509002358219884 0.059613317164230357 -0.089965638162290043 -0.09867889425063775 -0.056864247906842462 -0.081245630832141813
leaf_weight=7.5204684883356085 68.787954822182655 285.60995547473431 38.956216931343079 148.95038223266602 8.5819454789161664 287.37538713216782 7.014361396431922 10.700481295585631 40.213880181312561 12.737102985382082 5.2025556564331046 3.9866663217544547
leaf_count=34 407 1715 236 624 38 1282 29 46 252 83 30 24
internal_value=-0.000553633 -0.04579 -0.00901155 0.0334007 0.0845757 0.0839846 0.0563866 0.0854286 -0.0821255 -0.0812975 -0.080537 -0.0945231
internal_weight=925.637 604.445 296.908 187.907 321.193 313.672 15.5963 298.076 109.002 307.536 290.813 16.7238
internal_count=4800 3371 1519 860 1429 1395 67 1328 659 1852 1745 107
is_linear=0
shrinkage=0.08


Tree=10
num_leaves=14
num_cat=0
split_feature=1 0 1 0 4 0 4 4 4 4 4 4 4
split_gain=488.713 111.243 127.509 90.0592 0.729015 0.837315 0.808161 1.56245 0.635609 0.627692 0.499739 0.480518 0.151391
threshold=1.0000000180025095e-35 3.5000000000000004 1.5000000000000002 1.0000000180025095e-35 54.500000000000007 7.5000000000000009 1.0000000180025095e-35 10.500000000000002 56.500000000000007 42.500000000000007 67.500000000000014 43.500000000000007 81.500000000000014
decision_type=2 2 2 2 2 2 2 2 2 2 2 2 2
left_child=4 2 9 -4 6 8 -1 -8 -6 -2 11 -3 -12
right_child=1 10 3 -5 5 -7 7 -9 -10 -11 12 -13 -14
leaf_value=0.10469072786841344 -0.074775600065374009 -0.08018447353971149 -0.079996029454040149 0.059534277763534774 0.10659798028103909 0.11561001737175804 0.052822670021404658 0.079190493591766956 0.081211422045792181 -0.087686095224810648 -0.096923704126086738 -0.073088296379249379 -0.078592852496853688
leaf_weight=7.2306570857763282 65.752190440893173 186.49485397338867 37.08400297164917 146.80399417877197 7.3808358162641516 6.3894379138946524 15.332110121846197 232.2350682169199 43.584146320819855 38.047612309455872 11.961991563439367 90.809183344244957 3.7992846965789786
leaf_count=34 407 1184 236 624 34 30 67 1064 200 252 83 561 24
internal_value=-0.000566707 -0.0439579 -0.0086191 0.0313957 0.0801618 0.0883105 0.0783275 0.0775575 0.0848879 -0.0795079 -0.0786483 -0.0778607 -0.092505
internal_weight=892.905 580.753 287.688 183.888 312.152 57.3544 254.798 247.567 50.965 103.8 293.065 277.304 15.7613
internal_count=4800 3371 1519 860 1429 264 1165 1131 234 659 1852 1745 107
is_linear=0
shrinkage=0.08


Tree=11
num_leaves=16
num_cat=0
split_feature=1 0 1 0 4 0 0 4 2 4 4 4 4 4 4
split_gain=429.279 100.382 113.099 78.5854 0.712335 1.67202 1.60963 1.88264 1.08289 0.867368 0.857708 0.644005 0.516986 0.483308 0.159262
threshold=1.0000000180025095e-35 3.5000000000000004 1.5000000000000002 1.0000000180025095e-35 33.500000000000007 1.5000000000000002 2.5000000000000004 31.500000000000004 1.5000000000000002 26.500000000000004 37.500000000000007 42.500000000000007 67.500000000000014 43.500000000000007 81.500000000000014
decision_type=2 2 2 2 2 2 2 2 2 2 2 2 2 2 2
left_child=4 2 11 -4 6 8 9 -8 -6 -1 -7 -2 13 -3 -14
right_child=1 12 3 -5 5 10 7 -9 -10 -11 -12 -13 14 -15 -16
leaf_value=0.092871159770880674 -0.072125307145464376 -0.077697852837027612 -0.077513445108576065 0.055651217742018907 0.070909800408256896 0.099758589433566539 0.069186433272362527 0.028039810163906952 0.035454799364432112 0.067981513600845991 0.081139289694123498 -0.085549105949669607 -0.095360381734196878 -0.070415319426920794 -0.076059927147634571
leaf_weight=27.532081171870232 62.835902079939842 177.4406909942627 35.284401297569275 144.57725930213928 32.336999326944351 18.349147215485573 81.51172399520874 7.7975086122751227 6.6464412510395041 13.284416764974592 115.51990349590778 35.96385133266449 11.21589909493923 86.87914551794529 3.6191976070404044
leaf_count=133 407 1184 236 624 152 89 378 35 30 62 550 252 83 561 24
internal_value=-0.000576836 -0.0422129 -0.00824603 0.0295276 0.0760798 0.0794455 0.071609 0.065594 0.0648649 0.0847704 0.0836914 -0.0770117 -0.0761198 -0.0753042 -0.0906518
internal_weight=860.795 557.816 278.661 179.862 302.978 172.852 130.126 89.3092 38.9834 40.8165 133.869 98.7998 279.155 264.32 14.8351
internal_count=4800 3371 1519 860 1429 821 608 413 182 195 639 659 1852 1745 107
is_linear=0
shrinkage=0.08


Tree=12
num_leaves=14
num_cat=0
split_feature=1 0 1 0 3 4 0 4 4 4 4 4 4
split_gain=377.406 90.6025 100.364 68.6343 0.749476 0.780936 1.8221 1.17092 0.660435 0.622774 0.534761 0.494364 0.16773
threshold=1.0000000180025095e-35 3.5000000000000004 1.5000000000000002 1.0000000180025095e-35 1.0000000180025095e-35 18.500000000000004 1.5000000000000002 21.500000000000004 42.500000000000007 24.500000000000004 67.500000000000014 65.500000000000014 81.500000000000014
decision_type=2 2 2 2 2 2 2 2 2 2 2 2 2
left_child=4 2 8 -4 5 6 -1 -7 -2 -6 11 -3 -12
right_child=1 10 3 -5 9 7 -8 -9 -10 -11 12 -13 -14
leaf_value=0.093528187862914267 -0.069571142103339659 -0.073329694973892523 -0.075130142511499909 0.052048035170011532 0.076090165046269836 0.10299121708755905 0.054845572582468326 0.073797590116827211 -0.083528998145255468 0.036899981204443856 -0.093963282674084714 -0.046931979058822258 -0.073624835037420691
leaf_weight=10.01884852349758 60.047222599387169 247.27427884936333 33.562641203403473 142.31473517417908 4.1892891377210599 9.144775837659834 35.082777500152588 228.49012580513954 33.968947112560272 6.8196065872907639 10.501206412911413 4.6253335475921622 3.4469236135482779
leaf_count=51 407 1715 236 624 20 45 165 1117 252 31 83 30 24
internal_value=-0.000583495 -0.0405409 -0.00788944 0.0277787 0.072292 0.0730894 0.0634385 0.074921 -0.0746142 0.0518133 -0.0736893 -0.072845 -0.0889372
internal_weight=829.487 535.741 269.894 175.877 293.745 282.737 45.1016 237.635 94.0162 11.0089 265.848 251.9 13.9481
internal_count=4800 3371 1519 860 1429 1378 216 1162 659 51 1852 1745 107
is_linear=0
shrinkage=0.08


Tree=13
num_leaves=13
num_cat=0
split_feature=1 0 1 0 4 4 0 3 4 4 4 4
split_gain=331.923 81.7775 89.087 59.982 0.749652 1.80024 2.30865 1.15414 0.676504 0.552766 0.51502 0.176732
threshold=1.0000000180025095e-35 3.5000000000000004 1.5000000000000002 1.0000000180025095e-35 1.0000000180025095e-35 10.500000000000002 4.5000000000000009 1.0000000180025095e-35 42.500000000000007 67.500000000000014 43.500000000000007 81.500000000000014
decision_type=2 2 2 2 2 2 2 2 2 2 2 2
left_child=4 2 8 -4 -1 6 -6 -7 -2 10 -3 -11
right_child=1 9 3 -5 5 7 -8 -9 -10 11 -12 -13
leaf_value=0.095630218115660179 -0.06709684736920446 -0.073067662547635998 -0.072827318702041052 0.048691293390381557 0.070412547088276267 0.070652332171581719 0.0062443783386958761 0.042695396153631278 -0.081604073471512481 -0.092711003327837938 -0.065190275054498009 -0.071269453717716702
leaf_weight=6.4808155596256247 57.391052335500717 160.73286437988281 31.921908795833588 140.05155086517334 7.720375180244444 253.90769615769386 6.7046939730644226 9.8159392774105054 32.066823720932007 9.819407567381857 79.336040362715721 3.2827763557434073
leaf_count=34 407 1184 236 624 38 1282 29 46 252 83 561 24
internal_value=-0.000588282 -0.0389304 -0.00754706 0.0261349 0.0687332 0.0681065 0.0405875 0.0696118 -0.0722971 -0.0713377 -0.0704644 -0.0873388
internal_weight=799.232 514.602 261.431 171.973 284.63 278.149 14.4251 263.724 89.4579 253.171 240.069 13.1022
internal_count=4800 3371 1519 860 1429 1395 67 1328 659 1852 1745 107
is_linear=0
shrinkage=0.08


Tree=14
num_leaves=14
num_cat=0
split_feature=1 0 1 0 4 0 4 4 4 4 4 4 4
split_gain=292.007 73.8031 79.0821 52.4436 0.76529 0.929196 0.839845 1.4248 0.698888 0.691763 0.570531 0.515871 0.186207
threshold=1.0000000180025095e-35 3.5000000000000004 1.5000000000000002 1.0000000180025095e-35 54.500000000000007 7.5000000000000009 1.0000000180025095e-35 10.500000000000002 75.500000000000014 42.500000000000007 67.500000000000014 43.500000000000007 81.500000000000014
decision_type=2 2 2 2 2 2 2 2 2 2 2 2 2
left_child=4 2 9 -4 6 8 -1 -8 -6 -2 11 -3 -12
right_child=1 10 3 -5 5 -7 7 -9 -10 -11 12 -13 -14
leaf_value=0.092484513595696843 -0.064689379595660221 -0.070827095678927379 -0.070589435410651435 0.045554287358170839 0.074580053746860137 0.10540686060842466 0.038045623939456721 0.064270856630943035 0.046010249378705757 -0.079755827090347606 -0.091585530648459049 -0.062760899652772206 -0.0689788841986574
leaf_weight=6.177640661597251 54.869665578007698 152.87747097015381 30.363747894763947 137.81507134437561 38.43365116417408 5.4791371673345557 14.175345435738562 204.99420329928398 6.3911596089601508 30.259475111961365 9.1712860688567144 75.955296143889427 3.1269078254699698
leaf_count=34 407 1184 236 624 201 30 67 1064 33 252 83 561 24
internal_value=-0.000590715 -0.037373 -0.00721709 0.0245852 0.0653862 0.0743079 0.0633946 0.0625747 0.0705065 -0.0700448 -0.0690518 -0.0681497 -0.0858376
internal_weight=770.09 494.439 253.308 168.179 275.651 50.3039 225.347 219.17 44.8248 85.1291 241.131 228.833 12.2982
internal_count=4800 3371 1519 860 1429 264 1165 1131 234 659 1852 1745 107
is_linear=0
shrinkage=0.08


Tree=15
num_leaves=14
num_cat=0
split_feature=1 0 1 0 4 0 4 4 4 4 4 4 4
split_gain=256.849 66.5853 70.1935 45.8647 0.72924 0.915294 0.81368 1.33298 0.712319 0.691249 0.587783 0.522309 0.196094
threshold=1.0000000180025095e-35 3.5000000000000004 1.5000000000000002 1.0000000180025095e-35 54.500000000000007 7.5000000000000009 1.0000000180025095e-35 10.500000000000002 63.500000000000007 56.500000000000007 67.500000000000014 65.500000000000014 81.500000000000014
decision_type=2 2 2 2 2 2 2 2 2 2 2 2 2
left_child=4 2 8 -4 6 9 -1 -8 -2 -6 11 -3 -12
right_child=1 10 3 -5 5 -7 7 -9 -10 -11 12 -13 -14
leaf_value=0.089590194913476487 -0.065513799685245844 -0.066432039219703837 -0.068403683742524729 0.042615497427365957 0.092075244007367482 0.10286808810580964 0.035535255401805674 0.061100031562431052 -0.09198020416046214 0.063155306580746084 -0.090571600320463297 -0.037715526890031423 -0.06674098811256185
leaf_weight=5.87933325767517 73.893817000091076 214.06356751918793 28.888413459062576 135.62632012367249 6.1686975210905066 5.1775472164154044 13.971314266324041 198.64810298383236 7.1368393823504439 37.115556284785271 8.5570639222860319 4.1318754851818076 2.9793401956558219
leaf_count=34 596 1715 236 624 34 30 67 1064 63 200 83 30 24
internal_value=-0.000591383 -0.0358616 -0.00689813 0.0231208 0.0622011 0.0710793 0.060232 0.0594202 -0.0678448 0.0672769 -0.0668187 -0.0658882 -0.0844172
internal_weight=742.238 475.277 245.545 164.515 266.961 48.4618 218.499 212.619 81.0307 43.2843 229.732 218.195 11.5364
internal_count=4800 3371 1519 860 1429 264 1165 1131 659 234 1852 1745 107
is_linear=0
shrinkage=0.08


Tree=16
num_leaves=14
num_cat=0
split_feature=1 0 1 0 4 3 4 2 4 4 4 4 4
split_gain=225.869 60.0443 62.2831 40.1157 0.742203 0.739753 0.704087 1.97321 1.27367 0.62068 0.612761 1.25025 0.318474
threshold=1.0000000180025095e-35 3.5000000000000004 1.5000000000000002 1.0000000180025095e-35 42.500000000000007 1.0000000180025095e-35 18.500000000000004 1.5000000000000002 21.500000000000004 24.500000000000004 56.500000000000007 43.500000000000007 58.500000000000007
decision_type=2 2 2 2 2 2 2 2 2 2 2 2 2
left_child=5 2 4 -4 -2 6 7 -1 -8 -7 11 -3 -12
right_child=1 10 3 -5 -6 9 8 -9 -10 -11 12 -13 -14
leaf_value=0.043111089265449432 -0.059917140708348512 -0.066563971155475382 -0.066259582198033518 0.039857351339827915 -0.076360607261573232 0.063710745186682627 0.093411030730041741 0.093622308540952992 0.060657955863904975 0.022499060114734019 -0.093469262501063174 -0.051282241148135024 -0.071296286690457455
leaf_weight=34.538148507475853 50.117124788463116 138.63386511802673 27.495149403810501 133.50115084648132 27.049488164484501 3.7262551188468915 7.8981715589761725 5.7776837497949591 200.33650442957878 6.2818043380975723 4.8101720809936515 45.511628150939941 30.0150291249156
leaf_count=185 407 1184 236 624 252 20 45 31 1117 31 39 369 260
internal_value=-0.000590077 -0.0343898 -0.00658879 0.0217346 -0.0656811 0.0591681 0.0600267 0.0503499 0.0619003 0.0378432 -0.0646275 -0.0627871 -0.0743589
internal_weight=715.692 457.134 238.163 160.996 77.1666 258.559 248.551 40.3158 208.235 10.0081 218.971 184.145 34.8252
internal_count=4800 3371 1519 860 659 1429 1378 216 1162 51 1852 1553 299
is_linear=0
shrinkage=0.08


Tree=17
num_leaves=16
num_cat=0
split_feature=1 0 1 0 4 4 0 0 4 2 4 4 4 4 4
split_gain=198.53 54.1075 55.2465 35.0866 0.75752 0.752304 1.98873 1.79818 2.11517 1.19158 1.07362 1.0424 0.636475 0.547917 0.223381
threshold=1.0000000180025095e-35 3.5000000000000004 1.5000000000000002 1.0000000180025095e-35 63.500000000000007 33.500000000000007 1.5000000000000002 2.5000000000000004 31.500000000000004 1.5000000000000002 37.500000000000007 26.500000000000004 67.500000000000014 43.500000000000007 81.500000000000014
decision_type=2 2 2 2 2 2 2 2 2 2 2 2 2 2 2
left_child=5 2 4 -4 -2 7 9 11 -9 -7 -8 -1 13 -3 -14
right_child=1 12 3 -5 -6 6 10 8 -10 -11 -12 -13 14 -15 -16
leaf_value=0.076690143633483379 -0.061075074534763754 -0.064451644803750069 -0.06414870319568193 0.037265364389706394 -0.090124060772279399 0.049795591296645618 0.085285245795910763 0.048613969594709996 0.0016795483612013673 0.0095390241477642888 0.062125228117211898 0.046669525642697489 -0.08899171428880788 -0.055551500348571044 -0.062157558670195873
leaf_weight=22.282422408461571 67.237717062234879 131.99864220619202 26.182410150766373 131.45116782188416 6.2820831388235083 26.749161690473557 14.818347081542013 68.590454742312431 6.7500552535057059 5.7103562057018271 94.52086777985096 11.085014104843138 7.5389591157436353 66.607718154788017 2.6951937675476074
leaf_count=133 596 1184 236 624 63 152 89 378 35 30 550 62 83 561 24
internal_value=-0.000587231 -0.0329546 -0.00628893 0.0204208 -0.0635572 0.0562633 0.0601019 0.0512563 0.0444089 0.0427136 0.065264 0.066717 -0.0624693 -0.0614668 -0.0819249
internal_weight=690.501 439.994 231.153 157.634 73.5198 250.507 141.799 108.708 75.3405 32.4595 109.339 33.3674 208.841 198.606 10.2342
internal_count=4800 3371 1519 860 659 1429 821 608 413 182 639 195 1852 1745 107
is_linear=0
shrinkage=0.08


Tree=18
num_leaves=13
num_cat=0
split_feature=1 0 1 0 4 4 4 0 3 4 4 4
split_gain=174.433 48.7243 48.9754 30.6838 0.785981 0.763738 1.54907 2.22463 1.19018 0.649907 0.564756 0.233853
threshold=1.0000000180025095e-35 3.5000000000000004 1.5000000000000002 1.0000000180025095e-35 42.500000000000007 1.0000000180025095e-35 10.500000000000002 4.5000000000000009 1.0000000180025095e-35 67.500000000000014 65.500000000000014 81.500000000000014
decision_type=2 2 2 2 2 2 2 2 2 2 2 2
left_child=5 2 4 -4 -2 -1 7 -7 -8 10 -3 -11
right_child=1 9 3 -5 -6 6 8 -9 -10 11 -12 -13
leaf_value=0.083740551142214667 -0.055304279862850754 -0.059930461525062144 -0.062064366132334334 0.034827397263875841 -0.073122016986623767 0.057854765617869362 0.055564435433735113 -0.0079551374752456754 0.025457287199311611 -0.088226098402077499 -0.02831232162055421 -0.060029387745796532
leaf_weight=5.2269972562789908 45.898020170629025 186.02827325463295 24.948054045438766 129.48453497886658 24.19856645911932 6.8254355639219266 215.62358835339546 6.3419705629348755 8.7441327571868879 7.0172635614871961 3.6871623247861853 2.5725869536399841
leaf_count=34 407 1715 236 624 252 38 1282 29 46 83 30 24
internal_value=-0.000581342 -0.031553 -0.00599735 0.0191749 -0.0614553 0.0534917 0.052826 0.026158 0.0543911 -0.0603431 -0.059316 -0.080662
internal_weight=666.597 423.834 224.529 154.433 70.0966 242.762 237.535 13.1674 224.368 199.305 189.715 9.58985
internal_count=4800 3371 1519 860 659 1429 1395 67 1328 1852 1745 107
is_linear=0
shrinkage=0.08


Tree=19
num_leaves=14
num_cat=0
split_feature=1 0 1 0 4 4 0 4 4 4 4 4 4
split_gain=153.152 43.834 43.3919 26.827 0.802719 0.770706 1.02964 0.850514 1.18893 0.749323 0.661767 0.567102 0.244513
threshold=1.0000000180025095e-35 3.5000000000000004 1.5000000000000002 1.0000000180025095e-35 63.500000000000007 54.500000000000007 7.5000000000000009 1.0000000180025095e-35 10.500000000000002 75.500000000000014 67.500000000000014 43.500000000000007 81.500000000000014
decision_type=2 2 2 2 2 2 2 2 2 2 2 2 2
left_child=5 2 4 -4 -2 7 9 -1 -9 -7 11 -3 -12
right_child=1 10 3 -5 -6 6 -8 8 -10 -11 12 -13 -14
leaf_value=0.081389507895656923 -0.056752275143457931 -0.060384653776914807 -0.060001482430391197 0.032533166900433612 -0.088599189047051219 0.061002165176469239 0.097340459700932261 0.0244583960104299 0.049555550744565975 0.029102594151204215 -0.087531436917539229 -0.050925748884086339 -0.057925359400900732
leaf_weight=4.9588080197572699 61.356936499476433 120.12529945373535 23.78950160741806 127.60665464401245 5.5211399048566809 32.441733092069626 4.3781811296939841 12.975820451974867 175.09547616541386 5.5137872397899619 6.5270617902278882 61.249405682086945 2.4575411081314087
leaf_count=34 596 1184 236 624 63 201 30 67 1064 33 83 561 24
internal_value=-0.000574961 -0.0301831 -0.00571424 0.0179928 -0.0593814 0.0508301 0.0606055 0.0486863 0.047824 0.0563681 -0.0582402 -0.0571904 -0.0794333
internal_weight=643.997 408.634 218.274 151.396 66.8781 235.364 42.3337 193.03 188.071 37.9555 190.359 181.375 8.9846
internal_count=4800 3371 1519 860 659 1429 264 1165 1131 234 1852 1745 107
is_linear=0
shrinkage=0.08


Tree=20
num_leaves=14
num_cat=0
split_feature=1 0 1 0 4 4 0 4 4 4 4 4 4
split_gain=134.339 39.3952 38.4135 23.4472 0.820911 0.729531 1.01837 0.820376 1.09521 0.762876 0.689748 1.31358 0.37472
threshold=1.0000000180025095e-35 3.5000000000000004 1.5000000000000002 1.0000000180025095e-35 42.500000000000007 54.500000000000007 7.5000000000000009 1.0000000180025095e-35 10.500000000000002 56.500000000000007 56.500000000000007 43.500000000000007 58.500000000000007
decision_type=2 2 2 2 2 2 2 2 2 2 2 2 2
left_child=5 2 4 -4 -2 7 9 -1 -9 -7 11 -3 -12
right_child=1 10 3 -5 -6 6 -8 8 -10 -11 12 -13 -14
leaf_value=0.079144709814066974 -0.050818700963071083 -0.058338633548778232 -0.057956342001358831 0.0303737850006967 -0.069971684411128818 0.082417416482606712 0.095734745459685813 0.022765119097458767 0.047002766302549695 0.049088083247776339 -0.090386772789748035 -0.041302672437207387 -0.063891780102072041
leaf_weight=4.7020903676748267 42.183259010314941 114.62032079696655 22.703853338956833 125.82066965103149 21.684132970869541 5.1056821942329398 4.1065726578235617 12.831865131855009 170.04960224032402 31.585964262485504 3.9666632339358356 38.763088949024677 24.624042563140392
leaf_count=34 407 1184 236 624 252 34 30 67 1064 200 39 369 260
internal_value=-0.000567286 -0.0288432 -0.00543879 0.0168714 -0.0573215 0.0482591 0.0579543 0.0461505 0.0453021 0.0537259 -0.0561597 -0.0540333 -0.0675677
internal_weight=622.748 394.366 212.392 148.525 63.8674 228.382 40.7982 187.584 182.881 36.6916 181.974 153.383 28.5907
internal_count=4800 3371 1519 860 659 1429 264 1165 1131 234 1852 1553 299
is_linear=0
shrinkage=0.08


Tree=21
num_leaves=14
num_cat=0
split_feature=1 0 1 0 4 3 0 4 0 4 4 4 4
split_gain=117.732 35.3614 33.9806 20.4847 0.845589 0.7342 0.786866 2.74651 2.27622 0.69996 0.62637 0.598861 0.273737
threshold=1.0000000180025095e-35 3.5000000000000004 1.5000000000000002 1.0000000180025095e-35 63.500000000000007 1.0000000180025095e-35 6.5000000000000009 11.500000000000002 4.5000000000000009 67.500000000000014 24.500000000000004 65.500000000000014 81.500000000000014
decision_type=2 2 2 2 2 2 2 2 2 2 2 2 2
left_child=5 2 4 -4 -2 6 8 -8 -1 11 -7 -3 -11
right_child=1 9 3 -5 -6 10 7 -9 -10 12 -12 -13 -14
leaf_value=0.050093783870279802 -0.052517835030568415 -0.053670538901873482 -0.055926481309692973 0.028341474953834954 -0.087338223241345686 0.051395069949512609 -0.00066328212509049358 0.062376718169103194 0.02937688684807371 -0.086473149807430247 0.007312486277770992 -0.019355844728481852 -0.053476755510542394
leaf_weight=117.74570456892252 56.196662917733192 162.83389912545681 21.687995225191116 124.12795615196228 4.848563387989997 3.2371416538953763 4.9372685402631751 42.473677203059196 47.690156444907188 5.7480563148856154 5.686931848526001 3.3213496953248969 2.2346540093421936
leaf_count=764 596 1715 236 624 63 20 25 284 305 83 31 30 24
internal_value=-0.000558442 -0.0275328 -0.00517137 0.0158078 -0.0552835 0.0457831 0.0467257 0.0558119 0.0441217 -0.0540963 0.0233031 -0.0529846 -0.0772362
internal_weight=602.77 380.999 206.861 145.816 61.0452 221.771 212.847 47.4109 165.436 174.138 8.92407 166.155 7.98271
internal_count=4800 3371 1519 860 659 1429 1378 309 1069 1852 51 1745 107
is_linear=0
shrinkage=0.08


Tree=22
num_leaves=13
num_cat=0
split_feature=1 0 1 0 4 4 4 0 3 4 4 4
split_gain=103.082 31.7017 30.0293 17.8877 0.854588 0.737421 1.17424 3.39985 1.11937 0.705072 0.574392 0.284263
threshold=1.0000000180025095e-35 3.5000000000000004 1.5000000000000002 1.0000000180025095e-35 63.500000000000007 1.0000000180025095e-35 11.500000000000002 4.5000000000000009 1.0000000180025095e-35 67.500000000000014 43.500000000000007 81.500000000000014
decision_type=2 2 2 2 2 2 2 2 2 2 2 2
left_child=5 2 4 -4 -2 -1 7 -7 -8 10 -3 -11
right_child=1 9 3 -5 -6 6 8 -9 -10 11 -12 -13
leaf_value=0.076028060893931132 -0.050458694592619563 -0.054387165166759559 -0.053910538004833697 0.026429298633706199 -0.086724511740783397 0.058438640373417665 0.045622881836226162 -0.018173353599669009 0.015258564904702149 -0.085936917161938436 -0.044260024109117023 -0.051434720408462205
leaf_weight=4.3440014868974677 53.906573496758938 104.87458848953247 20.738683134317398 122.5284583568573 4.5061702877283087 7.5919831097125989 188.23438697308302 7.2449256479740143 8.1046803891658765 5.3378851637244216 54.455559208989143 2.1414011120796204
leaf_count=34 596 1184 236 624 63 47 1267 35 46 83 561 24
internal_value=-0.000547449 -0.0262516 -0.00491146 0.0147997 -0.0532564 0.0434007 0.0427296 0.0210287 0.0443695 -0.0520528 -0.0509259 -0.0760586
internal_weight=584.009 368.489 201.68 143.267 58.4127 215.52 211.176 14.8369 196.339 166.809 159.33 7.47929
internal_count=4800 3371 1519 860 659 1429 1395 82 1313 1852 1745 107
is_linear=0
shrinkage=0.08


Tree=23
num_leaves=14
num_cat=0
split_feature=1 0 1 0 4 4 4 4 0 4 4 4 4
split_gain=90.1718 28.3824 26.5112 15.6112 0.870024 0.729708 1.328 0.722693 1.07207 0.808634 0.860346 0.780232 0.417721
threshold=1.0000000180025095e-35 3.5000000000000004 1.5000000000000002 1.0000000180025095e-35 42.500000000000007 56.500000000000007 43.500000000000007 54.500000000000007 7.5000000000000009 1.0000000180025095e-35 10.500000000000002 56.500000000000007 58.500000000000007
decision_type=2 2 2 2 2 2 2 2 2 2 2 2 2
left_child=7 2 4 -4 -2 6 -3 9 11 -1 -11 -9 -7
right_child=1 5 3 -5 -6 12 -8 8 -10 10 -12 -13 -14
leaf_value=0.073962147449421936 -0.044222155001805034 -0.052383203747129146 -0.051908150639452248 0.024630966046335162 -0.065414421056158828 -0.088603897993846256 -0.034246357160352424 0.077600147411382311 0.092920333309645178 0.01772439626713973 0.039684961912180183 0.041965623861121994 -0.058490065263208817
leaf_weight=4.1174669042229644 37.412056915462017 100.36405611038208 19.852604359388351 121.02105116844177 18.543277278542519 3.4193551316857365 34.795350797474384 4.5504672825336447 3.5702032819390288 12.318493023514746 156.07739542424679 28.954027816653252 21.387926381081343
leaf_count=34 407 1184 236 624 252 39 369 34 30 67 1064 200 260
internal_value=-0.000535512 -0.0250004 -0.0046593 0.0138447 -0.0512452 -0.0500289 -0.0477141 0.0411127 0.0512461 0.038935 0.0380785 0.0468054 -0.0626409
internal_weight=566.384 356.796 196.829 140.874 55.9553 159.967 135.159 209.588 37.0747 172.513 168.396 33.5045 24.8073
internal_count=4800 3371 1519 860 659 1852 1553 1429 264 1165 1131 234 299
is_linear=0
shrinkage=0.08


Tree=24
num_leaves=16
num_cat=0
split_feature=1 0 1 0 4 4 4 0 0 4 4 4 4 4 4
split_gain=78.7764 25.3716 23.3821 13.616 0.890157 0.731438 0.69363 2.33764 1.85716 2.37813 1.72262 1.35402 1.22766 0.62064 0.31379
threshold=1.0000000180025095e-35 3.5000000000000004 1.5000000000000002 1.0000000180025095e-35 63.500000000000007 67.500000000000014 33.500000000000007 1.0000000180025095e-35 2.5000000000000004 31.500000000000004 50.500000000000007 37.500000000000007 26.500000000000004 65.500000000000014 81.500000000000014
decision_type=2 2 2 2 2 2 2 2 2 2 2 2 2 2 2
left_child=6 2 4 -4 -2 13 8 10 12 -10 -8 -9 -1 -3 -7
right_child=1 5 3 -5 -6 14 7 11 9 -11 -12 -13 -14 -15 -16
leaf_value=0.063584036620705109 -0.046347144694520635 -0.047601001267042115 -0.049919795902492403 0.022940682924796191 -0.085775467052269183 -0.085138506877260323 -0.011869904518057334 0.071006771021089446 0.031086387286472183 -0.022654459069018754 0.048303975340001158 0.043539292657588734 0.027449281286842684 -0.010998381119653828 -0.047033811823374599
leaf_weight=17.67223180830479 49.703651502728462 143.90203423798084 19.026432126760483 119.60372614860535 3.9563252180814734 4.7070936560630789 8.0139024257659894 13.208270236849783 57.2462253049016 5.8042847216129294 4.9104077965021125 88.085186645388603 9.124147564172743 3.0271659046411505 1.9586606025695799
leaf_count=133 596 1715 236 624 63 83 54 99 378 35 34 634 62 30 24
internal_value=-0.000523167 -0.0237797 -0.00441511 0.0129409 -0.0492542 -0.0480228 0.0388961 0.0430328 0.0336373 0.0261391 0.0109923 0.0471209 0.0512802 -0.0468469 -0.0739418
internal_weight=549.95 345.885 192.29 138.63 53.66 153.595 204.065 114.218 89.8469 63.0505 12.9243 101.293 26.7964 146.929 6.66575
internal_count=4800 3371 1519 860 659 1852 1429 821 608 413 88 733 195 1745 107
is_linear=0
shrinkage=0.08


Tree=25
num_leaves=13
num_cat=0
split_feature=1 0 1 0 4 4 4 4 4 0 3 4
split_gain=68.7554 22.6456 20.5977 11.8677 0.893103 0.732374 1.32264 0.698777 1.01598 3.01881 1.08994 0.44017
threshold=1.0000000180025095e-35 3.5000000000000004 1.5000000000000002 1.0000000180025095e-35 63.500000000000007 56.500000000000007 43.500000000000007 1.0000000180025095e-35 11.500000000000002 4.5000000000000009 1.0000000180025095e-35 58.500000000000007
decision_type=2 2 2 2 2 2 2 2 2 2 2 2
left_child=7 2 4 -4 -2 6 -3 -1 9 -9 -10 -7
right_child=1 5 3 -5 -6 11 -8 8 10 -11 -12 -13
leaf_value=0.070823067075261883 -0.044359314092900337 -0.048528457842253306 -0.047946715825106859 0.02135304229549086 -0.085300733225022282 -0.087508308128187912 -0.02978733036395978 0.052702184775295563 0.039030359997133716 -0.021150222364707996 0.0082340183688344865 -0.054873801724358823
leaf_weight=3.7827316969633094 47.854157380759716 92.452452182769775 18.256866037845612 118.27384257316589 3.6716467179357997 3.0591322258114841 32.598710663616657 7.0280183106660825 173.24765087664127 7.1421162039041519 7.6811331063508979 19.545081719756126
leaf_count=34 596 1184 236 624 63 39 369 47 1267 35 46 260
internal_value=-0.000507365 -0.0225897 -0.00417865 0.0120863 -0.0472767 -0.0460384 -0.043643 0.0367676 0.0361073 0.0154787 0.0377229 -0.0592904
internal_weight=534.594 335.712 188.057 136.531 51.5258 147.655 125.051 198.882 195.099 14.1701 180.929 22.6042
internal_count=4800 3371 1519 860 659 1852 1553 1429 1395 82 1313 299
is_linear=0
shrinkage=0.08


Tree=26
num_leaves=14
num_cat=0
split_feature=1 0 1 0 4 4 4 0 4 4 0 4 4
split_gain=59.9399 20.1799 18.1237 10.3365 0.893821 0.748789 0.671402 1.1389 0.820939 0.75548 0.787808 0.618031 0.342875
threshold=1.0000000180025095e-35 3.5000000000000004 1.5000000000000002 1.0000000180025095e-35 63.500000000000007 67.500000000000014 54.500000000000007 7.5000000000000009 75.500000000000014 1.0000000180025095e-35 4.5000000000000009 65.500000000000014 81.500000000000014
decision_type=2 2 2 2 2 2 2 2 2 2 2 2 2
left_child=6 2 4 -4 -2 11 9 8 -8 -1 -11 -3 -7
right_child=1 5 3 -5 -6 12 7 -9 -10 10 -12 -13 -14
leaf_value=0.068857571586286762 -0.04239922826632854 -0.04365414580775339 -0.045990776385971648 0.019862961134759639 -0.084867320659339815 -0.084467148385822352 0.045752429866452483 0.090873913480272017 0.0090850417236076047 0.036822971390477487 0.025405396292926177 -0.0061696500348086608 -0.042670936551833599
leaf_weight=3.5875251144170752 46.133457370102406 133.29850537329912 17.540667235851288 117.02830410003662 3.405961710959672 4.1574081629514685 26.138428144156936 3.1370103433728209 4.5947107672691336 86.665816836059093 69.848944872617722 2.8757864981889716 1.8000249266624448
leaf_count=34 596 1715 236 624 63 83 201 30 33 634 497 30 24
internal_value=-0.000492939 -0.0214321 -0.00395016 0.0112791 -0.045319 -0.0440771 0.0347244 0.0449573 0.0402705 0.0325596 0.0317276 -0.0428625 -0.0718385
internal_weight=520.213 326.24 184.108 134.569 49.5394 142.132 193.972 33.8701 30.7331 160.102 156.515 136.174 5.95743
internal_count=4800 3371 1519 860 659 1852 1429 264 234 1165 1131 1745 107
is_linear=0
shrinkage=0.08


Tree=27
num_leaves=16
num_cat=0
split_feature=1 0 1 0 4 4 4 0 0 4 4 2 4 0 4
split_gain=52.1761 17.9522 15.9275 8.99589 0.909127 0.739444 0.633945 2.39907 1.67895 2.16995 1.38317 1.34656 1.20651 0.62258 0.35157
threshold=1.0000000180025095e-35 3.5000000000000004 1.5000000000000002 1.0000000180025095e-35 42.500000000000007 67.500000000000014 33.500000000000007 1.5000000000000002 2.5000000000000004 31.500000000000004 37.500000000000007 1.5000000000000002 26.500000000000004 7.5000000000000009 81.500000000000014
decision_type=2 2 2 2 2 2 2 2 2 2 2 2 2 2 2
left_child=6 2 4 -4 -2 13 8 11 12 -10 -9 -8 -1 -3 -7
right_child=1 5 3 -5 -6 14 7 10 9 -11 -12 -13 -14 -15 -16
leaf_value=0.058169600186313217 -0.035796011618862804 -0.043596956619068539 -0.044054397652610641 0.018465592076927249 -0.059462614765139934 -0.084105314517514407 0.023962917558176984 0.070443876166556091 0.02525290753470575 -0.02684185844988142 0.039482244214147033 -0.024156529774251506 0.020904783290319494 -0.029562233947406293 -0.040752166752555941
leaf_weight=15.961010187864305 32.402227245271206 106.42580197751522 16.874675989151001 115.86366105079651 15.28988380730152 3.8536104671657077 20.245879128575329 10.637151569128035 53.846566833555698 5.654713809490203 70.023341871798038 4.5602405518293372 8.5333082079887372 24.975932411849499 1.7366614937782285
leaf_count=133 407 1414 236 624 252 83 152 89 378 35 550 30 62 331 24
internal_value=-0.000477827 -0.0203074 -0.00372974 0.0105176 -0.0433834 -0.0421416 0.0327444 0.0368741 0.027559 0.0203021 0.0435653 0.0151169 0.0451873 -0.0409293 -0.0706373
internal_weight=506.885 317.422 180.43 132.738 47.6921 136.992 189.462 105.467 83.9956 59.5013 80.6605 24.8061 24.4943 131.402 5.59027
internal_count=4800 3371 1519 860 659 1852 1429 821 608 413 639 182 195 1745 107
is_linear=0
shrinkage=0.08


Tree=28
num_leaves=13
num_cat=0
split_feature=1 0 0 1 0 0 2 4 4 4 0 0
split_gain=45.382 15.9617 22.2842 14.9283 5.13201 9.07973 2.06542 0.728224 0.646873 0.947437 2.60763 1.16457
threshold=1.0000000180025095e-35 1.5000000000000002 1.0000000180025095e-35 1.5000000000000002 3.5000000000000004 2.5000000000000004 1.0000000180025095e-35 56.500000000000007 1.0000000180025095e-35 11.500000000000002 4.5000000000000009 6.5000000000000009
decision_type=2 2 2 2 2 2 2 2 2 2 2 2
left_child=8 2 6 -4 5 -3 -2 -6 -1 10 -10 -11
right_child=1 4 3 -5 7 -7 -8 -9 9 11 -12 -13
leaf_value=0.06591247982860049 -0.0038945923415241251 -0.039498853026699941 -0.038245584430790992 0.064718501477325163 -0.037739018720046723 0.0096053171708041455 -0.057554967878296615 -0.054364408885035735 0.046558013824951977 0.028399278660213533 -0.023790441188788303 0.044660253198776492
leaf_weight=3.3089575991034499 5.7962624467909363 50.304322894662619 11.549417141824959 41.017801076173782 112.38250256329775 46.264497768133879 22.072339501231909 19.838187471032143 6.4611034244298917 132.58067407459021 7.0538168251514435 35.797941088676453
leaf_count=34 82 387 165 223 1553 343 319 299 47 1022 35 291
internal_value=-0.000459683 -0.0192168 0.0114371 0.0420965 -0.0299938 -0.0159739 -0.0463944 -0.0402335 0.0308584 0.0302207 0.00984118 0.0318564
internal_weight=494.428 309.225 80.4358 52.5672 228.79 96.5688 27.8686 132.221 185.202 181.894 13.5149 168.379
internal_count=4800 3371 789 388 2582 730 401 1852 1429 1395 82 1313
is_linear=0
shrinkage=0.08


Tree=29
num_leaves=14
num_cat=0
split_feature=1 0 1 0 4 4 3 0 0 4 4 4 4
split_gain=39.3627 14.1794 12.8099 8.29228 0.941035 0.734745 0.656981 0.937827 2.17204 1.99447 0.644273 0.59691 0.38086
threshold=1.0000000180025095e-35 3.5000000000000004 1.5000000000000002 1.5000000000000002 63.500000000000007 67.500000000000014 1.0000000180025095e-35 6.5000000000000009 4.5000000000000009 11.500000000000002 7.5000000000000009 24.500000000000004 81.500000000000014
decision_type=2 2 2 2 2 2 2 2 2 2 2 2 2
left_child=6 2 4 -4 -2 10 7 8 -1 -9 -3 -8 -7
right_child=1 5 3 -5 -6 12 11 9 -10 -11 -12 -13 -14
leaf_value=0.033492696571654004 -0.037080423315286548 -0.014954014597329019 0.032943791456589377 -0.0079732672177801837 -0.084091651585277954 -0.083574461363251307 0.036630994308549776 -0.007747950532166664 0.011250515328268335 0.047922044535729798 -0.038643596519704247 -0.009995976053212818 -0.036256221554620612
leaf_weight=95.265831157565117 41.920015167444944 7.849134534597396 55.262282013893127 74.342623129487038 2.9145674519240847 3.3980590924620619 2.6964006796479216 4.6931923776864997 39.85440756380558 33.650324158370495 114.94757187366486 5.044613391160965 1.6018338203430174
leaf_count=764 596 116 459 401 63 83 20 25 305 284 1629 31 24
internal_value=-0.000433291 -0.0181088 -0.0032774 0.00947337 -0.0401365 -0.0383534 0.0290482 0.0300658 0.0269323 0.0411081 -0.0371294 0.00624544 -0.0684149
internal_weight=483.441 302.236 174.439 129.605 44.8346 127.797 181.205 173.464 135.12 38.3435 122.797 7.74101 4.99989
internal_count=4800 3371 1519 860 659 1852 1429 1378 1069 309 1745 51 107
is_linear=0
shrinkage=0.08


Tree=30
num_leaves=14
num_cat=0
split_feature=1 0 1 0 4 4 4 4 0 4 4 3 4
split_gain=34.0786 12.6145 11.2039 7.23051 0.931105 0.716799 0.669662 0.654874 1.16484 0.867598 0.723922 0.784966 0.38739
threshold=1.0000000180025095e-35 3.5000000000000004 1.5000000000000002 1.0000000180025095e-35 63.500000000000007 67.500000000000014 43.500000000000007 54.500000000000007 7.5000000000000009 56.500000000000007 1.0000000180025095e-35 1.0000000180025095e-35 81.500000000000014
decision_type=2 2 2 2 2 2 2 2 2 2 2 2 2
left_child=7 2 4 -4 -2 6 -3 10 9 -9 -1 -12 -7
right_child=1 5 3 -5 -6 12 -8 8 -10 -11 11 -13 -14
leaf_value=0.063404599100068654 -0.035251613956670334 -0.039683862333124029 -0.041522613844437145 0.015820576483996995 -0.083761668887722338 -0.083287865250625301 -0.027082235569036547 0.069442208832104002 0.088754421786979509 0.027696152325711636 0.02552449908197249 -0.0035825035158707618 -0.034456411135171922
leaf_weight=3.0901802182197562 40.622033335268497 77.608944341540337 16.063130334019661 113.5857191234827 2.7006531432270995 3.147158868610858 41.378106832504272 3.6661850214004579 2.6396158039569846 24.334299087524414 137.57244286686182 6.1968445107340804 1.5527393817901609
leaf_count=34 596 1184 236 624 63 83 561 34 30 200 1091 40 24
internal_value=-0.000413829 -0.0170036 -0.00305365 0.00871592 -0.0382756 -0.036512 -0.0353016 0.0273129 0.0379513 0.0331621 0.0250934 0.0242699 -0.0671551
internal_weight=474.158 296.658 172.972 129.649 43.3227 123.687 118.987 177.5 30.6401 28.0005 146.859 143.769 4.6999
internal_count=4800 3371 1519 860 659 1852 1745 1429 264 234 1165 1131 107
is_linear=0
shrinkage=0.08


Tree=31
num_leaves=13
num_cat=0
split_feature=1 0 0 1 0 0 2 4 4 4 0 0
split_gain=29.5298 11.728 18.1366 10.865 3.56105 7.72858 1.99809 0.7074 0.599931 0.791331 2.16185 0.92847
threshold=1.0000000180025095e-35 1.5000000000000002 1.0000000180025095e-35 1.5000000000000002 3.5000000000000004 2.5000000000000004 1.0000000180025095e-35 56.500000000000007 1.0000000180025095e-35 11.500000000000002 4.5000000000000009 6.5000000000000009
decision_type=2 2 2 2 2 2 2 2 2 2 2 2
left_child=8 2 6 -4 5 -3 -2 -6 -1 10 -10 -11
right_child=1 4 3 -5 7 -7 -8 -9 9 11 -12 -13
leaf_value=0.061492764021871489 -0.00052507202076506319 -0.035766848989658366 -0.032504209551594394 0.05940256125605952 -0.032161102048121955 0.0099024548072031617 -0.054531264456909583 -0.049521354966302278 0.041323575494049129 0.023460190910391896 -0.023964087791191382 0.038585323350691855
leaf_weight=2.937682405114173 5.5879420377314117 49.707041997462511 10.463556878268717 38.603654786944389 102.25928850471973 45.354041315615177 20.35577754676342 17.608996260911226 6.0179885998368245 125.31981031596661 7.0468605607748032 32.765934944152832
leaf_count=34 82 387 165 223 1553 343 319 299 47 1022 35 291
internal_value=-0.000398002 -0.0160359 0.0111995 0.0398035 -0.0255411 -0.0139778 -0.042899 -0.0347114 0.0256466 0.0250313 0.006109 0.0265951
internal_weight=464.029 289.94 75.0109 49.0672 214.929 95.0611 25.9437 119.868 174.088 171.151 13.0648 158.086
internal_count=4800 3371 789 388 2582 730 401 1852 1429 1395 82 1313
is_linear=0
shrinkage=0.08


Tree=32
num_leaves=15
num_cat=0
split_feature=1 0 0 1 0 0 2 4 4 0 4 4 0 2
split_gain=25.5313 10.0742 15.9392 9.5399 3.31498 6.48926 1.84778 0.701992 0.604263 1.14435 0.834481 0.711663 1.70316 1.22382
threshold=1.0000000180025095e-35 1.5000000000000002 1.0000000180025095e-35 1.5000000000000002 3.5000000000000004 2.5000000000000004 1.0000000180025095e-35 7.5000000000000009 54.500000000000007 7.5000000000000009 56.500000000000007 51.500000000000007 2.5000000000000004 1.5000000000000002
decision_type=2 2 2 2 2 2 2 2 2 2 2 2 2 2
left_child=8 2 6 -4 5 -3 -2 -6 11 10 -10 13 -13 -1
right_child=1 4 3 -5 7 -7 -8 -9 9 -11 -12 12 -14 -15
leaf_value=0.020272184463216596 -0.00048329231342372412 -0.032673131468541249 -0.030790948401781926 0.05659587957739394 -0.008902472464931914 0.0091318006553294789 -0.052696822051565055 -0.03455267337353507 0.066796430726440217 0.087710910686078683 0.024442669189019346 -0.052269053719247921 0.024057847772288331 0.042496250740202558
leaf_weight=114.64547476917505 5.5854442492127445 50.045741729438305 10.174365419894455 37.330077603459358 7.2847178280353537 45.251507211476564 19.418293461203575 109.05530483275652 3.4108260422945085 2.3797286674380294 23.420042604207993 2.7539053186774236 5.8361294195055962 18.403685837984085
leaf_count=944 82 387 165 223 116 343 319 1736 34 30 200 23 50 148
internal_value=-0.000373167 -0.0150678 0.0106673 0.0378796 -0.0238849 -0.0128222 -0.0410331 -0.0329466 0.024066 0.0345425 0.0298268 0.0219054 -0.000412025 0.0233463
internal_weight=454.995 284.145 72.5082 47.5044 211.637 95.2972 25.0037 116.34 170.85 29.2106 26.8309 141.639 8.59003 133.049
internal_count=4800 3371 789 388 2582 730 401 1852 1429 264 234 1165 73 1092
is_linear=0
shrinkage=0.08


Tree=33
num_leaves=15
num_cat=0
split_feature=1 0 1 0 4 4 4 4 4 0 2 2 2 4
split_gain=22.0459 8.67449 8.22202 5.70418 0.964493 0.71818 0.751115 0.594026 2.23206 1.59911 2.68428 1.7753 1.39891 0.429007
threshold=1.0000000180025095e-35 3.5000000000000004 1.5000000000000002 1.5000000000000002 63.500000000000007 67.500000000000014 65.500000000000014 39.500000000000007 38.500000000000007 1.5000000000000002 1.0000000180025095e-35 1.5000000000000002 1.0000000180025095e-35 81.500000000000014
decision_type=2 2 2 2 2 2 2 2 2 2 2 2 2 2
left_child=7 2 4 -4 -2 6 -3 8 12 11 -11 -9 -1 -7
right_child=1 5 3 -5 -6 13 -8 9 -10 10 -12 -13 -14 -15
leaf_value=0.038396166681234446 -0.030877007184863206 -0.030975445165273462 0.028375468059674648 -0.0064013636976394048 -0.083303772820672875 -0.082781189547913053 0.014777905915030436 0.019201926050198766 -0.052545617089967502 0.0033120264878145683 0.04410755638186261 -0.045348133788298814 0.014962728733283734 -0.02820275756434883
leaf_weight=21.303027711808681 37.764252196997404 106.63063509762287 50.518023043870926 74.996540978550911 2.3878116980195037 2.6948494464159003 2.3469063267111769 14.121327787637712 2.7616562023758879 13.549881398677824 43.337136685848236 3.3793922141194335 69.481464274227619 1.400872081518173
leaf_count=175 596 1715 459 401 63 83 30 119 24 123 388 24 576 24
internal_value=-0.000348474 -0.0141437 -0.00248432 0.00759587 -0.0339948 -0.0312261 -0.0299901 0.0225491 0.0183062 0.0278847 0.0343905 0.0067373 0.0204615 -0.0641136
internal_weight=446.674 278.74 165.667 125.515 40.1521 113.073 108.978 167.934 93.5461 74.3877 56.887 17.5007 90.7845 4.09572
internal_count=4800 3371 1519 860 659 1852 1745 1429 775 654 511 143 751 107
is_linear=0
shrinkage=0.08


Tree=34
num_leaves=16
num_cat=0
split_feature=1 0 1 0 4 4 4 4 0 2 4 2 4 0 4
split_gain=19.01 7.6486 7.16058 5.05733 0.957284 0.695761 1.56607 0.623364 0.614363 5.72685 2.17594 1.88023 1.33223 1.09066 0.680338
threshold=1.0000000180025095e-35 3.5000000000000004 1.5000000000000002 1.0000000180025095e-35 42.500000000000007 56.500000000000007 43.500000000000007 58.500000000000007 4.5000000000000009 1.5000000000000002 16.500000000000004 1.5000000000000002 27.500000000000004 5.5000000000000009 59.500000000000007
decision_type=2 2 2 2 2 2 2 2 2 2 2 2 2 2 2
left_child=8 2 4 -4 -2 6 -3 -7 11 10 -10 14 -13 -11 -1
right_child=1 5 3 -5 -6 7 -8 -9 9 13 -12 12 -14 -15 -16
leaf_value=0.027428840644291536 -0.023896896738421738 -0.033165536152699217 -0.036995766294218878 0.012854330007884678 -0.051051409579676667 -0.084999804955343469 -0.0098299357115335245 -0.038758979431737346 -0.026930476441791255 0.020100616725236501 0.01316268286277446 0.042332552522622226 -0.016625623878944201 0.083756445323789661 0.050235281599910316
leaf_weight=68.871669352054596 26.974212918430567 69.044638454914093 14.760754339396952 110.74493822455406 12.007347196340559 2.1590276956558219 25.095691926777363 13.73903921432793 10.36880552023649 2.1754285618662825 52.671244062483311 3.2404364645481101 10.092114098370073 8.2762876674532873 9.5295324176549894
leaf_count=603 407 1184 236 624 252 39 369 260 67 18 473 30 81 73 84
internal_value=-0.0003288 -0.0132328 -0.00231097 0.00699145 -0.0322612 -0.029559 -0.0269448 -0.0450387 0.0211115 0.0156613 0.00656817 0.0254778 -0.00229602 0.0705071 0.0302009
internal_weight=439.751 274.526 164.487 125.506 38.9816 110.038 94.1403 15.8981 165.226 73.4918 63.04 91.7338 13.3326 10.4517 78.4012
internal_count=4800 3371 1519 860 659 1852 1553 299 1429 631 540 798 111 91 687
is_linear=0
shrinkage=0.08


Tree=35
num_leaves=13
num_cat=0
split_feature=1 0 0 1 0 0 2 4 4 4 0 0
split_gain=16.4163 7.37986 12.9616 6.90941 2.19048 5.53792 1.75428 0.69449 0.619493 0.719089 2.16846 2.09216
threshold=1.0000000180025095e-35 1.5000000000000002 1.0000000180025095e-35 1.5000000000000002 3.5000000000000004 2.5000000000000004 1.0000000180025095e-35 67.500000000000014 1.0000000180025095e-35 33.500000000000007 1.5000000000000002 2.5000000000000004
decision_type=2 2 2 2 2 2 2 2 2 2 2 2
left_child=8 2 6 -4 5 -3 -2 -6 -1 11 -11 -10
right_child=1 4 3 -5 7 -7 -8 -9 9 10 -12 -13
leaf_value=0.05793756403184272 0.0020863372140828723 -0.029594509239247599 -0.025447545822971877 0.051904923878673376 -0.026721585137570551 0.0092761450865718725 -0.049758809754511503 -0.061877612171994695 0.035099797379669478 0.0019876791782355847 0.030957050355989838 0.004439944982101077
leaf_weight=2.6753118261694899 5.4348860085010555 49.620437156409025 9.3521668389439565 35.233473271131516 103.50621545314789 44.489540759474039 18.046876557171345 3.7256635949015608 19.825958214700222 21.885790280997753 67.663174353539944 50.593161769211292
leaf_count=34 82 387 165 223 1745 343 319 107 182 182 639 392
internal_value=-0.00031099 -0.0124273 0.0103449 0.0356797 -0.0201259 -0.0112188 -0.0377592 -0.027943 0.019759 0.0191205 0.0238769 0.013072
internal_weight=432.053 269.409 68.0674 44.5856 201.342 94.11 23.4818 107.232 162.643 159.968 89.549 70.4191
internal_count=4800 3371 789 388 2582 730 401 1852 1429 1395 821 574
is_linear=0
shrinkage=0.08


Tree=36
num_leaves=14
num_cat=0
split_feature=1 0 0 1 0 0 2 4 3 0 0 4 4
split_gain=14.1381 6.32328 11.3548 6.06042 2.00376 4.65589 1.60634 0.696785 0.618094 0.860177 2.04155 1.79015 0.351858
threshold=1.0000000180025095e-35 1.5000000000000002 1.0000000180025095e-35 1.5000000000000002 3.5000000000000004 2.5000000000000004 1.0000000180025095e-35 7.5000000000000009 1.0000000180025095e-35 6.5000000000000009 4.5000000000000009 33.500000000000007 40.500000000000007
decision_type=2 2 2 2 2 2 2 2 2 2 2 2 2
left_child=8 2 6 -4 5 -3 -2 -6 9 10 -1 -11 -10
right_child=1 4 3 -5 7 -7 -8 -9 12 11 -12 -13 -14
leaf_value=0.023213680067025448 0.0019158596428994448 -0.027057893603313007 -0.023963028153472732 0.049368200779896253 -0.0013718274558394048 0.0085539962727043516 -0.047917664510617963 -0.028079249736274223 -0.019695345074732737 0.012829106565508014 0.00043706613865364906 0.049964358419971829 0.016492277546704355
leaf_weight=83.936827629804611 5.4445937722921398 49.917470153421164 9.1458058059215528 34.126967817544937 6.678154230117797 44.390160456299782 17.273397589102387 97.958141639828682 4.1343306452035895 17.053044520318508 35.983347520232201 16.200726069509983 2.9441794902086258
leaf_count=764 82 387 165 223 116 343 319 1736 31 134 305 175 20
internal_value=-0.000288747 -0.0116344 0.00982495 0.0338695 -0.0187525 -0.0102955 -0.0359746 -0.0263747 0.0184682 0.0195362 0.0163793 0.0309208 -0.00464375
internal_weight=425.187 264.935 65.9908 43.2728 198.944 94.3076 22.718 104.636 160.252 153.174 119.92 33.2538 7.07851
internal_count=4800 3371 789 388 2582 730 401 1852 1429 1378 1069 309 51
is_linear=0
shrinkage=0.08


Tree=37
num_leaves=13
num_cat=0
split_feature=1 0 0 1 0 0 2 4 4 3 4 4
split_gain=12.1639 5.41415 9.93567 5.31159 1.82183 3.91678 1.48528 0.674124 0.591944 0.63971 0.805101 0.402428
threshold=1.0000000180025095e-35 1.5000000000000002 1.0000000180025095e-35 1.5000000000000002 3.5000000000000004 2.5000000000000004 1.5000000000000002 67.500000000000014 1.0000000180025095e-35 1.0000000180025095e-35 10.500000000000002 40.500000000000007
decision_type=2 2 2 2 2 2 2 2 2 2 2 2
left_child=8 2 6 -4 5 -3 -2 -6 -1 10 -10 -11
right_child=1 4 3 -5 7 -7 -8 -9 9 11 -12 -13
leaf_value=0.055662728362383673 -0.042734308530174021 -0.024752829964634047 -0.022536094256753795 0.046916641918982184 -0.023649460991264588 0.0078866187060341701 0.016533739544559285 -0.059732320252556759 -0.0038766012800629406 -0.023823463520513434 0.019329138013969054 0.015340031135716629
leaf_weight=2.5257786959409705 18.849390121176842 50.188787236809731 8.9550440795719606 33.081465244293213 98.812312949448824 44.298749387264252 3.1597610116004935 3.4287176728248587 10.279232889413832 3.9638719931244841 138.36861933022738 2.9134246334433556
leaf_count=34 340 387 165 223 1745 343 61 107 65 28 1282 20
internal_value=-0.000267595 -0.0108815 0.00932126 0.0321211 -0.0174586 -0.00945042 -0.0342254 -0.0248595 0.0172447 0.0166208 0.0177244 -0.00723266
internal_weight=418.825 260.774 64.0457 42.0365 196.729 94.4875 22.0092 102.241 158.051 155.525 148.648 6.8773
internal_count=4800 3371 789 388 2582 730 401 1852 1429 1395 1347 48
is_linear=0
shrinkage=0.08


Tree=38
num_leaves=13
num_cat=0
split_feature=1 0 0 1 0 0 2 4 4 0 2 2
split_gain=10.4534 4.63299 8.68214 4.65119 1.6477 3.29689 1.55777 0.671378 0.542989 0.639688 5.44134 1.79913
threshold=1.0000000180025095e-35 1.5000000000000002 1.0000000180025095e-35 1.5000000000000002 3.5000000000000004 2.5000000000000004 1.0000000180025095e-35 1.5000000000000002 1.0000000180025095e-35 4.5000000000000009 1.5000000000000002 1.5000000000000002
decision_type=2 2 2 2 2 2 2 2 2 2 2 2
left_child=8 2 6 -4 5 -3 -2 -6 -1 11 -11 -10
right_child=1 4 3 -5 7 -7 -8 -9 9 10 -12 -13
leaf_value=0.053757835142621259 0.0053075280542551799 -0.022655995155312372 -0.021167697441082777 0.044546216186378731 -0.059728553538626945 0.0072700851207385285 -0.044847619980388762 -0.022219487759032458 0.025025452655775653 0.0008355527526456094 0.066562237303980962 -0.0076311825087156697
leaf_weight=2.4108459614217272 5.2572206407785442 50.436285668984056 8.7787604499608261 32.09605173766613 3.1534622237086287 44.214680790901184 16.102122562006116 96.867879442870617 72.174536347389221 59.390646390616894 9.3272553905844671 12.696177259087561
leaf_count=34 82 387 165 223 56 343 319 1796 669 529 88 109
internal_value=-0.00024914 -0.0101681 0.00883265 0.0304327 -0.0162424 -0.00867651 -0.0325028 -0.0234021 0.0160858 0.0154945 0.0097568 0.0201402
internal_weight=412.906 256.906 62.2342 40.8748 194.672 94.651 21.3593 100.021 155.999 153.589 68.7179 84.8707
internal_count=4800 3371 789 388 2582 730 401 1852 1429 1395 617 778
is_linear=0
shrinkage=0.08


Tree=39
num_leaves=13
num_cat=0
split_feature=1 0 0 1 0 0 2 4 4 3 0 4
split_gain=8.97993 3.96167 7.57889 4.06897 1.48253 2.77654 1.41822 0.707214 0.49646 0.574014 0.793644 0.346267
threshold=1.0000000180025095e-35 1.5000000000000002 1.0000000180025095e-35 1.5000000000000002 3.5000000000000004 2.5000000000000004 1.5000000000000002 7.5000000000000009 1.0000000180025095e-35 1.0000000180025095e-35 6.5000000000000009 40.500000000000007
decision_type=2 2 2 2 2 2 2 2 2 2 2 2
left_child=8 2 6 -4 5 -3 -2 -6 -1 10 -10 -11
right_child=1 4 3 -5 7 -7 -8 -9 9 11 -12 -13
leaf_value=0.051855090762677143 -0.039568333598493793 -0.020746679287230986 -0.019858419219225369 0.042254103893080569 0.0039153361188901323 0.006700704618573825 0.019249418813996194 -0.023783255060766246 0.012393819829343797 -0.023511272311650996 0.026765588095658266 0.013028106593066045
leaf_weight=2.3038283064961425 17.669610055163506 50.66184794716537 8.6159074530005437 31.169308394193649 6.3052835687994948 44.137372884899378 3.0811591222882262 91.669819904491305 113.61923025548458 3.9712796807289115 31.384244188666344 2.8517991900444031
leaf_count=34 340 387 165 223 116 343 61 1736 1043 28 304 20
internal_value=-0.000228999 -0.00949328 0.00836009 0.028803 -0.0150997 -0.00796751 -0.0308348 -0.0220007 0.0149967 0.0144374 0.0155044 -0.00823914
internal_weight=407.441 253.31 60.536 39.7852 192.774 94.7992 20.7508 97.9751 154.13 151.827 145.003 6.82308
internal_count=4800 3371 789 388 2582 730 401 1852 1429 1395 1347 48
is_linear=0
shrinkage=0.08


Tree=40
num_leaves=16
num_cat=0
split_feature=1 0 1 2 4 4 4 4 4 4 4 0 0 4 0
split_gain=7.70235 3.39705 4.11567 2.94521 1.04676 0.681269 3.34473 0.490767 1.20376 0.959892 0.823207 0.630769 1.40723 0.915193 0.248292
threshold=1.0000000180025095e-35 3.5000000000000004 1.5000000000000002 1.0000000180025095e-35 63.500000000000007 1.5000000000000002 7.5000000000000009 57.500000000000007 62.500000000000007 64.500000000000014 60.500000000000007 7.5000000000000009 6.5000000000000009 29.500000000000004 5.5000000000000009
decision_type=2 2 2 2 2 2 2 2 2 2 2 2 2 2 2
left_child=7 2 4 -4 -2 14 -7 11 10 -10 -9 12 -1 -13 -3
right_child=1 5 3 -5 -6 6 -8 8 9 -11 -12 13 -14 -15 -16
leaf_value=0.010791519918064159 -0.022255394152841959 -0.084804863360860003 0.028279946956959259 -0.0013829681403659821 -0.082699100524940269 0.059337870379220413 -0.022367200603524841 0.031690857378763801 -0.031397857346072686 0.022164580231697532 0.09012756978728502 0.019368921443904241 0.03748486401988832 -0.022005251522276243 -0.038294574479675603
leaf_weight=103.24835579842329 33.032581575214863 1.2827467918395989 28.028679773211479 90.889681488275528 1.941454805433749 3.3253853023052207 89.757117979228497 4.0963722765445736 2.6232035644352427 11.65659638494253 2.47498894110322 6.0698919147253019 14.403038218617437 7.8425118550658226 1.7190222628414629
leaf_count=951 596 24 191 669 63 60 1736 42 27 116 26 48 137 82 32
internal_value=-0.000212947 -0.00885548 -0.00148648 0.00560849 -0.0256107 -0.020658 -0.0194483 0.0139617 0.0253647 0.0123251 0.0537 0.0121545 0.0140594 -0.00395397 -0.0581698
internal_weight=402.392 249.977 153.892 118.918 34.974 96.0843 93.0825 152.415 20.8512 14.2798 6.57136 131.564 117.651 13.9124 3.00177
internal_count=4800 3371 1519 860 659 1852 1796 1429 211 143 68 1218 1088 130 56
is_linear=0
shrinkage=0.08


Tree=41
num_leaves=16
num_cat=0
split_feature=1 0 0 1 4 4 4 2 0 2 4 2 4 0 4
split_gain=6.60543 3.24703 6.55565 3.27234 1.58418 7.46193 2.29481 1.44196 0.512429 4.98811 1.78645 1.5264 1.24659 1.13734 0.634636
threshold=1.0000000180025095e-35 1.5000000000000002 1.0000000180025095e-35 1.5000000000000002 24.500000000000004 21.500000000000004 25.500000000000004 1.0000000180025095e-35 4.5000000000000009 1.5000000000000002 16.500000000000004 1.5000000000000002 27.500000000000004 5.5000000000000009 59.500000000000007
decision_type=2 2 2 2 2 2 2 2 2 2 2 2 2 2 2
left_child=8 2 7 -4 5 -3 -6 -2 11 10 -10 14 -13 -11 -1
right_child=1 4 3 -5 6 -7 -8 -9 9 13 -12 12 -14 -15 -16
leaf_value=0.018997332630876915 0.0077457072864141911 -0.0086689964126524851 -0.01701190859266551 0.039762685287043395 0.05675184950712181 -0.085478679243909145 -0.010769437670484451 -0.041416088056376615 -0.031274859781135568 0.0099737747604183823 0.0057373648811328386 0.036878903055278765 -0.022358966377138838 0.079153210282979128 0.042468937212813564
leaf_weight=62.220079153776169 5.1289519648999002 35.230160236358643 8.2788473069667798 30.192123025655746 3.297486573457717 10.509361945092676 139.61851091124117 14.943310638889669 10.070559829473494 1.9523666799068431 48.738271381705999 2.973422944545745 9.659353666007517 6.8830305933952332 8.3635972589254362
leaf_count=603 82 508 165 223 46 140 1888 319 67 18 473 30 81 73 84
internal_value=-0.000200582 -0.00825124 0.00820786 0.0275449 -0.0133588 -0.0263172 -0.00921153 -0.0288541 0.0129911 0.00781974 -0.000600694 0.0171948 -0.00841593 0.0638666 0.0217785
internal_weight=398.059 247.199 58.5432 38.471 188.656 45.7395 142.916 20.0723 150.861 67.6442 58.8088 83.2165 12.6328 8.8354 70.5837
internal_count=4800 3371 789 388 2582 648 1934 401 1429 631 540 798 111 91 687
is_linear=0
shrinkage=0.08


Tree=42
num_leaves=13
num_cat=0
split_feature=1 0 1 2 4 4 4 4 4 0 2 4
split_gain=5.65982 2.79669 3.3249 2.5368 1.04089 0.685947 0.823888 0.565707 0.476782 0.583405 4.48546 1.54515
threshold=1.0000000180025095e-35 3.5000000000000004 1.5000000000000002 1.0000000180025095e-35 28.500000000000004 67.500000000000014 29.500000000000004 81.500000000000014 1.0000000180025095e-35 4.5000000000000009 1.5000000000000002 14.500000000000002
decision_type=2 2 2 2 2 2 2 2 2 2 2 2
left_child=8 2 4 -4 -2 6 -3 -7 -1 11 -11 -10
right_child=1 5 3 -5 -6 7 -8 -9 9 10 -12 -13
leaf_value=0.049321271209075722 -0.041246124748629598 -0.027542250751697975 0.02652341270451199 -0.0011367342816690051 -0.01221263031066966 -0.081959140871326747 -0.011601187432877365 -0.0096148232529203095 0.050048245453802639 -0.0018781174276923383 0.061292509494689312 0.012502678187253743
leaf_weight=2.170051794499158 12.669158440083264 32.33502583578229 27.738837778568268 90.305293153971434 21.006627259775996 1.9365992695093148 57.913828827440739 1.0762011408805845 7.7579203248023978 57.899612061679363 8.2143700905144197 73.265091344714165
leaf_count=34 218 651 191 669 441 83 1094 24 73 529 88 705
internal_value=-0.000181328 -0.00766401 -0.00096246 0.00536304 -0.0231353 -0.0185662 -0.0173127 -0.0561171 0.0120962 0.0115472 0.00597055 0.0160977
internal_weight=394.289 244.982 151.72 118.044 33.6758 93.2617 90.2489 3.0128 149.307 147.137 66.114 81.023
internal_count=4800 3371 1519 860 659 1852 1745 107 1429 1395 617 778
is_linear=0
shrinkage=0.08


Tree=43
num_leaves=14
num_cat=0
split_feature=1 0 0 1 4 4 4 4 3 0 4 0 4
split_gain=4.84863 2.64792 5.66141 2.63508 1.38927 1.27374 6.77586 2.0121 0.452428 0.819544 1.78563 1.52083 0.250113
threshold=1.0000000180025095e-35 1.5000000000000002 1.0000000180025095e-35 1.5000000000000002 51.500000000000007 24.500000000000004 21.500000000000004 25.500000000000004 1.0000000180025095e-35 6.5000000000000009 33.500000000000007 4.5000000000000009 27.500000000000004
decision_type=2 2 2 2 2 2 2 2 2 2 2 2 2
left_child=8 2 4 -4 -2 6 -3 -7 9 11 -11 -1 -10
right_child=1 5 3 -5 -6 7 -8 -9 12 10 -12 -13 -14
leaf_value=0.015296358858136716 -0.037940292992130281 -0.0066662564336531175 -0.014446771495726944 0.037366983157208322 0.014718303507698547 0.053547493239162892 -0.081235848538231736 -0.0095121283821255724 0.009427884022552761 0.0053107052487569922 0.044163188790536607 -0.0049922353946959307 -0.021664313320464472
leaf_weight=76.53667513653636 15.409667808562519 34.445961281657219 7.9973841551691285 29.282987669110298 4.048987014219164 3.3162274211645117 10.081058569252489 137.94647121056914 2.8158776722848406 15.850449301302435 14.492969211190937 34.217357665300369 4.0192707628011703
leaf_count=764 305 508 165 223 96 46 140 1888 23 134 175 305 28
internal_value=-0.000168809 -0.00713124 0.00799498 0.0262519 -0.026983 -0.0117507 -0.023549 -0.00803177 0.0112458 0.0122195 0.0238679 0.00902822 -0.00885525
internal_weight=390.461 242.529 56.739 37.2804 19.4587 185.79 44.527 141.263 147.933 141.097 30.3434 110.754 6.83515
internal_count=4800 3371 789 388 401 2582 648 1934 1429 1378 309 1069 51
is_linear=0
shrinkage=0.08


Tree=44
num_leaves=12
num_cat=0
split_feature=1 0 1 2 4 4 4 4 4 4 4
split_gain=4.14574 2.30095 2.67275 2.26872 1.12167 0.683292 1.59899 0.768256 0.436542 2.22534 0.902541
threshold=1.0000000180025095e-35 3.5000000000000004 1.5000000000000002 1.0000000180025095e-35 42.500000000000007 56.500000000000007 43.500000000000007 58.500000000000007 75.500000000000014 70.500000000000014 67.500000000000014
decision_type=2 2 2 2 2 2 2 2 2 2 2
left_child=8 2 4 -4 -2 6 -3 -7 9 10 -1
right_child=1 5 3 -5 -6 7 -8 -9 -10 -11 -12
leaf_value=0.010744776452567132 -0.010982338234865083 -0.020878535983858665 0.025268011125729056 -0.001037059264793511 -0.043256818378428159 -0.083840864417088337 0.0048169003384877004 -0.026125542125920855 -0.016648553316410738 0.089447886505701235 -0.037568722125918629
leaf_weight=138.11384068056941 22.641497422009706 56.786117289215326 27.377453453838825 89.85017753764987 9.9073423165827972 1.7047391273081292 21.317910294979811 11.003570627421139 3.7087588571012011 2.2860931754112235 2.5197766833007327
leaf_count=1340 407 1184 191 669 252 39 369 260 36 25 28
internal_value=-0.000154617 -0.00661689 -0.000524935 0.00510625 -0.0208062 -0.0166643 -0.0138652 -0.0338677 0.0104487 0.0111519 0.00987913
internal_weight=387.217 240.589 149.776 117.228 32.5488 90.8123 78.104 12.7083 146.628 142.92 140.634
internal_count=4800 3371 1519 860 659 1852 1553 299 1429 1393 1368
is_linear=0
shrinkage=0.08


Tree=45
num_leaves=16
num_cat=0
split_feature=1 0 0 1 2 4 4 4 4 4 4 4 0 4 4
split_gain=3.54585 2.15478 4.90393 2.11226 1.41292 1.0886 6.07568 1.71692 0.419183 1.13586 0.861204 0.843553 0.630662 4.22471 1.33976
threshold=1.0000000180025095e-35 1.5000000000000002 1.0000000180025095e-35 1.5000000000000002 1.5000000000000002 24.500000000000004 21.500000000000004 25.500000000000004 57.500000000000007 62.500000000000007 64.500000000000014 60.500000000000007 1.0000000180025095e-35 29.500000000000004 28.500000000000004
decision_type=2 2 2 2 2 2 2 2 2 2 2 2 2 2 2
left_child=8 2 4 -4 -2 6 -3 -7 12 11 -11 -10 13 -1 -14
right_child=1 5 3 -5 -6 7 -8 -9 9 10 -12 -13 14 -15 -16
leaf_value=0.054268640799019184 -0.034558576810765525 -0.0053451560418373931 -0.012053536844755 0.035065698877636539 0.02615018307775482 0.04966132137341138 -0.076971760666874459 -0.0082657406231668156 0.026748331133991932 -0.033932776139185883 0.017484981894261092 0.088872835866918992 -0.00055922761737385227 -0.039814685435676379 0.017231831303062779
leaf_weight=4.5999470166862002 16.037554262205962 33.934988185763359 7.7475402280688277 28.439029902219772 2.8967040963470927 3.3553148657083502 9.7588406391441804 136.24123764038086 3.824777357280257 2.5720150396227828 11.005061481148003 2.2054249458014965 45.730202499777079 9.0922489464282972 66.457789301872253
leaf_count=53 340 508 165 223 61 46 140 1888 42 27 116 26 417 82 666
internal_value=-0.000145832 -0.00615191 0.00771693 0.0249775 -0.0252709 -0.0103227 -0.0213427 -0.00687342 0.00969637 0.0205769 0.0077445 0.0494691 0.00800161 -0.00820702 0.00997982
internal_weight=383.899 238.411 55.1208 36.1866 18.9343 183.29 43.6938 139.597 145.487 19.6073 13.5771 6.0302 125.88 13.6922 112.188
internal_count=4800 3371 789 388 401 2582 648 1934 1429 211 143 68 1218 135 1083
is_linear=0
shrinkage=0.08


Tree=46
num_leaves=14
num_cat=0
split_feature=1 0 1 2 4 0 2 4 3 0 4 0 4
split_gain=3.0312 1.8937 2.14423 2.05095 1.10234 0.676064 1.67047 1.43016 0.403087 0.721552 1.5682 1.36681 0.240411
threshold=1.0000000180025095e-35 3.5000000000000004 1.5000000000000002 1.0000000180025095e-35 63.500000000000007 7.5000000000000009 1.5000000000000002 43.500000000000007 1.0000000180025095e-35 6.5000000000000009 33.500000000000007 4.5000000000000009 40.500000000000007
decision_type=2 2 2 2 2 2 2 2 2 2 2 2 2
left_child=8 2 4 -4 -2 7 -7 -3 9 11 -11 -1 -10
right_child=1 5 3 -5 -6 6 -8 -9 12 10 -12 -13 -14
leaf_value=0.012978610584375225 -0.015147846526234621 -0.027087029741061888 0.024167596018589324 -0.00098614691338942163 -0.082278986190974929 -0.010089540667223956 0.065547278995673905 -0.0036845053642501043 -0.022440673323997181 0.003780296788524643 0.040886748893804586 -0.0064188391440310249 0.0083057425017680174
leaf_weight=74.550370559096336 29.90148547291756 44.874959476292133 27.011074662208557 89.439364951103926 1.6519692819565523 15.056650802493097 2.1335641443729392 26.630071118474007 4.0415003634989253 15.633206799626352 13.657058563083408 33.7843605466187 2.7249958515167236
leaf_count=764 596 966 191 669 63 310 45 531 31 134 175 305 20
internal_value=-0.000130816 -0.00570339 -0.000164003 0.00484835 -0.0186625 -0.0149468 -0.000701874 -0.0183714 0.00900423 0.00994147 0.0210818 0.00692948 -0.0100585
internal_weight=381.091 236.699 148.004 116.45 31.5535 88.6952 17.1902 71.505 144.391 137.625 29.2903 108.335 6.7665
internal_count=4800 3371 1519 860 659 1852 355 1497 1429 1378 309 1069 51
is_linear=0
shrinkage=0.08


Tree=47
num_leaves=12
num_cat=0
split_feature=1 0 0 4 4 4 4 4 4 4 4
split_gain=2.59163 1.75715 4.23197 1.87754 1.3091 1.05326 2.58847 2.44093 0.399962 2.0718 0.811446
threshold=1.0000000180025095e-35 1.5000000000000002 1.0000000180025095e-35 6.5000000000000009 51.500000000000007 77.500000000000014 81.500000000000014 65.500000000000014 75.500000000000014 70.500000000000014 67.500000000000014
decision_type=2 2 2 2 2 2 2 2 2 2 2
left_child=8 2 4 -4 -2 7 -7 -3 9 10 -1
right_child=1 5 3 -5 -6 6 -8 -9 -10 -11 -12
leaf_value=0.0086824268600982496 -0.034737254122321246 -0.0099388713195013006 0.10225806216082134 0.019341139757350974 0.017219668711152634 -0.11084412001843885 0.0049332402986504873 0.038523655987734856 -0.017694334838717522 0.08840563483615542 -0.03706250317550424
leaf_weight=135.07581930607557 14.500496629625561 169.17406659573317 1.8444168381392945 33.353477712720633 3.9487707410007706 2.1777932438999406 2.8574577569961548 6.9237851314246646 3.6762613616883746 2.073695044964551 2.5281759463250628
leaf_count=1340 305 2386 19 369 96 28 37 131 36 25 28
internal_value=-0.00012328 -0.00529848 0.00741866 0.0236861 -0.0236167 -0.00906498 -0.0451416 -0.00803343 0.00835249 0.00903803 0.00784196
internal_weight=378.134 234.78 53.6472 35.1979 18.4493 181.133 5.03525 176.098 143.354 139.678 137.604
internal_count=4800 3371 789 388 401 2582 65 2517 1429 1393 1368
is_linear=0
shrinkage=0.08


Tree=48
num_leaves=16
num_cat=0
split_feature=1 0 1 2 4 4 4 4 4 4 0 4 0 0 4
split_gain=2.2089 1.56042 1.83326 1.7655 1.07035 0.753726 1.2635 0.7411 0.365165 1.03589 0.861296 0.748522 0.634527 1.22224 1.08907
threshold=1.0000000180025095e-35 3.5000000000000004 1.5000000000000002 1.0000000180025095e-35 63.500000000000007 56.500000000000007 43.500000000000007 58.500000000000007 57.500000000000007 62.500000000000007 2.5000000000000004 64.500000000000014 7.5000000000000009 6.5000000000000009 29.500000000000004
decision_type=2 2 2 2 2 2 2 2 2 2 2 2 2 2 2
left_child=8 2 4 -4 -2 6 -3 -7 12 10 -10 -11 13 -1 -14
right_child=1 5 3 -5 -6 7 -8 -9 9 11 -12 -13 14 -15 -16
leaf_value=0.0050370722025231017 -0.013769278062299262 -0.016893745839681978 0.022807218444599139 -0.00065177346256156969 -0.082119994392479731 -0.083465359808276532 0.0062534513608340694 -0.024297767177827053 0.089681145234963469 -0.032722615873423282 0.024152557775152621 0.015178466093619282 0.015331070693664586 0.031061625061225687 -0.031069259372718958
leaf_weight=97.23582860454917 29.360117163509134 53.62800245732069 26.669119521975517 89.221061427146196 1.5433640889823426 1.5514865294098843 21.003324449062347 10.689457025378941 1.9524302259087587 2.5939312204718581 3.7480872012674809 10.700668774545191 5.8188806772232038 13.106410123407839 7.2972672991454601
leaf_count=951 596 1184 191 669 63 39 369 260 21 27 47 116 48 137 82
internal_value=-0.000112281 -0.00489918 0.000130032 0.00474671 -0.0171828 -0.0133974 -0.0103795 -0.031797 0.00773965 0.0180658 0.0465961 0.00583241 0.00615089 0.00812826 -0.0104841
internal_weight=376.119 233.666 146.794 115.89 30.9035 86.8723 74.6313 12.2409 142.454 18.9951 5.70052 13.2946 123.458 110.342 13.1161
internal_count=4800 3371 1519 860 659 1852 1553 299 1429 211 68 143 1218 1088 130
is_linear=0
shrinkage=0.08


Tree=49
num_leaves=13
num_cat=0
split_feature=1 0 0 4 2 4 4 4 4 4 4 4
split_gain=1.88707 1.43045 3.61945 1.69368 1.2817 0.885403 2.16027 2.14229 0.358483 0.878599 1.25371 0.902061
threshold=1.0000000180025095e-35 1.5000000000000002 1.0000000180025095e-35 6.5000000000000009 1.5000000000000002 77.500000000000014 81.500000000000014 65.500000000000014 75.500000000000014 59.500000000000007 70.500000000000014 56.500000000000007
decision_type=2 2 2 2 2 2 2 2 2 2 2 2
left_child=8 2 4 -4 -2 7 -7 -3 9 11 -11 -1
right_child=1 5 3 -5 -6 6 -8 -9 -10 10 -12 -13
leaf_value=0.0068739400509062309 -0.031361771333307122 -0.0087977230862419653 0.098538418119001076 0.018053537374324091 0.026883054887707553 -0.10035960480853875 0.0052879006936711126 0.036762515374762758 -0.017459579216335432 0.017327999015022914 0.087583317625568008 -0.036113821159842345
leaf_weight=121.75859869644046 15.135502114892008 167.31825173273683 1.7629119567573059 32.932039748877287 2.8777150101959696 2.2061864510178557 2.824689969420433 6.8766906466335049 3.6832718141376963 11.083756636828182 1.9050262160599221 3.2063779048621646
leaf_count=1205 340 2386 19 369 61 28 37 131 36 125 25 38
internal_value=-0.000104356 -0.00454763 0.00703762 0.0221431 -0.0220568 -0.00795472 -0.0410416 -0.00699914 0.00717161 0.00782925 0.0276321 0.00577095
internal_weight=373.571 231.934 52.7082 34.695 18.0132 179.226 5.03088 174.195 141.637 137.954 12.9888 124.965
internal_count=4800 3371 789 388 401 2582 65 2517 1429 1393 150 1243
is_linear=0
shrinkage=0.08


Tree=50
num_leaves=13
num_cat=0
split_feature=1 4 4 4 0 0 4 0 4 4 4 2
split_gain=1.60751 1.28553 3.45148 1.80417 1.62004 1.57367 1.36081 0.949556 0.473249 0.518685 3.33224 2.66878
threshold=1.0000000180025095e-35 68.500000000000014 65.500000000000014 72.500000000000014 1.5000000000000002 1.5000000000000002 88.500000000000014 3.5000000000000004 1.0000000180025095e-35 18.500000000000004 21.500000000000004 1.5000000000000002
decision_type=2 2 2 2 2 2 2 2 2 2 2 2
left_child=8 2 5 4 -3 -2 -5 -4 -1 11 -11 -10
right_child=1 3 7 6 -6 -7 -8 -9 9 10 -12 -13
leaf_value=0.045398427753462922 0.0082973753192524258 -0.15452883010847351 0.091244920673678495 6.9922064535467518e-05 -0.023289922584464114 -0.0081177110852531757 -0.09018543102619081 0.022090863427669926 -0.015546802250561358 0.073440341372530638 0.0054367998981421084 0.065304691109271895
leaf_weight=1.9878140687942494 48.167727334424853 1.2660218998789781 2.9635850731283417 7.070515822619198 1.1476872768253086 166.84801635146141 1.259598499163985 2.2247029412537813 19.87991384416819 4.8111803010106078 111.18023665621877 3.0082497894763938
leaf_count=34 723 20 34 115 37 2386 16 40 165 50 1151 29
internal_value=-9.47871e-05 -0.00420298 -0.0028846 -0.0312244 -0.0921264 -0.00444041 -0.0135776 0.0615921 0.00664048 0.00608573 0.0082575 -0.00492028
internal_weight=371.815 230.948 220.204 10.7438 2.41371 215.016 8.33011 5.18829 140.867 138.88 115.991 22.8882
internal_count=4800 3371 3183 188 57 3109 131 74 1429 1395 1201 194
is_linear=0
shrinkage=0.08


Tree=51
num_leaves=13
num_cat=0
split_feature=1 0 1 2 4 4 4 4 4 4 4 0
split_gain=1.36862 1.20681 1.59232 1.52562 1.09433 0.748424 1.10782 0.705916 0.42275 0.50406 5.67748 1.8134
threshold=1.0000000180025095e-35 3.5000000000000004 1.5000000000000002 1.0000000180025095e-35 28.500000000000004 56.500000000000007 43.500000000000007 58.500000000000007 1.0000000180025095e-35 28.500000000000004 26.500000000000004 1.0000000180025095e-35
decision_type=2 2 2 2 2 2 2 2 2 2 2 2
left_child=8 2 4 -4 -2 6 -3 -7 -1 10 -10 -11
right_child=1 5 3 -5 -6 7 -8 -9 9 11 -12 -13
leaf_value=0.043525584420154022 -0.035450512365566511 -0.014672508347874518 0.021720775439094342 -0.00018044689962136193 -0.0040334583212876234 -0.083134400208933798 0.0071693352956357839 -0.022918662666352074 0.010041259856600782 -0.020870783441352962 -0.070972519738978626 0.013303530091039161
leaf_weight=1.9107136838138092 11.334462307393553 52.010575763881207 26.37763536721468 89.167580150067806 18.974156266078353 1.4145041368901718 20.807312171906233 10.458537194877861 40.086583338677883 11.339818768203257 6.4233952313661566 80.355224680155516
leaf_count=34 218 1184 191 669 441 39 369 260 371 104 62 858
internal_value=-8.25405e-05 -0.00387227 0.00053827 0.00481935 -0.0157824 -0.0114681 -0.00843132 -0.0300925 0.00615304 0.00563635 -0.00114738 0.00907723
internal_weight=370.66 230.545 145.854 115.545 30.3086 84.6909 72.8179 11.873 140.116 138.205 46.51 91.695
internal_count=4800 3371 1519 860 659 1852 1553 299 1429 1395 433 962
is_linear=0
shrinkage=0.08


Tree=52
num_leaves=14
num_cat=0
split_feature=1 4 4 4 0 0 4 0 3 0 4 0 4
split_gain=1.16947 1.10418 3.00188 1.5001 1.29255 1.2803 1.16211 0.799881 0.397092 0.601387 1.4932 1.22293 0.231964
threshold=1.0000000180025095e-35 68.500000000000014 65.500000000000014 72.500000000000014 1.5000000000000002 1.5000000000000002 88.500000000000014 3.5000000000000004 1.0000000180025095e-35 6.5000000000000009 33.500000000000007 4.5000000000000009 27.500000000000004
decision_type=2 2 2 2 2 2 2 2 2 2 2 2 2
left_child=8 2 4 5 -2 -3 -5 -4 9 11 -11 -1 -10
right_child=1 3 7 6 -6 -7 -8 -9 12 10 -12 -13 -14
leaf_value=0.0097304469380458079 0.0077452955321255139 -0.13788745247117451 0.086021632919311156 0.00014697092917587745 -0.0071705013311943759 -0.021262732166803661 -0.083757046443815306 0.022172944082536016 0.0045938337655184692 6.3647438916059065e-05 0.037195813922596702 -0.0088605218574604981 -0.025961146172735563
leaf_weight=71.899374835193157 47.976929888129234 1.3046686016023152 2.8858376406133166 7.0260969232767803 165.25279740616679 1.1192573942244051 1.2434501200914381 2.2231094148010015 2.6881022974848738 15.118823144584896 12.798182386904953 33.056941285729408 3.8930938988924026
leaf_count=764 723 20 34 115 2386 37 16 40 23 134 175 305 28
internal_value=-7.49868e-05 -0.00359174 -0.00236244 -0.0286914 -0.00381443 -0.0840355 -0.0124693 0.0582385 0.00570073 0.00665079 0.0170864 0.00387505 -0.0134809
internal_weight=368.487 229.032 218.339 10.6935 213.23 2.42393 8.26955 5.10895 139.455 132.873 27.917 104.956 6.5812
internal_count=4800 3371 3183 188 3109 57 131 74 1429 1378 309 1069 51
is_linear=0
shrinkage=0.08


Tree=53
num_leaves=13
num_cat=0
split_feature=1 0 0 1 2 2 1 4 4 0 2 2
split_gain=0.994564 1.00493 2.99385 1.58457 1.23895 2.00966 1.26142 0.810432 0.383181 0.462175 4.12814 1.54707
threshold=1.0000000180025095e-35 1.0000000180025095e-35 1.5000000000000002 1.5000000000000002 1.0000000180025095e-35 1.5000000000000002 1.5000000000000002 24.500000000000004 1.0000000180025095e-35 4.5000000000000009 1.5000000000000002 1.5000000000000002
decision_type=2 2 2 2 2 2 2 2 2 2 2 2
left_child=8 4 3 -3 6 -6 -2 -4 -1 11 -11 -10
right_child=1 2 7 -5 5 -7 -8 -9 9 10 -12 -13
leaf_value=0.041586335980011192 -0.040241468922713124 -0.011932563247704404 -0.015742241431447694 0.029247520932032499 -0.051546584522189381 0.023422102824045984 0.044060625789948078 -0.0029555979075865917 0.013954493874910814 -0.007842927437624098 0.056247340167025761 -0.01777145464685928
leaf_weight=1.8355150222778309 1.8030624333769107 7.7306918036192647 41.444131668657064 26.410562247037888 10.024167768657206 2.9654429331421843 3.0703242868185043 135.25663621909916 63.24915786832571 54.765578355640173 7.2880130074918261 11.648666359484194
leaf_count=34 36 165 648 223 258 61 46 1934 669 529 88 109
internal_value=-6.58136e-05 -0.00330786 -0.00176431 0.019923 -0.0215267 -0.0344317 0.0128704 -0.00595463 0.0052767 0.00479006 -0.000315713 0.00902024
internal_weight=367.492 228.705 210.842 34.1413 17.863 12.9896 4.87339 176.701 138.787 136.951 62.0536 74.8978
internal_count=4800 3371 2970 388 401 319 82 2582 1429 1395 617 778
is_linear=0
shrinkage=0.08


Tree=54
num_leaves=15
num_cat=0
split_feature=4 4 0 0 0 4 2 4 2 1 4 0 4 2
split_gain=0.871898 8.46942 3.94784 3.51547 1.77472 2.59508 2.29404 1.31311 5.52487 1.73692 1.72987 1.28319 2.3603 1.49679
threshold=27.500000000000004 26.500000000000004 2.5000000000000004 5.5000000000000009 1.5000000000000002 16.500000000000004 1.5000000000000002 30.500000000000004 1.0000000180025095e-35 1.0000000180025095e-35 28.500000000000004 1.0000000180025095e-35 50.500000000000007 1.5000000000000002
decision_type=2 2 2 2 2 2 2 2 2 2 2 2 2 2
left_child=1 4 -3 -4 5 -1 -6 8 9 -2 -10 12 -9 -13
right_child=7 2 3 -5 6 -7 -8 11 10 -11 -12 13 -14 -15
leaf_value=0.048207945303799557 0.0064931061513429237 -0.17301422362611635 0.0060630655280089077 -0.13416531120230837 -0.010565509225097974 -0.0052837692963738549 0.031089208293292522 -0.037446422382778052 0.0071547367975502039 -0.090617440561285553 0.059792495903966632 0.0054674312247872401 0.018248908570440175 -0.013627640779123089
leaf_weight=10.736371528357269 1.9087106510996843 2.4171326607465735 2.9784596376121044 1.857873063534498 72.445135988295078 12.635601639747618 9.5806282311677915 13.893609512597324 6.07288305833936 3.0823072418570518 11.682416569441555 177.94217000715435 7.4977869549766174 30.823281038552523
leaf_count=161 19 28 32 31 916 172 141 210 75 47 147 2286 133 402
internal_value=-5.93642e-05 -0.00591341 -0.0895299 -0.0478055 -0.000158929 0.0192887 -0.00570023 0.00254822 0.0208848 -0.0534795 0.0417887 0.000736013 -0.0179249 0.00264813
internal_weight=365.554 112.651 7.25347 4.83633 105.398 23.372 82.0258 252.903 22.7463 4.99102 17.7553 230.157 21.3914 208.765
internal_count=4800 1481 91 63 1390 333 1057 3319 288 66 222 3031 343 2688
is_linear=0
shrinkage=0.08


Tree=55
num_leaves=14
num_cat=0
split_feature=1 4 4 4 2 2 0 0 3 0 4 0 4
split_gain=0.851484 0.994341 2.50903 1.43636 0.991359 0.742063 0.718939 0.453376 0.364013 0.552851 1.4586 0.948566 0.253352
threshold=1.0000000180025095e-35 68.500000000000014 65.500000000000014 81.500000000000014 1.5000000000000002 1.0000000180025095e-35 3.5000000000000004 2.5000000000000004 1.0000000180025095e-35 6.5000000000000009 6.5000000000000009 4.5000000000000009 40.500000000000007
decision_type=2 2 2 2 2 2 2 2 2 2 2 2 2
left_child=8 2 4 5 -2 -3 -4 -5 9 11 -11 -1 -10
right_child=1 3 6 7 -6 -7 -8 -9 12 10 -12 -13 -14
leaf_value=0.0083891611971588353 -0.0009131765514311757 -0.0023887091002937513 0.080760491154624192 -0.013669159781537588 -0.01622046911517059 -0.060749227038514188 0.020163801153961169 0.046323366094938034 -0.026384100797220707 -0.048808258433151605 0.021162442434429378 -0.0079873261087853413 0.005630547538335624
leaf_weight=70.820752568542957 179.57240092381835 1.8572528325021247 2.8082823809236279 1.5438527390360834 31.885964686051011 5.5949446139857173 2.2626844495534897 1.6873262133449314 3.922140482813119 2.0613583587110069 25.41423269174993 33.270538721233606 2.651477612555027
leaf_count=764 2650 36 34 13 459 110 40 29 31 14 295 305 20
internal_value=-5.19564e-05 -0.00306334 -0.0018878 -0.026889 -0.00322137 -0.0462045 0.053722 0.017659 0.00490115 0.00581909 0.0159129 0.00315477 -0.0134709
internal_weight=365.353 227.213 216.529 10.6834 211.458 7.4522 5.07097 3.23118 138.141 131.567 27.4756 104.091 6.57362
internal_count=4800 3371 3183 188 3109 146 74 42 1429 1378 309 1069 51
is_linear=0
shrinkage=0.08


Tree=56
num_leaves=15
num_cat=0
split_feature=0 2 0 4 4 4 4 1 4 1 4 0 2 4
split_gain=0.790073 1.85234 1.45189 2.40058 1.98172 1.4044 1.81631 1.27379 1.57786 0.841272 1.56431 0.771039 0.530308 0.521976
threshold=1.0000000180025095e-35 1.0000000180025095e-35 1.5000000000000002 16.500000000000004 17.500000000000004 50.500000000000007 32.500000000000007 1.0000000180025095e-35 33.500000000000007 1.5000000000000002 52.500000000000007 2.5000000000000004 1.5000000000000002 6.5000000000000009
decision_type=2 2 2 2 2 2 2 2 2 2 2 2 2 2
left_child=1 5 3 13 -5 6 -1 8 -4 10 -3 -9 -11 -2
right_child=2 9 7 4 -6 -7 -8 11 -10 12 -12 -13 -14 -15
leaf_value=0.046337309214809726 0.09153407395726193 -0.025208739264426218 -0.0041732445101295276 -0.087058767159952671 0.010093218956863766 0.087681056739251848 -0.034267443225605113 -0.013647555038075368 0.015219140010997015 -0.056675525249915593 0.03796952539663425 -0.0019140389866637944 -0.010322205527616733 0.043315907149019457
leaf_weight=3.4462498575448972 2.1194479949772349 12.662020888179539 52.212897766381502 1.3900046758353699 40.381971602328122 1.5861658118665216 3.7209101319313049 50.08697422593832 55.28488876670599 5.9612957797944546 3.1278323382139215 126.03273920156062 2.1490415968000889 4.4612982794642448
leaf_count=52 27 185 475 13 457 22 48 387 639 149 58 2195 41 52
internal_value=-4.57987e-05 -0.0119195 0.00112213 0.0139355 0.00686039 0.0195652 0.00449046 -0.00106236 0.00580004 -0.0234506 -0.0126937 -0.00525095 -0.044393 0.0588454
internal_weight=364.624 32.6535 331.97 48.3527 41.772 8.75333 7.16716 283.617 107.498 23.9002 15.7899 176.12 8.11034 6.58075
internal_count=4800 555 4245 549 470 122 100 3696 1114 433 243 2582 190 79
is_linear=0
shrinkage=0.08


Tree=57
num_leaves=11
num_cat=0
split_feature=4 4 4 4 4 0 0 0 4 0
split_gain=0.791552 3.37676 1.35272 1.68496 1.55963 2.22185 0.881355 1.71787 1.31937 0.50917
threshold=67.500000000000014 65.500000000000014 81.500000000000014 87.500000000000014 77.500000000000014 1.5000000000000002 1.0000000180025095e-35 1.5000000000000002 34.500000000000007 3.5000000000000004
decision_type=2 2 2 2 2 2 2 2 2 2
left_child=1 6 4 -4 5 -2 8 -8 -1 -3
right_child=2 9 3 -5 -6 -7 7 -9 -10 -11
leaf_value=0.0050579258532121611 -0.069735378209063711 0.087817124230655005 0.05769495967552387 -0.031242405911760335 -0.080121251663093307 0.0095460047340220414 0.015757157863865966 -0.0012988612602136702 -0.028357067058015856 0.03778645014150931
leaf_weight=13.900032527744772 3.2742587281391042 2.8056996650993815 3.0223132390528908 2.4836924914270639 3.0208725100383154 7.3199394419789314 44.087217474356294 264.73159853368998 16.586470369249582 2.428924098610878
leaf_count=253 51 33 35 29 38 141 504 3420 261 35
internal_value=-4.05478e-05 0.000838713 -0.0158838 0.0175764 -0.0294153 -0.0149568 -0.000144998 0.00113607 -0.0131218 0.0646023
internal_weight=363.661 344.54 19.1211 5.50601 13.6151 10.5942 339.305 308.819 30.4865 5.23462
internal_count=4800 4506 294 64 230 192 4438 3924 514 68
is_linear=0
shrinkage=0.08


Tree=58
num_leaves=15
num_cat=0
split_feature=4 4 0 0 4 4 4 4 2 0 1 2 0 4
split_gain=0.719505 7.02848 2.95166 3.05637 1.58682 4.52248 3.23499 1.13218 4.82552 1.75154 1.49639 1.05633 4.89442 1.82711
threshold=27.500000000000004 26.500000000000004 2.5000000000000004 5.5000000000000009 21.500000000000004 20.500000000000004 24.500000000000004 30.500000000000004 1.0000000180025095e-35 6.5000000000000009 1.0000000180025095e-35 1.0000000180025095e-35 5.5000000000000009 31.500000000000004
decision_type=2 2 2 2 2 2 2 2 2 2 2 2 2 2
left_child=1 4 -3 -4 5 -1 -6 8 10 -10 -2 12 -9 -13
right_child=7 2 3 -5 6 -7 -8 11 9 -11 -12 13 -14 -15
leaf_value=0.0015549124080432349 0.0051065200896717846 -0.15044782848825319 0.0059920934797046792 -0.12565287730944019 -0.037450312158573577 0.086815281373342088 0.013223758224736835 0.024734907367340235 0.052078461939864214 -0.0097546434134797369 -0.085874636333109572 -0.048030887955760999 -0.02952261705502976 -0.00091351439099437602
leaf_weight=68.263804491609335 1.8811280280351663 2.5547087788581839 2.9735434427857399 1.8192493170499799 17.977904584258795 4.2282618395984164 14.61909284815192 40.173788596875966 13.875631723552944 3.7174743600189677 3.0054418295621872 5.43728944659233 14.474099052138625 168.40340268332511
leaf_count=896 19 28 32 31 245 65 184 483 163 59 47 70 254 2224
internal_value=-3.46852e-05 -0.00535291 -0.0809971 -0.0439777 -6.41057e-05 0.00652791 -0.014724 0.00234794 0.0194786 0.0390129 -0.0508506 0.000662549 0.0103642 -0.00238722
internal_weight=363.405 112.437 7.3475 4.79279 105.089 72.4921 32.597 250.968 22.4797 17.5931 4.88657 228.489 54.6479 173.841
internal_count=4800 1481 91 63 1390 961 429 3319 288 222 66 3031 737 2294
is_linear=0
shrinkage=0.08


Tree=59
num_leaves=12
num_cat=0
split_feature=4 4 4 4 4 1 0 0 0 4 0
split_gain=0.687369 2.85844 1.28145 1.0936 2.05662 1.37666 1.06934 0.763704 1.45705 1.18153 0.492468
threshold=67.500000000000014 65.500000000000014 70.500000000000014 75.500000000000014 81.500000000000014 1.0000000180025095e-35 4.5000000000000009 1.0000000180025095e-35 1.5000000000000002 34.500000000000007 3.5000000000000004
decision_type=2 2 2 2 2 2 2 2 2 2 2
left_child=1 7 6 5 -5 -4 -2 9 -9 -1 -3
right_child=2 10 3 4 -6 -7 -8 8 -10 -11 -12
leaf_value=0.0050346293087207188 -0.022792145011490836 0.083312680080601054 0.086651395867553188 -0.055245676249012832 0.016157947695797786 -0.005567274945105556 -0.10453465596248181 0.014599969894660872 -0.0011541421631930569 -0.026618261265714215 0.033988648191722433
leaf_weight=13.860605429857971 2.8154728617519167 2.7067060265690079 1.6908411923795927 4.8953764773905259 5.462118761613965 2.6751442002132535 1.609901327639818 43.790421003475785 264.59383290819824 16.57037060521543 2.4848210960626602
leaf_count=253 40 33 25 68 64 62 35 504 3420 261 35
internal_value=-2.86524e-05 0.000792505 -0.0147806 -0.00343474 -0.0175903 0.0301468 -0.0525292 -0.000110183 0.00108293 -0.0122011 0.0597047
internal_weight=363.156 344.007 19.1489 14.7235 10.3575 4.36599 4.42537 338.815 308.384 30.431 5.19153
internal_count=4800 4506 294 219 132 87 75 4438 3924 514 68
is_linear=0
shrinkage=0.08


Tree=60
num_leaves=15
num_cat=0
split_feature=4 4 0 0 4 4 0 2 4 4 0 4 0 4
split_gain=0.639726 5.8314 2.20928 2.62365 1.33889 3.81857 3.16666 1.00977 2.28348 2.75858 1.50883 1.48123 1.81018 1.35589
threshold=27.500000000000004 26.500000000000004 2.5000000000000004 5.5000000000000009 21.500000000000004 20.500000000000004 7.5000000000000009 1.5000000000000002 65.500000000000014 49.500000000000007 2.5000000000000004 67.500000000000014 5.5000000000000009 70.500000000000014
decision_type=2 2 2 2 2 2 2 2 2 2 2 2 2 2
left_child=1 4 -3 -4 5 -1 -6 11 9 -9 -10 12 -2 -13
right_child=7 2 3 -5 6 -7 -8 8 10 -11 -12 13 -14 -15
leaf_value=0.0013044453737237082 0.010967901038571337 -0.1311508496628202 0.0056145252113108616 -0.11679446249626133 -0.020722355457555661 0.079566442423926742 0.074043041098131493 -0.0016902769064908883 -0.015175147559683464 -0.050924608074647826 0.088682050123570652 -0.059814680291019239 -0.0065860422099421646 -0.0058159465548517867
leaf_weight=68.20113025419414 143.61358557455242 2.7004851736128321 2.9686957150697708 1.8001430146396158 30.179033622145653 4.2379942238330832 2.4391349479556075 25.358900856226683 1.4405519701540463 10.218027010560034 2.3650586772710085 3.9026551824063089 50.930045403540134 12.533934017643331
leaf_count=896 1712 28 32 31 387 65 42 312 19 137 42 63 849 185
internal_value=-2.29224e-05 -0.00503314 -0.0733333 -0.0405925 -0.000177169 0.0058831 -0.0136359 0.00222894 -0.00953049 -0.0158308 0.0493686 0.00442401 0.00637241 -0.0186372
internal_weight=362.889 112.527 7.46932 4.76884 105.057 72.4391 32.6182 250.363 39.3825 35.5769 3.80561 210.98 194.544 16.4366
internal_count=4800 1481 91 63 1390 961 429 3319 510 449 61 2809 2561 248
is_linear=0
shrinkage=0.08


Tree=61
num_leaves=14
num_cat=0
split_feature=1 0 1 4 2 4 4 4 3 0 2 0 4
split_gain=0.662347 0.842927 1.363 1.1441 1.13372 0.790921 0.913304 0.660555 0.354654 0.551354 1.26379 0.721363 0.228483
threshold=1.0000000180025095e-35 3.5000000000000004 1.5000000000000002 42.500000000000007 1.0000000180025095e-35 56.500000000000007 43.500000000000007 58.500000000000007 1.0000000180025095e-35 6.5000000000000009 1.5000000000000002 4.5000000000000009 27.500000000000004
decision_type=2 2 2 2 2 2 2 2 2 2 2 2 2
left_child=8 2 3 -2 -4 6 -3 -7 9 11 -11 -1 -10
right_child=1 5 4 -5 -6 7 -8 -9 12 10 -12 -13 -14
leaf_value=0.0072373784758747294 -0.0039887915402696495 -0.011808134412345902 0.01959466289996117 -0.038289608121834399 0.00063203138220330451 -0.082811264552137484 0.0082097875619639889 -0.021811723370091931 0.0042024194089650951 0.009145642630773455 0.062847669061810427 -0.007041737697019994 -0.02620365727287393
leaf_weight=69.845008376985788 20.787407262250785 50.041081737726927 26.202206008136272 8.8829309903085214 87.774320144206285 1.2777712047100056 20.58800120651722 10.250847350805996 2.6713835485279551 24.091593649238352 3.1741363406181327 33.504636071622372 3.8773249164223671
leaf_count=764 407 1184 191 252 669 39 369 260 23 263 46 305 28
internal_value=-1.76379e-05 -0.00268113 0.0010154 -0.014258 0.00499137 -0.00914426 -0.00597302 -0.0285726 0.00436711 0.00527797 0.0153974 0.00260827 -0.0138003
internal_weight=362.969 225.805 143.647 29.6703 113.977 82.1577 70.6291 11.5286 137.164 130.615 27.2657 103.35 6.54871
internal_count=4800 3371 1519 659 860 1852 1553 299 1429 1378 309 1069 51
is_linear=0
shrinkage=0.08


Tree=62
num_leaves=13
num_cat=0
split_feature=1 0 0 2 0 4 4 4 4 4 4 2
split_gain=0.564835 0.72104 1.24654 1.27699 1.15297 0.752433 3.41933 1.39717 0.349353 0.456177 2.86975 2.15977
threshold=1.0000000180025095e-35 3.5000000000000004 2.5000000000000004 1.0000000180025095e-35 1.5000000000000002 7.5000000000000009 1.5000000000000002 17.500000000000004 1.0000000180025095e-35 18.500000000000004 21.500000000000004 1.5000000000000002
decision_type=2 2 2 2 2 2 2 2 2 2 2 2
left_child=8 2 4 -4 -2 6 -3 -7 -1 11 -11 -10
right_child=1 5 3 -5 -6 7 -8 -9 9 10 -12 -13
leaf_value=0.039490604205057157 0.00463657956733986 -0.050430689336193907 0.040471854166511625 0.0055761187932609844 -0.012553542184097429 -0.046241660195354174 0.078129139975408851 -0.0072421253564288832 -0.016027839425169707 0.069995815615697302 0.0031142721383725577 0.060438008420519981
leaf_weight=1.7559646684676398 49.854928314685822 2.3999356292188159 8.3121008034795505 34.854439277201891 50.030505385249853 6.4206201061606398 2.9535979852080345 69.702873647212982 19.702469505369667 4.2677988149225703 108.2587724532932 2.6863541901111594
leaf_count=34 789 56 73 270 387 155 60 1581 165 50 1151 29
internal_value=-1.75005e-05 -0.00248569 0.000935708 0.0122956 -0.00397359 -0.00849277 0.0204971 -0.0105315 0.00403734 0.00357591 0.00565089 -0.00685298
internal_weight=361.2 224.529 143.052 43.1665 99.8854 81.477 5.35353 76.1235 136.671 134.915 112.527 22.3888
internal_count=4800 3371 1519 343 1176 1852 116 1736 1429 1395 1201 194
is_linear=0
shrinkage=0.08


Tree=63
num_leaves=15
num_cat=0
split_feature=4 4 1 4 4 4 4 2 4 1 0 2 0 4
split_gain=0.575191 4.87108 1.71182 1.15024 3.16692 2.77096 0.914833 4.24405 1.53891 1.32525 0.891057 0.785323 3.81477 1.58732
threshold=27.500000000000004 26.500000000000004 1.5000000000000002 21.500000000000004 20.500000000000004 24.500000000000004 30.500000000000004 1.0000000180025095e-35 28.500000000000004 1.0000000180025095e-35 3.5000000000000004 1.0000000180025095e-35 5.5000000000000009 31.500000000000004
decision_type=2 2 2 2 2 2 2 2 2 2 2 2 2 2
left_child=1 3 10 4 -1 -5 7 9 -9 -2 -3 12 -8 -13
right_child=6 2 -4 5 -6 -7 11 8 -10 -11 -12 13 -14 -15
leaf_value=0.0012030434714804532 0.0036231707783154071 -0.13991493306609751 -0.021478580396400427 -0.033763523205729645 0.073167214605920433 0.013213491178868162 0.021841698627544429 0.0030045735402408598 0.053324795032348958 -0.08298220381479833 -0.067477136662399462 -0.044563579776947845 -0.026422278249654499 -0.0006343477788335615
leaf_weight=67.545943485572934 1.8525742515921617 1.9158062636852253 3.1234958451241255 17.980863615870476 4.1543835327029219 14.529501639306543 39.54944605845958 5.9128865934908417 11.367241032421587 2.9024695679545403 2.5116300750523806 5.4355135634541503 14.260010866448281 167.08748052455485
leaf_count=896 19 22 39 245 65 184 483 75 147 47 30 70 254 2224
internal_value=-1.63671e-05 -0.00478252 -0.0668283 -0.000286789 0.00537271 -0.0127686 0.00212833 0.017689 0.0361063 -0.0492406 -0.0988219 0.000613379 0.00905129 -0.00201838
internal_weight=360.129 111.762 7.55093 104.211 71.7003 32.5104 248.368 22.0352 17.2801 4.75504 4.42744 226.332 53.8095 172.523
internal_count=4800 1481 91 1390 961 429 3319 288 222 66 52 3031 737 2294
is_linear=0
shrinkage=0.08


Tree=64
num_leaves=14
num_cat=0
split_feature=0 2 4 4 0 4 4 0 4 0 1 4 2
split_gain=0.564871 1.32197 1.0845 1.553 0.819951 1.28314 1.07035 0.991921 2.22683 1.34402 0.815917 1.41128 0.54427
threshold=1.0000000180025095e-35 1.0000000180025095e-35 50.500000000000007 32.500000000000007 3.5000000000000004 82.500000000000014 7.5000000000000009 2.5000000000000004 8.5000000000000018 1.5000000000000002 1.5000000000000002 52.500000000000007 1.5000000000000002
decision_type=2 2 2 2 2 2 2 2 2 2 2 2 2
left_child=1 2 3 -1 7 6 -6 9 -9 -2 11 -3 -12
right_child=4 10 -4 -5 5 -7 -8 8 -10 -11 12 -13 -14
leaf_value=0.041499829036785778 0.010648833491225553 -0.021422927749022151 0.074897917291998892 -0.032870220037549018 0.022187292648578019 -0.06996936705496265 -0.0041230981115837296 -0.05330452490756106 0.01708520555707926 -0.0071879509404803874 -0.054538573905234727 0.03887287895845596 -0.0062615874126445764
leaf_weight=3.4600140377879125 47.238432528451085 12.784757114946844 1.6434570066630838 3.7389252595603466 10.609004024416206 1.8169326409697522 147.20993936154991 3.0361443087458602 54.668631538748741 63.220855182036757 5.5645598694682112 3.0835985932499161 2.0433857589960098
leaf_count=52 549 185 22 48 157 30 2477 25 471 536 149 58 41
internal_value=-1.23003e-05 -0.010103 0.0162605 0.00287413 0.000982565 -0.00312402 -0.00235444 0.00488089 0.0133816 0.000440034 -0.0200328 -0.00970602 -0.0415721
internal_weight=360.119 32.3187 8.8424 7.19894 327.8 159.636 157.819 168.164 57.7048 110.459 23.4763 15.8684 7.60795
internal_count=4800 555 122 100 4245 2664 2634 1581 496 1085 433 243 190
is_linear=0
shrinkage=0.08


Tree=65
num_leaves=10
num_cat=0
split_feature=1 4 4 4 3 0 4 4 4
split_gain=0.524966 0.663626 1.56906 1.32896 0.355458 0.503605 1.37291 0.63338 0.279895
threshold=1.0000000180025095e-35 87.500000000000014 81.500000000000014 68.500000000000014 1.0000000180025095e-35 6.5000000000000009 6.5000000000000009 75.500000000000014 40.500000000000007
decision_type=2 2 2 2 2 2 2 2 2
left_child=4 2 3 -2 5 7 -7 -1 -6
right_child=1 -3 -4 -5 8 6 -8 -9 -10
leaf_value=0.0033897185277717862 -0.0014759508674532537 -0.05596243957879854 0.074609608600225641 -0.035943993390338116 -0.028049077925228899 -0.048267876077528381 0.019723429134609335 -0.032677684833387399 0.0057212724163700551
leaf_weight=99.6519416552037 212.64163497835398 1.4707059003412712 1.6959013622254122 7.4085419774055472 3.8688149787485591 2.0575738772749927 24.931752130389214 3.21671188622713 2.6443353667855263
leaf_count=1039 3183 19 23 146 31 14 295 30 20
internal_value=-1.16812e-05 -0.00240087 -0.00204563 -0.0026364 0.00389903 0.00481374 0.01454 0.00226189 -0.0143383
internal_weight=359.588 223.217 221.746 220.05 136.371 129.858 26.9893 102.869 6.51315
internal_count=4800 3371 3352 3329 1429 1378 309 1069 51
is_linear=0
shrinkage=0.08


Tree=66
num_leaves=15
num_cat=0
split_feature=4 4 0 0 0 1 2 2 4 4 0 0 0 4
split_gain=0.503098 4.02731 1.52191 2.24825 1.08035 2.15022 1.8611 0.887763 2.03522 2.38403 1.34096 1.18214 1.43625 1.38317
threshold=27.500000000000004 26.500000000000004 2.5000000000000004 4.5000000000000009 1.5000000000000002 1.0000000180025095e-35 1.5000000000000002 1.5000000000000002 65.500000000000014 33.500000000000007 2.5000000000000004 1.0000000180025095e-35 5.5000000000000009 50.500000000000007
decision_type=2 2 2 2 2 2 2 2 2 2 2 2 2 2
left_child=1 4 -3 -4 5 -1 -6 11 9 -9 -10 13 -13 -2
right_child=7 2 3 -5 6 -7 -8 8 10 -11 -12 12 -14 -15
leaf_value=0.052473561751323394 -0.030514841070770581 -0.10585146630772466 0.027043178695307209 -0.082814809985272672 -0.0089632724524846864 -0.0011183001065030848 0.029114728403774343 0.02453894973669777 -0.013499363195457317 -0.025975157064446398 0.085341614347900455 0.010251829752051838 -0.0052287384343759 0.017657309273460823
leaf_weight=6.8716918304562578 12.326628487557175 2.9128035064786664 2.1974570043385029 2.6062648855149746 72.185545945540071 15.827460531145334 9.2697962727397663 7.6349990740418425 1.4286595517769449 27.577422272413969 2.2810090966522694 137.17906129639596 53.243486542254686 5.5243234671652308
leaf_count=94 204 28 23 40 916 239 141 93 19 356 42 1566 932 107
internal_value=-9.01996e-06 -0.00446035 -0.060226 -0.0325604 -0.000328827 0.0151055 -0.00462991 0.00200548 -0.00908466 -0.0150223 0.0472762 0.004078 0.00592335 -0.015607
internal_weight=359.067 111.871 7.71653 4.80372 104.154 22.6992 81.4553 247.196 38.9221 35.2124 3.70967 208.273 190.423 17.851
internal_count=4800 1481 91 63 1390 333 1057 3319 510 449 61 2809 2498 311
is_linear=0
shrinkage=0.08


Tree=67
num_leaves=12
num_cat=0
split_feature=4 4 4 4 4 1 0 0 4 0 0
split_gain=0.504791 2.2855 0.941035 0.978722 1.61864 1.19255 0.935472 0.560607 0.990663 0.945737 0.462937
threshold=67.500000000000014 65.500000000000014 70.500000000000014 75.500000000000014 81.500000000000014 1.0000000180025095e-35 4.5000000000000009 1.0000000180025095e-35 34.500000000000007 1.5000000000000002 3.5000000000000004
decision_type=2 2 2 2 2 2 2 2 2 2 2
left_child=1 7 6 5 -5 -4 -2 8 -1 -9 -3
right_child=2 10 3 4 -6 -7 -8 9 -10 -11 -12
leaf_value=0.0054368691468656798 -0.017098013708544343 0.077795706094588177 0.086002638547178129 -0.048946183197071197 0.014395377508873361 -0.0026887798341664261 -0.092877281124666061 0.011940873125376013 -0.02377399603771041 -0.00088074394982528528 0.029604656615009564
leaf_weight=13.584626944735648 2.8716136878356364 2.5664432886987916 1.5349107570946205 4.9581414908170682 5.3875781195238233 2.6375698978081346 1.6368709336966274 42.84837987087667 16.402013113722205 261.6276396587491 2.5367745161056519
leaf_count=253 40 33 25 68 64 62 35 504 261 3420 35
internal_value=-4.02464e-06 0.000706476 -0.0126842 -0.00276972 -0.0159608 0.0299377 -0.0446108 -0.000104237 -0.0105408 0.00092362 0.0538403
internal_weight=358.593 339.566 19.0267 14.5182 10.3457 4.17248 4.50848 334.463 29.9866 304.476 5.10322
internal_count=4800 4506 294 219 132 87 75 4438 514 3924 68
is_linear=0
shrinkage=0.08


Tree=68
num_leaves=14
num_cat=0
split_feature=1 4 4 1 4 4 0 4 3 0 4 4 4
split_gain=0.471095 0.65624 1.2267 1.13083 1.06289 3.24965 0.760325 0.465237 0.320185 0.476802 1.30107 0.53345 0.234617
threshold=1.0000000180025095e-35 6.5000000000000009 2.5000000000000004 1.5000000000000002 12.500000000000002 13.500000000000002 2.5000000000000004 3.5000000000000004 1.0000000180025095e-35 6.5000000000000009 33.500000000000007 18.500000000000004 40.500000000000007
decision_type=2 2 2 2 2 2 2 2 2 2 2 2 2
left_child=8 2 3 -2 6 -6 -3 -4 9 11 -11 -1 -10
right_child=1 4 7 -5 5 -7 -8 -9 12 10 -12 -13 -14
leaf_value=-0.010939324294315256 -0.049879210200143513 -0.0028519330842032261 0.089106996347383505 0.016747691268282155 0.10583037203898921 -0.0030512568321809795 -0.04941141624674561 0.032413316677666303 -0.025934382455391269 -0.0018267522833347006 0.033609604214514137 0.0046534988854553183 0.0049775022312961307
leaf_weight=16.790689451619983 2.3275093510746938 3.8675224445760232 1.3377868644893167 5.4429697580635548 1.7698852829635132 199.38724808674306 5.349727887660265 3.0122431144118309 3.92334334924817 14.768466074019672 12.034606246277688 85.771445594727993 2.6213063225150108
leaf_count=173 51 49 21 69 30 3012 93 46 31 134 175 896 20
internal_value=-7.79005e-07 -0.00226763 0.0158331 -0.00320922 -0.00331049 -0.00209326 -0.0298752 0.0498486 0.00371023 0.0045836 0.0140842 0.00210076 -0.0135534
internal_weight=358.405 222.495 12.1205 7.77048 210.374 201.157 9.21725 4.35003 135.91 129.365 26.8031 102.562 6.54465
internal_count=4800 3371 187 120 3184 3042 142 67 1429 1378 309 1069 51
is_linear=0
shrinkage=0.08


Tree=69
num_leaves=13
num_cat=0
split_feature=4 4 4 4 4 1 0 0 4 0 4 0
split_gain=0.438138 1.95343 0.794089 0.84276 1.3486 1.10454 0.842164 2.84729 0.507985 2.156 1.17728 0.433472
threshold=67.500000000000014 65.500000000000014 70.500000000000014 75.500000000000014 81.500000000000014 1.0000000180025095e-35 1.5000000000000002 4.5000000000000009 59.500000000000007 5.5000000000000009 50.500000000000007 3.5000000000000004
decision_type=2 2 2 2 2 2 2 2 2 2 2 2
left_child=1 8 6 5 -5 -4 -2 -8 10 -10 -1 -3
right_child=2 11 3 4 -6 -7 7 -9 9 -11 -12 -13
leaf_value=0.00096712512269154268 -0.087641445235929358 0.073622817542242702 0.085468566567105261 -0.04448835756134846 0.01324033212001619 -0.0022307096458991683 0.07393118756070266 -0.084166514731976325 0.026692783542647182 -0.036439628035259949 -0.013926771333738682 0.026861850263024296
leaf_weight=275.26487600244582 1.6014881581068063 2.502556361258029 1.4110541753470887 5.0189891560003144 5.3511751089245081 2.6363578233867884 1.2864865660667422 1.6825771480798719 15.252192853018643 4.4785082377493373 38.747123707085848 2.5734065845608711
leaf_count=3634 22 33 25 68 64 62 18 35 175 91 538 35
internal_value=-1.91183e-06 0.000660806 -0.0118272 -0.00261593 -0.0146994 0.028344 -0.0408839 -0.0156632 -8.83269e-05 0.0123629 -0.000870689 0.049916
internal_weight=357.807 338.819 18.9881 14.4176 10.3702 4.04741 4.57055 2.96906 333.743 19.7307 314.012 5.07596
internal_count=4800 4506 294 219 132 87 75 53 4438 266 4172 68
is_linear=0
shrinkage=0.08


Tree=70
num_leaves=15
num_cat=0
split_feature=4 4 1 4 0 4 4 4 2 4 0 4 0 0
split_gain=0.432858 3.37787 1.2367 0.995002 2.76634 2.66939 0.834207 2.09968 2.71238 1.98791 1.90708 3.45767 1.54929 0.635754
threshold=27.500000000000004 26.500000000000004 1.5000000000000002 21.500000000000004 7.5000000000000009 20.500000000000004 42.500000000000007 43.500000000000007 1.0000000180025095e-35 44.500000000000007 3.5000000000000004 36.500000000000007 4.5000000000000009 3.5000000000000004
decision_type=2 2 2 2 2 2 2 2 2 2 2 2 2 2
left_child=1 3 13 5 -5 -1 10 8 -8 -9 11 -2 -12 -3
right_child=6 2 -4 4 -6 -7 7 9 -10 -11 12 -13 -14 -15
leaf_value=0.001100732212754694 0.00030042756287857315 -0.11371316700822963 -0.015771629067220207 -0.018566656765314989 0.070903375639757585 0.066929408755300679 -0.13986215934018476 0.04032627210008341 -0.015944627115433027 -0.002661854478626421 -0.033141312034617045 0.038365580163864349 0.0023734675338162167 -0.054510060561724999
leaf_weight=67.427042834460735 36.574758637696505 2.0820315890014163 3.1231684479862452 29.943990731611848 2.388113494962453 4.1872325204312792 1.5579989962279785 7.2946048919111481 4.1198452953249216 122.49578742776066 9.9324636682867986 26.22184070572257 37.699736285954714 2.6237746775150299
leaf_count=896 364 22 39 387 42 65 25 101 65 1672 169 274 649 30
internal_value=1.71058e-06 -0.00412614 -0.0548008 -0.000309452 -0.0119582 0.00494969 0.00187807 -0.00232893 -0.0499476 -0.000245794 0.007039 0.0161952 -0.00503222 -0.0807038
internal_weight=357.672 111.775 7.82897 103.946 32.3321 71.6143 245.897 135.468 5.67784 129.79 110.429 62.7966 47.6322 4.70581
internal_count=4800 1481 91 1390 429 961 3319 1863 90 1773 1456 638 818 52
is_linear=0
shrinkage=0.08


Tree=71
num_leaves=12
num_cat=0
split_feature=1 4 4 4 0 4 4 0 4 4 4
split_gain=0.452968 0.650594 1.19517 0.884864 0.384807 2.05325 2.45883 0.781446 1.39429 0.573173 0.294298
threshold=1.0000000180025095e-35 87.500000000000014 81.500000000000014 77.500000000000014 7.5000000000000009 48.500000000000007 39.500000000000007 6.5000000000000009 13.500000000000002 14.500000000000002 56.500000000000007
decision_type=2 2 2 2 2 2 2 2 2 2 2
left_child=4 2 3 -2 7 6 -6 9 -9 -1 -7
right_child=1 -3 -4 -5 5 10 -8 8 -10 -11 -12
leaf_value=0.018821359222680554 -0.0018033839401602749 -0.05524208139779075 0.065216785963498655 -0.046957319083753925 -0.0058400886185347922 0.030340257294483794 -0.10238954247908144 -0.034602822727001901 0.033912892042396565 0.00064659772972241113 0.084618726362630611
leaf_weight=12.562793744727967 216.14843555074185 1.4712860826402892 1.6867173332720984 2.81372779700905 8.7261075563728792 1.4131375849246972 2.0930601507425299 2.2677215561270705 11.750420745462177 95.717561066150665 1.1674899756908415
leaf_count=128 3294 19 23 35 83 20 26 15 149 984 24
internal_value=4.36032e-06 -0.00222041 -0.00186686 -0.00238363 0.00364602 -0.00922419 -0.0245184 0.00505616 0.0228291 0.00275525 0.0548961
internal_weight=357.818 222.12 220.649 218.962 135.698 13.3998 10.8192 122.298 14.0181 108.28 2.58063
internal_count=4800 3371 3352 3329 1429 153 109 1276 164 1112 44
is_linear=0
shrinkage=0.08


Tree=72
num_leaves=14
num_cat=0
split_feature=0 2 4 4 2 4 4 0 4 4 0 2 0
split_gain=0.393268 1.1126 0.987162 1.32167 0.727398 1.05227 1.027 0.605367 1.19756 0.960836 0.902644 2.08089 0.993861
threshold=1.0000000180025095e-35 1.0000000180025095e-35 17.500000000000004 50.500000000000007 1.5000000000000002 42.500000000000007 29.500000000000004 3.5000000000000004 82.500000000000014 8.5000000000000018 2.5000000000000004 1.0000000180025095e-35 1.5000000000000002
decision_type=2 2 2 2 2 2 2 2 2 2 2 2 2
left_child=1 2 -1 -4 6 -6 -3 10 9 -9 12 -12 -2
right_child=7 4 3 -5 5 -7 -8 8 -10 -11 11 -13 -14
leaf_value=0.076301842877018217 0.0088160179674075037 0.00037702687296701414 -0.01440392987456377 0.066076835065872697 0.037104667509516014 -0.028288128452799325 -0.041154863683287433 0.02023180911099684 -0.067136735669165198 -0.0037271200680873153 0.043392120903008112 0.0048543963194410686 -0.0065801564763048317
leaf_weight=1.436348775401713 46.595589145086706 5.8871524650603595 5.7536251116544008 1.6893665753304956 3.2472245767712584 3.0579871274530888 10.802752937190233 11.568010058254002 1.8250214792788018 144.86773716285825 11.126150311902164 46.212418109178543 63.269653793424368
leaf_count=21 549 131 79 22 48 42 212 171 30 2463 105 391 536
internal_value=8.74745e-06 -0.00847182 0.015581 0.00386312 -0.0177596 0.00538958 -0.026505 0.000839294 -0.00270707 -0.00195542 0.00419598 0.0123324 -5.03951e-05
internal_weight=357.339 31.8745 8.87934 7.44299 22.9951 6.30521 16.6899 325.465 158.261 156.436 167.204 57.3386 109.865
internal_count=4800 555 122 101 433 90 343 4245 2664 2634 1581 496 1085
is_linear=0
shrinkage=0.08


Tree=73
num_leaves=15
num_cat=0
split_feature=4 4 0 0 1 0 4 2 4 4 0 4 2 0
split_gain=0.462858 2.7548 1.10435 1.95903 0.861814 2.07825 1.97898 0.78891 1.72245 2.05535 1.12699 0.978894 4.67889 0.932112
threshold=27.500000000000004 26.500000000000004 2.5000000000000004 5.5000000000000009 1.0000000180025095e-35 1.5000000000000002 21.500000000000004 1.5000000000000002 65.500000000000014 49.500000000000007 2.5000000000000004 30.500000000000004 1.0000000180025095e-35 1.0000000180025095e-35
decision_type=2 2 2 2 2 2 2 2 2 2 2 2 2 2
left_child=1 4 -3 -4 5 -1 -6 11 9 -9 -10 12 -2 -13
right_child=7 2 3 -5 6 -7 -8 8 10 -11 -12 13 -14 -15
leaf_value=0.049889216804726709 -0.047242285439453822 -0.086881932789462712 0.013001250655279423 -0.092013212651652534 0.0029081296480527661 0.00042545423664913049 -0.027585535708607917 -0.0016759133666099709 -0.01213589379330641 -0.044472042189023599 0.078642640063553468 -0.016106546096494381 0.046254065452334361 0.003951628578594395
leaf_weight=6.4772393610328427 4.6342379190027723 3.1010717507451764 3.0749533027410507 1.8038323856890199 43.775234151631594 33.827648494392633 19.773262416943908 24.93327958136797 1.4287533909082406 10.088110862299798 2.2592998594045639 16.22125294059515 13.134306132793427 172.55798882711679
leaf_count=94 66 28 32 31 683 311 302 312 19 137 42 281 176 2286
internal_value=8.60353e-06 -0.0042567 -0.0495529 -0.0258257 -0.000776243 0.00837458 -0.00658005 0.00195351 -0.00852729 -0.0140036 0.043475 0.00391774 0.0218692 0.00222809
internal_weight=357.09 111.833 7.97986 4.87879 103.853 40.3049 63.5485 245.257 38.7094 35.0214 3.68805 206.548 17.7685 188.779
internal_count=4800 1481 91 63 1390 405 985 3319 510 449 61 2809 242 2567
is_linear=0
shrinkage=0.08


Tree=74
num_leaves=14
num_cat=0
split_feature=4 4 2 0 1 0 4 2 4 4 0 4 0
split_gain=0.391561 2.29502 1.10497 1.82914 0.734044 1.85493 1.68658 0.666895 1.45364 1.88109 0.949858 0.873057 0.954917
threshold=27.500000000000004 26.500000000000004 1.0000000180025095e-35 2.5000000000000004 1.0000000180025095e-35 1.5000000000000002 21.500000000000004 1.5000000000000002 65.500000000000014 33.500000000000007 2.5000000000000004 87.500000000000014 5.5000000000000009
decision_type=2 2 2 2 2 2 2 2 2 2 2 2 2
left_child=1 4 -3 -4 5 -1 -6 11 9 -9 -10 12 -2
right_child=7 2 3 -5 6 -7 -8 8 10 -11 -12 -13 -14
leaf_value=0.047959819577715175 0.0073068177093170037 0.0043638991906691836 -0.11898227609302961 -0.02770482270150976 0.0026728957089409348 0.0003915390569696337 -0.025528900132221893 0.022516510367006859 -0.011144966223794753 -0.022547890235245484 0.072095869889336917 -0.05093682001282062 -0.0052247301113671138
leaf_weight=6.2099732644855967 152.26613522786647 2.1358195915818197 2.2798321964219213 3.6619671732187271 43.815794039517641 33.817605715245008 19.661769850179553 7.5537217967212191 1.4312177309766405 27.547752849757671 2.2670170506462455 1.8611745443195093 52.278170582838356
leaf_count=94 1863 22 23 46 683 311 302 93 19 356 42 22 924
internal_value=1.09847e-05 -0.00391773 -0.0449877 -0.0627274 -0.000712604 0.00777139 -0.00606243 0.00179878 -0.00782399 -0.0128502 0.0398816 0.00360765 0.00410396
internal_weight=356.788 111.583 8.07762 5.9418 103.505 40.0276 63.4776 245.205 38.7997 35.1015 3.69823 206.405 204.544
internal_count=4800 1481 91 69 1390 405 985 3319 510 449 61 2809 2787
is_linear=0
shrinkage=0.08


Tree=75
num_leaves=12
num_cat=0
split_feature=4 4 4 0 4 4 1 4 0 4 0
split_gain=0.381211 1.53874 0.730641 0.693392 0.662254 1.19049 1.04246 0.488795 1.85783 0.905426 0.468617
threshold=67.500000000000014 65.500000000000014 70.500000000000014 4.5000000000000009 75.500000000000014 79.500000000000014 1.0000000180025095e-35 59.500000000000007 5.5000000000000009 50.500000000000007 3.5000000000000004
decision_type=2 2 2 2 2 2 2 2 2 2 2
left_child=1 7 3 -2 6 -6 -4 9 -9 -1 -3
right_child=2 10 4 -5 5 -7 -8 8 -10 -11 -12
leaf_value=0.00081442585092690817 -0.014924509338276585 0.069795024916542034 0.084963351336881751 -0.079285941582117866 -0.04873725599503282 0.0076231340419327821 -0.0029028183508268434 0.025487052674762305 -0.033747432034581186 -0.012261418075837671 0.021153313816252566
leaf_weight=274.18649362120777 2.8858776222914484 2.420434756204485 1.2848069928586476 1.703757253475487 3.7516814246773702 6.6506528370082378 2.6394878840073943 15.159014983102681 4.364365827292203 38.671888012439013 2.6613685451447964
leaf_count=3634 40 33 25 35 52 80 62 175 91 538 35
internal_value=1.30011e-05 0.000632471 -0.0110383 -0.0388167 -0.00213925 -0.0127037 0.0258644 -3.54867e-05 0.0122454 -0.000801857 0.0443211
internal_weight=356.38 337.464 18.9163 4.58963 14.3266 10.4023 3.92429 332.382 19.5234 312.858 5.0818
internal_count=4800 4506 294 75 219 132 87 4438 266 4172 68
is_linear=0
shrinkage=0.08


Tree=76
num_leaves=11
num_cat=0
split_feature=1 4 4 4 4 4 2 2 3 0
split_gain=0.367517 0.531465 0.931805 0.730552 0.346186 2.31542 1.97183 1.39908 1.37249 0.886193
threshold=1.0000000180025095e-35 87.500000000000014 81.500000000000014 68.500000000000014 18.500000000000004 23.500000000000004 1.5000000000000002 1.0000000180025095e-35 1.0000000180025095e-35 6.5000000000000009
decision_type=2 2 2 2 2 2 2 2 2 2
left_child=4 2 3 -2 6 9 7 -1 -7 -6
right_child=1 -3 -4 -5 5 8 -8 -9 -10 -11
leaf_value=0.018553950980010562 -0.0012572703979058396 -0.050172803660559782 0.058056970583828298 -0.026749504618370005 0.062484760505951739 0.0040172283116117966 0.059102515368410949 -0.027017790175723776 -0.040669665196820505 -0.0021837886192061706
leaf_weight=6.0772426966577813 210.7175239790231 1.4556257016956795 1.6589127052575339 7.4490859135985366 5.8981076776981345 99.146309778094292 2.680425349622964 14.839305255562067 4.6029680408537379 1.761147655546665
leaf_count=54 3183 19 23 146 68 1079 34 140 33 21
internal_value=1.43983e-05 -0.00199253 -0.00167349 -0.00212768 0.00330386 0.00516826 -0.00549852 -0.0137771 0.00203464 0.0476151
internal_weight=356.287 221.281 219.826 218.167 135.006 111.409 23.597 20.9165 103.749 7.65926
internal_count=4800 3371 3352 3329 1429 1201 228 194 1112 89
is_linear=0
shrinkage=0.08


Tree=77
num_leaves=15
num_cat=0
split_feature=4 4 1 4 0 0 4 2 4 4 0 4 0 0
split_gain=0.366729 2.37613 3.63325 1.58589 3.89833 2.62745 1.70761 2.2387 1.67915 1.22656 0.568694 1.66661 0.640751 0.415505
threshold=36.500000000000007 35.500000000000007 1.0000000180025095e-35 42.500000000000007 3.5000000000000004 2.5000000000000004 43.500000000000007 1.0000000180025095e-35 44.500000000000007 40.500000000000007 1.5000000000000002 16.500000000000004 5.5000000000000009 2.5000000000000004
decision_type=2 2 2 2 2 2 2 2 2 2 2 2 2 2
left_child=1 10 -3 4 5 -2 7 -5 -8 -6 11 -1 -12 -4
right_child=3 2 13 6 9 -7 8 -9 -10 -11 12 -13 -14 -15
leaf_value=0.036199583311764032 0.020023468427650081 0.029020290187170367 -0.11225519909831398 -0.12543297380017782 -0.027374511662540017 0.07709436424160987 0.037476892310379685 -0.013532901151779629 -0.0020839264279330499 0.015952898397043048 -0.0070247952429033375 -0.0022482223204633128 0.004725874694878552 -0.0654530989515925
leaf_weight=9.925790995359419 18.783905435353521 2.6374329142272463 2.3004531301558018 1.5832950957119454 12.0876606926322 7.119637966156005 7.2760678380727759 4.1262152418494225 122.00433150678873 6.3932955190539351 87.686007376760244 26.425822471268475 44.910150274634361 2.5706007517874241
leaf_count=161 214 31 24 25 212 60 101 65 1672 112 981 365 729 48
internal_value=1.77312e-05 -0.00257169 -0.0466076 0.00256503 0.0156834 0.0357095 -0.00174828 -0.0445637 0.000142608 -0.0123858 -0.000614617 0.00824993 -0.00304486 -0.0875563
internal_weight=355.831 176.456 7.50849 179.374 44.3845 25.9035 134.99 5.70951 129.28 18.481 168.948 36.3516 132.596 4.87105
internal_count=4800 2339 103 2461 598 274 1863 90 1773 324 2236 526 1710 72
is_linear=0
shrinkage=0.08


Tree=78
num_leaves=16
num_cat=0
split_feature=0 4 4 4 4 4 4 4 4 1 0 4 2 2 1
split_gain=0.377749 1.05269 2.9247 2.23419 1.57286 1.41657 1.0905 0.493058 1.97162 2.24042 1.62732 0.992463 4.69291 0.699055 0.472173
threshold=1.0000000180025095e-35 50.500000000000007 41.500000000000007 44.500000000000007 56.500000000000007 39.500000000000007 61.500000000000007 28.500000000000004 26.500000000000004 1.5000000000000002 1.5000000000000002 30.500000000000004 1.0000000180025095e-35 1.5000000000000002 1.0000000180025095e-35
decision_type=2 2 2 2 2 2 2 2 2 2 2 2 2 2 2
left_child=1 2 5 -4 14 -1 -6 8 10 -10 -2 12 -9 -13 -3
right_child=7 4 3 -5 6 -7 -8 11 9 -11 -12 13 -14 -15 -16
leaf_value=-0.0088392050305970034 0.026349979406562567 0.034850838216259693 -0.15576157281943678 -0.036938559133209349 -0.069829070987018155 0.069587448283739195 0.015474742694370434 -0.055869387532521353 -0.056327814443534636 0.010945051610075435 -0.0037248519914851118 0.0036136150238110054 0.051738336701007762 -0.009571744680818799 0.10190518875128904
leaf_weight=17.810968001373123 13.415169568732379 1.4067537933588021 1.4268255867063988 3.4896441344171762 1.372684448957443 1.6069672442972649 3.1833598548546433 3.4946450944989893 8.7351002022623998 4.9715687595307818 81.272159889340401 171.87964894715697 10.062030870467424 30.265371538698673 1.2869361154735086
leaf_count=316 167 14 27 54 25 25 63 45 100 60 1057 2286 128 402 31
internal_value=1.89342e-05 -0.00833256 -0.0163044 -0.0714226 0.0184256 -0.00234886 -0.0102263 0.000832813 -0.00356895 -0.0319272 0.000536108 0.00304478 0.0239992 0.00163949 0.0668867
internal_weight=355.68 31.5841 24.3344 4.91647 7.24973 19.4179 4.55604 324.096 108.394 13.7067 94.6873 215.702 13.5567 202.145 2.69369
internal_count=4800 555 422 81 133 341 88 4245 1384 160 1224 2861 173 2688 45
is_linear=0
shrinkage=0.08


Tree=79
num_leaves=15
num_cat=0
split_feature=1 0 2 2 0 1 4 0 4 4 2 2 3 0
split_gain=0.367761 0.456862 1.24544 1.24322 1.14941 1.69421 0.988308 0.476748 0.31272 2.15067 1.73914 1.17794 0.971683 0.30377
threshold=1.0000000180025095e-35 1.0000000180025095e-35 1.5000000000000002 1.0000000180025095e-35 1.5000000000000002 1.5000000000000002 41.500000000000007 7.5000000000000009 18.500000000000004 21.500000000000004 1.5000000000000002 1.0000000180025095e-35 1.0000000180025095e-35 4.5000000000000009
decision_type=2 2 2 2 2 2 2 2 2 2 2 2 2 2
left_child=8 2 3 -2 5 -3 -4 -6 10 13 11 -1 -11 -10
right_child=1 4 6 -5 7 -7 -8 -9 9 12 -12 -13 -14 -15
leaf_value=0.017361704734856181 0.0058049938900028202 -0.01824691750799767 0.078957890170792563 -0.044172376308976552 -0.0049030410201768388 0.023438789020476008 -0.018439051451871233 0.0098856996174948135 0.086822892863735818 0.0046941271373401447 0.057228119804653491 -0.024534696469240159 -0.031884092505469204 0.040506878315557326
leaf_weight=6.005057150498037 5.1858564689755449 8.3875930095091444 1.4686426501721137 8.2584897698834538 156.67883589770645 24.36822260171175 1.2212278563529251 15.314673795364795 1.9682934246957295 102.65357379801571 2.5596083626151076 15.080895515158772 4.8683592043817034 1.6796675994992254
leaf_count=54 82 165 30 258 2227 223 31 355 29 1117 34 140 34 21
internal_value=1.79026e-05 -0.00199174 -0.0149527 -0.0248947 -0.000970419 0.0127646 0.0347387 -0.00358622 0.00331053 0.0050875 -0.00504389 -0.012603 0.00303794 0.0654971
internal_weight=355.699 220.884 16.1342 13.4443 204.749 32.7558 2.68987 171.994 134.815 111.17 23.6456 21.086 107.522 3.64796
internal_count=4800 3371 401 340 2970 388 61 2582 1429 1201 228 194 1151 50
is_linear=0
shrinkage=0.08


Tree=80
num_leaves=15
num_cat=0
split_feature=4 4 2 0 4 4 4 2 0 1 2 4 4 1
split_gain=0.350404 1.68156 0.890632 1.52732 0.642359 2.63623 0.549493 2.67373 1.51933 1.19921 0.559305 3.22708 1.50506 0.49652
threshold=27.500000000000004 26.500000000000004 1.0000000180025095e-35 2.5000000000000004 24.500000000000004 23.500000000000004 30.500000000000004 1.0000000180025095e-35 6.5000000000000009 1.0000000180025095e-35 1.0000000180025095e-35 32.500000000000007 32.500000000000007 1.5000000000000002
decision_type=2 2 2 2 2 2 2 2 2 2 2 2 2 2
left_child=1 4 -3 -4 5 -1 7 9 -9 -2 11 -8 -12 -6
right_child=6 2 3 -5 13 -7 10 8 -10 -11 12 -13 -14 -15
leaf_value=0.00063902398998348837 0.0085278275932895876 0.0058031201506248287 -0.1043223586992674 -0.022214490903798789 0.027546899503911371 -0.05020058093491412 0.080798648303301537 0.041408061581475954 -0.016732417146294389 -0.073541289787075206 -0.028186349213059007 0.002365488448455846 0.00043670191426191482 -0.0028941328345636896
leaf_weight=81.194199217483401 1.946959033608439 2.1538937315344793 2.3668962009251118 3.7424436379224062 8.2698766849935037 7.0983695834875098 3.6033690832555285 13.209423895925285 3.677384663373231 2.7476142086088657 12.71067184768617 49.164689965546131 156.72809930704534 5.8586080595850936
leaf_count=1107 19 22 23 46 112 99 53 163 59 47 151 684 2143 72
internal_value=1.81862e-05 -0.00371472 -0.0384302 -0.0540249 -0.000913907 -0.00344828 0.00171299 0.0139002 0.028747 -0.0395051 0.000529335 0.00772145 -0.00171049 0.014924
internal_weight=354.472 110.684 8.26323 6.10934 102.421 88.2926 243.788 21.5814 16.8868 4.69457 222.207 52.7681 169.439 14.1285
internal_count=4800 1481 91 69 1390 1206 3319 288 222 66 3031 737 2294 184
is_linear=0
shrinkage=0.08


Tree=81
num_leaves=12
num_cat=0
split_feature=1 4 4 4 0 4 4 0 2 4 4
split_gain=0.30179 0.44339 0.783487 0.64741 0.297505 1.83521 1.7343 0.741752 1.22902 0.482426 0.291664
threshold=1.0000000180025095e-35 87.500000000000014 81.500000000000014 77.500000000000014 7.5000000000000009 48.500000000000007 39.500000000000007 6.5000000000000009 1.5000000000000002 14.500000000000002 56.500000000000007
decision_type=2 2 2 2 2 2 2 2 2 2 2
left_child=4 2 3 -2 7 6 -6 9 -9 -1 -7
right_child=1 -3 -4 -5 5 10 -8 8 -10 -11 -12
leaf_value=0.016965188791874974 -0.0014278161167487651 -0.045791520615996721 0.053189847562594011 -0.039902836666083512 -0.0060074542494444926 0.029316425895082161 -0.084220553726763486 0.012901622040093109 0.086350612372178143 8.7241063618420048e-05 0.084387008590369836
leaf_weight=12.238137116655706 214.2275432087481 1.4569073561578978 1.6630396526306856 2.83604831714183 8.6974611580371839 1.3914928324520581 2.2927637100219718 12.109619665890929 1.657619014382363 94.774007961153984 1.1036769514903424
leaf_count=128 3294 19 23 35 83 20 26 137 27 984 24
internal_value=1.84561e-05 -0.00180441 -0.00151142 -0.00193051 0.00300781 -0.00826211 -0.0223242 0.00426613 0.0217451 0.00201744 0.0536755
internal_weight=354.448 220.184 218.727 217.064 134.265 13.4854 10.9902 120.779 13.7672 107.012 2.49517
internal_count=4800 3371 3352 3329 1429 153 109 1276 164 1112 44
is_linear=0
shrinkage=0.08


Tree=82
num_leaves=15
num_cat=0
split_feature=4 4 1 4 4 2 4 4 4 4 2 0 1 0
split_gain=0.320012 1.38999 0.763524 0.556516 2.1882 0.543396 1.22768 1.56254 1.05874 0.767477 3.09527 0.784103 0.420656 0.253412
threshold=27.500000000000004 26.500000000000004 1.5000000000000002 24.500000000000004 23.500000000000004 1.5000000000000002 65.500000000000014 49.500000000000007 67.500000000000014 30.500000000000004 1.0000000180025095e-35 1.0000000180025095e-35 1.5000000000000002 3.5000000000000004
decision_type=2 2 2 2 2 2 2 2 2 2 2 2 2 2
left_child=1 3 13 4 -1 9 7 -7 -8 10 -2 -11 -5 -3
right_child=5 2 -4 12 -6 6 8 -9 -10 11 -12 -13 -14 -15
leaf_value=0.00040516382134257983 -0.036956914462908629 -0.073018955371579472 -0.0041016213259096055 0.025538653066334051 -0.045768948109396107 -0.0008655278175150093 0.10107952230033021 -0.038132069601847944 0.0081834587168763216 -0.015173192245585377 0.039268668700793201 0.0033604575352555949 -0.0025485066462358212 -0.03749365146241062
leaf_weight=80.986830253154039 4.6236276812851438 2.3881211355328542 3.1834243508055806 8.1745646856725198 7.1483328919857732 24.786295553669333 1.1367818936705583 10.14907970279455 2.5387009968981147 15.970895765349267 12.98239678144455 171.36903269123286 5.8583282120525828 2.7822607569396496
leaf_count=1107 66 22 39 112 99 312 15 137 46 281 176 2286 72 30
internal_value=2.0966e-05 -0.00354929 -0.0349245 -0.000983882 -0.00333986 0.00164108 -0.0070648 -0.0116918 0.0369151 0.00328123 0.0192506 0.00178045 0.0138131 -0.0539023
internal_weight=354.079 110.522 8.35381 102.168 88.1352 243.557 38.6109 34.9354 3.67548 204.946 17.606 187.34 14.0329 5.17038
internal_count=4800 1481 91 1390 1206 3319 510 449 61 2809 242 2567 184 52
is_linear=0
shrinkage=0.08


Tree=83
num_leaves=15
num_cat=0
split_feature=4 4 1 4 0 0 4 2 4 4 0 4 0 0
split_gain=0.307144 2.08294 3.0834 1.34595 3.39926 2.33262 1.33961 1.861 1.48009 1.06142 0.419532 1.38999 0.48677 0.296109
threshold=36.500000000000007 35.500000000000007 1.0000000180025095e-35 42.500000000000007 3.5000000000000004 2.5000000000000004 43.500000000000007 1.0000000180025095e-35 44.500000000000007 40.500000000000007 1.5000000000000002 16.500000000000004 4.5000000000000009 2.5000000000000004
decision_type=2 2 2 2 2 2 2 2 2 2 2 2 2 2
left_child=1 10 -3 4 5 -2 7 -5 -8 -6 11 -1 -12 -4
right_child=3 2 13 6 9 -7 8 -9 -10 -11 12 -13 -14 -15
leaf_value=0.033021667908589215 0.018653245187504809 0.026986040011829453 -0.10209529265294666 -0.11256779897288992 -0.025644148921198762 0.073022509257243379 0.035198278051305036 -0.010967619375830594 -0.00202797011979735 0.014646331220909891 -0.0070998598217078528 -0.0024583689152990009 0.0026257611226354295 -0.062426256133074877
leaf_weight=9.694777771830557 18.616676557809118 2.56171965971589 2.3333855327218771 1.6052495725452889 12.050606936216356 6.9303668588399878 7.2426612563431254 4.1028746515512466 121.5808336911723 6.4109728708863249 71.262748368084431 26.070186574012041 61.239067692309618 2.4887541756033897
leaf_count=161 214 31 24 25 212 60 101 65 1672 112 729 365 981 48
internal_value=2.06195e-05 -0.0023545 -0.0439419 0.0023573 0.0145018 0.0334025 -0.00161547 -0.0395398 6.49486e-05 -0.0116529 -0.000529568 0.00715917 -0.00260492 -0.0816217
internal_weight=354.191 175.651 7.38386 178.54 44.0086 25.547 134.532 5.70812 128.823 18.4616 168.267 35.765 132.502 4.82214
internal_count=4800 2339 103 2461 598 274 1863 90 1773 324 2236 526 1710 72
is_linear=0
shrinkage=0.08


Tree=84
num_leaves=15
num_cat=0
split_feature=4 4 4 4 4 0 4 4 0 0 4 0 1 0
split_gain=0.291233 1.21987 1.10512 1.51634 0.744188 2.00171 1.18229 0.655352 0.693332 2.35598 0.589246 0.978396 0.920914 0.42931
threshold=67.500000000000014 59.500000000000007 60.500000000000007 61.500000000000007 50.500000000000007 6.5000000000000009 48.500000000000007 70.500000000000014 1.5000000000000002 4.5000000000000009 75.500000000000014 5.5000000000000009 1.0000000180025095e-35 2.5000000000000004
decision_type=2 2 2 2 2 2 2 2 2 2 2 2 2 2
left_child=1 4 13 -4 6 -6 -1 8 -2 -10 12 -12 -9 -3
right_child=7 2 3 -5 5 -7 -8 10 9 -11 11 -13 -14 -15
leaf_value=-0.00042244990285041745 -0.077638038868779277 0.080402072220857532 -0.04581814767342049 0.018687566448893429 -0.019260876472061306 0.029934071069078808 0.025725995754827313 0.084556593159957172 0.070758976018653025 -0.073280162311948158 -0.021620553049577707 0.045495118451844237 -0.00060691220159531599 0.028671557046081306
leaf_weight=260.75501020997763 1.6383772389963294 2.1417553760111359 2.6893254034221199 17.567093055695295 32.245157424360514 6.3331490326672784 11.557053014636038 1.1786178061738604 1.2517648711800577 1.7327976049855349 8.7672013072296959 1.6520451130345453 2.6169589720666409 1.9721700586378572
leaf_count=3482 22 19 36 249 414 124 152 25 18 35 93 39 62 30
internal_value=2.13336e-05 0.000565174 0.0178009 0.0101235 -0.000785911 -0.0111849 0.000687303 -0.00965755 -0.0358228 -0.0128682 -0.00114811 -0.0109789 0.0258384 0.055603
internal_weight=354.098 335.261 24.3703 20.2564 310.89 38.5783 272.312 18.8378 4.62294 2.98456 14.2148 10.4192 3.79558 4.11393
internal_count=4800 4506 334 285 4172 538 3634 294 75 53 219 132 87 49
is_linear=0
shrinkage=0.08


Tree=85
num_leaves=15
num_cat=0
split_feature=1 1 0 2 4 4 4 4 4 4 2 2 3 0
split_gain=0.275341 0.420065 2.24321 1.96936 1.56488 3.1755 1.55254 1.25975 0.328933 1.94121 1.5302 1.00621 0.84435 0.310948
threshold=1.0000000180025095e-35 1.5000000000000002 7.5000000000000009 1.5000000000000002 5.5000000000000009 8.5000000000000018 2.5000000000000004 63.500000000000007 18.500000000000004 21.500000000000004 1.5000000000000002 1.0000000180025095e-35 1.0000000180025095e-35 4.5000000000000009
decision_type=2 2 2 2 2 2 2 2 2 2 2 2 2 2
left_child=8 2 7 -4 6 -6 -3 -2 10 13 11 -1 -11 -10
right_child=1 4 3 -5 5 -7 -8 -9 9 12 -12 -13 -14 -15
leaf_value=0.015436194014265388 -0.0093801248799569494 0.014099683165273528 0.017478432448655705 0.13515706749814574 -0.092191373750812794 0.00020593893529982293 0.096173038964482024 -0.060033006809968495 0.086298083604891773 0.0043681036837623392 0.054680530337790384 -0.023511633049999398 -0.029545771758096327 0.038152723664194789
leaf_weight=5.8932645935565278 53.302381809800863 5.494942855089902 5.5158167686313382 1.0899984184652565 2.4196831285953513 147.11158916074783 2.0163706503808498 3.339209768921136 1.8362195976078504 102.08478901535273 2.4093859679996958 15.180698709562421 4.9250459782779208 1.6124425344169138
leaf_count=54 1172 69 131 23 32 1802 26 116 29 1117 34 140 34 21
internal_value=2.28087e-05 -0.00171636 -0.00722112 0.0368961 0.000500626 -0.00128921 0.0361318 -0.0123663 0.00288317 0.00471113 -0.00571498 -0.01262 0.00280724 0.0637874
internal_weight=354.232 220.29 63.2474 6.60582 157.043 149.531 7.51131 56.6416 133.942 110.458 23.4833 21.074 107.01 3.44866
internal_count=4800 3371 1442 154 1929 1834 95 1288 1429 1201 228 194 1151 50
is_linear=0
shrinkage=0.08


Tree=86
num_leaves=12
num_cat=0
split_feature=0 4 0 2 4 4 4 4 4 4 4
split_gain=0.298485 1.12376 1.04915 1.94929 2.26945 1.72907 1.31523 3.51025 0.80073 1.60346 1.33746
threshold=3.5000000000000004 82.500000000000014 2.5000000000000004 1.0000000180025095e-35 25.500000000000004 20.500000000000004 79.500000000000014 75.500000000000014 8.5000000000000018 5.5000000000000009 10.500000000000002
decision_type=2 2 2 2 2 2 2 2 2 2 2
left_child=2 8 6 5 -5 -4 7 -1 9 -2 -10
right_child=1 -3 3 4 -6 -7 -8 -9 10 -11 -12
leaf_value=-0.0012727382075512223 0.0014380190677509873 -0.06492745736281022 0.1057726700517109 -0.02607472495113956 0.014556956858182032 0.025840907412147753 0.049376457607892332 -0.10990142941257521 -0.054616043907482571 0.070555870039680155 -0.0023170204937128752
leaf_weight=134.71532163862139 8.7812686264514905 1.8287852890789498 2.1592711061239234 11.871619906276463 33.97770921792835 8.7535535339266044 3.1625589188188306 1.9311253912746895 3.2009393647313109 2.8437818102538577 140.20198385417461
leaf_count=1594 131 30 20 99 292 85 26 20 32 40 2431
internal_value=1.97519e-05 -0.00258286 0.00209654 0.011269 0.00403633 0.0416566 -0.00162747 -0.00280791 -0.00184741 0.018346 -0.0034844
internal_weight=353.428 156.857 196.571 56.7622 45.8493 10.9128 139.809 136.646 155.028 11.6251 143.403
internal_count=4800 2664 2136 496 391 105 1640 1614 2634 171 2463
is_linear=0
shrinkage=0.08


Tree=87
num_leaves=15
num_cat=0
split_feature=4 4 2 0 2 4 4 0 4 0 4 4 4 1
split_gain=0.270063 1.16537 0.70937 1.15486 0.505564 1.10338 1.41338 0.79017 0.665056 2.656 0.704768 0.499343 1.78043 0.359554
threshold=27.500000000000004 26.500000000000004 1.0000000180025095e-35 2.5000000000000004 1.5000000000000002 65.500000000000014 62.500000000000007 4.5000000000000009 30.500000000000004 6.5000000000000009 31.500000000000004 24.500000000000004 23.500000000000004 1.5000000000000002
decision_type=2 2 2 2 2 2 2 2 2 2 2 2 2 2
left_child=1 11 -3 -4 8 6 -6 -7 9 -2 -10 12 -1 -13
right_child=4 2 3 -5 5 7 -8 -9 10 -11 -12 13 -14 -15
leaf_value=0.00027531785119713206 0.033867462710194376 0.0075907755041044389 -0.087995411365507495 -0.017783887560485937 -0.0077156187237942542 0.0091604687779169181 -0.083749315445925954 0.088003229795676943 -0.024461632647511059 -0.042901037784127953 0.0026250425578687097 0.024095108876111611 -0.041229067989784748 -0.0019170850171705493
leaf_weight=80.817891426384449 13.937037130817773 2.1735322028398496 2.4733465211465955 3.8072154298424721 33.310261039063334 2.5337512679398055 1.6418025447055686 1.1982790948823092 6.3649276010692111 3.6369892731308928 180.16022256761789 8.093377683311699 7.2044862583279601 5.8656280636787406
leaf_count=1107 180 22 23 46 429 35 20 26 86 62 2481 112 99 72
internal_value=2.12268e-05 -0.00325864 -0.0318013 -0.0454339 0.00151315 -0.00687224 -0.0112871 0.0344753 0.00310248 0.01798 0.00170075 -0.000892494 -0.00312175 0.0131647
internal_weight=353.219 110.435 8.45409 6.28056 242.783 38.6841 34.9521 3.73203 204.099 17.574 186.525 101.981 88.0224 13.959
internal_count=4800 1481 91 69 3319 510 449 61 2809 242 2567 1390 1206 184
is_linear=0
shrinkage=0.08


Tree=88
num_leaves=13
num_cat=0
split_feature=0 4 4 4 2 0 4 4 0 4 4 4
split_gain=0.262581 0.964753 0.884481 2.16167 1.49021 1.00507 0.912533 1.04345 1.01605 0.684777 1.93764 1.02458
threshold=3.5000000000000004 82.500000000000014 57.500000000000007 49.500000000000007 1.5000000000000002 1.0000000180025095e-35 63.500000000000007 61.500000000000007 2.5000000000000004 7.5000000000000009 5.5000000000000009 17.500000000000004
decision_type=2 2 2 2 2 2 2 2 2 2 2 2
left_child=2 9 3 5 -5 -1 7 -4 -8 10 -2 -11
right_child=1 -3 6 4 -6 -7 8 -9 -10 11 -12 -13
leaf_value=-0.012079325055416345 0.0013004110359201946 -0.059772915408548365 0.016384635920827909 -0.015157108602469244 -0.073512687261389514 0.0059484570615794419 -0.0079667888219542952 0.068329158263829529 0.03532010275924715 -0.022160547684254676 0.087594877249840913 -0.00079372110856699323
leaf_weight=23.580730403773487 8.7847402505576593 1.8548515997827042 8.2436306960880774 16.473377922549847 3.3743448685854665 123.1840881286189 13.290164088830354 3.536853674799203 4.6969011556357136 16.177953585982323 2.0547987259924403 128.03216117341071
leaf_count=414 131 30 74 191 37 1174 159 39 48 233 26 2244
internal_value=2.0759e-05 -0.00241924 0.00197028 -0.000299077 -0.0250782 0.00305193 0.0146722 0.0319799 0.00333657 -0.00173313 0.0176588 -0.00319072
internal_weight=353.285 156.905 196.38 166.613 19.8477 146.765 29.7675 11.7805 17.9871 155.05 10.8395 144.21
internal_count=4800 2664 2136 1816 228 1588 320 113 207 2634 157 2477
is_linear=0
shrinkage=0.08


Tree=89
num_leaves=9
num_cat=0
split_feature=1 4 4 4 4 4 4 4
split_gain=0.290657 0.38727 0.688794 0.464633 0.273969 0.436324 1.75148 0.812567
threshold=1.0000000180025095e-35 87.500000000000014 81.500000000000014 68.500000000000014 1.0000000180025095e-35 18.500000000000004 21.500000000000004 14.500000000000002
decision_type=2 2 2 2 2 2 2 2
left_child=4 2 3 -2 -1 7 -7 -6
right_child=1 -3 -4 -5 5 6 -8 -9
leaf_value=0.035623666972826144 -0.0011926078339086754 -0.04342282957494218 0.050354305906380549 -0.021575825953963117 0.0022573415006099141 0.062214414258984406 0.002844950278227332 -0.03141109076425555
leaf_weight=1.6233947258442629 208.78086155187339 1.4195039542391885 1.6271396167576302 7.4112825924530616 15.461786922067406 3.2777365297079077 106.91399554163218 6.5231847763061515
leaf_count=34 3183 19 23 146 127 50 1151 67
internal_value=2.07266e-05 -0.00177251 -0.00150108 -0.00189136 0.00295905 0.00255786 0.00461094 -0.00773246
internal_weight=353.039 219.239 217.819 216.192 133.8 132.177 110.192 21.985
internal_count=4800 3371 3352 3329 1429 1395 1201 194
is_linear=0
shrinkage=0.08


Tree=90
num_leaves=15
num_cat=0
split_feature=4 4 1 4 0 0 4 0 4 4 0 4 0 0
split_gain=0.25681 1.81661 2.63226 1.10592 2.87171 1.972 1.13491 1.68428 1.24333 0.901161 0.395835 1.20598 0.492552 0.19102
threshold=36.500000000000007 35.500000000000007 1.0000000180025095e-35 42.500000000000007 3.5000000000000004 2.5000000000000004 43.500000000000007 6.5000000000000009 44.500000000000007 40.500000000000007 1.5000000000000002 16.500000000000004 4.5000000000000009 2.5000000000000004
decision_type=2 2 2 2 2 2 2 2 2 2 2 2 2 2
left_child=1 10 -3 4 5 -2 7 -5 -8 -6 11 -1 -12 -4
right_child=3 2 13 6 9 -7 8 -9 -10 -11 12 -13 -14 -15
leaf_value=0.031295314754126502 0.017315648097991014 0.025252706267421061 -0.092067323413603908 -0.059535420528677489 -0.023703345391881379 0.067994958638159964 0.032378772093380456 0.044768464144279659 -0.0018005643793361024 0.013482389821241298 -0.0070059069349478909 -0.0019132531170909122 0.0027885179466120963 -0.060099656353231001
leaf_weight=9.5819629635661823 18.458247402682904 2.5009672641754142 2.3833496514707804 4.4467081930488339 12.003802310675384 6.6966675259172908 7.2170509975403538 1.2748886272311208 121.19045347813517 6.3918420486152163 70.968086601234972 25.960802404209971 61.196511732414365 2.4018781632184982
leaf_count=161 214 31 24 70 212 60 101 20 1672 112 729 365 981 48
internal_value=2.10893e-05 -0.0021542 -0.0412595 0.0021635 0.0132399 0.0308073 -0.0014329 -0.0362944 0.000120461 -0.0107826 -0.000455241 0.00703943 -0.00247077 -0.0760216
internal_weight=352.673 174.994 7.2862 177.68 43.5506 25.1549 134.129 5.7216 128.408 18.3956 167.707 35.5428 132.165 4.78523
internal_count=4800 2339 103 2461 598 274 1863 90 1773 324 2236 526 1710 72
is_linear=0
shrinkage=0.08


Tree=91
num_leaves=16
num_cat=0
split_feature=4 4 4 0 3 4 0 3 4 2 0 4 2 1 4
split_gain=0.24782 0.782037 2.21551 1.99833 1.64377 1.05602 0.957105 0.840567 0.525783 3.2218 1.66252 0.642451 0.484287 2.85437 1.19743
threshold=28.500000000000004 21.500000000000004 20.500000000000004 7.5000000000000009 1.0000000180025095e-35 25.500000000000004 4.5000000000000009 1.0000000180025095e-35 30.500000000000004 1.0000000180025095e-35 6.5000000000000009 29.500000000000004 1.0000000180025095e-35 1.5000000000000002 32.500000000000007
decision_type=2 2 2 2 2 2 2 2 2 2 2 2 2 2 2
left_child=1 2 7 4 -3 -5 -4 -1 9 11 -11 -2 13 -10 -14
right_child=8 3 6 5 -6 -7 -8 -9 12 10 -12 -13 14 -15 -16
leaf_value=-0.0030799175331710032 -0.0188175399966094 -0.012464663954161624 0.023012080115971424 0.090019531733770142 -0.093333263598333341 -0.0006774306015862368 0.10158125674230949 0.040598040905652465 -0.0091517977924103332 0.053094740888123479 -0.025961122383069798 -0.086167566393857239 -0.025069657140133282 0.028501856598067948 0.00038723352337367774
leaf_weight=63.340525796636939 2.0465259589254847 41.735774511471391 2.0894801579415794 1.8105287328362458 1.6731353290379036 1.5042130686342714 1.8896816745400427 2.951246201992034 29.561790465377271 8.8633539229631406 2.1072140969336024 1.6271522715687754 12.797141417860983 22.839574976824224 155.74095467291772
leaf_count=860 27 530 32 33 18 31 33 36 447 110 37 22 151 290 2143
internal_value=2.11061e-05 -0.00298857 0.00234479 -0.0110098 -0.0155816 0.0488617 0.0603241 -0.00113542 0.00151576 0.0161957 0.0379098 -0.0486483 0.00054275 0.00725986 -0.00154571
internal_weight=352.578 116.995 70.2709 46.7237 43.4089 3.31474 3.97916 66.2918 235.584 14.6442 10.9706 3.67368 220.939 52.4014 168.538
internal_count=4800 1573 961 612 548 64 65 896 3227 196 147 49 3031 737 2294
is_linear=0
shrinkage=0.08


Tree=92
num_leaves=16
num_cat=0
split_feature=1 1 0 4 4 2 4 4 0 4 4 0 4 4 4
split_gain=0.294784 0.356564 1.90122 1.7296 1.34905 3.07622 2.84268 1.1249 0.266714 1.53364 1.34307 0.610171 1.23867 0.425413 0.395976
threshold=1.0000000180025095e-35 1.5000000000000002 7.5000000000000009 49.500000000000007 5.5000000000000009 1.0000000180025095e-35 8.5000000000000018 63.500000000000007 7.5000000000000009 48.500000000000007 39.500000000000007 6.5000000000000009 13.500000000000002 55.500000000000007 14.500000000000002
decision_type=2 2 2 2 2 2 2 2 2 2 2 2 2 2 2
left_child=8 2 7 -4 5 -3 -6 -2 11 10 -10 14 -13 -11 -1
right_child=1 4 3 -5 6 -7 -8 -9 9 13 -12 12 -14 -15 -16
leaf_value=0.015819964432816309 -0.0089585307473019141 -0.067822875079918327 0.009756073159393263 0.10284237537105657 -0.086464096269970536 0.059060226133769239 2.5446439083942714e-05 -0.058270111479824624 -0.0053485434271418122 0.015831406491046616 -0.072505684245234556 -0.033752826096973373 0.031121319719489379 0.084100350523500775 0.00041582961335057665
leaf_weight=12.037173310294746 52.979992537759244 1.5350948050618161 5.1047019213438025 1.7038823040202258 2.4732263647019854 6.0130725018680096 146.2582234935835 3.135961106978356 8.7106706909835321 1.1276289522647851 2.4396584033966056 2.2640775591135016 11.20902696251869 1.212129784747958 94.730718422681093
leaf_count=128 1172 23 113 41 32 72 1802 116 83 16 26 15 149 28 984
internal_value=2.01934e-05 -0.00178567 -0.00687049 0.0330514 0.000261681 0.0332556 -0.00141277 -0.0117142 0.00298027 -0.00768609 -0.0200423 0.00417695 0.0202196 0.0511987 0.00215252
internal_weight=352.935 219.204 62.9245 6.80858 156.28 7.54817 148.731 56.116 133.731 13.4901 11.1503 120.241 13.4731 2.33976 106.768
internal_count=4800 3371 1442 154 1929 95 1834 1288 1429 153 109 1276 164 44 1112
is_linear=0
shrinkage=0.08


Tree=93
num_leaves=15
num_cat=0
split_feature=1 0 1 4 2 4 4 4 4 4 2 0 3 2
split_gain=0.251919 0.340681 1.06862 2.50047 1.80185 0.4136 1.58489 1.25233 0.2604 1.5205 1.34463 0.95913 0.81332 0.810976
threshold=1.0000000180025095e-35 1.5000000000000002 1.5000000000000002 41.500000000000007 1.0000000180025095e-35 47.500000000000007 53.500000000000007 45.500000000000007 18.500000000000004 23.500000000000004 1.5000000000000002 6.5000000000000009 1.0000000180025095e-35 1.0000000180025095e-35
decision_type=2 2 2 2 2 2 2 2 2 2 2 2 2 2
left_child=8 2 3 -2 -4 7 -7 -3 10 11 13 -10 -11 -1
right_child=1 5 4 -5 -6 6 -8 -9 9 12 -12 -13 -14 -15
leaf_value=0.014291794523932057 -0.036045732951969098 -0.0026869037337954038 0.044761849018923383 0.03959724703738287 0.0016086298355953473 -0.029310793039218651 0.00060316305829074721 0.033851962711316214 0.057806215934209926 0.0035658053730457974 0.052990038467648402 -0.013404960297965609 -0.029959041631346241 -0.020774320625278894
leaf_weight=5.8096864558756396 9.8282229751348478 113.55438842438161 8.1344552449882013 3.9092742796055964 25.940784892998636 16.990630781278014 34.055054910015315 6.3383509181439868 5.1775809600949279 98.210772038437426 2.3174489531666032 1.579849377274513 4.8605641946196547 15.435483004897833
leaf_count=54 204 1740 96 126 363 220 530 92 68 1079 34 21 33 140
internal_value=1.77009e-05 -0.0016532 0.00431628 -0.01452 0.0119102 -0.00332291 -0.00935374 -0.000755209 0.00275784 0.00439503 -0.00487336 0.0411574 0.00198486 -0.0111852
internal_weight=352.143 218.751 47.8127 13.7375 34.0752 170.938 51.0457 119.893 133.391 109.829 23.5626 6.75743 103.071 21.2452
internal_count=4800 3371 789 330 459 2582 750 1832 1429 1201 228 89 1112 194
is_linear=0
shrinkage=0.08


Tree=94
num_leaves=15
num_cat=0
split_feature=0 4 4 4 4 4 4 0 4 4 4 4 4 1
split_gain=0.237725 0.974494 2.38712 1.99879 1.46159 1.21189 1.0105 0.41903 0.832192 0.748337 3.95144 1.06074 0.610996 0.398543
threshold=1.0000000180025095e-35 50.500000000000007 41.500000000000007 44.500000000000007 56.500000000000007 39.500000000000007 62.500000000000007 3.5000000000000004 82.500000000000014 8.5000000000000018 5.5000000000000009 44.500000000000007 8.5000000000000018 1.0000000180025095e-35
decision_type=2 2 2 2 2 2 2 2 2 2 2 2 2 2
left_child=1 2 5 -4 13 -1 -6 9 12 10 -2 -11 -9 -3
right_child=7 4 3 -5 6 -7 -8 8 -10 11 -12 -13 -14 -15
leaf_value=-0.0077329076592505758 0.010113016140085805 0.035696099215731747 -0.1465197175864405 -0.032349733511342418 -0.061192006228742248 0.065701811390078552 0.018699938095500964 0.015982486281419531 -0.055613605236408327 0.0098921075044646964 -0.11928851427254809 -0.0037274922852270284 -0.0030998954608335138 0.09677261637080907
leaf_weight=17.464444760233174 6.584870293736456 1.4184292927384368 1.3676696512848128 3.4747495632618666 1.5536915492266414 1.5673466362059105 2.9128329008817673 11.613120790570973 1.8518086709082116 96.935486532747746 1.9597570970654485 58.797105920966715 142.62538628745824 1.3201557360589504
leaf_count=316 70 14 27 54 30 25 58 171 30 916 15 580 2463 31
internal_value=1.69479e-05 -0.0066632 -0.0144453 -0.0645954 0.019123 -0.00168526 -0.00909067 0.000664998 -0.00230317 0.00348525 -0.0195659 0.00475 -0.00166312 0.0651385
internal_weight=351.447 31.0793 23.8742 4.84242 7.20511 19.0318 4.46652 320.368 156.09 164.277 8.54463 155.733 154.239 2.73859
internal_count=4800 555 422 81 133 341 88 4245 2664 1581 85 1496 2634 45
is_linear=0
shrinkage=0.08


Tree=95
num_leaves=15
num_cat=0
split_feature=4 4 1 4 4 2 4 1 4 0 4 0 1 0
split_gain=0.252652 0.938757 0.627208 0.491197 1.56207 0.389835 0.980464 2.95147 2.13198 0.551906 2.40871 0.789657 0.314094 0.154812
threshold=27.500000000000004 26.500000000000004 1.5000000000000002 24.500000000000004 21.500000000000004 1.5000000000000002 33.500000000000007 1.0000000180025095e-35 37.500000000000007 1.0000000180025095e-35 29.500000000000004 5.5000000000000009 1.5000000000000002 3.5000000000000004
decision_type=2 2 2 2 2 2 2 2 2 2 2 2 2 2
left_child=1 3 13 4 -1 9 7 -7 -8 10 -2 -11 -5 -3
right_child=5 2 -4 12 -6 6 8 -9 -10 11 -12 -13 -14 -15
leaf_value=0.0021174459230543156 0.10448863413962445 -0.060086489935943899 -0.00062169667658093985 0.02325783108535889 -0.024586994080344596 -0.039541424493798834 -0.066251409114034973 0.062939607721810828 -0.0040389861686870457 0.0074102261994592527 -0.018373346017054079 -0.0041925273622350811 -0.0011366219896743264 -0.032722449657115814
leaf_weight=69.841324348002672 1.0890562422573591 2.4870173176750523 3.1826684763655066 8.0114493966102582 17.539468690752983 3.081989884376525 4.0521249286830452 4.3191749565303326 27.121416345238686 133.29180515930057 16.40130505617708 52.258093125186861 5.8406565841287366 2.8275744896382093
leaf_count=961 22 22 39 112 245 33 50 60 367 1566 289 932 72 30
internal_value=1.55054e-05 -0.00316784 -0.0287081 -0.00102405 -0.00324279 0.00146123 -0.00591116 0.0202645 -0.0121257 0.00286188 -0.0107232 0.00414244 0.0129721 -0.0455277
internal_weight=351.345 109.73 8.49726 101.233 87.3808 241.615 38.5747 7.40116 31.1735 203.04 17.4904 185.55 13.8521 5.31459
internal_count=4800 1481 91 1390 1206 3319 510 93 417 2809 311 2498 184 52
is_linear=0
shrinkage=0.08


Tree=96
num_leaves=11
num_cat=0
split_feature=1 4 4 4 4 4 2 0 3 2
split_gain=0.283917 0.321441 0.612437 0.406996 0.263858 1.36943 1.17521 0.857709 0.692939 0.675297
threshold=1.0000000180025095e-35 87.500000000000014 81.500000000000014 77.500000000000014 18.500000000000004 23.500000000000004 1.5000000000000002 6.5000000000000009 1.0000000180025095e-35 1.0000000180025095e-35
decision_type=2 2 2 2 2 2 2 2 2 2
left_child=4 2 3 -2 6 7 9 -6 -7 -1
right_child=1 -3 -4 -5 5 8 -8 -9 -10 -11
leaf_value=0.012963146946210813 -0.0014801584449336946 -0.039916540940876565 0.047703086563083349 -0.031886742437183486 0.05630733653937664 0.0037787456709118677 0.050822696089193403 -0.010721983840060456 -0.026946567383133488 -0.01912617423690606
leaf_weight=5.7396517060697123 212.14359127357602 1.4041690677404393 1.6059682480990876 2.8552285856567314 4.9867081679403773 98.305774471722543 2.2065966539084902 1.6182532571256159 4.933420591056346 15.617477789521217
leaf_count=54 3294 19 23 35 68 1079 34 21 33 140
internal_value=1.51606e-05 -0.00176364 -0.00151631 -0.00188396 0.002922 0.00456985 -0.00475958 0.0398848 0.0023105 -0.0105023
internal_weight=351.417 218.009 216.605 214.999 133.408 109.844 23.5637 6.60496 103.239 21.3571
internal_count=4800 3371 3352 3329 1429 1201 228 89 1112 194
is_linear=0
shrinkage=0.08


Tree=97
num_leaves=15
num_cat=0
split_feature=1 0 2 4 0 1 4 0 4 4 2 4 4 2
split_gain=0.241597 0.316573 1.16355 1.1195 0.937046 1.37469 0.725549 0.346244 0.224925 2.6228 1.81902 2.57933 2.57567 1.46782
threshold=1.0000000180025095e-35 1.0000000180025095e-35 1.5000000000000002 51.500000000000007 1.5000000000000002 1.5000000000000002 41.500000000000007 2.5000000000000004 39.500000000000007 38.500000000000007 1.0000000180025095e-35 43.500000000000007 44.500000000000007 1.0000000180025095e-35
decision_type=2 2 2 2 2 2 2 2 2 2 2 2 2 2
left_child=8 2 3 -2 5 -3 -4 -6 9 13 11 -10 -12 -1
right_child=1 4 6 -5 7 -7 -8 -9 10 -11 12 -13 -14 -15
leaf_value=0.022999831555487273 -0.035583657941108043 -0.016464108781843935 0.071229264257902408 0.020083532345553008 -0.0087183882036053467 0.021589522834496836 -0.013162452998427578 -0.00080450072724487097 -0.081612653870584598 -0.084471434493811379 0.050404151354500187 0.00014084103864172272 0.0039568536815601423 -0.003756624300110172
leaf_weight=17.102415028959513 9.8842518255114538 8.1739803999662417 1.5381904803216451 3.0180772827006868 50.101604460272938 23.667163357138634 1.1316964142024515 120.43126640375704 3.2049543671309939 2.2898621782660475 9.9086162447929365 10.768612278625367 33.388198964297771 56.377511577680707
leaf_count=175 263 165 30 77 387 223 31 2195 31 24 113 129 381 576
internal_value=1.67879e-05 -0.00162307 -0.0126145 -0.0225621 -0.000777307 0.0118207 0.0354578 -0.00312956 0.00270321 -0.000156585 0.00648676 -0.01861 0.0145865 0.00247093
internal_weight=350.986 217.946 15.5722 12.9023 202.374 31.8411 2.66989 170.533 133.04 75.7698 57.2704 13.9736 43.2968 73.4799
internal_count=4800 3371 401 340 2970 388 61 2582 1429 775 654 160 494 751
is_linear=0
shrinkage=0.08


Tree=98
num_leaves=16
num_cat=0
split_feature=4 4 4 0 3 4 0 3 4 4 0 0 4 0 0
split_gain=0.228183 0.663706 1.83499 1.74794 1.30163 0.900887 0.759894 0.688962 0.412488 1.67355 1.93669 0.835617 3.5209 1.05324 0.417404
threshold=28.500000000000004 21.500000000000004 20.500000000000004 7.5000000000000009 1.0000000180025095e-35 25.500000000000004 4.5000000000000009 1.0000000180025095e-35 44.500000000000007 45.500000000000007 5.5000000000000009 1.0000000180025095e-35 41.500000000000007 3.5000000000000004 4.5000000000000009
decision_type=2 2 2 2 2 2 2 2 2 2 2 2 2 2 2
left_child=1 2 7 4 -3 -5 -4 -1 11 10 -10 12 -2 -13 -11
right_child=8 3 6 5 -6 -7 -8 -9 9 14 -12 13 -14 -15 -16
leaf_value=-0.0028774997471127644 0.00067779193821289145 -0.011782286895389509 0.020964935101061687 0.083329296393091237 -0.08294363443348711 -0.0002521430229045677 0.091273970091489048 0.037199861197693002 -0.016730778564277456 0.0045904486324110962 -0.10883426188880678 0.015109585642854669 -0.13824020899714071 -0.0011164655379398475 -0.0057311267846816448
leaf_weight=62.706528717651963 9.75494905002415 41.341006030328572 2.0264613479375835 1.8250439949333661 1.7132185418158759 1.5067136716097591 1.9120935276150701 2.8709057606756678 8.1034675333648902 72.389036507811397 1.7825388610362995 52.357694199308753 1.3264353852719057 50.101911775767803 38.364514581859112
leaf_count=860 152 530 32 33 18 31 33 36 88 870 29 499 27 877 685
internal_value=2.03797e-05 -0.00288282 0.00206238 -0.0102939 -0.0146139 0.0455314 0.0550986 -0.00112296 0.00145725 -0.00180001 -0.0333379 0.00491815 -0.0159506 0.00717518 0.0010151
internal_weight=350.083 115.902 69.516 46.386 43.0542 3.33176 3.93855 65.5774 234.181 120.64 9.88601 113.541 11.0814 102.46 110.754
internal_count=4800 1573 961 612 548 64 65 896 3227 1672 117 1555 179 1376 1555
is_linear=0
shrinkage=0.08


Tree=99
num_leaves=11
num_cat=0
split_feature=1 4 4 4 4 4 2 0 0 0
split_gain=0.239725 0.285129 0.722191 0.365096 0.231755 1.21583 1.0396 0.661942 0.655528 0.378306
threshold=1.0000000180025095e-35 84.500000000000014 80.500000000000014 68.500000000000014 18.500000000000004 21.500000000000004 1.5000000000000002 1.5000000000000002 1.5000000000000002 4.5000000000000009
decision_type=2 2 2 2 2 2 2 2 2 2
left_child=4 2 3 -2 6 9 8 -7 -1 -6
right_child=1 -3 -4 -5 5 7 -8 -9 -10 -11
leaf_value=0.026952383628087075 -0.0010891724003714836 -0.033208687754861584 0.059073757971959295 -0.019313834253614659 0.084787124870288694 -0.0084428624220855928 0.04897080137555556 0.006394866357971013 -0.015097418684208616 0.025586769654459173
leaf_weight=2.716506611555821 206.65869134617969 1.8135212007910002 1.2583742775022972 7.2829867582768193 1.4497212767601007 25.204042188823223 2.1181613598018876 81.355666626244783 18.747433055192232 1.3197231963276861
leaf_count=47 3183 26 21 141 29 253 34 898 147 21
internal_value=1.83438e-05 -0.00162035 -0.00135415 -0.00170957 0.00269395 0.00424543 -0.0044989 0.00288537 -0.00977554 0.0565764
internal_weight=349.925 217.014 215.2 213.942 132.911 109.329 23.5821 106.56 21.4639 2.76944
internal_count=4800 3371 3345 3324 1429 1201 228 1151 194 50
is_linear=0
shrinkage=0.08


Tree=100
num_leaves=13
num_cat=0
split_feature=4 4 4 4 4 4 4 2 4 0 1 0
split_gain=0.235378 1.43565 0.888622 2.13114 0.640828 1.79363 0.687962 2.1104 1.11765 0.572266 0.563253 0.395991
threshold=59.500000000000007 60.500000000000007 61.500000000000007 62.500000000000007 56.500000000000007 57.500000000000007 54.500000000000007 1.5000000000000002 50.500000000000007 2.5000000000000004 1.0000000180025095e-35 2.5000000000000004
decision_type=2 2 2 2 2 2 2 2 2 2 2 2
left_child=4 11 -3 -4 6 10 8 -8 -1 -7 -6 -2
right_child=1 2 3 -5 5 9 7 -9 -10 -11 -12 -13
leaf_value=0.00059575874325041634 0.07567436137132974 -0.043669636020564097 0.066325402405661316 -0.00193453888826804 -0.12029972623099887 0.028533652264252637 0.038949878463702986 -0.069340318893293174 -0.018666181131452218 -0.019798731588595443 -0.044644541863531208 0.025231925013106716
leaf_weight=268.52056191908196 2.0602003503590818 2.6685050688683978 3.2153213042765847 32.672477184329182 1.1442970931529983 2.722961749881506 7.3625936321914178 1.3653645478188989 20.770384794101119 3.6958477161824703 1.4007652811706064 1.9282905422151086
leaf_count=3634 19 36 49 494 13 26 110 17 271 63 38 30
internal_value=1.93756e-05 0.00559593 0.000869343 0.00418112 -0.000753479 -0.021829 -0.000119566 0.0220094 -0.000787202 0.00070464 -0.0786602 0.0512873
internal_weight=349.528 42.5448 38.5563 35.8878 306.983 8.96387 298.019 8.72796 289.291 6.41881 2.54506 3.98849
internal_count=4800 628 579 543 4172 140 4032 127 3905 89 51 49
is_linear=0
shrinkage=0.08


Tree=101
num_leaves=15
num_cat=0
split_feature=4 4 1 4 0 4 4 2 1 0 4 0 0 1
split_gain=0.230033 1.62321 2.36024 0.910714 3.84811 1.82173 1.52326 1.07051 0.62302 0.359986 1.12444 0.380796 0.155393 0.0373529
threshold=36.500000000000007 35.500000000000007 1.0000000180025095e-35 38.500000000000007 6.5000000000000009 39.500000000000007 42.500000000000007 1.0000000180025095e-35 1.0000000180025095e-35 1.5000000000000002 14.500000000000002 4.5000000000000009 2.5000000000000004 1.0000000180025095e-35
decision_type=2 2 2 2 2 2 2 2 2 2 2 2 2 2
left_child=1 9 -3 4 7 8 -7 -2 -5 10 -1 -11 -4 -6
right_child=3 2 12 5 13 6 -8 -9 -10 11 -12 -13 -14 -15
leaf_value=0.034307385909815399 0.076147213538732009 0.024127567661743524 -0.087066837498258567 -0.07336452430626797 -0.062949182364885323 0.022081208288759119 -0.0011458884693776638 0.023926745444489021 -0.02203516520119413 -0.0063512353767936139 -0.00073295016924298378 0.0022793880159600929 -0.057909970844892841 -0.083300883307529189
leaf_weight=7.4663529600948086 3.3681557066738579 2.4544826820492736 2.379187261685729 2.4325207695364943 1.044555060565471 20.907870106399059 133.14545867033303 9.8887085653841496 4.005244480445981 70.68514455948025 27.261872937902808 60.912803022190928 2.3014836832880974 1.2899060919880865
leaf_count=133 44 31 24 24 13 306 1863 116 61 729 393 981 48 34
internal_value=2.03958e-05 -0.00204732 -0.0394114 0.00205733 0.0205163 0.000264091 0.00200646 0.0371943 -0.0414301 -0.000444456 0.0068005 -0.00235637 -0.0727304 -0.0741945
internal_weight=349.544 173.461 7.13515 176.082 15.5913 160.491 154.053 13.2569 6.43777 166.326 34.7282 131.598 4.68067 2.33446
internal_count=4800 2339 103 2461 207 2254 2169 160 85 2236 526 1710 72 47
is_linear=0
shrinkage=0.08


Tree=102
num_leaves=15
num_cat=0
split_feature=4 4 1 4 4 2 4 4 4 4 2 4 1 0
split_gain=0.212696 0.74915 0.529867 0.480023 1.27857 0.332594 0.950076 1.29006 0.695815 0.51558 2.51869 0.568001 0.263337 0.113161
threshold=27.500000000000004 26.500000000000004 1.5000000000000002 24.500000000000004 21.500000000000004 1.5000000000000002 65.500000000000014 62.500000000000007 67.500000000000014 30.500000000000004 1.0000000180025095e-35 31.500000000000004 1.5000000000000002 3.5000000000000004
decision_type=2 2 2 2 2 2 2 2 2 2 2 2 2 2
left_child=1 3 13 4 -1 9 7 -7 -8 10 -2 -11 -5 -3
right_child=5 2 -4 12 -6 6 8 -9 -10 11 -12 -13 -14 -15
leaf_value=0.001693556211561956 -0.035121932484182376 -0.053100008503484453 0.00031403341675117325 0.022366788569925279 -0.022505066137862385 -0.0061109271958300019 0.082977467271637267 -0.078567541591680931 0.0089278368325437472 -0.022146165999481361 0.034128903534953833 0.0022511759977289327 1.2341549507057383e-05 -0.029903671577892588
leaf_weight=69.502636219374835 4.5660900492221126 2.5485822795890254 3.1795445084571838 7.9509484618902189 17.490663697943091 33.213022137060761 1.2068219520151608 1.6508229607716192 2.4832322495058179 6.3242047950625411 12.738937329500914 178.00766048021615 5.856978639960289 2.8524461649358273
leaf_count=961 66 22 39 112 245 429 15 20 46 86 176 2481 72 30
internal_value=2.02215e-05 -0.00290398 -0.0255962 -0.000972334 -0.00317176 0.00135189 -0.00545612 -0.00954179 0.0331456 0.00265361 0.0158564 0.00141413 0.0128846 -0.0408493
internal_weight=349.573 109.382 8.58057 100.801 86.9933 240.191 38.5539 34.8638 3.69005 201.637 17.305 184.332 13.8079 5.40103
internal_count=4800 1481 91 1390 1206 3319 510 449 61 2809 242 2567 184 52
is_linear=0
shrinkage=0.08


Tree=103
num_leaves=16
num_cat=0
split_feature=1 0 2 2 0 1 4 4 0 4 4 0 4 4 4
split_gain=0.215781 0.286384 1.02054 1.04992 0.760126 1.26576 0.533872 0.318289 0.231273 1.3665 1.06348 0.573048 1.08154 0.484763 0.401117
threshold=1.0000000180025095e-35 1.0000000180025095e-35 1.5000000000000002 1.0000000180025095e-35 1.5000000000000002 1.5000000000000002 41.500000000000007 50.500000000000007 7.5000000000000009 48.500000000000007 39.500000000000007 6.5000000000000009 13.500000000000002 54.500000000000007 14.500000000000002
decision_type=2 2 2 2 2 2 2 2 2 2 2 2 2 2 2
left_child=8 2 3 -2 5 -3 -4 -6 11 10 -10 14 -13 -11 -1
right_child=1 4 6 -5 7 -7 -8 -9 9 13 -12 12 -14 -15 -16
leaf_value=0.015532318004349179 0.0063540110462463892 -0.016402566729264271 0.061172379731611055 -0.040527104515400272 -0.00088507591895413363 0.020214969010028984 -0.010927142585788854 -0.0089608737531045486 -0.0054245653531006799 0.0091932408387397895 -0.064220292114366209 -0.03063817598855224 0.029795098272286592 0.08382299191327286 -3.477213225206024e-05
leaf_weight=11.940829015336929 5.1298382990062219 8.1615345310419816 1.6398494094610208 7.5673787496052682 129.14669107832015 23.259716205298901 1.0969680435955522 41.197971838992089 8.6720547154545766 1.0283857509493821 2.5471802763640872 2.2908383496105662 10.975999154150484 1.2153500672429798 93.879289712756872
leaf_count=128 82 165 30 258 1954 223 31 628 83 14 26 15 149 30 984
internal_value=1.95616e-05 -0.00153275 -0.0120359 -0.0215865 -0.000729311 0.0107037 0.0322735 -0.00283821 0.00256321 -0.00737536 -0.0187734 0.00368679 0.0193598 0.0496175 0.00172183
internal_weight=349.75 217.2 15.434 12.6972 201.766 31.4213 2.73682 170.345 132.55 13.463 11.2192 119.087 13.2668 2.24374 105.82
internal_count=4800 3371 401 340 2970 388 61 2582 1429 153 109 1276 164 44 1112
is_linear=0
shrinkage=0.08


Tree=104
num_leaves=13
num_cat=0
split_feature=4 4 4 4 4 4 4 2 4 0 0 1
split_gain=0.210038 1.25664 0.732892 1.85296 0.52832 1.46954 0.597611 1.76543 0.91027 0.494027 0.359743 0.358263
threshold=59.500000000000007 60.500000000000007 61.500000000000007 62.500000000000007 56.500000000000007 57.500000000000007 54.500000000000007 1.5000000000000002 50.500000000000007 2.5000000000000004 2.5000000000000004 1.0000000180025095e-35
decision_type=2 2 2 2 2 2 2 2 2 2 2 2
left_child=4 10 -3 -4 6 11 8 -8 -1 -7 -2 -6
right_child=1 2 3 -5 5 9 7 -9 -10 -11 -12 -13
leaf_value=0.00049484930317871575 0.072210569636721525 -0.039443620634485324 0.062417837172703196 -0.0017459504500967585 -0.1013833128332948 0.026957288776957467 0.036186903811705022 -0.062828430711669575 -0.016898297371838941 -0.01818532666992681 0.02370441380776107 -0.041949933483892428
leaf_weight=267.97917058179155 1.9996143095195287 2.6806282978504887 3.1598780527710906 32.57884766580537 1.2498961463570579 2.6842770464718342 7.3023957684636098 1.368418915197253 20.748220941051841 3.676609069108963 1.9163178466260431 1.3504519537091253
leaf_count=3634 19 36 49 494 13 26 110 17 271 63 30 38
internal_value=1.96223e-05 0.0053014 0.000901057 0.00392716 -0.000710258 -0.0198488 -0.000133575 0.0205604 -0.000755039 0.000864737 0.0484734 -0.0705175
internal_weight=348.695 42.3353 38.4194 35.7387 306.359 8.96123 297.398 8.67081 288.727 6.36089 3.91593 2.60035
internal_count=4800 628 579 543 4172 140 4032 127 3905 89 49 51
is_linear=0
shrinkage=0.08


Tree=105
num_leaves=16
num_cat=0
split_feature=4 4 4 0 1 3 4 3 4 2 0 1 2 4 4
split_gain=0.215812 0.4723 1.50969 1.4397 1.19763 1.10121 0.783694 0.585638 0.330393 2.54747 1.42237 0.551197 0.372864 2.85103 1.07729
threshold=28.500000000000004 21.500000000000004 20.500000000000004 7.5000000000000009 1.5000000000000002 1.0000000180025095e-35 25.500000000000004 1.0000000180025095e-35 30.500000000000004 1.0000000180025095e-35 6.5000000000000009 1.0000000180025095e-35 1.0000000180025095e-35 32.500000000000007 32.500000000000007
decision_type=2 2 2 2 2 2 2 2 2 2 2 2 2 2 2
left_child=1 2 7 5 -4 -3 -5 -1 9 11 -11 -2 13 -10 -14
right_child=8 3 4 6 -6 -7 -8 -9 12 10 -12 -13 14 -15 -16
leaf_value=-0.0031410267641415212 -0.0091422334384565415 -0.010340180793105813 0.078479151691293644 0.076511365886151886 -0.016921383862919661 -0.075288759546231918 -0.0014393966236456194 0.034112250896370121 0.076168346157678771 0.04689991167196543 -0.026378857882971323 -0.071727507387126813 -0.023526504071662881 0.0015198140858254494 0.00065442353470841991
leaf_weight=62.441896327771246 1.5931320786476111 41.377984997350723 2.7535573691129676 1.8417461216449731 1.2132380194962027 1.7410470098257054 1.4958620723336933 2.8228165637701741 3.5115328058600417 8.7161248698830587 2.1046051830053338 2.0718961749225855 12.770741313695906 48.501056451350451 153.76520811393857
leaf_count=860 15 530 48 33 17 18 31 36 53 110 37 34 151 684 2143
internal_value=2.00761e-05 -0.0028045 0.00138273 -0.00904447 0.0493011 -0.0129627 0.0415751 -0.00152976 0.00142232 0.0131227 0.0326474 -0.0445226 0.000646799 0.00655957 -0.00119988
internal_weight=348.722 115.688 69.2315 46.4566 3.9668 43.119 3.33761 65.2647 233.034 14.4858 10.8207 3.66503 218.549 52.0126 166.536
internal_count=4800 1573 961 612 65 548 64 896 3227 196 147 49 3031 737 2294
is_linear=0
shrinkage=0.08


Tree=106
num_leaves=13
num_cat=0
split_feature=0 0 2 4 4 4 4 4 0 4 0 0
split_gain=0.215993 0.844627 1.75182 1.63383 1.57469 1.16251 2.69327 0.728794 3.00235 0.668224 2.69977 1.92086
threshold=3.5000000000000004 2.5000000000000004 1.0000000180025095e-35 23.500000000000004 25.500000000000004 79.500000000000014 75.500000000000014 77.500000000000014 5.5000000000000009 43.500000000000007 4.5000000000000009 4.5000000000000009
decision_type=2 2 2 2 2 2 2 2 2 2 2 2
left_child=1 5 3 -3 -4 6 -1 9 -9 11 -11 -2
right_child=7 2 4 -5 -6 -7 -8 8 -10 10 -12 -13
leaf_value=-0.001300302972224056 -0.026966513053388878 0.091938141004717838 -0.021589087207878468 0.020664243941231106 0.01215857158041669 0.046981695688227208 -0.095163017010738413 -0.12628388624742981 0.046137663727817836 0.042298331117466531 -0.0032737436789522264 0.00034128934211384273
leaf_weight=132.69478914700449 20.767473081126809 2.7815080657601339 12.041530437767504 7.9175552111119032 33.374860326759517 3.0852889847010365 1.9857486956752826 1.3589187785983079 1.2325805872678754 10.41490815579891 41.356216697022319 79.954025728628039
leaf_count=1594 375 26 99 79 292 26 20 23 29 177 730 1330
internal_value=1.79512e-05 0.00179801 0.0100714 0.0391938 0.00321084 -0.00157195 -0.00268423 -0.00220742 -0.044276 -0.0014925 0.00589409 -0.00528923
internal_weight=348.965 193.881 56.1155 10.6991 45.4164 137.766 134.681 155.084 2.5915 152.493 51.7711 100.721
internal_count=4800 2136 496 105 391 1640 1614 2664 52 2612 907 1705
is_linear=0
shrinkage=0.08


Tree=107
num_leaves=15
num_cat=0
split_feature=1 1 0 4 4 4 4 4 4 4 2 4 4 3
split_gain=0.222048 0.274841 1.52518 1.36098 1.12189 2.08888 1.2808 1.04374 0.235411 1.33199 1.11377 0.763513 0.568086 0.503889
threshold=1.0000000180025095e-35 1.5000000000000002 7.5000000000000009 49.500000000000007 5.5000000000000009 8.5000000000000018 2.5000000000000004 63.500000000000007 19.500000000000004 23.500000000000004 1.5000000000000002 22.500000000000004 16.500000000000004 1.0000000180025095e-35
decision_type=2 2 2 2 2 2 2 2 2 2 2 2 2 2
left_child=8 2 7 -4 6 -6 -3 -2 10 11 12 -10 -1 -11
right_child=1 4 3 -5 5 -7 -8 -9 9 13 -12 -13 -14 -15
leaf_value=-0.0035107200576276745 -0.0078964286448837719 0.010430439969049576 0.0080704679646367988 0.088111795189008524 -0.074153545934824081 -4.2354253823535183e-05 0.085031028051176363 -0.056679347672684205 0.02332553025331089 0.0034531370626793212 0.049895123882644853 0.089408762751999632 -0.035619303820606171 -0.022533745655520767
leaf_weight=17.811895644292242 52.220195664092898 5.5015297755599013 5.1885607950389376 1.8423292972147463 2.4758047312498084 144.24726801132783 2.0114235244691372 2.966422443278133 3.7064722664654246 97.69226027559489 2.192815711721777 1.6028469428420065 4.3971535339951506 5.0207862481474868
leaf_count=161 1172 69 113 41 32 1802 26 116 56 1079 37 18 45 33
internal_value=1.90928e-05 -0.00155953 -0.00604786 0.029044 0.000251028 -0.00129291 0.0304031 -0.0105186 0.00259942 0.00420257 -0.00449742 0.0432756 -0.00986788 0.00218285
internal_weight=348.878 216.454 62.2175 7.03089 154.236 146.723 7.51295 55.1866 132.424 108.022 24.4019 5.30932 22.209 102.713
internal_count=4800 3371 1442 154 1929 1834 95 1288 1429 1186 243 74 206 1112
is_linear=0
shrinkage=0.08


Tree=108
num_leaves=12
num_cat=0
split_feature=0 4 4 2 4 4 4 4 4 4 4
split_gain=0.202769 0.750261 1.47004 2.80008 2.29661 1.31417 1.11722 0.599199 0.55873 1.43613 0.96104
threshold=3.5000000000000004 59.500000000000007 42.500000000000007 1.0000000180025095e-35 36.500000000000007 60.500000000000007 61.500000000000007 82.500000000000014 8.5000000000000018 5.5000000000000009 10.500000000000002
decision_type=2 2 2 2 2 2 2 2 2 2 2
left_child=1 2 4 -4 -1 -3 -7 8 9 -2 -10
right_child=7 5 3 -5 -6 6 -8 -9 10 -11 -12
leaf_value=-0.0010181418769560188 -0.00045522885566414984 0.069857695835277372 0.024025686477966508 -0.021841165936142829 0.026549973718837636 -0.053810081938552412 0.013586560391948319 -0.047110556502692351 -0.046182357123436261 0.065449620646888723 -0.001970320237411716
leaf_weight=93.947140384465456 8.8851291406899673 2.4825272932648685 10.921873375773428 38.707246417179704 24.353199552744627 1.7006541602313543 21.158924567513168 1.873264024965464 3.2199118994176379 2.7776436675339928 138.18553221831098
leaf_count=1016 131 24 120 440 274 16 246 30 32 40 2431
internal_value=1.67578e-05 0.00174525 -0.000191036 -0.0117473 0.00465701 0.0145761 0.00857254 -0.00213934 -0.00158898 0.0152409 -0.00297706
internal_weight=348.213 193.272 167.929 49.6291 118.3 25.3421 22.8596 154.941 153.068 11.6628 141.405
internal_count=4800 2136 1850 560 1290 286 262 2664 2634 171 2463
is_linear=0
shrinkage=0.08


Tree=109
num_leaves=12
num_cat=0
split_feature=1 4 4 1 0 4 4 0 4 4 4
split_gain=0.204312 0.259549 0.585201 0.293525 0.204277 1.20805 0.878258 0.484365 1.07286 0.458562 0.361601
threshold=1.0000000180025095e-35 84.500000000000014 80.500000000000014 1.5000000000000002 7.5000000000000009 48.500000000000007 29.500000000000004 6.5000000000000009 38.500000000000007 54.500000000000007 14.500000000000002
decision_type=2 2 2 2 2 2 2 2 2 2 2
left_child=4 2 3 -2 7 6 -6 10 -9 -7 -1
right_child=1 -3 -4 -5 5 9 -8 8 -10 -11 -12
leaf_value=0.014933521741852139 -0.0062354839067726535 -0.032090551822905919 0.053547102316261926 0.00032278958955376304 0.0069679918960513865 0.0096433036206530418 -0.037754664520045597 0.0016807900267607301 0.050210894248156404 0.083520746997272785 9.8898077871198192e-05
leaf_weight=11.843335559591649 61.341011235956103 1.7604326689615835 1.2402219651266921 151.66763417283073 5.1817645616829378 1.0337703004479402 6.1404639706015587 8.6086701713502389 4.4083486199378958 1.1205989411100743 93.841869868338108
leaf_count=128 1423 26 21 1901 48 14 61 95 69 30 984
internal_value=1.77502e-05 -0.00149816 -0.00124679 -0.00156582 0.00249509 -0.0068387 -0.0172868 0.00355478 0.018116 0.0480708 0.0017613
internal_weight=348.188 216.009 214.249 213.009 132.179 13.4766 11.3222 118.702 13.017 2.15437 105.685
internal_count=4800 3371 3345 3324 1429 153 109 1276 164 44 1112
is_linear=0
shrinkage=0.08


Tree=110
num_leaves=15
num_cat=0
split_feature=0 0 2 4 4 4 4 4 2 4 4 0 0 0
split_gain=0.178249 0.756498 1.43622 1.51323 1.38834 0.965371 2.28491 0.537354 0.869692 0.753077 0.704293 1.96235 1.66202 0.214778
threshold=3.5000000000000004 2.5000000000000004 1.0000000180025095e-35 23.500000000000004 10.500000000000002 79.500000000000014 75.500000000000014 67.500000000000014 1.0000000180025095e-35 68.500000000000014 43.500000000000007 4.5000000000000009 4.5000000000000009 6.5000000000000009
decision_type=2 2 2 2 2 2 2 2 2 2 2 2 2 2
left_child=1 5 3 -3 -4 6 -1 10 13 -10 12 -12 -2 -9
right_child=7 2 4 -5 -6 -7 -8 8 9 -11 11 -13 -14 -15
leaf_value=-0.0012661094430110927 -0.025020069264331389 0.087974897749121581 -0.03920906246132988 0.018343638775839322 0.0079370752914013302 0.04322783419987803 -0.086967074631298019 0.05133137355504365 -0.10527441321149963 -0.025945584930657791 0.039283952790075703 -0.0011723980759666133 0.00043936430700602556 -0.0061839093914531412
leaf_weight=132.202932653483 20.66008179448545 2.6855705827474576 4.4314146041870108 7.7955642323940992 40.819392312318087 3.0135424304753533 2.0214749155566087 0.92933174734935053 0.94356999173760403 4.0668200934305787 9.6234406791627389 37.865956116467714 79.779183682054281 0.75158898066729307
leaf_count=1594 375 26 32 79 359 26 20 20 15 102 157 640 1330 25
internal_value=1.89164e-05 0.00164057 0.00950078 0.0361852 0.00332005 -0.00155144 -0.0025568 -0.00200495 -0.0241797 -0.040885 -0.00100191 0.00702584 -0.00479757 0.0256146
internal_weight=347.59 192.97 55.7319 10.4811 45.2508 137.238 134.224 154.62 6.69131 5.01039 147.929 47.4894 100.439 1.68092
internal_count=4800 2136 496 105 391 1640 1614 2664 162 117 2502 797 1705 45
is_linear=0
shrinkage=0.08


Tree=111
num_leaves=11
num_cat=0
split_feature=1 4 4 4 4 4 2 4 0 0
split_gain=0.192487 0.248646 0.364291 0.274805 0.216241 1.18215 0.972713 0.738291 0.544045 0.482167
threshold=1.0000000180025095e-35 87.500000000000014 81.500000000000014 68.500000000000014 19.500000000000004 23.500000000000004 1.5000000000000002 22.500000000000004 1.5000000000000002 1.5000000000000002
decision_type=2 2 2 2 2 2 2 2 2 2
left_child=4 2 3 -2 6 7 8 -6 -1 -7
right_child=1 -3 -4 -5 5 9 -8 -9 -10 -11
leaf_value=0.024868772526148483 -0.00097835770321069628 -0.035434586099683418 0.03736277647914988 -0.016831571404700849 0.021956699189536792 -0.0077159263835134455 0.047791336976099448 0.08866944361042127 -0.013844493294286804 0.0051588965062457828
leaf_weight=2.634545184671885 205.37044359277934 1.369386302307247 1.5534889288246621 7.244796586688607 3.6425517331808797 24.44609634950757 2.0912966057658187 1.4984001480042932 19.661660123616457 78.064760393463075
leaf_count=48 3183 19 23 146 56 241 37 18 158 871
internal_value=1.97207e-05 -0.00145379 -0.00123652 -0.00151855 0.00242505 0.00396598 -0.00437691 0.041401 -0.00927009 0.0020886
internal_weight=347.577 215.538 214.169 212.615 132.039 107.652 24.3875 5.14095 22.2962 102.511
internal_count=4800 3371 3352 3329 1429 1186 243 74 206 1112
is_linear=0
shrinkage=0.08


Tree=112
num_leaves=13
num_cat=0
split_feature=0 4 4 2 4 4 4 4 4 0 4 1
split_gain=0.170467 0.690685 1.22884 2.36179 1.99979 1.14044 0.951142 0.533637 1.20244 3.00584 0.779061 0.715779
threshold=3.5000000000000004 59.500000000000007 42.500000000000007 1.0000000180025095e-35 36.500000000000007 60.500000000000007 61.500000000000007 8.5000000000000018 5.5000000000000009 6.5000000000000009 10.500000000000002 1.5000000000000002
decision_type=2 2 2 2 2 2 2 2 2 2 2 2
left_child=1 2 4 -4 -1 -3 -7 8 9 -2 -9 -12
right_child=7 5 3 -5 -6 6 -8 10 -10 -11 11 -13
leaf_value=-0.0010913728295126432 0.047052338614278939 0.066302535309360588 0.022281799581245283 -0.019974345123745376 0.02471642229647205 -0.048565480287635916 0.01311205528237875 -0.042150330642018834 0.060168000866642375 -0.046184534335619344 0.0012712779566027422 -0.011336258789987766
leaf_weight=93.699372147209942 4.3888951111584884 2.4091385304927853 10.816015372052787 38.949600109830499 24.173547198995948 1.731861518695953 21.046941185835749 3.2293615899980059 2.802557135000824 4.4635063894093037 98.837592517957091 40.683247984852642
leaf_count=1016 73 24 120 440 274 16 246 32 40 58 1476 985
internal_value=2.05764e-05 0.00160674 -0.000249166 -0.0107904 0.00420133 0.0139587 0.00842274 -0.00196028 0.0144992 4.09849e-05 -0.00330412 -0.00240499
internal_weight=347.232 192.826 167.639 49.7656 117.873 25.1879 22.7788 154.405 11.655 8.8524 142.75 139.521
internal_count=4800 2136 1850 560 1290 286 262 2664 171 131 2493 2461
is_linear=0
shrinkage=0.08


Tree=113
num_leaves=16
num_cat=0
split_feature=1 0 4 4 4 0 1 4 4 0 4 2 0 0 4
split_gain=0.154803 0.251888 0.970638 1.67278 1.61653 0.719564 1.08113 0.315903 0.187582 1.30411 1.96501 1.0425 2.23526 1.04272 0.933922
threshold=1.0000000180025095e-35 1.0000000180025095e-35 27.500000000000004 13.500000000000002 33.500000000000007 1.5000000000000002 1.5000000000000002 50.500000000000007 33.500000000000007 1.5000000000000002 37.500000000000007 1.0000000180025095e-35 4.5000000000000009 2.5000000000000004 37.500000000000007
decision_type=2 2 2 2 2 2 2 2 2 2 2 2 2 2 2
left_child=8 2 3 -2 -4 6 -3 -7 11 14 -11 12 -1 -13 -10
right_child=1 5 4 -5 -6 7 -8 -9 9 10 -12 13 -14 -15 -16
leaf_value=0.05306101248452294 0.0062936869481917037 -0.014725057628783254 0.065031380027347596 -0.083944478941190961 -0.013409632890266893 -0.00065107391263291819 0.019459516276641095 -0.0087353096327349652 -0.056958566952763801 0.052172386963595906 0.0055536892902701722 0.013483017135105762 -0.011779090474656289 -0.013803624944234861 -0.0058576414538893742
leaf_weight=6.3537283707410079 2.6177678033709517 7.973005477339032 2.1419504247605783 2.6412901892326772 7.8205304108560085 128.23382682632655 23.00617404282093 40.771146381739527 2.668419890105727 6.6260124668478957 45.678184024058282 12.077335680834947 7.3261088766157627 34.756164383143187 16.094913184642792
leaf_count=76 54 165 51 76 220 1954 223 628 24 89 550 152 61 319 158
internal_value=1.97613e-05 -0.00130189 -0.0112224 -0.0390272 0.00345532 -0.000546804 0.0106615 -0.00260133 0.00218138 0.00496865 0.0114595 -0.00109202 0.0183365 -0.006767 -0.0131249
internal_weight=346.787 215.206 15.2215 5.25906 9.96248 199.984 30.9792 169.005 131.581 71.0675 52.3042 60.5133 13.6798 46.8335 18.7633
internal_count=4800 3371 401 130 271 2970 388 2582 1429 821 639 608 137 471 182
is_linear=0
shrinkage=0.08


Tree=114
num_leaves=15
num_cat=0
split_feature=4 4 4 2 0 4 0 4 4 0 4 0 1 0
split_gain=0.147878 1.59678 1.09969 1.23403 1.76054 0.80779 1.56917 1.08954 0.726441 3.20405 1.46428 0.710933 0.487049 0.45099
threshold=39.500000000000007 38.500000000000007 42.500000000000007 1.0000000180025095e-35 2.5000000000000004 43.500000000000007 6.5000000000000009 44.500000000000007 36.500000000000007 6.5000000000000009 35.500000000000007 6.5000000000000009 1.0000000180025095e-35 2.5000000000000004
decision_type=2 2 2 2 2 2 2 2 2 2 2 2 2 2
left_child=1 8 3 4 -2 6 -4 -7 10 -10 -1 -5 -3 -14
right_child=2 12 5 11 -6 7 -8 -9 9 -11 -12 -13 13 -15
leaf_value=-5.9791668702532641e-05 0.04362517411537202 -0.068217325618037061 -0.053765060829776924 0.0232832028932628 -0.052512535884096552 0.031092966541418975 0.047091242369368375 -0.0012894888207951392 0.032090222334663278 -0.071234165360354582 -0.037456274584932031 0.071861708678031211 -0.045886004333611445 0.0091121553399126313
leaf_weight=164.96020139195025 2.0015650056302574 2.5029719024896613 4.2966358633711925 13.164841743186114 3.1184869930148125 7.0429110815748563 1.2818304281681774 119.11761123826727 12.89142434298992 2.2570550143718711 6.9847880415618411 2.2588849663734427 2.3000881690531974 1.6307757869362829
leaf_count=2236 25 24 70 189 51 101 20 1672 160 47 103 41 27 34
internal_value=2.06416e-05 -0.00144686 0.0018856 0.019101 -0.0149297 -0.000799017 -0.0305901 0.000518262 -9.92987e-05 0.0166954 -0.00157892 0.0303978 -0.0406333 -0.0230692
internal_weight=345.81 193.527 152.283 20.5438 5.12005 131.739 5.57847 126.161 187.093 15.1485 171.945 15.4237 6.43384 3.93086
internal_count=4800 2631 2169 306 76 1863 90 1773 2546 207 2339 230 85 61
is_linear=0
shrinkage=0.08


Tree=115
num_leaves=16
num_cat=0
split_feature=4 4 4 4 0 0 1 0 4 1 0 4 2 4 4
split_gain=0.145199 0.83833 0.72713 1.20616 0.99652 0.460416 2.53652 0.642464 0.412579 1.27951 1.99221 0.54259 1.4576 0.739591 0.527014
threshold=59.500000000000007 62.500000000000007 61.500000000000007 60.500000000000007 3.5000000000000004 7.5000000000000009 1.5000000000000002 3.5000000000000004 56.500000000000007 1.5000000000000002 5.5000000000000009 54.500000000000007 1.5000000000000002 50.500000000000007 58.500000000000007
decision_type=2 2 2 2 2 2 2 2 2 2 2 2 2 2 2
left_child=8 2 3 -2 -4 7 -7 -3 11 10 -10 13 -13 -1 -11
right_child=1 5 4 -5 -6 6 -8 -9 9 14 -12 12 -14 -15 -16
leaf_value=0.00046510634779147668 0.039855657053516194 0.0046191238031545326 0.095134055793306319 -0.030174045947355201 0.0026324907275291315 0.10047249458605331 -0.084762733146128255 -0.019678913691637982 -0.083539348508341202 -0.0095853215415256307 0.024730755335718529 0.033989026395185112 -0.056028474529283223 -0.015252448922636382 0.047804296606168785
leaf_weight=265.98231987096369 3.692325830459593 19.105677738320086 1.820147227495909 2.7437247801572084 1.2622732352465389 1.3343131388537579 0.73304048273712386 10.959372235462068 3.1155714690685254 2.4106186833232641 1.6710485704243181 7.2533229943364841 1.3684317078441379 20.647634694352746 1.7804649397730825
leaf_count=3634 49 223 23 36 26 34 24 213 50 33 35 110 17 271 22
internal_value=2.04349e-05 0.00445037 0.0253036 0.0100016 0.057254 -0.00172691 0.0347919 -0.00423805 -0.000586051 -0.017481 -0.0457414 -7.2327e-05 0.0197016 -0.000667121 0.0147951
internal_weight=345.88 41.6509 9.51847 6.43605 3.08242 32.1324 2.06735 30.065 304.229 8.9777 4.78662 295.252 8.62175 286.63 4.19108
internal_count=4800 628 134 85 49 494 58 436 4172 140 85 4032 127 3905 55
is_linear=0
shrinkage=0.08


Tree=116
num_leaves=12
num_cat=0
split_feature=1 4 4 4 1 4 0 4 4 4 4
split_gain=0.159202 0.228983 2.79931 1.83394 1.71729 0.848006 0.266751 0.189973 0.649973 0.341094 0.00602526
threshold=1.0000000180025095e-35 16.500000000000004 17.500000000000004 15.500000000000002 1.5000000000000002 18.500000000000004 1.5000000000000002 76.500000000000014 69.500000000000014 64.500000000000014 72.500000000000014
decision_type=2 2 2 2 2 2 2 2 2 2 2
left_child=7 3 6 4 -2 -4 -3 8 9 -1 -10
right_child=1 2 5 -5 -6 -7 -8 -9 10 -11 -12
leaf_value=0.0017944236104423107 -0.029979412445507808 -0.060811551379605797 0.045753357734359013 0.069400911430174142 0.013148866405033566 -0.0018370146286278827 -0.11260822895730563 0.021113254156717845 -0.034951097896896634 0.026332670481140158 -0.042826586989898267
leaf_weight=121.93442945182323 8.7894804980605894 1.3292198777198785 2.4286258574575177 2.598646067082881 18.028687274083495 180.01958963368088 1.2207131162285803 3.3171259053051463 1.2878696471452706 3.7365977745503178 1.2020065588876603
leaf_count=1313 186 17 44 40 235 2821 28 31 19 45 21
internal_value=1.95676e-05 -0.00132441 -0.00236692 0.00523176 -0.000986147 -0.00120352 -0.0856078 0.00221133 0.0017221 0.00252402 -0.038753
internal_weight=345.893 214.415 184.998 29.4168 26.8182 182.448 2.54993 131.478 128.161 125.671 2.48988
internal_count=4800 3371 2910 461 421 2865 45 1429 1398 1358 40
is_linear=0
shrinkage=0.08


Tree=117
num_leaves=16
num_cat=0
split_feature=4 4 4 0 1 4 4 3 4 2 0 4 4 2 4
split_gain=0.148295 0.490159 1.28831 1.20538 1.00165 0.973867 0.638712 0.480707 0.310126 2.25801 1.18606 0.59718 0.226711 1.4183 0.352052
threshold=28.500000000000004 21.500000000000004 20.500000000000004 7.5000000000000009 1.5000000000000002 24.500000000000004 25.500000000000004 1.0000000180025095e-35 30.500000000000004 1.0000000180025095e-35 6.5000000000000009 29.500000000000004 31.500000000000004 1.0000000180025095e-35 34.500000000000007
decision_type=2 2 2 2 2 2 2 2 2 2 2 2 2 2 2
left_child=1 2 7 5 -4 -3 -5 -1 9 11 -11 -2 13 -10 -14
right_child=8 3 4 6 -6 -7 -8 -9 12 10 -12 -13 14 -15 -16
leaf_value=-0.002233354760282945 -0.012982720567107951 -0.02801769175843475 0.072691530187266915 0.069494852669426121 -0.014964688377616766 -0.0030136021197287527 -0.0011426796616932301 0.031705020776101642 0.050147696186872377 0.043990002324340943 -0.023162395391757924 -0.078359753552082828 0.010550866728955497 -0.033571843110209637 -0.00020972789239516538
leaf_weight=61.872354503720999 2.0084571186453077 15.906117299571632 2.7648099754005662 1.8236643485724919 1.194894999265671 26.708923457190394 1.4874556381255386 2.7915356587618581 1.7007993422448624 8.6695496886968595 2.0889050140976915 1.6118059307336809 21.709845758974552 5.4288988541811705 187.65909251058474
leaf_count=860 27 221 48 33 17 327 31 36 26 110 37 22 273 70 2662
internal_value=1.63842e-05 -0.00233687 0.00194423 -0.00873374 0.0462401 -0.0123464 0.0377623 -0.000768237 0.00118395 0.0125612 0.0309514 -0.0420897 0.000428332 -0.0136004 0.000906058
internal_weight=345.427 114.55 68.6236 45.9262 3.9597 42.615 3.31112 64.6639 230.877 14.3787 10.7585 3.62026 216.499 7.1297 209.369
internal_count=4800 1573 961 612 65 548 64 896 3227 196 147 49 3031 96 2935
is_linear=0
shrinkage=0.08


Tree=118
num_leaves=15
num_cat=0
split_feature=1 4 4 0 4 4 0 0 4 4 0 4 4 4
split_gain=0.142955 0.235762 0.913748 2.92587 0.714453 2.57516 0.534249 0.187827 0.996549 0.917241 0.467461 0.932516 0.427719 0.336128
threshold=1.0000000180025095e-35 6.5000000000000009 4.5000000000000009 6.5000000000000009 12.500000000000002 13.500000000000002 2.5000000000000004 7.5000000000000009 48.500000000000007 39.500000000000007 6.5000000000000009 38.500000000000007 54.500000000000007 14.500000000000002
decision_type=2 2 2 2 2 2 2 2 2 2 2 2 2 2
left_child=7 2 3 -2 6 -6 -3 10 9 -9 13 -12 -10 -1
right_child=1 4 -4 -5 5 -7 -8 8 12 -11 11 -13 -14 -15
leaf_value=0.014142369745805881 0.021668384080326716 -0.00095347357263666566 0.061850824606461324 -0.084875157273856833 0.094962600389509752 -0.0017766917527413048 -0.040684496527115713 -0.0035278319698187001 0.0090924628140731656 -0.057233735130486803 0.0024438609299933726 0.048339510294284169 0.083027793322203183 -0.00024839676041871781
leaf_weight=11.687930991873143 8.2447006069123727 3.7233021743595582 1.8190624825656403 2.0622157268226138 1.7774172648787487 191.57414687937126 5.1787789929658175 8.7412094846367818 1.0271461829543107 2.6529601439833632 8.6250432729721052 4.2193496488034716 0.97716344380751241 93.370155286043882
leaf_count=128 121 49 26 40 30 3012 93 83 14 26 95 69 30 984
internal_value=1.51568e-05 -0.00125804 0.00957687 0.000351071 -0.00190763 -0.000887399 -0.024067 0.00209394 -0.00688178 -0.0160324 0.00311395 0.0175205 0.0451382 0.00135261
internal_weight=345.681 214.38 12.126 10.3069 202.254 193.352 8.90208 131.301 13.3985 11.3942 117.902 12.8444 2.00431 105.058
internal_count=4800 3371 187 161 3184 3042 142 1429 153 109 1276 164 44 1112
is_linear=0
shrinkage=0.08


Tree=119
num_leaves=15
num_cat=0
split_feature=4 4 4 2 0 0 1 4 2 4 4 0 4 0
split_gain=0.143071 1.32747 0.947134 1.05538 1.50648 0.840184 1.31383 0.664741 1.3936 0.930323 0.637968 2.73535 1.21106 0.60996
threshold=39.500000000000007 38.500000000000007 42.500000000000007 1.0000000180025095e-35 2.5000000000000004 1.5000000000000002 1.0000000180025095e-35 43.500000000000007 1.0000000180025095e-35 44.500000000000007 36.500000000000007 6.5000000000000009 35.500000000000007 6.5000000000000009
decision_type=2 2 2 2 2 2 2 2 2 2 2 2 2 2
left_child=1 10 3 4 -2 -3 -7 8 -4 -9 12 -12 -1 -5
right_child=2 5 7 13 -6 6 -8 9 -10 -11 11 -13 -14 -15
leaf_value=-0.00018530030526783589 0.040783783186350044 -0.089911777738389806 -0.088613401451530807 0.021622614365267783 -0.048628997685048601 -0.072843990136564132 0.01090034116511082 0.028778490765726989 -0.0014369041097442279 -0.0011200217834508783 0.02986400182461146 -0.066002874232599873 -0.034073905175639158 0.066354957430928965
leaf_weight=164.73364760354161 1.9756384454667593 1.4784334134310473 1.6785717047750939 13.10817273519933 3.095723319798708 1.9502904415130613 3.1123042423278093 7.0560090625658622 3.9011684795841575 118.86254218127578 12.807731382548807 2.23761530406773 7.0372801516205064 2.2920407801866522
leaf_count=2236 25 20 25 189 51 19 46 101 65 1672 160 47 103 41
internal_value=1.31885e-05 -0.00143042 0.00184995 0.0178566 -0.0137967 -0.0368551 -0.0213609 -0.000641962 -0.0276625 0.00055538 -0.000190089 0.0156062 -0.00157368 0.0282802
internal_weight=345.327 193.357 151.97 20.4716 5.07136 6.54103 5.06259 131.498 5.57974 125.919 186.816 15.0453 171.771 15.4002
internal_count=4800 2631 2169 306 76 85 65 1863 90 1773 2546 207 2339 230
is_linear=0
shrinkage=0.08


Tree=120
num_leaves=16
num_cat=0
split_feature=1 0 2 4 0 2 4 0 4 0 4 2 0 3 4
split_gain=0.140402 0.233135 0.975575 0.948734 0.632295 1.02657 0.610924 0.35582 0.190283 1.12498 1.83189 0.917483 1.99716 0.985686 0.714984
threshold=1.0000000180025095e-35 1.0000000180025095e-35 1.5000000000000002 51.500000000000007 1.5000000000000002 1.5000000000000002 32.500000000000007 2.5000000000000004 33.500000000000007 1.5000000000000002 37.500000000000007 1.0000000180025095e-35 4.5000000000000009 1.0000000180025095e-35 52.500000000000007
decision_type=2 2 2 2 2 2 2 2 2 2 2 2 2 2 2
left_child=8 2 3 -2 5 -3 -4 -6 11 14 -11 12 -1 -13 -10
right_child=1 4 6 -5 7 -7 -8 -9 9 10 -12 13 -14 -15 -16
leaf_value=0.051032821418898207 -0.032937337831905319 0.016497068717341315 -0.013385502003738439 0.018523533316649441 -0.0081136733678415524 -0.023210641541287474 0.063767337239333616 -5.9692564193779481e-05 -0.02230935103937139 0.050913903936139801 0.0053203354376017507 -0.0037305858129745234 -0.010840443639575297 -0.054869658991249882 0.011202920839705699
leaf_weight=6.1009043771773559 9.3691241168417019 25.665474086999897 1.1040736511349671 3.0357270156964651 49.864593705162406 4.9746412597596636 1.6215605894103644 118.61893383832648 12.998896986246111 6.4386063106358042 45.465061891824007 44.340202870778739 7.3745586164295673 2.5509755387902251 5.9346322603523722
leaf_count=76 263 330 19 77 387 58 42 2195 119 89 550 451 61 20 63
internal_value=1.37388e-05 -0.00124834 -0.0108217 -0.0203438 -0.000520909 0.0100502 0.032515 -0.00244336 0.0020747 0.00488715 0.0109762 -0.00122556 0.0171722 -0.00651266 -0.0118051
internal_weight=345.458 214.254 15.1305 12.4049 199.124 30.6401 2.72563 168.484 131.204 70.8372 51.9037 60.3666 13.4755 46.8912 18.9335
internal_count=4800 3371 401 340 2970 388 61 2582 1429 821 639 608 137 471 182
is_linear=0
shrinkage=0.08


Tree=121
num_leaves=14
num_cat=0
split_feature=4 4 4 0 0 4 0 1 2 4 4 4 0
split_gain=0.151894 1.08524 0.770004 0.577387 2.19501 0.485116 0.796882 0.749199 0.429281 0.808138 0.365492 0.685784 0.585992
threshold=67.500000000000014 65.500000000000014 70.500000000000014 1.5000000000000002 4.5000000000000009 75.500000000000014 5.5000000000000009 1.0000000180025095e-35 1.0000000180025095e-35 66.500000000000014 63.500000000000007 61.500000000000007 5.5000000000000009
decision_type=2 2 2 2 2 2 2 2 2 2 2 2 2
left_child=1 10 3 -2 -5 7 -7 -4 -3 -10 11 -1 -12
right_child=2 8 5 4 -6 6 -8 -9 9 -11 12 -13 -14
leaf_value=-0.00029268545846660349 -0.073813907513899601 0.073446920564280468 0.08421690333365095 0.070704945927549376 -0.072518023809671497 -0.015983887400312213 0.046005476207200136 0.0036912033491181503 -0.011373795508050944 0.068022370091934223 -0.005458695841954072 0.027466563227975926 -0.06348696690806481
leaf_weight=310.08540633227676 1.6341990316286708 1.5029132179915894 1.0577592784538858 1.1564306151121857 1.6793730817735193 8.688851483166216 1.5664895856752981 2.4572206875309348 1.9503927156329155 1.416258292272687 4.5434299530461422 5.8023403305560342 1.4754495825618503
leaf_count=4257 22 20 25 18 35 93 39 62 30 18 57 91 33
internal_value=1.55609e-05 0.000412142 -0.0070892 -0.0359387 -0.0141122 0.00227568 -0.0065151 0.0279237 0.0378963 0.022026 -0.00015489 0.000217206 -0.0196836
internal_weight=345.017 326.776 18.2403 4.47 2.8358 13.7703 10.2553 3.51498 4.86956 3.36665 321.907 315.888 6.01888
internal_count=4800 4506 294 75 53 219 132 87 68 48 4438 4348 90
is_linear=0
shrinkage=0.08


Tree=122
num_leaves=13
num_cat=0
split_feature=4 4 4 0 0 4 1 0 0 4 4 0
split_gain=0.12672 0.915311 0.636455 0.465711 1.84148 0.420383 0.709218 0.669603 0.411163 0.309807 0.581676 0.503741
threshold=67.500000000000014 65.500000000000014 70.500000000000014 1.5000000000000002 4.5000000000000009 75.500000000000014 1.0000000180025095e-35 5.5000000000000009 3.5000000000000004 63.500000000000007 61.500000000000007 5.5000000000000009
decision_type=2 2 2 2 2 2 2 2 2 2 2 2
left_child=1 9 3 -2 -5 6 -4 -7 -3 10 -1 -11
right_child=2 8 5 4 -6 7 -8 -9 -10 11 -12 -13
leaf_value=-0.00026926110484931632 -0.065779579772743249 0.060480727876657883 0.083879415429498727 0.067338760983874688 -0.064178506898566676 -0.014622204623053104 0.0033955083413804849 0.042000434189099024 0.013805433695670083 -0.0050115265618032156 0.025320686398008076 -0.058995185723849632
leaf_weight=310.09600208280608 1.6848364993929887 2.1916689537465563 0.98020383017137591 1.1186995580792429 1.7429393711499868 8.7360899983905238 2.4574975483119488 1.5781015893444408 2.6908364295959473 4.552530648186802 5.7910546027123919 1.4613973107188938
leaf_count=4257 22 33 25 18 35 93 62 39 35 57 91 33
internal_value=1.61012e-05 0.000378869 -0.00646242 -0.0324109 -0.0127645 0.00211632 0.0263442 -0.00595877 0.0347571 -0.000142571 0.000199871 -0.0181297
internal_weight=345.082 326.783 18.2984 4.54648 2.86164 13.7519 3.4377 10.3142 4.88251 321.901 315.887 6.01393
internal_count=4800 4506 294 75 53 219 87 132 68 4438 4348 90
is_linear=0
shrinkage=0.08


Tree=123
num_leaves=16
num_cat=0
split_feature=1 1 0 4 4 4 4 4 4 4 0 4 0 0 4
split_gain=0.128584 0.252751 1.39526 2.87313 1.64001 0.914692 2.08273 1.06064 0.174488 1.00403 0.833539 1.04996 0.404385 0.376742 0.260916
threshold=1.0000000180025095e-35 1.5000000000000002 4.5000000000000009 26.500000000000004 28.500000000000004 5.5000000000000009 7.5000000000000009 2.5000000000000004 18.500000000000004 21.500000000000004 5.5000000000000009 14.500000000000002 4.5000000000000009 1.5000000000000002 11.500000000000002
decision_type=2 2 2 2 2 2 2 2 2 2 2 2 2 2 2
left_child=8 2 4 -4 -2 7 -7 -3 10 12 11 -1 -10 -11 -12
right_child=1 5 3 -5 -6 6 -8 -9 9 13 14 -13 -14 -15 -16
leaf_value=-0.0013229241533892291 -0.039319186844218236 0.0096415528579933633 0.049253565997698215 -0.0088769708964434643 -0.0033253978218836526 -0.090088512934532239 0.00018283092930256533 0.077795101546806647 0.084377399966026168 -0.0063025474379231755 0.0032729031267348099 -0.04825397973041029 0.020187058245300933 0.0048692275714176678 0.030325041284853822
leaf_weight=9.195156999863686 12.352656786795704 5.4587871097028247 7.7948781643062857 18.024413258768618 23.541412412188947 1.6546150483191002 143.37082017865032 1.9956860952079294 1.2975646276026958 25.513994500041008 5.8472176697105152 4.5658795163035384 1.2174301557242868 79.561058312654495 3.7421005144715309
leaf_count=110 280 69 185 435 542 21 1813 26 29 253 37 48 21 898 33
internal_value=1.6714e-05 -0.00119061 -0.00551028 0.00867271 -0.0157124 0.000557691 -0.000847087 0.0278874 0.00199167 0.00335216 -0.00427701 -0.0168945 0.0533049 0.00215653 0.0138296
internal_weight=345.134 214.193 61.7134 25.8193 35.8941 152.48 145.025 7.45447 130.94 107.59 23.3504 13.761 2.51499 105.075 9.58932
internal_count=4800 3371 1442 620 822 1929 1834 95 1429 1201 228 158 50 1151 70
is_linear=0
shrinkage=0.08


Tree=124
num_leaves=12
num_cat=0
split_feature=0 0 4 4 4 4 4 0 4 0 0
split_gain=0.168734 0.604153 1.89688 4.28706 0.898233 1.775 0.586854 2.09026 0.46647 2.01993 1.54444
threshold=3.5000000000000004 2.5000000000000004 1.5000000000000002 10.500000000000002 79.500000000000014 75.500000000000014 77.500000000000014 5.5000000000000009 43.500000000000007 4.5000000000000009 4.5000000000000009
decision_type=2 2 2 2 2 2 2 2 2 2 2
left_child=1 4 -3 -4 5 -1 8 -8 10 -10 -2
right_child=6 2 3 -5 -6 -7 7 -9 9 -11 -12
leaf_value=-0.001074035483531074 -0.024194629695290348 0.093156321827809363 -0.082863049856810228 0.011822441490660234 0.042234448525572246 -0.075787942127276353 -0.1049962951119387 0.03724425654791004 0.036469180135790154 -0.0031419592692268697 0.00054240289463871499
leaf_weight=131.24564985232428 20.272737534716725 1.6495450474321831 3.258840423077344 50.248812770470977 2.9721429618075481 2.0671011246740809 1.4297578316181891 1.2300421260297296 10.349912800826131 40.399364315904677 79.49021440371871
leaf_count=1594 375 13 25 458 26 20 23 29 177 730 1330
internal_value=1.28593e-05 0.00159628 0.00866055 0.0060557 -0.00126277 -0.00223252 -0.00196618 -0.0392162 -0.00130791 0.00493642 -0.00448439
internal_weight=344.614 191.442 55.1572 53.5077 136.285 133.313 153.172 2.6598 150.512 50.7493 99.763
internal_count=4800 2136 496 483 1640 1614 2664 52 2612 907 1705
is_linear=0
shrinkage=0.08


Tree=125
num_leaves=15
num_cat=0
split_feature=0 4 4 4 2 4 4 0 1 4 3 4 0 0
split_gain=0.143163 0.554188 1.26007 0.988894 0.780474 0.503422 1.63939 2.31294 0.562803 3.1488 0.987675 0.50188 1.00728 0.634263
threshold=3.5000000000000004 57.500000000000007 49.500000000000007 48.500000000000007 1.5000000000000002 7.5000000000000009 5.5000000000000009 6.5000000000000009 1.5000000000000002 28.500000000000004 1.0000000180025095e-35 62.500000000000007 2.5000000000000004 2.5000000000000004
decision_type=2 2 2 2 2 2 2 2 2 2 2 2 2 2
left_child=1 2 3 -1 -4 6 7 -2 10 -10 -7 13 -13 -3
right_child=5 11 4 -5 -6 8 -8 -9 9 -11 -12 12 -14 -15
leaf_value=0.0012260024534135846 0.040222629604059597 0.039186586700810773 -0.011815604499650436 0.043283850993652957 -0.053265163423834271 0.0014008130583620924 0.080681227702989008 -0.041409865060928031 -0.050597808183947005 0.0015214798252693859 -0.047559867946332893 -0.0065701497294927899 0.035810656017529537 -0.006107825734422867
leaf_weight=138.68711847160012 4.5235987883061135 7.0255507081747073 16.609008196741346 3.6727138645946971 3.5242702905088654 99.187553408555686 1.9770096912980086 4.3646672591567039 9.7756486497819406 30.769602733198553 2.7089530546218148 14.216566062998028 4.8013034164905539 2.7543060705065727
leaf_count=1542 73 73 191 46 37 1474 26 58 277 726 30 172 51 24
internal_value=1.46956e-05 0.00147446 -0.000338269 0.00231104 -0.0190712 -0.00180675 0.0147919 0.00013622 -0.00307287 -0.0110447 9.91768e-05 0.0117029 0.00412942 0.0264303
internal_weight=344.598 191.291 162.493 142.36 20.1333 153.307 10.8653 8.88827 142.442 40.5453 101.897 28.7977 19.0179 9.77986
internal_count=4800 2136 1816 1588 228 2664 157 131 2507 1003 1504 320 223 97
is_linear=0
shrinkage=0.08


Tree=126
num_leaves=12
num_cat=0
split_feature=1 1 0 4 4 4 4 4 4 4 4
split_gain=0.125908 0.237569 1.21741 2.27352 1.42169 0.872562 2.20156 1.14082 0.199772 0.661924 0.335616
threshold=1.0000000180025095e-35 1.5000000000000002 4.5000000000000009 26.500000000000004 28.500000000000004 16.500000000000004 24.500000000000004 12.500000000000002 76.500000000000014 69.500000000000014 64.500000000000014
decision_type=2 2 2 2 2 2 2 2 2 2 2
left_child=8 2 4 -4 -2 7 -7 -3 9 10 -1
right_child=1 5 3 -5 -6 6 -8 -9 -10 -11 -12
leaf_value=0.0015465874279656229 -0.03752587473782442 0.0046382709271028319 0.042684482484767097 -0.0082277009417167681 -0.0036386714010889151 -0.02877783308140635 0.0021389427214791863 0.048432521527648861 0.021401993728102565 -0.039777727378150621 0.026051960901083158
leaf_weight=121.37504666671157 11.922861387021838 14.248155573382975 8.1826650053262728 17.878849231172353 23.620882638264447 16.90017837099731 115.37067087367177 5.1947440430521956 3.2991869561374179 2.4430418512783936 3.6854485161602488
leaf_count=1313 280 183 185 435 542 223 1451 72 31 40 45
internal_value=1.18257e-05 -0.00118645 -0.00537606 0.00775745 -0.0150059 0.000514799 -0.00181128 0.0163392 0.00196602 0.00146311 0.00226874
internal_weight=344.122 213.319 61.6053 26.0615 35.5437 151.714 132.271 19.4429 130.803 127.504 125.06
internal_count=4800 3371 1442 620 822 1929 1674 255 1429 1398 1358
is_linear=0
shrinkage=0.08


Tree=127
num_leaves=14
num_cat=0
split_feature=0 4 0 0 2 4 4 4 4 0 4 0 0
split_gain=0.147874 0.515305 1.75016 0.510711 1.18802 1.45818 1.15391 0.783493 1.59517 1.56777 0.391638 1.6898 1.29439
threshold=3.5000000000000004 77.500000000000014 5.5000000000000009 2.5000000000000004 1.0000000180025095e-35 23.500000000000004 8.5000000000000018 2.5000000000000004 14.500000000000002 1.5000000000000002 43.500000000000007 4.5000000000000009 4.5000000000000009
decision_type=2 2 2 2 2 2 2 2 2 2 2 2 2
left_child=3 10 -3 7 5 -5 -6 9 -9 -1 12 -12 -2
right_child=1 2 -4 4 6 -7 -8 8 -10 -11 11 -13 -14
leaf_value=0.013953375730571246 -0.022262865325374057 -0.0955872190031654 0.033590559846313955 0.085255789186171715 -0.045908657975962781 0.015178945884957178 0.0058366686058877607 0.031957154223869043 -0.0025298885605221449 -0.09085948845572632 0.033206851472316001 -0.0029244380550337082 0.00045420107734155086
leaf_weight=1.8541904482990494 20.119350029155612 1.4664038191549473 1.2378949178382752 2.5388698764145357 2.9533606916666022 7.5567615684121847 41.716363673098385 9.2274895124137384 123.03329501487315 1.7999829836189747 10.425730030052362 40.329586217645556 79.411976501345634
leaf_count=44 375 23 29 26 22 79 369 129 1451 16 177 730 1330
internal_value=8.25875e-06 -0.00184435 -0.036456 0.00149469 0.00801705 0.032802 0.0024155 -0.00113343 -0.000123818 -0.0376756 -0.00122154 0.00449735 -0.00413785
internal_weight=343.671 152.991 2.7043 190.68 54.7654 10.0956 44.6697 135.915 132.261 3.65417 150.287 50.7553 99.5313
internal_count=4800 2664 52 2136 496 105 391 1640 1580 60 2612 907 1705
is_linear=0
shrinkage=0.08


Tree=128
num_leaves=16
num_cat=0
split_feature=0 4 4 4 2 4 4 2 4 1 2 4 0 0 4
split_gain=0.125336 0.456629 1.08222 0.842966 0.649208 0.438274 0.958899 0.772827 0.425564 0.804926 0.908262 0.44182 1.14693 1.09489 0.00040821
threshold=3.5000000000000004 57.500000000000007 49.500000000000007 48.500000000000007 1.5000000000000002 63.500000000000007 64.500000000000014 1.0000000180025095e-35 67.500000000000014 1.5000000000000002 1.0000000180025095e-35 43.500000000000007 4.5000000000000009 4.5000000000000009 81.500000000000014
decision_type=2 2 2 2 2 2 2 2 2 2 2 2 2 2 2
left_child=1 2 3 -1 -4 7 -7 -3 11 10 -10 13 -13 -2 -11
right_child=8 5 4 -5 -6 6 -8 -9 9 14 -12 12 -14 -15 -16
leaf_value=0.001205785947228564 -0.0204710150585578 -0.020327087602267094 -0.010952747240000598 0.040394272330904597 -0.048580495180891477 -0.051120782621078269 0.0092975563067049256 0.033236244798886351 0.050204387992962778 -0.081439760201775013 -0.026489954009171306 0.029998522289530889 -0.00080939156572917034 0.00041785209048387562 -0.084526689211020883
leaf_weight=138.19453332293779 20.129579640924931 2.1288944706320789 16.652832761406902 3.6045910120010367 3.5623565632849923 1.8851810768246675 15.536136921495197 9.0635098814964277 1.2828065780922759 0.67802152410149552 4.3037742683663964 9.7711098324507457 37.091684984043241 79.414411045610905 0.46028302796185017
leaf_count=1542 375 20 191 46 37 21 186 93 27 46 76 157 640 1330 13
internal_value=9.60224e-06 0.00137871 -0.000266751 0.00220197 -0.0175836 0.0106955 0.00275962 0.023048 -0.00169476 -0.0213726 -0.00887918 -0.000790894 0.0056142 -0.00380625 -0.082688
internal_weight=343.76 190.628 162.014 141.799 20.2152 28.6137 17.4213 11.1924 153.132 6.72489 5.58658 146.407 46.8628 99.544 1.1383
internal_count=4800 2136 1816 1588 228 320 207 113 2664 162 103 2502 797 1705 59
is_linear=0
shrinkage=0.08


Tree=129
num_leaves=9
num_cat=0
split_feature=1 4 4 4 4 4 4 4
split_gain=0.133159 0.238131 0.22817 1.185 0.383058 0.223512 0.564105 0.28833
threshold=1.0000000180025095e-35 84.500000000000014 72.500000000000014 68.500000000000014 77.500000000000014 76.500000000000014 69.500000000000014 64.500000000000014
decision_type=2 2 2 2 2 2 2 2
left_child=5 2 3 -2 -4 6 7 -1
right_child=1 -3 4 -5 -6 -7 -8 -9
leaf_value=0.0015756915961046192 -0.00079740303035231931 -0.030746427615488271 0.042095460429434094 -0.059363767202702943 -0.00018615709178530375 0.022515292831312258 -0.036082710457883437 0.024516602887343284
leaf_weight=121.37650044262409 202.816603675019 1.7344739381223906 2.0839299988001576 2.2354292278178027 4.0103132422082126 3.3184443525969973 2.5077895927242926 3.6105993371456853
leaf_count=1313 3183 26 54 57 51 31 40 45
internal_value=9.36285e-06 -0.00122501 -0.000982507 -0.00143588 0.0142721 0.00201814 0.00148464 0.0022384
internal_weight=343.694 212.881 211.146 205.052 6.09424 130.813 127.495 124.987
internal_count=4800 3371 3345 3240 105 1429 1398 1358
is_linear=0
shrinkage=0.08


Tree=130
num_leaves=15
num_cat=0
split_feature=0 0 2 4 4 4 4 4 4 0 0 1 2 2
split_gain=0.113245 0.433082 1.01327 1.29872 0.963891 0.763947 1.4735 0.426137 0.791969 2.63985 0.927663 0.442677 0.769968 0.618258
threshold=3.5000000000000004 2.5000000000000004 1.0000000180025095e-35 23.500000000000004 8.5000000000000018 79.500000000000014 75.500000000000014 56.500000000000007 43.500000000000007 7.5000000000000009 4.5000000000000009 1.0000000180025095e-35 1.0000000180025095e-35 1.0000000180025095e-35
decision_type=2 2 2 2 2 2 2 2 2 2 2 2 2 2
left_child=1 5 3 -3 -4 6 -1 8 10 -10 -2 12 -9 -13
right_child=7 2 4 -5 -6 -7 -8 11 9 -11 -12 13 -14 -15
leaf_value=-0.00092569444354702996 -0.018883391816254088 0.080748299156843853 -0.041595674509466642 0.013829084542789152 0.0053383558720105466 0.03946408544910459 -0.06844604427094475 0.046114346078877599 0.021825881544207851 -0.034851635250849881 0.00034816576056312517 -0.056272519299686685 -0.011116770661108248 -0.01220435854749724
leaf_weight=130.9024180197157 20.123745057731867 2.4667799938470107 3.0025869347155085 7.4968916429206729 41.604488110169768 2.906985172070562 2.1017368589527896 1.8626445159316078 26.801714185625315 6.5434699766337863 79.344565447419882 2.7676052567549032 7.8242622660472989 7.7237001019529998
leaf_count=1594 375 26 22 79 369 26 20 28 423 108 1330 75 101 224
internal_value=9.3479e-06 0.00131119 0.00733119 0.0303968 0.00217914 -0.00110594 -0.00199265 -0.00161151 3.41901e-05 0.0107038 -0.00354263 -0.0124436 -0.000112099 -0.0238295
internal_weight=343.474 190.482 54.5707 9.96367 44.6071 135.911 133.004 152.992 132.813 33.3452 99.4683 20.1782 9.68691 10.4913
internal_count=4800 2136 496 105 391 1640 1614 2664 2236 531 1705 428 129 299
is_linear=0
shrinkage=0.08


Tree=131
num_leaves=12
num_cat=0
split_feature=4 2 4 0 0 4 4 2 4 0 4
split_gain=0.119224 1.24279 0.911675 1.41025 1.05628 0.577068 0.357229 1.59657 0.388368 0.287854 0.646662
threshold=7.5000000000000009 1.5000000000000002 2.5000000000000004 2.5000000000000004 2.5000000000000004 10.500000000000002 13.500000000000002 1.0000000180025095e-35 17.500000000000004 4.5000000000000009 9.5000000000000018
decision_type=2 2 2 2 2 2 2 2 2 2 2
left_child=1 2 3 -1 -4 9 7 -7 -8 10 -2
right_child=5 -3 4 -5 -6 6 8 -9 -10 -11 -12
leaf_value=-0.059135777367689511 0.018846037420170565 0.066317914994003982 0.063132447392400259 0.0057706781112956467 0.0012752308623015021 0.076275447651029171 -0.012437272213055911 -0.003181726106613058 0.00039633899675632758 -0.038360093429344884 -0.040008863923892572
leaf_weight=3.4130449304357224 2.5866369586437923 1.9710374241694797 2.3803035616874677 5.7546691130846739 6.8542572520673275 2.1356158480048162 15.920491540804504 6.6834849137812853 289.74234736943617 3.5565723050385714 2.2204248886555433
leaf_count=53 26 35 36 88 71 32 219 100 4080 37 23
internal_value=8.87187e-06 0.00594432 -0.000522195 -0.0183933 0.0172196 -0.000365687 0.000185889 0.0160595 -0.000272101 -0.0211056 -0.00833957
internal_weight=343.219 20.3733 18.4023 9.16771 9.23456 322.846 314.482 8.8191 305.663 8.36363 4.80706
internal_count=4800 283 248 141 107 4517 4431 132 4299 86 49
is_linear=0
shrinkage=0.08


Tree=132
num_leaves=10
num_cat=0
split_feature=4 4 0 0 0 1 4 0 4
split_gain=0.130281 0.496554 0.755529 0.429329 1.19135 1.82992 0.293332 1.20868 0.488028
threshold=1.0000000180025095e-35 2.5000000000000004 3.5000000000000004 2.5000000000000004 3.5000000000000004 1.0000000180025095e-35 7.5000000000000009 1.5000000000000002 10.500000000000002
decision_type=2 2 2 2 2 2 2 2 2
left_child=3 2 -2 -1 -5 -6 7 -3 -8
right_child=1 6 -4 4 5 -7 8 -9 -10
leaf_value=-0.014241713279099967 -0.072738718509927178 0.076906115637394482 0.0050336695288072377 0.090618650250316138 0.085792071626977218 -0.044754605421663311 -0.019407179437257838 0.0014267005735138709 0.00017083273883640102
leaf_weight=2.7159899324178687 1.5089910626411431 1.6165932901203621 1.7001093104481695 1.2953542992472646 1.035641744732857 2.0424689278006554 8.3654006943106634 8.4816585816442949 314.53856757516041
leaf_count=43 21 31 23 11 18 47 86 89 4431
internal_value=8.01027e-06 -0.000218294 -0.0315367 0.0107403 0.0262545 -0.000831692 8.3517e-05 0.0135099 -0.00033637
internal_weight=343.301 336.211 3.2091 7.08945 4.37346 3.07811 333.002 10.0983 322.904
internal_count=4800 4681 44 119 76 65 4637 120 4517
is_linear=0
shrinkage=0.08


Tree=133
num_leaves=12
num_cat=0
split_feature=1 1 0 2 4 4 4 4 4 4 4
split_gain=0.114765 0.231236 1.24141 1.27251 0.958654 0.893393 1.82011 0.743582 0.188535 0.45119 0.250665
threshold=1.0000000180025095e-35 1.5000000000000002 7.5000000000000009 1.5000000000000002 63.500000000000007 5.5000000000000009 7.5000000000000009 2.5000000000000004 76.500000000000014 69.500000000000014 64.500000000000014
decision_type=2 2 2 2 2 2 2 2 2 2 2
left_child=8 2 4 -4 -2 7 -7 -3 9 10 -1
right_child=1 5 3 -5 -6 6 -8 -9 -10 -11 -12
leaf_value=0.0014611431758331309 -0.0069370778725495689 0.012384193537025575 0.010164152447467831 0.097635407530893559 -0.055023658465476397 -0.083338427521943231 0.00013039162819880951 0.069742808278553503 0.020893184755164471 -0.03171612267949106 0.02304399861799717
leaf_weight=121.14576936140656 51.491059557069093 5.4428106136620036 5.9066653940826646 1.2983871754258869 2.7975043444894245 1.6918875686824311 142.03665170399472 1.9700325503945348 3.2530626337975255 2.5813122889958313 3.5447115935385218
leaf_count=1313 1172 69 131 23 116 21 1813 26 31 40 45
internal_value=8.13971e-06 -0.0011381 -0.00527407 0.0259269 -0.00941499 0.000544666 -0.000852154 0.0276278 0.00187545 0.00138936 0.0020747
internal_weight=343.16 212.635 61.4936 7.20505 54.2886 151.141 143.729 7.41284 130.525 127.272 124.69
internal_count=4800 3371 1442 154 1288 1929 1834 95 1429 1398 1358
is_linear=0
shrinkage=0.08


Tree=134
num_leaves=5
num_cat=0
split_feature=4 4 4 4
split_gain=0.103567 0.471673 0.469183 0.405598
threshold=87.500000000000014 81.500000000000014 77.500000000000014 72.500000000000014
decision_type=2 2 2 2
left_child=1 2 3 -1
right_child=-2 -3 -4 -5
leaf_value=-0.00016481874452032346 -0.017074302392721577 0.032973719873742965 -0.030652961771204169 0.02563054115346473
leaf_weight=330.49405975313857 2.2573726028203955 2.7736131511628619 3.1971317189745596 3.9477487355470648
leaf_count=4617 29 35 38 81
internal_value=4.73647e-06 0.000117992 -0.000151909 0.00013967
internal_weight=342.67 340.413 337.639 334.442
internal_count=4800 4771 4736 4698
is_linear=0
shrinkage=0.08


Tree=135
num_leaves=13
num_cat=0
split_feature=0 4 4 2 4 4 4 4 0 4 4 4
split_gain=0.105558 0.42687 0.895678 1.72167 1.00925 0.895289 0.764883 0.418252 1.56555 0.341045 1.13375 0.484003
threshold=3.5000000000000004 59.500000000000007 44.500000000000007 1.0000000180025095e-35 36.500000000000007 60.500000000000007 61.500000000000007 77.500000000000014 5.5000000000000009 8.5000000000000018 5.5000000000000009 11.500000000000002
decision_type=2 2 2 2 2 2 2 2 2 2 2 2
left_child=1 2 4 -4 -1 -3 -7 9 -9 10 -2 -11
right_child=7 5 3 -5 -6 6 -8 8 -10 11 -12 -13
leaf_value=-0.0008051655408804621 -0.0017619120930408405 0.059060435774890813 0.019347511517553408 -0.018598511706322807 0.016160137692614322 -0.044431558012713888 0.010574773929118987 -0.088062493326029154 0.035657575128065347 -0.027075276745630983 0.056938433674824582 -0.0012154726945846426
leaf_weight=92.069383821450174 8.8921140898019058 2.2621666118502644 9.8884416967630369 33.841511729173362 29.674770627170801 1.7562992200255418 20.529967514798045 1.4724404765292995 1.1784946694970129 4.7985646426677695 2.7592089157551518 133.52371646324173
leaf_count=1016 131 24 107 374 353 16 246 23 29 56 40 2385
internal_value=4.60523e-06 0.00126302 -0.000197419 -0.010018 0.00333008 0.0111074 0.00623993 -0.00156216 -0.0330617 -0.00100537 0.0121392 -0.00211258
internal_weight=342.647 190.023 165.474 43.73 121.744 24.5484 22.2863 152.625 2.65094 149.974 11.6513 138.322
internal_count=4800 2136 1850 481 1369 286 262 2664 52 2612 171 2441
is_linear=0
shrinkage=0.08


Tree=136
num_leaves=12
num_cat=0
split_feature=1 0 4 4 4 4 4 4 4 4 4
split_gain=0.108267 0.222485 0.754893 2.50644 1.46983 0.325897 1.10322 1.08331 0.187245 0.414067 0.209599
threshold=1.0000000180025095e-35 1.5000000000000002 47.500000000000007 44.500000000000007 55.500000000000007 47.500000000000007 53.500000000000007 45.500000000000007 76.500000000000014 69.500000000000014 64.500000000000014
decision_type=2 2 2 2 2 2 2 2 2 2 2
left_child=8 2 3 -2 -4 7 -7 -3 9 10 -1
right_child=1 5 4 -5 -6 6 -8 -9 -10 -11 -12
leaf_value=0.001442250474696341 0.0042672259848646641 -0.0020018773544132253 0.051695260794784891 -0.075104043304299706 -0.0041284682202406874 -0.024569826081329908 0.00063519184908944167 0.031867668057350806 0.020833879714516029 -0.030189072754096623 0.021377540231423901
leaf_weight=121.08764570113271 30.248033792246133 111.03625139035285 5.4661939069628698 2.7803549226373425 6.7415882390923798 16.79355501383543 32.862044485751539 6.3917811624705783 3.2326648291200391 2.6115637230686835 3.4721813704818478
leaf_count=1313 520 1740 100 45 124 220 530 92 31 40 45
internal_value=5.96994e-06 -0.00110836 0.00386866 -0.00241431 0.0208673 -0.00245584 -0.00788916 -0.000158308 0.00182029 0.00133697 0.00199796
internal_weight=342.724 212.32 45.2362 33.0284 12.2078 167.084 49.6556 117.428 130.404 127.171 124.56
internal_count=4800 3371 789 565 224 2582 750 1832 1429 1398 1358
is_linear=0
shrinkage=0.08


Tree=137
num_leaves=10
num_cat=0
split_feature=4 4 0 0 0 1 4 2 4
split_gain=0.106108 0.431751 0.639249 0.385702 1.04836 1.66207 0.218146 0.694142 0.393405
threshold=1.0000000180025095e-35 2.5000000000000004 3.5000000000000004 2.5000000000000004 3.5000000000000004 1.0000000180025095e-35 7.5000000000000009 1.0000000180025095e-35 10.500000000000002
decision_type=2 2 2 2 2 2 2 2 2
left_child=3 2 -2 -1 -5 -6 7 -3 -8
right_child=1 6 -4 4 5 -7 8 -9 -10
leaf_value=-0.013629999855062951 -0.067150873980902678 0.052206299007268822 0.0042251500939130323 0.086896064231487991 0.085314983419399498 -0.043085183479672828 -0.017356623859468734 0.00081644923428905226 0.00018125184170935383
leaf_weight=2.7126109274104229 1.5156145151704543 2.1321852728724462 1.7080981172621248 1.2366173956543205 0.96026889607310306 1.9664813261479139 8.4050452262163144 7.9704932272434235 313.93725513736717
leaf_count=43 21 26 23 11 18 47 86 94 4431
internal_value=5.73662e-06 -0.000195783 -0.029332 0.00984346 0.0251374 -0.000956994 8.67497e-05 0.0116624 -0.000276047
internal_weight=342.545 335.669 3.22371 6.87598 4.16337 2.92675 332.445 10.1027 322.342
internal_count=4800 4681 44 119 76 65 4637 120 4517
is_linear=0
shrinkage=0.08


Tree=138
num_leaves=14
num_cat=0
split_feature=4 4 0 0 1 1 0 4 4 2 1 1 4
split_gain=0.0944067 1.95603 1.98244 0.972211 1.24149 0.806814 2.09697 0.751738 0.979668 0.746434 0.621034 0.524023 7.53799e-05
threshold=16.500000000000004 17.500000000000004 4.5000000000000009 1.5000000000000002 1.0000000180025095e-35 1.5000000000000002 2.5000000000000004 21.500000000000004 24.500000000000004 1.0000000180025095e-35 1.5000000000000002 1.5000000000000002 11.500000000000002
decision_type=2 2 2 2 2 2 2 2 2 2 2 2 2
left_child=3 2 -2 4 12 6 -5 10 -9 -7 -3 -6 -1
right_child=1 7 -4 5 11 9 -8 8 -10 -11 -12 -13 -14
leaf_value=0.083944745488284817 -0.084130064923997216 0.032265928773714155 0.020354128349674237 -0.080909351938450294 -0.018418747556012752 -0.022184705572349955 -0.0031147822503266322 -0.019177501901424261 0.00063529273405005054 0.021600089150233669 -0.0011843806873485443 0.028508152118297447 0.084947139864500185
leaf_weight=0.96217065583914319 3.465748041868209 8.3709945492446405 1.7485544085502622 2.4673412516713169 2.4038222301751375 3.1441570110619042 21.903953865170479 17.02811401989311 257.60107813752256 12.011223748326302 6.170671720057725 4.1560304276645184 0.95835384353995323
leaf_count=25 40 151 29 45 50 50 258 245 3594 137 90 68 18
internal_value=6.19116e-06 -0.000530252 -0.0490925 0.00329573 0.0278742 -0.00197754 -0.0109907 0.000345418 -0.00059318 0.0125164 0.0180715 0.011312 0.0844449
internal_weight=342.392 294.385 5.2143 48.0071 8.48038 39.5267 24.3713 289.171 274.629 15.1554 14.5417 6.55985 1.92052
internal_count=4800 4149 69 651 161 490 303 4080 3839 187 241 118 43
is_linear=0
shrinkage=0.08


Tree=139
num_leaves=14
num_cat=0
split_feature=0 0 4 4 4 4 4 4 4 0 3 4 0
split_gain=0.0969821 0.378759 1.06761 0.935161 0.780016 4.85056 2.58522 0.377348 0.687984 2.28771 0.883244 0.435573 0.347093
threshold=3.5000000000000004 2.5000000000000004 8.5000000000000018 30.500000000000004 34.500000000000007 36.500000000000007 30.500000000000004 56.500000000000007 43.500000000000007 7.5000000000000009 1.0000000180025095e-35 57.500000000000007 4.5000000000000009
decision_type=2 2 2 2 2 2 2 2 2 2 2 2 2
left_child=1 4 -3 -4 6 -6 -1 8 10 -10 -2 -9 -13
right_child=7 2 3 -5 5 -7 -8 11 9 -11 -12 12 -14
leaf_value=-0.0025672212959194961 -0.002055861071237106 -0.039031512444305701 0.02419232933962678 0.0015997915573063618 -0.071621706897555606 -0.00016946842065564154 0.039336296316447618 -0.057590639154782228 0.020323761311310563 -0.032612797872977467 -0.049455566204435517 -0.030392204085273124 -0.0032191690739857776
leaf_weight=46.300530289299786 96.674569480121136 3.0616472270339719 18.15358429774642 33.115086569450796 6.6508397301658979 70.907019934151322 11.830317469313739 1.244449164718392 26.794411070644855 6.4903950579464427 2.5832212306559077 3.7701304936781552 14.892281875945626
leaf_count=596 1668 25 157 314 66 856 122 31 423 108 37 75 322
internal_value=8.72292e-06 0.00121456 0.00685904 0.00959952 -0.00104551 -0.00629673 0.00596064 -0.00149428 4.82043e-05 0.0100014 -0.00328946 -0.0117644 -0.00870859
internal_weight=342.468 190.019 54.3303 51.2687 135.689 77.5579 58.1308 152.449 132.543 33.2848 99.2578 19.9069 18.6624
internal_count=4800 2136 496 471 1640 922 718 2664 2236 531 1705 428 397
is_linear=0
shrinkage=0.08


Tree=140
num_leaves=10
num_cat=0
split_feature=1 4 0 4 1 4 4 4 0
split_gain=0.104152 0.223124 0.219923 1.65006 0.591787 0.164237 0.34874 1.1264 1.01956
threshold=1.0000000180025095e-35 84.500000000000014 7.5000000000000009 4.5000000000000009 1.5000000000000002 76.500000000000014 62.500000000000007 59.500000000000007 2.5000000000000004
decision_type=2 2 2 2 2 2 2 2 2
left_child=5 2 4 -4 -2 6 7 -1 -8
right_child=1 -3 3 -5 -6 -7 8 -9 -10
leaf_value=0.0012973501156074185 -0.0087202735840045485 -0.02988856660982438 -0.085030081519674644 0.015633442786222661 0.001141196492626538 0.019709144508178515 -0.048279409189782185 0.055071740456667816 0.0086738223919860732
leaf_weight=116.18770520947874 53.771925799082965 1.7071061790920783 1.123718287795781 14.359800983220337 141.25213106442243 3.193573370575904 3.3891146555542928 2.5476591363549224 4.9495312790386379
leaf_count=1243 1279 26 22 329 1715 31 39 43 73
internal_value=1.0221e-05 -0.00108281 -0.000849215 0.00832778 -0.0015778 0.00179085 0.00134053 0.00245117 -0.0144739
internal_weight=342.482 212.215 210.508 15.4835 195.024 130.268 127.074 118.735 8.33865
internal_count=4800 3371 3345 351 2994 1429 1398 1286 112
is_linear=0
shrinkage=0.08


Tree=141
num_leaves=10
num_cat=0
split_feature=4 0 0 1 4 0 4 2 4
split_gain=0.106617 0.372189 0.928159 1.49034 0.344406 0.559059 0.216804 0.608633 0.353947
threshold=1.0000000180025095e-35 2.5000000000000004 3.5000000000000004 1.0000000180025095e-35 2.5000000000000004 3.5000000000000004 7.5000000000000009 1.0000000180025095e-35 10.500000000000002
decision_type=2 2 2 2 2 2 2 2 2
left_child=1 -1 -3 -4 5 -2 7 -6 -8
right_child=4 2 3 -5 6 -7 8 -9 -10
leaf_value=-0.012942508316612382 -0.061479093968192101 0.084544135603932868 0.08491883164106398 -0.040630408034111762 0.049553041497485052 0.0054305057134567108 -0.016511876739137274 0.0014186906272611506 0.0001350606365768337
leaf_weight=2.6842475431039921 1.5194904282689088 1.1951923090964558 0.89618381112813961 1.8630858846008778 2.1337372623383981 1.6860005296766756 8.3929986581206304 7.9274631962180138 313.69303735834546
leaf_count=43 21 11 18 47 26 23 86 94 4431
internal_value=9.39409e-06 0.0100487 0.0256549 0.000146757 -0.000189346 -0.0262865 6.25121e-05 0.0116268 -0.000298729
internal_weight=341.991 6.63871 3.95446 2.75927 335.353 3.20549 332.147 10.0612 322.086
internal_count=4800 119 76 65 4681 44 4637 120 4517
is_linear=0
shrinkage=0.08


Tree=142
num_leaves=14
num_cat=0
split_feature=4 4 0 0 1 1 0 2 4 4 4 4 4
split_gain=0.107914 1.58847 1.57826 0.874239 1.15769 0.702809 1.75517 0.717738 0.634173 0.890789 0.574659 0.52942 5.42567e-05
threshold=16.500000000000004 17.500000000000004 4.5000000000000009 1.5000000000000002 1.0000000180025095e-35 1.5000000000000002 2.5000000000000004 1.5000000000000002 21.500000000000004 22.500000000000004 20.500000000000004 7.5000000000000009 11.500000000000002
decision_type=2 2 2 2 2 2 2 2 2 2 2 2 2
left_child=3 2 -2 4 12 6 -5 -7 10 -10 -3 -6 -1
right_child=1 8 -4 5 11 7 -8 -9 9 -11 -12 -13 -14
leaf_value=0.083670296879982758 -0.073766264809283014 0.0067453781459525823 0.018743888274012476 -0.073685993324736299 0.037654637072450904 0.0061646198841915304 -0.0026000047361764661 0.063088135636580639 -0.03378211407846142 3.5549330750561031e-06 0.042399774880638383 -0.0085100171852369507 0.084550843105940174
leaf_weight=0.90186791960149804 3.625617165118455 10.548475148156284 1.7499256879091261 2.4751693010330227 2.8005573451519012 13.463014040142294 21.815339798107743 1.5844699535518891 5.088872490450739 269.24884275603108 3.9864624571055165 3.6776790022850037 0.8896024227142334
leaf_count=25 40 176 29 45 58 166 258 21 74 3765 65 60 18
internal_value=9.53152e-06 -0.000562195 -0.043651 0.0035432 0.0271875 -0.00142737 -0.00984357 0.0121586 0.000239631 -0.000623158 0.0165242 0.0114471 0.0841076
internal_weight=341.856 294.248 5.37554 47.6077 8.26971 39.338 24.2905 15.0475 288.873 274.338 14.5349 6.47824 1.79147
internal_count=4800 4149 69 651 161 490 303 187 4080 3839 241 118 43
is_linear=0
shrinkage=0.08


Tree=143
num_leaves=13
num_cat=0
split_feature=0 4 4 1 4 4 4 4 2 4 4 1
split_gain=0.103354 0.391946 0.962375 0.883028 0.83949 0.378377 0.344647 0.819133 0.711271 0.289328 0.905688 0.416227
threshold=3.5000000000000004 57.500000000000007 55.500000000000007 1.5000000000000002 54.500000000000007 82.500000000000014 63.500000000000007 65.500000000000014 1.0000000180025095e-35 8.5000000000000018 5.5000000000000009 1.5000000000000002
decision_type=2 2 2 2 2 2 2 2 2 2 2 2
left_child=1 2 4 -4 -1 9 8 -8 -3 10 -2 -11
right_child=5 6 3 -5 -6 -7 7 -9 -10 11 -12 -13
leaf_value=-6.6214059492978523e-05 -0.0017489683347624715 -0.020550268345098571 -0.079877367833683807 -0.00046528440933405103 0.047131133143964138 -0.037622047226357189 -0.03095997670327796 0.011859581948429617 0.030951203307213852 0.0006497471839514797 0.050595124101320242 -0.0090587401536195659
leaf_weight=155.46277048252523 8.5784307383000833 2.1270852126181135 1.8418101640418163 1.7453870102763176 2.4499151445925227 1.8377258745022107 3.6166401105001595 13.653014973271636 8.8853410910815001 99.627601420506835 2.8080484755337229 39.454767676535994
leaf_count=1739 131 20 31 14 32 30 42 165 93 1477 40 986
internal_value=1.09434e-05 0.00125665 -0.000264753 -0.0412386 0.000666023 -0.00154128 0.00994438 0.00289224 0.0210035 -0.00110061 0.0111597 -0.00210435
internal_weight=342.089 189.782 161.5 3.5872 157.913 152.307 28.2821 17.2697 11.0124 150.469 11.3865 139.082
internal_count=4800 2136 1816 45 1771 2664 320 207 113 2634 171 2463
is_linear=0
shrinkage=0.08


Tree=144
num_leaves=15
num_cat=0
split_feature=4 4 0 4 2 0 1 4 0 4 4 0 4 1
split_gain=0.103003 1.22975 1.75013 0.629081 1.48756 2.82308 1.33913 1.16403 0.716295 0.451071 0.324454 2.15557 0.755385 0.193834
threshold=44.500000000000007 45.500000000000007 5.5000000000000009 39.500000000000007 1.0000000180025095e-35 5.5000000000000009 1.0000000180025095e-35 38.500000000000007 1.5000000000000002 36.500000000000007 50.500000000000007 1.5000000000000002 53.500000000000007 1.0000000180025095e-35
decision_type=2 2 2 2 2 2 2 2 2 2 2 2 2 2
left_child=3 2 13 7 5 -5 -6 9 -9 -1 11 -3 -12 -2
right_child=1 10 -4 4 6 -7 -8 8 -10 -11 12 -13 -14 -15
leaf_value=-0.00072403318743817263 0.0008076713878523166 -0.036815774000351909 -0.10266272992324542 0.019134824808104689 0.045623022284242518 -0.080607561276532333 0.0070159244507291231 -0.082700519918529614 -0.019561314822169482 0.013860797652129581 -0.017551217464883553 0.018353758706994423 0.001874973731574047 -0.024124958672995384
leaf_weight=169.84186702407897 3.4670970514416677 5.6090288637205985 1.7045384794473637 4.6677645863965145 8.8806659169495124 2.9727300386875868 16.310760963708162 1.4832246005535115 5.1175154484808445 14.749922432005404 16.112993428483605 23.617491364479065 62.507639030460268 4.7019818443804979
leaf_count=2339 34 86 29 71 113 45 268 20 65 207 204 303 962 54
internal_value=1.09295e-05 -0.00190502 -0.0289283 0.00101773 0.0112479 -0.0196725 0.020626 -0.000739015 -0.0337491 0.000441377 0.000569014 0.00776586 -0.00210635 -0.0135431
internal_weight=341.745 117.721 9.87362 224.024 32.8319 7.64049 25.1914 191.193 6.60074 184.592 107.847 29.2265 78.6206 8.16908
internal_count=4800 1672 117 3128 497 116 381 2631 85 2546 1555 389 1166 88
is_linear=0
shrinkage=0.08


Tree=145
num_leaves=14
num_cat=0
split_feature=0 4 4 0 0 4 4 4 2 4 4 4 0
split_gain=0.0883038 0.346839 0.612894 2.06132 0.78486 0.365619 0.332341 0.778514 1.80221 1.15647 0.756374 0.698647 0.295349
threshold=3.5000000000000004 56.500000000000007 43.500000000000007 4.5000000000000009 4.5000000000000009 57.500000000000007 59.500000000000007 42.500000000000007 1.0000000180025095e-35 36.500000000000007 60.500000000000007 61.500000000000007 4.5000000000000009
decision_type=2 2 2 2 2 2 2 2 2 2 2 2 2
left_child=6 2 4 -4 -2 -3 7 9 -9 -1 -8 -12 -7
right_child=1 5 3 -5 -6 12 10 8 -10 -11 11 -13 -14
leaf_value=-0.00055171307330984735 -0.017259300209072636 -0.053397488604806934 0.048085512956077804 -0.00082365787373276105 0.00048112362458794372 -0.028655988153315218 0.055040298810307225 0.02062905457748972 -0.016406881305680906 0.019369673666503846 -0.042851194659753629 0.0096459202104806387 -0.0034282764678653533
leaf_weight=91.936766649130732 20.004702966660261 1.2386674769222761 6.9817349240183821 26.251603335142136 78.946603089570999 3.7175911737140295 2.1630473621189621 10.703122634440659 39.229643520899117 23.395727293565869 1.7620720136910701 20.473067222163081 14.769676525611429
leaf_count=1016 375 31 108 423 1330 75 24 120 440 274 16 246 322
internal_value=1.212e-05 -0.00142514 5.15481e-05 0.00945129 -0.00310541 -0.0113205 0.00116329 -0.000123413 -0.0084682 0.00348943 0.00987899 0.00548567 -0.0085013
internal_weight=341.574 151.911 132.185 33.2333 98.9513 19.7259 189.663 165.265 49.9328 115.332 24.3982 22.2351 18.4873
internal_count=4800 2664 2236 531 1705 428 2136 1850 560 1290 286 262 397
is_linear=0
shrinkage=0.08


Tree=146
num_leaves=12
num_cat=0
split_feature=1 0 0 2 2 4 4 4 4 4 4
split_gain=0.0993886 0.234831 0.720054 0.924473 0.886372 0.298373 0.972887 0.78325 0.153508 0.323511 0.205823
threshold=1.0000000180025095e-35 1.5000000000000002 1.0000000180025095e-35 1.5000000000000002 1.5000000000000002 47.500000000000007 53.500000000000007 45.500000000000007 76.500000000000014 69.500000000000014 64.500000000000014
decision_type=2 2 2 2 2 2 2 2 2 2 2
left_child=8 2 4 -4 -2 7 -7 -3 9 10 -1
right_child=1 5 3 -5 -6 6 -8 -9 -10 -11 -12
leaf_value=0.0013607609235683786 -0.019591945138362647 -0.0018468010554486534 0.017282841822483203 -0.02034584021007256 0.030577703120467425 -0.023291499105433516 0.00040541680361853551 0.02658062083024439 0.019150504574401688 -0.026135488331256455 0.021138433738296235
leaf_weight=120.7456784453243 12.203615827020256 110.24638706445694 25.445719246752564 4.9996947031468144 2.764312222134321 16.814839750528336 32.557195144239813 6.5728793814778319 3.1666075624525538 2.6888787522912017 3.4642334338277569
leaf_count=1313 340 1740 330 58 61 220 530 92 31 40 45
internal_value=1.18565e-05 -0.00105787 0.00404033 0.0111035 -0.0103265 -0.002451 -0.00766514 -0.000247322 0.00175221 0.00131805 0.00191236
internal_weight=341.67 211.605 45.4133 30.4454 14.9679 166.191 49.372 116.819 130.065 126.899 124.21
internal_count=4800 3371 789 388 401 2582 750 1832 1429 1398 1358
is_linear=0
shrinkage=0.08


Tree=147
num_leaves=14
num_cat=0
split_feature=4 4 4 2 4 0 4 1 0 1 4 0 4
split_gain=0.104163 0.79184 0.540702 0.433795 0.624784 0.412072 0.401963 0.782155 0.482025 0.27307 0.261554 0.495901 0.354288
threshold=67.500000000000014 65.500000000000014 70.500000000000014 1.0000000180025095e-35 66.500000000000014 4.5000000000000009 75.500000000000014 1.0000000180025095e-35 1.5000000000000002 1.5000000000000002 63.500000000000007 5.5000000000000009 61.500000000000007
decision_type=2 2 2 2 2 2 2 2 2 2 2 2 2
left_child=1 10 5 -3 -5 9 7 -4 -8 -2 12 -12 -1
right_child=2 3 6 4 -6 -7 8 -9 -10 -11 11 -13 -14
leaf_value=-0.00018889457095012038 0.014443148378536644 0.069326013800176292 0.084143244137605877 -0.013012146612107455 0.058314717940298008 -0.060170000256607792 0.029469222555998025 0.00055944858926390757 -0.014550279299238154 -0.035588828176367375 -0.0039688309810188083 -0.058669023891223041 0.020117690970243844
leaf_weight=307.01846411265433 1.390168582089248 1.4512892328202713 1.0300481496378773 1.8878903239965439 1.3465692866593599 1.7528546373359857 1.9829489369876672 2.3540158434771001 8.0763940438628179 1.402553191408515 4.5112906973808995 1.3867738060653207 5.5990179963409892
leaf_count=4257 26 20 25 30 18 35 25 62 107 14 57 33 91
internal_value=1.04224e-05 0.000340195 -0.00591447 0.0329876 0.0166826 -0.0297665 0.00215055 0.0260009 -0.00587293 -0.0106838 -0.000140087 -0.0168301 0.000174799
internal_weight=341.19 323.201 17.989 4.68575 3.23446 4.54558 13.4434 3.38406 10.0593 2.79272 318.516 5.89806 312.617
internal_count=4800 4506 294 68 48 75 219 87 132 40 4438 90 4348
is_linear=0
shrinkage=0.08


Tree=148
num_leaves=13
num_cat=0
split_feature=4 4 0 0 1 4 2 4 4 1 1 4
split_gain=0.094259 1.29509 1.26689 0.759324 1.10506 0.668509 1.00589 0.555599 0.760724 0.52356 0.462842 4.20345e-05
threshold=16.500000000000004 17.500000000000004 4.5000000000000009 1.5000000000000002 1.0000000180025095e-35 15.500000000000002 1.5000000000000002 21.500000000000004 24.500000000000004 1.5000000000000002 1.5000000000000002 11.500000000000002
decision_type=2 2 2 2 2 2 2 2 2 2 2 2
left_child=3 2 -2 4 11 6 -5 9 -9 -3 -6 -1
right_child=1 7 -4 5 10 -7 -8 8 -10 -11 -12 -13
leaf_value=0.083378732841638062 -0.065014452607622189 0.028367415944514654 0.017413260805383482 -0.0084611202808096003 -0.017516741238634136 0.034601560718715001 0.038393670659781852 -0.01696155779556472 0.00048808237325400852 -0.0023722324935606357 0.026833011990422824 0.08418382854128259
leaf_weight=0.83545804955065051 3.7699682861566535 8.4336323197931033 1.7460676990449426 33.113378759473562 2.3715698681771755 3.063729651272296 3.2173213753849259 17.052331923507154 256.53271923400462 6.1188856251537791 4.1264214608818293 0.82477414421737194
leaf_count=25 40 151 29 395 50 41 54 245 3594 90 68 18
internal_value=1.06527e-05 -0.00052442 -0.0389225 0.00331491 0.0255294 -0.0012855 -0.00431182 0.000210663 -0.000599539 0.0154423 0.0106467 0.0837787
internal_weight=341.206 293.654 5.51604 47.5527 8.15822 39.3944 36.3307 288.138 273.585 14.5525 6.49799 1.66023
internal_count=4800 4149 69 651 161 490 449 4080 3839 241 118 43
is_linear=0
shrinkage=0.08


Tree=149
num_leaves=14
num_cat=0
split_feature=4 4 4 4 1 0 2 4 0 4 2 4 1
split_gain=0.0886991 0.664511 0.449753 0.348826 0.736674 0.487508 0.347765 0.530021 0.327965 0.246099 1.3674 0.874458 0.228661
threshold=67.500000000000014 65.500000000000014 70.500000000000014 75.500000000000014 1.0000000180025095e-35 5.5000000000000009 1.0000000180025095e-35 66.500000000000014 4.5000000000000009 62.500000000000007 1.5000000000000002 61.500000000000007 1.5000000000000002
decision_type=2 2 2 2 2 2 2 2 2 2 2 2 2
left_child=1 9 8 4 -4 -5 -3 -8 12 11 -11 -1 -2
right_child=2 6 3 5 -6 -7 7 -9 -10 10 -12 -13 -14
leaf_value=-0.00016789424149217831 0.013355606880819434 0.062161644002537861 0.0838104088801363 -0.012776700194670802 0.00047563921702584616 0.036807558536130477 -0.012089889559956341 0.053734745476746913 -0.053526247420445802 0.0016985383339535526 -0.080612174127973016 0.043928803041389235 -0.032384158655902183
leaf_weight=307.0793222640641 1.3795132478699115 1.4865986369550217 0.95403316384181325 8.5725736613385362 2.3540518921799958 1.4895412232726801 1.8759456910192966 1.34360072016716 1.8114676293916998 7.0025756331160647 1.5838688118383286 2.9053364265710107 1.4190171463415027
leaf_count=4257 26 20 25 93 62 39 30 18 35 112 20 49 14
internal_value=1.20082e-05 0.000316179 -0.00545688 0.00197265 0.0245089 -0.00543651 0.0301579 0.0153804 -0.0270045 -0.000124662 -0.0134846 0.000245403 -0.00983711
internal_weight=341.257 323.277 17.9802 13.3702 3.30809 10.0621 4.70615 3.21955 4.61 318.571 8.58644 309.985 2.79853
internal_count=4800 4506 294 219 87 132 68 48 75 4438 132 4306 40
is_linear=0
shrinkage=0.08


end of trees

feature_importances:
age=1002
facility_enc=491
acuity_enc=223
bleeding_enc=157
pregnant=41

parameters:
[boosting: gbdt]
[objective: binary]
[metric: binary_logloss]
[tree_learner: serial]
[device_type: cpu]
[data_sample_strategy: bagging]
[data: ]
[valid: ]
[num_iterations: 150]
[learning_rate: 0.08]
[num_leaves: 31]
[num_threads: 16]
[seed: 0]
[deterministic: 0]
[force_col_wise: 0]
[force_row_wise: 0]
[histogram_pool_size: -1]
[max_depth: 4]
[min_data_in_leaf: 20]
[min_sum_hessian_in_leaf: 0.001]
[bagging_fraction: 1]
[pos_bagging_fraction: 1]
[neg_bagging_fraction: 1]
[bagging_freq: 0]
[bagging_seed: 3]
[bagging_by_query: 0]
[feature_fraction: 1]
[feature_fraction_bynode: 1]
[feature_fraction_seed: 2]
[extra_trees: 0]
[extra_seed: 6]
[early_stopping_round: 0]
[early_stopping_min_delta: 0]
[first_metric_only: 0]
[max_delta_step: 0]
[lambda_l1: 0]
[lambda_l2: 0]
[linear_lambda: 0]
[min_gain_to_split: 0]
[drop_rate: 0.1]
[max_drop: 50]
[skip_drop: 0.5]
[xgboost_dart_mode: 0]
[uniform_drop: 0]
[drop_seed: 4]
[top_rate: 0.2]
[other_rate: 0.1]
[min_data_per_group: 100]
[max_cat_threshold: 32]
[cat_l2: 10]
[cat_smooth: 10]
[max_cat_to_onehot: 4]
[top_k: 20]
[monotone_constraints: ]
[monotone_constraints_method: basic]
[monotone_penalty: 0]
[feature_contri: ]
[forcedsplits_filename: ]
[refit_decay_rate: 0.9]
[cegb_tradeoff: 1]
[cegb_penalty_split: 0]
[cegb_penalty_feature_lazy: ]
[cegb_penalty_feature_coupled: ]
[path_smooth: 0]
[interaction_constraints: ]
[verbosity: -1]
[saved_feature_importance_type: 0]
[use_quantized_grad: 0]
[num_grad_quant_bins: 4]
[quant_train_renew_leaf: 0]
[stochastic_rounding: 1]
[linear_tree: 0]
[max_bin: 255]
[max_bin_by_feature: ]
[min_data_in_bin: 3]
[bin_construct_sample_cnt: 200000]
[data_random_seed: 1]
[is_enable_sparse: 1]
[enable_bundle: 1]
[use_missing: 1]
[zero_as_missing: 0]
[feature_pre_filter: 1]
[pre_partition: 0]
[two_round: 0]
[header: 0]
[label_column: ]
[weight_column: ]
[group_column: ]
[ignore_column: ]
[categorical_feature: ]
[forcedbins_filename: ]
[precise_float_parser: 0]
[parser_config_file: ]
[objective_seed: 5]
[num_class: 1]
[is_unbalance: 0]
[scale_pos_weight: 1]
[sigmoid: 1]
[boost_from_average: 1]
[reg_sqrt: 0]
[alpha: 0.9]
[fair_c: 1]
[poisson_max_delta_step: 0.7]
[tweedie_variance_power: 1.5]
[lambdarank_truncation_level: 30]
[lambdarank_norm: 1]
[label_gain: ]
[lambdarank_position_bias_regularization: 0]
[eval_at: ]
[multi_error_top_k: 1]
[auc_mu_weights: ]
[num_machines: 1]
[local_listen_port: 12400]
[time_out: 120]
[machine_list_filename: ]
[machines: ]
[gpu_platform_id: -1]
[gpu_device_id: -1]
[gpu_use_dp: 0]
[num_gpu: 1]

end of parameters

pandas_categorical:[]
