tree
version=v4
num_class=1
num_tree_per_iteration=1
label_index=0
max_feature_idx=4
objective=binary sigmoid:1
feature_names=facility_enc acuity_enc bleeding_enc pregnant age
feature_infos=[0:8] [0:2] [0:2] [0:1] [0:90]
tree_sizes=1460 1382 1490 1390 1494 1396 1491 1403 1510 1513 1501 1514 1510 1514 1517 1518 1508 1512 1511 1525 1527 1529 1413 1503 1626 1515 1623 1512 1404 1512 1418 1621 1414 1614 1629 1525 1522 1624 1835 1421 1626 1529 1725 1630 1635 1823 1420 1420 1521 1736 1733 1517 1619 1739 1416 1742 1416 1744 1625 1512 1411 1618 1533 1625 1624 1313 1523 1840 1524 1842 1625 1409 1628 1631 1740 1525 1843 1627 1429 1735 1721 1735 1527 1617 1735 1742 1624 1833 1624 1728 1313 1750 1633 1100 1733 1419 1439 1735 1742 1747 1224 1847 1622 1840 1195 1109 1202 1832 1522 1741 1519 1212 1430 1437 1748 1636 1214 1622 1439 1847 1628 1751 1428 1230 1218 1531 1734 1639 1633 1744 1641 1753 1746 1531 1009 1546 1621 1127 1750 1739 1428 1629 1631 1745 1637 1538 1718 1111 1646 1115

Tree=0
num_leaves=13
num_cat=0
split_feature=3 0 0 1 0 0 4 4 4 4 4 4
split_gain=462.673 144.961 1044.13 179.67 5.41355 8.67402 2.7673 2.47334 3.04973 2.5576 2.40375 1.03886
threshold=1.0000000180025095e-35 3.5000000000000004 2.5000000000000004 1.0000000180025095e-35 1.5000000000000002 4.5000000000000009 37.500000000000007 46.500000000000007 73.500000000000014 31.500000000000004 29.500000000000004 9.5000000000000018
decision_type=2 2 2 2 2 2 2 2 2 2 2 2
left_child=1 2 11 -4 -2 6 -6 9 -9 -3 -7 -1
right_child=4 7 3 -5 5 10 -8 8 -10 -11 -12 -13
leaf_value=-2.196846992542635 -1.8044692680158514 -2.1665932112625521 -1.4669328802725783 -1.8302907601812373 -1.6727015862715453 -1.8256577173285962 -1.5841480367122003 -2.1522916010036828 -2.2040228836276166 -2.1861330514916073 -1.710746814971116 -2.1714895984391025
leaf_weight=11.148441225290297 2.4026812985539463 98.317718736827374 12.590050004422663 28.255532070994377 4.5170408412814123 2.1143595427274695 4.517040841281414 68.043934375047684 8.1691164150834066 76.020836286246777 2.5948958024382591 142.62316188216209
leaf_count=116 25 1023 131 294 47 22 47 708 85 791 27 1484
internal_value=-2.11437 -2.12962 -2.07783 -1.71829 -1.69368 -1.67431 -1.62842 -2.16986 -2.15784 -2.17511 -1.76234 -2.17333
internal_weight=461.315 445.169 194.617 40.8456 16.146 13.7433 9.03408 250.552 76.2131 174.339 4.70926 153.772
internal_count=4800 4632 2025 425 168 143 94 2607 793 1814 49 1600
is_linear=0
shrinkage=1


Tree=1
num_leaves=12
num_cat=0
split_feature=3 0 0 1 4 4 4 4 4 4 4
split_gain=282.919 122.272 652 72.498 2.98803 5.79414 2.38749 2.9755 2.54239 2.22737 1.03613
threshold=1.0000000180025095e-35 3.5000000000000004 2.5000000000000004 1.5000000000000002 54.500000000000007 43.500000000000007 46.500000000000007 73.500000000000014 40.500000000000007 14.500000000000002 9.5000000000000018
decision_type=2 2 2 2 2 2 2 2 2 2 2
left_child=1 2 10 -4 5 9 8 -8 -3 -2 -1
right_child=4 6 3 -5 -6 -7 7 -9 -10 -11 -12
leaf_value=-0.081231726274260563 0.32894165107407553 -0.054263504678730888 0.19493375015715017 0.38472726080943426 0.21707290953164607 0.37683056871868514 -0.035996390983227551 -0.088828666691027069 -0.080543499089650542 0.25134515789352962 -0.055085563494634469
leaf_weight=10.443154126405714 3.0266041308641496 137.74896521866322 34.361110515892506 20.604887239634991 4.0929344296455374 4.0647391974925986 66.040020972490311 7.6084754988551131 28.420755162835121 10.871433809399603 136.33005285263062
leaf_count=116 24 1501 252 173 30 30 708 85 313 84 1484
internal_value=-0.00086579 -0.014833 0.0310662 0.266081 0.27876 0.292815 -0.0534442 -0.0414544 -0.0587583 0.268244 -0.0569459
internal_weight=463.613 441.557 201.739 54.966 22.0557 17.9628 239.818 73.6485 166.17 13.898 146.773
internal_count=4800 4632 2025 425 168 138 2607 793 1814 108 1600
is_linear=0
shrinkage=0.08


Tree=2
num_leaves=13
num_cat=0
split_feature=3 0 0 1 4 4 4 0 0 4 4 4
split_gain=199.469 105.168 465.147 62.8381 2.29838 2.90114 2.56049 1.59946 2.2935 1.43294 1.03299 0.784312
threshold=1.0000000180025095e-35 3.5000000000000004 2.5000000000000004 1.0000000180025095e-35 46.500000000000007 73.500000000000014 31.500000000000004 1.5000000000000002 4.5000000000000009 52.500000000000007 9.5000000000000018 28.500000000000004
decision_type=2 2 2 2 2 2 2 2 2 2 2 2
left_child=1 2 10 -4 6 -6 -3 -2 9 -9 -1 -10
right_child=7 4 3 -5 5 -7 -8 8 11 -11 -12 -13
leaf_value=-0.080018886612819959 0.16322971655960689 -0.047946822541585589 0.31186652367542378 0.14676012000888139 -0.034120134621278816 -0.088078249333667355 -0.068482433628788753 0.25165344113434934 0.15102265047861976 0.19494466266902635 -0.053062728042639354 0.20440661585213171
leaf_weight=9.7804494798183423 3.6812977492809322 90.341186709702015 22.399866357445717 43.214252024888992 64.176723539829254 7.0809054747223845 68.188831090927124 11.576108157634737 2.9015217423439017 3.7838563174009314 130.45044085383415 4.482347846031189
leaf_count=116 25 1023 131 294 708 85 791 71 20 23 1484 29
internal_value=-0.00126685 -0.0142126 0.0273177 0.203125 -0.0514157 -0.039482 -0.0567798 0.212151 0.22007 0.237683 -0.0549428 0.183429
internal_weight=462.058 435.633 205.845 65.6141 229.788 71.2576 158.53 26.4251 22.7438 15.36 140.231 7.38387
internal_count=4800 4632 2025 425 2607 793 1814 168 143 94 1600 49
is_linear=0
shrinkage=0.08


Tree=3
num_leaves=12
num_cat=0
split_feature=3 0 0 1 4 4 4 4 4 4 4
split_gain=150.032 91.2547 354.975 38.2147 2.206 2.82577 2.58541 1.07142 2.51335 1.0613 1.02885
threshold=1.0000000180025095e-35 3.5000000000000004 2.5000000000000004 1.0000000180025095e-35 46.500000000000007 73.500000000000014 40.500000000000007 54.500000000000007 43.500000000000007 24.500000000000004 9.5000000000000018
decision_type=2 2 2 2 2 2 2 2 2 2 2
left_child=1 2 10 -4 6 -6 -3 8 9 -2 -1
right_child=7 4 3 -5 5 -7 -8 -9 -10 -11 -12
leaf_value=-0.078833233638055458 0.1870546058510146 -0.050141091470467497 0.24320876037027953 0.12281520717761545 -0.032298717689389717 -0.087397162762495914 -0.078214227376126919 0.13935676946195361 0.22538132767663402 0.14858535431303654 -0.051054871994152207
leaf_weight=9.1587940752506238 7.9870586544275382 126.20766079425812 26.226829394698143 47.313081353902817 62.445549309253693 6.5853601321578017 25.185273356735706 5.2672047615051261 5.7540172636508933 10.790461793541906 124.96356147527695
leaf_count=116 46 1501 131 294 708 85 313 30 30 62 1484
internal_value=-0.00147407 -0.013556 0.0244982 0.165752 -0.049407 -0.037555 -0.0548113 0.172094 0.179123 0.164948 -0.0529518
internal_weight=457.885 428.086 207.662 73.5399 220.424 69.0309 151.393 29.7987 24.5315 18.7775 134.122
internal_count=4800 4632 2025 425 2607 793 1814 168 138 108 1600
is_linear=0
shrinkage=0.08


Tree=4
num_leaves=13
num_cat=0
split_feature=3 0 0 1 4 4 4 4 0 0 1 4
split_gain=117.023 79.5251 280.876 40.0417 2.11032 2.74878 2.56814 1.07011 1.02285 1.42585 0.936828 0.501144
threshold=1.0000000180025095e-35 3.5000000000000004 2.5000000000000004 1.5000000000000002 46.500000000000007 73.500000000000014 40.500000000000007 53.500000000000007 1.5000000000000002 4.5000000000000009 1.0000000180025095e-35 28.500000000000004
decision_type=2 2 2 2 2 2 2 2 2 2 2 2
left_child=1 2 7 -4 6 -6 -3 -1 -2 10 -10 -11
right_child=8 4 3 -5 5 -7 -8 -9 9 11 -12 -13
leaf_value=-0.04735065728586086 0.10930512317196345 -0.048147505185852646 0.094765303215073871 0.21098713084229698 -0.030534067700509229 -0.086778123077734914 -0.076992773645977938 -0.065695200042784355 0.18954850355397646 0.10071888606387731 0.15103557318419397 0.13936271624031416
leaf_weight=103.06628207862377 4.4865384250879279 121.1312702447176 48.476105809211731 31.171967208385468 60.838316738605499 6.1206514015793791 23.602877892553806 25.35879273712635 5.8461425155401292 3.5219225883483869 13.100656673312185 5.5044917315244675
leaf_count=1286 25 1501 252 173 708 85 313 314 29 20 65 29
internal_value=-0.00158025 -0.0128969 0.0222255 0.140251 -0.0474186 -0.0356753 -0.0528515 -0.050973 0.144765 0.150452 0.162919 0.124285
internal_weight=452.226 419.766 208.073 79.6481 211.693 66.959 144.734 128.425 32.4598 27.9732 18.9468 9.02641
internal_count=4800 4632 2025 425 2607 793 1814 1600 168 143 94 49
is_linear=0
shrinkage=0.08


Tree=5
num_leaves=12
num_cat=0
split_feature=3 0 0 1 4 4 2 4 0 4 4
split_gain=93.4898 69.3334 225.607 33.402 2.05677 3.2551 2.04731 1.07867 0.766252 1.09739 1.82206
threshold=1.0000000180025095e-35 3.5000000000000004 2.5000000000000004 1.0000000180025095e-35 53.500000000000007 73.500000000000014 1.0000000180025095e-35 9.5000000000000018 1.5000000000000002 54.500000000000007 27.500000000000004
decision_type=2 2 2 2 2 2 2 2 2 2 2
left_child=1 2 7 -4 6 -6 -3 -1 -2 10 -10
right_child=8 4 3 -5 5 -7 -8 -9 9 -11 -12
leaf_value=-0.076963329362664964 0.094878680767462684 -0.065320548109018384 0.18873273948434416 0.083622841453063854 -0.021203512257755901 -0.086214731555480706 -0.04441579947937381 -0.047000151488379556 0.10936990978703456 0.097967386070295814 0.15450058143099774
leaf_weight=8.2410441339015943 4.743344619870185 39.864386633038521 29.77455723285675 55.261478781700134 37.050066947937012 5.685490518808364 120.95957858860493 114.87935507297516 9.3623770922422462 5.7116300463676444 14.737831294536589
leaf_count=116 25 516 131 294 442 85 1564 1484 46 28 69
internal_value=-0.00164638 -0.0122543 0.0202105 0.120426 -0.0454523 -0.0298525 -0.0495976 -0.0490057 0.124744 0.129496 0.136968
internal_weight=446.271 411.716 208.156 85.036 203.56 42.7356 160.824 123.12 34.5552 29.8118 24.1002
internal_count=4800 4632 2025 425 2607 527 2080 1600 168 143 115
is_linear=0
shrinkage=0.08


Tree=6
num_leaves=13
num_cat=0
split_feature=3 0 0 1 4 4 4 4 0 0 1 4
split_gain=75.8907 60.5942 185.36 28.9906 1.95165 2.68333 2.60312 1.09708 0.680305 1.02912 0.685656 0.322415
threshold=1.0000000180025095e-35 3.5000000000000004 2.5000000000000004 1.5000000000000002 46.500000000000007 31.500000000000004 73.500000000000014 53.500000000000007 4.5000000000000009 1.5000000000000002 1.5000000000000002 29.500000000000004
decision_type=2 2 2 2 2 2 2 2 2 2 2 2
left_child=1 2 7 -4 5 -3 -6 -1 9 -2 -11 -10
right_child=8 4 3 -5 6 -7 -8 -9 11 10 -12 -13
leaf_value=-0.043256380327036104 0.083309879609350851 -0.039315129187491415 0.068310735502646602 0.16149782672202537 -0.02701331607943009 -0.062339646830851241 -0.085701371439801236 -0.062696570130988671 0.075157643874678756 0.11271524514604839 0.14253436442870179 0.10401420635613869
leaf_weight=95.089171901345253 4.9599433988332775 76.947571732103825 52.929658964276314 35.829404026269913 57.824567869305611 55.948910504579544 5.2785266563296309 23.090196743607521 4.3302575945854169 13.273429214954378 7.8559922128915778 5.793270155787468
leaf_count=1286 25 1023 252 173 708 791 85 314 22 59 35 27
internal_value=-0.00166046 -0.0116303 0.0185618 0.105928 -0.0435075 -0.0490084 -0.0319225 -0.0470547 0.109274 0.116104 0.123802 0.091671
internal_weight=439.151 402.938 206.938 88.7591 196 132.896 63.1031 118.179 36.2129 26.0894 21.1294 10.1235
internal_count=4800 4632 2025 425 2607 1814 793 1600 168 119 94 49
is_linear=0
shrinkage=0.08


Tree=7
num_leaves=12
num_cat=0
split_feature=3 0 0 1 4 4 2 4 4 4 4
split_gain=62.3443 52.911 153.01 30.6885 1.89961 3.03026 2.06577 1.12192 0.613672 1.60839 0.935364
threshold=1.0000000180025095e-35 3.5000000000000004 2.5000000000000004 1.0000000180025095e-35 53.500000000000007 73.500000000000014 1.0000000180025095e-35 9.5000000000000018 54.500000000000007 43.500000000000007 13.500000000000002
decision_type=2 2 2 2 2 2 2 2 2 2 2
left_child=1 2 7 -4 6 -6 -3 -1 9 10 -2
right_child=8 4 3 -5 5 -7 -8 -9 -10 -11 -12
leaf_value=-0.075157668786842408 0.12404423732586711 -0.062372609994559437 0.15737838461737338 0.060204053056064501 -0.018123207050323921 -0.085233109198099136 -0.040413621924650957 -0.043014753773694292 0.074749693253595983 0.13490427215602901 0.083852638352929942
leaf_weight=7.436651498079299 4.5938368141651216 36.289417050778866 31.682332903146744 60.552066624164581 35.614998206496239 4.8983744718134394 112.15829847753048 106.1500691473484 6.596227526664733 7.1470586061477652 19.172075554728508
leaf_count=116 21 516 131 294 442 85 1564 1484 30 30 87
internal_value=-0.00166044 -0.0110251 0.0170374 0.0935832 -0.0415914 -0.0262373 -0.0457817 -0.0451192 0.0969016 0.101628 0.0916215
internal_weight=432.291 394.782 205.821 92.2344 188.961 40.5134 148.448 113.587 37.5092 30.913 23.7659
internal_count=4800 4632 2025 425 2607 527 2080 1600 168 138 108
is_linear=0
shrinkage=0.08


Tree=8
num_leaves=13
num_cat=0
split_feature=3 0 0 1 4 4 4 4 0 0 1 4
split_gain=51.6433 46.2511 128.136 25.3967 1.77811 2.81706 2.44531 1.11584 0.582319 0.914555 0.699641 0.271471
threshold=1.0000000180025095e-35 3.5000000000000004 2.5000000000000004 1.0000000180025095e-35 46.500000000000007 40.500000000000007 73.500000000000014 53.500000000000007 4.5000000000000009 1.5000000000000002 1.0000000180025095e-35 29.500000000000004
decision_type=2 2 2 2 2 2 2 2 2 2 2 2
left_child=1 2 7 -4 5 -3 -6 -1 9 -2 -11 -10
right_child=8 4 3 -5 6 -7 -8 -9 11 10 -12 -13
leaf_value=-0.039250403099145695 0.063121758256851693 -0.039972905644876662 0.14143316791514635 0.05403588602306339 -0.023751015950681371 -0.073249163994168115 -0.08480555195680177 -0.059725767810126389 0.056391180526315685 0.12109925221175898 0.090476024743215963 0.081966090362668109
leaf_weight=88.204645916819572 5.3472465127706554 103.31129924207926 32.399198666214943 62.001893907785416 55.244868531823158 19.328109439462423 4.5436388067901126 21.111050859093666 4.6609133034944517 6.9148433357477197 15.427984297275543 6.1760907024145126
leaf_count=1286 25 1501 131 294 708 313 85 314 22 29 65 27
internal_value=-0.00163261 -0.0104447 0.0157557 0.0840313 -0.0397026 -0.0452173 -0.0283909 -0.0432046 0.086688 0.0928409 0.0999536 0.0709665
internal_weight=424.672 386.145 203.717 94.4011 182.428 122.639 59.7885 109.316 38.5271 27.6901 22.3428 10.837
internal_count=4800 4632 2025 425 2607 1814 793 1600 168 119 94 49
is_linear=0
shrinkage=0.08


Tree=9
num_leaves=13
num_cat=0
split_feature=0 0 3 1 1 3 4 4 4 2 4 0
split_gain=43.5795 104.789 25.052 24.1364 83.8443 18.0365 4.14132 1.72918 2.79713 2.07271 1.15663 0.804383
threshold=3.5000000000000004 2.5000000000000004 1.0000000180025095e-35 1.0000000180025095e-35 1.5000000000000002 1.0000000180025095e-35 42.500000000000007 53.500000000000007 73.500000000000014 1.0000000180025095e-35 9.5000000000000018 5.5000000000000009
decision_type=2 2 2 2 2 2 2 2 2 2 2 2
left_child=1 5 7 6 -5 10 -3 9 -9 -2 -1 -4
right_child=2 3 11 4 -6 -7 -8 8 -10 -11 -12 -13
leaf_value=-0.07339316614487669 -0.059460631399593289 0.15115550796808061 0.10303700262731826 -0.05340098204587379 0.11921082553114211 0.076073157760586887 0.097796709577970611 -0.015352794538426787 -0.084414822181741983 -0.036513405058264656 -0.039121379152120918 0.061884403070331051
leaf_weight=6.7325527667999259 33.188729643821716 21.886173248291016 4.8472194075584403 29.986038938164711 45.093777358531952 9.1011200100183469 16.199279725551605 34.403403073549271 4.2129314690828314 104.54957811161876 98.618971258401871 8.1524286121129972
leaf_count=116 516 88 21 147 196 40 65 442 85 1564 1484 36
internal_value=-0.00159196 0.0219972 -0.0299479 0.0765856 0.0502716 -0.0319773 0.12846 -0.0378482 -0.0228873 -0.0420427 -0.0413115 0.0772291
internal_weight=416.972 227.618 189.354 113.165 75.0798 114.453 38.0855 176.355 38.6163 137.738 105.352 12.9996
internal_count=4800 2136 2664 496 343 1640 153 2607 527 2080 1600 57
is_linear=0
shrinkage=0.08


Tree=10
num_leaves=13
num_cat=0
split_feature=0 0 3 1 1 3 4 4 4 4 4 0
split_gain=37.6986 88.3826 21.4478 20.6798 68.8893 15.503 3.48224 1.68658 1.81715 1.12984 0.708946 0.614341
threshold=3.5000000000000004 2.5000000000000004 1.0000000180025095e-35 1.0000000180025095e-35 1.5000000000000002 1.0000000180025095e-35 42.500000000000007 9.5000000000000018 26.500000000000004 9.5000000000000018 29.500000000000004 6.5000000000000009
decision_type=2 2 2 2 2 2 2 2 2 2 2 2
left_child=1 5 7 6 -5 9 -3 11 -9 -1 -4 -2
right_child=2 3 10 4 -6 -7 -8 8 -10 -11 -12 -13
leaf_value=-0.072226651158024915 -0.049036197328459784 0.1387120488453 0.048025209537018665 -0.050280882286643867 0.10632396248373922 0.068555415419501428 0.089828592847137526 -0.018602786250870022 -0.038663075631373514 -0.037275985614063582 0.085461963853538075 -0.086041977143696491
leaf_weight=6.3112665116786948 6.4814127832651121 21.937515541911125 5.617570221424101 29.326900631189346 46.451704472303391 9.2829879820346815 16.22369422018528 37.955313019454479 121.13288283720613 95.358630210161209 7.6407813280820847 5.1543844267725945
leaf_count=116 99 88 25 147 196 40 65 581 1848 1484 32 79
internal_value=-0.0015587 0.0204127 -0.0284157 0.0699027 0.0457167 -0.0304096 0.11793 -0.0360275 -0.0338771 -0.0394456 0.0696 -0.0654289
internal_weight=408.875 224.893 183.982 113.94 75.7786 110.953 38.1612 170.724 159.088 101.67 13.2584 11.6358
internal_count=4800 2136 2664 496 343 1640 153 2607 2429 1600 57 178
is_linear=0
shrinkage=0.08


Tree=11
num_leaves=13
num_cat=0
split_feature=0 0 3 1 1 3 4 4 4 2 4 0
split_gain=32.6321 74.9873 18.4042 17.9417 57.1509 13.3517 3.03761 1.71375 2.97068 2.01516 1.17599 0.635123
threshold=3.5000000000000004 2.5000000000000004 1.0000000180025095e-35 1.0000000180025095e-35 1.5000000000000002 1.0000000180025095e-35 42.500000000000007 55.500000000000007 73.500000000000014 1.0000000180025095e-35 53.500000000000007 5.5000000000000009
decision_type=2 2 2 2 2 2 2 2 2 2 2 2
left_child=1 5 7 6 -5 10 -3 9 -9 -2 -1 -4
right_child=2 3 11 4 -6 -7 -8 8 -10 -11 -12 -13
leaf_value=-0.033356142053134551 -0.055633323507017066 0.12865152410294828 0.085549005923695645 -0.047329073031757797 0.09571139444149758 0.062052845129340027 0.082882524477216335 -0.0081631053787138991 -0.083903559999046001 -0.032664383938933707 -0.055620128264262776 0.049625050085066777
leaf_weight=79.485477983951569 32.127136763185263 21.766664609313011 5.0308844447135916 28.69042532145977 47.428983196616173 9.4287273436784726 16.178177759051323 27.381826758384708 3.7705870717763892 102.248490922153 18.769048929214478 8.4233026504516584
leaf_count=1286 537 88 21 147 196 40 65 368 85 1617 314 36
internal_value=-0.00151248 0.0189974 -0.0269229 0.064199 0.0417975 -0.0288827 0.109137 -0.0342366 -0.0173305 -0.0381559 -0.0376091 0.063058
internal_weight=400.73 221.748 178.982 114.064 76.1194 107.683 37.9448 165.528 31.1524 134.376 98.2545 13.4542
internal_count=4800 2136 2664 496 343 1640 153 2607 453 2154 1600 57
is_linear=0
shrinkage=0.08


Tree=12
num_leaves=13
num_cat=0
split_feature=0 0 3 1 1 3 4 4 4 4 0 4
split_gain=28.2647 63.9049 15.8133 15.7148 47.7566 11.5135 2.78339 1.64908 1.79182 1.16827 0.642732 0.588404
threshold=3.5000000000000004 2.5000000000000004 1.0000000180025095e-35 1.0000000180025095e-35 1.5000000000000002 1.0000000180025095e-35 47.500000000000007 9.5000000000000018 11.500000000000002 29.500000000000004 6.5000000000000009 29.500000000000004
decision_type=2 2 2 2 2 2 2 2 2 2 2 2
left_child=1 5 7 6 -5 9 -3 10 -9 -1 -2 -4
right_child=2 3 11 4 -6 -7 -8 8 -10 -11 -12 -13
leaf_value=-0.048180806405091911 -0.045684853252434279 0.11579221784622629 0.037967009853585004 -0.044531630811089955 0.086765746524969073 0.056363781494530814 0.068092166103558088 0.034779015379038658 -0.031512090299716897 -0.029451284219231981 -0.0853393752173848 0.071608480286646264
leaf_weight=32.255828842520714 6.0174594409763795 26.371394664049149 5.7894462645053846 28.079224333167076 48.10225036740303 9.5447564274072629 11.134966284036635 2.6565683484077445 147.38672136515379 62.835086189210415 4.6276663653552532 7.8243317455053329
leaf_count=550 99 108 25 147 196 40 45 43 2386 1050 79 32
internal_value=-0.00146065 0.0177183 -0.0254833 0.0592413 0.0383717 -0.027397 0.101631 -0.0324971 -0.0303384 -0.0358045 -0.0629235 0.057302
internal_weight=392.626 218.324 174.302 113.688 76.1815 104.636 37.5064 160.688 150.043 95.0909 10.6451 13.6138
internal_count=4800 2136 2664 496 343 1640 153 2607 2429 1600 178 57
is_linear=0
shrinkage=0.08


Tree=13
num_leaves=13
num_cat=0
split_feature=0 0 1 1 3 3 4 4 4 4 4 0
split_gain=24.478 54.6405 13.8611 40.1258 13.6008 9.93606 2.57693 1.65716 3.1451 2.34211 1.18961 0.520055
threshold=3.5000000000000004 2.5000000000000004 1.0000000180025095e-35 1.5000000000000002 1.0000000180025095e-35 1.0000000180025095e-35 53.500000000000007 46.500000000000007 40.500000000000007 73.500000000000014 53.500000000000007 5.5000000000000009
decision_type=2 2 2 2 2 2 2 2 2 2 2 2
left_child=1 5 6 -4 7 10 -3 8 -2 -9 -1 -6
right_child=4 2 3 -5 11 -7 -8 9 -10 -11 -12 -13
leaf_value=-0.029648252945567374 -0.030732880046346302 0.10521634769954157 -0.041877320900311717 0.079082881197793289 0.07241209078882746 0.051339775176586139 0.050947433325354549 -0.014760638976391174 -0.069421185424244636 -0.083478055773383492 -0.05286326167127791 0.040228504937080592
leaf_weight=74.741110421717167 87.888803638517857 30.020423427224159 27.495043158531189 48.533146694302559 5.1311819106340399 9.6363634318113309 6.8840227574110022 49.066877506673336 15.877314995974301 3.3939129672944537 17.419312685728073 8.5974855720996839
leaf_count=1286 1501 125 147 196 21 40 28 708 313 85 314 36
internal_value=-0.00140224 0.0165512 0.0548653 0.0353385 -0.0240854 -0.0259542 0.0950932 -0.0307941 -0.0366526 -0.0192063 -0.0340361 0.0522573
internal_weight=384.685 214.729 112.933 76.0282 169.956 101.797 36.9044 156.227 103.766 52.4608 92.1604 13.7287
internal_count=4800 2136 496 343 2664 1640 153 2607 1814 793 1600 57
is_linear=0
shrinkage=0.08


Tree=14
num_leaves=13
num_cat=0
split_feature=0 0 1 1 3 3 4 4 4 4 1 4
split_gain=21.2018 46.8344 12.2903 33.8557 11.7036 8.57821 2.5191 1.61098 1.81624 1.20823 0.671399 0.497405
threshold=3.5000000000000004 2.5000000000000004 1.0000000180025095e-35 1.5000000000000002 1.0000000180025095e-35 1.0000000180025095e-35 42.500000000000007 9.5000000000000018 26.500000000000004 9.5000000000000018 1.0000000180025095e-35 29.500000000000004
decision_type=2 2 2 2 2 2 2 2 2 2 2 2
left_child=1 5 6 -4 7 9 -3 10 -9 -1 -2 -6
right_child=4 2 3 -5 11 -7 -8 8 -10 -11 -12 -13
leaf_value=-0.069146649241398253 -0.027088908642325191 0.10779819879280148 -0.039356991686477709 0.072383462222690181 0.030173689181963136 0.046868904505238985 0.065211490464811533 -0.01098070159510919 -0.032092192321866782 -0.029961495750840849 -0.073622525533029115 0.060851155830595256
leaf_weight=5.356821507215499 2.7627688422799093 20.471909761428833 26.938927546143532 48.771593272686005 5.9076763540506345 9.7079189866781217 15.712148904800413 34.397189311683178 107.86686127260327 84.088418260216713 7.0433595813810825 7.9139496088027954
leaf_count=116 50 88 147 196 25 40 65 581 1848 1484 128 32
internal_value=-0.00134319 0.0154782 0.0509539 0.0326245 -0.0227434 -0.0245562 0.0893058 -0.0291496 -0.0269878 -0.0323083 -0.0605122 0.0477389
internal_weight=376.94 211.048 111.895 75.7105 165.892 99.1532 36.1841 152.07 142.264 89.4452 9.80613 13.8216
internal_count=4800 2136 496 343 2664 1640 153 2607 2429 1600 178 57
is_linear=0
shrinkage=0.08


Tree=15
num_leaves=13
num_cat=0
split_feature=0 0 1 1 3 3 4 4 4 2 4 0
split_gain=18.3525 40.2192 10.9454 28.6572 10.0731 7.40681 2.35578 1.63528 2.8276 2.09245 1.16852 0.434825
threshold=3.5000000000000004 2.5000000000000004 1.0000000180025095e-35 1.5000000000000002 1.0000000180025095e-35 1.0000000180025095e-35 42.500000000000007 55.500000000000007 73.500000000000014 1.0000000180025095e-35 53.500000000000007 5.5000000000000009
decision_type=2 2 2 2 2 2 2 2 2 2 2 2
left_child=1 5 6 -4 7 10 -3 9 -9 -2 -1 -6
right_child=4 2 3 -5 11 -7 -8 8 -10 -11 -12 -13
leaf_value=-0.026187949623023069 -0.050706372563795843 0.10237882874121811 -0.036963076167101046 0.066468384775731096 0.062083028648629614 0.042865038034347949 0.060775268686994822 -0.0015998018959455754 -0.083098453946600315 -0.0257775789955197 -0.050015394521822756 0.032803367812594887
leaf_weight=70.743531353771687 28.181733060628176 19.856435865163803 26.411376863718033 48.858184039592743 5.1758499443531027 9.7630410939455015 15.518420800566672 25.452618122100834 3.0511808581650248 91.563231229782104 16.186028853058815 8.7064967304468137
leaf_count=1286 537 88 147 196 21 40 65 368 85 1617 314 36
internal_value=-0.00128021 0.0144866 0.0474248 0.0301753 -0.0214432 -0.0232043 0.084128 -0.0275452 -0.0103238 -0.0316445 -0.0306245 0.0437199
internal_weight=369.468 207.337 110.644 75.2696 162.131 96.6926 35.3749 148.249 28.5038 119.745 86.9296 13.8823
internal_count=4800 2136 496 343 2664 1640 153 2607 453 2154 1600 57
is_linear=0
shrinkage=0.08


Tree=16
num_leaves=13
num_cat=0
split_feature=3 0 0 1 4 4 4 0 0 0 4 4
split_gain=15.96 14.5831 35.0007 10.2437 1.5451 1.73457 1.28041 0.838349 1.36034 0.724267 0.674857 0.405757
threshold=1.0000000180025095e-35 3.5000000000000004 2.5000000000000004 1.0000000180025095e-35 9.5000000000000018 26.500000000000004 43.500000000000007 4.5000000000000009 1.5000000000000002 6.5000000000000009 37.500000000000007 37.500000000000007
decision_type=2 2 2 2 2 2 2 2 2 2 2 2
left_child=1 2 6 -4 9 -6 -1 8 -2 -3 -10 -9
right_child=7 4 3 -5 5 -7 -8 11 10 -11 -12 -13
leaf_value=-0.036575213884519953 0.020207972256833219 -0.038545539012884794 0.081258754291320373 0.024083595905144896 -0.0079602379006036023 -0.029012344477954546 -0.016223027484687159 0.041477182423697204 0.049006684293278799 -0.084339785739933074 0.076881755733028287 0.011752511408580689
leaf_weight=53.056196942925453 6.069466486573222 5.197675194591282 29.335395485162735 63.393290773034096 33.149408638477325 102.49808708950877 31.547047935426235 6.7353529483079893 11.120769873261453 3.8457401506602764 11.113334119319914 5.2145238071680069
leaf_count=995 25 99 131 294 581 1848 605 28 47 79 47 21
internal_value=-0.00121845 -0.00715514 0.0082228 0.0421714 -0.0260022 -0.0238677 -0.0289862 0.0462744 0.0537761 -0.0580197 0.0629396 0.0285063
internal_weight=362.276 322.023 177.332 92.7287 144.691 135.647 84.6032 40.2534 28.3036 9.04342 22.2341 11.9499
internal_count=4800 4632 2025 425 2607 2429 1600 168 119 178 94 49
is_linear=0
shrinkage=0.08


Tree=17
num_leaves=13
num_cat=0
split_feature=0 0 1 1 3 3 4 4 4 4 4 4
split_gain=13.6301 29.4173 8.954 24.4696 7.59778 5.56649 2.38475 1.61059 3.21013 2.24211 1.21958 0.473347
threshold=3.5000000000000004 2.5000000000000004 1.0000000180025095e-35 1.5000000000000002 1.0000000180025095e-35 1.0000000180025095e-35 42.500000000000007 46.500000000000007 40.500000000000007 73.500000000000014 9.5000000000000018 29.500000000000004
decision_type=2 2 2 2 2 2 2 2 2 2 2 2
left_child=1 5 6 -4 7 10 -3 8 -2 -9 -1 -6
right_child=4 2 3 -5 11 -7 -8 9 -10 -11 -12 -13
leaf_value=-0.066740328188004072 -0.024475038328359126 0.094191360198091462 -0.036755499666419181 0.058984795538606728 0.020446461648701595 0.036342221798950095 0.051346205399615971 -0.008368304261432289 -0.066372210365409037 -0.082769850659354438 -0.024989921706939013 0.050177997516032552
leaf_weight=4.7516554594039908 79.573386453092098 18.650552973151207 26.30476413667202 48.745624139904976 6.0312492549419385 9.8128752112388593 15.001825764775274 45.375374939292669 13.722295586019753 2.7492892742156974 77.703466534614563 7.9371439516544342
leaf_count=116 1501 88 147 196 25 40 65 708 313 85 1484 32
internal_value=-0.00115311 0.0126043 0.0408031 0.0254283 -0.0189462 -0.0206172 0.0750915 -0.0245058 -0.0306374 -0.0126188 -0.0273959 0.0373406
internal_weight=356.36 200.971 108.703 75.0504 155.389 92.268 33.6524 141.42 93.2957 48.1247 82.4551 13.9684
internal_count=4800 2136 496 343 2664 1640 153 2607 1814 793 1600 57
is_linear=0
shrinkage=0.08


Tree=18
num_leaves=13
num_cat=0
split_feature=3 0 0 1 4 4 4 4 0 0 0 4
split_gain=11.9468 10.8524 25.6634 8.49834 1.48135 1.62896 1.23888 0.835736 1.81414 1.50756 0.74349 0.100825
threshold=1.0000000180025095e-35 3.5000000000000004 2.5000000000000004 1.0000000180025095e-35 9.5000000000000018 11.500000000000002 53.500000000000007 14.500000000000002 4.5000000000000009 1.5000000000000002 6.5000000000000009 42.500000000000007
decision_type=2 2 2 2 2 2 2 2 2 2 2 2
left_child=1 2 6 -4 10 -6 -1 -2 9 -9 -3 -10
right_child=7 4 3 -5 5 -7 -8 8 11 -11 -12 -13
leaf_value=-0.021123420916336202 0.068369474392467738 -0.035587802090221311 0.073071928971844419 0.019957079030426747 0.043072122132122151 -0.022223472736599414 -0.046667925476699179 0.0074030090872159934 -0.0011420449711953726 0.057137856324002465 -0.083892446625306025 0.014869042371918178
leaf_weight=65.547192752361298 5.7050101011991492 4.9136017709970456 27.753821447491646 63.134870126843452 2.4930657744407645 127.48034165427089 14.916233889758585 4.8817582130432156 5.1021863222122175 19.40753398835659 3.486118208616972 4.9681144803762436
leaf_count=1286 24 99 131 294 43 2386 314 20 21 83 79 20
internal_value=-0.00109362 -0.00641109 0.00704586 0.0361763 -0.0230753 -0.020971 -0.0258588 0.0400138 0.0353057 0.0471419 -0.0556356 0.00675692
internal_weight=349.79 309.725 171.352 90.8887 138.373 129.973 80.4634 40.0646 34.3596 24.2893 8.39972 10.0703
internal_count=4800 4632 2025 425 2607 2429 1600 168 144 103 178 41
is_linear=0
shrinkage=0.08


Tree=19
num_leaves=13
num_cat=0
split_feature=0 0 0 1 3 3 3 4 2 4 4 4
split_gain=10.2788 16.8675 5.54063 7.33567 4.13263 3.66083 3.40703 1.74187 2.10931 1.95606 1.28935 0.37109
threshold=4.5000000000000009 2.5000000000000004 3.5000000000000004 1.0000000180025095e-35 1.0000000180025095e-35 1.0000000180025095e-35 1.0000000180025095e-35 53.500000000000007 1.0000000180025095e-35 73.500000000000014 43.500000000000007 37.500000000000007
decision_type=2 2 2 2 2 2 2 2 2 2 2 2
left_child=1 4 3 -3 10 7 -4 8 -2 -9 -1 -7
right_child=5 2 6 -5 -6 11 -8 9 -10 -11 -12 -13
leaf_value=-0.032314808921680135 -0.054128716305299779 0.067320417963046025 -0.010189518486652503 0.021464091062996307 0.030650387567135163 0.034009074987537871 0.09915146633209572 8.2233086083678553e-05 -0.023486452015275425 -0.082493775149814791 -0.011156686056844374 0.0056643380960082956
leaf_weight=49.117917932569981 18.649314511567354 31.859277576208115 28.942138908430938 74.61726588010788 9.8273455798625928 6.8211681991815549 1.9465177357196797 23.227891184389595 62.764427967369556 1.9934912100434292 29.50622920691967 5.216897040605545
leaf_count=995 403 153 556 343 40 28 8 357 1223 68 605 21
internal_value=-0.00103149 0.00898627 0.0265312 0.0351849 -0.018261 -0.0200937 -0.00329915 -0.0248147 -0.0305056 -0.00644455 -0.0243745 0.0217254
internal_weight=344.49 225.817 137.365 106.477 88.4515 118.673 30.8887 106.635 81.4137 25.2214 78.6241 12.0381
internal_count=4800 2700 1060 496 1640 2100 564 2051 1626 425 1600 49
is_linear=0
shrinkage=0.08


Tree=20
num_leaves=13
num_cat=0
split_feature=0 0 0 1 3 3 3 4 2 4 4 0
split_gain=8.8749 14.4408 4.71536 6.64351 3.56045 3.17028 2.9334 1.56025 1.9791 1.81161 1.25029 0.322343
threshold=4.5000000000000009 2.5000000000000004 3.5000000000000004 1.0000000180025095e-35 1.0000000180025095e-35 1.0000000180025095e-35 1.0000000180025095e-35 53.500000000000007 1.0000000180025095e-35 73.500000000000014 53.500000000000007 6.5000000000000009
decision_type=2 2 2 2 2 2 2 2 2 2 2 2
left_child=1 4 3 -3 10 7 -4 8 -2 -9 -1 -7
right_child=5 2 6 -5 -6 11 -8 9 -10 -11 -12 -13
leaf_value=-0.01810084649107431 -0.052404489481477697 0.063740482455022771 -0.0094631761272072814 0.019692847521514571 0.028170633886133785 0.0076534181850149664 0.092819920294987771 7.5650838972248847e-05 -0.022084417677240273 -0.082296316841468362 -0.044419632350743268 0.033855085001839973
leaf_weight=62.769983652979136 17.758938629180193 30.993090659379959 28.681723967194561 74.813668683171272 9.8365823924541456 6.4102184474468213 1.9142693728208531 23.22953583300114 61.464579131454229 1.8444604203104962 14.157611131668089 5.6567185968160629
leaf_count=1286 403 153 556 343 40 26 8 357 1223 68 314 23
internal_value=-0.000973153 0.00836642 0.0245968 0.0325954 -0.0171495 -0.0188848 -0.00306373 -0.0233763 -0.028881 -0.00598369 -0.0229445 0.0199362
internal_weight=339.531 223.167 136.403 105.807 86.7642 116.364 30.596 104.298 79.2235 25.074 76.9276 12.0669
internal_count=4800 2700 1060 496 1640 2100 564 2051 1626 425 1600 49
is_linear=0
shrinkage=0.08


Tree=21
num_leaves=13
num_cat=0
split_feature=0 0 1 1 4 3 3 4 2 4 4 4
split_gain=7.65609 12.3608 4.77255 14.8519 6.29654 3.06557 2.74309 1.39331 1.84974 1.67751 1.28044 0.310406
threshold=4.5000000000000009 2.5000000000000004 1.5000000000000002 1.0000000180025095e-35 9.5000000000000018 1.0000000180025095e-35 1.0000000180025095e-35 53.500000000000007 1.0000000180025095e-35 73.500000000000014 43.500000000000007 37.500000000000007
decision_type=2 2 2 2 2 2 2 2 2 2 2 2
left_child=1 5 3 -3 -4 10 7 8 -2 -9 -1 -8
right_child=6 2 4 -5 -6 -7 11 9 -10 -11 -12 -13
leaf_value=-0.029684548011488423 -0.050666032939134714 0.042951295386049325 -0.065368630357123855 -0.028346614937937647 0.045899573015909363 0.025904236044756026 0.029491175278388539 6.9591510279104471e-05 -0.020740151835605375 -0.082114899934675453 -0.0081673500195330248 0.0036025984503583325
leaf_weight=46.945033106952906 16.933225754648447 39.652758184820414 3.4521993659436694 35.384262822568417 56.956539534032345 9.8411952108144742 6.8669950515031797 23.231046371161941 60.263806521892548 1.7062604427337635 28.412134137004614 5.2152296453714371
leaf_count=995 403 334 27 310 389 40 28 357 1223 68 605 21
internal_value=-0.000916636 0.00778658 0.0228042 0.00933024 0.0395409 -0.0160879 -0.0177296 -0.0219937 -0.0273044 -0.00555364 -0.0215719 0.0183165
internal_weight=334.861 220.644 135.446 75.037 60.4087 85.1984 114.217 102.134 77.197 24.9373 75.3572 12.0822
internal_count=4800 2700 1060 644 416 1640 2100 2051 1626 425 1600 49
is_linear=0
shrinkage=0.08


Tree=22
num_leaves=12
num_cat=0
split_feature=3 0 0 1 4 4 4 1 4 4 4
split_gain=6.92115 6.30844 13.9462 8.08217 1.37488 1.81673 1.25184 0.780623 0.694403 1.74092 0.846346
threshold=1.0000000180025095e-35 3.5000000000000004 2.5000000000000004 1.5000000000000002 9.5000000000000018 26.500000000000004 53.500000000000007 1.0000000180025095e-35 14.500000000000002 27.500000000000004 54.500000000000007
decision_type=2 2 2 2 2 2 2 2 2 2 2
left_child=1 2 6 -4 7 -6 -1 -3 -2 -10 -11
right_child=8 4 3 -5 5 -7 -8 -9 9 10 -12
leaf_value=-0.015334388281908379 0.05635176178140687 -0.011829297545605225 0.003328254988161279 0.051800000866432321 0.0008211394901103422 -0.021873392775832907 -0.042282217868457005 -0.068423497295682673 -0.0078761233297998234 0.044559897773058924 0.012376615489429319
leaf_weight=60.411833174526691 5.695527419447898 2.2178521417081347 45.33956503868103 42.796244651079178 29.950696405023336 91.671058993786573 13.497713357210158 5.2573967687785625 7.4918017834424964 19.244334489107136 7.1810023486614218
leaf_count=1286 24 50 252 173 581 1848 314 128 32 82 30
internal_value=-0.000869297 -0.00513794 0.00537291 0.0268648 -0.0183314 -0.0162846 -0.0202557 -0.0516324 0.0305041 0.0261636 0.0358142
internal_weight=330.755 291.142 162.045 88.1358 129.097 121.622 73.9095 7.47525 39.6127 33.9171 26.4253
internal_count=4800 4632 2025 425 2607 2429 1600 178 168 144 112
is_linear=0
shrinkage=0.08


Tree=23
num_leaves=13
num_cat=0
split_feature=3 0 0 1 4 4 4 0 0 4 0 0
split_gain=5.88735 5.43373 11.9097 6.91035 1.36067 5.92612 1.29491 0.650898 0.975936 0.632271 0.262649 1.7412e-05
threshold=1.0000000180025095e-35 3.5000000000000004 2.5000000000000004 1.5000000000000002 73.500000000000014 71.500000000000014 29.500000000000004 1.5000000000000002 4.5000000000000009 37.500000000000007 6.5000000000000009 4.5000000000000009
decision_type=2 2 2 2 2 2 2 2 2 2 2 2
left_child=1 2 6 -4 5 -3 -1 -2 9 -9 -10 -6
right_child=7 4 3 -5 11 -7 -8 8 10 -11 -12 -13
leaf_value=-0.034146424476941266 0.0043253062936508295 -0.017928055340653844 0.0030620651459583488 0.047951038879799242 -0.082453208401353562 0.15033602273129923 -0.011459417391184907 0.029180920026555111 0.003333188880067985 0.056795543518970655 0.026952109905540627 -0.081906025946652875
leaf_weight=24.1147575750947 6.1976067870855323 123.61789901182055 45.33855465054512 42.543448805809021 0.49024397321045343 1.35425130650401 48.455311048775911 10.685287058353426 6.4166212826967222 10.541537910699843 5.6811285316944122 1.545596197247505
leaf_count=550 25 2501 252 173 17 21 1050 47 26 47 23 68
internal_value=-0.000818669 -0.004799 0.00498672 0.0247927 -0.0171615 -0.0161047 -0.0189982 0.0281318 0.0325593 0.0428947 0.0144247 -0.0820378
internal_weight=326.982 287.46 160.452 87.882 127.008 124.972 72.5701 39.5222 33.3246 21.2268 12.0977 2.03584
internal_count=4800 4632 2025 425 2607 2522 1600 168 143 94 49 85
is_linear=0
shrinkage=0.08


Tree=24
num_leaves=14
num_cat=0
split_feature=0 0 1 1 0 3 4 4 3 4 4 4 1
split_gain=5.16764 7.90686 3.92851 11.6762 5.63054 1.91488 1.78807 7.21807 1.48193 1.2724 1.27128 0.468499 2.22045e-16
threshold=4.5000000000000009 2.5000000000000004 1.0000000180025095e-35 1.5000000000000002 3.5000000000000004 1.0000000180025095e-35 71.500000000000014 73.500000000000014 1.0000000180025095e-35 9.5000000000000018 68.500000000000014 37.500000000000007 1.0000000180025095e-35
decision_type=2 2 2 2 2 2 2 2 2 2 2 2 2
left_child=1 5 4 -4 -3 9 8 -8 10 -1 -2 -10 -9
right_child=6 2 3 -5 -6 -7 7 12 11 -11 -12 -13 -14
leaf_value=-0.062300442411080327 -0.018684307034206562 0.057207030106508273 -0.027264467753873846 0.031121245102211776 -0.01335461147800846 0.019899433591771508 0.16970858482754383 -0.08175613790174753 0.02348922483029095 -0.015233217133293325 -0.085843748440214945 -0.0087597966148576477 -0.081756137901747586
leaf_weight=3.8878055512905112 92.491029430180788 29.350413650274277 34.716482240706682 59.478429410606623 9.6064402312040311 9.8094334453344327 1.4943547397851937 0.44139365293085553 6.90160024166107 67.446945384144783 1.8397648259997357 4.9515149891376495 0.98788103275001049
leaf_count=116 1937 153 310 416 181 40 18 21 28 1484 29 20 47
internal_value=-0.000772221 0.00644358 0.0184397 0.0096026 0.0398071 -0.0132412 -0.0149446 0.046775 -0.016644 -0.0177984 -0.0199941 0.0100175 -0.0817561
internal_weight=323.403 214.296 133.152 94.1949 38.9569 81.1442 109.108 2.92363 106.184 71.3348 94.3308 11.8531 1.42927
internal_count=4800 2700 1060 726 334 1640 2100 86 2014 1600 1966 48 68
is_linear=0
shrinkage=0.08


Tree=25
num_leaves=13
num_cat=0
split_feature=3 0 0 1 4 4 4 0 1 4 4 4
split_gain=4.55234 4.04366 8.67564 6.76506 1.29969 1.6613 1.24283 0.832768 0.678702 1.66312 1.43098 0.90148
threshold=1.0000000180025095e-35 3.5000000000000004 2.5000000000000004 1.0000000180025095e-35 9.5000000000000018 24.500000000000004 53.500000000000007 6.5000000000000009 1.0000000180025095e-35 22.500000000000004 47.500000000000007 36.500000000000007
decision_type=2 2 2 2 2 2 2 2 2 2 2 2
left_child=1 2 6 -4 7 -6 -1 -3 11 -10 -11 -2
right_child=8 4 3 -5 5 -7 -8 -9 9 10 -12 -13
leaf_value=-0.011660049342938135 -0.010853057826761008 -0.026312815076587975 0.057104296394920054 0.00724556019859949 0.0056507952983121537 -0.017984735919106348 -0.039334554389425069 -0.083022689789760629 0.068835930127339781 0.0048650024403380414 0.046995475381650921 0.034481309213217314
leaf_weight=57.517989598214626 6.5918077975511533 4.1798378564417353 24.191658705472946 62.192141249775887 23.956155203282833 92.604423344135284 12.674024917185305 2.7459869980812073 6.0076106488704708 13.248625144362451 8.4508336186408979 4.8895647674798965
leaf_count=1286 29 99 131 294 478 1951 314 79 25 56 36 22
internal_value=-0.000729772 -0.00430327 0.00423357 0.0212084 -0.0151276 -0.013127 -0.016657 -0.0487974 0.0248084 0.0315856 0.0212727 0.00845346
internal_weight=319.251 280.062 156.576 86.3838 123.486 116.561 70.192 6.92582 39.1884 27.7071 21.6995 11.4814
internal_count=4800 4632 2025 425 2607 2429 1600 178 168 117 92 51
is_linear=0
shrinkage=0.08


Tree=26
num_leaves=14
num_cat=0
split_feature=0 0 1 1 4 4 4 4 4 4 4 4 1
split_gain=3.94088 5.90922 3.08458 10.0278 5.00222 1.73639 3.40652 1.5077 5.61904 1.32373 1.22355 0.423955 2.22045e-16
threshold=4.5000000000000009 2.5000000000000004 1.0000000180025095e-35 1.5000000000000002 53.500000000000007 9.5000000000000018 13.500000000000002 71.500000000000014 73.500000000000014 68.500000000000014 65.500000000000014 1.0000000180025095e-35 1.5000000000000002
decision_type=2 2 2 2 2 2 2 2 2 2 2 2 2
left_child=1 5 4 -4 -3 11 -7 9 -9 10 -2 -1 -10
right_child=7 2 3 -5 -6 6 -8 8 12 -11 -12 -13 -14
leaf_value=-0.023196289486025798 -0.015087773039436172 0.050572687211192874 -0.026116237360451974 0.028273056205299973 -0.021835384526764489 0.073359613274337029 -0.012292735911996358 0.14053170761770231 -0.081589424793733281 -0.085267439371706347 0.041364229449135065 -0.077160623068325412 -0.081589424793733198
leaf_weight=1.3450768329203118 99.032386209815741 29.517687268555164 34.224379703402519 59.260281516239047 7.6987799555063239 3.1007015928626052 71.458263888955116 1.6609641090035432 0.78315312042832352 1.6808195784687985 2.5197330564260474 3.0318535976111889 0.51573498174548149
leaf_count=43 1944 273 310 416 61 57 1464 18 41 29 41 76 27
internal_value=-0.000682581 0.00567766 0.0161157 0.00836134 0.035594 -0.0116055 -0.00873069 -0.0132384 0.0430571 -0.0148525 -0.0136871 -0.0605768 -0.0815894
internal_weight=315.83 209.637 130.701 93.4847 37.2165 78.9359 74.559 106.193 2.95985 103.233 101.552 4.37693 1.29889
internal_count=4800 2700 1060 726 334 1640 1521 2100 86 2014 1985 119 68
is_linear=0
shrinkage=0.08


Tree=27
num_leaves=13
num_cat=0
split_feature=3 0 0 1 4 4 4 4 1 4 0 4
split_gain=3.92143 3.16652 6.56511 5.70974 1.34643 3.49393 1.69678 1.32405 0.64289 1.42146 1.25202 0.761936
threshold=1.0000000180025095e-35 3.5000000000000004 2.5000000000000004 1.5000000000000002 46.500000000000007 40.500000000000007 73.500000000000014 43.500000000000007 1.0000000180025095e-35 22.500000000000004 5.5000000000000009 36.500000000000007
decision_type=2 2 2 2 2 2 2 2 2 2 2 2
left_child=1 2 7 -4 5 -3 -6 -1 11 -10 -11 -2
right_child=8 4 3 -5 6 -7 -8 -9 9 10 -12 -13
leaf_value=-0.023510187100489889 -0.010686217803265698 -0.013047567920436921 -0.0019792448427410052 0.039557001517987869 0.0010276770428269755 -0.06147337597367953 -0.081681382580448172 -0.00057294470055164863 0.064140663730317307 0.030595730091285411 -0.015316455230013298 0.031237396074830004
leaf_weight=42.463391978293657 6.5443009883165342 67.584854662418365 42.944966197013855 41.793752253055573 40.744667313992977 11.10176566056907 1.65180586837232 25.948997538536787 6.0012463331222561 16.672073587775234 4.924037590622901 4.8164116144180298
leaf_count=995 29 1501 252 173 708 313 85 605 25 72 20 22
internal_value=-0.000645499 -0.0040195 0.00362418 0.0185067 -0.0136875 -0.0198799 -0.00219474 -0.01481 0.0231048 0.0296985 0.0201275 0.00708744
internal_weight=313.192 274.234 153.151 84.7387 121.083 78.6866 42.3965 68.4124 38.9581 27.5974 21.5961 11.3607
internal_count=4800 4632 2025 425 2607 1814 793 1600 168 117 92 51
is_linear=0
shrinkage=0.08


Tree=28
num_leaves=12
num_cat=0
split_feature=3 0 0 1 4 4 4 0 0 4 4
split_gain=3.33239 2.71979 5.60243 6.21035 1.2567 1.2167 1.50449 0.822922 0.606195 0.798685 0.94324
threshold=1.0000000180025095e-35 3.5000000000000004 2.5000000000000004 1.0000000180025095e-35 68.500000000000014 9.5000000000000018 11.500000000000002 6.5000000000000009 1.5000000000000002 54.500000000000007 27.500000000000004
decision_type=2 2 2 2 2 2 2 2 2 2 2
left_child=1 2 4 -4 -1 7 -7 -3 -2 10 -10
right_child=8 5 3 -5 -6 6 -8 -9 9 -11 -12
leaf_value=-0.01126886912758164 -0.0016267414872215055 -0.024117851636911929 0.052500891175734282 0.003798270910597141 -0.060491238038895896 0.052899233807617477 -0.012169558384381902 -0.082704873892333844 0.013529219530496062 0.00077211443509874562 0.044503306337325903
leaf_weight=63.998424211516976 6.2072123736143103 4.0346637926995745 23.050317928195 61.372599735856056 3.5012218914926043 2.3218542635440818 110.75470817834139 2.476027924567461 10.591055497527124 6.5956567376852027 15.502294436097143
leaf_count=1509 25 99 131 294 91 43 2386 79 46 28 69
internal_value=-0.000607664 -0.00374502 0.00335887 0.0170957 -0.013822 -0.0127697 -0.0108335 -0.0463986 0.0212922 0.0256442 0.0319312
internal_weight=310.406 271.51 151.923 84.4229 67.4996 119.587 113.077 6.51069 38.8962 32.689 26.0933
internal_count=4800 4632 2025 425 1600 2607 2429 178 168 143 115
is_linear=0
shrinkage=0.08


Tree=29
num_leaves=13
num_cat=0
split_feature=3 0 0 1 0 4 4 4 1 4 4 4
split_gain=2.83605 2.33392 4.79516 5.4888 1.25826 1.1855 3.29052 1.58371 0.534665 1.27233 1.32353 0.634312
threshold=1.0000000180025095e-35 3.5000000000000004 2.5000000000000004 1.0000000180025095e-35 1.5000000000000002 46.500000000000007 40.500000000000007 73.500000000000014 1.0000000180025095e-35 22.500000000000004 47.500000000000007 36.500000000000007
decision_type=2 2 2 2 2 2 2 2 2 2 2 2
left_child=1 2 4 -4 -1 6 -3 -7 11 -10 -11 -2
right_child=8 5 3 -5 -6 7 -8 -9 9 10 -12 -13
leaf_value=-0.005227090087483839 -0.011175891403114941 -0.011245500264644787 0.049756776665872783 0.0034936799505380762 -0.028657288732691969 0.0019334603396548259 -0.059724657694488793 -0.08153102340983677 0.05822849247160751 0.0007457324348637838 0.041472891525683959 0.027283462451168784
leaf_weight=44.860440926626325 6.5321078002452833 65.99648205190897 22.403123736381531 61.38485312461853 21.795965911820531 40.349276207387447 10.368263613432644 1.5093914549797762 6.0060524046421078 13.135895892977716 8.3547828495502454 4.7334619015455246
leaf_count=1079 29 1501 131 294 521 708 313 85 25 56 36 22
internal_value=-0.000566731 -0.00348531 0.0031245 0.0158634 -0.0128885 -0.0118966 -0.0178277 -0.0010762 0.0196624 0.0256764 0.0165789 0.0049836
internal_weight=307.43 268.668 150.444 83.788 66.6564 118.223 76.3647 41.8587 38.7623 27.4967 21.4907 11.2656
internal_count=4800 4632 2025 425 1600 2607 1814 793 168 117 92 51
is_linear=0
shrinkage=0.08


Tree=30
num_leaves=12
num_cat=0
split_feature=3 4 1 1 0 1 0 0 4 4 4
split_gain=2.40983 2.16801 4.39529 2.94586 5.84888 5.13873 2.87138 0.536057 0.774865 0.859702 0.340473
threshold=1.0000000180025095e-35 9.5000000000000018 1.0000000180025095e-35 1.5000000000000002 3.5000000000000004 1.0000000180025095e-35 5.5000000000000009 1.5000000000000002 54.500000000000007 27.500000000000004 3.5000000000000004
decision_type=2 2 2 2 2 2 2 2 2 2 2
left_child=1 2 6 5 -5 -3 -1 -2 9 -9 -4
right_child=7 3 10 4 -6 -7 -8 8 -10 -11 -12
leaf_value=0.074006767316594252 -0.0034320048974842742 0.0059121617781026856 -0.07420909745861072 0.023848588266703261 -0.01394189092937796 -0.024373908391608273 -0.082982839276738787 0.010933738625363518 -0.0022806047017571505 0.040573408844079534 -0.044030816973704957
leaf_weight=3.0975437909364691 6.201191008090972 72.532193524762988 6.0603101737797243 64.167424824088812 44.311852796003222 70.906192043796182 0.98203413933515538 10.591628640890123 6.5802419930696479 15.324712395668028 3.953455463051796
leaf_count=58 25 1291 136 761 971 1291 29 46 28 69 95
internal_value=-0.000530644 -0.00324417 -0.0337788 -0.00153593 0.00841185 -0.00905921 0.0362163 0.0181223 0.0222354 0.0284601 -0.0622946
internal_weight=304.709 266.011 14.0933 251.918 108.479 143.438 4.07958 38.6978 32.4966 25.9163 10.0138
internal_count=4800 4632 318 4314 1732 2582 87 168 143 115 231
is_linear=0
shrinkage=0.08


Tree=31
num_leaves=14
num_cat=0
split_feature=0 0 1 1 4 4 4 4 4 4 4 2 1
split_gain=2.06397 3.29846 2.16855 7.36832 4.57017 1.66725 13.8521 1.50254 4.07393 1.3126 1.30662 1.10807 2.96304e-08
threshold=4.5000000000000009 2.5000000000000004 1.0000000180025095e-35 1.5000000000000002 53.500000000000007 43.500000000000007 45.500000000000007 71.500000000000014 73.500000000000014 42.500000000000007 68.500000000000014 1.0000000180025095e-35 1.0000000180025095e-35
decision_type=2 2 2 2 2 2 2 2 2 2 2 2 2
left_child=1 5 4 -4 -3 9 -7 10 -9 -1 11 -2 -10
right_child=7 2 3 -5 -6 6 -8 8 12 -11 -12 -13 -14
leaf_value=-0.015871843625047614 -0.026494985304510218 0.043860944357740593 -0.024481811638177309 0.02279446819006271 -0.026730699341426495 0.14318310677160614 -0.016719329612638254 0.12007007040392273 -0.08123653939158651 -0.096533915321736455 -0.08475096931241359 -0.0057880328787243487 -0.081206908180724111
leaf_weight=46.467269970104098 21.200661979615688 27.767151914536953 33.202506741508842 57.87914658524096 7.4428807720541945 4.0557774975895908 23.893919628113508 1.795857094228267 0.31478456407785393 1.3280391134321679 1.5343431793153275 75.220240700989962 0.68812006991356611
leaf_count=998 487 273 310 416 61 83 533 18 21 26 29 1498 47
internal_value=-0.000502114 0.00416218 0.0120784 0.00556058 0.0289389 -0.00903681 0.0064841 -0.00985518 0.0479414 -0.0181131 -0.0115065 -0.010341 -0.0812162
internal_weight=302.791 202.037 126.292 91.0817 35.21 75.745 27.9497 100.754 2.79876 47.7953 97.9552 96.4209 1.0029
internal_count=4800 2700 1060 726 334 1640 616 2100 86 1024 2014 1985 68
is_linear=0
shrinkage=0.08


Tree=32
num_leaves=12
num_cat=0
split_feature=3 4 1 4 1 0 1 4 4 4 4
split_gain=2.12171 1.94767 3.78051 2.7852 2.2836 4.6523 4.01705 0.5116 1.23726 0.763709 0.328482
threshold=1.0000000180025095e-35 9.5000000000000018 1.0000000180025095e-35 1.0000000180025095e-35 1.5000000000000002 3.5000000000000004 1.0000000180025095e-35 14.500000000000002 27.500000000000004 54.500000000000007 3.5000000000000004
decision_type=2 2 2 2 2 2 2 2 2 2 2
left_child=1 2 3 -1 6 -6 -3 -2 -9 -10 -4
right_child=7 4 10 -5 5 -7 -8 8 9 -11 -12
leaf_value=0.1330124368349673 0.039387820965373431 0.0050257868881186298 -0.072034621355203748 -0.011538498117519551 0.021023494533481131 -0.012830190019158449 -0.021992406781704384 -0.015557785288938229 0.030244236542965527 -0.00072373395381023452 -0.041722434845462127
leaf_weight=1.2257022205740202 5.6165680289268485 72.233180339448154 5.7514138966798765 2.8062215633690357 64.178341370075941 43.649361954070628 68.729014836251736 7.388013318181037 18.340544611215595 7.0579393804073325 3.7995131611824036
leaf_count=31 24 1291 136 56 761 971 1291 32 82 30 95
internal_value=-0.000483966 -0.00305457 -0.0325537 0.0324049 -0.00144405 0.0073193 -0.00814749 0.0170786 0.0132569 0.0216386 -0.0599759
internal_weight=300.776 262.373 13.5829 4.03192 248.79 107.828 140.962 38.4031 32.7865 25.3985 9.55093
internal_count=4800 4632 318 87 4314 1732 2582 168 144 112 231
is_linear=0
shrinkage=0.08


Tree=33
num_leaves=14
num_cat=0
split_feature=3 4 4 4 0 0 1 0 4 4 4 1 4
split_gain=1.80515 1.698 3.60635 2.92834 6.9361 3.3516 2.2949 1.82536 0.506984 0.869806 1.53857 0.928344 0.00293891
threshold=1.0000000180025095e-35 52.500000000000007 48.500000000000007 53.500000000000007 2.5000000000000004 2.5000000000000004 1.0000000180025095e-35 2.5000000000000004 22.500000000000004 43.500000000000007 54.500000000000007 1.5000000000000002 13.500000000000002
decision_type=2 2 2 2 2 2 2 2 2 2 2 2 2
left_child=1 2 6 4 -3 -5 -1 -4 12 11 -11 -10 -2
right_child=8 3 7 5 -6 -7 -8 -9 9 10 -12 -13 -14
leaf_value=0.010957200889739623 0.029764057599971933 0.22785767421537745 -0.084088445837473755 -0.034824868538919154 0.012243165649981709 0.013430264445577869 -0.0088773725489280694 -0.025307153555832879 0.014587495114701402 0.053620047582688179 -0.00066580184113313541 -0.025769643260888733 0.032499504979856368
leaf_weight=52.299534074962139 4.8649541735649091 1.2824306786060322 4.7580198012292412 11.577134933322666 3.738244466483593 45.087665242142975 130.46295894682407 11.682751961052416 8.3275547474622744 6.3451309502124769 7.0582805126905441 6.4916606396436682 5.200970932841301
leaf_count=986 21 28 103 314 51 613 2374 163 37 30 30 28 22
internal_value=-0.000457822 -0.00283844 -0.00642993 0.00875971 0.0673176 0.0035713 -0.00320149 -0.0423187 0.0157631 0.0102654 0.0250329 -0.00309123 0.0311774
internal_weight=299.177 260.889 199.203 61.6855 5.02068 56.6648 182.762 16.4408 38.2886 28.2226 13.4034 14.8192 10.0659
internal_count=4800 4632 3626 1006 79 927 3360 266 168 125 60 65 43
is_linear=0
shrinkage=0.08


Tree=34
num_leaves=14
num_cat=0
split_feature=0 0 2 2 4 4 4 0 4 4 4 4 1
split_gain=1.62544 2.70888 2.06746 2.1123 1.57472 1.54797 10.1977 1.29469 1.21785 3.28277 1.24283 0.998399 8.55349e-08
threshold=4.5000000000000009 2.5000000000000004 1.5000000000000002 1.0000000180025095e-35 56.500000000000007 43.500000000000007 45.500000000000007 1.0000000180025095e-35 71.500000000000014 73.500000000000014 68.500000000000014 65.500000000000014 1.0000000180025095e-35
decision_type=2 2 2 2 2 2 2 2 2 2 2 2 2
left_child=1 5 3 -3 -4 7 -7 -1 10 -10 11 -2 -11
right_child=8 2 4 -5 -6 6 -8 -9 9 12 -12 -13 -14
leaf_value=-0.035255724846146821 -0.010595863361783801 0.026032470007549109 0.02558044413471277 6.2109027028009087e-05 0.089880024004831707 0.11593790040882024 -0.014847183998892607 -0.0074216759723862739 0.10160863852289137 -0.081161291592133533 -0.08438990161112947 0.040235750459309133 -0.081109216030500697
leaf_weight=16.443729234859347 92.186650160700083 26.838549187406898 15.672635430470111 79.170589037239552 2.8865933567285529 4.5670288912951973 23.191193237900734 30.594527468085289 1.9448505565524095 0.2961782170459627 1.4293874651193608 2.541121829301118 0.63390473462641239
leaf_count=359 1944 247 137 653 23 83 533 665 18 21 29 41 47
internal_value=-0.000438003 0.00372343 0.0109494 0.00663708 0.0355812 -0.00831096 0.00667074 -0.017152 -0.00881552 0.0424914 -0.0103495 -0.00923228 -0.0811258
internal_weight=298.397 199.365 124.568 106.009 18.5592 74.7965 27.7582 47.0383 99.0321 2.87493 96.1572 94.7278 0.930083
internal_count=4800 2700 1060 900 160 1640 616 1024 2100 86 2014 1985 68
is_linear=0
shrinkage=0.08


Tree=35
num_leaves=13
num_cat=0
split_feature=3 4 1 0 1 0 1 1 4 4 4 4
split_gain=1.55977 1.65465 3.22344 2.32757 2.06654 3.88102 3.22953 0.500422 1.06464 1.18359 0.525633 0.312238
threshold=1.0000000180025095e-35 9.5000000000000018 1.0000000180025095e-35 5.5000000000000009 1.5000000000000002 3.5000000000000004 1.0000000180025095e-35 1.0000000180025095e-35 22.500000000000004 47.500000000000007 36.500000000000007 3.5000000000000004
decision_type=2 2 2 2 2 2 2 2 2 2 2 2
left_child=1 2 3 -1 6 -6 -3 10 -9 -10 -2 -4
right_child=7 4 11 -5 5 -7 -8 8 9 -11 -12 -13
leaf_value=0.060604593633877463 -0.014449644442816495 0.0041564143149064132 -0.068995079570702861 -0.082864206373442356 0.019699666739904045 -0.011420434840277827 -0.020227213689407466 0.050337862346182399 -0.0029280107343775232 0.035905353826229752 0.021077748744347608 -0.038734721811266221
leaf_weight=3.2105591651052228 6.4296970516443235 72.224119195714593 5.4453416224569064 0.93432772904634465 63.925689246505499 42.831858298741281 67.023884331807494 5.9751962423324612 12.979940280318262 8.1941846013069135 4.5522239804267883 3.6418574061244726
leaf_count=58 29 1291 136 29 761 971 1291 25 56 36 22 95
internal_value=-0.000420153 -0.00264226 -0.0302005 0.0282643 -0.00115996 0.00721407 -0.00758009 0.014687 0.0205157 0.0121001 0.000277164 -0.0568677
internal_weight=297.369 259.238 13.2321 4.14489 246.006 106.758 139.248 38.1312 27.1493 21.1741 10.9819 9.0872
internal_count=4800 4632 318 87 4314 1732 2582 168 117 92 51 231
is_linear=0
shrinkage=0.08


Tree=36
num_leaves=13
num_cat=0
split_feature=3 4 1 4 1 0 1 1 4 0 4 0
split_gain=1.32548 1.44803 2.8284 2.08766 1.75811 3.27767 2.7901 0.424468 0.905383 1.07298 0.446373 0.315552
threshold=1.0000000180025095e-35 9.5000000000000018 1.0000000180025095e-35 1.0000000180025095e-35 1.5000000000000002 3.5000000000000004 1.0000000180025095e-35 1.0000000180025095e-35 22.500000000000004 5.5000000000000009 36.500000000000007 2.5000000000000004
decision_type=2 2 2 2 2 2 2 2 2 2 2 2
left_child=1 2 3 -1 6 -6 -3 10 -9 -10 -2 -4
right_child=7 4 11 -5 5 -7 -8 8 9 -11 -12 -13
leaf_value=0.10675924049301855 -0.013264543167953982 0.0038156870818838646 -0.081937945410099008 -0.014014309198514856 0.018042781079004169 -0.010620050814084485 -0.018935939495498211 0.046461605697827063 0.021008583740109898 -0.021797466401235161 0.019522768217069157 -0.045958378505855192
leaf_weight=1.3692609034478653 6.443224370479582 72.373091973364353 2.0296566840261203 2.7671751417219639 64.200367771089077 42.39396771043539 65.914325384423137 5.9565655887126949 16.273886978626255 4.8689238578081122 4.5228850394487381 6.7426075842231512
leaf_count=31 29 1291 88 56 761 971 1291 25 72 20 22 143
internal_value=-0.000396504 -0.00245414 -0.0285686 0.0259647 -0.00107754 0.0066432 -0.00702881 0.0135384 0.0189123 0.0111509 0.000258324 -0.054283
internal_weight=295.856 257.79 12.9087 4.13644 244.882 106.594 138.287 38.0655 27.0994 21.1428 10.9661 8.77226
internal_count=4800 4632 318 87 4314 1732 2582 168 117 92 51 231
is_linear=0
shrinkage=0.08


Tree=37
num_leaves=14
num_cat=0
split_feature=4 4 0 3 3 4 0 1 0 4 3 0 2
split_gain=1.17446 2.68232 1.95741 4.73037 2.62 1.9509 5.37979 3.61382 2.34462 1.44114 1.26552 1.78056 1.24567
threshold=52.500000000000007 48.500000000000007 1.0000000180025095e-35 1.0000000180025095e-35 1.0000000180025095e-35 53.500000000000007 2.5000000000000004 1.0000000180025095e-35 1.5000000000000002 57.500000000000007 1.0000000180025095e-35 2.5000000000000004 1.0000000180025095e-35
decision_type=2 2 2 2 2 2 2 2 2 2 2 2 2
left_child=1 2 3 -1 -4 6 -2 -8 9 -7 11 -3 -10
right_child=5 10 4 -5 -6 8 7 -9 12 -11 -12 -13 -14
leaf_value=-0.00875901550148293 0.16803434493143266 -0.083740782906077324 -0.001880697893073347 -0.12292096127083062 0.026003222453427371 -0.090470445864451104 0.09529289663883514 -0.058493908631139915 0.032317597234303851 -0.014624335038274011 0.032619043368966448 -0.023689207789157871 0.0038863204165779674
leaf_weight=16.004785884171728 1.7991162985563267 4.3768355287611493 163.67785520479083 2.7172909826040259 24.838969320058823 2.2459844760596743 1.6133375763893125 2.4830329790711403 12.766773080453275 5.6032522358000278 1.6820877641439445 11.366171061992643 43.356227111071348
leaf_count=394 29 103 2966 11 111 56 21 32 189 152 8 163 565
internal_value=-0.00037443 -0.00319161 -0.000656892 -0.0253283 0.00179329 0.0086844 0.0527201 0.00207435 0.0046262 -0.036327 -0.0333374 -0.0403846 0.0103538
internal_weight=294.532 224.664 207.239 18.7221 188.517 69.8677 5.89549 4.09637 63.9722 7.84924 17.4251 15.743 56.123
internal_count=4800 3756 3482 405 3077 1044 82 53 962 208 274 266 754
is_linear=0
shrinkage=0.08


Tree=38
num_leaves=16
num_cat=0
split_feature=0 0 2 2 4 4 4 0 4 4 4 4 2 4 4
split_gain=1.07006 2.12709 1.75114 1.73585 1.4027 2.83669 1.39084 1.10559 2.83771 4.53504 1.72625 2.68236 1.95762 1.46756 0.496544
threshold=4.5000000000000009 2.5000000000000004 1.5000000000000002 1.0000000180025095e-35 9.5000000000000018 13.500000000000002 31.500000000000004 7.5000000000000009 22.500000000000004 31.500000000000004 24.500000000000004 51.500000000000007 1.0000000180025095e-35 11.500000000000002 1.0000000180025095e-35
decision_type=2 2 2 2 2 2 2 2 2 2 2 2 2 2 2
left_child=1 4 3 -3 14 -6 -4 10 13 -10 12 -12 -2 -9 -1
right_child=7 2 6 -5 5 -7 -8 8 9 -11 11 -13 -14 -15 -16
leaf_value=-0.013304653050899154 -0.044916662033373814 0.023123012396538325 0.0064115394462522391 -0.00053322706082905885 0.070420462550483162 -0.0086181494028070935 0.051023810733343763 0.012648245016322959 0.092330655633726125 -0.000525144357489141 -0.03263406842878995 0.0036830736837773176 0.021849146877041085 -0.088876083587031127 -0.077003262145560372
leaf_weight=1.1551801897585385 3.4637462496757534 26.605616506189108 7.719172419980171 78.203560438007116 3.0370706096291533 67.400156993418932 10.633485484868286 1.4070083741098671 4.391221538186076 14.421383977867661 34.747084401547909 20.811752315610647 14.905309902504085 2.5861610136926174 2.4323056023567915
leaf_count=43 95 247 67 653 57 1464 93 46 97 310 832 365 300 55 76
internal_value=-0.000358882 0.003022 0.0094636 0.00547187 -0.0076955 -0.00521021 0.0322598 -0.00725063 0.00814791 0.0211492 -0.0120009 -0.0190301 0.00925951 -0.0531036 -0.0564921
internal_weight=293.92 197.187 123.162 104.809 74.0247 70.4372 18.3527 96.7337 22.8058 18.8126 73.9279 55.5588 18.3691 3.99317 3.58749
internal_count=4800 2700 1060 900 1640 1521 160 2100 508 407 1592 1197 395 101 119
is_linear=0
shrinkage=0.08


Tree=39
num_leaves=12
num_cat=0
split_feature=3 4 1 4 1 0 1 4 4 4 0
split_gain=0.971093 1.20829 2.48548 1.58583 1.52313 2.7406 2.37433 0.406943 1.17338 0.692572 0.319396
threshold=1.0000000180025095e-35 9.5000000000000018 1.0000000180025095e-35 1.0000000180025095e-35 1.5000000000000002 3.5000000000000004 1.0000000180025095e-35 54.500000000000007 43.500000000000007 22.500000000000004 2.5000000000000004
decision_type=2 2 2 2 2 2 2 2 2 2 2
left_child=1 2 3 -1 6 -6 -3 8 9 -2 -4
right_child=7 4 10 -5 5 -7 -8 -9 -10 -11 -12
leaf_value=0.090443871470128223 0.024083859787747838 0.0035413910300357626 -0.081682204773053088 -0.012338293186570823 0.01674489170137617 -0.0095865793866777346 -0.017569776700721788 -0.0058154321178463452 0.04692739078062988 -0.0032230663888714196 -0.0434262122825258
leaf_weight=1.4820240400731552 9.9680299609899574 72.102504341863096 1.7720549330115298 2.7313381116837263 64.018564935773611 41.824614021927118 64.681998446583748 6.9841634035110465 6.1210423260927191 14.725781843066214 6.5943694058805704
leaf_count=31 43 1291 88 56 761 971 1291 30 30 65 143
internal_value=-0.000346801 -0.00211926 -0.0262941 0.0238147 -0.000865838 0.00633984 -0.00644156 0.0116203 0.0155721 0.00779979 -0.051529
internal_weight=293.006 255.207 12.5798 4.21336 242.628 105.843 136.785 37.799 30.8149 24.6938 8.36642
internal_count=4800 4632 318 87 4314 1732 2582 168 138 108 231
is_linear=0
shrinkage=0.08


Tree=40
num_leaves=14
num_cat=0
split_feature=4 4 4 4 2 4 0 1 0 4 3 0 2
split_gain=0.912828 2.40468 1.95282 4.38391 2.65969 1.53218 3.90977 3.03294 1.96458 1.38492 1.01337 1.74148 0.998096
threshold=52.500000000000007 48.500000000000007 43.500000000000007 42.500000000000007 1.5000000000000002 53.500000000000007 2.5000000000000004 1.0000000180025095e-35 1.5000000000000002 57.500000000000007 1.0000000180025095e-35 2.5000000000000004 1.0000000180025095e-35
decision_type=2 2 2 2 2 2 2 2 2 2 2 2 2
left_child=1 2 3 -1 -4 6 -2 -8 9 -7 11 -3 -10
right_child=5 10 4 -5 -6 8 7 -9 12 -11 -12 -13 -14
leaf_value=-0.0015336248435039535 0.13686632135530855 -0.083428860235430821 0.0092497130788738013 -0.080736577480778088 0.080365310874209395 -0.08992663536371423 0.084127034005814214 -0.056631073978989498 0.028661123450898742 -0.013240689266828845 0.027704267287540513 -0.022074213291212411 0.0033210119796099951
leaf_weight=171.96938451193273 2.0231469199061385 4.0343920961022386 24.679828010499481 4.592022016644477 3.8972355835139743 2.0755839738994828 1.653447240591049 2.4043438099324703 12.919754930771886 5.5039407648146152 1.6451599746942527 11.125722628086804 43.248850625008345
leaf_count=2937 29 103 388 90 67 56 21 32 189 152 8 163 565
internal_value=-0.000326819 -0.00283673 -0.000453337 -0.00359354 0.0189482 0.00765065 0.0460192 0.000724296 0.00399068 -0.0342404 -0.0319304 -0.0384018 0.00914968
internal_weight=291.773 221.944 205.138 176.561 28.5771 69.8291 6.08094 4.05779 63.7481 7.57952 16.8053 15.1601 56.1686
internal_count=4800 3756 3482 3027 455 1044 82 53 962 208 274 266 754
is_linear=0
shrinkage=0.08


Tree=41
num_leaves=13
num_cat=0
split_feature=3 4 1 1 0 1 4 1 0 1 4 0
split_gain=0.824268 1.03783 2.18508 1.30874 2.31484 2.01888 1.2355 0.370341 0.730469 0.598863 0.395082 0.337568
threshold=1.0000000180025095e-35 9.5000000000000018 1.0000000180025095e-35 1.5000000000000002 3.5000000000000004 1.0000000180025095e-35 1.0000000180025095e-35 1.0000000180025095e-35 5.5000000000000009 1.5000000000000002 36.500000000000007 2.5000000000000004
decision_type=2 2 2 2 2 2 2 2 2 2 2 2
left_child=1 2 6 5 -5 -3 -1 10 9 -9 -2 -4
right_child=7 3 11 4 -6 -7 -8 8 -10 -11 -12 -13
leaf_value=0.077521935700462452 -0.014469365988704004 0.0031710279029644075 -0.081547893535879046 0.01540573576031392 -0.0088530787850039285 -0.01636854171572388 -0.011274884587866605 0.037086879819293019 -0.0092898153916110403 0.010025662736433294 0.016646269013622119 -0.040850686061783825
leaf_weight=1.5882680267095555 6.4002341330051404 72.20298283174634 1.6359365750104169 64.147165466099977 41.436318112537265 63.698758573271334 2.7206398323178291 9.8538546413183248 5.8307910710573188 11.162624835968018 4.4118940830230713 6.4364862591028214
leaf_count=31 29 1291 88 761 971 1291 56 41 24 52 22 143
internal_value=-0.000316148 -0.00195455 -0.0245443 -0.000796334 0.00588535 -0.0059874 0.0214557 0.0107285 0.015763 0.0227137 -0.00177262 -0.0490983
internal_weight=291.526 253.867 12.3813 241.485 105.583 135.902 4.30891 37.6594 26.8473 21.0165 10.8121 8.07242
internal_count=4800 4632 318 4314 1732 2582 87 168 117 93 51 231
is_linear=0
shrinkage=0.08


Tree=42
num_leaves=15
num_cat=0
split_feature=0 0 1 1 4 4 4 4 4 4 4 4 0 0
split_gain=0.780239 2.00067 4.10041 7.90465 3.39201 1.25326 2.25639 6.14132 2.02567 1.1394 0.954256 1.71486 0.108179 3.48303e-05
threshold=2.5000000000000004 3.5000000000000004 1.0000000180025095e-35 1.5000000000000002 39.500000000000007 68.500000000000014 43.500000000000007 45.500000000000007 79.500000000000014 42.500000000000007 75.500000000000014 71.500000000000014 1.5000000000000002 4.5000000000000009
decision_type=2 2 2 2 2 2 2 2 2 2 2 2 2 2
left_child=5 2 4 -4 -2 6 9 -8 12 -1 11 -3 -7 -12
right_child=1 10 3 -5 -6 8 7 -9 -10 -11 13 -13 -14 -15
leaf_value=-0.01346506116938237 0.07048487721490744 -0.0053656293216254548 -0.035342641858175677 0.021126747904307401 0.010790543390367047 -0.082888719697129645 0.092492249479219177 -0.0062410381647632976 0.035908102255996152 -0.094373216959967615 -0.082002793878135333 0.0584991133688533 -0.11896878729572534 -0.081034318644391132
leaf_weight=44.701199881732464 11.590391688048841 119.64907251670957 24.66358295083046 44.470671758055687 12.842346727848051 1.6651669722050426 5.1216728314757374 18.949896693229675 1.1095225419849155 1.1424337066709984 0.37374931760132202 2.7527304273098698 0.78143922984600056 0.65271463338285685
leaf_count=998 79 2556 147 196 74 50 83 440 26 26 16 40 17 52
internal_value=-0.000297984 0.00211464 0.0109373 0.000981344 0.0391083 -0.00742359 -0.00506716 0.0147663 -0.0537522 -0.0154813 -0.00457352 -0.00392936 -0.0944126 -0.081387
internal_weight=290.467 216.995 93.567 69.1343 24.4327 73.4713 69.9152 24.0716 3.55613 45.8436 123.428 122.402 2.44661 1.02646
internal_count=4800 3160 496 343 153 1640 1547 523 93 1024 2664 2596 67 68
is_linear=0
shrinkage=0.08


Tree=43
num_leaves=14
num_cat=0
split_feature=4 4 0 3 3 4 0 0 4 4 0 3 0
split_gain=0.812053 2.11512 1.59644 3.97818 1.98053 1.26958 2.3586 1.85722 5.56353 1.3828 1.25129 0.850398 1.69616
threshold=52.500000000000007 48.500000000000007 1.0000000180025095e-35 1.0000000180025095e-35 1.0000000180025095e-35 68.500000000000014 7.5000000000000009 1.0000000180025095e-35 54.500000000000007 62.500000000000007 1.5000000000000002 1.0000000180025095e-35 2.5000000000000004
decision_type=2 2 2 2 2 2 2 2 2 2 2 2 2
left_child=1 2 3 -1 -4 7 10 8 -2 -9 -7 12 -3
right_child=5 11 4 -5 -6 6 -8 9 -10 -11 -12 -13 -14
leaf_value=-0.0075773570382837762 0.24430049287626696 -0.083151330434424089 -0.001452886726995988 -0.11308666348176641 0.022961762300627374 -0.082739118613295415 0.099078969743218295 0.00049898874029007242 0.014506437796229699 0.029814940865248402 -0.012793732398241407 0.024542909274984651 -0.02061337917544322
leaf_weight=15.743634548969569 0.87134193256497328 3.7250702865421781 159.80099293217063 2.67580522596836 24.528816469013691 1.8973215892910928 1.1047486197203404 36.139799328520894 2.9818221144378185 14.400772228837011 11.925246936269103 1.6196445077657706 10.88979225233197
leaf_count=394 14 103 2966 11 111 60 28 490 76 198 178 8 163
internal_value=-0.000284031 -0.00267285 -0.000448046 -0.0229048 0.00179598 0.00726219 -0.0134045 0.0129338 0.0664713 0.00885213 -0.0223946 -0.0304579 -0.0365532
internal_weight=288.305 218.984 202.749 18.4194 184.33 69.3211 14.9273 54.3937 3.85316 50.5406 13.8226 16.2345 14.6149
internal_count=4800 3756 3482 405 3077 1044 266 778 90 688 238 274 266
is_linear=0
shrinkage=0.08


Tree=44
num_leaves=14
num_cat=0
split_feature=4 4 0 3 3 4 0 1 0 4 2 0 0
split_gain=0.681807 1.9611 1.31782 2.22755 1.61698 1.09413 2.48011 2.55485 1.56051 1.44048 0.834183 0.507091 0.168859
threshold=52.500000000000007 50.500000000000007 1.0000000180025095e-35 1.0000000180025095e-35 1.0000000180025095e-35 53.500000000000007 2.5000000000000004 1.0000000180025095e-35 1.5000000000000002 57.500000000000007 1.0000000180025095e-35 5.5000000000000009 2.5000000000000004
decision_type=2 2 2 2 2 2 2 2 2 2 2 2 2
left_child=1 2 3 -1 -4 6 -2 -8 9 -7 -10 12 -3
right_child=5 11 4 -5 -6 8 7 -9 10 -11 -12 -13 -14
leaf_value=-0.0096758048543164245 0.10453345520308309 -0.052975168867623081 -0.0019588187851391358 -0.086168040494972883 0.019890274653556042 -0.089538021663671863 0.075290299391628152 -0.053913224652098801 0.025688376915824672 -0.0095276305419788546 0.0025867492099618883 -0.083713069786542693 -0.022164002271604723
leaf_weight=16.20095733366907 2.3035895079374304 1.7157762851566065 167.52558498829603 2.8678486049175254 24.899955257773399 1.9877488184720267 1.6903167366981504 2.3291522301733494 13.032414491288362 5.227103266865015 43.043434787541628 1.636676102876663 3.3827979490160942
leaf_count=410 29 46 3099 12 113 56 21 32 189 152 565 39 37
internal_value=-0.00027377 -0.00247281 -0.00111946 -0.0211798 0.000868464 0.00661992 0.0383508 0.000421037 0.00344985 -0.0315711 0.00795573 -0.0449695 -0.0325326
internal_weight=287.843 218.23 211.494 19.0688 192.426 69.6138 6.32306 4.01947 63.2907 7.21485 56.0758 6.73525 5.09857
internal_count=4800 3756 3634 422 3212 1044 82 53 962 208 754 122 83
is_linear=0
shrinkage=0.08


Tree=45
num_leaves=16
num_cat=0
split_feature=0 2 4 4 4 4 4 2 0 4 4 4 4 2 4
split_gain=0.713818 1.50988 1.27201 3.042 2.10468 1.17044 3.27238 1.25251 0.930522 2.41486 3.73756 1.56185 2.1904 1.6796 1.43725
threshold=4.5000000000000009 1.5000000000000002 56.500000000000007 62.500000000000007 50.500000000000007 68.500000000000014 62.500000000000007 1.0000000180025095e-35 7.5000000000000009 22.500000000000004 37.500000000000007 24.500000000000004 51.500000000000007 1.0000000180025095e-35 11.500000000000002
decision_type=2 2 2 2 2 2 2 2 2 2 2 2 2 2 2
left_child=1 5 4 -4 -3 6 -1 -7 11 14 -11 13 -13 -2 -10
right_child=8 2 3 -5 -6 7 -8 -9 9 10 -12 12 -14 -15 -16
leaf_value=-0.0014063495882838365 -0.042252401704814577 0.021677997677726716 0.16146345681067278 0.014817575588663135 -0.047981782005794685 0.013724581277524413 0.052711130394682261 -0.049639092553399475 0.014495163856061788 0.065674373635037697 -0.0077686543526575003 -0.030026485797537694 0.0030640728036213684 0.021336853518190434 -0.088719272531430915
leaf_weight=147.80410414002836 3.2381755765527513 20.978250518441207 1.3073132261633862 2.9441074952483177 3.1992160361260167 2.9965031035244447 7.5145916789770117 5.9829026740044355 1.3653647247701912 7.0965048540383604 11.82330548763275 33.06485964730382 20.891633046790957 14.847338413819669 2.3487874791026115
leaf_count=2069 95 299 21 45 36 40 100 90 46 158 249 832 365 300 55
internal_value=-0.000260502 0.00253389 0.0195565 0.0599112 0.0124605 -0.000411579 0.00121195 -0.0284941 -0.0059489 0.00820076 0.0197786 -0.0103944 -0.017214 0.00995132 -0.0507765
internal_weight=287.403 192.727 28.4289 4.25142 24.1775 164.298 155.319 8.97941 94.676 22.634 18.9198 72.042 53.9565 18.0855 3.71415
internal_count=4800 2700 401 66 335 2299 2169 130 2100 508 407 1592 1197 395 101
is_linear=0
shrinkage=0.08


Tree=46
num_leaves=12
num_cat=0
split_feature=4 1 4 0 4 0 3 0 2 4 3
split_gain=0.710684 2.14621 2.0313 1.30918 0.862645 0.804741 1.65624 0.746971 1.34016 1.22505 0.538675
threshold=9.5000000000000018 1.0000000180025095e-35 1.0000000180025095e-35 3.5000000000000004 10.500000000000002 4.5000000000000009 1.0000000180025095e-35 4.5000000000000009 1.5000000000000002 11.500000000000002 1.0000000180025095e-35
decision_type=2 2 2 2 2 2 2 2 2 2 2
left_child=1 2 -1 -4 -2 10 -7 8 -6 -9 -3
right_child=4 5 3 -5 7 6 -8 9 -10 -11 -12
leaf_value=0.081984432555259543 0.041469378356958783 -0.046559577558364894 0.023570803624597732 -0.083581328653470802 0.00020456720409091803 -0.047824412479727386 0.067676725138824348 0.084848779659201248 0.019340036491888001 -0.0068160235066398967 -0.11265106826607092
leaf_weight=2.234418746083974 3.2791619934141627 5.4163056220859271 1.8669060450047257 1.1980768945068119 152.70016622915864 2.3387614097446203 1.2034140080213549 0.94316675886511703 27.668155500665307 87.433123943395913 0.92387692630290974
leaf_count=34 37 130 25 33 2114 101 5 18 375 1924 4
internal_value=-0.000254878 -0.0171 0.0239754 -0.0183141 0.000685255 -0.0391266 -0.00858421 0.000187616 0.00313991 -0.00583776 -0.0561903
internal_weight=287.206 15.1818 5.2994 3.06498 272.024 9.88236 3.54218 268.745 180.368 88.3763 6.34018
internal_count=4800 332 92 58 4468 240 106 4431 2489 1942 134
is_linear=0
shrinkage=0.08


Tree=47
num_leaves=12
num_cat=0
split_feature=4 1 4 0 4 0 3 0 0 0 3
split_gain=0.615109 1.85035 1.64109 1.19885 0.721881 0.680467 1.44731 0.634325 1.21331 1.16593 0.425972
threshold=9.5000000000000018 1.0000000180025095e-35 1.0000000180025095e-35 3.5000000000000004 10.500000000000002 4.5000000000000009 1.0000000180025095e-35 4.5000000000000009 2.5000000000000004 7.5000000000000009 1.0000000180025095e-35
decision_type=2 2 2 2 2 2 2 2 2 2 2
left_child=1 2 -1 -4 -2 10 -7 8 -6 -9 -3
right_child=4 5 3 -5 7 6 -8 9 -10 -11 -12
leaf_value=0.072209716197723553 0.037742363441366222 -0.043843031504179994 0.021807541101101752 -0.083296672442226549 -0.0054620902675842579 -0.046136957236154255 0.063186975154726613 -0.010624075387602627 0.008037399805703855 0.010833529904251658 -0.10243250726188967
leaf_weight=2.3296578899025908 3.3132458738982669 5.2968393303453905 1.85686331987381 1.109590273350477 68.912628035992384 2.2347028590738773 1.1865158230066302 66.556991739198565 111.64125919248909 21.422936805523932 0.93426589667797078
leaf_count=34 37 130 25 33 1512 101 5 1478 977 464 4
internal_value=-0.000240027 -0.0160396 0.0219581 -0.0175063 0.000628764 -0.0368884 -0.00822223 0.000170846 0.002885 -0.00539919 -0.0526277
internal_weight=286.795 14.9484 5.29611 2.96645 271.847 9.65232 3.42122 268.534 180.554 87.9799 6.23111
internal_count=4800 332 92 58 4468 240 106 4431 2489 1942 134
is_linear=0
shrinkage=0.08


Tree=48
num_leaves=13
num_cat=0
split_feature=3 1 1 4 0 4 0 0 1 0 1 4
split_gain=0.546139 0.72662 1.96923 3.38371 1.89666 4.57281 3.1306 1.34564 0.430869 0.831654 0.73776 0.417065
threshold=1.0000000180025095e-35 1.5000000000000002 1.0000000180025095e-35 46.500000000000007 7.5000000000000009 25.500000000000004 3.5000000000000004 2.5000000000000004 1.0000000180025095e-35 2.5000000000000004 1.5000000000000002 36.500000000000007
decision_type=2 2 2 2 2 2 2 2 2 2 2 2
left_child=1 2 7 -4 6 -6 -3 -1 11 -10 -11 -2
right_child=8 4 3 -5 5 -7 -8 -9 9 10 -12 -13
leaf_value=-0.015255671468431604 -0.018117209578914398 0.01052266410368673 -0.028894350096461362 0.0097210363759964846 -0.083129480112940662 0.072426808955553132 -0.019148925992964229 0.0095059871252277869 0.038490330386883646 0.022144774764005719 -0.0087771147032237439 0.014282343838719196
leaf_weight=18.660885719582438 6.2184023857116681 66.87015778850764 42.368096548132598 22.097322477959096 1.5064626885578025 6.1343750730156898 34.498196646571159 56.79553915373981 6.7589817792177227 9.450935497879982 10.341703847050667 4.3018159717321396
leaf_count=453 29 819 959 433 48 150 845 925 29 39 49 22
internal_value=-0.000225914 -0.001575 -0.00538998 -0.0156578 0.00332183 0.0417574 0.000424677 0.00338226 0.00883295 0.0142618 0.00598801 -0.00486873
internal_weight=286.003 248.931 139.922 64.4654 109.009 7.64084 101.368 75.4564 37.0718 26.5516 19.7926 10.5202
internal_count=4800 4632 2770 1392 1862 198 1664 1378 168 117 88 51
is_linear=0
shrinkage=0.08


Tree=49
num_leaves=15
num_cat=0
split_feature=4 1 4 0 4 4 1 0 1 0 1 4 1 0
split_gain=0.507534 1.57819 1.34549 1.10958 0.792279 3.09766 2.01845 1.15032 1.19046 1.14055 0.899762 0.633254 1.24562 0.0334274
threshold=9.5000000000000018 1.0000000180025095e-35 1.0000000180025095e-35 3.5000000000000004 24.500000000000004 25.500000000000004 1.5000000000000002 1.0000000180025095e-35 1.5000000000000002 3.5000000000000004 1.0000000180025095e-35 6.5000000000000009 1.5000000000000002 5.5000000000000009
decision_type=2 2 2 2 2 2 2 2 2 2 2 2 2 2
left_child=1 2 -1 -4 7 6 -6 10 -9 -7 -2 12 -3 -13
right_child=4 11 3 -5 5 9 -8 8 -10 -11 -12 13 -14 -15
leaf_value=0.06406005931551334 -0.090579672977223233 -0.067929498679049502 0.020463377354195251 -0.083064078910740843 -0.090031797591009918 0.0050717422477115429 0.010394730964873292 0.0022465093240740057 0.027212833931087803 -0.0068619621573633646 -0.0079014500744173637 -0.081898338442727092 0.0013417533076442703 -0.061345501621679642
leaf_weight=2.4224433377385131 1.1755290552973736 2.5815526014193875 1.8366603646427395 1.0364656411111353 4.0841108486056319 120.57789325714111 1.866107854992151 29.784368382766843 20.731144111603498 89.153495679609478 2.9727837517857552 1.220820749178529 4.6607327284291387 0.86550595145672549
leaf_count=34 25 85 25 33 58 1557 35 480 300 1944 69 31 102 22
internal_value=-0.000220899 -0.0147369 0.0201438 -0.0168836 0.000564336 -0.00161595 -0.058536 0.00916686 0.0124925 -1.08671e-06 -0.0313304 -0.0345376 -0.0233504 -0.0733721
internal_weight=284.97 14.6242 5.29557 2.87313 270.345 215.682 5.95022 54.6638 50.5155 209.731 4.14831 9.32861 7.24229 2.08633
internal_count=4800 332 92 58 4468 3594 93 874 780 3501 94 240 187 53
is_linear=0
shrinkage=0.08


Tree=50
num_leaves=15
num_cat=0
split_feature=0 0 1 1 4 4 4 4 4 4 4 4 4 0
split_gain=0.523388 1.12261 3.47791 6.45822 3.15548 0.972924 1.85807 4.75586 1.4077 1.0367 0.919484 1.28933 0.624176 2.47995e-05
threshold=2.5000000000000004 3.5000000000000004 1.0000000180025095e-35 1.5000000000000002 39.500000000000007 65.500000000000014 43.500000000000007 45.500000000000007 79.500000000000014 42.500000000000007 75.500000000000014 71.500000000000014 68.500000000000014 4.5000000000000009
decision_type=2 2 2 2 2 2 2 2 2 2 2 2 2 2
left_child=5 2 4 -4 -2 6 9 -8 12 -1 11 -3 -7 -12
right_child=1 10 3 -5 -6 8 7 -9 -10 -11 13 -13 -14 -15
leaf_value=-0.011323542239026776 0.066777749071422698 -0.0039339479291587934 -0.033882121931192895 0.017659935170087893 0.0078270064428110995 -0.024582106716726587 0.079876449175474526 -0.0054994074926846192 0.037264388567595619 -0.091898259709510613 -0.081831738335501891 0.050509182268855222 -0.09406807375014431 -0.080981941571086097
leaf_weight=43.577420068904757 10.815888442099096 117.12337952572852 24.148627370595932 43.7386105209589 12.558973431587217 1.3619351610541337 5.4736695475876358 17.611043721437454 1.0944698918610809 1.0465045813471068 0.3410930261015882 2.8517171544954172 2.1078382674604654 0.61797138396650553
leaf_count=998 79 2556 147 196 74 36 83 404 26 26 16 40 67 52
internal_value=-0.000211385 0.00179126 0.00848955 -0.000674438 0.0351044 -0.00609123 -0.0036813 0.0147443 -0.0418415 -0.0132132 -0.00326356 -0.00263988 -0.0667938 -0.0812842
internal_weight=284.469 212.196 91.2621 67.8872 23.3749 72.2729 67.7086 23.0847 4.56424 44.6239 120.934 119.975 3.46977 0.959064
internal_count=4800 3160 496 343 153 1640 1511 487 129 1024 2664 2596 103 68
is_linear=0
shrinkage=0.08


Tree=51
num_leaves=13
num_cat=0
split_feature=3 4 1 1 0 4 0 1 4 0 4 0
split_gain=0.51994 0.662594 1.51085 0.743678 1.74134 1.6116 0.451299 0.4127 0.709421 1.14989 0.390815 0.0202136
threshold=1.0000000180025095e-35 4.5000000000000009 1.0000000180025095e-35 1.5000000000000002 7.5000000000000009 76.500000000000014 3.5000000000000004 1.0000000180025095e-35 22.500000000000004 2.5000000000000004 36.500000000000007 3.5000000000000004
decision_type=2 2 2 2 2 2 2 2 2 2 2 2
left_child=1 2 11 5 -5 -3 -4 10 -9 -10 -2 -1
right_child=7 3 6 4 -6 -7 -8 8 9 -11 -12 -13
leaf_value=0.032311073039612434 -0.017740968897588517 -0.0036481101897611525 -0.032286839767948473 0.0013623231880226455 0.040947940759733924 -0.074983106941898844 -0.081798750481259716 0.038594718838520239 0.041202374805431541 -0.0034233155528647836 0.013771936348461798 0.018287117623192378
leaf_weight=1.1537431906908744 6.1508704572916013 130.8084341166541 3.3586527081206441 97.3327178042382 7.6725872717797747 2.0587963350117198 1.814873839728534 5.8333268612623241 4.8215298652648952 15.822423234581946 4.2652333974838257 1.5301849534735081
leaf_count=21 29 2586 68 1592 185 63 88 25 21 71 22 29
internal_value=-0.000202352 -0.00153191 -0.0243887 -0.0007769 0.00425479 -0.00475346 -0.0496556 0.00865323 0.0139602 0.00699931 -0.00483692 0.0243156
internal_weight=282.623 245.73 7.85745 237.873 105.005 132.867 5.17353 36.8934 26.4773 20.644 10.4161 2.68393
internal_count=4800 4632 206 4426 1777 2649 156 168 117 92 51 50
is_linear=0
shrinkage=0.08


Tree=52
num_leaves=14
num_cat=0
split_feature=4 4 2 4 4 4 0 4 4 0 0 0 0
split_gain=0.495219 1.76591 1.09003 6.75921 1.60818 0.934194 5.80668 2.88572 1.2662 1.1916 0.486766 0.39387 0.150021
threshold=52.500000000000007 50.500000000000007 1.0000000180025095e-35 38.500000000000007 43.500000000000007 54.500000000000007 1.5000000000000002 55.500000000000007 60.500000000000007 5.5000000000000009 5.5000000000000009 5.5000000000000009 2.5000000000000004
decision_type=2 2 2 2 2 2 2 2 2 2 2 2 2
left_child=1 2 3 -1 -4 6 -2 11 -9 -8 12 -7 -3
right_child=5 10 4 -5 -6 7 9 8 -10 -11 -12 -13 -14
leaf_value=0.0079831405646094266 0.15966470387060883 -0.051143825898702665 -0.0015204988954478174 -0.059479346385726911 0.019077297131010657 -0.075927611676792628 -0.017316021808195678 0.024695624238141305 -0.0017172160301308311 0.043236415302408286 -0.083373181669055343 -0.02358069355223983 -0.021518322888204332
leaf_weight=32.635447258129716 1.7729840017855156 1.6300997398793686 130.92499590013176 13.410856744274495 29.776265131309628 3.1217614226043215 6.5073281750082952 17.064599838107824 36.379547846503556 3.0570471659302711 1.4927191678434608 1.3042618446052072 3.326126005500555
leaf_count=607 27 46 2295 271 461 43 74 249 579 48 39 24 37
internal_value=-0.000190533 -0.00209924 -0.000813341 -0.0116651 0.00229606 0.00568932 0.0266886 0.00157536 0.00671635 0.00203826 -0.0433241 -0.060502 -0.0312621
internal_weight=282.404 213.197 206.748 46.0463 160.701 69.2075 11.3374 57.8702 53.4441 9.56438 6.44894 4.42602 4.95623
internal_count=4800 3756 3634 878 2756 1044 149 895 828 122 122 67 83
is_linear=0
shrinkage=0.08


Tree=53
num_leaves=15
num_cat=0
split_feature=0 0 1 1 4 4 4 0 2 1 4 4 2 4
split_gain=0.498799 0.996286 3.084 5.45824 2.85873 0.955361 2.31033 1.6842 0.875288 3.88694 1.00117 0.677198 0.481278 0.407798
threshold=2.5000000000000004 3.5000000000000004 1.0000000180025095e-35 1.5000000000000002 39.500000000000007 9.5000000000000018 13.500000000000002 1.5000000000000002 1.5000000000000002 1.0000000180025095e-35 46.500000000000007 11.500000000000002 1.0000000180025095e-35 2.5000000000000004
decision_type=2 2 2 2 2 2 2 2 2 2 2 2 2 2
left_child=5 2 4 -4 -2 12 11 -8 10 -10 -3 -7 -1 -14
right_child=1 8 3 -5 -6 6 7 -9 9 -11 -12 -13 13 -15
leaf_value=-0.11214567385304527 0.064562909224928466 -0.0060489220248817269 -0.03146460894761284 0.016309811763910761 0.0077998281592284117 0.017351497578165374 0.0020135651250721164 -0.02506887523609358 -0.070583558359558984 0.0071629377013035615 0.010441769742880014 0.094158950212882023 -0.012018126638090107 -0.081610495832707061
leaf_weight=0.62115177791565601 10.369060263037683 65.138659263961017 23.622842587530613 43.468814104795456 12.552272878587244 1.21443373709917 43.467503836378455 22.202373627573252 6.2065791273489621 12.215601884759961 36.914867509156466 1.8596425987780092 1.7429527714848521 0.78007970377802838
leaf_count=20 79 1589 147 196 74 23 980 484 112 281 682 34 54 45
internal_value=-0.000188602 0.00177635 0.00814379 -0.000511469 0.0334781 -0.00594199 -0.00396965 -0.00714276 -0.00298106 -0.0190305 -8.38984e-05 0.0638157 -0.0490649 -0.0335349
internal_weight=282.377 210.489 90.013 67.0917 22.9213 71.8881 68.744 65.6699 120.476 18.4222 102.054 3.07408 3.14418 2.52303
internal_count=4800 3160 496 343 153 1640 1521 1464 2664 393 2271 57 119 99
is_linear=0
shrinkage=0.08


Tree=54
num_leaves=12
num_cat=0
split_feature=3 0 0 4 4 4 4 1 0 1 4
split_gain=0.480048 0.572838 1.16814 4.64584 2.26565 1.01741 1.3291 0.379243 0.70287 0.747255 0.353942
threshold=1.0000000180025095e-35 2.5000000000000004 1.5000000000000002 15.500000000000002 29.500000000000004 81.500000000000014 73.500000000000014 1.0000000180025095e-35 5.5000000000000009 1.5000000000000002 36.500000000000007
decision_type=2 2 2 2 2 2 2 2 2 2 2
left_child=1 2 4 -4 -1 6 -3 10 9 -9 -2
right_child=7 5 3 -5 -6 -7 -8 8 -10 -11 -12
leaf_value=-0.026700695955698493 -0.017019437144116949 0.0011128248581107527 0.10121825939417946 -0.035788532037459901 0.012600458251844778 0.063242696052461231 -0.053438726367397667 0.036342348071382785 -0.011176378491192841 0.0058263916714180611 0.013085343923691029
leaf_weight=14.095504142343996 6.0824514329433423 177.1263440484181 1.7336461460217858 18.352894261479378 28.108069146052003 1.6551144663244475 2.9052956784144035 9.8079714328050649 5.7947648614644995 10.780543133616447 4.2429832071065903
leaf_count=393 29 2929 58 463 686 41 62 41 24 52 22
internal_value=-0.000179951 -0.00146326 -0.00808365 -0.0239636 -0.000525672 0.000806494 0.000232489 0.00834932 0.0134362 0.0203636 -0.00464862
internal_weight=280.686 243.977 62.2901 20.0865 42.2036 181.687 180.032 36.7087 26.3833 20.5885 10.3254
internal_count=4800 4632 1600 521 1079 3032 2991 168 117 93 51
is_linear=0
shrinkage=0.08


Tree=55
num_leaves=15
num_cat=0
split_feature=4 1 4 0 4 4 1 0 2 0 1 0 3 3
split_gain=0.408561 1.22083 1.13989 0.93849 0.702421 2.77299 1.92219 0.934132 1.15809 0.907907 0.848565 0.660036 1.09398 0.385726
threshold=9.5000000000000018 1.0000000180025095e-35 1.0000000180025095e-35 3.5000000000000004 24.500000000000004 25.500000000000004 1.5000000000000002 1.0000000180025095e-35 1.5000000000000002 3.5000000000000004 1.0000000180025095e-35 4.5000000000000009 1.0000000180025095e-35 1.0000000180025095e-35
decision_type=2 2 2 2 2 2 2 2 2 2 2 2 2 2
left_child=1 2 -1 -4 7 6 -6 10 -9 -7 -2 13 -13 -3
right_child=4 11 3 -5 5 9 -8 8 -10 -11 -12 12 -14 -15
leaf_value=0.056533156302968159 -0.089685328171212664 -0.038227336385026234 0.016646781024023064 -0.082777345169408018 -0.089503098354278526 0.0045491619502326767 0.009918979222000154 0.006421806750858578 0.040033528513064215 -0.0061652320777211833 -0.006235189099984652 -0.039110031366229391 0.059401941469023431 -0.094171422144211411
leaf_weight=2.4808338209986678 1.0668697282671922 4.871511919423936 1.6960438508540394 0.94680716283619393 3.7913687322288743 118.37289283797145 1.8527108766138551 42.139311656355858 7.7702979966998091 88.426738748326898 2.898752436041832 1.8817498357966542 1.170047253370285 0.94115693867206562
leaf_count=34 25 130 25 33 58 1557 35 671 109 1944 69 101 5 4
internal_value=-0.000173197 -0.0134999 0.0175867 -0.0189721 0.000526774 -0.00154223 -0.0568671 0.00868537 0.0116547 -3.22723e-05 -0.0286857 -0.031468 -0.00134092 -0.0472855
internal_weight=280.307 13.9882 5.12368 2.64285 266.319 212.444 5.64408 53.8752 49.9096 206.8 3.96562 8.86447 3.0518 5.81267
internal_count=4800 332 92 58 4468 3594 93 874 780 3501 94 240 106 134
is_linear=0
shrinkage=0.08


Tree=56
num_leaves=12
num_cat=0
split_feature=3 0 0 4 4 4 4 2 4 4 4
split_gain=0.404682 0.52697 1.03652 3.75514 1.93237 1.0109 2.24389 2.00474 0.37784 0.871847 0.484228
threshold=1.0000000180025095e-35 2.5000000000000004 1.5000000000000002 15.500000000000002 16.500000000000004 55.500000000000007 37.500000000000007 1.0000000180025095e-35 54.500000000000007 43.500000000000007 22.500000000000004
decision_type=2 2 2 2 2 2 2 2 2 2 2
left_child=1 2 4 -4 -1 6 -3 -7 9 10 -2
right_child=8 5 3 -5 -6 7 -8 -9 -10 -11 -12
leaf_value=-0.049170148113231803 0.018731105380056116 0.0055193700511703423 0.083768875234137341 -0.034267722878290045 0.005389437066063929 0.045633380739857905 -0.015166432122330166 0.0022895541705456692 -0.0092533795173381124 0.039364942630227343 -0.0044695720830201062
leaf_weight=4.6710416190326205 9.6091330423951202 89.27785093523562 1.909687172621491 17.829757267609239 37.576857334002852 8.9046119013801199 53.776711041107774 29.304720305837691 6.861528441309928 5.8129486143589011 14.363481149077414
leaf_count=155 43 1564 58 463 924 128 941 399 30 30 65
internal_value=-0.00016594 -0.00134664 -0.007714 -0.0228483 -0.000642818 0.000830827 -0.00225678 0.0123908 0.00767114 0.0115699 0.00483014
internal_weight=279.898 243.251 61.9873 19.7394 42.2479 181.264 143.055 38.2093 36.6471 29.7856 23.9726
internal_count=4800 4632 1600 521 1079 3032 2505 527 168 138 108
is_linear=0
shrinkage=0.08


Tree=57
num_leaves=15
num_cat=0
split_feature=4 1 4 0 4 4 4 4 2 0 0 2 1 0
split_gain=0.381184 1.05905 0.949301 0.857478 0.669616 1.1195 0.532589 2.4318 1.80122 0.818769 0.751801 0.949946 0.813008 0.0174342
threshold=9.5000000000000018 1.0000000180025095e-35 1.0000000180025095e-35 3.5000000000000004 6.5000000000000009 2.5000000000000004 24.500000000000004 25.500000000000004 1.0000000180025095e-35 3.5000000000000004 1.0000000180025095e-35 1.5000000000000002 1.0000000180025095e-35 5.5000000000000009
decision_type=2 2 2 2 2 2 2 2 2 2 2 2 2 2
left_child=1 2 -1 -4 5 -3 10 8 -8 -9 12 -12 -2 -6
right_child=6 4 3 -5 13 -7 7 9 -10 -11 11 -13 -14 -15
leaf_value=0.050305592870924808 -0.089286654735086263 -0.039721411822578823 0.014832953404911187 -0.082572250522874105 -0.07745184860238942 0.031178982788579512 0.034685392145760975 0.0044562997299126333 -0.077352996046347627 -0.0057381878911624178 0.0054443375315019592 0.035628651757428922 -0.0049140531146450893 -0.062218774914806929
leaf_weight=2.5518737547099581 0.98306329548358862 4.6688818233087641 1.6848666798323395 0.88078763242810953 1.1468744073063133 2.0516001554206014 1.1639266461133946 118.13654438406229 4.3528412748128176 87.96408867649734 42.326616069301963 7.9218231402337542 2.8497805539518595 0.82799900136888016
leaf_count=34 25 120 25 33 31 67 19 1557 74 1944 671 109 69 22
internal_value=-0.000160733 -0.0131179 0.0157569 -0.0186062 -0.0301118 -0.0180772 0.000512871 -0.0012978 -0.0537152 0.000105276 0.00759793 0.010203 -0.0265543 -0.0710651
internal_weight=279.512 13.8129 5.11753 2.56565 8.69536 6.72048 265.699 211.617 5.51677 206.101 54.0813 50.2484 3.83284 1.97487
internal_count=4800 332 92 58 240 187 4468 3594 93 3501 874 780 94 53
is_linear=0
shrinkage=0.08


Tree=58
num_leaves=14
num_cat=0
split_feature=4 4 0 3 3 4 0 4 4 0 0 0 0
split_gain=0.365321 1.60625 0.996456 2.05963 1.06325 0.850221 3.91229 2.422 1.02919 1.01246 0.45863 0.355823 0.140227
threshold=52.500000000000007 50.500000000000007 1.0000000180025095e-35 1.0000000180025095e-35 1.0000000180025095e-35 54.500000000000007 1.5000000000000002 55.500000000000007 60.500000000000007 5.5000000000000009 5.5000000000000009 5.5000000000000009 2.5000000000000004
decision_type=2 2 2 2 2 2 2 2 2 2 2 2 2
left_child=1 2 3 -1 -4 6 -2 11 -9 -8 12 -7 -3
right_child=5 10 4 -5 -6 7 9 8 -10 -11 -12 -13 -14
leaf_value=-0.0070598958550516632 0.12588739392132453 -0.050157784128973322 -0.0011876804208129259 -0.081778402459814117 0.016748263943674683 -0.071829548921967967 -0.015201871843455313 0.021673467152858682 -0.0020745315111338871 0.04076204911105067 -0.083041930299227129 -0.021221724282081626 -0.021024464521114776
leaf_weight=15.635353576391937 2.0185604337602845 1.5603023692965496 161.06213169544935 2.781057581305503 24.350852139294147 3.0228157546371213 6.3166265841573459 17.237482199445367 36.221543395891786 3.0766175277531147 1.3568558320403097 1.2596968337893484 3.2804918102920055
leaf_count=410 27 46 3099 12 113 43 74 249 579 48 39 24 37
internal_value=-0.000154342 -0.0018149 -0.00059496 -0.0183431 0.0011679 0.00488897 0.0248423 0.000945469 0.00558284 0.00312828 -0.0419365 -0.0569433 -0.0304148
internal_weight=279.18 210.027 203.829 18.4164 185.413 69.1533 11.4118 57.7415 53.459 9.39324 6.19765 4.28251 4.84079
internal_count=4800 3756 3634 422 3212 1044 149 895 828 122 122 67 83
is_linear=0
shrinkage=0.08


Tree=59
num_leaves=13
num_cat=0
split_feature=4 0 4 0 1 4 1 0 4 2 1 1
split_gain=0.343292 1.65448 1.16665 3.46064 3.7537 2.24477 2.22675 1.10148 1.00778 0.610163 0.0913244 1.31141e-05
threshold=68.500000000000014 7.5000000000000009 62.500000000000007 6.5000000000000009 1.5000000000000002 61.500000000000007 1.5000000000000002 1.5000000000000002 55.500000000000007 1.5000000000000002 1.0000000180025095e-35 1.5000000000000002
decision_type=2 2 2 2 2 2 2 2 2 2 2 2
left_child=2 7 5 4 -4 8 -5 11 -1 -9 -7 -2
right_child=1 -3 3 6 -6 10 -8 9 -10 -11 -12 -13
leaf_value=-0.0014025857792525462 -0.082121436572626688 0.077189331413651974 0.085396250009154753 -0.093384988787168277 -0.003819250135248183 -0.076088624868059326 0.037135940943140357 -0.019167422536697228 0.017457165735875746 0.0340182479129333 -0.051044497957662111 -0.082578713518345601
leaf_weight=225.37098908424377 0.86644761823117444 1.2134638344869024 6.2389266807585937 2.3400161005556575 5.846890676766634 1.6412660218775266 1.3020149208605292 9.9381083706393802 19.719858905300498 1.6031997418031103 2.155977938324213 0.7478036917746067
leaf_count=3972 35 28 96 34 77 18 21 154 285 24 31 25
internal_value=-0.000149443 -0.0121922 0.000504496 0.0216355 0.0422355 -0.000830822 -0.0467242 -0.0204367 0.000114858 -0.0117794 -0.0618692 -0.0823333
internal_weight=278.985 14.369 264.616 15.7278 12.0858 248.888 3.64203 13.1556 245.091 11.5413 3.79724 1.61425
internal_count=4800 266 4534 228 173 4306 55 238 4257 178 49 60
is_linear=0
shrinkage=0.08


Tree=60
num_leaves=12
num_cat=0
split_feature=4 1 0 0 4 1 4 0 4 4 0
split_gain=0.324395 0.901184 0.920048 1.01167 0.600821 1.10797 0.470412 0.351097 1.38911 0.935831 0.0148808
threshold=9.5000000000000018 1.0000000180025095e-35 2.5000000000000004 3.5000000000000004 6.5000000000000009 1.5000000000000002 10.500000000000002 4.5000000000000009 11.500000000000002 11.500000000000002 5.5000000000000009
decision_type=2 2 2 2 2 2 2 2 2 2 2
left_child=1 2 -1 -4 5 -3 -2 8 -8 -9 -6
right_child=6 4 3 -5 10 -7 7 9 -10 -11 -12
leaf_value=-0.040107391879320602 0.030569014106948584 -0.062461416325845238 0.091905913966964334 0.0043607831933072756 -0.073295949675465072 0.0066177541802311321 -0.061243742151648968 0.072249762886498411 0.0029511665816661569 -0.004981000975828191 -0.059060910182752134
leaf_weight=1.4256466664373864 3.2825863547623149 2.2379605676978809 1.3132047951221468 2.3684837073087692 1.1165551422163842 4.4224736858159304 2.1845259927213183 1.0160735957324494 173.29166201967746 85.534453731961548 0.81162870582193125
leaf_count=29 37 85 12 51 31 102 27 18 2462 1924 22
internal_value=-0.00014738 -0.0121534 0.0144578 0.0355869 -0.0279782 -0.0165934 0.000472405 9.53639e-05 0.002152 -0.00407434 -0.067304
internal_weight=279.005 13.696 5.10734 3.68169 8.58862 6.66043 265.309 262.027 175.476 86.5505 1.92818
internal_count=4800 332 92 63 240 187 4468 4431 2489 1942 53
is_linear=0
shrinkage=0.08


Tree=61
num_leaves=14
num_cat=0
split_feature=0 4 4 4 4 4 4 4 4 0 1 4 4
split_gain=0.329924 0.782953 1.44918 1.20925 3.85097 0.970264 0.684449 3.17561 1.54636 4.92453 1.17933 0.854364 0.582776
threshold=2.5000000000000004 65.500000000000014 79.500000000000014 43.500000000000007 45.500000000000007 42.500000000000007 62.500000000000007 61.500000000000007 67.500000000000014 5.5000000000000009 1.0000000180025095e-35 70.500000000000014 68.500000000000014
decision_type=2 2 2 2 2 2 2 2 2 2 2 2 2
left_child=1 3 12 5 -5 -1 7 10 9 -8 -2 -10 -3
right_child=6 2 -4 4 -6 -7 8 -9 11 -11 -12 -13 -14
leaf_value=-0.0088972754178062337 0.01104881034214703 -0.025308063388210789 0.044592462405977119 0.0680722610014068 -0.0067958090952304267 -0.090832190532977683 0.07599445433017285 -0.079419485824556657 -0.039126648423155733 -0.032762040296162802 -0.003040448270038151 0.0076049868012231115 -0.0941422767165183
leaf_weight=42.111312991008162 54.415319473482668 1.3784722462296479 1.0259220190346239 5.8569845929741886 17.639394201338291 0.94575229287147422 7.1601950973272341 3.1817563436925402 3.4390758387744418 4.2439800724387169 126.21308385394514 9.2067545000463706 1.8351292535662649
leaf_count=998 857 36 26 83 404 26 63 33 49 67 1948 143 67
internal_value=-0.000137517 -0.00485441 -0.0381886 -0.00273099 0.0118667 -0.010697 0.00146896 -0.000191574 0.0141601 0.0355215 0.00120402 -0.00510384 -0.0646159
internal_weight=278.653 70.793 4.23952 66.5534 23.4964 43.0571 207.86 183.81 24.05 11.4042 180.628 12.6458 3.2136
internal_count=4800 1640 129 1511 487 1024 3160 2838 322 130 2805 192 103
is_linear=0
shrinkage=0.08


Tree=62
num_leaves=13
num_cat=0
split_feature=3 4 0 1 0 2 4 1 0 1 4 1
split_gain=0.335307 0.480623 1.11702 1.56147 0.557756 1.65248 0.678815 0.387327 0.623339 0.816503 0.366264 0.00080596
threshold=1.0000000180025095e-35 4.5000000000000009 5.5000000000000009 1.0000000180025095e-35 7.5000000000000009 1.5000000000000002 20.500000000000004 1.0000000180025095e-35 2.5000000000000004 1.5000000000000002 36.500000000000007 1.0000000180025095e-35
decision_type=2 2 2 2 2 2 2 2 2 2 2 2
left_child=1 2 3 -1 6 -6 -3 10 -9 -10 -2 -4
right_child=7 4 11 -5 5 -7 -8 8 9 -11 -12 -13
leaf_value=0.050275029099267447 -0.018925114345220959 0.0090461468956162718 -0.085092036955973505 -0.035604796602282406 0.020757394414193234 -0.050285113706698484 -0.0036362210771810006 0.033434790295256693 0.022006128898313406 -0.010686202562199766 0.011998395316837027 -0.081358518265452415
leaf_weight=2.0784074608236542 5.980251416563986 31.688871786929667 0.67340395879000403 3.8927901294082403 17.49014801718295 2.3806820856407276 182.94884964544326 6.5989074259996441 9.4023048877716064 10.186240926384926 4.1540382578969002 0.82144373841583729
leaf_count=34 29 592 16 104 410 61 3363 29 39 49 22 52
internal_value=-0.000137019 -0.00121288 -0.021195 -0.00571242 -0.000576709 0.0122459 -0.00176381 0.00703034 0.0121695 0.00500579 -0.00624959 -0.0830404
internal_weight=278.296 241.975 7.46605 5.9712 234.509 19.8708 214.638 36.3217 26.1875 19.5885 10.1343 1.49485
internal_count=4800 4632 206 138 4426 471 3955 168 117 88 51 68
is_linear=0
shrinkage=0.08


Tree=63
num_leaves=14
num_cat=0
split_feature=0 4 4 0 0 4 4 4 4 0 2 4 4
split_gain=0.298343 0.76634 1.74104 2.80315 1.0984 0.677054 3.25202 1.25152 2.77878 1.57577 0.479386 0.409549 0.287811
threshold=2.5000000000000004 9.5000000000000018 13.500000000000002 1.5000000000000002 1.5000000000000002 77.500000000000014 81.500000000000014 62.500000000000007 61.500000000000007 5.5000000000000009 1.0000000180025095e-35 2.5000000000000004 87.500000000000014
decision_type=2 2 2 2 2 2 2 2 2 2 2 2 2
left_child=1 10 3 -3 -4 7 -7 8 -2 -9 -1 -12 -8
right_child=5 2 4 -5 -6 6 12 9 -10 -11 11 -13 -14
leaf_value=-0.11042095935604575 0.0011571620623883365 -0.0032754577030681309 0.0014509045857439608 0.15138049418378141 -0.020936651203010109 -0.12775917493924691 0.064496633894343861 0.038487420343109743 -0.075148739604106049 -0.0065564222870135667 -0.0078945980665722504 -0.081477740492804415 0.0015848035743519443
leaf_weight=0.57005880493670646 180.69249796494842 2.0007572323083869 43.594995904713869 1.1998670361936095 20.67883930914104 1.3836888400837772 0.96421107556670882 12.510064541362228 3.1068605557084075 8.2473699403926712 1.7076174318790438 0.67562808748334635 0.89961279649287462
leaf_count=20 2805 38 980 19 484 23 22 118 33 139 54 45 20
internal_value=-0.000130217 -0.00463008 -0.00288421 0.0547028 -0.00575185 0.00139485 -0.0348466 0.00197021 -0.000132678 0.0205905 -0.0445183 -0.0287547 0.0341309
internal_weight=278.232 70.4278 67.4745 3.20062 64.2738 207.804 3.24751 204.557 183.799 20.7574 2.9533 2.38325 1.86382
internal_count=4800 1640 1521 57 1464 3160 65 3095 2838 257 119 99 42
is_linear=0
shrinkage=0.08


Tree=64
num_leaves=14
num_cat=0
split_feature=0 4 1 4 3 4 4 3 0 1 0 1 4
split_gain=0.295737 1.794 6.15253 4.1243 1.73932 1.47932 1.20389 0.888405 1.64211 0.941308 1.6094 1.52183 0.609687
threshold=1.0000000180025095e-35 44.500000000000007 1.5000000000000002 47.500000000000007 1.0000000180025095e-35 40.500000000000007 52.500000000000007 1.0000000180025095e-35 2.5000000000000004 1.5000000000000002 3.5000000000000004 1.0000000180025095e-35 22.500000000000004
decision_type=2 2 2 2 2 2 2 2 2 2 2 2 2
left_child=1 4 3 -3 5 -1 -4 9 -9 11 -11 -2 -10
right_child=7 2 6 -5 -6 -7 -8 8 12 10 -12 -13 -14
leaf_value=-0.0034656310451099872 0.002357558090330095 0.22815257176411691 -0.094672500410847835 0.044267576178926286 -0.090383760460038598 -0.084887643814309327 -0.0095257255670083574 0.051951188231009193 0.02607687558108443 0.01351117378611756 -0.0072315285257838749 -0.01546558457169229 -0.0019631264412186609
leaf_weight=11.026373639702799 66.989517854526639 1.0175958275794963 1.92766747623682 3.3519826326519251 2.2470024079084387 1.6405787505209435 2.3685797918587923 5.7051874399185172 6.5255790278315571 56.359734958969057 41.616641147062182 56.536747106350958 20.723552361130714
leaf_count=322 1227 16 34 85 10 36 52 25 30 591 1043 1231 98
internal_value=-0.000126285 -0.00869724 0.020251 0.0870911 -0.0255178 -0.0140111 -0.0477299 0.00066796 0.0129232 -0.00115533 0.00470046 -0.00579992 0.00475185
internal_weight=278.037 23.5798 8.66583 4.36958 14.914 12.667 4.29625 254.457 32.9543 221.503 97.9764 123.526 27.2491
internal_count=4800 555 187 101 368 358 86 4245 153 4092 1634 2458 128
is_linear=0
shrinkage=0.08


Tree=65
num_leaves=11
num_cat=0
split_feature=0 4 3 2 4 4 4 4 0 4
split_gain=0.286896 0.745929 0.885063 1.0243 0.590635 2.78458 1.08353 2.41698 1.29619 0.248827
threshold=2.5000000000000004 1.5000000000000002 1.0000000180025095e-35 1.0000000180025095e-35 77.500000000000014 81.500000000000014 62.500000000000007 61.500000000000007 5.5000000000000009 87.500000000000014
decision_type=2 2 2 2 2 2 2 2 2 2
left_child=1 -1 3 -3 6 -6 7 -2 -8 -7
right_child=4 2 -4 -5 5 9 8 -9 -10 -11
leaf_value=-0.057036557868837552 0.0011350254784854756 -0.025806199176504809 0.020973831926252847 -0.00096101045168422387 -0.11938283084307921 0.059890649412767172 0.035381566849405459 -0.070961012637081891 -0.0055734429048556198 0.0011224019414867508
leaf_weight=1.6911828033626068 179.9341615177691 13.787089732475577 8.4579921066760999 46.231354735791683 1.3635608460754149 0.94984444789588429 12.554154276847841 3.0260254181921473 8.160741168074308 0.89610315766185522
leaf_count=49 2805 364 38 1189 23 22 118 33 139 20
internal_value=-0.000129849 -0.0045503 -0.00325403 -0.0066683 0.00136941 -0.032682 0.00190599 -5.73894e-05 0.0192471 0.031362
internal_weight=277.052 70.1676 68.4764 60.0184 206.885 3.20951 203.675 182.96 20.7149 1.84595
internal_count=4800 1640 1591 1553 3160 65 3095 2838 257 42
is_linear=0
shrinkage=0.08


Tree=66
num_leaves=13
num_cat=0
split_feature=4 0 0 4 4 0 1 1 4 4 0 4
split_gain=0.2885 1.42486 0.979023 0.715781 1.83103 1.48466 5.42018 2.8107 1.00553 0.483663 0.321469 2.15945e-05
threshold=68.500000000000014 7.5000000000000009 1.5000000000000002 55.500000000000007 54.500000000000007 5.5000000000000009 1.0000000180025095e-35 1.0000000180025095e-35 52.500000000000007 69.500000000000014 5.5000000000000009 77.500000000000014
decision_type=2 2 2 2 2 2 2 2 2 2 2 2
left_child=3 2 11 4 8 6 -5 -7 -1 -4 -6 -2
right_child=1 -3 9 5 10 7 -8 -9 -10 -11 -12 -13
leaf_value=-0.0015531546198706133 -0.081837020146916878 0.070221679890971583 -0.059424540289621797 -0.035301477895287925 -0.06826076141065214 0.046629364376437443 0.044006913222396984 -0.037220580224571941 0.022691312904191192 -0.0057824075543260805 -0.019514206949720111 -0.082496931174880148
leaf_weight=207.8140351511538 0.93287538364529321 1.2496721670031554 1.2032744213938702 7.7654183488339212 2.9302223511040202 3.6261786706745616 19.031834971159697 8.6897549629211408 11.557236636057494 10.150262048467992 1.2289650849997995 0.48099224641919136
leaf_count=3756 43 28 15 111 43 59 252 140 149 163 24 17
internal_value=-0.000122665 -0.0113053 -0.0192851 0.000474142 -0.00127285 0.0104581 0.0210246 -0.0125327 -0.000275872 -0.0114675 -0.053857 -0.0820615
internal_weight=276.661 14.0171 12.7674 262.644 223.53 39.1132 26.7973 12.3159 219.371 11.3535 4.15919 1.41387
internal_count=4800 266 238 4534 3972 562 363 199 3905 178 67 60
is_linear=0
shrinkage=0.08


Tree=67
num_leaves=16
num_cat=0
split_feature=4 4 4 2 4 2 4 2 4 2 4 4 3 3 0
split_gain=0.274456 1.88087 2.1092 2.75692 1.96651 1.06533 0.990789 3.27264 3.08673 1.88762 1.41812 1.84913 1.23313 0.960354 0.182008
threshold=34.500000000000007 36.500000000000007 37.500000000000007 1.0000000180025095e-35 43.500000000000007 1.0000000180025095e-35 29.500000000000004 1.5000000000000002 31.500000000000004 1.0000000180025095e-35 28.500000000000004 27.500000000000004 1.0000000180025095e-35 1.0000000180025095e-35 3.5000000000000004
decision_type=2 2 2 2 2 2 2 2 2 2 2 2 2 2 2
left_child=6 5 3 -3 -4 14 10 9 -9 -8 11 -1 -12 -7 -2
right_child=1 2 4 -5 -6 13 7 8 -10 -11 12 -13 -14 -15 -16
leaf_value=-0.0015546353698053246 0.037808855712768111 0.11769505376068809 -0.021181768569722342 0.0083301510339265604 0.0026198238756720543 -0.060169246633652113 -0.013742572538495193 -0.1464609377129715 -0.00011628858075196629 0.042845279390859269 -0.060770007856794941 0.045722532492195572 0.027492889377644207 0.014338175237665021 -0.0085571402384716066
leaf_weight=82.887264497578144 1.0895538628101324 2.1812686603516331 27.697548670694232 4.5572732333093882 112.25139111233875 6.934184180572629 4.9187603741884294 1.3654665052890766 2.8428210522979498 16.191218702122569 4.2978132106363764 5.6560424175113431 1.3254952579736707 1.3175313919782636 1.077874608337879
leaf_count=1481 16 36 583 69 1773 144 109 19 55 282 94 92 6 6 35
internal_value=-0.000120986 -0.00231868 1.4201e-05 0.0437316 -0.00209079 -0.0351624 0.00276868 0.016818 -0.0476009 0.0296599 -0.00100872 0.00146537 -0.0399652 -0.0482728 0.0147508
internal_weight=276.592 157.107 146.687 6.73854 139.949 10.4191 119.485 25.3183 4.20829 21.11 94.1666 88.5433 5.62331 8.25172 2.16743
internal_count=4800 2662 2461 105 2356 201 2138 465 74 391 1673 1573 100 150 51
is_linear=0
shrinkage=0.08


Tree=68
num_leaves=13
num_cat=0
split_feature=4 0 0 4 4 0 1 1 4 0 0 4
split_gain=0.256891 1.17402 0.928626 0.570794 1.60215 1.24776 4.52731 2.37625 0.820101 0.464079 0.282012 1.70229e-05
threshold=68.500000000000014 7.5000000000000009 1.5000000000000002 55.500000000000007 54.500000000000007 5.5000000000000009 1.0000000180025095e-35 1.0000000180025095e-35 52.500000000000007 3.5000000000000004 5.5000000000000009 77.500000000000014
decision_type=2 2 2 2 2 2 2 2 2 2 2 2
left_child=3 2 11 4 8 6 -5 -7 -1 -4 -6 -2
right_child=1 -3 9 5 10 7 -8 -9 -10 -11 -12 -13
leaf_value=-0.0013623158416786374 -0.081697178063835543 0.061540190056816685 0.0019976005328427842 -0.033091859899505714 -0.06450158798627223 0.040831347510920851 0.03950440857914133 -0.03544394730257569 0.020411865913677659 -0.031291507530702138 -0.01844870068060666 -0.082305603351376322
leaf_weight=207.41753848269582 0.86478055827319333 1.3050289172679193 6.9806250836700183 7.6740279179066446 2.8650996740907422 3.7836401164531699 19.387235356494784 8.4558566473424417 11.694575967267154 4.3506235894747078 1.210584871470928 0.4461353737860918
leaf_count=3756 43 28 63 111 43 59 252 140 149 115 24 17
internal_value=-0.000121303 -0.0107011 -0.0181585 0.000440851 -0.0011246 0.00933101 0.0189176 -0.0118647 -0.000200172 -0.0107837 -0.0508227 -0.0819042
internal_weight=276.436 13.9472 12.6422 262.489 223.188 39.3008 27.0613 12.2395 219.112 11.3312 4.07568 1.31092
internal_count=4800 266 238 4534 3972 562 363 199 3905 178 67 60
is_linear=0
shrinkage=0.08


Tree=69
num_leaves=16
num_cat=0
split_feature=4 4 4 2 4 1 4 2 4 2 4 4 1 3 0
split_gain=0.251147 1.62381 1.77523 2.20464 1.64532 1.03934 0.82655 2.75701 2.69788 1.55049 1.24094 1.52834 1.22929 0.431007 0.39954
threshold=34.500000000000007 36.500000000000007 37.500000000000007 1.0000000180025095e-35 43.500000000000007 1.0000000180025095e-35 29.500000000000004 1.5000000000000002 31.500000000000004 1.0000000180025095e-35 28.500000000000004 27.500000000000004 1.0000000180025095e-35 1.0000000180025095e-35 3.5000000000000004
decision_type=2 2 2 2 2 2 2 2 2 2 2 2 2 2 2
left_child=6 5 3 -3 -4 14 10 9 -9 -8 11 -1 -12 -7 -2
right_child=1 2 4 -5 -6 13 7 8 -10 -11 12 -13 -14 -15 -16
leaf_value=-0.0013233316147679905 0.040793808598936741 0.10430717364742254 -0.019616955318712458 0.0077518615816505277 0.0022546951172067314 -0.058121590169264055 -0.012649639584791513 -0.13789619559750621 1.9603263584880144e-06 0.038687647998644548 0.026944660132952065 0.04122169496449625 -0.060108380225467231 -0.010869783326663954 -0.021578670917469137
leaf_weight=82.769121712073684 1.336100641638039 2.2630323730409136 27.375359747558832 4.5691125374287367 112.36254929192364 5.9574735928326845 4.8759152460843387 1.3345350716263045 2.8409351129084826 16.527982283383608 1.3946642577648152 5.7813012637197962 4.0614111013710499 1.5586992204189298 1.2937281448394058
leaf_count=1481 26 36 583 69 1773 134 109 19 55 282 27 92 73 7 34
internal_value=-0.000118909 -0.00222582 -8.32931e-05 0.0397342 -0.00203007 -0.0331769 0.00264217 0.0153924 -0.0440721 0.0269928 -0.000827199 0.00145436 -0.0378562 -0.0483225 0.01011
internal_weight=276.302 156.716 146.57 6.83214 139.738 10.146 119.586 25.5794 4.17547 21.4039 94.0065 88.5504 5.45608 7.51617 2.62983
internal_count=4800 2662 2461 105 2356 201 2138 465 74 391 1673 1573 100 141 60
is_linear=0
shrinkage=0.08


Tree=70
num_leaves=14
num_cat=0
split_feature=0 4 1 4 3 4 4 3 0 1 4 1 4
split_gain=0.234923 1.44807 5.02535 3.06339 1.66273 1.38666 1.13717 0.734049 1.3741 0.749707 1.43075 1.32692 0.541963
threshold=1.0000000180025095e-35 44.500000000000007 1.5000000000000002 59.500000000000007 1.0000000180025095e-35 40.500000000000007 52.500000000000007 1.0000000180025095e-35 2.5000000000000004 1.5000000000000002 28.500000000000004 1.0000000180025095e-35 22.500000000000004
decision_type=2 2 2 2 2 2 2 2 2 2 2 2 2
left_child=1 4 3 -3 5 -1 -4 9 -9 11 -11 -2 -10
right_child=7 2 6 -5 -6 -7 -8 8 12 10 -12 -13 -14
leaf_value=-0.0019440899157799445 0.0023431915027654717 0.11709648347178042 -0.09423044217641921 -0.024979907719033752 -0.087330349047181816 -0.084465086341580509 -0.0097870822714884818 0.0477350323566254 0.02443963905714211 0.018416371548343219 -0.0024327274260146328 -0.014362604967988659 -0.002037106356826962
leaf_weight=10.82732645981014 67.129531526938081 3.2712533362209779 1.7891608513891695 1.3814279772341249 2.2037955820560446 1.48155953362584 2.3761361204087734 5.6279648393392554 6.5059059411287334 30.830972783267498 66.50554939173162 55.659137920476496 20.661228321492672
leaf_count=322 1227 56 34 45 10 36 52 25 30 522 1112 1231 98
internal_value=-0.000117633 -0.00779884 0.01777 0.0749126 -0.0233346 -0.0118767 -0.0460589 0.000590921 0.0117568 -0.00107261 0.00417115 -0.00522941 0.00430347
internal_weight=276.251 23.3307 8.81798 4.65268 14.5127 12.3089 4.1653 252.92 32.7951 220.125 97.3365 122.789 27.1671
internal_count=4800 555 187 101 368 358 86 4245 153 4092 1634 2458 128
is_linear=0
shrinkage=0.08


Tree=71
num_leaves=12
num_cat=0
split_feature=0 4 4 1 0 4 4 4 1 4 4
split_gain=0.232531 0.684863 0.823859 1.9806 1.10206 0.501395 2.3838 0.811716 1.21065 0.697439 0.22453
threshold=2.5000000000000004 1.5000000000000002 13.500000000000002 1.0000000180025095e-35 1.5000000000000002 77.500000000000014 81.500000000000014 71.500000000000014 1.5000000000000002 67.500000000000014 87.500000000000014
decision_type=2 2 2 2 2 2 2 2 2 2 2
left_child=1 -1 3 -3 -4 7 -7 9 -9 -2 -8
right_child=5 2 4 -5 -6 6 10 8 -10 -11 -12
leaf_value=-0.055443772126653086 0.0016294731577214732 -0.054331875075966207 0.0019937567148844825 0.064430001901400941 -0.020658172876919796 -0.11102554245980237 0.056521963510296702 0.063262603115189581 -0.018837699579154498 -0.030851558137074908 0.00057114561104602997
leaf_weight=1.6253621522337187 193.81796739343554 1.2574616726487864 43.149446810595691 3.1501698298379779 20.172111673280597 1.3487149802967899 0.9345173444598911 3.1831252584233871 1.799244627356529 4.3252583406865588 0.90217121038585901
leaf_count=49 2968 30 980 97 484 23 22 42 24 61 20
internal_value=-0.000118647 -0.00412605 -0.00289453 0.0305482 -0.00522238 0.0012285 -0.0302649 0.00172238 0.0336144 0.000920446 0.0290392
internal_weight=275.666 69.3546 67.7292 4.40763 63.3216 206.311 3.1854 203.126 4.98237 198.143 1.83669
internal_count=4800 1640 1591 127 1464 3160 65 3095 66 3029 42
is_linear=0
shrinkage=0.08


Tree=72
num_leaves=14
num_cat=0
split_feature=0 4 1 4 3 4 4 3 0 1 4 1 1
split_gain=0.219512 1.2312 4.10927 2.2902 1.47719 1.28476 1.08606 0.635337 1.24522 0.646583 1.30187 1.16498 0.492773
threshold=1.0000000180025095e-35 44.500000000000007 1.5000000000000002 59.500000000000007 1.0000000180025095e-35 40.500000000000007 52.500000000000007 1.0000000180025095e-35 2.5000000000000004 1.5000000000000002 4.5000000000000009 1.0000000180025095e-35 1.5000000000000002
decision_type=2 2 2 2 2 2 2 2 2 2 2 2 2
left_child=1 4 3 -3 5 -1 -4 9 -9 11 -11 -2 -10
right_child=7 2 6 -5 -6 -7 -8 8 12 10 -12 -13 -14
leaf_value=-0.0020478901485399699 0.002221636292112509 0.098671268911624296 -0.093568466595810765 -0.023661613357270701 -0.083231243857843751 -0.084118580919998562 -0.0092178366549357377 0.045413711022994713 0.012234552756670264 -0.047546245823569734 0.0055459379468259344 -0.013480839831708549 -0.010035192072728998
leaf_weight=10.840577246621253 67.098771557211876 3.5528225656598789 1.6656446531414983 1.352174545638263 2.1478251069784156 1.3756572902202595 2.3626173362135887 5.573650285601615 16.993396565318108 3.0514382710680357 94.37934229336679 55.045024228282273 10.161752030253412
leaf_count=322 1227 56 34 45 10 36 52 25 79 74 1560 1231 49
internal_value=-0.000113726 -0.0075437 0.0157766 0.0649474 -0.022047 -0.0112898 -0.0440959 0.000572347 0.0109705 -0.000977556 0.00388314 -0.0048548 0.00390097
internal_weight=275.601 23.2973 8.93326 4.905 14.3641 12.2162 4.02826 252.303 32.7288 219.575 97.4308 122.144 27.1551
internal_count=4800 555 187 101 368 358 86 4245 153 4092 1634 2458 128
is_linear=0
shrinkage=0.08


Tree=73
num_leaves=14
num_cat=0
split_feature=4 0 4 0 4 0 1 1 4 4 1 4 4
split_gain=0.2113 1.05994 0.761776 0.710261 0.488794 1.96795 3.30367 2.31448 1.15821 0.626983 0.0330276 1.27373e-05 9.11544e-08
threshold=68.500000000000014 1.5000000000000002 70.500000000000014 6.5000000000000009 62.500000000000007 6.5000000000000009 1.5000000000000002 1.5000000000000002 61.500000000000007 55.500000000000007 1.0000000180025095e-35 77.500000000000014 71.500000000000014
decision_type=2 2 2 2 2 2 2 2 2 2 2 2 2
left_child=4 11 -3 -4 8 6 -6 -7 9 -1 -10 12 -2
right_child=1 2 3 -5 5 7 -8 -9 10 -11 -12 -13 -14
leaf_value=-0.0010429708815932141 -0.081577473782794674 -0.04610603953473736 -0.0040225912737236382 0.049408996291983101 0.066655676067053152 -0.092109951652760577 -0.015508963640577968 0.046993277374789172 -0.054809223278985318 0.013779069887187318 -0.039182041846913623 -0.082098352616755702 -0.081522814468349358
leaf_weight=222.01976419426501 0.35464375372975954 2.1641714349389067 8.4348488836549187 1.9627083227969713 6.7273739054799062 2.0853146724402896 5.8599750958383083 1.2095560953021052 1.5642607677727931 19.902309382334352 1.9378060586750505 0.40703518316149712 0.43450704868882895
leaf_count=3972 19 33 122 51 96 34 77 21 18 285 31 17 24
internal_value=-0.000113412 -0.00977662 -0.00292443 0.00606349 0.000395361 0.0139967 0.0284044 -0.0410448 -0.000484826 0.0001764 -0.0461622 -0.0817349 -0.0815474
internal_weight=275.064 13.7579 12.5617 10.3976 261.306 15.8822 12.5873 3.29487 245.424 241.922 3.50207 1.19619 0.789151
internal_count=4800 266 206 173 4534 228 173 55 4306 4257 49 60 43
is_linear=0
shrinkage=0.08


Tree=74
num_leaves=15
num_cat=0
split_feature=0 2 4 4 4 4 4 4 4 1 4 0 4 4
split_gain=0.203595 0.737083 1.07416 3.14763 2.16922 0.863816 1.05155 0.487712 1.49385 3.48216 1.05412 4.15484 0.994082 0.564504
threshold=2.5000000000000004 1.0000000180025095e-35 38.500000000000007 45.500000000000007 34.500000000000007 63.500000000000007 27.500000000000004 34.500000000000007 46.500000000000007 1.0000000180025095e-35 30.500000000000004 3.5000000000000004 47.500000000000007 28.500000000000004
decision_type=2 2 2 2 2 2 2 2 2 2 2 2 2 2
left_child=1 5 4 -4 -3 6 -1 10 9 -9 13 -12 -10 -2
right_child=7 2 3 -5 -6 -7 -8 8 12 -11 11 -13 -14 -15
leaf_value=-0.04353447769715995 0.0042180684892258475 -0.00047357206904331746 0.04798523856809369 -0.0091732326573063516 -0.061972490373300916 -0.082923798331856521 0.0016179657756856516 0.020981094966445509 0.045323536047625269 -0.029265040019189215 0.081918405489679658 -0.0074539214023167802 0.0024637740819334259 -0.017936732732666893
leaf_weight=4.9642508244141963 67.537107847630978 22.076181530021135 9.8235380407422799 16.560757376253605 4.402752984315156 1.2436928637325753 9.8525996059179288 12.574708975851534 3.6430509816855183 29.61950648855418 5.2717901766300193 9.0340936947613937 70.232566142454743 8.2608797959983331
leaf_count=113 1044 554 196 407 103 40 227 238 51 530 32 215 921 129
internal_value=-0.000111791 -0.0038759 0.000684122 0.0121083 -0.0106992 -0.0188852 -0.0135099 0.00114655 -0.00228166 -0.0142907 0.00556269 0.0254802 0.00457733 0.00180352
internal_weight=275.097 68.9238 52.8632 26.3843 26.4789 16.0605 14.8169 206.174 116.07 42.1942 90.1039 14.3059 73.8756 75.798
internal_count=4800 1640 1260 603 657 380 340 3160 1740 768 1420 247 972 1173
is_linear=0
shrinkage=0.08


Tree=75
num_leaves=13
num_cat=0
split_feature=3 1 0 1 4 0 4 4 4 2 4 0
split_gain=0.183574 0.383983 0.504531 0.552521 0.386389 0.360537 2.14838 3.09722 0.749165 0.73253 1.91839 1.03874
threshold=1.0000000180025095e-35 1.0000000180025095e-35 2.5000000000000004 1.5000000000000002 36.500000000000007 7.5000000000000009 22.500000000000004 31.500000000000004 11.500000000000002 1.5000000000000002 25.500000000000004 6.5000000000000009
decision_type=2 2 2 2 2 2 2 2 2 2 2 2
left_child=5 4 -3 -4 -2 9 8 -8 -7 11 -11 -1
right_child=1 2 3 -5 -6 6 7 -9 -10 10 -12 -13
leaf_value=-0.0019850936201551094 -0.021237594093593805 0.030057513790112688 0.018025987149740165 -0.0088599463501000189 0.010865503958213991 0.0045880332550161471 0.077341821557213239 0.00016395355766642697 -0.083159336089967215 0.043261368313232122 -0.0017856640991482811 -0.023393946995125762
leaf_weight=169.55633586272597 5.8819875344634038 6.297603107988837 9.3967280834913254 10.204195335507393 4.0526416674256325 0.91604177374393048 4.4545865170657661 13.157026742585002 1.9446967169642446 7.9845207249745718 24.977376479189843 15.861155885271726
leaf_count=3081 29 29 39 49 22 45 95 304 54 149 467 437
internal_value=-0.000110207 0.00522928 0.0103584 0.00402923 -0.00814175 -0.000911252 0.00924008 0.0196849 -0.0550616 -0.00186291 0.0091263 -0.00381647
internal_weight=274.685 35.8332 25.8985 19.6009 9.93463 238.852 20.4724 17.6116 2.86074 218.379 32.9619 185.417
internal_count=4800 168 117 88 51 4632 498 399 99 4134 616 3518
is_linear=0
shrinkage=0.08


Tree=76
num_leaves=16
num_cat=0
split_feature=0 1 4 4 4 4 4 2 0 1 1 4 4 2 0
split_gain=0.189654 0.698797 1.85012 3.10766 1.57343 3.0296 1.9325 0.703516 0.437225 2.71789 4.55981 2.39647 0.872187 0.745532 1.29315e-05
threshold=2.5000000000000004 1.0000000180025095e-35 45.500000000000007 44.500000000000007 32.500000000000007 33.500000000000007 24.500000000000004 1.5000000000000002 3.5000000000000004 1.0000000180025095e-35 1.5000000000000002 39.500000000000007 75.500000000000014 1.5000000000000002 4.5000000000000009
decision_type=2 2 2 2 2 2 2 2 2 2 2 2 2 2 2
left_child=1 2 3 -1 6 -6 -3 -4 9 11 -11 -2 13 -10 -14
right_child=8 4 7 -5 5 -7 -8 -9 12 10 -12 -13 14 -15 -16
leaf_value=-0.014176191753179388 0.060152064475757348 0.0047995086756002425 -0.064648094905228451 0.10196933911102968 0.14695752308846086 0.0080313268782141508 -0.047489545277420164 0.015683676341570495 0.0012166437023130559 -0.031480650755826865 0.012775841931624154 0.0066405530085015619 -0.081658071934591681 -0.016594565108650587 -0.081006087535541435
leaf_weight=12.663936829194427 9.4638006202876586 10.985025408677759 5.1374606881290665 1.6686437688767917 1.0410060696303869 28.733415739610791 7.6903376597911111 0.8073644246906041 100.01889761537313 22.948563724756241 42.47998920083046 12.340640485286711 0.28948419820517202 17.702401529066265 0.5945966150611639
leaf_count=294 79 303 129 18 26 672 175 23 2216 147 196 74 16 380 52
internal_value=-0.00010912 -0.00374782 -0.0162171 -0.000654167 0.00147087 0.0128886 -0.0167326 -0.0537383 0.0011058 0.00540504 -0.00274678 0.0298662 -0.00205624 -0.00146173 -0.0812196
internal_weight=274.566 68.7272 20.2774 14.3326 48.4498 29.7744 18.6754 5.94483 205.838 87.233 65.4286 21.8044 118.605 117.721 0.884081
internal_count=4800 1640 464 312 1176 698 478 152 3160 496 343 153 2664 2596 68
is_linear=0
shrinkage=0.08


Tree=77
num_leaves=14
num_cat=0
split_feature=4 4 4 4 1 4 4 1 4 0 0 0 0
split_gain=0.203406 0.718305 1.5149 0.917711 0.90891 0.348887 2.12862 1.82439 0.578759 2.56888 1.82894 0.538568 0.0578434
threshold=9.5000000000000018 1.0000000180025095e-35 1.5000000000000002 6.5000000000000009 1.0000000180025095e-35 24.500000000000004 25.500000000000004 1.5000000000000002 22.500000000000004 6.5000000000000009 5.5000000000000009 3.5000000000000004 3.5000000000000004
decision_type=2 2 2 2 2 2 2 2 2 2 2 2 2
left_child=1 4 -3 -4 -1 8 7 -7 10 -10 -2 -8 -6
right_child=5 2 3 -5 12 6 11 -9 9 -11 -12 -13 -14
leaf_value=0.047712140839064728 0.011022434131514491 -0.11317424375692223 0.015425131800054762 -0.045638568159072482 -0.010009540723732805 -0.085456586324842779 0.0037804975869662602 0.014203081882362356 0.0056360532264454746 0.11680061317320617 -0.028169956982206239 -0.0045740128768788973 -0.033842948405434739
leaf_weight=2.4986378848552686 33.878474535420537 1.089466963894665 3.6213461635634303 2.787663646042347 1.9808948682621124 3.4490388799458733 115.07339855190367 1.7834970168769357 8.1584141980856639 1.5896627381443966 9.8318535909056646 86.507137332577258 0.97127354983240355
leaf_count=34 496 20 116 77 38 58 1557 35 139 32 207 1944 47
internal_value=-0.000110149 -0.00989615 -0.0259606 -0.0111351 0.0122031 0.000376734 -0.00111242 -0.0514878 0.00613777 0.0237642 0.00220681 0.000195207 -0.0178508
internal_weight=273.221 12.9493 7.49848 6.40901 5.45081 260.271 206.813 5.23254 53.4584 9.74808 43.7103 201.581 2.95217
internal_count=4800 332 213 193 119 4468 3594 93 874 171 703 3501 85
is_linear=0
shrinkage=0.08


Tree=78
num_leaves=12
num_cat=0
split_feature=0 3 4 4 3 0 1 0 4 4 4
split_gain=0.204198 1.05408 1.41311 1.27529 0.613204 1.111 0.522015 1.2316 1.03217 0.459653 9.30627e-05
threshold=1.0000000180025095e-35 1.0000000180025095e-35 12.500000000000002 65.500000000000014 1.0000000180025095e-35 2.5000000000000004 1.5000000000000002 6.5000000000000009 76.500000000000014 22.500000000000004 9.5000000000000018
decision_type=2 2 2 2 2 2 2 2 2 2 2
left_child=1 2 10 -4 6 -6 8 -8 -2 -7 -1
right_child=4 -3 3 -5 5 9 7 -9 -10 -11 -12
leaf_value=-0.082275428646188628 -0.0036485838829107518 -0.05025869281606446 0.0099411397633331917 -0.082491865784500323 0.043619617014128143 0.022772119091277347 -0.00054299654206083786 0.024045683309674964 -0.069298573408492783 -0.001695035770200849 -0.083690177146288985
leaf_weight=0.76415593363345269 118.78958222083747 3.1564945876598349 17.761639311909679 1.0095912134274829 5.487897813320159 6.4536851271986988 81.480285909026861 15.520407779142259 1.552756153512745 20.598915055394173 0.48736313730478287
leaf_count=50 2404 15 437 41 25 30 1229 405 54 98 12
internal_value=-0.000108569 -0.00729153 -0.000517955 0.00496973 0.000557724 0.0107997 -0.000975703 0.00339127 -0.00449565 0.00414186 -0.0828264
internal_weight=273.063 23.1792 20.0227 18.7712 249.884 32.5405 217.343 97.0007 120.342 27.0526 1.25152
internal_count=4800 555 540 478 4245 153 4092 1634 2458 128 62
is_linear=0
shrinkage=0.08


Tree=79
num_leaves=15
num_cat=0
split_feature=4 4 2 4 4 2 4 4 4 4 1 4 0 0
split_gain=0.205849 1.54688 1.02062 5.81356 1.18683 0.613575 2.45234 2.88636 1.24907 0.655582 1.34811 0.969321 0.420031 0.162363
threshold=52.500000000000007 50.500000000000007 1.0000000180025095e-35 38.500000000000007 43.500000000000007 1.0000000180025095e-35 61.500000000000007 56.500000000000007 66.500000000000014 53.500000000000007 1.0000000180025095e-35 62.500000000000007 5.5000000000000009 2.5000000000000004
decision_type=2 2 2 2 2 2 2 2 2 2 2 2 2 2
left_child=1 2 3 -1 -4 6 7 -2 -8 10 -7 -11 13 -3
right_child=5 12 4 -5 -6 9 8 -9 -10 11 -12 -13 -14 -15
leaf_value=0.007565859928015597 0.0058338911442668406 -0.052352653633453511 -0.00051629889839458322 -0.057009357310790966 0.017320429440730027 0.076379452115147614 -0.057506951076639029 0.10559199123711305 0.010204647994943283 -0.013942148923092139 -0.0048466202329309161 0.0089544592679021758 -0.082794280660516792 -0.020504869637582499
leaf_weight=31.06298416852951 4.1626281123608333 1.4989049527794112 125.63391618896276 12.518379453569649 29.476047053933144 2.0920522287487975 2.7270943932235241 3.3501942828297615 4.8345671072602272 25.645461967214942 3.4881016165018082 21.971177512779832 1.2455873154103754 3.2368530295789242
leaf_count=607 62 46 2295 271 461 25 46 43 90 371 42 365 39 37
internal_value=-0.00010378 -0.00137265 -0.000165953 -0.0109828 0.00287327 0.0037002 0.0179473 0.050319 -0.0142154 -0.000337023 0.0256058 -0.00337724 -0.0414573 -0.0305849
internal_weight=272.944 204.673 198.691 43.5814 155.11 68.2713 15.0745 7.51282 7.56166 53.1968 5.58015 47.6166 5.98135 4.73576
internal_count=4800 3756 3634 878 2756 1044 241 105 136 803 67 736 122 83
is_linear=0
shrinkage=0.08


Tree=80
num_leaves=15
num_cat=0
split_feature=0 1 4 4 4 4 4 2 4 4 4 4 0 4
split_gain=0.181672 0.603847 1.67371 2.46072 1.37526 2.1298 1.7362 0.657701 0.384135 2.0812 0.78161 1.82232 0.88146 0.21347
threshold=2.5000000000000004 1.0000000180025095e-35 45.500000000000007 44.500000000000007 32.500000000000007 33.500000000000007 13.500000000000002 1.5000000000000002 77.500000000000014 81.500000000000014 62.500000000000007 61.500000000000007 5.5000000000000009 87.500000000000014
decision_type=2 2 2 2 2 2 2 2 2 2 2 2 2 2
left_child=1 2 3 -1 6 -6 -3 -4 10 -10 11 -2 -12 -11
right_child=8 4 7 -5 5 -7 -8 -9 9 13 12 -13 -14 -15
leaf_value=-0.013362088697990453 0.0008572469030965745 0.032148003478170831 -0.063131708008451887 0.086627802109434632 0.11624002154091428 0.0073605930708971279 -0.028533527000733014 0.01442530101281812 -0.10360616376973775 0.056551615819355229 0.029327180358351447 -0.063213840697142795 -0.0045989343286518651 0.0011948726458206518
leaf_weight=12.489493039436638 177.53932529129088 3.7997883083298829 4.8841582369059315 1.8025089316070086 1.1974518485367323 28.901977377943695 14.659904381260274 0.81681927293539036 1.3066356992349022 0.90526807121932484 12.713890899904074 2.8872697949409476 7.9762640707194796 0.87848003953695297
leaf_count=294 2805 131 129 18 26 672 347 23 23 22 118 33 139 20
internal_value=-0.000105543 -0.00366898 -0.0153704 -0.000751352 0.00114879 0.0116922 -0.0160427 -0.0520196 0.0010907 -0.0269 0.00152081 -0.000168048 0.0162483 0.0292889
internal_weight=272.759 68.5521 19.993 14.292 48.5591 30.0994 18.4597 5.70098 204.207 3.09038 201.117 180.427 20.6902 1.78375
internal_count=4800 1640 464 312 1176 698 478 152 3160 65 3095 2838 257 42
is_linear=0
shrinkage=0.08


Tree=81
num_leaves=15
num_cat=0
split_feature=4 1 4 0 4 4 3 4 4 2 0 2 1 3
split_gain=0.181645 0.661916 0.750853 0.795035 0.621879 1.54155 0.303215 0.283951 1.83043 1.73971 0.520787 0.495728 3.70299 0.724078
threshold=9.5000000000000018 1.0000000180025095e-35 1.0000000180025095e-35 3.5000000000000004 6.5000000000000009 4.5000000000000009 1.0000000180025095e-35 24.500000000000004 25.500000000000004 1.0000000180025095e-35 7.5000000000000009 1.5000000000000002 1.0000000180025095e-35 1.0000000180025095e-35
decision_type=2 2 2 2 2 2 2 2 2 2 2 2 2 2
left_child=1 2 -1 -4 5 -3 -6 11 9 -9 -10 13 -13 -2
right_child=7 4 3 -5 6 -7 -8 8 10 -11 -12 12 -14 -15
leaf_value=0.044150380009674521 -0.0015417812331159305 -0.02502321169952592 0.016103810640521809 -0.082423350519401931 -0.039077953790403741 0.10351443694511443 -0.10605104006363263 0.040295470673768256 -0.0010829851295432499 -0.072817062523012788 0.013029791254216487 -0.053684345928087157 0.059667836081772049 0.029682637547342159
leaf_weight=2.5294881016015998 39.57815414853394 5.581410361453889 1.4650936266407373 0.81612256076186884 1.1587782190181313 0.66868050675839175 0.69042097032070149 1.1117851193994273 182.71627600863576 4.0054234080016613 18.421798601746559 2.7154615931212884 5.7504813130944967 5.4018221646547309
leaf_count=34 729 161 25 33 50 26 3 19 3121 74 380 35 85 25
internal_value=-0.00010636 -0.00936835 0.014136 -0.019145 -0.0233291 -0.0112713 -0.0640832 0.000354062 -0.000992508 -0.0482418 0.000209573 0.00555067 0.02331 0.00220808
internal_weight=272.611 12.91 4.8107 2.28122 8.09929 6.25009 1.8492 259.701 206.255 5.11721 201.138 53.4459 8.46594 44.98
internal_count=4800 332 92 58 240 187 53 4468 3594 93 3501 874 120 754
is_linear=0
shrinkage=0.08


Tree=82
num_leaves=13
num_cat=0
split_feature=3 4 4 4 4 0 1 0 2 2 4 1
split_gain=0.176197 0.40742 0.672527 0.630278 0.304536 1.14658 1.19037 0.341763 1.22299 0.517487 0.275377 0.000880431
threshold=1.0000000180025095e-35 27.500000000000004 54.500000000000007 14.500000000000002 4.5000000000000009 5.5000000000000009 1.0000000180025095e-35 7.5000000000000009 1.5000000000000002 1.5000000000000002 43.500000000000007 1.0000000180025095e-35
decision_type=2 2 2 2 2 2 2 2 2 2 2 2
left_child=4 3 10 -2 5 6 -1 9 -9 -6 -3 -7
right_child=1 2 -4 -5 7 11 -8 8 -10 -11 -12 -13
leaf_value=0.046519237542222876 0.014478471702001229 0.012571704822131911 -0.010094559344563887 -0.02277132340241738 -0.0030413783536321192 -0.085228560407827808 -0.029139990534744264 0.016306207959945081 -0.047020086786054779 0.0079820861958941267 0.034277310264904048 -0.081161750730021645
leaf_weight=2.095131827518343 5.0583247914910299 11.301905751228338 6.7646871358156195 6.8358391374349594 177.44082180084661 0.6604628339409826 3.6484641237184405 18.178763342089955 2.1865692343562833 32.200824422761798 5.591513402760028 0.70369273796677589
leaf_count=34 24 52 30 32 3362 16 104 410 61 593 30 52
internal_value=-0.000103573 0.00514835 0.0112207 -0.00692981 -0.00089103 -0.0172003 -0.00154124 -0.000387036 0.00950704 -0.00134818 0.019756 -0.0831307
internal_weight=272.667 35.5523 23.6581 11.8942 237.115 7.10775 5.7436 230.007 20.3653 209.642 16.8934 1.36416
internal_count=4800 168 112 56 4632 206 138 4426 471 3955 82 68
is_linear=0
shrinkage=0.08


Tree=83
num_leaves=14
num_cat=0
split_feature=4 4 4 0 4 2 0 4 0 2 4 4 1
split_gain=0.180867 1.32222 0.594023 2.63598 1.37349 0.563417 2.35266 2.00614 1.40797 0.849273 3.37462 1.87562 0.275458
threshold=55.500000000000007 54.500000000000007 52.500000000000007 1.5000000000000002 50.500000000000007 1.5000000000000002 3.5000000000000004 62.500000000000007 5.5000000000000009 1.0000000180025095e-35 61.500000000000007 62.500000000000007 1.5000000000000002
decision_type=2 2 2 2 2 2 2 2 2 2 2 2 2
left_child=1 2 4 -4 -1 9 7 -7 -8 10 -2 -11 -3
right_child=5 12 3 -5 -6 6 8 -9 -10 11 -12 -13 -14
leaf_value=-0.00015196647355108134 0.074765936934521382 -0.066606515429099344 0.093545616547431973 -0.0015503877508867877 -0.039628808499526325 0.14237734888421183 -0.067926103892933756 0.019251365707112372 0.026979035354753697 -0.026382881537646397 -0.013628092400210403 0.011757087560521335 -0.02427070816246344
leaf_weight=198.43704389221966 4.3919458221644145 2.118128200992941 2.3235702440142623 9.4630690980702621 5.8055466525256625 1.5034569166600698 1.867123066447675 1.9394331891089676 2.1553125237114727 15.300574949011205 7.4578420617617667 17.913269702810794 1.8363629076629879
leaf_count=3634 57 34 27 122 122 23 28 34 52 214 136 284 33
internal_value=-9.83515e-05 -0.00110547 -0.000266326 0.0171965 -0.00127409 0.00411931 0.0244754 0.0730186 -0.0170738 0.000747086 0.0191338 -0.0058128 -0.0469469
internal_weight=272.513 219.984 216.029 11.7866 204.243 52.529 7.46533 3.44289 4.02244 45.0636 11.8498 33.2138 3.95449
internal_count=4800 3972 3905 149 3756 828 137 57 80 691 193 498 67
is_linear=0
shrinkage=0.08


Tree=84
num_leaves=15
num_cat=0
split_feature=0 1 4 2 4 4 4 4 3 0 1 0 4 1
split_gain=0.188666 1.09216 2.8954 2.03684 1.8782 1.41689 0.714899 0.587738 0.496448 0.989068 0.435627 1.19292 0.9033 0.422681
threshold=1.0000000180025095e-35 1.5000000000000002 44.500000000000007 1.0000000180025095e-35 30.500000000000004 59.500000000000007 53.500000000000007 36.500000000000007 1.0000000180025095e-35 2.5000000000000004 1.5000000000000002 3.5000000000000004 76.500000000000014 1.5000000000000002
decision_type=2 2 2 2 2 2 2 2 2 2 2 2 2 2
left_child=1 2 4 7 -1 -4 -5 -3 10 -10 12 -12 -2 -11
right_child=8 3 5 6 -6 -7 -8 -9 9 13 11 -13 -14 -15
leaf_value=0.01538268187542121 -0.0032827793768925441 0.0067650752195543952 0.078661716876917295 -0.030700948883977539 -0.064640368343801755 -0.019024915029924306 -0.08850587977801011 0.099532277101326089 0.040946535233264088 0.011296665888899262 0.010793863066904521 -0.0071260352556649998 -0.065921138170472224 -0.0093958194456669319
leaf_weight=3.9235654845833778 118.4157945769839 0.88462282996624597 3.9064822550863028 6.9873352716676891 3.5989254172891378 1.2557304175570605 1.7030245270580051 0.86399756371974945 5.426282010972499 16.781911551952362 55.699008316732943 41.481206030584872 1.4920007786713529 10.132265836000444
leaf_count=127 2404 25 56 148 91 45 42 21 25 79 591 1043 54 49
internal_value=-9.92692e-05 -0.00701211 0.00876012 -0.0261774 -0.0229021 0.054899 -0.0420288 0.0526016 0.000541597 0.00978855 -0.000835958 0.00314479 -0.00406218 0.00350665
internal_weight=272.552 23.1237 12.6847 10.439 7.52249 5.16221 8.69036 1.74862 249.428 32.3405 217.088 97.1802 119.908 26.9142
internal_count=4800 555 319 236 218 101 190 46 4245 153 4092 1634 2458 128
is_linear=0
shrinkage=0.08


Tree=85
num_leaves=15
num_cat=0
split_feature=0 2 4 4 4 4 4 1 0 2 4 4 4 4
split_gain=0.211303 0.662302 0.743093 2.23343 2.06655 0.732996 0.962107 0.379292 2.62555 4.29183 2.15132 1.29572 1.83349 0.922026
threshold=2.5000000000000004 1.0000000180025095e-35 38.500000000000007 45.500000000000007 34.500000000000007 63.500000000000007 27.500000000000004 1.0000000180025095e-35 3.5000000000000004 1.5000000000000002 39.500000000000007 13.500000000000002 23.500000000000004 12.500000000000002
decision_type=2 2 2 2 2 2 2 2 2 2 2 2 2 2
left_child=1 5 4 -4 -3 6 -1 8 10 -10 -2 13 -13 -9
right_child=7 2 3 -5 -6 -7 -8 11 9 -11 -12 12 -14 -15
leaf_value=-0.043242078931154948 0.058487895669154383 0.00055488452951821504 0.038540060596095584 -0.0088213147355937528 -0.061134763711059997 -0.082490033507871749 0.00052083346529970345 -0.018430546200925772 0.0050181196179709051 -0.069450130905178653 0.007252461954609192 0.024204337399013537 -0.0026863804829852199 -0.090797684902455947
leaf_weight=4.7635479806922367 9.1273950040340441 21.720079444348816 10.465263068675997 16.294092675670981 4.1373783238232127 1.0634581046178926 9.8904727194458228 11.2707668794319 34.962835089303553 5.7706608092412344 12.330795235931872 19.043678030371666 109.73616412794217 1.2519447430968291
leaf_count=113 79 554 196 407 103 40 227 210 700 112 74 283 1684 18
internal_value=-9.99025e-05 -0.00394894 0.00035561 0.00970115 -0.0093159 -0.0183591 -0.0137051 0.00119262 0.00639869 -0.0055317 0.0290458 -0.00109873 0.00129016 -0.0256654
internal_weight=271.829 68.3343 52.6168 26.7594 25.8575 15.7175 14.654 203.494 62.1917 40.7335 21.4582 141.303 128.78 12.5227
internal_count=4800 1640 1260 603 657 380 340 3160 965 812 153 2195 1967 228
is_linear=0
shrinkage=0.08


Tree=86
num_leaves=14
num_cat=0
split_feature=4 4 2 4 0 2 0 0 0 2 4 4 1
split_gain=0.199659 1.10976 0.546792 3.09741 0.566815 0.537323 1.8946 1.83766 1.27319 0.738026 2.63356 1.6556 0.264595
threshold=55.500000000000007 54.500000000000007 1.0000000180025095e-35 38.500000000000007 7.5000000000000009 1.5000000000000002 3.5000000000000004 2.5000000000000004 5.5000000000000009 1.0000000180025095e-35 61.500000000000007 62.500000000000007 1.5000000000000002
decision_type=2 2 2 2 2 2 2 2 2 2 2 2 2
left_child=1 2 3 -1 -4 9 7 -7 -8 10 -2 -11 -3
right_child=5 12 4 -5 -6 6 8 -9 -10 11 -12 -13 -14
leaf_value=0.0068252776981850387 0.065777447928312777 -0.063331717134158291 0.00037625351712670805 -0.036448216608771199 0.017628837749083418 0.0086767300659511583 -0.064898408232717517 0.12474392896416599 0.027104004100756557 -0.024652772850920726 -0.011659127472129969 0.011354116710496485 -0.021253197103237413
leaf_weight=30.83657566504553 4.5701887570321542 2.0565632097423068 154.80956079717726 16.119965651072562 13.228898379951714 1.7337272670119992 1.7411006875336172 1.7585475444793701 2.1531548416242003 15.061313178390263 7.3013513442128897 17.868828407488763 1.7878296263515951
leaf_count=607 57 34 2650 335 313 47 28 10 52 214 136 284 33
internal_value=-9.96783e-05 -0.00116003 -0.000398233 -0.00803031 0.00173447 0.00434668 0.0243383 0.0671228 -0.0140298 0.00105062 0.0181516 -0.00511441 -0.0437632
internal_weight=271.028 218.839 214.995 46.9565 168.038 52.1882 7.38653 3.49227 3.89426 44.8017 11.8715 32.9301 3.84439
internal_count=4800 3972 3905 942 2963 828 137 57 80 691 193 498 67
is_linear=0
shrinkage=0.08


Tree=87
num_leaves=16
num_cat=0
split_feature=4 4 4 0 0 2 4 2 4 1 4 4 1 4 2
split_gain=0.19768 1.17552 1.10249 2.24887 0.769252 1.33522 0.702378 0.382068 1.42291 2.19859 1.16704 0.577609 1.74077 1.28457 0.242571
threshold=52.500000000000007 48.500000000000007 46.500000000000007 6.5000000000000009 2.5000000000000004 1.5000000000000002 40.500000000000007 1.0000000180025095e-35 61.500000000000007 1.5000000000000002 70.500000000000014 68.500000000000014 1.5000000000000002 64.500000000000014 1.5000000000000002
decision_type=2 2 2 2 2 2 2 2 2 2 2 2 2 2 2
left_child=1 2 6 -4 14 -6 -1 8 9 -2 -10 13 -13 -9 -3
right_child=7 4 3 -5 5 -7 -8 11 10 -11 -12 12 -14 -15 -16
leaf_value=0.0011051738554721708 0.00099462974331840761 -0.067416322453546632 0.0095284223770553261 0.11191471868866545 -0.0020504047609943231 -0.083753567421537237 -0.012367042635006509 -0.001694685386357043 -0.038743511195132453 0.085785152971550163 0.026008281773364356 -0.04861567594678716 0.020337737098674532 0.035946035654737217 -0.013159812262514422
leaf_weight=148.93066114094108 4.460219092667101 2.7164217233657832 8.6142144296318275 1.6332924216985691 9.4191622938960755 1.4814822468906648 29.707240444608033 36.162106193602085 4.1262442274019122 3.4875129666179419 3.1347375330515206 5.189954608678816 4.2719166688621044 6.9116560555994502 0.65441888757050026
leaf_count=2742 64 91 128 37 141 28 575 509 74 41 62 116 76 102 14
internal_value=-9.61773e-05 -0.0013441 0.000328627 0.0258472 -0.0234829 -0.0131545 -0.00113524 0.00364618 0.0148124 0.0382012 -0.0107886 0.000413647 -0.0174841 0.00434518 -0.0568829
internal_weight=270.901 203.157 188.885 10.2475 14.2715 10.9006 178.638 67.7443 15.2087 7.94773 7.26098 52.5356 9.46187 43.0738 3.37084
internal_count=4800 3756 3482 165 274 169 3317 1044 241 105 136 803 192 611 105
is_linear=0
shrinkage=0.08


Tree=88
num_leaves=14
num_cat=0
split_feature=4 4 2 4 4 0 4 0 1 0 4 2 0
split_gain=0.166757 1.08263 0.856951 4.69345 0.899233 0.464418 0.356043 4.75976 1.70668 1.12257 1.45324 0.41146 0.155588
threshold=52.500000000000007 50.500000000000007 1.0000000180025095e-35 38.500000000000007 43.500000000000007 5.5000000000000009 53.500000000000007 1.5000000000000002 1.0000000180025095e-35 1.5000000000000002 57.500000000000007 1.5000000000000002 2.5000000000000004
decision_type=2 2 2 2 2 2 2 2 2 2 2 2 2
left_child=1 2 3 -1 -4 12 7 -2 -9 10 -8 -11 -3
right_child=6 5 4 -5 -6 -7 9 8 -10 11 -12 -13 -14
leaf_value=0.0061674455710280839 0.1274037917090399 -0.047564225098653844 -0.00046568933193254436 -0.052900709074393495 0.014997573819884858 -0.082474303625076392 -0.086757388841169084 0.033078882117501436 -0.061587194362507737 0.0025099271138876583 -0.0054073220840133961 0.023120919664131941 -0.01498809616321712
leaf_weight=30.947836783248931 1.924087956547736 1.3261587489396323 124.71262017590925 11.927257558330892 29.824446879327297 1.0992648135870693 1.9904990717768658 2.1419178321957588 2.8281747698783875 46.944055707193911 4.781230510212481 7.1418996648862949 3.208624729886651
leaf_count=607 15 46 2295 271 461 39 56 27 40 637 152 117 37
internal_value=-9.78071e-05 -0.00124457 -0.000257706 -0.0102645 0.0025186 -0.0358233 0.00333892 0.0205694 -0.0207898 0.00138699 -0.0293196 0.00523155 -0.0245147
internal_weight=270.798 203.046 197.412 42.8751 154.537 5.63405 67.7519 6.89418 4.97009 60.8577 6.77173 54.086 4.53478
internal_count=4800 3756 3634 878 2756 122 1044 82 67 962 208 754 83
is_linear=0
shrinkage=0.08


Tree=89
num_leaves=15
num_cat=0
split_feature=4 4 1 4 4 4 2 1 0 4 0 1 0 0
split_gain=0.15541 2.77802 0.609561 2.01212 1.31988 0.51707 1.43176 6.84962 1.09605 1.04171 0.711694 0.507576 1.87961 0.342013
threshold=43.500000000000007 42.500000000000007 1.0000000180025095e-35 27.500000000000004 34.500000000000007 48.500000000000007 1.5000000000000002 1.5000000000000002 2.5000000000000004 52.500000000000007 2.5000000000000004 1.0000000180025095e-35 3.5000000000000004 1.0000000180025095e-35
decision_type=2 2 2 2 2 2 2 2 2 2 2 2 2 2
left_child=1 2 3 -1 -4 6 8 -8 -2 10 -7 -3 -13 -11
right_child=5 11 4 -5 -6 9 7 -9 -10 13 -12 12 -14 -15
leaf_value=-0.0079946978380999525 0.02723587013542858 -0.11034322829510634 0.001798427138366292 0.025534939334012591 -0.018297980071285986 -0.054280410305796646 0.1842879945427226 -0.02450459074449482 -0.0082856905993161072 0.023183839644775307 -0.011153937538373973 0.034467469464832333 -0.11047947153812575 0.0014432206632233207
leaf_weight=24.546719937585294 8.4890528842806869 1.3177630025893443 82.31151655735448 21.476198790594935 28.041548518463969 3.1716128755360833 1.6125748232007016 2.6714759655296803 16.108719194307923 4.9996153954416505 10.748538970947264 1.0032841917127373 1.3337164474651215 62.819284214638174
leaf_count=433 135 25 1505 443 556 105 26 41 253 118 169 24 41 926
internal_value=-0.0001002 -0.00169403 -8.2638e-05 0.00765162 -0.00330822 0.00220552 0.0114068 0.0540878 0.00397332 -0.00104568 -0.02098 -0.0706404 -0.0482531 0.00304594
internal_weight=270.652 160.031 156.376 46.0229 110.353 110.621 28.8818 4.28405 24.5978 81.7391 13.9202 3.65476 2.337 67.8189
internal_count=4800 3027 2937 876 2061 1773 455 67 388 1318 274 90 65 1044
is_linear=0
shrinkage=0.08


Tree=90
num_leaves=11
num_cat=0
split_feature=0 4 3 4 4 4 4 1 4 4
split_gain=0.177245 0.629799 0.639222 0.837476 0.401405 1.66949 0.643535 1.15715 0.571371 0.178238
threshold=2.5000000000000004 1.5000000000000002 1.0000000180025095e-35 9.5000000000000018 77.500000000000014 81.500000000000014 71.500000000000014 1.5000000000000002 67.500000000000014 87.500000000000014
decision_type=2 2 2 2 2 2 2 2 2 2
left_child=1 -1 3 -3 6 -6 8 -8 -2 -7
right_child=4 2 -4 -5 5 9 7 -9 -10 -11
leaf_value=-0.053597869822106674 0.0014304021685223997 -0.081268386993544703 0.018840023087880704 -0.0041330472872896174 -0.097114836080248748 0.049948378030773156 0.058752378353505455 -0.021027204465300056 -0.02840796201239729 -0.0019990219686258741
leaf_weight=1.5772382109425951 190.52249718876556 0.91513149812817474 7.9477013722062102 57.666313596069813 1.2781477458775037 0.84757549129426457 3.2027604952454558 1.8274730686098335 4.1977141108363858 0.84331315383315086
leaf_count=49 2968 69 38 1484 23 22 42 24 61 20
internal_value=-0.000103277 -0.00363418 -0.00244966 -0.00533802 0.00108298 -0.0281162 0.00151699 0.0297686 0.000787157 0.0240402
internal_weight=270.826 68.1064 66.5291 58.5814 202.719 2.96904 199.75 5.03023 194.72 1.69089
internal_count=4800 1640 1591 1553 3160 65 3095 66 3029 42
is_linear=0
shrinkage=0.08


Tree=91
num_leaves=15
num_cat=0
split_feature=0 1 4 2 2 4 4 3 0 1 4 1 4 4
split_gain=0.156065 0.967124 2.64154 2.71288 1.75524 0.663632 0.49706 0.462513 0.879906 0.411253 1.09233 0.824214 0.384314 0.0206534
threshold=1.0000000180025095e-35 1.5000000000000002 19.500000000000004 1.0000000180025095e-35 1.0000000180025095e-35 53.500000000000007 37.500000000000007 1.0000000180025095e-35 2.5000000000000004 1.5000000000000002 76.500000000000014 1.0000000180025095e-35 54.500000000000007 15.500000000000002
decision_type=2 2 2 2 2 2 2 2 2 2 2 2 2 2
left_child=1 2 13 -4 6 -6 -3 9 -9 11 -11 -2 -10 -1
right_child=7 4 3 -5 5 -7 -8 8 12 10 -12 -13 -14 -15
leaf_value=-0.082711876348785615 0.0020227379822308112 0.087019708568695578 -0.052864663630948432 0.042822918403173781 -0.029521157994063577 -0.087501907714457094 0.0033313649504602551 0.038986666520240111 0.0084026610343393929 0.0016764031284387799 0.056519747251225862 -0.01135640841906713 -0.015231502541261611 -0.10172412325674085
leaf_weight=0.92315592197701402 65.504151359666139 0.93677807366475352 2.426231517456471 8.6812468208372575 6.8059038799256086 1.551384577527642 0.88173604197800159 5.3705007508397093 21.278630629181865 94.117446528747678 2.3831191891804329 53.567845282610506 5.5523862391710272 0.60555569268763065
leaf_count=43 1227 26 63 199 148 42 20 25 103 1586 48 1231 25 14
internal_value=-9.77048e-05 -0.00642964 0.00835211 0.0219217 -0.0247854 -0.0402843 0.0464421 0.000485262 0.00942825 -0.000850612 0.00303078 -0.00399624 0.00351183 -0.090243
internal_weight=270.586 22.812 12.6362 11.1075 10.1758 8.35729 1.81851 247.774 32.2015 215.573 96.5006 119.072 26.831 1.52871
internal_count=4800 555 319 262 236 190 46 4245 153 4092 1634 2458 128 57
is_linear=0
shrinkage=0.08


Tree=92
num_leaves=14
num_cat=0
split_feature=4 0 0 4 0 1 1 4 4 0 1 4 4
split_gain=0.159812 0.903691 0.619211 0.372086 1.72287 2.87964 1.97879 0.664558 0.393607 0.366495 0.0201298 1.00738e-05 1.02822e-07
threshold=68.500000000000014 1.5000000000000002 7.5000000000000009 62.500000000000007 6.5000000000000009 1.5000000000000002 1.5000000000000002 61.500000000000007 55.500000000000007 3.5000000000000004 1.0000000180025095e-35 77.500000000000014 71.500000000000014
decision_type=2 2 2 2 2 2 2 2 2 2 2 2 2
left_child=3 11 9 7 5 -5 -6 8 -1 -3 -9 12 -2
right_child=1 2 -4 4 6 -7 -8 10 -10 -11 -12 -13 -14
leaf_value=-0.00092310075489325592 -0.081344786420062362 0.002627088130406094 0.048137014743721451 0.060378392725895361 -0.091852242065841833 -0.01696823735782875 0.03560596608169677 -0.043011096279153983 0.010824139194465081 -0.027597890816044527 -0.030445392809286542 -0.081841637128964626 -0.081281286051046328
leaf_weight=217.92234217980877 0.29863029718398937 6.6375121148303116 1.3637482533231384 6.8855798263102752 1.9094424918293944 5.5747204162180424 1.3173869773745537 1.4864199087023728 19.923474941402674 4.1872611502185464 1.808789415284991 0.34918511752039194 0.35984852723777294
leaf_count=3972 19 63 28 96 34 77 21 18 285 115 31 17 24
internal_value=-9.79122e-05 -0.0086839 -0.00266443 0.000343248 0.0122819 0.0257736 -0.0398161 -0.000433405 6.09226e-05 -0.0090646 -0.0361136 -0.0814943 -0.0813101
internal_weight=270.024 13.1962 12.1885 256.828 15.6871 12.4603 3.22683 241.141 237.846 10.8248 3.29521 1.00766 0.658479
internal_count=4800 266 206 4534 228 173 55 4306 4257 178 49 60 43
is_linear=0
shrinkage=0.08


Tree=93
num_leaves=9
num_cat=0
split_feature=4 4 1 4 1 4 0 0
split_gain=0.158177 1.97825 0.580408 0.159686 0.807853 0.662603 0.0575291 0.475351
threshold=1.0000000180025095e-35 1.5000000000000002 1.0000000180025095e-35 6.5000000000000009 1.5000000000000002 9.5000000000000018 3.5000000000000004 6.5000000000000009
decision_type=2 2 2 2 2 2 2 2
left_child=2 -2 -1 4 -3 -5 -4 -8
right_child=1 3 6 5 -6 -7 7 -9
leaf_value=0.041364075236680238 -0.1106791113983759 -0.017185252621852495 -0.00370002495974763 -0.039949264435268528 0.060463848359960173 0.00024461846202599856 -0.081376371676631754 0.036171012984353684
leaf_weight=2.525781422853469 1.0364369191229332 1.9425629489123812 1.914308878593147 2.651936982292681 1.5351950703188777 257.49013370578177 0.48785564117133606 0.40127562172710896
leaf_count=34 20 73 38 77 43 4468 30 17
internal_value=-9.63733e-05 -0.000371152 0.0135495 6.25305e-05 0.0170916 -0.000165126 -0.0115103 -0.0283258
internal_weight=269.985 264.656 5.32922 263.62 3.47776 260.142 2.80344 0.889131
internal_count=4800 4681 119 4661 116 4545 85 47
is_linear=0
shrinkage=0.08


Tree=94
num_leaves=15
num_cat=0
split_feature=0 1 4 4 4 4 4 4 4 4 4 0 4 4
split_gain=0.154786 0.613202 1.6233 1.18758 1.72805 1.65784 0.673584 0.399327 1.42221 0.572359 1.27927 0.730855 0.1613 0.0686579
threshold=2.5000000000000004 1.0000000180025095e-35 63.500000000000007 32.500000000000007 24.500000000000004 34.500000000000007 30.500000000000004 77.500000000000014 81.500000000000014 62.500000000000007 61.500000000000007 5.5000000000000009 87.500000000000014 69.500000000000014
decision_type=2 2 2 2 2 2 2 2 2 2 2 2 2 2
left_child=1 2 6 4 -3 -5 -1 9 -9 10 -2 -11 -10 -4
right_child=7 3 13 5 -6 -7 -8 8 12 11 -12 -13 -14 -15
leaf_value=0.010345335281812553 0.00083817206098982179 0.0055606291769526826 -0.083125996983940298 0.083420015956000557 -0.045099440366358635 0.0063248890673360918 -0.021166383224613266 -0.092286685130897231 0.045317503557532904 0.025988733095095834 -0.054030584268443489 -0.0049344857686511477 -0.004472452273827132 -0.11908788838568982
leaf_weight=7.074776732362813 176.13008588179946 10.721633476670833 0.76673627085983642 1.906591629609468 7.2052032817155114 28.021462638862431 11.236661922186611 1.2641085009090596 0.82713833544403292 12.679814159870149 2.7621770482510319 7.9636385859921566 0.83861336670815945 0.61015275400131941
leaf_count=168 2805 303 22 40 175 658 251 23 22 118 33 139 20 23
internal_value=-9.03793e-05 -0.00340667 -0.0152906 0.00148258 -0.0148008 0.0112363 -0.00899157 0.00101595 -0.0283041 0.00144646 -9.02623e-06 0.0140595 0.020251 -0.0990621
internal_weight=270.009 67.5432 19.6883 47.8549 17.9268 29.9281 18.3114 202.466 2.92986 199.536 178.892 20.6435 1.66575 1.37689
internal_count=4800 1640 464 1176 478 698 419 3160 65 3095 2838 257 42 45
is_linear=0
shrinkage=0.08


Tree=95
num_leaves=12
num_cat=0
split_feature=0 4 4 0 4 4 4 1 4 4 1
split_gain=0.132624 0.553543 1.76876 0.58655 0.340759 1.2211 0.513076 0.992754 0.505344 0.137936 0.10588
threshold=2.5000000000000004 79.500000000000014 68.500000000000014 1.5000000000000002 77.500000000000014 81.500000000000014 71.500000000000014 1.5000000000000002 67.500000000000014 87.500000000000014 1.0000000180025095e-35
decision_type=2 2 2 2 2 2 2 2 2 2 2
left_child=1 2 3 -1 6 -6 8 -8 -2 -7 -4
right_child=4 -3 10 -5 5 9 7 -9 -10 -11 -12
leaf_value=0.0028822088281131525 0.0012741806382715907 0.061500956058486517 -0.13070928567479864 -0.013564693367839451 -0.086032640347888059 0.042019540632816224 0.052678556421454435 -0.021245593543358084 -0.027038519852636445 -0.0041171258206555298 -0.081430925438878601
leaf_weight=45.281335476320237 190.38198422640562 0.83670707419514556 0.41432963497936615 20.010402414482087 1.2481860846746706 0.82096362207084872 3.2749387538060537 1.8025984978303311 4.1219944078475228 0.83813104219734669 0.85465116892009974
leaf_count=1044 2968 26 14 503 23 22 42 24 61 20 53
internal_value=-8.96931e-05 -0.0031636 -0.00397647 -0.00215839 0.000933441 -0.0262578 0.00132953 0.0264344 0.000674168 0.0187125 -0.0975206
internal_weight=269.886 67.3974 66.5607 65.2917 202.489 2.90728 199.582 5.07754 194.504 1.65909 1.26898
internal_count=4800 1640 1614 1547 3160 65 3095 66 3029 42 67
is_linear=0
shrinkage=0.08


Tree=96
num_leaves=12
num_cat=0
split_feature=0 3 4 4 3 0 1 4 1 1 4
split_gain=0.132903 0.878233 1.25779 1.08024 0.416251 0.855341 0.363905 1.11407 0.752639 0.355222 6.85337e-05
threshold=1.0000000180025095e-35 1.0000000180025095e-35 12.500000000000002 65.500000000000014 1.0000000180025095e-35 2.5000000000000004 1.5000000000000002 28.500000000000004 1.0000000180025095e-35 1.5000000000000002 9.5000000000000018
decision_type=2 2 2 2 2 2 2 2 2 2 2
left_child=1 2 10 -4 6 -6 8 -8 -2 -7 -1
right_child=4 -3 3 -5 5 9 7 -9 -10 -11 -12
leaf_value=-0.082134625400235736 0.0019617533330277925 -0.046096646557534926 0.0094321958930687032 -0.082331105091113771 0.038274812538611473 0.010340506023763889 0.015337225296113451 -0.0030764492886676976 -0.010852584404505951 -0.0086565653537242753 -0.083418357997648462
leaf_weight=0.65984737733379606 65.427594155073166 3.0221170932054511 17.680648790672425 0.86102168075740237 5.3128712624311438 16.602929525077343 30.965822946745902 65.529392398893833 53.175025132717565 10.151039242744448 0.44608889892697334
leaf_count=50 1227 15 437 41 25 79 522 1112 1231 49 12
internal_value=-8.55424e-05 -0.00594799 0.000227517 0.00517097 0.000452156 0.008955 -0.000815451 0.0028326 -0.00378351 0.0031326 -0.0826524
internal_weight=269.834 22.6697 19.6476 18.5417 247.165 32.0668 215.098 96.4952 118.603 26.754 1.10594
internal_count=4800 555 540 478 4245 153 4092 1634 2458 128 62
is_linear=0
shrinkage=0.08


Tree=97
num_leaves=15
num_cat=0
split_feature=4 4 4 0 4 1 0 4 2 1 4 4 0 0
split_gain=0.155901 2.44306 0.572624 2.54352 1.00006 0.451302 1.76137 0.443911 1.1326 5.1119 1.02733 0.917014 0.660749 0.347146
threshold=43.500000000000007 42.500000000000007 40.500000000000007 6.5000000000000009 39.500000000000007 1.0000000180025095e-35 3.5000000000000004 48.500000000000007 1.5000000000000002 1.5000000000000002 46.500000000000007 52.500000000000007 2.5000000000000004 1.0000000180025095e-35
decision_type=2 2 2 2 2 2 2 2 2 2 2 2 2 2
left_child=1 2 4 -4 -1 -3 -7 8 10 -10 -2 12 -9 -13
right_child=7 5 3 -5 -6 6 -8 11 9 -11 -12 13 -14 -15
leaf_value=-0.00038681374498110432 -0.0085658523516939609 -0.10552337784348964 -0.039038237046097331 0.10921568100545564 0.034769121014806705 0.032335159184050534 -0.10970045246595518 -0.052802442142575803 0.15256179238374765 -0.022763350072717816 0.025265465113142229 0.023378361588172192 -0.010356012573417615 0.0014074660777809536
leaf_weight=143.00605882285163 15.438688409514731 1.2745506055653089 6.4669085917994371 0.83642423711717118 5.3731311671435824 1.0133414044976237 1.2456350615248082 3.0082388361915937 1.7846443913876999 2.6369385831058025 9.1484665982425195 4.9680096516385666 10.679789150133727 62.562533291522413
leaf_count=2631 245 25 159 36 111 24 41 105 26 41 143 118 169 926
internal_value=-8.19648e-05 -0.00168311 -0.000190154 -0.0220593 0.000886259 -0.0674609 -0.0459855 0.00223079 0.0107257 0.0480016 0.00402221 -0.000803312 -0.0196845 0.0030238
internal_weight=269.443 159.216 155.683 7.30333 148.379 3.53353 2.25898 110.227 29.0087 4.42158 24.5872 81.2186 13.688 67.5305
internal_count=4800 3027 2937 195 2742 90 65 1773 455 67 388 1318 274 1044
is_linear=0
shrinkage=0.08


Tree=98
num_leaves=15
num_cat=0
split_feature=4 4 4 2 4 3 1 4 0 4 2 4 0 2
split_gain=0.131462 2.13777 0.490702 2.51644 0.829531 0.463548 1.86381 0.370554 1.09397 3.46693 1.06695 0.785125 0.599502 0.290794
threshold=43.500000000000007 42.500000000000007 40.500000000000007 1.5000000000000002 39.500000000000007 1.0000000180025095e-35 1.0000000180025095e-35 48.500000000000007 4.5000000000000009 46.500000000000007 1.5000000000000002 52.500000000000007 2.5000000000000004 1.0000000180025095e-35
decision_type=2 2 2 2 2 2 2 2 2 2 2 2 2 2
left_child=1 2 4 -4 -1 6 -3 8 10 -10 -2 12 -9 -13
right_child=7 5 3 -5 -6 -7 -8 11 9 -11 -12 13 -14 -15
leaf_value=-0.00035593878042256965 0.01092686861403621 -0.18076054900318039 -0.039575124464112925 0.095562809406688529 0.031381065938942007 -0.021037745358421855 -0.03136313271808789 -0.050638128611287296 -0.075217082449134415 0.037122358197244194 0.05922568006150003 0.012540454498436561 -0.0095577473326754446 -4.1496164076383052e-05
leaf_weight=142.97925553563982 18.68605560250581 0.82579782325774376 6.2401586361229411 1.0270299632102249 5.4725945070385924 1.0963076353073122 1.5147239947691558 2.8908046064898363 3.4348363541066638 3.601797990500927 3.4709026850759974 15.14774508262053 10.647430539131163 52.508292848011479
leaf_count=2631 222 23 165 30 111 5 62 105 120 75 38 241 169 803
internal_value=-8.56312e-05 -0.00155701 -0.000179588 -0.0204769 0.000814028 -0.0639665 -0.0840745 0.00203578 0.00976569 -0.0177146 0.0184929 -0.000743521 -0.0183296 0.00277552
internal_weight=269.544 159.156 155.719 7.26719 148.452 3.43683 2.34052 110.388 29.1936 7.03663 22.157 81.1943 13.5382 67.656
internal_count=4800 3027 2937 195 2742 90 85 1773 455 195 260 1318 274 1044
is_linear=0
shrinkage=0.08


Tree=99
num_leaves=15
num_cat=0
split_feature=0 1 4 2 4 4 3 4 4 1 0 4 4 4
split_gain=0.136727 0.840867 2.28525 2.24171 1.50773 1.25734 0.381942 0.842911 1.19945 0.31445 1.01134 0.751985 0.167166 0.0150718
threshold=1.0000000180025095e-35 1.5000000000000002 19.500000000000004 1.0000000180025095e-35 16.500000000000004 31.500000000000004 1.0000000180025095e-35 27.500000000000004 54.500000000000007 1.5000000000000002 3.5000000000000004 76.500000000000014 16.500000000000004 15.500000000000002
decision_type=2 2 2 2 2 2 2 2 2 2 2 2 2 2
left_child=1 2 13 -4 -3 -6 9 12 -9 11 -11 -2 -8 -1
right_child=6 4 3 -5 5 -7 7 8 -10 10 -12 -13 -14 -15
leaf_value=-0.082417909598353503 -0.0028306664240569331 0.07091365120452385 -0.050854502562981456 0.037500827243087079 -0.086053896054332418 -0.016610348158613251 -0.00057130780317910185 0.030313660763376972 -0.011593730145397831 0.0097165786365229385 -0.0068370043664102214 -0.062499031430435309 -0.020451182232314437 -0.099381062637205364
leaf_weight=0.81417876854538984 116.88553997362033 0.97974877245724279 2.3081334643065921 9.0184188820421678 2.2077513672411424 6.8338077161461115 6.1200718805193883 14.854730769991876 6.193407490849494 55.203458523843437 41.286487186327577 1.3675804641097773 4.854260265827179 0.56984015181660652
leaf_count=43 2404 35 63 199 55 146 29 73 28 591 1043 54 23 14
internal_value=-8.69538e-05 -0.00602392 0.00763813 0.0194957 -0.0233522 -0.0335669 0.000459956 0.00861035 0.0179824 -0.000755431 0.00263357 -0.00352072 -0.00936474 -0.0894021
internal_weight=269.497 22.7319 12.7106 11.3266 10.0213 9.04156 246.766 32.0225 21.0481 214.743 96.4899 118.253 10.9743 1.38402
internal_count=4800 555 319 262 236 201 4245 153 101 4092 1634 2458 52 57
is_linear=0
shrinkage=0.08


Tree=100
num_leaves=10
num_cat=0
split_feature=4 4 4 1 0 3 3 0 0
split_gain=0.134354 0.940799 0.849493 0.522594 0.168509 1.63141 0.412577 0.0469076 0.43709
threshold=1.0000000180025095e-35 2.5000000000000004 1.5000000000000002 1.0000000180025095e-35 1.0000000180025095e-35 1.0000000180025095e-35 1.0000000180025095e-35 3.5000000000000004 6.5000000000000009
decision_type=2 2 2 2 2 2 2 2 2
left_child=3 2 -2 -1 5 -3 -6 -5 -9
right_child=1 4 -4 7 6 -7 -8 8 -10
leaf_value=0.038604918485817943 -0.10627520979249951 0.0015881848541035432 0.0020976461355620268 -0.00460597622414955 -0.00059151262273174062 -0.064371729978259809 0.0093584631226102753 -0.081273960288027414 0.033089882667217602
leaf_weight=2.5525109842419615 1.0167586631141592 19.233966072089974 0.8498215228319167 1.9063576189801099 209.07278108992614 2.7419549226760855 30.570980563759804 0.45177600160241116 0.40617492562159896
leaf_count=34 20 512 24 38 3965 14 146 30 17
internal_value=-8.67594e-05 -0.000340825 -0.0569349 0.012504 6.29575e-05 -0.00664169 0.00067779 -0.0115971 -0.0271313
internal_weight=268.803 263.486 1.86658 5.31682 261.62 21.9759 239.644 2.76431 0.857951
internal_count=4800 4681 44 119 4637 526 4111 85 47
is_linear=0
shrinkage=0.08


Tree=101
num_leaves=16
num_cat=0
split_feature=0 1 4 4 4 1 4 1 0 2 4 4 4 4 4
split_gain=0.114436 0.568449 1.44383 0.970839 1.58134 1.53994 0.646895 0.293341 2.48658 3.84903 1.79884 1.12623 1.44453 0.858073 0.0500867
threshold=2.5000000000000004 1.0000000180025095e-35 63.500000000000007 32.500000000000007 20.500000000000004 1.5000000000000002 30.500000000000004 1.0000000180025095e-35 3.5000000000000004 1.5000000000000002 39.500000000000007 13.500000000000002 23.500000000000004 12.500000000000002 69.500000000000014
decision_type=2 2 2 2 2 2 2 2 2 2 2 2 2 2 2
left_child=1 2 6 4 -3 -5 -1 8 10 -10 -2 13 -13 -9 -4
right_child=7 3 14 5 -6 -7 -8 11 9 -11 -12 12 -14 -15 -16
leaf_value=0.010231235957631583 0.055765406444332859 0.013772846675225723 -0.082935841675910935 0.03318829974712046 -0.03458205986718909 -0.0039301559543538081 -0.020758902624266166 -0.017475996050244306 0.0037236085691949566 -0.067921281903075559 0.0081520296035466223 0.021301554162328463 -0.0025125522026402986 -0.089733625084708016 -0.11495283069134446
leaf_weight=7.05460828915239 8.6722803413867968 7.7588314497843411 0.71857431530952343 11.686493252404036 9.7896446269005519 18.440850229002535 11.084080443717538 11.077482639346268 35.220056648133323 5.5562033001333466 12.253607206046579 19.185977453365922 108.44794914289378 1.1621557064354426 0.55364562291651964
leaf_count=168 79 225 22 307 253 391 251 210 700 112 74 283 1684 18 23
internal_value=-8.13599e-05 -0.00294336 -0.0144844 0.00175549 -0.0132026 0.0104682 -0.00870603 0.000871146 0.00546604 -0.00603878 0.0278844 -0.00115579 0.00106719 -0.0243369 -0.096869
internal_weight=268.662 67.0867 19.4109 47.6758 17.5485 30.1273 18.1387 201.576 61.7021 40.7763 20.9259 139.874 127.634 12.2396 1.27222
internal_count=4800 1640 464 1176 478 698 419 3160 965 812 153 2195 1967 228 45
is_linear=0
shrinkage=0.08


Tree=102
num_leaves=14
num_cat=0
split_feature=4 4 2 0 0 0 2 4 4 4 2 4 1
split_gain=0.132695 0.918062 0.449919 1.5891 1.60902 1.17224 0.488811 1.87068 1.43374 0.370545 1.75301 0.78308 0.267594
threshold=55.500000000000007 54.500000000000007 1.5000000000000002 3.5000000000000004 2.5000000000000004 5.5000000000000009 1.0000000180025095e-35 61.500000000000007 62.500000000000007 52.500000000000007 1.5000000000000002 50.500000000000007 1.5000000000000002
decision_type=2 2 2 2 2 2 2 2 2 2 2 2 2
left_child=1 9 6 4 -4 -5 7 -2 -8 11 -11 -1 -3
right_child=2 12 3 5 -6 -7 8 -9 -10 10 -12 -13 -14
leaf_value=-0.00025590586774731455 0.052959712722103321 -0.060387541637879627 0.0093072567118306689 -0.062782551450279764 0.12108880553255054 0.026162975209661214 -0.022809732899556252 -0.011795830476820179 0.010796603335384106 0.027037798062486358 -0.05553556160925352 -0.031454872198871262 -0.017377225842063922
leaf_weight=195.12786261551082 4.8075944278389198 1.9871608801186076 1.7187872054055324 1.6847340967506172 1.5833218991756439 2.1694284633267671 14.882788611575959 7.0302643934264779 17.892477066721767 9.9791146963834727 1.9703376349061734 5.2883374337106934 1.7333108391612768
leaf_count=3634 57 34 47 28 10 52 214 136 284 126 23 122 33
internal_value=-8.18189e-05 -0.000953364 0.00355602 0.0221773 0.0629052 -0.012717 0.000569038 0.0145027 -0.00446356 -0.000263173 0.0134223 -0.00107915 -0.0403497
internal_weight=267.856 216.086 51.7694 7.15627 3.30211 3.85416 44.6131 11.8379 32.7753 212.366 11.9495 200.416 3.72047
internal_count=4800 3972 828 137 57 80 691 193 498 3905 149 3756 67
is_linear=0
shrinkage=0.08


Tree=103
num_leaves=16
num_cat=0
split_feature=2 0 1 4 0 4 4 4 4 1 0 4 1 4 4
split_gain=0.132492 1.07189 1.48527 1.83519 1.46484 1.29808 1.08232 0.722368 0.381071 1.55519 1.11185 0.980835 1.16569 0.452687 0.283148
threshold=1.0000000180025095e-35 4.5000000000000009 1.0000000180025095e-35 22.500000000000004 2.5000000000000004 60.500000000000007 56.500000000000007 27.500000000000004 68.500000000000014 1.5000000000000002 5.5000000000000009 64.500000000000014 1.0000000180025095e-35 60.500000000000007 74.500000000000014
decision_type=2 2 2 2 2 2 2 2 2 2 2 2 2 2 2
left_child=1 4 3 -3 7 -4 -6 -1 11 10 -10 13 -13 -2 -11
right_child=8 2 5 -5 6 -7 -8 -9 9 14 -12 12 -14 -15 -16
leaf_value=-0.041955158101424424 0.0014534701378082482 -0.083945327935832134 -0.044746825107171109 0.032151677369059904 0.0087833283475290905 0.022381136080072021 0.053746879587539625 -0.0036781960837932856 -0.070924840921250273 -0.0042401585140988268 0.010067874115341291 -0.025863330505308261 0.04971017303931527 -0.015614875507570451 0.038411146491948461
leaf_weight=4.5422552102245382 182.70648502837867 1.041461694054308 11.204026952851562 5.3366571494843811 19.564289020374421 2.2067564451135686 4.153609831351786 10.335355026647447 3.4076420012861472 1.6720713274553416 1.5913363951258359 1.7363896593451489 5.2728922106325626 10.517240779474376 2.4643015824258327
leaf_count=113 3214 28 323 121 211 49 36 267 78 31 38 29 73 144 45
internal_value=-7.79053e-05 -0.00344787 -0.0185861 0.0131946 0.00431389 -0.0337009 0.0166576 -0.0153645 0.000861841 -0.0151169 -0.0451422 0.00159085 0.0309886 0.000524434 0.0211699
internal_weight=267.753 58.3844 19.7889 6.37812 38.5955 13.4108 23.7179 14.8776 209.368 9.13535 4.99898 200.233 7.00928 193.224 4.13637
internal_count=4800 1148 521 149 627 372 247 380 3652 192 116 3460 102 3358 76
is_linear=0
shrinkage=0.08


Tree=104
num_leaves=10
num_cat=0
split_feature=4 4 4 0 0 4 1 4 0
split_gain=0.129416 0.781655 0.549376 0.730267 0.5244 1.68841 1.42757 0.259648 0.01989
threshold=72.500000000000014 71.500000000000014 68.500000000000014 4.5000000000000009 6.5000000000000009 74.500000000000014 1.5000000000000002 55.500000000000007 7.5000000000000009
decision_type=2 2 2 2 2 2 2 2 2
left_child=1 2 7 -4 5 -2 -7 -1 -6
right_child=4 -3 3 -5 8 6 -8 -9 -10
leaf_value=-0.0008036448824972355 -0.093394443619655793 0.053954960448685751 -0.0042326493003609338 -0.083885117505449358 0.028109012400312584 -0.048646596527808221 0.037649600884868739 0.0062951852060320343 0.0483780703162284
leaf_weight=215.73600835818797 1.512767607346176 1.721496459096669 2.0293015409260984 1.1564569529145954 0.68021640949882545 2.0560085333418101 3.0421906802803278 38.925222596153617 0.56906252168118954
leaf_count=3972 26 18 36 29 24 62 51 562 20
internal_value=-7.9137e-05 0.000227111 -0.000131599 -0.0331472 -0.0101923 -0.0191749 0.00284796 0.000281418 0.0373418
internal_weight=267.429 259.568 257.847 3.18576 7.86025 6.61097 5.0982 254.661 1.24928
internal_count=4800 4617 4599 65 183 139 113 4534 44
is_linear=0
shrinkage=0.08


Tree=105
num_leaves=9
num_cat=0
split_feature=4 4 1 4 3 4 0 0
split_gain=0.126793 1.5585 0.41378 0.144969 0.658554 0.578497 0.0411597 0.409428
threshold=1.0000000180025095e-35 1.5000000000000002 1.0000000180025095e-35 6.5000000000000009 1.0000000180025095e-35 9.5000000000000018 3.5000000000000004 6.5000000000000009
decision_type=2 2 2 2 2 2 2 2
left_child=2 -2 -1 4 -3 -5 -4 -8
right_child=1 3 6 5 -6 -7 7 -9
leaf_value=0.03505745543589113 -0.10085857841869166 -0.0044337391301270861 -0.0031942512163899636 -0.037750681596132693 0.075152740373902432 0.00021933107428654593 -0.081153558365677822 0.032254400935994867
leaf_weight=2.588457688689231 0.98314624186605115 2.5482744923792775 1.9013840504921975 2.5941470712423316 0.9005780667066573 255.06203428097069 0.40916001610457886 0.40580252092331648
leaf_count=34 20 112 38 77 4 4468 30 17
internal_value=-7.55765e-05 -0.000323418 0.0121692 5.51301e-05 0.0163482 -0.000162961 -0.0096414 -0.0246832
internal_weight=267.393 262.088 5.3048 261.105 3.44885 257.656 2.71635 0.814963
internal_count=4800 4681 119 4661 116 4545 85 47
is_linear=0
shrinkage=0.08


Tree=106
num_leaves=10
num_cat=0
split_feature=4 4 4 0 0 4 1 4 1
split_gain=0.111515 0.642528 0.481327 0.695272 0.440425 1.49116 1.21754 0.217156 0.0190141
threshold=72.500000000000014 71.500000000000014 68.500000000000014 4.5000000000000009 6.5000000000000009 74.500000000000014 1.5000000000000002 55.500000000000007 1.5000000000000002
decision_type=2 2 2 2 2 2 2 2 2
left_child=1 2 7 -4 5 -2 -7 -1 -6
right_child=4 -3 3 -5 8 6 -8 -9 -10
leaf_value=-0.00072935862932320145 -0.089122414550472359 0.048291531664597896 -0.0039132132593213999 -0.083576535635086394 0.02431410191979138 -0.045446377140886562 0.034568678971482768 0.0057535401681426766 0.043829214007368264
leaf_weight=215.64282767241821 1.460935897193848 1.7668585665523995 2.0284891482442613 1.0715502612292764 0.69284070888534166 2.0267741314601153 3.0465274350717664 39.057810062542558 0.59303423762321472
leaf_count=3972 26 18 36 29 25 62 51 562 19
internal_value=-7.06449e-05 0.00021293 -0.000116581 -0.0314494 -0.00948314 -0.0179053 0.00260282 0.00026478 0.0333143
internal_weight=267.388 259.568 257.801 3.10004 7.82011 6.53424 5.0733 254.701 1.28587
internal_count=4800 4617 4599 65 183 139 113 4534 44
is_linear=0
shrinkage=0.08


Tree=107
num_leaves=16
num_cat=0
split_feature=2 4 4 4 0 0 4 4 1 0 4 1 4 1 4
split_gain=0.109043 0.953162 5.38487 3.03724 1.63102 1.05579 0.587831 0.299981 1.11564 0.939322 0.753469 0.954213 0.445324 0.1612 0.153637
threshold=1.0000000180025095e-35 38.500000000000007 45.500000000000007 36.500000000000007 2.5000000000000004 5.5000000000000009 32.500000000000007 68.500000000000014 1.5000000000000002 5.5000000000000009 64.500000000000014 1.0000000180025095e-35 59.500000000000007 1.5000000000000002 77.500000000000014
decision_type=2 2 2 2 2 2 2 2 2 2 2 2 2 2 2
left_child=1 3 4 6 -3 -4 -1 10 9 -9 12 -12 -2 -5 -10
right_child=7 2 5 13 -6 -7 -8 8 14 -11 11 -13 -14 -15 -16
leaf_value=0.0027472692226822495 0.0014896452384520105 -0.026666870643804186 0.016230953733428605 0.1004788715819333 -0.11001620500213206 -0.023715050520781138 -0.030697292444923124 -0.064887899871563251 0.0012758887537356572 0.010673217541303735 -0.025032004099577121 0.043353023158869006 -0.01409624974944081 0.064471157994786962 0.032043413130804381
leaf_weight=22.961766767315574 180.76124734338373 2.423171158879998 15.603591694962235 1.3605477288365355 3.9550451319664717 5.8117963122203937 3.9406425394117823 3.195226294687016 2.0682178847491741 1.5704316464252768 1.7189898993819941 5.4338983483612537 12.546932306140659 1.9166613183915615 2.0866580996662378
leaf_count=464 3179 58 256 30 109 118 85 78 43 38 29 73 179 28 33
internal_value=-6.74327e-05 -0.00313787 -0.013827 0.00670621 -0.0783507 0.00539024 -0.00215166 0.000782705 -0.0135718 -0.0399882 0.00142148 0.0269187 0.000478021 0.0794199 0.0167279
internal_weight=267.355 57.9732 27.7936 30.1796 6.37822 21.4154 26.9024 209.382 8.92053 4.76566 200.461 7.15289 193.308 3.27721 4.15488
internal_count=4800 1148 541 607 167 374 549 3652 192 116 3460 102 3358 58 76
is_linear=0
shrinkage=0.08


Tree=108
num_leaves=13
num_cat=0
split_feature=3 4 4 4 4 2 4 4 0 4 4 0
split_gain=0.105353 0.438158 0.578921 0.515416 0.283458 0.213451 1.18058 3.04192 2.23061 0.622875 1.73667 0.427542
threshold=1.0000000180025095e-35 27.500000000000004 16.500000000000004 54.500000000000007 40.500000000000007 1.0000000180025095e-35 56.500000000000007 38.500000000000007 5.5000000000000009 68.500000000000014 70.500000000000014 7.5000000000000009
decision_type=2 2 2 2 2 2 2 2 2 2 2 2
left_child=5 2 -2 4 -3 6 7 -1 -8 11 -11 -7
right_child=1 3 -4 -5 -6 9 8 -9 -10 10 -12 -13
leaf_value=0.0050966357718705184 0.0077915145274813783 0.008848519649863584 -0.028064336192093708 -0.0085629849853158784 0.030047653613699619 0.00030039593042326872 0.045098916206080294 -0.040728098900973717 -0.036641511953747728 -0.1202196298151407 -0.0065690177297899445 0.014255088700977541
leaf_weight=25.757565724663436 6.2967023402452451 9.3572574704885536 5.3140722960233688 6.5342782884836188 7.0995208993554106 160.06595539487898 6.8011958047281933 14.484454668126999 3.1153216599486768 1.00287331547588 6.0616907805670053 15.403547507245092
leaf_count=585 30 43 26 30 39 2977 112 351 62 33 151 361
internal_value=-6.9958e-05 0.00404874 -0.00861915 0.0104462 0.0179939 -0.000682416 -0.0053046 -0.0113972 0.0194198 0.000587713 -0.0227027 0.00152541
internal_weight=267.294 34.6018 11.6108 22.9911 16.4568 232.693 50.1585 40.242 9.91652 182.534 7.06456 175.47
internal_count=4800 168 56 112 82 4632 1110 936 174 3522 184 3338
is_linear=0
shrinkage=0.08


Tree=109
num_leaves=15
num_cat=0
split_feature=4 4 4 0 4 3 1 4 0 4 2 4 2 0
split_gain=0.102298 1.77383 0.4113 2.1279 0.8136 0.389035 1.61724 0.354405 0.869986 3.0812 0.823552 0.596029 0.580372 0.258899
threshold=43.500000000000007 42.500000000000007 40.500000000000007 6.5000000000000009 39.500000000000007 1.0000000180025095e-35 1.0000000180025095e-35 48.500000000000007 4.5000000000000009 46.500000000000007 1.5000000000000002 52.500000000000007 1.5000000000000002 1.0000000180025095e-35
decision_type=2 2 2 2 2 2 2 2 2 2 2 2 2 2
left_child=1 2 4 -4 -1 6 -3 8 10 -10 -2 12 -9 -13
right_child=7 5 3 -5 -6 -7 -8 11 9 -11 -12 13 -14 -15
leaf_value=-0.00039356142738255964 0.010341752689996167 -0.1709670354573016 -0.035649320793487836 0.096247933964908439 0.031121165949173687 -0.020091884328628292 -0.028041224107794284 -0.0094573084344723429 -0.073268657200952575 0.034483682459075946 0.052349584157246276 0.019403334161124653 -0.056624888843918662 0.00070452475762938685
leaf_weight=141.75278360769153 18.60032822936774 0.78434057999402229 6.1877715401351443 0.89619173575192679 5.4441613443195811 1.080714672803879 1.4312707460485397 11.272622560150918 3.1720049111172548 3.6560145299881697 3.5582033582031718 5.1300646057352415 1.9598083449527628 62.157780890353024
leaf_count=2631 222 23 159 36 111 5 62 232 120 75 38 118 42 926
internal_value=-6.96162e-05 -0.0013748 -0.000134126 -0.018963 0.000772028 -0.0594433 -0.0786379 0.00180851 0.00939383 -0.0155734 0.0170873 -0.000922135 -0.0164431 0.00213013
internal_weight=267.084 157.577 154.281 7.08396 147.197 3.29633 2.21561 109.507 28.9866 6.82802 22.1585 80.5203 13.2324 67.2878
internal_count=4800 3027 2937 195 2742 90 85 1773 455 195 260 1318 274 1044
is_linear=0
shrinkage=0.08


Tree=110
num_leaves=13
num_cat=0
split_feature=0 4 4 4 4 4 4 4 4 4 0 0
split_gain=0.110625 0.58973 1.62609 1.30731 0.942562 0.938222 0.388427 1.27947 0.431333 1.00258 0.60366 0.123437
threshold=2.5000000000000004 53.500000000000007 57.500000000000007 60.500000000000007 52.500000000000007 48.500000000000007 78.500000000000014 82.500000000000014 62.500000000000007 61.500000000000007 6.5000000000000009 1.5000000000000002
decision_type=2 2 2 2 2 2 2 2 2 2 2 2
left_child=1 4 11 -4 5 -1 8 -8 9 -2 -10 -3
right_child=6 2 3 -5 -6 -7 7 -9 10 -11 -12 -13
leaf_value=0.00040208308104977298 0.00070139904734746971 -0.085780107540988304 0.051266875097685745 -0.021290487479433934 0.043529521635281086 -0.047916290744154683 -0.11181005208620606 0.014738767899205297 0.020004017081538265 -0.048548030155979784 -0.01108420200676963 -0.046241606259223966
leaf_weight=50.329535381868482 174.18769114278257 1.9007828077301376 2.1372185442596656 6.1987087968736887 3.0694257616996756 2.710451327264308 0.8179136579856271 1.3640827895142136 15.666650242405014 2.6862276457250109 5.3667888529598704 0.68834425322711457
leaf_count=1186 2805 56 45 200 29 105 20 36 169 33 97 19
internal_value=-7.10707e-05 -0.00288377 -0.0198886 -0.00268777 0.000427246 -0.00206708 0.000871247 -0.0326976 0.00124136 -4.65641e-05 0.0120717 -0.0752684
internal_weight=267.124 67.0345 10.9251 8.33593 56.1094 53.04 200.089 2.182 197.907 176.874 21.0334 2.58913
internal_count=4800 1640 320 245 1320 1291 3160 56 3104 2838 266 75
is_linear=0
shrinkage=0.08


Tree=111
num_leaves=10
num_cat=0
split_feature=4 4 4 1 4 0 4 0 0
split_gain=0.101422 0.749588 0.616809 0.341528 0.166148 0.664297 0.516901 0.0385107 0.370083
threshold=1.0000000180025095e-35 2.5000000000000004 1.5000000000000002 1.0000000180025095e-35 6.5000000000000009 5.5000000000000009 7.5000000000000009 3.5000000000000004 6.5000000000000009
decision_type=2 2 2 2 2 2 2 2 2
left_child=3 2 -2 -1 5 -3 -6 -5 -9
right_child=1 4 -4 7 6 -7 -8 8 -10
leaf_value=0.031260091457756475 -0.095488355043253204 -0.0051215598991195136 -0.0020586658999113766 -0.0030527994234155129 -0.055695793054959523 0.085035172287372993 9.341445691227166e-05 -0.081066396789207906 0.028559134418065294
leaf_weight=2.6452523544430724 0.96103013586252817 1.8596692145802074 0.85418483382090926 1.9004066116176548 1.067314030136912 0.72773717157542694 256.19574194005691 0.37908834498375643 0.41050448548048735
leaf_count=34 20 58 24 38 28 34 4517 30 17
internal_value=-7.04033e-05 -0.000293043 -0.0515232 0.0108489 6.48309e-05 0.020236 -0.00013804 -0.00922277 -0.0240728
internal_weight=267.001 261.666 1.81521 5.33525 259.85 2.58741 257.263 2.69 0.789593
internal_count=4800 4681 44 119 4637 92 4545 85 47
is_linear=0
shrinkage=0.08


Tree=112
num_leaves=12
num_cat=0
split_feature=3 1 4 0 1 4 0 1 4 0 1
split_gain=0.103615 0.38543 0.552593 0.515443 0.528654 0.193878 1.18103 0.909607 0.313869 0.267379 0.00100609
threshold=1.0000000180025095e-35 1.0000000180025095e-35 36.500000000000007 2.5000000000000004 1.5000000000000002 4.5000000000000009 5.5000000000000009 1.5000000000000002 6.5000000000000009 7.5000000000000009 1.0000000180025095e-35
decision_type=2 2 2 2 2 2 2 2 2 2 2
left_child=5 2 -2 -3 -5 6 7 -1 -7 -10 -8
right_child=1 3 -4 4 -6 8 10 -9 9 -11 -12
leaf_value=0.031613507752417967 -0.026018858626900947 0.029910880683820463 0.013537465478950865 0.016656021914732491 -0.0098730750493335861 0.044806033094236856 -0.085525642591892326 -0.033227675055513974 -0.001343822538251732 0.0082291948341704762 -0.081029500446136285
leaf_weight=3.0269148498773566 5.5266299396753293 5.8816272541880634 3.8242417573928833 9.2395045161247253 10.021687842905521 0.98429561033844848 0.66225291043519952 2.5520056863315403 204.13732677255757 20.552803533151746 0.61368176760151982
leaf_count=81 29 29 22 39 49 39 16 57 3920 467 52
internal_value=-6.63373e-05 0.00402529 -0.00984144 0.00918247 0.00285281 -0.000673295 -0.0139276 0.00195274 -0.000270695 -0.000468162 -0.0833631
internal_weight=267.023 34.4937 9.35087 25.1428 19.2612 232.529 6.85486 5.57892 225.674 224.69 1.27593
internal_count=4800 168 51 117 88 4632 206 138 4426 4387 68
is_linear=0
shrinkage=0.08


Tree=113
num_leaves=12
num_cat=0
split_feature=0 4 4 4 3 0 4 0 4 1 4
split_gain=0.107868 0.793142 1.50948 1.17508 0.311853 0.880049 0.348372 0.269509 1.48063 0.412358 0.000137595
threshold=1.0000000180025095e-35 65.500000000000014 57.500000000000007 53.500000000000007 1.0000000180025095e-35 2.5000000000000004 22.500000000000004 2.5000000000000004 17.500000000000004 1.0000000180025095e-35 67.500000000000014
decision_type=2 2 2 2 2 2 2 2 2 2 2
left_child=1 2 3 -1 7 -6 -7 8 -2 -9 -3
right_child=4 10 -4 -5 5 6 -8 9 -10 -11 -12
leaf_value=-0.0041621930200112841 0.031741458813259536 -0.083570909103678689 0.065180231756593765 -0.087244267840323478 0.037952893516974624 0.01834519738947591 -0.0032200036635864349 0.006484883946358622 -0.012974045540065607 -0.0019387488809540082 -0.081499182238174553
leaf_weight=18.566368872765462 5.5166831337846807 0.39357192628085513 1.9250116162002076 1.1574333906173695 5.1912176460027721 6.2949561700224903 20.109483525156975 53.924094832502306 33.630013217683882 119.86727169435471 0.42860832437872887
leaf_count=444 158 10 40 30 25 30 98 925 902 2107 31
internal_value=-6.27906e-05 -0.00536718 -0.00243817 -0.00903762 0.000424647 0.00784131 0.00192125 -0.000675834 -0.00667259 0.000674941 -0.0824909
internal_weight=267.005 22.471 21.6488 19.7238 244.534 31.5957 26.4044 212.938 39.1467 173.791 0.82218
internal_count=4800 555 514 474 4245 153 128 4092 1060 3032 41
is_linear=0
shrinkage=0.08


Tree=114
num_leaves=15
num_cat=0
split_feature=4 4 1 4 4 3 1 4 0 4 2 4 2 0
split_gain=0.103783 1.54178 0.3549 1.71583 1.28445 0.34836 1.4519 0.302153 0.769289 2.72258 0.686091 0.475122 0.525523 0.25012
threshold=43.500000000000007 42.500000000000007 1.0000000180025095e-35 27.500000000000004 34.500000000000007 1.0000000180025095e-35 1.0000000180025095e-35 48.500000000000007 4.5000000000000009 46.500000000000007 1.5000000000000002 52.500000000000007 1.5000000000000002 1.0000000180025095e-35
decision_type=2 2 2 2 2 2 2 2 2 2 2 2 2 2
left_child=1 2 3 -1 -4 6 -3 8 10 -10 -2 12 -9 -13
right_child=7 5 4 -5 -6 -7 -8 11 9 -11 -12 13 -14 -15
leaf_value=-0.0088817785812027317 0.0098356455066840997 -0.16408116789880706 0.0023498842054315689 0.022124180067356211 -0.017665831835324063 -0.019100989422042573 -0.026260936217988053 -0.0080669749845033983 -0.071581307318128937 0.030528889133555573 0.047932563072865808 0.019092461207409334 -0.05373181879052491 0.00062026692210012137
leaf_weight=24.341895935125649 18.573793815448887 0.75496933422982637 80.890220547094941 21.521736203692853 27.492819891311228 1.0821881592273714 1.3897176738828418 11.136979606002566 3.0034654885530463 3.7674489729106426 3.6140736527740946 5.0746792904101303 1.8860473521053798 62.094208338530734
leaf_count=433 222 23 1505 443 556 5 62 232 120 75 38 118 42 926
internal_value=-6.19978e-05 -0.00137605 -0.00023112 0.00566792 -0.00272737 -0.0561046 -0.0747762 0.00183381 0.00883812 -0.0147655 0.0160411 -0.000695574 -0.0146803 0.00201586
internal_weight=266.624 157.474 154.247 45.8636 108.383 3.22688 2.14469 109.151 28.9588 6.77091 22.1879 80.1919 13.023 67.1689
internal_count=4800 3027 2937 876 2061 90 85 1773 455 195 260 1318 274 1044
is_linear=0
shrinkage=0.08


Tree=115
num_leaves=14
num_cat=0
split_feature=0 4 4 4 3 1 4 4 0 4 0 4 4
split_gain=0.113252 0.740074 1.21745 1.52301 0.927255 0.281266 0.832528 1.31043 0.784985 2.92804 2.81238 0.369908 0.000113561
threshold=1.0000000180025095e-35 65.500000000000014 52.500000000000007 53.500000000000007 1.0000000180025095e-35 1.5000000000000002 76.500000000000014 65.500000000000014 6.5000000000000009 19.500000000000004 4.5000000000000009 82.500000000000014 67.500000000000014
decision_type=2 2 2 2 2 2 2 2 2 2 2 2 2
left_child=1 2 4 -4 -1 6 7 -2 10 -10 -7 -8 -3
right_child=5 12 3 -5 -6 8 11 -9 9 -11 -12 -13 -14
leaf_value=-0.004930976622233514 -0.0033338326892011034 -0.083348601515919316 0.11058706417927797 0.0054786971740171542 -0.058929653062516907 0.0073052492210979834 -0.1093027249574549 0.02945059988869839 -0.060235848596427159 0.031394652872178998 -0.028890970665326452 -0.027533100411582134 -0.0814095107647409
leaf_weight=14.965043608099231 127.11401920858771 0.37096994929015537 1.2264952212572087 3.1437167907133698 2.3555846959352484 71.844824896194041 0.61580212577246018 8.3132341704331321 2.5970991784706738 15.872626598924397 16.986228701192886 0.83305775467306376 0.40357065899297595
leaf_count=425 2360 10 7 70 12 844 24 137 73 343 433 31 31
internal_value=-6.2789e-05 -0.00549834 -0.00275453 0.0349772 -0.0122747 0.000437307 -0.00196669 -0.00132135 0.00350392 0.0185101 0.000383827 -0.0622873 -0.0823382
internal_weight=266.642 22.4654 21.6908 4.37021 17.3206 244.177 136.876 135.427 107.301 18.4697 88.8311 1.44886 0.774541
internal_count=4800 555 514 77 437 4245 2552 2497 1693 416 1277 55 41
is_linear=0
shrinkage=0.08


Tree=116
num_leaves=10
num_cat=0
split_feature=4 4 4 1 4 0 4 0 0
split_gain=0.106124 0.657465 0.557709 0.251257 0.134887 0.613075 0.452352 0.0252098 0.377331
threshold=1.0000000180025095e-35 2.5000000000000004 1.5000000000000002 1.0000000180025095e-35 6.5000000000000009 5.5000000000000009 9.5000000000000018 3.5000000000000004 6.5000000000000009
decision_type=2 2 2 2 2 2 2 2 2
left_child=3 2 -2 -1 5 -3 -6 -5 -9
right_child=1 4 -4 7 6 -7 -8 8 -10
leaf_value=0.028275015824039289 -0.091587278271630726 -0.0062673237245157078 -0.001863080255855865 -0.0015949859138798699 -0.03366838699596103 0.07933980699951422 0.00019018922123248663 -0.080952635564622302 0.034068201071686295
leaf_weight=2.6966853737831107 0.92943806154653319 1.8843406005762511 0.84780093701556325 1.9017726113088431 2.5506883817724875 0.74789183773100365 254.08944321190938 0.33914494700729836 0.39529370982199907
leaf_count=34 20 58 24 38 77 34 4468 30 17
internal_value=-6.56991e-05 -0.000293925 -0.0487859 0.0111061 3.84743e-05 0.0180561 -0.000146324 -0.00645663 -0.0190455
internal_weight=266.382 261.05 1.77724 5.3329 259.272 2.63223 256.64 2.63621 0.734439
internal_count=4800 4681 44 119 4637 92 4545 85 47
is_linear=0
shrinkage=0.08


Tree=117
num_leaves=14
num_cat=0
split_feature=0 4 4 4 4 0 4 4 4 4 4 4 0
split_gain=0.101021 0.515737 1.43187 0.975529 0.820127 1.66752 0.643883 0.318976 1.10696 0.312881 1.16964 0.333932 0.120104
threshold=2.5000000000000004 53.500000000000007 57.500000000000007 60.500000000000007 38.500000000000007 1.5000000000000002 37.500000000000007 78.500000000000014 82.500000000000014 71.500000000000014 72.500000000000014 67.500000000000014 1.5000000000000002
decision_type=2 2 2 2 2 2 2 2 2 2 2 2 2
left_child=1 4 12 -4 6 -6 -1 9 -9 11 -11 -2 -3
right_child=7 2 3 -5 5 -7 -8 8 -10 10 -12 -13 -14
leaf_value=-0.0051348635701470432 0.0011014919906945921 -0.085220409871549094 0.04151830249741887 -0.020070882332412898 0.02579269299033804 -0.021930192515414008 -0.055719571977205437 -0.10437159932692637 0.01414566619818761 0.080502145752510343 -0.0019407729450219345 -0.022645105195637168 -0.044945215233478754
leaf_weight=31.399472271557897 188.1447423864156 1.6961180260404938 2.2631859742104989 6.0348443589173257 16.201836578547958 6.5927402721717945 1.6975186374038447 0.80067067057825569 1.3629284552298484 1.4919911250472058 4.2063790610991418 3.8678843658417454 0.65759609825909127
leaf_count=813 2968 56 45 200 301 166 40 20 36 11 64 61 19
internal_value=-6.1784e-05 -0.00276164 -0.0188946 -0.00327319 0.000312962 0.0119901 -0.00772931 0.000837067 -0.0297133 0.00117139 0.0196451 0.000623143 -0.0739681
internal_weight=266.418 66.5433 10.6517 8.29803 55.8916 22.7946 33.097 199.875 2.1636 197.711 5.69837 192.013 2.35371
internal_count=4800 1640 320 245 1320 467 853 3160 56 3104 75 3029 75
is_linear=0
shrinkage=0.08


Tree=118
num_leaves=12
num_cat=0
split_feature=0 4 4 4 3 0 2 1 4 0 4
split_gain=0.102711 0.670092 1.10509 1.01721 0.302535 0.815337 0.314337 0.257301 1.11837 0.716749 8.35872e-05
threshold=1.0000000180025095e-35 65.500000000000014 57.500000000000007 53.500000000000007 1.0000000180025095e-35 2.5000000000000004 1.5000000000000002 1.5000000000000002 28.500000000000004 6.5000000000000009 67.500000000000014
decision_type=2 2 2 2 2 2 2 2 2 2 2
left_child=1 2 3 -1 7 -6 -7 9 -9 -2 -3
right_child=4 10 -4 -5 5 6 -8 8 -10 -11 -12
leaf_value=-0.0043572157650143611 -7.3869216151257612e-05 -0.083021066505053531 0.052859800341989366 -0.086423528455316478 0.036864520690863087 0.0058538398188574068 -0.017984506089910285 0.014991179758450037 -0.0035555239134788708 -0.015775393492052293 -0.081275126299477612
leaf_weight=18.55484290746973 93.968426134670153 0.33723431453108688 2.0679979864507905 1.0197590412572015 5.1433893591165569 22.152821555733684 4.2135008908808222 30.684896666090935 64.645582469180226 23.200262921396643 0.36590860318392515
leaf_count=444 1853 10 40 30 25 107 21 522 1112 605 31
internal_value=-6.25945e-05 -0.00525386 -0.00275682 -0.00863254 0.000412809 0.00772809 0.00204433 -0.000671912 0.00241427 -0.00318289 -0.0821125
internal_weight=266.355 22.3457 21.6426 19.5746 244.009 31.5097 26.3663 212.499 95.3305 117.169 0.703143
internal_count=4800 555 514 474 4245 153 128 4092 1634 2458 41
is_linear=0
shrinkage=0.08


Tree=119
num_leaves=16
num_cat=0
split_feature=0 1 4 4 4 1 4 1 0 2 4 4 4 4 4
split_gain=0.0961542 0.461696 1.31568 0.832799 1.43221 1.39292 0.60996 0.299809 2.34633 3.2767 1.4897 0.848029 1.18775 0.838121 0.0459813
threshold=2.5000000000000004 1.0000000180025095e-35 63.500000000000007 32.500000000000007 13.500000000000002 1.5000000000000002 30.500000000000004 1.0000000180025095e-35 3.5000000000000004 1.5000000000000002 39.500000000000007 13.500000000000002 23.500000000000004 12.500000000000002 67.500000000000014
decision_type=2 2 2 2 2 2 2 2 2 2 2 2 2 2 2
left_child=1 2 6 4 -3 -5 -1 8 10 -10 -2 13 -13 -9 -4
right_child=7 3 14 5 -6 -7 -8 11 9 -11 -12 12 -14 -15 -16
leaf_value=0.010319130944821257 0.053663505899525246 0.031462720813873891 -0.082739201596065209 0.031098344872404128 -0.024590344952486451 -0.0042272621144187374 -0.019884923835500098 -0.014972678947521753 0.003049921668179037 -0.06500328209736092 0.0097503845378564113 0.018970265538384018 -0.0026030878795185136 -0.088985986807298703 -0.11538961062023935
leaf_weight=7.0631390083581271 8.3068079948425311 3.7211964242160347 0.60543297789990791 11.732047170866283 13.504940275102852 18.266396960243583 10.856018473394213 10.796192442066964 35.307506236480549 5.1942883483134201 12.213416438549755 19.257958818227053 107.54250365612097 1.0768583379685885 0.50739491079002619
leaf_count=168 79 131 20 307 347 391 251 210 700 112 74 283 1684 18 25
internal_value=-6.09076e-05 -0.00270175 -0.0132213 0.00153772 -0.0124817 0.00958818 -0.00797948 0.000815291 0.00548814 -0.00567779 0.0275269 -0.00124095 0.000673389 -0.0216855 -0.0976262
internal_weight=265.952 66.2566 19.032 47.2246 17.2261 29.9984 17.9192 199.696 61.022 40.5018 20.5202 138.674 126.8 11.8731 1.11283
internal_count=4800 1640 464 1176 478 698 419 3160 965 812 153 2195 1967 228 45
is_linear=0
shrinkage=0.08


Tree=120
num_leaves=14
num_cat=0
split_feature=4 4 1 4 1 4 3 1 3 4 0 0 4
split_gain=0.0967459 1.01867 1.43593 1.09306 1.0649 1.01528 1.28226 1.37305 0.965433 0.571344 1.61383 1.04677 0.545811
threshold=27.500000000000004 28.500000000000004 1.5000000000000002 29.500000000000004 1.0000000180025095e-35 24.500000000000004 1.0000000180025095e-35 1.5000000000000002 1.0000000180025095e-35 22.500000000000004 6.5000000000000009 7.5000000000000009 34.500000000000007
decision_type=2 2 2 2 2 2 2 2 2 2 2 2 2
left_child=5 2 4 8 -2 9 7 -7 -3 11 -11 -1 -5
right_child=1 3 -4 12 -6 6 -8 -9 -10 10 -12 -13 -14
leaf_value=0.0014352418445302835 0.049517728766189401 -0.057288332591791072 0.090777149558932776 0.011892896800634295 -0.034983593801899353 -0.036773339291462051 -0.07987224735542317 0.01574524049033928 0.023251661907770348 0.0040380291293453776 0.086839035620615609 -0.046676988497134676 -0.00088539382748174691
leaf_weight=51.895623901858926 1.8462814986705771 3.757794862613081 1.9101331029087303 24.956539716571569 1.9760001339018345 6.708899890072642 2.058302901685237 6.0671875607222319 1.275962561368942 7.9646613970398885 1.8579054921865461 3.0650911014527074 149.83407122851349
leaf_count=934 34 94 28 465 30 158 10 107 6 139 32 101 2662
internal_value=-6.19986e-05 0.000938938 0.0341379 -0.000119373 0.00583319 -0.00239478 -0.0212736 -0.011833 -0.036873 0.00192818 0.0196996 -0.00124792 0.000939086
internal_weight=265.174 185.557 5.73241 179.824 3.82228 79.6177 14.8344 12.7761 5.03376 64.7833 9.82257 54.9607 174.791
internal_count=4800 3319 92 3227 64 1481 275 265 100 1206 171 1035 3127
is_linear=0
shrinkage=0.08


Tree=121
num_leaves=15
num_cat=0
split_feature=4 4 4 2 4 3 1 4 2 0 0 4 0 0
split_gain=0.0966015 1.32769 0.344829 2.12788 0.734181 0.318468 1.30073 0.227993 0.638989 1.63812 0.500338 0.415208 0.53296 0.198097
threshold=43.500000000000007 42.500000000000007 40.500000000000007 1.5000000000000002 39.500000000000007 1.0000000180025095e-35 1.0000000180025095e-35 48.500000000000007 1.0000000180025095e-35 4.5000000000000009 1.0000000180025095e-35 52.500000000000007 2.5000000000000004 1.0000000180025095e-35
decision_type=2 2 2 2 2 2 2 2 2 2 2 2 2 2
left_child=1 2 4 -4 -1 6 -3 8 9 -2 -10 12 -9 -13
right_child=7 5 3 -5 -6 -7 -8 11 10 -11 -12 13 -14 -15
leaf_value=-0.00056834878246769295 0.0074821902460785504 -0.15769748624635135 -0.0364109760743134 0.085987483918675792 0.029269045580295031 -0.017325461987395804 -0.024849678840779009 -0.046160918977348524 -0.017192661983583105 -0.099835351046820342 0.017625865852828174 0.01735842215974169 -0.0054697378893409703 0.00085141276451173556
leaf_weight=140.71471610711887 3.8080060277134207 0.72244840767234508 5.9237122051417819 1.0738052725791929 5.4835788095369926 1.0741691887378695 1.3589739091694353 2.5724458359181872 3.0210014171898392 1.1962658576667307 21.016753161326051 5.031484141945838 10.341876244172452 61.833529762458056
leaf_count=2631 59 23 165 30 111 5 62 105 36 48 312 118 169 926
internal_value=-6.37562e-05 -0.00133762 -0.000279578 -0.0176283 0.000550787 -0.0527029 -0.0709603 0.0017665 0.00783561 -0.018172 0.01325 -0.000442838 -0.0135751 0.00209354
internal_weight=265.173 156.351 153.196 6.99752 146.198 3.15559 2.08142 108.821 29.042 5.00427 24.0378 79.7793 12.9143 66.865
internal_count=4800 3027 2937 195 2742 90 85 1773 455 107 348 1318 274 1044
is_linear=0
shrinkage=0.08


Tree=122
num_leaves=12
num_cat=0
split_feature=3 1 4 0 1 4 0 1 4 0 1
split_gain=0.0908387 0.378286 0.518125 0.390604 0.447117 0.170132 1.07025 0.736247 0.230098 0.217898 0.000783505
threshold=1.0000000180025095e-35 1.0000000180025095e-35 36.500000000000007 2.5000000000000004 1.5000000000000002 4.5000000000000009 5.5000000000000009 1.5000000000000002 6.5000000000000009 7.5000000000000009 1.0000000180025095e-35
decision_type=2 2 2 2 2 2 2 2 2 2 2
left_child=5 2 -2 -3 -5 6 7 -1 -7 -10 -8
right_child=1 3 -4 4 -6 8 10 -9 9 -11 -12
leaf_value=0.02726957229489594 -0.025855845285737988 0.027352372497985375 0.012723284598557608 0.016187084779491764 -0.0082318258154329797 0.037769064814113198 -0.085104579510509468 -0.030877470276512109 -0.0012265542034076546 0.0073922433059158748 -0.080937263002658938
leaf_weight=3.1189046176150432 5.4414216801524145 5.6765015274286297 3.7726883180439472 9.2144680768251419 10.014759428799152 1.0139328837394703 0.61123490706086137 2.5193769917823374 202.52343817078508 20.691318345721811 0.54726253356784582
leaf_count=81 29 29 22 39 49 39 16 57 3920 467 52
internal_value=-6.3811e-05 0.00378929 -0.0100597 0.00891287 0.00346949 -0.00063287 -0.0131023 0.00128749 -0.000254898 -0.000427618 -0.083136
internal_weight=265.145 34.1198 9.21411 24.9057 19.2292 231.025 6.79678 5.63828 224.229 223.215 1.1585
internal_count=4800 168 51 117 88 4632 206 138 4426 4387 68
is_linear=0
shrinkage=0.08


Tree=123
num_leaves=10
num_cat=0
split_feature=4 4 4 1 0 3 3 0 0
split_gain=0.108664 0.620881 0.503685 0.186175 0.111836 1.50255 0.355059 0.0179681 0.369321
threshold=1.0000000180025095e-35 2.5000000000000004 1.5000000000000002 1.0000000180025095e-35 1.0000000180025095e-35 1.0000000180025095e-35 1.0000000180025095e-35 3.5000000000000004 6.5000000000000009
decision_type=2 2 2 2 2 2 2 2 2
left_child=3 2 -2 -1 5 -3 -6 -5 -9
right_child=1 4 -4 7 6 -7 -8 8 -10
leaf_value=0.025867351115986998 -0.089595859806182579 0.0022781160497121612 -0.0034971557879270847 -9.5095191808020621e-05 -0.00065103263196128155 -0.063080915135382401 0.008655676857243064 -0.080856259042178399 0.037328630649265726
leaf_weight=2.7236005682498208 0.89802430849522241 18.920081758871678 0.84313134010881186 1.9039989062584939 206.540877915686 2.5551258176565161 30.05283435061574 0.30461632693186391 0.38073075888678432
leaf_count=34 20 512 24 38 3965 14 146 30 17
internal_value=-6.02335e-05 -0.000291839 -0.0479037 0.0112656 2.93923e-05 -0.00549832 0.000531133 -0.00409333 -0.015201
internal_weight=265.123 259.81 1.74116 5.31295 258.069 21.4752 236.594 2.58935 0.685347
internal_count=4800 4681 44 119 4637 526 4111 85 47
is_linear=0
shrinkage=0.08


Tree=124
num_leaves=10
num_cat=0
split_feature=4 4 4 1 4 0 4 0 0
split_gain=0.0912159 0.53334 0.443357 0.154492 0.108643 0.592069 0.400596 0.0160647 0.33461
threshold=1.0000000180025095e-35 2.5000000000000004 1.5000000000000002 1.0000000180025095e-35 6.5000000000000009 5.5000000000000009 9.5000000000000018 3.5000000000000004 6.5000000000000009
decision_type=2 2 2 2 2 2 2 2 2
left_child=3 2 -2 -1 5 -3 -6 -5 -9
right_child=1 4 -4 7 6 -7 -8 8 -10
leaf_value=0.023419192046754418 -0.084493518289103717 -0.0078187863472130251 -0.0032215127552353219 -8.7490907440302212e-05 -0.031955922135186873 0.075728797417929733 0.0001749076676647048 -0.080789784997988209 0.034054327599662267
leaf_weight=2.765791952610015 0.87696302798576542 1.8941281125880771 0.84209509752690792 1.9039391223341229 2.5080205504782489 0.76094185654073943 252.77351067215204 0.28141829324886192 0.38381631020456553
leaf_count=34 20 58 24 38 77 34 4468 30 17
internal_value=-5.65614e-05 -0.000269315 -0.0446817 0.0102983 2.66784e-05 0.0161259 -0.000140763 -0.00382679 -0.0145289
internal_weight=264.991 259.656 1.71906 5.33497 257.937 2.65507 255.282 2.56917 0.665235
internal_count=4800 4681 44 119 4637 92 4545 85 47
is_linear=0
shrinkage=0.08


Tree=125
num_leaves=13
num_cat=0
split_feature=0 4 4 4 0 1 0 2 4 2 4 1
split_gain=0.0859148 0.446317 0.509967 1.27876 0.692557 0.272845 2.11034 2.91057 1.40284 0.667721 2.41452 1.4023
threshold=2.5000000000000004 1.5000000000000002 53.500000000000007 57.500000000000007 1.5000000000000002 1.0000000180025095e-35 3.5000000000000004 1.5000000000000002 47.500000000000007 1.5000000000000002 25.500000000000004 1.5000000000000002
decision_type=2 2 2 2 2 2 2 2 2 2 2 2
left_child=1 -1 4 -4 -3 6 8 -8 -2 11 -11 -7
right_child=5 2 3 -5 -6 9 7 -9 -10 10 -12 -13
leaf_value=-0.044513462847847948 0.043369677531435107 0.0074858241304326389 -0.072824226789737836 -0.0034679165638288869 -0.012330501395352212 -0.014926202836110734 0.0027190639330851862 -0.062833922900574712 0.00020323911490959413 0.057000883363564424 -0.0044722683062299665 0.0031690458642945618
leaf_weight=1.58345685340464 12.237915607169272 38.003506781067699 2.141915386542677 8.2717509395442885 16.056004432961345 43.479678698349744 35.375029409071431 4.9402114991098633 7.9473772794008246 5.5885765762068358 15.241639963351188 74.155432662926614
leaf_count=49 108 862 75 245 409 799 700 112 45 85 246 1065
internal_value=-5.31914e-05 -0.00255304 -0.0015225 -0.0177333 0.00160025 0.000776758 0.00525853 -0.00531377 0.0263741 -0.00118149 0.0120205 -0.00351923
internal_weight=265.022 66.0566 64.4732 10.4137 54.0595 198.966 60.5005 40.3152 20.1853 138.465 20.8302 117.635
internal_count=4800 1640 1591 320 1271 3160 965 812 153 2195 331 1864
is_linear=0
shrinkage=0.08


Tree=126
num_leaves=15
num_cat=0
split_feature=4 4 4 2 4 3 1 4 0 4 2 4 0 0
split_gain=0.100823 1.169 0.307563 1.78833 0.617653 0.289887 1.20469 0.165557 0.547558 2.43206 0.57058 0.366607 0.484597 0.18896
threshold=43.500000000000007 42.500000000000007 40.500000000000007 1.5000000000000002 39.500000000000007 1.0000000180025095e-35 1.0000000180025095e-35 48.500000000000007 4.5000000000000009 46.500000000000007 1.5000000000000002 52.500000000000007 2.5000000000000004 1.0000000180025095e-35
decision_type=2 2 2 2 2 2 2 2 2 2 2 2 2 2
left_child=1 2 4 -4 -1 6 -3 8 10 -10 -2 12 -9 -13
right_child=7 5 3 -5 -6 -7 -8 11 9 -11 -12 13 -14 -15
leaf_value=-0.00062537068362648527 0.007289597775321041 -0.15324800111628828 -0.034866743110013053 0.075030150228836898 0.026594380345948451 -0.01640794773443259 -0.023168051008582408 -0.044157984090599241 -0.069507789876250989 0.028464219237814347 0.04166478881278806 0.017212592102463148 -0.0048206778472355757 0.0010950144985458722
leaf_weight=140.22300554485992 18.622218983247883 0.69466058583930079 5.782436426728963 1.1334233265370128 5.5462915115058413 1.0693549066782 1.324338433332741 2.4883712902665129 2.820509433746337 3.8150437343865633 3.705219753086566 5.0359491631388655 10.301694909110664 61.595552485436201
leaf_count=2631 222 23 165 30 111 5 62 105 120 75 38 118 169 926
internal_value=-5.37212e-05 -0.00135741 -0.000371778 -0.016856 0.000410298 -0.0500861 -0.0679236 0.00181998 0.00699757 -0.0131798 0.0129941 -6.81534e-05 -0.0124739 0.00231317
internal_weight=264.158 155.774 152.685 6.91586 145.769 3.08835 2.019 108.385 28.963 6.63555 22.3274 79.4216 12.7901 66.6315
internal_count=4800 3027 2937 195 2742 90 85 1773 455 195 260 1318 274 1044
is_linear=0
shrinkage=0.08


Tree=127
num_leaves=14
num_cat=0
split_feature=0 1 4 4 4 4 3 0 4 0 4 1 4
split_gain=0.0890583 0.633877 2.21648 2.04443 2.23344 1.29394 0.263822 0.732704 0.32859 0.219814 1.1835 0.328397 0.00772758
threshold=1.0000000180025095e-35 1.5000000000000002 13.500000000000002 19.500000000000004 30.500000000000004 31.500000000000004 1.0000000180025095e-35 2.5000000000000004 22.500000000000004 2.5000000000000004 17.500000000000004 1.0000000180025095e-35 15.500000000000002
decision_type=2 2 2 2 2 2 2 2 2 2 2 2 2
left_child=1 3 -3 12 -5 -4 9 -8 -9 10 -2 -11 -1
right_child=6 2 5 4 -6 -7 7 8 -10 11 -12 -13 -14
leaf_value=-0.082548403054597513 0.027565439680399279 0.1099450863042742 -0.084794665766597624 0.08747656427995347 -0.00027456686453825458 -0.014052720914125457 0.035239944014978576 0.017980287020024643 -0.0031115026113258701 0.0058410469297728897 -0.011874161373279398 -0.0017312843032401192 -0.095101213999190193
leaf_weight=0.80416786624118752 5.7103955373167983 0.76743069966323751 2.2096505332738143 2.3370169214904299 9.0244331285357458 6.5898461230099201 5.0242805033922222 6.1943055391311672 19.959569007158279 52.97302517737262 33.067628838587552 118.98126719659194 0.51478176191449165
leaf_count=43 158 28 62 70 192 146 25 30 98 925 902 2107 14
internal_value=-5.47632e-05 -0.00489854 -0.0204451 0.0068308 0.0177756 -0.0318168 0.000390695 0.00725914 0.00188389 -0.000625501 -0.00606634 0.000601483 -0.0874477
internal_weight=264.158 22.2473 9.56693 12.6804 11.3615 8.7995 241.91 31.1782 26.1539 210.732 38.778 171.954 1.31895
internal_count=4800 555 236 319 262 208 4245 153 128 4092 1060 3032 57
is_linear=0
shrinkage=0.08


Tree=128
num_leaves=14
num_cat=0
split_feature=4 4 3 1 4 1 4 1 1 4 1 0 4
split_gain=0.108074 0.873998 1.10852 1.26121 0.823897 1.17982 0.971819 0.918229 0.891553 0.471028 1.2918 0.917031 0.464255
threshold=27.500000000000004 24.500000000000004 1.0000000180025095e-35 1.5000000000000002 28.500000000000004 1.5000000000000002 29.500000000000004 1.0000000180025095e-35 1.0000000180025095e-35 22.500000000000004 1.5000000000000002 7.5000000000000009 34.500000000000007
decision_type=2 2 2 2 2 2 2 2 2 2 2 2 2
left_child=1 9 3 -3 5 8 7 -6 -2 11 -11 -1 -8
right_child=4 2 -4 -5 6 -7 12 -9 -10 10 -12 -13 -14
leaf_value=0.0010187791572500019 0.044047699415205949 -0.035734973410684115 -0.075130118150937827 0.014860420998388696 0.022397483554870187 0.08126472167892787 0.011124568694837753 -0.056137243300501058 -0.033110097755072475 0.046647734381019025 -0.010908986220525489 -0.044955198699487192 -0.00066434298962089234
leaf_weight=51.750124049605802 1.8896300457417956 6.5450630029663426 2.0241846591234198 6.0844041928648949 1.2992532607167948 1.9558893330395219 24.963728323578835 3.5733259823173285 1.9449505005031824 4.9192045442759973 5.0655506812036037 2.9342108219861975 148.88497307850048
leaf_count=934 34 158 10 107 27 28 465 73 30 96 75 101 2662
internal_value=-5.85212e-05 -0.00252796 -0.0201689 -0.01136 0.0010031 0.0307024 4.08645e-05 -0.0351963 0.00491223 0.00146938 0.0174476 -0.00144806 0.00102848
internal_weight=263.834 79.3227 14.6537 12.6295 184.512 5.79047 178.721 4.87258 3.83458 64.6691 9.98476 54.6843 173.849
internal_count=4800 1481 275 265 3319 92 3227 100 64 1206 171 1035 3127
is_linear=0
shrinkage=0.08


Tree=129
num_leaves=15
num_cat=0
split_feature=4 4 3 1 4 0 4 1 0 0 4 0 2 2
split_gain=0.105831 0.995641 0.263149 1.074 0.252118 1.74626 0.536367 0.149713 0.625635 2.03791 0.501543 0.42962 2.07379 0.730243
threshold=43.500000000000007 42.500000000000007 1.0000000180025095e-35 1.0000000180025095e-35 40.500000000000007 6.5000000000000009 39.500000000000007 1.0000000180025095e-35 1.5000000000000002 1.0000000180025095e-35 47.500000000000007 1.5000000000000002 1.5000000000000002 1.5000000000000002
decision_type=2 2 2 2 2 2 2 2 2 2 2 2 2 2
left_child=1 4 3 -3 6 -6 -1 8 9 -2 -10 12 -9 -13
right_child=7 2 -4 -5 5 -7 -8 11 10 -11 -12 13 -14 -15
leaf_value=-0.00075883356325457622 0.015879996515951379 -0.14615704016210612 -0.014846629008195819 -0.021454515764023459 -0.031738089806250938 0.084802712634576879 0.024467149654488318 0.03261164291859809 0.027464943130731993 -0.085749619122878262 -0.0024865334886329158 -0.0025777459828105298 -0.044345307719623639 0.022156283967531075
leaf_weight=140.21025571553037 2.9056538054719558 0.6725303768180303 1.0678016394376755 1.2895478359423576 5.9003864889964452 0.95622805412858713 5.610282232053577 10.81737890280783 4.2293242085725096 2.2333687813952565 23.237404091982171 53.009746969444677 2.8266355376690617 8.9256778119597566
leaf_count=2631 52 23 5 62 159 36 111 239 72 63 341 804 48 154
internal_value=-5.90102e-05 -0.00139441 -0.0468055 -0.0641981 -0.00049323 -0.0154852 0.000211708 0.00186299 -0.00266797 -0.0282872 0.00212539 0.00381769 0.0166684 0.00098674
internal_weight=263.892 155.707 3.02988 1.96208 152.677 6.85661 145.821 108.185 32.6058 5.13902 27.4667 75.5794 13.644 61.9354
internal_count=4800 3027 90 85 2937 195 2742 1773 528 115 413 1245 287 958
is_linear=0
shrinkage=0.08


Tree=130
num_leaves=14
num_cat=0
split_feature=0 1 4 4 4 4 3 0 4 1 0 2 4
split_gain=0.100084 0.545668 1.81684 1.80979 1.77871 1.21909 0.263399 0.597488 0.280628 0.195898 0.803613 0.7547 0.00628954
threshold=1.0000000180025095e-35 1.5000000000000002 13.500000000000002 19.500000000000004 30.500000000000004 31.500000000000004 1.0000000180025095e-35 2.5000000000000004 54.500000000000007 1.5000000000000002 3.5000000000000004 1.5000000000000002 15.500000000000002
decision_type=2 2 2 2 2 2 2 2 2 2 2 2 2
left_child=1 3 -3 12 -5 -4 9 -8 -9 11 -11 -2 -1
right_child=6 2 5 4 -6 -7 7 8 -10 10 -12 -13 -14
leaf_value=-0.082350237262050055 -0.0053814809458040151 0.093380926350231361 -0.084503006304243247 0.074777403723645525 -0.0011837205282057253 -0.013845477285239613 0.032713749361420852 0.0067013384544571319 -0.01372820849775422 0.0084510752599249259 -0.0063869890072027237 0.013557108404051532 -0.094093890102130595
leaf_weight=0.74424203019589252 99.653807772323489 0.82826176006347019 2.0511948801577073 2.5199042800813904 9.0884222998283786 6.5631972849369049 4.9690877273678806 20.667070504277948 5.434849500656127 54.403992167674005 40.937906363513321 15.570781789254395 0.48019011132419109
leaf_count=43 2118 28 62 70 192 146 25 103 25 591 1043 340 14
internal_value=-6.10081e-05 -0.00519212 -0.0197888 0.00554848 0.0153057 -0.0306699 0.000412005 0.00728794 0.00244757 -0.000602603 0.00207991 -0.00282223 -0.0869558
internal_weight=263.913 22.2754 9.44265 12.8328 11.6083 8.61439 241.637 31.071 26.1019 210.566 95.3419 115.225 1.22443
internal_count=4800 555 236 319 262 208 4245 153 128 4092 1634 2458 57
is_linear=0
shrinkage=0.08


Tree=131
num_leaves=15
num_cat=0
split_feature=4 4 1 4 4 3 1 4 2 0 0 0 3 2
split_gain=0.1005 0.854764 0.236369 1.32881 1.07255 0.229139 0.951094 0.126909 0.527356 1.45133 0.481188 0.373503 1.28975 0.365456
threshold=43.500000000000007 42.500000000000007 1.0000000180025095e-35 27.500000000000004 34.500000000000007 1.0000000180025095e-35 1.0000000180025095e-35 48.500000000000007 1.0000000180025095e-35 4.5000000000000009 6.5000000000000009 2.5000000000000004 1.0000000180025095e-35 1.0000000180025095e-35
decision_type=2 2 2 2 2 2 2 2 2 2 2 2 2 2
left_child=1 2 3 -1 -4 6 -3 8 9 -2 -10 12 -9 -13
right_child=7 5 4 -5 -6 -7 -8 11 10 -11 -12 13 -14 -15
leaf_value=-0.0086926146750319223 0.0058980793482564034 -0.13906300002699445 0.0020672396121739624 0.018780079646405306 -0.016358725515634439 -0.014131032981771883 -0.019871998037363767 -0.018721539972613097 0.006958298375825742 -0.098323778907085518 0.041238638398926171 0.014022181131840497 0.055103719900198425 -0.00041857078784749552
leaf_weight=23.798308574594557 3.8005177732557085 0.64947104547172707 80.102169478312135 21.400183849036694 27.043765143491328 1.0662902295589447 1.2591423476114867 14.159519649576392 20.975542677566413 1.1033837869763372 2.9947834610939017 14.569718305720015 1.6959174126386649 48.724988840986043
leaf_count=433 59 23 1505 443 556 5 62 445 275 48 73 205 9 659
internal_value=-6.2811e-05 -0.00136616 -0.000536833 0.00431491 -0.0025835 -0.0438357 -0.0604308 0.00181116 0.00635105 -0.017552 0.0112412 0.000154993 -0.0108251 0.00290553
internal_weight=263.344 155.319 152.344 45.1985 107.146 2.9749 1.90861 108.024 28.8742 4.9039 23.9703 79.1501 15.8554 63.2947
internal_count=4800 3027 2937 876 2061 90 85 1773 455 107 348 1318 454 864
is_linear=0
shrinkage=0.08


Tree=132
num_leaves=15
num_cat=0
split_feature=4 4 2 4 2 0 3 4 2 4 2 4 0 0
split_gain=0.0949591 1.46985 1.42205 1.1637 1.00036 0.953683 0.707925 0.418655 2.60241 0.790456 0.416113 3.01557 0.657919 0.118106
threshold=36.500000000000007 37.500000000000007 1.0000000180025095e-35 34.500000000000007 1.0000000180025095e-35 4.5000000000000009 1.0000000180025095e-35 29.500000000000004 1.5000000000000002 28.500000000000004 1.0000000180025095e-35 45.500000000000007 1.5000000000000002 3.5000000000000004
decision_type=2 2 2 2 2 2 2 2 2 2 2 2 2 2
left_child=3 2 -2 7 13 -4 -6 9 -9 -1 11 -3 -12 -5
right_child=1 10 5 4 6 -7 -8 8 -10 -11 12 -13 -14 -15
leaf_value=-0.00025139524049113055 0.08837195270977817 -0.055364992820556451 -0.015045612379677338 0.04001597472026279 -0.054906399524990816 0.066450243479704352 0.010351069999363869 0.020706668503011942 -0.050266822859504991 -0.033540007960941608 0.015055316459889261 0.0059199602379681774 -0.0011959435987692886 0.00094016244806653952
leaf_weight=84.908053212333471 2.3375774230808011 6.8199445265345302 2.9094081483781338 1.0254510417580585 5.8614921551197767 1.3433047756552694 1.2998492568731306 21.209023727104071 3.9171418864279977 4.8246770557016125 19.606330104637891 20.84282607678324 85.336201518308371 0.9570468384772538
leaf_count=1573 36 189 38 16 144 31 6 391 74 100 420 374 1373 35
internal_value=-6.21338e-05 0.0013721 0.038248 -0.00167209 -0.0291392 0.0106965 -0.0430616 0.000514551 0.00964198 -0.00204123 -0.000460579 -0.00918915 0.00184027 0.0211522
internal_weight=263.198 139.196 6.59029 124.003 9.14384 4.25271 7.16134 114.859 25.1262 89.7327 132.605 27.6628 104.943 1.9825
internal_count=4800 2461 105 2339 201 69 150 2138 465 1673 2356 563 1793 51
is_linear=0
shrinkage=0.08


Tree=133
num_leaves=13
num_cat=0
split_feature=0 4 4 4 4 4 4 4 4 0 0 1
split_gain=0.103176 0.419638 0.734257 0.720133 0.362892 0.276565 0.940249 0.330049 0.870922 0.57752 0.174714 1.13777e-05
threshold=2.5000000000000004 9.5000000000000018 10.500000000000002 11.500000000000002 2.5000000000000004 78.500000000000014 82.500000000000014 62.500000000000007 61.500000000000007 6.5000000000000009 1.0000000180025095e-35 1.0000000180025095e-35
decision_type=2 2 2 2 2 2 2 2 2 2 2 2
left_child=1 4 -3 -4 10 7 -7 8 -2 -9 -1 -6
right_child=5 2 3 -5 11 6 -8 9 -10 -11 -12 -13
leaf_value=0.018348770359640668 0.0007183374493731125 0.085870412779100555 -0.084983269645977175 -0.0014696082609276049 -0.081703316633174927 -0.097102692297852275 0.012769224311551901 0.018376447065599138 -0.045693927851466434 -0.01201911287186193 -0.033135917726989768 -0.081046161588595053
leaf_weight=0.64475708315148894 171.80994892236777 0.6095076184719791 0.66795958578586478 61.752329088747501 0.2564756292849778 0.78966336091980283 1.3518460988998411 15.68345147976652 2.6271459795534602 5.3705602330155662 1.22014401294291 0.49221653328277171
leaf_count=29 2805 9 14 1498 14 20 36 169 33 97 31 45
internal_value=-6.46184e-05 -0.00281256 -0.00151005 -0.00236329 -0.0342239 0.000848105 -0.0277451 0.00116133 1.93359e-05 0.010623 -0.015336 -0.0812713
internal_weight=263.276 65.6434 63.0298 62.4203 2.61359 197.633 2.14151 195.491 174.437 21.054 1.8649 0.748692
internal_count=4800 1640 1521 1512 119 3160 56 3104 2838 266 60 59
is_linear=0
shrinkage=0.08


Tree=134
num_leaves=8
num_cat=0
split_feature=4 4 1 4 0 4 0
split_gain=0.0980735 0.851739 0.175174 0.0921887 2.31801 0.937604 0.0136808
threshold=1.0000000180025095e-35 1.5000000000000002 1.0000000180025095e-35 20.500000000000004 6.5000000000000009 21.500000000000004 3.5000000000000004
decision_type=2 2 2 2 2 2 2
left_child=2 -2 -1 4 -3 -5 -4
right_child=1 3 6 5 -6 -7 -8
leaf_value=0.02495807355934106 -0.080171893438480635 0.011299391932501816 -0.00089939059426211935 -0.039084410553596814 -0.04412896133279294 5.1705510876189396e-05 -0.014415192040522084
leaf_weight=2.7002648543566456 0.85127313761040468 34.370006572687998 1.8967360244132581 3.9912016782909623 5.617990910075604 213.08033276116475 0.64137194678187359
leaf_count=34 20 600 38 65 157 3839 47
internal_value=-6.20881e-05 -0.000282192 0.0107747 -1.76312e-05 0.00351216 -0.000667874 -0.00431479
internal_weight=263.149 257.911 5.23837 257.06 39.988 217.072 2.53811
internal_count=4800 4681 119 4661 757 3904 85
is_linear=0
shrinkage=0.08


Tree=135
num_leaves=13
num_cat=0
split_feature=0 3 4 4 3 4 4 0 4 1 4 4
split_gain=0.0967461 0.556684 1.15049 0.535601 0.237967 0.581455 0.901444 0.180318 1.02174 0.283861 0.101641 0.000177567
threshold=1.0000000180025095e-35 1.0000000180025095e-35 12.500000000000002 60.500000000000007 1.0000000180025095e-35 27.500000000000004 54.500000000000007 2.5000000000000004 48.500000000000007 1.0000000180025095e-35 16.500000000000004 9.5000000000000018
decision_type=2 2 2 2 2 2 2 2 2 2 2 2
left_child=1 2 11 -4 7 10 -7 8 -2 -9 -6 -1
right_child=4 -3 3 -5 5 6 -8 9 -10 -11 -12 -13
leaf_value=-0.081944200969880615 0.0015636258164742442 -0.038986666987874077 0.0086460708579606509 -0.037786356104869252 -0.0012442188197432033 0.025744505066206149 -0.01110098798750532 0.0054093006642288626 -0.02953463315400371 -0.0016287756729234393 -0.017070069137926931 -0.084074134403208337
leaf_weight=0.59013354359195236 29.739170749671757 2.7240846902132025 16.668463665992025 1.7575790556147683 5.8001762069761771 14.355971321463587 6.0365427732467642 53.141687856521457 8.751344033982603 118.36519665503874 4.7033475041389465 0.4352649450302124
leaf_count=50 761 15 412 66 29 73 28 925 299 2107 23 12
internal_value=-5.95907e-05 -0.00511606 -0.000372637 0.00421709 0.000405884 0.00696117 0.0148376 -0.000558568 -0.00550699 0.000551984 -0.00833084 -0.0828483
internal_weight=263.069 22.1755 19.4514 18.426 240.893 30.896 20.3925 209.997 38.4905 171.507 10.5035 1.0254
internal_count=4800 555 540 478 4245 153 101 4092 1060 3032 52 62
is_linear=0
shrinkage=0.08


Tree=136
num_leaves=14
num_cat=0
split_feature=4 4 2 4 1 4 4 0 1 4 2 4 1
split_gain=0.0948549 0.647159 0.472923 1.5889 3.48878 0.901643 0.399169 0.387085 0.314872 0.257753 1.53413 0.545907 0.0472002
threshold=55.500000000000007 54.500000000000007 1.5000000000000002 62.500000000000007 1.5000000000000002 74.500000000000014 80.500000000000014 5.5000000000000009 1.5000000000000002 52.500000000000007 1.5000000000000002 50.500000000000007 1.5000000000000002
decision_type=2 2 2 2 2 2 2 2 2 2 2 2 2
left_child=1 9 6 4 -4 -5 7 -2 -3 11 -11 -1 -8
right_child=2 8 3 5 -6 -7 12 -9 -10 10 -12 -13 -14
leaf_value=-0.00024107752865053122 0.0064494443852963525 -0.057185372159808255 0.14004464776193856 -0.037091924286130069 -0.028742501401416699 0.051990682629055034 -0.055880996669134 -0.010090845225942044 -0.0088517085460233375 0.023743944623263763 -0.055134377924934162 -0.027044478615122901 -0.026566485988167882
leaf_weight=191.58150634751655 29.574498900095932 1.8829223550856105 1.7431661412119857 2.6971065932884817 1.4239847976714373 0.99557098397053767 0.73669069167226442 13.051360173616557 1.5918921967968345 9.9532664157450164 1.8754114247858531 4.9898275248706332 0.6723551859613508
leaf_count=3634 419 34 33 55 23 26 36 217 33 126 23 122 19
internal_value=-5.7264e-05 -0.000802218 0.00304398 0.0225825 0.0641561 -0.0130746 2.43118e-07 0.00138507 -0.0350426 -0.000231301 0.011238 -0.000921463 -0.041893
internal_weight=262.77 211.875 50.8947 6.85983 3.16715 3.69268 44.0349 42.6259 3.47481 208.4 11.8287 196.571 1.40905
internal_count=4800 3972 828 137 56 81 691 636 67 3905 149 3756 55
is_linear=0
shrinkage=0.08


Tree=137
num_leaves=9
num_cat=0
split_feature=4 4 4 1 0 3 3 0
split_gain=0.0887224 0.453863 0.295101 0.145193 0.116328 1.19892 0.264252 0.0123487
threshold=1.0000000180025095e-35 2.5000000000000004 1.5000000000000002 1.0000000180025095e-35 1.0000000180025095e-35 1.0000000180025095e-35 1.0000000180025095e-35 3.5000000000000004
decision_type=2 2 2 2 2 2 2 2
left_child=3 2 -2 -1 5 -3 -6 -5
right_child=1 4 -4 7 6 -7 -8 -9
leaf_value=0.023021789293008001 -0.075624620742316143 0.0011347619607258766 -0.0085318837750039296 -0.00035128811789826006 -0.00050123171231467891 -0.05836400463749189 0.0075871107355742406 -0.013241536225658029
leaf_weight=2.729504218325018 0.83060150453820714 19.075308889616284 0.84783492935821414 1.8873891145922246 204.75223680282943 2.4453241899609557 29.586546055972576 0.63588914601132263
leaf_count=34 20 512 24 38 3965 14 146 47
internal_value=-5.90491e-05 -0.00026898 -0.0417338 0.0102336 3.02944e-06 -0.0056259 0.000519966 -0.00359975
internal_weight=262.791 257.538 1.67844 5.25278 255.859 21.5206 234.339 2.52328
internal_count=4800 4681 44 119 4637 526 4111 85
is_linear=0
shrinkage=0.08


Tree=138
num_leaves=15
num_cat=0
split_feature=4 4 4 0 4 3 1 1 0 0 0 0 2 2
split_gain=0.0794844 0.714394 0.212557 1.47365 0.511429 0.200775 0.840071 0.138274 0.535018 1.86683 0.514872 0.377622 1.81913 0.601817
threshold=43.500000000000007 42.500000000000007 40.500000000000007 6.5000000000000009 39.500000000000007 1.0000000180025095e-35 1.0000000180025095e-35 1.0000000180025095e-35 1.5000000000000002 1.0000000180025095e-35 3.5000000000000004 1.5000000000000002 1.5000000000000002 1.5000000000000002
decision_type=2 2 2 2 2 2 2 2 2 2 2 2 2 2
left_child=1 2 4 -4 -1 6 -3 8 9 -2 -10 12 -9 -13
right_child=7 5 3 -5 -6 -7 -8 11 10 -11 -12 13 -14 -15
leaf_value=-0.00077105040971120421 0.01406481793725827 -0.13208447127688167 -0.029987230201312158 0.074411854171698794 0.023862445303816253 -0.012660083331117938 -0.017961607619097368 0.029941892888122847 0.013845249005120401 -0.085352750395824892 -0.008205038174905652 -0.0024559095236233027 -0.042976592251332858 0.01992013481856449
leaf_weight=139.57599654840305 2.9374890024773768 0.62282763421535414 5.7625176338478914 1.0182299045845864 5.6108661415055385 1.0520940572023392 1.2242323858663438 11.033682195469735 12.231812732294204 2.0541011029854417 15.197726617567239 52.613641102099791 2.7317199101671568 9.0100498381070775
leaf_count=2631 52 23 159 36 111 5 62 239 122 63 291 804 48 154
internal_value=-5.50346e-05 -0.00121614 -0.000465657 -0.0143102 0.000180931 -0.0405548 -0.0564438 0.00161286 -0.00275602 -0.0268467 0.00162797 0.0034917 0.0154713 0.00081571
internal_weight=262.677 154.867 151.968 6.78075 145.187 2.89915 1.84706 107.81 32.4211 4.99159 27.4295 75.3891 13.7654 61.6237
internal_count=4800 3027 2937 195 2742 90 85 1773 528 115 413 1245 287 958
is_linear=0
shrinkage=0.08


Tree=139
num_leaves=15
num_cat=0
split_feature=0 1 4 2 4 4 0 4 4 4 0 4 4 4
split_gain=0.0909053 0.454101 1.54217 1.59499 1.34411 1.13757 0.217717 1.89184 2.71678 1.86933 0.406203 2.33721 0.240043 0.00386506
threshold=1.0000000180025095e-35 1.5000000000000002 19.500000000000004 1.0000000180025095e-35 14.500000000000002 31.500000000000004 1.5000000000000002 33.500000000000007 53.500000000000007 28.500000000000004 2.5000000000000004 15.500000000000002 78.500000000000014 15.500000000000002
decision_type=2 2 2 2 2 2 2 2 2 2 2 2 2 2
left_child=1 2 13 -4 -3 -6 7 9 -9 -2 11 -8 -12 -1
right_child=6 4 3 -5 5 -7 10 8 -10 -11 12 -13 -14 -15
leaf_value=-0.082121245519649638 -0.00018507660985030893 0.072960780206329026 -0.048410768542029844 0.027148160157475947 -0.08404040660172285 -0.012877072452553425 0.063248904803929223 0.046126519144112088 -0.048956603237192725 -0.08387912324772355 0.0010022305039157284 -0.021281639856371409 -0.026188100128939212 -0.091800809960011415
leaf_weight=0.65349843399599261 8.2302941391244548 0.92655669455416578 2.194906427524983 9.6446755817159993 1.8452318143099526 6.5081598637625575 2.375313286669555 10.355287422426043 2.3618618841283014 2.1552094705402842 195.13042099936865 17.637892669532448 2.1003447815310201 0.44297360256314278
leaf_count=43 190 30 63 199 60 146 59 208 97 54 3104 477 56 14
internal_value=-5.66437e-05 -0.00495279 0.00473457 0.0131405 -0.0184568 -0.0285968 0.000395922 0.00777938 0.0284674 -0.0175533 -0.000389266 -0.0112489 0.000712676 -0.0860318
internal_weight=262.563 22.216 12.9361 11.8396 9.27995 8.35339 240.347 23.1027 12.7171 10.3855 217.244 20.0132 197.231 1.09647
internal_count=4800 555 319 262 236 206 4245 549 305 244 3696 536 3160 57
is_linear=0
shrinkage=0.08


Tree=140
num_leaves=12
num_cat=0
split_feature=4 4 4 1 1 0 0 1 4 2 4
split_gain=0.0872424 0.548822 0.398893 0.63969 0.636339 1.96425 0.973729 0.293117 0.19543 1.30468 0.48447
threshold=55.500000000000007 54.500000000000007 56.500000000000007 1.0000000180025095e-35 1.0000000180025095e-35 5.5000000000000009 1.5000000000000002 1.5000000000000002 52.500000000000007 1.5000000000000002 50.500000000000007
decision_type=2 2 2 2 2 2 2 2 2 2 2
left_child=1 8 3 -2 6 -6 -4 -3 10 -10 -1
right_child=2 7 4 -5 5 -7 -8 -9 9 -11 -12
leaf_value=-0.00022271969471261775 0.063079856045632765 -0.054378611010062708 -0.083677926810337241 0.00066422101098431285 0.018850037488034301 -0.024010262475194919 -0.0073781618585951414 -0.0072760768715315295 0.020999942924673613 -0.052170377773121474 -0.025547196090575219
leaf_weight=191.4076283602044 1.7720793839544047 1.8328743427991858 1.1774971452541638 2.5822902210056782 23.881286624236964 9.5918988296762091 11.776380235329269 1.569636101834476 10.084236267954108 1.8449344057589776 4.9599435981363049
leaf_count=3634 24 34 47 36 352 192 177 33 126 23 122
internal_value=-6.46794e-05 -0.000779008 0.00291324 0.0260652 0.000741821 0.00656822 -0.0143137 -0.0326494 -0.000258407 0.00968361 -0.000862377
internal_weight=262.481 211.699 50.7814 4.35437 46.4271 33.4732 12.9539 3.40251 208.297 11.9292 196.368
internal_count=4800 3972 828 60 768 544 224 67 3905 149 3756
is_linear=0
shrinkage=0.08


Tree=141
num_leaves=14
num_cat=0
split_feature=0 1 4 4 4 4 4 3 0 4 4 4 4
split_gain=0.0789958 0.407495 1.45651 2.08198 1.34645 1.11129 0.934435 0.185229 0.558002 0.295173 0.211123 1.18485 0.787524
threshold=1.0000000180025095e-35 1.5000000000000002 44.500000000000007 30.500000000000004 13.500000000000002 31.500000000000004 59.500000000000007 1.0000000180025095e-35 2.5000000000000004 22.500000000000004 71.500000000000014 68.500000000000014 72.500000000000014
decision_type=2 2 2 2 2 2 2 2 2 2 2 2 2
left_child=1 2 3 -1 -3 -6 -4 10 -9 -10 11 -2 -12
right_child=7 4 6 -5 5 -7 -8 8 9 -11 12 -13 -14
leaf_value=0.022512708477409032 -0.00031604306628954401 0.075119413468405269 0.05307855455329525 -0.063077071399862947 -0.08372251568561119 -0.01231990547178429 -0.023629259715104014 0.031015641850734552 0.016790389903769309 -0.0032849964801331894 0.065641454582351585 -0.057639831958796184 -0.0001438606704661869
leaf_weight=3.7373168915510178 199.85623514093459 0.9039936044719078 4.3137899460271001 3.5435113068670034 1.7789203878492097 6.464051216840744 1.3296402748674152 4.8643938824534443 6.1476405821740654 19.733291879296303 1.4502538498491038 2.3346333904191843 5.9132550655631348
leaf_count=127 3864 28 56 91 62 146 45 25 30 98 13 58 157
internal_value=-6.32912e-05 -0.00464363 0.00450116 -0.019143 -0.0175648 -0.0277293 0.0350055 0.000357407 0.00615605 0.00148362 -0.000493356 -0.000977943 0.0128127
internal_weight=262.371 22.0712 12.9243 7.28083 9.14697 8.24297 5.64343 240.3 30.7453 25.8809 209.554 202.191 7.36351
internal_count=4800 555 319 218 236 208 101 4245 153 128 4092 3922 170
is_linear=0
shrinkage=0.08


Tree=142
num_leaves=14
num_cat=0
split_feature=4 4 2 0 4 0 0 0 1 1 0 4 4
split_gain=0.0776553 0.468834 0.384129 1.6014 1.2496 1.11461 0.332053 1.22231 0.559802 0.259589 0.170547 1.13428 0.414146
threshold=55.500000000000007 54.500000000000007 1.5000000000000002 3.5000000000000004 62.500000000000007 5.5000000000000009 3.5000000000000004 5.5000000000000009 1.0000000180025095e-35 1.5000000000000002 1.5000000000000002 35.500000000000007 34.500000000000007
decision_type=2 2 2 2 2 2 2 2 2 2 2 2 2
left_child=1 10 6 4 -4 -5 8 -8 -2 -3 11 -1 -12
right_child=2 9 3 5 -6 -7 7 -9 -10 -11 12 -13 -14
leaf_value=-0.0092468748317452113 -0.028989763463214177 -0.051152667531061326 0.11385342625516018 -0.064166857822473222 0.011438878246255226 0.022822926079463481 0.028430813891454791 -0.0092669269957353553 0.00054682665296007353 -0.0065373906918514803 0.0021016351138455915 0.017870601846161273 -0.0058986480235050376
leaf_weight=19.513900246703997 5.5672618062235424 1.7948950845748177 1.5537357032299035 1.6328039453364911 1.4972349521704016 2.2303457106463611 9.5682883275439981 12.961339280474929 15.653717687353492 1.5600961074233055 95.462965191341937 19.979285798501223 73.139292312320322
leaf_count=526 89 34 23 28 34 52 148 235 219 33 1634 382 1363
internal_value=-6.47171e-05 -0.000738745 0.00274835 0.020271 0.0635945 -0.0139443 -2.08293e-05 0.00674323 -0.00720201 -0.0304062 -0.000260435 0.00447164 -0.00136887
internal_weight=262.115 211.45 50.6647 6.91412 3.05097 3.86315 43.7506 22.5296 21.221 3.35499 208.095 39.4932 168.602
internal_count=4800 3972 828 137 57 80 691 383 308 67 3905 908 2997
is_linear=0
shrinkage=0.08


Tree=143
num_leaves=15
num_cat=0
split_feature=0 4 4 4 0 0 4 4 4 2 4 1 2 1
split_gain=0.0861241 0.369075 0.577894 1.16236 0.696348 0.410425 0.41735 0.225831 1.07021 2.0228 0.412151 0.598644 0.456462 0.32069
threshold=2.5000000000000004 9.5000000000000018 17.500000000000004 22.500000000000004 1.0000000180025095e-35 1.5000000000000002 1.0000000180025095e-35 46.500000000000007 40.500000000000007 1.5000000000000002 47.500000000000007 1.5000000000000002 1.0000000180025095e-35 1.0000000180025095e-35
decision_type=2 2 2 2 2 2 2 2 2 2 2 2 2 2
left_child=1 5 4 -4 -3 6 -1 8 13 -10 11 -9 -12 -2
right_child=7 2 3 -5 -6 -7 -8 10 9 -11 12 -13 -14 -15
leaf_value=0.03909157464755196 0.0083046840478437599 -0.029606488971172209 -0.04767170956857221 -0.0010053502086127936 0.033528660855832906 -0.084215568338866231 -0.040673971788133957 0.0018910906762652344 -0.031668964834186304 0.049617340092560969 0.014969280039975953 0.066697124113561643 -0.00065134747649629873 -0.0012051529748599316
leaf_weight=0.64887706004083101 32.104398605646566 1.4071533987298597 3.6557800583541384 52.071296013426036 5.4420483503490686 0.70764442579820741 1.1891726779285816 2.0773010589182368 14.079059147043155 2.2760319015942505 15.55103127309121 1.626580633223057 52.029794504400343 77.42740583489649
leaf_count=29 551 41 95 1288 97 33 57 31 318 56 220 20 701 1263
internal_value=-6.38199e-05 -0.00258624 -0.0013715 -0.00406673 0.0205577 -0.0324459 -0.0125148 0.000769286 -0.00126807 -0.0203569 0.0043672 0.030351 0.00294312 0.00158223
internal_weight=262.294 65.122 62.5763 55.7271 6.8492 2.54569 1.83805 197.172 125.887 16.3551 71.2847 3.70388 67.5808 109.532
internal_count=4800 1640 1521 1383 138 119 86 3160 2188 374 972 51 921 1814
is_linear=0
shrinkage=0.08


Tree=144
num_leaves=14
num_cat=0
split_feature=4 4 3 1 4 1 4 0 1 4 0 0 4
split_gain=0.0772832 0.749469 0.953879 1.1622 0.607469 1.081 0.763552 0.855649 0.706898 0.398516 1.16261 0.735544 0.348942
threshold=27.500000000000004 24.500000000000004 1.0000000180025095e-35 1.5000000000000002 28.500000000000004 1.5000000000000002 29.500000000000004 5.5000000000000009 1.0000000180025095e-35 22.500000000000004 6.5000000000000009 7.5000000000000009 34.500000000000007
decision_type=2 2 2 2 2 2 2 2 2 2 2 2 2
left_child=1 9 3 -3 5 8 7 -6 -2 11 -11 -1 -8
right_child=4 2 -4 -5 6 -7 12 -9 -10 10 -12 -13 -14
leaf_value=0.00098624878644314857 0.035353207399317695 -0.033981937928830315 -0.070014089085549916 0.014866357290247545 -0.013931506854779303 0.074398746682664219 0.0096051924681309648 -0.096883417279258199 -0.032707381571406242 0.0024166252918992547 0.069895117446697019 -0.041508471015150303 -0.00061181880461986192
leaf_weight=51.274886502185836 1.9786035642027846 6.4571710824966395 1.9919460266828544 6.0264583099633455 3.7029772084206334 1.9732607305049894 25.005898110568523 1.0136950016021726 1.9286909811198711 8.0267289206385595 2.0518408678472033 2.7465024797711513 148.10024740640074
leaf_count=934 34 158 10 107 70 28 465 30 30 139 32 101 2662
internal_value=-6.27909e-05 -0.00216253 -0.0186038 -0.0104005 0.000835332 0.0261329 -1.25035e-06 -0.0317593 0.00175762 0.00155036 0.0161542 -0.00117423 0.000864071
internal_weight=262.279 78.5755 14.4756 12.4836 183.703 5.88056 177.823 4.71667 3.90729 64.1 10.0786 54.0214 173.106
internal_count=4800 1481 275 265 3319 92 3227 100 64 1206 171 1035 3127
is_linear=0
shrinkage=0.08


Tree=145
num_leaves=13
num_cat=0
split_feature=0 1 4 3 4 4 4 4 4 4 3 4
split_gain=0.0786254 0.356968 1.19248 0.646453 0.81761 0.608493 0.220422 0.847322 0.295786 0.750587 0.443595 0.0644369
threshold=2.5000000000000004 1.0000000180025095e-35 63.500000000000007 1.0000000180025095e-35 9.5000000000000018 58.500000000000007 78.500000000000014 82.500000000000014 62.500000000000007 61.500000000000007 1.0000000180025095e-35 69.500000000000014
decision_type=2 2 2 2 2 2 2 2 2 2 2 2
left_child=1 2 5 4 -3 -1 8 -8 9 -2 -10 -4
right_child=6 3 11 -5 -6 -7 7 -9 10 -11 -12 -13
leaf_value=-0.01061060156572767 0.00057466709755191181 -0.080896867829764463 -0.082148098185672924 0.027493241743440946 -0.0005269795802686798 0.059045944316787058 -0.091840871540165361 0.013721774399917216 0.0056816265956568324 -0.04273589411758838 0.041442550253458166 -0.12487815333596687
leaf_weight=16.609697838779546 171.60714403702877 0.82663528621196647 0.51879247091710468 5.3199458569288245 40.501568222418427 0.84337709564715524 0.76959685399196986 1.3235817118547855 18.456216644030068 2.5997011195868245 2.5235210955142966 0.40001831576228142
leaf_count=398 2805 88 22 29 1059 21 20 36 254 33 12 23
internal_value=-6.30006e-05 -0.00247563 -0.0119211 0.00124435 -0.00213452 -0.00724462 0.00073216 -0.0250903 0.00100908 -7.16595e-05 0.00998308 -0.100751
internal_weight=262.3 65.02 18.3719 46.6481 41.3282 17.4531 197.28 2.09318 195.187 174.207 20.9797 0.918811
internal_count=4800 1640 464 1176 1147 419 3160 56 3104 2838 266 45
is_linear=0
shrinkage=0.08


Tree=146
num_leaves=15
num_cat=0
split_feature=0 2 4 4 4 1 4 4 2 0 4 0 4 4
split_gain=0.074937 1.37544 1.01258 1.69626 1.41991 0.984584 0.205528 1.45606 4.43884 2.9314 0.665571 1.00727 0.26029 0.00250302
threshold=7.5000000000000009 1.5000000000000002 37.500000000000007 40.500000000000007 22.500000000000004 1.5000000000000002 20.500000000000004 18.500000000000004 1.5000000000000002 6.5000000000000009 21.500000000000004 5.5000000000000009 31.500000000000004 32.500000000000007
decision_type=2 2 2 2 2 2 2 2 2 2 2 2 2 2
left_child=6 2 4 -4 -2 13 7 9 -9 -1 11 -8 -12 -3
right_child=1 5 3 -5 -6 -7 10 8 -10 -11 12 -13 -14 -15
leaf_value=0.0053988276174501424 -0.028151902346178325 -0.090016573628885974 -0.10171655502351686 0.004277626650620172 0.044251379170689331 0.023798295037622 -0.063932479123870595 0.071546448380459204 -0.095126535682465208 -0.0735110675367492 -0.0063819275768418372 0.024375409701491463 0.0006605093654964006 -0.083821418513988194
leaf_weight=33.620409951778129 2.2061933958903017 0.85253100562840634 1.0757926534861315 9.4931453114841116 8.0906630512326938 0.74133525323122729 2.5202224068343635 5.2793089319020501 1.268310025334358 3.309537280118092 43.440634071826935 1.2301733046770094 148.10122811165638 0.81774715147912502
leaf_count=615 87 22 22 191 142 22 40 92 16 82 801 21 2625 22
internal_value=-6.03297e-05 0.00427249 0.0108837 -0.00651133 0.0287383 -0.0529289 -0.000482732 0.00449172 0.039261 -0.00167281 -0.00159019 -0.0349665 -0.000936676 -0.0869835
internal_weight=262.047 23.2774 20.8658 10.5689 10.2969 2.41161 238.77 43.4776 6.54762 36.9299 195.292 3.7504 191.542 1.67028
internal_count=4800 508 442 213 229 66 4292 805 108 697 3487 61 3426 44
is_linear=0
shrinkage=0.08


Tree=147
num_leaves=9
num_cat=0
split_feature=4 4 4 4 0 4 1 0
split_gain=0.0811487 0.423334 0.237503 0.13641 0.594512 0.354167 0.116111 0.00664674
threshold=1.0000000180025095e-35 2.5000000000000004 1.5000000000000002 6.5000000000000009 5.5000000000000009 9.5000000000000018 1.0000000180025095e-35 3.5000000000000004
decision_type=2 2 2 2 2 2 2 2
left_child=6 2 -2 4 -3 -5 -1 -8
right_child=1 3 -4 5 -6 -7 7 -9
leaf_value=0.021077619637984265 -0.071678706814256532 -0.0065189802878163269 -0.010911186381675937 -0.030737334889760239 0.07802611364714708 0.00010116886248461607 -0.00032276261434718156 -0.0098299428880936814
leaf_weight=2.7616456169635049 0.80728472303599008 1.8092759733553969 0.83987926552072167 2.4063491707202038 0.75420387089252461 250.19325502181891 1.877649291418493 0.62806022400036443
leaf_count=34 20 58 24 77 34 4468 38 47
internal_value=-6.563e-05 -0.000267237 -0.0406937 -6.27062e-06 0.0183551 -0.000192609 0.00976374 -0.00270575
internal_weight=262.078 256.81 1.64716 255.163 2.56348 252.6 5.26736 2.50571
internal_count=4800 4681 44 4637 92 4545 119 85
is_linear=0
shrinkage=0.08


Tree=148
num_leaves=14
num_cat=0
split_feature=0 2 4 4 4 1 0 0 4 4 4 4 3
split_gain=0.0707715 0.31726 0.714754 1.90168 1.72484 0.458258 1.44375 0.887964 0.189693 0.726158 0.245814 0.68005 0.380819
threshold=2.5000000000000004 1.0000000180025095e-35 27.500000000000004 30.500000000000004 20.500000000000004 1.0000000180025095e-35 1.5000000000000002 1.0000000180025095e-35 78.500000000000014 82.500000000000014 62.500000000000007 59.500000000000007 1.0000000180025095e-35
decision_type=2 2 2 2 2 2 2 2 2 2 2 2 2
left_child=1 2 4 -4 -1 6 -3 -7 10 -10 11 -2 -12
right_child=8 5 3 -5 -6 7 -8 -9 9 -11 12 -13 -14
leaf_value=-0.0038946258104527345 0.00097599032365525064 0.0039611383990111647 0.11699459295144631 -0.011761090847938298 -0.11227773885985992 -0.012061985290716859 -0.053883911697804508 0.014125686350062547 -0.085578886415050626 0.01246800183043077 0.005167781789376772 -0.024689313667009393 0.038453483732740636
leaf_weight=2.769118479685857 167.36553761526011 10.139715870143844 0.80012585036456485 8.903182656504212 1.4224687339738009 12.547978311544282 3.7950017410330465 24.401423142524436 0.76113326800987069 1.3250771537423132 18.511035084258769 6.8789297863841048 2.4964721798896781
leaf_count=69 2751 247 26 241 44 319 105 589 20 36 254 87 12
internal_value=-6.11716e-05 -0.00235552 -0.0130693 -0.00114402 -0.0406758 0.000570091 -0.0117925 0.00523238 0.000691981 -0.0233034 0.000948365 -3.72403e-05 0.00912336
internal_weight=262.117 64.779 13.8949 9.70331 4.19159 50.8841 13.9347 36.9494 197.338 2.08621 195.252 174.244 21.0075
internal_count=4800 1640 380 267 113 1260 352 908 3160 56 3104 2838 266
is_linear=0
shrinkage=0.08


Tree=149
num_leaves=9
num_cat=0
split_feature=4 4 4 4 0 4 1 0
split_gain=0.0698457 0.363738 0.212685 0.113299 0.474114 0.303001 0.100294 0.00563436
threshold=1.0000000180025095e-35 2.5000000000000004 1.5000000000000002 6.5000000000000009 5.5000000000000009 9.5000000000000018 1.0000000180025095e-35 3.5000000000000004
decision_type=2 2 2 2 2 2 2 2
left_child=6 2 -2 4 -3 -5 -1 -8
right_child=1 3 -4 5 -6 -7 7 -9
leaf_value=0.019472407266167283 -0.067703896429469529 -0.0060157611037192499 -0.0098468929458989506 -0.028517107043939022 0.068298944507257653 9.078974960958827e-05 -0.00039723771605516985 -0.0091649627159732464
leaf_weight=2.7879745531827202 0.7905921502970148 1.803308843635022 0.83728742180392146 2.3921349910087875 0.7901832703500985 250.14724839758128 1.8785345731303098 0.62520116195082653
leaf_count=34 20 58 24 77 34 4468 38 47
internal_value=-6.23692e-05 -0.000249868 -0.0379456 -9.35025e-06 0.0166264 -0.000180194 0.00903534 -0.0025866
internal_weight=262.052 256.761 1.62788 255.133 2.59349 252.539 5.29171 2.50374
internal_count=4800 4681 44 4637 92 4545 119 85
is_linear=0
shrinkage=0.08


end of trees

feature_importances:
age=898
facility_enc=439
acuity_enc=271
pregnant=129
bleeding_enc=112

parameters:
[boosting: gbdt]
[objective: binary]
[metric: binary_logloss]
[tree_learner: serial]
[device_type: cpu]
[data_sample_strategy: bagging]
[data: ]
[valid: ]
[num_iterations: 150]
[learning_rate: 0.08]
[num_leaves: 31]
[num_threads: 16]
[seed: 0]
[deterministic: 0]
[force_col_wise: 0]
[force_row_wise: 0]
[histogram_pool_size: -1]
[max_depth: 4]
[min_data_in_leaf: 20]
[min_sum_hessian_in_leaf: 0.001]
[bagging_fraction: 1]
[pos_bagging_fraction: 1]
[neg_bagging_fraction: 1]
[bagging_freq: 0]
[bagging_seed: 3]
[bagging_by_query: 0]
[feature_fraction: 1]
[feature_fraction_bynode: 1]
[feature_fraction_seed: 2]
[extra_trees: 0]
[extra_seed: 6]
[early_stopping_round: 0]
[early_stopping_min_delta: 0]
[first_metric_only: 0]
[max_delta_step: 0]
[lambda_l1: 0]
[lambda_l2: 0]
[linear_lambda: 0]
[min_gain_to_split: 0]
[drop_rate: 0.1]
[max_drop: 50]
[skip_drop: 0.5]
[xgboost_dart_mode: 0]
[uniform_drop: 0]
[drop_seed: 4]
[top_rate: 0.2]
[other_rate: 0.1]
[min_data_per_group: 100]
[max_cat_threshold: 32]
[cat_l2: 10]
[cat_smooth: 10]
[max_cat_to_onehot: 4]
[top_k: 20]
[monotone_constraints: ]
[monotone_constraints_method: basic]
[monotone_penalty: 0]
[feature_contri: ]
[forcedsplits_filename: ]
[refit_decay_rate: 0.9]
[cegb_tradeoff: 1]
[cegb_penalty_split: 0]
[cegb_penalty_feature_lazy: ]
[cegb_penalty_feature_coupled: ]
[path_smooth: 0]
[interaction_constraints: ]
[verbosity: -1]
[saved_feature_importance_type: 0]
[use_quantized_grad: 0]
[num_grad_quant_bins: 4]
[quant_train_renew_leaf: 0]
[stochastic_rounding: 1]
[linear_tree: 0]
[max_bin: 255]
[max_bin_by_feature: ]
[min_data_in_bin: 3]
[bin_construct_sample_cnt: 200000]
[data_random_seed: 1]
[is_enable_sparse: 1]
[enable_bundle: 1]
[use_missing: 1]
[zero_as_missing: 0]
[feature_pre_filter: 1]
[pre_partition: 0]
[two_round: 0]
[header: 0]
[label_column: ]
[weight_column: ]
[group_column: ]
[ignore_column: ]
[categorical_feature: ]
[forcedbins_filename: ]
[precise_float_parser: 0]
[parser_config_file: ]
[objective_seed: 5]
[num_class: 1]
[is_unbalance: 0]
[scale_pos_weight: 1]
[sigmoid: 1]
[boost_from_average: 1]
[reg_sqrt: 0]
[alpha: 0.9]
[fair_c: 1]
[poisson_max_delta_step: 0.7]
[tweedie_variance_power: 1.5]
[lambdarank_truncation_level: 30]
[lambdarank_norm: 1]
[label_gain: ]
[lambdarank_position_bias_regularization: 0]
[eval_at: ]
[multi_error_top_k: 1]
[auc_mu_weights: ]
[num_machines: 1]
[local_listen_port: 12400]
[time_out: 120]
[machine_list_filename: ]
[machines: ]
[gpu_platform_id: -1]
[gpu_device_id: -1]
[gpu_use_dp: 0]
[num_gpu: 1]

end of parameters

pandas_categorical:[]
