tree
version=v4
num_class=1
num_tree_per_iteration=1
label_index=0
max_feature_idx=4
objective=binary sigmoid:1
feature_names=facility_enc acuity_enc bleeding_enc pregnant age
feature_infos=[0:8] [0:2] [0:2] [0:1] [0:90]
tree_sizes=1567 1809 1807 1818 1813 1809 1807 1809 1716 1822 1715 1823 1824 1821 1718 1719 1830 1830 1608 1622 1608 1526 1850 1615 1833 1613 1728 1631 1718 1630 1634 1733 1624 1505 1629 1747 1625 1725 1621 1727 1754 1626 1726 1745 1312 1746 1762 1527 1215 1626 1422 1643 1629 1204 1420 1631 1299 992 1743 1740 1631 998 1518 1547 1318 1408 1848 1313 1625 1748 1534 1837 1744 1606 1625 1646 1635 1639 1831 1419 1417 1756 1843 1203 1531 1745 1530 1205 995 990 1621 1849 1635 1429 1836 1848 1522 1745 1309 1196 1624 1850 1408 1004 1843 1414 1097 1550 1741 1414 1101 1851 1749 1104 995 1430 1422 1100 1836 1428 1642 1635 1107 1850 1432 1759 1735 1100 1437 1738 1102 1852 998 1847 1848 1434 1750 1320 1630 1446 1843 1539 1734 1100 1531 1851 1439 1866 1533 1428

Tree=0
num_leaves=14
num_cat=0
split_feature=0 1 1 0 0 2 4 4 4 4 4 4 2
split_gain=150.125 467.672 26.3852 39.1485 241.313 7.45764 7.2555 4.03379 9.04532 2.91908 2.17649 2.10622 1.14423
threshold=7.5000000000000009 1.0000000180025095e-35 1.0000000180025095e-35 3.5000000000000004 2.5000000000000004 1.5000000000000002 29.500000000000004 24.500000000000004 23.500000000000004 29.500000000000004 7.5000000000000009 27.500000000000004 1.5000000000000002
decision_type=2 2 2 2 2 2 2 2 2 2 2 2 2
left_child=2 5 3 4 -1 6 -2 8 -4 -9 -3 -5 -12
right_child=1 10 7 11 -6 -7 -8 9 -10 -11 12 -13 -14
leaf_value=-2.6434834500172468 -1.8370069999188818 -2.5580775332079351 -2.632538277965744 -2.6674562466627152 -2.1856065543232557 -2.1564388974019812 -2.0007208447490812 -2.6785211384496246 -2.5134510181183845 -2.6439469956445905 -2.6570048428819733 -2.6287933955806073 -2.6005271451223853
leaf_weight=29.706873893737793 2.4328905344009364 1.7926561832428003 45.776756107807159 13.060780763626097 9.7955855727195722 1.3444921374320991 6.0182029008865356 17.862538397312164 4.4816404581069937 124.97374534606934 18.310702443122867 29.130662977695465 2.6249608397483817
leaf_count=464 38 28 715 204 153 21 94 279 70 1952 286 455 41
internal_value=-2.60605 -2.44352 -2.62529 -2.58718 -2.52994 -1.98143 -1.95359 -2.64141 -2.62192 -2.64827 -2.64268 -2.64076 -2.64992
internal_weight=307.312 32.5239 274.789 81.6939 39.5025 9.79559 8.45109 193.095 50.2584 142.836 22.7283 42.1914 20.9357
internal_count=4800 508 4292 1276 617 153 132 3016 785 2231 355 659 327
is_linear=0
shrinkage=1


Tree=1
num_leaves=16
num_cat=0
split_feature=1 0 0 0 4 4 4 0 4 2 0 4 4 4 1
split_gain=109.944 217.335 30.2233 134.865 4.82122 3.73271 5.89493 4.6377 2.67858 2.30855 2.27335 1.98606 1.97397 1.86997 1.22846
threshold=1.0000000180025095e-35 7.5000000000000009 3.5000000000000004 2.5000000000000004 50.500000000000007 24.500000000000004 21.500000000000004 2.5000000000000004 29.500000000000004 1.5000000000000002 1.0000000180025095e-35 27.500000000000004 41.500000000000007 58.500000000000007 1.5000000000000002
decision_type=2 2 2 2 2 2 2 2 2 2 2 2 2 2 2
left_child=1 2 3 -1 12 6 14 -8 9 -7 -10 -4 -3 -6 -2
right_child=5 4 11 -5 13 8 7 -9 10 -11 -12 -13 -14 -15 -16
leaf_value=-0.03562044327043825 -0.044574076225967395 0.32534859943315414 -0.05971474217320856 0.26788255999557298 0.45984223400913804 -0.080457039416220871 0.10038085540823724 -0.0033140369522752394 -0.065027593267073497 -0.0028534874515312786 -0.03246572720000282 -0.021356232258452918 0.24408687684035252 0.35476147629301225 -0.017353690306496403
leaf_weight=28.760539174079895 19.423359829932451 9.5952152609825152 12.384116873145102 13.898411236703394 2.1797249391674987 15.84451322630048 4.2915126085281354 7.7368210852146149 15.489752404391764 2.9027863293886176 120.2611171156168 28.563886508345604 2.3895968422293654 2.1557948961853981 23.38731512054801
leaf_count=464 310 88 204 153 21 263 66 119 250 48 1942 455 23 21 373
internal_value=-0.000775619 0.0682629 0.0161368 0.0632617 0.335298 -0.0337312 -0.0158006 0.0336826 -0.0400957 -0.0684411 -0.0361812 -0.0329572 0.309146 0.407592 -0.0297037
internal_weight=309.264 99.9273 83.607 42.659 16.3203 209.337 54.839 12.0283 154.498 18.7473 135.751 40.948 11.9848 4.33552 42.8107
internal_count=4800 1429 1276 617 153 3371 868 185 2503 311 2192 659 111 42 683
is_linear=0
shrinkage=0.08


Tree=2
num_leaves=16
num_cat=0
split_feature=1 0 0 0 4 4 4 4 0 2 0 4 4 4 4
split_gain=89.034 132.364 24.219 89.3521 3.41913 5.24485 2.59116 2.4706 2.33701 2.24449 2.17396 1.86658 1.7433 1.02839 0.30684
threshold=1.0000000180025095e-35 7.5000000000000009 3.5000000000000004 2.5000000000000004 24.500000000000004 23.500000000000004 29.500000000000004 30.500000000000004 2.5000000000000004 1.5000000000000002 1.0000000180025095e-35 27.500000000000004 18.500000000000004 53.500000000000007 22.500000000000004
decision_type=2 2 2 2 2 2 2 2 2 2 2 2 2 2 2
left_child=1 2 3 -1 5 12 9 14 -7 -6 -8 -4 -2 -9 -3
right_child=4 7 11 -5 6 8 10 13 -10 -11 -12 -13 -14 -15 -16
leaf_value=-0.033846564932125886 -0.033265438402371679 0.18853604723828263 -0.058008832341079314 0.19846607701467955 -0.079662710857936428 0.13379907311492303 -0.063465399148710466 0.27668229158414281 0.022713205569719782 -0.0026320254182951551 -0.03076079392419773 -0.02003079342599226 -0.00047543995470218273 0.2300471761854507 0.22119964177199872
leaf_weight=27.883518695831299 33.627849388867617 4.2092250883579281 11.754554495215414 17.090402975678444 14.766294404864313 1.8102638125419606 14.636592939496039 8.6164738833904249 3.6678477227687836 2.8955824375152579 116.91436403989792 28.040037788450718 15.008139822632073 4.6645953506231299 3.2709443867206573
leaf_count=464 550 30 204 153 263 24 250 66 54 48 1942 455 240 34 23
internal_value=-0.00107074 0.0585503 0.0142101 0.0544339 -0.0320149 -0.0147884 -0.0382624 0.239592 0.059422 -0.0670339 -0.0343996 -0.0312488 -0.0231471 0.260303 0.202819
internal_weight=308.857 105.53 84.7685 44.9739 203.327 54.1141 149.213 20.7612 5.47811 17.6619 131.551 39.7946 48.636 13.2811 7.48017
internal_count=4800 1429 1276 617 3371 868 2503 153 78 311 2192 659 790 100 53
is_linear=0
shrinkage=0.08


Tree=3
num_leaves=16
num_cat=0
split_feature=1 0 0 0 4 4 0 4 2 0 4 4 1 4 4
split_gain=73.4743 90.2289 19.7625 63.897 3.12159 4.36143 4.31637 2.49935 2.18053 2.07208 1.74831 1.45904 1.16164 1.13742 0.467946
threshold=1.0000000180025095e-35 7.5000000000000009 3.5000000000000004 2.5000000000000004 24.500000000000004 21.500000000000004 1.0000000180025095e-35 29.500000000000004 1.5000000000000002 1.0000000180025095e-35 27.500000000000004 50.500000000000007 1.5000000000000002 41.500000000000007 58.500000000000007
decision_type=2 2 2 2 2 2 2 2 2 2 2 2 2 2 2
left_child=1 2 3 -1 5 12 -7 8 -6 -9 -4 13 -2 -3 -13
right_child=4 11 10 -5 7 6 -8 9 -10 -11 -12 14 -14 -15 -16
leaf_value=-0.032114083190819195 -0.041559541838081866 0.18553026706470191 -0.056287324074473864 0.15721663501302927 -0.078877967100618326 -0.0869507158671146 0.046275490923132649 -0.061883774765567223 -0.0024272635584409456 -0.029103946574827875 -0.018766129245012815 0.23938217234160408 -0.014401562093654334 0.13421956447498548 0.19724949319188398
leaf_weight=27.071138501167297 18.261320658028126 14.006960406899458 11.169239223003386 19.717549324035645 13.761161237955095 1.8169510960578907 10.853151448071001 13.842646963894365 2.8889508247375479 113.81600393354893 27.556026820093393 3.5183631330728522 22.498965580016375 3.4449588060379019 3.241340234875679
leaf_count=464 310 88 204 153 263 25 160 250 48 1942 455 21 373 23 21
internal_value=-0.00121269 0.0512865 0.0126851 0.0476731 -0.0303445 -0.0138255 0.0271702 -0.0364607 -0.0656131 -0.0326584 -0.0295881 0.187624 -0.0265688 0.175402 0.219179
internal_weight=307.465 109.726 85.514 46.7887 197.739 53.4304 12.6701 144.309 16.6501 127.659 38.7253 24.2116 40.7603 17.4519 6.7597
internal_count=4800 1429 1276 617 3371 868 185 2503 311 2192 659 153 683 111 42
is_linear=0
shrinkage=0.08


Tree=4
num_leaves=16
num_cat=0
split_feature=1 0 0 0 4 4 4 2 0 0 4 4 4 4 4
split_gain=61.3021 65.4806 16.3072 47.768 2.83937 3.8344 2.40331 2.11643 1.96816 1.77284 1.63186 1.43224 1.02968 0.649841 0.165426
threshold=1.0000000180025095e-35 7.5000000000000009 3.5000000000000004 2.5000000000000004 24.500000000000004 23.500000000000004 29.500000000000004 1.5000000000000002 1.0000000180025095e-35 2.5000000000000004 27.500000000000004 18.500000000000004 30.500000000000004 53.500000000000007 20.500000000000004
decision_type=2 2 2 2 2 2 2 2 2 2 2 2 2 2 2
left_child=1 2 3 -1 5 11 7 -6 -8 -7 -4 -2 14 -14 -3
right_child=4 12 10 -5 6 9 8 -9 -10 -11 -12 -13 13 -15 -16
leaf_value=-0.030426165418989553 -0.030152374608004441 0.12291881811167679 -0.054550752449229141 0.12944649511217732 -0.078097764248078808 0.10820951537850607 -0.060281276049203032 -0.0022380198791453042 -0.027497770999226491 0.016061087450380099 -0.017561965700331847 -0.00015004582424824292 0.17708406029013865 0.14473104964623418 0.14413334785391543
leaf_weight=26.31898045539856 31.924735710024834 4.9330262690782565 10.625423043966292 21.925259739160538 12.824956204742191 2.035648636519908 13.104341924190519 2.8828465193510047 110.94882509857416 3.888912171125412 27.108961921185255 14.952796395868061 11.417437702417375 6.0941824018955222 4.4968505948781967
leaf_count=464 550 28 204 153 263 24 250 48 1942 54 455 240 66 34 25
internal_value=-0.00127973 0.0455191 0.0114174 0.0422302 -0.0287228 -0.0129183 -0.0346938 -0.0641753 -0.0309609 0.0477228 -0.0279774 -0.0205824 0.154348 0.165825 0.133035
internal_weight=305.483 112.92 85.9786 48.2442 192.563 52.8021 139.761 15.7078 124.053 5.92456 37.7344 46.8775 26.9415 17.5116 9.42988
internal_count=4800 1429 1276 617 3371 868 2503 311 2192 78 659 790 153 100 53
is_linear=0
shrinkage=0.08


Tree=5
num_leaves=16
num_cat=0
split_feature=1 0 0 0 2 4 0 4 0 4 4 4 4 4 4
split_gain=51.4913 49.3416 13.5586 36.7613 2.71621 3.39203 3.8465 1.72629 1.6974 3.65791 1.90445 1.51779 0.921078 1.85891 0.505386
threshold=1.0000000180025095e-35 7.5000000000000009 3.5000000000000004 2.5000000000000004 1.5000000000000002 30.500000000000004 2.5000000000000004 21.500000000000004 4.5000000000000009 51.500000000000007 71.500000000000014 27.500000000000004 43.500000000000007 53.500000000000007 35.500000000000007
decision_type=2 2 2 2 2 2 2 2 2 2 2 2 2 2 2
left_child=1 2 3 -1 8 7 -7 -6 10 -10 -2 -4 14 -14 -3
right_child=4 12 11 -5 5 6 -8 -9 9 -11 -12 -13 13 -15 -16
leaf_value=-0.028785729794674992 -0.04106300742728404 0.12807152125946669 -0.052800345459923806 0.10929766929361982 -0.0020536044770815393 0.024254116805785771 -0.051772281795927917 0.064040431969451556 -0.011814100321409882 -0.055272870140228927 0.015543185337498931 -0.01641773853678485 0.19267584351876749 0.12340319755867382 0.098455086464711475
leaf_weight=25.622875332832336 85.371364567428827 13.553194165229803 10.120472699403761 23.801209196448326 4.8106076568365115 6.5995606146752861 12.009647756814955 5.3327224478125572 53.512434974312782 16.132073625922203 3.981221478432416 26.696141250431538 3.9876682609319669 6.5539552122354507 5.0658714324235907
leaf_count=464 1539 71 204 153 84 123 214 84 964 290 73 455 21 34 27
internal_value=-0.00130241 0.040752 0.0103337 0.0377112 -0.0271514 -0.00452376 -0.0248103 0.0326945 -0.0312433 -0.0218807 -0.0385408 -0.0264189 0.130712 0.149608 0.120013
internal_weight=303.151 115.401 86.2407 49.4241 187.75 28.7525 18.6092 10.1433 158.997 69.6445 89.3526 36.8166 29.1607 10.5416 18.6191
internal_count=4800 1429 1276 617 3371 505 337 168 2866 1254 1612 659 153 55 98
is_linear=0
shrinkage=0.08


Tree=6
num_leaves=16
num_cat=0
split_feature=1 0 0 0 0 2 0 4 1 4 4 4 4 4 4
split_gain=43.4551 38.1986 11.3344 28.871 2.74425 2.97311 8.96925 2.63204 4.81826 2.45732 1.40669 1.39557 0.820733 1.00391 0.224391
threshold=1.0000000180025095e-35 7.5000000000000009 3.5000000000000004 2.5000000000000004 1.0000000180025095e-35 1.5000000000000002 1.5000000000000002 56.500000000000007 1.5000000000000002 21.500000000000004 27.500000000000004 78.500000000000014 50.500000000000007 41.500000000000007 58.500000000000007
decision_type=2 2 2 2 2 2 2 2 2 2 2 2 2 2 2
left_child=1 2 3 -1 7 11 -7 9 -9 -2 -4 -6 13 -3 -14
right_child=4 12 10 -5 5 6 -8 8 -10 -11 -12 -13 14 -15 -16
leaf_value=-0.02719540653833076 -0.016538717846670509 0.11332633302829674 -0.051037946028218428 0.09392383034057733 -0.025690965966006788 0.12279106509642752 -0.015886734457297588 0.10816960674137484 -0.084361162625291572 -0.084588615363497127 -0.015332594521387022 -0.084979698076624657 0.14605546754806659 0.070865155095956214 0.12035955923927359
leaf_weight=24.978908002376556 4.6761466860771241 17.779432684183128 9.6518750041723234 25.406671687960625 134.96038598939776 3.4552566744387176 21.924416180700064 1.662156529724597 1.6654353849589825 12.407036580145357 26.31504263728857 2.5896553620696059 4.5519361793994886 4.456947833299636 4.1651726365089417
leaf_count=464 85 88 204 153 2479 58 386 34 34 248 455 47 21 23 21
internal_value=-0.00130098 0.0367225 0.00939047 0.0338784 -0.0256294 -0.0221652 0.00299323 -0.0532824 0.0118094 -0.0659614 -0.0249143 -0.0268072 0.112972 0.104816 0.133778
internal_weight=300.646 117.306 86.3525 50.3856 183.34 162.93 25.3797 20.4108 3.32759 17.0832 35.9669 137.55 30.9535 22.2364 8.71711
internal_count=4800 1429 1276 617 3371 2970 444 401 68 333 659 2526 153 111 42
is_linear=0
shrinkage=0.08


Tree=7
num_leaves=16
num_cat=0
split_feature=1 0 0 0 0 2 0 4 1 4 4 4 4 4 4
split_gain=36.812 30.1775 9.51294 23.0136 2.56452 2.61194 6.85336 2.44703 3.96075 2.43109 1.3432 1.29908 0.627115 0.75976 0.186669
threshold=1.0000000180025095e-35 7.5000000000000009 3.5000000000000004 2.5000000000000004 1.0000000180025095e-35 1.5000000000000002 1.5000000000000002 56.500000000000007 1.5000000000000002 21.500000000000004 78.500000000000014 27.500000000000004 50.500000000000007 41.500000000000007 58.500000000000007
decision_type=2 2 2 2 2 2 2 2 2 2 2 2 2 2 2
left_child=1 2 3 -1 7 10 -7 9 -9 -2 -6 -4 13 -3 -14
right_child=4 12 11 -5 5 6 -8 8 -10 -11 -12 -13 14 -15 -16
leaf_value=-0.025657492574668254 -0.015449446458677414 0.099308575796873022 -0.049265980313360748 0.081761066803638371 -0.024202667330545279 0.10113419954805342 -0.014830187578102436 0.089976753877304014 -0.084008368000372882 -0.08421782203528505 -0.084574061404582054 -0.014305406703463674 0.12777209848105525 0.063016811094228076 0.10491365187089115
leaf_weight=24.383391499519348 4.6082846038043561 18.626822307705883 9.2172383666038495 26.787769138813019 131.92793994024396 3.8410871997475651 21.620515502989292 1.8304001726210108 1.5435842946171761 11.501512784510849 2.4015522040426722 25.963315106928349 4.7765039354562742 4.6044055223464957 4.3858846873044968
leaf_count=464 85 88 204 153 2479 58 386 34 34 248 47 455 21 23 21
internal_value=-0.00128725 0.03326 0.00855881 0.0305754 -0.0241701 -0.020829 0.00266397 -0.0515715 0.0103793 -0.0645463 -0.025282 -0.023465 0.099106 0.0921156 0.11683
internal_weight=298.02 118.745 86.3517 51.1712 179.275 159.791 25.4616 19.4838 3.37398 16.1098 134.329 35.1806 32.3936 23.2312 9.16239
internal_count=4800 1429 1276 617 3371 2970 444 401 68 333 2526 659 153 111 42
is_linear=0
shrinkage=0.08


Tree=8
num_leaves=15
num_cat=0
split_feature=1 0 0 0 4 4 4 0 4 4 2 1 2 4
split_gain=31.2575 24.1946 8.10085 13.862 2.82968 2.55595 3.56662 3.75104 2.60571 2.02692 1.80989 1.4259 0.805773 1.59919
threshold=1.0000000180025095e-35 7.5000000000000009 4.5000000000000009 2.5000000000000004 42.500000000000007 24.500000000000004 20.500000000000004 2.5000000000000004 29.500000000000004 30.500000000000004 1.5000000000000002 1.5000000000000002 1.5000000000000002 31.500000000000004
decision_type=2 2 2 2 2 2 2 2 2 2 2 2 2 2
left_child=1 2 3 -1 -4 6 11 -8 10 -10 -7 -2 13 -3
right_child=5 12 4 -5 -6 8 7 -9 9 -11 -12 -13 -14 -15
leaf_value=-0.024173928921416676 -0.040620203703748824 0.11717163222480219 -0.0077003715188550996 0.053902578040321662 -0.062202345068582965 -0.076389514336097433 0.079309694039097073 -0.0042475496005955054 0.037224437575780769 -0.026599278749015104 -0.0065032658228173406 -0.0075582529811484469 0.055479319238475919 0.078378624556319179
leaf_weight=23.832875669002533 14.527590118348597 10.746597334742548 14.574642580002548 37.378222916275263 10.480904638767241 10.994890268892048 5.2974070757627478 9.798472121357916 3.2804853878915301 108.94073563069105 3.0239004008471957 19.628382865339518 4.2854939699172965 18.523927077651024
leaf_count=464 279 48 292 334 186 263 78 155 63 2129 48 356 21 84
internal_value=-0.0012591 0.030239 0.00781856 0.0235031 -0.0304989 -0.0227654 -0.00730843 0.0250741 -0.0287959 -0.0247336 -0.0613148 -0.0216205 0.0878779 0.0926214
internal_weight=295.315 119.823 86.2666 61.2111 25.0555 175.492 49.2519 15.0959 126.24 112.221 14.0188 34.156 33.556 29.2705
internal_count=4800 1429 1276 798 478 3371 868 233 2503 2192 311 635 153 132
is_linear=0
shrinkage=0.08


Tree=9
num_leaves=16
num_cat=0
split_feature=1 0 0 0 0 4 1 4 2 0 4 4 4 4 4
split_gain=26.5539 19.6352 7.36101 15.7337 2.47892 2.35161 3.39755 2.44893 2.27941 5.3283 1.31459 1.29275 0.718938 0.451888 0.0984784
threshold=1.0000000180025095e-35 7.5000000000000009 3.5000000000000004 2.5000000000000004 1.0000000180025095e-35 56.500000000000007 1.5000000000000002 21.500000000000004 1.5000000000000002 1.5000000000000002 78.500000000000014 27.500000000000004 30.500000000000004 53.500000000000007 22.500000000000004
decision_type=2 2 2 2 2 2 2 2 2 2 2 2 2 2 2
left_child=1 2 3 -1 5 7 -7 -2 10 -10 -6 -4 14 -14 -3
right_child=4 12 11 -5 8 6 -8 -9 9 -11 -12 -13 13 -15 -16
leaf_value=-0.022746278269338737 -0.013195587045415283 0.056298190991050809 -0.047895298119442001 0.065677345962775191 -0.021344191580417241 0.080152597364100006 -0.083588686834549911 -0.083880048788523495 0.086869274139555752 -0.012434376507249139 -0.084092849709620804 -0.012459877290596513 0.09520445338774558 0.071351392557205309 0.070891049982789764
leaf_weight=23.324122965335846 4.4730366207659271 6.7154316604137403 8.9032363630831224 28.757779508829117 126.39090667665005 1.9356610737740985 1.3958680219948292 10.502142522484062 4.1415619850158718 20.955241065472364 2.1735347844660273 25.348892785608768 14.730664506554605 7.7611080110073081 5.2919217795133591
leaf_count=464 85 30 204 153 2479 34 34 248 58 386 47 455 66 34 23
internal_value=-0.00122069 0.0275201 0.00713427 0.0260781 -0.0214154 -0.0492429 0.0115471 -0.0627668 -0.0181001 0.00395306 -0.022405 -0.0216707 0.0785355 0.0869736 0.0627296
internal_weight=292.801 120.833 86.334 52.0819 171.968 18.3067 3.33153 14.9752 153.661 25.0968 128.564 34.2521 34.4991 22.4918 12.0074
internal_count=4800 1429 1276 617 3371 401 68 333 2970 444 2526 659 153 100 53
is_linear=0
shrinkage=0.08


Tree=10
num_leaves=15
num_cat=0
split_feature=1 0 0 0 0 4 1 4 4 4 4 4 2 4
split_gain=22.6072 16.04 6.22126 12.8554 2.29535 2.17779 2.86996 2.41315 2.06857 4.95505 2.27116 1.18424 0.625743 1.41847
threshold=1.0000000180025095e-35 7.5000000000000009 3.5000000000000004 2.5000000000000004 1.0000000180025095e-35 56.500000000000007 1.5000000000000002 21.500000000000004 24.500000000000004 21.500000000000004 29.500000000000004 27.500000000000004 1.5000000000000002 29.500000000000004
decision_type=2 2 2 2 2 2 2 2 2 2 2 2 2 2
left_child=1 2 3 -1 5 7 -7 -2 9 -6 -10 -4 13 -3
right_child=4 12 11 -5 8 6 -8 -9 10 -11 -12 -13 -14 -15
leaf_value=-0.021375714288560787 -0.012289420115496772 0.10139107971401894 -0.046113748814338641 0.058443438098797679 -0.018168989782259972 0.068536502685460174 -0.083300929284143524 -0.083569514695191055 -0.056308187965636664 0.044280229311225119 -0.018796088584408868 -0.011595276655362663 0.042738651368793894 0.06362100133971825
leaf_weight=22.854111909866333 4.4208738841116455 8.9896621853113192 8.5233127921819669 29.689886972308159 31.251805543899536 2.0761272348463526 1.292818855494261 9.7292589247226697 11.555042110383509 10.991490311920641 97.402967773377895 25.071836709976196 4.507428675889968 21.78421775996685
leaf_count=464 85 38 204 153 598 34 34 248 270 160 1942 455 21 94
internal_value=-0.00118012 0.0251436 0.00653477 0.0237259 -0.0201241 -0.0475369 0.0102695 -0.0612997 -0.0169479 -0.00192002 -0.0227743 -0.0203528 0.0705769 0.0746544
internal_weight=290.141 121.42 86.1391 52.544 168.72 17.5191 3.36895 14.1501 151.201 42.2433 108.958 33.5951 35.2813 30.7739
internal_count=4800 1429 1276 617 3371 401 68 333 2970 758 2212 659 153 132
is_linear=0
shrinkage=0.08


Tree=11
num_leaves=16
num_cat=0
split_feature=1 0 0 0 4 0 2 0 4 1 4 4 4 4 4
split_gain=19.2685 13.2111 5.37434 8.03507 2.87626 2.11847 2.02969 4.27432 2.01543 2.45413 2.37467 1.27411 0.690992 0.53852 0.171083
threshold=1.0000000180025095e-35 7.5000000000000009 4.5000000000000009 2.5000000000000004 42.500000000000007 1.0000000180025095e-35 1.5000000000000002 1.5000000000000002 56.500000000000007 1.5000000000000002 21.500000000000004 78.500000000000014 50.500000000000007 41.500000000000007 58.500000000000007
decision_type=2 2 2 2 2 2 2 2 2 2 2 2 2 2 2
left_child=1 2 3 -1 -4 8 11 -8 10 -10 -2 -7 13 -3 -14
right_child=5 12 4 -5 -6 6 7 -9 9 -11 -12 -13 14 -15 -16
leaf_value=-0.020063024559745547 -0.011436061464800728 0.062642416596575115 -0.0031305601562397153 0.039768405749530306 -0.059964586250580883 -0.018997402775608678 0.076714792522593472 -0.010353033730150318 0.059267785054014366 -0.08303711295429464 -0.083284741317856084 -0.083692727892553928 0.091808129172219491 0.033753496639813897 0.070883604461164429
leaf_weight=22.420014619827271 4.3727690801024464 20.715927273035053 13.794425994157793 39.984361607581377 9.7107120528817159 122.14877801388502 4.3837450891733196 20.406226392835379 2.202925242483615 1.1970597170293333 9.0106993075460178 1.9798188470304001 5.1440900862216932 5.1579330861568442 4.8667302578687668
leaf_count=464 85 88 292 334 186 2479 58 386 34 34 248 47 21 23 21
internal_value=-0.00113609 0.0230212 0.00599256 0.0182728 -0.0266105 -0.0188922 -0.0158555 0.00504364 -0.0458367 0.00916537 -0.0598097 -0.0200293 0.0637886 0.0568834 0.0816357
internal_weight=287.496 121.794 85.9095 62.4044 23.5051 165.702 148.919 24.79 16.7835 3.39998 13.3835 124.129 35.8847 25.8739 10.0108
internal_count=4800 1429 1276 798 478 3371 2970 444 401 68 333 2526 153 111 42
is_linear=0
shrinkage=0.08


Tree=12
num_leaves=16
num_cat=0
split_feature=1 0 0 0 4 4 0 4 4 2 0 4 4 4 4
split_gain=16.4152 10.9586 4.83031 9.04029 2.01355 3.03275 3.71079 2.40185 1.84095 1.81264 1.20112 1.17161 0.672901 0.404768 0.0821749
threshold=1.0000000180025095e-35 7.5000000000000009 3.5000000000000004 2.5000000000000004 24.500000000000004 18.500000000000004 2.5000000000000004 29.500000000000004 30.500000000000004 1.5000000000000002 7.5000000000000009 27.500000000000004 30.500000000000004 53.500000000000007 20.500000000000004
decision_type=2 2 2 2 2 2 2 2 2 2 2 2 2 2 2
left_child=1 2 3 -1 5 10 -7 9 -9 -6 -2 -4 14 -14 -3
right_child=4 12 11 -5 7 6 -8 8 -10 -11 -12 -13 13 -15 -16
leaf_value=-0.01880862450210978 -0.026480022908895697 0.036814138304483233 -0.044742079265737117 0.048209427931870032 -0.074378704226986753 0.068668409053570981 -0.0047951161789438921 0.040247259803995412 -0.021364359714542279 -0.0013601728332804501 0.028552520628714734 -0.0098904968219317244 0.073386169656475847 0.05138652999104136 0.04973393279501593
leaf_weight=22.019195079803467 24.806666389107708 6.6149376779794675 8.2489790320396406 31.042802855372429 9.2276667039841396 6.6861467175185707 12.872746378183363 3.2028030194342128 100.43953145295382 2.8471808284521094 2.8275071680545798 24.533339846879244 15.572945609688761 8.1555963456630689 6.0162612795829773
leaf_count=464 495 28 204 153 263 103 215 63 2129 48 55 455 66 34 25
internal_value=-0.00108918 0.0210741 0.00548297 0.0203989 -0.0177146 -0.00378759 0.0203182 -0.0233944 -0.0194604 -0.0571613 -0.0208491 -0.0186602 0.0578844 0.0658248 0.0429679
internal_weight=285.114 122.204 85.8443 53.062 162.91 47.1931 19.5589 115.717 103.642 12.0748 27.6342 32.7823 36.3597 23.7285 12.6312
internal_count=4800 1429 1276 617 3371 868 318 2503 2192 311 550 659 153 100 53
is_linear=0
shrinkage=0.08


Tree=13
num_leaves=16
num_cat=0
split_feature=1 0 0 0 0 4 4 1 4 2 4 4 4 4 1
split_gain=14.0005 9.10583 4.09629 7.48455 2.00802 1.91956 2.37436 2.16024 1.88834 1.91592 1.06491 0.611993 1.29636 0.248117 7.4921e-06
threshold=1.0000000180025095e-35 7.5000000000000009 3.5000000000000004 2.5000000000000004 1.0000000180025095e-35 56.500000000000007 12.500000000000002 1.5000000000000002 78.500000000000014 1.5000000000000002 27.500000000000004 43.500000000000007 53.500000000000007 35.500000000000007 1.5000000000000002
decision_type=2 2 2 2 2 2 2 2 2 2 2 2 2 2 2
left_child=1 2 3 -1 5 6 -2 -7 9 -6 -4 13 -13 -3 -10
right_child=4 11 10 -5 8 7 -8 -9 14 -11 -12 12 -14 -15 -16
leaf_value=-0.017612557260687861 0.011845040098330779 0.04991135847720108 -0.042962433928993564 0.043415576661912474 -0.0166112794147436 0.054387520589391933 -0.075369231445437918 -0.082736043343332497 -0.083394857128897382 0.0082137730485187452 -0.0091827700507961484 0.098387234391433639 0.046829746646987198 0.031440711206665944 -0.083686359313204103
leaf_weight=21.649193584918976 2.4947101213037959 17.113161772489551 7.9173257835209361 31.684221357107162 118.08800393715501 2.2757555022835723 10.029860731214283 1.0862503200769427 0.89192088320851248 23.928107362240553 24.319445576518774 5.0281276553869239 8.2299125641584379 6.3933813422918311 1.5361623987555504
leaf_count=464 51 71 204 153 2479 34 282 34 23 431 455 21 34 27 37
internal_value=-0.0010415 0.0193411 0.00503474 0.0186429 -0.0165937 -0.0435898 -0.0579974 0.0100835 -0.0136246 -0.0124285 -0.017479 0.0526393 0.066383 0.0448877 -0.0835793
internal_weight=282.666 122.335 85.5702 53.3334 160.331 15.8866 12.5246 3.36201 144.444 142.016 32.2368 36.7646 13.258 23.5065 2.42808
internal_count=4800 1429 1276 617 3371 401 333 68 2970 2910 659 153 55 98 60
is_linear=0
shrinkage=0.08


Tree=14
num_leaves=15
num_cat=0
split_feature=1 0 0 0 4 0 4 4 4 2 4 4 4 1
split_gain=11.9414 7.59897 3.60048 4.78918 2.87819 1.83715 1.79745 1.77897 1.75343 1.6534 0.57723 0.585435 0.131594 5.83832e-06
threshold=1.0000000180025095e-35 7.5000000000000009 4.5000000000000009 2.5000000000000004 42.500000000000007 1.0000000180025095e-35 69.500000000000014 78.500000000000014 12.500000000000002 1.5000000000000002 50.500000000000007 41.500000000000007 58.500000000000007 1.5000000000000002
decision_type=2 2 2 2 2 2 2 2 2 2 2 2 2 2
left_child=1 2 3 -1 -4 6 8 9 -2 -7 11 -3 -12 -9
right_child=5 10 4 -5 -6 7 -8 13 -10 -11 12 -13 -14 -15
leaf_value=-0.016474543708322433 0.010777389245603878 0.047777622992869785 0.00079093011363074155 0.030137486845961046 -0.05780046228884668 -0.015521981799840812 0.054817168376714298 -0.083123395670667719 -0.062827237829911481 0.0075002678149698387 0.073026808971554988 0.018327505284632412 0.054923931750461404 -0.083390791941567483
leaf_weight=21.3077232837677 2.5213306173682204 21.372928664088253 13.183558613061907 41.747093997895718 9.0485882386565191 116.34012143686414 1.1380940470844496 0.82592631876468581 11.606808442622421 24.100502029061317 5.2249543964862806 5.4143970161676398 5.0574817508459091 1.4228783845901489
leaf_count=464 51 88 292 334 186 2479 21 23 329 431 21 23 21 37
internal_value=-0.000991002 0.0177698 0.00462594 0.0143862 -0.023056 -0.0155236 -0.0419005 -0.0127016 -0.0496916 -0.0115712 0.04801 0.041825 0.0641228 -0.0832926
internal_weight=280.312 122.357 85.287 63.0548 22.2321 157.956 15.2662 142.689 14.1281 140.441 37.0698 26.7873 10.2824 2.2488
internal_count=4800 1429 1276 798 478 3371 401 2970 380 2910 153 111 42 60
is_linear=0
shrinkage=0.08


Tree=15
num_leaves=15
num_cat=0
split_feature=1 0 0 0 4 4 0 4 2 4 0 4 2 4
split_gain=10.1751 6.37389 3.18201 5.3461 1.78137 2.74483 3.33688 2.32688 1.69731 1.59502 1.06888 1.04778 0.538973 1.31499
threshold=1.0000000180025095e-35 7.5000000000000009 3.5000000000000004 2.5000000000000004 24.500000000000004 18.500000000000004 2.5000000000000004 29.500000000000004 1.5000000000000002 30.500000000000004 7.5000000000000009 27.500000000000004 1.5000000000000002 29.500000000000004
decision_type=2 2 2 2 2 2 2 2 2 2 2 2 2 2
left_child=1 2 3 -1 5 10 -7 8 -6 -9 -2 -4 13 -3
right_child=4 12 11 -5 7 6 -8 9 -10 -11 -12 -13 -14 -15
leaf_value=-0.015393973075555631 -0.023513109836976777 0.072786720356966997 -0.041621193585021747 0.036360322396983516 -0.073057163064339306 0.067088923011222726 -0.0026725091431336855 0.039183473212790323 -0.0014568511404363608 -0.017990859668687482 0.028522652885758538 -0.0076508334482500526 0.01912463731834918 0.037307968298843981
leaf_weight=20.992651164531708 23.682998687028888 9.430573642253874 7.6821356266737011 32.627682611346245 8.2733961399644596 6.7434011474251774 12.564577102661131 3.2282545696943989 2.8484095819294444 95.593993790447712 2.8281131312251082 23.857461296021938 4.8838181495666495 22.973546907305717
leaf_count=464 495 38 204 153 263 103 215 63 48 2129 55 455 21 94
internal_value=-0.000939682 0.0163159 0.00423819 0.0160982 -0.0145045 -0.00125203 0.021692 -0.0200275 -0.0547196 -0.0161231 -0.0179621 -0.015925 0.0438994 0.0476334
internal_weight=278.211 122.448 85.1599 53.6203 155.763 45.8191 19.308 109.944 11.1218 98.8222 26.5111 31.5396 37.2879 32.4041
internal_count=4800 1429 1276 617 3371 868 318 2503 311 2192 550 659 153 132
is_linear=0
shrinkage=0.08


Tree=16
num_leaves=16
num_cat=0
split_feature=1 0 4 4 0 4 4 1 4 2 4 4 4 4 1
split_gain=8.68349 5.35186 2.92475 3.80547 1.71552 1.80553 2.40646 1.92193 1.69079 1.56639 0.633022 0.345105 0.264744 0.0702683 4.32044e-06
threshold=1.0000000180025095e-35 7.5000000000000009 71.500000000000014 66.500000000000014 1.0000000180025095e-35 56.500000000000007 21.500000000000004 1.5000000000000002 78.500000000000014 1.0000000180025095e-35 30.500000000000004 53.500000000000007 77.500000000000014 20.500000000000004 1.5000000000000002
decision_type=2 2 2 2 2 2 2 2 2 2 2 2 2 2 2
left_child=1 2 3 -1 5 6 -2 -7 9 -6 13 -12 -4 -3 -10
right_child=4 10 12 -5 8 7 -8 -9 14 -11 11 -13 -14 -15 -16
leaf_value=0.0038784438524758313 -0.0057527938826174574 0.020330497816075536 -0.092757149201386752 0.10692903879668415 -0.025090044775083184 0.052203213904108065 -0.082694013159351626 -0.082414111398471823 -0.082823193470385678 -0.004978465179415653 0.054636780455055337 0.034613579683908137 -0.047082458570172854 0.032115090775445151 -0.083064257680109596
leaf_weight=79.254201464354992 4.0744671113789064 6.818949878215788 1.6679361127316945 2.3617820292711249 32.475940966978669 2.3092393502593036 7.1969281211495399 0.96132331155240525 0.75191981159150523 104.65595524199307 16.088089689612392 8.3775457441806775 1.583018723875284 6.166802391409874 1.2958305180072784
leaf_count=1190 85 28 28 35 708 34 248 34 23 2202 66 34 23 25 37
internal_value=-0.000893649 0.0150128 0.00389646 0.0068605 -0.0135506 -0.0396961 -0.0548807 0.0126349 -0.0108188 -0.00974134 0.040203 0.0477804 -0.0705163 0.0259269 -0.0829757
internal_weight=276.04 122.318 84.8669 81.616 153.722 14.542 11.2714 3.27056 139.18 137.132 37.4514 24.4656 3.25095 12.9858 2.04775
internal_count=4800 1429 1276 1225 3371 401 333 68 2970 2910 153 100 51 53 60
is_linear=0
shrinkage=0.08


Tree=17
num_leaves=16
num_cat=0
split_feature=1 0 0 4 4 0 4 2 4 2 4 4 4 4 1
split_gain=7.39017 4.51128 2.73019 4.49135 2.73378 1.55745 1.6493 2.49642 1.58626 1.37729 0.559497 0.552317 0.502524 0.117378 3.37204e-06
threshold=1.0000000180025095e-35 7.5000000000000009 4.5000000000000009 4.5000000000000009 42.500000000000007 1.0000000180025095e-35 56.500000000000007 1.0000000180025095e-35 78.500000000000014 1.0000000180025095e-35 50.500000000000007 62.500000000000007 41.500000000000007 58.500000000000007 1.5000000000000002
decision_type=2 2 2 2 2 2 2 2 2 2 2 2 2 2 2
left_child=1 2 3 -1 -4 6 7 -2 9 -7 12 -8 -3 -12 -10
right_child=5 10 4 -5 -6 8 11 -9 14 -11 13 -13 -14 -15 -16
leaf_value=-0.10012985855959088 0.020079993479262162 0.036304381714252973 0.0021082962378481175 0.015945792352900837 -0.056092953347402608 -0.02363388054438267 0.056893826691282942 -0.073614421076427267 -0.082598911653418983 -0.004601527214247109 0.061115864954753858 -0.012136086841608643 0.0093081830540113868 0.04409089110160723 -0.08282027439749888
leaf_weight=2.2103075832128516 2.3242266997694943 21.692135095596317 12.988232906907799 61.323092244565487 8.5752935744822008 31.749687341973186 1.1248577013611787 8.3892334476113319 0.69591763056814548 104.19078154116869 5.2120533287525159 2.1784129776060581 5.540015220642089 5.1552533507347107 1.1995830554515123
leaf_count=31 72 88 292 767 186 708 23 261 23 2202 21 45 23 21 37
internal_value=-0.000845576 0.0137561 0.00355944 0.0119076 -0.0210369 -0.0126437 -0.0380501 -0.0532879 -0.0100601 -0.00904664 0.0368337 0.0113706 0.0308124 0.05265 -0.082739
internal_weight=274.549 122.696 85.0969 63.5334 21.5635 151.853 14.0167 10.7135 137.836 135.94 37.5995 3.30327 27.2322 10.3673 1.8955
internal_count=4800 1429 1276 798 478 3371 401 333 2970 2910 153 68 111 42 60
is_linear=0
shrinkage=0.08


Tree=18
num_leaves=14
num_cat=0
split_feature=1 4 0 4 4 4 4 2 1 1 0 4 4
split_gain=6.28989 3.96911 3.71966 2.58058 1.58402 2.41774 2.20044 1.65395 1.49134 1.46307 1.19603 1.10547 0.855524
threshold=1.0000000180025095e-35 72.500000000000014 7.5000000000000009 66.500000000000014 24.500000000000004 23.500000000000004 29.500000000000004 1.5000000000000002 1.5000000000000002 1.5000000000000002 1.5000000000000002 50.500000000000007 77.500000000000014
decision_type=2 2 2 2 2 2 2 2 2 2 2 2 2
left_child=1 2 3 -1 5 9 7 -6 -8 -2 -7 -4 -3
right_child=4 12 11 -5 6 10 8 -9 -10 -11 -12 -13 -14
leaf_value=0.0031931786629534006 -0.023835734723585814 -0.10531187917267504 0.02827136830551678 0.083342086593888004 -0.071819114906327627 0.10738607037165539 -0.0017780410267655272 0.00029676450967289285 -0.02201951717119242 0.0074115480242490104 0.026449437053813935 0.060094896019922003 -0.030455181785058558
leaf_weight=79.580629795789719 17.171211834996939 1.8922207653522485 27.302023217082024 2.6568293347954741 7.506246265023945 1.6139444522559632 40.8010677061975 2.7925765700638294 54.296228233724833 21.721342220902443 4.2338543608784676 9.3882948756217939 2.0204897522926331
leaf_count=1190 361 27 111 38 263 18 916 48 1276 429 60 38 25
internal_value=-0.0008008 0.0126244 0.0152327 0.00578253 -0.0117852 0.000826961 -0.017139 -0.0522645 -0.013335 -0.00638425 0.0487873 0.0364144 -0.0666565
internal_weight=272.977 122.84 118.928 82.2375 150.136 44.7404 105.396 10.2988 95.0973 38.8926 5.8478 36.6903 3.91271
internal_count=4800 1429 1377 1228 3371 868 2503 311 2192 790 78 149 52
is_linear=0
shrinkage=0.08


Tree=19
num_leaves=14
num_cat=0
split_feature=1 4 0 0 0 4 4 4 2 4 4 4 1
split_gain=5.35527 3.45629 3.14963 2.31047 1.44274 1.516 2.47251 1.49924 1.28594 0.942401 0.824977 0.444577 1.44173e-06
threshold=1.0000000180025095e-35 72.500000000000014 7.5000000000000009 3.5000000000000004 1.0000000180025095e-35 56.500000000000007 21.500000000000004 78.500000000000014 1.5000000000000002 50.500000000000007 77.500000000000014 62.500000000000007 1.5000000000000002
decision_type=2 2 2 2 2 2 2 2 2 2 2 2 2
left_child=1 2 3 -1 5 6 -2 8 -6 -4 -3 -7 -9
right_child=4 10 9 -5 7 11 -8 12 -10 -11 -12 -13 -14
leaf_value=0.015402979535270745 -0.00092207760632057056 -0.1035404969290025 0.025945238991680112 -0.012420136833522159 -0.011182753202441933 0.050487576840455226 -0.082384722614431846 -0.082388722995480446 0.0093928624086016595 0.055326706330791224 -0.028504307772402288 -0.010753113442393894 -0.08253984281661636
leaf_weight=52.563313148915768 3.8498098626732808 1.7754073664546006 27.366907775402069 30.005684372037649 109.73154310882092 1.1752811595797532 6.264967754483223 0.64287576824426529 23.625314842909575 9.3817737847566587 1.9874846823513506 2.1401663776487112 1.0875433087348938
leaf_count=594 85 27 111 634 2479 23 248 23 431 38 25 45 37
internal_value=-0.000757386 0.0115825 0.0139632 0.00529202 -0.0109838 -0.0359907 -0.051379 -0.00849764 -0.00753761 0.0334462 -0.0639079 0.0109559 -0.0824837
internal_weight=271.598 123.081 119.318 82.569 148.518 13.4302 10.1148 135.087 133.357 36.7487 3.76289 3.31545 1.73042
internal_count=4800 1429 1377 1228 3371 401 333 2970 2910 149 52 68 60
is_linear=0
shrinkage=0.08


Tree=20
num_leaves=14
num_cat=0
split_feature=1 4 0 0 4 4 4 0 4 2 4 0 4
split_gain=4.56066 3.01178 2.81811 5.36678 3.07803 1.36034 2.30601 3.01667 2.05038 1.55585 1.37687 0.92452 0.795067
threshold=1.0000000180025095e-35 72.500000000000014 2.5000000000000004 1.0000000180025095e-35 58.500000000000007 24.500000000000004 18.500000000000004 7.5000000000000009 29.500000000000004 1.5000000000000002 30.500000000000004 7.5000000000000009 77.500000000000014
decision_type=2 2 2 2 2 2 2 2 2 2 2 2 2
left_child=1 2 3 -1 -4 6 11 -8 9 -7 -10 -2 -3
right_child=5 12 4 -5 -6 8 7 -9 10 -11 -12 -13 -14
leaf_value=0.043386492998904694 -0.01983960244505608 -0.10186619609479587 0.013538613024855664 -0.043137822058317753 0.05915309404192233 -0.070685918837932085 0.031795422444377136 -0.085022427454613261 0.039843791802188354 1.8766951542563699e-05 -0.013473670511292096 0.0287429503913837 -0.026653311760153623
leaf_weight=6.9043434262275722 22.415469620376829 1.6647485643625253 88.291805125772953 13.674935325980185 10.604959089308975 6.9019008632749301 17.610673964023594 1.5383690297603596 3.2107154857367268 2.7998406924307346 89.740346973761916 2.822560802102088 1.9567836783826349
leaf_count=150 495 27 833 296 98 263 290 28 63 48 2129 55 25
internal_value=-0.000714026 0.0106466 0.0128253 -0.0141089 0.01843 -0.0102249 0.00147695 0.0224107 -0.0152847 -0.0502811 -0.011632 -0.0144062 -0.0612272
internal_weight=270.137 123.098 119.476 20.5793 98.8968 147.04 44.3871 19.149 102.653 9.70174 92.9511 25.238 3.62153
internal_count=4800 1429 1377 446 931 3371 868 318 2503 311 2192 550 52
is_linear=0
shrinkage=0.08


Tree=21
num_leaves=13
num_cat=0
split_feature=1 4 0 4 0 4 4 4 2 4 4 1
split_gain=3.87492 2.62107 2.53745 2.11977 1.30191 1.48827 1.75057 1.4095 1.19068 0.765796 0.712835 1.08344e-06
threshold=1.0000000180025095e-35 72.500000000000014 7.5000000000000009 4.5000000000000009 1.0000000180025095e-35 69.500000000000014 12.500000000000002 78.500000000000014 1.0000000180025095e-35 77.500000000000014 50.500000000000007 1.5000000000000002
decision_type=2 2 2 2 2 2 2 2 2 2 2 2
left_child=1 2 3 -1 5 6 -2 8 -6 -3 -4 -9
right_child=4 9 10 -5 7 -7 -8 11 -10 -11 -12 -13
leaf_value=-0.065874166158271047 0.020123069991264987 -0.10028943123943124 0.02272148227503161 0.0063285718048367657 -0.020219415027397068 0.053005472101095505 -0.057675201738632775 -0.082170465030735843 -0.0021011553914225614 -0.024899765139819501 0.048288560898885564 -0.082307531224572267
leaf_weight=2.6892994903028002 2.304818231612443 1.5599340163171285 27.439939543604851 80.461151752620935 30.132784973829985 1.1502581201493729 9.4021263476461154 0.58721771091222652 101.09434282034636 1.9282446876168249 9.3598499894142133 0.99356821551918983
leaf_count=48 51 27 111 1180 708 21 329 23 2202 25 38 37
internal_value=-0.000682232 0.00974608 0.011734 0.00399335 -0.00951931 -0.0338269 -0.0423586 -0.00716608 -0.00626153 -0.0586145 0.0292243 -0.0822566
internal_weight=269.104 123.438 119.95 83.1505 145.665 12.8572 11.7069 132.808 131.227 3.48818 36.7998 1.58079
internal_count=4800 1429 1377 1228 3371 401 380 2970 2910 52 149 60
is_linear=0
shrinkage=0.08


Tree=22
num_leaves=16
num_cat=0
split_feature=1 0 0 2 3 0 0 4 2 4 0 4 4 2 4
split_gain=3.29667 2.35867 4.59128 3.20852 2.35923 3.17802 1.16284 1.39346 2.58814 1.35289 3.88595 2.17223 0.700947 0.501698 0.453611
threshold=1.0000000180025095e-35 2.5000000000000004 1.0000000180025095e-35 1.0000000180025095e-35 1.0000000180025095e-35 3.5000000000000004 1.0000000180025095e-35 56.500000000000007 1.0000000180025095e-35 52.500000000000007 5.5000000000000009 49.500000000000007 36.500000000000007 1.5000000000000002 62.500000000000007
decision_type=2 2 2 2 2 2 2 2 2 2 2 2 2 2 2
left_child=1 2 3 -1 5 -3 7 8 -2 11 -11 -8 -6 -4 -9
right_child=6 4 13 -5 12 -7 9 14 -10 10 -12 -13 -14 -15 -16
leaf_value=0.12454446029859034 0.028901906461455053 0.039338929553949464 -0.037166707458885284 0.0041298045793682235 -0.061329132968409208 0.0075798046589260152 -0.0050968367525701342 0.053071375584860817 -0.071467243199070052 0.0021235067573082589 -0.060699586566920094 0.050108900646253181 -0.0083379878734598494 -0.083903519752121361 -0.0093519263744181094
leaf_weight=1.9156978540122533 2.1429323032498342 28.789433345198631 11.983240576460954 5.4315251801162958 2.9874043315649024 67.313969109207392 100.87255605310202 1.1543392911553376 7.0655810013413429 15.834391478449108 10.46674203686416 4.7776588499546042 3.4339004941284657 1.6754838507622487 2.1010944824665785
leaf_count=40 72 131 272 114 21 794 2222 23 261 381 257 110 19 38 45
internal_value=-0.000641362 0.00895316 -0.0154688 0.0355264 0.0139569 0.0170938 -0.00884837 -0.0322057 -0.0481101 -0.00664207 -0.0228774 -0.00260035 -0.0329912 -0.0428998 0.0127827
internal_weight=267.946 123.531 21.0059 7.34722 102.525 96.1034 144.415 12.4639 9.20851 131.951 26.3011 105.65 6.4213 13.6587 3.25543
internal_count=4800 1429 464 154 965 925 3371 401 333 2970 638 2332 40 310 68
is_linear=0
shrinkage=0.08


Tree=23
num_leaves=14
num_cat=0
split_feature=1 4 4 4 4 4 0 4 2 1 0 0 4
split_gain=2.79957 2.30415 2.33152 2.57681 1.18548 1.98899 2.92157 1.91303 1.50168 1.30168 1.04268 0.7803 0.414987
threshold=1.0000000180025095e-35 71.500000000000014 58.500000000000007 53.500000000000007 24.500000000000004 18.500000000000004 2.5000000000000004 29.500000000000004 1.5000000000000002 1.5000000000000002 2.5000000000000004 7.5000000000000009 77.500000000000014
decision_type=2 2 2 2 2 2 2 2 2 2 2 2 2
left_child=1 2 3 -1 5 11 -7 8 -6 -9 -4 -2 -3
right_child=4 12 10 -5 7 6 -8 9 -10 -11 -12 -13 -14
leaf_value=0.01000705315426049 -0.017526095992599158 -0.075704313665017203 -0.0083093509587212049 -0.036144874163393889 -0.069472603176603712 0.063946221914195855 -0.0012003838794311013 0.0014056768297663275 0.0012033670640136248 -0.017955250108476376 0.053370508003063623 0.026879679847347186 -0.024293091675282721
leaf_weight=98.857925862073898 21.680825240910057 2.1170979961752883 2.1113749444484702 8.4004398696124536 6.3375176731497032 6.8480194471776512 12.352967590093611 39.329181239008904 2.7628130614757538 51.101701138541102 10.364659719169138 2.867537733167409 1.91265257820487
leaf_count=1145 495 32 46 86 263 103 215 916 48 1276 95 55 25
internal_value=-0.000616058 0.00819728 0.0101998 0.00639245 -0.00822892 0.0027469 0.0220341 -0.0130534 -0.0480157 -0.00953501 0.0429322 -0.012339 -0.0513029
internal_weight=267.045 123.764 119.734 107.258 143.281 43.7494 19.201 99.5312 9.10033 90.4309 12.476 24.5484 4.02975
internal_count=4800 1429 1372 1231 3371 868 318 2503 311 2192 141 550 57
is_linear=0
shrinkage=0.08


Tree=24
num_leaves=16
num_cat=0
split_feature=1 0 0 0 0 1 4 4 4 4 4 4 4 4 1
split_gain=2.37926 2.28498 2.14863 3.19021 1.07455 1.34312 2.74264 1.48034 1.3115 1.23836 0.962556 0.431546 0.465463 0.0582513 6.16161e-07
threshold=1.0000000180025095e-35 7.5000000000000009 3.5000000000000004 2.5000000000000004 1.0000000180025095e-35 1.5000000000000002 12.500000000000002 56.500000000000007 78.500000000000014 64.500000000000014 58.500000000000007 30.500000000000004 45.500000000000007 20.500000000000004 1.5000000000000002
decision_type=2 2 2 2 2 2 2 2 2 2 2 2 2 2 2
left_child=1 2 3 -1 5 7 -7 -2 9 -6 -4 13 -13 -3 -10
right_child=4 11 10 -5 8 6 -8 -9 14 -11 -12 12 -14 -15 -16
leaf_value=-0.014769665684018159 -0.036761787864904229 0.0071519136639169546 -0.022089980364803436 0.024996717619094111 -0.0067147903569864508 0.054417632787504389 -0.082381310297346744 0.044550889893032547 -0.081945141510289518 0.025711847770452562 0.017138872821168365 0.041099767353949303 0.019101119648392031 0.017833094914991045 -0.082054171495235639
leaf_weight=20.798458907753229 3.480037607252596 6.9058061689138395 26.942904219031337 34.046495899558067 120.65871164388955 1.1549574322998521 4.992208763025701 2.435956634581089 0.52858808822929748 8.0396568067371827 4.7016372177749863 12.394537046551706 12.229117676615713 6.2028290778398514 0.89072299562394619
leaf_count=464 131 28 566 153 2719 25 211 34 23 191 93 50 50 25 37
internal_value=-0.00058342 0.007505 0.000338502 0.0099164 -0.00765018 -0.0304914 -0.0566789 -0.00328066 -0.00553258 -0.00468913 -0.0162615 0.023932 0.0301743 0.0122061 -0.0820136
internal_weight=266.403 124.222 86.4895 54.845 142.181 12.0632 6.14717 5.91599 130.118 128.698 31.6445 37.7323 24.6237 13.1086 1.41931
internal_count=4800 1429 1276 617 3371 401 236 165 2970 2910 659 153 100 53 60
is_linear=0
shrinkage=0.08


Tree=25
num_leaves=14
num_cat=0
split_feature=1 4 0 4 4 1 4 4 2 4 4 4 4
split_gain=2.02747 2.06385 1.87281 1.81044 1.0499 1.8918 3.67924 1.732 1.44206 1.2811 1.16461 0.705149 0.656991
threshold=1.0000000180025095e-35 72.500000000000014 7.5000000000000009 4.5000000000000009 24.500000000000004 1.5000000000000002 22.500000000000004 29.500000000000004 1.5000000000000002 15.500000000000002 30.500000000000004 77.500000000000014 50.500000000000007
decision_type=2 2 2 2 2 2 2 2 2 2 2 2 2
left_child=1 2 3 -1 5 9 -7 8 -6 -2 -9 -3 -4
right_child=4 11 12 -5 7 6 -8 10 -10 -11 -12 -13 -14
leaf_value=-0.064249589733591711 -0.041382732480651406 -0.098510231087011846 0.01745265222500075 0.0041043701076272704 -0.06832083459590424 0.001544192475523761 0.076366553342397767 0.038697855258514907 0.0019656866131432869 0.0013521954926456053 -0.01017121058193653 -0.023700842901342417 0.042045489607241832
leaf_weight=2.5581323988735667 7.5797560885548618 1.4025387503206723 27.514241486787796 81.100386489182711 5.8732204521074873 19.529519967734817 5.3605561107397071 3.2386967837810507 2.7396142370998859 11.011654973030089 85.864288805052638 1.8972026035189626 9.3028022050857526
leaf_count=48 186 27 111 1180 263 403 75 63 48 204 2129 25 38
internal_value=-0.000552635 0.00692153 0.00863116 0.00201422 -0.00710458 0.00323686 0.0176586 -0.0117063 -0.0459637 -0.0160709 -0.00839493 -0.0554982 0.0236667
internal_weight=264.973 123.775 120.476 83.6585 141.197 43.4815 24.8901 97.7158 8.61283 18.5914 89.103 3.29974 36.817
internal_count=4800 1429 1377 1228 3371 868 478 2503 311 390 2192 52 149
is_linear=0
shrinkage=0.08


Tree=26
num_leaves=15
num_cat=0
split_feature=0 4 4 4 4 1 0 3 4 4 4 1 4 1
split_gain=1.7416 4.25305 3.64573 2.83224 5.16724 2.36295 4.02021 2.12881 2.30692 1.08101 1.041 0.437284 0.000335796 0.000176998
threshold=2.5000000000000004 71.500000000000014 64.500000000000014 6.5000000000000009 26.500000000000004 1.5000000000000002 1.5000000000000002 1.0000000180025095e-35 1.0000000180025095e-35 29.500000000000004 72.500000000000014 1.0000000180025095e-35 78.500000000000014 1.5000000000000002
decision_type=2 2 2 2 2 2 2 2 2 2 2 2 2 2
left_child=2 7 3 13 -5 10 -7 8 -2 -9 -4 -3 -13 -1
right_child=1 11 5 4 -6 6 -8 9 -10 -11 -12 12 -14 -15
leaf_value=-0.083284286384517667 0.069009795194690457 -0.040862484681411786 0.046007067565743506 0.021858276096256339 -0.029284815880579247 0.038606839238514441 0.28077354967824525 -0.063654906945407902 0.0060727763524833422 -0.0089846621486077034 -0.036403764854302155 -0.08367210804883006 -0.081853876896751512 -0.084375804046277272
leaf_weight=2.1435874067246905 3.8078590072691432 3.208861554041504 2.4485537409782401 18.583841011859477 39.553427817299962 1.3109318166971204 0.65942351520061482 3.9102858863770944 176.27706854604185 5.6729878969490528 1.6367118954658506 2.1284753978252415 0.93590401299297798 1.7086932361125948
leaf_count=57 72 37 49 378 1024 39 20 50 2835 72 37 51 43 36
internal_value=-0.000524296 0.00330491 -0.0115508 -0.0173385 -0.0129367 0.0476958 0.119653 0.00544842 0.00740357 -0.0312919 0.0129902 -0.061503 -0.0831168 -0.0837684
internal_weight=263.987 195.941 68.0452 61.9895 58.1373 6.05562 1.97036 189.668 180.085 9.58327 4.08527 6.27324 3.06438 3.85228
internal_count=4800 3160 1640 1495 1402 145 59 3029 2907 122 86 131 94 93
is_linear=0
shrinkage=0.08


Tree=27
num_leaves=14
num_cat=0
split_feature=1 4 4 4 0 4 4 1 4 2 0 4 0
split_gain=1.71388 1.64353 1.51635 2.31998 0.877657 1.33401 5.92564 2.41809 1.209 1.09119 0.765186 0.700908 6.06647e-06
threshold=1.0000000180025095e-35 72.500000000000014 58.500000000000007 53.500000000000007 1.0000000180025095e-35 12.500000000000002 6.5000000000000009 1.5000000000000002 78.500000000000014 1.0000000180025095e-35 2.5000000000000004 77.500000000000014 3.5000000000000004
decision_type=2 2 2 2 2 2 2 2 2 2 2 2 2
left_child=1 2 3 -1 5 6 -2 -7 9 -6 -4 -3 -10
right_child=4 11 10 -5 8 7 -8 -9 12 -11 -12 -13 -14
leaf_value=0.0080655701324717985 -0.083427849253092407 -0.09657084749993175 -0.010292475809390666 -0.036139022936876181 -0.017548015662994666 -0.00089124514217694029 0.18803797095276209 -0.082257907275711709 -0.082031225178712669 0.00012004833308224663 0.041601227206833097 -0.019355794924337907 -0.081682676187559283
leaf_weight=98.79873220436275 1.2363661564886563 1.276880078017711 2.1695735156536093 8.2316256389021856 28.949875086545944 4.7721193302422744 0.88154854997992504 4.5819220338016748 0.59250543266534694 98.4572564791888 11.238715697079895 1.831643149256706 0.69381982088088989
leaf_count=1145 32 27 48 86 708 139 19 211 25 2202 98 25 35
internal_value=-0.000508768 0.00636062 0.00784299 0.00466583 -0.00656371 -0.0277664 0.0295655 -0.0407474 -0.00467367 -0.00389455 0.0332044 -0.0510732 -0.0818432
internal_weight=263.713 123.547 120.439 107.03 140.165 11.472 2.11791 9.35404 128.693 127.407 13.4083 3.10852 1.28633
internal_count=4800 1429 1377 1231 3371 401 51 350 2970 2910 146 52 60
is_linear=0
shrinkage=0.08


Tree=28
num_leaves=15
num_cat=0
split_feature=1 0 0 0 4 2 0 4 4 0 4 4 2 4
split_gain=1.45767 1.55765 2.00542 2.4615 0.911618 0.851572 2.42664 2.22475 1.84407 1.75015 3.65923 2.9142 0.400136 1.50078
threshold=1.0000000180025095e-35 7.5000000000000009 3.5000000000000004 2.5000000000000004 27.500000000000004 1.5000000000000002 3.5000000000000004 45.500000000000007 62.500000000000007 4.5000000000000009 51.500000000000007 71.500000000000014 1.5000000000000002 31.500000000000004
decision_type=2 2 2 2 2 2 2 2 2 2 2 2 2 2
left_child=1 2 3 -1 -4 9 8 -8 -7 11 -11 -2 13 -3
right_child=5 12 4 -5 -6 6 7 -9 -10 10 -12 -13 -14 -15
leaf_value=-0.01291969479178841 -0.021623983801798037 0.045212653501576411 -0.040511089350122965 0.022230146638136054 -0.0085643106829555015 0.024199208741824223 0.0057072146548913343 -0.064467038151467787 0.1334113688093779 0.013016659250747032 -0.03924063359799633 0.063085314935114434 -0.0015228036005192614 0.0095907293995390816
leaf_weight=20.281466316431761 60.224559705704451 11.952658042311667 7.4959122948348549 34.339360699057579 24.083230717107654 10.152748778462412 9.7062350846827012 4.118136800825595 1.0963497236371029 40.444988086819649 10.883529290556906 2.7164171840995541 5.0615950524806967 20.641123592853546
leaf_count=464 1539 48 204 153 455 201 185 96 23 964 290 73 21 84
internal_value=-0.000484804 0.00583004 -9.9596e-05 0.00917853 -0.0161475 -0.00609777 0.0072533 -0.015197 0.0348431 -0.00902732 0.0019362 -0.0179681 0.0194041 0.0226539
internal_weight=263.198 123.855 86.2 54.6208 31.5791 139.343 25.0735 13.8244 11.2491 114.269 51.3285 62.941 37.6554 32.5938
internal_count=4800 1429 1276 617 659 3371 505 281 224 2866 1254 1612 153 132
is_linear=0
shrinkage=0.08


Tree=29
num_leaves=14
num_cat=0
split_feature=3 4 4 1 4 4 2 0 0 4 4 1 4
split_gain=1.32131 1.74026 3.91508 1.40065 2.35127 2.50101 1.01767 2.52063 1.97473 0.997746 0.577303 0.357958 0.734465
threshold=1.0000000180025095e-35 29.500000000000004 38.500000000000007 1.0000000180025095e-35 71.500000000000014 58.500000000000007 1.5000000000000002 3.5000000000000004 4.5000000000000009 77.500000000000014 55.500000000000007 1.0000000180025095e-35 16.500000000000004
decision_type=2 2 2 2 2 2 2 2 2 2 2 2 2
left_child=3 11 -3 4 5 -1 8 -8 -5 -6 -4 -2 -13
right_child=1 2 10 6 9 -7 7 -9 -10 -11 -12 12 -14
leaf_value=0.0050193243132377772 -0.082677190194045708 0.11318509651814228 -0.014135932942410048 -0.017996707653858246 -0.10593047266246909 0.043626753241872172 0.038585537157629905 -0.013200077993769993 0.0035381187150850656 -0.018478644257374707 -0.069186855379810008 0.022212354685319048 -0.08434671489597724
leaf_weight=101.13070943392813 2.8686320912092906 1.4869478270411489 3.4457022715359926 59.377580670639873 1.5488317925482982 12.014528322964905 10.886697793379428 13.443993983790277 50.371124749071896 1.8115160204470155 1.8866785727441309 0.75653469935059525 0.9142351970076561
leaf_count=1188 25 28 46 1542 30 135 210 277 1225 25 27 19 23
internal_value=-0.000465653 -0.0271527 -0.00160445 0.00074404 0.00716034 0.00911892 -0.00483128 0.00997125 -0.00811292 -0.0587864 -0.0336138 -0.0655326 -0.0360961
internal_weight=261.944 11.3587 6.81933 250.585 116.506 113.145 134.079 24.3307 109.749 3.36035 5.33238 4.5394 1.67077
internal_count=4800 168 101 4632 1378 1323 3254 487 2767 55 73 67 42
is_linear=0
shrinkage=0.08


Tree=30
num_leaves=14
num_cat=0
split_feature=0 4 4 4 4 3 4 2 1 1 4 1 4
split_gain=1.15509 3.26719 3.06727 3.12922 3.75789 1.68803 1.88392 1.4847 1.10793 0.544706 0.000268653 0.000123524 4.98167e-06
threshold=2.5000000000000004 71.500000000000014 6.5000000000000009 24.500000000000004 64.500000000000014 1.0000000180025095e-35 1.0000000180025095e-35 1.5000000000000002 1.5000000000000002 1.0000000180025095e-35 78.500000000000014 1.5000000000000002 2.5000000000000004
decision_type=2 2 2 2 2 2 2 2 2 2 2 2 2
left_child=2 5 11 7 -5 6 -2 -4 -7 -3 -11 12 -1
right_child=1 9 3 4 -6 8 -8 -9 -10 10 -12 -13 -14
leaf_value=-0.082824989194164825 0.060669058336508264 -0.033357063762577271 0.014596840740941253 -0.025433595632694851 0.04074260825160117 -0.014915928233490037 0.0049391233175240853 0.083857469337325366 -0.08374662951222861 -0.083321218454445636 -0.081572463161986755 -0.083892204108344762 -0.083092360403123233
leaf_weight=1.2087339665740717 3.9694823510944834 2.9874901082366696 14.395441930741073 39.763895383104682 6.3719075210392466 7.4492211174219829 176.3042886890471 2.2968839779496184 1.8729992825537918 1.9329463355243208 0.79283843189477909 1.5046704411506653 0.70676942914724361
leaf_count=37 72 37 285 1083 145 76 2835 34 46 51 43 36 20
internal_value=-0.000442739 0.00265354 -0.009571 -0.00555471 -0.0162939 0.00444969 0.00616625 0.0241272 -0.0287452 -0.0569521 -0.0828126 -0.0833498 -0.0829236
internal_weight=261.558 195.309 66.2483 62.8281 46.1358 189.596 180.274 16.6923 9.32222 5.71327 2.72578 3.42017 1.9155
internal_count=4800 3160 1640 1547 1228 3029 2907 319 122 131 94 93 57
is_linear=0
shrinkage=0.08


Tree=31
num_leaves=15
num_cat=0
split_feature=1 0 0 4 4 0 4 0 2 4 4 4 2 4
split_gain=1.05025 1.24128 1.88654 3.2688 2.59994 0.883828 5.2447 1.68395 2.32414 1.59272 1.40927 0.478269 0.381043 0.0505255
threshold=1.0000000180025095e-35 7.5000000000000009 4.5000000000000009 4.5000000000000009 42.500000000000007 6.5000000000000009 1.0000000180025095e-35 4.5000000000000009 1.5000000000000002 68.500000000000014 51.500000000000007 30.500000000000004 1.0000000180025095e-35 20.500000000000004
decision_type=2 2 2 2 2 2 2 2 2 2 2 2 2 2
left_child=1 2 3 -1 -4 7 -7 8 -2 -9 -8 13 -13 -3
right_child=5 11 4 -5 -6 6 10 9 -10 -11 -12 12 -14 -15
leaf_value=-0.099052423042379767 -0.015337284795230942 -6.1932561689799676e-08 0.0014012694489147662 0.0095527189719982666 -0.055631116333880952 0.16774040502207818 -0.014250526196577705 0.016847522044749003 0.01973552862580991 -0.082946172484544625 -0.057291270257423345 0.00592418838616314 0.0292808361056313 0.0099646660773412051
leaf_weight=1.8253617417067278 60.642364857718349 6.8908704072236997 13.082900866866114 62.60590080730617 8.4002986922860128 0.94871937856078403 22.905510883778337 30.934695811942223 15.10375417023897 1.0585868451744307 6.1829665629193178 5.8853038549423244 18.592297941446304 6.1746415942907333
leaf_count=31 1612 28 292 767 186 17 523 719 290 34 176 24 76 25
internal_value=-0.000425259 0.00493332 -0.000369382 0.00647589 -0.0208994 -0.00522693 -0.017362 -0.00184372 -0.00834378 0.0135456 -0.0233991 0.0170681 0.0236651 0.00470918
internal_weight=261.234 123.458 85.9145 64.4313 21.4832 137.777 30.0372 107.739 75.7461 31.9933 29.0885 37.5431 24.4776 13.0655
internal_count=4800 1429 1276 798 478 3371 716 2655 1902 753 699 153 100 53
is_linear=0
shrinkage=0.08


Tree=32
num_leaves=14
num_cat=0
split_feature=3 1 4 4 0 4 4 4 0 4 4 1 4
split_gain=0.970607 1.67764 2.13526 3.00189 1.04464 3.72938 2.75914 3.09632 1.78551 0.763093 0.0132942 0.000109385 7.10679e-05
threshold=1.0000000180025095e-35 1.5000000000000002 29.500000000000004 42.500000000000007 2.5000000000000004 71.500000000000014 6.5000000000000009 24.500000000000004 3.5000000000000004 77.500000000000014 19.500000000000004 1.5000000000000002 37.500000000000007
decision_type=2 2 2 2 2 2 2 2 2 2 2 2 2
left_child=4 2 10 -4 6 8 11 -8 -6 -7 -2 -1 -3
right_child=1 12 3 -5 5 9 7 -9 -10 -11 -12 -13 -14
leaf_value=-0.082616400677955878 -0.050866254458454212 -0.08383340298479787 0.10920356981308203 -0.019066350091518865 0.020275277297253234 -0.094503343424193711 0.02506775909036122 -0.01550185875914401 0.0012392036933749164 -0.031615440588523662 -0.060849013896503802 -0.083587169818954643 -0.082952743627874193
leaf_weight=1.6581752616912118 1.593145621940492 1.278120314702391 1.7825863044708965 3.3850696608424187 40.721159670501947 2.6159657351672641 16.512137277051806 44.453404389321804 139.78385747596622 2.3390166414901614 1.8396445643156765 1.3457472696900368 1.0837168721482155
leaf_count=55 23 33 19 37 406 62 309 1201 2501 63 22 35 34
internal_value=-0.000410464 -0.0237086 -0.00730823 0.0251804 0.000613477 0.00365409 -0.00820185 -0.00451383 0.00553366 -0.0648169 -0.0562161 -0.0830513 -0.0834293
internal_weight=260.392 10.9623 8.60045 5.16766 249.429 185.46 63.9695 60.9655 180.505 4.95498 3.43279 3.00392 2.36184
internal_count=4800 168 101 56 4632 3032 1600 1510 2907 125 45 90 67
is_linear=0
shrinkage=0.08


Tree=33
num_leaves=13
num_cat=0
split_feature=0 4 0 4 4 4 4 4 2 4 0 4
split_gain=0.86063 1.69506 2.50904 2.31527 1.14044 1.29837 1.01464 1.9902 2.78714 0.0884135 0.0441062 0.00752728
threshold=7.5000000000000009 3.5000000000000004 3.5000000000000004 1.0000000180025095e-35 84.500000000000014 64.500000000000014 11.500000000000002 22.500000000000004 1.5000000000000002 17.500000000000004 2.5000000000000004 4.5000000000000009
decision_type=2 2 2 2 2 2 2 2 2 2 2 2
left_child=1 2 10 -4 5 -3 11 9 -9 -8 -1 -2
right_child=6 4 3 -5 -6 -7 7 8 -10 -11 -12 -13
leaf_value=-0.082749595285646918 0.038873112077480537 -0.0027720775466063209 0.051868549430157236 -0.083550073783055012 -0.087694592778385219 0.02170870277021875 -0.031292806964625733 0.0035696786857795869 0.06800434220711829 -0.051761749871028051 -0.10118398525684467 0.04487081876923326
leaf_weight=1.997374450787901 2.848960652947425 184.58346999250352 2.3536082562059168 1.2304536364972589 0.97434586193412442 14.991414395160971 3.691001806408166 36.31956351455301 4.872773300856351 2.1298568099737167 1.4220549017190933 2.5271340757608414
leaf_count=66 28 3770 53 31 34 323 31 355 52 24 15 18
internal_value=-0.000393023 -0.00270571 -0.0413933 0.00537763 -0.00135468 -0.000933161 0.00876925 0.00500438 0.0111919 -0.0387824 -0.090416 0.0416924
internal_weight=259.942 207.553 7.00349 3.58406 200.549 199.575 52.3893 47.0132 41.1923 5.82086 3.41943 5.37609
internal_count=4800 4292 165 84 4127 4093 508 462 407 55 81 46
is_linear=0
shrinkage=0.08


Tree=34
num_leaves=14
num_cat=0
split_feature=3 1 4 4 1 4 4 4 0 4 4 4 4
split_gain=0.822497 1.60154 1.79842 2.419 0.913921 1.7055 2.02348 0.970603 0.747661 3.91791 1.95664 0.0160399 5.58665e-05
threshold=1.0000000180025095e-35 1.5000000000000002 29.500000000000004 42.500000000000007 1.0000000180025095e-35 71.500000000000014 58.500000000000007 77.500000000000014 6.5000000000000009 1.0000000180025095e-35 64.500000000000014 19.500000000000004 37.500000000000007
decision_type=2 2 2 2 2 2 2 2 2 2 2 2 2
left_child=4 2 11 -4 5 6 -1 -7 10 -10 -6 -2 -3
right_child=1 12 3 -5 8 7 -8 -9 9 -11 -12 -13 -14
leaf_value=0.0036256263930190447 -0.046717485949202837 -0.08353118084354956 0.095611543569773638 -0.017892544350187837 -0.0041173706103524582 -0.10237214135527779 0.038117994428511819 -0.012497189805918867 0.13343710290287863 -0.021087771185477017 0.035603619690443573 -0.057928311238715224 -0.082719733155880937
leaf_weight=101.06481727398932 1.513861477375029 1.1827408913522952 1.8719585649669168 3.3561405539512634 94.782861377112567 1.3915815576910966 12.198968540877102 1.7190099433064459 1.0909757316112543 28.039210378192365 8.6622362025082094 1.7738183494657276 1.0039348816499112
leaf_count=1188 23 33 19 37 2340 30 135 25 16 685 213 22 34
internal_value=-0.000371511 -0.0220873 -0.00640542 0.0227484 0.000562059 0.00573564 0.00734059 -0.0527044 -0.0039793 -0.0153005 -0.000791233 -0.0527661 -0.0831586
internal_weight=259.652 10.7025 8.51578 5.2281 248.95 116.374 113.264 3.11059 132.575 29.1302 103.445 3.28768 2.18668
internal_count=4800 168 101 56 4632 1378 1323 55 3254 701 2553 45 67
is_linear=0
shrinkage=0.08


Tree=35
num_leaves=15
num_cat=0
split_feature=0 4 4 4 4 0 4 4 4 4 1 1 1 4
split_gain=0.770511 2.46462 2.37934 3.73102 2.3453 0.981211 2.19529 1.21739 0.684518 0.557462 0.624064 0.00994828 6.72235e-05 1.57183e-05
threshold=2.5000000000000004 6.5000000000000009 26.500000000000004 32.500000000000007 72.500000000000014 3.5000000000000004 1.0000000180025095e-35 40.500000000000007 18.500000000000004 77.500000000000014 1.0000000180025095e-35 1.0000000180025095e-35 1.5000000000000002 3.5000000000000004
decision_type=2 2 2 2 2 2 2 2 2 2 2 2 2 2
left_child=1 12 8 -4 5 7 -7 -2 -3 11 -11 -6 13 -1
right_child=4 2 3 -5 9 6 -8 -9 -10 10 -12 -13 -14 -15
leaf_value=-0.082098459586527145 0.0022245181997986429 0.0017380158172055854 -0.071308643691233478 -0.0052048873415241701 -0.094257918573307078 0.058582097950832031 -0.0015099188065742753 0.028117597340065709 0.032301371984663825 0.0036270277207136564 -0.081803632746600213 -0.082742484720632226 -0.083087981621630058 -0.082643253402302538
leaf_weight=0.98634251207113177 26.764957845211029 8.3577986005693692 6.423831518739461 36.59369361307472 0.81763005163520475 4.002957994118332 138.86647632438689 20.538549266755581 10.686510011553763 1.4066065251827242 0.89573111105710257 1.163220355287194 1.2037541382014751 0.51638679392635822
leaf_count=40 279 183 197 972 18 65 2501 195 195 16 49 37 36 17
internal_value=-0.000355392 -0.00791276 -0.00465384 -0.0150762 0.00216177 0.0034803 0.000173757 0.0134669 0.0188883 -0.0563805 -0.02961 -0.0874957 -0.0826425 -0.0822857
internal_weight=259.224 64.7683 62.0618 43.0175 194.456 190.173 142.869 47.3035 19.0443 4.28319 2.30234 1.98085 2.70648 1.50273
internal_count=4800 1640 1547 1169 3160 3040 2566 474 378 120 65 55 93 57
is_linear=0
shrinkage=0.08


Tree=36
num_leaves=14
num_cat=0
split_feature=3 1 4 4 0 4 4 4 4 4 4 1 4
split_gain=0.75374 1.47881 1.51728 1.97088 0.754099 2.92062 2.25066 2.3748 1.36707 0.739798 0.0149584 5.22977e-05 3.8637e-05
threshold=1.0000000180025095e-35 1.5000000000000002 29.500000000000004 42.500000000000007 2.5000000000000004 71.500000000000014 6.5000000000000009 24.500000000000004 58.500000000000007 77.500000000000014 19.500000000000004 1.5000000000000002 37.500000000000007
decision_type=2 2 2 2 2 2 2 2 2 2 2 2 2
left_child=4 2 10 -4 6 8 11 -8 -6 -7 -2 -1 -3
right_child=1 12 3 -5 5 9 7 -9 -10 -11 -12 -13 -14
leaf_value=-0.082112516206870836 -0.044384054890379512 -0.083220825831201814 0.083350757222159191 -0.017756862425791428 0.0023466628985809685 -0.092334309316438767 0.021326468658429274 -0.013906748197918144 0.025254748963036543 -0.027482630585194116 -0.055378208150334174 -0.082858384966102275 -0.082518526883834861
leaf_weight=1.346022391691803 1.4688572175800785 1.0866982759907835 1.9548423793166874 3.3455842938274145 162.30454409494996 2.2943754615262142 17.042523132637143 43.47845359146595 18.580850899219513 2.2102818796411157 1.7188725285232065 1.0879129972308874 0.93074718210846175
leaf_count=55 23 33 19 37 2606 62 309 1201 301 63 22 35 34
internal_value=-0.000341554 -0.0213306 -0.00669773 0.0195325 0.000546336 0.00311524 -0.0070186 -0.00398518 0.00469982 -0.0605138 -0.0503123 -0.0824459 -0.0828968
internal_weight=258.851 10.5056 8.48816 5.30043 248.345 185.39 62.9549 60.521 180.885 4.50466 3.18773 2.43394 2.01745
internal_count=4800 168 101 56 4632 3032 1600 1510 2907 125 45 90 67
is_linear=0
shrinkage=0.08


Tree=37
num_leaves=15
num_cat=0
split_feature=0 4 0 4 4 1 2 4 4 0 4 4 4 0
split_gain=0.704046 1.41977 2.08988 1.76934 1.20249 0.909038 1.52465 1.18243 0.955854 0.80175 0.409858 1.14376 0.223195 0.0323586
threshold=7.5000000000000009 3.5000000000000004 3.5000000000000004 1.0000000180025095e-35 5.5000000000000009 1.0000000180025095e-35 1.0000000180025095e-35 50.500000000000007 24.500000000000004 5.5000000000000009 43.500000000000007 53.500000000000007 35.500000000000007 2.5000000000000004
decision_type=2 2 2 2 2 2 2 2 2 2 2 2 2 2
left_child=1 2 13 -4 -3 10 8 -8 -7 -6 12 -12 -2 -1
right_child=5 4 3 -5 9 6 7 -9 -10 -11 11 -13 -14 -15
leaf_value=-0.082139007427671565 0.01320744160031904 0.070098526651850943 0.03630590373854068 -0.08323740618792988 0.0009247438009468259 0.019608403480165879 0.016933077767609658 -0.04756338368374724 -0.083100380575622967 -0.01142036367329748 0.05590364780007813 0.0073771251535207846 -0.0039626522672928186 -0.099123119750425745
leaf_weight=1.5761272683739653 17.509449958801273 1.5019415393471707 2.6437901630997662 1.1315371710807083 155.14604676840827 0.76604331284761373 9.4613277055323106 2.2522836141288272 2.3865556158125401 43.000687850639224 5.0450817644596091 8.0983397960662824 6.6990862339735022 1.3185262084007263
leaf_count=66 71 39 53 31 3065 15 202 67 71 1023 21 34 27 15
internal_value=-0.000326522 -0.00242677 -0.0387346 0.000476508 -0.00121378 0.00797175 -0.00875944 0.00453175 -0.0581434 -0.00175432 0.0146308 0.026004 0.00845606 -0.0898753
internal_weight=258.537 206.319 6.66998 3.77533 199.649 52.2182 14.8662 11.7136 3.1526 198.147 37.352 13.1434 24.2085 2.89465
internal_count=4800 4292 165 84 4127 508 355 269 86 4088 153 55 98 81
is_linear=0
shrinkage=0.08


Tree=38
num_leaves=14
num_cat=0
split_feature=3 1 4 4 4 4 4 0 1 1 4 4 4
split_gain=0.63918 1.4041 1.29352 1.60553 0.646506 4.79914 2.63019 2.40899 1.94242 1.05752 0.962054 0.0165826 3.06956e-05
threshold=1.0000000180025095e-35 1.5000000000000002 29.500000000000004 42.500000000000007 53.500000000000007 58.500000000000007 49.500000000000007 5.5000000000000009 1.5000000000000002 1.5000000000000002 45.500000000000007 19.500000000000004 37.500000000000007
decision_type=2 2 2 2 2 2 2 2 2 2 2 2 2
left_child=4 2 11 -4 6 9 10 -7 -8 -6 -1 -2 -3
right_child=1 12 3 -5 5 7 8 -9 -10 -11 -12 -13 -14
leaf_value=0.001835479600226053 -0.040950978779566771 -0.08296993769975787 0.074003405358715232 -0.016436024486821407 -0.033578654498966735 0.025214290724152412 0.01963110338004009 -0.019731943990809912 0.090921464873951877 -0.083146122484732354 -0.018261283580819427 -0.052761619243056924 -0.082318851948580352
leaf_weight=169.80884205922484 1.4036181513220038 1.0041585639119155 2.0235472191125154 3.3131641168147326 10.886071247979997 21.128293267451227 10.246707172133027 11.947353472001849 3.2130209635943165 3.6879387609660617 16.748633140698075 1.6613660668954251 0.86059703398495901
leaf_count=3131 23 33 19 37 163 426 168 228 88 110 318 22 34
internal_value=-0.000310434 -0.0198706 -0.00593235 0.0178563 0.000500385 -0.00787387 0.00249536 0.00897913 0.0366491 -0.0461217 3.12457e-05 -0.0473529 -0.0826695
internal_weight=257.933 10.2665 8.4017 5.33671 247.667 47.6497 200.017 33.0756 13.4597 14.574 186.557 3.06498 1.86476
internal_count=4800 168 101 56 4632 927 3705 654 256 273 3449 45 67
is_linear=0
shrinkage=0.08


Tree=39
num_leaves=15
num_cat=0
split_feature=0 4 0 4 4 1 2 4 4 4 4 4 4 0
split_gain=0.641937 1.2425 1.95692 1.57376 0.954579 0.779498 1.3697 1.00037 0.906248 0.740347 0.447843 0.450127 0.0913808 0.0247938
threshold=7.5000000000000009 3.5000000000000004 3.5000000000000004 1.0000000180025095e-35 5.5000000000000009 1.0000000180025095e-35 1.0000000180025095e-35 50.500000000000007 24.500000000000004 78.500000000000014 50.500000000000007 41.500000000000007 58.500000000000007 2.5000000000000004
decision_type=2 2 2 2 2 2 2 2 2 2 2 2 2 2
left_child=1 2 13 -4 -3 10 8 -8 -7 -6 11 -2 -12 -1
right_child=5 4 3 -5 9 6 7 -9 -10 -11 12 -13 -14 -15
leaf_value=-0.08197116864257753 0.013787746887570333 0.06048443702903112 0.03228118596247273 -0.082984719164165915 -0.0011786968131617353 0.01754021734970369 0.015322574027109088 -0.045309055420934684 -0.082837584956343593 -0.049110469800507678 0.036080928912021706 -0.011448256024531847 0.020687215441121693 -0.097399344869588331
leaf_weight=1.4570199698209754 21.720051154494289 1.5934612490236748 2.7305273693054919 1.049444396048784 195.82452956866473 0.78072969987988416 9.6061317697167379 2.1272332388907662 2.1913432152941823 2.0843308744952074 4.9474641382694227 5.7133735418319693 4.9246558994054794 1.2289219629019499
leaf_count=66 88 39 53 31 4014 15 202 67 71 74 21 23 21 15
internal_value=-0.000300212 -0.00230557 -0.0368197 0.000279582 -0.00118696 0.00764118 -0.00795785 0.00433019 -0.0564695 -0.0016835 0.0137901 0.00853202 0.0284019 -0.0890302
internal_weight=257.979 205.968 6.46591 3.77997 199.502 52.011 14.7054 11.7334 2.97207 197.909 37.3055 27.4334 9.87212 2.68594
internal_count=4800 4292 165 84 4127 508 355 269 86 4088 153 111 42 81
is_linear=0
shrinkage=0.08


Tree=40
num_leaves=15
num_cat=0
split_feature=0 4 4 4 4 2 0 4 3 4 1 1 4 1
split_gain=0.568928 1.9821 1.78997 1.75586 2.66021 0.967712 0.93869 1.43814 0.993077 0.552934 0.595196 0.00636393 6.98813e-05 1.34627e-05
threshold=2.5000000000000004 6.5000000000000009 72.500000000000014 24.500000000000004 64.500000000000014 1.5000000000000002 3.5000000000000004 1.0000000180025095e-35 1.0000000180025095e-35 77.500000000000014 1.0000000180025095e-35 1.0000000180025095e-35 2.5000000000000004 1.5000000000000002
decision_type=2 2 2 2 2 2 2 2 2 2 2 2 2 2
left_child=1 12 6 5 -5 -3 8 -8 -2 11 -11 -4 13 -1
right_child=2 3 9 4 -6 -7 7 -9 -10 10 -12 -13 -14 -15
leaf_value=-0.081517895606545959 0.017168211930916288 0.0093133665611884447 -0.092220906777248632 -0.021155654502157267 0.033470042597299202 0.062190365098187338 0.044963401041825994 -0.0017030711659652359 -0.017529916331186831 0.006114738434235838 -0.081607196614946906 -0.082282467935420059 -0.082674006462696625 -0.082055285405064196
leaf_weight=0.66905366815626555 41.269990142434835 15.13857712224126 0.71879131160676413 37.186851726844907 6.7396785691380492 2.5947647131979457 4.3598389737308016 138.09226986765862 6.0532892327755681 1.380580483004451 0.77173468284308899 0.96722638420760632 0.95250165462493885 0.53848530165851116
leaf_count=37 407 285 18 1083 145 34 65 2501 67 16 49 37 33 23
internal_value=-0.000285071 -0.00683559 0.00187414 -0.0041968 -0.0127744 0.0170504 0.00296809 -0.000274814 0.0127299 -0.0522129 -0.0253389 -0.0865195 -0.0821617 -0.0817575
internal_weight=257.434 63.8199 193.614 61.6599 43.9265 17.7333 189.775 142.452 47.3233 3.83833 2.15232 1.68602 2.16004 1.20754
internal_count=4800 1640 3160 1547 1228 319 3040 2566 474 120 65 55 93 60
is_linear=0
shrinkage=0.08


Tree=41
num_leaves=14
num_cat=0
split_feature=0 4 0 4 4 1 4 2 4 4 4 4 0
split_gain=0.556271 1.11899 1.72368 1.30095 0.8456 0.67061 1.59083 0.876304 0.657131 0.424133 0.356549 0.0473682 0.0195053
threshold=7.5000000000000009 3.5000000000000004 3.5000000000000004 1.0000000180025095e-35 5.5000000000000009 1.0000000180025095e-35 1.0000000180025095e-35 1.5000000000000002 78.500000000000014 30.500000000000004 45.500000000000007 16.500000000000004 2.5000000000000004
decision_type=2 2 2 2 2 2 2 2 2 2 2 2 2
left_child=1 2 12 -4 -3 9 -7 -8 -6 11 -11 -2 -1
right_child=5 4 3 -5 8 6 7 -9 -10 10 -12 -13 -14
leaf_value=-0.08167434386832928 -0.0041384081869082628 0.056252231307688152 0.024184332392555005 -0.082742712109413363 -0.0011005980807371563 0.098842054117585731 -0.022335280499292502 0.034848704390561827 -0.047246905178789413 0.028569794004280898 0.0091467294476147466 0.0055602119166049393 -0.096098272666528969
leaf_weight=1.2458755783736697 5.8721520304679853 1.6322078313678492 2.9226865563541655 0.96988153271377076 195.34435976529494 0.84940215200185676 11.730023169890044 2.0088005010038605 1.9951301524415601 12.39589197933674 11.813060909509657 7.1436574310064316 1.1574608311057091
leaf_count=66 24 39 53 31 4014 9 303 43 74 50 50 29 15
internal_value=-0.000273892 -0.00214353 -0.0353489 -0.00245786 -0.00109284 0.00713306 -0.00740547 -0.0139742 -0.00156714 0.0128306 0.0190921 0.00118463 -0.088621
internal_weight=257.081 205.268 6.2959 3.89257 198.972 51.813 14.5882 13.7388 197.339 37.2248 24.209 13.0158 2.40334
internal_count=4800 4292 165 84 4127 508 355 346 4088 153 100 53 81
is_linear=0
shrinkage=0.08


Tree=42
num_leaves=15
num_cat=0
split_feature=3 1 4 4 0 4 4 0 4 4 4 4 4 4
split_gain=0.47358 1.35464 1.0809 1.31382 0.521017 2.26581 1.782 3.13586 1.6289 1.24659 0.767338 0.0140097 2.71811e-05 5.29182e-06
threshold=1.0000000180025095e-35 1.5000000000000002 29.500000000000004 42.500000000000007 2.5000000000000004 71.500000000000014 71.500000000000014 1.5000000000000002 6.5000000000000009 67.500000000000014 77.500000000000014 20.500000000000004 28.500000000000004 39.500000000000007
decision_type=2 2 2 2 2 2 2 2 2 2 2 2 2 2
left_child=4 2 11 -4 6 9 8 -8 -1 -6 -7 -2 -3 -14
right_child=1 12 3 -5 5 10 7 -9 -10 -11 -12 -13 13 -15
leaf_value=-0.082002997288105978 -0.03728128100199795 -0.082903195592848505 0.067276555646391706 -0.014238499844274402 0.002882405289214188 -0.091837079163523724 -0.0022309212383368011 0.1776823627568318 -0.0064716488274823101 0.047884535682599746 -0.022129259057554029 -0.048420581332255942 -0.082424274865674954 -0.082075546769436944
leaf_weight=1.887550052255391 1.3530615968629685 0.54490953031927425 2.0699182692915201 3.2559594847261906 176.5959282591939 2.0033092750236383 1.9122550450265401 0.91752044670283783 57.285145696252584 4.0293401367962352 2.0396460667252541 1.5507691865786908 0.46990339830517747 0.68367629032582045
leaf_count=90 24 18 19 37 2848 62 41 27 1442 59 63 21 19 30
internal_value=-0.000259386 -0.0173904 -0.00396564 0.0174426 0.000430117 0.00256054 -0.00591514 0.0561038 -0.00888102 0.0038863 -0.0566699 -0.0432301 -0.0824376 -0.0822176
internal_weight=256.599 9.9282 8.22971 5.32588 246.671 184.668 62.0025 2.82978 59.1727 180.625 4.04296 2.90383 1.69849 1.15358
internal_count=4800 168 101 56 4632 3032 1600 68 1532 2907 125 45 67 49
is_linear=0
shrinkage=0.08


Tree=43
num_leaves=15
num_cat=0
split_feature=0 4 0 4 0 4 4 1 4 4 4 4 4 1
split_gain=0.450929 0.930907 1.58277 1.17271 0.806301 3.77097 1.62059 0.571874 1.25726 0.868259 0.432769 0.400442 0.0663921 0.0151299
threshold=7.5000000000000009 3.5000000000000004 3.5000000000000004 1.0000000180025095e-35 5.5000000000000009 40.500000000000007 5.5000000000000009 1.0000000180025095e-35 1.0000000180025095e-35 25.500000000000004 50.500000000000007 41.500000000000007 58.500000000000007 1.0000000180025095e-35
decision_type=2 2 2 2 2 2 2 2 2 2 2 2 2 2
left_child=1 2 13 -4 6 -6 -3 10 -9 -10 11 -2 -12 -1
right_child=7 4 3 -5 5 -7 -8 8 9 -11 12 -13 -14 -15
leaf_value=-0.095371475161243793 0.011499365424173147 0.090396056570861208 0.021634104759434131 -0.082532483333070061 0.009432691587914219 -0.038801083300735166 0.0009179043896987535 0.083500089790304988 -0.044539569082427698 -0.00013225822582401455 0.032721206948062118 -0.012301538470840052 0.019530730737865758 -0.081886395100492684
leaf_weight=0.98801057692617122 21.668806776404384 1.3063843008130778 2.9884120151400571 0.90000940486788739 24.794665445573628 17.835798190906644 154.73043025285006 0.91930840909480949 3.9889158755540839 9.5984318777918798 4.8969401866197568 5.7179120182991019 4.8717973083257675 1.1549436682835219
leaf_count=22 88 31 53 31 574 457 3065 9 80 266 21 23 21 59
internal_value=-0.00025132 -0.00193689 -0.0328997 -0.00247617 -0.000996883 -0.0107474 0.00166704 0.00642735 -0.00704309 -0.0131692 0.0116866 0.00653011 0.0261429 -0.0881037
internal_weight=256.361 204.699 6.03138 3.88842 198.667 42.6305 156.037 51.6621 14.5067 13.5873 37.1555 27.3867 9.76874 2.14295
internal_count=4800 4292 165 84 4127 1031 3096 508 355 346 153 111 42 81
is_linear=0
shrinkage=0.08


Tree=44
num_leaves=11
num_cat=0
split_feature=4 4 4 0 4 1 4 0 1 4
split_gain=0.417791 0.764341 0.483867 1.70088 1.13681 2.01979 1.80933 0.771923 0.269415 0.180924
threshold=78.500000000000014 83.500000000000014 64.500000000000014 5.5000000000000009 53.500000000000007 1.5000000000000002 49.500000000000007 1.0000000180025095e-35 1.0000000180025095e-35 88.500000000000014
decision_type=2 2 2 2 2 2 2 2 2 2
left_child=2 -2 4 7 6 -6 -1 -4 -5 -3
right_child=1 9 3 8 5 -7 -8 -9 -10 -11
leaf_value=-0.00078384658203759286 -0.08729972569903259 0.034775094649411482 -0.012855140875009084 -0.0093491062385131548 -0.0032523715567314981 -0.05126019986721924 0.028894849601665815 0.040038544354235032 -0.046146475830718424 -0.020488478352306161
leaf_weight=192.87895121052861 0.99319243617355768 0.64858779869973637 2.1699876729398992 3.0518636405467978 21.856320053339008 7.5448282212018958 14.108019236475227 9.4807128887623531 2.1851942427456379 0.91261801961809397
leaf_count=3572 39 23 40 33 329 230 266 170 74 24
internal_value=-0.000241935 -0.0324338 8.27341e-05 0.013165 -0.000851873 -0.015572 0.00123902 0.0301869 -0.024703 0.00247024
internal_weight=255.83 2.5544 253.276 16.8878 236.388 29.4011 206.987 11.6507 5.23706 1.56121
internal_count=4800 86 4714 317 4397 559 3838 210 107 47
is_linear=0
shrinkage=0.08


Tree=45
num_leaves=15
num_cat=0
split_feature=3 1 1 4 4 4 4 4 1 2 4 4 4 4
split_gain=0.412752 1.25986 0.923541 0.928731 0.46646 4.30644 2.59883 1.89296 1.518 0.988683 0.852106 0.367025 2.20069e-05 2.16442e-06
threshold=1.0000000180025095e-35 1.5000000000000002 1.0000000180025095e-35 35.500000000000007 53.500000000000007 58.500000000000007 60.500000000000007 49.500000000000007 1.5000000000000002 1.0000000180025095e-35 48.500000000000007 32.500000000000007 30.500000000000004 45.500000000000007
decision_type=2 2 2 2 2 2 2 2 2 2 2 2 2 2
left_child=4 2 11 -4 7 9 -7 10 -9 -6 -1 -2 -3 -14
right_child=1 12 3 -5 5 6 -8 8 -10 -11 -12 -13 13 -15
leaf_value=0.00084389394212564233 -0.042024906884107038 -0.082615769602850858 0.10867730506846712 -0.0053492857668931927 -0.086212108955885255 0.062829601532202226 -0.00046600296472958005 0.015214716595495888 0.076127547613358285 -0.03339419794164445 -0.033351082561538251 -0.0026670644796415711 -0.08213159665213679 -0.081889486010536597
leaf_weight=180.74798481492326 2.5194969559088314 0.60846019629389114 0.83113621454685915 1.0159506583586333 2.866622589528558 4.8755172882229081 27.958353011403233 10.365045595914124 3.5034178933128706 10.864568096585572 4.7874276163056484 3.8087494224309921 0.43437694106251001 0.51827619969844818
leaf_count=3360 26 23 25 25 60 96 558 168 88 213 89 25 19 25
internal_value=-0.000230396 -0.0163853 -0.00381009 0.0459594 0.000409081 -0.00680023 0.00893279 0.00209261 0.0306024 -0.0444208 -3.84496e-05 -0.0183368 -0.0822399 -0.0819999
internal_weight=255.705 9.73645 8.17533 1.84709 245.969 46.5651 32.8339 199.404 13.8685 13.7312 185.535 6.32825 1.56111 0.952653
internal_count=4800 168 101 50 4632 927 654 3705 256 273 3449 51 67 44
is_linear=0
shrinkage=0.08


Tree=46
num_leaves=15
num_cat=0
split_feature=0 4 4 4 4 0 2 4 4 4 1 1 4 1
split_gain=0.416705 1.62879 1.58509 3.39525 1.33308 0.870794 0.888476 0.865825 0.587827 0.557482 0.567499 0.0041676 0.000117273 8.38128e-06
threshold=2.5000000000000004 6.5000000000000009 26.500000000000004 32.500000000000007 72.500000000000014 3.5000000000000004 1.0000000180025095e-35 34.500000000000007 18.500000000000004 77.500000000000014 1.0000000180025095e-35 1.0000000180025095e-35 3.5000000000000004 1.5000000000000002
decision_type=2 2 2 2 2 2 2 2 2 2 2 2 2 2
left_child=1 12 8 -4 5 6 -2 -7 -3 11 -11 -6 13 -1
right_child=4 2 3 -5 9 7 -8 -9 -10 10 -12 -13 -14 -15
leaf_value=-0.081092841860656698 -0.010330598603341252 -0.00073166943910130914 -0.069495766732189851 -0.0033721595771474149 -0.090600872139897148 -0.0071961880748059679 0.017304906343845655 0.0053149307891844156 0.027137842859056866 0.0092489247677108519 -0.081438274246703912 -0.081923997737867113 -0.082628630912499348 -0.081561472007957381
leaf_weight=0.52526612859219202 9.2519512977451068 8.5842688735574502 5.7717271698638788 35.769070663489401 0.63418019562959604 67.306563784368336 38.13174469769001 74.681164007633924 11.115455652587114 1.3479203190654518 0.65682056033983816 0.80267553590238094 0.77189187705516815 0.45653476845473051
leaf_count=40 98 183 197 972 18 1206 376 1360 195 16 49 37 27 26
internal_value=-0.000224188 -0.00587312 -0.00369626 -0.0125595 0.00162138 0.00251813 0.0119089 -0.000615726 0.0149935 -0.0477218 -0.0204633 -0.0857537 -0.0818908 -0.0813108
internal_weight=255.807 62.9942 61.2405 41.5408 192.813 189.371 47.3837 141.988 19.6997 3.4416 2.00474 1.43686 1.75369 0.981801
internal_count=4800 1640 1547 1169 3160 3040 474 2566 378 120 65 55 93 66
is_linear=0
shrinkage=0.08


Tree=47
num_leaves=13
num_cat=0
split_feature=0 4 0 0 4 4 4 4 1 0 4 1
split_gain=0.42526 0.751298 1.47851 0.639562 3.34626 1.55002 0.539892 2.20959 0.619862 0.0457666 0.0225391 0.0119231
threshold=7.5000000000000009 3.5000000000000004 3.5000000000000004 5.5000000000000009 40.500000000000007 12.500000000000002 11.500000000000002 15.500000000000002 1.0000000180025095e-35 4.5000000000000009 3.5000000000000004 1.0000000180025095e-35
decision_type=2 2 2 2 2 2 2 2 2 2 2 2
left_child=1 2 11 5 -5 -3 10 -8 -9 -4 -2 -1
right_child=6 3 9 4 -6 -7 7 8 -10 -11 -12 -13
leaf_value=-0.094335153722792595 0.024911425262490398 0.031784630797324742 -0.015061298424784566 0.0089457793443936413 -0.036953776103746089 -0.00075354583302240864 -0.075841548798851688 0.013088596189586361 -0.0084371629610888853 0.0039901582961097406 0.035044436508869431 -0.081705824065412505
leaf_weight=0.90321196522563596 3.0191804058849803 10.011239232495425 1.1513525824993851 24.917181239463389 17.170222380198538 146.24716824339703 2.1460405029356471 31.884970128536224 11.704528272617607 2.6981997042894363 2.6275176927447319 1.0172357633709905
leaf_count=22 26 183 25 574 457 2913 16 132 314 59 20 59
internal_value=-0.000216774 -0.00185431 -0.0303108 -0.0010265 -0.00977967 0.00133113 0.00628835 0.00340692 0.00730856 -0.00170789 0.0296265 -0.0876456
internal_weight=255.498 204.116 5.77 198.346 42.0874 156.258 51.3822 45.7355 43.5895 3.84955 5.6467 1.92045
internal_count=4800 4292 165 4127 1031 3096 508 462 446 84 46 81
is_linear=0
shrinkage=0.08


Tree=48
num_leaves=10
num_cat=0
split_feature=4 0 4 0 2 0 4 2 2
split_gain=0.37971 0.456563 0.383654 1.31633 1.39468 0.885452 2.10092 0.744366 0.737312
threshold=84.500000000000014 5.5000000000000009 64.500000000000014 5.5000000000000009 1.5000000000000002 2.5000000000000004 52.500000000000007 1.0000000180025095e-35 1.0000000180025095e-35
decision_type=2 2 2 2 2 2 2 2 2
left_child=2 -2 5 7 -5 6 -1 -4 -7
right_child=1 -3 3 4 -6 8 -8 -9 -10
leaf_value=-0.0036850162294787855 -0.088087248340441932 0.0057322841306548886 -0.006853792182911371 -0.003734603663501822 -0.11345162755394364 -0.0077211558856638942 -0.050095729492720391 0.036578158711675773 0.0046080137863308383
leaf_weight=48.394863047171384 0.68845212180167326 0.64110110606998205 3.4517988450825241 4.2001217086799434 0.90045856963843096 39.862058995291591 7.1668784515932193 9.4111572992987913 140.31412076205015
leaf_count=1291 24 16 62 99 19 694 204 183 2208
internal_value=-0.000207057 -0.0428481 1.6409e-05 0.0112862 -0.0231041 -0.000842366 -0.00967151 0.0249231 0.00188032
internal_weight=255.031 1.32955 253.701 17.9635 5.10058 235.738 55.5617 12.863 180.176
internal_count=4800 40 4760 363 118 4397 1495 245 2902
is_linear=0
shrinkage=0.08


Tree=49
num_leaves=14
num_cat=0
split_feature=3 1 4 4 4 4 4 0 4 1 4 4 4
split_gain=0.38553 1.16038 0.847556 1.05025 0.41185 3.74211 2.187 2.72299 1.6032 0.997115 0.950143 0.0149996 1.68295e-05
threshold=1.0000000180025095e-35 1.5000000000000002 29.500000000000004 42.500000000000007 58.500000000000007 53.500000000000007 60.500000000000007 5.5000000000000009 49.500000000000007 1.5000000000000002 62.500000000000007 20.500000000000004 37.500000000000007
decision_type=2 2 2 2 2 2 2 2 2 2 2 2 2
left_child=4 2 11 -4 5 8 7 -6 -1 -7 -8 -2 -3
right_child=1 12 3 -5 6 9 10 -9 -10 -11 -12 -13 -14
leaf_value=-0.0001118493824008895 -0.033590359233653506 -0.082319534276279582 0.057618496416294643 -0.014457758241580574 0.099856268009015856 -0.030158844533882498 -0.032362265337506878 -0.024556740624125606 0.027875127741075457 -0.082566309496677828 0.0067626567232812775 -0.045320992124645985 -0.081770691927124925
leaf_weight=185.18234725249931 1.2958297980949249 0.78587527479976482 2.1525647900998592 3.2433881741017103 3.3007680531591168 10.218633780255912 4.8048338480293777 1.7087307311594484 14.096692290157078 3.0072630336508146 22.931521182879806 1.5111575787886975 0.65607218211516738
leaf_count=3449 24 33 19 37 62 163 81 34 256 110 477 21 34
internal_value=-0.000197106 -0.0158861 -0.00425203 0.0142951 0.000419889 -0.000867021 0.00877132 0.0574192 0.00186791 -0.0420751 -1.50453e-05 -0.0399056 -0.0820698
internal_weight=254.896 9.64489 8.20294 5.39595 245.251 212.505 32.7459 5.0095 199.279 13.2259 27.7364 2.80699 1.44195
internal_count=4800 168 101 56 4632 3978 654 96 3705 273 558 45 67
is_linear=0
shrinkage=0.08


Tree=50
num_leaves=12
num_cat=0
split_feature=0 4 0 0 4 4 4 4 4 0 1
split_gain=0.373664 0.651581 1.38388 0.577772 1.41074 1.40029 0.503027 1.31118 0.777228 0.0400308 0.0091907
threshold=7.5000000000000009 3.5000000000000004 3.5000000000000004 3.5000000000000004 10.500000000000002 27.500000000000004 65.500000000000014 61.500000000000007 53.500000000000007 4.5000000000000009 1.0000000180025095e-35
decision_type=2 2 2 2 2 2 2 2 2 2 2
left_child=1 2 10 5 -5 -3 7 8 -2 -4 -1
right_child=6 3 9 4 -6 -7 -8 -9 -10 -11 -12
leaf_value=-0.093104968663105234 0.0080254205332099589 0.016172104519379484 -0.014207250529613085 -0.058370338151768612 -0.0038289829911402778 -0.0032648698569599072 -0.027248940226122335 0.061644354670136084 -0.027078997496287498 0.0036730944815025965 -0.081574033771497551
leaf_weight=0.83774659316986688 41.269387737847865 34.809439069591463 1.1382877174764874 3.1467251852154723 85.578971355222166 74.46972775971517 2.7692795465700319 2.7320472188293925 4.4741038270294657 2.7072345055639744 0.93738244846463203
leaf_count=22 396 571 25 75 1997 1484 39 27 46 59 59
internal_value=-0.000193177 -0.00172984 -0.0285896 -0.00096739 -0.00576333 0.00292652 0.0059129 0.00780734 0.00459191 -0.00161955 -0.0870159
internal_weight=254.87 203.626 5.62065 198.005 88.7257 109.279 51.2448 48.4755 45.7435 3.84552 1.77513
internal_count=4800 4292 165 4127 2072 2055 508 469 442 84 81
is_linear=0
shrinkage=0.08


Tree=51
num_leaves=14
num_cat=0
split_feature=0 4 4 4 4 0 4 4 4 1 1 4 1
split_gain=0.346067 1.41211 1.22618 1.2353 1.13238 0.703133 0.848455 0.841934 0.543157 0.528129 0.00286413 0.00013474 4.17009e-06
threshold=2.5000000000000004 6.5000000000000009 8.5000000000000018 71.500000000000014 72.500000000000014 3.5000000000000004 41.500000000000007 34.500000000000007 77.500000000000014 1.0000000180025095e-35 1.0000000180025095e-35 3.5000000000000004 1.5000000000000002
decision_type=2 2 2 2 2 2 2 2 2 2 2 2 2
left_child=1 11 -3 -4 5 6 -2 -7 10 -10 -6 12 -1
right_child=4 2 3 -5 8 7 -8 -9 9 -11 -12 -13 -14
leaf_value=-0.080843829787514032 0.0014986886022044269 0.088157013643580279 -0.0075291094186959789 0.044531131642633948 -0.089317257055241517 -0.0070315829725692081 0.023100321598548145 0.0053380298981979355 0.0093058730380037348 -0.081334990173138624 -0.081784885108610428 -0.082530131775284427 -0.081217941475380667
leaf_weight=0.40767496824264415 27.265300367027521 0.9208030104637136 57.004334932658821 3.0743338614702216 0.5774412136524909 66.974343757145107 20.301576603204012 74.26820188947022 1.3447387311607597 0.5927539151161908 0.73343878518790007 0.74454250186681747 0.35826357919722795
leaf_count=40 284 16 1461 70 18 1206 190 1360 16 49 37 27 26
internal_value=-0.000182771 -0.005353 -0.0034609 -0.00486509 0.00150001 0.00230574 0.0107183 -0.000527389 -0.0453326 -0.0184247 -0.0851029 -0.0817638 -0.0810188
internal_weight=254.568 62.51 60.9995 60.0787 192.058 188.809 47.5669 141.243 3.24837 1.93749 1.31088 1.51048 0.765939
internal_count=4800 1640 1547 1531 3160 3040 474 2566 120 65 55 93 66
is_linear=0
shrinkage=0.08


Tree=52
num_leaves=14
num_cat=0
split_feature=3 1 1 4 0 4 4 4 4 4 4 4 4
split_gain=0.350678 1.07197 0.786014 0.689439 0.35077 1.6214 1.2905 1.37958 1.04948 0.760028 0.252929 0.000102571 1.19658e-05
threshold=1.0000000180025095e-35 1.5000000000000002 1.0000000180025095e-35 35.500000000000007 2.5000000000000004 71.500000000000014 6.5000000000000009 26.500000000000004 67.500000000000014 77.500000000000014 32.500000000000007 3.5000000000000004 37.500000000000007
decision_type=2 2 2 2 2 2 2 2 2 2 2 2 2
left_child=4 2 10 -4 6 8 11 -8 -6 -7 -2 -1 -3
right_child=1 12 3 -5 5 9 7 -9 -10 -11 -12 -13 -14
leaf_value=-0.080945982970570998 -0.038559870123800473 -0.08212569240667511 0.090625181959006748 -0.005201331085913273 0.0022748069569625755 -0.091340914564277828 0.014179710377584299 -0.011645835894818931 0.043172803263004697 -0.016892514985557074 -0.005453540522674257 -0.082331021661358111 -0.081643769261352653
leaf_weight=0.67996057402342447 2.4039163030683959 0.72076782304793663 0.91382303833961476 1.0133680477738378 176.0712323281914 1.6424914798699313 19.806699286215007 39.918446719646454 4.1093297339975825 1.8845368381589649 3.8299962226301432 0.68889403343200684 0.60778053430840373
leaf_count=63 26 33 25 25 2848 62 367 1143 59 63 25 27 34
internal_value=-0.00017524 -0.0152642 -0.00441573 0.0402371 0.00040968 0.00215602 -0.00484152 -0.00308129 0.00320756 -0.0515622 -0.01822 -0.081643 -0.0819052
internal_weight=254.291 9.48965 8.1611 1.92719 244.802 183.708 61.094 59.7251 180.181 3.52703 6.23391 1.36885 1.32855
internal_count=4800 168 101 50 4632 3032 1600 1510 2907 125 51 90 67
is_linear=0
shrinkage=0.08


Tree=53
num_leaves=10
num_cat=0
split_feature=4 0 4 0 2 4 0 4 2
split_gain=0.316298 0.456047 0.321562 1.04321 1.31037 0.762314 3.17429 2.06723 0.57904
threshold=84.500000000000014 5.5000000000000009 64.500000000000014 5.5000000000000009 1.5000000000000002 60.500000000000007 7.5000000000000009 58.500000000000007 1.0000000180025095e-35
decision_type=2 2 2 2 2 2 2 2 2
left_child=2 -2 5 8 -5 7 -7 -1 -4
right_child=1 -3 3 4 -6 6 -8 -9 -10
leaf_value=-0.0010060991138410272 -0.087550734119979698 0.0083307523940205578 -0.0062718169284429991 -0.00257264350738321 -0.11294527948369928 -0.04896572360395892 0.058109234937022268 0.049700517495267216 0.032098419420636362
leaf_weight=219.89810461504385 0.64008422568440326 0.62992830015718937 3.3979984614998129 4.1543695875443509 0.82514935126528133 7.2604262297973019 2.3440153934061527 5.2689342964440575 9.7094269869849068
leaf_count=4124 24 16 62 99 19 155 21 97 183
internal_value=-0.000169223 -0.0399934 3.07982e-05 0.0103092 -0.0208623 -0.000761053 -0.0228335 0.000180441 0.0221512
internal_weight=254.128 1.27001 252.858 18.0869 4.97952 234.771 9.60444 225.167 13.1074
internal_count=4800 40 4760 363 118 4397 176 4221 245
is_linear=0
shrinkage=0.08


Tree=54
num_leaves=12
num_cat=0
split_feature=0 4 0 4 4 4 4 1 0 4 1
split_gain=0.303895 0.495887 1.25982 0.741336 0.555887 0.458813 1.87952 0.525031 0.0349378 0.0176582 0.00718906
threshold=7.5000000000000009 3.5000000000000004 3.5000000000000004 5.5000000000000009 9.5000000000000018 11.500000000000002 15.500000000000002 1.0000000180025095e-35 4.5000000000000009 3.5000000000000004 1.0000000180025095e-35
decision_type=2 2 2 2 2 2 2 2 2 2 2
left_child=1 2 10 -3 -5 9 -7 -8 -4 -2 -1
right_child=5 3 8 4 -6 6 7 -9 -10 -11 -12
leaf_value=-0.09234296958851497 0.022596772364894289 0.052542209376701642 -0.012851514406381322 -0.028544403147190166 -0.00068281896758785507 -0.0708695959446769 0.011597614538961446 -0.008247426896902145 0.0039662523257289004 0.031527100290924912 -0.081393836251788032
leaf_weight=0.7536816201172758 3.0477139167487612 1.6472755894064892 1.118121160194278 4.6956557426601639 191.12325186701491 2.1208604536950579 31.720460936427116 11.671649117954074 2.698646517470479 2.6485441662371159 0.78199672698974609
leaf_count=22 26 39 25 85 4003 16 132 314 59 20 59
internal_value=-0.000162239 -0.00155261 -0.0255795 -0.000901348 -0.00135093 0.00534446 0.00266553 0.00625968 -0.000960508 0.026749 -0.0867675
internal_weight=254.028 202.819 5.35245 197.466 195.819 51.2092 45.513 43.3921 3.81677 5.69626 1.53568
internal_count=4800 4292 165 4127 4088 508 462 446 84 46 81
is_linear=0
shrinkage=0.08


Tree=55
num_leaves=14
num_cat=0
split_feature=3 1 4 4 4 2 4 4 4 1 4 4 4
split_gain=0.291595 1.01054 0.680567 0.855663 0.367151 3.2799 2.39633 2.17736 1.91926 1.71314 0.759079 0.0181927 9.47982e-06
threshold=1.0000000180025095e-35 1.5000000000000002 29.500000000000004 42.500000000000007 52.500000000000007 1.0000000180025095e-35 61.500000000000007 49.500000000000007 58.500000000000007 1.5000000000000002 48.500000000000007 20.500000000000004 37.500000000000007
decision_type=2 2 2 2 2 2 2 2 2 2 2 2 2
left_child=4 2 11 -4 7 6 -6 10 -7 -9 -1 -2 -3
right_child=1 12 3 -5 5 8 -8 9 -10 -11 -12 -13 -14
leaf_value=0.00082496987675750595 -0.029427891075023315 -0.081956443198417536 0.050766283420395492 -0.013802862575493596 -0.089868447785124345 -0.018686974854687313 -0.013320231475795447 0.018025181962051828 0.018200229466081758 0.092746511434335946 -0.031875077428037489 -0.04259553922651959 -0.081509721900297163
leaf_weight=179.69941147230566 1.2340534199029174 0.66408370202407307 2.2159086335450411 3.2254100712016225 4.4392304504290205 14.051627120934425 6.3772865738719702 7.1174916103482229 25.247488663066179 2.7119904570281506 4.6611362416297188 1.4731616033241151 0.56072997907176614
leaf_count=3360 24 33 19 37 101 277 132 116 496 61 89 21 34
internal_value=-0.000152534 -0.0139996 -0.00381567 0.0124921 0.00037874 -0.00572608 -0.0447366 0.00195424 0.005011 0.0386411 -1.77629e-06 -0.0365932 -0.0817519
internal_weight=253.679 9.37335 8.14853 5.44132 244.306 50.1156 10.8165 194.19 39.2991 9.82948 184.361 2.70722 1.22481
internal_count=4800 168 101 56 4632 1006 233 3626 773 177 3449 45 67
is_linear=0
shrinkage=0.08


Tree=56
num_leaves=11
num_cat=0
split_feature=4 4 4 0 0 4 4 1 4 4
split_gain=0.299604 0.79737 0.323476 2.06532 4.66058 0.531154 0.477547 2.02115 0.872897 0.16236
threshold=78.500000000000014 83.500000000000014 66.500000000000014 1.5000000000000002 2.5000000000000004 69.500000000000014 53.500000000000007 1.5000000000000002 49.500000000000007 88.500000000000014
decision_type=2 2 2 2 2 2 2 2 2 2
left_child=2 -2 6 5 -5 -4 8 -8 -1 -3
right_child=1 9 3 4 -6 -7 7 -9 -10 -11
leaf_value=-0.00055907985597294745 -0.086989250651002617 0.038785781310364829 -0.085186607488696678 0.17976276196679158 0.010180334924564313 -0.017980372716949883 0.0019034255817838872 -0.043993470870384938 0.019509649549071102 -0.014940809760930179
leaf_weight=191.24773272825405 0.9152381364256138 0.63109976286068536 1.1118541136384004 1.202117994427679 7.5598623412661254 2.3294985983520746 24.761486160568893 8.1656320057809335 14.955553563777356 0.8379493816755712
leaf_count=3572 39 23 23 20 152 41 378 262 266 24
internal_value=-0.000151539 -0.0283765 0.000116219 0.0128209 0.0334465 -0.0396938 -0.000532128 -0.0094786 0.000896469 0.00814
internal_weight=253.718 2.38429 251.334 12.2033 8.76198 3.44135 239.13 32.9271 206.203 1.46905
internal_count=4800 86 4714 236 172 64 4478 640 3838 47
is_linear=0
shrinkage=0.08


Tree=57
num_leaves=8
num_cat=0
split_feature=4 4 4 4 4 4 0
split_gain=0.292962 0.301018 0.88675 0.930953 0.726662 0.688989 0.62523
threshold=84.500000000000014 77.500000000000014 73.500000000000014 70.500000000000014 78.500000000000014 82.500000000000014 1.5000000000000002
decision_type=2 2 2 2 2 2 2
left_child=1 2 3 -1 -3 -6 -4
right_child=-2 4 6 -5 5 -7 -8
leaf_value=-0.00026799896370747735 -0.038947546384411898 0.083770047779795839 0.00048912703038999934 0.047172012562901211 -0.0828978517747265 0.044719694034839268 -0.085872159554817515
leaf_weight=245.47157746180892 1.2395310206338752 0.90936962328851167 0.90784915350377504 2.6762538198381653 0.49451788514852502 0.59835486020892859 1.3116873390972612
leaf_count=4581 40 16 15 55 31 15 47
internal_value=-0.000150114 4.04426e-05 -0.000206637 0.000243638 0.0309362 -0.0130264 -0.0505481
internal_weight=253.609 252.37 250.367 248.148 2.00224 1.09287 2.21954
internal_count=4800 4760 4698 4636 62 46 62
is_linear=0
shrinkage=0.08


Tree=58
num_leaves=15
num_cat=0
split_feature=0 4 4 4 4 2 0 4 4 4 4 1 4 1
split_gain=0.270346 1.18598 1.04345 2.12733 0.8127 0.731749 0.677058 0.85038 0.681955 0.497259 0.461626 0.00132577 0.000102348 1.97322e-06
threshold=2.5000000000000004 6.5000000000000009 24.500000000000004 32.500000000000007 72.500000000000014 1.5000000000000002 3.5000000000000004 1.0000000180025095e-35 41.500000000000007 77.500000000000014 81.500000000000014 1.0000000180025095e-35 3.5000000000000004 1.5000000000000002
decision_type=2 2 2 2 2 2 2 2 2 2 2 2 2 2
left_child=1 12 5 -4 6 -3 8 -8 -2 11 -11 -6 13 -1
right_child=4 2 3 -5 9 -7 7 -9 -10 10 -12 -13 -14 -15
leaf_value=-0.080663833338638219 0.0019447898592811388 0.006018645224078501 -0.049757281767140768 -0.0019518482845016238 -0.087134587157612062 0.05051650305374996 0.032588693616169027 -0.0019445209459681399 0.021300424176059922 0.044112372298537095 -0.042130868329305862 -0.081457911927153057 -0.082242761324569008 -0.080953937624022851
leaf_weight=0.32098256982862838 27.15654100291431 15.636324400082232 7.174807525239884 35.111828012391925 0.46956880530342393 2.7867001667618743 4.7217105925083152 136.39172667637467 20.402162107639015 0.57480040285736311 1.2856361339800058 0.59943342581391335 0.65736422222107649 0.28178329393267632
leaf_count=40 284 285 256 972 18 34 65 2501 190 23 42 37 27 26
internal_value=-0.000141663 -0.0047348 -0.00314032 -0.010063 0.0013439 0.0127495 0.00199312 -0.000789026 0.0102481 -0.0404697 -0.0154852 -0.0839514 -0.0815524 -0.0807995
internal_weight=253.571 61.9698 60.7097 42.2866 191.602 18.423 188.672 141.113 47.5587 2.92944 1.86044 1.069 1.26013 0.602766
internal_count=4800 1640 1547 1228 3160 319 3040 2566 474 120 65 55 93 66
is_linear=0
shrinkage=0.08


Tree=59
num_leaves=15
num_cat=0
split_feature=0 4 0 4 4 1 2 4 4 4 4 4 0 1
split_gain=0.282083 0.452531 1.10986 0.665999 0.47856 0.36567 1.13358 1.24791 1.02688 0.449872 0.408979 0.24832 0.0304009 0.00558739
threshold=7.5000000000000009 3.5000000000000004 3.5000000000000004 5.5000000000000009 9.5000000000000018 1.0000000180025095e-35 1.0000000180025095e-35 21.500000000000004 25.500000000000004 50.500000000000007 41.500000000000007 57.500000000000007 4.5000000000000009 1.0000000180025095e-35
decision_type=2 2 2 2 2 2 2 2 2 2 2 2 2 2
left_child=1 2 13 -3 -5 9 7 -7 -8 10 -2 -11 -4 -1
right_child=5 3 12 4 -6 6 8 -9 -10 11 -12 -13 -14 -15
leaf_value=-0.091464145822388765 0.0092142892935141475 0.049328167043687414 -0.013834067085460875 -0.026800582398941106 -0.00067615257134673637 0.048943520055930174 -0.027323632220983628 -0.082650562775920644 0.022574110182344734 0.038555394139748518 -0.014842351882559333 0.012577094447712501 0.0017308409885588702 -0.081267365950636106
leaf_weight=0.69013224029913434 21.576251327991489 1.6778042744845141 1.1322983857244255 4.5958185298368326 190.74717466486618 0.59535151347517912 4.0661347266286594 2.0468126912601292 7.5238093612715602 4.3173132687807065 5.7223666012287131 5.1807233616709709 2.7623957507312298 0.68558073509484529
leaf_count=22 88 39 25 85 4003 12 73 74 196 19 23 23 59 59
internal_value=-0.000137778 -0.00147857 -0.024613 -0.000859715 -0.00129078 0.00517749 -0.00571173 -0.0529988 0.00506834 0.00938919 0.00417151 0.0243855 -0.00279432 -0.0863826
internal_weight=253.32 202.291 5.27041 197.021 195.343 51.0288 14.2321 2.64216 11.5899 36.7967 27.2986 9.49804 3.89469 1.37571
internal_count=4800 4292 165 4127 4088 508 355 86 269 153 111 42 84 81
is_linear=0
shrinkage=0.08


Tree=60
num_leaves=14
num_cat=0
split_feature=3 1 4 4 4 4 2 4 4 4 1 0 4
split_gain=0.26719 0.92516 0.736845 2.15762 1.02938 0.324642 2.85256 2.28304 1.73411 1.64375 1.46503 0.621847 6.92363e-06
threshold=1.0000000180025095e-35 1.5000000000000002 33.500000000000007 23.500000000000004 45.500000000000007 52.500000000000007 1.0000000180025095e-35 61.500000000000007 58.500000000000007 51.500000000000007 1.0000000180025095e-35 4.5000000000000009 37.500000000000007
decision_type=2 2 2 2 2 2 2 2 2 2 2 2 2
left_child=5 2 3 -2 -4 9 7 -7 -8 11 -11 -1 -3
right_child=1 12 4 -5 -6 6 8 -9 -10 10 -12 -13 -14
leaf_value=-0.0036287569649763626 -0.041993342751044403 -0.081793651717477794 -0.062243594758397539 0.088974714051997222 0.011323011870691513 -0.088709877550257832 -0.018280830334877651 -0.012173939884230727 0.016893206856665531 0.095445787304816801 -1.8914295519326612e-05 0.0055349108002643952 -0.081394619009358543
leaf_weight=98.88161787763238 1.5596706913784113 0.60774034680798716 2.3220742251724005 1.6639118986204264 2.5585552882403135 4.1425423342734558 13.866492104716597 6.2694602883420885 25.405801420565695 2.2448571771383277 1.8992578033357856 91.020408244803548 0.51336287474259734
leaf_count=1994 31 33 21 20 29 101 277 132 496 23 42 1567 34
internal_value=-0.00013213 -0.0134963 -0.00407361 0.0256082 -0.023678 0.000373711 -0.00539635 -0.0426247 0.00447375 0.0018511 0.0516941 0.000763407 -0.0816109
internal_weight=252.956 9.22532 8.10421 3.22358 4.88063 243.73 49.6843 10.412 39.2723 194.046 4.14411 189.902 1.1211
internal_count=4800 168 101 51 50 4632 1006 233 773 3626 65 3561 67
is_linear=0
shrinkage=0.08


Tree=61
num_leaves=8
num_cat=0
split_feature=4 3 4 0 4 4 2
split_gain=0.234602 0.235305 0.683535 1.38775 0.315799 2.62848 2.21736
threshold=84.500000000000014 1.0000000180025095e-35 55.500000000000007 4.5000000000000009 58.500000000000007 53.500000000000007 1.0000000180025095e-35
decision_type=2 2 2 2 2 2 2
left_child=1 4 3 -3 5 -1 -6
right_child=-2 2 -4 -5 6 -7 -8
leaf_value=0.0016113225198049331 -0.035480201653335749 0.015305963423512427 -0.061932069812013428 -0.066873217900258797 -0.032208533356355554 -0.036566537730016759 0.019057994924261301
leaf_weight=198.44611700484529 1.1958506852388371 5.9472675947472435 1.5002959175035355 1.6885079382918773 6.894030456896874 12.254157480783759 24.905815206933767
leaf_count=3705 40 100 26 41 146 273 469
internal_value=-0.000130347 3.76462e-05 -0.012566 -0.00286641 0.000512482 -0.000609071 0.0079437
internal_weight=252.832 251.636 9.13607 7.63578 242.5 210.7 31.7998
internal_count=4800 4760 167 141 4593 3978 615
is_linear=0
shrinkage=0.08


Tree=62
num_leaves=13
num_cat=0
split_feature=0 4 0 4 0 4 4 2 4 4 0 1
split_gain=0.238715 0.396037 1.0329 0.53825 0.444227 0.354258 1.29242 2.2686 0.157934 0.0727473 0.024292 0.00430901
threshold=7.5000000000000009 3.5000000000000004 3.5000000000000004 5.5000000000000009 3.5000000000000004 11.500000000000002 22.500000000000004 1.5000000000000002 17.500000000000004 4.5000000000000009 4.5000000000000009 1.0000000180025095e-35
decision_type=2 2 2 2 2 2 2 2 2 2 2 2
left_child=1 2 11 -3 -5 9 8 -8 -7 -2 -4 -1
right_child=5 3 10 4 -6 6 7 -9 -10 -11 -12 -13
leaf_value=-0.090483528428083132 0.015477998059156952 0.043435311660428751 -0.01275456123648685 0.0022542774418587257 -0.005422764108800794 -0.023504099683978926 0.00032560189169534041 0.058801613238384454 -0.051516337247662865 0.033639794383695895 0.0012184189820260622 -0.08116623636742501
leaf_weight=0.63931696629151591 3.1833577137440434 1.7460844069719303 1.116348769515753 107.83427003677934 87.285188151523471 3.5266656987369052 34.773596345447004 4.8365917457267633 2.0293578952550888 2.5359120331704617 2.7772970143705606 0.63141765398904681
leaf_count=22 28 39 25 2031 2057 31 355 52 24 18 59 59
internal_value=-0.000124484 -0.00135796 -0.0232268 -0.000784276 -0.00117999 0.00477278 0.00239749 0.0074658 -0.0337357 0.0235309 -0.00278778 -0.0858538
internal_weight=252.915 202.03 5.16438 196.866 195.119 50.8855 45.1662 39.6102 5.55602 5.71927 3.89365 1.27073
internal_count=4800 4292 165 4127 4088 508 462 407 55 46 84 81
is_linear=0
shrinkage=0.08


Tree=63
num_leaves=13
num_cat=0
split_feature=0 4 4 2 4 0 4 2 1 4 4 1
split_gain=0.230531 1.06018 1.02608 1.12025 0.712445 0.618146 0.736795 0.615931 0.497111 0.000111846 3.26046e-05 9.80809e-07
threshold=2.5000000000000004 6.5000000000000009 8.5000000000000018 1.5000000000000002 72.500000000000014 3.5000000000000004 34.500000000000007 1.0000000180025095e-35 1.0000000180025095e-35 3.5000000000000004 78.500000000000014 1.5000000000000002
decision_type=2 2 2 2 2 2 2 2 2 2 2 2
left_child=1 9 -3 -4 5 7 -7 -2 -6 11 -10 -1
right_child=4 2 3 -5 8 6 -8 -9 10 -11 -12 -13
leaf_value=-0.080515346911439439 -0.0089719312312912611 0.07858155299767472 -0.0096071598954459055 0.018313937215794104 -0.012374747012995811 -0.006923339668530838 0.0046754857663967213 0.014162453261795438 -0.081675839667892727 -0.082244360932917232 -0.080732485738798807 -0.080746626440198865
leaf_weight=0.24987547984346636 9.1085946466773731 0.97211012989282508 48.176853794138879 11.366451931186019 1.7637781240046018 66.533385360613465 74.074382425285876 38.485703766345978 0.73064004350453593 0.64699137769639492 0.34529648069292307 0.22126876935362816
leaf_count=40 98 16 1306 225 34 1206 1360 376 43 27 43 26
internal_value=-0.000118069 -0.00437238 -0.00294616 -0.00427719 0.00125445 0.00185455 -0.000812896 0.009735 -0.0385175 -0.0815616 -0.0813731 -0.080624
internal_weight=252.675 61.6336 60.5154 59.5433 191.042 188.202 140.608 47.5943 2.83971 1.11814 1.07594 0.471144
internal_count=4800 1640 1547 1531 3160 3040 2566 474 120 93 86 66
is_linear=0
shrinkage=0.08


Tree=64
num_leaves=11
num_cat=0
split_feature=0 4 1 4 4 4 4 1 1 4
split_gain=0.21095 0.527564 0.569377 0.797972 0.442461 0.372247 0.783873 0.633659 1.41957 0.470713
threshold=7.5000000000000009 1.0000000180025095e-35 1.0000000180025095e-35 6.5000000000000009 50.500000000000007 78.500000000000014 77.500000000000014 1.0000000180025095e-35 1.5000000000000002 73.500000000000014
decision_type=2 2 2 2 2 2 2 2 2 2
left_child=5 -2 4 -4 -3 6 9 -7 -9 -1
right_child=1 2 3 -5 -6 7 -8 8 -10 -11
leaf_value=-0.00093831560850164686 0.047632362423113403 0.0028881191256174073 -0.085087530324409771 -0.0060139008318543042 0.023083908371367357 -0.089389420385850654 0.070686828399907628 0.12437993523521915 -0.081612741166642203 -0.041957835471051259
leaf_weight=197.07129413960502 1.7514023631811131 26.53718826174736 0.87464101798832317 12.346251202281563 9.402762293815611 0.8152879662811745 0.97253634221851726 0.38155149016529322 0.48788343649357557 1.8068370465189207
leaf_count=4146 12 108 16 330 42 20 16 20 34 56
internal_value=-0.000113966 0.0044871 0.00295001 -0.0112451 0.00817183 -0.0012763 -0.00096062 -0.0387234 0.00878714 -0.00131098
internal_weight=252.448 50.9122 49.1608 13.2209 35.94 201.535 199.851 1.68472 0.869435 198.878
internal_count=4800 508 496 346 150 4292 4218 74 54 4202
is_linear=0
shrinkage=0.08


Tree=65
num_leaves=12
num_cat=0
split_feature=3 4 4 4 4 2 4 4 1 4 4
split_gain=0.2094 0.610063 1.20747 1.316 0.272467 2.1926 2.22747 1.35026 1.34523 1.24897 0.703271
threshold=1.0000000180025095e-35 55.500000000000007 45.500000000000007 37.500000000000007 52.500000000000007 1.0000000180025095e-35 61.500000000000007 49.500000000000007 1.5000000000000002 57.500000000000007 45.500000000000007
decision_type=2 2 2 2 2 2 2 2 2 2 2
left_child=4 2 3 -2 7 6 -6 10 -9 -7 -1
right_child=1 -3 -4 -5 5 9 -8 8 -10 -11 -12
leaf_value=0.0016442073562319315 0.0051409620072608384 -0.05940849762505504 0.063708815741324795 -0.076407932623883026 -0.0864583198107753 -0.017809053569891393 -0.0084428753171703549 0.011284988568618828 0.074937393670516481 0.012993006674073618 -0.015865864506306525
leaf_weight=167.36904597328976 4.4298944291658682 1.4601257557515053 1.4156181137077508 1.7735168673098085 3.8266162509098631 12.19844678416848 6.038115946110338 7.2535356227308494 3.005381291732192 27.235721237491816 16.09142174385488
leaf_count=3131 90 27 27 24 101 245 132 116 61 528 318
internal_value=-0.000109194 -0.0120378 -0.00295963 -0.0181734 0.00033646 -0.00497355 -0.0387058 0.00168778 0.0299322 0.00346479 0.000108389
internal_weight=252.097 9.07916 7.61903 6.20341 243.018 49.2989 9.86473 193.719 10.2589 39.4342 183.46
internal_count=4800 168 141 114 4632 1006 233 3626 177 773 3449
is_linear=0
shrinkage=0.08


Tree=66
num_leaves=16
num_cat=0
split_feature=0 2 4 4 0 4 4 2 4 0 4 4 4 4 1
split_gain=0.199807 1.04421 5.9423 13.4312 3.79823 2.31481 4.94076 1.33954 0.621733 0.554109 0.654891 0.616261 0.497386 0.392364 0.00122264
threshold=2.5000000000000004 1.0000000180025095e-35 38.500000000000007 32.500000000000007 1.0000000180025095e-35 40.500000000000007 26.500000000000004 1.5000000000000002 72.500000000000014 3.5000000000000004 1.0000000180025095e-35 41.500000000000007 77.500000000000014 80.500000000000014 1.0000000180025095e-35
decision_type=2 2 2 2 2 2 2 2 2 2 2 2 2 2 2
left_child=1 2 3 -1 -4 6 -3 -7 9 11 -11 -2 14 -14 -10
right_child=8 5 4 -5 -6 7 -8 -9 12 10 -12 -13 13 -15 -16
leaf_value=0.015493428008893608 0.0012679909333348899 0.0025012615124921801 0.058059482729594269 0.3029665418263835 -0.083214393370319065 -0.0019278328896781341 -0.068039533502868205 0.043817950662855813 -0.087002975859973797 0.028144275588752841 -0.0018457485045457204 0.019626217887681457 0.043219180079503108 -0.037464580414314122 -0.081215929310971977
leaf_weight=6.3609900097362679 27.214022341184318 16.083877565339211 1.6902213147841392 1.243494597263634 4.3592271553352475 15.583207623567434 10.505241646431385 5.5577658126130691 0.43768869061022941 4.8260373789817086 135.53193226689473 20.531712217256427 0.56376149877905835 1.2215837938711045 0.5012019369751215
leaf_count=154 284 363 52 42 132 434 346 117 18 65 2501 190 19 46 37
internal_value=-0.000108766 -0.00407891 0.0154295 0.0625014 -0.0437423 -0.0096596 -0.0253691 0.0100983 0.00116832 0.00171785 -0.000814578 0.00916243 -0.036776 -0.0119869 -0.0839137
internal_weight=252.212 61.384 13.6539 7.60448 6.04945 47.7301 26.5891 21.141 190.828 188.104 140.358 47.7457 2.72424 1.78535 0.938891
internal_count=4800 1640 380 196 184 1260 709 551 3160 3040 2566 474 120 65 55
is_linear=0
shrinkage=0.08


Tree=67
num_leaves=11
num_cat=0
split_feature=0 4 4 0 4 4 4 4 2 0
split_gain=0.203766 0.360312 0.99305 0.555651 0.486252 0.45444 0.350229 0.792953 0.439214 0.00129625
threshold=7.5000000000000009 3.5000000000000004 1.0000000180025095e-35 4.5000000000000009 5.5000000000000009 9.5000000000000018 65.500000000000014 61.500000000000007 1.5000000000000002 3.5000000000000004
decision_type=2 2 2 2 2 2 2 2 2 2
left_child=1 2 3 -1 -3 -6 7 8 -2 -4
right_child=6 4 9 -5 5 -7 -8 -9 -10 -11
leaf_value=-0.036755615060838229 0.0065471640574958192 0.041027238554335439 -0.087704924894141265 0.024645411266342471 -0.026083478185951775 -0.00051235540646881904 -0.024245976211832762 0.048004544662007584 -0.016424795949976773 -0.082294394907550222
leaf_weight=1.6715552648529404 39.289181797765195 1.76854072138667 0.43358274316415168 2.1649233810603619 4.5545978145673862 189.91065376345068 2.5927456868812433 2.7066193539649239 6.162177611142396 0.81812206655740738
leaf_count=72 391 39 27 35 85 4003 39 27 51 31
internal_value=-0.000134463 -0.00127647 -0.0222944 -0.00210704 -0.000731491 -0.00111126 0.00439573 0.00593775 0.00343269 -0.0841686
internal_weight=252.073 201.322 5.08818 3.83648 196.234 194.465 50.7507 48.158 45.4514 1.2517
internal_count=4800 4292 165 107 4127 4088 508 469 442 58
is_linear=0
shrinkage=0.08


Tree=68
num_leaves=14
num_cat=0
split_feature=3 4 4 4 4 4 4 2 0 4 1 4 4
split_gain=0.19286 0.59413 2.69668 1.08555 0.604458 0.247795 2.69434 1.31794 1.08421 0.735136 0.79169 0.664788 0.00839896
threshold=1.0000000180025095e-35 29.500000000000004 37.500000000000007 53.500000000000007 24.500000000000004 53.500000000000007 55.500000000000007 1.0000000180025095e-35 3.5000000000000004 49.500000000000007 1.5000000000000002 48.500000000000007 16.500000000000004
decision_type=2 2 2 2 2 2 2 2 2 2 2 2 2
left_child=5 4 -3 -4 12 9 8 -8 -7 11 -11 -1 -2
right_child=1 2 3 -5 -6 6 7 -9 -10 10 -12 -13 -14
leaf_value=0.00090347903561254959 -0.012027061891904842 0.09772550344956249 -0.058471619925761074 0.020864857997746171 -0.095651088427300163 -0.10172955064259136 -0.026430253350081149 0.0096750436322548036 -0.028726452525657423 0.0069611176410789115 0.047986845435514722 -0.030112873148411025 -0.02215754183337788
leaf_weight=178.67597870063037 1.0225015627220262 1.4561050105839966 2.7942260694690049 1.8245072416029868 0.89826983772218216 2.1699531795456997 8.1583557357080263 31.274227398447692 3.2551108133047819 10.508653938770292 4.2189942663535467 4.534892300143837 1.0738593488931654
leaf_count=3360 30 23 43 35 21 52 188 613 74 168 88 89 16
internal_value=-0.000126468 -0.0115804 0.00279575 -0.0271319 -0.0407437 0.000301387 -0.00506723 0.00220508 -0.0579267 0.00151804 0.0187137 0.000135753 -0.0172164
internal_weight=251.866 9.06947 6.07484 4.61873 2.99463 242.796 44.8576 39.4326 5.42506 197.939 14.7276 183.211 2.09636
internal_count=4800 168 101 78 67 4632 927 801 126 3705 256 3449 46
is_linear=0
shrinkage=0.08


Tree=69
num_leaves=15
num_cat=0
split_feature=0 4 4 4 4 0 1 4 4 4 0 4 4 1
split_gain=0.177309 0.989501 0.869697 2.72904 0.589405 0.582117 0.729676 1.55344 0.906304 0.644176 1.89934 1.40219 0.000101226 6.37525e-07
threshold=2.5000000000000004 6.5000000000000009 26.500000000000004 32.500000000000007 8.5000000000000018 3.5000000000000004 1.0000000180025095e-35 44.500000000000007 55.500000000000007 68.500000000000014 6.5000000000000009 66.500000000000014 3.5000000000000004 1.5000000000000002
decision_type=2 2 2 2 2 2 2 2 2 2 2 2 2 2
left_child=1 12 4 -4 -3 6 7 -2 -8 11 -11 -7 13 -1
right_child=5 2 3 -5 -6 9 8 -9 -10 10 -12 -13 -14 -15
leaf_value=-0.080454345019395343 0.028525889758737058 0.070061613277975471 -0.066063322045895836 -0.0016728913790759214 0.0077525264009646166 -0.0014913859792547582 0.0025393887003007259 -0.0064385305951836112 -0.051134760146574941 -0.085083561720754639 0.01839777517711149 0.067265126762510813 -0.082163180703094571 -0.080653194570718387
leaf_weight=0.2206022455357004 20.989895284175873 1.0227896086871648 4.7902987990528336 34.929305440746248 19.416141590103507 135.61698473570868 11.975915298797188 13.276387505233286 2.4202579429838798 2.1771124131046227 2.3718934496864676 1.9252166375517834 0.61827774904668331 0.19387234561145306
leaf_count=40 94 16 197 972 362 2489 278 59 65 80 63 32 27 26
internal_value=-0.000124341 -0.00387143 -0.00253852 -0.00943856 0.0108706 0.00107768 0.00862939 0.014979 -0.00648421 -0.00150858 -0.0311274 -0.000528982 -0.0815147 -0.0805474
internal_weight=251.945 61.1913 60.1585 39.7196 20.4389 190.754 48.6625 34.2663 14.3962 142.091 4.54901 137.542 1.03275 0.414475
internal_count=4800 1640 1547 1169 378 3160 496 153 343 2664 143 2521 93 66
is_linear=0
shrinkage=0.08


Tree=70
num_leaves=13
num_cat=0
split_feature=3 4 0 4 4 2 4 1 2 4 4 4
split_gain=0.179446 0.563975 1.22072 1.17015 0.207398 1.8212 2.55358 2.35273 1.2591 2.68323 1.59537 0.129049
threshold=1.0000000180025095e-35 55.500000000000007 4.5000000000000009 29.500000000000004 39.500000000000007 1.0000000180025095e-35 44.500000000000007 1.0000000180025095e-35 1.0000000180025095e-35 22.500000000000004 31.500000000000004 33.500000000000007
decision_type=2 2 2 2 2 2 2 2 2 2 2 2
left_child=4 2 3 -2 8 7 -7 -6 9 -1 -10 -4
right_child=1 -3 11 -5 5 6 -8 -9 10 -11 -12 -13
leaf_value=0.039565196174282828 -0.028858059268432448 -0.057443517704285414 -0.089554786582627985 0.043181005020554546 0.0070041734331305174 0.033339372575524787 0.0005710758313407922 -0.044966620065493193 0.00029169990051208734 -0.0078191732990956393 -0.021526145207868816 -0.043923681560681625
leaf_weight=13.284698805306109 2.4235901448409987 1.4220759738236664 0.72563980799168326 3.5668458240106702 11.891276880633088 19.922514952719212 64.485151587054133 10.49521284457296 74.333159327041358 18.02689193515107 30.149400369264185 0.87490168306976557
leaf_count=232 45 27 25 55 156 369 1226 346 1375 376 552 16
internal_value=-0.0001244 -0.0112085 -0.00254691 0.0140357 0.000287414 0.00292511 0.00830529 -0.0173607 -0.00178698 0.0122848 -0.00600404 -0.0646115
internal_weight=251.601 9.01305 7.59098 5.99044 242.588 106.794 84.4077 22.3865 135.794 31.3116 104.483 1.60054
internal_count=4800 168 141 100 4632 2097 1595 502 2535 608 1927 41
is_linear=0
shrinkage=0.08


Tree=71
num_leaves=16
num_cat=0
split_feature=4 2 1 1 2 0 4 4 4 4 1 0 0 4 0
split_gain=0.182334 2.30048 6.08295 1.25697 1.5158 0.614789 0.599633 0.550614 0.546761 1.26431 1.3614 0.894129 1.71569 0.884611 0.618297
threshold=20.500000000000004 1.5000000000000002 1.5000000000000002 1.0000000180025095e-35 1.0000000180025095e-35 7.5000000000000009 12.500000000000002 8.5000000000000018 26.500000000000004 29.500000000000004 1.5000000000000002 1.5000000000000002 1.0000000180025095e-35 30.500000000000004 6.5000000000000009
decision_type=2 2 2 2 2 2 2 2 2 2 2 2 2 2 2
left_child=1 3 5 4 -1 -3 -4 -5 11 10 -10 12 -2 -11 -13
right_child=8 2 6 7 -6 -7 -8 -9 9 13 -12 14 -14 -15 -16
leaf_value=0.054912446074791878 -0.016298195070243295 -0.075454427289630491 0.088478880600842885 0.0090871119593775463 0.0031936330565130321 -0.13372866334100203 0.015719870880456489 -0.017177689833917594 -0.012888645686379437 0.030449260022428148 -0.082689749147238742 -0.0047829427478646037 0.070154611314720658 -0.00018968106507735079 0.023385608156666318
leaf_weight=5.4382118051871666 2.3491749670356539 3.5480512706562859 1.3553860294632616 7.6027657517697689 10.888452361803502 1.7204952575266359 1.5584590099751947 15.569667370989917 8.995813519228248 6.2727889921516171 2.2320073754526666 16.408552865963433 3.9217063188552856 156.42240742733702 7.1646763980388632
leaf_count=60 56 64 21 198 161 9 24 359 180 96 103 282 50 3031 106
internal_value=-0.000125701 -0.0045791 -0.0431871 0.0034187 0.0204205 -0.0944844 0.049564 -0.00856033 0.000916394 -0.000800219 -0.0267646 0.0109203 0.037768 0.000991618 0.0037784
internal_weight=251.449 47.6815 8.18239 39.4991 16.3267 5.26855 2.91385 23.1724 203.767 173.923 11.2278 29.8441 6.27088 162.695 23.5732
internal_count=4800 896 118 778 221 73 45 557 3904 3410 283 494 106 3127 388
is_linear=0
shrinkage=0.08


Tree=72
num_leaves=15
num_cat=0
split_feature=0 4 2 4 4 0 2 4 4 4 0 4 4 1
split_gain=0.172137 0.925503 0.871374 4.6946 1.95532 0.486667 0.75687 1.72503 1.59642 0.554977 1.78086 1.15524 8.60109e-05 6.90049e-07
threshold=2.5000000000000004 6.5000000000000009 1.0000000180025095e-35 38.500000000000007 69.500000000000014 3.5000000000000004 1.0000000180025095e-35 39.500000000000007 27.500000000000004 68.500000000000014 6.5000000000000009 66.500000000000014 3.5000000000000004 1.5000000000000002
decision_type=2 2 2 2 2 2 2 2 2 2 2 2 2 2
left_child=1 12 3 -3 -4 6 7 -2 -8 11 -11 -7 13 -1
right_child=5 2 4 -5 -6 9 8 -9 -10 10 -12 -13 -14 -15
leaf_value=-0.080419584950926506 -0.040747397665083493 0.054564117721018761 -0.012489382075066958 -0.040704243650591873 0.049618062027704843 -0.0013103657521933998 0.039566631721751469 0.02905023071277606 0.0031007845952797318 -0.084704361972574804 0.017466079553197011 0.059825697230451509 -0.082059549157406209 -0.080633079794414309
leaf_weight=0.20412037987261911 5.585202142596243 8.0105499671772105 42.934856196865439 5.6419985545799127 3.5094044045545152 135.1996644907631 10.486684769392012 3.8135196305811405 28.743031366728246 2.01282541360706 2.3862423698883504 2.0075050294399253 0.57902931328862906 0.18444182584062219
leaf_count=40 61 183 1115 184 65 2489 112 44 279 80 63 32 27 26
internal_value=-0.000127714 -0.00382329 -0.00257359 0.0151939 -0.00779644 0.00105855 0.00796345 -0.0124271 0.0128486 -0.00131264 -0.0292827 -0.000415872 -0.0814417 -0.0805209
internal_weight=251.299 61.0644 60.0968 13.6525 46.4443 190.235 48.6284 9.39872 39.2297 141.606 4.39907 137.207 0.967592 0.388562
internal_count=4800 1640 1547 367 1180 3160 496 105 391 2664 143 2521 93 66
is_linear=0
shrinkage=0.08


Tree=73
num_leaves=14
num_cat=0
split_feature=4 2 1 0 0 4 0 4 0 0 4 0 4
split_gain=0.177493 1.16317 3.64442 1.7315 0.880158 0.876408 0.591557 0.524457 3.18438 1.68769 1.10058 2.0729 0.427732
threshold=17.500000000000004 1.5000000000000002 1.5000000000000002 7.5000000000000009 6.5000000000000009 12.500000000000002 7.5000000000000009 19.500000000000004 6.5000000000000009 3.5000000000000004 20.500000000000004 2.5000000000000004 26.500000000000004
decision_type=2 2 2 2 2 2 2 2 2 2 2 2 2
left_child=1 3 6 4 -1 -5 -3 8 9 -2 11 -9 -12
right_child=7 2 -4 5 -6 -7 -8 10 -10 -11 12 -13 -14
leaf_value=-0.0040393327393635969 0.023703942955909996 -0.062791058753669374 0.036395877312096293 0.056439002554778288 -0.053360121806229246 -0.00013129127088802944 -0.12902863128449837 0.036641152660488625 -0.069300404219035258 0.12932835108312629 0.0096823794163479002 -0.089314101258307702 -0.00065115275823891664
leaf_weight=21.785022252937786 2.7243401240557423 2.2621174817904821 2.5599541827104986 4.590872408822178 2.5911188544705501 2.8350929766893387 1.3950899839401247 1.3120141997933381 1.6679667234420774 1.5018810629844663 30.081042244564742 2.3059588707983494 173.49642804590985
leaf_count=496 45 48 37 39 65 28 7 23 26 36 494 46 3410
internal_value=-0.000130532 -0.00516588 -0.0368135 0.00102109 -0.009282 0.0348415 -0.0880583 0.00076787 0.024299 0.0612399 9.84696e-05 -0.043638 0.000875752
internal_weight=251.109 38.0193 6.21716 31.8021 24.3761 7.42597 3.65721 213.09 5.89419 4.22622 207.195 3.61797 203.577
internal_count=4800 720 92 628 561 67 55 4080 107 81 3973 69 3904
is_linear=0
shrinkage=0.08


Tree=74
num_leaves=14
num_cat=0
split_feature=4 2 2 1 0 4 4 4 1 0 2 2 1
split_gain=0.166209 2.26822 0.86272 5.26864 1.09928 0.821868 0.858504 0.819272 1.24198 1.97556 1.21825 1.18733 1.75399
threshold=23.500000000000004 1.0000000180025095e-35 1.5000000000000002 1.5000000000000002 7.5000000000000009 22.500000000000004 15.500000000000002 24.500000000000004 1.5000000000000002 1.0000000180025095e-35 1.5000000000000002 1.0000000180025095e-35 1.5000000000000002
decision_type=2 2 2 2 2 2 2 2 2 2 2 2 2
left_child=1 5 4 -4 -3 6 -1 11 10 -10 -9 -2 -13
right_child=7 2 3 -5 -6 -7 -8 8 9 -11 -12 12 -14
leaf_value=0.010620949319972277 -0.030988744957552217 -0.01403861638395794 -0.078259510054230541 0.042117517592367301 0.022692371915787067 -0.028289078356500796 0.049979420865629585 0.0006194605065649566 -0.081485922382230139 -0.0073856607786257243 0.021897155397107675 0.0028251001890504347 0.083772906531073194
leaf_weight=7.892931958893314 1.9073305167257766 27.739508901489899 6.3082331484183651 3.6870413720607758 6.4218689706176511 1.8545543849468238 6.4415205158293247 113.10437601921149 2.4237274392507961 46.099780391668901 20.314366308040917 3.697101216763258 3.1924813501536846
leaf_count=138 22 623 92 54 69 24 107 1838 173 1278 305 40 37
internal_value=-0.000131752 -0.00379111 -0.0131823 -0.033855 -0.0071337 0.0218241 0.0283076 0.00102599 -0.000126889 -0.0110869 0.00385921 0.0248704 0.0403345
internal_weight=251.085 60.3457 44.1567 9.99527 34.1614 16.189 14.3345 190.739 181.942 48.5235 133.419 8.79691 6.88958
internal_count=4800 1107 838 146 692 269 245 3693 3594 1451 2143 99 77
is_linear=0
shrinkage=0.08


Tree=75
num_leaves=14
num_cat=0
split_feature=0 4 2 4 4 4 4 4 4 4 1 4 1
split_gain=0.153552 0.842099 0.691982 3.70721 1.64903 0.45826 0.497944 0.409009 0.417488 0.377496 0.00106102 6.78392e-05 7.15077e-07
threshold=2.5000000000000004 6.5000000000000009 1.0000000180025095e-35 38.500000000000007 40.500000000000007 72.500000000000014 77.500000000000014 70.500000000000014 60.500000000000007 80.500000000000014 1.0000000180025095e-35 3.5000000000000004 1.5000000000000002
decision_type=2 2 2 2 2 2 2 2 2 2 2 2 2
left_child=1 11 3 -3 -4 7 10 8 -2 -8 -7 12 -1
right_child=5 2 4 -5 -6 6 9 -9 -10 -11 -12 -13 -14
leaf_value=-0.080376294081695068 0.0022336362579662597 0.046065983524570253 -0.021276758747819782 -0.03868118683402666 0.0090821700210029412 -0.086757719429172792 0.046860381185723304 0.042816941375810068 -0.011597268888260528 -0.03398077670802023 -0.081021890689486245 -0.081918718588176273 -0.080603728459107571
leaf_weight=0.18300882843322952 170.80809949012473 8.5044553144834918 24.724009606987238 5.4018447506241491 21.329387750010937 0.40233159018680398 0.54384229145944107 1.5165912117809046 15.211542167700825 1.1543809487484393 0.42382732080295682 0.5253100423142314 0.1712797184009105
leaf_count=40 2781 183 629 184 551 18 19 23 236 46 37 27 26
internal_value=-0.000135518 -0.00363353 -0.00249356 0.0131463 -0.00721618 0.000984212 -0.0328741 0.00143997 0.00110263 -0.00809205 -0.0838152 -0.0813417 -0.0804862
internal_weight=250.9 60.8393 59.9597 13.9063 46.0534 190.061 2.52438 187.536 186.02 1.69822 0.826159 0.879599 0.354289
internal_count=4800 1640 1547 367 1180 3160 120 3040 3017 65 55 93 66
is_linear=0
shrinkage=0.08


Tree=76
num_leaves=14
num_cat=0
split_feature=3 4 4 4 4 2 4 0 2 4 4 4 4
split_gain=0.156829 0.541846 2.88107 1.02433 0.221671 1.4018 2.11865 2.09492 0.652988 2.74282 1.43061 0.177115 0.0470771
threshold=1.0000000180025095e-35 33.500000000000007 28.500000000000004 53.500000000000007 39.500000000000007 1.0000000180025095e-35 44.500000000000007 1.0000000180025095e-35 1.0000000180025095e-35 33.500000000000007 31.500000000000004 16.500000000000004 42.500000000000007
decision_type=2 2 2 2 2 2 2 2 2 2 2 2 2
left_child=4 2 11 12 8 7 -7 -6 9 -1 -10 -2 -3
right_child=1 3 -4 -5 5 6 -8 -9 10 -11 -12 -13 -14
leaf_value=-0.0046828344120388027 -0.0033277457449699638 -0.042687492621953108 0.12924789741236523 0.022560415590309042 0.075930710990243885 0.03015289928217571 0.00052044486510487316 -0.02202346371410405 0.00096553045862156502 0.050711152012159942 -0.019868693739320695 -0.046912882282541528 -0.061127531188297266
leaf_weight=24.946507681626827 0.9380624326877286 1.8351075323298576 0.99436511006206263 1.795604992425069 1.5017897458747054 20.309791670180857 64.428164590150118 20.090972137171775 73.62833632202819 7.4229601249098769 29.562741881236434 1.6397635880857704 1.7133378875441847
leaf_count=462 30 25 17 35 47 369 1226 455 1375 146 552 31 30
internal_value=-0.000132665 -0.0105523 0.0135692 -0.0266761 0.000251408 0.00298587 0.00762268 -0.0152107 -0.00189344 0.0080201 -0.00500317 -0.0310524 -0.0515911
internal_weight=250.808 8.91624 3.57219 5.34405 241.891 106.331 84.738 21.5928 135.561 32.3695 103.191 2.57783 3.54845
internal_count=4800 168 78 90 4632 2097 1595 502 2535 608 1927 61 55
is_linear=0
shrinkage=0.08


Tree=77
num_leaves=14
num_cat=0
split_feature=0 4 4 4 0 2 4 4 4 4 4 4 1
split_gain=0.148683 0.776421 0.64385 0.960781 0.445542 0.665078 1.61328 1.47181 0.537213 2.52259 1.90575 5.32252e-05 5.62953e-07
threshold=2.5000000000000004 6.5000000000000009 8.5000000000000018 10.500000000000002 3.5000000000000004 1.0000000180025095e-35 39.500000000000007 27.500000000000004 34.500000000000007 42.500000000000007 32.500000000000007 3.5000000000000004 1.5000000000000002
decision_type=2 2 2 2 2 2 2 2 2 2 2 2 2
left_child=1 11 -3 -4 5 6 -2 -7 10 -10 -6 12 -1
right_child=4 2 3 -5 8 7 -8 -9 9 -11 -12 -13 -14
leaf_value=-0.080347265097911014 -0.039320822120822538 0.058104349611784054 -0.084744273835938785 -0.0023690898931696667 -0.002478931134712742 0.037619666277584229 0.028339836699005964 0.0027336578453786005 0.023899278377191246 -0.007079711720595269 -0.051695858224575439 -0.081768765944783314 -0.080557237160132814
leaf_weight=0.16904047736897965 5.5115679167211038 1.1004522778093804 0.92056956142187019 57.949650208931416 60.445638454053551 10.590663222596048 3.8175359768792987 28.752373322844505 25.305258850567043 50.184572430560365 5.4927667155861846 0.48564028274267912 0.15819922578521073
leaf_count=40 61 16 19 1512 1110 112 44 279 441 1017 96 27 26
internal_value=-0.00013241 -0.00357656 -0.0025239 -0.00365721 0.000968839 0.00757076 -0.0116336 0.0121245 -0.0013032 0.00330488 -0.00657877 -0.0812374 -0.0804488
internal_weight=250.884 60.7836 59.9707 58.8702 190.1 48.6721 9.3291 39.343 141.428 75.4898 65.9384 0.81288 0.32724
internal_count=4800 1640 1547 1531 3160 496 105 391 2664 1458 1206 93 66
is_linear=0
shrinkage=0.08


Tree=78
num_leaves=16
num_cat=0
split_feature=0 1 4 4 4 4 4 4 4 4 1 4 0 0 4
split_gain=0.155131 0.362578 0.959783 3.86719 0.728042 0.437113 0.398644 0.361684 2.35469 2.47809 1.65095 0.563284 1.47759 0.543561 0.296235
threshold=7.5000000000000009 1.0000000180025095e-35 41.500000000000007 37.500000000000007 46.500000000000007 50.500000000000007 41.500000000000007 64.500000000000014 60.500000000000007 58.500000000000007 1.0000000180025095e-35 78.500000000000014 1.5000000000000002 1.0000000180025095e-35 57.500000000000007
decision_type=2 2 2 2 2 2 2 2 2 2 2 2 2 2 2
left_child=7 5 3 -3 -4 6 -2 8 9 -1 -10 13 -13 -9 -7
right_child=1 2 4 -5 -6 14 -8 11 10 -11 -12 12 -14 -15 -16
leaf_value=-0.001926429478588965 0.0079568897478427478 -0.009536159518495348 -0.083908197326902842 0.1572942770092815 -0.016069712904238524 0.038678932721931424 -0.015858257216460222 -0.019948585806022327 -0.0050226077250044264 0.056449634640753511 -0.083365776940085401 0.083713605248342163 -0.085851084394453298 0.021933153514663958 0.01003272627854878
leaf_weight=172.10728800995275 21.278266400098804 8.3988416665233636 1.4131892789155234 0.99455332569778043 3.5706595054361969 4.225345775485037 5.7043493688106528 2.3641672208905247 3.1504235398024312 4.7833599466830483 3.7955802939832211 0.4688954558223476 1.1015910387504844 12.309371593641115 5.0978056788444519
leaf_count=3688 88 180 34 23 118 19 23 40 45 92 110 12 62 243 23
internal_value=-0.000129465 0.003824 -0.0069285 0.0081275 -0.0353056 0.00808204 0.00292217 -0.00113093 -0.002142 -0.000347863 -0.0478325 0.0103116 -0.0352247 0.0151853 0.0230155
internal_weight=250.764 50.683 14.3772 9.39339 4.98385 36.3058 26.9826 200.081 183.837 176.891 6.946 16.244 1.57049 14.6735 9.32315
internal_count=4800 508 355 203 152 153 111 4292 3935 3780 155 357 74 283 42
is_linear=0
shrinkage=0.08


Tree=79
num_leaves=12
num_cat=0
split_feature=3 4 4 4 4 4 0 4 1 1 4
split_gain=0.143279 0.570629 0.998701 1.06896 0.210993 1.91276 1.36932 2.12652 1.07629 0.913724 0.732292
threshold=1.0000000180025095e-35 55.500000000000007 45.500000000000007 33.500000000000007 58.500000000000007 53.500000000000007 5.5000000000000009 60.500000000000007 1.5000000000000002 1.0000000180025095e-35 49.500000000000007
decision_type=2 2 2 2 2 2 2 2 2 2 2
left_child=4 2 3 -2 5 10 7 -6 -7 -8 -1
right_child=1 -3 -4 -5 6 8 9 -9 -10 -11 -12
leaf_value=-0.0002321604754478316 0.011983249641680831 -0.057062731855159934 0.058180713255039297 -0.056735818300392364 0.072413751935255816 -0.020330947029038336 0.0020741378334030937 0.0063123026898356761 -0.081984698682895624 -0.045735379916695677 0.018334408014116798
leaf_weight=182.76495921681635 3.5944629437290114 1.3963050581514833 1.4530361201614139 2.4268509978428483 3.7571876086294678 9.262264537625013 6.2822845997288805 18.217208969872445 2.252918056678026 4.3160461478400975 14.688326852396129
leaf_count=3449 78 27 27 36 62 163 62 364 110 166 256
internal_value=-0.000132581 -0.0101181 -0.00134826 -0.0157135 0.00023414 -0.000699361 0.00622296 0.0176143 -0.0323934 -0.0173957 0.00114899
internal_weight=250.412 8.87066 7.47435 6.02131 241.541 208.968 32.5727 21.9744 11.5152 10.5983 197.453
internal_count=4800 168 141 114 4632 3978 654 426 273 228 3705
is_linear=0
shrinkage=0.08


Tree=80
num_leaves=12
num_cat=0
split_feature=0 4 4 4 4 4 4 1 4 2 4
split_gain=0.147341 0.3134 0.798226 0.364535 0.308224 2.06688 1.66026 1.58986 0.493374 0.892029 0.46343
threshold=7.5000000000000009 65.500000000000014 61.500000000000007 53.500000000000007 64.500000000000014 60.500000000000007 58.500000000000007 1.0000000180025095e-35 73.500000000000014 1.0000000180025095e-35 70.500000000000014
decision_type=2 2 2 2 2 2 2 2 2 2 2
left_child=4 2 3 -2 5 6 -1 -7 10 -10 -6
right_child=1 -3 -4 -5 8 7 -8 -9 9 -11 -12
leaf_value=-0.0017439492834385557 0.005014437135249762 -0.023626607235076178 0.047761384786541794 -0.019412781705847128 0.010332433893333191 -0.0046199982422614585 0.044283823778366635 -0.083091039689169074 -0.0852330429148562 0.0047989186310431996 0.051094705626953563
leaf_weight=171.77131819655187 40.935753349680454 2.5445247781462959 2.6616706773638716 4.322837656363844 9.9148923233151454 3.1408571787178508 5.1663665454834691 3.4868932813405991 0.88972039381042023 3.3797979201190174 2.1769691486842921
leaf_count=3688 396 39 27 46 162 45 92 110 43 103 49
internal_value=-0.000130172 0.00373246 0.00518521 0.00268129 -0.00110516 -0.00204295 -0.000399994 -0.045904 0.00941622 -0.0139627 0.0176711
internal_weight=250.392 50.4648 47.9203 45.2586 199.927 183.565 176.938 6.62775 16.3614 4.26952 12.0919
internal_count=4800 508 469 442 4292 3935 3780 155 357 146 211
is_linear=0
shrinkage=0.08


Tree=81
num_leaves=15
num_cat=0
split_feature=0 4 2 1 4 0 2 4 4 2 4 4 4 1
split_gain=0.134575 0.715478 0.609233 2.71105 1.55385 0.398904 0.578176 1.35248 1.20545 0.510081 2.33249 0.872254 4.13347e-05 4.36544e-07
threshold=2.5000000000000004 6.5000000000000009 1.5000000000000002 1.0000000180025095e-35 71.500000000000014 3.5000000000000004 1.0000000180025095e-35 39.500000000000007 27.500000000000004 1.5000000000000002 21.500000000000004 1.0000000180025095e-35 3.5000000000000004 1.5000000000000002
decision_type=2 2 2 2 2 2 2 2 2 2 2 2 2 2
left_child=1 12 4 -4 -3 6 7 -2 -8 11 -11 -7 13 -1
right_child=5 2 3 -5 -6 9 8 -9 -10 10 -12 -13 -14 -15
leaf_value=-0.080319465651669045 -0.03669433104285854 -0.010087602002182103 -0.055314532450568922 0.035132151412095872 0.050130655557883479 0.038127326690630819 0.034210478409708124 0.025297529073897811 0.0028135737162262829 -0.062892675468809264 0.00084173485402037939 -0.00040212929916509139 -0.081624953377393505 -0.080512202246416018
leaf_weight=0.15559038822539051 5.3960975073277933 45.168455686420202 2.7731737717986098 9.0182063202373666 2.9196820226497939 3.8880677539855233 10.769668377004562 3.8661206187680364 28.636191356927156 4.6280520856380489 17.844843686092645 114.54813500493765 0.44734743610024452 0.14558497187681496
leaf_count=40 61 1256 64 164 63 54 112 44 279 74 319 2217 27 26
internal_value=-0.000126478 -0.00340728 -0.00243562 0.0138603 -0.00643144 0.000922744 0.00716697 -0.0108185 0.0113944 -0.00123393 -0.0122837 0.00086273 -0.0811372 -0.0804126
internal_weight=250.205 60.628 59.8795 11.7914 48.0881 189.577 48.6681 9.26222 39.4059 140.909 22.4729 118.436 0.748523 0.301175
internal_count=4800 1640 1547 228 1319 3160 496 105 391 2664 393 2271 93 66
is_linear=0
shrinkage=0.08


Tree=82
num_leaves=16
num_cat=0
split_feature=0 1 2 4 4 4 4 4 4 4 1 0 0 2 4
split_gain=0.134801 0.314941 0.866942 1.05357 0.956986 0.419905 0.571039 0.361939 0.305021 1.40405 0.587304 0.406799 0.972154 0.888456 0.333981
threshold=7.5000000000000009 1.0000000180025095e-35 1.0000000180025095e-35 21.500000000000004 25.500000000000004 43.500000000000007 53.500000000000007 35.500000000000007 10.500000000000002 11.500000000000002 1.0000000180025095e-35 1.5000000000000002 3.5000000000000004 1.0000000180025095e-35 17.500000000000004
decision_type=2 2 2 2 2 2 2 2 2 2 2 2 2 2 2
left_child=8 5 3 -3 -4 7 -7 -2 11 10 -10 13 -13 -1 -11
right_child=1 2 4 -5 -6 6 -8 -9 9 14 -12 12 -14 -15 -16
leaf_value=0.026139084069765228 0.0074412359154688171 0.037020287941645295 -0.028830256539039052 -0.0823961272213138 0.018890202825462849 0.041397817731227422 0.006099373869372756 -0.014603709821009185 0.018095841910917704 -0.013558047955501664 0.095621973004702293 0.023380102997982658 -0.025578610365482365 -0.084794896227047792 -0.00011636619303382477
leaf_weight=0.71224388899281565 17.058488249778751 0.64673873409628813 4.1125089265406114 1.7585187847726045 7.7729365923441947 4.7093997001647931 7.776722677052021 6.6147750914096823 1.1798590943217271 12.707634077407418 1.33074264973402 4.2073147289920581 6.7764182118698955 1.3153299116529522 171.34689191635698
leaf_count=18 71 12 73 74 196 21 34 27 14 275 29 74 159 74 3649
internal_value=-0.000125858 0.00356873 -0.00648569 -0.0502868 0.00237834 0.00754238 0.0194129 0.00128144 -0.0010598 -0.000233864 0.0591885 -0.0129026 -0.00682499 -0.0458261 -0.00104442
internal_weight=250.027 50.4501 14.2907 2.40526 11.8854 36.1594 12.4861 23.6733 199.576 186.565 2.5106 13.0113 10.9837 2.02757 184.055
internal_count=4800 508 355 86 269 153 55 98 4292 3967 43 325 233 92 3924
is_linear=0
shrinkage=0.08


Tree=83
num_leaves=10
num_cat=0
split_feature=4 2 1 4 4 1 0 1 4
split_gain=0.133516 1.00572 0.70206 1.72416 0.630777 0.410644 0.319581 3.24914 0.889275
threshold=73.500000000000014 1.5000000000000002 1.5000000000000002 77.500000000000014 70.500000000000014 1.0000000180025095e-35 1.0000000180025095e-35 1.5000000000000002 69.500000000000014
decision_type=2 2 2 2 2 2 2 2 2
left_child=4 2 3 -2 6 -6 7 -1 -8
right_child=1 -3 -4 -5 5 -7 8 -9 -10
leaf_value=0.034684691013651486 -0.086963890225892945 -0.089630718721020769 0.057643927378666353 0.035108742006541876 0.073169541023010876 0.011579024276765283 -0.00063280730195384148 -0.046894589265349805 -0.061423630810026733
leaf_weight=10.741080294130368 1.2806729851290577 0.90066091530024994 1.1233492270112035 1.7555797428358344 1.200881245080381 1.637563034892082 225.09891333105043 4.4063681883271775 1.5506776925176371
leaf_count=303 37 28 53 46 16 39 4028 227 23
internal_value=-0.000122772 -0.0129852 0.00361048 -0.0163808 0.000143287 0.0376366 -0.000296845 0.0109534 -0.00104872
internal_weight=249.696 5.06026 4.1596 3.03625 244.635 2.83844 241.797 15.1474 226.65
internal_count=4800 164 136 83 4636 55 4581 530 4051
is_linear=0
shrinkage=0.08


Tree=84
num_leaves=13
num_cat=0
split_feature=3 4 4 4 1 4 4 2 0 1 1 4
split_gain=0.129549 0.515841 0.924432 1.36816 0.404839 0.181325 1.00851 1.86126 0.524661 0.837308 0.654758 0.373016
threshold=1.0000000180025095e-35 55.500000000000007 29.500000000000004 37.500000000000007 1.0000000180025095e-35 1.0000000180025095e-35 3.5000000000000004 1.0000000180025095e-35 4.5000000000000009 1.5000000000000002 1.5000000000000002 11.500000000000002
decision_type=2 2 2 2 2 2 2 2 2 2 2 2
left_child=5 2 4 -4 -2 8 7 -7 10 -10 -1 -8
right_child=1 -3 3 -5 -6 6 11 -9 9 -11 -12 -13
leaf_value=-0.085085560328132567 -0.057822516378699784 -0.054795804303161333 0.082168460786678194 -0.0099631546541689431 0.0072910656496923618 0.049773149422966893 0.013636832622622086 -0.10254171913500937 0.064793916222055811 -0.0083918520422049461 0.024454582177265729 -0.00035499211966534468
leaf_weight=0.66351009253412374 1.9458759084809556 1.3679278369527308 1.5426293611526487 3.1137993335723877 0.89090111828409124 0.76467160112224464 12.909269127063451 1.5628967704251406 2.0715696923434734 1.9350362643599508 0.7373069766908884 220.18835560232401
leaf_count=41 25 27 23 51 42 14 216 53 25 20 29 4234
internal_value=-0.000120179 -0.00962002 -0.00137292 0.0205591 -0.0373733 0.000229356 -0.000103326 -0.052502 0.0147135 0.029448 -0.0274301 0.000419895
internal_weight=249.694 8.86113 7.49321 4.65643 2.83678 240.833 235.425 2.32757 5.40742 4.00661 1.40082 233.098
internal_count=4800 168 141 74 67 4632 4517 67 115 45 70 4450
is_linear=0
shrinkage=0.08


Tree=85
num_leaves=15
num_cat=0
split_feature=0 4 4 4 4 0 4 4 4 4 0 4 4 1
split_gain=0.116218 0.629434 0.615704 2.43495 0.468502 0.34678 0.604705 6.77586 2.89896 0.439842 1.75969 0.957657 2.98231e-05 2.9432e-07
threshold=2.5000000000000004 6.5000000000000009 26.500000000000004 32.500000000000007 17.500000000000004 3.5000000000000004 41.500000000000007 44.500000000000007 36.500000000000007 68.500000000000014 6.5000000000000009 66.500000000000014 3.5000000000000004 1.5000000000000002
decision_type=2 2 2 2 2 2 2 2 2 2 2 2 2 2
left_child=1 12 4 -4 -3 6 8 -8 -2 11 -11 -7 13 -1
right_child=5 2 3 -5 -6 9 7 -9 -10 10 -12 -13 -14 -15
leaf_value=-0.080266002344968154 0.010315596576529876 -0.0062310104588768345 -0.064351098640255538 -0.001117638188032642 0.018408793863987218 -0.001207769010142125 0.12419721461633289 -0.0021229526160136377 -0.060053341647113685 -0.084572719545767158 0.019626741005481296 0.053473290425352593 -0.081457688741548837 -0.080438301868879153
leaf_weight=0.12877486785873671 22.891271319240335 8.0897923484444636 4.3922391235828391 34.594349321676418 12.679421373177318 134.16849596076645 3.1951299691572812 18.187157289125025 4.4800973292440167 1.8660460086539377 2.3353923610411584 2.0816245302557936 0.40343753946945071 0.12507857452146709
leaf_count=40 232 164 197 972 214 2489 26 186 52 80 63 32 27 26
internal_value=-0.000116058 -0.00317091 -0.00231449 -0.00824154 0.00881137 0.000859355 0.00667249 0.0167529 -0.00120227 -0.0011585 -0.0266529 -0.000372354 -0.0810302 -0.0803509
internal_weight=249.618 60.4131 59.7558 38.9866 20.7692 189.205 48.7537 21.3823 27.3714 140.452 4.20144 136.25 0.657291 0.253853
internal_count=4800 1640 1547 1169 378 3160 496 212 284 2664 143 2521 93 66
is_linear=0
shrinkage=0.08


Tree=86
num_leaves=13
num_cat=0
split_feature=3 4 0 4 4 2 4 4 1 4 0 4
split_gain=0.125384 0.442472 0.948 0.940623 0.162402 1.43158 2.1841 1.06343 1.20365 0.879986 0.569794 0.137414
threshold=1.0000000180025095e-35 55.500000000000007 4.5000000000000009 29.500000000000004 52.500000000000007 1.0000000180025095e-35 61.500000000000007 51.500000000000007 1.0000000180025095e-35 55.500000000000007 4.5000000000000009 33.500000000000007
decision_type=2 2 2 2 2 2 2 2 2 2 2 2
left_child=4 2 3 -2 7 6 -6 10 -9 -7 -1 -4
right_child=1 -3 11 -5 5 9 -8 8 -10 -11 -12 -13
leaf_value=-0.0038609235775040598 -0.026987936152517659 -0.052019936119789272 -0.087076767204499139 0.037753147576666882 -0.083441767233485301 -0.020898170977162775 -0.0016150970730315103 0.081324873451514623 -0.0042484783844883361 0.0086882998300596617 0.0049507086710645761 -0.037872460458110171
leaf_weight=97.690310088568367 2.3742994109634292 1.3293751971796153 0.64508543163537957 3.6354179417248815 3.3900093198753876 8.1005237945355457 5.4342636240180582 2.23101857677102 1.9905651118606327 31.269788836594671 90.452905423007905 0.83142222184687853
leaf_count=1994 45 27 25 55 101 160 132 23 42 613 1567 16
internal_value=-0.000117419 -0.00948806 -0.00193541 0.0121755 0.00022598 -0.00392679 -0.0330503 0.0012664 0.0409752 0.00260082 0.000375412 -0.0593698
internal_weight=249.375 8.8156 7.48623 6.00972 240.559 48.1946 8.82427 192.365 4.22158 39.3703 188.143 1.47651
internal_count=4800 168 141 100 4632 1006 233 3626 65 773 3561 41
is_linear=0
shrinkage=0.08


Tree=87
num_leaves=10
num_cat=0
split_feature=4 2 1 4 4 1 0 1 4
split_gain=0.115858 0.929964 0.57802 1.57123 0.572934 0.34982 0.283651 2.7786 0.748796
threshold=73.500000000000014 1.5000000000000002 1.5000000000000002 83.500000000000014 70.500000000000014 1.0000000180025095e-35 1.0000000180025095e-35 1.5000000000000002 69.500000000000014
decision_type=2 2 2 2 2 2 2 2 2
left_child=4 2 3 -2 6 -6 7 -1 -8
right_child=1 -3 -4 -5 5 -7 8 -9 -10
leaf_value=0.031372747000602073 -0.053389433209406707 -0.08897191674472206 0.050793796133597344 0.073723840830747345 0.068117945873595792 0.011550461332451703 -0.00062749104680864256 -0.045050228776269637 -0.057837444674412465
leaf_weight=11.030282803112639 2.0845886273309584 0.83949513686820854 1.1773493250366298 0.88724103593267489 1.2223028335720294 1.6363245425745843 224.67497159459163 4.2057589285541317 1.4738037958741177
leaf_count=303 59 28 53 24 16 39 4028 227 23
internal_value=-0.000113369 -0.0121823 0.00335436 -0.0154397 0.000133139 0.0357378 -0.000288513 0.0102769 -0.00100033
internal_weight=249.232 4.98867 4.14918 2.97183 244.243 2.85863 241.385 15.236 226.149
internal_count=4800 164 136 83 4636 55 4581 530 4051
is_linear=0
shrinkage=0.08


Tree=88
num_leaves=8
num_cat=0
split_feature=4 4 4 0 4 4 4
split_gain=0.136554 0.182955 0.490562 0.516232 0.476212 0.303379 0.748935
threshold=84.500000000000014 77.500000000000014 73.500000000000014 1.5000000000000002 70.500000000000014 78.500000000000014 82.500000000000014
decision_type=2 2 2 2 2 2 2
left_child=1 2 4 -4 -1 -3 -7
right_child=-2 5 3 -5 -6 6 -8
leaf_value=-0.00026885085927477899 -0.02874498117556256 0.053494428505081501 0.00057300746156629728 -0.085202719930847298 0.032309793926445229 -0.083746267099658905 0.054444637854304992
leaf_weight=241.38333500130102 1.0613311785273243 1.0638906229287379 0.90815569646656402 0.88827035878784955 2.9061049260199061 0.45583077962510266 0.55855104327201843
leaf_count=4581 40 16 15 47 55 31 15
internal_value=-0.000110434 1.20286e-05 -0.00018759 -0.0418401 0.00011871 0.0236486 -0.00765394
internal_weight=249.225 248.164 246.086 1.79643 244.289 2.07827 1.01438
internal_count=4800 4760 4698 62 4636 62 46
is_linear=0
shrinkage=0.08


Tree=89
num_leaves=8
num_cat=0
split_feature=4 4 4 0 4 4 0
split_gain=0.117803 0.150883 0.433386 0.491544 0.395034 0.24535 1.38811
threshold=84.500000000000014 77.500000000000014 73.500000000000014 1.5000000000000002 71.500000000000014 78.500000000000014 1.5000000000000002
decision_type=2 2 2 2 2 2 2
left_child=1 2 4 -4 -1 -3 -7
right_child=-2 5 3 -5 -6 6 -8
leaf_value=-0.00015919729096115442 -0.026936479587104684 0.04735291758655822 0.00052690668024993304 -0.084806659891409175 0.038711397869339678 0.1064428462066344 -0.084944616993738842
leaf_weight=242.62316511105746 1.0427749850787211 1.1039219778031104 0.90858770348131546 0.82365078269504011 1.6849142010323692 0.40821055322885491 0.59759719716385007
leaf_count=4599 40 16 15 47 37 8 38
internal_value=-0.000103928 8.82715e-06 -0.000173841 -0.0400478 0.000108881 0.0213119 -0.00726935
internal_weight=249.193 248.15 246.04 1.73224 244.308 2.10973 1.00581
internal_count=4800 4760 4698 62 4636 62 46
is_linear=0
shrinkage=0.08


Tree=90
num_leaves=14
num_cat=0
split_feature=3 4 4 4 4 4 4 2 0 1 1 4 4
split_gain=0.113317 0.471968 2.04145 1.075 0.588124 0.153183 0.90094 1.70716 0.423565 0.675568 0.61 0.327735 0.0448815
threshold=1.0000000180025095e-35 33.500000000000007 28.500000000000004 53.500000000000007 15.500000000000002 1.0000000180025095e-35 3.5000000000000004 1.0000000180025095e-35 4.5000000000000009 1.5000000000000002 1.5000000000000002 11.500000000000002 42.500000000000007
decision_type=2 2 2 2 2 2 2 2 2 2 2 2 2
left_child=5 2 4 12 -2 8 7 -7 10 -10 -1 -8 -3
right_child=1 3 -4 -5 -6 6 11 -9 9 -11 -12 -13 -14
leaf_value=-0.084754313473945811 -0.087992439557713964 -0.041236595301831179 0.10527420006222243 0.027010431514447163 -0.0016727064920060118 0.045341511121792549 0.012767063641768104 -0.10198613365279141 0.057305031466377318 -0.0079709910749550857 0.023259756163865927 -0.0003248028418371748 -0.059422413164261244
leaf_weight=0.60759860672987887 0.71346123842522402 1.8028237114194783 1.0782816866412757 1.7406494582537559 1.7302442290820179 0.77136132190935258 12.959153813309966 1.4488268209388477 2.1437565609812737 1.9266595244407652 0.74479139549657702 219.81728877290152 1.6758987181819973
leaf_count=41 26 25 17 35 35 14 216 53 25 20 29 4234 30
internal_value=-9.82718e-05 -0.00904559 0.0135838 -0.0243157 -0.0268745 0.000227042 -7.97139e-05 -0.0508 0.0135203 0.0264078 -0.0252686 0.000404049 -0.0499977
internal_weight=249.161 8.74136 3.52199 5.21937 2.44371 240.419 234.997 2.22019 5.42281 4.07042 1.35239 232.776 3.47872
internal_count=4800 168 78 90 61 4632 4517 67 115 45 70 4450 55
is_linear=0
shrinkage=0.08


Tree=91
num_leaves=16
num_cat=0
split_feature=0 2 4 4 0 4 4 4 0 1 4 4 4 4 4
split_gain=0.107681 0.614274 3.07243 6.56226 3.3157 1.25964 4.38988 1.19771 0.337136 0.559592 1.22301 0.717242 0.451626 2.08468 1.71519
threshold=2.5000000000000004 1.0000000180025095e-35 38.500000000000007 32.500000000000007 1.0000000180025095e-35 40.500000000000007 26.500000000000004 44.500000000000007 3.5000000000000004 1.0000000180025095e-35 44.500000000000007 55.500000000000007 34.500000000000007 42.500000000000007 32.500000000000007
decision_type=2 2 2 2 2 2 2 2 2 2 2 2 2 2 2
left_child=1 2 3 -1 -4 6 -3 -7 9 10 -2 -11 14 -14 -10
right_child=8 5 4 -5 -6 7 -8 -9 12 11 -12 -13 13 -15 -16
leaf_value=0.0049391854744235582 0.024095485001017831 0.0057789481997670422 0.052355732496983449 0.17433425377396816 -0.08263245440016441 0.048329488973546074 -0.064819952298001055 -0.0019399135636863649 -0.0021573315749144877 0.0010039770001257751 -0.0070060097015946588 -0.048319489842899355 0.021526763392526828 -0.0065476040773976684 -0.049632128636538542
leaf_weight=7.0318291168659908 21.074063554406166 15.414584233774805 1.7559486171230663 1.8483576048165558 3.4578462755307555 3.6394314393401173 8.8865001155063492 18.215651518199593 59.803626969689503 12.165543945506213 13.135449327528475 2.2332234554924062 25.76198229379952 49.363704674178734 5.3022130578756324
leaf_count=154 94 363 52 42 132 106 346 445 1110 278 59 65 441 1017 96
internal_value=-9.62304e-05 -0.00304099 0.0115771 0.0401978 -0.0371699 -0.00750468 -0.0200379 0.00643123 0.000843308 0.00658465 0.0121534 -0.00664601 -0.00114681 0.00307961 -0.00602367
internal_weight=249.09 60.2501 14.094 8.88019 5.21379 46.1562 24.3011 21.8551 188.84 48.6083 34.2095 14.3988 140.232 75.1257 65.1058
internal_count=4800 1640 380 196 184 1260 709 551 3160 496 153 343 2664 1458 1206
is_linear=0
shrinkage=0.08


Tree=92
num_leaves=14
num_cat=0
split_feature=4 2 4 4 4 2 1 1 0 2 2 1 0
split_gain=0.119239 1.79774 0.71265 0.706717 0.685223 0.959346 1.43018 0.854158 1.80744 1.04335 0.679806 4.93006 0.937742
threshold=23.500000000000004 1.0000000180025095e-35 22.500000000000004 15.500000000000002 24.500000000000004 1.0000000180025095e-35 1.5000000000000002 1.5000000000000002 1.0000000180025095e-35 1.5000000000000002 1.5000000000000002 1.5000000000000002 7.5000000000000009
decision_type=2 2 2 2 2 2 2 2 2 2 2 2 2
left_child=1 2 3 -1 5 -2 -7 9 -9 -6 12 -12 -3
right_child=4 10 -4 -5 7 6 -8 8 -10 -11 11 -13 -14
leaf_value=0.0090020859615072262 -0.028764984962941303 -0.012956560651010958 -0.027595828561163108 0.044356364056663253 6.4750079451555579e-05 0.0016155608147773537 0.073642100273061201 -0.081461327756919569 -0.0060370946491512239 0.019705218917338629 -0.076209509162268624 0.041784223149816641 0.021189088350124785
leaf_weight=7.8961485140025616 1.8510869704186896 27.055988492909819 1.842871110886336 6.6797924228012562 112.72879904322326 3.7038516625761986 3.3693794459104538 2.1290779123082748 45.248256797902286 20.450731307733804 5.8696962721878645 3.6916140029206872 6.3568594865500918
leaf_count=138 22 623 24 107 1838 40 37 173 1278 305 92 54 69
internal_value=-0.000111981 -0.00323968 0.0192777 0.0252041 0.000868399 0.0225077 0.0359259 -0.000201156 -0.00942656 0.00308069 -0.0118427 -0.0306522 -0.00646028
internal_weight=248.874 59.393 16.4188 14.5759 189.481 8.92432 7.07323 180.557 47.3773 133.18 42.9742 9.56131 33.4128
internal_count=4800 1107 269 245 3693 99 77 3594 1451 2143 838 146 692
is_linear=0
shrinkage=0.08


Tree=93
num_leaves=12
num_cat=0
split_feature=3 4 4 4 4 2 1 4 4 0 2
split_gain=0.106551 0.438532 0.866156 0.968678 0.1588 1.06064 1.79049 1.3933 0.587705 1.45922 0.512819
threshold=1.0000000180025095e-35 55.500000000000007 45.500000000000007 33.500000000000007 39.500000000000007 1.0000000180025095e-35 1.0000000180025095e-35 44.500000000000007 36.500000000000007 1.0000000180025095e-35 1.5000000000000002
decision_type=2 2 2 2 2 2 2 2 2 2 2
left_child=4 2 3 -2 8 6 -6 -7 10 -10 -1
right_child=1 -3 -4 -5 5 7 -8 -9 9 -11 -12
leaf_value=0.0025993667287778233 0.011394278923677434 -0.05162798668635743 0.053275540818679377 -0.054791862854895512 0.0073052347149279032 0.024355327145032586 -0.039807176785686141 0.00061316813185208631 0.076824561510263872 -0.02347419494697673 -0.011374081907552784
leaf_weight=99.220347475958988 3.545085591147652 1.3019431221764532 1.4878067937679587 2.3555942780803889 11.622593125095593 21.024311734363437 9.2889020116999728 63.896413575857878 0.99559784401208062 13.743767725303767 20.237156747374684
leaf_count=1936 78 27 27 36 156 369 346 1226 38 245 316
internal_value=-0.000115227 -0.00881737 -0.0012736 -0.0150277 0.00019984 0.00251695 -0.0136221 0.00649115 -0.00162751 -0.0166993 0.000232141
internal_weight=248.72 8.69043 7.38849 5.90068 240.029 105.832 20.9115 84.9207 134.197 14.7394 119.458
internal_count=4800 168 141 114 4632 2097 502 1595 2535 283 2252
is_linear=0
shrinkage=0.08


Tree=94
num_leaves=16
num_cat=0
split_feature=4 2 1 4 4 4 2 0 1 4 1 4 2 1 0
split_gain=0.106352 1.49071 0.670166 3.59199 1.51474 0.588 1.31227 1.74839 1.47842 1.14422 1.20415 0.731203 0.546892 4.38686 0.795624
threshold=23.500000000000004 1.0000000180025095e-35 1.5000000000000002 6.5000000000000009 10.500000000000002 26.500000000000004 1.0000000180025095e-35 3.5000000000000004 1.0000000180025095e-35 29.500000000000004 1.5000000000000002 30.500000000000004 1.5000000000000002 1.5000000000000002 7.5000000000000009
decision_type=2 2 2 2 2 2 2 2 2 2 2 2 2 2 2
left_child=1 2 4 -4 -1 6 8 -8 -2 10 -7 -11 14 -14 -3
right_child=5 12 3 -5 -6 9 7 -9 -10 11 -12 -13 13 -15 -16
leaf_value=0.056728424982869514 0.022903011424200041 -0.012249590201207333 -0.087181201768822644 0.070884063405921141 -0.011777912792185432 -0.013212689855707851 0.053397937317184951 -0.0023688957918337771 -0.086511433780405975 0.027884662714251357 -0.082382763454989447 -2.6557648721408748e-06 -0.073275196107127627 0.038359791587350624 0.019131377250767773
leaf_weight=2.7658550532069084 1.5775666125118759 26.830313864396885 1.1498948652297247 4.6045499024912715 8.1594803053885681 8.873665358871218 7.0672254809178394 7.3297577118501067 1.5839052642695606 6.2608648808673015 1.9679610440507538 154.70014727371745 5.5673455102369171 3.784119869582355 6.4051860626786938
leaf_count=36 17 623 24 87 122 180 97 132 37 96 103 3031 92 54 69
internal_value=-0.000112829 -0.00307035 0.0172029 0.0392983 0.00556513 0.000812823 0.0147574 0.0250061 -0.0319139 -0.000612329 -0.0257684 0.00108207 -0.0110107 -0.0281015 -0.00620181
internal_weight=248.628 59.2667 16.6798 5.75444 10.9253 189.361 17.5585 14.397 3.16147 171.803 10.8416 160.961 42.587 9.35147 33.2355
internal_count=4800 1107 269 111 158 3693 283 229 54 3410 283 3127 838 146 692
is_linear=0
shrinkage=0.08


Tree=95
num_leaves=16
num_cat=0
split_feature=0 2 1 0 4 0 2 4 0 4 4 4 4 4 1
split_gain=0.113944 0.588286 2.38154 1.65182 1.22562 2.15984 1.71386 0.691962 0.285587 0.605247 4.32118 2.93578 0.41252 1.01314 0.131978
threshold=2.5000000000000004 1.5000000000000002 1.0000000180025095e-35 1.0000000180025095e-35 71.500000000000014 1.5000000000000002 1.0000000180025095e-35 51.500000000000007 3.5000000000000004 40.500000000000007 44.500000000000007 36.500000000000007 1.0000000180025095e-35 4.5000000000000009 1.5000000000000002
decision_type=2 2 2 2 2 2 2 2 2 2 2 2 2 2 2
left_child=1 4 7 -4 6 -6 -1 -3 9 11 -11 -2 14 -14 -10
right_child=8 2 3 -5 5 -7 -8 -9 12 10 -12 -13 13 -15 -16
leaf_value=0.013061681005646615 0.0087296961513221548 -0.083663574287294443 -0.039145799944636316 0.048204347042436403 -0.0077802294632410406 0.13215564753102649 -0.020733275062538699 0.0021144928403531542 0.034518429189089109 0.091754400762202593 -0.00069113871674520648 -0.067970912113387613 -0.053820745241617618 -0.00089480798262011273 0.0084195397015094757
leaf_weight=13.835718408692626 22.911949428729717 1.7350902535254129 1.6992783576715718 7.5041546586435288 1.9968019146472207 1.0919026350602508 31.400581615394913 0.92155428230762471 2.5187182966619721 3.9489522073417929 17.924156192457303 3.7110933866351834 2.355965167284011 132.46977009996772 2.4426395837217569
leaf_count=364 232 47 61 113 35 28 972 20 35 31 186 47 55 2544 30
internal_value=-0.000119406 -0.00314954 0.0128159 0.0320764 -0.00706784 0.0416892 -0.0103969 -0.0539083 0.000849183 0.00613891 0.0159989 -0.00196191 -0.000985976 -0.00181964 0.0216691
internal_weight=248.468 60.1851 11.8601 9.20343 48.325 3.0887 45.2363 2.65664 188.283 48.4962 21.8731 26.623 139.787 134.826 4.96136
internal_count=4800 1640 241 174 1399 63 1336 67 3160 496 217 279 2664 2599 65
is_linear=0
shrinkage=0.08


Tree=96
num_leaves=13
num_cat=0
split_feature=3 4 4 4 4 4 0 4 1 1 4 4
split_gain=0.11072 0.445073 0.903904 1.58559 0.15909 1.37884 1.18137 1.4702 1.08466 0.716489 0.66399 0.0458556
threshold=1.0000000180025095e-35 53.500000000000007 33.500000000000007 28.500000000000004 58.500000000000007 53.500000000000007 5.5000000000000009 60.500000000000007 1.5000000000000002 1.0000000180025095e-35 49.500000000000007 42.500000000000007
decision_type=2 2 2 2 2 2 2 2 2 2 2 2
left_child=4 2 3 -2 5 10 7 -6 -7 -8 -1 -4
right_child=1 -3 11 -5 6 8 9 -9 -10 -11 -12 -13
leaf_value=-0.00038976673316580026 -0.026814854147777289 0.027148867520254437 -0.038748950585303733 0.087268969696771767 0.059507168992895786 -0.016409969856487839 -3.2405636965407969e-05 0.0060995773107999085 -0.081794876685647444 -0.0431848865314194 0.017351666424052482 -0.057431486491174868
leaf_weight=181.47945009917021 2.4183079777285443 1.7421190869063137 1.7314367862418296 1.1506883362308142 4.0336724910885122 9.0489017888903582 6.2903868367429805 18.105358291650191 1.9788259188644595 4.0466655921190977 14.586047747172413 1.6346078091301022
leaf_count=3449 61 35 25 17 62 163 62 364 110 166 256 30
internal_value=-0.000123198 -0.00900063 -0.0180816 0.00996717 0.000198341 -0.000618043 0.00540425 0.0158303 -0.0281427 -0.0169254 0.000930085 -0.0478215
internal_weight=248.246 8.67716 6.93504 3.569 239.569 207.093 32.4761 22.139 11.0277 10.3371 196.065 3.36604
internal_count=4800 168 133 78 4632 3978 654 426 273 228 3705 55
is_linear=0
shrinkage=0.08


Tree=97
num_leaves=15
num_cat=0
split_feature=0 2 1 0 0 1 4 4 4 1 4 0 4 4
split_gain=0.114124 0.493693 2.04485 1.36824 1.046 2.31684 2.26858 0.655624 0.28344 0.677466 0.383519 0.652848 0.451293 4.14273e-05
threshold=2.5000000000000004 1.5000000000000002 1.0000000180025095e-35 1.0000000180025095e-35 1.0000000180025095e-35 1.0000000180025095e-35 71.500000000000014 51.500000000000007 71.500000000000014 1.0000000180025095e-35 67.500000000000014 6.5000000000000009 60.500000000000007 78.500000000000014
decision_type=2 2 2 2 2 2 2 2 2 2 2 2 2 2
left_child=1 4 7 -4 5 -1 -6 -3 10 -10 12 -12 -2 -11
right_child=8 2 3 -5 6 -7 -8 -9 9 13 11 -13 -14 -15
leaf_value=0.049525675644798345 0.0016737750263482692 -0.08336973332390081 -0.037667242617319054 0.042494638623039205 -0.019632221446369957 -0.01612795567682733 0.06672857883483331 0.00095264401997989534 0.0018278300764439158 -0.081728910830318066 0.045975886371565321 -0.018577836384720992 -0.015196096673702211 -0.08045306026744091
leaf_weight=5.9456269061192861 169.85382030392066 1.6055898206541308 1.6511605312116424 7.8006885664071888 31.943586479173973 8.1627734020585176 2.0730392155237487 0.93308602273464192 2.0305990935303266 0.69085088744759549 2.9883377747610202 1.5089254369959233 10.79373970068991 0.21312806871719658
leaf_count=125 2781 47 61 113 889 340 45 20 37 51 37 24 187 43
internal_value=-0.000120553 -0.00315486 0.0113693 0.028491 -0.00677361 0.0115401 -0.0143692 -0.0523772 0.000849299 -0.0238187 0.00124029 0.0243168 0.000665796 -0.0814281
internal_weight=248.195 60.1156 11.9905 9.45185 48.125 14.1084 34.0166 2.53868 188.079 2.93458 185.145 4.49726 180.648 0.903979
internal_count=4800 1640 241 174 1399 465 934 67 3160 131 3029 61 2968 94
is_linear=0
shrinkage=0.08


Tree=98
num_leaves=11
num_cat=0
split_feature=4 4 4 4 4 0 0 0 1 4
split_gain=0.116429 0.751574 0.398822 0.789562 0.240465 0.532828 0.637715 0.220964 2.11914 0.64638
threshold=75.500000000000014 77.500000000000014 78.500000000000014 83.500000000000014 70.500000000000014 1.5000000000000002 3.5000000000000004 1.0000000180025095e-35 1.5000000000000002 69.500000000000014
decision_type=2 2 2 2 2 2 2 2 2 2
left_child=4 -2 -3 -4 7 -6 -7 8 -1 -9
right_child=1 2 3 -5 5 6 -8 9 -10 -11
leaf_value=0.026323460033858201 -0.085858068948133456 0.041074809229846729 -0.085468913817387082 0.018245753766324327 -0.023283221914811338 0.082101359072891039 0.0038658800847737678 -0.00051675362777374955 -0.041998040751028094 -0.054860458834674199
leaf_weight=11.49431228591129 0.74957183701917474 1.1413955073803665 0.72022580658085678 1.3509057229384778 1.2572127152234309 1.2339637414552274 1.4507657550275324 223.38023889309261 3.8884344565449274 1.4096188284456719
leaf_count=303 30 16 39 47 21 17 49 4028 227 23
internal_value=-0.000121888 -0.0137258 0.00310471 -0.0178205 9.89092e-05 0.0196976 0.0398247 -0.000222762 0.00905322 -0.000857534
internal_weight=248.077 3.9621 3.21253 2.07113 244.115 3.94194 2.68473 240.173 15.3827 224.79
internal_count=4800 132 102 86 4668 87 66 4581 530 4051
is_linear=0
shrinkage=0.08


Tree=99
num_leaves=10
num_cat=0
split_feature=4 0 4 0 2 4 4 0 4
split_gain=0.12542 0.540983 0.129352 0.97711 1.35529 0.765906 0.242957 2.03082 0.836959
threshold=84.500000000000014 6.5000000000000009 66.500000000000014 1.5000000000000002 1.5000000000000002 74.500000000000014 60.500000000000007 1.5000000000000002 58.500000000000007
decision_type=2 2 2 2 2 2 2 2 2
left_child=2 -2 6 5 -5 -4 8 -8 -1
right_child=1 -3 3 4 -6 -7 7 -9 -10
leaf_value=-0.00062127428139575327 -0.084592652004587848 0.0297912464937919 -0.053417451348545981 0.034618438850321322 -0.050569421776168258 0.019658458404429754 0.059575189408231373 -0.024564363313858317 0.02972035721091781
leaf_weight=214.31413458171301 0.53106716880574711 0.52745255152694881 2.4360961932688947 7.9207545468816516 1.4076578894164411 1.4729258269071577 2.1929424274712792 11.276323900558053 5.9808134259656063
leaf_count=4124 28 12 48 179 31 24 49 208 97
internal_value=-0.000117361 -0.027596 3.98408e-07 0.00769372 0.0217636 -0.0258823 -0.000435254 -0.0108655 0.000202474
internal_weight=248.06 1.05852 247.002 13.2374 9.32841 3.90902 233.764 13.4693 220.295
internal_count=4800 40 4760 282 210 72 4478 257 4221
is_linear=0
shrinkage=0.08


Tree=100
num_leaves=14
num_cat=0
split_feature=0 4 2 2 4 4 4 4 4 0 4 2 4
split_gain=0.120826 0.282014 6.62067 4.37212 0.985227 0.831049 0.614777 0.247652 1.02432 0.376692 1.23382 0.93687 0.245172
threshold=7.5000000000000009 28.500000000000004 1.5000000000000002 1.5000000000000002 31.500000000000004 12.500000000000002 45.500000000000007 10.500000000000002 11.500000000000002 5.5000000000000009 1.0000000180025095e-35 1.5000000000000002 78.500000000000014
decision_type=2 2 2 2 2 2 2 2 2 2 2 2 2
left_child=7 2 5 4 -3 -2 -5 9 -9 11 -11 -1 -10
right_child=1 3 -4 6 -6 -7 -8 8 12 10 -12 -13 -14
leaf_value=0.0039126386117393835 0.045635563924849985 0.035172491166805243 -0.11693183964696159 0.11313735330388969 -0.0086599751861386239 0.0037951087268100299 0.050440499773430444 0.048927061241080094 -0.00071300609058009808 0.016004825828633124 -0.083019215381253328 -0.086671467476406472 -0.033096260357494557
leaf_weight=8.632040853495706 4.587867351248863 3.7596282884478596 2.8121620174497357 2.2665449976921073 25.827404096256942 8.99457890097983 1.7925478629767893 2.6704561766237012 181.19965648162179 1.5505137778818601 1.6754778167232869 0.79830579634290266 1.5087291453964997
leaf_count=220 39 36 20 22 267 100 24 43 3850 23 54 28 74
internal_value=-0.000113178 0.00339909 -0.00520451 0.00759133 -0.00309018 0.0179279 0.0854496 -0.00100068 -0.000261476 -0.0118279 -0.0354251 -0.00375556 -0.000980413
internal_weight=248.076 50.0407 16.3946 33.6461 29.587 13.5824 4.05909 198.035 185.379 12.6563 3.22599 9.43035 182.708
internal_count=4800 508 159 349 303 139 46 4292 3967 325 77 248 3924
is_linear=0
shrinkage=0.08


Tree=101
num_leaves=16
num_cat=0
split_feature=0 2 1 0 4 2 0 4 4 4 2 2 4 4 0
split_gain=0.107446 0.432497 1.8204 1.10682 0.857239 1.46696 1.19267 0.619883 0.2772 1.4173 1.69545 0.946635 2.2601 1.14106 0.344658
threshold=2.5000000000000004 1.5000000000000002 1.0000000180025095e-35 1.0000000180025095e-35 71.500000000000014 1.0000000180025095e-35 1.5000000000000002 51.500000000000007 22.500000000000004 21.500000000000004 1.5000000000000002 1.0000000180025095e-35 31.500000000000004 31.500000000000004 5.5000000000000009
decision_type=2 2 2 2 2 2 2 2 2 2 2 2 2 2 2
left_child=1 4 7 -4 5 -1 -6 -3 9 10 -2 12 -10 -13 -11
right_child=8 2 3 -5 6 -7 -8 -9 11 14 -12 13 -14 -15 -16
leaf_value=0.012136433372273176 0.0063352911683345094 -0.083135696507306317 -0.035169373455076217 0.038175045694273851 -0.0064832850477311169 -0.019153733643221135 0.091906037623548112 -0.00046436818166524133 -0.050963054901899993 -0.034549851515469132 -0.041218278138400885 0.019951981755573958 0.0014716566887442745 0.0013284548524934109 -0.090975270069191302
leaf_weight=13.950146592222152 31.331246865913272 1.4994195597246283 1.574789032107218 8.0384327259380353 1.9654264841228715 30.674427190679125 1.3167787501588464 0.94713283516466606 6.7557718113530454 1.5362038314342492 5.6662321696057907 27.474553768523037 23.778064751066267 90.119449332356453 1.2619456946849821
leaf_count=364 546 47 61 113 35 972 28 20 135 26 89 420 474 1448 22
internal_value=-0.000112593 -0.00306103 0.0104801 0.0261601 -0.0064698 -0.00937207 0.0329893 -0.0511312 0.000828255 -0.00509959 -0.000947626 0.00242081 -0.0101298 0.00567964 -0.0599973
internal_weight=247.89 59.9666 12.0598 9.61322 47.9068 44.6246 3.28221 2.44655 187.923 39.7956 36.9975 148.128 30.5338 117.594 2.79815
internal_count=4800 1640 241 174 1399 1336 63 67 3160 683 635 2477 609 1868 48
is_linear=0
shrinkage=0.08


Tree=102
num_leaves=12
num_cat=0
split_feature=4 4 4 4 4 0 2 4 0 4 1
split_gain=0.118903 0.691153 0.273516 0.771455 0.209715 0.576217 1.23054 0.209937 1.71564 0.71012 0.094095
threshold=75.500000000000014 77.500000000000014 78.500000000000014 83.500000000000014 66.500000000000014 1.5000000000000002 1.5000000000000002 60.500000000000007 1.5000000000000002 58.500000000000007 1.5000000000000002
decision_type=2 2 2 2 2 2 2 2 2 2 2
left_child=4 -2 -3 -4 7 10 -7 9 -9 -1 -6
right_child=1 2 3 -5 5 6 -8 8 -10 -11 -12
leaf_value=-0.00056255400585532897 -0.085458743226594899 0.031917789238324196 -0.084998963156115423 0.019402778789767129 -0.034486408278927044 0.036023345945098935 -0.048418706036878485 0.052959546568416054 -0.023063751828306684 0.027147047640307623 -0.0026289648411810603
leaf_weight=213.84112312900834 0.70850020064972286 1.2075313534587624 0.68771394225768778 1.3270853448193518 1.5396910347044452 6.5691861533559859 1.3277142946608362 2.2904440537095061 11.139891865663229 6.0875425087288013 0.9654261004179715
leaf_count=4124 30 16 39 47 28 117 22 49 208 97 23
internal_value=-0.00011569 -0.0139186 0.00181108 -0.0162328 0.000106892 0.011221 0.021826 -0.000388522 -0.0100985 0.000204437 -0.0222091
internal_weight=247.692 3.93083 3.22233 2.0148 243.761 10.402 7.8969 233.359 13.4303 219.929 2.50512
internal_count=4800 132 102 86 4668 190 139 4478 257 4221 51
is_linear=0
shrinkage=0.08


Tree=103
num_leaves=8
num_cat=0
split_feature=4 3 4 4 4 4 0
split_gain=0.119451 0.0991095 0.438849 0.762255 0.14818 1.19036 1.05325
threshold=84.500000000000014 1.0000000180025095e-35 55.500000000000007 45.500000000000007 58.500000000000007 53.500000000000007 5.5000000000000009
decision_type=2 2 2 2 2 2 2
left_child=1 4 3 -3 5 -1 -6
right_child=-2 2 -4 -5 6 -7 -8
leaf_value=0.00095303120719483802 -0.027232424559359071 -0.014049996913372328 -0.051407587835264945 0.049600565234882737 0.015022182956502039 -0.026333915642492267 -0.016711276238016385
leaf_weight=195.56417533895001 1.0349937470164139 5.8026403812691552 1.2923089838586745 1.5194450179114936 22.07886307802983 10.796609232202171 9.6062267250381392
leaf_count=3705 40 114 26 27 403 273 212
internal_value=-0.000111344 2.45659e-06 -0.00842732 -0.000841529 0.000307513 -0.000474597 0.00540129
internal_weight=247.695 246.66 8.61439 7.32209 238.046 206.361 31.6851
internal_count=4800 4760 167 141 4593 3978 615
is_linear=0
shrinkage=0.08


Tree=104
num_leaves=16
num_cat=0
split_feature=0 1 2 4 4 4 4 4 4 4 1 4 0 0 2
split_gain=0.120478 0.311906 0.693826 1.11156 0.893051 0.51758 0.399414 0.280875 0.216221 0.889084 2.60212 0.711342 0.337083 0.737322 0.73668
threshold=7.5000000000000009 1.0000000180025095e-35 1.0000000180025095e-35 17.500000000000004 25.500000000000004 50.500000000000007 41.500000000000007 57.500000000000007 10.500000000000002 13.500000000000002 1.5000000000000002 17.500000000000004 1.5000000000000002 3.5000000000000004 1.0000000180025095e-35
decision_type=2 2 2 2 2 2 2 2 2 2 2 2 2 2 2
left_child=8 5 3 -3 -4 6 -2 -7 12 10 -10 -11 14 -14 -1
right_child=1 2 4 -5 -6 7 -8 -9 9 11 -12 -13 13 -15 -16
leaf_value=0.017636701935548862 0.0068410094208855897 0.044828753876612969 -0.029257174980012093 -0.08223698004484041 0.01668816652456015 0.039298298477195646 -0.017106300623633823 0.011187743987301598 -0.0069269289865018166 -0.023727833962264647 0.10100205410843051 -0.00021824243580900987 0.020372664507811639 -0.022668930783902978 -0.084614892637793843
leaf_weight=0.76589472126215596 20.863848254084591 0.60540328919887487 4.1131854727864248 1.618694457109086 7.9226890790741891 4.1105285286903364 5.6685473322868338 5.0939946100115776 4.3093547709286204 8.6560161095112544 2.1394161339849234 170.15301950310823 4.2083151582628471 6.4530539093539119 1.0965788946487007
leaf_count=18 88 10 73 76 196 19 23 23 83 193 42 3649 74 159 74
internal_value=-0.000104649 0.00340395 -0.00659904 -0.0476495 0.000986631 0.00739541 0.00172476 0.0237413 -0.000991581 -0.000303838 0.0288791 -0.00135632 -0.011165 -0.00567931 -0.0425665
internal_weight=247.779 49.9969 14.26 2.2241 12.0359 35.7369 26.5324 9.20452 197.782 185.258 6.44877 178.809 12.5238 10.6614 1.86247
internal_count=4800 508 355 86 269 153 111 42 4292 3967 125 3842 325 233 92
is_linear=0
shrinkage=0.08


Tree=105
num_leaves=12
num_cat=0
split_feature=4 4 4 4 4 0 2 4 0 4 1
split_gain=0.10818 0.643513 0.213267 0.728027 0.165065 0.511961 1.04705 0.188874 1.36267 0.573774 0.0829591
threshold=75.500000000000014 77.500000000000014 78.500000000000014 83.500000000000014 66.500000000000014 1.5000000000000002 1.5000000000000002 60.500000000000007 1.5000000000000002 59.500000000000007 1.5000000000000002
decision_type=2 2 2 2 2 2 2 2 2 2 2
left_child=4 -2 -3 -4 7 10 -7 9 -9 -1 -6
right_child=1 2 3 -5 5 6 -8 8 -10 -11 -12
leaf_value=-0.00025724616972316839 -0.085087856888118735 0.027397298324275177 -0.084699581105365629 0.018886427111395942 -0.033483483795263669 0.032473853341899075 -0.04616763108178689 0.044746360821714647 -0.021492823843898303 0.034658592663580706 -0.0035699877529233944
leaf_weight=216.5886134718312 0.66355783736798857 1.2429829500615599 0.64440952485892911 1.3313986207358537 1.5140086468309157 6.7115236721001548 1.2921513060573486 2.4252609750255933 11.015782516449688 3.0546236820518962 0.97574953921139229
leaf_count=4172 30 16 39 47 28 117 22 49 208 49 23
internal_value=-0.000104311 -0.0133533 0.00143486 -0.0148981 0.000106863 0.00992199 0.0197776 -0.000335013 -0.00954083 0.000228336 -0.0217602
internal_weight=247.46 3.88235 3.21879 1.97581 243.578 10.4934 8.00367 233.084 13.441 219.643 2.48976
internal_count=4800 132 102 86 4668 190 139 4478 257 4221 51
is_linear=0
shrinkage=0.08


Tree=106
num_leaves=9
num_cat=0
split_feature=4 4 4 0 1 1 4 0
split_gain=0.117697 0.090777 1.02302 0.419064 0.659678 0.506701 0.0916352 0.000304309
threshold=84.500000000000014 1.0000000180025095e-35 2.5000000000000004 4.5000000000000009 1.5000000000000002 1.5000000000000002 11.500000000000002 5.5000000000000009
decision_type=2 2 2 2 2 2 2 2
left_child=1 3 7 4 -1 -5 -4 -3
right_child=-2 2 6 5 -6 -7 -8 -9
leaf_value=-0.085027871100702604 -0.027073975939767313 -0.086508561541377579 0.0063029905899751664 0.04901843478147918 0.024725772634657282 -0.0071846023605970644 -0.00029371805217990465 -0.0835757654182962
leaf_weight=0.6697926390916098 1.0309754803311069 0.4612905666581345 14.332809028448535 2.216387634165585 0.73520747548900545 1.91248476319015 225.6608971132664 0.44472522288560867
leaf_count=43 40 30 251 26 29 21 4346 14
internal_value=-0.000100203 1.26443e-05 -0.000220071 0.0101432 -0.0275961 0.0229853 0.000100248 -0.085069
internal_weight=247.465 246.434 240.9 5.53387 1.405 4.12887 239.994 0.906016
internal_count=4800 4760 4641 119 72 47 4597 44
is_linear=0
shrinkage=0.08


Tree=107
num_leaves=13
num_cat=0
split_feature=0 4 4 4 4 1 4 0 4 4 4 1
split_gain=0.107014 0.518186 0.751964 0.8966 0.277411 0.62011 0.364218 0.991895 0.726639 4.45464e-05 2.15025e-05 2.69251e-07
threshold=2.5000000000000004 6.5000000000000009 8.5000000000000018 10.500000000000002 71.500000000000014 1.0000000180025095e-35 50.500000000000007 4.5000000000000009 42.500000000000007 78.500000000000014 3.5000000000000004 1.5000000000000002
decision_type=2 2 2 2 2 2 2 2 2 2 2 2
left_child=1 10 -3 -4 6 -6 8 -8 -2 -7 11 -1
right_child=4 2 3 -5 5 9 7 -9 -10 -11 -12 -13
leaf_value=-0.080200752666764949 0.0021714160689964217 0.064819166174902618 -0.084708722620858115 -0.0023240813343204814 0.00027903440225675649 -0.081825545573610714 0.023945771638004643 -0.0024668400560860096 -0.01210189592992951 -0.080384023965863222 -0.081351252232188143 -0.080389547930699481
leaf_weight=0.092542961123398437 118.7030763248913 1.0484804809093464 0.85808766447007556 57.390973859932274 2.0025839977897699 0.66990363830700506 15.298755584284661 22.456802367698401 28.261864528059959 0.17253449221607298 0.34731003968045115 0.10122826078440994
leaf_count=40 1939 16 19 1512 37 51 203 437 450 43 27 26
internal_value=-9.44675e-05 -0.00304019 -0.00232905 -0.00353772 0.000845301 -0.0239455 0.00122712 0.00823569 -0.000573391 -0.0815303 -0.0809746 -0.0802994
internal_weight=247.404 59.8386 59.2975 58.2491 187.566 2.84502 184.72 37.7556 146.965 0.842438 0.541081 0.193771
internal_count=4800 1640 1547 1531 3160 131 3029 640 2389 94 93 66
is_linear=0
shrinkage=0.08


Tree=108
num_leaves=15
num_cat=0
split_feature=0 1 4 4 4 4 4 4 3 4 4 4 4 4
split_gain=0.11098 0.261653 0.667287 2.5646 0.815123 0.473918 0.306342 0.22799 0.195417 1.40163 0.656971 0.328273 1.33927 0.446086
threshold=7.5000000000000009 1.0000000180025095e-35 41.500000000000007 37.500000000000007 46.500000000000007 50.500000000000007 41.500000000000007 57.500000000000007 1.0000000180025095e-35 55.500000000000007 50.500000000000007 64.500000000000014 60.500000000000007 75.500000000000014
decision_type=2 2 2 2 2 2 2 2 2 2 2 2 2 2
left_child=8 5 3 -3 -4 6 -2 -7 11 10 -10 12 -1 -13
right_child=1 2 4 -5 -6 7 -8 -9 9 -11 -12 13 -14 -15
leaf_value=-0.00013204266137285659 0.0059934867516004339 -0.0095569751947635305 -0.083917852985922456 0.11575737422745019 -0.0094887055417877068 0.036706481306588566 -0.014987410269531081 0.011324968910798476 -0.010394980391514128 -0.10201218596969731 0.061597013261489954 0.017249312594520717 -0.039115496468105214 -0.016286900096751749
leaf_weight=168.01690135506215 20.835529021918777 8.3662080492358637 1.3256816500797857 1.194415776990353 3.2512941097375005 4.0770554542541486 5.6648113131523123 5.0959631465375423 5.7950869989581397 0.99553091835696239 0.94330937135964621 12.737424342427401 5.8360070856288067 3.1702721797628319
leaf_count=3641 88 180 34 23 118 19 23 23 117 25 16 232 148 113
internal_value=-9.10874e-05 0.00328342 -0.0059269 0.00609864 -0.0310465 0.00693354 0.00150853 0.0226061 -0.000942187 -0.0134073 -0.000316808 -0.000434157 -0.00144066 0.0105658
internal_weight=247.305 49.811 14.1376 9.56062 4.57698 35.6734 26.5003 9.17302 197.495 7.73393 6.7384 189.761 173.853 15.9077
internal_count=4800 508 355 203 152 153 111 42 4292 158 133 4134 3789 345
is_linear=0
shrinkage=0.08


Tree=109
num_leaves=12
num_cat=0
split_feature=0 4 4 4 0 4 4 2 4 4 4
split_gain=0.0934531 0.252194 0.977191 0.243212 0.187445 2.89884 5.121 1.62718 1.22305 2.6955 2.34158
threshold=7.5000000000000009 65.500000000000014 61.500000000000007 53.500000000000007 5.5000000000000009 40.500000000000007 39.500000000000007 1.5000000000000002 41.500000000000007 38.500000000000007 44.500000000000007
decision_type=2 2 2 2 2 2 2 2 2 2 2
left_child=4 2 3 -2 8 6 -6 -7 9 -1 -10
right_child=1 -3 -4 -5 5 7 -8 -9 10 -11 -12
leaf_value=-0.001051297978721508 0.0034375230132264625 -0.022043468383349286 0.051836881860950895 -0.016686544841085164 0.0027119629935538447 -0.019783458516816229 0.16755585505458551 -0.083796421149261544 0.044798513305273076 -0.047442386997320743 0.0023791927408349299
leaf_weight=81.621340634766966 40.374980049673468 2.4447959103854364 2.6151522453874341 4.2479482544586054 24.816756581421945 12.522825798834672 1.2677277885377396 3.1885457891039541 9.8065704507753235 8.8888016166165453 55.25333544856403
leaf_count=1710 396 39 27 46 589 373 24 84 192 198 1122
internal_value=-9.05752e-05 0.00301061 0.00430728 0.00152178 -0.000871237 -0.00562774 0.0107235 -0.0327746 0.000406658 -0.00560726 0.00877312
internal_weight=247.049 49.6829 47.2381 44.6229 197.366 41.7959 26.0845 15.7114 155.57 90.5101 65.0599
internal_count=4800 508 469 442 4292 1070 613 457 3222 1908 1314
is_linear=0
shrinkage=0.08


Tree=110
num_leaves=9
num_cat=0
split_feature=4 4 0 4 0 4 1 0
split_gain=0.092349 0.277322 0.894314 0.9235 0.230779 0.128775 0.308042 0.192915
threshold=83.500000000000014 75.500000000000014 1.5000000000000002 78.500000000000014 2.5000000000000004 70.500000000000014 1.5000000000000002 1.0000000180025095e-35
decision_type=2 2 2 2 2 2 2 2
left_child=1 5 -3 -4 -2 7 -7 -1
right_child=4 2 3 -5 -6 6 -8 -9
leaf_value=0.008466491517377342 0.06134616495819193 -0.088068344844503987 0.053476605145236555 -0.084069147694642549 -0.0069530353543733317 0.0001693216007430165 0.048949397210620138 -0.00077863627143940196
leaf_weight=15.442415851866825 0.53734799753874429 0.94208867847919409 1.0282041282625867 0.44875879725441326 0.77082020998932421 2.8760427902452639 1.1637851365376262 223.66211451432901
leaf_count=530 15 17 33 35 32 54 33 4051
internal_value=-9.74603e-05 -0.000210393 -0.0271636 0.0116849 0.0211018 5.77649e-05 0.0142218 -0.000181546
internal_weight=246.872 245.563 2.41905 1.47696 1.30817 243.144 4.03983 239.105
internal_count=4800 4753 85 68 47 4668 87 4581
is_linear=0
shrinkage=0.08


Tree=111
num_leaves=16
num_cat=0
split_feature=0 4 4 4 2 4 4 0 4 4 2 2 4 4 0
split_gain=0.0984021 0.466869 1.93583 3.30302 0.725699 0.593343 1.0702 0.601997 0.246551 1.26208 1.47525 0.805159 1.99488 0.906802 0.342271
threshold=2.5000000000000004 26.500000000000004 32.500000000000007 34.500000000000007 1.0000000180025095e-35 17.500000000000004 13.500000000000002 1.5000000000000002 22.500000000000004 21.500000000000004 1.5000000000000002 1.0000000180025095e-35 31.500000000000004 31.500000000000004 5.5000000000000009
decision_type=2 2 2 2 2 2 2 2 2 2 2 2 2 2 2
left_child=1 5 4 -4 -3 6 -1 -7 9 10 -2 12 -10 -13 -11
right_child=8 2 3 -5 -6 7 -8 -9 11 14 -12 13 -14 -15 -16
leaf_value=0.01527858325437283 0.0057527175485100612 -0.0037091034199238683 0.10818417886307451 -0.007682623280079042 -0.082407767462314457 0.029358668407986618 -0.042164013746801648 -0.0081850809644458938 -0.048534919929594009 -0.032598805925515548 -0.039158489136346918 0.017944193692264604 0.0014495278292747215 0.0013972147050765934 -0.090435073523512946
leaf_weight=4.7546610573772359 31.30510463193059 1.0164051647298031 1.6533231055364002 33.074927172856405 2.8599560470320284 8.7067770389839989 3.6841883044689894 3.9841381646692744 6.5173951624892679 1.4882935434579843 5.5039633288979521 27.749085207935423 23.664914021384902 89.755416825646535 1.1694144420325754
leaf_count=176 546 46 50 922 151 149 81 65 135 26 89 420 474 1448 22
internal_value=-9.22039e-05 -0.00291923 -0.00815165 -0.0021665 -0.0617725 0.00664055 -0.0097994 0.0175723 0.000810105 -0.00480683 -0.000962737 0.00231114 -0.00934383 0.00530484 -0.0580473
internal_weight=246.888 59.7344 38.6046 34.7283 3.87636 21.1298 8.43885 12.6909 187.154 39.4668 36.8091 147.687 30.1823 117.505 2.65771
internal_count=4800 1640 1169 972 197 471 257 214 3160 683 635 2477 609 1868 48
is_linear=0
shrinkage=0.08


Tree=112
num_leaves=15
num_cat=0
split_feature=0 4 4 4 2 4 4 0 4 1 4 4 4 0
split_gain=0.0848079 0.397631 1.76289 2.55778 0.71058 0.496991 0.937459 0.493329 0.239295 0.592598 0.336054 1.3963 0.398965 3.21675e-05
threshold=2.5000000000000004 26.500000000000004 32.500000000000007 33.500000000000007 1.0000000180025095e-35 17.500000000000004 13.500000000000002 1.5000000000000002 71.500000000000014 1.0000000180025095e-35 57.500000000000007 60.500000000000007 54.500000000000007 4.5000000000000009
decision_type=2 2 2 2 2 2 2 2 2 2 2 2 2 2
left_child=1 5 4 -4 -3 6 -1 -7 10 -10 12 -12 -2 -11
right_child=8 2 3 -5 -6 7 -8 -9 9 13 11 -13 -14 -15
leaf_value=0.013862378257372958 0.00063204692672738779 -0.0034248378387455036 0.11267129046272961 -0.0061358273393563138 -0.082220677582929211 0.026358479760584835 -0.040312164270306233 -0.007582850525834608 0.00058728629730063812 -0.082016778224546741 0.045310812084529022 -0.0018668733170661509 -0.020905224585131468 -0.080990445633277591
leaf_weight=4.8183701766538451 158.18113687634468 1.0128611735999578 1.2013617577031244 33.467363445553929 2.6458357102237642 8.9128281618468446 3.550768512301147 3.9576588831841937 1.9975864653242745 0.36977687920443703 5.4804029539227512 15.015335344243793 5.7031733719632021 0.41455346357543021
leaf_count=176 2568 46 31 941 151 149 81 65 37 34 93 248 120 60
internal_value=-9.77476e-05 -0.00272683 -0.00759253 -0.00201885 -0.0604071 0.00605346 -0.00912222 0.0159216 0.000738996 -0.0225491 0.00109037 0.0107481 -0.00011745 -0.0814743
internal_weight=246.729 59.567 38.3274 34.6687 3.6587 21.2396 8.36914 12.8705 187.162 2.78192 184.38 20.4957 163.884 0.78433
internal_count=4800 1640 1169 972 197 471 257 214 3160 131 3029 341 2688 94
is_linear=0
shrinkage=0.08


Tree=113
num_leaves=9
num_cat=0
split_feature=4 4 0 4 0 4 0 3
split_gain=0.0837513 0.220458 0.845236 0.825349 0.188068 0.128216 0.269817 0.175131
threshold=83.500000000000014 75.500000000000014 1.5000000000000002 78.500000000000014 2.5000000000000004 70.500000000000014 1.5000000000000002 1.0000000180025095e-35
decision_type=2 2 2 2 2 2 2 2
left_child=1 5 -3 -4 -2 7 -7 -1
right_child=4 2 3 -5 -6 6 -8 -9
leaf_value=0.00019538930182335466 0.055222685823497486 -0.087318435005573056 0.05036501872790896 -0.083809447781699548 -0.0058730996412625393 -0.018153967211660453 0.027394927346563784 -0.011731515740813341
leaf_weight=230.80607224040432 0.55918753519654163 0.86583638750016634 1.0416776189813388 0.40846532024443138 0.76168790936935693 1.1731119658797968 2.8651635041460395 8.1577796561177802
leaf_count=4421 15 17 33 35 32 21 66 160
internal_value=-9.88409e-05 -0.000207014 -0.0247725 0.0125718 0.0199916 2.71118e-05 0.0141631 -0.000211773
internal_weight=246.639 245.318 2.31598 1.45014 1.32088 243.002 4.03828 238.964
internal_count=4800 4753 85 68 47 4668 87 4581
is_linear=0
shrinkage=0.08


Tree=114
num_leaves=8
num_cat=0
split_feature=4 0 4 4 0 4 1
split_gain=0.0968735 0.533279 0.141427 0.263283 0.709116 0.184504 0.14869
threshold=84.500000000000014 6.5000000000000009 77.500000000000014 73.500000000000014 1.5000000000000002 71.500000000000014 1.5000000000000002
decision_type=2 2 2 2 2 2 2
left_child=2 -2 3 5 -5 -1 -4
right_child=1 -3 6 4 -6 -7 -8
leaf_value=-0.00014940579314473297 -0.084084141561732953 0.03198631363491207 0.040481093302556219 0.02328346673867587 -0.086089579599135713 0.025570372004064534 -0.0030098184451216193
leaf_weight=240.24148888583295 0.49575359560549148 0.51806882908567786 1.1238972835708403 0.73250543698668369 0.78697465022560209 1.7984195202589024 0.91085874917916942
leaf_count=4599 28 12 28 15 47 37 34
internal_value=-9.31077e-05 -0.0247715 8.76571e-06 -0.000166704 -0.0333634 4.16989e-05 0.0210124
internal_weight=246.608 1.01382 245.594 243.559 1.51948 242.04 2.03476
internal_count=4800 40 4760 4698 62 4636 62
is_linear=0
shrinkage=0.08


Tree=115
num_leaves=12
num_cat=0
split_feature=4 4 2 0 1 1 1 4 0 4 0
split_gain=0.0804342 0.759695 1.55584 0.355598 0.605186 0.397188 0.135558 0.123449 0.929642 0.436148 0.000288584
threshold=1.0000000180025095e-35 3.5000000000000004 1.0000000180025095e-35 4.5000000000000009 1.5000000000000002 1.5000000000000002 1.0000000180025095e-35 11.500000000000002 3.5000000000000004 15.500000000000002 3.5000000000000004
decision_type=2 2 2 2 2 2 2 2 2 2 2
left_child=3 2 -2 4 10 -5 -4 8 -3 -9 -1
right_child=1 7 6 5 -6 -7 -8 9 -10 -11 -12
leaf_value=-0.086323473094799166 0.043092950632274744 0.027602263860486104 -0.13610238671175848 0.043575562190589397 0.022265473110155573 -0.0060354550045046418 -0.082344731276029343 -0.017162759688770124 -0.014794855870083987 0.00039716758685538528 -0.082857667867035426
leaf_weight=0.32393982773646601 0.73259024694561858 7.0153404478915018 0.49674296495504655 2.2762929750606418 0.7512408783659339 1.890634862706065 0.75878096430096775 9.4478810131549817 6.2667046710848808 216.31384304084349 0.29268572852015495
leaf_count=34 15 106 8 26 29 21 49 184 117 4202 9
internal_value=-8.73713e-05 -0.000306327 -0.0495545 0.00944783 -0.0259442 0.0210659 -0.103614 0.000103267 0.00759855 -0.000337696 -0.0846784
internal_weight=246.567 241.032 1.98811 5.53479 1.36787 4.16693 1.25552 239.044 13.282 225.762 0.616626
internal_count=4800 4681 72 119 72 47 57 4609 223 4386 43
is_linear=0
shrinkage=0.08


Tree=116
num_leaves=12
num_cat=0
split_feature=0 4 4 4 4 4 1 4 4 0 4
split_gain=0.0777704 0.232648 0.830321 0.230963 0.229571 0.676306 2.00199 0.453084 0.385234 1.45125 1.16101
threshold=7.5000000000000009 65.500000000000014 61.500000000000007 41.500000000000007 10.500000000000002 13.500000000000002 1.5000000000000002 17.500000000000004 5.5000000000000009 3.5000000000000004 4.5000000000000009
decision_type=2 2 2 2 2 2 2 2 2 2 2
left_child=4 2 3 -2 8 6 -6 -7 10 -10 -1
right_child=1 -3 -4 -5 5 7 -8 -9 9 -11 -12
leaf_value=-0.010039672721755469 0.0053559830083292912 -0.021380897935314752 0.047836942617786378 -0.0070063206317179817 -0.0073325826046282171 -0.019431207051633578 0.084631634231172551 -0.00013893315237488579 0.00013811403411720608 -0.082933160392295383 0.096363659260475812
leaf_weight=5.3028483547968772 30.394567345501855 2.4323568695690474 2.6111453641206017 14.186622174922375 4.3141499552875748 8.1660133642144483 2.3349059857428074 169.64369675295893 4.4376680986024439 1.9318489059805868 0.74900650978088368
leaf_count=187 291 39 27 151 83 193 42 3649 61 60 17
internal_value=-8.37098e-05 0.00274662 0.00399018 0.00142205 -0.000797109 -8.82126e-05 0.0249619 -0.00102494 -0.0113243 -0.0250571 0.00312931
internal_weight=246.505 49.6247 47.1923 44.5812 196.88 184.459 6.64906 177.81 12.4214 6.36952 6.05185
internal_count=4800 508 469 442 4292 3967 125 3842 325 121 204
is_linear=0
shrinkage=0.08


Tree=117
num_leaves=9
num_cat=0
split_feature=4 4 0 0 0 4 0 4
split_gain=0.0820458 0.206023 0.78361 0.237912 0.160655 0.117685 0.441505 0.167698
threshold=83.500000000000014 75.500000000000014 1.5000000000000002 2.5000000000000004 2.5000000000000004 66.500000000000014 1.5000000000000002 60.500000000000007
decision_type=2 2 2 2 2 2 2 2
left_child=1 5 -3 -4 -2 7 -7 -1
right_child=4 2 3 -5 -6 6 -8 -9
leaf_value=0.00018612763466475908 0.051866135288278048 -0.086877686419588457 0.052879422275726562 -0.014031779814685596 -0.0045259735838687806 -0.021299471069718048 0.017308645900380084 -0.0091010613722398472
leaf_weight=218.99891339527676 0.56905574444681295 0.81659808289259617 0.54468922875821568 0.9054192251060158 0.7487395447678864 2.4739011935889712 8.1100586540997011 13.193017096258698
leaf_count=4221 15 17 14 54 32 51 139 257
internal_value=-8.25918e-05 -0.000189654 -0.0241963 0.0111014 0.0198255 3.44871e-05 0.00828436 -0.000341565
internal_weight=246.36 245.043 2.26671 1.45011 1.3178 242.776 10.584 232.192
internal_count=4800 4753 85 68 47 4668 190 4478
is_linear=0
shrinkage=0.08


Tree=118
num_leaves=16
num_cat=0
split_feature=4 0 0 2 2 4 0 0 0 4 4 0 2 4 4
split_gain=0.0734775 1.13637 1.91671 2.81375 1.56923 1.13418 2.02898 0.858275 0.771453 3.825 3.0114 2.21349 2.16794 1.12777 0.508291
threshold=40.500000000000007 5.5000000000000009 7.5000000000000009 1.5000000000000002 1.5000000000000002 44.500000000000007 3.5000000000000004 3.5000000000000004 4.5000000000000009 34.500000000000007 34.500000000000007 6.5000000000000009 1.0000000180025095e-35 33.500000000000007 32.500000000000007
decision_type=2 2 2 2 2 2 2 2 2 2 2 2 2 2 2
left_child=8 5 4 -4 -3 6 -2 -7 9 14 13 -12 -11 -10 -1
right_child=1 2 3 -5 -6 7 -8 -9 10 12 11 -13 -14 -15 -16
leaf_value=-0.00016846195557566703 0.051961038706343929 -0.018816728720189916 -0.0063244049600834429 0.078108256269251983 -0.083534420353108971 -0.0036465303636257183 -0.014299318599342636 0.018631394190190394 -0.0018048873299110757 0.0051197785645877318 0.070058549669900799 0.0101436481628284 -0.063150019676309357 -0.056274432165234978 0.026331808496955999
leaf_weight=54.038552566838916 8.4707230832427722 12.342509692767633 16.978920816443864 2.9675739398226133 2.9759960629744446 39.693475954583846 4.5444074906408778 15.346830881200729 50.49463123595342 4.1679890491068354 6.7269807234406498 9.5467387698590738 10.417590482393278 2.5558717660605899 5.0665641562081865
leaf_count=1104 162 373 191 34 84 767 92 355 897 88 136 125 255 43 94
internal_value=-7.77309e-05 0.00154782 -0.0101073 0.00623721 -0.0313897 0.00758727 0.0288253 0.0025652 -0.0012521 -0.00695099 0.00480574 0.0349104 -0.0436412 -0.00442913 0.00210317
internal_weight=246.335 103.32 35.265 19.9465 15.3185 68.0554 13.0151 55.0403 143.015 73.6907 69.3242 16.2737 14.5856 53.0505 59.1051
internal_count=4800 2058 682 225 457 1376 254 1122 2742 1541 1201 261 343 940 1198
is_linear=0
shrinkage=0.08


Tree=119
num_leaves=12
num_cat=0
split_feature=4 4 2 0 1 1 1 4 0 4 0
split_gain=0.0755416 0.669964 1.4155 0.298994 0.562403 0.326548 0.10842 0.107632 0.707108 0.388899 0.000223208
threshold=1.0000000180025095e-35 3.5000000000000004 1.0000000180025095e-35 4.5000000000000009 1.5000000000000002 1.5000000000000002 1.0000000180025095e-35 11.500000000000002 3.5000000000000004 15.500000000000002 3.5000000000000004
decision_type=2 2 2 2 2 2 2 2 2 2 2
left_child=3 2 -2 4 10 -5 -4 8 -3 -9 -1
right_child=1 7 6 5 -6 -7 -8 9 -10 -11 -12
leaf_value=-0.085785178285107053 0.039414917080205066 0.024148920393833935 -0.13179464695376497 0.039721996150714686 0.021047418149305754 -0.0051941723789418297 -0.082168591999941379 -0.016291190400765616 -0.012881794518578696 0.00035445782587105901 -0.082604589913721146
leaf_weight=0.29804421763401368 0.73586527328006823 7.1570643279701454 0.47205182566540294 2.3172298036515713 0.75956308236345649 1.8734119068831203 0.69891985307913274 9.3723146626725775 6.1241160919889808 216.18037533026654 0.2683635950088501
leaf_count=34 15 106 8 26 29 21 49 184 117 4202 9
internal_value=-9.00988e-05 -0.000302203 -0.0475337 0.00916598 -0.023944 0.0196424 -0.102174 7.48907e-05 0.0070736 -0.000337213 -0.0842782
internal_weight=246.257 240.741 1.90684 5.51661 1.32597 4.19064 1.17097 238.834 13.2812 225.553 0.566408
internal_count=4800 4681 72 119 72 47 57 4609 223 4386 43
is_linear=0
shrinkage=0.08


Tree=120
num_leaves=14
num_cat=0
split_feature=0 4 4 4 4 0 4 4 1 4 0 4 0
split_gain=0.0711154 0.374335 0.958178 1.10843 0.830558 0.390159 0.32452 0.228118 0.548577 0.28338 0.789795 0.582812 3.10342e-05
threshold=2.5000000000000004 69.500000000000014 52.500000000000007 56.500000000000007 42.500000000000007 1.5000000000000002 74.500000000000014 71.500000000000014 1.0000000180025095e-35 50.500000000000007 4.5000000000000009 42.500000000000007 4.5000000000000009
decision_type=2 2 2 2 2 2 2 2 2 2 2 2 2
left_child=1 2 4 -4 -1 6 -3 9 -9 11 -11 -2 -10
right_child=7 5 3 -5 -6 -7 -8 8 12 10 -12 -13 -14
leaf_value=-0.0051558805267226324 0.0018750854121787244 -0.026637798490882325 -0.082588431253411629 -0.013903279411018505 0.021044932065794022 0.050412371087442079 0.028703150545923543 -0.00052070525361009061 -0.08201667245949075 0.020994023470504539 -0.0025242742201758294 -0.010981015602686817 -0.080974111428039314
leaf_weight=35.42665347608272 118.59555409708992 1.3448162749409669 1.8659113280009458 7.7463699281215668 9.9090085099451226 1.6706897676922379 1.3679986214265225 1.9916239628801116 0.34689656295813609 15.590498026926069 22.083074202295393 27.871562337502837 0.38613574905321002
leaf_count=998 1939 25 89 176 293 31 28 37 34 203 437 450 60
internal_value=-8.58278e-05 -0.0024988 -0.00429359 -0.0272363 0.000570827 0.0199991 0.00126913 0.000680313 -0.0222984 0.00102032 0.00720833 -0.000571331 -0.0814675
internal_weight=246.197 59.3314 54.9479 9.61228 45.3357 4.3835 2.71281 186.865 2.72466 184.141 37.6736 146.467 0.733032
internal_count=4800 1640 1556 265 1291 84 53 3160 131 3029 640 2389 94
is_linear=0
shrinkage=0.08


Tree=121
num_leaves=14
num_cat=0
split_feature=0 1 4 4 4 4 4 2 4 0 4 0 4
split_gain=0.0731507 1.98905 3.73404 0.849994 2.82508 0.826782 0.425202 1.22428 0.55991 0.837293 0.575476 0.0289539 0.000833176
threshold=1.0000000180025095e-35 1.5000000000000002 12.500000000000002 17.500000000000004 22.500000000000004 11.500000000000002 78.500000000000014 1.0000000180025095e-35 70.500000000000014 3.5000000000000004 69.500000000000014 4.5000000000000009 24.500000000000004
decision_type=2 2 2 2 2 2 2 2 2 2 2 2 2
left_child=1 3 -3 5 -5 -1 8 -8 10 -10 -2 -9 -4
right_child=6 2 12 4 -6 -7 7 11 9 -11 -12 -13 -14
leaf_value=0.031796782828546082 -0.00044427015457971586 0.1090494361553058 -0.083830842231282982 0.15751089852958072 0.015730487852032043 -0.085195460198044443 0.059597468200888119 -0.08379933796363577 0.053078138156959449 -0.016037553617395905 -0.052926320703613625 -0.11193615156433499 -0.081248635842082181
leaf_weight=0.68138530815486109 221.65661152621033 0.81645247049163927 1.4423932023346426 0.98599520325660606 10.247546623926608 0.89358661882579327 0.49391461955383309 0.60326846392126754 2.9661256792023769 1.8040519081987438 1.3452812181785692 0.38245721161365509 1.7948360235895959
leaf_count=35 4028 25 38 17 249 18 22 31 44 71 23 26 173
internal_value=-8.43986e-05 0.00500106 -0.0438395 0.0204583 0.0281749 -0.0345807 -0.000458451 -0.0432052 -0.000180761 0.026939 -0.000760873 -0.0947163 -0.0823992
internal_weight=246.114 16.8622 4.05368 12.8085 11.2335 1.57497 229.252 1.47964 227.772 4.77018 223.002 0.985726 3.23723
internal_count=4800 555 236 319 266 53 4245 79 4166 115 4051 57 211
is_linear=0
shrinkage=0.08


Tree=122
num_leaves=9
num_cat=0
split_feature=4 4 0 2 0 4 0 4
split_gain=0.0851394 0.213255 0.726328 1.04077 0.0972149 0.0956656 0.498599 0.317764
threshold=83.500000000000014 75.500000000000014 1.5000000000000002 1.0000000180025095e-35 2.5000000000000004 64.500000000000014 6.5000000000000009 60.500000000000007
decision_type=2 2 2 2 2 2 2 2
left_child=1 5 -3 -4 -2 7 -7 -1
right_child=4 2 3 -5 -6 6 -8 -9
leaf_value=0.00018680094558474097 0.043971759196785511 -0.086708243172222643 -0.087176115731713355 0.056172808758603844 0.00035188826541568175 0.013722412404075901 -0.020655783877667387 -0.015969089085957757
leaf_weight=218.84362263185903 0.59956815652549156 0.78661752305924837 0.48503400082699932 0.97725903597893193 0.71928816812578589 12.15147387026809 3.4713232589419922 8.0791675560176355
leaf_count=4221 15 17 23 45 32 208 63 176
internal_value=-8.96707e-05 -0.000198887 -0.0247205 0.00862481 0.020182 2.84808e-05 0.00608371 -0.0003884
internal_weight=246.113 244.794 2.24891 1.46229 1.31886 242.546 15.6228 226.923
internal_count=4800 4753 85 68 47 4668 271 4397
is_linear=0
shrinkage=0.08


Tree=123
num_leaves=16
num_cat=0
split_feature=0 1 2 4 4 4 4 4 4 4 0 0 2 0 4
split_gain=0.0787884 0.238188 0.598513 1.01459 0.718808 0.454219 0.425722 0.315749 0.235462 0.587963 1.92749 0.432417 0.619282 0.52383 0.333088
threshold=7.5000000000000009 1.0000000180025095e-35 1.0000000180025095e-35 17.500000000000004 25.500000000000004 43.500000000000007 53.500000000000007 35.500000000000007 10.500000000000002 13.500000000000002 4.5000000000000009 1.5000000000000002 1.0000000180025095e-35 3.5000000000000004 17.500000000000004
decision_type=2 2 2 2 2 2 2 2 2 2 2 2 2 2 2
left_child=8 5 3 -3 -4 7 -7 -2 11 10 -10 12 -1 -13 -11
right_child=1 2 4 -5 -6 6 -8 -9 9 14 -12 13 -14 -15 -16
leaf_value=0.0053717779276706394 0.0055270745108145494 0.039378227768746291 -0.027072007199689919 -0.082063038263748528 0.014534969305733151 0.038030403485229271 0.0072508853281202717 -0.015217539870289254 0.050566294938964904 -0.017018972674296046 -0.043475658094712821 0.016725538927402115 -0.08519828291051304 -0.019849729254429009 -0.0002194521845040728
leaf_weight=0.85367086715996165 16.595538280904297 0.62989024445414488 3.9604604532942167 1.4627136946655808 8.0769919550511968 4.5722118169069272 7.7520532123744488 6.5488474518060675 4.7750725802034131 7.9057082543149582 1.9704401278868315 4.222411518217994 1.1132652027881702 6.1653132028877735 169.52423335571075
leaf_count=18 71 10 73 76 196 21 34 27 78 193 47 74 74 159 3649
internal_value=-8.47849e-05 0.00276439 -0.00601905 -0.0455083 0.000845795 0.00626355 0.0186699 -0.000342743 -0.000803837 -8.66454e-05 0.0230956 -0.0114953 -0.0458899 -0.00498258 -0.000967985
internal_weight=246.129 49.5987 14.1301 2.0926 12.0375 35.4687 12.3243 23.1444 196.53 184.175 6.74551 12.3547 1.96694 10.3877 177.43
internal_count=4800 508 355 86 269 153 55 98 4292 3967 125 325 92 233 3842
is_linear=0
shrinkage=0.08


Tree=124
num_leaves=12
num_cat=0
split_feature=4 4 2 0 1 1 4 1 4 1 0
split_gain=0.0799634 0.59244 1.27761 0.265193 0.523622 0.268097 0.0879423 1.03222 0.992684 0.0860456 0.000199088
threshold=1.0000000180025095e-35 3.5000000000000004 1.0000000180025095e-35 4.5000000000000009 1.5000000000000002 1.5000000000000002 26.500000000000004 1.5000000000000002 29.500000000000004 1.0000000180025095e-35 3.5000000000000004
decision_type=2 2 2 2 2 2 2 2 2 2 2
left_child=3 2 -2 4 10 -5 7 -3 -8 -4 -1
right_child=1 6 9 5 -6 -7 8 -9 -10 -11 -12
leaf_value=-0.085485575144970544 0.035206162811622498 -0.0048388723834791045 -0.12764120001519944 0.037252122874558993 0.019784106275527562 -0.0035565275265666886 -0.024732802552294646 0.015769262778719068 0.00064092296457849904 -0.081952962977492105 -0.082355105630656122
leaf_weight=0.27820672490633913 0.74234846769831975 43.795601710677147 0.45210591936483957 2.3378959856927395 0.76867959485389292 1.8421334885060785 10.516090529272331 24.12304021185264 160.08003889466636 0.63344758562743664 0.24409563466906548
leaf_count=34 15 729 8 26 29 21 283 470 3127 49 9
internal_value=-8.39447e-05 -0.000301641 -0.0456726 0.0094795 -0.0222137 0.0192678 4.60676e-05 0.00248063 -0.000923195 -0.100981 -0.0840226
internal_weight=245.814 240.343 1.8279 5.47101 1.29098 4.18003 238.515 67.9186 170.596 1.08555 0.522302
internal_count=4800 4681 72 119 72 47 4609 1199 3410 57 43
is_linear=0
shrinkage=0.08


Tree=125
num_leaves=15
num_cat=0
split_feature=0 2 1 1 0 1 4 4 4 1 4 0 4 0
split_gain=0.0810738 0.375363 1.65779 1.07283 0.780579 1.71307 1.33112 0.581324 0.193133 0.521691 0.232289 0.646639 0.546297 3.23455e-05
threshold=2.5000000000000004 1.5000000000000002 1.0000000180025095e-35 1.5000000000000002 1.0000000180025095e-35 1.0000000180025095e-35 71.500000000000014 51.500000000000007 71.500000000000014 1.0000000180025095e-35 50.500000000000007 4.5000000000000009 42.500000000000007 4.5000000000000009
decision_type=2 2 2 2 2 2 2 2 2 2 2 2 2 2
left_child=1 4 7 -4 5 -1 -6 -3 10 -10 12 -12 -2 -11
right_child=8 2 3 -5 6 -7 -8 -9 9 13 11 -13 -14 -15
leaf_value=0.04081687114801124 0.0019680223660955578 -0.083047623104197915 0.053729394888864371 0.00024026025836553069 -0.017039730522502489 -0.01493157312902451 0.04587240685754778 -0.0023167714317451934 4.8315597123962324e-05 -0.081986587550842191 0.019004285172323609 -0.0022276566279965096 -0.010512274012049827 -0.080878566457249709
leaf_weight=6.3299790276214463 118.43636409635656 1.3991022055270144 4.4113493779441324 5.2629139474593103 30.696690183365718 7.9685244491556659 2.3147388910874716 0.96428180206567038 1.974934407626278 0.32730530708795402 15.768110123928635 21.973952560685575 27.696271686814725 0.34777693887008354
leaf_count=125 1939 47 70 104 889 340 45 20 37 34 203 437 450 60
internal_value=-8.07612e-05 -0.00265615 0.00995688 0.0246307 -0.00586544 0.00974839 -0.0126284 -0.0501087 0.000738663 -0.0207044 0.0010477 0.00664275 -0.000397347 -0.0814158
internal_weight=245.872 59.3476 12.0376 9.67426 47.3099 14.2985 33.0114 2.36338 186.525 2.65002 183.875 37.7421 146.133 0.675082
internal_count=4800 1640 241 174 1399 465 934 67 3160 131 3029 640 2389 94
is_linear=0
shrinkage=0.08


Tree=126
num_leaves=15
num_cat=0
split_feature=4 4 1 0 2 1 4 2 0 4 0 4 4 4
split_gain=0.0731222 0.605626 1.00537 1.83529 0.542422 1.31189 1.28734 0.406232 1.83681 0.803901 0.395176 1.97471 1.82626 0.00050812
threshold=52.500000000000007 51.500000000000007 1.0000000180025095e-35 3.5000000000000004 1.0000000180025095e-35 1.5000000000000002 61.500000000000007 1.5000000000000002 7.5000000000000009 60.500000000000007 4.5000000000000009 50.500000000000007 50.500000000000007 70.500000000000014
decision_type=2 2 2 2 2 2 2 2 2 2 2 2 2 2
left_child=1 10 -3 -4 5 6 -2 9 -9 -6 11 -1 -12 -7
right_child=4 2 3 -5 7 13 -8 8 -10 -11 12 -13 -14 -15
leaf_value=-0.002096371691612091 -0.050694953450248707 0.067163747431196838 0.063900108243207368 -0.084910547719348223 0.018790758771723558 -0.082518230478256405 0.019591533517402997 -0.032317113808077232 0.065456192499283555 -0.0067259745710900841 0.002266370492518959 -0.092272717455926689 0.089670863502453374 -0.085852460453671592
leaf_weight=99.721698817709694 2.6040011337026936 2.2588115744292727 1.0750399790704253 1.0469989404082296 14.900920914020391 1.3560628164559601 4.6385020949528553 6.7952088927268033 1.5014196126721797 16.82321597263217 89.522808983689174 1.5787707502022374 1.5565405040979374 0.3729755327804013
leaf_count=2057 64 23 25 20 294 67 86 148 19 342 1577 27 27 24
internal_value=-8.25675e-05 0.000606021 0.030018 -0.00952201 -0.00284805 -0.0206269 -0.00567958 0.00113748 -0.0146233 0.00525931 -6.37438e-05 -0.00350177 0.00376011 -0.0832375
internal_weight=245.753 196.761 4.38085 2.12204 48.9923 8.97154 7.2425 40.0208 8.29663 31.7241 192.38 101.3 91.0793 1.72904
internal_count=4800 3756 68 45 1044 241 150 803 167 636 3688 2084 1604 91
is_linear=0
shrinkage=0.08


Tree=127
num_leaves=9
num_cat=0
split_feature=4 4 0 1 4 4 4 4
split_gain=0.0705934 0.183884 0.682786 0.156926 0.100429 0.0865337 0.66135 0.418326
threshold=83.500000000000014 75.500000000000014 1.5000000000000002 1.5000000000000002 88.500000000000014 62.500000000000007 60.500000000000007 63.500000000000007
decision_type=2 2 2 2 2 2 2 2
left_child=1 5 -3 -4 -2 6 -1 -7
right_child=4 2 3 -5 -6 7 -8 -9
leaf_value=0.0001818413821293687 0.042523514629018218 -0.086230514140611322 -0.012964310222699945 0.040829450157723726 -0.0015371673249168073 0.044937617019876662 -0.031815612407432692 0.0016782220779197581
leaf_weight=218.36629751572036 0.6006707161432121 0.7328232498839492 0.86742185335606314 0.57854782853974029 0.73768372088670731 1.5554175805300499 4.2138728424906722 17.835744012380019
leaf_count=4221 23 17 37 31 24 42 85 320
internal_value=-8.52854e-05 -0.000185727 -0.0233228 0.00855914 0.0182378 2.26067e-05 -0.000423932 0.00514818
internal_weight=245.488 244.15 2.17879 1.44597 1.33835 241.971 222.58 19.3912
internal_count=4800 4753 85 68 47 4668 4306 362
is_linear=0
shrinkage=0.08


Tree=128
num_leaves=12
num_cat=0
split_feature=4 4 2 0 0 1 4 1 4 1 1
split_gain=0.0629272 0.529373 1.16293 0.2202 0.515826 0.219819 0.0807495 0.893679 0.860436 0.0682775 0.000366311
threshold=1.0000000180025095e-35 3.5000000000000004 1.0000000180025095e-35 4.5000000000000009 3.5000000000000004 1.5000000000000002 26.500000000000004 1.5000000000000002 29.500000000000004 1.0000000180025095e-35 1.0000000180025095e-35
decision_type=2 2 2 2 2 2 2 2 2 2 2
left_child=3 2 -2 4 10 -5 7 -3 -8 -4 -1
right_child=1 6 9 5 -6 -7 8 -9 -10 -11 -12
leaf_value=-0.086228138246929265 0.031896858071267326 -0.0044755777064404267 -0.12374828284912447 0.033144694754085602 0.020698727987042004 -0.0036229176911033011 -0.023221388520592089 0.014649329767617174 0.00056644530074724888 -0.081810710110184218 -0.081838073961580965
leaf_weight=0.20462222804780938 0.74671101360581715 43.62530484655872 0.43064905720530056 2.3898834232240915 0.76074514538049698 1.8433584980666635 10.362497074529527 24.374182814732194 159.86977210245095 0.58728029089979827 0.29996765509713441
leaf_count=16 15 729 8 26 18 21 283 470 3127 49 38
internal_value=-8.02059e-05 -0.000274076 -0.0439297 0.00838164 -0.0209008 0.0171343 4.9292e-05 0.00237968 -0.000881584 -0.099553 -0.0836183
internal_weight=245.495 239.996 1.76464 5.49858 1.26534 4.23324 238.232 67.9995 170.232 1.01793 0.50459
internal_count=4800 4681 72 119 72 47 4609 1199 3410 57 54
is_linear=0
shrinkage=0.08


Tree=129
num_leaves=15
num_cat=0
split_feature=4 4 1 0 2 1 4 4 4 4 0 4 4 4
split_gain=0.0611937 0.504866 0.841804 1.60161 0.475468 1.24485 1.11753 0.435114 1.6294 0.64018 0.329408 1.81736 1.43071 0.000483327
threshold=52.500000000000007 51.500000000000007 1.0000000180025095e-35 3.5000000000000004 1.0000000180025095e-35 1.5000000000000002 61.500000000000007 55.500000000000007 54.500000000000007 60.500000000000007 4.5000000000000009 50.500000000000007 50.500000000000007 70.500000000000014
decision_type=2 2 2 2 2 2 2 2 2 2 2 2 2 2
left_child=1 10 -3 -4 5 6 -2 8 -6 -9 11 -1 -12 -7
right_child=4 2 3 -5 7 13 -8 9 -10 -11 12 -13 -14 -15
leaf_value=-0.0019046298185980898 -0.048069027697443423 0.061019227719216133 0.055331194595576089 -0.084515642885102549 0.0053415586694904342 -0.08232702155640062 0.017902815441282756 0.021668215094459438 -0.076987319597869724 -0.0025649799373329983 0.0020575741221614762 -0.091510032432666186 0.076956327366344446 -0.085680197390386972
leaf_weight=99.580395661876537 2.530947460792957 2.2840429730713359 1.138117900118232 0.97152047976851452 6.1188044250011426 1.2562261386774478 4.6857545488746837 10.35363178746775 2.0553025952540338 21.392136602371465 89.696068340912461 1.4700006917119015 1.6624827235937107 0.35225394327426318
leaf_count=2057 64 23 25 20 114 67 86 197 54 438 1577 27 27 24
internal_value=-7.69787e-05 0.00055155 0.0273655 -0.0090704 -0.00261459 -0.0194188 -0.00523397 0.00110035 -0.0153593 0.00533849 -6.07494e-05 -0.00320814 0.00342053 -0.0830614
internal_weight=245.548 196.803 4.39368 2.10964 48.7451 8.82518 7.2167 39.9199 8.17411 31.7458 192.409 101.05 91.3586 1.60848
internal_count=4800 3756 68 45 1044 241 150 803 168 635 3688 2084 1604 91
is_linear=0
shrinkage=0.08


Tree=130
num_leaves=9
num_cat=0
split_feature=4 4 0 1 4 4 0 4
split_gain=0.0597707 0.152158 0.640943 0.146453 0.0850672 0.0804171 0.440194 0.266239
threshold=83.500000000000014 75.500000000000014 1.5000000000000002 1.5000000000000002 88.500000000000014 64.500000000000014 6.5000000000000009 60.500000000000007
decision_type=2 2 2 2 2 2 2 2
left_child=1 5 -3 -4 -2 7 -7 -1
right_child=4 2 3 -5 -6 6 -8 -9
leaf_value=0.00015472070869177005 0.038597357952412092 -0.085730731327176665 -0.012302995036339401 0.03963243740919032 -0.0016703568018816986 0.01267806092518743 -0.019788426785028762 -0.014761797295144659
leaf_weight=218.38340280894772 0.61702028405852505 0.67707131756469552 0.86365475034108363 0.58144577592611313 0.73657723423093557 12.20090747438371 3.4224316347390404 7.9363177618943146
leaf_count=4221 23 17 37 31 24 208 63 176
internal_value=-7.92474e-05 -0.000172224 -0.0215003 0.00859357 0.0166852 1.48524e-05 0.00556599 -0.000368354
internal_weight=245.419 244.065 2.12217 1.4451 1.3536 241.943 15.6233 226.32
internal_count=4800 4753 85 68 47 4668 271 4397
is_linear=0
shrinkage=0.08


Tree=131
num_leaves=16
num_cat=0
split_feature=0 2 1 4 0 1 4 4 0 1 4 4 4 4 4
split_gain=0.0564772 0.334445 1.44509 0.920913 0.668282 1.39571 1.16685 0.557468 0.218194 0.430621 1.11651 0.701977 0.371599 1.50974 1.24741
threshold=2.5000000000000004 1.5000000000000002 1.0000000180025095e-35 64.500000000000014 1.0000000180025095e-35 1.0000000180025095e-35 71.500000000000014 51.500000000000007 3.5000000000000004 1.0000000180025095e-35 44.500000000000007 55.500000000000007 34.500000000000007 32.500000000000007 42.500000000000007
decision_type=2 2 2 2 2 2 2 2 2 2 2 2 2 2 2
left_child=1 4 7 -4 5 -1 -6 -3 9 10 -2 -11 13 -10 -14
right_child=8 2 3 -5 6 -7 -8 -9 12 11 -12 -13 14 -15 -16
leaf_value=0.036332497562734295 0.021597122399967968 -0.08278133752087799 0.01306844706044852 0.08395153508608065 -0.015861500621723441 -0.013710671668994166 0.042574259824780948 -0.0022212682479715467 -0.0018461626200472897 0.0011292823821342122 -0.0083440306475409971 -0.048195266762082974 0.016681878372138741 -0.04708364806869543 -0.0049012718129985726
leaf_weight=6.549263595370574 20.896406207233667 1.2821166479552624 8.4345947261899692 1.3625361286103714 30.193788053118624 7.8326999738928862 2.3577210088260463 0.96239914465695608 58.717326422221959 12.116775918751953 12.886334357783197 2.1786456959089255 26.707236383110285 5.1344127655029288 47.831167319614906
leaf_count=125 94 47 158 16 889 340 45 20 1110 278 59 65 441 96 1017
internal_value=-7.4291e-05 -0.00223213 0.00966155 0.0229265 -0.00528367 0.009078 -0.011629 -0.0482389 0.000608177 0.00525106 0.0101762 -0.00638786 -0.00100481 -0.00548378 0.00283201
internal_weight=245.443 58.9751 12.0416 9.79713 46.9335 14.382 32.5515 2.24452 186.468 48.0782 33.7827 14.2954 138.39 63.8517 74.5384
internal_count=4800 1640 241 174 1399 465 934 67 3160 496 153 343 2664 1206 1458
is_linear=0
shrinkage=0.08


Tree=132
num_leaves=8
num_cat=0
split_feature=4 0 4 4 0 1 4
split_gain=0.0896558 0.539242 0.109073 0.243536 0.753254 0.135124 0.109722
threshold=84.500000000000014 6.5000000000000009 77.500000000000014 73.500000000000014 1.5000000000000002 1.5000000000000002 71.500000000000014
decision_type=2 2 2 2 2 2 2
left_child=2 -2 3 6 -5 -4 -1
right_child=1 -3 5 4 -6 -7 -8
leaf_value=-8.5860484907975096e-05 -0.083802500382985909 0.033289621466624147 0.036774839875316385 0.027247507381180581 -0.087158234284561889 -0.0048807695004894017 0.019399655845319583
leaf_weight=238.84066205049749 0.49198152811732032 0.51542298751883209 1.1368764012586319 0.70494479592889436 0.77132222091313452 0.88740578771103162 1.8639179416932155
leaf_count=4599 28 12 28 15 47 34 37
internal_value=-7.73228e-05 -0.0238941 2.09272e-05 -0.000133647 -0.0325274 0.0185138 6.50274e-05
internal_weight=245.213 1.0074 244.205 242.181 1.47627 2.02428 240.705
internal_count=4800 40 4760 4698 62 62 4636
is_linear=0
shrinkage=0.08


Tree=133
num_leaves=16
num_cat=0
split_feature=4 0 0 2 2 4 0 0 0 4 4 0 4 4 2
split_gain=0.0619842 0.920626 1.62766 2.20035 1.51526 0.980496 1.68484 0.784362 0.600832 3.68974 2.14594 1.59013 1.01036 0.909682 0.634723
threshold=40.500000000000007 5.5000000000000009 7.5000000000000009 1.5000000000000002 1.5000000000000002 44.500000000000007 3.5000000000000004 3.5000000000000004 4.5000000000000009 38.500000000000007 34.500000000000007 7.5000000000000009 34.500000000000007 33.500000000000007 1.0000000180025095e-35
decision_type=2 2 2 2 2 2 2 2 2 2 2 2 2 2 2
left_child=8 5 4 -4 -3 6 -2 -7 9 12 13 -12 -1 -10 -11
right_child=1 2 3 -5 -6 7 -8 -9 10 14 11 -13 -14 -15 -16
leaf_value=0.0023531935190157635 0.047034539790976507 -0.01713843204461362 -0.0055095773149870754 0.068857597060828488 -0.083260616561185385 -0.0038576568729754373 -0.013356156629618735 0.017381880886440632 -0.0015093239742731521 -0.027455635456996155 0.047176650340851584 -0.0037785794668718374 -0.025712797295473679 -0.051614732855647869 -0.094211196204865844
leaf_weight=58.653351209912216 8.6682539489120227 12.034964726655742 16.751455382211137 3.002722597680985 2.7192096189828581 39.51437586650718 4.4871610701084128 15.489863477298057 50.287739625666291 1.2578329746611405 10.899125833064319 6.1206722855567923 9.5450324767734838 2.4311067499220362 3.3113352232612669
leaf_count=1198 162 373 191 34 84 767 92 355 897 35 205 56 227 43 81
internal_value=-7.27702e-05 0.00142585 -0.00922086 0.00579456 -0.0293248 0.00681615 0.026436 0.00212366 -0.00115245 -0.00623776 0.00415373 0.0288521 -0.00157492 -0.00381991 -0.0758343
internal_weight=245.174 102.668 34.5084 19.7542 14.7542 68.1597 13.1554 55.0042 142.506 72.7676 69.7386 17.0198 68.1984 52.7188 4.56917
internal_count=4800 2058 682 225 457 1376 254 1122 2742 1541 1201 261 1425 940 116
is_linear=0
shrinkage=0.08


Tree=134
num_leaves=16
num_cat=0
split_feature=0 1 4 4 4 4 4 4 4 4 0 4 0 4 4
split_gain=0.0616345 0.211952 0.561578 1.66925 0.808028 0.354352 0.264001 0.229864 0.206065 0.468591 1.68427 0.429474 1.24642 0.89325 0.303961
threshold=7.5000000000000009 1.0000000180025095e-35 41.500000000000007 37.500000000000007 46.500000000000007 50.500000000000007 41.500000000000007 57.500000000000007 10.500000000000002 13.500000000000002 1.5000000000000002 5.5000000000000009 3.5000000000000004 4.5000000000000009 17.500000000000004
decision_type=2 2 2 2 2 2 2 2 2 2 2 2 2 2 2
left_child=8 5 3 -3 -4 6 -2 -7 11 10 -10 13 -13 -1 -11
right_child=1 2 4 -5 -6 7 -8 -9 9 14 -12 12 -14 -15 -16
leaf_value=-0.0074573442051073793 0.0052684407472278327 -0.0086912137344575344 -0.083904225240616415 0.086003507246275271 -0.0080106828400413072 0.034042940623919916 -0.014252554908311515 0.0081844343694953067 0.08593985211668162 -0.016268286982339043 -0.0035720142761368461 -0.0031684572100673866 -0.082656796785272213 0.084412342241054983 -0.00013227037654457214
leaf_weight=5.1247769707697426 20.696206055581573 8.2535524398554099 1.2506835060194124 1.3923588003963221 3.1824087518616579 3.9180788248777372 5.6427196413278571 5.0176485180854797 1.8398415036499489 7.8171607186086467 5.0053943851962686 4.5185729810036719 1.7520496146753428 0.78050228487700213 168.95108723611338
leaf_count=187 88 180 34 23 118 19 23 23 32 193 93 61 60 17 3649
internal_value=-8.20135e-05 0.00244453 -0.00585386 0.00497769 -0.0294221 0.00575663 0.00108636 0.0195227 -0.000718893 -5.05555e-05 0.0204867 -0.0107975 -0.025378 0.0046851 -0.000845848
internal_weight=245.143 49.3537 14.079 9.64591 4.43309 35.2747 26.3389 8.93573 195.789 183.613 6.84524 12.1759 6.27062 5.90528 176.768
internal_count=4800 508 355 203 152 153 111 42 4292 3967 125 325 121 204 3842
is_linear=0
shrinkage=0.08


Tree=135
num_leaves=12
num_cat=0
split_feature=4 4 2 0 1 1 4 4 0 1 0
split_gain=0.0608789 0.465012 1.06634 0.190194 0.486089 0.17922 0.0761006 1.12163 0.727557 0.0536542 0.000120453
threshold=1.0000000180025095e-35 3.5000000000000004 1.0000000180025095e-35 4.5000000000000009 1.5000000000000002 1.5000000000000002 27.500000000000004 29.500000000000004 3.5000000000000004 1.0000000180025095e-35 3.5000000000000004
decision_type=2 2 2 2 2 2 2 2 2 2 2
left_child=3 2 -2 4 10 -5 8 -8 -3 -4 -1
right_child=1 6 9 5 -6 -7 7 -9 -10 -11 -12
leaf_value=-0.084760048771938712 0.029480361413935792 0.010343532236566826 -0.12003850844796381 0.030579672552717409 0.019874871928515496 -0.0026268707333804075 -0.031945165443038236 0.00047759637617042093 -0.0058511709650498787 -0.081654817365923574 -0.082195241803312391
leaf_weight=0.24068809737218433 0.74718038667924591 35.3820618216414 0.41119999319198541 2.418586952611804 0.76688897400163114 1.8252068385481832 7.1338621298782519 159.55442605487769 35.635623973561451 0.53803486801916733 0.22839117608964443
leaf_count=34 15 571 8 26 29 21 192 3127 719 49 9
internal_value=-8.27207e-05 -0.000273557 -0.0420097 0.00825463 -0.0193626 0.0162979 2.42972e-05 -0.000910021 0.00221727 -0.0982823 -0.0835113
internal_weight=244.882 239.402 1.69642 5.47976 1.23597 4.24379 237.706 166.688 71.0177 0.949235 0.469079
internal_count=4800 4681 72 119 72 47 4609 3319 1290 57 43
is_linear=0
shrinkage=0.08


Tree=136
num_leaves=15
num_cat=0
split_feature=0 4 4 0 2 4 0 1 4 1 4 4 4 0
split_gain=0.0677021 0.329237 1.30824 6.15766 1.30139 1.17694 1.64896 1.09489 0.175617 0.465441 0.259351 1.10497 0.324437 2.85656e-05
threshold=2.5000000000000004 50.500000000000007 46.500000000000007 1.5000000000000002 1.0000000180025095e-35 64.500000000000014 1.5000000000000002 1.5000000000000002 71.500000000000014 1.0000000180025095e-35 57.500000000000007 60.500000000000007 53.500000000000007 4.5000000000000009
decision_type=2 2 2 2 2 2 2 2 2 2 2 2 2 2
left_child=1 2 4 -4 -1 6 -3 -7 10 -10 12 -12 -2 -11
right_child=8 5 3 -5 -6 7 -8 -9 9 13 11 -13 -14 -15
leaf_value=0.019860739306024746 0.00072064216475451349 -0.0072448365087328815 0.12924671412522987 -0.083420029483266503 -0.012291429966055041 -0.012459279176285497 -0.083666802747302912 0.049248568482557736 -0.0012249663670726612 -0.081895698669928671 0.039638892641726493 -0.0020042743604175455 -0.015570242852703191 -0.080797380906176192
leaf_weight=11.302809909568166 154.56836912361905 5.1337974197231224 2.2495809085667124 1.4222588278353216 28.054974064987618 5.2265069819986802 2.7884544441476464 2.8402713751420379 1.9758912947727361 0.2941076528513803 5.6262360634282258 14.819011550396679 8.2410038844682258 0.31267645920161158
leaf_count=259 2518 160 74 42 870 86 90 59 37 34 93 248 170 60
internal_value=-7.90704e-05 -0.00243959 0.00120272 0.0468719 -0.00305794 -0.0122418 -0.0341436 0.00926774 0.000670589 -0.0200451 0.000962543 0.00945532 -0.000103962 -0.0813297
internal_weight=244.856 59.0187 43.0296 3.67184 39.3578 15.989 7.92225 8.06678 185.837 2.58268 183.255 20.4452 162.809 0.606784
internal_count=4800 1640 1245 116 1129 395 250 145 3160 131 3029 341 2688 94
is_linear=0
shrinkage=0.08


Tree=137
num_leaves=11
num_cat=0
split_feature=0 4 4 4 4 4 0 2 0 4
split_gain=0.0595767 0.185463 0.712944 0.256725 0.183772 0.399562 0.396971 0.567557 0.482894 0.194699
threshold=7.5000000000000009 65.500000000000014 61.500000000000007 45.500000000000007 10.500000000000002 11.500000000000002 1.5000000000000002 1.0000000180025095e-35 5.5000000000000009 24.500000000000004
decision_type=2 2 2 2 2 2 2 2 2 2
left_child=4 2 3 -2 6 -6 7 -1 -8 -7
right_child=1 -3 -4 -5 5 9 8 -9 -10 -11
leaf_value=0.0032083941867663379 0.0042604021733861344 -0.019299587045749016 0.044311319872030082 -0.010727215919870333 0.028799985916897461 0.0044398583543924629 0.0071440972203077402 -0.084952592561061385 -0.03122992416344212 -0.0019450274589013106
leaf_weight=0.87156965676695008 34.95115528581664 2.3974476388539179 2.5896821944043031 9.2503618192858976 3.0147042069584122 38.980715028941631 7.2008585340809059 1.0076627455418927 2.9620317537337542 141.59251817205222
leaf_count=18 334 39 27 108 43 719 156 74 77 3205
internal_value=-8.66716e-05 0.00240214 0.00351407 0.00112384 -0.00071245 -8.44775e-05 -0.0102862 -0.0440644 -0.00404023 -0.000566709
internal_weight=244.819 49.1886 46.7912 44.2015 195.63 183.588 12.0421 1.87923 10.1629 180.573
internal_count=4800 508 469 442 4292 3967 325 92 233 3924
is_linear=0
shrinkage=0.08


Tree=138
num_leaves=14
num_cat=0
split_feature=4 4 1 4 1 0 4 0 4 4 0 2 4
split_gain=0.0591304 1.10027 2.49669 0.925091 1.11646 0.513347 0.810663 0.731005 3.53979 0.899073 0.567694 0.565003 0.442162
threshold=15.500000000000002 16.500000000000004 1.0000000180025095e-35 17.500000000000004 1.0000000180025095e-35 4.5000000000000009 10.500000000000002 3.5000000000000004 10.500000000000002 13.500000000000002 5.5000000000000009 1.5000000000000002 19.500000000000004
decision_type=2 2 2 2 2 2 2 2 2 2 2 2 2
left_child=5 2 -2 4 -3 7 11 9 -9 -1 -8 -7 -5
right_child=1 3 -4 12 -6 6 10 8 -10 -11 -12 -13 -14
leaf_value=0.0086465714951795697 -0.044501640052731134 0.013465187621794607 0.11410531452607314 0.02168126849508608 -0.084461034600275015 0.0080818159823790175 -0.083916625366635175 -0.030045438552951508 0.16730287359812521 -0.050110053439608893 -0.023775783834256173 -0.047060888689308612 -0.00025504530673096883
leaf_weight=10.392833030899057 1.0491521139629179 1.2729240562766782 1.609798672609031 6.0560441445559254 1.7970056757330894 8.1637977338395977 1.3404119461774815 1.4878526153042906 0.95508696138858784 1.9850630685687054 4.0085141705349088 1.3919633231125779 203.18380268046167
leaf_count=228 13 24 40 107 45 141 33 45 24 45 65 17 3973
internal_value=-8.17278e-05 0.000380718 0.0515232 -0.000259786 -0.0438566 -0.00342604 -0.0139095 0.00711676 0.0471095 -0.000776323 -0.0388468 4.93189e-05 0.000379859
internal_weight=244.694 214.969 2.65895 212.31 3.06993 29.7255 14.9047 14.8208 2.44294 12.3779 5.34893 9.55576 209.24
internal_count=4800 4202 53 4149 69 598 256 342 69 273 98 158 4080
is_linear=0
shrinkage=0.08


Tree=139
num_leaves=12
num_cat=0
split_feature=4 4 2 0 0 1 0 4 4 1 1
split_gain=0.0643293 0.418472 0.972275 0.162561 0.495937 0.137883 0.0583772 0.502617 0.353854 0.0428585 0.000232838
threshold=1.0000000180025095e-35 3.5000000000000004 1.0000000180025095e-35 4.5000000000000009 3.5000000000000004 1.5000000000000002 3.5000000000000004 27.500000000000004 13.500000000000002 1.0000000180025095e-35 1.0000000180025095e-35
decision_type=2 2 2 2 2 2 2 2 2 2 2
left_child=3 2 -2 4 10 -5 7 -3 -8 -4 -1
right_child=1 6 9 5 -6 -7 8 -9 -10 -11 -12
leaf_value=-0.085481257192035809 0.026615575415433159 0.0091262283102852473 -0.11693479833750527 0.028227908435409847 0.022690226632854745 -0.00097285212851142325 -0.01713865758231977 -0.0025250152438470591 -5.6336348001710128e-05 -0.081549439351830288 -0.081781468452344075
leaf_weight=0.18000082837534026 0.74760676617734023 35.683106146752834 0.39275469072163105 2.4462706185877323 0.74626505374908447 1.7937785144895313 8.282831955701111 70.537009307183325 123.15186507295584 0.49535085173556581 0.27545707183890045
leaf_count=16 15 571 8 26 18 21 163 1484 2391 49 38
internal_value=-8.76334e-05 -0.000283228 -0.0406088 0.00851321 -0.0174591 0.0158743 -5.67797e-06 0.00138905 -0.00113284 -0.0971982 -0.0832437
internal_weight=244.732 239.291 1.63571 5.44177 1.20172 4.24005 237.655 106.22 131.435 0.888106 0.455458
internal_count=4800 4681 72 119 72 47 4609 2055 2554 57 54
is_linear=0
shrinkage=0.08


Tree=140
num_leaves=16
num_cat=0
split_feature=4 0 0 2 2 4 0 0 4 4 4 4 4 2 0
split_gain=0.0685027 0.81637 1.41999 1.84163 1.46295 0.831748 1.41048 0.653903 3.25204 1.59835 1.48226 0.835565 0.793627 0.621676 0.62034
threshold=40.500000000000007 5.5000000000000009 7.5000000000000009 1.5000000000000002 1.5000000000000002 44.500000000000007 3.5000000000000004 4.5000000000000009 38.500000000000007 34.500000000000007 35.500000000000007 33.500000000000007 34.500000000000007 1.0000000180025095e-35 3.5000000000000004
decision_type=2 2 2 2 2 2 2 2 2 2 2 2 2 2 2
left_child=7 5 4 -4 -3 6 -2 8 12 11 -11 -9 -1 -10 -7
right_child=1 2 3 -5 -6 14 -8 9 13 10 -12 -13 -14 -15 -16
leaf_value=0.0011364319609933262 0.04293040545451033 -0.015955342644262752 -0.0050882995419265411 0.062854451797338465 -0.083023251695220013 -0.0031791380832882133 -0.012359056091946288 -0.00049609103503897199 -0.026155941148101779 0.081517474669851361 0.015609612976071129 -0.049178894521825368 -0.023963874530770039 -0.093344309124486671 0.015621397035931302
leaf_weight=59.202811078372179 8.8594140298664552 11.833734181302132 16.622697162500121 3.0166314921807489 2.5258048080140716 39.260586097254418 4.4293892830610266 49.696207671193406 1.23757909471169 2.5568739622831371 14.970534896478055 2.3636813554912797 9.3328108175192011 3.0620848526014015 15.733660085476002
leaf_count=1198 162 373 191 34 84 767 92 897 35 41 220 43 227 81 355
internal_value=-8.285e-05 0.00149663 -0.00863218 0.00534781 -0.0277524 0.00653987 0.0245015 -0.00121716 -0.00651564 0.00432862 0.0252242 -0.00270644 -0.00228159 -0.0740054 0.00219963
internal_weight=244.705 102.282 33.9989 19.6393 14.3595 68.283 13.2888 142.423 72.8353 69.5873 17.5274 52.0599 68.5356 4.29966 54.9942
internal_count=4800 2058 682 225 457 1376 254 2742 1541 1201 261 940 1425 116 1122
is_linear=0
shrinkage=0.08


Tree=141
num_leaves=13
num_cat=0
split_feature=3 2 4 1 1 4 0 0 4 0 4 4
split_gain=0.0623573 0.449337 0.872524 1.04103 0.524695 0.1081 0.877007 1.11354 0.978725 0.71865 2.82102 1.14847
threshold=1.0000000180025095e-35 1.0000000180025095e-35 32.500000000000007 1.0000000180025095e-35 1.0000000180025095e-35 40.500000000000007 5.5000000000000009 7.5000000000000009 44.500000000000007 4.5000000000000009 38.500000000000007 34.500000000000007
decision_type=2 2 2 2 2 2 2 2 2 2 2 2
left_child=5 -2 3 -3 -4 9 8 -8 -7 10 -1 -11
right_child=1 2 4 -5 -6 6 7 -9 -10 11 -12 -13
leaf_value=-0.0030418178843860067 0.028237321184141115 -0.019186602865592532 -0.020922226293702158 0.088074431032316602 -0.084035254320293004 0.027611531344919189 -0.025705726368442025 0.0040434597933541525 0.0027693353994794794 -0.0015322572466732753 -0.07213860414376666 0.022209921229706438
leaf_weight=65.097970756236464 1.822810833575202 1.5576701448298993 2.8540011122822762 0.92182353121461336 1.1964646820561027 12.579744512215255 13.865833614370784 19.206991349114105 52.54733043606393 51.394374351250008 4.0147718088701358 17.472307568415999
leaf_count=1359 38 19 19 38 54 246 447 221 1075 914 112 258
internal_value=-8.8789e-05 -0.00688194 -0.0166853 0.0206908 -0.0395651 0.000151459 0.00218023 -0.00842893 0.00756778 -0.00129242 -0.00705566 0.00449142
internal_weight=244.532 8.35277 6.52996 2.47949 4.05047 236.179 98.1999 33.0728 65.1271 137.979 69.1127 68.8667
internal_count=4800 168 130 57 73 4632 1989 668 1321 2643 1471 1172
is_linear=0
shrinkage=0.08


Tree=142
num_leaves=15
num_cat=0
split_feature=4 4 0 1 0 4 2 1 1 2 0 0 4 4
split_gain=0.0614638 1.05904 2.20174 2.07929 0.868074 3.57749 1.99219 1.90441 1.70633 1.22664 1.08153 0.387265 1.83193 1.00154
threshold=46.500000000000007 45.500000000000007 5.5000000000000009 1.0000000180025095e-35 1.5000000000000002 50.500000000000007 1.5000000000000002 1.5000000000000002 1.0000000180025095e-35 1.5000000000000002 1.0000000180025095e-35 1.5000000000000002 26.500000000000004 41.500000000000007
decision_type=2 2 2 2 2 2 2 2 2 2 2 2 2 2
left_child=1 11 3 -3 5 10 7 -6 -8 -7 -2 12 -1 -13
right_child=4 2 -4 -5 6 9 8 -9 -10 -11 -12 13 -14 -15
leaf_value=0.0089806432415459291 0.024600540916614483 0.072291445240700275 -0.1193916990856731 -0.083086589014269838 -0.0048257012411049415 -0.01504727165300589 0.0046168877656479488 0.032249250142965792 -0.068835672352752494 0.051806103993232572 0.14001840961737674 -0.00099192962967457952 -0.03355683321268367 0.018455117617004572
leaf_weight=15.469114839186661 0.73388271871954125 1.3015185818076132 1.4672217816114423 0.95615121885202814 37.954648312996142 7.9341363045386952 3.4544219244271499 11.570094498514662 4.8883786403457634 2.2559386128559709 1.7795784156769514 123.85409143776633 11.14990526891779 19.635889125987887
leaf_count=333 30 12 26 34 600 216 50 376 127 40 44 2170 429 313
internal_value=-9.04185e-05 -0.000898752 -0.0430962 0.00648692 0.00190071 0.0208377 -0.00225648 0.00383584 -0.0384219 -0.000246879 0.106319 2.52496e-05 -0.00883702 0.0016693
internal_weight=244.405 173.834 3.72489 2.25767 70.5711 12.7035 57.8675 49.5247 8.3428 10.1901 2.51346 170.109 26.619 143.49
internal_count=4800 3317 72 46 1483 330 1153 976 177 256 74 3245 762 2483
is_linear=0
shrinkage=0.08


Tree=143
num_leaves=9
num_cat=0
split_feature=4 4 4 0 4 4 4 4
split_gain=0.060332 0.160471 0.160441 0.590496 0.743791 0.0793022 0.500614 0.357249
threshold=83.500000000000014 87.500000000000014 75.500000000000014 1.5000000000000002 78.500000000000014 62.500000000000007 60.500000000000007 63.500000000000007
decision_type=2 2 2 2 2 2 2 2
left_child=2 -2 5 -4 -5 6 -1 -7
right_child=1 -3 3 4 -6 7 -8 -9
leaf_value=8.4482536295823365e-05 0.04924804603696057 -0.0066638942212646247 -0.085457936269565715 0.042394421507575129 -0.083776136248239888 0.041695697484975341 -0.028521568130806842 0.0016963106297895232
leaf_weight=217.64705013533239 0.56553826376329996 0.78389344015158713 0.65184675855562035 1.0400901762768624 0.4196936186053789 1.5540826935321117 3.9870430035516611 17.760916617116891
leaf_count=4221 18 29 17 33 35 42 85 320
internal_value=-0.000100432 0.0167684 -0.000194085 -0.0221496 0.00611989 -1.67152e-06 -0.00043012 0.00491466
internal_weight=244.41 1.34943 243.061 2.11163 1.45978 240.949 221.634 19.315
internal_count=4800 47 4753 85 68 4668 4306 362
is_linear=0
shrinkage=0.08


Tree=144
num_leaves=13
num_cat=0
split_feature=3 4 4 4 4 4 2 1 4 4 0 4
split_gain=0.0594386 0.475768 0.887699 1.54409 0.136653 0.08468 0.931726 1.28913 0.70799 0.49435 1.60347 0.317226
threshold=1.0000000180025095e-35 53.500000000000007 37.500000000000007 29.500000000000004 45.500000000000007 39.500000000000007 1.0000000180025095e-35 1.0000000180025095e-35 44.500000000000007 36.500000000000007 1.5000000000000002 34.500000000000007
decision_type=2 2 2 2 2 2 2 2 2 2 2 2
left_child=5 2 3 -2 -4 9 7 -7 -8 11 -11 -1
right_child=1 -3 4 -5 -6 6 8 -9 -10 10 -12 -13
leaf_value=-0.00074427825431664795 -0.031940747387421906 0.031644436892155466 -0.07010156261769239 0.067903533530582941 -0.032142724553148469 0.0037712040847930244 0.018077079828941224 -0.036880483747213519 0.0012527707128340958 0.058132766924169244 -0.024828990945240676 0.014269085673644401
leaf_weight=107.51828369201394 2.5949270291021076 1.6571366514544932 1.4393811097834261 1.6040880009531973 1.04958402342163 11.771865121321754 21.55097708851099 8.6691908170469087 62.236238637764473 1.6878264835104335 12.787742363288997 9.8308200845494849
leaf_count=2058 67 35 24 23 19 156 369 346 1226 63 220 194
internal_value=-9.44347e-05 -0.00672979 -0.0162381 0.0062013 -0.0540945 0.000140143 0.00184419 -0.0134695 0.00558016 -0.00120717 -0.0151558 0.000513453
internal_weight=244.398 8.34512 6.68798 4.19902 2.48897 236.053 104.228 20.4411 83.7872 131.825 14.4756 117.349
internal_count=4800 168 133 90 43 4632 2097 502 1595 2535 283 2252
is_linear=0
shrinkage=0.08


Tree=145
num_leaves=16
num_cat=0
split_feature=0 2 1 1 4 4 4 1 0 2 4 4 0 4 4
split_gain=0.0663316 0.282601 1.26358 0.943794 0.598784 1.1716 0.523434 0.473517 0.185714 0.436762 1.18797 0.767379 0.326013 2.29735 0.670166
threshold=2.5000000000000004 1.5000000000000002 1.0000000180025095e-35 1.5000000000000002 71.500000000000014 67.500000000000014 51.500000000000007 1.5000000000000002 3.5000000000000004 1.0000000180025095e-35 39.500000000000007 27.500000000000004 4.5000000000000009 47.500000000000007 42.500000000000007
decision_type=2 2 2 2 2 2 2 2 2 2 2 2 2 2 2
left_child=1 4 6 -4 5 -1 -3 -6 9 10 -2 -11 13 -10 -14
right_child=8 2 3 -5 7 -7 -8 -9 12 11 -12 -13 14 -15 -16
leaf_value=-0.0055178961517217745 -0.035839166521399637 -0.08261949481196601 0.047162624416881772 -0.0022747171785638971 -0.00043798383779268107 -0.085132972088629688 -0.0035277031343825551 0.060298226731448586 -0.02505711873445245 0.026563064537610787 0.023820322693858031 0.0015773405888966014 0.0053344312364770156 0.027524294153736053 -0.0077967448306818093
leaf_weight=42.267552900826558 5.1612139614298922 1.1876378869928879 4.5845090085640532 5.3619502673391253 1.7814497156068674 1.2170144114643324 0.97530342917889346 1.5245977598242462 17.499942940194163 10.929317941423504 3.6444943421520293 28.076356812962331 75.333181085065007 7.6394360834965473 37.136943911900744
leaf_count=1309 61 47 70 104 35 27 20 28 410 112 44 279 1287 154 813
internal_value=-9.29183e-05 -0.00243171 0.00846102 0.0205119 -0.00525075 -0.0077461 -0.0469558 0.0275708 0.000650013 0.0049453 -0.0111474 0.00857829 -0.000842352 -0.00907851 0.000998598
internal_weight=244.321 58.9 12.1094 9.94646 46.7906 43.4846 2.16294 3.30605 185.421 47.8114 8.80571 39.0057 137.61 25.1394 112.47
internal_count=4800 1640 241 174 1399 1336 67 63 3160 496 105 391 2664 564 2100
is_linear=0
shrinkage=0.08


Tree=146
num_leaves=12
num_cat=0
split_feature=4 4 2 0 0 1 4 2 4 1 1
split_gain=0.057342 0.372109 0.892998 0.124037 0.473296 0.114591 0.0559562 0.643588 0.334145 0.0334122 0.000155629
threshold=1.0000000180025095e-35 3.5000000000000004 1.0000000180025095e-35 4.5000000000000009 3.5000000000000004 1.5000000000000002 11.500000000000002 1.5000000000000002 15.500000000000002 1.0000000180025095e-35 1.0000000180025095e-35
decision_type=2 2 2 2 2 2 2 2 2 2 2
left_child=3 2 -2 4 10 -5 7 -3 -8 -4 -1
right_child=1 6 9 5 -6 -7 8 -9 -10 -11 -12
leaf_value=-0.084849262842931511 0.024405358485537466 0.011348658221390027 -0.11362640370664602 0.025448959864882697 0.023285916076328714 -0.0010760558164086605 -0.015200280913509128 -0.043908829135740596 0.00032148580343668349 -0.081431382348277487 -0.081688692492183662
leaf_weight=0.16225892389775143 0.75001468183472642 11.778267984278497 0.37490022665588185 2.484423553571105 0.74232221953570843 1.7958049010485408 9.2594394269399327 1.5234649679623551 214.52366035321029 0.45874825032660738 0.25866016419604421
leaf_count=16 15 199 8 26 18 21 184 24 4202 49 38
internal_value=-9.41141e-05 -0.000279285 -0.0389292 0.00802468 -0.01514 0.0143202 -2.11139e-05 0.00501995 -0.000320756 -0.0959098 -0.0829071
internal_weight=244.112 238.668 1.58366 5.44347 1.16324 4.28023 237.085 13.3017 223.783 0.833648 0.420919
internal_count=4800 4681 72 119 72 47 4609 223 4386 57 54
is_linear=0
shrinkage=0.08


Tree=147
num_leaves=16
num_cat=0
split_feature=0 2 1 0 0 1 1 4 0 1 4 3 4 4 4
split_gain=0.0549049 0.246136 1.10166 0.889175 0.598134 1.21183 0.919552 0.504517 0.159133 0.39001 0.912035 0.624238 0.314354 2.08237 1.50037
threshold=2.5000000000000004 1.5000000000000002 1.0000000180025095e-35 1.0000000180025095e-35 1.0000000180025095e-35 1.0000000180025095e-35 1.5000000000000002 51.500000000000007 3.5000000000000004 1.0000000180025095e-35 44.500000000000007 1.0000000180025095e-35 46.500000000000007 42.500000000000007 48.500000000000007
decision_type=2 2 2 2 2 2 2 2 2 2 2 2 2 2 2
left_child=1 4 7 -4 5 -1 -6 -3 9 10 -2 -11 13 -10 -14
right_child=8 2 3 -5 6 -7 -8 -9 12 11 -12 -13 14 -15 -16
leaf_value=0.033621019201925589 0.01963898968266246 -0.082410748144221099 -0.036303004704246508 0.029073408495246204 -0.022061876090508019 -0.012886034856091116 0.0055250009475006166 -0.0032807157304594724 0.00082310427181375408 -0.011615012654391547 -0.0074974507354976785 0.048267348487354561 0.053815040946040435 -0.036767868784062838 0.00011474168249585989
leaf_weight=6.6836491546127927 20.74559148773551 1.0976588970952428 1.5786802683724079 8.5019422082696092 19.182587055955082 7.7363705757306889 12.955997095210476 0.9725823001936077 90.430480343522504 13.070082689635452 12.827936949208377 1.2179400045424706 3.7058920841664067 10.529408155940471 32.816741805989295
leaf_count=125 94 47 61 113 569 340 365 20 1647 294 59 49 86 207 724
internal_value=-8.87956e-05 -0.0022208 0.00791877 0.0188351 -0.00486703 0.00866989 -0.0109408 -0.0452361 0.000586537 0.00455947 0.00927057 -0.00651052 -0.000796552 -0.00309737 0.00556362
internal_weight=244.054 58.7095 12.1509 10.0806 46.5586 14.42 32.1386 2.07024 185.344 47.8616 33.5735 14.288 137.483 100.96 36.5226
internal_count=4800 1640 241 174 1399 465 934 67 3160 496 153 343 2664 1854 810
is_linear=0
shrinkage=0.08


Tree=148
num_leaves=13
num_cat=0
split_feature=3 4 4 4 4 0 0 4 0 4 4 4
split_gain=0.0678675 0.406306 0.759776 2.51742 0.0912178 0.647745 0.988748 0.787999 0.545222 2.58852 0.983323 0.0466252
threshold=1.0000000180025095e-35 53.500000000000007 33.500000000000007 29.500000000000004 40.500000000000007 5.5000000000000009 7.5000000000000009 44.500000000000007 4.5000000000000009 38.500000000000007 34.500000000000007 45.500000000000007
decision_type=2 2 2 2 2 2 2 2 2 2 2 2
left_child=4 2 3 -2 8 7 -7 -6 9 -1 -10 -4
right_child=1 -3 11 -5 5 6 -8 -9 10 -11 -12 -13
leaf_value=-0.0024745261574416182 -0.031475092666828151 0.027772742435107762 -0.051374444888455856 0.12136362819791822 0.024439935002870949 -0.023817775287029292 0.0044666801055184818 0.0022930259013037176 -0.0017642253832881461 -0.070656196411077205 0.020084243459693406 -0.030716373129769495
leaf_weight=64.372312407649588 2.570472554187289 1.6976694963523185 2.1129162753932182 0.94264595676213492 12.774795011617242 13.446155304554848 19.211042423732579 52.693278167163953 51.465706209652126 3.7724984218366435 17.723781010136008 1.0450847905594853
leaf_count=1359 67 35 36 11 246 447 221 1075 914 112 258 19
internal_value=-9.05578e-05 -0.00717011 -0.0160624 0.00953485 0.000161066 0.00202389 -0.00717906 0.00661456 -0.00116992 -0.00624907 0.00383254 -0.044538
internal_weight=243.828 8.36879 6.67112 3.51312 235.46 98.1253 32.6572 65.4681 137.334 68.1448 69.1895 3.158
internal_count=4800 168 133 78 4632 1989 668 1321 2643 1471 1172 55
is_linear=0
shrinkage=0.08


Tree=149
num_leaves=12
num_cat=0
split_feature=3 4 4 4 4 4 1 4 2 4 4
split_gain=0.0586137 0.407243 0.697638 0.758035 0.0890329 0.91933 1.04566 0.514232 0.480661 1.29366 0.885082
threshold=1.0000000180025095e-35 55.500000000000007 45.500000000000007 37.500000000000007 58.500000000000007 53.500000000000007 1.5000000000000002 49.500000000000007 1.0000000180025095e-35 61.500000000000007 60.500000000000007
decision_type=2 2 2 2 2 2 2 2 2 2 2
left_child=4 2 3 -2 5 7 -7 -1 9 -6 -10
right_child=1 -3 -4 -5 8 6 -8 -9 10 -11 -12
leaf_value=-0.00040090837162641725 0.0043854176179583051 -0.049317222663977062 0.048591415596675444 -0.064128361765103017 -0.10731673377686692 -0.012531312652802861 -0.08164694763515104 0.015369434458204899 0.037010026101272936 -0.001087340274171948 0.0010437946309076152
leaf_weight=178.87888818119245 4.2025844520539959 1.2234271329361943 1.5256336419843135 1.3705571879399938 0.85859596310183661 8.5840318570844794 1.6741548760328449 14.290097150951622 5.5722501091659096 5.0430752200772986 20.448802457074635
leaf_count=3449 90 27 27 24 26 163 110 256 75 132 421
internal_value=-9.05264e-05 -0.00668871 0.000658029 -0.0124636 0.000142792 -0.000473595 -0.0238111 0.000765737 0.00407071 -0.016542 0.00874574
internal_weight=243.672 8.3222 7.09878 5.57314 235.35 203.427 10.2582 193.169 31.9227 5.90167 26.0211
internal_count=4800 168 141 114 4632 3978 273 3705 654 158 496
is_linear=0
shrinkage=0.08


end of trees

feature_importances:
age=1037
facility_enc=403
acuity_enc=246
bleeding_enc=156
pregnant=34

parameters:
[boosting: gbdt]
[objective: binary]
[metric: binary_logloss]
[tree_learner: serial]
[device_type: cpu]
[data_sample_strategy: bagging]
[data: ]
[valid: ]
[num_iterations: 150]
[learning_rate: 0.08]
[num_leaves: 31]
[num_threads: 16]
[seed: 0]
[deterministic: 0]
[force_col_wise: 0]
[force_row_wise: 0]
[histogram_pool_size: -1]
[max_depth: 4]
[min_data_in_leaf: 20]
[min_sum_hessian_in_leaf: 0.001]
[bagging_fraction: 1]
[pos_bagging_fraction: 1]
[neg_bagging_fraction: 1]
[bagging_freq: 0]
[bagging_seed: 3]
[bagging_by_query: 0]
[feature_fraction: 1]
[feature_fraction_bynode: 1]
[feature_fraction_seed: 2]
[extra_trees: 0]
[extra_seed: 6]
[early_stopping_round: 0]
[early_stopping_min_delta: 0]
[first_metric_only: 0]
[max_delta_step: 0]
[lambda_l1: 0]
[lambda_l2: 0]
[linear_lambda: 0]
[min_gain_to_split: 0]
[drop_rate: 0.1]
[max_drop: 50]
[skip_drop: 0.5]
[xgboost_dart_mode: 0]
[uniform_drop: 0]
[drop_seed: 4]
[top_rate: 0.2]
[other_rate: 0.1]
[min_data_per_group: 100]
[max_cat_threshold: 32]
[cat_l2: 10]
[cat_smooth: 10]
[max_cat_to_onehot: 4]
[top_k: 20]
[monotone_constraints: ]
[monotone_constraints_method: basic]
[monotone_penalty: 0]
[feature_contri: ]
[forcedsplits_filename: ]
[refit_decay_rate: 0.9]
[cegb_tradeoff: 1]
[cegb_penalty_split: 0]
[cegb_penalty_feature_lazy: ]
[cegb_penalty_feature_coupled: ]
[path_smooth: 0]
[interaction_constraints: ]
[verbosity: -1]
[saved_feature_importance_type: 0]
[use_quantized_grad: 0]
[num_grad_quant_bins: 4]
[quant_train_renew_leaf: 0]
[stochastic_rounding: 1]
[linear_tree: 0]
[max_bin: 255]
[max_bin_by_feature: ]
[min_data_in_bin: 3]
[bin_construct_sample_cnt: 200000]
[data_random_seed: 1]
[is_enable_sparse: 1]
[enable_bundle: 1]
[use_missing: 1]
[zero_as_missing: 0]
[feature_pre_filter: 1]
[pre_partition: 0]
[two_round: 0]
[header: 0]
[label_column: ]
[weight_column: ]
[group_column: ]
[ignore_column: ]
[categorical_feature: ]
[forcedbins_filename: ]
[precise_float_parser: 0]
[parser_config_file: ]
[objective_seed: 5]
[num_class: 1]
[is_unbalance: 0]
[scale_pos_weight: 1]
[sigmoid: 1]
[boost_from_average: 1]
[reg_sqrt: 0]
[alpha: 0.9]
[fair_c: 1]
[poisson_max_delta_step: 0.7]
[tweedie_variance_power: 1.5]
[lambdarank_truncation_level: 30]
[lambdarank_norm: 1]
[label_gain: ]
[lambdarank_position_bias_regularization: 0]
[eval_at: ]
[multi_error_top_k: 1]
[auc_mu_weights: ]
[num_machines: 1]
[local_listen_port: 12400]
[time_out: 120]
[machine_list_filename: ]
[machines: ]
[gpu_platform_id: -1]
[gpu_device_id: -1]
[gpu_use_dp: 0]
[num_gpu: 1]

end of parameters

pandas_categorical:[]
