tree
version=v4
num_class=1
num_tree_per_iteration=1
label_index=0
max_feature_idx=4
objective=binary sigmoid:1
feature_names=facility_enc acuity_enc bleeding_enc pregnant age
feature_infos=[0:8] [0:2] [0:2] [0:1] [0:90]
tree_sizes=1774 1817 1826 1823 1823 1828 1826 1834 1824 1825 1830 1823 1828 1841 1830 1833 1823 1832 1723 1844 1824 1848 1506 1839 1626 1834 1200 1515 1518 1103 1003 1103 1098 1096 1096 1104 1095 1104 1197 1412 1402 1204 1418 1405 1724 1303 1725 1301 1416 1308 1728 1403 1307 1619 1843 1628 1838 1513 1623 1614 1509 1511 1508 1726 1311 1635 1844 1619 1302 1089 1090 1631 1219 1631 1418 1632 998 1736 1423 1514 1848 1312 1100 1631 1103 1626 1854 1210 1000 1098 1622 1420 1106 1846 1857 1420 1098 1107 1740 1325 999 1751 1632 1856 1005 1419 1005 1622 1619 1739 997 900 1102 1640 791 1098 1837 898 1753 1847 685 994 793 1414 1634 1418 1004 994 1003 1418 1003 794 1752 1630 1005 1000 1647 1744 997 1003 1006 795 1527 1621 1213 1747 1740 1001 901 1743

Tree=0
num_leaves=16
num_cat=0
split_feature=0 0 1 1 4 0 4 4 4 4 2 1 4 0 4
split_gain=215.759 593.82 240.901 246.673 15.6488 2.31212 2.98379 2.88654 4.71057 2.73687 2.2493 2.16491 1.57395 0.841919 0.425682
threshold=5.5000000000000009 6.5000000000000009 1.0000000180025095e-35 1.5000000000000002 44.500000000000007 4.5000000000000009 35.500000000000007 48.500000000000007 70.500000000000014 38.500000000000007 1.0000000180025095e-35 1.0000000180025095e-35 6.5000000000000009 2.5000000000000004 56.500000000000007
decision_type=2 2 2 2 2 2 2 2 2 2 2 2 2 2 2
left_child=5 2 4 -4 -2 6 13 10 -9 -8 -7 14 -13 -1 -3
right_child=1 11 3 -5 -6 7 9 8 -10 -11 -12 12 -14 -15 -16
leaf_value=-2.5054377319673469 -1.8706074206583687 -2.5115037127055726 -2.5023200096602216 -2.0291416847124726 -1.6742298307964276 -2.4274670993693674 -2.4566824077030893 -2.5406015507755795 -2.390955526415544 -2.4967053836299691 -2.4796346519622317 -2.5406015507755795 -2.4833599021132708 -2.5210825041199225 -2.5406015507755795
leaf_weight=54.601578943431377 6.9254339113831502 19.245416343212131 12.538680344820024 16.110746257007122 4.1552603468298912 7.0712325200438526 12.392881736159323 8.3834199979901296 1.6037846952676762 92.946613021194935 20.994999647140503 3.2804686948657027 48.915433205664158 36.887047991156578 3.8636631295084944
leaf_count=749 95 264 172 221 57 97 170 115 22 1275 288 45 671 506 53
internal_value=-2.45372 -2.36396 -2.11372 -2.23623 -1.79697 -2.49769 -2.50118 -2.47963 -2.51657 -2.492 -2.46649 -2.49598 -2.48696 -2.51175 -2.51637
internal_weight=349.917 115.035 39.7301 28.6494 11.0807 234.882 196.828 38.0534 9.9872 105.339 28.0662 75.305 52.1959 91.4886 23.1091
internal_count=4800 1578 545 393 152 3222 2700 522 137 1445 385 1033 716 1255 317
is_linear=0
shrinkage=1


Tree=1
num_leaves=16
num_cat=0
split_feature=0 0 1 1 0 4 4 4 4 1 2 4 4 0 4
split_gain=167.428 344.99 67.1416 125.246 2.16329 2.86678 2.68055 4.31248 2.4952 2.07046 1.9245 1.76317 1.52231 0.833051 0.432531
threshold=5.5000000000000009 6.5000000000000009 1.0000000180025095e-35 1.5000000000000002 4.5000000000000009 35.500000000000007 48.500000000000007 70.500000000000014 38.500000000000007 1.0000000180025095e-35 1.0000000180025095e-35 46.500000000000007 6.5000000000000009 2.5000000000000004 56.500000000000007
decision_type=2 2 2 2 2 2 2 2 2 2 2 2 2 2 2
left_child=4 2 11 -4 5 13 10 -8 -7 14 -6 -2 -11 -1 -3
right_child=1 9 3 -5 6 8 7 -9 -10 12 -12 -13 -14 -15 -16
leaf_value=-0.04979597662280414 0.33230525962054808 -0.055936495357928939 -0.046665020613990298 0.27260349648437571 0.023606474547729808 -0.0027290738971688911 -0.086305519522204194 0.054663563184435104 -0.041069178149556233 -0.086305519522204194 -0.024387787642837368 0.38396439590708759 -0.027985833346441939 -0.065765476293044717 -0.086305519522204194
leaf_weight=52.265928387641907 12.05092564225197 18.327486455440525 12.034128218889235 22.692263022065163 7.2288757264614132 12.36205145716667 7.78809856623411 1.6902963817119596 89.632326364517212 3.0475168302655211 20.54109263420105 6.514105722308158 47.707357794046402 34.84265199303627 3.5892976000905028
leaf_count=749 103 264 172 221 97 170 115 22 1275 45 288 49 671 506 53
internal_value=-0.000913708 0.0730142 0.22762 0.161964 -0.0420541 -0.0455251 -0.0244323 -0.0611663 -0.0364222 -0.040361 -0.0118943 0.350431 -0.0314876 -0.0561836 -0.06091
internal_weight=352.314 125.963 53.2914 34.7264 226.351 189.103 37.2484 9.47839 101.994 72.6717 27.77 18.565 50.7549 87.1086 21.9168
internal_count=4800 1578 545 393 3222 2700 522 137 1445 1033 385 152 716 1255 317
is_linear=0
shrinkage=0.08


Tree=2
num_leaves=16
num_cat=0
split_feature=0 0 1 1 0 4 4 4 4 1 2 4 4 0 4
split_gain=136.615 238.02 34.3254 78.3891 2.01577 2.74499 2.48462 4.77553 2.26806 1.97377 1.64715 1.47026 1.42763 0.822329 0.439326
threshold=5.5000000000000009 6.5000000000000009 1.0000000180025095e-35 1.5000000000000002 4.5000000000000009 35.500000000000007 48.500000000000007 71.500000000000014 38.500000000000007 1.0000000180025095e-35 1.0000000180025095e-35 6.5000000000000009 20.500000000000004 2.5000000000000004 56.500000000000007
decision_type=2 2 2 2 2 2 2 2 2 2 2 2 2 2 2
left_child=4 2 12 -4 5 13 10 -8 -7 14 -6 -11 -2 -1 -3
right_child=1 9 3 -5 6 8 7 -9 -10 11 -12 -13 -14 -15 -16
leaf_value=-0.047885747498130654 0.29861430936834132 -0.054088814177950896 -0.044748859991751058 0.20316394944302738 0.021275136535507215 -0.0025167778629698418 -0.085847100377745789 0.069395681712818666 -0.039185680745814973 -0.085784143021046019 -0.022925539879067088 -0.026392198204815732 0.24408969569815259 -0.064160044062993832 -0.085784143021046019
leaf_weight=50.093691170215607 3.6382567137479809 17.472853124141697 11.565145403146742 27.746418684720993 7.3729587942361858 12.333666980266569 7.472403481602667 1.5273927077651022 86.55494749546051 2.8296141698956481 20.121073722839355 46.588620580732822 19.793742060661316 32.936105817556381 3.3326566889882079
leaf_count=749 25 264 172 221 97 170 118 19 1275 45 288 671 127 506 53
internal_value=-0.00125359 0.0626781 0.175913 0.13023 -0.0401746 -0.0436169 -0.0230153 -0.0595002 -0.0346122 -0.0384953 -0.0110724 -0.0297929 0.252556 -0.0543414 -0.0591658
internal_weight=351.38 132.967 62.7436 39.3116 218.412 181.918 36.4938 8.9998 98.8886 70.2237 27.494 49.4182 23.432 83.0298 20.8055
internal_count=4800 1578 545 393 3222 2700 522 137 1445 1033 385 716 152 1255 317
is_linear=0
shrinkage=0.08


Tree=3
num_leaves=16
num_cat=0
split_feature=0 0 1 1 1 0 4 4 4 4 4 2 4 0 4
split_gain=113.573 175.721 21.3754 53.9698 1.87519 1.87001 2.61889 2.29974 4.3387 2.05538 1.41774 1.40995 1.38676 0.809508 0.445853
threshold=5.5000000000000009 6.5000000000000009 1.0000000180025095e-35 1.5000000000000002 1.0000000180025095e-35 4.5000000000000009 35.500000000000007 48.500000000000007 71.500000000000014 38.500000000000007 6.5000000000000009 1.0000000180025095e-35 44.500000000000007 2.5000000000000004 56.500000000000007
decision_type=2 2 2 2 2 2 2 2 2 2 2 2 2 2 2
left_child=5 2 12 -4 14 6 13 11 -9 -8 -6 -7 -2 -1 -3
right_child=1 4 3 -5 10 7 9 8 -10 -11 -12 -13 -14 -15 -16
leaf_value=-0.04598572213036891 0.18465191287969293 -0.052237744687199196 -0.042850743011250171 0.16179573832999741 -0.085308635024160417 0.019214545730359179 -0.0023205622583774756 -0.085366275321275997 0.06016877527297753 -0.037334493346562352 -0.024856855624798377 -0.02152484970838681 0.2215437624485127 -0.062539679480073329 -0.085308635024160417
leaf_weight=48.074934028089046 16.17222182452679 16.677792906761173 11.1295328438282 31.849303245544434 2.6260298117995253 7.504726946353915 12.307537049055098 6.935168154537676 1.6166031956672666 83.699381723999977 45.553087376058102 19.732578277587891 10.927245214581488 31.159758262336254 3.0928795561194411
leaf_count=749 95 264 172 221 45 97 170 118 19 1275 671 288 57 506 53
internal_value=-0.00142194 0.0550024 0.143886 0.108802 -0.0366651 -0.0383272 -0.0417305 -0.0216631 -0.0578547 -0.0328459 -0.0281518 -0.0102999 0.199528 -0.0524957 -0.0574113
internal_weight=349.059 138.028 70.0783 42.9788 67.9498 211.031 175.242 35.7891 8.55177 96.0069 48.1791 27.2373 27.0995 79.2347 19.7707
internal_count=4800 1578 545 393 1033 3222 2700 522 137 1445 716 385 152 1255 317
is_linear=0
shrinkage=0.08


Tree=4
num_leaves=16
num_cat=0
split_feature=0 0 1 1 1 0 4 4 4 4 4 2 4 0 4
split_gain=95.4538 135.005 14.9232 39.2822 1.7752 1.7278 2.48913 2.12433 3.9695 1.85705 1.36478 1.20688 1.10695 0.794414 0.45192
threshold=5.5000000000000009 6.5000000000000009 1.0000000180025095e-35 1.5000000000000002 1.0000000180025095e-35 4.5000000000000009 35.500000000000007 48.500000000000007 71.500000000000014 38.500000000000007 6.5000000000000009 1.0000000180025095e-35 26.500000000000004 2.5000000000000004 56.500000000000007
decision_type=2 2 2 2 2 2 2 2 2 2 2 2 2 2 2
left_child=5 2 12 -4 14 6 13 11 -9 -8 -6 -7 -2 -1 -3
right_child=1 4 3 -5 10 7 9 8 -10 -11 -12 -13 -14 -15 -16
leaf_value=-0.044098787348606956 0.13973486797957005 -0.050384743139278675 -0.040973930459852322 0.13387811314454995 -0.084874546268704165 0.017385741747894718 -0.0021392853654312611 -0.084927345481593822 0.052618267931474519 -0.035518986535886213 -0.023381041357050651 -0.02018603400592819 0.17483266177296858 -0.060902367053847953 -0.084874546268704165
leaf_weight=46.200078058987856 7.7725905776023891 15.93870332837105 10.725177347660063 35.247913330793381 2.4360246397554866 7.6252974867820766 12.283484339714049 6.4337074384093267 1.6970354840159414 81.051189824938774 44.594998940825462 19.373376846313477 22.112430155277252 29.506108924746513 2.8690956868231288
leaf_count=749 41 264 172 221 45 97 170 118 19 1275 671 288 111 506 53
internal_value=-0.0015022 0.0489463 0.121695 0.0930864 -0.0348733 -0.0365141 -0.039869 -0.0203705 -0.056219 -0.031126 -0.0265662 -0.00957455 0.165704 -0.0506479 -0.0556461
internal_weight=345.867 141.697 75.8581 45.9731 65.8388 204.17 169.041 35.1294 8.13074 93.3347 47.031 26.9987 29.885 75.7062 18.8078
internal_count=4800 1578 545 393 1033 3222 2700 522 137 1445 716 385 152 1255 317
is_linear=0
shrinkage=0.08


Tree=5
num_leaves=16
num_cat=0
split_feature=0 0 1 1 1 0 4 4 4 0 4 4 4 2 4
split_gain=80.7668 106.385 11.1336 29.6487 1.67437 1.59006 2.38488 1.95814 3.65198 1.35418 1.31147 1.17953 1.04515 1.0329 0.457347
threshold=5.5000000000000009 6.5000000000000009 1.0000000180025095e-35 1.5000000000000002 1.0000000180025095e-35 4.5000000000000009 32.500000000000007 48.500000000000007 71.500000000000014 2.5000000000000004 6.5000000000000009 80.500000000000014 44.500000000000007 1.0000000180025095e-35 56.500000000000007
decision_type=2 2 2 2 2 2 2 2 2 2 2 2 2 2 2
left_child=5 2 12 -4 14 6 9 13 -9 -1 -6 -8 -2 -7 -3
right_child=1 4 3 -5 10 7 11 8 -10 -11 -12 -13 -14 -15 -16
leaf_value=-0.041026817609874415 0.12993417055842174 -0.048531924020698329 -0.039121922752580821 0.11356962948814983 -0.084477892289984965 0.015756762626791307 -0.02892809387431328 -0.084526296738713022 0.046334821951050438 -0.065072689131847938 -0.021965638751315627 -0.085653148653426034 0.15942728228298081 -0.018909050823440934 -0.084477892289984965
leaf_weight=39.651881098747253 19.226509124040604 15.252113699913027 10.350061193108557 38.092736318707466 2.2588630579411975 7.7356735318899181 97.131014868617058 5.9660928510129443 1.7697112187743185 24.098792552947998 43.708910994231701 2.4041326716542235 12.815565913915632 19.041383743286133 2.6604387126862994
leaf_count=668 95 264 172 221 45 97 1557 118 19 436 671 39 57 288 53
internal_value=-0.00153273 0.0439629 0.105145 0.0809463 -0.0331226 -0.0347381 -0.0380358 -0.0191366 -0.0545893 -0.0501165 -0.0250375 -0.0302982 0.14173 -0.00889438 -0.0538708
internal_weight=342.164 144.365 80.4849 48.4428 63.8803 197.799 163.286 34.5129 7.7358 63.7507 45.9678 99.5351 32.0421 26.7771 17.9126
internal_count=4800 1578 545 393 1033 3222 2700 522 137 1104 716 1596 152 385 317
is_linear=0
shrinkage=0.08


Tree=6
num_leaves=16
num_cat=0
split_feature=0 0 1 1 1 0 4 4 4 0 4 4 4 4 4
split_gain=68.6583 85.3624 8.718 22.9518 1.57332 1.45726 2.25441 1.80097 3.37497 1.32597 1.25794 1.14048 0.911814 0.907926 0.548664
threshold=5.5000000000000009 6.5000000000000009 1.0000000180025095e-35 1.5000000000000002 1.0000000180025095e-35 4.5000000000000009 32.500000000000007 48.500000000000007 71.500000000000014 2.5000000000000004 6.5000000000000009 80.500000000000014 44.500000000000007 43.500000000000007 6.5000000000000009
decision_type=2 2 2 2 2 2 2 2 2 2 2 2 2 2 2
left_child=5 2 12 -4 14 6 9 13 -9 -1 -6 -8 -2 -7 -3
right_child=1 4 3 -5 10 7 11 8 -10 -11 -12 -13 -14 -15 -16
leaf_value=-0.039185640076738693 0.11307197711840869 0.011341860204966176 -0.03729836363353712 0.09802973320354666 -0.084115149226312663 -0.013944459204004262 -0.027319711864321552 -0.08415955180399888 0.041034037948912638 -0.063576040610917164 -0.020611186325188421 -0.085189101886762958 0.13996463477987953 0.030194916675379071 -0.055327526255997531
leaf_weight=38.252658203244209 20.277288213372231 0.83038045093417423 10.002263411879538 40.48945289850235 2.0938200317323199 23.147800102829937 94.723717469722033 5.5304214917123309 1.8354983106255529 22.748555138707161 42.889729209244251 2.2308910824358454 13.402121663093565 3.4235982671380034 16.250370189547539
leaf_count=668 95 15 172 221 45 336 1557 118 19 436 671 39 57 49 302
internal_value=-0.00153109 0.0397641 0.0922492 0.0712216 -0.0314159 -0.0330008 -0.0362322 -0.0179604 -0.0529628 -0.0482813 -0.0235671 -0.0286513 0.123773 -0.00825731 -0.0520864
internal_weight=338.129 146.235 84.1711 50.4917 62.0643 191.893 157.956 33.9373 7.36592 61.0012 44.9835 96.9546 33.6794 26.5714 17.0808
internal_count=4800 1578 545 393 1033 3222 2700 522 137 1104 716 1596 152 385 317
is_linear=0
shrinkage=0.08


Tree=7
num_leaves=16
num_cat=0
split_feature=0 0 1 1 1 0 4 4 4 4 4 2 4 0 4
split_gain=58.547 69.3869 7.04929 18.0987 1.47246 1.33109 2.13658 1.73961 1.65285 3.13036 1.20438 0.882857 0.876408 0.712404 0.507654
threshold=5.5000000000000009 6.5000000000000009 1.0000000180025095e-35 1.5000000000000002 1.0000000180025095e-35 4.5000000000000009 35.500000000000007 38.500000000000007 48.500000000000007 71.500000000000014 6.5000000000000009 1.0000000180025095e-35 56.500000000000007 2.5000000000000004 6.5000000000000009
decision_type=2 2 2 2 2 2 2 2 2 2 2 2 2 2 2
left_child=5 2 12 -4 14 6 13 -8 11 -10 -6 -7 -2 -1 -3
right_child=1 4 3 -5 10 8 7 -9 9 -11 -12 -13 -14 -15 -16
leaf_value=-0.038780341635065031 0.11474719171122527 0.010326169736436941 -0.035506938150015682 0.085697271130256492 -0.083783153928927961 0.014946917560601927 0.0025408489615330581 -0.030648849527021262 -0.083823913734217798 0.036511730316528233 -0.019317873388829971 -0.017131730448208104 0.078098344601371036 -0.05583587367685957 -0.053577787725090788
leaf_weight=41.532480135560036 30.067677989602089 0.83872631192207592 9.6799591481685621 42.517694890499115 1.9401869550347317 7.7914803102612522 11.690559089183806 74.617234513163567 5.1248329542577258 1.895142503082752 42.132659219205379 18.595500409603119 4.8496055603027335 25.174346178770065 15.471009168773888
leaf_count=749 132 15 172 221 45 97 170 1275 118 19 671 288 20 506 302
internal_value=-0.00150888 0.0361509 0.081833 0.0632202 -0.0297554 -0.0313054 -0.0344641 -0.0261532 -0.0168379 -0.0513376 -0.0221558 -0.00765963 0.109657 -0.0452169 -0.0502915
internal_weight=333.919 147.498 87.1149 52.1977 60.3826 186.422 153.015 86.3078 33.407 7.01998 44.0728 26.387 34.9173 66.7068 16.3097
internal_count=4800 1578 545 393 1033 3222 2700 1445 522 137 716 385 152 1255 317
is_linear=0
shrinkage=0.08


Tree=8
num_leaves=16
num_cat=0
split_feature=0 0 1 1 1 0 4 4 4 0 4 4 4 4 4
split_gain=50.0205 56.908 5.79265 14.4716 1.37277 1.21078 2.01139 1.51312 2.91214 1.28469 1.15097 1.12535 1.01743 0.76058 0.504793
threshold=5.5000000000000009 6.5000000000000009 1.0000000180025095e-35 1.5000000000000002 1.0000000180025095e-35 4.5000000000000009 32.500000000000007 48.500000000000007 71.500000000000014 2.5000000000000004 6.5000000000000009 80.500000000000014 44.500000000000007 43.500000000000007 56.500000000000007
decision_type=2 2 2 2 2 2 2 2 2 2 2 2 2 2 2
left_child=5 2 12 -4 14 6 9 13 -9 -1 -6 -8 -2 -7 -3
right_child=1 4 3 -5 10 7 11 8 -10 -11 -12 -13 -14 -15 -16
leaf_value=-0.035519189706137141 0.087241526732362171 -0.042606488097958507 -0.033751289948036625 0.075638100197639779 -0.083479105034328802 -0.012448344179648194 -0.02415201756301627 -0.083516525906510528 0.032617240652169741 -0.060668139232641534 -0.018085532053582591 -0.084621506757781018 0.11485000507620841 0.027643567318976898 -0.08369052592302785
leaf_weight=35.709477141499519 21.871941566467285 13.35980252176523 9.3814241439104062 44.239910423755646 1.7972763441503037 22.716471731662754 90.265992384403944 4.7475211694836608 1.9492911547422407 20.441365659236908 41.433226615190506 2.0136180035769931 14.017994239926336 3.4942073449492446 2.2340946309268466
leaf_count=668 95 264 172 221 45 336 1557 118 19 436 671 39 57 49 53
internal_value=-0.00147414 0.0329801 0.0731494 0.0564997 -0.0281442 -0.029658 -0.032736 -0.0157747 -0.0497126 -0.0446745 -0.0208042 -0.0254715 0.0980249 -0.0071036 -0.0484925
internal_weight=329.674 148.336 89.5113 53.6213 58.8244 181.338 148.43 32.9075 6.69681 56.1508 43.2305 92.2796 35.8899 26.2107 15.5939
internal_count=4800 1578 545 393 1033 3222 2700 522 137 1104 716 1596 152 385 317
is_linear=0
shrinkage=0.08


Tree=9
num_leaves=16
num_cat=0
split_feature=0 0 1 1 1 4 0 4 4 4 4 4 4 0 0
split_gain=42.8088 47.0544 4.87311 11.6959 1.27505 1.09791 1.0976 1.8843 1.57209 1.38209 2.76726 2.13594 0.919295 0.650929 0.514808
threshold=5.5000000000000009 6.5000000000000009 1.0000000180025095e-35 1.5000000000000002 1.0000000180025095e-35 6.5000000000000009 4.5000000000000009 35.500000000000007 38.500000000000007 48.500000000000007 79.500000000000014 46.500000000000007 44.500000000000007 2.5000000000000004 7.5000000000000009
decision_type=2 2 2 2 2 2 2 2 2 2 2 2 2 2 2
left_child=6 2 12 -4 14 -6 7 13 -9 11 -11 -8 -2 -1 -3
right_child=1 4 3 -5 5 -7 9 8 -10 10 -12 -13 -14 -15 -16
leaf_value=-0.035336617037327926 0.078376351167939728 -0.032319502008073514 -0.032034946254878342 0.067256910356148641 -0.083200463787453854 -0.016913697434276218 -0.011919269617665373 0.004333053516352694 -0.027578472120990512 -0.07002277236528634 0.078162152550102712 0.091743228893152062 0.10441324800714458 -0.052363337453461105 -0.06204706201162611
leaf_weight=38.929396223276854 22.375303491950035 7.7103376835584623 9.1050283312797529 45.706224635243416 1.6644256934523571 40.787234451621771 24.711815118789676 11.477049812674521 71.006971959024668 5.4485897198319426 0.9466622695326804 1.3411521166563023 14.177946925163267 22.777647465467453 7.2189091667532921
leaf_count=749 95 164 172 221 45 671 367 170 1275 128 9 18 57 506 153
internal_value=-0.00142885 0.0301925 0.065851 0.0507629 -0.0265846 -0.0195126 -0.0280567 -0.0310482 -0.0231382 -0.0147631 -0.0480876 -0.00658294 0.0884753 -0.0416216 -0.046694
internal_weight=325.385 148.745 91.3645 54.8113 57.3809 42.4517 176.639 144.191 82.484 32.4482 6.39525 26.053 36.5533 61.707 14.9292
internal_count=4800 1578 545 393 1033 716 3222 2700 1445 522 137 385 152 1255 317
is_linear=0
shrinkage=0.08


Tree=10
num_leaves=16
num_cat=0
split_feature=0 0 1 1 1 4 0 4 4 4 4 0 4 4 4
split_gain=36.6733 39.1299 4.14923 9.53236 1.17937 1.04541 0.991133 1.76653 1.2559 2.64173 1.69265 1.22918 1.10286 0.841075 0.529356
threshold=5.5000000000000009 6.5000000000000009 1.0000000180025095e-35 1.5000000000000002 1.0000000180025095e-35 6.5000000000000009 4.5000000000000009 32.500000000000007 48.500000000000007 71.500000000000014 46.500000000000007 2.5000000000000004 80.500000000000014 44.500000000000007 56.500000000000007
decision_type=2 2 2 2 2 2 2 2 2 2 2 2 2 2 2
left_child=6 2 13 -4 14 -6 7 11 10 -10 -8 -1 -9 -2 -3
right_child=1 4 3 -5 5 -7 8 12 9 -11 -12 -13 -14 -15 -16
leaf_value=-0.031980881926222234 0.070807962718400383 -0.038721067650859524 -0.030361244884651282 0.060155311354731095 -0.082944966166682163 -0.015801594532928943 -0.011082714844899554 -0.02122007697555315 -0.083016137451162653 0.029023336595228013 0.07796472816110353 -0.057691028320543042 -0.084131013872134966 0.095593824350933582 -0.083243356286702361
leaf_weight=33.526226863265038 22.767747968435287 12.330309398472307 8.8492371141910535 46.957525357604027 1.5409991517662991 40.190770745277405 24.461739480495456 86.462484240531921 4.1210337504744521 2.0007807388901711 1.4469840526580799 18.450630739331245 1.820952359586953 14.243682801723478 1.9841457121074189
leaf_count=668 95 264 172 221 45 671 367 1557 118 19 18 436 39 57 53
internal_value=-0.00137813 0.0277051 0.0595769 0.0458022 -0.0250776 -0.0182809 -0.026507 -0.0294066 -0.0138097 -0.0463985 -0.00610948 -0.0411074 -0.0225177 0.0803467 -0.0448924
internal_weight=321.155 148.864 92.8182 55.8068 56.0462 41.7318 172.291 140.26 32.0305 6.12181 25.9087 51.9769 88.2834 37.0114 14.3145
internal_count=4800 1578 545 393 1033 716 3222 2700 522 137 385 1104 1596 152 317
is_linear=0
shrinkage=0.08


Tree=11
num_leaves=16
num_cat=0
split_feature=0 0 1 1 1 4 0 4 4 4 4 4 4 4 4
split_gain=31.4359 32.6858 3.56383 7.8211 1.08699 0.99367 0.891037 1.64507 6.98653 1.66746 1.17204 2.3521 0.999749 0.77528 0.52705
threshold=5.5000000000000009 6.5000000000000009 1.0000000180025095e-35 1.5000000000000002 1.0000000180025095e-35 6.5000000000000009 4.5000000000000009 45.500000000000007 47.500000000000007 44.500000000000007 25.500000000000004 18.500000000000004 78.500000000000014 44.500000000000007 56.500000000000007
decision_type=2 2 2 2 2 2 2 2 2 2 2 2 2 2 2
left_child=6 2 13 -4 14 -6 7 9 -9 -1 11 -8 -12 -2 -3
right_child=1 4 3 -5 5 -7 10 8 -10 -11 12 -13 -14 -15 -16
leaf_value=-0.031760461088573673 0.064252329236815453 -0.036947047412949477 -0.028733289550549861 0.054055912877603696 -0.082710548113799173 -0.014748191133153087 -0.021080518838938984 0.081088747401578676 -0.025546772466098037 -0.08481803460266317 -0.02742635686563424 0.058534370552338177 0.049940518617531869 0.08799292354470746 -0.082984306321630383
leaf_weight=86.453873507678509 23.069781437516212 11.906424771994351 8.6126049607992154 48.027498289942741 1.4263893663883198 39.640178479254246 6.1394293978810328 4.339786358177661 41.870572529733181 3.9647430926561347 20.492491498589519 3.8731610998511314 1.1277872622013081 14.236002147197722 1.8370826430618752
leaf_count=1756 95 264 172 221 45 671 93 81 789 74 359 60 10 57 53
internal_value=-0.00132348 0.0254692 0.0541126 0.0414671 -0.0236262 -0.0171088 -0.0250102 -0.0278114 -0.0155322 -0.034087 -0.0129113 0.00971684 -0.0233906 0.0733118 -0.0431008
internal_weight=317.018 148.756 93.9459 56.6401 54.8101 41.0666 168.262 136.629 46.2104 90.4186 31.6329 10.0126 21.6203 37.3058 13.7435
internal_count=4800 1578 545 393 1033 716 3222 2700 870 1830 522 153 369 152 317
is_linear=0
shrinkage=0.08


Tree=12
num_leaves=16
num_cat=0
split_feature=0 0 4 4 4 4 4 0 4 4 4 4 2 4 1
split_gain=26.9585 27.3993 3.14644 4.77145 1.05234 3.53519 0.890769 1.56714 1.38001 1.78557 1.27174 1.22754 0.703089 0.292563 7.32719e-05
threshold=5.5000000000000009 6.5000000000000009 63.500000000000007 54.500000000000007 4.5000000000000009 10.500000000000002 35.500000000000007 4.5000000000000009 39.500000000000007 37.500000000000007 46.500000000000007 25.500000000000004 1.0000000180025095e-35 68.500000000000014 1.5000000000000002
decision_type=2 2 2 2 2 2 2 2 2 2 2 2 2 2 2
left_child=6 2 3 -2 14 -6 7 12 9 -8 -10 -9 -1 -4 -3
right_child=1 4 13 -5 5 -7 8 11 10 -11 -12 -13 -14 -15 -16
leaf_value=-0.019903693343431166 0.046911756120927017 -0.083542831478540705 0.014857808054815364 0.10566218373592343 0.088500475437159415 -0.024180216010562278 -0.021827331232471828 0.0088057341521235177 -0.037535707423548781 0.031345416460164491 -0.015578987479599163 -0.035995614618064158 -0.041448847651317691 -0.016280919763342647 -0.082495380174404595
leaf_weight=12.490636903792618 77.038061484694481 1.0245583243668068 4.200027495622634 9.995108559727667 1.8477139696478833 50.061074022203684 8.7275847271084803 10.101596638560297 25.297068938612938 7.528224065899848 50.757289364933968 6.3901215791702262 43.290995363146067 3.574563279747963 0.7333434186875819
leaf_count=281 442 27 19 59 37 944 135 153 466 126 988 99 974 25 25
internal_value=-0.00127007 0.0234468 0.0493029 0.0536588 -0.0222308 -0.0201693 -0.0235677 -0.0302191 -0.01836 0.00279749 -0.0228822 -0.00855365 -0.0366245 0.000540996 -0.0831059
internal_weight=313.058 148.474 94.8078 87.0332 53.6667 51.9088 164.584 72.2734 92.3102 16.2558 76.0544 16.4917 55.7816 7.77459 1.7579
internal_count=4800 1578 545 501 1033 981 3222 1507 1715 261 1454 252 1255 44 52
is_linear=0
shrinkage=0.08


Tree=13
num_leaves=16
num_cat=0
split_feature=0 0 1 1 1 4 4 0 4 4 4 2 4 2 4
split_gain=23.0582 22.8868 3.23398 6.36699 1.01947 0.923399 0.808428 1.42443 1.25987 2.67468 1.07372 0.948535 0.774918 0.653088 0.573025
threshold=5.5000000000000009 6.5000000000000009 1.0000000180025095e-35 1.5000000000000002 1.0000000180025095e-35 6.5000000000000009 35.500000000000007 4.5000000000000009 38.500000000000007 37.500000000000007 25.500000000000004 1.5000000000000002 56.500000000000007 1.0000000180025095e-35 6.5000000000000009
decision_type=2 2 2 2 2 2 2 2 2 2 2 2 2 2 2
left_child=6 2 12 -4 14 -6 7 13 9 -8 -9 -10 -2 -1 -3
right_child=1 4 3 -5 5 -7 8 10 11 -11 -12 -13 -14 -15 -16
leaf_value=-0.018659426688093873 0.067552586972429052 0.029962837054225588 -0.029849727817384774 0.044069472156304981 -0.082351862932154213 -0.01233626054544593 -0.020479212391094213 0.0080378587907042835 -0.02469280062079653 0.05562028964542079 -0.034204403991968307 0.00039645297246590413 0.033593024386159263 -0.039658912918980389 -0.044407286834864938
leaf_weight=12.26722379028797 32.583843514323235 0.70100576803088088 8.7731714472174627 49.733020648360252 1.2445779796689738 38.428796853870153 8.5648938417434675 10.177948862314226 66.474115889519453 4.5136225372552863 6.1950262784957877 11.280590962618588 4.9542951583862296 41.692467249929905 12.251357797533272
leaf_count=281 132 15 172 221 45 671 135 153 1290 68 99 222 20 974 302
internal_value=-0.00121355 0.0215092 0.0447438 0.0329851 -0.0208948 -0.0145327 -0.0221745 -0.0286135 -0.0171888 0.00578404 -0.0079453 -0.0210529 0.0630706 -0.0348849 -0.0403822
internal_weight=309.836 148.67 96.0443 58.5062 52.6257 39.6734 161.166 70.3327 90.8332 13.0785 16.373 77.7547 37.5381 53.9597 12.9524
internal_count=4800 1578 545 393 1033 716 3222 1507 1715 203 252 1512 152 1255 317
is_linear=0
shrinkage=0.08


Tree=14
num_leaves=16
num_cat=0
split_feature=0 0 1 1 4 4 4 4 0 4 4 3 4 0 1
split_gain=19.7636 19.2724 2.77765 5.31071 1.00488 2.92614 0.845778 0.730644 1.29017 1.20514 3.7006 1.9952 0.958779 0.643956 8.25333e-05
threshold=5.5000000000000009 6.5000000000000009 1.0000000180025095e-35 1.5000000000000002 4.5000000000000009 10.500000000000002 44.500000000000007 35.500000000000007 4.5000000000000009 50.500000000000007 46.500000000000007 1.0000000180025095e-35 27.500000000000004 2.5000000000000004 1.5000000000000002
decision_type=2 2 2 2 2 2 2 2 2 2 2 2 2 2 2
left_child=7 2 6 -4 14 -6 -2 8 13 10 -9 -11 -10 -1 -3
right_child=1 4 3 -5 5 -7 -8 9 12 11 -12 -13 -14 -15 -16
leaf_value=-0.026513091448377258 0.048673318270491449 -0.083302544538566461 -0.028236530280793572 0.039977464744631951 0.078153507439323727 -0.021547108411119623 0.073488417832880903 -0.019681129292124518 0.005416124969279055 -0.031024077378182788 0.031461606208711891 0.058053159014607128 -0.036872606740347279 -0.045007807087912327 -0.082116136629443309
leaf_weight=33.43781341612339 23.591883167624474 0.93325320817530044 8.5422474294900876 50.407686531543732 1.9607498180121172 48.127386519685388 14.01068991422653 40.325765907764435 11.343006048351528 35.778155816718936 11.676877196878193 1.685076743364333 4.9192944876849642 18.835885383188725 0.62764976173639297
leaf_count=749 95 27 172 221 37 944 57 727 171 733 220 35 81 506 25
internal_value=-0.00115564 0.01983 0.0409299 0.0300928 -0.0196141 -0.0176442 0.0579194 -0.0208396 -0.0270552 -0.0160781 -0.00819734 -0.0270174 -0.00737608 -0.0331773 -0.0828255
internal_weight=306.203 148.202 96.5525 58.9499 51.649 50.0881 37.6026 158.002 68.536 89.4659 52.0026 37.4632 16.2623 52.2737 1.5609
internal_count=4800 1578 545 393 1033 981 152 3222 1507 1715 947 768 252 1255 52
is_linear=0
shrinkage=0.08


Tree=15
num_leaves=16
num_cat=0
split_feature=0 0 4 4 4 4 4 0 4 4 4 4 2 4 1
split_gain=16.9415 16.2744 2.51352 4.21967 0.957857 2.38623 0.65761 1.16473 1.14056 2.21839 0.918015 0.841394 0.62264 0.216281 6.45686e-05
threshold=5.5000000000000009 6.5000000000000009 63.500000000000007 44.500000000000007 4.5000000000000009 10.500000000000002 35.500000000000007 4.5000000000000009 38.500000000000007 37.500000000000007 46.500000000000007 27.500000000000004 1.0000000180025095e-35 68.500000000000014 1.5000000000000002
decision_type=2 2 2 2 2 2 2 2 2 2 2 2 2 2 2
left_child=6 2 3 -2 14 -6 7 12 9 -8 -10 -9 -1 -4 -3
right_child=1 4 13 -5 5 -7 8 11 10 -11 -12 -13 -14 -15 -16
leaf_value=-0.015322981657867619 0.030129870436025438 -0.083040208545690941 0.0062614639964973327 0.068383853564057767 0.06693250674968268 -0.020223895154499311 -0.017934581231381891 0.0049588311756520271 -0.030712443134498925 0.051106969264445849 -0.012248144006803645 -0.03507729244074613 -0.036362731737668262 -0.020421170279564648 -0.08194931018962763
leaf_weight=11.702461890876291 62.894211459904909 0.86411229148507007 4.2651751711964598 26.11834916472435 2.0998710095882407 47.213243275880814 8.2721366174519044 11.395621970295908 26.706560965627432 4.6543608084321013 48.581897616386414 4.763947829604148 39.009085699915886 3.5727934688329697 0.5805253516882658
leaf_count=281 356 27 19 145 37 944 135 171 524 68 988 81 974 25 25
internal_value=-0.00109993 0.0182998 0.0375301 0.0413545 -0.0183936 -0.0165126 -0.0195642 -0.0255475 -0.0150286 0.00692477 -0.0187979 -0.00684408 -0.0315075 -0.00590132 -0.0826018
internal_weight=302.694 147.608 96.8505 89.0126 50.7578 49.3131 155.086 66.8711 88.215 12.9265 75.2885 16.1596 50.7115 7.83797 1.44464
internal_count=4800 1578 545 501 1033 981 3222 1507 1715 203 1512 252 1255 44 52
is_linear=0
shrinkage=0.08


Tree=16
num_leaves=16
num_cat=0
split_feature=0 0 1 1 1 4 4 4 4 0 4 4 0 0 0
split_gain=14.4925 13.6919 2.4616 4.40388 0.962133 0.97674 0.741977 0.623653 2.0954 2.657 1.41872 1.96643 1.49607 0.736118 0.600075
threshold=5.5000000000000009 6.5000000000000009 1.0000000180025095e-35 1.5000000000000002 1.0000000180025095e-35 52.500000000000007 20.500000000000004 7.5000000000000009 4.5000000000000009 2.5000000000000004 19.500000000000004 21.500000000000004 1.0000000180025095e-35 3.5000000000000004 7.5000000000000009
decision_type=2 2 2 2 2 2 2 2 2 2 2 2 2 2 2
left_child=7 2 6 -4 14 -6 -2 8 13 -10 12 -12 -9 -1 -3
right_child=1 4 3 -5 5 -7 -8 10 9 -11 11 -13 -14 -15 -16
leaf_value=-0.041742157310056351 0.075562807237906385 -0.019833079559429583 -0.02871105254444533 0.033109458446757639 -0.018184317888651314 0.011895484111591564 0.045349320026726307 0.017483612834643125 -0.010730190079899343 0.17302621637389581 0.039368526102941045 -0.018448076551751413 -0.051072564318270466 0.01472953503357239 -0.05556501272879389
leaf_weight=3.8278048150241357 6.2436837702989569 6.2924245297908765 8.6081106178462488 51.47347554564476 28.785391066223383 9.0908340960741025 31.179341375827789 2.3716262020170715 1.0964200720191004 0.93141330778598774 3.8833762258291236 123.4138250425458 14.448065683245657 2.4057605154812336 5.7627053298056126
leaf_count=95 25 164 172 221 549 167 127 56 26 21 89 2559 327 49 153
internal_value=-0.00104296 0.0168382 0.0342842 0.0242522 -0.0172298 -0.0109647 0.0503902 -0.0183442 0.00303206 0.0736718 -0.0195695 -0.0166843 -0.0414059 -0.0199477 -0.036914
internal_weight=299.814 147.436 97.5046 60.0816 49.9314 37.8762 37.423 152.378 8.2614 2.02783 144.117 127.297 16.8197 6.23357 12.0551
internal_count=4800 1578 545 393 1033 716 152 3222 191 47 3031 2648 383 144 317
is_linear=0
shrinkage=0.08


Tree=17
num_leaves=16
num_cat=0
split_feature=0 0 1 1 4 4 4 4 4 4 3 0 4 0 1
split_gain=12.4143 11.5837 2.1197 3.70873 0.918678 2.03236 0.780065 0.606097 1.13917 3.15128 1.73435 1.0451 0.755656 0.651338 4.35742e-05
threshold=5.5000000000000009 6.5000000000000009 1.0000000180025095e-35 1.5000000000000002 4.5000000000000009 10.500000000000002 46.500000000000007 35.500000000000007 50.500000000000007 46.500000000000007 1.0000000180025095e-35 4.5000000000000009 31.500000000000004 2.5000000000000004 1.5000000000000002
decision_type=2 2 2 2 2 2 2 2 2 2 2 2 2 2 2
left_child=7 2 6 -4 14 -6 -2 11 9 -9 -10 13 -13 -1 -3
right_child=1 4 3 -5 5 -7 -8 8 10 -11 -12 12 -14 -15 -16
leaf_value=-0.021973728851720727 0.0386739269459511 -0.08270534667159489 -0.027132161858811982 0.03019576828042668 0.061174136827083711 -0.017914775779565142 0.063616715702949092 -0.016073999331962276 -0.027705771235300627 0.031379150316258146 0.054486946075105396 0.0017883231630393005 -0.048714346893486755 -0.041334794867946827 -0.081763582691724679
leaf_weight=31.13526938855648 25.655123621225357 0.77822575718164333 8.3895991779863817 51.905960634350777 2.1786286532878867 45.681372368708253 11.676920369267462 38.358809914439917 33.859386380761862 11.684767451137303 1.7268466502428044 13.653150130063294 2.2019740343093863 17.29943909868598 0.52759973332285881
leaf_count=749 103 27 172 221 37 944 49 727 733 220 35 212 40 506 25
internal_value=-0.000990395 0.0155467 0.0314946 0.0222191 -0.0161209 -0.0143146 0.0464757 -0.0171826 -0.0127751 -0.00499408 -0.0237173 -0.0230531 -0.00522553 -0.0288889 -0.0823248
internal_weight=296.713 146.793 97.6276 60.2956 49.1658 47.86 37.332 149.92 85.6298 50.0436 35.5862 64.2898 15.8551 48.4347 1.30583
internal_count=4800 1578 545 393 1033 981 152 3222 1715 947 768 1507 252 1255 52
is_linear=0
shrinkage=0.08


Tree=18
num_leaves=15
num_cat=0
split_feature=0 0 4 4 4 4 4 4 0 4 1 1 1 4
split_gain=10.6321 9.8163 2.12191 3.60566 0.903664 1.42795 0.562275 1.70327 1.8352 1.3014 2.02026 1.19121 0.713219 0.162112
threshold=5.5000000000000009 6.5000000000000009 63.500000000000007 54.500000000000007 77.500000000000014 72.500000000000014 7.5000000000000009 4.5000000000000009 2.5000000000000004 18.500000000000004 1.0000000180025095e-35 1.5000000000000002 1.5000000000000002 68.500000000000014
decision_type=2 2 2 2 2 2 2 2 2 2 2 2 2 2
left_child=6 2 3 -2 5 -3 7 12 -9 10 -8 -11 -1 -4
right_child=1 4 13 -5 -6 -7 9 8 -10 11 -12 -13 -14 -15
leaf_value=0.005220396466298809 0.026684585129556179 -0.015349763898490684 -0.00047053817006804249 0.076963789755363513 -0.084695750250449856 0.083598328204862044 0.0044155135693948041 -0.0083996471684901573 0.14019902792861508 -0.021064078420040235 -0.060002367350958416 -0.0051440586720221124 -0.050990313414768694 -0.023578928567295029
leaf_weight=3.5861301980912668 79.467047795653343 46.342283109202981 4.2906004302203646 10.312875017523764 1.1643825918436039 0.95260749757289787 4.525684628635644 1.0641637966036799 1.0634593181312082 74.509832974523306 10.001968052238224 50.445380629971623 2.4192333444952965 3.5508691966533661
leaf_count=86 442 989 19 59 23 21 109 26 21 1603 240 1079 58 25
internal_value=-0.000937767 0.0143633 0.0289744 0.0324601 -0.0150709 -0.0133568 -0.0160797 0.00436751 0.0658751 -0.0172719 -0.0399348 -0.014637 -0.0174238 -0.0109348
internal_weight=293.697 146.081 97.6214 89.7799 48.4593 47.2949 147.616 8.13299 2.12762 139.483 14.5277 124.955 6.00536 7.84147
internal_count=4800 1578 545 501 1033 1010 3222 191 47 3031 349 2682 144 44
is_linear=0
shrinkage=0.08


Tree=19
num_leaves=16
num_cat=0
split_feature=0 0 1 1 1 4 4 4 4 4 4 4 0 4 0
split_gain=9.0865 8.28145 1.89737 3.10806 0.898591 0.944902 0.700218 0.66087 0.527118 1.07611 1.17999 1.08019 0.938039 0.693893 0.635883
threshold=5.5000000000000009 6.5000000000000009 1.0000000180025095e-35 1.5000000000000002 1.0000000180025095e-35 77.500000000000014 46.500000000000007 6.5000000000000009 35.500000000000007 39.500000000000007 37.500000000000007 45.500000000000007 4.5000000000000009 25.500000000000004 2.5000000000000004
decision_type=2 2 2 2 2 2 2 2 2 2 2 2 2 2 2
left_child=8 2 6 -4 7 -6 -2 -3 12 10 -10 -11 14 -14 -1
right_child=1 4 3 -5 5 -7 -8 -9 9 11 -12 -13 13 -15 -16
leaf_value=-0.019389569299518558 0.033485358379061692 0.047235131980807442 -0.027290960317778543 0.025087628796542728 -0.0057927696947335664 -0.08447991568010696 0.057316449773983646 -0.038357298298353985 -0.013566109859153555 -0.031062330069171116 0.030778675476520877 -0.0088068138561674288 0.0088035478167804385 -0.02658000619819775 -0.038975650777081712
leaf_weight=29.952420700341463 25.625962972640991 0.61018600314855476 8.4097103923559171 52.594895333051682 35.477756762877107 1.0043451935052861 11.401767551898955 10.722452340647576 7.8095946311950666 19.575987976044416 7.5560094267129898 48.629548534750938 10.095034088939427 5.4685372561216345 16.426850941032171
leaf_count=749 103 15 172 221 696 20 49 302 135 420 126 1034 153 99 506
internal_value=-0.000887114 0.0132245 0.0265379 0.017867 -0.0140715 -0.00795901 0.0408235 -0.0337487 -0.015031 -0.0108857 0.00824036 -0.0151945 -0.0206237 -0.00362909 -0.0263267
internal_weight=291.361 145.847 98.0323 61.0046 47.8147 36.4821 37.0277 11.3326 145.514 83.5711 15.3656 68.2055 61.9428 15.5636 46.3793
internal_count=4800 1578 545 393 1033 716 152 317 3222 1715 261 1454 1507 252 1255
is_linear=0
shrinkage=0.08


Tree=20
num_leaves=16
num_cat=0
split_feature=0 0 4 4 4 4 4 1 0 0 4 1 4 4 1
split_gain=7.7743 7.02796 1.82269 3.13052 0.92116 1.68692 0.49874 1.47813 5.52837 1.47755 1.19171 1.90073 1.14536 0.130037 4.20055e-05
threshold=5.5000000000000009 6.5000000000000009 63.500000000000007 44.500000000000007 4.5000000000000009 10.500000000000002 7.5000000000000009 1.5000000000000002 2.5000000000000004 2.5000000000000004 18.500000000000004 1.0000000180025095e-35 21.500000000000004 68.500000000000014 1.5000000000000002
decision_type=2 2 2 2 2 2 2 2 2 2 2 2 2 2 2
left_child=6 2 3 -2 14 -6 7 8 -1 -9 11 -8 -12 -4 -3
right_child=1 4 13 -5 5 -7 10 9 -10 -11 12 -13 -14 -15 -16
leaf_value=-0.050454609890870299 0.018149968608605318 -0.082556576922720185 -0.0032633375138946281 0.051042427044484383 0.056218000196668845 -0.01479654967317981 0.0053930105300570618 0.022144076469673139 0.12229746608390142 -0.085331254559116054 0.024201484087346375 -0.058021695736042996 -0.014292927766534709 -0.024003589285435521 -0.081591120015219842
leaf_weight=2.4277733601629716 64.028243523091078 0.72714248858392128 4.2910889238119116 26.053798690438271 2.2509470097720614 43.755404686555266 4.4763746019452801 1.5174361392855646 2.3171201813966036 1.7777819037437437 5.1661223098635665 9.329495567828415 116.52549947611988 3.5232527703046799 0.47802100889384747
leaf_count=62 356 27 19 145 37 944 109 40 51 38 123 240 2559 25 25
internal_value=-0.000836249 0.0122217 0.0244482 0.0276632 -0.0131307 -0.011322 -0.0140371 0.00532175 0.0339071 -0.0358392 -0.0151858 -0.0374603 -0.0126587 -0.0126145 -0.0821736
internal_weight=288.646 145.108 97.8964 90.082 47.2115 46.0064 143.538 8.04011 4.74489 3.29522 135.497 13.8059 121.692 7.81434 1.20516
internal_count=4800 1578 545 501 1033 981 3222 191 113 78 3031 349 2682 44 52
is_linear=0
shrinkage=0.08


Tree=21
num_leaves=16
num_cat=0
split_feature=0 0 1 1 4 4 4 4 4 4 3 0 2 2 1
split_gain=6.64479 5.94287 1.65772 2.62211 0.868348 1.38816 0.723717 0.481968 1.0704 5.44649 1.3331 0.821849 0.691351 0.630583 3.29082e-05
threshold=5.5000000000000009 6.5000000000000009 1.0000000180025095e-35 1.5000000000000002 4.5000000000000009 10.500000000000002 56.500000000000007 35.500000000000007 48.500000000000007 46.500000000000007 1.0000000180025095e-35 4.5000000000000009 1.5000000000000002 1.0000000180025095e-35 1.5000000000000002
decision_type=2 2 2 2 2 2 2 2 2 2 2 2 2 2 2
left_child=7 2 6 -4 14 -6 -2 11 9 -9 -10 13 -13 -1 -3
right_child=1 4 3 -5 5 -7 -8 8 10 -11 -12 12 -14 -15 -16
leaf_value=-0.0068533627815752611 0.040182109018154534 -0.082355061713777683 -0.027150520244201393 0.020979145359077644 0.049178563580667474 -0.013803149309081894 0.0063206631716999718 -0.012156096967088937 -0.021920789736335249 0.068851256186350504 0.048503526988176573 0.0040281245571218965 -0.04605582017497177 -0.029293768444319288 -0.081466455597431792
leaf_weight=10.466205324977635 32.013921901583672 0.67281288653612026 8.389145437628029 53.091699376702309 2.3622410744428626 43.176944760605693 4.6229257285594931 36.416589684784412 37.271048504859209 6.2190020158886901 1.8035176247358311 13.342975281178949 2.0326440222561351 34.208255894482136 0.44191689230501652
leaf_count=281 132 27 172 221 37 944 20 727 844 108 36 217 35 974 25
internal_value=-0.000793204 0.0112621 0.0224389 0.0144118 -0.0122437 -0.0105361 0.0359094 -0.0131046 -0.00910574 -0.000340033 -0.0186703 -0.0185459 -0.00259293 -0.0240365 -0.0820028
internal_weight=286.532 144.772 98.1177 61.4808 46.6539 45.5392 36.6368 141.76 81.7102 42.6356 39.0746 60.0501 15.3756 44.6745 1.11473
internal_count=4800 1578 545 393 1033 981 152 3222 1715 835 880 1507 252 1255 52
is_linear=0
shrinkage=0.08


Tree=22
num_leaves=13
num_cat=0
split_feature=0 4 0 4 4 4 4 0 4 4 2 1
split_gain=5.68242 5.31704 5.03595 1.79363 1.259 0.446884 1.44323 1.18879 1.1394 1.11356 0.847447 0.560493
threshold=5.5000000000000009 77.500000000000014 6.5000000000000009 44.500000000000007 52.500000000000007 7.5000000000000009 4.5000000000000009 2.5000000000000004 11.500000000000002 12.500000000000002 1.0000000180025095e-35 1.5000000000000002
decision_type=2 2 2 2 2 2 2 2 2 2 2 2
left_child=5 2 3 -2 -4 6 11 -8 10 -10 -7 -1
right_child=1 -3 4 -5 -6 8 7 -9 9 -11 -12 -13
leaf_value=0.0046024449513471493 0.01473418644883291 -0.11910722651844294 -0.016773035597801616 0.037742886464313896 0.015891099129338046 0.0088407312800878532 -0.0029262738543473213 0.11559849614614348 0.070369825702545116 -0.012808966813394249 -0.083350270650890082 -0.046838419038536597
leaf_weight=3.6013184785842887 64.192625369876623 2.0006338637322179 35.572370076552033 32.743921704590321 9.5874689351767284 0.86043935827910845 0.99494755268096957 1.1885554231703279 1.0384433604776848 127.75634548068047 2.4699983634054661 2.1739055905491114
leaf_count=86 356 29 795 183 215 21 26 21 27 2913 70 58
internal_value=-0.000750573 0.0104033 0.0122267 0.0225062 -0.00983841 -0.012224 0.00618645 0.0615908 -0.013333 -0.0121383 -0.0595322 -0.0147609
internal_weight=284.181 144.097 142.096 96.9365 45.1598 140.084 7.95873 2.1835 132.125 128.795 3.33044 5.77522
internal_count=4800 1578 1549 539 1010 3222 191 47 3031 2940 91 144
is_linear=0
shrinkage=0.08


Tree=23
num_leaves=16
num_cat=0
split_feature=0 0 1 1 1 4 4 4 4 4 4 2 0 0 4
split_gain=4.84852 4.24335 1.45908 2.21163 0.833304 0.880927 0.70188 0.668163 0.439888 1.01055 1.70315 0.930815 0.718306 0.665306 0.634139
threshold=5.5000000000000009 6.5000000000000009 1.0000000180025095e-35 1.5000000000000002 1.0000000180025095e-35 52.500000000000007 20.500000000000004 6.5000000000000009 35.500000000000007 38.500000000000007 37.500000000000007 1.5000000000000002 4.5000000000000009 2.5000000000000004 31.500000000000004
decision_type=2 2 2 2 2 2 2 2 2 2 2 2 2 2 2
left_child=8 2 6 -4 7 -6 -2 -3 12 10 -10 -11 13 -1 -14
right_child=1 4 3 -5 5 -7 -8 -9 9 11 -12 -13 14 -15 -16
leaf_value=-0.014602395727104915 0.056204010336971026 0.05300321610360624 -0.026824192659336638 0.017458194276347996 -0.011858800163613022 0.017611803091687857 0.026640287486727292 -0.0350521843313812 -0.0098854152914212116 -0.015224068991317584 0.051894641893276888 0.011124276738252319 0.0045891428055283628 -0.03537842110036489 -0.043991733538299924
leaf_weight=27.969245998188853 6.1974704265594474 0.58360422030091186 8.3443239890038949 53.485971540212631 26.425110513344407 8.6054126992821676 30.108029827475548 10.027438333258031 7.4551199078559858 57.969814648851752 4.6291843503713608 10.071866955608128 13.242513071745632 15.23933085054159 1.976254817098378
leaf_count=749 25 15 172 221 549 167 127 302 135 1290 68 222 212 506 40
internal_value=-0.000707347 0.00958415 0.0189569 0.0114821 -0.0105685 -0.00461921 0.0316869 -0.0302092 -0.0113869 -0.00753765 0.0137809 -0.0113239 -0.0166656 -0.0219299 -0.0017194
internal_weight=282.331 143.777 98.1358 61.8303 45.6416 35.0305 36.3055 10.611 138.553 80.126 12.0843 68.0417 58.4273 43.2086 15.2188
internal_count=4800 1578 545 393 1033 716 152 317 3222 1715 203 1512 1507 1255 252
is_linear=0
shrinkage=0.08


Tree=24
num_leaves=14
num_cat=0
split_feature=0 0 4 4 4 4 4 4 0 4 4 4 1
split_gain=4.14049 3.60463 1.43914 2.7094 0.851573 1.19037 0.424854 4.15682 3.53325 1.10158 0.0653583 8.48959e-05 8.40626e-05
threshold=5.5000000000000009 6.5000000000000009 63.500000000000007 54.500000000000007 4.5000000000000009 10.500000000000002 72.500000000000014 70.500000000000014 3.5000000000000004 68.500000000000014 68.500000000000014 80.500000000000014 1.0000000180025095e-35
decision_type=2 2 2 2 2 2 2 2 2 2 2 2 2
left_child=6 2 3 -2 12 -6 7 9 11 -1 -4 -8 -3
right_child=1 4 10 -5 5 -7 8 -9 -10 -11 -12 -13 -14
leaf_value=-0.010168440655352298 0.015349444929446381 -0.082800964013120509 -0.0088421004268637322 0.058929223188262804 0.046556797410570477 -0.011311408819389647 -0.083894830654401717 0.15126230617065334 0.041336592414484744 -0.083721075725022867 -0.023544723149941636 -0.083042787324413073 -0.081310573981603559
leaf_weight=128.82168509624898 79.781309135258198 0.39180864393710979 4.3167992681264868 10.310178056359289 2.4060445502400389 41.773262837901711 2.3795260787010188 1.0194446556270111 2.4844526201486588 1.3164862748235453 3.5071665123105049 1.0918193086981771 0.63432839699089527
leaf_count=3044 442 12 19 59 37 944 54 23 38 32 25 31 40
internal_value=-0.000665944 0.00885201 0.0174786 0.0203368 -0.00983325 -0.00815985 -0.0106009 -0.00965197 -0.0314985 -0.0109125 -0.0154327 -0.0836268 -0.0818796
internal_weight=280.234 143.121 97.9155 90.0915 45.2054 44.1793 137.113 131.158 5.9558 130.138 7.82397 3.47135 1.02614
internal_count=4800 1578 545 501 1033 981 3222 3099 123 3076 44 85 52
is_linear=0
shrinkage=0.08


Tree=25
num_leaves=16
num_cat=0
split_feature=0 0 1 1 4 4 4 4 1 0 0 4 4 0 1
split_gain=3.53259 3.05159 1.27898 1.88255 0.798139 0.982623 0.667285 0.400691 1.21038 4.11686 1.53199 1.07543 1.70657 1.61689 6.57203e-05
threshold=5.5000000000000009 6.5000000000000009 1.0000000180025095e-35 1.5000000000000002 4.5000000000000009 10.500000000000002 26.500000000000004 7.5000000000000009 1.5000000000000002 2.5000000000000004 2.5000000000000004 19.500000000000004 21.500000000000004 1.0000000180025095e-35 1.0000000180025095e-35
decision_type=2 2 2 2 2 2 2 2 2 2 2 2 2 2 2
left_child=7 2 6 -4 14 -6 -2 8 9 -1 -10 13 -13 -9 -3
right_child=1 4 3 -5 5 -7 -8 11 10 -11 -12 12 -14 -15 -16
leaf_value=-0.046977673733395127 0.010651591825292349 -0.082578399255024512 -0.026395879644616118 0.01457123580686067 0.041101991832237686 -0.010518048743600055 0.034874370785743014 0.033607841741049048 0.028500984924018851 0.10198608971394972 -0.085146520980613052 0.044943923189660957 -0.010172703653191074 -0.043251201219120468 -0.081208232590241319
leaf_weight=2.21556083112955 10.129308715462683 0.36262018606066604 8.2853689603507501 53.754445403814316 2.5029634870588771 41.348516300320625 25.861854091286659 2.0546867735683909 1.4335644692182543 2.5585437156260014 1.6135857775807378 3.7164282575249663 110.34210235625505 11.881009375676511 0.58626693207770586
leaf_count=62 41 12 172 221 37 944 111 56 40 51 38 89 2559 327 40
internal_value=-0.000628556 0.00815504 0.01606 0.00910011 -0.00914241 -0.00757167 0.0280571 -0.00986589 0.00771241 0.0328552 -0.0316798 -0.01094 -0.00837681 -0.0319191 -0.0817318
internal_weight=278.647 142.831 98.031 62.0398 44.8004 43.8515 35.9912 135.815 7.82125 4.7741 3.04715 127.994 114.059 13.9357 0.948887
internal_count=4800 1578 545 393 1033 981 152 3222 191 113 78 3031 2648 383 52
is_linear=0
shrinkage=0.08


Tree=26
num_leaves=10
num_cat=0
split_feature=0 0 4 4 4 4 4 4 4
split_gain=3.07089 2.00238 2.60276 1.21458 1.04939 1.33723 1.4846 0.778599 1.11647
threshold=4.5000000000000009 6.5000000000000009 73.500000000000014 44.500000000000007 80.500000000000014 77.500000000000014 72.500000000000014 77.500000000000014 72.500000000000014
decision_type=2 2 2 2 2 2 2 2 2
left_child=4 2 3 -2 5 6 -1 8 -3
right_child=1 7 -4 -5 -6 -7 -8 -9 -10
leaf_value=-0.0099350686329761819 0.007961925530677174 -0.0089503889236089446 -0.054638861411546821 0.025291242960505174 -0.082856492967944131 0.083919407270270169 -0.083651911664394979 -0.083408052159532731 0.076988347148220837
leaf_weight=103.07197639904916 84.177291564643383 42.564940603449941 3.7203857526183119 37.37888952717185 1.2922983393073071 0.95481258258223434 1.7786323204636563 0.87051443755626579 0.98999418318271537
leaf_count=2595 700 989 30 337 39 23 43 23 21
internal_value=-0.000595483 0.00609852 0.0112734 0.0132907 -0.0112025 -0.0103273 -0.0111856 -0.00849429 -0.00699702
internal_weight=276.8 169.702 125.277 121.556 107.098 105.805 104.851 44.4254 43.5549
internal_count=4800 2100 1067 1037 2700 2661 2638 1033 1010
is_linear=0
shrinkage=0.08


Tree=27
num_leaves=13
num_cat=0
split_feature=0 0 4 4 4 1 4 4 4 4 4 0
split_gain=2.66744 2.23969 1.23242 2.51709 1.53807 0.758511 0.776505 0.704596 0.486607 0.990241 3.13171 1.20627
threshold=5.5000000000000009 6.5000000000000009 20.500000000000004 16.500000000000004 44.500000000000007 1.0000000180025095e-35 52.500000000000007 56.500000000000007 83.500000000000014 72.500000000000014 70.500000000000014 3.5000000000000004
decision_type=2 2 2 2 2 2 2 2 2 2 2 2
left_child=8 2 3 -2 -4 7 -7 -3 9 10 -1 -11
right_child=1 5 4 -5 -6 6 -8 -9 -10 11 -12 -13
leaf_value=-0.0090691620954013088 0.014807701943632758 -0.019022364049905191 0.0011854017789409694 0.089460730134234667 0.023361615704404672 -0.009162818112979575 0.01873822164265122 -0.082090388358928373 0.040668610385146312 -0.083370004473394085 0.12337635256909067 0.0030853290459359325
leaf_weight=127.08156975917518 10.494208931922911 8.754699841141699 49.866478323936462 3.9894381165504447 33.438246630132198 25.517683527432382 8.5137897916138154 1.3023608997464169 1.2674925625324238 2.4660032019019118 1.1529470272362221 1.7772248126566408
leaf_count=3076 64 264 270 22 189 549 167 53 30 65 23 28
internal_value=-0.000558691 0.00708254 0.0138317 0.0353705 0.0100869 -0.00788702 -0.0021827 -0.0271895 -0.00866451 -0.00913651 -0.00787835 -0.0471592
internal_weight=275.622 141.877 97.7884 14.4836 83.3047 44.0885 34.0315 10.0571 133.745 132.478 128.235 4.24323
internal_count=4800 1578 545 86 459 1033 716 317 3222 3192 3099 93
is_linear=0
shrinkage=0.08


Tree=28
num_leaves=13
num_cat=0
split_feature=0 4 0 4 4 1 4 3 4 0 4 1
split_gain=2.28334 1.76663 1.47414 1.01912 5.66502 4.07881 2.12905 1.26728 1.00582 0.992164 0.676824 6.36656e-07
threshold=4.5000000000000009 84.500000000000014 6.5000000000000009 45.500000000000007 47.500000000000007 1.5000000000000002 44.500000000000007 1.0000000180025095e-35 74.500000000000014 5.5000000000000009 32.500000000000007 1.5000000000000002
decision_type=2 2 2 2 2 2 2 2 2 2 2 2
left_child=3 2 9 6 5 -5 10 -6 -4 -2 -1 -8
right_child=1 -3 8 4 7 -7 11 -9 -10 -11 -12 -13
leaf_value=-0.020060689095076724 -0.003015325771872154 -0.074996656167591089 -0.0085292636809500468 0.018678461960504298 -0.013711677786583758 0.17850815918267018 -0.08331722263640863 0.057366086132166254 0.071651511937448939 0.014286316735449936 -0.0035729416437425689 -0.083395539898549823
leaf_weight=35.672275954857469 27.15617960318923 1.7386886980384577 42.351568693295121 2.3245737701654425 31.978504164144397 1.8234725669026373 1.7964186742901793 1.6902561672031868 1.0255383439362038 96.915062129497528 28.797961432486773 1.0541177429258823
leaf_count=1104 518 20 998 46 756 35 47 33 23 541 652 27
internal_value=-0.000525451 0.00522813 0.00606114 -0.0097841 0.000724774 0.0889393 -0.0156874 -0.0101434 -0.0066336 0.0104994 -0.0126958 -0.0833462
internal_weight=274.325 169.187 167.448 105.138 37.8168 4.14805 67.3208 33.6688 43.3771 124.071 64.4702 2.85054
internal_count=4800 2100 2080 2700 870 81 1830 789 1021 1059 1756 74
is_linear=0
shrinkage=0.08


Tree=29
num_leaves=9
num_cat=0
split_feature=4 0 0 1 4 4 4 4
split_gain=2.00641 2.26528 1.73298 1.37771 0.805771 0.400376 8.97398 0.984708
threshold=84.500000000000014 5.5000000000000009 6.5000000000000009 1.0000000180025095e-35 74.500000000000014 46.500000000000007 47.500000000000007 44.500000000000007
decision_type=2 2 2 2 2 2 2 2
left_child=1 5 3 -3 -4 7 -7 -1
right_child=-2 2 4 -5 -6 6 -8 -9
leaf_value=-0.0082501338000620025 -0.074600774318944629 0.025840973734843169 -0.0079102669605519184 0.0059795088861746594 0.061655408864402877 0.12267251623867663 -0.012173023288156446 -0.042415649854368173
leaf_weight=83.535684399306774 2.3188380878418675 34.922717347741127 42.026445417664945 62.09508191421628 1.0933404508978117 3.445696033537387 37.906090456992388 5.7720286883413783
leaf_count=2100 40 150 998 391 23 53 911 134
internal_value=-0.000501715 0.000132795 0.00719796 0.0131289 -0.00614637 -0.00744488 -0.000936828 -0.0104583
internal_weight=273.116 270.797 140.138 97.0178 43.1198 130.659 41.3518 89.3077
internal_count=4800 4760 1562 541 1021 3198 964 2234
is_linear=0
shrinkage=0.08


Tree=30
num_leaves=8
num_cat=0
split_feature=4 0 0 1 1 4 4
split_gain=1.7819 1.93181 1.46937 1.18135 0.691523 0.403321 1.17599
threshold=84.500000000000014 5.5000000000000009 6.5000000000000009 1.0000000180025095e-35 1.0000000180025095e-35 79.500000000000014 72.500000000000014
decision_type=2 2 2 2 2 2 2
left_child=1 5 3 -3 -4 6 -1
right_child=-2 2 4 -5 -6 -7 -8
leaf_value=-0.006191480134194103 -0.071884586016286986 0.023913657306494644 -0.024578699017213809 0.0054932547557028427 -0.00022723470094438588 0.037402739040231947 -0.057299696725065602
leaf_weight=125.52885769680142 2.2181428782641879 34.726729676127434 9.6227783709764463 62.180566105991602 33.258899471722543 1.301018465310334 2.9490891918539992
leaf_count=3099 40 150 314 391 707 30 69
internal_value=-0.000474771 0.000112826 0.00663818 0.0120942 -0.00569178 -0.00691583 -0.00736462
internal_weight=271.786 269.568 139.789 96.9073 42.8817 129.779 128.478
internal_count=4800 4760 1562 541 1021 3198 3168
is_linear=0
shrinkage=0.08


Tree=31
num_leaves=9
num_cat=0
split_feature=4 0 0 4 4 4 4 4
split_gain=1.58093 1.64327 1.24586 1.14367 0.648377 0.370153 0.890569 0.672044
threshold=84.500000000000014 5.5000000000000009 6.5000000000000009 44.500000000000007 74.500000000000014 35.500000000000007 38.500000000000007 7.5000000000000009
decision_type=2 2 2 2 2 2 2 2
left_child=1 5 3 -3 -4 7 -7 -1
right_child=-2 2 4 -5 -6 6 -8 -9
leaf_value=0.010674962643869881 -0.069186602473326447 0.0049840045280197757 -0.0069121539658309299 0.023422495230724302 0.053938372677313454 0.017557517774495032 -0.0065106095623475649 -0.015009724471536572
leaf_weight=7.5758075714111319 2.1241948101669541 64.472521219402552 41.504753523506224 32.323082253336906 1.1517724618315686 11.661592319607733 62.964747758582234 46.768935665488243
leaf_count=191 40 356 998 185 23 203 1488 1316
internal_value=-0.000442131 0.000101885 0.0061215 0.0111412 -0.00526912 -0.00640692 -0.00274957 -0.0114292
internal_weight=270.547 268.423 139.452 96.7956 42.6565 128.971 74.6263 54.3447
internal_count=4800 4760 1562 541 1021 3198 1691 1507
is_linear=0
shrinkage=0.08


Tree=32
num_leaves=9
num_cat=0
split_feature=4 0 0 1 1 4 0 4
split_gain=1.40087 1.3968 1.05467 1.02367 0.602218 0.364541 5.13303 1.89245
threshold=84.500000000000014 5.5000000000000009 6.5000000000000009 1.0000000180025095e-35 1.0000000180025095e-35 77.500000000000014 3.5000000000000004 72.500000000000014
decision_type=2 2 2 2 2 2 2 2
left_child=1 5 3 -3 -4 7 -7 -1
right_child=-2 2 4 -5 -6 6 -8 -9
leaf_value=-0.0052532865852718746 -0.066511531406342639 0.02132620743062209 -0.022802676590536097 0.0041395425931442086 0.0001888123087587729 -0.083072572767056221 0.16625919357829427 -0.084143768403083019
leaf_weight=124.09267375431955 2.0365250324830404 34.409719869494438 9.3508078865706903 62.40362312272191 33.102873644791543 1.199450129643082 0.94461450725793827 1.9770614281296719
leaf_count=3099 40 150 314 391 707 35 14 50
internal_value=-0.00041228 9.09812e-05 0.00563793 0.0102481 -0.00487527 -0.00593417 0.026776 -0.00649047
internal_weight=269.517 267.481 139.267 96.8133 42.4537 128.214 2.14406 126.07
internal_count=4800 4760 1562 541 1021 3198 49 3149
is_linear=0
shrinkage=0.08


Tree=33
num_leaves=9
num_cat=0
split_feature=4 0 4 4 1 4 4 4
split_gain=1.23961 1.18988 1.04739 4.83766 2.1617 0.371598 6.93648 0.897724
threshold=84.500000000000014 5.5000000000000009 47.500000000000007 41.500000000000007 1.5000000000000002 46.500000000000007 47.500000000000007 44.500000000000007
decision_type=2 2 2 2 2 2 2 2
left_child=1 5 3 -3 -4 7 -7 -1
right_child=-2 2 4 -5 -6 6 -8 -9
leaf_value=-0.0063456719025160096 -0.063863774703455237 0.008803725284059075 0.036324303657618122 -0.038308192585216658 -0.00066477880961051978 0.1042351071504862 -0.0097746450453951861 -0.039840450099921647
leaf_weight=81.572286028414965 1.9547064974904049 81.24851768091321 18.365886375308037 16.840673629194498 22.499495852738619 3.7655505016446105 36.723466960713267 5.4642120674252501
leaf_count=2100 40 926 266 183 187 53 911 134
internal_value=-0.000388527 7.70819e-05 0.00519828 0.000715205 0.015959 -0.00550309 0.000828464 -0.0084485
internal_weight=268.435 266.48 138.955 98.0892 40.8654 127.526 40.489 87.0365
internal_count=4800 4760 1562 1109 453 3198 964 2234
is_linear=0
shrinkage=0.08


Tree=34
num_leaves=9
num_cat=0
split_feature=4 0 4 4 4 4 2 4
split_gain=1.09543 1.01728 1.01736 2.92866 1.93761 0.729456 3.38102 2.96099
threshold=84.500000000000014 4.5000000000000009 45.500000000000007 47.500000000000007 44.500000000000007 63.500000000000007 1.0000000180025095e-35 61.500000000000007
decision_type=2 2 2 2 2 2 2 2
left_child=1 2 4 -4 -1 7 -7 -3
right_child=-2 5 3 -5 -6 6 -8 -9
leaf_value=-0.0095925776532136669 -0.061247439738155648 0.0040011612376900027 0.062212583875425456 -0.0045234360098107837 -0.082785052388341968 0.057212517747238394 -0.036984376291716234 0.089516721409192548
leaf_weight=61.860874818637967 1.8783496292307962 149.6646887967363 4.861071676015853 31.35002464056015 2.4047844149172297 3.2218935899436465 10.0318969450891 2.6370132956653825
leaf_count=1756 40 1857 81 769 74 49 129 45
internal_value=-0.000368485 6.13575e-05 -0.00628877 0.00443538 -0.0123314 0.00391529 -0.0140858 0.00548181
internal_weight=267.911 266.032 100.477 36.2111 64.2657 165.555 13.2538 152.302
internal_count=4800 4760 2680 850 1830 2080 178 1902
is_linear=0
shrinkage=0.08


Tree=35
num_leaves=9
num_cat=0
split_feature=4 0 0 4 1 4 4 4
split_gain=0.966798 0.882128 0.92276 0.940126 0.535519 0.3228 1.28345 1.04776
threshold=84.500000000000014 5.5000000000000009 6.5000000000000009 44.500000000000007 1.0000000180025095e-35 7.5000000000000009 4.5000000000000009 11.500000000000002
decision_type=2 2 2 2 2 2 2 2
left_child=1 5 3 -3 -4 6 -1 -7
right_child=-2 2 4 -5 -6 7 -8 -9
leaf_value=-0.0096129405478931739 -0.058666415345075572 0.0031899534757125836 -0.022354883982892093 0.019930985971648205 -0.00063613042362123406 -0.054306211622849022 0.063513228235638333 -0.0046474663936286586
leaf_weight=5.3787270970642558 1.8070972571149457 64.506423704326153 9.2852539122104627 32.177563633769751 33.407956693321466 2.7844938728958359 2.1501181237399578 116.05946269072592
leaf_count=144 40 356 314 185 707 91 47 2916
internal_value=-0.000349375 4.71807e-05 0.00443602 0.00876157 -0.0053597 -0.0047933 0.0112707 -0.00581096
internal_weight=267.557 265.75 139.377 96.684 42.6932 126.373 7.52885 118.844
internal_count=4800 4760 1562 541 1021 3198 191 3007
is_linear=0
shrinkage=0.08


Tree=36
num_leaves=9
num_cat=0
split_feature=4 0 4 4 4 4 2 4
split_gain=0.852327 0.759022 0.874871 2.34907 1.82882 0.653891 2.85992 2.33335
threshold=84.500000000000014 4.5000000000000009 45.500000000000007 47.500000000000007 44.500000000000007 63.500000000000007 1.0000000180025095e-35 61.500000000000007
decision_type=2 2 2 2 2 2 2 2
left_child=1 2 4 -4 -1 7 -7 -3
right_child=-2 5 3 -5 -6 6 -8 -9
leaf_value=-0.0085673225184785054 -0.056124402409758627 0.0034911953331527778 0.054716287355487003 -0.0038247435208819858 -0.082551901448084511 0.050442766736065556 -0.035370529214306029 0.077617925449267114
leaf_weight=61.046703083440661 1.7406209912151087 149.58290348388255 5.107615314424037 31.088444590568542 2.2159219924360505 3.3235160689800969 9.858368104323743 2.768047969788312
leaf_count=1756 40 1857 81 769 74 49 129 45
internal_value=-0.00032631 4.0205e-05 -0.00548339 0.00443596 -0.0111588 0.003359 -0.0137346 0.004838
internal_weight=266.732 264.992 99.4587 36.1961 63.2626 165.533 13.1819 152.351
internal_count=4800 4760 2680 850 1830 2080 178 1902
is_linear=0
shrinkage=0.08


Tree=37
num_leaves=9
num_cat=0
split_feature=4 4 4 4 4 4 0 4
split_gain=0.750298 0.655043 3.48792 2.09659 2.08849 1.90365 3.61339 1.79624
threshold=84.500000000000014 46.500000000000007 41.500000000000007 42.500000000000007 33.500000000000007 50.500000000000007 1.0000000180025095e-35 52.500000000000007
decision_type=2 2 2 2 2 2 2 2
left_child=1 2 4 -4 -1 6 -3 -7
right_child=-2 5 3 -5 -6 7 -8 -9
leaf_value=-0.0043346589290905926 -0.053624956215018192 -0.085609291980916893 -0.067337086392876513 -0.016253457335662479 0.015636360678853281 -0.040430453469116133 0.037218108270409431 0.0036638765727980073
leaf_weight=104.38961432222277 1.6786173777654756 1.6696535237133527 6.7786406520754126 21.296765556558967 49.35905048251152 6.6115966103970996 18.710704490542412 55.92464167252183
leaf_count=2048 40 30 103 380 786 122 287 1004
internal_value=-0.000308847 2.92092e-05 -0.00265805 -0.0285873 0.00207678 0.00592198 0.0271555 -0.000997963
internal_weight=266.419 264.741 181.824 28.0754 153.749 82.9166 20.3804 62.5362
internal_count=4800 4760 3317 483 2834 1443 317 1126
is_linear=0
shrinkage=0.08


Tree=38
num_leaves=10
num_cat=0
split_feature=4 4 2 4 4 4 4 4 4
split_gain=0.675604 2.70642 2.61878 1.01075 1.97144 0.917221 0.958447 0.894106 0.00566379
threshold=73.500000000000014 71.500000000000014 1.0000000180025095e-35 76.500000000000014 84.500000000000014 68.500000000000014 70.500000000000014 66.500000000000014 77.500000000000014
decision_type=2 2 2 2 2 2 2 2 2
left_child=1 5 8 -4 -5 7 -7 -1 -2
right_child=2 -3 3 4 -6 6 -8 -9 -10
leaf_value=-0.0003459314088049974 0.048782916352274532 0.092525690144828129 -0.098983651362155034 0.016853236388955094 -0.10383106859188118 -0.083439546981365784 0.0057373817313783283 0.041118044291376742 0.057184806603019896
leaf_weight=250.13677124958485 0.94409368187189047 2.0249809492379418 1.9205307476222513 2.3551768455654387 1.3703238125890491 1.71994824707508 1.3985211290419102 3.3732209578156462 1.1258252523839472
leaf_count=4478 16 37 33 56 28 47 18 56 31
internal_value=-0.000293616 0.000402256 -0.0236206 -0.0518401 -0.0275372 -0.000324663 -0.0434469 0.000205791 0.0533527
internal_weight=266.369 258.653 7.71595 5.64603 3.7255 256.628 3.11847 253.51 2.06992
internal_count=4800 4636 164 117 84 4599 65 4534 47
is_linear=0
shrinkage=0.08


Tree=39
num_leaves=12
num_cat=0
split_feature=0 4 4 0 4 2 4 4 0 4 1
split_gain=0.650993 0.831467 1.37392 1.25963 0.825784 4.15145 1.85523 0.897139 0.781046 0.674873 0.138244
threshold=4.5000000000000009 80.500000000000014 77.500000000000014 3.5000000000000004 63.500000000000007 1.0000000180025095e-35 61.500000000000007 70.500000000000014 5.5000000000000009 54.500000000000007 1.5000000000000002
decision_type=2 2 2 2 2 2 2 2 2 2 2
left_child=1 2 3 -1 6 7 9 -6 -7 -2 -8
right_child=4 -3 -4 -5 5 8 10 -9 -10 -11 -12
leaf_value=-0.001156257418637211 0.0016074137560184785 -0.082119969744475302 0.093482566392866354 -0.024143907851945118 0.015837390699217718 0.0096776423736188496 0.083541126783930261 0.095291957773260397 -0.049968259899130542 0.020595992546475782 0.048318894345442058
leaf_weight=78.612768484279513 136.58995679859072 0.89606607146561046 0.90364674851298232 18.929277518764138 1.7109016682952636 1.6636037528514851 1.6131667383015147 1.941673472523689 9.0409708973020297 13.130449341610072 1.2782851122319698
leaf_count=2086 1697 39 23 552 26 36 31 30 106 160 14
internal_value=-0.00027806 -0.00540591 -0.00470765 -0.0056173 0.00277287 -0.0155699 0.00449849 0.0580747 -0.0406987 0.00327271 0.0679697
internal_weight=266.311 99.3418 98.4457 97.542 166.969 14.3571 152.612 3.65258 10.7046 149.72 2.89145
internal_count=4800 2700 2661 2638 2100 198 1902 56 142 1857 45
is_linear=0
shrinkage=0.08


Tree=40
num_leaves=12
num_cat=0
split_feature=4 4 1 4 4 4 4 1 0 0 1
split_gain=0.641733 3.05072 2.58926 2.38471 0.970799 0.854603 2.13084 0.838371 0.534795 0.388482 0.362922
threshold=7.5000000000000009 4.5000000000000009 1.5000000000000002 9.5000000000000018 1.5000000000000002 12.500000000000002 16.500000000000004 1.5000000000000002 5.5000000000000009 4.5000000000000009 1.5000000000000002
decision_type=2 2 2 2 2 2 2 2 2 2 2
left_child=1 4 -3 10 7 8 -7 -1 -5 -6 -2
right_child=3 2 -4 5 9 6 -8 -9 -10 -11 -12
leaf_value=-0.016352155422280124 -0.10434144745577507 0.12889891020944783 -0.0004560014794092948 0.0018125905114260623 -0.082727220476482941 -0.03915915557023221 0.00035340441657738303 0.042282058698309512 0.047908261231324183 -0.019432753609457207 -0.04563442456636424
leaf_weight=3.8729975428432208 1.3938612509518853 2.3566357232630244 1.7082139067351816 2.8232360817491999 1.2598064057528975 9.072642417624591 234.69195013586432 2.6140484642237425 3.7509601153433323 1.223176462575793 1.3047871291637421
leaf_count=80 29 40 28 90 40 197 4149 59 32 36 20
internal_value=-0.000264225 0.0170461 0.0745388 -0.00115594 -0.00900716 -0.000349592 -0.00111721 0.00727534 0.0281128 -0.0515469 -0.0759568
internal_weight=266.072 13.0349 4.06485 253.037 8.97003 250.339 243.765 6.48705 6.5742 2.48298 2.69865
internal_count=4800 283 68 4517 215 4468 4346 139 122 76 49
is_linear=0
shrinkage=0.08


Tree=41
num_leaves=10
num_cat=0
split_feature=4 4 2 1 4 4 4 4 4
split_gain=0.606977 2.19587 1.94637 1.03018 0.805989 0.896885 0.821041 0.328853 0.00378167
threshold=73.500000000000014 71.500000000000014 1.0000000180025095e-35 1.0000000180025095e-35 68.500000000000014 70.500000000000014 66.500000000000014 76.500000000000014 77.500000000000014
decision_type=2 2 2 2 2 2 2 2 2
left_child=1 4 8 -4 6 -6 -1 -5 -2
right_child=2 -3 3 7 5 -7 -8 -9 -10
leaf_value=-0.00031788687288282616 0.036507715623278578 0.080851490488805244 0.0071994914221481989 -0.098760084436240431 -0.083128142799725246 0.0047746779491918316 0.039057354922637011 -0.051270533942244692 0.043108625195374166
leaf_weight=249.69728839024901 1.0050097350031131 2.1535115204751483 1.5296762301586566 1.5574648045003416 1.573476117104291 1.4072610270231962 3.4358429294079533 2.328370813280344 1.2417995296418665
leaf_count=4478 16 37 30 26 47 18 56 61 31
internal_value=-0.000252335 0.000405987 -0.0224418 -0.0484126 -0.000270432 -0.0416276 0.000216564 -0.0703046 0.040156
internal_weight=265.93 258.267 7.66232 5.41551 256.114 2.98074 253.133 3.88584 2.24681
internal_count=4800 4636 164 117 4599 65 4534 87 47
is_linear=0
shrinkage=0.08


Tree=42
num_leaves=12
num_cat=0
split_feature=0 4 4 4 4 2 4 0 0 1 4
split_gain=0.534639 0.766098 1.12234 1.21181 0.726438 3.32337 1.49366 0.885282 0.711023 0.677715 0.0562391
threshold=4.5000000000000009 80.500000000000014 77.500000000000014 72.500000000000014 63.500000000000007 1.0000000180025095e-35 61.500000000000007 6.5000000000000009 5.5000000000000009 1.0000000180025095e-35 62.500000000000007
decision_type=2 2 2 2 2 2 2 2 2 2 2
left_child=1 2 3 -1 6 7 9 -6 -7 -2 -8
right_child=4 -3 -4 -5 5 8 10 -9 -10 -11 -12
leaf_value=-0.004084784471893279 0.010944990889589921 -0.081932128268484158 0.081471578114338666 -0.082614159544099494 0.083682967144049741 0.0099425566192466452 0.049944487952150139 0.0065523554072817883 -0.0471676595494488 -0.0006381638038736447 0.071902436195154962
leaf_weight=95.658794151619077 47.198184724897146 0.81954026781022449 0.9675947017967691 1.2743802852928627 2.1097666937857862 1.6581624597311009 1.6435990519821635 1.7360495813190935 8.7976439306512457 102.60533182229847 1.36771135404706
leaf_count=2595 556 39 23 43 21 36 24 35 106 1301 21
internal_value=-0.000238336 -0.00490621 -0.00426142 -0.00511721 0.00251911 -0.0147222 0.00413268 0.0488652 -0.0381107 0.00301131 0.0599176
internal_weight=265.837 98.7203 97.9008 96.9332 167.116 14.3016 152.815 3.84582 10.4558 149.804 3.01131
internal_count=4800 2700 2661 2638 2100 198 1902 56 142 1857 45
is_linear=0
shrinkage=0.08


Tree=43
num_leaves=12
num_cat=0
split_feature=4 4 4 1 4 2 4 1 0 0 1
split_gain=0.529136 2.43285 2.14164 1.89196 0.86252 0.808084 3.65909 1.07847 0.710241 0.380539 0.369136
threshold=7.5000000000000009 4.5000000000000009 9.5000000000000018 1.5000000000000002 1.5000000000000002 1.5000000000000002 64.500000000000014 1.5000000000000002 1.5000000000000002 4.5000000000000009 1.5000000000000002
decision_type=2 2 2 2 2 2 2 2 2 2 2
left_child=1 4 10 -3 8 7 -7 -4 -1 -6 -2
right_child=2 3 5 -5 9 6 -8 -9 -10 -11 -12
leaf_value=0.065966238363779878 -0.10381634935311781 0.10852443219193265 -0.0076127071672179658 -0.00024433834435798611 -0.082499777818217129 0.017441008890628301 -0.071048271500032165 0.0038802152669728251 -0.0051771423039244247 -0.018309630665145304 -0.04310373028194029
leaf_weight=1.0761354379355887 1.2956352960318318 2.5618364885449401 112.44428803166375 1.7044423967599867 1.1610629670321944 36.426172401756048 3.2581953145563594 97.620640721172094 5.4279646137729287 1.2040159422904251 1.2683615796267986
leaf_count=34 29 40 2296 28 40 598 69 1505 105 36 20
internal_value=-0.000225714 0.0154285 -0.00104067 0.0650697 -0.00845008 -0.00029388 0.0101758 -0.00227176 0.00659388 -0.0498218 -0.0737829
internal_weight=265.449 13.1355 252.313 4.26628 8.86918 249.749 39.6844 210.065 6.5041 2.36508 2.564
internal_count=4800 283 4517 68 215 4468 667 3801 139 76 49
is_linear=0
shrinkage=0.08


Tree=44
num_leaves=15
num_cat=0
split_feature=0 4 4 4 4 2 4 4 4 4 1 0 1 2
split_gain=0.457922 1.0943 6.58674 3.01975 3.53492 1.92829 0.714826 2.78389 2.25412 2.39841 1.37127 1.12074 0.952028 0.593625
threshold=1.0000000180025095e-35 33.500000000000007 37.500000000000007 16.500000000000004 9.5000000000000018 1.0000000180025095e-35 7.5000000000000009 4.5000000000000009 16.500000000000004 17.500000000000004 1.5000000000000002 4.5000000000000009 1.0000000180025095e-35 1.0000000180025095e-35
decision_type=2 2 2 2 2 2 2 2 2 2 2 2 2 2
left_child=1 3 -3 4 -1 -4 7 12 11 -10 -9 -8 -2 -5
right_child=6 2 5 13 -6 -7 8 10 9 -11 -12 -13 -14 -15
leaf_value=-0.035949176616015766 -0.046022295436714239 0.14890070702606037 -0.083982568898393187 -0.020668186507750552 0.15236797198418578 -0.0022744396559855329 -0.063595818934776269 0.11065626089882845 0.07308567684915615 0.00098108256312527263 0.013204054955222795 -0.016284813691617835 0.012751833050725784 -0.082816766233635722
leaf_weight=1.7022120803594609 2.7161420881748182 1.7171896211802948 2.339046796783804 1.2818119712173937 1.0203320831060407 8.8143660528585297 4.319627238437536 2.4961166568100452 2.9939599111676207 212.76583524234593 1.467335566878319 12.413071641698478 5.0307305594906211 4.2282889261841774
leaf_count=51 47 39 57 36 31 212 178 34 59 3617 22 154 134 129
internal_value=-0.000217688 -0.0115238 0.003046 -0.0343016 0.0346267 -0.0194099 0.00075935 0.020045 -0.000212043 0.00198163 0.0745778 -0.0284984 -0.00785505 -0.0683592
internal_weight=265.306 21.1032 12.8706 8.23265 2.72254 11.1534 244.203 11.7103 232.492 215.76 3.96345 16.7327 7.74687 5.5101
internal_count=4800 555 308 247 82 269 4245 237 4008 3676 56 332 181 165
is_linear=0
shrinkage=0.08


Tree=45
num_leaves=11
num_cat=0
split_feature=4 4 0 0 4 4 4 4 4 4
split_gain=0.446987 1.9331 1.73674 1.85784 1.76892 0.654192 0.884694 0.806393 0.000112537 0.000145222
threshold=73.500000000000014 71.500000000000014 3.5000000000000004 5.5000000000000009 77.500000000000014 68.500000000000014 70.500000000000014 66.500000000000014 80.500000000000014 77.500000000000014
decision_type=2 2 2 2 2 2 2 2 2 2
left_child=1 5 8 -4 -5 7 -7 -1 9 -2
right_child=2 -3 3 4 -6 6 -8 -9 -10 -11
leaf_value=-0.00042026425761516244 -0.082084409815592715 0.074530007118767505 0.062238937334108034 0.021610296340005192 -0.09725268795351262 -0.082834499834502487 0.0068259069463151092 0.038401476987947748 -0.081608530768221513 -0.08367984479276086
leaf_weight=249.31648796983063 0.68374103680252962 2.2278502564877263 2.1305179782211781 1.710506219416857 1.5074924910441039 1.429151580668985 1.3887193761765957 3.4720251206308594 0.56603435333818186 0.78359554708003998
leaf_count=4478 28 37 36 21 29 47 18 56 31 19
internal_value=-0.000223368 0.000332345 -0.0196333 0.00429241 -0.0340718 -0.000314357 -0.0386475 0.000112949 -0.0825668 -0.0829364
internal_weight=265.216 257.834 7.38189 5.34852 3.218 255.606 2.81787 252.789 2.03337 1.46734
internal_count=4800 4636 164 86 50 4599 65 4534 78 47
is_linear=0
shrinkage=0.08


Tree=46
num_leaves=15
num_cat=0
split_feature=4 4 4 4 0 4 2 1 0 4 0 4 4 0
split_gain=0.427167 3.02914 1.90239 1.77546 3.10117 1.73207 1.71716 1.59667 1.53053 1.44219 1.27913 0.876183 0.799629 0.48597
threshold=46.500000000000007 41.500000000000007 42.500000000000007 50.500000000000007 1.0000000180025095e-35 40.500000000000007 1.5000000000000002 1.5000000000000002 3.5000000000000004 52.500000000000007 5.5000000000000009 33.500000000000007 55.500000000000007 1.5000000000000002
decision_type=2 2 2 2 2 2 2 2 2 2 2 2 2 2
left_child=1 5 10 4 -2 11 -6 -4 -7 13 -3 -1 -11 -5
right_child=3 2 7 9 6 8 -8 -9 -10 12 -12 -13 -14 -15
leaf_value=-0.00377748975605518 -0.085047824084718282 -0.020100829906328475 -0.036763565872581706 -0.083253321440019262 0.022793389530699031 -0.028474336693819168 0.086591303401771569 0.0073373947401055295 0.065155286973028831 0.019779504300656215 -0.092782858499082937 0.0097411032926344142 -0.003079391514308335 -0.027337861819341648
leaf_weight=103.44445203989744 1.5197403281927133 2.5330896563828018 10.704467449337244 1.2303334064781655 15.789195176213981 1.4582092612981785 3.2570699565112582 10.319034168496728 4.7803845405578613 12.539212528616188 3.9916753657162189 43.623837938532233 44.734763776883483 5.1958287414163351
leaf_count=2048 30 68 218 33 247 38 40 162 54 216 35 694 828 89
internal_value=-0.000213118 -0.00240505 -0.0268291 0.00449129 0.0249282 0.0019838 0.0337034 -0.0151173 0.0432703 -0.00210688 -0.0645657 0.000232436 0.00192519 -0.0380433
internal_weight=265.121 180.855 27.5483 84.2661 20.566 153.307 19.0463 21.0235 6.23859 63.7001 6.52477 147.068 57.274 6.42616
internal_count=4800 3317 483 1483 317 2834 287 380 92 1166 103 2742 1044 122
is_linear=0
shrinkage=0.08


Tree=47
num_leaves=11
num_cat=0
split_feature=4 4 0 4 0 4 4 4 2 1
split_gain=0.386182 1.83336 1.56995 2.20917 1.34814 0.808314 1.72958 0.749689 0.495979 0.379989
threshold=7.5000000000000009 9.5000000000000018 7.5000000000000009 4.5000000000000009 5.5000000000000009 12.500000000000002 16.500000000000004 1.5000000000000002 1.0000000180025095e-35 1.5000000000000002
decision_type=2 2 2 2 2 2 2 2 2 2
left_child=2 9 3 7 -5 8 -7 -1 -3 -2
right_child=1 5 -4 4 -6 6 -8 -9 -10 -11
leaf_value=0.010880311490059514 -0.10310471626994609 0.063481115165393398 -0.084515599151693238 0.034919831144320068 0.1311846702412742 -0.035957041110655501 0.00031408027341526347 -0.044794257799424919 0.014019729241776998 -0.03925636069365819
leaf_weight=6.2687736582010931 1.1751095671206704 1.7838626466691483 0.97845043614506799 2.6248873732984075 1.4428478106856344 8.727753719314931 233.97779095219448 2.0554611217230558 4.7590479012578726 1.2116754949092865
leaf_count=123 29 35 36 47 13 197 4149 64 87 20
internal_value=-0.000206488 -0.000910443 0.0130422 0.0207452 0.0690655 -0.000242225 -0.000990239 -0.00286713 0.0275049 -0.0706915
internal_weight=265.006 251.635 13.3704 12.392 4.06774 249.248 242.706 8.32423 6.54291 2.38679
internal_count=4800 4517 283 247 60 4468 4346 187 122 49
is_linear=0
shrinkage=0.08


Tree=48
num_leaves=12
num_cat=0
split_feature=0 4 4 4 2 4 0 2 4 4 0
split_gain=0.385676 0.744801 3.88499 3.87498 1.79031 2.71052 2.04618 1.6991 0.669877 1.03738 1.20367
threshold=4.5000000000000009 22.500000000000004 24.500000000000004 25.500000000000004 1.0000000180025095e-35 16.500000000000004 6.5000000000000009 1.0000000180025095e-35 80.500000000000014 77.500000000000014 3.5000000000000004
decision_type=2 2 2 2 2 2 2 2 2 2 2
left_child=8 4 7 -4 6 -6 -2 -3 9 10 -1
right_child=1 2 3 -5 5 -7 -8 -9 -10 -11 -12
leaf_value=-8.6528826132274903e-05 0.005028439087524734 -0.12900730942024757 0.098218442549239407 0.00030475780614665985 0.001217958802446907 0.053912898429543533 -0.084709418407194217 -0.035249878037975892 -0.08169884197923992 0.077971683736439742 -0.022791672779147877
leaf_weight=77.59011597558856 5.7878420278429967 1.8196318987756956 2.6414834335446349 124.95683794468641 15.085540886968376 10.663280647248028 2.2616463517770171 3.863809660077095 0.70840039011090894 0.9871324859559526 18.507429874502122
leaf_count=2086 50 17 39 1547 208 132 56 51 39 23 552
internal_value=-0.000196599 0.00213887 -0.000550868 0.00233172 0.0127457 0.0230404 -0.020185 -0.0652676 -0.00418676 -0.00362118 -0.00445931
internal_weight=264.873 167.08 133.282 127.598 33.7983 25.7488 8.04949 5.68344 97.7931 97.0847 96.0975
internal_count=4800 2100 1654 1586 446 340 106 68 2700 2661 2638
is_linear=0
shrinkage=0.08


Tree=49
num_leaves=11
num_cat=0
split_feature=4 0 2 4 4 4 4 4 4 4
split_gain=0.392594 1.63331 1.75749 1.5699 1.53975 0.570735 0.838363 0.684376 0.000127903 0.000163613
threshold=73.500000000000014 3.5000000000000004 1.0000000180025095e-35 71.500000000000014 76.500000000000014 68.500000000000014 70.500000000000014 66.500000000000014 80.500000000000014 77.500000000000014
decision_type=2 2 2 2 2 2 2 2 2 2
left_child=3 8 -3 5 -4 7 -7 -1 9 -2
right_child=1 2 4 -5 -6 6 -8 -9 -10 -11
leaf_value=-0.00037689902201460058 -0.081914787946628986 0.068826421372667104 -0.098616194235144464 0.065609957193271465 0.010769691752992687 -0.08259574205984184 0.006471629695902135 0.035093707728785277 -0.081362816932774862 -0.083648861350904269
leaf_weight=248.78875237051398 0.63066923618316539 1.7853712551295755 1.2814472783356907 2.335988610982894 2.3050167611800134 1.3156273309141389 1.391945281997323 3.5306703187525263 0.48232517577707756 0.77756012976169586
leaf_count=4478 28 27 18 37 41 47 18 56 31 19
internal_value=-0.000192233 -0.0185356 0.00397138 0.000325389 -0.028314 -0.000272602 -0.0368068 0.000119436 -0.0824872 -0.0828723
internal_weight=264.625 7.26239 5.37184 257.363 3.58646 255.027 2.70757 252.319 1.89055 1.40823
internal_count=4800 164 86 4636 59 4599 65 4534 78 47
is_linear=0
shrinkage=0.08


Tree=50
num_leaves=15
num_cat=0
split_feature=4 4 4 4 0 0 4 1 1 4 0 4 4 0
split_gain=0.362547 2.5817 1.67844 1.49983 2.72712 1.66297 1.46288 1.42544 1.38589 1.24872 1.13177 0.763913 0.682724 0.482938
threshold=46.500000000000007 41.500000000000007 42.500000000000007 50.500000000000007 1.0000000180025095e-35 6.5000000000000009 40.500000000000007 1.5000000000000002 1.5000000000000002 52.500000000000007 5.5000000000000009 33.500000000000007 55.500000000000007 1.5000000000000002
decision_type=2 2 2 2 2 2 2 2 2 2 2 2 2 2
left_child=1 6 10 4 -2 -6 11 -8 -4 13 -3 -1 -11 -5
right_child=3 2 8 9 5 -7 7 -9 -10 12 -12 -13 -14 -15
leaf_value=-0.0035570968845585844 -0.084640689406480382 -0.018655689256285832 -0.034468133114624565 -0.082993172335346865 0.040226702162230996 -0.026645115478824449 0.0054137762192014386 0.082015529612175814 0.0068176361476512031 0.018160496747190599 -0.087838817365404179 0.0090547116028442329 -0.0029000223561757225 -0.025399183131586171
leaf_weight=102.99648820888251 1.4091723188757921 2.4792431555688408 10.464254464954138 1.1389925219118584 16.582992138341073 2.7788338735699645 3.483592625707387 2.8078389279544353 10.351006906479597 12.646192220970986 3.8843935430049896 43.81270144879818 44.571683282032609 5.1220129877328873
leaf_count=2048 30 68 218 33 227 60 56 36 162 216 35 694 828 89
internal_value=-0.000183479 -0.00220811 -0.0249299 0.00414887 0.0228089 0.0306292 0.00182552 0.0396008 -0.0139376 -0.00195689 -0.0608854 0.000206682 0.00175474 -0.0358766
internal_weight=264.529 180.28 27.1789 84.2499 20.771 19.3618 153.101 6.29143 20.8153 63.4789 6.36364 146.809 57.2179 6.26101
internal_count=4800 3317 483 1483 317 287 2834 92 380 1166 103 2742 1044 122
is_linear=0
shrinkage=0.08


Tree=51
num_leaves=12
num_cat=0
split_feature=4 4 4 1 4 4 4 1 0 0 1
split_gain=0.359292 1.61033 1.29275 1.04778 0.714366 1.52102 0.703956 0.644591 0.454278 0.397358 0.380052
threshold=7.5000000000000009 9.5000000000000018 4.5000000000000009 1.5000000000000002 12.500000000000002 14.500000000000002 1.5000000000000002 1.5000000000000002 5.5000000000000009 4.5000000000000009 1.5000000000000002
decision_type=2 2 2 2 2 2 2 2 2 2 2
left_child=2 10 6 -4 8 -6 7 -1 -3 -8 -2
right_child=1 4 3 -5 5 -7 9 -9 -10 -11 -12
leaf_value=-0.013778613475517874 -0.1023676777239817 0.001495531349751029 0.075383498068082713 -0.0030124528874772918 -0.046796479261601388 -7.8527521532204659e-05 -0.082151316083650311 0.037406212260084816 0.043901446923363487 -0.012869202142234739 -0.036651329405987851
leaf_weight=3.8198016434907895 1.0810458092018953 2.8303884863853446 2.9567055329680434 1.729219816625118 4.5454132147133341 237.72763107297942 1.0075768753886225 2.6790159288793802 3.7706279288977385 1.1173289828002451 1.175804166123271
leaf_count=80 29 90 40 28 99 4247 40 59 32 36 20
internal_value=-0.000178726 -0.00085759 0.0126303 0.0464535 -0.000247549 -0.000955028 -0.0057484 0.00732137 0.0257186 -0.045721 -0.0681299
internal_weight=264.441 251.131 13.3096 4.68593 248.874 242.273 8.62372 6.49882 6.60102 2.12491 2.25685
internal_count=4800 4517 283 68 4468 4346 215 139 122 76 49
is_linear=0
shrinkage=0.08


Tree=52
num_leaves=11
num_cat=0
split_feature=4 0 0 4 4 4 4 4 4 4
split_gain=0.335222 1.52462 1.47206 1.70967 1.27855 0.498355 0.795414 0.577263 9.90717e-05 0.000126558
threshold=73.500000000000014 3.5000000000000004 5.5000000000000009 77.500000000000014 71.500000000000014 68.500000000000014 70.500000000000014 66.500000000000014 80.500000000000014 77.500000000000014
decision_type=2 2 2 2 2 2 2 2 2 2
left_child=4 8 -3 -4 5 7 -7 -1 9 -2
right_child=1 2 3 -5 -6 6 -8 -9 -10 -11
leaf_value=-0.00034761133849543622 -0.08175903603274691 0.053025736120582166 0.022734247756849572 -0.096000316310552919 0.057965925422497434 -0.082383772870191468 0.0061798684511581914 0.031960169180812126 -0.081252760487707701 -0.083346655348682339
leaf_weight=248.57078369706869 0.58154931850731262 2.2562283035367727 1.6908451672643425 1.4346894510090349 2.4377484656870356 1.2139630606397978 1.3946578875184059 3.5906099174171677 0.44451620522886504 0.71822257712483406
leaf_count=4478 28 36 21 29 37 47 18 56 31 19
internal_value=-0.000169914 -0.0172857 0.00378085 -0.0317675 0.000304286 -0.000247445 -0.0350346 0.00011243 -0.0822837 -0.0826363
internal_weight=264.334 7.12605 5.38176 3.12553 257.208 254.77 2.60862 252.161 1.74429 1.29977
internal_count=4800 164 86 50 4636 4599 65 4534 78 47
is_linear=0
shrinkage=0.08


Tree=53
num_leaves=14
num_cat=0
split_feature=2 4 4 0 4 4 4 4 1 1 1 4 1
split_gain=0.330779 2.91301 3.09186 3.09235 1.59766 0.975341 1.27535 1.2143 0.948398 0.934251 0.831102 0.667343 0.390161
threshold=1.5000000000000002 64.500000000000014 33.500000000000007 2.5000000000000004 31.500000000000004 7.5000000000000009 9.5000000000000018 4.5000000000000009 1.5000000000000002 1.5000000000000002 1.5000000000000002 1.0000000180025095e-35 1.5000000000000002
decision_type=2 2 2 2 2 2 2 2 2 2 2 2 2
left_child=5 2 4 -4 -2 7 12 11 -3 -9 -8 -1 -7
right_child=1 8 3 -5 -6 6 10 9 -10 -11 -12 -13 -14
leaf_value=0.019809233656426797 -0.0074032725776448571 -0.0072143561528313039 0.080835941108453491 0.013789275047410633 -0.092501621868699965 -0.10246337366854787 -0.0067336385488469029 0.082153097322717014 -0.10152726219493408 0.0051467235993111985 0.0033785963026363797 -0.031531925309099693 -0.032811427813488676
leaf_weight=4.3428590036928636 13.291329582221804 1.0381066901609293 5.8018751237541464 18.255668515339494 1.5797818824648846 0.95972124952822846 111.11796912737191 2.8050977028906345 1.9913964532315731 1.574126064777374 97.796996270306408 2.5846230862662196 1.1100083254277706
leaf_count=101 253 33 125 223 37 26 2296 35 36 25 1505 87 18
internal_value=-0.000162569 0.00635229 0.0122327 0.0299587 -0.0164434 -0.00139227 -0.002619 0.0214987 -0.0692095 0.0544729 -0.00199991 0.000653999 -0.0651086
internal_weight=264.25 41.9582 38.9287 24.0575 14.8711 222.291 210.985 11.3067 3.0295 4.37922 208.915 6.92748 2.06973
internal_count=4800 707 638 348 290 4093 3845 248 69 60 3801 188 44
is_linear=0
shrinkage=0.08


Tree=54
num_leaves=16
num_cat=0
split_feature=0 4 4 4 2 2 4 0 4 4 2 4 3 0 1
split_gain=0.351087 0.662055 3.34523 3.1333 1.56385 1.52645 2.25032 1.92147 0.622544 1.80138 1.97775 1.66826 1.21703 0.469561 8.20398e-06
threshold=4.5000000000000009 22.500000000000004 24.500000000000004 25.500000000000004 1.0000000180025095e-35 1.0000000180025095e-35 16.500000000000004 6.5000000000000009 45.500000000000007 47.500000000000007 1.0000000180025095e-35 44.500000000000007 1.0000000180025095e-35 3.5000000000000004 1.5000000000000002
decision_type=2 2 2 2 2 2 2 2 2 2 2 2 2 2 2
left_child=8 5 4 -4 -3 7 -7 -2 11 10 -10 13 -11 -1 -13
right_child=1 2 3 -5 -6 6 -8 -9 9 12 -12 14 -14 -15 -16
leaf_value=-0.003007547215247717 0.0049793009205919741 -0.12435048518815395 0.086165836330533194 0.00029393990620115134 -0.032613386247410503 0.001353987354331894 0.04914950696573242 -0.084474803680374008 -0.032197827879208704 -0.0068433695044671575 0.076823316604658909 -0.082079633964672036 0.064672572830901637 -0.020952109347847771 -0.082417129575284478
leaf_weight=47.783029503189027 5.797347627580165 1.7349475566297758 2.7800528164952985 124.73811374837533 3.781340379267931 14.981423798017206 10.88520981185138 2.0911004450172186 1.4640962481498707 29.174784987233583 3.9063517339527607 1.1573152225464571 1.6067821672186244 11.597917380742727 0.766112396493554
leaf_count=1369 50 17 39 1547 51 208 132 56 22 756 59 47 33 387 27
internal_value=-0.000162607 0.00206641 -0.000472455 0.00216605 -0.061466 0.0120725 0.0214673 -0.0187335 -0.00397741 0.00434883 0.0471019 -0.00888751 -0.00311027 -0.00651237 -0.0822141
internal_weight=264.246 166.79 133.034 127.518 5.51629 33.7551 25.8666 7.88845 97.4564 36.152 5.37045 61.3044 30.7816 59.3809 1.92343
internal_count=4800 2100 1654 1586 68 446 340 106 2700 870 81 1830 789 1756 74
is_linear=0
shrinkage=0.08


Tree=55
num_leaves=14
num_cat=0
split_feature=0 4 4 4 4 2 2 4 4 4 4 0 1
split_gain=0.320674 0.978101 4.51589 2.76936 2.72542 1.76772 0.601351 0.438609 1.43202 1.43129 1.793 1.10752 0.573938
threshold=1.0000000180025095e-35 33.500000000000007 37.500000000000007 16.500000000000004 9.5000000000000018 1.0000000180025095e-35 1.0000000180025095e-35 7.5000000000000009 5.5000000000000009 16.500000000000004 18.500000000000004 4.5000000000000009 1.5000000000000002
decision_type=2 2 2 2 2 2 2 2 2 2 2 2 2
left_child=1 3 -3 4 -1 -4 -5 8 12 11 -11 -9 -2
right_child=7 2 5 6 -6 -7 -8 9 -10 10 -12 -13 -14
leaf_value=-0.033891664018138805 -0.015746434424209067 0.11389605725272986 -0.083505972605842568 -0.018519333176179466 0.12734786500673845 -0.00089406327554914249 -0.082550064804598991 -0.060930012057770828 0.065295346053895045 0.045099182544315573 0.00035091131423292096 -0.011402544413090653 0.025500255865277793
leaf_weight=1.6310134902596503 5.5995122175663692 2.0129621364176264 2.0499157626181832 1.2411640621721742 1.1397622711956499 8.6642399830743653 3.8521122541278601 3.8175783110782495 2.8310428932309142 5.8915909714996806 209.85693269083276 11.887523928657172 3.5140085872262716
leaf_count=51 118 39 57 36 31 212 129 178 36 111 3565 154 83
internal_value=-0.00016396 -0.00975016 0.00395548 -0.0319313 0.0324344 -0.0167 -0.0669466 0.000647021 0.0155962 -0.000124457 0.00157288 -0.0234416 0.000157542
internal_weight=263.989 20.5912 12.7271 7.86405 2.77078 10.7142 5.09328 243.398 11.9446 231.454 215.749 15.7051 9.11352
internal_count=4800 555 308 247 82 269 165 4245 237 4008 3676 332 201
is_linear=0
shrinkage=0.08


Tree=56
num_leaves=16
num_cat=0
split_feature=4 4 4 2 0 0 4 4 4 1 4 0 2 4 4
split_gain=0.291946 2.22056 1.49227 1.40356 1.2708 1.43943 2.02311 1.41273 2.2856 1.3436 1.21358 1.21105 1.07212 0.577206 3.16725e-06
threshold=46.500000000000007 41.500000000000007 42.500000000000007 1.0000000180025095e-35 7.5000000000000009 1.5000000000000002 47.500000000000007 63.500000000000007 54.500000000000007 1.0000000180025095e-35 40.500000000000007 3.5000000000000004 1.0000000180025095e-35 33.500000000000007 70.500000000000014
decision_type=2 2 2 2 2 2 2 2 2 2 2 2 2 2 2
left_child=1 10 12 -4 5 9 -7 8 -6 -2 13 -12 -3 -1 -9
right_child=4 2 3 -5 7 6 -8 14 -10 -11 11 -13 -14 -15 -16
leaf_value=-0.0030597367029787303 -0.060326378632936051 -0.11572406216577216 0.027266664072268545 -0.023719268501020387 -0.055119109911985237 0.063725896302838189 0.007782582886879265 -0.084226705414869832 0.052424634020249022 -0.0021819170984132092 -0.028347627214233766 0.054689282018601348 -0.038592797436165706 0.0078821731475455098 -0.084426820827784452
leaf_weight=102.14515590574592 3.4415513444691888 1.5298800822347427 4.3909751996397999 16.219338806346059 2.7630695756524792 4.4463445395231238 59.495536767877638 1.1801337543874981 2.3323862180113792 9.7473590839654189 1.4544690214097489 4.9486101530492306 4.6861607227474451 44.209150644019246 0.8863394372165202
leaf_count=2048 93 21 84 296 63 55 933 29 49 237 38 54 82 694 24
internal_value=-0.000167914 -0.00199098 -0.0232189 -0.0128568 0.00371609 0.00670928 0.0116727 -0.0285193 -0.0058922 -0.0173543 0.00173695 0.0358273 -0.0575762 0.000245479 -0.0843125
internal_weight=263.876 179.584 26.8264 20.6103 84.2927 77.1308 63.9419 7.16193 5.09546 13.1889 152.757 6.40308 6.21604 146.354 2.06647
internal_count=4800 3317 483 380 1483 1318 988 165 112 330 2834 92 103 2742 53
is_linear=0
shrinkage=0.08


Tree=57
num_leaves=13
num_cat=0
split_feature=0 4 2 4 4 4 1 0 4 4 4 4
split_gain=0.281749 0.813176 3.06398 2.09005 1.60943 1.4303 0.994395 0.924897 0.773542 0.56557 1.63444 1.1284
threshold=5.5000000000000009 63.500000000000007 1.0000000180025095e-35 54.500000000000007 55.500000000000007 53.500000000000007 1.5000000000000002 6.5000000000000009 82.500000000000014 72.500000000000014 70.500000000000014 77.500000000000014
decision_type=2 2 2 2 2 2 2 2 2 2 2 2
left_child=8 3 7 5 -5 -2 -4 -3 9 10 -1 -11
right_child=1 2 6 4 -6 -7 -8 -9 -10 11 -12 -13
leaf_value=-0.0036566099889692662 0.0017284933565823901 0.094970597196241263 -0.077854814134194067 0.090796235951961887 0.020456526415093684 -0.05968245856745779 -0.021272118043252061 0.0084311403171536108 0.065346082515667037 -0.084354839409351151 0.082721913806722364 0.010151016965757485
leaf_weight=118.37669972609729 110.40361111797392 1.4803113676607584 3.2831068257801235 2.4896933510899535 12.709161477163432 2.4818112459033719 5.0382808484137058 1.6959112305194137 1.0526668354868878 1.5979415243491524 1.4187702499330033 1.6368768373504279
leaf_count=3076 1242 10 60 24 136 25 46 35 38 50 23 35
internal_value=-0.000166989 0.00229869 -0.0180817 0.00412815 0.0319787 0.00037836 -0.0435962 0.0487637 -0.00294065 -0.00352492 -0.00263361 -0.0365332
internal_weight=263.665 139.582 11.4976 128.084 15.1989 112.885 8.32139 3.17622 124.083 123.03 119.795 3.23482
internal_count=4800 1578 151 1427 160 1267 106 45 3222 3184 3099 85
is_linear=0
shrinkage=0.08


Tree=58
num_leaves=14
num_cat=0
split_feature=4 4 2 3 0 2 4 4 1 1 4 4 0
split_gain=0.281719 2.80567 2.04949 1.35797 1.5803 1.08013 3.10773 1.45192 0.963104 0.620046 4.33794 1.19012 0.17941
threshold=22.500000000000004 24.500000000000004 1.0000000180025095e-35 1.0000000180025095e-35 5.5000000000000009 1.0000000180025095e-35 64.500000000000014 84.500000000000014 1.0000000180025095e-35 1.5000000000000002 20.500000000000004 18.500000000000004 5.5000000000000009
decision_type=2 2 2 2 2 2 2 2 2 2 2 2 2
left_child=3 2 12 9 -5 6 -3 -7 -4 11 -11 -1 -2
right_child=1 5 8 4 -6 7 -8 -9 -10 10 -12 -13 -14
leaf_value=0.004711479988391813 -0.083270077768824002 0.0035167157487405467 0.036088248083749989 0.0043010713894949268 0.15966612309157838 -0.002237943324537691 0.066639400313429645 -0.09636329714093568 -0.039661130243378938 -0.0016956618826294023 0.10207121621212913 -0.033042762660666317 -0.12621492189011074
leaf_weight=20.650986026972536 1.1158866994082912 43.94088988751173 1.4329235665500162 0.91073053423315176 0.7760234922170639 153.89342807978392 5.6314981831237665 1.0560389412567008 4.2912936750799417 18.040972716175023 3.0083130318671456 7.209123207256197 1.4083759915083645
leaf_count=452 33 748 27 32 11 2709 109 28 98 344 47 149 13
internal_value=-0.000160024 -0.00143594 -0.0471801 0.00520553 0.0757797 0.00040895 0.0106875 -0.00287944 -0.020699 0.00277162 0.0131344 -0.00505786 -0.107231
internal_weight=263.366 212.77 8.24848 50.5961 1.68675 204.522 49.5724 154.949 5.72422 48.9094 21.0493 27.8601 2.52426
internal_count=4800 3765 171 1035 43 3594 857 2737 125 992 391 601 46
is_linear=0
shrinkage=0.08


Tree=59
num_leaves=14
num_cat=0
split_feature=2 4 4 4 0 1 4 4 4 4 1 4 1
split_gain=0.281539 2.45233 2.60071 3.6597 1.09823 0.92426 0.77854 1.08969 0.866113 0.823028 0.739825 0.579867 0.393024
threshold=1.5000000000000002 64.500000000000014 37.500000000000007 39.500000000000007 7.5000000000000009 1.5000000000000002 7.5000000000000009 9.5000000000000018 12.500000000000002 4.5000000000000009 1.5000000000000002 1.5000000000000002 1.5000000000000002
decision_type=2 2 2 2 2 2 2 2 2 2 2 2 2
left_child=6 2 4 -4 -2 -3 9 12 -9 11 -11 -1 -8
right_child=1 5 3 -5 -6 -7 7 8 -10 10 -12 -13 -14
leaf_value=0.015152652904158709 -0.0063611652339920265 -0.0040814844570531304 0.13254690714774359 0.019069734271443067 -0.084450883133713503 -0.099853489486937064 -0.10164540498766592 0.028266720872130471 -0.0027347834855080463 0.068701988844683148 0.0016264308115267355 -0.038002950893046575 -0.029382136334014746
leaf_weight=5.0796750141307694 16.262404492124919 0.99558702576905411 2.0042946934700039 19.663626005873084 1.2405382720753539 1.830898760817945 0.87817031703889248 5.9370651803910723 201.96502155950293 2.9923954531550407 1.6233001351356504 1.7714896053075788 1.0668819677084684
leaf_count=119 310 33 28 270 30 36 26 108 3693 35 25 69 18
internal_value=-0.000158369 0.00584669 0.0110396 0.0295664 -0.0118959 -0.0661192 -0.00129791 -0.00240708 -0.00184947 0.0190002 0.0451121 0.00140833 -0.0620082
internal_weight=263.311 41.9973 39.1709 21.6679 17.5029 2.82649 221.314 209.847 207.902 11.4669 4.6157 6.85116 1.94505
internal_count=4800 707 638 298 340 69 4093 3845 3801 248 60 188 44
is_linear=0
shrinkage=0.08


Tree=60
num_leaves=13
num_cat=0
split_feature=0 4 2 4 4 4 1 0 4 4 4 4
split_gain=0.251156 0.694003 2.22197 1.7393 1.33825 1.31285 0.912256 0.796104 0.68124 0.53419 1.27685 1.04008
threshold=5.5000000000000009 63.500000000000007 1.0000000180025095e-35 54.500000000000007 55.500000000000007 41.500000000000007 1.5000000000000002 6.5000000000000009 82.500000000000014 72.500000000000014 70.500000000000014 77.500000000000014
decision_type=2 2 2 2 2 2 2 2 2 2 2 2
left_child=8 3 7 5 -5 -2 -4 -3 9 10 -1 -11
right_child=1 2 6 4 -6 -7 -8 -9 -10 11 -12 -13
leaf_value=-0.0034175656729446627 0.0057753555960962846 0.081449397802608584 -0.072794543957777055 0.0822292487182643 0.018616107007436211 -0.013500626379214698 -0.017755925875293097 0.0026021455366275039 0.060317934366342967 -0.084173430563814003 0.070220902959851242 0.0076019822157345077
leaf_weight=118.00541262608021 81.385457827709615 1.5053411498665785 3.1707229116000235 2.5369183197617522 12.772681832313536 31.31398332118988 4.9149608481675386 1.798956944607198 1.0855322298593808 1.4976932676509016 1.5264785476028908 1.6732321847230194
leaf_count=3076 926 10 60 24 136 341 46 35 38 50 23 35
internal_value=-0.000156171 0.00217266 -0.0167507 0.00385643 0.0291573 0.000419448 -0.0393388 0.0385226 -0.00277869 -0.0033369 -0.00247717 -0.0357454
internal_weight=263.187 139.399 11.39 128.009 15.3096 112.699 8.08568 3.3043 123.788 122.703 119.532 3.17093
internal_count=4800 1578 151 1427 160 1267 106 45 3222 3184 3099 85
is_linear=0
shrinkage=0.08


Tree=61
num_leaves=13
num_cat=0
split_feature=0 4 4 4 0 0 4 4 4 1 2 0
split_gain=0.24854 0.613259 2.24722 1.57345 2.04881 0.583152 0.470974 5.15903 2.4495 2.39732 2.25403 1.61308
threshold=6.5000000000000009 73.500000000000014 71.500000000000014 76.500000000000014 3.5000000000000004 5.5000000000000009 40.500000000000007 38.500000000000007 48.500000000000007 1.5000000000000002 1.0000000180025095e-35 7.5000000000000009
decision_type=2 2 2 2 2 2 2 2 2 2 2 2
left_child=1 2 5 -3 -5 -1 7 11 10 -10 -8 -2
right_child=6 3 -4 4 -6 -7 8 -9 9 -11 -12 -13
leaf_value=-0.0029383702198401231 -0.026742490703498507 -0.093641160424625822 0.084973382389389146 -0.082334471988561461 0.041968327580430308 0.0054935794431411368 0.032844498859041033 0.15376772295408991 0.038445784149554595 -0.03168488554829809 -0.083773825431468454 0.015892709109348091
leaf_weight=118.30598995275795 12.4795549614355 1.5535702956840385 2.0496100261807433 1.2558994721621277 2.6169386003166437 94.363535232841969 1.3736441824585224 1.34690268523991 6.5159236835315806 5.9847792256623507 4.6565091945230961 10.422621021047235
leaf_count=3088 295 35 27 58 33 526 35 33 170 116 116 268
internal_value=-0.000149088 0.00093518 0.00160642 -0.0256253 0.00165892 0.000802968 -0.00572873 0.00160911 -0.0153309 0.00487035 -0.0572086 -0.00733951
internal_weight=262.925 220.146 214.719 5.42641 3.87284 212.67 42.7799 24.2491 18.5309 12.5007 6.03015 22.9022
internal_count=4800 3767 3641 126 91 3614 1033 596 437 286 151 563
is_linear=0
shrinkage=0.08


Tree=62
num_leaves=13
num_cat=0
split_feature=2 4 4 4 0 1 4 4 4 4 1 4
split_gain=0.245264 2.12588 2.21468 2.90414 1.04629 0.857455 0.666474 0.975573 0.773863 0.67736 0.588006 0.505708
threshold=1.5000000000000002 64.500000000000014 37.500000000000007 41.500000000000007 7.5000000000000009 1.5000000000000002 7.5000000000000009 9.5000000000000018 10.500000000000002 4.5000000000000009 1.5000000000000002 1.0000000180025095e-35
decision_type=2 2 2 2 2 2 2 2 2 2 2 2
left_child=6 2 4 -4 -2 -3 9 -8 -9 11 -11 -1
right_child=1 5 3 -5 -6 -7 7 8 -10 10 -12 -13
leaf_value=0.017571958796350286 -0.0059165362897830066 -0.0044064718485202639 0.082001373850705106 0.011626039018225912 -0.08418473179756783 -0.098049802725059226 -0.0598461211498066 0.05579379803863619 -0.0021518873609591626 0.061138133300188136 0.0016865705284563998 -0.027924356649471901
leaf_weight=4.3863244047388417 16.14288188517094 0.99316221196204346 4.8073072582483318 17.108478330075741 1.1724940175190557 1.691871830727905 1.8656665813177813 1.4856911860406388 205.62300839647651 3.1068455241620541 1.6198424845933912 2.4297406487166882
leaf_count=101 310 33 63 235 30 36 44 34 3767 35 25 87
internal_value=-0.000155096 0.00545444 0.0101678 0.0270631 -0.0112164 -0.0634122 -0.00122137 -0.002255 -0.00173621 0.017492 0.040764 0.00135377
internal_weight=262.433 41.9162 39.2312 21.9158 17.3154 2.68503 220.517 208.974 207.109 11.5428 4.72669 6.81607
internal_count=4800 707 638 298 340 69 4093 3845 3801 248 60 188
is_linear=0
shrinkage=0.08


Tree=63
num_leaves=15
num_cat=0
split_feature=4 4 4 4 0 4 1 4 2 4 1 1 0 1
split_gain=0.240216 1.7194 1.35473 1.21681 2.37422 1.31585 1.18774 1.02093 1.01343 0.996891 1.07389 0.564629 0.487632 0.476183
threshold=46.500000000000007 41.500000000000007 42.500000000000007 50.500000000000007 1.0000000180025095e-35 49.500000000000007 1.5000000000000002 52.500000000000007 1.0000000180025095e-35 40.500000000000007 1.5000000000000002 1.5000000000000002 7.5000000000000009 1.5000000000000002
decision_type=2 2 2 2 2 2 2 2 2 2 2 2 2 2
left_child=1 9 8 4 -2 -6 -4 13 -3 12 -11 -9 -1 -5
right_child=3 2 6 7 5 -7 -8 11 -10 10 -12 -13 -14 -15
leaf_value=-0.0012488043052968983 -0.084453923119535743 -0.11262568310886081 -0.030433921855340045 -0.013341713242698918 0.017271041230610223 0.071047742450972451 0.008351295205931383 0.0088794110364974563 -0.035619682313756534 0.0021304834865800266 0.067709305142422724 -0.007078141473908406 0.016131230144715673 -0.058475418525967847
leaf_weight=134.64089901931584 1.3051683660596634 1.4437119103968168 10.019692983478308 3.3648003861308089 16.164343088865284 3.5519362930208436 10.194806816056371 29.24970843270421 4.5123178847134113 3.4784310720860949 2.9564319662749767 27.563948266673833 11.19037557672709 2.6937906611710787
leaf_count=2459 30 21 218 81 233 54 162 622 82 56 36 422 283 41
internal_value=-0.000151147 -0.00181107 -0.0207533 0.00337941 0.0200417 0.026959 -0.0108733 -0.00219165 -0.0542856 0.0014446 0.03226 0.00113738 8.48542e-05 -0.0334092
internal_weight=262.33 178.437 26.1705 83.8937 21.0214 19.7163 20.2145 62.8722 5.95603 152.266 6.43486 56.8137 145.831 6.05859
internal_count=4800 3317 483 1483 317 287 380 1166 103 2834 92 1044 2742 122
is_linear=0
shrinkage=0.08


Tree=64
num_leaves=11
num_cat=0
split_feature=0 4 4 4 4 4 4 0 0 1
split_gain=0.232245 0.670048 0.892686 1.53698 0.513984 1.7865 1.44817 1.82417 0.517959 4.53351e-06
threshold=6.5000000000000009 4.5000000000000009 10.500000000000002 16.500000000000004 73.500000000000014 71.500000000000014 76.500000000000014 3.5000000000000004 5.5000000000000009 1.5000000000000002
decision_type=2 2 2 2 2 2 2 2 2 2
left_child=4 9 -3 -4 5 8 -6 -8 -1 -2
right_child=1 2 3 -5 6 -7 7 -9 -10 -11
leaf_value=-0.0027602256371841139 -0.081456906301160786 0.042605222942149829 -0.083240002564556798 -0.0038567656503486346 -0.092272316087764872 0.073869002586318205 -0.082137512679232735 0.038226594791015971 0.005193757200907684 -0.081054952963308724
leaf_weight=118.00971671380103 0.42218855302780767 2.4531838987022629 1.6280806809663761 37.85865177353844 1.4369695028290141 2.1616117451339951 1.1538801533170047 2.6717061586678028 94.239939820021391 0.31251268181949854
leaf_count=3088 27 37 46 898 35 27 58 33 526 25
internal_value=-0.000147029 -0.00554746 -0.00422068 -0.00712982 0.000902078 0.00150833 -0.0237982 0.00192216 0.000771384 -0.0812859
internal_weight=262.348 42.6746 41.9399 39.4867 219.674 214.411 5.26256 3.82559 212.25 0.734701
internal_count=4800 1033 981 944 3767 3641 126 91 3614 52
is_linear=0
shrinkage=0.08


Tree=65
num_leaves=14
num_cat=0
split_feature=4 4 2 3 0 0 2 3 4 4 1 4 0
split_gain=0.220703 2.44495 1.92402 1.20075 1.31172 1.01197 0.930982 2.50018 1.06859 0.62271 3.24703 1.32273 0.136567
threshold=22.500000000000004 24.500000000000004 1.0000000180025095e-35 1.0000000180025095e-35 5.5000000000000009 2.5000000000000004 1.0000000180025095e-35 1.0000000180025095e-35 64.500000000000014 16.500000000000004 1.5000000000000002 12.500000000000002 5.5000000000000009
decision_type=2 2 2 2 2 2 2 2 2 2 2 2 2
left_child=3 2 12 9 -5 -4 7 -3 -8 11 -11 -1 -2
right_child=1 6 5 4 -6 -7 8 -9 -10 10 -12 -13 -14
leaf_value=0.0049961713056273322 -0.082966408026930533 0.012969017489129509 0.043695800972408952 0.0051690366813780201 0.14661541725136235 -0.037616901779276325 -0.00056467680468714099 -0.096558609661593811 -0.023953605029113118 -0.016548241748417132 0.048871143145606907 -0.033851774539665265 -0.12172779687968917
leaf_weight=21.614489696919922 1.0186460278928273 48.304367465898395 1.2682132516056297 0.90190119855105766 0.78465782199054956 4.3037636112421751 140.04106604773551 1.3717167265713204 13.727254273369907 10.621344059705734 8.9451220724731684 7.5753297284245482 1.3563017342239616
leaf_count=436 33 832 44 32 11 81 2443 25 294 224 147 185 13
internal_value=-0.000142562 -0.00127715 -0.0448087 0.00461215 0.0709758 -0.0191097 0.00042328 0.00994461 -0.00265266 0.00231652 0.0133593 -0.00508563 -0.105103
internal_weight=261.834 211.391 7.94692 50.4428 1.68656 5.57198 203.444 49.6761 153.768 48.7563 19.5665 29.1898 2.37495
internal_count=4800 3765 171 1035 43 125 3594 857 2737 992 371 621 46
is_linear=0
shrinkage=0.08


Tree=66
num_leaves=16
num_cat=0
split_feature=4 4 4 0 4 4 0 4 1 4 0 0 0 0 2
split_gain=0.220364 1.49448 1.26784 1.10032 1.2366 1.59893 1.07771 1.63076 1.25902 0.810995 0.937232 0.799861 0.46047 0.396116 0.000150587
threshold=46.500000000000007 41.500000000000007 43.500000000000007 7.5000000000000009 63.500000000000007 54.500000000000007 1.5000000000000002 47.500000000000007 1.0000000180025095e-35 40.500000000000007 3.5000000000000004 1.0000000180025095e-35 7.5000000000000009 6.5000000000000009 1.0000000180025095e-35
decision_type=2 2 2 2 2 2 2 2 2 2 2 2 2 2 2
left_child=1 9 13 6 5 -5 8 -8 -2 12 -11 -4 -1 -3 -6
right_child=3 2 11 4 14 -7 7 -9 -10 10 -12 -13 -14 -15 -16
leaf_value=-0.0012488127391288703 -0.058523891188700362 -0.034989461196725538 0.060768366076492233 -0.05231820982825016 -0.08476125111247397 0.036682165369274947 0.055821935596537461 0.0066644262990538652 -0.00064572516581988353 -0.027976076971828436 0.045054991524185177 -0.0097993083499185261 0.015606672007109204 -0.082796961293013269 -0.083287715681958266
leaf_weight=134.34969848487526 3.2140942341648033 9.436826219782235 1.1091125868260849 2.5480954907834521 0.77045822143554676 2.6204835884273052 4.6579926498234263 59.361341804731637 9.559646809473632 1.4444713201373804 5.0791746638715267 14.052026029676197 11.240743514150379 1.2569407299160946 1.0470889899879692
leaf_count=2459 93 151 33 63 17 49 55 933 237 38 54 257 283 42 36
internal_value=-0.000140689 -0.00173332 -0.0195151 0.00324247 -0.027154 -0.00719478 0.00600775 0.0102411 -0.0152089 0.00128906 0.0288844 -0.00463693 5.25651e-05 -0.0406087 -0.0839123
internal_weight=261.748 177.969 25.8549 83.7792 6.98613 5.16858 76.7931 64.0193 12.7737 152.114 6.52365 15.1611 145.59 10.6938 1.81755
internal_count=4800 3317 483 1483 165 112 1318 988 330 2834 92 290 2742 193 53
is_linear=0
shrinkage=0.08


Tree=67
num_leaves=14
num_cat=0
split_feature=2 4 4 0 4 4 4 2 4 0 4 0 0
split_gain=0.208187 1.76604 1.87733 2.24827 1.49181 0.869051 0.65704 2.0485 3.1803 1.15095 0.654364 0.735981 0.712638
threshold=1.5000000000000002 64.500000000000014 33.500000000000007 2.5000000000000004 31.500000000000004 71.500000000000014 65.500000000000014 1.0000000180025095e-35 68.500000000000014 1.5000000000000002 62.500000000000007 6.5000000000000009 7.5000000000000009
decision_type=2 2 2 2 2 2 2 2 2 2 2 2 2
left_child=6 2 4 -4 -2 -3 10 8 -8 -9 12 -12 -1
right_child=1 5 3 -5 -6 -7 7 9 -10 -11 11 -13 -14
leaf_value=-0.0029143174659431509 -0.0054082604248553148 -0.094197198682586358 0.063033795768971709 0.0082428683390132831 -0.092135372395738754 0.0051543693541677236 0.16543949872475236 0.051763652024896988 0.019595371554172982 -0.019837848515253439 -0.014536089418690321 -0.084582832414214396 0.014587267490565794
leaf_weight=182.66959710139781 12.874459138140081 1.6439894596114748 6.4616878945380476 18.560762871056795 1.408193977549671 0.85732369311153878 1.278517957776782 1.7626096392050383 3.8040547091513872 7.7724921950139105 5.1158986967056981 1.1817559525370596 16.211429980583489
leaf_count=3282 253 39 125 223 37 30 26 53 74 148 84 28 398
internal_value=-0.000139921 0.00503477 0.00918267 0.0223918 -0.0139591 -0.0601445 -0.00112417 0.0152629 0.0562824 -0.00660197 -0.00229165 -0.0276804 -0.00148771
internal_weight=261.603 41.8064 39.3051 25.0225 14.2827 2.50131 219.796 14.6177 5.08257 9.5351 205.179 6.29765 198.881
internal_count=4800 707 638 348 290 69 4093 301 100 201 3792 112 3680
is_linear=0
shrinkage=0.08


Tree=68
num_leaves=11
num_cat=0
split_feature=0 4 4 4 0 4 4 4 4 4
split_gain=0.219673 0.498759 1.29166 0.589834 0.44021 0.8175 1.58254 0.85628 0.570321 0.388146
threshold=6.5000000000000009 74.500000000000014 67.500000000000014 52.500000000000007 5.5000000000000009 20.500000000000004 16.500000000000004 44.500000000000007 82.500000000000014 72.500000000000014
decision_type=2 2 2 2 2 2 2 2 2 2
left_child=4 2 3 -2 8 6 -6 -7 9 -1
right_child=1 -3 -4 -5 5 7 -8 -9 -10 -11
leaf_value=-0.0021124124285131184 -0.0091731679650406701 0.044883215000000434 -0.084570895448359926 0.015122835908227094 0.0060361513993047247 -0.0047655026052655022 0.065259095976532192 0.011960486167022603 0.054508872707720174 -0.031696663283055787
leaf_weight=118.8801252450794 32.012572203762829 1.2259631999768306 1.326132783666252 7.9913881467655292 10.37214821949601 49.59648971632123 4.001873940229415 32.376734960824251 1.1208581081591535 2.9076937176287165
leaf_count=3099 795 35 37 166 64 270 22 189 38 85
internal_value=-0.000143106 -0.00540302 -0.00689465 -0.00431968 0.000877807 0.00492651 0.0225244 0.00184071 -0.00229594 -0.00281874
internal_weight=261.812 42.5561 41.3301 40.004 219.256 96.3472 14.374 81.9732 122.909 121.788
internal_count=4800 1033 998 961 3767 545 86 459 3222 3184
is_linear=0
shrinkage=0.08


Tree=69
num_leaves=9
num_cat=0
split_feature=4 0 4 4 4 1 4 1
split_gain=0.227701 1.26629 2.49871 0.508077 0.68793 0.700253 0.67295 0.451926
threshold=80.500000000000014 5.5000000000000009 83.500000000000014 76.500000000000014 73.500000000000014 1.5000000000000002 71.500000000000014 1.5000000000000002
decision_type=2 2 2 2 2 2 2 2
left_child=3 2 -2 4 6 -6 -1 -5
right_child=1 -3 -4 7 5 -7 -8 -9
leaf_value=-0.0003003761551790399 -0.089902052748007777 -0.094900382571474012 0.1218131968617802 0.072367681022829866 0.0023761430018662175 -0.094917948330810964 0.039669357251412699 -0.0015956710863494694
leaf_weight=252.15578199224547 0.66764780133962565 0.9760239771567284 0.76621691649779677 1.1705335946753614 0.91021742485463508 0.98660541418939829 2.7250107508152714 0.96422728337347496
leaf_count=4599 17 22 30 23 30 16 37 26
internal_value=-0.000134961 -0.0246122 0.0232326 9.28665e-05 -0.000230261 -0.04823 0.000126953 0.03896
internal_weight=261.322 2.40989 1.43386 258.912 256.778 1.89682 254.881 2.13476
internal_count=4800 69 47 4731 4682 46 4636 49
is_linear=0
shrinkage=0.08


Tree=70
num_leaves=9
num_cat=0
split_feature=4 0 4 4 4 1 4 1
split_gain=0.200789 1.14705 2.0199 0.418504 0.605644 0.658523 0.553788 0.356595
threshold=80.500000000000014 5.5000000000000009 83.500000000000014 76.500000000000014 73.500000000000014 1.5000000000000002 71.500000000000014 1.5000000000000002
decision_type=2 2 2 2 2 2 2 2
left_child=3 2 -2 4 6 -6 -1 -5
right_child=1 -3 -4 7 5 -7 -8 -9
leaf_value=-0.00027639620336834705 -0.08911934373798415 -0.093763858026188696 0.1006961808387961 0.06362187442626123 0.0021813173111937751 -0.093686094704496695 0.035519467889552313 -0.0014702034356145904
leaf_weight=252.11187502695248 0.62150907143950396 0.91145968250930298 0.84880838915705681 1.2225776044651859 0.91211170610040315 0.92223745957016945 2.7967224959284058 0.96285246685147274
leaf_count=4599 17 22 30 23 30 16 37 26
internal_value=-0.000129224 -0.023251 0.0204604 8.3464e-05 -0.000213271 -0.046017 0.000116337 0.0349437
internal_weight=261.31 2.38178 1.47032 258.928 256.743 1.83435 254.909 2.18543
internal_count=4800 69 47 4731 4682 46 4636 49
is_linear=0
shrinkage=0.08


Tree=71
num_leaves=14
num_cat=0
split_feature=0 4 4 4 4 2 2 4 4 4 0 4 1
split_gain=0.196963 0.861941 3.40101 2.49797 2.13318 1.66946 0.621854 0.244562 1.13179 1.40349 0.99508 0.826105 0.537486
threshold=1.0000000180025095e-35 33.500000000000007 37.500000000000007 16.500000000000004 9.5000000000000018 1.0000000180025095e-35 1.0000000180025095e-35 7.5000000000000009 16.500000000000004 17.500000000000004 4.5000000000000009 5.5000000000000009 1.5000000000000002
decision_type=2 2 2 2 2 2 2 2 2 2 2 2 2
left_child=1 3 -3 4 -1 -4 -5 11 10 -10 -9 12 -2
right_child=7 2 5 6 -6 -7 -8 8 9 -11 -12 -13 -14
leaf_value=-0.031974537038313426 -0.016234851207730286 0.094944369950670016 -0.083165912501940692 -0.015093238277244765 0.10798989433101668 0.00077271365871130746 -0.082289992852205049 -0.058757817556146563 0.053713906923424232 0.00061260050356383639 -0.010001144757319603 0.046922077820570673 0.023739834192817329
leaf_weight=1.5706782694906025 5.5409356504678708 2.2181887589395037 1.8466443251818407 1.1809282563626764 1.2527309022843836 8.4814876625314337 3.4749856479465961 3.4825614914298049 3.234410021454095 210.73998687160201 11.61020504683256 3.1380665600299826 3.5203249054029584
leaf_count=51 118 39 57 36 31 212 129 178 59 3617 154 36 83
internal_value=-0.000123196 -0.00774705 0.00506766 -0.0292433 0.0301269 -0.0142353 -0.0652462 0.0005096 -7.81903e-05 0.00141527 -0.0212514 0.0115466 -0.000704575
internal_weight=261.292 20.0256 12.5463 7.47932 2.82341 10.3281 4.65591 241.266 229.067 213.974 15.0928 12.1993 9.06126
internal_count=4800 555 308 247 82 269 165 4245 4008 3676 332 237 201
is_linear=0
shrinkage=0.08


Tree=72
num_leaves=10
num_cat=0
split_feature=4 0 0 0 4 1 4 4 0
split_gain=0.193267 0.888798 0.207973 0.452388 0.822608 0.775372 0.247113 2.34237 1.22325
threshold=84.500000000000014 5.5000000000000009 5.5000000000000009 6.5000000000000009 74.500000000000014 1.0000000180025095e-35 47.500000000000007 46.500000000000007 4.5000000000000009
decision_type=2 2 2 2 2 2 2 2 2
left_child=2 -2 6 5 -5 -4 7 -1 -8
right_child=1 -3 3 4 -6 -7 8 -9 -10
leaf_value=-0.0033388475428853589 0.035738434232354704 -0.095273374942654296 0.015099049996820536 -0.0065361497732437423 0.064806937470711437 -3.9846551631483294e-05 -0.0016857093304598315 0.052956833954573533 -0.042878991836148121
leaf_weight=81.357444728724658 0.65456075267866143 0.67127962247468531 33.116372540593147 41.140991107560694 1.0610292311757792 62.546281404793262 30.170901582576334 5.0222642570734015 5.4464688953012219
leaf_count=2234 24 16 150 998 23 391 769 53 142
internal_value=-0.000127286 -0.0305935 2.81555e-05 0.00215713 -0.00474247 0.00520092 -0.00237772 -6.57202e-05 -0.00798482
internal_weight=261.188 1.32584 259.862 137.865 42.202 95.6627 121.997 86.3797 35.6174
internal_count=4800 40 4760 1562 1021 541 3198 2287 911
is_linear=0
shrinkage=0.08


Tree=73
num_leaves=14
num_cat=0
split_feature=4 4 2 3 0 0 2 3 4 4 1 4 4
split_gain=0.179828 2.06169 1.82262 1.04527 1.01248 0.925094 0.73915 2.23956 0.897778 0.439647 2.693 1.12098 0.0099189
threshold=22.500000000000004 24.500000000000004 1.0000000180025095e-35 1.0000000180025095e-35 5.5000000000000009 2.5000000000000004 1.0000000180025095e-35 1.0000000180025095e-35 78.500000000000014 16.500000000000004 1.5000000000000002 12.500000000000002 23.500000000000004
decision_type=2 2 2 2 2 2 2 2 2 2 2 2 2
left_child=3 2 12 9 -5 -4 7 -3 -8 11 -11 -1 -2
right_child=1 6 5 4 -6 -7 8 -9 -10 10 -12 -13 -14
leaf_value=0.0049423956272499009 -0.097070282352622994 0.01158976704838671 0.042608808478076785 0.0068773990691669354 0.13082277338508722 -0.035122446255411346 -0.0016225073333707887 -0.096040453803055967 -0.05300433029688726 -0.016451915030462189 0.042972093857393735 -0.0312767551121855 -0.10777683359252534
leaf_weight=21.540468282066289 1.0335534233599892 48.614686522632837 1.2788317985832689 0.88402805011719354 0.80669804662466049 4.1917204782366753 150.60675347410142 1.2696091309189785 2.2082673553377381 10.462851827964187 9.1485300678759813 7.3298958130180827 1.1930251196026802
leaf_count=436 24 832 44 32 11 81 2675 25 62 224 147 185 22
internal_value=-0.000121784 -0.00114808 -0.0417872 0.00418193 0.0660156 -0.0169515 0.000395121 0.00885046 -0.00236501 0.00202558 0.0112688 -0.00425328 -0.102807
internal_weight=260.569 210.396 7.69713 50.1725 1.69073 5.47055 202.699 49.8843 152.815 48.4817 19.6114 28.8704 2.22658
internal_count=4800 3765 171 1035 43 125 3594 857 2737 992 371 621 46
is_linear=0
shrinkage=0.08


Tree=74
num_leaves=12
num_cat=0
split_feature=2 4 4 0 4 4 0 2 4 0 0
split_gain=0.174621 1.52006 1.56428 2.63481 0.855885 0.558016 1.65821 1.88157 0.64312 0.960808 0.879061
threshold=1.5000000000000002 64.500000000000014 60.500000000000007 7.5000000000000009 71.500000000000014 65.500000000000014 7.5000000000000009 1.0000000180025095e-35 38.500000000000007 2.5000000000000004 7.5000000000000009
decision_type=2 2 2 2 2 2 2 2 2 2 2
left_child=5 2 3 -2 -3 8 7 -7 10 -10 -1
right_child=1 4 -4 -5 -6 6 -8 -9 9 -11 -12
leaf_value=-0.00023046610830070372 0.0095873265917485757 -0.0934662217099336 0.073637963742810578 -0.084220186031202696 0.0068419177351077909 0.061463244497265576 -0.084238417000482027 -0.00053039507106346741 -0.022225008420638834 -0.0026381174313986158 0.025167917752403259
leaf_weight=103.90357649046928 35.131679932586849 1.5226577278226607 2.2175072021782389 2.0268104532733551 0.84737285412847985 4.8392855366691903 1.0233568891417242 8.8882662057876587 20.811296058818698 69.739445677958429 9.5205441927537304
leaf_count=1952 560 39 27 51 30 88 29 184 549 1053 238
internal_value=-0.000120682 0.00462065 0.00836584 0.00447059 -0.0576024 -0.00102561 0.0140004 0.0213238 -0.00211225 -0.00713978 0.00190141
internal_weight=260.472 41.746 39.376 37.1585 2.37003 218.726 14.7509 13.7276 203.975 90.5507 113.424
internal_count=4800 707 638 611 69 4093 301 272 3792 1602 2190
is_linear=0
shrinkage=0.08


Tree=75
num_leaves=14
num_cat=0
split_feature=0 1 4 4 4 4 4 4 4 0 4 1 4
split_gain=0.17272 0.466821 0.763537 1.17097 0.633417 1.83183 1.62892 0.38622 1.22609 1.72705 1.10601 0.320745 1.76102e-05
threshold=6.5000000000000009 1.0000000180025095e-35 56.500000000000007 48.500000000000007 29.500000000000004 40.500000000000007 26.500000000000004 73.500000000000014 76.500000000000014 3.5000000000000004 71.500000000000014 1.0000000180025095e-35 63.500000000000007
decision_type=2 2 2 2 2 2 2 2 2 2 2 2 2
left_child=7 2 3 -2 6 -6 -3 10 -9 -10 11 -1 -4
right_child=1 4 12 -5 5 -7 -8 8 9 -11 -12 -13 -14
leaf_value=0.0053210721901780179 -0.024385759413808356 -0.0019721231300069723 -0.082473771554921207 0.065270549485692886 0.03848620214117468 -0.0093849513589034112 -0.084081104147826227 -0.08955650206992273 -0.081985622357775581 0.036640714996384757 0.055552088455080605 -0.0014135688633663468 -0.081844732407240134
leaf_weight=65.830779457464814 6.799876503646372 8.6815729523077589 0.56798581220209576 1.0804544501006601 7.8095527216792133 14.83166170446202 1.8814237900078286 1.2569468263536681 1.1139556528069081 2.6635408028960228 2.3783885873854151 144.83788434043527 0.57135047041811049
leaf_count=1067 230 204 20 34 159 312 41 35 58 33 27 2547 33
internal_value=-0.000120926 -0.0048042 -0.0209436 -0.0120932 -0.000420059 0.00712707 -0.0165969 0.000785827 -0.021115 0.00165869 0.00130336 0.000690905 -0.0821583
internal_weight=260.305 42.2239 9.01967 7.88033 33.2042 22.6412 10.563 218.081 5.03444 3.7775 213.047 210.669 1.13934
internal_count=4800 1033 317 264 716 471 245 3767 126 91 3641 3614 53
is_linear=0
shrinkage=0.08


Tree=76
num_leaves=8
num_cat=0
split_feature=4 4 4 1 4 4 0
split_gain=0.163081 0.186656 1.27376 0.737629 0.513367 0.833756 0.604076
threshold=84.500000000000014 66.500000000000014 67.500000000000014 1.5000000000000002 63.500000000000007 60.500000000000007 4.5000000000000009
decision_type=2 2 2 2 2 2 2
left_child=1 4 -3 -4 5 -1 -6
right_child=-2 2 3 -5 6 -7 -8
leaf_value=-0.00071667128490951817 -0.028485059225373956 0.073003871689528016 0.017061602195486716 -0.022831799405630286 0.0077835555889899741 0.026641640238471979 -0.041199204800851652
leaf_weight=230.82973378524184 1.2908585998229671 1.7426779456436623 6.8737799581140262 5.218139111995697 2.6333939060568801 7.3563950937241307 4.1516765188425779
leaf_count=4221 40 28 155 99 71 127 59
internal_value=-0.000120728 2.07461e-05 0.00906137 -0.000153971 -0.000489818 0.000128292 -0.0221882
internal_weight=260.097 258.806 13.8346 12.0919 244.971 238.186 6.78507
internal_count=4800 4760 282 254 4478 4348 130
is_linear=0
shrinkage=0.08


Tree=77
num_leaves=15
num_cat=0
split_feature=1 4 4 4 0 2 4 2 4 4 3 4 4 0
split_gain=0.164488 0.972991 1.80936 0.949033 1.93673 0.935263 0.854956 1.32299 2.11246 1.79493 0.910262 1.46509 1.06395 0.818461
threshold=1.5000000000000002 49.500000000000007 50.500000000000007 39.500000000000007 2.5000000000000004 1.5000000000000002 50.500000000000007 1.5000000000000002 64.500000000000014 60.500000000000007 1.0000000180025095e-35 29.500000000000004 33.500000000000007 1.5000000000000002
decision_type=2 2 2 2 2 2 2 2 2 2 2 2 2 2
left_child=1 3 -3 13 -5 -4 10 8 -8 -9 12 -12 -2 -1
right_child=6 2 5 4 -6 -7 7 9 -10 -11 11 -13 -14 -15
leaf_value=0.017400546922393713 -0.0018041305100848792 0.079521065711608011 -0.0012557071533257959 -0.052746484660938439 -0.0058472800865005939 0.035169481988242268 -0.017730951031670529 -0.097705223454509466 0.03332757231054518 -0.0031089425707140641 0.021318118316516595 -0.099872880209873685 0.015504576221435027 -0.0049695148328478492
leaf_weight=12.659568739123641 44.282983283512294 2.2131416015326968 27.248081598198041 7.6469342689961222 21.422048162668943 5.406531184911727 16.896327085793025 2.377170590683817 7.4826631173491469 2.7909532887861133 1.2351493407040828 1.3214205577969549 46.695373045280576 60.452180095016956
leaf_count=359 783 39 597 202 354 106 259 29 126 49 22 26 635 1214
internal_value=-0.000113461 -0.00201989 0.00951942 -0.00595752 -0.0181847 0.00477511 0.0020093 -0.00985368 -0.00205952 -0.0466202 0.00575674 -0.0413222 0.0070797 -0.00109606
internal_weight=260.131 137.048 34.8678 102.181 29.069 32.6546 123.082 29.5471 24.379 5.16812 93.5349 2.55657 90.9784 73.1117
internal_count=4800 2871 742 2129 556 703 1929 463 385 78 1466 48 1418 1573
is_linear=0
shrinkage=0.08


Tree=78
num_leaves=12
num_cat=0
split_feature=0 4 4 4 4 4 2 4 0 2 4
split_gain=0.166177 0.842301 1.97302 1.25601 0.254498 1.92876 2.75568 1.5816 1.47453 0.92101 0.561743
threshold=1.0000000180025095e-35 68.500000000000014 60.500000000000007 54.500000000000007 31.500000000000004 33.500000000000007 1.0000000180025095e-35 30.500000000000004 2.5000000000000004 1.0000000180025095e-35 34.500000000000007
decision_type=2 2 2 2 2 2 2 2 2 2 2
left_child=1 2 3 -1 7 6 -6 8 -2 -9 -7
right_child=4 -3 -4 -5 5 10 -8 9 -10 -11 -12
leaf_value=-0.0046406929336567501 0.027634592414658106 -0.085142637220838147 0.087584954739999846 -0.083352395473317145 0.028676805026585827 0.031101295883731263 -0.069467176283751861 -0.0046230731879940484 -0.0032500300099449625 0.070642286368299681 -0.0001134134907569203
leaf_weight=16.178535830229531 11.591427434235809 0.8483485272154202 1.4043085053563107 1.4105835873633612 2.673476140946148 3.7868466675281516 5.8100962340831757 1.4900562036782492 67.53910319507122 3.4490536190569401 143.9267879142426
leaf_count=451 384 28 38 38 38 84 120 24 1173 62 2360
internal_value=-0.000114569 -0.00715105 -0.00366752 -0.0109531 0.000466519 -0.00144363 -0.0385385 0.00401549 0.0012741 0.0479358 0.000686819
internal_weight=260.109 19.8418 18.9934 17.5891 240.267 156.197 8.48357 84.0696 79.1305 4.93911 147.714
internal_count=4800 555 527 489 4245 2602 158 1643 1557 86 2444
is_linear=0
shrinkage=0.08


Tree=79
num_leaves=13
num_cat=0
split_feature=2 4 4 4 0 4 4 4 2 4 4 4
split_gain=0.151475 1.34613 1.47159 2.2649 0.904321 0.815726 0.47956 1.50232 1.84244 0.768797 0.73674 0.555999
threshold=1.5000000000000002 64.500000000000014 37.500000000000007 41.500000000000007 5.5000000000000009 71.500000000000014 12.500000000000002 15.500000000000002 1.0000000180025095e-35 20.500000000000004 11.500000000000002 7.5000000000000009
decision_type=2 2 2 2 2 2 2 2 2 2 2 2
left_child=6 2 4 -4 -2 -3 10 8 -8 -9 11 -1
right_child=1 5 3 -5 -6 -7 7 9 -10 -11 -12 -13
leaf_value=0.014515204982152627 -0.030602081483888807 -0.092050919423212363 0.067945572813817925 0.0073875629263191059 0.0065994289841126907 0.0071289382990246866 0.019094831528185384 0.018409099494863641 -0.082936728886014138 -0.0023336629545107719 0.050360095431211692 -0.016897239221860347
leaf_weight=11.746832646429544 7.5738721452653435 1.4387133140116923 5.1183305419981506 17.355192011222243 9.338064010255037 0.84096113499253977 1.7783683612942685 12.202989712357519 3.1196129349991679 181.84331543650478 2.6326604168862096 5.2037082612514487
leaf_count=248 234 39 63 235 106 30 40 252 86 3315 36 116
internal_value=-0.000115057 0.00430553 0.00776505 0.0211796 -0.010061 -0.0554639 -0.0009579 -0.0021337 -0.0458909 -0.00102921 0.010987 0.00487178
internal_weight=260.193 41.6651 39.3855 22.4735 16.9119 2.27967 218.527 198.944 4.89798 194.046 19.5832 16.9505
internal_count=4800 707 638 298 340 69 4093 3693 126 3567 400 364
is_linear=0
shrinkage=0.08


Tree=80
num_leaves=16
num_cat=0
split_feature=4 4 4 2 0 0 4 4 0 4 1 4 1 0 2
split_gain=0.165527 1.22161 1.15081 1.23539 1.01876 0.855109 1.07332 1.52879 0.901064 1.21631 1.13011 0.685631 0.76791 0.356097 0.000139284
threshold=46.500000000000007 41.500000000000007 42.500000000000007 1.0000000180025095e-35 5.5000000000000009 7.5000000000000009 63.500000000000007 59.500000000000007 1.5000000000000002 50.500000000000007 1.0000000180025095e-35 40.500000000000007 1.5000000000000002 7.5000000000000009 1.0000000180025095e-35
decision_type=2 2 2 2 2 2 2 2 2 2 2 2 2 2 2
left_child=1 11 4 -4 -3 8 7 -7 10 -10 -2 13 -13 -1 -8
right_child=5 2 3 -5 -6 6 14 -9 9 -11 -12 12 -14 -15 -16
leaf_value=-0.0010877119286455982 -0.056903389390258664 -0.0053418318138213593 0.029311225438216539 -0.019281389904888126 -0.076112381565373519 -0.027551957487902984 -0.084346486591026157 0.085837326009054679 0.027957602607073154 0.0026330002002925802 -0.00084741973526441681 0.00046469690697035771 0.055475312278376626 0.013612850623849567 -0.082806503970523249
leaf_weight=133.45987317059189 3.0321550564840427 2.0692915506660965 4.28119779378176 15.368938742205499 3.5098950322717428 4.2321612760424605 0.66580191208049633 0.92783598043024529 16.267102336511016 47.815297996159643 9.5551800541579706 3.4171754997223607 3.094934493303299 11.45064826030284 0.86321126623079181
leaf_count=2459 93 68 84 296 35 97 17 15 211 777 237 56 36 283 36
internal_value=-0.000113866 -0.00150045 -0.0177986 -0.00869446 -0.0498639 0.00282455 -0.0246074 -0.00716306 0.00521783 0.00906157 -0.0143507 0.00121508 0.0266089 7.39081e-05 -0.0834771
internal_weight=260.011 176.652 25.2293 19.6501 5.57919 83.3587 6.68901 5.16 76.6697 64.0824 12.5873 151.423 6.51211 144.911 1.52901
internal_count=4800 3317 483 380 103 1483 165 112 1318 988 330 2834 92 2742 53
is_linear=0
shrinkage=0.08


Tree=81
num_leaves=11
num_cat=0
split_feature=0 4 4 4 4 4 0 4 0 4
split_gain=0.146867 0.66285 0.66895 1.36759 0.33847 1.14421 1.51552 0.902225 0.322971 3.66892e-06
threshold=6.5000000000000009 4.5000000000000009 10.500000000000002 16.500000000000004 73.500000000000014 76.500000000000014 3.5000000000000004 71.500000000000014 5.5000000000000009 1.0000000180025095e-35
decision_type=2 2 2 2 2 2 2 2 2 2
left_child=4 9 -3 -4 7 -6 -7 8 -1 -2
right_child=1 2 3 -5 5 6 -8 -9 -10 -11
leaf_value=-0.0021633158187186557 -0.081435783113127894 0.036459084636605625 -0.082827197020262755 -0.002816505492731599 -0.088897110564066989 -0.081827020180024829 0.032625379916966277 0.04945718091714215 0.0041422020849324476 -0.081071285203234297
leaf_weight=116.95813497342169 0.35414165630936523 2.5622792784124604 1.4192187208682288 37.322722576092929 1.1750422897748638 1.0159930326044562 2.7301100175827742 2.451135352253913 93.587719988077879 0.35281041543930769
leaf_count=3088 23 37 46 898 35 58 33 27 526 29
internal_value=-0.000112909 -0.00444391 -0.00312925 -0.00574751 0.000722039 -0.0200203 0.00158436 0.00120128 0.00063949 -0.0812539
internal_weight=259.929 42.0112 41.3042 38.7419 217.918 4.92115 3.7461 212.997 210.546 0.706952
internal_count=4800 1033 981 944 3767 126 91 3641 3614 52
is_linear=0
shrinkage=0.08


Tree=82
num_leaves=9
num_cat=0
split_feature=4 0 4 0 4 2 4 4
split_gain=0.157957 0.811678 0.186575 1.68554 0.409599 0.743827 0.29427 2.18999e-07
threshold=84.500000000000014 5.5000000000000009 76.500000000000014 3.5000000000000004 73.500000000000014 1.0000000180025095e-35 70.500000000000014 79.500000000000014
decision_type=2 2 2 2 2 2 2 2
left_child=2 -2 4 7 6 -6 -1 -4
right_child=1 -3 3 -5 5 -7 -8 -9
leaf_value=-0.00030988489861539267 0.033555403173228825 -0.09402549608855236 -0.081870780602837812 0.053019967377639525 0.019966598839192839 -0.088132602618128136 0.02079703564310495 -0.08178590358366418
leaf_weight=249.11825779126957 0.65969270933419355 0.61824395717121661 0.4450605940073723 2.3745853900909424 0.73496029060333856 0.91403204761445522 4.3004087675362817 0.34565472323447466
leaf_count=4581 24 16 22 35 13 33 55 21
internal_value=-0.000109609 -0.0281661 2.9236e-05 0.0193325 -0.000210311 -0.0399525 4.82907e-05 -0.0818337
internal_weight=259.511 1.27794 258.233 3.1653 255.068 1.64899 253.419 0.790715
internal_count=4800 40 4760 78 4682 46 4636 43
is_linear=0
shrinkage=0.08


Tree=83
num_leaves=14
num_cat=0
split_feature=4 4 2 3 0 1 4 4 0 4 1 4 4
split_gain=0.14285 1.78008 1.72157 0.897288 0.909596 0.864905 0.760826 1.93409 0.803221 0.331368 2.22405 0.810273 0.00777885
threshold=22.500000000000004 24.500000000000004 1.0000000180025095e-35 1.0000000180025095e-35 5.5000000000000009 1.0000000180025095e-35 27.500000000000004 29.500000000000004 6.5000000000000009 16.500000000000004 1.5000000000000002 12.500000000000002 23.500000000000004
decision_type=2 2 2 2 2 2 2 2 2 2 2 2 2
left_child=3 2 12 9 -5 -4 8 -8 -3 11 -11 -1 -2
right_child=1 6 5 4 -6 -7 7 -9 -10 10 -12 -13 -14
leaf_value=0.0038508892836441296 -0.095762761864016013 0.026427588045744549 0.038078802512312 0.0050134419068097579 0.12143681939940783 -0.034534233340075299 -0.038707736816932903 0.00077221794580615167 -0.022509133359392516 -0.015816905606655225 0.037873046339598662 -0.027477632267742271 -0.10556080775940009
leaf_weight=21.676626741886142 0.96545440983027142 12.231357472017406 1.4221744779497383 0.90144952666014322 0.82031490840017796 4.0098418090492487 8.3110357075929624 178.62386418227106 2.6034723687916985 10.401348216459155 9.4006796889007092 6.986579291522502 1.1203741412609816
leaf_count=436 24 214 27 32 11 98 192 3127 61 224 147 185 22
internal_value=-0.000104115 -0.00102331 -0.0392459 0.00372907 0.060482 -0.0155232 0.000400846 -0.000983042 0.0178393 0.00171287 0.0096715 -0.00378535 -0.101026
internal_weight=259.475 209.288 7.51784 50.187 1.72176 5.43202 201.77 186.935 14.8348 48.4652 19.802 28.6632 2.08583
internal_count=4800 3765 171 1035 43 125 3594 3319 275 992 371 621 46
is_linear=0
shrinkage=0.08


Tree=84
num_leaves=9
num_cat=0
split_feature=4 4 4 4 0 4 0 4
split_gain=0.138079 0.156152 1.06641 1.03313 0.733107 1.00288 0.762395 0.563217
threshold=84.500000000000014 46.500000000000007 41.500000000000007 43.500000000000007 7.5000000000000009 63.500000000000007 1.5000000000000002 40.500000000000007
decision_type=2 2 2 2 2 2 2 2
left_child=1 2 7 -4 6 -6 -3 -1
right_child=-2 4 3 -5 5 -7 -8 -9
leaf_value=0.00017405453819161176 -0.026557623996884352 -0.013046418761163017 -0.036250759420661416 -0.0031529360636012044 -0.0065279692721574916 -0.083298113913234537 0.0086858984185869143 0.024106353198779924
leaf_weight=144.44187354668975 1.2565878760069598 12.352578656747935 10.175208709202709 14.837046980857847 5.1151320300996295 1.3836184185929594 63.130957822781056 6.5801192782819262
leaf_count=2742 40 326 193 290 112 47 958 92
internal_value=-0.00010298 2.58591e-05 -0.00131722 -0.0166174 0.00290975 -0.0228727 0.00512949 0.0012168
internal_weight=259.273 258.017 176.034 25.0123 81.9823 6.49875 75.4835 151.022
internal_count=4800 4760 3317 483 1443 159 1284 2834
is_linear=0
shrinkage=0.08


Tree=85
num_leaves=14
num_cat=0
split_feature=2 4 0 1 0 1 1 4 0 4 4 4 0
split_gain=0.12851 1.18977 1.36014 3.33909 2.71943 0.430287 1.53889 1.50708 1.33893 1.02069 2.00663 1.32117 0.38099
threshold=1.5000000000000002 13.500000000000002 2.5000000000000004 1.0000000180025095e-35 3.5000000000000004 1.5000000000000002 1.0000000180025095e-35 20.500000000000004 7.5000000000000009 64.500000000000014 72.500000000000014 55.500000000000007 5.5000000000000009
decision_type=2 2 2 2 2 2 2 2 2 2 2 2 2
left_child=5 12 3 -3 -4 6 7 -1 -8 11 -11 -7 -2
right_child=1 2 4 -5 -6 9 8 -9 -10 10 -12 -13 -14
leaf_value=0.029739952010813014 -0.08280480085631084 -0.049528197614021552 -0.083858294200176417 0.061493598150566868 0.0064567269079704413 0.0036799310173239765 -0.01957612186503253 -0.0018152107573885746 0.020443716691962686 0.061147716396226244 -0.025892608718243754 -0.029077045117491884 -0.023437474882607074
leaf_weight=11.810467579402028 1.0624533984810107 2.2963221031241101 2.3187891854904619 7.07720184372738 26.734583505429327 85.408116342499852 44.224310519173741 53.868738301796839 6.0868348474614313 4.9406139664351931 2.5805343333631754 8.6810022164136154 1.9832286853343246
leaf_count=221 40 62 69 157 358 1359 1110 1006 131 66 60 140 21
internal_value=-9.84076e-05 0.00398287 0.00779761 0.0342955 -0.000751438 -0.00087626 -0.0042059 0.00385905 -0.0147344 0.00292459 0.0312839 0.000657654 -0.0441471
internal_weight=259.073 41.4726 38.4269 9.37352 29.0534 217.601 115.99 65.6792 50.3111 101.61 7.52115 94.0891 3.04568
internal_count=4800 707 646 219 427 4093 2468 1227 1241 1625 126 1499 61
is_linear=0
shrinkage=0.08


Tree=86
num_leaves=16
num_cat=0
split_feature=4 4 4 2 2 0 4 4 0 4 1 4 0 0 2
split_gain=0.116092 0.905295 0.934558 1.07586 1.02807 0.664933 0.973185 1.48669 0.678416 1.0159 0.994149 0.469938 0.669899 0.313162 9.92686e-05
threshold=46.500000000000007 41.500000000000007 42.500000000000007 1.0000000180025095e-35 1.0000000180025095e-35 7.5000000000000009 63.500000000000007 60.500000000000007 1.5000000000000002 47.500000000000007 1.0000000180025095e-35 40.500000000000007 3.5000000000000004 7.5000000000000009 1.0000000180025095e-35
decision_type=2 2 2 2 2 2 2 2 2 2 2 2 2 2 2
left_child=1 11 4 -4 -3 8 7 -7 10 -10 -2 13 -13 -1 -8
right_child=5 2 3 -5 -6 6 14 -9 9 -11 -12 12 -14 -15 -16
leaf_value=-0.001001060663977488 -0.054586622479549103 -0.10768084039438018 0.028004687926126339 -0.017348011959363661 -0.025406778982246442 -0.026743147245031729 -0.083827935398542094 0.085206133108454249 0.042087644656711103 0.0047867063845930041 -0.00040452319051709478 -0.026952446427300034 0.035061716523036961 0.012737315237146137 -0.082440226741082936
leaf_weight=132.78523762244731 2.8086831304244688 1.2775391358882213 4.3009535670280483 15.101747401058672 4.0645448695868254 4.1792927365750066 0.59066947875544407 0.92773528397083271 5.0731966644525519 59.232548094820231 9.4908904833719117 1.4166402630507935 5.2327320910990238 11.541856104508041 0.74730742489919066
leaf_count=2459 93 21 84 296 82 98 17 14 55 933 237 38 54 283 36
internal_value=-0.000104141 -0.00126905 -0.0154526 -0.00729478 -0.0450823 0.00236062 -0.0223183 -0.0064066 0.00443692 0.00772944 -0.0127773 0.00105561 0.0218497 9.7599e-05 -0.0830529
internal_weight=258.772 175.721 24.7448 19.4027 5.34208 83.0503 6.445 5.10703 76.6053 64.3057 12.2996 150.976 6.64937 144.327 1.33798
internal_count=4800 3317 483 380 103 1483 165 112 1318 988 330 2834 92 2742 53
is_linear=0
shrinkage=0.08


Tree=87
num_leaves=10
num_cat=0
split_feature=0 4 4 4 4 4 0 4 1
split_gain=0.121169 0.544466 1.11679 0.648166 0.257915 1.02928 1.23575 0.640255 0.307588
threshold=6.5000000000000009 74.500000000000014 67.500000000000014 52.500000000000007 73.500000000000014 76.500000000000014 3.5000000000000004 71.500000000000014 1.0000000180025095e-35
decision_type=2 2 2 2 2 2 2 2 2
left_child=4 2 3 -2 7 -6 -7 8 -1
right_child=1 -3 -4 -5 5 6 -8 -9 -10
leaf_value=0.0051403155704928469 -0.0084615395465997938 0.049604355750893871 -0.084350523054007656 0.017266763691483097 -0.087701505380360548 -0.081536863086720909 0.027859080825333612 0.040834227174232234 -0.0014782914149780424
leaf_weight=65.252392012625933 31.655584927182645 1.1763694188557554 1.1208108882419754 7.8136113695800296 1.0495771151036013 0.86410412937402759 2.8096402324736118 2.5599362812936297 144.34864033013582
leaf_count=1067 795 35 37 166 35 58 33 27 2547
internal_value=-0.000103605 -0.00404936 -0.00560434 -0.00336818 0.000656247 -0.0178332 0.00212798 0.00106788 0.000582194
internal_weight=258.651 41.7664 40.59 39.4692 216.884 4.72332 3.67374 212.161 209.601
internal_count=4800 1033 998 961 3767 126 91 3641 3614
is_linear=0
shrinkage=0.08


Tree=88
num_leaves=8
num_cat=0
split_feature=4 4 1 4 2 4 4
split_gain=0.125342 0.164289 0.807248 0.295585 0.681669 0.201367 0.161114
threshold=84.500000000000014 76.500000000000014 1.0000000180025095e-35 73.500000000000014 1.0000000180025095e-35 70.500000000000014 78.500000000000014
decision_type=2 2 2 2 2 2 2
left_child=1 3 -3 5 -5 -1 -4
right_child=-2 2 6 4 -6 -7 -8
leaf_value=-0.00029124332579555726 -0.025530186430720185 0.074131275621616879 0.01771550175251442 0.020323701919263186 -0.086963224485944068 0.017041326427734892 -0.028400191781596928
leaf_weight=248.18133642710745 1.2345286518102501 1.0830399002879851 0.77552836574614081 0.72980012465268262 0.78854598058387637 4.3653034856542936 1.2936466913670299
leaf_count=4581 40 17 23 13 33 55 38
internal_value=-0.000100074 2.19788e-05 0.0181733 -0.000203227 -0.0353953 8.35253e-06 -0.011116
internal_weight=258.452 257.217 3.15221 254.065 1.51835 252.547 2.06918
internal_count=4800 4760 78 4682 46 4636 61
is_linear=0
shrinkage=0.08


Tree=89
num_leaves=9
num_cat=0
split_feature=4 0 4 0 4 1 0 1
split_gain=0.120415 0.91228 0.306285 0.606684 0.259947 0.667167 0.1961 0.0942132
threshold=80.500000000000014 5.5000000000000009 76.500000000000014 4.5000000000000009 73.500000000000014 1.5000000000000002 6.5000000000000009 1.5000000000000002
decision_type=2 2 2 2 2 2 2 2
left_child=2 7 4 -4 6 -6 -1 -2
right_child=1 -3 3 -5 5 -7 -8 -9
leaf_value=0.00097951041055918892 0.00082841152407927274 -0.090378317797732907 0.076316196923699342 -0.008765423298408322 0.01782712948966458 -0.089925487565834197 -0.0051052891984049633 0.041822496393801326
leaf_weight=212.20997206307948 0.86102101532742314 0.75129997974727292 0.98638347908854429 1.1757078431546686 0.76922701718285569 0.70462562749162316 40.341105436440557 0.61512876534834504
leaf_count=3641 26 22 33 16 30 16 995 21
internal_value=-9.37722e-05 -0.018614 6.72541e-05 0.0300503 -0.000187942 -0.0336877 7.55834e-06 0.0179111
internal_weight=258.414 2.22745 256.187 2.16209 254.025 1.47385 252.551 1.47615
internal_count=4800 69 4731 49 4682 46 4636 47
is_linear=0
shrinkage=0.08


Tree=90
num_leaves=14
num_cat=0
split_feature=2 4 4 0 4 1 1 4 0 4 4 4 0
split_gain=0.111844 1.14742 1.18501 1.32777 0.836319 0.408188 1.27668 1.2618 1.19261 0.893923 1.53102 1.17881 0.380655
threshold=1.5000000000000002 64.500000000000014 13.500000000000002 2.5000000000000004 71.500000000000014 1.5000000000000002 1.0000000180025095e-35 20.500000000000004 7.5000000000000009 64.500000000000014 72.500000000000014 55.500000000000007 5.5000000000000009
decision_type=2 2 2 2 2 2 2 2 2 2 2 2 2
left_child=5 2 12 -4 -3 6 7 -1 -8 11 -11 -7 -2
right_child=1 4 3 -5 -6 9 8 -9 -10 10 -12 -13 -14
leaf_value=0.026731299082666353 -0.08258479506018232 -0.0919519412094119 0.037202050178974669 0.0019384151389884373 0.011491394840671632 0.0035983831926014015 -0.018423172508077183 -0.0019903162569977653 0.01921291714229428 0.054525518975379862 -0.022391144068798521 -0.027503891727395879 -0.02163201050017077
leaf_weight=11.969497255049644 0.98296604491770212 1.3405232117511325 9.1178783345967513 27.27694892231375 0.79795147152617563 85.392259289510548 43.475247924681753 53.745252475724556 6.1508716745302072 5.0710010938346377 2.4595385463908315 8.5828714948147518 1.9696971140801904
leaf_count=221 40 39 195 382 30 1359 1110 1006 131 66 60 140 21
internal_value=-8.8838e-05 0.00371685 0.00681851 0.0107729 -0.053353 -0.000816923 -0.00407302 0.00324113 -0.0137584 0.00288298 0.0294039 0.000757772 -0.0419237
internal_weight=258.333 41.486 39.3475 36.3948 2.13847 216.847 115.341 65.7147 49.6261 101.506 7.53054 93.9751 2.95266
internal_count=4800 707 638 577 69 4093 2468 1227 1241 1625 126 1499 61
is_linear=0
shrinkage=0.08


Tree=91
num_leaves=12
num_cat=0
split_feature=0 4 4 0 0 4 4 4 4 4 4
split_gain=0.103681 1.12384 0.624668 1.08089 0.504118 0.427525 2.75934 0.812477 0.584234 1.41267 0.970286
threshold=5.5000000000000009 83.500000000000014 72.500000000000014 4.5000000000000009 3.5000000000000004 18.500000000000004 16.500000000000004 12.500000000000002 48.500000000000007 50.500000000000007 41.500000000000007
decision_type=2 2 2 2 2 2 2 2 2 2 2
left_child=1 2 4 -4 -1 6 7 -2 10 -10 -7
right_child=5 -3 3 -5 -6 8 -8 -9 9 -11 -12
leaf_value=0.0024393385777255277 0.0088646685077098421 0.087362713569811193 -4.7196057800144262e-05 -0.096802026209211495 -0.0084445773070046456 0.00057471214877764419 0.07707449863562231 -0.033827397298015364 0.054200318858096036 0.0027008518937578249 -0.020386065107090966
leaf_weight=74.929769776761532 11.009456504136326 0.898296810220926 1.8898492306470862 1.21341173350811 42.789188135415316 62.514224138110876 3.4655465949326745 3.8508746027946463 3.7950660586357108 33.502224742202088 18.263164740987122
leaf_count=2051 145 30 80 13 1048 688 39 54 40 398 214
internal_value=-9.06646e-05 -0.00178795 -0.00245077 -0.0378795 -0.00151681 0.00142395 0.0127926 -0.00219846 -0.000340531 0.00794101 -0.00416436
internal_weight=258.121 121.721 120.822 3.10326 117.719 136.401 18.3259 14.8603 118.075 37.2973 80.7774
internal_count=4800 3222 3192 93 3099 1578 238 199 1340 438 902
is_linear=0
shrinkage=0.08


Tree=92
num_leaves=9
num_cat=0
split_feature=4 0 4 0 4 2 0 1
split_gain=0.117288 0.805943 0.314077 0.434896 0.201952 0.647871 0.189376 0.0730797
threshold=80.500000000000014 5.5000000000000009 76.500000000000014 4.5000000000000009 73.500000000000014 1.0000000180025095e-35 6.5000000000000009 1.5000000000000002
decision_type=2 2 2 2 2 2 2 2
left_child=2 7 4 -4 6 -6 -1 -2
right_child=1 -3 3 -5 5 -7 -8 -9
leaf_value=0.00093666403202904915 -0.00086777165927994556 -0.089574148774204221 0.067737785610116091 -0.0039186787117614285 0.02289399841610559 -0.085797410524102807 -0.0050460721535470496 0.034545342725027059
leaf_weight=211.86054371017963 0.87665769271552496 0.69817183970008034 1.0392200918868177 1.1331127434968946 0.71525990683585294 0.68913325760513544 40.303063106257468 0.64908094052225351
leaf_count=3641 26 22 33 16 13 33 995 21
internal_value=-8.76195e-05 -0.0183803 7.14532e-05 0.030361 -0.000188039 -0.0304407 -1.95509e-05 0.0141977
internal_weight=257.964 2.22391 255.74 2.17233 253.568 1.40439 252.164 1.52574
internal_count=4800 69 4731 49 4682 46 4636 47
is_linear=0
shrinkage=0.08


Tree=93
num_leaves=16
num_cat=0
split_feature=0 0 4 4 4 4 4 4 4 4 2 2 4 4 4
split_gain=0.118822 0.54962 2.5657 2.29341 1.48514 0.700493 0.407644 0.334906 2.06895 2.25433 1.84752 1.44007 1.94568 1.05623 0.000162715
threshold=4.5000000000000009 3.5000000000000004 63.500000000000007 49.500000000000007 72.500000000000014 49.500000000000007 76.500000000000014 36.500000000000007 33.500000000000007 31.500000000000004 1.0000000180025095e-35 1.0000000180025095e-35 38.500000000000007 45.500000000000007 74.500000000000014
decision_type=2 2 2 2 2 2 2 2 2 2 2 2 2 2 2
left_child=1 4 3 -3 5 -1 -4 8 9 -2 -10 13 -13 -9 -6
right_child=7 2 6 -5 14 -7 -8 11 10 -11 -12 12 -14 -15 -16
leaf_value=-0.0022405673047690968 0.0046884389996758955 -0.0098985995360134516 0.041603888828954105 -0.083455917917727801 -0.083484015925858066 0.015710175081672346 0.11501577070303545 0.036155099946846216 -0.0089805148693940136 -0.04637316039024688 0.064770124140236501 -0.051898331387776393 -0.0037050959344930097 -0.00013148383366490268 -0.081527633904720301
leaf_weight=56.724781308323145 61.485061538871378 13.029108206741517 1.2633759351447218 3.4260916784405699 0.37538564018905052 18.434342582710087 0.78481068462133396 9.2983456654474157 3.2973026987165195 6.0808884296566239 6.3805094119161367 5.8978207223117343 58.947465493809432 11.462912576971574 0.98870185250416398
leaf_count=1588 819 428 33 89 15 463 14 101 37 78 97 63 742 163 70
internal_value=-8.29409e-05 -0.00233098 -0.0147038 -0.0252138 0.000660791 0.00216223 0.0697334 0.00122884 0.0050481 9.29306e-05 0.0396427 -0.00221733 -0.00808838 0.0161202 -0.082066
internal_weight=257.877 95.0266 18.5034 16.4552 76.5232 75.1591 2.04819 162.85 77.2438 67.5659 9.67781 85.6065 64.8453 20.7613 1.36409
internal_count=4800 2700 564 517 2136 2051 47 2100 1031 897 134 1069 805 264 85
is_linear=0
shrinkage=0.08


Tree=94
num_leaves=16
num_cat=0
split_feature=0 4 1 4 4 2 2 2 4 4 1 4 4 0 1
split_gain=0.114235 0.831904 3.17499 7.34044 1.53845 2.67855 1.58261 0.643826 0.201128 0.779146 1.48905 1.26342 0.754798 0.904889 0.714161
threshold=1.0000000180025095e-35 29.500000000000004 1.0000000180025095e-35 16.500000000000004 37.500000000000007 1.0000000180025095e-35 1.0000000180025095e-35 1.0000000180025095e-35 16.500000000000004 22.500000000000004 1.5000000000000002 24.500000000000004 7.5000000000000009 4.5000000000000009 1.0000000180025095e-35
decision_type=2 2 2 2 2 2 2 2 2 2 2 2 2 2 2
left_child=1 2 3 -1 5 -3 -6 -4 12 10 -10 -11 14 -14 -2
right_child=8 4 7 -5 6 -7 -8 -9 9 11 -12 -13 13 -15 -16
leaf_value=0.26243897038086522 -0.017025261986174628 0.16423006817804542 -0.012878349432410155 -0.082267726362736507 -0.082911968883923243 0.0079562909932276212 0.0032114794245925071 -0.082562985121770488 -0.0043331887506487098 -0.034184818069267604 0.040239779723078656 0.00092454521363372695 -0.056362255247682916 -0.0079358845846717648 0.022921120021576705
leaf_weight=0.69321436248719936 4.5095531949773449 0.96292717754840795 1.134974382817745 0.92019241861999035 1.6374054327607144 2.5900122597813606 8.225275506731121 3.3623363673686981 10.233596578240395 6.8000778472051016 9.028760589659214 185.54474853852298 3.1684144968166938 11.195362204685805 7.8510304354131222
leaf_count=18 65 20 32 35 57 62 212 119 213 151 128 3184 178 154 172
internal_value=-8.83557e-05 -0.00597109 -0.0304378 0.0658385 0.00517332 0.05031 -0.0110868 -0.0649769 0.000393613 0.00121951 0.0165593 -0.000316696 -0.00614593 -0.018618 0.00834735
internal_weight=257.858 19.5263 6.11072 1.61341 13.4156 3.55294 9.86268 4.49731 238.332 211.607 19.2624 192.345 26.7244 14.3638 12.3606
internal_count=4800 555 204 53 351 82 269 151 4245 3676 341 3335 569 332 237
is_linear=0
shrinkage=0.08


Tree=95
num_leaves=12
num_cat=0
split_feature=0 4 4 4 4 4 4 1 1 4 4
split_gain=0.104391 0.797836 1.70471 1.16882 0.19778 1.28363 1.32071 1.10891 0.408947 1.15458 0.568346
threshold=1.0000000180025095e-35 68.500000000000014 60.500000000000007 54.500000000000007 70.500000000000014 67.500000000000014 66.500000000000014 1.0000000180025095e-35 1.0000000180025095e-35 77.500000000000014 76.500000000000014
decision_type=2 2 2 2 2 2 2 2 2 2 2
left_child=1 2 3 -1 5 6 -2 -7 10 -10 -6
right_child=4 -3 -4 -5 8 7 -8 -9 9 -11 -12
leaf_value=-0.0036122127704457004 1.4601297226630742e-06 -0.086057688475152855 0.080432274242025953 -0.083132311801781891 -0.056054567904341185 0.011945781675156733 0.070244704255515975 -0.095153564167731464 0.047417774920165197 -0.022064553121218262 0.016689919775406781
leaf_weight=15.944462250918159 224.47319307876751 0.76054423535242577 1.4631692226976145 1.2777755856513966 1.1843498796224579 0.98331601358950083 1.7262596078217018 1.6687751999124882 4.2687715261708945 2.3861171449534595 1.6380865364335475
leaf_count=451 3957 28 38 38 28 27 25 42 68 70 28
internal_value=-0.000102107 -0.00573815 -0.00246894 -0.00951208 0.000357755 -0.00011123 0.000537527 -0.0554443 0.0116824 0.0225048 -0.0138351
internal_weight=257.775 19.446 18.6854 17.2222 238.329 228.852 226.199 2.65209 9.47733 6.65489 2.82244
internal_count=4800 555 527 489 4245 4051 3982 69 194 138 56
is_linear=0
shrinkage=0.08


Tree=96
num_leaves=9
num_cat=0
split_feature=4 4 4 0 4 1 0 4
split_gain=0.0979318 0.823703 0.25779 0.340864 0.188961 0.661929 0.180421 0.024444
threshold=80.500000000000014 83.500000000000014 76.500000000000014 4.5000000000000009 73.500000000000014 1.5000000000000002 6.5000000000000009 87.500000000000014
decision_type=2 2 2 2 2 2 2 2
left_child=2 -2 4 -4 6 -6 -1 -3
right_child=1 7 3 -5 5 -7 -8 -9
leaf_value=0.00089992085687713122 -0.088122899299149154 0.028487097145254558 0.059078287383060729 -0.0036405863012558938 0.022001879299595864 -0.0891296415221286 -0.0049435682408585455 0.0077731945210428848
leaf_weight=211.69193791504949 0.70495816273614709 0.65695573901757576 1.0908274063840502 1.128124391660094 0.73684713756665476 0.6417808523401618 40.244810845237225 0.81934935669414699
leaf_count=3641 22 18 33 16 30 16 995 29
internal_value=-0.000101425 -0.0169806 4.26578e-05 0.0271917 -0.000195159 -0.0297322 -3.35282e-05 0.0169909
internal_weight=257.716 2.18126 255.534 2.21895 253.315 1.37863 251.937 1.47631
internal_count=4800 69 4731 49 4682 46 4636 47
is_linear=0
shrinkage=0.08


Tree=97
num_leaves=9
num_cat=0
split_feature=4 0 4 4 4 4 1 4
split_gain=0.106883 0.124547 0.518702 1.63445 1.12554 0.305792 1.37264 1.02882
threshold=84.500000000000014 5.5000000000000009 54.500000000000007 55.500000000000007 53.500000000000007 55.500000000000007 1.0000000180025095e-35 53.500000000000007
decision_type=2 2 2 2 2 2 2 2
left_child=1 5 4 -4 -3 7 -7 -1
right_child=-2 2 3 -5 -6 6 -8 -9
leaf_value=-0.0015255645453728741 -0.023794901290264112 0.00052877474202981908 0.072385703501495299 0.0051489853903041276 -0.054923298060711903 0.020711750114515263 -0.025342942131125614 0.045208517662520341
leaf_weight=98.351489624008536 1.2121633935021225 108.19122958276421 2.5800842419266727 22.425300470553339 2.3944772575050584 6.0029580695554641 13.359016152098773 3.1100937016308299
leaf_count=2596 40 1242 24 271 25 157 360 85
internal_value=-9.54178e-05 1.66181e-05 0.00168097 0.0120865 -0.000671911 -0.00185116 -0.0110642 -9.30285e-05
internal_weight=257.627 256.415 135.591 25.0054 110.586 120.824 19.362 101.462
internal_count=4800 4760 1562 295 1267 3198 517 2681
is_linear=0
shrinkage=0.08


Tree=98
num_leaves=15
num_cat=0
split_feature=2 0 4 4 4 4 4 1 4 0 1 0 4 4
split_gain=0.0953373 1.06152 1.29006 1.36301 1.33535 0.874421 0.338149 1.12716 2.54338 0.786243 0.551619 1.41591 0.859961 2.69053e-05
threshold=1.5000000000000002 7.5000000000000009 58.500000000000007 60.500000000000007 37.500000000000007 48.500000000000007 66.500000000000014 1.0000000180025095e-35 67.500000000000014 3.5000000000000004 1.0000000180025095e-35 7.5000000000000009 20.500000000000004 33.500000000000007
decision_type=2 2 2 2 2 2 2 2 2 2 2 2 2 2
left_child=6 2 4 -4 -2 13 10 9 -9 -8 12 -12 -1 -3
right_child=1 5 3 -5 -6 -7 7 8 -10 -11 11 -13 -14 -15
leaf_value=0.023834515901342956 -0.0046789711816093218 -0.08362565065024434 -0.089017968133390316 -0.0033023652411900131 0.027362773422107994 0.02147645535895492 -0.085785607025121738 0.12572037831141225 0.0091332599368668683 -0.0035484969718223951 -0.0069493431018226451 0.020091792262884069 6.5033700358436703e-05 -0.084301416323751252
leaf_weight=12.133062961511312 15.51857852283865 0.88767960155382686 1.6863530874252308 4.0119366808794439 17.955554731190205 0.74811856262385834 0.97071502730250259 1.4235985539853553 7.5415278838481754 3.1864263903116807 127.61217646393925 13.725581393577157 49.417598320171237 0.65553515031933784
leaf_count=221 310 28 17 81 233 22 32 19 172 48 2384 291 926 16
internal_value=-9.11403e-05 0.0034225 0.00651831 -0.0286691 0.0125082 -0.0495032 -0.000765592 0.0116804 0.0276465 -0.0227513 -0.00157057 -0.00432333 0.00475055 -0.0839127
internal_weight=257.474 41.4638 39.1724 5.69829 33.4741 2.29133 216.011 13.1223 8.96513 4.15714 202.888 141.338 61.5507 1.54321
internal_count=4800 707 641 98 543 66 4093 271 191 80 3822 2675 1147 44
is_linear=0
shrinkage=0.08


Tree=99
num_leaves=11
num_cat=0
split_feature=0 4 4 4 4 0 4 4 1 4
split_gain=0.0937132 0.568311 1.01575 0.525395 0.191906 0.811537 0.479006 0.182631 0.0906324 1.62144e-05
threshold=6.5000000000000009 74.500000000000014 67.500000000000014 52.500000000000007 73.500000000000014 3.5000000000000004 71.500000000000014 27.500000000000004 1.0000000180025095e-35 80.500000000000014
decision_type=2 2 2 2 2 2 2 2 2 2
left_child=4 2 3 -2 6 9 7 -1 -7 -6
right_child=1 -3 -4 -5 5 8 -8 -9 -10 -11
leaf_value=0.0042256883182393698 -0.0077727374501646582 0.051800120338863852 -0.084096730923428412 0.015249221785330686 -0.081585951087825986 0.015574480285716411 0.034843556426586368 -0.0010030746298903205 -0.0099054451667973907 -0.080858315694997795
leaf_weight=59.988100568763912 31.36481671826914 1.1531906508607779 1.016936486121266 7.9529236108064643 0.67560551967471738 1.6389678157866001 2.6317971739917985 148.79434913396835 1.9641561754979193 0.27609755657613277
leaf_count=1173 795 35 37 166 47 16 27 2441 32 31
internal_value=-9.21876e-05 -0.00357454 -0.00515774 -0.00311601 0.000576776 -0.0156701 0.000926808 0.000499272 0.00168471 -0.0813749
internal_weight=257.457 41.4879 40.3347 39.3177 215.969 4.55483 211.414 208.782 3.60312 0.951703
internal_count=4800 1033 998 961 3767 126 3641 3614 48 78
is_linear=0
shrinkage=0.08


Tree=100
num_leaves=8
num_cat=0
split_feature=4 4 1 4 1 0 4
split_gain=0.0913328 0.135233 0.640915 0.176535 0.608556 0.163483 0.0681816
threshold=84.500000000000014 76.500000000000014 1.0000000180025095e-35 73.500000000000014 1.5000000000000002 6.5000000000000009 78.500000000000014
decision_type=2 2 2 2 2 2 2
left_child=1 3 -3 5 -5 -1 -4
right_child=-2 2 6 4 -6 -7 -8
leaf_value=0.00085175278904370689 -0.022238314488637827 0.064951136515401436 0.0070852660283249116 0.019032693516364559 -0.088727907459172056 -0.0047184423942461008 -0.022514365875775443
leaf_weight=211.52443598303944 1.1858947970904399 1.1247178125195199 0.85282530728727612 0.75308693759143241 0.60471819923259318 40.117421590257436 1.1972467617597429
leaf_count=3641 40 17 23 30 16 995 38
internal_value=-8.81281e-05 1.44106e-05 0.0164228 -0.000191492 -0.0289601 -3.62627e-05 -0.010201
internal_weight=257.36 256.174 3.17479 253 1.35781 251.642 2.05007
internal_count=4800 4760 78 4682 46 4636 61
is_linear=0
shrinkage=0.08


Tree=101
num_leaves=15
num_cat=0
split_feature=0 4 4 4 1 1 2 4 4 0 4 0 1 3
split_gain=0.0914648 0.812552 2.28758 2.13817 4.9869 0.987034 0.606415 0.194335 0.684051 2.14882 0.652777 0.830393 0.662583 0.57199
threshold=1.0000000180025095e-35 33.500000000000007 36.500000000000007 16.500000000000004 1.0000000180025095e-35 1.0000000180025095e-35 1.0000000180025095e-35 16.500000000000004 17.500000000000004 5.5000000000000009 7.5000000000000009 4.5000000000000009 1.0000000180025095e-35 1.0000000180025095e-35
decision_type=2 2 2 2 2 2 2 2 2 2 2 2 2 2
left_child=1 3 -3 4 -1 -4 -5 10 9 -9 12 -12 -2 -10
right_child=7 2 5 6 -6 -7 -8 8 13 -11 11 -13 -14 -15
leaf_value=0.18301055344661749 -0.017258459492423092 0.089874079076274302 -0.051440969136753133 -0.014142793455721992 -0.043629401968137811 0.0064493797665611963 -0.082011739971183051 -0.033294921002990814 0.0013029644195926269 0.092790352471874907 -0.05505164735039908 -0.0077559856949443277 0.021151765193887437 -0.023421896050112388
leaf_weight=0.89542845077812971 4.5020431745797413 1.8209870569407929 2.4737403108738345 1.1639225184917448 2.029999066144228 7.9194282414391637 3.0517957657575607 1.5684780366718762 201.62735365657136 1.9289471060037611 3.0205185366794458 11.13201029319316 7.9495164724066854 6.1715556220151475
leaf_count=18 65 30 77 36 64 201 129 38 3494 21 178 154 172 123
internal_value=-8.24193e-05 -0.00537091 0.00716245 -0.0268079 0.0257416 -0.00732945 -0.0632737 0.000347846 0.00115917 0.0362453 -0.00609591 -0.0178501 0.00726399 0.000568645
internal_weight=257.256 19.3553 12.2142 7.14115 2.92543 10.3932 4.21572 237.9 211.296 3.49743 26.6041 14.1525 12.4516 207.799
internal_count=4800 555 308 247 82 278 165 4245 3676 59 569 332 237 3617
is_linear=0
shrinkage=0.08


Tree=102
num_leaves=14
num_cat=0
split_feature=1 4 4 4 0 0 3 3 4 0 4 4 4
split_gain=0.0863576 0.757715 1.42069 0.79781 1.69292 0.785318 0.784701 0.679144 1.11178 0.729706 0.721166 1.7614 0.821521
threshold=1.5000000000000002 49.500000000000007 50.500000000000007 39.500000000000007 2.5000000000000004 3.5000000000000004 1.0000000180025095e-35 1.0000000180025095e-35 27.500000000000004 3.5000000000000004 50.500000000000007 54.500000000000007 34.500000000000007
decision_type=2 2 2 2 2 2 2 2 2 2 2 2 2
left_child=1 3 -3 6 -5 -4 -1 10 -9 -10 12 -12 -2
right_child=7 2 5 4 -6 -7 -8 8 9 -11 11 -13 -14
leaf_value=-0.0020800751235883212 -0.0016083739366331441 0.07043170592329305 0.022373849353334786 -0.050249229241255147 -0.0050372780940112199 -0.0042484702498965425 0.045017947710399256 0.033784647848628356 -0.027131245822060227 -0.1171694140849709 -0.047799414390431803 0.0015481167607071739 0.013585099803604301
leaf_weight=69.668965444900095 46.015278638340533 2.234477248042821 10.542397626675664 7.0888733211904791 21.009241829626262 21.663673682603985 2.3400581134483209 1.0816977070644491 1.4061992242932322 0.9758318900130688 5.8528042715042856 22.142681876197457 45.099411029368639
leaf_count=1514 819 39 307 202 354 396 59 17 35 15 92 352 599
internal_value=-9.00471e-05 -0.00148941 0.00874593 -0.00501075 -0.0164438 0.00446613 -0.000549543 0.00144602 -0.033474 -0.0640166 0.00246149 -0.0087686 0.005912
internal_weight=257.122 134.548 34.4405 100.107 28.0981 32.2061 72.009 122.574 3.46373 2.38203 119.11 27.9955 91.1147
internal_count=4800 2871 742 2129 556 703 1573 1929 67 50 1862 444 1418
is_linear=0
shrinkage=0.08


Tree=103
num_leaves=16
num_cat=0
split_feature=4 4 4 0 0 4 4 0 4 4 0 4 1 0 2
split_gain=0.0868921 0.688648 0.859953 0.72946 0.620331 0.864702 1.41129 0.659771 0.921567 0.912757 0.440198 0.399485 0.521248 0.289537 9.59047e-05
threshold=46.500000000000007 41.500000000000007 43.500000000000007 1.0000000180025095e-35 7.5000000000000009 63.500000000000007 61.500000000000007 1.5000000000000002 47.500000000000007 67.500000000000014 6.5000000000000009 40.500000000000007 1.5000000000000002 7.5000000000000009 1.0000000180025095e-35
decision_type=2 2 2 2 2 2 2 2 2 2 2 2 2 2 2
left_child=1 11 10 -4 7 6 -6 9 -9 -2 -3 13 -13 -1 -7
right_child=4 2 3 -5 5 14 -8 8 -10 -11 -12 12 -14 -15 -16
leaf_value=-0.0010319297201646452 -0.022414937953163371 -0.026276767630147597 0.061231916905430415 -0.0064376513868632784 -0.027499842159011335 -0.083752189429247101 0.080514526861176244 0.039777650617212633 0.0044674668658554869 0.037254007965655755 -0.082315306305347266 -0.0018505574438109442 0.043140416023567378 0.012152497492685392 -0.082315689512819909
leaf_weight=131.85882484540343 10.331792509183286 8.7064799899235386 1.1029608109965909 13.47613515332341 4.2246755361556998 0.53458771295845486 0.94786131009459484 5.1432728711515656 58.943288029870018 1.9504810445941974 1.000187987461685 3.3671202529221764 3.2280623540282249 11.597737251780925 0.67053257941734046
leaf_count=2459 262 151 33 257 99 17 13 55 933 68 42 56 36 283 36
internal_value=-9.04924e-05 -0.00110375 -0.0136017 -0.00131821 0.00204434 -0.0219249 -0.00770634 0.00404604 0.00730129 -0.0129392 -0.0320511 0.000919025 0.0201706 3.39645e-05 -0.0829529
internal_weight=257.084 174.338 24.2858 14.5791 82.7465 6.37766 5.17254 76.3688 64.0866 12.2823 9.70667 150.052 6.59518 143.457 1.20512
internal_count=4800 3317 483 290 1483 165 112 1318 988 330 193 2834 92 2742 53
is_linear=0
shrinkage=0.08


Tree=104
num_leaves=8
num_cat=0
split_feature=4 4 1 4 2 0 1
split_gain=0.0806596 0.110187 0.51532 0.155842 0.552523 0.146755 0.0664088
threshold=84.500000000000014 76.500000000000014 1.0000000180025095e-35 73.500000000000014 1.0000000180025095e-35 6.5000000000000009 1.5000000000000002
decision_type=2 2 2 2 2 2 2
left_child=1 3 -3 5 -5 -1 -4
right_child=-2 2 6 4 -6 -7 -8
leaf_value=0.00080372509112930997 -0.021063819218099241 0.05710150023093654 0.0085205182484706082 0.018881975529600022 -0.084823792317520907 -0.0044816932055941165 -0.021107254859356044
leaf_weight=211.32007762975991 1.168220821651629 1.1681852424517267 0.79350869124755274 0.73525021784007438 0.5947673988994211 39.982424418441951 1.2420511364471167
leaf_count=3641 40 17 22 13 33 995 39
internal_value=-9.05448e-05 5.22516e-06 0.0147483 -0.000181739 -0.027494 -3.71891e-05 -0.00955766
internal_weight=257.004 255.836 3.20375 252.633 1.33002 251.303 2.03556
internal_count=4800 4760 78 4682 46 4636 61
is_linear=0
shrinkage=0.08


Tree=105
num_leaves=12
num_cat=0
split_feature=0 4 4 0 0 4 4 4 4 1 4
split_gain=0.0842396 0.913275 0.585657 1.01431 0.446527 0.340316 1.12734 1.05456 1.43173 0.95867 0.63585
threshold=5.5000000000000009 83.500000000000014 72.500000000000014 4.5000000000000009 3.5000000000000004 48.500000000000007 50.500000000000007 41.500000000000007 42.500000000000007 1.5000000000000002 54.500000000000007
decision_type=2 2 2 2 2 2 2 2 2 2 2
left_child=1 2 4 -4 -1 7 -7 9 -9 -2 -8
right_child=5 -3 3 -5 -6 6 10 8 -10 -11 -12
leaf_value=0.0023817036189574098 -0.0062810443146457274 0.076927107948624493 -0.00075575212658270737 -0.096267689246202312 -0.0078903676651560627 0.049325401718967432 -0.017006016789898167 -0.066903474966321014 -0.0081235056298133261 0.011174936797550793 0.0092129289551610011
leaf_weight=74.863466205075383 38.954702909570187 0.94010822474956413 1.8750205051619551 1.1468460038304329 42.436496677808464 3.7637769579887381 7.7086213435977688 3.2315895985811975 14.788248863071201 41.679006400518119 25.509611127199605
leaf_count=2051 565 30 80 13 1048 40 87 35 179 361 311
internal_value=-8.45329e-05 -0.00161665 -0.00223034 -0.037004 -0.0013345 0.00128522 0.00783016 -0.00116826 -0.0186648 0.00274183 0.00312856
internal_weight=256.897 121.262 120.322 3.02187 117.3 135.636 36.982 98.6535 18.0198 80.6337 33.2182
internal_count=4800 3222 3192 93 3099 1578 438 1140 214 926 398
is_linear=0
shrinkage=0.08


Tree=106
num_leaves=8
num_cat=0
split_feature=4 4 1 4 2 4 1
split_gain=0.0969094 0.11473 0.449154 0.139083 1.27329 0.505186 0.0615749
threshold=84.500000000000014 76.500000000000014 1.0000000180025095e-35 63.500000000000007 1.0000000180025095e-35 60.500000000000007 1.5000000000000002
decision_type=2 2 2 2 2 2 2
left_child=1 3 -3 5 -5 -1 -4
right_child=-2 2 6 4 -6 -7 -8
leaf_value=-0.00033849044388859845 -0.022806851482115965 0.054326197511755749 0.0094247107601606924 0.025775385714080837 -0.021500820495920211 0.020530598840251692 -0.019261317844714312
leaf_weight=227.47197963949293 1.1953649083152402 1.1778602506965392 0.79181307274848234 5.2421530093997744 11.974779044743626 7.6742171533405772 1.2118215581867844
leaf_count=4221 40 17 22 87 247 127 39
internal_value=-8.15704e-05 2.4732e-05 0.0151218 -0.000165594 -0.00710632 0.000342592 -0.00792493
internal_weight=256.74 255.545 3.18149 252.363 17.2169 235.146 2.00363
internal_count=4800 4760 78 4682 334 4348 61
is_linear=0
shrinkage=0.08


Tree=107
num_leaves=14
num_cat=0
split_feature=4 4 2 4 4 4 4 4 0 4 2 4 1
split_gain=0.0967998 1.40047 0.893677 1.3558 1.25219 3.25696 2.87114 0.861759 0.365304 0.294192 1.653 1.02414 0.00163991
threshold=55.500000000000007 54.500000000000007 1.0000000180025095e-35 56.500000000000007 64.500000000000014 57.500000000000007 67.500000000000014 62.500000000000007 5.5000000000000009 50.500000000000007 1.0000000180025095e-35 49.500000000000007 1.5000000000000002
decision_type=2 2 2 2 2 2 2 2 2 2 2 2 2
left_child=1 9 4 -4 5 -2 -6 -5 12 11 -11 -1 -3
right_child=2 8 3 7 6 -7 -8 -9 -10 10 -12 -13 -14
leaf_value=-0.000335767755236335 0.097828026709525118 0.013649762349209421 -0.066228633669621673 0.0094989228385238093 0.11458138990686986 -0.070670768220699717 0.00066869556657544115 -0.017469942228976017 0.06457070417745836 -0.062980863067836929 0.0032286180610162671 0.040614194124331815 0.018762860200929387
leaf_weight=191.5915933791548 1.0435489378869518 0.82424771599471458 2.5214149933308354 13.917852202430369 2.1271785981953144 2.4764411821961403 4.2361340110655874 16.660005770041607 2.6252333670854568 3.1057595629245034 10.824042325839399 3.9901154562830916 0.78263530693948269
leaf_count=3572 24 22 46 224 29 60 80 365 24 64 207 62 21
internal_value=-7.66332e-05 0.00061998 -0.00354075 -0.00984416 0.0175694 -0.020717 0.0387483 -0.00519476 0.0461822 -0.000300373 -0.0115333 0.000499664 0.0161401
internal_weight=256.726 213.744 42.9826 33.0993 9.8833 3.51999 6.36331 30.5779 4.23212 209.512 13.9298 195.582 1.60688
internal_count=4800 3972 828 635 193 84 109 589 67 3905 271 3634 43
is_linear=0
shrinkage=0.08


Tree=108
num_leaves=14
num_cat=0
split_feature=4 4 2 0 4 4 0 4 0 2 0 4 1
split_gain=0.0837834 1.16744 0.747696 1.79823 1.2986 1.4723 1.12928 1.0771 0.30517 0.257732 2.11984 0.462601 0.00132396
threshold=55.500000000000007 54.500000000000007 1.0000000180025095e-35 1.5000000000000002 58.500000000000007 62.500000000000007 5.5000000000000009 64.500000000000014 5.5000000000000009 1.5000000000000002 7.5000000000000009 38.500000000000007 1.5000000000000002
decision_type=2 2 2 2 2 2 2 2 2 2 2 2 2
left_child=1 9 3 -2 6 -6 -4 -5 12 11 -11 -1 -3
right_child=2 8 4 7 5 -7 -8 -9 -10 10 -12 -13 -14
leaf_value=0.001575632590042079 -0.083606916743293166 0.012394647514190097 -0.083052705578877214 -0.011137766681453765 0.022400058763288495 -0.016259863523676608 -0.013628742191123462 0.047454478719595593 0.058570174367893371 0.010701360341403796 -0.0835957823766139 -0.0069663626645280951 0.016954713188729827
leaf_weight=112.70347707811743 1.0414625387638796 0.83463928848504909 2.5431250892579547 3.0471674464642984 10.212353661656381 16.475803755456582 3.6543157957494259 5.8877244105096906 2.6610796265304089 31.750012350268662 1.6027803048491467 63.402017230167985 0.79621265642344952
leaf_count=2190 32 22 76 70 149 365 45 91 24 514 49 1152 21
internal_value=-7.94287e-05 0.000567882 -0.00330753 0.0158762 -0.00912722 -0.00146646 -0.0421169 0.0274721 0.0418703 -0.00027843 0.00616988 -0.00149968 0.014621
internal_weight=256.612 213.75 42.862 9.97635 32.8856 26.6882 6.19744 8.93489 4.29193 209.458 33.3528 176.105 1.63085
internal_count=4800 3972 828 193 635 514 121 161 67 3905 563 3342 43
is_linear=0
shrinkage=0.08


Tree=109
num_leaves=15
num_cat=0
split_feature=4 4 4 4 2 2 0 4 1 4 0 4 4 0
split_gain=0.0865959 2.06839 1.75148 1.94798 2.26329 1.35172 1.20911 2.52476 1.47635 0.859081 0.638013 2.35408 0.610068 0.060565
threshold=29.500000000000004 28.500000000000004 31.500000000000004 33.500000000000007 1.0000000180025095e-35 1.0000000180025095e-35 2.5000000000000004 30.500000000000004 1.0000000180025095e-35 34.500000000000007 1.0000000180025095e-35 16.500000000000004 24.500000000000004 5.5000000000000009
decision_type=2 2 2 2 2 2 2 2 2 2 2 2 2 2
left_child=1 10 6 4 -4 -3 7 -2 -8 -5 11 -1 -12 -7
right_child=2 5 3 9 -6 13 8 -9 -10 -11 12 -13 -14 -15
leaf_value=0.022477255023342496 0.18992848820543112 0.0054974899978219053 0.019904936451922241 0.036621906837798701 -0.066455944069789136 -0.082443251486296526 0.070039134481361981 0.0017554329536742283 -0.0033529183351091812 2.7968961848408555e-05 -0.0016313846790589077 -0.082083940145994683 0.015507574361003385 -0.10729784644066456
leaf_weight=3.005315006710588 0.88044982403516658 1.3480938225984567 2.9084496609866601 4.218394983559846 5.8457701038569212 1.3911458253860476 2.5886736623942834 0.94734089821577072 5.4415612574666739 153.79761569260154 52.518273098859936 2.5449902173131704 17.795989386737347 1.1430041640996931
leaf_count=82 29 27 45 90 138 53 43 31 89 2662 1061 107 323 20
internal_value=-8.12692e-05 -0.0022694 0.000906664 -0.0010302 -0.0377639 -0.0592238 0.033673 0.0923987 0.0203062 0.00100488 0.000645143 -0.0254674 0.00270635 -0.0936537
internal_weight=256.375 79.7468 176.628 166.77 8.75422 3.88224 9.85803 1.82779 8.03023 158.016 75.8646 5.55031 70.3143 2.53415
internal_count=4800 1673 3127 2935 183 100 192 60 132 2752 1573 189 1384 73
is_linear=0
shrinkage=0.08


Tree=110
num_leaves=8
num_cat=0
split_feature=4 4 4 0 4 4 4
split_gain=0.0799906 0.761783 0.203552 0.357698 0.144584 0.143495 0.0387237
threshold=80.500000000000014 83.500000000000014 76.500000000000014 4.5000000000000009 73.500000000000014 70.500000000000014 88.500000000000014
decision_type=2 2 2 2 2 2 2
left_child=2 -2 4 -4 5 -1 -3
right_child=1 6 3 -5 -6 -7 -8
leaf_value=-0.00029065019056119095 -0.087850375354590157 0.0045867278872717271 0.056517476655042878 -0.0075550105305888229 -0.026764599733568841 0.014308990269854813 0.030732276247748661
leaf_weight=246.26702579855919 0.64753656089305822 0.80595532478764631 1.1021133819594973 1.1287590991705654 1.301882124505936 4.3852719319984308 0.65896974946372211
leaf_count=4581 22 23 33 16 46 55 24
internal_value=-8.9155e-05 -0.0155922 3.96868e-05 0.0240986 -0.000173337 -3.52231e-05 0.0163478
internal_weight=256.298 2.11246 254.185 2.23087 251.954 250.652 1.46493
internal_count=4800 69 4731 49 4682 4636 47
is_linear=0
shrinkage=0.08


Tree=111
num_leaves=7
num_cat=0
split_feature=4 4 1 4 0 1
split_gain=0.0885481 0.0993453 0.41853 0.125365 0.138894 0.0467767
threshold=84.500000000000014 76.500000000000014 1.0000000180025095e-35 73.500000000000014 6.5000000000000009 1.5000000000000002
decision_type=2 2 2 2 2 2
left_child=1 3 -3 4 -1 -4
right_child=-2 2 5 -5 -6 -7
leaf_value=0.00078676988331795002 -0.0219449716445764 0.051778161768008521 0.0066303034266266036 -0.025196754052869249 -0.0043613422102704953 -0.018312972745301803
leaf_weight=210.76123111788183 1.1802984089590598 1.1831056578084818 0.80643026530742634 1.2734699719585467 39.887988042319193 1.1930137577001005
leaf_count=3641 40 17 22 46 995 39
internal_value=-8.34039e-05 1.77433e-05 0.0140637 -0.000159699 -3.24939e-05 -0.00825267
internal_weight=256.286 255.105 3.18255 251.923 250.649 1.99944
internal_count=4800 4760 78 4682 4636 61
is_linear=0
shrinkage=0.08


Tree=112
num_leaves=9
num_cat=0
split_feature=4 0 4 4 4 4 0 1
split_gain=0.076384 0.0903711 0.396908 0.711948 0.276061 1.43387 1.20295 0.093546
threshold=84.500000000000014 5.5000000000000009 71.500000000000014 63.500000000000007 47.500000000000007 46.500000000000007 4.5000000000000009 1.5000000000000002
decision_type=2 2 2 2 2 2 2 2
left_child=1 4 3 -3 5 -1 -6 -4
right_child=-2 2 7 -5 6 -7 -8 -9
leaf_value=-0.0018245241838549719 -0.020560990262311316 0.0021326707669649348 0.043544933524149822 -0.024977737903288159 -0.0013312582282359615 0.040697602022189375 -0.042826622113473586 0.014781936317787845
leaf_weight=79.719414808787405 1.1598412562161673 125.34014188777655 1.6071311850100747 6.522085059201344 29.841374715324491 5.420343190431594 5.2592769376933566 1.3164292434230447
leaf_count=2234 40 1427 30 84 769 53 142 21
internal_value=-7.73736e-05 1.57844e-05 0.00143816 0.000791753 -0.00157866 0.000882607 -0.00754868 0.0305934
internal_weight=256.186 255.026 134.786 131.862 120.24 85.1398 35.1007 2.92356
internal_count=4800 4760 1562 1511 3198 2287 911 51
is_linear=0
shrinkage=0.08


Tree=113
num_leaves=14
num_cat=0
split_feature=4 4 4 4 2 2 2 4 0 0 1 0 0
split_gain=0.0745002 1.84425 1.43853 1.70157 2.02239 1.28657 0.972486 0.707321 0.663007 0.552612 2.34418 0.55603 0.0498313
threshold=29.500000000000004 28.500000000000004 31.500000000000004 33.500000000000007 1.0000000180025095e-35 1.0000000180025095e-35 1.5000000000000002 34.500000000000007 7.5000000000000009 1.0000000180025095e-35 1.0000000180025095e-35 1.5000000000000002 5.5000000000000009
decision_type=2 2 2 2 2 2 2 2 2 2 2 2 2
left_child=1 9 6 4 -4 -3 8 -5 -2 10 -1 -11 -7
right_child=2 5 3 7 -6 12 -8 -9 -10 11 -12 -13 -14
leaf_value=0.051749045130938594 0.011819222538476476 0.0050436587134495541 0.018073463640706982 0.032825861647901841 -0.063893661536792518 -0.082247979456140541 0.10327455350379858 4.7504788965759645e-05 0.069128778573009683 0.026059579493681016 -0.060601837042712416 0.00033789576495132272 -0.10560761843443781
leaf_weight=1.7619259934872378 7.4575520642101729 1.3512350749224418 2.9356633946299535 4.3320810943841925 5.6041002739220858 1.2854544520378115 1.0448660477995879 153.65847358561587 1.5626587159931657 5.8682321906089774 3.6523058880120516 64.479979631491005 1.071738054975867
leaf_count=50 140 27 45 90 138 53 19 2662 33 190 139 1194 20
internal_value=-7.4089e-05 -0.00210822 0.000841303 -0.000933794 -0.0357163 -0.0571926 0.0302109 0.000946283 0.0217475 0.000588058 -0.0240401 0.00248352 -0.0928688
internal_weight=256.066 79.4709 176.595 166.53 8.53976 3.70843 10.0651 157.991 9.02021 75.7624 5.41423 70.3482 2.35719
internal_count=4800 1673 3127 2935 183 100 192 2752 173 1573 189 1384 73
is_linear=0
shrinkage=0.08


Tree=114
num_leaves=6
num_cat=0
split_feature=4 4 4 4 4
split_gain=0.073101 0.183228 0.125004 0.116945 0.0369658
threshold=83.500000000000014 78.500000000000014 76.500000000000014 73.500000000000014 88.500000000000014
decision_type=2 2 2 2 2
left_child=1 2 3 -1 -2
right_child=4 -3 -4 -5 -6
leaf_value=-4.2153486443997558e-05 0.0062449683588704273 -0.029804407122851102 0.022616561372477879 -0.024489733258794194 0.031956936583610498
leaf_weight=250.47705587069504 0.7917923992499698 1.3292568263132114 1.5510633094236244 1.258544067153706 0.65297241951338947
leaf_count=4636 23 39 32 46 24
internal_value=-7.85211e-05 -0.000180342 -2.48737e-05 -0.000164378 0.0178657
internal_weight=256.061 254.616 253.287 251.736 1.44476
internal_count=4800 4753 4714 4682 47
is_linear=0
shrinkage=0.08


Tree=115
num_leaves=9
num_cat=0
split_feature=4 4 1 4 4 4 0 4
split_gain=0.0767148 0.10041 0.498299 1.61619 1.17996 0.489416 0.539902 0.434662
threshold=84.500000000000014 66.500000000000014 1.0000000180025095e-35 67.500000000000014 76.500000000000014 63.500000000000007 4.5000000000000009 60.500000000000007
decision_type=2 2 2 2 2 2 2 2
left_child=1 5 4 -4 -3 7 -7 -1
right_child=-2 2 3 -5 -6 6 -8 -9
leaf_value=-0.00038585084188542522 -0.020599711694720125 -0.047724051907423785 0.08651097905063132 0.0012338955542106258 0.048003011018815059 0.0058377854405670775 -0.040721823735731445 0.01894609905034992
leaf_weight=226.95291238976642 1.1599364205030713 2.6322793490253384 1.7269322294741858 8.0647334817331267 1.1996869212016461 2.6828483249992123 3.9272466697730124 7.6959589477628461
leaf_count=4221 40 63 23 179 17 71 59 127
internal_value=-7.26578e-05 2.0758e-05 0.0067027 0.016274 -0.0177544 -0.000356564 -0.0218246 0.000248194
internal_weight=256.043 254.883 13.6236 9.79167 3.83197 241.259 6.61009 234.649
internal_count=4800 4760 282 202 80 4478 130 4348
is_linear=0
shrinkage=0.08


Tree=116
num_leaves=16
num_cat=0
split_feature=0 0 4 4 4 4 4 4 4 4 1 4 4 4 4
split_gain=0.0771035 0.508934 1.90196 2.21362 1.2952 0.540029 0.269718 1.19998 1.77407 0.91286 1.92383 0.544916 0.222076 0.186121 0.000201321
threshold=4.5000000000000009 3.5000000000000004 63.500000000000007 49.500000000000007 72.500000000000014 49.500000000000007 71.500000000000014 77.500000000000014 83.500000000000014 63.500000000000007 1.0000000180025095e-35 62.500000000000007 71.500000000000014 73.500000000000014 73.500000000000014
decision_type=2 2 2 2 2 2 2 2 2 2 2 2 2 2 2
left_child=1 4 3 -3 5 -1 9 13 -9 11 -11 -2 -4 -8 -6
right_child=6 2 12 -5 14 -7 7 8 -10 10 -12 -13 -14 -15 -16
leaf_value=-0.0016175767907908277 0.0012304701591279805 -0.0087063082842850845 0.084922589232708762 -0.083272566229864078 -0.083813524139461304 0.014078194957432153 0.071323288290818007 -0.094426224992108856 0.047019323048488104 -0.099945453072290982 -0.0037754133648527158 0.048656992111359564 0.033746632353773322 0.031472561126569237 -0.081365916959177942
leaf_weight=56.172209511511028 147.83625112101436 12.8145062699914 0.94267847016453687 3.1803618893027297 0.28220471553504356 18.699383651837707 1.5445679239928716 1.1578255733475091 1.1130858801770953 1.7675031765829761 5.3940107598900795 1.5669162850826968 1.2789805037900803 1.4582057772204278 0.90410614782012999
leaf_count=1588 1881 428 25 89 7 463 18 18 22 35 77 21 22 28 78
internal_value=-6.95696e-05 -0.00188825 -0.0138988 -0.0235328 0.000988388 0.00230248 0.000989849 0.0187847 -0.0250968 0.000390452 -0.0275107 0.00172787 0.0554612 0.051971 -0.0819482
internal_weight=256.113 94.2744 18.2165 15.9949 76.0579 74.8716 161.838 5.27369 2.27091 156.565 7.16151 149.403 2.22166 3.00277 1.18631
internal_count=4800 2700 564 517 2136 2051 2100 86 40 2014 112 1902 47 46 85
is_linear=0
shrinkage=0.08


Tree=117
num_leaves=7
num_cat=0
split_feature=4 4 2 4 4 0
split_gain=0.0834873 0.112612 0.324915 0.761872 0.10859 0.143986
threshold=84.500000000000014 76.500000000000014 1.0000000180025095e-35 78.500000000000014 73.500000000000014 6.5000000000000009
decision_type=2 2 2 2 2 2
left_child=1 4 -3 -4 5 -1
right_child=-2 2 3 -5 -6 -7
leaf_value=0.00078978940347189234 -0.021412406310808586 -0.016981133879813235 0.089176672692512393 -0.012503608918581323 -0.023761489981086851 -0.0044507990619136826
leaf_weight=210.6644236384891 1.1679818831617002 1.2232908508740359 0.90062248427420832 0.99007239216007292 1.2416852575261135 39.910468469373882
leaf_count=3641 40 22 22 34 46 995
internal_value=-7.26453e-05 2.51242e-05 0.0151453 0.0359313 -0.000161853 -4.49085e-05
internal_weight=256.099 254.931 3.11399 1.89069 251.817 250.575
internal_count=4800 4760 78 56 4682 4636
is_linear=0
shrinkage=0.08


Tree=118
num_leaves=15
num_cat=0
split_feature=0 0 4 4 4 4 4 4 4 2 2 4 4 4
split_gain=0.0733824 0.445107 1.64444 1.19708 0.825679 0.478811 0.252184 1.54931 1.62576 1.42911 1.19749 1.85414 1.02454 0.000153912
threshold=4.5000000000000009 3.5000000000000004 77.500000000000014 72.500000000000014 49.500000000000007 1.0000000180025095e-35 36.500000000000007 33.500000000000007 32.500000000000007 1.0000000180025095e-35 1.0000000180025095e-35 37.500000000000007 45.500000000000007 73.500000000000014
decision_type=2 2 2 2 2 2 2 2 2 2 2 2 2 2
left_child=1 3 4 5 -3 -1 7 8 -2 -9 12 -12 -8 -5
right_child=6 2 -4 13 -6 -7 10 9 -10 -11 11 -13 -14 -15
leaf_value=-0.038701955228952013 0.0019925212115339424 -0.0081340089453402781 0.09596474142393463 -0.083511837094529084 -0.048175779983972336 0.0030489580843143776 0.034379281522442053 -0.0093974950238876684 -0.074382268216592801 0.05499267154565126 -0.080368327142795834 -0.0049238060024222518 -0.0013343592840042637 -0.081290849679438421
leaf_weight=1.8011832926422346 65.271207089070231 12.721977638546383 0.84256326034665008 0.26160812936723121 4.4482083152979603 73.279947062954307 9.2963020307943243 3.2954505868256074 1.8338821399956931 6.6728836223483086 2.1575942710041991 61.799441185896285 11.501232747454194 0.84374595223926008
leaf_count=54 869 428 12 7 124 1997 101 37 28 97 31 774 163 78
internal_value=-6.81134e-05 -0.00184331 -0.0131529 0.000830619 -0.0185075 0.00204736 0.000965219 0.00427692 -9.4688e-05 0.0337058 -0.00204635 -0.00746893 0.0146293 -0.0818165
internal_weight=256.027 94.1992 18.0127 76.1865 17.1702 75.0811 161.828 77.0734 67.1051 9.96833 84.7546 63.957 20.7975 1.10535
internal_count=4800 2700 564 2136 552 2051 2100 1031 897 134 1069 805 264 85
is_linear=0
shrinkage=0.08


Tree=119
num_leaves=16
num_cat=0
split_feature=4 0 4 4 0 4 4 4 4 2 2 4 0 0 2
split_gain=0.079058 0.560985 0.796388 1.05567 0.582016 0.964154 0.673414 0.472904 0.698122 1.12833 0.90692 0.351792 0.455751 0.271989 0.000129711
threshold=46.500000000000007 7.5000000000000009 63.500000000000007 61.500000000000007 1.5000000000000002 67.500000000000014 50.500000000000007 41.500000000000007 42.500000000000007 1.5000000000000002 1.0000000180025095e-35 40.500000000000007 4.5000000000000009 7.5000000000000009 1.0000000180025095e-35
decision_type=2 2 2 2 2 2 2 2 2 2 2 2 2 2 2
left_child=7 4 3 -3 5 -2 -6 11 9 -9 -10 13 -13 -1 -4
right_child=1 2 14 -5 6 -7 -8 8 10 -11 -12 12 -14 -15 -16
leaf_value=-0.0012417182754200496 -0.021906447697687268 -0.026111222651330434 -0.083968900608998281 0.063982039571515437 0.020743973651867195 0.040088095249276472 0.0020381809533999125 -0.01879018572301263 0.02795436924732584 -0.11322180120086926 -0.013938430016016141 -0.011086087358851747 0.033533816897381552 0.011503443037343575 -0.082224385692997434
leaf_weight=131.55042373249307 10.239396143704651 4.1212700959295026 0.51845284388400592 1.043056398630142 16.668362360447645 1.9040956941898901 47.183697164990008 3.9341110726818469 4.2694407813251045 1.0197064355015752 14.675456981174646 2.1954944524914017 4.4034194368869066 11.666575428098438 0.57564705982804298
leaf_count=2459 262 99 17 13 211 68 777 89 84 14 296 54 38 283 36
internal_value=-7.10191e-05 0.00197217 -0.0210501 -0.00791478 0.00386812 -0.0121857 0.00692126 -0.00103847 -0.0114893 -0.0382282 -0.00449743 0.000628646 0.0186885 -0.000203487 -0.083051
internal_weight=255.969 82.254 6.25843 5.16433 75.9956 12.1435 63.8521 173.715 23.8987 4.95382 18.9449 149.816 6.59891 143.217 1.0941
internal_count=4800 1483 165 112 1318 330 988 3317 483 103 380 2834 92 2742 53
is_linear=0
shrinkage=0.08


Tree=120
num_leaves=5
num_cat=0
split_feature=4 4 4 4
split_gain=0.0739791 0.092846 0.104484 0.179699
threshold=84.500000000000014 79.500000000000014 77.500000000000014 74.500000000000014
decision_type=2 2 2 2
left_child=1 2 3 -1
right_child=-2 -3 -4 -5
leaf_value=-0.00014941503617571598 -0.020297606900493165 0.02065813843739716 -0.024244361920317838 0.027486087750105487
leaf_weight=250.62256208457984 1.1520941203925747 1.3875401061959554 1.1412361841648806 1.5149848987348367
leaf_count=4652 40 40 22 46
internal_value=-7.1125e-05 2.03784e-05 -9.26817e-05 1.66347e-05
internal_weight=255.818 254.666 253.279 252.138
internal_count=4800 4760 4720 4698
is_linear=0
shrinkage=0.08


Tree=121
num_leaves=8
num_cat=0
split_feature=4 4 0 4 0 0 4
split_gain=0.0675833 0.14411 1.68392 0.148782 2.23707 0.134608 0.0355138
threshold=83.500000000000014 77.500000000000014 4.5000000000000009 74.500000000000014 6.5000000000000009 6.5000000000000009 88.500000000000014
decision_type=2 2 2 2 2 2 2
left_child=1 3 -3 5 -5 -1 -2
right_child=6 2 -4 4 -6 -7 -8
leaf_value=0.00066905380714007978 0.0057136920820158475 0.046247307414099499 -0.093136488556559413 -0.067686217286184833 0.12492574776937083 -0.0043998212828776995 0.030934073368964463
leaf_weight=210.72708004550077 0.78366964729502686 1.1593763860873871 1.0636395113542674 0.80409736605360993 0.74205587944015861 39.874090919038281 0.65683236671611667
leaf_count=3654 23 37 18 34 12 998 24
internal_value=-6.57713e-05 -0.000163624 -0.0204432 1.51676e-05 0.0247554 -0.000137474 0.0172135
internal_weight=255.811 254.37 2.22302 252.147 1.54615 250.601 1.4405
internal_count=4800 4753 55 4698 46 4652 47
is_linear=0
shrinkage=0.08


Tree=122
num_leaves=6
num_cat=0
split_feature=4 4 0 4 4
split_gain=0.0741023 0.097806 0.0996501 0.663263 0.426368
threshold=84.500000000000014 79.500000000000014 5.5000000000000009 72.500000000000014 48.500000000000007
decision_type=2 2 2 2 2
left_child=1 2 3 -1 -4
right_child=-2 -3 4 -5 -6
leaf_value=-0.001007608909622502 -0.020310053042048956 0.021270844693932693 -0.0013311429244679681 -0.04821245317642775 0.0088213030966627776
leaf_weight=116.72652302496135 1.1517706542508666 1.3795837061479677 98.329905930906534 1.9365952343214292 36.228246448561549
leaf_count=3099 40 40 1140 69 412
internal_value=-6.38942e-05 2.76959e-05 -8.80396e-05 -0.001778 0.00140229
internal_weight=255.753 254.601 253.221 118.663 134.558
internal_count=4800 4760 4720 3168 1552
is_linear=0
shrinkage=0.08


Tree=123
num_leaves=12
num_cat=0
split_feature=4 4 1 4 4 2 1 4 4 2 4
split_gain=0.0651763 0.84239 1.03942 0.959848 0.726354 0.308789 0.55943 0.399619 0.204453 1.37887 1.34152
threshold=12.500000000000002 14.500000000000002 1.5000000000000002 13.500000000000002 11.500000000000002 1.5000000000000002 1.5000000000000002 7.5000000000000009 22.500000000000004 1.0000000180025095e-35 24.500000000000004
decision_type=2 2 2 2 2 2 2 2 2 2 2
left_child=4 2 3 -2 5 7 -7 -1 9 -3 -10
right_child=1 8 -4 -5 -6 6 -8 -9 10 -11 -12
leaf_value=0.010417180820633181 0.0604345889652056 -0.026007305402118243 -0.098205639022692234 -0.043498160103272107 0.04310323746248354 -0.064257605295365297 0.013643631738328596 -0.016345283186651741 -0.035006079185100014 0.018330250519500598 0.0005657226558953832
leaf_weight=12.015277242288002 0.85409497469663542 5.997898198664191 1.2327248798683288 1.7018673475831747 2.6838628752157083 1.2790962378494433 1.0950826648622751 5.0808759415522209 7.0250039882957926 17.845568552613258 198.80756609258242
leaf_count=248 31 127 33 35 40 30 20 116 171 355 3594
internal_value=-5.96423e-05 -0.000453152 -0.0378685 -0.00876821 0.00408723 -0.00129088 -0.0283259 0.00246353 0.000164043 0.007177 -0.000648332
internal_weight=255.619 233.465 3.78869 2.55596 22.1542 19.4703 2.37418 17.0962 229.676 23.8435 205.833
internal_count=4800 4346 99 66 454 414 50 364 4247 482 3765
is_linear=0
shrinkage=0.08


Tree=124
num_leaves=14
num_cat=0
split_feature=2 4 4 4 4 1 1 1 4 0 4 4 4
split_gain=0.0693575 0.892064 0.949969 1.78373 0.835207 0.819324 0.321286 1.08862 1.15592 0.864752 0.692667 1.01362 0.772673
threshold=1.5000000000000002 64.500000000000014 37.500000000000007 39.500000000000007 71.500000000000014 1.0000000180025095e-35 1.5000000000000002 1.0000000180025095e-35 13.500000000000002 1.5000000000000002 64.500000000000014 60.500000000000007 72.500000000000014
decision_type=2 2 2 2 2 2 2 2 2 2 2 2 2
left_child=6 2 5 -4 -3 -2 7 9 -9 -1 11 -8 -12
right_child=1 4 3 -5 -6 -7 10 8 -10 -11 12 -13 -14
leaf_value=-0.020110418056744139 -0.036894929291579941 -0.090627108655625704 0.079698357116014612 0.0082526422525044298 0.016444346111350105 0.0024606281376801983 0.002343734218360715 0.023267200231853153 -0.01684511163044411 0.006842865265670392 0.042334172087104521 -0.04356253876128225 -0.014254847235535984
leaf_weight=8.8064204044640046 4.8131013456732061 1.2153837038204063 2.511905491352084 20.393584188073874 0.75645991810597468 11.414163582958279 89.853638953529298 5.1412645494565359 43.498630666406825 56.457874362589791 5.3526018373668185 3.1875178627669802 2.1703836915548891
leaf_count=266 103 39 28 270 30 237 1443 141 1100 961 66 56 60
internal_value=-5.9443e-05 0.0029509 0.0055964 0.0160877 -0.0495512 -0.00921246 -0.000636399 -0.00354582 -0.0126052 0.00320593 0.00265896 0.000771021 0.0260082
internal_weight=255.573 41.1046 39.1328 22.9055 1.97184 16.2273 214.468 113.904 48.6399 65.2643 100.564 93.0412 7.52299
internal_count=4800 707 638 298 69 340 4093 2468 1241 1227 1625 1499 126
is_linear=0
shrinkage=0.08


Tree=125
num_leaves=12
num_cat=0
split_feature=4 4 0 0 1 4 4 4 1 0 1
split_gain=0.0738555 0.387267 0.699511 0.430226 0.298983 0.284898 1.01634 0.536969 0.504149 0.724742 0.416673
threshold=4.5000000000000009 1.5000000000000002 1.5000000000000002 4.5000000000000009 1.0000000180025095e-35 7.5000000000000009 9.5000000000000018 10.500000000000002 1.5000000000000002 4.5000000000000009 1.5000000000000002
decision_type=2 2 2 2 2 2 2 2 2 2 2
left_child=1 2 -1 -3 -4 8 10 -8 9 -2 -7
right_child=5 3 4 -5 -6 6 7 -9 -10 -11 -12
leaf_value=0.059104557684894338 1.7592951705671105e-05 -0.081850992058467645 -0.034715236514524253 -0.0043723911707375177 0.0040905771299932052 -0.10080626537241022 0.047076468264984246 -7.0657029993805574e-05 -0.015056875010415454 0.071515781196220166 -0.024834984013429935
leaf_weight=1.1249014660716037 1.8208044208586209 0.84476132038980711 2.0087529756128788 1.0036258795298634 3.4582354426383972 0.84006801806390163 1.5561505928635586 237.78586329496466 1.9184485003352163 1.8086221218109129 1.0267450697720051
leaf_count=34 25 40 28 36 77 29 37 4431 28 15 20
internal_value=-6.2185e-05 -0.00742086 0.00165334 -0.0397821 -0.010168 0.000189518 -0.000222738 0.000235883 0.0181135 0.0356467 -0.0590221
internal_weight=255.197 8.44028 6.59189 1.84839 5.46699 246.757 241.209 239.342 5.54788 3.62943 1.86681
internal_count=4800 215 139 76 105 4585 4517 4468 68 40 49
is_linear=0
shrinkage=0.08


Tree=126
num_leaves=8
num_cat=0
split_feature=4 4 1 4 0 0 0
split_gain=0.0636015 0.109483 0.262551 0.109168 0.872479 0.119168 0.0738405
threshold=84.500000000000014 76.500000000000014 1.0000000180025095e-35 73.500000000000014 6.5000000000000009 6.5000000000000009 4.5000000000000009
decision_type=2 2 2 2 2 2 2
left_child=1 3 -3 5 -5 -1 -4
right_child=-2 2 6 4 -6 -7 -8
leaf_value=0.00071539955974907969 -0.018973313817335642 0.043744514776034686 -0.016985961871185937 -0.085025044372411748 0.050485901834353718 -0.0040639993679352122 0.015181605532357603
leaf_weight=210.01663301419467 1.1329611723776896 1.226730538532137 1.1135855787433682 0.67471323499921598 0.55355353699997067 39.699685267405584 0.77424251288175594
leaf_count=3641 40 17 43 35 11 995 18
internal_value=-6.07736e-05 2.35657e-05 0.0149304 -0.000161448 -0.0239532 -4.44252e-05 -0.00379329
internal_weight=255.192 254.059 3.11456 250.945 1.22827 249.716 1.88783
internal_count=4800 4760 78 4682 46 4636 61
is_linear=0
shrinkage=0.08


Tree=127
num_leaves=8
num_cat=0
split_feature=4 4 0 4 0 2 4
split_gain=0.0689756 0.119574 1.59593 0.128665 1.59615 0.116388 0.0401211
threshold=83.500000000000014 77.500000000000014 4.5000000000000009 74.500000000000014 6.5000000000000009 1.5000000000000002 88.500000000000014
decision_type=2 2 2 2 2 2 2
left_child=1 3 -3 5 -5 -1 -2
right_child=6 2 -4 4 -6 -7 -8
leaf_value=-0.00089791541409717116 0.0052094664239211198 0.044848762099695974 -0.092334510006319273 -0.064937580385842505 0.09758103597299421 0.003779675210292347 0.032115862405606641
leaf_weight=209.27420896105468 0.77883603423833736 1.1697454086970531 1.0125347971916197 0.71535965870134421 0.8419938487932086 40.658355386694893 0.65127940475940704
leaf_count=3971 23 37 18 34 12 681 24
internal_value=-5.71645e-05 -0.000155936 -0.0188016 5.86006e-06 0.0229292 -0.000136978 0.0174627
internal_weight=255.102 253.672 2.18228 251.49 1.55735 249.933 1.43012
internal_count=4800 4753 55 4698 46 4652 47
is_linear=0
shrinkage=0.08


Tree=128
num_leaves=8
num_cat=0
split_feature=4 4 1 4 0 0 0
split_gain=0.0646428 0.101893 0.229991 0.113684 0.674905 0.100491 0.0922032
threshold=84.500000000000014 76.500000000000014 1.0000000180025095e-35 73.500000000000014 6.5000000000000009 6.5000000000000009 4.5000000000000009
decision_type=2 2 2 2 2 2 2
left_child=1 3 -3 5 -5 -1 -4
right_child=-2 2 6 4 -6 -7 -8
leaf_value=0.00066628363991015681 -0.019110325652150199 0.040984087698948048 -0.017849209818367445 -0.084485645452471336 0.034702003891131844 -0.0037297318004593195 0.018334694183524715
leaf_weight=210.07315732864663 1.1343440280761559 1.2490323521196833 1.122757220873609 0.60463038901798316 0.61165307182818651 39.545328885084018 0.75297381356358539
leaf_count=3641 40 17 43 35 11 995 18
internal_value=-5.52902e-05 2.98217e-05 0.0143869 -0.000149031 -0.0245477 -3.01467e-05 -0.00332392
internal_weight=255.094 253.96 3.12476 250.835 1.21628 249.618 1.87573
internal_count=4800 4760 78 4682 46 4636 61
is_linear=0
shrinkage=0.08


Tree=129
num_leaves=12
num_cat=0
split_feature=4 4 0 0 1 4 4 4 1 0 1
split_gain=0.0644099 0.342342 0.561385 0.414423 0.255549 0.242736 0.895233 0.471964 0.418196 0.592716 0.40551
threshold=4.5000000000000009 1.5000000000000002 1.5000000000000002 4.5000000000000009 1.0000000180025095e-35 7.5000000000000009 9.5000000000000018 12.500000000000002 1.5000000000000002 4.5000000000000009 1.5000000000000002
decision_type=2 2 2 2 2 2 2 2 2 2 2
left_child=1 2 -1 -3 -4 8 10 -8 9 -2 -7
right_child=5 3 4 -5 -6 6 7 -9 -10 -11 -12
leaf_value=0.05122087744360794 -4.2314474115643794e-05 -0.081707011792865963 -0.032280824123063871 -0.003926569660088408 0.0036833193221418419 -0.099841293875885764 0.021502718619057285 -0.00037043898171901848 -0.013855865049558614 0.064146353610108134 -0.023056731326240757
leaf_weight=1.1892131585627774 1.8219752795994275 0.78178685810416915 1.9909618655219672 0.99816756043583155 3.4654384357854724 0.78110120398923633 6.4894834170117965 232.7266729088733 1.8950593285262582 1.8611699081957338 1.008537913672626
leaf_count=34 25 40 28 36 77 29 122 4346 28 15 20
internal_value=-5.19456e-05 -0.00693008 0.00141552 -0.0380891 -0.00943948 0.000183074 -0.000198789 0.000222939 0.0166814 0.0323936 -0.0565699
internal_weight=255.01 8.42557 6.64561 1.77995 5.4564 246.584 241.006 239.216 5.5782 3.68315 1.78964
internal_count=4800 215 139 76 105 4585 4517 4468 68 40 49
is_linear=0
shrinkage=0.08


Tree=130
num_leaves=8
num_cat=0
split_feature=4 4 0 4 2 2 4
split_gain=0.0631996 0.112659 1.46014 0.101217 0.0977322 0.0513928 0.0377455
threshold=83.500000000000014 77.500000000000014 4.5000000000000009 74.500000000000014 1.5000000000000002 1.0000000180025095e-35 88.500000000000014
decision_type=2 2 2 2 2 2 2
left_child=1 3 -3 4 -1 -5 -2
right_child=6 2 -4 5 -6 -7 -8
leaf_value=-0.0008152222144170632 0.0047535706943533478 0.04043507737661612 -0.091720839537693374 0.035957991377476801 0.0034682143256768135 0.0070106325526133719 0.030796631788371418
leaf_weight=209.06579603045247 0.77689922275021561 1.2037229770794504 0.96320269070565689 0.71997311292216071 40.732298567891121 0.86304738838225603 0.65769658680073917
leaf_count=3971 23 37 18 12 681 34 24
internal_value=-5.07983e-05 -0.000145537 -0.0183085 1.10293e-05 -0.000116761 0.0201762 0.0166931
internal_weight=254.983 253.548 2.16693 251.381 249.798 1.58302 1.4346
internal_count=4800 4753 55 4698 4652 46 47
is_linear=0
shrinkage=0.08


Tree=131
num_leaves=6
num_cat=0
split_feature=4 4 0 4 4
split_gain=0.0650453 0.101129 0.0831351 0.565091 0.353514
threshold=84.500000000000014 79.500000000000014 5.5000000000000009 72.500000000000014 48.500000000000007
decision_type=2 2 2 2 2
left_child=1 2 3 -1 -4
right_child=-2 -3 4 -5 -6
leaf_value=-0.000934306362226396 -0.01916100462401505 0.021758808454349059 -0.0012112775675510656 -0.045843557562513133 0.0080457331614000975
leaf_weight=116.54237664816901 1.1345074255950738 1.3643750827759493 97.956971234641969 1.8212129508610804 36.144640648271888
leaf_count=3099 40 40 1140 69 412
internal_value=-4.81293e-05 3.72969e-05 -8.00907e-05 -0.00162531 0.00128378
internal_weight=254.964 253.83 252.465 118.364 134.102
internal_count=4800 4760 4720 3168 1552
is_linear=0
shrinkage=0.08


Tree=132
num_leaves=15
num_cat=0
split_feature=4 4 2 4 4 2 0 4 1 1 4 1 0 2
split_gain=0.0663917 1.35055 1.78589 1.21936 1.63574 1.23134 0.880683 1.63493 1.20597 0.566982 0.522735 0.816872 0.481761 0.328317
threshold=31.500000000000004 33.500000000000007 1.0000000180025095e-35 29.500000000000004 28.500000000000004 1.0000000180025095e-35 2.5000000000000004 30.500000000000004 1.0000000180025095e-35 1.0000000180025095e-35 34.500000000000007 1.5000000000000002 1.0000000180025095e-35 1.5000000000000002
decision_type=2 2 2 2 2 2 2 2 2 2 2 2 2 2
left_child=3 2 -2 4 12 -6 7 -5 -8 -4 11 -3 -1 -12
right_child=1 10 9 6 5 -7 8 -9 -10 -11 13 -13 -14 -15
leaf_value=-0.022487954159409965 0.017661081801431559 0.062642845710759204 -0.020376558210348231 0.14373510136908496 0.0052352394575785333 -0.092165825522113137 0.060237883916422173 -0.00014722150202769747 -0.0052914140361286291 -0.077304748655638439 -0.0018568463782526929 -0.0056936694079619456 0.0025912328787388184 0.0078167831555537217
leaf_weight=5.2706030635163179 2.9248169995844346 2.1826958470046511 1.6021843263879416 1.0573528241366141 1.3440025690942996 2.1748664453625679 2.6649719253182393 0.96829231269657601 5.5211554951965809 3.717977904714644 125.65712121711113 2.2983314972370863 70.1195836388506 27.33936985838227
leaf_count=189 45 53 43 29 27 73 43 31 89 95 2263 37 1384 399
internal_value=-4.50159e-05 -0.000991927 -0.0325542 0.00171579 -0.00165052 -0.0549643 0.0277282 0.0749569 0.0160415 -0.0601606 0.000660566 0.0275929 0.000837922 -0.000128239
internal_weight=254.843 165.722 8.24498 89.1208 78.9091 3.51887 10.2118 2.02565 8.18613 5.32016 157.478 4.48103 75.3902 152.996
internal_count=4800 2935 183 1865 1673 100 192 60 132 138 2752 90 1573 2662
is_linear=0
shrinkage=0.08


Tree=133
num_leaves=14
num_cat=0
split_feature=4 4 2 4 4 4 4 0 0 4 2 4 1
split_gain=0.0652961 1.00878 0.727754 1.14166 1.17225 1.09302 2.67073 1.06219 0.244753 0.231467 1.45701 0.848023 0.00102293
threshold=55.500000000000007 54.500000000000007 1.0000000180025095e-35 58.500000000000007 62.500000000000007 57.500000000000007 64.500000000000014 5.5000000000000009 5.5000000000000009 50.500000000000007 1.0000000180025095e-35 49.500000000000007 1.5000000000000002
decision_type=2 2 2 2 2 2 2 2 2 2 2 2 2
left_child=1 9 5 7 -5 -2 -7 -4 12 11 -11 -1 -3
right_child=2 8 3 4 -6 6 -8 -9 -10 10 -12 -13 -14
leaf_value=-0.00033071554133970227 0.092945010874580222 0.012554695213567424 -0.082803310327390078 0.019581172095215271 -0.014949305411262787 -0.067185498717810696 0.033146453953253247 -0.013326667080575307 0.053868755968790372 -0.060274478672506106 0.0033565939664230793 0.036909449991780273 0.016561431706295811
leaf_weight=190.55437579797581 1.0581474658101786 0.83296181634068378 2.3120495509356251 10.248849213123323 16.297885118285194 2.3001244179904443 6.4860501813236624 3.6030488051474094 2.660631138831377 2.9354564296081653 10.690274914726613 3.9955511279404154 0.79893332347273827
leaf_count=3572 24 22 76 149 365 60 109 45 24 64 207 62 21
internal_value=-5.18005e-05 0.000519692 -0.00292193 -0.00870005 -0.00161819 0.0161315 0.00688065 -0.0404832 0.0389081 -0.000271866 -0.0103518 0.000434101 0.0145163
internal_weight=254.774 212.468 42.3062 32.4618 26.5467 9.84432 8.78617 5.9151 4.29253 208.176 13.6257 194.55 1.6319
internal_count=4800 3972 828 635 514 193 169 121 67 3905 271 3634 43
is_linear=0
shrinkage=0.08


Tree=134
num_leaves=8
num_cat=0
split_feature=4 4 0 4 1 4 4
split_gain=0.0614236 0.0961683 1.34781 0.0899301 1.07924 0.17745 0.0315529
threshold=83.500000000000014 77.500000000000014 4.5000000000000009 70.500000000000014 1.0000000180025095e-35 63.500000000000007 88.500000000000014
decision_type=2 2 2 2 2 2 2
left_child=1 3 -3 5 -5 -1 -2
right_child=6 2 -4 4 -6 -7 -8
leaf_value=0.00023006358001379686 0.0054337027907879259 0.037625128321589422 -0.090903655958820537 -0.051731043867089356 0.027535018596864302 -0.0099727973268684614 0.029216864357101163
leaf_weight=233.34390102047473 0.77117456961423048 1.2274647015146904 0.90874516824260343 1.4237516080029298 4.8242908322717994 11.444749737624077 0.66474995017051697
leaf_count=4348 23 37 18 36 81 233 24
internal_value=-5.53003e-05 -0.000148879 -0.0170511 -5.04889e-06 0.00947253 -0.000246957 0.0164439
internal_weight=254.609 253.173 2.13621 251.037 6.24804 244.789 1.43592
internal_count=4800 4753 55 4698 117 4581 47
is_linear=0
shrinkage=0.08


Tree=135
num_leaves=8
num_cat=0
split_feature=4 4 1 0 4 1 0
split_gain=0.0648634 0.118037 0.244408 0.154597 0.130111 0.651137 0.097928
threshold=84.500000000000014 76.500000000000014 1.0000000180025095e-35 4.5000000000000009 73.500000000000014 1.5000000000000002 6.5000000000000009
decision_type=2 2 2 2 2 2 2
left_child=1 4 -3 -4 6 -6 -1
right_child=-2 2 3 -5 5 -7 -8
leaf_value=0.00065699340888634679 -0.019152408663236944 0.043415429217922137 -0.020625780667166711 0.02703587992159014 0.02646451280466006 -0.091153060594453453 -0.0036853838408743402
leaf_weight=209.68250498734415 1.1329146098578338 1.2203647103160611 1.1567984165158121 0.69858261849731218 0.67223236174322554 0.54583093128167093 39.498941315570846
leaf_count=3641 40 17 43 18 30 16 995
internal_value=-5.28697e-05 3.24962e-05 0.0156091 -0.00268035 -0.000158837 -0.0262415 -3.13376e-05
internal_weight=254.608 253.475 3.07575 1.85538 250.4 1.21806 249.181
internal_count=4800 4760 78 61 4682 46 4636
is_linear=0
shrinkage=0.08


Tree=136
num_leaves=14
num_cat=0
split_feature=4 4 2 4 4 2 2 2 1 4 1 0 2
split_gain=0.0566827 1.17504 1.5928 1.01001 1.45658 1.17321 0.765182 0.624149 0.540929 0.43068 0.638841 0.417798 0.273669
threshold=31.500000000000004 33.500000000000007 1.0000000180025095e-35 29.500000000000004 28.500000000000004 1.0000000180025095e-35 1.5000000000000002 1.0000000180025095e-35 1.0000000180025095e-35 34.500000000000007 1.5000000000000002 1.0000000180025095e-35 1.5000000000000002
decision_type=2 2 2 2 2 2 2 2 2 2 2 2 2
left_child=3 2 -2 4 11 -6 7 -5 -4 10 -3 -1 -11
right_child=1 9 8 6 5 -7 -8 -9 -10 12 -12 -13 -14
leaf_value=-0.021176340440856804 0.016083212352806974 0.054424223063828152 -0.01894878460456029 0.047947426318089043 0.004820873244911982 -0.091558119037209437 0.087917831315724726 0.0033785824283465954 -0.075217932535972823 -0.0017090457890742549 -0.0052199483802210789 0.0023993863705524254 0.0071172849573277689
leaf_weight=5.1647634590044609 2.949737284332512 2.3081518597900859 1.5855837436392901 2.9463708549737895 1.3475507441908114 2.0200855964794755 1.1061941795051105 6.3342490289360285 3.5224367352202535 125.37078163260594 2.2891610004007816 70.193298196885735 27.395255392999388
leaf_count=189 45 53 43 48 27 73 19 125 95 2263 37 1384 399
internal_value=-4.97045e-05 -0.000925931 -0.0307224 0.00157685 -0.00151677 -0.0529923 0.0250246 0.0175281 -0.0577514 0.000599793 0.0247253 0.000783593 -0.000126236
internal_weight=254.534 165.421 8.05776 89.1125 78.7257 3.36764 10.3868 9.28062 5.10802 157.363 4.59731 75.3581 152.766
internal_count=4800 2935 183 1865 1673 100 192 173 138 2752 90 1573 2662
is_linear=0
shrinkage=0.08


Tree=137
num_leaves=15
num_cat=0
split_feature=1 4 0 4 2 4 0 3 3 4 0 4 4 4
split_gain=0.0593421 0.655493 0.964171 2.41972 1.33457 0.631516 1.55495 0.739611 0.586573 0.939301 0.722881 0.631132 1.29661 0.641096
threshold=1.5000000000000002 49.500000000000007 3.5000000000000004 64.500000000000014 1.5000000000000002 39.500000000000007 2.5000000000000004 1.0000000180025095e-35 1.0000000180025095e-35 27.500000000000004 3.5000000000000004 50.500000000000007 54.500000000000007 16.500000000000004
decision_type=2 2 2 2 2 2 2 2 2 2 2 2 2 2
left_child=1 5 3 -3 -4 7 -7 -1 11 -10 -11 13 -13 -2
right_child=8 2 4 -5 -6 6 -8 -9 9 10 -12 12 -14 -15
leaf_value=-0.0020677970537000229 -0.012265670300682031 0.049480792282656907 -0.010179588052731111 -0.03329444284365056 0.040984500183814235 -0.048338106009726121 -0.0039928295460260922 0.043423554923275848 0.028669590112686754 -0.024538580442852433 -0.1173371643338615 -0.043055857808383426 0.00030919047699969396 0.0079294819820187809
leaf_weight=69.265678205061704 11.52291317284107 8.4013575399294478 18.67605636804365 3.0920291657093903 3.9534868339542291 6.7017417652532485 20.665437260642648 2.3654260905459514 1.1013003326952451 1.3465582411736252 0.89385464647784818 5.541927736252549 21.657918754266575 79.25524731259793
leaf_count=1514 244 216 355 109 62 202 354 59 17 35 15 92 352 1174
internal_value=-5.28612e-05 -0.00121919 0.00834265 0.027212 -0.00124098 -0.00451498 -0.0148522 -0.000565567 0.00122692 -0.0318253 -0.0615623 0.00216312 -0.00852637 0.00536601
internal_weight=254.441 133.121 34.1229 11.4934 22.6295 98.9983 27.3672 71.6311 121.32 3.34171 2.24041 117.978 27.1998 90.7782
internal_count=4800 2871 742 325 417 2129 556 1573 1929 67 50 1862 444 1418
is_linear=0
shrinkage=0.08


Tree=138
num_leaves=8
num_cat=0
split_feature=4 4 0 4 1 4 4
split_gain=0.0600768 0.084619 1.26187 0.0915061 1.32072 0.338086 0.0286464
threshold=83.500000000000014 77.500000000000014 4.5000000000000009 66.500000000000014 1.0000000180025095e-35 63.500000000000007 88.500000000000014
decision_type=2 2 2 2 2 2 2
left_child=1 3 -3 5 -5 -1 -2
right_child=6 2 -4 4 -6 -7 -8
leaf_value=0.00015472961753930161 0.005692208302308769 0.035515688633720101 -0.090268962265539057 -0.040471795097070336 0.023075372931390805 -0.01840227961501948 0.028358895026181989
leaf_weight=233.30649183085188 0.76449008425697573 1.2437581270933145 0.8657279391773044 2.7971870950423172 8.3160223396262136 6.4572628345340481 0.66920581262093037
leaf_count=4348 23 37 18 69 151 130 24
internal_value=-5.7726e-05 -0.00015027 -0.016106 -1.61067e-05 0.00708059 -0.000345044 0.0162723
internal_weight=254.42 252.986 2.10949 250.877 11.1132 239.764 1.4337
internal_count=4800 4753 55 4698 220 4478 47
is_linear=0
shrinkage=0.08


Tree=139
num_leaves=8
num_cat=0
split_feature=4 4 1 0 4 1 0
split_gain=0.0624922 0.123321 0.230507 0.176245 0.11613 0.610038 0.0830955
threshold=84.500000000000014 76.500000000000014 1.0000000180025095e-35 4.5000000000000009 73.500000000000014 1.5000000000000002 6.5000000000000009
decision_type=2 2 2 2 2 2 2
left_child=1 4 -3 -4 6 -6 -1
right_child=-2 2 3 -5 5 -7 -8
leaf_value=0.00058584214586456581 -0.018842248533532585 0.042946264802737319 -0.020856364157406295 0.030455531930269786 0.024863325486090923 -0.090459890714406424 -0.0034198577068663546
leaf_weight=209.69722932577133 1.1281280752737064 1.220534110441803 1.1594560774974523 0.67946852650493395 0.67845778283662983 0.51747130102012306 39.365617051487789
leaf_count=3641 40 17 43 18 30 16 995
internal_value=-5.51966e-05 2.84697e-05 0.0159927 -0.00189701 -0.000166696 -0.0250363 -4.72786e-05
internal_weight=254.446 253.318 3.05946 1.83892 250.259 1.19593 249.063
internal_count=4800 4760 78 61 4682 46 4636
is_linear=0
shrinkage=0.08


Tree=140
num_leaves=8
num_cat=0
split_feature=4 4 0 4 0 2 4
split_gain=0.0546522 0.0815546 1.17133 0.0902238 0.0787832 0.0367234 0.0280438
threshold=83.500000000000014 77.500000000000014 4.5000000000000009 74.500000000000014 3.5000000000000004 1.0000000180025095e-35 88.500000000000014
decision_type=2 2 2 2 2 2 2
left_child=1 3 -3 4 -1 -5 -2
right_child=6 2 -4 5 -6 -7 -8
leaf_value=0.002038080676626617 0.005002018641366175 0.032467984893675791 -0.089807889885551676 0.032269085180380269 -0.0010628053584078858 0.0077988726192781297 0.027393659879986709
leaf_weight=75.010705787921324 0.76328731607645639 1.2688955217599862 0.82893978944048274 0.72635745583101996 174.24961338797584 0.85397842153906822 0.67411878670100123
leaf_count=2066 23 37 18 12 2586 34 24
internal_value=-5.18087e-05 -0.000140206 -0.0158482 -8.83666e-06 -0.000129646 0.0190459 0.0155033
internal_weight=254.376 252.938 2.09784 250.841 249.26 1.58034 1.43741
internal_count=4800 4753 55 4698 4652 46 47
is_linear=0
shrinkage=0.08


Tree=141
num_leaves=6
num_cat=0
split_feature=4 4 0 4 4
split_gain=0.0624562 0.114338 0.0808144 0.516284 0.332791
threshold=84.500000000000014 79.500000000000014 5.5000000000000009 72.500000000000014 48.500000000000007
decision_type=2 2 2 2 2
left_child=1 2 3 -1 -4
right_child=-2 -3 4 -5 -6
leaf_value=-0.00096211488232766777 -0.01883604346452623 0.023385949530283178 -0.0011653739669950341 -0.044587297383293159 0.0078302831951275863
leaf_weight=116.51160880085081 1.1274609096581105 1.334934516577049 97.677428398746997 1.762438604608177 36.027995612937957
leaf_count=3099 40 40 1140 69 412
internal_value=-4.88105e-05 3.48084e-05 -8.89011e-05 -0.00161219 0.00125858
internal_weight=254.442 253.314 251.979 118.274 133.705
internal_count=4800 4760 4720 3168 1552
is_linear=0
shrinkage=0.08


Tree=142
num_leaves=13
num_cat=0
split_feature=4 4 2 0 4 4 4 0 4 2 4 1
split_gain=0.0604978 0.804666 0.686476 1.6393 1.101 1.08529 0.463848 0.228427 0.184429 1.22117 0.647506 0.00370416
threshold=55.500000000000007 54.500000000000007 1.0000000180025095e-35 1.5000000000000002 56.500000000000007 57.500000000000007 64.500000000000014 5.5000000000000009 50.500000000000007 1.0000000180025095e-35 49.500000000000007 1.5000000000000002
decision_type=2 2 2 2 2 2 2 2 2 2 2 2
left_child=1 8 3 -2 -4 -5 -6 11 10 -10 -1 -3
right_child=2 7 4 5 6 -7 -8 -9 9 -11 -12 -13
leaf_value=-0.00026031230977411013 -0.083422705048093723 0.0077663039503987454 -0.062210956384728552 0.10621842165951483 0.0037965864818068204 0.016638547242820816 -0.016479211492336422 0.048961361544258362 -0.056197666576235823 0.0030505634982035462 0.031820209643913272 0.015277302302422842
leaf_weight=190.20599123323336 0.96331970719620486 0.87458950281143077 2.2671801410615435 0.97216879017650892 17.878625778481368 7.8945343364030123 12.113665341283193 2.6858919225633144 2.8089058147743335 10.736146006733177 4.1137098968029013 0.80885080248117447
leaf_count=3572 32 22 46 19 295 142 294 24 64 207 62 21
internal_value=-4.56051e-05 0.000503867 -0.00281629 0.015692 -0.0084561 0.0264603 -0.00439266 0.0344799 -0.000210312 -0.00923604 0.000418826 0.0113752
internal_weight=254.324 212.234 42.0895 9.83002 32.2595 8.8667 29.9923 4.36933 207.865 13.5451 194.32 1.68344
internal_count=4800 3972 828 193 635 161 589 67 3905 271 3634 43
is_linear=0
shrinkage=0.08


Tree=143
num_leaves=14
num_cat=0
split_feature=4 2 4 4 0 0 4 0 1 4 4 4 2
split_gain=0.0582975 0.615479 1.36236 0.744733 1.2525 0.666973 0.29132 0.475303 7.93348 1.2298 0.280713 0.780413 0.721944
threshold=66.500000000000014 1.0000000180025095e-35 68.500000000000014 67.500000000000014 1.5000000000000002 4.5000000000000009 63.500000000000007 4.5000000000000009 1.0000000180025095e-35 64.500000000000014 60.500000000000007 59.500000000000007 1.5000000000000002
decision_type=2 2 2 2 2 2 2 2 2 2 2 2 2
left_child=6 2 -2 -3 -5 -4 10 8 -8 -9 11 -1 -12
right_child=1 3 5 4 -6 -7 7 9 -10 -11 12 -13 -14
leaf_value=8.7915078590387874e-05 0.099067955247819806 -0.063343713015639388 -0.037900568478970095 0.065985563369011999 -0.013611707604306312 0.03001812260664441 0.22082076194365957 -0.091324144546188299 -0.083572502897847706 0.0017685124973529298 0.0014022080243212877 -0.045566772838664872 0.058298601026222113
leaf_weight=222.9958050432615 1.2686808239668579 1.3067196607589728 1.5139341996982696 1.5670654558343793 6.5681444413494319 2.3801969937048852 0.78834433294832629 1.5077962423674764 1.7973782736808062 2.2838858268223703 5.9800046347081652 2.4222890175878993 1.8747607208788393
leaf_count=4172 16 18 40 55 159 34 22 23 49 36 106 49 21
internal_value=-4.67819e-05 0.00486029 0.0270697 -0.00728373 0.00172092 0.00361315 -0.000345828 -0.0172151 0.009232 -0.0352506 0.000115358 -0.000402679 0.0149821
internal_weight=254.255 14.6047 5.16281 9.44193 8.13521 3.89413 239.65 6.3774 2.58572 3.79168 233.273 225.418 7.85477
internal_count=4800 322 90 232 214 74 4478 130 71 59 4348 4221 127
is_linear=0
shrinkage=0.08


Tree=144
num_leaves=10
num_cat=0
split_feature=4 4 4 4 1 2 0 4 4
split_gain=0.060086 0.0748731 0.673397 0.442805 3.06237 0.440493 0.191193 0.157495 0.0238473
threshold=83.500000000000014 55.500000000000007 54.500000000000007 58.500000000000007 1.0000000180025095e-35 1.5000000000000002 5.5000000000000009 50.500000000000007 88.500000000000014
decision_type=2 2 2 2 2 2 2 2 2
left_child=1 2 7 4 -3 -5 -4 -1 -2
right_child=8 3 6 5 -6 -7 -8 -9 -10
leaf_value=0.00037774980095787943 0.0065408629038512037 0.058648550181116588 0.010343962478155985 0.0047624344643193281 -0.055876135790797497 -0.019374310904170976 0.044551656936761094 -0.0085675967103388383 0.027270092211415214
leaf_weight=194.36824926361442 0.75254311086609849 2.1369685139507046 1.7011484466493119 27.713232961832546 4.9688445245847106 5.8627774438355109 2.7139475457370281 13.469477134756742 0.67266818508505821
leaf_count=3634 23 50 43 527 102 102 24 271 24
internal_value=-5.55101e-05 -0.000147807 0.000454783 -0.00329175 -0.0214345 0.000547867 0.0313713 -0.000201977 0.0163246
internal_weight=254.36 252.935 212.253 40.6818 7.10581 33.576 4.4151 207.838 1.42521
internal_count=4800 4753 3972 781 152 629 67 3905 47
is_linear=0
shrinkage=0.08


Tree=145
num_leaves=15
num_cat=0
split_feature=1 3 4 4 4 4 0 4 4 4 0 4 0 0
split_gain=0.0626581 0.504687 0.828439 0.758571 0.497774 1.09054 0.598927 0.489155 0.780355 0.793795 0.672981 0.549302 1.41629 0.671372
threshold=1.5000000000000002 1.0000000180025095e-35 27.500000000000004 51.500000000000007 50.500000000000007 54.500000000000007 3.5000000000000004 49.500000000000007 57.500000000000007 53.500000000000007 4.5000000000000009 39.500000000000007 2.5000000000000004 1.5000000000000002
decision_type=2 2 2 2 2 2 2 2 2 2 2 2 2 2
left_child=7 4 -3 -4 6 -6 -2 11 9 -9 -10 13 -13 -1
right_child=1 2 3 -5 5 -7 -8 8 10 -11 -12 12 -14 -15
leaf_value=0.016194157176084786 0.015834496670808908 0.026166511012519395 -0.099086157687324511 -0.0026933206199173708 -0.039677573212073027 0.00061233771099746968 0.0010786078878163301 0.0036654335117846581 0.014129753565732856 0.040482074462115519 -0.01612257612898825 -0.046625991036979543 -0.0036126798348437889 -0.004057323552167042
leaf_weight=12.747190263122318 23.857365276664495 1.1153444955125444 1.2506684772670271 0.89742285152897228 5.3744393764063743 21.498950041015632 67.168610896915197 8.1515797460451704 8.0044184301514196 6.938037463463842 11.421102560590951 6.4262682218104628 20.617290062829852 58.823137786239386
leaf_count=359 620 17 31 19 92 352 798 172 226 146 198 202 354 1214
internal_value=-5.37164e-05 0.00126261 -0.0297712 -0.0588155 0.00212162 -0.00744529 0.00494604 -0.00125173 0.00694501 0.0205933 -0.0036569 -0.00412061 -0.0138338 -0.000450389
internal_weight=254.292 121.163 3.26344 2.14809 117.899 26.8734 91.026 133.129 34.5151 15.0896 19.4255 98.6139 27.0436 71.5703
internal_count=4800 1929 67 50 1862 444 1418 2871 742 318 424 2129 556 1573
is_linear=0
shrinkage=0.08


Tree=146
num_leaves=15
num_cat=0
split_feature=0 0 4 4 4 4 4 4 1 4 4 4 4 4
split_gain=0.066337 0.401527 1.44673 2.06663 1.08626 0.506317 0.322075 0.635634 1.33921 0.600793 0.461084 0.456654 0.121543 4.09412e-05
threshold=4.5000000000000009 3.5000000000000004 63.500000000000007 49.500000000000007 72.500000000000014 1.0000000180025095e-35 71.500000000000014 63.500000000000007 1.0000000180025095e-35 73.500000000000014 62.500000000000007 83.500000000000014 77.500000000000014 74.500000000000014
decision_type=2 2 2 2 2 2 2 2 2 2 2 2 2 2
left_child=1 4 3 -3 5 -1 7 10 -9 -8 -2 -11 -4 -6
right_child=6 2 12 -5 13 -7 9 8 -10 11 -12 -13 -14 -15
leaf_value=-0.039608412287245869 0.00093014066485451073 -0.0075341687241101962 0.030841217992785417 -0.08303764121325323 -0.082551620654758684 0.0029317609126769391 0.061020418048540741 -0.083548818643014958 -0.0030353834397089125 -0.017918475688754307 0.043942368478164635 0.04431474360990232 0.067949214407504427 -0.081364441548447103
leaf_weight=1.835491569712757 146.82108427770436 12.615878506563606 1.3609429649077349 2.8429410997778168 0.24573411140590795 73.24997256603092 1.6166585702449072 1.7639287170022715 5.2795401848852634 2.3608182356692855 1.6125770863145579 1.1091330095659939 0.96578907594084729 0.76368417008779943
leaf_count=54 1881 428 35 89 15 1997 18 35 77 46 21 22 12 70
internal_value=-5.6486e-05 -0.00174579 -0.0125677 -0.0214196 0.000783601 0.00189185 0.000931238 0.000283161 -0.0231987 0.0207403 0.00139742 0.00197371 0.0462442 -0.0816534
internal_weight=254.444 93.8804 17.7856 15.4588 76.0949 75.0855 160.564 155.477 7.04347 5.08661 148.434 3.46995 2.32673 1.00942
internal_count=4800 2700 564 517 2136 2051 2100 2014 112 86 1902 68 47 85
is_linear=0
shrinkage=0.08


Tree=147
num_leaves=8
num_cat=0
split_feature=4 4 1 0 4 0 0
split_gain=0.073392 0.134712 0.21225 0.191575 0.108759 0.537732 0.088115
threshold=84.500000000000014 76.500000000000014 1.0000000180025095e-35 4.5000000000000009 73.500000000000014 6.5000000000000009 6.5000000000000009
decision_type=2 2 2 2 2 2 2
left_child=1 4 -3 -4 6 -6 -1
right_child=-2 2 3 -5 5 -7 -8
leaf_value=0.00059759039546172224 -0.020291801387035107 0.042925802730325383 -0.020440829516786236 0.033719494156672525 -0.084159270647897716 0.024690489594374369 -0.0035268012997777399
leaf_weight=209.71341650094837 1.1421560571761791 1.2011301172897211 1.1358909369446335 0.66133597726002347 0.52972086064983048 0.64308906998485327 39.376802359241992
leaf_count=3641 40 17 43 18 35 11 995
internal_value=-5.8135e-05 3.31147e-05 0.0168895 -0.000511142 -0.000168839 -0.0244735 -5.44037e-05
internal_weight=254.404 253.261 2.99836 1.79723 250.263 1.17281 249.09
internal_count=4800 4760 78 61 4682 46 4636
is_linear=0
shrinkage=0.08


Tree=148
num_leaves=7
num_cat=0
split_feature=4 4 2 4 4 0
split_gain=0.0632015 0.112569 0.19309 0.360734 0.0954156 0.0747982
threshold=84.500000000000014 76.500000000000014 1.0000000180025095e-35 78.500000000000014 73.500000000000014 6.5000000000000009
decision_type=2 2 2 2 2 2
left_child=1 4 -3 -4 5 -1
right_child=-2 2 3 -5 -6 -7
leaf_value=0.00054960881585071287 -0.018982304034772707 -0.010961794500102966 0.063134169636705553 -0.0067047501435828025 -0.023207164454919417 -0.0032552960563341686
leaf_weight=209.77729152515531 1.1240479737753037 1.1218934981152409 1.0247788843698797 0.87963603157550085 1.1439952321816225 39.253469691146165
leaf_count=3641 40 22 22 34 46 995
internal_value=-5.45336e-05 2.94934e-05 0.0153662 0.0308761 -0.000156031 -5.01393e-05
internal_weight=254.325 253.201 3.02631 1.90441 250.175 249.031
internal_count=4800 4760 78 56 4682 4636
is_linear=0
shrinkage=0.08


Tree=149
num_leaves=15
num_cat=0
split_feature=0 4 4 4 0 4 4 4 1 4 1 4 0 0
split_gain=0.0641213 0.354067 1.19885 0.673582 1.54813 0.527172 0.270027 0.268336 0.567498 0.540907 1.14347 0.381666 0.219116 1.764e-05
threshold=4.5000000000000009 25.500000000000004 24.500000000000004 27.500000000000004 3.5000000000000004 23.500000000000004 68.500000000000014 71.500000000000014 1.0000000180025095e-35 63.500000000000007 1.0000000180025095e-35 62.500000000000007 6.5000000000000009 2.5000000000000004
decision_type=2 2 2 2 2 2 2 2 2 2 2 2 2 2
left_child=1 2 5 4 -3 -1 -5 9 -9 11 -11 -2 -10 -4
right_child=7 3 13 6 -6 -7 -8 8 12 10 -12 -13 -14 -15
leaf_value=-0.0094068896988088388 0.00092254570820764204 0.071993980588931694 -0.082567744836529608 0.00067624973661848374 -0.081837900076579859 0.044004588667987607 -0.019463291897576878 -0.018782287492181568 0.055630679160875655 -0.077293740336000435 -0.0027326830190021086 0.039544990206449818 0.014777376072061857 -0.081985473736165757
leaf_weight=17.345110310707248 146.67674628458917 2.0702361986041065 0.86642463132738956 66.631480367854238 0.52483640424907196 1.2692095031961788 4.5518336120294398 1.7025937252910797 1.9207390537485483 1.7550809169188131 5.2662659143097699 1.6559968814253796 1.493624002439901 0.54084995947778225
leaf_count=635 1881 73 31 1706 24 57 151 26 24 35 77 21 36 23
internal_value=-5.08683e-05 -0.00171252 -0.0111476 0.00084793 0.0408825 -0.00576505 -0.000611578 0.000920414 0.0189459 0.000326703 -0.0213702 0.00135373 0.0377593 -0.082344
internal_weight=254.271 93.8 20.0216 73.7784 2.59507 18.6143 71.1833 160.471 5.11696 155.354 7.02135 148.333 3.41436 1.40727
internal_count=4800 2700 746 1954 97 692 1857 2100 86 2014 112 1902 60 54
is_linear=0
shrinkage=0.08


end of trees

feature_importances:
age=966
facility_enc=366
acuity_enc=214
bleeding_enc=122
pregnant=18

parameters:
[boosting: gbdt]
[objective: binary]
[metric: binary_logloss]
[tree_learner: serial]
[device_type: cpu]
[data_sample_strategy: bagging]
[data: ]
[valid: ]
[num_iterations: 150]
[learning_rate: 0.08]
[num_leaves: 31]
[num_threads: 16]
[seed: 0]
[deterministic: 0]
[force_col_wise: 0]
[force_row_wise: 0]
[histogram_pool_size: -1]
[max_depth: 4]
[min_data_in_leaf: 20]
[min_sum_hessian_in_leaf: 0.001]
[bagging_fraction: 1]
[pos_bagging_fraction: 1]
[neg_bagging_fraction: 1]
[bagging_freq: 0]
[bagging_seed: 3]
[bagging_by_query: 0]
[feature_fraction: 1]
[feature_fraction_bynode: 1]
[feature_fraction_seed: 2]
[extra_trees: 0]
[extra_seed: 6]
[early_stopping_round: 0]
[early_stopping_min_delta: 0]
[first_metric_only: 0]
[max_delta_step: 0]
[lambda_l1: 0]
[lambda_l2: 0]
[linear_lambda: 0]
[min_gain_to_split: 0]
[drop_rate: 0.1]
[max_drop: 50]
[skip_drop: 0.5]
[xgboost_dart_mode: 0]
[uniform_drop: 0]
[drop_seed: 4]
[top_rate: 0.2]
[other_rate: 0.1]
[min_data_per_group: 100]
[max_cat_threshold: 32]
[cat_l2: 10]
[cat_smooth: 10]
[max_cat_to_onehot: 4]
[top_k: 20]
[monotone_constraints: ]
[monotone_constraints_method: basic]
[monotone_penalty: 0]
[feature_contri: ]
[forcedsplits_filename: ]
[refit_decay_rate: 0.9]
[cegb_tradeoff: 1]
[cegb_penalty_split: 0]
[cegb_penalty_feature_lazy: ]
[cegb_penalty_feature_coupled: ]
[path_smooth: 0]
[interaction_constraints: ]
[verbosity: -1]
[saved_feature_importance_type: 0]
[use_quantized_grad: 0]
[num_grad_quant_bins: 4]
[quant_train_renew_leaf: 0]
[stochastic_rounding: 1]
[linear_tree: 0]
[max_bin: 255]
[max_bin_by_feature: ]
[min_data_in_bin: 3]
[bin_construct_sample_cnt: 200000]
[data_random_seed: 1]
[is_enable_sparse: 1]
[enable_bundle: 1]
[use_missing: 1]
[zero_as_missing: 0]
[feature_pre_filter: 1]
[pre_partition: 0]
[two_round: 0]
[header: 0]
[label_column: ]
[weight_column: ]
[group_column: ]
[ignore_column: ]
[categorical_feature: ]
[forcedbins_filename: ]
[precise_float_parser: 0]
[parser_config_file: ]
[objective_seed: 5]
[num_class: 1]
[is_unbalance: 0]
[scale_pos_weight: 1]
[sigmoid: 1]
[boost_from_average: 1]
[reg_sqrt: 0]
[alpha: 0.9]
[fair_c: 1]
[poisson_max_delta_step: 0.7]
[tweedie_variance_power: 1.5]
[lambdarank_truncation_level: 30]
[lambdarank_norm: 1]
[label_gain: ]
[lambdarank_position_bias_regularization: 0]
[eval_at: ]
[multi_error_top_k: 1]
[auc_mu_weights: ]
[num_machines: 1]
[local_listen_port: 12400]
[time_out: 120]
[machine_list_filename: ]
[machines: ]
[gpu_platform_id: -1]
[gpu_device_id: -1]
[gpu_use_dp: 0]
[num_gpu: 1]

end of parameters

pandas_categorical:[]
