tree
version=v4
num_class=1
num_tree_per_iteration=1
label_index=0
max_feature_idx=4
objective=binary sigmoid:1
feature_names=facility_enc acuity_enc bleeding_enc pregnant age
feature_infos=[0:8] [0:2] [0:2] [0:1] [0:90]
tree_sizes=1661 1705 1804 1709 1707 1713 1802 1724 1500 1710 1507 1732 1613 1716 1618 1822 1721 1616 1715 1731 1612 1626 1824 1610 1726 1725 1618 1826 1621 1750 1838 1522 1725 1752 1729 1422 1837 1527 1628 1540 1844 1416 1621 1426 1523 1325 1524 1396 1631 1518 1619 1395 1403 1185 1722 1419 1627 1736 1085 1742 1622 990 1637 1742 1631 1635 992 1726 1841 1628 1196 1743 996 1634 1639 1097 1612 1752 1631 1735 1638 995 1621 1740 1097 1733 1838 1529 1634 1530 1721 1525 996 1718 1735 1538 1624 998 1729 1514 1094 1753 1624 999 1103 1526 1745 1426 1741 1730 999 1634 1737 1641 894 998 1521 1107 1539 1102 1426 1740 1106 1634 1648 1636 793 1756 1540 1212 1002 1531 797 1748 1209 1622 999 1531 1214 1859 1748 1646 1637 1531 997 1654 1749 1214 1723 1755

Tree=0
num_leaves=15
num_cat=0
split_feature=0 1 1 4 4 2 4 4 4 0 0 4 4 4
split_gain=1093.6 399.92 270.384 23.0795 3.12008 2.4298 6.20126 1.1775 1.76543 2.99943 1.30424 2.69546 0.924463 0.495147
threshold=7.5000000000000009 1.0000000180025095e-35 1.5000000000000002 16.500000000000004 25.500000000000004 1.0000000180025095e-35 28.500000000000004 15.500000000000002 23.500000000000004 3.5000000000000004 4.5000000000000009 2.5000000000000004 24.500000000000004 12.500000000000002
decision_type=2 2 2 2 2 2 2 2 2 2 2 2 2 2
left_child=7 5 4 -4 -3 -2 -7 10 9 -9 13 -12 -10 -1
right_child=1 2 3 -5 -6 6 -8 8 12 -11 11 -13 -14 -15
leaf_value=-2.4335506576471611 -1.5144899891408894 -2.3439504023030397 -2.1413759119598086 -1.8706842684309877 -2.4363528014069695 -1.7004784918010112 -1.5558862264555913 -2.3619878569226422 -2.433727733250608 -2.4078775980261087 -2.3397301004208888 -2.4174877172906508 -2.4041538974830483 -2.4081813382655275
leaf_weight=20.535655915737156 2.9223818033933613 3.1593316793441781 2.3694987595081338 13.506142929196356 9.0040952861309034 2.6854319274425507 6.4766299426555634 17.29734094440937 6.9505296945571891 19.271923243999481 3.7911980152130118 11.531560629606245 253.1414508074522 6.4766299426555625
leaf_count=260 37 40 30 171 114 34 82 219 88 244 48 146 3205 82
internal_value=-2.35767 -1.96273 -2.12854 -1.91109 -2.41235 -1.57801 -1.59827 -2.40441 -2.40263 -2.38617 -2.41689 -2.39825 -2.40494 -2.42747
internal_weight=379.12 40.1235 28.0391 15.8756 12.1634 12.0844 9.16206 338.996 296.661 36.5693 42.335 15.3228 260.092 27.0123
internal_count=4800 508 355 201 154 153 116 4292 3756 463 536 194 3293 342
is_linear=0
shrinkage=1


Tree=1
num_leaves=15
num_cat=0
split_feature=0 1 1 4 4 4 4 4 0 0 4 4 4 4
split_gain=663.172 97.8466 135.489 7.65447 2.93161 1.58481 1.13811 1.65726 2.72975 1.27706 2.45158 0.907112 0.861249 0.496717
threshold=7.5000000000000009 1.0000000180025095e-35 1.5000000000000002 26.500000000000004 25.500000000000004 21.500000000000004 15.500000000000002 23.500000000000004 3.5000000000000004 4.5000000000000009 2.5000000000000004 24.500000000000004 31.500000000000004 12.500000000000002
decision_type=2 2 2 2 2 2 2 2 2 2 2 2 2 2
left_child=6 5 4 -4 -3 -2 9 8 -8 13 -11 -9 -7 -1
right_child=1 2 3 -5 -6 12 7 11 -10 10 -12 -13 -14 -15
leaf_value=-0.074568430575617323 0.43213863141181874 0.012470373147351135 0.20101940927282855 0.30963584777405678 -0.077511504560970793 0.34341636732288211 -0.0039906164087883129 -0.074753998093332011 -0.048248601867814246 0.016248277817320467 -0.057966061466263867 -0.044526018019093366 0.38556761702854547 -0.048553297962069475
leaf_weight=19.277809560298923 3.9412306845188168 3.1953284144401541 5.4825214743614223 17.116246044635773 8.4327308982610685 4.005542844533923 17.235601544380188 6.5238280296325675 18.484341830015182 3.8477604389190665 10.971844241023062 243.55207748711109 13.758121043443678 6.2103759199380866
leaf_count=260 29 40 53 148 114 29 219 88 244 48 146 3205 95 82
internal_value=-0.00113527 0.253372 0.16911 0.283285 -0.052785 0.386245 -0.0447871 -0.0430122 -0.0268932 -0.0573717 -0.0386971 -0.0453146 0.376063 -0.0682297
internal_weight=382.035 55.9317 34.2268 22.5988 11.6281 21.7049 326.104 285.796 35.7199 40.3078 14.8196 250.076 17.7637 25.4882
internal_count=4800 508 355 201 154 153 4292 3756 463 536 194 3293 124 342
is_linear=0
shrinkage=0.08


Tree=2
num_leaves=16
num_cat=0
split_feature=0 1 1 4 4 4 4 4 4 0 4 4 4 4 4
split_gain=483.187 51.1276 85.2672 4.50054 2.75389 1.0973 1.57908 1.52668 1.41099 1.24713 2.22733 0.642817 1.1012 0.497697 0.268216
threshold=7.5000000000000009 1.0000000180025095e-35 1.5000000000000002 12.500000000000002 25.500000000000004 15.500000000000002 43.500000000000007 41.500000000000007 68.500000000000014 4.5000000000000009 2.5000000000000004 39.500000000000007 28.500000000000004 12.500000000000002 48.500000000000007
decision_type=2 2 2 2 2 2 2 2 2 2 2 2 2 2 2
left_child=5 11 4 -4 -3 9 7 -7 -8 13 -11 12 -2 -1 -13
right_child=1 2 3 -5 -6 6 8 -9 -10 10 -12 14 -14 -15 -16
leaf_value=-0.073255327912906468 0.27078939009255798 0.011350384907597256 0.10715981645319148 0.22146192948336918 -0.076347595505791802 -0.038194457041967528 -0.051924845894964981 -0.0088585128105355387 -0.027224182519954843 0.014741256490196896 -0.05610812189549879 0.25068547471740277 0.31499610070693063 -0.046606319337028419 0.27472700224607338
leaf_weight=18.101780712604526 8.1299843639135378 3.2283276319503766 2.4162853956222561 25.168353408575058 7.8982774168252945 147.64784125238657 98.320090755820274 12.299162507057188 17.423813551664352 3.8995546102523795 10.450050204992293 4.7223771512508383 6.4814797192811957 5.9626097828149787 8.0028829276561719
leaf_count=260 47 40 22 179 114 2007 1343 168 238 48 146 26 36 82 44
internal_value=-0.00149597 0.195191 0.136043 0.21145 -0.0509025 -0.0428541 -0.0410891 -0.0359387 -0.0482065 -0.0555213 -0.0368546 0.278951 0.290399 -0.0666523 0.265805
internal_weight=380.153 66.048 38.7112 27.5846 11.1266 314.105 275.691 159.947 115.744 38.414 14.3496 27.3367 14.6115 24.0644 12.7253
internal_count=4800 508 355 201 154 4292 3756 2175 1581 536 194 153 83 342 70
is_linear=0
shrinkage=0.08


Tree=3
num_leaves=15
num_cat=0
split_feature=0 1 1 2 4 4 4 0 0 4 4 4 4 4
split_gain=374.45 33.3561 59.2199 3.69208 2.58578 1.05511 1.57619 2.55956 1.21441 2.02097 0.927163 0.497856 0.488578 0.515296
threshold=7.5000000000000009 1.0000000180025095e-35 1.5000000000000002 1.0000000180025095e-35 25.500000000000004 15.500000000000002 23.500000000000004 3.5000000000000004 4.5000000000000009 2.5000000000000004 24.500000000000004 12.500000000000002 21.500000000000004 31.500000000000004
decision_type=2 2 2 2 2 2 2 2 2 2 2 2 2 2
left_child=5 12 4 -4 -3 8 7 -7 11 -10 -8 -1 -2 -14
right_child=1 2 3 -5 -6 6 10 -9 9 -11 -12 -13 13 -15
leaf_value=-0.071938867691787478 0.24387289891061215 0.010341166020730919 0.21786775443809128 0.15373106998427799 -0.075187976910366647 -0.00069826472215048804 -0.072773739736311585 -0.044714203150184581 0.01339184719301641 -0.054247354912092177 -0.040726070614851242 -0.044676380586531214 0.19712184020138437 0.22438430943887344
leaf_weight=17.00351104140282 5.8533815294504192 3.2585883140563947 7.5537456199526813 23.980366937816143 7.398946076631546 16.641829334199429 5.9287413954734793 17.187874913215637 3.9470014572143546 9.9640584290027601 226.54995048046112 5.7322318255901328 5.7295250445604351 19.671724766492844
leaf_count=260 29 40 48 153 114 219 88 244 48 146 3205 82 29 95
internal_value=-0.00165921 0.160397 0.113995 0.169095 -0.0490371 -0.0409469 -0.0391956 -0.0230615 -0.0536738 -0.035056 -0.0415434 -0.0650653 0.223036 0.218235
internal_weight=376.401 73.4463 42.1916 31.5341 10.6575 302.955 266.308 33.8297 36.6468 13.9111 232.479 22.7357 31.2546 25.4012
internal_count=4800 508 355 201 154 4292 3756 463 536 194 3293 342 153 124
is_linear=0
shrinkage=0.08


Tree=4
num_leaves=15
num_cat=0
split_feature=0 1 1 4 4 4 4 4 4 0 4 4 4 4
split_gain=299.886 24.5161 43.4604 2.6645 2.42634 1.01105 1.51274 1.45466 1.38391 1.17892 1.83102 0.496992 0.29691 0.395722
threshold=7.5000000000000009 1.0000000180025095e-35 1.5000000000000002 16.500000000000004 25.500000000000004 15.500000000000002 43.500000000000007 41.500000000000007 68.500000000000014 4.5000000000000009 2.5000000000000004 12.500000000000002 21.500000000000004 31.500000000000004
decision_type=2 2 2 2 2 2 2 2 2 2 2 2 2 2
left_child=5 12 4 -4 -3 9 7 -7 -8 11 -11 -1 -2 -14
right_child=1 2 3 -5 -6 6 8 -9 -10 10 -12 -13 13 -15
leaf_value=-0.07061361378541671 0.20333685708491939 0.0094300304775198403 0.079911598383007806 0.14857951643842968 -0.074026590079626295 -0.03445324916708193 -0.048454976887995216 -0.0051862221816192005 -0.023239097605114053 0.012180429720039845 -0.052384375748486318 -0.042766324196398746 0.16648497174506471 0.18941786647392225
leaf_weight=15.978927686810495 6.4301802963018408 3.2863450050353986 4.1001042425632468 30.661164626479149 6.9329285770654678 138.45153227448463 90.89483205229044 11.794773459434508 16.450646251440048 3.9904814958572379 9.5117955952882749 5.5181796103715888 6.217616721987727 21.356594577431679
leaf_count=260 29 40 30 171 114 2007 1343 168 238 48 146 82 29 95
internal_value=-0.00173014 0.136596 0.0978431 0.14048 -0.0471884 -0.0390711 -0.0373377 -0.0321557 -0.0445907 -0.0518291 -0.0333028 -0.0634654 0.187857 0.184247
internal_weight=371.576 78.9849 44.9805 34.7613 10.2193 292.591 257.592 150.246 107.345 34.9994 13.5023 21.4971 34.0044 27.5742
internal_count=4800 508 355 201 154 4292 3756 2175 1581 536 194 342 153 124
is_linear=0
shrinkage=0.08


Tree=5
num_leaves=15
num_cat=0
split_feature=0 1 1 4 2 4 4 4 0 4 4 2 2 4
split_gain=245.276 19.3132 33.1285 2.27481 2.13699 0.965606 1.50826 3.34114 1.14074 1.6562 0.957031 0.50734 0.30541 0.915478
threshold=7.5000000000000009 1.0000000180025095e-35 1.5000000000000002 25.500000000000004 1.0000000180025095e-35 15.500000000000002 34.500000000000007 33.500000000000007 4.5000000000000009 2.5000000000000004 68.500000000000014 1.0000000180025095e-35 1.0000000180025095e-35 28.500000000000004
decision_type=2 2 2 2 2 2 2 2 2 2 2 2 2 2
left_child=5 12 3 -3 -4 8 7 -7 11 -10 -8 -1 -2 -14
right_child=1 2 4 -5 -6 6 10 -9 9 -11 -12 -13 13 -15
leaf_value=-0.085518088160872849 0.17627811871425159 0.0086060142922499867 0.1533894820463165 -0.072857916806340142 0.10892320977151985 -0.031165561645077885 -0.042398654190304107 0.03414476541278131 0.011090361570331352 -0.050520527902695643 -0.021826245476655265 -0.055106355587951253 0.13584843663746488 0.16843486822044526
leaf_weight=4.5110046863555935 8.8240271061658841 3.311811685562132 9.1648886203765851 6.4984246864914894 28.202002212405205 87.099971540272236 140.96224203705788 5.3193056583404532 4.0303398370742789 9.09124658256769 16.128058761358261 15.832406401634215 7.7197833061218288 19.342667013406754
leaf_count=75 37 40 48 114 153 1295 2143 80 48 146 238 267 34 82
internal_value=-0.00174703 0.119124 0.0854798 -0.0453567 0.119829 -0.0372272 -0.0355157 -0.0274065 -0.0499876 -0.0315965 -0.0402865 -0.0618499 0.163354 0.159139
internal_weight=366.038 83.0636 47.1771 9.81024 37.3669 282.975 249.51 92.4193 33.465 13.1216 157.09 20.3434 35.8865 27.0625
internal_count=4800 508 355 154 201 4292 3756 1375 536 194 2381 342 153 116
is_linear=0
shrinkage=0.08


Tree=6
num_leaves=16
num_cat=0
split_feature=0 1 1 4 4 4 4 4 0 4 4 4 4 4 4
split_gain=203.345 15.9931 25.8688 2.13056 2.08765 0.918346 1.48315 2.73554 1.09965 1.49543 0.980222 0.528375 0.29261 0.758065 0.151828
threshold=7.5000000000000009 1.0000000180025095e-35 1.5000000000000002 25.500000000000004 26.500000000000004 15.500000000000002 23.500000000000004 21.500000000000004 4.5000000000000009 2.5000000000000004 24.500000000000004 12.500000000000002 39.500000000000007 28.500000000000004 45.500000000000007
decision_type=2 2 2 2 2 2 2 2 2 2 2 2 2 2 2
left_child=5 12 3 -3 -4 8 7 -7 11 -10 -8 -1 13 -2 -14
right_child=1 2 4 -5 -6 6 10 -9 9 -11 -12 -13 14 -15 -16
leaf_value=-0.068085642245855421 0.13793046725165758 0.0078596474046366688 0.070457376555580598 -0.07167700518894625 0.1140215939495741 -0.03256000550472421 -0.070250570128261691 0.019558911905899114 0.010107456012495889 -0.048657812660771682 -0.035278799369170971 -0.037927215275752733 0.12552722910674177 0.16930111514398682 0.14223671918404376
leaf_weight=14.239741005003454 11.204861700534822 3.3351823687553388 9.1643655747175199 6.0936588048934937 30.371890380978584 22.319565787911419 5.260821431875228 9.0619082674384099 4.0668894052505484 8.7004642561078054 205.37819507718086 5.0317339934408656 4.8659515827894237 8.8031147271394712 12.220498770475386
leaf_count=260 47 40 53 114 148 330 88 133 48 146 3205 82 20 36 50
internal_value=-0.00173301 0.105544 0.075527 -0.0435432 0.103924 -0.0354199 -0.033735 -0.0175098 -0.0481479 -0.0299388 -0.0361522 -0.0602114 0.145167 0.151733 0.137478
internal_weight=360.119 86.0595 48.9651 9.42884 39.5363 274.059 242.02 31.3815 32.0388 12.7674 210.639 19.2715 37.0944 20.008 17.0865
internal_count=4800 508 355 154 201 4292 3756 463 536 194 3293 342 153 83 70
is_linear=0
shrinkage=0.08


Tree=7
num_leaves=15
num_cat=0
split_feature=0 1 1 4 4 4 4 4 4 0 1 2 4 4
split_gain=170.235 13.6346 20.5925 1.99309 1.67223 0.870247 1.40274 1.47575 1.27424 1.0674 0.847699 0.310864 0.778168 3.40905e-05
threshold=7.5000000000000009 1.0000000180025095e-35 1.5000000000000002 25.500000000000004 12.500000000000002 15.500000000000002 43.500000000000007 41.500000000000007 68.500000000000014 1.0000000180025095e-35 1.5000000000000002 1.0000000180025095e-35 28.500000000000004 10.500000000000002
decision_type=2 2 2 2 2 2 2 2 2 2 2 2 2 2
left_child=5 11 3 -3 -4 9 7 -7 -8 13 -11 -2 -13 -1
right_child=1 2 4 -5 -6 6 8 -9 -10 10 -12 12 -14 -15
leaf_value=-0.084613692514296027 0.14372403820138485 0.0071826571884298996 0.0382839216255077 -0.070479417711752965 0.096236623621863582 -0.029253415978595751 -0.04336029118141143 0.0013033378370891165 -0.018239456447274115 -0.051673411324225656 -0.022290446278029879 0.10607650990617458 0.13522242091276707 -0.085125106275627027
leaf_weight=2.8350685164332416 9.2132724076509458 3.3566340804100019 3.4798401892185202 5.7168948277831078 37.816406458616257 127.20121377706528 81.528274111449718 10.989209711551664 15.357255175709723 16.571989342570305 10.122105680406095 8.2350418865680712 20.351106703281403 1.1819861866533754
leaf_count=55 37 40 22 114 179 2007 1343 168 238 286 174 34 82 21
internal_value=-0.00169805 0.0946291 0.0673763 -0.0417493 0.0913532 -0.0336525 -0.0319979 -0.0268235 -0.0393784 -0.0463174 -0.0405317 0.130945 0.126826 -0.0847642
internal_weight=353.956 88.1692 50.3698 9.07353 41.2962 265.787 235.076 138.19 96.8855 30.7111 26.6941 37.7994 28.5861 4.01705
internal_count=4800 508 355 154 201 4292 3756 2175 1581 536 460 153 116 76
is_linear=0
shrinkage=0.08


Tree=8
num_leaves=13
num_cat=0
split_feature=0 1 1 4 2 4 4 4 4 4 4 4
split_gain=143.516 11.9006 16.6187 1.86197 1.47149 0.886598 2.13145 1.86107 1.51117 0.456327 0.321835 0.375541
threshold=7.5000000000000009 1.0000000180025095e-35 1.5000000000000002 25.500000000000004 1.0000000180025095e-35 79.500000000000014 68.500000000000014 70.500000000000014 46.500000000000007 87.500000000000014 21.500000000000004 31.500000000000004
decision_type=2 2 2 2 2 2 2 2 2 2 2 2
left_child=5 10 3 -3 -4 6 8 -8 -1 -7 -2 -12
right_child=1 2 4 -5 -6 9 7 -9 -10 -11 11 -13
leaf_value=-0.029112249869536675 0.13472150210161166 0.0065678211914351027 0.10700721798759424 -0.069261187840714208 0.07257901101502158 -0.085852174304712328 0.060597048506173042 -0.015881990072844875 -0.043498664950356869 -0.031092899688468213 0.099869416484107049 0.12078889770578853
leaf_weight=179.88620375841856 7.2089250534772864 3.3763280510902387 10.548743784427641 5.366449311375618 32.192601725459099 2.921879529953002 2.7313221693038932 8.0034091472625715 63.127845078706741 1.4609397649765012 7.1452852785587337 23.73685684800148
leaf_count=2974 29 40 48 114 153 46 43 126 1080 23 29 95
internal_value=-0.00164798 0.085601 0.0605194 -0.0399772 0.081076 -0.0319246 -0.0313084 0.00357717 -0.0328494 -0.0675991 0.119502 0.115949
internal_weight=347.707 89.5752 51.4841 8.74278 42.7413 258.132 253.749 10.7347 243.014 4.38282 38.0911 30.8821
internal_count=4800 508 355 154 201 4292 4223 169 4054 69 153 124
is_linear=0
shrinkage=0.08


Tree=9
num_leaves=15
num_cat=0
split_feature=0 1 1 4 4 4 4 0 0 4 4 2 2 4
split_gain=121.549 10.55 13.5416 1.73689 1.4753 0.860029 1.37686 2.58312 1.10125 1.44223 1.0164 0.58717 0.31347 0.774937
threshold=7.5000000000000009 1.0000000180025095e-35 1.5000000000000002 25.500000000000004 26.500000000000004 15.500000000000002 23.500000000000004 3.5000000000000004 4.5000000000000009 1.0000000180025095e-35 24.500000000000004 1.0000000180025095e-35 1.0000000180025095e-35 28.500000000000004
decision_type=2 2 2 2 2 2 2 2 2 2 2 2 2 2
left_child=5 12 3 -3 -4 8 7 -7 11 -10 -8 -1 -2 -14
right_child=1 2 4 -5 -6 6 10 -9 9 -11 -12 -13 13 -15
leaf_value=-0.084427458795462415 0.12281854893659967 0.0060088089698864455 0.045834645349288432 -0.068018856863154481 0.080508269275849809 0.011157359692265841 -0.067770301143726133 -0.036263135999797039 0.025369507223553005 -0.04021639214058495 -0.030098410990435448 -0.048420873079608524 0.085470875216653239 0.11427407134563282
leaf_weight=3.7050884813070359 9.1882501542568189 3.3944112062454206 10.237855345010756 5.0406986922025681 33.720175862312317 14.778281271457674 4.6980383992195121 14.629545047879217 2.8280024230480185 8.8956146351993066 188.1998353600502 13.315305605530737 8.447262257337572 20.452043607831001
leaf_count=75 37 40 53 114 148 219 88 244 35 159 3205 267 34 82
internal_value=-0.00158969 0.0779078 0.0546166 -0.038229 0.0724328 -0.0302414 -0.0285577 -0.012433 -0.0432631 -0.0243956 -0.0310159 -0.056259 0.109947 0.105855
internal_weight=341.53 90.4807 52.3931 8.43511 43.958 251.05 222.306 29.4078 28.744 11.7236 192.898 17.0204 38.0876 28.8993
internal_count=4800 508 355 154 201 4292 3756 463 536 194 3293 342 153 116
is_linear=0
shrinkage=0.08


Tree=10
num_leaves=13
num_cat=0
split_feature=0 1 1 4 4 4 4 2 4 4 4 4
split_gain=103.375 9.45554 11.1341 1.61758 1.24339 0.867902 1.95426 1.60383 1.45451 0.468665 0.303237 0.352488
threshold=7.5000000000000009 1.0000000180025095e-35 1.5000000000000002 25.500000000000004 16.500000000000004 79.500000000000014 68.500000000000014 1.0000000180025095e-35 50.500000000000007 87.500000000000014 21.500000000000004 31.500000000000004
decision_type=2 2 2 2 2 2 2 2 2 2 2 2
left_child=5 10 3 -3 -4 6 8 -8 -1 -7 -2 -12
right_child=1 2 4 -5 -6 9 7 -9 -10 -11 11 -13
leaf_value=-0.026459480403342797 0.11666876686400011 0.0055000197021024648 0.029041338937906818 -0.066749443557105284 0.070037786084954257 -0.085211470705132464 0.057756513562478226 -0.013046430788111662 -0.042697102202243251 -0.027760230696965663 0.082927606699526188 0.10315873652212958
leaf_weight=186.39661387726665 7.1789650470018378 3.4110185503959638 5.3785879611968985 4.7380848079919815 39.552820473909378 2.6412655264139167 2.7884361147880536 7.7064081206917763 43.556392583996058 1.3854115381836889 7.2056239545345333 23.445268586277962
leaf_count=3259 29 40 30 114 171 46 45 124 795 23 29 95
internal_value=-0.00152698 0.0713074 0.0495265 -0.0365076 0.0651302 -0.0286112 -0.0279943 0.00576561 -0.0295351 -0.0654449 0.101869 0.0984027
internal_weight=335.385 90.9104 53.0805 8.1491 44.9314 244.475 240.448 10.4948 229.953 4.02668 37.8299 30.6509
internal_count=4800 508 355 154 201 4292 4223 169 4054 69 153 124
is_linear=0
shrinkage=0.08


Tree=11
num_leaves=15
num_cat=0
split_feature=0 1 1 4 2 4 4 4 0 1 0 2 4 4
split_gain=88.1412 8.52293 9.21505 1.50384 1.17711 0.838998 1.33504 3.34737 1.14247 0.862713 0.816912 0.323626 0.782318 2.02016e-05
threshold=7.5000000000000009 1.0000000180025095e-35 1.5000000000000002 25.500000000000004 1.0000000180025095e-35 15.500000000000002 34.500000000000007 33.500000000000007 1.0000000180025095e-35 1.5000000000000002 6.5000000000000009 1.0000000180025095e-35 28.500000000000004 11.500000000000002
decision_type=2 2 2 2 2 2 2 2 2 2 2 2 2 2
left_child=5 11 3 -3 -4 8 7 -7 13 -10 -8 -2 -13 -1
right_child=1 2 4 -5 -6 6 10 -9 9 -11 -12 12 -14 -15
leaf_value=-0.083798495833759493 0.10812224448778579 0.0050365144247956498 0.081293454514266034 -0.06545044380126884 0.051500465038746591 -0.021317900210194366 -0.032592223619855705 0.047514695113397024 -0.046205836406535965 -0.014816802321966485 -0.013074400597197094 0.070261919848270668 0.099274825490400606 -0.08424835402204997
leaf_weight=2.5084139741957219 8.9172549843788129 3.4262722730636588 11.2606004178524 4.4571191444993019 34.460918664932251 75.015470251441002 115.99883225932717 4.8116639256477347 14.526201389729977 9.1235903054475784 15.566065307706593 8.4607001245021838 20.029480949044228 0.85719433054327954
leaf_count=58 37 40 48 114 153 1295 2100 80 286 174 281 34 82 18
internal_value=-0.00145946 0.0655158 0.0450649 -0.0348155 0.0588381 -0.0270273 -0.0253308 -0.0171689 -0.0403028 -0.0340966 -0.030283 0.0948218 0.0906589 -0.0839131
internal_weight=329.42 91.0123 53.6049 7.88339 45.7215 238.407 211.392 79.8271 27.0154 23.6498 131.565 37.4074 28.4902 3.36561
internal_count=4800 508 355 154 201 4292 3756 1375 536 460 2381 153 116 76
is_linear=0
shrinkage=0.08


Tree=12
num_leaves=14
num_cat=0
split_feature=0 1 1 4 4 4 4 4 4 0 2 4 4
split_gain=75.2956 7.74486 7.65928 3.71392 1.14281 0.837032 1.79456 1.58861 1.35233 0.506425 0.311553 0.728699 1.88799e-05
threshold=7.5000000000000009 1.0000000180025095e-35 1.5000000000000002 4.5000000000000009 37.500000000000007 79.500000000000014 68.500000000000014 70.500000000000014 46.500000000000007 4.5000000000000009 1.0000000180025095e-35 28.500000000000004 84.500000000000014
decision_type=2 2 2 2 2 2 2 2 2 2 2 2 2
left_child=5 10 3 -3 -4 6 8 -8 -1 12 -2 -12 -7
right_child=1 2 4 -5 -6 9 7 -9 -10 -11 11 -13 -14
leaf_value=-0.022750073754104375 0.10187253249754286 0.14413724082244492 0.039487296533685566 -0.050711295622035413 0.064712865585945745 -0.084632323886303804 0.059894687868977128 -0.011196419196920675 -0.037190346731562123 -0.022719752976241184 0.064880364978324057 0.092988625406966174 -0.085080866047360593
leaf_weight=163.14062821120024 8.7154230922460538 0.68805688619613548 20.983584389090538 6.9486125037074089 25.415686935186386 1.293469965457916 2.7437985390424711 7.5397447124123573 55.669230572879314 1.2878383845090864 8.4306354224681872 19.686829477548599 1.1211557388305662
leaf_count=2974 37 8 95 146 106 25 43 126 1080 24 34 82 20
internal_value=-0.0013916 0.0603684 0.0410858 -0.0331556 0.0533049 -0.0254988 -0.024889 0.00777172 -0.0264239 -0.0632329 0.0886571 0.0845607 -0.0848406
internal_weight=323.665 90.8688 54.0359 7.63667 46.3993 232.796 229.093 10.2835 218.81 3.70246 36.8329 28.1175 2.41463
internal_count=4800 508 355 154 201 4292 4223 169 4054 69 153 116 45
is_linear=0
shrinkage=0.08


Tree=13
num_leaves=15
num_cat=0
split_feature=0 1 1 4 4 4 4 4 0 4 1 4 4 4
split_gain=64.4045 7.0613 6.40513 2.9945 0.994953 0.811727 1.23843 2.66406 1.14957 1.06883 0.814627 0.333596 0.337117 1.47051e-05
threshold=7.5000000000000009 1.0000000180025095e-35 1.5000000000000002 4.5000000000000009 26.500000000000004 15.500000000000002 23.500000000000004 21.500000000000004 1.0000000180025095e-35 24.500000000000004 1.5000000000000002 21.500000000000004 31.500000000000004 11.500000000000002
decision_type=2 2 2 2 2 2 2 2 2 2 2 2 2 2
left_child=5 11 3 -3 -4 8 7 -7 13 -8 -10 -2 -13 -1
right_child=1 2 4 -5 -6 6 9 -9 10 -11 -12 12 -14 -15
leaf_value=-0.08341461046109197 0.09897661642600486 0.11759751202755299 0.027479160646254407 -0.048879863256887472 0.054915811397765815 -0.022793623063655837 -0.064909693989540343 0.031740863246721138 -0.043446163068558918 -0.023827405509790039 -0.012262100325658701 0.06421186879666331 0.08426819880939812 -0.083817473830693129
leaf_weight=2.2756951712071927 6.8982213735580435 0.77182161808013816 11.069036975502966 6.6449297145009041 35.874642059206963 19.188578277826313 4.1517053246498099 8.1756483837962133 13.659953683614731 170.5481984987855 8.8250460885465145 7.0735357999801662 22.188041746616364 0.77815361320972432
leaf_count=58 29 8 53 146 148 330 88 133 286 3205 174 29 95 18
internal_value=-0.00132304 0.0557547 0.0375312 -0.0315555 0.0484464 -0.0240235 -0.022325 -0.00650028 -0.037462 -0.0248037 -0.0312069 0.0831507 0.0794199 -0.0835173
internal_weight=318.123 90.5202 54.3604 7.41675 46.9437 227.603 202.064 27.3642 25.5388 174.7 22.485 36.1598 29.2616 3.05385
internal_count=4800 508 355 154 201 4292 3756 463 536 3293 460 153 124 76
is_linear=0
shrinkage=0.08


Tree=14
num_leaves=14
num_cat=0
split_feature=0 1 1 4 2 4 4 2 4 4 2 4 0
split_gain=55.1485 6.42996 5.37461 2.46602 0.994965 0.805912 1.61163 1.35865 1.29277 0.522851 0.325492 0.744387 4.83231e-06
threshold=7.5000000000000009 1.0000000180025095e-35 1.5000000000000002 4.5000000000000009 1.0000000180025095e-35 79.500000000000014 68.500000000000014 1.0000000180025095e-35 50.500000000000007 87.500000000000014 1.0000000180025095e-35 28.500000000000004 3.5000000000000004
decision_type=2 2 2 2 2 2 2 2 2 2 2 2 2
left_child=5 10 3 -3 -4 6 8 -8 -1 12 -2 -12 -7
right_child=1 2 4 -5 -6 9 7 -9 -10 -11 11 -13 -14
leaf_value=-0.02052134782299549 0.092023477920082017 0.098396926382016997 0.064503528749418837 -0.047047955542118158 0.037548091960410868 -0.084155955117460601 0.056393764277295519 -0.0090036010005657002 -0.036724224038976752 -0.018965115944444985 0.053913826779764466 0.082670426537948524 -0.084392522376112708
leaf_weight=170.5733240917325 8.2676859050989133 0.8451647162437429 11.609054788947104 6.363153949379921 35.758465275168419 1.1266851648688314 2.813666742295025 7.3290476687252522 38.657372649759054 1.21605759114027 8.2911500036716479 18.879318445920944 1.0845886804163454
leaf_count=3259 37 8 48 146 153 24 45 124 795 23 34 82 22
internal_value=-0.00125607 0.0515905 0.0343609 -0.0299948 0.0441545 -0.0226067 -0.0220053 0.00913813 -0.023515 -0.0611003 0.0781246 0.0738953 -0.084272
internal_weight=312.815 90.014 54.5758 7.20832 47.3675 222.801 219.373 10.1427 209.231 3.42733 35.4382 27.1705 2.21127
internal_count=4800 508 355 154 201 4292 4223 169 4054 69 153 116 46
is_linear=0
shrinkage=0.08


Tree=15
num_leaves=16
num_cat=0
split_feature=0 1 1 4 4 0 1 4 4 1 2 2 4 4 4
split_gain=47.2513 5.87469 4.51776 2.05977 0.898859 0.789275 4.95578 2.47987 1.69868 1.32165 1.53068 1.13091 0.354849 0.792423 0.173641
threshold=7.5000000000000009 1.0000000180025095e-35 1.5000000000000002 4.5000000000000009 16.500000000000004 6.5000000000000009 1.5000000000000002 43.500000000000007 52.500000000000007 1.0000000180025095e-35 1.5000000000000002 1.0000000180025095e-35 39.500000000000007 28.500000000000004 48.500000000000007
decision_type=2 2 2 2 2 2 2 2 2 2 2 2 2 2 2
left_child=5 12 3 -3 -4 9 7 -7 -8 11 -11 -1 13 -2 -14
right_child=1 2 4 -5 -6 6 8 -9 -10 10 -12 -13 14 -15 -16
leaf_value=-0.013097920055485197 0.067014377179640996 0.083813977389651628 0.011133307221337468 -0.045218876633077193 0.044427077451699423 0.042223127850900211 -0.066301549759663805 -0.024543782848305745 0.0073664464112682742 -0.015116761193103954 -0.038670795151343876 -0.039718507054393365 0.053773919383387714 0.10011262984342789 0.071182015805302423
leaf_weight=13.41384958848357 11.013331666588785 0.90982544422149558 5.9251984208822241 6.101838544011116 41.8109160810709 10.709788184612991 8.642861660569908 5.3332414664328089 2.6076505705714217 113.95213551819324 20.895574476569891 42.808246228843927 5.8642455637454978 7.9865386933088294 9.7879796177148801
leaf_count=263 47 8 30 146 171 204 164 106 51 2244 411 849 26 36 44
internal_value=-0.00118797 0.0478023 0.031487 -0.0284757 0.0402945 -0.021245 -0.00851935 0.0200276 -0.0492267 -0.0230628 -0.0187666 -0.0333672 0.0735793 0.0809271 0.0646599
internal_weight=307.763 89.3999 54.7478 7.01166 47.7361 218.363 27.2935 16.043 11.2505 191.07 134.848 56.2221 34.6521 18.9999 15.6522
internal_count=4800 508 355 154 201 4292 525 310 215 3767 2655 1112 153 83 70
is_linear=0
shrinkage=0.08


Tree=16
num_leaves=15
num_cat=0
split_feature=0 1 1 4 2 4 0 4 4 1 2 4 4 4
split_gain=40.515 5.348 3.80818 2.28263 0.843971 0.794035 1.17176 1.14071 3.06694 0.809429 0.78774 0.34985 0.36147 8.97534e-06
threshold=7.5000000000000009 1.0000000180025095e-35 1.5000000000000002 3.5000000000000004 1.0000000180025095e-35 15.500000000000002 1.0000000180025095e-35 34.500000000000007 33.500000000000007 1.5000000000000002 1.5000000000000002 21.500000000000004 31.500000000000004 10.500000000000002
decision_type=2 2 2 2 2 2 2 2 2 2 2 2 2 2
left_child=5 11 3 -3 -4 6 13 8 -7 -8 -9 -2 -13 -1
right_child=1 2 4 -5 -6 7 9 10 -10 -11 -12 12 -14 -15
leaf_value=-0.083012235973151341 0.086032538613319234 0.095978041748837492 0.055513958240457476 -0.04440095199437636 0.030826443148160743 -0.014648119859031932 -0.040062762488408461 -0.020362828580751561 0.052535016971532608 -0.00802397524534448 -0.038740726764312436 0.04938795763402009 0.070666755285742192 -0.083330961901945819
leaf_weight=1.9222119972109823 6.4962764084339133 0.84622535109519859 11.728021740913389 5.9805021099746227 36.271290108561516 68.426836285740137 12.712396938353777 99.867733530700207 4.643889255821704 8.3691659905016422 17.550121463835239 6.7978506386280086 20.568592384457588 0.80111375078558911
leaf_count=55 29 7 48 147 153 1295 286 2018 80 174 363 29 95 21
internal_value=-0.00112753 0.0443461 0.0289071 -0.0269999 0.0368585 -0.0199475 -0.033723 -0.018226 -0.0103784 -0.0273437 -0.0231097 0.0693429 0.0653811 -0.083106
internal_weight=302.982 88.6888 54.826 6.82673 47.9993 214.293 23.8049 190.489 73.0707 21.0816 117.418 33.8627 27.3664 2.72333
internal_count=4800 508 355 154 201 4292 536 3756 1375 460 2381 153 124 76
is_linear=0
shrinkage=0.08


Tree=17
num_leaves=14
num_cat=0
split_feature=0 1 1 4 4 4 4 4 4 4 2 4 0
split_gain=34.7307 4.86988 3.21462 1.90508 0.82979 0.773173 1.47079 1.36065 1.1769 0.794231 0.367004 0.763991 9.55854e-06
threshold=7.5000000000000009 1.0000000180025095e-35 1.5000000000000002 3.5000000000000004 37.500000000000007 79.500000000000014 68.500000000000014 70.500000000000014 50.500000000000007 88.500000000000014 1.0000000180025095e-35 28.500000000000004 4.5000000000000009
decision_type=2 2 2 2 2 2 2 2 2 2 2 2 2
left_child=5 10 3 -3 -4 6 8 -8 -1 12 -2 -12 -7
right_child=1 2 4 -5 -6 9 7 -9 -10 -11 11 -13 -14
leaf_value=-0.016705918124893835 0.080874608036359916 0.082258318344472933 0.02225934838955131 -0.042580045152830634 0.043328593745896406 -0.083710787233333236 0.059915248194732949 -0.0064089722884187643 -0.032719713962716515 0.0056380282094056003 0.040320308235254149 0.070175583640094547 -0.084048070163684138
leaf_weight=161.64616907387972 7.5723263919353476 0.90562006831169028 21.964767560362816 5.7471446245908737 26.273159712553024 1.3105003573000429 2.7430475428700429 7.1129638738930225 35.893929146230221 0.88852092623710621 7.9905796945095089 17.498671337962151 0.91197368875145901
leaf_count=3259 37 7 95 147 106 31 43 126 795 18 34 82 20
internal_value=-0.00106485 0.0411547 0.0265451 -0.0255862 0.0337349 -0.0187047 -0.0181109 0.0120499 -0.0196157 -0.058291 0.0654104 0.0608163 -0.0838492
internal_weight=298.459 87.9523 54.8907 6.65276 48.2379 210.507 207.396 9.85601 197.54 3.11099 33.0616 25.4893 2.22247
internal_count=4800 508 355 154 201 4292 4223 169 4054 69 153 116 51
is_linear=0
shrinkage=0.08


Tree=18
num_leaves=15
num_cat=0
split_feature=0 1 1 4 4 3 0 0 1 1 4 4 4 4
split_gain=29.7812 4.43477 2.71775 2.23727 0.82771 0.75596 1.92697 0.816577 4.42398 1.20594 0.799186 0.354778 0.81202 0.170988
threshold=7.5000000000000009 1.0000000180025095e-35 1.5000000000000002 2.5000000000000004 54.500000000000007 1.0000000180025095e-35 1.5000000000000002 6.5000000000000009 1.5000000000000002 1.0000000180025095e-35 32.500000000000007 39.500000000000007 28.500000000000004 48.500000000000007
decision_type=2 2 2 2 2 2 2 2 2 2 2 2 2 2
left_child=5 11 3 -3 -4 7 -7 9 -9 -1 -8 12 -2 -13
right_child=1 2 4 -5 -6 6 10 8 -10 -11 -12 13 -14 -15
leaf_value=-0.028937693758657314 0.05507200470568737 0.099194573928944249 0.035898294065919302 -0.042096874396425177 0.008953047200937916 0.051930980776688451 -0.027403593063627302 0.023528847160492531 -0.044594912010580599 -0.014268523356655165 -0.084291968887672888 0.041328584747696413 0.089849897271895962 0.059257185820345393
leaf_weight=50.591956038028002 10.456256151199343 0.8211580216884603 39.465534016489983 5.6678265258669853 8.9509468227624875 1.1748227551579464 2.8015103228390217 15.532631453126669 10.047322414815426 123.23244974389672 3.6260659620165825 5.4672985821962348 7.294081136584281 9.0233302265405637
leaf_count=1069 47 6 165 148 36 25 57 305 207 2553 76 26 36 44
internal_value=-0.00100203 0.0382301 0.0244009 -0.0242169 0.0309168 -0.0175181 -0.0422774 -0.0165741 -0.00322888 -0.018538 -0.0594967 0.0617808 0.0693632 0.0524927
internal_weight=294.153 87.1464 54.9055 6.48898 48.4165 207.007 7.6024 199.404 25.58 173.824 6.42758 32.241 17.7503 14.4906
internal_count=4800 508 355 154 201 4292 158 4134 512 3622 133 153 83 70
is_linear=0
shrinkage=0.08


Tree=19
num_leaves=15
num_cat=0
split_feature=0 1 1 4 4 4 0 4 0 4 4 2 4 4
split_gain=25.5221 4.03017 2.2992 1.85945 0.766355 0.764468 1.17859 1.08325 2.64992 1.11866 0.817469 0.379867 0.717338 5.98302e-06
threshold=7.5000000000000009 1.0000000180025095e-35 1.5000000000000002 2.5000000000000004 37.500000000000007 15.500000000000002 1.0000000180025095e-35 23.500000000000004 3.5000000000000004 24.500000000000004 1.0000000180025095e-35 1.0000000180025095e-35 28.500000000000004 10.500000000000002
decision_type=2 2 2 2 2 2 2 2 2 2 2 2 2 2
left_child=5 11 3 -3 -4 6 13 8 -7 -9 -8 -2 -13 -1
right_child=1 2 4 -5 -6 7 10 9 -10 -11 -12 12 -14 -15
leaf_value=-0.082684747832570279 0.074598972223457835 0.085235509038609367 0.017380140575756299 -0.040287764998415979 0.037545330241649591 0.025999313971900535 0.0067196689951866595 -0.061288063680328533 -0.025892287993150891 -0.016115759074059648 -0.032468631687705203 0.033579099003823824 0.06300878082915376 -0.082959534734995483
leaf_weight=1.7264222614467173 7.109361574053767 0.87661653757095237 22.216733232140541 5.4573959410190582 26.387630596756935 12.927140139043333 4.3582210466265705 3.5911608524620524 12.282244879752396 152.58830327168107 15.604374684393404 7.7998810410499599 16.54328353703022 0.71803057193756092
leaf_count=55 37 6 95 148 106 219 86 88 244 3205 374 34 82 21
internal_value=-0.000945675 0.0354939 0.0224199 -0.0229156 0.028328 -0.0163927 -0.0303335 -0.0146706 0.000717247 -0.0171544 -0.0239131 0.0583303 0.0535791 -0.0827655
internal_weight=290.187 86.3909 54.9384 6.33401 48.6044 203.796 22.407 181.389 25.2094 156.179 19.9626 31.4525 24.3432 2.44445
internal_count=4800 508 355 154 201 4292 536 3756 463 3293 460 153 116 76
is_linear=0
shrinkage=0.08


Tree=20
num_leaves=14
num_cat=0
split_feature=0 1 1 4 4 4 4 1 4 4 4 4 0
split_gain=21.8815 3.6555 1.94876 1.55936 0.742114 0.738046 1.31934 1.34296 1.08366 0.795352 0.41264 0.902969 8.46273e-06
threshold=7.5000000000000009 1.0000000180025095e-35 1.5000000000000002 2.5000000000000004 54.500000000000007 79.500000000000014 68.500000000000014 1.0000000180025095e-35 46.500000000000007 88.500000000000014 21.500000000000004 29.500000000000004 4.5000000000000009
decision_type=2 2 2 2 2 2 2 2 2 2 2 2 2
left_child=5 10 3 -3 -4 6 8 -8 -1 12 -2 -12 -7
right_child=1 2 4 -5 -6 9 7 -9 -10 -11 11 -13 -14
leaf_value=-0.01275179394651875 0.074025386607430757 0.0741259385180668 0.030694791269285489 -0.03849707334576493 0.0052183452804872082 -0.083286335908007741 -0.03096985388220384 0.033828881050597372 -0.026838457295956013 0.0085179160580137435 0.017538424481737588 0.057643797923340734 -0.083620930861666679
leaf_weight=141.91504759900272 5.9521324634552029 0.92513233423232932 39.7397181391716 5.2625477537512779 8.969280928373335 1.1721076443791383 2.9437454901635629 6.7192470915615559 46.371102266013622 0.8623063676059245 4.3635328263044384 20.344716802239418 0.82380978018045414
leaf_count=2974 29 6 165 148 36 31 51 118 1080 18 19 105 20
internal_value=-0.000889602 0.0329894 0.0206313 -0.0216586 0.0260036 -0.0153243 -0.0147415 0.0140885 -0.0162211 -0.0556861 0.0551162 0.0505611 -0.0834244
internal_weight=286.364 85.5571 54.8967 6.18768 48.709 200.807 197.949 9.66299 188.286 2.85822 30.6604 24.7082 1.99592
internal_count=4800 508 355 154 201 4292 4223 169 4054 69 153 124 51
is_linear=0
shrinkage=0.08


Tree=21
num_leaves=14
num_cat=0
split_feature=0 1 1 4 2 3 0 4 0 1 1 2 4
split_gain=18.7438 3.31007 1.65104 1.31615 0.745711 0.718258 1.758 0.809147 0.755691 3.97948 1.07918 0.377694 0.670221
threshold=7.5000000000000009 1.0000000180025095e-35 1.5000000000000002 2.5000000000000004 1.0000000180025095e-35 1.0000000180025095e-35 1.5000000000000002 32.500000000000007 6.5000000000000009 1.5000000000000002 1.0000000180025095e-35 1.0000000180025095e-35 28.500000000000004
decision_type=2 2 2 2 2 2 2 2 2 2 2 2 2
left_child=5 11 3 -3 -4 8 -7 -8 10 -10 -1 -2 -13
right_child=1 2 4 -5 -6 6 7 -9 9 -11 -12 12 -14
leaf_value=-0.025464543967258838 0.068866321593411647 0.065062790642385349 0.041368629591863132 -0.036729086010090901 0.01827731346957031 0.049153589645182107 -0.024453719842968073 -0.083829460951012957 0.02472005079249855 -0.041419996272301217 -0.011222991161986396 0.027749746552440297 0.056711105578342171
leaf_weight=47.805532302707434 6.6524296104908016 0.96774208545684715 11.803666412830351 5.0821962989866734 37.030665516853333 1.1981863882392634 2.6729222983121872 3.2609044536948204 15.369661122560501 9.372340589761734 118.37434515729547 7.5958731770515469 15.651526018977163
leaf_count=1069 37 6 48 148 153 25 57 76 305 207 2553 34 82
internal_value=-0.000834407 0.0306419 0.0189749 -0.0204466 0.0238587 -0.014309 -0.0392354 -0.0570834 -0.0133778 -0.000333987 -0.0153199 0.0520581 0.0472482
internal_weight=282.838 84.7841 54.8843 6.04994 48.8343 198.054 7.13201 5.93383 190.922 24.742 166.18 29.8998 23.2474
internal_count=4800 508 355 154 201 4292 158 133 4134 512 3622 153 116
is_linear=0
shrinkage=0.08


Tree=22
num_leaves=16
num_cat=0
split_feature=0 1 1 4 4 4 0 4 4 4 1 4 4 4 4
split_gain=16.0607 2.98885 1.40065 1.1161 0.736837 0.729052 1.17061 0.924082 2.42995 1.07397 0.807919 0.412727 0.774607 0.17314 4.06428e-06
threshold=7.5000000000000009 1.0000000180025095e-35 1.5000000000000002 2.5000000000000004 16.500000000000004 15.500000000000002 1.0000000180025095e-35 23.500000000000004 21.500000000000004 24.500000000000004 1.5000000000000002 39.500000000000007 28.500000000000004 48.500000000000007 10.500000000000002
decision_type=2 2 2 2 2 2 2 2 2 2 2 2 2 2 2
left_child=5 11 3 -3 -4 6 14 8 -7 -9 -8 12 -2 -13 -1
right_child=1 2 4 -5 -6 7 10 9 -10 -11 -12 13 -14 -15 -16
leaf_value=-0.08241115415505125 0.0435242239110279 0.057524910236347086 -0.003445393076116778 -0.034988074506111522 0.025721309986128298 -0.01414092511308835 -0.034482762231589484 -0.059083286361695651 0.04013794475600535 -0.012991394640988087 -0.00092213943624476729 0.026782719369460514 0.079332875854597071 0.045799138315992569 -0.082649577067658381
leaf_weight=1.5601009000092774 9.7629452347755485 1.0052894353866566 6.3743176609277716 4.9153224416077137 42.526113033294678 17.010947417467836 11.382623452693226 3.308554980903863 7.6534668356180182 146.27002717927098 7.6938364878296843 4.9496605545282355 6.4010980874299994 8.0441997200250608 0.64749142713844765
leaf_count=55 47 6 30 148 171 330 286 88 133 3205 174 26 36 44 21
internal_value=-0.000784706 0.0284767 0.0174699 -0.0192798 0.0219193 -0.0133525 -0.0273296 -0.0116452 0.00270203 -0.0140109 -0.0209472 0.0491711 0.0577048 0.0385553 -0.0824811
internal_weight=279.506 83.9789 54.821 5.92061 48.9004 195.527 21.2841 174.243 24.6644 149.579 19.0765 29.1579 16.164 12.9939 2.20759
internal_count=4800 508 355 154 201 4292 536 3756 463 3293 460 153 83 70 76
is_linear=0
shrinkage=0.08


Tree=23
num_leaves=14
num_cat=0
split_feature=0 1 1 4 4 4 0 4 4 4 4 4 0
split_gain=13.7573 2.68451 1.18951 0.949696 0.695268 1.16674 1.31149 1.00619 0.788696 0.668851 0.432083 0.807163 7.57003e-06
threshold=7.5000000000000009 1.0000000180025095e-35 1.5000000000000002 2.5000000000000004 79.500000000000014 68.500000000000014 2.5000000000000004 50.500000000000007 88.500000000000014 37.500000000000007 21.500000000000004 29.500000000000004 4.5000000000000009
decision_type=2 2 2 2 2 2 2 2 2 2 2 2 2
left_child=4 10 3 -3 5 7 -7 -1 12 -4 -2 -12 -6
right_child=1 2 9 -5 8 6 -8 -9 -10 -11 11 -13 -14
leaf_value=-0.010552003056312612 0.066409623235749365 0.051158278374787064 0.010019526736365586 -0.033278193320083575 -0.082931895390741167 -0.021385725478856234 0.039295311514215031 -0.026171598264077885 0.010650451071249368 0.028790399338486511 0.010003522113597497 0.048686680958533082 -0.083264680588388595
leaf_weight=148.9077966529876 5.5534869283437756 1.0384724736213673 22.488366574048996 4.7609712034463882 1.053788356482982 3.7626233845949155 5.7829289622604847 32.081629045307636 0.84379899874329556 26.424385190010071 4.2348901927471188 18.679063051939011 0.74799517914652813
leaf_count=3259 29 6 95 148 31 67 102 795 18 106 19 105 20
internal_value=-0.000736152 0.0264653 0.0160984 -0.0181586 -0.0124485 -0.011883 0.0153763 -0.0133207 -0.0531782 0.0201602 0.0463895 0.0415374 -0.08307
internal_weight=276.36 83.1796 54.7122 5.79944 193.181 190.535 9.54555 180.989 2.64558 48.9128 28.4674 22.914 1.80178
internal_count=4800 508 355 154 4292 4223 169 4054 69 201 153 124 51
is_linear=0
shrinkage=0.08


Tree=24
num_leaves=15
num_cat=0
split_feature=0 1 1 4 4 4 0 4 4 4 4 2 2 4
split_gain=11.7772 2.40904 1.01008 0.883413 0.688551 0.66945 1.15597 1.62188 0.848748 2.83149 0.84522 0.802274 0.394376 0.622182
threshold=7.5000000000000009 1.0000000180025095e-35 1.5000000000000002 25.500000000000004 54.500000000000007 15.500000000000002 4.5000000000000009 2.5000000000000004 34.500000000000007 33.500000000000007 12.500000000000002 1.5000000000000002 1.0000000180025095e-35 28.500000000000004
decision_type=2 2 2 2 2 2 2 2 2 2 2 2 2 2
left_child=5 12 3 -3 -4 6 10 -8 9 -7 -1 -10 -2 -14
right_child=1 2 4 -5 -6 8 7 -9 11 -11 -12 -13 13 -15
leaf_value=-0.054805150996271312 0.061783512948807129 0.011982231611098047 0.023037290053898259 -0.051293024221037237 -0.001485430936337073 -0.0073171744672482731 0.04325011328079615 -0.028441868385540196 -0.01155294578001548 0.058727262717982176 -0.0060760843037574045 -0.031403565485316913 0.019686558355761101 0.048353281748449994
leaf_weight=8.5464005600661057 6.0735639333725002 3.0742214024066916 39.958390206098557 2.6119018904864788 8.9735231101512891 62.298830207437277 3.0947102196514589 5.8131478764116764 88.423423597589135 4.4513793550431719 3.1060403380542985 15.282352095469831 7.296711981296542 14.424266144633291
leaf_count=260 37 40 165 114 36 1295 48 146 2018 80 82 363 34 82
internal_value=-0.00068842 0.0245887 0.0148315 -0.017083 0.0185401 -0.0115941 -0.0252306 -0.00353511 -0.00994923 -0.00291286 -0.0418161 -0.0144782 0.0437623 0.0387233
internal_weight=273.429 82.4126 54.618 5.68612 48.9319 191.016 20.5603 8.90786 170.456 66.7502 11.6524 103.706 27.7945 21.721
internal_count=4800 508 355 154 201 4292 536 194 3756 1375 342 2381 153 116
is_linear=0
shrinkage=0.08


Tree=25
num_leaves=15
num_cat=0
split_feature=0 1 4 4 4 3 0 4 0 1 1 4 4 4
split_gain=10.0764 2.16113 0.938908 1.54212 0.690642 0.670923 1.63689 0.82823 0.638137 3.56382 0.981974 0.433411 0.741906 0.166017
threshold=7.5000000000000009 1.0000000180025095e-35 22.500000000000004 6.5000000000000009 54.500000000000007 1.0000000180025095e-35 1.5000000000000002 32.500000000000007 6.5000000000000009 1.5000000000000002 1.0000000180025095e-35 39.500000000000007 28.500000000000004 48.500000000000007
decision_type=2 2 2 2 2 2 2 2 2 2 2 2 2 2
left_child=5 11 3 -3 -4 8 -7 -8 10 -10 -1 12 -2 -13
right_child=1 2 4 -5 -6 6 7 -9 9 -11 -12 13 -14 -15
leaf_value=-0.021712874036208949 0.036301703393466535 0.029447996395679552 0.024554749121532025 -0.030423612848682651 0.00035553416298102485 0.048790104142151701 -0.020888258729838675 -0.083417238961849063 0.025656416528168861 -0.038320188997115819 -0.0077530008908359193 0.018096481354580314 0.072785085529216462 0.03738646511258447
leaf_weight=45.088396973907948 9.2885695695877093 4.5657993555068952 33.314520090818405 6.935856532305479 9.759051136672495 1.2010759916156519 2.5310315079987049 2.9195117354393005 15.240585800260305 8.7844726480543613 113.25039973668754 4.6387661248445493 5.7915462404489508 7.4273463636636734
leaf_count=1069 47 25 212 46 72 25 57 76 305 207 2553 26 36 44
internal_value=-0.000646912 0.022825 0.0136498 -0.00665645 0.019072 -0.0107951 -0.0357516 -0.0543811 -0.00988481 0.00226414 -0.0117282 0.0412712 0.0503132 0.0299705
internal_weight=270.737 81.7215 54.5752 11.5017 43.0736 189.015 6.65162 5.45054 182.364 24.0251 158.339 27.1462 15.0801 12.0661
internal_count=4800 508 355 71 284 4292 158 133 4134 512 3622 153 83 70
is_linear=0
shrinkage=0.08


Tree=26
num_leaves=14
num_cat=0
split_feature=0 1 1 4 2 4 4 4 1 4 4 4 0
split_gain=8.61164 1.93299 0.844288 0.800636 0.656136 0.640269 1.06423 1.40045 1.11342 0.78035 0.449739 0.877413 6.71814e-06
threshold=7.5000000000000009 1.0000000180025095e-35 1.5000000000000002 25.500000000000004 1.0000000180025095e-35 79.500000000000014 75.500000000000014 73.500000000000014 1.5000000000000002 88.500000000000014 21.500000000000004 28.500000000000004 4.5000000000000009
decision_type=2 2 2 2 2 2 2 2 2 2 2 2 2
left_child=5 10 3 -3 -4 6 7 -1 -8 12 -2 -12 -7
right_child=1 2 4 -5 -6 9 8 -9 -10 -11 11 -13 -14
leaf_value=-0.0095585873641270466 0.059971527502204677 0.010426881861939253 0.032418465603347997 -0.050209050316434307 0.010724337143696553 -0.082624096432281746 0.09103020274833569 -0.084837812261691903 -0.015699322240533629 0.012661937070821453 -0.00031058901791325102 0.041454008900671815 -0.082953581391983319
leaf_weight=180.61246618814766 5.1966001391410854 3.1062319055199614 11.735241070389746 2.5277755558490753 37.22716911137104 0.94865875132381849 1.3653546310961238 1.5955782793462265 1.154522106051445 0.82699374854564656 3.9499510228633907 17.405050694942474 0.67991708591580391
leaf_count=4146 29 40 48 114 153 31 26 30 21 18 18 106 20
internal_value=-0.000606853 0.0211598 0.0125493 -0.0167783 0.015924 -0.0100432 -0.00950372 -0.0102178 0.0421304 -0.0506246 0.0388651 0.033729 -0.0827617
internal_weight=268.332 81.148 54.5964 5.63401 48.9624 187.183 184.728 182.208 2.51988 2.45557 26.5516 21.355 1.62858
internal_count=4800 508 355 154 201 4292 4223 4176 47 69 153 124 51
is_linear=0
shrinkage=0.08


Tree=27
num_leaves=16
num_cat=0
split_feature=0 1 4 4 4 4 0 0 1 4 4 4 4 0 4
split_gain=7.36202 1.72248 0.812967 1.30629 0.644709 1.29008 1.67874 0.665244 4.34833 0.831272 0.578333 0.410674 0.712466 0.338221 0.152516
threshold=7.5000000000000009 1.0000000180025095e-35 22.500000000000004 6.5000000000000009 8.5000000000000018 1.0000000180025095e-35 4.5000000000000009 6.5000000000000009 1.5000000000000002 12.500000000000002 54.500000000000007 39.500000000000007 28.500000000000004 5.5000000000000009 45.500000000000007
decision_type=2 2 2 2 2 2 2 2 2 2 2 2 2 2 2
left_child=4 11 3 -3 5 6 -1 9 -9 -6 -4 12 -2 -7 -13
right_child=1 2 10 -5 7 13 -8 8 -10 -11 -12 14 -14 -15 -16
leaf_value=-0.047040271654073366 0.03182157156274229 0.025467548249969153 0.021644223337942716 -0.029395569422839239 -0.045067088933689575 -0.041463814794929464 0.049713799680791593 0.030546540369358961 -0.043105768695958356 -0.0090924580815722224 -0.0005435366023408229 0.01138719399211648 0.068587524538779546 -0.083939401927200008 0.031403962501254157
leaf_weight=2.2407828886061889 8.986712723970415 4.6523717194795591 33.242293979972601 6.8923137821257114 4.2278103958815327 3.8498734179884195 2.3526970446109772 14.588284682482483 7.9127789307385674 148.58136077411473 9.7159879356622678 3.4837725162506095 5.4003911018371573 1.7429599128663538 8.1013464331626874
leaf_count=72 47 25 212 46 128 118 35 289 199 3410 72 20 36 41 50
internal_value=-0.000566938 0.0196403 0.0115609 -0.00728638 -0.00933359 -0.0288995 0.00251541 -0.00819672 0.00464579 -0.0100878 0.016626 0.0365951 0.0456222 -0.054701 0.0253847
internal_weight=265.972 80.4752 54.503 11.5447 185.497 10.1863 4.59348 175.31 22.5011 152.809 42.9583 25.9722 14.3871 5.59283 11.5851
internal_count=4800 508 355 71 4292 266 107 4026 488 3538 284 153 83 159 70
is_linear=0
shrinkage=0.08


Tree=28
num_leaves=14
num_cat=0
split_feature=0 1 4 2 3 4 4 4 4 4 4 4 4
split_gain=6.28899 1.53196 0.772221 1.66631 0.6046 1.59368 6.13523 0.557728 1.17522 0.793623 0.424088 0.781583 1.01108e-05
threshold=7.5000000000000009 1.0000000180025095e-35 67.500000000000014 1.5000000000000002 1.0000000180025095e-35 38.500000000000007 31.500000000000004 79.500000000000014 68.500000000000014 88.500000000000014 21.500000000000004 28.500000000000004 49.500000000000007
decision_type=2 2 2 2 2 2 2 2 2 2 2 2 2
left_child=4 10 3 -3 7 6 -6 8 -1 -9 -2 -12 -7
right_child=1 2 -4 -5 5 12 -8 9 -10 -11 11 -13 -14
leaf_value=-0.0088330425637063153 0.055422620281705026 0.0034635669292381421 0.04720295993814818 0.052700577295897715 -0.056906586303244459 -0.083406612894889917 0.18120795820084692 -0.082552357218680705 0.020742109069634054 0.017044921514414085 -0.0028480876044494076 0.036918687461472914 -0.083076261917627736
leaf_weight=166.30637155845761 4.9508235901594189 46.175831068307161 3.4609958827495566 4.8621785230934611 2.940043011680245 0.99205375835299525 0.90592055022716511 1.4526673518121236 9.0677843019366247 0.79076166078448284 3.9087557196617153 16.581357419490814 1.4738505240529773
leaf_count=3905 29 292 24 39 67 26 22 49 163 17 18 106 43
internal_value=-0.000533308 0.0182007 0.010634 0.00815417 -0.00867551 -0.0330067 -0.000818468 -0.00781088 -0.00730385 -0.0474464 0.0344098 0.0293327 -0.0832092
internal_weight=263.869 79.9399 54.499 51.038 183.929 6.31187 3.84596 177.618 175.374 2.24343 25.4409 20.4901 2.4659
internal_count=4800 508 355 331 4292 158 89 4134 4068 66 153 124 69
is_linear=0
shrinkage=0.08


Tree=29
num_leaves=15
num_cat=0
split_feature=0 1 1 2 2 4 2 0 4 4 1 2 4 4
split_gain=5.36878 1.36272 0.711202 0.763226 0.579396 0.570217 1.32894 1.64477 0.603607 2.28265 1.49054 0.427773 0.54575 0.000454455
threshold=7.5000000000000009 1.0000000180025095e-35 1.5000000000000002 1.0000000180025095e-35 1.0000000180025095e-35 8.5000000000000018 1.0000000180025095e-35 4.5000000000000009 43.500000000000007 41.500000000000007 1.0000000180025095e-35 1.0000000180025095e-35 28.500000000000004 1.5000000000000002
decision_type=2 2 2 2 2 2 2 2 2 2 2 2 2 2
left_child=5 11 3 -3 -4 6 13 -8 9 -7 -10 -2 -13 -1
right_child=1 2 4 -5 -6 8 7 -9 10 -11 -12 12 -14 -15
leaf_value=-0.085312590873788799 0.052446267295159457 -0.082513156139151694 0.028417225380790001 -0.0038817801610272038 0.0079948951914842296 -0.006604668069143324 -0.045066655599834193 0.02888291617386915 -0.032181733318173353 0.038186152592937089 -0.0052908725959093976 0.0086642905343969588 0.036666539194802943 -0.082924964568559148
leaf_weight=1.0745389517396673 5.3287508487701443 0.950403006747364 11.678246498107908 4.6817414835095406 37.250108614563942 101.2433333620429 4.2680864315479994 3.5062796548008919 18.678248524665833 7.8461545705795279 44.913775015622377 6.8464264869689968 12.749247267842291 0.97144454903900612
leaf_count=22 37 38 48 116 153 2277 146 68 473 168 1108 34 82 30
internal_value=-0.000502919 0.0168503 0.00977044 -0.0171505 0.0128693 -0.00806075 -0.0268122 -0.011715 -0.00699435 -0.00338313 -0.0131893 0.0323483 0.026883 -0.0841789
internal_weight=261.987 79.4849 54.5605 5.63214 48.9284 182.502 9.82035 7.77437 172.682 109.089 63.592 24.9244 19.5957 2.04598
internal_count=4800 508 355 154 201 4292 266 214 4026 2445 1581 153 116 52
is_linear=0
shrinkage=0.08


Tree=30
num_leaves=16
num_cat=0
split_feature=0 1 4 4 3 4 4 0 4 2 2 4 4 4 4
split_gain=4.58572 1.20544 0.656434 1.09321 0.555008 1.51404 4.64424 0.550406 4.70113 1.12207 0.549102 0.433645 0.654492 0.145122 1.08352e-05
threshold=7.5000000000000009 1.0000000180025095e-35 22.500000000000004 6.5000000000000009 1.0000000180025095e-35 38.500000000000007 31.500000000000004 1.0000000180025095e-35 59.500000000000007 1.5000000000000002 1.0000000180025095e-35 39.500000000000007 28.500000000000004 48.500000000000007 49.500000000000007
decision_type=2 2 2 2 2 2 2 2 2 2 2 2 2 2 2
left_child=4 11 3 -3 7 6 -6 8 -1 -9 -4 12 -2 -13 -7
right_child=1 2 10 -5 5 14 -8 9 -10 -11 -12 13 -14 -15 -16
leaf_value=-0.033264902034354095 0.026669201970195441 0.021643231109486773 0.029793491389175485 -0.028375157929866598 -0.055007119818159207 -0.083157008043104774 0.14183491543806589 -0.0021532332180157401 0.073808801357580639 -0.021712177538468238 0.008514799441911889 0.0069782923138421472 0.063241028939953814 0.025902162649057599 -0.082801193287514285
leaf_weight=18.998538402840499 8.6273369491100329 4.7330535873770696 10.175451491028069 6.8352429755032063 2.7712197881191964 0.92168931849300895 1.0607391558587549 131.1215497199446 3.0449205338954917 21.908521639183164 32.71609890088439 4.2582097798585874 4.9165023267269126 6.6342149674892426 1.3499821573495863
leaf_count=467 47 25 73 46 67 26 22 3066 73 528 211 26 36 44 43
internal_value=-0.000472507 0.0156254 0.00900151 -0.00791063 -0.00748257 -0.0311965 -0.000518526 -0.00665583 -0.0184745 -0.00495339 0.0135629 0.0303878 0.039945 0.0185042 -0.0829456
internal_weight=260.073 78.8961 54.4598 11.5683 181.177 6.10363 3.83196 175.074 22.0435 153.03 42.8916 24.4363 13.5438 10.8924 2.27167
internal_count=4800 508 355 71 4292 158 89 4134 540 3594 284 153 83 70 69
is_linear=0
shrinkage=0.08


Tree=31
num_leaves=13
num_cat=0
split_feature=0 1 4 2 4 0 4 2 4 4 4 4
split_gain=3.91594 1.0633 0.622286 1.41667 0.543736 0.849965 0.844145 1.2563 0.87481 0.434858 0.647013 0.000185643
threshold=7.5000000000000009 1.0000000180025095e-35 67.500000000000014 1.5000000000000002 79.500000000000014 4.5000000000000009 68.500000000000014 1.0000000180025095e-35 50.500000000000007 21.500000000000004 28.500000000000004 88.500000000000014
decision_type=2 2 2 2 2 2 2 2 2 2 2 2
left_child=4 9 3 -3 6 11 8 -8 -1 -2 -11 -6
right_child=1 2 -4 -5 5 -7 7 -9 -10 10 -12 -13
leaf_value=-0.0051188051554676151 0.050404958226170415 0.0017073727331241818 0.041157295428784456 0.046934016314385742 -0.08218315408909678 0.021436240848360284 0.063030491253971213 -0.0016466871544881967 -0.020336005737052198 -0.0061502636323027817 0.030504981556782648 -0.084019308729706005
leaf_weight=139.10343783721328 4.6713604480028179 46.06306223385036 3.4520028214901677 4.9045714624226084 0.79562878236174517 0.76644469611346711 2.6923122294247133 6.7184932678937912 29.264881866052747 3.8482055366039303 15.476919218897818 0.63259397819638252
leaf_count=3259 29 292 24 39 31 24 45 124 795 18 106 14
internal_value=-0.000448233 0.0144719 0.00828585 0.00605949 -0.00694905 -0.0465254 -0.00646049 0.0168566 -0.00776378 0.0285006 0.0232058 -0.0829964
internal_weight=258.39 78.4161 54.4196 50.9676 179.974 2.19467 177.779 9.41081 168.368 23.9965 19.3251 1.42822
internal_count=4800 508 355 331 4292 69 4223 169 4054 153 124 45
is_linear=0
shrinkage=0.08


Tree=32
num_leaves=15
num_cat=0
split_feature=0 1 4 4 4 4 4 2 4 0 4 4 1 4
split_gain=3.42534 1.44509 1.41284 1.9508 1.18051 2.18237 1.71661 0.905337 2.56736 4.13443 2.40873 1.58493 1.26815 7.10074e-05
threshold=6.5000000000000009 1.0000000180025095e-35 7.5000000000000009 21.500000000000004 41.500000000000007 39.500000000000007 54.500000000000007 1.5000000000000002 63.500000000000007 1.5000000000000002 45.500000000000007 78.500000000000014 1.0000000180025095e-35 87.500000000000014
decision_type=2 2 2 2 2 2 2 2 2 2 2 2 2 2
left_child=7 2 -2 -4 5 -3 -6 11 10 -10 -9 12 -1 -13
right_child=1 4 3 -5 6 -7 -8 8 9 -11 -12 13 -14 -15
leaf_value=-0.016910409037785203 -0.04603136105976488 0.000128062048597833 0.079371562076941293 0.020855116715825791 0.033131995061453048 -0.080830679737521491 -0.0056528537394262895 -0.016879554783339766 0.19680699877973243 -0.026389450913047747 -0.082994954059330925 -0.082675961229196085 0.00054572850550881177 -0.083745468875563431
leaf_weight=37.19800017401576 1.6933632865548158 37.790498457849026 4.2408213242888477 26.00316434726119 17.113557681441311 2.2583315353840581 12.740696936845778 15.546957094222313 0.85463393293321077 1.403316482901573 4.561334215104579 0.99946687929332145 93.797870166599751 0.65942548587918282
leaf_count=943 17 395 41 259 155 21 145 375 20 38 132 36 2207 16
internal_value=-0.000417717 0.0109803 0.0250788 0.0290603 0.00453889 -0.00443716 0.01658 -0.00790557 -0.0227945 0.0580904 -0.0318771 -0.00539522 -0.00441117 -0.0831011
internal_weight=256.861 101.84 31.9373 30.244 69.9031 40.0488 29.8543 155.021 22.3662 2.25795 20.1083 132.655 130.996 1.65889
internal_count=4800 1033 317 300 716 416 300 3767 565 58 507 3202 3150 52
is_linear=0
shrinkage=0.08


Tree=33
num_leaves=15
num_cat=0
split_feature=0 1 1 4 4 4 2 4 4 4 0 2 4 4
split_gain=2.92929 0.810461 0.588943 0.732676 0.544206 0.506059 1.29672 1.49168 0.553627 2.47025 0.640985 0.429186 0.519214 0.000344572
threshold=7.5000000000000009 1.0000000180025095e-35 1.5000000000000002 25.500000000000004 54.500000000000007 8.5000000000000018 1.0000000180025095e-35 1.0000000180025095e-35 34.500000000000007 33.500000000000007 5.5000000000000009 1.0000000180025095e-35 28.500000000000004 1.0000000180025095e-35
decision_type=2 2 2 2 2 2 2 2 2 2 2 2 2 2
left_child=5 11 3 -3 -4 6 13 -8 9 -7 -10 -2 -13 -1
right_child=1 2 4 -5 -6 8 7 -9 10 -11 -12 12 -14 -15
leaf_value=-0.085021123527636425 0.046189624138136383 0.0084330104537082267 0.014053894087196366 -0.049691981194661963 -0.0077931442787238592 -0.0035561239853608381 0.028461952420770813 -0.042889475010298342 -0.012889512629550182 0.057793713905889756 0.0019622554220560477 0.001398919694055802 0.029497470520001973 -0.082833112884550586
leaf_weight=0.82627363316714575 4.8716150596737888 3.1375634782016268 39.867051929235458 2.4889147188514471 8.9321669638156873 67.666482569649816 3.5410980023443699 3.9860435482114553 71.265611916780472 4.4784328565001479 25.165748324245214 6.541782051324847 11.801681913435457 1.0409718938171861
leaf_count=18 37 40 165 114 36 1565 89 125 1783 80 598 34 82 34
internal_value=-0.000398675 0.0125675 0.00722926 -0.017279 0.010055 -0.00605523 -0.0241262 -0.00932263 -0.00504817 0.000252199 -0.00901364 0.0250824 0.0194768 -0.0838013
internal_weight=255.611 77.6408 54.4257 5.62648 48.7992 177.971 9.39439 7.52714 168.576 72.1449 96.4314 23.2151 18.3435 1.86725
internal_count=4800 508 355 154 201 4292 266 214 4026 1645 2381 153 116 52
is_linear=0
shrinkage=0.08


Tree=34
num_leaves=15
num_cat=0
split_feature=0 1 4 4 4 4 2 0 2 4 1 4 0 4
split_gain=2.51708 1.12743 1.22096 1.59788 1.0565 3.13833 1.89035 0.921447 0.822596 2.5372 1.90093 1.47501 1.19881 5.41408e-05
threshold=6.5000000000000009 1.0000000180025095e-35 46.500000000000007 7.5000000000000009 67.500000000000014 73.500000000000014 1.5000000000000002 7.5000000000000009 1.5000000000000002 74.500000000000014 1.5000000000000002 78.500000000000014 1.0000000180025095e-35 87.500000000000014
decision_type=2 2 2 2 2 2 2 2 2 2 2 2 2 2
left_child=8 2 3 -2 6 -6 -3 -4 11 10 -10 12 -1 -13
right_child=1 4 7 -5 5 -7 -8 -9 9 -11 -12 13 -14 -15
leaf_value=-0.022514168504211781 -0.042962040931383831 -0.0035918863035305105 -0.04809384769485326 0.037914841693162574 0.11375994869899887 -0.018017784706411397 0.040613277864697699 0.011675201459278273 -0.048515046341920699 0.12003242095727198 -0.00023359860795939388 -0.082436072761484916 -0.00041940716758204547 -0.083411663143954734
leaf_weight=18.299715731292963 1.6899016425013602 58.194574097171426 2.2004346102476102 20.88876123726368 2.0787905119359484 2.6073476430028677 6.9283283501863471 6.6090947389602661 11.44515930116177 0.78446414135396381 9.5936786271631718 0.91443627327680477 111.32641756534576 0.60486810840666294
leaf_count=461 17 580 46 207 19 30 87 47 302 20 243 36 2689 16
internal_value=-0.000374897 0.00941316 0.022006 0.0318616 0.00375107 0.0404394 0.00111104 -0.00325385 -0.00685024 -0.0212315 -0.0264988 -0.00445711 -0.00353859 -0.0828245
internal_weight=254.166 101.197 31.3882 22.5787 69.809 4.68614 65.1229 8.80953 152.969 21.8233 21.0388 131.145 129.626 1.5193
internal_count=4800 1033 317 224 716 49 667 93 3767 565 545 3202 3150 52
is_linear=0
shrinkage=0.08


Tree=35
num_leaves=12
num_cat=0
split_feature=0 4 4 2 3 0 4 0 1 0 1
split_gain=2.1823 0.714689 0.91003 0.663449 0.492616 1.6021 0.93935 0.422783 2.16072 1.4047 0.0572041
threshold=7.5000000000000009 11.500000000000002 19.500000000000004 1.0000000180025095e-35 1.0000000180025095e-35 1.5000000000000002 32.500000000000007 3.5000000000000004 1.0000000180025095e-35 4.5000000000000009 1.5000000000000002
decision_type=2 2 2 2 2 2 2 2 2 2 2
left_child=4 10 -3 -4 7 -6 -7 8 -1 -9 -2
right_child=1 2 3 -5 5 6 -8 9 -10 -11 -12
leaf_value=-0.021722274992820815 -0.0035915751176677575 0.043500609703821309 0.026258234789677096 0.0063700691512568733 0.057246720340958818 -0.011101856399703999 -0.083076330170510818 -0.025764303515977346 0.0076033100370914257 -0.0025081333013430669 -0.016873249215247299
leaf_weight=22.034456251189113 3.684865787625311 5.9503456205129615 13.773684447631238 48.657418811693788 1.1295553036034096 2.2062139306217432 2.4484467525035143 22.131767306476831 59.503932891413569 66.769245425239205 4.7516217082738876
leaf_count=584 24 41 102 319 25 57 76 556 1441 1553 22
internal_value=-0.000355939 0.0108966 0.013607 0.0107578 -0.00526107 -0.0282212 -0.0489619 -0.00448187 -0.000321464 -0.00829772 -0.0110721
internal_weight=253.042 76.8179 68.3814 62.4311 176.224 5.78422 4.65466 170.439 81.5384 88.901 8.43649
internal_count=4800 508 462 421 4292 158 133 4134 2025 2109 46
is_linear=0
shrinkage=0.08


Tree=36
num_leaves=16
num_cat=0
split_feature=0 1 4 4 4 4 4 4 0 4 0 4 4 0 4
split_gain=1.862 0.975402 1.04541 1.33017 0.977459 1.90932 1.4312 0.80522 1.31023 2.06216 0.928679 0.853288 2.37899 0.782033 0.736334
threshold=6.5000000000000009 1.0000000180025095e-35 46.500000000000007 7.5000000000000009 41.500000000000007 39.500000000000007 54.500000000000007 12.500000000000002 4.5000000000000009 2.5000000000000004 2.5000000000000004 34.500000000000007 33.500000000000007 7.5000000000000009 66.500000000000014
decision_type=2 2 2 2 2 2 2 2 2 2 2 2 2 2 2
left_child=7 2 3 -2 5 -3 -6 8 10 -10 -1 12 -9 -4 -13
right_child=1 4 13 -5 6 -7 -8 11 9 -11 -12 14 -14 -15 -16
leaf_value=-0.02325707932555594 -0.038848118192466988 -0.0010819563572050527 -0.046186471409075613 0.034655856232524575 0.028915786990930305 -0.077353569487787335 -0.0065194324283991576 -0.0011055336233036699 0.064187228734658763 -0.04640820010818987 -0.082466368213559973 -0.012515242971287137 0.064960362328222915 0.0099362559730706186 0.0096878975168012381
leaf_weight=4.0669728480279428 1.7059855870902598 37.785675650462508 2.1027517989277822 20.628283962607384 17.113544797524813 2.2241904605180016 12.714279701933263 54.088639453053474 2.1291602365672588 2.1877072863280773 2.9073408972471952 71.109313067048788 3.7288215644657603 6.5039038807153702 11.043954359367488
leaf_count=158 17 395 46 207 155 21 145 1245 33 64 102 1854 65 47 246
internal_value=-0.000335592 0.00808855 0.0199129 0.0290413 0.0028499 -0.00532198 0.0138113 -0.00594819 -0.0264991 0.00813955 -0.0479393 -0.00429039 0.00315525 -0.00377548 -0.00953045
internal_weight=252.041 100.779 30.9409 22.3343 69.8377 40.0099 29.8278 151.262 11.2912 4.31687 6.97431 139.971 57.8175 8.60666 82.1533
internal_count=4800 1033 317 224 716 416 300 3767 357 97 260 3410 1310 93 2100
is_linear=0
shrinkage=0.08


Tree=37
num_leaves=13
num_cat=0
split_feature=0 4 4 2 3 4 4 0 4 0 1 4
split_gain=1.61166 0.553605 0.77555 0.567027 0.432853 1.40168 3.8972 0.412263 3.66051 0.912127 0.0521128 9.39521e-06
threshold=7.5000000000000009 11.500000000000002 19.500000000000004 1.0000000180025095e-35 1.0000000180025095e-35 38.500000000000007 31.500000000000004 1.0000000180025095e-35 59.500000000000007 3.5000000000000004 1.5000000000000002 49.500000000000007
decision_type=2 2 2 2 2 2 2 2 2 2 2 2
left_child=4 10 -3 -4 7 6 -6 8 -1 -9 -2 -7
right_child=1 2 3 -5 5 11 -8 9 -10 -11 -12 -13
leaf_value=-0.028812195831643402 -0.0028573529156407447 0.039477582760722829 0.02356861785387955 0.0050814979320155055 -0.052508273650079887 -0.082694605574455515 0.1250296881511099 0.0052332098022762428 0.063680987692679172 -0.0075424335873932628 -0.015542792475740579 -0.082332472939625076
leaf_weight=17.550149129703644 3.6947628632187826 5.9071002937853327 13.604880226776002 48.364973867312074 2.5717876646667714 0.78081563673913468 1.1430106945335863 60.240594604983926 3.2447175774723283 88.032470026984811 4.7206550240516663 1.1107982750982044
leaf_count=467 24 41 102 319 67 26 22 1485 73 2109 22 43
internal_value=-0.000319681 0.0093808 0.0117803 0.00914017 -0.00455655 -0.0264258 0.00211859 -0.00383135 -0.0143801 -0.00235193 -0.00997329 -0.082482
internal_weight=250.967 76.2924 67.877 61.9699 174.674 5.60641 3.7148 169.068 20.7949 148.273 8.41542 1.89161
internal_count=4800 508 462 421 4292 158 89 4134 540 3594 46 69
is_linear=0
shrinkage=0.08


Tree=38
num_leaves=14
num_cat=0
split_feature=0 1 4 4 4 4 2 2 4 1 4 0 4
split_gain=1.42383 0.846262 1.20111 1.74573 0.92003 2.57422 1.69314 0.746677 1.91291 1.71745 1.41785 1.02166 3.87423e-05
threshold=6.5000000000000009 1.0000000180025095e-35 6.5000000000000009 21.500000000000004 67.500000000000014 73.500000000000014 1.5000000000000002 1.5000000000000002 74.500000000000014 1.5000000000000002 78.500000000000014 1.0000000180025095e-35 87.500000000000014
decision_type=2 2 2 2 2 2 2 2 2 2 2 2 2
left_child=7 2 -2 -4 6 -6 -3 10 9 -9 11 -1 -12
right_child=1 4 3 -5 5 -7 -8 8 -10 -11 12 -13 -14
leaf_value=-0.019962591221793752 -0.051688585256844867 -0.0047410572712242591 0.069771345167531612 0.013768250067146491 0.10227322955276277 -0.016990832066411391 0.036885405413115538 -0.04609441323181953 0.095834458406487924 0.00058169767666875884 -0.082298073359493268 0.00080143436944043371 -0.083154458294473085
leaf_weight=17.597520188428462 1.4969724193215395 58.004746304824948 4.158467601984742 24.848894761875272 2.0989362373948088 2.5844311453402042 7.0093322508037081 10.759038262069229 0.88678356446325679 9.4998594261705875 0.85357085615396389 109.74931142479181 0.5598244946449995
leaf_count=461 15 580 43 259 19 30 87 302 20 243 36 2689 16
internal_value=-0.000305359 0.00707755 0.0181906 0.0217968 0.00221373 0.0364595 -0.000253203 -0.00524032 -0.0191728 -0.0242069 -0.00295227 -0.00206786 -0.0826373
internal_weight=250.108 100.202 30.5043 29.0074 69.6974 4.68337 65.0141 149.906 21.1457 20.2589 128.76 127.347 1.4134
internal_count=4800 1033 317 302 716 49 667 3767 565 545 3202 3150 52
is_linear=0
shrinkage=0.08


Tree=39
num_leaves=13
num_cat=0
split_feature=0 4 4 2 4 2 0 4 2 4 4 4
split_gain=1.21975 0.456026 0.62511 0.48011 0.399901 1.28271 1.30304 0.473131 2.73705 1.96658 0.0454225 0.000329305
threshold=7.5000000000000009 11.500000000000002 19.500000000000004 1.0000000180025095e-35 8.5000000000000018 1.0000000180025095e-35 4.5000000000000009 29.500000000000004 1.0000000180025095e-35 31.500000000000004 2.5000000000000004 1.0000000180025095e-35
decision_type=2 2 2 2 2 2 2 2 2 2 2 2
left_child=4 10 -3 -4 5 11 -7 8 -6 -9 -2 -1
right_child=1 2 3 -5 7 6 -8 9 -10 -11 -12 -13
leaf_value=-0.084750175208645084 -0.0030431169082518299 0.035426793363282368 0.021349637275551333 0.0042625551760756084 0.035466697267666811 -0.038937705362019528 0.029223174494254937 -0.048023854723561799 -0.0071802463547474583 -0.0033574841715517663 -0.014863042674362297 -0.082498694851958695
leaf_weight=0.75961634796112576 3.8496516644954664 5.8169645853340617 13.46305065602064 48.210094882175326 12.722318969666956 3.696130845695734 3.4898334946483374 6.7097292654216281 39.642055436968803 105.51686955802143 4.5283542200922966 0.91845819354057312
leaf_count=18 19 41 102 319 297 146 68 157 947 2625 27 34
internal_value=-0.000288853 0.00817189 0.0103572 0.00799261 -0.00398953 -0.0205419 -0.00583566 -0.0030981 0.00318115 -0.00602797 -0.00943185 -0.0835179
internal_weight=249.323 75.8681 67.4901 61.6731 173.455 8.86404 7.18596 164.591 52.3644 112.227 8.37801 1.67807
internal_count=4800 508 462 421 4292 266 214 4026 1244 2782 46 52
is_linear=0
shrinkage=0.08


Tree=40
num_leaves=16
num_cat=0
split_feature=0 1 4 2 4 2 4 4 2 1 0 4 4 0 0
split_gain=1.05834 0.732344 0.916447 1.71786 0.803788 2.07812 0.951936 0.662956 1.31341 1.50169 0.806133 3.1742 1.85165 0.322135 0.000245682
threshold=6.5000000000000009 1.0000000180025095e-35 41.500000000000007 1.0000000180025095e-35 36.500000000000007 1.5000000000000002 72.500000000000014 12.500000000000002 1.0000000180025095e-35 1.5000000000000002 3.5000000000000004 28.500000000000004 68.500000000000014 7.5000000000000009 4.5000000000000009
decision_type=2 2 2 2 2 2 2 2 2 2 2 2 2 2 2
left_child=7 2 3 -2 5 -3 -6 8 14 -10 11 -9 -12 -4 -1
right_child=1 4 13 -5 6 -7 -8 10 9 -11 12 -13 -14 -15 -16
leaf_value=-0.082029044395785344 0.076335958105932328 -0.0141356754261202 -0.02530041377123644 0.01540359777516029 0.013485278232305388 0.053891138724167786 -0.033727358938455076 0.027936990495094235 -0.037510704472155029 0.029982642717831038 -0.013841064333088888 -0.0077747885878271354 0.044486405788782324 0.0061992369206929267 -0.083842688916546018
leaf_weight=1.1470188116654725 3.6934105008840623 29.61219161003828 2.7090469226241085 14.937700062990187 33.915474867448211 3.1829416863620272 2.9727708213031283 22.114196978509426 5.2637354321777821 3.5210922136902809 55.106670569628477 56.953012326732278 3.7183432448655358 8.9173282608389854 0.81959085352718819
leaf_count=50 47 315 58 147 329 38 34 488 182 104 1397 1445 80 65 21
internal_value=-0.000274266 0.00609175 0.0164843 0.0274828 0.00157914 -0.00753331 0.00968048 -0.00455447 -0.023688 -0.0104583 -0.00306263 0.00221339 -0.0101542 -0.00114046 -0.0827849
internal_weight=248.585 99.9409 30.2575 18.6311 69.6834 32.7951 36.8882 148.644 10.7514 8.78483 137.892 79.0672 58.825 11.6264 1.96661
internal_count=4800 1033 317 194 716 353 363 3767 357 286 3410 1933 1477 123 71
is_linear=0
shrinkage=0.08


Tree=41
num_leaves=12
num_cat=0
split_feature=0 4 0 4 4 1 4 4 2 4 4
split_gain=0.910728 0.395252 0.874206 0.578039 1.5871 0.800867 0.380817 0.56384 0.401837 0.0399117 0.000150461
threshold=7.5000000000000009 79.500000000000014 4.5000000000000009 75.500000000000014 73.500000000000014 1.5000000000000002 11.500000000000002 19.500000000000004 1.0000000180025095e-35 2.5000000000000004 88.500000000000014
decision_type=2 2 2 2 2 2 2 2 2 2 2
left_child=1 3 10 4 -1 -5 9 -8 -9 -2 -3
right_child=6 2 -4 5 -6 -7 7 8 -10 -11 -12
leaf_value=-0.0029138239212479944 -0.0030920287416198195 -0.081772226893650352 0.030033582712365208 0.071851575886393113 -0.084723999665586303 -0.016300681900150004 0.032994440054367871 0.019125754650267227 0.0034149277507362691 -0.014211457430691085 -0.083595485126642222
leaf_weight=166.25226602889597 3.83344519138336 0.62795989401638397 0.70915234833955754 1.5255103297531596 1.5316286422312249 1.1620122455060482 5.7616063952445975 13.30204853415489 48.07510856539011 4.4806580767035484 0.53771449066698551
leaf_count=4146 19 31 24 26 30 21 41 102 319 27 14
internal_value=-0.000263813 -0.00347283 -0.0400047 -0.00307105 -0.00366063 0.0337369 0.00706608 0.00906608 0.00681988 -0.00908454 -0.0826133
internal_weight=247.799 172.346 1.87483 170.471 167.784 2.68752 75.4529 67.1388 61.3772 8.3141 1.16567
internal_count=4800 4292 69 4223 4176 47 508 462 421 46 45
is_linear=0
shrinkage=0.08


Tree=42
num_leaves=14
num_cat=0
split_feature=0 2 4 1 4 4 0 1 4 4 4 4 4
split_gain=0.786788 0.647598 3.14368 1.5379 1.33335 2.20973 0.745919 0.634045 1.01046 1.44483 0.851385 2.00106 1.47108
threshold=6.5000000000000009 1.5000000000000002 76.500000000000014 1.5000000000000002 73.500000000000014 68.500000000000014 2.5000000000000004 1.0000000180025095e-35 6.5000000000000009 21.500000000000004 67.500000000000014 73.500000000000014 54.500000000000007
decision_type=2 2 2 2 2 2 2 2 2 2 2 2 2
left_child=1 4 3 -3 5 -1 -6 8 -2 -10 12 -12 -9
right_child=7 2 -4 -5 6 -7 -8 10 9 -11 11 -13 -14
leaf_value=-0.0022464053964435142 -0.048792931494433298 -0.044331146560997528 0.15293400504863783 0.00024055425019347981 -0.08400346653102396 0.059159507431093293 -0.016114654893187079 0.0032002804953149668 0.062926050723299709 0.011067773005862917 0.091638542810868209 -0.013696643509270499 -0.033425557352981396
leaf_weight=118.96129200235009 1.5107798688113714 10.307588134892288 0.67274832539260288 9.5396985579282045 1.8579903114587057 3.8726753927767268 2.3406948540359735 56.926871484145522 3.9996348097920444 24.505642794072628 2.1129135470837346 2.5439003352075815 8.0054535511881095
leaf_count=3029 15 304 15 246 50 67 56 571 43 259 19 30 96
internal_value=-0.000247323 -0.00395583 -0.0171426 -0.0229075 -0.00182573 -0.000310417 -0.0461566 0.00524637 0.0149649 0.0183441 0.00105443 0.0340966 -0.00131529
internal_weight=247.158 147.553 20.52 19.8473 127.033 122.834 4.19869 99.6052 30.0161 28.5053 69.5891 4.65681 64.9323
internal_count=4800 3767 565 550 3202 3096 106 1033 317 302 716 49 667
is_linear=0
shrinkage=0.08


Tree=43
num_leaves=12
num_cat=0
split_feature=0 3 0 4 0 1 0 4 4 4 4
split_gain=0.690051 0.392351 1.45485 0.96935 0.384757 1.78309 1.07371 0.319243 0.433917 0.385601 0.0416563
threshold=7.5000000000000009 1.0000000180025095e-35 1.5000000000000002 32.500000000000007 3.5000000000000004 1.0000000180025095e-35 4.5000000000000009 11.500000000000002 19.500000000000004 28.500000000000004 2.5000000000000004
decision_type=2 2 2 2 2 2 2 2 2 2 2
left_child=1 4 -3 -4 5 -1 -6 10 -9 -10 -2
right_child=7 2 3 -5 6 -7 -8 8 9 -11 -12
leaf_value=-0.018380246589809628 -0.0025371533900575881 0.056205740660515549 -0.0066408545288183865 -0.082960448500888836 -0.021884939616557655 0.0088089123794432723 -0.0010237977989581769 0.029116505335128131 -0.0076113693112435038 0.0089879791963618349 -0.013899029265151509
leaf_weight=20.942713698372245 3.8477243483066541 1.1354491934180249 2.0811980133876204 2.1815441148355603 20.799172800034285 58.719153345562518 65.569261509925127 5.6945151612162581 10.900779277086256 50.214170873165131 4.4578722566366196
leaf_count=584 19 25 57 76 556 1441 1553 41 72 349 27
internal_value=-0.00023747 -0.00303907 -0.0242644 -0.0456989 -0.00234896 0.00166102 -0.00604756 0.00615637 0.00799525 0.00602723 -0.00863543
internal_weight=246.544 171.428 5.39819 4.26274 166.03 79.6619 86.3684 75.1151 66.8095 61.115 8.3056
internal_count=4800 4292 158 133 4134 2025 2109 508 462 421 46
is_linear=0
shrinkage=0.08


Tree=44
num_leaves=13
num_cat=0
split_feature=0 4 0 0 4 0 4 4 4 4 1 4
split_gain=0.58638 0.396042 2.83382 3.12292 2.04635 1.52162 1.17696 0.307855 0.835686 1.04087 0.498402 0.000892466
threshold=7.5000000000000009 20.500000000000004 1.0000000180025095e-35 2.5000000000000004 23.500000000000004 5.5000000000000009 24.500000000000004 67.500000000000014 57.500000000000007 63.500000000000007 1.0000000180025095e-35 15.500000000000002
decision_type=2 2 2 2 2 2 2 2 2 2 2 2
left_child=1 2 11 -4 5 -3 -6 8 10 -10 -2 -1
right_child=7 4 3 -5 6 -7 -8 -9 9 -11 -12 -13
leaf_value=-0.081678875471414378 0.018314956329412588 0.051337575171474706 0.04001273073815393 -0.020278971830224004 -0.054645132001715953 -0.02060794203080887 -0.0025926912832289727 0.026250048367969833 -0.065263551413395585 0.0047894319609064137 0.002627758613901434 -0.084382376532318878
leaf_weight=1.4742442546412378 17.863672345876694 7.6316107213497144 7.7561197038739946 18.887482887133956 2.8417096063494673 2.4969440475106239 128.20573591440916 4.3810293842107049 2.3886266853660336 3.1444086171686649 47.237539149820805 1.6630442552268503
leaf_count=76 130 144 202 493 88 50 3205 32 24 21 301 34
internal_value=-0.000224823 -0.00281225 -0.0111958 -0.00272768 -0.00104375 0.0336012 -0.00372143 0.00567182 0.00439547 -0.0254526 0.0069323 -0.083112
internal_weight=245.972 170.957 29.7809 26.6436 141.176 10.1286 131.047 75.0153 70.6342 5.53304 65.1012 3.13729
internal_count=4800 4292 805 695 3487 194 3293 508 476 45 431 110
is_linear=0
shrinkage=0.08


Tree=45
num_leaves=11
num_cat=0
split_feature=0 4 4 1 2 4 0 4 0 4
split_gain=0.532091 0.613862 0.811195 0.894835 0.561941 2.86407 1.34826 1.24207 0.905714 2.17601e-05
threshold=6.5000000000000009 76.500000000000014 68.500000000000014 1.0000000180025095e-35 1.5000000000000002 77.500000000000014 3.5000000000000004 78.500000000000014 1.0000000180025095e-35 87.500000000000014
decision_type=2 2 2 2 2 2 2 2 2 2
left_child=4 2 3 -2 7 6 -6 8 -1 -9
right_child=1 -3 -4 -5 5 -7 -8 9 -10 -11
leaf_value=-0.017686653449701554 0.015741896770562942 -0.037967579364420342 0.042141360864190194 -0.0013459161215598403 -0.002880268516926872 0.14345435049587063 -0.045410631175580245 -0.082002836132817947 0.0021756620506740466 -0.082699879832898365
leaf_weight=17.006305612623692 28.057906502857804 2.1501769069582215 3.6700533200055352 65.166542731225491 10.932167908176785 0.69842719472944637 8.4636309780180436 0.72815243899822124 108.01701834332198 0.47270507737994194
leaf_count=461 298 27 36 672 306 14 245 36 2689 16
internal_value=-0.000216876 0.00431119 0.00524939 0.00379703 -0.00328197 -0.0157077 -0.021439 -0.00130387 -0.000526111 -0.0822772
internal_weight=245.363 99.0447 96.8945 93.2244 146.318 20.0942 19.3958 126.224 125.023 1.20086
internal_count=4800 1033 1006 970 3767 565 551 3202 3150 52
is_linear=0
shrinkage=0.08


Tree=46
num_leaves=13
num_cat=0
split_feature=0 4 2 0 4 4 4 4 4 4 1 0
split_gain=0.452706 0.55488 1.28146 1.51833 0.650398 2.05697 0.575282 0.522639 0.682496 1.0164 0.101848 0.000167945
threshold=6.5000000000000009 12.500000000000002 1.0000000180025095e-35 4.5000000000000009 34.500000000000007 33.500000000000007 41.500000000000007 76.500000000000014 67.500000000000014 57.500000000000007 1.5000000000000002 4.5000000000000009
decision_type=2 2 2 2 2 2 2 2 2 2 2 2
left_child=1 2 11 -4 5 -3 -6 8 9 -2 -10 -1
right_child=7 4 3 -5 6 -7 -8 -9 10 -11 -12 -13
leaf_value=-0.081878949032539006 0.0058047704299262551 0.00076571600297034061 -0.035427591283128425 0.033642454687231566 -0.017430046017636251 0.061632540807038332 -0.0021547934411504451 -0.035172711438331533 0.022529616581448628 -0.025641465080284368 0.04716762267260137 -0.083452751142112563
leaf_weight=1.0445031793788047 85.35335343144834 52.904114216566086 5.1314590107649565 3.3776012267917395 21.809807056561112 3.8092885613441458 57.065137528814375 2.1359634455293408 1.9800338633358467 7.1275444086641064 2.3461363762617111 0.74239880219101895
leaf_count=50 873 1245 210 76 557 65 1543 27 29 88 16 21
internal_value=-0.000206786 -0.00303985 -0.0209444 -0.00801081 -0.00168026 0.00485398 -0.00637857 0.00397036 0.00483402 0.00338119 0.0358911 -0.0825328
internal_weight=244.827 145.884 10.296 8.50906 135.588 56.7134 78.8749 98.943 96.8071 92.4809 4.32617 1.7869
internal_count=4800 3767 357 286 3410 1310 2100 1033 1006 961 45 71
is_linear=0
shrinkage=0.08


Tree=47
num_leaves=12
num_cat=0
split_feature=4 4 0 4 4 1 4 4 4 4 0
split_gain=0.414134 2.13758 2.52524 1.72934 3.75134 1.16016 0.809932 2.69392 2.43986 0.807374 0.441974
threshold=72.500000000000014 68.500000000000014 3.5000000000000004 75.500000000000014 76.500000000000014 1.5000000000000002 56.500000000000007 59.500000000000007 55.500000000000007 88.500000000000014 6.5000000000000009
decision_type=2 2 2 2 2 2 2 2 2 2 2
left_child=1 6 -3 5 -5 -2 8 -8 -1 -6 -4
right_child=3 2 10 4 9 -7 7 -9 -10 -11 -12
leaf_value=-0.00029701269453308581 -0.022009752323658233 -0.017085822147458504 0.12228022669873076 0.14483817853691111 -0.039163361407437466 -0.12227618484838113 -0.061548932321736735 0.0015858507424297678 0.07025803412817043 0.029785941009660494 0.065640119789511828
leaf_weight=203.8265136051923 1.6466489583253843 2.3264377973973742 1.5392348095774653 1.0524153243750332 3.9429384591057897 1.3392467182129622 5.9100343137979534 16.132156716659665 3.1858435552567235 1.5005578733980653 2.0640736222267151
leaf_count=3972 32 38 26 14 94 19 140 362 60 24 19
internal_value=-0.000197245 0.000464175 0.0478865 -0.016589 0.0065744 -0.0669817 -0.000763491 -0.0153421 0.000788803 -0.0201568 0.0898352
internal_weight=244.466 234.984 5.92975 9.48181 6.49591 2.9859 229.055 22.0422 207.012 5.4435 3.60331
internal_count=4800 4617 83 183 132 51 4534 502 4032 118 45
is_linear=0
shrinkage=0.08


Tree=48
num_leaves=14
num_cat=0
split_feature=4 4 4 1 0 4 1 4 4 2 0 0 2
split_gain=0.421619 1.7517 1.47865 1.10254 1.40926 1.36849 0.797604 0.622053 3.12913 1.87738 0.472379 0.00188525 1.82603e-06
threshold=46.500000000000007 47.500000000000007 45.500000000000007 1.0000000180025095e-35 1.5000000000000002 49.500000000000007 1.5000000000000002 41.500000000000007 40.500000000000007 1.0000000180025095e-35 6.5000000000000009 5.5000000000000009 1.0000000180025095e-35
decision_type=2 2 2 2 2 2 2 2 2 2 2 2 2
left_child=2 10 7 5 -5 -3 11 8 -1 -9 12 -4 -2
right_child=1 3 6 4 -6 -7 -8 9 -10 -11 -12 -13 -14
leaf_value=0.0010016900965266419 -0.083254562486163836 -0.077193203574195804 0.086567506213717851 0.032604348087286822 -0.0025651102393867632 -0.010950076781032251 0.018542104935721219 -0.029975817273495988 -0.065809344577090784 0.025825175730103629 -0.022209018987104191 0.091745713440130022 -0.083102441749128161
leaf_weight=141.93777386378497 0.78505025804042805 2.2619181349873569 0.94232796318828949 8.9283520663157088 39.784015481360257 16.970963631756604 2.3857546877115965 4.9782205875962999 4.6329397391527882 17.15989344380796 1.2914416957646606 0.8612283319234848 1.4158164784312246
leaf_count=2742 21 55 26 224 750 375 32 88 92 323 18 14 40
internal_value=-0.000192522 -0.0053625 0.00194359 -0.0025224 0.003881 -0.0187407 0.0488925 0.000777778 -0.00111013 0.0132771 -0.0606185 0.0890402 -0.0831567
internal_weight=244.336 71.4376 172.898 67.9452 48.7124 19.2329 4.18931 168.709 146.571 22.1381 3.49231 1.80356 2.20087
internal_count=4800 1483 3317 1404 974 430 72 3245 2834 411 79 40 61
is_linear=0
shrinkage=0.08


Tree=49
num_leaves=13
num_cat=0
split_feature=0 3 4 4 4 2 4 4 4 4 4 4
split_gain=0.396569 0.347087 1.28315 3.43275 0.329079 1.03731 0.509386 0.283622 0.356752 0.358694 0.0401957 6.97006e-06
threshold=7.5000000000000009 1.0000000180025095e-35 38.500000000000007 31.500000000000004 79.500000000000014 1.5000000000000002 77.500000000000014 11.500000000000002 19.500000000000004 28.500000000000004 2.5000000000000004 49.500000000000007
decision_type=2 2 2 2 2 2 2 2 2 2 2 2
left_child=1 4 3 -3 6 -6 -1 10 -9 -10 -2 -4
right_child=7 2 11 -5 5 -7 -8 8 9 -11 -12 -13
leaf_value=-0.0016879778747091229 -0.0033095895494904271 -0.05077752227051139 -0.082355404720346539 0.11440552040013943 -0.081996505741191439 0.048282932409521487 0.051369224694227195 0.0256297481967942 -0.0085534485078021735 0.0075013721938308889 -0.014493391243207017 -0.082017643070507656
leaf_weight=161.73387407977134 3.8442174494266492 2.4421155191957946 0.67381993494927861 1.2012278027832506 1.1194963539019216 0.60119724646210659 1.1664314568042744 5.6596944741904727 10.848002225160597 49.75566053763032 4.423325814306736 0.93165542185306549
leaf_count=4047 19 67 26 22 53 13 21 41 72 349 27 43
internal_value=-0.00018683 -0.00232139 -0.0225732 0.00368412 -0.00167568 -0.0364779 -0.00130807 0.00467823 0.00642141 0.00462757 -0.00929318 -0.0821594
internal_weight=244.401 169.87 5.24882 3.64334 164.621 1.72069 162.9 74.5309 66.2634 60.6037 8.26754 1.60548
internal_count=4800 4292 158 89 4134 66 4068 508 462 421 46 69
is_linear=0
shrinkage=0.08


Tree=50
num_leaves=14
num_cat=0
split_feature=4 4 4 2 4 0 1 4 4 4 2 0 2
split_gain=0.364007 1.5806 1.22161 1.0977 1.88348 0.803945 2.24819 0.633955 0.520156 2.77992 1.66863 0.471753 1.41547e-06
threshold=46.500000000000007 47.500000000000007 45.500000000000007 1.5000000000000002 61.500000000000007 7.5000000000000009 1.5000000000000002 68.500000000000014 41.500000000000007 40.500000000000007 1.5000000000000002 6.5000000000000009 1.0000000180025095e-35
decision_type=2 2 2 2 2 2 2 2 2 2 2 2 2
left_child=2 11 8 7 -5 6 -4 -3 9 -1 -10 12 -2
right_child=1 3 5 4 -6 -7 -8 -9 10 -11 -12 -13 -14
leaf_value=0.00095078288821885378 -0.08298961057841675 -0.0024828643778939084 0.074321367812334588 -0.070301702532256247 0.0014047240114465223 0.084333050448593752 -0.083214912468601229 0.018069279755063599 0.0028988591010922532 -0.063310850147589456 0.064129952904902116 -0.020926128175238316 -0.082850282564797359
leaf_weight=141.85577609669417 0.72573233023285855 45.882242096588016 1.5185172557830804 3.8955780100077373 5.8874370455741882 1.8197007775306699 0.93782035633921612 12.149023339152334 18.898462632671002 4.4432737603783599 3.3538549970835438 1.2816914822906254 1.3072651773691175
leaf_count=2742 21 957 37 129 92 9 26 226 349 92 62 18 40
internal_value=-0.000178866 -0.00499582 0.0018036 -0.00235925 -0.0271486 0.0440311 0.0141746 0.00181979 0.000732318 -0.00100092 0.0121276 -0.0589366 -0.0829
internal_weight=243.956 71.129 172.827 67.8143 9.78302 4.27604 2.45634 58.0313 168.551 146.299 22.2523 3.31469 2.033
internal_count=4800 1483 3317 1404 221 72 63 1183 3245 2834 411 79 61
is_linear=0
shrinkage=0.08


Tree=51
num_leaves=12
num_cat=0
split_feature=4 2 0 4 0 4 4 0 4 4 0
split_gain=0.41237 1.73844 1.821 1.61776 2.05596 1.53836 0.665607 2.55956 2.07084 0.567429 0.242313
threshold=72.500000000000014 1.0000000180025095e-35 5.5000000000000009 68.500000000000014 3.5000000000000004 75.500000000000014 56.500000000000007 1.5000000000000002 55.500000000000007 88.500000000000014 6.5000000000000009
decision_type=2 2 2 2 2 2 2 2 2 2 2
left_child=3 2 -2 6 -5 -3 8 -8 -1 -7 -6
right_child=1 5 -4 4 10 9 7 -9 -10 -11 -12
leaf_value=-0.00021433508611395154 -0.024282863044697039 -0.094860992512703371 0.11202415452635471 -0.01780361349631903 0.099660433024516881 -0.028699753032531371 0.046744100892581415 -0.026335837059367592 0.064222016605129578 0.033978440983463275 0.059025143110496003
leaf_weight=203.15096087753773 1.3225734476000055 2.0782758854329586 1.1931613162159918 2.3478838447481385 1.719823554158211 3.5892254756763577 3.6951766088604954 18.049854101613164 3.2429616060107938 1.2450596969574688 2.0691051185131073
leaf_count=3972 33 36 20 38 26 76 104 398 60 18 19
internal_value=-0.000174315 -0.0165783 0.0403648 0.000485853 0.0410191 -0.037302 -0.00060447 -0.0139172 0.00079812 -0.0125571 0.0774698
internal_weight=243.704 9.4283 2.51573 234.276 6.13681 6.91256 228.139 21.745 206.394 4.83429 3.78893
internal_count=4800 183 53 4617 83 130 4534 502 4032 94 45
is_linear=0
shrinkage=0.08


Tree=52
num_leaves=12
num_cat=0
split_feature=4 2 0 4 4 0 4 4 4 4 0
split_gain=0.357107 1.48543 1.43478 1.41572 1.33464 1.64026 0.567345 2.36328 1.70632 0.484302 0.138089
threshold=72.500000000000014 1.0000000180025095e-35 5.5000000000000009 75.500000000000014 68.500000000000014 3.5000000000000004 56.500000000000007 59.500000000000007 55.500000000000007 88.500000000000014 6.5000000000000009
decision_type=2 2 2 2 2 2 2 2 2 2 2
left_child=4 2 -2 -3 6 -6 8 -8 -1 -5 -7
right_child=1 3 -4 9 5 10 7 -9 -10 -11 -12
leaf_value=-0.00019721418017674538 -0.02284934415429539 -0.092275947665796179 0.096956335424438364 -0.026921516228833028 -0.016643980501059554 0.083962909848506725 -0.057554081857920887 0.0027477234937823732 0.057593133243517704 0.030860225468736662 0.054008460594281243
leaf_weight=203.12506229709834 1.2943101376295074 1.9700768031179903 1.2650287840515373 3.5230307020246983 2.3120854925364247 1.870954677462578 5.6137071661651161 16.056129770353436 3.3233706131577483 1.2605162933468816 2.0799309387803078
leaf_count=3972 33 36 20 76 38 26 140 362 60 18 19
internal_value=-0.00016966 -0.015533 0.0363681 -0.0352013 0.000440789 0.0368742 -0.000559489 -0.0128738 0.000733085 -0.0116954 0.0681935
internal_weight=243.694 9.31296 2.55934 6.75362 234.381 6.26297 228.118 21.6698 206.448 4.78355 3.95089
internal_count=4800 183 53 130 4617 83 4534 502 4032 94 45
is_linear=0
shrinkage=0.08


Tree=53
num_leaves=10
num_cat=0
split_feature=4 4 4 4 1 4 0 1 4
split_gain=0.36469 2.7941 1.52983 1.17765 1.05075 0.604001 1.13902 2.3158 0.186761
threshold=76.500000000000014 75.500000000000014 72.500000000000014 71.500000000000014 1.5000000000000002 88.500000000000014 3.5000000000000004 1.5000000000000002 79.500000000000014
decision_type=2 2 2 2 2 2 2 2 2
left_child=1 2 3 -1 -4 6 7 -2 -8
right_child=5 -3 4 -5 -6 -7 8 -9 -10
leaf_value=2.1301868427717367e-06 0.10516257660296191 0.12624014858666502 -0.016487852080110478 0.081053172297587364 -0.1160764016806113 0.021865624879125217 -0.10056135392040805 -0.084385330874045636 -0.053460299787038361
leaf_weight=233.23602169007063 0.84073748625814848 1.1221120059490193 1.5711484011262646 1.1529788114130486 1.1928309258073568 1.514244796708226 1.0385022796690466 0.80991251347586513 1.1196314711123703
leaf_count=4599 23 14 32 18 19 24 16 25 30
internal_value=-0.000163668 0.000298985 -0.000296918 0.000400827 -0.0594666 -0.0208734 -0.037865 0.0121585 -0.0761255
internal_weight=243.598 238.275 237.153 234.389 2.76398 5.32303 3.80878 1.65065 2.15813
internal_count=4800 4682 4668 4617 51 118 94 48 46
is_linear=0
shrinkage=0.08


Tree=54
num_leaves=15
num_cat=0
split_feature=4 2 1 4 4 1 2 4 4 4 4 4 4 0
split_gain=0.327844 2.00225 1.44283 2.74828 2.3384 0.96926 0.522799 2.33653 2.86358 2.3839 1.03763 1.15087 0.920564 0.0577363
threshold=11.500000000000002 1.0000000180025095e-35 1.5000000000000002 5.5000000000000009 9.5000000000000018 1.0000000180025095e-35 1.0000000180025095e-35 29.500000000000004 27.500000000000004 64.500000000000014 72.500000000000014 75.500000000000014 70.500000000000014 6.5000000000000009
decision_type=2 2 2 2 2 2 2 2 2 2 2 2 2 2
left_child=1 5 4 -4 -3 -1 7 8 -2 -9 12 -12 -8 -7
right_child=6 2 3 -5 -6 13 10 9 -10 -11 11 -13 -14 -15
leaf_value=-0.0020540673268419495 0.020463331226835475 -0.0055144199888799211 0.062730271354066919 -0.037588392289916395 -0.13366982855602605 -0.082520427239513999 -0.00083918203083427985 -0.01241781844349763 0.12426239018247927 0.042040701201517441 -0.0870158539044458 -0.012018097569268893 0.059148079475462093 -0.10810092205725942
leaf_weight=1.0137315439060359 14.904660243541002 7.4344936637207883 4.8776504714041939 2.7236760295927525 1.0385089199990032 1.0599524108693006 161.46290897391737 31.564631033688784 1.9201282560825355 6.1461232155561438 1.8074568230658759 4.753330263774842 1.6540255565196265 1.2085479069501159
leaf_count=26 259 167 72 52 37 43 3167 650 44 109 36 94 27 17
internal_value=-0.00015789 -0.010147 0.0014796 0.0267845 -0.021222 -0.067087 0.000704483 0.00751844 0.0323094 -0.00354213 -0.00148557 -0.0326795 -0.000230904 -0.0961485
internal_weight=243.57 19.3566 16.0743 7.60133 8.473 3.28223 224.213 54.5355 16.8248 37.7108 169.678 6.56079 163.117 2.2685
internal_count=4800 414 328 124 204 86 4386 1062 303 759 3324 130 3194 60
is_linear=0
shrinkage=0.08


Tree=55
num_leaves=12
num_cat=0
split_feature=0 4 2 4 4 4 4 4 1 4 4
split_gain=0.330625 0.322833 0.956126 0.497175 0.856412 0.255397 0.774329 0.780169 0.428062 1.32306 6.11511e-05
threshold=7.5000000000000009 79.500000000000014 1.5000000000000002 77.500000000000014 76.500000000000014 22.500000000000004 25.500000000000004 28.500000000000004 1.0000000180025095e-35 6.5000000000000009 85.500000000000014
decision_type=2 2 2 2 2 2 2 2 2 2 2
left_child=1 3 10 4 -1 8 -7 -8 -2 -10 -3
right_child=5 2 -4 -5 -6 6 7 -9 9 -11 -12
leaf_value=-0.0017283381352093592 0.017924646864858267 -0.081266729886427025 0.041964963291304919 0.050076518989009222 -0.084972744017662777 0.03901865575238838 -0.027139381981055154 0.0070472837636130249 0.020075584830572927 -0.034607006173782297 -0.082474640215268138
leaf_weight=165.63486467581242 3.9757297784090015 0.47762061981484183 0.62844512239098538 1.1758889108896244 0.79475120827555557 4.3933812603354445 4.6755300704389802 49.529611689969897 4.7616951167583466 6.9868919514119625 0.61185759212821722
leaf_count=4187 30 33 13 21 15 27 31 349 25 46 23
internal_value=-0.000160813 -0.00211327 -0.0366167 -0.00175961 -0.00212586 0.0042873 0.00671659 0.00409847 -0.00476574 -0.0124442 -0.0819451
internal_weight=243.646 169.323 1.71792 167.606 166.43 74.3228 58.5985 54.2051 15.7243 11.7486 1.08948
internal_count=4800 4292 69 4223 4202 508 407 380 101 71 56
is_linear=0
shrinkage=0.08


Tree=56
num_leaves=14
num_cat=0
split_feature=4 4 4 1 4 0 0 1 3 0 0 0 1
split_gain=0.316589 1.40901 1.0408 0.972489 1.21379 1.15701 0.708905 1.9132 0.494174 2.79411 0.625983 0.473189 1.01378e-06
threshold=46.500000000000007 47.500000000000007 45.500000000000007 1.0000000180025095e-35 49.500000000000007 1.5000000000000002 7.5000000000000009 1.5000000000000002 1.0000000180025095e-35 7.5000000000000009 1.0000000180025095e-35 6.5000000000000009 1.5000000000000002
decision_type=2 2 2 2 2 2 2 2 2 2 2 2 2
left_child=2 11 8 4 -3 -5 7 -4 10 -10 -1 12 -2
right_child=1 3 6 5 -6 -7 -8 -9 9 -11 -12 -13 -14
leaf_value=-0.016764549557806575 -0.082597794775147379 -0.074245731526618453 0.064539793387693598 0.029367576744589566 -0.010359008578916098 -0.0021876151119303243 0.07940075075928954 -0.082943180825160279 -0.0054900794276456812 0.13832153007035497 0.0014066271277272449 -0.019399619073849971 -0.082716485220968666
leaf_weight=13.201529890298842 1.0469780657440417 2.146640574559572 1.6158369518816464 9.1691463496535999 16.787902012467384 39.356818317435682 1.7734057903289793 0.86390389129519451 4.0696416059508911 1.0979006718844173 149.93701147660613 1.2721653152257202 0.82229717448353756
leaf_count=375 35 55 37 224 375 750 9 26 106 8 2756 18 26
internal_value=-0.000151064 -0.00466392 0.00169535 -0.00222511 -0.017602 0.00377485 0.0407794 0.013159 0.000707689 0.0250643 -6.38245e-05 -0.057036 -0.08265
internal_weight=243.161 70.6019 172.559 67.4605 18.9345 48.526 4.25315 2.47974 168.306 5.16754 163.139 3.14144 1.86928
internal_count=4800 1483 3317 1404 430 974 72 63 3245 114 3131 79 61
is_linear=0
shrinkage=0.08


Tree=57
num_leaves=15
num_cat=0
split_feature=4 2 1 4 4 1 2 4 4 4 4 4 4 0
split_gain=0.313213 1.79936 1.22487 2.22791 2.11195 0.917713 0.448411 1.92259 2.03621 2.01816 0.889658 1.06102 0.725648 0.0479504
threshold=11.500000000000002 1.0000000180025095e-35 1.5000000000000002 9.5000000000000018 5.5000000000000009 1.0000000180025095e-35 1.0000000180025095e-35 29.500000000000004 27.500000000000004 64.500000000000014 72.500000000000014 75.500000000000014 70.500000000000014 6.5000000000000009
decision_type=2 2 2 2 2 2 2 2 2 2 2 2 2 2
left_child=1 5 3 -3 -4 -1 7 8 -2 -9 12 -12 -8 -7
right_child=6 2 4 -5 -6 13 10 9 -10 -11 11 -13 -14 -15
leaf_value=-0.0025488645077541136 0.018764358570894372 -0.0056537761562999427 0.053857668380760136 -0.13628872929696725 -0.034425582156580807 -0.082322371849528939 -0.00074365698247800887 -0.011468079242225518 0.1021319921777169 0.038310633466670366 -0.084249263508301531 -0.010843457379383359 0.051105123376689716 -0.10645277209404544
leaf_weight=1.006068225018683 15.026021476835014 7.4044393086805957 5.0954248029738656 0.94179841317236412 2.629015838727355 0.97817851323634419 160.91789553780109 31.226136296987534 2.1423587258905163 6.256979019381105 1.7230901084840287 4.6912194583564997 1.7462903428822745 1.1427509095519779
leaf_count=26 259 167 72 37 52 43 3167 650 44 109 36 94 27 17
internal_value=-0.000144635 -0.00995103 0.000852655 -0.0203948 0.0238104 -0.0654747 0.000696825 0.00699637 0.0291674 -0.00315862 -0.00133939 -0.0305626 -0.000187032 -0.0953238
internal_weight=242.928 19.1977 16.0707 8.34624 7.72444 3.127 223.73 54.6515 17.1684 37.4831 169.078 6.41431 162.664 2.12093
internal_count=4800 414 328 204 124 86 4386 1062 303 759 3324 130 3194 60
is_linear=0
shrinkage=0.08


Tree=58
num_leaves=9
num_cat=0
split_feature=4 4 4 4 0 1 4 4
split_gain=0.308332 2.17764 1.16714 0.556634 1.0249 1.9984 0.50322 0.181443
threshold=76.500000000000014 75.500000000000014 73.500000000000014 88.500000000000014 3.5000000000000004 1.5000000000000002 66.500000000000014 79.500000000000014
decision_type=2 2 2 2 2 2 2 2
left_child=1 2 6 4 5 -2 -1 -6
right_child=3 -3 -4 -5 7 -7 -8 -9
leaf_value=-0.00060304938742794425 0.090933855984534878 0.10754445356948819 -0.070530655393427941 0.021697629503367719 -0.099235476816215307 -0.084328243273618056 0.01769770910017596 -0.051395392944970281
leaf_weight=225.02427854202688 0.90490549057722025 1.2050808388739813 1.5035366993397463 1.5018539782613514 0.96946884877979789 0.77125448919832706 10.045390542596577 1.0645005507394669
leaf_count=4478 23 14 32 24 16 25 158 30
internal_value=-0.00014588 0.00027603 -0.000270385 -0.019394 -0.0360279 0.0102902 0.000179009 -0.0741978
internal_weight=242.99 237.778 236.573 5.21198 3.71013 1.67616 235.07 2.03397
internal_count=4800 4682 4668 118 94 48 4636 46
is_linear=0
shrinkage=0.08


Tree=59
num_leaves=15
num_cat=0
split_feature=4 4 4 4 1 0 1 4 0 2 4 4 0 1
split_gain=0.279343 1.24832 0.98649 2.43191 1.3873 0.954504 0.834392 1.07024 0.99117 0.812275 0.762029 0.733345 0.477771 7.82465e-07
threshold=46.500000000000007 47.500000000000007 41.500000000000007 40.500000000000007 1.0000000180025095e-35 1.0000000180025095e-35 1.0000000180025095e-35 49.500000000000007 3.5000000000000004 1.0000000180025095e-35 44.500000000000007 37.500000000000007 6.5000000000000009 1.5000000000000002
decision_type=2 2 2 2 2 2 2 2 2 2 2 2 2 2
left_child=2 12 3 11 -5 10 7 -3 -8 -7 -4 -1 13 -2
right_child=1 6 5 4 -6 9 8 -9 -10 -11 -12 -13 -14 -15
leaf_value=-0.0011260066256453809 -0.082379256372482654 -0.070796387699323435 -0.08347735621269925 0.018325063405666125 -0.087107714008532997 -0.0074308821232203035 0.018884123812917163 -0.0097529744993491724 -0.0050117726915671658 0.027660386598388917 0.020805309194631621 0.01795247144805218 -0.017658111937234783 -0.082487914427214745
leaf_weight=127.3189189163968 0.9641099059954279 2.0644444692879942 1.0695092380046869 1.0665775090455998 3.1805827189236879 5.4094387907534864 17.1243279222399 16.770399796776474 31.626260566525161 19.226823315024376 0.77230316586792458 14.347443697974084 1.2641746792942283 0.75733396410942078
leaf_count=2444 35 55 27 30 62 95 447 375 527 337 24 298 18 26
internal_value=-0.000139709 -0.0043794 0.00159587 -0.000982075 -0.0606307 0.0158022 -0.0021431 -0.0164438 0.003382 0.0199553 -0.0397499 0.000806191 -0.0550025 -0.0824271
internal_weight=242.963 70.5711 172.392 145.914 4.24716 26.4781 67.5854 18.8348 48.7506 24.6363 1.84181 141.666 2.98562 1.72144
internal_count=4800 1483 3317 2834 92 483 1404 430 974 432 51 2742 79 61
is_linear=0
shrinkage=0.08


Tree=60
num_leaves=14
num_cat=0
split_feature=0 2 4 1 4 0 1 0 4 4 4 4 4
split_gain=0.292746 0.498061 2.35137 1.29607 1.00166 0.761776 0.474384 1.53841 2.12392 0.801593 2.41064 0.43368 2.45571e-05
threshold=6.5000000000000009 1.5000000000000002 78.500000000000014 1.5000000000000002 78.500000000000014 1.0000000180025095e-35 1.5000000000000002 7.5000000000000009 42.500000000000007 6.5000000000000009 9.5000000000000018 54.500000000000007 88.500000000000014
decision_type=2 2 2 2 2 2 2 2 2 2 2 2 2
left_child=1 4 3 -3 5 -1 9 8 -8 -2 -11 -9 -6
right_child=6 2 -4 -5 12 -7 7 11 -10 10 -12 -13 -14
leaf_value=-0.015907387554008796 -0.028015581298577046 -0.040718082046291543 0.1240266544519551 0.0011952129207329942 -0.081662885258767054 0.0025253546331974069 -0.067053774950682321 0.0073673858516008764 0.017147883851057193 0.13544975337599838 0.0096138615390585335 -0.0124652795278875 -0.082496846417249053
leaf_weight=16.56102626118809 3.3363797925412646 9.4651441657915747 0.75652271509170432 9.4219769220799208 0.595655407756566 107.43901125062257 4.8822893407195789 39.467809841036797 3.1569605208933353 0.99995995126664539 38.001735801808536 8.5927598625421506 0.36411365028470755
leaf_count=461 33 304 13 248 39 2689 131 165 84 12 572 36 13
internal_value=-0.000137321 -0.00242812 -0.0142699 -0.0198093 -0.0005666 6.35398e-05 0.00322782 -0.00159675 -0.0339883 0.00962059 0.0128402 0.0038215 -0.0819793
internal_weight=243.041 144.603 19.6436 18.8871 124.96 124 98.4379 56.0998 8.03925 42.3381 39.0017 48.0606 0.959769
internal_count=4800 3767 565 552 3202 3150 1033 416 215 617 584 201 52
is_linear=0
shrinkage=0.08


Tree=61
num_leaves=8
num_cat=0
split_feature=4 4 4 2 4 0 4
split_gain=0.277173 1.74665 1.03243 0.47553 1.03804 1.05042 0.416932
threshold=76.500000000000014 75.500000000000014 73.500000000000014 1.0000000180025095e-35 88.500000000000014 1.5000000000000002 66.500000000000014
decision_type=2 2 2 2 2 2 2
left_child=1 2 6 -2 5 -5 -1
right_child=3 -3 -4 4 -6 -7 -8
leaf_value=-0.00054409796658517996 0.021872140459756273 0.09375882654845176 -0.067822081054221328 0.012551698227403587 0.025024085593573085 -0.098627304475023256 0.016001295747097615
leaf_weight=224.39352938719094 1.3746347175911058 1.2719734795391548 1.4378710566088546 0.79885446652770076 1.297874389216304 1.7039730399847028 10.190105576068161
leaf_count=4478 34 14 32 15 18 51 158
internal_value=-0.000135212 0.000264239 -0.000239625 -0.0184504 -0.0330342 -0.0631411 0.000174619
internal_weight=242.469 237.293 236.022 5.17534 3.8007 2.50283 234.584
internal_count=4800 4682 4668 118 84 66 4636
is_linear=0
shrinkage=0.08


Tree=62
num_leaves=14
num_cat=0
split_feature=4 2 1 4 4 1 2 4 4 4 4 4 0
split_gain=0.266407 1.5855 1.05732 2.11527 1.74589 0.901782 0.388827 3.54446 1.25589 0.847926 1.47568 0.936097 0.0883809
threshold=11.500000000000002 1.0000000180025095e-35 1.5000000000000002 9.5000000000000018 5.5000000000000009 1.0000000180025095e-35 1.0000000180025095e-35 13.500000000000002 16.500000000000004 64.500000000000014 66.500000000000014 59.500000000000007 7.5000000000000009
decision_type=2 2 2 2 2 2 2 2 2 2 2 2 2
left_child=1 5 3 -3 -4 -1 7 -2 -9 11 -11 -8 -7
right_child=6 2 4 -5 -6 12 9 8 -10 10 -12 -13 -14
leaf_value=-0.0014120491353520205 0.15670951942439859 -0.0054272473841896615 0.048248858123966565 -0.13845568758285751 -0.032392435537637508 -0.082330263882300789 -0.00082258921759660771 -0.056032342699304669 0.006237428303663143 -0.064580643587045877 -0.0059197769863235218 0.028546691217094088 -0.11827627057289497
leaf_weight=1.0124500738456872 0.98722127452492614 7.2904465775936824 5.2438464146107426 0.85467512160539616 2.5556199718266726 1.3137271758168934 145.27632243186235 2.1594550944864741 51.708101524971426 3.5118887685239342 12.561737066134809 7.2944213449954978 0.65653030574321758
leaf_count=26 23 167 72 37 52 57 2851 38 1001 62 232 179 3
internal_value=-0.000128355 -0.00924146 0.000772999 -0.019386 0.0218254 -0.0627755 0.0006434 0.00649411 0.00374114 -0.00125966 -0.0187365 0.000581559 -0.0943082
internal_weight=242.426 18.9273 15.9446 8.14512 7.79947 2.98271 223.499 54.8548 53.8676 168.644 16.0736 152.571 1.97026
internal_count=4800 414 328 204 124 86 4386 1062 1039 3324 294 3030 60
is_linear=0
shrinkage=0.08


Tree=63
num_leaves=15
num_cat=0
split_feature=0 4 4 4 4 0 0 0 4 4 4 1 4 1
split_gain=0.25632 0.496844 2.36193 1.82428 0.964728 0.861471 0.795647 0.52377 0.417484 0.936082 0.869414 0.803886 0.440087 0.269695
threshold=6.5000000000000009 50.500000000000007 49.500000000000007 54.500000000000007 56.500000000000007 1.5000000000000002 3.5000000000000004 1.0000000180025095e-35 27.500000000000004 30.500000000000004 25.500000000000004 1.0000000180025095e-35 36.500000000000007 1.5000000000000002
decision_type=2 2 2 2 2 2 2 2 2 2 2 2 2 2
left_child=1 2 7 5 -5 -3 -4 -1 10 11 13 -10 -11 -2
right_child=8 3 6 4 -6 -7 -8 -9 9 12 -12 -13 -14 -15
leaf_value=-0.015594505537304789 0.0085640978769016204 -0.0038980607033935622 0.1326419529953487 0.039415671604550138 -0.0070907910954551168 -0.066110377113823685 0.025533030196220295 0.00089254363116240726 0.068729881735448459 -0.010122905774550229 -0.040007910820561578 0.0085323245322965809 0.0069519249602264287 -0.0076214578360913237
leaf_weight=14.162300574593244 13.113063728436831 2.0234435759484759 1.1121682487428177 3.2641518916934755 22.756677612662315 4.8126666648313403 0.73866026755422343 95.423601606860757 2.7436856850981703 11.960221841931341 3.9068355392664662 2.942314563319087 50.245354801416397 13.242241654545069
leaf_count=414 163 60 31 93 594 156 24 2395 26 134 37 48 517 108
internal_value=-0.000128205 -0.00227358 0.000275457 -0.0109188 -0.00125684 -0.0476959 0.0898951 -0.00123816 0.00302566 0.00650902 -0.00478908 0.0375797 0.00366896 0.000431654
internal_weight=242.447 144.294 111.437 32.8569 26.0208 6.83611 1.85083 109.586 98.1537 67.8916 30.2621 5.686 62.2056 26.3553
internal_count=4800 3767 2864 903 687 216 55 2809 1033 725 308 74 651 271
is_linear=0
shrinkage=0.08


Tree=64
num_leaves=14
num_cat=0
split_feature=4 4 4 1 4 0 0 1 0 3 4 4 0
split_gain=0.256358 1.13459 0.786438 0.744064 0.959648 0.840338 0.635861 1.60193 0.460533 0.411727 2.66598 0.474776 7.94117e-07
threshold=46.500000000000007 47.500000000000007 45.500000000000007 1.0000000180025095e-35 49.500000000000007 3.5000000000000004 7.5000000000000009 1.5000000000000002 6.5000000000000009 1.0000000180025095e-35 37.500000000000007 41.500000000000007 2.5000000000000004
decision_type=2 2 2 2 2 2 2 2 2 2 2 2 2
left_child=2 8 9 4 -3 -5 7 -4 12 11 -11 -1 -2
right_child=1 3 6 5 -6 -7 -8 -9 -10 10 -12 -13 -14
leaf_value=-0.0017358104857587737 -0.082173452896025345 -0.06820271269843102 0.053405858068311683 0.017194999927380022 -0.0094309155112782071 -0.0047101503303570167 0.073233677970578365 -0.082752346383464057 -0.017552418870144911 -0.0065008991254442159 0.13605017932797828 0.010924911555320369 -0.08228715531875827
leaf_weight=140.4543300839141 0.71029221639037066 1.9911271370947385 1.7422563657164567 17.388177170418203 16.618855874985456 31.536914929747581 1.7095454633235929 0.81017557717859734 1.2644020263105629 4.0529201459139577 1.0590487364679573 21.913779446855187 0.88037297409027815
leaf_count=2734 28 55 37 447 375 527 9 26 18 90 24 397 33
internal_value=-0.00012617 -0.00419219 0.00154033 -0.00210387 -0.0157191 0.00307503 0.0354763 0.0101874 -0.0535903 0.000676738 0.0230315 -2.70743e-05 -0.0822364
internal_weight=242.132 70.3901 171.742 67.5351 18.61 48.9251 4.26198 2.55243 2.85507 167.48 5.11197 162.368 1.59067
internal_count=4800 1483 3317 1404 430 974 72 63 79 3245 114 3131 61
is_linear=0
shrinkage=0.08


Tree=65
num_leaves=14
num_cat=0
split_feature=4 4 2 1 4 1 0 4 0 2 0 0 4
split_gain=0.24009 1.30781 1.15141 1.64242 0.32527 1.05208 0.921082 0.701498 2.00509 0.343374 0.169721 0.0525722 3.80199e-07
threshold=8.5000000000000018 6.5000000000000009 1.0000000180025095e-35 1.0000000180025095e-35 10.500000000000002 1.0000000180025095e-35 4.5000000000000009 11.500000000000002 5.5000000000000009 1.0000000180025095e-35 7.5000000000000009 7.5000000000000009 7.5000000000000009
decision_type=2 2 2 2 2 2 2 2 2 2 2 2 2
left_child=1 2 10 -4 5 -2 -7 8 -6 -9 -1 12 -3
right_child=4 11 3 -5 7 6 -8 9 -10 -11 -12 -13 -14
leaf_value=-0.082454452764522984 0.095233886486239663 -0.082000850690152602 -0.051851111011564158 0.024604811167193843 0.036314954340756829 0.05159728870108779 -0.089361017674273346 0.0060667699848905654 -0.16344138399134672 -0.0012143922084188754 -0.034895788526791371 -0.05678135826403187 -0.082103503192122493
leaf_weight=0.91768486425280449 0.93396669905632679 0.4977701446041457 2.2454298920929423 9.0286136362701637 0.67686132248490938 0.5985844414681194 0.58824951946735382 54.992124065756798 0.61271912232041359 168.35552673926577 1.0074517503380775 1.2188206613063812 0.43072947114706039
leaf_count=40 22 24 52 157 34 27 15 1062 11 3324 6 7 19
internal_value=-0.000122329 -0.00980627 -0.00038667 0.00937723 0.000533059 0.0317163 -0.0182681 0.000238658 -0.0585954 0.000578358 -0.0575663 -0.0677068 -0.0820485
internal_weight=242.105 15.3465 13.1992 11.274 226.758 2.1208 1.18683 224.637 1.28958 223.348 1.92514 2.14732 0.9285
internal_count=4800 305 255 209 4495 64 42 4431 45 4386 46 50 43
is_linear=0
shrinkage=0.08


Tree=66
num_leaves=8
num_cat=0
split_feature=4 4 4 4 2 0 4
split_gain=0.236309 1.42068 0.908619 0.414286 0.91878 0.993903 0.360571
threshold=76.500000000000014 75.500000000000014 73.500000000000014 88.500000000000014 1.0000000180025095e-35 1.5000000000000002 66.500000000000014
decision_type=2 2 2 2 2 2 2
left_child=1 2 6 4 -2 -6 -1
right_child=3 -3 -4 -5 5 -7 -8
leaf_value=-0.00050807648140578968 0.025821527946345766 0.082679949374309947 -0.065033889641189196 0.017585331072860057 0.011579109961367375 -0.097637054527988043 0.014828477307333051
leaf_weight=224.05543071310967 1.171978643164038 1.3305841796100129 1.3760829707607616 1.5329386936500666 0.8058306593447927 1.5766546451486645 10.260323438793419
leaf_count=4478 28 14 32 24 15 51 158
internal_value=-0.000117968 0.000248197 -0.000217166 -0.0171776 -0.0321699 -0.0606967 0.000163487
internal_weight=242.11 237.022 235.692 5.0874 3.55446 2.38249 234.316
internal_count=4800 4682 4668 118 94 66 4636
is_linear=0
shrinkage=0.08


Tree=67
num_leaves=15
num_cat=0
split_feature=0 4 4 4 4 0 1 0 1 0 2 4 4 4
split_gain=0.237314 0.470518 1.79842 1.61413 0.801063 0.80067 0.58853 0.450707 0.371757 1.34969 2.03997 0.632688 1.77814 0.355567
threshold=6.5000000000000009 50.500000000000007 49.500000000000007 54.500000000000007 56.500000000000007 1.5000000000000002 1.5000000000000002 1.0000000180025095e-35 1.5000000000000002 7.5000000000000009 1.5000000000000002 6.5000000000000009 10.500000000000002 54.500000000000007
decision_type=2 2 2 2 2 2 2 2 2 2 2 2 2 2
left_child=1 2 7 5 -5 -3 -4 -1 11 10 -10 -2 -13 -11
right_child=8 3 6 4 -6 -7 -8 -9 9 13 -12 12 -14 -15
leaf_value=-0.014514234797225131 -0.024841025622990523 -0.0044592776948195849 0.10905849716612397 0.034533219705124595 -0.0071233269462250785 -0.064865044130249683 0.020179606135758404 0.0008814337265548916 -0.048229033916683033 0.0068604092504712813 0.073099134174102492 0.11128650994416903 0.0085118660995789595 -0.011157120526848958
leaf_weight=13.948543324135242 3.3409360926598302 2.0371441170573226 1.2480656318366521 3.3955219294875887 22.745704616419971 4.5210407096892595 0.77160405367612828 95.422232732176781 6.7524344325065604 39.316508144140244 1.021017402410507 1.1089037749916304 37.913691553287208 8.5308811515569669
leaf_count=414 33 60 35 93 594 156 20 2395 188 165 27 15 569 36
internal_value=-0.000112033 -0.0021776 0.000299296 -0.0106151 -0.0017125 -0.0461014 0.0751028 -0.00108204 0.00292546 -0.00137504 -0.032293 0.00857176 0.0114324 0.003648
internal_weight=242.074 144.09 111.39 32.6994 26.1412 6.55818 2.01967 109.371 97.9844 55.6208 7.77345 42.3635 39.0226 47.8474
internal_count=4800 3767 2864 903 687 216 55 2809 1033 416 215 617 584 201
is_linear=0
shrinkage=0.08


Tree=68
num_leaves=16
num_cat=0
split_feature=4 0 0 4 0 2 4 4 0 2 4 4 2 0 4
split_gain=0.209968 0.973955 2.18619 0.770633 0.701799 0.628171 0.848799 0.410144 1.92958 2.68576 1.80544 1.10582 0.698236 0.592561 0.000172873
threshold=14.500000000000002 4.5000000000000009 5.5000000000000009 2.5000000000000004 6.5000000000000009 1.0000000180025095e-35 5.5000000000000009 23.500000000000004 3.5000000000000004 1.5000000000000002 22.500000000000004 24.500000000000004 1.0000000180025095e-35 5.5000000000000009 12.500000000000002
decision_type=2 2 2 2 2 2 2 2 2 2 2 2 2 2 2
left_child=1 5 3 -3 -4 14 -7 8 9 -2 -10 12 -9 -13 -1
right_child=7 2 4 -5 -6 6 -8 11 10 -11 -12 13 -14 -15 -16
leaf_value=-0.081578617393462699 0.019759389486733211 0.1199455679169385 -0.049368037323143613 0.031746345623018681 -0.00083770227733915854 -0.053757905623366693 0.004750100886788307 -0.087142715600553894 -0.017722107988652355 0.13500991597100384 0.058589556189225553 -0.0042609920689780662 -0.019358903554377777 0.004877944027197813 -0.083565827435421472
leaf_weight=0.84359866939485317 11.440284971147776 1.1609895490109932 2.2653512628749004 1.3968022875487802 12.058030616492033 2.7964526629075408 3.6689614141359925 1.364597825333475 15.406458526849748 1.4591320268809802 2.2774919234216204 91.602713921573013 3.3856497555971146 90.038256119005382 0.41948593966662884
leaf_count=50 211 18 58 46 113 113 144 22 275 31 37 2386 77 1208 11
internal_value=-0.000112745 -0.00711573 0.0036527 0.0717802 -0.00851314 -0.030637 -0.0205561 0.000681548 0.0092682 0.0327961 -0.00789403 -0.000727363 -0.0388311 0.00026912 -0.0822386
internal_weight=241.584 24.6097 16.8812 2.55779 14.3234 7.7285 6.46541 216.975 30.5834 12.8994 17.684 186.391 4.75025 181.641 1.26308
internal_count=4800 553 235 64 171 318 257 4247 554 242 312 3693 99 3594 61
is_linear=0
shrinkage=0.08


Tree=69
num_leaves=14
num_cat=0
split_feature=4 4 2 4 4 0 4 0 3 0 4 0 0
split_gain=0.209514 1.03336 0.695148 2.00325 0.656625 0.556893 0.507344 0.445798 0.347433 2.23223 0.392597 0.179605 7.806e-07
threshold=46.500000000000007 47.500000000000007 1.5000000000000002 61.500000000000007 45.500000000000007 7.5000000000000009 50.500000000000007 6.5000000000000009 1.0000000180025095e-35 7.5000000000000009 41.500000000000007 4.5000000000000009 2.5000000000000004
decision_type=2 2 2 2 2 2 2 2 2 2 2 2 2
left_child=4 7 6 -4 8 11 -3 12 10 -10 -1 -6 -2
right_child=1 2 3 -5 5 -7 -8 -9 9 -11 -12 -13 -14
leaf_value=-0.0016078252032174882 -0.08198940215705959 0.018013688165019647 -0.068607514744179074 0.0069380035691303859 0.028140585760503174 0.068711724960033818 -0.0019389816866209025 -0.017216135638929032 -0.0058070518247204271 0.1243650485850301 0.0098950142626419522 -0.014384923388991104 -0.082106843220711365
leaf_weight=140.01972750294954 0.65234005637466841 9.8268549628555757 3.6315320199355465 5.8899953747168183 1.4299828317016356 1.6557608470320699 47.970032043289393 1.2630615737289188 4.084014997817575 1.0624410528689621 21.969147063791752 1.1442228481173513 0.81444240640848875
leaf_count=2734 28 201 129 92 37 9 982 18 106 8 397 26 33
internal_value=-0.00011664 -0.00380284 -0.00184616 -0.0218752 0.00139015 0.0325183 0.00145345 -0.0520547 0.00060234 0.0210658 -4.77948e-05 0.00923819 -0.0820546
internal_weight=241.414 70.0483 67.3184 9.52153 171.365 4.22997 57.7969 2.72984 167.135 5.14646 161.989 2.57421 1.46678
internal_count=4800 1483 1404 221 3317 72 1183 79 3245 114 3131 63 61
is_linear=0
shrinkage=0.08


Tree=70
num_leaves=10
num_cat=0
split_feature=4 4 4 1 4 4 1 0 0
split_gain=0.192505 1.18502 0.823041 1.03029 0.604785 0.353887 0.910516 1.63072 0.0722546
threshold=76.500000000000014 75.500000000000014 72.500000000000014 1.5000000000000002 71.500000000000014 88.500000000000014 1.5000000000000002 3.5000000000000004 6.5000000000000009
decision_type=2 2 2 2 2 2 2 2 2
left_child=1 2 4 -4 -1 6 7 -2 -8
right_child=5 -3 3 -5 -6 -7 8 -9 -10
leaf_value=-4.3012366582168891e-05 0.080972590518441218 0.07422162591883727 -0.0029121010949000807 -0.10927841992049646 0.054269555026019288 0.016273988082365416 -0.083897261750124935 -0.082920044207731969 -0.052191527824904153
leaf_weight=230.98024009168148 0.95193884614854962 1.3767481930553902 1.4133227728307241 0.99180778674781311 1.319637183099984 1.5358408400788901 0.93612894928082824 0.65650549717247486 0.90446714870631695
leaf_count=4599 23 14 32 19 18 24 34 28 9
internal_value=-0.000110923 0.00021758 -0.000216518 -0.0467746 0.000265524 -0.0156687 -0.0298926 0.0140779 -0.0683171
internal_weight=241.067 236.082 234.705 2.40513 232.3 4.98488 3.44904 1.60844 1.8406
internal_count=4800 4682 4668 51 4617 118 94 51 43
is_linear=0
shrinkage=0.08


Tree=71
num_leaves=15
num_cat=0
split_feature=4 4 2 1 1 4 4 1 4 0 1 1 0 4
split_gain=0.180352 1.26406 1.00809 1.42306 0.81754 0.249991 0.9231 0.709404 0.524385 0.51403 0.450651 0.302113 0.0517025 2.37395e-07
threshold=8.5000000000000018 6.5000000000000009 1.0000000180025095e-35 1.5000000000000002 1.5000000000000002 46.500000000000007 47.500000000000007 1.5000000000000002 45.500000000000007 3.5000000000000004 1.5000000000000002 1.0000000180025095e-35 7.5000000000000009 7.5000000000000009
decision_type=2 2 2 2 2 2 2 2 2 2 2 2 2 2
left_child=1 2 4 -4 -1 8 10 -8 11 -10 -7 -2 13 -3
right_child=5 12 3 -5 -6 6 7 -9 9 -11 -12 -13 -14 -15
leaf_value=0.0076433238781354242 0.0070490858794152057 -0.081908210111320379 -0.018538500966452275 0.038357503949303484 -0.099964477481523123 -0.012610839601675425 -0.0097686693001947916 0.006677789497590271 -0.015100310823748575 0.047399020722717337 -0.079559503386627761 -0.00081295915500800918 -0.056190568582501543 -0.081992396411945487
leaf_weight=0.78649768186733005 44.060921623371542 0.46096599800512117 5.6955915009602887 5.5598526652902365 1.0619895486161113 1.1469215285032979 34.239321853965521 32.927486755885184 1.1645508706569661 3.0426718574017286 1.4659638293087482 107.84453532006592 1.1842699348926544 0.40073414798825979
leaf_count=22 884 24 131 78 24 46 846 558 30 42 33 2056 7 19
internal_value=-0.000106904 -0.00855677 0.000574222 0.00956642 -0.0541793 0.000459802 -0.00352086 -0.00170605 0.00223909 0.0300993 -0.0501725 0.00146747 -0.0670385 -0.0819474
internal_weight=241.042 15.1499 13.1039 11.2554 1.84849 225.892 69.7797 67.1668 156.113 4.20722 2.61289 151.905 2.04597 0.8617
internal_count=4800 305 255 209 46 4495 1483 1404 3012 72 79 2940 50 43
is_linear=0
shrinkage=0.08


Tree=72
num_leaves=8
num_cat=0
split_feature=4 4 4 2 4 0 4
split_gain=0.166579 0.974812 0.735094 0.383592 0.797183 0.899819 0.339536
threshold=76.500000000000014 75.500000000000014 73.500000000000014 1.0000000180025095e-35 88.500000000000014 1.5000000000000002 66.500000000000014
decision_type=2 2 2 2 2 2 2
left_child=1 2 6 -2 5 -5 -1
right_child=3 -3 -4 4 -6 -7 -8
leaf_value=-0.00052471434923874688 0.021269243307432146 0.066159761174154647 -0.060833424276505142 0.0088063092102166635 0.02093321562217107 -0.096330729742521479 0.014343203013382612
leaf_weight=222.98782146302983 1.371458084322511 1.4253489710390557 1.2727324049919833 0.82515766844153438 1.3135081650689246 1.4133108416572211 10.283627403900025
leaf_count=4478 34 14 32 15 18 51 158
internal_value=-0.000103123 0.000200752 -0.000200088 -0.0146672 -0.0285426 -0.0575745 0.000130729
internal_weight=240.893 235.97 234.544 4.92343 3.55198 2.23847 233.271
internal_count=4800 4682 4668 118 84 66 4636
is_linear=0
shrinkage=0.08


Tree=73
num_leaves=14
num_cat=0
split_feature=0 2 4 4 4 1 2 4 4 4 4 1 4
split_gain=0.167409 0.413276 1.93578 1.19666 0.853275 0.676044 0.35174 1.05404 1.28502 0.837917 1.01224 0.921731 4.1877e-05
threshold=6.5000000000000009 1.5000000000000002 78.500000000000014 15.500000000000002 78.500000000000014 1.0000000180025095e-35 1.0000000180025095e-35 63.500000000000007 29.500000000000004 57.500000000000007 27.500000000000004 1.5000000000000002 88.500000000000014
decision_type=2 2 2 2 2 2 2 2 2 2 2 2 2
left_child=1 4 3 -3 5 -1 7 8 -2 10 -8 -11 -6
right_child=6 2 -4 -5 12 -7 9 -9 -10 11 -12 -13 -14
leaf_value=-0.0093204322037221017 0.029779018689222853 -0.083648785197948702 0.10832636770029649 -0.011737961166490497 -0.081288239368360299 0.0040003172119748749 -0.010514109038642217 0.057027105997365539 -0.012240945787256255 0.0055237821584427542 0.010351502089160469 -0.044208488235627418 -0.082444912532212394
leaf_weight=33.449073357507586 7.7924057897180381 1.6246020141989053 0.8093181885778894 16.757718901149929 0.45743666030466457 89.968306854367256 22.820303792133927 2.8180109355598679 11.578912132419644 4.287424852140246 42.764555376023054 5.3755184970796108 0.35640461463481188
leaf_count=943 91 58 13 494 39 2207 228 35 133 72 432 42 13
internal_value=-9.77959e-05 -0.0018362 -0.0127622 -0.0180933 -0.00014832 0.000390074 0.00246105 0.0113125 0.00466222 -0.000149088 0.0030913 -0.0221424 -0.0817948
internal_weight=240.86 143.423 19.1916 18.3823 124.231 123.417 97.4371 22.1893 19.3713 75.2478 65.5849 9.66294 0.813841
internal_count=4800 3767 565 552 3202 3150 1033 259 224 774 660 114 52
is_linear=0
shrinkage=0.08


Tree=74
num_leaves=14
num_cat=0
split_feature=4 4 3 1 0 4 0 3 4 4 0 4 0
split_gain=0.161974 0.804805 0.692855 0.700524 0.49189 0.46754 0.47239 0.29419 2.07351 0.318228 0.179965 0.0286475 7.09929e-07
threshold=46.500000000000007 47.500000000000007 1.0000000180025095e-35 1.0000000180025095e-35 6.5000000000000009 45.500000000000007 7.5000000000000009 1.0000000180025095e-35 37.500000000000007 41.500000000000007 4.5000000000000009 61.500000000000007 2.5000000000000004
decision_type=2 2 2 2 2 2 2 2 2 2 2 2 2
left_child=5 4 3 -3 12 7 10 9 -9 -1 -7 -4 -2
right_child=1 2 11 -5 -6 6 -8 8 -10 -11 -12 -13 -14
leaf_value=-0.0014435897168370332 -0.081750121438009402 -0.014156855959264112 -0.081854178714393627 0.0043452918368816658 -0.011610442644994088 0.025589002117008635 0.062204999392764755 -0.0074682788055069225 0.11622631930236113 0.0088932932518187135 -0.016444492810055791 -0.053896181539207756 -0.081868997240789179
leaf_weight=139.61005656793714 0.57682513445615702 17.998876378405839 0.52985406946390767 48.084556633140892 1.252570293843746 1.4619769062846892 1.5756720602512357 3.9769721273332825 1.1092424150556324 22.074471477419138 1.1764916870743034 0.42087709647603333 0.72642709966748953
leaf_count=2734 28 419 27 938 18 37 9 90 24 397 26 20 33
internal_value=-9.56677e-05 -0.00334949 -0.0016696 -0.000694063 -0.0474095 0.00122862 0.027545 0.000563631 0.019508 -3.23154e-05 0.00684629 -0.0694775 -0.0818164
internal_weight=240.575 69.59 67.0342 66.0834 2.55582 170.985 4.21414 166.771 5.08621 161.685 2.63847 0.950731 1.30325
internal_count=4800 1483 1404 1357 79 3317 72 3245 114 3131 63 47 61
is_linear=0
shrinkage=0.08


Tree=75
num_leaves=9
num_cat=0
split_feature=4 4 4 1 4 2 2 4
split_gain=0.151814 0.800363 0.640799 0.986437 0.471652 0.318444 0.730101 0.114008
threshold=76.500000000000014 75.500000000000014 72.500000000000014 1.5000000000000002 71.500000000000014 1.0000000180025095e-35 1.5000000000000002 83.500000000000014
decision_type=2 2 2 2 2 2 2 2
left_child=1 2 4 -4 -1 -2 7 -7
right_child=5 -3 3 -5 -6 6 -8 -9
leaf_value=-3.5163474494856846e-05 0.01846748275926284 0.058833499120615383 0.00062249401483126774 -0.1063599509335781 0.047004256510471444 -0.083840691410250148 0.0050619389267812353 -0.036834632604448574
leaf_weight=230.4245466911234 1.3802581401541818 1.4804708287119854 1.377572814933955 0.91996857337653626 1.3723230287432659 1.0275767298880962 1.9799215998500586 0.48659735498949896
leaf_count=4599 34 14 32 19 18 40 21 23
internal_value=-9.17065e-05 0.000197447 -0.000173382 -0.0422148 0.000243327 -0.0140663 -0.026918 -0.0687348
internal_weight=240.449 235.575 234.094 2.29754 231.797 4.87435 3.4941 1.51417
internal_count=4800 4682 4668 51 4617 118 84 63
is_linear=0
shrinkage=0.08


Tree=76
num_leaves=14
num_cat=0
split_feature=4 4 4 0 1 4 0 1 2 4 1 0 4
split_gain=0.142789 2.31506 1.5892 5.77574 1.32351 1.32169 1.24379 1.14343 0.869825 0.676393 4.46429 0.503531 0.2968
threshold=56.500000000000007 59.500000000000007 61.500000000000007 2.5000000000000004 1.5000000000000002 55.500000000000007 4.5000000000000009 1.0000000180025095e-35 1.0000000180025095e-35 54.500000000000007 1.5000000000000002 1.0000000180025095e-35 57.500000000000007
decision_type=2 2 2 2 2 2 2 2 2 2 2 2 2
left_child=5 4 3 -3 8 9 -4 -7 -2 11 -11 -1 -6
right_child=1 2 6 -5 12 7 -8 -9 -10 10 -12 -13 -14
leaf_value=-0.013642038605796644 -0.011917833618021964 0.20108651945662026 -0.021062631520381837 -0.03408591440799931 0.020552675994634 -0.014671132530392039 0.012494676868151011 0.082506562475234649 -0.11574779852090546 0.075256398690078788 -0.11803433700020342 0.0016404157793576026 -0.035177523028508011
leaf_weight=14.93018176127225 0.67915000766515676 1.1254307441413431 12.448237979318948 1.6457228166982529 1.0837479028850796 1.1694971229881042 16.35797534417361 2.2968048248440027 2.1545052565634251 1.3174539376050225 1.822802422568202 181.97608676273376 1.4038012148812411
leaf_count=451 17 31 300 54 15 24 243 36 68 34 33 3454 40
internal_value=-8.73424e-05 -0.00466613 0.00355976 0.0614232 -0.0534807 0.00074283 -0.00200669 0.0497197 -0.0908626 -0.000105816 -0.0369417 0.000481642 -0.0108976
internal_weight=240.411 36.8986 31.5774 2.77115 5.3212 203.513 28.8062 3.4663 2.83366 200.047 3.14026 196.906 2.48755
internal_count=4800 768 628 85 140 4032 543 60 85 3972 67 3905 55
is_linear=0
shrinkage=0.08


Tree=77
num_leaves=15
num_cat=0
split_feature=4 0 0 0 2 4 0 2 2 4 2 0 1 4
split_gain=0.133382 0.920038 0.424949 1.7339 0.695911 0.370569 1.6181 1.97828 1.6798 0.943251 0.652019 0.408908 6.17539e-06 4.78309e-08
threshold=14.500000000000002 1.0000000180025095e-35 4.5000000000000009 5.5000000000000009 1.0000000180025095e-35 23.500000000000004 3.5000000000000004 1.5000000000000002 1.5000000000000002 24.500000000000004 1.0000000180025095e-35 5.5000000000000009 1.5000000000000002 4.5000000000000009
decision_type=2 2 2 2 2 2 2 2 2 2 2 2 2 2
left_child=1 12 4 -4 -3 6 7 -2 -8 10 -7 -11 13 -1
right_child=5 2 3 -5 -6 9 8 -9 -10 11 -12 -13 -14 -15
leaf_value=-0.081063145145615384 0.018232739651057428 -0.082220160314352864 0.062890678672073805 -0.0070695069563742035 -0.0088597168896783068 -0.083715906620575084 0.0020192146982552592 0.1125861971558572 -0.073288469044503105 -0.0036812714739514253 -0.017452524851284647 0.003931496500270467 -0.081485342179979853 -0.081112603974596492
leaf_weight=0.27666091173887508 11.599269161000848 0.9764217790216233 2.7013500900939116 14.109293049201369 5.429023758508265 1.3292086794972409 15.385860379785301 1.6209119483828551 2.1620311774313441 90.882579594384879 3.3345171064138412 89.750533623155206 0.48421191237866879 0.22849642345681787
leaf_count=22 211 46 64 171 202 22 266 31 46 2386 77 1208 30 18
internal_value=-9.67298e-05 -0.00572822 -0.00250848 0.00417259 -0.0200425 0.000534159 0.00866464 0.0298013 -0.00725925 -0.000815887 -0.0363383 0.000101258 -0.0812812 -0.0810855
internal_weight=240.27 24.2055 23.2161 16.8106 6.40545 216.065 30.7681 13.2202 17.5479 185.297 4.66373 180.633 0.989369 0.505157
internal_count=4800 553 483 235 248 4247 554 242 312 3693 99 3594 70 40
is_linear=0
shrinkage=0.08


Tree=78
num_leaves=14
num_cat=0
split_feature=4 4 1 4 4 0 4 0 0 4 1 0 0
split_gain=0.132525 0.722754 0.559695 1.56506 1.22362 0.476134 0.396757 0.423567 0.284873 1.23399 1.02384 0.145342 6.4475e-07
threshold=46.500000000000007 47.500000000000007 1.5000000000000002 49.500000000000007 49.500000000000007 6.5000000000000009 45.500000000000007 3.5000000000000004 2.5000000000000004 28.500000000000004 1.0000000180025095e-35 7.5000000000000009 2.5000000000000004
decision_type=2 2 2 2 2 2 2 2 2 2 2 2 2
left_child=6 5 4 -4 -3 12 8 -8 9 -1 -10 -9 -2
right_child=1 2 3 -5 -6 -7 7 11 10 -11 -12 -13 -14
leaf_value=0.020207975788587455 -0.081604035288195154 -0.05221991295865494 0.050787134421077768 -0.00084352656252391117 -0.0033902533131819159 -0.011146870781306198 -0.015424900980623955 0.023461924113615532 0.0098291619622873569 -0.006751710312534063 -0.0061808568477190054 0.05861056065447804 -0.081722058271364348
leaf_weight=20.686361640226096 0.53001177404075794 3.685513036325573 4.3264965116977683 28.568626397289336 30.178967207670212 1.2501150798052547 1.1695780977606762 1.4836193639785051 36.194525918923318 22.888211181387305 87.039974203333259 1.5287714451551437 0.67162141297012568
leaf_count=529 28 104 72 486 742 18 30 33 651 578 1487 9 33
internal_value=-9.81112e-05 -0.00305169 -0.00148502 0.00594714 -0.00870445 -0.0457112 0.0010974 0.0254354 0.000487235 0.00604699 -0.00147864 0.0412997 -0.08167
internal_weight=240.202 69.2114 66.7596 32.8951 33.8645 2.45175 170.991 4.18197 166.809 43.5746 123.235 3.01239 1.20163
internal_count=4800 1483 1404 558 846 79 3317 72 3245 1107 2138 42 61
is_linear=0
shrinkage=0.08


Tree=79
num_leaves=15
num_cat=0
split_feature=4 0 0 1 4 0 1 0 4 4 0 0 4 4
split_gain=0.146401 2.86447 1.92096 2.65813 1.40247 1.65816 2.13729 0.891501 0.866084 0.819816 0.623497 0.326174 0.000818188 1.78115e-05
threshold=21.500000000000004 1.0000000180025095e-35 2.5000000000000004 1.5000000000000002 23.500000000000004 5.5000000000000009 1.0000000180025095e-35 6.5000000000000009 22.500000000000004 24.500000000000004 3.5000000000000004 5.5000000000000009 15.500000000000002 12.500000000000002
decision_type=2 2 2 2 2 2 2 2 2 2 2 2 2 2
left_child=1 12 3 -3 5 6 -2 -4 -7 10 -6 -11 13 -1
right_child=4 2 7 -5 9 8 -8 -9 -10 11 -12 -13 -14 -15
leaf_value=-0.081104043956034585 0.141112925857828 -0.0039481716350262576 -0.021852797069441411 0.085044845518853787 -0.082544504519740908 -0.062528218469961774 0.029350633049567722 0.0039549611527356157 0.024762013100402817 -0.003187691466822299 -0.016149580857420014 0.0036226169861298301 -0.084123815139796512 -0.081843558761850121
leaf_weight=0.78694737842306428 1.413684394210575 4.9907983988523466 15.480775082483886 3.771175229921937 1.2367265429347742 1.4431698359549046 4.8593248277902603 19.179843193851411 1.4668593257665634 90.347392163705081 3.3767559137195349 89.689399261493236 1.6985904909670351 0.283548379316926
leaf_count=63 25 131 434 82 42 22 79 201 20 2386 57 1208 37 13
internal_value=-9.52478e-05 -0.00414255 0.000888288 0.0343546 0.00086925 0.0313836 0.0545374 -0.00757178 -0.0185278 -0.000648293 -0.0339479 0.000205018 -0.0830321 -0.0812999
internal_weight=240.025 46.1917 43.4226 8.76197 193.833 9.18304 6.27301 34.6606 2.91003 184.65 4.61348 180.037 2.76909 1.0705
internal_count=4800 961 848 213 3839 146 104 635 42 3693 99 3594 113 76
is_linear=0
shrinkage=0.08


Tree=80
num_leaves=14
num_cat=0
split_feature=4 0 0 4 4 2 1 4 0 0 4 4 4
split_gain=0.128256 2.45805 1.47203 2.20781 0.829361 1.60167 1.28145 0.714218 0.704867 0.605909 0.283937 0.000560387 1.39464e-05
threshold=20.500000000000004 1.0000000180025095e-35 2.5000000000000004 19.500000000000004 23.500000000000004 1.5000000000000002 1.5000000000000002 24.500000000000004 4.5000000000000009 3.5000000000000004 32.500000000000007 15.500000000000002 12.500000000000002
decision_type=2 2 2 2 2 2 2 2 2 2 2 2 2
left_child=1 11 3 -3 5 6 -2 9 -4 -6 -9 12 -1
right_child=4 2 8 -5 7 -7 -8 10 -10 -11 -12 -13 -14
leaf_value=-0.081018172846665362 0.051162759524826393 0.045065938643597134 -0.03143738393196692 -0.085766698742440986 -0.082343047581725518 -0.055717700110047577 -0.0058655689860689017 0.0060061300131130238 -0.0013853856800542942 -0.014939707791558107 -0.0015482690019024453 -0.083680461098879153 -0.08169873722425873
leaf_weight=0.72718270448967759 7.2114470656961167 7.4234308162704092 6.1912015154957762 0.92876629531383503 1.1443221513181914 1.5451974943280227 3.8777216393500566 41.348637519404292 25.854309108108282 3.3589705731719732 138.4973434205167 1.4147806316614149 0.26219328679144382
leaf_count=63 119 187 205 15 42 28 64 767 379 57 2827 34 13
internal_value=-0.000102881 -0.00407207 0.000604819 0.0305173 0.00075957 0.0205881 0.0312208 -0.000599378 -0.00719144 -0.0320674 0.000188573 -0.0826591 -0.0811985
internal_weight=239.786 42.8019 40.3977 8.3522 196.984 12.6344 11.0892 184.349 32.0455 4.50329 179.846 2.40416 0.989376
internal_count=4800 896 786 202 3904 211 183 3693 584 99 3594 110 76
is_linear=0
shrinkage=0.08


Tree=81
num_leaves=8
num_cat=0
split_feature=4 4 4 4 1 1 4
split_gain=0.119581 0.686362 0.594127 0.298729 0.285495 1.01702 0.919925
threshold=76.500000000000014 75.500000000000014 73.500000000000014 66.500000000000014 1.0000000180025095e-35 1.5000000000000002 87.500000000000014
decision_type=2 2 2 2 2 2 2
left_child=1 2 3 -1 -2 -6 -7
right_child=4 -3 -4 -5 5 6 -8
leaf_value=-0.00052748906045283731 -0.049714294346376087 0.053962730599117437 -0.056631550148687079 0.0134252256149411 0.06395544318037602 -0.065195866803923863 0.032102717816259847
leaf_weight=222.05400894489139 1.0400358601473261 1.5071015618741501 1.1879127640277136 10.275079304352401 1.0598638863302769 1.6600222128909083 0.99445228045806278
leaf_count=4478 31 14 32 158 33 41 13
internal_value=-0.000105741 0.00014836 -0.000198954 8.95893e-05 -0.0126668 -0.00229325 -0.0287447
internal_weight=239.778 235.024 233.517 232.329 4.75437 3.71434 2.65447
internal_count=4800 4682 4668 4636 118 87 54
is_linear=0
shrinkage=0.08


Tree=82
num_leaves=14
num_cat=0
split_feature=4 4 0 4 1 0 4 1 2 4 1 0 4
split_gain=0.119654 2.02886 1.31906 5.59728 1.2245 1.2029 1.10506 0.914273 0.84719 0.581925 3.98064 0.326074 0.253815
threshold=56.500000000000007 59.500000000000007 1.0000000180025095e-35 64.500000000000014 1.5000000000000002 4.5000000000000009 55.500000000000007 1.0000000180025095e-35 1.0000000180025095e-35 54.500000000000007 1.5000000000000002 1.0000000180025095e-35 57.500000000000007
decision_type=2 2 2 2 2 2 2 2 2 2 2 2 2
left_child=6 4 3 -3 8 -4 9 -8 -2 11 -11 -1 -6
right_child=1 2 5 -5 12 -7 7 -9 -10 10 -12 -13 -14
leaf_value=-0.01116661792525352 -0.010707332377277494 0.19442897044806454 -0.023933131822195905 -0.020140917793358776 0.018649077592166056 0.010326527184689786 -0.013284230017929794 0.073382025886368663 -0.11444338490540647 0.066886157360968326 -0.11616225436623299 0.0013312470544747613 -0.033168415885075041
leaf_weight=14.4183735367842 0.67299647629260961 1.1492625977844029 10.510704392334448 2.4090283373370767 1.0903829876333477 17.445993862114847 1.158630192279815 2.3778104688972235 2.0047099301591516 1.3708291724324217 1.7072528786957264 182.10691764578223 1.3590231696143744
leaf_count=451 17 26 277 47 15 278 24 36 68 34 33 3454 40
internal_value=-9.98758e-05 -0.00430765 0.00328518 0.0491612 -0.0509788 -0.00255386 0.000659118 0.0449879 -0.0883711 -0.000126271 -0.0346413 0.000414322 -0.0101012
internal_weight=239.782 36.6421 31.515 3.55829 5.12711 27.9567 203.14 3.53644 2.67771 199.603 3.07808 196.525 2.44941
internal_count=4800 768 628 73 140 555 4032 60 85 3972 67 3905 55
is_linear=0
shrinkage=0.08


Tree=83
num_leaves=15
num_cat=0
split_feature=4 0 0 1 4 0 0 0 4 4 0 0 4 4
split_gain=0.120079 2.42025 1.31256 1.95868 1.01634 1.33386 1.66983 0.724574 0.708505 0.622251 0.585079 0.261447 0.000518273 1.05512e-05
threshold=21.500000000000004 1.0000000180025095e-35 2.5000000000000004 1.5000000000000002 23.500000000000004 5.5000000000000009 2.5000000000000004 6.5000000000000009 22.500000000000004 24.500000000000004 3.5000000000000004 5.5000000000000009 15.500000000000002 12.500000000000002
decision_type=2 2 2 2 2 2 2 2 2 2 2 2 2 2
left_child=1 12 3 -3 5 6 -2 -4 -7 10 -6 -11 13 -1
right_child=4 2 7 -5 9 8 -8 -9 -10 11 -12 -13 -14 -15
leaf_value=-0.080928151593278042 0.013270423252109278 -0.0060440407277319334 -0.019899873070087705 0.067743712037966766 -0.082156103311570944 -0.059408647330818382 0.095049543586609872 0.0035487568951408687 0.019481539727989348 -0.0028760229048096597 -0.013875406200916577 0.0032255145374565884 -0.083529382267193267 -0.081547321894979666
leaf_weight=0.66427132114767973 4.0020639561116678 5.119223843328653 15.031691746786235 4.1842333888635039 1.0570797435939301 1.4206762425601482 2.6601200066506863 19.214799824170768 1.4955636598169804 89.991517587099224 3.3434863537549973 89.790529340039939 1.4612689800560472 0.23970282357186079
leaf_count=63 57 131 434 82 42 22 47 201 20 2386 57 1208 37 13
internal_value=-0.000106547 -0.00378501 0.000495399 0.027142 0.000765133 0.0261721 0.0459237 -0.00674347 -0.0189506 -0.000556159 -0.0302774 0.000171335 -0.082598 -0.0810923
internal_weight=239.676 45.9152 43.5499 9.30346 193.761 9.57842 6.66218 34.2465 2.91624 184.183 4.40057 179.782 2.36524 0.903974
internal_count=4800 961 848 213 3839 146 104 635 42 3693 99 3594 113 76
is_linear=0
shrinkage=0.08


Tree=84
num_leaves=9
num_cat=0
split_feature=4 0 0 0 4 4 4 4
split_gain=0.111182 0.54926 1.59278 0.700389 0.54187 0.186254 1.06652 0.259568
threshold=1.0000000180025095e-35 4.5000000000000009 1.5000000000000002 7.5000000000000009 1.5000000000000002 8.5000000000000018 6.5000000000000009 10.500000000000002
decision_type=2 2 2 2 2 2 2 2
left_child=1 2 -1 -3 -2 6 -6 -7
right_child=4 3 -4 -5 5 7 -8 -9
leaf_value=0.096061650722221462 -0.048833275043167416 0.056532009454639605 -0.082650540312047341 -0.0054501307717271311 0.0060239351238379627 0.028592312216878732 -0.063696117322454754 5.754687557578626e-05
leaf_weight=0.44952348992228408 1.4685637541115273 2.2311513517051935 1.1006956622004507 2.445788711309433 5.1941688908264032 2.0591186592355362 1.9245019196532664 222.57492204988375
leaf_count=29 20 35 43 12 116 64 50 4431
internal_value=-0.000109898 0.0104398 -0.0308286 0.0241187 -0.000391582 -8.46182e-05 -0.0128246 0.000319112
internal_weight=239.448 6.22716 1.55022 4.67694 233.221 231.753 7.11867 224.634
internal_count=4800 119 72 47 4681 4661 166 4495
is_linear=0
shrinkage=0.08


Tree=85
num_leaves=15
num_cat=0
split_feature=4 4 2 4 0 0 4 4 1 2 4 0 4 0
split_gain=0.108235 0.645801 0.5119 1.85302 0.468713 0.458371 0.37713 2.18713 1.2883 0.898353 2.11304 1.62909 0.558213 5.84804e-07
threshold=46.500000000000007 47.500000000000007 1.5000000000000002 61.500000000000007 2.5000000000000004 6.5000000000000009 41.500000000000007 40.500000000000007 1.0000000180025095e-35 1.5000000000000002 43.500000000000007 1.0000000180025095e-35 37.500000000000007 2.5000000000000004
decision_type=2 2 2 2 2 2 2 2 2 2 2 2 2 2
left_child=6 5 4 -4 -3 13 7 12 -9 11 -11 -8 -1 -2
right_child=1 2 3 -5 -6 -7 9 8 -10 10 -12 -13 -14 -15
leaf_value=-0.00066944504721230065 -0.081464546955088257 -0.010520719884308676 -0.06640604788856351 0.0083124870237463004 0.0058508132506388871 -0.010765686305827901 -0.082856514900751549 0.017043415975825711 -0.085440576732588661 -0.025627107168072018 0.093113410775975555 0.0088900337632027669 0.016003792785129443 -0.081581860864349209
leaf_weight=125.68531628232449 0.48512702994048529 15.260045303730292 3.3385453363880497 5.8402503402903676 41.9835108097177 1.2481009494513271 1.3149340469390214 1.0642497725784767 2.9921577200293541 1.6171151977032416 2.3573873993009329 21.347472250461578 14.314741432666777 0.61888416018337011
leaf_count=2444 28 406 129 92 777 18 40 30 62 28 45 370 298 33
internal_value=-0.000105149 -0.00278459 -0.00132578 -0.0188644 0.00148647 -0.0439805 0.00097443 -0.000642543 -0.0585526 0.00971927 0.0448012 0.00356665 0.00103536 -0.0815303
internal_weight=239.468 68.7745 66.4224 9.1788 57.2436 2.35211 170.693 144.056 4.05641 26.6369 3.9745 22.6624 140 1.10401
internal_count=4800 1483 1404 221 1183 79 3317 2834 92 483 73 410 2742 61
is_linear=0
shrinkage=0.08


Tree=86
num_leaves=16
num_cat=0
split_feature=0 1 4 2 2 4 4 4 0 1 2 2 4 4 2
split_gain=0.123534 0.990179 3.28423 5.68884 1.85628 1.03718 1.61052 1.32042 0.588794 1.66233 1.45464 0.831288 2.6049 1.32885 0.723738
threshold=3.5000000000000004 1.0000000180025095e-35 26.500000000000004 1.0000000180025095e-35 1.5000000000000002 14.500000000000002 16.500000000000004 10.500000000000002 4.5000000000000009 1.5000000000000002 1.5000000000000002 1.0000000180025095e-35 63.500000000000007 4.5000000000000009 1.0000000180025095e-35
decision_type=2 2 2 2 2 2 2 2 2 2 2 2 2 2 2
left_child=1 2 3 -1 -4 7 -7 -3 9 10 -2 12 -10 -13 -11
right_child=8 5 4 -5 -6 6 -8 -9 11 14 -12 13 -14 -15 -16
leaf_value=0.16672001543266443 0.013700205616803983 0.0054660227528192948 -0.044782160788223911 -0.010087394651092976 0.038911599746693164 0.082748918178474767 0.0079436029037531584 -0.083263299928453188 0.0032355530363875301 -0.083434534722885589 -0.082572990223716711 0.02928618081152147 0.072739838904961607 -0.0055149763123096161 -0.02833996873662498
leaf_weight=1.5902866930700863 10.679730102419853 2.7276640995405605 12.491496221628037 4.3516965652815998 1.9625016739591963 1.9062385372817505 54.630938837770373 1.7698658816516397 28.7032390544191 2.0704211378470054 1.1087199859321124 7.5645389705896369 3.9226558655500403 97.928265042603016 5.8028070344589651
leaf_count=41 300 122 377 133 66 38 1302 57 465 60 44 72 56 1507 160
internal_value=-0.000105805 0.0024248 -0.0128357 0.0372326 -0.0334186 0.00752441 0.0104658 -0.0294507 -0.00141186 -0.0143646 0.00464558 0.00043201 0.0115921 -0.0030195 -0.0428282
internal_weight=239.211 81.4307 20.396 5.94198 14.454 61.0347 56.5372 4.49753 157.78 19.6617 11.7885 138.119 32.6259 105.493 7.87323
internal_count=4800 2136 617 174 443 1519 1340 179 2664 564 344 2100 521 1579 220
is_linear=0
shrinkage=0.08


Tree=87
num_leaves=13
num_cat=0
split_feature=4 0 4 2 0 1 4 4 4 4 4 4
split_gain=0.136433 1.39894 0.974093 0.935834 0.928938 3.55123 1.66947 0.580478 0.868259 0.527409 0.000246459 9.35369e-06
threshold=17.500000000000004 1.0000000180025095e-35 18.500000000000004 1.0000000180025095e-35 2.5000000000000004 1.5000000000000002 15.500000000000002 20.500000000000004 19.500000000000004 23.500000000000004 15.500000000000002 12.500000000000002
decision_type=2 2 2 2 2 2 2 2 2 2 2 2
left_child=1 10 3 -2 5 -3 -6 8 -4 -9 11 -1
right_child=2 4 7 -5 6 -7 -8 9 -10 -11 -12 -13
leaf_value=-0.080890488422426035 0.10201175194712603 -0.03409621771781185 0.011377013563581635 0.010950107898321119 0.00120873761124373 0.083712928636644576 -0.052443328636120876 0.016224874123664513 -0.049606537328331222 -0.00037747635827178774 -0.083180502505232484 -0.081487250201564373
leaf_weight=0.63221784448251017 1.1609707698225968 3.2380929933860889 2.5591355748474589 1.9115007072687147 20.952302638441328 3.3130673188716173 4.5109411533921948 13.122036412358282 3.5905955750495195 183.39487382187508 0.5818136353045702 0.22897979337722063
leaf_count=63 19 99 49 39 390 66 73 211 69 3693 16 13
internal_value=-0.00011898 -0.00485686 0.000651496 0.0453589 -0.00138385 0.0254825 -0.00829599 -2.62773e-05 -0.024229 0.000731113 -0.0819085 -0.0810492
internal_weight=239.197 33.4574 205.739 3.07247 32.0144 6.55116 25.4632 202.667 6.14973 196.517 1.44301 0.861198
internal_count=4800 720 4080 58 628 165 463 4022 118 3904 92 76
is_linear=0
shrinkage=0.08


Tree=88
num_leaves=14
num_cat=0
split_feature=4 2 1 1 4 4 4 2 1 4 0 0 0
split_gain=0.136727 1.28834 0.790537 0.687929 1.95723 0.920911 0.202742 3.5998 2.10823 0.336863 0.273421 0.256377 0.0460776
threshold=11.500000000000002 1.0000000180025095e-35 1.0000000180025095e-35 1.5000000000000002 9.5000000000000018 5.5000000000000009 13.500000000000002 1.0000000180025095e-35 1.0000000180025095e-35 14.500000000000002 3.5000000000000004 4.5000000000000009 7.5000000000000009
decision_type=2 2 2 2 2 2 2 2 2 2 2 2 2
left_child=1 2 -1 4 -3 -5 7 -2 -9 11 -11 -8 -4
right_child=6 3 12 5 -6 -7 9 8 -10 10 -12 -13 -14
leaf_value=-0.0011475547211058496 0.14646576893212032 -0.0016567124953011626 -0.082081998489572788 0.03611941576363023 -0.13629721063579608 -0.02366816627844541 0.0032213661514060338 0.07180346460294143 -0.088847772758260057 0.0043255488255187595 -0.0016420203663546826 -0.050548224792188491 -0.10987192201697644
leaf_weight=0.97052377648651877 1.0064664836972945 6.9261083798482996 1.0698930742219088 5.5913517978042364 0.76756276888772834 2.3383989268913865 0.92615716625004951 0.78995855618268285 1.5458059310913084 75.900671495124698 139.35801336588338 1.4656255710870025 0.59377315640449535
leaf_count=26 23 167 57 72 37 52 29 21 43 1886 2361 23 3
internal_value=-0.000119025 -0.00677264 -0.0585272 0.00195345 -0.0150892 0.0184887 0.000430672 0.0199846 -0.0345153 0.000130402 0.000462157 -0.0297273 -0.0920004
internal_weight=239.25 18.2576 2.63419 15.6234 7.69367 7.92975 220.993 3.34223 2.33576 217.65 215.259 2.39178 1.66367
internal_count=4800 414 86 328 204 124 4386 87 64 4299 4247 52 60
is_linear=0
shrinkage=0.08


Tree=89
num_leaves=13
num_cat=0
split_feature=4 4 2 1 1 1 4 1 0 4 1 4
split_gain=0.142064 0.883374 0.78615 1.21586 0.705006 0.575438 0.24995 0.814015 1.00177 0.451946 1.93272 0.172862
threshold=8.5000000000000018 6.5000000000000009 1.0000000180025095e-35 1.0000000180025095e-35 1.5000000000000002 1.5000000000000002 10.500000000000002 1.0000000180025095e-35 3.5000000000000004 11.500000000000002 1.5000000000000002 32.500000000000007
decision_type=2 2 2 2 2 2 2 2 2 2 2 2
left_child=1 2 4 -4 -1 -3 7 -2 -9 10 -8 -11
right_child=6 5 3 -5 -6 -7 9 8 -10 11 -12 -13
leaf_value=0.0063609501693794937 0.085367309004626593 -0.0042088011737507341 -0.046993238444444335 0.01983736595674071 -0.09665944625202659 -0.096005316031724533 -0.14128834131357373 0.061093416081367174 -0.087922571566258462 0.0032666555575689062 0.065301299518718006 -0.0013486569900961476
leaf_weight=0.76632398599758633 0.89684475865215008 0.72226152988150594 2.1477085589431217 9.2287316829897446 0.95486618718132377 1.1067409832030535 0.65150266187265404 0.55672045936807968 0.59977963659912348 83.347738202661276 0.52206554170697927 137.81425406574272
leaf_count=22 22 25 52 157 24 25 31 23 19 1559 14 2827
internal_value=-0.000118188 -0.00767549 -0.000402847 0.00722071 -0.0507918 -0.0597555 0.000384533 0.0281682 -0.0161887 0.000127942 -0.0493863 0.000390683
internal_weight=239.316 14.9266 13.0976 11.3764 1.72119 1.829 224.389 2.05334 1.1565 222.336 1.17357 221.162
internal_count=4800 305 255 209 46 50 4495 64 42 4431 45 4386
is_linear=0
shrinkage=0.08


Tree=90
num_leaves=15
num_cat=0
split_feature=4 4 4 0 1 4 2 0 0 4 1 4 0 1
split_gain=0.125844 1.71096 1.24027 3.62342 1.13018 0.964102 0.810095 0.806323 0.566431 0.494151 3.57453 0.217664 0.211061 0.172616
threshold=56.500000000000007 59.500000000000007 61.500000000000007 2.5000000000000004 1.5000000000000002 55.500000000000007 1.0000000180025095e-35 4.5000000000000009 7.5000000000000009 54.500000000000007 1.5000000000000002 57.500000000000007 1.0000000180025095e-35 1.5000000000000002
decision_type=2 2 2 2 2 2 2 2 2 2 2 2 2 2
left_child=5 4 3 -3 6 9 -2 -4 13 12 -11 -6 -1 -7
right_child=1 2 7 -5 11 8 -8 -9 -10 10 -12 -13 -14 -15
leaf_value=-0.0090447577584388174 -0.010010800722268405 0.14568490436939155 -0.018498341841195053 -0.031617424927038805 0.017341611531517479 0.048829816833630434 -0.11274401341534367 0.008737972559108553 0.0038525249183143672 0.060329390213741389 -0.11426557018003684 -0.030972287577187643 0.001145876618767842 0.095248281922651931
leaf_weight=14.006802421761675 0.66756531968712751 1.3915673438459664 11.988864576676862 1.5699074435979126 1.0940209450200202 1.2062442097812884 1.8598377546295521 16.57298176176846 1.4741337001323702 1.4156506750732651 1.5971865877509117 1.3130765398964284 182.26577604142949 0.89176870696246613
leaf_count=451 17 31 300 54 15 30 68 243 10 34 33 40 3454 20
internal_value=-0.00011426 -0.00444161 0.00241517 0.0516952 -0.0482451 0.000663456 -0.085609 -0.0026945 0.041857 -7.49284e-05 -0.0322281 -0.00901372 0.000418632 0.0685602
internal_weight=239.315 36.4578 31.5233 2.96147 4.9345 202.858 2.5274 28.5618 3.57215 199.285 3.01284 2.4071 196.273 2.09801
internal_count=4800 768 628 85 140 4032 85 543 60 3972 67 55 3905 50
is_linear=0
shrinkage=0.08


Tree=91
num_leaves=13
num_cat=0
split_feature=4 4 2 1 1 1 4 0 0 4 0 4
split_gain=0.124273 0.785927 0.689978 1.03633 0.659629 0.547097 0.207736 0.788351 1.20718 0.393701 1.86914 0.159587
threshold=8.5000000000000018 6.5000000000000009 1.0000000180025095e-35 1.0000000180025095e-35 1.5000000000000002 1.5000000000000002 10.500000000000002 6.5000000000000009 2.5000000000000004 11.500000000000002 5.5000000000000009 13.500000000000002
decision_type=2 2 2 2 2 2 2 2 2 2 2 2
left_child=1 2 4 -4 -1 -3 7 8 -2 10 -8 -11
right_child=6 5 3 -5 -6 -7 9 -9 -10 11 -12 -13
leaf_value=0.0057685216026592545 0.081073987220747323 -0.0039487599394154096 -0.044147293339074245 0.017943664818456197 -0.095368268661340724 -0.094684204843814082 0.052616815238796313 0.084512928617796051 -0.082046868483606789 0.017665149150526138 -0.15068698257564533 9.4879393979540734e-05
leaf_weight=0.76689714239910134 0.48789989575743609 0.72146173845976469 2.1083573764190069 9.348716941662131 0.89368428639136255 1.0360197862610221 0.59426449658349045 0.8528109062463044 0.71713657677173615 3.3594443565234533 0.56420345231890678 217.83008992555551
leaf_count=22 19 25 52 157 24 25 34 13 32 87 11 4299
internal_value=-0.000117115 -0.00719838 -0.00046756 0.00651754 -0.0486608 -0.0574365 0.00035228 0.0256534 -0.0160019 0.000118116 -0.0463973 0.000361738
internal_weight=239.281 14.8751 13.1177 11.4571 1.66058 1.75748 224.406 2.05785 1.20504 222.348 1.15847 221.19
internal_count=4800 305 255 209 46 50 4495 64 51 4431 45 4386
is_linear=0
shrinkage=0.08


Tree=92
num_leaves=8
num_cat=0
split_feature=4 0 4 4 0 4 2
split_gain=0.113915 0.991825 0.200093 0.150618 1.20126 0.408236 0.00112751
threshold=79.500000000000014 4.5000000000000009 77.500000000000014 72.500000000000014 2.5000000000000004 68.500000000000014 1.5000000000000002
decision_type=2 2 2 2 2 2 2
left_child=2 6 3 5 -5 -1 -2
right_child=1 -3 -4 4 -6 -7 -8
leaf_value=-0.00040309098946735884 -0.081289502878431896 0.017304754179353503 0.031549820936499211 -0.085931720210068105 0.0099296754906877047 0.019495967589256903 -0.086916748952475573
leaf_weight=224.03766787005588 0.42294619930908006 1.8636586428619921 1.2857547206804145 1.1276404950767744 3.2417192505672574 6.7984260469675055 0.49410297535359859
leaf_count=4534 36 35 22 26 55 83 9
internal_value=-0.000112792 -0.0162105 7.64882e-05 -9.55613e-05 -0.0148101 0.000182962 -0.0843214
internal_weight=239.272 2.78071 236.491 235.205 4.36936 230.836 0.917049
internal_count=4800 80 4720 4698 81 4617 45
is_linear=0
shrinkage=0.08


Tree=93
num_leaves=15
num_cat=0
split_feature=4 4 0 4 1 0 4 2 4 1 0 4 4 1
split_gain=0.117566 1.4812 1.09555 3.37219 1.02637 0.804881 0.781477 0.766921 0.42958 3.17751 0.428052 0.197185 0.188171 0.119016
threshold=56.500000000000007 59.500000000000007 1.0000000180025095e-35 64.500000000000014 1.5000000000000002 4.5000000000000009 55.500000000000007 1.0000000180025095e-35 54.500000000000007 1.5000000000000002 7.5000000000000009 52.500000000000007 57.500000000000007 1.5000000000000002
decision_type=2 2 2 2 2 2 2 2 2 2 2 2 2 2
left_child=6 4 3 -3 7 -4 8 -2 11 -10 13 -1 -6 -8
right_child=1 2 5 -5 12 -7 10 -9 9 -11 -12 -13 -14 -15
leaf_value=-6.271010220709816e-05 -0.0092133312705687288 0.13952658624703357 -0.021440956206677395 -0.017053500832267331 0.0158829855931194 0.0068526282303807166 0.042929439624054475 -0.11004890224520121 0.053329836864164155 -0.11208916746908507 0.003573252218118236 0.013633160989582281 -0.02922806692912101 0.0801951275934044
leaf_weight=189.24041017773561 0.66562022082507555 1.4238119609653979 10.123083110665904 2.3059167340397835 1.1003584358841183 17.661407468374819 1.2605268526822322 1.7568586105480788 1.4715053066611281 1.5015315469354391 1.4724386520683768 6.9758152384310952 1.2804168462753294 0.97099601477384556
leaf_count=3756 17 26 277 47 15 278 30 68 34 33 10 149 40 20
internal_value=-0.00010642 -0.00429837 0.00200907 0.0427204 -0.0456815 -0.00345594 0.00064393 -0.0823425 -3.311e-05 -0.030215 0.0370534 0.000424201 -0.00837842 0.0591447
internal_weight=239.211 36.3175 31.5142 3.72973 4.80325 27.7845 202.893 2.42248 199.189 2.97304 3.70396 196.216 2.38078 2.23152
internal_count=4800 768 628 73 140 555 4032 85 3972 67 60 3905 55 50
is_linear=0
shrinkage=0.08


Tree=94
num_leaves=15
num_cat=0
split_feature=4 0 1 0 0 4 0 0 4 4 2 4 4 4
split_gain=0.10906 2.17608 0.936039 1.22432 1.17172 0.653228 0.985736 1.29143 0.614947 0.551164 0.605098 0.227497 0.000405648 6.80218e-06
threshold=21.500000000000004 1.0000000180025095e-35 1.5000000000000002 2.5000000000000004 6.5000000000000009 23.500000000000004 5.5000000000000009 2.5000000000000004 22.500000000000004 24.500000000000004 1.0000000180025095e-35 32.500000000000007 15.500000000000002 12.500000000000002
decision_type=2 2 2 2 2 2 2 2 2 2 2 2 2 2
left_child=1 12 4 -4 -3 6 7 -2 -8 10 -7 -11 13 -1
right_child=5 2 3 -5 -6 9 8 -9 -10 11 -12 -13 -14 -15
leaf_value=-0.080855597447316616 0.0081106369325446258 -0.025644631279778136 0.048162004229567512 0.0019300617956394936 0.011237749779604154 -0.075686298364720031 -0.057310229675386903 0.077252866992433222 0.016433973937220864 0.0055099770943010393 -0.0095472918220307675 -0.0012495589598759277 -0.083276520054289968 -0.081383821643258775
leaf_weight=0.58299025218002443 4.1999322250485402 13.764452454634013 4.7660697381943473 15.882958964444697 9.1955597065389139 1.2441408876329649 1.3833304326981306 2.9385019950568676 1.5177178271114826 41.464975949376822 3.0694313962012529 137.64457348617725 1.3416737411171196 0.21303928457200527
leaf_count=63 57 406 82 242 118 22 22 47 20 767 77 2827 37 13
internal_value=-0.000108325 -0.00362112 0.00024196 0.012601 -0.0108731 0.00072232 0.0205922 0.0365727 -0.0187301 -0.000365238 -0.0286234 0.000315316 -0.0824277 -0.080997
internal_weight=239.209 45.7467 43.609 20.649 22.96 193.463 10.0395 7.13843 2.90105 183.423 4.31357 179.11 2.1377 0.79603
internal_count=4800 961 848 324 524 3839 146 104 42 3693 99 3594 113 76
is_linear=0
shrinkage=0.08


Tree=95
num_leaves=13
num_cat=0
split_feature=4 4 2 1 1 1 4 1 4 4 0 2
split_gain=0.104965 0.702687 0.61077 0.871248 0.619762 0.521548 0.174227 0.709196 0.912414 0.335802 1.67748 0.150745
threshold=8.5000000000000018 6.5000000000000009 1.0000000180025095e-35 1.0000000180025095e-35 1.5000000000000002 1.5000000000000002 10.500000000000002 1.0000000180025095e-35 9.5000000000000018 11.500000000000002 5.5000000000000009 1.0000000180025095e-35
decision_type=2 2 2 2 2 2 2 2 2 2 2 2
left_child=1 2 4 -4 -1 -3 7 -2 -9 10 -8 -11
right_child=6 5 3 -5 -6 -7 9 8 -10 11 -12 -13
leaf_value=0.0056776189023625724 0.078162201974261672 -0.0033308981858913888 -0.04127450122920024 0.016307450359614003 -0.094143080474115307 -0.093479787210914531 0.046460723401865495 -0.088796048139485606 0.052517759440681475 0.0039527911429083065 -0.14673255784505779 -0.0008720423966138048
leaf_weight=0.75788004649802931 0.87262037210166399 0.71234341664239653 2.0459414888173333 9.4461450022645277 0.83848465327173471 0.97003762051463127 0.62203046865761169 0.57661884231492855 0.59328643744811416 55.237260460853577 0.53507362492382526 165.96250572032295
leaf_count=22 22 25 52 157 24 25 34 14 28 1062 11 3324
internal_value=-0.000108392 -0.00664072 -0.000384862 0.00605611 -0.0467528 -0.0553095 0.000321591 0.0235799 -0.0171325 0.000107945 -0.0428766 0.000332799
internal_weight=239.17 14.7708 13.0885 11.4921 1.59636 1.68238 224.399 2.04253 1.16991 222.357 1.1571 221.2
internal_count=4800 305 255 209 46 50 4495 64 42 4431 45 4386
is_linear=0
shrinkage=0.08


Tree=96
num_leaves=14
num_cat=0
split_feature=4 4 1 4 0 2 4 0 0 4 1 0 4
split_gain=0.0982568 1.28773 0.927018 0.90236 5.73551 0.714069 0.641363 0.578031 0.388255 0.37048 2.83444 0.204 0.162845
threshold=56.500000000000007 59.500000000000007 1.5000000000000002 61.500000000000007 1.0000000180025095e-35 1.0000000180025095e-35 55.500000000000007 3.5000000000000004 5.5000000000000009 54.500000000000007 1.5000000000000002 6.5000000000000009 57.500000000000007
decision_type=2 2 2 2 2 2 2 2 2 2 2 2 2
left_child=6 2 5 4 -3 -2 9 -5 -8 11 -11 -1 -4
right_child=1 3 12 7 -6 -7 8 -9 -10 10 -12 -13 -14
leaf_value=-0.0017466319116948628 -0.0087087816998871817 0.23744195057229323 0.014691142446125667 -0.018578248584617641 -0.017068960224313527 -0.10679201090480181 0.0056592753859782251 0.0055472793870272917 0.056786443176617775 0.047399875588259102 -0.10997636904040632 0.0035089065484411935 -0.027463499628326254
leaf_weight=116.8430366422981 0.66441376507282202 0.73942222446203532 1.1056845756247642 9.6265120713505912 2.4257055688649416 1.6666776770725844 1.7748039234429591 18.707567080389708 2.0469374191015959 1.5235089268535367 1.4105771752074361 79.383889889344573 1.2490214304998515
leaf_count=3080 17 10 15 246 75 68 38 297 22 34 33 825 40
internal_value=-0.000104109 -0.00394459 -0.0430733 0.00187617 0.0423887 -0.0788361 0.000580519 -0.00264938 0.0330432 -4.24137e-05 -0.0282596 0.000379504 -0.00766921
internal_weight=239.168 36.185 4.6858 31.4992 3.16513 2.33109 202.983 28.3341 3.82174 199.161 2.93409 196.227 2.35471
internal_count=4800 768 140 628 85 85 4032 543 60 3972 67 3905 55
is_linear=0
shrinkage=0.08


Tree=97
num_leaves=8
num_cat=0
split_feature=4 0 4 0 4 4 2
split_gain=0.0980483 0.872112 0.221047 0.575536 0.539229 0.237433 0.000801257
threshold=79.500000000000014 4.5000000000000009 75.500000000000014 3.5000000000000004 73.500000000000014 66.500000000000014 1.5000000000000002
decision_type=2 2 2 2 2 2 2
left_child=2 6 4 -4 5 -1 -2
right_child=1 -3 3 -5 -6 -7 -8
leaf_value=-0.00050753824168962933 -0.081150127968198621 0.014860689886857639 0.053286862361004127 -0.012784990258016495 -0.055142108572945374 0.011970661025773127 -0.08615640255331973
leaf_weight=221.47318635322154 0.37772768735885542 1.8769134809263051 1.6948404191061848 1.6802681339904664 1.1388048897497345 10.209130272269247 0.44643140584230423
leaf_count=4478 36 35 28 24 32 158 9
internal_value=-0.000106259 -0.0152618 6.70559e-05 0.0203936 -0.000227609 4.23162e-05 -0.0838619
internal_weight=238.897 2.70107 236.196 3.37511 232.821 231.682 0.824159
internal_count=4800 80 4720 52 4668 4636 45
is_linear=0
shrinkage=0.08


Tree=98
num_leaves=15
num_cat=0
split_feature=4 4 1 4 0 2 4 0 0 4 1 0 4 1
split_gain=0.0947747 1.10301 0.829353 0.730707 3.8479 0.661864 0.541361 0.518099 0.358718 0.321299 2.53328 0.172713 0.140511 0.0835798
threshold=56.500000000000007 59.500000000000007 1.5000000000000002 61.500000000000007 1.0000000180025095e-35 1.0000000180025095e-35 55.500000000000007 3.5000000000000004 7.5000000000000009 54.500000000000007 1.5000000000000002 6.5000000000000009 57.500000000000007 1.5000000000000002
decision_type=2 2 2 2 2 2 2 2 2 2 2 2 2 2
left_child=6 2 5 4 -3 -2 9 -5 13 11 -11 -1 -4 -8
right_child=1 3 12 7 -6 -7 8 -9 -10 10 -12 -13 -14 -15
leaf_value=-0.0015696913056234101 -0.0079926317679140622 0.17838715675997158 0.013489758742474645 -0.017890869270020052 -0.01593196037390978 -0.10315404035807811 0.036040330611651052 0.0050236937209784342 -0.0011215039328074847 0.04223889417779552 -0.10790305445430021 0.0032675372995453469 -0.025828408899139919 0.066168585551327028
leaf_weight=116.60420734738 0.66273294202983324 0.8974468782544166 1.1109302211552861 9.5231566855218279 2.3864667117595673 1.5900140125304458 1.3301416058093301 18.745072326622903 1.4439787082374098 1.5722061451524487 1.3256362741813064 79.413423773832619 1.2210950404405592 1.0580428019165993
leaf_count=3080 17 10 15 246 75 68 30 297 10 34 33 825 40 20
internal_value=-9.98473e-05 -0.00387422 -0.0405399 0.00145359 0.0371727 -0.0751586 0.000572881 -0.00269589 0.0303558 -8.9606e-07 -0.0264445 0.000390035 -0.00709802 0.0493881
internal_weight=238.885 36.1369 4.58477 31.5521 3.28391 2.25275 202.748 28.2682 3.83216 198.915 2.89784 196.018 2.33203 2.38818
internal_count=4800 768 140 628 85 85 4032 543 60 3972 67 3905 55 50
is_linear=0
shrinkage=0.08


Tree=99
num_leaves=13
num_cat=0
split_feature=4 4 0 0 1 1 4 0 0 4 1 4
split_gain=0.0950078 0.627593 0.556854 1.92636 0.517828 0.495323 0.145057 0.643593 1.0618 0.286562 1.60743 0.144484
threshold=8.5000000000000018 6.5000000000000009 4.5000000000000009 1.5000000000000002 1.5000000000000002 1.5000000000000002 10.500000000000002 6.5000000000000009 2.5000000000000004 11.500000000000002 1.5000000000000002 13.500000000000002
decision_type=2 2 2 2 2 2 2 2 2 2 2 2
left_child=1 2 3 -1 -4 -3 7 8 -2 10 -8 -11
right_child=6 5 4 -5 -6 -7 9 -9 -10 11 -12 -13
leaf_value=0.046740427203324518 0.069635069735713623 -0.0032754582259347386 -0.0099390201557320486 -0.082650670994749778 0.026416430070652849 -0.092450836697990091 -0.12868404060491204 0.075205873674060453 -0.081940019526765454 0.016771211324360359 0.060158498812191041 6.6630049873157989e-05
leaf_weight=1.2351804315112525 0.52349909488111668 0.71034526964649447 4.9193431651219708 1.8235605596564708 5.1141089061275125 0.90845158789306879 0.61143068503588327 0.8411642052233218 0.67995138373225927 3.3651114683598271 0.54616197012364864 217.44442198285833
leaf_count=67 19 25 65 78 45 25 31 13 32 87 14 4299
internal_value=-0.000100523 -0.00632836 -0.000518064 -0.0304 0.00859156 -0.0533197 0.000308463 0.0215195 -0.0160051 0.000113081 -0.0395865 0.000321206
internal_weight=238.723 14.711 13.0922 3.05874 10.0335 1.6188 224.012 2.04461 1.20345 221.967 1.15759 220.81
internal_count=4800 305 255 145 110 50 4495 64 51 4431 45 4386
is_linear=0
shrinkage=0.08


Tree=100
num_leaves=9
num_cat=0
split_feature=4 4 0 2 2 4 1 4
split_gain=0.0901283 0.633489 0.505774 1.64704 0.943202 0.495057 1.00415 0.374551
threshold=76.500000000000014 75.500000000000014 5.5000000000000009 1.5000000000000002 1.0000000180025095e-35 72.500000000000014 1.5000000000000002 71.500000000000014
decision_type=2 2 2 2 2 2 2 2
left_child=1 5 3 4 -2 7 -7 -1
right_child=2 -3 -4 -5 -6 6 -8 -9
leaf_value=-0.00011047109607435754 0.043216012106222917 0.051881158422864823 -0.039314288502544051 0.1067894674026892 -0.083103712240496619 0.0053022442355047314 -0.10664340324246008 0.041562927584146453
leaf_weight=229.0481323050335 0.62388078076764875 1.5034356154501427 2.1601475174538791 0.811034521088004 0.96107762074097991 1.314216706901788 0.84098140010610212 1.3886676561087359
leaf_count=4599 22 14 34 13 49 32 19 18
internal_value=-9.85753e-05 0.000118315 -0.0112425 0.0140662 -0.033381 -0.000216271 -0.0383801 0.000140663
internal_weight=238.652 234.095 4.55614 2.39599 1.58496 232.592 2.1552 230.437
internal_count=4800 4682 118 84 71 4668 51 4617
is_linear=0
shrinkage=0.08


Tree=101
num_leaves=15
num_cat=0
split_feature=4 4 2 0 0 2 0 4 4 0 1 0 1 4
split_gain=0.0883536 0.594286 0.627418 0.70811 0.584357 1.89958 0.977517 0.231294 1.86493 1.22783 1.20358 1.19797 0.617914 0.522803
threshold=50.500000000000007 52.500000000000007 1.0000000180025095e-35 4.5000000000000009 4.5000000000000009 1.0000000180025095e-35 1.0000000180025095e-35 41.500000000000007 40.500000000000007 1.0000000180025095e-35 1.0000000180025095e-35 2.5000000000000004 1.5000000000000002 37.500000000000007
decision_type=2 2 2 2 2 2 2 2 2 2 2 2 2 2
left_child=7 2 -2 -4 6 -6 -3 8 13 12 -10 -11 -9 -1
right_child=1 4 3 -5 5 -7 -8 9 10 11 -12 -13 -14 -15
leaf_value=-0.0008736965294466215 -0.077692756224328502 0.018971698570969326 0.033884359848680087 -0.036275149328320613 0.04171595105229553 -0.0048781176547918574 -0.020878020159318434 -0.0001246597070332168 0.017486237813293483 0.037322903053801537 -0.082536371476107567 0.0022616136817354329 -0.082858657177068806 0.015232211931817287
leaf_weight=125.61689412547275 1.253133201971649 5.3212318466976312 1.3739683777093885 2.7906673206016421 7.5311861196532872 21.836638584733009 15.173222665325737 0.97160018887370747 1.0570939648896449 7.9327484406530848 2.8343758471310139 29.17551825940609 1.4252708964049816 14.374793576076625
leaf_count=2444 29 118 50 43 113 356 457 36 30 203 62 516 45 298
internal_value=-9.48018e-05 -0.00289834 -0.0280623 -0.0131286 -0.000164155 0.00707063 -0.0105313 0.000750289 -0.000738416 0.00617236 -0.0553658 0.00975677 -0.0493214 0.00078011
internal_weight=238.668 55.28 5.41777 4.16464 49.8623 29.3678 20.4945 183.388 143.883 39.5051 3.89147 37.1083 2.39687 139.992
internal_count=4800 1166 122 93 1044 469 575 3634 2834 800 92 719 81 2742
is_linear=0
shrinkage=0.08


Tree=102
num_leaves=14
num_cat=0
split_feature=4 4 1 4 0 2 4 0 0 4 1 4 4
split_gain=0.0851021 0.946328 0.75586 0.599762 2.62605 0.57822 0.45304 0.440273 0.348915 0.275908 2.30262 0.166706 0.119196
threshold=56.500000000000007 59.500000000000007 1.5000000000000002 61.500000000000007 1.0000000180025095e-35 1.0000000180025095e-35 55.500000000000007 2.5000000000000004 5.5000000000000009 54.500000000000007 1.5000000000000002 52.500000000000007 57.500000000000007
decision_type=2 2 2 2 2 2 2 2 2 2 2 2 2
left_child=6 2 5 4 -3 -2 9 -5 -8 11 -11 -1 -4
right_child=1 3 12 7 -6 -7 8 -9 -10 10 -12 -13 -14
leaf_value=-7.8230088942570609e-05 -0.009176331294619245 0.13834643251818948 0.012622888641351771 -0.019504397502769111 -0.014214768466519539 -0.099033983543031834 0.002140523154535261 0.0033190707354452792 0.049966862790607386 0.038513831318727577 -0.10639859584400735 0.012526255152970569 -0.023794760775899697
leaf_weight=188.94569577393122 0.65643375366926138 1.0464384928345709 1.1157373860478403 7.3093503501731929 2.3297205101698637 1.5185402738861737 1.8428194448351853 20.808826751541346 2.076110826805234 1.6090811360627404 1.2445411784574389 6.96304010413587 1.1872808979824183
leaf_count=3756 17 10 15 188 75 68 38 355 22 34 33 149 40
internal_value=-9.53119e-05 -0.00368122 -0.0380925 0.00121152 0.0330715 -0.0719138 0.000541122 -0.00261391 0.0274772 1.00322e-05 -0.0246864 0.000369762 -0.0061516
internal_weight=238.654 35.9723 4.47799 31.4943 3.37616 2.17497 202.681 28.1182 3.91893 198.762 2.85362 195.909 2.30302
internal_count=4800 768 140 628 85 85 4032 543 60 3972 67 3905 55
is_linear=0
shrinkage=0.08


Tree=103
num_leaves=8
num_cat=0
split_feature=4 0 4 0 4 4 0
split_gain=0.0833577 0.827148 0.181277 0.545215 0.446872 0.214896 3.25191e-05
threshold=79.500000000000014 4.5000000000000009 75.500000000000014 3.5000000000000004 73.500000000000014 66.500000000000014 2.5000000000000004
decision_type=2 2 2 2 2 2 2
left_child=2 6 4 -4 5 -1 -2
right_child=1 -3 3 -5 -6 -7 -8
leaf_value=-0.00048697739149524267 -0.083433618902552451 0.014321257455867646 0.049987997512696766 -0.013993604953305275 -0.051541309529905065 0.011395028683619621 -0.084473716397296658
leaf_weight=221.22109441994689 0.3665309692732982 1.8899716567248106 1.7252356726676219 1.6847996050491927 1.0800984632223833 10.190308034420012 0.4049179651774466
leaf_count=4478 26 35 28 24 32 158 19
internal_value=-9.36231e-05 -0.0141726 6.52143e-05 0.0183765 -0.000203364 3.62522e-05 -0.0839795
internal_weight=238.563 2.66142 235.902 3.41004 232.492 231.411 0.771449
internal_count=4800 80 4720 52 4668 4636 45
is_linear=0
shrinkage=0.08


Tree=104
num_leaves=9
num_cat=0
split_feature=4 4 0 2 2 4 2 4
split_gain=0.0830999 0.518088 0.477902 1.38843 0.860029 0.408477 0.483804 0.303615
threshold=76.500000000000014 75.500000000000014 5.5000000000000009 1.5000000000000002 1.0000000180025095e-35 72.500000000000014 1.0000000180025095e-35 71.500000000000014
decision_type=2 2 2 2 2 2 2 2
left_child=1 5 3 4 -2 7 -7 -1
right_child=2 -3 -4 -5 -6 6 -8 -9
leaf_value=-9.6536875080541421e-05 0.03844298989660045 0.046228425978005652 -0.038190617092729549 0.095627289410093699 -0.083009669031166314 0.013695200593688291 -0.065476967381788931 0.036996525579514432
leaf_weight=228.95555539196357 0.64561243774369292 1.5492917709052552 2.1473907991312444 0.8530046697705983 0.8841736864997074 0.79742988571524565 1.2980825998820362 1.4210359007120121
leaf_count=4599 22 14 34 13 49 15 36 18
internal_value=-8.8018e-05 0.000119726 -0.0108197 0.0138471 -0.0317533 -0.000187561 -0.0353487 0.000132265
internal_weight=238.552 234.021 4.53018 2.38279 1.52979 232.472 2.09551 230.377
internal_count=4800 4682 118 84 71 4668 51 4617
is_linear=0
shrinkage=0.08


Tree=105
num_leaves=13
num_cat=0
split_feature=0 3 0 4 4 4 0 4 4 4 2 4
split_gain=0.0873915 0.301572 1.33627 0.973227 0.328616 1.24236 0.963443 0.205819 1.14139 1.10273 0.465554 0.355582
threshold=7.5000000000000009 1.0000000180025095e-35 1.5000000000000002 32.500000000000007 1.0000000180025095e-35 5.5000000000000009 4.5000000000000009 39.500000000000007 36.500000000000007 43.500000000000007 1.5000000000000002 46.500000000000007
decision_type=2 2 2 2 2 2 2 2 2 2 2 2
left_child=1 4 -3 -4 6 -6 -1 8 10 -9 -2 -11
right_child=7 2 3 -5 5 -7 -8 9 -10 11 -12 -13
leaf_value=-0.027490792168812481 -0.0024564311463341937 0.056345094309799733 -0.0031909969117571864 -0.083093672406192615 -0.054685804455050821 -0.00010214804035551767 0.056391261864238061 -0.032966627962144689 0.04210530291078305 0.025053630840397006 0.026415586919367341 0.0004531393337524671
leaf_weight=1.4503905058372759 30.102636775001884 1.1271752128377546 1.9810680327937009 1.9222176168113945 2.7155094023328266 154.87464448274113 2.2140890322625637 6.1515965275466433 4.9420320037752381 4.5140945855528143 4.0559385735541573 22.521617279853672
leaf_count=70 211 25 57 76 93 3938 33 42 33 27 30 165
internal_value=-8.42039e-05 -0.00109374 -0.0203828 -0.04254 -0.000491999 -0.0010427 0.023191 0.00223804 0.00617077 -0.00239542 0.000971789 0.00456063
internal_weight=238.573 166.285 5.03046 3.90329 161.255 157.59 3.66448 72.2879 39.1006 33.1873 34.1586 27.0357
internal_count=4800 4292 158 133 4134 4031 103 508 274 234 241 192
is_linear=0
shrinkage=0.08


Tree=106
num_leaves=15
num_cat=0
split_feature=4 4 1 4 4 1 0 4 4 1 2 0 4 4
split_gain=0.0805368 0.578646 0.521358 1.30065 1.08731 0.484764 0.866057 0.330578 1.57157 1.08384 0.770624 1.2647 0.963931 0.421468
threshold=46.500000000000007 47.500000000000007 1.5000000000000002 49.500000000000007 49.500000000000007 1.5000000000000002 5.5000000000000009 41.500000000000007 40.500000000000007 1.0000000180025095e-35 1.0000000180025095e-35 6.5000000000000009 42.500000000000007 37.500000000000007
decision_type=2 2 2 2 2 2 2 2 2 2 2 2 2 2
left_child=7 5 4 -4 -3 6 -2 8 13 -10 11 -9 -12 -1
right_child=1 2 3 -5 -6 -7 -8 10 9 -11 12 -13 -14 -15
leaf_value=-0.00079010387945680014 -0.081407141803660668 -0.049983409969297767 0.046838783248340315 -0.00013245506830015337 -0.0030773090145279841 -0.074151035299176216 0.070639417855548267 0.016477217525713093 0.016417375163777153 -0.078704155271155429 0.049091848423159057 -0.059237077585682488 0.0071988214422114352 0.013620653061172903
leaf_weight=125.37296438775957 0.44382702372968119 3.5348734809085718 4.3641574103385201 27.848298274213448 30.049460953101516 1.296507709659636 0.52144655212759972 3.195172872394326 1.0712143983691924 2.6962315700948238 4.4691385086625841 2.5298364795744419 16.467146646231413 14.490048535168169
leaf_count=2444 27 104 72 486 742 33 19 80 30 62 82 25 296 298
internal_value=-8.15976e-05 -0.00240773 -0.00104007 0.00623123 -0.00801435 -0.0421939 0.000729318 0.000848062 -0.000670553 -0.0516578 0.00902918 -0.0169803 0.0161415 0.000702875
internal_weight=238.35 68.0586 65.7968 32.2125 33.5843 2.26178 0.965274 170.292 143.63 3.76745 26.6613 5.72501 20.9363 139.863
internal_count=4800 1483 1404 558 846 79 46 3317 2834 92 483 105 378 2742
is_linear=0
shrinkage=0.08


Tree=107
num_leaves=12
num_cat=0
split_feature=0 3 0 4 4 4 0 4 2 1 1
split_gain=0.085022 0.265822 1.14004 0.937756 0.27501 1.10617 0.781173 0.203152 0.283038 0.599057 0.531725
threshold=7.5000000000000009 1.0000000180025095e-35 1.5000000000000002 32.500000000000007 1.0000000180025095e-35 5.5000000000000009 4.5000000000000009 67.500000000000014 1.5000000000000002 1.0000000180025095e-35 1.5000000000000002
decision_type=2 2 2 2 2 2 2 2 2 2 2
left_child=1 4 -3 -4 6 -6 -1 8 9 -2 -10
right_child=7 2 3 -5 5 -7 -8 -9 10 -11 -12
leaf_value=-0.025936653286294489 0.012758084049107683 0.049090157809031636 -0.0028834753557274661 -0.08286605664275061 -0.052952612686010259 -0.00015947866761701693 0.049546703252812352 0.020384612939169901 -0.0059822526743500918 -0.0053232219685005657 0.03615907100418126
leaf_weight=1.4124420229345553 15.865992072969673 1.1848027892410744 1.9739276105538013 1.7879255514126269 2.5824173274449995 154.96632053120993 2.3166042156517506 3.7329608434811226 3.7243056450970462 44.953822950832546 3.9471361488103867
leaf_count=70 126 25 57 76 93 3938 33 32 41 292 17
internal_value=-8.11116e-05 -0.00107687 -0.019344 -0.0408974 -0.000516584 -0.00102482 0.0209561 0.00221062 0.00122009 -0.000606373 0.0157004
internal_weight=238.449 166.224 4.94666 3.76185 161.278 157.549 3.72905 72.2242 68.4913 60.8198 7.67144
internal_count=4800 4292 158 133 4134 4031 103 508 476 418 58
is_linear=0
shrinkage=0.08


Tree=108
num_leaves=15
num_cat=0
split_feature=0 4 4 2 1 2 2 3 0 0 0 1 4 2
split_gain=0.0841278 0.791488 1.7183 1.63476 1.5697 2.0596 1.72749 0.539091 1.53951 0.97409 0.646196 1.87911 0.741149 0.525958
threshold=3.5000000000000004 28.500000000000004 14.500000000000002 1.5000000000000002 1.0000000180025095e-35 1.5000000000000002 1.5000000000000002 1.0000000180025095e-35 7.5000000000000009 5.5000000000000009 4.5000000000000009 1.0000000180025095e-35 28.500000000000004 1.0000000180025095e-35
decision_type=2 2 2 2 2 2 2 2 2 2 2 2 2 2
left_child=1 2 13 -4 6 -6 -3 10 9 -9 11 -2 -12 -1
right_child=7 4 3 -5 5 -7 -8 8 -10 -11 12 -13 -14 -15
leaf_value=-0.082689687707821632 0.02075801036808991 -0.039943146925842526 0.014528109519606081 0.078674420339569492 0.011206720665165648 -0.041227062309086321 0.042517130560189846 0.056021306713509703 0.10658895313038334 -0.083120951806117657 -0.0082537408631183223 -0.033168063617757509 0.0043379886380439806 -0.015810562081555263
leaf_weight=0.89347125007771211 6.1289550187066224 11.099670879077163 19.223982095718387 2.9302369058132163 35.177583312964998 5.5510338926687828 1.9050056003034121 0.57359961327165276 1.0918884593993425 0.73411802109330893 44.64920266577974 12.715319892857222 90.668003642931581 4.7723683761432767
leaf_count=46 180 355 379 62 867 160 63 21 10 26 660 376 1391 204
internal_value=-7.86475e-05 0.00200483 0.0129578 0.0230124 -0.00366603 0.00406035 -0.0278639 -0.00116394 0.0364628 -0.0220895 -0.00174962 -0.015629 0.000183227 -0.026357
internal_weight=238.114 81.5534 27.8201 22.1542 53.7333 40.7286 13.0047 156.561 2.39961 1.30772 154.161 18.8443 135.317 5.66584
internal_count=4800 2136 691 441 1445 1027 418 2664 57 47 2607 556 2051 250
is_linear=0
shrinkage=0.08


Tree=109
num_leaves=15
num_cat=0
split_feature=4 4 4 1 4 0 4 0 0 4 1 0 1 0
split_gain=0.0875348 0.804786 0.725028 0.669527 0.511823 1.94809 0.405776 0.382068 0.357343 0.234416 2.0837 0.151411 0.0720559 0.0127448
threshold=56.500000000000007 59.500000000000007 58.500000000000007 1.5000000000000002 61.500000000000007 1.0000000180025095e-35 55.500000000000007 2.5000000000000004 7.5000000000000009 54.500000000000007 1.5000000000000002 1.0000000180025095e-35 1.5000000000000002 6.5000000000000009
decision_type=2 2 2 2 2 2 2 2 2 2 2 2 2 2
left_child=6 2 3 -2 5 -3 9 -6 12 11 -11 -1 -8 -4
right_child=1 4 13 -5 7 -7 8 -9 -10 10 -12 -13 -14 -15
leaf_value=-0.007705082859012659 -0.056623345911707069 0.11431621248018208 -0.081766103757642108 0.017085864509569015 -0.01871371142248459 -0.012961668270322586 0.032249090157084791 0.0026652142700862402 -0.0059326223893761635 0.035383931849404575 -0.10444222353312407 0.0010010733760059821 0.0597179319497569 -0.098436702039850069
leaf_weight=13.752593703335149 1.4289713804610065 1.1593915373086958 0.67293647583574034 1.7601695554330945 7.2035880438052144 2.2893653474748135 1.3713748529553405 20.790742604760453 1.4133695289492609 1.6363560091704121 1.1696199374273419 181.62371018854901 1.102554876357317 0.52052994864061475
leaf_count=451 59 10 38 33 188 75 30 355 10 34 33 3454 20 10
internal_value=-8.55541e-05 -0.00373008 -0.0358466 -0.0159413 0.000746402 0.0298262 0.000560597 -0.00283608 0.0261577 5.85158e-05 -0.0229001 0.000388245 0.0444911 -0.089037
internal_weight=237.895 35.8257 4.38261 3.18914 31.4431 3.44876 202.07 27.9943 3.8873 198.182 2.80598 195.376 2.47393 1.19347
internal_count=4800 768 140 92 628 85 4032 543 60 3972 67 3905 50 48
is_linear=0
shrinkage=0.08


Tree=110
num_leaves=8
num_cat=0
split_feature=4 0 4 4 0 4 0
split_gain=0.075377 0.789843 0.160577 0.0943214 0.721146 0.286465 1.80888e-05
threshold=79.500000000000014 4.5000000000000009 77.500000000000014 72.500000000000014 5.5000000000000009 68.500000000000014 2.5000000000000004
decision_type=2 2 2 2 2 2 2
left_child=2 6 3 5 -5 -1 -2
right_child=1 -3 -4 4 -6 -7 -8
leaf_value=-0.00036786658208013854 -0.083714129742781196 0.013707293809238253 0.027981394004840832 -0.046845236779534664 0.019592177489849927 0.016269042415866394 -0.084511195342642814
leaf_weight=222.92488268855959 0.34211416100151759 1.8945489623583853 1.3114356724545349 1.9925807476975013 2.2002167431637645 6.8266320917755356 0.38989407720509917
leaf_count=4534 26 35 22 50 31 83 19
internal_value=-8.45166e-05 -0.0135619 6.59541e-05 -9.05332e-05 -0.0119815 0.000126468 -0.0841387
internal_weight=237.882 2.62656 235.256 233.944 4.1928 229.752 0.732008
internal_count=4800 80 4720 4698 81 4617 45
is_linear=0
shrinkage=0.08


Tree=111
num_leaves=14
num_cat=0
split_feature=4 4 4 1 4 0 2 4 0 4 1 4 1
split_gain=0.0812746 0.686819 0.658458 0.580431 0.427585 1.49158 0.374483 0.333218 0.314222 0.20303 1.87227 0.149348 0.00361645
threshold=56.500000000000007 59.500000000000007 58.500000000000007 1.5000000000000002 61.500000000000007 1.0000000180025095e-35 1.0000000180025095e-35 55.500000000000007 5.5000000000000009 54.500000000000007 1.5000000000000002 52.500000000000007 1.0000000180025095e-35
decision_type=2 2 2 2 2 2 2 2 2 2 2 2 2
left_child=7 2 3 -2 5 -3 -6 9 -9 11 -11 -1 -4
right_child=1 4 12 -5 6 -7 -8 8 -10 10 -12 -13 -14
leaf_value=-3.8539296919449414e-05 -0.053329543349423511 0.096636837211294943 -0.090873267268652677 0.015621887038906027 0.012194761821771847 -0.012050652932203317 -0.0085316296206563412 -0.00022432531845674859 0.044746033309578027 0.031765229466280825 -0.10263463903227175 0.011898462453933058 -0.08174898502243659
leaf_weight=188.38382464856841 1.3964655632153145 1.2575350999832182 0.47610284201800801 1.7738423906266689 7.7110301880165961 2.2611053083091974 20.179308911552653 1.8900205474346869 2.0984947979450226 1.6766957659274331 1.0976241049356759 6.9555930057540527 0.66819570725783706
leaf_count=3756 59 10 12 33 136 75 407 38 22 34 33 149 36
internal_value=-7.95576e-05 -0.00359715 -0.033526 -0.01475 0.000514127 0.0267934 -0.00280126 0.000542213 0.0234361 8.13021e-05 -0.0214084 0.00038651 -0.0855453
internal_weight=237.826 35.7236 4.31461 3.17031 31.409 3.51864 27.8903 202.102 3.98852 198.114 2.77432 195.339 1.1443
internal_count=4800 768 140 92 628 85 543 4032 60 3972 67 3905 48
is_linear=0
shrinkage=0.08


Tree=112
num_leaves=15
num_cat=0
split_feature=4 4 2 0 1 4 4 0 4 4 4 4 4 0
split_gain=0.0803125 0.501391 0.565986 0.6158 0.52469 1.18627 0.771916 0.180573 2.774 9.17976 1.79019 0.424938 3.00801 0.646242
threshold=50.500000000000007 52.500000000000007 1.0000000180025095e-35 4.5000000000000009 1.5000000000000002 54.500000000000007 68.500000000000014 1.0000000180025095e-35 28.500000000000004 26.500000000000004 37.500000000000007 31.500000000000004 32.500000000000007 2.5000000000000004
decision_type=2 2 2 2 2 2 2 2 2 2 2 2 2 2
left_child=7 2 -2 -4 6 -6 -3 8 9 -1 -10 13 -13 -9
right_child=1 4 3 -5 5 -7 -8 11 10 -11 -12 12 -14 -15
leaf_value=-0.012003031208571551 -0.074123141043254556 -0.017966914012109265 0.031140185866673224 -0.03385871273968704 0.048754791276841465 0.00042787148215168991 0.011593527233610609 0.010600726045080673 -0.083272335057137367 0.26618293722479047 -0.0044311981054558401 0.066401220232602837 0.0017018391801895232 -0.005968951778102069
leaf_weight=4.4574096279684436 1.2098033986985672 17.112067911773924 1.4059851383790372 2.7720073396340013 3.883310801349583 19.957212433801033 8.4431701779831183 19.203826126642525 3.3626994080841541 0.91501649096608151 4.079089735634625 4.894357241690158 76.195426873397082 69.883857967332006
leaf_count=166 29 461 50 43 57 365 161 405 97 23 136 94 1475 1238
internal_value=-7.72795e-05 -0.00276441 -0.025938 -0.0119852 -0.000236777 0.0082997 -0.00820047 0.000727186 -0.00843093 0.0353768 -0.0400569 0.00141678 0.00560692 -0.00239718
internal_weight=237.775 54.7836 5.3878 4.17799 49.3958 23.8405 25.5552 182.992 12.8142 5.37243 7.44179 170.177 81.0898 89.0877
internal_count=4800 1166 122 93 1044 422 622 3634 422 189 233 3212 1569 1643
is_linear=0
shrinkage=0.08


Tree=113
num_leaves=14
num_cat=0
split_feature=0 3 4 4 4 4 0 1 1 2 4 4 4
split_gain=0.0750662 0.222373 1.18745 2.26085 0.262512 0.951165 0.636293 0.191604 0.456395 0.80667 0.443147 0.68972 0.29243
threshold=7.5000000000000009 1.0000000180025095e-35 21.500000000000004 38.500000000000007 1.0000000180025095e-35 5.5000000000000009 4.5000000000000009 1.0000000180025095e-35 1.5000000000000002 1.0000000180025095e-35 21.500000000000004 28.500000000000004 54.500000000000007
decision_type=2 2 2 2 2 2 2 2 2 2 2 2 2
left_child=1 4 -3 -4 6 -6 -1 10 9 -9 -2 -12 -10
right_child=7 2 3 -5 5 -7 -8 8 12 -11 11 -13 -14
leaf_value=-0.023379129189725442 0.034256606852229962 -0.083893144211948392 0.052248272149820738 -0.08197281991965584 -0.050722341998491287 -0.00023761938493718684 0.045299502115687014 -0.082969920995746252 0.005124447209249843 -0.0072390555538219305 -0.028650481349703466 0.01186939722563423 -0.011648131121441989
leaf_weight=1.3533256829250597 3.5842452794313457 1.2831126642413426 2.3257146514952187 1.2268671855563296 2.4258373081684104 154.96289284480736 2.3847031109035015 1.1054513780400146 38.469990774989128 4.8477945327758789 3.4298324286937705 12.439437560737131 8.0438110977411252
leaf_count=70 29 39 50 69 93 3938 33 38 165 116 18 106 36
internal_value=-8.98922e-05 -0.00102541 -0.0179291 0.00589566 -0.000518102 -0.00101574 0.0204349 0.00206889 -0.000445434 -0.0213014 0.00885014 0.00311182 0.0022239
internal_weight=237.883 165.962 4.83569 3.55258 161.127 157.389 3.73803 71.9206 52.467 5.95325 19.4535 15.8693 46.5138
internal_count=4800 4292 158 119 4134 4031 103 508 355 154 153 124 201
is_linear=0
shrinkage=0.08


Tree=114
num_leaves=7
num_cat=0
split_feature=4 4 2 4 0 4
split_gain=0.0767594 0.464074 0.420897 0.138563 0.504887 0.367344
threshold=88.500000000000014 79.500000000000014 1.0000000180025095e-35 75.500000000000014 3.5000000000000004 72.500000000000014
decision_type=2 2 2 2 2 2
left_child=1 3 -3 5 -5 -1
right_child=-2 2 -4 4 -6 -7
leaf_value=0.00011119036665059473 0.018392458429049151 0.0014640676649901529 -0.095848051485896951 0.045815154985641711 -0.015437030729193722 -0.033923990124591769
leaf_weight=229.40178319811821 1.4296840569004405 0.52752568246796616 0.61736499448306859 1.767463346011936 1.6797776501625774 2.0476498967036596
leaf_count=4617 24 18 38 28 24 51
internal_value=-8.85027e-05 -0.00020044 -0.05101 4.72065e-05 0.0159681 -0.000189921
internal_weight=237.471 236.042 1.14489 234.897 3.44724 231.449
internal_count=4800 4776 56 4720 52 4668
is_linear=0
shrinkage=0.08


Tree=115
num_leaves=8
num_cat=0
split_feature=4 0 2 2 4 4 4
split_gain=0.0736476 0.454786 1.23325 0.748648 0.442645 0.329475 0.162336
threshold=76.500000000000014 5.5000000000000009 1.5000000000000002 1.0000000180025095e-35 75.500000000000014 73.500000000000014 66.500000000000014
decision_type=2 2 2 2 2 2 2
left_child=4 2 3 -2 5 6 -1
right_child=1 -3 -4 -5 -6 -7 -8
leaf_value=-0.00043412882633683456 0.031090199405774187 -0.03727579165940665 0.089063401663254438 -0.082892233628197587 0.042445470606386947 -0.046023785807153272 0.0098716715636989211
leaf_weight=220.18438081862405 0.68168222904205256 2.1070898761972785 0.87709679640829552 0.80347423232160509 1.570129457861184 0.99877728335559268 10.236841905862091
leaf_count=4478 22 34 13 49 14 32 158
internal_value=-8.29221e-05 -0.0102553 0.0138466 -0.0305746 0.00011221 -0.000175011 2.37233e-05
internal_weight=237.459 4.46934 2.36225 1.48516 232.99 231.42 230.421
internal_count=4800 118 84 71 4682 4668 4636
is_linear=0
shrinkage=0.08


Tree=116
num_leaves=13
num_cat=0
split_feature=0 4 4 0 4 0 4 4 4 4 4 4
split_gain=0.0709837 0.21474 1.47478 0.630449 0.424119 2.55651 0.594262 0.238465 0.187331 0.296424 0.895452 0.804678
threshold=7.5000000000000009 50.500000000000007 49.500000000000007 3.5000000000000004 54.500000000000007 6.5000000000000009 56.500000000000007 43.500000000000007 67.500000000000014 39.500000000000007 36.500000000000007 43.500000000000007
decision_type=2 2 2 2 2 2 2 2 2 2 2 2
left_child=1 2 7 -4 5 -3 -6 -1 9 10 -2 -11
right_child=8 4 3 -5 6 -7 -8 -9 -10 11 -12 -13
leaf_value=0.00080765448608602212 0.0010699198362162739 -0.042651288957181691 0.10150866799365658 0.012442403544692476 0.024930329477369621 0.1058610326042672 -0.006978599002510826 -0.0093068743955167128 0.019648794910612912 -0.030772991735810416 0.03785444474511418 0.0018295670698722595
leaf_weight=109.93720039562322 33.901892421767116 6.0139566380530587 1.2947442214936011 0.83772830944508303 4.3839326631277826 0.8462087670341133 25.24910540872952 17.260278786998242 3.6628446523100129 6.129895348101857 4.8400470539927474 23.115456073544919
leaf_count=2711 241 216 31 26 109 24 684 491 32 42 33 160
internal_value=-7.88033e-05 -0.000987979 0.000541276 0.0665196 -0.00640758 -0.0243321 -0.00225797 -0.000564854 0.00202534 0.00107587 0.00566543 -0.00500401
internal_weight=237.473 165.823 129.33 2.13247 36.4932 6.86017 29.633 127.197 71.6501 67.9873 38.7419 29.2454
internal_count=4800 4292 3259 57 1033 240 793 3202 508 476 274 202
is_linear=0
shrinkage=0.08


Tree=117
num_leaves=9
num_cat=0
split_feature=4 0 2 2 4 4 2 4
split_gain=0.0659481 0.411522 0.996043 0.692319 0.370497 0.297428 0.454221 0.226074
threshold=76.500000000000014 5.5000000000000009 1.5000000000000002 1.0000000180025095e-35 75.500000000000014 72.500000000000014 1.0000000180025095e-35 66.500000000000014
decision_type=2 2 2 2 2 2 2 2
left_child=4 2 3 -2 5 7 -7 -1
right_child=1 -3 -4 -5 -6 6 -8 -9
leaf_value=-0.00040719318095109583 0.028544225952325714 -0.035673362900605375 0.077549718640360671 -0.082650220406983249 0.038513425902419025 0.016847304970730444 -0.061754182917205823 0.012369787142238936
leaf_weight=220.0590343894437 0.69593793526291781 2.081370625179261 0.93078786693513382 0.73878373223124072 1.5964304320514191 0.77204422373324533 1.2048069029115138 9.2348003033548576
leaf_count=4478 22 34 13 49 14 15 36 139
internal_value=-7.81572e-05 -0.00972879 0.0130994 -0.0287133 0.000106133 -0.000158987 -0.031057 0.000107399
internal_weight=237.314 4.44688 2.36551 1.43472 232.867 231.271 1.97685 229.294
internal_count=4800 118 84 71 4682 4668 51 4617
is_linear=0
shrinkage=0.08


Tree=118
num_leaves=13
num_cat=0
split_feature=0 4 4 1 1 4 0 4 4 1 1 4
split_gain=0.0668717 0.207808 0.517347 1.37936 1.02413 0.403708 1.15244 0.67493 0.18683 0.251902 0.793646 0.364685
threshold=7.5000000000000009 61.500000000000007 66.500000000000014 1.0000000180025095e-35 1.0000000180025095e-35 59.500000000000007 1.0000000180025095e-35 56.500000000000007 67.500000000000014 1.0000000180025095e-35 1.5000000000000002 21.500000000000004
decision_type=2 2 2 2 2 2 2 2 2 2 2 2
left_child=1 5 4 -4 -3 7 -7 -1 9 11 -11 -2
right_child=8 2 3 -5 -6 6 -8 -9 -10 10 -12 -13
leaf_value=0.00010344721415548947 0.032195790472397852 0.030801217242124243 -0.042454179260508151 0.015143079588995917 -0.047317365742962282 0.08570914365304845 -0.0089769063808159168 -0.044889154048238837 0.019639157481576047 -0.030607907044073058 0.0016269772423309647 0.0035556013280795889
leaf_weight=140.53828060952947 3.5087960213422802 1.4139096075668955 3.6236890337895593 10.017263562476726 4.4684807397425175 1.3255475312471383 2.1685131224803627 2.1667106333188704 3.634918173775076 5.5004632570780805 43.920023173093796 15.050163999199865
leaf_count=3608 29 56 86 202 133 10 73 124 32 143 188 116
internal_value=-7.43536e-05 -0.000957104 -0.00870932 -0.000157505 -0.0285405 7.81229e-05 0.0269443 -0.000579682 0.00196841 0.00102355 -0.00196074 0.00897038
internal_weight=237.337 165.722 19.5233 13.641 5.88239 146.199 3.49406 142.705 71.6144 67.9794 49.4205 18.559
internal_count=4800 4292 477 288 189 3815 83 3732 508 476 331 145
is_linear=0
shrinkage=0.08


Tree=119
num_leaves=9
num_cat=0
split_feature=4 0 2 0 4 4 2 4
split_gain=0.0652768 0.362673 0.813066 0.641874 0.307933 0.264811 0.403987 0.19514
threshold=76.500000000000014 5.5000000000000009 1.5000000000000002 2.5000000000000004 75.500000000000014 72.500000000000014 1.0000000180025095e-35 71.500000000000014
decision_type=2 2 2 2 2 2 2 2
left_child=4 2 3 -2 5 7 -7 -1
right_child=1 -3 -4 -5 -6 6 -8 -9
leaf_value=-7.2144946740867227e-05 -0.083300949944770983 -0.034256783344422198 0.067394849507772733 0.025018860508994312 0.034851472493454161 0.014855299564354201 -0.059381878248722125 0.029107544779232809
leaf_weight=227.41645644232631 0.68007332197157599 2.0606479849666357 0.98192869499325741 0.72163001546869054 1.6214336752891529 0.78543242253363033 1.1650026957504449 1.4763024952262629
leaf_count=4599 38 34 13 33 14 15 36 18
internal_value=-7.36524e-05 -0.00967775 0.0115708 -0.0275354 0.00010996 -0.000134063 -0.0294869 0.000116057
internal_weight=236.909 4.44428 2.38363 1.4017 232.465 230.843 1.95044 228.893
internal_count=4800 118 84 71 4682 4668 51 4617
is_linear=0
shrinkage=0.08


Tree=120
num_leaves=12
num_cat=0
split_feature=0 3 4 4 4 4 0 4 4 4 4
split_gain=0.0621398 0.193375 1.10411 1.95958 0.217076 0.848905 0.520119 0.19018 0.251055 0.769482 0.677329
threshold=7.5000000000000009 1.0000000180025095e-35 21.500000000000004 38.500000000000007 1.0000000180025095e-35 5.5000000000000009 4.5000000000000009 67.500000000000014 39.500000000000007 36.500000000000007 43.500000000000007
decision_type=2 2 2 2 2 2 2 2 2 2 2
left_child=1 4 -3 -4 6 -6 -1 8 9 -2 -10
right_child=7 2 3 -5 5 -7 -8 -9 10 -11 -12
leaf_value=-0.022014491844296723 0.0009327826034672941 -0.083586146114841831 0.045817093614455143 -0.081821714724982106 -0.048982727922813309 -0.00018790293692618772 0.040116285951949104 0.019784285561372534 -0.028196525893905297 0.035212527348018614 0.0016555767259584251
leaf_weight=1.3240172159858041 33.722838826477528 1.1887594400905062 2.4346065223217015 1.1257527087582273 2.3160327109508207 154.71389520983212 2.4728997610509396 3.6141737494617692 6.1646051686257151 4.7855799812823525 23.06345719890669
leaf_count=70 241 39 50 69 93 3938 33 32 42 33 160
internal_value=-6.98693e-05 -0.000920357 -0.0168301 0.00545888 -0.000450552 -0.000907577 0.0184508 0.00190377 0.000949729 0.00519285 -0.00464065
internal_weight=236.927 165.576 4.74912 3.56036 160.827 157.03 3.79692 71.3507 67.7365 38.5084 29.2281
internal_count=4800 4292 158 119 4134 4031 103 508 476 274 202
is_linear=0
shrinkage=0.08


Tree=121
num_leaves=15
num_cat=0
split_feature=0 4 1 2 2 4 2 2 3 0 4 0 1 2
split_gain=0.0697993 0.622108 1.32626 1.85375 1.52872 1.24012 1.24273 0.51882 0.493126 1.29602 1.0369 0.533579 1.64987 0.63609
threshold=3.5000000000000004 28.500000000000004 1.0000000180025095e-35 1.5000000000000002 1.5000000000000002 14.500000000000002 1.5000000000000002 1.0000000180025095e-35 1.0000000180025095e-35 7.5000000000000009 31.500000000000004 4.5000000000000009 1.0000000180025095e-35 1.0000000180025095e-35
decision_type=2 2 2 2 2 2 2 2 2 2 2 2 2 2
left_child=1 5 4 -4 -3 7 -7 -1 11 10 -10 12 -2 -13
right_child=8 2 3 -5 -6 6 -8 -9 9 -11 -12 13 -14 -15
leaf_value=-0.082460174950283405 0.019243675686984842 -0.037955097134945943 0.010396046558143085 -0.040123386176492415 0.039022356620546594 0.012082596362574423 0.066095131047537684 -0.012731090880600211 -0.083176318807087646 0.10235890631822296 0.064176788773047 0.010030840053354518 -0.031345648487210956 -0.0029210222097970028
leaf_weight=0.80292662419379013 6.212580757681283 10.611419385299083 35.355392322060652 5.3522067014127961 1.9553823200985796 19.679638391360644 3.1646814178675404 4.5691401199437678 0.70204442180693061 1.0286986455321312 0.5412756041623652 31.775035419501364 12.283278448740019 102.71905343933031
leaf_count=46 180 355 867 160 63 379 62 204 23 10 24 509 376 1542
internal_value=-6.85233e-05 0.00182751 -0.00325947 0.00375379 -0.0259775 0.0114321 0.0195651 -0.023153 -0.00106368 0.0359329 -0.0190266 -0.0016131 -0.0143532 0.000138933
internal_weight=236.753 81.4908 53.2744 40.7076 12.5668 28.2164 22.8443 5.37207 155.262 2.27202 1.24332 152.99 18.4959 134.494
internal_count=4800 2136 1445 1027 418 691 441 250 2664 57 47 2607 556 2051
is_linear=0
shrinkage=0.08


Tree=122
num_leaves=9
num_cat=0
split_feature=4 0 2 2 4 4 2 4
split_gain=0.0604878 0.333295 0.688963 0.620879 0.251925 0.235824 0.359507 0.165021
threshold=76.500000000000014 5.5000000000000009 1.5000000000000002 1.0000000180025095e-35 75.500000000000014 72.500000000000014 1.0000000180025095e-35 66.500000000000014
decision_type=2 2 2 2 2 2 2 2
left_child=4 2 3 -2 5 7 -7 -1
right_child=1 -3 -4 -5 -6 6 -8 -9
leaf_value=-0.00032791630037407558 0.025576832166509123 -0.033052586846738473 0.060694057154299957 -0.08233293750321817 0.031264641299980231 0.013151345669579506 -0.056999613088103536 0.01055541993860677
leaf_weight=219.29659306327812 0.71166265383362681 2.0432046335190535 1.0207368936389685 0.65561235666973516 1.6485464870929707 0.79732873383909364 1.1303793813567606 9.2944281157106143
leaf_count=4478 22 34 13 49 14 15 36 139
internal_value=-7.4241e-05 -0.00933309 0.0109615 -0.0261662 0.000102476 -0.000120379 -0.0279841 0.000114596
internal_weight=236.598 4.43122 2.38801 1.36728 232.167 230.519 1.92771 228.591
internal_count=4800 118 84 71 4682 4668 51 4617
is_linear=0
shrinkage=0.08


Tree=123
num_leaves=14
num_cat=0
split_feature=4 4 1 2 1 1 4 4 2 0 4 0 0
split_gain=0.0663182 1.56468 1.28045 1.92421 0.667032 0.208852 0.130255 1.11356 0.863648 0.964415 0.736012 0.284332 8.43395e-05
threshold=65.500000000000014 66.500000000000014 1.0000000180025095e-35 1.0000000180025095e-35 1.5000000000000002 1.5000000000000002 59.500000000000007 58.500000000000007 1.5000000000000002 7.5000000000000009 61.500000000000007 1.0000000180025095e-35 6.5000000000000009
decision_type=2 2 2 2 2 2 2 2 2 2 2 2 2
left_child=6 4 3 -3 -2 -4 7 11 10 -10 -8 -1 -9
right_child=1 2 5 -5 -6 -7 8 12 9 -11 -12 -13 -14
leaf_value=-0.01060435828549899 -0.026520573463618309 0.039230429260711144 0.027194981126675909 -0.073885148758114361 -0.12290161159702268 0.0067053832249668105 0.030388224118341727 -0.081421140719145982 0.0048519447249087281 0.1249144806842903 -0.015234081776941886 0.0010958430329610132 -0.082851960973447145
leaf_weight=14.292522785253821 0.9181419108063007 1.4635189957916761 5.470919570187105 2.8113034297712147 0.92010563984513283 7.616123654297553 3.3596187401562894 0.53837641980498918 0.9173523839563138 0.80298170633614063 6.9342267019674182 190.05475917877629 0.51670049829408526
leaf_count=478 24 28 98 66 16 130 74 38 37 5 150 3646 10
internal_value=-7.01856e-05 -0.00457709 0.00285404 -0.0351591 -0.0747626 0.0152709 0.00032782 -0.000145752 0.00842432 0.0608922 -0.000344257 0.000277504 -0.0821219
internal_weight=236.617 19.2001 17.3619 4.27482 1.83825 13.087 217.417 205.402 12.0142 1.72033 10.2938 204.347 1.05508
internal_count=4800 362 322 94 40 228 4438 4172 266 42 224 4124 48
is_linear=0
shrinkage=0.08


Tree=124
num_leaves=14
num_cat=0
split_feature=0 4 4 1 4 0 4 3 0 4 0 2 4
split_gain=0.0583767 0.55749 0.830549 1.13477 0.854377 0.486146 1.34071 0.422485 1.14128 0.91271 0.464975 1.51874 0.620224
threshold=3.5000000000000004 5.5000000000000009 28.500000000000004 1.0000000180025095e-35 24.500000000000004 1.5000000000000002 1.0000000180025095e-35 1.0000000180025095e-35 7.5000000000000009 31.500000000000004 4.5000000000000009 1.0000000180025095e-35 28.500000000000004
decision_type=2 2 2 2 2 2 2 2 2 2 2 2 2
left_child=1 5 4 -4 -3 6 -1 10 9 -9 11 -2 -12
right_child=7 2 3 -5 -6 -7 -8 8 -10 -11 12 -13 -14
leaf_value=0.10511198428712831 -0.051507175838556879 0.0054734356178288588 -0.024441841793234644 0.0033193474789959261 0.037730972165414399 -0.082404018425811715 -0.082701479753126833 -0.082927669890331734 0.097315220139685382 0.055472778097356325 -0.0076189070243768975 0.00052682949922929943 0.00394407785682146
leaf_weight=0.42679839790798613 4.9098011893220272 19.314709700411189 12.248032133560626 40.862649053451605 7.2189962938427916 0.9313621106557548 0.56564325839281082 0.65041386010125213 0.99494372680783261 0.57416049623861909 44.230420877691358 13.354469885351135 90.300089483615011
leaf_count=29 140 429 418 1027 157 45 31 23 10 24 660 416 1391
internal_value=-6.86892e-05 0.00166369 0.0026916 -0.00308275 0.0142497 -0.0408908 -0.00193251 -0.000980266 0.0336722 -0.0180365 -0.00148363 -0.013461 0.000142444
internal_weight=236.582 81.5682 79.6444 53.1107 26.5337 1.9238 0.992442 155.014 2.21952 1.22457 152.795 18.2643 134.531
internal_count=4800 2136 2031 1445 586 105 60 2664 57 47 2607 556 2051
is_linear=0
shrinkage=0.08


Tree=125
num_leaves=14
num_cat=0
split_feature=4 4 1 2 1 4 4 4 2 1 0 0 0
split_gain=0.0578854 1.37727 1.06523 1.72844 0.628884 0.170138 0.107636 0.985163 0.74607 0.629164 0.460904 0.26299 0.00155639
threshold=65.500000000000014 66.500000000000014 1.0000000180025095e-35 1.0000000180025095e-35 1.5000000000000002 76.500000000000014 59.500000000000007 58.500000000000007 1.5000000000000002 1.0000000180025095e-35 6.5000000000000009 1.0000000180025095e-35 7.5000000000000009
decision_type=2 2 2 2 2 2 2 2 2 2 2 2 2
left_child=6 4 3 -3 -2 -4 7 11 9 -8 -10 -1 -9
right_child=1 2 5 -5 -6 -7 8 12 10 -11 -12 -13 -14
leaf_value=-0.010232539115619856 -0.024634181836113919 0.03677720113857353 0.019174001241113115 -0.070900547633367977 -0.11985240132629997 -0.0012385517989343591 0.032926057927848022 -0.081333272321524833 0.014179032217757948 -0.012112288118853703 0.09760900320777248 0.0010466593967871729 -0.074982780854393319
leaf_weight=14.220569528057238 0.90409821085632092 1.4784163311123872 9.6691812993958575 2.6900620426749811 0.8721790611743927 3.5811699611367649 2.6812592940404976 0.59348365734331199 0.8289088141173131 7.6453759456053376 0.8670931737869978 189.94240561733022 0.42305885627865791
leaf_count=478 24 28 141 66 16 87 72 44 34 152 8 3646 4
internal_value=-7.11853e-05 -0.00428223 0.00256082 -0.0327109 -0.0713878 0.0136571 0.000300963 -0.000130128 0.00765801 -0.000418306 0.0568332 0.000261029 -0.0786904
internal_weight=236.397 19.1951 17.4188 4.16848 1.77628 13.2504 217.202 205.18 12.0226 10.3266 1.696 204.163 1.01654
internal_count=4800 362 322 94 40 228 4438 4172 266 224 42 4124 48
is_linear=0
shrinkage=0.08


Tree=126
num_leaves=6
num_cat=0
split_feature=4 4 2 4 4
split_gain=0.055224 0.349483 0.415107 0.107841 0.0823333
threshold=88.500000000000014 79.500000000000014 1.0000000180025095e-35 77.500000000000014 72.500000000000014
decision_type=2 2 2 2 2
left_child=1 3 -3 4 -1
right_child=-2 2 -4 -5 -6
leaf_value=0.00011385232916141584 0.015167904565785041 0.0054496079905383254 -0.094189207479852419 0.022689445683231082 -0.01127779348467961
leaf_weight=228.25920988235157 1.5125657897442568 0.5206939224153746 0.5505298207863234 1.3378772065043438 4.1340672192163757
leaf_count=4617 24 18 38 22 81
internal_value=-6.92024e-05 -0.000167358 -0.0457574 4.15879e-05 -8.87948e-05
internal_weight=236.315 234.802 1.07122 233.731 232.393
internal_count=4800 4776 56 4720 4698
is_linear=0
shrinkage=0.08


Tree=127
num_leaves=15
num_cat=0
split_feature=0 4 4 1 4 0 4 1 0 2 4 4 4 4
split_gain=0.0541787 0.495323 0.693779 0.983584 0.689918 0.464855 1.12126 0.371696 0.863568 2.09825 1.08006 0.423766 1.38044 0.900811
threshold=3.5000000000000004 5.5000000000000009 28.500000000000004 1.0000000180025095e-35 24.500000000000004 1.5000000000000002 1.0000000180025095e-35 1.0000000180025095e-35 4.5000000000000009 1.0000000180025095e-35 69.500000000000014 26.500000000000004 23.500000000000004 29.500000000000004
decision_type=2 2 2 2 2 2 2 2 2 2 2 2 2 2
left_child=1 5 4 -4 -3 6 -1 11 9 -9 -10 12 -2 -13
right_child=7 2 3 -5 -6 -7 -8 8 10 -11 -12 13 -14 -15
leaf_value=0.087820955306505535 0.008227008326377629 0.00507634952503628 -0.022945255717235474 0.0031342981301738571 0.033710764624384111 -0.082219099521908409 -0.082496094231992348 -0.083451477972346283 -0.00315951791575372 -0.0050428384184627029 0.031592098407311309 0.04856491866679663 -0.050759393632285994 0.0054331085894485107
leaf_weight=0.46946700755506643 9.9087361465208215 19.392548232339326 11.959180728066711 40.936191536195111 7.4555515609681597 0.86258317204192281 0.52295059454627335 2.8649479690939161 90.886925725731999 9.1938104626024142 6.1083851014263919 3.4719838164746752 3.4140424691140643 28.845627522096038
leaf_count=29 185 429 418 1027 157 45 31 94 1395 289 74 53 46 528
internal_value=-6.44299e-05 0.00160349 0.00255413 -0.00276206 0.0130279 -0.0392631 -0.00192695 -0.000944227 -0.00348111 -0.0236713 -0.000970997 0.00511745 -0.00688861 0.0100669
internal_weight=236.293 81.5985 79.7435 52.8954 26.8481 1.855 0.992418 154.694 109.054 12.0588 96.9953 45.6404 13.3228 32.3176
internal_count=4800 2136 2031 1445 586 105 60 2664 1852 383 1469 812 231 581
is_linear=0
shrinkage=0.08


Tree=128
num_leaves=13
num_cat=0
split_feature=4 4 1 2 0 4 4 1 3 4 4 0
split_gain=0.0639928 1.18435 0.855429 1.53358 0.183875 0.101345 1.25021 1.01812 0.802166 0.788364 0.346015 0.0317504
threshold=65.500000000000014 66.500000000000014 1.0000000180025095e-35 1.0000000180025095e-35 3.5000000000000004 41.500000000000007 40.500000000000007 1.0000000180025095e-35 1.0000000180025095e-35 42.500000000000007 37.500000000000007 4.5000000000000009
decision_type=2 2 2 2 2 2 2 2 2 2 2 2
left_child=5 -2 3 -3 -4 6 10 -8 9 -7 -1 -10
right_child=1 2 4 -5 -6 8 7 -9 11 -11 -12 -13
leaf_value=-0.0010751560201969551 -0.067970821761585462 0.033889345538226763 0.023629702227591257 -0.067828732572670164 0.0042604220991588225 0.032259025526312331 0.018749949553379944 -0.074875030035930004 -0.081617620159513488 0.0012644130584953293 0.012015037900935254 -0.051837179246768221
leaf_weight=124.82757359521929 1.713403894566002 1.5015801005065466 4.9955103144748128 2.5759877620730549 8.4298958145081979 5.6951983720064154 1.0503465579822653 2.5433373060077429 0.58297874196432431 67.508509698323905 14.416108321398495 0.37747927475720644
leaf_count=2444 40 28 110 66 118 100 30 62 38 1447 298 19
internal_value=-6.83636e-05 -0.00449318 0.00172079 -0.0303707 0.0114676 0.000323472 -0.00092229 -0.0475107 0.00272276 0.00367577 0.000280091 -0.0699133
internal_weight=236.218 19.2164 17.503 4.07757 13.4254 217.002 142.837 3.59368 74.1642 73.2037 139.244 0.960458
internal_count=4800 362 322 94 228 4438 2834 92 1604 1547 2742 57
is_linear=0
shrinkage=0.08


Tree=129
num_leaves=10
num_cat=0
split_feature=4 1 4 4 0 4 4 2 4
split_gain=0.0635466 0.394705 1.07594 0.939464 0.227169 0.173923 0.204802 0.23736 0.11339
threshold=76.500000000000014 1.5000000000000002 79.500000000000014 79.500000000000014 6.5000000000000009 75.500000000000014 72.500000000000014 1.0000000180025095e-35 71.500000000000014
decision_type=2 2 2 2 2 2 2 2 2
left_child=5 2 -2 -3 -4 6 8 -8 -1
right_child=1 3 4 -5 -6 -7 7 -9 -10
leaf_value=-1.1711476066344963e-06 0.080849416669800306 -0.092411692506790447 -0.083731112125956422 0.0071846309061958371 -0.0040943864313662546 0.025518112301305306 0.0057904844942261828 -0.050381045219814853 0.021862502258697118
leaf_weight=226.62744795705657 0.90570055600255617 0.96045195497572433 0.43761796224862337 1.6431023380719125 0.48146041017025709 1.7119197100400914 0.85487031377851863 1.1022072883788494 1.5283685969188798
leaf_count=4599 19 19 32 35 13 14 15 36 18
internal_value=-6.80914e-05 -0.00956118 0.0189677 -0.0295565 -0.0420133 0.000113246 -7.57528e-05 -0.0258448 0.000145289
internal_weight=236.253 4.42833 1.82478 2.60355 0.919078 231.825 230.113 1.95708 228.156
internal_count=4800 118 64 54 45 4682 4668 51 4617
is_linear=0
shrinkage=0.08


Tree=130
num_leaves=8
num_cat=0
split_feature=4 1 0 0 4 4 4
split_gain=0.0557439 0.339084 0.956168 0.731914 0.145188 0.177344 0.0560224
threshold=76.500000000000014 1.5000000000000002 3.5000000000000004 4.5000000000000009 75.500000000000014 73.500000000000014 66.500000000000014
decision_type=2 2 2 2 2 2 2
left_child=4 2 -2 -3 5 6 -1
right_child=1 3 -4 -5 -6 -7 -8
leaf_value=-0.00019844782393477561 0.073667697890421102 -0.085727197323474669 -0.041528639588028639 0.0039462453793257472 0.023167129013544799 -0.034083447218025739 0.0057975534131880432
leaf_weight=218.68667009146884 0.93918061198200919 0.90408492018468689 0.90599418221972883 1.6377777261659503 1.733828768134116 0.97689365688711305 10.449344262480734
leaf_count=4478 29 37 35 17 14 32 158
internal_value=-6.52928e-05 -0.00899902 0.0171055 -0.0279486 0.000103752 -7.00229e-05 7.49892e-05
internal_weight=236.234 4.38704 1.84517 2.54186 231.847 230.113 229.136
internal_count=4800 118 64 54 4682 4668 4636
is_linear=0
shrinkage=0.08


Tree=131
num_leaves=13
num_cat=0
split_feature=4 4 4 0 4 4 1 1 2 0 0 0
split_gain=0.0577659 1.03187 0.733498 1.17553 0.0929797 0.872102 0.768774 1.60622 1.24933 0.244357 0.0851203 0.00645051
threshold=65.500000000000014 66.500000000000014 67.500000000000014 1.5000000000000002 59.500000000000007 58.500000000000007 1.5000000000000002 1.0000000180025095e-35 1.0000000180025095e-35 1.0000000180025095e-35 7.5000000000000009 7.5000000000000009
decision_type=2 2 2 2 2 2 2 2 2 2 2 2
left_child=4 10 -3 -4 5 9 7 -6 -8 -1 -2 -7
right_child=1 2 3 -5 6 11 8 -9 -10 -11 -12 -13
leaf_value=-0.0098703831323862876 -0.082176734375681446 0.065561478308804211 -0.043921299584876783 0.008351004057314388 0.025202257485534937 -0.081228841073534772 0.091496000990387613 -0.057983690852077274 0.0065995869706780806 0.001026985659942328 -0.045968999465415286 -0.06814189585998108
leaf_weight=14.150628013303502 0.85084081348032004 1.0720235519111181 3.494162478484216 12.987813786254263 3.2230844744481129 0.54677686560898919 1.4693715050816534 2.7556217387318611 4.5280275302939117 189.89377838559449 0.8122076727449894 0.43108840333297849
leaf_count=478 35 28 68 226 86 44 24 73 83 3646 5 4
internal_value=-6.20182e-05 -0.00426596 0.00143993 -0.00273067 0.000310276 -8.99569e-05 0.00716198 -0.0131386 0.0273993 0.000271245 -0.0644934 -0.0754595
internal_weight=236.215 19.217 17.554 16.482 216.998 205.022 11.9761 5.97871 5.9974 204.044 1.66305 0.977865
internal_count=4800 362 322 294 4438 4172 266 159 107 4124 40 48
is_linear=0
shrinkage=0.08


Tree=132
num_leaves=6
num_cat=0
split_feature=4 4 2 4 4
split_gain=0.0537376 0.318136 0.381506 0.0932473 0.0898326
threshold=88.500000000000014 79.500000000000014 1.0000000180025095e-35 77.500000000000014 72.500000000000014
decision_type=2 2 2 2 2
left_child=1 3 -3 4 -1
right_child=-2 2 -4 -5 -6
leaf_value=0.00012631276023425809 0.015044150972454625 0.0035470752228235133 -0.094464129178529838 0.021117368646213303 -0.011738475252110012
leaf_weight=228.07897014031187 1.497389537282287 0.51517366943880805 0.50169884151546285 1.3350272774696339 4.1585416588932267
leaf_count=4617 24 18 38 22 81
internal_value=-6.29075e-05 -0.000159336 -0.0448091 3.50495e-05 -8.61431e-05
internal_weight=236.087 234.589 1.01687 233.573 232.238
internal_count=4800 4776 56 4720 4698
is_linear=0
shrinkage=0.08


Tree=133
num_leaves=15
num_cat=0
split_feature=0 4 1 2 4 4 4 3 0 4 1 0 2 4
split_gain=0.0486392 0.444193 1.69713 2.62899 0.731705 0.447492 0.407871 0.379402 0.998615 0.833109 0.410926 1.14612 0.44253 0.00221956
threshold=3.5000000000000004 61.500000000000007 1.0000000180025095e-35 1.5000000000000002 57.500000000000007 5.5000000000000009 60.500000000000007 1.0000000180025095e-35 7.5000000000000009 31.500000000000004 1.0000000180025095e-35 4.5000000000000009 1.5000000000000002 75.500000000000014
decision_type=2 2 2 2 2 2 2 2 2 2 2 2 2 2
left_child=1 4 13 -4 5 -1 -6 10 9 -9 12 -12 -2 -3
right_child=7 2 3 -5 6 -7 -8 8 -10 -11 11 -13 -14 -15
leaf_value=-0.037589593334976454 0.0081513779835185787 -0.082568676293340235 -0.019174762850385368 0.11216883033331393 0.061179294367533284 0.0029572601185571213 -0.0027798087963457601 -0.082696238757649948 0.093285667450932183 0.050985273913963881 -0.027866966145726646 -0.0011864166969215886 -0.015095940340690285 -0.088571418644586244
leaf_weight=1.7879313487792377 39.107169860973954 1.2293109674938003 5.9844076203298755 1.1652385401539502 2.129097478697076 67.82661138754338 0.91121494350954879 0.60134527133777671 0.95827713981270779 0.5921607434283942 11.549269188195465 95.591784935444593 6.0514801582321516 0.58033514022827137
leaf_count=105 686 51 152 26 58 1711 16 23 10 24 376 1437 108 17
internal_value=-5.8573e-05 0.00152115 -0.0152858 0.00223142 0.00359366 0.00191588 0.0420101 -0.000893318 0.0324642 -0.0163698 -0.00136461 -0.00406245 0.00503612 -0.0844937
internal_weight=236.066 81.6141 8.95929 7.14965 72.6549 69.6145 3.04031 154.451 2.15178 1.19351 152.3 107.141 45.1587 1.80965
internal_count=4800 2136 246 178 1890 1816 74 2664 57 47 2607 1813 794 68
is_linear=0
shrinkage=0.08


Tree=134
num_leaves=10
num_cat=0
split_feature=4 1 0 4 2 4 4 2 4
split_gain=0.0493275 0.314134 0.847102 0.672599 0.357523 0.159352 0.145405 0.212086 0.102449
threshold=76.500000000000014 1.5000000000000002 3.5000000000000004 88.500000000000014 1.0000000180025095e-35 75.500000000000014 72.500000000000014 1.0000000180025095e-35 71.500000000000014
decision_type=2 2 2 2 2 2 2 2 2
left_child=5 2 -2 4 -3 6 8 -8 -1
right_child=1 3 -4 -5 -6 -7 7 -9 -10
leaf_value=-4.0780390363707768e-05 0.068979090807071486 -0.019547636855471489 -0.039935634529787808 0.023132624992421739 -0.098585134167499033 0.024428364464362629 0.0080314640795287294 -0.04585783412920675 0.02071065937000563
leaf_weight=226.39045643631835 0.95038631977513321 0.68835618207231164 0.8804005142301321 1.0117892399430275 0.78284857317339629 1.7098465263843525 0.83474423177540202 1.0620933263562617 1.5329280178993929
leaf_count=4599 29 15 35 11 28 14 15 36 18
internal_value=-6.16801e-05 -0.0085378 0.0166035 -0.0270752 -0.0616046 9.62438e-05 -8.47855e-05 -0.0221427 9.87861e-05
internal_weight=235.844 4.31378 1.83079 2.48299 1.4712 231.53 229.82 1.89684 227.923
internal_count=4800 118 64 54 43 4682 4668 51 4617
is_linear=0
shrinkage=0.08


Tree=135
num_leaves=14
num_cat=0
split_feature=4 4 4 0 0 0 1 0 0 4 1 2 0
split_gain=0.047833 2.04262 1.75709 6.64119 7.68116 0.640286 1.35724 0.93228 0.55373 0.448915 4.80516 0.362847 4.64357e-06
threshold=32.500000000000007 33.500000000000007 31.500000000000004 2.5000000000000004 6.5000000000000009 2.5000000000000004 1.5000000000000002 6.5000000000000009 6.5000000000000009 34.500000000000007 1.0000000180025095e-35 1.5000000000000002 1.5000000000000002
decision_type=2 2 2 2 2 2 2 2 2 2 2 2 2
left_child=2 8 5 -4 -5 6 -1 -7 12 10 -3 -11 -2
right_child=1 9 3 4 -6 7 -8 -9 -10 11 -12 -13 -14
leaf_value=-0.0071233402422732489 -0.0832190873571408 -0.095375017741816295 -0.084316669267076677 0.22254425078116541 -0.0034734326877482709 -0.015814693845442217 0.029420946517088823 0.0029168758635268778 -0.012944928918080975 0.0012023072357302239 0.066985166399569127 -0.01152249517394659 -0.083459829544930364
leaf_weight=14.454236558172852 0.74738210625946511 1.6107501462101925 1.7543828412890423 1.8254953511059286 2.0351978223770857 30.44908724585548 11.825727980583906 38.514390108641237 1.0203294921666382 109.23027701614774 4.2310306802392006 16.50936880800873 1.6335474886000154
leaf_count=375 21 25 41 41 26 830 252 408 12 2263 65 399 42
internal_value=-5.86366e-05 -0.00104347 0.0012594 0.0447475 0.103397 -0.00130444 0.00932123 -0.00535358 -0.0622535 0.000538755 0.0222177 -0.000468434 -0.0833843
internal_weight=235.841 134.983 100.859 5.61508 3.86069 95.2434 26.28 68.9635 3.40126 131.581 5.84178 125.74 2.38093
internal_count=4800 2827 1973 108 67 1865 627 1238 75 2752 90 2662 63
is_linear=0
shrinkage=0.08


Tree=136
num_leaves=8
num_cat=0
split_feature=4 4 4 2 0 0 4
split_gain=0.0488396 0.385805 0.279491 0.190435 1.21917 0.605801 0.12515
threshold=1.0000000180025095e-35 1.5000000000000002 2.5000000000000004 1.5000000000000002 6.5000000000000009 4.5000000000000009 8.5000000000000018
decision_type=2 2 2 2 2 2 2
left_child=3 -2 -3 4 5 -1 -4
right_child=1 2 6 -5 -6 -7 -8
leaf_value=-0.0085900141415409959 -0.043574384737432761 0.039791744058174809 -0.012681755823328273 0.032725974490569285 -0.043308399237662901 0.069807578651536167 6.458762090347147e-05
leaf_weight=1.0866969779599451 1.309177791699766 1.1229215924395237 5.041834697360172 1.4138483307324348 2.2786164488643408 1.5037102866917846 222.07773239299422
leaf_count=63 20 24 142 18 19 19 4495
internal_value=-7.94518e-05 -0.000269915 -2.15246e-05 0.00687933 -0.000625916 0.0369191 -0.000218369
internal_weight=235.835 229.552 228.242 6.28287 4.86902 2.59041 227.12
internal_count=4800 4681 4661 119 101 82 4637
is_linear=0
shrinkage=0.08


Tree=137
num_leaves=13
num_cat=0
split_feature=0 4 4 4 4 1 4 4 4 4 4 2
split_gain=0.0483845 0.243402 0.334588 0.896423 0.218829 1.86355 0.663326 0.49626 0.345877 0.153302 0.143081 0.00157179
threshold=7.5000000000000009 63.500000000000007 54.500000000000007 52.500000000000007 70.500000000000014 1.0000000180025095e-35 69.500000000000014 75.500000000000014 67.500000000000014 57.500000000000007 70.500000000000014 1.0000000180025095e-35
decision_type=2 2 2 2 2 2 2 2 2 2 2 2
left_child=4 2 3 -2 6 11 8 -7 -1 -4 -3 -6
right_child=1 10 9 -5 5 7 -8 -9 -10 -11 -12 -13
leaf_value=-0.00019800807048136137 -0.00038403521818052 0.0066976829540419417 -0.0063997569024973801 0.043475364190379284 -0.089384110245812304 -0.015906566613100043 0.04932027270131286 0.028235012509519836 -0.028895128582949119 -0.032544676908303177 0.030650036940129299 -0.084573413414011575
leaf_weight=152.25939503894188 55.278544772416353 4.0116033926606169 3.1898007108829907 3.1524956300854674 0.89902775920927325 3.2672265840228647 1.7151966774836171 3.2528885232750326 2.7362816073000422 2.6095923893153667 2.6508060470223427 0.8415470797335729
leaf_count=4030 389 29 25 17 17 57 21 83 46 24 24 38
internal_value=-7.49401e-05 0.00167295 0.000163236 0.00198229 -0.000826058 -0.0135166 -0.000157104 0.00611569 -0.000704625 -0.0181644 0.0162277 -0.0870582
internal_weight=235.864 70.8928 64.2304 58.431 164.972 8.26069 156.711 6.52012 154.996 5.79939 6.66241 1.74057
internal_count=4800 508 455 406 4292 195 4097 140 4076 49 53 55
is_linear=0
shrinkage=0.08


Tree=138
num_leaves=10
num_cat=0
split_feature=4 1 0 4 2 4 4 2 4
split_gain=0.0516846 0.301036 0.688643 0.592907 0.332508 0.134557 0.115239 0.203168 0.0993326
threshold=76.500000000000014 1.5000000000000002 3.5000000000000004 88.500000000000014 1.0000000180025095e-35 75.500000000000014 72.500000000000014 1.0000000180025095e-35 71.500000000000014
decision_type=2 2 2 2 2 2 2 2 2
left_child=5 2 -2 4 -3 6 8 -8 -1
right_child=1 3 -4 -5 -6 -7 7 -9 -10
leaf_value=-5.3203978596656358e-05 0.061098739878433436 -0.020311450656049699 -0.037372526155666823 0.019387508516125015 -0.097373063505954496 0.022401077279786012 0.0096993847410923265 -0.043692318747155769 0.020389761885815733
leaf_weight=226.32100153598003 0.98816134966909774 0.69160762801766396 0.84165732271503657 1.0264711510390043 0.74367595696821809 1.7171085290610779 0.82065110374241967 1.0268893488682804 1.5314861843362439
leaf_count=4599 29 15 35 11 28 14 15 36 18
internal_value=-7.16864e-05 -0.00877074 0.0158051 -0.027038 -0.0602401 8.96354e-05 -7.71524e-05 -0.0199765 8.42012e-05
internal_weight=235.709 4.29157 1.82982 2.46175 1.43528 231.417 229.7 1.84754 227.852
internal_count=4800 118 64 54 43 4682 4668 51 4617
is_linear=0
shrinkage=0.08


Tree=139
num_leaves=16
num_cat=0
split_feature=4 0 0 4 0 0 2 4 4 0 0 4 4 1 1
split_gain=0.0487472 0.538102 2.64523 0.74553 2.32674 1.26491 0.677686 0.637927 0.398411 0.676329 0.100586 0.738573 0.558123 0.0245628 1.20022e-06
threshold=23.500000000000004 5.5000000000000009 6.5000000000000009 21.500000000000004 1.0000000180025095e-35 2.5000000000000004 1.0000000180025095e-35 1.0000000180025095e-35 24.500000000000004 3.5000000000000004 5.5000000000000009 27.500000000000004 26.500000000000004 1.5000000000000002 1.5000000000000002
decision_type=2 2 2 2 2 2 2 2 2 2 2 2 2 2 2
left_child=1 3 7 4 -1 -5 -4 -3 9 14 12 -12 -10 -11 -2
right_child=8 2 6 5 -6 -7 -8 -9 10 13 11 -13 -14 -15 -16
leaf_value=-0.082277922094058292 -0.081975623925392288 -0.0096770887084661143 0.032681677152830546 0.0037055111948764746 0.0099289271593871551 0.070792635581066951 -0.002593667058462579 -0.083067823754488332 0.023360593699440088 0.0020269898232678002 -0.022091028074023644 0.0040150807310796819 -0.0036198418598727385 -0.012405829877171046 -0.082150300342553925
leaf_weight=1.9171941494569242 0.53248197585344204 1.0016523860394979 4.4458444528281715 4.3837688378989688 20.261590673588216 3.0502914600074291 16.135982474312186 3.1161107998341322 5.2147637866437426 1.1943052485585215 7.5833523329347363 81.207916304236278 83.130979095963994 2.0500979200005531 0.47751876711845398
leaf_count=113 23 12 59 57 550 47 168 101 118 27 97 1111 2268 30 19
internal_value=-6.76266e-05 0.00203489 -0.00668413 0.00930729 0.00195832 0.0312322 0.0050261 -0.0652154 -0.000697166 -0.0248898 -0.000116118 0.00178545 -0.00202727 -0.00709293 -0.0820582
internal_weight=235.704 54.3124 24.6996 29.6128 22.1788 7.43406 20.5818 4.11776 181.391 4.2544 177.137 88.7913 88.3457 3.2444 1.01
internal_count=4800 1107 340 767 663 104 227 113 3693 99 3594 1208 2386 57 42
is_linear=0
shrinkage=0.08


Tree=140
num_leaves=15
num_cat=0
split_feature=4 4 2 0 0 2 2 4 4 0 1 1 1 4
split_gain=0.0484876 0.429038 0.530106 0.655646 0.40284 1.1459 0.95058 0.209983 1.08183 0.9831 1.1037 0.920808 0.659255 0.289904
threshold=50.500000000000007 52.500000000000007 1.0000000180025095e-35 4.5000000000000009 4.5000000000000009 1.0000000180025095e-35 1.0000000180025095e-35 41.500000000000007 40.500000000000007 1.0000000180025095e-35 1.0000000180025095e-35 1.0000000180025095e-35 1.5000000000000002 37.500000000000007
decision_type=2 2 2 2 2 2 2 2 2 2 2 2 2 2
left_child=7 2 -2 -4 6 -6 -3 8 13 12 -11 -10 -9 -1
right_child=1 4 3 -5 5 -7 -8 9 11 10 -12 -13 -14 -15
leaf_value=-0.0010191680945377045 -0.072017168468606937 -0.038832854634149018 0.034940937714409474 -0.032948946238683594 0.032992841992508938 -0.0033144283187445988 0.0016320560881837721 0.0063567582458600707 0.017012405620204733 -0.014818117365406206 0.016844535575631221 -0.0721286845376444 -0.082642301229238893 0.01093783745572178
leaf_weight=124.54303599381819 1.1456074640154827 4.9870550874620703 1.3607216617092488 2.7510616350919008 7.5372544061392572 21.244272382697091 14.571472300129242 0.90196439996361655 1.0686048055067652 9.4461946529336256 27.728666923008859 2.4238715264946222 1.3010266982018948 14.487027948722242
leaf_count=2444 29 128 50 43 113 356 447 36 30 212 507 62 45 298
internal_value=-7.23133e-05 -0.00218705 -0.0238908 -0.010482 0.000173411 0.00619365 -0.00868573 0.0005508 -0.000877929 0.00572188 0.008799 -0.0448539 -0.0462037 0.00022676
internal_weight=235.498 53.5974 5.25739 4.11178 48.3401 28.7815 19.5585 181.9 142.523 39.3779 37.1749 3.49248 2.20299 139.03
internal_count=4800 1166 122 93 1044 469 575 3634 2834 800 719 92 81 2742
is_linear=0
shrinkage=0.08


Tree=141
num_leaves=14
num_cat=0
split_feature=0 4 4 2 4 4 2 1 3 0 4 4 4
split_gain=0.0532122 0.396602 0.730038 0.91171 0.825375 0.523165 0.641531 0.33688 0.704066 0.987564 0.436095 1.16066 0.901422
threshold=3.5000000000000004 14.500000000000002 28.500000000000004 1.5000000000000002 37.500000000000007 13.500000000000002 1.0000000180025095e-35 1.0000000180025095e-35 1.0000000180025095e-35 4.5000000000000009 61.500000000000007 69.500000000000014 57.500000000000007
decision_type=2 2 2 2 2 2 2 2 2 2 2 2 2
left_child=1 5 3 -3 -4 6 -1 10 9 -9 12 -12 -2
right_child=7 2 4 -5 -6 -7 -8 8 -10 -11 11 -13 -14
leaf_value=-0.082333460870352329 0.0043084327701655954 0.0081877331343168745 -0.018359838250956721 0.052608209199504652 0.0039982293772012163 -0.083492864841207728 0.0031994425953935407 -0.026528368114647129 0.05072427027314045 -0.0015015125882982109 0.058658655992512902 -0.020281721806141517 -0.061652892285909998
leaf_weight=0.6606652430491512 39.308967855293304 20.432739261537794 14.670304380357264 3.4575186353176823 37.782980393560138 0.71450424101203669 3.7283605535048991 11.282748961821197 1.5179668972268689 95.531865753233433 2.9895141478627911 1.982547757681459 1.372245100326835
leaf_count=43 690 379 372 62 1073 22 185 376 39 1437 52 41 29
internal_value=-7.24571e-05 0.00158127 0.00302465 0.0146165 -0.00225495 -0.0200101 -0.00967554 -0.000947158 -0.00337625 -0.00414508 0.00481693 0.0271822 0.00208345
internal_weight=235.433 81.4471 76.3435 23.8903 52.4533 5.10353 4.38903 153.986 108.333 106.815 45.6533 4.97206 40.6812
internal_count=4800 2136 1886 441 1445 250 228 2664 1852 1813 812 93 719
is_linear=0
shrinkage=0.08


Tree=142
num_leaves=14
num_cat=0
split_feature=4 4 1 1 4 4 4 4 1 2 4 4 3
split_gain=0.0491436 0.520862 0.458061 0.323641 1.10961 1.02721 0.285414 0.945292 0.823659 0.789533 1.85142 1.46674 0.24301
threshold=46.500000000000007 47.500000000000007 1.5000000000000002 1.5000000000000002 49.500000000000007 49.500000000000007 41.500000000000007 40.500000000000007 1.0000000180025095e-35 1.5000000000000002 43.500000000000007 43.500000000000007 1.0000000180025095e-35
decision_type=2 2 2 2 2 2 2 2 2 2 2 2 2
left_child=6 2 -2 5 -5 -3 7 12 -9 11 -11 -8 -1
right_child=1 3 -4 4 -6 -7 9 8 -10 10 -12 -13 -14
leaf_value=-0.00036016652713703078 0.0016728139612903919 -0.048204313740084735 -0.071925183113081131 0.042476447395868464 -0.00085688243192312389 -0.0013926286541558074 0.025285493457059979 0.015073625532555552 -0.069400533076348109 -0.02481332553253373 0.086557347447571209 -0.015645605603326271 0.018639505868158206
leaf_weight=134.43573654536158 0.9526234492659561 3.3450333504006258 1.2532005645334721 4.3902451908215907 27.290325311972992 29.09157916076947 10.065113423392182 1.0848797950893634 2.3151746243238449 1.6112043745815747 2.3467062851414084 12.638867096044121 4.4509970941580823
leaf_count=2643 46 104 33 72 486 742 165 30 62 28 45 245 99
internal_value=-7.25828e-05 -0.00191795 -0.0401406 -0.00060298 0.00514818 -0.00622009 0.000651842 -0.000771513 -0.0424468 0.00824788 0.0412201 0.00249994 0.000248729
internal_weight=235.272 66.323 2.20582 64.1172 31.6806 32.4366 168.949 142.287 3.40005 26.6619 3.95791 22.704 138.887
internal_count=4800 1483 79 1404 558 846 3317 2834 92 483 73 410 2742
is_linear=0
shrinkage=0.08


Tree=143
num_leaves=13
num_cat=0
split_feature=4 0 4 0 4 0 1 4 2 4 4 4
split_gain=0.0455008 1.62462 1.16048 0.993988 1.59755 0.694918 0.627303 0.314142 1.32477 0.346594 0.000189156 3.62011e-06
threshold=19.500000000000004 1.0000000180025095e-35 20.500000000000004 2.5000000000000004 14.500000000000002 4.5000000000000009 1.5000000000000002 23.500000000000004 1.5000000000000002 24.500000000000004 15.500000000000002 12.500000000000002
decision_type=2 2 2 2 2 2 2 2 2 2 2 2
left_child=1 10 6 4 -3 -5 -2 8 -4 -9 11 -1
right_child=2 3 7 5 -6 -7 -8 9 -10 -11 -12 -13
leaf_value=-0.080689926823851718 -0.083947269326711871 -0.012222541438081913 0.021230286867890771 -0.030099132872880428 0.05925244467047746 0.0041304807497592085 -0.01511630189608925 -0.023414667805311994 -0.055495507206120211 -8.732546730225098e-05 -0.082682928354393559 -0.081123493440412489
leaf_weight=0.44047180411871412 1.570804374292492 3.3803939125500602 11.953552262857553 4.5423552738502648 4.9059116691350937 23.097259984351695 1.8400591257959604 4.1725952774286261 1.6375603452324874 176.70147884479957 0.79444482736289501 0.17113781813532114
leaf_count=63 39 119 183 187 68 351 30 99 28 3594 26 13
internal_value=-7.21483e-05 0.00248956 -0.000555449 0.00579114 0.0300943 -0.00149489 -0.046815 0.000255931 0.0119858 -0.000625465 -0.0818688 -0.0808112
internal_weight=235.208 37.332 197.876 35.9259 8.28631 27.6396 3.41086 194.465 13.5911 180.874 1.40605 0.61161
internal_count=4800 827 3973 725 187 538 69 3904 211 3693 102 76
is_linear=0
shrinkage=0.08


Tree=144
num_leaves=8
num_cat=0
split_feature=4 4 4 2 0 0 2
split_gain=0.0449104 0.336078 0.241044 0.162165 1.07813 0.41519 0.116829
threshold=1.0000000180025095e-35 1.5000000000000002 2.5000000000000004 1.5000000000000002 6.5000000000000009 4.5000000000000009 1.5000000000000002
decision_type=2 2 2 2 2 2 2
left_child=3 -2 -3 4 5 -1 -4
right_child=1 2 6 -5 -6 -7 -8
leaf_value=-0.0049857229042396872 -0.04121409490334247 0.036640816715082 0.00048859894052556761 0.030346703401919663 -0.041008717937729901 0.06006648823012193 -0.0049183036961018764
leaf_weight=1.0362060985062265 1.2751200445927668 1.141544138197786 197.06575499867904 1.4233597144484518 2.2490829527378082 1.5936105623841283 29.390437077963725
leaf_count=63 20 24 3952 18 19 19 685
internal_value=-7.42943e-05 -0.000257745 -2.82862e-05 0.00658789 -0.000343449 0.0344345 -0.000213132
internal_weight=235.175 228.873 227.598 6.30226 4.8789 2.62982 226.456
internal_count=4800 4681 4661 119 101 82 4637
is_linear=0
shrinkage=0.08


Tree=145
num_leaves=14
num_cat=0
split_feature=4 4 0 2 4 0 4 1 1 1 2 2 1
split_gain=0.0406127 0.448925 0.473896 0.297633 1.69969 0.422654 0.290361 0.400865 0.140557 0.117153 1.12316 0.766294 1.02368e-06
threshold=46.500000000000007 47.500000000000007 6.5000000000000009 1.5000000000000002 61.500000000000007 2.5000000000000004 45.500000000000007 1.5000000000000002 1.0000000180025095e-35 1.0000000180025095e-35 1.0000000180025095e-35 1.0000000180025095e-35 1.5000000000000002
decision_type=2 2 2 2 2 2 2 2 2 2 2 2 2
left_child=6 2 12 5 -5 -3 9 8 -8 10 -1 -11 -2
right_child=1 3 -4 4 -6 -7 7 -9 -10 11 -12 -13 -14
leaf_value=0.025995984083209904 -0.081381423537194575 -0.0099581319676830711 -0.0056757382373128886 -0.063950423441827428 0.011389586898856751 0.0058120695597599897 0.025369994460216642 -0.0047619026751412582 0.066284564470348417 -0.012802495340219473 -0.0033917256394459202 0.0023223808491518402 -0.081208773713788943
leaf_weight=10.857594439294187 0.54803717322647516 14.842504114727488 1.2604664433747528 2.9183889878913742 5.5821876646950841 40.705060559674166 1.0961103504523626 1.9348168112337587 1.054201502352953 28.117796412669122 35.657769802724943 90.247177387820557 0.36696694884449244
leaf_count=226 35 406 18 129 92 777 22 32 18 548 737 1734 26
internal_value=-6.98859e-05 -0.0017491 -0.0374885 -0.000535166 -0.0144759 0.00159822 0.000588256 0.0216571 0.0454286 6.62471e-05 0.00346794 -0.00127056 -0.0813122
internal_weight=235.189 66.2236 2.17547 64.0481 8.50058 55.5476 168.965 4.08513 2.15031 164.88 46.5154 118.365 0.915004
internal_count=4800 1483 79 1404 221 1183 3317 72 40 3245 963 2282 61
is_linear=0
shrinkage=0.08


Tree=146
num_leaves=15
num_cat=0
split_feature=0 4 1 2 4 4 4 1 3 0 4 4 4 4
split_gain=0.050538 0.374254 1.53647 2.04864 0.653225 0.361737 0.329499 0.268186 0.557961 0.842612 0.361652 1.04926 0.771723 0.00145719
threshold=3.5000000000000004 61.500000000000007 1.0000000180025095e-35 1.5000000000000002 57.500000000000007 5.5000000000000009 60.500000000000007 1.0000000180025095e-35 1.0000000180025095e-35 4.5000000000000009 61.500000000000007 63.500000000000007 57.500000000000007 75.500000000000014
decision_type=2 2 2 2 2 2 2 2 2 2 2 2 2 2
left_child=1 4 13 -4 5 -1 -6 10 9 -9 12 -12 -2 -3
right_child=7 2 3 -5 6 -7 -8 8 -10 -11 11 -13 -14 -15
leaf_value=-0.034814535590863074 0.0037666212568314506 -0.082286715735734012 -0.01784513888627216 0.094888722258629446 0.056037225572780062 0.0027320665317956856 -0.0014570530800564901 -0.024800475019888881 0.044468482968621152 -0.0013809046618280545 0.097559221317594716 0.0060942351071668274 -0.057594565048416299 -0.087384714182151019
leaf_weight=1.6829357316019002 39.396241509821266 1.1072138708550463 5.8606833191879559 1.2520654201507566 2.1999806929379697 67.879247349686921 0.89848869899287809 10.961865327088161 1.5554699632339168 95.406378536252305 1.0056981602683652 3.9766904271673411 1.3569408883340646 0.53089611302129913
leaf_count=105 690 51 152 26 58 1711 16 376 39 1437 18 75 29 17
internal_value=-6.93248e-05 0.0015422 -0.0140876 0.00199953 0.00342457 0.00182369 0.0393651 -0.000923139 -0.00309883 -0.00379443 0.00421091 0.0245565 0.0017235 -0.0839389
internal_weight=235.071 81.4115 8.75086 7.11275 72.6607 69.5622 3.09847 153.659 107.924 106.368 45.7356 4.98239 40.7532 1.63811
internal_count=4800 2136 246 178 1890 1816 74 2664 1852 1813 812 93 719 68
is_linear=0
shrinkage=0.08


Tree=147
num_leaves=10
num_cat=0
split_feature=4 1 0 4 2 4 4 2 4
split_gain=0.0469931 0.27027 0.602627 0.528227 0.320048 0.139056 0.10105 0.169475 0.0981669
threshold=76.500000000000014 1.5000000000000002 3.5000000000000004 88.500000000000014 1.0000000180025095e-35 75.500000000000014 72.500000000000014 1.0000000180025095e-35 71.500000000000014
decision_type=2 2 2 2 2 2 2 2 2
left_child=5 2 -2 4 -3 6 8 -8 -1
right_child=1 3 -4 -5 -6 -7 7 -9 -10
leaf_value=-7.1601768148478183e-05 0.056653242006307683 -0.018998314554242529 -0.035544997112937446 0.017139004375887803 -0.096194291473869223 0.022876013761647652 0.0079109830090247739 -0.040907321600227857 0.020277608675748487
leaf_weight=225.61256782419514 0.99868896638508775 0.67176074907183647 0.83145413675811142 1.0359560661017895 0.70387031085556373 1.7004693746566761 0.83252565190195937 1.0039272382855413 1.5274969469755877
leaf_count=4599 29 15 35 11 28 14 15 36 18
internal_value=-7.00354e-05 -0.00841412 0.0147666 -0.0260058 -0.0584972 8.33972e-05 -8.58697e-05 -0.0187763 6.52449e-05
internal_weight=234.919 4.24173 1.83014 2.41159 1.37563 230.677 228.977 1.83645 227.14
internal_count=4800 118 64 54 43 4682 4668 51 4617
is_linear=0
shrinkage=0.08


Tree=148
num_leaves=15
num_cat=0
split_feature=4 1 4 1 0 0 4 4 4 0 4 1 4 1
split_gain=0.0448735 0.345695 1.08992 1.83564 1.23168 0.639684 1.9296 0.756618 0.319105 0.360185 0.165337 1.73675 0.09266 0.0584606
threshold=56.500000000000007 1.5000000000000002 68.500000000000014 1.0000000180025095e-35 1.5000000000000002 1.5000000000000002 67.500000000000014 65.500000000000014 55.500000000000007 7.5000000000000009 54.500000000000007 1.5000000000000002 52.500000000000007 1.5000000000000002
decision_type=2 2 2 2 2 2 2 2 2 2 2 2 2 2
left_child=8 2 3 -2 -4 6 -3 -7 10 13 12 -12 -1 -10
right_child=1 5 4 -5 -6 7 -8 -9 9 -11 11 -13 -14 -15
leaf_value=-0.00011422643519843816 0.002481139035004533 0.094145523063245501 -0.049476872721428977 -0.067157653822024377 0.026427590758938004 0.016609146994055208 -0.0311696169705107 -0.021517434786667761 0.029900953557462109 -0.009958718443536534 0.030575627970705437 -0.1012668346426407 0.0094331770602952766 0.054305593419736051
leaf_weight=186.83347301930189 5.4588806994725037 1.7523495759815007 1.721477362094445 4.3552602822892368 6.6667028107913211 6.814663340803234 1.4266101096291093 6.5168038489937317 1.3967404793947926 1.3752625137567522 1.6776880025863639 1.0332916220650077 6.7405285043641916 1.1416897866874933
leaf_count=3756 146 36 35 153 126 135 28 109 30 10 34 33 149 20
internal_value=-6.59559e-05 -0.00272129 -0.0103247 -0.0284227 0.01085 0.00566126 0.0379083 -0.00202822 0.000394456 0.0230136 -5.65429e-05 -0.0196762 0.000218228 0.0408772
internal_weight=234.911 34.7127 18.2023 9.81414 8.38818 16.5104 3.17896 13.3315 200.199 3.91369 196.285 2.71098 193.574 2.53843
internal_count=4800 768 460 299 161 308 64 244 4032 60 3972 67 3905 50
is_linear=0
shrinkage=0.08


Tree=149
num_leaves=15
num_cat=0
split_feature=4 4 2 0 4 0 0 4 0 1 1 4 1 4
split_gain=0.0441331 0.357884 0.477915 0.572389 0.342327 2.46734 0.308613 0.158222 0.870816 1.507 0.954886 0.821708 0.735249 0.233206
threshold=50.500000000000007 52.500000000000007 1.0000000180025095e-35 4.5000000000000009 53.500000000000007 6.5000000000000009 2.5000000000000004 41.500000000000007 1.0000000180025095e-35 1.0000000180025095e-35 1.0000000180025095e-35 40.500000000000007 1.0000000180025095e-35 37.500000000000007
decision_type=2 2 2 2 2 2 2 2 2 2 2 2 2 2
left_child=7 2 -2 -4 5 -3 -6 11 9 -9 -10 13 -13 -1
right_child=1 4 3 -5 6 -7 -8 8 10 -11 -12 12 -14 -15
leaf_value=-0.00090279812141448048 -0.068368020332076312 -0.039328761384057997 0.032422858722039774 -0.030668103718128475 -0.012923926242167615 0.094936468835494892 0.0021676655841332292 0.075515342591144646 -0.014269006280352435 -0.082518943835440159 0.015252501634369579 0.013288419566481316 -0.066690107048644198 0.0097895029625124624
leaf_weight=124.25226908456534 1.1170991882681836 1.8540023681707671 1.3894706321880219 2.7256508963182569 11.793573256145462 1.6604696307331324 32.764770541922189 0.50724206212907952 9.3608035980723781 1.6180646158754826 27.948427128605545 1.1022810284048312 2.2116844896227121 14.587729351595042
leaf_count=2444 29 69 50 43 320 13 642 22 212 59 507 30 62 298
internal_value=-6.94223e-05 -0.00209336 -0.0219627 -0.00936544 6.92138e-05 0.024107 -0.00182673 0.000524701 0.00500824 -0.0448013 0.00784562 -0.000719065 -0.0400879 0.000220627
internal_weight=234.894 53.305 5.23222 4.11512 48.0728 3.51447 44.5583 181.589 39.4345 2.12531 37.3092 142.154 3.31397 138.84
internal_count=4800 1166 122 93 1044 82 962 3634 800 81 719 2834 92 2742
is_linear=0
shrinkage=0.08


end of trees

feature_importances:
age=957
facility_enc=387
acuity_enc=260
bleeding_enc=186
pregnant=26

parameters:
[boosting: gbdt]
[objective: binary]
[metric: binary_logloss]
[tree_learner: serial]
[device_type: cpu]
[data_sample_strategy: bagging]
[data: ]
[valid: ]
[num_iterations: 150]
[learning_rate: 0.08]
[num_leaves: 31]
[num_threads: 16]
[seed: 0]
[deterministic: 0]
[force_col_wise: 0]
[force_row_wise: 0]
[histogram_pool_size: -1]
[max_depth: 4]
[min_data_in_leaf: 20]
[min_sum_hessian_in_leaf: 0.001]
[bagging_fraction: 1]
[pos_bagging_fraction: 1]
[neg_bagging_fraction: 1]
[bagging_freq: 0]
[bagging_seed: 3]
[bagging_by_query: 0]
[feature_fraction: 1]
[feature_fraction_bynode: 1]
[feature_fraction_seed: 2]
[extra_trees: 0]
[extra_seed: 6]
[early_stopping_round: 0]
[early_stopping_min_delta: 0]
[first_metric_only: 0]
[max_delta_step: 0]
[lambda_l1: 0]
[lambda_l2: 0]
[linear_lambda: 0]
[min_gain_to_split: 0]
[drop_rate: 0.1]
[max_drop: 50]
[skip_drop: 0.5]
[xgboost_dart_mode: 0]
[uniform_drop: 0]
[drop_seed: 4]
[top_rate: 0.2]
[other_rate: 0.1]
[min_data_per_group: 100]
[max_cat_threshold: 32]
[cat_l2: 10]
[cat_smooth: 10]
[max_cat_to_onehot: 4]
[top_k: 20]
[monotone_constraints: ]
[monotone_constraints_method: basic]
[monotone_penalty: 0]
[feature_contri: ]
[forcedsplits_filename: ]
[refit_decay_rate: 0.9]
[cegb_tradeoff: 1]
[cegb_penalty_split: 0]
[cegb_penalty_feature_lazy: ]
[cegb_penalty_feature_coupled: ]
[path_smooth: 0]
[interaction_constraints: ]
[verbosity: -1]
[saved_feature_importance_type: 0]
[use_quantized_grad: 0]
[num_grad_quant_bins: 4]
[quant_train_renew_leaf: 0]
[stochastic_rounding: 1]
[linear_tree: 0]
[max_bin: 255]
[max_bin_by_feature: ]
[min_data_in_bin: 3]
[bin_construct_sample_cnt: 200000]
[data_random_seed: 1]
[is_enable_sparse: 1]
[enable_bundle: 1]
[use_missing: 1]
[zero_as_missing: 0]
[feature_pre_filter: 1]
[pre_partition: 0]
[two_round: 0]
[header: 0]
[label_column: ]
[weight_column: ]
[group_column: ]
[ignore_column: ]
[categorical_feature: ]
[forcedbins_filename: ]
[precise_float_parser: 0]
[parser_config_file: ]
[objective_seed: 5]
[num_class: 1]
[is_unbalance: 0]
[scale_pos_weight: 1]
[sigmoid: 1]
[boost_from_average: 1]
[reg_sqrt: 0]
[alpha: 0.9]
[fair_c: 1]
[poisson_max_delta_step: 0.7]
[tweedie_variance_power: 1.5]
[lambdarank_truncation_level: 30]
[lambdarank_norm: 1]
[label_gain: ]
[lambdarank_position_bias_regularization: 0]
[eval_at: ]
[multi_error_top_k: 1]
[auc_mu_weights: ]
[num_machines: 1]
[local_listen_port: 12400]
[time_out: 120]
[machine_list_filename: ]
[machines: ]
[gpu_platform_id: -1]
[gpu_device_id: -1]
[gpu_use_dp: 0]
[num_gpu: 1]

end of parameters

pandas_categorical:[]
