tree
version=v4
num_class=1
num_tree_per_iteration=1
label_index=0
max_feature_idx=4
objective=binary sigmoid:1
feature_names=facility_enc acuity_enc bleeding_enc pregnant age
feature_infos=[0:8] [0:2] [0:2] [0:1] [0:90]
tree_sizes=1666 1831 1619 1836 1722 1726 1838 1724 1834 1840 1841 1840 1736 1837 1730 1853 1837 1834 1833 1840 1835 1732 1825 1839 1742 1846 1734 1843 1736 1836 1533 1621 1725 1611 1725 1618 1737 1635 1621 1731 1514 1523 1725 1743 1616 1406 1730 1738 1517 1307 1734 1511 1410 1725 1309 1411 1733 1631 1403 1741 1625 1624 1088 1848 1628 1630 1404 1409 1413 1417 1731 1636 1616 1731 1512 1841 1736 1304 1627 1756 1738 1841 1641 1638 1746 1739 1837 1739 1312 1523 1316 1309 1739 1533 1314 1628 1425 1419 1525 1744 1209 1631 1420 1310 1748 1310 1312 1731 1839 1636 1521 1735 1332 1628 1317 1643 1108 1424 1736 1421 1535 1212 1531 794 1737 1641 1310 1315 1219 791 1741 1421 1741 1423 1104 1308 1736 1736 1725 1740 1833 794 1103 1857 898 1530 1525 1009 1734 1209

Tree=0
num_leaves=15
num_cat=0
split_feature=1 0 0 0 4 4 4 4 0 4 4 4 4 4
split_gain=302.914 209.102 247.224 578.726 15.5436 12.0234 3.27276 1.22998 1.1596 1.45636 3.00658 1.1352 0.842596 0.798824
threshold=1.0000000180025095e-35 1.0000000180025095e-35 4.5000000000000009 6.5000000000000009 28.500000000000004 21.500000000000004 38.500000000000007 2.5000000000000004 5.5000000000000009 54.500000000000007 76.500000000000014 73.500000000000014 22.500000000000004 45.500000000000007
decision_type=2 2 2 2 2 2 2 2 2 2 2 2 2 2
left_child=1 4 7 -4 5 -1 -6 -3 9 13 -11 12 -10 -2
right_child=8 2 3 -5 6 -7 -8 -9 11 10 -12 -13 -14 -15
leaf_value=-1.9630491070893452 -2.4449936505499403 -2.3829126585109486 -1.9195918923721411 -2.474633639381441 -1.9630491070893454 -1.6767785038473435 -2.0711022269404933 -2.4559177792308908 -2.4418408762543313 -2.418103534208135 -2.4878785463663493 -2.4071355557083489 -2.4616994056898243 -2.4610502044224769
leaf_weight=2.1340266466140734 117.52389603853226 1.5243047475814808 23.931584537029266 24.160230249166489 2.7437485456466675 1.6767352223396299 5.1826361417770386 47.558308124542236 17.377074122428894 26.370472133159641 4.649129480123519 2.9723942577838889 64.173229873180389 23.855369299650192
leaf_count=28 1542 20 314 317 36 22 68 624 228 346 61 39 842 313
internal_value=-2.40063 -2.28882 -2.32734 -2.19843 -1.96987 -1.83709 -2.0337 -2.45365 -2.44802 -2.44426 -2.42856 -2.4557 -2.45747 -2.4477
internal_weight=365.833 108.912 97.1744 48.0918 11.7371 3.81076 7.92638 49.0826 256.922 172.399 31.0196 84.5227 81.5503 141.379
internal_count=4800 1429 1275 631 154 50 104 644 3371 2262 407 1109 1070 1855
is_linear=0
shrinkage=1


Tree=1
num_leaves=16
num_cat=0
split_feature=1 0 0 0 4 4 4 4 2 4 3 4 0 2 4
split_gain=232.792 115.313 252.78 138.24 17.5343 1.17406 2.84566 2.42048 1.38756 1.18783 1.07032 0.38886 0.911561 0.230893 0.156911
threshold=1.0000000180025095e-35 6.5000000000000009 5.5000000000000009 1.0000000180025095e-35 27.500000000000004 39.500000000000007 34.500000000000007 43.500000000000007 1.5000000000000002 63.500000000000007 1.0000000180025095e-35 41.500000000000007 7.5000000000000009 1.0000000180025095e-35 22.500000000000004
decision_type=2 2 2 2 2 2 2 2 2 2 2 2 2 2 2
left_child=1 2 3 -1 -4 6 10 8 -7 -9 -2 14 -13 -8 -3
right_child=5 11 4 -5 -6 7 13 9 -10 -11 -12 12 -14 -15 -16
leaf_value=0.27507200492057077 -0.043376612967410751 -0.068425281349213996 0.53190784764643295 0.016350049976146849 0.35481728235741783 -0.0045859146550922877 -0.08689495453904561 -0.050234549150452112 -0.062022355894916371 -0.029394102499041081 -0.086924275878853319 -0.086735509577064662 -0.035185174720192974 -0.069810615091798214 -0.086735509577064648
leaf_weight=16.589682519435883 106.5568368434906 4.3691428303718594 5.1311555206775692 65.022762328386307 11.823967069387434 16.521808713674549 6.9395596161484745 67.630999810993671 3.2158278077840796 23.6149011105299 3.7388647720217696 4.154266953468321 4.6556439995765686 18.720803245902061 9.5261638760566694
leaf_count=154 1454 61 46 806 106 226 95 925 44 320 51 58 65 256 133
internal_value=-0.000874454 0.0898947 0.127335 0.0689415 0.40841 -0.0454515 -0.0504354 -0.0393461 -0.013944 -0.0448409 -0.0448528 -0.0726418 -0.0594935 -0.0744309 -0.0809782
internal_weight=368.212 121.273 98.5676 81.6124 16.9551 246.94 135.956 110.984 19.7376 91.2459 110.296 22.7052 8.80991 25.6604 13.8953
internal_count=4800 1429 1112 960 152 3371 1856 1515 270 1245 1505 317 123 351 194
is_linear=0
shrinkage=0.08


Tree=2
num_leaves=14
num_cat=0
split_feature=1 0 0 0 0 0 4 4 4 4 4 0 4
split_gain=187.928 86.7088 180.724 146.928 13.0102 1.16161 1.48268 2.87855 1.06774 0.84575 0.396927 0.906093 0.16354
threshold=1.0000000180025095e-35 6.5000000000000009 4.5000000000000009 1.0000000180025095e-35 5.5000000000000009 5.5000000000000009 76.500000000000014 54.500000000000007 73.500000000000014 22.500000000000004 41.500000000000007 7.5000000000000009 22.500000000000004
decision_type=2 2 2 2 2 2 2 2 2 2 2 2 2
left_child=1 2 3 -1 -4 6 7 -2 9 -7 12 -12 -3
right_child=5 10 4 -5 -6 8 -8 -9 -10 -11 11 -13 -14
leaf_value=0.20572238092317924 -0.043131119658585376 -0.066883952285135204 0.18798833961558131 -0.051700498558982712 0.27881831968785675 -0.037200083397506536 -0.086454341029172432 -0.013554508113101627 -0.0037924389067749611 -0.057863196471076711 -0.086175917731119475 -0.033392546849064834 -0.086175917731119447
leaf_weight=20.216965675354004 130.65178741514683 4.1224176958203342 18.291259869933128 47.601793199777603 22.516795635223389 16.17478284239769 4.2140387743711463 25.106961570680141 2.8844536095857611 58.630955182015896 3.8587588220834714 4.5189150422811508 8.8485331609845144
leaf_count=154 1855 61 162 644 152 228 61 346 39 842 58 65 133
internal_value=-0.00122949 0.0761144 0.105082 0.025038 0.238106 -0.0435281 -0.0396304 -0.0383636 -0.0515537 -0.0533953 -0.0712779 -0.0577046 -0.0800446
internal_weight=367.638 129.975 108.627 67.8188 40.8081 237.663 159.973 155.759 77.6902 74.8057 21.3486 8.37767 12.971
internal_count=4800 1429 1112 798 314 3371 2262 2201 1109 1070 317 123 194
is_linear=0
shrinkage=0.08


Tree=3
num_leaves=16
num_cat=0
split_feature=1 0 0 0 4 4 4 4 2 4 0 4 0 2 4
split_gain=154.853 68.0444 118.763 109.921 8.08221 1.12376 2.89285 2.38488 1.31494 1.12467 1.12361 0.404847 0.899644 0.249283 0.170656
threshold=1.0000000180025095e-35 6.5000000000000009 4.5000000000000009 1.0000000180025095e-35 53.500000000000007 39.500000000000007 34.500000000000007 43.500000000000007 1.5000000000000002 63.500000000000007 6.5000000000000009 41.500000000000007 7.5000000000000009 1.0000000180025095e-35 22.500000000000004
decision_type=2 2 2 2 2 2 2 2 2 2 2 2 2 2 2
left_child=1 2 3 -1 -4 6 10 8 -7 -9 -2 14 -13 -8 -3
right_child=5 11 4 -5 -6 7 13 9 -10 -11 -12 12 -14 -15 -16
leaf_value=0.16432237674880285 -0.036567855661326941 -0.065329901504923835 0.2030030101038989 -0.049775961333722619 0.1194726339588662 -0.00050640096195426673 -0.086021932516286134 -0.046667949202478666 -0.058865899071889556 -0.025767486879218943 -0.057020101620268812 -0.085665990477053242 -0.031646372076022049 -0.067256083400922137 -0.085665990477053242
leaf_weight=23.140403836965561 80.363296166062355 3.892338544130328 38.30671164393425 45.571720242500305 9.1924780011177045 15.805957689881327 6.1836420148611095 62.569574534893036 2.9287950173020354 22.368233069777489 21.869889013469219 3.5824231654405585 4.3921682238578796 16.94514299929142 8.2148669138550741
leaf_count=154 1181 61 251 644 63 226 95 925 44 320 324 58 65 256 133
internal_value=-0.00144878 0.0660696 0.0895673 0.0223266 0.186837 -0.0416274 -0.0467233 -0.0354653 -0.00962971 -0.0411638 -0.040943 -0.0699095 -0.0559136 -0.0722733 -0.0791282
internal_weight=365.328 136.293 116.211 68.7121 47.4992 229.035 125.362 103.673 18.7348 84.9378 102.233 20.0818 7.97459 23.1288 12.1072
internal_count=4800 1429 1112 798 314 3371 1856 1515 270 1245 1505 317 123 351 194
is_linear=0
shrinkage=0.08


Tree=4
num_leaves=15
num_cat=0
split_feature=1 0 0 0 0 0 4 4 2 4 4 4 0 4
split_gain=129.274 54.8252 83.3278 85.4482 8.00876 1.10131 1.52926 2.71295 1.04931 1.61901 0.661322 0.412448 0.891989 0.178206
threshold=1.0000000180025095e-35 6.5000000000000009 4.5000000000000009 1.0000000180025095e-35 5.5000000000000009 5.5000000000000009 76.500000000000014 54.500000000000007 1.5000000000000002 73.500000000000014 46.500000000000007 41.500000000000007 7.5000000000000009 22.500000000000004
decision_type=2 2 2 2 2 2 2 2 2 2 2 2 2 2
left_child=1 2 3 -1 -4 6 7 -2 9 -7 -10 13 -13 -3
right_child=5 11 4 -5 -6 8 -8 -9 10 -11 -12 12 -14 -15
leaf_value=0.13633552621580497 -0.039392451064539667 -0.063759966328528359 0.11885464331048287 -0.047859960489797411 0.18143410450052436 -0.046361169582463939 -0.085769195462795073 -0.0099855444595367115 -0.085868703613568936 0.024096475408100719 -0.044435589550165376 -0.085200812709043131 -0.029949365390240696 -0.085200812709043131
leaf_weight=25.543766677379608 121.65706044435501 3.6779786795377749 23.68415068089962 43.683433324098587 29.25511845946312 58.615879226475954 3.8271212503314009 24.046802043914795 6.8714944459497911 2.1643113344907752 3.8450409844517708 3.3243136107921591 4.2747371643781662 7.6229950040578842
leaf_count=154 1855 61 162 644 152 912 61 346 108 30 59 58 65 133
internal_value=-0.00156744 0.0582664 0.0778829 0.0201053 0.153437 -0.0397552 -0.0358504 -0.0345392 -0.0479218 -0.0438523 -0.0710027 -0.0685318 -0.0541199 -0.0782227
internal_weight=362.094 141.066 122.166 69.2272 52.9393 221.028 149.531 145.704 71.4967 60.7802 10.7165 18.9 7.59905 11.301
internal_count=4800 1429 1112 798 314 3371 2262 2201 1109 942 167 317 123 194
is_linear=0
shrinkage=0.08


Tree=5
num_leaves=15
num_cat=0
split_feature=1 0 0 0 0 0 4 4 2 4 4 4 4 4
split_gain=108.945 45.0486 61.4263 68.0743 6.05542 1.04364 1.49301 2.4769 1.02932 1.45432 0.671469 0.419564 0.912318 0.186137
threshold=1.0000000180025095e-35 6.5000000000000009 4.5000000000000009 1.0000000180025095e-35 5.5000000000000009 5.5000000000000009 76.500000000000014 54.500000000000007 1.5000000000000002 73.500000000000014 46.500000000000007 41.500000000000007 56.500000000000007 22.500000000000004
decision_type=2 2 2 2 2 2 2 2 2 2 2 2 2 2
left_child=1 2 3 -1 -4 6 7 -2 9 -7 -10 13 -13 -3
right_child=5 11 4 -5 -6 8 -8 -9 10 -11 -12 12 -14 -15
leaf_value=0.11594310858339306 -0.037546367377502103 -0.062171747323056845 0.10116299688279724 -0.045954842272775132 0.15352566665641551 -0.044473150401120584 -0.085294999644585284 -0.0092684505845198606 -0.085385846188521047 0.021704360998008172 -0.042547410067745435 -0.027932226497631957 -0.085344071875099417 -0.084776053723141662
leaf_weight=27.539537161588669 117.59871577471495 3.4784304946661013 25.514243513345718 41.928351193666458 31.690601289272308 56.312532544136047 3.5517192222177973 23.843481756746769 6.3775988034903985 2.2086565196514121 3.7004930898547173 4.169517505913972 3.0799507983028889 7.0707339234650135
leaf_count=154 1855 61 162 644 152 912 61 346 108 30 59 70 53 133
internal_value=-0.00162033 0.0520354 0.0687806 0.0182273 0.130171 -0.0379123 -0.0340658 -0.0327794 -0.0460422 -0.0419755 -0.0696563 -0.0671405 -0.0523238 -0.0773226
internal_weight=358.065 144.471 126.673 69.4679 57.2048 213.593 144.994 141.442 68.5993 58.5212 10.0781 17.7986 7.24947 10.5492
internal_count=4800 1429 1112 798 314 3371 2262 2201 1109 942 167 317 123 194
is_linear=0
shrinkage=0.08


Tree=6
num_leaves=16
num_cat=0
split_feature=1 0 0 0 0 4 4 4 0 3 4 4 0 2 4
split_gain=92.3522 37.5038 46.7067 55.1524 4.87817 0.993893 3.05229 2.49964 1.35548 1.23236 1.03554 0.426577 0.919077 0.280437 0.194392
threshold=1.0000000180025095e-35 6.5000000000000009 4.5000000000000009 1.0000000180025095e-35 5.5000000000000009 39.500000000000007 34.500000000000007 43.500000000000007 1.5000000000000002 1.0000000180025095e-35 63.500000000000007 41.500000000000007 7.5000000000000009 1.0000000180025095e-35 22.500000000000004
decision_type=2 2 2 2 2 2 2 2 2 2 2 2 2 2 2
left_child=1 2 3 -1 -4 6 9 8 -7 -2 -9 14 -13 -8 -3
right_child=5 11 4 -5 -6 7 13 10 -10 -11 -12 12 -14 -15 -16
leaf_value=0.10031265086169242 -0.033304182682920028 -0.060563604335515109 0.08742746147955717 -0.044063473671040868 0.13306852193811738 -0.044431333466424909 -0.085091277595315123 -0.041824227181694082 0.009438652975877336 -0.085376615031488565 -0.020978832399783022 -0.084518243131386298 -0.025538574547046337 -0.063715804633113216 -0.084387845113468377
leaf_weight=29.206815034151077 88.737086318433285 3.2928113788366336 27.088118627667427 40.298207342624664 33.549992769956589 3.8454731032252338 5.3417901210486916 56.615141227841377 13.427627984434364 3.0073045007884494 20.875891223549843 2.9326926842331877 3.9935324043035507 14.84285072609782 6.5559150278568268
leaf_count=154 1454 61 162 644 152 59 95 925 211 51 320 58 65 256 133
internal_value=-0.00163451 0.0468581 0.0613696 0.016605 0.11268 -0.0361032 -0.0412077 -0.0300742 -0.00255431 -0.0350111 -0.0362085 -0.0657241 -0.0505117 -0.0693727 -0.0764225
internal_weight=353.611 146.918 130.143 69.505 60.6381 206.693 111.929 94.7641 17.2731 91.7444 77.491 16.775 6.92623 20.1846 9.84873
internal_count=4800 1429 1112 798 314 3371 1856 1515 270 1505 1245 317 123 351 194
is_linear=0
shrinkage=0.08


Tree=7
num_leaves=15
num_cat=0
split_feature=1 0 0 0 4 0 4 4 2 4 4 4 4 4
split_gain=78.6064 31.5277 36.3233 45.2244 4.57638 1.03346 1.52969 2.27368 1.04109 1.30282 0.70371 0.432289 0.933292 0.202914
threshold=1.0000000180025095e-35 6.5000000000000009 4.5000000000000009 1.0000000180025095e-35 33.500000000000007 5.5000000000000009 76.500000000000014 54.500000000000007 1.5000000000000002 73.500000000000014 46.500000000000007 41.500000000000007 56.500000000000007 22.500000000000004
decision_type=2 2 2 2 2 2 2 2 2 2 2 2 2 2
left_child=1 2 3 -1 -4 6 7 -2 9 -7 -10 13 -13 -3
right_child=5 11 4 -5 -6 8 -8 -9 10 -11 -12 12 -14 -15
leaf_value=0.087886489894491632 -0.033854955382238552 -0.058934593315855113 0.12469004816854649 -0.042189063517591399 0.081002810558766833 -0.041069651975616434 -0.084761146345763427 -0.006203552818179553 -0.084785225610121279 0.021633114114601587 -0.039115079271378354 -0.023641800344324362 -0.084678230262934362 -0.084032759410633276
leaf_weight=30.605191767215729 110.13388961553574 3.1202691718935949 26.043087735772133 38.785071521997452 37.360811978578568 52.518325053155422 3.2339848317205897 23.00731248408556 5.7442987002432329 2.2100027650594702 3.45982376486063 3.9033324755728236 2.7209704890847206 6.0764048509299755
leaf_count=154 1855 61 127 644 187 912 61 346 108 30 59 70 53 133
internal_value=-0.00162489 0.0424582 0.0551765 0.0151819 0.0989473 -0.0343316 -0.0303972 -0.0290767 -0.0427242 -0.0385376 -0.0676178 -0.0642942 -0.0487129 -0.0755174
internal_weight=348.923 148.615 132.794 69.3903 63.4039 200.308 136.375 133.141 63.9325 54.7283 9.20412 15.821 6.6243 9.19667
internal_count=4800 1429 1112 798 314 3371 2262 2201 1109 942 167 317 123 194
is_linear=0
shrinkage=0.08


Tree=8
num_leaves=16
num_cat=0
split_feature=1 0 0 0 0 0 4 4 2 4 4 4 0 4 0
split_gain=67.0392 26.6703 28.5871 37.4141 4.47012 0.967333 1.48273 2.06781 1.01273 1.16259 0.711951 0.437502 0.939053 0.211641 4.44089e-16
threshold=1.0000000180025095e-35 6.5000000000000009 4.5000000000000009 1.0000000180025095e-35 5.5000000000000009 5.5000000000000009 76.500000000000014 63.500000000000007 1.5000000000000002 73.500000000000014 46.500000000000007 41.500000000000007 7.5000000000000009 22.500000000000004 2.5000000000000004
decision_type=2 2 2 2 2 2 2 2 2 2 2 2 2 2 2
left_child=1 2 3 -1 -4 6 7 -2 9 -7 -10 13 -13 -3 -8
right_child=5 11 4 -5 -6 8 14 -9 10 -11 -12 12 -14 -15 -16
leaf_value=0.077732276803991834 -0.030434856833417571 -0.057284495265793149 0.064786376283157504 -0.04033512594380137 0.10665857463238684 -0.039234237025690448 -0.084374224140518192 0.0069386743831725455 -0.084396285762727591 0.019529294425134694 -0.037296183061119502 -0.083948038684391796 -0.021336610090727532 -0.083707725472360939 -0.084374224140518164
leaf_weight=31.781325697898865 119.51440732553601 2.9599844366312009 29.972182437777519 37.381374776363373 35.816062271595001 50.655564580112696 1.5238164514303201 10.290416933596132 5.3260990642011148 2.2504437714815131 3.3431879952549934 2.5911895409226409 3.75429742410779 5.6301234364509583 1.4746610820293424
leaf_count=154 2050 61 162 644 152 912 31 151 108 30 59 58 65 133 30
internal_value=-0.00159939 0.0386029 0.0498295 0.0139187 0.0875822 -0.0325996 -0.0287568 -0.027472 -0.0408877 -0.0367346 -0.0662328 -0.0628348 -0.0469041 -0.0746028 -0.0843742
internal_weight=344.265 149.887 134.951 69.1627 65.7882 194.379 132.803 129.805 61.5753 52.906 8.66929 14.9356 6.34549 8.59011 2.99848
internal_count=4800 1429 1112 798 314 3371 2262 2201 1109 942 167 317 123 194 61
is_linear=0
shrinkage=0.08


Tree=9
num_leaves=16
num_cat=0
split_feature=1 0 0 0 0 2 4 4 1 0 4 4 4 4 0
split_gain=57.3308 22.7172 22.9131 31.1602 3.83521 0.933158 1.44684 2.45975 0.79093 2.63761 0.865716 0.441173 0.947199 0.220509 0.000671388
threshold=1.0000000180025095e-35 6.5000000000000009 4.5000000000000009 1.0000000180025095e-35 5.5000000000000009 1.0000000180025095e-35 77.500000000000014 73.500000000000014 1.5000000000000002 4.5000000000000009 19.500000000000004 41.500000000000007 56.500000000000007 22.500000000000004 5.5000000000000009
decision_type=2 2 2 2 2 2 2 2 2 2 2 2 2 2 2
left_child=1 2 3 -1 -4 8 7 -7 9 -2 -10 13 -13 -3 -8
right_child=5 11 4 -5 -6 6 14 -9 10 -11 -12 12 -14 -15 -16
leaf_value=0.069255751973916355 -0.0014296317064694437 -0.055613747997420547 0.057632627536145432 -0.038505368784476177 0.095886239625162975 -0.027972396760143545 -0.084020290137585399 0.056524964220192535 -0.020271045410365646 -0.059689749823794616 -0.057610716341656161 -0.019575070030969473 -0.084120971648277559 -0.083409991763896976 -0.08659100584721556
leaf_weight=32.772605061531067 10.502223894000055 2.811173412948845 30.952906280755997 36.079911395907402 36.615733593702316 138.62652968242764 1.7312608361244195 2.2405117973685256 4.9376497529447105 9.4469641260802728 20.359123922884464 3.6776638701558104 2.4076632410287857 5.2150562293827534 1.0412544645369051
leaf_count=154 184 61 162 644 152 2477 38 34 88 170 365 70 53 133 15
internal_value=-0.00155908 0.0352708 0.0452662 0.0127871 0.0783624 -0.0309107 -0.0277549 -0.0266285 -0.0409295 -0.0290188 -0.0503224 -0.0613577 -0.0451127 -0.0736744 -0.0849858
internal_weight=339.418 150.533 136.421 68.8525 67.5686 188.886 143.64 140.867 45.246 19.9492 25.2968 14.1116 6.08533 8.02623 2.77252
internal_count=4800 1429 1112 798 314 3371 2564 2511 807 354 453 317 123 194 53
is_linear=0
shrinkage=0.08


Tree=10
num_leaves=16
num_cat=0
split_feature=1 0 0 0 4 4 4 4 0 3 4 4 0 2 4
split_gain=49.0931 19.4363 18.5561 26.0846 3.76144 0.908837 3.22628 2.61774 1.36361 1.32296 0.895608 0.444006 0.950889 0.313952 0.22945
threshold=1.0000000180025095e-35 6.5000000000000009 4.5000000000000009 1.0000000180025095e-35 53.500000000000007 39.500000000000007 34.500000000000007 43.500000000000007 1.5000000000000002 1.0000000180025095e-35 63.500000000000007 41.500000000000007 7.5000000000000009 1.0000000180025095e-35 22.500000000000004
decision_type=2 2 2 2 2 2 2 2 2 2 2 2 2 2 2
left_child=1 2 3 -1 -4 6 9 8 -7 -2 -9 14 -13 -8 -3
right_child=5 11 4 -5 -6 7 13 10 -10 -11 -12 12 -14 -15 -16
leaf_value=0.062059229227601931 -0.025987026357325731 -0.053923438161239144 0.079643002126570342 -0.036703584872397006 0.032171336670093573 -0.038446874058322721 -0.084164952362338882 -0.035515508787960413 0.018677947001137767 -0.084478931095197135 -0.015235017584131991 -0.083470493094534345 -0.017389247248276889 -0.059525027072045933 -0.083137101530846691
leaf_weight=33.609442561864853 78.771627932786942 2.6730893813073617 55.773163020610809 34.873849406838417 13.213026493787764 3.4169840291142455 4.4607955180108574 50.196229711174965 12.30553539842367 2.5550443045794955 19.292226683348417 2.2936662621796131 3.5516720600426197 12.82312938198447 4.8292634896934032
leaf_count=154 1454 61 251 644 63 59 95 925 211 51 320 58 65 256 133
internal_value=-0.00151167 0.032317 0.0412659 0.0117661 0.0705507 -0.0292665 -0.0344956 -0.0232152 0.00626298 -0.0278247 -0.029885 -0.0598491 -0.043319 -0.0658843 -0.0727283
internal_weight=334.639 150.817 137.469 68.4833 68.9862 183.822 98.6106 85.211 15.7225 81.3267 69.4885 13.3477 5.84534 17.2839 7.50235
internal_count=4800 1429 1112 798 314 3371 1856 1515 270 1505 1245 317 123 351 194
is_linear=0
shrinkage=0.08


Tree=11
num_leaves=16
num_cat=0
split_feature=1 0 0 0 0 0 4 4 2 4 4 4 4 4 4
split_gain=42.0478 16.6726 15.0773 21.9218 3.52538 0.926015 1.49013 1.95046 1.05562 1.07551 0.764581 0.445113 0.953133 0.238393 1.94418e-06
threshold=1.0000000180025095e-35 6.5000000000000009 4.5000000000000009 1.0000000180025095e-35 5.5000000000000009 5.5000000000000009 76.500000000000014 54.500000000000007 1.5000000000000002 22.500000000000004 46.500000000000007 41.500000000000007 56.500000000000007 22.500000000000004 79.500000000000014
decision_type=2 2 2 2 2 2 2 2 2 2 2 2 2 2 2
left_child=1 2 3 -1 -4 6 7 -2 9 -7 -10 13 -13 -3 -8
right_child=5 11 4 -5 -6 8 14 -9 10 -11 -12 12 -14 -15 -16
leaf_value=0.055865897277923945 -0.027260915796835504 -0.052215275615475835 0.044515259532693328 -0.034933587338864223 0.080432511773714202 -0.0092832554895721682 -0.083823540957694495 -0.00073981170131587532 -0.083833811142228903 -0.038107374271305866 -0.032478873118760618 -0.015776661252774535 -0.083653158055273152 -0.082886835024446881 -0.083682312610229417
leaf_weight=34.316829204559326 98.706371046602726 2.5450226627290231 32.799896627664566 33.756723150610924 37.468628913164139 10.609414681792257 1.041399218142032 21.637836556881666 4.7007693499326697 37.811561923474073 3.0652789957821369 3.4871517531573772 2.134433601051569 4.4708852469921112 1.555864557623863
leaf_count=154 1855 61 162 644 152 203 24 346 108 739 59 70 53 133 37
internal_value=-0.00146225 0.0296375 0.0376725 0.0108397 0.0636671 -0.0276749 -0.0237863 -0.0224924 -0.0361833 -0.0317918 -0.0635639 -0.0583212 -0.0415484 -0.0717607 -0.0837389
internal_weight=330.108 150.98 138.342 68.0736 70.2685 179.128 122.941 120.344 56.187 48.421 7.76605 12.6375 5.62159 7.01591 2.59726
internal_count=4800 1429 1112 798 314 3371 2262 2201 1109 942 167 317 123 194 61
is_linear=0
shrinkage=0.08


Tree=12
num_leaves=15
num_cat=0
split_feature=1 0 0 0 4 2 4 4 4 4 4 0 4 0
split_gain=36.0557 14.3563 12.3958 18.4796 3.29541 0.902272 1.43147 2.14091 0.825788 1.88589 0.445119 0.954033 0.247262 0.000507757
threshold=1.0000000180025095e-35 6.5000000000000009 4.5000000000000009 1.0000000180025095e-35 33.500000000000007 1.0000000180025095e-35 77.500000000000014 63.500000000000007 8.5000000000000018 11.500000000000002 41.500000000000007 7.5000000000000009 22.500000000000004 5.5000000000000009
decision_type=2 2 2 2 2 2 2 2 2 2 2 2 2 2
left_child=1 2 3 -1 -4 8 7 -7 -2 -10 12 -12 -3 -8
right_child=5 10 4 -5 -6 6 13 -9 9 -11 11 -13 -14 -15
leaf_value=0.05047672226413287 -0.084708777398766325 -0.050491525866568319 0.078509126465395845 -0.033199121520373756 0.043493109477015859 -0.024988888672904053 -0.083348032970292626 0.011076327389011861 0.074345304006615931 -0.03663761505435742 -0.083069489603687041 -0.013736172472507838 -0.082657214160249223 -0.085741664318197325
leaf_weight=34.915446013212204 2.1506442092359057 2.4263015277683717 29.125844344496727 32.722426533699036 42.013019397854805 119.37384923920035 1.4651159867644303 11.55374216660857 1.0056332200765599 38.303031638264656 2.0345153193920851 3.3808538503944874 4.1381469983607531 0.92543915286660183
leaf_count=154 41 61 127 644 187 2326 38 185 19 747 58 65 133 15
internal_value=-0.00140469 0.0272624 0.0345157 0.00999531 0.0578295 -0.0261318 -0.0229264 -0.0218063 -0.0364392 -0.0337983 -0.0567623 -0.0397842 -0.0707684 -0.0842747
internal_weight=325.534 150.757 138.777 67.6379 71.1389 174.777 133.318 130.928 41.4593 39.3087 11.9798 5.41537 6.56445 2.39056
internal_count=4800 1429 1112 798 314 3371 2564 2511 807 766 317 123 194 53
is_linear=0
shrinkage=0.08


Tree=13
num_leaves=16
num_cat=0
split_feature=1 0 0 0 4 0 4 4 2 4 4 2 4 4 4
split_gain=30.8999 12.3778 11.1835 6.64721 4.18131 0.860448 1.41428 1.64062 1.0463 1.15689 0.786391 0.466642 0.626201 0.000185773 4.00633e-06
threshold=1.0000000180025095e-35 6.5000000000000009 5.5000000000000009 1.0000000180025095e-35 25.500000000000004 5.5000000000000009 76.500000000000014 54.500000000000007 1.5000000000000002 73.500000000000014 46.500000000000007 1.0000000180025095e-35 41.500000000000007 41.500000000000007 79.500000000000014
decision_type=2 2 2 2 2 2 2 2 2 2 2 2 2 2 2
left_child=1 2 3 -1 -4 6 7 -2 9 -7 -10 13 -13 -3 -8
right_child=5 11 4 -5 -6 8 14 -9 10 -11 -12 12 -14 -15 -16
leaf_value=0.04574463367557785 -0.024140825424870872 -0.082750133377257687 0.1156528595315048 0.0027817864630579415 0.053671123082439522 -0.031410553497983641 -0.083380943840859173 0.00041809450213400504 -0.083438592111938215 0.029899462168901634 -0.029491105030581534 -0.06561733992200891 -0.022116140205654437 -0.084049048665760268 -0.08316490710957368
leaf_weight=35.422492206096649 94.023852914571762 1.4817501585930561 9.2122241854667646 65.975962281227112 28.563859581947327 43.86570592597127 0.9252262189984316 21.364493798464537 4.256109792739152 2.0623546764254561 2.9128647558391094 4.6639025919139385 3.8794482201337814 1.3437707126140592 1.3524041101336477
leaf_count=154 1855 47 37 806 115 912 24 346 108 30 59 147 92 31 37
internal_value=-0.0013467 0.0250759 0.0316322 0.0177904 0.0687862 -0.0246406 -0.0208259 -0.0195937 -0.0330943 -0.0286575 -0.0615189 -0.0551848 -0.0458639 -0.0833679 -0.0832527
internal_weight=321.306 150.543 139.175 101.398 37.7761 170.763 117.666 115.388 53.097 45.9281 7.16897 11.3689 8.54335 2.82552 2.27763
internal_count=4800 1429 1112 960 152 3371 2262 2201 1109 942 167 317 239 78 61
is_linear=0
shrinkage=0.08


Tree=14
num_leaves=15
num_cat=0
split_feature=1 0 0 0 4 2 4 4 4 4 2 4 0 4
split_gain=26.4822 10.6781 9.81204 14.122 2.76722 0.856932 1.37119 1.89352 0.821439 1.7401 0.470732 0.6044 0.000501242 0.000144899
threshold=1.0000000180025095e-35 6.5000000000000009 4.5000000000000009 1.0000000180025095e-35 11.500000000000002 1.0000000180025095e-35 77.500000000000014 73.500000000000014 8.5000000000000018 24.500000000000004 1.0000000180025095e-35 41.500000000000007 5.5000000000000009 41.500000000000007
decision_type=2 2 2 2 2 2 2 2 2 2 2 2 2 2
left_child=1 2 3 -1 -4 8 7 -7 -2 -10 13 -12 -8 -3
right_child=5 10 4 -5 -6 6 12 -9 9 -11 11 -13 -14 -15
leaf_value=0.041558308268824472 -0.084211077356706798 -0.082532003993578087 0.10505847532484996 -0.031647623954730288 0.045115203487096404 -0.020290642738268465 -0.082834280993720658 0.053113768088429394 0.0011364436316808957 -0.040203572850614065 -0.06435608010117741 -0.020776835772964807 -0.085338878013601197 -0.083724094342053967
leaf_weight=35.852337509393692 1.9459309205412854 1.3712960872799134 5.3222230821847907 31.84447106719017 66.680790454149246 123.3236792832613 1.2557325288653367 2.2908601313829413 8.4096577763557416 28.946909390389919 4.3863107226788998 3.8024495877325535 0.86273157969117154 1.2450754754245279
leaf_count=154 41 47 23 644 291 2477 38 34 168 598 147 92 15 31
internal_value=-0.00127684 0.0230618 0.028988 0.00712235 0.049546 -0.0232068 -0.0200284 -0.018952 -0.0335368 -0.0308972 -0.0535586 -0.0441201 -0.0838543 -0.0830993
internal_weight=317.54 150.505 139.7 67.6968 72.003 167.036 127.733 125.615 39.3025 37.3566 10.8051 8.18876 2.11846 2.61637
internal_count=4800 1429 1112 798 314 3371 2564 2511 807 766 317 239 53 78
is_linear=0
shrinkage=0.08


Tree=15
num_leaves=16
num_cat=0
split_feature=1 0 0 0 4 4 4 4 3 4 4 2 4 2 4
split_gain=22.6943 9.23298 8.68863 4.77083 3.98467 0.808677 3.34768 2.7757 1.40983 1.40536 0.758068 0.473934 0.581218 0.349098 0.000113096
threshold=1.0000000180025095e-35 6.5000000000000009 5.5000000000000009 1.0000000180025095e-35 54.500000000000007 39.500000000000007 34.500000000000007 43.500000000000007 1.0000000180025095e-35 41.500000000000007 63.500000000000007 1.0000000180025095e-35 41.500000000000007 1.0000000180025095e-35 41.500000000000007
decision_type=2 2 2 2 2 2 2 2 2 2 2 2 2 2 2
left_child=1 2 3 -1 -4 6 8 9 -2 -7 -9 14 -13 -8 -3
right_child=5 11 4 -5 -6 7 13 10 -10 -11 -12 12 -14 -15 -16
leaf_value=0.037831734801949575 -0.018065506195908441 -0.082331663457327051 0.070717970286075904 0.0016824900781616913 -0.00056220698577935115 -0.0084597177550606913 -0.083348510218335503 -0.028698956818960123 -0.083724985400397176 0.0417320805349966 -0.0091828853138230561 -0.063058257903658876 -0.019494734895971401 -0.054822234513931464 -0.083426228593851862
leaf_weight=36.217009454965591 70.052623201161623 1.2688210085034355 31.746943339705467 65.846829354763031 5.9617516994476309 7.337310489267109 3.6543688438832733 44.576366886496544 2.1573653705418101 6.9540751613676548 17.834384206682444 4.1290602646768093 3.7313610017299652 11.040722049772739 1.1532864086329935
leaf_count=154 1454 47 128 806 24 139 95 925 51 131 320 147 92 256 31
internal_value=-0.00121812 0.0212514 0.0266337 0.0145099 0.0594486 -0.0218264 -0.0271103 -0.0158396 -0.0200272 0.0159632 -0.0231221 -0.0519125 -0.0423785 -0.0619161 -0.0828528
internal_weight=313.662 150.055 139.773 102.064 37.7087 163.607 86.9051 76.7021 72.21 14.2914 62.4108 10.2825 7.86042 14.6951 2.42211
internal_count=4800 1429 1112 960 152 3371 1856 1515 1505 270 1245 317 239 351 78
is_linear=0
shrinkage=0.08


Tree=16
num_leaves=16
num_cat=0
split_feature=1 0 0 0 4 0 4 4 2 4 1 2 4 4 4
split_gain=19.4489 7.98625 7.83677 10.9264 2.34245 0.817074 1.38375 1.44661 1.04686 1.07962 0.869828 0.476134 0.55684 8.8329e-05 8.37952e-06
threshold=1.0000000180025095e-35 6.5000000000000009 4.5000000000000009 1.0000000180025095e-35 33.500000000000007 5.5000000000000009 76.500000000000014 54.500000000000007 1.5000000000000002 22.500000000000004 1.5000000000000002 1.0000000180025095e-35 41.500000000000007 41.500000000000007 79.500000000000014
decision_type=2 2 2 2 2 2 2 2 2 2 2 2 2 2 2
left_child=1 2 3 -1 -4 6 7 -2 9 -7 -10 13 -13 -3 -8
right_child=5 11 4 -5 -6 8 14 -9 10 -11 -12 12 -14 -15 -16
leaf_value=0.034497214648613383 -0.019948074667320407 -0.082147582839994904 0.060091017947498583 -0.030080178210275012 0.030816251011332063 -0.00088975277820046593 -0.083031149907943705 0.003569053576385628 -0.024255796152866535 -0.031331306882354679 -0.08356870886683071 -0.06172299283307673 -0.018270185085800958 -0.083153034799583886 -0.082697797633695933
leaf_weight=36.5266073346138 88.31961664557457 1.1737874317914232 29.49504654109478 30.99982587993145 42.989032417535782 9.6025412268936616 0.82457433640956779 20.65534932166338 2.7062310315668574 33.357777483761311 3.8104505687952042 3.8907437920570374 3.6657445635646582 1.0679731033742426 1.1636843867599962
leaf_count=154 1855 47 127 644 187 203 24 346 71 739 96 147 92 31 37
internal_value=-0.00115445 0.0195742 0.0244605 0.00485123 0.0427287 -0.0205095 -0.0166973 -0.0154906 -0.0290592 -0.024527 -0.0589374 -0.0502489 -0.0406435 -0.0826266 -0.082836
internal_weight=310.249 149.809 140.011 67.5264 72.4841 160.44 110.963 108.975 49.477 42.9603 6.51668 9.79825 7.55649 2.24176 1.98826
internal_count=4800 1429 1112 798 314 3371 2262 2201 1109 942 167 317 239 78 61
is_linear=0
shrinkage=0.08


Tree=17
num_leaves=16
num_cat=0
split_feature=1 0 0 4 4 2 4 4 1 0 4 2 2 0 4
split_gain=16.6625 6.92 6.81712 4.29039 3.43793 0.800274 1.31111 1.58374 0.863039 2.78098 1.03177 0.477238 0.554521 0.000363705 6.90242e-05
threshold=1.0000000180025095e-35 6.5000000000000009 5.5000000000000009 65.500000000000014 25.500000000000004 1.0000000180025095e-35 77.500000000000014 73.500000000000014 1.5000000000000002 4.5000000000000009 9.5000000000000018 1.0000000180025095e-35 1.5000000000000002 5.5000000000000009 41.500000000000007
decision_type=2 2 2 2 2 2 2 2 2 2 2 2 2 2 2
left_child=1 2 3 -1 -4 8 7 -7 9 -2 -10 14 -13 -8 -3
right_child=5 11 4 -5 -6 6 13 -9 10 -11 -12 12 -14 -15 -16
leaf_value=0.016223157994356453 0.01420405788147042 -0.081978391660999045 0.095404122400011893 -0.049331418373129328 0.038273745440907309 -0.016377114295855057 -0.082379690755948073 0.050132894475235286 0.023411184291616944 -0.05192150413317774 -0.045725037559139335 -0.027812603590242891 -0.082839766710742543 -0.084668079303399063 -0.082902341139548155
leaf_weight=95.559489283710718 8.9240931421518344 1.0856878608465179 8.8199273049831373 6.8474009446799746 28.603944361209869 116.66368966177106 1.0659912712872017 2.3372394591569892 1.4912302643060709 7.4839963763952246 18.775928057730198 5.8068003933876753 1.4684304669499395 0.76240674778819073 0.9887234941124915
leaf_count=893 184 47 37 67 115 2477 38 34 34 170 419 191 48 15 31
internal_value=-0.00109769 0.0180627 0.0225181 0.0118399 0.051738 -0.0192455 -0.0161038 -0.0150708 -0.029596 -0.0159569 -0.0406381 -0.0485705 -0.0389193 -0.0833339 -0.0824188
internal_weight=306.685 149.18 139.831 102.407 37.4239 157.505 120.829 119.001 36.6752 16.4081 20.2672 9.34964 7.27523 1.8284 2.07441
internal_count=4800 1429 1112 960 152 3371 2564 2511 807 354 453 317 239 53 78
is_linear=0
shrinkage=0.08


Tree=18
num_leaves=16
num_cat=0
split_feature=1 0 0 0 4 4 4 2 0 0 0 4 2 4 4
split_gain=14.2583 5.98816 6.01867 9.22182 2.07619 0.78546 5.8226 5.15598 1.8414 4.30114 2.09005 1.5766 0.477493 0.552836 5.39675e-05
threshold=1.0000000180025095e-35 6.5000000000000009 4.5000000000000009 1.0000000180025095e-35 11.500000000000002 66.500000000000014 63.500000000000007 1.5000000000000002 1.5000000000000002 1.0000000180025095e-35 6.5000000000000009 56.500000000000007 1.0000000180025095e-35 41.500000000000007 41.500000000000007
decision_type=2 2 2 2 2 2 2 2 2 2 2 2 2 2 2
left_child=1 2 3 -1 -4 6 11 -8 9 -7 -10 -2 14 -14 -3
right_child=5 12 4 -5 -6 8 7 -9 10 -11 -12 -13 13 -15 -16
leaf_value=0.030359598357429154 -0.017031037776900768 -0.081822827667953235 0.084823162372241731 -0.029103429349198288 0.032841265755288764 -0.085433533984746707 0.10719285320141587 -0.085553189937195906 -0.085102858372388734 0.099969849758390239 -0.0013853349507165597 -0.048475129055347857 -0.059459764587154046 -0.014549669598232276 -0.082672191025455921
leaf_weight=36.879201471805573 126.60930769704282 1.0040443427860717 5.3042803704738608 30.493214521557093 67.436781570315361 1.4971529599279156 4.1558051593601695 1.1296621039509771 5.727904921397565 1.7217461857944727 2.8622583113610744 11.099947441369293 3.5387491136789322 3.4787195380777121 0.91514448821544636
leaf_count=154 2827 47 23 644 291 28 73 19 118 29 53 224 147 92 31
internal_value=-0.00103591 0.0166251 0.0206748 0.00344623 0.0366318 -0.0180405 -0.0164029 0.0659973 -0.0378701 0.0137363 -0.057208 -0.0195656 -0.0468674 -0.0371968 -0.0822278
internal_weight=303.854 149.05 140.113 67.3724 72.7411 154.804 142.995 5.28547 11.8091 3.2189 8.59016 137.709 8.93666 7.01747 1.91919
internal_count=4800 1429 1112 798 314 3371 3143 92 228 57 171 3051 317 239 78
is_linear=0
shrinkage=0.08


Tree=19
num_leaves=16
num_cat=0
split_feature=1 0 0 4 4 4 4 4 0 0 4 2 2 0 4
split_gain=12.2214 5.19394 5.39204 3.66739 3.24548 0.780183 3.27695 2.58679 1.43402 1.43296 0.718116 0.47616 0.563074 0.398706 4.22155e-05
threshold=1.0000000180025095e-35 6.5000000000000009 5.5000000000000009 65.500000000000014 54.500000000000007 39.500000000000007 34.500000000000007 43.500000000000007 1.5000000000000002 2.5000000000000004 66.500000000000014 1.0000000180025095e-35 1.5000000000000002 7.5000000000000009 41.500000000000007
decision_type=2 2 2 2 2 2 2 2 2 2 2 2 2 2 2
left_child=1 2 3 -1 -4 6 9 8 -7 -2 -9 14 -13 -8 -3
right_child=5 11 4 -5 -6 7 13 10 -10 -11 -12 12 -14 -15 -16
leaf_value=0.013607031397361587 -0.030866051066408964 -0.081679741361166569 0.055650346176102164 -0.047720540094486515 -0.0086496829426725239 -0.029433211604352714 -0.063233464895770392 -0.013817844079573323 0.033833134989766395 -0.0065200895106793198 -0.036189452048142716 -0.024204062165133482 -0.082547038856860697 -0.014119464894525643 -0.082460797673345174
leaf_weight=96.10954612493515 24.039280567318201 0.92840748466551104 31.017025008797646 6.6739492192864409 5.994842290878295 2.9106482900679103 11.961681980639693 46.616792313754559 10.803826864808796 43.417392455041409 11.435567947104571 5.4637132547795773 1.3131290301680563 1.1604726556688554 0.84686253033578396
leaf_count=893 518 47 128 67 24 59 318 1017 211 987 228 191 48 33 31
internal_value=-0.000993531 0.0153507 0.0190531 0.0096249 0.0452356 -0.0169088 -0.0223117 -0.0108425 0.020406 -0.0151962 -0.0182248 -0.0451706 -0.035509 -0.05889 -0.0820523
internal_weight=300.693 148.347 139.795 102.783 37.0119 152.346 80.5788 71.7668 13.7145 67.4567 58.0524 8.55211 6.77684 13.1222 1.77527
internal_count=4800 1429 1112 960 152 3371 1856 1515 270 1505 1245 317 239 351 78
is_linear=0
shrinkage=0.08


Tree=20
num_leaves=16
num_cat=0
split_feature=1 0 0 4 4 0 4 4 2 4 4 2 2 4 4
split_gain=10.4531 4.49846 4.64536 3.1518 3.01989 0.800494 1.24596 1.30283 1.02268 1.19144 0.962125 0.473828 0.54842 3.30379e-05 1.45954e-05
threshold=1.0000000180025095e-35 6.5000000000000009 5.5000000000000009 65.500000000000014 25.500000000000004 5.5000000000000009 76.500000000000014 54.500000000000007 1.5000000000000002 73.500000000000014 46.500000000000007 1.0000000180025095e-35 1.5000000000000002 41.500000000000007 78.500000000000014
decision_type=2 2 2 2 2 2 2 2 2 2 2 2 2 2 2
left_child=1 2 3 -1 -4 6 7 -2 9 -7 -10 13 -13 -3 -8
right_child=5 11 4 -5 -6 8 14 -9 10 -11 -12 12 -14 -15 -16
leaf_value=0.012441790622634612 -0.015261836931980967 -0.081548096600219611 0.08417164636740404 -0.045079438748562552 0.029483965050645513 -0.023097955685633317 -0.082595277348365068 0.0075813831829431282 -0.082771290955722512 0.042278342177005622 -0.016857735997016489 -0.022799135929378465 -0.082346418335434587 -0.08226656392780117 -0.082086908959375177
leaf_weight=96.67703490704298 82.662327837198973 0.8583554532378892 8.3685122728347761 6.5068415999412528 28.37161011993885 38.259582372382283 0.55655154399573703 19.808162309229374 3.465831544250249 1.8713305927813042 2.3978769890964031 5.3415710404515266 1.2150041610002515 0.7835234273225069 1.0310206189751623
leaf_count=893 1855 47 37 67 115 912 19 346 108 30 59 191 48 31 42
internal_value=-0.000938317 0.0141378 0.0175124 0.00881446 0.0419405 -0.0158205 -0.0119357 -0.0108461 -0.0246093 -0.0200494 -0.0558169 -0.0434581 -0.0338339 -0.081891 -0.0822651
internal_weight=298.175 148.122 139.924 103.184 36.7401 150.053 104.058 102.47 45.9946 40.1309 5.86371 8.19845 6.55658 1.64188 1.58757
internal_count=4800 1429 1112 960 152 3371 2262 2201 1109 942 167 317 239 78 61
is_linear=0
shrinkage=0.08


Tree=21
num_leaves=15
num_cat=0
split_feature=1 0 0 0 4 2 4 4 4 4 4 0 4 0
split_gain=8.93674 3.89746 4.29343 7.75066 1.66762 0.782367 1.2159 1.46197 0.942391 1.70338 0.471434 1.25839 0.413274 0.000319068
threshold=1.0000000180025095e-35 6.5000000000000009 4.5000000000000009 1.0000000180025095e-35 11.500000000000002 1.0000000180025095e-35 77.500000000000014 73.500000000000014 8.5000000000000018 11.500000000000002 41.500000000000007 7.5000000000000009 22.500000000000004 5.5000000000000009
decision_type=2 2 2 2 2 2 2 2 2 2 2 2 2 2
left_child=1 2 3 -1 -4 8 7 -7 -2 -10 12 -12 -3 -8
right_child=5 10 4 -5 -6 6 13 -9 9 -11 11 -13 -14 -15
leaf_value=0.026012224380129671 -0.083613612756740341 -0.027988873652441341 0.073255394190233594 -0.028537584066769976 0.026240579549128906 -0.011954483541647866 -0.081832660639953744 0.052538539570202498 0.082832353769272588 -0.025552749286484433 -0.082164823730091111 0.011844687857462309 -0.081548288041343911 -0.084169061406496562
leaf_weight=37.202863842248917 1.6914060488343228 1.4793741777539247 5.2012175768613806 30.203437514603138 67.37138706445694 109.8976964969188 0.82903061807155498 2.2965445630252352 0.95612890645861526 31.554726399481297 1.4289606083184483 2.515407619997859 2.4473920464515686 0.68167644366621971
leaf_count=154 41 61 23 644 291 2477 38 34 19 747 58 65 133 15
internal_value=-0.000881778 0.0130272 0.0161073 0.00156953 0.0296101 -0.0147854 -0.0115943 -0.0106344 -0.0253941 -0.0223652 -0.0417478 -0.022213 -0.0613703 -0.0828869
internal_weight=295.757 147.85 139.979 67.4063 72.5726 147.907 113.705 112.194 34.2023 32.5109 7.87113 3.94437 3.92677 1.51071
internal_count=4800 1429 1112 798 314 3371 2564 2511 807 766 317 123 194 53
is_linear=0
shrinkage=0.08


Tree=22
num_leaves=16
num_cat=0
split_feature=1 0 0 4 4 4 4 1 0 0 0 4 2 4 4
split_gain=7.64083 3.38612 3.68084 2.72018 2.70386 0.732325 4.7283 2.88998 1.73214 3.67727 2.0809 1.60853 0.490766 0.5592 3.13782e-05
threshold=1.0000000180025095e-35 6.5000000000000009 5.5000000000000009 54.500000000000007 65.500000000000014 66.500000000000014 63.500000000000007 1.5000000000000002 1.5000000000000002 1.0000000180025095e-35 6.5000000000000009 56.500000000000007 1.0000000180025095e-35 21.500000000000004 41.500000000000007
decision_type=2 2 2 2 2 2 2 2 2 2 2 2 2 2 2
left_child=1 2 4 -4 -1 6 11 -8 9 -7 -10 -2 14 -14 -3
right_child=5 12 3 -5 -6 8 7 -9 10 -11 -12 -13 13 -15 -16
leaf_value=0.010477335500428325 -0.0126426227287624 -0.081352431146008597 0.046561966549133811 -0.012407311573173849 -0.043406636799705182 -0.084860002623515132 0.13131690786609312 0.01279735813090902 -0.084631926298945059 0.09068534704230187 0.0018820804121539747 -0.045526793134060883 -0.082094144859795173 -0.018837271412626786 -0.082093822693097868
leaf_weight=96.909356184303761 119.21814708970487 0.74734527245163807 30.237216383218765 5.9997990131378165 6.3505461215972892 1.3225378971546871 2.2090555503964415 3.2596692629158497 5.0204514283686876 1.8073979280889034 2.7561752013862133 10.346107728779314 1.0884432848542926 5.0169397611171007 0.71479308418929577
leaf_count=893 2827 47 128 24 67 28 35 57 118 29 53 224 44 195 31
internal_value=-0.000835015 0.0120343 0.0148617 0.0367984 0.00716344 -0.0138035 -0.012193 0.0606726 -0.0337438 0.0165096 -0.0539698 -0.0152685 -0.0400843 -0.0301145 -0.0817149
internal_weight=293.004 147.064 139.497 36.237 103.26 145.94 135.033 5.46872 10.9066 3.12994 7.77663 129.564 7.56752 6.10538 1.46214
internal_count=4800 1429 1112 152 960 3371 3143 92 228 57 171 3051 317 239 78
is_linear=0
shrinkage=0.08


Tree=23
num_leaves=16
num_cat=0
split_feature=1 0 0 0 4 0 0 4 2 4 4 4 4 4 0
split_gain=6.53521 2.93363 3.3362 6.5945 1.41983 0.716398 1.16419 2.8795 0.977381 1.04652 0.994387 0.919788 0.485707 2.55919 6.0119e-05
threshold=1.0000000180025095e-35 6.5000000000000009 4.5000000000000009 1.0000000180025095e-35 11.500000000000002 5.5000000000000009 4.5000000000000009 18.500000000000004 1.5000000000000002 22.500000000000004 46.500000000000007 76.500000000000014 56.500000000000007 51.500000000000007 7.5000000000000009
decision_type=2 2 2 2 2 2 2 2 2 2 2 2 2 2 2
left_child=1 2 3 -1 -4 6 11 -8 9 -7 -10 -2 13 -3 -14
right_child=5 12 4 -5 -6 8 7 -9 10 -11 -12 -13 14 -15 -16
leaf_value=0.023149574097457278 -0.011915697235300652 -0.050587761289749227 0.066108726958998873 -0.027377883279558372 0.022482958924453907 0.0073096267901508472 0.083145063135945524 -0.0052394829513461747 -0.082489295713738767 -0.02414403044469177 -0.012980795122006542 -0.081926219538714679 -0.081712412462195821 0.096584454020072444 -0.082801747345748147
leaf_weight=37.395160928368568 83.102466251701117 5.0804091291502109 5.1391073167324057 29.629756659269333 67.304340660572052 8.7794134914875013 2.8731810003519085 13.184604374691842 3.1343173664063206 29.578233702108264 2.2720879968255758 1.2186063341796387 0.5744964964687822 0.88842745684087265 0.74434353038668633
leaf_count=154 1846 240 23 644 291 203 65 295 108 739 59 56 29 24 24
internal_value=-0.000792736 0.0110908 0.0136764 0.000812862 0.0255778 -0.0128917 -0.00916776 0.010575 -0.0214332 -0.0169448 -0.0532778 -0.0129275 -0.0383901 -0.028682 -0.0823272
internal_weight=290.899 146.756 139.468 67.0249 72.4434 144.143 100.379 16.0578 43.7641 38.3576 5.40641 84.3211 7.28768 5.96884 1.31884
internal_count=4800 1429 1112 798 314 3371 2262 360 1109 942 167 1902 317 264 53
is_linear=0
shrinkage=0.08


Tree=24
num_leaves=15
num_cat=0
split_feature=1 0 0 4 4 2 4 4 4 4 2 2 0 4
split_gain=5.5843 2.55078 2.91723 2.64994 2.32387 0.732799 1.0987 1.36755 0.949809 1.59984 0.498696 0.588763 0.000242928 2.61234e-05
threshold=1.0000000180025095e-35 6.5000000000000009 5.5000000000000009 27.500000000000004 65.500000000000014 1.0000000180025095e-35 77.500000000000014 73.500000000000014 8.5000000000000018 24.500000000000004 1.0000000180025095e-35 1.5000000000000002 5.5000000000000009 41.500000000000007
decision_type=2 2 2 2 2 2 2 2 2 2 2 2 2 2
left_child=1 2 4 -4 -1 8 7 -7 -2 -10 13 -12 -8 -3
right_child=5 10 3 -5 -6 6 12 -9 9 -11 11 -13 -14 -15
leaf_value=0.0088372175753273635 -0.083323736065967435 -0.081185406964416965 0.067692018298701445 0.01890552463302082 -0.041674050688179601 -0.0093358588090733212 -0.081489369433686565 0.053245368040405278 0.012901334163703503 -0.029635303825049808 -0.014764694785905681 -0.082025786208010251 -0.083695140253073355 -0.081903251987891515
leaf_weight=96.998961374163628 1.5661361590027798 0.65766744595020898 9.8282819241285306 25.911320745944977 6.2020084112882605 106.21972479298711 0.67163905315101036 2.2828144934028378 7.4347693026065853 23.690720167011023 4.7228778339922428 1.0112353730946777 0.60956167057156563 0.64036695659160614
leaf_count=893 41 47 46 106 67 2477 38 34 168 598 191 48 15 31
internal_value=-0.000752754 0.0102443 0.0126234 0.0323217 0.00580167 -0.0120197 -0.00888886 -0.0080192 -0.0225336 -0.0194748 -0.0367626 -0.0266265 -0.0825388 -0.0815395
internal_weight=288.448 145.973 138.941 35.7396 103.201 142.475 109.784 108.503 32.6916 31.1255 7.03215 5.73411 1.2812 1.29803
internal_count=4800 1429 1112 152 960 3371 2564 2511 807 766 317 239 53 78
is_linear=0
shrinkage=0.08


Tree=25
num_leaves=16
num_cat=0
split_feature=1 0 0 0 4 4 4 4 3 2 0 4 4 0 0
split_gain=4.76733 2.20957 2.59968 5.62098 1.16883 0.758292 3.15921 2.4775 1.52699 1.41017 0.649805 0.49026 2.20673 0.425461 4.16484e-05
threshold=1.0000000180025095e-35 6.5000000000000009 4.5000000000000009 1.0000000180025095e-35 11.500000000000002 39.500000000000007 34.500000000000007 43.500000000000007 1.0000000180025095e-35 1.5000000000000002 2.5000000000000004 56.500000000000007 51.500000000000007 7.5000000000000009 7.5000000000000009
decision_type=2 2 2 2 2 2 2 2 2 2 2 2 2 2 2
left_child=1 2 3 -1 -4 6 8 9 -2 -7 -9 12 -3 -8 -13
right_child=5 11 4 -5 -6 7 13 10 -10 -11 -12 14 -14 -15 -16
leaf_value=0.020673753134136531 -0.0075437406277548613 -0.047731388776716954 0.059285948790768497 -0.026188316211414542 0.019351255502793211 0.036877555402412797 -0.06004186870987438 -0.0012638664234264107 -0.083015394997167036 -0.03936443449084813 -0.019432613046203077 -0.081541750726920659 0.086668328961736374 -0.0066639032417032049 -0.082501479107472755
leaf_weight=37.543852463364601 60.915896281599998 4.678543832153081 5.0427293032407752 29.061702501028776 67.174585491418839 11.208719372749325 10.507208317518231 20.201552331447601 1.7654524203389872 1.8022643029689795 33.473449736833572 0.51487380266189553 0.93874695524573315 1.0513103660196073 0.66079115308821201
leaf_count=154 1454 240 23 644 291 226 318 442 51 44 803 29 24 33 24
internal_value=-0.000705162 0.00944621 0.0116261 0.000226637 0.0221398 -0.0111944 -0.0167561 -0.0050026 -0.00966944 0.0263166 -0.0125945 -0.0351031 -0.0252709 -0.0551869 -0.0820812
internal_weight=286.542 145.616 138.823 66.6056 72.2173 140.926 74.2399 66.686 62.6813 13.011 53.675 6.79296 5.61729 11.5585 1.17566
internal_count=4800 1429 1112 798 314 3371 1856 1515 1505 270 1245 317 264 351 53
is_linear=0
shrinkage=0.08


Tree=26
num_leaves=15
num_cat=0
split_feature=1 4 4 4 0 0 4 2 4 4 4 4 4 0
split_gain=4.07212 2.07216 2.55373 1.84137 3.40817 2.03798 1.12828 0.664342 1.0357 1.13821 0.93775 2.95957 2.00849 0.000177397
threshold=1.0000000180025095e-35 65.500000000000014 76.500000000000014 57.500000000000007 5.5000000000000009 5.5000000000000009 70.500000000000014 1.0000000180025095e-35 77.500000000000014 73.500000000000014 41.500000000000007 29.500000000000004 44.500000000000007 5.5000000000000009
decision_type=2 2 2 2 2 2 2 2 2 2 2 2 2 2
left_child=1 3 6 5 -5 -1 -3 10 9 -9 11 -2 -12 -10
right_child=7 2 -4 4 -6 -7 -8 8 13 -11 12 -13 -14 -15
leaf_value=0.0017439616758634438 -0.0067627832787097901 -0.033256832432327819 0.024199828143103716 0.069167780381118066 -0.027531312010684577 0.024250175202729107 -0.11005505655514206 -0.0078524928876061995 -0.081361096849866518 0.048319243553651782 0.067208386186907665 -0.072123234733494995 -0.017947169927729149 -0.083334090239567463
leaf_weight=88.755852296948433 11.439236881211405 2.8566032825037819 3.3369761519134045 8.2266401052474958 3.2559068631380788 36.273509684018791 2.1426416384056211 104.23556979186833 0.61515148635953554 2.3609856925904742 2.1153718754649153 7.2400626223534337 10.941511545330284 0.55461367219686508
leaf_count=817 277 39 31 76 35 401 30 2477 38 34 47 209 274 15
internal_value=-0.000670591 0.00872465 -0.0299963 0.0110892 0.0417485 0.00827346 -0.066172 -0.0104258 -0.00742992 -0.00660836 -0.0205991 -0.0320964 -0.00415095 -0.0822965
internal_weight=284.351 144.848 8.33622 136.512 11.4825 125.029 4.99924 139.503 107.766 106.597 31.7362 18.6793 13.0569 1.16977
internal_count=4800 1429 100 1329 111 1218 69 3371 2564 2511 807 486 321 53
is_linear=0
shrinkage=0.08


Tree=27
num_leaves=16
num_cat=0
split_feature=1 0 0 4 0 4 4 4 0 0 0 4 2 2 4
split_gain=3.46851 1.94781 2.14566 2.36786 1.88436 0.678022 4.08373 2.62435 1.53707 3.12239 2.15473 1.49619 0.494062 0.574845 2.32178e-05
threshold=1.0000000180025095e-35 6.5000000000000009 5.5000000000000009 25.500000000000004 1.0000000180025095e-35 66.500000000000014 63.500000000000007 65.500000000000014 1.5000000000000002 1.0000000180025095e-35 6.5000000000000009 56.500000000000007 1.0000000180025095e-35 1.5000000000000002 41.500000000000007
decision_type=2 2 2 2 2 2 2 2 2 2 2 2 2 2 2
left_child=1 2 4 -4 -1 6 11 -8 9 -7 -10 -2 14 -14 -3
right_child=5 12 3 -5 -6 8 7 -9 10 -11 -12 -13 13 -15 -16
leaf_value=0.018502239591661564 -0.0085983625228189323 -0.081067705407967344 0.067417308228363587 0.016412586129186488 -0.0039493567163594876 -0.084475436445181698 0.10279137923356124 -0.01059445739300351 -0.084325428850232365 0.08070818838121889 0.0075623175727242958 -0.041670163684360217 -0.012573326748401906 -0.08188722249824959 -0.081780357293870287
leaf_weight=37.669082775712013 113.06907519698143 0.59403351973742136 7.3790797442197791 27.664116531610489 65.57159336283803 1.1887226793915016 3.3969253711402407 2.1228478066623211 4.4212966868653893 1.9077281579375267 2.5900686848908663 9.4896851535886508 4.5745608080178499 0.9197095576673745 0.57655205111950636
leaf_count=154 2827 47 37 115 806 28 58 34 118 29 53 224 191 48 31
internal_value=-0.000633175 0.00801233 0.0100483 0.0271527 0.00424248 -0.00970176 -0.00812752 0.0591844 -0.0296493 0.0172945 -0.0503812 -0.0111591 -0.0342299 -0.0241761 -0.0814187
internal_weight=283.135 144.949 138.284 35.0432 103.241 138.186 128.079 5.51977 10.1078 3.09645 7.01137 122.559 6.66486 5.49427 1.17059
internal_count=4800 1429 1112 152 960 3371 3143 92 228 57 171 3051 317 239 78
is_linear=0
shrinkage=0.08


Tree=28
num_leaves=15
num_cat=0
split_feature=1 4 4 4 0 4 4 4 4 4 3 0 1 2
split_gain=2.96628 1.73848 2.24586 1.53281 2.80529 1.6852 1.07509 0.649639 2.8777 2.07055 1.45683 1.30932 0.680099 0.418372
threshold=1.0000000180025095e-35 65.500000000000014 76.500000000000014 57.500000000000007 5.5000000000000009 31.500000000000004 70.500000000000014 39.500000000000007 34.500000000000007 43.500000000000007 1.0000000180025095e-35 1.5000000000000002 1.5000000000000002 1.0000000180025095e-35
decision_type=2 2 2 2 2 2 2 2 2 2 2 2 2 2
left_child=1 3 6 5 -5 -1 -3 8 10 11 -2 -9 -11 -10
right_child=7 2 -4 4 -6 -7 -8 9 13 12 -12 -13 -14 -15
leaf_value=0.017602372508474733 -0.0055593864187621234 -0.031405033134470683 0.021748853437826059 0.061427685940986229 -0.026239883958987905 -0.0011821200224347984 -0.10800998027677644 -0.024631203376119112 -0.082132270056577403 -5.8707514212865836e-05 -0.082728554961180173 0.037929434770277853 -0.018477932383744452 -0.04412238775716254
leaf_weight=53.907284503802657 59.441853560507298 2.8051224956288916 3.3643986554816365 8.4684545248746854 3.2259165970608583 70.590294413268566 2.0145337181165814 2.6925651319324961 2.3882422856986496 22.819968912750483 1.6080297641456116 10.452640742063521 29.304809844121337 8.2743270397186279
leaf_count=556 1454 39 31 76 35 662 30 59 95 533 51 211 712 256
internal_value=-0.000600403 0.00740072 -0.0284105 0.00955269 0.0372444 0.00695154 -0.0634246 -0.00903339 -0.0142894 -0.00325862 -0.00759199 0.025115 -0.0104141 -0.052636
internal_weight=281.358 144.376 8.18405 136.192 11.6944 124.498 4.81966 136.982 71.7125 65.27 61.0499 13.1452 52.1248 10.6626
internal_count=4800 1429 100 1329 111 1218 69 3371 1856 1515 1505 270 1245 351
is_linear=0
shrinkage=0.08


Tree=29
num_leaves=16
num_cat=0
split_feature=1 0 0 0 4 0 0 4 2 4 1 4 4 4 0
split_gain=2.52449 1.63773 2.14307 4.38983 0.931281 0.666914 1.06668 3.7995 0.927178 1.21938 1.10051 0.810366 0.505305 0.941474 6.68572e-07
threshold=1.0000000180025095e-35 6.5000000000000009 4.5000000000000009 1.0000000180025095e-35 11.500000000000002 5.5000000000000009 4.5000000000000009 8.5000000000000018 1.5000000000000002 76.500000000000014 1.5000000000000002 76.500000000000014 21.500000000000004 26.500000000000004 7.5000000000000009
decision_type=2 2 2 2 2 2 2 2 2 2 2 2 2 2 2
left_child=1 2 3 -1 -4 6 11 -8 9 -7 -10 -2 14 -14 -3
right_child=5 12 4 -5 -6 8 7 -9 10 -11 -12 -13 13 -15 -16
leaf_value=0.016188541895677512 -0.0075628430829488046 -0.081704875636451429 0.05189184265907195 -0.025334837780426073 0.015747295657052844 -0.014999698177954225 0.16987104041436582 0.0043850308851832963 -0.0057170838509950543 0.074547390804858754 -0.082630000616056895 -0.081599834802382448 0.084055016518276723 -0.032985648511801496 -0.081580755088563037
leaf_weight=37.766459837555885 78.55352009832859 0.57896798662841209 4.8963377475738517 28.660128746181726 66.854710534214973 35.053124744445086 0.94592490419745345 14.485115989111362 2.080921644344925 1.0010236464440811 2.782885480672121 0.95769304037094016 0.48366421926766623 4.8567377212457359 0.53382871672511101
leaf_count=154 1846 29 23 644 291 923 22 338 71 19 96 56 31 228 29
internal_value=-0.000567931 0.00678792 0.00862763 -0.00172696 0.0182138 -0.00839865 -0.004719 0.0145293 -0.0169366 -0.0125135 -0.0497237 -0.0084546 -0.0326044 -0.0223856 -0.0816453
internal_weight=280.491 144.631 138.178 66.4266 71.751 135.86 94.9423 15.431 40.918 36.0541 4.86381 79.5112 6.4532 5.3404 1.1128
internal_count=4800 1429 1112 798 314 3371 2262 360 1109 942 167 1902 317 259 58
is_linear=0
shrinkage=0.08


Tree=30
num_leaves=13
num_cat=0
split_feature=1 4 2 3 4 2 4 4 4 4 4 0
split_gain=2.15437 1.50308 1.65476 3.80244 1.5054 0.609425 1.00528 1.36264 0.962435 6.64588 0.881379 0.0620321
threshold=1.0000000180025095e-35 2.5000000000000004 1.0000000180025095e-35 1.0000000180025095e-35 64.500000000000014 1.0000000180025095e-35 8.5000000000000018 24.500000000000004 14.500000000000002 12.500000000000002 77.500000000000014 4.5000000000000009
decision_type=2 2 2 2 2 2 2 2 2 2 2 2
left_child=1 11 4 -4 -3 6 -2 -8 9 -7 -10 -1
right_child=5 2 3 -5 -6 8 7 -9 10 -11 -12 -13
leaf_value=0.042180664582412888 -0.083058918387156899 -0.0064504790679553248 0.0069034616529634295 0.094480324835811341 -0.075810036638198547 -0.009683506738401005 0.015509781059823978 -0.024548807813280879 -0.0069565468403409696 0.14623728410286568 -0.082172766606931041 0.060676051818555087
leaf_weight=2.4334598928689948 1.4380070455372358 30.373818238265812 103.40804893802851 3.2733913986012331 2.1440906864590934 10.806034682318566 7.2470674738287952 21.730523372069001 90.516897754743695 2.0875197499990454 1.0081611396744836 2.2187170907855034
leaf_count=26 41 298 1019 36 33 259 168 598 2202 50 53 17
internal_value=-0.000539854 0.00626996 0.00477499 0.00959065 -0.0110237 -0.00780509 -0.0177704 -0.0145305 -0.00490234 0.0155607 -0.00778506 0.0510015
internal_weight=278.686 143.852 139.199 106.681 32.5179 134.834 30.4156 28.9776 104.419 12.8936 91.5251 4.65218
internal_count=4800 1429 1386 1055 331 3371 807 766 2564 309 2255 43
is_linear=0
shrinkage=0.08


Tree=31
num_leaves=14
num_cat=0
split_feature=0 0 0 4 4 3 4 4 4 4 4 1 4
split_gain=1.94938 2.57232 3.64021 4.77731 2.89128 2.39884 2.12977 4.0113 2.10848 1.95812 11.039 1.13873 0.26226
threshold=6.5000000000000009 4.5000000000000009 1.0000000180025095e-35 60.500000000000007 5.5000000000000009 1.0000000180025095e-35 41.500000000000007 42.500000000000007 1.0000000180025095e-35 22.500000000000004 20.500000000000004 1.5000000000000002 36.500000000000007
decision_type=2 2 2 2 2 2 2 2 2 2 2 2 2
left_child=1 2 3 -1 -3 -6 9 -8 -4 10 -2 -9 -11
right_child=6 4 8 -5 5 -7 7 11 -10 12 -12 -13 -14
leaf_value=0.019645237059763128 -0.044736419732892212 0.07871997696896052 0.06294442932326158 -0.057589766478079535 0.0069048786378419777 0.085212566793686675 0.15948095929118747 -0.02905821321377372 -0.016690067840910306 -0.052761942796280527 0.24459324144630606 0.01715853312876852 -0.082708296385337707
leaf_weight=48.419331539422274 6.2341500250622657 3.9594020973891011 2.1805532500147811 5.7322814716026178 94.574825405143201 2.5717205349355927 0.98501323908567329 7.3668671399354917 88.08655343670398 8.0419569890946132 0.97610831446945656 6.3554659802466631 2.4393720086663953
leaf_count=489 187 45 51 66 996 26 22 229 2094 301 28 172 94
internal_value=-0.000511328 0.00192252 -0.00492892 0.0114694 0.0117091 0.00897789 -0.0189554 0.00354063 -0.0147664 -0.0376569 -0.00556763 -0.00765304 -0.0597315
internal_weight=277.924 245.525 144.419 54.1516 101.106 97.1465 32.3989 14.7073 90.2671 17.6916 7.21026 13.7223 10.4813
internal_count=4800 3767 2700 555 1067 1022 1033 423 2145 610 215 401 395
is_linear=0
shrinkage=0.08


Tree=32
num_leaves=15
num_cat=0
split_feature=4 4 0 4 0 0 4 2 0 0 0 4 4 1
split_gain=1.71854 4.23897 2.93372 4.10544 3.5631 2.91305 1.62562 1.30123 1.895 0.897524 0.823343 1.1051 0.332435 0.0100735
threshold=65.500000000000014 63.500000000000007 1.0000000180025095e-35 54.500000000000007 4.5000000000000009 1.0000000180025095e-35 75.500000000000014 1.0000000180025095e-35 1.0000000180025095e-35 5.5000000000000009 4.5000000000000009 84.500000000000014 78.500000000000014 1.0000000180025095e-35
decision_type=2 2 2 2 2 2 2 2 2 2 2 2 2 2
left_child=1 2 3 -1 -4 -3 7 13 -9 -7 11 -8 -12 -2
right_child=6 5 4 -5 -6 9 10 8 -10 -11 12 -13 -14 -15
leaf_value=0.0092102316569687998 -0.094654531491014035 -0.030881226007932125 -0.017867910749648806 0.085622424717351292 0.0039000774510096143 0.11557807318960653 0.011015873393911869 -0.099226077782855318 -0.010022722052182716 0.04792565081735306 0.063586737980012395 -0.1048764691295926 0.01500249400107734 -0.084379023803372546
leaf_weight=44.740855399519205 0.89114054711535873 1.6425392664968956 80.219106493517756 5.0032426565885535 120.28838397283107 3.4230743050575256 1.594746510498225 1.8646974004805077 8.345471350476144 1.9815736901946364 1.4034174652770164 0.78619386255741108 2.5195569572970271 1.9395280349999664
leaf_count=451 19 11 1943 52 1902 46 60 24 144 33 15 20 37 43
internal_value=-0.000500275 0.00122864 -0.000494504 0.0168957 -0.00480887 0.0624188 -0.023496 -0.0396199 -0.0263141 0.0907738 0.00985938 -0.0272521 0.0323832 -0.0876139
internal_weight=276.644 257.299 250.252 49.7441 200.507 7.04719 19.3448 13.0408 10.2102 5.40465 6.30391 2.38094 3.92297 2.83067
internal_count=4800 4438 4348 503 3845 90 362 230 168 79 132 80 52 62
is_linear=0
shrinkage=0.08


Tree=33
num_leaves=14
num_cat=0
split_feature=0 0 0 4 4 4 4 4 4 4 4 1 4
split_gain=1.77866 1.95261 2.64609 3.6984 2.39724 2.37629 1.88316 2.91835 1.87725 1.80667 7.71312 0.969309 0.267268
threshold=6.5000000000000009 4.5000000000000009 1.0000000180025095e-35 60.500000000000007 5.5000000000000009 13.500000000000002 41.500000000000007 42.500000000000007 63.500000000000007 22.500000000000004 20.500000000000004 1.5000000000000002 36.500000000000007
decision_type=2 2 2 2 2 2 2 2 2 2 2 2 2
left_child=1 2 3 -1 -3 -6 9 -8 -4 10 -2 -9 -11
right_child=6 4 8 -5 5 -7 7 11 -10 12 -12 -13 -14
leaf_value=0.016620003493806223 -0.043127335286650872 0.070789739264700405 -0.016720532668871406 -0.052827880981737046 -0.042953426073235025 0.010898286602817872 0.12566539208743055 -0.027775779786525519 0.021951232770757525 -0.051237871224852363 0.1771822083679401 0.014838660173704537 -0.082505208505428695
leaf_weight=48.983769623562694 6.003301975317302 4.029991725459694 78.921512560918927 5.4541306439787141 5.5614831056445828 91.925444970838726 1.139745209366082 7.2032333952374739 8.9441058002412301 7.6814904361963254 1.2245016526430843 6.497467428445816 2.265683650970459
leaf_count=489 187 45 1943 66 64 958 22 229 202 301 28 172 94
internal_value=-0.000478414 0.00184944 -0.00419733 0.00966202 0.0103256 0.00782613 -0.0182067 0.00266601 -0.012784 -0.0362423 -0.00580349 -0.00756616 -0.0583597
internal_weight=275.836 243.82 142.304 54.4379 101.517 97.4869 32.0154 14.8404 87.8656 17.175 7.2278 13.7007 9.94717
internal_count=4800 3767 2700 555 1067 1022 1033 423 2145 610 215 401 395
is_linear=0
shrinkage=0.08


Tree=34
num_leaves=15
num_cat=0
split_feature=2 4 4 4 0 0 0 0 4 0 0 4 4 1
split_gain=1.64867 1.49702 2.41522 2.13663 2.00256 1.95883 1.26302 1.53196 2.81915 2.44058 1.50944 3.49984 1.52419 0.0714599
threshold=1.0000000180025095e-35 65.500000000000014 54.500000000000007 77.500000000000014 4.5000000000000009 7.5000000000000009 6.5000000000000009 4.5000000000000009 10.500000000000002 1.0000000180025095e-35 7.5000000000000009 69.500000000000014 65.500000000000014 1.0000000180025095e-35
decision_type=2 2 2 2 2 2 2 2 2 2 2 2 2 2
left_child=1 2 5 13 -4 -1 7 9 -9 -2 11 -8 -12 -3
right_child=6 3 4 -5 -6 -7 10 8 -10 -11 12 -13 -14 -15
leaf_value=-0.010563060430191309 0.014232867358916552 -0.10921271065141432 0.084782214907098072 0.027976217432082673 -0.0068656277796987986 -0.082783613250384511 -0.046335949963498616 0.071817308136898572 0.0096881209587999315 -0.010401938628825089 0.013395348473403509 0.13513761053704523 -0.084847191978800002 -0.084054558505692004
leaf_weight=49.44967739097774 41.582275663502514 1.1671307869255536 3.0627947300672522 1.3241237718611953 3.0408024359494448 2.5263526625931254 10.925521019846199 4.9905043505132189 73.74679811578244 67.547563510015607 11.595237965695558 0.72529621329158622 1.1072061583399779 1.8970584031194446
leaf_count=849 433 23 54 31 52 93 369 53 752 1640 358 20 27 46
internal_value=-0.000463557 -0.0118871 -0.00848296 -0.0569417 0.0391234 -0.0140734 0.00289902 0.00512108 0.013626 -0.00101522 -0.0142425 -0.0350387 0.00483206 -0.0936371
internal_weight=274.688 62.4679 58.0796 4.38831 6.1036 51.976 212.22 187.867 78.7373 109.13 24.3533 11.6508 12.7024 3.06419
internal_count=4800 1148 1048 100 106 942 3652 2878 805 2073 774 389 385 69
is_linear=0
shrinkage=0.08


Tree=35
num_leaves=14
num_cat=0
split_feature=4 4 0 0 4 0 4 0 0 1 0 4 4
split_gain=1.41276 3.28007 2.0641 1.88563 3.27194 2.43218 1.37277 1.19658 2.03938 0.678377 0.665895 0.995444 0.283194
threshold=65.500000000000014 63.500000000000007 1.0000000180025095e-35 1.0000000180025095e-35 54.500000000000007 4.5000000000000009 75.500000000000014 1.0000000180025095e-35 3.5000000000000004 1.0000000180025095e-35 4.5000000000000009 84.500000000000014 78.500000000000014
decision_type=2 2 2 2 2 2 2 2 2 2 2 2 2
left_child=1 3 -3 4 -1 -5 7 -2 -9 -4 11 -8 -12
right_child=6 2 9 5 -6 -7 10 8 -10 -11 12 -13 -14
leaf_value=0.0064289232779593738 -0.096022329322971584 -0.026751383881283938 0.042601509682422177 -0.015071279387794607 0.073359851914493263 0.00314007100069908 0.010078865888311306 0.020708419537929221 -0.052566527402476838 0.098149916471900606 0.056507533494954992 -0.10202295269540568 0.012369870869232103
leaf_weight=45.227771760895848 1.8683566302061105 1.6096855476498593 2.370080379769206 77.122897228226066 5.2132804691791526 119.90455721504986 1.6131617203354829 3.7652487829327566 6.8594440510496497 3.4628081507980824 1.4631795194000004 0.73928874451667059 2.5547653390094638
leaf_count=451 28 11 27 1943 52 1902 60 73 129 52 15 20 37
internal_value=-0.000444636 0.00111867 0.0534468 -0.00045509 0.0133465 -0.00398844 -0.0215704 -0.0369813 -0.0265989 0.0755789 0.00865209 -0.0251506 0.0284431
internal_weight=273.775 254.911 7.44257 247.469 50.4411 197.027 18.8634 12.493 10.6247 5.83289 6.3704 2.35245 4.01794
internal_count=4800 4438 90 4348 503 3845 362 230 202 79 132 80 52
is_linear=0
shrinkage=0.08


Tree=36
num_leaves=15
num_cat=0
split_feature=2 4 4 4 0 0 0 4 4 3 1 4 4 1
split_gain=1.41723 1.31254 1.99366 1.85477 1.8588 1.52574 1.14191 1.46223 1.56737 1.44414 1.80193 1.18089 0.864103 0.0616509
threshold=1.0000000180025095e-35 65.500000000000014 77.500000000000014 54.500000000000007 7.5000000000000009 4.5000000000000009 6.5000000000000009 41.500000000000007 52.500000000000007 1.0000000180025095e-35 1.0000000180025095e-35 34.500000000000007 30.500000000000004 1.0000000180025095e-35
decision_type=2 2 2 2 2 2 2 2 2 2 2 2 2 2
left_child=1 3 13 4 -1 -5 9 12 -9 11 -11 -2 -8 -3
right_child=6 2 -4 5 -6 -7 7 8 -10 10 -12 -13 -14 -15
leaf_value=-0.0096626405886632554 0.010846042747602066 -0.10806070539577439 0.025056527504933646 0.070675941184952976 -0.082572684475696531 -0.0077597591865982505 -0.018022644106936846 0.039492575947430442 -0.019949031523953983 0.083933545031921922 -0.0024545116722431656 -0.0021844305387285017 -0.062724654095522553 -0.083676012025904023
leaf_weight=49.018745235167444 79.031989604234695 1.083053880836814 1.3569725835695861 3.2885274514555922 2.3449470782652488 3.067942451685667 8.6215949384495634 5.2019069287925941 6.2501971106976271 3.244459716603159 2.9506462775170803 101.90439748112112 4.0758734205737701 1.7132333517074583
leaf_count=849 1231 23 31 54 93 52 287 142 175 32 81 1534 170 46
internal_value=-0.000423531 -0.0110719 -0.0545093 -0.00794637 -0.0129913 0.032819 0.00269483 -0.0136769 0.00705122 0.00480762 0.0427881 0.00350721 -0.0323719 -0.0931207
internal_weight=273.154 61.8734 4.15326 57.7202 51.3637 6.35647 211.281 24.1496 11.4521 187.131 6.19511 180.936 12.6975 2.79629
internal_count=4800 1148 100 1048 942 106 3652 774 317 2878 113 2765 457 69
is_linear=0
shrinkage=0.08


Tree=37
num_leaves=14
num_cat=0
split_feature=2 4 4 4 0 0 1 3 4 4 4 1 0
split_gain=1.21095 1.18379 1.86392 1.55113 1.75045 1.20343 0.998435 2.17372 1.50056 0.899454 1.04295 0.0509139 0.000141417
threshold=1.0000000180025095e-35 65.500000000000014 77.500000000000014 54.500000000000007 7.5000000000000009 4.5000000000000009 1.0000000180025095e-35 1.0000000180025095e-35 11.500000000000002 77.500000000000014 71.500000000000014 1.0000000180025095e-35 5.5000000000000009
decision_type=2 2 2 2 2 2 2 2 2 2 2 2 2
left_child=1 3 11 4 -1 -5 7 8 -2 10 -8 -3 -11
right_child=6 2 -4 5 -6 -7 9 -9 -10 12 -12 -13 -14
leaf_value=-0.0089345610807410568 0.03878661707439273 -0.10632356666970312 0.022602037362969632 0.061749853061307557 -0.082370708722101199 -0.0071697799537445992 -0.003930934425428083 0.070624903115468304 0.0030132614520102597 -0.08099975919391153 0.043398553472808479 -0.083383749592817108 -0.082987750307866079
leaf_weight=48.782459395937622 8.1295478213578445 1.0154564897529779 1.3828433295711873 3.4552032724022856 2.1697512646205714 3.0553088774904609 98.232949264347553 3.4137064134702078 97.579993053339422 0.43766413256525893 3.0729495249688616 1.5868316832929847 0.48035982251167297
leaf_count=849 87 23 31 54 93 52 2459 38 963 38 52 46 15
internal_value=-0.000402519 -0.0102876 -0.0524519 -0.00736341 -0.0120618 0.0294067 0.0024715 0.00779343 0.0057644 -0.00320962 -0.00249527 -0.0923353 -0.08204
internal_weight=272.795 61.4479 3.98513 57.4627 50.9522 6.51051 211.347 109.123 105.71 102.224 101.306 2.60229 0.918024
internal_count=4800 1148 100 1048 942 106 3652 1088 1050 2564 2511 69 53
is_linear=0
shrinkage=0.08


Tree=38
num_leaves=14
num_cat=0
split_feature=0 4 4 4 4 4 0 0 4 4 2 4 4
split_gain=1.0641 1.49962 2.18654 1.68404 5.9614 1.43125 1.49868 2.07672 1.63329 1.15736 0.93775 0.929506 0.289517
threshold=6.5000000000000009 41.500000000000007 42.500000000000007 22.500000000000004 20.500000000000004 66.500000000000014 4.5000000000000009 1.0000000180025095e-35 60.500000000000007 67.500000000000014 1.0000000180025095e-35 64.500000000000014 36.500000000000007
decision_type=2 2 2 2 2 2 2 2 2 2 2 2 2
left_child=5 3 -3 4 -2 6 7 -1 -8 -7 -11 -4 -5
right_child=1 2 11 12 -6 9 8 -9 -10 10 -12 -13 -14
leaf_value=0.0097039145930332242 -0.039352653842884812 0.10457624697162256 -0.018134337740465835 -0.047167475826234623 0.14628645644437818 -0.099914452566303297 0.0078110793271301774 -0.010742511231050696 0.051019104612566681 -0.062851297095367478 -0.0060741432678719457 0.029940862800582082 -0.082153332383747932
leaf_weight=52.729941196739674 5.517961289733651 1.2622461020946492 9.8594277910888177 6.8490774678066355 1.3849839549511669 1.1740329135209311 89.829750910401344 80.067571472376585 5.9712474457919589 2.2928238110616777 9.9022162333130836 3.4832143709063521 1.9433223749510942
leaf_count=521 187 22 306 301 28 24 941 1996 63 55 167 95 94
internal_value=-0.000379887 -0.0145131 0.00393685 -0.0316811 -0.00210664 0.00138993 0.00287786 -0.00262384 0.0105042 -0.0240523 -0.016749 -0.00558388 -0.0549002
internal_weight=272.268 30.3002 14.6049 15.6953 6.90295 241.968 228.599 132.798 95.801 13.3691 12.195 13.3426 8.7924
internal_count=4800 1033 423 610 215 3767 3521 2517 1004 246 222 401 395
is_linear=0
shrinkage=0.08


Tree=39
num_leaves=15
num_cat=0
split_feature=2 4 4 4 0 4 0 0 4 4 3 4 4 1
split_gain=1.02323 0.965547 1.75835 1.27624 1.60281 1.21296 0.806598 1.36618 4.99086 1.45822 1.02151 1.59678 0.971673 0.037106
threshold=1.0000000180025095e-35 65.500000000000014 77.500000000000014 54.500000000000007 7.5000000000000009 59.500000000000007 6.5000000000000009 7.5000000000000009 73.500000000000014 65.500000000000014 1.0000000180025095e-35 39.500000000000007 25.500000000000004 1.0000000180025095e-35
decision_type=2 2 2 2 2 2 2 2 2 2 2 2 2 2
left_child=1 3 13 4 -1 -5 10 8 -8 -9 12 -12 -2 -3
right_child=6 2 -4 5 -6 -7 7 9 -10 -11 11 -13 -14 -15
leaf_value=-0.0084041177544491724 0.012671511134097478 -0.10363179988691436 0.022444241333926428 0.060905074155855492 -0.082199095037359782 -0.0074463580579476373 -0.044596619530166325 0.014630610561361255 0.20276632259013724 -0.084827421589926788 -0.0081694173200651931 0.072916323154933876 -0.00060302204827628134 -0.083027046076212002
leaf_weight=48.455460021272302 48.075213603675365 0.91794518195092667 1.3896891633048651 3.2552078804001203 1.9598737028427411 3.3941951347514987 10.456233984790741 11.439285195432602 0.5494491411373027 1.028262663632632 2.8667705282568923 3.3950213873758912 132.70941659715027 1.4318919237703083
leaf_count=849 757 23 31 51 93 55 379 358 10 27 61 52 2008 46
internal_value=-0.000367225 -0.00950862 -0.0488895 -0.00692794 -0.0112729 0.026015 0.00227308 -0.0117054 -0.0322472 0.0064278 0.0040273 0.0357937 0.00292701 -0.0910761
internal_weight=271.324 60.8043 3.73953 57.0647 50.4153 6.6494 210.52 23.4732 11.0057 12.4675 187.046 6.26179 180.785 2.34984
internal_count=4800 1148 100 1048 942 106 3652 774 389 385 2878 113 2765 69
is_linear=0
shrinkage=0.08


Tree=40
num_leaves=13
num_cat=0
split_feature=4 4 4 1 0 2 1 0 0 4 4 0
split_gain=0.913039 2.78621 3.32988 1.41419 1.88121 0.977134 0.925801 2.30559 0.869581 0.485087 0.31033 0.68018
threshold=2.5000000000000004 8.5000000000000018 9.5000000000000018 1.5000000000000002 1.0000000180025095e-35 1.0000000180025095e-35 1.5000000000000002 4.5000000000000009 5.5000000000000009 4.5000000000000009 1.0000000180025095e-35 3.5000000000000004
decision_type=2 2 2 2 2 2 2 2 2 2 2 2
left_child=3 6 -3 4 -1 -4 9 -8 -6 -2 11 -5
right_child=1 2 5 10 8 -7 7 -9 -10 -11 -12 -13
leaf_value=-0.020688750972463144 -0.10776892569640943 0.11583960215438951 -0.0098130980747427061 0.012420496445712356 0.049352925063162627 0.002055463490793353 -0.083365881215888851 0.082434818072529406 0.12494045906309852 -0.053022117306343146 0.017541262340900445 -0.083547997527328999
leaf_weight=2.037284314632414 1.665310751646756 1.5807622838765372 57.392536060418934 0.83251168392598662 3.362000685185194 196.04071056004614 1.2119270265102389 0.96352544426918019 1.3714046413078902 2.7402119487524033 0.78759519942104805 1.0934767816215751
leaf_count=18 33 27 1085 20 50 3383 32 26 26 51 19 30
internal_value=-0.000352582 -0.00123663 8.96845e-05 0.0240311 0.0435878 -0.000632293 -0.0526314 -0.00993141 0.0712528 -0.0737167 -0.0247651 -0.0420655
internal_weight=271.079 261.595 255.014 9.48427 6.77069 253.433 6.58098 2.17545 4.73341 4.40552 2.71358 1.92599
internal_count=4800 4637 4495 163 94 4468 142 58 76 84 69 50
is_linear=0
shrinkage=0.08


Tree=41
num_leaves=13
num_cat=0
split_feature=4 4 0 0 4 0 0 2 0 0 4 4
split_gain=0.888639 2.37005 1.63653 1.34672 2.46694 2.22238 1.14796 1.84333 1.42137 0.890699 0.318828 0.00178086
threshold=65.500000000000014 63.500000000000007 2.5000000000000004 1.0000000180025095e-35 54.500000000000007 1.5000000000000002 1.0000000180025095e-35 1.5000000000000002 1.5000000000000002 5.5000000000000009 72.500000000000014 70.500000000000014
decision_type=2 2 2 2 2 2 2 2 2 2 2 2
left_child=1 3 -3 4 -1 -5 10 8 -8 -4 -2 -9
right_child=6 2 9 5 -6 -7 7 11 -10 -11 -12 -13
leaf_value=0.0050192805755159874 -0.095413574595171816 -0.0020553530261581614 0.10367730927340342 -0.029338751867364749 0.062186540071724201 -0.00069001094161688376 0.059630771714727526 -0.088461939633311656 -0.010680975978574926 0.034385532166544393 -0.038342081460427349 -0.08334939107052064
leaf_weight=45.370572503656149 1.2908122576773196 3.0093963406980029 2.6942459717392921 19.233217852190137 5.4067872837185851 175.08786995708942 2.1888351868838045 0.99221512489020891 11.547733996761961 2.1226423708721995 1.2172165559604762 0.77792014367878437
leaf_count=451 21 30 27 500 52 3345 41 21 231 33 20 28
internal_value=-0.000333146 0.000889596 0.0442272 -0.000494226 0.0111065 -0.00352556 -0.0175003 -0.00937863 0.000522755 0.0731427 -0.0677152 -0.0862151
internal_weight=270.939 252.925 7.82628 245.098 50.7774 194.321 18.0147 15.5067 13.7366 4.81689 2.50803 1.77014
internal_count=4800 4438 90 4348 503 3845 362 321 272 60 41 49
is_linear=0
shrinkage=0.08


Tree=42
num_leaves=15
num_cat=0
split_feature=0 4 4 4 4 0 4 4 4 0 4 4 1 4
split_gain=0.791554 1.33241 1.73164 1.53711 4.6947 1.14885 1.40112 3.99409 2.38437 1.23672 2.6506 1.6666 0.866819 0.307018
threshold=6.5000000000000009 41.500000000000007 42.500000000000007 22.500000000000004 20.500000000000004 4.5000000000000009 5.5000000000000009 1.0000000180025095e-35 13.500000000000002 1.0000000180025095e-35 60.500000000000007 1.0000000180025095e-35 1.5000000000000002 26.500000000000004
decision_type=2 2 2 2 2 2 2 2 2 2 2 2 2 2
left_child=5 3 -3 4 -2 9 7 -7 -8 10 -1 -11 -4 -5
right_child=1 2 12 13 -6 6 8 -9 -10 11 -12 -13 -14 -15
leaf_value=0.011437780195269497 -0.037287479709748009 0.090626261463154292 -0.024190004888981469 -0.082190727625282622 0.1210845630363003 -0.016186512007037065 -0.045248913791435329 0.14303741659037564 0.0087901479512551908 0.058325487139225939 -0.048979996710867314 -0.011487972204564071 0.016978836959482827 -0.044600982049709366
leaf_weight=49.838646180927753 5.2795213274657753 1.3581482879817475 6.765201688045634 1.7755185784772018 1.5495144575834272 2.304337875917553 5.5393351558595887 1.7926806509494779 92.271892228163779 2.2484723366796961 5.125136890448629 81.946815231814981 6.3412678185850382 6.4146140865050256
leaf_count=489 187 22 229 78 28 24 64 21 958 51 66 2094 172 317
internal_value=-0.000317335 -0.0126906 0.00463897 -0.0293803 -0.00135272 0.00119598 0.00764959 0.0534831 0.00572976 -0.0035301 0.00580408 -0.00962357 -0.0042714 -0.05275
internal_weight=270.551 29.4838 14.4646 15.0192 6.82904 241.067 101.908 4.09702 97.8112 139.159 54.9638 84.1953 13.1065 8.19013
internal_count=4800 1033 423 610 215 3767 1067 45 1022 2700 555 2145 401 395
is_linear=0
shrinkage=0.08


Tree=43
num_leaves=15
num_cat=0
split_feature=2 1 0 4 4 4 2 4 4 0 0 4 4 1
split_gain=0.757378 0.931865 1.46795 1.44346 1.37399 1.3325 0.639198 1.67544 2.46106 0.935189 0.854311 2.59222 2.3934 0.000147155
threshold=1.0000000180025095e-35 1.5000000000000002 7.5000000000000009 9.5000000000000018 13.500000000000002 53.500000000000007 1.5000000000000002 62.500000000000007 59.500000000000007 1.0000000180025095e-35 1.0000000180025095e-35 63.500000000000007 63.500000000000007 1.0000000180025095e-35
decision_type=2 2 2 2 2 2 2 2 2 2 2 2 2 2
left_child=1 2 4 -3 -1 -5 10 8 -8 -9 11 -2 -12 -4
right_child=6 3 13 5 -6 -7 7 9 -10 -11 12 -13 -14 -15
leaf_value=-0.050684084359808097 0.021801633628520736 0.063126530564597647 -0.081162041356773212 -0.045911235160354322 0.0041927005664404776 0.012122947821858215 -0.0061222892225147128 -0.0048297379515195782 0.10022045728084911 -0.085813191416044016 -0.0023023178472101019 -0.069210971617732125 0.031766286461350761 -0.08294148115484766
leaf_weight=3.1492883162572971 30.210809286683798 1.0942677278071631 0.42365827597677597 10.764507958665488 40.11125720362179 3.3108979091048232 33.597953077405691 1.4270472191274159 1.4530266281217326 2.5316004557535052 123.77525849547237 2.1450607627630225 14.772450503893195 0.99827783834189177
leaf_count=52 313 34 37 334 568 85 604 15 22 66 2376 30 226 38
internal_value=-0.000308994 -0.0082474 -0.00243111 -0.0253794 0.000197771 -0.0322601 0.00195447 -0.00728565 -0.00171389 -0.0566196 0.00406357 0.0157679 0.0013302 -0.0824113
internal_weight=269.765 59.8522 44.6825 15.1697 43.2605 14.0754 209.913 39.0096 35.051 3.95865 170.904 32.3559 138.548 1.42194
internal_count=4800 1148 695 453 620 419 3652 707 626 81 2945 343 2602 75
is_linear=0
shrinkage=0.08


Tree=44
num_leaves=14
num_cat=0
split_feature=4 4 0 4 1 0 4 0 0 4 0 0 4
split_gain=0.776463 1.48898 1.72836 1.27256 1.05132 0.967645 1.28837 1.17012 0.766069 0.807367 0.436209 0.691942 0.407166
threshold=66.500000000000014 63.500000000000007 1.0000000180025095e-35 73.500000000000014 1.5000000000000002 6.5000000000000009 56.500000000000007 4.5000000000000009 3.5000000000000004 68.500000000000014 6.5000000000000009 1.5000000000000002 69.500000000000014
decision_type=2 2 2 2 2 2 2 2 2 2 2 2 2
left_child=1 5 -3 8 -4 7 -7 -1 12 -10 11 -5 -2
right_child=3 2 4 10 -6 6 -8 -9 9 -11 -12 -13 -14
leaf_value=-0.00381335624838295 -0.040176209646355147 -0.035980825093066021 0.071360853391695706 0.035866848765281831 0.012305315904402644 -0.010466655958714826 -0.082336642969362828 0.0080171556857886236 -0.022379802143283105 -0.095311728309296739 0.036967311418162729 -0.022413043525362122 0.016431867962270339
leaf_weight=125.47703866660595 1.7099326085299247 1.9758627656847227 4.7855818988755328 1.8012014450505356 3.2324022259563208 23.157600585371259 1.7145229512825597 93.284298663958907 1.6450528707355259 2.3723836473654956 1.9310524445027111 4.7213947549462318 1.5506274569779632
leaf_count=2446 36 18 62 32 50 859 67 976 32 57 38 94 33
internal_value=-0.000296858 0.000772871 0.0310377 -0.0175431 0.047553 -0.000468592 -0.0154209 0.00123142 -0.0420653 -0.0654477 0.00356869 -0.00631917 -0.0132551
internal_weight=269.359 253.627 9.99385 15.7316 8.01798 243.633 24.8721 218.761 7.278 4.01744 8.45365 6.5226 3.26056
internal_count=4800 4478 130 322 112 4348 926 3422 158 89 164 126 69
is_linear=0
shrinkage=0.08


Tree=45
num_leaves=12
num_cat=0
split_feature=4 4 0 4 0 0 0 0 4 0 0
split_gain=0.685591 1.7528 1.02015 1.29501 1.18985 1.00902 0.915827 0.849105 2.07809 1.80981 0.83663
threshold=65.500000000000014 63.500000000000007 7.5000000000000009 75.500000000000014 1.0000000180025095e-35 4.5000000000000009 2.5000000000000004 1.0000000180025095e-35 54.500000000000007 1.5000000000000002 4.5000000000000009
decision_type=2 2 2 2 2 2 2 2 2 2 2
left_child=1 7 3 4 -2 -5 -3 8 -1 -9 -8
right_child=2 6 -4 5 -6 -7 10 9 -10 -11 -12
leaf_value=0.0031084515968628303 -0.092807043580441922 0.0020098998622781329 -0.084448318355138344 -0.02109078957503864 -0.015819782269195587 0.047831849699467743 0.10475637010460288 -0.026734055152533034 0.055015792892312829 -0.00034715240549324774 0.035642093688277282
leaf_weight=45.683957861736417 1.4945739470422328 2.9806597791612131 1.2753937430679787 2.2449253937229505 9.1535319793038052 3.4464779626578093 1.6468998193740843 18.399334914982319 5.5340917520225039 173.53349051019177 3.5098025556653738
leaf_count=451 28 30 39 80 179 36 18 500 52 3345 42
internal_value=-0.000281761 0.000787734 -0.0155388 -0.01016 -0.0266258 0.0206459 0.0373107 -0.000434556 0.00871702 -0.00287669 0.0577152
internal_weight=268.903 251.288 17.6149 16.3395 10.6481 5.6914 8.13736 243.151 51.218 191.933 5.1567
internal_count=4800 4438 362 323 207 116 90 4348 503 3845 60
is_linear=0
shrinkage=0.08


Tree=46
num_leaves=15
num_cat=0
split_feature=4 0 4 4 0 4 4 4 1 4 4 4 0 0
split_gain=0.700757 1.93678 2.52101 1.85542 1.63623 2.82018 2.15568 1.25428 3.91773 1.51607 1.02643 0.979247 0.613455 0.00360677
threshold=25.500000000000004 1.0000000180025095e-35 8.5000000000000018 26.500000000000004 5.5000000000000009 15.500000000000002 17.500000000000004 27.500000000000004 1.5000000000000002 39.500000000000007 23.500000000000004 1.0000000180025095e-35 4.5000000000000009 1.5000000000000002
decision_type=2 2 2 2 2 2 2 2 2 2 2 2 2 2
left_child=1 2 11 12 6 -6 -3 8 -5 -9 -4 -1 13 -2
right_child=3 4 10 7 5 -7 -8 9 -10 -11 -12 -13 -14 -15
leaf_value=0.012018938895893574 -0.077179041939753654 0.0064541726262411434 0.036533044569009528 0.074078541468801079 -0.015591890585630302 0.04755846146942893 -0.031864790089495776 -0.013335771696826322 -0.083150205041575762 0.0022481879450546196 0.09170091029190007 -0.068058348359564452 -0.023180053960967319 -0.083361966424871356
leaf_weight=2.1750677116215225 1.2186349742114537 22.164249610155821 8.8975257799029333 4.1912803575396529 8.1988957356661576 10.102743028663097 16.309990212321281 58.18566402932629 1.3380650635808704 127.49649239541031 2.8497373871505252 1.7749016713351009 2.4075499642640352 1.1968600116670129
leaf_count=21 15 408 87 52 186 214 332 1150 39 2169 23 28 45 31
internal_value=-0.000268259 0.00645335 0.0313254 -0.00275321 -0.000423206 0.0192679 -0.00978999 -0.00151712 0.0360302 -0.00263523 0.0499161 -0.0239634 -0.0517583 -0.0802426
internal_weight=268.508 72.4731 15.6972 196.035 56.7759 18.3016 38.4742 191.212 5.52935 185.682 11.7473 3.94997 4.82304 2.41549
internal_count=4800 1299 159 3501 1140 400 740 3410 91 3319 110 49 91 46
is_linear=0
shrinkage=0.08


Tree=47
num_leaves=15
num_cat=0
split_feature=2 4 4 4 0 4 0 0 4 4 3 1 4 4
split_gain=0.669339 0.833374 1.64777 0.88207 1.42127 1.0939 0.524468 1.27343 3.41275 1.23112 0.759185 1.19701 0.942324 0.0310763
threshold=1.0000000180025095e-35 65.500000000000014 77.500000000000014 54.500000000000007 7.5000000000000009 59.500000000000007 6.5000000000000009 7.5000000000000009 73.500000000000014 65.500000000000014 1.0000000180025095e-35 1.0000000180025095e-35 34.500000000000007 73.500000000000014
decision_type=2 2 2 2 2 2 2 2 2 2 2 2 2 2
left_child=1 3 13 4 -1 -5 10 8 -8 -9 12 -12 -2 -3
right_child=6 2 -4 5 -6 -7 7 9 -10 -11 11 -13 -14 -15
leaf_value=-0.0065837702116862606 0.0088780959218400443 -0.083345559567939598 0.021494848699013348 0.054514629898495016 -0.08193805868250012 -0.0097775001443986421 -0.042068477102507842 0.014900675951667927 0.14283696975987384 -0.084275594127859024 0.063473860310148192 -0.0058188310287097334 -0.0027989600313405704 -0.10367375253510151
leaf_weight=47.246000938117504 78.620031759142876 1.3408409196417777 1.3999565653502939 3.3139379881322375 1.6581414365209628 3.4642912996932864 9.8179489597678167 11.391387989744542 0.6832888815552004 0.86165122780948955 3.3387085534632197 3.0558757903054357 101.11364056356251 0.75079224258661259
leaf_count=849 1231 53 31 51 93 55 379 358 10 27 32 81 1534 16
internal_value=-0.000256723 -0.00776751 -0.0456808 -0.00539014 -0.00913873 0.0216555 0.001871 -0.00959398 -0.0300371 0.00792646 0.00327259 0.0303599 0.00230888 -0.0906424
internal_weight=268.056 59.174 3.49159 55.6824 48.9041 6.77823 208.883 22.7543 10.5012 12.253 186.128 6.39458 179.734 2.09163
internal_count=4800 1148 100 1048 942 106 3652 774 389 385 2878 113 2765 69
is_linear=0
shrinkage=0.08


Tree=48
num_leaves=13
num_cat=0
split_feature=4 4 4 1 0 0 1 4 2 4 4 0
split_gain=0.622233 2.42616 2.74954 1.19043 1.59594 0.853751 0.848846 2.08584 0.663831 0.54366 0.280341 0.594345
threshold=2.5000000000000004 8.5000000000000018 9.5000000000000018 1.5000000000000002 1.0000000180025095e-35 5.5000000000000009 1.5000000000000002 5.5000000000000009 1.0000000180025095e-35 4.5000000000000009 1.0000000180025095e-35 3.5000000000000004
decision_type=2 2 2 2 2 2 2 2 2 2 2 2
left_child=3 6 -3 4 -1 -6 9 -8 -4 -2 11 -5
right_child=1 2 8 10 5 -7 7 -9 -10 -11 -12 -13
leaf_value=-0.022045356258484736 -0.10849504712577676 0.10284932535515609 -0.0081318913467508542 0.006049525919418308 0.041201866059673943 0.1155542793620257 0.074640216594554096 -0.083213971268164391 0.0017632093726938308 -0.048703587875588907 0.014338241634928778 -0.083346152086390721
leaf_weight=2.0439352877438051 1.5590556235983957 1.660134209319948 55.870004168245941 0.88896210119128261 3.5086952038109303 1.3759753070771692 1.0081116035580637 1.1433155369013546 194.26103399554268 2.5902639916166663 0.80979189090430725 1.0245520640164612
leaf_count=18 33 27 1085 20 50 26 26 32 3383 51 19 30
internal_value=-0.000247101 -0.000992907 0.000234074 0.0196958 0.0373099 0.0621464 -0.0500257 -0.00924696 -0.000446989 -0.0711695 -0.0251179 -0.0418156
internal_weight=267.744 258.092 251.791 9.65191 6.92861 4.88467 6.30075 2.15143 250.131 4.14932 2.72331 1.91351
internal_count=4800 4637 4495 163 94 76 142 58 4468 84 69 50
is_linear=0
shrinkage=0.08


Tree=49
num_leaves=11
num_cat=0
split_feature=4 4 4 2 1 0 0 0 4 0
split_gain=0.567605 1.26239 1.09113 1.42682 1.33978 0.907492 0.974039 0.759142 1.23344 0.956284
threshold=66.500000000000014 67.500000000000014 63.500000000000007 1.5000000000000002 1.0000000180025095e-35 7.5000000000000009 5.5000000000000009 6.5000000000000009 56.500000000000007 4.5000000000000009
decision_type=2 2 2 2 2 2 2 2 2 2
left_child=2 -2 7 4 -4 6 -3 9 -9 -1
right_child=1 5 3 -5 -6 -7 -8 8 -10 -11
leaf_value=-0.0035034300198150408 -0.098897716741452646 -0.017411191849975544 0.000218869813811613 -0.043959894064140526 0.064340429590757933 -0.084204823254811739 0.030280403145933089 -0.0090697935039301524 -0.082151969250088372 0.0072100768827176621
leaf_weight=124.53631737828255 1.0726178046315897 9.3680836316198057 3.460752186365422 1.5716075235977776 5.2479036748409271 0.95503407064825374 3.8742342886980632 22.720910489559177 1.5808348124846805 93.24597017839551
leaf_count=2446 28 193 33 24 73 32 69 859 67 976
internal_value=-0.000235053 -0.0152125 0.000671196 0.026198 0.038859 -0.00889001 -0.00345832 -0.000412817 -0.0138238 0.00108368
internal_weight=267.634 15.27 252.364 10.2803 8.70866 14.1974 13.2423 242.084 24.3017 217.782
internal_count=4800 322 4478 130 106 294 262 4348 926 3422
is_linear=0
shrinkage=0.08


Tree=50
num_leaves=15
num_cat=0
split_feature=4 0 4 4 0 4 4 4 1 4 4 4 1 0
split_gain=0.526735 1.73549 1.93752 1.66055 1.44732 2.49648 1.83064 1.01913 3.33897 1.35037 0.849524 0.826837 0.631929 3.49662e-05
threshold=25.500000000000004 1.0000000180025095e-35 8.5000000000000018 26.500000000000004 5.5000000000000009 13.500000000000002 17.500000000000004 27.500000000000004 1.5000000000000002 39.500000000000007 23.500000000000004 1.0000000180025095e-35 1.0000000180025095e-35 5.5000000000000009
decision_type=2 2 2 2 2 2 2 2 2 2 2 2 2 2
left_child=1 2 11 12 6 -6 -3 8 -5 -9 -4 -1 -2 -14
right_child=3 4 10 7 5 -7 -8 9 -10 -11 -12 -13 13 -15
leaf_value=0.012254942976711146 -0.02374571481503358 0.0050280744690545257 0.033023215339191461 0.066247107354575327 -0.022183848784039614 0.03964418280675483 -0.030432774472303661 -0.012390052137200007 -0.082921755732225919 0.0023690275660921546 0.082995587176256977 -0.062572786899507127 -0.083254515563008863 -0.082546740717288666
leaf_weight=2.1781369298696514 2.6568030007183543 22.354439863935113 9.0002541057765466 4.2682573217898598 6.4906055163592127 11.738882947247474 15.9758342821151 57.683973534964025 1.2391839222982524 127.07866276823916 2.8719091713428488 1.6694805808365343 1.3672128897160294 0.66352153476327647
leaf_count=21 30 408 87 52 156 244 332 1150 39 2169 23 28 37 24
internal_value=-0.000224263 0.00560884 0.0291227 -0.00238686 -0.000926407 0.0176303 -0.0097518 -0.00122799 0.0326839 -0.00223884 0.0451117 -0.0202128 -0.0494259 -0.0830233
internal_weight=267.237 72.2795 15.7198 194.958 56.5598 18.2295 38.3303 190.27 5.50744 184.763 11.8722 3.84762 4.68754 2.03073
internal_count=4800 1299 159 3501 1140 400 740 3410 91 3319 110 49 91 61
is_linear=0
shrinkage=0.08


Tree=51
num_leaves=13
num_cat=0
split_feature=4 4 4 1 0 4 1 0 4 4 0 0
split_gain=0.530405 2.018 2.19911 0.979187 1.32953 0.778809 1.25305 0.768542 0.601469 0.262673 0.559483 0.0257431
threshold=2.5000000000000004 8.5000000000000018 9.5000000000000018 1.5000000000000002 1.0000000180025095e-35 6.5000000000000009 1.5000000000000002 5.5000000000000009 10.500000000000002 1.0000000180025095e-35 3.5000000000000004 2.5000000000000004
decision_type=2 2 2 2 2 2 2 2 2 2 2 2
left_child=3 5 -3 4 -1 6 -2 -6 -4 10 -5 -7
right_child=1 2 8 9 7 11 -8 -9 -10 -11 -12 -13
leaf_value=-0.020775070817247748 -0.057058177711661828 0.089729585843480286 -0.043839954197872996 0.0052157486549436341 0.036471956917981156 -0.1023615712752269 0.036610133133822546 0.10644858306820901 -7.669353012826299e-05 0.014782929643870096 -0.083083463765439125 -0.082855805508625605
leaf_weight=2.0288194976747018 2.9490615716204038 1.7434398513287295 2.0263662096112958 0.89687937498092674 3.5922698713839054 0.74342115037143219 1.3245757762342689 1.3943821219727395 247.2849941838067 0.80573724955320347 0.94120754487812519 1.0371368201449511
leaf_count=18 59 27 37 20 50 16 33 26 4431 19 30 34
internal_value=-0.000215468 -0.000906886 0.000193731 0.0181885 0.033825 -0.0465472 -0.0280265 0.056039 -0.000432395 -0.0233033 -0.0399986 -0.0909999
internal_weight=266.768 257.109 251.055 9.6593 7.01547 6.0542 4.27364 4.98665 249.311 2.64382 1.83809 1.78056
internal_count=4800 4637 4495 163 94 142 92 76 4468 69 50 50
is_linear=0
shrinkage=0.08


Tree=52
num_leaves=12
num_cat=0
split_feature=4 4 0 4 0 0 0 4 0 0 1
split_gain=0.511851 1.23027 0.85235 1.00449 1.13019 0.7283 0.689406 1.1541 0.791859 0.656601 0.52959
threshold=65.500000000000014 63.500000000000007 7.5000000000000009 75.500000000000014 1.0000000180025095e-35 4.5000000000000009 6.5000000000000009 56.500000000000007 4.5000000000000009 2.5000000000000004 1.5000000000000002
decision_type=2 2 2 2 2 2 2 2 2 2 2
left_child=1 6 3 4 -2 -5 8 -8 -1 -3 -11
right_child=2 9 -4 5 -6 -7 7 -9 -10 10 -12
leaf_value=-0.0031091736585960763 -0.091643009707698356 0.00069064560297950437 -0.083609317923716675 -0.018851492190498222 -0.013638144299886452 0.039684561162801578 -0.0087261231560366356 -0.081987145247684287 0.0066545763681618575 0.068041688812317619 0.017567546326759192
leaf_weight=123.79579813964665 1.3718223832547725 3.0244378112256509 1.0446745036169875 2.1838433421216896 8.9074446279555541 3.6073857108131051 22.610186123289171 1.4653799394145597 93.171473430469632 3.2100929645821452 2.2720239609479904
leaf_count=2446 28 30 39 80 179 36 859 67 976 30 30
internal_value=-0.000204224 0.000713668 -0.0135876 -0.00903582 -0.0240483 0.0176109 -0.000341547 -0.0131852 0.00108364 0.0306144 0.047123
internal_weight=266.665 249.549 17.1152 16.0705 10.2793 5.79123 241.043 24.0756 216.967 8.50655 5.48212
internal_count=4800 4438 362 323 207 116 4348 926 3422 90 60
is_linear=0
shrinkage=0.08


Tree=53
num_leaves=15
num_cat=0
split_feature=2 1 4 4 4 4 4 2 0 0 4 0 4 4
split_gain=0.508354 0.726575 1.2999 1.17863 2.70311 1.77181 1.12517 0.462423 1.49661 3.47129 2.15756 0.712556 1.90864 1.56541
threshold=1.0000000180025095e-35 1.5000000000000002 9.5000000000000018 13.500000000000002 3.5000000000000004 27.500000000000004 53.500000000000007 1.5000000000000002 5.5000000000000009 3.5000000000000004 53.500000000000007 1.0000000180025095e-35 63.500000000000007 63.500000000000007
decision_type=2 2 2 2 2 2 2 2 2 2 2 2 2 2
left_child=1 3 -3 4 -1 -5 -4 11 9 -9 -10 12 -2 -13
right_child=7 2 6 5 -6 -7 -8 8 10 -11 -12 13 -14 -15
leaf_value=0.056118452653333116 0.019031293575695225 0.060860265115636338 -0.042764572026989203 0.031090552754018001 -0.10292219399887027 -0.0076006593719213653 0.010912615424423389 -0.017329339574116583 -0.01133683554358803 0.042019612882825907 -0.095617080452819983 -0.0020907719218853731 -0.062966108904373513 0.025072478710369758
leaf_weight=1.0297776898369186 30.408787840977311 1.1084203962236632 9.9716018633916956 10.044478606432675 2.036664848215878 30.807767066871747 3.335271203890442 18.012812751811001 7.9240875802934152 9.7059362721629423 2.5759171890094876 121.98963291011751 1.9322251928970207 15.278902824502437
leaf_count=16 313 34 334 145 41 493 85 314 184 153 56 2376 30 226
internal_value=-0.000194018 -0.00679322 -0.0223773 -0.00167809 -0.0495129 0.00191248 -0.0293108 0.00165827 -0.00629132 0.00345216 -0.0320129 0.00344958 0.0141323 0.000932679
internal_weight=266.162 58.334 14.4153 43.9187 3.06644 40.8522 13.3069 207.828 38.2188 27.7187 10.5 169.61 32.341 137.269
internal_count=4800 1148 453 695 57 638 419 3652 707 467 240 2945 343 2602
is_linear=0
shrinkage=0.08


Tree=54
num_leaves=11
num_cat=0
split_feature=4 4 4 0 1 4 4 0 4 0
split_gain=0.505462 1.16606 0.726212 0.885668 0.754862 0.66605 1.24458 0.553985 1.08107 0.707183
threshold=66.500000000000014 67.500000000000014 63.500000000000007 1.0000000180025095e-35 1.5000000000000002 68.500000000000014 73.500000000000014 6.5000000000000009 56.500000000000007 4.5000000000000009
decision_type=2 2 2 2 2 2 2 2 2 2
left_child=2 -2 7 -4 -5 -3 -7 9 -9 -1
right_child=1 5 3 4 -6 6 -8 8 -10 -11
leaf_value=-0.0029472703323389212 -0.098451766394780246 0.040619586825183386 -0.02889176025062884 0.051018017485894483 0.0031289314518158197 -0.051084400729567818 0.0028735885448432598 -0.0076855392192429796 -0.081804434677984109 0.0062833211270181587
leaf_weight=123.38456950709224 0.98802389483898778 1.5672153346240509 1.86794171668589 5.2441507736220938 3.5209041181951761 4.0593207792844614 8.391342656221239 22.308569774031643 1.3347865743562568 93.276628000661731
leaf_count=2446 28 28 18 62 50 102 164 859 67 976
internal_value=-0.000189809 -0.0144522 0.00066307 0.0211224 0.0317811 -0.00853161 -0.0147185 -0.000242216 -0.0118699 0.00102667
internal_weight=265.943 15.0059 250.938 10.633 8.76505 14.0179 12.4507 240.305 23.6434 216.661
internal_count=4800 322 4478 130 112 294 266 4348 926 3422
is_linear=0
shrinkage=0.08


Tree=55
num_leaves=12
num_cat=0
split_feature=4 4 0 4 2 0 0 4 0 0 0
split_gain=0.446174 0.860323 0.795044 0.792474 1.02465 0.583933 0.582631 1.71139 1.4099 0.399393 0.440983
threshold=65.500000000000014 63.500000000000007 7.5000000000000009 75.500000000000014 1.5000000000000002 4.5000000000000009 1.0000000180025095e-35 54.500000000000007 1.5000000000000002 2.5000000000000004 4.5000000000000009
decision_type=2 2 2 2 2 2 2 2 2 2 2
left_child=1 6 3 4 -2 -5 7 -1 -8 -3 -11
right_child=2 9 -4 5 -6 -7 8 -9 -10 10 -12
leaf_value=0.0021954141530959774 -0.012115112160630354 0.0018686625719427632 -0.083405643090693982 -0.018094004761134121 -0.087227919038620524 0.034179682191272202 -0.023872136627701483 0.048886144490179827 -6.4951077230016919e-05 0.068161216072903735 0.021511959607284359
leaf_weight=45.611449792981148 8.6729510240256751 3.0340706743299943 0.96187265031039793 2.1706152679398665 1.3422030918300158 3.6971339164301753 17.553286027163267 5.6461380347609511 171.1401553247124 1.99189917743206 3.7171199610456824
leaf_count=451 174 30 39 80 33 36 500 52 3345 18 42
internal_value=-0.000180309 0.000673141 -0.0127805 -0.00850346 -0.0221815 0.0148424 -0.00022503 0.0073385 -0.00227962 0.0253231 0.0377881
internal_weight=265.539 248.694 16.8448 15.8829 10.0152 5.86775 239.951 51.2576 188.693 8.74309 5.70902
internal_count=4800 4438 362 323 207 116 4348 503 3845 90 60
is_linear=0
shrinkage=0.08


Tree=56
num_leaves=15
num_cat=0
split_feature=2 4 4 4 0 4 3 4 4 1 2 0 0 4
split_gain=0.441034 0.711389 1.54256 0.626523 1.30802 1.07091 0.370314 1.18529 4.20437 1.5986 0.409096 1.4223 0.477877 0.0393605
threshold=1.0000000180025095e-35 65.500000000000014 77.500000000000014 54.500000000000007 7.5000000000000009 59.500000000000007 1.0000000180025095e-35 39.500000000000007 51.500000000000007 1.0000000180025095e-35 1.5000000000000002 5.5000000000000009 4.5000000000000009 74.500000000000014
decision_type=2 2 2 2 2 2 2 2 2 2 2 2 2 2
left_child=1 3 13 4 -1 -5 10 9 -9 -8 12 -12 -2 -3
right_child=6 2 -4 5 -6 -7 7 8 -10 -11 11 -13 -14 -15
leaf_value=-0.0050788347751618999 -0.0017177238899875064 -0.083369045300412031 0.020231531921505414 0.050815480358967172 -0.081726744954406766 -0.012304358459344855 0.034463207289599583 0.13881918940408314 -0.030543921859917882 -0.082314891743713703 0.0029964025289848629 -0.032368971654461169 0.0069182907508880086 -0.10894293856911849
leaf_weight=46.245518285315484 81.400967670138925 1.2883596748579287 1.4095754483714698 3.346877426840364 1.4702347111888219 3.5396474879235029 1.6947189532220357 1.7874232344329359 1.974203076213598 1.3461664598435161 26.458387894090265 10.039690583944319 82.640735785476863 0.54941813088953484
leaf_count=849 1598 57 31 51 93 55 22 25 32 51 447 234 1243 12
internal_value=-0.000172023 -0.00634848 -0.0427261 -0.004185 -0.00744054 0.0183721 0.00155124 0.019908 0.0499329 -0.0172332 0.000928563 -0.00673171 0.00263292 -0.0910146
internal_weight=265.192 57.8496 3.24735 54.6023 47.7158 6.88652 207.342 6.80251 3.76163 3.04089 200.54 36.4981 164.042 1.83778
internal_count=4800 1148 100 1048 942 106 3652 130 57 73 3522 681 2841 69
is_linear=0
shrinkage=0.08


Tree=57
num_leaves=14
num_cat=0
split_feature=4 4 0 4 0 4 4 4 4 0 4 1 0
split_gain=0.437181 1.47722 1.46734 1.54611 1.24018 2.15173 1.61682 0.836419 1.11347 0.906719 0.652614 0.623792 2.59959e-05
threshold=25.500000000000004 26.500000000000004 1.0000000180025095e-35 21.500000000000004 5.5000000000000009 15.500000000000002 17.500000000000004 27.500000000000004 39.500000000000007 5.5000000000000009 8.5000000000000018 1.0000000180025095e-35 5.5000000000000009
decision_type=2 2 2 2 2 2 2 2 2 2 2 2 2
left_child=2 11 3 10 6 -6 -4 9 -9 -3 -1 -2 -13
right_child=1 7 4 -5 5 -7 -8 8 -10 -11 -12 12 -14
leaf_value=-0.017170123487688017 -0.022398951377310922 0.0082776335893997958 0.0046911575326380791 0.063591450188792781 -0.015034096812271254 0.040506662115430518 -0.028921222834616796 -0.011273521008099611 0.0022004204488212122 0.079214543626992345 0.024148343512288863 -0.082993799111679187 -0.082356662239518333
leaf_weight=3.7646921724081022 2.6471227826550594 3.800578197464346 22.238470884039998 4.9823657199740401 7.9162823962979045 10.237326713744549 15.572326274588702 56.929889088496566 126.4145601906348 1.6555541427806018 6.9872176758944988 1.2592642176896331 0.6075959363952278
leaf_count=49 30 60 408 46 186 214 332 1150 2169 31 64 37 24
internal_value=-0.000167276 -0.00214611 0.00516808 0.0267521 -0.000900229 0.0162869 -0.00915206 -0.00106478 -0.00198334 0.029802 0.00968102 -0.0473736 -0.0827864
internal_weight=265.013 193.315 71.6987 15.7343 55.9644 18.1536 37.8108 188.801 183.344 5.45613 10.7519 4.51398 1.86686
internal_count=4800 3501 1299 159 1140 400 740 3410 3319 91 113 91 61
is_linear=0
shrinkage=0.08


Tree=58
num_leaves=12
num_cat=0
split_feature=4 4 4 4 1 4 4 0 0 4 0
split_gain=0.429271 1.70979 1.80733 0.82824 1.34559 0.768495 1.28095 0.722055 0.518639 0.487492 0.0198956
threshold=2.5000000000000004 8.5000000000000018 9.5000000000000018 1.5000000000000002 1.5000000000000002 6.5000000000000009 3.5000000000000004 1.0000000180025095e-35 3.5000000000000004 10.500000000000002 2.5000000000000004
decision_type=2 2 2 2 2 2 2 2 2 2 2
left_child=3 5 -3 4 7 6 -2 -1 -6 -4 -7
right_child=1 2 9 -5 8 10 -8 -9 -10 -11 -12
leaf_value=-0.014939718558027342 -0.10267710839813815 0.079618726567707104 -0.040104149693363726 0.07560900273992785 -0.005321248934289334 -0.10051932379508222 -0.00024521472128146544 0.04429627802861049 -0.083594912359388901 -5.2094684958696404e-05 -0.082631736979673465
leaf_weight=1.8991011381149254 1.0369412302970875 1.8211695477366436 1.9604397020302702 1.3068532850593335 1.0177898518741133 0.68660446256399132 3.1698412150144577 4.2964808149263263 1.1583674140274522 245.379595721839 0.94660350307822227
leaf_count=15 28 27 37 24 23 16 64 65 36 4431 34
internal_value=-0.00016013 -0.000787798 0.0002151 0.016377 0.00713072 -0.0435761 -0.0254939 0.026139 -0.0469863 -0.000369551 -0.0901517
internal_weight=264.68 255.001 249.161 9.67859 8.37174 5.83999 4.20678 6.19558 2.17616 247.34 1.63321
internal_count=4800 4637 4495 163 139 142 92 80 59 4468 50
is_linear=0
shrinkage=0.08


Tree=59
num_leaves=15
num_cat=0
split_feature=2 4 4 4 3 0 0 4 4 4 4 1 0 4
split_gain=0.382402 0.636212 1.43346 0.549311 1.81881 0.329972 0.31941 0.983176 2.90222 1.67508 0.673528 1.45994 0.613767 0.0320306
threshold=1.0000000180025095e-35 65.500000000000014 77.500000000000014 45.500000000000007 1.0000000180025095e-35 5.5000000000000009 1.0000000180025095e-35 31.500000000000004 33.500000000000007 10.500000000000002 2.5000000000000004 1.5000000000000002 4.5000000000000009 74.500000000000014
decision_type=2 2 2 2 2 2 2 2 2 2 2 2 2 2
left_child=1 3 13 4 -1 -5 7 9 -9 -2 11 -8 -12 -3
right_child=6 2 -4 5 -6 -7 10 8 -10 -11 12 -13 -14 -15
leaf_value=-0.0059212109420765258 -0.027583973927940032 -0.083119990723927326 0.018121736875291578 0.0022834292515392369 -0.1067241354856162 0.029635083922172251 0.050085863326443575 -0.094752361168992036 0.0056239376017664959 0.035049006762894706 -0.0074623677835524141 -0.037041009781397266 0.0027690785025395893 -0.10695242439817058
leaf_weight=37.63010219251737 3.4183477815240648 1.1951899502892041 1.4332533050328491 11.829114785417913 1.1815352868288744 3.707638030871748 4.4295983705669633 2.0044812299311188 22.957822306081653 13.626796927303074 60.724975463468581 1.7045017862692473 98.213534418027848 0.51705482602119435
leaf_count=747 44 57 31 192 27 82 64 18 242 129 1583 45 1527 12
internal_value=-0.00015371 -0.00592582 -0.0409065 -0.00390126 -0.00898994 0.00881054 0.00144886 0.00767717 -0.00243631 0.0224882 -0.000136106 0.0258756 -0.00114001 -0.0903168
internal_weight=264.574 57.4939 3.1455 54.3484 38.8116 15.5368 207.08 42.0074 24.9623 17.0451 165.073 6.1341 158.939 1.71224
internal_count=4800 1148 100 1048 774 274 3652 433 260 173 3219 109 3110 69
is_linear=0
shrinkage=0.08


Tree=60
num_leaves=14
num_cat=0
split_feature=4 4 0 4 4 0 1 0 0 0 4 0 4
split_gain=0.345031 0.708401 0.912215 0.848963 0.551464 0.688749 0.606748 0.50768 1.56435 0.490765 1.03734 0.521545 0.394587
threshold=66.500000000000014 73.500000000000014 3.5000000000000004 68.500000000000014 63.500000000000007 1.0000000180025095e-35 1.5000000000000002 1.5000000000000002 4.5000000000000009 6.5000000000000009 41.500000000000007 4.5000000000000009 69.500000000000014
decision_type=2 2 2 2 2 2 2 2 2 2 2 2 2
left_child=4 2 12 -4 9 -6 -7 -3 -9 11 -11 -1 -2
right_child=1 7 3 -5 5 6 -8 8 -10 10 -12 -13 -14
leaf_value=-0.0024948297039459615 -0.028164092592953448 0.041614194842910408 -0.014327672287793006 -0.094513850420886489 -0.026517815859277191 0.044248828361625601 0.0017322491335547039 -0.083403843116778911 0.012853985735767333 -0.025190262276379279 0.0090784665106813899 0.0054492200243914692 0.032596093860480832
leaf_weight=122.14079816266894 1.3854551604017609 1.7337528630159775 1.4827507571317258 1.9647370888851581 1.8284998759627331 5.4057840295135957 3.5647807903587818 1.3620034824125467 5.2287447368726134 13.894616347737612 9.5314374351873976 93.290073809213936 1.3511522971093652
leaf_count=2446 36 32 32 57 18 62 50 64 68 610 316 976 33
internal_value=-0.000148044 -0.0121414 -0.032651 -0.0600261 0.000548941 0.0182318 0.0273533 0.00309479 -0.00703807 -0.000250529 -0.0112472 0.000945257 0.00183519
internal_weight=264.165 14.5086 6.1841 3.44749 249.656 10.7991 8.97056 8.3245 6.59075 238.857 23.4261 215.431 2.73661
internal_count=4800 322 158 89 4478 130 112 164 132 4348 926 3422 69
is_linear=0
shrinkage=0.08


Tree=61
num_leaves=14
num_cat=0
split_feature=4 4 4 2 0 4 2 4 4 4 0 0 0
split_gain=0.368231 1.32632 1.30178 1.74202 1.67834 1.08063 1.35534 0.87452 0.686968 0.884376 0.823859 0.636491 0.0134997
threshold=25.500000000000004 26.500000000000004 23.500000000000004 1.5000000000000002 4.5000000000000009 22.500000000000004 1.0000000180025095e-35 21.500000000000004 27.500000000000004 39.500000000000007 4.5000000000000009 4.5000000000000009 1.0000000180025095e-35
decision_type=2 2 2 2 2 2 2 2 2 2 2 2 2
left_child=2 11 5 4 -4 7 -7 -1 10 -10 -3 12 -2
right_child=1 8 3 -5 -6 6 -8 -9 9 -11 -12 -13 -14
leaf_value=-8.8173682178182051e-05 -0.06973806856926866 -0.0079780730859516508 0.048569140107350875 0.11844919315700728 -0.023510116510995108 -0.11294289694102111 -0.0057352765037247556 0.03444691342498913 -0.010122842458584809 0.0019284041145102562 0.054522716154553105 -0.015955449788785537 -0.082682773132717644
leaf_weight=53.017027930822223 0.89768566563725416 2.4139805864542714 4.9910929668694699 1.2905161064118154 3.5295165469869971 1.1775449076667421 2.1017273059114814 5.1484794411808243 56.349951911019161 126.37115261657164 3.0617574397474527 2.2429051250219345 1.211410107091069
leaf_count=961 7 51 96 25 71 24 48 74 1150 2169 40 45 39
internal_value=-0.000142845 -0.00196108 0.00477041 0.0318306 0.0187115 0.000449594 -0.0442322 0.00296868 -0.000951401 -0.00178812 0.0269692 -0.0456232 -0.0771732
internal_weight=263.805 192.549 71.2559 9.81113 8.52061 61.4448 3.27927 58.1655 188.197 182.721 5.47574 4.352 2.1091
internal_count=4800 3501 1299 192 167 1107 72 1035 3410 3319 91 91 46
is_linear=0
shrinkage=0.08


Tree=62
num_leaves=9
num_cat=0
split_feature=4 4 4 0 1 4 4 0
split_gain=0.33378 1.54269 0.633997 1.32722 1.56552 0.583233 1.49389 1.42718
threshold=2.5000000000000004 3.5000000000000004 1.5000000000000002 1.5000000000000002 1.5000000000000002 8.5000000000000018 9.5000000000000018 4.5000000000000009
decision_type=2 2 2 2 2 2 2 2
left_child=2 -2 3 -1 -5 7 -7 -3
right_child=1 5 -4 4 -6 6 -8 -9
leaf_value=0.051287849101803069 -0.10212530293411889 -0.066180574361932892 0.064700851427228881 0.010440348371541112 -0.083404071183326794 0.071182582337000991 -0.00032849136063729583 0.023675338458570946
leaf_weight=2.7771012708544696 0.95604893611743946 2.6908887792378655 1.3770418539643294 3.9753199247643352 1.5938060348853467 1.883903220295905 246.5271232360974 1.9518242385238407
leaf_count=34 28 67 24 56 49 27 4468 47
internal_value=-0.000137605 -0.000694431 0.0144089 0.00611119 -0.0164166 -0.00031122 0.000213835 -0.0284046
internal_weight=263.733 254.01 9.72327 8.34623 5.56913 253.054 248.411 4.64271
internal_count=4800 4637 163 139 105 4609 4495 114
is_linear=0
shrinkage=0.08


Tree=63
num_leaves=16
num_cat=0
split_feature=2 4 4 4 4 4 4 0 2 4 4 0 0 4 4
split_gain=0.312055 0.606307 3.58467 1.42211 1.11945 0.790962 0.708256 0.576374 0.317527 1.19289 2.18183 1.01179 0.529292 1.52448 1.15461
threshold=1.0000000180025095e-35 30.500000000000004 35.500000000000007 15.500000000000002 19.500000000000004 9.5000000000000018 65.500000000000014 1.0000000180025095e-35 1.5000000000000002 62.500000000000007 59.500000000000007 1.0000000180025095e-35 1.0000000180025095e-35 63.500000000000007 63.500000000000007
decision_type=2 2 2 2 2 2 2 2 2 2 2 2 2 2 2
left_child=1 3 7 5 -5 -1 -4 -3 12 10 -10 -11 13 -2 -14
right_child=8 2 6 4 -6 -7 -8 -9 9 11 -12 -13 14 -15 -16
leaf_value=0.0088198995180904169 0.016207041640884563 -0.015323761905280089 0.0016167555397659653 0.06554028318098809 0.008955173296620168 -0.04573640677046574 -0.039044515256479645 -0.091967959021457504 -0.0051274046127088128 0.0046760062968652172 0.094105206925374732 -0.085071642911819123 -0.002030626816221519 -0.058904462152746695 0.021144527748459447
leaf_weight=2.8657420715317157 30.670082461088896 0.75691197440028091 29.006555172381923 2.8254394163377574 10.754508526995776 4.1837699082680047 3.0278061355929813 3.6856391378678381 32.867671815678477 1.3065778473392122 1.4819880090653885 2.0898123742081225 120.73176462389529 1.8327175439335395 15.527980751823632
leaf_count=63 313 11 527 58 215 75 100 99 604 15 22 66 2376 30 226
internal_value=-0.000132463 -0.00536663 -0.0115657 0.0055946 0.0207283 -0.0235584 -0.00222644 -0.0789095 0.00131495 -0.0053181 -0.000846095 -0.0505461 0.00279853 0.0119718 0.000610383
internal_weight=263.615 57.1064 36.4769 20.6295 13.5799 7.04951 32.0344 4.44255 206.509 37.7461 34.3497 3.39639 168.763 32.5028 136.26
internal_count=4800 1148 737 411 273 138 627 110 3652 707 626 81 2945 343 2602
is_linear=0
shrinkage=0.08


Tree=64
num_leaves=14
num_cat=0
split_feature=4 4 0 4 4 0 0 4 0 4 4 0 4
split_gain=0.298296 0.624032 0.844687 0.813519 0.460258 0.509085 0.482861 0.463823 1.5489 0.455056 0.406694 0.367879 0.327367
threshold=66.500000000000014 73.500000000000014 3.5000000000000004 68.500000000000014 63.500000000000007 1.0000000180025095e-35 5.5000000000000009 61.500000000000007 4.5000000000000009 74.500000000000014 76.500000000000014 1.0000000180025095e-35 69.500000000000014
decision_type=2 2 2 2 2 2 2 2 2 2 2 2 2
left_child=4 2 12 -4 7 -6 -7 11 -9 -3 -11 -1 -2
right_child=1 9 3 -5 5 6 -8 8 -10 10 -12 -13 -14
leaf_value=0.0063308183558299517 -0.026218914776130853 0.050246768287172783 -0.013791974106515616 -0.093822458948380733 -0.022566793115625643 0.036352940958070325 -0.0037502649450976973 -0.06804877341258124 0.022682286918667138 -0.039602619984364498 0.0058336083480468523 -0.0013828930489560574 0.029139410868074683
leaf_weight=50.492074297741055 1.3456100532785051 1.1225550598464886 1.4634683043695988 1.8286362648941574 1.7775751743465651 6.3593140281736833 2.7535116756334901 2.5243718586862078 2.3025338216684759 1.6336883194744585 5.5236397073604167 182.91347062960267 1.3898031422868369
leaf_count=492 36 16 32 57 18 68 44 46 45 30 118 3765 33
internal_value=-0.000131771 -0.0113651 -0.030947 -0.0582458 0.000513369 0.0165962 0.0242354 -0.000221831 -0.0247682 0.00289004 -0.00453739 0.000285796 0.00190743
internal_weight=263.43 14.3074 6.02752 3.2921 249.123 10.8904 9.11283 238.232 4.82691 8.27988 7.15733 233.406 2.73541
internal_count=4800 322 158 89 4478 130 112 4348 91 164 148 4257 69
is_linear=0
shrinkage=0.08


Tree=65
num_leaves=14
num_cat=0
split_feature=4 4 4 2 0 4 2 4 1 2 1 4 0
split_gain=0.281236 1.1754 1.06625 1.3768 1.35263 0.949933 1.2699 0.729203 0.637961 0.597669 1.34274 0.803789 1.29212e-05
threshold=25.500000000000004 26.500000000000004 23.500000000000004 1.5000000000000002 4.5000000000000009 22.500000000000004 1.0000000180025095e-35 21.500000000000004 1.0000000180025095e-35 1.5000000000000002 1.5000000000000002 27.500000000000004 5.5000000000000009
decision_type=2 2 2 2 2 2 2 2 2 2 2 2 2
left_child=2 8 5 4 -4 7 -7 -1 -2 11 -11 -3 -10
right_child=1 9 3 -5 -6 6 -8 -9 12 10 -12 -13 -14
leaf_value=-0.00026091692977066544 -0.018736867970248119 0.032261398342393714 0.042757376935992353 0.10307665613694252 -0.021807969237970556 -0.11142958391431908 -0.0055468484191026814 0.031047126429056538 -0.082602480580308418 -0.00084887301219909762 -0.040590351108966478 5.8113084672883821e-05 -0.082126389059857557
leaf_weight=52.972590037155896 2.6026902655139557 5.1243289718404403 5.1233836952596867 1.3645185586065061 3.4920446928590536 1.1086830236017697 2.094381308183074 5.2314060106873503 1.0919880289584396 19.940163579769436 7.4829139676876357 155.11410318908747 0.54789494909346093
leaf_count=961 30 80 96 25 71 24 48 74 37 294 227 2809 24
internal_value=-0.000126449 -0.00172113 0.00416041 0.0284128 0.0165875 0.00021889 -0.0421963 0.00255307 -0.0433614 -0.000779748 -0.0116931 0.00108795 -0.0824434
internal_weight=263.291 191.904 71.387 9.97995 8.61543 61.4071 3.20306 58.204 4.24257 187.662 27.4231 160.238 1.63988
internal_count=4800 3501 1299 192 167 1107 72 1035 91 3410 521 2889 61
is_linear=0
shrinkage=0.08


Tree=66
num_leaves=12
num_cat=0
split_feature=4 4 4 4 4 0 0 1 1 4 0
split_gain=0.268737 1.28705 1.21359 0.773858 1.15461 0.607017 2.05256 0.705298 1.50012 0.389934 0.013641
threshold=2.5000000000000004 8.5000000000000018 9.5000000000000018 6.5000000000000009 3.5000000000000004 3.5000000000000004 1.5000000000000002 1.0000000180025095e-35 1.5000000000000002 10.500000000000002 2.5000000000000004
decision_type=2 2 2 2 2 2 2 2 2 2 2
left_child=5 3 -3 4 -2 6 -1 -7 -9 -4 -5
right_child=1 2 9 10 -6 7 -8 8 -10 -11 -12
leaf_value=0.028131051403577835 -0.1011323149069725 0.063042837410140398 -0.036488542598931757 -0.098043977042438668 0.0023433690396040944 -0.001229121701624282 -0.084619127607744093 0.1081117274420922 -0.011976133251536522 6.0500669238701185e-07 -0.082366759992503508
leaf_weight=3.2765632197260839 0.88914471492171232 1.9524039346724738 1.888826502021401 0.60742215625941731 3.0835264706984162 2.2065176796168089 1.509341664612293 1.6423958949744701 1.1195572922006249 244.06954606343061 0.85549914091825485
leaf_count=44 28 27 37 16 64 23 31 26 39 4431 34
internal_value=-0.000123549 -0.000625239 0.00021908 -0.0391336 -0.0208161 0.0129066 -0.00742723 0.0324933 0.0594341 -0.000279612 -0.0888761
internal_weight=263.101 253.346 247.911 5.43559 3.97267 9.75438 4.7859 4.96847 2.76195 245.958 1.46292
internal_count=4800 4637 4495 142 92 163 75 88 65 4468 50
is_linear=0
shrinkage=0.08


Tree=67
num_leaves=12
num_cat=0
split_feature=2 1 4 4 4 4 4 4 4 4 4
split_gain=0.262721 0.574161 1.24873 1.0793 2.1934 1.42094 0.979061 0.277832 0.455011 0.388816 0.346772
threshold=1.0000000180025095e-35 1.5000000000000002 9.5000000000000018 13.500000000000002 4.5000000000000009 27.500000000000004 53.500000000000007 84.500000000000014 76.500000000000014 78.500000000000014 53.500000000000007
decision_type=2 2 2 2 2 2 2 2 2 2 2
left_child=1 3 -3 4 -1 -5 -4 8 10 -10 -2
right_child=7 2 6 5 -6 -7 -8 -9 9 -11 -12
leaf_value=0.04238383382261527 0.0027077760766197828 0.063072822270805878 -0.039638053615923374 0.029071367300878337 -0.10082754673120251 -0.0056639016510503185 0.010988277210857019 -0.032090162214880633 0.077440779717023192 0.010050701560381155 -0.0056132036061905602
leaf_weight=1.0925792464986437 162.35613898467273 1.0866666994988907 9.2838679607957584 10.041788698639719 1.8323068688623605 30.220189824001864 3.318686554208397 1.5914224395528425 0.91246205801144187 1.3715848764404652 39.938324195332825
leaf_count=18 2916 34 334 145 39 493 85 28 22 34 652
internal_value=-0.000121056 -0.00493465 -0.0192114 -0.000409267 -0.0473315 0.00299946 -0.0263064 0.00120687 0.00146589 0.0369726 0.00106499
internal_weight=263.046 56.8761 13.6892 43.1869 2.92489 40.262 12.6026 206.17 204.579 2.28405 202.294
internal_count=4800 1148 453 695 57 638 419 3652 3624 56 3568
is_linear=0
shrinkage=0.08


Tree=68
num_leaves=12
num_cat=0
split_feature=4 0 0 4 4 4 0 4 0 0 0
split_gain=0.251626 0.679618 1.29974 1.59953 0.865916 0.564582 0.394098 1.06801 0.504057 0.279387 0.521586
threshold=65.500000000000014 1.0000000180025095e-35 1.5000000000000002 70.500000000000014 85.500000000000014 63.500000000000007 6.5000000000000009 56.500000000000007 4.5000000000000009 3.5000000000000004 5.5000000000000009
decision_type=2 2 2 2 2 2 2 2 2 2 2
left_child=5 -2 3 -3 -4 6 8 -8 -1 -7 -11
right_child=1 2 4 -5 -6 9 7 -9 -10 10 -12
leaf_value=-0.0025565898707420403 -0.054779863855186552 -0.016066370685110163 -0.022255305781331568 0.11672655873821346 0.045293784752901453 0.0061665909636778654 -0.0060232564938103661 -0.08170586337865185 0.0052641610116763715 0.063497499963785731 0.0087853470468300873
leaf_weight=121.48540964070708 1.8967644805088664 1.150349237956106 10.543124306830576 1.1719637401401994 1.3726844270713616 4.5327906869351846 21.808861439581964 1.2624148637987662 93.209481958299875 2.0923371016979218 2.3877996802330017
leaf_count=2446 41 24 244 21 32 42 859 67 976 15 33
internal_value=-0.000116736 -0.00979576 -0.0038031 0.0509481 -0.0144737 0.000516097 -0.000228904 -0.0101645 0.000838778 0.0201697 0.0343373
internal_weight=262.914 16.1349 14.2381 2.32231 11.9158 246.779 237.766 23.0713 214.695 9.01293 4.48014
internal_count=4800 362 321 45 276 4438 4348 926 3422 90 48
is_linear=0
shrinkage=0.08


Tree=69
num_leaves=12
num_cat=0
split_feature=4 4 0 4 4 4 4 4 4 4 1
split_gain=0.228007 0.810158 1.21732 0.511697 0.439807 0.820028 0.472592 0.40367 0.359172 0.0504354 0.0245277
threshold=68.500000000000014 73.500000000000014 3.5000000000000004 67.500000000000014 65.500000000000014 66.500000000000014 63.500000000000007 74.500000000000014 76.500000000000014 70.500000000000014 1.0000000180025095e-35
decision_type=2 2 2 2 2 2 2 2 2 2 2
left_child=3 2 9 4 6 -6 -1 -3 -9 -2 -4
right_child=1 7 10 -5 5 -7 -8 8 -10 -11 -12
leaf_value=-0.00021250340461937726 0.01708590434820742 0.046652680755411284 -0.10163060521198675 0.047115883077059037 -0.0030354258571184097 -0.098439571179028879 0.018366993081894191 -0.038056494223422443 0.005110018220670913 -0.0097563852968670546 -0.082140786878745015
leaf_weight=237.46755330916494 0.78593124449253027 1.1480868761427681 0.90747024689335354 1.4915616519283492 1.9155254503712051 0.82490747049450863 9.0975753525271994 1.5844816099852321 5.5714022447355092 1.0419103670865295 0.75882470700889826
leaf_count=4348 21 16 22 28 40 28 90 30 118 24 35
internal_value=-0.000112995 -0.0109816 -0.0432994 0.000398293 0.000118788 -0.0317534 0.000473029 0.002617 -0.00444807 0.0017852 -0.092755
internal_weight=262.595 11.7981 3.49414 250.797 249.306 2.74043 246.565 8.30397 7.15588 1.82784 1.66629
internal_count=4800 266 102 4534 4506 68 4438 164 148 45 57
is_linear=0
shrinkage=0.08


Tree=70
num_leaves=15
num_cat=0
split_feature=2 0 4 4 4 4 3 4 4 0 4 0 4 4
split_gain=0.227063 0.499151 2.26013 1.06152 1.98341 0.549888 0.273366 0.987671 3.3665 1.36009 0.298752 1.44505 1.14789 6.69078e-05
threshold=1.0000000180025095e-35 7.5000000000000009 64.500000000000014 64.500000000000014 77.500000000000014 54.500000000000007 1.0000000180025095e-35 39.500000000000007 51.500000000000007 4.5000000000000009 34.500000000000007 7.5000000000000009 32.500000000000007 54.500000000000007
decision_type=2 2 2 2 2 2 2 2 2 2 2 2 2 2
left_child=1 3 13 5 -5 -1 10 9 -9 -8 12 -12 -2 -3
right_child=6 2 -4 4 -6 -7 7 8 -10 -11 11 -13 -14 -15
leaf_value=-0.0032767135489022055 0.0015882262077101265 -0.081597845931769206 0.13941824498516719 -0.094947308224513902 0.03221377091666737 0.022720826808761668 -0.0615986854198231 0.11889968730618691 -0.031112400713852635 0.050268193850649283 -0.0044312831877908977 0.033579090135383599 0.037613584035121689 -0.082798201553240316
leaf_weight=45.27843340812251 80.590309785213321 1.311299042310565 0.35770728741772462 2.0754342443542551 1.2625995920971034 5.8836422241292885 1.7866133712232106 1.9096237346529963 1.920115314889699 1.1390266101807354 105.73455040156841 6.8136325674131504 6.088223122060298 0.38428610004484642
leaf_count=849 1452 93 14 68 27 81 50 25 32 23 1735 206 129 16
internal_value=-0.000107582 -0.00459766 -0.0433189 -0.00313884 -0.0468491 -0.000286995 0.00112519 0.0169521 0.0436882 -0.018046 0.000588532 -0.00213015 0.00411862 -0.0818699
internal_weight=262.535 56.5534 2.05329 54.5001 3.33803 51.1621 205.982 6.75538 3.82974 2.92564 199.227 112.548 86.6785 1.69559
internal_count=4800 1148 123 1025 95 930 3652 130 57 73 3522 1941 1581 109
is_linear=0
shrinkage=0.08


Tree=71
num_leaves=14
num_cat=0
split_feature=4 4 4 2 0 4 2 0 1 2 4 2 0
split_gain=0.215149 1.06569 0.891126 1.07756 1.14502 0.834211 1.1985 0.628492 0.617496 0.522339 1.19047 0.666691 9.83638e-06
threshold=25.500000000000004 26.500000000000004 23.500000000000004 1.5000000000000002 4.5000000000000009 22.500000000000004 1.0000000180025095e-35 5.5000000000000009 1.0000000180025095e-35 1.5000000000000002 42.500000000000007 1.0000000180025095e-35 5.5000000000000009
decision_type=2 2 2 2 2 2 2 2 2 2 2 2 2
left_child=2 8 5 4 -4 7 -7 -1 -2 11 -11 -3 -10
right_child=1 9 3 -5 -6 6 -8 -9 12 10 -12 -13 -14
leaf_value=-0.002743232376874339 -0.018069572149188626 -0.0078467228080582058 0.038556117383182424 0.08977169579910553 -0.02080184750467241 -0.11046838815146023 -0.005318604712710299 0.01624839785394426 -0.082406949427261914 -0.030443505734472437 0.0035012690893740268 0.0040934336000587011 -0.081975446779075617
leaf_weight=43.118108584545553 2.5983033296652129 39.866596126114018 5.2422881629317963 1.4378497675061233 3.447765901684761 1.0387959885410958 2.0885708993300796 15.042702080449088 1.0125043503940103 11.484479521401228 15.586234830785541 120.05743083450943 0.50760557036846865
leaf_count=715 30 825 96 25 71 24 48 320 37 231 290 2064 24
internal_value=-0.000109226 -0.00150921 0.00363721 0.0256204 0.0150059 4.47746e-06 -0.0402455 0.00216876 -0.0417634 -0.000622644 -0.0108995 0.00111694 -0.0822629
internal_weight=262.529 191.113 71.4161 10.1279 8.69005 61.2882 3.12737 58.1608 4.11841 186.995 27.0707 159.924 1.52011
internal_count=4800 3501 1299 192 167 1107 72 1035 91 3410 521 2889 61
is_linear=0
shrinkage=0.08


Tree=72
num_leaves=14
num_cat=0
split_feature=0 4 4 4 4 0 4 4 0 4 4 4 4
split_gain=0.218824 1.16042 1.49778 1.19404 2.95972 1.06502 0.410462 0.705276 1.64414 0.827739 0.638126 0.368373 0.36741
threshold=6.5000000000000009 41.500000000000007 43.500000000000007 22.500000000000004 20.500000000000004 7.5000000000000009 68.500000000000014 75.500000000000014 3.5000000000000004 87.500000000000014 67.500000000000014 36.500000000000007 19.500000000000004
decision_type=2 2 2 2 2 2 2 2 2 2 2 2 2
left_child=6 3 -3 4 -2 -4 10 8 -8 -9 12 -5 -1
right_child=1 2 5 11 -6 -7 7 9 -10 -11 -12 -13 -14
leaf_value=0.007899047829223238 -0.032516429398339292 0.073234313856316555 -0.026980408841995353 -0.037060080540068902 0.086803771598494228 0.021596841307581629 0.00327002001577774 0.025108428134935207 -0.093053799001462656 -0.053660101438336598 0.055575096527919331 -0.081787241700397112 -0.0004996317305342975
leaf_weight=40.711624601855874 4.7773341471329349 2.0151560548692933 5.5057276629377139 5.3644628741312772 1.8440079763531683 6.0763582699000835 2.6532726050354523 3.5468854485079646 1.9807287100702522 1.1245229677297173 1.3807292263954867 1.5102712160442022 183.99514556815848
leaf_count=651 187 42 189 301 28 192 59 79 44 21 19 94 2894
internal_value=-0.000106205 -0.00691467 0.00958003 -0.023533 0.000713601 -0.00149512 0.000677438 -0.015789 -0.037902 0.0061469 0.00135517 -0.0468859 0.00102201
internal_weight=262.486 27.0933 13.5972 13.4961 6.62134 11.5821 235.393 9.30541 4.634 4.67141 226.087 6.87473 224.707
internal_count=4800 1033 423 610 215 381 3767 203 103 100 3564 395 3545
is_linear=0
shrinkage=0.08


Tree=73
num_leaves=15
num_cat=0
split_feature=0 4 1 4 4 4 4 4 4 4 0 4 4 0
split_gain=0.190064 1.00589 1.51476 3.97029 1.07922 2.38743 0.874767 0.383023 0.353751 0.621009 1.54136 0.707108 0.524256 0.343838
threshold=6.5000000000000009 41.500000000000007 1.5000000000000002 43.500000000000007 22.500000000000004 20.500000000000004 56.500000000000007 26.500000000000004 68.500000000000014 75.500000000000014 3.5000000000000004 87.500000000000014 67.500000000000014 4.5000000000000009
decision_type=2 2 2 2 2 2 2 2 2 2 2 2 2 2
left_child=8 4 6 -4 5 -2 -3 -6 12 10 -10 -11 13 -1
right_child=1 2 3 -5 7 -7 -8 -9 9 11 -12 -13 -14 -15
leaf_value=-0.0017784973210926149 -0.030878803290443041 0.0043740356525168887 0.19816103934003676 0.012510546368295438 -0.081826908779955659 0.074006295285773321 -0.053831506724573083 -0.035025218985046548 0.0029998001744928637 0.022775021191246716 -0.092143322558641549 -0.050534221180647716 0.049744099439319803 0.0045406741636808204
leaf_weight=128.12026151502505 4.6342930425889808 4.5295028090476972 0.84583162330090989 5.7425032565370202 1.4303425098769365 1.9833752401173113 2.6016873162006959 5.1436444234568626 2.6605766564607602 3.5953237540088594 1.8457759749144313 1.0996134825982151 1.4175301576033223 96.701805458404124
leaf_count=2536 187 135 16 164 78 28 108 317 59 79 44 21 19 1009
internal_value=-0.000108024 -0.00647704 0.00868924 0.036345 -0.0222502 0.000556213 -0.0168612 -0.0452081 0.000619962 -0.0147565 -0.0359703 0.00560507 0.00124533 0.000939542
internal_weight=262.352 26.9112 13.7195 6.58833 13.1917 6.61767 7.13119 6.57399 235.441 9.20129 4.50635 4.69494 226.24 224.822
internal_count=4800 1033 423 180 610 215 243 395 3767 203 103 100 3564 3545
is_linear=0
shrinkage=0.08


Tree=74
num_leaves=13
num_cat=0
split_feature=4 4 4 4 1 0 0 1 1 1 4 0
split_gain=0.188457 1.14359 1.01545 0.742233 1.11166 0.479328 1.83664 1.20238 0.567711 1.10694 0.316174 0.0112511
threshold=2.5000000000000004 8.5000000000000018 9.5000000000000018 6.5000000000000009 1.5000000000000002 3.5000000000000004 1.5000000000000002 1.0000000180025095e-35 1.0000000180025095e-35 1.5000000000000002 10.500000000000002 2.5000000000000004
decision_type=2 2 2 2 2 2 2 2 2 2 2 2
left_child=5 3 -3 4 -2 6 7 -1 -7 -10 -4 -5
right_child=1 2 10 11 -6 8 -8 -9 9 -11 -12 -13
leaf_value=0.067325326533158869 -0.049203256584208675 0.056831550805490613 -0.033291372379105684 -0.096970221845279508 0.04194343370027985 -0.0031177146036655036 -0.084256637673857521 -0.029494119883479317 0.089511667509464654 -0.011813710103097808 3.5733179304732884e-05 -0.082207353109470221
leaf_weight=1.8678725250065311 2.648908960632979 2.0134907420724621 1.8355978250037868 0.56942811142653205 1.2655351161956789 2.1825717035681009 1.4059659559279678 1.464575510472059 1.8063810244202614 1.1165362913161516 243.11385292594787 0.78706805221736431
leaf_count=12 59 27 37 16 33 23 31 32 26 39 4431 34
internal_value=-0.000112078 -0.000535879 0.00025108 -0.0374078 -0.0197356 0.0107472 -0.00757705 0.0247742 0.0277539 0.050806 -0.000214013 -0.0884045
internal_weight=262.078 252.234 246.963 5.27094 3.91444 9.8439 4.73841 3.33245 5.10549 2.92292 244.949 1.3565
internal_count=4800 4637 4495 142 92 163 75 44 88 65 4468 50
is_linear=0
shrinkage=0.08


Tree=75
num_leaves=16
num_cat=0
split_feature=0 2 4 1 4 4 4 4 4 0 4 0 4 2 4
split_gain=0.170612 0.91434 1.01783 2.5725 1.58479 0.639351 1.07478 0.344384 1.90527 3.02739 1.89597 3.71709 0.806132 0.762461 4.89067e-05
threshold=6.5000000000000009 1.5000000000000002 64.500000000000014 1.5000000000000002 56.500000000000007 47.500000000000007 54.500000000000007 19.500000000000004 15.500000000000002 5.5000000000000009 21.500000000000004 5.5000000000000009 25.500000000000004 1.0000000180025095e-35 22.500000000000004
decision_type=2 2 2 2 2 2 2 2 2 2 2 2 2 2 2
left_child=7 2 4 -4 -2 14 -7 8 13 -10 11 -9 -12 -1 -3
right_child=1 5 3 -5 -6 6 -8 10 9 -11 12 -13 -14 -15 -16
leaf_value=-0.028373734586017069 -0.0012569611593056809 -0.08275635409334757 -0.032882954722563675 0.11319132225895517 -0.083455977124645211 0.086301647821297373 -0.081770682064713815 -0.076900234791300565 0.019648293021687694 0.14570610261556907 0.017543148049264358 0.064905830996583175 -0.00097494608906759594 0.0031327684434403653 -0.081801556555996094
leaf_weight=6.2560898959636715 19.452596947317954 0.49393612006679122 1.5136072282912201 1.5739433113485575 1.6266539250500489 0.47369546629488457 0.50108895683661103 4.9780242703855029 10.174445718526837 1.385311188176275 16.492211299017072 1.5518083088099954 171.45647746836767 22.946335813030601 1.126122881658375
leaf_count=103 744 25 51 28 68 17 30 89 162 16 268 20 2739 370 70
internal_value=-0.000109536 -0.00616214 -0.00131669 0.0415815 -0.00760013 -0.0512897 -9.61099e-05 0.000579025 0.00726496 0.034755 -0.000822329 -0.0432002 0.000649988 -0.00361693 -0.0820927
internal_weight=262.002 26.7616 24.1668 3.08755 21.0793 2.59484 0.974784 235.241 40.7622 11.5598 194.479 6.52983 187.949 29.2024 1.62006
internal_count=4800 1033 891 79 812 142 47 3767 651 178 3116 109 3007 473 95
is_linear=0
shrinkage=0.08


Tree=76
num_leaves=15
num_cat=0
split_feature=4 4 0 3 4 1 1 0 4 3 2 0 0 4
split_gain=0.186139 1.56067 2.57261 1.25579 2.55598 1.47861 0.90961 2.19948 0.980585 0.822129 1.01106 0.705821 0.659859 0.0701979
threshold=39.500000000000007 34.500000000000007 1.0000000180025095e-35 1.0000000180025095e-35 54.500000000000007 1.0000000180025095e-35 1.5000000000000002 7.5000000000000009 68.500000000000014 1.0000000180025095e-35 1.0000000180025095e-35 5.5000000000000009 6.5000000000000009 36.500000000000007
decision_type=2 2 2 2 2 2 2 2 2 2 2 2 2 2
left_child=1 9 13 6 5 -5 8 -8 -2 12 -11 -4 -1 -3
right_child=3 2 11 4 -6 -7 7 -9 -10 10 -12 -13 -14 -15
leaf_value=0.0050045487485117189 0.0075058700273877392 0.011211244196099739 -0.025579114561115512 0.031713722499122847 -0.027990062467426698 0.15377536517605359 -0.017762111673235135 0.048304087376573886 -0.022252879629004647 -0.10649234350949341 -0.0098755698064540397 -0.059970721638729824 -0.015924206827193539 0.027958026743012662
leaf_weight=98.582761030644178 79.994602179620415 2.6953671071678427 10.87015860155225 1.2059782948344939 1.8271429073065517 1.3418570682406423 29.868013050872833 3.6154752001166335 7.7753744543297207 0.95890758838504497 2.50152996648103 5.8878426305018357 10.686666708905248 3.9487680960446596
leaf_count=1599 1100 24 266 12 30 30 743 98 156 21 59 164 459 39
internal_value=-0.000111503 -0.00216087 -0.0209609 0.00210921 0.0442171 0.0959994 0.000589904 -0.0106284 0.0048696 0.00174191 -0.0366486 -0.0376624 0.00295769 0.0211643
internal_weight=261.76 136.132 23.4021 125.628 4.37498 2.54784 121.253 33.4835 87.77 112.73 3.46044 16.758 109.269 6.64414
internal_count=4800 2631 493 2169 72 42 2097 841 1256 2138 80 430 2058 63
is_linear=0
shrinkage=0.08


Tree=77
num_leaves=11
num_cat=0
split_feature=4 4 4 0 1 4 0 1 4 4
split_gain=0.157819 0.991527 0.844159 0.735216 1.88484 0.45084 0.889979 1.28549 0.27702 0.267053
threshold=2.5000000000000004 8.5000000000000018 9.5000000000000018 4.5000000000000009 1.5000000000000002 1.5000000000000002 1.5000000000000002 1.5000000000000002 5.5000000000000009 10.500000000000002
decision_type=2 2 2 2 2 2 2 2 2 2
left_child=5 3 -3 8 -5 6 -1 -8 -2 -4
right_child=1 2 9 4 -6 -7 7 -9 -10 -11
leaf_value=0.038481256539618848 -0.090794231276560514 0.05110034233501267 -0.030923771318711223 -0.058824904817211088 0.085620059003499255 0.050267824739121905 0.0062441181482095357 -0.082962596618605805 -0.039495020260226062 2.0220733217005706e-05
leaf_weight=2.8875566534697974 1.2918061129748815 2.0696637425571671 1.7981722289696325 1.5092537612654271 0.93717062845826138 1.4959902726113803 4.0635134885087609 1.3866204712539909 1.4080104818567631 242.68710616824683
leaf_count=34 37 27 37 39 26 24 56 49 40 4431
internal_value=-0.000113656 -0.000502093 0.000223324 -0.0352566 -0.00349126 0.00982871 0.00257292 -0.0164518 -0.0640406 -0.00020737
internal_weight=261.535 251.701 246.555 5.14624 2.44642 9.83368 8.33769 5.45013 2.69982 244.485
internal_count=4800 4637 4495 142 65 163 139 105 77 4468
is_linear=0
shrinkage=0.08


Tree=78
num_leaves=14
num_cat=0
split_feature=4 4 0 3 4 1 0 4 3 0 0 0 4
split_gain=0.156106 1.33848 2.21545 1.00568 1.9644 0.775991 1.88021 0.836328 0.724093 1.02334 0.604222 0.574744 0.0584361
threshold=39.500000000000007 34.500000000000007 1.0000000180025095e-35 1.0000000180025095e-35 54.500000000000007 1.5000000000000002 6.5000000000000009 68.500000000000014 1.0000000180025095e-35 4.5000000000000009 5.5000000000000009 6.5000000000000009 36.500000000000007
decision_type=2 2 2 2 2 2 2 2 2 2 2 2 2
left_child=1 8 12 5 -5 7 -7 -2 11 -10 -4 -1 -3
right_child=3 2 10 4 -6 6 -8 -9 9 -11 -12 -13 -14
leaf_value=0.0046389529807344876 0.0068815966973867606 0.010285733118751554 -0.023968142848533797 0.081333214765418216 -0.026192626544248185 -0.019861583773567001 0.026487578412615842 -0.020770600845510048 -0.070550036876970659 0.018961020533519689 -0.056041448091112916 -0.015007537642599543 0.025532189395865559
leaf_weight=98.726191490888596 80.241702212020755 2.7021448239684132 10.681511495262386 2.7520357761532059 1.797699676826596 26.037147962953895 7.1368565754964939 7.669004338560625 2.0420381845906372 1.3630378907546399 5.8005250715650609 10.54799637570977 3.976555647328496
leaf_count=1599 1100 24 266 42 30 654 187 156 54 26 164 459 39
internal_value=-0.000109957 -0.00198982 -0.0195055 0.00192261 0.0388474 0.000535165 -0.0098903 0.00446932 0.00161046 -0.0347191 -0.0352557 0.00274252 0.0193636
internal_weight=261.474 135.84 23.1607 125.634 4.54974 121.085 33.174 87.9107 112.679 3.40508 16.482 109.274 6.6787
internal_count=4800 2631 493 2169 72 2097 841 1256 2138 80 430 2058 63
is_linear=0
shrinkage=0.08


Tree=79
num_leaves=15
num_cat=0
split_feature=0 2 4 1 4 4 0 0 3 1 4 4 0 4
split_gain=0.138249 0.832612 0.793365 1.77357 1.52019 0.597047 0.984091 0.278501 0.82377 0.903811 0.603159 2.60717 0.447681 2.93809e-05
threshold=6.5000000000000009 1.5000000000000002 64.500000000000014 1.5000000000000002 56.500000000000007 47.500000000000007 7.5000000000000009 4.5000000000000009 1.0000000180025095e-35 1.0000000180025095e-35 1.0000000180025095e-35 5.5000000000000009 1.0000000180025095e-35 22.500000000000004
decision_type=2 2 2 2 2 2 2 2 2 2 2 2 2 2
left_child=7 2 4 -4 -2 13 -7 10 9 -9 12 -12 -1 -3
right_child=1 5 3 -5 -6 6 -8 8 -10 -11 11 -13 -14 -15
leaf_value=0.00088025841699026065 -0.00063917364751648806 -0.082490452527814548 -0.029877204912078379 0.089716947691833679 -0.083303471232093904 -0.082031362250984355 0.077192400506899128 0.0076545731056840783 0.049230150707431371 -0.0088783014966689836 -0.087417328068420425 -0.0013755054114717102 0.050902826757924152 -0.081712953779376804
leaf_weight=2.2251333631575099 19.300906579010199 0.4443436106666917 1.4406862959731361 1.7669394435361028 1.5371669931337226 0.49297696910798539 0.50079393293708563 68.250688154250383 2.4777747420594087 30.672760018613189 2.2948031071573487 126.37401443207636 2.3588913530111313 1.0370256244204936
leaf_count=21 744 25 51 28 68 24 23 305 26 736 61 2567 51 70
internal_value=-0.000108715 -0.0055836 -0.00103583 0.0360019 -0.00673709 -0.0497647 -0.00179326 0.000510063 0.00366947 0.0025283 -0.00189415 -0.00291006 0.0266214 -0.0819462
internal_weight=261.175 26.5208 24.0457 3.20763 20.8381 2.47514 0.993771 234.654 101.401 98.9234 133.253 128.669 4.58402 1.48137
internal_count=4800 1033 891 79 812 142 47 3767 1067 1041 2700 2628 72 95
is_linear=0
shrinkage=0.08


Tree=80
num_leaves=15
num_cat=0
split_feature=2 1 4 4 4 4 0 2 0 0 4 4 4 4
split_gain=0.139041 0.500854 1.11757 0.912846 2.31178 1.16534 0.852494 0.168423 1.14887 2.83087 2.13699 0.529686 1.19734 0.655032
threshold=1.0000000180025095e-35 1.5000000000000002 9.5000000000000018 13.500000000000002 1.5000000000000002 27.500000000000004 1.0000000180025095e-35 1.5000000000000002 5.5000000000000009 3.5000000000000004 53.500000000000007 62.500000000000007 61.500000000000007 77.500000000000014
decision_type=2 2 2 2 2 2 2 2 2 2 2 2 2 2
left_child=1 3 -3 4 -1 -5 -4 11 9 -9 -10 12 -2 -13
right_child=7 2 6 5 -6 -7 -8 8 10 -11 -12 13 -14 -15
leaf_value=0.058229839473474411 0.0011262464386068872 0.059689201703266699 -0.083663878094139388 0.027208438274318576 -0.096186399015067758 -0.004288585490658841 -0.016689733074868519 -0.015057775688445661 -0.0067360472568958416 0.038913261970932624 -0.094767027590493505 0.020717674525869107 -0.066125324646882325 -0.023643409019045478
leaf_weight=0.93873365875333492 148.00395325338468 1.1075681969523419 1.3713195957243431 10.057017539627848 1.8303540956694631 29.776488854666241 10.763055314309893 17.186760833486918 7.4680983619764429 9.7473417939618212 2.3109956616535783 15.871464200783523 1.7139253914356221 2.460546533111482
leaf_count=12 2630 34 41 145 45 493 378 314 184 153 56 232 31 52
internal_value=-0.000109416 -0.00364778 -0.0172371 0.000576112 -0.0438386 0.00366367 -0.0242586 0.000855594 -0.00405318 0.00447412 -0.0275395 0.00192799 0.000356371 0.0147635
internal_weight=260.608 55.8445 13.2419 42.6026 2.76909 39.8335 12.1344 204.763 36.7132 26.9341 9.77909 168.05 149.718 18.332
internal_count=4800 1148 453 695 57 638 419 3652 707 467 240 2945 2661 284
is_linear=0
shrinkage=0.08


Tree=81
num_leaves=16
num_cat=0
split_feature=4 4 0 4 0 0 4 4 1 0 3 2 1 0 4
split_gain=0.146642 1.12838 1.95781 0.825228 3.14835 4.05536 1.06308 0.920745 0.868907 0.783243 0.689989 0.941377 0.564755 0.518504 0.0487628
threshold=39.500000000000007 34.500000000000007 1.0000000180025095e-35 43.500000000000007 1.5000000000000002 2.5000000000000004 40.500000000000007 44.500000000000007 1.5000000000000002 2.5000000000000004 1.0000000180025095e-35 1.0000000180025095e-35 1.5000000000000002 5.5000000000000009 36.500000000000007
decision_type=2 2 2 2 2 2 2 2 2 2 2 2 2 2 2
left_child=1 10 14 4 6 -6 -2 9 -9 -5 12 -12 -1 -4 -3
right_child=3 2 13 7 5 -7 -8 8 -10 -11 11 -13 -14 -15 -16
leaf_value=-0.0010322233197146082 0.014672482036501453 0.0099890336438189873 -0.022615425592072157 0.013970039793371421 0.13235951706039745 0.017311076216506797 -0.058510686749295236 0.0049738015763044529 -0.012316936597599634 -0.05549742154001782 -0.1047621056901079 -0.0086568233045530314 0.011958189257634538 -0.052585973577790844 0.023907969514548599
leaf_weight=79.841389507986605 1.8363716714084173 2.7030084598809507 10.500994248315694 1.4761525131762017 2.217763856053355 16.928050207905471 4.1214849147945642 69.822680122801103 25.355085473973304 3.5056672552600503 0.89402275206521098 2.4125937577337027 29.27123591536656 5.6995764819439492 3.9867714513093233
leaf_count=1239 25 24 266 35 50 259 62 1005 667 66 21 59 819 164 39
internal_value=-0.000108924 -0.00193493 -0.0181249 0.00186353 0.0148336 0.0306378 -0.0359537 -0.00138725 0.000367598 -0.0349137 0.00136162 -0.0346412 0.00245267 -0.0331595 0.018284
internal_weight=260.573 135.31 22.8904 125.263 25.1037 19.1458 5.95786 100.16 95.1778 4.98182 112.419 3.30662 109.113 16.2006 6.68978
internal_count=4800 2631 493 2169 396 309 87 1773 1672 101 2138 80 2058 430 63
is_linear=0
shrinkage=0.08


Tree=82
num_leaves=14
num_cat=0
split_feature=0 4 4 4 2 4 1 0 4 4 4 0 1
split_gain=0.12514 0.608754 4.49959 2.82414 1.55298 0.743329 0.667447 0.539281 0.476061 2.40769 0.851863 0.386076 0.0108395
threshold=4.5000000000000009 40.500000000000007 36.500000000000007 43.500000000000007 1.0000000180025095e-35 44.500000000000007 1.5000000000000002 6.5000000000000009 1.0000000180025095e-35 5.5000000000000009 13.500000000000002 1.5000000000000002 1.0000000180025095e-35
decision_type=2 2 2 2 2 2 2 2 2 2 2 2 2
left_child=8 2 7 6 -4 -5 -3 -2 11 12 -11 -1 -10
right_child=1 3 4 5 -6 -7 -8 -9 9 10 -12 -13 -14
leaf_value=0.042579407616784554 0.0085784485772767566 0.032508219593765902 -0.0042564225780275791 -0.042475829396537872 -0.076051800595061073 0.0017911043297249342 0.077283437866397867 -0.011055424814242034 -0.095052652366470092 0.025725832796846034 -0.0029144655215499779 -0.0038047049551578498 -0.082954117674400044
leaf_weight=2.7395476922392836 46.29666578117758 7.6796804047189635 2.7221504361368698 2.5582416709512463 6.6110627839807421 47.59184997912962 2.9488356001675129 11.099895896622909 0.70992776006460134 7.0386333353817454 119.3095035511069 1.9774177428334949 1.4257518593221901
leaf_count=29 515 72 50 42 120 728 57 516 15 156 2411 43 46
internal_value=-0.000111539 0.00167987 -0.00359555 0.00747183 -0.0551118 -0.000467027 0.0449309 0.00478146 -0.00182639 -0.00274277 -0.00131896 0.0231345 -0.0869758
internal_weight=260.709 127.508 66.7298 60.7786 9.33321 50.1501 10.6285 57.3966 133.201 128.484 126.348 4.71697 2.13568
internal_count=4800 2100 1201 899 170 770 129 1031 2700 2628 2567 72 61
is_linear=0
shrinkage=0.08


Tree=83
num_leaves=14
num_cat=0
split_feature=2 0 4 4 4 4 0 4 4 4 4 4 4
split_gain=0.121225 0.48608 1.74547 0.885122 1.82348 0.519789 0.179818 0.801697 1.67029 0.480067 2.43229 0.886069 5.60572e-05
threshold=1.0000000180025095e-35 7.5000000000000009 64.500000000000014 64.500000000000014 77.500000000000014 54.500000000000007 1.0000000180025095e-35 5.5000000000000009 13.500000000000002 29.500000000000004 34.500000000000007 27.500000000000004 41.500000000000007
decision_type=2 2 2 2 2 2 2 2 2 2 2 2 2
left_child=1 3 12 5 -5 -1 7 -2 -9 11 -11 -8 -3
right_child=6 2 -4 4 -6 -7 9 8 -10 10 -12 -13 -14
leaf_value=-0.0023550639790007864 -0.03803571615831243 -0.081357206952767047 0.10000759029640968 -0.094297421582370672 0.029837596861621112 0.0230761086818611 -0.0031473171030600216 0.081711524490923615 0.0045779089466961177 0.033585659609055581 -0.0019785933331561128 -0.0372727723717831 -0.082331823037081545
leaf_weight=44.67953330790624 2.5471039041876784 0.65089196059852727 0.43139348807744671 1.8426916042808437 1.2858095066621897 5.8128913585096589 49.62498912983574 1.8871977031230915 37.481852774973959 14.164591579698024 93.870320579735562 5.3993998141959301 0.89987332373857498
leaf_count=849 31 65 14 68 27 81 996 22 380 318 1776 129 44
internal_value=-0.000110934 -0.00342391 -0.0423278 -0.00198579 -0.0432781 0.000572675 0.000787768 0.00546122 0.00827539 -0.000413593 0.00268428 -0.00649596 -0.0819228
internal_weight=260.579 55.6031 1.98216 53.6209 3.1285 50.4924 204.975 41.9162 39.3691 163.059 108.035 55.0244 1.55077
internal_count=4800 1148 123 1025 95 930 3652 433 402 3219 2094 1125 109
is_linear=0
shrinkage=0.08


Tree=84
num_leaves=15
num_cat=0
split_feature=4 3 4 4 0 3 2 1 2 4 0 1 4 4
split_gain=0.119896 0.80828 1.5543 0.786533 1.54442 0.585872 0.873058 0.575994 1.55399 0.685949 0.541704 0.488933 0.0413833 0.00181677
threshold=39.500000000000007 1.0000000180025095e-35 54.500000000000007 34.500000000000007 1.0000000180025095e-35 1.0000000180025095e-35 1.0000000180025095e-35 1.5000000000000002 1.5000000000000002 68.500000000000014 1.5000000000000002 1.5000000000000002 36.500000000000007 45.500000000000007
decision_type=2 2 2 2 2 2 2 2 2 2 2 2 2 2
left_child=3 7 13 5 12 11 -7 9 -9 -2 -6 -1 -5 -3
right_child=1 2 -4 4 10 6 -8 8 -10 -11 -12 -13 -14 -15
leaf_value=-0.001301235549494193 0.0059385826818528801 0.068272424802427262 -0.024959006063609991 0.0091027001250069371 -0.082118474627262877 -0.10307295375512075 -0.0080284890763270764 -0.0013564852425094066 -0.050364119211807695 -0.019265112484572525 -0.024912981361168516 0.01073379923472156 0.021902543218997532 0.072286755651358336
leaf_weight=79.750276475213468 80.491886538686231 1.3613564148545259 1.7578041425440458 2.7091204319149282 1.1417603399604548 0.8348160632885987 2.3875700635835528 27.741612675134093 4.867527164053171 7.5601582672679788 14.689544393448157 29.630935710389167 4.0085176192224026 1.5351959783583877
leaf_count=1239 1100 18 30 24 48 21 59 684 157 156 382 819 39 24
internal_value=-0.000109706 0.00167278 0.0343859 -0.00176245 -0.0154004 0.000968558 -0.0326514 0.000410908 -0.0086718 0.00377459 -0.0290387 0.00195901 0.0167406 0.0704001
internal_weight=260.468 125.316 4.65436 135.153 22.5489 112.604 3.22239 120.661 32.6091 88.052 15.8313 109.381 6.71764 2.89655
internal_count=4800 2169 72 2631 493 2138 80 2097 841 1256 430 2058 63 42
is_linear=0
shrinkage=0.08


Tree=85
num_leaves=15
num_cat=0
split_feature=0 4 4 4 2 4 4 4 4 4 4 0 4 0
split_gain=0.129474 0.542893 2.03488 3.69456 1.5946 1.68086 1.29333 0.861244 0.456888 2.27894 1.36563 0.352862 0.260121 0.0431461
threshold=4.5000000000000009 51.500000000000007 40.500000000000007 36.500000000000007 1.5000000000000002 55.500000000000007 41.500000000000007 60.500000000000007 1.0000000180025095e-35 8.5000000000000018 13.500000000000002 1.0000000180025095e-35 5.5000000000000009 2.5000000000000004
decision_type=2 2 2 2 2 2 2 2 2 2 2 2 2 2
left_child=8 2 3 -2 5 -3 -4 -6 11 12 -11 -1 -10 -13
right_child=1 4 6 -5 7 -7 -8 -9 9 10 -12 13 -14 -15
leaf_value=-0.00051357258622509159 0.0044666537615773013 -0.03104602902470692 0.070056621347326459 -0.050397230968660355 -0.082119869558231695 0.012424786509890311 0.016346729431912704 -0.0065837514534469567 -0.086314408971162951 0.036945934137953745 -0.0028402785455528467 0.054684907252199259 -0.041495497470134562 0.033568199157069621
leaf_weight=2.2360635399818412 57.411822692025453 8.0781790632754618 3.2225943477824357 9.1006274237297458 2.5757594257593146 19.277503613149747 26.175068858079612 1.545799988787621 1.9637546576559537 5.7898797346279016 119.05868135485798 1.1437420509755614 1.4339359113946555 1.3503993693739174
leaf_count=21 1031 111 38 170 33 308 365 44 61 116 2411 22 40 29
internal_value=-0.000107786 0.00171491 0.00470684 -0.00304015 -0.00740137 -0.000412218 0.0222344 -0.0537899 -0.00185388 -0.00275446 -0.000995184 0.022563 -0.0673994 0.0432517
internal_weight=260.364 127.387 95.9101 66.5125 31.4772 27.3557 29.3977 4.12156 132.976 128.246 124.849 4.7302 3.39769 2.49414
internal_count=4800 2100 1604 1201 496 419 403 77 2700 2628 2527 72 101 51
is_linear=0
shrinkage=0.08


Tree=86
num_leaves=16
num_cat=0
split_feature=0 2 4 4 4 4 1 0 4 4 4 4 4 4 4
split_gain=0.110482 0.670703 0.651307 1.12371 0.580241 1.42158 1.39627 0.241694 3.65763 2.32986 1.71268 0.884054 1.81761 0.882947 2.72122e-05
threshold=6.5000000000000009 1.5000000000000002 47.500000000000007 53.500000000000007 64.500000000000014 56.500000000000007 1.5000000000000002 5.5000000000000009 54.500000000000007 40.500000000000007 67.500000000000014 57.500000000000007 61.500000000000007 56.500000000000007 41.500000000000007
decision_type=2 2 2 2 2 2 2 2 2 2 2 2 2 2 2
left_child=7 4 14 -4 5 -2 -6 11 9 -9 -10 13 -13 -1 -3
right_child=1 2 3 -5 6 -7 -8 8 10 -11 -12 12 -14 -15 -16
leaf_value=-0.0025177221013417813 -0.00038933465128664145 -0.081559101020955829 0.096263334390981156 -0.08157268498910282 -0.029803416240825071 -0.08310980534815357 0.074497882480096034 0.00043672561411168344 -0.062141920840087059 0.040728712947419886 0.024408204041315204 0.045578970403991885 -0.00016580082420021396 -0.058256280429339856 -0.082328338378071686
leaf_weight=156.88162541482598 19.21616904437543 0.92251101741567187 0.44656722061336029 0.46335293632000685 1.4382864796789354 1.4284485364332784 1.9152826070785522 23.965119399130344 6.4491464067250472 14.89261914975941 1.8927011941559611 7.622379899024966 20.535788741894066 1.8402107544243325 0.43221883848309517
leaf_count=2719 744 76 15 32 51 68 28 300 74 142 29 116 357 30 19
internal_value=-0.000106503 -0.0050266 -0.0466438 0.00570501 -0.00109929 -0.00611295 0.0297649 0.000445514 0.00556061 0.015879 -0.0425044 -0.000846387 0.0122172 -0.00316395 -0.0818045
internal_weight=260.342 26.2628 2.26465 0.90992 23.9982 20.6446 3.35357 234.08 47.1996 38.8577 8.34185 186.88 28.1582 158.722 1.35473
internal_count=4800 1033 142 47 891 812 79 3767 545 442 103 3222 473 2749 95
is_linear=0
shrinkage=0.08


Tree=87
num_leaves=15
num_cat=0
split_feature=2 1 4 4 4 4 4 0 4 4 0 4 4 4
split_gain=0.11228 0.483584 0.992354 2.15855 1.29549 0.825475 0.893272 0.187466 0.870318 4.07205 0.842476 1.91203 0.543791 0.318482
threshold=1.0000000180025095e-35 1.5000000000000002 19.500000000000004 8.5000000000000018 41.500000000000007 10.500000000000002 27.500000000000004 7.5000000000000009 52.500000000000007 47.500000000000007 6.5000000000000009 73.500000000000014 55.500000000000007 58.500000000000007
decision_type=2 2 2 2 2 2 2 2 2 2 2 2 2 2
left_child=1 5 3 -3 -4 -1 -7 10 9 -9 13 -12 -10 -2
right_child=7 2 4 -5 -6 6 -8 8 12 -11 11 -13 -14 -15
leaf_value=-0.049633251907696706 -5.1192270765721666e-05 -0.083123249876852004 -0.063097697501317537 0.067559171524716022 -0.0049328771196432489 0.023064062476918945 -0.0038490288151588727 -0.00011178443236000195 -0.083826484645554422 0.14971238292709743 -0.035046739692383103 0.091844786625765465 -0.0060422090223883956 0.0093105797691130053
leaf_weight=1.9754612781107415 156.28341038990766 0.85564928036183063 4.1327282092533988 2.1059264894574881 6.0214347774162889 10.765088560990987 29.582929551135749 7.6245960532687587 0.80462722480297033 1.3695297092199323 8.344906812300902 0.83614004310220558 2.0174439726397395 27.322671353816986
leaf_count=36 2468 31 185 57 180 166 493 269 19 31 379 10 66 410
internal_value=-0.000106439 -0.00329993 -0.0167218 0.0240245 -0.0286059 0.000859394 0.00333154 0.000758869 0.0105401 0.0227018 0.000159361 -0.0234904 -0.02822 0.00134195
internal_weight=260.043 55.4392 13.1157 2.96158 10.1542 42.3235 40.348 204.603 11.8162 8.99413 192.787 9.18105 2.82207 183.606
internal_count=4800 1148 453 88 365 695 659 3652 385 300 3267 389 85 2878
is_linear=0
shrinkage=0.08


Tree=88
num_leaves=11
num_cat=0
split_feature=4 4 4 1 4 0 1 4 4 0
split_gain=0.130538 0.66325 0.878766 0.865592 0.652495 0.776087 1.19258 0.590358 0.246257 0.00969422
threshold=2.5000000000000004 8.5000000000000018 6.5000000000000009 1.5000000000000002 1.5000000000000002 1.5000000000000002 1.5000000000000002 9.5000000000000018 10.500000000000002 2.5000000000000004
decision_type=2 2 2 2 2 2 2 2 2 2
left_child=4 2 3 -2 5 -1 -7 -3 -9 -4
right_child=1 7 9 -5 -6 6 -8 8 -10 -11
leaf_value=0.033606940536807732 -0.038628233909527361 0.041388099478425179 -0.096362674221811218 0.044281492509872428 0.059851545174807903 0.0040644614642992676 -0.082898655416730055 -0.029529969225176162 -4.1274389606454322e-05 -0.082023958008618406
leaf_weight=2.9484480693936312 2.3147901622578493 2.1976331174373618 0.52717477548867442 1.2363372724503281 1.3840334862470633 4.0946935461834073 1.339370942674577 1.8261279356665898 241.33293893036898 0.70576332462951541
leaf_count=34 59 27 16 33 24 56 49 37 4431 34
internal_value=-0.000110631 -0.000464896 -0.0299659 -0.00976293 0.00896279 0.000560571 -0.0173699 0.000110327 -0.000262735 -0.0881548
internal_weight=259.907 250.141 4.78407 3.55113 9.76655 8.38251 5.43406 245.357 243.159 1.23294
internal_count=4800 4637 142 92 163 139 105 4495 4468 50
is_linear=0
shrinkage=0.08


Tree=89
num_leaves=13
num_cat=0
split_feature=4 0 0 4 4 1 4 0 1 4 0 4
split_gain=0.12923 0.464806 1.4376 2.15146 1.02728 0.934459 0.354048 0.393654 0.497807 0.270378 1.55049 0.35563
threshold=66.500000000000014 1.5000000000000002 1.0000000180025095e-35 71.500000000000014 85.500000000000014 1.0000000180025095e-35 63.500000000000007 1.0000000180025095e-35 1.0000000180025095e-35 61.500000000000007 4.5000000000000009 58.500000000000007
decision_type=2 2 2 2 2 2 2 2 2 2 2 2
left_child=6 2 -2 -4 5 -3 9 -8 -9 11 -11 -1
right_child=1 4 3 -5 -6 -7 7 8 -10 10 -12 -13
leaf_value=-0.0005652381570676084 -0.043776267745256073 0.00086892611645917001 -0.017272116381365374 0.14103330778546486 0.048091385254359159 -0.052057241189125615 -0.020508841153860424 -0.0075573956053798953 0.033126984295172572 -0.064940802651471091 0.028835642958556802 0.016357525361914139
leaf_weight=222.52211169642396 1.5061791818588965 4.0604234591592085 1.161273764446378 1.0428596716374157 1.3514337232336391 4.5024210843257606 1.7398664811626066 2.7432658229954523 6.4513937225565314 2.3399624712765208 2.179320958442986 8.2419720599427801
leaf_count=4124 34 66 24 18 32 148 18 32 80 46 45 133
internal_value=-0.00010604 -0.00769034 0.0164637 0.0576282 -0.0167297 -0.0269601 0.000313641 0.0143857 0.0209886 -0.000340341 -0.0197193 3.91754e-05
internal_weight=259.842 13.6246 3.71031 2.20413 9.91428 8.56284 246.218 10.9345 9.19466 235.283 4.51928 230.764
internal_count=4800 322 76 42 246 214 4478 130 112 4348 91 4257
is_linear=0
shrinkage=0.08


Tree=90
num_leaves=11
num_cat=0
split_feature=4 0 0 0 4 1 0 4 0 4
split_gain=0.113626 0.893172 0.693055 0.665316 0.390054 0.242183 0.516889 0.234691 1.37117 0.298426
threshold=65.500000000000014 7.5000000000000009 1.0000000180025095e-35 1.5000000000000002 63.500000000000007 1.0000000180025095e-35 3.5000000000000004 61.500000000000007 4.5000000000000009 58.500000000000007
decision_type=2 2 2 2 2 2 2 2 2 2
left_child=4 2 -2 -4 7 -6 -7 9 -9 -1
right_child=1 -3 3 -5 5 6 -8 8 -10 -11
leaf_value=-0.00052017703912582902 -0.049273888392061177 -0.08395469695307553 0.041846951757388673 -0.0044233951927380392 0.0010985954371284133 0.0013013533138293793 0.051106897389336749 -0.06274254995796609 0.026156496484528693 0.014920977771795504
leaf_weight=222.45731729315594 1.7440124661661656 0.90316497604362744 2.4630614547058931 10.330184305668807 3.8095353888347727 2.5359525866806507 2.8127278238534927 2.2326639499515286 2.2090310049243271 8.3096792232245189
leaf_count=4124 41 39 45 237 32 25 33 46 45 133
internal_value=-0.000104609 -0.00676031 -0.00196441 0.00448495 0.000315934 0.0165136 0.0274928 -0.000314747 -0.0185295 3.58429e-05
internal_weight=259.807 15.4404 14.5373 12.7932 244.367 9.15822 5.34868 235.209 4.44169 230.767
internal_count=4800 362 323 282 4438 90 58 4348 91 4257
is_linear=0
shrinkage=0.08


Tree=91
num_leaves=11
num_cat=0
split_feature=4 4 4 1 4 0 1 4 4 0
split_gain=0.111378 0.572112 0.837478 0.728654 0.526729 0.656378 1.11166 0.490429 0.226671 0.00974865
threshold=2.5000000000000004 8.5000000000000018 6.5000000000000009 1.5000000000000002 1.5000000000000002 1.5000000000000002 1.5000000000000002 9.5000000000000018 15.500000000000002 1.5000000000000002
decision_type=2 2 2 2 2 2 2 2 2 2
left_child=4 2 3 -2 5 -1 -7 -3 -9 -4
right_child=1 7 9 -5 -6 6 -8 8 -10 -11
leaf_value=0.030590028252218376 -0.036154350366019841 0.037319126415733039 -0.097051852494575028 0.039238058346795029 0.052991940163436724 0.0038213354193309601 -0.082668121833181132 -0.00973727188434006 0.00038682394623448866 -0.081839173629334697
leaf_weight=2.9868357460945809 2.2716686904896042 2.2453268859535447 0.43528729397803523 1.2842659866437318 1.4380247239023454 4.0996848503127694 1.2384033626876769 15.090276870178057 227.98467710940167 0.70825421623885632
leaf_count=34 59 27 13 33 24 56 49 266 4202 37
internal_value=-0.00010024 -0.000427572 -0.028077 -0.00892553 0.00828243 0.000559426 -0.0162437 0.000102093 -0.000241688 -0.0876299
internal_weight=259.783 250.02 4.69948 3.55593 9.76295 8.32492 5.33809 245.32 243.075 1.14354
internal_count=4800 4637 142 92 163 139 105 4495 4468 50
is_linear=0
shrinkage=0.08


Tree=92
num_leaves=15
num_cat=0
split_feature=4 4 0 4 4 1 4 4 1 1 0 4 0 0
split_gain=0.100661 0.428561 0.719629 0.583517 0.425058 0.366639 0.276473 0.249808 0.43558 1.08584 0.938147 0.222723 2.46744 0.545626
threshold=66.500000000000014 73.500000000000014 3.5000000000000004 68.500000000000014 74.500000000000014 1.0000000180025095e-35 69.500000000000014 63.500000000000007 1.5000000000000002 1.0000000180025095e-35 4.5000000000000009 53.500000000000007 1.0000000180025095e-35 1.5000000000000002
decision_type=2 2 2 2 2 2 2 2 2 2 2 2 2 2
left_child=7 2 6 -4 -3 -6 -2 11 9 -9 -10 13 -13 -1
right_child=1 4 3 -5 5 -7 -8 8 10 -11 -12 12 -14 -15
leaf_value=-0.0057917499812977728 -0.021618202898012411 0.050887380152117377 -0.016693627212973752 -0.090359202618705392 0.015872489962606168 -0.020726888820948367 0.030523880157118665 -0.0037799096511512303 -0.048735610102357281 0.058966700959106201 0.028692443621504232 0.039444218169859227 -0.018613888283826364 0.0032748375726946617
leaf_weight=59.87802910618484 1.2409483031369739 1.1049389522522668 1.4000499688554557 1.353471919079311 3.4895679452456534 3.5175383081659675 1.3685392159968612 4.0199900274164957 1.9594718161970375 3.1467492366209626 2.0485354540869594 5.8756330758333233 23.117804910056293 146.20509049179964
leaf_count=896 36 16 32 57 40 108 33 38 27 35 30 59 451 2942
internal_value=-9.59857e-05 -0.00682866 -0.0243752 -0.0529034 0.00477166 -0.00250025 0.00572758 0.000272431 0.0119591 0.0237707 -0.0091613 -0.000283113 -0.00684819 0.000640515
internal_weight=259.726 13.4751 5.36301 2.75352 8.11205 7.00711 2.60949 246.251 11.1747 7.16674 4.00801 235.077 28.9934 206.083
internal_count=4800 322 158 89 164 148 69 4478 130 73 57 4348 510 3838
is_linear=0
shrinkage=0.08


Tree=93
num_leaves=13
num_cat=0
split_feature=4 0 2 0 4 4 0 4 4 1 0 4
split_gain=0.0936944 0.514648 1.05452 0.685241 0.400231 0.289539 0.212309 1.43897 1.01791 0.16513 0.372575 0.000202825
threshold=65.500000000000014 1.0000000180025095e-35 1.5000000000000002 1.5000000000000002 73.500000000000014 63.500000000000007 1.0000000180025095e-35 54.500000000000007 53.500000000000007 1.0000000180025095e-35 3.5000000000000004 70.500000000000014
decision_type=2 2 2 2 2 2 2 2 2 2 2 2
left_child=5 4 3 -3 -2 6 7 -1 -8 -7 -11 -4
right_child=1 2 11 -5 -6 9 8 -9 -10 10 -12 -13
leaf_value=-0.00042815468907311354 -0.088816296034475481 0.04332306387883645 -0.08389960905074044 -0.0039702196772998053 -0.011046571241313908 0.0012828892547549731 0.00071238049473051044 0.042401197672514539 -0.017328861085539153 0.00044674110295419292 0.042115625519161287 -0.081497367205627072
leaf_weight=45.51519896928221 0.800436820834874 2.423270148225126 0.55996903218329031 10.273171318578532 0.89938813447952271 3.8071881486102921 160.98532091523521 5.6429779082536689 22.856777953915298 2.5447647534310818 2.9832753054797649 0.37596879014745355
leaf_count=451 24 41 21 231 17 32 3394 52 451 25 33 28
internal_value=-9.39893e-05 -0.00616036 -0.000984781 0.00505628 -0.0476678 0.000286679 -0.000262202 0.00429612 -0.00153066 0.0141039 0.0229339 -0.0829346
internal_weight=259.668 15.3322 13.6324 12.6964 1.69982 244.336 235 51.1582 183.842 9.33523 5.52804 0.935938
internal_count=4800 362 321 272 41 4438 4348 503 3845 90 58 49
is_linear=0
shrinkage=0.08


Tree=94
num_leaves=11
num_cat=0
split_feature=0 4 4 4 4 2 4 4 4 1
split_gain=0.0993958 0.663176 0.599633 1.29749 0.42869 1.21302 0.353141 2.54152 1.79383 0.00287113
threshold=4.5000000000000009 85.500000000000014 78.500000000000014 76.500000000000014 76.500000000000014 1.5000000000000002 10.500000000000002 13.500000000000002 1.0000000180025095e-35 1.0000000180025095e-35
decision_type=2 2 2 2 2 2 2 2 2 2
left_child=4 2 3 -2 6 9 8 -8 -1 -6
right_child=1 -3 -4 -5 5 -7 7 -9 -10 -11
leaf_value=0.020026881976926706 0.00071834892586737685 0.0604319159101121 -0.050604139330678283 0.083492738283811471 -0.089381991645717834 0.066492519983762793 0.064385459864291852 -0.0020069242249724805 -0.047594092891001506 -0.081496176190809358
leaf_weight=4.777998633682726 123.24299334676471 1.2107768692076195 1.4280267087742675 1.2240104442462314 0.57494216971099266 0.47088689287193108 3.810313847847282 116.94718179758638 5.2909925961866975 0.60793111333623528
leaf_count=72 2054 18 19 9 12 12 78 2339 139 48
internal_value=-9.05173e-05 0.00150766 0.00094097 0.00153235 -0.00162386 -0.0420999 -0.00111221 8.79836e-05 -0.0155062 -0.0853291
internal_weight=259.586 127.106 125.895 124.467 132.48 1.65376 130.826 120.757 10.069 1.18287
internal_count=4800 2100 2082 2063 2700 72 2628 2417 211 60
is_linear=0
shrinkage=0.08


Tree=95
num_leaves=14
num_cat=0
split_feature=4 4 4 4 4 1 4 0 4 4 4 1 0
split_gain=0.0863511 0.355221 0.735809 0.783514 0.35121 0.302163 0.186536 2.10742 1.70777 1.02353 0.771314 2.09493 0.502642
threshold=66.500000000000014 73.500000000000014 67.500000000000014 68.500000000000014 74.500000000000014 1.0000000180025095e-35 58.500000000000007 5.5000000000000009 64.500000000000014 59.500000000000007 56.500000000000007 1.0000000180025095e-35 5.5000000000000009
decision_type=2 2 2 2 2 2 2 2 2 2 2 2 2
left_child=6 2 -2 -4 -3 -6 10 9 -9 -8 12 -12 -1
right_child=1 4 3 -5 5 -7 7 8 -10 -11 11 -13 -14
leaf_value=-0.0021640815873657151 -0.098685029085152629 0.045251582334619594 0.035786443641168751 -0.034469739872410469 0.013976513237312685 -0.019452338948894168 0.08268915310424145 -0.058606521986342822 0.036193938309442245 0.015012743501979859 0.019880099588590425 -0.084116703399331971 0.0063990223045766528
leaf_weight=156.28033583331853 0.70371778169646759 1.1434173393063227 1.5328575326129792 3.0124317085137591 3.4882285883650184 3.4342984426766634 1.5691515542566836 4.5362620737869284 1.6616326137445865 16.154107829555869 2.5009927125647655 2.4581071054562926 60.992726468946785
leaf_count=2719 28 16 28 102 40 108 26 97 27 204 26 66 1313
internal_value=-8.91852e-05 -0.0063642 -0.0225621 -0.0107765 0.00417677 -0.0026077 0.000250244 0.0069627 -0.0331909 0.0210046 -0.000472287 -0.0316686 0.000239746
internal_weight=259.468 13.315 5.24901 4.54529 8.06594 6.92253 246.153 23.9212 6.19789 17.7233 222.232 4.9591 217.273
internal_count=4800 322 158 130 164 148 4478 354 124 230 4124 92 4032
is_linear=0
shrinkage=0.08


Tree=96
num_leaves=12
num_cat=0
split_feature=0 2 4 4 4 4 4 4 4 0 4
split_gain=0.090971 0.593677 0.624151 1.55635 0.599046 0.98591 0.275551 0.404454 0.772401 0.628077 2.01262e-05
threshold=6.5000000000000009 1.5000000000000002 47.500000000000007 51.500000000000007 1.0000000180025095e-35 8.5000000000000018 84.500000000000014 75.500000000000014 72.500000000000014 1.5000000000000002 41.500000000000007
decision_type=2 2 2 2 2 2 2 2 2 2 2
left_child=6 4 10 -4 -2 -6 7 8 -1 -9 -3
right_child=1 2 3 -5 5 -7 -8 9 -10 -11 -12
leaf_value=0.0006813340525774434 0.088986905062702418 -0.081458966885975176 0.13102750948322947 -0.081941866294355084 -0.082590231202747888 0.00064046954944173924 -0.033198656225852503 0.086732040526148343 -0.050487300371985171 0.0061339535324336312 -0.082149259668514607
leaf_weight=226.83455294347368 0.46476159850136056 0.84492447646334701 0.37290301173925389 0.53423073049634695 0.94936186820268886 22.457498029340059 1.5507606514729548 0.87848597951233331 1.9039040189236391 2.0932175465859473 0.3974861754104495
leaf_count=3628 19 76 11 36 47 825 28 21 39 51 19
internal_value=-8.90367e-05 -0.00457559 -0.0448445 0.00560523 -0.000949537 -0.0027353 0.000411456 0.000636397 0.000255432 0.0299601 -0.0816798
internal_weight=259.282 26.0212 2.14954 0.907134 23.8716 23.4069 233.261 231.71 228.738 2.9717 1.24241
internal_count=4800 1033 142 47 891 872 3767 3739 3667 72 95
is_linear=0
shrinkage=0.08


Tree=97
num_leaves=12
num_cat=0
split_feature=2 0 4 4 4 4 4 4 4 0 4
split_gain=0.0887007 0.44681 1.48752 0.828649 1.49512 0.897522 0.186519 0.388106 0.522374 0.206378 4.1612e-05
threshold=1.0000000180025095e-35 7.5000000000000009 64.500000000000014 59.500000000000007 54.500000000000007 77.500000000000014 84.500000000000014 76.500000000000014 77.500000000000014 7.5000000000000009 41.500000000000007
decision_type=2 2 2 2 2 2 2 2 2 2 2
left_child=1 3 10 4 -1 -5 7 9 -9 -2 -3
right_child=6 2 -4 5 -6 -7 -8 8 -10 -11 -12
leaf_value=-0.0018719555141984534 -0.000127107592014161 -0.081307721293563201 0.08179525601116977 -0.047317624057001573 0.05536923189590752 0.02844492043080003 -0.027559586561719564 0.084207447853077669 0.0048171386038805206 0.010800733778142233 -0.082182442715852025
leaf_weight=44.335160331334919 188.59078940353356 0.60182322585023829 0.47369077033363272 4.450106623931787 3.1263163648545733 1.2910570567473767 1.4858320071361948 0.83208318520337288 1.463131354190409 11.749566816724835 0.82548086158931255
leaf_count=849 3192 65 14 108 41 27 28 13 43 376 44
internal_value=-8.74298e-05 -0.00293562 -0.0410455 -0.00157391 0.00189856 -0.0302804 0.000681454 0.000888533 0.0335985 0.000513789 -0.0818136
internal_weight=259.225 55.1036 1.90099 53.2026 47.4615 5.74116 204.121 202.636 2.29521 200.34 1.4273
internal_count=4800 1148 123 1025 890 135 3652 3624 56 3568 109
is_linear=0
shrinkage=0.08


Tree=98
num_leaves=13
num_cat=0
split_feature=0 2 4 4 1 4 4 4 4 4 1 4
split_gain=0.0895843 0.536522 0.5879 1.25305 0.460826 1.25049 0.841325 0.214644 0.297426 0.673869 0.474574 1.61138e-05
threshold=6.5000000000000009 1.5000000000000002 47.500000000000007 51.500000000000007 1.5000000000000002 41.500000000000007 80.500000000000014 84.500000000000014 75.500000000000014 72.500000000000014 1.0000000180025095e-35 41.500000000000007
decision_type=2 2 2 2 2 2 2 2 2 2 2 2
left_child=7 4 11 -4 6 -6 -2 8 9 -1 -10 -3
right_child=1 2 3 -5 5 -7 -8 -9 10 -11 -12 -13
leaf_value=0.00066622615619794283 -0.016063689360535958 -0.08135714923035868 0.10558889883594359 -0.081810366322090489 -0.019715369393174805 0.033125972432936156 0.096489475394583482 -0.029474926766779475 0.049451975452827382 -0.048150832326155378 -0.01578766301071095 -0.081997683025298612
leaf_weight=226.81897805863991 11.788748127233704 0.78546562814153664 0.42191260680556286 0.49776679137721658 5.0599138736724854 6.6112923957407475 0.44093613885343153 1.5279113268479694 1.9329971568658941 1.824279892258345 1.1312291580252347 0.36965107079595327
leaf_count=3628 513 76 11 36 215 152 11 28 19 39 53 19
internal_value=-8.48595e-05 -0.00454135 -0.0435643 0.00416102 -0.00115383 0.0102172 -0.0120056 0.000411465 0.00060854 0.000276729 0.0253673 -0.0815621
internal_weight=259.211 25.9757 2.0748 0.919679 23.9009 11.6712 12.2297 233.235 231.707 228.643 3.06423 1.15512
internal_count=4800 1033 142 47 891 367 524 3767 3739 3667 72 95
is_linear=0
shrinkage=0.08


Tree=99
num_leaves=15
num_cat=0
split_feature=4 4 0 0 0 0 1 4 4 4 4 0 4 1
split_gain=0.0968626 0.731402 1.24545 0.788922 0.73036 1.86411 2.30141 0.727849 0.725174 0.716898 0.402676 2.97714 0.433725 0.0676578
threshold=31.500000000000004 32.500000000000007 3.5000000000000004 1.0000000180025095e-35 1.0000000180025095e-35 2.5000000000000004 1.0000000180025095e-35 5.5000000000000009 29.500000000000004 13.500000000000002 33.500000000000007 3.5000000000000004 35.500000000000007 1.0000000180025095e-35
decision_type=2 2 2 2 2 2 2 2 2 2 2 2 2 2
left_child=4 2 3 -2 7 6 -6 -1 -7 -9 11 -3 -12 -4
right_child=1 10 13 -5 5 8 -8 9 -10 -11 12 -13 -14 -15
leaf_value=-0.022978952135839302 -0.028017200915833734 -0.05382097109871601 -0.057393578927536437 0.060152927704025062 0.018096722356630769 0.001223885619002331 -0.050134599202074956 0.060378053787854845 0.029291705331686246 0.014374478059721368 -0.018915513414915822 0.08904073788019172 9.1717986440962107e-05 -0.082869061253424137
leaf_weight=2.847510069608691 1.5500020980834954 1.6813544761389487 1.6657396093942227 1.1179250525310633 4.7052269084379068 56.150474361609668 9.657328016124664 2.4932204205542829 6.5817638817243269 16.618917338550091 8.1206901411060226 2.0990878520533442 142.70244106499013 1.1129949446767566
leaf_count=35 14 36 19 34 119 1106 286 32 132 155 188 39 2564 41
internal_value=-8.35001e-05 -0.00130036 -0.0301131 0.00892818 0.00188267 -0.00178357 -0.0277818 0.0147539 0.00416872 0.0203757 -0.000285287 0.0255029 -0.000931678 -0.0675975
internal_weight=259.105 160.05 5.44666 2.66793 99.0544 77.0948 14.3626 21.9596 62.7322 19.1121 154.604 3.78044 150.823 2.77873
internal_count=4800 2935 108 48 1865 1643 405 222 1238 187 2827 75 2752 60
is_linear=0
shrinkage=0.08


Tree=100
num_leaves=10
num_cat=0
split_feature=4 4 0 0 4 1 4 4 1
split_gain=0.0974676 0.508202 0.603571 1.06224 0.495379 1.19228 0.220739 0.234444 0.151923
threshold=2.5000000000000004 1.5000000000000002 1.5000000000000002 3.5000000000000004 4.5000000000000009 1.5000000000000002 6.5000000000000009 15.500000000000002 1.0000000180025095e-35
decision_type=2 2 2 2 2 2 2 2 2
left_child=1 2 -1 -4 5 -2 8 -8 -6
right_child=4 -3 3 -5 6 -7 7 -9 -10
leaf_value=0.028770465768729703 -0.10014287927818108 0.051684663931067173 -0.084096292234775105 0.0027894289737587685 0.049753097664057472 0.04060157425502281 -0.0089989338308657293 0.00039141032769745443 0.0038905448950207794
leaf_weight=3.0088303703814709 0.97596603468991705 1.43735645338893 1.1507997661828993 4.1412311284802854 0.94944345112889894 0.63638415839523077 18.393185265129432 227.25300692924066 0.90087160188704729
leaf_count=34 33 24 28 77 14 19 343 4202 26
internal_value=-8.53658e-05 0.00776615 0.000161324 -0.0161047 -0.000392299 -0.044592 -0.000104354 -0.000311708 0.0274238
internal_weight=258.847 9.73822 8.30086 5.29203 249.109 1.61235 247.497 245.646 1.85032
internal_count=4800 163 139 105 4637 52 4585 4545 40
is_linear=0
shrinkage=0.08


Tree=101
num_leaves=14
num_cat=0
split_feature=4 4 4 2 0 4 2 0 0 4 1 4 0
split_gain=0.0962383 0.99105 0.780632 0.90449 0.940965 0.73705 1.15939 0.599336 0.566977 0.388472 2.51345 0.307874 0.0251137
threshold=25.500000000000004 26.500000000000004 23.500000000000004 1.5000000000000002 4.5000000000000009 22.500000000000004 1.0000000180025095e-35 4.5000000000000009 5.5000000000000009 27.500000000000004 1.5000000000000002 29.500000000000004 1.0000000180025095e-35
decision_type=2 2 2 2 2 2 2 2 2 2 2 2 2
left_child=2 7 5 4 -4 8 -7 12 -1 10 -3 -11 -2
right_child=1 9 3 -5 -6 6 -8 -9 -10 11 -12 -13 -14
leaf_value=-0.0036359687653632544 -0.063657432392597899 0.049111260943911619 0.033721624860718558 0.080656439504512442 -0.020562329901316647 -0.11083005273254681 -0.0052962114090785084 -0.011051170917889723 0.014583160632782827 -0.015508890145977526 -0.082949003586907794 -7.0255944846556528e-05 -0.082231493545871781
leaf_weight=42.733630334958434 0.8759207054972642 4.3036662451922885 5.3746606484055484 1.4846765138208873 3.2975247614085674 0.98350755497813169 2.065227335318923 2.0683863628655672 14.6895220503211 8.689177659340201 1.1739847250282762 170.04379082971718 0.99521500803530216
leaf_count=715 7 52 96 25 71 24 48 45 320 192 39 3127 39
internal_value=-8.15205e-05 -0.00102675 0.00243651 0.0229585 0.0130806 -0.00101036 -0.0393409 -0.0407296 0.0010247 -0.000177669 0.0208078 -0.000820812 -0.0735366
internal_weight=258.779 188.15 70.6287 10.1569 8.67219 60.4719 3.04873 3.93952 57.4232 184.211 5.47765 178.733 1.87114
internal_count=4800 3501 1299 192 167 1107 72 91 1035 3410 91 3319 46
is_linear=0
shrinkage=0.08


Tree=102
num_leaves=12
num_cat=0
split_feature=0 4 4 4 4 4 0 4 0 4 4
split_gain=0.0884353 0.484654 0.753576 0.781867 0.198758 1.7411 2.9976 1.54051 2.35489 0.791114 0.530701
threshold=6.5000000000000009 85.500000000000014 77.500000000000014 73.500000000000014 19.500000000000004 21.500000000000004 5.5000000000000009 15.500000000000002 5.5000000000000009 11.500000000000002 25.500000000000004
decision_type=2 2 2 2 2 2 2 2 2 2 2
left_child=4 2 3 -2 7 6 -6 9 -9 -1 -7
right_child=1 -3 -4 -5 5 10 -8 8 -10 -11 -12
leaf_value=0.0050985927010069668 -0.006597291617592491 0.073838616959034445 -0.089091907110693785 0.067364590036053898 -0.073654263436268089 0.014358029029389919 0.053726663627784249 0.016726353509342911 0.12712168265266327 -0.022849194176355159 -0.00059848336126768983
leaf_weight=19.015922254882756 23.806809782283391 0.49562186002731223 0.68047637771814962 0.95129015762358804 4.7492533326148978 16.680689028464258 1.5742688253521917 10.298633690923449 1.4054176658391959 9.8347221352159959 169.152799165342
leaf_count=322 995 11 12 15 89 268 20 162 16 151 2739
internal_value=-8.04395e-05 -0.00451165 -0.00603816 -0.00375543 0.00041339 -0.000660688 -0.0419422 0.00550261 0.0299826 -0.00442836 0.000744035
internal_weight=258.646 25.9342 25.4386 24.7581 232.712 192.157 6.32352 40.5547 11.7041 28.8506 185.833
internal_count=4800 1033 1022 1010 3767 3116 109 651 178 473 3007
is_linear=0
shrinkage=0.08


Tree=103
num_leaves=11
num_cat=0
split_feature=4 0 0 0 4 4 0 4 1 1
split_gain=0.0887478 0.859381 0.582175 0.478975 0.232258 0.173715 1.42557 0.278328 0.12108 0.383878
threshold=65.500000000000014 7.5000000000000009 1.0000000180025095e-35 1.5000000000000002 63.500000000000007 61.500000000000007 4.5000000000000009 58.500000000000007 1.0000000180025095e-35 1.5000000000000002
decision_type=2 2 2 2 2 2 2 2 2 2
left_child=4 2 -2 -4 5 7 -7 -1 -6 -10
right_child=1 -3 3 -5 8 6 -8 -9 9 -11
leaf_value=-0.00044772864344351293 -0.046424513764862008 -0.083979263322254236 0.035156058297676311 -0.0034470709338085448 0.0015610116674138481 -0.06234563652769682 0.029841959491805296 0.014467974540280749 0.045903014367476305 0.0032054477372515091
leaf_weight=221.22500343725551 1.6266051195561857 0.85393385333009142 2.5828391374088815 10.105175706557928 3.8080531074665469 2.1422827634960404 2.1519503549207002 8.30727142957039 2.2231570892035961 3.4218458104878664
leaf_count=4124 41 39 45 237 32 46 45 133 17 41
internal_value=-7.93129e-05 -0.00601626 -0.0013654 0.00441119 0.000290857 -0.000206148 -0.0161481 9.2103e-05 0.0125846 0.0200209
internal_weight=258.448 15.1686 14.3146 12.688 243.28 233.827 4.29423 229.532 9.45306 5.645
internal_count=4800 362 323 282 4438 4348 91 4257 90 58
is_linear=0
shrinkage=0.08


Tree=104
num_leaves=15
num_cat=0
split_feature=4 4 0 1 0 0 1 1 4 4 3 4 4 1
split_gain=0.079513 0.625925 1.11021 0.828631 0.614234 1.55078 2.05794 0.723646 0.675469 0.609773 0.389597 0.800731 0.34078 0.0856502
threshold=31.500000000000004 32.500000000000007 3.5000000000000004 1.0000000180025095e-35 1.0000000180025095e-35 2.5000000000000004 1.0000000180025095e-35 1.5000000000000002 5.5000000000000009 13.500000000000002 1.0000000180025095e-35 54.500000000000007 34.500000000000007 1.0000000180025095e-35
decision_type=2 2 2 2 2 2 2 2 2 2 2 2 2 2
left_child=4 2 3 -2 8 6 -6 -7 -1 -10 12 -12 -3 -4
right_child=1 10 13 -5 5 7 -8 -9 9 -11 11 -13 -14 -15
leaf_value=-0.022901812770579011 -0.028577977975511093 0.01599598564751371 -0.053223249563480596 0.061305047513958127 0.01678564221369943 -0.0014457723211698712 -0.048077808965111039 0.018086039530383968 0.055395813804237505 0.013310468440438853 0.04157366805723476 -0.024499161159072549 -0.0018710345324086165 -0.082640519803220125
leaf_weight=2.8424071287736323 1.6104956753551953 7.1777934199199072 1.6507224333472552 1.1080656964331863 4.7624255418777457 46.194245384307578 9.1356189707294089 16.467901779338717 2.5400827554985907 16.621498225256801 3.7300749039277425 1.7129445648752151 141.82475571724353 1.0278622149489818
leaf_count=35 15 161 19 33 119 763 286 475 32 155 62 30 2574 41
internal_value=-7.62531e-05 -0.00117822 -0.0279582 0.00805768 0.00171083 -0.00167486 -0.0258511 0.00368728 0.0134909 0.0188894 -0.000242389 0.0207802 -0.00101034 -0.0645116
internal_weight=258.407 159.843 5.39715 2.71856 98.5642 76.5602 13.898 62.6621 22.004 19.1616 154.446 5.44302 149.003 2.67858
internal_count=4800 2935 108 48 1865 1643 405 1238 222 187 2827 92 2735 60
is_linear=0
shrinkage=0.08


Tree=105
num_leaves=11
num_cat=0
split_feature=4 4 4 1 4 4 0 1 4 0
split_gain=0.0888083 0.444134 0.820953 0.596519 0.475218 0.414993 0.559217 1.02249 0.196754 0.00739561
threshold=2.5000000000000004 8.5000000000000018 6.5000000000000009 1.5000000000000002 9.5000000000000018 1.5000000000000002 1.5000000000000002 1.5000000000000002 15.500000000000002 2.5000000000000004
decision_type=2 2 2 2 2 2 2 2 2 2
left_child=5 2 3 -2 -3 6 -1 -8 -6 -4
right_child=1 4 9 -5 8 -7 7 -9 -10 -11
leaf_value=0.027788218162022354 -0.032700386323692182 0.036907826821982063 -0.09528015482176061 0.035839908805608285 -0.009136077687370488 0.046429447813473301 0.0032711552421857189 -0.08244194968012572 0.00033477794525866677 -0.081681936502243521
leaf_weight=3.0251449327915871 2.1278057896997771 2.2229062914848319 0.45786044932901837 1.3148403717204931 14.964194963453336 1.4799141902476556 4.0800432069227099 1.1394892516545949 226.97815232025459 0.58050877531059086
leaf_count=34 59 27 16 33 266 24 56 49 4202 34
internal_value=-7.7419e-05 -0.000370738 -0.0253287 -0.00652298 8.7301e-05 0.00742239 0.00042065 -0.0154411 -0.000250997 -0.087678
internal_weight=258.371 248.646 4.48102 3.44265 244.165 9.72459 8.24468 5.21953 241.942 1.03837
internal_count=4800 4637 142 92 4495 163 139 105 4468 50
is_linear=0
shrinkage=0.08


Tree=106
num_leaves=11
num_cat=0
split_feature=4 4 1 0 1 1 1 1 4 4
split_gain=0.0743475 0.429629 1.01799 0.423606 0.916335 0.551909 0.480606 0.357359 0.173769 0.156435
threshold=2.5000000000000004 4.5000000000000009 1.5000000000000002 3.5000000000000004 1.0000000180025095e-35 1.0000000180025095e-35 1.5000000000000002 1.5000000000000002 6.5000000000000009 15.500000000000002
decision_type=2 2 2 2 2 2 2 2 2 2
left_child=3 2 -2 4 -1 -5 -6 -7 -3 -10
right_child=1 8 -4 5 6 7 -8 -9 9 -11
leaf_value=0.02375218973354902 -0.0983119748999354 0.024168415599872217 0.031465951688816364 -0.0087161097606876948 -0.084273554026124131 0.062771604557672861 -0.0097552346639673913 0.0030402972914571566 -0.0074148993396289265 0.000307939020889368
leaf_weight=2.3630082197487337 0.89143370045348891 1.8774303961545218 0.68338355980813503 2.1226332187652588 1.1333450488746166 2.0972547065466647 1.083437779918313 0.92321937438100565 18.126866519683972 227.01801841414999
leaf_count=20 33 40 19 23 25 26 30 39 343 4202
internal_value=-7.45654e-05 -0.000342972 -0.0419955 0.00678812 -0.0109074 0.0225455 -0.0478532 0.0445145 -7.74289e-05 -0.000263115
internal_weight=258.32 248.597 1.57482 9.7229 4.57979 5.14311 2.21678 3.02047 247.022 245.145
internal_count=4800 4637 52 163 75 88 55 65 4585 4545
is_linear=0
shrinkage=0.08


Tree=107
num_leaves=15
num_cat=0
split_feature=4 1 0 4 0 4 4 4 2 0 4 2 4 0
split_gain=0.0768627 1.54849 2.47099 3.04094 1.41853 3.55773 2.14698 1.13073 0.816923 0.422595 0.24717 1.44506 0.867823 0.0434576
threshold=19.500000000000004 1.5000000000000002 3.5000000000000004 13.500000000000002 3.5000000000000004 16.500000000000004 11.500000000000002 20.500000000000004 1.0000000180025095e-35 4.5000000000000009 25.500000000000004 1.5000000000000002 26.500000000000004 1.0000000180025095e-35
decision_type=2 2 2 2 2 2 2 2 2 2 2 2 2 2
left_child=1 4 8 -4 5 -1 -6 9 -3 13 11 -9 -12 -2
right_child=7 2 3 -5 6 -7 -8 10 -10 -11 12 -13 -14 -15
leaf_value=-0.0077119900224592395 -0.058608091531926511 0.045723005675516522 0.015876467558173197 0.12647528133695091 0.0084709214394902473 0.092507438265017616 -0.046178228179383975 -6.3536201646305959e-05 -0.028398766914416475 -0.015779435757616141 -0.038475582452186206 0.059048565779708531 -9.659335478859091e-05 -0.082536206231394973
leaf_weight=10.81972366478294 0.98954065516591005 1.2196742547675947 3.9646010808646679 2.6575966151431203 8.6224685681518185 2.867879891768097 9.8644658471457642 19.421758328564469 4.3302391283214092 1.7042590877972541 3.8496213038451961 3.064356690272688 183.9700794731616 0.95417440589517355
leaf_count=186 8 33 113 65 134 41 140 350 115 28 91 53 3410 33
internal_value=-7.1943e-05 0.00295926 0.0272638 0.0602616 -0.00623551 0.0132864 -0.0206894 -0.000700226 -0.0121094 -0.0448581 6.57384e-05 0.00799213 -0.000883223 -0.0703545
internal_weight=258.3 44.3466 12.1721 6.6222 32.1745 13.6876 18.4869 213.954 5.54991 3.64797 210.306 22.4861 187.82 1.94372
internal_count=4800 827 326 178 501 227 274 3973 148 69 3904 403 3501 41
is_linear=0
shrinkage=0.08


Tree=108
num_leaves=16
num_cat=0
split_feature=0 2 4 4 4 4 4 4 4 0 1 0 0 4 4
split_gain=0.0825841 0.482907 0.571902 1.04322 0.400773 2.04149 1.67483 0.174385 1.42694 2.61028 1.21027 2.80889 0.912988 0.383791 1.9697e-05
threshold=6.5000000000000009 1.5000000000000002 47.500000000000007 51.500000000000007 20.500000000000004 22.500000000000004 14.500000000000002 19.500000000000004 21.500000000000004 5.5000000000000009 1.5000000000000002 3.5000000000000004 3.5000000000000004 25.500000000000004 22.500000000000004
decision_type=2 2 2 2 2 2 2 2 2 2 2 2 2 2 2
left_child=7 4 14 -4 6 -6 -2 10 9 -9 12 -12 -1 -10 -3
right_child=1 2 3 -5 5 -7 -8 8 13 -11 11 -13 -14 -15 -16
leaf_value=0.012138091800756499 0.020855466901815639 -0.082023179450368369 0.08922496251934664 -0.08166290735136493 0.082968038819247136 -0.004807466404677092 -0.082675614464563674 -0.070265577456065847 0.012142419146835939 0.049029506325863371 -0.011303312284487452 0.071153079877604317 -0.015859679682630422 -0.0005125950297596815 -0.081284942302539478
leaf_weight=13.750331608112903 2.304840663680813 0.33498787879943737 0.46068355441093434 0.4538891869597137 1.8729902133345628 17.927641582442448 1.7664431072771547 4.4565981589257708 16.86709457822144 1.5936421714723108 5.4892289284616691 5.1011239597573876 16.279218317009509 169.10693845921196 0.74733522604219615
leaf_count=227 100 25 11 36 25 701 65 89 268 20 148 105 171 2739 70
internal_value=-7.81351e-05 -0.00436614 -0.0421581 0.00441579 -0.00120482 0.00349543 -0.0240645 0.000398668 -0.000608704 -0.0388431 0.00516086 0.028414 -0.00303969 0.000635164 -0.0815134
internal_weight=258.513 25.8688 1.9969 0.914573 23.8719 19.8006 4.07128 232.644 192.024 6.05024 40.6199 10.5904 30.0295 185.974 1.08232
internal_count=4800 1033 142 47 891 726 165 3767 3116 109 651 253 398 3007 95
is_linear=0
shrinkage=0.08


Tree=109
num_leaves=14
num_cat=0
split_feature=2 1 4 0 4 4 0 4 4 4 4 4 0
split_gain=0.084666 0.5035 0.939929 0.828 0.770824 0.840261 0.166239 0.779655 3.07576 2.05339 0.752841 2.79622 1.57286
threshold=1.0000000180025095e-35 1.5000000000000002 9.5000000000000018 1.0000000180025095e-35 10.500000000000002 27.500000000000004 2.5000000000000004 16.500000000000004 17.500000000000004 13.500000000000002 52.500000000000007 49.500000000000007 4.5000000000000009
decision_type=2 2 2 2 2 2 2 2 2 2 2 2 2
left_child=1 4 -3 -4 -1 -6 7 9 -9 -2 11 -8 -12
right_child=6 2 3 -5 5 -7 10 8 -10 -11 12 -13 -14
leaf_value=-0.048229619572990219 -0.00018129068734604897 0.052485428443602676 -0.083697677625324832 -0.015905463343452983 0.022929466664368091 -0.0032373899272892265 -0.00086786969376888182 0.11517778833931494 0.0040831713293339386 -0.097295775963856898 -0.044128652970862721 0.057908814537811992 -0.0018252784509870557
leaf_weight=1.912118847016244 7.7321831453591567 1.1489896532148112 1.2940070657059539 10.585750422440467 10.72175041399896 29.364092785399407 95.154986096313223 1.6378153227269638 60.936306631192565 1.6997358268126843 7.3928880202583995 5.4783633500337592 23.521812588442117
leaf_count=36 141 34 41 378 166 493 1773 24 1057 38 175 88 356
internal_value=-8.37085e-05 -0.0028679 -0.0166072 -0.0232898 0.00139436 0.00376145 0.000668942 0.00375905 0.00699096 -0.0176824 -0.00102251 0.00233187 -0.0119416
internal_weight=258.581 55.0267 13.0287 11.8798 41.998 40.0858 203.554 72.006 62.5741 9.43192 131.548 100.633 30.9147
internal_count=4800 1148 453 419 695 659 3652 1260 1081 179 2392 1861 531
is_linear=0
shrinkage=0.08


Tree=110
num_leaves=13
num_cat=0
split_feature=0 2 4 4 4 4 1 4 4 4 0 4
split_gain=0.0745015 0.437377 0.534146 1.38115 0.380591 1.31339 1.0999 0.167934 0.2651 0.578929 0.462776 1.54581e-05
threshold=6.5000000000000009 1.5000000000000002 47.500000000000007 50.500000000000007 64.500000000000014 56.500000000000007 1.5000000000000002 84.500000000000014 75.500000000000014 72.500000000000014 1.5000000000000002 22.500000000000004
decision_type=2 2 2 2 2 2 2 2 2 2 2 2
left_child=7 4 11 -4 5 -2 -6 8 9 -1 -10 -3
right_child=1 2 3 -5 6 -7 -8 -9 10 -11 -12 -13
leaf_value=0.00057844770026134354 -7.4694872948889105e-05 -0.081865177203490819 0.11526922905580551 -0.08192508868838036 -0.030371345944901488 -0.083221941665080221 0.061173511696709905 -0.026314096023394896 0.069915826242180054 -0.045693258898534421 0.0029495813220117217 -0.081184761977440276
leaf_weight=226.24540048697963 19.092793608782824 0.30954301147721597 0.39891979284584522 0.52843289240263402 1.432340381026733 1.2985358152072866 2.0310704689472914 1.5001477797050018 0.96061502071097438 1.7438492090441275 2.1136215250007808 0.69010404939763248
leaf_count=3628 744 25 8 39 51 68 28 28 21 39 51 70
internal_value=-8.63659e-05 -0.00416662 -0.040828 0.00290209 -0.00120509 -0.00536958 0.0233139 0.000365966 0.000539183 0.000224524 0.0238747 -0.0813955
internal_weight=258.345 25.7817 1.927 0.927353 23.8547 20.3913 3.46341 232.564 231.063 227.989 3.07424 0.999647
internal_count=4800 1033 142 47 891 812 79 3767 3739 3667 72 95
is_linear=0
shrinkage=0.08


Tree=111
num_leaves=15
num_cat=0
split_feature=2 1 4 4 4 4 4 0 0 4 4 4 1 4
split_gain=0.0752526 0.45133 0.850472 1.79376 0.688608 2.18927 0.842017 0.163607 0.673803 1.41897 0.673174 1.26355 0.401159 0.279728
threshold=1.0000000180025095e-35 1.5000000000000002 65.500000000000014 63.500000000000007 13.500000000000002 1.5000000000000002 27.500000000000004 7.5000000000000009 6.5000000000000009 73.500000000000014 56.500000000000007 35.500000000000007 1.5000000000000002 58.500000000000007
decision_type=2 2 2 2 2 2 2 2 2 2 2 2 2 2
left_child=1 4 3 -3 5 -1 -6 8 13 -10 11 -9 -12 -2
right_child=7 2 -4 -5 6 -7 -8 10 9 -11 12 -13 -14 -15
leaf_value=0.06179658456370004 -0.00020886215801903276 -0.018363789711662165 -0.087053625620885311 0.1040414010968556 0.023848694780607672 -0.09225906924929525 -0.0029334757144279799 -0.0138708648913533 -0.032386807045827894 0.074095244962845488 -0.083666909531010775 0.042689187767128454 -0.0034426097533419848 0.0085826758936303621
leaf_weight=0.90615610871463959 155.537199690938 11.059511961415405 0.99015161907300431 0.82323639094829637 10.103564135730265 1.6940684819128362 29.300624042691197 4.5790901712607575 7.8932991523761284 0.89138995762914408 0.70174951502121874 5.6431163940578699 0.92441482609137893 27.215400269720703
leaf_count=12 2468 407 37 9 145 45 493 181 379 10 38 144 22 410
internal_value=-8.49492e-05 -0.00271391 -0.0158193 -0.00988356 0.00130244 -0.038572 0.0039337 0.000624393 6.00621e-05 -0.021582 0.00974721 0.0173528 -0.0380623 0.00110037
internal_weight=258.263 54.8773 12.8729 11.8827 42.0044 2.60022 39.4042 203.386 191.537 8.78469 11.8484 10.2222 1.62616 182.753
internal_count=4800 1148 453 416 695 57 638 3652 3267 389 385 325 60 2878
is_linear=0
shrinkage=0.08


Tree=112
num_leaves=11
num_cat=0
split_feature=0 4 1 1 4 4 2 4 4 1
split_gain=0.0662149 0.593326 0.582835 1.19139 0.656855 0.435949 1.07356 0.397836 0.360314 0.0019711
threshold=4.5000000000000009 85.500000000000014 1.0000000180025095e-35 1.5000000000000002 53.500000000000007 76.500000000000014 1.5000000000000002 71.500000000000014 1.0000000180025095e-35 1.0000000180025095e-35
decision_type=2 2 2 2 2 2 2 2 2 2
left_child=5 2 4 -4 -2 7 9 8 -1 -7
right_child=1 -3 3 -5 -6 6 -8 -9 -10 -11
leaf_value=0.020416700703984172 0.0089602161941252974 0.055795771781357549 -0.019925161946353437 0.0045212211785730294 -0.010246682187903478 -0.088207098386391056 0.057308338133535718 0.035388103376557074 -0.0022026622992975839 -0.081556693485591955
leaf_weight=4.6787096988409749 59.276819543680176 1.2620381982997049 22.054675109451637 30.269586578942835 14.107625294825992 0.57017345167696365 0.48401427874341596 1.9123359881341446 122.90587237128057 0.57073823222890496
leaf_count=72 500 18 615 842 125 12 12 43 2513 48
internal_value=-8.60912e-05 0.00121607 0.000668126 -0.00578293 0.00526783 -0.00134703 -0.0425267 -0.000830308 -0.00137318 -0.0848802
internal_weight=258.093 126.971 125.709 52.3243 73.3844 131.122 1.62493 129.497 127.585 1.14091
internal_count=4800 2100 2082 1457 625 2700 72 2628 2585 60
is_linear=0
shrinkage=0.08


Tree=113
num_leaves=14
num_cat=0
split_feature=4 4 4 4 4 1 4 0 4 4 4 1 0
split_gain=0.068967 0.273525 0.695993 0.67963 0.423994 0.282966 0.205145 1.78764 1.39051 0.811928 0.640923 1.92843 0.39601
threshold=66.500000000000014 73.500000000000014 67.500000000000014 68.500000000000014 74.500000000000014 1.0000000180025095e-35 58.500000000000007 5.5000000000000009 64.500000000000014 61.500000000000007 56.500000000000007 1.0000000180025095e-35 5.5000000000000009
decision_type=2 2 2 2 2 2 2 2 2 2 2 2 2
left_child=6 2 -2 -4 -3 -6 10 9 -9 -8 12 -12 -1
right_child=1 4 3 -5 5 -7 7 8 -10 -11 11 -13 -14
leaf_value=-0.0020441974359029871 -0.09775293459470559 0.049656059174941078 0.033971009249527444 -0.03181700826262962 0.012024171482457808 -0.020360688589035111 0.044022931042775576 -0.054647418718732625 0.030479772932798448 0.0078506921226617673 0.018441880892905826 -0.08380724818243776 0.0055739667817639987
leaf_weight=155.31769880559295 0.64728372590616245 1.0977116900030504 1.5405814852565525 2.890716593072284 3.5188915184698999 3.3904936253093183 5.9909151978790822 4.3077241932041934 1.7177588101476429 11.781439276877789 2.5101678543724111 2.2285526460036635 60.751623716554604
leaf_count=2719 28 16 28 102 40 108 88 97 27 142 26 66 1313
internal_value=-8.26332e-05 -0.00574106 -0.0202641 -0.0089452 0.0034703 -0.00386735 0.000220076 0.00727717 -0.0303792 0.0200441 -0.000540511 -0.0296444 9.77811e-05
internal_weight=257.692 13.0857 5.07858 4.4313 8.0071 6.90939 244.606 23.7978 6.02548 17.7724 220.808 4.73872 216.069
internal_count=4800 322 158 130 164 148 4478 354 124 230 4124 92 4032
is_linear=0
shrinkage=0.08


Tree=114
num_leaves=11
num_cat=0
split_feature=2 1 4 0 4 4 4 4 4 0
split_gain=0.0623337 0.401512 0.804376 0.782684 0.63963 0.604817 0.155409 0.259658 0.37716 0.175248
threshold=1.0000000180025095e-35 1.5000000000000002 9.5000000000000018 1.0000000180025095e-35 10.500000000000002 27.500000000000004 84.500000000000014 76.500000000000014 77.500000000000014 7.5000000000000009
decision_type=2 2 2 2 2 2 2 2 2 2
left_child=1 4 -3 -4 -1 -6 7 9 -9 -2
right_child=6 2 3 -5 5 -7 -8 8 -10 -11
leaf_value=-0.044420061408182207 -0.00015492325061061628 0.047739519443788909 -0.083344609581363222 -0.014383308461796945 0.01958863751916258 -0.002557200958732248 -0.025433917286379244 0.068842080332815248 0.0023647053290702384 0.0098909948988795595
leaf_weight=1.8709774888120581 187.3642222636845 1.187758536543696 1.1727683376520861 10.340618016198276 10.822134670102967 29.156285478326026 1.4610761245712627 0.87410639226436559 1.4560755598358808 11.814355763839556
leaf_count=36 3192 34 41 378 166 493 28 13 43 376
internal_value=-8.21818e-05 -0.00248301 -0.0149414 -0.0214078 0.00129807 0.00343766 0.00056307 0.000751566 0.0273019 0.000440954
internal_weight=257.52 54.5505 12.7011 11.5134 41.8494 39.9784 202.97 201.509 2.33018 199.179
internal_count=4800 1148 453 419 695 659 3652 3624 56 3568
is_linear=0
shrinkage=0.08


Tree=115
num_leaves=14
num_cat=0
split_feature=4 3 0 3 4 1 4 0 4 0 1 4 4
split_gain=0.0670144 0.724065 0.892851 0.639503 1.0637 0.501092 1.32955 0.679147 0.468215 1.30822 0.437559 0.197886 0.00127594
threshold=39.500000000000007 1.0000000180025095e-35 4.5000000000000009 1.0000000180025095e-35 54.500000000000007 1.5000000000000002 41.500000000000007 1.0000000180025095e-35 34.500000000000007 1.0000000180025095e-35 1.5000000000000002 24.500000000000004 45.500000000000007
decision_type=2 2 2 2 2 2 2 2 2 2 2 2 2
left_child=1 8 11 5 12 7 -7 -2 10 -10 -1 -3 -5
right_child=3 2 -4 4 -6 6 -8 -9 9 -11 -12 -13 -14
leaf_value=-0.0013364480086541794 -0.010821396938248087 -0.091202241612150098 0.014197281189906635 0.056412084480484154 -0.021509332473448696 -0.058110047402357846 -0.0030925060957502099 0.006806340944100645 0.018459881463700218 -0.024207617716091364 0.010061312559332479 -0.042700456254449376 0.059685059168404379
leaf_weight=78.552551831235178 17.500245238654315 1.1717323930934069 1.3376078698784111 1.4511902043595903 1.6540515362285075 3.1119197085499755 29.085296486737207 69.69300319935428 6.63720624893904 14.976597131579181 29.709316467866302 0.99599227029830206 1.6058357618749139
leaf_count=1239 129 33 29 18 30 79 762 1127 62 415 819 34 24
internal_value=-7.83254e-05 -0.00132325 -0.0372015 0.00125968 0.0301696 0.000118912 -0.00841005 0.00326834 -0.000354896 -0.0111052 0.00179134 -0.0689174 0.0581314
internal_weight=257.483 133.381 3.50533 124.102 4.71108 119.39 32.1972 87.1932 129.876 21.6138 108.262 2.16772 3.05703
internal_count=4800 2631 96 2169 72 2097 841 1256 2535 477 2058 67 42
is_linear=0
shrinkage=0.08


Tree=116
num_leaves=9
num_cat=0
split_feature=0 4 4 4 4 4 4 0
split_gain=0.0671215 0.427073 0.647643 0.568586 0.155716 0.220899 0.569035 0.372881
threshold=6.5000000000000009 85.500000000000014 77.500000000000014 73.500000000000014 84.500000000000014 75.500000000000014 72.500000000000014 1.5000000000000002
decision_type=2 2 2 2 2 2 2 2
left_child=4 2 3 -2 5 6 -1 -7
right_child=1 -3 -4 -5 -6 7 -8 -9
leaf_value=0.00057963815502205416 -0.0059308137333225772 0.068433112224435988 -0.087995486066961948 0.056090196203475225 -0.025651711099390184 0.062135911093386613 -0.04540606874678807 0.0026159464602639598
leaf_weight=225.56053928122856 23.530211773875646 0.51109159272164006 0.59374118503183027 0.98564356379210849 1.4645217827055592 0.99345909059047643 1.7354097021743644 2.0924870208837092
leaf_count=3628 995 11 12 15 28 21 39 51
internal_value=-7.75172e-05 -0.00396318 -0.00543676 -0.0034373 0.000351876 0.000517179 0.000228536 0.0217772
internal_weight=257.467 25.6207 25.1096 24.5159 231.846 230.382 227.296 3.08595
internal_count=4800 1033 1022 1010 3767 3739 3667 72
is_linear=0
shrinkage=0.08


Tree=117
num_leaves=12
num_cat=0
split_feature=4 0 2 0 4 0 0 0 4 0 1
split_gain=0.0649262 0.445332 0.914649 0.607908 0.216656 0.136316 0.317988 0.130019 1.30567 0.753122 9.22424e-05
threshold=65.500000000000014 1.0000000180025095e-35 1.5000000000000002 3.5000000000000004 63.500000000000007 3.5000000000000004 5.5000000000000009 1.0000000180025095e-35 54.500000000000007 1.5000000000000002 1.5000000000000002
decision_type=2 2 2 2 2 2 2 2 2 2 2
left_child=4 -2 3 -3 7 -6 -7 8 -1 -9 -4
right_child=1 2 10 -5 5 6 -8 9 -10 -11 -12
leaf_value=-0.0011646788259011163 -0.045480951978688768 0.03027872270314708 -0.08362466552589165 -0.0073586244117141274 0.0023450700950273825 0.043101439076719351 0.0019651888600075375 -0.017850349500420335 0.039847598312390382 0.00035329402024273922 -0.08191824309997639
leaf_weight=45.280729867983609 1.5712797618471075 4.0714009287767086 0.3939196446444847 8.4399870698107389 4.6680964976549131 2.2927294820547104 2.5295248380862176 15.940517468377946 5.5803135633468619 166.20839725551195 0.41773529164493084
leaf_count=451 41 112 21 160 42 15 33 500 52 3345 28
internal_value=-7.34885e-05 -0.00520028 -0.000449703 0.00488916 0.000241398 0.01209 0.0215233 -0.000241186 0.00333506 -0.00123977 -0.0827464
internal_weight=257.395 14.8943 13.323 12.5114 242.5 9.49035 4.82225 233.01 50.861 182.149 0.811655
internal_count=4800 362 321 272 4438 90 48 4348 503 3845 49
is_linear=0
shrinkage=0.08


Tree=118
num_leaves=15
num_cat=0
split_feature=4 4 0 0 1 0 2 4 1 0 4 0 4 4
split_gain=0.0710071 0.751805 0.745084 0.846846 0.668647 1.61042 0.794537 0.608404 2.55874 1.47278 0.423729 0.369878 0.906429 0.204475
threshold=43.500000000000007 44.500000000000007 2.5000000000000004 5.5000000000000009 1.5000000000000002 7.5000000000000009 1.5000000000000002 41.500000000000007 1.5000000000000002 4.5000000000000009 42.500000000000007 6.5000000000000009 30.500000000000004 39.500000000000007
decision_type=2 2 2 2 2 2 2 2 2 2 2 2 2 2
left_child=7 2 -2 -4 6 -6 -3 11 10 -10 -9 13 -13 -1
right_child=1 4 3 -5 5 -7 -8 8 9 -11 -12 12 -14 -15
leaf_value=-0.00028361658814278154 0.015104694976769077 0.00041695195349237944 -0.096832434800713879 -0.016199752369434325 -0.019193484401170375 0.042442657858355201 0.025194306867963329 0.0068146724839379929 0.011706913713282724 0.10916735698148572 -0.029241378767382357 -0.0014528878623998114 -0.053425793306020861 0.010835236993016526
leaf_weight=122.17926823766902 1.4608888644725073 59.611301587545313 1.545648440718651 1.8095425032079218 21.633709522197027 3.1020093522965899 9.6195644394028914 5.656548170372842 1.6676428243517865 2.4505728334188461 3.304658186621964 8.7445289933821169 2.8467948143370441 11.589267505332826
leaf_count=2053 35 869 32 34 590 77 136 66 38 40 49 382 228 171
internal_value=-7.07118e-05 -0.00175407 -0.0325818 -0.0533451 -0.000174056 -0.0114639 0.00385974 0.00097882 0.0175054 0.0697014 -0.00648185 -0.000508233 -0.0142173 0.000679684
internal_weight=257.222 98.7827 4.81608 3.35519 93.9666 24.7357 69.2309 158.439 13.0794 4.11822 8.96121 145.36 11.5913 133.769
internal_count=4800 1773 101 66 1672 667 1005 3027 193 78 115 2834 610 2224
is_linear=0
shrinkage=0.08


Tree=119
num_leaves=12
num_cat=0
split_feature=4 4 1 4 0 0 4 0 4 1 4
split_gain=0.0618088 1.03065 0.573013 1.18528 0.880255 2.60394 0.982205 0.647336 0.147418 2.11972 0.870641
threshold=11.500000000000002 12.500000000000002 1.0000000180025095e-35 9.5000000000000018 1.0000000180025095e-35 3.5000000000000004 3.5000000000000004 2.5000000000000004 19.500000000000004 1.5000000000000002 20.500000000000004
decision_type=2 2 2 2 2 2 2 2 2 2 2
left_child=2 -2 3 7 6 -6 -4 -1 9 -3 -10
right_child=1 8 4 -5 5 -7 -8 -9 10 -11 -12
leaf_value=0.029256281366690839 -0.058042053814489541 -0.009427962498985424 -0.0090821905714130284 0.067575758374411612 -0.083608344762746298 0.0088304090226263739 0.10722928833732447 -0.018577685879230591 -0.04050715298251488 0.046188318421741752 5.7443889546575532e-05
leaf_weight=3.2343619791790861 1.9717190861701954 15.471345500787722 1.0640178453177203 2.3665952936280519 2.7526273615658265 6.6911379061639309 0.82489948486909259 4.1134595472831279 3.4420519503764799 6.121072504669427 209.04166229494149
leaf_count=29 40 230 23 24 88 163 24 63 69 143 3904
internal_value=-7.44451e-05 -0.000444839 0.00407961 0.0183368 -0.00814171 -0.0181132 0.0417116 0.00247786 4.03254e-05 0.00633828 -0.000599667
internal_weight=257.095 236.048 21.0471 9.71442 11.3327 9.44377 1.88892 7.34782 234.076 21.5924 212.484
internal_count=4800 4386 414 116 298 251 47 92 4346 373 3973
is_linear=0
shrinkage=0.08


Tree=120
num_leaves=13
num_cat=0
split_feature=0 4 4 4 4 4 0 4 0 2 4 0
split_gain=0.0636173 0.393955 0.958195 1.26846 0.129354 1.20459 2.25036 0.926138 1.73147 0.557834 0.287323 7.41332e-05
threshold=6.5000000000000009 1.0000000180025095e-35 8.5000000000000018 14.500000000000002 19.500000000000004 21.500000000000004 5.5000000000000009 15.500000000000002 5.5000000000000009 1.0000000180025095e-35 25.500000000000004 7.5000000000000009
decision_type=2 2 2 2 2 2 2 2 2 2 2 2
left_child=4 -2 11 -4 7 6 -6 9 -9 -1 -7 -3
right_child=1 2 3 -5 5 10 -8 8 -10 -11 -12 -13
leaf_value=-0.025102717376924655 0.063483126449190644 -0.081878486265614822 0.089881737230238429 -0.0058337287353901913 -0.066876894461875794 0.010527339062842681 0.044445943595335054 0.01138849199577789 0.10188815148564442 0.0023203370256095293 -0.00040441549592224509 -0.083309706877280829
leaf_weight=6.0090356832370189 0.54405008465983229 0.37393930286634969 0.92146418383345263 23.101985198445618 4.2337386859580866 16.939225288107991 1.6018654555082319 10.648127662017938 1.5499589070677764 22.610678017139435 167.9852197188884 0.60858672182075679
leaf_count=103 23 26 37 920 89 268 20 162 16 370 2739 27
internal_value=-7.57311e-05 -0.00386413 -0.00532939 -0.00216238 0.000342244 -0.000532364 -0.0363189 0.00442968 0.0228879 -0.00343745 0.000596942 -0.082765
internal_weight=257.128 25.55 25.006 24.0234 231.578 190.76 5.8356 40.8178 12.1981 28.6197 184.924 0.982526
internal_count=4800 1033 1010 957 3767 3116 109 651 178 473 3007 53
is_linear=0
shrinkage=0.08


Tree=121
num_leaves=10
num_cat=0
split_feature=4 4 0 1 4 1 4 1 4
split_gain=0.0604077 0.385549 0.472767 1.00249 0.383909 0.889479 0.147685 0.221312 0.115568
threshold=2.5000000000000004 1.5000000000000002 1.5000000000000002 1.5000000000000002 4.5000000000000009 1.5000000000000002 6.5000000000000009 1.0000000180025095e-35 15.500000000000002
decision_type=2 2 2 2 2 2 2 2 2
left_child=1 2 -1 -4 5 -2 7 -6 -8
right_child=4 -3 3 -5 6 -7 8 -9 -10
leaf_value=0.024700320068646565 -0.097324020505593231 0.043405539909086008 0.0030004929555440684 -0.082432014442004764 0.050117411784958862 0.024702176405017883 -0.006394136174043559 -0.0044057640087362994 0.00025038561596781283
leaf_weight=2.9928376954048836 0.8166159652173508 1.5003073532134301 4.1422634916380048 1.1158491759561 0.92738793371245154 0.71882994100451469 18.096086181234568 0.97988274320960045 225.70749678165885
leaf_count=34 33 24 56 49 14 19 343 26 4202
internal_value=-7.49448e-05 0.00610104 -0.000682202 -0.0151295 -0.000318522 -0.0401966 -6.93245e-05 0.0221055 -0.000242798
internal_weight=256.998 9.75126 8.25095 5.25811 247.246 1.53545 245.711 1.90727 243.804
internal_count=4800 163 139 105 4637 52 4585 40 4545
is_linear=0
shrinkage=0.08


Tree=122
num_leaves=13
num_cat=0
split_feature=4 4 0 1 4 0 0 4 0 0 4 4
split_gain=0.0563289 0.891214 3.64334 0.454275 1.03438 0.690126 2.44346 0.802553 0.591328 0.106949 1.65732 0.621723
threshold=11.500000000000002 12.500000000000002 4.5000000000000009 1.0000000180025095e-35 9.5000000000000018 1.0000000180025095e-35 3.5000000000000004 3.5000000000000004 1.0000000180025095e-35 5.5000000000000009 27.500000000000004 83.500000000000014
decision_type=2 2 2 2 2 2 2 2 2 2 2 2
left_child=3 2 -2 4 8 7 -7 -5 -1 11 -11 -3
right_child=1 9 -4 5 -6 6 -8 -9 -10 10 -12 -13
leaf_value=-0.031815042345092456 0.052732928207494631 -0.0006024336159482286 -0.16818756514250105 -0.010511595397293898 0.062271823945054684 -0.083316899513674172 0.0090847800919887662 0.091917234212114465 0.017039284165394505 0.026164349914786694 -0.0040486971959865191 -0.053030441947185897
leaf_weight=2.3129370361566561 0.98138617631047853 165.84937350614928 0.93097139429301023 1.0834847632795561 2.3884337302297354 2.5268786055967194 6.6563789313659072 0.89310751063749183 5.0425370910670608 14.978715787874533 51.816075266571715 1.4603528666775663
leaf_count=10 22 2883 18 23 24 88 163 24 82 322 1111 30
internal_value=-7.14308e-05 -0.000423962 -0.0548153 0.00390887 0.01653 -0.00711095 -0.0163406 0.0357701 0.00167699 2.03515e-05 0.00272657 -0.00106005
internal_weight=256.921 236.017 1.91236 20.9038 9.74391 11.1598 9.18326 1.97659 7.35547 234.105 66.7948 167.31
internal_count=4800 4386 40 414 116 298 251 47 92 4346 1433 2913
is_linear=0
shrinkage=0.08


Tree=123
num_leaves=6
num_cat=0
split_feature=4 4 4 4 4
split_gain=0.064578 0.122061 0.159844 0.251197 0.000894385
threshold=85.500000000000014 78.500000000000014 76.500000000000014 74.500000000000014 83.500000000000014
decision_type=2 2 2 2 2
left_child=1 2 3 -1 -3
right_child=-2 4 -4 -5 -6
leaf_value=-3.4277399099354052e-06 0.015311743200254069 -0.021940756629407025 0.023919514221854482 -0.033825597947679656 -0.018462523202089492
leaf_weight=250.01245866896352 1.7345852241851378 1.0324213583953668 1.7718293848447491 1.4133193427696813 0.87339678732678283
leaf_count=4652 36 39 32 30 11
internal_value=-7.20288e-05 -0.000176631 -2.48109e-05 -0.00019355 -0.0203468
internal_weight=256.838 255.103 253.198 251.426 1.90582
internal_count=4800 4764 4714 4682 50
is_linear=0
shrinkage=0.08


Tree=124
num_leaves=15
num_cat=0
split_feature=0 4 4 4 4 4 4 4 0 1 0 0 4 1
split_gain=0.0624477 0.395954 1.45044 1.42636 1.10609 1.03986 0.107585 1.09052 1.90212 0.953336 1.89784 0.859161 0.223422 3.38204e-05
threshold=6.5000000000000009 20.500000000000004 14.500000000000002 22.500000000000004 26.500000000000004 8.5000000000000018 19.500000000000004 21.500000000000004 5.5000000000000009 1.5000000000000002 3.5000000000000004 3.5000000000000004 25.500000000000004 1.5000000000000002
decision_type=2 2 2 2 2 2 2 2 2 2 2 2 2 2
left_child=6 2 5 -3 -5 -2 9 8 -8 11 -11 -1 -9 -4
right_child=1 3 13 4 -6 -7 7 12 -10 10 -12 -13 -14 -15
leaf_value=0.011416730844710033 -0.029425423115566146 0.062974182447264118 -0.082059060902834796 -0.081541204845233625 -0.0013584026888550412 0.076071332978748643 -0.064235043290156682 0.0093445657640015018 0.038155936643179449 -0.0097240943921248629 0.056949975222988537 -0.0158467253544066 -0.0002740617107921642 -0.082766930168460748
leaf_weight=13.672003295738252 1.4900067662820249 2.1144172102212933 0.82480884576216318 1.1726801369804913 18.025128015491646 0.99880756111815561 4.0606420859694472 17.022832771763206 1.6261898688971994 5.3566543823108059 5.576934564858675 16.119604026898742 167.8443726147525 0.9069631090387702
leaf_count=227 76 28 43 78 740 37 89 268 20 148 105 171 2739 31
internal_value=-6.66543e-05 -0.00382122 -0.026208 0.000612163 -0.00625629 0.0129124 0.000347843 -0.000449822 -0.0349556 0.00408014 0.0242846 -0.00333494 0.000611635 -0.0824298
internal_weight=256.812 25.5328 4.22059 21.3122 19.1978 2.48881 231.279 190.554 5.68683 40.7252 10.9336 29.7916 184.867 1.73177
internal_count=4800 1033 187 846 818 113 3767 3116 109 651 253 398 3007 74
is_linear=0
shrinkage=0.08


Tree=125
num_leaves=14
num_cat=0
split_feature=4 3 0 3 1 4 2 4 0 4 4 4 4
split_gain=0.0639243 0.619389 0.782984 0.539118 0.910433 0.455881 4.71701 0.435398 0.378012 1.00771 0.481024 0.331978 0.186924
threshold=39.500000000000007 1.0000000180025095e-35 4.5000000000000009 1.0000000180025095e-35 1.5000000000000002 42.500000000000007 1.5000000000000002 44.500000000000007 1.0000000180025095e-35 34.500000000000007 5.5000000000000009 50.500000000000007 24.500000000000004
decision_type=2 2 2 2 2 2 2 2 2 2 2 2 2
left_child=1 8 12 5 11 6 -2 -7 10 -10 -1 -5 -3
right_child=3 2 -4 4 -6 7 -8 -9 9 -11 -12 -13 -14
leaf_value=-0.024528522261698531 0.02611470694625834 -0.089409353074023326 0.012459749312245869 -0.019387779154829178 0.080847556882232025 -0.018259299627002176 -0.094666390413431376 -0.0002823337298513926 0.00055170781994827607 -0.022153840446891157 0.010385049790806644 0.031100737568032107 -0.040877324367955908
leaf_weight=2.7724234675988582 17.002276706974957 1.0691081723198292 1.3359298757277427 1.747849797829985 1.4365022941492496 9.534662025049327 2.356203348375856 90.130049247352872 83.859961208770983 14.703114847652612 28.363646333105862 1.5932921215426175 0.96759895607829083
leaf_count=34 250 33 29 18 30 184 49 1614 1812 415 274 24 34
internal_value=-7.08097e-05 -0.00128807 -0.0351345 0.00123761 0.0275875 0.000179908 0.0114139 -0.00200214 -0.000407943 -0.00283538 0.00727627 0.00468871 -0.0663528
internal_weight=256.873 133.072 3.37264 123.801 4.77764 119.023 19.3585 99.6647 129.699 98.5631 31.1361 3.34114 2.03671
internal_count=4800 2631 96 2169 72 2097 299 1798 2535 2227 308 42 67
is_linear=0
shrinkage=0.08


Tree=126
num_leaves=11
num_cat=0
split_feature=4 4 4 4 4 4 0 1 4 0
split_gain=0.0739258 0.390335 0.777509 0.420935 0.398315 0.31913 0.458964 0.954351 0.192647 0.00674727
threshold=2.5000000000000004 8.5000000000000018 6.5000000000000009 4.5000000000000009 9.5000000000000018 1.5000000000000002 1.5000000000000002 1.5000000000000002 10.500000000000002 1.5000000000000002
decision_type=2 2 2 2 2 2 2 2 2 2
left_child=5 2 3 -2 -3 6 -1 -8 -6 -4
right_child=1 4 9 -5 8 -7 7 -9 -10 -11
leaf_value=0.025419475886523456 -0.038048111736846066 0.033221971459986142 -0.09509714278950393 0.018489947551359916 -0.026630878771866349 0.040429087566171126 0.0033599828967479616 -0.082346678879987908 -3.48685813376384e-05 -0.081572043206301958
leaf_weight=2.9957998255267704 1.490926463622599 2.2999654412269583 0.40803666505962599 1.9386267028748989 1.7558688218705345 1.5210263635963208 4.1173140862956643 1.0419069717172531 238.67029395955615 0.56009644595906138
leaf_count=34 52 27 13 40 37 24 56 49 4431 37
internal_value=-7.15121e-05 -0.000340098 -0.023961 -0.00608879 8.78643e-05 0.00678809 0.000513572 -0.0139485 -0.000229103 -0.0872724
internal_weight=256.8 247.124 4.39769 3.42955 242.726 9.67605 8.15502 5.15922 240.426 0.968133
internal_count=4800 4637 142 92 4495 163 139 105 4468 50
is_linear=0
shrinkage=0.08


Tree=127
num_leaves=11
num_cat=0
split_feature=4 4 4 0 4 0 4 1 4 0
split_gain=0.0619399 0.339994 0.730782 0.3992 0.330775 0.323909 0.510141 1.57331 0.165591 0.00541742
threshold=2.5000000000000004 8.5000000000000018 6.5000000000000009 4.5000000000000009 9.5000000000000018 1.0000000180025095e-35 1.5000000000000002 1.5000000000000002 10.500000000000002 1.5000000000000002
decision_type=2 2 2 2 2 2 2 2 2 2
left_child=5 2 3 -2 -3 -1 7 -7 -6 -4
right_child=1 4 9 -5 8 6 -8 -9 -10 -11
leaf_value=-0.018299447619368307 -0.038059327819596867 0.030008032384529197 -0.094019839482707424 0.017502983699393775 -0.024862704622708117 0.024671045458468831 0.060301687092333175 -0.082315168917645828 -3.2079710982305001e-05 -0.081449649610994601
leaf_weight=2.5430927686393243 1.4195433016866439 2.3407913446426383 0.38080590171739448 1.984562578028999 1.7313355843070883 4.7496554767712951 1.2985906284302471 1.0796824432909486 238.6659683464095 0.51777960336767137
leaf_count=29 49 27 13 43 37 65 17 52 4431 37
internal_value=-6.87624e-05 -0.000314632 -0.0226062 -0.00566701 8.05004e-05 0.00621183 0.0149569 0.00485556 -0.000210909 -0.0867767
internal_weight=256.712 247.041 4.30269 3.40411 242.738 9.67102 7.12793 5.82934 240.397 0.898586
internal_count=4800 4637 142 92 4495 163 134 117 4468 50
is_linear=0
shrinkage=0.08


Tree=128
num_leaves=10
num_cat=0
split_feature=0 4 4 4 4 4 4 1 4
split_gain=0.056265 0.377753 0.860073 0.746132 0.104033 0.215024 0.478601 0.365774 0.000139918
threshold=6.5000000000000009 1.0000000180025095e-35 8.5000000000000018 14.500000000000002 84.500000000000014 75.500000000000014 72.500000000000014 1.0000000180025095e-35 2.5000000000000004
decision_type=2 2 2 2 2 2 2 2 2
left_child=4 -2 8 -4 5 6 -1 -7 -3
right_child=1 2 3 -5 -6 7 -8 -9 -10
leaf_value=0.00048864755055902636 0.062068605098233469 -0.08407744199862828 0.062522270143514941 -0.005307454300117944 -0.021284152044483595 0.041820286337976069 -0.042694789096636092 -0.015529011604353582 -0.081983729000056252
leaf_weight=225.02588959783316 0.54792553372681396 0.32224225858226674 1.0871184230782116 22.924489989934955 1.4169200065080065 1.9967204052954906 1.6546314083971072 1.1060275477357207 0.55802023014985025
leaf_count=3628 23 11 37 920 28 19 39 53 42
internal_value=-6.64367e-05 -0.00363739 -0.00508373 -0.00223648 0.000326488 0.000459747 0.000173434 0.0213771 -0.0827502
internal_weight=256.64 25.4398 24.8919 24.0116 231.2 229.783 226.681 3.10275 0.880262
internal_count=4800 1033 1010 957 3767 3739 3667 72 53
is_linear=0
shrinkage=0.08


Tree=129
num_leaves=6
num_cat=0
split_feature=4 4 4 4 4
split_gain=0.0657816 0.119148 0.116887 0.201867 0.000955835
threshold=85.500000000000014 78.500000000000014 76.500000000000014 74.500000000000014 83.500000000000014
decision_type=2 2 2 2 2
left_child=1 2 3 -1 -3
right_child=-2 4 -4 -5 -6
leaf_value=1.6620562464857387e-06 0.015457655905778455 -0.021833591963130755 0.020288728844920986 -0.030952465707851533 -0.018223586584382456
leaf_weight=249.78471519285813 1.73572323238477 1.0235667908564199 1.800883987918495 1.3556847730651487 0.86701372102834273
leaf_count=4652 36 39 32 30 11
internal_value=-6.36363e-05 -0.000169356 -1.98029e-05 -0.000165432 -0.0201781
internal_weight=256.568 254.832 252.941 251.14 1.89058
internal_count=4800 4764 4714 4682 50
is_linear=0
shrinkage=0.08


Tree=130
num_leaves=15
num_cat=0
split_feature=4 3 0 4 0 0 4 4 0 1 0 4 4 4
split_gain=0.0576721 0.550611 0.718815 0.454649 2.23533 3.24573 0.933044 0.604759 0.665736 0.571146 0.330472 0.860374 0.416072 0.191054
threshold=39.500000000000007 1.0000000180025095e-35 4.5000000000000009 43.500000000000007 1.5000000000000002 2.5000000000000004 40.500000000000007 44.500000000000007 2.5000000000000004 1.5000000000000002 1.0000000180025095e-35 34.500000000000007 5.5000000000000009 24.500000000000004
decision_type=2 2 2 2 2 2 2 2 2 2 2 2 2 2
left_child=1 10 13 4 6 -6 -2 8 -5 -9 12 -12 -1 -3
right_child=3 2 -4 7 5 -7 -8 9 -10 -11 11 -13 -14 -15
leaf_value=-0.022947837756391403 0.013870144816585075 -0.088822596108690338 0.011636803113131906 0.015445424698928029 0.10911905962996002 0.011199381662384147 -0.055247107542150085 0.0038241773563209808 -0.049772212010011002 -0.01040938677824043 0.00044494840780965857 -0.02064298865949318 0.0096623883596931304 -0.038687231349547963
leaf_weight=2.7462674132548299 1.8355439994484211 1.0053825965151184 1.3354498101398347 1.4566763248294581 2.4762931391596821 17.315630447817966 3.9184376951307058 69.185687678749673 3.2074334174394608 24.407850965857506 83.792094737524167 14.529267563018946 28.389201506506652 0.94248888641595829
leaf_count=34 25 33 29 35 50 259 62 1005 66 667 1812 415 274 34
internal_value=-5.88703e-05 -0.00121727 -0.0335705 0.00118314 0.010691 0.0234507 -0.0331984 -0.0012888 -0.0294037 0.000112268 -0.000396717 -0.00267128 0.00678604 -0.0645643
internal_weight=256.544 132.74 3.28332 123.804 25.5459 19.7919 5.75398 98.2576 4.66411 93.5935 129.457 98.3214 31.1355 1.94787
internal_count=4800 2631 96 2169 396 309 87 1773 101 1672 2535 2227 308 67
is_linear=0
shrinkage=0.08


Tree=131
num_leaves=12
num_cat=0
split_feature=4 0 4 4 0 4 0 1 0 4 0
split_gain=0.0601311 0.279135 0.278034 0.693428 0.363299 0.258652 0.211623 0.603502 0.158513 0.146286 0.00441028
threshold=2.5000000000000004 5.5000000000000009 8.5000000000000018 6.5000000000000009 4.5000000000000009 9.5000000000000018 1.5000000000000002 1.0000000180025095e-35 6.5000000000000009 10.500000000000002 1.5000000000000002
decision_type=2 2 2 2 2 2 2 2 2 2 2
left_child=1 6 3 4 -2 -4 -1 -8 -3 -7 -5
right_child=2 8 5 10 -6 9 7 -9 -10 -11 -12
leaf_value=0.014146447539054681 -0.036117793433711763 0.052151166389464744 0.026215738242952293 -0.093126756667643043 0.017422854424430183 -0.023487416152484109 -0.045464123472480591 0.014889128664320281 0.0069849991799781214 -4.578661320676624e-05 -0.081327021277640507
leaf_weight=3.3605978861451131 1.3773183673620217 1.1453835684806111 2.3935412690043441 0.35749529441818584 1.9730241267243398 1.716009557712822 1.9524065703153608 2.3208371363580227 0.87889661942608643 238.50019197992515 0.46824903204105794
leaf_count=44 49 15 27 13 43 37 19 51 34 4431 37
internal_value=-6.2456e-05 0.00612992 -0.000304799 -0.0207715 -0.00458759 4.74989e-05 -0.000873569 -0.0126857 0.032541 -0.000213244 -0.0864356
internal_weight=256.444 9.65812 246.786 4.17609 3.35034 242.61 7.63384 4.27324 2.02428 240.216 0.825744
internal_count=4800 163 4637 142 92 4495 114 70 49 4468 50
is_linear=0
shrinkage=0.08


Tree=132
num_leaves=15
num_cat=0
split_feature=2 0 4 4 4 4 4 4 4 4 0 4 4 4
split_gain=0.055987 0.376736 1.34694 0.713235 1.80153 0.507356 0.169616 0.92497 0.687914 1.25272 0.566597 0.502807 0.358357 1.82084e-05
threshold=1.0000000180025095e-35 7.5000000000000009 64.500000000000014 64.500000000000014 77.500000000000014 46.500000000000007 29.500000000000004 31.500000000000004 25.500000000000004 26.500000000000004 3.5000000000000004 24.500000000000004 32.500000000000007 41.500000000000007
decision_type=2 2 2 2 2 2 2 2 2 2 2 2 2 2
left_child=1 3 13 5 -5 -1 8 10 11 -10 -8 -2 -9 -3
right_child=6 2 -4 4 -6 -7 7 12 9 -11 -12 -13 -14 -15
leaf_value=-0.0036180509865197841 -0.00079642357751161068 -0.081420523524083688 0.073930333218769489 -0.095293560019904508 0.032932727988883914 0.014929597466328839 0.053635189860196192 -0.022176429568534162 -0.063142259394087394 -0.0058405352654723663 0.010122687931154282 0.027721957951920412 0.0013666825504532834 -0.08203069679796135
leaf_weight=36.915255554020405 50.625994879868813 0.54259251477196702 0.49200914346147318 1.6253258135984645 1.2333754282444713 12.681167632574214 3.3761911429464808 4.2846285742707542 3.1124468313064417 11.330793065484611 4.4260946493595839 4.2921423530206075 120.73704280005768 0.73971081944182515
leaf_count=712 915 65 14 68 27 218 62 81 78 217 82 74 2143 44
internal_value=-5.906e-05 -0.00234161 -0.0385968 -0.00111526 -0.0399708 0.00112434 0.000553156 0.0022276 -0.00265332 -0.0181888 0.0289513 0.00143244 0.000559835 -0.0817725
internal_weight=256.415 54.2294 1.77431 52.4551 2.8587 49.5964 202.185 132.824 69.3614 14.4432 7.80229 54.9181 125.022 1.2823
internal_count=4800 1148 123 1025 95 930 3652 2368 1284 295 144 989 2224 109
is_linear=0
shrinkage=0.08


Tree=133
num_leaves=12
num_cat=0
split_feature=4 4 1 4 0 0 4 0 0 4 4
split_gain=0.0548776 0.791853 0.40305 0.950149 0.673091 2.17688 0.677095 0.658674 0.123472 1.36076 0.618477
threshold=11.500000000000002 12.500000000000002 1.0000000180025095e-35 9.5000000000000018 1.0000000180025095e-35 3.5000000000000004 3.5000000000000004 2.5000000000000004 5.5000000000000009 27.500000000000004 57.500000000000007
decision_type=2 2 2 2 2 2 2 2 2 2 2
left_child=2 -2 3 7 6 -6 -4 -1 10 -10 -3
right_child=1 8 4 -5 5 -7 -8 -9 9 -11 -12
leaf_value=0.02827621415587259 -0.051490802286808447 -0.0033312646766009346 -0.0080216632455228608 0.059378634172020599 -0.083254466050431436 0.007055030122178613 0.086116096809904119 -0.020007785875569808 0.024060404133430295 -0.0032602345659057479 0.0096951960324149766
leaf_weight=3.2511106193996984 1.9261751021258522 139.10829392680898 1.0501289125531901 2.4046286069788039 2.2888112608343345 6.7344371376093477 0.91511473478749383 4.0741142412880436 15.083072635345159 51.524912854016293 28.026155853178352
leaf_count=29 40 2440 23 24 88 163 24 63 322 1111 473
internal_value=-6.00942e-05 -0.000407124 0.00388732 0.0157452 -0.00661235 -0.0158526 0.0358135 0.00142181 1.3836e-05 0.0029264 -0.00114691
internal_weight=256.387 235.669 20.7183 9.72985 10.9885 9.02325 1.96524 7.32522 233.742 66.608 167.134
internal_count=4800 4386 414 116 298 251 47 92 4346 1433 2913
is_linear=0
shrinkage=0.08


Tree=134
num_leaves=9
num_cat=0
split_feature=4 0 4 1 4 1 4 4
split_gain=0.059198 0.290306 0.430163 1.42491 0.265133 0.857051 0.102008 0.128847
threshold=2.5000000000000004 1.0000000180025095e-35 1.5000000000000002 1.5000000000000002 4.5000000000000009 1.5000000000000002 6.5000000000000009 15.500000000000002
decision_type=2 2 2 2 2 2 2 2
left_child=1 -1 3 -3 5 -2 -6 -8
right_child=4 2 -4 -5 6 -7 7 -9
leaf_value=-0.017330050744721482 -0.095680293153278223 0.022939324658698662 0.05527399435083117 -0.082135950487007114 0.018237192555288415 0.029164644546112624 -0.0067567801192267461 0.00027372385983811176
leaf_weight=2.5077746547758561 0.72295747231691965 4.8109271209686995 1.3340918431058524 0.99717408907599736 1.9259344325400878 0.68571061361581087 18.017614070093259 225.26828545558965
leaf_count=29 33 65 17 52 40 19 343 4202
internal_value=-6.00697e-05 0.00608668 0.0143088 0.00489929 -0.000300585 -0.0349083 -0.000101774 -0.000246951
internal_weight=256.27 9.64997 7.14219 5.8081 246.621 1.40867 245.212 243.286
internal_count=4800 163 134 117 4637 52 4585 4545
is_linear=0
shrinkage=0.08


Tree=135
num_leaves=11
num_cat=0
split_feature=4 0 0 0 0 4 0 4 1 4
split_gain=0.0537558 0.498129 0.63808 0.582 0.321385 0.140196 1.00879 0.261019 1.28041 0.426683
threshold=1.0000000180025095e-35 4.5000000000000009 1.0000000180025095e-35 5.5000000000000009 3.5000000000000004 3.5000000000000004 4.5000000000000009 5.5000000000000009 1.5000000000000002 8.5000000000000018
decision_type=2 2 2 2 2 2 2 2 2 2
left_child=1 2 -1 -3 -4 6 -2 8 -7 -9
right_child=5 3 4 -5 -6 7 -8 9 -10 -11
leaf_value=-0.0074826098702882671 -0.083421730716875142 -0.054541451319622278 0.02853345898169923 0.018156922057677868 0.089711993039314444 -0.048649325784761846 0.015940391471351473 -0.037371951859350196 0.098929627093888209 4.5541486866578625e-05
leaf_weight=2.2136113941669455 0.98836645158007685 1.4689842090010645 1.3919830266386273 1.3547578481957314 0.90804214030504216 0.68027042178437003 1.9326848151395095 1.9662718022009347 0.8419023584574461 242.48540995788062
leaf_count=21 34 12 33 35 18 30 38 69 15 4495
internal_value=-5.77402e-05 0.00669101 0.0231779 -0.0196627 0.0526865 -0.000256692 -0.0176798 -4.97853e-05 0.0329755 -0.00025543
internal_weight=256.232 7.33738 4.51364 2.82374 2.30003 248.895 2.92105 245.974 1.52217 244.452
internal_count=4800 119 72 47 51 4681 72 4609 45 4564
is_linear=0
shrinkage=0.08


Tree=136
num_leaves=15
num_cat=0
split_feature=0 4 4 4 4 1 4 4 0 1 0 0 1 1
split_gain=0.0516796 0.407695 1.29463 1.05937 1.05982 0.719534 0.114344 0.955806 1.592 0.934304 1.38097 0.84862 0.191504 2.74648e-05
threshold=6.5000000000000009 20.500000000000004 14.500000000000002 22.500000000000004 26.500000000000004 1.0000000180025095e-35 19.500000000000004 21.500000000000004 5.5000000000000009 1.5000000000000002 3.5000000000000004 3.5000000000000004 1.5000000000000002 1.5000000000000002
decision_type=2 2 2 2 2 2 2 2 2 2 2 2 2 2
left_child=6 2 5 -3 -5 -2 9 8 -8 11 -11 -1 -9 -4
right_child=1 3 13 4 -6 -7 7 12 -10 10 -12 -13 -14 -15
leaf_value=0.011559845766036058 -0.082220426999550206 0.05286494166774091 -0.081933462788285047 -0.081457441807289629 -0.00044883065985309756 0.02858940575293592 -0.061277283959290448 0.0018965414415297952 0.032569693891305609 -0.00612511025975878 0.05100400057961739 -0.015605235114019591 -0.0041971772976716329 -0.082592809026732245
leaf_weight=13.566271533723922 0.45564817311242523 2.254723027348521 0.7726874758955089 1.0972179935779447 17.823841558245476 2.1198868511710316 3.8783075003884724 141.83920505852439 1.6486386284232137 5.0955987903289479 5.7794447308406234 16.087674306239933 43.015819386346266 0.84811763092875481
leaf_count=227 33 28 43 78 740 80 89 1784 20 148 105 171 1223 31
internal_value=-5.6801e-05 -0.00348395 -0.0262645 0.00103039 -0.00514646 0.0089856 0.000319769 -0.00050161 -0.0332836 0.00417814 0.0242356 -0.00317758 0.000478531 -0.0822785
internal_weight=256.283 25.3721 4.19634 21.1758 18.9211 2.57554 230.911 190.382 5.52695 40.529 10.875 29.6539 184.855 1.62081
internal_count=4800 1033 187 846 818 113 3767 3116 109 651 253 398 3007 74
is_linear=0
shrinkage=0.08


Tree=137
num_leaves=15
num_cat=0
split_feature=2 1 4 4 1 0 0 4 4 0 4 0 4 4
split_gain=0.0518429 0.379719 0.735898 1.73577 0.550797 4.06686 1.07575 0.16061 1.91766 2.38875 1.79821 1.14934 1.96939 0.883009
threshold=1.0000000180025095e-35 1.5000000000000002 65.500000000000014 53.500000000000007 1.0000000180025095e-35 4.5000000000000009 4.5000000000000009 45.500000000000007 44.500000000000007 3.5000000000000004 43.500000000000007 1.5000000000000002 52.500000000000007 47.500000000000007
decision_type=2 2 2 2 2 2 2 2 2 2 2 2 2 2
left_child=1 4 3 -3 6 -6 -1 8 10 -10 -2 12 -9 -13
right_child=7 2 -4 -5 5 -7 -8 11 9 -11 -12 13 -14 -15
leaf_value=-0.019714622076810601 0.0019052927608034732 -0.024437196712358628 -0.086437846729925424 0.053338141494447128 0.060540109248148621 -0.036665519946105112 0.01037158815244414 -0.027836097984386382 0.0006368097808512192 0.10900529400883244 -0.05260492686957189 -0.042378335840473333 0.031978380273536826 -0.0053753399452193731
leaf_weight=14.696995654841885 124.11247751256451 9.4016470122151024 0.84773723199032325 2.2823043391108522 6.101491686422376 5.0216691764071584 15.764416752790567 4.9028012230992344 2.8871848043054333 2.3707533041015267 3.9979059747420242 4.5265507455915204 12.516736423596738 46.800252927001566
leaf_count=192 2295 368 37 48 184 170 149 88 51 39 86 87 182 824
internal_value=-6.03127e-05 -0.00225946 -0.0144667 -0.00924482 0.00141926 0.0166556 -0.00414438 0.000528509 0.00214762 0.0494991 0.000204207 -0.00261257 0.0151433 -0.00863866
internal_weight=256.231 54.1163 12.5317 11.684 41.5846 11.1232 30.4614 202.115 133.368 5.25794 128.11 68.7463 17.4195 51.3268
internal_count=4800 1148 453 416 695 354 341 3652 2471 90 2381 1181 270 911
is_linear=0
shrinkage=0.08


Tree=138
num_leaves=15
num_cat=0
split_feature=4 0 2 4 4 2 0 0 4 4 4 4 0 4
split_gain=0.070731 0.892251 1.99414 2.65668 1.53381 1.34654 1.13907 0.397924 1.11267 1.21896 1.08414 0.911111 1.93025 0.901341
threshold=53.500000000000007 1.5000000000000002 1.5000000000000002 60.500000000000007 55.500000000000007 1.5000000000000002 2.5000000000000004 1.5000000000000002 38.500000000000007 41.500000000000007 37.500000000000007 38.500000000000007 2.5000000000000004 34.500000000000007
decision_type=2 2 2 2 2 2 2 2 2 2 2 2 2 2
left_child=7 4 6 -4 -2 -6 -3 8 10 -10 -1 13 -13 -9
right_child=1 2 3 -5 5 -7 -8 11 9 -11 -12 12 -14 -15
leaf_value=-0.00036164817277072286 0.086345101473882441 -0.043674960059149795 -0.11678416465997775 0.004591569422019306 -0.0076687230514898954 0.060789806301737227 0.0029493937041218279 0.00092224315032949993 -0.055204349778792433 -0.00897577708074806 0.059182362723888902 0.051933395661857194 0.0054811118598610577 -0.023135958916875591
leaf_weight=37.143250880297273 1.6787284612655629 3.7743984865956 2.3938982943072906 2.2285445500165224 10.069902662653474 2.2496501933783284 30.076476418180391 78.066444072755985 4.8896303344517973 14.404326260089872 2.065843963995575 6.4782368158921591 49.241034098202363 11.425114647136068
leaf_count=567 31 95 43 74 145 32 542 1634 69 232 28 166 825 317
internal_value=-6.78656e-05 -0.00268705 -0.00897963 -0.0582672 0.0146077 0.00483236 -0.00224926 0.00060677 -0.00496368 -0.0206914 0.0027756 0.00285101 0.0108819 -0.00214919
internal_weight=256.185 52.4716 38.4733 4.62244 13.9983 12.3196 33.8509 203.714 58.5031 19.294 39.2091 145.211 55.7193 89.4916
internal_count=4800 962 754 117 208 177 637 3838 896 301 595 2942 991 1951
is_linear=0
shrinkage=0.08


Tree=139
num_leaves=15
num_cat=0
split_feature=4 0 2 4 4 0 0 0 4 4 4 4 0 4
split_gain=0.0607719 0.752462 1.75038 2.44965 1.19511 1.20602 1.00373 0.337006 0.952649 1.07223 0.900454 0.763426 1.52683 0.787812
threshold=53.500000000000007 1.5000000000000002 1.5000000000000002 60.500000000000007 55.500000000000007 1.0000000180025095e-35 2.5000000000000004 1.5000000000000002 38.500000000000007 41.500000000000007 37.500000000000007 38.500000000000007 2.5000000000000004 36.500000000000007
decision_type=2 2 2 2 2 2 2 2 2 2 2 2 2 2
left_child=7 4 6 -4 -2 -6 -3 8 10 -10 -1 13 -13 -9
right_child=1 2 3 -5 5 -7 -8 11 9 -11 -12 12 -14 -15
leaf_value=-0.00033276776865064349 0.074418970996405473 -0.041797223823763899 -0.11383959901936265 0.0042105257943748477 -0.014356288129839551 0.037711304985345077 0.0027088958916476158 8.1275486040634454e-05 -0.052067987204762939 -0.0082969818184616771 0.053505026207673459 0.045489592298215038 0.0050291150610589424 -0.029332114840790152
leaf_weight=37.137703943066299 1.7869650106877077 3.6343314405530682 2.2646665023639789 2.2355025594588369 7.8946293503977341 4.4529592739418149 30.124845191778149 83.126260389806703 4.7743201768025783 14.338983710855244 2.1006949925795189 6.7900938596576443 49.367773296311498 6.2672958502080283
leaf_count=567 31 95 43 74 95 82 542 1789 69 232 28 166 825 162
internal_value=-7.24342e-05 -0.00250263 -0.00832989 -0.0551971 0.0132706 0.00442105 -0.00208239 0.000552016 -0.00458461 -0.0192306 0.00254953 0.0026113 0.00992122 -0.00198087
internal_weight=256.297 52.3939 38.2593 4.50017 14.1346 12.3476 33.7592 203.903 58.3517 19.1133 39.2384 145.551 56.1579 89.3936
internal_count=4800 962 754 117 208 177 637 3838 896 301 595 2942 991 1951
is_linear=0
shrinkage=0.08


Tree=140
num_leaves=16
num_cat=0
split_feature=4 1 2 2 4 4 0 4 4 1 0 0 4 4 0
split_gain=0.0525824 0.460727 1.56504 1.35174 3.48757 1.1087 1.09656 0.574042 0.406232 2.09287 1.08021 0.341339 0.793512 0.314961 0.151346
threshold=43.500000000000007 1.5000000000000002 1.5000000000000002 1.5000000000000002 48.500000000000007 44.500000000000007 7.5000000000000009 59.500000000000007 41.500000000000007 1.5000000000000002 4.5000000000000009 6.5000000000000009 36.500000000000007 42.500000000000007 1.5000000000000002
decision_type=2 2 2 2 2 2 2 2 2 2 2 2 2 2 2
left_child=8 3 6 5 -5 -2 -3 -4 11 13 -11 14 -13 -10 -1
right_child=1 2 7 4 -6 -7 -8 -9 9 10 -12 12 -14 -15 -16
leaf_value=-0.0031176617046960835 -0.054201257576147521 -0.010120487634769956 -0.083289195354472434 0.11693825562595986 0.0040624567724296861 -0.00050306589144920354 0.040992304433509943 -0.014467922766760372 0.0034365233136393926 0.0096062779076770619 0.09108384711668846 -0.0071389338987055545 -0.081619060382437922 -0.027502908587585365 0.002618806283645682
leaf_weight=43.929766751360148 2.5661945734173051 18.986471098614864 2.338942220434546 2.2373894099146119 8.0729915339034033 59.91587818483822 3.1290045436471692 1.1605508462525902 5.8335141427814943 1.7005489412695158 2.6866140048950911 10.400812854175454 1.0038480145158235 3.2953105280175805 89.208884505555034
leaf_count=664 48 510 79 26 118 869 70 53 66 38 40 516 94 49 1560
internal_value=-7.5442e-05 -0.00152719 -0.0107549 0.00171996 0.0285569 -0.0027085 -0.0028888 -0.0604657 0.000828412 0.0140914 0.0595016 -0.000411788 -0.0136947 -0.00773195 0.00072603
internal_weight=256.467 98.4074 25.615 72.7925 10.3104 62.4821 22.1155 3.49949 158.059 13.516 4.38716 144.543 11.4047 9.12882 133.139
internal_count=4800 1773 712 1061 144 917 580 132 3027 193 78 2834 610 115 2224
is_linear=0
shrinkage=0.08


Tree=141
num_leaves=6
num_cat=0
split_feature=4 4 4 4 4
split_gain=0.0493841 0.114691 0.097617 0.187889 5.92952e-05
threshold=85.500000000000014 78.500000000000014 76.500000000000014 74.500000000000014 83.500000000000014
decision_type=2 2 2 2 2
left_child=1 2 3 -1 -3
right_child=-2 4 -4 -5 -6
leaf_value=5.2928129025044197e-07 0.013290463191749658 -0.020336676809291715 0.018432235460841391 -0.030138739484529491 -0.019433022436714357
leaf_weight=249.56209839315852 1.7560669654048968 1.0020976220257569 1.8205931433476497 1.3308421475812782 0.86661898461170483
leaf_count=4652 36 39 32 30 11
internal_value=-7.91986e-05 -0.00017142 -2.54051e-05 -0.000159342 -0.0199176
internal_weight=256.338 254.582 252.714 250.893 1.86872
internal_count=4800 4764 4714 4682 50
is_linear=0
shrinkage=0.08


Tree=142
num_leaves=9
num_cat=0
split_feature=4 4 1 0 4 0 4 4
split_gain=0.0449116 0.261231 0.702465 0.216041 0.374287 0.741171 0.0805097 0.117557
threshold=2.5000000000000004 4.5000000000000009 1.5000000000000002 1.0000000180025095e-35 1.5000000000000002 4.5000000000000009 6.5000000000000009 15.500000000000002
decision_type=2 2 2 2 2 2 2 2
left_child=3 2 -2 -1 5 -5 -3 -8
right_child=1 6 -4 4 -6 -7 7 -9
leaf_value=-0.01518973754844883 -0.094758558696603379 0.016008671812013011 0.018639418051173553 0.035062314475954572 0.049961157490975724 -0.021976739679616619 -0.0064313807754028049 0.0002806930767979031
leaf_weight=2.4685399774461967 0.66012761660385766 1.972992080496623 0.74327113758772612 2.6324803838506341 1.3646828299388287 3.2678946717642248 18.037686744704843 225.16596516349819
leaf_count=29 33 40 19 59 17 58 343 4202
internal_value=-7.31544e-05 -0.000283552 -0.0347005 0.00525683 0.0122042 0.00347151 -8.65487e-05 -0.000217121
internal_weight=256.314 246.58 1.4034 9.7336 7.26506 5.90038 245.177 243.204
internal_count=4800 4637 52 163 134 117 4585 4545
is_linear=0
shrinkage=0.08


Tree=143
num_leaves=16
num_cat=0
split_feature=4 1 2 2 4 4 4 4 4 2 0 0 3 1 0
split_gain=0.0460053 0.393567 1.42675 1.13309 2.80209 1.01469 0.970425 0.566293 0.338544 2.13398 1.67735 1.29948 0.485721 0.675288 0.296937
threshold=43.500000000000007 1.5000000000000002 1.5000000000000002 1.5000000000000002 48.500000000000007 77.500000000000014 44.500000000000007 59.500000000000007 39.500000000000007 1.5000000000000002 1.5000000000000002 2.5000000000000004 1.0000000180025095e-35 1.0000000180025095e-35 1.0000000180025095e-35
decision_type=2 2 2 2 2 2 2 2 2 2 2 2 2 2 2
left_child=8 3 5 6 -5 -3 -2 -4 12 10 -10 -11 14 -14 -1
right_child=1 2 7 4 -6 -7 -8 -9 9 11 -12 -13 13 -15 -16
leaf_value=0.0067090014388705276 -0.051425509389510571 0.00086402035662494535 -0.083032601130558478 0.10344788416462819 0.0037497065282686105 -0.086233890907200156 -0.00048050005165847922 -0.013467226013305323 -0.025065378540307073 0.0089488616670798018 0.028652329651468817 -0.095102345843004865 -0.0045410504331424451 -0.081792557625632339 -0.0022679805943527738
leaf_weight=31.061575461179018 2.4925548322498789 21.160710359690718 2.1661030547693367 2.3224734300747505 8.0851584468036872 0.89214294590055843 59.899135423009284 1.1446905962657181 4.6779827512800756 1.3038206063210958 18.170366656035185 1.8697735846508292 2.0526646771468218 1.1189767024479804 97.935492799500935
leaf_count=308 48 543 79 26 118 37 869 53 73 25 260 38 31 65 2227
internal_value=-6.89135e-05 -0.00142939 -0.0100113 0.00156058 0.0259975 -0.0026595 -0.00251576 -0.0589807 0.000775311 0.00911599 0.0176541 -0.0523546 -0.000866838 -0.0317959 -0.000106387
internal_weight=256.354 98.163 25.3636 72.7993 10.4076 22.0529 62.3917 3.31079 158.191 26.0219 22.8483 3.17359 132.169 3.17164 128.997
internal_count=4800 1773 712 1061 144 580 917 132 3027 396 333 63 2631 96 2535
is_linear=0
shrinkage=0.08


Tree=144
num_leaves=7
num_cat=0
split_feature=4 4 4 1 4 4
split_gain=0.0472915 0.0853963 0.103173 0.697583 0.400635 1.16426e-05
threshold=85.500000000000014 78.500000000000014 73.500000000000014 1.5000000000000002 68.500000000000014 83.500000000000014
decision_type=2 2 2 2 2 2
left_child=1 2 4 -4 -1 -3
right_child=-2 5 3 -5 -6 -7
leaf_value=9.6208487608456743e-05 0.013022211340100637 -0.017627711540158776 -0.012551660800735973 0.055091999602447317 -0.030243742664182553 -0.017221916108140545
leaf_weight=245.57230659853667 1.7531515585724253 0.96969942282885202 2.6440391859505317 1.5463529457338152 2.8174317337688981 0.84838437661528587
leaf_count=4534 36 39 47 31 102 11
internal_value=-7.20411e-05 -0.000162278 -3.79244e-05 0.0124104 -0.000247931 -0.0174384
internal_weight=256.151 254.398 252.58 4.19039 248.39 1.81808
internal_count=4800 4764 4714 78 4636 50
is_linear=0
shrinkage=0.08


Tree=145
num_leaves=13
num_cat=0
split_feature=4 4 1 4 0 0 0 0 4 1 4 0
split_gain=0.0484401 0.536117 1.80307 0.491914 3.21773 0.48077 0.79596 0.226477 1.35831 0.647181 0.168997 0.000378059
threshold=58.500000000000007 56.500000000000007 1.0000000180025095e-35 59.500000000000007 3.5000000000000004 1.0000000180025095e-35 1.5000000000000002 5.5000000000000009 40.500000000000007 1.0000000180025095e-35 65.500000000000014 1.5000000000000002
decision_type=2 2 2 2 2 2 2 2 2 2 2 2
left_child=1 7 -3 4 -2 10 -7 9 -9 -1 -5 -4
right_child=3 2 11 5 -6 6 -8 8 -10 -11 -12 -13
leaf_value=-0.0062783192049519826 0.13573747453909815 0.017964072683262208 -0.085038534011772374 -0.01296803132097696 -0.046467840198681082 0.038384314280637384 -0.0010458808878801523 -0.0060395171129990601 0.01816749450133889 0.0041334002077828818 -0.044782087978408172 -0.082763339561781668
leaf_weight=84.540938129182905 1.1433655526489013 2.4844747711904338 0.72665760666132007 3.4773981645703307 1.3559485583100466 3.7648282526060965 25.262117366539314 35.097257031593472 25.697231935570017 69.717815076000988 1.5426812837831674 1.3101684693247078
leaf_count=809 16 26 14 32 32 64 491 896 417 1910 41 52
internal_value=-6.72215e-05 -0.000516071 -0.0277788 0.00262952 0.0368859 0.000114832 0.00406826 5.71043e-05 0.00419255 -0.0015727 -0.0227446 -0.083575
internal_weight=256.121 219.575 4.5213 36.5463 2.49931 34.047 29.0269 215.053 60.7945 154.259 5.02008 2.03683
internal_count=4800 4124 92 676 48 628 555 4032 1313 2719 73 66
is_linear=0
shrinkage=0.08


Tree=146
num_leaves=13
num_cat=0
split_feature=0 2 4 4 4 4 4 4 4 4 0 4
split_gain=0.053594 0.354414 0.50417 1.1868 0.369037 2.01037 1.4232 0.112338 0.213427 0.209896 0.0705556 1.94386e-05
threshold=6.5000000000000009 1.5000000000000002 47.500000000000007 49.500000000000007 48.500000000000007 50.500000000000007 45.500000000000007 84.500000000000014 77.500000000000014 68.500000000000014 4.5000000000000009 22.500000000000004
decision_type=2 2 2 2 2 2 2 2 2 2 2 2
left_child=7 4 11 -4 6 -6 -2 8 9 -1 -10 -3
right_child=1 2 3 -5 5 -7 -8 -9 10 -11 -12 -13
leaf_value=0.00060966520611672331 -0.00034819443078881632 -0.081977461659183584 0.10144594673277432 -0.081900994259369211 0.14184110240377945 0.00046885042063064364 -0.083475070977065247 -0.022154652373608485 0.0099933778125838712 -0.01575459786159444 0.042504065619563124 -0.081169140378524074
leaf_weight=222.64586832653731 14.19914486596827 0.28088790748733916 0.42403138242661953 0.4836802682839334 0.70730199385434289 7.1665295223356225 1.4530381020158518 1.4152134226169426 0.75555870821699389 5.1320284868124864 0.98313892632722855 0.59106798935681581
leaf_count=3564 604 25 7 40 18 224 45 28 42 124 9 70
internal_value=-6.74443e-05 -0.00356254 -0.037985 0.00374829 -0.000958598 0.0131682 -0.00806511 0.000315551 0.000454104 0.000240965 0.0283764 -0.0814295
internal_weight=256.237 25.3057 1.77967 0.907712 23.526 7.87383 15.6522 230.932 229.517 227.778 1.7387 0.871956
internal_count=4800 1033 142 47 891 242 649 3767 3739 3688 51 95
is_linear=0
shrinkage=0.08


Tree=147
num_leaves=8
num_cat=0
split_feature=4 0 4 4 4 4 1
split_gain=0.0532551 0.0886323 0.519205 0.533474 0.102907 0.831946 0.763492
threshold=85.500000000000014 6.5000000000000009 77.500000000000014 73.500000000000014 19.500000000000004 21.500000000000004 1.5000000000000002
decision_type=2 2 2 2 2 2 2
left_child=1 4 3 -3 6 -6 -1
right_child=-2 2 -4 -5 5 -7 -8
leaf_value=-0.0027125733911131768 0.013848265291603424 -0.0055097041419548748 -0.086391000669611792 0.054777459109269878 -0.031423685315354652 0.00044930127838040303 0.021885987919121302
leaf_weight=29.731638590339571 1.7479850717354555 23.216760205687031 0.48830499732866783 0.97899654228240152 5.3952685692347577 183.52642274461687 11.086665058042852
leaf_count=398 36 995 12 15 109 2982 253
internal_value=-6.77526e-05 -0.000163361 -0.00471866 -0.0030704 0.000326076 -0.000460935 0.00396865
internal_weight=256.172 254.424 24.6841 24.1958 229.74 188.922 40.8183
internal_count=4800 4764 1022 1010 3742 3091 651
is_linear=0
shrinkage=0.08


Tree=148
num_leaves=15
num_cat=0
split_feature=4 4 0 0 1 0 2 1 4 4 0 2 4 4
split_gain=0.0521593 0.354989 0.682567 0.801672 0.38135 1.18643 0.609799 0.260019 1.51147 1.65811 0.736704 0.345825 2.29489 0.637984
threshold=43.500000000000007 44.500000000000007 2.5000000000000004 5.5000000000000009 1.5000000000000002 7.5000000000000009 1.5000000000000002 1.5000000000000002 41.500000000000007 40.500000000000007 6.5000000000000009 1.5000000000000002 38.500000000000007 39.500000000000007
decision_type=2 2 2 2 2 2 2 2 2 2 2 2 2 2
left_child=7 2 -2 -4 6 -6 -3 11 9 -9 -10 13 -13 -1
right_child=1 4 3 -5 5 -7 -8 8 10 -11 -12 12 -14 -15
leaf_value=-0.0021804718468034804 0.022461258892901778 -0.00051700664390702186 -0.093288315349867743 -0.0093399759123725442 -0.016250353917594471 0.035691120911792835 0.020984815201374324 0.0041811354836480972 0.029924458424932791 -0.084100634438938546 0.10162715749937064 0.0012731811431617188 -0.081059003449900635 0.015172771905821524
leaf_weight=83.959738898905925 1.3887313958257426 59.750971811416093 1.2785335388034584 1.6908633955754337 20.687816292978827 3.2576252846047273 9.8302103148307634 36.096368706785142 3.452350663021206 1.414977941662072 1.2487927824258802 13.38505014911061 2.5852046397048971 16.170472920872271
leaf_count=1347 35 869 32 34 590 77 136 1103 62 36 16 218 41 204
internal_value=-6.43408e-05 -0.00151601 -0.0238341 -0.0454856 -0.000476041 -0.00918405 0.0025207 0.000833228 0.00621011 0.00085103 0.0489713 -0.00112173 -0.0120544 0.000621981
internal_weight=256.198 97.8848 4.35813 2.9694 93.5266 23.9454 69.5812 158.313 42.2125 37.5113 4.70114 116.1 15.9703 100.13
internal_count=4800 1773 101 66 1672 667 1005 3027 1217 1139 78 1810 259 1551
is_linear=0
shrinkage=0.08


Tree=149
num_leaves=10
num_cat=0
split_feature=0 4 1 4 4 4 4 4 0
split_gain=0.0590147 0.332019 0.324382 1.3396 1.25217 0.105957 0.177404 0.17418 0.058462
threshold=6.5000000000000009 85.500000000000014 1.5000000000000002 56.500000000000007 64.500000000000014 84.500000000000014 77.500000000000014 68.500000000000014 4.5000000000000009
decision_type=2 2 2 2 2 2 2 2 2
left_child=5 2 3 -2 -4 6 7 -1 -8
right_child=1 -3 4 -5 -6 -7 8 -9 -10
leaf_value=0.00060766166714946415 -0.0044262642894961554 0.057888407960905539 -0.0069705706872382643 -0.08457815155103432 0.062977214637716758 -0.021521982405318506 0.0090603058905234755 -0.014408488057646874 0.038529353548820679
leaf_weight=222.68906223028898 10.996447857469322 0.54746385291218658 10.28974613547325 1.5188600064720965 1.9480147594586021 1.4107821234501887 0.7584464456886042 5.0560503490269175 0.99747318308800459
leaf_count=3564 509 11 381 100 32 28 42 124 9
internal_value=-6.66561e-05 -0.00373465 -0.00509757 -0.0141535 0.00416376 0.000335238 0.000469598 0.000274296 0.0258006
internal_weight=256.212 25.3005 24.7531 12.5153 12.2378 230.912 229.501 227.745 1.75592
internal_count=4800 1033 1022 609 413 3767 3739 3688 51
is_linear=0
shrinkage=0.08


end of trees

feature_importances:
age=1020
facility_enc=524
acuity_enc=187
bleeding_enc=123
pregnant=30

parameters:
[boosting: gbdt]
[objective: binary]
[metric: binary_logloss]
[tree_learner: serial]
[device_type: cpu]
[data_sample_strategy: bagging]
[data: ]
[valid: ]
[num_iterations: 150]
[learning_rate: 0.08]
[num_leaves: 31]
[num_threads: 16]
[seed: 0]
[deterministic: 0]
[force_col_wise: 0]
[force_row_wise: 0]
[histogram_pool_size: -1]
[max_depth: 4]
[min_data_in_leaf: 20]
[min_sum_hessian_in_leaf: 0.001]
[bagging_fraction: 1]
[pos_bagging_fraction: 1]
[neg_bagging_fraction: 1]
[bagging_freq: 0]
[bagging_seed: 3]
[bagging_by_query: 0]
[feature_fraction: 1]
[feature_fraction_bynode: 1]
[feature_fraction_seed: 2]
[extra_trees: 0]
[extra_seed: 6]
[early_stopping_round: 0]
[early_stopping_min_delta: 0]
[first_metric_only: 0]
[max_delta_step: 0]
[lambda_l1: 0]
[lambda_l2: 0]
[linear_lambda: 0]
[min_gain_to_split: 0]
[drop_rate: 0.1]
[max_drop: 50]
[skip_drop: 0.5]
[xgboost_dart_mode: 0]
[uniform_drop: 0]
[drop_seed: 4]
[top_rate: 0.2]
[other_rate: 0.1]
[min_data_per_group: 100]
[max_cat_threshold: 32]
[cat_l2: 10]
[cat_smooth: 10]
[max_cat_to_onehot: 4]
[top_k: 20]
[monotone_constraints: ]
[monotone_constraints_method: basic]
[monotone_penalty: 0]
[feature_contri: ]
[forcedsplits_filename: ]
[refit_decay_rate: 0.9]
[cegb_tradeoff: 1]
[cegb_penalty_split: 0]
[cegb_penalty_feature_lazy: ]
[cegb_penalty_feature_coupled: ]
[path_smooth: 0]
[interaction_constraints: ]
[verbosity: -1]
[saved_feature_importance_type: 0]
[use_quantized_grad: 0]
[num_grad_quant_bins: 4]
[quant_train_renew_leaf: 0]
[stochastic_rounding: 1]
[linear_tree: 0]
[max_bin: 255]
[max_bin_by_feature: ]
[min_data_in_bin: 3]
[bin_construct_sample_cnt: 200000]
[data_random_seed: 1]
[is_enable_sparse: 1]
[enable_bundle: 1]
[use_missing: 1]
[zero_as_missing: 0]
[feature_pre_filter: 1]
[pre_partition: 0]
[two_round: 0]
[header: 0]
[label_column: ]
[weight_column: ]
[group_column: ]
[ignore_column: ]
[categorical_feature: ]
[forcedbins_filename: ]
[precise_float_parser: 0]
[parser_config_file: ]
[objective_seed: 5]
[num_class: 1]
[is_unbalance: 0]
[scale_pos_weight: 1]
[sigmoid: 1]
[boost_from_average: 1]
[reg_sqrt: 0]
[alpha: 0.9]
[fair_c: 1]
[poisson_max_delta_step: 0.7]
[tweedie_variance_power: 1.5]
[lambdarank_truncation_level: 30]
[lambdarank_norm: 1]
[label_gain: ]
[lambdarank_position_bias_regularization: 0]
[eval_at: ]
[multi_error_top_k: 1]
[auc_mu_weights: ]
[num_machines: 1]
[local_listen_port: 12400]
[time_out: 120]
[machine_list_filename: ]
[machines: ]
[gpu_platform_id: -1]
[gpu_device_id: -1]
[gpu_use_dp: 0]
[num_gpu: 1]

end of parameters

pandas_categorical:[]
