tree
version=v4
num_class=1
num_tree_per_iteration=1
label_index=0
max_feature_idx=6
objective=binary sigmoid:1
feature_names=eta_sec distance_m hours_on_shift mins_since_last_job accept_rate_7d avg_accept_latency_s declines_today
feature_infos=[24:2400] [200:20000] [0.00089104296959739997:9.996825005782636] [0.0015858132277079:268.56161625988727] [0.1690020491628586:0.97999999999999998] [2:20.416493244556825] [0:8]
tree_sizes=3310 3389 3283 3189 3270 3181 3174 2976 3078 3386 3176 2975 3184 3186 3072 2774 3291 2968 3276 2855 2981 2985 3092 2762 2763 3094 2767 2862 2776 2663 2456 3079 2660 2460 2669 2857 2671 2556 2681 2961 2357 2354 2683 2765 2254 2767 2249 3282 2342 2252 2755 2247 2336 2020 2244 2442 1714 2031 1835 1201 2028 1926 2040 1714 2550 1297 1922 1726 1503 2041 1834 1513 1724 2045 1612 2027 1931 1608 1930 1929 2135 2038 1199 1940 2029 2144 1517 2246 2241 2854 2134 2134 1090 2339 2019 2559 2039 1936 1299 1617 1398 2257 1199 1611 2241 2246 1822 1304 2973 2770 1616 2128 1717 1194 2351 1308 1102 1098 1812 2772 2446 2465 1814 1934 1523 1516 1918 1930 2348 2028 1811 1409 2770 2341 2361 1099 2141 1820 1928 2546 1612 1813 1814 2870 2455 2879 1613 1089 1809 1830 2344 2662 2351 2661 2149 2039 2238 1610 2456 2670 2438 2250 893 2662 1818 1940 2774 1933 1823 2150 2661 2152 1724 1831 2359 1830 1518 2551 2559 1927 2143 1817 1728 1724 790 2557 1930 2665 2036 1309 1822 1613 2145 1729 1723 2460 1923 2559 1512 2051

Tree=0
num_leaves=31
num_cat=0
split_feature=4 0 4 0 4 6 6 6 4 6 4 6 2 3 0 0 0 0 3 5 2 2 4 0 0 3 0 2 0 5
split_gain=211.004 118.54 45.1842 42.9108 40.5187 42.5074 23.6027 16.9314 16.3069 15.1905 15.4632 10.3909 11.6018 10.3869 11.7034 9.51239 9.02313 8.9967 8.52895 8.04619 7.81381 7.20165 6.24311 5.62652 6.00434 3.97427 3.43527 3.00586 3.00322 2.81647
threshold=0.64312706048754109 506.45810831561045 0.50111842060448308 372.99479712129749 0.75556545371416017 2.5000000000000004 2.5000000000000004 1.5000000000000002 0.78660476907912213 1.5000000000000002 0.82137944280667385 1.5000000000000002 1.434678244675734 77.713336443458317 684.43820742189484 630.27870651591672 1319.0403397627915 667.29049403889337 33.035417397737 9.0598157721103139 8.0245782045817187 0.98709928351324872 0.52357823649972601 114.13486426592395 58.279423182395142 40.21085327546443 659.6363218780408 0.6387040972451431 646.17304618821038 5.2565967478448945
decision_type=2 2 2 2 2 2 2 2 2 2 2 2 2 2 2 2 2 2 2 2 2 2 2 2 2 2 2 2 2 2
left_child=2 4 11 7 5 20 8 21 16 19 -11 12 27 14 -5 -10 -3 -14 -7 -6 -2 -4 -9 24 -13 28 -15 -1 -8 -25
right_child=1 6 3 13 9 18 25 22 15 10 -12 23 17 26 -16 -17 -18 -19 -20 -21 -22 -23 -24 29 -26 -27 -28 -29 -30 -31
leaf_value=0.075615916218877838 0.11890312073229525 0.068471395343815661 0.14408280662881112 0.059780428529448357 0.13338073138164139 0.080510521504701504 0.05056705387378034 0.11179760627290763 0.12976917100304111 0.099876402352827826 0.13541725424996659 0.02785608534755854 0.055623397932817252 0.069651901374806993 0.026710994497496927 0.085266776602919758 0.0019874420529850528 0.010236810098025767 0.039050335554195223 0.15762520526652596 0.094969661499001379 0.096937269286431108 0.067992349418195985 0.042065621805141132 0.079194325125320347 0.06134075810823085 0.12690644387788708 0.12571364090907292 0.0095346317465728886 0.01626590904085394
leaf_weight=5.988295912742613 162.43252663314342 72.608087942004204 8.7329315394163114 65.122718051075935 91.571024999022484 28.943430244922638 5.988295912742621 8.9824438691139203 17.465863078832626 58.136372819542885 64.623693391680717 12.475616484880449 62.627594754099846 5.2397589236497861 45.411244004964828 38.424898773431778 5.489271253347396 13.224153473973272 21.707572683691978 54.64320020377636 43.165633037686348 111.78152370452881 86.081753745675087 13.72317813336849 10.479517847299574 7.7348822206258765 5.2397589236497879 5.9882959127426147 17.465863078832626 46.159780994057655
leaf_count=24 651 291 35 261 367 116 24 36 70 233 259 50 251 21 182 154 22 53 87 219 173 448 345 55 42 31 21 24 70 185
internal_value=0.0883908 0.10638 0.0639067 0.0745328 0.117999 0.10377 0.0694357 0.0879084 0.0785546 0.131554 0.118586 0.0429499 0.0549316 0.0507048 0.0461943 0.0991738 0.0637984 0.0477106 0.0627419 0.142441 0.113878 0.100354 0.0721314 0.0302463 0.0512931 0.0302608 0.0982792 0.100665 0.020011 0.0221783
internal_weight=1197.66 690.401 507.259 336.592 525.223 256.249 165.177 215.579 133.988 268.974 122.76 170.666 87.8283 121.013 110.534 55.8908 78.0974 75.8517 50.651 146.214 205.598 120.514 95.0642 82.8381 22.9551 31.189 10.4795 11.9766 23.4542 59.883
internal_count=4800 2767 2033 1349 2105 1027 662 864 537 1078 492 684 352 485 443 224 313 304 203 586 824 483 381 332 92 125 42 48 94 240
is_linear=0
shrinkage=1


Tree=1
num_leaves=31
num_cat=0
split_feature=4 0 4 0 4 6 6 6 4 4 0 2 6 6 2 3 0 2 0 2 5 4 0 0 0 2 3 2 5 0
split_gain=190.452 107.218 40.6751 38.6599 37.8652 41.4379 22.2195 15.2787 14.4647 14.1225 12.3778 12.2161 9.38941 9.34398 10.4481 8.49342 8.0927 6.52976 6.37903 6.14199 6.0089 5.6318 5.41673 5.05701 5.40202 3.36465 4.36238 2.71832 2.53245 1.12931
threshold=0.64312706048754109 501.24036081001441 0.50111842060448308 372.99479712129749 0.82137944280667385 1.5000000000000002 2.5000000000000004 1.5000000000000002 0.67128907649410363 0.75425829432923874 928.25816448005901 0.87477831557004737 1.5000000000000002 1.5000000000000002 1.434678244675734 82.193352278303053 667.29049403889337 0.98709928351324872 417.08113636875197 2.6689216912376459 8.1364283592327151 0.52357823649972601 561.95106698171264 114.13486426592395 58.279423182395142 7.0699709191333522 40.21085327546443 0.6387040972451431 5.2565967478448945 874.14570089646963
decision_type=2 2 2 2 2 2 2 2 2 2 2 2 2 2 2 2 2 2 2 2 2 2 2 2 2 2 2 2 2 2
left_child=2 4 13 7 5 8 9 17 -2 22 -11 -7 15 14 27 -5 -16 -4 20 -14 -6 -9 -3 24 -15 26 -8 -1 -25 -27
right_child=1 6 3 12 18 11 25 21 -10 10 -12 -13 19 23 16 -17 -18 -19 -20 -21 -22 -23 -24 28 -26 29 -28 -29 -30 -31
leaf_value=-0.012129649377033576 0.0051359748080933637 0.012721698569310944 0.053082842678291997 -0.029208419092716015 0.040456851284118994 0.042817222340621575 -0.05669580170768166 0.02226313277583862 0.040426391793880634 0.018314579794344695 -0.027987180431791266 -0.0028485826347091053 -0.025595280465970906 -0.057403845197693884 -0.031091339969190824 0.034250962042042359 -0.074098685981369344 0.0081224086955309412 0.0097200546335342725 -0.063848659100135569 0.062250699090801699 -0.019362700945074963 -0.031965952495537506 -0.043940586342905374 -0.0087332337534087433 -0.093372021588292539 -0.0030689599297053405 0.035529254480533817 -0.068385372592391788 -0.060874890813235973
leaf_weight=5.9914315938949567 34.637345209717751 7.7409234195947638 8.7047443538904172 65.454833820462227 53.508587032556534 16.207618653774261 15.746561065316206 8.9719365835189802 179.54613757133484 53.862810969352722 19.718024745583534 151.89767442643642 14.990583211183546 12.497575581073763 62.701489716768265 5.7346208095550528 13.249652504920958 111.73729705810547 8.9557413160800916 34.976143777370453 77.343873828649521 86.150395050644875 54.690851524472237 13.743918836116789 10.483553946018217 5.7462814748287183 4.9952995777130118 5.9763565063476562 46.246940046548843 4.9991984218358994
leaf_count=24 139 31 35 262 215 65 63 36 721 216 79 609 60 50 251 23 53 448 36 140 311 345 219 55 42 23 20 24 185 20
internal_value=1.61195e-06 0.0171115 -0.0232424 -0.0131593 0.0282785 0.0201355 -0.0176962 -0.000457925 0.0347193 -0.00893406 0.00590674 0.00155422 -0.0357578 -0.0431099 -0.0317519 -0.0240965 -0.038594 0.0113718 0.0505446 -0.0523722 0.0533387 -0.0154366 -0.0264251 -0.055145 -0.0352012 -0.0555449 -0.0437808 0.0116698 -0.0627851 -0.0782531
internal_weight=1197.21 689.597 507.611 336.721 522.097 382.289 167.5 215.564 214.183 136.013 73.5808 168.105 121.156 170.891 87.9189 71.1895 75.9511 120.442 139.808 49.9667 130.852 95.1223 62.4318 82.972 22.9811 31.4873 20.7419 11.9678 59.9909 10.7455
internal_count=4800 2767 2033 1349 2096 1534 671 864 860 545 295 674 485 684 352 285 304 483 562 200 526 381 250 332 92 126 83 48 240 43
is_linear=0
shrinkage=0.05


Tree=2
num_leaves=30
num_cat=0
split_feature=4 0 4 0 4 6 6 6 4 6 4 2 3 0 0 3 0 0 4 5 6 5 5 4 5 2 3 0 0
split_gain=172.021 96.9839 37.2325 41.2033 35.1345 36.6602 20.891 20.0595 12.8868 12.4136 12.1581 10.6562 8.89462 8.16483 7.82802 7.65102 7.56654 7.24675 7.0058 6.77837 4.52681 7.47821 4.39394 3.70455 3.05275 3.03975 3.93856 2.63291 1.01902
threshold=0.64312706048754109 501.24036081001441 0.4673602363425351 434.71315025352112 0.75556545371416017 2.5000000000000004 1.5000000000000002 2.5000000000000004 0.78660476907912213 1.5000000000000002 0.82137944280667385 0.95384904913168322 71.073572223101039 1319.0403397627915 684.43820742189484 33.035417397737 150.85849719158952 630.27870651591672 0.3065755169846946 9.0598157721103139 1.0000000180025095e-35 10.810533422564337 9.8938397775169289 0.50544038023783688 10.261365317767783 7.0699709191333522 40.21085327546443 715.92698804022325 874.14570089646963
decision_type=2 2 2 2 2 2 2 2 2 2 2 2 2 2 2 2 2 2 2 2 2 2 2 2 2 2 2 2 2
left_child=2 4 18 6 5 16 11 8 13 19 -11 -4 14 -3 -5 -7 -2 -10 24 -6 22 -22 -20 -8 -1 26 -9 -14 -27
right_child=1 7 3 12 9 15 23 25 17 10 -12 -13 27 -15 -16 -17 -18 -19 20 -21 21 -23 -24 -25 -26 28 -28 -29 -30
leaf_value=-0.053165476080460849 0.033473211551320665 -0.017207634371854744 0.05615346313631267 -0.030541240874094516 0.041209607002506941 -0.0075385927415048837 -0.041203615299859601 -0.053869700745467868 0.03489773091305156 0.011326184193952147 0.042962624986920189 0.0053201622856777148 -0.019765166934796997 -0.080381614242226507 -0.058188287106707863 -0.046787529908979331 0.014206976330173888 -0.0029207883979276029 -0.0095892065304553284 0.063650050112030426 -0.053096021412419085 -0.015382014652772455 -0.059007306253845107 -0.015501921465902659 -0.099641085573588944 -0.08872947068031542 -0.0029152360838900862 0.028786947610609844 -0.057854404172038437
leaf_weight=6.4969031214714033 94.791856646537781 73.193964779376984 11.157493084669111 52.487285658717155 89.567341521382332 28.950600236654282 16.237660750746727 15.74397791922093 18.895884335041046 57.847365736961365 63.93266835808754 135.68046294152737 5.9912546426057798 5.4988340139389029 49.986549586057663 21.74119234085083 110.21521629393101 38.426639407873154 17.988163203001026 53.903368666768074 73.956653788685799 15.985151872038839 5.997800648212432 102.66160172224045 7.745834544301033 5.7445308417081815 4.9957579374313346 5.2295916825532913 4.9972005188465118
leaf_count=26 381 293 45 210 361 116 65 63 76 232 258 544 24 22 200 87 443 154 72 218 296 64 24 411 31 23 20 21 20
internal_value=2.88683e-06 0.0162851 -0.0220802 -0.0142098 0.0269263 0.0137011 -0.00343245 -0.0168112 -0.00848664 0.0396753 0.0279348 0.00918273 -0.0393997 -0.0216221 -0.0440274 -0.0243721 0.0231154 0.00954577 -0.0453795 0.0496407 -0.0412463 -0.0463932 -0.0219464 -0.0190119 -0.078441 -0.0527773 -0.0415959 0.00286305 -0.074366
internal_weight=1196.05 688.446 507.602 379.432 520.95 255.699 265.737 167.497 136.015 265.251 121.78 146.838 113.695 78.6928 102.474 50.6918 205.007 57.3225 128.171 143.471 113.928 89.9418 23.986 118.899 14.2427 31.4815 20.7397 11.2208 10.7417
internal_count=4800 2767 2033 1520 2096 1027 1065 671 545 1069 490 589 455 315 410 203 824 230 513 579 456 360 96 476 57 126 83 45 43
is_linear=0
shrinkage=0.05


Tree=3
num_leaves=29
num_cat=0
split_feature=4 0 4 0 4 6 6 6 4 3 6 4 6 2 3 2 3 4 5 6 0 2 6 5 5 5 5 2
split_gain=155.457 87.7803 33.6449 37.3379 31.9883 33.1293 18.2404 16.9009 12.8724 11.8344 11.3643 11.0781 9.83206 7.29734 7.18878 7.01704 6.90195 6.35853 6.26006 5.07437 5.42253 4.54321 4.09591 6.76381 3.96897 2.98438 2.77773 2.76946
threshold=0.64312706048754109 501.24036081001441 0.4673602363425351 326.1934500573754 0.75556545371416017 2.5000000000000004 1.5000000000000002 1.5000000000000002 0.75425829432923874 93.054265345654855 1.5000000000000002 0.82137944280667385 1.5000000000000002 5.6239164460416751 3.8094356374861227 8.0245782045817187 33.035417397737 0.3065755169846946 9.0598157721103139 2.5000000000000004 802.39899298803084 7.7340967685997315 1.0000000180025095e-35 10.810533422564337 9.8938397775169289 5.0014886924793087 10.261365317767783 7.0699709191333522
decision_type=2 2 2 2 2 2 2 2 2 2 2 2 2 2 2 2 2 2 2 2 2 2 2 2 2 2 2 2
left_child=2 4 17 7 5 15 8 14 21 12 18 -12 -5 -10 -4 -2 -7 26 -6 20 -8 -3 24 -24 -19 -9 -1 -21
right_child=1 6 3 9 10 16 19 25 13 -11 11 -13 -14 -15 -16 -17 -18 22 -20 27 -22 -23 23 -25 -26 -27 -28 -29
leaf_value=-0.050562941605666205 0.026776604230420782 -0.013053288266300915 0.044526221540732429 -0.024573560071364839 0.039310037122068743 -0.0071595078034342096 -0.0083865939248075807 -0.00047518380455274724 0.032216718409224576 0.029041137541531505 0.010766579225353174 0.041002193164901203 -0.05073799131051783 -0.0062347918286172182 0.007523507435416488 0.0040572001647256033 -0.044431472798161009 -0.0091088415152133645 0.060943260675796279 -0.039566048669728127 -0.046356838787798796 -0.052240074401955397 -0.050485987551711423 -0.01461439195452542 -0.056084387185608132 -0.020455675546656671 -0.094937927001735145 -0.070885754841230816
leaf_weight=6.4898853302001935 161.61505171656609 36.986480414867401 14.944697514176367 86.401709988713264 89.209753558039665 28.959088444709778 23.936197862029076 24.735657408833504 28.648720473051071 7.4739776998758307 57.812228679656982 63.647226244211197 61.436477556824684 21.673777878284454 107.85059849917889 43.036006197333336 21.749041259288788 17.989901885390285 53.492874160408974 20.7142887711525 15.486088052392004 9.2453026473522169 73.892309799790382 15.983569219708441 5.9948959350585929 76.449582383036613 7.7234987020492554 10.706496372818945
leaf_count=26 651 148 60 346 361 116 96 99 115 30 232 258 246 87 433 173 87 72 218 83 62 37 296 64 24 306 31 43
internal_value=3.92296e-06 0.0155074 -0.0209861 -0.0135042 0.0256533 0.0130343 -0.0159804 -0.000440825 -0.00184284 -0.0323433 0.0378517 0.0266107 -0.0354466 0.0156557 0.0120269 0.0219989 -0.0231457 -0.0431438 0.0474194 -0.035249 -0.0233023 -0.0208898 -0.0392076 -0.0441066 -0.0208502 -0.0155713 -0.0746761 -0.0502381
internal_weight=1194.29 686.919 507.367 379.293 519.521 255.359 167.397 223.981 96.5543 155.312 264.162 121.459 147.838 50.3225 122.795 204.651 50.7081 128.074 142.703 70.8431 39.4223 46.2318 113.861 89.8759 23.9848 101.185 14.2134 31.4208
internal_count=4800 2767 2033 1520 2096 1027 671 898 387 622 1069 490 592 202 493 824 203 513 579 284 158 185 456 360 96 405 57 126
is_linear=0
shrinkage=0.05


Tree=4
num_leaves=30
num_cat=0
split_feature=4 0 0 6 4 4 2 6 0 6 6 3 5 0 4 3 2 4 2 3 0 4 3 3 6 4 0 2 5
split_gain=140.79 76.0925 39.7487 37.6884 36.1558 29.0982 17.7121 16.4375 13.723 10.9262 10.8973 8.95897 8.78801 8.5974 8.14213 6.99269 6.12339 6.09333 5.84168 5.63291 5.59803 5.58331 5.36986 4.21729 4.21798 4.07827 3.73845 3.47599 1.47751
threshold=0.67332703957289708 630.27870651591672 356.75408868425239 1.5000000000000002 0.4673602363425351 0.76537396843279604 0.84589393481324504 2.5000000000000004 172.25507296617019 1.5000000000000002 1.5000000000000002 100.11057708983483 6.3546007536914191 684.43820742189484 0.64312706048754109 3.6784859081459267 9.0789281945308336 0.74478674235488451 3.76123896620767 37.656739667265136 715.92698804022325 0.56398951576022049 77.713336443458317 40.700360678449861 2.5000000000000004 0.77790490191698536 438.82978405956982 7.0699709191333522 5.4007553761170453
decision_type=2 2 2 2 2 2 2 2 2 2 2 2 2 2 2 2 2 2 2 2 2 2 2 2 2 2 2 2 2
left_child=2 3 4 8 16 6 -5 11 22 18 15 13 -7 -4 -12 -6 19 -10 20 -1 -3 28 -2 24 -11 -20 -23 -25 -9
right_child=1 9 7 5 10 12 -8 21 17 23 14 -13 -14 -15 -16 -17 -18 -19 25 -21 -22 26 -24 27 -26 -27 -28 -29 -30
leaf_value=-0.041933347333169918 0.052529607615499165 -0.034358743899105537 -0.020075199349152518 0.058306747906328643 0.037371140607148551 0.0076188503447353634 -0.016402524058833086 -0.05478238322362914 0.01448462097180599 -0.032350362596200076 -0.015508274041177526 0.034239517256500464 0.03605564439527062 -0.0426934655981938 0.019725499123180501 0.0057180928605461458 -0.086531325195234779 0.035266403681492052 -0.036698825373685594 -0.012244390040581013 0.025705267624745645 -0.0075156497766482241 0.011052881896729636 0.010949702442795606 -0.06779986297470568 -0.0027690172967589125 -0.055742553153519329 -0.043591035944389046 -0.085606745054798164
leaf_weight=52.608808875083923 117.03080993890762 4.9865867048501995 102.34326958656311 8.6806020438671094 19.86686497926712 41.16159451007843 92.172436609864235 4.9846998751163509 57.053204908967018 17.481265112757683 105.69625404477119 5.7195596992969504 79.919744580984116 71.271565899252892 19.40754908323288 143.32622952759266 5.7295387834310523 92.390144899487495 18.240974813699722 22.944472625851631 17.468965381383896 5.495245814323428 8.3610952943563444 6.2479349076747877 16.13730576634407 17.214035153388977 14.952163293957708 5.4866506457328796 17.663488402962685
leaf_count=211 476 20 410 35 80 166 370 20 230 70 423 23 324 286 78 576 23 376 73 92 70 22 34 25 65 69 60 22 71
internal_value=4.76897e-06 0.0170729 -0.0172947 0.0251909 -0.00724372 0.00986525 -0.00997216 -0.033995 0.0375667 -0.0219803 0.00106022 -0.0273319 0.0263886 -0.0293603 -0.0100424 0.00957148 -0.0366964 0.0273325 -0.00758716 -0.0329172 0.0123672 -0.0617223 0.049764 -0.0403586 -0.0493665 -0.0202253 -0.0427816 -0.0145515 -0.0788225
internal_weight=1192.04 600.033 592.01 496.77 369.58 221.934 100.853 222.43 274.835 103.264 288.297 179.334 121.081 173.615 125.104 163.193 81.2828 149.443 57.9106 75.5533 22.4556 43.0956 125.392 45.3532 33.6186 35.455 20.4474 11.7346 22.6482
internal_count=4800 2425 2375 2011 1483 895 405 892 1116 414 1157 719 490 696 501 656 326 606 232 303 90 173 510 182 135 142 82 47 91
is_linear=0
shrinkage=0.05


Tree=5
num_leaves=29
num_cat=0
split_feature=4 0 4 0 6 4 6 3 2 5 6 5 2 6 4 2 4 5 5 5 2 0 5 5 3 0 0 6
split_gain=127.658 58.1011 55.7707 50.4448 36.432 16.9444 13.9021 8.6231 10.0199 8.47419 8.19158 6.58673 8.95226 6.50043 7.84949 6.37552 6.33565 5.71262 5.56181 4.92718 4.54053 3.96545 3.71363 3.57421 2.91894 2.86208 2.52502 1.63709
threshold=0.74242236336693457 561.95106698171264 0.50544038023783688 630.27870651591672 2.5000000000000004 0.67128907649410363 1.5000000000000002 56.102807654711896 0.67840467230281654 8.1364283592327151 1.5000000000000002 9.3925583149999792 6.9154022488702642 1.5000000000000002 0.33802542015873954 8.3927421315079425 0.84028228635828006 5.0516435950119192 7.3049005249260963 9.7868956392367092 6.884747125536343 136.72280946422885 4.3247055481100523 4.7252034255410997 12.553336728642323 220.93485871050288 994.47845885009258 1.0000000180025095e-35
decision_type=2 2 2 2 2 2 2 2 2 2 2 2 2 2 2 2 2 2 2 2 2 2 2 2 2 2 2 2
left_child=1 2 13 6 5 -4 11 8 -3 15 20 12 -2 14 -1 -8 -11 -15 -9 -20 23 -6 -10 -5 -12 -13 -26 -22
right_child=3 7 4 10 21 -7 9 18 22 16 24 25 -14 17 -16 -17 -18 -19 19 -21 27 -23 -24 -25 26 -27 -28 -29
leaf_value=-0.068640990795452411 0.04299391906646674 0.0068675463617877677 0.0028220784524421515 0.047695820571804826 -0.012518356627917069 0.024745250812178109 0.0026828462929061468 0.01888240276283891 -0.065965749673474697 0.017529500755570328 -0.010533630173608401 0.065049669030461707 0.012708165571510428 -0.018232102125876205 -0.015967781033003541 0.040539149829872903 0.048093118070412638 -0.051755315211756275 -0.053329330545281765 0.00036842185450959461 -0.04695414665723098 -0.033262225460870078 -0.042311461564635305 0.0014470710473615551 -0.033047011287186019 0.043170660481275769 -0.069082468566835739 -0.0078925343156283339
leaf_weight=7.9538877308368674 82.989899292588234 9.7087156772613508 261.21518835425377 5.2344812005758312 40.224057421088219 133.0191622376442 65.88542765378952 9.7220261245965975 19.400173246860504 33.185721859335899 8.1983284354209918 30.899759903550148 34.562188029289246 16.937079027295113 63.86255270242691 13.38064832985401 34.670442387461662 50.897566750645638 9.2172204107046145 7.9622527509927741 5.4939621090888959 53.923008441925049 114.66307656466961 20.688939616084099 13.931483447551729 28.953261703252792 7.4665814340114585 5.2412751168012619
leaf_count=32 339 39 1049 21 161 538 266 39 78 134 33 128 141 68 256 54 142 205 37 32 22 216 461 83 56 119 30 21
internal_value=5.47047e-06 -0.011452 -0.00442191 0.023423 0.00354564 0.0102192 0.0315399 -0.0373208 -0.0421823 0.020176 -0.0163352 0.0409641 0.0340894 -0.0322856 -0.0218015 0.00907325 0.0331457 -0.0433852 -0.0113391 -0.0284418 -0.000538209 -0.0243995 -0.0457345 0.0107857 -0.0359017 0.0544659 -0.0456211 -0.0278831
internal_weight=1189.49 798.706 628.033 390.782 488.381 394.234 324.527 170.673 143.772 147.122 66.2551 177.405 117.552 139.651 71.8164 79.2661 67.8562 67.8346 26.9015 17.1795 36.6587 94.1471 134.063 25.9234 29.5964 59.853 21.3981 10.7352
internal_count=4800 3211 2525 1589 1964 1587 1323 686 578 596 266 727 480 561 288 320 276 273 108 69 147 377 539 104 119 247 86 43
is_linear=0
shrinkage=0.05


Tree=6
num_leaves=29
num_cat=0
split_feature=4 0 6 4 0 4 4 6 0 4 0 0 2 3 6 2 0 2 3 2 3 6 0 5 5 0 4 5
split_gain=116.538 73.6956 34.2746 24.5138 21.4234 20.9643 14.325 14.2407 13.8525 12.9365 14.6471 10.6401 10.0001 9.1917 7.85118 7.74024 7.38541 6.54495 7.25387 5.75714 5.778 5.72448 4.6576 3.53473 2.3762 1.82871 1.35815 0.681417
threshold=0.6108783488397328 561.95106698171264 1.5000000000000002 0.78528309782223216 386.95887345056184 0.4673602363425351 0.67128907649410363 2.5000000000000004 326.1934500573754 0.76383880747598953 646.17304618821038 172.25507296617019 0.32718065776248256 90.257899157066419 1.5000000000000002 1.0519728222694378 111.94363222123032 8.1480176401763433 42.15801300460884 9.0789281945308336 37.656739667265136 1.5000000000000002 684.43820742189484 5.4007553761170453 6.6121777001909736 841.96854762410464 0.84951269945777363 7.9719749909468556
decision_type=2 2 2 2 2 2 2 2 2 2 2 2 2 2 2 2 2 2 2 2 2 2 2 2 2 2 2 2
left_child=4 2 6 12 5 19 16 13 -5 17 26 -8 -4 22 15 -7 -2 18 -3 20 -1 -12 -6 -16 -19 27 -11 -9
right_child=1 9 3 8 7 14 11 25 -10 10 21 -13 -14 -15 23 -17 -18 24 -20 -21 -22 -23 -24 -25 -26 -27 -28 -29
leaf_value=-0.039378694433727955 0.031586215989743989 -0.032879675873968693 0.06332981274567874 0.035638931725539127 -0.024124538602872597 0.047889327192404872 0.045942840896984909 -0.069985811347803989 -0.01202829733471839 0.065998973239055181 0.0022445749588938355 0.025863247101649989 -0.0071516540022434245 0.036507769071359442 0.0024520788644312244 0.0007342719626501756 -0.0004169047860680132 -0.08299474787975912 0.00093964902957375271 -0.081701640929319086 -0.0097358769406616346 -0.030598663063805837 -0.045419261215492224 -0.021495941984028662 -0.044398085155577666 -0.050650331551621769 0.032142855380242176 -0.089178373754414952
leaf_weight=55.316405653953552 28.032217845320702 58.919452130794525 5.1851899921894065 77.54675018787384 61.074694022536278 9.6045253872871381 124.70918951928616 9.4012784212827736 18.970019116997719 5.9309399873018247 29.909739822149277 140.08072412014008 171.05131447315216 4.969500243663787 20.486711204051971 92.647431373596191 50.509449109435081 5.9332670867443111 21.693244352936745 5.9189789146184912 23.390341654419899 23.844085827469826 44.305153891444206 62.15977668762207 12.161057621240614 7.8683926016092292 5.9178056716918945 9.1024894416332227
leaf_count=223 113 237 21 317 245 39 514 38 77 24 120 573 687 20 82 372 203 24 87 24 94 96 179 249 49 32 24 37
internal_value=6.12597e-06 0.0113114 0.0192464 0.0060149 -0.0217112 -0.0135334 0.0297579 -0.0378325 0.0262701 -0.018441 -0.00123183 0.0353202 -0.00507796 -0.0299438 -0.00409936 0.00516355 0.0110053 -0.0298786 -0.0237787 -0.0341457 -0.0305693 -0.012324 -0.0330775 -0.0155596 -0.0570542 -0.0708413 0.0490897 -0.0794271
internal_weight=1186.64 780.394 616.085 272.753 406.246 269.524 343.332 136.722 96.5168 164.31 65.6026 264.79 176.237 110.349 184.898 102.252 78.5417 98.707 80.6127 84.6257 78.7067 53.7538 105.38 82.6465 18.0943 26.3722 11.8487 18.5038
internal_count=4800 3166 2505 1102 1634 1083 1403 551 394 661 264 1087 708 444 742 411 316 397 324 341 317 216 424 331 73 107 48 75
is_linear=0
shrinkage=0.05


Tree=7
num_leaves=27
num_cat=0
split_feature=4 0 4 0 6 4 5 6 2 3 2 5 0 0 2 6 4 5 4 4 0 2 6 5 4 6
split_gain=105.837 47.4555 46.0789 41.9464 30.9541 13.7198 11.9067 8.36578 10.3518 7.31592 11.3705 6.81176 6.14235 6.69646 5.77182 5.71217 6.99403 5.11671 4.64882 8.29642 4.27806 6.30441 4.20429 4.08368 3.91184 3.90495
threshold=0.74242236336693457 561.95106698171264 0.50544038023783688 630.27870651591672 2.5000000000000004 0.67128907649410363 8.1364283592327151 1.5000000000000002 6.9469079279709236 39.027781068761747 0.75159290641154686 2.9772764818245938 928.25816448005901 697.7317086572067 8.3927421315079425 1.5000000000000002 0.33802542015873954 5.0516435950119192 0.71007980766248135 0.65994218881540212 190.4708564177877 2.4347334408928969 1.5000000000000002 7.1228905180196316 0.52865577210554282 1.0000000180025095e-35
decision_type=2 2 2 2 2 2 2 2 2 2 2 2 2 2 2 2 2 2 2 2 2 2 2 2 2 2
left_child=1 2 15 6 5 -4 7 8 -2 10 -3 -5 13 -13 -9 16 -1 -17 19 -11 22 -22 -8 -14 -6 -12
right_child=3 9 4 11 24 -7 20 14 -10 18 25 12 23 -15 -16 17 -18 -19 -20 -21 21 -23 -24 -25 -26 -27
leaf_value=-0.064098496735394458 0.040727921967578601 0.014677218170271317 0.0026855184453326414 0.027858980006018275 0.018367374545767857 0.022454429190381028 0.058760337365912012 0.0018583741735513537 0.0034600605614189131 -0.023200846508289446 -0.026068285064736702 -0.042907261587264843 -0.06793110902267048 0.0060102482925574428 0.037967947956717839 -0.016095569497837671 -0.014151275468180936 -0.047899346224148563 -0.060723905274799456 0.030905041773544129 0.059190222095599869 0.022791062551559837 0.035615675427214596 -0.024534086455019449 -0.025134633853198664 -0.049322881407258094
leaf_weight=7.8745743334293357 65.57041984796524 8.6928395777940732 261.03359997272491 8.1867012679576856 5.4879312366247168 132.22057545185089 39.351459071040154 65.745522424578667 26.030060306191444 33.679794013500214 22.568051606416702 9.6945884078741056 8.6889880299568194 25.134278506040573 13.306165739893911 16.876938968896866 63.749874770641327 50.453263774514198 5.4841279089450827 8.9725345969200117 15.018199697136877 57.22171875834465 39.134929820895195 14.412781119346617 88.577568650245667 90.223739936947823
leaf_count=32 271 35 1049 33 22 538 166 266 107 136 91 39 35 101 54 68 256 205 22 36 62 236 161 58 355 366
internal_value=6.53861e-06 -0.010427 -0.00407302 0.0214364 0.00316914 0.00933225 0.028898 0.0198532 0.0301375 -0.0338869 -0.0404234 -0.0148326 -0.0208657 -0.0076059 0.00793642 -0.0294716 -0.0196426 -0.0399274 -0.0173906 -0.0118189 0.0391385 0.0303582 0.0472199 -0.0408565 -0.0225967 -0.04467
internal_weight=1183.39 795.895 626.274 387.496 487.32 393.254 321.378 170.652 91.6005 169.621 121.485 66.1173 57.9306 34.8289 79.0517 138.955 71.6244 67.3302 48.1365 42.6523 150.726 72.2399 78.4864 23.1018 94.0655 112.792
internal_count=4800 3211 2525 1589 1964 1587 1323 698 378 686 492 266 233 140 320 561 288 273 194 172 625 298 327 93 377 457
is_linear=0
shrinkage=0.05


Tree=8
num_leaves=28
num_cat=0
split_feature=4 0 6 4 0 4 6 0 0 4 6 4 0 2 3 0 6 3 2 3 2 2 5 3 5 0 5
split_gain=96.7924 60.0254 29.1357 20.7747 18.496 17.4195 12.9275 12.7534 12.5494 11.32 11.0557 12.3729 9.22902 9.04941 8.19342 7.17293 6.67996 7.20897 5.35223 5.24982 4.20044 3.58248 3.14268 2.91964 2.39057 1.73852 0.638812
threshold=0.6108783488397328 561.95106698171264 1.5000000000000002 0.78528309782223216 386.95887345056184 0.4673602363425351 2.5000000000000004 54.203670177324192 326.1934500573754 0.67332703957289708 2.5000000000000004 0.77633032246040823 630.27870651591672 0.32718065776248256 90.257899157066419 1319.0403397627915 1.5000000000000002 3.8094356374861227 9.0789281945308336 37.656739667265136 8.2536403351618386 8.9601058013611077 5.4007553761170453 40.21085327546443 9.1898458614200518 841.96854762410464 7.9719749909468556
decision_type=2 2 2 2 2 2 2 2 2 2 2 2 2 2 2 2 2 2 2 2 2 2 2 2 2 2 2
left_child=4 2 7 13 5 18 14 21 -5 -9 11 15 -13 -4 20 -3 17 -7 19 -1 -6 -2 -18 24 -12 26 -8
right_child=1 10 3 8 6 16 25 9 -10 -11 23 12 -14 -15 -16 -17 22 -19 -20 -21 -22 -23 -24 -25 -26 -27 -28
leaf_value=-0.036093407169022117 0.05260919265241807 -0.017412782751980386 0.060491008393230176 0.033067790754654179 -0.035008184060231089 0.042846671967845321 -0.065849362866388539 0.0048935517774112642 -0.01236446696549306 0.028479576507034022 -0.042541013641401303 0.056885126146061761 -0.00035992307163574861 -0.0068216053757480487 0.035410564659567739 -0.068339303433415474 0.0027674415548572529 0.00025959391744879518 -0.077333110552264758 -0.007776018750708465 -0.0089001155864714999 0.0087730455984546454 -0.019819378437472345 -0.017367407550653927 -0.078427264082997605 -0.046769819560918809 -0.084581242234752108
leaf_weight=54.901666402816772 52.560558095574379 76.767030701041222 5.1433055251836768 76.829732298851013 86.029729798436165 11.154815301299093 9.2858513146638924 66.559335753321648 18.948377683758736 215.83801336586475 15.829935431480413 8.5168110579252225 40.625260561704636 170.93026357889175 4.963618963956832 7.5987160205841056 20.482219412922859 91.024727895855904 5.8246998339891425 23.319304227828979 18.766444772481918 5.1142858266830435 62.070216163992882 7.6982824355363837 6.5654447525739661 7.7606508135795584 8.9270505607128126
leaf_count=223 218 309 21 317 348 45 38 268 77 896 65 35 163 687 20 31 82 366 24 94 76 21 249 31 27 32 37
internal_value=6.90506e-06 0.010349 0.0175416 0.00533897 -0.0198209 -0.0122231 -0.0348661 0.0272963 0.0240796 0.0229205 -0.0165536 -0.0103826 0.00956121 -0.00485533 -0.0273598 -0.0219997 -0.00363734 0.00490877 -0.0310945 -0.0276514 -0.0303329 0.048722 -0.0142153 -0.0439305 -0.0530615 -0.0665867 -0.0750308
internal_weight=1180.04 775.525 611.924 271.852 404.511 268.778 135.733 340.072 95.7781 282.397 163.601 133.508 49.1421 176.074 109.76 84.3657 184.732 102.18 84.0457 78.221 104.796 57.6748 82.5524 30.0937 22.3954 25.9736 18.2129
internal_count=4800 3166 2505 1102 1634 1083 551 1403 394 1164 661 538 198 708 444 340 742 411 341 317 424 239 331 123 92 107 75
is_linear=0
shrinkage=0.05


Tree=9
num_leaves=31
num_cat=0
split_feature=4 0 0 4 6 6 5 0 0 4 4 6 2 2 4 6 5 2 2 6 2 0 2 6 4 3 0 6 3 4
split_gain=88.1006 39.2709 34.9733 29.0104 22.4191 16.379 10.8654 10.0276 8.20333 7.68043 7.26794 7.04573 9.45876 6.95878 6.73101 6.41731 6.03808 5.29422 5.25593 4.47358 4.03109 3.83764 5.84098 3.90108 3.32292 2.72268 2.19209 1.43805 1.26466 0.361259
threshold=0.74242236336693457 292.85626003737121 630.27870651591672 0.55549655446623802 2.5000000000000004 1.5000000000000002 8.1364283592327151 561.95106698171264 90.651225180721909 0.42217539689635003 0.32579984418488156 1.5000000000000002 6.9469079279709236 0.75159290641154686 0.41640365594573647 1.5000000000000002 10.05711769357219 8.7195224832135754 8.3927421315079425 2.5000000000000004 6.884747125536343 190.4708564177877 2.4347334408928969 1.5000000000000002 0.87081823168320149 12.553336728642323 994.47845885009258 1.0000000180025095e-35 21.72828246185593 0.287607165185707
decision_type=2 2 2 2 2 2 2 2 2 2 2 2 2 2 2 2 2 2 2 2 2 2 2 2 2 2 2 2 2 2
left_child=1 3 6 10 8 7 11 14 -5 28 29 12 -2 -9 -3 20 -6 -12 -13 -11 24 23 -23 -8 -4 -17 -27 -22 -7 -1
right_child=2 5 15 4 16 9 21 13 -10 19 17 18 -14 -15 -16 25 -18 -19 -20 -21 27 22 -24 -25 -26 26 -28 -29 -30 -31
leaf_value=-0.06622193203291675 0.037623070397763039 -0.046796998537468597 0.0021532450742332474 0.027975783337388312 -0.028347864306565908 -0.078656289805269258 0.055413496471685988 0.028018089085391207 0.008870468153256943 -0.02156421379574654 -0.01075922259621427 0.0011506535757032071 0.0018549582210792477 -0.027701806423845704 0.0018594186371444729 -0.0062862270753644136 0.010131632795862518 -0.04039316270555865 0.035714695238689406 -0.039658316308224806 -0.043183816271511903 0.056050907563290578 0.020763646003018835 0.032926865211351013 0.046768810736976536 -0.028605778267773205 -0.062372968564517385 -0.0065462333183359802 -0.052015986140492056 -0.04779770996222537
leaf_weight=5.5412590205669385 64.627386137843132 7.6721756905317298 20.670865431427959 92.349450215697289 41.93468901515007 8.6653475165367144 38.453015297651291 5.9807306230068198 143.47484210133553 72.590669468045235 119.19363850355148 65.598048880696297 25.887126073241234 88.817497462034225 96.639342248439789 8.1258631795644778 13.469422891736029 17.253376245498657 13.214278593659399 64.524884253740311 5.4862937331199628 14.782223895192145 56.740859940648079 38.697718814015388 5.2291090935468665 13.849613025784494 7.3606482148170462 5.2329200953245163 9.1683971583843213 5.1179634034633636
leaf_count=23 271 31 83 376 168 36 166 24 581 294 481 266 107 360 390 33 54 70 54 264 22 62 236 161 21 56 30 21 38 21
internal_value=6.97894e-06 -0.00951794 0.0196641 0.000485968 0.00962799 -0.0219031 0.0265365 -0.0124162 0.0163522 -0.0340937 -0.0176126 0.0178762 0.0273934 -0.0241865 -0.00171929 -0.0134708 -0.018993 -0.0145064 0.00694593 -0.0300791 0.000488641 0.0363999 0.0280567 0.0441345 0.011161 -0.0308959 -0.0403241 -0.025298 -0.0649604 -0.0573756
internal_weight=1176.35 792.394 383.956 438.335 291.228 354.059 318.001 199.11 235.824 154.949 147.106 169.327 90.5145 94.7982 104.312 65.9553 55.4041 136.447 78.8123 137.116 36.6192 148.674 71.5231 77.1507 25.9 29.3361 21.2103 10.7192 17.8337 10.6592
internal_count=4800 3211 1589 1774 1179 1437 1323 805 957 632 595 698 378 384 421 266 222 551 320 558 147 625 298 327 104 119 86 43 74 44
is_linear=0
shrinkage=0.05


Tree=10
num_leaves=29
num_cat=0
split_feature=4 0 4 6 6 0 4 6 0 2 4 4 6 3 0 2 3 2 5 3 2 2 0 6 2 6 0 2
split_gain=80.9652 49.9046 21.8082 19.3476 18.3463 15.775 14.7497 11.4674 8.38626 8.13588 10.8089 9.20368 7.3972 7.35324 7.07196 6.01596 5.72308 4.84473 4.82879 4.71894 4.59257 4.46326 3.85974 3.49727 3.18361 2.91495 1.65598 0.641073
threshold=0.6108783488397328 322.10939941068466 0.78528309782223216 1.5000000000000002 1.5000000000000002 386.95887345056184 0.4673602363425351 2.5000000000000004 678.72446051103714 7.5101050919397352 0.8735345900701087 0.70214596876526081 4.5000000000000009 90.257899157066419 66.251601552667026 2.4741030788218383 3.8094356374861227 9.0789281945308336 8.5957119773338562 37.656739667265136 6.884747125536343 7.6833539975249545 684.43820742189484 1.5000000000000002 1.6080306085472815 2.5000000000000004 841.96854762410464 6.3500116085030074
decision_type=2 2 2 2 2 2 2 2 2 2 2 2 2 2 2 2 2 2 2 2 2 2 2 2 2 2 2 2
left_child=5 2 3 14 9 6 17 13 15 10 -3 -11 -5 22 -2 -6 23 19 20 -1 -4 -18 -7 -8 -10 -20 27 -9
right_child=1 4 18 12 8 7 16 26 24 11 -12 -13 -14 -15 -16 -17 21 -19 25 -21 -22 -23 -24 -25 -26 -27 -28 -29
leaf_value=-0.033396259266907612 0.039075970718045715 0.0060896497400941812 0.03529537194759344 0.00023015371804108737 0.015263241445866585 -0.019771038739998598 0.040843558819936697 -0.077838763391922056 -0.0062562188802630109 -0.040219554864128558 0.051580610837525256 0.0054880966824636564 -0.056705449598473581 0.034416658376319097 0.016605633280833039 -0.016738943002750438 -0.0019276231560500603 -0.07313853000866212 0.050123007697781732 -0.0064934367265492288 0.010908140158996492 -0.021900065251071341 -0.03928636232861149 -0.0033865131990154663 -0.039830399031725493 0.026080273415635 -0.0428867272165189 -0.05804483413364972
leaf_weight=54.448946893215179 50.126526027917862 117.58873416483402 57.709890127182007 123.42948763072491 18.987377420067787 60.645800411701202 11.10620801150799 11.41267347335816 8.3370175659656507 18.758053883910179 14.688956975936888 26.675506010651588 5.9812330603599539 4.9551623165607444 116.15440683066845 64.816042169928551 130.35105334222317 5.6900234818458548 55.537701115012169 23.264654338359833 29.009148716926575 35.615200147032738 43.516985416412354 7.4787710309028617 46.121605217456818 16.308790504932404 7.6199580878019324 6.3758087754249564
leaf_count=223 209 479 242 497 77 245 45 48 34 76 61 109 24 20 478 262 524 24 240 94 120 143 179 30 189 69 32 27
internal_value=7.35308e-06 0.00950434 0.020119 0.0120964 -0.0057557 -0.0181671 -0.0111533 -0.0321375 -0.0194149 0.00487137 0.0111413 -0.0133831 -0.00240135 -0.0250932 0.0233795 -0.00948819 -0.00326713 -0.0286033 0.0350794 -0.0253425 0.0271374 -0.00621357 -0.0279241 0.023045 -0.0346906 0.0446654 -0.0623897 -0.0707442
internal_weight=1172.71 770.23 454.257 295.692 315.973 402.481 267.955 134.526 138.262 177.711 132.278 45.4336 129.411 109.118 166.281 83.8034 184.551 83.4036 158.566 77.7136 86.719 165.966 104.163 18.585 54.4586 71.8465 25.4084 17.7885
internal_count=4800 3166 1879 1208 1287 1634 1083 551 562 725 540 185 521 444 687 339 742 341 671 317 362 667 424 75 223 309 107 75
is_linear=0
shrinkage=0.05


Tree=11
num_leaves=27
num_cat=0
split_feature=4 0 4 0 6 0 5 6 2 3 2 5 4 5 6 4 2 5 3 2 5 5 0 2 6 4
split_gain=73.5542 34.2133 32.7292 28.9224 22.4789 10.8041 10.4379 6.54937 6.9618 6.44548 7.20393 6.06057 5.10377 4.84551 4.74403 5.83472 5.06803 4.45682 4.38254 4.23837 3.78019 3.57562 3.47389 4.75806 3.18448 0.944686
threshold=0.74478674235488451 561.95106698171264 0.50544038023783688 630.27870651591672 2.5000000000000004 90.651225180721909 8.1364283592327151 1.5000000000000002 6.9469079279709236 56.102807654711896 0.67840467230281654 2.9772764818245938 0.76383880747598953 7.3049005249260963 1.5000000000000002 0.33802542015873954 5.6239164460416751 9.7868956392367092 65.172858924663089 8.3927421315079425 3.0501860486292784 7.0297061765273385 190.4708564177877 2.4347334408928969 1.5000000000000002 0.59350744290664825
decision_type=2 2 2 2 2 2 2 2 2 2 2 2 2 2 2 2 2 2 2 2 2 2 2 2 2 2
left_child=1 2 14 6 5 -4 7 8 -2 10 25 -5 -13 -11 15 -1 -16 -15 -14 -9 -6 -12 24 -24 -8 -3
right_child=3 9 4 11 20 -7 22 19 -10 13 21 12 18 17 16 -17 -18 -19 -20 -21 -22 -23 23 -25 -26 -27
leaf_value=-0.057114025947729158 0.034520890853961581 -0.0072707538741135815 0.021009285448978707 0.028364684958613263 -0.053868832435628157 0.0027957797547616646 0.052735763137081927 9.8026421062450246e-05 0.0034107891745193564 0.022188112722054246 -0.046184900187448495 -0.054497602947420912 -0.0058667595272854254 -0.046048118439371538 -0.047538355407531471 -0.010870043843454236 -0.019786853728671745 0.0053197898896596742 -0.0508657354433023 0.031818677593636026 -0.016221928791606915 -0.029301011892070784 0.052337197918483708 0.019911955920300296 0.032004666608086998 0.023694927300077512
leaf_weight=7.6434819102287284 62.018837824463844 4.8757860511541349 114.07476004958153 8.1420936286449415 7.2181824445724478 284.45121164619923 36.43110990524292 62.98328922688961 25.32646931707859 9.6751159131526965 51.762718975543976 8.1051711440086347 42.243488848209381 9.0759735405445117 34.917027980089188 63.391054078936577 31.108745202422142 7.89645230770111 6.2056466639041892 12.644809648394583 87.479739084839821 79.54822151362896 14.257854893803595 54.788651719689369 37.686058938503265 4.9772954732179642
leaf_count=32 264 20 466 33 29 1151 162 256 105 39 214 33 171 37 144 256 129 32 25 52 352 328 61 230 159 20
internal_value=7.49069e-06 -0.00854202 -0.00320028 0.0184075 0.00280596 0.00800924 0.0248267 0.0161735 0.0255003 -0.0286051 -0.0328626 -0.0119675 -0.0177741 -0.00605127 -0.0248143 -0.015846 -0.0344629 -0.0221491 -0.0116305 0.00540163 -0.0190915 -0.0359566 0.0346772 0.0266077 0.0421947 0.0083716
internal_weight=1168.93 798.096 630.284 370.833 493.224 398.526 306.137 162.973 87.3453 167.812 141.164 64.6964 56.5543 26.6475 137.06 71.0345 66.0258 16.9724 48.4491 75.6281 94.6979 131.311 143.164 69.0465 74.1172 9.85308
internal_count=4800 3249 2559 1551 1998 1617 1289 677 369 690 582 262 229 108 561 288 273 69 196 308 381 542 612 291 321 40
is_linear=0
shrinkage=0.05


Tree=12
num_leaves=29
num_cat=0
split_feature=4 0 4 6 6 0 4 6 0 2 4 4 0 3 6 3 3 2 6 3 2 5 2 0 5 4 4 0
split_gain=68.2523 41.8779 18.8599 16.8832 16.1659 13.5551 12.0683 10.5955 9.75311 7.12056 9.46468 8.07958 7.09676 6.50356 5.94352 5.53938 5.18707 4.62619 4.57198 4.33432 3.89116 2.9628 8.68851 3.89299 2.96051 1.90585 1.63022 2.34819
threshold=0.6108783488397328 322.10939941068466 0.82137944280667385 1.5000000000000002 1.5000000000000002 386.95887345056184 0.4673602363425351 2.5000000000000004 66.251601552667026 7.5101050919397352 0.8735345900701087 0.70214596876526081 678.72446051103714 90.257899157066419 4.5000000000000009 52.639281903254933 3.3509194783726599 9.0789281945308336 1.0000000180025095e-35 37.656739667265136 8.2536403351618386 8.1364283592327151 6.2642899049073675 24.03319973673921 10.543792137367438 0.57753136431441654 0.44371487007211602 841.96854762410464
decision_type=2 2 2 2 2 2 2 2 2 2 2 2 2 2 2 2 2 2 2 2 2 2 2 2 2 2 2 2
left_child=5 2 3 8 9 6 17 13 -2 10 -3 -11 15 20 -5 -6 25 19 -18 -1 -7 22 -4 -23 -14 -8 -9 -28
right_child=1 4 21 14 12 7 16 26 -10 11 -12 -13 24 -15 -16 -17 18 -19 -20 -21 -22 23 -24 -25 -26 -27 27 -29
leaf_value=-0.030701694583505957 0.040241505937928711 0.0059303773586646498 0.043368651951615017 0.0024291711199179692 -0.0029329837520582058 -0.030215205989725082 0.035538737789212821 -0.07777046265884642 0.015408185213018458 -0.037546890678045459 0.048789428606386881 0.0053506071002938195 -0.025596051656100013 0.033052406783828821 -0.045767910121399309 -0.036398354198864162 0.0094123108448453674 -0.070144120361571444 -0.010212946167406287 -0.0048444938025829568 -0.0049377737560734316 -0.00078961668203745064 -0.0019202071387046553 0.04741126862588628 -0.05291436082465089 -0.0011816994054863689 -0.062786885378548776 -0.022297925463753678
leaf_weight=53.892415329813957 55.838704168796539 117.2370763272047 29.576253578066826 144.30724310874939 68.566756710410118 84.813855111598969 11.092508330941202 8.009331628680231 135.4378302693367 18.681850165128708 14.471362903714178 26.613027796149254 40.882217764854431 4.9390090703964225 6.6931805908679953 15.086103364825247 38.491130992770195 5.5616449117660514 129.59096045792103 23.176607385277748 18.555800229310989 4.5186250507831565 16.497186347842216 57.43064571917057 13.093776598572729 5.1854125112295142 11.675663918256761 5.1651385128498069
leaf_count=223 237 479 126 583 278 348 45 35 564 76 61 109 169 20 27 61 155 24 521 94 76 20 69 253 54 21 50 22
internal_value=7.61243e-06 0.00876048 0.0185396 0.0127911 -0.0052354 -0.0167245 -0.0102255 -0.0297553 0.0226577 0.00475844 0.0106395 -0.0123424 -0.0180884 -0.0229995 0.000292808 -0.00896819 -0.00310875 -0.0261039 -0.00571872 -0.0229258 -0.0256777 0.0367543 0.0271524 0.0438955 -0.0322231 0.0238413 -0.0592005 -0.0503688
internal_weight=1165.08 764.932 450.3 342.277 314.632 400.149 266.991 133.159 191.277 177.003 131.708 45.2949 137.629 108.309 151 83.6529 184.36 82.6307 168.082 77.069 103.37 108.023 46.0734 61.9493 53.976 16.2779 24.8501 16.8408
internal_count=4800 3166 1879 1411 1287 1634 1083 551 801 725 540 185 562 444 610 339 742 341 676 317 424 468 195 273 223 66 107 72
is_linear=0
shrinkage=0.05


Tree=13
num_leaves=29
num_cat=0
split_feature=4 0 4 6 0 6 0 4 6 3 2 2 0 0 6 2 4 2 2 2 2 5 0 6 3 4 0 4
split_gain=61.8317 38.5821 19.454 20.0436 12.4278 10.7159 10.4621 10.1439 10.1193 7.6128 7.31316 7.08739 6.77917 5.10273 4.866 5.85918 4.43479 4.3604 5.46187 4.28575 4.14498 3.6332 3.02463 3.40973 2.54527 1.91471 1.83671 0.995097
threshold=0.6108783488397328 501.24036081001441 0.82137944280667385 1.5000000000000002 356.75408868425239 1.5000000000000002 66.251601552667026 0.4673602363425351 2.5000000000000004 93.054265345654855 0.50330061050110242 7.5101050919397352 1168.1147523957115 417.08113636875197 1.5000000000000002 2.4032049041166696 0.707177830911495 8.7195224832135754 5.5130647280067304 0.75159290641154686 6.9469079279709236 5.4007553761170453 802.39899298803084 2.5000000000000004 41.553182398402903 0.44371487007211602 841.96854762410464 0.40523642047195652
decision_type=2 2 2 2 2 2 2 2 2 2 2 2 2 2 2 2 2 2 2 2 2 2 2 2 2 2 2 2
left_child=4 2 3 6 7 11 -2 17 9 19 -5 12 -3 20 15 -9 -13 18 -1 -6 -4 -16 23 -7 -24 -10 -27 -19
right_child=1 5 13 10 8 22 -8 14 25 -11 -12 16 -14 -15 21 -17 -18 27 -20 -21 -22 -23 24 -25 -26 26 -28 -29
leaf_value=-0.030026379146496376 0.038610418755278875 0.011691250895309268 0.041079892267300994 0.040880050247452289 0.013390577068512547 -0.0052610129358502027 0.013874351071744069 0.028383261615410722 -0.075910604591814881 0.036541896296313825 -0.0040507827551466771 -0.047238360998960595 -0.032012785363028443 -0.0054411449499249635 0.0066301595386014101 -0.0015118667600471283 -0.0062212463890684612 -0.039163511782146575 -0.00048376754785659756 -0.026647862126280827 0.021333316939666145 -0.018078630223371615 -0.043651819864586675 -0.033010987477966713 -0.012256917293879614 -0.056548820782451173 -0.021304537572836985 -0.071347882747934285
leaf_weight=45.060095220804214 55.301551282405853 72.550869137048721 80.848391398787498 9.5112247169017774 7.1304831355810157 27.376796945929527 188.27865995466709 20.949502199888229 8.0609814971685427 5.414695516228675 189.39356337487698 11.182242482900621 10.109462574124334 8.5244533568620664 19.960876300930977 75.304822042584419 16.0466388463974 4.6715393960475904 23.966786667704582 106.65313474833965 39.588167369365692 58.417699784040451 26.455160185694695 18.584015533328056 8.5398616790771467 13.187421754002573 5.1364261358976355 4.9428379088640213
leaf_count=186 237 295 355 39 29 111 783 85 36 22 764 46 41 36 80 303 65 20 99 439 171 235 111 77 35 57 22 21
internal_value=7.75367e-06 0.00835379 0.0148544 0.00987398 -0.0159431 -0.011111 0.0194903 -0.00925165 -0.0275843 -0.0213823 -0.00190228 -0.000941699 0.00634619 0.031943 -0.00253677 0.00499473 -0.023066 -0.0241629 -0.0197689 -0.0241388 0.0345891 -0.011786 -0.0249148 -0.0164816 -0.0359905 -0.055603 -0.0466694 -0.0557098
internal_weight=1161.15 762.291 571.446 442.485 398.857 190.845 243.58 253.274 145.583 119.198 198.905 109.889 82.6603 128.961 174.633 96.2543 27.2289 78.6413 69.0269 113.784 120.437 78.3786 80.9558 45.9608 34.995 26.3848 18.3238 9.61438
internal_count=4800 3166 2385 1823 1634 781 1020 1029 605 490 803 447 336 562 703 388 111 326 285 468 526 315 334 188 146 115 79 41
is_linear=0
shrinkage=0.05


Tree=14
num_leaves=28
num_cat=0
split_feature=4 0 4 0 6 4 5 6 2 3 3 0 6 0 2 6 2 3 6 4 2 6 4 3 5 4 2
split_gain=57.4357 30.6361 26.4828 18.9614 17.064 9.56922 6.79209 5.86025 8.47128 6.9381 5.4268 7.27542 6.16634 4.69869 4.69178 7.20966 4.70412 4.15076 4.09812 5.30992 4.72643 3.18984 3.54336 2.89243 2.59852 2.22974 1.7132
threshold=0.7576098806392233 561.95106698171264 0.50544038023783688 646.17304618821038 2.5000000000000004 0.67128907649410363 8.1364283592327151 2.5000000000000004 0.67840467230281654 39.027781068761747 25.293349912554685 976.90036916712791 2.5000000000000004 721.68088930325939 6.9469079279709236 1.5000000000000002 8.4851834057151603 38.624666515717934 1.5000000000000002 0.33802542015873954 5.6239164460416751 2.5000000000000004 0.80750373435724787 5.4312227629865619 10.33855204028065 0.44371487007211602 3.2390400373374115
decision_type=2 2 2 2 2 2 2 2 2 2 2 2 2 2 2 2 2 2 2 2 2 2 2 2 2 2 2
left_child=1 2 18 6 5 -4 14 8 -3 -10 12 13 24 -12 15 -2 -16 -6 19 -1 -20 22 -8 -23 -5 -9 -27
right_child=3 7 4 10 17 -7 21 25 9 -11 11 -13 -14 -15 16 -17 -18 -19 20 -21 -22 23 -24 -25 -26 26 -28
leaf_value=-0.05329743025611431 0.034134557834214894 0.027350635967218536 0.0015589496310195539 0.026804294415963326 -0.0087996683351130919 0.017098748068838768 0.021949603935833922 -0.073812543862055754 -0.031890400597390699 -0.0069036426489841015 -0.046846077376994484 -0.063996483182981942 -0.043282449632761961 0.010308733135349413 -0.013220442167725109 0.0064693304348286702 0.018454602500374489 -0.030997687729797122 -0.043591357815687251 -0.0086930720808510355 -0.016554942692192116 -0.015100578795385778 0.042199667567023535 0.024633783947585672 -0.0068264815956530604 -0.023548125825145885 -0.048890445894633011
leaf_weight=7.4623267650604239 53.645997881889343 8.437951520085333 259.68733428418636 17.102767780423171 69.675232380628586 160.16726061701775 31.678152441978455 5.4454549849033347 91.801922082901001 39.837860271334648 5.1637121140956941 8.3659988492727262 5.3941404223442069 11.843727394938467 23.348522022366524 41.976956814527512 23.538360863924026 30.181256100535393 34.250784128904343 63.020849630236626 30.613076731562614 5.6420756578445461 67.917883217334747 24.331693440675735 8.6480056941509229 11.059108525514604 16.79942612349987
leaf_count=32 234 34 1049 69 281 665 137 25 381 163 21 34 23 48 96 172 98 122 144 256 129 24 304 104 35 47 73
internal_value=7.50677e-06 -0.00700849 -0.00206176 0.0176958 0.00306869 0.00748711 0.02317 -0.0256979 -0.0212157 -0.0243287 -0.00865701 -0.0258223 0.00532737 -0.00704432 0.0156372 0.02199 0.0026812 -0.0155089 -0.0217619 -0.0134155 -0.0308313 0.031455 0.0357588 0.0171544 0.0155099 -0.0445501 -0.0388302
internal_weight=1157.04 828.44 655.058 328.598 519.711 419.855 272.08 173.382 140.078 131.64 56.5184 25.3734 31.1449 17.0074 142.51 95.623 46.8869 99.8565 135.347 70.4832 64.8639 129.57 99.596 29.9738 25.7508 33.304 27.8585
internal_count=4800 3401 2678 1399 2117 1714 1169 723 578 544 230 103 127 69 600 406 194 403 561 288 273 569 441 128 104 145 120
is_linear=0
shrinkage=0.05


Tree=15
num_leaves=25
num_cat=0
split_feature=4 0 4 0 6 2 5 5 3 2 4 4 6 2 4 0 2 6 4 5 4 3 6 6
split_gain=52.1436 24.3956 22.434 20.5992 16.6072 8.57646 8.45064 5.44538 5.38312 7.83603 4.74579 6.96839 4.66051 5.76668 4.56873 4.40348 3.85361 3.75885 4.89604 4.5591 3.68631 3.0052 3.39442 2.65166
threshold=0.74478674235488451 561.95106698171264 0.50544038023783688 630.27870651591672 2.5000000000000004 0.95384904913168322 8.1364283592327151 2.84362135864257 39.027781068761747 0.75159290641154686 0.71007980766248135 0.65994218881540212 1.5000000000000002 8.0629121160862116 0.76383880747598953 697.7317086572067 8.3927421315079425 1.5000000000000002 0.33802542015873954 5.0516435950119192 0.52865577210554282 90.257899157066419 1.0000000180025095e-35 1.0000000180025095e-35
decision_type=2 2 2 2 2 2 2 2 2 2 2 2 2 2 2 2 2 2 2 2 2 2 2 2
left_child=1 2 17 6 5 -4 12 -5 9 -3 11 -10 13 -2 -9 -16 -14 18 -1 -19 -6 22 -8 -11
right_child=3 8 4 7 20 -7 21 14 10 23 -12 -13 16 -15 15 -17 -18 19 -20 -21 -22 -23 -24 -25
leaf_value=-0.051367322906546942 0.027778210119381232 0.015322115352331434 0.028424787226616788 0.029725564808010269 0.023304995468651429 0.004254997682959406 0.0464991050504776 -0.050430384008445087 -0.015002945036962194 -0.018452535813438805 -0.054164917985498766 0.034884141958808783 -0.00073084033763868607 -0.0051531223718670714 -0.044587939545465215 -0.0031225132398042658 0.029642830430072695 -0.0067128984843045237 -0.0082648522272549887 -0.037256930133792519 -0.019050451346917657 -0.009695092454597886 0.027356291795355189 -0.037749448931594029
leaf_weight=7.3582489639520636 68.687830850481987 8.7919373214244825 40.929294213652611 7.5975545346736899 5.4524814039468756 355.45582766830921 29.774432420730591 7.9759749621152869 32.769797384738922 22.44671219587326 5.3999218642711631 8.9014053046703321 62.711804777383804 16.484036475419998 7.58797763288021 40.989372998476028 12.52903465926647 16.38215172290802 62.973035216331482 48.05185741186142 88.79596896469593 4.5531372576951972 104.20500566065311 86.044970363378525
leaf_count=32 300 36 169 31 22 1448 135 33 136 93 22 36 256 69 31 167 52 68 256 205 359 20 457 367
internal_value=7.24355e-06 -0.00720299 -0.00269802 0.0156899 0.00226511 0.00675068 0.0212067 -0.0100188 -0.0243452 -0.0300778 -0.0100616 -0.00434654 0.0133945 0.0214047 -0.0153581 -0.00959958 0.00432696 -0.020767 -0.0127743 -0.0294912 -0.0166001 0.0302528 0.0316104 -0.033757
internal_weight=1152.85 789.754 625.399 363.096 490.634 396.385 298.945 64.1509 164.355 117.284 47.0711 41.6712 160.413 85.1719 56.5533 48.5774 75.2408 134.765 70.3313 64.434 94.2485 138.533 133.979 108.492
internal_count=4800 3249 2559 1551 1998 1617 1289 262 690 496 194 172 677 369 231 198 308 561 288 273 381 612 592 460
is_linear=0
shrinkage=0.05


Tree=16
num_leaves=30
num_cat=0
split_feature=4 0 4 6 6 0 6 4 5 0 2 2 0 4 3 6 5 0 2 3 2 2 6 3 3 4 2 4 3
split_gain=47.8096 30.6699 14.398 12.5354 12.0951 10.4509 8.09309 7.02791 6.54947 5.76885 5.81067 5.75122 5.8963 5.53647 4.73547 4.64075 6.65488 4.34771 4.10421 5.56923 4.0226 3.89234 3.65324 3.16896 2.61625 2.38934 2.79894 2.04736 0.175248
threshold=0.6108783488397328 322.10939941068466 0.78528309782223216 1.5000000000000002 1.5000000000000002 292.85626003737121 2.5000000000000004 0.47031132642397327 6.5412392970507476 1319.0403397627915 7.5854920495243165 1.6636509071934815 434.71315025352112 0.67332703957289708 2.847980139941392 1.0000000180025095e-35 4.3247055481100523 678.72446051103714 9.0789281945308336 37.656739667265136 8.0629121160862116 7.6833539975249545 3.5000000000000004 5.7021060857486097 0.99653409060460552 0.44371487007211602 6.0482677114949075 0.8577090538866553 23.208769849526799
decision_type=2 2 2 2 2 2 2 2 2 2 2 2 2 2 2 2 2 2 2 2 2 2 2 2 2 2 2 2 2
left_child=5 2 3 13 9 7 15 18 -5 10 -3 12 -6 -2 24 16 -7 -13 19 -1 -17 -16 23 -4 -9 28 -27 -24 -8
right_child=1 4 22 8 11 6 25 14 -10 -11 -12 17 -14 -15 21 20 -18 -19 -20 -21 -22 -23 27 -25 -26 26 -28 -29 -30
leaf_value=-0.026824207791838951 0.0067569992641696268 0.01137726853507761 0.014448384249852762 -0.016435584418199218 0.046599477461069599 -0.058382593646827845 -0.060785076731225289 0.001647767998300363 0.0066890997141985141 -0.034969222015763801 -0.010578993270728284 -0.012492840375665559 -0.010265304287090028 0.025786157750579214 0.00068702561366149073 -0.029080790733874307 0.0040170508914889767 -0.032438709147642991 -0.065305825755717306 0.0043908396627177736 -0.0042142181376333679 -0.019688814986326769 -0.02260599494891137 0.033930693470188227 0.04942927046704735 -0.052134181208224474 -0.015610278410336652 0.023237814923415191 -0.074741127719221923
leaf_weight=44.786147624254227 61.468296498060226 126.74960722029209 25.459727436304092 50.045601576566696 6.8047976940870312 4.8784052431583396 4.2364579290151614 4.923762843012808 78.880357071757317 8.9876226931810361 39.531762331724167 71.020350396633148 13.810309514403341 101.07987703382969 112.8735019415617 79.670448705554008 34.421483680605888 44.401885241270065 4.6840664297342292 20.984282121062279 20.435047760605812 29.580210298299789 5.2094088196754438 115.84656946361065 6.8510385453701019 13.213035389781 8.6986479014158231 4.5735610574483871 4.7957937568426132
leaf_count=189 252 525 113 202 28 20 20 20 319 37 163 289 57 435 455 332 141 188 21 86 85 119 22 516 28 58 38 20 22
internal_value=6.96972e-06 0.00739034 0.0158487 0.00935559 -0.00463429 -0.0140833 -0.0234232 -0.0070019 -0.00228728 0.00404845 0.00615738 -0.015821 0.00850507 0.0185902 -0.00102508 -0.0182887 -0.00372879 -0.0201658 -0.0200855 -0.0168649 -0.0240046 -0.00354397 0.0283748 0.0304205 0.0294489 -0.046555 -0.0376347 -0.00117391 -0.0681952
internal_weight=1148.9 753.87 442.563 291.474 311.306 395.032 170.349 224.683 128.926 175.269 166.281 136.037 20.6151 162.548 154.229 139.405 39.2999 115.422 70.4545 65.7704 100.105 142.454 151.089 141.306 11.7748 30.9439 21.9117 9.78297 9.03225
internal_count=4800 3166 1879 1208 1287 1634 716 918 521 725 688 562 85 687 622 578 161 477 296 275 417 574 671 629 48 138 96 42 42
is_linear=0
shrinkage=0.05


Tree=17
num_leaves=27
num_cat=0
split_feature=4 0 4 0 6 0 0 5 3 2 3 2 6 2 4 4 5 6 4 2 6 3 4 4 3 5
split_gain=44.0596 23.8928 19.9312 14.6926 13.4512 7.15704 6.6986 5.4345 5.15138 4.91531 4.81248 4.75011 6.02682 4.7437 4.50327 4.46672 3.86252 3.33902 4.49524 4.46842 2.94704 2.1009 1.78035 4.3201 1.39398 0.299897
threshold=0.7576098806392233 561.95106698171264 0.50544038023783688 928.25816448005901 1.5000000000000002 92.177834203878589 322.10939941068466 9.1156343746913517 68.68260297677601 0.67840467230281654 3.6784859081459267 7.5101050919397352 1.5000000000000002 8.3482434314069689 0.87904272199694033 0.87081823168320149 8.7039350793594839 1.5000000000000002 0.33802542015873954 5.6239164460416751 2.5000000000000004 26.312010797362248 0.54910055010367964 0.63595009787024848 17.171204311779324 6.9171472490267014
decision_type=2 2 2 2 2 2 2 2 2 2 2 2 2 2 2 2 2 2 2 2 2 2 2 2 2 2
left_child=1 2 17 6 5 -4 7 14 9 24 -9 12 -8 -13 -2 21 -6 18 -1 -19 -11 -5 -10 -24 -3 -23
right_child=3 8 4 15 16 -7 11 10 22 20 -12 13 -14 -15 -16 -17 -18 19 -20 -21 -22 25 23 -25 -26 -27
leaf_value=-0.048879144945892586 0.014269597577185659 0.024495018341319657 0.021840631361623269 -0.015966570200723153 -0.011577953830022379 0.0046829838955654533 0.026500291323313181 -0.0018122139578167738 -0.021062691615043219 -0.024578480911221074 0.040425518003827876 -0.039579477721056994 -0.0011021481508282007 0.005554909933490634 0.041650106602627773 0.019141527590180323 0.0020501690784498561 -0.039865348783786725 -0.007173657503519764 -0.013315144323917264 -0.042775070896405594 -0.058389130210310836 0.047019554934701356 -0.014176962079947637 -0.012102974883469982 -0.040856591026847196
leaf_weight=7.2024943381547919 108.42149621248245 5.5829146951436979 85.853489771485329 8.8805356174707466 141.62215957045555 208.11053337156773 45.601909264922142 7.6017176061868659 5.0842526555061367 115.94757625460625 59.757791578769684 8.9383187741041201 34.918610811233521 16.695531159639359 17.431426733732224 5.1258187741041175 82.151856005191803 33.478156939148903 62.768333077430725 30.091826319694519 27.534858897328377 4.8536239117383939 5.4151305407285673 6.1696074306964874 4.8726937621831894 4.9028555601835251
leaf_count=32 468 23 361 37 572 852 195 34 21 487 277 37 143 69 78 21 332 144 256 129 125 20 22 25 20 20
internal_value=6.70071e-06 -0.00614319 -0.00177992 0.0156491 0.00266236 0.00969395 0.0186529 0.0241968 -0.0227996 -0.0256586 0.0356589 0.0085625 0.0145302 -0.0101831 0.018062 -0.0221938 -0.0065748 -0.0190026 -0.0114666 -0.0272974 -0.0280705 -0.0335625 0.00360326 0.0144285 0.00743902 -0.0495786
internal_weight=1145.02 821.886 651.279 323.13 517.738 293.964 299.367 193.212 170.607 153.938 67.3595 106.154 80.5205 25.6338 125.853 23.7628 223.774 133.541 69.9708 63.57 143.482 18.637 16.669 11.5847 10.4556 9.75648
internal_count=4800 3401 2678 1399 2117 1213 1301 857 723 655 311 444 338 106 546 98 904 561 288 273 612 77 68 47 43 40
is_linear=0
shrinkage=0.05


Tree=18
num_leaves=30
num_cat=0
split_feature=4 0 4 6 6 0 0 6 4 2 0 2 4 0 2 2 2 4 5 4 0 2 3 3 2 4 2 4 3
split_gain=40.4672 25.4147 11.583 10.5833 10.419 9.08008 7.98607 7.35202 6.18312 5.12474 5.2864 5.03206 4.98319 5.86965 5.43547 4.57308 4.45407 4.43534 4.29592 4.21393 3.80876 3.69317 2.89591 4.86773 2.51753 2.3159 2.62948 0.325628 0.167995
threshold=0.6108783488397328 318.17686993500365 0.82137944280667385 1.5000000000000002 1.5000000000000002 292.85626003737121 66.251601552667026 2.5000000000000004 0.32579984418488156 1.6636509071934815 434.71315025352112 0.6387040972451431 0.8735345900701087 1168.1147523957115 7.5101050919397352 0.95384904913168322 0.25607511612633915 0.4115639261551734 12.49144760307861 0.34632031773320021 678.72446051103714 1.2713060505236264 38.372982181401532 43.868376195711633 0.84589393481324504 0.44371487007211602 6.0482677114949075 0.287607165185707 23.208769849526799
decision_type=2 2 2 2 2 2 2 2 2 2 2 2 2 2 2 2 2 2 2 2 2 2 2 2 2 2 2 2 2
left_child=5 2 3 6 12 8 -2 17 27 10 -6 -5 13 -3 -14 16 -10 19 -19 -7 -11 -17 24 -24 -4 28 -27 -1 -9
right_child=1 4 22 11 9 7 -8 25 15 20 -12 -13 14 -15 -16 21 -18 18 -20 -21 -22 -23 23 -25 -26 26 -28 -29 -30
leaf_value=-0.054114867848709683 0.034410240213487757 0.0039074943161532929 0.0069554349696944601 0.035167371087128252 0.044765638448467128 -0.010758491955002475 0.011504069923980311 -0.05848101599073089 -0.021694127827907122 -0.011436521931814955 -0.0092035957303507436 -0.0021439307191296469 0.044097814541933858 -0.031097188429013146 -0.014477373267287971 -0.048285395123101732 0.029668494608634861 -0.015840599411945478 0.018212608341985358 -0.05392664739681078 -0.030137767381075761 -0.005944436594678631 -0.027100968516000207 0.026185150698693316 0.037443956733414517 -0.049569256111721006 -0.013878820720330752 -0.035881693660924183 -0.072402095496516938
leaf_weight=5.0235727131366712 53.623602345585823 144.04556360840797 7.5210999548435202 9.6602228581905347 6.7687860429286983 9.4258810579776782 131.02921630442142 4.0831806957721728 5.6391365528106716 71.907905831933022 13.76396171748638 139.98049992322922 14.151108965277674 13.061579197645186 5.4997185915708533 5.2965746968984595 16.782604187726974 104.81352822482586 10.159152239561079 14.124782547354696 43.815443888306618 186.25604556500912 5.422714531421664 20.443391278386116 67.874366000294685 12.906678169965746 8.5989074707031232 4.7774462550878525 4.6183678358793259
leaf_count=23 237 595 35 40 28 41 557 20 23 293 57 567 62 54 23 22 69 435 42 60 188 760 25 93 312 58 38 21 22
internal_value=6.63652e-06 0.00682486 0.014635 0.0101473 -0.0040428 -0.0129968 0.0181561 -0.0217547 -0.00639315 -0.0144327 0.0085878 0.000264742 0.00396639 0.000997274 0.0277043 -0.00461437 0.0167506 -0.0168809 -0.0128316 -0.0366491 -0.0185172 -0.0071152 0.02945 0.015014 0.0344026 -0.044105 -0.0352986 -0.0452272 -0.0658697
internal_weight=1141.08 748.569 435.555 334.294 313.014 392.506 184.653 168.73 223.775 136.256 20.5327 149.641 176.758 157.107 19.6508 213.974 22.4217 138.523 114.973 23.5507 115.723 191.553 101.262 25.8661 75.3955 30.2071 21.5056 9.80102 8.70155
internal_count=4800 3166 1866 1401 1300 1634 794 716 918 566 85 607 734 649 85 874 92 578 477 101 481 782 465 118 347 138 96 44 42
is_linear=0
shrinkage=0.05


Tree=19
num_leaves=26
num_cat=0
split_feature=4 0 4 6 0 4 6 2 0 0 0 4 3 2 5 4 0 3 0 2 3 0 3 4 5
split_gain=37.3252 20.3619 16.7394 14.7814 12.3873 6.45319 5.92478 6.56664 4.98084 4.80052 5.17238 4.65182 4.63643 4.55714 4.48667 3.8669 2.81237 2.77273 4.60632 4.17298 1.95707 1.67461 1.26919 0.648708 0.271816
threshold=0.7576098806392233 561.95106698171264 0.4673602363425351 1.5000000000000002 928.25816448005901 0.67128907649410363 1.5000000000000002 9.6720823988570235 54.203670177324192 326.1934500573754 386.95887345056184 0.93273792561074609 68.68260297677601 0.67840467230281654 2.84362135864257 0.87081823168320149 1424.9623382273592 37.656739667265136 205.01266286179009 6.6976977384774834 26.312010797362248 928.25816448005901 17.171204311779324 0.6247457955492165 6.9171472490267014
decision_type=2 2 2 2 2 2 2 2 2 2 2 2 2 2 2 2 2 2 2 2 2 2 2 2 2
left_child=1 2 17 5 6 -4 7 8 -2 11 -11 -8 13 22 -5 20 -15 19 -19 -1 -6 23 -3 -14 -22
right_child=4 12 3 14 15 -7 9 -9 -10 10 -12 -13 21 16 -16 -17 -18 18 -20 -21 24 -23 -24 -25 -26
leaf_value=-0.036425966903858367 0.050069301472967037 0.024330033696940336 0.0035333171388445411 -0.030880977211244245 -0.013994636139864784 0.018541030793131554 0.013514170026464501 -0.032858556448183932 0.02236275333418453 -0.040931036834181839 0.0040056736004635777 0.063237429236482803 0.0034966647539567985 -0.024135624208757294 -0.005597425044696909 0.018133194564490949 -0.050142352935877724 0.0075309551561621862 -0.032698092075978173 -0.01029657152430598 -0.055024764479509526 0.02464483576308019 -0.010650153603893845 -0.021444049623241201 -0.038248145988651859
leaf_weight=41.220067098736763 18.434333547949791 5.5712850391864759 200.92779102921486 19.050288960337639 8.8206673413515144 111.3086546510458 87.704797357320786 4.9433671683073035 135.1001510322094 7.7375768572092047 37.145227923989296 4.9703147113323203 5.5495314151048678 130.50262978672981 222.26484248042107 5.106790915131568 11.295129865407942 18.035753667354587 11.752295315265654 24.281082972884178 4.7918123304843885 6.1552408486604682 4.8509374409914017 4.9173791110515594 4.866292417049408
leaf_count=178 88 23 816 77 37 475 378 22 606 32 152 23 23 562 902 21 50 75 50 105 20 25 20 20 20
internal_value=6.65999e-06 -0.00565649 -0.00163157 0.0017005 0.0144946 0.00888339 0.017273 0.0238631 0.0256894 0.00968066 -0.0037412 0.0161809 -0.0211238 -0.0238618 -0.0075934 -0.0203783 -0.0262072 -0.0209881 -0.00834063 -0.0267399 -0.0310214 0.00394962 0.00804879 -0.00822054 -0.0465718
internal_weight=1137.3 817.683 648.841 553.552 319.621 312.236 296.036 158.478 153.534 137.558 44.8828 92.6751 168.842 152.22 241.315 23.5856 141.798 95.2892 29.788 65.5012 18.4788 16.6222 10.4222 10.4669 9.6581
internal_count=4800 3401 2678 2270 1399 1291 1301 716 694 585 184 401 723 655 979 98 612 408 125 283 77 68 43 43 40
is_linear=0
shrinkage=0.05


Tree=20
num_leaves=27
num_cat=0
split_feature=4 0 0 4 6 6 2 5 4 0 5 0 4 5 3 4 4 2 6 0 3 6 2 6 5 3
split_gain=33.9428 16.9178 13.5564 11.964 11.6924 8.63227 7.27594 7.23632 5.81379 5.75176 5.75681 5.30917 5.30062 5.09573 4.45789 4.30475 3.98835 3.68072 3.39493 3.35137 2.74647 3.08643 2.40508 2.30678 2.14684 0.159605
threshold=0.74478674235488451 292.85626003737121 630.27870651591672 0.55549655446623802 2.5000000000000004 2.5000000000000004 7.9138200475180733 8.1364283592327151 0.41640365594573647 270.47785203020834 4.6816384569510774 561.95106698171264 0.71325100211224868 2.9772764818245938 21.72828246185593 0.44371487007211602 0.78660476907912213 6.8108799318924982 3.5000000000000004 697.7317086572067 90.257899157066419 1.0000000180025095e-35 2.6689216912376459 1.5000000000000002 6.3916719095529571 23.208769849526799
decision_type=2 2 2 2 2 2 2 2 2 2 2 2 2 2 2 2 2 2 2 2 2 2 2 2 2 2
left_child=1 3 7 9 6 8 -5 18 14 10 -1 -10 -6 -4 -3 25 23 -17 22 -18 21 -9 -2 -15 -20 -7
right_child=2 5 13 4 12 15 -8 20 11 -11 -12 -13 -14 16 -16 17 19 -19 24 -21 -22 -23 -24 -25 -26 -27
leaf_value=0.0081714880981281039 0.022195526020270185 -0.056054571746768603 0.029231888563033936 0.015980367895238767 -0.0069184361571460436 -0.05655792457580866 -0.0052889927104656249 0.041926829307475169 -0.0011351967705626306 0.028206678292432171 -0.018573789858877861 -0.015626595348653093 -0.047265077823933091 -0.015235736208367198 -0.013594950808220549 -0.01697857482309718 -0.040198320393701165 -0.044341104693698265 -0.040386041293141078 0.00074618782575334411 -0.012568858180759472 0.023224753507985942 0.0080308307276558601 -0.054163965227790448 0.0059478935923038831 -0.070376148451924234
leaf_weight=24.632640779018402 41.918427318334579 11.55843645334244 7.988448664546012 185.45980678498745 45.885462582111359 3.9460112452507001 51.339367672801018 28.253627806901932 133.36948426067829 8.7303562015295011 109.82641761004925 120.137794688344 9.8961925953626615 7.3957484364509565 13.28945869207382 39.364346876740456 5.8501157462596884 17.869352951645851 5.1793860346078855 34.299356296658516 4.4638120532035819 100.64336533844471 105.11654314398766 7.839352011680603 4.8326650559902191 4.4420748353004456
leaf_count=101 183 51 33 769 185 20 211 135 543 36 458 507 40 30 57 171 24 78 21 141 20 457 453 34 20 22
internal_value=6.63173e-06 -0.00582135 0.0128517 0.000722007 0.0065178 -0.0141109 0.0113691 0.0174239 -0.010265 -0.0111206 -0.0136741 -0.00800271 -0.0140763 -0.00810035 -0.0333458 -0.0304242 -0.013485 -0.0255216 0.0101507 -0.00521977 0.0259889 0.0273242 0.0120691 -0.0352666 -0.0180214 -0.0638756
internal_weight=1133.53 779.747 353.781 435.77 292.581 343.977 236.799 290.408 278.355 143.189 134.459 253.507 55.7817 63.373 24.8479 65.6218 55.3846 57.2337 157.047 40.1495 133.361 128.897 147.035 15.2351 10.0121 8.38809
internal_count=4800 3249 1551 1800 1205 1449 980 1289 1158 595 559 1050 225 262 108 291 229 249 677 165 612 592 636 64 41 42
is_linear=0
shrinkage=0.05


Tree=21
num_leaves=27
num_cat=0
split_feature=4 0 6 4 6 5 0 6 2 3 0 4 5 4 3 4 6 4 3 3 5 3 2 0 2 5
split_gain=31.3885 19.9489 8.37042 7.79025 7.81964 7.94596 7.46658 7.52167 6.85451 6.43403 6.14065 6.11332 6.00025 4.99348 4.7846 4.52334 3.90121 3.7727 3.43507 2.84035 2.5771 2.38947 2.07161 1.78179 1.66164 0.788498
threshold=0.6108783488397328 185.71654991065404 1.5000000000000002 0.87904272199694033 1.5000000000000002 6.1905390450667195 386.95887345056184 2.5000000000000004 6.4608294204317378 7.1321274464259217 802.39899298803084 0.37706547177866173 7.0297061765273385 0.74982313132037259 90.257899157066419 0.39287050939010298 1.0000000180025095e-35 0.58870698341775063 77.713336443458317 37.656739667265136 11.030373984534839 41.553182398402903 6.8540433038748789 841.96854762410464 8.0245782045817187 7.9719749909468556
decision_type=2 2 2 2 2 2 2 2 2 2 2 2 2 2 2 2 2 2 2 2 2 2 2 2 2 2
left_child=6 3 8 4 18 -6 11 14 9 -3 13 19 -10 -4 17 -13 -17 -8 -2 22 24 -12 -1 25 -5 -9
right_child=1 2 10 20 5 -7 7 23 12 -11 21 15 -14 -15 -16 16 -18 -19 -20 -21 -22 -23 -24 -25 -26 -27
leaf_value=-0.049719134937587423 0.023734710516298513 0.029621461305917741 -0.012546299889801186 0.062857015060521368 -0.01210665463074679 0.013953140668248154 -0.013728446506623091 -0.046583615808508796 -0.021292827449853488 0.0060394204940731177 -0.03569713298418932 0.04008179447971149 0.0047424078826749927 0.005142773519269981 0.032286454228708121 0.0068027701053740043 -0.0086899979988697661 -0.039113295863638507 -0.0074278450254508764 -0.0046727555485432436 0.019236610124594801 -0.0046976284955912448 -0.015399601481431711 -0.026520000306586272 0.026892694579204703 -0.069335075557372436
leaf_weight=13.684238389134412 133.68626783788204 38.097032815217972 86.560870364308357 12.751273721456533 45.509079813957214 81.880283147096634 82.011969208717346 7.9228831827640551 36.206728771328926 120.12782591581345 25.008427903056145 5.6798497736454001 56.922077208757401 74.006214365363121 4.9122959375381461 52.928303316235542 174.91960945725441 17.816414058208466 9.4696050584316236 8.8198818415403348 7.890411600470542 8.2726141810417158 6.4789473563432685 6.6586773842573157 4.292973890900611 7.3328233659267426
leaf_count=62 599 162 355 62 186 343 349 38 150 510 111 24 242 310 20 215 716 75 42 37 39 35 29 32 20 37
internal_value=6.18328e-06 0.00604702 -0.000637949 0.0161193 0.0136546 0.00464344 -0.0114911 -0.0214618 0.00538284 0.0117175 -0.00844482 -0.00668044 -0.0053796 -0.00439331 -0.0158883 -0.00399239 -0.00509108 -0.0182589 0.0216733 -0.0283391 0.0428617 -0.0279916 -0.0386914 -0.0481002 0.0537986 -0.0575194
internal_weight=1129.85 740.682 445.202 295.48 270.545 127.389 389.166 126.655 251.354 158.225 193.848 262.511 93.1288 160.567 104.741 233.528 227.848 99.8284 143.156 28.9831 24.9347 33.281 20.1632 21.9144 17.0442 15.2557
internal_count=4800 3166 1875 1291 1170 529 1634 551 1064 672 811 1083 392 665 444 955 931 424 641 128 121 146 91 107 82 75
is_linear=0
shrinkage=0.05


Tree=22
num_leaves=28
num_cat=0
split_feature=4 0 0 6 6 4 4 6 2 0 3 0 5 0 6 5 2 6 0 4 5 0 3 2 3 3 4
split_gain=28.9632 15.8197 11.8556 8.48936 8.47728 7.76996 7.03399 5.8122 5.29246 6.93296 5.55764 5.19186 5.19093 5.04043 5.03599 4.30111 4.28546 7.69773 4.25453 3.46526 2.83128 3.61332 2.6668 2.64302 3.50014 1.64776 1.17241
threshold=0.68348167491456302 501.24036081001441 292.85626003737121 2.5000000000000004 4.5000000000000009 0.55549655446623802 0.82893701997459757 2.5000000000000004 3.1049008036101635 1168.1147523957115 9.5030909916079249 270.47785203020834 4.6816384569510774 928.25816448005901 1.0000000180025095e-35 2.2366689149801338 7.9138200475180733 1.0000000180025095e-35 37.716885203262713 0.86794208486729274 9.4713251005576353 434.71315025352112 8.2164603249617159 7.120687083567554 22.884239772534034 22.57845783513477 0.77013154588457466
decision_type=2 2 2 2 2 2 2 2 2 2 2 2 2 2 2 2 2 2 2 2 2 2 2 2 2 2 2
left_child=2 4 5 8 6 11 14 13 9 -4 -10 12 -1 22 -2 -8 17 -7 -18 -15 21 -5 -3 24 -9 -22 -6
right_child=1 7 3 20 26 16 15 23 10 -11 -12 -13 -14 19 -16 -17 18 -19 -20 -21 25 -23 -24 -25 -26 -27 -28
leaf_value=0.0080718988761129592 0.0235841932064801 0.020233420370757284 0.0052132898093635487 -0.0052765716629681915 -0.049942050661278048 0.029049379316458464 -0.015309160567332572 -0.043294298011258725 -0.0003462526212639336 -0.049184093347011848 -0.022633243246290458 0.027101076217136245 -0.017338324303094441 -0.02595331130935577 0.0071186890922981215 0.028251071232085059 -0.043273922529278169 0.0027486378441825584 -0.0016569511305335961 0.019934574947063143 -0.036586114980564882 -0.039493259625342655 -0.0004120788655544343 -0.051995633938520885 0.0048724903972060928 -0.07007229016420774 -0.014919654574866912
leaf_weight=24.624173685908318 58.884932309389114 21.408081635832787 62.471916601061821 12.45001584291458 4.9087222218513471 36.346000224351883 6.0096449702978125 6.8275716155767467 38.032265335321426 6.4633757323026648 105.75037452578545 8.7420336753129941 109.36234764754772 25.927758216857914 219.69596819579601 99.341029644012451 7.4954535216093054 118.60655030608177 33.988802894949913 4.8900959342718116 7.5440450161695463 20.28973913192749 58.069010138511658 8.1215577423572523 8.4265873283147794 7.160747155547142 4.6563819050788879
leaf_count=101 263 89 259 54 20 151 27 30 161 28 444 36 458 108 933 469 31 483 138 20 35 96 240 37 36 33 20
internal_value=5.85348e-06 0.00855429 -0.00751333 -0.0155427 0.0136026 -0.00135426 0.0147609 -0.00630671 -0.0112772 0.000112989 -0.0167381 -0.0102326 -0.0126684 -0.00150686 0.0105991 0.0257662 0.0050966 0.0089178 -0.00917638 -0.0186719 -0.0346674 -0.0264816 0.00514903 -0.0289541 -0.0166864 -0.0528928 -0.0328928
internal_weight=1126.5 527.167 599.328 260.162 393.497 339.165 383.932 133.671 212.718 68.9353 143.783 142.729 133.987 110.295 278.581 105.351 196.437 154.953 41.4843 30.8179 47.4445 32.7398 79.4771 23.3757 15.2542 14.7048 9.5651
internal_count=4800 2292 2508 1110 1732 1398 1692 560 892 287 605 595 559 457 1196 496 803 634 169 128 218 150 329 103 66 68 40
is_linear=0
shrinkage=0.05


Tree=23
num_leaves=25
num_cat=0
split_feature=4 0 4 6 0 3 2 6 0 3 2 4 4 6 0 0 5 3 0 5 4 3 0 6
split_gain=26.5528 14.7305 12.566 11.1296 9.30843 5.79141 5.10471 6.35231 4.94636 4.22818 7.47771 4.99837 5.52499 4.18936 4.19403 4.11786 4.1175 3.52432 3.46259 2.8899 5.48116 4.99496 2.54205 2.15731
threshold=0.7576098806392233 561.95106698171264 0.4673602363425351 1.5000000000000002 928.25816448005901 116.24299013652934 6.884747125536343 3.5000000000000004 646.17304618821038 39.027781068761747 0.75159290641154686 0.71180326343576772 0.65994218881540212 1.5000000000000002 41.246106060747373 28.775668328328432 2.84362135864257 26.312010797362248 1380.2514108574589 8.8343187499911568 0.37706547177866173 4.4367176476457013 1168.1147523957115 1.0000000180025095e-35
decision_type=2 2 2 2 2 2 2 2 2 2 2 2 2 2 2 2 2 2 2 2 2 2 2 2
left_child=1 2 19 5 6 -4 13 8 -8 10 -3 12 -11 14 -2 -15 -5 18 -6 21 -21 -1 -19 -12
right_child=4 9 3 16 17 -7 7 -9 -10 11 23 -13 -14 15 -16 -17 -18 22 -20 20 -22 -23 -24 -25
leaf_value=-0.061194445605119586 0.055177529918693069 0.020831931221968761 0.0086807634214697334 -0.028896940711792236 -0.021247089609265617 -0.043946631524531654 0.013096398784830163 -0.03786917928934027 -0.026444137648829753 -0.0090282574639733246 -0.01329006197386616 -0.04489781532749134 0.034428507452923335 -0.024995122948233348 0.022808771345291926 0.014676821076121083 -0.0046387905968668175 -0.015155099741718584 0.032094745127274511 -0.027408254882857277 0.01160545929722809 -0.019212914889480102 -0.064375558490142551 -0.030509005843977623
leaf_weight=8.2746773809194547 11.203010022640226 8.9047381877899152 304.82418189942837 18.993307679891586 7.796849802136423 5.3187948912382117 81.186248898506165 7.7727921009063712 8.7630571424961072 31.743906512856483 23.128001481294632 6.9335572421550742 9.5037716627120954 7.1209042817354193 93.766459494829178 80.320142447948456 221.41553463041782 5.2966044694185239 4.9890395253896713 17.376934170722961 18.681470781564713 49.291606828570366 5.1971551775932312 85.201994001865387
leaf_count=36 57 37 1269 77 33 22 360 33 36 136 98 29 39 31 438 346 902 22 21 79 80 213 22 384
internal_value=5.39297e-06 -0.00477826 -0.00136057 0.00151923 0.0123623 0.00777823 0.0148031 0.00549688 0.00924427 -0.0180877 -0.0232124 -0.00561823 0.000984504 0.0195296 0.0262634 0.0114461 -0.00655529 -0.0180578 -0.000433166 -0.018295 -0.00719567 -0.0252474 -0.0395321 -0.0268328
internal_weight=1123 809.592 644.177 550.552 313.412 310.143 290.133 97.7221 89.9493 165.416 117.235 48.1812 41.2477 192.411 104.969 87.441 240.409 23.2796 12.7859 93.6247 36.0584 57.5663 10.4938 108.33
internal_count=4800 3401 2678 2270 1399 1291 1301 429 396 723 519 204 175 872 495 377 979 98 54 408 159 249 44 482
is_linear=0
shrinkage=0.05


Tree=24
num_leaves=25
num_cat=0
split_feature=4 0 6 4 6 0 2 6 0 2 0 4 5 5 5 5 5 0 5 5 0 3 3 2
split_gain=24.7304 18.5214 8.90646 8.19456 6.08368 5.84279 5.68534 5.62583 5.58968 4.91245 4.688 5.19433 4.6879 14.8283 4.00381 6.31978 4.75025 3.96689 3.50521 3.40876 3.13144 2.65523 2.58557 2.13594
threshold=0.59922056497433007 318.17686993500365 4.5000000000000009 0.82137944280667385 1.0000000180025095e-35 54.203670177324192 1.1480226319633833 1.5000000000000002 485.8780850939637 1.6636509071934815 330.35622204022519 0.74821416012443442 2.84362135864257 4.4296965119403167 10.670055561240474 7.2335930888341915 12.043128727983673 92.177834203878589 10.543792137367438 12.49144760307861 386.95887345056184 67.218602003148462 21.497017697064823 0.59731989469092928
decision_type=2 2 2 2 2 2 2 2 2 2 2 2 2 2 2 2 2 2 2 2 2 2 2 2
left_child=4 2 3 5 6 -2 23 10 12 18 -3 -12 17 -14 15 -8 -16 -6 -9 22 -11 -5 -10 -1
right_child=1 7 -4 21 8 -7 14 9 19 20 11 -13 13 -15 16 -17 -18 -19 -20 -21 -22 -23 -24 -25
leaf_value=0.014296418061695985 0.021234448665528774 -0.043430396757292461 -0.037930306010171749 0.028199966616764417 -0.0029869560729865775 0.0055567177994603374 -0.013760014190159878 0.021338648708479666 -0.041677779927757057 -0.033481693329239566 -0.0040691933770377522 0.013233094132891407 0.034760577516704798 -0.012948129164956685 -0.068762289988413133 0.019094891496430948 -0.0053711862116533554 -0.05616160145335615 -0.027584603890106127 0.0063641836622782806 -0.01192050119680468 -0.0033773005710098628 -0.020075866409579569 0.057937588958173303
leaf_weight=6.2663033008575422 76.77065771818161 5.5873944461345664 8.8591412305831891 86.794020354747772 5.441410392522811 263.07701607048512 32.267969742417336 16.500709265470508 30.015386447310448 20.381024613976479 105.00115051865578 73.910879269242287 17.953498885035515 175.44630096852779 4.8435866981744748 26.787227481603622 7.5804585218429565 9.8679463267326337 4.7051925361156455 6.5722642540931693 96.921763777732849 7.2102472484111777 25.72310996055603 5.0739906132221222
leaf_count=26 335 24 37 421 22 1109 133 69 139 83 434 318 74 736 20 111 32 41 20 30 415 34 116 21
internal_value=4.97921e-06 0.0050566 0.0116989 0.0127123 -0.0109269 0.00909827 0.000933111 -0.00404726 -0.0145511 -0.0116631 0.00167012 0.00307861 -0.0106276 -0.00851928 -0.00428489 0.00114285 -0.0300846 -0.0372617 0.0104835 -0.0276928 -0.0156667 0.0257779 -0.0317086 0.0338228
internal_weight=1119.56 765.719 442.711 433.852 353.839 339.848 82.8195 323.008 271.02 138.509 184.499 178.912 208.709 193.4 71.4792 59.0552 12.424 15.3094 21.2059 62.3108 117.303 94.0043 55.7385 11.3403
internal_count=4800 3299 1936 1899 1501 1444 343 1363 1158 587 776 752 873 810 296 244 52 63 89 285 498 455 255 47
is_linear=0
shrinkage=0.05


Tree=25
num_leaves=28
num_cat=0
split_feature=4 0 0 6 6 4 4 6 0 4 2 3 0 2 0 5 2 5 6 4 4 5 0 2 4 4 3
split_gain=22.4925 12.7872 9.46035 7.62389 6.64367 6.15206 5.68136 5.00578 4.6703 5.02158 4.55844 5.49152 5.49035 4.46198 4.20675 3.99214 3.91326 10.101 5.67461 3.06503 2.87497 2.94776 2.66526 2.41584 3.30348 1.11865 0.1682
threshold=0.68348167491456302 501.24036081001441 292.85626003737121 2.5000000000000004 4.5000000000000009 0.55549655446623802 0.82893701997459757 2.5000000000000004 270.47785203020834 0.32579984418488156 3.1380320989835346 9.5030909916079249 1168.1147523957115 0.45822277083304169 928.25816448005901 2.2366689149801338 4.9469293484225343 7.3360695796411113 1.0000000180025095e-35 0.86794208486729274 0.44371487007211602 9.4713251005576353 548.77782288090418 7.120687083567554 0.82137944280667385 0.77013154588457466 23.208769849526799
decision_type=2 2 2 2 2 2 2 2 2 2 2 2 2 2 2 2 2 2 2 2 2 2 2 2 2 2 2
left_child=2 4 5 10 6 8 13 14 9 -1 12 -12 -4 -2 22 -8 18 -18 -7 -16 26 -22 -3 24 -9 -6 -5
right_child=1 7 3 20 25 16 15 23 -10 -11 11 -13 -14 -15 19 -17 17 -19 -20 -21 21 -23 -24 -25 -26 -27 -28
leaf_value=-0.048427772460802189 0.035808689130261764 -0.014932669162170661 0.0052375481692125483 -0.052321006929188618 -0.045842330114935208 0.034096369393238533 -0.016453579851795866 0.0016722648239735592 0.026351799365309382 -0.0088389539681073825 0.0013776221011175085 -0.020949868598418995 -0.041565291415616705 0.0079377658478185422 -0.024022203486631311 0.025690111578999378 -0.020228192397453333 0.011515465178993507 0.00514082791347627 0.019188839212912465 -0.01748616586892518 -0.047419952991677831 0.0090039088847081103 -0.049438626986349404 -0.047553316308330956 -0.011646494457219932 -0.067160566785054235
leaf_weight=8.560040667653082 15.195483162999151 14.166233509778975 63.145742997527122 3.5978733450174323 4.8518284261226636 22.162172242999077 5.9658402800559989 9.8823535889387149 8.7377314716577512 124.66881138086319 37.526696041226387 103.47645545005798 6.9563641846179953 261.28401793539524 25.693540722131733 96.730502679944038 44.022106111049652 58.181964591145515 71.540714278817177 4.8838385343551627 26.779087409377098 11.870065480470656 64.93888857960701 7.8974987119436255 5.2024723887443534 4.7164987474679947 4.0691569745540619
leaf_count=41 67 60 263 20 20 93 27 44 36 518 160 438 31 1129 108 469 180 238 292 20 122 54 269 37 22 20 22
internal_value=4.92329e-06 0.00758714 -0.00663622 -0.0138575 0.0121613 -0.00113444 0.0131997 -0.00581651 -0.00906009 -0.0113826 -0.00982702 -0.0150076 0.000593214 0.00946957 -0.00137065 0.0232419 0.00460899 -0.0021574 0.0119893 -0.0171205 -0.0322279 -0.0266795 0.00471732 -0.0270343 -0.0153047 -0.0289862 -0.0601969
internal_weight=1116.7 521.409 595.295 257.421 388.744 337.874 379.176 132.665 141.967 133.229 211.105 141.003 70.1021 276.48 109.683 102.696 195.907 102.204 93.7029 30.5774 46.3162 38.6492 79.1051 22.9823 15.0848 9.56833 7.66703
internal_count=4800 2292 2508 1110 1732 1398 1692 560 595 559 892 598 294 1196 457 496 803 418 385 128 218 176 329 103 66 40 42
is_linear=0
shrinkage=0.05


Tree=26
num_leaves=25
num_cat=0
split_feature=4 0 6 5 4 4 6 0 2 0 2 5 4 4 0 3 3 0 5 3 5 4 2 5
split_gain=20.6106 15.7074 7.23958 6.59206 8.8728 5.45068 5.93586 5.33742 4.86644 4.86292 10.5104 4.94352 4.54103 4.48049 4.40808 6.03109 4.0583 3.9676 5.58585 3.8839 3.66769 3.60866 3.49039 2.95696
threshold=0.59922056497433007 243.61786116048305 1.5000000000000002 6.5412392970507476 0.73178998668301787 0.3065755169846946 1.0000000180025095e-35 27.16900903193692 2.9213659338718934 92.177834203878589 3.0266609177089991 2.84362135864257 0.8735345900701087 0.89773697357958071 956.16013012286101 87.927798015473641 5.9649324549398051 54.203670177324192 2.2366689149801338 62.128307042785643 13.475861846744342 0.90299394370938735 1.9979831081923551 10.261365317767783
decision_type=2 2 2 2 2 2 2 2 2 2 2 2 2 2 2 2 2 2 2 2 2 2 2 2
left_child=5 2 17 4 -4 23 7 -7 12 10 -8 -11 20 -5 15 -10 -16 19 -19 -2 -3 -14 -9 -1
right_child=1 8 3 13 -6 6 9 22 14 11 -12 -13 21 -15 16 -17 -18 18 -20 -21 -22 -23 -24 -25
leaf_value=-0.017383747205890438 0.035868885106828133 0.0055288023914907333 -0.02953199450218327 0.0090072533853208844 0.0080293232451119894 -0.036822536165946891 0.026522354538664888 0.028158449307924889 -0.0017000062177358298 -0.044335343088750367 -0.015094903417126658 -0.014253390855540927 0.071862728056103289 0.046281518810331948 0.011066606170337515 -0.038070465196420371 -0.030846465723763025 -0.021557672834961114 0.016935119623993241 -0.0021292255199230406 -0.038058523437682269 0.011710086264402703 0.0014793540594555997 -0.068324053361065382
leaf_weight=5.4554563760757429 45.212718605995178 94.708695635199547 27.685968577861786 100.79125645756721 36.384630978107452 7.5860200375318518 22.953842118382454 15.655470773577688 232.63886551558971 14.7905276119709 44.743067368865013 178.24744309484959 4.4953519105911237 8.7630118876695615 7.2524698525667182 11.985485360026358 28.358309403061867 10.134838446974753 134.51996685564518 7.899892881512641 5.085426837205886 5.5984619408845901 56.515593856573105 5.9622298628091812
leaf_count=26 214 401 112 427 152 31 94 65 984 64 186 771 20 44 31 50 125 45 610 37 21 26 233 31
internal_value=4.3289e-06 0.00462879 0.0119886 0.00453817 -0.00820155 -0.0100028 -0.00886327 0.00307313 -0.00237767 -0.0125145 -0.000983831 -0.0165583 0.0065402 0.0119887 -0.00587462 -0.00348199 -0.0223105 0.0185295 0.0142382 0.0302171 0.00330763 0.0384995 0.00726663 -0.0439844
internal_weight=1113.43 761.515 371.392 173.625 64.0706 351.91 340.492 79.7571 390.123 260.735 67.6969 193.038 109.888 109.554 280.235 244.624 35.6108 197.767 144.655 53.1126 99.7941 10.0938 72.1711 11.4177
internal_count=4800 3299 1641 735 264 1501 1444 329 1658 1115 280 835 468 471 1190 1034 156 906 655 251 422 46 298 57
is_linear=0
shrinkage=0.05


Tree=27
num_leaves=26
num_cat=0
split_feature=4 0 4 6 0 2 2 2 2 2 2 3 3 0 2 3 0 5 3 4 5 0 0 3 4
split_gain=19.2608 11.3705 9.48569 9.17467 7.03735 6.3212 4.4383 5.57549 5.61558 4.61093 4.37934 4.21671 4.05607 3.91051 3.69942 3.1382 3.19916 2.79713 4.85806 4.68948 2.52945 2.33829 1.54906 1.11936 0.650677
threshold=0.7576098806392233 561.95106698171264 0.4673602363425351 2.5000000000000004 928.25816448005901 0.95384904913168322 6.884747125536343 8.4851834057151603 8.8850656724536208 8.0629121160862116 6.5677542417482693 38.624666515717934 68.68260297677601 213.65429168014609 0.67840467230281654 26.312010797362248 1380.2514108574589 8.8343187499911568 4.4367176476457013 0.37706547177866173 7.0297061765273385 1168.1147523957115 928.25816448005901 17.171204311779324 0.6247457955492165
decision_type=2 2 2 2 2 2 2 2 2 2 2 2 2 2 2 2 2 2 2 2 2 2 2 2 2
left_child=1 2 17 5 6 -4 10 9 -9 -8 13 -5 14 -2 23 16 -6 18 -1 -19 -16 -17 24 -3 -14
right_child=4 12 3 11 15 -7 7 8 -10 -11 -12 -13 22 -15 20 21 -18 19 -20 -21 -22 -23 -24 -25 -26
leaf_value=-0.058719762154565196 0.023149833529983708 0.025828915233896934 0.022429395644331385 -0.0052819794502355468 -0.01948337180290699 0.002601791003662284 0.0013533281585043308 0.045090039882087596 0.0060145449866914474 -0.033566645489100592 0.052286703749145375 -0.027016339388623287 0.0076965545410320607 0.0084054589045359993 -0.029167486275986806 -0.013077796568174652 0.031944487562825107 -0.024029149919241682 -0.016846379469689313 0.012400049960473352 -0.015210668074595946 -0.060702756736909794 0.027601375714669758 -0.0073179185323169089 -0.017464326888317616
leaf_weight=8.0802043378353101 87.683903843164444 5.4905563294887525 44.741953641176224 75.797039911150932 7.7121368348598498 395.76178996264935 36.012319907546043 12.450307190418242 35.159183189272881 12.817949071526526 8.5136977285146695 31.628119230270386 5.4562119692564028 92.314295381307602 53.568998664617538 5.2505680322647077 4.9745360016822815 16.831595748662949 48.521635428071022 18.5926313996315 82.396440595388412 5.0621588975191116 6.1198027580976477 4.7507686913013458 4.8567501753568649
leaf_count=36 426 23 190 312 33 1637 159 57 157 56 38 131 23 408 242 22 21 79 213 80 370 22 25 20 20
internal_value=4.47045e-06 -0.00407432 -0.00107412 0.0014206 0.0106348 0.00461568 0.0127822 0.00405779 0.0162331 -0.00781317 0.0172454 -0.011681 -0.0158795 0.015588 -0.0185267 -0.0159701 0.000681863 -0.0159279 -0.022824 -0.00490905 -0.0207095 -0.0364552 0.00767303 0.0104527 -0.00415262
internal_weight=1110.55 802.594 639.955 547.929 307.951 440.504 284.952 96.4398 47.6095 48.8303 188.512 107.425 162.64 179.998 146.207 22.9994 12.6867 92.0261 56.6018 35.4242 135.965 10.3127 16.4328 10.2413 10.313
internal_count=4800 3401 2678 2270 1399 1827 1301 429 214 215 872 443 723 834 655 98 54 408 249 159 612 44 68 43 43
is_linear=0
shrinkage=0.05


Tree=28
num_leaves=25
num_cat=0
split_feature=4 0 6 5 3 6 2 2 0 2 3 4 0 5 0 0 4 3 5 5 2 5 2 3
split_gain=17.6209 12.023 6.90196 6.56209 8.51066 6.41028 6.08437 6.69373 5.80817 5.53858 5.45751 4.85656 4.62545 4.11324 3.93196 3.78163 3.70915 3.48528 3.46733 3.25809 3.20981 3.1552 2.31058 1.32154
threshold=0.64503564934856683 188.38717966378007 4.5000000000000009 8.0440860779088439 54.656897359586814 1.5000000000000002 2.1356546901400932 1.9979831081923551 976.90036916712791 0.95384904913168322 87.927798015473641 0.32579984418488156 216.18802634827605 10.855013400629828 292.85626003737121 270.47785203020834 0.42217539689635003 3.8094356374861227 7.9490876789705807 5.0014886924793087 7.5101050919397352 6.3546007536914191 0.54480585645493029 21.72828246185593
decision_type=2 2 2 2 2 2 2 2 2 2 2 2 2 2 2 2 2 2 2 2 2 2 2 2
left_child=5 2 3 4 -2 9 7 12 10 21 -8 -11 -3 -5 15 19 23 -13 -18 -7 -10 -1 -23 -16
right_child=1 6 -4 13 -6 14 8 -9 20 11 -12 17 -14 -15 16 -17 18 -19 -20 -21 -22 22 -24 -25
leaf_value=-0.0079724390189382915 0.013722070068166859 0.057235389049680112 -0.039388893758511942 0.031618960090116985 -0.019520576428393412 0.0050503444630011357 0.00048962048374883913 0.064327315047149433 -0.037213967796923444 -0.047642550797324032 -0.035887146583333959 0.012982153961116778 0.0049146369113017068 0.011806858437008938 -0.061002155739954489 0.035511524216855925 -0.027563473597467088 -0.0053858565993749608 -0.005604955520806189 -0.014357423605097628 -0.00384640663828811 0.015221360846396246 0.052514239900546669 -0.030647047427211818
leaf_weight=6.622962728142741 107.37861517071724 4.5190507769584647 5.8944553583860388 70.387491509318352 23.460159078240395 28.330193310976028 260.21729925274849 5.7818287163972846 18.299736484885219 6.2934446185827246 10.736049667000769 29.402102947235107 64.745171755552292 41.728858530521393 6.8386401087045652 4.7968991994857779 38.371477603912354 212.3197119385004 33.824903920292854 91.364065542817116 11.890149027109144 8.7997338026762026 7.8663271814584723 7.5375936925411224
leaf_count=28 478 20 25 329 102 116 1112 25 80 31 45 124 279 200 36 20 173 880 154 382 53 37 33 38
internal_value=4.14084e-06 0.00554486 0.0140711 0.0153681 0.00776147 -0.00717536 -9.52724e-05 0.0126426 -0.0032696 -0.00209145 -0.000951745 -0.00428061 0.00832823 0.024245 -0.0137103 -0.00801929 -0.0218939 -0.00315164 -0.0172756 -0.00976384 -0.0240723 0.0212219 0.0328235 -0.0450867
internal_weight=1107.41 625.039 248.85 242.955 130.839 482.368 376.189 75.0461 301.143 271.304 270.953 248.015 69.2642 112.116 211.064 124.491 86.5726 241.722 72.1964 119.694 30.1899 23.289 16.6661 14.3762
internal_count=4800 2748 1134 1109 580 2052 1614 324 1290 1133 1157 1035 299 529 919 518 401 1004 327 498 133 98 70 74
is_linear=0
shrinkage=0.05


Tree=29
num_leaves=24
num_cat=0
split_feature=4 0 6 4 0 2 3 4 2 6 2 4 4 3 2 4 4 4 3 3 0 0 0
split_gain=16.5288 9.87794 8.20333 6.35633 5.87275 5.77349 4.45443 4.2707 4.3739 4.23877 6.17694 4.7054 4.05158 3.87059 6.16988 4.7581 4.83221 3.44184 3.89518 2.92298 2.86344 2.26337 2.11119
threshold=0.7576098806392233 561.95106698171264 1.5000000000000002 0.67128907649410363 928.25816448005901 0.95384904913168322 7.9614599418791174 0.50544038023783688 5.6239164460416751 1.5000000000000002 9.70349115643908 0.77487628619330129 0.52357823649972601 39.027781068761747 0.75159290641154686 0.71180326343576772 0.65994218881540212 0.76383880747598953 31.495434158885487 26.312010797362248 1380.2514108574589 620.21986204113978 1168.1147523957115
decision_type=2 2 2 2 2 2 2 2 2 2 2 2 2 2 2 2 2 2 2 2 2 2 2
left_child=1 2 3 5 9 -1 -5 8 -4 10 11 -2 -9 14 -3 16 -15 -11 -19 20 -6 -16 -21
right_child=4 13 7 6 19 -7 -8 12 -10 17 -12 -13 -14 15 21 -17 -18 18 -20 22 -22 -23 -24
leaf_value=0.02458471072450788 0.043901706712434568 0.020267149112379798 -0.032109950019767373 0.032512728447242421 -0.017644697899701019 -0.0026843119112029802 0.0085593011023962131 0.028021626647180404 -0.0050239800489570406 -0.024560079670077475 -0.042324125760590268 0.016066710207353441 -0.0055836948045263502 -0.0058553664237197952 -0.040729886553575963 -0.041527372077315709 0.034929929271645482 0.014162834478933609 -0.004281846016092287 -0.012318595536969597 0.031028861412032489 -0.0201355699237948 -0.057876296404423593
leaf_weight=21.226312190294266 17.224473088979721 8.8468434959650022 31.330902129411697 25.34752930700779 7.6626302003860491 226.91682289540768 82.838270097970963 9.3644456714391691 28.428477331995964 8.9539900124073011 4.1742838323116294 128.09505535662174 212.43791757524014 31.197389706969261 15.684323132038115 6.8071381896734229 9.4659168869256956 79.672797501087189 44.673121988773346 5.2364854514598829 4.9889290332794189 89.30984491109848 4.9438519775867462
leaf_count=90 80 37 144 112 33 936 363 38 129 37 19 617 866 136 70 29 39 353 195 22 21 412 22
internal_value=4.01919e-06 -0.00377788 -0.000982546 0.00405772 0.00989359 -0.000351703 0.0141715 -0.00736122 -0.0192247 0.011863 0.0176434 0.0193659 -0.00416489 -0.0148318 -0.0198331 -0.00283778 0.00363895 0.00538034 0.00753631 -0.0144991 0.0015489 -0.023212 -0.0344427
internal_weight=1104.83 799.202 637.891 356.329 305.626 248.143 108.186 281.562 59.7594 282.794 149.494 145.32 221.802 161.311 113.841 47.4704 40.6633 133.3 124.346 22.8319 12.6516 104.994 10.1803
internal_count=4800 3401 2678 1501 1399 1026 475 1177 273 1301 716 697 904 723 519 204 175 585 548 98 54 482 44
is_linear=0
shrinkage=0.05


Tree=30
num_leaves=22
num_cat=0
split_feature=4 0 0 6 2 2 4 6 0 0 2 5 0 5 0 2 3 3 2 5 4
split_gain=15.0846 11.7589 6.44466 5.84572 6.16543 6.2749 4.62375 4.83702 4.80523 4.15116 9.29808 4.53931 3.68666 5.13413 3.63892 3.58572 3.56058 3.24467 2.98297 2.93726 2.52263
threshold=0.59922056497433007 243.61786116048305 246.81998237345408 1.5000000000000002 0.59731989469092928 9.3375637381856524 0.3065755169846946 1.0000000180025095e-35 27.16900903193692 92.177834203878589 3.0266609177089991 2.84362135864257 54.203670177324192 2.2366689149801338 1168.1147523957115 2.8868905271678842 62.128307042785643 21.178019650877165 3.7246402789846402 10.261365317767783 0.67332703957289708
decision_type=2 2 2 2 2 2 2 2 2 2 2 2 2 2 2 2 2 2 2 2 2
left_child=6 3 -3 12 17 -6 19 8 -8 10 -9 -11 16 -14 15 -4 -2 -5 -10 -1 -16
right_child=1 2 14 4 5 -7 7 9 18 11 -12 -13 13 -15 20 -17 -18 -19 -20 -21 -22
leaf_value=-0.013997011069934021 0.033329836395144613 -0.069852130447922864 0.0079773612239707886 0.017024772624642952 -0.0016042109904217602 0.038072115573522476 -0.034650647302870784 0.025676624303630692 0.019537209933643246 -0.041571438259180138 -0.013547490360433484 -0.01244880887078877 -0.022173583593169024 0.014826958547148952 -0.044827613924078795 -0.0032281204455548423 -0.0032937140029883783 0.069160833475293393 -0.0012059293558197755 -0.066029991273826499 -0.01013644361771532
leaf_weight=5.2812466472387296 43.888608604669571 3.4774620831012717 98.784382477402687 7.6003437638282758 148.95000918209553 10.67963959276676 7.5781150162219992 22.883630812168121 29.16546268761158 14.480531215667723 44.468710869550705 176.1203845590353 10.091191753745077 132.17619217932224 7.025139436125758 257.47211833298206 7.8188200742006293 4.9135177731513977 42.715525448322296 5.575614720582962 20.625830680131912
leaf_count=26 214 15 423 33 634 46 31 94 121 64 186 771 45 610 33 1096 37 22 177 31 91
internal_value=3.82708e-06 0.00398129 -0.00209098 0.0104063 0.00369962 0.00105024 -0.00860167 -0.00756824 0.00321817 -0.0108909 -0.000220706 -0.0146613 0.0163581 0.0122025 -0.00147719 -0.000121015 0.0277919 0.0374958 0.00721053 -0.0407189 -0.0189503
internal_weight=1101.77 753.503 387.385 366.118 172.144 159.63 348.269 337.412 79.4591 257.953 67.3523 190.601 193.975 142.267 383.907 356.257 51.7074 12.5139 71.881 10.8569 27.651
internal_count=4800 3299 1658 1641 735 680 1501 1444 329 1115 280 835 906 655 1643 1519 251 55 298 57 124
is_linear=0
shrinkage=0.05


Tree=31
num_leaves=28
num_cat=0
split_feature=4 0 4 6 0 0 0 5 5 2 3 3 2 2 4 6 2 4 4 4 5 3 4 5 2 4 4
split_gain=14.4209 8.56257 7.05326 7.39868 5.32159 5.2828 4.92688 4.38593 4.90758 4.81834 3.80071 3.54142 3.22448 3.31583 3.6233 3.0521 4.95436 3.00431 4.89597 3.53738 2.68031 4.65404 4.04096 1.77836 1.70098 1.45923 4.08829
threshold=0.7576098806392233 561.95106698171264 0.4673602363425351 2.5000000000000004 90.651225180721909 322.10939941068466 302.13381590159673 9.1156343746913517 10.670055561240474 6.2318027170043075 38.624666515717934 68.68260297677601 2.4032049041166696 1.2304774453614151 0.81639447911187502 2.5000000000000004 0.67840467230281654 0.7943421402954175 0.842521432325117 0.78660476907912213 8.8343187499911568 4.4367176476457013 0.3065755169846946 8.8901184474851469 6.9469079279709236 0.54910055010367964 0.63595009787024848
decision_type=2 2 2 2 2 2 2 2 2 2 2 2 2 2 2 2 2 2 2 2 2 2 2 2 2 2 2
left_child=1 2 20 4 -4 6 7 9 -9 -2 -5 15 13 14 -7 16 -3 19 -19 -14 21 -1 -22 -15 -17 -13 -27
right_child=5 11 3 10 -6 12 -8 8 -10 -11 -12 25 17 23 -16 24 -18 18 -20 -21 22 -23 -24 -25 -26 26 -28
leaf_value=-0.05635301147045934 0.015652325895778387 0.025996850311617151 0.01290274895600152 -0.0045029233325249961 0.00064609518699957464 0.029253791999612495 0.054847203262503169 0.042017551982061932 0.012319295877587719 -0.005543962408458193 -0.025205391870445484 -0.014568051732776827 0.00063155404898473043 0.020928400495079918 -0.020459423789703293 -0.023942332165263348 -0.015643233937629848 -0.025815823235878707 0.0020787841449393918 0.040344515372632957 -0.040854195834952992 -0.014809651589519426 0.0046873666762005661 0.059038923390824852 -0.052406761999780171 0.049741470656295306 -0.010133217779213992
leaf_weight=7.8485495150089255 68.386707291007042 7.6411063373088828 123.17055854201317 75.523072376847267 315.16318470239639 6.2575010210275677 7.3714531809091559 23.29940202832222 34.520683944225311 44.101511895656586 31.381888702511787 4.9378247857093838 24.400243148207668 8.7473213970661146 8.8475085049867612 19.088357955217365 109.66704826056957 26.072921276092529 39.655153915286064 7.2804291993379584 5.8565868288278571 47.802398979663849 28.940764710307121 4.7088674306869498 7.2388997226953498 5.3695412725210172 6.0782706588506699
leaf_count=36 328 31 527 312 1300 27 34 120 179 196 131 21 104 38 39 97 487 110 171 31 32 213 127 22 40 22 25
internal_value=3.90694e-06 -0.00353367 -0.000931338 0.00121377 0.00409018 0.00927405 0.0148271 0.0130949 0.0242866 0.00734223 -0.0105801 -0.0138715 0.00144154 0.0162148 0.000135101 -0.0163838 -0.0129309 -0.00289013 -0.00898641 0.00975786 -0.0138625 -0.0206686 -0.00297753 0.0342648 -0.0317689 0.00815116 0.0179507
internal_weight=1099.36 795.708 635.687 545.239 438.334 303.65 177.68 170.308 57.8201 112.488 106.905 160.021 125.97 28.5612 15.105 143.635 117.308 97.4087 65.7281 31.6807 90.4483 55.6509 34.7974 13.4562 26.3273 16.3856 11.4478
internal_count=4800 3401 2678 2270 1827 1399 857 823 299 524 443 723 542 126 66 655 518 416 281 135 408 249 159 60 137 68 47
is_linear=0
shrinkage=0.05


Tree=32
num_leaves=24
num_cat=0
split_feature=4 0 0 0 0 5 4 5 5 6 0 2 0 3 3 5 2 4 0 3 3 2 5
split_gain=13.1091 8.58508 6.09734 6.39985 6.05878 5.44133 5.36508 5.2824 7.3298 4.82479 4.71461 11.3389 4.50377 4.34025 5.2557 4.26127 4.139 4.02045 3.66513 3.54548 3.35125 2.38199 1.32439
threshold=0.74478674235488451 92.177834203878589 678.72446051103714 707.32201764100364 94.965732694402234 9.3925583149999792 0.37706547177866173 2.84362135864257 2.3265950694144224 1.0000000180025095e-35 28.775668328328432 8.8178561928495736 485.8780850939637 14.328807350144567 2.7272268986768462 10.962443237175515 3.5651686540022487 0.72832286223019771 42.994624904291015 1.8891745795237791 15.622088100611151 2.8399817958581446 13.358280629568627
decision_type=2 2 2 2 2 2 2 2 2 2 2 2 2 2 2 2 2 2 2 2 2 2 2
left_child=1 6 5 -4 -3 19 18 8 -6 22 11 -8 -9 14 -5 -11 -15 -12 -1 21 -21 -2 -7
right_child=2 4 3 13 7 9 10 12 -10 15 17 -13 -14 16 -16 -17 -18 -19 -20 20 -22 -23 -24
leaf_value=-0.00061045353053631709 0.062947853566344289 -0.055605795541836339 -0.059698136797971424 -0.025733411854775564 -0.012315826667614221 0.049504774122016454 0.0036972112466992671 -0.0015746238211798175 -0.063664204256888485 0.02987787472513408 0.017338909157492404 -0.075192350866794738 -0.011435362835573127 0.011230898593794374 0.034589912402063133 0.0045446611905030276 -0.026244382919037041 -0.022739527686787612 -0.057136769578899141 -0.0039332324806231984 0.010056555911944565 0.016619372201033072 0.016814762330392103
leaf_weight=6.1525731980800611 4.2132389992475501 6.2310176938772193 5.2154735177755347 4.9766788184642818 32.814135685563087 16.014815002679828 55.510305300354958 365.28118024766445 8.8173870295286161 28.597309559583664 97.645097270607948 4.9619577974081031 169.54388180375099 11.579957395792009 13.155862942337988 39.566371291875839 20.256429985165596 6.6858355849981299 5.3710756450891495 69.034803539514542 112.6795651614666 8.1248190551996213 3.8415080755949012
leaf_count=29 20 26 22 21 141 85 236 1530 39 139 411 21 761 49 55 192 87 30 25 313 511 37 20
internal_value=3.81156e-06 -0.00364081 0.00820622 -0.00699337 -0.00656603 0.0111799 0.00602584 -0.00603595 -0.0231912 0.0214911 0.00833211 -0.00277595 -0.00470056 -0.00149235 0.0180335 0.0151729 -0.0126134 0.0147706 -0.0269569 0.00650279 0.00474172 0.0324398 0.0431804
internal_weight=1096.27 759.014 337.257 55.1844 582.688 282.072 176.327 576.457 41.6315 88.02 164.803 60.4723 534.825 49.9689 18.1325 68.1637 31.8364 104.331 11.5236 194.052 181.714 12.3381 19.8563
internal_count=4800 3249 1551 234 2497 1317 752 2471 180 436 698 257 2291 212 76 331 136 441 54 881 824 57 105
is_linear=0
shrinkage=0.05


Tree=33
num_leaves=22
num_cat=0
split_feature=4 0 0 4 6 2 4 6 0 4 4 0 2 2 0 5 5 0 3 3 3
split_gain=12.3289 9.37596 5.90627 5.52949 5.46139 5.29899 3.99425 4.3054 4.38754 3.2918 6.48511 3.2078 8.2003 4.39977 3.14219 2.85033 2.84129 2.31033 1.84669 1.34109 0.836104
threshold=0.59922056497433007 243.61786116048305 246.81998237345408 0.87904272199694033 1.5000000000000002 0.59731989469092928 0.3065755169846946 1.0000000180025095e-35 27.16900903193692 0.91205443043400702 0.90007348229249839 92.177834203878589 3.0266609177089991 5.5632581562683239 66.251601552667026 10.261365317767783 10.592508220499967 467.21557899268038 9.5030909916079249 19.322160219467339 3.4674210310985649
decision_type=2 2 2 2 2 2 2 2 2 2 2 2 2 2 2 2 2 2 2 2 2
left_child=6 3 -3 4 14 -6 15 8 -8 10 -4 12 -9 -13 -2 -1 -10 -11 20 -20 -5
right_child=1 2 9 18 5 -7 7 11 16 17 -12 13 -14 -15 -16 -17 -18 -19 19 -21 -22
leaf_value=-0.011985263320132833 0.023043215011231952 -0.066568718459381115 -0.0012292230368915679 0.027662282500579158 0.033448168357888226 -0.0017111044880501261 -0.032906085330938389 0.023703052380583508 0.011956930181428439 0.051361995209456217 -0.05343742473028501 -0.020141128283301699 -0.013171177002895064 -0.0047848504301865654 0.0089212354967858048 -0.064297810775365435 -0.01345401942317484 0.0072455504275164189 0.058380433356009467 0.030262049856884222 -0.0048038449262292095
leaf_weight=5.1772978156805021 59.181028500199318 3.4897956401109687 363.33338160812855 3.7626397162675884 11.56151309609413 146.62650598585606 7.5576915442943564 22.858465164899826 58.129123196005821 4.7615843415260297 6.0471237599849692 105.33114272356033 44.292211845517159 83.716950058937073 117.78373032808304 5.2386358082294464 13.568235561251639 7.876927062869072 6.1836915463209179 13.494142979383467 4.1929362416267395
leaf_count=26 288 15 1558 20 51 616 31 94 241 23 27 466 186 369 537 31 57 35 34 72 23
internal_value=4.09745e-06 0.00361246 -0.00181691 0.0093819 0.00760941 0.000858587 -0.00780267 -0.00685585 0.00332855 -0.00122539 -0.00208392 -0.0100064 -0.000618984 -0.0133408 0.0136439 -0.0382956 0.00714808 0.0238665 0.0308796 0.0390982 0.0105512
internal_weight=1094.16 748.295 385.509 362.786 335.153 158.188 345.87 335.454 79.2551 382.019 369.381 256.199 67.1507 189.048 176.965 10.4159 71.6974 12.6385 27.6334 19.6778 7.95558
internal_count=4800 3299 1658 1641 1492 667 1501 1444 329 1643 1585 1115 280 835 825 57 298 58 149 106 43
is_linear=0
shrinkage=0.05


Tree=34
num_leaves=24
num_cat=0
split_feature=4 0 6 2 0 0 6 0 2 2 6 3 3 4 5 2 4 5 2 0 4 3 2
split_gain=11.3846 6.77078 6.14543 5.62544 7.61687 7.53103 8.58919 6.1076 5.6204 5.37009 5.69956 5.25699 4.9533 4.45099 4.00562 3.89856 3.81756 5.49876 4.15725 3.06951 2.77906 3.34515 1.90755
threshold=0.68348167491456302 630.27870651591672 1.0000000180025095e-35 8.7426066837943726 37.716885203262713 356.75408868425239 1.5000000000000002 89.007605595109212 0.87477831557004737 0.59731989469092928 4.5000000000000009 51.349081503680139 7.9614599418791174 0.65457703965936231 2.9772764818245938 0.75159290641154686 0.64846836777277106 5.7249777470864363 0.16977598944255043 155.80533392645404 0.69354867620780458 67.218602003148462 5.5632581562683239
decision_type=2 2 2 2 2 2 2 2 2 2 2 2 2 2 2 2 2 2 2 2 2 2 2
left_child=3 2 8 5 -5 16 15 -6 -2 19 -11 -9 -10 -8 22 -7 18 -18 -1 -4 -16 -22 -3
right_child=1 14 9 4 7 6 13 11 12 10 -12 -13 -14 -15 20 -17 17 -19 -20 -21 21 -23 -24
leaf_value=-0.046188976392697839 -0.020950254714137015 0.04102866384148332 0.045310804861970332 -0.07648559082438644 0.026785351981079994 0.029632827311415817 -0.019495874282668066 -0.011490092556048832 0.047865096548274352 0.004704738499830257 -0.034723096588811203 -0.048299997809194181 0.017456093460992719 -0.057390619226685979 0.023599505559634297 -0.0047624192572872717 -0.017994835088623186 0.021994534233314367 0.00012937199105052732 0.0050154408739298819 -0.0093794879243580577 -0.042958848892743505 -0.00043955362644528543
leaf_weight=4.9335644394159308 7.5518456250429145 5.8638795316219312 12.559730276465418 5.1020074039697638 8.40254397690296 8.9973682314157468 66.95551422983408 49.924390658736229 17.239958480000496 300.60330128669739 9.4541800618171674 12.038294270634649 59.990711987018585 8.7630380690097791 5.5486622452735892 97.674819603562355 10.772025093436239 42.562357425689697 268.03754079341888 7.5772748291492453 67.798469051718712 8.3277017623186094 5.26160728931427
leaf_count=21 37 25 61 22 36 37 322 216 82 1352 40 51 288 39 24 418 45 180 1121 34 291 35 23
internal_value=4.43295e-06 0.00548039 0.00821072 -0.00475548 -0.0174944 -0.00286561 -0.0110029 -0.013217 0.0202186 0.00512751 0.00350252 -0.0186416 0.0242442 -0.0238815 -0.00672889 -0.00186132 0.00168277 0.0139178 -0.000707766 0.0301482 -0.0105628 -0.0130528 0.021417
internal_weight=1091.94 507.777 414.977 584.163 75.4672 508.696 182.391 70.3652 84.7825 330.194 310.057 61.9627 77.2307 75.7186 92.8003 106.672 326.305 53.3344 272.971 20.137 81.6748 76.1262 11.1255
internal_count=4800 2292 1894 2508 325 2183 816 303 407 1487 1392 267 370 361 398 455 1367 225 1142 95 350 326 48
is_linear=0
shrinkage=0.05


Tree=35
num_leaves=26
num_cat=0
split_feature=4 6 2 4 0 0 0 2 3 4 0 5 2 6 2 2 4 5 0 0 0 2 0 5 4
split_gain=10.7002 6.867 5.89933 7.36628 5.74718 4.60139 4.3668 3.88631 3.64228 3.4516 4.09256 3.07931 2.84238 2.8401 8.72866 2.95714 3.45429 3.02692 2.81025 2.42198 2.94041 2.39699 2.1261 1.47262 0.816962
threshold=0.7576098806392233 2.5000000000000004 0.95384904913168322 0.40523642047195652 90.651225180721909 485.8780850939637 164.99860101203402 0.87477831557004737 85.792949371447079 0.87904272199694033 150.85849719158952 11.394600911242316 0.6387040972451431 3.5000000000000004 6.9469079279709236 9.4507472785894393 0.84559736385178275 2.921048598352546 152.88705399333662 604.4503044811571 697.7317086572067 7.986665055760489 37.716885203262713 11.1096441984182 0.63059470061395551
decision_type=2 2 2 2 2 2 2 2 2 2 2 2 2 2 2 2 2 2 2 2 2 2 2 2 2
left_child=1 2 7 11 -5 8 9 18 22 10 12 -4 -2 15 -15 17 -17 -8 -1 24 -21 23 -3 -11 -7
right_child=6 5 3 4 -6 19 13 -9 -10 21 -12 -13 -14 14 -16 16 -18 -19 -20 20 -22 -23 -24 -25 -26
leaf_value=0.023760458819111572 0.043139888077119937 -0.022702622983110377 -0.015131482630563166 0.0089359125952112699 -0.0035491016713761372 -0.0659251844029803 0.024168202981288862 0.056686834490451879 -0.041798611638307365 0.055395871608263925 0.058330859172236196 -0.047269272775960297 0.0069571491067378245 0.014002612951139765 -0.066972274401576284 -0.05290230737850718 0.0077460849181629409 0.0041360295745338045 0.0012531461590167322 0.011130293358708347 -0.030454399481083701 0.0037160627872079924 -0.0027956984582844092 0.021038436384123598 -0.036124607885721353
leaf_weight=22.919528141617775 5.8268538117408744 15.696605920791624 33.002263337373734 118.26498448848724 417.84219719469547 4.5887279212474805 21.662701636552811 4.8600710630416861 7.4682207107543936 10.29843892157078 4.5062437504529944 9.6279916167259199 79.244776397943497 8.344817712903021 5.5357680469751349 4.6228076815605146 4.7707106620073318 145.62671507894993 35.12028780579567 5.5391048938035992 18.278214126825333 4.6168513000011435 92.179992869496346 4.4736102372407904 4.6105795353651047
leaf_count=101 30 65 153 509 1761 26 94 21 32 59 23 47 384 36 24 20 22 658 149 29 98 24 390 25 20
internal_value=4.43708e-06 -0.00304664 -0.000805048 -0.00238561 -0.000794914 -0.0127411 0.00805152 0.0137376 -0.00803003 0.0160352 0.0118951 -0.0223898 0.00943543 0.00348634 -0.0182913 0.00519723 -0.0221007 0.00673004 0.0101411 -0.0291995 -0.0207832 0.0351627 -0.00569226 0.044991 -0.0509895
internal_weight=1089.53 789.999 641.637 578.737 536.107 148.361 299.53 62.8999 115.345 108.967 89.5779 42.6303 85.0716 190.564 13.8806 176.683 9.39352 167.289 58.0398 33.0166 23.8173 19.3889 107.877 14.772 9.19931
internal_count=4800 3401 2741 2470 2270 660 1399 271 487 545 437 200 414 854 60 794 42 752 250 173 127 108 455 84 46
is_linear=0
shrinkage=0.05


Tree=36
num_leaves=24
num_cat=0
split_feature=4 0 2 5 5 0 6 3 0 0 4 2 4 6 4 6 5 5 2 2 2 5 5
split_gain=9.99099 8.28287 5.81032 8.1893 7.28799 6.38235 4.2041 6.92683 4.30651 3.81095 3.86757 3.82853 4.34929 3.55483 3.23116 2.98439 3.70367 7.71274 3.67644 3.06757 2.91944 2.75206 2.66866
threshold=0.56398951576022049 318.17686993500365 6.1627610171515963 7.2335930888341915 5.593271746579858 122.60305268007387 1.0000000180025095e-35 77.713336443458317 302.13381590159673 1168.1147523957115 0.61575878212624169 2.9213659338718934 0.8735345900701087 1.5000000000000002 0.3065755169846946 1.0000000180025095e-35 5.2112739553297152 2.84362135864257 8.7195224832135754 0.95384904913168322 7.6833539975249545 10.261365317767783 9.834012134798348
decision_type=2 2 2 2 2 2 2 2 2 2 2 2 2 2 2 2 2 2 2 2 2 2 2
left_child=14 2 6 4 -4 -5 7 -2 -8 11 -11 12 -3 -13 21 19 17 -17 -18 -16 -12 -1 -21
right_child=1 9 3 5 -6 -7 8 -9 -10 10 20 13 -14 -15 15 16 18 -19 -20 22 -22 -23 -24
leaf_value=-0.010578450227475432 0.028660013071984777 0.0036757780974722002 -0.00030042541174922228 0.022907264396022461 -0.030730296086941212 -0.0017421792387045003 0.0071795207387697737 -0.033216110022165901 0.046470602372984143 -0.061434095184512739 -0.023830208238771751 0.00031839009636661287 0.041682331058659386 -0.01231826244471728 0.033813001490629359 -0.027989807149328628 -0.011478007696575133 0.015771214910620873 -0.036767272600984419 0.0035374913045005466 0.01287572926170954 -0.062919816458652772 -0.026647427252567659
leaf_weight=5.1106841117143613 53.79391573369503 82.945102274417877 54.710330083966255 48.53150101006031 30.727657750248909 57.226096153259277 217.97962529957294 4.9382250756025305 7.2044173628091803 4.7754420042037991 17.33692637085915 132.43113651871681 8.2786385118961316 95.995690494775772 6.9119893163442603 14.72613003849983 131.43980656564236 31.835874482989311 16.135462313890457 42.447062641382217 7.8789786845445624 4.9377006664872169 8.8488691598176938
leaf_count=26 260 353 234 222 130 256 978 22 31 23 78 562 39 416 29 66 581 140 73 175 37 31 38
internal_value=4.30259e-06 0.00270792 0.00700637 0.000268413 -0.0112445 0.0095693 0.0115439 0.0234574 0.00843658 -0.00313305 -0.0201748 -0.0015341 0.00712491 -0.00499213 -0.00849368 -0.00738648 -0.0103639 0.00193095 -0.0142431 0.00254384 -0.012361 -0.0362986 -0.0016696
internal_weight=1087.15 824.754 475.112 191.196 85.438 105.758 283.916 58.7321 225.184 349.642 29.9913 319.651 91.2237 228.427 262.394 252.345 194.137 46.562 147.575 58.2079 25.2159 10.0484 51.2959
internal_count=4800 3641 2133 842 364 478 1291 282 1009 1508 138 1370 392 978 1159 1102 860 206 654 242 115 57 213
is_linear=0
shrinkage=0.05


Tree=37
num_leaves=23
num_cat=0
split_feature=4 6 2 4 0 0 0 2 3 6 2 4 4 3 5 4 0 4 0 0 2 2
split_gain=9.27829 6.07187 5.10818 6.34143 4.927 4.14044 3.82294 3.52821 3.3427 3.18162 5.32741 4.5234 2.99322 3.45699 2.77897 2.61369 2.55589 2.302 2.43866 2.07864 1.84932 2.00603
threshold=0.7576098806392233 2.5000000000000004 0.95384904913168322 0.40523642047195652 90.651225180721909 485.8780850939637 928.25816448005901 0.87477831557004737 85.792949371447079 1.5000000000000002 9.70349115643908 0.77487628619330129 0.76383880747598953 31.495434158885487 11.394600911242316 0.87081823168320149 152.88705399333662 0.44371487007211602 604.4503044811571 136.72280946422885 7.5554995540023109 3.76123896620767
decision_type=2 2 2 2 2 2 2 2 2 2 2 2 2 2 2 2 2 2 2 2 2 2
left_child=1 2 7 14 -5 8 9 16 19 10 11 -2 -11 -14 -4 20 -1 -7 -19 -3 21 -8
right_child=6 5 3 4 -6 17 15 -9 -10 12 -12 -13 13 -15 -16 -17 -18 18 -20 -21 -22 -23
leaf_value=0.022453103965434942 0.040520392060318967 0.0022441913660961204 -0.014037740454384474 0.0082938768031940637 -0.0032838869014033194 -0.061351312944559228 -0.0091142299508927046 0.053966076270685726 -0.040074105685476584 -0.024520844766125673 -0.041503443390590727 0.012643962667147783 0.011856593490718721 -0.0056538063071783079 -0.044977936924375898 0.019524949459501766 0.00093323182632367894 -0.046939693807416062 -0.013579662090109438 -0.011700026953101586 0.0023117237440171286 -0.050541949460109883
leaf_weight=22.762364074587822 16.498453736305237 49.355646073818207 32.69298067688942 117.8442684262991 417.24606837332249 4.4096826612949362 5.1620494872331673 4.8127418607473365 7.3878350853919974 8.8790739327669126 4.1573050767183295 123.36345990002155 78.20273944735527 44.071672543883324 9.3280152380466443 5.0151834338903418 35.033269077539444 7.4729069918394115 20.523332610726357 58.289011850953102 5.5852565020322791 6.7340640276670456
leaf_count=101 80 205 153 509 1761 30 22 21 32 37 19 617 353 195 47 21 149 36 107 250 25 30
internal_value=4.10604e-06 -0.00283944 -0.00073124 -0.00220286 -0.000734087 -0.0119867 0.00752358 0.0128338 -0.00753944 0.00914374 0.0142744 0.0159323 0.0035098 0.00554528 -0.020906 -0.0122938 0.00940867 -0.0277732 -0.0224843 -0.00530653 -0.0214222 -0.0325653
internal_weight=1084.83 787.158 639.72 577.111 535.09 147.438 297.669 62.6084 115.032 275.173 144.019 139.862 131.153 122.274 42.021 22.4966 57.7956 32.4059 27.9962 107.645 17.4814 11.8961
internal_count=4800 3401 2741 2470 2270 660 1399 271 487 1301 716 697 585 548 200 98 250 173 143 455 77 52
is_linear=0
shrinkage=0.05


Tree=38
num_leaves=24
num_cat=0
split_feature=4 0 6 4 3 3 5 2 2 3 4 4 4 4 5 5 6 5 5 2 2 5 5
split_gain=8.52019 7.10434 5.36122 4.93364 4.68791 4.03635 3.68277 3.44202 6.09453 4.56064 4.55425 7.97147 3.43983 2.89351 2.7557 2.64835 2.63013 3.35319 6.97935 3.35695 2.65579 2.46853 2.35439
threshold=0.56398951576022049 318.17686993500365 3.5000000000000004 0.80411071249207744 19.096952848933896 5.4312227629865619 7.2335930888341915 2.1356546901400932 1.9979831081923551 82.193352278303053 0.61849572719154866 0.62919190049494167 0.58531621865059891 0.3065755169846946 8.6450819786925361 10.261365317767783 1.0000000180025095e-35 5.2112739553297152 2.84362135864257 8.7195224832135754 0.95384904913168322 10.437952552752828 9.834012134798348
decision_type=2 2 2 2 2 2 2 2 2 2 2 2 2 2 2 2 2 2 2 2 2 2 2
left_child=13 2 3 6 14 -5 -2 8 9 -3 12 -12 -9 15 -4 -1 20 18 -18 -19 -15 -6 -22
right_child=1 7 4 5 21 -7 -8 10 -10 -11 11 -13 -14 16 -16 -17 17 19 -20 -21 22 -23 -24
leaf_value=-0.0095750895472066881 -0.00057211530395368155 -0.0012169538151087763 -0.010527718252511618 -0.0033506726943060674 -0.040088428069621325 0.022449411428239106 0.0099006175757816554 -0.0005053268399794514 0.05483080782158542 0.049357530040588557 0.044323123393346174 -0.0045082402406064039 -0.030168391466778639 0.031695316954914156 0.033055456487238004 -0.061814885529189026 -0.026582858192695735 -0.010705979432356563 0.015181391719070004 -0.035024338892150536 0.0034577294910630284 -0.0011271256313282357 -0.02499071641431732
leaf_weight=5.0576127022504789 155.35718439519405 62.405258268117905 8.1887387037277204 18.587629228830338 13.784486696124079 82.197924688458443 182.62177476286888 14.688646182417868 6.0395965278148642 4.8005216270685187 8.683529779314993 222.65731219947338 29.206626817584038 6.8671990931034079 6.5104588568210593 4.6628991961479187 14.580645449459551 130.74774131178856 31.864924699068069 15.918923676013945 42.435836941003799 5.7660583555698386 8.7770536541938764
leaf_count=26 668 270 34 96 58 428 796 65 27 20 37 960 129 29 28 31 66 581 140 73 175 25 38
internal_value=3.70473e-06 0.00250373 0.00649473 0.00798196 -0.0125578 0.0176912 0.00508667 -0.00291349 0.00671924 0.00239559 -0.00547694 -0.00267532 -0.0202423 -0.00786773 0.00877582 -0.0346344 -0.00683193 -0.00963778 0.00207035 -0.0133454 0.00249732 -0.0285975 -0.00141787
internal_weight=1082.41 821.496 473.014 438.765 34.2497 100.786 337.979 348.481 73.2454 67.2058 275.236 231.341 43.8953 260.913 14.6992 9.72051 251.192 193.112 46.4456 146.667 58.0801 19.5505 51.2129
internal_count=4800 3641 2133 1988 145 524 1464 1508 317 290 1191 997 194 1159 62 57 1102 860 206 654 242 83 213
is_linear=0
shrinkage=0.05


Tree=39
num_leaves=27
num_cat=0
split_feature=4 0 6 3 5 5 5 3 0 0 5 0 3 3 4 0 5 5 5 6 4 2 5 4 5 0
split_gain=7.81135 5.40499 5.01099 4.23476 4.56053 3.49536 9.02201 6.50891 3.46634 3.44019 5.99678 5.01559 8.39732 3.60082 3.22802 3.862 2.69137 2.58147 3.82279 3.75445 3.48658 2.285 2.00279 1.52515 1.44677 1.40909
threshold=0.7576098806392233 561.95106698171264 1.5000000000000002 116.24299013652934 10.296917108709584 3.2722338282937495 3.9760988102793053 45.446088781076675 164.99860101203402 612.82022951454326 6.7441021480278041 684.43820742189484 39.027781068761747 82.193352278303053 0.87904272199694033 150.85849719158952 9.1156343746913517 2.921048598352546 3.9243427623913356 1.5000000000000002 0.83613050775765474 7.986665055760489 9.2145356046579803 0.79966836717376399 11.1096441984182 476.239665874119
decision_type=2 2 2 2 2 2 2 2 2 2 2 2 2 2 2 2 2 2 2 2 2 2 2 2 2 2
left_child=1 2 3 4 -1 7 -7 -4 14 10 -3 12 -11 -13 15 16 -2 20 25 -20 23 24 -12 -10 -16 -19
right_child=8 9 5 -5 -6 6 -8 -9 17 11 22 13 -14 -15 21 -17 -18 18 19 -21 -22 -23 -24 -25 -26 -27
leaf_value=0.0071550638987182809 0.0019619403745444702 -0.06260676116151187 -0.0088959613333485874 -0.034265774722940422 -0.0070863904629488647 0.040305923545926409 -0.0056562182829052827 -0.063311359747705992 0.020120962340620586 -0.0064451094386162554 0.0073004299086055074 -0.014768454661681999 0.056985862984985161 0.025005761630766607 0.053616954224612448 0.056250632558520891 0.021643022004519213 -0.049194948382906389 0.0096866633401149829 -0.0058030128145406153 -0.0095794201455863762 0.002187746907100874 -0.030291942136463936 0.053034368266958593 0.018938686349804296 -0.010366659498733085
leaf_weight=273.25160431861877 59.056746542453766 8.3550459071993846 24.017489388585094 7.2973540872335425 70.774181976914406 11.184949263930319 235.02669967710972 7.1259645074605933 9.1704598516225833 17.688059926033024 8.0078741610050184 102.02079520374537 7.4008055776357642 6.026473179459571 9.7762173563241976 4.3163727968931189 24.609012767672539 4.8066860735416395 85.265211537480354 72.285174190998077 7.2252789437770835 4.545055389404296 6.3546040654182425 5.7120236307382575 4.3440821915864936 4.546891987323761
leaf_count=1164 281 38 101 30 307 46 1000 30 40 80 36 483 32 25 59 23 133 22 397 318 32 24 29 25 25 20
internal_value=3.324e-06 -0.00260687 -0.000540509 0.00342576 0.00422526 -0.00556455 -0.00356824 -0.0213468 0.00692948 -0.0109421 -0.0289255 -0.00787354 0.012266 -0.01255 0.0141369 0.0101302 0.00775083 0.00286279 0.000736129 0.0025799 0.0189182 0.033023 -0.00933212 0.0327534 0.0429483 -0.03032
internal_weight=1080.19 784.532 628.678 351.323 344.026 277.355 246.212 31.1435 295.659 155.854 22.7175 133.136 25.0889 108.047 106.647 87.9821 83.6658 189.012 166.904 157.55 22.1078 18.6654 14.3625 14.8825 14.1203 9.35358
internal_count=4800 3401 2678 1501 1471 1177 1046 131 1399 723 103 620 112 508 545 437 414 854 757 715 97 108 65 65 84 42
is_linear=0
shrinkage=0.05


Tree=40
num_leaves=21
num_cat=0
split_feature=4 0 2 5 5 0 6 2 0 4 0 2 3 4 2 5 4 6 0 2
split_gain=7.49342 6.05698 5.1911 7.05896 6.48054 5.69716 3.78166 4.14031 3.26805 3.58029 3.51461 3.90061 3.78874 2.70068 2.62166 2.54029 2.31854 2.6731 3.72905 2.97254
threshold=0.56398951576022049 318.17686993500365 6.1627610171515963 7.2335930888341915 5.593271746579858 122.60305268007387 4.5000000000000009 6.0482677114949075 1168.1147523957115 0.61575878212624169 330.35622204022519 2.9213659338718934 14.753668566896945 0.3065755169846946 7.6833539975249545 10.261365317767783 0.55993347657616555 1.0000000180025095e-35 180.77551190525068 1.1480226319633833
decision_type=2 2 2 2 2 2 2 2 2 2 2 2 2 2 2 2 2 2 2 2
left_child=13 2 6 4 -4 -5 7 -2 10 -10 12 -12 -3 15 -11 -1 17 19 -19 -15
right_child=1 8 3 5 -6 -7 -8 -9 9 14 11 -13 -14 16 -16 -17 -18 18 -20 -21
leaf_value=-0.0092384954600340276 0.0103595091492211 0.0028164282638137271 -0.00065224234199073384 0.02107855469576882 -0.029347007066760411 -0.0023359811405329212 -0.026584505386842094 0.052400251648928968 -0.059115094278517313 -0.022074585005596944 0.0087429996917655507 -0.0037418890463738943 -0.05645060455527931 0.0327390993738109 0.012794514538256996 -0.061036417320814662 -0.031320787077717557 -0.00025945722582218278 -0.01455257823523975 -0.00052813094244557289
leaf_weight=5.041675001382826 268.05536391586065 5.0011840462684614 54.496224164962769 47.843461617827415 30.795389041304588 56.84812992811203 6.7574528455734244 5.9872309267520896 4.5946986377239254 17.112805098295215 87.461055591702461 219.74370960891247 5.851650059223175 7.8145528882741919 7.8694631010293952 4.4617238119244576 8.9986341595649701 80.625600203871727 105.14500722289085 47.714854747056961
leaf_count=26 1236 21 234 222 130 256 29 26 23 78 378 946 25 33 37 31 38 343 489 199
internal_value=3.44501e-06 0.00235194 0.00604819 -0.000334884 -0.0110128 0.00836433 0.0103668 0.011278 -0.0026537 -0.0185512 -0.00117535 -0.000187447 -0.0291393 -0.0073947 -0.0110908 -0.033557 -0.00640136 -0.00547206 -0.00834927 0.00415351
internal_weight=1078.22 818.418 470.783 189.983 85.2916 104.692 280.8 274.043 347.635 29.577 318.058 307.205 10.8528 259.802 24.9823 9.5034 250.299 241.3 185.771 55.5294
internal_count=4800 3641 2133 842 364 478 1291 1262 1508 138 1370 1324 46 1159 115 57 1102 1064 832 232
is_linear=0
shrinkage=0.05


Tree=41
num_leaves=21
num_cat=0
split_feature=6 3 4 2 0 0 0 0 4 3 3 5 5 3 0 5 3 5 2 2
split_gain=7.03466 7.27114 7.51422 5.33918 5.05226 5.04585 5.02886 4.61032 4.07054 3.79152 3.71606 3.54216 7.2666 5.79076 3.24125 3.2152 6.44721 3.32508 2.71923 3.38032
threshold=1.5000000000000002 141.92162342075133 0.67244392781667484 8.5620343439582012 54.203670177324192 37.716885203262713 1078.6975446082995 678.72446051103714 0.76537396843279604 62.128307042785643 43.868376195711633 3.2722338282937495 3.9760988102793053 49.810453787083453 691.31962155560279 6.3546007536914191 37.656739667265136 6.9502433172712657 9.3375637381856524 8.1480176401763433
decision_type=2 2 2 2 2 2 2 2 2 2 2 2 2 2 2 2 2 2 2 2
left_child=1 2 3 6 9 -5 -1 8 11 -4 -6 13 -13 -2 -9 16 -10 -17 19 -16
right_child=7 -3 4 5 10 -7 -8 14 15 -11 -12 12 -14 -15 18 17 -18 -19 -20 -21
leaf_value=0.002915954090968727 -0.010997672811194216 -0.058305280019345089 0.036246347904808927 -0.066843616938756359 0.0042893276099576884 -0.011554519262031831 -0.031246058100105903 -0.061436053944859931 0.0092652922284351558 -0.011131459301811666 0.018638801939989184 0.033820025816512909 -0.0054019354230463879 -0.064764603772032678 -0.011612388270842365 0.045864452952898295 -0.032850182838493801 0.0086545172131495176 0.025213569826611507 -0.0447643242138374
leaf_weight=248.69941179454327 27.336824588477612 4.7010575532913199 26.723719470202926 4.5900839269161215 195.44647254049778 40.870289981365204 11.260405868291853 3.8036590963602057 25.702281072735786 5.015339568257331 58.659338042140007 12.377657368779181 257.03598752617836 6.1308771669864646 50.647446401417255 6.6316165328025809 14.05713729560375 63.415850430727005 4.1493875384330741 9.065468877553938
leaf_count=1052 117 20 149 20 909 174 53 18 110 26 268 51 1104 26 246 29 59 302 21 46
internal_value=3.19679e-06 0.00363223 0.00412468 -0.00132834 0.00995114 -0.017137 0.00143619 -0.00449927 -0.00251579 0.0287598 0.00760185 -0.00550573 -0.00359996 -0.0208471 -0.0165964 0.00573141 -0.00562484 0.0121773 -0.0139257 -0.0166454
internal_weight=1076.32 595.966 591.265 305.42 285.845 45.4604 259.96 480.354 412.688 31.7391 254.106 302.881 269.414 33.4677 67.666 109.807 39.7594 70.0475 63.8623 59.7129
internal_count=4800 2671 2651 1299 1352 194 1105 2129 1798 175 1177 1298 1155 143 331 500 169 331 313 292
is_linear=0
shrinkage=0.05


Tree=42
num_leaves=24
num_cat=0
split_feature=4 0 2 5 5 0 6 3 0 3 3 6 0 2 4 5 2 6 5 5 0 2 3
split_gain=6.45715 5.25244 4.61671 6.3668 5.82389 5.18387 3.49459 6.25639 4.01348 3.17742 6.03063 4.03111 3.64579 4.26539 2.51239 2.46911 2.16693 5.11572 5.18656 4.88508 4.37007 3.31684 2.45599
threshold=0.56398951576022049 318.17686993500365 6.1627610171515963 7.2335930888341915 5.593271746579858 122.60305268007387 1.0000000180025095e-35 77.713336443458317 302.13381590159673 7.1321274464259217 6.483779017145177 1.5000000000000002 330.35622204022519 2.0965350016244795 0.3065755169846946 10.261365317767783 5.5130647280067304 1.5000000000000002 7.1650676707583836 12.329679146205443 691.31962155560279 8.5620343439582012 16.151029079662035
decision_type=2 2 2 2 2 2 2 2 2 2 2 2 2 2 2 2 2 2 2 2 2 2 2
left_child=14 2 6 4 -4 -5 7 -2 -8 10 11 -3 -11 -14 15 -1 17 20 -19 21 -16 -18 -21
right_child=1 9 3 5 -6 -7 8 -9 -10 12 -12 -13 13 -15 16 -17 19 18 -20 22 -22 -23 -24
leaf_value=-0.0086084124001742663 0.025845843523368685 0.011886368646516961 -0.00067341343210050001 0.020103062496135263 -0.027858421592255531 -0.0022872898611687744 0.0056695712247745635 -0.033076869707609841 0.043908649280985812 -0.037713828459676406 0.053504774571363239 -0.013246942121848716 0.0081920557800861018 -0.0072723330746427605 0.0024934845635408882 -0.060340109284563397 0.0026162260576040632 -0.006251350246001321 -0.035403052894977492 0.060182569609836235 -0.033629111065288687 -0.016921739099260341 0.0082163191224672878
leaf_weight=5.0116587430238706 52.171074740588665 42.070968970656395 54.41629895567894 47.44837287068367 30.881999596953392 56.791986212134361 215.06124034523964 4.9308205544948569 7.0880855023860923 8.2455721348524076 6.2982267439365378 25.699344649910927 56.779544875025749 207.69258430600166 71.434440299868584 4.2733254060149193 66.001116216182709 30.336513049900532 30.696776419878006 4.5978501588106138 9.4844534248113614 32.378822416067123 4.4978712052106857
leaf_count=26 260 182 234 222 130 256 978 22 31 35 27 113 246 905 297 31 290 140 144 21 44 146 20
internal_value=3.17613e-06 0.00218644 0.00563756 -0.000385201 -0.0105157 0.0079044 0.00972545 0.0207578 0.00688966 -0.00247882 0.00670485 0.00235551 -0.00497306 -0.00395228 -0.00687943 -0.0324174 -0.00592878 -0.0099839 -0.0209132 -0.000572834 -0.00174042 -0.00381411 0.034485
internal_weight=1074.29 815.576 468.79 189.539 85.2983 104.24 279.251 57.1019 222.149 346.786 74.0685 67.7703 272.718 264.472 258.713 9.28498 249.428 141.952 61.0333 107.476 80.9189 98.3799 9.09572
internal_count=4800 3641 2133 842 364 478 1291 282 1009 1508 322 295 1186 1151 1159 57 1102 625 284 477 341 436 41
is_linear=0
shrinkage=0.05


Tree=43
num_leaves=25
num_cat=0
split_feature=4 6 2 4 0 0 2 0 3 0 2 3 0 2 2 2 2 2 5 4 0 0 2 0
split_gain=6.11463 4.62716 4.04923 4.80529 3.61636 3.5353 3.24162 3.57085 2.92914 2.90008 2.79133 2.68692 2.72888 2.44779 4.86829 4.77858 4.92615 4.10066 3.10003 2.22859 2.3691 2.19204 1.99936 1.90276
threshold=0.7576098806392233 2.5000000000000004 0.95384904913168322 0.40523642047195652 90.651225180721909 485.8780850939637 0.34714535056309398 239.46196855736295 85.792949371447079 928.25816448005901 2.1834110089401579 26.312010797362248 1380.2514108574589 6.884747125536343 6.5677542417482693 8.4851834057151603 8.8850656724536208 8.0629121160862116 13.176773026998903 0.44371487007211602 604.4503044811571 403.30109669667689 0.28625777864120466 1168.1147523957115
decision_type=2 2 2 2 2 2 2 2 2 2 2 2 2 2 2 2 2 2 2 2 2 2 2 2
left_child=1 2 6 10 -5 8 22 -8 21 13 -4 12 -11 14 18 17 -17 -15 -2 -7 -21 -3 -1 -13
right_child=9 5 3 4 -6 19 7 -9 -10 11 -12 23 -14 15 -16 16 -18 -19 -20 20 -22 -23 -24 -25
leaf_value=0.0054485962949272397 0.011074908985649739 -0.00650423447328774 -0.054461787730095461 0.0072600249048177705 -0.0026997122948279498 -0.059985684306605738 0.03549394095245674 0.0049268281171115447 -0.037076619595092279 -0.014728229508689209 -0.013583216958804363 -0.0096461597954599562 0.03314239427870011 -0.0012669336598340952 0.048775186737689394 0.040554794059773032 0.0029503510833808026 -0.034580710492008442 -0.015568652858371862 -0.044616434506187977 -0.011237511795455568 0.018000269257770641 -0.028249189518216297 -0.053659539000970806
leaf_weight=17.872568294405941 157.23952940106392 96.763580925762653 4.7221059054136267 116.80398809909821 414.83421452343464 4.0254710763692882 19.712234616279602 18.541198432445526 7.230406016111373 7.5006507188081759 36.108620747923851 5.1346123218536359 4.9362935721874237 35.000155210494995 8.1562942713499051 11.7072876393795 34.005851536989212 12.549394086003302 11.732038348913191 7.2451740503311184 19.963579192757607 10.076712831854818 5.8401178717613211 4.7063571065664291
leaf_count=79 773 410 22 509 1761 30 88 79 32 33 178 22 21 159 38 57 157 56 61 36 107 45 25 22
internal_value=2.94162e-06 -0.00231012 -0.000466813 -0.00178102 -0.0005115 -0.0103585 0.0116744 0.0206783 -0.00627741 0.00616551 -0.0183109 -0.0111743 0.00427189 0.00759417 0.0110462 0.00103799 0.012581 -0.0100592 0.00922499 -0.0252628 -0.0201257 -0.00419308 -0.00285072 -0.0306952
internal_weight=1072.41 779.74 634.435 572.469 531.638 145.305 61.9661 38.2534 114.071 292.668 40.8307 22.2779 12.4369 270.391 177.128 93.2627 45.7131 47.5495 168.972 31.2342 27.2088 106.84 23.7127 9.84097
internal_count=4800 3401 2741 2470 2270 660 271 167 487 1399 200 98 54 1301 872 429 214 215 834 173 143 455 104 44
is_linear=0
shrinkage=0.05


Tree=44
num_leaves=20
num_cat=0
split_feature=6 3 4 2 5 0 0 0 6 3 0 4 5 3 3 3 0 2 2
split_gain=5.73163 6.4352 6.386 4.50324 5.09401 4.46648 4.42203 3.92656 3.91041 4.45869 6.17603 3.90468 6.74831 3.84596 3.57634 3.51709 3.05527 2.4984 3.13415
threshold=1.5000000000000002 141.92162342075133 0.67244392781667484 8.5620343439582012 4.0432577035890516 54.203670177324192 1078.6975446082995 678.72446051103714 4.5000000000000009 5.9649324549398051 226.97618266776985 0.63452214226221015 6.1905390450667195 20.079982487289765 43.868376195711633 62.128307042785643 691.31962155560279 9.3375637381856524 8.1480176401763433
decision_type=2 2 2 2 2 2 2 2 2 2 2 2 2 2 2 2 2 2 2
left_child=1 2 3 6 -5 15 -1 8 11 -10 -11 13 -13 -2 -7 -4 -9 18 -18
right_child=7 -3 5 4 -6 14 -8 16 9 10 -12 12 -14 -15 -16 -17 17 -19 -20
leaf_value=0.0026476113391672423 -0.014889239982359907 -0.054771482431152686 0.034490964052723248 0.032229751998228612 -0.02167820467903029 0.0037024197725219008 -0.029617741041716602 -0.059499460258707143 0.019057953948960305 -0.068982422562905224 -0.0043848442441000715 -0.008413531530523875 0.0093658009140685401 0.00064012107035335661 0.017830019034544755 -0.011288218136344213 -0.010534386788099188 0.024730864324912588 -0.042855288308907398
leaf_weight=248.14012613147497 80.339954636991024 4.7347296923398963 25.932986304163936 4.9160562455654135 40.355574324727058 194.44293735921383 11.093886658549307 3.6965276747941962 4.5596711486578014 7.5889386832714063 7.2207246646285057 83.276026546955109 148.62026582658291 79.145629428327084 58.205938294529915 5.0053187608718863 50.101124353706837 4.1575691252946845 8.8211454972624761
leaf_count=1052 357 20 149 21 173 909 53 18 20 33 33 348 658 349 268 26 246 21 46
internal_value=2.72344e-06 0.00328655 0.00375397 -0.00127416 -0.0158243 0.00915301 0.00126682 -0.00407399 -0.00224589 -0.0241757 -0.0374867 -0.00116059 0.00298108 -0.00718271 0.00695717 0.0270846 -0.0153189 -0.0127299 -0.0153731
internal_weight=1070.36 592.828 588.093 304.506 45.2716 283.587 259.234 477.528 410.751 19.3693 14.8097 391.382 231.896 159.486 252.649 30.9383 66.7764 63.0798 58.9223
internal_count=4800 2671 2651 1299 194 1352 1105 2129 1798 86 66 1712 1006 706 1177 175 331 313 292
is_linear=0
shrinkage=0.05


Tree=45
num_leaves=25
num_cat=0
split_feature=4 6 2 4 0 0 2 0 3 2 0 3 6 3 3 3 3 3 4 4 0 0 3 0
split_gain=5.2 3.95499 3.65634 4.26795 3.29636 3.19423 3.17806 2.72795 5.18642 2.61972 2.5593 5.57745 2.28467 4.95903 8.79166 5.19559 2.89829 6.91336 2.59551 2.19739 2.27758 2.11455 1.67377 1.6398
threshold=0.7576098806392233 2.5000000000000004 0.95384904913168322 0.40523642047195652 1223.2380518712805 485.8780850939637 0.87477831557004737 42.994624904291015 32.300001378688982 2.1834110089401579 976.90036916712791 26.312010797362248 1.5000000000000002 15.780373420640386 14.753668566896945 17.988926163426012 3.3509194783726599 4.4367176476457013 0.83613050775765474 0.44371487007211602 604.4503044811571 152.88705399333662 15.205258663227569 1380.2514108574589
decision_type=2 2 2 2 2 2 2 2 2 2 2 2 2 2 2 2 2 2 2 2 2 2 2 2
left_child=1 2 6 9 -5 7 21 22 -9 -4 12 23 13 14 -2 -15 18 -18 -14 -7 -21 -1 -3 -12
right_child=10 5 3 4 -6 19 -8 8 -10 -11 11 -13 16 15 -16 -17 17 -19 -20 20 -22 -23 -24 -25
leaf_value=0.019869187937725453 0.0055269739974711241 -0.041613879664127072 -0.052722155272191873 0.00016100816153448205 -0.024556431584818461 -0.059315243917405225 0.050639205119971643 0.006984970165113142 -0.01686981873049893 -0.012756807899060888 -0.0071138059481928341 -0.045754807142905037 -0.034663086520856951 0.069418976663427154 -0.072695466377538098 0.016283343173676534 0.063587597920295211 0.0023514259881198471 0.0073391875254559986 -0.043131249687944011 -0.010115099753972292 0.00014353774684448323 -0.010772028651121882 0.031605788663258902
leaf_weight=22.343465641140938 57.298446722328663 7.4945443123579052 4.6302391439676276 516.91216354072094 13.850017353892325 3.8362898379564312 4.7028953880071631 58.138568013906479 37.470798835158348 35.834867767989635 6.1042311340570468 7.4429033249616614 9.3720102459192258 4.9008681625127783 3.8323518782854071 75.056984335184097 4.8083529770374289 111.20589008927345 6.0538897514343253 7.1051345318555859 19.724092990159988 34.663381531834602 10.650408700108526 4.9533568918704987
leaf_count=101 291 32 22 2202 68 30 21 247 163 178 27 34 40 26 20 385 21 504 30 36 107 149 45 21
internal_value=2.49751e-06 -0.00213185 -0.00042826 -0.00167733 -0.000483983 -0.00959804 0.0111339 -0.00573722 -0.00236409 -0.0173299 0.00570347 -0.0122925 0.00692513 0.0113438 0.00062313 0.0195402 0.00218207 0.00488943 -0.0181793 -0.0239199 -0.0188587 0.00787488 -0.0235109 0.010231
internal_weight=1068.39 777.357 632.937 571.227 530.762 144.42 61.7097 113.754 95.6094 40.4651 291.029 18.5005 272.529 141.089 61.1308 79.9579 131.44 116.014 15.4259 30.6655 26.8292 57.0068 18.145 11.0576
internal_count=4800 3401 2741 2470 2270 660 271 487 410 200 1399 82 1317 722 311 411 595 525 70 173 143 250 77 48
is_linear=0
shrinkage=0.05


Tree=46
num_leaves=20
num_cat=0
split_feature=6 3 4 0 2 0 0 6 3 0 4 4 5 3 3 3 0 2 3
split_gain=4.83605 5.80144 5.45939 4.11361 4.05684 4.43521 3.47591 3.47539 4.03324 5.72419 3.46466 3.41177 6.15279 3.58809 3.29856 3.26759 2.88378 2.25514 3.14331
threshold=1.5000000000000002 141.92162342075133 0.67244392781667484 54.203670177324192 8.7849190784992395 1078.6975446082995 678.72446051103714 4.5000000000000009 5.9649324549398051 226.97618266776985 0.63894407280703092 0.63452214226221015 6.1905390450667195 20.079982487289765 62.128307042785643 43.868376195711633 691.31962155560279 9.3375637381856524 3.3509194783726599
decision_type=2 2 2 2 2 2 2 2 2 2 2 2 2 2 2 2 2 2 2
left_child=1 2 4 14 5 -1 7 11 -9 -10 -6 13 -13 -2 -4 -5 -8 18 -18
right_child=6 -3 3 15 10 -7 16 8 9 -11 -12 12 -14 -15 -16 -17 17 -19 -20
leaf_value=0.0023388943239776314 -0.014117394956741811 -0.051990699559516178 0.033194216414541254 0.003274172491148883 -0.0091639832136350807 -0.029618134875316615 -0.057859120125627994 0.018262802461602761 -0.066078787993770122 -0.003625324048826119 -0.047766199118567977 -0.0080156635475053528 0.0089710304267768444 0.00090888956913969497 -0.01121875688398951 0.016826117551234768 -0.05755033600390741 0.023567992646897101 -0.011299442290957343
leaf_weight=255.4909356161952 79.955611303448677 4.7534183263778678 25.350053340196613 193.78622008115053 30.020011812448502 11.339168295264242 3.6069284975528708 4.5673121362924602 7.5023921728134138 7.1804469004273415 7.2084242105484 83.239750683307648 148.25033541023731 78.964049287140369 5.0062723308801642 57.730971142649651 3.9397435933351508 4.186322644352912 54.372453629970551
leaf_count=1084 357 20 149 909 130 55 18 20 33 33 30 348 658 349 26 268 20 21 272
internal_value=2.42353e-06 0.00302421 0.00347052 0.0084832 -0.00117642 0.000980854 -0.00374926 -0.00203248 -0.0227722 -0.0355368 -0.0166384 -0.00100986 0.00286291 -0.00665113 0.0258698 0.00638476 -0.0143883 -0.0118795 -0.0144243
internal_weight=1066.45 590.685 585.932 281.874 304.059 266.83 475.765 409.66 19.2502 14.6828 37.2284 390.41 231.49 158.92 30.3563 251.517 66.1054 62.4985 58.3122
internal_count=4800 2671 2651 1352 1299 1139 2129 1798 86 66 160 1712 1006 706 175 1177 331 313 292
is_linear=0
shrinkage=0.05


Tree=47
num_leaves=30
num_cat=0
split_feature=4 0 0 5 0 5 2 0 6 5 3 0 6 5 0 0 2 5 0 4 4 2 2 2 2 3 4 0 2
split_gain=4.50869 4.22205 9.02965 4.53013 7.0477 3.55128 4.06453 3.60086 3.32757 3.27147 4.6239 2.86977 2.49806 2.18808 3.74922 4.7242 5.55749 4.02386 4.92201 3.43373 20.5772 3.72769 3.33331 2.80012 2.65678 2.43018 2.41323 1.76369 0.856518
threshold=0.56398951576022049 54.203670177324192 46.180532712973651 7.8146040779124961 41.246106060747373 6.5144169166003367 0.72178389779581809 119.48906736708639 2.5000000000000004 14.803882806893833 18.866364850928807 103.1766229769048 2.5000000000000004 5.5721886180303146 123.9054398610091 58.279423182395142 5.1618761107922406 3.4893980008466539 220.93485871050288 0.52072678332311206 0.51206304148084991 0.98709928351324872 1.6080306085472815 4.4452960999400863 0.7928028297514057 18.658042473412614 0.53406958419916972 208.19730076255948 4.2833136329324208
decision_type=2 2 2 2 2 2 2 2 2 2 2 2 2 2 2 2 2 2 2 2 2 2 2 2 2 2 2 2 2
left_child=13 2 3 4 -2 6 12 -8 -5 11 -11 -7 -3 14 15 16 -1 27 -19 20 21 -15 24 -17 -21 -22 -24 -16 -4
right_child=1 5 28 8 -6 9 7 -9 -10 10 -12 -13 -14 19 17 23 -18 18 -20 22 25 -23 26 -25 -26 -27 -28 -29 -30
leaf_value=0.031338757544192061 0.0023860542165056657 0.034615520582975262 0.034484613703057665 0.02571350389809185 -0.054723462239346668 0.014605880045270464 -0.019256698806221322 -0.0030309889027754122 -0.0079277241439223382 0.0059171680433759664 -0.055681560639479238 0.0023354004153719309 -0.0089554201788740549 0.016948314968891025 0.0008742662378429019 0.015033300527189711 -0.045402013995544277 -0.03365565019229233 0.018595197320831508 -0.018540623149279532 0.041128032182741775 -0.01256203676705254 -0.031628668755462913 0.063709339246138516 -0.071410925257818419 0.091449730319647857 -0.0071410093137929814 -0.032774126282640141 0.059258994085893205
leaf_weight=4.7154609411954898 40.308618977665901 10.410115897655485 6.2102911174297315 30.605179227888584 6.2382529377937308 54.410597443580627 41.203242897987366 200.97551803290844 9.6740841865539533 6.6469676494598371 5.6243622153997421 383.50226408988237 4.8094596564769736 11.922574356198309 5.4050642400980022 5.6760823875665647 4.7213730812072754 5.8209676742553738 19.967951014637947 4.6959384530782682 4.7344873547553998 104.45631589740515 13.360865890979765 6.1619167476892471 4.8100058734416962 4.8640917092561722 40.737352430820465 13.933159716427324 7.9610296338796616
leaf_count=20 189 47 31 157 29 257 182 879 43 31 26 1711 21 54 23 24 20 25 92 20 20 499 56 26 21 20 173 66 38
internal_value=2.21862e-06 0.00183307 0.0113963 0.00535637 -0.00526781 0.000468061 -0.00421647 -0.00579156 0.0176337 0.0031465 -0.0223156 0.00386001 0.0208469 -0.00578094 0.00203001 0.0193336 -0.00705567 -0.00612762 0.00680135 -0.00851676 -0.0037354 -0.00953881 -0.0179869 0.0403702 -0.045293 0.0666286 -0.0131888 -0.0233693 0.0484021
internal_weight=1064.56 808.58 100.997 86.8261 46.5469 707.583 257.398 242.179 40.2793 450.184 12.2713 437.913 15.2196 255.984 66.402 21.2748 9.43683 45.1271 25.7889 189.582 125.977 116.379 63.6042 11.838 9.50594 9.59858 54.0982 19.3382 14.1713
internal_count=4800 3641 487 418 218 3154 1129 1061 200 2025 57 1968 68 1159 296 90 40 206 117 863 593 553 270 50 41 40 229 89 69
is_linear=0
shrinkage=0.05


Tree=48
num_leaves=21
num_cat=0
split_feature=6 3 4 2 0 0 0 2 2 0 4 0 0 0 4 3 3 0 0 0
split_gain=4.40051 5.16388 4.76935 3.66527 4.73143 3.60605 3.54646 3.36026 4.16221 3.98108 4.57528 4.10504 3.34601 11.4361 5.54982 3.13143 2.99861 2.2377 3.1282 1.50965
threshold=1.5000000000000002 141.92162342075133 0.67244392781667484 8.5620343439582012 37.716885203262713 54.203670177324192 1078.6975446082995 9.3375637381856524 8.9601058013611077 434.71315025352112 0.82137944280667385 471.98126332194806 386.95887345056184 277.06914037065491 0.61575878212624169 62.128307042785643 43.868376195711633 582.79742230521174 218.54757600359059 715.92698804022325
decision_type=2 2 2 2 2 2 2 2 2 2 2 2 2 2 2 2 2 2 2 2
left_child=1 2 3 6 -5 15 -1 8 9 10 -2 -11 13 14 -9 -4 -7 18 -10 -14
right_child=7 -3 5 4 -6 16 -8 12 17 11 -12 -13 19 -15 -16 -17 -18 -19 -20 -21
leaf_value=0.0024832821461215986 -0.0031729197508409837 -0.048939014994505314 0.031775049136866962 -0.062686148973754977 -0.0087788534768898901 0.0030818387023601448 -0.02680906436748301 -0.023609730575712008 -0.038949332473090285 -0.039064903672839268 0.014298064569077588 -0.00836101311297348 0.059511897695045196 -0.059402534478205316 0.04167722406534792 -0.011673155525465962 0.016087448932790193 -0.060651215629207833 0.0074278169137763613 0.017027923999422035
leaf_weight=247.69280952960253 267.04084401577711 4.7671882957220069 24.714794524014 4.5247397273778907 40.537290096282959 193.55335032194853 10.782848626375197 4.5101256519556143 8.315778464078905 12.179048776626585 43.590343147516251 102.53987142443657 4.4162939265370351 5.5943790897727004 11.697835490107535 4.9832099825143805 57.482072055339813 4.0428504645824423 6.4610833823680869 3.9714978635311127
leaf_count=1052 1136 20 149 20 174 909 53 21 36 53 221 498 20 24 52 26 268 20 28 20
internal_value=2.35709e-06 0.00288875 0.00331163 -0.00103281 -0.0141918 0.00800896 0.00126129 -0.00358184 -0.00467897 -0.00366087 -0.000721246 -0.0116207 0.0125597 0.00223509 0.0235101 0.0244846 0.00605986 -0.0276894 -0.0186712 0.0393964
internal_weight=1063.4 589.038 584.271 303.538 45.062 280.733 258.476 474.36 444.17 425.35 310.631 114.719 30.1901 21.8023 16.208 29.698 251.035 18.8197 14.7769 8.38779
internal_count=4800 2671 2651 1299 194 1352 1105 2129 1992 1908 1357 551 137 97 73 175 1177 84 64 40
is_linear=0
shrinkage=0.05


Tree=49
num_leaves=20
num_cat=0
split_feature=6 3 4 0 5 3 2 0 4 2 2 0 4 0 3 5 5 0 0
split_gain=3.97978 4.65091 4.32173 3.39816 3.52876 3.39451 3.35099 3.73516 3.17795 3.03877 3.78611 3.60687 4.15036 3.73256 3.16531 3.44354 4.17627 2.12684 2.82894
threshold=1.5000000000000002 141.92162342075133 0.67244392781667484 172.25507296617019 2.2366689149801338 40.700360678449861 8.7849190784992395 1078.6975446082995 0.63894407280703092 9.3375637381856524 8.9601058013611077 434.71315025352112 0.82137944280667385 471.98126332194806 48.891770254449959 5.8810970434571548 8.0440860779088439 582.79742230521174 218.54757600359059
decision_type=2 2 2 2 2 2 2 2 2 2 2 2 2 2 2 2 2 2 2
left_child=1 2 6 4 -4 -5 7 -1 -8 10 11 12 -2 -13 15 -11 -17 18 -12
right_child=9 -3 3 5 -6 -7 8 -9 -10 14 17 13 -14 -15 -16 16 -18 -19 -20
leaf_value=0.0022129153755952847 -0.0030148181204746952 -0.046376117678502693 -0.018151570081583211 -0.00029374130344460942 0.018268747804983134 0.0149812072726387 -0.0078769870878860546 -0.027437000232100186 -0.044874881254885396 0.044979428439448736 -0.037059082284912497 -0.03731591683465877 0.013669592194813224 -0.007964021531166177 -0.020294210669177904 -0.031830970281054909 0.023979373572677456 -0.059073649905931939 0.0070534463584306737
leaf_weight=255.18990056961775 266.99386897683144 4.7787791192531577 7.2099256664514533 137.47808955609798 85.763670146465302 49.454942271113396 29.874325692653656 11.083219408988951 7.2036117911338797 8.8147082775831276 8.3032467812299746 12.114053055644034 43.321743652224541 102.27565275877714 6.0718393921852103 4.9833633452653876 10.239120855927466 3.9457526057958594 6.4637430757284156
leaf_count=1084 1136 20 35 619 475 223 130 55 30 38 36 53 221 498 27 23 49 20 28
internal_value=2.34297e-06 0.00274959 0.00315208 0.00763267 0.0154444 0.00374739 -0.00098222 0.000978782 -0.015065 -0.00340924 -0.00445297 -0.00348317 -0.000685584 -0.0110724 0.0119619 0.0201098 0.00570882 -0.0264637 -0.0177503
internal_weight=1061.56 588.036 583.258 279.907 92.9736 186.933 303.351 266.273 37.0779 473.527 443.418 424.705 310.316 114.39 30.109 24.0372 15.2225 18.7127 14.767
internal_count=4800 2671 2651 1352 510 842 1299 1139 160 2129 1992 1908 1357 551 137 110 72 84 64
is_linear=0
shrinkage=0.05


Tree=50
num_leaves=25
num_cat=0
split_feature=4 0 0 5 0 2 5 2 0 5 2 5 6 4 5 2 5 6 5 0 2 3 0 4
split_gain=3.71429 3.50612 8.36508 4.24465 5.61423 3.56681 3.1745 3.70839 3.34219 2.97493 6.26183 3.55821 2.2602 2.17303 2.49358 2.21299 4.38312 3.77706 4.99982 3.4509 2.80293 2.30683 0.807387 0.460807
threshold=0.56398951576022049 54.203670177324192 46.180532712973651 7.9983969199003022 41.246106060747373 8.0245782045817187 6.5144169166003367 0.72178389779581809 106.67370161929507 12.892173826541862 4.229565130036069 12.66393002024048 2.5000000000000004 0.3065755169846946 10.261365317767783 5.5130647280067304 12.329679146205443 1.5000000000000002 4.6816384569510774 691.31962155560279 5.71065340804667 16.151029079662035 50.72173013592478 0.74401197436278665
decision_type=2 2 2 2 2 2 2 2 2 2 2 2 2 2 2 2 2 2 2 2 2 2 2 2
left_child=13 2 3 4 -2 -5 7 12 -9 11 -11 -8 -3 14 -1 17 20 19 -19 -15 -17 -18 23 -4
right_child=1 6 22 5 -6 -7 9 8 -10 10 -12 -13 -14 15 -16 16 21 18 -20 -21 -22 -23 -24 -25
leaf_value=-0.0057199548749431468 0.001548180824091204 0.033234289483148348 0.06765677027884251 0.024165006901197311 -0.048446162178996874 -0.017282033296348549 0.0036962081592222169 -0.019764991900438345 -0.0030828705795187413 0.0113300924039954 -0.025712031769270557 0.038440075333160684 -0.0083187664876012962 0.0022650438721362825 -0.059249414737964148 0.036434228782102035 0.059197686566293831 0.012369580889366176 -0.024971063851013275 -0.030331370517270913 -0.0039194916158709374 0.008722649030048768 0.032225792376975988 0.04367491772854476
leaf_weight=4.8620949983596784 41.950003996491432 10.302040785551069 4.392376780509947 31.215210236608982 6.4833769351243964 6.2261377200484267 394.7528785392642 35.130340039730072 206.55931004881859 20.722592309117317 25.385122284293175 7.509300470352172 4.7959922999143592 71.251541182398796 3.9374315217137337 4.5128367543220511 4.5938011929392797 10.997889898717402 48.488859347999096 9.1638405323028547 92.601963371038437 4.4625583589076996 5.7669399827718726 3.6822962537407875
leaf_count=26 199 47 20 159 30 30 1775 155 906 96 118 36 21 297 31 20 21 51 233 44 416 20 29 20
internal_value=2.33251e-06 0.00166806 0.0104437 0.00462961 -0.00514415 0.0172728 0.000427097 -0.00400589 -0.00550767 0.00296593 -0.00906387 0.0043448 0.0200347 -0.00525795 -0.0296722 -0.0043849 0.00105807 -0.00851555 -0.0180675 -0.00144952 -0.00204429 0.0343259 0.046515 0.0567203
internal_weight=1059.75 804.874 99.7163 85.8747 48.4334 37.4413 705.158 256.788 241.69 448.37 46.1077 402.262 15.098 254.873 8.79953 246.073 106.171 139.902 59.4867 80.4154 97.1148 9.05636 13.8416 8.07467
internal_count=4800 3641 487 418 229 189 3154 1129 1061 2025 214 1811 68 1159 57 1102 477 625 284 341 436 41 69 40
is_linear=0
shrinkage=0.05


Tree=51
num_leaves=20
num_cat=0
split_feature=4 0 6 2 4 2 2 0 3 5 0 3 2 2 2 2 2 5 5
split_gain=3.57691 3.19228 3.01638 2.99944 3.15873 3.06616 2.79321 2.97003 2.25731 2.14987 2.09958 5.43168 2.11638 4.74788 4.44702 4.53501 4.18985 2.89954 1.5916
threshold=0.7576098806392233 1424.9623382273592 2.5000000000000004 0.95384904913168322 0.40523642047195652 0.34714535056309398 8.8850656724536208 136.72280946422885 35.589156055361407 7.7170567690812328 976.90036916712791 26.312010797362248 6.884747125536343 6.5677542417482693 8.4851834057151603 8.7195224832135754 8.0629121160862116 13.176773026998903 8.3964063055813725
decision_type=2 2 2 2 2 2 2 2 2 2 2 2 2 2 2 2 2 2 2
left_child=1 2 3 5 -5 -1 7 -4 -8 -3 12 18 13 17 16 -16 -14 -2 -12
right_child=10 9 6 4 -6 -7 8 -9 -10 -11 11 -13 14 -15 15 -17 -18 -19 -20
leaf_value=-0.0034767739283730371 0.0091560994720757492 -0.05582587232651131 0.0041711291118532489 -0.014743772147256074 -1.0672480565812673e-05 0.019577100557977473 -0.01124616839947425 -0.011600436906750966 -0.051635401661838887 -0.0096973527905488636 0.028788613994725556 -0.044849555156785029 -0.0018187775910711666 0.046825403584825155 0.047716134773878774 0.004215245143570274 -0.035084107929467527 -0.016314485377706304 -0.0093259435809046453
leaf_weight=23.531528934836388 155.42796336859465 4.4069429934024793 47.896398723125458 39.116254381835461 520.08875180780888 37.259443610906601 7.7912575006484968 79.22698450088501 6.2220261991024017 5.9176481068134308 5.761174678802492 7.3569395989179602 35.014524631202221 7.9694432318210593 7.1012111753225318 38.332749396562576 12.972792655229567 12.039036825299261 5.2213724255561829
leaf_count=104 780 24 202 197 2229 165 37 383 29 31 25 34 161 38 35 182 58 63 23
internal_value=2.30394e-06 -0.00177099 -0.00139639 0.000105398 -0.00104125 0.0106532 -0.00799356 -0.00565817 -0.0291794 -0.0293868 0.00476566 -0.011603 0.00588221 0.0091194 -0.000196938 0.0110143 -0.0108117 0.00732504 0.010668
internal_weight=1058.65 771.457 761.133 619.996 559.205 60.791 141.137 127.123 14.0133 10.3246 287.197 18.3395 268.858 175.436 93.4213 45.434 47.9873 167.467 10.9825
internal_count=4800 3401 3346 2695 2426 269 651 585 66 55 1399 82 1317 881 436 217 219 843 48
is_linear=0
shrinkage=0.05


Tree=52
num_leaves=21
num_cat=0
split_feature=4 2 3 3 6 2 2 0 5 3 6 0 4 0 3 2 0 2 3 0
split_gain=3.43254 5.03175 5.03713 5.88137 3.49113 4.31878 3.38977 3.27902 3.28933 14.0505 2.89448 6.97036 2.89266 2.48124 3.58693 3.33016 1.96305 1.23626 3.52336 2.03812
threshold=0.86191100218614447 7.5101050919397352 31.161593246298455 9.9214164688569308 4.5000000000000009 3.5217045354433414 6.6976977384774834 155.80533392645404 14.036294205954377 20.317978695592441 1.5000000000000002 457.14864913307059 0.50111842060448308 143.1719897472415 8.8637637568476428 3.2711745334440772 277.06914037065491 4.4728809016623909 15.445581087850128 260.46657714037229
decision_type=2 2 2 2 2 2 2 2 2 2 2 2 2 2 2 2 2 2 2 2
left_child=4 10 3 -3 7 -6 -7 13 12 -10 17 16 -9 15 -15 -1 -12 18 -2 -19
right_child=1 2 -4 -5 5 6 -8 8 9 -11 11 -13 -14 14 -16 -17 -18 19 -20 -21
leaf_value=0.0094683373692577445 -0.0060965167393646595 -0.026515199921144081 -0.041803770962286282 0.037107106362719244 -0.060062435104683558 0.024103436303394975 -0.02743419147057119 -0.01060484901443233 0.025814183015605154 -0.063133610811537164 0.013439044910633489 -0.034397845701044892 -0.00053823103870370616 -0.019166223401859663 0.03075855468416451 -0.0012035884423409141 0.052415468934292775 0.062880863211269983 0.039417570634826482 0.021904017637372604
leaf_weight=110.78695026785135 7.2887935265898767 6.7453642189502734 7.9019273221492758 7.8711443841457367 5.3675677850842503 5.2970130443572989 8.0229335576295835 82.865817867219448 7.9855901077389744 9.9989919885992986 12.361891329288488 7.4939285367727271 514.06827315688133 4.5823672115802792 16.743697419762611 214.89216036349535 4.3733576685190192 5.7358239814639074 10.206182360649107 6.4434379041194916
leaf_count=510 41 32 39 38 25 24 39 407 36 46 70 32 2250 20 75 970 20 37 58 31
internal_value=2.13284e-06 0.0102086 -0.00964142 0.00774608 -0.000793283 -0.0221975 -0.00693895 -0.000377458 -0.00257042 -0.0236386 0.018501 0.00567863 -0.00193567 0.00350863 0.0200311 0.0024267 0.0236246 0.0289705 0.0204554 0.0412021
internal_weight=1057.03 76.4219 22.5184 14.6165 980.611 18.6875 13.3199 961.924 614.919 17.9846 53.9034 24.2292 596.934 347.005 21.3261 325.679 16.7352 29.6742 17.495 12.1793
internal_count=4800 398 109 70 4402 88 63 4314 2739 82 289 122 2657 1575 95 1480 90 167 99 68
is_linear=0
shrinkage=0.05


Tree=53
num_leaves=18
num_cat=0
split_feature=6 3 4 2 2 0 3 2 2 2 3 2 0 0 4 5 5
split_gain=3.25542 4.20062 3.76812 6.37888 5.32384 3.4918 4.70875 4.13765 2.89748 3.48822 3.27994 3.52244 3.02103 10.174 4.80942 2.58816 1.36871
threshold=1.5000000000000002 141.92162342075133 0.8735345900701087 7.5101050919397352 8.4851834057151603 92.177834203878589 38.624666515717934 9.6138245570228822 9.3375637381856524 9.2264042357232992 124.28307214418493 0.50330061050110242 386.95887345056184 277.06914037065491 0.61575878212624169 8.3964063055813725 7.652240672410799
decision_type=2 2 2 2 2 2 2 2 2 2 2 2 2 2 2 2 2
left_child=1 2 5 15 -5 6 -1 -7 9 10 11 -2 13 14 -10 -4 -14
right_child=8 -3 3 4 -6 7 -8 -9 12 -11 -12 -13 16 -15 -16 -17 -18
leaf_value=0.003125222153268561 0.014885160166707566 -0.044212631174283257 0.052683891466146972 -0.050380691645210286 0.020510080598212965 0.00080498231325263627 0.02515464881719854 -0.023619986861336227 -0.022000894545201665 -0.043317639189459356 0.030824366880146593 -0.0052367262352090091 0.016871505370117466 -0.05644695256840352 0.03928617621133676 0.019101624665065667 0.057158908064247796
leaf_weight=84.076565258204937 22.982311353087425 4.7748102545738211 10.111413314938547 5.0360473841428739 5.5860875770449638 410.03512644022703 34.093478016555309 18.104665324091911 4.4322426170110765 5.6021041572093955 6.8072811663150778 405.40675877779722 4.1532484889030439 5.5281156674027434 11.523876324295996 13.262929014861582 4.2815236300230026
leaf_count=410 105 20 57 23 28 1815 161 79 21 26 29 1832 19 24 52 78 21
internal_value=2.67457e-06 0.00249299 0.00287729 0.0190285 -0.0130999 0.00187221 0.00948098 -0.000227872 -0.00309268 -0.00411469 -0.00361005 -0.00415722 0.0119646 0.0020094 0.022262 0.0336288 0.0373216
internal_weight=1055.8 585.081 580.306 33.9965 10.6221 546.31 118.17 428.14 470.717 440.798 435.196 428.389 29.919 21.4842 15.9561 23.3743 8.43477
internal_count=4800 2671 2651 186 51 2465 571 1894 2129 1992 1966 1937 137 97 73 135 40
is_linear=0
shrinkage=0.05


Tree=54
num_leaves=20
num_cat=0
split_feature=4 0 6 2 2 2 2 2 3 5 0 3 2 2 2 2 2 5 5
split_gain=2.94374 2.90893 2.52278 2.54942 2.96549 2.8758 2.49146 2.97987 2.07485 2.05508 1.87812 4.97264 1.68438 4.37008 3.8317 4.29892 3.52717 2.61694 1.39842
threshold=0.7576098806392233 1424.9623382273592 2.5000000000000004 0.95384904913168322 0.87477831557004737 1.2713060505236264 8.8850656724536208 5.1249347016764686 35.589156055361407 7.7170567690812328 976.90036916712791 26.312010797362248 6.884747125536343 6.5677542417482693 8.4851834057151603 8.8850656724536208 8.0629121160862116 13.176773026998903 8.3964063055813725
decision_type=2 2 2 2 2 2 2 2 2 2 2 2 2 2 2 2 2 2 2
left_child=1 2 3 4 -1 -5 7 -4 -8 -3 12 18 13 17 16 -16 -14 -2 -12
right_child=10 9 6 5 -6 -7 8 -9 -10 -11 11 -13 14 -15 15 -17 -18 -19 -20
leaf_value=0.006687755430890824 0.0083441921318760746 -0.054558195714232399 -0.011378909091455773 -0.021130168455629546 0.048377776873996949 -0.00029675315334460077 -0.010326138194431542 0.0042764476577634219 -0.04938139522899973 -0.009009224296118723 0.027022757945813814 -0.043322481895494008 -0.0015580025582785867 0.044888386587988487 0.037318837875975903 0.001586631690234201 -0.031969354734469088 -0.015857637273626508 -0.0087573046220009009
leaf_weight=55.940953433513641 154.04293125867844 4.2766311541199666 75.805509366095066 17.087442800402641 4.6176223307847968 541.25745081156492 7.7476662173867208 50.74131453037262 6.0610836744308472 5.8826454877853394 5.7606953829526919 7.249472811818122 35.007246248424053 7.7979340553283683 11.188391432166098 33.987406104803085 13.103184267878531 12.042796358466147 5.1921325773000717
leaf_count=248 780 24 349 74 21 2352 37 236 29 31 25 34 161 38 57 160 58 63 23
internal_value=3.02778e-06 -0.00160562 -0.00125 0.000122522 0.00986664 -0.000934334 -0.00730217 -0.0051016 -0.0274687 -0.0281834 0.00434025 -0.0111999 0.00539901 0.00830688 -2.12085e-05 0.0104362 -0.00984073 0.00658933 0.0100614
internal_weight=1054.79 769.418 759.259 618.903 60.5586 558.345 140.356 126.547 13.8087 10.1593 285.372 18.2023 267.17 173.884 93.2862 45.1758 48.1104 166.086 10.9528
internal_count=4800 3401 3346 2695 269 2426 651 585 66 55 1399 82 1317 881 436 217 219 843 48
is_linear=0
shrinkage=0.05


Tree=55
num_leaves=22
num_cat=0
split_feature=0 4 6 0 0 0 2 6 0 4 4 0 3 2 0 2 2 3 2 2 5
split_gain=2.88506 3.68568 3.33941 4.26244 8.40676 5.77059 3.38853 3.32852 2.7974 2.68845 3.5826 5.5912 3.22658 2.67156 2.66995 3.64327 3.61398 2.61874 1.81886 1.5263 1.98474
threshold=155.80533392645404 0.87904272199694033 1.0000000180025095e-35 216.18802634827605 236.34355081486493 196.39300372493173 6.4608294204317378 4.5000000000000009 501.24036081001441 0.61849572719154866 0.62919190049494167 620.21986204113978 100.11057708983483 0.25607511612633915 143.1719897472415 2.8868905271678842 3.2711745334440772 5.197504395248683 7.986665055760489 4.8191383067537901 9.0598157721103139
decision_type=2 2 2 2 2 2 2 2 2 2 2 2 2 2 2 2 2 2 2 2 2
left_child=1 7 3 5 -5 6 -2 14 -6 12 11 -11 13 -4 16 -16 -1 -12 19 20 -3
right_child=2 18 9 4 8 -7 -8 -9 -10 10 17 -13 -14 -15 15 -17 -18 -19 -20 -21 -22
leaf_value=0.0093689653681116487 0.024472949988857393 0.049203179412563088 0.042285551566107339 -0.05009209779832792 0.011254747993671304 0.061438167025360063 -0.024563361541691496 -0.02878327631413017 -0.0034615449838226544 0.0015528281879224884 -0.01262519882041923 0.06772280446126637 0.029232787760900499 -0.010823842671525166 -0.01552590298595013 0.031890518471830186 -0.001665700780876596 -0.00041479737652923916 -0.00088722523900521151 0.06201718285846114 -0.00070547273791187522
leaf_weight=112.27427773922682 10.02457468211651 3.9704056009650248 2.4014025479555121 7.5908507704734793 65.958337694406509 7.1984071880578986 5.4320579171180716 8.3314039111137372 63.266456559300423 9.8778971731662732 52.360294982790947 4.7169002294540396 5.3817769438028327 169.70135298371315 5.382996633648875 16.373077273368835 218.80799106508493 272.11167469620705 4.3663081973791114 3.9995495304465294 3.9977373629808426
leaf_count=522 47 27 11 35 289 33 24 37 275 41 232 21 23 802 25 73 993 1212 24 27 27
internal_value=2.89786e-06 0.00350432 -0.00195236 0.00437235 0.00104596 0.0244607 0.0072397 0.00245367 0.00404988 -0.00390494 -0.00129517 0.0229383 -0.00889064 -0.0100828 0.00319125 0.0201585 0.0020763 -0.0023852 0.0267358 0.0368139 0.0241633
internal_weight=1053.53 377.504 676.022 159.471 136.816 22.655 15.4566 361.17 129.225 516.551 339.067 14.5948 177.485 172.103 352.838 21.7561 331.082 324.472 16.334 11.9677 7.96814
internal_count=4800 1755 3045 703 599 104 71 1650 564 2342 1506 62 836 813 1613 98 1515 1444 105 81 54
is_linear=0
shrinkage=0.05


Tree=56
num_leaves=15
num_cat=0
split_feature=6 4 2 2 5 0 2 5 5 5 0 4 5 6
split_gain=2.75412 3.21408 3.28887 5.57201 3.36618 3.08711 3.57084 3.03098 2.90346 2.88797 2.4758 2.20851 4.48044 2.39101
threshold=5.5000000000000009 0.8735345900701087 7.5101050919397352 8.4851834057151603 7.9719749909468556 684.43820742189484 9.6138245570228822 9.834012134798348 3.5765770252142537 12.396431301494109 190.4708564177877 0.4673602363425351 8.8343187499911568 4.5000000000000009
decision_type=2 2 2 2 2 2 2 2 2 2 2 2 2 2
left_child=1 5 4 -4 8 11 9 -6 -3 -7 -5 12 -1 -13
right_child=-2 2 3 10 7 6 -8 -9 -10 -11 -12 13 -14 -15
leaf_value=-0.015437617421079866 -0.034855752016931377 0.0021767683386985323 -0.040059213661792603 0.050599656312381593 -0.015540734189531231 -0.0077705012867758704 -0.04323531884792485 0.020055461357208992 0.052675362946757245 0.018440229291909065 -0.00058589637997873384 0.0018674850030847932 0.0077712977604657719 -0.022220569960877116
leaf_weight=55.837624661624432 5.6358818411827079 3.9256693720817557 7.3214130848646191 3.5668690502643567 8.6987844482064265 124.41250471025705 6.5931075960397711 19.135224893689156 10.353471748530863 11.478972911834715 6.9962401390075684 744.85931646823883 33.134241588413715 10.446398586034773
leaf_count=265 26 20 34 21 50 591 32 108 57 56 32 3296 165 47
internal_value=3.23628e-06 0.000190921 0.011427 -0.00653676 0.0190558 -0.000492259 -0.00729993 0.00893081 0.0387921 -0.00555644 0.016698 0.000656638 -0.00679433 0.00153433
internal_weight=1052.4 1046.76 59.9977 17.8845 42.1132 986.762 142.485 27.834 14.2791 135.891 10.5631 844.278 88.9719 755.306
internal_count=4800 4774 322 87 235 4452 679 158 77 647 53 3773 430 3343
is_linear=0
shrinkage=0.05


Tree=57
num_leaves=18
num_cat=0
split_feature=6 3 4 2 5 4 2 2 0 0 4 3 2 2 4 0 0
split_gain=2.6952 3.85651 3.25677 3.02947 3.77536 3.29611 2.82815 3.0724 2.88754 9.21753 4.20594 2.82159 3.08821 2.73036 3.04329 3.01686 1.25635
threshold=1.5000000000000002 141.92162342075133 0.67244392781667484 0.32718065776248256 8.8636634976218698 0.9451615856872313 9.3375637381856524 9.2264042357232992 386.95887345056184 277.06914037065491 0.61575878212624169 124.28307214418493 0.32718065776248256 8.7849190784992395 0.63894407280703092 1078.6975446082995 715.92698804022325
decision_type=2 2 2 2 2 2 2 2 2 2 2 2 2 2 2 2 2
left_child=1 2 13 4 -4 -5 7 11 9 10 -8 12 -2 15 -15 -1 -10
right_child=6 -3 3 5 -6 -7 8 -9 16 -11 -12 -13 -14 14 -16 -17 -18
leaf_value=0.0019259987929632816 0.019953047198542798 -0.042476363838850568 0.0083220536023309779 0.006763205254804467 -0.057433815826548044 0.048243314668789776 -0.020025851298507882 -0.040943891838566032 0.055152672787095194 -0.053650691285615372 0.037725379983778687 0.028610660923199679 -0.0046246690830681171 -0.0066357000973743573 -0.0429398247550953 -0.025094937246489691 0.016466186228859921
leaf_weight=254.25697610527277 13.188492670655249 4.7748341709375373 4.6808772385120374 262.21159624308348 4.0903928130865097 4.8782889768481246 4.361223988235003 5.5056724101304999 4.4488043263554555 5.464705027639865 11.377042844891546 6.7946952730417243 413.63974966853857 29.663231760263443 7.16742119193077 10.767311573028563 3.972565233707428
leaf_count=1084 61 20 24 1279 21 28 21 26 20 24 52 29 1876 130 30 55 20
internal_value=3.30393e-06 0.00227443 0.0026443 0.00657129 -0.0223425 0.00752082 -0.00281889 -0.00382762 0.0121338 0.00229594 0.021722 -0.00335636 -0.00386525 -0.000944528 -0.0137007 0.000828202 0.0369033
internal_weight=1051.24 582.491 577.716 275.861 8.77127 267.09 468.753 439.129 29.6243 21.203 15.7383 433.623 426.828 301.855 36.8307 265.024 8.42137
internal_count=4800 2671 2651 1352 45 1307 2129 1992 137 97 73 1966 1937 1299 160 1139 40
is_linear=0
shrinkage=0.05


Tree=58
num_leaves=16
num_cat=0
split_feature=4 0 6 3 2 4 4 6 5 5 4 2 4 2 2
split_gain=2.59374 2.53455 3.14934 3.96171 4.42031 4.04121 3.05292 2.81359 2.78003 2.50529 2.0743 3.71113 3.26175 1.782 1.5248
threshold=0.3065755169846946 155.80533392645404 1.0000000180025095e-35 14.42816709021716 6.5677542417482693 0.77013154588457466 0.87904272199694033 4.5000000000000009 8.6736442488595262 10.261365317767783 0.61849572719154866 6.6576841727001508 0.62919190049494167 7.986665055760489 4.8191383067537901
decision_type=2 2 2 2 2 2 2 2 2 2 2 2 2 2 2
left_child=9 6 3 4 -3 -5 7 8 -2 -1 11 -4 -12 14 -8
right_child=1 2 10 5 -6 -7 13 -9 -10 -11 12 -13 -14 -15 -16
leaf_value=-0.0035975824879313483 -7.6562379434392031e-05 0.025766679464895605 -0.013175139102743065 -0.0073154572758226946 -0.0026121619583037671 0.015898820704487497 0.022510579089101201 -0.026307493839231991 0.0092364629242335152 -0.058492325540804115 0.021824664831505282 0.0023444836814481159 -0.0022871387022827001 -0.0025170276121138243 0.061187217189084681
leaf_weight=4.7553346753120405 223.50760059058666 35.947156682610512 114.95004030317068 74.680925264954567 22.192924842238426 25.031034991145134 7.7345939278602582 8.2346951365470868 124.91840518265963 3.6922029256820679 14.660944312810896 57.933335550129414 323.82251226902008 4.2820527106523505 3.8004710748791695
leaf_count=26 1005 161 540 318 96 121 54 37 585 31 62 269 1444 24 27
internal_value=3.28265e-06 0.000227053 -0.00161294 0.00456064 0.0149341 -0.0014879 0.00353291 0.00257964 0.00326236 -0.0275907 -0.00351864 -0.0079745 -0.00124277 0.0250281 0.0352534
internal_weight=1050.14 1041.7 669.219 157.852 58.1401 99.712 372.478 356.661 348.426 8.44754 511.367 172.883 338.483 15.8171 11.5351
internal_count=4800 4743 3011 696 257 439 1732 1627 1590 57 2315 809 1506 105 81
is_linear=0
shrinkage=0.05


Tree=59
num_leaves=10
num_cat=0
split_feature=4 0 2 5 6 4 2 0 2
split_gain=2.39067 2.41748 3.57296 2.41732 2.36766 2.47197 4.11417 1.97377 0.865788
threshold=0.3065755169846946 1512.3647570656201 7.7340967685997315 10.261365317767783 5.5000000000000009 0.86191100218614447 7.5101050919397352 92.177834203878589 4.2833136329324208
decision_type=2 2 2 2 2 2 2 2 2
left_child=3 4 8 -1 5 7 -7 -2 -3
right_child=1 2 -4 -5 -6 6 -8 -9 -10
leaf_value=-0.0034240754799655031 0.0041638072532606462 -0.022242938475936058 0.015025772037988206 -0.058014835714830661 -0.032275490109733386 0.017511368101337986 -0.0084207007185550641 -0.001255979158172279 -0.053905868025754269
leaf_weight=4.7467113956809026 218.04209887236357 3.9161264002323133 4.5311067551374427 3.5403051301836967 5.4840542823076239 50.079653806984425 22.020191065967083 731.73354166001081 4.811705656349659
leaf_count=26 1002 20 23 31 25 282 107 3259 25
internal_value=3.17969e-06 0.000216197 -0.0209973 -0.0267459 0.000489975 0.000665816 0.00959139 -1.17468e-05 -0.0396989
internal_weight=1048.91 1040.62 13.2589 8.28702 1027.36 1021.88 72.0998 949.776 8.72783
internal_count=4800 4743 68 57 4675 4650 389 4261 45
is_linear=0
shrinkage=0.05


Tree=60
num_leaves=18
num_cat=0
split_feature=6 3 2 0 5 3 0 4 2 3 2 5 0 0 0 4 5
split_gain=2.30427 3.48725 3.02205 3.48622 4.17379 3.05418 5.21019 2.71824 2.55834 3.66199 2.75343 8.46115 2.70429 2.58489 8.35424 3.93189 1.22457
threshold=1.5000000000000002 141.92162342075133 9.6138245570228822 54.203670177324192 4.901657019678809 7.3048083248851006 490.29302202912396 0.87081823168320149 9.3375637381856524 132.29279726117974 0.50330061050110242 9.834012134798348 678.72446051103714 386.95887345056184 277.06914037065491 0.69034265335127221 7.652240672410799
decision_type=2 2 2 2 2 2 2 2 2 2 2 2 2 2 2 2 2
left_child=1 2 3 4 -1 -4 -7 -5 9 10 11 -2 -12 14 15 -10 -15
right_child=8 -3 5 7 -6 6 -8 -9 13 -11 12 -13 -14 16 -16 -17 -18
leaf_value=0.037093639286363805 -0.0044111975276541976 -0.040464184346828663 -0.046528818189113065 0.00068180911344377653 0.0074023194079304404 0.0092606552172194503 -0.051767000816096198 0.016185110035705542 -0.0037939270373893255 0.041843137263545188 -0.0033643747984941591 0.06509599265458936 -0.015139592311043988 0.01559174020565517 -0.051301154783197106 0.046406064872137831 0.053604721541853917
leaf_weight=14.778384514153002 17.979396075010303 4.7711204290390006 5.7364940717816379 446.20523539185524 59.451876454055309 14.939405605196955 4.566357120871543 30.18620665371418 7.9614837691187912 4.3945793807506552 353.24991082400084 5.7877864912152281 56.567035559564829 4.1603649109601957 5.4098712205886832 7.6473418176174164 4.3171419948339462
leaf_count=73 82 20 26 1995 303 67 21 166 36 19 1568 27 296 19 24 37 21
internal_value=2.81336e-06 0.0021064 0.0024591 0.00323463 0.0133135 -0.0144579 -0.0050261 0.00166416 -0.00260998 -0.00356988 -0.00403017 0.0125152 -0.00498971 0.0116432 0.00224301 0.0208009 0.0349497
internal_weight=1048.11 580.635 575.864 550.622 74.2303 25.2423 19.5058 476.391 467.475 437.979 433.584 23.7672 409.817 29.4962 21.0187 15.6088 8.47751
internal_count=4800 2671 2651 2537 376 114 88 2161 2129 1992 1973 109 1864 137 97 73 40
is_linear=0
shrinkage=0.05


Tree=61
num_leaves=17
num_cat=0
split_feature=4 4 4 5 0 4 6 5 3 4 0 2 4 2 0 2
split_gain=2.20287 3.73093 3.67687 12.4088 7.24633 3.83463 3.44195 3.29363 7.57603 4.56198 3.23414 3.05125 2.82684 2.49849 5.53541 4.32398
threshold=0.50111842060448308 0.49516727602971483 0.52072678332311206 5.4943199246443593 66.251601552667026 0.51206304148084991 5.5000000000000009 4.901657019678809 33.035417397737 0.47031132642397327 1512.3647570656201 7.7340967685997315 0.56398951576022049 8.7195224832135754 400.16724794000254 8.0629121160862116
decision_type=2 2 2 2 2 2 2 2 2 2 2 2 2 2 2 2
left_child=1 7 3 -2 -5 -6 10 8 9 -1 12 -12 -4 15 -15 -9
right_child=2 -3 6 4 5 -7 -8 13 -10 -11 11 -13 -14 14 -16 -17
leaf_value=-0.021998331298915201 -0.036289083119041936 -0.039144471147192536 -0.0078626418204530892 -0.012666405406386392 0.030968474603981042 0.082166175660742982 -0.04364446580588259 -0.0085738348578706675 0.050660962907212032 0.032063381444700598 -0.045917011130099987 0.0072906407998655541 0.0018531058059193329 -0.055724554762873205 0.017644566659032329 0.028675903026729833
leaf_weight=13.279554031789308 7.3466732054948833 7.9261988848447791 82.806562289595604 4.9063244014978435 7.0469842255115491 7.6034255623817444 4.4236355423927298 85.386387944221497 8.5468225106596929 5.5261006206274024 7.1313518732786161 4.3307280838489532 780.79642423987389 7.3484632447361928 3.9540479406714439 8.5729196481406671
leaf_count=65 31 38 355 20 31 32 20 416 38 25 37 22 3568 40 20 42
internal_value=2.78085e-06 -0.00582177 0.000905905 0.0191139 0.0399266 0.0575396 0.000348926 -0.00383011 0.0116277 -0.00611213 0.000571321 -0.0258135 0.000921511 -0.00784686 -0.0300572 -0.00517514
internal_weight=1046.93 140.54 906.392 26.9034 19.5567 14.6504 879.489 132.614 27.3525 18.8057 875.065 11.4621 863.603 105.262 11.3025 93.9593
internal_count=4800 684 4116 114 83 63 4002 646 128 90 3982 59 3923 518 60 458
is_linear=0
shrinkage=0.05


Tree=62
num_leaves=18
num_cat=0
split_feature=4 5 5 5 3 2 6 0 0 2 4 5 4 0 5 5 4
split_gain=2.12916 2.35227 2.10875 5.00047 3.92205 5.14156 4.67289 2.96394 7.74482 4.05535 2.23307 4.6681 3.81048 2.6009 4.8994 2.73923 0.477567
threshold=0.3065755169846946 10.261365317767783 6.4474367890262467 5.2565967478448945 25.293349912554685 7.3460451449400459 2.5000000000000004 90.651225180721909 98.677883580999108 6.9154022488702642 0.56398951576022049 6.6734028204916704 0.52072678332311206 105.03067571812252 7.2335930888341915 9.1898458614200518 0.48714252502282729
decision_type=2 2 2 2 2 2 2 2 2 2 2 2 2 2 2 2 2
left_child=1 -1 3 7 5 -5 -6 9 -9 -2 11 16 -13 14 -12 -15 -4
right_child=2 -3 10 4 6 -7 -8 8 -10 -11 13 12 -14 15 -16 -17 -18
leaf_value=-0.0027800698319110839 0.019801949428708426 -0.057508149902120012 0.042959161599391983 0.0051090466956312079 -0.015126460543782957 -0.024831597513098186 -0.056328150968708413 -0.066174777782680078 -0.00035995452313307083 -0.0068617100883535736 -0.014370966529327723 0.00044019668374840627 -0.01653599195486467 0.0059209924613609138 0.014171553355541941 -0.0024655327570611979 0.020128921505237291
leaf_weight=4.7157182246446592 41.18257063627243 3.3639821112155914 4.446460619568823 49.488689750432968 41.716262981295586 20.188060954213142 8.2411981225013715 4.5790307819843283 187.66648817062378 21.813729524612427 17.645232252776623 93.049353525042534 51.267711624503136 185.24366814643145 101.62898708879948 205.24261443316936 4.724457859992981
leaf_count=26 191 31 20 224 183 90 39 20 841 96 82 436 222 822 512 945 20
internal_value=1.67888e-06 -0.0255661 0.000200672 -0.00279678 -0.0112317 -0.00356592 -0.0219233 0.00115674 -0.00192758 0.0105691 0.00189487 -0.00339237 -0.00559049 0.00348684 0.00994902 0.00151297 0.031198
internal_weight=1046.2 8.0797 1038.12 374.876 119.634 69.6768 49.9575 255.242 192.246 62.9963 663.248 153.488 144.317 509.761 119.274 390.486 9.17092
internal_count=4800 57 4743 1684 536 314 222 1148 861 287 3059 698 658 2361 594 1767 40
is_linear=0
shrinkage=0.05


Tree=63
num_leaves=15
num_cat=0
split_feature=4 0 2 2 3 2 2 5 5 5 6 3 3 2
split_gain=2.08675 2.16628 3.46283 2.09517 2.2333 2.06323 5.75774 4.379 6.2082 5.91353 3.82783 1.81982 1.3517 1.249
threshold=0.91205443043400702 1512.3647570656201 7.7340967685997315 2.9679053458660327 7.3048083248851006 7.0699709191333522 7.0227491607930173 7.2774371414928103 5.7564129236053958 11.030373984534839 1.0000000180025095e-35 23.73285357962121 24.050670793142952 4.2833136329324208
decision_type=2 2 2 2 2 2 2 2 2 2 2 2 2 2
left_child=1 5 13 12 -5 6 10 8 -7 -9 -1 -6 -2 -3
right_child=3 2 -4 4 11 7 -8 9 -10 -11 -12 -13 -14 -15
leaf_value=0.0080477195278028484 -0.024164229836603025 -0.01929899608921485 0.014114060913624413 -0.010178700617098246 0.057531272618806563 -0.0022454749471973122 0.058540465332645043 0.0080203053241847642 -0.02395790086740824 -0.013487852874985504 -0.00089724115920939763 0.017296365585544326 0.017187268318919313 -0.058465778962567154
leaf_weight=153.15132474899292 4.3777481168508556 3.8013613075017911 4.5567495673894873 3.2385077103972426 5.4920564815402013 94.66426907479763 4.3843070417642585 117.52961133420467 50.477048672735691 43.893332924693823 545.96031915768981 5.7555516436696053 3.6024866849184036 4.3817117884755135
leaf_count=713 26 20 23 19 30 414 19 539 221 206 2493 32 21 24
internal_value=1.41715e-06 -0.000329685 -0.0208188 0.0150751 0.0264081 -7.12568e-05 0.00142051 -0.00349452 -0.00979659 0.00217191 0.00106229 0.0369425 -0.00549708 -0.0402713
internal_weight=1045.27 1022.8 12.7398 22.4664 14.4861 1010.06 703.496 306.564 145.141 161.423 699.112 11.2476 7.98023 8.18307
internal_count=4800 4672 67 128 81 4605 3225 1380 635 745 3206 62 47 44
is_linear=0
shrinkage=0.05


Tree=64
num_leaves=23
num_cat=0
split_feature=6 0 0 0 0 3 5 0 2 2 2 2 0 3 4 5 3 0 4 2 2 4
split_gain=2.00058 4.4707 3.76435 4.08363 3.06038 3.42631 3.33389 2.7947 2.4742 5.08126 4.47488 4.94311 4.47818 3.61008 5.22376 4.45918 3.14326 3.13825 2.7308 1.60652 2.13469 1.23295
threshold=2.5000000000000004 495.02096247950027 42.994624904291015 55.668944971695502 604.4503044811571 40.21085327546443 5.1771945871909191 467.21557899268038 3.76123896620767 3.679925697858256 4.0032737438405341 3.9300926281287381 143.1719897472415 9.1674978827146862 0.59922056497433007 7.678057826734733 1.3848636277044246 92.177834203878589 0.73006620348914775 7.5554995540023109 4.5162696049375732 0.65613217137700008
decision_type=2 2 2 2 2 2 2 2 2 2 2 2 2 2 2 2 2 2 2 2 2 2
left_child=8 2 19 -4 21 6 -6 -5 9 16 11 12 -10 15 -15 -12 18 -18 -1 20 -2 -3
right_child=1 4 3 7 5 -7 -8 -9 10 -11 13 -13 -14 14 -16 -17 17 -19 -20 -21 -22 -23
leaf_value=-0.038358303437158625 -0.01405474602227528 -0.063247966197424135 0.046526606337420888 -0.00063634047970430275 0.0074996280805036692 0.019567020073629395 -0.033543146893454043 0.039374859178678744 -0.047284021031620375 0.047430294095704102 -0.001966742409830447 -0.060544783909831867 0.013100719952019427 -0.011426729206269146 0.0013223541621290901 0.015992079281917645 0.014235360087889382 0.001911041601287664 0.0079968447496779321 0.0041430226941092298 -0.050512386441927515 -0.028197200403088853
leaf_weight=8.0797555446624738 11.677892595529562 4.3277962133288366 5.0662605464458457 124.63598650693893 7.2238196432590547 6.9035992324352256 15.704383898526428 4.5226456969976416 4.6332224905490902 6.7673933133482924 70.89331017434597 6.3743185997009268 9.1021592468023282 116.90620446950197 256.91931265592575 67.453254669904709 66.797359690070152 227.84213690459728 5.2360368072986594 5.5873563438653937 6.1189177781343451 5.9697824269533157
leaf_count=36 52 29 23 558 40 36 95 20 21 31 316 28 40 516 1175 314 329 1036 27 25 27 26
internal_value=1.41969e-06 -0.00452694 -0.000733326 0.00249196 -0.0194264 -0.011314 -0.0206121 0.0007647 0.00105859 0.004573 -0.00101937 -0.0241557 -0.00726828 -0.000110955 -0.00266466 0.00678939 0.0036312 0.00470507 -0.0201305 -0.0192465 -0.0265896 -0.0429281
internal_weight=1044.74 197.738 157.609 134.225 40.1294 29.8318 22.9282 129.159 847.004 314.723 532.282 20.1097 13.7354 512.172 373.826 138.347 307.955 294.639 13.3158 23.3842 17.7968 10.2976
internal_count=4800 931 705 601 226 171 135 578 3869 1459 2410 89 61 2321 1691 630 1428 1365 63 104 79 55
is_linear=0
shrinkage=0.05


Tree=65
num_leaves=11
num_cat=0
split_feature=4 5 6 4 2 0 5 0 2 2
split_gain=1.9608 2.25755 1.88845 2.13277 2.24587 2.75932 2.35017 2.02865 3.20323 1.70294
threshold=0.3065755169846946 10.261365317767783 5.5000000000000009 0.91205443043400702 4.3750232062080263 442.61603549412774 9.977620933437704 1512.3647570656201 7.7340967685997315 7.0699709191333522
decision_type=2 2 2 2 2 2 2 2 2 2
left_child=1 -1 3 7 6 -6 -5 9 -9 -2
right_child=2 -3 -4 4 5 -7 -8 8 -10 -11
leaf_value=-0.0027434648229624631 0.0016255618392706621 -0.057087161951040966 -0.029373570715621695 -0.024143002086930113 0.05002908937347305 -0.00051650121878727253 0.023076120832051423 -0.038963755574999481 0.013465451293017339 -0.002872211370022055
leaf_weight=4.7151691466569892 693.50044392794371 3.2135495282709599 5.3734700530767432 5.3626840710639971 7.1743797883391363 4.3294695168733597 5.1809879466891289 8.0246535986661893 4.5737233310937873 302.13190968334675
leaf_count=26 3170 31 25 31 46 20 30 44 23 1354
internal_value=9.66629e-07 -0.0247692 0.000190602 0.000344795 0.0157286 0.0310063 -0.000940298 8.38871e-06 -0.0199298 0.00026068
internal_weight=1043.58 7.92872 1035.65 1030.28 22.0475 11.5038 10.5437 1008.23 12.5984 995.632
internal_count=4800 57 4743 4718 127 66 61 4591 67 4524
is_linear=0
shrinkage=0.05


Tree=66
num_leaves=17
num_cat=0
split_feature=6 3 2 0 5 3 0 5 2 3 2 3 3 3 2 5
split_gain=1.83422 3.14393 2.56568 3.0125 3.72136 2.79609 4.80747 2.60308 2.37735 3.26126 2.66152 2.50324 2.94164 2.94004 2.28284 2.16601
threshold=1.5000000000000002 141.92162342075133 9.6138245570228822 54.203670177324192 4.901657019678809 7.3048083248851006 490.29302202912396 14.803882806893833 9.3375637381856524 132.29279726117974 9.2264042357232992 48.891770254449959 14.42816709021716 24.67493704119476 0.50330061050110242 5.8810970434571548
decision_type=2 2 2 2 2 2 2 2 2 2 2 2 2 2 2 2
left_child=1 2 3 4 -1 -4 -7 -5 9 10 14 12 15 -14 -2 -10
right_child=8 -3 5 7 -6 6 -8 -9 11 -11 -12 -13 13 -15 -16 -17
leaf_value=0.035061207285090455 0.011854697058384604 -0.038590944434222542 -0.044194121684788187 0.0019972960259096507 0.0067769386552471904 0.0093335624306996288 -0.049604960602208911 -0.024774532634389168 0.027354714601972259 0.039611671599527609 -0.038616896680884992 -0.017905643737316186 0.067494387145981702 0.01642800576545933 -0.0041452738054889911 -0.016822721228792536
leaf_weight=14.487840108573435 23.601402997970581 4.7589633762836447 5.7025303244590786 465.57897014915943 58.93952751159668 14.884941682219507 4.5076043605804434 9.2602856904268247 4.6163116544485145 4.3904182761907569 5.3894837796688071 5.8150572627782813 4.6034084483981115 7.2693574577569962 402.25845357403159 6.9545965641736984
leaf_count=73 109 20 26 2118 303 67 21 43 20 19 26 27 22 34 1838 34
internal_value=8.79748e-07 0.00188115 0.00221707 0.00293264 0.0123577 -0.0134165 -0.00436611 0.00147519 -0.00233731 -0.00326393 -0.00370043 0.0114593 0.0187431 0.0362279 -0.00325855 0.00080224
internal_weight=1043.02 578.121 573.362 548.267 73.4274 25.0951 19.3925 474.839 464.898 435.64 431.249 29.2587 23.4437 11.8728 425.86 11.5709
internal_count=4800 2671 2651 2537 376 114 88 2161 2129 1992 1973 137 110 56 1947 54
is_linear=0
shrinkage=0.05


Tree=67
num_leaves=15
num_cat=0
split_feature=4 5 5 5 3 2 6 5 5 4 4 5 0 3
split_gain=1.7966 2.19907 1.80265 4.27603 3.59282 4.30413 4.19085 2.55432 1.89547 1.88404 2.568 5.60177 2.23144 1.87513
threshold=0.3065755169846946 10.261365317767783 6.4474367890262467 5.2565967478448945 25.293349912554685 7.3460451449400459 2.5000000000000004 4.3247055481100523 4.4296965119403167 0.33802542015873954 0.56398951576022049 6.6734028204916704 105.03067571812252 62.128307042785643
decision_type=2 2 2 2 2 2 2 2 2 2 2 2 2 2
left_child=1 -1 3 7 5 -5 -6 13 -9 -4 11 -11 -12 -2
right_child=2 -3 9 4 6 -7 -8 8 -10 10 12 -13 -14 -15
leaf_value=-0.002388598613065594 -0.0041661937457825688 -0.056711198805169116 0.031426922860738504 0.0048749197839574729 -0.014273566661847488 -0.022598177204941828 -0.053610976017328699 0.031941244692181348 0.0060600048463037882 0.034385182801495544 0.0092112418417472329 -0.0067431204314041138 0.0013712123972412428 0.011130574863064185
leaf_weight=4.698591634631156 155.66218088567257 3.0870621986687183 5.3051994219422332 49.36426156014204 41.687585338950157 20.045554503798485 8.0835381001234037 7.8970044404268256 67.911551676690578 8.8037765175104123 118.32995281368494 138.92224945127964 389.52066282182932 22.993540287017822
leaf_count=26 705 31 27 224 183 90 39 36 306 38 594 633 1767 101
internal_value=8.80113e-07 -0.0239279 0.000180963 -0.00259483 -0.0104106 -0.00305931 -0.0206625 0.00106576 0.00875606 0.00175032 0.00151017 -0.00429207 0.00319795 -0.00219745
internal_weight=1042.31 7.78565 1034.53 373.645 119.181 69.4098 49.7711 254.464 75.8086 660.882 655.577 147.726 507.851 178.656
internal_count=4800 57 4743 1684 536 314 222 1148 342 3059 3032 671 2361 806
is_linear=0
shrinkage=0.05


Tree=68
num_leaves=13
num_cat=0
split_feature=6 4 2 2 0 6 0 2 2 2 0 2
split_gain=1.74648 1.98177 2.10127 2.40196 2.06236 3.54163 1.78294 2.97574 1.61997 5.1901 4.33731 1.23166
threshold=5.5000000000000009 0.91205443043400702 5.7856635008950716 7.5101050919397352 194.69614956475257 1.5000000000000002 1512.3647570656201 7.7340967685997315 7.0699709191333522 7.0227491607930173 33.488107759470147 4.2833136329324208
decision_type=2 2 2 2 2 2 2 2 2 2 2 2
left_child=1 6 4 -4 -3 -6 8 11 9 -1 -10 -8
right_child=-2 2 3 -5 5 -7 7 -9 10 -11 -12 -13
leaf_value=0.0010464758595998373 -0.028382142625616759 0.029630567186966539 0.067388357531621312 0.011759457153916436 0.021364579205273938 -0.041241188940954202 -0.016595282865936471 0.013042947986259932 -0.023045363319732833 0.055726948261211641 -0.0012069171667801787 -0.056238659862563226
leaf_weight=693.30123191699386 5.3919251635670653 4.8542291671037701 3.3964524939656249 4.5266082286834717 4.4008193761110288 4.6415554583072662 3.6913862526416761 4.5844685435295105 24.749868556857109 4.3669457286596289 279.43907104060054 4.1753584071993828
leaf_count=3188 26 36 20 24 25 22 20 23 116 19 1257 24
internal_value=4.5917e-07 0.00014816 0.0150572 0.0356064 0.00334124 -0.0107717 -0.000172562 -0.0189766 6.11365e-05 0.00138874 -0.00298377 -0.0376364
internal_weight=1041.52 1036.13 21.8197 7.92306 13.8966 9.04237 1014.31 12.4512 1001.86 697.668 304.189 7.86674
internal_count=4800 4774 127 44 83 47 4647 67 4580 3207 1373 44
is_linear=0
shrinkage=0.05


Tree=69
num_leaves=18
num_cat=0
split_feature=0 0 6 2 2 2 4 4 5 6 2 2 2 2 4 3 0
split_gain=1.70028 3.82262 2.88476 2.77163 4.64375 3.04286 2.65648 2.46717 2.45328 2.40007 2.33493 4.25626 1.77364 1.95253 1.84198 1.70742 1.25872
threshold=480.23454465111826 471.98126332194806 2.5000000000000004 9.6138245570228822 9.1456118545874023 8.9196465634898683 0.82893701997459757 0.44371487007211602 2.2366689149801338 1.0000000180025095e-35 7.7705702498682969 5.8902487723084374 9.8446955095862769 9.9200355027848435 0.82546713728979693 30.212287806720159 814.18299599214095
decision_type=2 2 2 2 2 2 2 2 2 2 2 2 2 2 2 2 2
left_child=1 6 3 4 5 -2 12 -4 -8 -10 11 -9 14 -14 -1 -12 -6
right_child=2 -3 7 -5 16 -7 8 10 9 -11 15 -13 13 -15 -16 -17 -18
leaf_value=-0.00032594734682733431 -0.0008029639570659629 0.03599595525262074 -0.057574916562282509 -0.030220713965264052 0.047721492562879012 -0.038948396565968053 -0.022611927197068241 -0.016377383002529038 0.029748535304120968 0.0072852496130462177 -0.054729948367049155 0.026898901517529068 0.043630467023320352 0.00099841097903091182 -0.031548073928900709 -0.011078324733226888 0.013279161761822623
leaf_weight=665.89446198940277 198.9526718556881 7.8051225841045371 3.2153050228953353 7.9320235550403586 5.8106840997934324 5.369108334183692 5.7118804007768622 22.075851470232013 14.470509566366671 66.704384319484234 4.7888348251581174 7.6505505144596091 4.8024599552154523 6.093500480055809 4.7576436698436728 4.2091505229473114 4.8808804154396057
leaf_count=2956 894 34 30 37 25 25 28 116 93 376 29 39 21 27 24 23 23
internal_value=6.11883e-07 0.00118096 -0.00345837 -0.00119524 -0.000124464 -0.00180534 0.000827337 -0.0154888 0.00906096 0.0112896 -0.0119944 -0.00523956 -0.000222323 0.0197887 -0.000547439 -0.0343102 0.031998
internal_weight=1041.13 776.24 264.885 222.945 215.013 204.322 768.435 41.9397 86.8868 81.1749 38.7244 29.7264 681.548 10.896 670.652 8.99799 10.6916
internal_count=4800 3559 1241 1004 967 919 3525 237 497 469 207 155 3028 48 2980 52 48
is_linear=0
shrinkage=0.05


Tree=70
num_leaves=16
num_cat=0
split_feature=4 5 0 6 0 0 0 0 2 5 0 4 0 0 3
split_gain=1.62069 2.13414 1.58077 2.35465 3.80824 7.00642 5.22321 2.31757 5.9565 5.21901 3.13685 3.1611 1.97819 5.5945 4.85108
threshold=0.3065755169846946 10.261365317767783 155.80533392645404 1.0000000180025095e-35 216.18802634827605 236.34355081486493 196.39300372493173 27.16900903193692 8.9601058013611077 9.2145356046579803 30.403553017641919 0.37706547177866173 226.97618266776985 243.61786116048305 7.3048083248851006
decision_type=2 2 2 2 2 2 2 2 2 2 2 2 2 2 2
left_child=1 -1 7 4 6 -6 -4 8 9 -2 -9 -12 14 -14 -5
right_child=2 -3 3 12 5 -7 -8 10 -10 -11 11 -13 13 -15 -16
leaf_value=-0.0019904028248908497 -0.0094010080125881464 -0.056340885682687081 0.0068115859551794375 -0.032308761623340725 -0.047313568609909755 0.0036049059875477513 0.059090563480410002 0.037805821672078049 -0.050188784730621931 0.020768882841609243 -0.025868668077704816 0.0049369024066502716 0.023015980150652201 -0.0028732427785313017 -0.0036373452753698898
leaf_weight=4.6782317832112303 49.403500005602837 2.9419998861849308 15.161493204534056 18.767090901732445 7.1336137652397147 127.60465550422668 6.9760840237140647 7.0351205542683592 6.6466843336820594 20.193609997630119 8.5862091034650785 276.49501118063927 22.0228171646595 397.65019405633211 68.974844135344028
leaf_count=26 233 31 70 85 32 561 33 36 32 99 42 1290 99 1823 308
internal_value=2.58749e-07 -0.0229739 0.000169792 -0.00128696 0.00406679 0.000909067 0.023286 0.00279686 -0.00496608 -0.00064721 0.00482302 0.00400909 -0.00294216 -0.00151468 -0.00976986
internal_weight=1040.27 7.62023 1032.65 664.291 156.876 134.738 22.1376 368.36 76.2438 69.5971 292.116 285.081 507.415 419.673 87.7419
internal_count=4800 57 4743 3011 696 593 103 1732 364 332 1368 1332 2315 1922 393
is_linear=0
shrinkage=0.05


Tree=71
num_leaves=13
num_cat=0
split_feature=6 4 0 5 2 3 2 3 4 3 3 3
split_gain=1.60677 1.82268 1.76103 2.06439 1.6716 4.54545 3.19535 1.47612 4.70163 3.70618 2.23601 2.7955
threshold=5.5000000000000009 0.7576098806392233 1424.9623382273592 7.7170567690812328 0.95384904913168322 2.0802999749231752 1.2713060505236264 2.5971715010474155 0.79267954596118029 2.0802999749231752 2.9855256568733322 3.3509194783726599
decision_type=2 2 2 2 2 2 2 2 2 2 2 2
left_child=1 2 4 -4 5 -1 -6 8 -3 -10 -9 -12
right_child=-2 7 3 -5 6 -7 -8 10 9 -11 11 -13
leaf_value=-0.039846402331423336 -0.027336390329354004 0.026472326903077787 -0.050817069337872972 -0.0030603228395298266 -0.020036694933816879 0.0099435960391050914 -0.00098315654420947393 0.041788152352597897 -0.0091115147462222431 -0.062716359711206579 -0.037468669044145315 0.004847620804231921
leaf_weight=4.9282429069280616 5.3475366830825797 7.2167202234268215 3.843529559671877 5.5024616420269012 22.770928017795086 65.598833195865154 653.5793275795877 4.0143562108278266 14.448660448193552 4.1507883518934241 3.9662786871194831 244.15979174524546
leaf_count=23 26 33 24 31 102 295 2906 20 74 20 19 1227
internal_value=5.38072e-07 0.000141892 -0.00113071 -0.0227002 -0.000860796 0.0064644 -0.00162464 0.00360419 -0.00778303 -0.0210744 0.0047701 0.0041712
internal_weight=1039.53 1034.18 756.223 9.34599 746.877 70.5271 676.35 277.957 25.8162 18.5994 252.14 248.126
internal_count=4800 4774 3381 55 3326 318 3008 1393 127 94 1266 1246
is_linear=0
shrinkage=0.05


Tree=72
num_leaves=15
num_cat=0
split_feature=4 5 5 5 3 6 2 0 0 2 4 4 5 4
split_gain=1.48437 2.06002 1.52417 3.85521 3.25417 3.82097 3.77338 2.48944 7.00789 3.33845 1.74773 2.1792 5.05673 2.2164
threshold=0.3065755169846946 10.261365317767783 6.4474367890262467 5.2565967478448945 25.293349912554685 2.5000000000000004 7.3460451449400459 90.651225180721909 98.677883580999108 6.9154022488702642 0.33802542015873954 0.56398951576022049 6.6734028204916704 0.5674256197098777
decision_type=2 2 2 2 2 2 2 2 2 2 2 2 2 2
left_child=1 -1 3 7 6 -6 -5 9 -9 -2 -4 12 -12 -13
right_child=2 -3 10 4 5 -7 -8 8 -10 -11 11 13 -14 -15
leaf_value=-0.001826706794715735 0.018206426080182896 -0.055993598137371398 0.03008723546168144 0.0046031660963806401 -0.013555660275521693 -0.051445837858194302 -0.021167517974645014 -0.063003431525210263 -0.0002502514162316178 -0.0060484378362295164 0.032722768605801582 0.034314799968328251 -0.0063180008452923143 0.002583542683170298
leaf_weight=4.6690396517515174 40.694136768579483 2.812652200460434 5.3433058932423583 49.26273750513792 41.625017821788788 7.9195724800229064 19.959228120744228 4.5573508590459815 187.00819013267756 21.779803171753883 8.8228170722722989 5.5643609315156928 138.42474316060543 500.48164904117584
leaf_count=26 191 31 27 224 183 39 90 20 841 96 38 25 633 2336
internal_value=6.42599e-07 -0.0221901 0.000161606 -0.00239313 -0.00982942 -0.0196123 -0.00282747 0.00108343 -0.00174315 0.00975064 0.00160765 0.00137472 -0.00397875 0.00293245
internal_weight=1038.92 7.48169 1031.44 372.806 118.767 49.5446 69.222 254.039 191.566 62.4739 658.637 653.294 147.248 506.046
internal_count=4800 57 4743 1684 536 222 314 1148 861 287 3059 3032 671 2361
is_linear=0
shrinkage=0.05


Tree=73
num_leaves=18
num_cat=0
split_feature=0 0 6 2 2 3 4 4 3 3 3 5 6 5 2 5 0
split_gain=1.46482 3.46505 2.57241 2.52606 4.21727 2.82481 2.36817 2.32607 2.29852 3.16399 2.28095 2.1855 2.19819 1.75381 3.55624 3.14337 1.09632
threshold=480.23454465111826 471.98126332194806 2.5000000000000004 9.6138245570228822 9.1456118545874023 0.54446421509081866 0.44371487007211602 0.82893701997459757 21.178019650877165 12.179670014930055 53.304596650378848 2.2366689149801338 1.0000000180025095e-35 11.394600911242316 3.7246402789846402 10.05711769357219 814.18299599214095
decision_type=2 2 2 2 2 2 2 2 2 2 2 2 2 2 2 2 2
left_child=1 7 3 4 5 -2 -4 13 9 -8 -10 -9 -13 15 -15 -1 -6
right_child=2 -3 6 -5 16 -7 8 11 10 -11 -12 12 -14 14 -16 -17 -18
leaf_value=-0.00056533294122437252 -0.03972218972324075 0.034304435712379559 -0.057122250170215411 -0.028933838564497289 0.045095761197173706 -0.0007646837374067091 -0.0074969298515592114 -0.021266527415580255 0.011617499425290287 -0.049848631276154548 -0.025464135282854412 0.028515824053574008 0.0068082744992551585 0.0062735721564244123 -0.015233465155441517 0.010953335552550989 0.01299420073921864
leaf_weight=531.89841730892658 4.7644453644752494 7.7766160666942588 3.0419538542628279 7.8562302887439719 5.8462129533290845 199.20880035310984 11.366688363254072 5.7559945434331885 13.901541195809843 7.2054617702960959 5.9101190716028205 14.150977209210394 66.31260983645916 30.92826796323061 50.776064693927765 66.650338634848595 4.8795395493507385
leaf_count=2348 21 34 30 37 25 898 63 28 74 41 29 93 376 144 228 308 23
internal_value=2.26573e-07 0.00109686 -0.00321617 -0.0010867 -6.77264e-05 -0.00167466 -0.0146565 0.000759936 -0.011291 -0.0239282 0.000555485 0.00849681 0.0106259 -0.000220684 -0.00709221 0.000717308 0.0304916
internal_weight=1038.23 774.249 263.981 222.555 214.699 203.973 41.4258 766.473 38.3838 18.5722 19.8117 86.2196 80.4636 680.253 81.7043 598.549 10.7258
internal_count=4800 3559 1241 1004 967 919 237 3525 207 104 103 497 469 3028 372 2656 48
is_linear=0
shrinkage=0.05


Tree=74
num_leaves=14
num_cat=0
split_feature=6 4 2 3 0 2 2 2 4 2 3 4 0
split_gain=1.4417 1.64635 1.99902 2.44547 1.80519 1.5194 4.5247 4.21396 4.02781 3.96908 3.49904 3.11829 1.42784
threshold=5.5000000000000009 0.91205443043400702 2.9679053458660327 7.3048083248851006 425.690002326659 3.76123896620767 4.0032737438405341 3.6430715645861564 0.73455555279017359 3.9300926281287381 23.496786587258043 0.65312427761033043 346.75571640075026
decision_type=2 2 2 2 2 2 2 2 2 2 2 2 2
left_child=1 5 12 -4 -5 7 9 11 -9 -7 -8 -1 -3
right_child=-2 2 3 4 -6 6 10 8 -10 -11 -12 -13 -14
leaf_value=-0.0033837753955324647 -0.026050048056232407 -0.027578404373356125 -0.013286232154441078 0.054668687917599691 0.012381086763700318 -0.0085410148256141443 0.0027041415925319148 0.052601523314601453 -0.0077933708967931285 -0.051045968779414731 -0.004881254373347025 0.0059024271173280171 0.015116418607642585
leaf_weight=175.43921761959791 5.2842455543577662 3.9163386449217823 3.1236718520522109 6.0956613644957525 4.3067582249641418 16.654355525970463 329.71713606640697 7.8571417629718763 4.2559895068407059 8.1947022676467878 282.11085066199303 186.50881154835224 3.9166862517595291
leaf_count=787 26 27 19 41 20 75 1513 35 22 38 1282 895 20
internal_value=-5.81867e-08 0.000133315 0.0138705 0.0255109 0.037161 -0.000156982 -0.00164291 0.00237217 0.0313816 -0.0225583 -0.000793447 0.00140133 -0.00623005
internal_weight=1037.38 1032.1 21.3591 13.5261 10.4024 1010.74 636.677 374.061 12.1131 24.8491 611.828 361.948 7.83302
internal_count=4800 4774 127 80 61 4647 2908 1739 57 113 2795 1682 47
is_linear=0
shrinkage=0.05


Tree=75
num_leaves=18
num_cat=0
split_feature=6 3 2 3 0 0 4 2 0 0 2 2 5 5 5 2 5
split_gain=1.40705 2.80639 2.23956 2.93178 2.42325 7.45706 3.53902 2.4172 2.0822 3.74715 5.61977 2.4625 2.05053 4.37509 2.97306 1.94728 1.0139
threshold=1.5000000000000002 141.92162342075133 9.3375637381856524 132.29279726117974 386.95887345056184 277.06914037065491 0.69034265335127221 9.2264042357232992 54.203670177324192 46.180532712973651 8.7426066837943726 4.2833136329324208 4.1638125088822697 3.9243427623913356 4.5217070334349385 0.67840467230281654 7.652240672410799
decision_type=2 2 2 2 2 2 2 2 2 2 2 2 2 2 2 2 2
left_child=1 8 3 7 5 6 -4 15 9 10 -1 -11 13 -10 -14 -2 -6
right_child=2 -3 4 -5 16 -7 -8 -9 12 11 -12 -13 14 -15 -16 -17 -18
leaf_value=0.010359304643559261 0.0089116791697141217 -0.036664513497359018 -0.0036392000717558395 0.037763045198866321 0.016309181532325853 -0.048933505781474478 0.044409633775597368 -0.036968805105576638 -0.0029715769677560477 0.010956191629147747 -0.037604722830499385 0.061896969997283814 0.027121535148581396 -0.044690817828358501 0.0014566800393358236 -0.0039225150639832932 0.051020870293005484
leaf_weight=59.763202227652073 31.970226839184761 4.7396222949028006 7.843581780791288 4.3756758421659461 4.1295828968286497 5.3054869547486296 7.4935338795185089 5.2878980785608283 70.495643854141235 4.3242971748113614 6.8020692318677893 5.2558106556534767 11.607383102178572 6.8992944806814185 405.10674343258142 391.21353679150343 4.2881619781255722
leaf_count=309 148 20 36 19 19 24 37 26 318 24 33 27 52 32 1856 1799 21
internal_value=2.10292e-07 0.00165104 -0.00205478 -0.00295689 0.0113819 0.00216177 0.0198369 -0.00337273 0.0019695 0.00966588 0.00545803 0.0389032 0.000783436 -0.0066906 0.00217156 -0.00295293 0.033992
internal_weight=1036.9 574.994 461.908 432.847 29.0603 20.6426 15.3371 428.472 570.254 76.1454 66.5653 9.58011 494.109 77.3949 416.714 423.184 8.41774
internal_count=4800 2671 2129 1992 137 97 73 1973 2651 393 342 51 2258 350 1908 1947 40
is_linear=0
shrinkage=0.05


Tree=76
num_leaves=17
num_cat=0
split_feature=0 0 6 2 2 2 4 3 3 3 4 2 2 2 2 0
split_gain=1.33868 3.122 2.32055 2.35564 3.70533 2.7488 2.28501 2.16687 2.94798 2.06303 2.0185 2.90797 1.47259 4.12554 3.79827 0.967819
threshold=480.23454465111826 471.98126332194806 2.5000000000000004 9.6138245570228822 9.1456118545874023 8.9196465634898683 0.44371487007211602 21.178019650877165 12.179670014930055 53.304596650378848 0.92447485689783293 4.3750232062080263 3.7246402789846402 5.441400756188707 3.6430715645861564 814.18299599214095
decision_type=2 2 2 2 2 2 2 2 2 2 2 2 2 2 2 2
left_child=1 10 3 4 5 -2 -4 8 -8 -9 12 -12 14 -14 -1 -6
right_child=2 -3 6 -5 15 -7 7 9 -10 -11 11 -13 13 -15 -16 -17
leaf_value=0.0024990893796628653 -0.00064268052843490192 0.032618951999608431 -0.056729616914854966 -0.028040906941852014 0.042171402361976064 -0.03714693600778339 -0.0073421537843326367 0.011206533270253848 -0.048550280444500021 -0.024195091838730955 -0.0023139470168578183 0.051693523689633619 -0.008806103599181575 0.0015926978370704029 0.043159094393892136 0.012084001616510033
leaf_weight=266.13826987147331 198.51230721175671 7.7528761923313132 2.9071853607892981 7.8066546618938437 5.8774194866418821 5.2945261150598517 11.346658557653429 13.92745551466942 7.0284821167588225 5.8412320613861075 5.3095957562327367 4.6975495517253876 130.79376462101936 352.25816318392754 5.8703758642077437 4.9020045250654221
leaf_count=1242 894 34 30 37 25 25 63 74 41 29 34 33 603 1585 28 23
internal_value=3.61075e-07 0.00104961 -0.00307763 -0.00106148 -7.99705e-05 -0.00159099 -0.0140001 -0.0107434 -0.0231042 0.000746096 0.000729697 0.0230382 0.000434032 -0.00122294 0.0033766 0.028489
internal_weight=1036.26 772.821 263.444 222.393 214.586 203.807 41.051 38.1438 18.3751 19.7687 765.068 10.0071 755.061 483.052 272.009 10.7794
internal_count=4800 3559 1241 1004 967 919 237 207 104 103 3525 67 3458 2188 1270 48
is_linear=0
shrinkage=0.05


Tree=77
num_leaves=14
num_cat=0
split_feature=4 5 6 2 2 0 5 4 0 5 3 5 5
split_gain=1.31933 2.00571 1.289 2.78337 5.14569 1.58349 2.4442 2.78003 2.41584 2.21958 12.7781 2.45306 1.31779
threshold=0.3065755169846946 10.261365317767783 4.5000000000000009 2.0330815564462705 5.4790894026326553 155.80533392645404 2.3265950694144224 0.89773697357958071 90.651225180721909 14.036294205954377 22.57845783513477 12.66393002024048 8.7039350793594839
decision_type=2 2 2 2 2 2 2 2 2 2 2 2 2
left_child=1 -1 5 -4 -5 6 8 -8 -2 11 -11 -7 -6
right_child=2 -3 3 4 12 9 7 -9 -10 10 -12 -13 -14
leaf_value=-0.0012957864751186633 0.00031134269902590594 -0.055681546930826997 -0.044792874254825261 0.038819166588070941 -0.038841028268581608 -0.0011467780340220298 0.003459043596828278 0.031896920952492469 -0.031344025437337567 0.018866172627448968 -0.055653441016838813 0.014840722522484365 -0.0019529088150052961
leaf_weight=4.6404169946908942 15.679145969450476 2.6710717640817165 4.9846221059560802 5.1530454829335204 5.580576688051222 602.2359511628747 323.6644259467721 8.8284109905362111 9.7908345311880094 12.191226601600649 10.892265081405638 24.988673850893974 4.2764060348272324
leaf_count=26 71 31 24 24 29 2730 1510 68 43 56 51 116 21
internal_value=1.03219e-07 -0.0211643 0.000150593 -0.0124206 -0.00167021 0.000399887 0.00307061 0.00421413 -0.0118572 -0.00107022 -0.0162969 -0.000509835 -0.0228373
internal_weight=1035.58 7.31149 1028.27 19.9947 15.01 1008.27 357.963 332.493 25.47 650.308 23.0835 627.225 9.85698
internal_count=4800 57 4743 98 74 4645 1692 1578 114 2953 107 2846 50
is_linear=0
shrinkage=0.05


Tree=78
num_leaves=17
num_cat=0
split_feature=4 4 5 0 4 4 2 2 2 2 4 5 4 3 3 5
split_gain=1.24015 3.58322 11.2753 6.68896 3.51286 3.366 2.77541 2.9785 3.74742 2.74401 2.1754 5.55603 3.48822 1.84351 7.95723 7.53358
threshold=0.50111842060448308 0.52072678332311206 5.4943199246443593 66.251601552667026 0.51206304148084991 0.49516727602971483 0.054234346753559405 2.1834110089401579 2.9910645008749621 1.434678244675734 0.53406958419916972 5.5721886180303146 0.52865577210554282 18.866364850928807 15.622088100611151 14.036294205954377
decision_type=2 2 2 2 2 2 2 2 2 2 2 2 2 2 2 2
left_child=5 2 -2 -4 -5 6 -1 9 -9 -8 11 -3 -13 14 -12 -15
right_child=1 10 3 4 -6 -7 7 8 -10 -11 13 12 -14 15 -16 -17
leaf_value=0.072770333938092402 -0.034460388040340885 0.022573904694888659 -0.012220381119424455 0.029930303035380162 0.078939468339210894 -0.036621416841726047 -0.0065664942217913127 0.02952795031704274 -0.0025615106735361894 -0.040815919350681899 0.00035024935914297633 -0.012233463287776346 -0.060955169206404515 -0.0004841619811651965 0.021767589832125175 -0.036645512916476386
leaf_weight=1.2126082181930531 7.2716988325119045 6.6777171641588238 4.8800039440393475 7.0438996553421003 7.6027547717094421 7.6624191328883162 16.927245721220974 10.085125848650931 92.953676328063011 8.9351214617490751 354.51963945478201 8.9909083992242795 6.2117736339569083 429.69831594824791 49.412751540541649 14.902488894760607
leaf_count=5 31 29 20 31 32 38 81 49 466 45 1629 40 26 1973 234 71
internal_value=-3.3431e-08 0.0006782 0.0186863 0.0384781 0.0553699 -0.00441675 -0.00252021 -0.00322849 0.000579309 -0.0183992 0.000123765 -0.0154425 -0.032141 0.000525158 0.00297022 -0.00169625
internal_weight=1034.99 897.212 26.7984 19.5267 14.6467 137.776 130.114 128.901 103.039 25.8624 870.414 21.8804 15.2027 848.533 403.932 444.601
internal_count=4800 4116 114 83 63 684 646 641 515 126 4002 95 66 3907 1863 2044
is_linear=0
shrinkage=0.05


Tree=79
num_leaves=17
num_cat=0
split_feature=6 4 5 5 6 4 5 5 4 5 5 3 4 0 0 2
split_gain=1.24406 1.37218 2.70715 4.67933 5.88677 4.87481 2.81521 5.39064 3.1926 2.37719 5.32478 4.12751 3.4669 4.38733 3.0419 2.76032
threshold=5.5000000000000009 0.74478674235488451 2.84362135864257 2.1378003459746679 1.0000000180025095e-35 0.69531270844270854 5.0014886924793087 5.0870180326084666 0.69788285488344681 2.921048598352546 4.0432577035890516 10.841179787716259 0.83613050775765474 273.45629290517553 928.25816448005901 4.8455225826741168
decision_type=2 2 2 2 2 2 2 2 2 2 2 2 2 2 2 2
left_child=1 2 3 4 -1 -5 8 -8 -4 12 11 -11 13 -3 -12 -14
right_child=-2 9 6 5 -6 -7 7 -9 -10 10 14 -13 15 -15 -16 -17
leaf_value=0.039230873985706793 -0.024341483696877247 0.006063742155807357 0.0032501812781120503 -0.016078009396038671 -0.011865254763945725 -0.074820052179211879 -0.058805223583780347 -0.0011554836050789688 0.026241099373553546 0.011449886212112525 0.0047498621702527638 -0.039159864235956639 0.022139485181320431 0.04568187832732952 -0.016286010627005701 -0.030707870576887127
leaf_weight=7.0279175341129294 5.222767859697341 15.827402830123903 80.486035153269768 11.703757733106615 28.47995962947607 5.0582581460475913 4.0842590481042853 565.02839397266507 18.586837604641914 5.7378327548503902 232.41963382810354 13.524477660655974 4.0387301221489889 12.512312605977057 18.557768873870373 6.3649491816759109
leaf_count=30 26 73 354 54 129 22 19 2539 83 28 1188 64 21 56 86 28
internal_value=-3.53486e-07 0.000123139 -0.00107233 -0.0120307 -0.00175202 -0.0338045 -0.000215095 -0.00156921 0.00756346 0.00291061 0.00125004 -0.0240843 0.0144933 0.0235556 0.00319443 -0.0101924
internal_weight=1034.66 1029.44 720.455 52.2699 35.5079 16.762 668.186 569.113 99.0729 308.983 270.24 19.2623 38.7434 28.3397 250.977 10.4037
internal_count=4800 4774 3230 235 159 76 2995 2558 437 1544 1366 92 178 129 1274 49
is_linear=0
shrinkage=0.05


Tree=80
num_leaves=19
num_cat=0
split_feature=6 3 3 2 0 5 4 3 2 2 3 5 5 6 2 5 0 4
split_gain=1.20509 2.50747 2.08668 4.15298 4.35335 3.36521 3.153 4.00559 3.13187 2.03099 2.64836 2.33791 4.35547 3.23325 2.25263 2.14393 1.52386 1.4995
threshold=1.5000000000000002 141.92162342075133 40.700360678449861 6.8108799318924982 36.515809484208127 10.754789189226249 0.85954057153654895 9.1674978827146862 7.8793518753630147 9.3375637381856524 132.29279726117974 5.9494767699330833 8.0440860779088439 2.5000000000000004 8.9601058013611077 8.7039350793594839 517.57535594943818 0.69788285488344681
decision_type=2 2 2 2 2 2 2 2 2 2 2 2 2 2 2 2 2 2
left_child=1 2 6 4 -4 -5 7 -1 -8 10 14 17 -13 -14 15 -2 -16 -11
right_child=9 -3 3 5 -6 -7 8 -9 -10 11 -12 12 13 -15 16 -17 -18 -19
leaf_value=0.0053911588583599023 -0.0052299110160383133 -0.034772031416491871 0.041673748091794277 0.0013498707122712814 0.0090774312580154063 -0.032442014975021277 0.025178063369140836 -0.005089721579956066 -0.0087565620866382268 0.012716567746130007 0.035974982629171724 -0.033378354583417209 0.037011331000757229 -0.016065733464078795 -0.012462205755942342 0.0022301127467628514 -0.046943853046576771 0.051275609943075423
leaf_weight=145.07833690196276 254.12426105886698 4.717938467860221 11.643932692706583 40.299532070755959 85.135062620043755 9.0159310400485975 22.734753325581551 245.29552877694368 9.7002025693654996 5.5525705516338366 4.3669815361499777 6.3085236847400692 7.8706781417131406 4.5152559503912926 13.661818102002146 155.08530554175377 4.1858294084668151 4.618604376912117
leaf_count=670 1147 20 59 179 391 42 141 1121 48 25 19 30 37 24 60 742 24 21
internal_value=-1.7338e-07 0.00152895 0.00182999 0.0069815 0.0129992 -0.00482802 4.99778e-05 -0.00119461 0.0150294 -0.00190579 -0.0027649 0.0109343 0.000438378 0.0176622 -0.00316104 -0.00240266 -0.0205492 0.0302258
internal_weight=1033.91 573.621 568.903 146.094 96.779 49.3155 422.809 390.374 32.435 460.29 431.424 28.8656 18.6945 12.3859 427.057 409.21 17.8476 10.1712
internal_count=4800 2671 2651 671 450 221 1980 1791 189 2129 1992 137 91 61 1973 1889 84 46
is_linear=0
shrinkage=0.05


Tree=81
num_leaves=18
num_cat=0
split_feature=4 5 5 5 3 0 2 0 0 3 5 3 0 5 0 0 0
split_gain=1.1909 1.94398 1.21201 3.61256 2.88017 3.62526 3.38804 2.0836 6.25784 2.92368 1.59255 5.60028 6.60521 2.94052 3.83659 2.81919 2.66218
threshold=0.3065755169846946 10.261365317767783 6.4474367890262467 5.2565967478448945 25.293349912554685 114.13486426592395 7.3460451449400459 90.651225180721909 98.677883580999108 22.341941997646423 6.9171472490267014 8.2164603249617159 99.885846017019887 7.0297061765273385 109.79748278321271 92.177834203878589 103.1766229769048
decision_type=2 2 2 2 2 2 2 2 2 2 2 2 2 2 2 2 2
left_child=1 -1 3 7 6 -6 -5 9 -9 -2 11 16 -13 14 -12 -15 -4
right_child=2 -3 10 4 5 -7 -8 8 -10 -11 13 12 -14 15 -16 -17 -18
leaf_value=-0.00096170692021366438 -0.0010751084016528837 -0.055347765511640445 0.014404754728148584 0.0042963835542999982 -0.043130720183178983 -0.011093967411912624 -0.020205830814766575 -0.059438774288577939 5.4761663049212933e-05 0.020674507728916595 -0.057070499425411148 -0.016358438743098357 0.029729959106078854 0.0079412328183178192 -0.0041371094365411348 -0.00054329321419967886 -0.033706863522918636
leaf_weight=4.6191407963633528 32.726049110293388 2.550205897539854 4.1845868378877631 49.009656667709351 11.53013691306114 37.713991612195969 19.811547853052616 4.5275027006864539 186.19778333604336 29.271851152181625 4.9425567686557796 10.283383272588251 31.857242062687874 124.4429902471602 11.135391280055044 459.12113400548697 9.1893000528216344
leaf_count=26 153 31 20 224 51 171 90 20 841 134 22 46 141 617 50 2121 42
internal_value=1.25067e-07 -0.0203074 0.000142035 -0.00214236 -0.009363 -0.0185951 -0.00275706 0.00123093 -0.00135752 0.00919381 0.00143489 0.00953678 0.0184832 0.000684827 -0.0204095 0.001266 -0.0186531
internal_weight=1033.11 7.16935 1025.95 370.789 118.065 49.2441 68.8212 252.723 190.725 61.9979 655.157 55.5145 42.1406 599.642 16.0779 583.564 13.3739
internal_count=4800 57 4743 1684 536 222 314 1148 861 287 3059 249 187 2810 72 2738 62
is_linear=0
shrinkage=0.05


Tree=82
num_leaves=10
num_cat=0
split_feature=0 2 0 2 2 3 3 4 2
split_gain=1.13691 2.62999 1.53165 1.45326 4.68746 4.16894 3.90251 3.10706 1.15013
threshold=1512.3647570656201 7.7340967685997315 1380.2514108574589 7.0699709191333522 7.0227491607930173 0.23401676403921964 63.997030744490566 0.4673602363425351 4.112889639164754
decision_type=2 2 2 2 2 2 2 2 2
left_child=2 8 3 4 7 -5 -7 -1 -2
right_child=1 -3 -4 5 -6 6 -8 -9 -10
leaf_value=-0.0091739853106215866 -0.010571335636797928 0.015411590493067532 0.024266403763303176 -0.064421643599624642 0.053111449180109252 -0.00022040928619543752 -0.017784855156456936 0.0020403890963993933 -0.049255564157953062
leaf_weight=68.413017634302378 3.3770403712987882 4.4908798187971115 6.5590569600462905 2.7252219170331946 4.3336387872695914 266.82895055040717 35.875773169100285 635.56686605513096 4.4575736373662949
leaf_count=347 19 23 34 12 19 1221 160 2939 26
internal_value=4.39961e-08 -0.0150946 0.000182391 2.65642e-05 0.00126971 -0.00285637 -0.0023021 0.000950572 -0.0325811
internal_weight=1032.63 12.3255 1020.3 1013.74 708.314 305.43 302.705 703.98 7.83461
internal_count=4800 68 4732 4698 3305 1393 1381 3286 45
is_linear=0
shrinkage=0.05


Tree=83
num_leaves=17
num_cat=0
split_feature=6 0 3 4 4 3 2 2 5 3 5 3 3 4 4 2
split_gain=1.13845 1.23381 2.19821 6.00644 6.97574 3.78715 5.53091 2.50093 2.30389 1.80232 9.91326 4.34237 3.82831 4.32665 3.61853 2.87772
threshold=5.5000000000000009 155.80533392645404 36.004219842641568 0.65457703965936231 0.69354867620780458 67.218602003148462 1.6080306085472815 2.0965350016244795 10.178274040031772 23.496786587258043 14.036294205954377 24.67493704119476 21.497017697064823 0.54173239572282927 0.55549655446623802 5.8334618854047982
decision_type=2 2 2 2 2 2 2 2 2 2 2 2 2 2 2 2
left_child=1 2 3 7 -5 6 -4 -1 -7 12 11 -11 13 -3 -14 -12
right_child=-2 9 5 4 -6 8 -8 -9 -10 10 15 -13 14 -15 -16 -17
leaf_value=-0.022145096283831708 -0.023380806864117525 -0.012020688148326492 0.048552667504748022 0.032450928503012677 0.0019879316188107345 -0.010327640948425816 0.009330380215885118 -0.0044232225478757275 0.020350678712937786 -0.033747853609488253 -0.029777355867991802 -0.0010884491729842578 0.063458517575097753 0.0026682226920256482 0.011298612096944072 -0.082291077016362457
leaf_weight=24.887859731912613 5.180309545248746 61.205950405448675 10.45110087096691 22.934367775917053 104.05840927362442 31.561061054468155 64.210744760930538 99.487540923058987 7.591933235526084 10.557267539203165 6.4713436365127546 283.08621318638325 4.2910842821002033 277.07261715084314 14.769852653145788 4.3708486631512642
leaf_count=110 26 309 51 104 562 144 300 432 37 51 33 1286 21 1247 67 20
internal_value=-1.74997e-07 0.000117759 0.0024508 -0.000159515 0.00748942 0.00821588 0.0148207 -0.00796942 -0.00437898 -0.00116957 -0.00399622 -0.00226264 0.00123899 1.05055e-05 0.0230411 -0.0509474
internal_weight=1032.19 1027.01 365.183 251.368 126.993 113.815 74.6618 124.375 39.153 661.825 304.486 293.643 357.34 338.279 19.0609 10.8422
internal_count=4800 4774 1740 1208 666 532 351 542 181 3034 1390 1337 1644 1556 88 53
is_linear=0
shrinkage=0.05


Tree=84
num_leaves=18
num_cat=0
split_feature=6 3 2 0 5 2 0 3 2 3 0 0 4 2 2 5 4
split_gain=1.10156 2.21042 2.13465 3.52354 4.73043 3.49191 2.97515 2.3309 1.90252 2.45569 2.19318 6.67377 3.1011 2.05325 1.80502 0.870142 0.476911
threshold=1.5000000000000002 141.92162342075133 0.34714535056309398 205.01266286179009 8.9141768026418138 0.50330061050110242 99.885846017019887 40.700360678449861 9.3375637381856524 132.29279726117974 386.95887345056184 277.06914037065491 0.61575878212624169 9.2264042357232992 0.50330061050110242 7.652240672410799 0.65994218881540212
decision_type=2 2 2 2 2 2 2 2 2 2 2 2 2 2 2 2 2
left_child=1 2 3 6 -5 16 -1 -7 9 13 11 12 -10 14 -2 -12 -4
right_child=8 -3 5 4 -6 7 -8 -9 10 -11 15 -13 -14 -15 -16 -17 -18
leaf_value=-0.0090925794305807012 0.010882796132283191 -0.032713892653797677 0.023084076262485032 0.034872605571763131 -0.030799797238803574 -0.00012011477029816268 -0.06930075589969982 0.0073802280692138915 -0.017869063623444658 0.034660943771819906 0.015679977901916289 -0.046956795616616469 0.032712480938771028 -0.034400236188710728 -0.0034454991175215197 0.047827450560227469 0.046916263821071481
leaf_weight=4.0721287652850169 23.266139384359121 4.6920115351676932 4.4796065688133222 5.806364491581915 5.1957240998744965 400.1390824764967 4.1356248557567596 139.76871987432241 4.2010394632816377 4.3640330880880347 4.1251609325408918 5.2255931273102751 10.872504666447638 5.155530869960784 397.69292582571507 4.2980858907103539 3.9503351077437401
leaf_count=22 109 20 20 26 24 1875 20 643 21 19 19 24 52 26 1838 21 21
internal_value=-1.27441e-07 0.00146362 0.00174617 -0.0146369 0.00385889 0.00232011 -0.0394296 0.00182154 -0.00182419 -0.00265551 0.0106353 0.00173509 0.0186153 -0.00303768 -0.00265358 0.0320837 0.034252
internal_weight=1031.44 572.24 567.548 19.2098 11.0021 548.338 8.20775 539.908 459.201 430.479 28.7224 20.2991 15.0735 426.115 420.959 8.42325 8.42994
internal_count=4800 2671 2651 92 50 2559 42 2518 2129 1992 137 97 73 1973 1947 40 41
is_linear=0
shrinkage=0.05


Tree=85
num_leaves=19
num_cat=0
split_feature=0 0 3 3 4 4 4 4 4 5 4 3 4 2 3 5 5 4
split_gain=1.11815 2.78249 2.08586 5.4751 3.5424 4.52587 2.41035 2.42352 2.35205 2.6843 2.02149 1.74061 1.71052 2.79455 1.32812 8.88067 7.64176 0.454042
threshold=480.23454465111826 471.98126332194806 40.700360678449861 49.377708226539959 0.64681740625224238 0.80918742724978465 0.8735345900701087 0.90007348229249839 0.84559736385178275 12.396431301494109 0.85135763004869358 106.01314248378942 0.92447485689783293 4.3750232062080263 24.995192747971981 14.145031592390097 14.036294205954377 0.85504897327699403
decision_type=2 2 2 2 2 2 2 2 2 2 2 2 2 2 2 2 2 2
left_child=1 12 6 4 -4 -6 8 -8 9 -2 11 -5 14 -14 15 -1 -16 -10
right_child=2 -3 3 10 5 -7 7 -9 17 -11 -12 -13 13 -15 16 -17 -18 -19
leaf_value=0.0010132133887448072 -0.0075609322184417129 0.030851262249706853 0.055504837810257661 -0.0044213694227204494 -0.013797484760229109 0.050068129787219008 0.036091738787477956 -0.0050191567195257631 -0.043612446138047101 0.017091226097117589 -0.034866343535251497 0.023933635779953562 -0.0032863868309358172 0.050491693353275628 -0.0006044519284341259 0.045036487499058503 -0.043730933942010698 -0.021255950259464723
leaf_weight=412.07952044159174 155.29445409029722 7.7080457657575598 7.0932132080197361 41.462246641516685 7.2199558019638044 4.5048212260007858 6.705705374479292 7.7027615606784821 4.3364790678024274 11.887607607990502 4.7676804959774008 6.2248709648847571 5.2419551536440832 4.480448342859745 317.05989223718643 11.783260703086851 10.615684665739535 4.7682387828826904
leaf_count=1902 753 34 34 188 32 20 30 36 19 60 21 27 34 33 1451 55 50 21
internal_value=7.38142e-08 0.000961185 -0.00282113 0.00447675 0.0276139 0.0107406 -0.00554873 0.0141139 -0.00715581 -0.00580802 -0.00382363 -0.000720029 0.000658537 0.0214966 0.000388962 0.00223705 -0.00200162 -0.0319041
internal_weight=1030.94 768.969 261.968 71.2728 18.818 11.7248 190.695 14.4085 176.287 167.182 52.4548 47.6871 761.261 9.7224 751.538 423.863 327.676 9.10472
internal_count=4800 3559 1241 322 86 52 919 66 853 813 236 215 3525 67 3458 1957 1501 40
is_linear=0
shrinkage=0.05


Tree=86
num_leaves=13
num_cat=0
split_feature=6 4 0 5 3 4 4 3 3 2 3 2
split_gain=1.03036 1.14147 1.46508 1.94131 1.353 4.44198 3.33837 2.0433 2.56487 1.25843 4.03838 2.86996
threshold=5.5000000000000009 0.7576098806392233 1424.9623382273592 7.7170567690812328 2.5971715010474155 0.7969800401853937 0.84028228635828006 2.9855256568733322 3.3509194783726599 0.95384904913168322 2.0802999749231752 1.2713060505236264
decision_type=2 2 2 2 2 2 2 2 2 2 2 2
left_child=1 2 9 -4 5 -3 -7 -6 -9 10 -1 -11
right_child=-2 4 3 -5 7 6 -8 8 -10 11 -12 -13
leaf_value=-0.038011709104303515 -0.022326531762873393 0.02197742170089342 -0.049136780743251729 -0.0019437630958798688 0.039869639831130677 -0.050865813049136094 -0.0054454085865907088 -0.036382534804774429 0.0040808295880944553 -0.018832105206676109 0.0090319058700486302 -0.00070691509442583663
leaf_weight=4.9061200320720664 5.1417266130447379 8.2902500033378619 3.6378607526421529 5.4343128055334091 3.9069488644599906 6.4931640177965191 10.731892600655554 3.9810205399990073 241.05726179853082 22.600068025290966 65.021356999874115 649.30498643592
leaf_count=23 26 38 24 31 20 32 57 19 1227 102 295 2906
internal_value=1.69872e-07 0.000112128 -0.000896451 -0.0208677 0.00287153 -0.00809402 -0.0225671 0.00399543 0.00342344 -0.000652214 0.00573132 -0.00131657
internal_weight=1030.51 1025.37 750.905 9.07217 274.461 25.5153 17.2251 248.945 245.038 741.833 69.9275 671.905
internal_count=4800 4774 3381 55 1393 127 89 1266 1246 3326 318 3008
is_linear=0
shrinkage=0.05


Tree=87
num_leaves=20
num_cat=0
split_feature=0 3 5 3 0 0 5 3 3 0 2 4 2 4 4 0 2 3 3
split_gain=1.01901 3.56451 4.66316 2.65254 3.49013 2.83007 3.25748 4.35223 2.57884 3.86751 4.35226 3.07033 2.73317 2.47161 2.31778 2.31861 2.16705 2.12207 1.66673
threshold=318.17686993500365 106.01314248378942 8.8636634976218698 85.792949371447079 194.69614956475257 270.47785203020834 5.31210905121893 30.212287806720159 10.68255047576738 330.35622204022519 2.4347334408928969 0.41640365594573647 4.9469293484225343 0.73178998668301787 0.35341809467940272 119.48906736708639 2.1356546901400932 80.758034174830968 100.11057708983483
decision_type=2 2 2 2 2 2 2 2 2 2 2 2 2 2 2 2 2 2 2
left_child=3 8 -3 5 16 14 13 -8 11 -10 -11 -2 -13 -7 15 -1 -5 -16 -18
right_child=1 2 -4 4 -6 6 7 -9 9 10 -12 12 -14 -15 17 -17 18 -19 -20
leaf_value=-0.0043708836278754113 -0.035646829859253472 0.054058260005034532 -0.011919065974225498 -0.026439909658026579 -0.039677286236462182 -0.024521644493534694 0.03332155689084506 0.00053513164674924769 -0.040388043688906486 0.0069271352184805072 -0.0077716206576012763 -0.0028008664233539994 0.012130873167928375 0.017386411629445334 0.0010693221710129377 -0.052347279003226638 -0.015323458568430396 0.029269306012475484 0.017162576591608126
leaf_weight=6.8936052471399289 4.8689704537391654 6.3515429347753507 4.6306285411119461 6.9802217632532146 8.6659698039293271 8.7009716480970365 24.636078372597694 17.180827543139458 7.6247033551335326 65.966838639229536 212.87697986140847 59.902099020779133 62.751446455717087 5.9065300375223151 497.47076534479856 3.9678356349468231 5.8988142609596279 6.7618575394153586 11.940741986036299
leaf_count=40 32 28 20 33 37 37 112 78 34 304 992 273 282 28 2333 26 27 31 53
internal_value=2.73941e-07 -0.0018762 0.0262389 0.00131837 -0.0123591 0.00211974 0.0127505 0.019851 -0.00262203 -0.00525497 -0.0042943 0.00329266 0.00483844 -0.00757616 0.000955233 -0.0218973 -0.00282085 0.00144749 0.00642077
internal_weight=1029.98 424.973 10.9822 605.004 33.4857 571.518 56.4244 41.8169 413.991 286.469 278.844 127.523 122.654 14.6075 515.094 10.8614 24.8198 504.233 17.8396
internal_count=4800 1965 48 2835 150 2685 255 190 1917 1330 1296 587 555 65 2430 66 113 2364 80
is_linear=0
shrinkage=0.05


Tree=88
num_leaves=20
num_cat=0
split_feature=0 2 5 5 0 0 6 5 3 4 4 4 4 2 5 0 0 6 5
split_gain=1.01769 5.08034 4.35602 4.28725 4.22048 3.42711 3.99018 4.15856 3.24368 4.89956 4.60168 3.21707 4.10834 2.67074 2.64926 2.28143 5.30549 3.78408 2.10572
threshold=27.16900903193692 8.9601058013611077 10.090765076995465 10.855013400629828 54.203670177324192 60.318999668660268 1.0000000180025095e-35 8.7606143359431954 48.192873975705659 0.51452660818052709 0.55993347657616555 0.76841285911514334 0.72832286223019771 2.8868905271678842 12.578457369216022 92.177834203878589 94.965732694402234 3.5000000000000004 8.5957119773338562
decision_type=2 2 2 2 2 2 2 2 2 2 2 2 2 2 2 2 2 2 2
left_child=1 2 8 -4 11 6 -6 -8 9 -1 -10 12 13 -2 -5 17 -17 -7 -13
right_child=4 -3 3 14 5 15 7 -9 10 -11 -12 18 -14 -15 -16 16 -18 -19 -20
leaf_value=-0.048388433677179321 0.031539714502714859 -0.047579663791665484 0.061706295326651874 -0.023597523286408319 0.019735098998017293 0.0041921223329270223 -0.055989213096835036 -0.00067336588778881467 0.055318122124019209 -0.0061074457346595567 -0.0074551233049758234 0.017352561104480239 -0.029020668594534706 0.0048710367043268785 0.028538692326613803 -0.041361885392329704 -0.00033307998539484944 0.038638819462771853 0.061140982910145913
leaf_weight=8.6182184964418393 13.784282959997652 6.572891727089881 4.7543142586946479 4.6338632777333242 4.4558781087398556 63.716436117887497 8.7283074706792814 5.5633473321795455 4.4103081524372092 33.430152729153633 8.636771157383917 5.9378297626972181 6.5843113064765921 29.43443264067173 5.138634018599987 7.9583918154239646 792.80887623876333 9.1129750013351423 5.1067428253591061
leaf_count=39 64 32 25 23 22 301 40 28 19 164 41 35 34 135 26 36 3657 41 38
internal_value=1.14854e-07 -0.0055604 -0.00159345 0.022763 0.000444605 -0.000424187 -0.0215762 -0.0344563 -0.00801542 -0.0147733 0.0137641 0.0131857 0.00777156 0.0133768 0.00381706 2.97378e-05 -0.000740843 0.00850236 0.0375993
internal_weight=1029.39 76.1952 69.6223 14.5268 953.192 892.344 18.7475 14.2917 55.0955 42.0484 13.0471 60.8476 49.803 43.2187 9.7725 873.597 800.767 72.8294 11.0446
internal_count=4800 369 337 74 4431 4125 90 68 263 203 60 306 233 199 49 4035 3693 342 73
is_linear=0
shrinkage=0.05


Tree=89
num_leaves=26
num_cat=0
split_feature=6 0 0 5 0 2 0 3 5 2 2 2 2 2 0 5 3 2 2 4 2 3 4 2 4
split_gain=1.03703 2.8596 3.22068 4.01353 3.59859 3.47428 2.76059 3.14411 3.05878 1.71871 1.48892 2.9708 3.64275 3.95927 3.65472 3.58442 3.76577 2.39645 4.61558 5.04259 3.9407 3.8985 2.75232 1.3934 1.30036
threshold=2.5000000000000004 495.02096247950027 37.716885203262713 4.2498323124606996 117.93440898540747 1.374512437454122 604.4503044811571 40.21085327546443 5.1771945871909191 7.5554995540023109 3.4501915741704523 2.8078030464811943 2.4741030788218383 2.2289090634876243 59.21632538412377 4.0432577035890516 65.172858924663089 3.6430715645861564 3.76123896620767 0.73455555279017359 4.229565130036069 28.078830917727807 0.68705717242531616 4.5162696049375732 0.65613217137700008
decision_type=2 2 2 2 2 2 2 2 2 2 2 2 2 2 2 2 2 2 2 2 2 2 2 2 2
left_child=10 2 9 4 -4 -5 24 8 -8 23 11 12 13 -1 -14 -13 -17 21 19 -19 -20 22 -12 -2 -3
right_child=1 6 3 5 -6 -7 7 -9 -10 -11 17 15 14 -15 -16 16 -18 18 20 -21 -22 -23 -24 -25 -26
leaf_value=0.0011412325089046333 -0.015585044710013761 -0.061510741412548843 0.052187183980158106 -0.024573221663415086 0.0076826514250074533 0.002212479073105835 0.010203323629524724 0.022232764949392171 -0.030014369737817983 0.0059586021326232617 -0.060669837580200753 -0.017656424544572513 0.025730861782174028 0.023165802200709153 -0.022290532979434421 0.025175049403416236 -0.016530919389023239 0.062600695255306663 -0.015751489355656199 -0.008840131502508548 0.0004443791195776245 0.012952103391736967 -0.010017291789342783 -0.046370511258288387 -0.023902035010968645
leaf_weight=175.84590940922499 10.400492385029798 3.7980638295412046 6.9933071285486248 13.77394053339958 12.959246248006819 99.969588398933411 6.9862394928932252 6.6810988634824744 14.624351449310778 5.4795889705419532 5.8152564465999621 7.5436673015356055 4.6840382963418987 23.08384620398283 25.706475250422955 39.907221607863903 6.2617490142583838 5.9933052361011487 40.709899567067623 4.2016484290361404 485.13983718305826 6.0042585432529441 4.9772699400782585 5.6844796165823928 5.8209662884473801
leaf_count=834 47 29 30 64 57 457 40 36 95 25 27 35 24 109 118 183 28 26 184 22 2226 29 24 25 26
internal_value=7.00269e-07 -0.00330108 -0.000294993 0.00259718 0.0232813 -0.00103117 -0.0156123 -0.00774498 -0.0170129 -0.0182259 0.000763745 0.00371303 0.00123386 0.00369697 -0.0148891 0.0142976 0.0195186 -0.000746173 -0.000163445 0.0331578 -0.000809462 -0.0193431 -0.03731 -0.0264647 -0.0387518
internal_weight=1029.05 193.171 155.261 133.696 19.9526 113.744 37.9107 28.2917 21.6106 21.5646 835.874 283.033 229.32 198.93 30.3905 53.7126 46.169 552.841 536.045 10.195 525.85 16.7968 10.7925 16.085 9.61903
internal_count=4800 931 705 608 87 521 226 171 135 97 3869 1331 1085 943 142 246 211 2538 2458 48 2410 80 51 72 55
is_linear=0
shrinkage=0.05


Tree=90
num_leaves=19
num_cat=0
split_feature=6 3 2 0 5 2 0 3 2 3 5 5 5 2 5 0 4 4
split_gain=0.970583 2.01067 2.00836 3.1652 4.28171 3.08478 2.59123 2.10136 1.74488 2.10514 2.10446 3.83516 3.06956 1.91017 1.86348 1.40414 1.27303 0.644022
threshold=1.5000000000000002 141.92162342075133 0.34714535056309398 205.01266286179009 8.9141768026418138 0.50330061050110242 99.885846017019887 40.700360678449861 9.3375637381856524 132.29279726117974 5.9494767699330833 8.0440860779088439 9.3134041703925217 8.9601058013611077 8.7039350793594839 517.57535594943818 0.69788285488344681 0.65757512002398
decision_type=2 2 2 2 2 2 2 2 2 2 2 2 2 2 2 2 2 2
left_child=1 2 3 6 -5 17 -1 -7 9 13 16 -12 -13 14 -2 -15 -10 -4
right_child=8 -3 5 4 -6 7 -8 -9 10 -11 11 12 -14 15 -16 -17 -18 -19
leaf_value=-0.0091891341032321848 -0.0048109061978197564 -0.031245890877377239 0.018804320145368748 0.033129849233191726 -0.029420282870125831 -0.00010782350780608792 -0.065203795050253685 0.0070212490648448329 0.012504862826561661 0.03202749812492868 -0.031731021245503803 0.049855144809613415 -0.0022855359789079287 -0.011319067989598459 0.0021643573441562356 -0.044983862264140292 0.048218223556156334 0.046677996950241024
leaf_weight=4.0687243342399615 252.9379748031497 4.684986174106597 4.2277062535285932 5.7497175186872465 5.2195351421833038 399.34540589898825 4.1916321069002151 139.46342807263136 5.5246462747454661 4.3665297776460639 6.2247996702790287 4.4072166979312879 7.8510458394885063 13.575281515717508 154.07818978652358 4.0130606740713111 4.550601989030838 4.0646886602044106
leaf_count=22 1147 20 19 26 24 1875 20 643 25 19 30 20 41 60 742 24 21 22
internal_value=2.65977e-07 0.00137513 0.00164499 -0.014237 0.00336642 0.00220321 -0.0376132 0.00173744 -0.00171562 -0.00251232 0.0102515 0.000230445 0.0164606 -0.00286752 -0.00217038 -0.0190002 0.0286352 0.0324672
internal_weight=1028.55 571.016 566.331 19.2296 10.9693 547.101 8.26036 538.809 457.529 428.971 28.5583 18.4831 12.2583 424.605 407.016 17.5883 10.0752 8.29239
internal_count=4800 2671 2651 92 50 2559 42 2518 2129 1992 137 91 61 1973 1889 84 46 41
is_linear=0
shrinkage=0.05


Tree=91
num_leaves=19
num_cat=0
split_feature=0 5 5 2 2 3 4 3 6 3 0 4 2 2 2 5 0 5
split_gain=0.96354 2.7863 3.73686 1.86476 2.17863 1.68266 1.86908 1.62305 1.34214 3.30348 5.68309 1.27934 3.32362 7.01005 5.51475 2.6282 3.99702 3.47019
threshold=678.72446051103714 2.9772764818245938 4.3247055481100523 9.6138245570228822 9.2264042357232992 31.879038086272793 0.72537693365283429 22.341941997646423 4.5000000000000009 5.9649324549398051 226.97618266776985 0.74242236336693457 8.4851834057151603 8.0629121160862116 8.8850656724536208 2.84362135864257 233.81702776090069 5.0014886924793087
decision_type=2 2 2 2 2 2 2 2 2 2 2 2 2 2 2 2 2 2
left_child=8 5 7 4 -4 6 -2 -3 11 -10 -11 15 13 -13 -14 16 -1 -17
right_child=1 2 3 -5 -6 -7 -8 -9 9 10 -12 12 14 -15 -16 17 -18 -19
leaf_value=0.0015047631108970783 -0.023976945946800974 -0.015311004898196832 -0.0037554918630384447 -0.032430047194013434 0.030263574902064379 0.040032636796099398 0.024236165413899974 -0.057880164107630729 0.024504558124136665 -0.057314650186074505 0.0082186677115697031 0.0035503706238547688 0.046413857010939523 -0.035319360068398691 0.0057799308461441547 0.010000993157083794 -0.028430768276529596 -0.0010632898775200432
leaf_weight=24.780714213848114 3.4839136973023397 4.3811912536621076 116.7558243945241 5.3930243626236907 4.9039625227451316 5.2647491544485083 4.75216905772686 4.5797538235783577 4.4023649170994785 6.8125661015510541 6.4314531125128269 202.92736762389541 11.376540347933767 12.302704885601996 31.387482300400734 83.308397382497787 20.273078709840775 474.55392950773239
leaf_count=106 20 24 567 28 23 25 21 23 20 33 33 1058 60 55 153 361 93 2097
internal_value=4.27699e-07 -0.00371011 -0.00586057 -0.00365958 -0.00238422 0.0179546 0.00384172 -0.0370672 0.000631894 -0.0130182 -0.0254909 0.000911685 0.00385819 0.00132855 0.0165898 -0.000349156 -0.0119655 0.000588995
internal_weight=1028.07 149.515 136.014 127.053 121.66 13.5008 8.23608 8.96095 878.557 17.6464 13.244 860.91 257.994 215.23 42.764 602.916 45.0538 557.862
internal_count=4800 731 665 618 590 66 41 47 4069 86 66 3983 1326 1113 213 2657 199 2458
is_linear=0
shrinkage=0.05


Tree=92
num_leaves=9
num_cat=0
split_feature=2 0 2 0 4 3 6 2
split_gain=0.943783 0.934226 2.44939 1.68756 1.1957 3.75692 2.26442 1.09548
threshold=9.9200355027848435 1512.3647570656201 7.7340967685997315 1380.2514108574589 0.4673602363425351 8.2164603249617159 4.5000000000000009 4.112889639164754
decision_type=2 2 2 2 2 2 2 2
left_child=1 3 7 4 5 -1 -6 -3
right_child=-2 2 -4 -5 6 -7 -8 -9
leaf_value=-0.023141381994378277 -0.017415877687516783 -0.0093179676057990653 0.015724282507875477 0.025927573638889957 0.0010485586763336219 0.0002480735335924573 -0.017246175492316707 -0.047539714657003851
leaf_weight=22.319033205509186 7.7202787548303595 3.3196042925119382 4.4658826366066933 6.3819940090179434 887.02679931372404 74.396821390837431 17.242733284831047 4.3068953529000282
leaf_count=121 36 19 23 33 4080 378 84 26
internal_value=2.4095e-07 0.000132132 -0.0136828 0.000297965 0.000134558 -0.00514949 0.000699712 -0.0309028
internal_weight=1027.18 1019.46 12.0924 1007.37 1000.99 96.7159 904.27 7.6265
internal_count=4800 4764 68 4696 4663 499 4164 45
is_linear=0
shrinkage=0.05


Tree=93
num_leaves=21
num_cat=0
split_feature=0 2 5 0 3 5 4 3 3 0 6 5 4 4 3 4 5 0 0 6
split_gain=0.884312 4.65524 3.9994 3.73669 3.3754 4.48855 4.05124 3.24215 12.3383 3.19629 3.56927 3.74147 3.0159 3.7139 3.33808 2.5912 2.03796 1.98801 4.8771 3.43468
threshold=27.16900903193692 8.9601058013611077 9.2145356046579803 54.203670177324192 40.700360678449861 5.9494767699330833 0.55993347657616555 8.1166501947082157 15.445581087850128 60.318999668660268 1.0000000180025095e-35 8.7606143359431954 0.76841285911514334 0.71325100211224868 18.494986957825315 0.6774605167270884 8.5957119773338562 92.177834203878589 94.965732694402234 3.5000000000000004
decision_type=2 2 2 2 2 2 2 2 2 2 2 2 2 2 2 2 2 2 2 2
left_child=1 2 4 12 6 -6 -1 -4 -9 10 -5 -12 13 15 -15 -2 -14 19 -19 -11
right_child=3 -3 7 9 5 -7 -8 8 -10 17 11 -13 16 14 -16 -17 -18 18 -20 -21
leaf_value=-0.044366164248830192 0.009424906324202259 -0.045431681831917765 0.051099152800072933 0.018489732684721309 0.043814425123627279 -0.011722680619163487 -0.0066044568649979863 -0.070090857103469864 0.033097640164644525 0.0038400367277487942 -0.053267798665696413 -0.00083564169637900972 0.016646315400397581 0.012579995713253328 -0.049098938851992215 0.051287574829860016 0.060414184242603863 -0.039549826027232893 -0.00029002092573884717 0.036668376229390544
leaf_weight=10.080748260021208 36.632659763097763 6.5663502290844908 5.2745709195733097 4.4128414914011982 6.0853895246982566 9.0466934442520124 24.04296649992466 3.9582434371113768 10.803805142641066 63.563429698348045 8.7746194750070554 5.5572869479656211 5.8674217239022237 3.9132546186447126 4.9919194355607033 4.1113357394933692 4.8648414686322212 7.99041824042797 791.13368247821927 9.1094805598258954
leaf_count=44 165 32 27 22 27 43 122 19 55 301 40 28 35 21 26 21 38 36 3657 41
internal_value=-8.52166e-08 -0.0051953 -0.00138238 0.000414357 -0.00904378 0.0106116 -0.0177599 0.0174515 0.00542904 -0.000401784 -0.0208302 -0.0329369 0.0124513 0.00725592 -0.021995 0.0136491 0.0364859 3.74523e-05 -0.000682579 0.00795504
internal_weight=1026.78 75.8588 69.2924 950.923 49.2558 15.1321 34.1237 20.0366 14.762 890.542 18.7447 14.3319 60.3814 49.6492 8.90517 40.744 10.7323 871.797 799.124 72.6729
internal_count=4800 369 337 4431 236 70 166 101 74 4125 90 68 306 233 47 186 73 4035 3693 342
is_linear=0
shrinkage=0.05


Tree=94
num_leaves=18
num_cat=0
split_feature=6 3 2 0 5 2 0 4 2 0 0 4 3 2 3 3 4
split_gain=0.891213 1.83232 1.80795 2.83979 3.881 2.82828 2.45299 2.01388 1.64345 2.03189 6.06631 2.73384 1.91741 1.81369 1.72961 0.7697 0.603516
threshold=1.5000000000000002 141.92162342075133 0.34714535056309398 205.01266286179009 8.9141768026418138 0.50330061050110242 98.677883580999108 0.90757398624306596 9.3375637381856524 386.95887345056184 277.06914037065491 0.61575878212624169 132.29279726117974 9.2264042357232992 48.891770254449959 24.67493704119476 0.65757512002398
decision_type=2 2 2 2 2 2 2 2 2 2 2 2 2 2 2 2 2
left_child=1 2 3 6 -5 16 -1 -7 12 10 11 -10 13 14 -2 -11 -4
right_child=8 -3 5 4 -6 7 -8 -9 9 15 -12 -13 -14 -15 -16 -17 -18
leaf_value=-0.0051579869055974198 -0.00081816762828598386 -0.029862514040087954 0.018087279400539794 0.031825238997297341 -0.027784618234182008 0.0012306399827035812 -0.059782775810512473 0.023264976947890242 -0.016909403420911431 0.046459463773213201 -0.045371828323722115 0.0309299556778883 0.030583616082973872 -0.03262358458622016 -0.0089307640596333702 0.016181105334550663 0.045253567265729516
leaf_weight=3.7013237178325671 336.93217659369111 4.672729179263114 4.2100535780191404 5.6991507112979871 5.2420643866062164 527.295659057796 4.6211861371994019 10.577881701290606 4.1438052505254808 4.0104858130216581 5.1600200571119776 10.69159823656082 4.3562390208244315 5.0233664885163298 81.615345723927021 4.403581902384758 3.9743777066469193
leaf_count=20 1578 20 19 26 24 2448 22 70 21 20 24 52 19 26 369 20 22
internal_value=6.96664e-07 0.00131903 0.00157676 -0.0134777 0.00326546 0.00210785 -0.0354891 0.00166397 -0.00164599 0.00999953 0.0013254 0.0175675 -0.00241912 -0.00275853 -0.0024001 0.030613 0.0312793
internal_weight=1026.33 569.994 565.322 19.2637 10.9412 546.058 8.32251 537.874 456.337 28.4095 19.9954 14.8354 427.927 423.571 418.548 8.41407 8.18443
internal_count=4800 2671 2651 92 50 2559 42 2518 2129 137 97 73 1992 1973 1947 40 41
is_linear=0
shrinkage=0.05


Tree=95
num_leaves=23
num_cat=0
split_feature=0 5 5 2 5 2 3 6 2 4 3 0 0 5 2 0 5 2 2 2 3 3
split_gain=0.907257 2.55146 3.43679 1.77296 2.07406 1.59102 1.50714 1.19424 3.66521 2.99706 2.51645 2.50145 8.05486 3.35816 2.13918 9.09101 5.88212 5.59229 5.89519 4.51183 4.14975 1.54122
threshold=678.72446051103714 2.9772764818245938 4.3247055481100523 9.6138245570228822 12.396431301494109 5.5632581562683239 22.341941997646423 1.0000000180025095e-35 7.986665055760489 0.80606431670362244 3.8094356374861227 290.0596329084637 391.56882570478928 3.2722338282937495 8.3927421315079425 412.48972860055125 7.4778418672072329 7.9138200475180733 7.7090210823098539 8.7426066837943726 7.1321274464259217 21.72828246185593
decision_type=2 2 2 2 2 2 2 2 2 2 2 2 2 2 2 2 2 2 2 2 2 2
left_child=7 5 6 4 -4 -2 -3 8 9 10 -1 13 -13 -10 17 19 -17 18 -9 -16 -19 -11
right_child=1 2 3 -5 -6 -7 -8 14 11 21 -12 12 -14 -15 15 16 -18 20 -20 -21 -22 -23
leaf_value=0.024190334961314314 0.033433393910334536 -0.014833568120868952 -0.0046521853967106805 -0.031746265001381627 0.01600567795747557 -0.00097112625241562258 -0.056120919326413998 -0.0013102182642657249 0.02520913764300893 0.012924415044377153 0.0026562272239861301 0.044414922034868382 -0.025959709897688355 -0.023138485322736772 0.020489315834632964 0.0072546936815278979 0.065293883084976329 -0.053511648209243146 0.029372367120664961 -0.0062287393235525039 -0.011611223356006886 0.041729444823857716
leaf_weight=15.414221636950968 7.0971297770738584 4.3522628247737867 107.80588767677546 5.3454240188002577 13.693776313215492 6.3821600675582886 4.491292305290699 525.79446737468243 4.1579777747392681 9.7063621655106562 113.19118841737509 7.7955207675695446 8.4987656474113447 26.368704728782177 20.318977735936642 7.9950721636414555 9.6160201355814916 7.861691206693652 16.135460920631886 71.061325680464506 23.792469076812267 8.9032917618751508
leaf_count=74 34 24 523 28 67 32 23 2430 18 63 514 33 36 123 91 37 44 34 73 334 107 58
internal_value=8.56378e-07 -0.00360388 -0.00566493 -0.00356381 -0.00232391 0.0171436 -0.0358018 0.000614254 0.00407561 0.00795106 0.00523723 -0.00810963 0.00770896 -0.0165532 -0.000369706 0.00605157 0.0389453 -0.00158986 -0.000396673 -0.000287814 -0.0220177 0.0267054
internal_weight=1025.78 149.168 135.689 126.845 121.5 13.4793 8.84356 876.612 194.036 147.215 128.605 46.821 16.2943 30.5267 682.575 108.991 17.6111 573.584 541.93 91.3803 31.6542 18.6097
internal_count=4800 731 665 618 590 66 47 4069 919 709 588 210 69 141 3150 506 81 2644 2503 425 141 121
is_linear=0
shrinkage=0.05


Tree=96
num_leaves=18
num_cat=0
split_feature=0 0 3 3 6 6 5 0 3 4 5 0 3 4 4 0 4
split_gain=0.877093 3.39328 3.66143 2.3885 3.36014 4.25434 2.35931 2.35228 3.36343 3.25935 2.60668 2.35154 2.28213 2.09302 2.03325 2.16846 2.12437
threshold=322.10939941068466 330.35622204022519 106.01314248378942 85.792949371447079 1.0000000180025095e-35 2.5000000000000004 8.7039350793594839 270.47785203020834 28.078830917727807 0.65312427761033043 5.3711892624568582 134.85920890996894 96.525851681495766 0.61849572719154866 0.35341809467940272 119.48906736708639 0.39287050939010298
decision_type=2 2 2 2 2 2 2 2 2 2 2 2 2 2 2 2 2
left_child=3 -2 12 7 -5 11 -4 14 10 -10 -9 -6 13 -3 15 -1 -16
right_child=1 2 6 4 5 -7 -8 8 9 -11 -12 -13 -14 -15 16 -17 -18
leaf_value=-0.0038855879113978762 -0.033353928947547136 -0.0065572957532307914 0.048226317868305724 -0.041028552853688623 0.023415336484097632 -0.037456159288665608 0.00071051676349259945 -0.0010437070252329365 -0.02266706000395349 0.014370120140399727 0.029038045710068863 -0.012333979879680268 -0.037007216087933746 0.0011255699840645777 0.024214672454020932 -0.0508953698195522 0.0008723984241984326
leaf_weight=6.8499237746000272 8.3288820907473546 134.19585943222046 6.0780493021011335 7.5903401225805274 11.305241972208028 6.6973880082368842 4.5817955285310745 9.8836279809474927 11.354823261499407 12.456601247191427 26.537002954632044 7.7557000815868369 4.5730251520872107 261.1755096912384 9.9442688077688199 3.8217308074235916 492.0360186509788
leaf_count=40 36 669 27 34 52 31 20 44 49 59 121 33 21 1174 47 26 2317
internal_value=9.19794e-07 -0.00175839 -0.00111749 0.00121668 -0.0117912 -0.00317571 0.0278032 0.0019739 0.011321 -0.0032916 0.0208746 0.00886931 -0.00188833 -0.00148213 0.00087569 -0.0207207 0.00133481
internal_weight=1025.17 418.933 410.604 606.233 33.3487 25.7583 10.6598 572.884 60.2321 23.8114 36.4206 19.0609 399.944 395.371 512.652 10.6717 501.98
internal_count=4800 1947 1911 2853 150 116 47 2703 273 108 165 85 1864 1843 2430 66 2364
is_linear=0
shrinkage=0.05


Tree=97
num_leaves=17
num_cat=0
split_feature=6 0 5 5 2 2 0 2 2 5 3 0 5 5 2 6
split_gain=0.854005 0.950629 2.22018 7.7496 5.19166 6.01262 4.02403 3.76423 2.78709 1.58257 9.99588 8.14671 2.63818 5.76218 2.30633 1.79127
threshold=5.5000000000000009 155.80533392645404 10.855013400629828 10.090765076995465 3.7246402789846402 2.4032049041166696 27.16900903193692 5.0382103365510815 1.2713060505236264 14.036294205954377 24.995192747971981 442.61603549412774 12.66393002024048 12.990387640116714 4.9902983993953844 1.0000000180025095e-35
decision_type=2 2 2 2 2 2 2 2 2 2 2 2 2 2 2 2
left_child=1 2 3 6 5 -4 -1 -6 -5 12 11 -11 15 -14 -12 -3
right_child=-2 9 4 8 7 -7 -8 -9 -10 10 14 -13 13 -15 -16 -17
leaf_value=-0.0098481049049603513 -0.020503599831463212 0.0036311368975862728 -0.0074570209681535842 0.073173879067462547 -0.050980423055796843 0.044508845848118338 0.0047226296606251578 -0.010628420295032295 0.024435074616818278 0.063559294814290193 -0.026778457329486069 -0.017571584647454532 0.050827949816178969 -0.0006068873684695052 -0.073514985618237064 -0.0027388995364561932
leaf_weight=60.387018263339996 5.0531406477093688 144.84817137569189 15.771148979663851 3.4470675215125111 7.3640790209174147 8.6024995371699315 220.07050554454327 26.857959467917681 19.676083240658045 5.273538216948511 5.3576818071305734 7.4873640239238739 7.8516554310917881 17.766036741435528 5.2032196074724197 463.52841569855809
leaf_count=290 26 648 83 19 36 44 1030 137 101 25 28 35 40 83 24 2151
internal_value=7.49485e-07 0.00010238 0.00215927 0.00387915 -0.00675135 0.0108839 0.00158532 -0.0193116 0.0317008 -0.00103095 -0.0138226 0.0159564 -0.000560404 0.0151576 -0.0498049 -0.00122226
internal_weight=1024.55 1019.49 362.176 303.581 58.5957 24.3736 280.458 34.222 23.1232 657.316 23.3218 12.7609 633.994 25.6177 10.5609 608.377
internal_count=4800 4774 1740 1440 300 127 1320 173 120 3034 112 60 2922 123 52 2799
is_linear=0
shrinkage=0.05


Tree=98
num_leaves=11
num_cat=0
split_feature=0 2 0 2 2 5 5 3 4 2
split_gain=0.809923 2.22966 1.30091 1.31912 4.23248 3.38369 4.96617 4.24816 2.32057 1.02643
threshold=1512.3647570656201 7.7340967685997315 1380.2514108574589 7.0699709191333522 7.0227491607930173 7.2774371414928103 9.6803403557051606 85.792949371447079 0.4673602363425351 4.112889639164754
decision_type=2 2 2 2 2 2 2 2 2 2
left_child=2 9 3 4 8 7 -7 -5 -1 -2
right_child=1 -3 -4 5 -6 6 -8 -9 -10 -11
leaf_value=-0.0079353479438374341 -0.0087644040245949874 0.014938303988992253 0.022292817999348003 -0.006646070029121153 0.050678496749518548 0.011080443047577031 -0.0065003062883495569 -0.051679387527774505 0.0018342175694618071 -0.046065090426296799
leaf_weight=67.260763071477413 3.2958191409707052 4.4874330759048462 6.5924045518040648 136.60129134356976 4.2953478246927252 79.700100176036358 80.984530575573444 5.4456484615802756 631.15492959320545 4.1877858489751816
leaf_count=347 19 23 34 606 19 368 394 25 2939 26
internal_value=1.19101e-06 -0.012928 0.000154127 8.9695e-06 0.00119768 -0.0027503 0.0022198 -0.00837251 0.000893362 -0.0296377
internal_weight=1024.01 11.971 1012.04 1005.44 702.711 302.732 160.685 142.047 698.416 7.4836
internal_count=4800 68 4732 4698 3305 1393 762 631 3286 45
is_linear=0
shrinkage=0.05


Tree=99
num_leaves=14
num_cat=0
split_feature=2 2 3 3 0 3 2 2 4 2 3 2 5
split_gain=0.798121 0.864509 2.83719 4.71262 3.22892 2.94571 2.17867 3.26104 3.49479 1.93533 5.87379 4.7549 1.91297
threshold=9.9200355027848435 9.3375637381856524 49.810453787083453 15.622088100611151 125.66199236250456 71.073572223101039 8.9601058013611077 9.0471968026515519 0.60912415486853899 8.3927421315079425 3.3509194783726599 7.986665055760489 4.2069929791681693
decision_type=2 2 2 2 2 2 2 2 2 2 2 2 2
left_child=1 6 3 4 -3 -4 9 -8 -9 11 -11 -1 -5
right_child=-2 2 5 12 -6 -7 7 8 -10 10 -12 -13 -14
leaf_value=0.00047375795410874839 -0.016044208214062852 0.027381580955026394 -0.040017509897056353 0.056663170716966985 -0.015085425931196765 0.011984339133499252 -0.039574682177848139 0.026694021949617293 -0.013471285460513106 0.057518606663606045 0.0039036970182803107 -0.016891338090574526 0.019803593242260605
leaf_weight=813.09936133772135 7.6921034157276145 5.9013994336128262 6.1711339056491834 4.2034296989440945 18.532216913998127 4.8742693215608597 8.3237239867448789 7.0200112313032177 23.69852414727211 5.6277566701173773 55.358458280563354 41.429529789835215 21.651079073548317
leaf_count=3819 36 29 30 19 84 23 38 35 109 26 259 190 103
internal_value=9.47006e-07 0.000122437 0.00587662 0.0109165 -0.00482846 -0.0170694 -0.000247288 -0.0118145 -0.00429243 0.000245999 0.00885124 -0.000368142 0.0257962
internal_weight=1023.58 1015.89 61.3335 50.2881 24.4336 11.0454 954.557 39.0423 30.7185 915.515 60.9862 854.529 25.8545
internal_count=4800 4764 288 235 113 53 4476 182 144 4294 285 4009 122
is_linear=0
shrinkage=0.05


Tree=100
num_leaves=12
num_cat=0
split_feature=6 4 2 0 6 4 0 4 5 3 5
split_gain=0.780442 0.910929 1.69737 1.74211 2.77083 1.5892 5.66147 1.56217 3.79555 1.24304 1.17322
threshold=5.5000000000000009 0.91205443043400702 5.7856635008950716 194.69614956475257 1.5000000000000002 0.90007348229249839 264.20477740019129 0.87904272199694033 11.672681783198881 17.83932990128223 14.803882806893833
decision_type=2 2 2 2 2 2 2 2 2 2 2
left_child=1 5 3 -3 -5 7 -7 10 -9 -4 -1
right_child=-2 2 9 4 -6 6 -8 8 -10 -11 -12
leaf_value=1.8168712455069234e-05 -0.019666278276927067 0.025652688674340264 0.007626267650832257 0.016827342011651848 -0.039536564677753287 0.025091721181848284 -0.053637901398867018 0.026575747616886327 -0.025760502733841884 0.049488730340855595 -0.014026831923007336
leaf_weight=954.44598214328289 5.0195168778300276 4.3836808651685741 3.286115162074565 4.1253398656845075 4.6250386387109756 3.9342733919620496 5.4420101940631866 14.655784189701082 4.5365827009081832 3.8518217280507088 15.104122340679167
leaf_count=4416 26 36 21 25 22 28 25 82 25 23 71
internal_value=8.81793e-07 9.78187e-05 0.0105908 -7.5105e-05 -0.012964 -0.000115295 -0.0206031 7.89911e-05 0.0142048 0.0302164 -0.000200631
internal_weight=1023.41 1018.39 20.272 13.1341 8.75038 998.119 9.37628 988.742 19.1924 7.13794 969.55
internal_count=4800 4774 127 83 47 4647 53 4594 107 44 4487
is_linear=0
shrinkage=0.05


Tree=101
num_leaves=20
num_cat=0
split_feature=0 0 3 3 0 4 4 3 3 0 0 4 5 2 4 2 6 3 3
split_gain=0.746452 2.53055 1.84834 3.89644 5.1913 3.19381 1.90223 1.87763 3.48801 3.56728 2.73016 3.75297 2.1141 1.64296 1.3109 2.58184 1.10616 4.18973 2.12838
threshold=480.23454465111826 471.98126332194806 39.027781068761747 49.377708226539959 1025.4266389061497 0.64681740625224238 0.85135763004869358 10.68255047576738 12.553336728642323 841.96854762410464 517.57535594943818 0.8735345900701087 7.0588514420488195 7.3460451449400459 0.92447485689783293 4.3750232062080263 1.0000000180025095e-35 60.034310344828889 1.2848002752890657
decision_type=2 2 2 2 2 2 2 2 2 2 2 2 2 2 2 2 2 2 2
left_child=1 14 7 4 5 -4 13 10 9 -9 -2 -12 -10 -5 16 -16 17 -1 -18
right_child=2 -3 3 6 -6 -7 -8 8 12 -11 11 -13 -14 -15 15 -17 18 -19 -20
leaf_value=0.0072232097021324333 -0.028448604611574353 0.029396814873190086 0.057462970241196655 0.0056634155853163282 -0.027528564231164329 0.015812041892857075 -0.033614999249305402 -0.056273169153752814 -0.015163968695158401 0.0020655649491633159 0.0011068341813707848 0.049836312245395753 -0.000115002584844472 -0.014760971422676315 -0.0045421100157562273 0.048462118361587883 -0.015441632354345947 -0.015970685103563181 -0.00012271899363787588
leaf_weight=137.7697910182178 7.1069482788443556 7.6524460762739173 7.6310966238379541 33.331735819578171 4.4606162533164015 11.597222805023192 4.7332915216684333 7.3217440731823427 39.012901581823826 4.0808776915073395 63.975447788834572 4.2113221883773795 58.08190156146884 13.974137075245379 5.1372896432876569 4.1561293266713619 23.626523412764072 22.675152949988842 562.55134543403983
leaf_count=665 33 34 35 149 25 50 21 35 198 20 308 20 281 66 34 33 108 104 2581
internal_value=1.26628e-06 0.000788629 -0.00231535 0.00425835 0.0210684 0.0323419 -0.00339379 -0.00502393 -0.00923394 -0.0353944 0.00104264 0.00411644 -0.00616171 -0.000369941 0.000499017 0.019162 0.000266714 0.00394529 -0.000740164
internal_weight=1023.09 763.569 259.519 75.7281 23.6889 19.2283 52.0392 183.791 108.497 11.4026 75.2937 68.1868 97.0948 47.3059 755.916 9.29342 746.623 160.445 586.178
internal_count=4800 3559 1241 346 110 85 236 895 534 55 361 328 479 215 3525 67 3458 769 2689
is_linear=0
shrinkage=0.05


Tree=102
num_leaves=10
num_cat=0
split_feature=4 5 4 0 4 3 3 4 4
split_gain=0.736671 2.05906 1.00237 3.43707 1.38748 2.07244 2.11609 1.92047 4.00465
threshold=0.3065755169846946 10.261365317767783 0.34632031773320021 438.82978405956982 0.37706547177866173 37.656739667265136 14.753668566896945 0.39287050939010298 0.40523642047195652
decision_type=2 2 2 2 2 2 2 2 2
left_child=1 -1 3 -2 5 6 -4 -6 -9
right_child=2 -3 4 -5 7 -7 -8 8 -10
leaf_value=0.0035146945900797902 -0.0060031418270853308 -0.054800179671187332 0.00014071457893436121 0.05248367861518341 0.025509865564474557 0.0079031996449177491 -0.049830834669559634 -0.036265888467679475 0.00026337271815321284
leaf_weight=4.409067563712596 6.9241188168525678 2.3051530178636312 3.4630994200706464 3.9420760795474052 7.4233424291014662 5.8316097706556311 5.4563146755099297 7.5609596222639075 975.30423027276993
leaf_count=26 36 31 19 21 38 28 29 38 4534
internal_value=1.19004e-06 -0.0165062 0.000110289 0.0152149 -5.30178e-05 -0.0152747 -0.0304286 0.000173719 -1.76386e-05
internal_weight=1022.62 6.71422 1015.91 10.8662 1005.04 14.751 8.91941 990.289 982.865
internal_count=4800 57 4743 57 4686 76 48 4610 4572
is_linear=0
shrinkage=0.05


Tree=103
num_leaves=14
num_cat=0
split_feature=2 2 3 3 0 3 2 3 4 2 3 2 5
split_gain=0.726792 0.769241 2.49235 4.17421 2.89053 2.70355 1.98195 3.24372 2.79772 1.72439 5.35653 4.34239 1.69296
threshold=9.9200355027848435 9.3375637381856524 49.810453787083453 15.622088100611151 125.66199236250456 71.073572223101039 8.9601058013611077 7.4574291309737397 0.61740636912689817 8.3927421315079425 3.3509194783726599 7.986665055760489 4.2069929791681693
decision_type=2 2 2 2 2 2 2 2 2 2 2 2 2
left_child=1 6 3 4 -3 -4 9 -8 -9 11 -11 -1 -5
right_child=-2 2 5 12 -6 -7 7 8 -10 10 -12 -13 -14
leaf_value=0.00046307731616838308 -0.015324208073029208 0.026024414093556388 -0.038049861665087337 0.053403985180589308 -0.014234501618339848 0.011816159019087072 0.01607470568167475 0.004977302818201238 -0.028485107926305143 0.05507655082084964 0.0036594336012950716 -0.016151702824818284 0.018669366749511147
leaf_weight=812.35742641612887 7.6786729246377936 5.8722795173525837 6.1417738050222379 4.1891745924949673 18.519764970988035 4.8760125339031219 8.4849405661225301 8.7630363553762454 21.750300958752632 5.575944021344184 55.313840344548225 41.326573783531785 21.574288729578257
leaf_count=3819 36 29 30 19 84 23 39 42 101 26 259 190 103
internal_value=5.99395e-07 0.000116564 0.0055518 0.010282 -0.00454234 -0.0159812 -0.000232116 -0.011271 -0.0188751 0.000238593 0.00836792 -0.000341239 0.0243173
internal_weight=1022.42 1014.75 61.1733 50.1555 24.392 11.0178 953.572 38.9983 30.5133 914.574 60.8898 853.684 25.7635
internal_count=4800 4764 288 235 113 53 4476 182 143 4294 285 4009 122
is_linear=0
shrinkage=0.05


Tree=104
num_leaves=20
num_cat=0
split_feature=0 0 4 5 5 4 4 2 0 3 2 4 0 4 3 2 4 6 2
split_gain=0.713908 2.35077 6.33264 2.7142 5.07036 3.34234 6.78764 3.71233 1.15959 4.01867 4.419 3.6345 1.55366 6.40099 3.50235 1.36531 3.48119 1.32308 0.709671
threshold=678.72446051103714 707.32201764100364 0.71007980766248135 12.396431301494109 14.036294205954377 0.61740636912689817 0.63191311311870046 7.7705702498682969 612.82022951454326 39.027781068761747 7.1810388333589321 0.5872567130980898 572.9017584609993 0.76383880747598953 25.617543023594184 0.1332030497602055 0.65613217137700008 1.0000000180025095e-35 4.4452960999400863
decision_type=2 2 2 2 2 2 2 2 2 2 2 2 2 2 2 2 2 2 2
left_child=8 2 18 5 -5 7 -7 -3 12 10 11 -10 15 14 -14 16 -1 -17 -2
right_child=1 3 -4 4 -6 6 -8 -9 9 -11 -12 -13 13 -15 -16 17 -18 -19 -20
leaf_value=-0.049276732946082383 0.020505629470955269 -0.0238685738829406 -0.062353197014496757 0.048778668455176345 -0.015284346475986942 0.053421336669524394 -0.0017935124040897603 0.013820571362296112 0.045803267440442219 0.038154427340068527 -0.042403786340131623 -0.005598026321854104 -0.051271293120721498 0.038483000958258531 -0.0050483323672081953 0.0045779698613750393 0.013668552677892404 -0.00030495174023566717 -0.0085886143723521834
leaf_weight=4.5730065181851369 4.0217722244560701 29.983724966645241 5.8683059737086287 7.1134379059076291 5.4588051587343216 5.9985590130090705 77.196053303778172 8.3540213983505947 5.1258092224597993 8.9965477436780912 5.0754305496811858 10.450588390231131 8.1082968860864693 4.6629606485366812 8.2861035242676717 177.3560971878469 4.2268085181713104 636.96703917533159 4.3770937025547028
leaf_count=21 20 164 27 34 28 28 361 48 26 39 24 47 41 22 39 848 23 2939 21
internal_value=6.17606e-07 -0.0032061 -0.0225014 -0.0011533 0.0209628 -0.00344116 0.00218763 -0.0156559 0.000545102 0.0102642 -0.00188561 0.0113169 0.000203759 -0.0132072 -0.0279092 0.000546842 -0.0190423 0.000758528 0.00534308
internal_weight=1022.2 148.372 14.2672 134.105 12.5722 121.532 83.1946 38.3377 873.829 29.6484 20.6518 15.5764 844.18 21.0574 16.3944 823.123 8.79982 814.323 8.39887
internal_count=4800 731 68 663 62 601 389 212 4069 136 97 73 3933 102 80 3831 44 3787 41
is_linear=0
shrinkage=0.05


Tree=105
num_leaves=20
num_cat=0
split_feature=0 2 3 4 6 0 0 6 5 4 4 2 5 5 5 5 0 0 6
split_gain=0.710769 4.23355 3.64677 4.21088 3.30804 3.14613 2.97024 3.18561 3.26885 2.80813 3.39296 2.47886 2.30105 2.96238 2.13661 1.99451 1.65876 4.44469 3.22255
threshold=27.16900903193692 8.9601058013611077 40.700360678449861 0.55711921420485233 2.5000000000000004 54.203670177324192 60.318999668660268 1.0000000180025095e-35 8.7606143359431954 0.76841285911514334 0.72832286223019771 2.8868905271678842 5.9494767699330833 10.016079537633889 6.8455831460251746 8.5957119773338562 92.177834203878589 94.965732694402234 3.5000000000000004
decision_type=2 2 2 2 2 2 2 2 2 2 2 2 2 2 2 2 2 2 2
left_child=1 2 3 14 -5 9 7 -7 -9 10 11 -2 -4 -14 -1 -11 18 -18 -8
right_child=5 -3 12 4 -6 6 16 8 -10 15 -12 -13 13 -15 -16 -17 17 -19 -20
leaf_value=-0.057952919549888321 0.029347865030027089 -0.043178340646618497 0.042914590934118396 0.0097666422827813303 -0.025703728774433637 0.017310458027172213 0.0032956934271201757 -0.05042489001089985 -0.0013881829850130531 0.015599687311796473 -0.026790660381696751 0.0034712036305378363 -0.010579189927372758 0.039577516308701877 -0.017136751985447531 0.059759443584114835 -0.037709692059222671 -0.00023418520194448566 0.035127268298410279
leaf_weight=4.9046595543622962 13.546897761523722 6.5206406489014617 6.0484991222620037 26.59045397490263 8.7317482978105527 4.3640662208199528 63.24927643686533 8.796610549092291 5.5381952151656142 5.7792381048202497 6.6227257549762717 29.212308749556541 9.0357902273535711 4.3665293753147116 9.2592281103134138 4.5859590657055378 7.9923072010278693 787.39233541674912 9.0942758545279485
leaf_count=21 64 32 27 143 38 22 301 40 28 35 34 135 43 23 42 38 36 3657 41
internal_value=-2.34996e-07 -0.00467028 -0.00102786 -0.0082377 0.000998266 0.000372202 -0.000376329 -0.0200928 -0.0314798 0.0114776 0.00651143 0.0116694 0.0173152 0.00576207 -0.0312705 0.0351376 4.85454e-05 -0.000610752 0.00729723
internal_weight=1021.63 75.4575 68.9369 49.4861 35.3222 946.174 886.427 18.6989 14.3348 59.7471 49.3819 42.7592 19.4508 13.4023 14.1639 10.3652 867.728 795.385 72.3436
internal_count=4800 369 337 244 181 4431 4125 90 68 306 233 199 93 66 63 73 4035 3693 342
is_linear=0
shrinkage=0.05


Tree=106
num_leaves=16
num_cat=0
split_feature=6 0 5 2 6 5 3 3 4 5 3 0 2 5 5
split_gain=0.726102 0.781247 2.11355 3.42504 3.13744 2.91472 1.73229 1.42175 1.4134 2.83641 2.57976 2.44614 3.02465 1.8843 1.68039
threshold=5.5000000000000009 434.71315025352112 2.3265950694144224 5.7530432115153838 1.5000000000000002 2.4349580697039088 1.8891745795237791 22.884239772534034 0.82137944280667385 12.176401116145524 2.5971715010474155 412.48972860055125 3.7955531441191095 14.803882806893833 13.238916058810691
decision_type=2 2 2 2 2 2 2 2 2 2 2 2 2 2 2
left_child=1 8 3 4 -3 -4 -7 -5 11 10 -10 13 -13 -1 -11
right_child=-2 2 5 7 -6 6 -8 -9 9 14 -12 12 -14 -15 -16
leaf_value=-4.8869202590979178e-05 -0.019023879815267489 0.049692937093394028 -0.074097977031541057 -0.031169877056018563 -0.0016541216437801773 -0.018440124153562238 -0.0018534572988208699 0.0088195020973766431 -0.025388316315349099 0.043450829113311239 0.0058991543623664313 0.049306968605804052 0.004213260674721212 -0.024722928712360093 0.010588934552136687
leaf_weight=605.92243850976229 4.991129044443368 7.7073738425970095 1.4437988176941861 4.338098540902136 4.8451877608895302 16.767995409667492 257.11286998726428 4.5580164343118668 7.3221183493733397 7.4335233345627776 65.746250256896019 5.5149516016244915 11.41673608869314 7.8377487510442725 8.1609128490090352
leaf_count=2725 26 36 8 21 24 82 1216 21 41 48 393 24 50 35 50
internal_value=2.8148e-07 9.37264e-05 -0.00206476 0.013053 0.0298734 -0.00324248 -0.00286895 -0.0106809 0.00098422 0.00689533 0.00276386 0.000153235 0.0189011 -0.000363958 0.0262535
internal_weight=1021.12 1016.13 296.773 21.4487 12.5526 275.325 273.881 8.89611 719.355 88.6628 73.0684 630.692 16.9317 613.76 15.5944
internal_count=4800 4774 1408 102 60 1306 1298 42 3366 532 434 2834 74 2760 98
is_linear=0
shrinkage=0.05


Tree=107
num_leaves=11
num_cat=0
split_feature=0 5 5 0 2 2 0 4 3 4
split_gain=0.693026 2.12892 5.05322 1.18836 1.07151 3.78729 3.22178 5.24429 4.55387 1.95663
threshold=1512.3647570656201 6.2548966717032188 10.482792716947662 1380.2514108574589 7.0699709191333522 7.0227491607930173 33.488107759470147 0.70214596876526081 0.13622642816066713 0.4673602363425351
decision_type=2 2 2 2 2 2 2 2 2 2
left_child=3 -2 -3 4 5 9 7 -6 -8 -1
right_child=1 2 -4 -5 6 -7 8 -9 -10 -11
leaf_value=-0.0073492275836587947 -0.043165109604084415 0.039073108087110349 -0.040453859371327588 0.021274282332231473 -0.03729930352134965 0.048035073415826079 -0.092552255922635079 0.011187177190541971 -0.00051269651816728912 0.0016503895618181627
leaf_weight=66.804858308285475 3.7495043128728858 4.338386341929434 3.70186547935009 6.6086477488279334 15.592007897794248 4.2672845795750609 1.3504924476146687 8.6821618825197202 275.96901419013739 629.45400349423289
leaf_count=347 23 24 21 34 71 19 6 45 1271 2939
internal_value=4.34953e-07 -0.0120518 0.00245757 0.000141299 1.93381e-06 0.00107471 -0.00248985 -0.0199571 -0.000960911 0.000786892
internal_weight=1020.52 11.7898 8.04025 1008.73 1002.12 700.526 301.594 24.2742 277.32 696.259
internal_count=4800 68 45 4732 4698 3305 1393 116 1277 3286
is_linear=0
shrinkage=0.05


Tree=108
num_leaves=27
num_cat=0
split_feature=6 0 0 3 5 0 5 5 2 2 2 4 2 2 2 2 3 5 0 3 5 2 3 4 4 3
split_gain=0.674771 2.35058 2.60465 2.6304 3.01672 2.59841 3.5729 3.45982 3.17487 1.46169 1.94042 1.28493 1.10836 2.73112 3.35421 3.50246 3.24446 4.75775 3.09461 2.33587 5.85285 5.84567 3.09714 4.11277 2.90896 1.14464
threshold=2.5000000000000004 495.02096247950027 604.4503044811571 40.21085327546443 5.1771945871909191 37.716885203262713 4.2498323124606996 3.5765770252142537 1.2304774453614151 7.5554995540023109 1.434678244675734 0.65613217137700008 3.4501915741704523 2.8078030464811943 2.4741030788218383 2.2289090634876243 79.212868507577696 4.0432577035890516 59.21632538412377 7.6010315874308008 12.49144760307861 4.1903144566939368 12.720401056287649 0.47454374217386486 0.59922056497433007 3.5927414491150063
decision_type=2 2 2 2 2 2 2 2 2 2 2 2 2 2 2 2 2 2 2 2 2 2 2 2 2 2
left_child=12 5 11 4 -4 9 7 -7 -8 10 -2 -3 13 14 15 -1 17 -15 -16 20 21 -14 23 -21 -24 -22
right_child=1 2 3 -5 -6 6 8 -9 -10 -11 -12 -13 19 16 18 -17 -18 -19 -20 22 25 -23 24 -25 -26 -27
leaf_value=0.00074837281927721743 0.0066123552532693685 -0.060610309427774511 0.012318942711275517 0.021042334791144705 -0.028176765741964524 0.0098789958722427084 -0.024983955836738424 0.05756550866281146 0.002100093137779542 0.0063297067848894625 -0.033894899317249746 -0.022301907996372244 -0.029449428757407088 -0.022136720644659085 0.023239608713452837 0.021587428168517345 -0.026255525709477215 0.023419497930955255 -0.021513899161826791 0.0260051705001768 0.022570654628350426 0.0060775203859058935 -0.0072723559442705345 -0.016389314919808055 0.0024465705862975634 0.055779110893125705
leaf_weight=174.34507562965155 3.9315909668803242 3.5443154163658601 6.8124956935644212 6.6643555611371985 14.153687665238975 14.735476061701776 12.121628567576407 5.1271379292011252 100.78676006197929 5.3726066499948493 11.919716425240038 5.7239795625209808 13.064700201153753 6.6376661062240592 4.5498666986823109 22.799900785088539 4.7120927870273581 41.967391833662987 25.575972631573677 6.3208040520548812 4.6706638932228071 101.79501181468368 112.44517515972257 60.264997966587543 244.18429400399327 5.838486909866333
leaf_count=834 18 29 40 36 95 65 57 22 464 25 54 26 61 31 24 109 21 194 118 31 24 473 507 273 1141 28
internal_value=9.97127e-08 -0.00268006 -0.0140147 -0.00632086 -0.0150186 3.58445e-05 0.0026326 0.0221883 -0.000807599 -0.0162088 -0.0238479 -0.0369515 0.000617132 0.00317321 0.000783931 0.00315842 0.0133578 0.0171982 -0.0147548 -0.000690244 0.00530434 0.00203651 -0.00246602 -0.0123649 -0.000617804 0.04102
internal_weight=1020.07 190.894 36.8988 27.6305 20.9662 153.995 132.771 19.8626 112.908 21.2239 15.8513 9.26829 829.172 280.588 227.271 197.145 53.3172 48.6051 30.1258 548.584 125.369 114.86 423.215 66.5858 356.629 10.5092
internal_count=4800 931 226 171 135 705 608 87 521 97 72 55 3869 1331 1085 943 246 225 142 2538 586 534 1952 304 1648 52
is_linear=0
shrinkage=0.05


Tree=109
num_leaves=25
num_cat=0
split_feature=0 5 5 5 5 2 5 2 2 0 5 5 3 5 3 4 5 3 4 4 5 5 2 0
split_gain=0.664522 2.39244 7.04756 4.94478 4.56693 4.13534 4.4268 3.24175 4.81316 3.11861 3.33609 2.9802 1.44538 6.20464 3.85228 5.86279 3.55841 3.44217 3.28926 5.24844 5.09992 3.28737 2.7867 2.73087
threshold=155.80533392645404 10.855013400629828 10.090765076995465 14.145031592390097 14.803882806893833 8.8178561928495736 11.253231699926621 1.2713060505236264 5.675187164534953 27.16900903193692 8.6736442488595262 5.9494767699330833 23.496786587258043 14.036294205954377 24.67493704119476 0.61740636912689817 12.66393002024048 21.497017697064823 0.54173239572282927 0.58281513946784735 12.49144760307861 5.593271746579858 6.0833061643376576 350.23957520066045
decision_type=2 2 2 2 2 2 2 2 2 2 2 2 2 2 2 2 2 2 2 2 2 2 2 2
left_child=1 2 9 5 -5 6 -3 -4 -9 11 -11 -1 17 14 15 -14 -16 18 20 -20 -2 -19 -23 -15
right_child=12 3 7 4 -6 -7 -8 8 -10 10 -12 -13 13 23 16 -17 -18 21 19 -21 -22 22 -24 -25
leaf_value=0.0062287274363210157 -0.014779865356847034 -0.042823814386405562 0.07376296273450772 0.062051310991564745 -0.0054388095113001474 -0.061856096430448107 -0.0021768574454601275 -0.0098854914836618707 0.041090928117746901 0.0011688038001911739 0.017147259295368266 -0.017071854245437803 0.019128970941925345 -0.064570035041872309 -0.0022738434990522568 -0.059876774532602942 0.024049997029119384 0.062272686863325079 0.023807994593575216 0.00013425195590214978 0.040065955791945246 -0.0077578918893125475 0.035745167243864222 -0.014133610215030339
leaf_weight=21.267791144549847 55.28622311539948 8.2191569283604604 3.5690566748380688 4.4653801992535573 5.7142120972275734 4.1556142978370181 36.203632779419422 7.4062225967645672 12.355431064963339 180.99143700674176 39.861448436975479 38.684185363352299 3.6188265159726125 5.684918746352194 267.79624825716019 6.6874591782689095 13.484437592327593 3.9897593706846264 25.835866749286652 249.53367952257395 4.5904723294079295 8.4489485025405866 6.5235001668333998 5.0838850326836109
leaf_count=103 284 43 20 22 28 22 188 38 65 840 199 187 18 28 1227 33 64 19 117 1135 25 38 31 26
internal_value=-2.26819e-07 0.00171685 0.00350128 -0.00751952 0.0241664 -0.0141593 -0.00969741 0.0299068 0.0219861 0.00130738 0.00405273 -0.00880604 -0.000949282 -0.00348845 -0.00211198 -0.0321356 -0.00101189 0.00121818 4.59343e-05 0.00235538 -0.0105751 0.0219432 0.0111964 -0.0407593
internal_weight=1019.46 362.894 304.136 58.758 10.1796 48.5784 44.4228 23.3307 19.7617 280.805 220.853 59.952 656.564 302.356 291.587 10.3063 281.281 354.208 335.246 275.37 59.8767 18.9622 14.9724 10.7688
internal_count=4800 1755 1452 303 50 253 231 123 103 1329 1039 290 3045 1396 1342 51 1291 1649 1561 1252 309 88 69 54
is_linear=0
shrinkage=0.05


Tree=110
num_leaves=14
num_cat=0
split_feature=6 0 0 2 2 4 5 5 3 5 3 3 0
split_gain=0.675331 0.708847 2.02011 3.61319 3.356 2.24616 2.1959 1.89255 1.55053 6.12098 4.41112 2.95785 1.91687
threshold=5.5000000000000009 155.80533392645404 143.1719897472415 2.8868905271678842 7.986665055760489 0.87904272199694033 10.05711769357219 7.2335930888341915 30.763345754028816 14.036294205954377 32.300001378688982 29.870014794671494 480.23454465111826
decision_type=2 2 2 2 2 2 2 2 2 2 2 2 2
left_child=1 2 5 -4 -5 7 -7 -1 11 10 -10 12 -3
right_child=-2 8 3 4 -6 6 -8 -9 9 -11 -12 -13 -14
leaf_value=-0.0039372019141965817 -0.018396119488730146 0.0031947254699557261 -0.018075236359132781 0.046074422215702522 0.00053596947440023586 0.039960350728269943 -0.004286978860148216 0.0037048486821643755 -0.033760730907499641 -0.047708595469911338 -0.0011106087359767074 0.03184721734984091 -0.0038543529474198202
leaf_weight=152.26760777831078 4.9645033702254286 243.38800878450274 5.6996386274695423 10.173254474997522 6.7171699181199065 7.0698861926794034 4.647090807557106 173.1325416341424 10.843041926622389 7.7719914205372325 225.09406046569347 7.619488436728715 159.73890547826886
leaf_count=693 26 1103 29 47 32 56 38 845 49 38 1026 37 781
internal_value=1.6467e-07 9.02177e-05 0.00187324 0.0163481 0.0279642 0.000903291 0.0224113 0.000128831 -0.000889784 -0.0040493 -0.00261112 0.000984859 0.00040153
internal_weight=1019.13 1014.16 359.707 22.5901 16.8904 337.117 11.717 325.4 654.455 243.709 235.937 410.746 403.127
internal_count=4800 4774 1740 108 79 1632 94 1538 3034 1113 1075 1921 1884
is_linear=0
shrinkage=0.05


Tree=111
num_leaves=19
num_cat=0
split_feature=6 2 0 5 2 0 3 3 2 0 0 6 3 2 5 2 3 3
split_gain=0.649522 1.5982 3.46789 2.96267 2.62545 1.61889 1.59615 2.23417 1.46722 1.86243 5.04445 2.6749 1.68666 1.70736 6.93523 1.74457 0.781326 0.346833
threshold=1.5000000000000002 0.34714535056309398 205.01266286179009 8.9141768026418138 0.50330061050110242 98.677883580999108 132.29279726117974 40.700360678449861 9.3375637381856524 386.95887345056184 277.06914037065491 2.5000000000000004 132.29279726117974 0.50330061050110242 9.834012134798348 1.9979831081923551 24.67493704119476 12.392111010534331
decision_type=2 2 2 2 2 2 2 2 2 2 2 2 2 2 2 2 2 2
left_child=1 2 5 -4 17 -1 7 -6 12 10 11 -10 13 14 -2 -15 -11 -3
right_child=8 4 3 -5 6 -7 -8 -9 9 16 -12 -13 -14 15 -16 -17 -18 -19
leaf_value=-0.013128073332470444 -0.0045370248102587279 0.041121193990245573 0.03097261916235193 -0.020667535803992734 -0.00037233102914343999 -0.056874013099193377 -0.022403611662018576 0.0070693216153122742 0.034229502058541472 0.045478851343798338 -0.041871671418685058 -0.0093109752511186163 0.028961441857947801 -0.010701625111590216 0.060066713869147054 -0.0017587124298961442 0.014923889180472806 0.020300252750796749
leaf_weight=3.8950481638312358 17.49839045107365 3.7437828481197339 5.6343425363302213 5.4777088984847069 395.88626216724515 4.627321831882 7.0626132339239112 135.34033961594105 8.5089434608817154 3.9725366681814176 5.0399198830127707 6.0252919420599929 4.3143297731876364 65.247191455215216 5.4474193640053263 332.14499665610492 4.4202572554349899 4.2945011183619499
leaf_count=21 82 19 26 25 1875 22 31 630 42 20 24 31 19 305 27 1559 20 22
internal_value=3.75822e-07 0.0011295 -0.012886 0.0055165 0.0016332 -0.0368804 0.00120964 0.00152358 -0.0014115 0.00968141 0.00123253 0.0161794 -0.00214206 -0.00246131 0.0108001 -0.00322704 0.0293864 0.0299975
internal_weight=1018.58 565.962 19.6344 11.1121 546.327 8.52237 538.289 531.227 452.619 27.9669 19.5742 14.5342 424.652 420.338 22.9458 397.392 8.39279 8.03828
internal_count=4800 2671 94 51 2577 43 2536 2505 2129 137 97 73 1992 1973 109 1864 40 41
is_linear=0
shrinkage=0.05


Tree=112
num_leaves=15
num_cat=0
split_feature=2 2 3 3 0 3 2 2 4 3 2 3 4 5
split_gain=0.651482 0.686363 2.13175 3.68415 2.65927 2.41336 1.80286 3.58767 5.24719 3.43032 2.75754 2.08025 1.50988 1.44749
threshold=9.9200355027848435 9.3375637381856524 49.810453787083453 15.622088100611151 103.1766229769048 71.073572223101039 8.7849190784992395 8.4851834057151603 0.71613543108449274 7.4574291309737397 7.986665055760489 11.516844295318696 0.80750373435724787 4.2069929791681693
decision_type=2 2 2 2 2 2 2 2 2 2 2 2 2 2
left_child=1 6 3 4 -3 -4 7 10 -9 12 -1 -11 -8 -5
right_child=-2 2 5 13 -6 -7 9 8 -10 11 -12 -13 -14 -15
leaf_value=0.00042278567628921057 -0.014539663362501652 0.027540603956214351 -0.035788023397745956 0.04984723006060067 -0.012932000477019126 0.01153902706303186 0.025885962904234269 0.0016482487472418341 0.043522879109328866 -0.040377215329701663 -0.011733354250724488 -0.010605361556333792 -0.011160619946102103 0.017616756462072777
leaf_weight=808.97565538808703 7.6458335965871802 5.1528997793793705 6.0636449754238111 4.1563058644533184 19.112206518650055 4.8467460498213768 8.7398244366049749 20.907930992543697 11.649342790246008 6.9070648625493041 49.506948050111532 38.979377225041389 4.0132936015725127 21.521088715642691
leaf_count=3819 36 26 30 19 87 23 40 92 60 32 228 185 20 103
internal_value=5.93906e-07 0.000110608 0.00525838 0.00963242 -0.0043373 -0.0147638 -0.000219248 0.00033962 0.0166314 -0.00871136 -0.000278234 -0.0150868 0.0142277 0.0228338
internal_weight=1018.18 1010.53 60.8529 49.9425 24.2651 10.9104 949.679 891.04 32.5573 58.6396 858.483 45.8864 12.7531 25.6774
internal_count=4800 4764 288 235 113 53 4476 4199 152 277 4047 217 60 122
is_linear=0
shrinkage=0.05


Tree=113
num_leaves=10
num_cat=0
split_feature=4 5 4 0 4 3 3 4 4
split_gain=0.635359 2.03091 0.939041 3.7106 1.17925 1.87692 1.98395 1.83558 3.58372
threshold=0.3065755169846946 10.261365317767783 0.34632031773320021 471.98126332194806 0.37706547177866173 37.656739667265136 14.753668566896945 0.39287050939010298 0.40523642047195652
decision_type=2 2 2 2 2 2 2 2 2
left_child=1 -1 3 -2 5 6 -4 -6 -9
right_child=2 -3 4 -5 7 -7 -8 8 -10
leaf_value=0.0042321817637732042 -0.006782372901423756 -0.054607706472194206 0.00076417701098036213 0.054420215133496257 0.024910319051094462 0.0077935078917391919 -0.048100604810823733 -0.034632815577017778 0.00022775429565106444
leaf_weight=4.376747138798236 7.0488443523645383 2.2055153585970402 3.422614708542822 3.8179142624139786 7.429403916001319 5.8151720762252799 5.2841964587569237 7.4287452697753897 970.96860279887915
leaf_count=26 37 31 19 20 38 28 29 38 4534
internal_value=7.31612e-07 -0.0154833 0.000101521 0.0147205 -5.72843e-05 -0.0142017 -0.028892 0.000151074 -3.6934e-05
internal_weight=1017.8 6.58226 1011.22 10.8668 1000.35 14.522 8.70681 985.827 978.397
internal_count=4800 57 4743 57 4686 76 48 4610 4572
is_linear=0
shrinkage=0.05


Tree=114
num_leaves=21
num_cat=0
split_feature=5 5 2 3 4 3 4 3 0 2 2 5 2 5 3 0 2 4 3 5
split_gain=0.61392 2.94317 5.23983 2.91106 3.71099 3.06265 2.7527 1.78311 4.34755 6.58813 4.84573 3.51369 2.29052 1.6954 4.76655 5.88182 2.37304 2.29382 2.61404 0.564347
threshold=6.4474367890262467 5.989037739824683 9.0127977506193915 7.4574291309737397 0.64846836777277106 3.3509194783726599 0.3065755169846946 31.161593246298455 252.23456207692513 6.9154022488702642 6.2318027170043075 5.8810970434571548 9.3781875090448636 6.9171472490267014 8.2164603249617159 99.885846017019887 2.9213659338718934 0.33802542015873954 8.8637637568476428 10.261365317767783
decision_type=2 2 2 2 2 2 2 2 2 2 2 2 2 2 2 2 2 2 2 2
left_child=1 7 3 5 -5 -3 19 11 9 -9 -10 12 -1 14 16 -16 -8 -15 -19 -2
right_child=6 2 -4 4 -6 -7 13 8 10 -11 -12 -13 -14 17 15 -17 -18 18 -20 -21
leaf_value=-1.3809240398653989e-05 -0.021647018213808513 -0.0012412935246073125 -0.065073635005144223 -0.016117016520128313 0.01760685096665553 -0.058213616697838824 -0.049605025496207766 0.017180110680839175 -0.026346402237081575 -0.017660485235993752 0.0044528096038691616 0.03515696694248556 0.020236075345807972 0.034253422036217909 -0.015107827316272415 0.02853474209929123 -0.0029210377288926789 0.0058992352055207142 -0.0017867534395219959 -0.054365112135344118
leaf_weight=182.83404603600502 3.5193461924791327 4.3271883949637395 4.4311155080795279 18.077877089381218 14.865281529724596 5.1859391815960407 3.8642412424087516 37.340912073850632 34.817669570446014 21.312898330390453 20.168508008122444 8.087064787745474 15.119416519999502 4.9745010137557975 10.216722831130026 31.594834126532078 9.2101626396179181 148.06614966318011 437.48148689046502 2.107075996696949
leaf_count=853 21 21 20 82 69 24 19 173 158 93 91 37 68 25 46 141 43 704 2081 31
internal_value=1.87609e-07 -0.00163648 -0.013335 -0.00793508 -0.000899448 -0.0322989 0.000921723 7.93311e-05 -0.00494886 0.00452016 -0.0150495 0.00285259 0.00153285 0.00122528 0.00963104 0.0178706 -0.0167189 0.000444012 0.000156786 -0.0338998
internal_weight=1017.6 366.568 46.8874 42.4563 32.9432 9.51313 651.035 319.681 113.64 58.6538 54.9862 206.041 197.953 645.408 54.886 41.8116 13.0744 590.522 585.548 5.62642
internal_count=4800 1689 216 196 151 45 3111 1473 515 266 249 958 921 3059 249 187 62 2810 2785 52
is_linear=0
shrinkage=0.05


Tree=115
num_leaves=11
num_cat=0
split_feature=0 2 0 2 2 5 5 3 6 2
split_gain=0.615589 2.03996 1.06377 1.01508 3.42378 2.95703 4.6053 3.77859 1.86325 0.949839
threshold=1512.3647570656201 7.7340967685997315 1380.2514108574589 7.0699709191333522 7.0227491607930173 7.2774371414928103 9.6803403557051606 85.792949371447079 1.0000000180025095e-35 4.112889639164754
decision_type=2 2 2 2 2 2 2 2 2 2
left_child=2 9 3 4 8 7 -7 -5 -1 -2
right_child=1 -3 -4 5 -6 6 -8 -9 -10 -11
leaf_value=0.0056858466394793146 -0.0076665210971259574 0.015295624140329861 0.02006807764837875 -0.0060707266187008113 0.045849054495850944 0.01079398918599161 -0.0062044834913532352 -0.048766738563736554 -0.00059384036613816568 -0.044085227313143856
leaf_weight=150.95176526531577 3.2430285140871984 4.4330956190824509 6.647308647632598 135.7514990195632 4.2381383851170531 79.154826924204826 80.234193902462721 5.3876387104392043 543.15308569185436 3.9969263672828674
leaf_count=729 19 23 34 606 19 368 394 25 2557 26
internal_value=-6.75178e-08 -0.0114161 0.000132462 -2.06428e-07 0.00104541 -0.00242993 0.0022372 -0.00770054 0.000771846 -0.027772
internal_weight=1017.19 11.6731 1005.52 998.871 698.343 300.528 159.389 141.139 694.105 7.23995
internal_count=4800 68 4732 4698 3305 1393 762 631 3286 45
is_linear=0
shrinkage=0.05


Tree=116
num_leaves=9
num_cat=0
split_feature=2 6 4 4 4 3 0 6
split_gain=0.610537 0.617509 0.716209 3.46801 3.19368 4.24301 1.57427 0.797811
threshold=9.9200355027848435 5.5000000000000009 0.78528309782223216 0.78047845536186056 0.79086886218748176 2.5971715010474155 1424.9623382273592 1.5000000000000002
decision_type=2 2 2 2 2 2 2 2
left_child=1 2 3 6 7 -6 -1 -4
right_child=-2 -3 4 -5 5 -7 -8 -9
leaf_value=8.6439868975572682e-05 -0.014073029452904718 -0.017555700925672227 0.015477148119061125 -0.033401635739309328 -0.021830488435324119 0.0036618348477340762 -0.02078179363913869 0.041695191391021354
leaf_weight=781.48799141123891 7.6490675806999198 4.9245955981314173 5.9353734925389272 7.9223061650991431 17.989479247480631 176.18424333631992 9.1432244814932329 5.6768313497304916
leaf_count=3556 36 26 31 37 93 938 58 25
internal_value=-1.78425e-07 0.000106478 0.000193081 -0.000484725 0.00282331 0.00130007 -0.00015489 0.0282943
internal_weight=1016.91 1009.26 1004.34 798.554 205.786 194.174 790.631 11.6122
internal_count=4800 4764 4738 3651 1087 1031 3614 56
is_linear=0
shrinkage=0.05


Tree=117
num_leaves=9
num_cat=0
split_feature=4 0 2 2 0 2 2 0
split_gain=0.568925 0.663254 2.18064 1.28045 0.979577 1.07257 3.10881 2.80544
threshold=0.96310984621626872 1512.3647570656201 7.7340967685997315 4.112889639164754 1380.2514108574589 7.0699709191333522 7.0227491607930173 33.488107759470147
decision_type=2 2 2 2 2 2 2 2
left_child=1 4 3 -3 5 6 -1 -7
right_child=-2 2 -4 -5 -6 7 -8 -9
leaf_value=0.00073384994806801847 0.015394179394606368 -0.0068026128676272049 0.015179608878666021 -0.050130021738155978 0.019132879409393563 -0.0189423148185652 0.043830746002228443 -0.0011525470630677503
leaf_weight=689.68786886520684 5.9665391221642485 3.2080409303307516 4.4320006221532822 3.6400458924472332 6.6766505986452094 24.105965070426464 4.2100361660122863 274.74681594967842
leaf_count=3259 38 19 23 25 34 116 19 1267
internal_value=-5.31758e-08 -9.09304e-05 -0.0121473 -0.029833 4.51444e-05 -8.32283e-05 0.000995329 -0.0025875
internal_weight=1016.67 1010.71 11.2801 6.84809 999.427 992.751 693.898 298.853
internal_count=4800 4762 67 44 4695 4661 3278 1383
is_linear=0
shrinkage=0.05


Tree=118
num_leaves=16
num_cat=0
split_feature=3 5 5 4 3 0 4 4 3 5 3 4 3 0 3
split_gain=0.564132 3.32072 7.56912 5.49395 3.94355 2.59495 4.06568 2.74975 2.37847 2.28168 2.13976 1.58856 1.36471 2.24124 1.20132
threshold=87.927798015473641 9.0598157721103139 10.209603116849186 0.62919190049494167 93.054265345654855 356.75408868425239 0.63595009787024848 0.5921467818698033 80.758034174830968 6.5819833810220425 77.713336443458317 0.65457703965936231 71.073572223101039 149.01853846004769 63.327402363425811
decision_type=2 2 2 2 2 2 2 2 2 2 2 2 2 2 2
left_child=8 4 -3 -4 -2 7 -7 -6 10 -10 12 -11 14 -14 -1
right_child=1 2 3 -5 5 6 -8 -9 9 11 -12 -13 13 -15 -16
leaf_value=0.0002162071657688979 -0.037255358302972073 -0.068582175119273323 0.038333484130069477 -0.031738596586319355 -0.026947191929685629 0.064525307375579585 0.0021748483059390485 0.013397821159179714 -0.0018843758234954569 0.057837927609499795 -0.025505376668262456 0.01517631506121766 -0.01174586225840827 0.024585078770637925 -0.010299835038474092
leaf_weight=893.45133641734719 4.982793226838111 5.9598951861262348 5.2685506641864759 5.9635398983955383 6.3826214969158235 4.8235688954591733 5.708996370434761 12.483581170439718 6.8900155723094931 4.3842112123966199 8.181984990835188 4.3442851305007935 6.1847858428955105 13.534476816654204 28.009213142096996
leaf_count=4237 23 27 23 28 28 22 26 57 31 20 36 21 30 60 131
internal_value=-1.53945e-07 -0.00509512 -0.0230372 0.00112958 0.00387655 0.010848 0.0307293 -0.000251293 0.000272147 0.0196255 -4.62456e-05 0.0366047 0.000175079 0.0131902 -0.000103444
internal_weight=1016.55 51.5735 17.192 11.2321 34.3816 29.3988 10.5326 18.8662 964.98 15.6185 949.362 8.7285 941.18 19.7193 921.461
internal_count=4800 234 78 51 156 133 48 85 4566 72 4494 41 4458 90 4368
is_linear=0
shrinkage=0.05


Tree=119
num_leaves=25
num_cat=0
split_feature=0 5 5 5 5 2 5 2 2 0 3 4 3 5 3 4 5 5 3 0 3 5 5 0
split_gain=0.580445 2.26103 6.41428 4.5075 4.14303 3.57386 3.92149 3.05578 4.44902 2.7162 4.71379 2.61612 1.19128 5.22876 3.53766 5.3332 3.21243 3.1432 5.07876 6.03114 4.21316 3.85539 3.49643 2.44018
threshold=155.80533392645404 10.855013400629828 10.090765076995465 14.145031592390097 14.803882806893833 8.8178561928495736 11.253231699926621 1.2713060505236264 5.675187164534953 145.01135950811897 15.445581087850128 0.87904272199694033 23.496786587258043 14.036294205954377 24.67493704119476 0.61740636912689817 12.66393002024048 9.1898458614200518 6.9969267979718381 182.75915118371603 22.57845783513477 9.8938397775169289 7.4281809116773214 350.23957520066045
decision_type=2 2 2 2 2 2 2 2 2 2 2 2 2 2 2 2 2 2 2 2 2 2 2 2
left_child=1 2 9 5 -5 6 -3 -4 -9 11 -11 -1 17 14 15 -14 -16 20 19 -19 22 -20 -2 -15
right_child=12 3 7 4 -6 -7 -8 8 -10 10 -12 -13 13 23 16 -17 -18 18 21 -21 -22 -23 -24 -25
leaf_value=-0.00075402704953017098 -0.00069391904993399691 -0.040645039680825445 0.072063510994761756 0.059611425998505635 -0.0050376177907167259 -0.057784594976644871 -0.0024193078433472994 -0.0095266364924490414 0.039536898166311264 -0.014553563604669069 0.044013514602075955 0.029116570515607738 0.017992827826270159 -0.060031616781109479 -0.0020790678550131622 -0.057324558628027128 0.022956115366894798 -0.064960454935188039 -0.033656179825531922 0.012867576598601608 0.045314327211813776 -0.0070571768776667423 0.01270872716005658 -0.012169533805677904
leaf_weight=257.60042913258076 165.78170008957386 8.241561107337473 3.4495800361037281 4.3796213865280134 5.7080562710762024 4.1999189965426913 36.088251739740372 7.415287438780072 12.259181659668682 5.4775061756372443 9.216199077665804 7.5447875782847396 3.6333841644227487 5.6665454655885679 267.14390305243433 6.6560862883925438 13.459211423993109 2.6572444140911093 18.442115090787411 39.371564660221338 6.1047820448875418 52.135840967297554 68.879282802343369 5.0242178607732058
leaf_count=1201 765 43 20 22 28 22 188 38 65 25 43 60 18 28 1227 33 64 13 87 189 27 249 319 26
internal_value=-2.5119e-07 0.00160777 0.00334693 -0.00738104 0.0230301 -0.0137025 -0.00952603 0.0286557 0.0210449 0.00125558 0.0221809 9.59499e-05 -0.000887991 -0.00319625 -0.00193412 -0.0307287 -0.000878248 0.00108198 -0.00581335 0.00794695 0.00430694 -0.0140075 0.00324012 -0.0375384
internal_weight=1016.54 361.58 302.963 58.6174 10.0877 48.5297 44.3298 23.124 19.6745 279.839 14.6937 265.145 654.956 301.583 290.893 10.2895 280.603 353.373 112.607 42.0288 240.766 70.578 234.661 10.6908
internal_count=4800 1755 1452 303 50 253 231 123 103 1329 68 1261 3045 1396 1342 51 1291 1649 538 202 1111 336 1084 54
is_linear=0
shrinkage=0.05


Tree=120
num_leaves=22
num_cat=0
split_feature=0 3 5 0 3 3 5 4 0 5 3 0 3 2 2 4 0 2 2 0 2
split_gain=0.572958 2.75568 3.61677 2.26661 2.9846 4.0686 5.12691 2.8903 6.43247 2.26706 2.20935 3.40553 3.82325 2.72181 6.4451 5.30379 2.18295 2.98033 3.64712 1.88827 1.95727
threshold=318.17686993500365 106.01314248378942 8.8636634976218698 270.47785203020834 30.212287806720159 3.4674210310985649 4.3247055481100523 0.65312427761033043 285.38394547950764 7.8493441398202526 10.68255047576738 330.35622204022519 12.553336728642323 4.9469293484225343 5.4035810925874666 0.74242236336693457 243.61786116048305 8.5620343439582012 5.9807776267652493 239.46196855736295 7.986665055760489
decision_type=2 2 2 2 2 2 2 2 2 2 2 2 2 2 2 2 2 2 2 2 2
left_child=3 10 -3 16 5 -5 -7 8 -6 -9 13 -12 -13 15 -15 -2 19 18 -18 20 -1
right_child=1 2 -4 4 7 6 -8 9 -10 -11 11 12 -14 14 -16 -17 17 -19 -20 -21 -22
leaf_value=0.0020251323261831571 -0.01417070186158078 0.048180014000515546 -0.010492731151045837 -0.028304441096264156 0.026024740678730202 -0.014996010826750809 0.036251641175016162 -0.0059644222764101331 -0.04904798889139475 0.036547785981748147 -0.037598950306639498 -0.024775549445461613 -0.00197576663408726 0.064154585919103016 0.0059393148833980927 0.017307743024630336 -0.0066112158821412907 0.020679461502988966 -0.044292515758810297 0.0250451937778579 -0.0058049594860043914
leaf_weight=393.69628026336432 41.829238390550017 6.2532336115837079 4.5288222581148148 3.892864614725112 4.6119189858436602 6.1036076545715359 24.350282307714224 6.748102203011511 7.4829479157924652 5.8586541712284088 7.5760640129446974 19.813925750553608 255.3185079805553 5.1674349904060355 59.481990318745375 19.675687953829765 20.668554231524471 5.8559824228286734 9.3158814609050733 7.9210905432701102 100.10243919119239
leaf_count=1896 199 28 20 18 20 27 112 31 33 29 34 92 1204 25 274 89 95 26 41 36 471
internal_value=4.47659e-07 -0.00141513 0.0235355 0.000996143 0.0102949 0.0198279 0.0259805 -0.00296042 -0.0204218 0.013792 -0.0020731 -0.00452835 -0.00361771 0.00342905 0.0105925 -0.00410061 -2.52769e-05 -0.0119466 -0.0183184 0.000826321 0.000437823
internal_weight=1016.25 419.645 10.7821 596.609 59.0484 34.3468 30.4539 24.7016 12.0949 12.6068 408.863 282.708 275.132 126.154 64.6494 61.5049 537.56 35.8404 29.9844 501.72 493.799
internal_count=4800 1965 48 2835 270 157 139 113 53 60 1917 1330 1296 587 299 288 2565 162 136 2403 2367
is_linear=0
shrinkage=0.05


Tree=121
num_leaves=22
num_cat=0
split_feature=6 2 0 5 2 2 3 2 4 3 5 0 5 5 0 3 2 5 2 5 3
split_gain=0.575304 1.46052 3.22446 2.64874 2.36574 1.56125 1.49328 5.07368 2.67503 1.41178 5.83741 4.21173 5.45994 3.7974 2.97544 3.14601 2.20543 1.98877 1.92984 1.05162 0.325084
threshold=1.5000000000000002 0.34714535056309398 205.01266286179009 8.9141768026418138 0.50330061050110242 0.19419027748152681 40.700360678449861 0.95384904913168322 0.85954057153654895 48.891770254449959 3.1706414694628222 292.85626003737121 9.3134041703925217 10.209603116849186 27.16900903193692 46.846004720566562 2.9679053458660327 7.0951870830343902 0.72178389779581809 2.1378003459746679 12.392111010534331
decision_type=2 2 2 2 2 2 2 2 2 2 2 2 2 2 2 2 2 2 2 2 2
left_child=1 2 5 -4 20 -1 8 -8 -6 14 19 13 -13 -12 16 18 -2 -18 -16 -11 -3
right_child=9 4 3 -5 6 -7 7 -9 -10 10 11 12 -14 -15 15 -17 17 -19 -20 -21 -22
leaf_value=-0.014864115939377623 -0.037856510605476845 0.039540436096298426 0.029698936146887806 -0.019208793927123782 -0.0015963689937212114 -0.057604994928398705 0.05185773874173169 0.0036158684762600981 0.014122843685170638 -0.027294288213985086 -0.00051860602255302077 -0.0022479012099675083 -0.045889829444188943 0.033517193500201395 0.013994168286462931 0.037009405979271569 0.014941902549514366 -0.019503406141672425 -0.00042255356400094961 -0.060461402032292812 0.019240694089897162
leaf_weight=4.4512056112289446 8.1119155660271662 3.6784161776304236 5.5906203091144544 5.4838971123099327 365.89935887232423 4.1089465543627739 5.6773202717304221 136.25447028502822 29.226757273077965 4.7865220308303815 38.613773040473461 21.969850338995457 10.636380456387995 10.402943074703215 25.139785056933761 6.0702420324087134 6.7650726735591915 11.011018872261046 302.84871140494943 4.7731382101774216 4.2519151270389557
leaf_count=23 37 19 26 25 1697 20 28 633 178 21 173 103 51 50 119 28 30 53 1443 21 22
internal_value=4.98774e-07 0.00106414 -0.0123334 0.00548073 0.00154683 -0.0353801 0.00114652 0.00554556 -0.000433648 -0.00133073 -0.00688806 -0.00255854 -0.0164842 0.0067049 7.70628e-05 0.00134257 -0.016253 -0.00639451 0.000682465 -0.0438546 0.0286566
internal_weight=1015.75 564.623 19.6347 11.0745 544.988 8.56015 537.058 141.932 395.126 451.129 91.1826 81.6229 32.6062 49.0167 359.947 334.059 25.888 17.7761 327.988 9.55966 7.93033
internal_count=4800 2671 94 51 2577 43 2536 661 1875 2129 419 377 154 223 1710 1590 120 83 1562 42 41
is_linear=0
shrinkage=0.05


Tree=122
num_leaves=16
num_cat=0
split_feature=3 5 5 4 3 3 0 4 4 5 3 4 3 0 3
split_gain=0.573763 2.89625 6.91386 4.98384 3.4344 2.14472 2.14428 3.66231 2.46048 2.01006 1.97703 1.39988 1.27124 2.06521 1.05516
threshold=87.927798015473641 9.0598157721103139 10.209603116849186 0.62919190049494167 93.054265345654855 80.758034174830968 356.75408868425239 0.63595009787024848 0.5921467818698033 6.5819833810220425 77.713336443458317 0.65457703965936231 71.073572223101039 149.01853846004769 63.327402363425811
decision_type=2 2 2 2 2 2 2 2 2 2 2 2 2 2 2
left_child=5 4 -3 -4 -2 10 8 -8 -6 -7 12 -11 14 -14 -1
right_child=1 2 3 -5 6 9 7 -9 -10 11 -12 -13 13 -15 -16
leaf_value=0.00021570735522053781 -0.035300414006731728 -0.065569474639313383 0.036605401033621539 -0.030205425553443233 -0.025642801939430072 -0.0015497724967832912 0.059944055576402783 0.00064888261439437092 0.012596294133310079 0.054380710517460899 -0.024550757340969016 0.01432317128180053 -0.011174003563574305 0.023700828551112531 -0.0096454434050038101
leaf_weight=892.40334448032081 4.94172778725624 5.9331353753805187 5.2645069211721403 5.9417198300361633 6.3590536713600221 6.8789304643869391 4.8151915818452817 5.6710300669074059 12.428838178515432 4.4156183302402479 8.1480151116847974 4.3097856268286705 6.1880700066685703 13.519276380538939 27.97740937769413
leaf_count=4237 23 27 23 28 28 31 22 26 57 20 36 21 30 60 131
internal_value=6.34774e-07 -0.00514894 -0.0219259 0.00118124 0.00325493 0.000275014 0.00976341 0.0278768 -0.000346322 0.0186611 -2.75501e-05 0.0345949 0.000185 0.0127502 -8.40484e-05
internal_weight=1015.2 51.3552 17.1394 11.2062 34.2158 963.84 29.2741 10.4862 18.7879 15.6043 948.236 8.7254 940.088 19.7073 920.381
internal_count=4800 234 78 51 156 4566 133 48 85 72 4494 41 4458 90 4368
is_linear=0
shrinkage=0.05


Tree=123
num_leaves=17
num_cat=0
split_feature=0 0 3 2 5 5 2 5 0 2 0 4 3 2 4 6
split_gain=0.587196 2.43471 3.22539 4.73431 2.33684 2.44946 1.94674 1.68445 1.58104 1.43318 1.33111 5.70524 3.22109 1.16936 2.89015 1.15196
threshold=646.17304618821038 612.82022951454326 37.295622588241436 3.4816936821916129 2.9772764818245938 4.3247055481100523 0.16977598944255043 12.396431301494109 841.96854762410464 5.5632581562683239 572.9017584609993 0.76383880747598953 25.617543023594184 0.1332030497602055 0.65613217137700008 1.0000000180025095e-35
decision_type=2 2 2 2 2 2 2 2 2 2 2 2 2 2 2 2
left_child=1 10 3 -3 9 8 -7 -8 -6 -2 13 12 -12 14 -1 -15
right_child=4 2 -4 -5 5 6 7 -9 -10 -11 11 -13 -14 15 -16 -17
leaf_value=-0.045433550268657669 0.03081348600839099 0.042920822236316748 0.053970830038857359 -0.026633366002511396 -0.0097305741977977891 0.040378871191834052 -0.0058153000402820787 0.011563801177536873 -0.050559618250889483 -0.00039911942393567272 -0.049214348953743131 0.036931853854924444 -0.0044648524319540629 0.0042580142352734328 0.012387995046816157 -0.00031326921228518002
leaf_weight=4.5200842618942243 7.8544583916664106 4.4026865363121015 4.8680723011493674 5.5063540115952492 4.9689131155610067 2.5423235297203055 119.28841562196612 15.787899024784563 4.5351706817746162 6.9160900115966797 7.8758065551519456 4.5711218714714041 8.2166101057082397 176.17493525892496 4.1410333290696144 632.96758729591966
leaf_count=21 38 20 21 27 25 11 587 77 26 35 41 22 39 848 23 2939
internal_value=5.15764e-07 0.00052433 0.0206433 0.00427026 -0.0027602 -0.00466359 -0.00296816 -0.00378401 -0.0292134 0.0161986 0.000169754 -0.0123633 -0.0263658 0.000486427 -0.017788 0.000682038
internal_weight=1015.14 853.244 14.7771 9.90904 161.893 147.123 137.619 135.076 9.50408 14.7705 838.467 20.6635 16.0924 817.804 8.66112 809.143
internal_count=4800 4001 68 47 799 726 675 664 51 73 3933 102 80 3831 44 3787
is_linear=0
shrinkage=0.05


Tree=124
num_leaves=13
num_cat=0
split_feature=0 0 0 5 4 5 5 5 5 2 4 4
split_gain=0.563374 4.04366 3.9129 2.11505 2.02811 1.14448 2.31272 6.3829 6.18087 1.06058 0.825142 0.961666
threshold=92.177834203878589 94.965732694402234 85.530713386802219 6.5819833810220425 0.63732818549136894 14.145031592390097 10.855013400629828 11.212122709281655 10.178274040031772 9.9200355027848435 0.96310984621626872 0.90007348229249839
decision_type=2 2 2 2 2 2 2 2 2 2 2 2
left_child=2 -2 5 -4 -5 6 8 -8 -1 10 11 -3
right_child=1 9 3 4 -6 -7 7 -9 -10 -11 -12 -13
leaf_value=-0.00035030926581588692 -0.036048580690913913 3.5121175589384204e-05 0.0062237343275769047 0.019473079512134332 0.06903818071795105 0.024104533777496981 -0.068764564972038339 -0.0028845742489816296 0.04046109141437898 -0.022817665444446664 0.019516162840753894 -0.011127394985669005
leaf_weight=168.16489294171333 7.9760162085294715 751.95055022835732 6.8338108807802191 4.2002416923642141 4.0576462969183922 4.9864802062511435 4.4238802418112781 21.766720712184906 9.8191113620996457 5.1790989786386481 5.3155398666858664 19.802925281226635
leaf_count=814 36 3489 30 19 23 26 24 115 56 24 32 112
internal_value=1.33496e-07 -0.000627551 0.00221197 0.0267999 0.0438277 0.000437869 -0.000140133 -0.0140124 0.00190119 -0.000266388 -0.000116086 -0.000251305
internal_weight=1014.48 790.224 224.253 15.0917 8.25789 209.161 204.175 26.1906 177.984 782.248 777.069 771.753
internal_count=4800 3693 1107 72 42 1035 1009 139 870 3657 3633 3601
is_linear=0
shrinkage=0.05


Tree=125
num_leaves=13
num_cat=0
split_feature=6 0 0 5 2 5 5 5 4 2 5 3
split_gain=0.556614 0.62715 2.69814 3.12219 1.99225 1.71565 1.60653 1.33381 4.37241 4.86476 2.55935 1.19125
threshold=5.5000000000000009 150.85849719158952 143.1719897472415 6.8826362754542956 0.082083245615460224 9.7461038730094174 10.855013400629828 2.3265950694144224 0.55993347657616555 5.2456105795806973 2.6295249645106207 71.073572223101039
decision_type=2 2 2 2 2 2 2 2 2 2 2 2
left_child=1 2 4 -4 -1 -5 -6 8 -3 -10 -9 -12
right_child=-2 7 3 5 6 -7 -8 10 9 -11 11 -13
leaf_value=0.042324845345713707 -0.016856305469569181 -0.028057932720372648 0.049762531103201169 -0.020388009315442164 0.0020380561216778821 0.024873463490970898 -0.0074291041972459702 -0.03069023969861023 0.031727759097146639 -0.0044115026680061767 -0.001766785712520197 0.0060206239124168583
leaf_weight=2.8744123801589003 4.8735595215111962 7.2305921986699095 6.1962688267230979 4.0593379363417608 279.30749121308327 4.3237552642822266 53.374649852514267 7.3843524083495131 19.448269888758659 17.866766467690468 553.49789809435606 53.889826014637947
leaf_count=16 26 36 29 19 1341 24 275 36 89 81 2587 241
internal_value=6.11483e-07 8.19953e-05 0.00179217 0.0228492 0.000877282 0.00295654 0.00051917 -0.000826209 0.00752835 0.014424 -0.00143157 -0.00107586
internal_weight=1014.33 1009.45 350.136 14.5794 335.557 8.38309 332.682 659.318 44.5456 37.315 614.772 607.388
internal_count=4800 4774 1704 72 1632 43 1616 3070 206 170 2864 2828
is_linear=0
shrinkage=0.05


Tree=126
num_leaves=17
num_cat=0
split_feature=3 3 2 4 0 0 2 3 3 5 4 0 4 3 2 3
split_gain=0.576794 2.76476 4.51234 4.78751 3.365 3.35886 2.83563 1.88984 1.83801 1.79037 1.66965 1.26016 1.22934 1.08043 2.04969 0.967921
threshold=87.927798015473641 106.01314248378942 2.2693212049219027 0.72391067350277527 356.75408868425239 133.6104416404051 5.4790894026326553 80.758034174830968 77.713336443458317 6.5819833810220425 0.63595009787024848 47.366333629894477 0.65457703965936231 71.073572223101039 7.120687083567554 63.327402363425811
decision_type=2 2 2 2 2 2 2 2 2 2 2 2 2 2 2 2
left_child=7 2 -2 6 5 11 -4 8 13 -9 -6 -3 -11 15 -15 -1
right_child=1 4 3 -5 10 -7 -8 9 -10 12 -12 -13 -14 14 -16 -17
leaf_value=0.00023555943285823026 0.022011369010050661 -0.0047133748810113778 -0.043861941726748455 -0.070264181200066653 0.049423582619367412 -0.03026293391842165 0.0050117247484292027 -0.0015832776357332361 -0.023674983818368477 0.050941429451732925 0.0086351624626264025 0.031992830551859912 0.013444258497127015 0.02095099235426251 -0.016601824488729822 -0.0092120091197124519
leaf_weight=891.33800989575684 5.4353054761886623 4.8131754845380836 4.7580181956291216 5.2271589785814276 4.916403800249098 8.5263544321060163 7.8880147263407707 6.8637028038501731 8.1334824562072736 4.4522624611854535 5.1236774548888206 4.5472574830055237 4.2938677594065666 14.886081218719484 4.8070487380027762 27.961096949875355
leaf_count=4237 26 22 21 25 21 37 36 31 36 20 24 22 21 68 22 131
internal_value=7.36593e-07 -0.00516862 -0.0178822 -0.030014 0.00544246 -0.00756084 -0.0133768 0.000275842 -8.5548e-06 0.0175316 0.0286083 0.0131183 0.0325324 0.000196442 0.0117844 -5.17947e-05
internal_weight=1013.97 51.2354 23.3085 17.8732 27.9269 17.8868 12.646 962.736 947.126 15.6098 10.0401 9.36043 8.74613 938.992 19.6931 919.299
internal_count=4800 234 108 82 126 81 57 4566 4494 72 45 44 41 4458 90 4368
is_linear=0
shrinkage=0.05


Tree=127
num_leaves=17
num_cat=0
split_feature=6 2 2 0 3 2 6 2 5 3 3 5 5 3 3 0
split_gain=0.528308 2.38366 5.62728 1.22547 0.770547 5.21156 5.53984 2.78562 2.58671 1.30979 3.19704 5.65006 1.22481 1.22269 10.4466 5.35037
threshold=4.5000000000000009 3.5217045354433414 5.4790894026326553 277.06914037065491 1.2848002752890657 8.3927421315079425 1.0000000180025095e-35 5.9807776267652493 8.2276101733608993 2.9855256568733322 2.5971715010474155 10.543792137367438 9.7868956392367092 6.483779017145177 6.9969267979718381 249.39539287213569
decision_type=2 2 2 2 2 2 2 2 2 2 2 2 2 2 2 2
left_child=4 -2 -3 -4 5 6 8 -8 -1 10 11 -6 -12 15 -15 -11
right_child=1 2 3 -5 9 -7 7 -9 -10 13 12 -13 -14 14 -16 -17
leaf_value=0.042619055411377796 -0.035310556915071123 0.052050391368752169 -0.039839231464318843 -0.0030008761474548664 -0.0082028356495024626 0.032958636658510551 -0.016898207225375019 -0.055008882685504773 -0.0090486659582538383 -0.016912591328294497 0.043467363540938719 0.038928351438065639 0.0089062502853156211 0.047719881181687081 -2.2550243814486225e-05 0.0060639185799586772
leaf_weight=5.0946476981043798 5.7028971984982517 4.1047257781028739 3.8472364321351034 5.4636899381875992 30.918112196028233 7.0231240205466738 19.620634905993942 6.3454512730240813 4.6183648258447647 49.520814973860979 7.4779776781797391 8.0052202343940717 3.9006994068622589 11.62685316801071 788.69444273412228 51.882336713373661
leaf_count=26 30 19 19 31 148 33 95 30 22 239 35 38 20 57 3718 240
internal_value=7.39131e-07 -0.00823215 0.00327869 -0.0182223 0.000158974 -0.0064118 -0.0141615 -0.0262115 0.018052 0.0004537 0.00830588 0.00149046 0.0316195 1.56719e-05 0.000671039 -0.00515679
internal_weight=1013.85 19.1185 13.4157 9.31093 994.729 42.7022 35.6791 25.9661 9.71301 952.026 50.302 38.9233 11.3787 901.724 800.321 101.403
internal_count=4800 99 69 50 4701 206 173 125 48 4495 241 186 55 4254 3775 479
is_linear=0
shrinkage=0.05


Tree=128
num_leaves=21
num_cat=0
split_feature=0 0 3 3 0 3 4 0 5 2 2 0 3 4 4 0 2 4 0 2
split_gain=0.559875 2.89233 2.50185 2.12107 1.91809 2.96636 3.10947 7.55112 2.10925 3.6206 2.22012 1.93665 2.7284 3.04821 1.76328 1.72938 1.78566 1.6238 1.58786 1.30882
threshold=322.10939941068466 330.35622204022519 106.01314248378942 96.525851681495766 270.47785203020834 28.078830917727807 0.65312427761033043 285.38394547950764 5.3711892624568582 5.2764426987398947 3.1380320989835346 243.61786116048305 37.656739667265136 0.80411071249207744 0.61849572719154866 239.46196855736295 7.986665055760489 0.63595009787024848 296.63174390801851 6.6976977384774834
decision_type=2 2 2 2 2 2 2 2 2 2 2 2 2 2 2 2 2 2 2 2
left_child=4 -2 3 14 11 8 7 -7 10 -10 -6 15 13 -13 -3 16 -1 -4 -8 -14
right_child=1 2 17 -5 5 6 18 -9 9 -11 -12 12 19 -15 -16 -17 -18 -19 -20 -21
leaf_value=0.0019603363757908451 -0.030576524183082539 -0.0057523563295586826 0.043704873708262343 -0.035542887222540176 -0.028159117839622272 0.028286036495964614 -0.0028594341681229857 -0.050505026331815875 0.0454511874696105 0.0082318751781532522 0.01980493352095692 -0.010342461335174042 -0.047804826499788643 0.034940932595408855 0.0013434263727313039 0.024069453427170064 -0.0055225766222173484 0.0041975645578533711 0.031088658521229873 -0.01319658268810092
leaf_weight=392.94879639148712 8.3305385038256627 132.33001164346933 5.0552145689725858 4.5103521719574919 4.2853637486696226 4.867782428860667 7.303885415196417 8.1023480147123319 12.522469550371172 13.663557156920431 5.5206044167280197 20.241835802793506 5.9612155854701978 4.5519749969243994 258.72616387158632 7.8682440221309653 100.01811235770583 5.3569542840123177 6.5185690820217133 5.0429421365261078
leaf_count=1896 36 669 22 21 20 21 34 36 58 63 24 88 27 25 1174 36 471 25 32 22
internal_value=8.17121e-07 -0.00141256 -0.000814124 -0.00145093 0.000977723 0.00924671 -0.00334982 -0.0209342 0.0186236 0.0260306 -0.00115612 1.02749e-05 -0.0112248 -0.00202874 -0.00105772 0.000813318 0.000442127 0.0233788 0.0131502 -0.0319447
internal_weight=1013.73 414.309 405.979 395.567 599.418 62.7846 26.7926 12.9701 35.992 26.186 9.80597 536.633 35.798 24.7938 391.056 500.835 492.967 10.4122 13.8225 11.0042
internal_count=4800 1947 1911 1864 2853 288 123 57 165 121 44 2565 162 113 1843 2403 2367 47 66 49
is_linear=0
shrinkage=0.05


Tree=129
num_leaves=18
num_cat=0
split_feature=0 0 3 2 2 5 5 2 0 0 6 0 4 3 2 2 2
split_gain=0.542167 2.21519 3.63262 4.55607 2.12787 2.45417 2.73369 2.14117 2.0046 1.4921 1.32171 1.19823 5.20955 2.97317 1.22081 3.6571 3.18162
threshold=646.17304618821038 612.82022951454326 39.439807305591621 3.4816936821916129 9.6138245570228822 2.9772764818245938 4.3247055481100523 9.3375637381856524 841.96854762410464 1025.4266389061497 1.5000000000000002 572.9017584609993 0.76383880747598953 25.617543023594184 5.441400756188707 5.3335476443926249 5.8902487723084374
decision_type=2 2 2 2 2 2 2 2 2 2 2 2 2 2 2 2 2
left_child=1 11 3 -3 5 9 8 -8 -7 10 -2 14 13 -13 15 -1 -16
right_child=4 2 -4 -5 -6 6 7 -9 -10 -11 -12 12 -14 -15 16 -17 -18
leaf_value=-0.00068158145065387902 0.045118989898595321 0.040970208756535675 0.056119831203112813 -0.026857244006749017 -0.03098510163167352 -0.0093818468337231384 -0.0028447755546840529 0.033664351690550785 -0.057471907488097898 -0.0060157448053502656 0.0082929022666690597 -0.04753250486603719 0.035555280252575205 -0.0042795003811258161 0.017489806320877155 -0.032811339160312168 0.0011346652351603267
leaf_weight=424.44292828440666 5.5692057311534864 4.3987657278776151 4.6785018071532241 5.6634945273399353 6.3671068623661986 4.9394620656967145 127.80510650575161 4.14624099433422 3.8607179000973701 4.3891669213771811 4.3315177708864212 7.7149954028427628 4.5229829996824256 8.1915940567851049 32.492370527237654 9.0452354624867422 350.50159734860063
leaf_count=2025 25 20 20 28 34 25 627 19 23 23 23 41 22 39 152 44 1610
internal_value=9.00737e-07 0.00050446 0.0197187 0.00279385 -0.00265607 -0.00149268 -0.00349709 -0.00169757 -0.0304794 0.0182502 0.0290078 0.000166034 -0.0117943 -0.025258 0.000465299 -0.00135201 0.0025222
internal_weight=1013.06 851.652 14.7408 10.0623 161.409 155.041 140.752 131.951 8.80018 14.2899 9.90072 836.912 20.4296 15.9066 816.482 433.488 382.994
internal_count=4800 4001 68 48 799 765 694 646 48 71 48 3933 102 80 3831 2069 1762
is_linear=0
shrinkage=0.05


Tree=130
num_leaves=16
num_cat=0
split_feature=3 5 5 4 3 3 3 5 0 0 3 3 3 0 5
split_gain=0.534551 2.57195 5.76883 4.15576 3.07624 1.71358 1.67536 1.57 1.36386 3.08516 2.62049 1.12108 0.991796 1.8776 0.957924
threshold=87.927798015473641 9.0359054585229117 10.33855204028065 0.62919190049494167 93.054265345654855 80.758034174830968 77.713336443458317 6.5819833810220425 356.75408868425239 462.81428708816111 116.24299013652934 83.205039841268089 71.073572223101039 149.01853846004769 10.962443237175515
decision_type=2 2 2 2 2 2 2 2 2 2 2 2 2 2 2
left_child=5 4 -3 -4 -2 6 12 -7 10 -10 -6 -9 14 -14 -1
right_child=1 2 3 -5 8 7 -8 11 9 -11 -12 -13 13 -15 -16
leaf_value=0.00066712100697480128 -0.03348116447502382 -0.054904593939013216 0.034648776779312711 -0.028765400976328476 0.019440728828852453 -0.0012178903112060162 -0.022632011757658711 0.048995265807308931 0.054540333426876197 -0.00082039675826964741 -0.018254593600713326 0.013188815473779262 -0.011513493797409832 0.021782954275106004 -0.0036957969123008715
leaf_weight=767.65555910952389 4.8999221920967093 7.1892106086015728 5.245624363422392 5.09091417491436 9.5777960866689735 6.8538998365402213 8.1112018376588804 4.287957236170767 4.576569661498068 5.5910552889108658 8.8897840082645398 4.4594748243689537 6.1771844774484661 13.459208086133001 150.47113053314388
leaf_count=3617 23 33 23 24 44 31 36 20 21 26 40 21 30 60 751
internal_value=5.24045e-07 -0.00498469 -0.0205074 0.00341626 0.00312763 0.000265273 -5.81903e-06 0.016701 0.00939196 0.0240981 0.00129524 0.030741 0.000189887 0.0113086 -4.79145e-05
internal_weight=1012.54 51.0609 17.5257 10.3365 33.5351 961.476 945.874 15.6013 28.6352 10.1676 18.4676 8.74743 937.763 19.6364 918.127
internal_count=4800 234 80 47 154 4566 4494 72 131 47 84 41 4458 90 4368
is_linear=0
shrinkage=0.05


Tree=131
num_leaves=12
num_cat=0
split_feature=4 0 0 0 5 4 2 3 2 2 4
split_gain=0.519327 0.574554 3.642 3.56543 1.99485 2.545 1.39743 3.46792 1.59109 0.897526 0.87212
threshold=0.96310984621626872 92.177834203878589 94.965732694402234 85.530713386802219 6.5819833810220425 0.63595009787024848 0.67840467230281654 9.0277827559233401 0.87477831557004737 9.9200355027848435 0.90007348229249839
decision_type=2 2 2 2 2 2 2 2 2 2 2
left_child=1 3 -3 6 -5 -6 7 -1 -8 10 -4
right_child=-2 2 9 4 5 -7 8 -9 -10 -11 -12
leaf_value=-0.018598852517329442 0.014801654351537526 -0.034299077653583213 3.50936561818807e-05 0.0058089501946737392 0.013687800087508235 0.069678809011040024 -0.030121738883903973 0.03103011917010258 -1.6585192954022763e-05 -0.021180851987887044 -0.01058434727813065
leaf_weight=5.2482552453875533 5.8919317647814742 7.9944414347410193 750.27449260465801 6.8241904675960532 3.9469548165798169 4.1776326894760132 4.4938355684280387 10.688987478613852 187.90061425417662 5.150305598974227 19.845001310110092
leaf_count=27 38 36 3489 30 18 24 24 58 920 24 112
internal_value=5.46701e-07 -8.60934e-05 -0.000723902 0.00215133 0.0257385 0.0424782 0.000458838 0.0146869 -0.000719764 -0.000377681 -0.000238556
internal_weight=1012.44 1006.54 783.264 223.28 14.9488 8.12459 208.332 15.9372 192.394 775.27 770.119
internal_count=4800 4762 3661 1101 72 42 1029 85 944 3625 3601
is_linear=0
shrinkage=0.05


Tree=132
num_leaves=25
num_cat=0
split_feature=6 5 5 4 4 5 2 5 2 2 3 5 5 4 0 4 4 5 3 2 0 6 0 4
split_gain=0.502046 2.04679 6.28135 4.75352 7.01106 4.76326 2.96 2.42658 5.58951 3.64847 1.56559 1.04097 5.2411 5.72479 6.04078 3.01734 7.03053 3.94775 2.876 1.81684 2.77112 1.80609 3.24457 2.34574
threshold=2.5000000000000004 5.0516435950119192 5.6881389514814602 0.54615597938954441 0.61849572719154866 3.2722338282937495 7.2732845809597721 8.9755960615693784 0.6387040972451431 1.0841979854773871 16.735604425751333 8.6450819786925361 8.4264750241708928 0.58531621865059891 172.25507296617019 0.77013154588457466 0.73178998668301787 9.3445894328523114 27.776196306246344 9.6720823988570235 54.203670177324192 1.5000000000000002 58.279423182395142 0.7957656028301322
decision_type=2 2 2 2 2 2 2 2 2 2 2 2 2 2 2 2 2 2 2 2 2 2 2 2
left_child=11 3 10 5 -5 -2 -6 9 -9 -4 -3 12 21 -14 -15 16 17 -13 -18 20 -17 23 -23 -1
right_child=1 2 7 4 6 -7 -8 8 -10 -11 -12 15 13 14 -16 19 18 -19 -20 -21 -22 22 -24 -25
leaf_value=0.0040213373255352349 0.0045402579313396458 -0.018633346194665688 -0.03511628463776742 -0.052747714804967843 0.019035313166982808 0.080397500475190842 -0.015237680012240441 0.049950242366620816 -0.012236044063343214 0.0081368074030099737 -0.057720120857661907 0.015091023284026457 -0.07106391297006337 0.026672962095229513 -0.043352330052036543 0.049806903863860073 -0.042577273523167425 -0.00084887554717380422 -0.0075186390006723273 -0.021719642300582091 0.010674842025189209 -0.021871377767155462 -0.0013832040470513997 -0.0075945597478706637
leaf_weight=278.29985932260752 4.2755714468657953 4.2684430480003339 5.3045057058334342 5.4907722771167746 20.921877011656765 4.0106045976281166 9.0140498951077443 3.8253928925842038 65.226646859198809 60.280211556702852 6.4077293053269386 50.619289457798004 5.3080717772245434 6.0534400716423971 6.269569918513298 4.8539323844015589 12.333848498761656 166.97257715463638 11.127271234989164 3.8981951028108588 66.572186421602964 22.4983119815588 136.94785134494305 51.50636413320899
leaf_count=1260 24 20 26 26 95 20 43 20 330 295 32 225 24 31 29 42 60 761 54 20 374 101 613 275
internal_value=9.23633e-07 -0.00232287 -0.00517651 0.00716334 -0.000810813 0.041256 0.00871532 -0.00224918 -0.008791 0.00463849 -0.0420928 0.000534482 -0.000870173 -0.0276528 -0.00895376 0.00278495 5.54001e-05 0.00285929 -0.0259495 0.01152 0.0133342 9.49889e-05 -0.00427414 0.00220726
internal_weight=1012.29 189.026 145.313 43.7129 35.4267 8.28618 29.9359 134.637 69.052 65.5847 10.6762 823.261 506.883 17.6311 12.323 316.377 241.053 217.592 23.4611 75.3243 71.4261 489.252 159.446 329.806
internal_count=4800 931 723 208 164 44 138 671 350 321 52 3869 2333 84 60 1536 1100 986 114 436 416 2249 714 1535
is_linear=0
shrinkage=0.05


Tree=133
num_leaves=21
num_cat=0
split_feature=0 0 5 3 3 5 3 3 5 3 0 5 5 3 3 4 0 2 0 2
split_gain=0.516181 1.90559 2.64337 3.32825 6.52192 2.88874 3.25708 1.74926 2.83927 1.93335 1.71622 2.63699 7.72878 1.64999 3.08933 2.56808 1.5693 1.59746 1.3708 1.19053
threshold=318.17686993500365 270.47785203020834 7.3360695796411113 23.496786587258043 5.0784985180860271 9.4205230710443235 46.35574308635411 106.01314248378942 8.8636634976218698 96.525851681495766 243.61786116048305 10.090765076995465 8.298123578113513 10.68255047576738 15.622088100611151 0.41640365594573647 239.46196855736295 7.120687083567554 296.63174390801851 7.2289011873022639
decision_type=2 2 2 2 2 2 2 2 2 2 2 2 2 2 2 2 2 2 2 2
left_child=1 10 3 4 -3 18 -7 9 -9 13 16 12 -12 15 -15 -2 17 -1 -4 -5
right_child=7 2 5 19 -6 6 -8 8 -10 -11 11 -13 -14 14 -16 -17 -18 -19 -20 -21
leaf_value=0.0022353781857848659 -0.033511992381145973 -0.035337517038061622 0.054237972843133676 -0.029964413709773059 0.035748086072363926 0.019812658357278554 -0.029419531763552359 0.040941958993633745 -0.01145440482152354 -0.034509241685670565 0.00043799528765075597 0.019618055093010463 -0.054675027293740186 -0.01484233842380941 -0.0011659059793398892 0.0046393698761966343 0.022992562805901815 -0.004040163105040042 0.018981624509338123 0.0010317794997376417
leaf_weight=349.46899251267314 4.5777971781790248 4.5838527679443386 6.7245243489742297 8.8941988497972471 10.897800922393797 13.572508689016106 4.4645314291119567 6.0959922075271589 4.4897388964891434 4.4867081046104422 20.465493679046634 6.0124574154615393 9.2302882522344571 50.508735336363316 226.2639089692384 120.99743874743581 7.8182711303234091 142.86181405931711 4.6728769391775131 4.7535677552223197
leaf_count=1702 32 22 30 41 48 66 20 28 20 21 91 28 43 239 1070 555 36 665 22 21
internal_value=7.80835e-07 0.000947136 0.00951056 -0.00116759 0.0147009 0.0200781 0.0076267 -0.00134686 0.018719 -0.00186897 1.12393e-05 -0.0105788 -0.0166927 -0.00150499 -0.00366174 0.00324858 0.000767316 0.000414377 0.039783 -0.0191683
internal_weight=1011.84 594.421 58.5639 29.1294 15.4817 29.4344 18.037 417.42 10.5857 406.835 535.857 35.7082 29.6958 402.348 276.773 125.575 500.149 492.331 11.3974 13.6478
internal_count=4800 2835 270 132 70 138 86 1965 48 1917 2565 162 134 1896 1309 587 2403 2367 52 62
is_linear=0
shrinkage=0.05


Tree=134
num_leaves=21
num_cat=0
split_feature=0 5 5 5 5 5 5 4 4 2 5 3 5 5 3 0 3 5 5 0
split_gain=0.501258 1.86216 5.50674 3.88569 3.76619 3.67163 4.55493 3.23691 3.45017 3.05774 3.20292 1.08815 4.03704 2.88711 6.1512 3.81913 2.62865 1.70868 3.57525 3.07948
threshold=155.80533392645404 10.855013400629828 10.05711769357219 14.145031592390097 14.803882806893833 9.8574392131292718 9.1516663298525014 0.54615597938954441 0.79267954596118029 8.8178561928495736 11.253231699926621 30.763345754028816 14.036294205954377 6.4474367890262467 32.537957008495802 172.25507296617019 29.870014794671494 9.0901936224263888 8.9755960615693784 222.59135101244513
decision_type=2 2 2 2 2 2 2 2 2 2 2 2 2 2 2 2 2 2 2 2
left_child=1 2 5 9 -5 6 -1 -4 -9 10 -3 16 13 14 -13 -15 17 18 -2 -19
right_child=11 3 7 4 -6 -7 -8 8 -10 -11 -12 12 -14 15 -16 -17 -18 19 -20 -21
leaf_value=7.6483412383976216e-05 0.0015704756076138295 -0.036527367228644261 -0.0090826123840500195 0.057299529632169194 -0.0048260004996131221 -0.032978060369656587 0.023580954077081662 0.045272098190314351 -0.008873257504995017 -0.052976296996344277 -0.0021400765230380867 -0.074269288756149521 -0.03879732553380083 -0.034876474522002508 -0.0069563674633175872 0.0034721843490930883 0.029832991363719558 -0.021816480318757561 0.03873535576171433 -0.0011079090615446583
leaf_weight=246.5665358863771 261.89836430177093 8.3394410498440248 5.2520909830927875 4.2677987962961179 5.6945636123418808 7.6989858001470557 22.492277789860964 15.767872363328935 3.6169901229441157 4.2552119120955458 36.017850771546364 3.547370307147502 7.830493973568081 6.7949822247028342 78.463959366083145 145.79077489674091 7.623008841648697 21.399938505142927 6.6350782215595236 111.42657560668886
leaf_count=1169 1214 43 26 22 28 38 112 77 30 22 188 16 39 33 360 670 38 105 32 538
internal_value=8.77049e-07 0.00149828 0.00308366 -0.00665923 0.0217881 0.00106718 0.00204137 0.0257356 0.0351692 -0.0124891 -0.0086051 -0.000826587 -0.00348087 -0.00230206 -0.00986796 0.00176443 0.000746761 0.000194327 0.00248877 -0.00444431
internal_weight=1011.38 359.97 301.395 58.5749 9.96236 276.758 269.059 24.637 19.3849 48.6125 44.3573 651.411 242.428 234.597 82.0113 152.586 408.983 401.36 268.533 132.827
internal_count=4800 1755 1452 303 50 1319 1281 133 107 253 231 3045 1118 1079 376 703 1927 1889 1246 643
is_linear=0
shrinkage=0.05


Tree=135
num_leaves=9
num_cat=0
split_feature=4 0 2 2 0 2 3 2
split_gain=0.496757 0.539891 2.10737 1.25515 0.905045 0.70402 3.41667 2.75214
threshold=0.96310984621626872 1512.3647570656201 7.7340967685997315 4.112889639164754 1380.2514108574589 7.0699709191333522 0.23401676403921964 7.0227491607930173
decision_type=2 2 2 2 2 2 2 2
left_child=1 4 3 -3 5 7 -7 -1
right_child=-2 2 -4 -5 -6 6 -8 -9
leaf_value=0.00054603735833174056 0.014517050341687172 -0.0058660753926738198 0.015823645143587774 -0.049227966540052875 0.018380813080270227 -0.058691304869849414 -0.0016097689257571623 0.041312125845417602
leaf_weight=685.62636941671371 5.8598148971796027 3.166659973561762 4.4011435657739639 3.5283288881182671 6.6804380640387526 2.6450054645538321 295.12550976499915 4.1652683541178694
leaf_count=3259 38 19 23 25 34 12 1371 19
internal_value=1.34882e-06 -8.32588e-05 -0.0110513 -0.0287182 3.91483e-05 -8.49253e-05 -0.00211681 0.000792201
internal_weight=1011.2 1005.34 11.0961 6.69499 994.243 987.562 297.771 689.792
internal_count=4800 4762 67 44 4695 4661 1383 3278
is_linear=0
shrinkage=0.05


Tree=136
num_leaves=19
num_cat=0
split_feature=0 0 3 2 2 5 5 5 0 0 2 2 0 0 6 3 0 6
split_gain=0.492715 2.02688 3.31216 4.05089 1.91208 2.23106 2.51019 1.99297 1.86908 1.32336 1.24385 5.7085 5.11969 4.99983 4.50642 3.06662 2.14552 1.22191
threshold=646.17304618821038 612.82022951454326 39.439807305591621 3.4816936821916129 9.6138245570228822 2.9772764818245938 4.3247055481100523 12.396431301494109 841.96854762410464 1025.4266389061497 8.3927421315079425 8.0245782045817187 386.95887345056184 353.62063635154601 1.0000000180025095e-35 3.1460525290826209 434.71315025352112 1.5000000000000002
decision_type=2 2 2 2 2 2 2 2 2 2 2 2 2 2 2 2 2 2
left_child=1 10 3 -3 5 9 8 -8 -7 17 11 16 15 -13 -14 -12 -1 -2
right_child=4 2 -4 -5 -6 6 7 -9 -10 -11 12 13 14 -15 -16 -17 -18 -19
leaf_value=0.0014230957210781762 0.043023772096273408 0.038609606079048737 0.053641364356856805 -0.025472371331320333 -0.029645335535646935 -0.009174476827107713 -0.0038425067181673115 0.01551963268922817 -0.056009862612478659 -0.0055461002057218042 0.024725831338188183 -0.010743088433829585 -0.011668597093899986 -0.058833599644796689 0.036874903881159667 -0.0027369059632103799 -0.0066592594246211948 0.0076465904187240355
leaf_weight=568.78115200996399 5.5605145245790464 4.397228538990019 4.6752307638525954 5.6156094968318939 6.2515521049499503 4.9341950938105565 116.7468454297632 14.997575661167501 3.7484978921711445 4.3652334287762633 11.269862201064823 23.153385691344742 6.3766714632511166 7.0505999326705924 19.104309387505054 103.69806944206357 95.963450381532311 4.3504252433776855
leaf_count=2699 25 20 20 28 34 25 573 73 23 23 54 103 27 31 87 486 446 23
internal_value=1.14226e-06 0.000481433 0.0188941 0.00266981 -0.00253552 -0.00144001 -0.00335452 -0.00163835 -0.0293943 0.0173919 0.000157699 -0.000709645 0.00444936 -0.021969 0.0247268 -4.48399e-05 0.000256316 0.0274949
internal_weight=1011.04 850.086 14.6881 10.0128 160.955 154.703 140.427 131.744 8.68269 14.2762 835.398 694.949 140.449 30.204 25.481 114.968 664.745 9.91094
internal_count=4800 4001 68 48 799 765 694 646 48 71 3933 3279 654 134 114 540 3145 48
is_linear=0
shrinkage=0.05


Tree=137
num_leaves=16
num_cat=0
split_feature=3 5 5 4 3 3 3 0 0 4 2 3 6 5 2
split_gain=0.492889 2.2194 5.81852 4.14447 2.73216 1.5743 1.52396 1.49675 2.9963 2.14985 1.46289 2.20876 0.943136 2.94085 2.80798
threshold=87.927798015473641 9.0598157721103139 10.209603116849186 0.62919190049494167 93.054265345654855 80.758034174830968 77.713336443458317 356.75408868425239 462.81428708816111 0.5921467818698033 7.6833539975249545 83.205039841268089 1.0000000180025095e-35 12.892173826541862 0.19419027748152681
decision_type=2 2 2 2 2 2 2 2 2 2 2 2 2 2 2
left_child=5 4 -3 -4 -2 6 12 9 -9 -6 11 -7 13 -1 -14
right_child=1 2 3 -5 7 10 -8 8 -10 -11 -12 -13 14 -15 -16
leaf_value=0.004645088410588174 -0.032072856497987766 -0.060100838309628174 0.033996403653618591 -0.027102596395579149 -0.023822319520675719 0.052057927996550082 -0.021618810068419973 0.052900126283205035 -0.0012412600610230973 0.01209917538594317 -0.0069544583424228576 0.0063808651515702827 0.023821814473351997 -0.02097295653331235 -0.0010547650378826823
leaf_weight=194.26581836119294 4.8618984818458548 5.8156450688838985 5.2341212630271894 5.9087004065513611 6.2837376445531907 4.6854570135474187 8.0859065949916822 4.7465389370918256 5.5358349531888962 12.354502789676188 4.7910806536674491 6.082200825214386 11.525600872933863 11.888225622475145 718.4705100748688
leaf_count=925 23 27 23 28 28 22 36 22 26 57 22 28 58 62 3413
internal_value=7.31196e-07 -0.00480189 -0.019561 0.00159746 0.00260704 0.000254629 -5.30997e-06 0.00843714 0.0237514 -1.14769e-05 0.0160299 0.0262569 0.000181375 0.00316778 -0.000661999
internal_weight=1010.54 50.741 16.9585 11.1428 33.7825 959.795 944.236 28.9206 10.2824 18.6382 15.5587 10.7677 936.15 206.154 729.996
internal_count=4800 234 78 51 156 4566 4494 133 48 85 72 50 4458 987 3471
is_linear=0
shrinkage=0.05


Tree=138
num_leaves=17
num_cat=0
split_feature=6 2 2 5 3 2 6 5 5 3 3 5 3 3 0 5
split_gain=0.492231 2.15467 3.78258 1.09707 0.665891 4.60346 4.84769 2.67396 2.33352 1.14316 2.84622 5.16592 1.1293 9.38078 4.9756 1.12598
threshold=4.5000000000000009 2.0330815564462705 5.4790894026326553 8.7039350793594839 1.2848002752890657 8.3927421315079425 1.0000000180025095e-35 8.2691963071925425 8.2276101733608993 2.9855256568733322 2.5971715010474155 10.543792137367438 6.483779017145177 6.9969267979718381 372.99479712129749 9.7868956392367092
decision_type=2 2 2 2 2 2 2 2 2 2 2 2 2 2 2 2
left_child=4 -2 -3 -4 5 6 8 -8 -1 10 11 -6 14 -14 -11 -12
right_child=1 2 3 -5 9 -7 7 -9 -10 12 15 -13 13 -15 -16 -17
leaf_value=0.040614419024312669 -0.037664072054906322 0.035883861096333895 -0.032748822895934032 0.0020012909935168926 -0.0079136761787574565 0.031218829467641863 -0.010414263489154871 -0.042847362796903848 -0.0086736899722895007 -0.013187756865695691 0.041364505520694039 0.037261218764436319 0.045410885903194538 -7.3475657471566123e-06 0.0099608902702248599 0.0081199715050435453
leaf_weight=5.017583414912222 4.6231103464961079 5.1548900827765456 5.2036691755056363 4.0303515046834946 30.842557355761528 6.9553751163184634 14.584049120545389 11.262869164347647 4.6057231053709984 65.269679490476847 7.3838752061128599 7.9620823040604582 11.53578409552574 785.86684940569103 36.025713037699461 3.8882075846195221
leaf_count=26 25 24 29 21 148 33 68 57 22 310 35 38 57 3718 169 20
internal_value=7.70949e-07 -0.00796843 0.00157269 -0.0175815 0.000153627 -0.00597493 -0.0132683 -0.0245471 0.0170251 0.000427672 0.00778009 0.00135548 1.79854e-05 0.000649704 -0.00495494 0.0298971
internal_weight=1010.21 19.012 14.3889 9.23402 991.2 42.4256 35.4702 25.8469 9.62331 948.775 50.0767 38.8046 898.698 797.403 101.295 11.2721
internal_count=4800 99 74 50 4701 206 173 125 48 4495 241 186 4254 3775 479 55
is_linear=0
shrinkage=0.05


Tree=139
num_leaves=23
num_cat=0
split_feature=0 0 5 3 3 5 3 0 3 2 2 5 3 2 5 6 3 0 5 3 0 5
split_gain=0.505696 1.72138 2.40798 2.92965 5.84303 2.56821 2.87773 1.70671 3.66997 1.94536 3.54726 4.66951 4.47347 3.23031 2.59059 1.54715 3.94903 1.4693 3.11428 1.80033 1.25615 1.13484
threshold=318.17686993500365 270.47785203020834 7.3360695796411113 23.496786587258043 5.0784985180860271 9.4205230710443235 46.35574308635411 330.35622204022519 22.884239772534034 2.4032049041166696 4.9469293484225343 2.005111939455825 6.0881081798365573 2.2289090634876243 9.834012134798348 4.5000000000000009 13.023032802819158 243.61786116048305 10.090765076995465 36.004219842641568 296.63174390801851 5.5414839047776834
decision_type=2 2 2 2 2 2 2 2 2 2 2 2 2 2 2 2 2 2 2 2 2 2
left_child=1 15 3 4 -3 20 -7 8 -2 13 11 -11 -12 14 -9 17 -17 19 -19 -1 -4 -5
right_child=7 2 5 21 -6 6 -8 9 -10 10 12 -13 -14 -15 -16 16 -18 18 -20 -21 -22 -23
leaf_value=-0.00088647062734707553 0.0042003624983906161 -0.033418430196560753 0.051736894985839769 -0.005121247681319465 0.033872717455492966 0.018917773102433658 -0.027449338953108183 -0.0026288365210588843 -0.050920309430595327 0.035197325601633536 0.016415160832763835 -0.012872537564610032 -0.0024652060487700663 0.03739265864201307 0.016311347706018373 0.015780571656416113 -0.044484682706894652 -0.016112181418048089 0.024595755916252092 0.0056730286552638814 0.017909243870838237 -0.034147013930904836
leaf_weight=338.0203941129148 6.9689566791057569 4.5949333757162121 6.679228216409685 7.6013622581958753 10.828118324279783 13.528562631458046 4.4460924640297881 62.847727462649345 5.3288507163524628 5.3315271846950045 38.553622886538506 96.366324028000236 168.46121502481401 7.3134255707263938 25.33034398406744 4.7867203280329687 6.29062220454216 29.000040873885155 5.6066176891326895 151.48258181288838 4.6583486199378967 6.0459294021129608
leaf_count=1637 30 22 30 34 48 66 20 295 24 27 181 456 796 35 121 22 32 131 26 717 22 28
internal_value=8.76602e-07 0.000938032 0.00909041 -0.00110616 0.0138249 0.0192028 0.00744871 -0.00133469 -0.0196844 -0.000776408 -0.00270559 -0.0103525 0.001051 0.00546042 0.00281199 4.87041e-05 -0.018443 0.000439536 -0.0095171 0.00114345 0.0378379 -0.01798
internal_weight=1010.07 593.57 58.3826 29.0703 15.4231 29.3122 17.9747 416.502 12.2978 404.204 308.713 101.698 207.015 95.4915 88.1781 535.187 11.0773 524.11 34.6067 489.503 11.3376 13.6473
internal_count=4800 2835 270 132 70 138 86 1965 54 1911 1460 483 977 451 416 2565 54 2511 157 2354 52 62
is_linear=0
shrinkage=0.05


Tree=140
num_leaves=14
num_cat=0
split_feature=4 4 0 5 3 2 3 4 5 2 5 5 3
split_gain=0.467451 1.73386 4.71489 1.54071 2.62883 2.55184 2.97897 1.38072 3.58139 5.06026 0.731573 1.89561 1.77603
threshold=0.91205443043400702 0.90007348229249839 264.20477740019129 12.66393002024048 9.5030909916079249 5.7856635008950716 29.134100785511674 0.87904272199694033 11.672681783198881 6.5243814450426258 14.803882806893833 14.434316064297279 10.082872283000116
decision_type=2 2 2 2 2 2 2 2 2 2 2 2 2
left_child=1 7 -3 4 -2 6 -6 10 9 -9 11 -1 -12
right_child=3 2 -4 -5 5 -7 -8 8 -10 -11 12 -13 -14
leaf_value=-0.00020129539159205787 -0.03235977189891532 0.02231585795940183 -0.05006958466612868 0.032682980201880957 -0.042956835403747513 0.042924722132185122 0.025729941296655914 0.059281200046143359 -0.025146042982801622 -0.00064370733161780644 -0.038939306064263053 0.030178474900674868 -0.00048905036668480306
leaf_weight=941.38783623091877 4.4646175205707577 3.7161157429218274 5.7005646973848343 4.6784265562891951 3.0062302872538549 4.329038355499506 3.3239265196025372 6.2978786453604716 4.5563127174973479 7.9951956123113632 4.1597037911415091 5.1629220955073825 10.802664957940577
leaf_count=4412 29 28 26 30 21 26 22 41 25 42 20 27 51
internal_value=8.14638e-07 -0.000151365 -0.021504 0.00760722 -0.00014976 0.0133414 -0.00688983 5.37343e-05 0.0134554 0.0257607 -0.00020899 -3.55902e-05 -0.0111786
internal_weight=1009.58 989.779 9.41668 19.8022 15.1238 10.6592 6.33016 980.363 18.8494 14.2931 961.513 946.551 14.9624
internal_count=4800 4672 54 128 98 69 43 4618 108 83 4510 4439 71
is_linear=0
shrinkage=0.05


Tree=141
num_leaves=16
num_cat=0
split_feature=0 0 3 2 2 5 2 5 0 2 4 0 4 6 2
split_gain=0.465553 1.86369 3.07027 3.682 1.74269 1.94886 2.26407 2.52087 1.22509 1.1793 2.44822 1.1065 4.68047 1.07331 1.02997
threshold=646.17304618821038 612.82022951454326 39.439807305591621 3.4816936821916129 9.6138245570228822 2.9772764818245938 9.3375637381856524 4.3247055481100523 1025.4266389061497 0.1332030497602055 0.65613217137700008 572.9017584609993 0.76383880747598953 1.5000000000000002 5.441400756188707
decision_type=2 2 2 2 2 2 2 2 2 2 2 2 2 2 2
left_child=1 9 3 -3 5 8 7 -7 13 10 -1 14 -13 -2 -11
right_child=4 2 -4 -5 -6 6 -8 -9 -10 11 -12 12 -14 -15 -16
leaf_value=-0.043829126626517244 0.04053862751513488 0.036781323456969259 0.051595192490010766 -0.024437160334144985 -0.02854663864644499 -0.031465667978259081 0.031145570109194998 -0.0026759342001737257 -0.005905345998236668 -0.0010599152977127308 0.009935074836405362 -0.024044308864572057 0.034020263399445208 0.0073648651513735499 0.0025205503103748889
leaf_weight=4.4728770628571493 5.5328991860151273 4.383298531174658 4.6727235391736022 5.5866381824016571 6.1601756811141959 8.0861942358314973 4.6345265656709662 127.38508206233382 4.3553130254149428 423.48089355975389 4.0207948088645935 15.71286563947797 4.4545276612043372 4.3593061789870262 382.07143571972847
leaf_count=21 25 20 20 28 34 46 21 627 23 2025 23 80 22 23 1762
internal_value=1.46181e-06 0.000468409 0.0181519 0.00247764 -0.00246793 -0.00142714 -0.00321876 -0.00439438 0.016191 0.000158017 -0.0183778 0.000348684 -0.0112191 0.0259196 0.00063829
internal_weight=1009.37 848.856 14.6427 9.96994 160.513 154.353 140.106 135.471 14.2475 834.213 8.49367 825.72 20.1674 9.89221 805.552
internal_count=4800 4001 68 48 799 765 694 673 71 3933 44 3889 102 48 3787
is_linear=0
shrinkage=0.05


Tree=142
num_leaves=16
num_cat=0
split_feature=3 3 2 4 2 0 0 3 0 5 3 0 4 2 4
split_gain=0.465774 2.11626 4.01015 4.19461 2.37762 2.3281 2.9068 1.43087 1.39158 1.38532 1.36279 1.16977 1.08994 0.93007 1.20521
threshold=87.927798015473641 106.01314248378942 2.2693212049219027 0.72391067350277527 5.4790894026326553 356.75408868425239 133.6104416404051 80.758034174830968 501.24036081001441 6.5819833810220425 77.713336443458317 47.366333629894477 0.65457703965936231 0.054234346753559405 0.40523642047195652
decision_type=2 2 2 2 2 2 2 2 2 2 2 2 2 2 2
left_child=7 2 -2 4 -4 6 11 10 -7 -9 13 -3 -11 -1 -15
right_child=1 5 3 -5 -6 8 -8 9 -10 12 -12 -13 -14 14 -16
leaf_value=0.02769817093070703 0.021972255999753432 -0.0040921981808350952 -0.039846566954250276 -0.065334099265570003 0.005300657094205693 0.045739874760344995 -0.027374982314659832 -0.0015358747067261824 0.0077251479645406356 0.045810848740085452 -0.020473814153198048 0.031437659032363813 0.010359082720314716 -0.0082641373061913635 0.00047331301833909186
leaf_weight=3.0597055479884139 5.358164586126807 4.7665992677211815 4.6773518323898333 5.1590464562177649 7.745152622461319 4.2531153261661512 8.4426703900098783 6.8280391097068778 5.5472857877612114 4.4576869085431081 8.0583733022212964 4.5071465820074081 4.220910333096981 41.297208499163389 890.44876582548022
leaf_count=15 26 22 21 25 36 20 37 31 25 20 36 22 21 244 4199
internal_value=1.1837e-06 -0.00468109 -0.0158961 -0.0274369 -0.0116983 0.00466845 -0.00614852 0.000247697 0.0242225 0.0153127 -6.59676e-08 0.0131757 0.0285686 0.000176425 8.60483e-05
internal_weight=1008.83 50.4565 22.9397 17.5816 12.4225 27.5168 17.7164 958.371 9.8004 15.5066 942.864 9.27375 8.6786 934.806 931.746
internal_count=4800 234 108 82 57 126 81 4566 45 72 4494 44 41 4458 4443
is_linear=0
shrinkage=0.05


Tree=143
num_leaves=26
num_cat=0
split_feature=5 4 4 0 0 3 0 5 4 0 3 5 4 4 4 4 5 4 2 2 3 2 5 2 0
split_gain=0.447265 2.74302 3.93008 3.26966 7.17014 4.28015 2.87793 2.77646 2.61206 2.47006 1.85949 1.85294 3.39931 5.02685 3.81009 2.90999 2.15289 2.30379 2.21966 5.05612 3.61918 1.43615 1.35505 0.987016 0.816442
threshold=3.2722338282937495 0.74708083956459725 0.82546713728979693 90.651225180721909 119.48906736708639 19.322160219467339 150.85849719158952 2.1378003459746679 0.85504897327699403 196.39300372493173 28.078830917727807 4.901657019678809 0.49780662714261542 0.51753237224401605 0.54615597938954441 0.44022818348255716 6.4474367890262467 0.3065755169846946 7.0699709191333522 6.4911579666020698 69.684297323792322 6.3500116085030074 6.9171472490267014 4.0032737438405341 356.75408868425239
decision_type=2 2 2 2 2 2 2 2 2 2 2 2 2 2 2 2 2 2 2 2 2 2 2 2 2
left_child=1 3 6 5 -5 -1 23 -6 -4 -10 -8 12 15 -14 -15 -2 18 24 19 -13 -20 -7 -19 -3 -18
right_child=11 2 8 4 7 21 10 -9 9 -11 -12 16 13 14 -16 -17 17 22 20 -21 -22 -23 -24 -25 -26
leaf_value=-0.016748739549758068 0.0033823341316811073 -0.023335143351746992 -0.046488258308894748 -0.093377008040885556 0.00025066264409944063 0.052959208830681948 0.017889681882866281 -0.02370320247066305 -0.031385766746948332 0.020110549992575791 0.051483377822428657 -0.0046377654007637766 -0.060134747458161636 0.045105215926353678 0.0024162566821815754 0.047906293704574145 -0.01779544124818971 0.0086056972532276618 -0.010452105141718735 0.041434268909425226 -0.058367429003967963 0.01345817116794808 0.00035985226446352234 0.0084467453860540935 -0.058958070178785398
leaf_weight=8.1794733256101626 6.4568130038678637 3.831178545951845 4.4131942242383948 2.7958893924951544 25.680482067167759 4.5439530909061414 11.622743457555773 22.870371885597706 3.8370257019996625 5.9233663082122803 6.3806055635213843 93.301615115255117 3.0510191619396201 5.5862462371587744 81.253823183476925 8.5020478889346105 3.5203530304133883 54.454984210431576 42.686494268476963 6.3609985783696166 4.341805361211299 4.6616576015949249 585.66742607951164 6.7415343970060349 1.831309877336025
leaf_count=36 33 20 21 12 119 21 54 107 20 29 30 441 13 24 377 39 32 249 194 29 20 20 2810 30 20
internal_value=1.1341e-06 -0.00298572 0.00695907 -0.00917115 -0.0155168 0.0095706 0.0176359 -0.011033 -0.0145671 -0.00013379 0.0297957 0.000372342 0.00661867 0.00294608 0.00516235 0.0286881 -0.000454415 0.000788196 -0.00592219 -0.0016972 -0.0148758 0.0329562 0.00106132 -0.00306989 -0.0318811
internal_weight=1008.5 111.481 42.7496 68.7318 51.3467 17.3851 28.5761 48.5509 14.1736 9.76039 18.0033 897.015 104.85 89.8911 86.8401 14.9589 792.165 645.474 146.691 99.6626 47.0283 9.20561 640.122 10.5727 5.35166
internal_count=4800 519 204 315 238 77 134 226 70 49 84 4281 486 414 401 72 3795 3111 684 470 214 41 3059 50 52
is_linear=0
shrinkage=0.05


Tree=144
num_leaves=22
num_cat=0
split_feature=0 0 2 2 3 5 2 5 0 3 4 0 5 2 2 0 0 2 5 0 2
split_gain=0.459642 2.36528 1.70014 3.16005 4.08338 4.03046 2.92081 2.33341 1.462 2.08361 2.81801 6.84179 1.72736 3.44951 1.77041 1.57203 1.42033 2.71606 3.25458 1.39812 1.32274
threshold=322.10939941068466 330.35622204022519 2.4032049041166696 4.9469293484225343 6.0881081798365573 2.005111939455825 2.2289090634876243 9.834012134798348 270.47785203020834 28.078830917727807 0.65312427761033043 285.38394547950764 5.3711892624568582 4.8922949946859271 3.1380320989835346 296.63174390801851 243.61786116048305 8.5620343439582012 8.298123578113513 239.46196855736295 7.120687083567554
decision_type=2 2 2 2 2 2 2 2 2 2 2 2 2 2 2 2 2 2 2 2 2
left_child=8 -2 6 5 -5 -4 7 -3 16 12 11 -11 14 -14 -10 -12 19 18 -18 20 -1
right_child=1 2 3 4 -6 -7 -8 -9 9 10 15 -13 13 -15 -16 -17 17 -19 -20 -21 -22
leaf_value=0.0020595400271940156 -0.027676045436574294 -0.0025907191284660416 0.032753530223039666 0.015673662410512445 -0.0023675856088996566 -0.012122171894091406 0.035508178379510674 0.015407228105584765 -0.025869966280099417 0.027564663850019013 -0.0027100083753418876 -0.047787700177461298 0.043035695134567974 0.0063372932097102378 0.016982137073140072 0.031265571601839813 -0.0015814060698998871 0.021564003481581183 -0.035044643379315038 0.021794451177510072 -0.0036567392634824082
leaf_weight=348.52239033579826 8.3182401657104474 62.72797342389822 5.2786708772182456 38.561162263154984 168.03228661604226 95.975433569401503 7.2909885942935935 25.261189818382263 4.3026655316352826 4.8413124084472674 7.2168581858277303 7.9742880463600159 11.611275203526022 14.276176407933233 5.4802354127168655 6.4451508596539497 17.200511410832409 5.8440293818712226 12.58042950928211 7.7566701620817176 142.61294937878847
leaf_count=1702 36 295 27 181 796 456 35 121 20 21 34 36 55 66 24 32 77 26 59 36 665
internal_value=9.39261e-07 -0.00128475 -0.000740182 -0.00254662 0.000999857 -0.00978267 0.00509638 0.00257639 0.000887517 0.00814601 -0.00248021 -0.0193221 0.0160337 0.0227976 -0.00186486 0.0133182 4.35773e-05 -0.00960161 -0.0157174 0.000732322 0.000399681
internal_weight=1008.11 411.446 403.128 307.848 206.593 101.254 95.2802 87.9892 596.665 62.148 26.4776 12.8156 35.6704 25.8875 9.7829 13.662 534.517 35.625 29.7809 498.892 491.135
internal_count=4800 1947 1911 1460 977 483 451 416 2853 288 123 57 165 121 44 66 2565 162 136 2403 2367
is_linear=0
shrinkage=0.05


Tree=145
num_leaves=26
num_cat=0
split_feature=0 5 5 2 2 2 2 3 4 5 5 4 4 3 0 2 0 3 6 0 6 3 0 4 4
split_gain=0.4346 1.67521 4.97964 3.57902 6.01678 5.7826 3.62105 5.14271 3.57909 3.21936 4.16171 2.89426 3.1653 1.40705 0.964246 5.39849 3.59308 3.56727 3.32034 2.44807 4.03432 4.11307 2.29183 3.54523 1.39372
threshold=155.80533392645404 10.855013400629828 10.05711769357219 3.7246402789846402 2.4032049041166696 1.7708253189750931 6.0159230864803188 30.212287806720159 0.82325229337070394 9.8574392131292718 9.1516663298525014 0.54615597938954441 0.79267954596118029 18.658042473412614 196.39300372493173 0.72178389779581809 190.4708564177877 29.134100785511674 1.5000000000000002 213.65429168014609 1.0000000180025095e-35 12.553336728642323 226.97618266776985 0.77633032246040823 0.34632031773320021
decision_type=2 2 2 2 2 2 2 2 2 2 2 2 2 2 2 2 2 2 2 2 2 2 2 2 2
left_child=1 2 9 4 5 -3 7 -5 -8 10 -1 -4 -13 -6 15 -2 18 -18 -17 20 -16 -22 23 -21 -24
right_child=14 3 11 6 13 -7 8 -9 -10 -11 -12 12 -14 -15 19 16 17 -19 -20 22 21 -23 24 -25 -26
leaf_value=2.8511967019018242e-05 -0.069038537427358562 0.0095183046874291674 -0.0084229943304930614 -0.061818036685467731 0.02162591973073507 -0.057162353109665914 -0.015368220271538455 0.0061088018705374378 0.033143580393292245 -0.030880142239230014 0.022562537484132061 0.043382723991587338 -0.0084631380801747404 0.062667802419883553 0.05169271920193539 0.014053873986707153 -0.052323356772410679 0.0045031940632669727 -0.011482594181041425 -0.0051555858361409038 -0.035902582417553501 0.018639189150330915 0.019682631601677065 -0.050654032917788784 -0.0004419121881920026
leaf_weight=246.00032983347774 3.279354363679885 11.257033690810205 5.2258948385715511 8.0856349840760213 4.0676070526242238 4.5718140155076972 17.054735377430919 4.2516045570373526 4.8928111046552649 7.7025633826851836 22.351302780210972 15.530717082321646 3.6324829682707778 4.2916534692049026 5.851148962974551 27.904334455728531 6.6338970065116865 4.7313171289861202 23.406665310263634 17.838584765791897 4.7617403268814114 12.611132144927977 8.7459706887602788 5.6335686594247809 527.2626951187849
leaf_count=1169 15 61 26 42 22 24 79 20 33 38 112 77 30 22 30 131 31 22 107 79 22 56 58 29 2465
internal_value=9.46598e-07 0.00139695 0.00290392 -0.0063461 0.00838125 -0.00974093 -0.0167363 -0.0384094 -0.00455339 0.000990602 0.0019054 0.0245604 0.0335551 0.0426969 -0.000771491 -0.00650148 -0.00322941 -0.0286666 0.00240484 -0.000122922 0.0157838 0.0036898 -0.000783211 -0.0160757 -0.000113543
internal_weight=1007.58 358.916 300.443 58.4729 24.1881 15.8288 34.2848 12.3372 21.9475 276.054 268.352 24.3891 19.1632 8.35926 648.66 65.9556 62.6762 11.3652 51.311 582.705 23.224 17.3729 559.481 23.4722 536.009
internal_count=4800 1755 1452 303 129 85 174 62 112 1319 1281 133 107 44 3045 306 291 53 238 2739 108 78 2631 108 2523
is_linear=0
shrinkage=0.05


Tree=146
num_leaves=14
num_cat=0
split_feature=0 2 5 3 3 0 0 0 5 0 3 4 4
split_gain=0.439214 3.32516 2.94976 3.20364 10.4168 2.85667 2.97952 3.32583 3.39706 2.84765 2.8252 4.07858 2.96992
threshold=27.16900903193692 8.9601058013611077 9.2145356046579803 8.1166501947082157 14.172409462477729 30.403553017641919 33.488107759470147 54.203670177324192 8.3317329962714002 55.668944971695502 48.192873975705659 0.55993347657616555 0.55993347657616555
decision_type=2 2 2 2 2 2 2 2 2 2 2 2 2
left_child=1 2 10 -4 -5 -2 -7 8 -8 -9 12 -12 -1
right_child=5 -3 3 4 -6 6 7 9 -10 -11 11 -13 -14
leaf_value=-0.03576984142644471 0.033086760178409662 -0.038222708446688569 0.050312372986175524 -0.071404329727726756 0.028156868697395511 -0.032286246922980801 0.002647769981769116 -0.043905280129583266 0.030890164896016172 -0.00018272297394165718 0.052750251187359522 -0.0071674052401742381 -0.0045918064628566397
leaf_weight=11.052758276462553 6.5951406806707373 6.3759581521153441 5.0447350777685669 3.4706652984023085 10.810596957802771 7.0638000518083564 27.485139939934015 3.7400490120053282 17.380121540278196 870.89470949023962 4.3114693164825431 8.3225143253803235 24.723822463303804
leaf_count=50 36 32 27 17 57 36 137 18 97 4107 19 40 127
internal_value=2.01842e-06 -0.0037028 -0.000453485 0.0160605 0.00396128 0.000296259 6.28615e-05 0.000311374 0.0135884 -0.000369686 -0.00704603 0.0132801 -0.0142239
internal_weight=1007.27 74.1125 67.7366 19.326 14.2813 933.159 926.564 919.5 44.8653 874.635 48.4106 12.634 35.7766
internal_count=4800 369 337 101 74 4431 4395 4359 234 4125 236 59 177
is_linear=0
shrinkage=0.05


Tree=147
num_leaves=9
num_cat=0
split_feature=4 0 2 2 0 5 5 5
split_gain=0.42634 0.457775 1.99453 1.219 0.818115 0.603308 2.30651 1.30217
threshold=0.96310984621626872 1512.3647570656201 7.7340967685997315 4.112889639164754 1380.2514108574589 12.10078164912469 12.238507358002275 11.978925442532445
decision_type=2 2 2 2 2 2 2 2
left_child=1 4 3 -3 5 7 -7 -1
right_child=-2 2 -4 -5 -6 6 -8 -9
leaf_value=0.00015541014712657118 0.013549090702019144 -0.0051926112565234663 0.015858693401710922 -0.048328656910443357 0.01743489593777741 -0.032396301925033032 -0.0017406991388362551 0.022360864094588449
leaf_weight=882.33709391392767 5.7745702378451815 3.1404808536171895 4.3868054151535034 3.4229143448174 6.7109334841370574 6.5962339825928202 87.915671892464161 6.6519800275564185
leaf_count=4156 38 19 23 25 34 34 438 33
internal_value=2.20599e-06 -7.59306e-05 -0.010243 -0.0276887 3.65015e-05 -8.22167e-05 -0.00388023 0.000321565
internal_weight=1006.94 1001.16 10.9502 6.5634 990.212 983.501 94.5119 888.989
internal_count=4800 4762 67 44 4695 4661 472 4189
is_linear=0
shrinkage=0.05


Tree=148
num_leaves=16
num_cat=0
split_feature=3 5 5 4 3 3 2 3 3 4 0 2 3 0 3
split_gain=0.421035 1.97161 4.8001 3.56682 2.36769 1.33903 1.31865 2.02465 1.24042 1.18419 3.05648 2.85915 0.896242 1.75623 0.858425
threshold=87.927798015473641 9.0359054585229117 10.33855204028065 0.62919190049494167 93.054265345654855 80.758034174830968 7.6833539975249545 83.205039841268089 77.713336443458317 0.63595009787024848 282.68151501951832 3.7955531441191095 71.073572223101039 149.01853846004769 63.327402363425811
decision_type=2 2 2 2 2 2 2 2 2 2 2 2 2 2 2
left_child=5 4 -3 -4 -2 8 7 -7 12 10 -6 -11 14 -14 -1
right_child=1 2 3 -5 9 6 -8 -9 -10 11 -12 -13 13 -15 -16
leaf_value=0.00020985569056453216 -0.029818821421260501 -0.05007495006033124 0.032795692609303144 -0.026295403395506584 -4.2902275010772344e-05 0.04942913147196043 -0.007018321023572454 0.005535299660465713 -0.019567609715166481 0.024261683080405171 0.049310024564456906 -0.01998308637916724 -0.011390804318420523 0.02091542244094232 -0.008710014763181324
leaf_weight=885.85282875224948 4.7857751697301856 6.9991761445999172 5.1819884181022626 5.0350827276706696 8.0728404074907321 4.6407401338219625 4.7758493646979323 6.0547683387994766 8.0329340100288373 6.295505002140998 5.1311416178941718 8.6935168206691724 6.1340443342924145 13.389113739132879 27.819807298481464
leaf_count=4237 23 33 23 24 36 22 22 28 36 31 24 40 30 60 131
internal_value=1.98727e-06 -0.00446171 -0.0181768 0.00367496 0.00269811 0.000236183 0.0148264 0.0245807 -3.64175e-06 0.00821788 0.0191359 -0.00139994 0.000164765 0.010765 -6.17395e-05
internal_weight=1006.9 50.195 17.2162 10.2171 32.9788 956.7 15.4714 10.6955 941.229 28.193 13.204 14.989 933.196 19.5232 913.673
internal_count=4800 234 80 47 154 4566 72 50 4494 131 60 71 4458 90 4368
is_linear=0
shrinkage=0.05


Tree=149
num_leaves=16
num_cat=0
split_feature=2 3 3 3 0 2 2 0 3 5 3 6 4 2 4
split_gain=0.429607 3.57117 3.23845 5.72074 3.49123 2.66786 2.43309 1.53289 1.35773 4.06826 3.30932 2.98475 0.926343 3.1956 2.05945
threshold=8.3927421315079425 3.1460525290826209 4.3246098055291187 4.6928591545664329 639.0544504665387 8.3149581603826395 8.7426066837943726 131.76105930463612 1.1453213004772616 9.7868956392367092 0.54446421509081866 1.0000000180025095e-35 0.85954057153654895 7.5554995540023109 0.85361107871476138
decision_type=2 2 2 2 2 2 2 2 2 2 2 2 2 2 2
left_child=5 6 -3 -4 -5 8 -2 -8 9 11 -11 -1 14 -14 -10
right_child=1 2 3 4 -6 -7 7 -9 12 10 -12 -13 13 -15 -16
leaf_value=0.031027813935384708 0.061133296354728306 -0.034568120609961298 0.079597884050315093 0.0035625193497033415 -0.018374408840906326 -0.028995757265048685 0.040776326281881083 0.0020272741817397326 3.221803345539636e-05 -0.011793869492745785 -0.071911224777780211 -0.0098243702012441349 0.011226092736279343 -0.026264448300810601 -0.026810923427891965
leaf_weight=6.1029820591211346 3.6143193691968909 6.4911104887723914 2.3093349039554587 120.63798782974482 21.346320770680904 8.110248498618601 3.728864297270774 8.0887167043983919 740.28888643532991 5.2243688851594907 4.0745075903832912 16.721598617732525 46.321480307728052 6.4789424389600745 7.2150025814771643
leaf_count=31 17 29 10 564 114 38 19 38 3456 25 23 79 285 31 41
internal_value=1.92652e-06 0.00232458 -2.00165e-05 0.00153414 0.00026446 -0.00045738 0.0252336 0.014254 -0.000179333 -0.0102584 -0.0381356 0.00109895 0.000225231 0.00662577 -0.000226875
internal_weight=1006.75 166.217 150.785 144.294 141.984 840.538 15.4319 11.8176 832.428 32.1235 9.29888 22.8246 800.304 52.8004 747.504
internal_count=4800 791 717 688 678 4009 74 57 3971 158 48 110 3813 316 3497
is_linear=0
shrinkage=0.05


Tree=150
num_leaves=21
num_cat=0
split_feature=2 2 4 0 4 4 4 4 2 3 2 4 3 2 4 0 4 2 3 2
split_gain=0.425966 1.98479 2.16 1.94137 3.77857 1.7286 4.67692 4.27108 1.43441 2.89194 1.90503 4.01748 1.92272 1.84114 3.7915 6.061 4.60107 2.43943 5.80058 2.06522
threshold=9.3375637381856524 9.4938023048196047 0.43648698008202635 467.21557899268038 0.6774605167270884 0.77790490191698536 0.74242236336693457 0.84559736385178275 8.9196465634898683 3.6784859081459267 9.0471968026515519 0.61740636912689817 35.589156055361407 8.3927421315079425 0.71613543108449274 353.62063635154601 0.86794208486729274 7.986665055760489 6.861217267568386 7.7090210823098539
decision_type=2 2 2 2 2 2 2 2 2 2 2 2 2 2 2 2 2 2 2 2
left_child=8 3 -3 4 -2 6 -4 -7 13 -10 12 -12 -11 17 15 -15 -16 19 -19 -1
right_child=1 2 5 -5 -6 7 -8 -9 9 10 11 -13 -14 14 16 -17 -18 18 -20 -21
leaf_value=-0.00034959663314901773 -0.016465095464982898 -0.04479808489687765 0.00010993068657975708 0.044150643877376217 0.04627267392311489 -0.050220531545830893 0.053872507859024768 0.01199115484702949 0.028992837678287975 -0.011747105702273691 0.024501774657346882 -0.018558146153312461 -0.054080593625558761 -0.014398316002457227 0.038903481148467381 0.029531860088177236 -0.021649184751891679 -0.053768460421469357 -0.0037877013393193175 0.012482400096689166
leaf_weight=766.74654393456876 6.4588377922773343 2.6527750715613356 33.760817885398865 5.2793077379465094 3.819102555513382 4.9871596321463567 4.5958722233772269 6.1747322455048561 4.4215722084045401 5.7418014109134656 7.4831140264868763 19.617591202259064 5.0334758535027504 24.985039956867695 15.588154114782812 11.449690721929072 3.9275530874729148 7.0034716278314582 33.924163581803441 32.69283514469862
leaf_count=3667 29 19 154 23 20 24 22 33 21 27 37 92 24 109 79 56 22 31 159 152
internal_value=2.07433e-06 0.00383157 -0.000842462 0.019506 0.00684716 0.0015123 0.00655173 -0.0158052 -0.000274255 -0.00927206 -0.013739 -0.00666833 -0.0315224 0.000150355 0.00893279 -0.000593166 0.0267172 -0.000434367 -0.0123403 0.000175164
internal_weight=1006.34 67.7286 52.1714 15.5572 10.2779 49.5186 38.3567 11.1619 938.615 42.2976 37.876 27.1007 10.7753 896.317 55.9504 36.4347 19.5157 840.367 40.9276 799.439
internal_count=4800 324 252 72 49 233 176 57 4476 201 180 129 51 4275 266 165 101 4009 190 3819
is_linear=0
shrinkage=0.05


Tree=151
num_leaves=24
num_cat=0
split_feature=0 5 0 5 2 2 4 3 0 3 3 3 0 3 3 5 4 6 3 4 2 5 5
split_gain=0.429653 1.63932 8.78529 4.96253 4.03927 7.26257 3.576 3.42113 3.44498 3.37578 7.95293 5.21904 1.45529 2.27769 2.65666 4.07913 2.19368 1.38286 3.6265 1.27111 2.07906 1.09902 1.04509
threshold=318.17686993500365 9.1898458614200518 346.75571640075026 8.7344313683239054 2.0330815564462705 1.2304774453614151 0.40523642047195652 106.01314248378942 346.75571640075026 14.172409462477729 5.5879602316222821 29.870014794671494 270.47785203020834 3.1460525290826209 30.212287806720159 4.3247055481100523 0.65312427761033043 4.5000000000000009 13.023032802819158 0.32579984418488156 0.1332030497602055 11.1096441984182 9.3134041703925217
decision_type=2 2 2 2 2 2 2 2 2 2 2 2 2 2 2 2 2 2 2 2 2 2 2
left_child=12 3 21 7 5 -4 -6 8 -2 10 -5 -11 17 -14 15 -15 -16 19 -19 22 -21 -3 -1
right_child=1 2 4 9 6 -7 -8 -9 -10 11 -12 -13 13 14 16 -17 -18 18 -20 20 -22 -23 -24
leaf_value=-0.045866494696684135 0.01999459814613725 -0.070176611559767996 -0.0060620811269819436 -0.0089095904081852775 -0.046049574620572416 0.04949014660069799 -0.0044942961684101349 0.036549982087172493 -0.0035724021086444933 -0.031629340960507631 0.076858712692555314 0.03207438880641101 -0.031176986924614042 -0.016064968127352756 -0.016901389286347285 0.029840904926934444 0.013250858947825737 0.015120118027362607 -0.042849733026238436 -0.031813822663648073 0.00097556017494691133 -0.035375239223900672 -0.0010157950853464527
leaf_weight=2.6857272684574118 16.616292454302311 4.6631523817777616 14.925906445831062 4.5025616884231585 5.4708967246115199 9.7113195285201055 96.400188036262989 5.8919341117143622 232.19988749548793 5.5446760654449445 6.7617277055978775 7.6525993943214417 3.421859771013259 6.039901643991473 11.813764840364458 24.341899663209915 12.325808718800543 4.7912135496735555 6.1749155148863792 4.8804397433996192 512.25952848419547 4.4177809059619904 2.5152359083294868
leaf_count=16 74 20 70 22 41 47 454 28 1095 27 31 36 16 27 53 114 60 22 32 26 2444 20 25
internal_value=2.0606e-06 -0.00123166 -0.00574216 0.000959039 -0.00233226 0.0158351 -0.00672599 -0.00110686 -0.00199856 0.0224703 0.0425754 0.00531004 0.000867507 0.00839319 0.0108767 0.0207148 -0.00150547 4.98492e-05 -0.0175221 0.000418758 0.000666115 -0.0532461 -0.0241763
internal_weight=1006.01 414.759 135.589 279.17 126.508 24.6372 101.871 254.708 248.816 24.4616 11.2643 13.1973 591.25 57.9432 54.5214 30.3818 24.1396 533.307 10.9661 522.341 517.14 9.08093 5.20096
internal_count=4800 1965 652 1313 612 117 495 1197 1169 116 53 63 2835 270 254 141 113 2565 54 2511 2470 40 41
is_linear=0
shrinkage=0.05


Tree=152
num_leaves=21
num_cat=0
split_feature=2 2 4 0 4 4 4 4 2 2 4 5 3 6 2 4 2 4 4 2
split_gain=0.408018 1.79575 1.98355 1.73498 3.45545 1.55401 4.28745 3.8316 1.32508 2.98139 4.67749 5.30876 2.39815 1.88034 1.45189 5.42596 1.87322 1.37937 3.01726 2.65022
threshold=9.3375637381856524 9.4938023048196047 0.43648698008202635 467.21557899268038 0.6774605167270884 0.77790490191698536 0.74242236336693457 0.84559736385178275 8.7849190784992395 8.4851834057151603 0.71613543108449274 7.2774371414928103 3.6784859081459267 1.5000000000000002 7.986665055760489 0.65312427761033043 7.7090210823098539 0.68190212113422366 0.63191311311870046 8.9196465634898683
decision_type=2 2 2 2 2 2 2 2 2 2 2 2 2 2 2 2 2 2 2 2
left_child=8 3 -3 4 -2 6 -4 -7 9 14 11 -11 -10 -12 16 -16 -1 18 -14 -19
right_child=1 2 5 -5 -6 7 -8 -9 12 10 13 -13 17 -15 15 -17 -18 19 -20 -21
leaf_value=-0.00033972015392190778 -0.015558604401137472 -0.043536430634109835 0.0001849339345534931 0.04191740022114674 0.044833593823795814 -0.047413611571022328 0.051992276170890084 0.011531225192010976 0.023439871710928737 -0.026861073626940846 0.061527486401404909 0.023882657389708645 -0.0072290118938601149 0.020608483044156214 0.010952300585402405 -0.022742959154208847 0.011890059992354707 0.027932097010495451 -0.042827991184355901 -0.011205825517968903
leaf_weight=766.31976683810353 6.4445776641368848 2.5683151744306079 33.739653177559376 5.2959164530038825 3.7449047416448593 4.9977623000740987 4.5296750962734214 6.1488978415727615 5.6149849593639365 9.3335569649934786 5.6485426872968656 11.511036612093447 18.418455891311172 5.5820476338267326 20.490871269255877 28.655775919556618 32.644377090036869 5.5722166076302555 8.7941562980413419 19.331019446253777
leaf_count=3667 29 19 154 23 20 24 22 33 27 41 32 51 88 28 95 133 152 29 41 92
internal_value=1.63817e-06 0.00375716 -0.000694925 0.0187028 0.00663713 0.00153169 0.00631701 -0.0148975 -0.000268518 0.000212793 0.0151763 0.0011612 -0.00760677 0.0411891 -0.000353121 -0.00869429 0.000159969 -0.0109517 -0.0187333 -0.00244853
internal_weight=1005.39 67.4697 51.9843 15.4854 10.1895 49.416 38.2693 11.1467 937.917 880.186 32.0752 20.8446 57.7308 11.2306 848.111 49.1466 798.964 52.1158 27.2126 24.9032
internal_count=4800 324 252 72 49 233 176 57 4476 4199 152 92 277 60 4047 228 3819 250 129 121
is_linear=0
shrinkage=0.05


Tree=153
num_leaves=24
num_cat=0
split_feature=5 4 5 4 0 0 3 3 4 0 3 5 4 4 4 4 5 2 2 3 4 4 5
split_gain=0.418136 2.45235 3.25555 2.95309 3.84096 3.18916 4.73568 4.26416 2.24092 2.0049 1.95334 1.78929 3.08718 3.68548 3.33426 2.61603 1.86775 2.00474 4.49563 3.28106 2.00009 1.23975 0.646995
threshold=3.2722338282937495 0.73364560477308616 2.921048598352546 0.69531270844270854 314.38453930629686 233.81702776090069 21.178019650877165 24.290883952635706 0.83849601648177063 146.34093274242869 25.293349912554685 4.901657019678809 0.49516727602971483 0.51753237224401605 0.54615597938954441 0.44022818348255716 6.4474367890262467 7.0699709191333522 6.4911579666020698 69.684297323792322 0.3065755169846946 0.34632031773320021 10.261365317767783
decision_type=2 2 2 2 2 2 2 2 2 2 2 2 2 2 2 2 2 2 2 2 2 2 2
left_child=1 3 8 5 -5 6 -1 -7 9 -3 -10 12 15 -14 -15 -2 17 18 -13 -19 22 -22 -18
right_child=11 2 -4 4 -6 7 -8 -9 10 -11 -12 16 13 14 -16 -17 20 19 -20 -21 21 -23 -24
leaf_value=-0.014136944204114177 0.0041207924061016418 0.00038292137892020385 -0.029677276142926957 -0.05547374218032624 -0.00054919401541989347 0.004731577660080733 0.028564108442351955 -0.037732332958104062 0.0099365221093887669 0.0259715837959788 -0.035028834612877945 -0.0043119281092943544 -0.046989426124132094 0.042528604735604582 0.0025350300124081398 0.046911536822238128 -0.016979516084738973 -0.0098853786728348506 0.03918861910110305 -0.055804855339668294 0.020867332252477656 0.00071298570056916341 -0.053882806525582451
leaf_weight=12.426215007901193 6.416505876928567 12.110436193644999 5.774189591407775 7.0809813439846021 5.7824142500758171 11.45452391728759 13.598596557974814 12.218025356531141 5.2464135736227018 20.806375131011009 4.4756717830896378 93.137777555733919 3.5335402786731711 5.569288194179534 81.111385852098465 8.0563369616866094 3.275106042623519 42.524310648441315 6.3439361825585356 4.2817846685647956 7.7237429097294799 630.0591304153204 1.8635087460279463
leaf_count=54 33 57 29 31 28 59 59 58 25 97 22 441 16 24 377 36 21 194 29 20 39 3020 31
internal_value=1.83721e-06 -0.00289289 0.00555641 -0.00943144 -0.0307838 -0.00390471 0.00817539 -0.0171852 0.0103278 0.0165572 -0.0107638 0.000361206 0.0065033 0.0030642 0.00510464 0.0279403 -0.00045353 -0.0055528 -0.0015379 -0.0140861 0.000706737 0.000957061 -0.0303624
internal_weight=1004.87 110.974 48.4131 62.5608 12.8634 49.6974 26.0248 23.6725 42.6389 32.9168 9.72209 893.896 104.687 90.2142 86.6807 14.4728 789.209 146.288 99.4817 46.8061 642.921 637.783 5.13861
internal_count=4800 519 230 289 59 230 113 117 201 154 47 4281 486 417 401 69 3795 684 470 214 3111 3059 52
is_linear=0
shrinkage=0.05


Tree=154
num_leaves=19
num_cat=0
split_feature=3 3 0 6 3 4 2 4 4 0 2 2 4 4 5 4 4 3
split_gain=0.428758 2.61166 2.28852 3.16968 2.25714 2.13728 1.66856 1.65239 6.20645 2.9558 2.73401 1.84181 1.46447 2.48793 2.09337 1.30927 4.85902 4.6709
threshold=40.700360678449861 43.412601287741303 529.40617910048275 1.5000000000000002 39.439807305591621 0.68190212113422366 4.5440615115440561 0.73597269134278398 0.72537693365283429 976.90036916712791 1.4755785071093703 7.5554995540023109 0.40523642047195652 0.39287050939010298 5.7564129236053958 0.52357823649972601 0.53721715462857078 18.287120370669815
decision_type=2 2 2 2 2 2 2 2 2 2 2 2 2 2 2 2 2 2
left_child=4 2 3 5 12 -2 -6 8 11 10 -9 -3 13 14 -1 17 -17 -14
right_child=1 7 -4 -5 6 -7 -8 9 -10 -11 -12 -13 15 -15 -16 16 -18 -19
leaf_value=0.022736553319168504 0.044544742559253531 0.002694068018619631 0.042678968134560853 -0.017943618736987341 -0.00391758739824758 -0.002142198825806877 -0.041256147300303414 0.035602631350241304 -0.04446549089198043 -0.036065724971064687 0.0050409252140726007 -0.00973608820382868 -0.002329922955104158 -0.046544245168173272 -0.012551434281003145 -0.028956045012927922 8.3123024590823908e-05 0.022162693162319634
leaf_weight=5.3032555095851484 6.0895597338676506 119.51665599644184 6.5550784766674033 7.0017024204134932 6.1261572837829572 4.1031092740595341 5.8484033867716789 8.2375487089157087 8.4151018559932691 3.9269044548273078 65.54715534299612 39.700126349925995 57.701973889023066 4.2496763020753852 20.252572853118181 14.764594554901121 591.87477931752801 29.375525519251823
leaf_count=29 26 537 31 33 28 24 29 46 39 20 327 183 276 23 135 66 2812 136
internal_value=1.51221e-06 0.00170925 0.0175413 0.00795797 -0.00062329 0.0257507 -0.0221538 0.000176693 -0.00261716 0.00620332 0.00845293 -0.000405346 -0.000266951 -0.0111194 -0.0052286 0.000199323 -0.000623642 0.00593264
internal_weight=1004.59 269.093 23.7494 17.1944 735.497 10.1927 11.9746 245.343 167.632 77.7116 73.7847 159.217 723.522 29.8055 25.5558 693.717 606.639 87.0775
internal_count=4800 1266 114 83 3534 50 57 1152 759 393 373 720 3477 187 164 3290 2878 412
is_linear=0
shrinkage=0.05


Tree=155
num_leaves=18
num_cat=0
split_feature=2 4 4 5 2 5 2 5 4 5 3 5 5 3 3 5 0
split_gain=0.414796 3.64825 3.78625 1.9688 4.61472 3.52216 1.31513 4.18947 3.2754 2.77419 1.13326 3.70348 8.07644 7.11336 3.5304 2.57491 2.03279
threshold=1.2713060505236264 0.4115639261551734 0.47031132642397327 10.05711769357219 0.67840467230281654 7.678057826734733 1.6080306085472815 4.3695569115877708 0.74982313132037259 6.5144169166003367 9.1674978827146862 9.6803403557051606 7.7170567690812328 8.3630880454291532 13.258588340585336 8.7344313683239054 1223.2380518712805
decision_type=2 2 2 2 2 2 2 2 2 2 2 2 2 2 2 2 2
left_child=1 -1 -3 5 -5 -4 7 -2 9 -9 11 12 -8 -13 15 -12 -16
right_child=6 2 3 4 -6 -7 10 8 -10 -11 14 13 -14 -15 16 -17 -18
leaf_value=0.040310302319044443 0.05246823773250367 -0.041064161803265345 0.0010253863328320584 0.030404165352927143 -0.010893081720216408 -0.020739536192247082 4.607104267056701e-05 -0.044915655009984817 0.038026853719907723 0.0026045692830128559 -0.017592381230156998 -0.0026348131888031777 0.024877725420167418 -0.06862457140570509 0.0008794829121122629 0.00091069922399415878 -0.018444110351429812
leaf_weight=4.73872311040759 5.0160138756036785 6.6569470763206473 57.681999422609806 13.360016107559206 13.702764205634592 27.426216907799244 115.84818137437105 3.9821880608797136 4.8956196531653395 13.426503911614416 51.195974767208099 56.324665851891041 45.648001149296761 4.4030110239982596 536.19809142872691 29.715982086956501 13.96440804377198
leaf_count=25 23 32 276 67 72 136 541 17 29 64 236 284 214 21 2532 146 85
internal_value=1.19578e-06 -0.00271164 -0.00442731 -0.00225304 0.00949403 -0.00598838 0.000381856 0.0111805 0.00189527 -0.00826554 3.6113e-05 0.00310676 0.00706491 -0.00741935 -0.00104517 -0.0107969 0.000389005
internal_weight=1004.19 123.567 118.828 112.171 27.0628 85.1082 880.619 27.3203 22.3043 17.4087 853.298 222.224 161.496 60.7277 631.074 80.912 550.162
internal_count=4800 608 583 551 139 412 4192 133 110 81 4059 1060 755 305 2999 382 2617
is_linear=0
shrinkage=0.05


Tree=156
num_leaves=20
num_cat=0
split_feature=0 0 2 2 4 4 5 4 5 2 0 2 3 6 3 6 3 3 2
split_gain=0.405277 1.61848 3.00074 2.6666 1.41264 1.79218 2.62464 2.16231 1.59019 2.28571 0.987203 4.64952 4.96412 5.5969 0.818754 2.13432 1.91136 1.82796 0.704153
threshold=155.80533392645404 143.1719897472415 2.8868905271678842 7.986665055760489 0.87904272199694033 0.8577090538866553 8.298123578113513 0.84559736385178275 11.1096441984182 8.0629121160862116 170.05171711776072 3.3197346201129334 7.1321274464259217 1.5000000000000002 124.28307214418493 1.5000000000000002 106.01314248378942 100.11057708983483 6.4015048168888757
decision_type=2 2 2 2 2 2 2 2 2 2 2 2 2 2 2 2 2 2 2
left_child=1 4 -3 18 5 7 -7 -1 9 -6 11 -2 -13 -14 16 -16 17 -12 -4
right_child=10 2 3 -5 8 6 -8 -9 -10 -11 14 12 13 -15 15 -17 -18 -19 -20
leaf_value=-6.9921751300909869e-05 -0.044844821685735614 -0.017190399645986919 0.02930812336584079 0.00044831782685925337 0.048668200681732457 -0.042919172200567929 0.013942972514811473 0.03047901472877387 -0.010303537879898635 -0.0092181318693242819 -0.0001944165585280349 -0.040621382795409201 0.051811247798026122 -0.018388880665287075 -0.037822162649877818 0.010586247873943541 0.027659497707244098 -0.032561716189733657 0.056015578911422496
leaf_weight=309.1750766299665 7.0194887071847942 5.5948847904801395 5.4047607854008692 6.5659241154789916 5.3680501244962198 5.6184537410736066 3.1768518313765526 5.9031023234128943 3.4823403730988503 2.4993191361427307 603.87080311216414 4.4982112646102932 6.5305984541773778 5.0232648849487305 4.8762869536876661 4.2715819776058197 6.1178135052323332 4.3938256353139868 4.5420047789812088
leaf_count=1460 34 29 26 32 53 30 23 39 27 15 2847 20 31 23 23 19 28 20 21
internal_value=1.38413e-06 0.00135276 0.0144562 0.0251788 0.000488606 -0.000119003 -0.0223806 0.000502423 0.0178272 0.0302788 -0.000745426 -0.010902 0.00394109 0.0212904 -0.00036962 -0.0152179 -0.000148535 -0.000428223 0.0415036
internal_weight=1003.93 357.331 22.1076 16.5127 335.223 323.873 8.79531 315.078 11.3497 7.86737 646.602 23.0716 16.0521 11.5539 623.53 9.14787 614.382 608.265 9.94677
internal_count=4800 1755 108 79 1647 1552 53 1499 95 68 3045 108 74 54 2937 42 2895 2867 47
is_linear=0
shrinkage=0.05


Tree=157
num_leaves=14
num_cat=0
split_feature=0 2 5 3 3 0 0 0 5 3 3 4 0
split_gain=0.402254 2.9024 2.68143 2.95898 9.29906 2.61428 2.70102 3.01149 3.0665 2.57117 3.82013 2.8317 2.38037
threshold=27.16900903193692 8.9601058013611077 9.2145356046579803 8.1166501947082157 14.172409462477729 30.403553017641919 33.488107759470147 54.203670177324192 8.3317329962714002 48.192873975705659 63.327402363425811 0.45855621041237288 60.318999668660268
decision_type=2 2 2 2 2 2 2 2 2 2 2 2 2
left_child=1 2 9 -4 -5 -2 -7 8 -8 11 -11 -1 -9
right_child=5 -3 3 4 -6 6 7 12 -10 10 -12 -13 -14
leaf_value=-0.056863193637193138 0.031821245219489334 -0.035952809284386038 0.048483024191978571 -0.067332013414047473 0.026777367557260141 -0.030719803993793062 0.0026007574578569667 -0.018039169136108861 0.029555927026073289 0.048523423655847379 -0.0085077360818774841 -0.009064783557199349 3.6272154791597828e-05
leaf_weight=3.4285280108451834 6.5249817930161944 6.3197395578026763 4.976760488003495 3.4793366193771353 10.688844703137873 7.0724814236164084 27.412272062152624 18.611399680376053 17.153678614646196 4.6644071191549283 7.9251745939254761 32.195851530879736 853.15342959575355
leaf_count=18 36 32 27 17 57 36 137 90 97 23 36 159 4035
internal_value=1.98434e-06 -0.00355426 -0.000514572 0.0153167 0.00366655 0.000283748 6.08963e-05 0.00029847 0.0129759 -0.00680089 0.0126222 -0.013665 -0.000349622
internal_weight=1003.61 73.6786 67.3589 19.1449 14.1682 929.928 923.403 916.331 44.566 48.214 12.5896 35.6244 871.765
internal_count=4800 369 337 101 74 4431 4395 4359 234 236 59 177 4125
is_linear=0
shrinkage=0.05


Tree=158
num_leaves=22
num_cat=0
split_feature=2 3 3 5 5 4 4 6 4 5 6 2 2 3 3 2 3 4 4 2 3
split_gain=0.423419 1.67944 3.50123 3.7738 2.93046 2.57416 4.45291 4.86806 2.3407 1.73322 1.35695 1.15139 2.76741 3.46833 3.72578 2.15479 2.15192 1.26694 2.71358 2.35039 1.18827
threshold=9.3375637381856524 15.622088100611151 31.161593246298455 7.1650676707583836 10.33855204028065 0.78277998297522755 0.69788285488344681 1.0000000180025095e-35 0.6108783488397328 4.9609165559701678 1.5000000000000002 8.7849190784992395 8.3927421315079425 5.0784985180860271 48.891770254449959 8.3149581603826395 3.6784859081459267 0.68190212113422366 0.63191311311870046 8.9196465634898683 1.1453213004772616
decision_type=2 2 2 2 2 2 2 2 2 2 2 2 2 2 2 2 2 2 2 2 2
left_child=11 5 8 9 -5 6 7 -2 -3 -4 -10 12 15 -14 -15 20 -13 18 -18 -19 -1
right_child=1 2 3 4 -6 -7 -8 -9 10 -11 -12 16 13 14 -16 -17 17 19 -20 -21 -22
leaf_value=-0.0096304236122143356 -0.051718194395686423 -0.001183201527437683 -0.0067286282298063679 0.031044042523876488 -0.016245417791150834 -0.034240803917739086 0.043681439699154674 0.0072344430016015957 0.027366228004898019 -0.051322719091300921 0.063085517734816396 0.022391966790663402 0.047595274031658363 -0.0029701813501129756 0.034949226952036755 -0.026157574737339002 -0.0068875053196685576 0.026655696236014232 -0.040794781366492255 -0.010359578964209979 0.00019037150697788613
leaf_weight=32.036713510751724 4.9168832153081992 4.6991370469331768 4.6086610555648821 9.0624413192272169 5.1307803392410269 6.0894702896475783 5.0568664968013755 12.167239136993883 7.0765045881271345 4.1328487172722816 4.2591837197542191 5.5741704553365699 6.1382090374827376 25.255756132304668 8.7126088291406614 8.0654731169342977 18.355795934796337 5.5111961290240314 8.6960215270519239 19.332649953663349 798.39008142985404
leaf_count=158 24 23 21 43 26 30 23 57 34 21 22 27 29 119 42 38 88 29 41 92 3813
internal_value=2.15111e-06 0.00383583 0.0105635 -0.00196801 0.0139491 -0.00545107 0.00246701 -0.00973238 0.0284874 -0.027812 0.0407871 -0.000273067 0.000175421 0.0130062 0.00675584 -0.000438298 -0.00712956 -0.0103005 -0.0177873 -0.00214835 -0.000188501
internal_weight=1003.27 67.2 38.9696 22.9347 14.1932 28.2305 22.141 17.0841 16.0348 8.74151 11.3357 936.069 878.599 40.1066 33.9684 838.492 57.4698 51.8957 27.0518 24.8438 830.427
internal_count=4800 324 190 111 69 134 104 81 79 42 56 4476 4199 190 161 4009 277 250 129 121 3971
is_linear=0
shrinkage=0.05


Tree=159
num_leaves=24
num_cat=0
split_feature=6 5 5 4 4 5 4 5 2 2 3 5 5 4 0 4 4 4 5 2 0 2 2
split_gain=0.402776 1.93158 5.32736 3.94106 6.20722 3.77888 2.56768 2.19138 2.97778 1.84115 1.47535 0.820624 4.86539 5.18874 5.46019 2.62589 5.05333 3.443 3.27436 2.3674 2.65956 1.6978 2.72144
threshold=2.5000000000000004 5.0516435950119192 5.6881389514814602 0.54615597938954441 0.61849572719154866 3.2722338282937495 0.71489300546600865 7.9490876789705807 0.6387040972451431 6.9469079279709236 16.735604425751333 8.6450819786925361 8.4264750241708928 0.58531621865059891 172.25507296617019 0.77790490191698536 0.73178998668301787 0.74242236336693457 9.3445894328523114 9.6138245570228822 403.30109669667689 0.1332030497602055 0.19419027748152681
decision_type=2 2 2 2 2 2 2 2 2 2 2 2 2 2 2 2 2 2 2 2 2 2 2
left_child=11 3 10 5 -5 -2 -6 9 -9 -4 -3 12 21 -14 -15 16 18 -18 -13 20 -17 -1 -23
right_child=1 2 7 4 6 -7 -8 8 -10 -11 -12 15 13 14 -16 19 17 -19 -20 -21 -22 22 -24
leaf_value=-0.029065265415506192 0.0049449178059635945 -0.016525697564023192 0.013545605313910584 -0.049887353221118119 0.027725093388177753 0.072323158234708237 -0.0026451773936888414 0.031255243657395924 -0.0087931301308161545 -0.0095753536893210568 -0.054908968346574688 0.013798903641511238 -0.068683946435215429 0.025375479731678446 -0.041438697848147077 0.022027733931733788 -0.047958455208341737 -0.0089443435301648395 -0.00076375432846517504 -0.027222708618239097 0.0016694206150420382 0.0437044399726359 0.00013437296102153913
leaf_weight=4.9182642400264731 4.2318579256534559 4.206789553165434 30.94677672162652 5.3281111493706694 11.120443873107435 4.0942537672817707 18.600528635084629 4.9084386005997649 85.361780351027846 11.92940693348646 6.1832978799939156 50.362838312983513 5.1790696978569057 5.946502856910227 6.2946315258741379 37.450102433562279 7.8883939981460598 19.973811730742455 165.2637986317277 3.8127010911703101 28.063829556107521 3.6110723316669455 477.1450496762991
leaf_count=24 24 20 148 26 52 20 86 26 435 62 32 225 24 31 29 261 36 101 761 20 132 18 2207
internal_value=2.16291e-06 -0.00209143 -0.00488557 0.00715487 -0.000190924 0.0380773 0.00871821 -0.00219471 -0.0066155 0.00711268 -0.0393682 0.000481771 -0.000768604 -0.0267313 -0.00898168 0.00249272 4.8311e-05 -0.0199901 0.00263757 0.011078 0.013307 0.000162629 0.000461638
internal_weight=1002.82 186.912 143.536 43.3752 35.0491 8.32611 29.721 133.146 90.2702 42.8762 10.3901 815.91 503.095 17.4202 12.2411 312.815 243.489 27.8622 215.627 69.3266 65.5139 485.674 480.756
internal_count=4800 931 723 208 164 44 138 671 461 210 52 3869 2333 84 60 1536 1123 137 986 413 393 2249 2225
is_linear=0
shrinkage=0.05


Tree=160
num_leaves=22
num_cat=0
split_feature=2 2 0 3 0 3 0 4 2 2 4 5 3 3 6 0 4 2 4 2 4
split_gain=0.408198 1.64749 1.90413 4.90658 3.74827 3.13873 1.56422 3.20798 1.05326 2.54574 4.40472 4.73054 1.9796 2.22398 1.79214 1.72064 1.3999 1.18584 3.9062 3.11906 0.648657
threshold=9.3375637381856524 9.4938023048196047 467.21557899268038 16.295813631170272 386.95887345056184 15.622088100611151 467.21557899268038 0.6774605167270884 8.7849190784992395 8.4851834057151603 0.71613543108449274 5.7987632522045169 7.4574291309737397 11.516844295318696 1.5000000000000002 98.677883580999108 0.80750373435724787 7.9138200475180733 0.48714252502282729 7.8350288475512668 0.668121110586679
decision_type=2 2 2 2 2 2 2 2 2 2 2 2 2 2 2 2 2 2 2 2 2
left_child=8 6 4 -4 5 -3 7 -2 9 17 11 -11 16 -14 -12 -15 20 19 -19 -1 -10
right_child=1 2 3 -5 -6 -7 -8 -9 12 10 14 -13 13 15 -16 -17 -18 18 -20 -21 -22
leaf_value=-0.00017453570718810538 -0.014823420251680614 -0.017837411052439047 0.016798783640021204 -0.048437054792617368 0.046695129046089211 0.012209714217895622 0.040138208537212353 0.043745639452094039 0.0086176949695095564 -0.03687714064793212 0.060069680320545493 0.01574221711579514 -0.038020020851285079 -0.028163286612059243 0.019633617578836294 -0.0016591324432402438 -0.013951978962722751 0.025776116502695789 -0.01249284916993508 0.031347708667735369 0.0361581912861349
leaf_weight=781.17298091761768 6.3979260101914388 15.426354359835384 5.350312761962412 6.2486692070960999 4.6832111403346053 19.907381631433964 5.296358495950698 3.6842635124921799 4.3631929904222471 6.0071593150496545 5.4415131360292417 14.781361475586889 6.8269267976284018 7.6765199750661841 5.5196713954210281 30.269006192684174 3.925207518041133 7.7098340950906268 49.349782317876816 7.9271110296249381 4.1923022568225861
leaf_count=3743 29 72 28 31 21 100 23 20 20 27 32 65 32 37 28 148 20 40 226 38 20
internal_value=1.92159e-06 0.0037721 -0.000507751 -0.0183454 0.00466253 -0.000908559 0.0181368 0.00657906 -0.000268171 0.000160347 0.0140601 0.000537053 -0.00683899 -0.0117478 0.0397075 -0.00702102 0.0107704 -0.000361203 -0.00732199 0.000142129 0.0221129
internal_weight=1002.16 66.9945 51.6159 11.599 40.0169 35.3337 15.3785 10.0822 935.163 877.909 31.7497 20.7885 57.2532 44.7725 10.9612 37.9455 12.4807 846.16 57.0596 789.1 8.5555
internal_count=4800 324 252 59 193 172 72 49 4476 4199 152 92 277 217 60 185 60 4047 266 3781 40
is_linear=0
shrinkage=0.05


Tree=161
num_leaves=20
num_cat=0
split_feature=0 0 0 5 4 5 5 4 3 2 2 2 5 0 4 0 5 0 6
split_gain=0.387876 3.30338 3.24988 1.93911 2.35979 1.04333 4.66876 3.44834 2.65753 2.43347 3.58883 3.49593 0.818224 5.06529 3.91631 1.82025 6.08657 1.24516 0.695321
threshold=92.177834203878589 94.965732694402234 85.530713386802219 6.5819833810220425 0.63595009787024848 5.2565967478448945 6.1905390450667195 0.67984396980541995 2.258939906165907 6.8108799318924982 7.8793518753630147 4.6115061448313686 3.1706414694628222 149.01853846004769 0.74708083956459725 150.85849719158952 5.0870180326084666 226.97618266776985 1.5000000000000002
decision_type=2 2 2 2 2 2 2 2 2 2 2 2 2 2 2 2 2 2 2
left_child=2 -2 5 -4 -5 9 7 -7 -8 11 -11 -1 13 18 -15 16 -14 -17 -3
right_child=1 12 3 4 -6 6 8 -9 -10 10 -12 -13 15 14 -16 17 -18 -19 -20
leaf_value=0.0042948828517860322 -0.032570460237095193 -0.023746933015233011 0.0050907312884460867 0.013779139170948702 0.068689835128582843 -0.0091371722402288358 -0.024485696512956401 -0.057694037559225378 0.0029718468370344398 -0.040186236056386104 0.006260505199800522 0.03917112366271866 0.039080764114496173 -0.0094457186336392596 0.015148927655007572 -0.0056134478986310035 0.0020308141981020367 0.00034678871774441512 -0.049465497203040547
leaf_weight=26.823070518672466 7.9582055136561385 4.9952176213264448 6.7975568324327451 3.862636998295784 3.9650711864233017 9.3961565569043142 9.4783999808132631 5.9855227693915358 125.41608427837491 6.0557888373732593 13.277605876326559 9.8143118955194932 12.527168750762938 42.359661038964987 26.195186033844948 107.31213078275323 96.291513685137033 477.69884737208486 5.54569111764431
leaf_count=131 36 23 30 18 24 42 50 28 647 27 62 48 58 199 125 503 469 2255 25
internal_value=1.99722e-06 -0.000521257 0.00185194 0.0246278 0.0415938 0.00023687 -0.00193345 -0.0280323 0.00104253 0.00606396 -0.00828798 0.0136374 -0.000191272 -0.0050095 -4.79683e-05 0.000358 0.00629599 -0.000746534 -0.0372778
internal_weight=1001.76 780.884 220.872 14.6253 7.82771 206.247 150.276 15.3817 134.894 55.9708 19.3334 36.6374 772.925 79.0958 68.5548 693.83 108.819 585.011 10.5409
internal_count=4800 3693 1107 72 42 1035 767 70 697 268 89 179 3657 372 324 3285 527 2758 48
is_linear=0
shrinkage=0.05


Tree=162
num_leaves=7
num_cat=0
split_feature=6 2 2 0 0 0
split_gain=0.394176 0.508912 0.854998 0.650525 3.16231 2.15855
threshold=5.5000000000000009 0.054234346753559405 0.1332030497602055 54.203670177324192 46.180532712973651 60.318999668660268
decision_type=2 2 2 2 2 2
left_child=1 -1 -3 4 -4 -5
right_child=-2 2 3 5 -6 -7
leaf_value=0.018822793982218498 -0.01447535650206469 -0.01673908073611197 0.00046983237755944323 -0.017460656917707158 0.024061757208783726 8.4269533153596317e-07
leaf_weight=3.6049282848834983 4.6794039588421574 7.5682839863002291 112.82784333080053 18.080303519964218 16.249973449856043 838.35587358102202
leaf_count=18 26 38 574 87 90 3967
internal_value=2.4549e-06 7.04276e-05 2.35577e-06 0.000130922 0.00343989 -0.000367789
internal_weight=1001.37 996.687 993.082 985.514 129.078 856.436
internal_count=4800 4774 4756 4718 664 4054
is_linear=0
shrinkage=0.05


Tree=163
num_leaves=24
num_cat=0
split_feature=0 5 0 5 5 2 3 2 3 3 3 2 0 3 3 5 4 0 5 5 0 5 5
split_gain=0.387625 1.43246 7.75292 4.17281 3.60087 4.62861 3.03335 3.17032 2.88471 7.23703 4.64612 2.44541 1.37944 2.08421 2.31686 3.69019 2.06314 1.27534 2.31868 6.59123 1.25102 1.23348 1.01712
threshold=318.17686993500365 9.1898458614200518 346.75571640075026 8.7344313683239054 9.3925583149999792 2.1834110089401579 106.01314248378942 0.082083245615460224 14.172409462477729 5.5879602316222821 29.870014794671494 5.2456105795806973 270.47785203020834 3.1460525290826209 30.212287806720159 4.3247055481100523 0.65312427761033043 243.61786116048305 10.090765076995465 8.298123578113513 239.46196855736295 14.145031592390097 11.1096441984182
decision_type=2 2 2 2 2 2 2 2 2 2 2 2 2 2 2 2 2 2 2 2 2 2 2
left_child=12 3 22 6 11 -6 7 -2 9 -5 -10 -4 17 -14 15 -15 -16 20 19 -19 21 -1 -3
right_child=1 2 4 8 5 -7 -8 -9 10 -11 -12 -13 13 14 16 -17 -18 18 -20 -21 -22 -23 -24
leaf_value=-5.8868620288527986e-05 0.066584366329851777 -0.066302055807320681 -0.057542040254483909 -0.010153971309612609 0.019074215131769417 -0.0050198272830178532 0.034645556753518499 -0.0023261183012874068 -0.03028776029515819 0.071579823289902103 0.029943387505327459 -0.0078454423051758284 -0.029639836517896485 -0.01518194160153292 -0.01600203626999638 0.0285178945967914 0.013324868083335009 0.00094557182294902195 0.019247830694054266 -0.050217717105459782 0.020679862850068603 0.015166043807299781 -0.032816055831790085
leaf_weight=473.58766661211848 1.6804445683956135 4.6652384698390943 4.64417716860771 4.4928830265998858 25.577664505690336 90.321439426392317 5.824278697371482 246.36608865484595 5.5156889855861646 6.8184474855661392 7.6319918483495712 5.3005933165550232 3.4272521436214438 6.0381661653518703 11.747934505343439 24.162276949733496 12.250742733478544 20.324011147022251 5.9804475009441367 9.1194580495357496 7.7010673731565467 13.687860030680893 4.4126178771257401
leaf_count=2296 8 20 22 22 123 442 28 1161 27 31 36 25 16 27 53 114 60 91 28 43 36 71 20
internal_value=2.43471e-06 -0.00117108 -0.00539917 0.000878499 -0.00218004 0.000297464 -0.00102178 -0.00185927 0.0206023 0.039115 0.00467534 -0.0310536 0.000827156 0.00817424 0.0105654 0.0197807 -0.00103136 2.89184e-05 -0.00913592 -0.0149011 0.000684817 0.000368808 -0.050025
internal_weight=1001.28 413.252 134.922 278.33 125.844 115.899 253.871 248.047 24.459 11.3113 13.1477 9.94477 588.027 57.6264 54.1991 30.2004 23.9987 530.401 35.4239 29.4435 494.977 487.276 9.07786
internal_count=4800 1965 652 1313 612 565 1197 1169 116 53 63 47 2835 270 254 141 113 2565 162 134 2403 2367 40
is_linear=0
shrinkage=0.05


Tree=164
num_leaves=16
num_cat=0
split_feature=3 5 2 5 2 0 0 3 4 4 3 3 3 4 3
split_gain=0.412815 1.72633 4.08598 5.27653 3.96048 2.66741 2.88865 1.32708 1.31176 1.11457 1.61402 1.06333 0.871665 1.74984 0.757387
threshold=87.927798015473641 7.9983969199003022 8.3482434314069689 11.253231699926621 7.1810388333589321 462.81428708816111 330.35622204022519 80.758034174830968 0.73006620348914775 0.78277998297522755 83.205039841268089 77.713336443458317 71.073572223101039 0.7181198798098104 57.926183165398974
decision_type=2 2 2 2 2 2 2 2 2 2 2 2 2 2 2
left_child=7 4 3 8 5 6 -2 11 -3 10 -9 12 14 -14 -1
right_child=1 2 -4 -5 -6 -7 -8 9 -10 -11 -12 -13 13 -15 -16
leaf_value=0.00027787025429584886 0.011583749953428061 -0.032047241734894837 0.028406921893127237 0.014459821556868917 -0.030235357420482313 -0.018199213374104278 0.059576581149789989 0.04186044087578724 -0.066560643641194767 -0.0081646254095795647 0.0042327900330231512 -0.018185450948256979 -3.3216299314504588e-06 0.031837278877724036 -0.0060226963211440126
leaf_weight=858.06745843403041 11.735338360071191 8.107992768287664 4.4079779237508765 5.6963090002536765 6.4435046762228003 4.7674038410186759 4.2783693075180045 5.6075503528118116 4.168508529663085 3.9215480014681807 5.7952629774808884 7.9739184230566016 12.906507238745691 6.4820757061243048 50.505300544202328
leaf_count=4123 54 38 22 26 31 21 21 25 21 21 26 36 56 34 245
internal_value=2.34993e-06 -0.00444443 -0.014732 -0.0253121 0.00401274 0.0146319 0.024406 0.000234236 -0.0437663 0.0148291 0.0227369 -4.73023e-06 0.000151496 0.0106418 -7.23626e-05
internal_weight=1000.87 49.6054 22.3808 17.9728 27.2246 20.7811 16.0137 951.26 12.2765 15.3244 11.4028 935.935 927.961 19.3886 908.573
internal_count=4800 234 107 85 127 96 75 4566 59 72 51 4494 4458 90 4368
is_linear=0
shrinkage=0.05


Tree=165
num_leaves=17
num_cat=0
split_feature=2 4 4 2 4 5 4 4 0 0 2 5 6 4 0 4
split_gain=0.416121 3.23492 3.40144 1.70842 3.29096 2.07552 1.25207 2.73216 3.42751 1.99056 1.54234 4.15195 3.28379 1.22924 5.24117 1.05964
threshold=1.2713060505236264 0.4115639261551734 0.47031132642397327 0.95384904913168322 0.68190212113422366 10.135177805739177 0.40523642047195652 0.39287050939010298 777.15683096908526 445.77369593326006 1.6080306085472815 4.3695569115877708 1.0000000180025095e-35 0.43648698008202635 330.35622204022519 0.93273792561074609
decision_type=2 2 2 2 2 2 2 2 2 2 2 2 2 2 2 2
left_child=1 -1 -3 5 -5 -4 7 8 9 -2 11 -8 -13 14 -12 -15
right_child=6 2 3 4 -6 -7 10 -9 -10 -11 13 12 -14 15 -16 -17
leaf_value=0.037534314537401206 -0.0025705875162398517 -0.039333540897254188 -0.0030168157770326357 -0.031057978208408707 0.0024309743321624007 0.015659016524011388 0.055194867846820664 -0.038647401691856285 -0.049118189577489632 0.033348894368798301 -0.0049619101867413879 0.042504395175865531 -0.0070122907118748499 -6.9103774110049695e-05 0.051495083764158373 0.017677726172423937
leaf_weight=4.7968977000564328 26.1667645983398 6.5628913119435301 62.680449135601521 13.297685429453852 16.363104164600372 19.506396077573299 4.7317823171615627 6.23467694222927 3.5578408483415833 4.5238816644996396 12.91485942900181 4.2199196666479137 16.208541266620159 784.40023433789611 6.0303574167191973 8.5023777000606042
leaf_count=25 152 32 307 62 81 101 22 34 28 27 62 22 78 3677 33 57
internal_value=2.35857e-06 -0.00271866 -0.00434934 -0.00229656 -0.012583 0.00141574 0.000384413 -0.00820357 -0.0026615 0.00272404 0.000799784 0.0129918 0.0032164 0.000421938 0.0130086 0.000121197
internal_weight=1000.7 123.207 118.411 111.848 29.6608 82.1868 877.491 40.4832 34.2485 30.6906 837.008 25.1602 20.4285 811.848 18.9452 792.903
internal_count=4800 608 583 551 143 408 4192 241 207 179 3951 122 100 3829 95 3734
is_linear=0
shrinkage=0.05


Tree=166
num_leaves=25
num_cat=0
split_feature=2 2 0 3 2 2 4 4 5 4 2 5 5 5 5 4 3 3 4 4 4 4 4 4
split_gain=0.38995 2.45021 7.66114 6.61228 3.74978 5.75244 4.35141 3.07591 2.58005 2.50742 2.05081 1.95069 5.6767 3.74902 6.49864 7.55282 3.31059 4.41909 2.36416 3.3636 2.61634 1.8239 4.79737 1.52641
threshold=5.441400756188707 6.1627610171515963 241.19257214236902 9.6246300092072534 6.3104501449302965 6.4608294204317378 0.57123311106543151 0.7375504802858367 8.2691963071925425 0.55104626091469133 6.5677542417482693 7.5766237426020728 7.5026751192535759 8.6450819786925361 8.4950746048336452 0.76841285911514334 0.99653409060460552 2.9855256568733322 0.8735345900701087 0.90007348229249839 0.84559736385178275 0.77185846557187487 0.67128907649410363 0.81639447911187502
decision_type=2 2 2 2 2 2 2 2 2 2 2 2 2 2 2 2 2 2 2 2 2 2 2 2
left_child=11 2 7 -4 21 6 -6 9 -5 -2 -7 12 18 14 15 -13 -15 -18 20 -20 -1 22 -3 -9
right_child=1 4 3 8 5 10 -8 23 -10 -11 -12 13 -14 16 -16 -17 17 -19 19 -21 -22 -23 -24 -25
leaf_value=0.0011409711495454988 0.04588721297112977 -0.039562134713404001 0.035171156613623571 -0.029711530646999097 -0.008997589158425209 -0.021470857844443469 0.056444757760699807 0.073890672927356876 0.00038791239407928675 0.0080294441019563446 0.00011656454424175533 0.0010602483776299804 0.054105006450260611 -0.03418062380147481 -0.058947853912424124 -0.043146777829076929 0.028819996248899332 -0.0014154928410268961 0.053349023761084829 -0.010011348750657574 -0.028036324929169704 -0.051519655349291787 0.02754378009199553 0.032679705214737807
leaf_weight=244.03182432428002 5.9439115785062375 6.9061632677912694 7.8039692826569071 16.441271588206295 3.7591251805424672 11.352386526763437 7.8330109491944313 4.3531918376684171 12.557076990604399 16.557578153908253 356.26349281333387 43.446215659379959 5.1516835168004027 7.1140786930918685 7.2954915091395369 12.425239097326992 12.913986492902039 188.2061358448118 5.0114227309823018 3.5988690257072449 7.9329998791217795 4.4443528801202765 4.335107296705246 4.6438489742577076
leaf_count=1140 27 32 37 75 19 57 38 22 57 74 1684 200 24 35 37 68 65 939 30 23 42 24 20 31
internal_value=1.8621e-06 0.00106493 0.00980907 -0.00568306 -0.000447455 0.000543479 0.035223 0.0279098 -0.0166776 0.0180298 -0.000550079 -0.000914881 0.0021303 -0.00389639 -0.0145661 -0.00877094 -0.000659772 0.000525937 0.00110274 0.0268661 0.000222337 -0.0244038 -0.0136833 0.0526195
internal_weight=1000.32 463.194 68.3008 36.8023 394.894 379.208 11.5921 31.4985 28.9983 22.5015 367.616 537.128 265.727 271.401 63.1669 55.8715 208.234 201.12 260.575 8.61029 251.965 15.6856 11.2413 8.99704
internal_count=4800 2197 323 169 1874 1798 57 154 132 101 1741 2603 1259 1344 305 268 1039 1004 1235 53 1182 76 52 53
is_linear=0
shrinkage=0.05


Tree=167
num_leaves=17
num_cat=0
split_feature=2 0 0 0 5 2 2 2 3 3 2 3 5 4 4 2
split_gain=0.386662 1.55062 2.86968 2.99099 2.85028 1.91138 0.962757 2.37014 3.26368 3.37217 1.83484 1.82651 1.24074 1.15285 2.53328 2.07446
threshold=9.3375637381856524 27.16900903193692 125.66199236250456 139.93834877112579 6.7441021480278041 9.4938023048196047 8.7849190784992395 8.3927421315079425 5.0784985180860271 48.891770254449959 8.3149581603826395 3.6784859081459267 14.803882806893833 0.68190212113422366 0.63191311311870046 8.9196465634898683
decision_type=2 2 2 2 2 2 2 2 2 2 2 2 2 2 2 2
left_child=6 -2 4 -4 -3 -5 7 10 -9 -10 12 -8 -1 14 -13 -15
right_child=1 2 3 5 -6 -7 11 8 9 -11 -12 13 -14 15 -16 -17
leaf_value=7.2942627960748959e-05 -0.025404044024350692 -0.00041980581566141925 -0.05774678686041837 0.020756203035650789 0.047785714429920349 -0.0027026665708974776 0.020758877951627827 0.045857975242862073 -0.0032769833583400514 0.03296482343871069 -0.024185569615570904 -0.0060972179912157495 -0.014623171316334189 0.025510141060377373 -0.039004416216659003 -0.0093940224842960773
leaf_weight=813.84250668436289 4.2887369245290747 5.3741635084152204 2.1240217611193648 11.40092448890209 7.1410081163048744 36.423432782292366 5.5304887741804114 6.0603702738881102 25.068034067749977 8.6274082437157613 8.0415793806314451 18.2310168966651 14.619995899498461 5.4616750627756145 8.6107514053583127 19.297566793859005
leaf_count=3899 23 25 10 52 39 175 27 29 119 42 38 88 72 29 41 92
internal_value=2.66445e-06 0.0036789 0.00567573 0.000311203 0.0270857 0.00288973 -0.000260245 0.000149787 0.012078 0.0060024 -0.000417113 -0.00654915 -0.000186402 -0.00947597 -0.0166537 -0.00169447
internal_weight=1000.14 66.7523 62.4636 49.9484 12.5152 47.8244 933.391 876.26 39.7558 33.6954 836.504 57.1315 828.463 51.601 26.8418 24.7592
internal_count=4800 324 301 237 64 227 4476 4199 190 161 4009 277 3971 250 129 121
is_linear=0
shrinkage=0.05


Tree=168
num_leaves=16
num_cat=0
split_feature=3 5 5 4 5 0 0 4 3 5 3 4 3 0 5
split_gain=0.388236 1.63998 4.41068 3.24658 2.06668 1.43168 2.70332 2.35245 1.2093 1.06869 0.978732 0.971125 0.787618 1.63396 0.718242
threshold=87.927798015473641 9.0598157721103139 10.209603116849186 0.62919190049494167 2.921048598352546 346.75571640075026 462.81428708816111 0.5921467818698033 80.758034174830968 6.5819833810220425 77.713336443458317 0.65457703965936231 71.073572223101039 149.01853846004769 10.962443237175515
decision_type=2 2 2 2 2 2 2 2 2 2 2 2 2 2 2
left_child=8 4 -3 -4 -2 7 -7 -6 10 -10 12 -11 14 -14 -1
right_child=1 2 3 -5 5 6 -8 -9 9 11 -12 -13 13 -15 -16
leaf_value=0.00055831719736536604 -0.027941191731374972 -0.053402204266434619 0.030175619293639253 -0.024442371026897287 -0.026873945036466729 0.049252008949338705 -0.0016230757275592822 0.011723656547837105 -0.00066868017654951584 0.042176192851824494 -0.017453528581350471 0.0084234372477966554 -0.011387179490726809 0.019979265458532042 -0.0032456033879990614
leaf_weight=759.43551569990814 4.8721217960119239 5.5690563023090389 5.1421456634998304 5.7780459225177765 5.9773819297552171 4.8646378964185697 5.6365951746702194 11.625533774495123 6.7690113559365264 4.4284438192844373 7.9645028710365287 4.1078554317355156 6.047891058027747 13.24430266022682 148.33066732808948
leaf_count=3617 23 27 23 28 28 23 27 55 31 20 36 21 30 60 751
internal_value=2.67716e-06 -0.00431598 -0.0171907 0.00127638 0.00212182 0.00733353 0.0219445 -0.00138284 0.000227467 0.0141683 -7.29681e-07 0.0259336 0.00014921 0.0101462 -6.32504e-05
internal_weight=999.794 49.4655 16.4892 10.9202 32.9763 28.1041 10.5012 17.6029 950.328 15.3053 935.023 8.5363 927.058 19.2922 907.766
internal_count=4800 234 78 51 156 133 50 83 4566 72 4494 41 4458 90 4368
is_linear=0
shrinkage=0.05


Tree=169
num_leaves=19
num_cat=0
split_feature=0 0 2 0 2 0 0 0 4 3 4 4 6 3 5 3 3 2
split_gain=0.375934 2.03852 1.26237 4.59579 2.78101 2.25934 1.2397 1.94997 3.04974 2.43717 2.15724 1.57298 1.21657 3.27139 1.21035 1.10207 3.47072 1.99825
threshold=322.10939941068466 330.35622204022519 0.75159290641154686 403.30109669667689 0.84589393481324504 529.40617910048275 270.47785203020834 282.68151501951832 0.45358242440157609 5.5879602316222821 0.73897709223530683 0.59540538817866395 4.5000000000000009 13.023032802819158 6.4474367890262467 6.0881081798365573 3.2583341413554607 9.8796510528359676
decision_type=2 2 2 2 2 2 2 2 2 2 2 2 2 2 2 2 2 2
left_child=6 -2 3 -3 -4 -5 12 10 -9 -10 11 -8 15 -14 -6 16 -1 -17
right_child=1 2 4 5 14 -7 7 8 9 -11 -12 -13 13 -15 -16 17 -18 -19
leaf_value=0.0038159573022681229 -0.025717529442938591 0.049456333406427126 -0.045897761005062612 -0.02611379231757929 -0.0048935305764109885 0.0090973143927738399 0.030332626353532927 -0.033898574810330172 -0.02542971014043198 0.011572440911460855 0.052493789995246398 -0.0069868639038296989 0.014327595498538282 -0.041118709567428358 0.0011041218442841281 0.0011140186693197379 -0.015362458395674431 0.034304770646997433
leaf_weight=54.693767491728067 8.2817400842905027 5.7421550154686001 3.4837782382965079 6.2820363491773632 130.0394663438201 16.57894816249609 5.5046609714627248 5.1579642370343199 5.0896537750959387 35.415817156434059 4.3889345079660407 5.7970390170812607 4.7705042362213117 6.0140067413449287 238.20554474368691 418.12575313448906 41.482468251138926 4.5844945162534705
leaf_count=271 36 27 17 29 626 76 24 27 24 165 23 25 22 32 1136 2017 201 22
internal_value=2.53416e-06 -0.00116361 -0.000655655 0.00946617 -0.00143449 -0.000578448 0.000808762 0.00753709 0.00231195 0.00692299 0.0227435 0.0111901 2.93918e-05 -0.0165922 -0.00101385 0.000374853 -0.00445602 0.00147399
internal_weight=999.639 408.614 400.332 28.6031 371.729 22.861 591.025 61.3541 45.6634 40.5055 15.6906 11.3017 529.671 10.7845 368.245 518.886 96.1762 422.71
internal_count=4800 1947 1911 132 1779 105 2853 288 216 189 72 49 2565 54 1762 2511 472 2039
is_linear=0
shrinkage=0.05


Tree=170
num_leaves=24
num_cat=0
split_feature=6 2 3 5 2 5 3 2 4 0 3 0 0 4 3 2 2 3 3 2 2 5 0
split_gain=0.373792 2.9015 3.86323 4.25199 3.36648 2.77466 2.65924 8.56349 3.37045 2.60579 4.13842 3.79388 2.60379 2.08228 1.41686 3.19772 2.15702 2.38859 1.5021 1.28553 3.66027 2.72987 1.07123
threshold=1.0000000180025095e-35 6.4608294204317378 60.034310344828889 7.7170567690812328 8.4851834057151603 8.2276101733608993 7.9614599418791174 2.8399817958581446 0.60752485416736834 220.93485871050288 77.713336443458317 246.81998237345408 391.56882570478928 0.56589229701921584 1.2848002752890657 8.3927421315079425 5.9807776267652493 0.33100899927960337 1.639696963329756 5.6239164460416751 3.76123896620767 2.005111939455825 252.23456207692513
decision_type=2 2 2 2 2 2 2 2 2 2 2 2 2 2 2 2 2 2 2 2 2 2 2
left_child=1 6 3 12 -4 -5 7 13 -9 10 -8 -11 -3 -1 15 16 17 -2 22 20 -20 -21 -16
right_child=14 2 4 5 -6 -7 9 8 -10 11 -12 -13 -14 -15 18 -17 -18 -19 19 21 -22 -23 -24
leaf_value=-0.04410622086919351 0.020829926624775268 -0.0042120893370810476 -0.060236080627344792 0.045576536069530382 -0.0051235982872758108 0.0053402196753155858 0.016992658483028136 0.016878410443849946 0.061507710622524692 -0.047165050900384031 -0.029808875661735845 -0.00061661005254840277 -0.03271339284308572 0.00088857846407839345 0.036593535981516857 0.024640245567231923 -0.043149754948491319 -0.019649446056483832 0.0011401847700944121 -0.016856393075174645 -0.0089532345466990671 0.0030835984122191858 0.0023478915502057347
leaf_weight=3.3897532783448723 4.8069140613079169 25.328528039157391 5.6148906946182233 4.9764551594853392 5.4704542309045792 30.820252116769552 40.55846331641078 7.3486083671450642 9.9699972942471486 4.7384969145059577 5.345980539917945 57.436744585633278 11.72198675572872 10.649697184562681 4.730718791484831 5.275995295494794 6.4431414045393458 15.067615833133457 270.13208254985511 18.163020588457584 134.564407851547 312.23497704416513 4.4144272953271866
leaf_count=16 23 113 25 23 25 149 219 34 54 22 25 262 53 56 24 26 31 74 1306 84 643 1492 21
internal_value=2.52404e-06 0.00180483 -0.0055402 -0.00135565 -0.0330389 0.0109339 0.00622607 0.0190451 0.0425707 0.00250677 0.0115422 -0.00416416 -0.0132293 -0.00997518 -0.00051638 -0.010887 -0.0180093 -0.00985898 -7.61363e-05 -0.000326682 -0.00221595 0.00198743 0.0200629
internal_weight=999.204 223.37 83.9326 72.8472 11.0853 35.7967 139.438 31.3581 17.3186 108.08 45.9044 62.1752 37.0505 14.0395 775.833 31.5937 26.3177 19.8745 744.24 735.094 404.696 330.398 9.14515
internal_count=4800 1076 388 338 50 172 688 160 88 528 244 284 166 72 3724 154 128 97 3570 3525 1949 1576 45
is_linear=0
shrinkage=0.05


Tree=171
num_leaves=19
num_cat=0
split_feature=3 3 2 0 2 5 3 2 2 3 6 0 4 4 5 4 4 3
split_gain=0.396612 2.39223 3.34694 4.01536 2.42584 2.05113 1.94553 2.10409 1.88779 3.18544 2.78889 1.47462 1.34343 2.11786 1.8663 1.26795 4.4201 4.27079
threshold=40.700360678449861 49.810453787083453 0.95384904913168322 467.21557899268038 0.16977598944255043 8.3964063055813725 39.439807305591621 3.1781948286193367 3.0266609177089991 52.639281903254933 1.5000000000000002 678.72446051103714 0.40523642047195652 0.39287050939010298 5.7564129236053958 0.52357823649972601 0.53406958419916972 20.079982487289765
decision_type=2 2 2 2 2 2 2 2 2 2 2 2 2 2 2 2 2 2
left_child=6 2 -2 5 -3 -4 12 -8 10 -10 -6 -5 13 14 -1 17 -17 -14
right_child=1 4 3 11 8 -7 7 -9 9 -11 -12 -13 15 -15 -16 16 -18 -19
leaf_value=0.020847748282506708 0.044199577551437955 -0.046526410288045036 0.007045694712762199 0.038380964822679421 0.0164394264710227 -0.014136870790814104 -0.051143142327801663 -0.0061773080164735433 -0.027349987272239654 -0.001280745574479721 -0.0057879028291036617 0.010494225834050158 -0.0010852440078538258 -0.044137707372275015 -0.01234895162146604 -0.030960245550395185 -2.9137270734384207e-05 0.0236184823287496
leaf_weight=5.3656558841466966 6.3106852918863288 2.9123392552137366 27.51243045181036 10.22199583053589 33.251241967082024 19.548030618578196 3.8331983983516684 8.0970349907875043 12.976828306913374 120.79324371367693 24.518018715083599 8.8401669114828092 62.495821636170149 4.0834352970123282 20.071202520281076 11.779919706284998 591.72510673105717 24.297290474176407
leaf_count=29 32 14 125 44 163 98 18 39 61 571 115 43 300 23 135 53 2825 112
internal_value=2.93367e-06 0.00165288 0.00940902 0.00608864 -0.00123629 -0.00175314 -0.000598837 -0.0206249 -0.000547658 -0.00380968 0.00700586 0.0254484 -0.000266926 -0.0107123 -0.00534643 0.000179765 -0.000632887 0.00583044
internal_weight=998.634 266.885 72.4333 66.1226 194.452 47.0605 731.749 11.9302 191.539 133.77 57.7693 19.0622 719.818 29.5203 25.4369 690.298 603.505 86.7931
internal_count=4800 1266 342 310 924 223 3534 57 910 632 278 87 3477 187 164 3290 2878 412
is_linear=0
shrinkage=0.05


Tree=172
num_leaves=15
num_cat=0
split_feature=2 4 4 4 5 4 0 4 6 0 2 2 2 0
split_gain=0.405202 2.85124 3.17564 1.60602 1.34325 1.14111 1.59676 1.10812 5.14123 6.30424 1.02978 4.01938 3.07263 0.269121
threshold=1.2713060505236264 0.4115639261551734 0.47031132642397327 0.51452660818052709 10.05711769357219 0.93273792561074609 512.2909680096858 0.90007348229249839 1.0000000180025095e-35 202.38221213801606 3.76123896620767 4.0032737438405341 3.6430715645861564 199.33249797229936
decision_type=2 2 2 2 2 2 2 2 2 2 2 2 2 2
left_child=1 -1 -3 -4 -5 7 13 10 -9 -10 12 -12 -2 -7
right_child=5 2 3 4 -6 6 -8 8 9 -11 11 -13 -14 -15
leaf_value=0.034981003597371406 0.0019289654596727204 -0.038220257050995396 0.021927210093431081 -0.0069563992005245504 0.0061935270203558133 0.023226858865475684 -0.010189277942821977 0.041957425164580758 0.025087548956489472 -0.05208736807361454 -0.020837997754665549 0.00016644180982923354 0.028059109551715696 0.045226967977222324
leaf_weight=4.8264592941850415 227.9777108784765 6.4925438314676276 6.4711752310395232 79.332580074667931 25.714840933680534 2.7186745256185514 3.1250250637531281 3.347457740455865 3.8519684225320807 8.4534716978669149 23.694194965064526 587.71269595250487 11.834393322467802 2.8444721773266792
leaf_count=25 1093 32 31 386 134 24 16 24 30 41 110 2778 57 19
internal_value=2.60664e-06 -0.00268664 -0.00422719 -0.00224813 -0.00373739 0.000379898 0.0184102 0.00019919 -0.0129837 -0.0279293 0.000441607 -0.000647555 0.00321845 0.0344757
internal_weight=998.398 122.838 118.011 111.519 105.047 875.56 8.68817 866.872 15.6529 12.3054 851.219 611.407 239.812 5.56315
internal_count=4800 608 583 551 520 4192 59 4133 95 71 4038 2888 1150 43
is_linear=0
shrinkage=0.05


Tree=173
num_leaves=16
num_cat=0
split_feature=2 4 4 2 4 5 4 0 4 6 0 4 4 2 3
split_gain=0.365877 2.55724 2.90287 1.49854 3.00764 1.80516 1.0455 1.48057 0.999477 4.67054 5.62017 1.02759 2.42292 1.11516 0.264275
threshold=1.2713060505236264 0.4115639261551734 0.47031132642397327 0.95384904913168322 0.68190212113422366 10.135177805739177 0.93273792561074609 512.2909680096858 0.90007348229249839 1.0000000180025095e-35 202.38221213801606 0.40523642047195652 0.39287050939010298 1.6080306085472815 22.884239772534034
decision_type=2 2 2 2 2 2 2 2 2 2 2 2 2 2 2
left_child=1 -1 -3 5 -5 -4 8 14 11 -10 -11 12 -2 -13 -8
right_child=6 2 3 4 -6 -7 7 -9 9 10 -12 13 -14 -15 -16
leaf_value=0.03298737055179387 -0.0022105636673636769 -0.036693584439671988 -0.0027773163064046605 -0.029500376698154054 0.0025593850620711355 0.014693541965117872 0.043718040356907746 -0.0096614572437248893 0.040655677536718275 0.024216774675083527 -0.048915421783282002 0.011293298975535299 -0.036543243211300008 0.00047802392274118294 0.021623181002358847
leaf_weight=4.8613134641200295 34.025277744978666 6.426254227757453 62.634235247969627 13.234803915023805 16.35664202272892 19.353732787072659 2.9241582453250867 3.1308099776506424 3.283554781228303 3.7924937754869452 8.5489875227212888 24.579204648733139 6.0530071109533301 786.50868967548013 2.5193757265806198
leaf_count=25 207 32 307 62 81 101 24 16 24 30 41 118 34 3679 19
internal_value=2.78131e-06 -0.00255227 -0.00401634 -0.00213434 -0.0117794 0.00134678 0.00036141 0.0177351 0.000189548 -0.0123417 -0.0264422 0.000419588 -0.00739581 0.00080577 0.0334921
internal_weight=998.233 122.867 118.006 111.579 29.5914 81.988 875.366 8.57434 866.791 15.625 12.3415 851.166 40.0783 811.088 5.44353
internal_count=4800 608 583 551 143 408 4192 59 4133 95 71 4038 241 3797 43
is_linear=0
shrinkage=0.05


Tree=174
num_leaves=21
num_cat=0
split_feature=3 3 3 5 5 0 5 5 4 5 2 4 2 2 5 3 5 4 2 3
split_gain=0.357207 2.2702 1.8297 5.92184 4.18784 5.10579 3.92159 3.72539 5.3683 3.21525 3.32532 3.15144 2.32376 1.59882 3.90017 5.6521 4.91751 2.79878 4.56095 2.97943
threshold=40.700360678449861 41.553182398402903 24.995192747971981 14.036294205954377 14.145031592390097 442.61603549412774 14.803882806893833 7.4778418672072329 0.50544038023783688 9.6803403557051606 0.67840467230281654 0.79267954596118029 4.229565130036069 3.9300926281287381 9.2875694892967573 52.075159760606034 7.7558484367129754 0.86435837440755592 4.0545111143414561 57.556858173421062
decision_type=2 2 2 2 2 2 2 2 2 2 2 2 2 2 2 2 2 2 2 2
left_child=2 -2 4 7 9 6 -6 8 -4 12 -11 -9 -1 14 16 -16 -3 18 -15 -19
right_child=1 13 3 -5 5 -7 -8 11 -10 10 -12 -13 -14 17 15 -17 -18 19 -20 -21
leaf_value=-0.0022305488731522495 0.028337082978002293 0.0072913247524502402 0.025397394553636356 -0.051624601687803667 0.075730732659209515 -0.0095467906969807226 0.016380392510256706 0.0088085186049670743 -0.015613104855606054 0.019437063183871166 -0.0090532893836310305 -0.016489784196204987 0.0054033040209683914 -0.063309556219756855 0.052479673363083901 0.0059225873020568309 -0.022649916564556644 -0.062673042201660256 0.00049685751485044631 -0.0044742872671226196
leaf_weight=171.03895633667707 7.6925294995307913 51.155784219503403 8.9979513064026815 6.5830360595136872 5.4491751529276389 6.8079195953905574 5.6890843063592911 67.473465818911791 70.514150552451611 11.168880272656677 123.39337857626379 15.057376716285942 238.96890496835113 2.8550008833408347 9.58972315490246 20.358141794800758 18.735987581312656 3.8533818162977678 147.26232354342937 5.1224745735526085
leaf_count=822 38 240 45 34 28 33 30 318 331 57 627 89 1120 13 48 101 93 21 683 29
internal_value=2.78262e-06 0.00156941 -0.000568518 -0.00513692 0.000800956 0.024566 0.0454164 -0.00324835 -0.0109722 1.7785e-05 -0.00668855 0.00419296 0.00221876 0.000774179 0.00573383 0.0208308 -0.000735067 -0.00233827 -0.000716642 -0.0294593
internal_weight=997.768 266.625 731.142 168.626 562.516 17.9462 11.1383 162.043 79.5121 544.57 134.562 82.5308 410.008 258.933 99.8396 29.9479 69.8918 159.093 150.117 8.97586
internal_count=4800 1266 3534 817 2717 91 58 783 376 2626 684 407 1942 1228 482 149 333 746 696 50
is_linear=0
shrinkage=0.05


Tree=175
num_leaves=16
num_cat=0
split_feature=4 4 3 3 2 3 2 4 5 0 5 2 4 2 0
split_gain=0.3573 2.70259 2.54148 4.35542 3.33868 2.04845 1.64139 1.81387 1.91832 1.23927 1.69142 1.03694 2.98108 1.47665 0.555954
threshold=0.78528309782223216 0.78047845536186056 2.5971715010474155 2.0802999749231752 2.4032049041166696 0.99653409060460552 9.6720823988570235 0.79086886218748176 9.834012134798348 1424.9623382273592 7.7170567690812328 9.3781875090448636 0.69788285488344681 9.2264042357232992 346.75571640075026
decision_type=2 2 2 2 2 2 2 2 2 2 2 2 2 2 2
left_child=1 9 3 4 -2 -6 7 14 -9 11 -11 13 -13 -1 -4
right_child=2 -3 6 -5 5 -7 -8 8 -10 10 -12 12 -14 -15 -16
leaf_value=-0.00016221068601573107 0.039292743797630099 -0.02941910112291183 0.01110890274955114 -0.061253113583664753 -0.031742117245734287 0.012947171172130427 -0.023890643522612928 -0.00036271762049163255 0.011125607220266313 -0.046479055707739567 -0.001501614362605544 -0.00050334651010532051 0.02715011760807759 -0.018498599975817025 0.035079117866498997
leaf_weight=718.45549941807985 3.554087400436404 7.9835596978664389 4.1156106293201429 4.0884725153446189 7.3994665928184968 3.9241032302379608 5.2441475242376319 115.16229456663132 53.087496913969517 3.3974395766854268 5.4327870160341263 35.579865243285894 13.422268345952032 11.150096192955969 5.8679405748844147
leaf_count=3321 20 38 22 20 38 22 27 602 317 26 33 170 63 54 27
internal_value=3.05924e-06 -0.000474254 0.00187847 -0.0155462 -0.00298561 -0.0162554 0.00367966 0.00449086 0.00326217 -0.000180793 -0.0188067 3.04452e-05 0.00707127 -0.000442434 0.0251977
internal_weight=997.865 795.422 202.444 18.9661 14.8777 11.3236 183.477 178.233 168.25 787.438 8.83023 778.608 49.0021 729.606 9.98355
internal_count=4800 3705 1095 100 80 60 995 968 919 3667 59 3608 233 3375 49
is_linear=0
shrinkage=0.05


Tree=176
num_leaves=13
num_cat=0
split_feature=2 4 4 4 6 4 3 2 3 2 3 3
split_gain=0.356812 2.25336 2.67553 1.48332 1.25191 0.983744 1.38522 0.932345 2.88543 2.99985 1.4183 2.28468
threshold=1.2713060505236264 0.4115639261551734 0.47031132642397327 0.51452660818052709 3.5000000000000004 0.93273792561074609 26.779321228187047 3.2390400373374115 0.89212669370895015 2.8078030464811943 0.23401676403921964 0.63897507229966122
decision_type=2 2 2 2 2 2 2 2 2 2 2 2
left_child=1 -1 -3 -4 -5 7 -7 8 -2 -10 -9 -12
right_child=5 2 3 4 -6 6 -8 10 9 -11 11 -13
leaf_value=0.030679601547972307 -0.031989551707834477 -0.035454699323601034 0.021171887522473745 -0.0049841519476687742 0.017062416317443943 0.002212834741460471 0.044382619573966345 -0.027469534723063339 0.00093585054413486868 0.01612860846131248 0.021459748288438222 -0.0008832789643837
leaf_weight=4.9057204015552989 5.6424889415502539 6.3574874699115744 6.4477815181016913 98.022157713770866 6.8919271156191817 5.4387797750532609 3.0336161777377129 4.9082995653152457 146.88177934661508 41.719924561679363 11.644702743738888 655.59022949635983
leaf_count=25 29 32 31 486 34 38 21 23 711 196 54 3120
internal_value=3.17063e-06 -0.00252273 -0.00390637 -0.00210532 -0.00353589 0.000357214 0.0173121 0.000191413 0.00324253 0.00429659 -0.000690337 -0.000493344
internal_weight=997.485 122.625 117.719 111.362 104.914 874.86 8.4724 866.387 194.244 188.602 672.143 667.235
internal_count=4800 608 583 551 520 4192 59 4133 936 907 3197 3174
is_linear=0
shrinkage=0.05


Tree=177
num_leaves=23
num_cat=0
split_feature=6 0 0 5 5 4 2 5 4 3 5 4 4 2 4 2 4 5 5 4 2 4
split_gain=0.353916 1.80246 2.42801 2.37632 3.77727 4.22858 2.25838 3.03339 2.43544 2.22892 2.6163 1.25419 0.761872 2.53563 2.92914 2.62652 1.71697 3.50982 5.14125 1.68424 3.31509 2.33074
threshold=2.5000000000000004 495.02096247950027 604.4503044811571 4.2498323124606996 3.4893980008466539 0.75425829432923874 1.9979831081923551 10.178274040031772 0.57753136431441654 40.21085327546443 5.1771945871909191 0.65613217137700008 0.80918742724978465 9.70349115643908 0.81639447911187502 1.1800304239743566 0.7957656028301322 8.9141768026418138 6.2171377537403174 0.78660476907912213 7.7948963142100762 0.77487628619330129
decision_type=2 2 2 2 2 2 2 2 2 2 2 2 2 2 2 2 2 2 2 2 2 2
left_child=12 3 11 4 5 -2 7 -5 -8 10 -4 -3 16 14 -14 -16 19 18 -18 21 -21 -1
right_child=1 2 9 6 -6 -7 8 -9 -10 -11 -12 -13 13 -15 15 -17 17 -19 -20 20 -22 -23
leaf_value=0.00041950476770027332 -0.014066402110171178 -0.05958546681835613 0.01270576079525117 -0.027207415920698471 0.0474314164252813 0.041235326829338753 0.014500603330292121 0.0099047746073542085 -0.0033693475625523254 0.020975625595665633 -0.025570703096906747 -0.020458110475621752 0.035908380753498059 -0.036222957126806746 -0.019233246812455335 0.0060510844074943455 -0.00046891040342702471 0.018969596476632208 -0.057999795013865901 0.0027978421555896384 0.053496004578934192 -0.016089847773171278
leaf_weight=631.42212672531605 11.5581995099783 3.2453098185360414 6.7001696899533334 17.516575030982498 6.5186680927872649 4.9315156042575827 25.394318498671055 8.0300700366497022 76.515833750367165 6.4556479826569548 13.37906304746866 5.5515616908669472 7.3898048847913733 3.7690639123320571 11.486782196909187 97.051760487258434 8.6128659844398516 5.8507753089070311 7.071915239095687 12.503968715667726 4.344810187816619 22.127511195838451
leaf_count=2888 53 29 40 82 28 22 127 41 352 36 95 26 39 19 69 551 41 33 33 65 20 111
internal_value=3.0484e-06 -0.00196547 -0.0121284 0.00042096 0.0152101 0.00247247 -0.00224876 -0.015542 0.00108355 -0.00458152 -0.0127984 -0.0348928 0.000453677 0.00413684 0.00544902 0.00337521 -0.000183473 -0.01408 -0.0264083 0.000262934 0.0158714 -0.000139459
internal_weight=997.428 185.797 35.3318 150.465 23.0084 16.4897 127.457 25.5466 101.91 26.5349 20.0792 8.79687 811.631 119.697 115.928 108.539 691.934 21.5356 15.6848 670.398 16.8488 653.55
internal_count=4800 931 226 705 103 75 602 123 479 171 135 55 3869 678 659 620 3191 107 74 3084 85 2999
is_linear=0
shrinkage=0.05


Tree=178
num_leaves=23
num_cat=0
split_feature=3 3 4 5 2 5 0 5 5 0 3 2 2 5 5 0 0 5 5 4 0 2
split_gain=0.355255 4.64873 5.58657 4.10706 3.49353 3.23113 2.87597 2.70253 2.56043 3.60598 2.38552 3.61939 2.69803 2.44153 3.95302 3.04011 2.04895 1.80021 4.66943 1.99843 1.50053 1.3384
threshold=18.866364850928807 15.622088100611151 0.50544038023783688 14.036294205954377 6.2318027170043075 14.434316064297279 942.25744403469514 7.7862044686779432 14.145031592390097 407.83368089491563 20.317978695592441 4.1517408547850856 2.2693212049219027 12.578457369216022 12.329679146205443 620.21986204113978 115.79183368650099 9.7868956392367092 8.7344313683239054 0.43648698008202635 111.94363222123032 2.5817162957135156
decision_type=2 2 2 2 2 2 2 2 2 2 2 2 2 2 2 2 2 2 2 2 2 2
left_child=1 8 16 10 5 -5 7 -4 17 -10 11 12 -2 14 -12 -15 -3 18 -1 -19 -13 -7
right_child=3 2 6 4 -6 21 -8 -9 9 -11 13 20 -14 15 -16 -17 -18 19 -20 -21 -22 -23
leaf_value=-0.0023936492267296878 -0.014571455502005696 -0.049983705224343172 0.028645185249861274 -0.044809843284583768 -0.055485668047229202 -0.012019010520229535 0.059072603491820079 0.0045871873888485631 0.044009311781667754 -0.010928911302000922 0.00039478470121086885 0.025937510926288654 -0.069130407422721363 0.0055869630393997572 -0.042625975769280421 0.046844568156758623 -0.0030361451807423049 0.019011145516510741 0.014513445708192955 -0.0095292007426774628 -0.010432390240980256 0.029887928614866766
leaf_weight=258.68589797616005 4.7994765043258685 3.6814925223588926 23.897307623177767 4.0395460724830645 6.0255368128418914 3.552914559841156 4.4240840077400199 22.820469956845045 7.2957296520471555 5.0573121272027493 452.02690462395549 4.0508819371461859 4.2926735728979111 16.601670343428854 5.4034759625792494 6.1076447218656531 6.302988063544035 6.5855232048779717 48.493661858141422 89.3644017316401 9.4558928310871107 4.1083843149244785
leaf_count=1213 23 18 113 21 30 18 23 115 37 25 2159 19 22 87 26 28 35 46 234 440 46 22
internal_value=2.93345e-06 0.000989193 0.0138633 -0.000900221 -0.024554 -0.00862526 0.0205422 0.0168935 -0.000904868 0.0215177 -6.61967e-05 -0.0159418 -0.0403304 0.000681026 -0.000113406 0.0166831 -0.0203467 -0.00159196 0.000275431 -0.00757033 0.000475482 0.0104537
internal_weight=997.074 476.609 61.1263 520.465 17.7264 11.7008 51.1419 46.7178 415.483 12.353 502.739 22.5989 9.09215 480.14 457.43 22.7093 9.98448 403.129 307.18 95.9499 13.5068 7.6613
internal_count=4800 2299 304 2501 91 61 251 228 1995 62 2410 110 45 2300 2185 115 53 1933 1447 486 65 40
is_linear=0
shrinkage=0.05


Tree=179
num_leaves=17
num_cat=0
split_feature=0 0 3 2 5 5 5 5 3 2 0 4 3 2 2 2
split_gain=0.353872 1.66168 2.83758 3.17358 1.43372 3.78566 1.6899 2.52106 0.979324 1.1003 0.911615 4.17983 2.82442 0.944016 3.13977 2.58141
threshold=646.17304618821038 612.82022951454326 39.439807305591621 3.4816936821916129 2.9772764818245938 3.3530052784489497 3.6374075834390367 4.3247055481100523 31.879038086272793 5.5632581562683239 572.9017584609993 0.76383880747598953 25.617543023594184 5.441400756188707 5.3335476443926249 5.8902487723084374
decision_type=2 2 2 2 2 2 2 2 2 2 2 2 2 2 2 2
left_child=1 10 3 -3 8 -6 -7 -8 9 -2 13 12 -12 14 -1 -15
right_child=4 2 -4 -5 5 6 7 -9 -10 -11 11 -13 -14 15 -16 -17
leaf_value=-0.00060188708940867063 0.020463760018069498 0.03387525883344765 0.04936130182277837 -0.023190014147872903 -0.068394035912350631 0.035664769022269206 -0.043428220346733062 -0.0022984960741186606 0.030123975122827197 -0.014192281276192662 -0.044962136740960022 0.032919444379307397 -0.0021320702473468936 0.015807050479650475 -0.030387293175849962 0.00094263644356272014
leaf_weight=418.40691572055221 4.5496084392070753 4.3629558831453306 4.653905823826789 5.5174735970795155 2.2243898659944525 2.8197303786873809 3.8315251991152754 134.93431445583701 5.2368319779634467 4.6120400503277779 7.3996148183941868 4.3287666440010062 8.0223731212317926 31.908125881105661 9.0388544872403127 345.15476002171636
leaf_count=2025 23 20 20 28 14 14 23 675 26 24 41 22 39 152 44 1610
internal_value=2.78843e-06 0.000411891 0.017171 0.00200861 -0.0021662 -0.00367229 -0.00265548 -0.00343415 0.0128764 0.00301766 0.000116374 -0.0104961 -0.0226823 0.000376912 -0.00123174 0.00220051
internal_weight=997.002 838.794 14.5343 9.88043 158.208 143.81 141.586 138.766 14.3985 9.16165 824.259 19.7508 15.422 804.509 427.446 377.063
internal_count=4800 4001 68 48 799 726 712 698 73 47 3933 102 80 3831 2069 1762
is_linear=0
shrinkage=0.05


Tree=180
num_leaves=19
num_cat=0
split_feature=3 5 2 5 0 5 3 3 5 2 2 5 3 5 5 0 5 3
split_gain=0.367735 4.48823 4.26508 3.61044 4.35497 3.73342 3.22353 3.11191 2.78168 2.22377 3.0503 2.48607 2.01254 4.51526 3.8267 1.84377 2.05533 1.29241
threshold=24.995192747971981 14.036294205954377 6.2318027170043075 14.145031592390097 442.61603549412774 14.803882806893833 48.192873975705659 25.617543023594184 9.6493698706124409 0.67840467230281654 1.0841979854773871 10.33855204028065 15.780373420640386 8.7344313683239054 8.2276101733608993 1223.2380518712805 10.090765076995465 53.304596650378848
decision_type=2 2 2 2 2 2 2 2 2 2 2 2 2 2 2 2 2 2
left_child=3 7 6 8 5 -5 -3 -2 12 11 -11 -10 13 -1 -14 16 -9 -17
right_child=1 2 -4 4 -6 -7 -8 15 9 10 -12 -13 14 -15 -16 17 -18 -19
leaf_value=-0.0022921240391487806 -0.032097044145139503 -0.037052246533110567 -0.069096066935142128 0.072816482544608305 -0.0084298038204386385 0.014268118387056656 0.02031868227081091 -0.00089393344865644616 -0.021310796273326636 -0.045989164358291451 -0.0063415464996957015 0.030263647615406716 0.013219261174424363 0.015413608830116854 -0.010279897764309286 -0.041984841690588255 0.0079029219809924906 -0.0043610796601547984
leaf_weight=261.28654303401709 7.4880143925547591 5.233893543481825 4.4747013449668875 5.2841747738420981 6.7614758759737006 5.6172294691205025 4.6006009057164192 320.18610383197665 3.2992303147912017 5.0537716075777999 121.02276208624244 8.0082373544573766 81.492694314569235 41.762955754995346 22.001818500459194 4.2388711199164373 83.772544544190168 4.9456610977649689
leaf_count=1225 37 29 22 28 33 30 22 1503 16 26 614 42 392 202 109 29 416 25
internal_value=2.31423e-06 -0.00108909 -0.0286273 0.000847587 0.023095 0.0426479 -0.010214 -0.000152288 0.00012515 -0.00602574 -0.00793082 0.0152155 0.00220373 0.000147886 0.00822359 0.000426695 0.00093035 -0.0217253
internal_weight=996.531 434.94 14.3092 561.591 17.6629 10.9014 9.83449 420.631 543.928 137.384 126.077 11.3075 406.544 303.049 103.495 413.143 403.959 9.18453
internal_count=4800 2083 73 2717 91 58 51 2010 2626 698 640 58 1928 1427 501 1973 1919 54
is_linear=0
shrinkage=0.05


Tree=181
num_leaves=16
num_cat=0
split_feature=3 5 5 4 3 3 4 0 2 2 3 3 4 3 4
split_gain=0.374052 1.68121 3.89389 3.09561 2.00654 1.13162 1.11061 2.91313 2.212 1.01793 1.781 0.929998 0.777701 1.76366 1.54644
threshold=87.927798015473641 9.0598157721103139 10.178274040031772 0.62919190049494167 93.054265345654855 80.758034174830968 0.63595009787024848 282.68151501951832 3.7955531441191095 7.6833539975249545 83.205039841268089 77.713336443458317 0.64846836777277106 4.8741445327868487 0.66167940291327276
decision_type=2 2 2 2 2 2 2 2 2 2 2 2 2 2 2
left_child=5 4 -3 -4 -2 11 7 -6 -8 10 -7 12 13 -1 -14
right_child=1 2 3 -5 6 9 8 -9 -10 -11 -12 -13 14 -15 -16
leaf_value=0.005970040299846921 -0.028085360869367106 -0.053702631081752675 0.027810748742625194 -0.024768570037942896 -0.00082857110512760319 0.046095580331259184 0.020871798587322857 0.047013875084797971 -0.01847768810382797 -0.005546726256331392 0.0045007700439705757 -0.017049500896775118 0.01209092648346337 -0.0029113744736852408 0.00073941121517219846
leaf_weight=66.719366107136011 4.6642886251211158 5.0775114521384266 5.1106353700160962 6.1898051351308823 8.1978847384452838 4.52156053483486 6.1023504957556716 5.2000675201416007 8.6114174202084524 4.7150016576051703 5.9733167067170143 7.9282010048627845 32.001325242221355 344.60702445544302 480.48382053896785
leaf_count=318 23 25 23 30 37 22 31 25 40 22 28 36 143 1609 2388
internal_value=2.30554e-06 -0.00425043 -0.0173317 -0.000989521 0.0022862 0.000223055 0.00732544 0.0177402 -0.00215798 0.0137513 0.0224213 2.2175e-06 0.000148556 -0.00147076 0.00144824
internal_weight=996.104 49.154 16.378 11.3004 32.776 946.95 28.1117 13.398 14.7138 15.2099 10.4949 931.74 923.812 411.326 512.485
internal_count=4800 234 78 53 156 4566 133 62 71 72 50 4494 4458 1927 2531
is_linear=0
shrinkage=0.05


Tree=182
num_leaves=15
num_cat=0
split_feature=2 2 4 4 4 4 0 2 2 4 3 3 4 2
split_gain=0.343444 0.646542 1.94282 3.60805 3.47696 3.08312 2.11395 0.889848 1.98997 4.0037 1.68454 2.07965 1.20852 1.01829
threshold=9.9200355027848435 9.3375637381856524 0.69788285488344681 0.66405167228494844 0.72391067350277527 0.59721705451572349 152.88705399333662 8.7849190784992395 8.4851834057151603 0.71613543108449274 7.4574291309737397 11.516844295318696 0.80750373435724787 7.9138200475180733
decision_type=2 2 2 2 2 2 2 2 2 2 2 2 2 2
left_child=1 7 3 5 -4 -3 -6 8 13 -10 12 -12 -9 -1
right_child=-2 2 4 -5 6 -7 -8 10 9 -11 11 -13 -14 -15
leaf_value=0.00016299323924371536 -0.010683451440577025 -0.0082613477861201625 0.060103282859577202 -0.0389826886525 0.032601231980981367 0.026109425810849376 -0.0019621209041043365 0.020636642559412676 -0.00025412516254645423 0.037537587500198762 -0.036386745898770251 -0.0062674116777927643 -0.01290900092566428 -0.0067701221223639618
leaf_weight=784.47088721953332 7.4632649198174468 17.323546342551712 3.7402624785900143 5.7010994404554358 6.1910853683948543 10.466591209173201 15.498103097081183 8.4619061350822431 20.711077712476257 10.592545136809347 6.7610081359744063 37.623510025441647 3.9326288700103751 56.795311886817217
leaf_count=3781 36 88 17 26 36 46 75 40 92 60 32 185 20 266
internal_value=2.17598e-06 8.28722e-05 0.00516197 -0.00274948 0.0155815 0.00468371 0.00790384 -0.000239142 0.000155526 0.0125339 -0.00630433 -0.0108554 0.00999304 -0.000305073
internal_weight=995.733 988.27 58.9207 33.4912 25.4295 27.7901 21.6892 929.349 872.57 31.3036 56.7791 44.3845 12.3945 841.266
internal_count=4800 4764 288 160 128 134 111 4476 4199 152 277 217 60 4047
is_linear=0
shrinkage=0.05


Tree=183
num_leaves=15
num_cat=0
split_feature=3 5 5 4 5 0 5 3 4 3 3 3 4 4
split_gain=0.337143 1.52373 3.58051 2.79329 1.88985 1.2213 1.24608 1.02705 0.989435 1.36831 0.849634 0.720686 1.59296 0.753378
threshold=87.927798015473641 9.0598157721103139 10.178274040031772 0.62919190049494167 2.2366689149801338 44.779441061102382 7.7170567690812328 80.758034174830968 0.78277998297522755 83.205039841268089 77.713336443458317 71.073572223101039 0.7181198798098104 0.82893701997459757
decision_type=2 2 2 2 2 2 2 2 2 2 2 2 2 2
left_child=7 4 -3 -4 -2 -6 -7 10 9 -9 11 13 -13 -1
right_child=1 2 3 -5 5 6 -8 8 -10 -11 -12 12 -14 -15
leaf_value=-0.00059678324982680468 -0.033466241766863108 -0.051708758511463261 0.026481749490717826 -0.023483124588127898 -0.017357348219520116 0.018117197310951409 -0.0062186558426993313 0.038267206919129437 -0.0087890788810485437 0.0035090512656210954 -0.016310399679964196 -0.00038424267113905874 0.030237574552327631 0.0038361974963002084
leaf_weight=795.04771837964654 3.3375249803066245 5.0098400563001659 5.1000225991010648 6.1949922144412994 4.6200507581234005 17.139746241271499 7.5891266614198676 5.5559035390615445 3.8489928245544425 5.7741490453481674 7.9152072519063941 12.863123521208765 6.340409778058528 108.98082065582275
leaf_count=3740 16 25 23 30 22 81 37 25 21 26 36 56 34 628
internal_value=2.2999e-06 -0.00404213 -0.0165272 -0.000922553 0.00218573 0.00624003 0.0106487 0.00021168 0.0131129 0.0205534 1.37105e-06 0.000141218 0.00972613 -6.23865e-05
internal_weight=995.318 48.9913 16.3049 11.295 32.6864 29.3489 24.7289 946.326 15.179 11.3301 931.147 923.232 19.2035 904.029
internal_count=4800 234 78 53 156 140 118 4566 72 51 4494 4458 90 4368
is_linear=0
shrinkage=0.05


Tree=184
num_leaves=6
num_cat=0
split_feature=6 2 2 2 2
split_gain=0.328092 0.407039 0.776582 0.573955 0.701154
threshold=5.5000000000000009 0.054234346753559405 0.1332030497602055 0.19419027748152681 0.28625777864120466
decision_type=2 2 2 2 2
left_child=1 -1 -3 -4 -5
right_child=-2 2 3 4 -6
leaf_value=0.016981200874775539 -0.013318208269123822 -0.015958105603939548 0.013636820080313042 -0.015214339539805846 0.00013659099680322838
leaf_weight=3.542964279651641 4.6013826895505181 7.5621020644903174 7.7986581921577445 7.4963160529732695 963.99132727645338
leaf_count=18 26 38 38 37 4643
internal_value=2.18567e-06 6.40726e-05 3.337e-06 0.000126592 1.81382e-05
internal_weight=994.993 990.391 986.848 979.286 971.488
internal_count=4800 4774 4756 4718 4680
is_linear=0
shrinkage=0.05


Tree=185
num_leaves=23
num_cat=0
split_feature=3 3 4 5 3 0 0 0 3 2 5 5 0 5 5 0 0 2 3 2 3 5
split_gain=0.322753 4.07427 5.12804 3.40131 3.27968 3.17807 3.11467 2.97989 2.20197 3.22488 2.13743 3.60576 2.78431 2.08094 3.23735 2.06959 2.77535 1.85416 1.67865 3.3866 3.32459 1.66195
threshold=18.866364850928807 15.622088100611151 0.57341084366959005 14.036294205954377 17.83932990128223 120.66029341442926 350.23957520066045 114.13486426592395 20.317978695592441 3.8288040885991284 12.578457369216022 12.329679146205443 620.21986204113978 14.145031592390097 14.803882806893833 942.25744403469514 92.177834203878589 1.7333536253031563 9.1674978827146862 0.32718065776248256 6.483779017145177 9.7868956392367092
decision_type=2 2 2 2 2 2 2 2 2 2 2 2 2 2 2 2 2 2 2 2 2 2
left_child=1 13 4 8 7 -5 -7 -3 9 17 11 -10 -12 18 -15 16 -4 -2 20 -20 -1 -11
right_child=3 2 15 5 -6 6 -8 -9 10 21 12 -13 -14 14 -16 -17 -18 -19 19 -21 -22 -23
leaf_value=-0.0023120154977141322 -0.015429838369474725 -0.063921967737267119 0.044757162936119629 0.017112994396653102 0.020416427548435187 -0.057246816263425163 -0.0094213574902669225 -0.0085660962865654593 0.00035805041885784576 0.0095331498599220809 0.0049290686145109256 -0.040767210800796587 0.044367564517777631 0.047624969833503977 -0.0041764469547501473 0.056262449458100661 0.011952030971217553 -0.062993952251323468 0.032133594865536283 -0.0071844209423583445 0.010823696246534547 -0.028317227926301758
leaf_weight=189.93367515131831 3.9108492732048052 3.5309453606605548 8.0992298722267133 3.9310801438987282 5.8009715229272834 6.9793194122612459 6.6462252587080002 7.8054185882210732 451.01685161888599 10.345679447054861 16.540354754775766 5.3936492353677741 6.1352378726005545 5.5666648596525174 6.5827060826122761 4.0267315879464141 31.60929062590003 4.3036726266145706 5.6955348253250113 142.55461780540645 64.536463636904955 4.0297585949301711
leaf_count=918 19 17 46 21 30 35 35 39 2159 50 87 26 28 29 33 20 152 21 27 680 308 20
internal_value=2.10063e-06 0.000942895 0.0130225 -0.000859893 -0.010161 -0.0224922 -0.0339187 -0.0258078 -0.000102849 -0.0153579 0.000616459 -0.000127949 0.0155998 -0.000829516 0.0195582 0.0221068 0.0186432 -0.0403492 -0.00144458 -0.00567389 0.00101935 -0.00107716
internal_weight=994.975 475.742 60.8726 519.233 17.1373 17.5566 13.6255 11.3364 501.676 22.59 479.086 456.411 22.6756 414.87 12.1494 43.7353 39.7085 8.21452 402.72 148.25 254.47 14.3754
internal_count=4800 2299 304 2501 86 91 70 56 2410 110 2300 2185 115 1995 62 218 198 40 1933 707 1226 70
is_linear=0
shrinkage=0.05


Tree=186
num_leaves=17
num_cat=0
split_feature=0 0 3 2 5 5 5 5 5 4 2 4 2 6 3 3
split_gain=0.340103 1.52669 2.5929 2.85806 1.27764 1.53856 1.47106 3.76963 2.47036 1.09891 0.966644 2.38753 1.20038 1.10843 0.900426 1.10101
threshold=646.17304618821038 612.82022951454326 39.439807305591621 3.4816936821916129 2.9772764818245938 4.3247055481100523 5.31210905121893 4.9609165559701678 5.5414839047776834 0.62317174280620136 0.16977598944255043 0.65613217137700008 0.19419027748152681 1.0000000180025095e-35 31.879038086272793 14.172409462477729
decision_type=2 2 2 2 2 2 2 2 2 2 2 2 2 2 2 2
left_child=1 10 3 -3 14 9 7 -7 -8 -6 11 -1 -12 -14 15 -2
right_child=4 2 -4 -5 5 6 8 -9 -10 -11 12 -13 13 -15 -16 -17
leaf_value=-0.037337154766782593 0.020365892557608886 0.032172363497265245 0.04735817010752396 -0.022091700795887972 -0.045226531839875732 -0.0063498049543181771 -0.047608222315975647 0.053761603406829984 -0.0026800260063847611 -0.0091455485443530504 0.029531422841757745 0.0075264796398903646 0.0037089506086450661 -0.00077766201980115869 0.028588027244117898 -0.014304082176301939
leaf_weight=5.7104578539729101 4.4713425785303098 4.3609552383422834 4.630310706794261 5.4703828878700733 3.5690605938434583 7.3610004484653455 3.1395931541919699 4.0392796099185944 120.05259530805051 5.1631413623690605 3.5035307630896559 6.1693278253078461 176.07109093293548 631.03982875496149 5.2442431002855292 4.6938543319702148
leaf_count=27 21 20 20 28 24 35 17 21 602 27 18 34 865 2989 26 26
internal_value=2.14609e-06 0.000403514 0.0165082 0.00197859 -0.00212756 -0.0035544 -0.00223487 0.0149485 -0.00382504 -0.0238927 0.000120352 -0.0140389 0.000327859 0.000201092 0.0120646 0.00261005
internal_weight=994.69 836.956 14.4616 9.83134 157.734 143.325 134.592 11.4003 123.192 8.7322 822.494 11.8798 810.614 807.111 14.4094 9.1652
internal_count=4800 4001 68 48 799 726 675 56 619 51 3933 61 3872 3854 73 47
is_linear=0
shrinkage=0.05


Tree=187
num_leaves=24
num_cat=0
split_feature=5 4 4 5 0 0 3 5 5 5 4 4 4 4 5 2 2 3 4 5 3 2 0
split_gain=0.330976 1.82499 2.88791 2.76651 2.56467 6.34107 3.71616 2.64251 2.35773 1.46581 2.72258 4.17758 3.25244 2.22817 1.3606 1.91837 5.6298 2.44708 1.76394 1.40549 1.29247 1.15792 1.13902
threshold=3.2722338282937495 0.74708083956459725 0.76160610745346713 2.921048598352546 90.651225180721909 119.48906736708639 19.322160219467339 2.1378003459746679 2.2366689149801338 4.901657019678809 0.49780662714261542 0.51753237224401605 0.57341084366959005 0.43260992341516219 6.4474367890262467 4.6948694631191286 4.4452960999400863 28.425493134572367 0.3065755169846946 9.3134041703925217 46.35574308635411 5.1249347016764686 362.58952601022617
decision_type=2 2 2 2 2 2 2 2 2 2 2 2 2 2 2 2 2 2 2 2 2 2 2
left_child=1 4 -3 8 6 -6 -1 -7 -4 10 13 -12 -13 -2 15 16 -11 -17 19 -16 -8 -20 -15
right_child=9 2 3 -5 5 7 20 -9 -10 14 11 12 -14 22 18 17 -18 -19 21 -21 -22 -23 -24
leaf_value=-0.01556616959175517 -0.00021527725740891324 0.036010234820608521 -0.0025790268170777816 -0.035833221364346086 -0.087539120428052633 0.0019631223677895222 0.04923905101513984 -0.021582816718095404 0.02939426070929357 -0.0022952421477773206 -0.055530852201838954 0.030677103088559945 0.00096978999140501861 0.055722185151092563 -0.061297678887722508 -0.0033504324924467921 0.057797334766232757 -0.021645707827989871 -0.0012866021723414033 -0.0070144507266793115 0.011379712871470328 0.0029980839845263913 0.021149525423595099
leaf_weight=8.086359918117525 5.3535957112908354 6.5812455862760535 23.119302354753021 4.6883453652262679 2.7239649295806876 25.337934974581003 4.7042438238859159 22.494500033557415 7.681504823267459 62.085933543741703 2.9885104298591605 10.498610675334929 75.26656923443079 5.2502851188182813 2.0167489275336257 49.748568587005138 4.158613607287406 28.891830764710903 322.18222318217158 2.9174396749585867 4.3286141008138657 308.82756945863366 4.3613316044211388
leaf_count=36 28 33 111 23 12 119 21 107 37 301 13 47 354 23 14 230 20 133 1575 38 20 1484 21
internal_value=1.80709e-06 -0.00258806 0.00558969 -5.16119e-05 -0.00767174 -0.0133357 0.00905516 -0.00910999 0.00539489 0.000323132 0.0059078 0.00258136 0.0046063 0.0256358 -0.000418689 -0.00479145 0.00147717 -0.010072 0.000577542 -0.0292016 0.0310966 0.0008104 0.0400346
internal_weight=994.294 109.746 42.0704 35.4892 67.6756 50.5564 17.1192 47.8324 30.8008 884.548 103.719 88.7537 85.7652 14.9652 780.829 144.885 66.2445 78.6404 635.944 4.93419 9.03286 631.01 9.61162
internal_count=4800 519 204 171 315 238 77 226 148 4281 486 414 401 72 3795 684 321 363 3111 52 41 3059 44
is_linear=0
shrinkage=0.05


Tree=188
num_leaves=18
num_cat=0
split_feature=3 5 2 5 0 5 3 3 5 0 4 2 2 5 0 5 3
split_gain=0.318088 3.75018 3.92759 3.12387 3.98955 3.37284 2.88058 2.85284 2.52817 4.63013 2.919 2.72708 6.03401 3.69111 1.71587 1.79559 1.16733
threshold=24.995192747971981 14.036294205954377 6.2318027170043075 14.145031592390097 442.61603549412774 14.803882806893833 25.617543023594184 48.192873975705659 11.672681783198881 859.27840875570428 0.60635639201542169 4.229565130036069 3.3886450128748975 2.2366689149801338 1223.2380518712805 8.0440860779088439 53.304596650378848
decision_type=2 2 2 2 2 2 2 2 2 2 2 2 2 2 2 2 2
left_child=3 6 7 8 5 -5 -2 -3 11 10 -10 12 -1 -13 15 -8 -16
right_child=1 2 -4 4 -6 -7 14 -9 9 -11 -12 13 -14 -15 16 -17 -18
leaf_value=0.0009950247201265239 -0.030906755063680593 -0.034076663109335971 -0.065739240612748995 0.070039145772631928 -0.0084841615265017836 0.013799255594290426 -0.0020110532809637402 0.020015651736332532 0.0034980133884946907 0.040645453088632683 -0.0237553089521353 -0.016052758571006614 -0.020704433988539703 0.0059175544504601364 -0.040750768011143051 0.0047328190175442604 -0.0047480932275068954
leaf_weight=165.86739792302251 7.4822628796100608 5.2017511017620546 4.3697605878114691 5.0976629517972487 6.7454339563846579 5.58854616060853 230.09986118227243 4.5868921205401421 14.330744616687296 4.042691081762313 31.249623991549015 20.591212429106236 39.705758586525917 267.05456265062094 4.1237176880240423 172.84643154032528 4.9588982909917831
leaf_count=805 37 29 22 28 33 30 1068 22 73 21 158 97 193 1279 29 851 25
internal_value=1.50818e-06 -0.00101517 -0.0263245 0.000788449 0.021623 0.0406275 -0.000160984 -0.00872937 0.000119414 -0.0106382 -0.0151867 0.00120174 -0.00319615 0.0043448 0.000397345 0.000881775 -0.0210941
internal_weight=993.943 433.67 14.1584 560.274 17.4316 10.6862 419.511 9.78864 542.842 49.6231 45.5804 493.219 205.573 287.646 412.029 402.946 9.08262
internal_count=4800 2083 73 2717 91 58 2010 51 2626 252 231 2374 998 1376 1973 1919 54
is_linear=0
shrinkage=0.05


Tree=189
num_leaves=11
num_cat=0
split_feature=2 2 3 3 4 4 4 3 5 0
split_gain=0.332432 0.591524 1.86406 2.09703 0.497237 2.98595 2.57801 3.10341 1.06758 0.786822
threshold=9.9200355027848435 9.7648140727104344 31.161593246298455 12.010858118278058 0.78528309782223216 0.78047845536186056 0.79086886218748176 2.5971715010474155 8.2276101733608993 196.39300372493173
decision_type=2 2 2 2 2 2 2 2 2 2
left_child=1 4 3 -3 5 8 9 -8 -1 -6
right_child=-2 2 -4 -5 6 -7 7 -9 -10 -11
leaf_value=0.0012721974770550063 -0.01052256496472067 -0.0031163219063281094 -0.015225589394133949 0.042613951052603516 0.044134564545801502 -0.031653505666495406 -0.019314480338688985 0.0028341035978093204 -0.002505010089848202 0.016066868276958145
leaf_weight=440.23745611682534 7.4474682137370101 4.5313645005226117 4.957847259938716 5.6112154722213745 3.7464301139116269 7.6859654784202567 17.445575583726168 169.27775803953409 325.29481520876288 7.4864805787801743
leaf_count=2041 36 21 24 27 21 36 92 930 1537 35
internal_value=1.49592e-06 8.09642e-05 0.00990096 0.0221832 -7.17232e-05 -0.000644172 0.00216427 0.00076476 -0.000332837 0.0254281
internal_weight=993.722 986.275 15.1004 10.1426 971.174 773.218 197.956 186.723 765.532 11.2329
internal_count=4800 4764 72 48 4692 3614 1078 1022 3578 56
is_linear=0
shrinkage=0.05


Tree=190
num_leaves=16
num_cat=0
split_feature=3 5 5 4 3 5 3 2 3 2 3 3 4 3 4
split_gain=0.315365 1.42776 3.30826 2.57534 1.81456 1.01831 2.21682 1.25384 0.95621 0.901789 1.51695 0.806333 0.669339 1.63385 1.41155
threshold=87.927798015473641 9.0598157721103139 10.178274040031772 0.62919190049494167 93.054265345654855 7.003472387749782 116.24299013652934 5.5130647280067304 80.758034174830968 7.6833539975249545 83.205039841268089 77.713336443458317 0.64846836777277106 74.357066308579178 0.66167940291327276
decision_type=2 2 2 2 2 2 2 2 2 2 2 2 2 2 2
left_child=8 4 -3 -4 -2 6 -6 -7 11 10 -10 12 13 -1 -14
right_child=1 2 3 -5 5 7 -8 -9 9 -11 -12 -13 14 -15 -16
leaf_value=-0.0010492334843276161 -0.026877955605406213 -0.050122411109719593 0.025335401880174996 -0.022702192570121769 0.01565625326727042 0.0028444706416172454 -0.020589857933927275 0.036715057830101532 0.04284407584133261 -0.0055089539678456973 0.004348329679379672 -0.0159002433692941 0.011520753412340587 -0.032743147418258366 0.00066638627361691465
leaf_weight=406.33071871101856 4.6316575855016699 4.9479477405548122 5.0740024298429471 6.1983456760644913 9.3222177252173477 5.8037628009915334 7.7049503177404395 5.1630609855055809 4.4786024466156942 4.7075148969888678 5.9708848297595978 7.9046306461095801 31.948582112789154 4.107413411140441 479.30393942818046
leaf_count=1909 23 25 23 30 44 29 36 24 22 22 28 36 143 18 2388
internal_value=1.60525e-06 -0.00391596 -0.0160396 -0.00107911 0.00211148 0.00690784 -0.000745446 0.0187904 0.000204153 0.0126616 0.0208474 1.0352e-06 0.000137408 -0.00136641 0.00134468
internal_weight=993.598 48.8459 16.2203 11.2723 32.6256 27.994 17.0272 10.9668 944.752 15.157 10.4495 929.595 921.691 410.438 511.253
internal_count=4800 234 78 53 156 133 80 53 4566 72 50 4494 4458 1927 2531
is_linear=0
shrinkage=0.05


Tree=191
num_leaves=14
num_cat=0
split_feature=0 2 5 5 3 4 3 0 0 0 4 0 5
split_gain=0.309467 2.65935 2.33912 2.37548 4.50696 2.44907 2.3072 2.25212 2.48082 2.30648 2.94894 2.39839 1.32699
threshold=27.16900903193692 8.7426066837943726 9.977620933437704 5.9494767699330833 31.879038086272793 0.7406289945505008 17.988926163426012 30.403553017641919 33.488107759470147 54.203670177324192 0.76841285911514334 55.668944971695502 11.733181366469449
decision_type=2 2 2 2 2 2 2 2 2 2 2 2 2
left_child=1 2 3 4 -1 -5 -4 -2 -9 10 -10 -11 -8
right_child=7 -3 6 5 -6 -7 12 8 9 11 -12 -13 -14
leaf_value=-0.010401416973532118 0.029773308491773072 -0.032273690553308164 -0.0037186714995159336 -0.0066343146765990959 0.040323092053211301 -0.04219284934394843 0.058800376884163674 -0.029445466312837211 0.0058088384749623934 -0.040271096883369363 0.041212937624541895 -0.00012210612360512163 0.017004871116263538
leaf_weight=11.189264848828318 6.4143330343067637 7.0706319361925116 6.5853531807661039 27.189777463674545 7.1950400769710532 5.8915760181844226 3.5894210711121559 7.0773753076791754 36.865511305630207 3.7358987256884566 6.9981535971164694 859.46258733049035 4.0327993147075176
leaf_count=57 36 38 35 126 34 37 20 36 179 18 55 4107 22
internal_value=1.48164e-06 -0.00313804 -1.18901e-06 -0.00495915 0.00945056 -0.0129671 0.0179586 0.000249573 4.24107e-05 0.000272491 0.0114573 -0.00029587 0.036687
internal_weight=993.298 72.7439 65.6732 51.4657 18.3843 33.0814 14.2076 920.554 914.14 907.062 43.8637 863.198 7.62222
internal_count=4800 369 331 254 91 163 77 4431 4395 4359 234 4125 42
is_linear=0
shrinkage=0.05


Tree=192
num_leaves=19
num_cat=0
split_feature=3 5 2 5 0 5 3 3 5 2 2 2 5 2 0 5 2 3
split_gain=0.304869 3.40129 3.64629 2.82685 3.71544 3.56568 2.58291 2.56844 2.33982 2.74202 2.65739 1.71977 3.59019 3.41251 1.55852 1.74464 1.4077 1.10478
threshold=24.995192747971981 14.036294205954377 6.2318027170043075 14.145031592390097 501.24036081001441 14.803882806893833 25.617543023594184 48.192873975705659 9.6803403557051606 0.67840467230281654 1.0841979854773871 4.229565130036069 2.2366689149801338 3.3886450128748975 1223.2380518712805 8.0440860779088439 0.34714535056309398 53.304596650378848
decision_type=2 2 2 2 2 2 2 2 2 2 2 2 2 2 2 2 2 2
left_child=3 6 7 8 5 -5 -2 -3 11 16 -11 13 -13 -1 15 -8 -10 -16
right_child=1 2 -4 4 -6 -7 14 -9 9 10 -12 12 -14 -15 17 -17 -18 -19
leaf_value=0.0016654585283316778 -0.029295368828825559 -0.032380381823550984 -0.063568071154605818 0.068140947471987026 -0.012536681533554873 0.012332570042673775 -0.0020452346475033716 0.019001912004900728 0.0043380597489333277 -0.043225911844755383 -0.0062042904475812181 -0.015178857327011457 0.0066623912561960029 -0.016201751156405424 -0.039690297810785265 0.00460715826934516 0.041108543348128933 -0.0044267188107235079
leaf_weight=137.45217958837748 7.4825405329465857 5.1885456740856153 4.2963564172387114 5.1072045825421828 5.6599931046366683 6.5107154659926891 229.88900691270828 4.5780388191342354 6.8722309768199903 5.0541547462344161 118.33095096424222 20.599429272115231 217.1898204497993 33.173670560121536 4.0302506163716298 172.51999375596642 4.1897135451436043 4.9478446319699287
leaf_count=662 37 29 22 29 28 34 1068 22 35 26 601 97 1023 160 29 851 22 25
internal_value=2.00715e-06 -0.000994485 -0.0251816 0.000772197 0.0206822 0.0368658 -0.00018244 -0.00829518 0.000138511 -0.00558275 -0.00772079 0.00202191 0.00477031 -0.00180835 0.000347083 0.000806766 0.0182649 -0.0202565
internal_weight=993.073 432.933 14.0629 560.14 17.2779 11.6179 418.87 9.76658 542.862 134.447 123.385 408.415 237.789 170.626 411.387 402.409 11.0619 8.9781
internal_count=4800 2083 73 2717 91 63 2010 51 2626 684 627 1942 1120 822 1973 1919 57 54
is_linear=0
shrinkage=0.05


Tree=193
num_leaves=15
num_cat=0
split_feature=6 4 4 5 0 4 5 3 3 3 2 0 0 3
split_gain=0.305665 0.390655 1.13909 5.56714 3.77208 1.39201 5.45532 1.10101 6.39247 6.07053 2.57813 2.54353 1.72942 1.06973
threshold=5.5000000000000009 0.7576098806392233 0.72537693365283429 2.005111939455825 561.95106698171264 0.69698541627413624 2.7260467902580028 15.780373420640386 15.303535836035488 17.83932990128223 2.8868905271678842 548.77782288090418 976.90036916712791 24.995192747971981
decision_type=2 2 2 2 2 2 2 2 2 2 2 2 2 2
left_child=1 2 5 -4 -5 13 -7 8 11 10 -9 -3 -11 -1
right_child=-2 7 3 4 -6 6 -8 9 -10 12 -12 -13 -14 -15
leaf_value=0.0012468469273993635 -0.012881825502819345 -0.0040683444185762967 0.035850540979152037 -0.0044866247139939575 -0.032358844647571203 -0.033062127164621279 0.011389435881864137 0.0047668604382868577 -0.066989449086841277 0.003443086129352858 0.062887062417226552 0.014026845864289324 -0.019244704540249551 -0.0031290395303556831
leaf_weight=322.22894988767803 4.5823478121310464 82.996767658740282 7.2692882865667334 62.338335499167442 15.074196815490721 7.7188461646437636 65.236902438104153 2.779924735426901 3.6634631901979438 131.8197233825922 6.0837462395429611 25.352052181959152 8.9711873456835729 246.50543010793626
leaf_count=1512 26 450 33 288 73 37 301 16 18 711 35 116 47 1137
internal_value=1.9719e-06 6.17247e-05 -0.000535001 -0.00598552 -0.00991406 0.000184287 0.00668638 0.0017182 -0.0020307 0.00452415 0.0446587 0.000165668 0.00199742 -0.000649785
internal_weight=992.621 988.039 726.372 84.6818 77.4125 641.69 72.9557 261.667 112.012 149.655 8.86367 108.349 140.791 568.734
internal_count=4800 4774 3381 394 361 2987 338 1393 584 809 51 566 758 2649
is_linear=0
shrinkage=0.05


Tree=194
num_leaves=15
num_cat=0
split_feature=2 2 4 4 4 4 0 2 2 4 3 3 0 2
split_gain=0.296697 0.552258 1.7556 3.25647 2.77654 2.61891 2.24168 0.845331 2.123 3.70682 1.61539 2.47231 1.80757 1.00168
threshold=9.9200355027848435 9.3375637381856524 0.69788285488344681 0.66405167228494844 0.59721705451572349 0.72537693365283429 152.88705399333662 8.7426066837943726 8.4851834057151603 0.71613543108449274 7.4574291309737397 9.1674978827146862 133.6104416404051 7.9138200475180733
decision_type=2 2 2 2 2 2 2 2 2 2 2 2 2 2
left_child=1 7 3 4 -3 -4 -7 8 13 -10 12 -12 -9 -1
right_child=-2 2 5 -5 -6 6 -8 10 9 -11 11 -13 -14 -15
leaf_value=0.00019517624535701533 -0.0099418048225303306 -0.0080039802494022688 0.052795693182834127 -0.03720952423517393 0.02467961103112986 0.034092271360584681 -0.0021011278239679155 0.039007879327436629 0.0013767406397599833 0.040934106215965049 -0.05003297646781299 -0.0069688812521065558 -0.0021365602723733682 -0.0066954718448354773
leaf_weight=782.026213362813 7.4449950829148284 17.19893013313413 3.8341446965932873 5.6842996627092353 10.444001644849775 5.9157792180776623 15.454306915402411 3.7317158207297316 18.747593320906166 8.6569118909537774 3.609332136809825 43.50303078442812 9.3769790157675725 56.555035248398781
leaf_count=3781 36 88 18 26 46 35 75 20 83 50 17 215 44 266
internal_value=2.14376e-06 7.73238e-05 0.00478753 -0.00274298 0.00434447 0.014745 0.00791812 -0.000220337 0.000177998 0.0138727 -0.00594844 -0.0102681 0.00957623 -0.000269538
internal_weight=992.183 984.738 58.5315 33.3272 27.6429 25.2042 21.3701 926.207 865.986 27.4045 60.2211 47.1124 13.1087 838.581
internal_count=4800 4764 288 160 134 128 110 4476 4180 133 296 232 64 4047
is_linear=0
shrinkage=0.05


Tree=195
num_leaves=22
num_cat=0
split_feature=6 0 0 2 2 5 4 5 5 5 4 3 4 5 4 2 6 4 4 2 4
split_gain=0.291571 1.59499 4.09204 3.2051 3.72517 3.74099 3.6672 2.57006 3.82513 2.62298 2.25407 1.57731 0.669915 3.65328 2.8395 1.88628 2.872 2.2375 1.34088 3.83163 1.55427
threshold=2.5000000000000004 285.38394547950764 249.39539287213569 7.2289011873022639 5.1896347618252738 7.9983969199003022 0.57535566526922022 4.2498323124606996 5.7987632522045169 3.1706414694628222 0.77345657081450936 44.433039126148195 0.82893701997459757 2.2366689149801338 0.82546713728979693 1.0519728222694378 1.0000000180025095e-35 0.85135763004869358 0.80918742724978465 6.0159230864803188 0.7957656028301322
decision_type=2 2 2 2 2 2 2 2 2 2 2 2 2 2 2 2 2 2 2 2 2
left_child=12 2 7 4 6 -6 -3 9 -9 -2 11 -5 14 -14 18 17 -17 -15 20 -20 -1
right_child=1 3 -4 10 5 -7 -8 8 -10 -11 -12 -13 13 15 -16 16 -18 -19 19 -21 -22
leaf_value=0.000252422708648345 0.0024997609731074741 -0.041437859940774743 0.037964862448294862 -0.024353956861968187 0.047256123055152831 -0.0026366879045442403 -0.0019458808401103117 -0.028401463281005897 0.00054106475055267389 0.04378833190947734 -0.054421462822911749 0.012134908090476572 -0.031876655816867841 -0.044277865803194504 -0.032587092423440461 0.026866675735308872 0.0042279177682397568 0.006816737367798655 0.033805621336064975 -0.0093335749875582737 -0.013409451587232002
leaf_weight=667.14671410620213 10.654144592583181 7.2060954980552188 7.3954518511891356 11.739575484767558 6.8706407397985449 8.2906949743628484 31.904345035552979 13.569467000663279 71.934370864182711 6.0200918912887564 4.761665739119052 3.9609363600611678 6.4380321577191344 3.7083820328116399 6.6647096425294867 18.488093532621861 57.831078875809908 5.0748346485197544 10.556617412716152 10.045256324112414 21.488951712846756
leaf_count=3084 48 57 36 74 36 43 156 62 344 26 25 24 32 20 33 121 330 34 57 51 107
internal_value=2.28305e-06 -0.00179214 0.0020492 -0.00742425 -0.00106625 0.0199732 -0.00922227 -0.000550304 -0.00405212 0.0174066 -0.0242876 -0.0151485 0.00041188 0.00443946 -0.000103116 0.00718679 0.00971209 -0.014756 0.000202136 0.0127714 -0.000173898
internal_weight=991.75 184.307 109.574 74.734 54.2718 15.1613 39.1104 102.178 85.5038 16.6742 20.4622 15.7005 807.443 91.5404 715.902 85.1024 76.3192 8.78322 709.238 20.6019 688.636
internal_count=4800 931 516 415 292 79 213 480 406 74 123 98 3869 537 3332 505 451 54 3299 108 3191
is_linear=0
shrinkage=0.05


Tree=196
num_leaves=17
num_cat=0
split_feature=3 5 5 4 5 0 2 2 0 3 5 4 3 3 4 3
split_gain=0.299293 1.36138 2.79111 2.25419 1.76269 2.43886 2.77793 2.43139 1.2704 0.86704 0.847701 0.960893 0.728218 0.697328 1.60628 0.681378
threshold=87.927798015473641 9.0359054585229117 10.209603116849186 0.62919190049494167 6.1905390450667195 346.75571640075026 5.4790894026326553 3.3197346201129334 233.81702776090069 80.758034174830968 6.5819833810220425 0.65457703965936231 77.713336443458317 71.073572223101039 0.54615597938954441 57.926183165398974
decision_type=2 2 2 2 2 2 2 2 2 2 2 2 2 2 2 2
left_child=9 4 -3 -4 7 6 -6 -2 -9 12 -11 -12 13 15 -15 -1
right_child=1 2 3 -5 5 -7 -8 8 -10 10 11 -13 -14 14 -16 -17
leaf_value=0.000269280150122589 0.021455671665284434 -0.043589654484503762 0.023892944097790168 -0.021876677689082941 -0.022408193566745883 0.035343822449274712 0.028591390117223905 -0.0087223832780018787 -0.044953736983684024 -0.0012028368711043092 0.038851864268229591 0.0050173387688196977 -0.015127907134533013 0.035618297423868926 0.0014925800336227288 -0.0057345770559813335
leaf_weight=850.4934157403186 4.0260080099105826 5.7555346786975887 5.0508741289377195 5.7557020038366318 6.7288989275693911 7.0830876007676116 4.4266362488269806 5.4912373125553113 4.3249789401888847 6.6848186105489722 4.3827101737260801 4.026140920817852 7.881127640604972 4.524410247802737 14.497023850679396 50.037399768829346
leaf_count=4123 20 29 23 28 33 34 21 25 21 31 20 21 36 20 70 245
internal_value=2.16532e-06 -0.00382239 -0.015464 -0.000484463 0.00218774 0.0123981 -0.00217101 -0.0112655 -0.0246857 0.000199547 0.0120869 0.022652 6.08395e-06 0.000135792 0.00960967 -6.43202e-05
internal_weight=991.17 48.643 16.5621 10.8066 32.0808 18.2386 11.1555 13.8422 9.81622 942.527 15.0937 8.40885 927.433 919.552 19.0214 900.531
internal_count=4800 234 80 51 154 88 54 66 46 4566 72 41 4494 4458 90 4368
is_linear=0
shrinkage=0.05


Tree=197
num_leaves=23
num_cat=0
split_feature=5 5 4 4 5 4 0 4 3 4 3 3 3 5 6 4 4 4 4 4 4 4
split_gain=0.294364 2.69191 7.16302 2.76392 1.68962 1.6007 2.80546 1.9502 2.24521 1.80345 1.36546 6.19858 5.32434 4.52086 2.95728 2.29505 1.09985 3.56783 6.0514 4.5179 2.32161 4.15336
threshold=5.2565967478448945 5.4626928679165232 0.62700479174556367 0.7605329443048211 4.3247055481100523 0.8185111922028343 202.38221213801606 0.69531270844270854 26.00787667518351 0.54615597938954441 62.128307042785643 49.810453787083453 45.893508434199127 3.3530052784489497 1.5000000000000002 0.6413199151053891 0.56398951576022049 0.52865577210554282 0.50111842060448308 0.53406958419916972 0.5674256197098777 0.56911712683663018
decision_type=2 2 2 2 2 2 2 2 2 2 2 2 2 2 2 2 2 2 2 2 2 2
left_child=4 2 -2 -4 10 7 -7 9 -9 -6 11 12 -1 14 -12 -13 17 18 -3 -19 -18 -22
right_child=1 16 3 -5 5 6 -8 8 -10 -11 13 15 -14 -15 -16 -17 20 19 -20 -21 21 -23
leaf_value=-0.0015803508991017467 0.025009128501271266 -0.004816657784786689 -0.071276256599245413 -0.017606651089851554 0.017539049443915163 0.023787300230058289 -0.035620143114879599 0.0095587581827049819 0.041898618332735553 -0.0038453199084906944 0.013912512104799359 -0.064467516274870448 0.053071517955130404 0.049278573479042631 -0.030321029544726513 -0.020600971750732666 0.032241564334775652 -0.055513522833909194 0.021630564798120436 -0.0092121156675132373 -0.053043438085094589 0.0010484797561921965
leaf_weight=130.73959728702903 5.3497503697872153 97.132502279244363 5.3191571384668332 4.3694552257657051 15.827445574104784 3.2392552644014341 5.141798809170723 13.412408389151098 8.9468704462051374 26.147706098854542 9.898680463433271 4.514143578708171 4.6137898787856093 5.583381086587905 6.1114946007728568 8.7832675874233228 5.8954915031790724 5.9548534005880347 27.824884995818138 45.71095672249794 3.5719201713800421 546.92004442214966
leaf_count=622 26 519 24 22 73 21 25 62 43 118 47 21 22 26 28 41 27 26 124 206 15 2662
internal_value=1.99921e-06 -0.000489108 -0.0214298 -0.0470719 0.00151407 0.00789407 -0.0126593 0.0105716 0.0224993 0.00421802 -0.00121098 -0.00291766 0.000282567 0.0105379 -0.00297257 -0.0354926 -5.94917e-05 -0.00349702 0.00107248 -0.0145487 0.00103174 0.000697499
internal_weight=991.009 748.049 15.0384 9.68861 242.96 72.7155 8.38105 64.3344 22.3593 41.9752 170.244 148.651 135.353 21.5936 16.0102 13.2974 733.011 176.623 124.957 51.6658 556.387 550.492
internal_count=4800 3651 72 46 1149 342 46 296 105 191 807 706 644 101 75 62 3579 875 643 232 2704 2677
is_linear=0
shrinkage=0.05


Tree=198
num_leaves=13
num_cat=0
split_feature=3 3 2 4 2 4 3 2 3 3 0 5
split_gain=0.297677 1.58512 2.06094 1.69664 2.86723 2.07009 1.12097 2.44451 0.656204 0.599154 1.51606 0.632607
threshold=85.792949371447079 90.257899157066419 0.45822277083304169 0.62919190049494167 2.0965350016244795 0.58281513946784735 80.758034174830968 5.3335476443926249 77.713336443458317 71.073572223101039 149.01853846004769 10.962443237175515
decision_type=2 2 2 2 2 2 2 2 2 2 2 2
left_child=6 -2 -3 5 -5 -4 8 -8 9 11 -11 -1
right_child=1 2 3 4 -6 -7 7 -9 -10 10 -12 -13
leaf_value=0.00053820745537834665 -0.024970994937762989 -0.037933554686216321 0.0015197505813042166 0.028922022544465936 -0.014558508323098874 0.036785089515623676 0.048600316234811473 -0.00081104901599870311 -0.01437227581456435 -0.012075816587028262 0.018422254322768766 -0.0030547380244163522
leaf_weight=753.84262226521969 7.4836047366261473 3.3346302211284629 11.255393050611021 4.740563943982127 18.939044810831547 6.6023403257131568 3.788568362593649 7.3771686479449272 7.8562754243612281 5.9174585193395641 13.08624619245529 146.28365551587194
leaf_count=3617 36 17 53 24 91 31 20 34 36 30 60 751
internal_value=1.71972e-06 -0.00366746 -0.000114523 0.0029216 -0.00585388 0.014558 0.000206486 0.0159544 1.67995e-05 0.00013979 0.00892563 -4.56986e-05
internal_weight=990.508 52.3556 44.872 41.5373 23.6796 17.8577 938.152 11.1657 926.986 919.13 19.0037 900.126
internal_count=4800 252 216 199 115 84 4548 54 4494 4458 90 4368
is_linear=0
shrinkage=0.05


Tree=199
num_leaves=18
num_cat=0
split_feature=3 3 0 6 4 3 2 3 3 4 3 4 4 5 4 4 3
split_gain=0.283839 2.00359 1.99337 2.76655 2.04434 1.70531 1.89256 1.37219 1.31637 2.56243 2.39936 1.17644 1.86917 1.56186 1.1301 3.79021 3.78337
threshold=40.700360678449861 43.412601287741303 529.40617910048275 1.5000000000000002 0.68190212113422366 39.439807305591621 3.1781948286193367 43.868376195711633 49.810453787083453 0.65994218881540212 50.413466241759068 0.40523642047195652 0.39287050939010298 5.7564129236053958 0.52357823649972601 0.53406958419916972 18.287120370669815
decision_type=2 2 2 2 2 2 2 2 2 2 2 2 2 2 2 2 2
left_child=5 2 3 4 -2 11 -7 -3 9 -9 -10 12 13 -1 16 -16 -13
right_child=1 7 -4 -5 -6 6 -8 8 10 -11 -12 14 -14 -15 15 -17 -18
leaf_value=0.018725340205841594 0.041521106136610156 -0.028558429585191704 0.038897935777623079 -0.018111783967805172 -0.0047183402397175467 -0.048545064265900245 -0.0056087483300965406 -0.0028094881071637351 -0.039059086736546629 0.021317629961964756 -0.0004186195338367533 -0.0019573344428081732 -0.042110214782032779 -0.01157370435917736 -0.028849873132604526 8.8931747838224143e-06 0.020135657701251856
leaf_weight=5.4237255938351216 6.0074762254953438 4.1200502365827552 6.5052623301744452 6.8678840398788443 3.970083050429821 3.7777479439973822 8.0044998899102193 23.860564149916172 4.1052145734429351 20.424986094236374 187.93584999069571 56.865463715046644 3.9313451759517184 19.70944793894887 11.602040685713289 587.90839397162199 29.394947603344917
leaf_count=29 26 19 31 33 24 18 39 107 19 102 905 276 23 135 53 2825 136
internal_value=1.77471e-06 0.00140658 0.0153895 0.00631122 0.0231224 -0.000508236 -0.0193754 4.8637e-05 0.000547364 0.00831821 -0.00124463 -0.000197258 -0.0100501 -0.00503519 0.000220326 -0.000549597 0.00557129
internal_weight=990.415 263.797 23.3507 16.8454 9.97756 726.618 11.7822 240.447 236.327 44.2856 192.041 714.835 29.0645 25.1332 685.771 599.51 86.2604
internal_count=4800 1266 114 83 50 3534 57 1152 1133 209 924 3477 187 164 3290 2878 412
is_linear=0
shrinkage=0.05


end of trees

feature_importances:
hours_on_shift=742
eta_sec=736
accept_rate_7d=708
mins_since_last_job=632
avg_accept_latency_s=629
declines_today=284

parameters:
[boosting: gbdt]
[objective: binary]
[metric: binary_logloss]
[tree_learner: serial]
[device_type: cpu]
[data_sample_strategy: bagging]
[data: ]
[valid: ]
[num_iterations: 200]
[learning_rate: 0.05]
[num_leaves: 31]
[num_threads: 16]
[seed: 0]
[deterministic: 0]
[force_col_wise: 0]
[force_row_wise: 0]
[histogram_pool_size: -1]
[max_depth: 5]
[min_data_in_leaf: 20]
[min_sum_hessian_in_leaf: 0.001]
[bagging_fraction: 1]
[pos_bagging_fraction: 1]
[neg_bagging_fraction: 1]
[bagging_freq: 0]
[bagging_seed: 3]
[bagging_by_query: 0]
[feature_fraction: 1]
[feature_fraction_bynode: 1]
[feature_fraction_seed: 2]
[extra_trees: 0]
[extra_seed: 6]
[early_stopping_round: 0]
[early_stopping_min_delta: 0]
[first_metric_only: 0]
[max_delta_step: 0]
[lambda_l1: 0]
[lambda_l2: 0]
[linear_lambda: 0]
[min_gain_to_split: 0]
[drop_rate: 0.1]
[max_drop: 50]
[skip_drop: 0.5]
[xgboost_dart_mode: 0]
[uniform_drop: 0]
[drop_seed: 4]
[top_rate: 0.2]
[other_rate: 0.1]
[min_data_per_group: 100]
[max_cat_threshold: 32]
[cat_l2: 10]
[cat_smooth: 10]
[max_cat_to_onehot: 4]
[top_k: 20]
[monotone_constraints: ]
[monotone_constraints_method: basic]
[monotone_penalty: 0]
[feature_contri: ]
[forcedsplits_filename: ]
[refit_decay_rate: 0.9]
[cegb_tradeoff: 1]
[cegb_penalty_split: 0]
[cegb_penalty_feature_lazy: ]
[cegb_penalty_feature_coupled: ]
[path_smooth: 0]
[interaction_constraints: ]
[verbosity: -1]
[saved_feature_importance_type: 0]
[use_quantized_grad: 0]
[num_grad_quant_bins: 4]
[quant_train_renew_leaf: 0]
[stochastic_rounding: 1]
[linear_tree: 0]
[max_bin: 255]
[max_bin_by_feature: ]
[min_data_in_bin: 3]
[bin_construct_sample_cnt: 200000]
[data_random_seed: 1]
[is_enable_sparse: 1]
[enable_bundle: 1]
[use_missing: 1]
[zero_as_missing: 0]
[feature_pre_filter: 1]
[pre_partition: 0]
[two_round: 0]
[header: 0]
[label_column: ]
[weight_column: ]
[group_column: ]
[ignore_column: ]
[categorical_feature: ]
[forcedbins_filename: ]
[precise_float_parser: 0]
[parser_config_file: ]
[objective_seed: 5]
[num_class: 1]
[is_unbalance: 0]
[scale_pos_weight: 1]
[sigmoid: 1]
[boost_from_average: 1]
[reg_sqrt: 0]
[alpha: 0.9]
[fair_c: 1]
[poisson_max_delta_step: 0.7]
[tweedie_variance_power: 1.5]
[lambdarank_truncation_level: 30]
[lambdarank_norm: 1]
[label_gain: ]
[lambdarank_position_bias_regularization: 0]
[eval_at: ]
[multi_error_top_k: 1]
[auc_mu_weights: ]
[num_machines: 1]
[local_listen_port: 12400]
[time_out: 120]
[machine_list_filename: ]
[machines: ]
[gpu_platform_id: -1]
[gpu_device_id: -1]
[gpu_use_dp: 0]
[num_gpu: 1]

end of parameters

pandas_categorical:[]
