tree
version=v4
num_class=1
num_tree_per_iteration=1
label_index=0
max_feature_idx=6
objective=regression
feature_names=eta_sec distance_m hours_on_shift mins_since_last_job accept_rate_7d avg_accept_latency_s declines_today
feature_infos=[24:2356.9090918132752] [200:19640.909098443961] [0.00089104296959739997:9.9917498114645635] [0.0015858132277079:259.0663299061182] [0.24264406899326779:0.97999999999999998] [2:18.776992871660219] [0:7]
tree_sizes=2591 2715 2718 2724 2729 2733 2723 2734 2732 2656 2730 2740 2738 2735 2576 2648 2741 2657 2495 2669 2503 2516 2747 2427 2680 2761 2596 2514 2519 2673 2594 2607 2520 2592 2350 2510 2360 2192 2523 2516 2013 2589 2341 2766 2433 1846 2097 2100 2261 2016 2280 2009 2089 1936 2443 2105 1845 1686 1602 1941 1927 2354 1844 1937 1683 1517 1517 1680 2016 2097 1607 2283 1936 1693 1501 2357 1520 2271 2281 1338 1868 1767 1170 1693 1688 1770 1687 1264 1952 1692 1517 1669 1431 930 1508 1348 1770 1349 1100 1511 1095 1341 1100 1348 1266 1341 1512 1099 1770 1617 1360 1516 1432 857 1778 1015 1427 1868 1596 1098 852 1352 1261 1100 1516 1094 1346 1349 923 1274 1101 1681 2031 936 1277 2113 1105 1016 2111 1361 1176 1782 1350 1859 1768 1179 1516 942 1176 1683 1598 1357 848 1183 1461 852 1870 1782 1437 1029 1352 1432 1793 2028 1272 2114 1022 1873 1514 1858 1694 1871 1686 1774 856 1434 1874 1108 1683 843 1180 857 947 1511 1763 1942 1788 1690 1512 1509 1518 843 1518 1524 1694 1260 1271 1349 1959 1868

Tree=0
num_leaves=31
num_cat=0
split_feature=5 5 5 5 5 5 5 5 5 5 5 5 5 5 5 5 0 2 0 4 3 0 0 3 4 0 6 3 6 5
split_gain=17465.5 3860.35 2463.89 888.262 627.779 352.669 267.361 161.52 93.8818 86.67 61.2385 36.247 33.8648 32.2104 31.1547 29.5243 21.8687 20.3401 18.9928 16.6074 15.7067 13.9979 12.7072 9.80861 9.53631 9.01539 8.94389 8.65423 6.86834 5.39738
threshold=7.4670657470472666 10.751654432847786 4.8801453596684512 13.610194917761433 9.2759158204786392 3.1521939035770981 6.3628181043166068 11.818075529365791 14.769772949314552 8.343512795002793 10.072574976659729 13.004531195558952 5.9474359514084076 6.6325592737285506 2.6269566017163291 4.0133248893264648 421.3574101731727 2.4313499319218441 61.687587013357536 0.74731497982877138 79.9878092790632 208.36697309150759 58.699394872370227 29.100527119277732 0.67722369000751981 25.686552939759746 2.5000000000000004 14.449475100674574 1.5000000000000002 6.4350646277852519
decision_type=2 2 2 2 2 2 2 2 2 2 2 2 2 2 2 2 2 2 2 2 2 2 2 2 2 2 2 2 2 2
left_child=2 4 5 7 9 14 12 26 -5 16 18 -9 25 29 19 22 -2 -11 -6 -1 -15 -10 -7 -12 -17 -4 -3 -14 -16 -8
right_child=1 3 6 8 10 15 13 11 21 17 23 -13 27 20 28 24 -18 -19 -20 -21 -22 -23 -24 -25 -26 -27 -28 -29 -30 -31
leaf_value=7.5945427684324764 7.8521000801359007 8.0226692417102097 7.7669848332787392 8.1773914605553273 7.9132090728415418 7.6163515373959072 7.806555174379656 8.0713994235447544 8.3031271694088815 7.9240212516900463 7.9984860384148169 8.1194347278482777 7.7936410968395169 7.8251835892462198 7.633678173307775 7.6985575637477206 7.8867019638561677 7.8924171746863765 7.9542707094634926 7.5648756791982947 7.7807476543300629 8.2470064235115892 7.6588368862761982 7.9732487080260714 7.6737614071903657 7.7317766545797229 7.9891544552024349 7.7598851495484658 7.599364489116752 7.7765624604483286
leaf_weight=85 202 148 20 63 34 22 20 144 20 67 99 54 31 207 35 66 59 212 164 106 22 25 88 63 94 200 23 49 25 60
leaf_count=85 202 148 20 63 34 22 20 144 20 67 99 54 31 207 35 66 59 212 164 106 22 25 88 63 94 200 23 49 25 60
internal_value=7.85612 7.97568 7.71044 8.09067 7.91473 7.63062 7.77873 8.05376 8.21679 7.88063 7.96587 8.0845 7.74511 7.81137 7.58795 7.67028 7.85992 7.90001 7.94722 7.57808 7.82091 8.27195 7.65034 7.98867 7.68399 7.73498 8.01816 7.77297 7.61938 7.78406
internal_weight=2507 1377 1130 477 900 521 609 369 108 540 360 198 300 309 251 270 261 279 198 191 229 45 110 162 160 220 171 80 60 80
internal_count=2507 1377 1130 477 900 521 609 369 108 540 360 198 300 309 251 270 261 279 198 191 229 45 110 162 160 220 171 80 60 80
is_linear=0
shrinkage=1


Tree=1
num_leaves=31
num_cat=0
split_feature=5 5 5 5 5 5 5 5 5 5 5 5 5 5 5 0 5 3 4 5 3 4 0 3 0 4 0 3 2 0
split_gain=15762.6 3487.62 2223.66 741.794 659.211 318.284 241.293 89.3996 86.3205 84.7283 73.9468 30.563 29.2507 28.1171 26.6457 19.7365 17.4035 15.617 14.9882 14.828 14.6882 14.0083 12.6331 12.1955 11.4683 8.60652 8.13639 7.81044 6.43033 5.33438
threshold=7.4670657470472666 11.203061302847718 4.8801453596684512 9.3227777624059538 13.610194917761433 3.1521939035770981 6.3628181043166068 12.401773498764856 8.343512795002793 14.769772949314552 10.072574976659729 5.9474359514084076 6.670267363940142 2.6269566017163291 4.0133248893264648 421.3574101731727 11.818075529365791 2.5112568494613723 0.74731497982877138 13.004531195558952 69.586934931594513 0.61743767178938558 208.36697309150759 57.645608615356011 58.699394872370227 0.67722369000751981 25.686552939759746 14.449475100674574 5.6491641786012989 95.303847166873894
decision_type=2 2 2 2 2 2 2 2 2 2 2 2 2 2 2 2 2 2 2 2 2 2 2 2 2 2 2 2 2 2
left_child=2 3 5 8 7 13 11 16 15 -6 21 26 29 18 24 -2 -3 -10 -1 -9 -14 -5 -11 -12 -7 -16 -4 -13 -15 -8
right_child=1 4 6 10 9 14 12 19 17 22 23 27 20 28 25 -17 -18 -19 -20 -21 -22 -23 -24 -25 -26 -27 -28 -29 -30 -31
leaf_value=-0.24850255405201632 -0.0038231093114896651 0.16123069179329008 -0.084682593345642099 0.11334894968366081 0.30520370309315031 -0.22778422060337933 -0.085609126664125013 0.21548444115453297 0.085690537728369237 0.42465263843536383 0.13624036729934827 -0.059359142100138054 -0.02810907676147345 -0.20798281718944681 -0.14968849771627876 0.029048680305733522 0.19353810416327583 0.039940425145880254 -0.27668628518311483 0.25014480264098554 -0.069561847423513734 0.080892390866168118 0.3713379306793213 0.10423542957220761 -0.1874231398444284 -0.17324484528062192 -0.11813036201894284 -0.091427290530837313 -0.24073816730130104 -0.058752190246013927
leaf_weight=85 202 99 20 44 63 22 26 72 20 20 199 31 195 29 66 59 72 277 106 54 24 136 25 35 88 94 200 49 31 64
leaf_count=85 202 99 20 44 63 22 26 72 20 20 199 31 195 29 66 59 72 277 106 54 24 136 25 35 88 94 200 49 31 64
internal_value=-1.15366e-10 0.113574 -0.138399 0.0622096 0.236848 -0.214232 -0.0735247 0.198381 0.0245859 0.342633 0.11292 -0.105466 -0.0425137 -0.254764 -0.176552 0.00360768 0.174834 0.0430212 -0.264144 0.230339 -0.0326518 0.0888262 0.395033 0.131453 -0.195495 -0.163528 -0.11509 -0.0790009 -0.224906 -0.0665109
internal_weight=2507 1377 1130 972 405 521 609 297 558 108 414 300 309 251 270 261 171 297 191 126 219 180 45 234 110 160 220 80 60 90
internal_count=2507 1377 1130 972 405 521 609 297 558 108 414 300 309 251 270 261 171 297 191 126 219 180 45 234 110 160 220 80 60 90
is_linear=0
shrinkage=0.05


Tree=2
num_leaves=31
num_cat=0
split_feature=5 5 5 5 5 5 5 5 5 5 5 5 5 5 0 5 3 3 3 4 5 4 0 2 3 0 3 4 6 2
split_gain=14227.3 3080.23 2086.83 642.012 594.938 301.04 223.055 80.6831 76.4673 70.6253 66.737 52.2948 26.4428 25.3757 17.2385 15.7066 15.3702 15.0428 14.7721 13.5726 13.3823 12.6425 11.4014 11.0544 11.0064 10.3501 8.09246 7.65138 5.98346 2.73015
threshold=7.509099954578228 11.203061302847718 4.9193159409606606 9.3227777624059538 13.610194917761433 3.1521939035770981 6.6325592737285506 12.401773498764856 14.769772949314552 8.343512795002793 10.072574976659729 5.9474359514084076 4.0133248893264648 2.6269566017163291 421.3574101731727 11.818075529365791 82.373761814469944 15.598473049259097 52.686526291494644 0.74214262765999106 13.004531195558952 0.61743767178938558 208.36697309150759 7.3798716689621289 57.645608615356011 58.699394872370227 21.634356647848559 0.67722369000751981 1.5000000000000002 3.7401841104711693
decision_type=2 2 2 2 2 2 2 2 2 2 2 2 2 2 2 2 2 2 2 2 2 2 2 2 2 2 2 2 2 2
left_child=2 3 5 9 7 13 11 15 29 14 21 26 25 19 -2 -3 17 -8 -11 -1 -9 -5 -10 -13 -12 -7 -4 -14 -15 -6
right_child=1 4 6 10 8 12 16 20 22 18 24 23 27 28 -16 -17 -18 -19 -20 -21 -22 -23 -24 -25 -26 -27 -28 -29 -30 -31
leaf_value=-0.23540421488844318 -0.002679671148987527 0.15316916129580049 -0.099528140479621163 0.10768150162290445 0.30121378076487576 -0.21639500666748393 -0.041871025063038032 0.20471021599239775 0.40342001914978032 0.045947449233707582 0.12942834749566884 -0.076656731381081047 -0.14142519964472108 -0.20031646319798063 0.029144947322254835 0.18386119504769644 -0.072283302843570707 -0.015739949930527537 0.016379821316941694 -0.262374075867913 0.23763757414287992 0.076847770143820743 0.35277103614807132 -0.043800451270362833 0.099023658973830087 -0.1780519854616035 -0.11936203568449451 -0.1630264634358706 -0.23234358358383181 0.28033066532191109
leaf_weight=81 188 99 120 44 29 22 94 72 20 246 199 128 69 35 55 72 20 133 51 110 54 136 25 32 35 88 90 101 25 34
leaf_count=81 188 99 120 44 29 22 94 72 20 246 199 128 69 35 55 72 20 133 51 110 54 136 25 32 35 88 90 101 25 34
internal_value=6.32569e-10 0.109475 -0.129596 0.0604287 0.225006 -0.202263 -0.0670577 0.188462 0.325501 0.0245141 0.107274 -0.0916206 -0.166619 -0.242026 0.00452343 0.166092 -0.030263 -0.0265607 0.0408702 -0.250937 0.218822 0.0843849 0.375282 -0.0700855 0.124881 -0.185721 -0.108028 -0.154259 -0.213661 0.289944
internal_weight=2507 1359 1148 954 405 531 617 297 108 540 414 370 280 251 243 171 247 227 297 191 126 180 45 160 234 110 210 170 60 63
internal_count=2507 1359 1148 954 405 531 617 297 108 540 414 370 280 251 243 171 247 227 297 191 126 180 45 160 234 110 210 170 60 63
is_linear=0
shrinkage=0.05


Tree=3
num_leaves=31
num_cat=0
split_feature=5 5 5 5 5 5 5 5 5 5 5 5 5 5 3 5 4 0 3 2 4 5 4 0 2 4 0 3 4 2
split_gain=12846.1 2428.61 2307.72 611.043 359.605 311.153 271.688 89.836 69.0117 47.1961 32.7369 26.6449 23.8646 22.9016 22.4371 21.327 17.5303 14.8745 14.0216 12.9207 12.6884 12.2993 11.9865 10.2898 9.97663 9.45861 9.34099 7.33047 6.98138 5.78625
threshold=7.8568661763538241 11.818075529365791 4.9193159409606606 9.4378463130861814 13.610194917761433 6.6325592737285506 3.1521939035770981 10.273251576745992 14.769772949314552 5.9474359514084076 8.343512795002793 13.004531195558952 4.0133248893264648 2.6269566017163291 33.694490205435734 7.3356910674001634 0.70333138714326882 421.3574101731727 6.3949152581820607 2.8852288461429203 0.75277915611133139 11.203061302847718 0.58288087484502682 208.36697309150759 7.3798716689621289 0.77819520224790517 58.699394872370227 19.641293028541195 0.80411071249207744 4.7252256947340401
decision_type=2 2 2 2 2 2 2 2 2 2 2 2 2 2 2 2 2 2 2 2 2 2 2 2 2 2 2 2 2 2
left_child=2 3 6 10 11 9 13 25 -6 27 17 14 26 19 -3 16 -7 -2 -12 -1 -13 -9 -17 -10 -11 -5 -8 -4 -14 -15
right_child=1 4 5 7 8 15 12 21 23 24 18 20 28 29 -16 22 -18 -19 -20 -21 -22 -23 -24 -25 -26 -27 -28 -29 -30 -31
leaf_value=-0.2578414765454955 0.0024565378895981095 0.19918698078842575 -0.093804649519629205 0.095275355242192758 0.2754463528829908 -0.018508608910419486 -0.2055752607909116 0.12356957902756727 0.38324901103973391 -0.072823896464251456 0.064271813210237907 0.20060385282223045 -0.15133103066318329 -0.18257131251421843 0.15791950880312455 -0.036666394987454019 -0.04869577021614372 0.041483523382339627 0.036361613842934647 -0.22969544642802442 0.24911095414842879 0.14551070257268769 -0.0016536716347080515 0.33513247394561768 -0.041610429616412148 0.07243160857912849 -0.1691493813879788 -0.11251864626702637 -0.12509024172059952 -0.21479246459509196
leaf_weight=59 103 93 111 140 63 102 22 180 20 128 54 26 139 22 51 30 91 32 270 132 28 99 132 25 32 67 88 99 31 38
leaf_count=59 103 93 111 140 63 102 22 180 20 128 54 26 139 22 51 30 91 32 270 132 28 99 132 25 32 67 88 99 31 38
internal_value=-1.8461e-10 0.113408 -0.112957 0.0737655 0.235835 -0.0549547 -0.19215 0.112839 0.309226 -0.0870396 0.0323939 0.195803 -0.158288 -0.229925 0.184571 -0.021514 -0.0327419 0.0117074 0.0410133 -0.23839 0.225756 0.131355 -0.00813751 0.356518 -0.0665812 0.0878815 -0.176435 -0.102627 -0.146546 -0.202978
internal_weight=2507 1251 1256 945 306 725 531 486 108 370 459 198 280 251 144 355 193 135 324 191 54 279 162 45 160 207 110 210 170 60
internal_count=2507 1251 1256 945 306 725 531 486 108 370 459 198 280 251 144 355 193 135 324 191 54 279 162 45 160 207 110 210 170 60
is_linear=0
shrinkage=0.05


Tree=4
num_leaves=31
num_cat=0
split_feature=5 5 5 5 5 5 5 5 5 5 5 5 5 5 3 5 4 0 3 0 4 5 4 2 0 0 2 4 4 4
split_gain=11593.6 2191.82 2082.72 551.466 324.544 280.816 245.199 81.077 62.2831 42.5945 29.545 24.047 21.6671 20.8481 20.2495 19.2476 15.8211 13.4243 13.0334 11.583 11.4513 11.1001 10.8178 9.95416 9.73254 9.32798 9.00391 8.6576 7.07172 6.96848
threshold=7.8568661763538241 11.818075529365791 4.9193159409606606 9.4378463130861814 13.610194917761433 6.6325592737285506 3.1521939035770981 10.273251576745992 14.769772949314552 5.9474359514084076 8.343512795002793 13.004531195558952 3.9320787686524983 2.3604833998638273 33.694490205435734 7.3356910674001634 0.70333138714326882 421.3574101731727 73.577748048797034 65.973802776121019 0.75277915611133139 11.203061302847718 0.58288087484502682 2.8852288461429203 68.183051416436243 222.26217147336885 7.3798716689621289 0.61587862830904472 0.62497560296945287 0.67722369000751981
decision_type=2 2 2 2 2 2 2 2 2 2 2 2 2 2 2 2 2 2 2 2 2 2 2 2 2 2 2 2 2 2
left_child=2 3 6 10 11 9 13 27 -6 28 17 14 19 23 -3 16 -7 -2 -12 -8 -13 -9 -17 -1 -15 -10 -11 -5 -4 -14
right_child=1 4 5 7 8 15 12 21 25 26 18 20 29 24 -16 22 -18 -19 -20 -21 -22 -23 -24 -25 -26 -27 -28 -29 -30 -31
leaf_value=-0.24580436619845303 0.0023337104093866623 0.18922763011788812 -0.081703695985225019 0.10209806022855145 0.26167403147334145 -0.017583178900474429 -0.20203956564267478 0.11739110029315472 0.35998594363530478 -0.069182700832607233 0.041734734094048855 0.19057366504118994 -0.12823203477404407 -0.2265924870967865 0.15002353442650218 -0.034833075345183415 -0.046260981785727073 0.039409345434978607 0.002684489058573609 -0.16026060399894096 0.23665541580745153 0.13823516870086844 -0.0015709880709464691 -0.21997819183201625 -0.18695624864707561 0.31435548918587819 -0.039529908118338147 0.077869102337145779 -0.10282664568323618 -0.14822634282820632
leaf_weight=55 103 93 53 48 63 102 21 180 24 128 301 26 74 21 51 30 91 32 23 79 28 99 132 116 59 21 32 159 157 106
leaf_count=55 103 93 53 48 63 102 21 180 24 128 301 26 74 21 51 30 91 32 23 79 28 99 132 116 59 21 32 159 157 106
internal_value=3.76866e-10 0.107738 -0.107309 0.0700772 0.224043 -0.0522069 -0.182543 0.107197 0.293765 -0.0826876 0.0307742 0.186013 -0.150374 -0.218429 0.175343 -0.0204383 -0.0311048 0.011122 0.0389626 -0.169034 0.214468 0.124787 -0.00773063 -0.228285 -0.197361 0.338692 -0.0632521 0.0834874 -0.0974956 -0.140006
internal_weight=2507 1251 1256 945 306 725 531 486 108 370 459 198 280 251 144 355 193 135 324 100 54 279 162 171 80 45 160 207 210 180
internal_count=2507 1251 1256 945 306 725 531 486 108 370 459 198 280 251 144 355 193 135 324 100 54 279 162 171 80 45 160 207 210 180
is_linear=0
shrinkage=0.05


Tree=5
num_leaves=31
num_cat=0
split_feature=5 5 5 5 5 5 5 5 5 5 5 5 5 5 5 5 0 2 0 4 0 4 4 0 3 6 4 3 6 0
split_gain=10465.3 2323.24 1475.66 528.957 377.427 210.485 160.844 93.9488 56.2105 50.3935 35.2474 21.9977 21.7024 18.9643 18.6749 17.6932 17.071 16.2406 15.9137 14.2617 12.5921 12.1515 11.1822 8.52415 7.72273 7.70636 7.30359 7.11365 5.32742 4.36532
threshold=7.4670657470472666 10.751654432847786 4.8801453596684512 13.610194917761433 9.2759158204786392 3.1521939035770981 6.3628181043166068 11.818075529365791 14.769772949314552 8.3143378985831475 10.072574976659729 5.7072655541766464 13.004531195558952 2.6269566017163291 6.670267363940142 4.1054697593038627 61.687587013357536 2.4313499319218441 383.70078430688699 0.79501829184310202 35.092589527974432 0.74731497982877138 0.61088528955922672 208.36697309150759 29.100527119277732 2.5000000000000004 0.67722369000751981 23.402299931312808 1.5000000000000002 95.303847166873894
decision_type=2 2 2 2 2 2 2 2 2 2 2 2 2 2 2 2 2 2 2 2 2 2 2 2 2 2 2 2 2 2
left_child=2 4 5 7 9 13 11 25 -5 18 16 22 -9 21 29 27 -6 -11 -2 -13 -16 -1 -4 -10 -12 -3 -17 -7 -15 -8
right_child=1 3 6 8 10 15 14 12 23 17 24 19 -14 28 20 26 -18 -19 -20 -21 -22 -23 -24 -25 -26 -27 -28 -29 -30 -31
leaf_value=-0.20112661333645093 -0.0050666692100364615 0.13030312713581715 -0.073685189762285774 0.248590316091265 0.038521639279582923 -0.16885960084550522 -0.071053945501514074 0.16657570443607661 0.3460872602462769 0.054064819848031881 0.11092246587698658 -0.064267339134299814 0.20374451312753888 -0.17039404835019795 0.0091541311280293903 -0.11949025276338771 0.077450453705857472 0.026383331358654921 0.023373562916974303 -0.10661066633959611 -0.030729677135876477 -0.22650357228967377 -0.10565973809957506 0.30229302978515626 0.088528805620790962 0.099193268496057266 -0.14184419147498992 -0.14429268499907966 -0.20061442971229557 -0.046758623817004269
leaf_weight=85 185 148 35 63 34 68 26 144 20 70 99 116 54 35 22 63 164 218 67 24 197 106 125 25 63 23 87 52 25 64
leaf_count=85 185 148 35 63 34 68 26 144 20 70 99 116 54 35 22 63 164 218 67 24 197 106 125 25 63 23 87 52 25 64
internal_value=-3.93515e-10 0.0925423 -0.112771 0.181752 0.0452612 -0.174546 -0.0599219 0.153267 0.279076 0.0188237 0.0849174 -0.0860004 0.176713 -0.207507 -0.0346029 -0.143904 0.0707657 0.0331115 0.00249482 -0.0715262 -0.0267231 -0.21521 -0.0986653 0.321757 0.102214 0.126119 -0.132456 -0.158214 -0.182986 -0.0537773
internal_weight=2507 1377 1130 477 900 521 609 369 108 540 360 300 198 251 309 270 198 288 252 140 219 191 160 45 162 171 150 120 60 90
internal_count=2507 1377 1130 477 900 521 609 369 108 540 360 300 198 251 309 270 198 288 252 140 219 191 160 45 162 171 150 120 60 90
is_linear=0
shrinkage=0.05


Tree=6
num_leaves=31
num_cat=0
split_feature=5 5 5 5 5 5 5 5 5 5 5 5 3 5 5 4 4 5 3 4 6 6 2 0 2 4 0 4 0 3
split_gain=9450.92 1797.92 1705.14 403.056 264.343 254.979 199.613 66.1507 50.73 35.0319 19.9029 19.5864 18.3373 17.8449 17.2965 16.3638 14.2683 14.0787 12.3883 10.3348 10.0831 10.0472 8.92285 8.80844 8.28243 8.14349 7.72467 6.78319 6.59486 6.42007
threshold=7.9646844194763373 4.9193159409606606 11.818075529365791 9.4378463130861814 13.610194917761433 6.6325592737285506 3.1521939035770981 10.273251576745992 14.769772949314552 5.9474359514084076 7.3356910674001634 13.004531195558952 37.045115156517404 4.1054697593038627 2.3604833998638273 0.75277915611133139 0.70333138714326882 8.343512795002793 6.3949152581820607 0.75277915611133139 2.5000000000000004 1.5000000000000002 2.8852288461429203 68.183051416436243 3.9068198418746798 0.77819520224790517 222.26217147336885 0.80411071249207744 25.686552939759746 23.402299931312808
decision_type=2 2 2 2 2 2 2 2 2 2 2 2 2 2 2 2 2 2 2 2 2 2 2 2 2 2 2 2 2 2
left_child=1 6 3 17 11 9 14 25 -6 28 16 12 -4 29 22 -12 -7 21 -19 -13 -9 -2 -1 -16 -11 -5 -10 -15 -3 -8
right_child=2 5 4 7 8 10 13 20 26 24 15 19 -14 27 23 -17 -18 18 -20 -21 -22 -23 -24 -25 -26 -27 -28 -29 -30 -31
leaf_value=-0.22269650827754628 0.026394279662054033 -0.060744262337684631 0.17027634385258261 0.082248249025017553 0.23616081258607291 -0.015303990851594685 -0.16041661912904068 0.11686104476157354 0.32504723668098451 -0.043767261099042921 -0.016447304728780948 0.17085775870543263 0.13178219033612146 -0.12974202715523112 -0.20575156041554044 0.013433530793473539 -0.042538184948920553 0.056958519018910553 0.030724164786472642 0.2146354134593691 0.091017380158106495 -0.0062046230412446538 -0.1982447769621323 -0.16804395903975278 -0.066779587127055728 0.06105200296907283 0.2835230554853167 -0.1033656806498766 -0.09092923658850946 -0.13707804923447281
leaf_weight=55 60 20 99 140 63 102 68 234 24 68 126 26 45 130 21 72 91 54 270 28 45 39 116 59 92 67 21 30 190 52
leaf_count=55 60 20 99 140 63 102 68 234 24 68 126 26 45 130 21 72 91 54 270 28 45 39 116 59 92 67 21 30 190 52
internal_value=2.00214e-10 -0.0941427 0.100109 0.065742 0.202199 -0.0448731 -0.164753 0.0968035 0.265123 -0.0746252 -0.016719 0.167877 0.158247 -0.135728 -0.197132 -0.00558155 -0.028145 0.0300543 0.0350966 0.193557 0.112693 0.0135523 -0.206109 -0.177942 -0.0569993 0.0753876 0.305669 -0.124796 -0.0880545 -0.150303
internal_weight=2507 1292 1215 909 306 761 531 486 108 370 391 198 144 280 251 198 193 423 324 54 279 99 171 80 160 207 45 160 210 120
internal_count=2507 1292 1215 909 306 761 531 486 108 370 391 198 144 280 251 198 193 423 324 54 279 99 171 80 160 207 45 160 210 120
is_linear=0
shrinkage=0.05


Tree=7
num_leaves=31
num_cat=0
split_feature=5 5 5 5 5 5 5 5 5 5 5 5 5 5 5 4 0 3 4 0 4 4 5 2 2 0 3 3 4 2
split_gain=8530.01 1609.86 1529.41 405.458 238.57 205.386 180.151 62.9907 45.7838 31.6163 19.5406 18.0086 16.2474 15.7013 13.9487 12.8772 11.2383 11.2315 10.9538 10.2561 9.44022 9.35193 9.12797 8.36475 8.32818 7.06159 6.89245 6.46658 5.95059 5.28415
threshold=7.8568661763538241 11.818075529365791 4.9193159409606606 9.404476103378423 13.610194917761433 6.6325592737285506 3.1521939035770981 10.273251576745992 14.769772949314552 5.9474359514084076 8.343512795002793 12.521800397910384 3.9320787686524983 2.6269566017163291 7.3356910674001634 0.70333138714326882 421.3574101731727 2.5112568494613723 0.74731497982877138 65.973802776121019 0.76933789279704567 0.58288087484502682 11.203061302847718 8.4851834057151603 7.3798716689621289 208.36697309150759 4.5587366778413481 21.634356647848559 0.67722369000751981 4.7252256947340401
decision_type=2 2 2 2 2 2 2 2 2 2 2 2 2 2 2 2 2 2 2 2 2 2 2 2 2 2 2 2 2 2
left_child=2 3 6 10 11 9 13 23 -6 27 16 20 19 18 15 -7 -2 -12 -1 -8 -3 -16 -9 -5 -11 -10 -13 -4 -14 -15
right_child=1 4 5 7 8 14 12 22 25 24 17 26 28 29 21 -17 -18 -19 -20 -21 -22 -23 -24 -25 -26 -27 -28 -29 -30 -31
leaf_value=-0.18091277122497559 0.0018308981376003873 0.12720705928901832 -0.076053247408320507 0.075783675582947171 0.22435277232101988 -0.014538792055100204 -0.17615814152218046 0.10035095413086109 0.31253053307533268 -0.05985306112370381 0.067934540162483847 0.19875584334135055 -0.10908365867956467 -0.14546178674156016 -0.032038867541899288 -0.040411276118522819 0.035753839474637061 0.030085040850970315 -0.20500666866043829 -0.13684496159276255 0.16194675253196197 -0.0011123904963658954 0.11925284496809573 0.050453575635328887 -0.031334661226719622 0.27267004299163816 0.16651926483075644 -0.093783093986825813 -0.1275600705998686 -0.17625323675180737
leaf_weight=85 103 48 120 176 63 102 21 180 20 128 21 20 74 22 30 91 32 294 106 79 33 132 99 40 32 25 97 90 106 38
leaf_count=85 103 48 120 176 63 102 21 180 20 128 21 20 74 22 30 91 32 294 106 79 33 132 99 40 32 25 97 90 106 38
internal_value=6.22105e-11 0.0924132 -0.0920453 0.0601371 0.192089 -0.0448264 -0.156515 0.0913642 0.251867 -0.070894 0.0257874 0.159483 -0.128942 -0.187275 -0.0176574 -0.0267377 0.00987189 0.0326083 -0.194284 -0.145101 0.14136 -0.00683952 0.107058 0.0710929 -0.0541494 0.290386 0.17203 -0.0836518 -0.119964 -0.164963
internal_weight=2507 1251 1256 945 306 725 531 495 108 370 450 198 280 251 355 193 135 315 191 100 81 162 279 216 160 45 117 210 180 60
internal_count=2507 1251 1256 945 306 725 531 495 108 370 450 198 280 251 355 193 135 315 191 100 81 162 279 216 160 45 117 210 180 60
is_linear=0
shrinkage=0.05


Tree=8
num_leaves=31
num_cat=0
split_feature=5 5 5 5 5 5 5 5 5 5 5 0 5 3 5 4 3 6 5 5 4 4 4 0 0 4 3 0 0 0
split_gain=7700.5 1463.74 1388.38 328.042 215.309 207.295 162.602 53.8026 41.3199 28.6299 17.1339 18.6788 16.7049 16.6102 16.0582 14.3088 13.4191 13.1917 15.6617 14.8338 12.0528 9.66027 9.31129 9.01097 8.62639 7.39151 7.09633 6.39684 5.74402 2.49517
threshold=7.9646844194763373 4.9193159409606606 11.818075529365791 9.4378463130861814 13.610194917761433 6.6325592737285506 3.0637946514097676 10.273251576745992 14.769772949314552 5.9771865027717022 3.9320787686524983 58.699394872370227 13.004531195558952 33.694490205435734 7.3356910674001634 0.75277915611133139 3.798728825795719 1.5000000000000002 9.0002383921233555 8.3754284461136379 0.56174098067292488 0.73312020033149061 0.75277915611133139 590.18195453741691 30.863226717033307 0.61587862830904472 4.3374970575965355 222.26217147336885 145.91249897233345 107.66639756488586
decision_type=2 2 2 2 2 2 2 2 2 2 2 2 2 2 2 2 2 2 2 2 2 2 2 2 2 2 2 2 2 2
left_child=1 6 3 17 12 9 16 25 29 24 11 -8 13 -4 20 -16 -1 18 -2 -19 -7 -18 -14 -9 -3 -5 -11 -10 -12 -6
right_child=2 5 4 7 8 14 10 23 27 26 28 -13 22 -15 15 -17 21 19 -20 -21 -22 -23 -24 -25 -26 -27 -28 -29 -30 -31
leaf_value=-0.14833283486866183 0.026222120418733116 -0.050539733221133559 0.15519080403190788 0.085257636423921215 0.22720742112114314 0.0021122307939962907 -0.18142991747174944 0.09841405684052687 0.29350050985813142 -0.023551078101098983 -0.10375203620164822 -0.12900514643262612 0.15367893714171191 0.11968397664855801 -0.015294149645515495 0.012647512961282498 -0.17069692261690317 -0.0092588148966786417 0.053476969762950355 0.024826281821649327 -0.03107542058103718 -0.1925048454634605 0.19523229088102068 0.12623893948215428 -0.082298394970489519 0.062870293886711212 -0.054893170507776361 0.25571340890157795 -0.12177668319028967 0.20609899042617708
leaf_weight=31 172 24 93 48 21 33 21 246 24 21 78 89 26 51 126 72 86 42 76 133 160 124 28 33 196 159 129 21 102 42
leaf_count=31 172 24 93 48 21 33 21 246 24 21 78 89 26 51 126 72 86 42 76 133 160 124 28 33 196 159 129 21 102 42
internal_value=6.93953e-11 -0.0849785 0.090364 0.0593531 0.182485 -0.040523 -0.14869 0.0873755 0.239273 -0.0673493 -0.123467 -0.139014 0.151509 0.142615 -0.0151376 -0.00513355 -0.179041 0.0271572 0.0345744 0.0166459 -0.0254008 -0.183574 0.175225 0.101705 -0.0788338 0.0680616 -0.0505053 0.275867 -0.113966 0.213135
internal_weight=2507 1292 1215 909 306 761 531 486 108 370 290 110 198 144 391 198 241 423 248 175 193 210 54 279 220 207 150 45 180 63
internal_count=2507 1292 1215 909 306 761 531 486 108 370 290 110 198 144 391 198 241 423 248 175 193 210 54 279 220 207 150 45 180 63
is_linear=0
shrinkage=0.05


Tree=9
num_leaves=30
num_cat=0
split_feature=5 5 5 5 5 5 5 5 5 5 5 5 0 5 0 2 5 0 4 0 3 4 6 4 3 3 3 5 3
split_gain=6951.87 1514.63 1017.09 348.581 239.407 139.32 115.744 63.8346 38.1179 28.8912 23.1347 15.7224 15.2551 14.9495 17.1964 14.4948 13.8634 16.8576 12.3102 12.2682 12.1108 10.8562 9.98224 9.85733 9.32047 8.95717 7.65216 6.75706 6.68447
threshold=7.509099954578228 10.751654432847786 4.8801453596684512 13.610194917761433 9.2759158204786392 3.0637946514097676 6.3628181043166068 12.401773498764856 15.706136074687697 8.3143378985831475 10.072574976659729 5.7072655541766464 61.687587013357536 6.803260666552478 35.092589527974432 2.4313499319218441 3.9320787686524983 58.699394872370227 0.79501829184310202 383.70078430688699 3.798728825795719 0.76670778363791325 2.5000000000000004 0.61088528955922672 5.9507177115799941 55.800990447198934 4.1987463788879937 14.563266430733377 29.100527119277732
decision_type=2 2 2 2 2 2 2 2 2 2 2 2 2 2 2 2 2 2 2 2 2 2 2 2 2 2 2 2 2
left_child=2 4 5 7 9 20 11 21 27 19 12 23 -6 25 -15 -11 17 -7 -13 -2 -1 -3 -18 -4 -22 -8 -9 -5 -12
right_child=1 3 6 8 10 16 13 26 -10 15 28 18 -14 14 -16 -17 22 -19 -20 -21 24 -23 -24 -25 -26 -27 -28 -29 -30
leaf_value=-0.14091619199081776 -0.0038497909728903326 0.10202666204269535 -0.05737177811563015 0.19994809404015543 0.027129080760128363 -0.17235841921397621 -0.046034552036451369 0.18242630958557129 0.27875929099542124 0.046471858333264081 0.091189905609747379 -0.051137630576428422 0.063929130158546135 0.025518000796437262 -0.023394511704790899 0.020320439238716431 -0.10473373992456086 -0.12255488719328129 -0.090477489586919549 0.02209245409786461 -0.20686220407485961 0.12386247079696629 -0.14155559497220177 -0.087392461418360476 -0.17097771296375677 -0.010372670247618641 0.14870694707024773 0.23058273262447782 0.070355879743066105
leaf_weight=31 172 152 35 54 34 21 109 20 27 70 99 116 164 20 177 218 149 89 24 62 20 91 21 125 190 21 106 27 63
leaf_count=31 172 152 35 54 34 21 109 20 27 70 99 116 164 20 177 218 149 89 24 62 20 91 21 125 190 21 106 27 63
internal_value=-2.90899e-10 0.0765253 -0.0905905 0.148303 0.0377068 -0.142219 -0.0476899 0.125179 0.22731 0.0160737 0.069075 -0.0701183 0.0576099 -0.0271133 -0.0184288 0.0266767 -0.118232 -0.132063 -0.0578816 0.0030238 -0.170089 0.110204 -0.109282 -0.0808254 -0.174395 -0.0402738 0.154059 0.21016 0.0830878
internal_weight=2507 1359 1148 477 882 521 627 369 108 522 360 300 198 327 197 288 280 110 140 234 241 243 170 160 210 130 126 81 162
internal_count=2507 1359 1148 477 882 521 627 369 108 522 360 300 198 327 197 288 280 110 140 234 241 243 170 160 210 130 126 81 162
is_linear=0
shrinkage=0.05


Tree=10
num_leaves=31
num_cat=0
split_feature=5 5 5 5 5 5 5 5 5 5 5 3 5 0 0 2 5 6 5 5 3 4 6 4 0 2 0 4 5 4
split_gain=6276.6 1191.23 1134.98 266.12 174.134 168.575 132.625 43.4276 34.4014 23.7454 13.9849 14.9121 13.7841 13.3178 17.2489 12.47 12.2922 11.8026 12.9361 12.4352 11.6824 9.77629 8.43545 8.36011 7.99323 7.936 6.28152 6.25818 6.09825 5.75877
threshold=7.9646844194763373 4.9193159409606606 11.818075529365791 9.4378463130861814 13.610194917761433 6.6325592737285506 3.1521939035770981 10.534839587999736 15.706136074687697 5.7410896727934286 13.004531195558952 33.694490205435734 2.3604833998638273 488.322105385047 285.24127310466923 0.73963054568337472 4.1054697593038627 1.5000000000000002 9.0002383921233555 8.3754284461136379 3.0079486366739654 0.62497560296945287 1.0000000180025095e-35 0.75277915611133139 68.183051416436243 2.8852288461429203 712.46558939837553 0.80411071249207744 14.563266430733377 0.71511179649221757
decision_type=2 2 2 2 2 2 2 2 2 2 2 2 2 2 2 2 2 2 2 2 2 2 2 2 2 2 2 2 2 2
left_child=1 6 3 17 10 9 12 15 28 21 11 -4 25 14 -7 -5 29 18 -2 -19 -11 -3 -9 -12 -14 -1 -15 -18 -6 -8
right_child=2 5 4 7 8 13 16 22 -10 20 23 -13 24 26 -16 -17 27 19 -20 -21 -22 -23 -24 -25 -26 -27 -28 -29 -30 -31
leaf_value=-0.18424559029665863 0.023970901989107302 -0.05426303945118334 0.14079460932482635 0.10284456677734853 0.18995068752103383 -0.01136143215713983 -0.11238805049797521 0.07882676256354898 0.2648213174608019 -0.013402812285348772 0.13830026158919703 0.10715166412147821 -0.16994878365879967 0.022939398145924012 -0.038117262293199471 0.061757918635549414 -0.10621460367209064 -0.0091146358954054974 0.04874096023543787 0.02209326091355511 -0.053577684245476702 -0.082573803073722696 0.10071938635181693 0.17767404895275832 -0.13402843960260943 -0.16118563567769939 -0.0065975855580634544 -0.080879550036042927 0.2190535969204373 -0.13434346659508134
leaf_weight=55 172 41 93 20 54 235 64 60 27 20 26 51 21 30 81 241 130 42 76 133 190 119 165 28 59 116 45 30 27 56
leaf_count=55 172 41 93 20 54 235 64 60 27 20 26 51 21 30 81 241 130 42 76 133 190 119 165 28 59 116 45 30 27 56
internal_value=-2.85471e-10 -0.0767206 0.0815827 0.0535443 0.164873 -0.0366163 -0.134196 0.0787837 0.215944 -0.0608078 0.137017 0.128879 -0.160588 -0.0137242 -0.0182197 0.0649063 -0.110537 0.0245459 0.0315617 0.0146034 -0.0497515 -0.0753192 0.0948814 0.158716 -0.143458 -0.168603 0.00521721 -0.101464 0.199652 -0.122634
internal_weight=2507 1292 1215 909 306 761 531 486 108 370 198 144 251 391 316 261 280 423 248 175 210 160 225 54 80 171 75 160 81 120
internal_count=2507 1292 1215 909 306 761 531 486 108 370 198 144 251 391 316 261 280 423 248 175 210 160 225 54 80 171 75 160 81 120
is_linear=0
shrinkage=0.05


Tree=11
num_leaves=31
num_cat=0
split_feature=5 5 5 5 5 5 5 5 5 5 5 5 0 2 5 5 0 3 0 0 0 3 6 3 3 2 0 5 3 4
split_gain=5672.24 1235.04 826.382 253.179 232.823 114.238 93.8453 35.1932 31.1027 31.0473 22.6578 14.6525 13.754 13.0637 12.6964 11.9528 15.4651 10.8969 10.7172 10.4757 10.2252 10.0045 8.93315 8.90622 8.04191 7.85153 6.1943 5.50367 5.19137 5.13197
threshold=7.509099954578228 11.203061302847718 4.8801453596684512 9.2759158204786392 13.610194917761433 2.9382232594797819 6.3628181043166068 12.521800397910384 10.072574976659729 15.706136074687697 8.3143378985831475 3.9320787686524983 61.687587013357536 2.4313499319218441 5.6432451589969341 6.803260666552478 35.092589527974432 21.634356647848559 383.70078430688699 50.724992824825684 260.10457216110427 52.686526291494644 2.5000000000000004 57.645608615356011 55.800990447198934 2.8852288461429203 65.250008639986206 14.563266430733377 4.5587366778413481 0.70462240266475484
decision_type=2 2 2 2 2 2 2 2 2 2 2 2 2 2 2 2 2 2 2 2 2 2 2 2 2 2 2 2 2 2
left_child=2 3 5 10 7 25 14 20 12 27 18 19 -5 -12 17 24 -17 -4 -2 -7 -3 -16 -13 -10 -8 29 -27 -6 -9 -1
right_child=1 4 6 8 9 11 15 28 23 -11 13 22 -14 -15 21 16 -18 -19 -20 -21 -22 -23 -24 -25 -26 26 -28 -29 -30 -31
leaf_value=-0.14872019171714784 -0.0033457039925811251 0.095924806977630755 -0.060693085773322636 0.022854636554770612 0.18045315373757925 -0.15073686235894759 -0.041857448098924728 0.16396232634782792 0.08281380919524324 0.25158025379534121 0.042817751884327404 -0.094305841430190385 0.057797266446088062 0.017990847428034511 -0.058704378757448432 0.024810172058641913 -0.021574867383289509 -0.087667641983635913 0.020901311200953301 -0.1141543383797947 0.12030854097134631 -0.023481666397613787 -0.12913908277239119 0.05546338623123509 -0.0080666485242545608 -0.1716788805448092 -0.14490971955237911 0.20810091274755971 0.13598521260602267 -0.17896045698447433
leaf_weight=20 172 109 78 34 54 24 109 20 199 27 70 149 164 218 126 20 177 72 62 106 71 24 21 35 21 26 128 27 97 47
leaf_count=20 172 109 78 34 54 24 109 20 199 27 70 149 164 218 126 20 177 72 62 106 71 24 21 35 21 26 128 27 97 47
internal_value=-1.51011e-10 0.0691244 -0.0818293 0.0380678 0.14228 -0.128367 -0.0431593 0.119419 0.0663819 0.205147 0.0146354 -0.108272 0.051797 0.0240252 -0.0633548 -0.0246312 -0.0168657 -0.0736409 0.00307872 -0.120908 0.105543 -0.0530687 -0.0986088 0.0787229 -0.0363989 -0.155645 -0.149429 0.189669 0.140768 -0.169934
internal_weight=2507 1359 1148 954 405 521 627 297 432 108 522 300 198 288 300 327 197 150 234 130 180 150 170 234 130 221 154 81 117 67
internal_count=2507 1359 1148 954 405 521 627 297 432 108 522 300 198 288 300 327 197 150 234 130 180 150 170 234 130 221 154 81 117 67
is_linear=0
shrinkage=0.05


Tree=12
num_leaves=31
num_cat=0
split_feature=5 5 5 5 5 5 5 5 5 5 5 5 5 0 0 3 3 0 4 2 6 0 3 0 0 3 2 2 4 2
split_gain=5119.85 1141.66 717.374 255.381 181.863 103.171 78.3623 47.3789 28.0947 22.711 17.2644 16.6118 16.4111 12.413 12.353 12.1616 11.8024 10.3897 9.65892 9.3031 8.06216 7.98268 7.12628 6.46367 6.16827 6.13712 5.8483 5.78158 3.67435 2.33371
threshold=7.4670657470472666 10.751654432847786 4.8801453596684512 13.610194917761433 9.2759158204786392 2.7355955591992762 5.9771865027717022 12.401773498764856 14.769772949314552 8.3143378985831475 10.072574976659729 6.670267363940142 3.9320787686524983 61.687587013357536 50.724992824825684 69.586934931594513 60.516118356178993 383.70078430688699 0.76670778363791325 2.8852288461429203 2.5000000000000004 30.863226717033307 4.5587366778413481 208.36697309150759 139.85383192824881 4.1987463788879937 9.0646163695900999 7.3798716689621289 0.73397591484078739 3.7401841104711693
decision_type=2 2 2 2 2 2 2 2 2 2 2 2 2 2 2 2 2 2 2 2 2 2 2 2 2 2 2 2 2 2
left_child=2 4 5 7 9 19 21 18 29 17 13 27 14 -6 -7 -13 -11 -2 -3 28 -14 -4 -21 -10 -12 -9 -23 -8 -1 -5
right_child=1 3 6 8 10 12 11 25 23 16 24 15 20 -15 -16 -17 -18 -19 -20 22 -22 26 -24 -25 -26 -27 -28 -29 -30 -31
leaf_value=-0.14901430487632752 -0.0038394500254779252 0.086857662889738813 -0.037761930585838856 0.18375648773949724 0.021711904796607354 -0.14699422165199563 -0.045148431803154809 0.15775717034935954 0.24625009298324585 0.026527138799004986 0.06057705808496984 -0.014975743300926228 -0.089590548551735164 0.054907403009405602 -0.10964614376955764 -0.052695063392942158 -0.0048414182547918136 0.01914049317893475 0.10745423439439837 -0.11535740928724408 -0.12268212678886595 -0.065245006370702963 -0.14757576507539297 0.20811445808410645 0.080163343573539436 0.12755976071897543 -0.091995334069487525 -0.021657813885108089 -0.17526197612285616 0.16444903855376386
leaf_weight=20 185 152 24 29 34 27 127 20 20 254 74 195 149 164 123 24 34 67 91 20 21 183 121 25 88 106 23 33 40 34
leaf_count=20 185 152 24 29 34 27 127 20 20 254 74 195 149 164 123 24 34 67 91 20 21 183 121 25 88 106 23 33 40 34
internal_value=-8.05121e-11 0.0647282 -0.0788768 0.127265 0.0315839 -0.121949 -0.0420288 0.107472 0.19489 0.0132322 0.0591114 -0.0280568 -0.104314 0.0492072 -0.116369 -0.0191094 0.0228239 0.0022703 0.0945708 -0.150023 -0.0936783 -0.0650522 -0.143006 0.225064 0.0712165 0.132353 -0.0682317 -0.0403035 -0.166513 0.173337
internal_weight=2507 1377 1130 477 900 521 609 369 108 540 360 379 320 198 150 219 288 252 243 201 170 230 141 45 162 126 206 160 60 63
internal_count=2507 1377 1130 477 900 521 609 369 108 540 360 379 320 198 150 219 288 252 243 201 170 230 141 45 162 126 206 160 60 63
is_linear=0
shrinkage=0.05


Tree=13
num_leaves=31
num_cat=0
split_feature=5 5 5 5 5 5 5 5 5 5 5 0 4 3 5 3 4 5 4 4 4 6 5 3 3 4 0 3 3 3
split_gain=4621.48 878.107 823.972 216.514 127.633 109.683 98.226 31.8874 21.2738 17.9267 17.1142 13.6738 15.1322 13.3351 13.0807 10.8896 10.8836 10.723 9.68842 15.4192 12.7374 8.65925 8.10443 12.9252 6.85 6.73873 6.26959 6.0708 5.98574 5.36282
threshold=7.8568661763538241 11.818075529365791 4.9193159409606606 9.4378463130861814 14.158417887102191 6.6325592737285506 3.1521939035770981 10.273251576745992 13.004531195558952 5.7072655541766464 15.706136074687697 461.3562143594857 0.59431916517311123 37.045115156517404 8.1609094850172568 58.703270086181405 0.62497560296945287 2.3604833998638273 0.67722369000751981 0.78377481799960769 0.61228941163766593 2.5000000000000004 7.3064629603057316 15.598473049259097 22.19403545929411 0.65805001453387202 68.183051416436243 13.845904245032925 3.798728825795719 17.066906801086926
decision_type=2 2 2 2 2 2 2 2 2 2 2 2 2 2 2 2 2 2 2 2 2 2 2 2 2 2 2 2 2 2
left_child=2 3 6 11 8 9 17 24 13 16 27 14 -13 -3 -2 -11 -4 28 20 -20 -8 -9 23 -7 -5 -24 -19 -6 -1 -10
right_child=1 4 5 7 10 22 18 21 29 15 -12 12 -14 -15 -16 -17 -18 26 19 -21 -22 -23 25 -25 -26 -27 -28 -29 -30 -31
leaf_value=-0.12050888538148932 -0.0062096262082923202 0.12099011563366713 -0.042749269526356305 0.043522660627674598 0.15974264928828116 -0.038886681272988284 -0.095449821637184531 0.082337876375462138 0.12684186322148891 -0.047215322477723726 0.22795992957221137 0.0009732587445203377 0.047481680482032725 0.088163587384753772 0.019343342785695654 -0.013313260860741138 -0.073454216221422966 -0.14613784296172005 -0.11698975507812254 -0.085709229691161057 -0.060964754745364197 0.058388291058234044 -0.017921087181082731 -0.010959046334028244 0.061714016505092097 0.0024676518479273433 -0.11432525741599374 0.19364618716701387 -0.1484486454410241 0.15315885394811632
leaf_weight=22 60 99 39 104 23 63 81 234 32 193 27 23 73 45 303 27 111 21 87 72 40 45 66 121 103 105 59 31 149 49
leaf_count=22 60 99 39 104 23 63 81 234 32 193 27 23 73 45 303 27 111 21 87 72 40 45 66 121 103 105 59 31 149 49
internal_value=2.12445e-10 0.068022 -0.0677513 0.0441846 0.141638 -0.0330928 -0.115072 0.0674433 0.122263 -0.0521423 0.195457 0.0195577 0.036339 0.110732 0.0151197 -0.0430546 -0.0654709 -0.137785 -0.0947114 -0.102825 -0.0840498 0.078475 -0.0132383 -0.0205212 0.0525744 -0.00540169 -0.122676 0.179206 -0.144854 0.142762
internal_weight=2507 1251 1256 945 306 725 531 486 225 370 81 459 96 144 363 220 150 251 280 159 121 279 355 184 207 171 80 54 171 81
internal_count=2507 1251 1256 945 306 725 531 486 225 370 81 459 96 144 363 220 150 251 280 159 121 279 355 184 207 171 80 54 171 81
is_linear=0
shrinkage=0.05


Tree=14
num_leaves=29
num_cat=0
split_feature=5 5 5 5 5 5 5 5 5 5 5 2 5 0 3 3 4 0 5 0 4 4 6 3 5 4 4 0
split_gain=4172.6 912.681 607.372 185.45 170.892 84.4583 69.546 25.7331 23.6511 22.3092 16.3522 11.7896 11.5245 11.1321 10.7366 11.7409 9.63776 9.15099 8.79018 13.7928 8.23971 7.36784 7.0183 6.81608 6.69455 5.88359 5.0227 4.73982
threshold=7.509099954578228 11.203061302847718 4.8801453596684512 9.2759158204786392 13.610194917761433 2.9382232594797819 6.3628181043166068 12.521800397910384 15.706136074687697 10.072574976659729 8.3143378985831475 2.4313499319218441 4.1054697593038627 61.687587013357536 2.3904803075593422 73.577748048797034 0.56623390572019139 260.10457216110427 6.803260666552478 35.092589527974432 0.75105128610531524 0.71511179649221757 2.5000000000000004 55.800990447198934 2.6269566017163291 0.67722369000751981 0.60654451915097563 95.303847166873894
decision_type=2 2 2 2 2 2 2 2 2 2 2 2 2 2 2 2 2 2 2 2 2 2 2 2 2 2 2 2
left_child=2 3 5 10 7 22 14 17 27 13 16 -12 21 -5 -4 -16 -2 -3 23 -20 -11 -7 24 -8 -1 -14 -9 -6
right_child=1 4 6 9 8 12 18 26 -10 20 11 -13 25 -15 15 -17 -18 -19 19 -21 -22 -23 -24 -25 -26 -27 -28 -29
leaf_value=-0.13358981909625459 -0.020697738148423062 0.081624362375074574 -0.021590669874263849 0.018431561757974765 0.18297033905982973 -0.092374200893589012 -0.036198210082264669 0.09869396118890672 0.21656192695652998 0.059585612511395353 0.03836390686886651 0.014778751602028968 -0.071365293422861714 0.049867714764891061 -0.060014053821293746 -0.020241832565516232 0.0071142546048826366 0.10469171793632943 0.024936113581061365 -0.018869266212828417 0.078724023937544935 -0.11460825605452925 -0.15559464423887193 -0.0050892144264209835 -0.10582495725154878 -0.091428801053385633 0.12568914264750977 0.1553704087684552
leaf_weight=165 37 109 23 34 21 81 109 21 27 140 70 218 63 164 257 20 197 71 20 177 94 69 31 21 25 87 96 60
leaf_count=165 37 109 23 34 21 81 109 21 27 140 70 218 63 164 257 20 197 71 20 177 94 69 31 21 25 87 96 60
internal_value=8.49165e-11 0.0592867 -0.0701835 0.0325891 0.122174 -0.110081 -0.0370313 0.102589 0.176035 0.0568218 0.0125344 0.0205113 -0.092802 0.0444696 -0.0544168 -0.0571424 0.00271663 0.0907232 -0.0210814 -0.014422 0.0672737 -0.102602 -0.133536 -0.0311729 -0.129937 -0.0830021 0.120844 0.162526
internal_weight=2507 1359 1148 954 405 521 627 297 108 432 522 288 300 198 300 277 234 180 327 197 234 150 221 130 190 150 117 81
internal_count=2507 1359 1148 954 405 521 627 297 108 432 522 288 300 198 300 277 234 180 327 197 234 150 221 130 190 150 117 81
is_linear=0
shrinkage=0.05


Tree=15
num_leaves=30
num_cat=0
split_feature=5 5 5 5 5 5 5 5 5 5 5 3 0 0 2 3 0 4 3 3 5 6 0 4 0 4 3 3 3
split_gain=3767.88 711.612 685.46 157.386 104.443 99.7563 80.3467 26.1413 17.3541 15.6046 13.7282 12.1958 11.1515 15.1717 10.95 10.3558 12.3876 11.1236 9.0822 10.5055 8.06939 7.89921 6.82342 6.21971 5.7948 5.49536 5.35482 5.34409 4.87747
threshold=7.9646844194763373 4.9193159409606606 11.818075529365791 9.4378463130861814 14.158417887102191 6.6325592737285506 3.1521939035770981 10.534839587999736 13.004531195558952 5.9771865027717022 15.706136074687697 33.694490205435734 488.322105385047 285.24127310466923 0.73963054568337472 6.3949152581820607 262.79481788090146 0.70333138714326882 3.798728825795719 5.9507177115799941 4.1054697593038627 1.5000000000000002 30.863226717033307 0.81223527759563441 712.46558939837553 0.80411071249207744 23.402299931312808 13.845904245032925 17.066906801086926
decision_type=2 2 2 2 2 2 2 2 2 2 2 2 2 2 2 2 2 2 2 2 2 2 2 2 2 2 2 2 2
left_child=1 6 3 15 8 9 18 14 11 22 27 -4 13 -7 -5 16 -2 -17 -1 -20 26 -9 -3 -11 -14 -22 -8 -6 -10
right_child=2 5 4 7 10 12 20 21 28 23 -12 -13 24 -15 -16 17 -18 -19 19 -21 25 -23 -24 -25 -26 -27 -28 -29 -30
leaf_value=-0.099070494679073182 0.019217147102410143 -0.030370103530973819 0.11077239276060175 0.085614029355347163 0.14380699823731963 -0.0085175998112622733 -0.10448827862958698 0.065670157498852522 0.11374356523156166 -0.029957968579424968 0.20573383437262641 0.080347474624274995 0.02351825504253308 -0.033610677958270656 0.047112945984291589 0.024266141089558435 0.060884206332266336 0.006409612688956217 -0.16161233555702936 -0.12442862008834006 -0.082551208689379013 0.084793549968550611 -0.058615569567429505 -0.056854936265601563 -0.0048513243926895993 -0.05881039013465246 -0.083173699999371409 0.17561664869708402 0.13884142711758615
leaf_weight=31 44 24 93 20 23 235 68 135 32 124 27 51 30 81 241 178 30 171 21 199 130 90 196 26 45 30 52 31 49
leaf_count=31 44 24 93 20 23 235 68 135 32 124 27 51 30 81 241 178 30 171 21 199 130 90 196 26 45 30 52 31 49
internal_value=-4.87454e-11 -0.0594427 0.0632098 0.0414201 0.127938 -0.028446 -0.103865 0.06083 0.110411 -0.0470555 0.176623 0.0999969 -0.010836 -0.0149497 0.0500632 0.0191194 0.0361092 0.015517 -0.124408 -0.127978 -0.0854507 0.0733195 -0.0555342 -0.0346201 0.00649651 -0.0780998 -0.095252 0.162068 0.128926
internal_weight=2507 1292 1215 909 306 761 531 486 225 370 81 144 391 316 261 423 74 349 251 220 280 225 220 150 75 160 120 54 81
internal_count=2507 1292 1215 909 306 761 531 486 225 370 81 144 391 316 261 423 74 349 251 220 280 225 220 150 75 160 120 54 81
is_linear=0
shrinkage=0.05


Tree=16
num_leaves=31
num_cat=0
split_feature=5 5 5 5 5 5 5 5 5 5 4 2 5 5 5 3 0 3 0 2 4 6 0 0 3 3 2 4 4 3
split_gain=3405.26 760.783 474.527 169.934 120.098 69.8529 52.4787 31.5578 19.4291 14.7884 12.2599 11.9146 11.3804 11.2095 10.7401 11.4002 10.6326 10.3008 10.0285 8.26166 7.52439 6.99216 6.3542 6.30958 5.59576 5.59003 5.1365 4.58232 3.25219 2.45227
threshold=7.4670657470472666 10.751654432847786 4.8801453596684512 13.610194917761433 9.2759158204786392 2.7355955591992762 5.9771865027717022 12.521800397910384 14.769772949314552 8.343512795002793 0.56623390572019139 2.4313499319218441 3.9320787686524983 10.072574976659729 6.803260666552478 57.898007184854393 50.724992824825684 3.0079486366739654 61.687587013357536 2.8852288461429203 0.76670778363791325 2.5000000000000004 30.863226717033307 208.36697309150759 29.100527119277732 4.5587366778413481 9.0646163695900999 0.60654451915097563 0.73397591484078739 24.040037424753546
decision_type=2 2 2 2 2 2 2 2 2 2 2 2 2 2 2 2 2 2 2 2 2 2 2 2 2 2 2 2 2 2
left_child=2 4 5 7 9 19 22 20 29 10 -2 -11 16 18 17 -16 -7 -8 -6 28 -3 -14 -4 -10 -15 -21 -24 -9 -1 -5
right_child=1 3 6 8 13 12 14 27 23 11 -12 -13 21 24 15 -17 -18 -19 -20 25 -22 -23 26 -25 -26 -27 -28 -29 -30 -31
leaf_value=-0.12153572149574757 -0.022838194018638718 0.071009168993076618 -0.028851597965694965 0.14830480581376612 0.015407583331141403 -0.12329928877728957 0.003154442813247442 0.087995997239791221 0.20502727061510084 0.037201614903091498 0.0069421843725351873 0.013013238679806544 -0.072184252481432565 0.065269045272578638 -0.0090622531102910169 -0.046094606620802857 -0.088649448941317877 -0.03466969636818653 0.04524491692285576 -0.091358574181795119 0.088836830247585707 -0.10300175469546091 -0.053237289164846394 0.1673489489555359 0.046207021564866113 -0.11989363773364176 -0.078306920632072119 0.11378058439780336 -0.14622957531362774 0.127611919966611
leaf_weight=20 41 157 24 41 34 27 20 21 20 67 220 212 149 99 155 24 123 180 164 20 95 21 183 25 63 121 23 96 40 22
leaf_count=20 41 157 24 41 34 27 20 21 20 67 220 212 149 99 155 24 123 180 164 20 95 21 183 25 63 121 23 96 40 22
internal_value=7.0281e-12 0.0527886 -0.0643274 0.103839 0.0257321 -0.0993583 -0.0343585 0.0876932 0.159002 0.0108189 0.00226404 0.0188219 -0.0848483 0.048102 -0.0229245 -0.0140275 -0.0948864 -0.0308873 0.0401213 -0.122459 0.0777299 -0.0759911 -0.0531997 0.184095 0.057856 -0.115846 -0.0560363 0.109153 -0.137998 0.141079
internal_weight=2507 1377 1130 477 900 521 609 369 108 540 261 279 320 360 379 179 150 200 198 201 252 170 230 45 162 141 206 117 60 63
internal_count=2507 1377 1130 477 900 521 609 369 108 540 261 279 320 360 379 179 150 200 198 201 252 170 230 45 162 141 206 117 60 63
is_linear=0
shrinkage=0.05


Tree=17
num_leaves=30
num_cat=0
split_feature=5 5 5 5 5 5 5 5 5 5 5 4 5 3 2 4 3 3 0 3 2 6 5 0 0 3 2 0 2
split_gain=3073.25 673.77 445.199 135.393 125.4 63.0422 50.9792 18.6917 18.0452 14.1325 13.57 11.2193 10.2708 10.209 10.0709 9.58423 9.36458 10.3401 8.18243 7.62153 7.45615 6.31043 6.26236 12.4136 6.69188 5.045 4.52188 4.04992 3.13135
threshold=7.509099954578228 11.203061302847718 4.8801453596684512 9.3227777624059538 13.610194917761433 2.7355955591992762 6.3628181043166068 12.521800397910384 15.706136074687697 10.072574976659729 8.343512795002793 0.56623390572019139 3.9320787686524983 60.516118356178993 5.9896457916827224 0.61743767178938558 2.3904803075593422 73.577748048797034 260.10457216110427 57.645608615356011 2.8852288461429203 2.5000000000000004 6.803260666552478 35.092589527974432 95.303847166873894 4.5587366778413481 3.9068198418746798 95.303847166873894 1.5445970063526022
decision_type=2 2 2 2 2 2 2 2 2 2 2 2 2 2 2 2 2 2 2 2 2 2 2 2 2 2 2 2 2
left_child=2 3 5 10 7 20 16 18 27 15 11 -2 14 -12 -7 -5 -4 -18 -3 -11 28 -14 24 -24 -8 -22 -9 -6 -1
right_child=1 4 6 9 8 12 22 26 -10 19 13 -13 21 -15 -16 -17 17 -19 -20 -21 25 -23 23 -25 -26 -27 -28 -29 -30
leaf_value=-0.1196759047607581 -0.022267302640370634 0.069420131051554049 -0.016077191342154278 0.059205553492277185 0.15815013051033022 -0.078812744017033032 -0.045042138526979317 0.11468479659479971 0.18645172516504926 0.061341079905975482 0.021951617766525808 0.0073119105574697618 -0.068575040188511752 -0.0071637529133380777 -0.10495740836629502 0.032358969451161103 -0.051974594154656079 -0.014650435475632549 0.091232603903807385 0.036040039903351244 -0.086790644451975818 -0.0978516684401603 0.024766021594405177 -0.016791579365930231 -0.019690821961836615 -0.1138989571882181 0.094903077487475604 0.13263779534647863 -0.14252084811528526
leaf_weight=30 38 109 23 44 21 85 36 52 27 199 263 205 149 34 65 136 257 20 71 35 20 21 20 177 94 121 65 60 30
leaf_count=30 38 109 23 44 21 85 36 52 27 199 263 205 149 34 65 136 257 20 71 35 20 21 20 177 94 121 65 60 30
internal_value=-3.36244e-11 0.0508807 -0.0602325 0.027942 0.104914 -0.0943903 -0.0318493 0.0881368 0.151052 0.0494544 0.0114491 0.00268635 -0.0806059 0.0186185 -0.0901421 0.0389215 -0.0467342 -0.0492797 0.0780239 0.0575567 -0.116336 -0.0721916 -0.0181934 -0.0125725 -0.0267112 -0.110054 0.103695 0.139252 -0.131098
internal_weight=2507 1359 1148 954 405 521 627 297 108 414 540 243 320 297 150 180 300 277 180 234 201 170 327 197 130 141 117 81 60
internal_count=2507 1359 1148 954 405 521 627 297 108 414 540 243 320 297 150 180 300 277 180 234 201 170 327 197 130 141 117 81 60
is_linear=0
shrinkage=0.05


Tree=18
num_leaves=28
num_cat=0
split_feature=5 5 5 5 5 5 5 5 3 5 3 0 0 5 6 3 4 4 4 5 6 5 6 4 2 3 3
split_gain=2774.86 522.691 507.345 114.386 76.936 71.7248 60.6714 18.982 13.5945 12.8275 11.1842 10.8719 14.9423 10.4616 9.80165 10.9414 10.0797 9.5625 11.9847 8.63376 8.49306 8.78976 7.80956 6.43295 5.21044 4.68713 4.54928
threshold=7.9646844194763373 5.1274498533923163 11.818075529365791 9.4378463130861814 14.158417887102191 3.1521939035770981 6.670267363940142 10.273251576745992 1.6525321513705822 13.004531195558952 33.694490205435734 488.322105385047 285.24127310466923 15.706136074687697 1.5000000000000002 6.3949152581820607 0.56477670938230851 0.85480124995162277 0.67722369000751981 5.6432451589969341 2.5000000000000004 2.6269566017163291 2.5000000000000004 0.77819520224790517 3.4684683808532935 13.845904245032925 17.066906801086926
decision_type=2 2 2 2 2 2 2 2 2 2 2 2 2 2 2 2 2 2 2 2 2 2 2 2 2 2 2
left_child=1 5 3 14 9 20 8 23 -3 10 -4 12 -8 25 15 -2 -16 18 -7 -10 21 -1 -9 -5 -13 -6 -11
right_child=2 6 4 7 13 17 11 22 19 26 -12 24 -14 -15 16 -17 -18 -19 -20 -21 -22 -23 -24 -25 -26 -27 -28
leaf_value=-0.10876577958690398 0.043779384628360278 -0.00094649893758089643 0.096254127358476965 0.046671403697691863 0.12190900237663933 -0.062812460042700621 -0.0066520182830667914 0.064225701953913292 -0.053466564852823611 0.096144064003601676 0.067118283501807971 -0.0072080861837152512 -0.031870762824634961 0.17712913619147408 -0.021300259776986564 0.017602713960852012 0.012438779161702343 -0.042580714973586578 -0.083089184156429186 -0.035399684344205359 -0.12999287870000392 -0.08519116170131244 0.041481479375312727 0.027832355903836887 0.019816753889400782 0.1516993647621524 0.1203828560910663
leaf_weight=165 50 23 93 140 23 136 229 234 94 32 51 31 79 27 26 198 149 27 157 223 34 52 45 67 42 31 49
leaf_count=165 50 23 93 140 23 136 229 234 94 32 51 31 79 27 26 198 149 27 157 223 34 52 45 67 42 31 49
internal_value=5.19774e-11 -0.0510118 0.0542446 0.0354985 0.109932 -0.0867482 -0.0227101 0.0520458 -0.038064 0.0948891 0.0859352 -0.00900853 -0.0131205 0.151717 0.0164867 0.0228803 0.00742612 -0.0710537 -0.0736775 -0.0407571 -0.106757 -0.103117 0.0605573 0.0405737 0.00834045 0.139011 0.110807
internal_weight=2507 1292 1215 909 306 571 721 486 340 225 144 381 308 81 423 248 175 320 293 317 251 217 279 207 73 54 81
internal_count=2507 1292 1215 909 306 571 721 486 340 225 144 381 308 81 423 248 175 320 293 317 251 217 279 207 73 54 81
is_linear=0
shrinkage=0.05


Tree=19
num_leaves=30
num_cat=0
split_feature=5 5 5 5 5 5 5 5 5 5 5 0 4 4 4 4 0 2 0 5 3 3 0 6 0 5 2 3 3
split_gain=2508.17 561.284 349.266 115.031 102.29 50.9992 38.9425 15.2461 14.832 12.9484 10.7532 11.2408 10.2321 10.0271 10.7983 10.1123 9.04719 7.47409 7.36338 7.35583 10.2381 8.62381 5.95034 5.76007 5.49138 4.82165 4.56774 4.42209 2.34777
threshold=7.4670657470472666 11.203061302847718 4.8801453596684512 9.2759158204786392 13.610194917761433 2.9382232594797819 5.9771865027717022 12.521800397910384 14.769772949314552 10.072574976659729 8.343512795002793 29.511950484758533 0.65368615914788442 0.67722369000751981 0.78377481799960769 0.56174098067292488 61.687587013357536 9.3405104532953178 260.10457216110427 6.803260666552478 57.898007184854393 3.0079486366739654 208.36697309150759 2.5000000000000004 30.863226717033307 2.6269566017163291 9.0646163695900999 4.5587366778413481 24.040037424753546
decision_type=2 2 2 2 2 2 2 2 2 2 2 2 2 2 2 2 2 2 2 2 2 2 2 2 2 2 2 2 2
left_child=2 3 5 10 7 23 24 18 28 16 12 -12 -2 15 -15 -7 -5 -11 -3 21 -21 -8 -10 25 -4 -1 -26 -9 -6
right_child=1 4 6 9 8 13 19 27 22 17 11 -13 -14 14 -16 -17 -18 -19 -20 20 -22 -23 -24 -25 26 -27 -28 -29 -30
leaf_value=-0.10332749069978793 -0.0099521407780659224 0.062310671219906612 -0.023092299129348251 0.011045967787504198 0.12783901441115431 -0.075153212584277151 0.0049107518559321764 0.11506432531401517 0.17868058919906615 0.049160787667186984 0.048852436058223252 0.013059636176998646 0.010206181626586666 -0.091458826651796707 -0.065990423420934294 -0.047471835113202153 0.039385847871407594 0.081122880280017851 0.083002670599856013 -0.0075786978279751161 -0.042672771772292138 -0.029697782488332852 0.14209061193466185 -0.12347170643268093 -0.045724532235149155 -0.079764375418424613 -0.069365482809750939 0.089243164924021401 0.10759183250484057
leaf_weight=165 106 109 24 34 41 67 20 20 20 214 24 255 155 92 76 65 164 20 71 155 24 180 25 31 183 25 23 97 22
leaf_count=165 106 109 24 34 41 67 20 20 20 214 24 255 155 92 76 65 164 20 71 155 24 180 25 31 183 25 23 97 22
internal_value=4.89872e-11 0.0453047 -0.0552076 0.024699 0.0947586 -0.0852614 -0.0294966 0.0796058 0.136429 0.0439299 0.00931425 0.0161386 0.00201928 -0.0718347 -0.0799374 -0.0615222 0.0345194 0.0518926 0.0704725 -0.019647 -0.012284 -0.0262369 0.158353 -0.103488 -0.045727 -0.100227 -0.0483641 0.093657 0.120769
internal_weight=2507 1377 1130 972 405 521 609 297 108 432 540 279 261 300 168 132 198 234 180 379 179 200 45 221 230 190 206 117 63
internal_count=2507 1377 1130 972 405 521 609 297 108 432 540 279 261 300 168 132 198 234 180 379 179 200 45 221 230 190 206 117 63
is_linear=0
shrinkage=0.05


Tree=20
num_leaves=28
num_cat=0
split_feature=5 5 5 5 5 5 5 5 5 2 2 4 0 4 4 4 4 3 3 5 0 3 0 0 4 2 0
split_gain=2263.65 495.842 327.679 99.4321 92.3163 46.1846 37.6521 13.7948 13.7596 12.4811 12.103 9.90425 15.8655 8.48389 8.09077 11.1588 9.99406 7.82041 8.08308 7.69373 11.1689 7.78298 6.68986 4.95597 4.23457 4.12239 3.46333
threshold=7.509099954578228 11.203061302847718 4.8801453596684512 9.2759158204786392 13.610194917761433 3.0637946514097676 5.9771865027717022 15.706136074687697 12.521800397910384 0.53033319211430907 1.7377645754565398 0.56477670938230851 439.52950392963805 0.46620632038193455 0.67722369000751981 0.56174098067292488 0.78377481799960769 3.798728825795719 5.9507177115799941 6.803260666552478 35.092589527974432 3.0079486366739654 87.948367449212114 30.863226717033307 0.60654451915097563 9.0646163695900999 95.303847166873894
decision_type=2 2 2 2 2 2 2 2 2 2 2 2 2 2 2 2 2 2 2 2 2 2 2 2 2 2 2
left_child=2 3 5 11 8 17 23 26 22 -5 -11 13 -13 -2 15 -7 -16 -1 -19 21 -21 -8 -3 -4 -10 -25 -6
right_child=1 4 6 9 7 14 19 -9 24 10 -12 12 -14 -15 16 -17 -18 18 -20 20 -22 -23 -24 25 -26 -27 -28
leaf_value=-0.073601896159591215 0.017979549486999927 0.048620698153256231 -0.021937684177343424 0.074015755731878546 0.13676614534287226 -0.072636409832134111 0.0046652137255296117 0.16055831688421746 0.068636216852991358 0.015927575530561931 0.042673758105368331 0.0073072585322110587 0.030520481548161917 -0.01838451422188642 -0.086309482917627869 -0.042393166565366826 -0.061086368949267347 -0.1307400614093058 -0.097322380824602761 0.024413538239896299 -0.015005528291103321 -0.028212893477692787 0.072018389027327934 -0.043438305637590546 0.093423116692186656 -0.065897209262070447 0.11317364195982615
leaf_weight=31 23 39 24 28 21 61 20 27 21 48 356 353 93 53 85 61 73 20 190 20 177 180 141 183 96 23 60
leaf_count=31 23 39 24 28 21 61 20 27 21 48 356 353 93 53 85 61 73 20 190 20 177 180 141 183 96 23 60
internal_value=3.91317e-11 0.0436676 -0.0516936 0.0239894 0.0900206 -0.0809983 -0.027343 0.129607 0.0756255 0.0417334 0.039496 0.00930463 0.0121477 -0.0073796 -0.0671872 -0.0575148 -0.0746558 -0.0970444 -0.100505 -0.0180169 -0.0110036 -0.0249251 0.0669489 -0.0434407 0.0889742 -0.0459459 0.11929
internal_weight=2507 1359 1148 954 405 521 627 108 297 432 404 522 446 76 280 122 158 241 210 397 197 200 180 230 117 206 81
internal_count=2507 1359 1148 954 405 521 627 108 297 432 404 522 446 76 280 122 158 241 210 397 197 200 180 230 117 206 81
is_linear=0
shrinkage=0.05


Tree=21
num_leaves=28
num_cat=0
split_feature=5 5 5 5 5 5 5 5 3 2 2 3 3 4 4 4 4 0 5 4 3 2 6 3 3 3 3
split_gain=2046.98 383.572 374.281 83.4268 56.7978 52.9674 43.777 16.6715 10.9462 10.7039 11.6127 10.5545 9.66165 8.65423 8.61465 8.27972 9.03664 8.07388 7.98962 7.66179 7.83684 6.70544 6.56178 6.52301 24.6757 9.8341 4.12015
threshold=7.9646844194763373 5.1274498533923163 11.818075529365791 10.072574976659729 14.158417887102191 3.1521939035770981 6.670267363940142 9.2759158204786392 1.6525321513705822 0.92093400793189184 3.9068198418746798 14.189787410579887 1.9174229811782777 0.84089425452821576 0.82151047062973259 0.85480124995162277 0.67722369000751981 61.687587013357536 15.706136074687697 0.73312020033149061 28.653226077272219 4.5522177545840083 2.5000000000000004 28.653226077272219 17.066906801086926 84.726544167747932 13.845904245032925
decision_type=2 2 2 2 2 2 2 2 2 2 2 2 2 2 2 2 2 2 2 2 2 2 2 2 2 2 2
left_child=1 5 3 7 9 19 8 12 -3 -4 -11 14 -2 -10 -8 16 -7 -9 26 20 -1 -13 -21 24 -5 -25 -6
right_child=2 6 4 23 18 15 11 17 13 10 -12 21 -14 -15 -16 -17 -18 -19 -20 22 -22 -23 -24 25 -26 -27 -28
leaf_value=-0.069490672439957657 0.042227635704554047 0.00069534997253314305 0.046580348280258477 0.046112725157167349 0.10318453480368076 -0.053946630059577089 -0.024560161696180055 0.0085498853860532537 -0.031978692147483563 0.099930725906845888 0.075478661381861281 0.0068896844242186429 0.010642434341430503 -0.057413008733113349 0.0089607221438832898 -0.034445252269506454 -0.071553742941053711 0.03532198527714283 0.1525304017243562 -0.094685035748407254 -0.097093477662549263 -0.0097287742372602227 -0.12489100112801506 0.035776323841272238 0.086947816884031109 0.072368665228978821 0.13111502576258877
leaf_weight=60 26 23 20 151 23 136 115 34 279 79 126 118 352 38 23 27 157 164 27 125 45 125 21 111 49 22 31
leaf_count=60 26 23 20 151 23 136 115 34 279 79 126 118 352 38 23 27 157 164 27 125 45 125 21 111 49 22 31
internal_value=-2.59172e-11 -0.0438134 0.04659 0.0304888 0.0944202 -0.0744268 -0.0195689 0.0189715 -0.032611 0.0814953 0.0849017 -0.00793028 0.012815 -0.0350276 -0.0189733 -0.0609397 -0.0633812 0.0307248 0.130323 -0.0916215 -0.0813204 -0.00165891 -0.0990297 0.0504107 0.0561173 0.0418292 0.119219
internal_weight=2507 1292 1215 909 306 571 721 576 340 225 205 381 378 317 138 320 293 198 81 251 105 243 146 333 200 133 54
internal_count=2507 1292 1215 909 306 571 721 576 340 225 205 381 378 317 138 320 293 198 81 251 105 243 146 333 200 133 54
is_linear=0
shrinkage=0.05


Tree=22
num_leaves=31
num_cat=0
split_feature=5 5 5 5 5 5 5 5 3 5 4 4 0 0 4 0 0 4 3 4 4 3 4 4 2 0 2 2 3 4
split_gain=1847.95 416.845 259.497 92.8248 62.5323 41.5648 26.9115 20.6431 10.3097 10.2716 9.86396 16.2454 9.13387 19.5828 8.98644 14.3934 10.1597 8.76581 8.53112 11.8032 7.31986 6.83391 6.65276 18.8692 6.53919 5.58102 5.53104 5.44653 3.71256 2.72863
threshold=7.4670657470472666 10.751654432847786 4.5235436176664692 13.004531195558952 9.2759158204786392 5.9771865027717022 2.6269566017163291 14.769772949314552 32.691031300542164 12.401773498764856 0.86794208486729274 0.78377481799960769 65.973802776121019 139.85383192824881 0.56477670938230851 439.52950392963805 262.79481788090146 0.61906891311353107 3.737324058987606 0.50923690832428659 0.66023990196940985 50.517207127680599 0.69976329602667631 0.72631447807098148 7.7934896760486678 208.36697309150759 2.8852288461429203 3.8758214872581305 18.376235517150487 0.56623390572019139
decision_type=2 2 2 2 2 2 2 2 2 2 2 2 2 2 2 2 2 2 2 2 2 2 2 2 2 2 2 2 2 2
left_child=2 4 6 8 14 18 20 27 9 -3 11 -6 17 -14 16 -16 -2 -8 -4 -20 29 -10 24 -24 -7 -9 -22 -5 -12 -1
right_child=1 3 5 7 10 22 12 25 21 -11 28 -13 13 -15 15 -17 -18 -19 19 -21 26 -23 23 -25 -26 -27 -28 -29 -30 -31
leaf_value=-0.087255694004504586 0.0097797765600972069 0.061488545823035534 -0.019624878118108764 0.108635233185601 0.038037066698105131 -0.014434957756247153 -0.057384663456607435 0.15589869663119316 0.03415502669646385 0.088354923268375185 0.071461389552463186 0.010983426893492127 -0.032559086876394958 -0.069736862268265601 0.0062081916243347073 0.027883494454412003 -0.0261075621470809 -0.097452844288170304 -0.012300132781267167 -0.048422436083997072 -0.11065069134347141 0.059181985771999915 -0.057970923501433749 -0.016159207295041177 0.010569957664777195 0.12046242642402649 -0.08975190663314675 0.086879894658076495 0.043025363624716803 -0.063819802286862223
leaf_weight=23 41 157 38 51 242 167 21 20 47 46 22 72 46 154 364 97 38 39 25 237 48 65 33 148 31 25 93 66 24 27
leaf_count=23 41 157 38 51 242 167 21 20 47 46 22 72 46 154 364 97 38 39 25 237 48 65 33 148 31 25 93 66 24 27
internal_value=6.75036e-11 0.0388875 -0.0473877 0.0766754 0.0188599 -0.02786 -0.0767874 0.107432 0.0608576 0.0675765 0.0350015 0.0318337 -0.066319 -0.061186 0.00809882 0.0107689 -0.00748249 -0.083429 -0.0417646 -0.0449757 -0.0910376 0.0486796 -0.0168538 -0.0237823 -0.01052 0.136212 -0.0968664 0.096363 0.0566252 -0.0746003
internal_weight=2507 1377 1130 477 900 679 451 162 315 203 360 314 260 200 540 461 79 60 300 262 191 112 379 181 198 45 141 117 46 50
internal_count=2507 1377 1130 477 900 679 451 162 315 203 360 314 260 200 540 461 79 60 300 262 191 112 379 181 198 45 141 117 46 50
is_linear=0
shrinkage=0.05


Tree=23
num_leaves=27
num_cat=0
split_feature=5 5 5 5 5 5 5 5 2 2 3 2 3 3 3 3 4 4 4 5 3 5 6 4 0 3
split_gain=1672.73 313.782 305.44 67.9973 46.6171 44.6247 34.468 12.763 9.66417 10.0954 8.74145 8.66283 8.07897 7.71119 9.26615 7.59728 7.55196 7.40588 6.83467 6.76808 6.73921 5.92177 5.91069 5.60316 6.71494 3.60424
threshold=7.9646844194763373 4.8801453596684512 11.818075529365791 10.072574976659729 14.158417887102191 6.3628181043166068 2.6269566017163291 9.2759158204786392 0.92093400793189184 3.9068198418746798 1.9174229811782777 0.77188400275046098 15.760132047853073 73.577748048797034 21.634356647848559 6.542013923174955 0.74982313132037259 0.62118352825041023 0.74731497982877138 15.706136074687697 26.483231256706578 2.005111939455825 1.0000000180025095e-35 0.90281170354372964 590.18195453741691 13.845904245032925
decision_type=2 2 2 2 2 2 2 2 2 2 2 2 2 2 2 2 2 2 2 2 2 2 2 2 2 2
left_child=1 6 3 7 8 13 18 10 -4 -10 -2 -8 16 14 -3 -13 -7 -9 21 25 -14 -1 -20 24 -5 -6
right_child=2 5 4 23 19 12 11 17 9 -11 -12 15 20 -15 -16 -17 -18 -19 22 -21 -22 -23 -24 -25 -26 -27
leaf_value=-0.083244031176974001 0.039763259228605491 -0.029303358023583193 0.040439108461141592 0.040973702385485505 0.092633820357530025 -0.02567986067352367 -0.033698057039672956 0.043247648592417441 0.090864585898816588 0.068065859962786954 0.0097198165612016139 -0.07823200570574651 0.0072648538309041154 -0.004428944485262036 -0.047958021258097998 -0.058348265688294446 -0.0050648550891006991 0.021535003422468436 -0.072526342802397586 0.13829015360938177 -0.0095110313461025057 -0.052131618931889535 -0.10117068828408977 0.067843131905493265 0.06395763378176425 0.11875716140193325
leaf_weight=65 26 171 20 271 23 116 29 54 79 126 352 60 86 20 109 241 72 144 23 27 197 20 83 26 36 31
leaf_count=65 26 171 20 271 23 116 29 54 79 126 352 60 86 20 109 241 72 144 23 27 197 20 83 26 36 31
internal_value=3.36871e-11 -0.0396062 0.0421162 0.0275709 0.0853244 -0.0193506 -0.0695813 0.017173 0.073615 0.0768517 0.0117863 -0.0597973 -0.00975038 -0.0344229 -0.0365654 -0.0623118 -0.0177848 0.0274566 -0.0864857 0.11785 -0.00441306 -0.0759235 -0.0949554 0.0455564 0.0436689 0.107631
internal_weight=2507 1292 1215 909 306 771 521 576 225 205 378 330 471 300 280 301 188 198 191 81 283 85 106 333 307 54
internal_count=2507 1292 1215 909 306 771 521 576 225 205 378 330 471 300 280 301 188 198 191 81 283 85 106 333 307 54
is_linear=0
shrinkage=0.05


Tree=24
num_leaves=30
num_cat=0
split_feature=5 5 5 5 5 5 5 5 0 3 3 4 3 4 3 0 2 5 6 2 4 5 0 0 2 4 2 3 4
split_gain=1510.19 288.199 266.829 67.7901 42.072 36.4101 31.1073 11.3806 10.9718 10.0692 10.9321 9.54251 9.0371 8.82242 10.5636 9.88745 8.6598 8.07368 7.60124 6.85386 6.21645 6.10819 5.58339 14.0629 6.62462 5.42784 3.82653 3.25282 3.16197
threshold=7.8568661763538241 11.818075529365791 4.8801453596684512 9.4378463130861814 14.158417887102191 6.6325592737285506 2.6269566017163291 10.534839587999736 461.3562143594857 73.577748048797034 21.634356647848559 0.59431916517311123 3.3736274041279191 0.74824295921245876 30.350140319337708 278.73249141102059 2.4313499319218441 4.1054697593038627 1.0000000180025095e-35 1.0588291565843975 0.64252607733040068 15.706136074687697 488.322105385047 285.24127310466923 3.4684683808532935 0.56174098067292488 2.8852288461429203 13.845904245032925 0.55851399290513259
decision_type=2 2 2 2 2 2 2 2 2 2 2 2 2 2 2 2 2 2 2 2 2 2 2 2 2 2 2 2 2
left_child=2 3 6 8 13 9 20 12 16 10 -4 -10 -5 15 -15 -3 -2 19 -9 -8 28 27 23 -7 -24 -19 -22 -6 -1
right_child=1 4 5 7 21 22 17 18 11 -11 -12 -13 -14 14 -16 -17 -18 25 -20 -21 26 -23 24 -25 -26 -27 -28 -29 -30
leaf_value=-0.079560102777322755 0.020443767679267026 0.047112316580023621 -0.025446348592932162 0.00047289685092189094 0.088002129870912313 -0.0042212235345614494 -0.038455720529284171 0.031243149523312849 -0.0016040145621999452 -0.0017670513162839003 -0.043584017080289347 0.035328729995462584 0.033961297533860645 0.091995489946229081 0.060857036916746036 0.077314251062876371 0.0028747251742943401 -0.065480801377977654 0.052025076796611149 -0.067681092869751394 -0.098397265211203885 0.13137564755700254 -0.013729864013967691 -0.029274254627403264 0.01848885887541259 -0.042993043701609841 -0.081341631591320046 0.11281930179365221 -0.05209080780094321
leaf_weight=20 95 64 216 22 23 213 23 60 23 29 135 73 239 69 45 47 268 35 165 157 49 27 27 76 39 115 100 31 22
leaf_count=20 95 64 216 22 23 213 23 60 23 29 135 73 239 69 45 47 268 35 165 157 49 27 27 76 39 115 100 31 22
internal_value=-9.86303e-12 0.0388844 -0.0387296 0.0252281 0.0810582 -0.0193267 -0.0661022 0.0382426 0.0114481 -0.0300829 -0.0324224 0.0264803 0.0311385 0.0699343 0.079704 0.0599005 0.00747268 -0.0568074 0.0464832 -0.0639467 -0.0821614 0.111958 -0.00781297 -0.0108096 0.00530847 -0.0482402 -0.0869505 0.102249 -0.0651714
internal_weight=2507 1251 1256 945 306 735 521 486 459 380 351 96 261 225 114 111 363 330 225 180 191 81 355 289 66 150 149 54 42
internal_count=2507 1251 1256 945 306 735 521 486 459 380 351 96 261 225 114 111 363 330 225 180 191 81 355 289 66 150 149 54 42
is_linear=0
shrinkage=0.05


Tree=25
num_leaves=31
num_cat=0
split_feature=5 5 5 5 5 5 5 5 3 6 3 4 4 4 0 0 4 4 0 0 3 5 3 3 4 0 0 2 2 3
split_gain=1364.68 307.01 191.132 70.1761 44.9671 30.6423 19.4003 14.8738 9.30223 9.6949 9.00595 12.7868 8.58703 14.2824 8.16189 17.3162 8.11025 7.79947 11.7086 8.99619 6.19913 6.08904 9.23578 8.48782 5.80349 5.21516 4.90925 4.88195 4.53075 3.25502
threshold=7.4670657470472666 10.751654432847786 4.5235436176664692 13.004531195558952 9.2759158204786392 5.7410896727934286 2.6269566017163291 14.769772949314552 32.691031300542164 2.5000000000000004 2.807223723794698 0.5231310337153583 0.86794208486729274 0.78377481799960769 65.973802776121019 139.85383192824881 0.71511179649221757 0.56477670938230851 439.52950392963805 262.79481788090146 50.517207127680599 6.803260666552478 57.898007184854393 55.800990447198934 0.75934240654607532 208.36697309150759 357.01224184649067 5.8517665200353361 3.8758214872581305 18.376235517150487
decision_type=2 2 2 2 2 2 2 2 2 2 2 2 2 2 2 2 2 2 2 2 2 2 2 2 2 2 2 2 2 2
left_child=2 4 6 8 17 10 24 28 9 -3 -4 -12 13 -6 16 -16 -8 19 -19 -2 -10 23 -23 -7 26 -9 -1 -26 -5 -14
right_child=1 3 5 7 12 21 14 25 20 -11 11 -13 29 -15 15 -17 -18 18 -20 -21 -22 22 -24 -25 27 -27 -28 -29 -30 -31
leaf_value=-0.061995795592943687 0.0088327817437125426 0.062937265298805653 -0.0078398317892358401 0.094387331278081632 0.032779230426011746 -0.024847992104425266 -0.054857169513901072 0.13604998655617237 0.026692957363210302 0.031711289754683347 -0.0052616172554818073 -0.045462946628923626 0.063985856825655149 0.0074126338405120706 -0.025294502050129942 -0.060254533836684589 -0.091622747530539839 0.0054789836880185516 0.025028517137800067 -0.024937072347261405 0.050529260073000432 -0.0045438266504976539 -0.037875871127471331 0.00019080338068306447 -0.097052754452979229 0.10179491119086743 -0.084889041306450974 -0.072990509227716494 0.074545079582568383 0.037359675144155821
leaf_weight=67 41 174 22 51 242 220 30 20 47 29 22 196 22 72 46 154 30 364 97 38 65 155 24 40 53 25 36 35 66 24
leaf_count=67 41 174 22 51 242 220 30 20 47 29 22 196 22 72 46 154 30 364 97 38 65 155 24 40 53 25 36 35 66 24
internal_value=4.12631e-11 0.033418 -0.0407226 0.0658476 0.0162303 -0.0239635 -0.0659542 0.0925901 0.0520942 0.0584764 -0.038329 -0.0414059 0.0299183 0.0269627 -0.0570659 -0.0522137 -0.07324 0.00710491 0.00959244 -0.00741095 0.0405265 -0.0161099 -0.00901293 -0.0209959 -0.0780533 0.117019 -0.0699973 -0.0874825 0.0831943 0.0500939
internal_weight=2507 1377 1130 477 900 679 451 162 315 203 240 218 360 314 260 200 60 540 461 79 112 439 179 260 191 45 103 88 117 46
internal_count=2507 1377 1130 477 900 679 451 162 315 203 240 218 360 314 260 200 60 540 461 79 112 439 179 260 191 45 103 88 117 46
is_linear=0
shrinkage=0.05


Tree=26
num_leaves=29
num_cat=0
split_feature=5 5 5 5 5 5 5 2 5 4 4 3 5 3 4 3 0 3 4 3 2 3 3 6 4 4 4 3
split_gain=1234.77 230.304 226.086 50.133 34.3664 31.224 26.7877 9.96166 15.4542 9.13657 8.91061 8.45292 7.68333 7.36038 6.65885 6.48692 6.10241 5.99126 5.44967 5.29385 6.69166 5.27499 23.0762 9.48395 5.19019 10.6884 10.4032 2.63284
threshold=7.9646844194763373 4.9193159409606606 11.818075529365791 10.072574976659729 13.610194917761433 6.3628181043166068 3.1521939035770981 0.6778512691778833 9.0002383921233555 0.74824295921245876 0.70333138714326882 41.336152108054094 15.706136074687697 15.760132047853073 0.74982313132037259 1.571162881429383 278.73249141102059 26.483231256706578 0.73312020033149061 2.3904803075593422 3.5176502254835049 28.653226077272219 17.066906801086926 1.5000000000000002 0.67722369000751981 0.78377481799960769 0.61228941163766593 13.845904245032925
decision_type=2 2 2 2 2 2 2 2 2 2 2 2 2 2 2 2 2 2 2 2 2 2 2 2 2 2 2 2
left_child=1 6 3 7 9 19 15 8 -2 16 -9 -11 27 14 -7 -1 -4 -15 -17 -3 -21 22 -5 -23 26 -26 -8 -6
right_child=2 5 4 21 12 13 24 10 -10 11 -12 -13 -14 17 -16 18 -18 -19 -20 20 -22 23 -24 -25 25 -27 -28 -29
leaf_value=-0.043843939155340197 0.012573414482176304 -0.0062850425303306277 0.040474995289791808 0.034571217525702601 0.077475663934918976 -0.023529976870511369 -0.051166591682919753 0.01925576420467361 0.070120037603192034 0.081120791626828059 0.0062649416063460667 0.048615184852055147 0.11914620067648314 0.0076575862525334187 -0.0041723039104706715 -0.064337995214583846 0.065798478831465432 -0.0081599921744487016 -0.079945368304684322 -0.021296623370551406 -0.03755779877466877 0.020867612391210547 0.074060608648067836 0.048327477922772664 -0.066399253189735039 -0.040355719967434811 -0.020001186081208291 0.095821898694460603
leaf_weight=20 28 23 61 151 33 116 81 264 20 70 264 28 27 86 72 95 39 197 136 103 164 82 49 51 87 72 40 48
leaf_count=20 28 23 61 151 33 116 81 264 20 70 264 28 27 86 72 95 39 197 136 103 164 82 49 51 87 72 40 48
internal_value=1.26843e-10 -0.0340285 0.0361851 0.0236711 0.0733591 -0.0163948 -0.0593003 0.0147429 0.0365512 0.0609838 0.0127604 0.0718335 0.0960472 -0.00844766 -0.0161164 -0.0711616 0.0503512 -0.00335324 -0.0735268 -0.029302 -0.0312848 0.0391143 0.0442461 0.0313973 -0.0486675 -0.054606 -0.040864 0.0883475
internal_weight=2507 1292 1215 909 306 761 531 576 48 198 528 98 108 471 188 251 100 283 231 290 267 333 200 133 280 159 121 81
internal_count=2507 1292 1215 909 306 761 531 576 48 198 528 98 108 471 188 251 100 283 231 290 267 333 200 133 280 159 121 81
is_linear=0
shrinkage=0.05


Tree=27
num_leaves=28
num_cat=0
split_feature=5 5 5 5 5 5 5 2 4 3 2 3 3 4 3 0 4 0 5 0 4 4 2 4 2 4 0
split_gain=1115.31 245.922 161.769 47.0923 46.0168 26.3533 15.9342 8.80354 8.89389 8.71276 8.16432 7.91026 8.7237 7.10887 8.96878 7.0192 11.005 10.3201 6.93421 6.25838 6.05143 14.4524 6.13958 4.95479 3.23952 2.85242 2.38299
threshold=7.509099954578228 11.203061302847718 4.5235436176664692 9.3227777624059538 13.610194917761433 5.9771865027717022 2.6269566017163291 0.53033319211430907 0.84680146911838083 1.9174229811782777 0.92093400793189184 6.542013923174955 20.479784912885098 0.48561287803023045 3.737324058987606 461.3562143594857 0.56477670938230851 299.66747088828976 15.706136074687697 231.77863955006708 0.69976329602667631 0.72631447807098148 7.7934896760486678 0.64252607733040068 2.8852288461429203 0.55851399290513259 95.303847166873894
decision_type=2 2 2 2 2 2 2 2 2 2 2 2 2 2 2 2 2 2 2 2 2 2 2 2 2 2 2
left_child=2 3 6 15 9 13 23 -5 -9 -3 -11 19 -13 -4 -15 17 -17 -2 26 -8 22 -22 -7 25 -25 -1 -6
right_child=1 4 5 7 18 20 11 8 -10 10 -12 12 -14 14 -16 16 -18 -19 -20 -21 21 -23 -24 24 -26 -27 -28
leaf_value=-0.069081712029874329 0.0078795408867698181 0.083410311185500852 -0.003572754673659802 0.057646605315116742 0.098426346853375438 -0.010435485969554232 -0.05231458221904986 0.023765344704760535 0.042564528595797624 0.023466708794236183 0.053434608251677132 -0.034884892969036151 -0.055714928623046583 -0.011495611064035346 -0.037920413873831021 -0.015309059917926788 0.025653870624060243 -0.012030975467059762 0.11318889038499308 -0.087032274737954149 -0.048717476838432694 -0.012741259445782561 0.013696183198161663 -0.085391524293440949 -0.069698546464089309 -0.042991676283153618 0.078856456186234325
leaf_weight=20 349 22 20 26 21 176 27 309 79 25 250 85 123 37 243 20 91 80 27 25 34 156 31 49 100 22 60
leaf_count=20 349 22 20 26 21 176 27 309 79 25 250 85 123 37 243 20 91 80 27 25 34 156 31 49 100 22 60
internal_value=4.67554e-11 0.0306516 -0.0362853 0.0167932 0.0632958 -0.0211873 -0.0596185 0.0294804 0.027593 0.0531325 0.0507103 -0.0515633 -0.0472027 -0.0323715 -0.0344286 0.0070663 0.0182732 0.00416662 0.0912448 -0.0690058 -0.0127358 -0.0191791 -0.00682156 -0.0705837 -0.0748593 -0.0554155 0.0839301
internal_weight=2507 1359 1148 954 405 697 451 414 388 297 275 260 208 300 280 540 111 429 108 52 397 190 207 191 149 42 81
internal_count=2507 1359 1148 954 405 697 451 414 388 297 275 260 208 300 280 540 111 429 108 52 397 190 207 191 149 42 81
is_linear=0
shrinkage=0.05


Tree=28
num_leaves=28
num_cat=0
split_feature=5 5 5 5 5 5 5 3 3 2 2 2 6 5 4 3 2 4 3 2 3 4 2 2 2 2 2
split_gain=1008.85 188.753 185.245 40.7689 39.9274 28.0884 12.1148 10.7764 9.18262 9.34025 7.92643 8.34173 7.22935 9.65353 8.71203 6.71981 10.0429 8.94477 6.42669 6.4092 5.65728 11.2718 6.45001 5.27328 4.73239 10.5925 2.52533
threshold=7.9646844194763373 5.6432451589969341 11.818075529365791 10.072574976659729 3.9320787686524983 14.158417887102191 6.803260666552478 55.800990447198934 87.676842775781068 0.6778512691778833 0.92093400793189184 3.9068198418746798 1.0000000180025095e-35 3.0112231343860798 0.72631447807098148 57.003044691983092 4.1852416341830105 0.80954015430456439 83.194819345868538 3.9068198418746798 10.61088326033777 0.64036031233589819 5.2192364970014067 1.8963356589465905 0.40612035175827738 0.88419578369373597 5.2601066661860072
decision_type=2 2 2 2 2 2 2 2 2 2 2 2 2 2 2 2 2 2 2 2 2 2 2 2 2 2 2
left_child=1 4 3 8 12 10 7 19 9 -2 -4 -12 13 -1 -14 17 -17 -6 -9 -3 21 -8 -22 -7 -5 -26 -25
right_child=2 6 5 24 15 23 20 18 -10 -11 11 -13 14 -15 -16 16 -18 -19 -20 -21 22 -23 -24 26 25 -27 -28
leaf_value=-0.059020307152108709 0.036632834747433667 -0.012475054386642672 0.027222394235432146 0.057717485962943599 -0.03783447778825131 0.1131689949227231 -0.0389920920424629 0.023398907452991065 -0.019957253308966756 0.012626526332996947 0.072936925724078019 0.052212808029873985 -0.055024133682147494 -0.021015408565290272 -0.072969505798122655 -0.028846837393939496 -0.077292613344995875 -0.014825277591948039 -0.015762834250926974 -0.029291530349773581 0.0070481900144042098 -0.0032498666242709463 -0.0095132749764916466 0.072327062724014887 0.0010685712503998178 0.036329071776061837 0.093027450812651846
leaf_weight=55 44 93 20 22 225 21 32 22 20 512 79 126 126 24 146 20 23 52 20 145 132 71 106 26 23 288 34
leaf_count=55 44 93 20 22 225 21 32 22 20 512 79 126 126 24 146 20 23 52 20 145 132 71 106 26 23 288 34
internal_value=-3.00035e-11 -0.0307584 0.0327077 0.0213802 -0.0491437 0.0663571 -0.0108929 -0.0185998 0.013329 0.0145263 0.0572679 0.0601992 -0.0607894 -0.0474745 -0.0646566 -0.0363698 -0.0547597 -0.0335151 0.00475046 -0.0227204 -0.00456461 -0.0143542 -0.000327925 0.0916048 0.0353067 0.0337214 0.0840573
internal_weight=2507 1292 1215 909 671 306 621 280 576 556 225 205 351 79 272 320 43 277 42 238 341 103 238 81 333 311 60
internal_count=2507 1292 1215 909 671 306 621 280 576 556 225 205 351 79 272 320 43 277 42 238 341 103 238 81 333 311 60
is_linear=0
shrinkage=0.05


Tree=29
num_leaves=30
num_cat=0
split_feature=5 5 5 5 5 5 5 5 3 4 3 6 4 4 4 4 4 3 3 4 0 3 3 0 3 0 6 2 3
split_gain=911.012 215.022 118.37 48.1882 33.1483 17.5583 13.1616 10.1769 8.88467 11.4414 7.99056 8.74765 7.57705 10.4945 9.18725 7.40353 12.7495 7.36112 7.89489 7.17287 8.13334 6.2625 5.80586 4.91221 4.43703 4.32781 3.77407 3.41183 2.87362
threshold=7.3356910674001634 10.751654432847786 4.5235436176664692 13.004531195558952 9.2759158204786392 5.7072655541766464 2.3604833998638273 14.769772949314552 2.9108000245163965 0.5231310337153583 32.691031300542164 2.5000000000000004 0.78854234887547081 0.87038507796812647 0.77081778198502271 0.86794208486729274 0.78377481799960769 6.542013923174955 10.056985063317503 0.56477670938230851 478.93464234371021 27.671143957011918 50.517207127680599 218.12200288073771 3.798728825795719 95.303847166873894 2.5000000000000004 2.8852288461429203 18.376235517150487
decision_type=2 2 2 2 2 2 2 2 2 2 2 2 2 2 2 2 2 2 2 2 2 2 2 2 2 2 2 2 2
left_child=2 4 6 10 19 8 26 25 -4 -10 11 -3 14 -14 -7 16 -6 24 -19 21 -21 -2 -12 -9 -8 -5 27 -1 -17
right_child=1 3 5 7 15 12 17 23 9 -11 22 -13 13 -15 -16 28 -18 18 -20 20 -22 -23 -24 -25 -26 -27 -28 -29 -30
leaf_value=-0.072943330587198346 -0.018786225271112515 0.052599202370372779 0.00029144266620278358 0.082656556730055147 0.027250429851672621 -0.013110369083237226 -0.052996454322458919 0.11236780529598828 -0.00046808934685858817 -0.038577209135512526 0.018337996629007321 0.022937903450480825 -0.038511023976870125 -0.00066589824676227115 0.019671744171975425 0.056285730423405768 0.0032837251154382505 -0.020134410052560271 -0.046969543293567076 0.0044221394680282891 0.021050628558991272 0.0095058552620391687 0.04140581913435689 0.079320251873948366 -0.08222705798223616 0.061821090372909518 -0.084153641726483 -0.056752253958199286 0.03126806865135829
leaf_weight=48 53 174 20 36 242 302 37 23 22 188 47 29 62 26 23 22 72 32 191 402 90 31 65 22 20 81 22 101 24
leaf_count=48 53 174 20 36 242 302 37 23 22 188 47 29 62 26 23 22 72 32 191 402 90 31 65 22 20 81 22 101 24
internal_value=-1.24931e-11 0.0265212 -0.0342545 0.0538436 0.0125972 -0.0204803 -0.0538925 0.076004 -0.0315521 -0.0345848 0.0424467 0.0483619 -0.0143145 -0.0273295 -0.0107904 0.0244993 0.0217549 -0.0472175 -0.0431188 0.00515845 0.00746394 -0.0083451 0.0317256 0.0962112 -0.0632528 0.068232 -0.0648224 -0.0619682 0.043233
internal_weight=2507 1413 1094 477 936 643 451 162 230 210 315 203 413 88 325 360 314 280 223 576 492 84 112 45 57 117 171 149 46
internal_count=2507 1413 1094 477 936 643 451 162 230 210 315 203 413 88 325 360 314 280 223 576 492 84 112 45 57 117 171 149 46
is_linear=0
shrinkage=0.05


Tree=30
num_leaves=29
num_cat=0
split_feature=5 5 5 5 5 5 5 3 3 2 5 4 3 2 2 4 4 0 2 2 2 6 0 3 4 0 2 2
split_gain=824.9 153.771 152.012 32.8698 22.8641 21.8551 16.9323 8.417 9.13007 8.27891 13.0185 8.51501 8.01937 8.57538 7.28872 7.00788 8.94156 7.88809 5.92447 5.70024 4.77711 4.38599 11.0228 8.64535 4.28888 4.3162 4.08508 2.31206
threshold=7.9646844194763373 4.8801453596684512 11.818075529365791 10.072574976659729 14.158417887102191 6.6325592737285506 2.6269566017163291 73.577748048797034 21.634356647848559 0.6778512691778833 9.0002383921233555 0.70333138714326882 14.189787410579887 2.4313499319218441 0.6778512691778833 0.74824295921245876 0.84680146911838083 278.73249141102059 4.5522177545840083 1.3043043423447267 1.8963356589465905 1.5000000000000002 649.67364058084956 48.919503050838706 0.75934240654607532 357.01224184649067 5.8517665200353361 5.2601066661860072
decision_type=2 2 2 2 2 2 2 2 2 2 2 2 2 2 2 2 2 2 2 2 2 2 2 2 2 2 2 2
left_child=1 6 3 9 15 7 24 8 -3 10 -2 -11 13 -7 -8 17 -17 -4 -14 -16 -6 22 -5 -23 25 -1 -26 -22
right_child=2 5 4 21 20 12 14 -9 -10 11 -12 -13 18 -15 19 16 -18 -19 -20 -21 27 23 -24 -25 26 -27 -28 -29
leaf_value=-0.046216977896419036 0.0099591912967818136 -0.017936380319857833 0.031492351822817004 0.023276984085745658 0.10336137973548223 -0.034759070666936724 -0.015984576731920244 0.0037161599459319284 -0.034511885475367314 0.016627474804408848 0.062776558026671411 0.0039282981799977175 0.0082144007191330328 -0.0072664788583866689 -0.065154245020500545 0.075587291319696409 0.047511881070791705 0.058468413733421487 -0.0072597844576319827 -0.041851181703268729 0.064429105302462208 0.032868238790521261 0.06239353861659766 0.066044752951711416 -0.077505398333019948 -0.067682968783709746 -0.055494391987366332 0.084236119831364392
leaf_weight=67 28 216 64 181 21 39 25 29 135 264 20 264 118 104 29 53 61 47 130 276 26 108 20 24 53 36 35 34
leaf_count=67 28 216 64 181 21 39 25 29 135 264 20 264 118 104 29 53 61 47 130 276 26 108 20 24 53 36 35 34
internal_value=2.73393e-11 -0.0278132 0.0295758 0.0193146 0.0600577 -0.0136334 -0.048797 -0.0221726 -0.0243116 0.0120853 0.0319664 0.0102779 -0.0053345 -0.0147645 -0.0419394 0.0518572 0.0605645 0.0429146 0.000102933 -0.0440669 0.0828367 0.0318194 0.0271692 0.0389003 -0.0606451 -0.0537197 -0.068751 0.0756531
internal_weight=2507 1292 1215 909 306 771 521 380 351 576 48 528 391 143 330 225 114 111 248 305 81 333 201 132 191 103 88 60
internal_count=2507 1292 1215 909 306 771 521 380 351 576 48 528 391 143 330 225 114 111 248 305 81 333 201 132 191 103 88 60
is_linear=0
shrinkage=0.05


Tree=31
num_leaves=29
num_cat=0
split_feature=5 5 5 5 5 5 6 4 5 3 2 4 2 4 0 6 5 4 4 4 3 3 5 3 4 3 3 3
split_gain=744.473 138.944 137.191 30.2387 30.0838 20.8256 9.13601 10.1749 9.01135 9.15552 8.54458 7.89201 7.81511 10.2875 6.70853 6.49667 8.13605 7.17863 6.32108 7.54771 6.06246 5.82142 5.46131 4.51631 9.93791 5.75341 3.88413 2.52965
threshold=7.9646844194763373 5.6432451589969341 11.818075529365791 3.9320787686524983 9.4852669577909072 13.610194917761433 1.5000000000000002 0.70333138714326882 6.803260666552478 55.800990447198934 6.77540816685931 0.67845941535148613 0.55694871442396887 0.82309037041467648 228.20907983371376 1.0000000180025095e-35 3.0112231343860798 0.72631447807098148 0.8510100176434866 0.62497560296945287 83.194819345868538 2.9108000245163965 15.706136074687697 10.61088326033777 0.64036031233589819 41.336152108054094 30.350140319337708 13.845904245032925
decision_type=2 2 2 2 2 2 2 2 2 2 2 2 2 2 2 2 2 2 2 2 2 2 2 2 2 2 2 2
left_child=1 3 4 15 6 11 7 -2 9 21 -8 14 -6 -14 -4 16 -1 -17 19 -5 -11 -3 27 24 -10 -25 -13 -7
right_child=2 8 5 18 12 22 10 -9 23 20 -12 26 13 -15 -16 17 -18 -19 -20 -21 -22 -23 -24 25 -26 -27 -28 -29
leaf_value=-0.050308708138763904 0.024339516669400596 0.0011694037098566006 0.017532694097043892 -0.021607988430996955 0.049405166938797471 0.057568140669415395 0.0081295765466664147 0.0043381386732851924 -0.035801584343425931 0.023609705358235675 -0.014898472630058328 0.06311399564981017 0.020667660752715779 0.03811049194385608 0.048540782158237858 -0.047253535312068252 -0.015418513452944657 -0.06354324973893212 -0.009998039502534084 -0.038968077206946151 -0.014426099434494973 -0.022736262134164929 0.094190876268678239 0.0058730947175656993 -0.0022408085468579348 -0.010193837325878734 0.045675069012022652 0.075551279383823083
leaf_weight=55 134 29 33 92 36 33 115 121 32 22 62 67 327 114 37 126 24 146 32 196 20 209 27 149 71 89 61 48
leaf_count=55 134 29 33 92 36 33 115 121 32 22 62 67 327 114 37 126 24 146 32 196 20 209 27 149 71 89 61 48
internal_value=2.68981e-11 -0.0264225 0.028097 -0.0421966 0.0183489 0.0570548 0.00879075 0.0148487 -0.00937839 -0.0160253 6.32542e-05 0.0474212 0.0270053 0.0251767 0.0339227 -0.0523313 -0.0397092 -0.0559973 -0.03108 -0.0334225 0.00549742 -0.0198234 0.0747163 -0.00392055 -0.0126675 -0.000135128 0.0548033 0.0682248
internal_weight=2507 1292 1215 671 909 306 432 255 621 280 177 198 477 441 70 351 79 272 320 288 42 238 108 341 103 238 128 81
internal_count=2507 1292 1215 671 909 306 432 255 621 280 177 198 477 441 70 351 79 272 320 288 42 238 108 341 103 238 128 81
is_linear=0
shrinkage=0.05


Tree=32
num_leaves=28
num_cat=0
split_feature=5 5 5 5 5 5 5 5 0 0 4 3 3 0 4 2 4 4 4 4 4 3 0 3 0 6 4
split_gain=672.916 149.124 97.9313 28.61 28.5733 15.4651 9.65485 7.73522 7.24246 16.9121 9.3489 7.04727 6.86382 8.28934 6.45314 6.26847 7.14572 5.81399 13.0766 5.97223 5.64078 7.24149 4.52085 4.08876 3.9377 3.45184 3.1519
threshold=7.509099954578228 11.203061302847718 4.5235436176664692 9.3227777624059538 13.004531195558952 5.9771865027717022 2.3604833998638273 14.769772949314552 65.973802776121019 139.85383192824881 0.61906891311353107 1.9174229811782777 32.691031300542164 398.30591538051584 0.56477670938230851 0.53033319211430907 0.84680146911838083 0.69976329602667631 0.72631447807098148 0.60654451915097563 0.48561287803023045 3.737324058987606 218.12200288073771 16.745537398793243 95.303847166873894 1.0000000180025095e-35 0.74982313132037259
decision_type=2 2 2 2 2 2 2 2 2 2 2 2 2 2 2 2 2 2 2 2 2 2 2 2 2 2 2
left_child=2 3 6 11 12 20 25 24 10 -10 -8 -2 23 -14 -13 -5 -17 19 -19 -7 -4 -22 -9 -3 -6 -1 -27
right_child=1 4 5 15 7 17 8 22 9 -11 -12 14 13 -15 -16 16 -18 18 -20 -21 21 -23 -24 -25 -26 26 -28
leaf_value=-0.042631258481206039 0.025907904826677763 0.039538752615725231 0.00064809577539563182 0.046673267152017132 0.072477727010846135 -0.012618042051774234 -0.028736806830221957 0.098611242332212301 -0.010726084232795984 -0.043920242202461164 -0.068810676610053967 -0.0096824035421013838 0.017528528921187871 0.051084357926335477 0.0062227863672477991 0.017882390762442635 0.034733018172975583 -0.0443760058568681 -0.010155067058244292 0.0043678448824844901 -0.0062309276312589651 -0.029975201883123338 0.066907456940547991 0.057453326868514225 0.052603501577022274 -0.050699301681628353 -0.066297520662347481
leaf_weight=39 39 109 20 26 36 104 22 23 50 165 43 75 63 26 426 309 79 34 156 103 37 243 22 45 81 57 75
leaf_count=39 39 109 20 26 36 104 22 23 50 165 43 75 63 26 426 309 79 34 156 103 37 243 22 45 81 57 75
internal_value=4.78766e-11 0.0238086 -0.0281846 0.013017 0.0492289 -0.0164375 -0.0463393 0.0654945 -0.0406222 -0.0362007 -0.0552472 0.00543544 0.0383852 0.0273314 0.00384177 0.022906 0.0213133 -0.00996313 -0.0162788 -0.00416613 -0.0250052 -0.0268376 0.0831116 0.0447735 0.0587186 -0.0557005 -0.0595619
internal_weight=2507 1359 1148 954 405 697 451 162 280 215 65 540 243 89 501 414 388 397 190 207 300 280 45 154 117 171 132
internal_count=2507 1359 1148 954 405 697 451 162 280 215 65 540 243 89 501 414 388 397 190 207 300 280 45 154 117 171 132
is_linear=0
shrinkage=0.05


Tree=33
num_leaves=29
num_cat=0
split_feature=5 5 5 5 5 5 5 3 2 2 2 2 3 3 4 0 4 3 3 6 4 4 4 3 4 2 3 4
split_gain=608.192 113.831 111.933 24.7934 17.1517 16.1797 12.647 8.02517 7.43665 6.92401 17.9167 14.5524 5.90559 7.77623 4.77233 7.33112 7.25104 4.29962 21.3243 8.01577 4.25156 9.91237 8.17382 4.2313 9.04959 5.52182 4.14679 6.0976
threshold=7.9646844194763373 4.8801453596684512 11.818075529365791 10.072574976659729 14.019787468295872 6.803260666552478 3.1521939035770981 87.676842775781068 0.40612035175827738 3.9068198418746798 5.8517665200353361 2.5800266257251296 3.798728825795719 5.9507177115799941 0.74824295921245876 278.73249141102059 0.84680146911838083 28.653226077272219 17.066906801086926 1.5000000000000002 0.67722369000751981 0.56174098067292488 0.78377481799960769 10.61088326033777 0.64036031233589819 5.2192364970014067 33.694490205435734 0.63801051999674974
decision_type=2 2 2 2 2 2 2 2 2 2 2 2 2 2 2 2 2 2 2 2 2 2 2 2 2 2 2 2
left_child=1 6 3 7 14 9 12 8 -2 11 -11 -3 -1 -14 15 -4 -16 18 -5 -19 21 -8 -22 24 -7 -25 27 -6
right_child=2 5 4 17 26 23 20 -9 -10 10 -12 -13 13 -15 16 -17 -18 19 -20 -21 22 -23 -24 25 -26 -27 -28 -29
leaf_value=-0.02958441424378825 0.041366600259207187 -0.020707539759265883 0.025046079871473743 0.022783349035924536 0.053340031774271102 -0.034090712643228473 -0.042043412155632315 -0.020806136261671784 0.010313955973073625 -0.040907350598123449 -0.01321383639131999 0.0094507975596934551 -0.081832076680092583 -0.049840932638716688 0.065269185975193975 0.051649475358426566 0.039487817225356901 0.010803110603947284 0.060744222116713625 0.036048165632996197 -0.050666029326526862 -0.013055953381893535 -0.027403955635215554 0.0069404983255618863 -0.0020650008640868563 -0.0083830597560044448 0.050436319676893097 0.085643102841762214
leaf_weight=31 20 120 61 151 21 32 58 20 536 93 157 60 21 199 50 45 60 82 49 51 82 60 70 132 71 106 21 48
leaf_count=31 20 120 61 151 21 32 58 20 536 93 157 60 21 199 50 45 60 82 49 51 82 60 70 132 71 106 21 48
internal_value=-5.14396e-12 -0.023882 0.0253955 0.0165903 0.0515521 -0.011682 -0.0419361 0.0103116 0.011431 -0.0181321 -0.0235158 -0.0106548 -0.0500157 -0.0528946 0.043911 0.03634 0.0512066 0.0274506 0.0320838 0.0204835 -0.0344251 -0.027304 -0.0399532 -0.00354832 -0.0120147 0.00011572 0.0698908 0.0758117
internal_weight=2507 1292 1215 909 306 771 521 576 556 430 250 180 251 220 216 106 110 333 200 133 270 118 152 341 103 238 90 69
internal_count=2507 1292 1215 909 306 771 521 576 556 430 250 180 251 220 216 106 110 333 200 133 270 118 152 341 103 238 90 69
is_linear=0
shrinkage=0.05


Tree=34
num_leaves=26
num_cat=0
split_feature=5 5 5 5 5 2 3 5 5 3 2 2 3 3 3 2 4 2 0 6 5 4 0 5 0
split_gain=550.176 121.744 87.9224 23.3403 22.5969 13.0675 12.0003 10.2891 8.68763 8.13208 6.15654 6.47363 5.98032 10.5217 5.93374 9.11721 8.04334 5.76531 5.70054 5.5965 6.95133 5.64271 5.41062 4.79309 2.92387
threshold=8.343512795002793 5.6432451589969341 12.521800397910384 10.072574976659729 3.9320787686524983 0.65142504698881787 73.577748048797034 14.563266430733377 6.803260666552478 55.800990447198934 0.65142504698881787 1.3043043423447267 91.859900616196839 37.734040280285676 57.003044691983092 4.1852416341830105 0.80954015430456439 7.3798716689621289 559.73579816983636 1.0000000180025095e-35 3.0112231343860798 0.72631447807098148 196.86696661457054 13.498535802054372 350.35220507904631
decision_type=2 2 2 2 2 2 2 2 2 2 2 2 2 2 2 2 2 2 2 2 2 2 2 2 2
left_child=1 4 3 5 19 -2 -7 17 9 18 -10 -12 13 -5 16 -16 -6 23 -3 20 -1 -21 -11 -4 -9
right_child=2 8 7 12 14 6 -8 24 10 22 11 -13 -14 -15 15 -17 -18 -19 -20 21 -22 -23 -24 -25 -26
leaf_value=-0.043146438761190939 0.040967835693487102 -0.01987487044846277 0.045371591416475038 0.031451331427415172 -0.028106689319842393 0.011289433092987076 -0.023724763023738677 0.082386039141001122 -0.022438048129635201 0.024644766002893448 0.023072285191328437 -0.0022698864457813442 0.054456811125564858 0.013133815126666041 -0.019284424502402545 -0.065443422961170269 -0.0062876666770674862 0.030893621191774547 0.0049314148007677154 -0.040714465579321048 -0.010896372224669904 -0.055156772298585267 -0.011247349335324197 0.064823381995889717 0.058520063083796273
leaf_weight=55 35 212 81 286 225 416 26 33 35 21 27 378 20 108 20 23 52 38 26 126 24 146 21 52 21
leaf_count=55 35 212 81 286 225 416 26 33 35 21 27 378 20 108 20 23 52 38 26 126 24 146 21 52 21
internal_value=3.37878e-11 -0.0209803 0.0261502 0.0190978 -0.036303 0.0115586 0.00922977 0.0540779 -0.00670043 -0.0135854 -0.00231908 -0.000580408 0.0277842 0.0264303 -0.0266933 -0.0439741 -0.0240107 0.0480694 -0.0171649 -0.045064 -0.033349 -0.0484666 0.00669871 0.0529768 0.0731048
internal_weight=2507 1391 1116 891 671 477 442 225 720 280 440 405 414 394 320 43 277 171 238 351 79 272 42 133 54
internal_count=2507 1391 1116 891 671 477 442 225 720 280 440 405 414 394 320 43 277 171 238 351 79 272 42 133 54
is_linear=0
shrinkage=0.05


Tree=35
num_leaves=28
num_cat=0
split_feature=5 5 5 5 5 5 5 3 3 3 4 3 5 3 6 4 4 4 4 3 3 3 0 4 6 2 0
split_gain=497.25 118.935 64.9783 26.3721 18.03 9.54499 7.27568 7.24777 6.8488 6.99402 6.79238 7.63265 6.36717 6.30223 8.22525 6.229 12.2877 7.81362 6.11187 6.08132 5.44433 5.20442 3.65663 3.30755 3.1774 2.86914 2.44924
threshold=7.3356910674001634 10.751654432847786 4.5235436176664692 13.004531195558952 9.3227777624059538 5.7410896727934286 2.3604833998638273 1.9174229811782777 6.542013923174955 20.479784912885098 0.8510100176434866 2.807223723794698 15.706136074687697 32.691031300542164 2.5000000000000004 0.69976329602667631 0.72631447807098148 0.60654451915097563 0.56477670938230851 3.2599610382071362 5.5343554138825599 79.9878092790632 231.77863955006708 0.57246892876857791 2.5000000000000004 2.8852288461429203 208.36697309150759
decision_type=2 2 2 2 2 2 2 2 2 2 2 2 2 2 2 2 2 2 2 2 2 2 2 2 2 2 2
left_child=2 4 6 13 7 10 24 26 22 -10 11 -4 23 14 -3 17 -17 -7 -9 -6 -21 -15 -8 -5 25 -1 -2
right_child=1 3 5 12 19 15 8 18 9 -11 -12 -13 -14 21 -16 16 -18 -19 -20 20 -22 -23 -24 -25 -26 -27 -28
leaf_value=-0.055429103019802521 0.012154460549354554 0.040845060944503665 0.0039188012480735777 0.033108184263110164 -0.0031179697097589573 -0.013951929007572207 -0.03791763684872923 -0.010021986745028612 -0.020662295372274361 -0.03856914220086765 0.0049021319486200815 -0.028477032395312563 0.078473166845462947 0.016783927228035674 0.01208307249792691 -0.045289608539314942 -0.011257825842908313 0.0050708360930483021 0.0046930891886672842 0.045037972004640672 0.018676878547800393 0.044398272534211476 -0.063249659524964433 0.055138768250041686 -0.065720917707817114 -0.040581441614436831 0.036899359337985514
leaf_weight=48 20 174 20 20 30 110 29 83 95 128 20 200 27 91 29 32 155 106 471 21 291 21 28 115 22 101 20
leaf_count=48 20 174 20 20 30 110 29 83 95 128 20 200 27 91 29 32 155 106 471 21 291 21 28 115 22 101 20
internal_value=1.46018e-11 0.0195938 -0.0253071 0.0399141 0.00923817 -0.0151017 -0.0398571 0.00397255 -0.0348942 -0.0309407 -0.0229958 -0.025532 0.056308 0.031483 0.0367362 -0.0104006 -0.0170814 -0.00461668 0.00248848 0.0183837 0.0204512 0.0219616 -0.0503614 0.051875 -0.0479835 -0.0453646 0.0245269
internal_weight=2507 1413 1094 477 936 643 451 594 280 223 240 220 162 315 203 403 187 216 554 342 312 112 57 135 171 149 40
internal_count=2507 1413 1094 477 936 643 451 594 280 223 240 220 162 315 203 403 187 216 554 342 312 112 57 135 171 149 40
is_linear=0
shrinkage=0.05


Tree=36
num_leaves=26
num_cat=0
split_feature=5 5 5 5 5 5 2 3 5 3 2 2 2 3 2 2 3 3 6 5 4 2 4 4 2
split_gain=450.475 98.5418 72.893 18.6304 13.0378 12.5004 11.8691 10.7335 7.10281 7.38473 6.35705 6.66204 5.56691 6.57044 5.50906 9.95093 5.39201 5.36033 5.03455 6.16896 4.91725 4.40372 3.68247 7.00487 2.08647
threshold=8.343512795002793 5.6432451589969341 11.818075529365791 3.9320787686524983 10.072574976659729 14.158417887102191 0.65142504698881787 73.577748048797034 6.803260666552478 55.800990447198934 0.92093400793189184 3.9068198418746798 0.65142504698881787 13.054349565435061 0.65142504698881787 1.5089416911893589 43.214965518048892 83.194819345868538 1.0000000180025095e-35 3.0112231343860798 0.72631447807098148 1.8963356589465905 0.90281170354372964 0.86356042797568622 5.2601066661860072
decision_type=2 2 2 2 2 2 2 2 2 2 2 2 2 2 2 2 2 2 2 2 2 2 2 2 2
left_child=1 3 4 18 6 10 -2 -8 9 16 -4 -12 -10 -14 -5 -16 -3 -11 19 -1 -20 -7 23 -6 -23
right_child=2 8 5 14 22 21 7 -9 12 17 11 -13 13 -15 15 -17 -18 -19 20 -21 -22 24 -24 -25 -26
leaf_value=-0.038843201237614269 0.038536382040807178 -0.013253271864796771 0.011482148058712484 0.00071061236695164724 0.024401542739824568 0.081002093141987211 0.010236581889498317 -0.022877934501649669 -0.021306783427051935 0.023998252374374057 0.052397759445748426 0.033877297008820327 -0.0095789171158033783 0.0039560660365041056 -0.051248198605197318 -0.022515588107360707 -0.038246436944852275 -0.01176721677184105 -0.036715437502171551 -0.0084621592075563978 -0.050197430742802487 0.043736360164789052 0.041468067414378029 -0.00066553904644904604 0.062552262935787445
leaf_weight=55 35 214 20 21 276 21 416 26 35 22 79 126 134 271 34 265 24 20 126 24 146 26 26 31 34
leaf_count=55 35 214 20 21 276 21 416 26 35 22 79 126 134 271 34 265 24 20 126 24 146 26 26 31 34
internal_value=4.34445e-11 -0.0189844 0.0236625 -0.0327699 0.0158083 0.0444528 0.0105081 0.00828867 -0.00613711 -0.0123625 0.0383894 0.0410145 -0.0021755 -0.000522175 -0.0240442 -0.0257828 -0.0157736 0.00696708 -0.0407249 -0.0296135 -0.0439521 0.0612959 0.0234005 0.0218703 0.0543987
internal_weight=2507 1391 1116 671 810 306 477 442 720 280 225 205 440 405 320 299 238 42 351 79 272 81 333 307 60
internal_count=2507 1391 1116 671 810 306 477 442 720 280 225 205 440 405 320 299 238 42 351 79 272 81 333 307 60
is_linear=0
shrinkage=0.05


Tree=37
num_leaves=24
num_cat=0
split_feature=5 5 5 5 2 5 5 2 2 3 4 5 4 4 6 6 2 4 2 2 2 3 0
split_gain=406.554 88.934 65.786 16.8163 12.2705 12.2733 11.4737 8.16806 10.2152 8.05252 6.76142 6.46042 7.44855 9.5935 6.56674 6.22349 6.02756 5.63267 4.74049 10.1002 4.55803 4.52083 2.70162
threshold=8.343512795002793 5.6432451589969341 11.818075529365791 4.0133248893264648 0.40612035175827738 9.3227777624059538 14.563266430733377 0.86478151837041006 7.449391461365467 6.3949152581820607 0.8510100176434866 7.3064629603057316 0.65368615914788442 0.62629657877116618 2.5000000000000004 1.0000000180025095e-35 4.7252256947340401 0.62497560296945287 9.4386879384685294 8.3910335490381112 4.225870095512736 40.700360678449861 350.35220507904631
decision_type=2 2 2 2 2 2 2 2 2 2 2 2 2 2 2 2 2 2 2 2 2 2 2
left_child=1 3 4 18 -2 9 7 -4 -9 -6 17 14 13 -13 16 -7 -3 -5 19 -1 -16 -14 -8
right_child=2 11 6 10 5 15 22 8 -10 -11 -12 12 21 -15 20 -17 -18 -19 -20 -21 -22 -23 -24
leaf_value=-0.036628873723661873 0.042380239604375307 -0.0064336656612496842 0.010002948405841988 -0.014702756702059156 0.023981761730586491 0.0087468387386310971 0.072067020381941946 0.046636322698410539 0.021898737766525962 0.0014999259556305366 -3.0296432475248975e-05 -0.003727269536050569 0.010208516058974437 -0.04172622166574002 -0.0091109088589919028 0.021712185900230982 -0.019533785126490021 -0.02988752515386104 -0.014807736799120903 -0.062813828548505188 0.018257491872645915 -0.0079626863967213381 0.049126010441354347
leaf_weight=299 39 189 24 90 48 124 33 173 55 234 30 98 143 20 29 365 164 190 20 42 32 45 21
leaf_count=299 39 189 24 90 48 124 33 173 55 234 30 98 143 20 29 365 164 190 20 42 32 45 21
internal_value=-7.36871e-11 -0.0180352 0.0224793 -0.0311314 0.0150179 0.0136338 0.0422302 0.0377484 0.0406689 0.00532662 -0.0225896 -0.00583025 -0.000321242 -0.0101678 -0.00990213 0.0184244 -0.0125198 -0.0250067 -0.0384664 -0.039854 0.00524628 0.00585903 0.0631455
internal_weight=2507 1391 1116 671 810 771 306 252 228 282 310 720 306 118 414 489 353 280 361 341 61 188 54
internal_count=2507 1391 1116 671 810 771 306 252 228 282 310 720 306 118 414 489 353 280 361 341 61 188 54
is_linear=0
shrinkage=0.05


Tree=38
num_leaves=28
num_cat=0
split_feature=5 5 5 5 5 5 4 4 3 4 3 3 5 0 0 4 0 3 0 3 0 6 5 3 0 6 2
split_gain=366.994 82.8888 53.6815 15.7615 15.3932 8.48134 7.06733 10.0748 6.1142 6.19704 5.81309 8.71878 5.71298 6.78965 15.0795 8.19063 5.65944 10.6232 9.65691 5.43655 7.31548 5.26965 5.09594 3.43873 3.02236 2.81723 2.72388
threshold=7.509099954578228 11.203061302847718 4.5235436176664692 13.004531195558952 9.3227777624059538 6.0629473533278864 0.69976329602667631 0.72631447807098148 0.83412916412802163 0.56477670938230851 77.897968120475753 52.15547678060058 2.3604833998638273 65.973802776121019 139.85383192824881 0.61906891311353107 379.79316169146961 29.100527119277732 499.3771372862401 32.691031300542164 398.30591538051584 1.5000000000000002 15.706136074687697 16.745537398793243 95.303847166873894 2.5000000000000004 6.6694433687346253
decision_type=2 2 2 2 2 2 2 2 2 2 2 2 2 2 2 2 2 2 2 2 2 2 2 2 2 2 2
left_child=2 4 12 19 8 16 21 -8 -2 -10 11 -6 25 15 -15 -14 17 -4 -18 23 -21 -7 24 -3 -5 26 -1
right_child=1 3 5 22 10 6 7 -9 9 -11 -12 -13 13 14 -16 -17 18 -19 -20 20 -22 -23 -24 -25 -26 -27 -28
leaf_value=-0.043225972676893404 0.031104551032185557 0.029365649423775599 -0.030267964766441054 0.055977163890876425 0.015459637683870717 -0.0058992478439033455 -0.038809002084000149 -0.0087009353189435052 -0.0099639398493815839 0.0052426224089646822 -0.0070929898725201682 0.038215661586339898 -0.019204308228059252 -0.0015218619087245316 -0.032866008800144002 -0.056713667438300544 0.01554674734051029 -0.0074659359062281567 -0.019834343592325845 0.0094341726676608981 0.040957322028967055 0.011878992592761988 0.068444583537401987 0.045794604839757086 0.03970842330488674 -0.058158378726379439 -0.028200061537236688
leaf_weight=107 20 109 148 41 342 142 34 152 79 441 24 48 22 50 165 43 30 78 54 63 26 59 27 45 94 22 42
leaf_count=107 20 109 148 41 342 142 34 152 79 441 24 48 22 50 165 43 30 78 54 63 26 59 27 45 94 22 42
internal_value=2.0779e-11 0.0175826 -0.0208143 0.0365346 0.00953695 -0.012117 -0.00718057 -0.0142046 0.00397581 0.00293239 0.0167906 0.0182604 -0.0342555 -0.0298577 -0.0255767 -0.0440182 -0.0182795 -0.0223982 -0.00719824 0.0284809 0.0186432 -0.000680759 0.0486152 0.0341663 0.0446493 -0.0414565 -0.0389905
internal_weight=2507 1359 1148 405 954 697 387 186 540 520 414 390 451 280 215 65 310 226 84 243 89 201 162 154 135 171 149
internal_count=2507 1359 1148 405 954 697 387 186 540 520 414 390 451 280 215 65 310 226 84 243 89 201 162 154 135 171 149
is_linear=0
shrinkage=0.05


Tree=39
num_leaves=28
num_cat=0
split_feature=5 5 5 5 3 5 5 4 4 2 3 3 2 2 2 3 4 4 4 4 5 6 5 4 2 2 0
split_gain=332.695 72.4592 53.832 14.1909 12.795 9.14481 9.14419 8.37263 7.91387 7.79199 7.41352 10.3361 6.93751 14.1963 10.3846 6.7699 11.5014 6.48148 5.29991 9.65692 4.85137 4.45198 5.24716 4.09008 3.64604 2.73117 2.61674
threshold=8.343512795002793 5.1274498533923163 12.521800397910384 10.273251576745992 73.577748048797034 6.803260666552478 3.9320787686524983 0.80954015430456439 0.51711937928953 0.65142504698881787 84.726544167747932 57.645608615356011 3.9068198418746798 5.8517665200353361 2.5800266257251296 30.350140319337708 0.55593447761063974 0.67104739371204281 0.83948010264166306 0.7789759691994248 14.158417887102191 1.0000000180025095e-35 3.0112231343860798 0.72631447807098148 5.2192364970014067 5.3825370294982946 317.45848902490974
decision_type=2 2 2 2 2 2 2 2 2 2 2 2 2 2 2 2 2 2 2 2 2 2 2 2 2 2 2
left_child=1 6 3 4 9 12 21 8 -8 -2 11 -5 14 -14 -3 16 -4 -17 19 -7 -18 22 -1 -23 -20 -9 -19
right_child=2 5 15 10 -6 18 7 25 -10 -11 -12 -13 13 -15 -16 17 20 26 24 -21 -22 23 -24 -25 -26 -27 -28
leaf_value=-0.03306320511143316 0.033695518643268058 -0.01367268006849502 0.015005353482609446 0.02384243672298423 -0.020529780604975355 -9.0120853957123247e-05 0.00055151986687079714 0.010689364045503594 -0.030891693284426661 0.0098472180716701486 0.051308826073294594 -0.003520035418944481 -0.034081638203717249 -0.0080897873750439397 0.01330912155961549 0.051537004803928234 0.046026722578952711 0.028991448858869263 0.030224881283938888 -0.020456175784855871 0.065900099986734295 -0.031434492653767979 -0.0050437989973033844 -0.043730338967775242 0.0018288351658086938 -0.01451975547454574 0.0059366234764456757
leaf_weight=55 37 105 22 300 33 323 23 21 154 461 21 39 86 135 54 24 75 32 20 71 52 126 24 146 26 22 20
leaf_count=55 37 105 22 300 33 323 23 21 154 461 21 39 86 135 54 24 75 32 20 71 52 126 24 146 26 22 20
internal_value=2.22815e-11 -0.0163149 0.0203352 0.0148168 0.00962113 -0.00679211 -0.0299904 -0.0219982 -0.0268059 0.0116191 0.0224804 0.0206945 -0.0124739 -0.0182043 -0.00450905 0.0421879 0.0483821 0.030044 -0.00188511 -0.00376015 0.0541639 -0.0349997 -0.024551 -0.0380345 0.0141749 -0.00220833 0.0201242
internal_weight=2507 1391 1116 891 531 820 571 220 177 498 360 339 380 221 159 225 149 76 440 394 127 351 79 272 46 43 52
internal_count=2507 1391 1116 891 531 820 571 220 177 498 360 339 380 221 159 225 149 76 440 394 127 351 79 272 46 43 52
is_linear=0
shrinkage=0.05


Tree=40
num_leaves=22
num_cat=0
split_feature=5 5 5 5 2 5 5 2 2 3 2 4 3 0 2 3 3 6 2 2 0
split_gain=300.345 66.6344 48.1681 12.408 10.4473 8.73423 8.71817 7.39589 8.94186 6.76438 7.54085 6.39766 6.29825 6.09346 5.98251 8.86886 8.20875 5.68282 4.11547 9.18715 2.46272
threshold=8.3754284461136379 5.6432451589969341 11.818075529365791 4.0133248893264648 0.40612035175827738 9.3227777624059538 14.563266430733377 0.86478151837041006 7.449391461365467 57.003044691983092 4.3130867645739643 0.8510100176434866 52.686526291494644 915.23395446433324 0.65142504698881787 17.066906801086926 15.760132047853073 1.0000000180025095e-35 9.4386879384685294 8.3910335490381112 350.35220507904631
decision_type=2 2 2 2 2 2 2 2 2 2 2 2 2 2 2 2 2 2 2 2 2
left_child=1 3 4 18 -2 12 7 -4 -9 11 -11 -5 -6 14 15 -3 -16 -7 19 -1 -8
right_child=2 13 6 9 5 17 20 8 -10 10 -12 -13 -14 -15 16 -17 -18 -19 -20 -21 -22
leaf_value=-0.031276698663432065 0.03825648436084008 -0.0036060008910243158 0.0060286198742687709 -0.01911389568016272 0.0080673563820827347 0.0064760321954024898 0.06308633528198257 0.040792196136199457 0.01764773708175529 -0.016367640221724288 -0.05926666186146793 0.0065467253327369697 -0.011882945674005897 0.015132661008586488 -0.011611359961809236 -0.046372995254668321 -8.4012250316110309e-05 0.018865395091451732 -0.011015802547335626 -0.056250076607934067 0.041183103106561161
leaf_weight=299 39 27 24 242 225 124 33 173 55 20 21 27 48 36 257 22 387 365 20 42 21
leaf_count=299 39 27 24 242 225 124 33 173 55 20 21 27 48 36 257 22 387 365 20 42 21
internal_value=1.77456e-11 -0.0153891 0.0194623 -0.026759 0.0130158 0.011724 0.0363368 0.03243 0.0352091 -0.0194218 -0.0383403 -0.0165383 0.00455961 -0.00492376 -0.00596566 -0.0228075 -0.00468421 0.0157237 -0.0330597 -0.0343526 0.0545684
internal_weight=2507 1400 1107 671 801 762 306 252 228 310 41 269 273 729 693 49 644 489 361 341 54
internal_count=2507 1400 1107 671 801 762 306 252 228 310 41 269 273 729 693 49 644 489 361 341 54
is_linear=0
shrinkage=0.05


Tree=41
num_leaves=29
num_cat=0
split_feature=5 5 5 5 4 3 4 2 5 5 2 2 5 0 0 3 6 3 5 3 3 0 0 0 3 2 6 2
split_gain=272.048 66.0804 35.341 14.7607 9.68345 8.28804 10.5269 8.69745 7.7269 7.17069 10.3332 8.02545 6.46411 7.29545 6.02879 5.24968 7.03509 4.99902 4.48127 6.26015 6.32664 4.48007 13.3996 7.14347 3.42544 3.11076 2.55006 2.36018
threshold=7.3356910674001634 10.751654432847786 4.5235436176664692 13.004531195558952 0.86794208486729274 2.9108000245163965 0.51711937928953 2.3766157423842698 5.6432451589969341 8.7353040233624046 0.65142504698881787 0.65142504698881787 9.0002383921233555 135.38664027113603 231.77863955006708 32.691031300542164 2.5000000000000004 50.517207127680599 2.3604833998638273 6.542013923174955 10.056985063317503 95.303847166873894 145.91249897233345 49.454068397365567 1.9174229811782777 5.3825370294982946 1.0000000180025095e-35 6.3539564287734942
decision_type=2 2 2 2 2 2 2 2 2 2 2 2 2 2 2 2 2 2 2 2 2 2 2 2 2 2 2 2
left_child=2 4 18 15 9 24 7 -7 -8 11 -11 -2 14 -14 -6 16 -3 -17 26 25 -21 23 -23 -5 -4 -20 -1 -28
right_child=1 3 5 21 12 6 8 -9 -10 10 -12 -13 13 -15 -16 17 -18 -19 19 20 -22 22 -24 -25 -26 -27 27 -29
leaf_value=-0.024593760665410608 -0.025866254166300808 0.03192621794574086 -0.0022640905892237638 0.037391970306634902 -0.011983188277199157 0.031083858961408792 -0.023837477501252799 -0.0066417156457901005 -0.01098203748013034 0.033816571103838775 0.0069300377967470798 0.0019674246607220098 0.0089202883560210479 0.046775726798389643 0.025903836744172234 0.002219188204926855 0.0053263740035994307 0.023624211286122982 -0.050303175876086403 -0.0011992161569651218 -0.025221665746517755 0.001497468902644786 0.044889698098463715 0.076600209499398872 0.022783274806681134 -0.026645170090099174 -0.043475393135531219 -0.02882141453596071
leaf_weight=39 28 174 39 26 21 22 181 50 330 39 427 345 20 35 21 47 29 65 33 32 191 22 93 21 21 24 93 39
leaf_count=39 28 174 39 26 21 22 181 50 330 39 427 345 20 35 21 47 29 65 33 32 191 22 93 21 21 24 93 39
internal_value=1.68749e-11 0.0144928 -0.0187188 0.0296394 0.0067739 -0.0111925 -0.0130135 0.00488554 -0.0155355 0.00504467 0.0091802 -0.000121967 0.0217308 0.0330101 0.00696032 0.0233318 0.0281262 0.0146417 -0.0294492 -0.0255543 -0.0217745 0.0419042 0.0365886 0.0549105 0.00650249 -0.0403419 -0.0358269 -0.0391458
internal_weight=2507 1413 1094 477 936 643 583 72 511 839 466 373 97 55 42 315 203 112 451 280 223 162 115 47 60 57 171 132
internal_count=2507 1413 1094 477 936 643 583 72 511 839 466 373 97 55 42 315 203 112 451 280 223 162 115 47 60 57 171 132
is_linear=0
shrinkage=0.05


Tree=42
num_leaves=26
num_cat=0
split_feature=5 5 5 5 3 4 4 4 0 5 3 0 0 5 2 3 2 2 3 3 3 2 2 3 0
split_gain=245.599 46.1867 45.8809 10.7492 7.46779 7.27587 8.85664 20.2227 9.95462 6.81183 6.63945 6.23769 8.79471 5.57151 6.56945 5.24116 5.59555 5.20932 4.62184 5.65735 5.56605 3.78051 4.21539 2.46183 3.61191
threshold=7.9646844194763373 11.203061302847718 4.8801453596684512 13.610194917761433 1.9174229811782777 0.86794208486729274 0.70333138714326882 0.69146356762794803 734.14363300150001 6.3628181043166068 79.9878092790632 124.06648679476869 199.2405985522079 2.3604833998638273 0.6778512691778833 73.577748048797034 5.7988540089312659 1.3043043423447267 15.760132047853073 26.483231256706578 4.3374970575965355 2.1809866902911628 5.1809333475320463 3.798728825795719 262.79481788090146
decision_type=2 2 2 2 2 2 2 2 2 2 2 2 2 2 2 2 2 2 2 2 2 2 2 2 2
left_child=2 5 13 4 -3 6 7 -2 -8 15 -6 -7 -13 23 -15 16 -4 -16 20 -20 -11 -5 -23 -1 -25
right_child=1 3 9 21 10 11 8 -9 -10 18 -12 12 -14 14 17 -17 -18 -19 19 -21 -22 22 -24 24 -26
leaf_value=-0.018422690254043451 0.0090561464079975534 0.053043723986907446 -0.020814166331013458 0.0604779147990048 0.020594176663925837 0.0034728985655331809 -0.0012684059861696793 0.0499329672844121 0.032896657417649813 0.0019401034396706208 0.050511126220226292 0.058368414812721314 0.018781273222548217 0.0016744304150342942 -0.044774439123769605 0.011408370602875948 -0.006364244418973858 -0.022905365538041469 0.011056584304978335 -0.0043138950774924793 -0.016084695956288059 0.026615619477815929 0.049166501700055119 -0.029304019234174434 -0.044953051570858528
leaf_weight=22 364 22 169 25 255 31 292 33 23 66 20 20 47 25 30 20 111 295 86 197 122 40 43 82 67
leaf_count=22 364 22 169 25 255 31 292 33 23 66 20 20 47 25 30 20 111 295 86 197 122 40 43 82 67
internal_value=1.96329e-11 0.016138 -0.0151762 0.0299245 0.0250125 0.00924472 0.00748662 0.012454 0.00122619 -0.00743076 0.02277 0.0220178 0.0305983 -0.0266383 -0.0230242 -0.0133195 -0.0150858 -0.024924 -0.00367995 0.000356993 -0.00975684 0.0434327 0.0382986 -0.0340356 -0.0363408
internal_weight=2507 1215 1292 405 297 810 712 397 315 771 275 98 67 521 350 300 280 325 471 283 188 108 83 171 149
internal_count=2507 1215 1292 405 297 810 712 397 315 771 275 98 67 521 350 300 280 325 471 283 188 108 83 171 149
is_linear=0
shrinkage=0.05


Tree=43
num_leaves=31
num_cat=0
split_feature=5 5 5 5 5 4 2 0 5 6 4 2 2 3 4 4 2 0 0 0 4 4 6 0 0 4 2 0 0 2
split_gain=222.552 54.5273 28.3184 12.191 8.06433 7.86863 9.34095 6.37379 5.56008 5.76156 6.02922 5.62782 9.2688 4.90146 6.67346 5.55696 4.54863 4.05458 12.1032 6.54044 4.02719 6.89005 6.75455 3.54161 7.54819 9.56566 6.96102 6.68062 3.2934 2.72924
threshold=7.3064629603057316 10.751654432847786 4.1054697593038627 13.004531195558952 8.8787958342929549 0.86794208486729274 0.65142504698881787 135.38664027113603 5.7410896727934286 2.5000000000000004 0.70825315694880708 0.65142504698881787 1.3043043423447267 37.734040280285676 0.86059700965505537 0.75410574795445506 4.5285854245346222 95.303847166873894 145.91249897233345 49.454068397365567 0.56623390572019139 0.59625076618269912 1.5000000000000002 234.21185303041463 86.079701732778872 0.57399250063064466 6.0561517479933942 554.18634850842375 342.89277501268896 4.7252256947340401
decision_type=2 2 2 2 2 2 2 2 2 2 2 2 2 2 2 2 2 2 2 2 2 2 2 2 2 2 2 2 2 2
left_child=2 4 23 13 20 6 -6 -7 11 10 -10 -4 -13 15 -15 -3 -11 19 -19 -5 22 -22 -2 24 25 -1 -26 28 -25 -29
right_child=1 3 8 17 5 7 -8 -9 9 16 -12 12 -14 14 -16 -17 -18 18 -20 -21 21 -23 -24 27 26 -27 -28 29 -30 -31
leaf_value=-0.0056230762003300098 0.00042249569669365887 0.018570523119832236 0.0088923642057038479 0.03355068871035026 0.032527039841645296 0.00528952102620332 0.0059083482132364926 0.039456174904719379 -0.0038255513914646627 -0.0056004393263719976 -0.0173329347263191 -0.045826571614102085 -0.015111538144136669 0.018584748484695761 -0.013169818708584422 0.034864185842570297 0.02226587180738096 -0.00046713399616154757 0.040772670152927598 0.07106750614586331 0.028623503941111267 0.0014976354287702398 -0.034382884469814599 -0.029991388349655146 -0.0032444684440270065 -0.041666574941217144 -0.030378619496089717 -0.0063173043696830682 -0.047102866359055043 -0.029295063910207583
leaf_weight=24 46 127 21 26 36 21 390 39 187 32 148 27 272 78 21 89 27 22 93 21 25 368 20 47 60 79 39 24 70 28
leaf_count=24 46 127 21 26 36 21 390 39 187 32 148 27 272 78 21 89 27 22 93 21 25 368 20 47 60 79 39 24 70 28
internal_value=-4.64854e-12 0.0130129 -0.0170547 0.026794 0.00605671 0.0105455 0.00815782 0.0274978 -0.0112319 -0.00725555 -0.00979299 -0.0161279 -0.0178851 0.0210616 0.0118489 0.0252841 0.00715194 0.0379402 0.0328833 0.0503135 0.00130391 0.0032232 -0.0101246 -0.0282607 -0.0237923 -0.0332681 -0.0139337 -0.0336016 -0.040229 -0.0186899
internal_weight=2507 1422 1085 477 945 486 426 60 714 394 335 320 299 315 99 216 59 162 115 47 459 393 66 371 202 103 99 169 117 52
internal_count=2507 1422 1085 477 945 486 426 60 714 394 335 320 299 315 99 216 59 162 115 47 459 393 66 371 202 103 99 169 117 52
is_linear=0
shrinkage=0.05


Tree=44
num_leaves=27
num_cat=0
split_feature=5 5 5 5 3 2 3 2 5 3 3 0 3 3 3 6 5 5 0 0 4 4 3 6 2 0
split_gain=200.853 49.2109 25.6215 11.0024 7.54271 8.35559 11.9884 10.3082 7.4279 5.94121 5.50415 5.16475 5.10573 4.42357 6.43602 5.12013 3.88652 3.50267 5.97483 13.1608 7.09549 3.0924 2.93368 2.47647 2.52257 2.26189
threshold=7.3064629603057316 10.751654432847786 4.5235436176664692 13.004531195558952 2.9108000245163965 3.9068198418746798 66.308105855228717 1.9390309207680752 9.3227777624059538 1.9174229811782777 3.2599610382071362 117.28386621321357 5.5343554138825599 37.734040280285676 50.517207127680599 2.5000000000000004 15.706136074687697 2.3604833998638273 65.973802776121019 139.85383192824881 0.61906891311353107 0.72631447807098148 13.845904245032925 2.5000000000000004 6.6694433687346253 208.36697309150759
decision_type=2 2 2 2 2 2 2 2 2 2 2 2 2 2 2 2 2 2 2 2 2 2 2 2 2 2
left_child=2 8 17 13 21 7 -7 -6 9 25 -10 -11 -12 15 -15 -3 22 23 20 -20 -19 -4 -5 24 -1 -2
right_child=1 3 4 16 5 6 -8 -9 10 11 12 -13 -14 14 -16 -17 -18 18 19 -21 -22 -23 -24 -25 -26 -27
leaf_value=-0.032714210922403314 0.0091453237086534505 0.027111542510289341 -0.0018029618932790049 0.023120369798704691 -0.014426494553670522 -0.013620858750641597 -0.046296888133210527 0.0060546158306191075 -0.0088158564021189999 0.0075694259010131316 0.037416908357824595 -0.0024483610865750202 0.011888716686148952 -0.0063705144559635836 0.020476761082044017 0.0048517871399720511 0.053360438802176051 -0.012056458782700992 0.00461999336630106 -0.024662179087260455 -0.046968261603006101 0.021543912978275962 0.038322980919231975 -0.046609547497196632 -0.018254211888692917 0.032925000661052764
leaf_weight=107 20 186 37 51 127 297 31 119 30 199 21 364 291 34 65 30 27 22 50 165 43 23 84 22 42 20
leaf_count=107 20 186 37 51 127 297 31 119 30 199 21 364 291 34 65 30 27 22 50 165 43 23 84 22 42 20
internal_value=-3.32796e-11 0.0123622 -0.0162019 0.0254543 -0.00972155 -0.0114848 -0.0167091 -0.00451897 0.00575388 0.00241545 0.01164 0.00109256 0.013607 0.0200085 0.0112565 0.0240199 0.0360432 -0.0253119 -0.0218683 -0.0178524 -0.035152 0.00714667 0.0325798 -0.0309503 -0.0286382 0.0210352
internal_weight=2507 1422 1085 477 634 574 328 246 945 603 342 563 312 315 99 216 162 451 280 215 65 60 135 171 149 40
internal_count=2507 1422 1085 477 634 574 328 246 945 603 342 563 312 315 99 216 162 451 280 215 65 60 135 171 149 40
is_linear=0
shrinkage=0.05


Tree=45
num_leaves=20
num_cat=0
split_feature=5 5 5 0 2 6 5 4 5 2 2 5 5 2 4 3 2 0 4
split_gain=182.253 40.1583 29.7545 9.44099 8.5126 7.4028 6.9091 7.14276 6.07529 6.21057 7.23303 5.632 5.57539 6.87891 6.37203 5.34914 4.91563 3.8597 2.93731
threshold=8.3754284461136379 5.1859912495524663 11.818075529365791 915.23395446433324 0.40612035175827738 3.5000000000000004 2.6269566017163291 0.80767834362342483 14.769772949314552 0.86478151837041006 3.9068198418746798 6.803260666552478 9.9462313173722752 0.88419578369373597 0.70333138714326882 13.054349565435061 3.9068198418746798 208.36697309150759 0.64252607733040068
decision_type=2 2 2 2 2 2 2 2 2 2 2 2 2 2 2 2 2 2 2
left_child=1 5 4 11 -2 6 18 -8 9 -4 -11 16 14 -14 -6 -13 -3 -10 -1
right_child=2 3 8 -5 12 -7 7 -9 17 10 -12 15 13 -15 -16 -17 -18 -19 -20
leaf_value=-0.016565688823660215 0.032878141009654756 -0.0038071722626918931 0.0018005294427275659 0.01915241771210463 0.01114183539315558 -0.049841270031933879 -0.02035624139402838 -0.0028195548548764137 0.061762146055698401 0.038959486661073961 0.021011695250247917 -0.0099121529451086619 -0.010474494748093465 0.015839218272932717 -0.0011044183471930799 0.0019072624640338284 -0.01570603755094762 0.032292979747056964 -0.032000830969583165
leaf_weight=39 39 150 25 39 216 23 300 72 20 92 144 146 27 310 209 278 206 25 147
leaf_count=39 39 150 25 39 216 23 300 72 20 92 144 146 27 310 209 278 206 25 147
internal_value=4.4516e-11 -0.0119878 0.0151607 -0.00485535 0.0100941 -0.022042 -0.0208962 -0.016962 0.0284233 0.025498 0.0280083 -0.00605574 0.00892803 0.013731 0.00511956 -0.00216263 -0.0106925 0.0453904 -0.0287644
internal_weight=2507 1400 1107 819 801 581 558 372 306 261 236 780 762 337 425 424 356 45 186
internal_count=2507 1400 1107 819 801 581 558 372 306 261 236 780 762 337 425 424 356 45 186
is_linear=0
shrinkage=0.05


Tree=46
num_leaves=23
num_cat=0
split_feature=5 5 5 0 5 2 3 6 5 4 0 4 3 4 4 4 5 4 3 2 0 3
split_gain=164.5 35.7747 27.3915 8.57647 7.17814 7.94225 7.84707 6.68103 6.41531 5.73148 11.2749 7.56054 5.42128 9.8868 5.22173 5.03608 4.93651 6.21369 4.47826 4.43636 3.58095 2.3344
threshold=8.343512795002793 5.1859912495524663 12.521800397910384 915.23395446433324 10.072574976659729 0.6778512691778833 7.2555281205912712 3.5000000000000004 4.1054697593038627 0.75659753601378787 87.948367449212114 0.71511179649221757 30.350140319337708 0.55593447761063974 0.85480124995162277 0.67104739371204281 6.803260666552478 0.83629421467631471 6.2963789137123971 3.9068198418746798 342.89277501268896 57.645608615356011
decision_type=2 2 2 2 2 2 2 2 2 2 2 2 2 2 2 2 2 2 2 2 2 2
left_child=1 7 4 16 5 -2 -7 8 20 11 -11 -6 13 -4 -10 -14 19 -18 -15 -3 -1 -17
right_child=2 3 12 -5 9 6 -8 -9 14 10 -12 -13 15 18 -16 21 17 -19 -20 -21 -22 -23
leaf_value=-0.020387839346795975 0.028430533368845247 -0.0036168134748780483 0.0044847960499199953 0.018194797262549401 0.014259029344807808 0.017571109656788663 0.00094841533952831668 -0.047349207694439788 -0.015426379140610706 -0.0032486489070031573 0.029065600138527294 -0.0092331070543789275 0.037965478641369073 0.05543418359514829 0.011474606450647115 0.001900708384346217 -0.0043190889323380796 0.014987073556341707 0.034770660259657436 -0.014920735893459106 -0.031078475800494099 0.023676267210394147
leaf_weight=237 37 150 22 39 208 89 351 23 184 34 131 41 24 37 20 32 368 47 90 206 117 20
leaf_count=237 37 150 22 39 208 89 351 23 184 34 131 41 24 37 20 32 368 47 90 206 117 20
internal_value=-7.26531e-12 -0.0114721 0.014299 -0.00468102 0.0103626 0.00618166 0.00431073 -0.0209399 -0.0198514 0.0151799 0.0224069 0.0103908 0.0298872 0.0354301 -0.012789 0.01902 -0.00583817 -0.00213261 0.0407907 -0.0101578 -0.0239212 0.0102759
internal_weight=2507 1391 1116 810 891 477 440 581 558 414 165 249 225 149 204 76 771 415 127 356 354 52
internal_count=2507 1391 1116 810 891 477 440 581 558 414 165 249 225 149 204 76 771 415 127 356 354 52
is_linear=0
shrinkage=0.05


Tree=47
num_leaves=23
num_cat=0
split_feature=5 5 5 6 5 3 5 3 3 3 3 2 0 0 3 3 0 0 5 2 4 3
split_gain=148.474 32.7587 24.4391 9.13076 7.99434 7.62467 6.30499 10.7534 7.09115 6.63166 9.04518 5.1717 10.4011 9.46961 8.79835 10.4326 5.08009 7.80975 5.46609 3.31734 2.62934 2.29195
threshold=8.3754284461136379 5.6432451589969341 12.521800397910384 3.5000000000000004 4.1054697593038627 21.409907181721952 10.273251576745992 73.577748048797034 62.612180200568908 84.726544167747932 57.645608615356011 7.449391461365467 387.63014413099887 311.78568720723757 2.2920067955714614 14.869160216931109 734.14363300150001 525.25274062189931 14.563266430733377 9.4386879384685294 0.67104739371204281 21.952716578834892
decision_type=2 2 2 2 2 2 2 2 2 2 2 2 2 2 2 2 2 2 2 2 2 2
left_child=1 3 6 4 19 -6 7 8 -2 10 -8 14 13 -13 20 -16 17 18 -4 -1 -3 -14
right_child=2 11 16 -5 5 -7 9 -9 -10 -11 -12 12 21 -15 15 -17 -18 -19 -20 -21 -22 -23
leaf_value=-0.023909544424728275 0.0069782654674672888 0.0031433657319708307 0.022776054865613151 -0.049075769232149472 -0.0038967184311190211 -0.020049472650338851 0.016277785530003409 -0.021204357448203322 0.03602605181354606 0.042287973491918478 -0.0093190069477527577 0.0032528088679917308 0.013577455691993237 -0.034499979335814716 -0.017290557770110255 -0.0024340243078768255 0.0061276197433471685 0.060585378557443614 0.043014554010534833 -0.0029453368019312625 0.027321583648090775 0.036964266836135226
leaf_weight=334 467 22 138 24 154 139 300 33 22 21 39 98 20 20 180 344 23 20 44 20 23 22
leaf_count=334 467 22 138 24 154 139 300 33 22 21 39 98 20 20 180 344 23 20 44 20 23 22
internal_value=-2.96169e-11 -0.01082 0.0136838 -0.0187921 -0.0176687 -0.0115596 0.00993154 0.00642084 0.00828512 0.0150221 0.013333 -0.00348219 0.00445962 -0.00314597 -0.00571539 -0.00753741 0.0283928 0.0309279 0.0276689 -0.0227251 0.0155011 0.0258277
internal_weight=2507 1400 1107 671 647 293 882 522 489 360 339 729 160 118 569 524 225 202 182 354 45 42
internal_count=2507 1400 1107 671 647 293 882 522 489 360 339 729 160 118 569 524 225 202 182 354 45 42
is_linear=0
shrinkage=0.05


Tree=48
num_leaves=25
num_cat=0
split_feature=5 5 5 5 3 4 3 3 4 2 3 4 4 3 0 5 2 2 3 2 2 2 0 3
split_gain=134.586 32.8518 16.9236 7.78897 8.05326 6.96888 6.41777 6.39613 8.16414 8.19661 6.57849 6.10034 10.8155 7.71194 5.01479 8.10759 3.44328 3.72511 3.29871 3.27731 11.0454 9.38143 5.90733 5.55286
threshold=7.3064629603057316 10.751654432847786 4.5235436176664692 13.610194917761433 1.9174229811782777 0.86794208486729274 3.6119663912476936 2.9108000245163965 0.51711937928953 2.3766157423842698 15.159588531050302 0.7789759691994248 0.80411071249207744 10.808975952256731 117.28386621321357 9.5163875847085304 2.1809866902911628 5.1809333475320463 1.9174229811782777 8.3910335490381112 7.6134103010734053 8.951958176047528 355.4258226286679 16.073549144064611
decision_type=2 2 2 2 2 2 2 2 2 2 2 2 2 2 2 2 2 2 2 2 2 2 2 2
left_child=2 5 19 4 -3 11 -6 18 9 -9 -10 13 -13 -2 -7 -16 -5 -18 -4 20 22 -21 -1 -23
right_child=1 3 7 16 6 14 -8 8 10 -11 -12 12 -14 -15 15 -17 17 -19 -20 21 -22 23 -24 -25
leaf_value=-0.016614446157203897 -0.0024578025122741014 0.046009201677921024 -0.0010653253787985216 0.048893600046634678 -0.010063599094586529 -0.0018777799382805823 0.017272403126369136 0.031606157966466118 -0.02019372838907239 -0.0051311185925590752 -0.0079365284055333898 -0.022596420085906649 0.0031911913781454242 0.0092463657350493559 0.0095251582426632338 0.043410302919425797 0.016744024725630881 0.037942979068950167 0.023514336241143092 -0.054486269919345014 0.0098259487076692523 0.0021072301836240859 -0.030406259579072961 -0.031905191378401858
leaf_weight=227 205 23 39 25 23 25 323 22 161 49 342 58 136 449 41 31 40 43 21 26 31 21 118 28
leaf_count=227 205 23 39 25 23 25 323 22 161 49 342 58 136 449 41 31 40 43 21 26 31 21 118 28
internal_value=-3.5375e-11 0.0101195 -0.0132626 0.0208163 0.0173597 0.00472009 0.0154553 -0.00799577 -0.00961946 0.00625226 -0.0118598 0.0032679 -0.00451851 0.00557763 0.0174155 0.0241146 0.0326264 0.0277266 0.00753756 -0.0206664 -0.0187628 -0.0302098 -0.0213316 -0.0173284
internal_weight=2507 1422 1085 477 369 945 346 634 574 71 503 848 194 654 97 72 108 83 60 451 376 75 345 49
internal_count=2507 1422 1085 477 369 945 346 634 574 71 503 848 194 654 97 72 108 83 60 451 376 75 345 49
is_linear=0
shrinkage=0.05


Tree=49
num_leaves=22
num_cat=0
split_feature=5 5 5 6 2 5 2 3 2 3 5 3 0 0 6 5 3 6 5 2 2
split_gain=121.855 26.4369 20.4609 8.2869 7.35443 6.87812 5.34442 9.10738 6.65944 5.107 5.34968 5.08085 4.94561 4.54054 4.37402 4.19579 6.39524 5.19405 3.04353 2.99872 2.95369
threshold=8.343512795002793 5.7410896727934286 11.818075529365791 3.5000000000000004 0.40612035175827738 4.1054697593038627 0.65142504698881787 19.217392852726586 0.92093400793189184 37.045115156517404 14.019787468295872 72.058511337031248 499.3771372862401 915.23395446433324 1.5000000000000002 9.3227777624059538 6.3949152581820607 1.0000000180025095e-35 12.818305385326523 2.2642213221532459 9.4386879384685294
decision_type=2 2 2 2 2 2 2 2 2 2 2 2 2 2 2 2 2 2 2 2 2
left_child=1 3 4 5 -2 20 7 -3 -8 10 14 18 -7 -10 -4 16 -6 -17 -11 -12 -1
right_child=2 6 9 -5 15 12 8 -9 13 11 19 -13 -14 -15 -16 17 -18 -19 -20 -21 -22
leaf_value=-0.021664865614363957 0.029329085942262259 -0.00052868642689039315 0.028764629496468436 -0.045677416750307509 0.018841933769484363 -0.0075033736865586361 0.026615563286468386 -0.042882870307022876 -0.0036443740842855353 -0.0078621639225345385 0.054350966960191732 0.031844304025173187 -0.024137704438719626 0.016289523827532928 0.011156795250556979 0.0010340674494903896 -0.0011932969316203372 0.012878666796772551 0.01486306374837809 0.031964356337602327 -0.0018830590695142748
leaf_weight=334 39 30 90 24 48 259 20 22 598 26 21 25 54 30 58 124 234 365 34 52 20
leaf_count=334 39 30 90 24 48 259 20 22 598 26 21 25 54 30 58 124 234 365 34 52 20
internal_value=-1.12677e-11 -0.00987377 0.0123068 -0.0168116 0.00814562 -0.0157729 -0.00302517 -0.0184478 -0.00178756 0.0233218 0.0273277 0.0129063 -0.0103732 -0.00269212 0.0218643 0.00707408 0.00221696 0.00987513 0.00501547 0.0384043 -0.0205472
internal_weight=2507 1391 1116 691 810 667 700 52 648 306 221 85 313 628 148 771 282 489 60 73 354
internal_count=2507 1391 1116 691 810 667 700 52 648 306 221 85 313 628 148 771 282 489 60 73 354
is_linear=0
shrinkage=0.05


Tree=50
num_leaves=25
num_cat=0
split_feature=5 5 5 5 4 2 4 3 0 3 0 4 6 4 4 4 4 4 4 4 5 4 4 3
split_gain=110.262 24.9908 15.6426 5.29786 6.04643 5.10925 5.09873 7.63734 5.57782 5.20605 9.25971 5.99658 4.39284 7.41661 10.5871 4.44406 9.51436 4.06199 6.86888 5.73907 8.14944 6.88981 5.38186 4.24532
threshold=7.509099954578228 11.203061302847718 4.8801453596684512 15.706136074687697 0.51296265381352246 0.86478151837041006 0.86794208486729274 5.8051585751236869 355.4258226286679 24.375696358411762 84.265257508040179 0.47132243028661247 2.5000000000000004 0.87038507796812647 0.79127216897844022 0.64811180404861579 0.75277915611133139 0.72631447807098148 0.80767834362342483 0.55851399290513259 4.2361324431224485 0.50038908177460273 0.82151047062973259 3.9414484320852679
decision_type=2 2 2 2 2 2 2 2 2 2 2 2 2 2 2 2 2 2 2 2 2 2 2 2
left_child=2 6 17 4 -3 -6 9 -8 -9 11 -11 -2 13 14 -4 -14 -17 19 23 21 -21 -1 -20 -19
right_child=1 3 12 -5 5 -7 7 8 -10 10 -12 -13 15 -15 -16 16 -18 18 22 20 -22 -23 -24 -25
leaf_value=-0.01160460481993281 0.024178225509822369 -0.0038422813505998681 -0.0059157218928227112 0.041441045466948441 0.0018871283049092574 0.022285686337383159 0.043364931363612413 0.0012852384575775691 0.029611288618373994 0.021584716618790762 0.0037075324198947504 -0.00099729984725034182 0.020791644074155818 0.015224798487950908 -0.02490018883908398 -0.027487126718430472 0.013887557226839957 -0.0070068572508171197 0.011180169060826303 -0.014361900536820663 0.010979403629032679 -0.039613845432177192 -0.017647291566519178 -0.031611859341952167
leaf_weight=52 25 28 420 27 34 316 20 63 24 97 286 439 28 33 89 24 33 20 20 121 43 38 85 142
leaf_count=52 25 28 420 27 34 316 20 63 24 97 286 439 28 33 89 24 33 20 20 121 43 38 85 142
internal_value=-2.75598e-11 0.00963754 -0.0114089 0.0200439 0.0185155 0.0203041 0.00521976 0.0155041 0.00909932 0.00392056 0.00823517 0.00035914 -0.00608858 -0.00774594 -0.00923521 0.00447958 -0.00353336 -0.0178117 -0.0221177 -0.0132852 -0.00771753 -0.0234307 -0.0121563 -0.0285742
internal_weight=2507 1359 1148 405 378 350 954 107 87 847 383 464 627 542 509 85 57 521 267 254 164 90 105 162
internal_count=2507 1359 1148 405 378 350 954 107 87 847 383 464 627 542 509 85 57 521 267 254 164 90 105 162
is_linear=0
shrinkage=0.05


Tree=51
num_leaves=22
num_cat=0
split_feature=5 5 5 6 2 5 4 2 3 2 3 5 3 2 3 5 5 3 2 5 4
split_gain=100.167 21.8106 16.5299 7.4078 6.67203 5.87065 6.11357 4.80161 8.24817 5.96837 4.58686 4.58332 4.52573 4.31509 4.03354 3.55732 6.00017 4.7918 2.78223 2.73655 2.5157
threshold=8.3754284461136379 5.7410896727934286 11.818075529365791 3.5000000000000004 0.40612035175827738 2.6269566017163291 0.46620632038193455 0.65142504698881787 19.217392852726586 0.92093400793189184 37.045115156517404 14.019787468295872 72.058511337031248 7.449391461365467 17.066906801086926 9.3227777624059538 9.1086541839255322 3.488660187308247 2.2642213221532459 12.818305385326523 0.64252607733040068
decision_type=2 2 2 2 2 2 2 2 2 2 2 2 2 2 2 2 2 2 2 2 2
left_child=1 3 4 5 -2 20 -7 8 -3 -9 11 14 19 -11 -4 16 -6 -17 -13 -12 -1
right_child=2 7 10 -5 15 6 -8 9 -10 13 12 18 -14 -15 -16 17 -18 -19 -20 -21 -22
leaf_value=-0.010480747256242933 0.027634075866677821 -0.0002990946996336182 0.013143444980044714 -0.042500577921358251 0.0057084948537048218 0.012271345234834231 -0.012657229958695698 0.025326381362974645 -0.040605907650156453 -0.004746595244002466 -0.0084043926093727347 0.05053393379563377 0.029127384960651398 0.0048439903656441359 0.03000209793385308 -0.0050646767809262713 -0.012413237943988423 0.010727151914060802 0.028970565428384221 0.013144297471872585 -0.024765250418290852
leaf_weight=39 39 30 89 24 215 26 455 20 22 482 26 21 25 155 59 54 58 435 52 34 147
leaf_count=39 39 30 89 24 215 26 455 20 22 482 26 21 25 155 59 54 58 435 52 34 147
internal_value=-2.03825e-11 -0.00888718 0.0112394 -0.0152087 0.00746305 -0.0142267 -0.0113097 -0.00272612 -0.017352 -0.00156851 0.0211247 0.0249211 0.0112538 -0.00241294 0.0198641 0.00643068 0.00185846 0.00898327 0.0351737 0.00380653 -0.0217701
internal_weight=2507 1400 1107 691 801 667 481 709 52 657 306 221 85 637 148 762 273 489 73 60 186
internal_count=2507 1400 1107 691 801 667 481 709 52 657 306 221 85 637 148 762 273 489 73 60 186
is_linear=0
shrinkage=0.05


Tree=52
num_leaves=23
num_cat=0
split_feature=5 5 5 5 4 4 4 2 2 2 5 5 3 0 0 0 6 2 3 3 3 3
split_gain=90.4466 22.3087 11.1678 6.49935 5.75183 10.7032 12.053 8.36544 5.71011 7.07412 4.32675 8.02473 6.03351 3.59693 10.5613 6.1471 3.09222 4.78047 7.71833 3.52541 9.82601 5.38111
threshold=7.3064629603057316 10.273251576745992 4.0133248893264648 13.004531195558952 0.40010817179983488 0.56477670938230851 0.61408228822447442 6.954135213297195 9.3405104532953178 7.7310841873796381 7.1639199325367491 7.0629532632435934 1.2071989534618122 95.303847166873894 145.91249897233345 49.454068397365567 1.0000000180025095e-35 3.4149640625964817 10.808975952256731 6.7315957398374389 4.3374970575965355 14.449475100674574
decision_type=2 2 2 2 2 2 2 2 2 2 2 2 2 2 2 2 2 2 2 2 2 2
left_child=2 4 16 8 -2 7 -7 -6 9 -3 11 12 -4 15 -15 -5 17 -1 -19 20 -18 -21
right_child=1 3 10 13 5 6 -8 -9 -10 -11 -12 -13 -14 14 -16 -17 19 18 -20 21 -22 -23
leaf_value=0.010462189194830981 0.02889724857218209 0.013975562117597524 0.01709123943001032 0.019705979821558757 -0.021617155608947617 0.021906913897361269 0.0021406502950972375 0.0096835845957199736 0.034344626218080522 -0.0039608216604612992 -0.024187947773478099 0.019810865054439224 -0.008447104576270301 -0.011613872867416252 0.026909564720887333 0.056077182470333012 -0.016576496932631066 0.0072997948243504474 -0.0306522364048539 -0.0026390714878018235 -0.059874294549226763 -0.02168285052334382
leaf_weight=22 21 329 24 26 74 88 624 30 28 66 36 28 636 22 93 21 38 21 37 47 20 176
leaf_count=22 21 329 24 26 74 88 624 30 28 66 36 28 636 22 93 21 38 21 37 47 20 176
internal_value=-2.71297e-11 0.00829572 -0.0108724 0.0157868 0.00306004 0.00239511 0.00458367 -0.0125881 0.0125253 0.0109786 -0.00729037 -0.0064062 -0.00751844 0.0243028 0.0195399 0.0359569 -0.0180562 -0.00938336 -0.016911 -0.0205253 -0.0315068 -0.0176691
internal_weight=2507 1422 1085 585 837 816 712 104 423 395 724 688 660 162 115 47 361 80 58 281 58 223
internal_count=2507 1422 1085 585 837 816 712 104 423 395 724 688 660 162 115 47 361 80 58 281 58 223
is_linear=0
shrinkage=0.05


Tree=53
num_leaves=21
num_cat=0
split_feature=5 5 5 6 2 5 4 2 3 2 0 0 4 3 2 2 3 2 2 2
split_gain=82.3901 17.6856 13.694 6.62447 5.99387 4.91805 5.51434 4.27689 7.38975 6.05655 11.548 10.3966 4.22659 6.23414 9.59959 7.40816 3.42223 7.49666 5.73876 2.59491
threshold=8.343512795002793 5.7410896727934286 11.818075529365791 3.5000000000000004 0.40612035175827738 2.6269566017163291 0.46620632038193455 0.65142504698881787 19.217392852726586 3.8758214872581305 285.24127310466923 383.70078430688699 0.51296265381352246 5.3072692813876605 3.67281161926948 0.86478151837041006 72.058511337031248 2.7783881860438302 1.7377645754565398 2.8852288461429203
decision_type=2 2 2 2 2 2 2 2 2 2 2 2 2 2 2 2 2 2 2 2
left_child=1 3 4 5 -2 19 -7 8 -3 10 -9 -11 -4 14 -14 -15 18 -18 -6 -1
right_child=2 7 12 -5 16 6 -8 9 -10 11 -12 -13 13 15 -16 -17 17 -19 -20 -21
leaf_value=-0.028542431425865229 0.02583919531450822 -0.00017284063622355461 -0.0010121521074324847 -0.039601990316684051 -0.0046440028514552981 0.012200695304916456 -0.011474674667902087 0.013329903353375711 -0.038324600253889174 -0.0098679276079595389 -0.0092188405146781394 0.0084046751999163199 0.062610761431001485 -0.0095038116626117546 0.017890362973724091 0.020386435569130949 0.018574470388037816 -0.018317265566438437 0.0085018409569656752 -0.01579365438410605
leaf_weight=58 39 30 24 24 96 26 455 151 22 301 91 105 21 23 28 210 21 40 614 128
leaf_count=58 39 30 24 24 96 26 455 151 22 301 91 105 21 23 28 210 21 40 614 128
internal_value=-6.37336e-12 -0.00811893 0.0101196 -0.0137934 0.00671532 -0.0128648 -0.0101949 -0.0025174 -0.016314 -0.00141027 0.00485083 -0.00514225 0.0191308 0.0208451 0.0370562 0.0174359 0.00574796 -0.00561683 0.00672437 -0.0197691
internal_weight=2507 1391 1116 691 810 667 481 700 52 648 242 406 306 282 49 233 771 61 710 186
internal_count=2507 1391 1116 691 810 667 481 700 52 648 242 406 306 282 49 233 771 61 710 186
is_linear=0
shrinkage=0.05


Tree=54
num_leaves=27
num_cat=0
split_feature=5 5 5 2 0 3 3 5 4 5 3 6 2 2 3 2 5 0 2 2 4 0 2 6 0 5
split_gain=74.3914 14.1274 13.7463 4.14589 8.42129 3.99214 4.04339 3.98076 5.05572 3.63743 5.95902 4.7036 3.59481 16.1721 9.12497 8.61286 6.55437 4.14135 3.34185 10.8892 11.1861 7.55485 7.49261 7.00498 2.62873 2.37722
threshold=7.9646844194763373 11.818075529365791 4.8801453596684512 0.40612035175827738 106.74890755379234 37.045115156517404 72.058511337031248 14.563266430733377 0.54322393830653126 9.3227777624059538 2.5112568494613723 1.0000000180025095e-35 8.3910335490381112 8.951958176047528 16.073549144064611 7.4212212534314324 3.0112231343860798 234.21185303041463 3.8758214872581305 2.5800266257251296 0.51711937928953 193.87964297389348 4.225870095512736 1.5000000000000002 218.12200288073771 12.818305385326523
decision_type=2 2 2 2 2 2 2 2 2 2 2 2 2 2 2 2 2 2 2 2 2 2 2 2 2 2
left_child=2 3 12 4 -2 7 25 8 -3 10 -5 -11 15 -14 -15 17 -17 -1 19 20 -4 -21 -20 -24 -9 -7
right_child=1 5 18 9 -6 6 -8 24 -10 11 -12 -13 13 14 -16 16 -18 -19 22 21 -22 -23 23 -25 -26 -27
leaf_value=-0.010412955948533672 -0.0021666803707679114 -0.0052666903287172315 0.024734588722931224 0.022671069862941901 0.041627072056998379 -0.0094547345105988473 0.025859811812639241 0.048022727497542904 0.021415892691068542 -0.00057819363090299799 -0.0005591090084551538 0.010693321721468835 -0.051625217785212132 0.012773096109075205 -0.026604737643332734 -0.0097388914571358617 0.027342681434344165 -0.020873411211983436 -0.034738353283508966 0.02540505902309503 -0.010800681220002703 -0.00080623141990077715 -0.010180323542890085 0.0033664974954207335 0.023290887068618427 0.010629431277886719
leaf_weight=206 21 20 25 30 23 26 25 21 158 124 346 365 33 28 31 26 22 175 23 56 194 54 272 147 22 34
leaf_count=206 21 20 25 30 23 26 25 21 158 124 346 365 33 28 31 26 22 175 23 56 194 54 272 147 22 34
internal_value=-1.72394e-12 0.00888173 -0.0083524 0.00575354 0.0207255 0.0181743 0.00896556 0.0217161 0.0184178 0.00499196 0.00129436 0.00783511 -0.0146263 -0.0235949 -0.00791695 -0.012703 0.00725683 -0.0152176 -0.00411281 -0.000297327 -0.00674414 0.0125377 -0.00695284 -0.00542762 0.0353692 0.00192629
internal_weight=2507 1215 1292 909 44 306 85 221 178 865 376 489 521 92 59 429 48 381 771 329 219 110 442 419 43 60
internal_count=2507 1215 1292 909 44 306 85 221 178 865 376 489 521 92 59 429 48 381 771 329 219 110 442 419 43 60
is_linear=0
shrinkage=0.05


Tree=55
num_leaves=23
num_cat=0
split_feature=5 5 5 4 4 3 3 4 0 4 4 4 2 5 5 2 6 2 3 3 3 3
split_gain=67.3708 16.7899 8.2316 5.66668 14.1302 10.294 16.2338 7.13405 6.57167 5.02116 9.64557 10.9789 7.50665 4.15445 7.01354 5.47796 2.7318 4.45629 6.79666 3.20644 8.74946 4.68618
threshold=7.3064629603057316 10.273251576745992 4.0133248893264648 0.74982313132037259 0.71511179649221757 29.100527119277732 17.066906801086926 0.81223527759563441 554.18634850842375 0.40010817179983488 0.56477670938230851 0.61408228822447442 6.954135213297195 7.1639199325367491 7.0629532632435934 5.8517665200353361 1.0000000180025095e-35 3.4149640625964817 10.808975952256731 6.7315957398374389 4.3374970575965355 14.449475100674574
decision_type=2 2 2 2 2 2 2 2 2 2 2 2 2 2 2 2 2 2 2 2 2 2
left_child=2 9 16 4 8 6 -5 -7 -3 -2 12 -12 -11 14 15 -4 17 -1 -19 20 -18 -21
right_child=1 3 13 5 -6 7 -8 -9 -10 10 11 -13 -14 -15 -16 -17 19 18 -20 21 -22 -23
leaf_value=0.011761515485969458 0.026757969783752097 0.0092656821257528325 -0.0099702610189314547 0.015873157141196696 -0.021934052816394604 -0.01809077076613903 0.048188599439371115 0.013442221099615726 0.030166294011804796 -0.020780448691063637 0.020607214713130484 0.0017422914123296955 0.0088701435147474205 -0.022865934168092079 0.019067843897002085 -0.00053378108807278376 -0.014256035379673305 0.0080520832467646831 -0.027561957293466943 -0.0011218843872639094 -0.055113159790635115 -0.018893488280446038
leaf_weight=22 21 229 416 127 33 24 56 71 45 74 88 624 30 36 28 244 38 21 37 47 20 176
leaf_count=22 21 229 416 127 33 24 56 71 45 74 88 624 30 36 28 244 38 21 37 47 20 176
internal_value=3.12469e-11 0.00715968 -0.00938347 0.0136584 0.00897557 0.0188298 0.025762 0.00547599 0.0126983 0.00261755 0.00199629 0.00407391 -0.0122274 -0.00630821 -0.00544182 -0.00648162 -0.015551 -0.00739932 -0.0146672 -0.0178718 -0.0283447 -0.0151479
internal_weight=2507 1422 1085 585 307 278 183 95 274 837 816 712 104 724 688 660 361 80 58 281 58 223
internal_count=2507 1422 1085 585 307 278 183 95 274 837 816 712 104 724 688 660 361 80 58 281 58 223
is_linear=0
shrinkage=0.05


Tree=56
num_leaves=20
num_cat=0
split_feature=5 5 5 6 0 0 3 0 2 0 2 4 2 0 2 2 0 3 0
split_gain=61.3276 13.6011 10.3397 5.90723 4.83577 8.03941 7.57843 5.80189 4.47504 5.90411 7.29681 4.29357 4.09874 8.83308 8.5413 6.91386 6.55808 3.86828 1.97819
threshold=8.3754284461136379 5.7410896727934286 12.521800397910384 3.5000000000000004 1061.6282068696798 554.18634850842375 20.246293541068479 427.2219210415974 8.868849260124323 712.46558939837553 7.449391461365467 0.46620632038193455 7.449391461365467 387.63014413099887 6.9263763615011529 8.4178210411525978 474.55128720006724 97.922762357459519 559.73579816983636
decision_type=2 2 2 2 2 2 2 2 2 2 2 2 2 2 2 2 2 2 2
left_child=1 3 4 11 5 7 -7 -2 9 10 -4 -1 14 15 16 -14 -3 -13 -15
right_child=2 12 8 -5 -6 6 -8 -9 -10 -11 -12 17 13 18 -16 -17 -18 -19 -20
leaf_value=0.0065144182041738975 0.0064313018238865765 -0.0053048108090498758 0.023170893544673766 -0.036317350746442871 -0.017951800227165221 0.0049283017282900606 0.03220939683940327 -0.0096485856302143611 0.040937479399144654 -0.0077100368135649237 -0.0059129905998706817 -0.012707141662839963 0.012287472597114286 0.036456346556660718 -0.028767795121353686 -0.012504400063136762 0.0088326122447410053 0.0091168363179479333 0.014217899516224861
leaf_weight=33 698 419 157 24 20 46 57 61 20 23 25 613 49 20 33 66 102 21 20
leaf_count=33 698 419 157 24 20 46 57 61 20 23 25 613 49 20 33 66 102 21 20
internal_value=-1.23984e-11 -0.00695394 0.0087945 -0.011946 0.00635384 0.00691778 0.0200256 0.00513898 0.0183619 0.0161594 0.0191759 -0.011069 -0.00208864 0.00509858 -0.00409951 -0.00194091 -0.00253702 -0.0119843 0.0253371
internal_weight=2507 1400 1107 691 882 862 103 759 225 205 182 667 709 155 554 115 521 634 40
internal_count=2507 1400 1107 691 882 862 103 759 225 205 182 667 709 155 554 115 521 634 40
is_linear=0
shrinkage=0.05


Tree=57
num_leaves=18
num_cat=0
split_feature=5 5 3 5 3 6 4 4 4 4 2 4 4 6 5 2 2
split_gain=55.5831 14.8732 9.2599 9.19885 6.58388 4.54601 6.69671 6.68756 8.17623 7.63496 4.40363 4.19433 4.39256 4.00256 4.09991 5.31843 2.47747
threshold=8.8541399043183109 6.0629473533278864 0.61616762888670384 13.004531195558952 1.7829708330811087 3.5000000000000004 0.73064212309666476 0.70333138714326882 0.71192209913053361 0.65368615914788442 9.5694021142326218 0.87261269648373907 0.83629421467631471 3.5000000000000004 2.6269566017163291 0.65142504698881787 2.8852288461429203
decision_type=2 2 2 2 2 2 2 2 2 2 2 2 2 2 2 2 2
left_child=1 13 -2 4 -4 7 -7 9 -9 -3 -6 12 -5 14 16 -16 -1
right_child=2 5 3 11 10 6 -8 8 -10 -11 -12 -13 -14 -15 15 -17 -18
leaf_value=-0.025121495946599494 -0.022713475149463525 -0.0018240085909651085 0.032184729635439537 0.021368697223871358 0.0062474969666963254 -0.0050122078685533441 0.034918415901206791 -0.037214059991362902 -0.0050320922745435738 0.013864961250564429 0.024654445719138229 0.0059546002825456006 0.047016253245528793 -0.028484524449994487 0.0098403119505980075 -0.009323559544717152 -0.012664547064014188
leaf_weight=58 22 275 27 101 733 21 21 21 328 108 34 35 20 31 39 505 128
leaf_count=58 22 275 27 101 733 21 21 21 328 108 34 35 20 31 39 505 128
internal_value=6.63166e-12 -0.00592439 0.0093559 0.0100986 0.0079177 -0.00104416 0.0149531 -0.00196203 -0.00696854 0.00260004 0.00706345 0.0211986 0.025608 -0.010888 -0.0101407 -0.00794968 -0.016549
internal_weight=2507 1535 972 950 794 774 42 732 349 383 767 156 121 761 730 544 186
internal_count=2507 1535 972 950 794 774 42 732 349 383 767 156 121 761 730 544 186
is_linear=0
shrinkage=0.05


Tree=58
num_leaves=17
num_cat=0
split_feature=5 5 3 5 3 6 4 4 0 4 4 0 4 5 4 4
split_gain=50.1638 13.4414 8.35706 8.30196 5.94195 4.93607 4.09984 3.86664 3.91207 3.78538 3.96429 3.49926 6.19389 6.76738 6.16078 6.07019
threshold=8.8541399043183109 5.7410896727934286 0.61616762888670384 13.004531195558952 1.7829708330811087 3.5000000000000004 0.90281170354372964 0.46620632038193455 554.18634850842375 0.87261269648373907 0.83629421467631471 461.3562143594857 0.58288087484502682 7.8568661763538241 0.89489083164337191 0.70333138714326882
decision_type=2 2 2 2 2 2 2 2 2 2 2 2 2 2 2 2
left_child=1 5 -2 4 -4 7 -6 -1 -9 10 -5 14 -13 -14 15 -3
right_child=2 11 3 9 6 -7 -8 8 -10 -11 -12 12 13 -15 -16 -17
leaf_value=0.0066888600982951399 -0.021577801386063751 0.00038381532473223548 0.030575492502086694 0.020300262129524412 0.0056745066203695111 -0.033077256412555774 0.019611990300677062 -0.012421962601025623 -0.00095156249996318032 0.0056568704731762417 0.04466544093564153 -0.014071958651766182 0.0022037839496968892 0.026190674284927898 0.018759708118534859 -0.0093707660922282797
leaf_weight=33 22 350 27 101 710 24 57 548 86 35 20 34 93 43 31 293
leaf_count=33 22 350 27 101 710 24 57 548 86 35 20 34 93 43 31 293
internal_value=3.25987e-11 -0.00562817 0.0088881 0.00959363 0.00752182 -0.0107991 0.00671028 -0.00999751 -0.010866 0.0201386 0.0243276 -0.0013946 0.00501591 0.00978787 -0.0030115 -0.00406112
internal_weight=2507 1535 972 950 794 691 767 667 634 156 121 844 170 136 674 643
internal_count=2507 1535 972 950 794 691 767 667 634 156 121 844 170 136 674 643
is_linear=0
shrinkage=0.05


Tree=59
num_leaves=21
num_cat=0
split_feature=5 5 5 3 3 3 4 4 4 4 2 5 5 2 0 4 5 0 5 0
split_gain=45.3618 11.8931 5.99109 5.15644 9.28422 11.1261 6.46106 4.40181 8.67659 10.012 6.66324 4.03409 6.0203 6.23022 3.91945 6.36564 6.02783 5.68355 6.36959 5.28349
threshold=7.3064629603057316 10.273251576745992 3.9320787686524983 87.676842775781068 37.734040280285676 17.066906801086926 0.86356042797568622 0.40010817179983488 0.56477670938230851 0.61408228822447442 6.954135213297195 7.1639199325367491 7.0629532632435934 5.8517665200353361 65.250008639986206 0.61906891311353107 2.6269566017163291 241.78115994390433 2.005111939455825 554.18634850842375
decision_type=2 2 2 2 2 2 2 2 2 2 2 2 2 2 2 2 2 2 2 2
left_child=2 7 14 4 5 -3 -6 -2 10 -10 -9 12 13 -4 15 -1 -17 18 -16 -19
right_child=1 3 11 -5 6 -7 -8 8 9 -11 -12 -13 -14 -15 17 16 -18 19 -20 -21
leaf_value=-0.002819997639111851 0.024654714364026276 0.0080034413191465634 -0.0089458766454958531 0.03311087225492184 0.0043266222609773929 0.025035220593989094 -0.023272541673997275 -0.02007815367101717 0.019229447187601844 0.0012143518442313415 0.0078571258524122341 -0.021452318939069907 0.01842627274537725 0.0010315430588107631 -0.016194207429026181 -0.016247547049784945 -0.053698590821163218 -0.023267661312700444 0.0065160629734715555 -0.0036818218148112593
leaf_weight=23 21 269 421 26 115 149 26 74 88 624 30 36 28 249 52 21 22 106 76 51
leaf_count=23 21 269 421 26 115 149 26 74 88 624 30 36 28 249 52 21 22 106 76 51
internal_value=-3.49188e-11 0.00587494 -0.00769968 0.0113445 0.0103321 0.0140746 -0.000762585 0.00205212 0.00147044 0.00344094 -0.0120199 -0.00513039 -0.00428857 -0.00523785 -0.0130725 -0.0240519 -0.0354085 -0.0105299 -0.00270998 -0.0169054
internal_weight=2507 1422 1085 585 559 418 141 837 816 712 104 734 698 670 351 66 43 285 128 157
internal_count=2507 1422 1085 585 559 418 141 837 816 712 104 734 698 670 351 66 43 285 128 157
is_linear=0
shrinkage=0.05


Tree=60
num_leaves=21
num_cat=0
split_feature=5 5 3 3 4 3 5 3 3 0 2 2 5 4 4 2 5 5 0 4
split_gain=41.2752 11.164 7.49581 7.2171 10.4229 12.6053 6.46855 5.54414 10.4481 4.86331 6.09322 11.5787 4.39809 4.30821 9.28309 5.09318 4.77338 2.95408 1.4337 0.871441
threshold=8.8541399043183109 5.1859912495524663 0.61616762888670384 5.5343554138825599 0.69406945159339906 3.737324058987606 11.365379382885163 10.61088326033777 12.717841250146966 960.23375836537809 9.6917085813046473 9.4141960148504591 12.861171133242829 0.80767834362342483 0.79402660853462737 4.4266056439041135 2.6269566017163291 3.5791751772827758 1191.8594903222695 0.86059700965505537
decision_type=2 2 2 2 2 2 2 2 2 2 2 2 2 2 2 2 2 2 2 2
left_child=1 13 -2 4 6 -6 -4 12 -9 10 11 -3 -5 14 15 -1 19 -18 -11 -15
right_child=2 9 3 7 5 -7 -8 8 -10 18 -12 -13 -14 16 -16 -17 17 -19 -20 -21
leaf_value=-0.0049450221359168163 -0.02079107481562956 -0.0027678035177187794 -0.0086278668962992168 -0.0067587367672887122 0.016909273563780719 0.058751117327698957 0.026346698496490718 0.033868035134405665 0.0072105023279477867 0.024753425754606723 -0.028519492003728043 0.034804092427449571 0.016904356128846606 -0.0080440544725760166 -0.038725887460168452 -0.01584768696419156 0.021682479812408843 -0.00053685668211143759 0.0058213042840361594 -0.02196344001726671
leaf_weight=199 22 871 39 108 54 27 20 39 639 20 22 21 24 23 32 232 21 52 20 22
leaf_count=199 22 871 39 108 54 27 20 39 639 20 22 21 24 23 32 232 21 52 20 22
internal_value=2.35176e-11 -0.00510524 0.00806229 0.00873048 0.0192131 0.0308566 0.00322792 0.00691867 0.0087439 -0.00177757 -0.0025244 -0.00188326 -0.00245636 -0.0105693 -0.0127429 -0.0108137 -0.00204062 0.00585501 0.0152874 -0.0148491
internal_weight=2507 1535 972 950 140 81 59 810 678 954 914 892 132 581 463 431 118 73 40 45
internal_count=2507 1535 972 950 140 81 59 810 678 954 914 892 132 581 463 431 118 73 40 45
is_linear=0
shrinkage=0.05


Tree=61
num_leaves=26
num_cat=0
split_feature=5 5 4 4 4 3 3 2 2 3 4 0 3 3 4 4 2 3 3 2 2 4 3 4 3
split_gain=37.4224 11.6866 5.08167 8.73191 11.6549 9.3637 5.91211 4.78727 12.3055 12.0878 9.37497 8.80266 10.4797 7.13327 6.95875 5.6841 5.27556 5.18147 4.13491 3.90445 11.3731 11.6737 8.53323 6.75138 3.69516
threshold=6.803260666552478 10.751654432847786 0.86794208486729274 0.7789759691994248 0.80411071249207744 10.61088326033777 5.5343554138825599 3.9068198418746798 2.839949225154502 2.9108000245163965 0.7758276509351506 86.079701732778872 62.612180200568908 58.703270086181405 0.51452660818052709 0.75659753601378787 6.9263763615011529 36.186695495402439 42.847743521872431 3.8161644814568536 5.0603358896707844 0.51296265381352246 2.6142314958597823 0.57246892876857791 16.380525775325697
decision_type=2 2 2 2 2 2 2 2 2 2 2 2 2 2 2 2 2 2 2 2 2 2 2 2 2
left_child=7 2 3 5 -5 -2 -4 8 14 16 17 13 -13 -11 -1 -16 -9 -10 -8 22 24 -22 -3 -24 -21
right_child=1 19 6 4 -6 -7 18 9 10 11 -12 12 -14 -15 15 -17 -18 -19 -20 20 21 -23 23 -25 -26
leaf_value=0.013928698858756933 -0.005321150089337214 0.047445411458611489 0.036020878303263872 -0.025227984733989135 -0.00027325137207905454 0.0069038038084255461 0.00019718290521548345 -0.0045353754495198913 0.013216963357737531 -0.030844850003795356 -0.012519190099987169 -0.0066958149894393183 -0.034048361159287964 9.5843426559282386e-05 -0.017007172027643035 -0.0021985892575078956 0.02674236814491451 0.043701152224093681 0.025717488463435856 -0.029091672945524689 -0.023252444891702563 0.015972928512290274 0.036286425183492677 0.0093041173592011053 -0.0015789108386693096
leaf_weight=31 222 20 21 68 150 532 65 26 46 98 27 343 39 23 162 108 28 20 21 23 21 196 27 164 26
leaf_count=31 222 20 21 68 150 532 65 26 46 98 27 343 39 23 162 108 28 20 21 23 21 196 27 164 26
internal_value=2.88879e-11 0.00477578 0.00189468 0.000756212 -0.0080573 0.00330441 0.0122367 -0.007814 -0.00359603 -0.0107976 0.0123009 -0.013211 -0.00948835 -0.0249636 -0.00850771 -0.0110837 0.0116827 0.0224546 0.00642889 0.011293 0.00726403 0.0121769 0.0163721 0.0131184 -0.0144931
internal_weight=2507 1556 1079 972 218 754 107 951 394 557 93 503 382 121 301 270 54 66 86 477 266 217 211 191 49
internal_count=2507 1556 1079 972 218 754 107 951 394 557 93 503 382 121 301 270 54 66 86 477 266 217 211 191 49
is_linear=0
shrinkage=0.05


Tree=62
num_leaves=20
num_cat=0
split_feature=5 5 3 5 3 0 2 2 6 2 3 3 2 4 3 4 4 4 0
split_gain=34.1004 9.27084 6.82941 6.58961 5.08346 4.32059 5.50317 10.4156 3.98846 6.18741 12.18 7.14762 3.88289 3.39604 3.63897 3.36978 8.71316 6.51005 1.25323
threshold=8.8541399043183109 5.1859912495524663 0.61616762888670384 13.004531195558952 1.7829708330811087 960.23375836537809 9.6917085813046473 9.4141960148504591 1.0000000180025095e-35 4.4266056439041135 10.808975952256731 13.666914881918137 9.5694021142326218 0.88089796628188877 5.5343554138825599 0.80767834362342483 0.79127216897844022 0.87038507796812647 1191.8594903222695
decision_type=2 2 2 2 2 2 2 2 2 2 2 2 2 2 2 2 2 2 2
left_child=1 8 -2 4 -4 6 7 -3 9 11 -11 -1 -6 14 -5 16 -10 -17 -7
right_child=2 5 3 13 12 18 -8 -9 15 10 -12 -13 -14 -15 -16 17 -18 -19 -20
leaf_value=-0.011711221836183382 -0.020212805669077419 -0.0025414981518286132 0.027443456153074905 0.040522376997396352 0.0046032876467477085 0.023326922208070755 -0.027016272853043949 0.033093446901156787 -0.011784278608904721 0.01763309133045065 -0.02569991236086935 0.023971786736769397 0.02188765969784821 0.0022418467886745931 0.017269490876252642 0.0058503469866183072 -0.040395010667371341 -0.021563524948291932 0.0056264080107212072
leaf_weight=23 22 871 27 20 733 20 22 21 323 24 50 36 34 30 106 63 29 33 20
leaf_count=23 22 871 27 20 733 20 22 21 323 24 50 36 34 30 106 63 29 33 20
internal_value=-1.19666e-11 -0.00464036 0.00732814 0.00796593 0.00612011 -0.00160794 -0.00231186 -0.00170256 -0.00961958 -0.00201635 -0.011646 0.0100615 0.00536948 0.0173607 0.0209604 -0.0118768 -0.0141414 -0.00357317 0.0144767
internal_weight=2507 1535 972 950 794 954 914 892 581 133 74 59 767 156 126 448 352 96 40
internal_count=2507 1535 972 950 794 954 914 892 581 133 74 59 767 156 126 448 352 96 40
is_linear=0
shrinkage=0.05


Tree=63
num_leaves=21
num_cat=0
split_feature=5 5 2 3 2 5 0 5 5 5 2 0 4 5 0 5 0 0 0 5
split_gain=31.0667 8.50427 5.43599 6.2718 4.97154 4.38515 4.15902 4.03549 3.86242 4.90942 6.05749 3.37961 5.58033 5.44574 5.10076 5.57195 4.86561 3.11625 9.42852 4.11805
threshold=7.3064629603057316 11.203061302847718 9.5694021142326218 22.57845783513477 8.2996627137763443 3.9320787686524983 57.744873176794648 10.940814041672128 7.1639199325367491 7.0629532632435934 5.8517665200353361 65.250008639986206 0.61906891311353107 2.6269566017163291 241.78115994390433 2.005111939455825 554.18634850842375 837.00785302646011 539.37141145517865 15.706136074687697
decision_type=2 2 2 2 2 2 2 2 2 2 2 2 2 2 2 2 2 2 2 2
left_child=5 2 4 -4 7 11 -6 -2 9 10 -7 12 -1 -14 15 -13 -16 18 19 -3
right_child=1 17 3 -5 6 8 -8 -9 -10 -11 -12 14 13 -15 16 -17 -18 -19 -20 -21
leaf_value=-0.0012847870345348898 0.0038574195179669362 0.0081144965733342903 -0.00080188402736728844 0.035471555877190371 0.012225005162569386 -0.00786365268835903 -0.010514444872364213 -0.013736506387153092 -0.020144718404238426 0.017162214179656337 0.0019744877759591646 -0.013811175829659289 -0.013584664322081066 -0.049181509322740818 -0.020752894726498404 0.0074295817776338056 -0.0019575421403929152 -0.0051042552388805363 0.035462586132761757 0.031505321334116161
leaf_weight=23 787 318 22 26 24 421 124 34 36 28 249 52 21 22 106 76 51 28 39 20
leaf_count=23 787 318 22 26 24 421 124 34 36 28 249 52 21 22 106 76 51 28 39 20
internal_value=3.58696e-11 0.00486189 0.00242181 0.0188462 0.00160821 -0.00637199 -0.00682697 0.0031288 -0.00417387 -0.00335016 -0.00420739 -0.0109686 -0.021164 -0.031797 -0.00860763 -0.00119948 -0.0146474 0.0109892 0.0121845 0.00949857
internal_weight=2507 1422 1017 48 969 1085 148 821 734 698 670 351 66 43 285 128 157 405 377 338
internal_count=2507 1422 1017 48 969 1085 148 821 734 698 670 351 66 43 285 128 157 405 377 338
is_linear=0
shrinkage=0.05


Tree=64
num_leaves=18
num_cat=0
split_feature=5 5 3 3 5 0 3 4 2 4 2 2 2 3 5 0 2
split_gain=28.3053 6.41808 5.78063 8.27778 6.45903 3.5913 3.55415 4.18017 6.25394 4.67037 3.38902 13.9562 8.15446 7.56567 5.26011 3.54778 2.32645
threshold=8.343512795002793 4.8801453596684512 0.61616762888670384 1.571162881429383 14.158417887102191 1061.6282068696798 0.61616762888670384 0.87038507796812647 4.0977629600740491 0.77669834952708461 8.3910335490381112 8.951958176047528 7.4212212534314324 16.073549144064611 3.0112231343860798 234.21185303041463 1.8963356589465905
decision_type=2 2 2 2 2 2 2 2 2 2 2 2 2 2 2 2 2
left_child=1 10 -2 -4 5 -5 -3 9 -9 -8 12 -12 15 -13 -14 -1 -6
right_child=2 6 3 4 16 -7 7 8 -10 -11 11 13 14 -15 -16 -17 -18
leaf_value=-0.0052798987734719244 -0.019444565212523399 0.016449098408222198 0.032343431605647004 0.0051315953987256854 0.033788663060182619 -0.013034964885030474 -0.0015376071123895387 0.030530082572089591 -0.0041244799798975393 -0.010773131148148837 -0.043894963022885904 0.015548129273312434 -0.0030842367058190015 -0.020307711166359724 0.030135027996518394 -0.014961750764133676 0.014320849646454709
leaf_weight=206 22 25 30 958 21 28 616 23 30 176 33 28 26 31 22 175 57
leaf_count=206 22 25 30 958 21 28 616 23 30 176 33 28 26 31 22 175 57
internal_value=-5.43604e-11 -0.00475878 0.00593142 0.00644172 0.00571141 0.00461571 -0.00213052 -0.00268021 0.0109143 -0.00358995 -0.00914762 -0.0178557 -0.00728015 -0.00329138 0.0121413 -0.00972694 0.0195622
internal_weight=2507 1391 1116 1094 1064 986 870 845 53 792 521 92 429 59 48 381 78
internal_count=2507 1391 1116 1094 1064 986 870 845 53 792 521 92 429 59 48 381 78
is_linear=0
shrinkage=0.05


Tree=65
num_leaves=16
num_cat=0
split_feature=5 3 5 3 3 4 0 5 5 5 2 6 4 4 2
split_gain=25.9073 10.6222 8.30518 8.09432 5.18543 6.09407 5.43997 18.3943 8.42492 4.40909 5.57027 3.17567 3.24304 6.19275 2.09962
threshold=9.2759158204786392 0.83412916412802163 6.0629473533278864 1.571162881429383 2.2920067955714614 0.72631447807098148 181.00719011704248 9.1086541839255322 8.92528490713112 14.158417887102191 1.7377645754565398 3.5000000000000004 0.46620632038193455 0.55851399290513259 1.8963356589465905
decision_type=2 2 2 2 2 2 2 2 2 2 2 2 2 2 2
left_child=2 -2 11 -3 5 -4 8 -8 -6 10 -5 12 -1 -14 -11
right_child=1 3 4 9 6 -7 7 -9 -10 14 -12 -13 13 -15 -16
leaf_value=0.0080640895877565674 -0.027931983844332754 0.039499616362154488 -0.0011743838180388723 -0.0034329896772603004 0.00017614852482704133 0.029268140730357939 -0.0026558690135263735 -0.045249929886173323 0.022914653579178063 0.032099229933339211 0.0081088421496861279 -0.023125925660133363 -0.020094032660343274 -0.0057607242832960464 0.013604807234450914
leaf_weight=35 21 20 35 127 356 31 414 27 46 21 591 31 86 609 57
leaf_count=35 21 20 35 127 356 31 414 27 46 21 591 31 86 609 57
internal_value=2.46042e-11 0.00717959 -0.00359839 0.00808319 -0.000372152 0.0131244 -0.00142882 -0.00526367 0.00277807 0.00729384 0.00606732 -0.00745207 -0.00678647 -0.00753434 0.0185841
internal_weight=2507 837 1670 816 909 66 843 441 402 796 718 761 730 695 78
internal_count=2507 837 1670 816 909 66 843 441 402 796 718 761 730 695 78
is_linear=0
shrinkage=0.05


Tree=66
num_leaves=16
num_cat=0
split_feature=5 3 5 3 3 4 0 5 5 5 2 6 4 4 3
split_gain=23.3813 9.58655 7.49543 7.30513 4.67985 5.49989 4.90957 16.6009 7.60349 3.97921 5.02717 2.86604 2.92684 5.58896 1.9162
threshold=9.2759158204786392 0.83412916412802163 6.0629473533278864 1.571162881429383 2.2920067955714614 0.72631447807098148 181.00719011704248 9.1086541839255322 8.92528490713112 14.158417887102191 1.7377645754565398 3.5000000000000004 0.46620632038193455 0.55851399290513259 18.112663790038329
decision_type=2 2 2 2 2 2 2 2 2 2 2 2 2 2 2
left_child=2 -2 11 -3 5 -4 8 -8 -6 10 -5 12 -1 -14 -11
right_child=1 3 4 9 6 -7 7 -9 -10 14 -12 -13 13 -15 -16
leaf_value=0.0076608856235231672 -0.026535383731658969 0.037524635251611475 -0.0011156646721065045 -0.0032613401609201602 0.00016734115216943823 0.027804733860877253 -0.0025230755205018726 -0.042987433296662797 0.021768920224807836 0.024543865228770303 0.0077034001223870614 -0.021969629151205865 -0.019089330498908843 -0.0054726881794371508 0.0087397021898890249
leaf_weight=35 21 20 35 127 356 31 414 27 46 44 591 31 86 609 34
leaf_count=35 21 20 35 127 356 31 414 27 46 44 591 31 86 609 34
internal_value=5.35362e-11 0.00682061 -0.00341847 0.00767903 -0.000353544 0.0124682 -0.00135738 -0.00500049 0.00263916 0.00692914 0.00576395 -0.00707947 -0.00644715 -0.00715763 0.0176549
internal_weight=2507 837 1670 816 909 66 843 441 402 796 718 761 730 695 78
internal_count=2507 837 1670 816 909 66 843 441 402 796 718 761 730 695 78
is_linear=0
shrinkage=0.05


Tree=67
num_leaves=18
num_cat=0
split_feature=5 2 5 2 2 3 3 4 3 5 3 0 0 0 5 5 4
split_gain=21.1682 6.44578 6.8254 5.26462 5.17943 4.48935 4.78744 8.4728 12.4587 5.1415 4.77693 13.8459 10.0248 3.13502 3.04665 5.06186 3.75136
threshold=8.8787958342929549 9.8222058669557892 4.0133248893264648 9.4141960148504591 4.0359253854152035 0.61616762888670384 5.5343554138825599 0.69406945159339906 3.737324058987606 11.365379382885163 17.066906801086926 734.14363300150001 559.73579816983636 307.38438353885994 3.5791751772827758 3.1521939035770981 0.70093768246003496
decision_type=2 2 2 2 2 2 2 2 2 2 2 2 2 2 2 2 2
left_child=1 2 14 4 -4 -2 7 9 -9 -7 11 -8 -12 -5 15 -1 -16
right_child=5 -3 3 13 -6 6 10 8 -10 -11 12 -13 -14 -15 16 -17 -18
leaf_value=-0.010138677986221856 -0.016509470258924096 -0.031829287037253379 0.0016154064396487586 0.004010701219418219 -0.0052173372176316426 -0.010112110468057487 0.0027369833250037012 0.011502165564646324 0.053100011856467635 0.021069149719551206 0.0047838535066278259 -0.039501223730899038 0.02431393162099427 0.029929613526910544 -0.006625128909945488 0.0074304663101021134 -0.032072239021460218
leaf_weight=251 22 20 510 28 608 39 255 54 27 20 448 21 77 20 28 49 30
leaf_count=251 22 20 510 28 608 39 255 54 27 20 448 21 77 20 28 49 30
internal_value=2.8216e-11 -0.00362847 -0.00325838 -0.00140428 -0.00210043 0.00581762 0.00633961 0.0148702 0.0253681 0.000457808 0.00484862 -0.000476793 0.00764826 0.0148102 -0.00929717 -0.00726905 -0.0197874
internal_weight=2507 1544 1524 1166 1118 963 941 140 81 59 801 276 525 48 358 300 58
internal_count=2507 1544 1524 1166 1118 963 941 140 81 59 801 276 525 48 358 300 58
is_linear=0
shrinkage=0.05


Tree=68
num_leaves=22
num_cat=0
split_feature=5 5 0 0 6 3 2 2 3 4 2 4 4 2 4 3 2 5 5 3 2
split_gain=19.4433 6.58555 4.14668 6.02641 6.77848 5.19436 4.13753 10.9914 9.91524 8.48348 8.32488 9.75816 6.02271 5.75119 5.13498 4.6054 4.59296 3.88623 4.47335 2.87493 2.09501
threshold=6.803260666552478 10.751654432847786 1134.4274725538819 488.322105385047 1.5000000000000002 1.0696546925215815 3.9068198418746798 2.839949225154502 2.9108000245163965 0.7758276509351506 5.8517665200353361 0.57868240050031894 0.51711937928953 8.2996627137763443 0.75659753601378787 36.186695495402439 6.9263763615011529 10.884953908218836 11.203061302847718 79.9878092790632 4.0359253854152035
decision_type=2 2 2 2 2 2 2 2 2 2 2 2 2 2 2 2 2 2 2 2 2
left_child=6 2 3 5 -5 -2 7 12 16 15 11 -10 -1 -12 -14 -9 -8 -3 20 -20 -19
right_child=1 17 -4 4 -6 -7 8 9 10 -11 13 -13 14 -15 -16 -17 -18 18 19 -21 -22
leaf_value=0.014153015330521157 -0.02193019441687144 0.026759379864152933 -0.019723178089960762 0.01772417265509086 -0.0032824971444778521 0.00075327714987079698 -0.003178538281757098 0.014262952001223787 -0.041314054228132592 -0.010297437718879709 -0.00078740859165640884 -0.012912960326479329 -0.014450498464407388 -0.014074538311208874 -0.00035791129296369577 0.043002634542062879 0.02600563358448978 0.004335507834330201 0.0078336580437082508 0.025675652183902761 -0.017375707194209101
leaf_weight=32 26 27 23 110 59 861 26 46 40 27 203 124 161 136 108 20 28 20 381 24 25
leaf_count=32 26 27 23 110 59 861 26 46 40 27 203 124 161 136 108 20 28 20 381 24 25
internal_value=2.37544e-11 0.00344242 0.00127965 0.0017371 0.0103905 8.83727e-05 -0.00563239 -0.00171109 -0.00840617 0.0133131 -0.0105919 -0.0198401 -0.00635312 -0.00611794 -0.00879251 0.0229719 0.011954 0.00833472 0.00722924 0.00889096 -0.00772628
internal_weight=2507 1556 1079 1056 169 887 951 394 557 93 503 164 301 339 269 66 54 477 450 405 45
internal_count=2507 1556 1079 1056 169 887 951 394 557 93 503 164 301 339 269 66 54 477 450 405 45
is_linear=0
shrinkage=0.05


Tree=69
num_leaves=23
num_cat=0
split_feature=5 5 4 0 0 4 2 0 2 0 0 3 4 3 2 2 0 3 3 4 3 4
split_gain=17.6202 5.35593 4.25385 10.4017 9.03942 9.26161 6.08932 7.35422 5.70335 5.00214 6.67961 3.5662 3.3128 4.63922 7.14269 6.53047 2.75133 7.55127 17.5445 7.9803 3.46488 4.85538
threshold=7.3064629603057316 11.818075529365791 0.67722369000751981 546.74216771666431 682.00239423140931 0.67104739371204281 8.4178210411525978 208.36697309150759 9.2405465152248638 660.44364145992802 899.98973802003559 17.360338763705165 0.51296265381352246 5.3072692813876605 3.67281161926948 0.86478151837041006 554.18634850842375 17.360338763705165 5.8051585751236869 0.80571599950957828 1.0696546925215815 0.90281170354372964
decision_type=2 2 2 2 2 2 2 2 2 2 2 2 2 2 2 2 2 2 2 2 2 2
left_child=2 16 4 6 5 8 7 -4 -1 -5 -11 -8 -3 14 -14 -15 20 18 -18 -19 -2 -22
right_child=1 12 3 9 -6 -7 11 -9 -10 10 -12 -13 13 15 -16 -17 17 19 -20 -21 21 -23
leaf_value=-0.0023984430973572404 -0.016000062715390635 -0.0083113615478699401 -0.0021724764344304109 0.027658508178622771 -0.024356649341184256 0.031273918226361275 -0.032953408019753487 -0.014876300507845977 0.021859558185007281 -0.011783241687297094 0.019571522944446269 -0.012457652751949023 0.047067015369733178 -0.017195119392936647 0.008491616250414934 0.01086868795832353 0.023891408284825666 0.0083172773220238916 -0.026222501657903199 0.040820775410303704 0.00066470676730038614 0.016393658260886484
leaf_weight=356 29 24 258 24 38 24 41 204 26 41 29 44 21 23 28 210 31 69 40 26 869 52
leaf_count=356 29 24 258 24 38 24 41 204 26 41 29 44 21 23 28 210 31 69 40 26 869 52
internal_value=6.13421e-12 0.00366153 -0.0047988 -0.00740441 -0.00103711 0.00114551 -0.0100448 -0.00778196 -0.000747375 0.00796027 0.00120659 -0.0223438 0.00952169 0.0110394 0.0250239 0.00809844 0.00205472 0.00799377 -0.00434178 0.017213 0.00101695 0.00155277
internal_weight=2507 1422 1085 641 444 406 547 462 382 94 70 85 306 282 49 233 1116 166 71 95 950 921
internal_count=2507 1422 1085 641 444 406 547 462 382 94 70 85 306 282 49 233 1116 166 71 95 950 921
is_linear=0
shrinkage=0.05


Tree=70
num_leaves=17
num_cat=0
split_feature=5 3 5 3 3 2 0 2 0 0 0 2 2 2 3 0
split_gain=16.1523 7.88463 5.64096 4.59117 4.30669 3.71461 7.68944 7.63542 3.10041 6.05586 5.62251 2.82439 11.8829 7.38715 6.60967 3.57932
threshold=9.4378463130861814 0.83412916412802163 4.8801453596684512 1.7829708330811087 0.61616762888670384 5.9525623515171047 111.20584190228776 5.4620129006376388 124.06648679476869 140.9521492374262 87.948367449212114 8.3910335490381112 8.951958176047528 7.8654640521374226 16.073549144064611 234.21185303041463
decision_type=2 2 2 2 2 2 2 2 2 2 2 2 2 2 2 2
left_child=2 -2 11 -3 -4 7 -7 -5 10 -10 -6 13 -13 15 -14 -1
right_child=1 3 4 5 8 6 -8 -9 9 -11 -12 12 14 -15 -16 -17
leaf_value=-0.0026073414270569566 -0.024322613373043991 0.028732630869616634 0.018544906324573927 0.0047680350647708409 -0.0013802071500587342 0.022102674155643112 0.0049593193887821629 -0.023159564343782572 -0.020973828302489388 -0.002063218346014179 0.011821366845302888 -0.039045488253010047 0.016030012204178743 0.02158905601439377 -0.017483959793143215 -0.012035972429072126
leaf_weight=218 21 23 28 417 295 95 210 26 45 715 111 33 28 24 31 187
leaf_count=218 21 23 28 417 295 95 210 26 45 715 111 33 28 24 31 187
internal_value=-6.53783e-11 0.00590582 -0.00272735 0.00672916 -0.000833128 0.00605258 0.0102991 0.00312894 -0.00129847 -0.00318293 0.00222909 -0.00706843 -0.0150181 -0.00536361 -0.00157902 -0.00696081
internal_weight=2507 792 1715 771 1194 748 305 443 1166 760 406 521 92 429 59 405
internal_count=2507 792 1715 771 1194 748 305 443 1166 760 406 521 92 429 59 405
is_linear=0
shrinkage=0.05


Tree=71
num_leaves=25
num_cat=0
split_feature=5 5 3 3 4 4 4 3 4 4 4 2 2 3 3 4 0 3 0 4 3 2 0 2
split_gain=14.7223 5.1114 4.2034 9.51406 9.18454 11.6899 6.16341 5.1533 4.09115 4.12401 4.07478 3.6383 10.1123 8.71813 8.35906 8.34603 7.81418 9.58867 7.16938 12.5817 6.5821 4.12018 2.36957 2.25545
threshold=6.803260666552478 10.072574976659729 37.734040280285676 17.066906801086926 0.86356042797568622 0.82713837826856473 0.83256802109971628 15.269732975744136 0.40010817179983488 0.50038908177460273 0.61408228822447442 3.9068198418746798 2.5800266257251296 2.9108000245163965 2.3904803075593422 0.51452660818052709 86.079701732778872 66.308105855228717 314.38453930629686 0.64618721283286196 58.703270086181405 6.9263763615011529 539.37141145517865 6.1011264722530205
decision_type=2 2 2 2 2 2 2 2 2 2 2 2 2 2 2 2 2 2 2 2 2 2 2 2
left_child=11 8 3 7 5 -4 -5 -3 -2 23 -11 12 14 21 -1 -16 20 -18 19 -14 -15 -13 -20 -10
right_child=1 2 4 6 -6 -7 -8 -9 9 10 -12 13 18 16 15 -17 17 -19 22 -21 -22 -23 -24 -25
leaf_value=-0.035617910195951875 0.02296930005773902 0.0056044031752577987 -0.00077749191324657466 0.011952554181750332 -0.025752175682834513 0.037806657547860043 0.032648029670400446 -0.018150923132896426 -0.022519888821019171 0.0080056048906976124 -0.00077109871117753018 -0.00274316265176122 0.046862386360212616 -0.026274301995504269 0.023281479972414674 -0.0072268006243755879 -0.0034891002302090343 -0.03060296681813068 -0.017358058901584667 0.0056544229727617263 0.0034470112751359529 0.024898179281236874 0.0061739833559840921 -0.00084305046126246456
leaf_weight=23 20 263 134 112 29 23 53 25 30 164 683 26 27 98 25 217 346 36 23 59 23 28 20 20
leaf_count=23 20 263 134 112 29 23 53 25 30 164 683 26 27 98 25 217 346 36 23 59 23 28 20 20
internal_value=-7.25454e-11 0.00299548 0.00642844 0.00902697 9.9764e-05 0.00487496 0.0186002 0.00354231 0.000603257 0.000104572 0.000928287 -0.00490111 -0.00122399 -0.00750217 -0.00681279 -0.00407512 -0.00955176 -0.00604433 0.0102569 0.0185918 -0.0206248 0.0115894 -0.00641292 -0.0138492
internal_weight=2507 1556 639 453 186 157 165 288 917 897 847 951 394 557 265 242 503 382 129 86 121 54 43 50
internal_count=2507 1556 639 453 186 157 165 288 917 897 847 951 394 557 265 242 503 382 129 86 121 54 43 50
is_linear=0
shrinkage=0.05


Tree=72
num_leaves=21
num_cat=0
split_feature=5 5 2 2 0 0 0 0 4 4 3 4 0 4 4 4 4 0 4 0
split_gain=13.2869 4.6814 3.71983 4.68842 6.41075 3.48571 19.2505 8.50973 8.39253 5.61319 7.07261 6.94428 3.43446 3.21461 7.45274 8.68253 8.53814 4.17871 5.37438 2.06107
threshold=6.803260666552478 12.521800397910384 8.868849260124323 7.449391461365467 712.46558939837553 554.18634850842375 492.21072475928776 682.00239423140931 0.67968245409712302 0.67722369000751981 1.2071989534618122 0.56174098067292488 899.98973802003559 0.83629421467631471 0.7789759691994248 0.80411071249207744 0.76933789279704567 50.724992824825684 0.85325008509765976 629.44501898934845
decision_type=2 2 2 2 2 2 2 2 2 2 2 2 2 2 2 2 2 2 2 2
left_child=5 13 3 4 -3 6 9 19 -9 11 -11 -1 -10 14 16 -16 -2 -15 -19 -7
right_child=1 2 -4 -5 -6 7 -8 8 12 10 -12 -13 -14 17 15 -17 -18 18 -20 -21
leaf_value=-0.0069435223850305193 0.0013196649046590635 0.01391174669887657 0.030098788551986218 -0.011503381494964873 -0.016145303323864938 0.010858341470538151 -0.040593044457368943 -0.026135631318902598 -0.0050345925421550362 0.020690185807290533 -0.0090034449561708346 0.0077762700701240715 0.020837880460464437 -0.010247125239261697 -0.021628459578527041 0.0010987959046689596 0.02522840332478667 0.023740871950984004 0.0050019173865046562 0.033285993412137033
leaf_weight=150 878 157 20 28 20 21 38 32 29 21 445 172 23 31 76 94 39 50 163 20
leaf_count=150 878 157 20 28 20 21 38 32 29 21 445 172 23 31 76 94 39 50 163 20
internal_value=4.45787e-11 0.0028457 0.00951609 0.00750802 0.0105155 -0.00465606 -0.00583364 0.00312538 -0.00598895 -0.00415742 -0.00766532 0.000919224 0.006409 0.0017181 0.000553907 -0.00906162 0.0023365 0.00690449 0.00940073 0.0217987
internal_weight=2507 1556 225 205 177 951 826 125 84 788 466 322 52 1331 1087 170 917 244 213 41
internal_count=2507 1556 225 205 177 951 826 125 84 788 466 322 52 1331 1087 170 917 244 213 41
is_linear=0
shrinkage=0.05


Tree=73
num_leaves=18
num_cat=0
split_feature=5 3 3 5 4 4 2 3 0 0 0 2 2 2 5 4 4
split_gain=12.2531 7.09089 5.21785 4.40554 4.38302 7.36228 6.32644 3.69302 3.2928 5.35991 4.71184 2.51775 10.7009 6.90194 4.76409 4.52938 3.16893
threshold=9.4852669577909072 0.83412916412802163 1.7829708330811087 4.8801453596684512 0.82309037041467648 0.79127216897844022 0.92093400793189184 0.61616762888670384 124.06648679476869 140.9521492374262 87.948367449212114 8.3910335490381112 8.7358390068975371 7.4212212534314324 3.0112231343860798 0.76670778363791325 0.55851399290513259
decision_type=2 2 2 2 2 2 2 2 2 2 2 2 2 2 2 2 2
left_child=3 -2 -3 11 5 -4 -6 -5 10 -10 -9 13 -13 16 -15 -14 -1
right_child=1 2 4 7 6 -7 -8 8 9 -11 -12 12 15 14 -16 -17 -18
leaf_value=-0.017181320305192663 -0.023475210847599168 0.029972971603274348 0.004692584179833325 0.017253632683839119 -0.015683301109820604 -0.015492619682103395 0.013797242055688282 -0.00084526455521768571 -0.019804528396990567 -0.0020158984815175866 0.011075027994963382 -0.044119751640722495 0.0053375161521964608 -0.0012090068310499193 0.030405211076140404 -0.021206227060407402 -0.0048276025766862971
leaf_weight=62 21 22 468 28 20 50 202 297 45 718 115 22 45 26 22 25 319
leaf_count=62 21 22 468 28 20 50 202 297 45 718 115 22 45 26 22 25 319
internal_value=4.23143e-11 0.00518685 0.00597675 -0.00235574 0.00526334 0.00274421 0.0111413 -0.000692379 -0.00112003 -0.00306503 0.002482 -0.00619648 -0.0137022 -0.00458687 0.0132808 -0.00414239 -0.00683792
internal_weight=2507 783 762 1724 740 518 222 1203 1175 763 412 521 92 429 48 70 381
internal_count=2507 783 762 1724 740 518 222 1203 1175 763 412 521 92 429 48 70 381
is_linear=0
shrinkage=0.05


Tree=74
num_leaves=16
num_cat=0
split_feature=5 2 2 0 2 2 3 3 3 4 3 2 0 4 3
split_gain=11.0792 5.75636 5.97285 6.11204 4.78032 6.29292 4.5671 3.01273 3.80327 7.26888 11.4554 4.80414 4.20821 8.31921 5.298
threshold=8.8787958342929549 9.8222058669557892 9.4720017231821227 376.60238748047226 8.2996627137763443 7.6134103010734053 2.807223723794698 0.61616762888670384 5.5343554138825599 0.69406945159339906 3.737324058987606 4.7593627741401603 25.686552939759746 0.70333138714326882 7.919852543150447
decision_type=2 2 2 2 2 2 2 2 2 2 2 2 2 2 2
left_child=1 2 4 -4 5 -1 -6 -2 9 11 -11 -9 13 -10 -14
right_child=7 -3 3 -5 6 -7 -8 8 12 10 -12 -13 14 -15 -16
leaf_value=-0.0028361361528767243 -0.014081505279649388 -0.029275068556889897 0.0016863700198499782 0.035834769085049629 0.011833713334053756 0.01046962164885675 -0.013554284069086276 -0.016642079529938875 0.034094811927887707 0.008667385229771887 0.048555084483491051 0.011996200098656118 -0.011252780061102275 -0.0028398904018104077 0.0035908434318256974
leaf_weight=1195 22 20 38 20 20 96 155 27 31 54 27 32 66 30 674
leaf_count=1195 22 20 38 20 20 96 155 27 31 54 27 32 66 30 674
internal_value=-1.88356e-11 -0.00262504 -0.0022753 0.0134617 -0.00289791 -0.00184671 -0.0106528 0.00420879 0.0046364 0.0122398 0.0219633 -0.00110945 0.00330747 0.0159302 0.00226695
internal_weight=2507 1544 1524 58 1466 1291 175 963 941 140 81 59 801 61 740
internal_count=2507 1544 1524 58 1466 1291 175 963 941 140 81 59 801 61 740
is_linear=0
shrinkage=0.05


Tree=75
num_leaves=26
num_cat=0
split_feature=5 5 2 2 0 2 2 2 2 0 3 4 3 3 4 0 2 0 3 3 0 3 0 0 2
split_gain=10.2985 3.81695 3.30391 4.22699 5.68483 3.3038 9.13438 8.0535 12.085 8.93612 7.75805 7.67973 6.98941 6.37524 6.21018 5.56398 4.74348 4.68133 2.88109 8.74906 15.6071 7.88129 7.0973 5.82942 1.04621
threshold=6.803260666552478 12.521800397910384 8.868849260124323 7.449391461365467 712.46558939837553 3.9068198418746798 2.5800266257251296 5.5997654472549891 5.0603358896707844 87.948367449212114 2.3904803075593422 0.51452660818052709 36.186695495402439 3.798728825795719 0.74428187893356246 212.80647968102309 3.4149640625964817 282.96095527511579 10.61088326033777 5.8051585751236869 36.403141880637811 11.569221039396888 649.67364058084956 60.784884972959709 7.1090558360415042
decision_type=2 2 2 2 2 2 2 2 2 2 2 2 2 2 2 2 2 2 2 2 2 2 2 2 2
left_child=5 18 3 4 -3 6 10 8 9 -7 -1 -12 16 24 -14 -10 -8 -15 19 20 -2 -20 -21 -23 -9
right_child=1 2 -4 -5 -6 7 12 13 15 -11 11 -13 14 17 -16 -17 -18 -19 21 22 -22 23 -24 -25 -26
leaf_value=-0.033657092285221034 -0.030626267088311062 0.012689808786662808 0.02792634226381779 -0.011415664459179554 -0.015614376971498131 -0.029303787648677828 0.010462747335335927 0.0049016573089396675 -0.021777131882580847 0.0012391881442364351 0.022972491811960937 -0.0062926678330324217 0.045340386456386612 -0.0098400888380281229 0.0073270968294569432 -0.058215668871998784 -0.014376083728536194 0.0020774004438808605 0.033285962847904083 -0.006841045710560237 0.0092430146766742279 0.010340907378347324 -0.037902329955804386 0.00032098328059102128 0.019355735855717815
leaf_weight=23 28 157 20 28 20 34 57 21 22 81 25 217 22 214 21 20 29 134 21 148 199 181 21 733 31
leaf_count=23 28 157 20 28 20 34 57 21 22 81 25 217 22 214 21 20 29 134 21 148 199 181 21 733 31
internal_value=1.22661e-11 0.00250533 0.00852845 0.00663597 0.0094916 -0.00409915 -0.000595132 -0.00657776 -0.0161743 -0.00779091 -0.00590683 -0.00326941 0.0103165 -0.00281111 0.0267758 -0.0391288 0.00208686 -0.00525117 0.00148715 -0.00208737 0.00432522 0.00300106 -0.0107007 0.00230524 0.0135185
internal_weight=2507 1556 225 205 177 951 394 557 157 115 265 242 129 400 43 42 86 348 1331 396 227 935 169 914 52
internal_count=2507 1556 225 205 177 951 394 557 157 115 265 242 129 400 43 42 86 348 1331 396 227 935 169 914 52
is_linear=0
shrinkage=0.05


Tree=76
num_leaves=16
num_cat=0
split_feature=5 3 3 0 0 0 4 4 5 3 3 3 4 4 4
split_gain=9.465 6.07614 4.63907 4.31449 13.1565 10.2063 6.36328 5.45138 12.1936 7.39515 5.08017 4.50588 3.85611 6.72413 5.82466
threshold=9.4852669577909072 0.83412916412802163 1.7829708330811087 554.18634850842375 513.68506784051726 599.25570231856568 0.58288087484502682 0.70093768246003496 9.2382710124332199 1.0696546925215815 22.19403545929411 5.8051585751236869 0.82309037041467648 0.79127216897844022 0.86356042797568622
decision_type=2 2 2 2 2 2 2 2 2 2 2 2 2 2 2
left_child=3 -2 -3 4 7 -5 10 9 -9 -1 -7 -8 13 -4 -14
right_child=1 2 12 5 -6 6 11 8 -10 -11 -12 -13 14 -15 -16
leaf_value=-0.029192987028509379 -0.021973349632961409 0.027916140380230822 0.0041163765297979752 0.029042249327924638 -0.03431584422448368 -0.035828253533691172 0.021730596572160723 -0.0041787532176106026 -0.039703386574983596 0.0016540856425419298 -0.00061739874737603336 0.00042997106364863516 0.02041264565771117 -0.015174186412245036 0.0037512193631081686
leaf_weight=20 21 22 468 35 33 20 30 715 25 681 21 144 85 50 137
leaf_count=20 21 22 468 35 33 20 30 715 25 681 21 144 85 50 137
internal_value=3.79429e-11 0.0045587 0.0052899 -0.00207045 -0.00310057 0.00400313 -7.3008e-05 -0.00238572 -0.00537891 0.000773998 -0.0177934 0.00410249 0.00461723 0.00225435 0.0101306
internal_weight=2507 783 762 1724 1474 250 215 1441 740 701 41 174 740 518 222
internal_count=2507 783 762 1724 1474 250 215 1441 740 701 41 174 740 518 222
is_linear=0
shrinkage=0.05


Tree=77
num_leaves=25
num_cat=0
split_feature=5 5 4 4 3 2 2 2 2 0 4 3 0 0 4 0 0 5 5 3 5 0 4 2
split_gain=8.84972 3.2127 3.23286 3.06931 6.13636 2.95854 8.62379 7.2648 10.9055 8.06901 6.83192 5.78183 5.35126 8.27933 6.94213 5.03757 4.28003 4.0118 2.86978 6.6173 5.72414 3.96937 2.15222 0.97087
threshold=6.803260666552478 12.521800397910384 0.88089796628188877 0.51452660818052709 4.4367176476457013 3.9068198418746798 2.839949225154502 5.5997654472549891 5.0603358896707844 87.948367449212114 0.7758276509351506 3.798728825795719 303.01712580150416 461.3562143594857 0.54674907472017931 212.80647968102309 282.96095527511579 4.3614542891956409 6.9906032923695172 33.694490205435734 7.0629532632435934 554.18634850842375 0.92206339676567695 7.1090558360415042
decision_type=2 2 2 2 2 2 2 2 2 2 2 2 2 2 2 2 2 2 2 2 2 2 2 2
left_child=5 18 3 -3 -5 6 12 8 9 -7 17 23 14 -14 -1 -10 -13 -8 19 -2 -20 -22 -4 -9
right_child=1 2 22 4 -6 7 10 11 15 -11 -12 16 13 -15 -16 -17 -18 -19 20 -21 21 -23 -24 -25
leaf_value=0.021862065215827897 0.029928185845966696 -0.0071689385965111709 -0.015365832078863273 0.035391699479749572 0.0088489335989440556 -0.027738696008044128 0.0062016628234862134 0.0046823208087256978 -0.0205550521442836 0.0012846284488468994 -0.0083640302220980341 -0.0092795163432188403 -0.02783428530674428 -0.00097435511488583879 -0.0037462788871398161 -0.055227039083838463 0.002115735381410749 0.031430365424603222 -0.025609892103821044 -0.0065681933830289739 0.00017632797701312066 0.0080523938814950919 0.0067506997592069896 0.018606247296256404
leaf_weight=32 27 21 22 26 134 34 26 21 22 81 27 214 52 64 153 20 134 40 20 23 1073 188 22 31
leaf_count=32 27 21 22 26 134 34 26 21 22 81 27 214 52 64 153 20 134 40 20 23 1073 188 22 31
internal_value=4.19318e-12 0.00232243 0.00784827 0.0108033 0.0131621 -0.0037999 -0.000484028 -0.00614542 -0.01526 -0.00729618 0.012824 -0.00256796 -0.0045958 -0.013015 0.000683273 -0.0370655 -0.00489169 0.0214918 0.00138831 0.0131399 0.000929627 0.00135056 -0.00430757 0.0129831
internal_weight=2507 1556 225 181 160 951 394 557 157 115 93 400 301 116 185 42 348 66 1331 50 1281 1261 44 52
internal_count=2507 1556 225 181 160 951 394 557 157 115 93 400 301 116 185 42 348 66 1331 50 1281 1261 44 52
is_linear=0
shrinkage=0.05


Tree=78
num_leaves=25
num_cat=0
split_feature=5 0 0 0 0 0 0 0 4 5 3 6 3 5 0 3 0 2 5 3 0 5 2 3
split_gain=8.0691 3.17846 6.1184 12.034 5.74474 9.93359 15.7988 9.84953 6.52834 4.73447 3.48404 3.41433 5.14396 4.02881 2.92234 9.44548 14.2249 10.5936 8.37034 6.12931 5.22136 3.81411 4.17502 2.9287
threshold=7.8568661763538241 201.34666038957428 86.079701732778872 76.839916444439964 554.18634850842375 682.00239423140931 749.42634875412909 513.68506784051726 0.69976329602667631 4.5235436176664692 27.952855363441071 1.0000000180025095e-35 19.217392852726586 6.0976100990135604 455.6358739762984 20.479784912885098 721.04143298621477 1.8178399421881342 9.0489322624024844 32.691031300542164 427.2219210415974 15.183564424183906 7.8321855096765409 7.4497421567649527
decision_type=2 2 2 2 2 2 2 2 2 2 2 2 2 2 2 2 2 2 2 2 2 2 2 2
left_child=1 2 3 9 7 10 -7 8 -3 -1 -6 13 -13 -4 20 16 18 -17 -16 -19 21 22 -2 -18
right_child=14 4 11 -5 5 6 -8 -9 -10 -11 -12 12 -14 -15 15 17 23 19 -20 -21 -22 -23 -24 -25
leaf_value=-0.0097061185708137623 0.0034558099875714532 0.00018616788363600575 0.0052552829518736832 -0.033109446960117889 0.03087723739595423 -0.045184259116649632 0.0026053170930138048 -0.037523585720056735 -0.012071344078359927 0.0033514976291917267 0.0060583811862250933 0.0096815656823508282 -0.0055750050196038178 0.030299142977366078 0.036691541155881212 0.046508344046771531 -0.010050405918256096 0.029968942981213331 0.00057163712972739956 0.002399343859805312 -0.021913189814506989 0.021874759579077363 -0.0045138151969725347 -0.034544141218066218
leaf_weight=113 743 202 42 34 31 21 98 27 235 180 26 110 111 26 23 25 23 28 53 72 23 24 211 26
leaf_count=113 743 202 42 34 31 21 98 27 235 180 26 110 111 26 23 25 23 28 53 72 23 24 211 26
internal_value=1.53135e-11 -0.00283099 -0.000267203 -0.00495181 -0.00529865 0.00239298 -0.00582814 -0.00821616 -0.0064054 -0.00168437 0.0195564 0.00503338 0.00201876 0.0148309 0.00284231 0.00767795 -0.00204084 0.0173967 0.0115027 0.0101188 0.00163461 0.00218839 0.00169314 -0.0230471
internal_weight=2507 1256 616 327 640 176 119 464 437 293 57 289 221 68 1251 250 125 125 76 100 1001 978 954 49
internal_count=2507 1256 616 327 640 176 119 464 437 293 57 289 221 68 1251 250 125 125 76 100 1001 978 954 49
is_linear=0
shrinkage=0.05


Tree=79
num_leaves=14
num_cat=0
split_feature=5 3 3 2 2 0 5 5 0 0 2 2 2
split_gain=7.55292 5.558 5.01737 3.54711 5.14452 3.96803 14.5912 8.57186 3.74984 4.15642 2.84289 8.8389 7.04888
threshold=9.2759158204786392 0.83412916412802163 1.571162881429383 9.8222058669557892 9.4720017231821227 162.6345183556019 9.1086541839255322 8.92528490713112 387.63014413099887 142.55024624689344 5.7680626552742789 5.4620129006376388 7.7310841873796381
decision_type=2 2 2 2 2 2 2 2 2 2 2 2 2
left_child=3 -2 -3 4 5 7 -7 -1 9 -6 11 -4 -12
right_child=1 2 10 -5 8 6 -8 -9 -10 -11 12 -13 -14
leaf_value=-0.00080690692309782423 -0.021521580396663575 0.029264749661087993 0.0028900882207233921 -0.021442802367812916 0.019713507816195491 -0.0032688757370713767 -0.03994119060891016 0.022245951897876207 0.029687611013650896 -0.012521629929542541 0.015367440169594425 -0.030304888352042154 0.0007067203707469816
leaf_weight=648 21 20 445 23 20 867 28 43 21 20 152 21 178
leaf_count=648 21 20 445 23 20 867 28 43 21 20 152 21 178
internal_value=4.7229e-11 0.00387655 0.00453018 -0.00194292 -0.00167061 -0.00221864 -0.00441617 0.000627641 0.0125783 0.00359594 0.00390871 0.00139418 0.00745954
internal_weight=2507 837 816 1670 1647 1586 895 691 61 40 796 466 330
internal_count=2507 837 816 1670 1647 1586 895 691 61 40 796 466 330
is_linear=0
shrinkage=0.05


Tree=80
num_leaves=20
num_cat=0
split_feature=5 6 4 3 3 0 3 4 0 2 0 4 0 0 2 0 2 4 3
split_gain=6.83236 3.09145 7.29847 7.75522 3.94558 5.10895 9.16806 3.55298 3.34933 7.76267 6.10939 3.14202 3.0069 6.31188 4.28809 12.2497 11.857 4.144 5.64013
threshold=8.3754284461136379 1.0000000180025095e-35 0.86356042797568622 1.7829708330811087 6.3949152581820607 295.37583420198433 3.798728825795719 0.78202906695038343 266.65654665701328 9.5910636422051763 387.63014413099887 0.79501829184310202 1061.6282068696798 539.37141145517865 7.5066040294987886 107.66639756488586 6.9263763615011529 0.61587862830904472 7.4497421567649527
decision_type=2 2 2 2 2 2 2 2 2 2 2 2 2 2 2 2 2 2 2
left_child=1 2 3 -1 5 11 -7 -5 9 -6 -10 -3 13 14 16 -16 -2 -15 -19
right_child=12 4 -4 7 8 6 -8 -9 10 -11 -12 -13 -14 17 15 -17 -18 18 -20
leaf_value=0.025372052579014388 0.0018224743299001121 -0.02066028434807729 0.027203111619187089 -4.9119049787940272e-05 0.0016596785919465668 0.013874474885140329 -0.021874832490394857 -0.014090893817218867 -0.015654426145468008 -0.030128892064094543 -0.0013510077574960236 -0.0020990408957004547 -0.012678185477852821 0.029476951062679294 0.011881017135456204 -0.012263555189265925 0.024550126535847549 0.027943982662899155 0.0017837868137762715
leaf_weight=27 644 95 26 249 483 47 29 55 111 20 228 30 30 31 80 153 63 28 78
leaf_count=27 644 95 26 249 483 47 29 55 111 20 228 30 30 31 80 153 63 28 78
internal_value=-9.8372e-12 -0.00232107 0.00169495 -0.000308714 -0.00369568 -0.00998989 0.000233292 -0.00258957 -0.00219314 0.00039572 -0.00603443 -0.0162056 0.00293541 0.00337033 0.00190903 -0.00397357 0.00384771 0.0133967 0.00869403
internal_weight=2507 1400 357 331 1043 201 76 304 842 503 339 125 1107 1077 940 233 707 137 106
internal_count=2507 1400 357 331 1043 201 76 304 842 503 339 125 1107 1077 940 233 707 137 106
is_linear=0
shrinkage=0.05


Tree=81
num_leaves=19
num_cat=0
split_feature=5 0 0 4 3 3 3 0 3 0 3 3 3 2 4 4 4 3
split_gain=6.33311 3.76309 7.87007 13.1815 8.36189 12.3923 9.70311 4.75121 4.37365 9.67486 6.41851 3.74355 10.8499 5.72512 3.4214 8.10831 7.75005 2.12037
threshold=6.3628181043166068 554.18634850842375 649.67364058084956 0.63801051999674974 20.479784912885098 37.045115156517404 7.4497421567649527 520.04016937767062 63.473630965701368 347.09110670825243 59.428085940517455 73.577748048797034 66.308105855228717 5.2192364970014067 0.55851399290513259 0.62497560296945287 0.54322393830653126 14.449475100674574
decision_type=2 2 2 2 2 2 2 2 2 2 2 2 2 2 2 2 2 2
left_child=11 7 3 -3 6 -6 -4 8 10 -10 -2 12 14 -13 16 -16 -1 -5
right_child=1 2 4 17 5 -7 -8 -9 9 -11 -12 13 -14 -15 15 -17 -18 -19
leaf_value=-0.0057266329872337259 0.0016787438749874019 0.055862069539725778 0.008392426553295881 0.020869104098528626 0.039352492810676584 -0.00034870498080844767 -0.0250589724852825 -0.01891894316611191 -0.00034153567685279995 -0.03070444324702928 0.027271568853408097 0.019983674118963957 -0.040020598559862092 -0.010667714511975646 0.012945018148733467 -0.004232196966066879 -0.039562902189791208 0.00011580120262806305
leaf_weight=110 1221 20 41 20 29 61 46 30 128 33 25 39 21 25 79 527 20 32
leaf_count=110 1221 20 41 20 29 61 46 30 128 33 25 39 21 25 79 527 20 32
internal_value=-9.75739e-12 0.00175365 0.00742834 0.0213657 0.00175892 0.0124439 -0.00929452 0.000770358 0.00119017 -0.00656499 0.00219224 -0.00360129 -0.004583 0.00801048 -0.00357187 -0.00199292 -0.0109322 0.00809784
internal_weight=2507 1686 249 72 177 90 87 1437 1407 161 1246 821 757 64 736 606 130 52
internal_count=2507 1686 249 72 177 90 87 1437 1407 161 1246 821 757 64 736 606 130 52
is_linear=0
shrinkage=0.05


Tree=82
num_leaves=12
num_cat=0
split_feature=5 3 3 3 3 2 0 3 3 0 3
split_gain=5.91076 5.0231 4.47311 3.11903 3.27255 3.25696 3.55148 2.76546 9.99252 6.43664 1.64529
threshold=9.2759158204786392 0.83412916412802163 1.571162881429383 131.0919340571144 105.65298884952021 0.25860406392265334 162.6345183556019 3.6119663912476936 4.5587366778413481 125.72322807486135 19.641293028541195
decision_type=2 2 2 2 2 2 2 2 2 2 2
left_child=3 -2 -3 4 5 10 -7 9 -9 -4 -1
right_child=1 2 7 -5 -6 6 -8 8 -10 -11 -12
leaf_value=0.021814715942101822 -0.020715737271876561 0.027405256405472755 0.0094430539723751802 -0.020420801114629617 0.014893891500929993 0.00057369430106996272 -0.0042180861778059837 0.03303680708953019 0.0030950230020464643 -0.024772226596596066 0.0022486143131655724
leaf_weight=21 21 20 28 22 30 682 893 29 712 27 22
leaf_count=21 21 20 28 22 30 682 893 29 712 27 22
internal_value=1.92663e-11 0.00342934 0.00405072 -0.00171877 -0.00146911 -0.0017725 -0.00214317 0.00346392 0.00426683 -0.00735354 0.0118042
internal_weight=2507 837 816 1670 1648 1618 1575 796 741 55 43
internal_count=2507 837 816 1670 1648 1618 1575 796 741 55 43
is_linear=0
shrinkage=0.05


Tree=83
num_leaves=18
num_cat=0
split_feature=5 0 0 4 3 3 3 5 0 4 6 4 4 4 3 0 3
split_gain=5.53225 3.18073 9.06797 10.4683 5.82041 5.53334 3.46906 3.25557 4.81404 3.92208 3.14834 2.43695 6.41206 5.28017 3.33317 3.0406 1.93399
threshold=5.7410896727934286 554.18634850842375 649.67364058084956 0.62949331078702253 77.897968120475753 37.045115156517404 115.51111601892286 12.678159689930613 513.68506784051726 0.63235300806416783 3.5000000000000004 0.80767834362342483 0.79402660853462737 0.81910699238618678 72.058511337031248 533.69064495304463 34.625873830932584
decision_type=2 2 2 2 2 2 2 2 2 2 2 2 2 2 2 2 2
left_child=10 6 3 -3 5 -4 7 8 -2 -9 11 12 14 -13 -1 -15 -5
right_child=1 2 4 16 -6 -7 -8 9 -10 -11 -12 13 -14 15 -16 -17 -18
leaf_value=-0.0045597813921403434 0.00051209864318617771 0.05221001960337162 0.0030655844225322888 0.0025995299548787231 0.025526041856833867 -0.017403094535693525 -0.01625345436235269 -0.0068492186108702119 -0.020815397143639901 0.011320220066152294 -0.021599871428528181 0.026531090899370613 -0.025070851906720138 -0.0054210733371766531 0.0093054351763081893 0.014562789211049677 0.021898285034001763
leaf_weight=447 1320 20 124 34 21 45 30 38 27 136 24 20 36 92 48 24 21
leaf_count=447 1320 20 124 34 21 45 30 38 27 136 24 20 36 92 48 24 21
internal_value=7.38334e-13 0.00144885 0.00651128 0.0212326 0.000700211 -0.00238466 0.000583901 0.000915999 8.45987e-05 0.00735218 -0.0038077 -0.0031675 -0.00469701 0.00280434 -0.00321528 -0.00128648 0.00996815
internal_weight=2507 1816 265 75 190 169 1551 1521 1347 174 691 667 531 136 495 116 55
internal_count=2507 1816 265 75 190 169 1551 1521 1347 174 691 667 531 136 495 116 55
is_linear=0
shrinkage=0.05


Tree=84
num_leaves=18
num_cat=0
split_feature=5 3 3 4 4 3 3 4 3 0 5 2 2 4 4 2 3
split_gain=5.03782 3.83342 3.61487 8.25587 9.78007 8.22622 6.15235 5.00487 4.38138 7.22623 4.01306 3.98553 2.89033 3.0335 11.4527 9.36211 2.00298
threshold=10.072574976659729 131.0919340571144 37.734040280285676 0.86356042797568622 0.82713837826856473 17.066906801086926 43.924045808298125 0.83256802109971628 15.269732975744136 49.454068397365567 12.678159689930613 6.9263763615011529 0.25860406392265334 0.56623390572019139 0.62497560296945287 3.3351016865655345 14.08970954733998
decision_type=2 2 2 2 2 2 2 2 2 2 2 2 2 2 2 2 2
left_child=1 12 5 4 6 8 -4 11 9 -2 -9 -7 16 15 -15 -14 -1
right_child=2 -3 3 -5 -6 7 -8 10 -10 -11 -12 -13 13 14 -16 -17 -18
leaf_value=0.023175196910742671 -0.017768373847421675 -0.021597505441826325 -0.024007382878550778 -0.026546833696293421 0.032612366933861506 0.001985893309326239 0.0027023215560573288 0.041823170463053082 -0.018860590100288392 0.00634397145397633 0.014301361923140507 0.021565372442326897 0.0053786921854905726 0.01067518209667867 -0.0021669331301399177 -0.012268258186111995 0.0022985818795859814
leaf_weight=20 36 23 27 29 23 71 107 26 25 227 27 41 119 201 1274 204 27
leaf_count=20 36 23 27 29 23 71 107 26 25 227 27 41 119 201 1274 204 27
internal_value=2.2619e-11 -0.00131092 0.00383224 -0.00203669 0.00249066 0.00624199 -0.00267948 0.0151437 0.00114203 0.00304342 0.0278026 0.00915338 -0.00105802 -0.00137799 -0.000416923 -0.00576675 0.0111822
internal_weight=2507 1868 639 186 157 453 134 165 288 263 53 112 1845 1798 1475 323 47
internal_count=2507 1868 639 186 157 453 134 165 288 263 53 112 1845 1798 1475 323 47
is_linear=0
shrinkage=0.05


Tree=85
num_leaves=19
num_cat=0
split_feature=5 6 0 0 4 3 3 3 5 4 4 3 3 0 0 4 4 3
split_gain=4.81972 2.83009 2.81743 8.26784 7.05969 3.67865 15.4568 3.69287 3.12056 3.37918 4.4686 3.30304 2.53867 2.23538 14.2548 6.27291 5.69652 2.86151
threshold=5.7410896727934286 3.5000000000000004 554.18634850842375 682.00239423140931 0.62497560296945287 21.634356647848559 37.045115156517404 5.8051585751236869 15.706136074687697 0.89489083164337191 0.88307236889894247 31.926870314860675 13.666914881918137 492.21072475928776 554.18634850842375 0.70825315694880708 0.46620632038193455 91.859900616196839
decision_type=2 2 2 2 2 2 2 2 2 2 2 2 2 2 2 2 2 2
left_child=1 13 8 4 -4 7 -7 -5 9 10 -2 -11 -6 16 -15 -16 -1 -18
right_child=2 -3 3 5 12 6 -8 -9 -10 11 -12 -13 -14 14 15 -17 17 -19
leaf_value=0.021730139173567295 -1.4742525953102003e-05 -0.020423009545387082 0.039561972125536866 0.0063385009416379035 0.023312076384370981 0.044164144983958632 -0.0058991659834081757 -0.014756116905581144 0.020160712376236917 0.013750584603154235 -0.020936810504645111 -0.004531530477106571 0.0026612535179795132 -0.040372517166127053 -0.015301747946068645 0.011114612623033199 -0.003443531483828189 0.015842932537198068
leaf_weight=25 1386 24 27 32 22 21 58 59 20 84 26 35 46 28 38 55 501 20
leaf_count=25 1386 24 27 32 22 21 58 59 20 84 26 35 46 28 38 55 501 20
internal_value=5.29163e-11 -0.00355404 0.00135234 0.00611688 0.0179311 -0.000485197 0.0074088 -0.00733823 0.000538278 0.000281943 -0.000399993 0.00837349 0.0093424 -0.00294706 -0.00909581 0.000320831 -0.00158443 -0.00270317
internal_weight=2507 691 1816 265 95 170 79 91 1551 1531 1412 119 68 667 121 93 546 521
internal_count=2507 691 1816 265 95 170 79 91 1551 1531 1412 119 68 667 121 93 546 521
is_linear=0
shrinkage=0.05


Tree=86
num_leaves=18
num_cat=0
split_feature=5 5 5 6 3 5 4 4 4 4 5 4 4 0 0 0 4
split_gain=4.39178 4.4756 6.81383 3.34414 4.48472 3.20442 3.0763 7.70267 2.68947 5.61427 4.39156 4.74763 2.70356 2.50835 7.55426 4.76343 1.66594
threshold=5.2174000740535407 5.4869033291055276 5.6432451589969341 1.0000000180025095e-35 42.507175341638742 5.3356756110415029 0.67968245409712302 0.75659753601378787 0.80767834362342483 0.79402660853462737 2.005111939455825 0.87038507796812647 0.77819520224790517 554.18634850842375 682.00239423140931 513.68506784051726 0.73819867170637476
decision_type=2 2 2 2 2 2 2 2 2 2 2 2 2 2 2 2 2
left_child=3 5 16 4 6 -2 -1 -8 9 12 -10 -12 -5 15 -15 -4 -3
right_child=1 2 13 8 -6 -7 7 -9 10 -11 11 -13 -14 14 -16 -17 -18
leaf_value=0.020486942069338904 0.0035598627803847191 -0.0094018827937543403 0.00092444885383646195 -0.0072701066996986898 -0.01225967960698264 0.031863641850650312 -0.017076572139972244 0.017549012694507839 -0.014410609056552252 -0.029746935930516985 0.017691617553203327 -0.010548905461010609 0.01050093345263082 0.016960847702769875 -0.00054702875150237668 -0.016996679258973978 -0.029809869043529037
leaf_weight=35 20 20 1530 308 35 20 29 36 30 27 46 22 23 96 172 38 20
leaf_count=35 20 20 1530 308 35 20 29 36 30 27 46 22 23 96 172 38 20
internal_value=1.08196e-11 0.00116228 0.000809408 -0.00376805 0.00314443 0.0177118 0.00853587 0.00210067 -0.00581451 -0.00782357 0.0015247 0.00855498 -0.00603526 0.00125419 0.00572445 0.000490136 -0.0196059
internal_weight=2507 1916 1876 591 135 40 100 65 456 358 98 68 331 1836 268 1568 40
internal_count=2507 1916 1876 591 135 40 100 65 456 358 98 68 331 1836 268 1568 40
is_linear=0
shrinkage=0.05


Tree=87
num_leaves=13
num_cat=0
split_feature=5 3 3 5 0 2 2 0 5 2 2 2
split_gain=4.16814 4.53338 4.04327 3.076 9.02798 3.59468 5.24801 5.64908 3.28526 2.53544 7.76327 5.87035
threshold=9.2759158204786392 0.83412916412802163 1.571162881429383 9.1086541839255322 215.23305613176316 9.8222058669557892 9.4720017231821227 387.63014413099887 4.0133248893264648 5.7680626552742789 5.4620129006376388 7.7310841873796381
decision_type=2 2 2 2 2 2 2 2 2 2 2 2
left_child=3 -2 -3 5 -5 6 8 -8 -1 10 -4 -11
right_child=1 2 9 4 -6 -7 7 -9 -10 11 -12 -13
leaf_value=-0.0056857373623388522 -0.020058131324393408 0.025674191787838935 0.0019394693809320755 0.010700361621566117 -0.034369528606534007 -0.021160020188174464 0.0027450488354915231 0.035429235408082606 -0.00013743545743733721 0.013482141803864292 -0.029170214207399459 0.00010303272734908912
leaf_weight=343 21 20 445 20 25 22 39 20 1201 152 21 178
leaf_count=343 21 20 445 20 25 22 39 20 1201 152 21 178
internal_value=4.78536e-11 0.00287978 0.0034701 -0.00144334 -0.0143385 -0.00108624 -0.000810746 0.0138244 -0.00136999 0.0029122 0.000537531 0.00626553
internal_weight=2507 837 816 1670 45 1625 1603 59 1544 796 466 330
internal_count=2507 837 816 1670 45 1625 1603 59 1544 796 466 330
is_linear=0
shrinkage=0.05


Tree=88
num_leaves=21
num_cat=0
split_feature=5 6 4 3 3 2 4 0 4 0 0 2 0 0 2 4 2 2 0 2
split_gain=3.79644 2.52956 6.45422 6.6788 3.64119 4.80733 6.56879 4.41239 3.19781 3.04291 11.4205 6.41642 2.49273 4.38917 3.84467 9.52864 8.59059 3.7314 11.1473 10.4119
threshold=8.3754284461136379 1.0000000180025095e-35 0.86356042797568622 1.7829708330811087 6.3949152581820607 2.5372257609978042 0.64252607733040068 266.65654665701328 0.78202906695038343 307.38438353885994 365.73933735980739 3.8758214872581305 1061.6282068696798 539.37141145517865 3.8161644814568536 0.64482802925980442 5.2601066661860072 7.5066040294987886 40.334234158966517 6.9263763615011529
decision_type=2 2 2 2 2 2 2 2 2 2 2 2 2 2 2 2 2 2 2 2
left_child=1 2 3 -1 5 6 -3 -7 -5 11 -11 -6 13 17 15 -15 -16 19 -19 -2
right_child=12 4 -4 8 9 7 -8 -9 -10 10 -12 -13 -14 14 16 -17 -18 18 -20 -21
leaf_value=0.023850355297327042 0.0012761980468538874 -0.044477303661406044 0.025890079332300676 0.00031184346258946995 0.0073427554059018324 -0.011432226290176997 -0.008556591023557953 0.0062809962653002501 -0.013009624809704044 -0.028245335353657287 -0.0013020581787034748 -0.0036809241196046685 -0.012028009742498399 0.045723741262665263 -0.02450411917641759 0.004054130898679004 0.013334554730293652 0.027423613488674167 -0.0079134744403955466 0.022573877368602783
leaf_weight=27 644 20 26 249 217 87 35 59 55 47 241 337 30 23 20 34 60 25 208 63
leaf_count=27 644 20 26 249 217 87 35 59 55 47 241 337 30 23 20 34 60 25 208 63
internal_value=-2.53773e-11 -0.00173018 0.00190258 1.83663e-05 -0.00297361 -0.00902016 -0.0216187 -0.00427414 -0.00209829 -0.00153019 -0.00569905 0.000637015 0.00218812 0.00258411 0.0109451 0.0208682 0.00387489 0.00136555 -0.00412194 0.00317401
internal_weight=2507 1400 357 331 1043 201 55 146 304 842 288 554 1107 1077 137 57 80 940 233 707
internal_count=2507 1400 357 331 1043 201 55 146 304 842 288 554 1107 1077 137 57 80 940 233 707
is_linear=0
shrinkage=0.05


Tree=89
num_leaves=18
num_cat=0
split_feature=5 3 3 3 4 4 3 3 0 5 3 0 2 4 4 2 3
split_gain=3.46327 3.52745 3.1468 7.28996 7.19727 8.9276 5.67695 4.72551 10.1146 4.50268 3.88059 6.6433 2.66547 2.90426 10.3877 8.39061 1.83057
threshold=10.072574976659729 131.0919340571144 37.734040280285676 17.066906801086926 0.86356042797568622 0.82713837826856473 43.924045808298125 23.198824310306346 139.85383192824881 10.534839587999736 15.269732975744136 49.454068397365567 0.25860406392265334 0.56623390572019139 0.62497560296945287 3.3351016865655345 14.08970954733998
decision_type=2 2 2 2 2 2 2 2 2 2 2 2 2 2 2 2 2
left_child=1 12 3 10 5 6 -4 8 -5 -9 11 -2 16 15 -15 -14 -1
right_child=2 -3 4 7 -6 -7 -8 9 -10 -11 -12 -13 13 14 -16 -17 -18
leaf_value=0.022375364929903302 -0.017540515369425216 -0.020547084267372673 -0.02349824262437997 0.00014333438873291015 -0.025183225823726892 0.030707783235803893 0.0021587858679399728 -0.014055932685732842 0.041312234667507386 0.012372427630092366 -0.018200028985738755 0.005578838111135272 0.0051054792838687657 0.010352603416016501 -0.0018778882594340522 -0.011600785205989858 0.0024174562206974739
leaf_weight=20 36 23 27 25 29 23 107 20 37 83 25 227 119 201 1274 204 27
leaf_count=20 36 23 27 25 29 23 107 20 37 83 25 227 119 201 1274 204 27
internal_value=1.32018e-11 -0.00108692 0.00317742 0.00542575 -0.00229837 0.00192877 -0.00301091 0.0138056 0.0247119 0.00724071 0.000624781 0.00241421 -0.000844328 -0.00115159 -0.000211225 -0.00544585 0.0109102
internal_weight=2507 1868 639 453 186 157 134 165 62 103 288 263 1845 1798 1475 323 47
internal_count=2507 1868 639 453 186 157 134 165 62 103 288 263 1845 1798 1475 323 47
is_linear=0
shrinkage=0.05


Tree=90
num_leaves=16
num_cat=0
split_feature=5 5 5 4 4 5 5 5 4 4 0 2 2 4 4
split_gain=3.30132 4.12626 6.03108 3.0207 5.84939 2.92967 3.01101 2.88074 2.49341 4.2972 2.41976 2.29753 2.87988 1.46472 0.534268
threshold=5.2174000740535407 5.4869033291055276 5.6432451589969341 0.80767834362342483 0.79402660853462737 2.6269566017163291 3.5791751772827758 5.3356756110415029 0.78377481799960769 0.73064212309666476 142.55024624689344 0.12809111875697943 0.45547246795846713 0.73819867170637476 0.86059700965505537
decision_type=2 2 2 2 2 2 2 2 2 2 2 2 2 2 2
left_child=3 7 13 4 8 14 -7 -2 9 -1 -8 -4 -13 -3 -5
right_child=1 2 11 5 -6 6 10 -9 -10 -11 -12 12 -14 -15 -16
leaf_value=-0.001217250429830086 0.0034800609131343664 -0.0089700921438634392 0.016790939851299577 -0.00094257934909799826 -0.02570944931358099 0.025931567805153984 0.015906802985979164 0.030316301472485065 0.01245884866980107 -0.012434156584786252 -0.0054978355945598696 -0.0083267554945461921 0.0013190687418225444 -0.028105946406722072 -0.011841430565850302
leaf_weight=296 20 20 23 23 32 21 23 20 23 120 31 81 1732 20 22
leaf_count=296 20 20 23 23 32 21 23 20 23 120 31 81 1732 20 22
internal_value=-4.99792e-11 0.0010077 0.000668886 -0.00326693 -0.00507124 0.00381496 0.00986649 0.0168982 -0.00356686 -0.0044529 0.00361895 0.00108734 0.000888119 -0.018538 -0.00627091
internal_weight=2507 1916 1876 591 471 120 75 40 439 416 54 1836 1813 40 45
internal_count=2507 1916 1876 591 471 120 75 40 439 416 54 1836 1813 40 45
is_linear=0
shrinkage=0.05


Tree=91
num_leaves=18
num_cat=0
split_feature=5 3 3 0 0 4 3 5 0 0 0 2 0 2 2 4 2
split_gain=3.02295 2.32168 7.19607 5.15775 7.4291 3.91513 3.23861 4.95299 2.91562 2.2576 3.77409 3.40934 10.4138 9.29357 3.36683 8.68569 7.78346
threshold=8.3754284461136379 73.577748048797034 66.308105855228717 68.183051416436243 299.66747088828976 0.71511179649221757 58.703270086181405 8.2321571600410941 481.31734723391367 1061.6282068696798 539.37141145517865 7.5066040294987886 107.66639756488586 6.9263763615011529 3.8161644814568536 0.64482802925980442 5.2601066661860072
decision_type=2 2 2 2 2 2 2 2 2 2 2 2 2 2 2 2 2
left_child=1 2 6 -3 5 -5 7 -1 -6 10 11 13 -13 -2 15 -12 -16
right_child=9 3 -4 4 8 -7 -8 -9 -10 -11 14 12 -14 -15 16 -17 -18
leaf_value=-0.0015175871559878506 0.0011350878200104919 -0.014496298091342816 -0.026361619296173255 0.042071113758720462 -0.013594944699218981 0.011822993810410085 0.012990741995540825 -0.022089380522569022 0.010926159140018916 -0.011576518962780634 0.0430990897361999 0.010572440037503839 -0.011689485781186936 0.021256470469210947 -0.023546790368855 0.003315296130912269 0.01247047072586914
leaf_weight=1185 644 26 30 20 27 23 37 30 22 30 23 80 153 63 20 34 60
leaf_count=1185 644 26 30 20 27 23 37 30 22 30 23 80 153 63 20 34 60
internal_value=5.18024e-11 -0.0015439 -0.00216163 0.00516745 0.0107246 0.0258919 -0.00158176 -0.00202553 -0.00258547 0.00195253 0.00232939 0.00119942 -0.00404591 0.00292808 0.0100824 0.0193684 0.00346616
internal_weight=2507 1400 1282 118 92 43 1252 1215 49 1107 1077 940 233 707 137 57 80
internal_count=2507 1400 1282 118 92 43 1252 1215 49 1107 1077 940 233 707 137 57 80
is_linear=0
shrinkage=0.05


Tree=92
num_leaves=15
num_cat=0
split_feature=5 2 2 3 0 4 0 0 4 5 0 5 2 3
split_gain=2.97488 4.46967 5.03857 7.73724 3.48598 10.5265 4.4537 2.80194 4.16486 5.28931 3.84856 8.41204 3.52683 3.21267
threshold=3.9320787686524983 9.8222058669557892 9.6378839072983027 22.830365710296679 1061.6282068696798 0.67404634374205663 554.18634850842375 65.250008639986206 0.61906891311353107 2.6269566017163291 139.85383192824881 2.3604833998638273 1.2347451186205169 13.49233073837153
decision_type=2 2 2 2 2 2 2 2 2 2 2 2 2 2
left_child=7 2 4 -4 6 -6 -2 8 -1 -10 11 -9 -12 -14
right_child=1 -3 3 -5 5 -7 -8 10 9 -11 12 -13 13 -15
leaf_value=0.003621992630803067 0.00010001445691791084 -0.017565067036246714 -0.0022866432555019855 0.038764462713152176 -0.034413499523092202 0.0076832475761572528 0.0073177915814317332 -0.0087807190397547353 -0.0047890695255427135 -0.039870936592871498 0.011831543265053861 0.025899278465658426 0.00069010834741805281 -0.012809203954476142
leaf_weight=23 1774 33 24 22 27 33 243 36 21 22 26 34 70 119
leaf_count=23 1774 33 24 22 27 33 243 36 21 22 26 34 70 119
internal_value=-1.71814e-13 0.000694955 0.00097879 0.0173465 0.000616289 -0.0112603 0.000969583 -0.00426873 -0.0135519 -0.0227379 -0.00211894 0.00806385 -0.00543427 -0.00780946
internal_weight=2507 2156 2123 46 2077 60 2017 351 66 43 285 70 215 189
internal_count=2507 2156 2123 46 2077 60 2017 351 66 43 285 70 215 189
is_linear=0
shrinkage=0.05


Tree=93
num_leaves=9
num_cat=0
split_feature=4 5 4 4 5 5 4 2
split_gain=2.83763 2.70495 5.89583 6.60183 3.96489 3.77993 3.68714 3.49786
threshold=0.33952008870163491 8.8787958342929549 0.41291997768995981 0.48082687284869702 8.8014410034375814 8.7112482010407088 0.53000809120205306 9.8222058669557892
decision_type=2 2 2 2 2 2 2 2
left_child=-1 4 -3 -4 5 7 -5 -2
right_child=1 2 3 6 -6 -7 -8 -9
leaf_value=-0.018758313953876497 -0.00086141812900676672 0.027252065649499065 -0.020337402801537379 0.018836957329150403 -0.020138862487187405 0.017732165219193255 0.0018072763432736207 -0.021914162561297419
leaf_weight=20 1461 23 33 33 27 27 863 20
leaf_count=20 1461 23 33 33 27 27 863 20
internal_value=2.01742e-11 0.000150851 0.00224471 0.00162558 -0.00114775 -0.000807723 0.00243449 -0.00114572
internal_weight=2507 2487 952 929 1535 1508 896 1481
internal_count=2507 2487 952 929 1535 1508 896 1481
is_linear=0
shrinkage=0.05


Tree=94
num_leaves=16
num_cat=0
split_feature=5 2 2 3 0 4 0 0 4 5 2 5 2 0 2
split_gain=2.613 3.79136 4.51318 6.9522 3.12112 9.5126 4.02701 2.52623 3.75144 4.7599 3.53666 4.11366 6.04153 5.49618 3.65565
threshold=3.9320787686524983 9.8222058669557892 9.6378839072983027 22.830365710296679 1061.6282068696798 0.67404634374205663 554.18634850842375 65.250008639986206 0.61906891311353107 2.6269566017163291 8.5166804512314318 2.6269566017163291 2.8852288461429203 139.85383192824881 9.2145793722753648
decision_type=2 2 2 2 2 2 2 2 2 2 2 2 2 2 2
left_child=7 2 4 -4 6 -6 -2 8 -1 -10 11 12 -9 -13 -12
right_child=1 -3 3 -5 5 -7 -8 10 9 -11 14 13 -14 -15 -16
leaf_value=0.0034839646647805756 7.7075131928911511e-05 -0.016166170788082211 -0.0022068953141570094 0.036705946772020652 -0.032678183043996493 0.007339920543811539 0.0069403985474994524 -0.018763099552369586 -0.0045065451768182578 -0.037786471911452041 -0.027025398533218184 0.027481285896566177 0.002957381665446731 0.001126249406513887 0.0010227960955706381
leaf_weight=23 1774 33 24 22 27 33 243 51 21 22 26 27 86 74 21
leaf_count=23 1774 33 24 22 27 33 243 51 21 22 26 27 86 74 21
internal_value=-3.73773e-11 0.000651316 0.000912727 0.0164036 0.000569646 -0.0106682 0.000903941 -0.00400067 -0.0128153 -0.0215335 -0.0019594 0.000515773 -0.00512834 0.00817166 -0.0144932
internal_weight=2507 2156 2123 46 2077 60 2017 351 66 43 285 238 137 101 47
internal_count=2507 2156 2123 46 2077 60 2017 351 66 43 285 238 137 101 47
is_linear=0
shrinkage=0.05


Tree=95
num_leaves=14
num_cat=0
split_feature=4 5 2 4 3 2 4 2 4 6 0 0 0
split_gain=2.58755 2.47398 2.95407 10.2667 14.053 4.42487 6.22206 6.06443 2.83783 6.7408 5.13163 7.01425 6.44312
threshold=0.33952008870163491 11.203061302847718 9.5694021142326218 0.78024783768643402 9.4579736269481227 8.2996627137763443 0.85480124995162277 7.449391461365467 0.88089796628188877 1.5000000000000002 260.10457216110427 339.0734638188946 175.02278497770044
decision_type=2 2 2 2 2 2 2 2 2 2 2 2 2
left_child=-1 2 5 4 -4 7 -7 -2 10 -10 12 -12 -3
right_child=1 8 3 -5 -6 6 -8 -9 9 -11 11 -13 -14
leaf_value=-0.017912665605545046 -0.00099972403364170705 0.0056194340543870153 -0.016483514826922192 -0.022296335690078283 0.03255631407470598 -0.0097271005749860976 0.014105044377426948 0.0089448808845790009 -0.019497425319921033 0.012511596658491884 0.032116186357517208 0.0062364013050682848 -0.015377207457398376
leaf_weight=20 1561 153 21 21 48 235 31 170 38 29 36 96 48
leaf_count=20 1561 153 21 21 48 235 31 170 38 29 36 96 48
internal_value=1.80404e-12 0.00014405 -0.000546347 0.00831474 0.0176311 -0.000945694 -0.00694967 -2.30731e-05 0.0037462 -0.00564277 0.00563527 0.0132945 0.000605311
internal_weight=2507 2487 2087 90 69 1997 266 1731 400 67 333 132 201
internal_count=2507 2487 2087 90 69 1997 266 1731 400 67 333 132 201
is_linear=0
shrinkage=0.05


Tree=96
num_leaves=19
num_cat=0
split_feature=4 0 4 0 2 2 4 4 3 5 3 3 2 6 4 0 5 0
split_gain=2.45616 8.05041 7.0842 6.45443 4.50481 3.71618 3.46442 9.18709 8.08573 13.8575 13.7643 6.75924 3.22444 2.6117 2.30278 1.71017 1.49802 1.2087
threshold=0.80767834362342483 50.724992824825684 0.79127216897844022 76.839916444439964 6.954135213297195 2.6264644097030825 0.74824295921245876 0.74428187893356246 17.5953312750345 9.6552132403951294 26.075016969993101 0.51009783838569145 9.5910636422051763 3.5000000000000004 0.85480124995162277 28.550465339871902 7.2719804189457102 61.687587013357536
decision_type=2 2 2 2 2 2 2 2 2 2 2 2 2 2 2 2 2 2
left_child=2 14 6 17 5 -4 7 11 9 -8 -10 -1 13 -5 15 -2 -7 -3
right_child=1 3 4 12 -6 16 8 -9 10 -11 -12 -13 -14 -15 -16 -17 -18 -19
leaf_value=-0.02445005831019632 -0.010208091493695975 0.015745094402328783 -0.0068530519643137527 0.0033408484269632555 0.0016112666577100755 -0.019348494037985803 0.0055151544351247144 -0.028504101522266869 -0.030645718875208075 0.044295666231934372 0.0048602375795223545 -6.7654192626393636e-05 -0.016307804990792648 0.020622397538112559 -0.0034721688534586855 -0.030885178782045844 -0.037876722457682872 0.032551864180713895
leaf_weight=29 20 23 31 442 35 20 112 30 35 29 124 1431 20 23 39 20 24 20
leaf_count=29 20 23 31 442 35 20 112 30 35 29 124 1431 20 23 39 20 24 20
internal_value=1.79917e-11 0.00276888 -0.000884583 0.00499619 -0.0132006 -0.0201127 -0.000127736 -0.00111476 0.00477447 0.0134913 -0.00295554 -0.000551962 0.00335013 0.00419563 -0.0121175 -0.0205466 -0.0294548 0.0235622
internal_weight=2507 607 1900 528 110 75 1790 1490 300 141 159 1460 485 465 79 40 44 43
internal_count=2507 607 1900 528 110 75 1790 1490 300 141 159 1460 485 465 79 40 44 43
is_linear=0
shrinkage=0.05


Tree=97
num_leaves=14
num_cat=0
split_feature=0 0 0 3 4 4 4 4 5 5 4 3 3
split_gain=2.46711 10.6568 7.49806 7.22174 9.17344 6.04991 4.73605 7.23222 3.16826 3.13478 2.92339 2.54078 6.18841
threshold=554.18634850842375 513.68506784051726 682.00239423140931 77.897968120475753 0.57868240050031894 0.62118352825041023 0.85697046719661185 0.7789759691994248 14.769772949314552 8.4493274734443578 0.87521491665893014 115.51111601892286 105.65298884952021
decision_type=2 2 2 2 2 2 2 2 2 2 2 2 2
left_child=1 8 5 4 -4 -2 7 -7 11 -3 -6 12 -1
right_child=2 9 3 -5 10 6 -8 -9 -10 -11 -12 -13 -14
leaf_value=-0.00037220012906894135 0.032056773693836998 -0.03418188184233649 -0.027291307898445263 0.025802541278112174 0.0027170865126372053 0.011558192191605872 0.026269510760903361 -0.023177026919306214 0.014840640872716904 -0.010071460154050818 -0.017587425466626883 -0.013496629733385314 0.027579176239669323
leaf_weight=2002 33 28 36 22 156 47 24 22 35 26 20 36 20
leaf_count=2002 33 28 36 22 156 47 24 22 35 26 20 36 20
internal_value=4.90714e-12 -0.000642277 0.00383047 -0.00146459 -0.0042942 0.0136641 0.00713773 0.000483195 -7.64536e-05 -0.0225732 0.000409756 -0.000330146 -9.57276e-05
internal_weight=2507 2147 360 234 212 126 93 69 2093 54 176 2058 2022
internal_count=2507 2147 360 234 212 126 93 69 2093 54 176 2058 2022
is_linear=0
shrinkage=0.05


Tree=98
num_leaves=11
num_cat=0
split_feature=4 4 0 4 0 4 0 6 4 4
split_gain=2.38152 2.19093 8.77812 2.36786 7.2689 6.21418 5.80307 4.25847 3.34293 2.06759
threshold=0.33952008870163491 0.41291997768995981 199.2405985522079 0.80767834362342483 50.724992824825684 0.79127216897844022 76.839916444439964 2.5000000000000004 0.74824295921245876 0.85480124995162277
decision_type=2 2 2 2 2 2 2 2 2 2
left_child=-1 2 -2 5 9 8 -6 -7 -3 -5
right_child=1 3 -4 4 6 7 -8 -9 -10 -11
leaf_value=-0.01718473419547081 -0.0080713666110698665 -0.0012483337643092276 0.034133787046779288 -0.019500693860463797 0.022352505154734435 -0.017130970963173443 0.0031874226146502444 0.0083758928580209609 0.0045605564255189772 -0.0033216347989554595
leaf_weight=20 28 1420 22 40 43 90 485 20 300 39
leaf_count=20 28 1420 22 40 43 90 485 20 300 39
internal_value=-1.19573e-12 0.000138196 0.0104989 -7.43744e-05 0.00263177 -0.000971987 0.00474822 -0.0124934 -0.000235155 -0.0115136
internal_weight=2507 2487 50 2437 607 1830 528 110 1720 79
internal_count=2507 2487 50 2437 607 1830 528 110 1720 79
is_linear=0
shrinkage=0.05


Tree=99
num_leaves=16
num_cat=0
split_feature=5 2 2 3 0 4 0 0 4 5 2 5 2 0 2
split_gain=2.2402 3.39746 3.83694 6.17955 2.70752 8.46201 3.30035 2.13359 3.32133 4.29025 3.13046 3.60665 5.38153 4.8841 3.28578
threshold=3.9320787686524983 9.8222058669557892 9.6378839072983027 22.830365710296679 1061.6282068696798 0.67404634374205663 554.18634850842375 65.250008639986206 0.61906891311353107 2.6269566017163291 8.5166804512314318 2.6269566017163291 2.8852288461429203 139.85383192824881 9.2145793722753648
decision_type=2 2 2 2 2 2 2 2 2 2 2 2 2 2 2
left_child=7 2 4 -4 6 -6 -2 8 -1 -10 11 12 -9 -13 -12
right_child=1 -3 3 -5 5 -7 -8 10 9 -11 14 13 -14 -15 -16
leaf_value=0.0035314298680295115 9.6994484136912133e-05 -0.015316841442307289 -0.0024120993756999573 0.034274736122990195 -0.030691617340953267 0.0070520083673975683 0.0063103040186122993 -0.017652999211614038 -0.0038430942311173397 -0.035438537326726048 -0.0255017357770367 0.025871599286242771 0.0028467684940889828 0.001027384350025976 0.0010896894615143539
leaf_weight=23 1774 33 24 22 27 33 243 51 21 22 26 27 86 74 21
leaf_count=23 1774 33 24 22 27 33 243 51 21 22 26 27 86 74 21
internal_value=-2.7868e-11 0.000603067 0.000850527 0.0151338 0.000534191 -0.00993262 0.000845549 -0.00370431 -0.011805 -0.0200082 -0.00182836 0.000500331 -0.00478453 0.00766891 -0.0136205
internal_weight=2507 2156 2123 46 2077 60 2017 351 66 43 285 238 137 101 47
internal_count=2507 2156 2123 46 2077 60 2017 351 66 43 285 238 137 101 47
is_linear=0
shrinkage=0.05


Tree=100
num_leaves=11
num_cat=0
split_feature=4 0 0 0 4 3 4 2 5 2
split_gain=2.17172 2.04034 9.79117 9.1531 12.1977 4.69286 5.02433 2.88319 2.767 2.60716
threshold=0.33952008870163491 554.18634850842375 513.68506784051726 599.25570231856568 0.70333138714326882 84.726544167747932 0.57868240050031894 6.4376286017435111 14.769772949314552 7.7310841873796381
decision_type=2 2 2 2 2 2 2 2 2 2
left_child=-1 2 8 4 -3 6 -5 -4 9 -2
right_child=1 3 7 5 -6 -7 -8 -9 -10 -11
leaf_value=-0.016410340536385775 0.00081001189351374717 0.053654432184994216 -0.030687386576424946 -0.016123039073621236 0.0038782826304668561 0.023110875664722353 0.0016418911016530203 -0.0069880073890089996 0.014034198639648303 -0.0034860217914683745
leaf_weight=20 1590 20 33 48 32 21 233 21 35 454
leaf_count=20 1590 20 33 48 32 21 233 21 35 454
internal_value=2.98422e-11 0.000131969 -0.000451463 0.00364739 0.023023 0.000311202 -0.00139269 -0.021471 9.44983e-05 -0.000144195
internal_weight=2507 2487 2133 354 52 302 281 54 2079 2044
internal_count=2507 2487 2133 354 52 302 281 54 2079 2044
is_linear=0
shrinkage=0.05


Tree=101
num_leaves=14
num_cat=0
split_feature=5 2 2 3 0 4 0 5 6 5 3 3 3
split_gain=1.99253 2.99837 3.5445 5.59056 2.41223 7.44811 2.98372 2.14703 5.92765 2.764 3.0469 3.92031 1.8139
threshold=3.9320787686524983 9.8222058669557892 9.6378839072983027 22.830365710296679 1061.6282068696798 0.67404634374205663 934.11943923130627 3.5791751772827758 1.5000000000000002 3.1521939035770981 3.798728825795719 5.9507177115799941 23.402299931312808
decision_type=2 2 2 2 2 2 2 2 2 2 2 2 2
left_child=7 2 4 -4 6 -6 -2 9 -9 10 -1 -12 -11
right_child=1 -3 3 -5 5 -7 -8 8 -10 12 11 -13 -14
leaf_value=0.010637295089902417 0.00058453687422426836 -0.01438693166569327 -0.0021594163496047258 0.032735301706601272 -0.028858073041946805 0.0065522562486655779 0.018696907597958393 -0.028977725834206297 0.0055645027238389721 0.0010596096096560359 -0.026652523059220543 -0.0039379034013529522 0.020499128131195907
leaf_weight=31 1994 33 24 22 27 33 23 27 23 30 21 199 20
leaf_count=31 1994 33 24 22 27 33 23 27 23 30 21 199 20
internal_value=-4.41607e-12 0.000568754 0.000801226 0.0145294 0.000497184 -0.00938239 0.000791074 -0.00349354 -0.0130883 -0.00189973 -0.00403821 -0.00610612 0.00883542
internal_weight=2507 2156 2123 46 2077 60 2017 351 50 301 251 220 50
internal_count=2507 2156 2123 46 2077 60 2017 351 50 301 251 220 50
is_linear=0
shrinkage=0.05


Tree=102
num_leaves=11
num_cat=0
split_feature=4 4 0 4 0 4 0 2 4 5
split_gain=1.96449 2.01489 7.98374 2.05488 6.4312 5.56687 5.23367 4.06218 3.10348 2.00627
threshold=0.33952008870163491 0.41291997768995981 187.47300496571799 0.80767834362342483 50.724992824825684 0.79127216897844022 76.839916444439964 6.954135213297195 0.74824295921245876 7.3889485246000977
decision_type=2 2 2 2 2 2 2 2 2 2
left_child=-1 2 -2 5 9 8 -6 -7 -3 -5
right_child=1 3 -4 4 6 7 -8 -9 -10 -11
leaf_value=-0.015607743486762048 -0.0083791367226728683 -0.0011933441949158934 0.031708682765779289 -0.0004001564571055873 0.02115171032762805 -0.018383153147995473 0.0029511430808078962 0.0022459984464304789 0.0044036385910585524 -0.016930957840755583
leaf_weight=20 27 1420 23 29 43 75 485 35 300 50
leaf_count=20 27 1420 23 29 43 75 485 35 300 50
internal_value=-2.73578e-11 0.000125515 0.0100613 -7.83374e-05 0.00244263 -0.000914527 0.00443339 -0.0118193 -0.000217126 -0.0108627
internal_weight=2507 2487 50 2437 607 1830 528 110 1720 79
internal_count=2507 2487 50 2437 607 1830 528 110 1720 79
is_linear=0
shrinkage=0.05


Tree=103
num_leaves=14
num_cat=0
split_feature=0 0 0 3 4 4 3 5 3 5 5 3 3
split_gain=1.93389 8.73817 6.14231 6.24399 7.3059 5.48878 4.51695 5.97708 2.91685 2.77253 2.53477 2.29753 5.43547
threshold=554.18634850842375 513.68506784051726 682.00239423140931 77.897968120475753 0.57868240050031894 0.62118352825041023 6.6380391710855431 7.3064629603057316 5.3072692813876605 8.4493274734443578 14.769772949314552 115.51111601892286 105.65298884952021
decision_type=2 2 2 2 2 2 2 2 2 2 2 2 2
left_child=1 10 5 4 -4 -2 -7 -8 -6 -3 11 12 -1
right_child=2 9 3 -5 8 6 7 -9 -10 -11 -12 -13 -14
leaf_value=-0.00031939636402229386 0.029810616311927635 -0.031344802797372853 -0.024555388155082861 0.023953040528365159 0.013820227218093352 0.02647897235694386 0.019286238164148439 -0.010706434708655529 -0.0028686641353285977 -0.0086702057491773021 0.013286399221313853 -0.012803573921943704 0.025876432601362465
leaf_weight=2002 33 28 36 22 32 21 26 46 144 26 35 36 20
leaf_count=2002 33 28 36 22 32 21 26 46 144 26 35 36 20
internal_value=4.86627e-11 -0.000568648 0.00339135 -0.00140114 -0.00403224 0.0122917 0.00607532 0.000124253 0.00016568 -0.0204274 -5.62865e-05 -0.000283203 -6.02883e-05
internal_weight=2507 2147 360 234 212 126 93 72 176 54 2093 2058 2022
internal_count=2507 2147 360 234 212 126 93 72 176 54 2093 2058 2022
is_linear=0
shrinkage=0.05


Tree=104
num_leaves=13
num_cat=0
split_feature=5 2 0 2 3 2 2 5 4 4 0 0
split_gain=1.87538 2.79545 2.74854 2.86095 8.18128 5.04538 2.67784 2.69659 2.50426 4.0661 2.3261 4.36495
threshold=11.818075529365791 0.55694871442396887 27.227454257127629 3.8161644814568536 45.130531890440999 8.8322570144045986 0.25860406392265334 11.651669572440122 0.35667717102669788 0.46620632038193455 99.783744445970669 307.38438353885994
decision_type=2 2 2 2 2 2 2 2 2 2 2 2
left_child=6 -2 -3 4 -4 -5 10 8 -8 -10 -1 -12
right_child=1 2 3 5 -6 -7 7 -9 9 -11 11 -13
leaf_value=-0.004300612723454833 -0.014404230788350106 0.022807131265290083 0.017222460981677561 -0.0054019861366236361 -0.014828865342916778 0.016885205672588201 -0.016039592772722246 -0.017472453194204717 0.010156099453311543 -0.00088562131072017741 0.033322641057893634 0.0010482690889726987
leaf_weight=20 20 20 85 123 26 32 26 24 87 2002 20 22
leaf_count=20 20 20 85 123 26 32 26 24 87 2002 20 22
internal_value=-1.31414e-11 0.00366764 0.00493141 0.00358737 0.00971494 -0.000800759 -0.000509904 -0.000806826 -0.000617713 -0.00042577 0.00973391 0.016417
internal_weight=2507 306 286 266 111 155 2201 2139 2115 2089 62 42
internal_count=2507 306 286 266 111 155 2201 2139 2115 2089 62 42
is_linear=0
shrinkage=0.05


Tree=105
num_leaves=14
num_cat=0
split_feature=5 2 2 3 0 4 0 5 6 5 3 3 4
split_gain=1.81847 2.66667 3.14423 5.02494 2.1333 6.55132 2.69599 1.91184 5.27683 2.48761 2.70662 3.59145 1.61812
threshold=3.9320787686524983 9.8222058669557892 9.6378839072983027 22.830365710296679 1061.6282068696798 0.67404634374205663 934.11943923130627 3.5791751772827758 1.5000000000000002 3.1521939035770981 3.798728825795719 5.9507177115799941 0.74731497982877138
decision_type=2 2 2 2 2 2 2 2 2 2 2 2 2
left_child=7 2 4 -4 6 -6 -2 9 -9 10 -1 -12 -11
right_child=1 -3 3 -5 5 -7 -8 8 -10 12 11 -13 -14
leaf_value=0.0099695215542470253 0.00055627090725553251 -0.013560862345338771 -0.0021296611676613494 0.0309527820145542 -0.027080211981579113 0.006129956798571529 0.01777320602989715 -0.027383262788256008 0.005207608113794223 0.0010065875939714412 -0.025476982657398495 -0.0037359609654706778 0.019367079511284829
leaf_weight=31 1994 33 24 22 27 33 23 27 23 30 21 199 20
leaf_count=31 1994 33 24 22 27 33 23 27 23 30 21 199 20
internal_value=2.6778e-11 0.000543345 0.000762581 0.0136924 0.000476221 -0.00881462 0.000752597 -0.00333747 -0.0123915 -0.00183348 -0.00386222 -0.00581124 0.00835078
internal_weight=2507 2156 2123 46 2077 60 2017 351 50 301 251 220 50
internal_count=2507 2156 2123 46 2077 60 2017 351 50 301 251 220 50
is_linear=0
shrinkage=0.05


Tree=106
num_leaves=16
num_cat=0
split_feature=0 0 2 2 0 3 3 4 2 3 2 3 4 3 4
split_gain=1.79989 7.81471 5.62939 9.48625 6.80237 5.33175 10.5388 5.1399 5.03635 4.45611 2.52028 2.43342 12.0883 6.38045 2.6087
threshold=554.18634850842375 513.68506784051726 7.7934896760486678 6.6694433687346253 1061.6282068696798 16.167895406054516 5.8051585751236869 0.73819867170637476 9.1005065293937637 33.128087311079888 6.4376286017435111 0.90843344438560736 0.65090881927041644 1.3383624111968737 0.70333138714326882
decision_type=2 2 2 2 2 2 2 2 2 2 2 2 2 2 2
left_child=1 11 3 5 8 6 -2 -5 -4 -7 -3 12 -1 -13 -15
right_child=2 10 4 7 -6 9 -8 -9 -10 -11 -12 13 -14 14 -16
leaf_value=-0.037540493967632454 0.012758284932731288 -0.02794558970067142 0.040124310380113978 -0.04028895784169436 -0.0082709491066634659 0.019969601178216556 -0.019540949238996422 -0.0044424246705602856 0.0072728461702354259 0.0025088225229075931 -0.005787882370696891 0.023934352627423192 0.0080224450576949768 0.0017832858289729869 -0.0018280123977372689
leaf_weight=24 46 33 28 20 20 63 56 20 20 87 21 28 37 959 1045
leaf_count=24 46 33 28 20 20 63 56 20 20 87 21 28 37 959 1045
internal_value=5.91712e-12 -0.000548594 0.00327175 0.000254496 0.0162282 0.003845 -0.00497463 -0.0223657 0.0264362 0.00984235 -0.0193287 -6.40618e-05 -0.00990396 0.000231329 -9.98512e-05
internal_weight=2507 2147 360 292 68 252 102 40 48 150 54 2093 61 2032 2004
internal_count=2507 2147 360 292 68 252 102 40 48 150 54 2093 61 2032 2004
is_linear=0
shrinkage=0.05


Tree=107
num_leaves=11
num_cat=0
split_feature=4 4 0 0 2 2 2 0 0 0
split_gain=1.75801 1.73488 7.18077 1.93946 6.39874 6.39297 4.55787 3.68034 7.67817 5.83098
threshold=0.33952008870163491 0.41291997768995981 199.2405985522079 162.6345183556019 0.49401029833653409 3.7401841104711693 0.31940861635369694 554.18634850842375 599.25570231856568 513.68506784051726
decision_type=2 2 2 2 2 2 2 2 2 2
left_child=-1 2 -2 4 6 -6 -3 9 -9 -5
right_child=1 3 -4 7 5 -7 -8 8 -10 -11
leaf_value=-0.0147647600248456 -0.007457595825690078 -0.0019263250341768877 0.030714874257418243 -0.0019505575178745999 0.0078622908957346072 -0.00045855274904931117 -0.02684773487271741 0.020836579994871641 9.337092602001473e-06 -0.018984419968471212
leaf_weight=20 28 43 22 965 364 631 32 52 297 53
leaf_count=20 28 43 22 965 364 631 32 52 297 53
internal_value=-1.10866e-11 0.000118735 0.00933829 -7.04224e-05 0.00152389 0.00258545 -0.0125595 -0.00131835 0.00311254 -0.00283739
internal_weight=2507 2487 50 2437 1070 995 75 1367 349 1018
internal_count=2507 2487 50 2437 1070 995 75 1367 349 1018
is_linear=0
shrinkage=0.05


Tree=108
num_leaves=19
num_cat=0
split_feature=4 0 4 0 6 0 2 2 2 2 2 2 4 0 2 4 0 5
split_gain=1.69449 5.85781 5.15641 4.66938 3.84744 3.62405 3.55738 3.13275 2.84092 10.548 12.5081 7.50949 6.60026 5.05705 2.47632 1.88172 1.54609 1.07447
threshold=0.80767834362342483 50.724992824825684 0.79127216897844022 76.839916444439964 2.5000000000000004 72.908783590230669 7.2392283747742967 9.5910636422051763 4.0359253854152035 2.5111296594417163 2.2642213221532459 4.1852416341830105 0.38772272854096518 357.01224184649067 8.9145296256650948 0.85480124995162277 28.550465339871902 9.3227777624059538
decision_type=2 2 2 2 2 2 2 2 2 2 2 2 2 2 2 2 2 2
left_child=2 15 8 17 5 -4 -7 14 9 10 -1 -10 -13 -11 -5 16 -2 -3
right_child=1 3 4 7 -6 6 -8 -9 11 13 -12 12 -14 -15 -16 -17 -18 -19
leaf_value=0.00072601167887777977 -0.0081881120987236499 0.028080843672865913 0.0031203734129667282 0.0025602866912496748 0.0085943643283098933 -0.028644271984133714 -0.0043640792369842533 -0.01657670539803803 -0.026886002047404906 0.013934812143277422 -0.024027190506779428 -0.025460677160191594 -0.0003985237357475644 -0.001449196335549156 0.016042996333861675 -0.0025834488771999116 -0.027848264202475548 0.012269105829975823
leaf_weight=425 20 21 20 428 20 48 22 20 29 207 58 27 972 72 37 39 20 22
leaf_count=425 20 21 20 428 20 48 22 20 29 207 58 27 972 72 37 39 20 22
internal_value=-3.68738e-11 0.00229983 -0.000734735 0.00419977 -0.0112422 -0.0156503 -0.0210134 0.00279971 -8.90254e-05 0.0022246 -0.00224642 -0.00180399 -0.00107588 0.00996475 0.0036331 -0.0103985 -0.0180182 0.0199911
internal_weight=2507 607 1900 528 110 90 70 485 1790 762 483 1028 999 279 465 79 40 43
internal_count=2507 607 1900 528 110 90 70 485 1790 762 483 1028 999 279 465 79 40 43
is_linear=0
shrinkage=0.05


Tree=109
num_leaves=17
num_cat=0
split_feature=5 3 4 4 3 3 6 5 3 0 3 2 4 4 2 3
split_gain=1.69588 2.95709 6.44297 7.44547 6.11441 5.06639 4.29934 5.79253 3.48563 5.68058 2.92281 2.15411 2.33107 8.71276 6.80893 1.36187
threshold=10.072574976659729 37.734040280285676 0.86356042797568622 0.82713837826856473 17.066906801086926 43.924045808298125 2.5000000000000004 10.940814041672128 14.869160216931109 49.454068397365567 131.0919340571144 0.25860406392265334 0.56623390572019139 0.62497560296945287 3.3351016865655345 14.08970954733998
decision_type=2 2 2 2 2 2 2 2 2 2 2 2 2 2 2 2
left_child=10 4 3 5 8 -3 7 -6 9 -2 11 15 14 -14 -13 -1
right_child=1 2 -4 -5 6 -7 -8 -9 -10 -11 -12 12 13 -15 -16 -17
leaf_value=0.019916306100785736 -0.016461357267366517 -0.022950541200461212 -0.024737179242395636 0.027196568898532704 0.03062031034549529 0.0012875200301478401 -0.0061692878603935245 0.0086389985842075436 -0.015552116045728327 0.0049637827032711357 -0.018474567058982087 0.0048417306356445082 0.0097012108933199111 -0.0014999027849012202 -0.010207770295400063 0.0027019856221697953
leaf_weight=20 36 27 29 23 44 107 27 94 32 220 23 119 201 1274 204 27
leaf_count=20 36 27 29 23 44 107 27 94 32 220 23 119 201 1274 204 27
internal_value=1.01312e-11 0.00222345 -0.00308472 0.000914784 0.00440297 -0.00359627 0.0120775 0.0156475 6.0959e-06 0.00195087 -0.000760593 -0.000539768 -0.000815991 2.64863e-05 -0.00466322 0.0100272
internal_weight=2507 639 186 157 453 134 165 138 288 256 1868 1845 1798 1475 323 47
internal_count=2507 639 186 157 453 134 165 138 288 256 1868 1845 1798 1475 323 47
is_linear=0
shrinkage=0.05


Tree=110
num_leaves=14
num_cat=0
split_feature=5 2 0 2 3 2 2 5 2 6 2 0 0
split_gain=1.64421 2.44189 2.59633 2.35168 7.34929 4.37629 2.25492 2.34904 2.57871 6.45613 3.66617 2.03529 3.73652
threshold=11.818075529365791 0.55694871442396887 27.227454257127629 3.8161644814568536 45.130531890440999 8.8322570144045986 0.25860406392265334 11.651669572440122 9.4720017231821227 1.0000000180025095e-35 8.2996627137763443 99.783744445970669 307.38438353885994
decision_type=2 2 2 2 2 2 2 2 2 2 2 2 2
left_child=6 -2 -3 4 -4 -5 11 8 10 -10 -8 -1 -13
right_child=1 2 3 5 -6 -7 7 -9 9 -11 -12 12 -14
leaf_value=-0.0042052569426596171 -0.013456238433718681 0.021989012211561205 0.015980054094072653 -0.00495471555940292 -0.014397864602506161 0.015802125609479845 -0.00015399501082963461 -0.016304522883729078 0.030454014095923177 0.00059368238510454406 -0.006517804040251156 0.030815508235245943 0.00095467679202556612
leaf_weight=20 20 20 85 123 26 32 1747 24 23 85 260 20 22
leaf_count=20 20 20 85 123 26 32 1747 24 23 85 260 20 22
internal_value=-1.66706e-11 0.00343416 0.00461531 0.00330902 0.00886451 -0.000669432 -0.000477444 -0.000749912 -0.000573406 0.00695283 -0.000978405 0.00892271 0.0151741
internal_weight=2507 306 286 266 111 155 2201 2139 2115 108 2007 62 42
internal_count=2507 306 286 266 111 155 2201 2139 2115 108 2007 62 42
is_linear=0
shrinkage=0.05


Tree=111
num_leaves=16
num_cat=0
split_feature=5 2 2 3 4 4 3 0 0 4 5 2 3 2 2
split_gain=1.59943 2.33931 2.78196 4.51558 2.10675 10.7131 5.14469 1.96261 5.53309 4.01084 4.37434 3.07504 2.8605 2.50125 2.37649
threshold=3.9320787686524983 9.8222058669557892 9.6378839072983027 22.830365710296679 0.74982313132037259 0.74428187893356246 5.5343554138825599 86.079701732778872 139.85383192824881 0.57399250063064466 2.1570186625033934 1.2347451186205169 13.49233073837153 4.3938342896129443 3.67281161926948
decision_type=2 2 2 2 2 2 2 2 2 2 2 2 2 2 2
left_child=7 2 4 -4 5 -2 -6 9 14 -1 -11 -10 -13 -12 -9
right_child=1 -3 3 -5 6 -7 -8 8 11 10 13 12 -14 -15 -16
leaf_value=0.009520222314379434 -0.00012982004014510146 -0.012700559460614443 -0.0021216491547723609 0.029239257831465117 0.011109892484659316 -0.03087579905986786 0.00061150774125152843 0.0040521667338907722 0.012109242694882248 -7.3669319972395912e-05 -0.012357898411296662 0.001789516166650823 -0.010948422873253786 -0.036225087389997815 0.028426815664861351
leaf_weight=22 1230 33 24 22 141 29 677 20 26 30 21 70 119 23 20
leaf_count=22 1230 33 24 22 141 29 677 20 26 30 21 70 119 23 20
internal_value=3.66683e-11 0.000509571 0.000714909 0.012877 0.000445551 -0.000838028 0.00242113 -0.00313001 -0.000835985 -0.00922352 -0.014796 -0.00401282 -0.00623067 -0.0248339 0.0162395
internal_weight=2507 2156 2123 46 2077 1259 818 351 255 96 74 215 189 44 40
internal_count=2507 2156 2123 46 2077 1259 818 351 255 96 74 215 189 44 40
is_linear=0
shrinkage=0.05


Tree=112
num_leaves=15
num_cat=0
split_feature=0 0 2 2 0 3 3 2 3 4 3 4 3 4
split_gain=1.52684 6.34654 5.11112 9.23696 5.87986 4.97258 9.34612 4.63835 3.99973 2.39376 2.26771 10.6921 5.5124 2.40646
threshold=554.18634850842375 513.68506784051726 7.7514516600613286 6.6694433687346253 1061.6282068696798 16.167895406054516 5.8051585751236869 9.1005065293937637 33.128087311079888 0.66906762899559202 0.90843344438560736 0.65090881927041644 1.3383624111968737 0.70333138714326882
decision_type=2 2 2 2 2 2 2 2 2 2 2 2 2 2
left_child=1 10 3 5 7 6 -2 -4 -7 -3 11 -1 -12 -14
right_child=2 9 4 -5 -6 8 -8 -9 -10 -11 12 -13 13 -15
leaf_value=-0.03555908959824592 0.011733548092129439 -0.031155357141979041 0.038086340005975217 -0.022893322620075197 -0.0062652889215810735 0.018938009216198846 -0.018683199298019256 0.0065596557105891407 0.0023955183767381759 -0.0093555536997668894 0.022248256941592055 0.0072917717131408492 0.0017173777739721331 -0.0017511143531142312
leaf_weight=24 46 20 28 38 22 63 56 20 87 34 28 37 959 1045
leaf_count=24 46 20 28 38 22 63 56 20 87 34 28 37 959 1045
internal_value=6.56096e-11 -0.000505271 0.00301338 8.63533e-05 0.0151396 0.00355154 -0.00496584 0.0249502 0.00934336 -0.0174296 -6.86195e-05 -0.00956758 0.000216536 -9.1292e-05
internal_weight=2507 2147 360 290 70 252 102 48 150 54 2093 61 2032 2004
internal_count=2507 2147 360 290 70 252 102 48 150 54 2093 61 2032 2004
is_linear=0
shrinkage=0.05


Tree=113
num_leaves=8
num_cat=0
split_feature=2 3 3 2 2 0 4
split_gain=1.49891 1.74298 4.8488 2.15209 6.40856 4.13108 1.30783
threshold=0.12809111875697943 115.51111601892286 105.65298884952021 5.7680626552742789 4.7593627741401603 117.28386621321357 0.63456951183437316
decision_type=2 2 2 2 2 2 2
left_child=-1 2 3 4 -2 -5 -3
right_child=1 6 -4 5 -6 -7 -8
leaf_value=0.011109212295462689 2.7564843914690011e-05 -0.00055429426953196531 0.021520501131621694 0.0063909921968434138 -0.0091624901658830648 -0.00056378701243511842 -0.017866444389801475
leaf_weight=30 1181 20 26 309 226 691 24
leaf_count=30 1181 20 26 309 226 691 24
internal_value=-3.43256e-11 -0.000134548 4.38159e-05 -0.000188172 -0.00144859 0.00158524 -0.00999729
internal_weight=2507 2477 2433 2407 1407 1000 44
internal_count=2507 2477 2433 2407 1407 1000 44
is_linear=0
shrinkage=0.05


Tree=114
num_leaves=19
num_cat=0
split_feature=5 6 3 0 0 4 4 4 4 3 0 3 4 3 5 3 4 0
split_gain=1.47953 3.28387 2.43198 2.58527 3.39276 2.3196 1.78971 9.30903 7.30528 7.22241 9.71913 8.28653 6.23629 4.70578 3.49089 3.34383 7.43444 7.13207
threshold=3.0637946514097676 2.5000000000000004 3.798728825795719 247.23810194204256 86.079701732778872 0.81223527759563441 0.74824295921245876 0.70333138714326882 0.75527954127585184 45.130531890440999 181.00719011704248 25.718054580238761 0.69406945159339906 1.571162881429383 6.8829967371772094 22.414568017909158 0.77193298505939323 533.69064495304463
decision_type=2 2 2 2 2 2 2 2 2 2 2 2 2 2 2 2 2 2
left_child=1 2 -1 4 -4 -5 7 12 -8 11 -11 -9 13 -2 -14 16 -10 -17
right_child=6 -3 3 5 -6 -7 8 9 15 10 -12 -13 14 -15 -16 17 -18 -19
leaf_value=0.012598509203504632 -0.014800347224334065 -0.018377652201999092 -0.0087518857110564299 -0.014420160698489502 0.010250534131615001 0.0050520085217431194 0.023890478048171546 -0.010696562760818928 0.023651921806264332 -6.4135268330574037e-05 -0.040420194906560153 0.012547439505131201 -0.00091522966278716937 0.0010696045449178199 0.024278164011510936 -0.0049185033261036392 0.0020346765676659538 0.014051440173503141
leaf_weight=27 49 33 41 65 55 20 37 146 44 25 37 52 20 1000 44 340 414 58
leaf_count=27 49 33 41 65 55 20 37 146 44 25 37 52 20 1000 44 340 414 58
internal_value=4.59485e-12 -0.00372457 -0.0013998 -0.00348795 0.00213492 -0.00983847 0.000396126 -0.000737116 0.0021385 -0.00925532 -0.0241476 -0.00459208 0.00125276 0.000328301 0.0164052 0.00119829 0.00411144 -0.00215404
internal_weight=2507 241 208 181 96 85 2266 1373 893 260 62 198 1113 1049 64 856 458 398
internal_count=2507 241 208 181 96 85 2266 1373 893 260 62 198 1113 1049 64 856 458 398
is_linear=0
shrinkage=0.05


Tree=115
num_leaves=10
num_cat=0
split_feature=4 4 2 4 3 4 4 4 3
split_gain=1.44886 1.72015 6.63628 1.81523 10.6872 9.55715 7.01936 4.07851 2.99368
threshold=0.33952008870163491 0.41291997768995981 5.535591062105274 0.56623390572019139 20.837254774134895 0.47132243028661247 0.47132243028661247 0.57246892876857791 43.214965518048892
decision_type=2 2 2 2 2 2 2 2 2
left_child=-1 2 -2 4 5 -3 -6 -5 -9
right_child=1 3 -4 7 6 -7 -8 8 -10
leaf_value=-0.013403837871737779 0.024789048429450084 0.01049712747335434 -0.012117935335707097 0.01878100909292698 -0.012021012009964104 -0.017692993428014839 0.011581780094402059 0.0012879787339892201 -0.0031680639358020132
leaf_weight=20 29 38 21 30 42 144 126 1560 497
leaf_count=20 29 38 21 30 42 144 126 1560 497
internal_value=-3.80868e-11 0.000107791 0.00928812 -8.05618e-05 -0.0034128 -0.0118071 0.00568108 0.00047827 0.000211336
internal_weight=2507 2487 50 2437 350 182 168 2087 2057
internal_count=2507 2487 50 2437 350 182 168 2087 2057
is_linear=0
shrinkage=0.05


Tree=116
num_leaves=15
num_cat=0
split_feature=5 3 3 2 3 5 4 6 0 4 0 0 4 2
split_gain=1.39422 2.95957 5.81669 4.0282 6.53906 3.40184 2.57401 5.60001 4.60266 5.52525 6.13129 4.54791 4.09468 2.70403
threshold=11.203061302847718 115.51111601892286 105.65298884952021 9.5694021142326218 9.2786162327435466 10.940814041672128 0.88089796628188877 1.5000000000000002 260.10457216110427 0.78854234887547081 65.250008639986206 339.0734638188946 0.84513557216892898 1.7077954949471483
decision_type=2 2 2 2 2 2 2 2 2 2 2 2 2 2
left_child=1 2 3 5 -5 -1 8 -8 9 10 -2 -10 -11 -13
right_child=6 -3 -4 4 -6 -7 7 -9 11 12 -12 13 -14 -15
leaf_value=-0.00072856748160882829 0.0081447690329019065 -0.014162928529847891 0.024744397831027925 -0.012880779381679454 0.018202957805624465 -0.016458245273679496 -0.018894738309379475 0.010280263353267621 0.026551304711028935 0.020927925926766226 -0.014360001881141216 0.022378746643662455 -0.0034999515572241668 0.0017712007762523943
leaf_weight=1918 47 39 23 23 64 35 38 29 37 42 85 20 29 78
leaf_count=1918 47 39 23 23 64 35 38 29 37 42 85 20 29 78
internal_value=9.7957e-12 -0.00051757 -0.000259611 -0.000541519 0.00998542 -0.00101046 0.00268625 -0.00626675 0.00446096 -0.000297151 -0.00634694 0.0116158 0.0109503 0.00597682
internal_weight=2507 2102 2063 2040 87 1953 405 67 338 203 132 135 71 98
internal_count=2507 2102 2063 2040 87 1953 405 67 338 203 132 135 71 98
is_linear=0
shrinkage=0.05


Tree=117
num_leaves=20
num_cat=0
split_feature=4 4 4 0 0 4 4 4 3 4 6 6 3 4 4 5 3 5 3
split_gain=1.37412 5.54415 7.02982 6.11398 6.64269 5.37197 5.00786 6.63766 5.13376 4.7836 3.63946 3.52052 2.40096 2.35775 7.15688 6.66203 19.1263 10.17 4.91024
threshold=0.80767834362342483 0.82958570923127783 0.83256802109971628 50.724992824825684 142.55024624689344 0.85480124995162277 0.82437109653365004 0.81910699238618678 25.718054580238761 0.79127216897844022 2.5000000000000004 1.0000000180025095e-35 13.666914881918137 0.74824295921245876 0.74428187893356246 9.6552132403951294 29.100527119277732 8.0580729859503126 0.51009783838569145
decision_type=2 2 2 2 2 2 2 2 2 2 2 2 2 2 2 2 2 2 2
left_child=9 6 -3 5 -5 -4 7 8 -2 13 11 -11 -13 14 18 17 -17 -15 -1
right_child=1 2 3 4 -6 -7 -8 -9 -10 10 -12 12 -14 15 -16 16 -18 -19 -20
leaf_value=-0.020726055472061553 0.030027414197102188 -0.029329255521297455 -0.032844786248777229 0.012933378378845384 -0.0010237570881659276 -0.0023773064215977988 0.029389062103194499 -0.013402783858279388 0.00077631747970978427 -0.0014268309178371583 0.008510826347628609 -0.032850591266261685 -0.012651630430932967 0.0054810442029164458 -0.025028296224772928 0.042605110177666779 -0.01145106906692187 -0.019948801395483315 5.555113404598751e-05
leaf_weight=29 30 20 23 122 283 39 30 30 30 31 20 28 31 184 30 36 30 50 1431
leaf_count=29 30 20 23 122 283 39 30 30 30 31 20 28 31 184 30 36 30 50 1431
internal_value=-5.41074e-11 0.00207104 -0.000300988 0.000942192 0.00318061 -0.0136798 0.0116975 0.00580032 0.0154019 -0.000661642 -0.0107821 -0.0150694 -0.0222376 -3.97133e-05 -0.000853967 0.00400441 0.0180341 4.73165e-05 -0.000357234
internal_weight=2507 607 487 467 405 62 120 90 60 1900 110 90 59 1790 1490 300 66 234 1460
internal_count=2507 607 487 467 405 62 120 90 60 1900 110 90 59 1790 1490 300 66 234 1460
is_linear=0
shrinkage=0.05


Tree=118
num_leaves=17
num_cat=0
split_feature=0 0 0 0 5 3 4 4 4 4 5 0 5 2 0 2
split_gain=1.37832 5.72408 4.92219 5.80153 9.66388 9.27463 4.9925 4.71195 3.86586 6.43714 2.29029 1.92429 2.4613 2.60298 2.38979 2.07825
threshold=554.18634850842375 513.68506784051726 682.00239423140931 749.42634875412909 8.0133977132799519 65.572497600226342 0.62118352825041023 0.68669956798813614 0.85697046719661185 0.7789759691994248 8.4493274734443578 478.93464234371021 2.005111939455825 9.7245456836869391 492.21072475928776 2.9985550836865262
decision_type=2 2 2 2 2 2 2 2 2 2 2 2 2 2 2 2
left_child=1 11 6 4 -4 7 -2 -5 9 -8 -3 12 15 -14 -13 -1
right_child=2 10 3 5 -6 -7 8 -9 -10 -11 -12 14 13 -15 -16 -17
leaf_value=-0.017059168697481877 0.027538685971927462 -0.02647559524380735 -0.041253170032392851 -0.012315189375570327 0.0050997119882832407 0.030147321749693503 0.0093381778555030517 0.005003152523650644 0.022186890329855186 -0.023432154538617894 -0.0058670933501651654 0.019769180786830407 0.00041522166879226767 -0.010620531500740486 -0.0012677986933677286 -0.002571062652827044
leaf_weight=38 33 28 22 66 23 26 47 97 24 22 26 27 1875 55 27 71
leaf_count=38 33 28 22 66 23 26 47 97 24 22 26 27 1875 55 27 71
internal_value=8.39565e-12 -0.000480068 0.00286307 -0.00142711 -0.0175617 0.00241446 0.0108305 -0.00200918 0.00490185 -0.00111033 -0.016553 -6.53823e-05 -0.000312105 0.000100731 0.00925069 -0.00762196
internal_weight=2507 2147 360 234 45 189 126 163 93 69 54 2093 2039 1930 54 109
internal_count=2507 2147 360 234 45 189 126 163 93 69 54 2093 2039 1930 54 109
is_linear=0
shrinkage=0.05


Tree=119
num_leaves=11
num_cat=0
split_feature=4 4 0 4 3 4 4 4 3 2
split_gain=1.38875 1.59821 6.26285 1.60353 9.34998 8.64643 6.16671 3.68249 8.94332 4.44384
threshold=0.33952008870163491 0.41291997768995981 187.47300496571799 0.56623390572019139 20.837254774134895 0.47132243028661247 0.47132243028661247 0.58777188126643909 39.646152730379917 9.8222058669557892
decision_type=2 2 2 2 2 2 2 2 2 2
left_child=-1 2 -2 4 5 -3 -6 8 -5 -9
right_child=1 3 -4 7 6 -7 -8 9 -10 -11
leaf_value=-0.013122855904512107 -0.0073780186612296995 0.010155392232301989 0.028127448442999439 -0.0013647176919440772 -0.011294131823593663 -0.016657954301788576 0.010828736853011559 0.00028965527327398568 0.031562248029513289 -0.019426699984690238
leaf_weight=20 27 38 23 58 42 144 126 1968 32 29
leaf_count=20 27 38 23 58 42 144 126 1968 32 29
internal_value=2.9343e-11 0.000105532 0.0089545 -7.60228e-05 -0.00320792 -0.0110596 0.00529802 0.000449212 0.0103426 3.33865e-06
internal_weight=2507 2487 50 2437 350 182 168 2087 90 1997
internal_count=2507 2487 50 2437 350 182 168 2087 90 1997
is_linear=0
shrinkage=0.05


Tree=120
num_leaves=8
num_cat=0
split_feature=2 3 3 2 2 0 2
split_gain=1.28312 1.36588 3.66834 1.90026 5.78322 3.70256 1.10057
threshold=0.12809111875697943 115.51111601892286 105.65298884952021 5.7680626552742789 5.6910977934022569 117.28386621321357 6.0845726708056533
decision_type=2 2 2 2 2 2 2
left_child=-1 2 3 4 -2 -5 -3
right_child=1 6 -4 5 -6 -7 -8
leaf_value=0.01027849305421114 -0.00096782287236950391 -0.0016366039169952275 0.018713761962806951 0.0060477298191866482 -0.028047817857004706 -0.00053646764178880309 -0.01751784693216905
leaf_weight=30 1387 24 26 309 20 691 20
leaf_count=30 1387 24 26 309 20 691 20
internal_value=-5.48289e-11 -0.000124487 3.34075e-05 -0.000168374 -0.00135276 0.00149805 -0.00885535
internal_weight=2507 2477 2433 2407 1407 1000 44
internal_count=2507 2477 2433 2407 1407 1000 44
is_linear=0
shrinkage=0.05


Tree=121
num_leaves=14
num_cat=0
split_feature=5 2 2 2 2 2 2 3 4 4 3 0 5
split_gain=1.26916 2.33751 4.59807 4.37916 2.95463 1.73322 2.10984 4.24561 1.79105 8.99652 4.23461 1.63313 1.39347
threshold=4.0133248893264648 9.4386879384685294 8.3910335490381112 7.0636809434848686 5.9525623515171047 9.8222058669557892 9.6378839072983027 22.830365710296679 0.74982313132037259 0.74428187893356246 5.5343554138825599 231.77863955006708 2.3604833998638273
decision_type=2 2 2 2 2 2 2 2 2 2 2 2 2
left_child=1 2 3 4 -1 6 8 -8 9 -2 -10 -4 -5
right_child=5 -3 11 12 -6 -7 7 -9 10 -11 -12 -13 -14
leaf_value=-0.0016754930389525241 -0.00012798961736879561 0.013870348031632602 -0.009808054549450225 0.0035708129033446313 -0.016321865369270491 -0.010908977488394488 -0.003670799958965053 0.027052717689763417 0.010145090274911906 -0.028304611692397758 0.00058867217221874918 -0.029549489151686432 0.021616498550967034
leaf_weight=215 1225 20 22 20 41 33 23 22 140 29 674 20 23
leaf_count=215 1225 20 22 20 41 33 23 22 140 29 674 20 23
internal_value=5.56188e-12 -0.00274291 -0.0037173 -0.00154124 -0.0040212 0.000461413 0.000638991 0.0113496 0.000405927 -0.000779602 0.00223228 -0.0192087 0.0132232
internal_weight=2507 361 341 299 256 2146 2113 45 2068 1254 814 42 43
internal_count=2507 361 341 299 256 2146 2113 45 2068 1254 814 42 43
is_linear=0
shrinkage=0.05


Tree=122
num_leaves=13
num_cat=0
split_feature=0 0 3 2 2 3 3 2 5 2 0 4
split_gain=1.26098 5.14138 4.69907 5.48301 8.25549 7.60215 3.27427 2.2061 1.84658 2.11238 5.44458 4.96231
threshold=554.18634850842375 513.68506784051726 1.6525321513705822 7.7514516600613286 6.6694433687346253 16.167895406054516 23.198824310306346 6.4376286017435111 14.769772949314552 7.9388490861402792 47.153547011790309 0.898923630519742
decision_type=2 2 2 2 2 2 2 2 2 2 2 2
left_child=1 8 -2 4 5 -4 -5 -3 9 11 -11 -1
right_child=2 7 3 6 -6 -7 -8 -9 -10 10 -12 -13
leaf_value=-0.00013564155885446014 0.026291651893407111 -0.023753961486121022 -0.0096380222669762115 0.003307894265819942 -0.023985153167612024 0.0086180078579733768 0.026288486362224625 -0.0030233147066263929 0.011322127376416965 0.01148253000640082 -0.0056914872260299884 0.011694801602750382
leaf_weight=1554 20 33 92 31 36 150 31 21 35 53 357 94
leaf_count=1554 20 33 92 31 36 150 31 21 35 53 357 94
internal_value=3.69272e-11 -0.000459179 0.0027385 0.00135302 -0.00164555 0.0016777 0.0147982 -0.015692 -6.61672e-05 -0.000259846 -0.00347143 0.000539153
internal_weight=2507 2147 360 340 278 242 62 54 2093 2058 410 1648
internal_count=2507 2147 360 340 278 242 62 54 2093 2058 410 1648
is_linear=0
shrinkage=0.05


Tree=123
num_leaves=11
num_cat=0
split_feature=4 4 2 2 2 3 3 3 3 0
split_gain=1.25814 1.43955 6.01751 1.48267 6.63151 11.8655 4.64285 11.9441 5.08334 4.50525
threshold=0.33952008870163491 0.41291997768995981 5.535591062105274 5.7680626552742789 4.7593627741401603 55.177497257160589 43.924045808298125 39.168493503327397 47.002219383819728 311.78568720723757
decision_type=2 2 2 2 2 2 2 2 2 2
left_child=-1 2 -2 4 9 -6 7 -5 -8 -3
right_child=1 3 -4 6 5 -7 8 -9 -10 -11
leaf_value=-0.012490504005691037 0.023259279954423808 0.0025130702259444338 -0.011885009156096549 0.0018070990885352741 -0.01434675052538107 0.016356996125786713 -0.026132464200258256 0.029867921929690056 -0.0022381800214250759 -0.0039220297397270501
leaf_weight=20 29 808 21 730 183 38 25 40 203 410
leaf_count=20 29 808 21 730 183 38 25 40 203 410
internal_value=-1.40968e-11 0.000100446 0.00849868 -7.18604e-05 -0.00109893 -0.00906737 0.00140906 0.0032648 -0.00485817 0.000346904
internal_weight=2507 2487 50 2437 1439 221 998 770 228 1218
internal_count=2507 2487 50 2437 1439 221 998 770 228 1218
is_linear=0
shrinkage=0.05


Tree=124
num_leaves=16
num_cat=0
split_feature=0 0 0 0 5 3 4 4 5 3 4 0 3 0 3
split_gain=1.24111 4.53794 4.47764 5.16916 8.67317 8.02349 4.48636 4.21233 3.64313 4.48455 2.13447 1.78673 2.21173 2.20821 2.17279
threshold=554.18634850842375 513.68506784051726 682.00239423140931 749.42634875412909 8.0133977132799519 65.572497600226342 0.62118352825041023 0.68669956798813614 7.2719804189457102 13.666914881918137 0.66906762899559202 478.93464234371021 19.641293028541195 467.44069990789541 0.90843344438560736
decision_type=2 2 2 2 2 2 2 2 2 2 2 2 2 2 2
left_child=1 11 6 4 -4 7 -2 -5 -8 -10 -3 13 -13 14 -1
right_child=2 10 3 5 -6 -7 8 -9 9 -11 -12 12 -14 -15 -16
leaf_value=-0.009505380452610554 0.026154584479941564 -0.027727707065641885 -0.039049179919741377 -0.011607640462391305 0.0048635124512340713 0.028045690667260294 0.018039823320666046 0.0047668187939033831 0.016688339659012855 -0.012309142958838493 -0.007142402078298961 0.020638367598471437 0.00017447337027518982 -0.014528172849505036 0.00015462477087910021
leaf_weight=60 33 20 22 66 23 26 33 97 20 40 34 23 31 27 1952
leaf_count=60 33 20 22 66 23 26 33 97 20 40 34 23 31 27 1952
internal_value=-6.13636e-11 -0.000455548 0.00271683 -0.00137503 -0.0166049 0.00225114 0.010316 -0.00186333 0.00469586 -0.00264332 -0.0147666 -8.63186e-05 0.00889058 -0.000324059 -0.000133447
internal_weight=2507 2147 360 234 45 189 126 163 93 60 54 2093 54 2039 2012
internal_count=2507 2147 360 234 45 189 126 163 93 60 54 2093 54 2039 2012
is_linear=0
shrinkage=0.05


Tree=125
num_leaves=11
num_cat=0
split_feature=4 4 2 3 4 5 0 5 5 3
split_gain=1.16867 1.34415 6.91651 9.23718 5.58776 4.06954 3.668 1.96866 5.66371 3.70799
threshold=0.33952008870163491 0.46620632038193455 3.3792452653585729 37.734040280285676 0.48082687284869702 6.4350646277852519 178.62264623073816 11.477772816976962 11.679337185844107 115.51111601892286
decision_type=2 2 2 2 2 2 2 2 2 2
left_child=-1 2 3 -2 -3 -4 -7 9 -9 -6
right_child=1 4 5 -5 7 6 -8 8 -10 -11
leaf_value=-0.012038190296152607 0.046263020725455135 -0.021606573664830649 0.013497966051101686 -0.0017921155877411367 -0.00019754614268200694 -0.026062225404640905 0.00011521569977048785 0.026578976869583132 0.0018149645844881504 -0.017097179072372844
leaf_weight=20 20 30 25 20 1977 23 32 25 302 33
leaf_count=20 20 30 25 20 1977 23 32 25 302 33
internal_value=1.95589e-11 9.68089e-05 0.00525936 0.0222355 -0.000164917 -0.00322869 -0.0108317 0.000110329 0.00370824 -0.000475003
internal_weight=2507 2487 120 40 2367 80 55 2337 327 2010
internal_count=2507 2487 120 40 2367 80 55 2337 327 2010
is_linear=0
shrinkage=0.05


Tree=126
num_leaves=14
num_cat=0
split_feature=5 2 2 2 2 2 2 3 0 4 0 0 3
split_gain=1.11889 2.14282 4.1028 3.92711 2.67964 1.51692 1.93224 3.92307 1.76703 5.03843 2.31002 1.44231 1.38994
threshold=4.0133248893264648 9.4386879384685294 8.3910335490381112 7.0636809434848686 5.9525623515171047 9.8222058669557892 9.6378839072983027 22.830365710296679 1061.6282068696798 0.67404634374205663 934.11943923130627 231.77863955006708 30.350140319337708
decision_type=2 2 2 2 2 2 2 2 2 2 2 2 2
left_child=1 2 3 4 -1 6 8 -8 10 -10 -2 -4 -5
right_child=5 -3 11 12 -6 -7 7 -9 9 -11 -12 -13 -14
leaf_value=-0.0015674132082427227 0.00044642208793956527 0.013330965479835869 -0.0093072725967927421 0.0041460589870162641 -0.015515574671912986 -0.010204023048704998 -0.0035892969888189569 0.025944143703038044 -0.024097186175209506 0.0050270463068348668 0.016383750801501069 -0.027859559124335648 0.022168882172554735
leaf_weight=215 1985 20 22 23 41 33 23 22 27 33 23 20 20
leaf_count=215 1985 20 22 23 41 33 23 22 27 33 23 20 20
internal_value=-3.45757e-11 -0.00257542 -0.00350835 -0.00145283 -0.0038013 0.000433237 0.000599366 0.0108493 0.000376326 -0.00807886 0.000628971 -0.0181417 0.0125288
internal_weight=2507 361 341 299 256 2146 2113 45 2068 60 2008 42 43
internal_count=2507 361 341 299 256 2146 2113 45 2068 60 2008 42 43
is_linear=0
shrinkage=0.05


Tree=127
num_leaves=14
num_cat=0
split_feature=0 3 2 2 3 0 3 5 2 2 2 6 3
split_gain=1.11756 4.24416 4.9665 7.38448 6.81221 4.0979 2.76228 1.95339 1.69736 5.99686 5.6982 4.15495 2.29351
threshold=554.18634850842375 1.9174229811782777 7.7514516600613286 6.6694433687346253 16.167895406054516 513.68506784051726 23.198824310306346 8.4493274734443578 0.49401029833653409 0.61204249283906509 0.40612035175827738 1.5000000000000002 0.30285857966365087
decision_type=2 2 2 2 2 2 2 2 2 2 2 2 2
left_child=5 -2 3 4 -3 8 -4 -7 10 -10 11 -1 -11
right_child=1 2 6 -5 -6 7 -8 -9 9 12 -12 -13 -14
leaf_value=0.0092572316634826936 0.024390515562568216 -0.0092738191095682303 0.003465086888642081 -0.022758951038960935 0.0080664662106428291 -0.023195554316043854 0.024572658196331993 -0.0041630677735576263 0.024606995970010759 0.016396007196800341 -0.027637198578061847 -0.011255323993874357 -0.00021775462432317203
leaf_weight=52 21 91 31 36 150 28 31 26 25 21 24 47 1924
leaf_count=52 21 91 31 36 150 28 31 26 25 21 24 47 1924
internal_value=1.121e-12 0.00257806 0.00122684 -0.00163635 0.00151889 -0.000432278 0.0140189 -0.0140318 -8.14075e-05 0.000274381 -0.00577981 -0.000481052 -3.83772e-05
internal_weight=2507 360 339 277 241 2147 62 54 2093 1970 123 99 1945
internal_count=2507 360 339 277 241 2147 62 54 2093 1970 123 99 1945
is_linear=0
shrinkage=0.05


Tree=128
num_leaves=9
num_cat=0
split_feature=4 4 5 0 4 3 2 2
split_gain=1.08933 3.07306 1.32234 1.59731 3.9853 2.22784 1.41199 3.01378
threshold=0.96769774500910521 0.93566043551772415 13.610194917761433 960.23375836537809 0.61587862830904472 0.51009783838569145 5.1809333475320463 1.8963356589465905
decision_type=2 2 2 2 2 2 2 2
left_child=1 2 3 5 -5 -1 7 -4
right_child=-2 -3 6 4 -6 -7 -8 -9
leaf_value=-0.011972126484449421 -0.010181197051245434 0.016883033993481487 0.01573605274950916 -0.011745392139577732 0.013078109681468886 -0.00034860574454256989 0.013319108564708686 -0.0074084145422929383
leaf_weight=42 26 27 22 22 61 2231 37 39
leaf_count=42 26 27 22 22 61 2231 37 39
internal_value=5.57651e-11 0.000106695 -7.78854e-05 -0.000314602 0.00649839 -0.000563383 0.00561298 0.00093877
internal_weight=2507 2481 2454 2356 83 2273 98 61
internal_count=2507 2481 2454 2356 83 2273 98 61
is_linear=0
shrinkage=0.05


Tree=129
num_leaves=13
num_cat=0
split_feature=2 2 0 6 0 2 2 0 0 0 4 5
split_gain=1.07992 1.2066 6.88655 4.10056 2.48488 5.74503 8.47692 6.58675 3.53926 9.74642 6.30326 1.47246
threshold=0.12809111875697943 0.45547246795846713 175.02278497770044 1.5000000000000002 162.6345183556019 3.9068198418746798 5.7680626552742789 131.16284692721484 192.0239401319329 201.34666038957428 0.65204712148756638 8.0133977132799519
decision_type=2 2 2 2 2 2 2 2 2 2 2 2
left_child=-1 2 3 -2 5 7 -7 -3 10 -10 -6 -4
right_child=1 4 11 -5 8 6 -8 -9 9 -11 -12 -13
leaf_value=0.0094295543928941093 -0.0037843498112312677 0.003834983114719795 0.00077415833249688153 -0.030373688761530251 -0.026028399909727086 -0.0093182741151218423 0.0030310565884938286 0.021240025727400701 0.025882731986177323 -0.0012676108277992629 -0.0012460635242362817 0.017804440669715406
leaf_weight=30 29 332 30 29 39 206 427 65 34 1189 75 22
leaf_count=30 29 332 30 29 39 206 427 65 34 1189 75 22
internal_value=-1.10472e-11 -0.000114205 -0.00523328 -0.017079 0.00012369 0.00196943 -0.000987841 0.00668468 -0.00129823 -0.000512818 -0.00972423 0.00797928
internal_weight=2507 2477 110 58 2367 1030 633 397 1337 1223 114 52
internal_count=2507 2477 110 58 2367 1030 633 397 1337 1223 114 52
is_linear=0
shrinkage=0.05


Tree=130
num_leaves=11
num_cat=0
split_feature=4 4 0 2 2 3 3 3 3 0
split_gain=1.06366 1.23592 5.38032 1.36067 5.5068 10.5213 4.29749 10.6872 4.52824 4.13556
threshold=0.33952008870163491 0.41291997768995981 187.47300496571799 5.7680626552742789 4.7593627741401603 55.177497257160589 43.924045808298125 39.168493503327397 47.002219383819728 311.78568720723757
decision_type=2 2 2 2 2 2 2 2 2 2
left_child=-1 2 -2 4 9 -6 7 -5 -8 -3
right_child=1 3 -4 6 5 -7 8 -9 -10 -11
leaf_value=-0.011484639369882643 -0.0072641195729374886 0.0023417185987968294 0.025644770515677724 0.001757897677778925 -0.013283905960222492 0.015628487436640026 -0.024757393658161167 0.028301319291349505 -0.0022054397473524651 -0.0038237096066302736
leaf_weight=20 27 808 23 730 183 38 25 40 203 410
leaf_count=20 27 808 23 730 183 38 25 40 203 410
internal_value=3.71921e-11 9.23574e-05 0.00787397 -6.72982e-05 -0.00105121 -0.00831254 0.00135138 0.00313678 -0.00467824 0.000266328
internal_weight=2507 2487 50 2437 1439 221 998 770 228 1218
internal_count=2507 2487 50 2437 1439 221 998 770 228 1218
is_linear=0
shrinkage=0.05


Tree=131
num_leaves=18
num_cat=0
split_feature=0 0 0 5 3 2 2 6 0 4 4 0 4 4 4 4 2
split_gain=1.05025 4.08199 4.46801 7.74315 7.01402 4.14272 9.39464 3.76208 3.61819 2.75233 1.96203 1.75259 4.92256 4.65261 2.87771 2.23062 1.58886
threshold=554.18634850842375 682.00239423140931 749.42634875412909 8.0133977132799519 65.572497600226342 4.4901608835580129 7.0636809434848686 1.0000000180025095e-35 513.68506784051726 0.78685526571309283 0.66906762899559202 461.3562143594857 0.78567430100080304 0.70957820730911692 0.37151729617598467 0.46620632038193455 2.3766157423842698
decision_type=2 2 2 2 2 2 2 2 2 2 2 2 2 2 2 2 2
left_child=8 5 3 -3 7 9 -7 -4 11 16 -10 14 13 -13 -1 -16 -2
right_child=1 2 4 -5 -6 6 -8 -9 10 -11 -12 12 -14 -15 15 -17 -18
leaf_value=-0.016312913796199219 0.036530356220901013 -0.03677383363246918 0.012383933155797423 0.0047177292082620711 0.026080951703569069 -0.020218569849585668 0.018789092406178966 -0.0059276074567061708 -0.025624315738677978 0.0048344617119848573 -0.005888059143634404 0.0023513344091338085 -0.012118900537490845 0.029365711559408477 0.00790319707153774 -0.00052013028222352672 0.016838793448793393
leaf_weight=28 20 22 36 23 26 29 33 127 20 23 34 37 25 28 82 1893 21
leaf_count=28 20 22 36 23 26 29 33 127 20 23 34 37 25 28 82 1893 21
internal_value=-1.6039e-11 0.00249922 -0.00140768 -0.015567 0.0019636 0.00975489 0.000543573 -0.00188334 -0.000419059 0.0186784 -0.0131978 -8.93642e-05 0.0067363 0.0139883 -0.000396059 -0.000170402 0.0264444
internal_weight=2507 360 234 45 189 126 62 163 2147 64 54 2093 90 65 2003 1975 41
internal_count=2507 360 234 45 189 126 62 163 2147 64 54 2093 90 65 2003 1975 41
is_linear=0
shrinkage=0.05


Tree=132
num_leaves=22
num_cat=0
split_feature=0 0 0 3 2 3 4 5 3 4 4 2 2 4 2 4 2 0 4 2 5
split_gain=0.978297 7.79098 5.87539 4.29627 4.97784 14.0395 3.57752 3.46888 3.37358 5.96153 12.8776 11.3327 3.96463 6.13876 3.32239 3.93099 3.25761 4.09348 4.3568 2.57983 2.0629
threshold=86.079701732778872 79.81087347277834 107.66639756488586 25.302611845296664 2.7783881860438302 36.186695495402439 0.74428187893356246 11.365379382885163 31.926870314860675 0.45068813360195886 0.56623390572019139 5.5997654472549891 0.77188400275046098 0.47132243028661247 9.1672255400888503 0.66906762899559202 7.3798716689621289 95.303847166873894 0.72848597451266917 3.4684683808532935 7.9496486934525548
decision_type=2 2 2 2 2 2 2 2 2 2 2 2 2 2 2 2 2 2 2 2 2
left_child=1 3 16 14 5 -5 -3 -6 9 11 -11 -4 20 -14 15 -1 17 19 -19 -2 -10
right_child=2 6 8 4 7 -7 -8 -9 12 10 -12 -13 13 -15 -16 -17 -18 18 -20 -21 -22
leaf_value=0.0013703584723451837 0.026585613018660633 -0.035532539123264345 0.045072161965072161 0.05008780281059444 0.0026876180985305437 0.0030628231225105435 -0.0073297657241875487 -0.017844436938563982 0.00056699767708778381 -0.013840559912086638 0.002672643437991503 -0.0032717452970919786 -0.024342911558536195 -0.0029903887581838925 0.012703649546684966 -0.0099369351526782407 0.022842492241608472 0.0087000061247137286 -0.019675842362145583 0.0040555283116797602 0.023276555947959424
leaf_weight=131 27 23 22 21 144 65 22 24 20 135 941 27 36 518 28 186 38 31 24 24 20
leaf_count=131 27 23 22 21 144 65 22 24 20 135 941 27 36 518 28 186 38 31 24 24 20
internal_value=-1.56002e-11 -0.00167993 0.000580717 -0.000172576 0.00476251 0.0145457 -0.0217445 -0.000245533 -0.000231974 0.00137754 0.00060082 0.0184337 -0.00328029 -0.00437792 -0.00380594 -0.0052642 0.0102822 0.00577947 -0.00368218 0.0159832 0.0119218
internal_weight=2507 644 1863 599 254 86 45 168 1719 1125 1076 49 594 554 345 317 144 106 55 51 40
internal_count=2507 644 1863 599 254 86 45 168 1719 1125 1076 49 594 554 345 317 144 106 55 51 40
is_linear=0
shrinkage=0.05


Tree=133
num_leaves=9
num_cat=0
split_feature=4 4 0 3 4 3 2 0
split_gain=0.981831 2.83345 1.17967 4.00218 4.42593 3.71426 4.38171 2.49415
threshold=0.96769774500910521 0.93566043551772415 554.18634850842375 0.51009783838569145 0.67404634374205663 1.9174229811782777 7.7514516600613286 234.21185303041463
decision_type=2 2 2 2 2 2 2 2
left_child=1 2 3 4 -1 -4 -7 -5
right_child=-2 -3 5 7 -6 6 -8 -9
leaf_value=-0.032819601843366401 -0.0096658039838075638 0.016210325734465625 0.022999220736147394 0.0010621882774400411 0.00044421814382076267 -0.0014423382720465203 0.013405308097631472 -0.0025765704313399427
leaf_weight=20 26 27 21 1337 20 268 61 727
leaf_count=20 26 27 21 1337 20 268 61 727
internal_value=5.23335e-12 0.000101294 -7.59445e-05 -0.000523065 -0.0161877 0.00261189 0.00131057 -0.000219487
internal_weight=2507 2481 2454 2104 40 350 329 2064
internal_count=2507 2481 2454 2104 40 350 329 2064
is_linear=0
shrinkage=0.05


Tree=134
num_leaves=13
num_cat=0
split_feature=5 6 3 5 0 2 4 4 4 3 2 6
split_gain=0.946742 3.02328 2.60738 2.5322 2.5514 1.13356 0.952212 7.05529 6.7002 6.16901 4.96118 3.01935
threshold=3.0637946514097676 2.5000000000000004 3.798728825795719 2.8522675191795854 247.23810194204256 0.12809111875697943 0.74824295921245876 0.70333138714326882 0.75527954127585184 45.130531890440999 9.5047596887614443 3.5000000000000004
decision_type=2 2 2 2 2 2 2 2 2 2 2 2
left_child=1 2 -1 4 -4 -2 7 10 -8 -9 -7 -10
right_child=5 -3 3 -5 -6 6 8 9 11 -11 -12 -13
leaf_value=0.013745547058405701 0.010500616129246299 -0.017039080770601605 0.0051998005248606212 -0.019690389931201938 -0.0074006909477318849 0.00041194357966198455 0.022297750342939352 -0.0037746278402794689 -0.00015453503384445558 -0.021982173336150705 0.017364805351114936 0.013018122604926644
leaf_weight=27 27 33 84 20 77 1053 37 196 801 61 45 46
leaf_count=27 27 33 84 20 77 1053 37 196 801 61 45 46
internal_value=9.38009e-12 -0.00297941 -0.000748788 -0.00291093 -0.000826521 0.000316875 0.000194069 -0.00063878 0.00147066 -0.00809626 0.00110673 0.000560863
internal_weight=2507 241 208 181 161 2266 2239 1355 884 257 1098 847
internal_count=2507 241 208 181 161 2266 2239 1355 884 257 1098 847
is_linear=0
shrinkage=0.05


Tree=135
num_leaves=23
num_cat=0
split_feature=0 0 0 3 2 3 5 4 0 0 2 4 5 4 4 3 4 4 2 2 4 5
split_gain=0.931171 6.97631 5.17761 3.93283 4.51714 10.2264 3.36876 3.20651 3.1264 4.15767 3.51378 3.09378 4.06398 3.94457 3.55705 2.948 5.30761 11.6394 10.3318 3.63176 5.58808 1.77653
threshold=86.079701732778872 79.81087347277834 107.66639756488586 25.302611845296664 3.5559392592034889 36.186695495402439 7.4890073393182552 0.74428187893356246 69.52134761795925 75.603838325772287 9.2405465152248638 0.76535546662877896 8.402323341631508 0.65805001453387202 0.61228941163766593 31.926870314860675 0.45068813360195886 0.56623390572019139 5.5997654472549891 0.77188400275046098 0.47132243028661247 7.9496486934525548
decision_type=2 2 2 2 2 2 2 2 2 2 2 2 2 2 2 2 2 2 2 2 2 2
left_child=1 3 11 8 5 -5 -6 -3 10 -10 -1 13 -13 14 -2 16 18 -18 -4 21 -21 -17
right_child=2 7 15 4 6 -7 -8 -9 9 -11 -12 12 -14 -15 -16 19 17 -19 -20 20 -22 -23
leaf_value=-0.0033672457421695633 0.017197542389233909 -0.033679080746420058 0.042836712029847235 0.040365464697824795 -0.0099941223979957642 0.003729197401553393 0.0052584430106498046 -0.0069787018932402139 -0.031492916409942236 -0.00038947903917038013 0.017835774512163231 -0.014537702292203903 0.012758138633022706 0.028509943754013098 -0.0091260417408886418 0.00096675517037510868 -0.013154221454428303 0.0025450422506488458 -0.0033230379361797267 -0.023144925782819178 -0.0027726200754321847 0.022041209731251003
leaf_weight=281 33 23 22 25 62 80 87 22 22 21 21 25 30 35 21 20 135 941 27 36 518 20
leaf_count=281 33 23 22 25 62 80 87 22 22 21 21 25 30 35 21 20 135 941 27 36 518 20
internal_value=-7.02114e-12 -0.00163897 0.000566558 -0.000212599 0.00450914 0.0124521 -0.00108826 -0.0206256 -0.00368889 -0.0163029 -0.00189286 0.00967376 0.000350938 0.0154351 0.00696059 -0.000196349 0.00130822 0.000575339 0.0174017 -0.00304592 -0.00409645 0.011504
internal_weight=2507 644 1863 599 254 105 149 45 345 43 302 144 55 89 54 1719 1125 1076 49 594 554 40
internal_count=2507 644 1863 599 254 105 149 45 345 43 302 144 55 89 54 1719 1125 1076 49 594 554 40
is_linear=0
shrinkage=0.05


Tree=136
num_leaves=11
num_cat=0
split_feature=4 4 2 2 2 3 3 5 2 3
split_gain=0.921479 1.05402 4.70186 1.23488 4.5691 9.65912 3.77744 4.53337 4.01539 3.73768
threshold=0.33952008870163491 0.41291997768995981 5.535591062105274 5.7680626552742789 4.7593627741401603 55.177497257160589 56.445181479346225 4.0133248893264648 7.7310841873796381 1.2071989534618122
decision_type=2 2 2 2 2 2 2 2 2 2
left_child=-1 2 -2 4 9 -6 8 -8 -5 -3
right_child=1 3 -4 6 5 -7 7 -9 -10 -11
leaf_value=-0.010689528472721577 0.020319758689609068 0.01387608158790196 -0.010745948624043239 0.0062036618121355039 -0.012376387017560218 0.015326020072557426 0.014776236595670608 -0.0098520814986606583 -0.00067324768207050161 -0.00035968561531651497
leaf_weight=20 29 48 21 401 183 38 22 124 451 1170
leaf_count=20 29 48 21 401 183 38 22 124 451 1170
internal_value=-8.93286e-12 8.59632e-05 0.00727216 -6.14762e-05 -0.000998798 -0.00761308 0.00129003 -0.00614097 0.00256342 0.00020133
internal_weight=2507 2487 50 2437 1439 221 998 146 852 1218
internal_count=2507 2487 50 2437 1439 221 998 146 852 1218
is_linear=0
shrinkage=0.05


Tree=137
num_leaves=10
num_cat=0
split_feature=4 4 5 0 0 0 0 4 0
split_gain=0.914558 2.53841 1.1334 1.85788 7.4092 4.19346 1.83534 3.91047 1.70029
threshold=0.96769774500910521 0.93566043551772415 13.004531195558952 95.303847166873894 145.91249897233345 49.454068397365567 960.23375836537809 0.61906891311353107 162.6345183556019
decision_type=2 2 2 2 2 2 2 2 2
left_child=1 2 6 5 -5 -4 8 -8 -1
right_child=-2 -3 3 4 -6 -7 7 -9 -10
leaf_value=0.00089775722584247699 -0.0093287873583344314 0.01534506647202997 -0.0010077880024909973 -0.026048149314842058 0.0071966425919658449 0.029709121119230988 -0.0098809211185046791 0.014178446275100374 -0.0018780342258598603
leaf_weight=1014 26 27 25 21 83 20 24 57 1210
leaf_count=1014 26 27 25 21 83 20 24 57 1210
internal_value=-4.05968e-12 9.77624e-05 -6.99952e-05 0.00415636 0.000483752 0.0126442 -0.000343196 0.00704974 -0.000612453
internal_weight=2507 2481 2454 149 104 45 2305 81 2224
internal_count=2507 2481 2454 149 104 45 2305 81 2224
is_linear=0
shrinkage=0.05


Tree=138
num_leaves=23
num_cat=0
split_feature=0 0 0 3 2 2 5 2 0 4 0 0 2 4 3 4 4 2 0 3 3 2
split_gain=0.92455 6.31713 4.61005 3.56341 4.05963 12.1402 3.31633 2.88177 3.59955 3.82492 2.84499 3.81249 3.16898 2.82074 2.6051 4.81191 10.4274 9.0728 3.4778 6.20983 4.98122 2.28323
threshold=86.079701732778872 79.81087347277834 107.66639756488586 25.302611845296664 2.7783881860438302 2.1331542059345434 11.365379382885163 7.3798716689621289 95.303847166873894 0.72848597451266917 69.52134761795925 75.603838325772287 9.2405465152248638 0.74428187893356246 31.926870314860675 0.45068813360195886 0.56623390572019139 5.5997654472549891 749.42634875412909 34.625873830932584 65.572497600226342 3.4684683808532935
decision_type=2 2 2 2 2 2 2 2 2 2 2 2 2 2 2 2 2 2 2 2 2 2
left_child=1 3 7 10 5 -5 -6 8 21 -10 12 -12 -1 -3 15 17 -17 -4 19 -16 -20 -2
right_child=2 13 14 4 6 -7 -8 -9 9 -11 11 -13 -14 -15 18 16 -18 -19 20 -21 -22 -23
leaf_value=-0.0032717041010070212 0.024465746860261317 -0.031943616526120384 0.040417507265440446 0.0027122480747162961 0.0025639874384069117 0.047180042862892152 -0.017511521776517235 0.020971624920830916 0.0076523629828326167 -0.018935044606526695 -0.030163537994535135 -0.00037924136933205387 0.016864161282068208 -0.0069008165293119169 -0.024935252367354492 -0.012433923544206967 0.0024255411882774572 -0.0028383990818703617 -0.0022397239226847887 -0.0028321105194203328 0.024933828445724573 0.0032702939895292125
leaf_weight=281 27 23 22 66 144 20 24 38 31 24 22 21 21 22 34 135 941 27 48 486 26 24
leaf_count=281 27 23 22 66 144 20 24 38 31 24 22 21 21 22 34 135 941 27 48 486 26 24
internal_value=-1.02798e-12 -0.00163313 0.00056454 -0.00027582 0.00421869 0.0130536 -0.000303942 0.0091581 0.00492306 -0.00394941 -0.00358482 -0.0156177 -0.00187153 -0.0197005 -0.000155339 0.00125902 0.000561203 0.0165826 -0.00283406 -0.00427732 0.00730774 0.0144914
internal_weight=2507 644 1863 599 254 86 168 144 106 55 345 43 302 45 1719 1125 1076 49 594 520 74 51
internal_count=2507 644 1863 599 254 86 168 144 106 55 345 43 302 45 1719 1125 1076 49 594 520 74 51
is_linear=0
shrinkage=0.05


Tree=139
num_leaves=14
num_cat=0
split_feature=4 2 2 3 2 5 2 4 2 5 3 3 3
split_gain=0.882646 1.04381 7.57228 5.93143 7.7694 5.30987 3.65466 10.8955 11.172 5.3585 3.18667 5.9652 5.28255
threshold=0.33952008870163491 2.5111296594417163 2.4042528607692963 17.360338763705165 2.0625058628697137 10.840119713371205 3.7401841104711693 0.77399823037063797 3.5916541720100232 8.2812640600327452 63.473630965701368 58.703270086181405 72.967249761528521
decision_type=2 2 2 2 2 2 2 2 2 2 2 2 2
left_child=-1 2 3 5 -5 -2 7 8 -3 -9 11 -8 -12
right_child=1 6 -4 4 -6 -7 10 9 -10 -11 12 -13 -14
leaf_value=-0.010461864359676838 -0.0093617220068686873 0.0076381533492908445 -0.026589785811716112 0.00074414899149401626 0.021361941131935628 0.0066572764700751257 -7.4066590660697401e-05 0.004026815120358857 0.042021597639002185 -0.018911201183526023 -0.022017104593430495 0.02145058958593643 -0.0013748810682938694
leaf_weight=20 227 189 29 297 54 67 1308 49 27 53 43 33 111
leaf_count=20 227 189 29 297 54 67 1308 49 27 53 43 33 111
internal_value=3.22673e-11 8.41324e-05 -0.00159588 -0.000472118 0.00391612 -0.00571113 0.000708691 0.00557615 0.0119361 -0.00789196 -0.00032666 0.000455623 -0.00713862
internal_weight=2507 2487 674 645 351 294 1813 318 216 102 1495 1341 154
internal_count=2507 2487 674 645 351 294 1813 318 216 102 1495 1341 154
is_linear=0
shrinkage=0.05


Tree=140
num_leaves=12
num_cat=0
split_feature=0 0 2 2 2 0 2 3 2 0 2
split_gain=0.86031 14.1289 7.21768 4.96808 5.10608 3.91344 3.85838 4.42041 2.87818 6.69235 2.80086
threshold=371.22368605144931 357.01224184649067 9.5047596887614443 9.1311919311515091 8.5893061776096093 379.79316169146961 9.7245456836869391 24.978257853858583 9.4720017231821227 124.06648679476869 4.0617554626620835
decision_type=2 2 2 2 2 2 2 2 2 2 2
left_child=1 6 3 4 5 -2 8 -8 10 -10 -1
right_child=2 -3 -4 -5 -6 -7 7 -9 9 -11 -12
leaf_value=0.0023896491532326195 0.020522464742965027 -0.031587336026132111 0.024683869443833828 -0.020239306912532944 0.021416483757396541 -0.00050096971504445581 -0.027832001089476623 0.003434459497220814 0.034361473806202414 -0.0051856196444967527 -0.0017187186494549
leaf_weight=747 23 36 32 28 30 589 26 20 20 23 933
leaf_count=747 23 36 32 28 30 589 26 20 20 23 933
internal_value=-1.00511e-11 -0.000577631 0.00148522 0.000377223 0.00127639 0.000289127 5.34318e-05 -0.0142379 0.000434976 0.0132084 0.000108038
internal_weight=2507 1805 702 670 642 612 1769 46 1723 43 1680
internal_count=2507 1805 702 670 642 612 1769 46 1723 43 1680
is_linear=0
shrinkage=0.05


Tree=141
num_leaves=19
num_cat=0
split_feature=0 0 0 4 4 5 4 2 6 4 3 4 4 2 0 3 3 2
split_gain=0.855549 5.63954 4.07191 3.37535 7.20009 3.75483 2.86209 5.70809 2.73252 2.57295 2.37175 4.30996 9.39057 8.15512 3.21649 6.62583 1.89757 2.07369
threshold=86.079701732778872 79.81087347277834 107.66639756488586 0.66906762899559202 0.68304772520287804 4.8373493099739893 0.45068813360195886 2.1331542059345434 2.5000000000000004 0.74428187893356246 31.926870314860675 0.45068813360195886 0.56623390572019139 5.5997654472549891 1091.8962260270796 34.625873830932584 33.694490205435734 6.2301570093041496
decision_type=2 2 2 2 2 2 2 2 2 2 2 2 2 2 2 2 2 2
left_child=1 3 8 6 -5 -6 -1 -8 16 -3 11 13 -13 -4 15 -12 17 -2
right_child=2 9 10 4 5 -7 7 -9 -10 -11 14 12 -14 -15 -16 -17 -18 -19
leaf_value=-0.010360505829254787 0.0018046733612815541 -0.030334926331820694 0.038315737933259125 -0.029901229559133453 -0.011241997688806519 0.0014609704690707488 -0.0076952142370698452 0.010779410011318484 -0.0050962696462098899 -0.0064173555594276305 -0.024175588082936076 -0.011776502664994311 0.0023248371592384845 -0.0026942744437191222 0.016071512608323246 -0.0020163692786945154 0.022202663123607635 0.018202355080434392
leaf_weight=30 51 23 22 24 76 248 56 165 29 22 36 135 941 27 22 536 33 31
leaf_count=30 51 23 22 24 76 248 56 165 29 22 36 135 941 27 22 536 33 31
internal_value=4.47992e-12 -0.00157101 0.000543065 -0.000288556 -0.00347615 -0.00151874 0.0041309 0.00609806 0.0086195 -0.0186419 -0.000133495 0.00121604 0.000555617 0.0157184 -0.00268943 -0.00341101 0.0120783 0.0080038
internal_weight=2507 644 1863 599 348 324 251 221 144 45 1719 1125 1076 49 594 572 115 82
internal_count=2507 644 1863 599 348 324 251 221 144 45 1719 1125 1076 49 594 572 115 82
is_linear=0
shrinkage=0.05


Tree=142
num_leaves=14
num_cat=0
split_feature=4 2 2 4 2 3 4 3 4 3 2 2 3
split_gain=0.823297 0.962115 7.11819 17.2324 8.79127 11.8588 4.57488 3.30287 6.65626 6.40568 3.86373 2.58097 2.48112
threshold=0.33952008870163491 2.5111296594417163 2.2642213221532459 0.77193298505939323 2.0625058628697137 17.5953312750345 0.47132243028661247 2.807223723794698 0.55198312527551952 3.2599610382071362 4.0977629600740491 3.155484845115438 19.217392852726586
decision_type=2 2 2 2 2 2 2 2 2 2 2 2 2
left_child=-1 2 4 12 6 -6 -2 8 -3 -9 -10 -11 -4
right_child=1 7 3 -5 5 -7 -8 9 10 11 -12 -13 -14
leaf_value=-0.010104014435783029 0.02032370800557344 -0.019441613333765418 -0.021689687497913838 0.015883028131377482 -0.0070647451264614419 0.041990467177570934 -0.002461817890353915 -0.023275268360458571 0.028387830947974216 0.0064415129532485113 0.0073347202538248911 -0.00022839128025812215 -0.043750552145334395
leaf_weight=20 23 20 25 28 22 28 522 29 27 161 113 1463 26
leaf_count=20 23 20 25 28 22 28 522 29 27 161 113 1463 26
internal_value=-3.71384e-11 8.12546e-05 -0.00153167 -0.0156333 0.000340647 0.0204062 -0.00150023 0.000680875 0.00754039 1.69173e-05 0.011395 0.000432849 -0.0329364
internal_weight=2507 2487 674 79 595 50 545 1813 160 1653 140 1624 51
internal_count=2507 2487 674 79 595 50 545 1813 160 1653 140 1624 51
is_linear=0
shrinkage=0.05


Tree=143
num_leaves=20
num_cat=0
split_feature=4 4 4 3 0 3 5 5 3 5 2 3 5 0 4 5 3 2 2
split_gain=0.843752 5.96618 5.50627 4.31833 10.7733 7.12942 11.1026 5.10274 4.09876 4.12882 3.91024 5.10779 4.96974 3.71735 3.37567 3.33307 2.06822 1.68294 1.03058
threshold=0.70333138714326882 0.69406945159339906 0.74824295921245876 45.130531890440999 134.40876274505476 25.302611845296664 9.6786734768117242 6.3019793982776537 0.61616762888670384 2.6269566017163291 9.5694021142326218 0.51009783838569145 7.6485581557083391 1091.8962260270796 0.67722369000751981 6.0629473533278864 26.075016969993101 6.8891933706104949 4.0359253854152035
decision_type=2 2 2 2 2 2 2 2 2 2 2 2 2 2 2 2 2 2 2
left_child=1 10 3 5 -5 7 -7 -2 -4 17 11 -1 -12 -11 -13 -3 -17 -10 -6
right_child=2 15 8 4 18 6 -8 -9 9 13 12 14 -14 -15 -16 16 -18 -19 -20
leaf_value=-0.023817122444186524 0.0024816011140743892 -0.0015436607279947826 0.01971898712217808 0.0095836694730678587 -0.022987405192106965 0.026412148040253672 -0.019213897148147224 -0.015997346827402861 -0.01376802935046726 0.0018874047572782059 0.033096463270485398 0.00092570592878473692 -0.00098295454745707302 -0.019915149528533224 -0.0085577948731952354 0.01178071100730449 0.032329734399914739 0.00028875936874218526 -0.037962260707798935
leaf_weight=23 60 21 28 24 20 40 20 99 68 870 20 960 23 20 104 24 25 31 27
leaf_count=23 60 21 28 24 20 40 20 99 68 870 20 960 23 20 104 24 25 31 27
internal_value=1.37892e-11 0.000957298 -0.000878927 -0.00695639 -0.0176721 -0.00348234 0.0112035 -0.00902416 0.000854077 0.000319985 7.98182e-05 -0.000505176 0.0148679 0.00139746 -1.2528e-06 0.0151223 0.0222649 -0.00936641 -0.03159
internal_weight=2507 1200 1307 290 71 219 60 159 1017 989 1130 1087 43 890 1064 70 49 99 47
internal_count=2507 1200 1307 290 71 219 60 159 1017 989 1130 1087 43 890 1064 70 49 99 47
is_linear=0
shrinkage=0.05


Tree=144
num_leaves=19
num_cat=0
split_feature=0 0 0 4 4 5 3 0 2 4 3 3 3 0 2 4 4 5
split_gain=0.820032 4.97101 3.6825 3.07348 6.25168 3.35545 2.89736 2.84399 6.84964 4.07191 2.41379 2.31159 4.00485 4.14079 3.96124 5.45457 3.94357 1.85853
threshold=86.079701732778872 79.81087347277834 95.303847166873894 0.66906762899559202 0.68304772520287804 4.8373493099739893 19.390955738742488 27.227454257127629 1.4189758849883656 0.51711937928953 28.653226077272219 31.926870314860675 29.359348981808338 162.6345183556019 0.77188400275046098 0.47132243028661247 0.70214596876526081 7.9496486934525548
decision_type=2 2 2 2 2 2 2 2 2 2 2 2 2 2 2 2 2 2
left_child=1 3 6 7 -5 -6 -2 9 -9 -1 -3 12 13 -4 17 -16 -14 -13
right_child=2 10 11 4 5 -7 -8 8 -10 -11 -12 14 16 -15 15 -17 -18 -19
leaf_value=-0.0089874962158501149 0.0040024632396988375 -0.028397435477624342 0.0063799290252973158 -0.027998987430085737 -0.01074340151780665 0.0012649985533508084 0.026082710394014913 -0.024170975377783181 0.0043212958592576565 0.016553964411420093 -0.0051855465840725673 0.001750534512102604 0.029852578199158115 -0.00085162448932556492 -0.021481577414446153 -0.0021179169616887673 0.0022320513746568135 0.023047687556772008
leaf_weight=20 39 24 256 24 76 248 24 25 135 71 21 20 24 873 39 539 28 21
leaf_count=20 39 24 256 24 76 248 24 25 135 71 21 20 24 873 39 539 28 21
internal_value=2.11673e-11 -0.00153805 0.000531673 -0.000334011 -0.00337573 -0.00155179 0.012414 0.0038832 -0.000130622 0.0109405 -0.0175652 0.000115792 0.001413 0.000788125 -0.00235917 -0.00342446 0.01498 0.0126588
internal_weight=2507 644 1863 599 348 324 63 251 160 91 45 1800 1181 1129 619 578 52 41
internal_count=2507 644 1863 599 348 324 63 251 160 91 45 1800 1181 1129 619 578 52 41
is_linear=0
shrinkage=0.05


Tree=145
num_leaves=12
num_cat=0
split_feature=0 0 2 0 2 2 2 3 3 6 4
split_gain=0.858978 16.8402 6.11953 4.47288 4.06767 4.15069 3.61928 4.0552 2.54857 4.9862 3.04926
threshold=365.73933735980739 357.01224184649067 9.5047596887614443 376.60238748047226 9.1311919311515091 8.5893061776096093 9.7245456836869391 24.978257853858583 97.922762357459519 1.5000000000000002 0.37151729617598467
decision_type=2 2 2 2 2 2 2 2 2 2 2
left_child=1 6 3 -2 5 -5 8 -8 10 -10 -1
right_child=2 -3 -4 4 -6 -7 7 -9 9 -11 -12
leaf_value=-0.01764762510235111 0.021647401233591761 -0.03977206450093676 0.022496736252849755 -0.00039376369743784222 -0.018975366599624979 0.018976311000256704 -0.026846047154126258 0.0031009527016431096 -0.0014570512313155396 0.030097777875406403 0.00030396265096076935
leaf_weight=24 24 27 33 597 28 29 26 20 31 21 1647
leaf_count=24 24 27 33 597 28 29 26 20 31 21 1647
internal_value=2.79963e-11 -0.000582325 0.00147096 0.000447586 -0.000330389 0.000503572 1.58225e-05 -0.0138256 0.000385356 0.0112862 4.61302e-05
internal_weight=2507 1796 711 678 654 626 1769 46 1723 52 1671
internal_count=2507 1796 711 678 654 626 1769 46 1723 52 1671
is_linear=0
shrinkage=0.05


Tree=146
num_leaves=16
num_cat=0
split_feature=0 0 2 2 3 3 3 0 4 2 3 4 3 4 0
split_gain=0.811387 3.81788 6.38683 7.66946 4.26408 3.22404 5.51569 2.99414 2.18853 1.72925 1.64843 7.15924 4.47852 2.1551 1.3867
threshold=554.18634850842375 649.67364058084956 7.6134103010734053 4.4901608835580129 81.726458524491022 5.8051585751236869 8.9701630598538653 513.68506784051726 0.78024783768643402 6.4376286017435111 0.90843344438560736 0.65090881927041644 1.3383624111968737 0.70333138714326882 866.52200730433867
decision_type=2 2 2 2 2 2 2 2 2 2 2 2 2 2 2
left_child=7 2 3 8 5 14 -7 10 -2 -9 11 -1 -12 -14 -3
right_child=1 4 -4 -5 -6 6 -8 9 -10 -11 12 -13 13 -15 -16
leaf_value=-0.029435503451774522 0.02513255212006384 0.017855685779994187 0.035797455394640569 -0.015742948576807976 0.019583769816824276 -0.028291066208233434 -0.002646996388604573 -0.019130557628743577 0.0036329723964445299 -0.00077662996592975809 0.02003315767672445 0.0056285263920152519 0.0016088487517446277 -0.0016735060986479006 0.00079941734528312313
leaf_weight=24 29 22 20 30 23 24 166 33 20 21 28 37 959 1045 26
leaf_count=24 29 22 20 30 23 24 166 33 20 21 28 37 959 1045 26
internal_value=8.70793e-12 0.0021967 0.0105572 0.00416728 -0.000974522 -0.00296125 -0.00588625 -0.000368334 0.0163572 -0.0119929 -6.84167e-05 -0.00816716 0.000174705 -0.000102758 0.00861687
internal_weight=2507 360 99 79 261 238 190 2147 49 54 2093 61 2032 2004 48
internal_count=2507 360 99 79 261 238 190 2147 49 54 2093 61 2032 2004 48
is_linear=0
shrinkage=0.05


Tree=147
num_leaves=9
num_cat=0
split_feature=4 4 3 4 3 3 4 6
split_gain=0.780196 2.27421 0.993839 5.37783 3.46187 9.69846 5.1543 3.27188
threshold=0.96769774500910521 0.93566043551772415 17.066906801086926 0.9100391084679168 22.414568017909158 23.682245960728853 0.80411071249207744 3.5000000000000004
decision_type=2 2 2 2 2 2 2 2
left_child=1 2 3 7 6 -6 -4 -1
right_child=-2 -3 4 -5 5 -7 -8 -9
leaf_value=-0.0012453740486928124 -0.0086163137108087543 0.014522313587022601 0.0022161756515561137 -0.023218691624976973 -0.021784599386155609 0.00073896238768137031 0.020206817181534928 0.011609626739608268
leaf_weight=1029 26 27 160 27 50 1083 53 52
leaf_count=1029 26 27 160 27 50 1083 53 52
internal_value=1.6861e-11 9.02959e-05 -6.84916e-05 -0.00117752 0.00084444 -0.000255017 0.00669272 -0.000627002
internal_weight=2507 2481 2454 1108 1346 1133 213 1081
internal_count=2507 2481 2454 1108 1346 1133 213 1081
is_linear=0
shrinkage=0.05


Tree=148
num_leaves=12
num_cat=0
split_feature=0 0 2 2 3 0 2 3 2 0 2
split_gain=0.785999 11.417 5.68505 4.06813 5.14768 5.77178 3.21165 3.60101 2.44262 5.86706 2.54116
threshold=371.22368605144931 357.01224184649067 9.5047596887614443 9.1311919311515091 91.859900616196839 379.79316169146961 9.7245456836869391 24.978257853858583 9.4720017231821227 124.06648679476869 4.0617554626620835
decision_type=2 2 2 2 2 2 2 2 2 2 2
left_child=1 6 3 4 5 -2 8 -8 10 -10 -1
right_child=2 -3 -4 -5 -6 -7 7 -9 9 -11 -12
leaf_value=0.0022353317222490641 0.027451324776153675 -0.028427462957592478 0.022008432017173618 -0.018219718979006368 -0.017683110597050366 0.0013647712405362572 -0.025293164295502581 0.002926986119709909 0.031936452682130044 -0.0050920171582180523 -0.0016779327743692602
leaf_weight=747 22 36 32 28 34 586 26 20 20 23 933
leaf_count=747 22 36 32 28 34 586 26 20 20 23 933
internal_value=-5.52764e-12 -0.00055212 0.00141963 0.000436279 0.00124994 0.00230869 1.51564e-05 -0.0130235 0.000363258 0.0121305 6.20723e-05
internal_weight=2507 1805 702 670 642 608 1769 46 1723 43 1680
internal_count=2507 1805 702 670 642 608 1769 46 1723 43 1680
is_linear=0
shrinkage=0.05


Tree=149
num_leaves=18
num_cat=0
split_feature=0 0 0 4 4 5 4 4 3 4 3 0 0 0 4 5 3
split_gain=0.762801 4.50803 3.27693 2.71205 5.66378 3.01284 2.65429 3.83688 2.58472 2.27003 2.18085 6.40755 7.67534 5.50274 6.39439 5.59252 4.70193
threshold=86.079701732778872 79.81087347277834 95.303847166873894 0.66906762899559202 0.68304772520287804 4.8373493099739893 0.65090881927041644 0.63456951183437316 19.390955738742488 0.74428187893356246 21.634356647848559 749.42634875412909 682.00239423140931 721.04143298621477 0.45068813360195886 7.76986222331987 33.128087311079888
decision_type=2 2 2 2 2 2 2 2 2 2 2 2 2 2 2 2 2
left_child=1 3 8 6 -5 -6 7 -1 -2 -3 13 12 -12 14 -4 -15 -13
right_child=2 9 10 4 5 -7 -8 -9 -10 -11 11 16 -14 15 -16 -17 -18
leaf_value=0.004082332029654758 0.003776957071386278 -0.027729130593007023 0.025794744330147903 -0.026630994537845256 -0.010167751290933474 0.001211090402296489 0.019437687954632566 -0.01789037324488163 0.024631890064726273 -0.0052636107768524783 -0.0024007497879919748 0.030322627306146467 -0.033791558630764489 0.0022028964876451276 0.0022882892759630096 -0.02066797017155645 0.0042182260942037987
leaf_weight=205 39 23 30 24 76 248 24 22 24 22 739 23 20 55 812 52 69
leaf_count=205 39 23 30 24 76 248 24 22 24 22 739 23 20 55 812 52 69
internal_value=-3.69179e-11 -0.00148341 0.000512785 -0.000336808 -0.00319409 -0.00145802 0.00362468 0.00195282 0.0117217 -0.016746 0.000120473 -0.0017174 -0.00322791 0.00176855 0.00312581 -0.00891192 0.0107443
internal_weight=2507 644 1863 599 348 324 251 227 63 45 1800 851 759 949 842 107 92
internal_count=2507 644 1863 599 348 324 251 227 63 45 1800 851 759 949 842 107 92
is_linear=0
shrinkage=0.05


Tree=150
num_leaves=17
num_cat=0
split_feature=0 0 2 2 3 3 3 4 0 4 0 4 4 4 3 5
split_gain=0.775593 3.32183 5.70667 7.27988 4.03019 3.14907 6.32515 5.37093 2.69139 1.97626 1.63438 4.51243 4.33255 2.38719 1.93388 1.62952
threshold=554.18634850842375 649.67364058084956 7.5066040294987886 4.4901608835580129 81.726458524491022 37.045115156517404 20.479784912885098 0.71105160565359549 513.68506784051726 0.78024783768643402 461.3562143594857 0.78567430100080304 0.70957820730911692 0.37151729617598467 0.90843344438560736 8.4493274734443578
decision_type=2 2 2 2 2 2 2 2 2 2 2 2 2 2 2 2
left_child=8 2 3 9 5 6 -3 -7 10 -2 13 12 -12 -1 -15 -10
right_child=1 4 -4 -5 -6 7 -8 -9 15 -11 11 -13 -14 14 -16 -17
leaf_value=-0.014868930368019001 0.023807585193245703 -0.0049685682573908712 0.033081832918382827 -0.016138283214692413 0.019176168300454384 -0.025409752327416626 0.016648470339081858 0.0036874954428138401 -0.019751051821887296 0.0033772226027213043 0.0022294438167198283 -0.011536946795880795 0.028298093842542067 -0.0090824714467182006 0.0001081434560691072 -0.0023678208772952743
leaf_weight=28 29 128 21 29 23 35 46 29 28 20 37 25 28 59 1916 26
leaf_count=28 29 128 21 29 23 35 46 29 28 20 37 25 28 59 1916 26
internal_value=3.507e-11 0.0021477 0.00994619 0.00371736 -0.000810342 -0.00274181 0.000746281 -0.0122251 -0.000360118 0.0154687 -7.57671e-05 0.00651569 0.013459 -0.000371939 -0.000166412 -0.0113813
internal_weight=2507 360 99 78 261 238 174 64 2147 49 2093 90 65 2003 1975 54
internal_count=2507 360 99 78 261 238 174 64 2147 49 2093 90 65 2003 1975 54
is_linear=0
shrinkage=0.05


Tree=151
num_leaves=14
num_cat=0
split_feature=0 3 2 2 3 4 0 2 2 2 2 6 3
split_gain=0.699972 3.1094 3.26411 6.0942 5.23613 2.86611 2.42898 1.56065 1.55478 4.93423 4.86663 3.29245 2.25311
threshold=554.18634850842375 1.6525321513705822 7.7514516600613286 6.8891933706104949 16.167895406054516 0.79402660853462737 513.68506784051726 6.4376286017435111 0.49401029833653409 0.40612035175827738 0.61204249283906509 1.5000000000000002 0.30285857966365087
decision_type=2 2 2 2 2 2 2 2 2 2 2 2 2
left_child=6 -2 3 4 -3 -4 8 -8 9 11 -10 -1 -12
right_child=1 2 5 -5 -6 -7 7 -9 10 -11 12 -13 -14
leaf_value=0.0080737956683151427 0.021199713358655572 -0.0082446676637467128 0.020123825786081521 -0.023520888800599746 0.0066942428195407291 -0.0017911699041724205 -0.017593036659739235 -0.00015680805913039617 0.02218855491280556 -0.025865236506797375 0.016275771813733238 -0.010186030094491993 -0.0001910005683867117
leaf_weight=52 20 94 37 28 156 25 33 21 25 24 21 47 1924
leaf_count=52 20 94 37 28 156 25 33 21 25 24 21 47 1924
internal_value=-4.02231e-11 0.00204032 0.000913296 -0.00140029 0.00107721 0.0112871 -0.000342112 -0.0108123 -7.19788e-05 -0.00552579 0.000268538 -0.000595011 -1.32102e-05
internal_weight=2507 360 340 278 250 62 2147 54 2093 123 1970 99 1945
internal_count=2507 360 340 278 250 62 2147 54 2093 123 1970 99 1945
is_linear=0
shrinkage=0.05


Tree=152
num_leaves=8
num_cat=0
split_feature=4 4 4 4 4 5 5
split_gain=0.707707 2.09833 2.21469 1.72353 3.73455 2.8948 1.42061
threshold=0.96769774500910521 0.92206339676567695 0.9100391084679168 0.89489083164337191 0.88307236889894247 10.196773404889084 9.6211188761091986
decision_type=2 2 2 2 2 2 2
left_child=1 2 3 4 -1 -5 -3
right_child=-2 6 -4 5 -6 -7 -8
leaf_value=0.00010499688586104185 -0.0082062797907453324 -0.00033182225057056978 -0.014371081495105667 0.018832563208754087 -0.014439160506654945 -0.0045790648654751151 0.016303762302546109
leaf_weight=2301 26 21 27 31 45 23 33
leaf_count=2301 26 21 27 31 45 23 33
internal_value=-2.82128e-12 8.59989e-05 -0.000130899 2.93027e-05 -0.000173983 0.00886094 0.00983437
internal_weight=2507 2481 2427 2400 2346 54 54
internal_count=2507 2481 2427 2400 2346 54 54
is_linear=0
shrinkage=0.05


Tree=153
num_leaves=12
num_cat=0
split_feature=0 0 2 2 3 2 2 3 2 2 4
split_gain=0.688999 14.072 4.74907 3.85494 3.9201 4.95075 2.87269 3.26955 2.49996 6.55643 3.08817
threshold=365.73933735980739 357.01224184649067 9.5047596887614443 9.1311919311515091 91.859900616196839 4.1852416341830105 9.7245456836869391 24.978257853858583 1.7377645754565398 4.0617554626620835 0.51296265381352246
decision_type=2 2 2 2 2 2 2 2 2 2 2
left_child=1 6 3 4 5 -2 8 -8 10 -10 -1
right_child=2 -3 -4 -5 -6 -7 7 -9 9 -11 -12
leaf_value=0.011915849984206002 -0.0025324238720566281 -0.036345712264516841 0.019839815281783094 -0.017749385741938437 -0.015078294117535865 0.0064460320519370996 -0.0239975269848051 0.0028925073705613614 0.0064219811168704927 -0.0010003506480196116 -0.0051968383966194444
leaf_weight=29 296 27 33 28 35 319 26 20 428 976 290
leaf_count=29 296 27 33 28 35 319 26 20 428 976 290
internal_value=-6.94452e-12 -0.000521535 0.00131741 0.000415876 0.00119838 0.00212469 2.5244e-05 -0.0123062 0.000354464 0.0012623 -0.00364114
internal_weight=2507 1796 711 678 650 615 1769 46 1723 1404 319
internal_count=2507 1796 711 678 650 615 1769 46 1723 1404 319
is_linear=0
shrinkage=0.05


Tree=154
num_leaves=15
num_cat=0
split_feature=2 4 2 2 4 4 0 4 4 3 0 3 2 3
split_gain=0.690483 5.64496 3.85291 3.75536 5.98567 10.9537 4.41777 3.68051 5.48196 3.49227 3.29759 3.07781 8.78607 3.66629
threshold=5.7680626552742789 0.38772272854096518 5.6910977934022569 7.7310841873796381 0.65368615914788442 0.53000809120205306 142.55024624689344 0.70093768246003496 0.67332703957289708 107.46497503004913 135.38664027113603 1.2071989534618122 2.5800266257251296 6.542013923174955
decision_type=2 2 2 2 2 2 2 2 2 2 2 2 2 2
left_child=2 -2 9 4 5 -3 -6 8 -5 11 -9 12 -1 -13
right_child=1 3 -4 7 6 -7 -8 10 -10 -11 -12 13 -14 -15
leaf_value=-0.011864514529705049 -0.025307452734559779 0.018729456566100897 -0.022488141413778071 -0.00022232283731585646 0.017450753160484948 -0.01065017738194813 0.0046951516107363624 -0.012074224869522952 0.019757807143919528 0.014772591417705691 -0.0011563263743268016 -0.0070226922984558933 0.027432029445966084 -9.9798018837938434e-05
leaf_weight=25 20 43 20 188 101 121 207 106 42 37 199 230 33 1135
leaf_count=25 20 43 20 188 101 121 207 106 42 37 199 230 33 1135
internal_value=6.84737e-11 0.000996128 -0.000691232 0.00151854 0.00476932 -0.00294698 0.00887799 -0.00134943 0.00342622 -0.000392644 -0.00495074 -0.000786961 0.0104939 -0.00126629
internal_weight=2507 1027 1480 1007 472 164 308 535 230 1460 305 1423 58 1365
internal_count=2507 1027 1480 1007 472 164 308 535 230 1460 305 1423 58 1365
is_linear=0
shrinkage=0.05


Tree=155
num_leaves=8
num_cat=0
split_feature=2 3 3 2 2 3 4
split_gain=0.685262 0.926606 2.87222 1.4916 3.30318 3.07905 0.81985
threshold=0.12809111875697943 115.51111601892286 105.65298884952021 5.7680626552742789 5.6910977934022569 0.83412916412802163 0.63456951183437316
decision_type=2 2 2 2 2 2 2
left_child=-1 2 3 4 -2 -5 -3
right_child=1 6 -4 5 -6 -7 -8
leaf_value=0.0075114481989294298 -0.00089788734106694117 0.00019441594369709494 0.016568556062590618 -0.014439320856084426 -0.021363734528422357 0.0018248579549823994 -0.013512600329704583
leaf_weight=30 1387 20 26 30 20 970 24
leaf_count=30 1387 20 26 30 20 970 24
internal_value=-1.0938e-11 -9.09744e-05 3.90755e-05 -0.000139473 -0.0011888 0.00133693 -0.00728214
internal_weight=2507 2477 2433 2407 1407 1000 44
internal_count=2507 2477 2433 2407 1407 1000 44
is_linear=0
shrinkage=0.05


Tree=156
num_leaves=20
num_cat=0
split_feature=4 4 4 0 0 4 4 4 3 4 6 6 3 4 5 3 5 4 3
split_gain=0.669574 5.1848 5.94083 5.50883 5.5393 4.59796 4.42902 5.68944 4.2939 4.18572 3.63274 3.32031 2.16765 1.78903 5.84003 15.6324 8.87883 5.4849 3.60791
threshold=0.80767834362342483 0.82958570923127783 0.83256802109971628 50.724992824825684 142.55024624689344 0.85480124995162277 0.82437109653365004 0.81910699238618678 25.718054580238761 0.79127216897844022 2.5000000000000004 1.0000000180025095e-35 13.666914881918137 0.74824295921245876 9.6552132403951294 29.100527119277732 8.0580729859503126 0.74428187893356246 0.51009783838569145
decision_type=2 2 2 2 2 2 2 2 2 2 2 2 2 2 2 2 2 2 2
left_child=9 6 -3 5 -5 -4 7 8 -2 13 11 -11 -13 17 16 -16 -15 18 -1
right_child=1 2 3 4 -6 -7 -8 -9 -10 10 -12 12 -14 14 15 -17 -18 -19 -20
leaf_value=-0.01761445164166648 0.027474188587317868 -0.027533509954810145 -0.031315472948810333 0.011325435291548246 -0.0014199187595301799 -0.0031282600110922108 0.027392677987615268 -0.01256958294659853 0.00072254298875729247 -0.00096312710234234405 0.0093463465990498672 -0.031257664046383332 -0.012065192251916856 0.0050148425938855131 0.038992049795989359 -0.0098780429239074402 -0.018746005387976768 -0.021752371834591031 0.00019931501247676855
leaf_weight=29 30 20 23 122 283 39 30 30 30 31 20 28 31 184 36 30 50 30 1431
leaf_count=29 30 20 23 122 283 39 30 30 30 31 20 28 31 184 36 30 50 30 1431
internal_value=-3.21077e-11 0.00144569 -0.000848177 0.000294664 0.00241942 -0.0135848 0.010755 0.00520905 0.0140984 -0.000461859 -0.00992878 -0.0142121 -0.0211735 0.000119907 0.00364268 0.0167784 -6.22617e-05 -0.000589376 -0.00015452
internal_weight=2507 607 487 467 405 62 120 90 60 1900 110 90 59 1790 300 66 234 1490 1460
internal_count=2507 607 487 467 405 62 120 90 60 1900 110 90 59 1790 300 66 234 1490 1460
is_linear=0
shrinkage=0.05


Tree=157
num_leaves=19
num_cat=0
split_feature=4 4 4 3 0 0 3 3 5 0 2 5 3 4 5 3 4 2
split_gain=0.661832 4.9565 4.68617 3.76394 9.54954 6.45329 7.71211 3.38992 3.51719 3.41599 3.34784 4.56989 4.02125 3.12889 2.85974 1.78609 1.69437 0.946937
threshold=0.70333138714326882 0.69406945159339906 0.74824295921245876 45.130531890440999 134.40876274505476 27.227454257127629 31.370663408715533 0.61616762888670384 2.6269566017163291 1091.8962260270796 9.5694021142326218 7.6485581557083391 0.51009783838569145 0.69022479103149137 6.0629473533278864 26.075016969993101 0.82437109653365004 4.0359253854152035
decision_type=2 2 2 2 2 2 2 2 2 2 2 2 2 2 2 2 2 2
left_child=1 10 3 5 -5 -2 -7 -4 16 -10 12 -12 -1 -14 -3 -16 -9 -6
right_child=2 14 7 4 17 6 -8 8 9 -11 11 -13 13 -15 15 -17 -18 -19
leaf_value=-0.021177631260260291 -0.028825538980097255 -0.0016785852326956091 0.017976595940334458 0.0092717680614441637 -0.021246782876551153 -0.0043836701024182346 0.023537651079321473 -0.013230909517027835 0.0017987343822251309 -0.019101382596418262 0.031211283067241316 -0.0014684326541812523 0.00039963230056262082 -0.016538956548486437 0.010631873346089076 0.029727940954267978 0.00064502683411719224 -0.035601105002893339
leaf_weight=23 22 21 28 24 20 168 29 66 870 20 20 23 1036 28 24 25 33 27
leaf_count=23 22 21 28 24 20 168 29 66 870 20 20 23 1036 28 24 25 33 27
internal_value=-5.69005e-11 0.00084784 -0.00077843 -0.00638507 -0.0163893 -0.00314167 -0.000273425 0.000820316 0.000334598 0.00132907 4.80482e-05 0.0137314 -0.000493245 -4.612e-05 0.0137588 0.0203748 -0.0086056 -0.0294929
internal_weight=2507 1200 1307 290 71 219 197 1017 989 890 1130 43 1087 1064 70 49 99 47
internal_count=2507 1200 1307 290 71 219 197 1017 989 890 1130 43 1087 1064 70 49 99 47
is_linear=0
shrinkage=0.05


Tree=158
num_leaves=15
num_cat=0
split_feature=0 0 4 3 3 3 3 3 4 3 2 2 2 0
split_gain=0.673761 2.93458 4.81189 3.52271 3.1478 4.4673 2.46196 2.34216 4.23319 3.51799 1.69177 6.5082 5.10157 1.38275
threshold=554.18634850842375 649.67364058084956 0.7789759691994248 81.726458524491022 5.8051585751236869 8.9701630598538653 28.653226077272219 0.90843344438560736 0.65090881927041644 1.3383624111968737 5.8517665200353361 7.7310841873796381 4.0617554626620835 866.52200730433867
decision_type=2 2 2 2 2 2 2 2 2 2 2 2 2 2
left_child=7 2 6 4 13 -6 -2 8 -1 -9 12 -12 -11 -3
right_child=1 3 -4 -5 5 -7 -8 9 -10 10 11 -13 -14 -15
leaf_value=-0.026355757160733146 0.028014931462765222 0.018081746216524731 -0.0043410797866109086 0.01790730476014964 -0.025637930230004713 -0.0025593201632622678 0.007747138599897254 0.017244676879811873 0.00033349909652502112 0.00055816395061047779 0.0062396593266665235 -0.0026013034787115831 -0.0066196329544454466 0.0010497884323390631
leaf_weight=24 31 22 39 23 24 166 29 29 39 870 383 456 346 26
leaf_count=24 31 22 39 23 24 166 29 29 39 870 383 456 346 26
internal_value=-2.83342e-11 0.00200175 0.00933159 -0.000778531 -0.0025843 -0.00547451 0.0182188 -0.000335646 -0.00983384 -4.85123e-05 -0.000292552 0.00143456 -0.0014842 0.0088561
internal_weight=2507 360 99 261 238 190 60 2147 63 2084 2055 839 1216 48
internal_count=2507 360 99 261 238 190 60 2147 63 2084 2055 839 1216 48
is_linear=0
shrinkage=0.05


Tree=159
num_leaves=10
num_cat=0
split_feature=4 4 3 4 4 0 3 3 4
split_gain=0.642485 1.86792 0.854412 5.05146 7.13877 4.17672 2.99423 8.5499 4.50515
threshold=0.96769774500910521 0.93566043551772415 17.066906801086926 0.88307236889894247 0.86794208486729274 142.55024624689344 22.414568017909158 23.682245960728853 0.80411071249207744
decision_type=2 2 2 2 2 2 2 2 2
left_child=1 2 3 4 -1 -5 8 -8 -4
right_child=-2 -3 6 5 -6 -7 7 -9 -10
leaf_value=-0.00093489468168182072 -0.0078189963474869732 0.013161443054883017 0.0020382943545700981 0.0011519636881227294 0.023815567083656789 -0.02405414105548213 -0.020452578548341992 0.00069527173128786535 0.018857930004399025
leaf_weight=1009 26 27 160 27 30 42 50 1083 53
leaf_count=1009 26 27 160 27 30 42 50 1083 53
internal_value=7.01719e-11 8.19404e-05 -6.19661e-05 -0.00109026 -0.000220252 -0.0141909 0.000784508 -0.000237996 0.00622346
internal_weight=2507 2481 2454 1108 1039 69 1346 1133 213
internal_count=2507 2481 2454 1108 1039 69 1346 1133 213
is_linear=0
shrinkage=0.05


Tree=160
num_leaves=14
num_cat=0
split_feature=5 4 2 2 6 2 3 4 3 2 3 3 3
split_gain=0.616985 0.843245 6.83448 8.41312 8.91884 6.70689 9.43448 3.75101 8.5285 3.37848 2.64101 2.60631 2.04645
threshold=15.706136074687697 0.56623390572019139 3.3351016865655345 7.0040564286168427 2.5000000000000004 2.7216313121526894 10.808975952256731 0.58777188126643909 39.646152730379917 9.8222058669557892 6.6380391710855431 43.214965518048892 7.919852543150447
decision_type=2 2 2 2 2 2 2 2 2 2 2 2 2
left_child=1 2 5 4 -4 6 -1 8 12 11 -5 -9 -3
right_child=-2 7 3 10 -6 -7 -8 9 -10 -11 -12 -13 -14
leaf_value=-0.02343183042481542 0.0075175141156823546 0.011837492454797031 -0.021384838279256406 -0.010728687744587661 0.0077358255710671927 0.02697251356176792 0.0088144376065321661 0.0011526772416681241 0.031537347704532648 -0.017364095031682934 0.0078090961820569378 -0.0031298618510911917 -0.0080139562890336313
leaf_weight=30 27 20 116 25 34 31 93 1485 31 28 83 467 37
leaf_count=30 27 20 116 25 34 31 93 1485 31 28 83 467 37
internal_value=3.38751e-12 -8.18439e-05 -0.00214745 -0.00712281 -0.0147842 0.00618789 0.000949494 0.000329679 0.0104306 -0.00011925 0.00351794 0.000128115 -0.00104854
internal_weight=2507 2480 412 258 150 154 123 2068 88 1980 108 1952 57
internal_count=2507 2480 412 258 150 154 123 2068 88 1980 108 1952 57
is_linear=0
shrinkage=0.05


Tree=161
num_leaves=15
num_cat=0
split_feature=3 4 4 2 2 3 2 4 3 0 5 3 2 0
split_gain=0.63568 3.69563 3.13674 5.89465 8.19702 1.79471 6.29446 2.94009 2.01193 4.70608 7.17135 2.01773 10.0285 3.39083
threshold=2.2920067955714614 0.57017329625996416 0.87261269648373907 6.8635320182898694 2.4042528607692963 3.2599610382071362 6.9263763615011529 0.69406945159339906 4.5587366778413481 362.35906100235735 8.949327228890402 6.6380391710855431 5.2192364970014067 30.863226717033307
decision_type=2 2 2 2 2 2 2 2 2 2 2 2 2 2
left_child=1 -1 3 4 -3 6 7 -2 9 10 -7 12 -10 -13
right_child=5 2 -4 -5 -6 8 -8 -9 11 -11 -12 13 -14 -15
leaf_value=-0.011719677339174919 -0.028427037458728863 -0.0010919089064102721 -0.011006102219901302 -0.0071949029391681829 0.030086103591079619 -0.01497641818597913 0.012532137797097677 -0.0064671482762787488 -0.020206941207154439 0.020886476416336865 0.016780009551439434 0.0065189131650137391 0.0075674931561717619 -0.000553240855751837
leaf_weight=35 27 37 22 37 49 40 28 35 65 38 32 187 65 1810
leaf_count=35 27 37 22 37 49 40 28 35 65 38 32 187 65 1810
internal_value=4.42327e-11 0.00286269 0.00638257 0.00949274 0.0166723 -0.000221437 -0.00714423 -0.0160303 5.70838e-05 0.00665082 -0.00086245 -0.000283918 -0.00631972 0.000108999
internal_weight=2507 180 145 123 86 2327 90 62 2237 110 72 2127 130 1997
internal_count=2507 180 145 123 86 2327 90 62 2237 110 72 2127 130 1997
is_linear=0
shrinkage=0.05


Tree=162
num_leaves=19
num_cat=0
split_feature=4 4 4 3 0 0 3 2 5 3 3 5 4 4 4 4 4 2
split_gain=0.633027 4.38902 4.19472 3.30769 8.61071 5.93029 6.91485 3.17362 4.12835 3.32654 2.93255 3.12201 3.30836 2.78243 2.72595 1.89275 1.57155 0.973606
threshold=0.70333138714326882 0.69406945159339906 0.74824295921245876 45.130531890440999 181.00719011704248 27.227454257127629 31.370663408715533 9.5694021142326218 7.6485581557083391 0.51009783838569145 0.61616762888670384 2.6269566017163291 0.7789759691994248 0.69022479103149137 0.69976329602667631 0.69741669171241394 0.82437109653365004 4.1852416341830105
decision_type=2 2 2 2 2 2 2 2 2 2 2 2 2 2 2 2 2 2
left_child=1 7 3 5 -5 -2 -7 9 -9 -1 -4 16 -13 -11 15 -3 -12 -6
right_child=2 14 10 4 17 6 -8 8 -10 13 11 12 -14 -15 -16 -17 -18 -19
leaf_value=-0.019263460227976675 -0.027646444327282634 0.010647078314796091 0.016708302145291652 0.0061340642095144308 -0.021794406927767254 -0.0041677741351858937 0.022270974744882051 0.030013123936951158 -0.0010477474769172461 0.00037657005384157173 -0.012577994677915491 0.0072699115956356523 -0.00030380706923484427 -0.015596706792712212 0.0015852515834073226 0.032399925813078878 0.00078557008087183503 -0.036845739177343524
leaf_weight=23 22 20 28 28 21 168 29 20 23 1036 66 181 709 28 30 20 33 22
leaf_count=23 22 20 28 28 21 168 29 20 23 1036 66 181 709 28 30 20 33 22
internal_value=-1.75273e-11 0.000829184 -0.000761302 -0.00606581 -0.0154442 -0.00302534 -0.000275776 7.65695e-05 0.0133992 -0.000450452 0.000751291 0.000299526 0.00123647 -4.37793e-05 0.0129785 0.0215235 -0.00812347 -0.0294951
internal_weight=2507 1200 1307 290 71 219 197 1130 43 1087 1017 989 890 1064 70 40 99 43
internal_count=2507 1200 1307 290 71 219 197 1130 43 1087 1017 989 890 1064 70 40 99 43
is_linear=0
shrinkage=0.05


Tree=163
num_leaves=22
num_cat=0
split_feature=2 5 2 6 2 4 0 4 4 4 2 2 3 4 3 3 2 3 0 3 5
split_gain=0.63088 4.32161 4.73739 6.28138 5.08508 5.03089 4.91524 4.02429 7.55759 3.55522 1.60206 10.2169 4.81432 9.89195 5.67661 3.3627 7.754 3.56383 3.98444 3.34763 0.0264724
threshold=8.2996627137763443 10.534839587999736 8.7979848140880801 1.5000000000000002 9.0646163695900999 0.62118352825041023 240.1180190139786 0.86794208486729274 0.75410574795445506 0.67722369000751981 6.1403328708084404 6.2301570093041496 46.048739457212065 0.69146356762794803 39.168493503327397 1.2071989534618122 2.5800266257251296 10.61088326033777 29.511950484758533 11.281520148206493 11.651669572440122
decision_type=2 2 2 2 2 2 2 2 2 2 2 2 2 2 2 2 2 2 2 2 2
left_child=10 2 3 9 6 -6 -4 8 20 -2 15 -12 14 -14 -13 16 -1 18 -17 -19 -3
right_child=1 7 4 -5 5 -7 -8 -9 -10 -11 11 12 13 -15 -16 17 -18 19 -20 -21 -22
leaf_value=-0.010529883123934269 0.0073388917809900124 0.00057098913937807087 -0.0023056366294622421 -0.030575934255166966 0.0099559455568312989 -0.0088436843984975276 0.031942779452285984 -0.010989899127744139 0.038342424930835312 -0.013983211751379397 0.037819798595737669 0.0020903907404069533 -0.02517739285893263 0.005685926993088476 0.023778248868995544 -0.019821291798725726 0.025516193360090256 0.018329790900819577 -0.0032329842002128601 0.00017210097589884839 0.0031435572914779186
leaf_weight=25 34 20 20 34 49 130 22 20 22 46 20 352 47 58 33 40 37 26 381 1071 20
leaf_count=25 34 20 20 34 49 130 22 20 22 46 20 352 47 58 33 40 37 26 381 1071 20
internal_value=1.78477e-11 -0.00177571 -0.00429402 -0.0125727 -2.35712e-05 -0.00369742 0.015634 0.00851252 0.0148036 -0.00492132 0.000354292 0.00279087 0.00136111 -0.00812908 0.00394935 -0.000432197 0.0109815 -0.000898369 -0.00480907 0.000602456 0.00185727
internal_weight=2507 417 335 114 221 179 42 82 62 80 2090 510 490 105 385 1580 62 1518 421 1097 40
internal_count=2507 417 335 114 221 179 42 82 62 80 2090 510 490 105 385 1580 62 1518 421 1097 40
is_linear=0
shrinkage=0.05


Tree=164
num_leaves=13
num_cat=0
split_feature=0 3 2 2 3 3 4 3 3 4 3 4
split_gain=0.612428 2.75761 2.67204 5.46486 4.71999 2.32053 3.41994 3.04088 2.30946 1.61987 5.85776 2.42324
threshold=554.18634850842375 1.6525321513705822 7.7514516600613286 6.954135213297195 16.167895406054516 0.90843344438560736 0.65090881927041644 1.3383624111968737 23.198824310306346 0.898923630519742 31.926870314860675 0.70333138714326882
decision_type=2 2 2 2 2 2 2 2 2 2 2 2
left_child=5 -2 3 4 -3 6 -1 -7 -4 11 -11 -9
right_child=1 2 8 -5 -6 7 -8 9 -10 10 -12 -13
leaf_value=-0.024624554440379143 0.019951493702828886 -0.0078498689325428323 0.00058302119254104547 -0.023547302454710008 0.0062530933204401722 0.016043633103756044 -0.00063557175155251459 0.0011330716916877627 0.019883124377097813 0.012761426655711925 -0.011672196684937393 -0.0024034874490291226
leaf_weight=24 20 95 31 25 158 29 39 985 31 82 35 953
leaf_count=24 20 95 31 25 158 29 39 985 31 82 35 953
internal_value=-1.76713e-11 0.00190847 0.000847115 -0.00124616 0.000957515 -0.000320004 -0.00977423 -3.41998e-05 0.0102331 -0.000261089 0.00545222 -0.00060601
internal_weight=2507 360 340 278 253 2147 63 2084 62 2055 117 1938
internal_count=2507 360 340 278 253 2147 63 2084 62 2055 117 1938
is_linear=0
shrinkage=0.05


Tree=165
num_leaves=23
num_cat=0
split_feature=2 5 2 6 2 4 0 4 4 2 2 5 3 3 5 5 2 4 3 3 2 5
split_gain=0.598434 3.89338 4.29347 5.68867 4.62903 4.51754 4.42252 3.6544 6.88074 3.2631 1.55057 9.81222 4.72784 6.54679 2.02822 5.04706 4.32356 7.78417 4.21347 3.12442 2.01317 0.0250208
threshold=8.2996627137763443 10.534839587999736 8.7979848140880801 1.5000000000000002 9.0646163695900999 0.62118352825041023 240.1180190139786 0.86794208486729274 0.75410574795445506 8.5166804512314318 7.3798716689621289 10.940814041672128 39.168493503327397 20.246293541068479 6.8829967371772094 6.9906032923695172 4.7252256947340401 0.69741669171241394 107.46497503004913 73.577748048797034 7.7514516600613286 11.651669572440122
decision_type=2 2 2 2 2 2 2 2 2 2 2 2 2 2 2 2 2 2 2 2 2 2
left_child=10 2 3 9 6 -6 -4 8 21 -2 14 12 13 -12 16 -16 19 -18 -17 -1 -14 -3
right_child=1 7 4 -5 5 -7 -8 -9 -10 -11 11 -13 20 -15 15 18 17 -19 -20 -21 -22 -23
leaf_value=-0.00086552771793988847 -0.018110958242724681 0.00042723124381154775 -0.0021320695430040357 -0.029133787395103888 0.0093785133197361939 -0.00843616249536773 0.030354463749311191 -0.010548803345300258 0.03649080893532796 0.0028951831901555553 0.010729066235944629 -0.01916810167399613 0.012340899293000501 -0.014678202426460172 0.022157630809981909 0.00021861380756314121 -0.017545407304728252 0.00091281722163936746 0.021843410801628365 0.012554159830324353 0.031349775223777847 0.0029282685741782188
leaf_weight=450 29 20 20 34 49 130 22 20 22 51 92 37 30 35 28 1092 109 120 23 48 26 20
leaf_count=450 29 20 20 34 49 130 22 20 22 51 92 37 30 35 28 1092 109 120 23 48 26 20
internal_value=-4.88972e-12 -0.00172944 -0.00411973 -0.012001 -5.42858e-05 -0.00355952 0.0148847 0.00803575 0.0140308 -0.00471954 0.000345061 0.00431563 0.00906371 0.00372706 -0.000122065 0.0011912 -0.00218679 -0.00787298 0.000664686 0.000427936 0.0211664 0.00167775
internal_weight=2507 417 335 114 221 179 42 82 62 80 2090 220 183 127 1870 1143 727 229 1115 498 56 40
internal_count=2507 417 335 114 221 179 42 82 62 80 2090 220 183 127 1870 1143 727 229 1115 498 56 40
is_linear=0
shrinkage=0.05


Tree=166
num_leaves=10
num_cat=0
split_feature=3 3 4 2 2 4 2 4 2
split_gain=0.663961 2.22654 1.87387 1.00058 6.94679 4.08386 2.72718 10.0792 4.19779
threshold=115.51111601892286 105.65298884952021 0.62497560296945287 2.5111296594417163 2.4042528607692963 0.51452660818052709 3.7743525133723357 0.64618721283286196 4.225870095512736
decision_type=2 2 2 2 2 2 2 2 2
left_child=1 3 -2 4 5 -1 7 -5 -8
right_child=2 -3 -4 6 -6 -7 8 -9 -10
leaf_value=0.012004776152577412 0.0053887622465845202 0.014389358157360997 -0.015144653297960759 0.01700660403362814 -0.026088583482695479 -0.0019260018372656484 -0.010345621654117594 -0.0016765952006071096 0.00036767637324707089
leaf_weight=58 20 27 25 110 28 566 98 210 1365
leaf_count=58 20 27 25 110 28 566 98 210 1365
internal_value=4.48108e-13 0.000110009 -0.00601869 -4.83251e-05 -0.00172442 -0.000631154 0.000564581 0.00474575 -0.000349961
internal_weight=2507 2462 45 2435 652 624 1783 320 1463
internal_count=2507 2462 45 2435 652 624 1783 320 1463
is_linear=0
shrinkage=0.05


Tree=167
num_leaves=20
num_cat=0
split_feature=4 4 0 4 6 0 4 0 4 6 2 3 0 2 2 6 2 4 4
split_gain=0.655652 6.81017 5.94324 5.7362 7.9086 4.98664 4.9567 5.0431 3.66883 5.02109 3.93445 3.35277 3.28061 2.38591 11.5159 10.3657 9.46635 9.70832 3.8441
threshold=0.65204712148756638 0.64618721283286196 149.31506763466848 0.67722369000751981 1.5000000000000002 150.30267755966528 0.68304772520287804 172.18736770859229 0.69976329602667631 1.5000000000000002 9.6685400001487398 8.3422488515126432 160.81065775829256 2.5111296594417163 3.7743525133723357 1.0000000180025095e-35 2.2642213221532459 0.58288087484502682 0.56623390572019139
decision_type=2 2 2 2 2 2 2 2 2 2 2 2 2 2 2 2 2 2 2
left_child=1 13 -3 4 5 -2 7 -5 9 -8 -10 -7 -6 16 15 -15 17 -1 -16
right_child=3 2 -4 6 12 11 8 -9 10 -11 -12 -13 -14 14 18 -17 -18 -19 -20
leaf_value=0.0090808379052240134 0.031599292617577775 -0.040533350538462402 -0.0019871325348503888 -0.035466873439727355 -0.022722568786703052 0.026139211393892765 0.0014559601430428795 4.0524071082472807e-05 -8.0771513097853881e-05 0.024222568898565239 -0.01496189720776823 0.0016175597521435959 0.0044461311101913455 -0.0089786922333822145 -0.0062444363454892205 0.024850972823332998 -0.030198521191074003 -0.013724614500533789 0.0025948698621015161
leaf_weight=112 39 20 20 20 20 20 74 20 1291 36 46 46 25 31 247 84 31 80 245
leaf_count=112 39 20 20 20 20 20 74 20 1291 36 46 46 25 31 247 84 31 80 245
internal_value=1.17019e-12 -0.00110916 -0.0212602 0.000589474 0.00990844 0.0174244 -0.000350569 -0.0177132 0.000129392 0.00890685 -0.000592762 0.00904836 -0.00762885 -0.000138024 0.00148684 0.0157317 -0.00456085 -0.000421434 -0.00184275
internal_weight=2507 870 40 1637 150 105 1487 40 1447 110 1337 66 45 830 607 115 223 192 492
internal_count=2507 870 40 1637 150 105 1487 40 1447 110 1337 66 45 830 607 115 223 192 492
is_linear=0
shrinkage=0.05


Tree=168
num_leaves=16
num_cat=0
split_feature=4 2 2 6 5 2 3 2 4 3 3 6 6 3 6
split_gain=0.59382 6.43133 6.6715 7.3096 6.2705 6.00613 8.51748 4.86019 3.01502 2.7276 8.06361 2.48585 2.01687 5.08889 1.74524
threshold=0.56623390572019139 3.3351016865655345 7.0040564286168427 2.5000000000000004 11.679337185844107 2.7216313121526894 10.808975952256731 2.2642213221532459 0.57246892876857791 6.6380391710855431 14.449475100674574 4.5000000000000009 3.5000000000000004 10.257429445443464 2.5000000000000004
decision_type=2 2 2 2 2 2 2 2 2 2 2 2 2 2 2
left_child=1 5 3 4 -3 6 -1 -8 -2 -4 -11 12 14 -14 -10
right_child=8 2 9 -5 -6 -7 7 -9 11 10 -12 -13 13 -15 -16
leaf_value=-0.021982679044206938 0.016081799349437157 -0.024413490838048106 -0.011199140373187569 0.0068122562233890807 0.0063074110736488359 0.025225085358728062 0.014417740410193803 -0.013322674054652454 0.00048232244726328813 0.034137799395691781 -0.0017104757936566226 -0.016601406854831361 0.028553515317087826 0.00031113082157640626 -0.0044473402189905758
leaf_weight=30 30 98 26 35 20 33 75 20 1755 21 62 22 22 58 200
leaf_count=30 30 98 26 35 20 33 75 20 1755 21 62 22 22 58 200
internal_value=1.04504e-11 -0.00171537 -0.00652015 -0.0132545 -0.0192066 0.00625205 0.00124317 0.00857765 0.00034521 0.00293272 0.00735957 0.000115702 0.000296428 0.00807779 -2.19909e-05
internal_weight=2507 420 262 153 118 158 125 95 2087 109 83 2057 2035 80 1955
internal_count=2507 420 262 153 118 158 125 95 2087 109 83 2057 2035 80 1955
is_linear=0
shrinkage=0.05


Tree=169
num_leaves=20
num_cat=0
split_feature=4 4 4 2 0 4 4 3 4 6 0 0 3 6 4 2 3 6 2
split_gain=0.592984 4.66073 5.28929 4.94907 4.77294 3.84813 4.85158 3.69381 3.51074 3.46062 3.16769 3.31507 1.86078 3.97003 5.34446 3.09069 5.6461 2.43333 2.31409
threshold=0.80767834362342483 0.82958570923127783 0.83256802109971628 9.5910636422051763 50.724992824825684 0.82437109653365004 0.81910699238618678 25.718054580238761 0.79127216897844022 2.5000000000000004 72.908783590230669 201.34666038957428 77.897968120475753 1.5000000000000002 0.69628790346444636 9.5694021142326218 9.4579736269481227 1.0000000180025095e-35 8.2996627137763443
decision_type=2 2 2 2 2 2 2 2 2 2 2 2 2 2 2 2 2 2 2
left_child=8 5 -3 4 -4 6 7 -2 12 10 -10 -12 15 17 -15 18 -17 -14 -1
right_child=1 2 3 -5 -6 -7 -8 -9 9 -11 11 -13 13 14 -16 16 -18 -19 -20
leaf_value=0.00080836220019747879 0.025632023983635011 -0.025993875712156295 -0.011768903673316043 -0.024069927165983246 0.0033871332869939604 0.025695070537428061 -0.011400137164940437 0.00082002993673086172 0.0042637170478701594 0.0097082384442910563 -0.032897723056375984 -0.010189198915743165 -0.002269971023338872 0.019199005365371707 -0.013246277482672174 -0.011762852350338585 0.018638026183180046 -0.019183886140584947 -0.0050108301704033069
leaf_weight=1379 30 20 60 20 387 30 30 30 20 20 25 45 37 30 22 21 56 50 195
leaf_count=1379 30 20 60 20 387 30 30 30 20 20 25 45 37 30 22 21 56 50 195
internal_value=-6.25843e-12 0.00136049 -0.000814353 0.000264 0.00135277 0.0101867 0.00501731 0.013226 -0.000434642 -0.00910471 -0.0132854 -0.0182994 9.81553e-05 -0.00545778 0.00547215 0.000565917 0.0103469 -0.0119906 8.7433e-05
internal_weight=2507 607 487 467 447 120 90 60 1900 110 90 70 1790 139 52 1651 77 87 1574
internal_count=2507 607 487 467 447 120 90 60 1900 110 90 70 1790 139 52 1651 77 87 1574
is_linear=0
shrinkage=0.05


Tree=170
num_leaves=18
num_cat=0
split_feature=0 0 0 2 2 6 0 3 6 2 6 2 3 2 3 4 4
split_gain=0.606597 9.06724 6.56965 3.73048 4.56439 3.61226 2.80382 3.83358 2.83128 5.16784 9.9453 5.08554 4.02273 5.99133 4.9287 2.45012 2.41264
threshold=201.34666038957428 192.0239401319329 181.00719011704248 0.45547246795846713 0.61204249283906509 1.5000000000000002 218.12200288073771 35.94084097304718 1.5000000000000002 6.8635320182898694 2.5000000000000004 6.4376286017435111 6.3949152581820607 6.3947548245254024 8.1622605200561047 0.71192209913053361 0.73397591484078739
decision_type=2 2 2 2 2 2 2 2 2 2 2 2 2 2 2 2 2
left_child=1 2 3 5 -5 -1 7 16 12 11 -11 -10 13 -8 -14 -4 -2
right_child=6 -3 15 4 -6 -7 8 -9 9 10 -12 -13 14 -15 -16 -17 -18
leaf_value=0.0010954180361098936 -0.0083537851206280985 0.025507184941994235 -0.031174877534310027 0.024587058240459078 0.0010507944015293203 -0.020852715203440505 -0.0019472482618376882 0.006384438551252797 0.0050374630770685901 0.0046027162504431451 -0.023517099684698783 0.03008486664938656 -0.020275483904189845 0.017965381661135899 -0.0027040977244974489 -0.0077889422459217414 -0.032348424531519419
leaf_weight=37 22 36 21 21 1079 38 112 21 257 95 47 22 43 57 555 24 20
leaf_count=37 22 36 21 21 1079 38 112 21 257 95 47 22 43 57 555 24 20
internal_value=2.95466e-11 0.000776206 4.6439e-05 0.000764479 0.00150012 -0.010025 -0.000779308 -0.0110584 -0.000234205 0.00306045 -0.00470455 0.00701253 -0.00204261 0.00476885 -0.00396759 -0.0187024 -0.0197798
internal_weight=2507 1256 1220 1175 1100 75 1251 63 1188 421 142 279 767 169 598 45 42
internal_count=2507 1256 1220 1175 1100 75 1251 63 1188 421 142 279 767 169 598 45 42
is_linear=0
shrinkage=0.05


Tree=171
num_leaves=20
num_cat=0
split_feature=4 4 0 4 5 0 6 4 0 4 4 2 2 2 6 2 4 0 3
split_gain=0.616908 6.10474 5.38512 5.16298 7.28303 5.9808 5.42096 4.56364 4.57808 3.27162 4.56995 3.43937 2.25377 9.91993 9.17941 8.22602 8.52219 3.23284 0.92442
threshold=0.65204712148756638 0.64618721283286196 149.31506763466848 0.67722369000751981 9.8248852756774969 402.84194040987251 1.5000000000000002 0.68304772520287804 172.18736770859229 0.69976329602667631 0.69741669171241394 9.6685400001487398 2.5111296594417163 3.7743525133723357 1.0000000180025095e-35 2.2642213221532459 0.58288087484502682 311.78568720723757 16.380525775325697
decision_type=2 2 2 2 2 2 2 2 2 2 2 2 2 2 2 2 2 2 2
left_child=1 12 -3 4 5 6 -2 8 -5 10 -9 -11 15 14 -14 16 -1 -15 -6
right_child=3 2 -4 7 18 -7 -8 9 -10 11 -12 -13 13 17 -16 -17 -18 -19 -20
leaf_value=0.0083065751693668834 0.031971253630789842 -0.03850061142496998 -0.0018089379649609328 -0.033895403728820384 -0.016458542984910309 -0.002982079572975636 0.0038909546993672849 0.0036249770075988232 -6.4631844870746143e-05 -6.2754713609348617e-05 0.03004820549860597 -0.013976142888018135 -0.0086096677148053725 -0.0044941622677879562 0.023225402080320888 -0.028354171366100352 -0.013060358898510458 0.004143928029279439 -0.0012564015772659333
leaf_weight=112 55 20 20 20 20 30 25 90 20 1291 20 46 31 331 84 31 80 161 20
leaf_count=112 55 20 20 20 20 30 25 90 20 1291 20 46 31 331 84 31 80 161 20
internal_value=5.7604e-11 -0.00107589 -0.0201548 0.000571792 0.00941288 0.0160566 0.0231962 -0.000320045 -0.01698 0.000140493 0.0084292 -0.00054145 -0.000156425 0.0014228 0.0146438 -0.00445503 -0.000596314 -0.00166747 -0.00885747
internal_weight=2507 870 40 1637 150 110 80 1487 40 1447 110 1337 830 607 115 223 192 492 40
internal_count=2507 870 40 1637 150 110 80 1487 40 1447 110 1337 830 607 115 223 192 492 40
is_linear=0
shrinkage=0.05


Tree=172
num_leaves=18
num_cat=0
split_feature=4 2 2 6 5 3 2 5 6 4 3 3 6 3 0 4 0
split_gain=0.620848 5.48761 6.04763 6.39151 5.59375 5.29282 2.98182 2.87557 3.56669 2.73354 2.53614 7.30284 2.17564 1.91781 3.05192 1.87546 1.8681
threshold=0.56623390572019139 3.3351016865655345 7.0040564286168427 2.5000000000000004 11.679337185844107 10.808975952256731 1.5788098084762672 8.402323341631508 1.0000000180025095e-35 0.57246892876857791 6.6380391710855431 14.449475100674574 4.5000000000000009 2.2920067955714614 393.81958058670551 0.57868240050031894 160.81065775829256
decision_type=2 2 2 2 2 2 2 2 2 2 2 2 2 2 2 2 2
left_child=1 5 3 4 -3 6 -1 8 -7 -2 -4 -12 13 14 -11 -15 -9
right_child=9 2 10 -5 -6 7 -8 16 -10 12 11 -13 -14 15 -16 -17 -18
leaf_value=-0.023763754414394499 0.01533699907362461 -0.023087669372064426 -0.010819066369619507 0.0061602852493524559 0.0059281352395191798 0.021100902055268704 0.003539265096187592 0.011345760753223052 -0.0026902486379258338 0.010188399370526895 0.032560167035886219 -0.0015551507803461245 -0.015504863572476263 -0.013448506697582512 -0.0070473260574919335 7.3343711711570909e-05 0.031766011442856061
leaf_weight=20 30 98 26 35 20 23 20 24 50 105 21 62 22 26 34 1870 21
leaf_count=20 30 98 26 35 20 23 20 24 50 105 21 62 22 26 34 1870 21
internal_value=-2.41189e-11 -0.00175397 -0.00619225 -0.012604 -0.0181697 0.00560572 -0.0101122 0.0109338 0.00480559 0.000352979 0.00280778 0.00707644 0.000134447 0.000303521 0.00597247 -0.000112083 0.0208752
internal_weight=2507 420 262 153 118 158 40 118 73 2087 109 83 2057 2035 139 1896 45
internal_count=2507 420 262 153 118 158 40 118 73 2087 109 83 2057 2035 139 1896 45
is_linear=0
shrinkage=0.05


Tree=173
num_leaves=19
num_cat=0
split_feature=0 2 0 3 3 4 4 3 6 4 0 0 4 2 4 0 3 2
split_gain=0.612634 4.08478 4.99847 4.86935 9.33429 4.48923 5.3253 4.27501 2.97952 2.73788 2.33431 8.69412 5.53002 3.06023 4.18387 2.46104 3.47329 2.80188
threshold=162.6345183556019 0.49401029833653409 135.38664027113603 34.625873830932584 16.527710350445517 0.45068813360195886 0.51968251501984553 49.665741876962592 1.5000000000000002 0.40010817179983488 192.0239401319329 201.34666038957428 0.65204712148756638 6.5854198237393513 0.74731497982877138 218.12200288073771 35.94084097304718 9.759921110005056
decision_type=2 2 2 2 2 2 2 2 2 2 2 2 2 2 2 2 2 2
left_child=1 8 5 4 -4 9 -7 -5 -1 -3 12 -12 -2 14 -14 16 -13 -17
right_child=10 2 3 7 -6 6 -8 -9 -10 -11 11 15 13 -15 -16 17 -18 -19
leaf_value=-0.00037602654491097502 -0.022827469423795359 -0.0022150070096055669 0.0047197455840726054 -0.01974301767491159 0.036454232301361654 0.018468886582801738 0.00019950176339844904 0.010588307736011653 -0.019920587921753909 -0.027185671452594842 0.024147320414582889 -0.018706960940644855 0.02517466600984335 -0.013774159328582196 -0.0039775040175300093 -0.00063481042225256362 0.0061974671713653064 0.015658334849609268
leaf_weight=39 39 21 62 21 37 42 793 26 39 23 36 42 20 26 32 1161 21 27
leaf_count=39 39 21 62 21 37 42 793 26 39 23 36 42 20 26 32 1161 21 27
internal_value=-4.00268e-11 0.000881839 0.00172121 0.0102885 0.0165801 0.000298194 0.00111844 -0.00296399 -0.0101483 -0.0152679 -0.000692784 -7.80745e-05 -0.00745458 0.00023186 0.00723487 -0.000775208 -0.0104055 -0.000264512
internal_weight=2507 1103 1025 146 99 879 835 47 78 44 1404 1287 117 78 52 1251 63 1188
internal_count=2507 1103 1025 146 99 879 835 47 78 44 1404 1287 117 78 52 1251 63 1188
is_linear=0
shrinkage=0.05


Tree=174
num_leaves=8
num_cat=0
split_feature=2 3 3 2 2 0 5
split_gain=0.575925 0.789349 2.08339 1.11483 2.78269 2.51859 0.704246
threshold=0.12809111875697943 115.51111601892286 105.65298884952021 5.7680626552742789 5.6910977934022569 117.28386621321357 7.9496486934525548
decision_type=2 2 2 2 2 2 2
left_child=-1 2 3 4 -2 -5 -3
right_child=1 6 -4 5 -6 -7 -8
leaf_value=0.0068861796427518137 -0.000755593791698383 -0.00094610822852700957 0.014114470034837723 0.0049133472652460866 -0.019539951197803024 -0.00051703476549197643 -0.01365003679180518
leaf_weight=30 1387 24 26 309 20 691 20
leaf_count=30 1387 24 26 309 20 691 20
internal_value=-2.16067e-11 -8.34015e-05 3.66305e-05 -0.000115436 -0.00102261 0.00116095 -0.00672062
internal_weight=2507 2477 2433 2407 1407 1000 44
internal_count=2507 2477 2433 2407 1407 1000 44
is_linear=0
shrinkage=0.05


Tree=175
num_leaves=15
num_cat=0
split_feature=3 4 4 5 2 3 2 4 3 0 5 0 4 0
split_gain=0.554996 2.68437 2.91549 5.90313 4.86447 1.48415 5.3173 2.44366 1.86623 4.02781 6.32933 1.74161 5.37914 1.9388
threshold=2.2920067955714614 0.57017329625996416 0.87261269648373907 10.884953908218836 6.8635320182898694 3.2599610382071362 6.9263763615011529 0.69406945159339906 4.5587366778413481 362.35906100235735 8.949327228890402 24.069398377450085 0.67104739371204281 38.530565952569475
decision_type=2 2 2 2 2 2 2 2 2 2 2 2 2 2
left_child=1 -1 3 4 -3 6 7 -2 9 10 -7 12 -10 -13
right_child=5 2 -4 -5 -6 8 -8 -9 11 -11 -12 13 -14 -15
leaf_value=-0.0097532623686960775 -0.025971354842530908 0.010413805618383258 -0.011089465623213487 0.030920172474967939 -0.013939472275047465 -0.013813444729894401 0.011582409504002758 -0.005951056046677488 0.015138029219981817 0.019566758280914084 0.016020467644557359 -0.0076985062397223851 -0.0032981027183788163 -0.00033963489767687024
leaf_weight=35 27 70 22 24 29 40 28 35 70 38 32 94 91 1872
leaf_count=35 27 70 22 24 29 40 28 35 70 38 32 94 91 1872
internal_value=-3.71078e-11 0.00267485 0.00567474 0.00867322 0.00328002 -0.000206907 -0.00650229 -0.0146696 4.63713e-05 0.00639685 -0.000553928 -0.000282051 0.00471761 -0.000691483
internal_weight=2507 180 145 123 99 2327 90 62 2237 110 72 2127 161 1966
internal_count=2507 180 145 123 99 2327 90 62 2237 110 72 2127 161 1966
is_linear=0
shrinkage=0.05


Tree=176
num_leaves=20
num_cat=0
split_feature=0 2 2 3 4 4 6 6 3 0 6 2 4 0 5 2 2 6 5
split_gain=0.545923 3.93333 4.19154 3.974 4.64745 3.71305 3.6037 7.73968 6.05938 3.60137 4.0326 5.14362 4.62245 6.61217 4.17652 4.09063 3.218 2.11198 2.80727
threshold=234.21185303041463 0.86478151837041006 0.55694871442396887 6.9924936838273553 0.66906762899559202 0.63600420791129875 1.5000000000000002 2.5000000000000004 8.1622605200561047 226.29474899279484 1.0000000180025095e-35 9.7245456836869391 0.6272627918517647 87.948367449212114 9.7355109057271729 9.4386879384685294 5.2601066661860072 1.0000000180025095e-35 7.0629532632435934
decision_type=2 2 2 2 2 2 2 2 2 2 2 2 2 2 2 2 2 2 2
left_child=9 2 17 4 5 -3 8 -8 -5 10 12 15 14 -14 -1 -12 -6 -2 -19
right_child=1 3 -4 6 16 -7 7 -9 -10 -11 11 -13 13 -15 -16 -17 -18 18 -20
leaf_value=0.0013565174805430266 0.014497786406427621 0.0074595954053211901 0.021956571513736572 -0.031680255984379485 -0.0094552475654328359 0.031927163675427438 0.0074590021439273528 -0.0095255999489583919 -0.0048414080989482647 0.016269304975867271 -0.0012575467084437958 -0.022450977869864025 -0.00038048396026715641 0.016931298759016323 -0.023380987266344685 0.018474637247897961 0.0057119782936448857 0.0073874247341376284 -0.017316332528286654
leaf_weight=91 20 69 37 22 68 20 177 108 477 36 965 28 100 123 21 27 72 23 23
leaf_count=91 20 69 37 22 68 20 177 108 477 36 965 28 100 123 21 27 72 23 23
internal_value=7.35786e-11 -0.00082374 0.00848528 -0.00177026 0.00402428 0.0129579 -0.0034628 0.00102273 -0.00602468 0.000660887 0.000246198 -0.001317 0.0050058 0.00916817 -0.00328176 -0.000720481 -0.00165496 0.000933195 -0.00496445
internal_weight=2507 1116 103 1013 229 89 784 285 499 1391 1355 1020 335 223 112 992 140 66 46
internal_count=2507 1116 103 1013 229 89 784 285 499 1391 1355 1020 335 223 112 992 140 66 46
is_linear=0
shrinkage=0.05


Tree=177
num_leaves=11
num_cat=0
split_feature=4 4 0 0 0 0 2 2 2 3
split_gain=0.536151 0.815415 3.95455 0.967597 5.55432 6.75018 3.47228 3.1927 2.92807 2.85664
threshold=0.33952008870163491 0.41291997768995981 187.47300496571799 181.00719011704248 192.0239401319329 201.34666038957428 0.49401029833653409 0.31940861635369694 3.9068198418746798 22.414568017909158
decision_type=2 2 2 2 2 2 2 2 2 2
left_child=-1 2 -2 6 9 -6 7 -3 -8 -5
right_child=1 3 -4 4 5 -7 8 -9 -10 -11
leaf_value=-0.0081537885451689364 -0.0065919683211379592 -0.00066867021947271301 0.021621568193254267 -0.0062854376155883074 0.021264178172818254 -0.001007118004482975 0.005146987861606782 -0.02132785002468154 -0.00028072555885947628 -0.031791934490736043
leaf_weight=20 27 45 23 23 35 1218 396 32 667 21
leaf_count=20 27 45 23 23 35 1218 396 32 667 21
internal_value=-5.79314e-11 6.55712e-05 0.00638626 -6.41105e-05 -0.000998164 -0.000385015 0.000998581 -0.0092543 0.00174126 -0.018459
internal_weight=2507 2487 50 2437 1297 1253 1140 77 1063 44
internal_count=2507 2487 50 2437 1297 1253 1140 77 1063 44
is_linear=0
shrinkage=0.05


Tree=178
num_leaves=18
num_cat=0
split_feature=0 0 4 2 4 4 3 5 0 3 2 0 4 0 0 0 4
split_gain=0.544417 2.67883 4.26907 4.54302 3.50081 4.81322 3.8615 3.59442 4.5182 4.18058 3.07907 2.20615 1.43819 1.32752 1.91258 1.81498 1.53871
threshold=554.18634850842375 649.67364058084956 0.62385131265957272 7.0636809434848686 0.72166691470633326 0.8780566672421225 21.634356647848559 8.6857759922514095 749.42634875412909 32.322877028951829 3.0856638916367696 513.68506784051726 0.66906762899559202 478.93464234371021 492.21072475928776 467.44069990789541 0.90281170354372964
decision_type=2 2 2 2 2 2 2 2 2 2 2 2 2 2 2 2 2
left_child=11 2 -2 10 7 6 -6 8 -3 -9 -4 13 -13 15 -15 16 -1
right_child=1 4 3 -5 5 -7 -8 9 -10 -11 -12 12 -14 14 -16 -17 -18
leaf_value=-0.00039426527873310542 0.026665981788188221 -0.033134053824912933 0.0077234691791236406 0.022448953804338263 0.00078872182178047466 -0.016903986874967813 0.020587973754205135 0.01354702887804927 -0.0060668888566052098 -0.012614975382502265 -0.016418289060571366 -0.020919195862952621 -0.0040217831621275233 0.017103403175456656 -0.0017163144769491972 -0.013126637355458957 0.0059381769555113696
leaf_weight=1911 25 21 25 21 53 20 46 37 58 26 28 20 34 27 27 27 101
leaf_count=1911 25 21 25 21 53 20 46 37 58 26 28 20 34 27 27 27 101
internal_value=4.50744e-11 0.00179938 0.00880255 0.0027676 -0.000856991 0.00546865 0.00998837 -0.00615806 -0.013262 0.00275001 -0.00503067 -0.000301713 -0.0102801 -4.4268e-05 0.00769354 -0.000249193 -7.63842e-05
internal_weight=2507 360 99 74 261 119 99 142 79 63 53 2147 54 2093 54 2039 2012
internal_count=2507 360 99 74 261 119 99 142 79 63 53 2147 54 2093 54 2039 2012
is_linear=0
shrinkage=0.05


Tree=179
num_leaves=8
num_cat=0
split_feature=4 4 4 4 4 5 5
split_gain=0.544658 1.67462 1.98041 1.53189 2.90608 2.7422 1.31811
threshold=0.96769774500910521 0.92206339676567695 0.9100391084679168 0.89489083164337191 0.88307236889894247 9.4852669577909072 9.6211188761091986
decision_type=2 2 2 2 2 2 2
left_child=1 2 3 4 -1 -5 -3
right_child=-2 6 -4 5 -6 -7 -8
leaf_value=8.7617736408474413e-05 -0.0071991546222796819 -0.0010084267084797224 -0.013584247824770433 0.020494668930768969 -0.0127422855877214 -0.0021021664897301075 0.015015761351043528
leaf_weight=2301 26 21 27 25 45 29 33
leaf_count=2301 26 21 27 25 45 29 33
internal_value=-3.6955e-11 7.54445e-05 -0.000118321 3.31706e-05 -0.00015848 0.00835933 0.00878413
internal_weight=2507 2481 2427 2400 2346 54 54
internal_count=2507 2481 2427 2400 2346 54 54
is_linear=0
shrinkage=0.05


Tree=180
num_leaves=12
num_cat=0
split_feature=0 0 2 0 2 2 4 2 3 5 2
split_gain=0.525868 12.3449 4.42585 4.29411 3.0468 8.72794 4.79364 1.8716 3.02449 1.93522 2.44056
threshold=365.73933735980739 357.01224184649067 9.6685400001487398 376.60238748047226 1.7077954949471483 3.4684683808532935 0.81478131026356582 9.7245456836869391 24.978257853858583 14.769772949314552 1.7377645754565398
decision_type=2 2 2 2 2 2 2 2 2 2 2
left_child=1 7 3 -2 6 -6 -5 9 -9 10 -1
right_child=2 -3 -4 4 5 -7 -8 8 -10 -11 -12
leaf_value=-0.0038761429026902927 0.02082372809946537 -0.03400955903861258 0.024338628221303227 0.0013701038158615121 -0.012977532335251236 0.001734578938776037 0.024566629850145044 -0.02114164881551495 0.0047210265486501164 0.01360300904898732 0.0010131305979474887
leaf_weight=313 25 27 20 96 134 407 29 26 20 27 1383
leaf_count=313 25 27 20 96 134 407 29 26 20 27 1383
internal_value=-2.18714e-12 -0.00045563 0.00115093 0.000479797 -0.000283864 -0.00190946 0.0067517 5.64985e-05 -0.00989701 0.000322233 0.000110806
internal_weight=2507 1796 711 691 666 541 125 1769 46 1723 1696
internal_count=2507 1796 711 691 666 541 125 1769 46 1723 1696
is_linear=0
shrinkage=0.05


Tree=181
num_leaves=8
num_cat=0
split_feature=2 3 3 2 2 3 5
split_gain=0.529842 0.668868 1.83158 0.950466 3.55755 2.68291 0.648511
threshold=0.12809111875697943 115.51111601892286 105.65298884952021 2.5800266257251296 2.4313499319218441 2.807223723794698 7.9496486934525548
decision_type=2 2 2 2 2 2 2
left_child=-1 2 3 4 -2 -5 -3
right_child=1 6 -4 5 -6 -7 -8
leaf_value=0.0066049319691956045 -0.00082542476355307196 -0.00064842171656588718 0.013230175854494939 0.0066622324418858627 -0.016596467241546824 -0.0001278033907110126 -0.012839285009540619
leaf_weight=30 606 24 26 160 38 1603 20
leaf_count=30 606 24 26 160 38 1603 20
internal_value=-3.85304e-11 -7.99952e-05 3.04972e-05 -0.000112083 -0.00175601 0.000488422 -0.00618972
internal_weight=2507 2477 2433 2407 644 1763 44
internal_count=2507 2477 2433 2407 644 1763 44
is_linear=0
shrinkage=0.05


Tree=182
num_leaves=9
num_cat=0
split_feature=4 4 0 4 2 0 6 2
split_gain=0.529542 1.51649 0.738584 5.46444 3.89723 4.26453 2.92775 2.18082
threshold=0.96769774500910521 0.93566043551772415 162.6345183556019 0.91767245231675809 0.45547246795846713 135.38664027113603 1.5000000000000002 0.45547246795846713
decision_type=2 2 2 2 2 2 2 2
left_child=1 2 4 7 6 -6 -1 -4
right_child=-2 -3 3 -5 5 -7 -8 -9
leaf_value=-0.00010816495466445173 -0.0070985541607324898 0.011859460789020415 0.0085652896814281121 -0.026771208383142949 0.00038750454685243518 0.0096500535553385482 -0.020416820861606136 -0.00089152172437039162
leaf_weight=35 26 27 64 20 869 145 36 1285
leaf_count=35 26 27 64 20 869 145 36 1285
internal_value=-4.72418e-11 7.43903e-05 -5.52743e-05 -0.000827503 0.000919086 0.00171203 -0.0104055 -0.000442866
internal_weight=2507 2481 2454 1369 1085 1014 71 1349
internal_count=2507 2481 2454 1369 1085 1014 71 1349
is_linear=0
shrinkage=0.05


Tree=183
num_leaves=16
num_cat=0
split_feature=0 3 6 2 2 0 2 3 3 3 5 3 5 5 0
split_gain=0.517012 5.93717 4.93059 4.8048 8.89203 3.49559 8.34312 3.08178 1.41871 4.29544 3.88084 6.60493 4.76276 3.16166 2.35235
threshold=30.863226717033307 6.3949152581820607 2.5000000000000004 8.0108007444946185 3.9068198418746798 38.530565952569475 4.455842871747028 1.7829708330811087 5.8051585751236869 6.7315957398374389 4.3614542891956409 4.3374970575965355 3.3610638160073165 7.6173738374482323 60.784884972959709
decision_type=2 2 2 2 2 2 2 2 2 2 2 2 2 2 2
left_child=1 7 3 4 -3 6 -2 -1 10 13 12 -12 -7 -10 -11
right_child=5 2 -4 -5 -6 8 -8 -9 9 14 11 -13 -14 -15 -16
leaf_value=0.0038592175859957934 -0.02736715536254148 0.01227042164489929 0.028155543687550917 0.025787210783788136 -0.012588766398174423 0.0015338073642924429 0.010691471615185341 -0.020501633970117249 0.00040403111682583889 0.0064782266756083125 0.0017783797174883574 0.020356213620279808 -0.02519470924139023 -0.023024554840392536 -0.00056158768052795354
leaf_weight=20 36 74 23 21 70 50 24 37 24 128 253 59 25 36 1627
leaf_count=20 36 74 23 21 70 50 24 37 24 128 253 59 25 36 1627
internal_value=1.82575e-11 0.00218176 0.00646759 0.00344442 0.000186094 -0.000236309 -0.0121437 -0.011954 8.81435e-05 -0.000497894 0.00283661 0.0052915 -0.0073757 -0.0136531 -4.81425e-05
internal_weight=2507 245 188 165 144 2262 60 57 2202 1815 387 312 75 60 1755
internal_count=2507 245 188 165 144 2262 60 57 2202 1815 387 312 75 60 1755
is_linear=0
shrinkage=0.05


Tree=184
num_leaves=19
num_cat=0
split_feature=2 5 2 6 2 6 0 4 4 2 4 3 0 0 0 2 0 5
split_gain=0.543193 3.23542 4.09998 4.98381 3.98634 4.1055 3.97798 3.07674 6.2318 2.99265 1.43672 3.32788 3.87684 1.55621 2.8937 2.46004 1.66542 0.0341955
threshold=8.2996627137763443 10.534839587999736 8.7979848140880801 1.5000000000000002 9.0646163695900999 1.0000000180025095e-35 240.1180190139786 0.86794208486729274 0.75410574795445506 8.5166804512314318 0.92206339676567695 33.128087311079888 199.2405985522079 960.23375836537809 866.52200730433867 3.8758214872581305 804.7462921090563 11.651669572440122
decision_type=2 2 2 2 2 2 2 2 2 2 2 2 2 2 2 2 2 2
left_child=10 2 3 9 6 -6 -4 8 17 -2 13 12 -12 14 16 -15 -1 -3
right_child=1 7 4 -5 5 -7 -8 -9 -10 -11 11 -13 -14 15 -16 -17 -18 -19
leaf_value=-8.5639782548503846e-05 -0.017537324451680842 -0.00046295950189232824 -0.002129550613462925 -0.027564572551123365 0.010785607118500261 -0.0072341170769346791 0.028680993125519971 -0.0097983483504503963 0.034129712798378689 0.00257948691883654 0.029972907291217283 -0.0098665568046271811 0.001924805103668145 -0.001820982658925156 -0.014224377204664053 0.016794976783650262 0.012904617592692375 0.0024608873948454859
leaf_weight=1888 29 20 20 34 41 138 22 20 22 51 22 20 28 36 36 35 25 20
leaf_count=1888 29 20 20 34 41 138 22 20 22 51 22 20 28 36 36 35 25 20
internal_value=-2.74858e-11 -0.00164769 -0.00382666 -0.0115283 0.00014612 -0.00310669 0.0140093 0.00725421 0.012755 -0.00471286 0.000328749 0.00737096 0.014266 8.47123e-05 -0.000180169 0.0073559 8.41231e-05 0.000998964
internal_weight=2507 417 335 114 221 179 42 82 62 80 2090 70 50 2020 1949 71 1913 40
internal_count=2507 417 335 114 221 179 42 82 62 80 2090 70 50 2020 1949 71 1913 40
is_linear=0
shrinkage=0.05


Tree=185
num_leaves=21
num_cat=0
split_feature=4 2 2 6 2 3 5 5 4 3 3 3 3 0 2 3 6 0 3 0
split_gain=0.51483 5.07431 5.42061 5.55905 5.01558 6.65422 4.84863 4.24179 2.68313 7.05859 2.39301 6.05729 2.20881 3.37376 3.31257 3.21365 2.57254 3.47293 2.03341 1.70462
threshold=0.56623390572019139 3.3351016865655345 7.0040564286168427 2.5000000000000004 2.7216313121526894 10.808975952256731 11.679337185844107 9.8388975282106426 0.58777188126643909 39.646152730379917 6.542013923174955 14.449475100674574 43.214965518048892 749.42634875412909 8.3218897599568518 62.612180200568908 2.5000000000000004 199.2405985522079 17.066906801086926 320.20176574387648
decision_type=2 2 2 2 2 2 2 2 2 2 2 2 2 2 2 2 2 2 2 2
left_child=1 4 3 6 5 -1 -3 -7 9 19 -4 -12 16 14 -14 -15 18 -18 -10 -2
right_child=8 2 10 -5 -6 7 -8 -9 12 -11 11 -13 13 15 -16 -17 17 -19 -20 -21
leaf_value=-0.019626196517298619 -0.0078530576766321549 -0.021704681727046871 -0.010924348447471859 0.0055643491500190325 0.022817938402295113 0.0017571692594100495 0.0053095412615221001 0.027218480062271868 0.00010523883498319515 0.0276179353822954 0.02923729048025879 -0.0013007736434378931 -0.0024001078958242714 -0.0019664938747882845 -0.014029349688742613 0.024923483468592168 0.0019817002394244584 -0.010364434432641075 0.0041456680056784706 0.010180887114256621
leaf_weight=30 38 98 25 35 33 74 20 21 774 32 22 62 355 25 74 20 117 111 521 20
leaf_count=30 38 98 25 35 33 74 20 21 774 32 22 62 355 25 74 20 117 111 521 20
internal_value=-6.04203e-11 -0.00159721 -0.00586508 -0.0119354 0.0054799 0.000902662 -0.017126 0.00738546 0.000321431 0.00876639 0.00265563 0.00669729 -5.91629e-05 -0.00303988 -0.00440608 0.00998461 0.000868519 -0.00402892 0.00173077 -0.00163446
internal_weight=2507 420 262 153 158 125 118 95 2087 90 109 84 1997 474 429 45 1523 228 1295 58
internal_count=2507 420 262 153 158 125 118 95 2087 90 109 84 1997 474 429 45 1523 228 1295 58
is_linear=0
shrinkage=0.05


Tree=186
num_leaves=19
num_cat=0
split_feature=4 4 0 4 5 0 6 4 0 4 0 2 2 6 2 4 3 3
split_gain=0.503293 5.64075 4.84027 4.51536 6.53617 5.20258 5.02491 3.96473 4.15673 2.99125 2.24048 2.06791 8.3332 8.09689 7.36436 7.56745 3.0939 0.881807
threshold=0.65204712148756638 0.64618721283286196 149.31506763466848 0.67722369000751981 9.8248852756774969 362.35906100235735 1.5000000000000002 0.68304772520287804 172.18736770859229 0.68767859815713817 766.70135430158973 2.5111296594417163 3.7743525133723357 1.0000000180025095e-35 2.2642213221532459 0.51968251501984553 83.194819345868538 16.380525775325697
decision_type=2 2 2 2 2 2 2 2 2 2 2 2 2 2 2 2 2 2
left_child=1 11 -3 4 5 6 -2 8 -5 -9 -11 14 13 -13 15 -1 -14 -6
right_child=3 2 -4 7 17 -7 -8 9 -10 10 -12 12 16 -15 -16 -17 -18 -19
leaf_value=0.013320731888883389 0.031053387559950352 -0.0367043193615973 -0.0019182834867388012 -0.031964089591056115 -0.015947543641086668 -0.0015316903760487384 0.0037756840903530246 0.015735477500905592 0.0002722464152611792 -0.00076398872137945916 0.0070352079920621233 -0.0082969902503874995 -0.00036182654424287059 0.021602070881497293 -0.026818328402605993 -0.0076559513627632164 -0.016440549941034988 -0.0010999253205955029
leaf_weight=65 52 20 20 20 20 33 25 30 20 1318 99 31 460 84 31 127 32 20
leaf_count=65 52 20 20 20 20 33 25 30 20 1318 99 31 460 84 31 127 32 20
internal_value=-1.12652e-11 -0.000971781 -0.0193113 0.000516462 0.00878449 0.0150784 0.022197 -0.000317568 -0.0158459 0.000111688 -0.000219091 -8.79482e-05 0.00142476 0.0135423 -0.0042055 -0.00055447 -0.0014076 -0.00852373
internal_weight=2507 870 40 1637 150 110 77 1487 40 1447 1417 830 607 115 223 192 492 40
internal_count=2507 870 40 1637 150 110 77 1487 40 1447 1417 830 607 115 223 192 492 40
is_linear=0
shrinkage=0.05


Tree=187
num_leaves=18
num_cat=0
split_feature=4 2 2 4 4 2 2 3 3 5 4 3 2 3 4 3 3
split_gain=0.50658 4.35191 4.95018 4.58404 4.52676 5.95612 4.31429 6.03519 4.17741 3.79694 2.48351 6.39872 1.97604 1.99972 5.10577 3.91338 1.7314
threshold=0.56623390572019139 3.3351016865655345 6.0214689884796231 0.38772272854096518 0.5413774322581727 4.3130867645739643 2.7216313121526894 10.808975952256731 22.19403545929411 9.8388975282106426 0.58777188126643909 39.646152730379917 9.8222058669557892 37.734040280285676 0.67332703957289708 35.94084097304718 7.919852543150447
decision_type=2 2 2 2 2 2 2 2 2 2 2 2 2 2 2 2 2
left_child=1 6 4 -4 5 -3 7 -1 -5 -9 11 16 13 15 -15 -12 -2
right_child=10 2 3 8 -6 -7 -8 9 -10 -11 12 -13 -14 14 -16 -17 -18
leaf_value=-0.01882620587324103 0.010448620785027743 -0.029720778076443823 -0.022386627169325948 -0.0042286841874010868 -0.033093329394857089 0.00050011195209143425 0.021049954070512092 0.0015733620139291964 0.013308511117189113 0.025662607792764903 0.00075450195069888602 0.026392328430665659 -0.013003969911871286 -0.01076688177366979 0.00031403840482753558 0.018443040864076467 -0.0077264410982790747
leaf_weight=30 20 23 20 80 24 56 33 74 59 21 1368 32 29 137 431 32 38
leaf_count=30 20 23 20 80 24 56 33 74 59 21 1368 32 29 137 431 32 38
internal_value=-1.25952e-11 -0.00158436 -0.00553678 -5.18945e-06 -0.0140758 -0.00829838 0.00496966 0.000724459 0.00321516 0.00689835 0.000318846 0.00844358 -4.73167e-05 0.00014361 -0.00235865 0.00115881 -0.00145918
internal_weight=2507 420 262 159 103 79 158 125 139 95 2087 90 1997 1968 568 1400 58
internal_count=2507 420 262 159 103 79 158 125 139 95 2087 90 1997 1968 568 1400 58
is_linear=0
shrinkage=0.05


Tree=188
num_leaves=16
num_cat=0
split_feature=0 3 6 2 2 0 2 3 3 3 5 3 5 5 0
split_gain=0.505143 5.20583 4.37883 4.32464 7.6727 3.09338 7.46932 2.79904 1.42571 3.79831 3.42305 6.04025 4.31298 2.84489 2.18576
threshold=30.863226717033307 6.3949152581820607 2.5000000000000004 8.0108007444946185 3.9068198418746798 38.530565952569475 4.455842871747028 1.7829708330811087 5.8051585751236869 6.7315957398374389 4.3614542891956409 4.3374970575965355 3.3610638160073165 7.6173738374482323 47.153547011790309
decision_type=2 2 2 2 2 2 2 2 2 2 2 2 2 2 2
left_child=1 7 3 4 -3 6 -2 -1 10 13 12 -12 -7 -10 -11
right_child=5 2 -4 -5 -6 8 -8 -9 9 14 11 -13 -14 -15 -16
leaf_value=0.0039904094755183906 -0.025839221974213917 0.011454786999604187 0.026608222382871999 0.024517779868273512 -0.011637157499790192 0.0017141697960905732 0.010171300855775674 -0.019226074309365168 0.00044795762902746604 0.011461140844039619 0.0017728374684744851 0.019538792358490372 -0.023720969259738923 -0.021775989803589052 -0.00036240251007596433
leaf_weight=20 36 74 23 21 70 50 24 37 24 40 253 59 25 36 1715
leaf_count=20 36 74 23 21 70 50 24 37 24 40 253 59 25 36 1715
internal_value=-2.36575e-11 0.00215657 0.00616976 0.00332077 0.000229536 -0.000233581 -0.011435 -0.0110799 7.16356e-05 -0.000515845 0.00282688 0.00513243 -0.00676421 -0.0128864 -9.292e-05
internal_weight=2507 245 188 165 144 2262 60 57 2202 1815 387 312 75 60 1755
internal_count=2507 245 188 165 144 2262 60 57 2202 1815 387 312 75 60 1755
is_linear=0
shrinkage=0.05


Tree=189
num_leaves=16
num_cat=0
split_feature=3 2 5 4 5 4 3 2 4 3 0 5 3 2 3
split_gain=0.485613 2.18222 4.57526 3.40726 1.70513 3.68735 1.25557 4.5851 1.99856 1.61204 3.26527 5.33687 1.39794 8.10659 3.6273
threshold=2.2920067955714614 7.5554995540023109 5.8751547209633133 0.74428187893356246 7.0629532632435934 0.76170336071080624 3.2599610382071362 6.9263763615011529 0.69406945159339906 4.5587366778413481 362.35906100235735 8.949327228890402 6.6380391710855431 5.2192364970014067 6.9924936838273553
decision_type=2 2 2 2 2 2 2 2 2 2 2 2 2 2 2
left_child=1 2 -1 -3 -4 -6 7 8 -2 10 11 -8 13 -11 -14
right_child=6 3 4 -5 5 -7 9 -9 -10 12 -12 -13 14 -15 -16
leaf_value=-0.0087609852974613513 -0.023788822792401468 -0.019903196076241636 0.024537339434027673 0.0076748502019438006 0.017023180390748641 -0.0055085573097070064 -0.012492386514786631 0.010809575872761865 -0.0056834042950400293 -0.017775628208540954 0.017799491288238451 0.014902829471975566 0.017316206792990365 0.0071960333734750748 -0.0002019380926097741
leaf_weight=39 27 24 20 21 46 30 40 28 35 65 38 32 30 65 1967
leaf_count=39 27 24 20 21 46 30 40 28 35 65 38 32 30 65 1967
internal_value=-3.56196e-11 0.00250207 0.00568058 -0.00703344 0.0115475 0.00812907 -0.000193542 -0.00598388 -0.013568 3.94171e-05 0.0059416 -0.000316735 -0.00026582 -0.0052898 6.12288e-05
internal_weight=2507 180 135 45 96 76 2327 90 62 2237 110 72 2127 130 1997
internal_count=2507 180 135 45 96 76 2327 90 62 2237 110 72 2127 130 1997
is_linear=0
shrinkage=0.05


Tree=190
num_leaves=16
num_cat=0
split_feature=2 5 2 6 2 4 0 0 3 4 4 3 2 4 3
split_gain=0.495381 2.90089 3.78963 4.35643 3.47296 3.92781 3.58901 2.84654 2.99602 2.726 1.29535 3.05996 1.29932 1.04764 1.47569
threshold=8.2996627137763443 10.534839587999736 8.7979848140880801 1.5000000000000002 9.0646163695900999 0.62118352825041023 240.1180190139786 124.06648679476869 27.952855363441071 0.67722369000751981 0.92206339676567695 18.662887275270595 8.1671542819266048 0.9100391084679168 2.2920067955714614
decision_type=2 2 2 2 2 2 2 2 2 2 2 2 2 2 2
left_child=10 2 3 9 6 -6 -4 -3 -9 -2 12 -12 13 14 -1
right_child=1 7 4 -5 5 -7 -8 8 -10 -11 11 -13 -14 -15 -16
leaf_value=0.0050851009894471721 0.006066500242142117 0.021337676125889025 -0.0022070910036563873 -0.026034153984202182 0.0092105953174890301 -0.0074006460900776661 0.027058404946530407 0.010075150015098708 -0.013155331284455632 -0.01260414854015993 0.016320969852117392 -0.0047247633217803895 0.012763212509453298 -0.010654197855974021 -0.00029389991223584022
leaf_weight=137 34 24 20 34 49 130 22 35 23 46 39 31 20 23 1840
leaf_count=137 34 24 20 34 49 130 22 35 23 46 39 31 20 23 1840
internal_value=-3.05837e-11 -0.0015735 -0.00363675 -0.0110411 0.000182707 -0.00285343 0.0131225 0.00685563 0.000863063 -0.00466912 0.000313948 0.00700072 8.22281e-05 -4.45818e-05 7.88483e-05
internal_weight=2507 417 335 114 221 179 42 82 58 80 2090 70 2020 2000 1977
internal_count=2507 417 335 114 221 179 42 82 58 80 2090 70 2020 2000 1977
is_linear=0
shrinkage=0.05


Tree=191
num_leaves=8
num_cat=0
split_feature=4 4 4 4 4 5 5
split_gain=0.507867 1.24226 1.57349 1.31835 2.55209 2.51378 1.09596
threshold=0.96769774500910521 0.92206339676567695 0.9100391084679168 0.89489083164337191 0.88307236889894247 10.196773404889084 9.6211188761091986
decision_type=2 2 2 2 2 2 2
left_child=1 2 3 4 -1 -5 -3
right_child=-2 6 -4 5 -6 -7 -8
leaf_value=9.3828872297896563e-05 -0.006951756202257596 -0.0013557623539652145 -0.012097065535339492 0.017057286053210604 -0.011929291313928036 -0.004759229606260424 0.013255815772396146
leaf_weight=2301 26 21 27 31 45 23 33
leaf_count=2301 26 21 27 31 45 23 33
internal_value=7.7016e-11 7.2852e-05 -9.40359e-05 4.09982e-05 -0.000136794 0.00776507 0.00757354
internal_weight=2507 2481 2427 2400 2346 54 54
internal_count=2507 2481 2427 2400 2346 54 54
is_linear=0
shrinkage=0.05


Tree=192
num_leaves=16
num_cat=0
split_feature=4 2 2 6 5 2 3 2 4 3 3 6 6 3 6
split_gain=0.506209 3.97011 4.40042 4.91181 4.29694 3.86378 5.36029 3.50793 2.23249 2.10395 5.9369 1.81392 1.96388 4.37773 1.3749
threshold=0.56623390572019139 3.3351016865655345 7.0040564286168427 2.5000000000000004 11.679337185844107 2.7216313121526894 10.808975952256731 2.2642213221532459 0.57246892876857791 6.6380391710855431 14.449475100674574 4.5000000000000009 3.5000000000000004 10.257429445443464 2.5000000000000004
decision_type=2 2 2 2 2 2 2 2 2 2 2 2 2 2 2
left_child=1 5 3 4 -3 6 -1 -8 -2 -4 -11 12 14 -14 -10
right_child=8 2 9 -5 -6 -7 7 -9 11 10 -12 -13 13 -15 -16
leaf_value=-0.017766429185867311 0.013860019283990067 -0.020017582109692147 -0.010093288804189518 0.0056213015477572167 0.0054133794270455841 0.019893732191430352 0.01143871474514405 -0.012128695123828949 0.00040902880222798313 0.029183450625056312 -0.0015763496349175132 -0.014158924110233784 0.026945252544034948 0.00075051626150399956 -0.0039664429000113161
leaf_weight=30 30 98 26 35 20 33 75 20 1755 21 62 22 22 58 200
leaf_count=30 30 98 26 35 20 33 75 20 1755 21 62 22 22 58 200
internal_value=3.11543e-11 -0.00158378 -0.00535884 -0.0108282 -0.0157072 0.00467614 0.000658695 0.00647715 0.000318729 0.00231829 0.00620625 0.000121238 0.000275618 0.00795407 -3.85898e-05
internal_weight=2507 420 262 153 118 158 125 95 2087 109 83 2057 2035 80 1955
internal_count=2507 420 262 153 118 158 125 95 2087 109 83 2057 2035 80 1955
is_linear=0
shrinkage=0.05


Tree=193
num_leaves=16
num_cat=0
split_feature=0 2 2 4 4 5 6 0 0 4 2 4 0 3 2
split_gain=0.494787 3.07616 4.27013 3.7835 6.30536 2.44335 2.3042 1.91589 6.79046 4.85479 5.62668 5.23554 2.10029 3.12715 2.49376
threshold=162.6345183556019 0.49401029833653409 0.6778512691778833 0.45068813360195886 0.51968251501984553 7.194046917224 1.5000000000000002 192.0239401319329 201.34666038957428 0.57017329625996416 6.5854198237393513 0.73529931754784195 218.12200288073771 35.94084097304718 9.759921110005056
decision_type=2 2 2 2 2 2 2 2 2 2 2 2 2 2 2
left_child=1 6 -3 5 -5 -4 -1 9 -9 -2 11 -11 13 -10 -14
right_child=7 2 3 4 -6 -7 -8 8 12 10 -12 -13 14 -15 -16
leaf_value=-0.00018571181557117366 -0.029178681697230785 0.024397763274610046 0.00087772604255449216 0.019059191370382908 0.00081897746327032328 -0.021359331986556453 -0.017373223535907575 0.021343868036961391 -0.017455266283026762 0.021747938245534899 -0.018894084736397913 -0.0069097296697744996 -0.00055936191062656339 0.0061756508868365066 0.014811824613975157
leaf_weight=39 20 20 21 50 904 30 39 36 42 30 33 34 1161 21 27
leaf_count=39 20 20 21 50 904 30 39 36 42 30 33 34 1161 21 27
internal_value=-7.37173e-13 0.000792497 0.0015209 0.00106564 0.00177496 -0.0122029 -0.00877947 -0.000622596 -6.56979e-05 -0.00674847 -0.00212369 0.00652355 -0.000681801 -0.00957829 -0.000210017
internal_weight=2507 1103 1025 1005 954 51 78 1404 1287 117 97 64 1251 63 1188
internal_count=2507 1103 1025 1005 954 51 78 1404 1287 117 97 64 1251 63 1188
is_linear=0
shrinkage=0.05


Tree=194
num_leaves=18
num_cat=0
split_feature=4 4 0 4 5 0 6 4 0 4 6 2 0 2 3 3 3
split_gain=0.476666 5.001 4.41043 4.12389 5.83727 4.63646 4.45817 3.48867 3.71332 2.82378 4.53489 3.04114 1.96394 2.66251 2.42245 3.51052 0.82263
threshold=0.65204712148756638 0.64618721283286196 149.31506763466848 0.67722369000751981 9.8248852756774969 362.35906100235735 1.5000000000000002 0.68304772520287804 172.18736770859229 0.69976329602667631 1.5000000000000002 9.6685400001487398 837.00785302646011 4.6440456257516756 1.0696546925215815 13.49233073837153 16.380525775325697
decision_type=2 2 2 2 2 2 2 2 2 2 2 2 2 2 2 2 2
left_child=1 12 -3 4 5 6 -2 8 -5 10 -9 -11 14 -14 -1 -16 -6
right_child=3 2 -4 7 16 -7 -8 9 -10 11 -12 -13 13 -15 15 -17 -18
leaf_value=-0.01512296460568905 0.02941416163140765 -0.034816724620759486 -0.0016111755231395363 -0.030094973440282047 -0.015122975434642286 -0.0013283417306163094 0.003720724613405764 0.00072778438161303467 0.00037354473373852671 -7.5202302581260573e-05 0.022364077665325669 -0.013158336342008704 -0.02273305549540303 0.00016746810326973599 0.0057714825812581697 -0.0014330667673482049 -0.00078221015399321909
leaf_weight=24 52 20 20 20 20 33 25 74 20 1291 36 46 22 30 256 498 20
leaf_count=24 52 20 20 20 20 33 25 74 20 1291 36 46 22 30 256 498 20
internal_value=4.48457e-11 -0.000945724 -0.018214 0.000502615 0.0084041 0.014352 0.0210721 -0.000294442 -0.0148607 0.000108219 0.00780875 -0.000525333 -0.000113521 -0.00952121 0.000515271 0.00101304 -0.00795259
internal_weight=2507 870 40 1637 150 110 77 1487 40 1447 110 1337 830 52 778 754 40
internal_count=2507 870 40 1637 150 110 77 1487 40 1447 110 1337 830 52 778 754 40
is_linear=0
shrinkage=0.05


Tree=195
num_leaves=13
num_cat=0
split_feature=2 4 3 0 2 0 2 2 4 2 3 4
split_gain=0.473883 4.73741 4.52088 5.45891 1.23848 5.7223 4.89728 3.14228 6.72545 2.93034 2.09804 1.06689
threshold=9.5694021142326218 0.78024783768643402 9.4579736269481227 149.31506763466848 9.0646163695900999 119.64062811214343 8.9145296256650948 8.6569947794710149 0.80767834362342483 9.1672255400888503 18.662887275270595 0.80767834362342483
decision_type=2 2 2 2 2 2 2 2 2 2 2 2
left_child=4 2 -2 -4 6 -6 7 11 -9 -7 -11 -1
right_child=1 -3 3 -5 5 9 -8 8 -10 10 -12 -13
leaf_value=-0.00041417895643781227 -0.010293327804122654 -0.01404406123890959 0.037142894239652724 0.0052255695849355013 0.012858661146310624 -0.027657822925936094 0.021279435052915855 -0.0011759486011314122 -0.035034235343337064 -0.018093137955293059 0.00069611453427336151 0.0021829307336819598
leaf_weight=1661 21 29 21 37 32 22 27 55 20 24 39 519
leaf_count=1661 21 29 21 37 32 22 27 55 20 24 39 519
internal_value=2.90063e-11 0.0032399 0.00958465 0.0167818 -0.000145856 -0.00516309 0.000111382 -0.000142072 -0.0102048 -0.0119478 -0.0064617 0.000204124
internal_weight=2507 108 79 58 2399 117 2282 2255 75 85 63 2180
internal_count=2507 108 79 58 2399 117 2282 2255 75 85 63 2180
is_linear=0
shrinkage=0.05


Tree=196
num_leaves=13
num_cat=0
split_feature=0 0 2 2 3 0 2 2 2 0 4 4
split_gain=0.462387 8.22068 4.00174 3.24365 3.98624 4.72034 1.74111 7.77691 5.30059 3.50906 3.10493 2.12282
threshold=371.22368605144931 357.01224184649067 9.5047596887614443 9.1311919311515091 91.859900616196839 379.79316169146961 4.0617554626620835 4.225870095512736 1.7377645754565398 314.38453930629686 0.56623390572019139 0.51296265381352246
decision_type=2 2 2 2 2 2 2 2 2 2 2 2
left_child=1 6 3 4 5 -2 8 -8 11 -10 -9 -1
right_child=2 -3 -4 -5 -6 -7 7 10 9 -11 -12 -13
leaf_value=0.0099123010090712838 0.024659542299129748 -0.024077104875403973 0.018362656433600934 -0.016394745957638537 -0.015670462503262303 0.0010684338687354288 -0.0268057168718299 -0.0066677963870376 0.0065572376344101256 -0.014402234611944073 0.00073739589805065582 -0.0042757887025524311
leaf_weight=29 22 36 32 28 34 586 29 171 407 21 822 290
leaf_count=29 22 36 32 28 34 586 29 171 407 21 822 290
internal_value=1.94271e-11 -0.000423473 0.00108884 0.000263826 0.000990368 0.00192206 5.78899e-05 -0.00128319 0.00189267 0.00552885 -0.000537818 -0.00298596
internal_weight=2507 1805 702 670 642 608 1769 1022 747 428 993 319
internal_count=2507 1805 702 670 642 608 1769 1022 747 428 993 319
is_linear=0
shrinkage=0.05


Tree=197
num_leaves=14
num_cat=0
split_feature=2 3 4 0 4 0 4 3 2 4 3 0 0
split_gain=0.4585 0.476264 1.78367 5.5437 4.83595 3.89754 3.57154 1.2715 4.25571 2.09286 1.33637 3.0979 1.33713
threshold=0.12809111875697943 2.2920067955714614 0.72631447807098148 393.81958058670551 0.84680146911838083 260.10457216110427 0.59900072508011848 3.2599610382071362 6.9263763615011529 0.69406945159339906 4.5587366778413481 362.35906100235735 24.069398377450085
decision_type=2 2 2 2 2 2 2 2 2 2 2 2 2
left_child=-1 2 5 4 -4 6 -2 8 9 -3 11 -9 -12
right_child=1 7 3 -5 -6 -7 -8 10 -10 -11 12 -13 -14
leaf_value=0.0061441912998755777 0.0034707438231756289 -0.024280321433280523 0.027965091301926544 -0.011904700180515648 -0.0015488322257347729 0.012357146523502324 -0.020039630633379733 -0.00080055118215427749 0.010010542414550272 -0.0055526192592723032 0.0040812512987758965 0.016888149934330663 -0.00067435371504224041
leaf_weight=30 30 26 35 25 23 31 35 71 28 35 160 38 1940
leaf_count=30 30 26 35 25 23 31 35 71 28 35 160 38 1940
internal_value=-8.21397e-11 -7.4415e-05 0.00240974 0.00777756 0.0162613 -0.00223118 -0.00918869 -0.000267916 -0.00612736 -0.0135349 -3.18404e-05 0.00536615 -0.000312022
internal_weight=2507 2477 179 83 58 96 65 2298 89 61 2209 109 2100
internal_count=2507 2477 179 83 58 96 65 2298 89 61 2209 109 2100
is_linear=0
shrinkage=0.05


Tree=198
num_leaves=21
num_cat=0
split_feature=6 2 0 5 3 4 0 5 0 2 5 2 5 5 2 4 0 3 3 3
split_gain=0.449964 4.16964 3.69738 4.84242 5.71771 4.42588 4.75758 3.66541 3.33696 1.50095 3.03487 3.21547 2.33207 3.94347 3.99828 2.87246 2.8438 4.92167 4.06014 1.32039
threshold=1.0000000180025095e-35 0.36554872375660358 247.23810194204256 8.402323341631508 5.9507177115799941 0.6272627918517647 87.948367449212114 9.7355109057271729 355.4258226286679 0.49401029833653409 9.9922428398727892 0.25860406392265334 10.534839587999736 10.238047778276526 0.81714738242543228 0.73646782853041615 61.687587013357536 36.186695495402439 17.5953312750345 24.978257853858583
decision_type=2 2 2 2 2 2 2 2 2 2 2 2 2 2 2 2 2 2 2 2
left_child=1 -1 5 4 -4 7 -7 -3 -5 10 11 -2 13 14 -11 -15 18 -18 -14 -13
right_child=9 2 3 8 -6 6 -8 -9 -10 12 -12 19 16 15 -16 -17 17 -19 -20 -21
leaf_value=0.02204234825204248 0.0095707624099957631 -0.00011139957130783135 0.019412668970310028 -0.0246499742846936 -0.0032429441948784742 -0.00048501493327785287 0.013949926656833237 -0.023775567542761566 -0.0062353266277507457 0.013573124776689375 -0.019290229738239323 -0.018053828517440706 -0.0048894832842051985 -0.026273453952028205 -0.0009788612481204848 -0.0020160466999463414 0.0056794865267909625 -0.0085115462487433541 0.02270174793433398 -0.0012889347808516544
leaf_weight=23 39 90 36 34 123 100 133 20 89 49 31 24 20 26 1287 23 211 86 40 23
leaf_count=23 39 90 36 34 123 100 133 20 89 49 31 24 20 26 1287 23 211 86 40 23
internal_value=6.82164e-11 0.00113458 0.000365172 -0.00387613 0.00188663 0.00385219 0.00775467 -0.00441398 -0.0113256 -0.000395485 -0.00587756 -0.00104276 -2.72855e-05 -0.000956094 -0.000445143 -0.0148873 0.00357608 0.0015703 0.0135047 -0.00984973
internal_weight=2507 648 625 282 159 343 233 110 123 1859 117 86 1742 1385 1336 49 357 297 60 47
internal_count=2507 648 625 282 159 343 233 110 123 1859 117 86 1742 1385 1336 49 357 297 60 47
is_linear=0
shrinkage=0.05


Tree=199
num_leaves=20
num_cat=0
split_feature=4 2 4 3 4 5 6 5 0 4 3 0 5 3 4 4 0 2 4
split_gain=0.457575 3.31378 3.17409 2.96218 2.73741 4.48327 3.15207 5.42595 2.90237 2.70063 2.64427 7.91587 5.55326 11.9844 8.92703 2.58179 2.4666 2.08548 0.818432
threshold=0.70333138714326882 9.6685400001487398 0.74824295921245876 1.0696546925215815 0.75843120275474574 5.7072655541766464 3.5000000000000004 8.658023764033322 192.0239401319329 0.69406945159339906 45.130531890440999 134.40876274505476 9.8248852756774969 25.302611845296664 0.72510361408725788 0.69022479103149137 50.724992824825684 3.1267918527305194 0.73312020033149061
decision_type=2 2 2 2 2 2 2 2 2 2 2 2 2 2 2 2 2 2 2
left_child=1 3 10 -1 5 -4 16 -8 -7 15 12 -12 13 -2 -14 -5 -6 -11 -13
right_child=2 -3 4 9 6 8 7 -9 -10 17 11 18 14 -15 -16 -17 -18 -19 -20
leaf_value=-0.013876060520609221 -0.0058623643961121762 0.015645525653639605 -0.0062513064019955131 0.00048928151485862681 -0.0070731791771518494 0.0058694759756326674 0.031508801507187038 -0.0023784989422118222 0.03165951165525864 0.023986542741768063 0.0097164685217042759 -0.031506702017325625 -0.00086869599078507991 0.025072069612464738 -0.042967126970179383 -0.014897712453135424 0.00037352784930153721 0.0046467971558424486 -0.018235389050096276
leaf_weight=36 123 36 26 1034 130 20 21 27 24 20 24 26 34 42 20 28 769 46 21
leaf_count=36 123 36 26 1034 130 20 21 27 24 20 24 26 34 42 20 28 769 46 21
internal_value=-2.21458e-11 0.000704971 -0.000647257 0.000242892 0.000668514 0.0102098 -3.67529e-05 0.0124472 0.0199368 0.000693497 -0.00526153 -0.0136468 -0.00254302 0.00201186 -0.0164607 8.35981e-05 -0.000703304 0.0105073 -0.025577
internal_weight=2507 1200 1307 1164 1017 70 947 48 44 1128 290 71 219 165 54 1062 899 66 47
internal_count=2507 1200 1307 1164 1017 70 947 48 44 1128 290 71 219 165 54 1062 899 66 47
is_linear=0
shrinkage=0.05


end of trees

feature_importances:
avg_accept_latency_s=824
accept_rate_7d=745
mins_since_last_job=709
hours_on_shift=635
eta_sec=597
declines_today=146

parameters:
[boosting: gbdt]
[objective: regression]
[metric: l2]
[tree_learner: serial]
[device_type: cpu]
[data_sample_strategy: bagging]
[data: ]
[valid: ]
[num_iterations: 200]
[learning_rate: 0.05]
[num_leaves: 31]
[num_threads: 16]
[seed: 0]
[deterministic: 0]
[force_col_wise: 0]
[force_row_wise: 0]
[histogram_pool_size: -1]
[max_depth: 5]
[min_data_in_leaf: 20]
[min_sum_hessian_in_leaf: 0.001]
[bagging_fraction: 1]
[pos_bagging_fraction: 1]
[neg_bagging_fraction: 1]
[bagging_freq: 0]
[bagging_seed: 3]
[bagging_by_query: 0]
[feature_fraction: 1]
[feature_fraction_bynode: 1]
[feature_fraction_seed: 2]
[extra_trees: 0]
[extra_seed: 6]
[early_stopping_round: 0]
[early_stopping_min_delta: 0]
[first_metric_only: 0]
[max_delta_step: 0]
[lambda_l1: 0]
[lambda_l2: 0]
[linear_lambda: 0]
[min_gain_to_split: 0]
[drop_rate: 0.1]
[max_drop: 50]
[skip_drop: 0.5]
[xgboost_dart_mode: 0]
[uniform_drop: 0]
[drop_seed: 4]
[top_rate: 0.2]
[other_rate: 0.1]
[min_data_per_group: 100]
[max_cat_threshold: 32]
[cat_l2: 10]
[cat_smooth: 10]
[max_cat_to_onehot: 4]
[top_k: 20]
[monotone_constraints: ]
[monotone_constraints_method: basic]
[monotone_penalty: 0]
[feature_contri: ]
[forcedsplits_filename: ]
[refit_decay_rate: 0.9]
[cegb_tradeoff: 1]
[cegb_penalty_split: 0]
[cegb_penalty_feature_lazy: ]
[cegb_penalty_feature_coupled: ]
[path_smooth: 0]
[interaction_constraints: ]
[verbosity: -1]
[saved_feature_importance_type: 0]
[use_quantized_grad: 0]
[num_grad_quant_bins: 4]
[quant_train_renew_leaf: 0]
[stochastic_rounding: 1]
[linear_tree: 0]
[max_bin: 255]
[max_bin_by_feature: ]
[min_data_in_bin: 3]
[bin_construct_sample_cnt: 200000]
[data_random_seed: 1]
[is_enable_sparse: 1]
[enable_bundle: 1]
[use_missing: 1]
[zero_as_missing: 0]
[feature_pre_filter: 1]
[pre_partition: 0]
[two_round: 0]
[header: 0]
[label_column: ]
[weight_column: ]
[group_column: ]
[ignore_column: ]
[categorical_feature: ]
[forcedbins_filename: ]
[precise_float_parser: 0]
[parser_config_file: ]
[objective_seed: 5]
[num_class: 1]
[is_unbalance: 0]
[scale_pos_weight: 1]
[sigmoid: 1]
[boost_from_average: 1]
[reg_sqrt: 0]
[alpha: 0.9]
[fair_c: 1]
[poisson_max_delta_step: 0.7]
[tweedie_variance_power: 1.5]
[lambdarank_truncation_level: 30]
[lambdarank_norm: 1]
[label_gain: ]
[lambdarank_position_bias_regularization: 0]
[eval_at: ]
[multi_error_top_k: 1]
[auc_mu_weights: ]
[num_machines: 1]
[local_listen_port: 12400]
[time_out: 120]
[machine_list_filename: ]
[machines: ]
[gpu_platform_id: -1]
[gpu_device_id: -1]
[gpu_use_dp: 0]
[num_gpu: 1]

end of parameters

pandas_categorical:[]
