hour,calls_24h,calls_7d,prior_prank_flags,transcript_len,coherence,location_jump_km,text_repeat_ratio,label
13,1,0,0,284.3984280846278,0.8071502213340769,0.06405139744149681,0.0005171009621929047,0
23,2,3,0,20.0,0.7867387471374784,0.182890633021597,0.31168440659623114,0
4,0,0,0,62.619235129363545,0.45029789910427,0.640438066058635,0.07778869130813582,0
3,1,2,0,131.58288749039835,0.7007766706933276,0.01904508015686868,0.009730616751989026,0
4,1,2,0,207.68209895502127,0.599739113425472,0.017497136349619507,0.003581274771770118,0
12,0,1,0,187.75323304104356,0.9555027127319257,0.898772735184911,0.005633232038808479,0
3,1,1,0,226.18179349565457,0.8477685166517992,0.050653904696847704,0.049396548522984814,0
21,1,1,0,158.7838370245534,0.8757912427634149,0.6889620452439916,0.03351880014179798,0
8,0,3,0,287.16524600191735,0.9261543585967157,0.019405209336389714,0.1528697041826445,0
16,1,0,0,209.90099210926365,0.8498546078697015,0.7063559775870565,0.13031245553257623,0
23,2,2,0,228.17594235096917,0.8899274677932902,0.8202800024095046,0.3636046025951064,0
19,1,5,0,116.08856077821773,0.7048682802087342,1.7269490125034543,0.04915919844308844,0
20,1,2,0,205.46390872041945,0.7535061298745793,0.5850769978343386,0.047032032012854164,0
5,2,5,0,181.6519134676945,0.9694645663077108,0.12294836854470018,0.0503070892620184,0
13,1,4,0,185.1280695918295,0.9731889190636634,0.10845680380659495,0.1724310963694008,0
20,0,3,0,106.25421446833526,0.8675039729031244,0.5586353213877204,0.1364380874668278,0
12,4,8,3,54.481109860296485,0.13249761167561055,8.957556636143574,0.8566995947466066,1
1,0,3,0,185.9976071893816,0.8856435820493765,0.2562692165815369,0.035505847533132975,0
10,1,0,0,182.99653839044385,0.6438938401055831,0.0051818768346142815,0.03870202460572808,0
0,0,3,0,296.21943940129665,0.9122501517196177,1.1102555252194926,0.2305817245806073,0
3,2,2,0,197.15260111069026,0.7473097312983609,0.09871410072484768,0.013333177077620254,0
13,0,1,0,105.11945978526812,0.42121898797762897,0.37146805781183934,0.17152491251843097,0
6,2,18,1,133.47108570040598,0.12430666850014033,2.2900736456548696,0.7193079165046716,1
1,1,2,0,243.75979861764932,0.8241957712047419,0.5095604248192954,0.06834643505473653,0
9,0,0,0,183.5887071714707,0.6003563338124982,1.2239052788920337,0.07995556472136778,0
4,0,1,0,272.90455397759257,0.8781520290013265,0.7805169091658707,0.0042043349190866545,0
6,1,2,0,192.4803907244508,0.8289828991288446,0.7413719214588689,0.0524880702626177,0
17,1,1,0,245.94726219305267,0.5839944511080456,0.3256299146860363,0.1455570323279016,0
15,1,4,0,191.31793845718113,0.8368393285346178,0.24148569296084607,0.38555327615742035,0
18,0,2,0,241.89232520922297,0.9111825587771946,0.05152226390658509,0.17683948781525413,0
12,6,13,1,50.58238491946632,0.3341405528641759,0.9636170157800469,0.7339595787438498,1
11,2,2,0,182.58619656715462,0.9736161814577309,2.553288539389517,0.05443215486009639,0
20,1,1,0,292.17087967875057,0.9013408528591383,1.0060633916727835,0.20409289003317438,0
21,4,24,0,33.93795195919532,0.0724517872421427,2.482241925211373,0.8672318263120999,1
11,8,12,0,49.69757325450879,0.38639186570949763,8.893658695098447,0.748065949213497,1
4,1,2,0,234.46980571556963,0.7352149077096188,0.047763371811771524,0.3058417877604873,0
22,1,0,0,163.66916836220472,0.9047586446994077,0.27967731066898766,0.18764298806203783,0
16,0,1,0,238.9945729198839,0.7379915094088233,0.5671771358727157,0.005794327915565677,0
14,0,3,0,178.70503116609413,0.9519236068789857,0.9248795021885781,0.1846869137583525,0
23,0,2,0,198.4939025815156,0.570013048464664,0.0029674136315636372,0.06658052662014399,0
13,2,2,0,96.3968272579512,0.9140989571677072,0.3020499682112435,0.05603134908318886,0
4,0,1,0,95.45915483659435,0.7913940714380194,0.43464264148499354,0.03355197937518536,0
14,0,1,0,281.0842332124704,0.7380006624396213,2.6235569250184456,0.03244068388904965,0
16,2,2,0,144.57380176559326,0.7885017204954593,0.2253746599599808,0.22145918203189463,0
21,7,11,3,72.90459334431327,0.12815150022186744,1.2797209939041136,0.6261018581168389,1
15,0,2,0,153.36623758163432,0.8862772495049985,0.5309183547040885,0.09651404750475241,0
10,0,2,0,166.2487253293035,0.9335578496758445,0.06501739245754833,0.32336858851715455,0
7,4,11,1,36.820134909535824,0.202513635275747,6.934649173552745,0.7679103884544565,1
8,3,1,0,176.6767250373469,0.49637189211306054,0.43558534270382315,0.048657496781668017,0
3,3,1,0,226.03660440521975,0.9419103315811298,0.13442288900464675,0.15437251122634443,0
21,4,12,1,41.77135880369394,0.17414131232194494,3.4585758513641873,0.7069529083702851,1
10,1,0,0,266.46238478193,0.8804410709973672,0.6181315554715925,0.00631585146635201,0
20,0,5,0,145.3641002991356,0.8579814617019162,0.14294754760933015,0.1725130085088464,0
19,2,3,0,135.19149671971005,0.8827398232085373,0.13752231335138076,0.0792268472737841,0
7,2,2,0,291.79592322309134,0.5125545853958422,0.25489113990993606,0.10861767962478662,0
5,0,4,0,183.19906067168526,0.8364589668456989,0.4616530976494542,0.13595729142404245,0
17,2,2,0,67.77881565485278,0.3805348015146428,0.2679041046461895,0.09401632009875109,0
9,0,2,0,156.08039227360942,0.8352890863579489,0.08520377260511348,0.20846251492602852,0
10,7,12,2,27.730684995297224,0.1170665095156955,4.37539789573875,0.8918392297178201,1
4,0,5,0,164.91335592342725,0.9360858921711233,0.746709199696447,0.007983577153555212,0
22,8,16,1,0.0,0.28453853756864883,8.977328608287365,0.8519058511740432,1
21,0,3,0,197.256640990884,0.7194769007246543,0.18104942972304497,0.20999735543481834,0
8,1,2,0,222.49540427060373,0.9575425305198781,0.3585206806380142,0.018131349501712222,0
3,1,1,0,31.311726257307924,0.8390878227923373,1.534298067222525,0.07532279453192686,0
23,0,0,0,180.97297337372714,0.9243370297011386,0.32833945570100564,0.09962323383287018,0
23,3,1,0,237.89501327125492,0.6594807167283019,0.6145834354431503,0.05840307962520642,0
14,1,4,0,159.0058262614953,0.8915273104375129,0.49428899697439027,0.046785095825389186,0
16,0,2,0,200.4680666101179,0.6971325554379868,0.6289080379657171,0.04523830084998294,0
2,1,5,0,250.86430009258328,0.8507814017479887,0.93103704435671,0.007606660023270405,0
20,0,2,0,208.65299966977426,0.7342486803054357,0.4429527163788638,0.04685387929651859,0
8,1,0,0,207.03675147250343,0.9368476502665584,0.19062541572882213,0.07742196287667932,0
13,1,3,0,109.54328013682449,0.8491313218517986,0.2015578480359317,0.017467021323873635,0
17,0,1,0,119.8353786494369,0.7166888110298975,1.1119539881007114,0.11309206181639649,0
8,0,0,0,201.75613315356898,0.8234104412806145,0.01474428232150869,0.0052224290611224845,0
4,0,2,0,189.06491144278326,0.688059067330291,0.2628474162329766,0.07224761212622158,0
0,3,4,0,161.91399088136941,0.5999182128226008,0.43316627577205646,0.2648790195924303,0
2,5,18,4,0.0,0.22759036406499375,27.555799284903593,0.8807866549447592,1
19,0,1,0,180.44256069509436,0.8983552943231482,0.7678659040803479,0.13855950124458472,0
19,2,3,0,219.28294043613005,0.8140243963523452,0.5625130236462917,0.17750428818438024,0
4,2,3,0,189.84039363289085,0.9512401999392703,1.0229738229742347,0.08748374651659917,0
19,1,1,0,180.398892091059,0.5074055498682645,0.0897680840253111,0.27314724710346866,0
2,1,1,0,230.7729811893234,0.8418124798588179,0.10995000153314342,0.018980866597439573,0
14,1,2,0,186.7344578563527,0.7077226945125394,0.2296179710189002,0.0255317966815639,0
8,5,4,0,215.59420203689245,0.7917257489187602,0.30940255369378444,0.008527303739067465,0
13,2,1,0,200.16237185880158,0.6831690330466637,0.1541339696171369,0.019353964930577144,0
17,0,2,0,165.4455971065873,0.7020333303650753,1.0153386005412828,0.012235059292283171,0
22,14,14,2,70.43767686723052,0.3945928946405217,3.903940592387933,0.6820767208986095,1
7,0,1,0,228.30741128462088,0.9653044632849451,0.686209964059539,0.0788185143975373,0
8,1,3,0,153.49074561020979,0.839083647856472,2.783458549147324,0.1266675733725967,0
23,0,3,0,208.79307288491597,0.6983317438537077,0.7245956020563885,0.25382995286480375,0
3,4,1,0,64.64045477241808,0.8611963203801777,0.38884188478225507,0.048722972063554984,0
14,0,0,0,193.39538513360077,0.8244754304780119,0.7265231207146112,0.05977798354462822,0
5,0,2,0,214.83657046517683,0.87793445774647,0.7690632465126562,0.05880314172970091,0
7,0,3,0,171.46608542003258,0.5743547740976194,0.09333373686023393,0.014497672575639253,0
23,0,2,0,279.5529245984414,0.7554597171158286,0.10426887361426226,0.021041098768300667,0
23,0,4,0,170.33988650476806,0.6152383351359242,0.4146458484367815,0.09922330979979092,0
1,2,1,0,163.33589625956415,0.7935697900219469,0.63372085201448,0.12529368168749025,0
17,2,1,0,326.2767920338424,0.5910915944917351,0.30073075195248544,0.010480323699839606,0
10,0,2,0,168.6140603032558,0.8259682656235171,0.24923950748114182,0.07564700634205286,0
12,0,2,0,112.21401137661945,0.879296639970744,1.1480763267428045,0.1350010469817269,0
10,2,1,0,186.65115612438782,0.8325992240152333,0.5882206181863076,0.04888997900226152,0
15,0,1,0,143.62427705112881,0.6672928739246503,0.2193189847281799,0.0399836294211107,0
5,1,0,0,108.23841576727855,0.6646967103414908,0.18424988555842148,0.0010761283295483521,0
6,1,2,0,228.14310929583027,0.9684922527779888,2.1965874689402445,0.1598816103303644,0
1,1,0,0,90.60722635973929,0.9061431173343502,0.8179398585823993,0.15150171643153815,0
16,1,4,0,243.42127562803972,0.5557882249168632,0.12948600013398928,0.15783460532665122,0
5,4,12,1,37.56160593765034,0.15566564226400312,2.5095566136036873,0.7948847293309965,1
2,0,1,0,174.23028351122008,0.5732359822857388,0.08913918430778527,0.3235882206728877,0
8,2,4,0,67.79554433536728,0.9740859640500553,0.4148198015830638,0.017930379772975635,0
20,7,14,2,27.78539615894896,0.24459214526356982,2.9312139654103153,0.46516570000876556,1
6,4,19,1,0.0,0.43485506732661533,2.5589239909307007,0.9580087881550223,1
3,0,2,0,175.25551108422985,0.7926840650009663,0.17456257948592724,0.16367052579962374,0
2,1,1,0,155.82396675219957,0.8804412223110928,0.25416088197227804,0.03017635143879872,0
18,0,2,0,178.89511674958132,0.8395881387852763,0.003396260898702581,0.08168269284018502,0
0,3,3,0,195.4929102293992,0.9891959452142114,0.2592289768008296,0.14237103691839925,0
22,1,2,0,159.21318712256175,0.7608396016563997,0.0537746658283018,0.02772398119373145,0
9,0,1,0,239.12615245764675,0.6320101577816277,1.4158057925663496,0.4240491625215768,0
22,0,0,0,225.74779364016823,0.7591911500705931,0.30136369943986296,0.018463446124067348,0
14,1,0,0,174.76661703702672,0.6405447938252911,0.016472653615037525,0.3681001634891805,0
22,0,3,0,177.77018161713872,0.6957793983235296,0.4952426971594338,0.0683994679337117,0
9,6,10,0,26.3977624290764,0.2074778198629059,9.720701999210592,0.7128420736914763,1
15,0,1,0,61.99415632047497,0.8636806553537066,0.8719661138000678,0.028422530615415633,0
11,3,13,1,1.0687674273379812,0.15201794874175611,22.60362558156423,0.7281680565858972,1
12,0,2,0,253.9379969987078,0.7150740022052531,1.463078241813954,0.061777821408004495,0
20,0,1,0,220.47802225988602,0.9029096210336914,0.1352912546009418,0.21180298124102057,0
13,2,2,0,204.11086501860123,0.595575686549038,0.16271749461658,0.12474469031093344,0
22,6,16,1,20.56192756663328,0.24759917157219175,1.33366695424552,0.38874370902468824,1
13,1,3,0,216.63613281103727,0.9753494187001898,0.8792575939262262,0.031388793417200786,0
9,3,4,0,206.80360287443375,0.8259113591667551,1.0775029408363082,0.35414606306295776,0
15,1,2,0,192.5460056504987,0.7433299967299324,0.734375519487956,0.32662265748965413,0
22,0,4,0,231.98573908161893,0.9292063807363659,0.04959066473743543,0.22228776721050458,0
0,3,2,0,141.59956821526106,0.927822504128951,0.5071989314911373,0.08488929329462852,0
5,1,0,0,214.27239019019376,0.9206204109618099,0.10964052460027582,0.04896674300000072,0
12,1,4,0,135.53434262450605,0.9786194945661068,0.4586521381151661,0.0442152319753726,0
3,0,0,0,104.8192129779011,0.5784517524624513,1.6439173574528665,0.3147406145437218,0
16,5,18,3,0.0,0.06694875145198884,9.00046719409816,0.7565883606522895,1
17,1,1,0,90.98979569145109,0.7154453661465588,0.6046773622741863,0.10237476546638945,0
10,1,1,0,154.31110641427983,0.9414841830792496,0.12868530845844287,0.058134223441278755,0
0,0,2,0,178.809489177601,0.8792687341403457,0.04192102929974883,0.1355579337026948,0
15,6,17,0,58.97731460856872,0.3305133393084568,1.7993256396827289,0.8283291156070324,1
19,1,1,0,210.01042034657607,0.6830478611993503,0.8995639841536939,0.12511192902914492,0
17,2,0,0,268.90141025321856,0.8887833772903799,0.006809827110821383,0.009823103970119233,0
17,0,5,0,237.60463790228243,0.8698362259888158,0.6541022547797445,0.3019291054836279,0
4,1,2,0,195.50382246208903,0.5327952803630173,0.40749383022441993,0.22190203560783647,0
15,4,13,1,64.28124094066703,0.2565255054934597,28.73371611443311,0.6562836840142435,1
2,2,2,0,258.8095112308174,0.9422830249907027,0.3075042499108292,0.02572470753366063,0
7,10,12,4,63.58545123262698,0.17856027791373713,9.942623577802944,0.4549584387075866,1
4,3,2,0,169.05016279436535,0.7579066196060303,0.441242759500407,0.019826717967077405,0
15,1,1,0,245.8388170786906,0.9758755667731344,0.12761918895055205,0.06111679954917089,0
23,2,2,0,174.54606016064355,0.7738094298035946,0.12742983185469586,0.002787383579376261,0
21,14,16,2,55.209748352327836,0.3716892449889924,8.589154076703245,0.6433056278740177,1
4,0,1,0,284.68655652942897,0.7696701511115037,0.01715660361312025,0.2035523846168298,0
17,2,1,0,166.65108282457757,0.8691425041211834,0.6976006638708246,0.01859821596447097,0
8,5,11,2,8.873564846163227,0.29559792226555165,14.13824025536859,0.8388766212328362,1
9,2,2,0,206.350079985608,0.6545318320380884,0.03987966843593231,0.10162757667397203,0
6,0,2,0,179.63493644345226,0.8547782154523007,0.3847491594693548,0.18556127638532868,0
0,0,2,0,130.71874108686868,0.9030070231710793,0.4814039721247043,0.009039852119545666,0
20,1,1,0,260.8062401438399,0.8709848939261425,1.652526785704292,0.0243495001498969,0
4,0,1,0,162.9638250152543,0.914525988400968,0.6944538140770636,0.05909793271782753,0
10,1,3,0,218.1913228024942,0.8287082251370843,0.0038880192603362273,0.06608518185383513,0
13,3,11,1,75.30309519570943,0.5170733721397569,2.079124528368416,0.8777573024695068,1
21,1,1,0,166.94594520917536,0.43450647276240256,0.5478244774117371,0.42490488924264375,0
10,8,14,0,53.90231340246822,0.6591266878493668,14.39918604928249,0.3755773474966337,1
12,9,15,2,48.859897673981436,0.22074037251598752,7.11367072040393,0.6255279020010653,1
11,3,9,4,52.40885092558518,0.1287419190967997,10.074075921647971,0.8412220001501467,1
17,0,1,0,211.19300849952072,0.836389882100105,0.39942151046724844,0.15754095220796202,0
12,1,4,0,201.45848481051667,0.9375131376786875,0.06407154518250768,0.09207913058527512,0
7,0,5,0,134.72971448670904,0.8414973018100131,0.19184456829379234,0.008894141891956664,0
19,1,3,0,85.76857444840977,0.7986562440233991,2.8658241240967723,0.014211557544187334,0
18,0,2,0,107.13164825363835,0.8191131122584315,0.39180075883733667,0.042698203593622565,0
8,1,4,0,159.7598835345835,0.9199479880719005,0.29281903411660526,0.30218319386251535,0
22,1,0,0,264.48135199065524,0.7084076973031519,0.21811441385400532,0.027357344344858484,0
18,2,0,0,119.33760037110251,0.7830508630784788,0.24240325433287663,0.11239579953068932,0
15,1,3,0,65.25892359319703,0.8781483444496839,0.3385069639170555,0.06368602368010458,0
15,0,4,0,247.24195886020271,0.8101260293810072,0.3798335014457447,0.18787089354944903,0
12,0,3,0,194.73452541630996,0.9129765322914751,0.25480436313564137,0.07118352215014936,0
19,1,0,0,108.00392225177211,0.7940583047251744,0.9406948232889477,0.05878968659673423,0
13,1,2,0,111.88715198637345,0.8515553581091617,0.5965930965339461,0.10297200014100677,0
0,1,0,0,229.57430623466036,0.38828328159978726,0.4875585888662566,0.1918092075973166,0
8,4,16,1,0.0,0.1919066333647777,1.599289113886793,0.7616735946744669,1
10,0,3,0,251.95237604450483,0.9683819184690677,0.5980954363216803,0.05813633842345212,0
15,2,3,0,248.5412858105284,0.9483408004084047,0.8312128003151307,0.025591756819708922,0
21,7,17,4,27.38887416722688,0.09062484401527779,8.95536758050861,0.8919154594502954,1
4,0,2,0,202.97732060772958,0.6484025144001911,0.34839120555882114,0.009084156226182543,0
23,1,1,0,154.37281058625027,0.8513484290906769,0.482367187020547,0.242259045380791,0
19,2,2,0,288.3103487626129,0.8588665835179072,0.27379352257198747,0.2815649896265448,0
19,0,3,0,203.11403349841152,0.8202806852843333,0.031827553672442985,0.004832253772346352,0
14,2,3,0,245.217762209905,0.8705278417260702,0.31882737143176254,0.05102941104542069,0
4,1,7,0,179.30870306930424,0.860511744321026,0.26630949955292166,0.053117589152784896,0
12,0,2,0,133.98181683959007,0.8541524464885631,0.03920731690504309,0.0163095620444944,0
13,0,4,0,220.75757284019517,0.8739762871861774,0.10483980389836381,0.05352342728337687,0
14,0,1,0,197.10304918845426,0.7110010559694163,0.7555112207246862,0.20125317062029977,0
3,0,2,0,122.2233764509048,0.5677208077072323,0.6653006735141714,0.004015320634415062,0
10,0,2,0,219.75538569826844,0.7393018904089617,0.21890488846982356,0.06894884683304206,0
11,0,3,0,114.20450060012631,0.8285442033808382,0.5654143176173491,0.2502441802874386,0
9,1,1,0,173.73666814465147,0.7625115789480176,0.9517667771711725,0.09101425817541962,0
17,2,2,0,158.11749486105663,0.9081974555504012,0.34913044837603396,0.051135714767055404,0
22,0,2,0,201.6588606289999,0.9867440769700744,0.07516794629221159,0.019424738389865942,0
9,3,2,0,185.10295333180164,0.8188981023142733,0.8648049124446594,0.027277024241875728,0
17,1,1,0,87.3589422888968,0.8253354442872163,0.4152305417114339,0.11657266413215617,0
7,2,1,0,210.51706739568704,0.7729052304015628,0.23933835132467768,0.23918658181253855,0
14,1,0,0,213.70646282970316,0.7223208410278219,0.3495513509209522,0.45507169259994357,0
0,1,2,0,185.13373585781898,0.874877423154945,0.610633868904243,0.037349270617080293,0
23,0,5,0,224.55573588130008,0.48999013217713494,0.15918584316895026,0.03241307742832134,0
12,2,0,0,300.8209481818427,0.42980712634489615,1.3824844923163273,0.3695330371732592,0
5,6,24,0,0.0,0.1480405562883657,5.077103752186588,0.6965194825967866,1
23,1,2,0,256.6747597245824,0.8953620152240304,0.5212385884484886,0.046943066670816234,0
8,3,1,0,172.94815066888958,0.7046351750679357,0.04770204704033529,0.12181807408815708,0
7,1,2,0,260.00134780026576,0.9155203031505149,0.29671703590227877,0.09388824805132331,0
18,0,0,0,146.07098882789072,0.6055429568444235,0.165232511478893,0.013689983963952617,0
12,6,12,0,42.498166276546335,0.3023391010801015,14.712603014528996,0.5455862811849154,1
3,2,3,0,194.45097248607232,0.8224545146528096,0.06411704437706349,0.1377147208562506,0
15,0,1,0,189.05025022131045,0.6130377983687737,1.1717521665049275,0.22952671047921933,0
23,0,1,0,200.9048369525584,0.8164793100719293,0.8638833972948841,0.023207146079615954,0
6,0,2,0,238.2770915225858,0.7974417412165156,0.7150567084476713,0.15516593811401153,0
3,1,4,0,173.5802050712449,0.6662450298915156,0.10546360777831681,0.3388392197791749,0
15,1,1,0,200.19293790960697,0.8621314158994638,0.834412727988731,0.19915835175294416,0
10,0,0,0,184.87766235441245,0.9711710976003017,0.024481022185430957,0.22940561700831125,0
20,0,2,0,219.11457795626285,0.7728337737447443,0.3480485423902759,0.11616363869760253,0
15,1,4,0,153.2345727892868,0.7471666355128532,0.29919322027303896,0.062066650368217964,0
10,3,0,0,102.25079219033763,0.8282959052041269,0.34673723491483777,0.0889100086821605,0
15,1,2,0,116.62490028393943,0.7810778509577684,0.3643230971391788,0.022458427946927415,0
10,1,3,0,151.53181622418788,0.6660475129716416,0.4872603286034517,0.012213981246457154,0
21,1,2,0,150.61241354786904,0.8249224617914616,0.7721981404518493,0.0432418022453132,0
17,1,1,0,172.16128431222754,0.7612905608686698,0.1806267796053738,0.03398999864089178,0
10,0,1,0,128.79370965038888,0.6776907229968931,0.5518304931920066,0.178297714333635,0
13,1,1,0,190.7823186785616,0.7972289547479646,0.40552372891717403,0.052160842921989976,0
20,0,1,0,104.81333636434088,0.8267570081919865,0.22130716342998916,0.0025771108134171913,0
13,0,3,0,183.87529366431875,0.7424998116370607,2.35561145884869,0.3357017010246506,0
14,8,19,0,0.0,0.11873308568237136,4.310997718449634,0.7423647890449093,1
8,0,2,0,228.08798552487207,0.6220618980497888,0.40049927509307154,0.09948025823769395,0
5,0,1,0,255.06149983891737,0.881720933610438,0.46295269082503165,0.18733709570375995,0
17,0,1,0,202.95765985567465,0.8412138611367385,0.3807889529852185,0.032283856126538966,0
19,2,2,0,82.99374412749496,0.8821455697299789,0.6947481783270222,0.0874599461387161,0
13,0,3,0,171.41912861656547,0.7282622562369043,0.021245475853344204,0.048230162654558706,0
12,1,3,0,94.62394457915148,0.8963606872308687,0.3067859897787708,0.005173001637845235,0
11,0,0,0,73.58000248545079,0.7567805604871292,0.014925294276358405,0.2768639521350586,0
12,1,1,0,76.63408676023883,0.7493798439425418,0.679774672933115,0.14881617694880436,0
8,0,4,0,184.65370348895325,0.9816624256453682,0.08565528926548939,0.14409006560242077,0
19,0,1,0,189.09469845928737,0.7939357758011525,0.3472143411402628,0.16093313440873827,0
7,1,0,0,323.49736477234126,0.7232875206355801,0.9744674964748783,0.03214424647285122,0
12,5,16,2,33.67880635752325,0.09281503145429405,1.6888331737438798,0.8063299357078162,1
5,1,1,0,293.43465166706767,0.6692662049922801,0.05064458439748375,0.0022345924380070417,0
8,0,1,0,197.7779715747572,0.8721748072017285,0.7005406009546796,0.14402856840829983,0
11,2,3,0,92.59488765289969,0.9168816172491225,0.9446599026071866,0.022893722439441454,0
5,0,2,0,190.90949094225405,0.9314430835311867,0.38741003677870295,0.14717664727794977,0
22,0,1,0,176.7380586663922,0.8166676975446363,1.1901905254296217,0.023236617898557025,0
11,1,2,0,186.105232591582,0.8237610062810512,1.171071928824143,0.17405686689813685,0
13,0,2,0,158.27946845909315,0.7234854661095205,0.7736730049823548,0.033458720548304725,0
21,7,16,2,0.0,0.2624231628852475,7.813581818580093,0.8648600426576089,1
17,0,1,0,133.51783246929654,0.8091129764379889,0.03571207364432832,0.013875861900029396,0
15,3,3,0,178.0265668150604,0.9708415344913809,0.48102090754215576,0.0939596983086189,0
4,1,1,0,205.03499302994322,0.4819705522302297,0.17141163962425243,0.09346083090029335,0
21,1,2,0,115.29993353347119,0.8166705420213888,0.5923019976866258,0.07574506471620532,0
17,0,1,0,203.5555583378986,0.7664229510432652,1.066575016217014,0.16748194268164607,0
5,6,18,1,56.713830353614014,0.053305776909334655,2.338928029404545,0.7512502142541887,1
18,0,1,0,185.26492250397553,0.8388605821097338,0.39966245404912587,0.03011277475483807,0
2,1,4,0,186.02810763579294,0.689899680494035,0.5157080813448683,0.350798436230711,0
10,2,4,0,92.74005418425048,0.807081107789211,0.19055182453572367,0.3976050277780064,0
18,5,12,0,5.880880639922935,0.47490139006264026,9.459783963443252,0.7995515751820468,1
14,0,2,0,192.24465000196815,0.6469196115028296,0.17624490269993387,0.05531318766194383,0
12,3,1,0,213.39399988398418,0.936860959130788,0.27974723556647557,0.32072287332506033,0
15,8,13,1,56.11537935893232,0.1461502791895643,3.302070861606374,0.6290752984524274,1
11,2,2,0,160.41115958548457,0.9306843384996349,0.1434693138027012,0.02854145344841273,0
9,0,2,0,159.75348837548842,0.5472764095269771,1.8080476582125935,0.267170109711432,0
22,1,0,0,242.21839802986835,0.63279937190984,0.5599132198623549,0.26119630592090076,0
3,1,2,0,202.2015590668928,0.8405973244102476,0.04484323107324165,0.14865454350058316,0
3,1,0,0,204.01587930361856,0.8088516603322712,0.05401541957750096,0.22351608951620006,0
13,6,13,1,62.89948603858,0.09576182362386404,0.686203686987132,0.640444080804138,1
11,0,3,0,69.95073279799163,0.7534955518466686,0.24373959723375574,0.12640927589496015,0
23,1,0,0,143.0142291762411,0.6596760097493157,0.16253009508172186,0.053404153661638615,0
6,0,3,0,202.321454472142,0.6794964762968827,0.26937124166174065,0.312563631000862,0
19,1,3,0,176.62045181306658,0.6322949752388897,0.9880925364896735,0.07582835602393755,0
1,1,2,0,290.5393680870133,0.8713184323774475,0.6189601289723853,0.04815215451084187,0
2,0,5,0,145.93852145795756,0.9341314548124575,0.16746003752818622,0.3002550941310051,0
0,2,0,0,163.93154876692378,0.9401538971305198,0.8011637880037943,0.04474872255205245,0
14,0,3,0,183.0146638924948,0.9368338652488175,0.006861715476787606,0.08774708670048999,0
15,2,2,0,257.87345729785665,0.4943346249522765,0.3945653408282804,0.20081512464119022,0
14,1,2,0,152.20118792096207,0.9701384589593764,0.5059865872008217,0.1864187367429645,0
23,0,1,0,162.98745711463127,0.9523321772402301,0.027401909879402032,0.007169669472405917,0
14,2,0,0,173.6124597972065,0.6845471232956764,1.4530314246189575,0.012224703706538989,0
13,1,3,0,185.6695619874307,0.7505748695149325,0.9344167085827743,0.14954705239522548,0
8,0,2,0,230.07959856457904,0.9023653859729688,1.3821651180361145,0.07385875330914429,0
14,0,3,0,156.01848319307751,0.8583335878884447,0.2687072595775661,0.20953287186129838,0
20,0,0,0,223.46679658739245,0.3877880897094667,0.42793209691214834,0.01017160046695467,0
18,3,1,0,207.1842902295548,0.8677819744589373,1.658182339307235,0.238846884798136,0
14,5,18,1,57.51139544222759,0.28913154463794793,8.542387845182706,0.8954039046159089,1
4,0,2,0,63.63205776498202,0.8462482262331976,0.6427696122260356,0.040120888061127964,0
12,1,2,0,197.14070251961851,0.7582383677066834,0.742175604872854,0.053353117156418176,0
8,0,3,0,260.9334557792439,0.8524279732377932,1.1149702978692497,0.12404996404731242,0
19,0,1,0,66.09681702977417,0.8337965793389334,1.4629661092270525,0.027976961152376505,0
16,2,1,0,221.63829034652792,0.8190283176582291,1.2703170574695961,0.1442267614772597,0
19,2,3,0,192.91321371242321,0.8104512599133545,0.7475915752820118,0.08479783515758191,0
16,0,1,0,198.85011079970988,0.9135507406922694,0.2488593032534018,0.03994226647085098,0
9,1,1,0,123.82217000534796,0.7311114197002553,1.3426230214445611,0.07245541747692318,0
17,2,3,0,100.7915369668344,0.9508302378891625,0.10322577632608355,0.010531073238643862,0
8,1,1,0,236.05814466191856,0.7768517186490034,0.412738372225094,0.23652535313882495,0
3,0,1,0,114.10046262577825,0.915184144099631,0.054292369689191614,0.001168205850354322,0
23,1,4,0,297.081310118138,0.8296292529095933,0.3468928965976078,0.04677695981266386,0
20,0,0,0,113.35347462486834,0.6767449027163444,1.2643722789623963,0.026803091126759396,0
11,5,1,0,159.8083935673483,0.9013159315842248,0.10808309814503923,0.002312180041076203,0
18,2,0,0,134.87065376526533,0.9006888820685609,0.02633116311472095,0.1199855401967231,0
9,0,2,0,253.56133068293207,0.8159580814319003,0.15263664127867696,0.3275787320515498,0
13,0,4,0,231.97535978652093,0.6336369723542175,0.13244345680686415,0.08641962251338885,0
6,0,3,0,183.59360858276816,0.8899450476952645,0.2640281061902425,0.1628007934736931,0
7,1,2,0,195.37263638428087,0.715295381571401,0.09813048046355827,0.07514468382806354,0
9,7,16,2,44.53499099932556,0.3487134202144479,15.899035566224924,0.8864472398020007,1
15,1,2,0,136.72884366337934,0.6865485534402351,1.1098402312924247,0.3398989447662755,0
11,1,3,0,276.84650238939764,0.8449530459720004,0.16168189620116158,0.059756551601109,0
13,0,2,0,194.8566512488854,0.9032000895440437,0.4046343101421408,0.010380603639233403,0
17,1,3,0,44.24320537646685,0.7924933104072658,0.2552939336373107,0.05382104349730105,0
15,4,0,0,140.77220040577535,0.8302785462175505,0.0892402294568875,0.09864482873068385,0
15,2,11,0,54.37564015543927,0.16179845976045668,25.644408062594973,0.6704432560492981,1
18,0,1,0,221.0884512268185,0.913166889685992,1.0943291403220035,0.038749263495743966,0
8,0,1,0,185.64448305251068,0.8744827386743331,0.04944389825784077,0.34283409763298045,0
6,1,0,0,192.00134733087899,0.9565073727364556,1.956837668815728,0.08440380031885086,0
16,1,3,0,237.1080201905359,0.7888920056195585,0.0722609650936805,0.009296680233363181,0
10,1,1,0,233.67555636250654,0.45306303095027844,0.8129646123474448,0.2389841860868806,0
13,4,12,1,84.33228985937438,0.4980979475169786,2.653339799820208,0.7480578536233443,1
22,6,17,1,34.481555930838596,0.13359323842273216,1.699575327174732,0.5894829875015231,1
19,2,1,0,244.9729308579445,0.7962289891172646,0.33521639219081223,0.2333472523090609,0
7,12,20,3,36.88073994750432,0.31240707939223783,13.128666233778208,0.979641774835863,1
10,2,1,0,252.1108561247264,0.835369335558797,0.07502460060392228,0.030297994024430352,0
1,10,14,1,8.913869798394384,0.12067289297771014,4.979347200683876,0.7696410597004358,1
14,1,1,0,124.91379203744464,0.9904077073908794,0.8721398129536094,0.005768628524861877,0
22,2,3,0,116.87102291709215,0.9552247947421056,1.0021143292922998,0.07214202220577903,0
0,1,1,0,126.96949069397817,0.9451761669611596,0.5673637237352301,0.09956170571693433,0
5,0,4,0,137.5744669830899,0.9383102075540963,0.10914886078327773,0.02609746500340919,0
23,0,0,0,222.82905956769858,0.8214389750327381,0.08241596841225754,0.04055869601232695,0
15,0,7,0,145.65579422016373,0.932473021409007,0.05512706496544894,0.026831049709077123,0
16,0,2,0,177.82265257197182,0.8723189092478578,0.4945062487243795,0.14042101212423452,0
17,0,0,0,266.2947964158534,0.8640944239810058,0.8335014160543751,0.48723986681057374,0
10,0,1,0,234.916582634733,0.7097542928712295,0.07654844604333211,0.05588175601578561,0
1,0,5,0,263.53062246819127,0.6683609258035256,1.9731348166407927,0.11411106799569608,0
14,0,1,0,197.72810155631092,0.6521344023150187,0.8866116506483832,0.02792859772715886,0
2,3,2,0,307.6845682320709,0.8801034289565111,1.5357321619227728,0.05136391976427072,0
7,5,18,1,59.03809765394932,0.19256963557188517,6.183707774781202,0.8131320028654209,1
1,0,2,0,114.91028922003173,0.9293502949647359,0.21644399344076462,0.022381304886241866,0
15,2,1,0,133.66153334805801,0.8579091104181341,0.16031076488526538,0.03343782745865826,0
6,1,3,0,235.65207927776476,0.8515065795102488,0.21670751826589232,0.02083821005553918,0
19,8,8,1,23.524941709790795,0.20715692598068985,2.377473876113268,0.6663898814298452,1
5,0,2,0,109.01820244588659,0.8147578939170786,0.2969692974334974,0.016823963847476444,0
6,0,2,0,20.0,0.9244124051333245,0.8247142586505801,0.1935215930882929,0
15,1,3,0,160.7746890639404,0.7320466884071279,1.1441596256713127,0.21278466761193204,0
6,3,13,1,0.0,0.14478331410366935,1.2629793086011822,0.6713367846431971,1
7,1,4,0,98.86963714054693,0.5866221990262209,0.3199780750147587,0.019850142042525342,0
11,4,10,1,48.56187070373692,0.2029977420887577,1.2772085987050885,0.8885980386776043,1
10,5,3,0,86.08470721544707,0.5880579715746492,0.9290645085223571,0.14130996795003165,0
16,8,19,2,32.46157349908168,0.4380166759526729,4.3060073064472455,0.6111030865742866,1
1,1,3,0,255.66678013843983,0.969880125760677,0.16331295426465717,0.03793857485675059,0
0,2,0,0,206.4529283369198,0.7070085772670694,0.7468499548898198,0.03115731181984853,0
17,7,15,3,0.0,0.42191454248390603,16.795034674874486,0.574872368088072,1
10,0,2,0,241.32769623157645,0.765756771291023,1.1190830512590955,0.08212082635833477,0
8,5,5,2,91.20964916878273,0.2790881419457464,14.918907066815489,0.7851754031080104,1
15,1,2,0,168.89019466530368,0.5770482314985277,0.27566467416258944,0.020334380895237106,0
15,1,3,0,157.90593097732392,0.913861498568661,0.2337881056217382,0.10824246063994206,0
21,0,1,0,148.66571900488134,0.9405510625129816,0.7082990004308249,0.2974970183870663,0
21,0,2,0,257.86001151629716,0.561945076453491,0.8310209909708948,0.051872928117741336,0
6,3,1,0,192.23415811537015,0.6414258874725922,0.18381866568345057,0.006017317488537768,0
5,0,2,0,103.18070582185946,0.8645537581123942,5.0,0.0688745168555508,0
14,1,1,0,214.0897279151721,0.8967493595487082,0.03528633784685341,0.16246169198880678,0
6,1,3,0,208.05752510537445,0.7606708436179932,0.12757636387113844,0.05296186698042471,0
10,3,2,0,184.18744926603634,0.8316386123058871,0.9214741976131396,0.1782534360274682,0
4,0,1,0,184.73331352037383,0.8329102627147464,0.23538949073573917,0.23773511862872454,0
23,6,17,2,38.79503652565176,0.37063224492121327,1.7626025148742177,0.5516493251209573,1
18,12,17,2,45.55786397382978,0.19636719699581284,12.281560575441853,0.6689574640863938,1
19,2,3,0,135.8913988250733,0.5247384081525378,0.11226849453635372,0.012900793778093054,0
21,10,13,2,0.4649403650260453,0.03886209730534649,3.7080940196287435,0.6974679482748627,1
19,1,11,3,56.14485007654596,0.032197095858251513,2.4347508217187164,0.5875710478982408,1
18,7,6,0,27.236709656137144,0.26370547509696934,5.142037183611377,0.8656793419225361,1
7,1,2,0,137.52304145010874,0.7745190186849433,0.059743763987279756,0.13451534458920145,0
6,8,19,0,88.92678720196733,0.18762694287181572,3.5828846737687208,0.7460767670745403,1
9,1,14,0,55.77028516682293,0.18530811766981345,39.759141116761235,0.834436123209865,1
20,1,3,0,194.62874994399746,0.8815709739808242,0.23385675518481763,0.12740567779277076,0
4,2,6,0,163.2761832728097,0.841652129156533,0.24762198612279768,0.43193474002263044,0
19,0,3,0,238.92154436405355,0.8598133124013839,0.3309750496622695,0.2739770387576517,0
6,0,1,0,182.68580525602778,0.7475359924065879,0.9765425544419165,0.00881537144590886,0
4,0,5,0,198.62255094215635,0.9870993356314206,1.7558168594843155,0.04608127672309479,0
16,0,3,0,163.4599274021592,0.8752430702076273,0.6300360601034497,0.2812870662166614,0
18,1,2,0,111.63942818624544,0.7355007014096685,0.5850620598305971,0.18947288359253125,0
11,6,18,2,0.0,0.1750028839861644,3.793923788853704,0.9296198997937697,1
23,1,3,0,241.55831956571538,0.8636903285165812,0.2671126496499741,0.05100934884245747,0
17,0,0,0,121.96942283209148,0.9022831971244483,0.10411115470494249,0.03787510373472799,0
3,2,3,0,212.3406929644211,0.8327148572665545,0.11079844785931914,0.05741610979843776,0
18,0,1,0,263.85261711686314,0.8514717266798422,0.40242540047914077,0.2801681097923125,0
23,0,1,0,101.35314776750701,0.8395777972130698,0.001749075647165493,0.021177301387605308,0
20,2,2,0,218.38425613888177,0.7901669946700361,0.005773737702312589,0.21780379905220165,0
8,2,5,0,123.98483575789732,0.5981301134824312,0.6005497905272229,0.15577941976476112,0
8,1,3,0,115.79974879010689,0.8410529149656758,0.6042754085781378,0.04142308272312968,0
23,0,1,0,194.4587339725054,0.6495994266485954,0.08870071377481803,0.17199016861986657,0
9,0,6,0,197.85348786347444,0.5718200145313487,0.9668596901160781,0.04756066429696999,0
21,1,3,0,241.3508375253414,0.5381039609465387,0.27324506259904985,0.5330336724426001,0
3,0,2,0,230.19933567273583,0.7251819167828555,0.03690429630522337,0.031586174401971236,0
10,0,1,0,251.62372622893548,0.7759525567646203,0.9812280175225565,0.06641435553341432,0
19,0,2,0,121.25983528797339,0.8613038775380237,0.8166875235281663,0.18399174378954888,0
7,0,3,0,185.3708154487776,0.9033542996991114,0.11684654258233124,0.05700768233234765,0
5,3,3,0,274.167818148547,0.8192779526735693,0.485367974775954,0.10643154206083108,0
21,1,4,0,153.6024801936629,0.7174667397115312,3.7074881826210357,0.021302151874660464,0
3,1,2,0,144.0407513504897,0.6262028428964341,0.43523805987216174,0.11623166382883371,0
19,2,1,0,134.93264939663032,0.7042824014137714,0.3857243930962886,0.25512272457375496,0
20,1,0,0,88.039058019563,0.9513687842213877,0.2971226025622908,0.12856024444311265,0
1,1,0,0,52.80088205407593,0.7103799567578167,0.8113539925045707,0.004684932076021879,0
9,1,2,0,130.11308829351177,0.850411394575703,0.19144930844618036,0.07345148831622529,0
21,0,5,0,294.32079626803716,0.8069339140820904,0.7294204628390027,0.022344561899055825,0
12,1,3,0,125.85472612356398,0.6887939896585462,0.5378226417168125,0.09923493976008625,0
4,2,2,0,85.24914508093501,0.8680013302089175,0.05859150738164204,0.24843513389625074,0
20,3,3,0,222.74170286509147,0.64495774446165,0.23553003219129123,0.14052416598603512,0
21,0,2,0,193.20234283720407,0.8511415392861955,0.06134230414513977,0.0015932246490099142,0
12,6,19,1,9.740114350301962,0.33621401210903035,0.16820370664093967,0.7615228241321884,1
23,2,1,0,202.04118889087425,0.8619622069773081,0.14348710078066118,0.11963003033546595,0
23,2,1,0,295.48591690310616,0.8066414551047405,0.1453040698133133,0.09237564692479856,0
23,1,1,0,208.5509142642247,0.5347759103215737,0.19766511069046372,0.07575980127223035,0
0,0,3,0,195.29189311480718,0.8156059654799322,0.7913882314043887,0.0274799372013503,0
1,0,2,0,310.67087116035657,0.7948564679096793,0.645253270174962,0.04160953211890897,0
5,1,2,0,197.88898886158816,0.7124836557403473,0.0738583241324942,0.11358752587855084,0
21,0,4,0,128.89017952821732,0.8262186203020007,0.8569508824167937,0.3797176340546671,0
6,0,1,0,195.7505639178281,0.626305646763287,0.5398400652246933,0.08487305058210058,0
4,1,1,0,158.13059031507476,0.7179846909788254,0.5446552688457448,0.061442914678145014,0
20,1,2,0,191.62691082482283,0.740843900537063,1.0512659372087791,0.017599483389102208,0
11,1,0,0,202.36801539976005,0.7045255466558624,0.15456507327230737,0.01259572286113128,0
6,0,1,0,233.69243871816676,0.9022326025262372,0.10472776503468799,0.0177005175136791,0
4,1,1,0,244.02056369716217,0.8222123945577655,0.4675457073070332,0.2544681414390243,0
0,6,19,0,37.37926275310259,0.4647715893993035,13.97069818572148,0.5671483096169785,1
3,0,2,0,193.2014402967157,0.8475923429265037,0.9979118713149436,0.022319312481980835,0
16,1,2,0,155.25954241691028,0.9680466859666095,0.4578003080564576,0.22881044278762042,0
14,1,1,0,36.243579233996115,0.8175082032589872,0.669920081394569,0.06531586251496072,0
0,0,2,0,81.65705928400185,0.9077469788410907,0.4451065679946778,0.12141460566207353,0
11,0,4,0,210.70753166614858,0.7835891618260119,0.5074582609106256,0.028889467991260145,0
22,1,2,0,194.67286649636068,0.6010060406310106,0.10248343520710501,0.009118992002921331,0
0,0,2,0,130.19708966464856,0.9865688955933952,0.9347281940240835,0.1965730013850698,0
1,2,4,0,147.059558867349,0.9398133509333984,0.10359007048388105,0.041498656946544435,0
16,0,3,0,202.36798642530457,0.81133521688788,0.8004748932143032,0.01884453755961046,0
22,1,2,0,167.52875217995245,0.8119763406490326,1.4323064086529493,0.07984542021565341,0
15,1,6,0,234.80492495874336,0.9803408792351208,0.01809295923075691,0.19935207281106132,0
18,0,4,0,275.9933752774785,0.8494514695010146,0.1696179039760861,0.015120025694759898,0
7,4,18,1,59.66078744493067,0.2974808224071589,3.8642136483313045,0.8170488473363082,1
9,7,17,3,8.380048940506846,0.43805936640583115,14.400686455281441,0.9282310714556538,1
20,8,18,2,22.015419864764453,0.1579100334446379,21.62306972980583,0.7498640728955754,1
6,7,16,4,25.73476690738103,0.3605677750312846,5.7915640723254205,0.7342698280405879,1
5,0,0,0,186.07253326095238,0.8796379143615712,0.04663201821485601,0.06979675471309846,0
23,1,2,0,158.16108448064261,0.7802430768418656,0.1744463109078443,0.11712106067151827,0
15,1,3,0,312.86805609867133,0.7035169243852079,0.03225838832661987,0.14907870367564469,0
16,2,1,0,149.3823151308139,0.8623217261814452,0.426915098699675,0.06516933504894618,0
16,1,2,0,237.33610861854385,0.9155986119257069,0.021977392676215977,0.04095278296956959,0
15,2,2,0,121.68373019142902,0.9386841316875298,0.3631859159744682,0.03256586680207516,0
17,0,3,0,191.47916621582849,0.7448675106688064,0.11075067057477833,0.1672686539214993,0
23,0,0,0,128.9411758780437,0.9566488113531897,0.8901230091562926,0.2683938692351024,0
19,1,2,0,190.30921172553482,0.6853293210803765,0.21917903773015462,0.19673099113119358,0
18,7,19,2,55.92485173970267,0.19424309015444546,7.221067647410239,0.7022568030792613,1
4,2,2,0,159.35393954082403,0.6393376229680277,0.37810912072870756,0.015923350437877605,0
9,1,1,0,235.82760418729393,0.8268737333820149,0.7558475910905925,0.11431010800374666,0
3,0,2,0,169.2218732451846,0.8062399424266417,0.2341437925170802,0.13476730711539786,0
12,0,2,0,179.6616784355213,0.7620767890256576,0.5750240002781354,0.01457787005592741,0
20,6,15,1,67.53212374321384,0.1072938587676116,5.570787719147635,0.6635242862811493,1
14,5,22,1,10.351759914560596,0.38771116445086373,3.8788684377453393,0.7397982275592445,1
9,1,3,0,182.89722084181895,0.9258354727975567,0.014249834187449777,0.21731586369041883,0
3,0,4,0,94.01343458640366,0.9167033158837078,0.39758927399281707,0.012308740577204385,0
19,2,2,0,146.74305312988037,0.8851424688731058,0.8053894185613394,0.04033194969303089,0
1,2,5,0,77.82186475287118,0.7175832364614856,0.5103625536443156,0.07191136429882602,0
10,0,3,0,87.5903453843833,0.6665676962171252,0.14629100046148902,0.012515347103862186,0
16,0,2,0,83.86581552970777,0.9128246205206894,0.717051333766094,0.001568640299002643,0
4,0,4,0,195.6659443177923,0.9094672004078783,0.03089258979541452,0.2306403956481775,0
15,1,1,0,243.8683956040386,0.8612423545668706,0.11570182481003936,0.31857987067676796,0
12,1,2,0,223.38474018042865,0.6540706999387892,0.00017734595207066165,0.1771931778244837,0
1,4,3,0,289.61790945951,0.8863856545038353,0.2957792420928087,0.0792493992286603,0
21,1,2,0,121.34147237787468,0.6589855197641631,0.18729287593577604,0.13643276832426074,0
18,0,1,0,169.70785026140302,0.6059393570747365,0.7352262532654765,0.09866112864458355,0
21,1,4,0,61.17768910584077,0.7117532159762876,1.0558934752794416,0.1244439357881569,0
7,2,3,0,88.20648062748154,0.8326523171035526,0.9923266934913022,0.15888179194023624,0
6,3,3,0,243.74470884147553,0.5839875863463455,0.7826641871633839,0.05694486577063415,0
7,4,13,0,64.6722433066355,0.37724663864044994,4.414118856947172,0.833291569308898,1
22,3,14,1,62.42835078591416,0.7331086146801985,1.4913174095331583,0.6041031046069819,1
23,1,0,0,91.2593347646937,0.9090439909763979,0.0874084449217689,0.011348687824801631,0
3,0,1,0,224.72270137748563,0.8429081620276511,0.21689354307951483,0.21298324341837885,0
18,0,0,0,210.44354516058857,0.7574338048011858,0.029482419017496847,0.29644421909573154,0
23,0,7,0,188.96798687658628,0.8674099626239465,1.7493102768395528,0.3836812845495095,0
18,1,2,0,220.24360877204,0.6555054786643304,0.18325432951902396,0.42479826008847843,0
6,1,6,0,108.80923578481458,0.9726328464346943,0.3275181591103444,0.15043834992880029,0
4,6,14,1,93.35523996277682,0.23954019533269244,0.9166634689800959,0.7644951598571016,1
20,1,3,0,76.83250801073946,0.7197779136818091,0.10952455038620779,0.37537599426628393,0
22,4,1,0,139.34754795978364,0.8132936852968905,0.13390031888839074,0.008814669784930314,0
13,1,1,0,260.2541600488993,0.5156687976867287,0.30899616053199963,0.10097140450484506,0
6,1,1,0,187.43491084116454,0.9803563366653992,0.7876614553072244,0.008680004068400726,0
23,0,4,0,177.0172923458652,0.5440786364323408,0.40583696262256197,0.08829539439985354,0
12,7,12,0,19.975603954258805,0.3627197668423294,32.459428089122454,0.9039125371701751,1
1,0,3,0,143.03959787779405,0.632564202846427,1.7603199520627506,0.03349366637400225,0
20,2,0,0,230.80123791458956,0.9741070741415412,0.5581943243764237,0.17778296732744045,0
17,2,3,0,237.98892923528228,0.9122559492112271,1.4375144592019398,0.05849518357745983,0
4,0,4,0,171.23404962656807,0.8757109660551886,0.13981786956509368,0.034516831895005096,0
0,5,11,4,9.52777132118814,0.2823443142792,4.497589419833639,0.810366538747712,1
22,0,2,0,213.8715990933858,0.5557779318776902,0.11615674712160828,0.03958892583570267,0
16,2,0,0,195.75177102888586,0.7952792807294098,0.3003421270939982,0.1487066418256525,0
2,1,4,0,137.19797854919648,0.769674927528629,0.10349824022575115,0.32898440478809643,0
14,8,12,3,37.881487163647705,0.055954019884552876,3.002480221574995,0.9248506195441459,1
3,0,3,0,132.72374885086379,0.9312128856370582,0.7632277311541008,0.10879947324974443,0
2,1,1,0,211.38334073035543,0.8709488427535391,0.038064602731272004,0.20571071012997658,0
12,1,1,0,161.53309088218396,0.925888506003515,0.4500239210587535,0.059087080060612134,0
5,1,1,0,234.01652359426646,0.834862767453317,0.9774867483295853,0.03755061895691189,0
2,1,0,0,159.54060264665463,0.9113879797171868,0.18317011117672544,0.4323294789506451,0
15,0,2,0,158.58157044137667,0.6897223601837279,1.713061125328321,0.08604892442330767,0
4,0,1,0,215.6676085553421,0.5573193987971399,0.1698520601111472,0.23867807482559045,0
16,1,2,0,216.77165134446167,0.7982290096956711,0.6687822979083039,0.17324231847816385,0
22,0,4,0,171.85925795602316,0.5682363015101738,0.15346388931860178,0.10275925835529606,0
9,3,2,0,236.66992557462126,0.837664308281913,0.5621539793966555,0.118310603001431,0
23,1,3,0,52.40272113739002,0.6542377017854833,0.3424007627157663,0.0810164135897514,0
17,0,1,0,247.5140622698105,0.9559559957813268,0.1980170054218736,0.1521218761834393,0
20,3,18,3,75.43111936130299,0.3934831971446399,15.954061059443351,0.9242653746596002,1
1,1,2,0,28.258191976249947,0.7715444044639631,0.10019652339244836,0.105170601099157,0
15,7,9,0,0.0,0.18337911310238367,1.714249140477388,0.6029852293139504,1
8,2,1,0,231.8051985689832,0.7100211260145209,0.01786477647514505,0.030838063634503473,0
22,1,1,0,211.8363605871481,0.5546352067278344,0.4352078702379949,0.31604874041816094,0
23,6,7,2,59.216938707858176,0.14643709955639192,3.858985453516794,0.8677204169221368,1
4,1,2,0,154.24336588126513,0.6564438213193207,0.7602671620795649,0.14942875148942586,0
3,2,2,0,171.64708719071172,0.6203393785518155,2.161864425121193,0.33507109867651447,0
2,1,2,0,178.70061029775607,0.512223872820118,0.11911065122616911,0.008012671842987174,0
20,1,2,0,146.17786694434653,0.6630872058369639,0.2547083634900583,0.04817969248208728,0
4,0,5,0,170.9857303323112,0.9010009328635622,0.17521635933152452,0.07342693216994098,0
1,1,1,0,142.6571267490126,0.9692379800889594,0.09295125600996051,0.1037083027223357,0
11,0,2,0,169.78075674120726,0.8812425715175296,0.1309105585323541,0.2548608382200716,0
17,3,1,0,181.51717275865423,0.7192189092226352,0.19528534344621545,0.019041279509671365,0
1,1,2,0,229.1349959936754,0.7540930326897722,0.7575747672817571,0.21234521834363138,0
21,1,1,0,167.3560094530238,0.8167936432034817,0.5502693417497998,0.0205368331893497,0
21,8,20,4,89.0721461026915,0.09689806688846118,18.869919576617875,0.8147457475997012,1
6,3,2,0,141.63864026724463,0.9224332040108019,0.2344047380455545,0.2962897120777289,0
4,1,2,0,170.16868667790504,0.9370837918815332,0.6274156283241211,0.1254612575578834,0
20,0,2,0,248.9589163833716,0.7582038742321977,0.3393200631129032,0.09210108339308094,0
0,0,2,0,278.31468768404875,0.6797696947017964,0.27782806424426637,0.3250418067449355,0
6,3,3,0,209.1297027095679,0.6995006999519313,0.031173269962346643,0.012005931113586738,0
17,1,0,0,237.23449783917454,0.9458279632248625,0.1314799397162226,0.13761448932656545,0
16,4,16,1,65.80992494823833,0.1723919377295805,2.1357860658469328,0.7172393017124283,1
10,3,0,0,183.74949100800876,0.5573270767743408,0.06949612270847147,0.07442724152174585,0
18,6,9,2,0.0,0.06025038524510836,9.61510747795335,0.37758050723285624,1
16,2,2,0,177.95053112660239,0.7423124478749519,1.567386191131888,0.03993015780804117,0
4,4,12,1,41.89294502242355,0.14198754174492845,0.4911282848067694,0.7319226853987678,1
12,1,3,0,190.30601728867885,0.503478401018149,0.3205643302386365,0.3508624352252297,0
19,2,5,0,128.38980822954713,0.5349798741045645,0.3777395608881917,0.07194608011743023,0
17,9,10,1,61.375660676146836,0.1245406068115042,2.720337023503331,0.8995809484636307,1
9,3,0,0,177.15364515143594,0.943948890406916,0.29517246789066043,0.129653949234017,0
12,2,1,0,184.99752468048388,0.8919267550558719,0.7955178333760101,0.09151783833271106,0
22,0,1,0,43.93657350753668,0.9833364752745511,0.9129158013712394,0.004296825919619837,0
8,0,3,0,208.9560541759256,0.7920393770503116,3.1183002579432433,0.010744923800681537,0
17,3,0,0,148.35193319076404,0.6839308142591283,0.053611009544411406,0.03255923418892501,0
22,0,2,0,159.1653609997747,0.9532226763487113,0.9068422138358209,0.034360269739291356,0
4,0,4,0,187.32351386733518,0.7896771142190591,0.34343842401480795,0.0399448165595726,0
4,0,3,0,176.81847158658317,0.7911861551509363,0.20113060863177618,0.021229476101858477,0
19,1,3,0,121.9458742978608,0.7874478578039663,0.658567040071619,0.1045539088059888,0
11,2,1,0,265.1842662139178,0.7515963772063248,0.43428591985111276,0.03926681261882841,0
1,1,0,0,185.00863912241834,0.6097689707707773,0.07555472745792174,0.054588234597516314,0
0,0,5,0,225.54714368089483,0.9736781772221186,0.545503616194979,0.14217313240796636,0
15,1,3,0,206.29499952443064,0.8250301317036288,1.3185888623899664,0.028702488244335782,0
2,0,0,0,207.85733264679993,0.8211891730394681,0.23994815416446214,0.007914772797286165,0
13,7,17,0,33.6765596397669,0.02722966451816157,15.972611008013128,0.8531072490152461,1
19,2,2,0,262.22817884437967,0.7735545549846076,0.6567652453764934,0.45484897824749104,0
14,0,2,0,182.3218030530372,0.68964452887629,1.116920534947638,0.16704516793662147,0
16,2,5,0,89.94806405180152,0.8393846301216256,0.5098051560938411,0.38140878451475324,0
10,5,19,1,107.9321342176985,0.4653906443906638,5.358935262293468,0.720287896675233,1
1,3,14,3,47.92443029559999,0.10051868466972537,9.728684873169849,0.7903660000454796,1
5,1,1,0,204.27106129408565,0.9218788353366986,0.28176197396559016,0.14590829784847678,0
2,5,13,2,34.32701023828094,0.22319065226562498,32.60021102912998,0.6581566128715917,1
4,1,2,0,160.16219809216,0.6768645522036332,1.1698542042348097,0.18979957143301987,0
16,1,1,0,133.3026188837921,0.8272134716878897,0.24700249569783503,0.0537191010755813,0
23,1,0,0,230.0376316668342,0.7634156370065871,0.07625017120447716,0.17476139655187484,0
6,0,2,0,171.52389078219045,0.8952316382417893,0.1717274167703715,0.019982314798498626,0
22,0,1,0,202.78780170813633,0.7657410727303572,0.6108622374787557,0.03662818592242366,0
5,1,1,0,155.64624958407018,0.6503514315689057,0.20935279184267155,0.017775961270527888,0
12,5,17,0,60.92218683522966,0.09337127288336239,5.665894626493646,0.898550142331612,1
10,1,3,0,279.57163040816135,0.9515927230360162,0.5332873200088851,0.08474493148563063,0
19,0,2,0,286.0874621396763,0.8216273893092242,0.20974629345644474,0.037411984242138735,0
17,0,0,0,142.01660005245762,0.8643434065713916,0.4014453551178408,0.20739370614424318,0
22,3,1,0,143.1988043136078,0.6995140915173883,0.7368276189256707,0.026124748367447145,0
16,0,3,0,168.0830275818648,0.7743061695591943,0.014300276782001731,0.36381030431302236,0
8,0,4,0,269.17130215460264,0.7872844071724301,0.30149477342068626,0.09535930134201781,0
5,2,1,0,246.33722720842857,0.8534235151724251,0.010930554369239719,0.06800299007976253,0
3,1,0,0,104.92982891645444,0.5654438815474259,0.38268376968406154,0.04024950959513802,0
1,7,8,0,57.16847382771325,0.11346896046810939,14.52775547579828,0.5625938899737576,1
22,1,2,0,182.63136217805672,0.61434856025696,0.08334718516443575,0.08630508347996436,0
21,0,3,0,263.55492665379273,0.5429227677685317,0.22850292141713802,0.0059002919138435115,0
15,1,11,0,40.85850581027205,0.07762031978369258,0.7102478558731297,0.5167711442949764,1
14,1,1,0,263.6166410395455,0.9263454066891466,0.46229889154488046,0.24155698221203564,0
6,0,0,0,173.89512483980997,0.7897350480720389,0.028156641338218363,0.0447453255730305,0
3,0,2,0,145.8283447359171,0.6001283623753406,0.4572190732087396,0.0025395470248177152,0
15,2,2,0,164.939804914651,0.9194523605992659,1.6923786899525806,0.008542004667429774,0
19,2,0,0,265.3117974499798,0.6403720119761439,0.041775789746595585,0.05387437009348479,0
19,0,4,0,103.27675706269852,0.8081722279020643,0.005059466250291549,0.013484893681317124,0
20,0,1,0,203.1057182118147,0.7275493650512465,1.9194799921096448,0.03199020978175336,0
0,3,1,0,83.6892159105864,0.7971237832618071,0.7658305035312191,0.020911937721742,0
5,0,1,0,185.09707351773721,0.9352405341836032,0.32724774641045934,0.011046196022143785,0
16,1,2,0,137.0003543792253,0.9563803362480665,0.6773744014332367,0.022266277479302203,0
9,1,2,0,157.59101908825966,0.8776799299055137,0.17996125924292464,0.13441809247962996,0
20,1,3,0,153.35134954758377,0.9261037895736663,0.11245049924217364,0.014239612215052481,0
3,0,3,0,202.19755599933222,0.7273783278835884,1.937458726770228,6.134972003163291e-05,0
7,0,2,0,96.38548420229691,0.8202629782214208,0.01836033065843619,0.1367870050614141,0
1,1,0,0,246.68521252292268,0.7762807079049624,0.7485660204770279,0.025427936325181293,0
23,0,2,0,119.50222739711047,0.6737216889940463,0.22959067934879834,0.11857206454406767,0
17,0,3,0,183.96412103558953,0.5821086834062668,0.9485162485987053,0.08289125049233476,0
1,0,2,0,202.2186476254623,0.5475031831235434,0.040337423217327466,0.2236393378988824,0
8,1,3,0,127.41466617236907,0.8250845541490337,0.19160753075090825,0.15874092789390493,0
4,2,1,0,20.0,0.7989283726620138,0.8087260046128383,0.41191932134112624,0
12,0,2,0,270.7528335940161,0.6868599310076642,0.5504734884682659,0.03599853981827244,0
12,1,1,0,248.74817232272733,0.9345130672313893,0.09014610891148556,0.12905441090868996,0
10,9,14,2,7.831348890729103,0.40283686493948606,38.59125062322153,0.8591274685367294,1
23,1,0,0,136.3441000339518,0.9643092872672143,0.2855361918261077,0.07090692558858877,0
3,1,0,0,199.6692527306702,0.7502250522096829,1.2157899829009997,0.028926678867094827,0
8,0,2,0,199.0639972998194,0.8038717212506428,2.3537203508536906,0.02479565987438988,0
9,1,2,0,113.6241030240757,0.5006165216402564,0.1367375179688543,0.05848917704054299,0
10,0,1,0,196.70550422102227,0.9654052396306879,1.0649470244408163,0.10656953782908787,0
22,1,2,0,238.68988387570255,0.7864391017264352,0.10950859011234203,0.040125361713498606,0
4,0,2,0,184.95271021512576,0.9130325259253707,0.22219928020763174,0.2857884432185368,0
22,0,2,0,176.65576236668727,0.761112414147037,0.04558392820505354,0.17561615627477184,0
11,0,1,0,99.83101072725518,0.7363070817857186,0.2498962233435093,0.05857491507609332,0
15,5,12,2,39.72871983022731,0.1767296042818265,2.037188167952574,0.9458955581614388,1
23,0,3,0,189.7018434959267,0.8301197411387404,0.5709668898235917,0.19655232574009462,0
16,2,0,0,173.5746999007805,0.7902062197780875,0.17696333972852896,0.09649293547156984,0
12,0,2,0,209.82787767356595,0.9569644674600161,0.16572420350762182,0.13359624850787574,0
9,9,13,3,38.5966843501478,0.25333812497846964,15.27418019542901,0.9145189182662681,1
0,8,8,3,0.0,0.6388359368136588,10.130413823438419,0.6191364453041639,1
9,1,1,0,210.27116743234365,0.9873702819901881,0.47768285418609024,0.10187757520527338,0
5,2,6,0,206.3417565776433,0.8190260313228678,0.06346915253630056,0.005697273888766508,0
13,0,2,0,152.57706610069584,0.6925512698562354,0.2167606305630193,0.07551889494893643,0
6,1,3,0,174.61894402848915,0.8670282351323244,0.48622615840815014,0.03304639438055054,0
4,1,6,0,188.45657499487064,0.8753622620264032,0.22098501527822376,0.16253715674466124,0
4,2,1,0,223.16985711636266,0.7607176386939225,0.09370290985397482,0.12769754746004816,0
3,0,3,0,206.72388030238173,0.77933549923737,0.09696196805895768,0.007902997408073412,0
6,5,21,0,47.266149170322706,0.29141913811503833,4.458925490141737,0.8818773275287136,1
18,2,2,0,229.0950652786312,0.9013012988706748,0.5799073949758152,0.0525434996765242,0
15,1,5,0,166.17375883411262,0.7166207986082334,0.8373605353877754,0.020999853016665532,0
23,0,4,0,144.05388872156905,0.5317452569450334,0.15142285505703923,0.0075482996440748434,0
20,0,1,0,212.72083209774033,0.7964020400299684,0.25957501417509554,0.04326920405706427,0
18,3,2,0,167.70585845496342,0.7054899375799024,0.6386609158837004,0.06968648553780292,0
20,2,0,0,220.6613248405531,0.4669500739149943,1.3439316881818408,0.28034418014671797,0
13,0,5,0,140.85715140051684,0.727497277333508,0.2530272101678256,0.3218811796120656,0
14,1,0,0,237.35101412037258,0.69086315632029,0.3925677877663328,0.05806467133776651,0
0,1,5,0,337.5880583102251,0.5755465200826935,0.6815876775839959,0.40241137859144016,0
1,11,13,0,47.39948611640313,0.18986032582652157,0.046688104864075736,0.8659224254961227,1
0,1,1,0,128.65575437753503,0.7788834796134162,0.1033821325666091,0.10086648834071481,0
0,7,17,1,0.0,0.06660042861113674,1.8336591868601695,0.8087248583056971,1
2,2,1,0,154.04099012381633,0.8520713352370493,0.3447463406968704,0.5258408280796015,0
18,4,14,4,95.62953614678568,0.07626962248650213,11.71178932387806,0.9528733491743699,1
5,1,2,0,141.98926067449366,0.8746614769715769,1.7801801510430073,0.02391881230168679,0
21,0,1,0,79.39879245405554,0.855941087423148,0.3287383270772537,0.08030308067144165,0
17,5,14,0,17.844547062816485,0.09943556448652183,27.112315210428577,0.6865883830279892,1
23,2,4,0,161.3052943818725,0.7321336457226689,0.5873177260561732,0.012351121579760187,0
3,0,1,0,137.90373144279334,0.7192522604087699,1.06101660766686,0.010412943234309333,0
1,1,5,0,237.838595149335,0.867619350214506,0.27442180942239547,0.18400388238787352,0
23,2,1,0,161.05512224392703,0.8134711520736928,0.5161913032158868,0.1140083739020506,0
18,0,2,0,197.92603709824988,0.986704033752003,0.782149166044826,0.0611840724329531,0
18,2,1,0,182.116905891093,0.7070157799738266,0.6933337868590084,0.008161373627760232,0
7,0,3,0,242.85809262630875,0.8261052762826497,0.4868967023206552,0.03581806269782833,0
7,1,2,0,232.34172549679855,0.5093019391950369,0.10506332417694157,0.14741048295979536,0
23,0,4,0,145.14262059263064,0.5550313144418145,1.3314936200479643,0.0011193253971020366,0
16,2,2,0,259.90591022024194,0.8989527703555072,0.4810464107140875,0.06778284422140081,0
12,7,14,1,53.9072875746469,0.04309715793780851,10.827928912421662,0.7076524304639535,1
15,0,3,0,182.53953117336437,0.8304395276842881,1.5536188476348776,0.06521226859827628,0
13,6,22,2,94.16280240691137,0.5936827083329106,7.515274322464186,0.647607302342446,1
11,1,4,0,154.5234960083052,0.7808143214980716,0.3604342002438589,0.0529035178723654,0
23,0,3,0,212.52643744676956,0.801966076468821,0.4403778370768587,0.14094739833600972,0
14,8,16,4,76.8658036742279,0.06722559436029801,10.842443421849476,0.6996823410415904,1
10,1,2,0,271.3737641621995,0.7688551806397803,0.01299144797962871,0.027023144352157514,0
7,0,4,0,149.5318528283367,0.9366508474047528,0.11817879907615174,0.1200138877532767,0
18,7,10,1,51.36732893023205,0.19441963644870566,17.018448860952574,0.5862480293256334,1
8,2,4,0,118.1355490177213,0.7489791408875387,0.5254164704406135,0.008077802321917025,0
7,6,18,2,58.16948655861069,0.33136237912315003,4.657482155922891,0.5566226652051605,1
1,0,0,0,212.4300786916675,0.7713747609831527,0.025814250380025456,0.11565689734278968,0
3,4,14,1,2.138943690971786,0.18446514399386257,2.129026765655933,0.8408408372575205,1
9,2,1,0,126.97324269484052,0.5779603180219866,0.1653978658968041,0.13929892865784574,0
16,0,4,0,172.72138018507462,0.7858172164656793,2.191885319855753,0.13036400509951138,0
19,0,2,0,306.6142110683474,0.9078285121494268,0.2450569678522576,0.3502640313050779,0
3,7,18,4,20.90907355649407,0.2230167135145682,14.555676530358381,0.4975645423382914,1
12,3,2,0,151.50060979676235,0.566720378091065,0.2509287441349156,0.048807800207102,0
9,2,4,0,176.02170427259816,0.6521934056141347,0.20468495000583625,0.15245422185763846,0
1,0,3,0,177.1162087567018,0.7742650395903702,0.5864748220835307,0.08169215842620103,0
4,1,3,0,155.52718720584932,0.9164511917609979,1.0560368373020614,0.021076531868012865,0
8,0,2,0,152.45404804565467,0.8042798355253532,0.051209705656101036,0.04998954121176921,0
2,1,3,0,325.33115681800695,0.805086900608438,0.7434773492497089,0.057851068530660736,0
16,0,3,0,188.18415980669891,0.7228129118245031,0.32197816958406494,0.06171221683488443,0
3,0,0,0,241.75211277166832,0.8217662853374803,0.9040388023335223,0.038683171753017484,0
9,5,16,1,68.81979347332836,0.22396380697888965,2.184790786475287,0.5315289901791336,1
14,1,1,0,253.1093953081936,0.8749535968796588,0.670056273542925,0.2177899087912042,0
7,6,14,3,8.006373166937635,0.5134615459876192,5.207303215244389,0.7148610161152481,1
8,6,15,2,38.3678736881627,0.13524995551075594,1.343949716341146,0.7191435549247156,1
13,1,5,0,193.15861884732487,0.9127542520061106,0.49780089233538294,0.1365321566808672,0
22,1,3,0,137.56466368585995,0.8846388409347329,0.0574604707950662,0.21025496900124716,0
14,0,1,0,154.61948037546105,0.6597266211482626,0.2416744397615963,0.24083557237761552,0
1,0,0,0,220.06741079240973,0.76825361582661,1.062285038158446,0.2877539733156943,0
0,0,1,0,251.1326002356593,0.8527709975205977,0.1599020046031413,0.14488832754954317,0
2,8,16,3,68.20536311600083,0.26895806585031684,0.5307537624871914,0.7870274034058473,1
5,2,1,0,73.90881003522627,0.8894565928382784,0.5249127416838246,0.025267281647921844,0
22,1,2,0,162.13518455343004,0.7761099540410705,0.011773485295906884,0.3855792806446147,0
19,0,1,0,233.73303180783557,0.8268650594926296,0.5567176472360681,0.0565811261917091,0
6,0,2,0,145.57955248820954,0.887929381671482,0.12430940770164244,0.005350011235979326,0
19,5,16,0,52.49227171109454,0.15260513744853654,9.810003601073458,0.578846413791805,1
22,0,2,0,218.95986673677186,0.9688536377169978,0.11864253438038584,0.054948795251041904,0
1,1,0,0,161.40178369246635,0.7681079802845421,0.3774762571203243,0.08915774876810968,0
19,3,0,0,104.77380699944047,0.7389021529585662,0.478997979971909,0.012243787894757633,0
20,2,1,0,122.14235892350091,0.6779188764214139,1.143906401872348,0.07539704803077162,0
0,0,1,0,177.60185465091996,0.6896858287558724,1.1933021915930508,0.009260073835443566,0
12,0,3,0,109.43609466503975,0.764648026093515,0.12025386958890077,0.09017636136949285,0
5,1,1,0,154.09565012224817,0.9299292171823685,0.1218710077084445,0.06462791625578287,0
21,2,1,0,160.5507113407412,0.8669219313497807,1.8084363171837834,0.08928636792100804,0
18,2,3,0,70.09926361649488,0.9423936786696586,0.5869453546564898,0.2799963338972969,0
18,0,1,0,148.46352772509772,0.6715137300427984,0.5538032490293887,0.046436590958506864,0
17,0,2,0,48.675054293282585,0.8677388036684619,0.08195292352930754,0.005342387532531791,0
20,1,0,0,274.77790468851657,0.9703320219158122,0.9364888157021446,0.06441311279020655,0
7,7,13,1,90.2503976821487,0.127409347025501,2.0425036950583007,0.885944697587273,1
22,0,1,0,274.8719277215048,0.9691384141138105,0.11082325306491615,0.10069193603862606,0
3,1,4,0,181.24516439163088,0.985861492149939,0.9733061286289824,0.15748434766623898,0
0,4,1,0,184.3555394545858,0.7802086915057043,0.5645099937481525,0.07420361485003937,0
18,8,14,1,67.38960268001829,0.22434678860602753,6.792413934996678,0.6078795061762721,1
17,2,3,0,168.05723164105987,0.7372122501448092,1.2152539333977062,0.09160139913165101,0
14,6,20,2,23.330106348533675,0.2100087208182611,6.797202078047994,0.8608590439575701,1
11,4,3,0,175.6330046504594,0.8331967032301201,1.6869538025910915,0.011124914818986082,0
12,1,1,0,187.06017748220515,0.7708570373607888,0.3975468173813389,0.14080443601680398,0
8,2,2,0,172.2684365135653,0.7046987664185859,0.31449294819696216,0.09283386488756325,0
9,5,10,1,0.0,0.39033688872371824,5.534491403607459,0.9116710195171532,1
4,1,2,0,195.6081695473903,0.8124200648087792,1.874209188342808,0.17296766355993226,0
11,1,1,0,180.19310253226666,0.8595128856234904,0.8357797799551755,0.038789836821053005,0
6,0,4,0,116.72991555683438,0.8252621461977702,0.20471311522842628,0.08251738108375299,0
3,0,2,0,158.49991292834454,0.7710157711141469,0.5113554652785214,0.058866315872875455,0
2,0,3,0,100.7334034236375,0.7946345243056362,0.9596428165593324,0.06868043333609472,0
11,7,16,6,50.9515718833223,0.3388786462713957,9.842460666021413,0.7623818534513803,1
1,1,2,0,237.55550399519873,0.928003628513133,0.08721582922381091,0.17132616234676043,0
15,1,1,0,168.29335134917798,0.8711416074588259,0.5928415012345797,0.15704749131960422,0
22,3,17,2,8.826803349257194,0.09334680313956106,1.6464551372073093,0.6254769706332189,1
5,1,6,0,144.9315759971601,0.8814072798098218,0.32399915178802885,0.01725929838113573,0
21,0,0,0,238.26027022404574,0.9696318484098816,0.04181316212505087,0.05770827249177846,0
10,1,2,0,88.35638627201885,0.8003166351309278,0.4775925773284835,0.02605317706797435,0
22,0,1,0,93.12039564236844,0.8029587092254823,0.09768135484063943,0.010643730306381266,0
2,0,3,0,175.24500940631359,0.9455899106615993,0.02779904332412629,0.15930788752372882,0
22,2,2,0,87.07209764871169,0.9025994905963308,0.3418227135887089,0.03938073832526807,0
21,1,1,0,152.82734692389957,0.8217379365246897,0.18358508722516076,0.4568290462450129,0
17,2,4,0,190.80287495827997,0.7931346706845465,0.13002693427101486,0.04206144995388445,0
1,0,0,0,171.15626554074956,0.908664067437871,0.8869934988113488,0.13347642310576885,0
18,1,4,0,98.87099197793101,0.8660476304837896,0.6571508162158033,0.012702302784230634,0
10,0,3,0,86.0870119521466,0.8753445765303414,0.24555261931549868,0.11318705153781777,0
18,0,3,0,208.16825825986777,0.8793338203161429,0.2602652643475428,0.30954802883563937,0
4,0,2,0,207.170487053539,0.7845115638325838,0.08726154215187566,0.029423294243843094,0
0,0,3,0,148.83730590896116,0.6892168309118751,0.06246628137417315,0.11751010610288744,0
7,3,3,0,177.38395589479538,0.4758379233258618,0.09255300662066132,0.13797795842113797,0
5,1,2,0,229.49946500085937,0.7992711255823122,1.753648019383785,0.15449393309995746,0
23,0,0,0,189.82028683973573,0.9085500249926396,0.609076664276462,0.170374590418484,0
20,1,2,0,167.3245760039427,0.7167152892805952,0.21481626671834553,0.036782713854454994,0
4,2,1,0,294.48812573242157,0.9394218083069963,0.393632733019805,0.08285906912387726,0
12,1,1,0,236.9338382845922,0.6339124613736873,0.2076630431406022,0.2856278510205174,0
2,0,1,0,220.8240810071922,0.8838644025272305,0.0016515773810950002,0.011988346694979106,0
0,3,2,0,285.2520731559242,0.8349401685548993,0.07245607508083368,0.09133753796863338,0
12,1,1,0,174.7968724150503,0.46358826113167245,1.9071313333687752,0.10102240316803612,0
9,1,2,0,212.25274304774246,0.9678245572612802,0.0856663564406848,0.40792631342639113,0
20,1,1,0,279.8496949737836,0.6145169405676815,0.5006013740834564,0.22061979019667416,0
19,1,2,0,279.38201828514866,0.7703356906828088,0.10562782897857995,0.11187149354538745,0
12,5,13,1,55.65844359311946,0.07053817347762345,2.16645300190232,0.9000643321343332,1
4,0,1,0,225.9679047344222,0.8819046347573373,2.248397327192631,0.015029842101171125,0
10,1,4,0,211.54333686593014,0.8299964451212944,1.4551807718743215,0.32068674623635185,0
11,0,2,0,215.85245674480538,0.722805652216723,1.4029822832011993,0.06844224366168992,0
15,0,0,0,208.82575620196016,0.80471126694589,0.6761845950638266,0.09848955825516531,0
20,2,0,0,117.571341938562,0.5899079051949304,0.2630093257499803,0.02237713805493158,0
18,3,2,0,287.7378169678832,0.8317308926992154,0.06826394112938364,0.049782047213191856,0
15,2,0,0,30.204012296216945,0.9652394173549687,0.9135326923226937,0.0032752878667649797,0
3,2,3,0,261.05438608422395,0.658810621781508,0.22294466146522263,0.3005770096646409,0
11,0,2,0,343.23138764625344,0.9312886942891843,0.27016842758269205,0.24043255151684867,0
15,1,0,0,195.3157626337636,0.8249417986092,0.40982797524087355,0.08704174265637002,0
15,11,13,1,31.360553101313272,0.32187414793800273,3.976279631931806,0.6915787610113847,1
8,6,14,1,54.101353929288834,0.37709260222168833,38.69825246117663,0.9648428939571019,1
23,0,5,0,254.62471883848602,0.7308817389966599,0.5224510118239816,0.17989928173068453,0
9,1,1,0,177.5657271969169,0.8507437626703139,0.5566982370587001,0.005999810988955562,0
14,7,16,1,24.270124266496076,0.24913940301284274,1.2983544085953058,0.9124108023616719,1
13,0,3,0,159.28190307745885,0.8435972154500258,0.11807440221300829,0.06066995321978642,0
19,1,2,0,112.92619479603914,0.7343117720586044,0.30023026124329805,0.040673748372000655,0
18,1,6,0,176.04696687271266,0.6840671048914961,0.47109774789221315,0.4193495461505761,0
23,1,6,0,157.93700620721398,0.8834744014170477,0.09601430701411195,0.006674483266836116,0
6,1,1,0,199.5430301512095,0.8579311221075201,0.8378013519653844,0.014287946100717607,0
7,2,2,0,115.80965189033472,0.792294606771787,0.9480286060454957,0.16137334863955322,0
22,4,18,2,45.4072226789713,0.19576707644207347,4.793918828753023,0.7357950742379421,1
5,5,16,0,48.93706410344416,0.0052895095231677005,3.2056675402852903,0.8081217614380697,1
23,1,16,1,90.93666000807778,0.2241049430056542,2.369141033002813,0.8714983197362979,1
4,9,20,0,41.09974229317822,0.133251928342861,17.12321349648013,0.6038802309914969,1
21,1,1,0,167.46160861940103,0.7527199504309536,0.27539900427060243,0.0295493929561031,0
9,0,2,0,79.95757629340048,0.8943008651969288,0.3864761487525618,0.2011767254567898,0
12,1,1,0,123.31903801073898,0.9612206365399373,0.24764519181294034,0.08144808364760885,0
11,1,5,0,192.5344056782493,0.7479024932920597,0.3234805822469356,0.033654656298689314,0
10,3,3,0,89.22184217993582,0.9097625448243829,0.47578350563016364,0.4047776559197402,0
14,4,2,0,205.92710527308165,0.9430421599454499,0.4584047604456466,0.10533635119972636,0
12,1,3,0,236.6582806738348,0.8607246618606055,0.16858996795740727,0.07988982093003677,0
3,2,3,0,213.2966161209559,0.6270919941560573,0.24578536212338195,0.24812415235562235,0
15,0,1,0,143.39672701684455,0.8866543269723983,0.1988886736141757,0.045142633453735204,0
10,1,2,0,239.28789151360016,0.7214675179895802,1.0271645011033097,0.012711198073645114,0
8,6,13,1,3.5945927781810667,0.03737270374772642,5.611789862734223,0.7815921058575072,1
15,0,0,0,201.40909310783772,0.8171355783162805,0.9197710713447743,0.13585617293022612,0
19,0,4,0,172.0124843435,0.7227817015210419,0.11604278373019315,0.0036421351852534084,0
19,3,20,1,39.502533513695255,0.3682030500204314,1.4846430306250795,0.7733952935587295,1
22,0,1,0,255.55397441222885,0.8291279303623024,0.15836579973055157,0.013737716744579322,0
19,2,0,0,200.71622788563326,0.8713905084379174,0.5279409546883246,0.03377905673099473,0
19,1,1,0,81.24813149752858,0.7331300232265465,0.4147549813052894,0.14589052938752922,0
22,7,13,0,20.6948265052119,0.18259781786871443,33.052977279595744,0.8300051553544753,1
7,0,3,0,174.67721815727793,0.8674673428403578,0.582520066981486,0.07068856500264752,0
10,6,11,0,50.04903676148166,0.4080168393327914,3.2464588944642947,0.7392693428528316,1
15,1,2,0,189.87697769373133,0.6986401169106641,0.3646221700309887,0.19658027056249844,0
1,1,3,0,173.44450001805748,0.8307839503993454,0.7780120887345252,0.001089166956870684,0
19,0,1,0,148.69597038422307,0.760164655854866,0.41664265165352943,0.13353847997601073,0
19,1,1,0,230.1417538836564,0.8499855626994657,0.16116088231231387,0.056067983202104245,0
6,5,21,3,39.85114293236843,0.385903424975126,3.30889230260026,0.7538935220745304,1
23,0,3,0,156.47600836955314,0.9612686844572718,0.184129762007548,0.0893666941293145,0
12,0,0,0,237.97750672156752,0.5957739439718088,0.564041404811264,0.15367956903599028,0
4,1,2,0,191.30782561252371,0.8546607043654534,0.4509091652436119,0.34980525299000215,0
10,2,5,0,108.60370598283541,0.9111213514870209,0.08900014444538519,0.13012313864021338,0
19,2,2,0,124.50873366542277,0.9686214913592904,0.04024983584040471,0.08358528589041653,0
0,2,3,0,140.0396500851446,0.5421683686307806,0.004429984814560021,0.024875040567311813,0
17,2,1,0,160.50271648681803,0.8462894658476774,0.11537303015204775,0.09747217683122386,0
7,1,3,0,128.57379333175663,0.8174872229547115,0.3321098829358114,0.005527283185515969,0
11,1,2,0,196.34802455347142,0.6511069752913444,0.7831821081941512,0.10640743355355169,0
14,1,3,0,306.1063728908618,0.7134158402619436,0.7929041058748308,0.05009559879295089,0
7,1,0,0,156.18797431637898,0.8772365515514657,0.07304161270140834,0.0995461880614763,0
18,1,2,0,173.47764189253414,0.8061920309348866,1.2297581245496414,0.0019213570719310076,0
1,2,3,0,189.05441741556115,0.8404180003475179,0.7905256798105951,0.1520871024449585,0
21,0,2,0,171.9768312359526,0.4711475213219872,1.0187501536103347,0.22691074586630572,0
12,3,2,0,190.86028567003194,0.8190628090687764,0.47713822734833494,0.08967140635189655,0
18,0,3,0,88.18641350442284,0.8678733960721718,0.8202030377787829,0.05060058211351241,0
6,4,0,0,117.2474315586343,0.7882084271536064,0.6189423164949021,0.36786184881837125,0
13,7,12,0,76.04361341936746,0.20793518251621249,0.16711503891572008,0.9402700090283057,1
22,1,1,0,50.98015046346427,0.9554220538146713,0.7298080884242197,0.11305915361519611,0
20,5,13,0,19.908272263846612,0.10487708432074642,5.021312736858624,0.7695687017527427,1
19,1,1,0,194.4834076798669,0.8154055383415099,0.5649320876840473,0.2636272159922172,0
10,2,2,0,232.46453468111142,0.7859406620233902,0.6142608696691231,0.12397872013136228,0
22,1,2,0,233.74893884971766,0.7870127557893449,1.658719934927608,0.07327911148384184,0
22,1,1,0,178.15489296820658,0.8356889703834303,0.381826185267738,0.02265825094385137,0
18,0,1,0,168.8383031062633,0.9798679257548177,0.455872785739274,0.23787263552103158,0
10,5,10,1,4.4056974950785985,0.2987103095608552,14.751899087707644,0.8051060924042677,1
19,11,12,1,55.452035112157084,0.4248470287977211,0.4720542749212492,0.8865598858682292,1
14,2,4,0,244.79013473998077,0.7157205039817943,0.8242315867524801,0.03281961300929464,0
18,3,2,0,169.17061267964084,0.7948020881099341,1.4181582595034157,0.04062567062326962,0
11,0,2,0,204.59468550587317,0.7374578816614629,0.6037755329610988,0.009391891751988173,0
22,3,4,0,148.53990788402152,0.577415999425408,0.4206837167630862,0.10206789270243324,0
0,0,1,0,233.68086052265838,0.5651401967186315,0.10828874764611128,0.04407935055451676,0
1,1,0,0,127.66567365595792,0.9196134089600558,1.40136250181968,0.20014477862188262,0
5,2,3,0,258.592357371971,0.8513544764435247,0.12420003067705594,0.16511399463302312,0
3,5,17,3,59.89669681469515,0.15289139810005065,3.69612650619096,0.5332414656847883,1
0,2,17,4,51.65740681422061,0.5068846215955904,4.483386342090124,0.8203900455065157,1
11,8,16,3,11.950821011740661,0.37907059681315525,27.57510034699417,0.7178757389311743,1
4,0,2,0,272.57430096471546,0.8575360959065322,0.02969632779036408,0.04130508538330532,0
12,1,1,0,120.074158337332,0.9544773364540481,0.30309820269546534,0.11433946768041996,0
23,0,0,0,203.23451560068239,0.5868612095614364,1.3259028642849302,0.04476999112120303,0
20,2,2,0,172.86170963257374,0.8827691498162482,0.07445413831112647,0.0001270094766202896,0
0,5,12,1,121.99441172099081,0.5236211224816347,6.3349433639697725,0.8419505385607682,1
16,3,16,3,58.218860716106335,0.4976407350326811,2.379870721656304,0.6983767862830373,1
10,1,4,0,170.44278417899014,0.7468454793791267,0.21955699873431897,0.35108535207679514,0
21,1,2,0,155.35029187723055,0.7116430214636816,0.007240766868016975,0.009825305124101954,0
5,1,6,0,20.0,0.8265062855629419,0.6908694410928558,0.010411684450592387,0
4,2,1,0,257.48953748108363,0.8377640579707456,0.1964989896997725,0.18907307127965967,0
7,1,1,0,220.1873211534758,0.715558289173111,1.4951588301368022,0.173049920386855,0
21,2,3,0,175.9291538229801,0.8131750221618914,0.03815103871587784,0.05488458103474771,0
18,3,2,0,322.26279171411056,0.3860646640224719,0.4209525220896048,0.06371514544471929,0
10,0,1,0,239.51591781127468,0.9385462002030812,0.31511374813016674,0.024798323549142267,0
22,1,1,0,76.43858569408854,0.9903451619684811,0.18182996105446964,0.07214380736899204,0
2,1,4,0,155.83764627559222,0.937297878304516,0.04377613358108275,0.11066932549171553,0
5,1,2,0,238.61597721327124,0.8596365238646111,0.07714408140320385,0.3465084267406421,0
17,0,4,0,210.14648911240343,0.7028384118726887,0.04637074360488956,0.18964488761010403,0
15,4,13,1,43.35506206865547,0.19199277504119994,13.352524002475237,0.6469887392160878,1
3,2,2,0,70.07382372720829,0.9571306467370931,0.44049145039065574,0.02671239867922083,0
17,0,2,0,125.69272847318288,0.9552132545438939,1.4775924712666093,0.02377427392920642,0
1,1,3,0,166.3997496722188,0.7794825172655153,0.1291094860993732,0.07690237213704462,0
5,8,18,0,25.968573535416485,0.3651660415898537,9.887405874637647,0.5317583599915113,1
9,4,3,0,117.60033876329841,0.7061455433501476,0.04760930139479073,0.043004116980623314,0
9,0,0,0,161.6559370720749,0.8434790692999025,0.8660543906468464,0.013902244465315133,0
18,0,0,0,204.45546428741278,0.59899475971567,0.9693810726766464,0.12626773073562672,0
11,1,2,0,143.22625372979132,0.8583305666533886,0.7119477524747655,0.15704632856341347,0
6,0,3,0,132.9368108498926,0.8582497397171452,0.13603708097538791,0.16784160223058536,0
4,1,2,0,218.32784917367348,0.8138640205850801,0.20754762874039137,0.2797545771579532,0
10,0,0,0,196.86071419320726,0.9066003591589862,2.118518161472273,0.0456480370212035,0
22,1,2,0,61.91055175598606,0.8096886807073932,2.3939388980633196,0.03786343455174087,0
1,7,16,2,36.57391633567286,0.07961435166955481,17.361793478389753,0.8983933099747277,1
20,8,12,1,33.55138767217221,0.248090347927265,0.5074651966406575,0.7646375699080793,1
3,1,3,0,118.2514827549594,0.8597002978129722,0.4264253655339292,0.03430689819962279,0
0,0,3,0,150.00763095827153,0.8452507971797681,0.7160771802947344,0.10011209401167033,0
23,0,5,0,257.62967061146287,0.6297457688111956,1.0263732191927515,0.2855897661100188,0
8,1,2,0,196.91183030759638,0.702286667264401,0.023659252308835536,0.007781428939440263,0
16,1,11,1,27.991770849113728,0.22015643504296087,1.1878629439718422,0.950169832406624,1
3,2,2,0,293.00326712503124,0.966932518948728,0.058055529968174535,0.12241040592546022,0
17,0,2,0,203.62020563114083,0.9530082245779943,0.0239503812347007,0.07522896320527005,0
7,1,3,0,104.33381798412202,0.528327934871062,0.3199897713308687,0.010207486819957347,0
0,1,0,0,242.66747243008325,0.9208638299432499,0.7383721007939472,0.12046262196518466,0
15,1,2,0,313.12123047880004,0.8430049709379661,0.3505647577370937,0.2066999066345721,0
7,2,2,0,124.44107845449903,0.7686602704393539,0.29493681408824673,0.17639561632601597,0
21,0,2,0,148.5245669818789,0.8757641819645859,0.47450168647196933,0.04206561637488724,0
12,2,2,0,190.12378727349412,0.8706438561397323,0.2220028812794698,0.20770482393181264,0
22,2,2,0,185.11650539796287,0.7003710691704239,0.4599899867305373,0.18327243683674524,0
17,3,1,0,236.9788490901659,0.7855933434595859,0.03900414062740468,0.15458380911204886,0
5,0,3,0,200.26243739327802,0.8357445134271618,0.05963300899835797,0.07143565941743857,0
15,1,0,0,137.1235617808577,0.8142455215752786,0.3138602050786923,0.011015144996517618,0
0,0,5,0,272.38870514472455,0.9376633488534675,1.3855966125386592,0.031149188629938325,0
20,0,4,0,210.50034710513185,0.7328014414392015,0.19721734403373337,0.1401634262647161,0
22,1,1,0,271.6547505513037,0.8844357182375963,0.321925607077151,0.1097578919600735,0
4,0,0,0,195.30626794335433,0.8391880400794903,0.3923433817638248,0.07495876438265438,0
13,2,1,0,235.66732159726962,0.7672339173992736,0.37379405659554044,0.10869962425562318,0
18,9,13,0,72.09153879853551,0.10597772332897022,5.6373669687741454,0.7014560843506507,1
23,0,0,0,187.18051248456587,0.7334310197008255,0.007504417920517621,0.2669859469930217,0
5,0,2,0,189.93016038146206,0.9705236609114724,0.6896269396335518,0.004700185565934637,0
8,7,12,1,17.128267070674145,0.40068138865969827,1.9886568858724567,0.6187457365132152,1
8,0,1,0,178.78739484953616,0.9975746345624037,0.5442333745099498,0.08044979974780435,0
8,4,16,1,45.678970558230844,0.2887624166231679,10.256748015761502,0.6008529047401245,1
12,0,3,0,106.75822071619632,0.6600057681360028,0.7070001589335595,0.12274442556270422,0
17,0,0,0,187.0802023364097,0.9246428555731242,0.19104248047379338,0.06036504112074579,0
0,0,1,0,187.45628330710727,0.8957299437168187,0.05610135285587224,0.17352722087522962,0
17,1,1,0,213.4054037827937,0.8259256494081092,0.046530679480639645,0.01889863762108915,0
1,0,0,0,223.87099971102043,0.7997463609951097,0.024575371523860672,0.07940286151344501,0
12,2,0,0,209.46978511256708,0.7340630580266573,0.33869805864465125,0.0834373578716476,0
0,2,1,0,222.39253757057696,0.5912733132850155,0.41553119031484254,0.024835555565448957,0
18,2,5,0,193.19920120226797,0.8803411537643525,0.043037053713633366,0.20365058388822763,0
8,1,2,0,206.33283809542178,0.5596546225886027,0.4779372972204933,0.3100526027635472,0
11,1,1,0,240.276652083573,0.9031152280245414,0.024262574617447016,0.1079763068704637,0
22,0,2,0,122.14028076178698,0.5660994042325207,0.9489331944557198,0.5506763729249369,0
22,0,1,0,130.99590454495302,0.5943884591586767,0.08534521779699317,0.07862099420827613,0
20,0,3,0,117.95552414121697,0.6080404790152661,0.33568324518973247,0.05451526002323188,0
19,0,1,0,193.93311034987164,0.8997769063778264,0.1587680553956771,0.016377579531797148,0
11,2,1,0,118.78144025257062,0.9230394732389285,1.9979206978760797,0.2590423930905935,0
22,10,15,0,56.700371998220966,0.24190178906953727,4.786341176560859,0.8369593817170112,1
16,7,14,2,44.13191871505498,0.4093922854524211,1.3135736743773063,0.5128188052145124,1
22,6,14,1,23.886816893703646,0.23734911907453607,3.0390182519269815,0.7450075123822861,1
3,0,1,0,150.447713063179,0.8836598602548759,0.03229534152435945,0.036354822251472504,0
10,2,0,0,210.31136837509993,0.6442232711718856,0.1641750083707396,0.021191557805717787,0
5,1,3,0,228.22968570981706,0.5741988165116417,0.3256761677335722,0.013541859734406676,0
13,7,14,2,52.28456053848291,0.31548096462824177,21.993493179129082,0.7359483525228341,1
14,1,1,0,61.05421435127364,0.9354990815488254,0.14962269236484033,0.30652766918280244,0
1,0,1,0,126.69666486376265,0.980274049301585,1.756275505937786,0.006375918970800943,0
11,1,3,0,210.09033319226413,0.6330487609127237,0.3148012194641794,0.19533470479262985,0
3,6,17,0,24.589289900094755,0.24976907980676924,0.9070960711322799,0.9892350907829199,1
12,2,3,0,141.52191034330096,0.768777202234049,1.3973964897400593,0.025344620743078923,0
10,0,0,0,240.06600551075493,0.5541489810186646,1.1686328523354281,0.10222127727915062,0
7,2,3,0,118.29783155442011,0.805061587231975,0.5587271353557378,0.10853849789500844,0
2,1,2,0,106.22270922723193,0.9105286117140701,0.22885640355157685,0.23613024330109905,0
9,0,0,0,145.73469834454212,0.9065137929581377,0.020057775653655966,0.06278802505811888,0
23,1,2,0,311.47206648968995,0.7141895637474165,0.3552618094101579,0.11028522396225512,0
10,1,2,0,251.50951908096584,0.9116554759970902,1.252435811797377,0.03513211061851189,0
3,1,3,0,219.3804158297375,0.7267749384238966,0.11030626779713056,0.1692330459715284,0
18,4,13,1,91.7640362496399,0.6399362305129145,6.593627603975887,0.8233083710327518,1
22,0,4,0,201.84385136778417,0.5847906948217853,0.20864533996988202,0.017752509063826836,0
15,2,0,0,323.8164105920267,0.8925477842493633,0.025637721460568405,0.010212074175031635,0
18,2,2,0,209.98251544249342,0.8822285874024187,1.8742606628441099,0.17950793210647825,0
19,1,1,0,185.69026184940174,0.656782415378322,0.119674442833492,0.032375387019950304,0
7,0,4,0,120.46722487455125,0.6970315539404842,0.1033218999956489,0.17872192124994687,0
12,1,1,0,178.06372640310337,0.8232808511802946,0.10802065254552705,0.029246758653514966,0
23,0,1,0,234.10215408819516,0.9021152002103671,0.8962869612975566,0.06744430188943304,0
3,2,1,0,197.14481680747514,0.7301521451921553,0.6992941653257221,0.04646346969864336,0
12,1,2,0,107.00900095199403,0.823080460153182,1.2298844826697695,0.013453384755694473,0
20,3,3,0,251.05300520233703,0.8074503093303073,0.18132703952133225,0.2103435784017288,0
12,2,1,0,65.53052539160237,0.9455636815913043,0.8341861181561926,0.11953087742752574,0
15,0,2,0,73.27447284662178,0.46731067140177424,1.8742407213848271,0.026094695601552885,0
12,2,4,0,210.002973860308,0.5775121449344709,1.0254605464892188,0.09751881154281401,0
23,1,0,0,280.48129424827147,0.8209489723995116,0.2548451750170499,0.053371688925202145,0
2,1,3,0,224.04695518465599,0.6685900525603202,0.36599121485241415,0.1942638638327455,0
5,2,1,0,129.1460300258341,0.799726961107642,0.121928688518855,0.12912787691110425,0
3,1,1,0,177.6437028924135,0.702200618312723,0.054876722884964535,0.3890563711630935,0
8,4,9,2,32.75718430696307,0.48710531707711463,3.393824284693818,0.5740506825665951,1
22,0,1,0,224.02393724611335,0.8713343945520273,0.6764092217937744,0.37289023126995,0
9,0,1,0,112.93186948171025,0.6523016572765998,0.8858729531637468,0.061693257613925724,0
7,1,2,0,308.73255758438216,0.6598235527617639,0.18934876407587428,0.06674009215500196,0
15,6,14,0,70.83490973118266,0.14341908935500183,10.97420140162013,0.6899347916975689,1
17,0,2,0,298.13326905301284,0.8192896898848154,0.0595676784303444,0.15948088542395977,0
8,0,5,0,219.6450211458247,0.7949812787369299,0.015351098378302364,0.06790799383846122,0
2,0,2,0,113.33714243941232,0.8709223531539595,0.41016771700288135,0.2486058432977801,0
20,1,3,0,208.7921088804471,0.9145590998835865,0.5261695531307732,0.23524223209108527,0
7,0,2,0,252.2094735314127,0.9771016485012052,0.4621480799669187,0.12792421999949896,0
8,0,1,0,147.25993922463175,0.8398839991561234,0.039572540199481095,0.14824561681545415,0
4,0,3,0,242.8080271325274,0.7593057451086745,0.18453342842394238,0.05510750405070649,0
4,8,13,0,20.148021925920467,0.0863660223189268,3.4985849252915546,0.7646652028189611,1
4,4,16,2,52.75552592273532,0.16238791018905138,8.30759188373042,0.9357075509898026,1
18,2,0,0,145.3992216819452,0.907602912060021,0.30650578623904445,0.13344093836316115,0
12,2,3,0,288.8902512174252,0.8563867142128486,0.3530950205482321,0.010549607985196337,0
23,3,16,2,67.11873612584417,0.06937265926503212,22.931478823132206,0.9137697883469263,1
11,1,2,0,169.16633079802213,0.7415584467287659,0.8293651804593494,0.04822914173767973,0
20,2,3,0,59.88225597534398,0.9438048657648477,0.4665138775141601,0.011026208498061798,0
11,2,1,0,190.47874945682247,0.5870467281808714,0.026624490529688963,0.026611899522302952,0
0,6,14,1,17.34145302814349,0.4619611846273517,5.189272119620265,0.5437254610820905,1
17,1,5,0,244.89053371974768,0.7847799941540198,1.1263755826131372,0.04466139822272179,0
1,0,2,0,145.15338628801678,0.7403305067643402,0.06073293258874874,0.13998816799504873,0
8,0,3,0,291.0651998645321,0.8185440691064703,0.8007708790314104,0.03258414522821604,0
18,1,1,0,190.06050299604112,0.8325407166691591,0.016955702677778555,0.1576544024251201,0
17,7,17,0,0.0,0.42503620960201577,1.0121412282192042,0.7149906860310559,1
18,2,2,0,169.73605026424795,0.7672936538733797,0.2844873499341724,0.14308457346992012,0
14,0,1,0,130.49904180121268,0.7926117977026572,0.9633593676919853,0.15907101700528273,0
6,0,4,0,224.7583103396448,0.714063252867727,0.8672785222870795,0.04615403049040187,0
3,1,0,0,117.50946704328815,0.877375278803924,0.5752317319300605,0.2421780298581916,0
19,1,2,0,106.05559878448496,0.6954905338080674,1.3409574021856459,0.07210708494909093,0
2,1,3,0,215.47854976276935,0.9585361720627529,0.0922697805369399,0.004132901141534507,0
20,2,3,0,148.1248701480997,0.9095383480560242,0.38373980238797195,0.16286847294723267,0
5,2,0,0,80.86897413537412,0.9891666687130872,0.09451205331218088,0.41256018710625203,0
12,0,1,0,176.8523421524217,0.6034745224482371,0.06752200106784732,0.006082707873064145,0
20,2,1,0,209.9648719950895,0.8014487073910338,0.2313412854310372,0.03298697040439563,0
8,1,1,0,167.65136654512267,0.7311924401246481,0.19034821688597667,0.23382177535290782,0
23,2,15,2,59.55546497634671,0.3303551991031309,0.7100158884976047,0.7220653879766137,1
9,9,17,2,8.372545760149798,0.21678259038913503,2.485488128208943,0.47694320677948354,1
4,10,6,1,77.6915021799708,0.056131406875538394,11.285955451684897,0.6495696937555602,1
23,0,3,0,82.34604753185747,0.6316807402982632,0.906463648430023,0.18953362140420382,0
2,2,2,0,181.75455983157661,0.9508480066704381,0.4212625684320143,0.08448174575188579,0
11,1,3,0,150.53578725473835,0.8572281003756598,1.7998098651342354,0.14132234451553372,0
3,3,4,0,302.0281475511338,0.9748077369848123,0.7291214058542957,0.17623119296965797,0
12,0,3,0,72.91007166398393,0.853238079350969,0.7586576867138467,0.07439026751641876,0
12,2,3,0,61.47040689318345,0.8159803044361899,0.3745505387383304,0.06286434919845928,0
10,0,3,0,164.9674645303751,0.8780284600966874,1.5980849680209286,0.013392704966092834,0
17,6,17,0,43.88362787038947,0.26129522695900076,5.267048615495343,0.692626924342037,1
15,1,3,0,221.66381839585767,0.668832206813679,1.0095029852599136,0.007803321696554943,0
20,10,14,1,45.66564228643992,0.16398731757227225,4.60459474177706,0.7165084171543593,1
17,3,1,0,161.55726117071458,0.5416198268063688,0.09357222049014953,0.17828526566075606,0
11,0,2,0,179.53712352708416,0.950625113810132,0.008008936692182498,0.06724814243438561,0
9,2,3,0,142.2741772518292,0.8180253093016445,0.20651744996113924,0.06183383499992202,0
4,7,25,0,36.519985745005286,0.3543937902367391,4.955576696027228,0.8566057269517416,1
17,4,12,0,71.7774051689589,0.15015438174854154,7.839533918637855,0.9225436581001603,1
14,2,11,0,17.5976305972173,0.3351006696069395,8.957185000255159,0.7661381414338203,1
17,2,2,0,204.76522059241518,0.7358589398821614,0.35950064770384926,0.17211998017153687,0
18,0,3,0,215.26987553871254,0.8906819592770376,0.32955725186402485,0.250281620240227,0
14,2,2,0,179.2630618016409,0.8834341596192549,0.10534894005686167,0.4423227120811851,0
22,1,3,0,160.53227225395034,0.9453934433544944,0.48701716495069647,0.2849942960892282,0
4,0,2,0,180.42751551190523,0.9040556303247849,0.3948994243404273,0.15975526578368465,0
12,0,5,0,284.3386125776392,0.9253339858659166,0.38142333072208773,0.04784321420394548,0
7,0,4,0,127.83697509268262,0.6014312246503816,0.02143013094589337,0.019804821156832995,0
9,3,1,0,243.88555103844016,0.8516803920889037,0.3059439177128029,0.10434321739789171,0
21,7,15,2,33.227633011655804,0.0418430508998134,1.13913593218765,0.6061357671040134,1
22,0,5,0,108.16313151835973,0.9583837574345182,0.5455649100433148,0.027092895012050446,0
18,1,2,0,67.45384419552505,0.8204297511684724,1.0870750854660236,0.017238158577659975,0
23,1,1,0,157.37693104743053,0.9804698599973819,1.0534402210955975,0.059464427287059585,0
23,0,0,0,196.34094520495597,0.7149951029643181,0.6233153919490362,0.0010552372747999876,0
20,0,3,0,134.7405952871551,0.8209698532317031,0.20694574605249366,0.032169697424588695,0
18,1,0,0,219.9095208366971,0.6476295624965857,0.17933547614459897,0.02922066944825738,0
23,0,5,0,178.445540096791,0.8035787516747294,0.1404710271725121,0.07498781071047242,0
13,0,2,0,185.48353690210126,0.8843618610201267,0.009276733179052811,0.31212671953954657,0
21,1,2,0,137.00500621531987,0.7709044850577944,1.6336874672197539,0.129573982743504,0
15,3,11,3,22.876052363240078,0.05950630942250023,7.298803706965623,0.9220962539781824,1
15,4,15,3,117.34685462163297,0.1566218407197044,0.7664680766596095,0.775803090983148,1
7,5,15,1,42.84599754861705,0.47235009797108984,15.338894619103641,0.6917219243025549,1
3,2,3,0,200.11369393176975,0.8602175589823603,0.158560589512358,0.010896725080572938,0
21,0,1,0,119.80118490987918,0.9046064068539119,0.669855804858318,0.08531307946081086,0
15,2,0,0,68.02304100261597,0.7329976167891136,0.493903578265096,0.0341036945466351,0
0,0,1,0,158.20438653636896,0.6550039223549892,0.001678347707107621,0.026389788566501773,0
22,1,1,0,148.42615236826683,0.731504784251649,1.74835304579472,0.14016167496717324,0
21,3,16,0,57.437819226522336,0.1177309853603885,1.1451451278984508,0.5778357389017753,1
6,1,2,0,211.1575713512621,0.8189072235212257,0.01194149593954211,0.018955056636134143,0
4,1,2,0,184.42762874884446,0.7786092232593967,1.6670484839998985,0.029374448666104395,0
19,0,6,0,126.05975541520223,0.9553555726228997,0.6748899017972492,0.08555843401835976,0
16,2,1,0,118.82361172199452,0.8228087979873824,0.3827929626427234,0.08869790484979845,0
3,0,2,0,132.41506115476844,0.8198370830862671,0.38970433219083506,0.1019438669225402,0
11,0,0,0,132.95267704885376,0.8831048893473168,0.15849419765726455,0.07571147452378611,0
17,0,4,0,144.2469416716557,0.7641464470128517,0.18772702996813048,0.10426964036083287,0
4,0,3,0,111.47709737498097,0.8186357066012725,0.5075060748706979,0.027033045017667862,0
22,3,1,0,113.63755893689776,0.990267137076915,0.2435412579938513,0.031753224429002566,0
19,2,18,0,44.21155352969839,0.3205494803487224,14.791281438399887,0.7077835669645531,1
3,2,4,0,199.12371780404905,0.9634465384023948,0.3947009470153116,0.12483873597244131,0
3,0,3,0,251.21237527564574,0.9205277931885201,0.0026662512157060187,0.2950826397520656,0
4,1,3,0,139.2475590365255,0.6735600574357373,0.2632212687165434,0.18723729699110347,0
6,3,1,0,173.754872836732,0.8507386454305398,0.43881030510748914,0.0616663766702403,0
12,1,1,0,204.42704327157833,0.8092332202900949,0.3998431766455441,0.1672982507680308,0
2,3,1,0,174.5481088266423,0.8080234003201963,0.5113258745635488,0.0868006061858797,0
11,0,1,0,171.50654780640352,0.6184181976735665,0.12319692553251524,0.08698831348459446,0
12,0,6,0,159.59783844039896,0.7621222717595123,0.1453025473158981,0.13743399450755572,0
7,1,6,0,103.98474016137598,0.8528397239967364,0.006984800385188586,0.1557874105802648,0
13,3,3,0,242.0112261357889,0.6742879838050667,0.20163775473073,0.0992903556120393,0
23,2,2,0,210.26664733554156,0.5234804171011213,0.688928919672716,0.21846279451931042,0
7,0,3,0,99.7811669751318,0.7699936048544981,0.05548368279908539,0.22218282771365075,0
1,1,3,0,148.61340581700935,0.8358705512098203,0.2889095853567498,0.005999827578950256,0
20,8,27,0,0.0,0.29209679642955494,4.401712908386271,0.6596167500740557,1
9,0,0,0,152.34854004609292,0.9161606923821529,0.8412288064622645,0.0019765347495758856,0
20,1,1,0,312.874292994283,0.9325136253251508,0.10710435569277932,0.10049469037598918,0
4,4,16,2,30.692817901980533,0.22513095032838554,22.304215533565905,0.8115450965588784,1
9,2,3,0,149.2151147418892,0.8681258064183345,0.04474607495266735,0.09237420224787758,0
8,8,14,2,82.5032374147541,0.10211971318205049,8.692612780471636,0.7973202578495904,1
0,3,2,0,208.34036947541887,0.6578029114358072,0.1560807545715773,0.18341058150981662,0
16,3,3,0,151.79407184130204,0.7924612622660009,0.6871366962527783,0.15283188334007577,0
9,2,6,0,163.72104593033222,0.9553796230201634,0.8006033144439194,0.18297826901224268,0
21,1,1,0,70.39700723478549,0.7994749444934485,0.17437011015102302,0.021602344124224692,0
3,0,2,0,97.5375622881609,0.8671395685098405,0.06778013207202313,0.10414699746790995,0
8,2,2,0,229.90490044794444,0.5166249355373193,0.36339682922520533,0.1367031928391659,0
4,3,4,0,186.3882785648899,0.837010053953391,0.09966233652091169,0.0016632826160927652,0
13,0,3,0,263.1362172042435,0.8890026095711072,0.2631695759465594,0.03740425131617999,0
0,0,2,0,249.58218110439458,0.481307752247425,0.38933149444757065,0.04452456514754223,0
6,1,2,0,118.11674999030997,0.9438957209895985,0.44148247061045026,0.04386885103115865,0
15,1,3,0,233.15415014385025,0.5701421061059797,0.3094243019359131,0.08428467756875645,0
3,0,4,0,164.04757519670895,0.9514358980483824,0.5633518511788868,0.08818293316628767,0
16,0,2,0,182.80832051579642,0.8448819136932111,0.09023416834394554,0.062157603995382976,0
7,1,1,0,219.65150866405912,0.7737961484508208,0.43718956909632367,0.20220558095993404,0
10,1,2,0,239.94260685040635,0.8670863618565114,0.29363647007553356,0.06485068551356844,0
20,4,17,1,12.649225241225242,0.48149624663124163,5.383657022157702,0.5328237098700039,1
2,1,1,0,60.20366006945082,0.9018321910348407,0.22115800892901855,0.0433553708640432,0
19,2,1,0,143.75802795349915,0.8923162501293073,0.18357651985288634,0.27372723103729835,0
16,7,14,1,50.95993890787146,0.5565109488819321,7.322595544172105,0.5299602996388214,1
9,3,2,0,141.78315289979037,0.8522287574488014,0.20852413464803016,0.011397281237289074,0
1,1,1,0,231.1460325432744,0.7317163403641727,0.016227312207739115,0.11918169605155496,0
8,1,1,0,194.94064244547567,0.7978524967576663,0.6189207864848941,0.17079013644184712,0
2,1,1,0,201.38077596909216,0.9543570711224304,0.20465121175982398,0.292985609793205,0
15,0,5,0,119.45476138021803,0.5741477697605913,2.539240196707996,0.05995877345915478,0
20,0,4,0,158.31280248131844,0.8541637250755518,0.38020611019896106,0.21036819892983027,0
11,3,0,0,186.997110138232,0.565307430143031,0.28179731171552214,0.29356776067025236,0
8,2,3,0,123.31952940410703,0.9350269869666255,0.4866940789726377,0.10946086656908552,0
20,0,1,0,182.7241873711295,0.6419912536307585,0.4327237042813045,0.027814251963713166,0
17,1,1,0,119.51984990552897,0.9189567469474132,0.31320685622986266,0.0010208850080220707,0
2,0,4,0,238.6840812900164,0.7230631444049092,0.10167737639514329,0.11572137150225656,0
2,2,3,0,276.09272906313237,0.8883395220678033,0.3806640236677462,0.026733301905450174,0
3,1,0,0,255.23403979534498,0.9044015812198152,0.5579360884979478,0.10262805616010834,0
10,1,2,0,210.34301889385551,0.9542518615404038,0.46901675573511,0.026122747052992827,0
20,1,1,0,174.55187377390766,0.845094030532619,0.14373405532938793,0.24432444397627995,0
23,4,15,0,105.1330555362382,0.2604527861056693,1.721222766944716,0.7647285020621103,1
1,0,3,0,330.0807137787841,0.5098841097524933,0.046906276292042984,0.06846749471775244,0
21,13,17,0,19.752373149960203,0.3777375145947213,2.5680888584464623,0.8902431704459209,1
23,1,7,0,160.57634545529854,0.74376721272489,0.024616041735130455,0.07057719333622064,0
6,2,1,0,255.2731587691215,0.7963527348498196,1.164061378830341,0.3901831392836931,0
2,8,16,2,37.124920819307505,0.455395979682259,10.542158516921381,0.7835316708149008,1
9,10,17,2,38.373569422659365,0.22257083917640974,22.188958492396925,0.8751980752683096,1
17,5,16,4,57.31917330140186,0.20731556962441505,1.1982901173607379,0.8596922025695671,1
3,1,3,0,131.54946915424625,0.7680235988763591,0.13080085626916327,0.09305797758033726,0
22,1,1,0,211.09165454390964,0.9297086083118726,0.30235868791106607,0.04714877085464046,0
2,0,0,0,173.7266608879137,0.9259509009438992,0.23963771715330126,0.003888571740656878,0
3,1,2,0,121.52550171508432,0.5692833080341704,0.09077319973487782,0.14640123713423536,0
9,1,1,0,179.07764993626918,0.6596790118033614,0.6868977120055794,0.02270604592663481,0
14,8,15,3,48.955072647131686,0.1246705484675723,0.20896146288163617,0.7323156644713559,1
16,1,1,0,261.96282014292706,0.8426838237076693,0.8515346022090016,0.05881202898602343,0
4,2,2,0,107.93399418935448,0.9650537596638401,1.0741271199506421,0.01993900765476486,0
12,2,3,0,158.68652814613128,0.856400391556145,0.16177579714380977,0.10615313026916749,0
11,1,2,0,187.7925024834262,0.9358196489360566,0.778939358666274,0.03792998175813795,0
9,1,2,0,164.3447075267853,0.841718594888126,0.01627501758741057,0.19096739101789084,0
2,1,1,0,175.75673468694202,0.7641928919083862,0.40787051167107075,0.15753803459381804,0
7,1,2,0,188.69221031037526,0.8767303533213536,0.29620459419808626,0.12177402281989491,0
20,1,2,0,92.77903626194623,0.8386103847814421,0.22316292745773364,0.04433951254677077,0
9,1,3,0,138.7406523428003,0.8312707432872143,0.17563056446677766,0.10013815039975439,0
21,1,4,0,65.5163167549813,0.7397607942681638,1.0526913933759467,0.10610054262475016,0
3,1,1,0,193.8997745815545,0.9125060376373447,0.06735905308817455,0.23045958317486337,0
11,0,0,0,225.0038629877119,0.6598234671873869,0.30078640505612864,0.0480653795720884,0
1,1,3,0,149.61274785806597,0.8907661507834843,0.27903539114109666,0.048325743780945916,0
18,2,3,0,88.17158027837888,0.8381712326393723,1.7671679119851587,0.02207500856833534,0
21,1,1,0,79.88264987008701,0.8285970483044357,0.6661058552334378,0.007802469911311615,0
17,3,2,0,329.15288027676576,0.7049631430434853,0.2808675936153305,0.07778249554819376,0
23,3,1,0,117.89971869305785,0.776160520267445,0.007328561238874142,0.06916535250212459,0
22,1,3,0,173.82045188001257,0.6263383205436388,0.3660242225444769,0.12463251914341432,0
23,0,0,0,73.11443317578956,0.8708212354668967,0.03853271747194952,0.09059538102745164,0
3,1,3,0,109.129643644125,0.6367656317753014,0.06971954922982256,0.04782231458445911,0
3,3,2,0,154.90160017784368,0.7109019009068301,0.3492708729396917,0.02383331886075645,0
20,6,11,0,19.30308077836447,0.134405480367804,22.980807376867645,0.8781753258292995,1
9,10,24,1,46.54806844654759,0.2692855464318191,14.633133756238228,0.8481424666369131,1
17,1,1,0,217.7754734860471,0.7067802702045477,1.5527207566747807,0.017119809547977437,0
11,1,2,0,202.81338813105046,0.9469752261144857,0.3490925390042378,0.008553060521461701,0
18,0,3,0,193.6544904492344,0.7723893409619059,0.15731553541052828,0.13806535776542964,0
8,3,0,0,154.58482569619676,0.9102262122279151,0.0003545034407276484,0.023461069662526014,0
22,6,10,0,73.57143005546965,0.5697129027739752,33.62415156154812,0.9528079391543747,1
4,0,1,0,236.58654619869094,0.924203619553354,0.9406007753303541,0.10108857245112526,0
15,3,18,0,39.02624290218313,0.635072944903035,4.761700040869558,0.880598774244516,1
10,1,1,0,217.74400771149132,0.7869623078807173,1.714505146902544,0.22308824829600482,0
13,0,2,0,270.45255926083166,0.9818700415000405,1.190213817076661,0.09700497735720555,0
8,0,3,0,173.73036442901852,0.8011741351336485,0.8069370343180727,0.012878590842565256,0
7,2,3,0,200.70696891808674,0.6204318633544349,0.2780092170261906,0.23909990307534476,0
7,1,4,0,204.59223418347972,0.7778865798529554,1.2851384981294405,0.013369276838955196,0
3,0,3,0,205.96075259481466,0.7887472517018237,0.5808403623853584,0.06891248562876032,0
15,3,2,0,177.5731440401072,0.5927047958204651,0.49576003952111786,0.042732091084595414,0
17,7,11,1,22.17219435515637,0.34089248525949184,0.8162897368772204,0.7516446676262777,1
7,0,2,0,224.37758199576623,0.885754490317396,0.21048607550326234,0.03321776000497252,0
8,1,2,0,261.14298595378,0.7707002595240139,1.4716945694361772,0.16531646848478798,0
20,2,1,0,194.56131051075698,0.9197760299922323,0.7239358889137862,0.10172462129844953,0
15,2,0,0,151.19870935949467,0.4866388385079488,0.1846673100037971,0.012902792867209176,0
10,1,2,0,277.467331338755,0.6223664200562062,0.6208463938244022,0.11123276906062385,0
11,0,0,0,262.968720203143,0.8398648831215221,0.05735155004329635,0.045514032696903094,0
11,1,0,0,184.30891353060082,0.8097575835096374,0.3473799530280007,0.047197888996902415,0
2,1,3,0,164.82043413509416,0.6611198700849957,0.8129864568556876,0.25684001526637323,0
2,0,2,0,177.62083814109454,0.9726297597693285,0.4925655501249049,0.0501982503206819,0
20,1,2,0,244.73695166732773,0.8564226856041701,0.15056637666128617,0.0800267961578955,0
19,1,3,0,183.69643592957684,0.9334266790482065,0.36368996673038934,0.013080539066144656,0
14,0,2,0,256.92447055866637,0.9130550400643165,0.4446389727965661,0.053566818486366304,0
8,1,3,0,207.6882758708757,0.7623868479486172,0.5674951409826771,0.0005086037444554029,0
16,2,3,0,160.05740149007025,0.883981554530715,1.1300049485442583,0.08425408779969301,0
17,0,2,0,226.21399042942411,0.9056603117099319,1.510249973436686,0.15497157831800457,0
2,3,0,0,243.87431970443498,0.7993721764797126,1.6455091009544667,0.04080135336099586,0
8,1,3,0,194.47855646287414,0.6905781480891474,0.8592262077361715,0.014673032854889087,0
4,1,2,0,76.1802952150074,0.7955383160757746,0.07598080184791091,0.08854134372491586,0
1,0,2,0,122.85200612205546,0.8801318123242343,0.17819010747994554,0.16781287574094342,0
9,0,0,0,257.95580651931397,0.7381649802989615,1.2998696132094634,0.008281828289253624,0
22,0,0,0,185.49243947881905,0.831616236904629,1.3099367137359113,0.06521022959808263,0
2,1,3,0,118.83454209494809,0.5321462982589713,0.2568651518416301,0.11692449770132113,0
17,0,2,0,297.05909641806323,0.8417583355271162,0.08940671238531957,0.05181458871102173,0
5,0,4,0,208.3586454341127,0.8674577497603569,2.215941464335587,0.10186807157819323,0
6,2,1,0,187.96910358728474,0.5815201699750705,1.8583804946672786,0.04377618422964749,0
18,3,1,0,151.05661592300083,0.877711160884974,0.4051012564431665,0.0841683960631726,0
2,2,2,0,187.0659244224083,0.8211150059657226,0.09653687581144786,0.031310769594991454,0
20,0,3,0,236.52759550987201,0.9133676516469771,0.27161722468089244,0.07023641949706542,0
5,7,19,2,28.55105747332644,0.3241559112669591,8.642005496279307,0.4840773045823215,1
11,2,1,0,210.61015547278367,0.8957332023078303,0.15943546214432797,0.0948860359147079,0
7,3,4,0,204.88805241875968,0.7301015698478486,0.011711418059582025,0.00678365646808726,0
6,0,2,0,249.725547289867,0.8514079981563573,0.8927936568016377,0.15295023879825353,0
9,1,4,0,155.5293825398589,0.6497564255156226,0.6412852006521437,0.035927116442734816,0
7,3,5,0,171.94613606919728,0.8629966070830813,0.21975202756591466,0.1025348313153007,0
19,12,13,2,41.41242285002893,0.15046585905655896,3.035707504736919,0.7475929619117875,1
17,7,18,3,48.30392543981539,0.12727914251037065,3.090538889929585,0.8119652066676138,1
21,0,1,0,223.55226400475624,0.8585342343504468,0.6854444587910857,0.07145433103110235,0
9,1,2,0,155.11880593838276,0.7258473340998345,0.37088772761572264,0.06608794632317694,0
17,7,10,2,106.63705814597542,0.14650857519284322,11.147786079905813,0.8413265300043875,1
2,2,3,0,272.73041794023317,0.5085060130762121,0.3921834279528619,0.19959264777476662,0
3,1,2,0,107.33822219093565,0.8525173395642515,0.08959280503604823,0.11323458610998244,0
1,1,3,0,247.8840555585233,0.7218100765686055,1.0512447058581218,0.0022363178491386915,0
23,0,2,0,115.37357348214799,0.8829419891877758,0.6062195459174428,0.03020745537237261,0
3,0,3,0,198.13196333202615,0.9541411444931516,0.8766586913141818,0.014064279998613111,0
4,0,3,0,196.3839721528154,0.6731371572933654,1.361029199685277,0.034805264816330075,0
3,2,2,0,272.2375402185078,0.8874406287793042,0.14556595410296264,0.002246866808506122,0
13,0,2,0,254.45318871902163,0.8855116994537459,0.1820530962689593,0.10929297174883422,0
9,4,2,0,172.2022283115631,0.8338254531375188,0.30993157943356464,0.2564970429378505,0
6,0,1,0,237.98850983311758,0.9137423510279957,0.1690259002939304,0.06724721302747881,0
5,3,0,0,151.50700529465445,0.7903937006436899,0.07712970399836748,0.020743202492614167,0
8,0,2,0,151.6719565458314,0.7293365697645818,0.8088089463353106,0.09100461665993963,0
23,0,0,0,292.0407100758665,0.894266495085418,0.07851386984971685,0.11908460148824669,0
14,0,0,0,105.72322653284816,0.561703574448,0.7887642440427514,0.037705266118195524,0
17,1,0,0,168.80000283733958,0.9235483403895821,0.505327845917129,0.09846521685511482,0
21,0,3,0,269.29024534674977,0.8265961402660232,0.032932323889706364,0.03557262418301287,0
17,1,0,0,245.37053184173226,0.9349085183914966,0.18582595998775062,0.02618443762599827,0
10,0,1,0,116.18724690260879,0.9235945947630368,0.2056088802730306,0.06072756956673315,0
11,3,2,0,308.0833241921931,0.9013973722705458,0.632668756646847,0.08636979058698849,0
23,2,0,0,129.86580068823594,0.6675884846569557,0.2691695812833751,0.3402212755631809,0
0,3,1,0,253.71521394009562,0.5134172344641327,0.08087588132023647,0.026112817163183238,0
3,1,1,0,142.34398943434792,0.8609189623026596,0.9602625658336085,0.09735345457866207,0
5,1,4,0,341.78278575330864,0.835479487276884,0.9868005017663387,0.018982078048054074,0
1,3,7,0,255.48593992315247,0.6024313105009954,0.4976409271102317,0.039662557374878574,0
18,2,2,0,67.78471744588492,0.9145592268470397,0.07250940500378283,0.09663262538559939,0
5,0,2,0,180.07835207425492,0.9920291319198165,0.279064560363085,0.45381994964743516,0
18,1,1,0,208.70663107176946,0.941476185285775,0.7697412860218646,0.27841993954760846,0
6,5,20,0,17.825302179063637,0.3211263660585079,2.6257078990583524,0.7654542411833332,1
15,0,3,0,233.1951336730496,0.8939312062842887,0.08579525101456507,0.1110599838193042,0
17,0,3,0,150.81511984308707,0.9266605317669302,0.6716141167474423,0.24114397568600157,0
5,7,9,2,0.0,0.06163045978152018,12.352756348184016,0.7710438764848928,1
22,1,1,0,147.9001216946284,0.8419828559193897,0.23651389662542316,0.04566856334175451,0
15,2,3,0,141.2256365166991,0.7542103822049268,0.05624097818969361,0.11203200742805647,0
22,8,20,1,138.72317147255097,0.32848028005881147,0.24421897641142784,0.6583947355237459,1
22,4,17,1,45.69588479605881,0.35138120104461307,19.657958892476252,0.597044199879157,1
2,1,0,0,197.46112794865755,0.8667187728555448,0.40816977723909803,0.08645705505428877,0
7,1,4,0,87.47987761285573,0.9337490056914632,0.2604511314444992,0.5600933236874783,0
16,1,1,0,231.3523872647408,0.8383257643129624,0.3024278646234119,0.08693833354414614,0
23,1,1,0,160.20135211197905,0.9120142834051872,1.2640230517056552,0.029004257473010213,0
8,0,3,0,111.31881093095804,0.6971578755693918,0.11042749226797703,0.17753115793545868,0
3,1,2,0,210.10620154660995,0.680527891537062,0.08284453233705329,0.031980338081716464,0
6,3,2,0,197.4739826759079,0.8429888105878939,0.6381776014408166,0.11381850079247166,0
0,1,2,0,175.89833125050626,0.6752242475313506,0.31708926829515466,0.02395397967552827,0
5,3,4,0,213.82156606783582,0.9457118043393632,1.095142895126063,0.05424061771152676,0
13,3,20,1,0.0,0.10092911599504045,10.96658261646082,0.5352842371118494,1
7,1,0,0,208.26996617415506,0.8092488020362295,0.258913880330239,0.04210886612839054,0
13,1,4,0,297.7754126382616,0.9610200566308809,0.2522234776586144,0.015358529154340222,0
9,0,3,0,109.57455018345028,0.9156672471758209,0.03369405723944055,0.25023142021664263,0
4,2,1,0,139.05229660582853,0.9796106529161707,0.1510910943777826,0.049126483672927976,0
16,0,0,0,189.1690556375146,0.8730133440654728,0.9931472760931962,0.0493286618971285,0
21,0,2,0,190.1679995858093,0.8337696901251385,0.11614532154038999,0.04798981623150863,0
5,1,2,0,196.37596965366586,0.42734932204559634,0.11920889037682234,0.20787267475976984,0
16,1,3,0,150.96938048635442,0.6937352112208652,0.06515030927041154,0.05437608609138333,0
11,1,1,0,175.92918254647782,0.9414797251335962,0.24276252444574048,0.12163073495762954,0
2,0,4,0,160.88071665578582,0.4266682825704191,0.693524837375556,0.12534142186366543,0
11,9,13,0,83.40713944347718,0.13103153236094237,7.037710631081042,0.6319070948878476,1
9,2,2,0,151.18195086619355,0.7797864323147995,0.09708338753148686,0.016447872531726544,0
23,1,1,0,105.96299702454694,0.8132323400815331,0.11262647310807744,0.022676384534200733,0
3,2,1,0,129.41010883628502,0.8640039015534038,0.16420860720059352,0.08100186387527333,0
19,1,1,0,59.50058029515775,0.9008953614602656,0.8838480509044367,0.06567219938829144,0
23,0,0,0,119.85726560421764,0.7829752945818789,0.729320908656335,0.1409754432971787,0
5,1,2,0,149.7333105736838,0.7245524342040097,1.9888846335274397,0.018741023722417257,0
12,3,4,0,207.96884369770146,0.585730409268127,0.22044160349374728,0.06262165715317572,0
18,1,4,0,213.94719854447382,0.7524246154191535,0.10375122221395461,0.6858744653565139,0
9,0,2,0,176.46028829778788,0.8182712721312962,1.2091873278752148,0.14887043428872976,0
17,2,1,0,110.87405034784318,0.623655859126376,0.3012052549538991,0.11050970396727824,0
3,0,1,0,191.87923285068175,0.8808316049074059,0.16713681910267844,0.27338230895706056,0
9,3,3,0,203.453785912092,0.785445752567652,0.0033899744397123802,0.17990174577397278,0
22,0,2,0,151.06131268848992,0.6240264933843459,0.23392361056202413,0.06176192068677365,0
2,1,1,0,192.5457784662039,0.6593999656785164,0.19322638801078273,0.094289766902653,0
1,5,19,0,22.40524915012696,0.1373845397901942,8.124181876752937,0.9286846842207022,1
14,0,3,0,212.06981969313102,0.643019653740727,1.0454231113459966,0.07808141624767793,0
0,0,3,0,135.97195074815914,0.6539729524806923,0.2183246753150897,0.024950208787646384,0
22,1,3,0,279.30935658224723,0.7773124819052659,0.012414962727316275,0.1795762084429664,0
13,7,15,0,81.71821555370151,0.2221326859409116,10.799035429309113,0.6634255670432895,1
23,1,2,0,124.32939206750171,0.9106603699484102,0.7091803762109289,0.24050497289162703,0
2,1,2,0,173.8968073737024,0.943812171854807,0.6468252111709516,0.06628363519805432,0
8,0,0,0,166.01116700223622,0.945576950751648,0.057098449370483736,0.07407895003996674,0
6,4,3,0,225.16300672632818,0.780250614538324,0.4037805064250973,0.04037246762135164,0
7,1,2,0,242.07230525768693,0.8006089750257085,0.7801622832827909,0.009283434890442905,0
11,1,2,0,132.34412504627988,0.7581754999295827,0.10633334378505695,0.14670063436313188,0
8,2,4,0,136.4761637314595,0.9025042731834141,0.9145101562006429,0.08826176044350205,0
10,1,1,0,170.1518833251243,0.9886925239971521,0.501741083899932,0.1103173386419062,0
5,0,4,0,242.89137848929093,0.6926377236276224,0.13745388830556698,0.14025123437369275,0
8,0,3,0,192.6865248621138,0.8722560740709703,0.05792459323040236,0.08024722384215394,0
10,0,1,0,196.51907048463528,0.6504737566805598,1.330259600106662,0.09364687438291128,0
17,3,2,0,243.4633967689537,0.8852273677289623,0.8398923822832604,0.024460194327400864,0
10,0,3,0,198.3930580763295,0.7511009496068509,0.3862835394344766,0.15255782880859603,0
2,3,0,0,221.4445811922705,0.9390691128862327,0.08791805797294508,0.014362258661319708,0
18,8,21,2,0.0,0.3969830587825517,0.2762505840535452,0.830881915837554,1
21,8,12,0,76.73658153271369,0.004779229282485821,13.609725940887325,0.7332574370016836,1
23,10,11,0,101.58136477213054,0.24922449660805174,3.0138320161569037,0.49093327032560785,1
3,0,0,0,118.98056234979147,0.7503368146381179,0.11436230356855687,0.2031668621098425,0
20,4,16,0,97.15591169116306,0.22149646911184517,2.45872672441857,0.6080478808971367,1
6,1,2,0,162.07542644438556,0.9247314223658941,0.059880267161832146,0.2315789847488315,0
23,0,2,0,190.0606821284985,0.9634813708929216,0.604177028410043,0.09965459911893373,0
11,7,10,0,38.97264632079653,0.3522304121734251,2.6882920428998878,0.8333316065175107,1
0,2,4,0,209.56363681301772,0.7680411879761175,0.33527973544576156,0.2946935928953312,0
4,0,2,0,119.05835428897709,0.7974279498989476,2.867541885265677,0.11822778300890714,0
8,0,5,0,238.86363776840628,0.6105240202820451,0.3185492347635729,0.1171434663494738,0
2,0,3,0,212.5708830501924,0.5612523851297407,0.004823263997321664,0.0736924273459743,0
22,1,3,0,281.93959209604265,0.8400105754382583,0.5579668265686443,0.07650177431868349,0
17,1,0,0,241.39102011161762,0.9005967243924073,0.05969920694917469,0.07740550283388492,0
23,0,2,0,154.97790130641425,0.6685519633197009,0.14705732367227586,0.2568400287083133,0
5,0,2,0,162.73476581104694,0.8217683481710479,0.05404605927955537,0.06059019279874674,0
20,1,4,0,70.4240764863435,0.7913258591871047,0.5443687824792217,0.03744004730895808,0
7,1,0,0,314.12905389173636,0.8475971115744566,0.09032154788707861,0.19047213228769685,0
18,1,1,0,223.1898386375875,0.8260270701107031,0.6983581585209744,0.0350513967683332,0
9,1,0,0,79.28963700389014,0.8971470379682037,0.24052382674984318,0.06499642829567363,0
9,0,2,0,233.19273686062348,0.8031008599445972,0.2378692425999825,0.010493992764104577,0
4,0,0,0,313.38623488415004,0.8859517592107742,0.01650318695650008,0.12938465807408892,0
12,1,2,0,111.33942451376579,0.7660682629670019,0.3594230066826121,0.009716883969166147,0
10,0,4,0,179.52493590544054,0.7991395579507498,1.6600930562358753,0.05312636587836708,0
2,0,2,0,234.17075944691578,0.9618508280363781,0.9530341382942755,0.23321637906470122,0
17,0,1,0,228.96006470121202,0.8962061457095138,0.11404134132851317,0.15733674208254306,0
9,1,1,0,243.7751628836004,0.9016848617827522,0.5688468886127489,0.01687308225480198,0
13,1,0,0,217.80871924763068,0.8372889359438789,0.0008802695510634925,0.10368843298508167,0
2,1,2,0,189.0676639192002,0.7288162204625556,0.4405085574175996,0.07646136554334859,0
9,3,0,0,231.36594820012135,0.7588276562301067,0.22868922244711257,0.08522855019931898,0
13,7,17,3,0.0,0.15080384359372487,0.9326636416498933,0.8859395228554557,1
14,1,1,0,177.83723464212787,0.9172584887402494,0.3290382474723346,0.04325130466013106,0
14,3,18,0,69.06497730290127,0.14819677212173746,3.411721374476011,0.7537521276929119,1
7,1,2,0,208.01638164468082,0.899452459053659,1.433305887855722,0.13825276854842133,0
23,0,1,0,194.4506706595989,0.921381972692107,0.12007705396045748,0.1388434321205074,0
14,1,1,0,170.02734898920266,0.8898545726627362,0.4088852727063356,0.11888415251811849,0
7,2,2,0,120.44620007858666,0.9242298430871057,0.8466304779708539,0.19915858575957895,0
21,1,2,0,154.24656992663307,0.8258117842071466,0.5639947966367054,0.016503537848947546,0
3,0,4,0,192.99699296657346,0.6991358752706726,1.527084995807241,0.2810780021885619,0
9,6,13,1,19.80308021785158,0.07402993115750146,12.058954025961759,0.6644747554726872,1
5,1,3,0,160.60213796406703,0.8991230774314664,0.03189051372635231,0.0822521171840185,0
22,4,2,0,237.4429690487522,0.7865039910244459,1.181022485496016,0.39010380996892896,0
16,2,2,0,226.4140060860868,0.6019161863256152,0.0092305571761628,0.18219604896842337,0
21,0,4,0,198.2674250376515,0.6735739707910611,0.5229108978602078,0.011199731576407973,0
1,0,5,0,160.06645098473555,0.9552529314673404,0.04271103267838943,0.02904348097570495,0
2,1,3,0,232.51706788018646,0.8153156258485442,0.023902329252469615,0.07376020105543704,0
8,11,14,1,34.39029919780468,0.1886489248659311,0.35638257206612683,0.3382690578374924,1
22,0,4,0,126.4868548335452,0.6441556609096296,0.46628695610208026,0.06731808527090427,0
2,4,1,0,175.91189222415227,0.7718088894212993,1.3446544001366834,0.03040381921904159,0
0,2,1,0,134.51337608319147,0.7364288841600996,0.13930422529377434,0.09742794086944546,0
3,2,4,0,66.36098513019377,0.902858852569743,1.3047375036477873,0.056466255869512004,0
19,6,7,1,43.446233307771024,0.6519005686550047,3.5550031312024095,0.5307572453574834,1
12,2,2,0,341.49448278289293,0.864571615370743,0.00508344456343469,0.1328287540632239,0
19,1,1,0,222.71575604274665,0.7600689712756233,0.0788066031981827,0.23581793537250212,0
1,0,1,0,209.68018307245316,0.45271426501237805,1.203056863481726,0.15601629010132795,0
20,0,2,0,226.64442410655096,0.8223232063457535,0.788010839462641,0.16408393727275586,0
9,1,1,0,203.8711483804048,0.8619069884751077,0.02931377701703515,0.05769889243215652,0
16,0,4,0,146.8060509375539,0.768226497858824,0.6122714250114798,0.12712640221352967,0
18,0,1,0,165.93652672745574,0.8268379069702639,0.148723667952868,0.30411339636587376,0
3,3,3,0,202.21086010534313,0.9525548651751055,0.23019515346452882,0.016831977632514462,0
22,4,17,1,0.0,0.10527118464344419,5.749833063129337,0.2601025994941496,1
12,10,11,0,40.68861754660504,0.4206355185028989,0.6051656298568311,0.662106931108504,1
7,0,1,0,197.33227634535433,0.7999359964616567,0.5844035874367215,0.09972386299732608,0
2,0,0,0,254.67726040759908,0.8079289127940068,0.26798011953291145,0.08614346731187769,0
6,5,4,0,220.34851073814548,0.8737676781665331,0.08180793919982764,0.11386397724116187,0
8,0,6,0,147.31149253263237,0.8513564986917648,1.115311204176286,0.021367363376703086,0
3,12,17,0,91.35212772729218,0.20553942006717468,9.73765069384122,0.5614795768459451,1
23,0,4,0,160.51860904676005,0.951829927959459,0.7188456804216765,0.08456184913622908,0
16,3,1,0,260.87082247293847,0.8506708651392668,0.2729539195419014,0.18615204766388516,0
21,2,3,0,131.66675768888456,0.8775609827383749,0.014814662179709653,0.035046971389006844,0
10,3,3,0,144.97587917483503,0.9924106084524772,1.8467648248771171,0.278408185067636,0
12,1,1,0,216.2363058408369,0.8944893716687421,0.8058923440719667,0.2414658333869593,0
7,5,15,0,17.529075823005723,0.16884456843121656,10.253689686410489,0.6591690550514202,1
12,2,2,0,251.42723844911416,0.8162732622830771,0.6410008865911558,0.04544693191922583,0
12,1,1,0,117.44639222241007,0.8519905815100799,0.03934970838104432,0.04355007267153487,0
14,1,1,0,280.6696134832752,0.7892095415629652,0.3008029838390467,0.0855191517644873,0
0,1,4,0,210.99402298520027,0.7659624437384333,1.4686700027105848,0.1496345825712543,0
15,1,3,0,184.66984650961518,0.7949275483631011,0.2746747589623556,0.012282588321141978,0
7,0,5,0,139.08026252696556,0.7786591855966254,0.9323601103963551,0.2781399367001577,0
4,1,3,0,203.27841154245755,0.6261282169142717,0.24700054140862185,0.2004275578303591,0
18,1,3,0,159.35187818278442,0.7091141260486333,1.3493590431517661,0.02668653314980606,0
1,1,1,0,208.17278462919262,0.7397037019041107,0.4490740327672358,0.5055962963421006,0
17,2,2,0,151.36782936264723,0.8843417259710976,0.3168656171816219,0.00735815493537207,0
14,1,0,0,175.29348633805645,0.9451789733311711,0.6227958103305375,0.04144436835091647,0
17,3,17,1,62.76876661850906,0.5498153155829247,0.39415971598545035,0.4285198077502501,1
2,2,4,0,212.36034412385203,0.6357457610862831,0.2116714977375098,0.011611345890580773,0
22,1,5,0,187.02910649083472,0.6624229280668239,0.8134450758784632,0.006144330006155874,0
14,0,1,0,152.7762130041117,0.8323519086079779,1.4634724841404676,0.2817097763887501,0
3,1,2,0,171.83991386837133,0.7148267955808936,1.2540227600792333,0.17603422819522183,0
13,9,17,0,17.566871464701265,0.1852704972537226,23.6105801714344,0.7417463730949165,1
13,0,3,0,261.8821462673294,0.38260118112566155,0.009701189619436154,0.00603931538092413,0
20,2,1,0,173.0223178080723,0.782159267622816,0.33919022769421003,0.045475841961974295,0
6,1,4,0,305.8442446905817,0.9189782781743076,0.3678403543037359,0.3042067092270207,0
10,0,2,0,147.82948694127677,0.8593953008902566,1.8151889574358737,0.0857237946884272,0
1,1,1,0,62.97901857643761,0.8301178109195645,0.19110107777718877,0.11791230202911872,0
12,2,19,3,31.82467967449316,0.12817233704619344,5.545099016694166,0.4555900794736556,1
4,2,3,0,178.26651566072266,0.680193059103265,0.08445135230423792,0.1627587468001936,0
23,1,2,0,91.21584920727572,0.47028265295111155,0.7230953137907897,0.027158638516894016,0
4,9,8,0,58.13343703867144,0.2962182658083451,5.236012785999754,0.5452713801585546,1
23,0,3,0,106.81734132545697,0.9575430769377884,0.22918154042600578,0.021087942656039922,0
0,1,1,0,270.2956990687778,0.8689947571793866,0.3401083766692613,0.10400616249799227,0
1,0,1,0,286.28551578712717,0.6188859297374899,0.9786080388268034,0.05990540110263508,0
8,5,16,3,59.99223233929378,0.15213572649427298,0.4689892456542493,0.8895118802642176,1
3,1,2,0,59.88294185710316,0.8937343109032417,0.591655067747724,0.011094382271068333,0
11,0,0,0,178.8950921076228,0.8682000138075288,0.6396437142003752,0.2244200586921926,0
3,1,0,0,203.582204300657,0.7999419923654192,1.1444202557889336,0.20252412469091344,0
7,0,1,0,199.04735609231935,0.7202077534192219,0.3201413933902006,0.06344896908069432,0
2,2,1,0,196.59000409432184,0.6731536569028267,0.2540530026730934,0.05580740244169905,0
7,2,0,0,112.1796416053618,0.9703759348033296,0.8480104419382365,0.036129359773287066,0
5,0,2,0,168.1478916509726,0.9135440430002023,0.1135713259189794,0.09916555677546139,0
10,1,1,0,245.2902028664776,0.7183285834042166,0.5732064475381233,0.079212541855776,0
23,0,3,0,128.84128995871993,0.7786876151575537,0.7887152773644642,0.2934276283599876,0
17,1,0,0,175.05847480557264,0.5468798329564659,0.9282802843805045,0.04271197652983339,0
17,0,1,0,166.41101483861846,0.6140941270451098,0.037230272471618066,0.026056363353768187,0
11,6,18,5,72.69133028819076,0.3244715476494396,5.843211080011521,0.8656917241051748,1
23,1,1,0,129.86960796662967,0.7029736630280964,0.8630876270471208,0.009927823073186643,0
5,3,2,0,220.28939612178934,0.8920288293887665,0.04172610223797234,0.05532503677860662,0
23,8,18,1,23.545701648774905,0.3369536351958122,17.137492088646244,0.8582560193984373,1
13,1,1,0,91.63897066080685,0.7371380280712685,0.06167646659945055,0.13580699024258605,0
23,7,13,4,52.00637999292186,0.19050886678121168,12.270643982888824,0.8603872546798713,1
5,1,3,0,123.45729046615085,0.6364314767111231,0.6452483003254385,0.02096257123194776,0
10,1,4,0,249.01776642574146,0.8218426325808633,0.5529665445476287,0.002735392818894258,0
13,5,13,1,0.0,0.32852700988704686,12.76808887656223,0.7075363902235415,1
4,0,1,0,196.51992013566968,0.7819063567064506,0.3144201060305447,0.024614552308485433,0
17,1,2,0,190.68299602282121,0.9122766722249774,0.9456793519238067,0.049078659348828636,0
3,0,3,0,155.0110220626908,0.7388762354061973,0.07317095897556015,0.14468516283021743,0
14,1,6,0,156.2211237799675,0.9389487308131741,0.7671538505940493,0.1666780174873231,0
11,1,1,0,258.55798694343537,0.8255163755249375,0.4057593080414569,0.493419676088203,0
22,0,1,0,253.98928259905887,0.8486962424568634,0.07934344340188543,0.018382831664646552,0
1,8,18,1,29.20986377521058,0.29410941639758176,4.4032052173584635,0.904589895415706,1
17,2,2,0,246.31995263075947,0.6279622888398868,0.9668693195561693,0.1977771457931495,0
22,4,17,2,35.20824853776632,0.19962112578810368,3.7790589053651265,0.4612458869584885,1
20,7,12,3,43.272509777308,0.43529445133618244,13.77357505483449,0.8039626642703883,1
18,1,1,0,78.27373417862484,0.7698988792211365,0.16714059671980022,0.07811171319231806,0
9,1,2,0,85.75601974362425,0.9792158412571533,1.1049699232529187,0.013934343813553917,0
23,0,5,0,220.24618456844144,0.49612945037963957,0.0985212463528904,0.07627127868052157,0
9,1,3,0,167.5500370693898,0.6438624817262998,0.4933307668838105,0.04381279451060537,0
11,1,3,0,222.14633247096702,0.8704368898428092,0.5995484626698893,0.2891984300547016,0
20,1,2,0,247.8731503518145,0.9763327630742904,0.0656521636496617,0.2876545463207962,0
2,7,14,1,43.3868408264901,0.24551317453795157,0.7927273339802645,0.9614977446260371,1
21,4,14,1,45.222511072245496,0.3828612484291763,5.757900150970345,0.6711627326467907,1
23,1,1,0,244.0804486338074,0.7835076527858732,0.6416080374357739,0.36927385495539655,0
16,8,16,0,31.220837620251366,0.18586146168365986,19.825228744438828,0.8313410793898733,1
5,1,2,0,176.16286008730052,0.8138952993489019,0.29118095206982303,0.029259535734487585,0
16,2,2,0,228.16261126199902,0.9300934703414327,0.4770416689084898,0.019391809373775406,0
12,0,2,0,289.87525198672375,0.8412196807908123,0.22175641160374263,0.12299055462202234,0
23,2,0,0,279.20779367539905,0.523284270935023,1.3396615547031756,0.03250186187904667,0
11,1,0,0,137.49872772578368,0.752148511356862,0.20911834766661314,0.09547539482436554,0
20,1,2,0,251.75185264315027,0.9482975050252119,0.48321387245568215,0.4558340977501741,0
10,2,0,0,129.6335163277813,0.8838775549627442,0.6680544336187092,0.22759686246470368,0
17,2,3,0,132.95255138138117,0.827408349638416,1.946411792353326,0.03367901411617139,0
0,4,2,0,230.60152307638734,0.5949917873226888,0.0524229424600816,0.03797075749259014,0
3,0,2,0,170.93500335969927,0.9152148562296197,0.5809054494134208,0.1966591838176282,0
22,1,1,0,252.56654159618574,0.9135872564922014,1.0410414586859853,0.023831568416756977,0
2,1,4,0,163.05244805319595,0.886523307099816,0.33287285869268146,0.12078693967996282,0
12,1,3,0,150.1396888889757,0.8448762852341851,0.21722677075250693,0.23392049849902968,0
10,0,3,0,180.68743448993766,0.8697399607307041,0.506394924844044,0.023832338688975597,0
10,7,16,0,28.08266326066027,0.23616985238170723,9.368085541902461,0.6738081843223884,1
4,2,3,0,149.6395083644106,0.9310775065053316,1.2619555642565101,0.03003945931418181,0
23,0,2,0,112.71867495596666,0.9201436841083435,0.2954982079559313,0.008379779505319826,0
1,0,2,0,216.68700472625375,0.6735755355061529,1.699838279168141,0.3720157468749722,0
23,1,2,0,215.56766873611429,0.7850605325848607,0.6324262957515808,0.010215124282448513,0
7,3,4,0,136.52522458767152,0.600333084717271,0.06493951330258878,0.012992254999789206,0
10,2,4,0,102.99465143040089,0.925481378658404,0.34437990585523076,0.054196936986157615,0
10,1,3,0,58.622787365531664,0.7967883905052636,0.5498266181870884,0.114262350486716,0
7,0,1,0,315.32040079118804,0.7718431630566511,1.630712470618364,0.2375141067256594,0
0,3,2,0,189.64806875124597,0.6585056993457771,0.22109199724606202,0.061008710418889354,0
13,1,5,0,203.36236548734485,0.9248361785027888,0.027978998363959208,0.10252321382930439,0
11,3,3,0,152.86170394397797,0.8296872183186534,0.6531396834360806,0.00924556458602809,0
11,2,2,0,172.73111152232025,0.4719922525558805,0.0930395421521144,0.01571407981984467,0
2,0,2,0,167.60892130338817,0.9406670457738322,0.37478011086267826,0.03178641969603809,0
0,2,0,0,190.41339274068224,0.924592203480306,0.1214516796256235,0.0035726853150749725,0
2,0,1,0,224.51258651755035,0.7381481642226677,0.5581260912758211,0.34515985007591504,0
16,1,1,0,151.13214175876672,0.8704986040981054,0.34162746081133605,0.2954474711814197,0
6,2,3,0,161.35462616687582,0.7075541320563333,0.3429919859117257,0.2028168884421348,0
5,0,4,0,147.31761463533897,0.8560516568557319,0.41940637222580207,0.03163418075713828,0
21,8,20,0,59.406987820992136,0.4977624867263453,1.883173481447422,0.6388447830107131,1
20,1,3,0,271.13477899412305,0.7225069533756426,0.8770043461137557,0.2950030818004487,0
16,4,1,0,205.27453731847493,0.5550082282146622,0.26320632891117973,0.44755153409581083,0
8,0,2,0,134.91457037130306,0.7557337670909533,0.04235799174791889,0.18009223642134536,0
8,0,2,0,157.48505115520965,0.5883375149584179,0.264234856958993,0.2172824155635757,0
22,4,6,0,125.00750315493596,0.693570844509605,0.7590440496091554,0.09454021309357963,0
10,2,0,0,189.10424471509276,0.730109952834318,1.1624277688578264,0.305143120215101,0
9,2,4,0,190.78867186144757,0.6802243102851137,1.077483354916866,0.10352172523053367,0
18,1,0,0,219.40028748877967,0.8368660990470427,0.3270058192908616,0.010107523441340546,0
2,2,2,0,225.0026631516682,0.6980386822830346,0.4250188025031398,0.20861510812164674,0
21,10,19,0,0.0,0.11153071946159068,7.9439661435584075,0.9385897702563942,1
0,1,3,0,154.8090084650553,0.5691102909061635,0.9126755107329579,0.02655226676136084,0
21,0,3,0,332.92687719633545,0.8184010478256583,0.061110852204482924,0.003604602767395384,0
22,0,3,0,113.83504848537717,0.6711375916219374,0.5256820642374672,0.031153427210790053,0
9,1,2,0,214.1494689467612,0.9494030385376957,0.015288729971867272,0.023286644558398777,0
8,2,3,0,261.47149871253976,0.7660270827880945,0.25084390142039636,0.021259089057762807,0
13,2,3,0,238.09765855762416,0.7400831280944373,0.6255310563525491,0.2545526579559173,0
4,0,2,0,96.65789225254835,0.89828818987769,0.10574553031908683,0.33105208014226206,0
23,3,1,0,91.93367247452835,0.6026956101907287,0.18419950697052082,0.09811010232525148,0
20,0,4,0,180.8230330130963,0.8769586931709619,0.9859138591316907,0.10313554185937303,0
13,1,3,0,186.1892721934694,0.7737001690960841,0.25179073484124564,0.306751919832844,0
10,3,2,0,132.95764381728492,0.7323294871303708,0.21193233378688053,0.37699961466909965,0
20,1,2,0,235.18255299613625,0.8748643397935107,1.893466829389772,0.15399876702591742,0
7,0,2,0,81.81777933819973,0.7411762197173605,0.6799511164070882,0.09748197857699738,0
23,4,18,1,100.34576443826451,0.11288872207280372,0.745601296298935,0.8109016506459606,1
19,9,19,0,52.40829082889578,0.39207733490832103,3.6835396393985276,0.5980742728525308,1
19,4,16,1,94.9932981934322,0.31156473215308345,19.775023462210484,0.6999588329923706,1
8,1,3,0,143.09572846773472,0.770771153602247,1.4008157961791536,0.3072545096543918,0
13,1,2,0,160.5274008986405,0.8186831004900795,0.3026562910178297,0.05485752875598805,0
1,1,1,0,161.26089113584823,0.8911358183625733,1.6127324981648437,0.033600018082160524,0
20,6,17,1,71.03781876070391,0.35321438897613394,16.713345654450446,0.6741659003599362,1
14,2,5,0,227.20825562281559,0.9091463425636426,0.8922614405728403,0.05770205175316228,0
21,1,1,0,191.8900403795991,0.7095993494062242,0.4789556072896911,0.2286594978007015,0
11,3,3,0,243.51251450782496,0.9008952318871793,0.639660308404125,0.23047644385792312,0
6,3,16,0,90.97675771594463,0.16999430414834277,20.447906409965515,0.5906278033748331,1
9,2,1,0,210.6405685594352,0.9425984149056855,0.46435844207645,0.3374843538986392,0
17,0,1,0,131.63484455897682,0.8338278106545569,0.6511354652881347,0.32199162049776103,0
7,4,0,0,138.623794434943,0.8598442155579941,0.3260320743468931,0.12673122704603243,0
23,2,2,0,142.9532839199088,0.5251769926457626,0.7302460323433783,0.06419981623043519,0
0,1,3,0,140.48681833912354,0.8575496047302513,0.2847491110445471,0.14291925017240203,0
17,2,0,0,156.99524756220868,0.6785910870575292,0.10001331267713474,0.1313044518707521,0
14,2,3,0,141.50829343584198,0.8239900980755599,0.34345078252798267,0.05599470693681811,0
20,4,10,1,2.032160943732265,0.15465215580079905,10.368145761851979,0.9197157511766366,1
17,2,4,0,196.68954863133067,0.8311439327105961,0.9667001105324204,0.024483068333982873,0
22,1,0,0,250.51950757959796,0.589476747414297,0.5193978422891915,0.03290093916879804,0
12,2,2,0,138.88057174492496,0.7150820743121178,0.12949111200893304,0.22587709814681003,0
11,1,2,0,225.9850137051164,0.7272788704193168,0.17091442662588138,0.3681391113073872,0
5,0,1,0,208.99565988497798,0.5697550944946782,1.407791676120732,0.0165672644109331,0
16,0,3,0,133.12228309196115,0.6772838233294732,0.645514061171945,0.06981031161940915,0
19,1,2,0,259.8429867971943,0.9437210030877264,0.4451707805570869,0.06719349899058219,0
0,1,1,0,233.5828618849654,0.9242124898391973,2.2319348436392796,0.06569313653255113,0
6,0,2,0,194.52198044280223,0.6843917999465599,0.39372259574183976,0.014301790909789705,0
18,0,3,0,135.28592101659208,0.7717566724837702,0.07885605388753661,0.008838091955722825,0
20,0,1,0,233.50853903719596,0.8948929542767515,0.3602923534001976,0.22054098637095934,0
3,2,0,0,170.23284471269653,0.8660417881744608,0.0350011225912592,0.07197780919977122,0
13,1,1,0,160.65162887554123,0.8665076855590105,0.43072889254933666,0.1424479054032804,0
15,2,1,0,230.54407397877802,0.640673865720364,0.5318781685919546,0.09173584701746414,0
15,0,2,0,191.8054353068063,0.8225655280259218,0.34186390546663104,0.02393789121885272,0
17,2,0,0,291.59226408387985,0.8603283876331153,0.285312524661672,0.10559572777154534,0
6,1,1,0,94.5175252155158,0.7047325213577911,0.13886307876467135,0.08398586241799248,0
5,0,1,0,189.46716680322578,0.4560065731613323,0.3017450189566602,0.04910102117136625,0
11,6,9,1,4.636175987168237,0.5682154875504832,2.283497963811881,0.9363041526771626,1
3,1,4,0,206.6526617481948,0.5795914235212091,0.5306778111109356,0.12269274803971718,0
0,5,20,0,14.198874858333557,0.32777790164917975,2.8400310232032706,0.5733426340857152,1
15,0,7,0,246.71630333815835,0.8901990660303121,0.988411341546787,0.2157233309034611,0
22,0,2,0,217.41067977768552,0.9145803045627575,1.7469062972880463,0.046835918548951416,0
12,1,1,0,131.94477984619374,0.9064471149062036,0.6969295674069252,0.028541690859070337,0
15,0,1,0,285.7320869274109,0.5547280340363613,0.036622233226841376,0.012867895767336268,0
13,0,1,0,161.2196512286165,0.8216996682331837,0.04111123956968576,0.03198209295949863,0
1,0,2,0,185.98824004228877,0.8216151199297868,0.2637561739653515,0.008211115446321056,0
14,1,1,0,164.22808713107864,0.7239473639472622,0.696907200152553,0.16420630587574336,0
19,3,0,0,327.4601201298276,0.6543685308751374,2.348736969004142,0.13869519370587452,0
23,0,4,0,203.0577741967951,0.6151239420933965,0.020667539402597444,0.07483026995219082,0
17,1,1,0,190.17385937749967,0.7766976063302152,0.9091714565593879,0.1485515094305232,0
1,4,14,1,6.6457126658784915,0.039288833055330284,4.477250413610546,0.921431164613131,1
20,1,4,0,169.77305800661935,0.9028853710694741,0.699245106909917,0.21529876773460424,0
23,1,3,0,209.81229464354547,0.8948898814264103,0.7340473391776071,0.03505640562505135,0
9,0,0,0,198.81750044184992,0.7853000151580077,0.4851553705503132,0.074710074431181,0
4,0,1,0,162.75683022315485,0.6867881437386816,0.3885161720505423,0.049074538432440015,0
23,0,1,0,152.6123703844548,0.8758578023132658,1.3648588398647845,0.08227560065113129,0
13,0,2,0,122.78782649747298,0.8865968067980219,0.01163063978140252,0.09343246011040451,0
20,3,17,0,65.08631591189017,0.05945210535107069,2.913635636076739,0.7990708852112941,1
11,2,1,0,272.81129063859794,0.6572938236582562,0.08638510579762983,0.019665689052378605,0
5,1,1,0,224.46026157208894,0.7593745456378617,0.36729028586731116,0.031112048476791616,0
20,4,1,0,158.25634657844986,0.3929642176707233,0.34617869919841976,0.04614823962172563,0
2,5,15,4,47.713131404363736,0.300656670540856,10.867379631768515,0.7380348346129878,1
8,0,1,0,216.24010813189005,0.8263620824115038,1.9985810239751316,0.31178972003415156,0
1,0,2,0,231.5088014557242,0.9862988714949875,0.3378850427360912,0.11250902863892898,0
9,0,0,0,189.02354358141926,0.768574521845961,0.4493185544649789,0.14501902090588742,0
23,1,1,0,256.79053862075034,0.8094152079367822,0.05666311999680796,0.12126735814629089,0
14,0,0,0,306.5601277983875,0.7529589354246597,0.41017830969113783,0.1618667049140033,0
17,1,0,0,88.52514369625443,0.8900712627730273,0.09214422467988648,0.1834150977764014,0
12,1,1,0,234.51509706311657,0.7317112814693002,0.21354785753993086,0.08409096074000004,0
5,0,2,0,176.80647492761676,0.9192571465001604,0.3615114527803701,0.06861828819997114,0
22,1,1,0,120.62853741530591,0.8016046536193541,0.5439160091111962,0.22128041239863208,0
16,1,0,0,146.8688814865177,0.8140661895079939,0.7652965196343472,0.0997673941828259,0
2,0,0,0,234.17090618516528,0.6729637796151,0.9223683223740173,0.03235718271579225,0
6,0,0,0,154.55419616996895,0.7678373472472408,1.2116223022803787,0.0812323970172854,0
9,0,1,0,174.8370559957986,0.8835998901514726,0.10494182786855094,0.0245352612904492,0
20,0,3,0,218.15407469069197,0.7205200655131851,0.35215554244106806,0.20603613740606924,0
12,2,1,0,154.79234670586084,0.8551129058623039,0.15723941340212802,0.5420508017157509,0
11,3,3,0,128.1828185191506,0.9015390646102143,0.38380774215395763,0.04315360716711466,0
3,1,2,0,202.17213800522146,0.8854519178553073,0.07259991391414622,0.08520863463489142,0
17,1,3,0,199.89599249872458,0.6288048301204494,0.30328612937729904,0.042739928848557845,0
0,5,14,0,54.28020164999741,0.305754339528538,11.634303063569995,0.698529868836047,1
19,0,5,0,196.3170898280645,0.9326645413460757,0.32074149846057726,0.00869597754135248,0
2,9,17,0,3.286403278279373,0.41955813999532443,0.9428270743062881,0.8046381228800324,1
14,7,9,2,21.832569140520324,0.21808312736243632,22.764452971149396,0.702307872443889,1
16,0,5,0,167.79280592381355,0.8089457263158979,0.2550325802774758,0.00840485030928947,0
15,1,2,0,134.54145553979495,0.8702779356313439,0.05955970830627638,0.004858164536850249,0
8,11,16,0,54.4570563567263,0.25962574665479426,14.090644003214749,0.4027913595332723,1
0,6,20,0,0.0,0.054453564478619536,0.9959510202858781,0.8510322477332156,1
0,1,0,0,53.48817232417653,0.6858488776135144,0.6564432032726956,0.21426292736955535,0
23,0,0,0,201.19178510407414,0.7697561849936742,1.1574131157604985,0.06068306792377719,0
23,1,2,0,223.46726865992702,0.9182046768208267,1.4697262459538576,0.20134319435493062,0
16,0,4,0,140.09082817163545,0.9109222813731406,0.5532757657713502,0.1329629052020802,0
18,1,3,0,292.56225154947776,0.8810675975764105,0.3967369624505676,0.054049757298778985,0
12,0,1,0,177.93550316955066,0.7922786000867055,0.019556276275310546,0.15753559405179152,0
23,0,0,0,184.5680344067379,0.8625705781378543,0.684898005478422,0.253850284639588,0
14,7,12,2,47.38632601995712,0.3763564343252936,4.072498442448091,0.8207595951432628,1
2,0,1,0,111.89135928219534,0.6884903211324852,0.24972536444464358,0.05539440464561679,0
6,0,1,0,174.66958580715877,0.9022391244737165,0.6008977655100862,0.2668267478126162,0
6,5,11,3,34.33844870770882,0.21959533461314865,4.20093601490374,0.8677268669066784,1
9,2,0,0,169.998688507127,0.9929948382005139,0.08651244548099567,0.16317373008774913,0
7,1,4,0,129.98322171972143,0.940209802931038,0.2376133535588852,0.08075543282845928,0
11,1,0,0,156.2703623309164,0.9526624167930313,0.25764281462829575,0.04498127373829423,0
16,7,18,0,84.85242056286998,0.15151710751191816,1.7374189152060027,0.7640253719967532,1
4,7,25,1,48.39923427326747,0.08665780445214832,0.8509898761572532,0.9460775230769376,1
17,2,5,0,231.7461589769015,0.8812477217103724,0.7102475093507739,0.00546030724301477,0
16,0,2,0,275.1772359308868,0.8690574793709339,0.4855216671137116,0.2043172289701162,0
4,1,0,0,129.05724464067387,0.7373803694107325,0.7027187145622512,0.22283291288643858,0
16,0,6,0,221.4817778264903,0.8258276388498396,2.136619811173616,0.14817576558496465,0
9,5,22,1,50.478279896473914,0.24177461979764733,9.916628603698824,0.6238027663393001,1
3,0,4,0,135.7492812352317,0.7505222492674524,0.057351769493506594,0.10510672485860685,0
1,0,3,0,177.82653569434902,0.31640128096538106,0.0940612761918537,0.21810344851468655,0
0,0,1,0,176.37744923336544,0.9446708563609384,0.11675607645339751,0.04568173135645411,0
19,7,11,3,32.15942974325195,0.08220724810262321,6.523099063280577,0.7036625532818168,1
3,6,12,2,67.12977596042046,0.13217472742214056,3.6891649173755323,0.8525441604563678,1
12,1,2,0,222.86047516571742,0.6110326108411266,0.1841584922770204,0.010115451312305367,0
21,2,0,0,159.76494263342846,0.5901053577333124,0.18747191388226495,0.06770420834187951,0
7,1,1,0,238.40311895942142,0.7120269562677327,0.2303089129270592,0.13945559410098082,0
23,2,2,0,260.61993422662573,0.8968254552054439,0.1751895595151916,0.10940187966411759,0
7,0,4,0,127.38438308949324,0.9073430732519241,0.9485954796973994,0.0073806832796736235,0
2,0,1,0,97.70493450217106,0.8557331679626222,0.17715507553037227,0.16865838754248172,0
12,0,2,0,39.12132370026805,0.6720374480521154,0.37694187828198333,0.003497654322201556,0
15,12,16,0,91.90138225249596,0.43938331352593024,0.583278589433311,0.733496016653493,1
2,0,2,0,164.24351951435943,0.7773805078928636,0.002280107921886316,0.008393936253556387,0
5,1,1,0,172.33495064076712,0.8696093260471781,0.6531115404884922,0.2809808518966145,0
1,0,3,0,231.06325726351068,0.6790399082797918,0.12530450896872236,0.031442949407981514,0
2,8,13,2,41.04352331130745,0.1809888050202809,7.602351332272914,0.7577509331989876,1
7,0,1,0,158.22904681843823,0.6164565233334619,0.20187849907543626,0.040449663373622845,0
0,0,0,0,142.06526527929316,0.858079016925187,0.12332083283846541,0.002294070856171575,0
4,8,14,2,93.1077318408637,0.34371477607613843,4.078448512266333,0.7441428614527604,1
22,0,0,0,79.84226510037148,0.6163455848099667,0.608865506382823,0.0398385551810704,0
10,9,21,1,45.983845092439545,0.17711003715109894,8.509990350443816,0.803160695652119,1
15,3,25,1,6.257492152140074,0.2008386021614439,6.804425230734238,0.6716613249594447,1
17,2,4,0,107.92328926267676,0.9806674225575438,0.5957947709853981,0.04511748824676326,0
15,2,2,0,126.80830220907765,0.9709082954748873,0.6025745532533673,0.1497611326099264,0
19,4,2,0,155.01979863248238,0.6043564203189623,0.8249215447726548,0.03658768277169149,0
22,0,2,0,166.9018998687293,0.7475165403271554,0.46044267310219394,0.10322423075284547,0
23,2,2,0,184.61982902229627,0.3857797597929051,0.39875044083756056,0.017616080275210954,0
14,2,3,0,46.77618681335281,0.6919088335031485,0.2730202597034824,0.02127686699043811,0
6,1,2,0,290.5800976180066,0.5134533647480207,0.45329423724092727,0.34228262189958214,0
13,1,3,0,156.094146129271,0.8069343209892285,0.07844941977765868,0.2713686644187091,0
19,1,2,0,237.95983391296903,0.8660873125515047,0.17523660801771676,0.013291812836792103,0
23,2,1,0,254.07851218292728,0.9265997102213215,0.12773026700921108,0.16317901892845646,0
23,6,17,1,0.0,0.20264300220319584,4.9371047590598405,0.9192584303238424,1
13,0,2,0,178.6763192857135,0.7722459865636639,0.17493577086780707,0.11209861069452962,0
15,1,3,0,172.66155792402014,0.9210265404224952,3.7274878238471767,0.12177660890089029,0
17,3,2,0,296.5151681573108,0.8006931472741393,2.007331543090789,0.039918796788494706,0
2,0,2,0,76.42833473256239,0.6138512839398654,0.03386226068599511,0.0018981458797807903,0
9,4,21,1,39.697656693454256,0.25044165152577935,5.417992001671233,0.7644197509146861,1
2,1,1,0,314.7706698143975,0.7171351002608728,0.5794775916143697,0.04678077052205522,0
5,1,3,0,146.00689954637352,0.9685218473075664,0.5378133661526657,0.0432542044783342,0
18,8,10,2,64.27325069363886,0.2903533635244584,15.916139300228965,0.8473587389393837,1
1,2,3,0,314.04653260688985,0.8601430073588264,0.6635279762275141,0.1327963863466114,0
21,8,16,2,51.41918586794867,0.13116022388072518,1.1055491521915595,0.8261155360789387,1
14,7,15,0,63.61445589726465,0.05714831239881518,29.35832842343242,0.7332526375032545,1
7,0,3,0,112.21313885513237,0.9703870324012125,0.2139266590397512,0.07281256374523276,0
15,1,3,0,182.839657144191,0.5474994579095006,0.7781682640928551,0.1849148775826652,0
22,1,3,0,112.58603506379433,0.813623840481227,0.01689451628622419,0.18641601875982822,0
3,0,3,0,201.34132638871964,0.8571102518590422,0.7376439236578376,0.02901762076434525,0
2,1,3,0,52.84095515143537,0.6369969778734127,0.3811783525341414,0.04180927296441301,0
13,0,4,0,181.97683339685614,0.6710635455410635,0.20736551687066837,0.11537599678289533,0
7,2,3,0,184.89246926467362,0.6446169480538573,0.3502867641259032,0.3756215385816157,0
0,12,13,4,33.78878569521166,0.30985633123043893,1.55108174113423,0.8129447660740876,1
18,1,0,0,255.29268659576263,0.7208264858631857,0.9736538500218322,0.05923223685923645,0
7,1,2,0,163.54800287103396,0.852457470633977,0.0013368998623470762,0.007559912053326399,0
8,4,0,0,193.82850973677256,0.9197639779723703,0.39898709818191236,0.07471889152634505,0
11,0,1,0,98.67509820270273,0.769834444755918,0.15101779018267592,0.07165676578357219,0
4,1,1,0,119.20731889365611,0.710428179480431,0.2797526596395929,0.32016263341013124,0
22,0,3,0,236.99222453412352,0.7076243309713972,0.10009869580508186,0.00951203150471954,0
19,1,1,0,258.21469221617417,0.8545234682253042,0.2653675841027655,0.0039312149842781596,0
18,3,12,0,32.27809948121666,0.20443070858682244,0.33004937864101846,0.8080245413316962,1
17,1,2,0,325.1482514214761,0.9526490825266688,0.6033722490039446,0.021024225721814404,0
19,0,3,0,220.74832909951175,0.8137151353008478,0.8808135116334065,0.19728211635866044,0
23,0,2,0,175.2789241732389,0.8648427186854487,0.6187283835513169,0.09524874272666746,0
15,0,1,0,184.82693787397105,0.7497416745947941,0.14607380324874544,0.020006901340799844,0
14,0,1,0,75.60335343626627,0.7665881346689166,0.038041485021399014,0.08168819626083283,0
18,1,1,0,317.1405692249957,0.615961636763552,0.23455396847713342,0.1868684619538279,0
8,0,0,0,194.57225227335232,0.6135874936324212,0.24237579969525147,0.08315677276633845,0
17,1,1,0,191.25429466186796,0.8392494020152262,0.46395532482689805,0.04864885861649315,0
11,2,3,0,354.97215465200566,0.8784755311095175,0.8165258712433814,0.0246540341650284,0
4,0,1,0,95.72892644570648,0.7015497996696024,0.33778675747692816,0.10673468372505802,0
14,2,2,0,318.1603279366516,0.902695549152541,1.0591837875817387,0.13946722723485117,0
1,4,20,0,50.70230832242885,0.5092412672517116,2.1898235467832854,0.46808346068174067,1
5,0,5,0,136.3721726890833,0.9569143988450374,0.449595924268011,0.08989075811722894,0
7,0,5,0,275.1479072466432,0.7871318790369815,0.042109571095318016,0.2357211349709605,0
6,6,22,2,87.458112845042,0.1861871577456794,19.395350196973197,0.6837000839276756,1
14,0,2,0,228.26101785614748,0.8254604376042124,0.15153797379350537,0.17464147773309635,0
8,0,3,0,207.95558929698893,0.5709398621691059,0.545688311044118,0.11504773859140557,0
16,3,3,0,290.00938698829424,0.9393468533684001,0.15646492335936837,0.08912420836874477,0
4,0,2,0,122.92052993568988,0.6979160482896399,0.05596663045130954,0.34787286779656174,0
16,0,3,0,84.38541300610686,0.8605672709307935,0.27294993251369504,0.07933875011121273,0
1,1,3,0,63.94928553652659,0.9861021539131043,0.23249964828011588,0.11880700584712098,0
5,1,2,0,160.69572080327114,0.941810050417617,0.36846277590617754,0.00882144464011706,0
18,1,1,0,169.7689138053179,0.6667134862186834,0.2099320559319579,0.08840303249948155,0
2,1,1,0,184.85599954841135,0.8120232165307073,0.2856646924049739,0.07560412621017684,0
0,0,3,0,37.96243135473182,0.9779306064829875,0.28622483621316347,0.027027914607741017,0
15,0,2,0,155.26634383573997,0.7431554860181764,0.2700089081700226,0.056879994626119305,0
16,7,15,2,90.51671174060918,0.12476105246886014,20.262928203293395,0.8763064698582264,1
12,1,5,0,149.9218872869674,0.6597387799227792,0.5205435770992528,0.030084641530887305,0
2,1,2,0,173.8525014313011,0.7147822155842943,0.4534433566809685,0.10214371753149462,0
1,2,3,0,115.50524609939646,0.8328327043458436,1.6743906834806925,0.010018053568085555,0
17,1,2,0,217.04326647347847,0.8762719541479957,0.6893609813880569,0.10702282759225841,0
9,6,20,0,8.334559474457734,0.26846003678657687,7.491752449048479,0.9787036591934359,1
7,6,17,1,73.80639788616432,0.0946035896367735,9.774615000105575,0.7882740193462427,1
22,0,2,0,214.5374165042387,0.8925076871087345,0.006721185851554778,0.08281084893817287,0
15,0,0,0,124.41258904041197,0.7450966632769891,0.7700631232608017,0.17556106998085724,0
23,2,4,0,160.8959836126711,0.291969412138808,1.621414759604266,0.14255727021966313,0
12,1,4,0,216.4434856078993,0.7132523959346223,0.4638025667017862,0.1068670272708539,0
19,10,9,1,19.16010751187662,0.16379355209404317,3.8547185472472814,0.849070378762718,1
15,1,1,0,198.26438157796997,0.847573135686116,0.601252906432825,0.08396648156088976,0
7,1,1,0,218.83428564177052,0.8524434087249784,0.5010750513278115,0.33904370383219906,0
20,1,2,0,221.83536649473928,0.7486360519523679,0.08520884069276224,0.25210974722999974,0
20,0,2,0,184.1494935009865,0.8946336358922672,1.090340919416143,0.11467795545632951,0
9,5,14,2,17.567062800413197,0.23032267146361976,2.5883730671534115,0.7598523301148101,1
23,0,2,0,189.66065652904942,0.8403674131141956,0.21958481444853528,0.19283075040881117,0
8,0,2,0,152.68554341903646,0.6547116971616935,0.1117001941106951,0.21429736072329708,0
20,0,3,0,202.84208924906667,0.8223107839955173,2.0211993056979285,0.20024912335558145,0
17,0,1,0,186.51803887782893,0.9363786510598886,0.09173941811459645,0.09064071654125999,0
8,8,13,1,60.5704797165974,0.5462958371081794,5.013421486132739,0.7882596604223988,1
16,2,2,0,78.9889845233613,0.8572447594485928,0.028968799875878918,0.3837553382949796,0
13,8,19,0,0.0,0.23581157976982411,2.3373512807841634,0.7168683505681867,1
16,0,3,0,149.20436865219114,0.6277041074964972,0.27215562706934454,0.15321766223816535,0
4,1,1,0,189.1106675453546,0.9385528314808921,0.3325883658170896,0.3130643507830089,0
7,2,1,0,194.387385325132,0.6630231502746093,2.131040154673992,0.2878335197842884,0
1,0,1,0,194.52780172202026,0.8023979245774604,0.3190206998049646,0.029258278455352546,0
16,1,3,0,215.2682635360174,0.9258641324620577,0.42932558652297836,0.0062910007625752535,0
8,3,1,0,143.68574361621526,0.9501397235450023,0.1029835932420627,0.0050131211045578465,0
3,5,15,2,80.7862060503854,0.19232307507538227,19.600821574536912,0.8875153887339725,1
19,5,1,0,117.09509150254965,0.7498193228349906,0.7466031717764252,0.027895070495758883,0
2,2,0,0,125.16554100738232,0.49847544987872106,0.7229463054325137,0.058745813294428205,0
3,1,5,0,142.51752605153172,0.6737397516275978,0.6628314959873494,0.12940860140344146,0
20,0,1,0,271.67930340971355,0.7192314780177681,1.3489239008827578,0.007608275378373516,0
5,0,4,0,197.01411260762276,0.7696476247612438,0.07370976571492024,0.30433803912557583,0
22,11,19,2,0.0,0.5170917560327767,1.9782162706964608,0.8941317283103216,1
15,1,1,0,257.05623575783443,0.7952620593585676,1.1493822320630327,0.22384576880266932,0
22,0,2,0,223.2542827464405,0.8530913009566797,0.06609914567303851,0.0017099723972935057,0
6,0,2,0,212.14194895814197,0.8105883485628348,0.18277199340991007,0.0559706966918893,0
5,0,2,0,127.47136619659705,0.8938084148387975,0.11414367439757059,0.0381492181792711,0
6,4,2,0,114.63951493942642,0.9254903621942945,0.26825648002069274,0.0445606699059929,0
15,0,4,0,226.04308614172083,0.6606403173508671,0.45335464296645045,0.04443674004387502,0
6,2,4,0,214.27829720617416,0.8578840454558325,0.2113320419775028,0.2260757092167635,0
13,1,2,0,102.50784354119837,0.8211836088454407,0.15906448632839693,0.11181895697199726,0
16,1,2,0,229.52102159407755,0.929228977350131,0.1558950841889599,0.18592255508626054,0
1,1,5,0,278.0778387210681,0.5997738819853333,0.14211143107611457,0.0672213661540713,0
12,0,3,0,114.7075850068315,0.7783322597240259,0.20593684680259677,0.07773597739116861,0
3,0,2,0,209.1274293572676,0.6754401970800069,1.154253858728148,0.12611793708255808,0
15,1,0,0,265.8576479342332,0.9344925406038896,0.16830663645744942,0.07294662284185884,0
1,0,0,0,100.42727604235247,0.8752215188146503,0.25987916814973716,0.3447740206494299,0
3,8,8,2,0.0,0.2255091357836667,0.10978516670964977,0.771927447649364,1
16,1,1,0,267.94833779220903,0.6209293061922627,0.7456078822287604,0.1858142732963181,0
23,3,4,0,219.47159950536582,0.8907551848179269,0.6227755825022432,0.025158453566623405,0
6,0,2,0,234.4500056952391,0.9491822564559865,0.005818588580227836,0.16860458177151505,0
13,2,3,0,184.17516721600276,0.5524389415269043,0.25644397797724977,0.24722672181275315,0
22,2,1,0,178.69853241041162,0.6562222163648977,0.039847664405543215,0.12377407747427394,0
0,5,13,6,40.64187447010347,0.15572630688053687,1.5440837847758824,0.9165846637021873,1
21,1,3,0,56.379885237697835,0.6864581702988467,0.7001033030785514,0.04739689489764568,0
11,1,2,0,210.1933922655855,0.8373269421159129,0.259443132423402,0.04795912060656305,0
18,1,4,0,110.783296563497,0.8747850138922602,0.17394665878059828,0.11138246868825782,0
7,4,13,2,2.171421462526247,0.33982101438085033,3.86298059576629,0.7777070294311698,1
8,6,19,1,86.03801355131057,0.08377105096101753,10.714629451366381,0.7597692794449413,1
17,1,2,0,127.58884383940556,0.8406295258086797,0.2051434352334917,0.02750850570357302,0
16,7,15,1,86.33966994694994,0.1337533985738625,18.43876964950936,0.8106529563436362,1
18,0,2,0,53.322941865296855,0.7321892750533114,0.28058135350009566,0.0020924840472748476,0
21,2,4,0,267.6906190414776,0.7822758112685078,0.7971150051880238,0.009669357808591638,0
6,0,3,0,147.84198687014185,0.7732231104188376,2.1027631036653487,0.06369203362667851,0
16,4,17,2,91.00882967901573,0.25842475420456185,3.212733598429846,0.9286300093276981,1
14,6,11,0,48.37708815300654,0.13128036202661858,0.6458085296760177,0.8052307884171804,1
15,2,6,0,188.81981503732192,0.6635166593450395,1.223501035498557,0.008474561928007315,0
10,10,11,2,57.76283046421642,0.34708556932056533,7.61148304411155,0.9397654514960699,1
21,0,0,0,159.21161111476675,0.6541538907243787,0.8608533347849041,0.06513172106716773,0
19,0,2,0,76.16447259730445,0.889781417178209,0.34953587156300087,0.058493623386998816,0
2,1,6,0,106.19089666926445,0.8547268970652494,1.3013745597404578,0.033707235092170655,0
15,0,2,0,151.29978061674012,0.7534793116149683,0.4849362738862882,0.0032095011846635297,0
1,1,2,0,235.1766615622388,0.8884869493088523,0.05249424418198946,0.1135059486658676,0
15,6,17,1,26.63346857024044,0.08034389581882838,4.9639212798959145,0.9077413888563756,1
22,6,17,1,0.0,0.1487708175551457,0.13681200446138636,0.9620783410308464,1
17,1,1,0,116.83485420907525,0.6706769593892247,1.8118225293559527,0.05982768298753763,0
3,0,3,0,210.72639491430579,0.8084256583959973,0.2312642666787139,0.1400168746714691,0
22,0,1,0,249.89779004459405,0.7587301365481988,0.918622971512473,0.23108129447228803,0
8,1,2,0,249.08637679931036,0.9050940864660129,0.4404090944675451,0.044081058164324914,0
10,2,3,0,96.51427922371035,0.8101873340947537,0.31516749231606156,0.0952597990888273,0
13,2,1,0,249.6394396746761,0.5850756685198457,0.0004295029935518491,0.10455924941030946,0
14,1,4,0,184.3354530915888,0.4448944673867058,0.22500182965803323,0.10593637424282848,0
11,1,2,0,219.16324785303175,0.8069291031984708,0.4675363748446118,0.09711213152126304,0
4,1,1,0,202.35021831707186,0.8875505562193885,0.13242196168446832,0.10454622388793654,0
15,1,0,0,177.6404489891016,0.8562288856802575,1.1940365095230985,0.12187877733230007,0
2,1,1,0,190.2763656927409,0.8994012708483415,0.08414464449170125,0.13558099287672748,0
2,4,1,0,53.48656196844635,0.6969946160581315,0.5161267392550887,0.032091337363416156,0
23,1,2,0,202.85771143073032,0.8887861484722438,0.25149453749022377,0.05256794504102301,0
2,0,2,0,265.9874364923837,0.9311843796870646,0.5065516494754678,0.005994505994783519,0
1,1,2,0,203.21271593744254,0.9008795536557018,0.8918598824719408,0.06819434764897997,0
12,0,2,0,261.87453931339957,0.9333713368704538,0.10002269835689687,0.050607169100647026,0
18,1,0,0,115.25209252215411,0.8436730192987936,1.2024530667121698,0.14874893862066943,0
10,1,1,0,238.98243123647057,0.8230157371796311,0.0821552402587661,0.0015252848168170905,0
5,5,14,2,0.0,0.46099233489779895,6.424106962826251,0.9460317568525538,1
22,2,13,1,59.99226897927076,0.15497185190411003,4.348610409891171,0.6142685169789301,1
0,1,2,0,182.7767680804433,0.3447235058249737,0.9339332788656797,0.014308209683118795,0
0,1,1,0,244.3731882187501,0.9107693402989531,0.02017166325853882,0.44108500966491393,0
4,1,11,1,22.62965712433323,0.5464749367643371,7.02706473900522,0.8880690060644411,1
4,2,4,0,216.19928283295724,0.6652203905620128,1.4390972686796704,0.3545974441172156,0
17,0,2,0,200.53737323691863,0.8615809577253569,1.5304345802528336,0.07089646657033354,0
22,2,2,0,85.99506056138192,0.9724867379948959,1.1400376996621187,0.14916721425318497,0
7,0,1,0,201.3583693818711,0.7520797262019894,0.10146035281063098,0.040509599942939276,0
17,2,1,0,133.4903535897393,0.700929384529171,0.39085619414524814,0.05357912018990496,0
22,0,5,0,284.2903986878855,0.8118021788590863,1.5081275601513855,0.05055940386906882,0
22,1,2,0,231.30845250645666,0.9127791188180581,0.2626942868572881,0.3644898170956482,0
8,1,3,0,245.54331404944776,0.6372770059991723,0.2659346739118439,0.04731067915057505,0
11,1,3,0,244.27474561487605,0.7364865000531183,0.011504300003360434,0.21327856600902423,0
15,1,1,0,164.9946450951978,0.8409865924581643,0.6408396427450519,0.24077872008587056,0
23,4,2,0,49.33814622716227,0.7381692950803277,0.38718954609271,0.017823805647068928,0
3,0,1,0,198.57983439670664,0.8123490917636181,0.04882112702196325,0.028595728934559254,0
19,0,4,0,198.54611060830118,0.8527666053189827,1.1811276746375832,0.09166917400988467,0
12,9,18,0,20.96108874372713,0.2641280496415478,9.569499165442885,0.5815632151096489,1
14,4,16,1,35.800262711274925,0.2742791930454953,16.283951596926595,0.9132620821903896,1
0,0,2,0,187.45663629249145,0.6552339069869212,0.010505886979876708,0.10034816381541259,0
3,7,15,0,78.12359552881242,0.2485175938164743,0.4255972150225783,0.6975620805250302,1
7,2,1,0,68.71499363298526,0.7259050687064504,0.013169501880143271,0.16747746075310688,0
0,0,0,0,239.39144591276673,0.8287443642374765,1.659992931760543,0.020721528816987977,0
23,4,17,1,13.81071212507215,0.2014567363444706,10.562247512563198,0.8900408047667603,1
14,2,2,0,95.09430911257799,0.635296980008464,0.532617500695853,0.033097966116630406,0
15,4,0,0,154.8844300454891,0.8459399441811942,0.4676319959837076,0.17435504660507,0
10,1,2,0,143.04371764371325,0.7659599154762065,0.41216465566151156,0.10830097164134077,0
8,0,2,0,111.56296092028785,0.6690679360995665,0.8730673130872504,0.1312268912155776,0
11,0,1,0,221.2097433749417,0.6283023497419564,0.9974524955933544,0.10912779876376683,0
23,3,22,0,36.54112687759655,0.12516426790307836,13.762625425776438,0.8002338181834822,1
10,2,0,0,138.90332452402976,0.8520858487962797,0.6860201736469191,0.03200823195037047,0
0,2,4,0,158.59152955661676,0.9436588792529697,0.21562575108771323,0.056546897816914306,0
15,0,4,0,241.54776888875523,0.83518497056339,0.7004800312596343,0.1140526357460613,0
19,1,1,0,131.8730075375443,0.8894757600778486,0.21675489766570355,0.48680167973830557,0
13,3,1,0,186.94068887431666,0.8567903137635993,1.0262318708332143,0.04983767261394545,0
2,0,2,0,192.51355691128327,0.7343533375791917,0.916070272737096,0.008754635204008826,0
6,1,2,0,268.018109878628,0.6711194450541559,0.1977975651557361,0.014189821069907661,0
18,2,1,0,196.7546837499014,0.6999065833738504,0.5140074417985059,0.03535317064270873,0
13,5,19,5,41.89268685587975,0.27247556078779345,5.1597794114572375,0.8070572232661959,1
18,2,1,0,153.10416892690586,0.9493114863685946,0.1606758918087444,0.17744800893048537,0
22,3,2,0,210.8785094315583,0.8582201404550044,0.17967167911827905,0.24776275948856363,0
0,4,11,2,94.70262941729638,0.04386258538032453,12.192338879036853,0.59082321038517,1
8,0,3,0,227.92982703625682,0.8242083258536496,0.02585525928269405,0.13930856535467478,0
0,8,5,3,4.570234284252329,0.26376339605465604,3.957140884224695,0.6519009456759476,1
19,0,0,0,199.09889438428345,0.6153330990609496,0.045432395460999024,0.13058170013004802,0
8,3,0,0,273.6241679501179,0.8510057236115821,0.40011287215763325,0.11247961314799113,0
11,5,15,1,42.475041832990215,0.21727076445578303,21.676731058021947,0.5910543259529834,1
0,4,13,1,19.939969252647817,0.1372860910914212,0.30314919907268023,0.7466831468807434,1
17,2,2,0,216.3115034964534,0.8369756425902055,0.1203971769564656,0.11754269812824188,0
20,0,1,0,162.76553612551388,0.8625472548908252,0.3839061258605484,0.05806851265386578,0
4,3,5,0,178.51997600949034,0.6628267697975649,0.07100279851776055,0.023486929775592854,0
9,0,2,0,121.4021480547886,0.7030754282610595,0.5633390250078254,0.08693362856775064,0
21,0,1,0,152.77542802493582,0.8150166663771775,0.2934080599443333,0.0410896706503458,0
0,2,3,0,21.2897162994731,0.9719041272719827,0.7963082031181251,0.08027212427370337,0
15,10,13,1,36.0942789573336,0.35842973285923346,1.833901545878325,0.3612225777487533,1
9,0,2,0,142.43005436617514,0.8216220953360973,0.062327126853473525,0.024506832346209515,0
0,0,2,0,203.98895318374136,0.8321469985957747,0.06237941716809237,0.05146786174146336,0
6,0,0,0,222.14472960021084,0.9433620493529343,0.8570133569701707,0.09156688548005022,0
9,1,2,0,142.65967236999956,0.6817843267708318,0.26017243758396963,0.09685692261778382,0
20,0,3,0,180.96559447927314,0.8027560777006018,0.5279430026268409,0.06189817544918622,0
19,2,3,0,145.44574723604762,0.5735113308034884,0.4590739247012388,0.012322811050796316,0
17,1,1,0,220.06684875985422,0.7743678391429877,0.02842169386214173,0.17279239431217575,0
1,2,2,0,141.86419176777508,0.7765203548032806,0.0706728135833865,0.009241556000380385,0
15,8,11,2,95.95977292456809,0.43178904564786613,2.021776475524825,0.6585415295766852,1
13,0,0,0,154.2071806521094,0.9178199450122608,0.203506365922561,0.01878249362115548,0
11,0,1,0,149.08750501608836,0.8419646867673065,0.8622422758695006,0.17468876641099765,0
12,2,1,0,222.9824151691672,0.7443913258508109,0.5817883534809751,0.22919128887215698,0
12,0,2,0,165.448993839841,0.9096885054759654,0.2832792463159665,0.009137932361008544,0
13,3,1,0,113.8239804728848,0.8237927317899311,0.28260730599604933,0.13163150719531164,0
1,0,1,0,222.67126774043345,0.9534893829481591,2.1080050787914693,0.19051791730875323,0
17,3,2,0,130.44986881878773,0.6518269405168596,0.1232127002220437,0.09351733891272099,0
19,1,0,0,95.73344142956319,0.6394212286603821,0.1757676764299823,0.01122318292545713,0
3,0,0,0,224.08902400372256,0.6346147289755053,0.07141331867678265,0.03912205760479251,0
21,0,5,0,121.67443521579797,0.7966420244711577,0.06351171286984539,0.08926843941804868,0
21,3,2,0,150.81844096942558,0.7657249957335803,0.38610880798787833,0.11867277558480213,0
9,0,0,0,177.87404311636888,0.6527079302073239,0.23917926424275207,0.0640845318337071,0
3,0,3,0,178.15900935811297,0.7305201288264768,0.954543971568207,0.017538080186549034,0
17,1,1,0,247.89111878576003,0.7218754150601098,0.23825354997446022,0.1699644894857158,0
22,1,3,0,167.37603696561607,0.7276283876541166,0.8972621005220184,0.27768422057636116,0
13,1,1,0,178.3970082601026,0.7175125074541203,0.20886656850184604,0.018244696951303627,0
6,6,17,2,22.78477367183271,0.1745534426650475,19.32380860978603,0.8288891479257888,1
12,3,11,0,39.78058757165682,0.583771366109945,6.592698751014478,0.7986000189195193,1
6,5,10,2,53.51854699636516,0.120631660646427,1.931281539368117,0.4364707469121383,1
10,2,3,0,177.36518442964768,0.9524741188643414,0.25194981206813233,0.03298416503190477,0
21,1,6,0,185.50183064473978,0.8512313643113798,0.35803976126113385,0.11769856699343394,0
18,1,0,0,202.91329178851166,0.9524373782356267,0.6297712844880266,0.005168774126561285,0
10,0,1,0,111.31168891419989,0.7325661444235492,1.2333528620758194,0.26666321698617956,0
21,1,4,0,165.25399148547544,0.954465661485732,0.49862446474790356,0.1846709204518974,0
2,1,1,0,166.49001230298225,0.7067378307487747,0.7294032090121895,0.041229967643388696,0
11,1,2,0,144.3893242757837,0.8467031384773523,0.2138494200833911,0.21947122842616465,0
5,0,2,0,209.36427300968666,0.8206596979031127,0.21711508167375015,0.10658052219553192,0
16,1,4,0,118.4518085625634,0.9601094988993606,0.5173273261194101,0.45713517525005787,0
21,0,0,0,201.32675177071044,0.920366044681826,0.8026785988450674,0.10138600306184559,0
4,1,0,0,299.01984925407174,0.7812850414400586,0.7340253800331267,0.09153890713858634,0
18,0,5,0,104.7682322706106,0.9253906686761624,0.41988695204229115,0.28814935505670897,0
13,1,3,0,181.6096712513747,0.8285384640702315,0.18171813554583946,0.16735169404545522,0
22,3,0,0,100.97469858122189,0.9665939727265617,0.15404258286311792,0.1251859075777095,0
3,1,3,0,143.69889880580712,0.8550426572012177,0.5963024883576908,0.011322384925677036,0
10,1,1,0,186.86106045922668,0.8548839514160348,0.1375692685282446,0.25404597866697015,0
13,0,2,0,190.25957996865628,0.6738185057802689,0.3657902006020808,0.06495741373855635,0
3,2,1,0,170.9826673188608,0.9355745716441238,0.1114299388803057,0.016498713353782318,0
9,1,3,0,81.65550005025844,0.7632798937813583,0.25210528858085784,0.034893632891251254,0
17,0,1,0,116.87819825396267,0.8089740843743451,0.8035507840186089,0.00551392350766105,0
18,1,3,0,232.76014784631366,0.71116741939093,0.19836636080389747,0.12550343793625318,0
22,1,2,0,192.3324235707732,0.7073755754213489,0.7895626316071213,0.003251907603666752,0
3,1,3,0,193.57639817741074,0.5937393507480777,0.3425710538480028,0.0402735546131661,0
2,0,2,0,169.5907741320668,0.9014579923907735,0.30733457610726855,0.008509397669345744,0
17,3,6,0,131.82920454276342,0.9732762668176269,1.5002721982779015,0.12448755346064673,0
19,5,0,0,139.0057998424204,0.8863313267571289,1.1394837951133692,0.08154043640094949,0
6,0,4,0,173.59036584452403,0.9503092891698337,0.4586915431834627,0.08852642048001286,0
12,7,15,4,53.27025728897889,0.06893610051127666,28.805166396832217,0.8376328788395113,1
20,0,1,0,311.86104869976873,0.9483679225871334,2.8063313106293095,0.19039212850537238,0
2,1,2,0,172.42162146188932,0.6092108358685518,0.5955049300321239,0.013545751250718609,0
22,2,2,0,138.45775080837268,0.7085530606497116,1.2630315463737098,0.002182186395359467,0
1,0,0,0,219.18120517117018,0.7970873592083313,0.5000686552526711,0.18948486730032427,0
13,0,2,0,52.69528385418285,0.7689592691597108,1.069448171176914,0.11861119770142448,0
12,3,3,0,273.8263344679507,0.8438515089693434,0.37789528182194987,0.0010877463397040807,0
3,1,0,0,208.68770794154878,0.8869853673119501,0.18706069131220834,0.009847106890881438,0
8,7,8,4,34.2953961989337,0.1902560336942305,17.929431847646608,0.8975658839577131,1
8,2,1,0,147.9170229353874,0.8901317468742345,0.059699069857092425,0.2216218424110369,0
23,0,1,0,261.01908381525254,0.8308197632269585,0.04659391922852874,0.09670237423836446,0
2,0,3,0,176.33449322130298,0.9191003479029609,0.06952045385771313,0.24150737242739503,0
22,0,2,0,247.4111568426569,0.753134058013701,0.6916861609749999,0.00769283133038592,0
12,0,1,0,301.36528877244007,0.6091120974887163,0.35233966898689895,0.20653922477708542,0
19,0,1,0,135.39677885774384,0.8025061576538174,0.35110115763655575,0.16817845745929957,0
6,3,2,0,158.9451836950261,0.9422621558341161,0.9678546890677923,0.05902578128155528,0
22,1,1,0,113.7250796651298,0.9647875757522485,0.2326946520723324,0.0868162780749796,0
22,6,14,2,71.04492156836987,0.21659618160320543,3.7017629533858205,0.6491112283616587,1
0,0,3,0,139.192508275655,0.6820281763904535,0.026570654760524386,0.07400339835005827,0
7,1,1,0,239.6231890870179,0.96731143486477,1.0168495664777364,0.018304274560724424,0
2,2,0,0,263.7465098982304,0.7362684871216457,1.2222353598176119,0.0034019138889385164,0
7,1,1,0,163.25115659836942,0.3273769425006872,0.008462767588186582,0.15224201073930924,0
1,0,4,0,192.02493564589383,0.9429757206281346,0.7667590171604584,0.2419549449822748,0
17,4,15,0,49.2940009077764,0.13573581850098002,15.637173747165356,0.9512230055758024,1
22,1,2,0,110.51404008361959,0.9030071000804304,0.6738829691985943,0.22371436840817516,0
19,5,2,0,137.13474957170743,0.5947528398152201,0.32286312504683895,0.06314052677700233,0
11,6,10,1,37.96483938496064,0.19376478423983517,17.568463100775368,0.8980976849434913,1
9,0,3,0,200.6249740484925,0.6816976315979656,0.8491575657730571,0.1043425976117697,0
18,12,17,3,43.69713148346443,0.3773180151146297,1.6252395630050354,0.7749046018963796,1
21,0,3,0,206.29548118584552,0.7814147034549637,0.031212932318599788,0.054466474490675876,0
3,1,0,0,86.05097942252684,0.7767099339272516,0.0218974946719065,0.05478554002335355,0
17,0,0,0,168.72264070653287,0.6910428711604316,0.22344120415718385,0.3554927005925336,0
3,0,1,0,245.3027294754279,0.9765167188177882,0.19235491229052473,0.25374966315576497,0
20,4,10,1,87.46298393417955,0.4666224190188637,13.736765394350469,0.9542485384608035,1
13,0,1,0,174.41434379005793,0.7375593963774555,0.33601505634918377,0.037393151442551,0
12,0,2,0,189.77924853280766,0.4523271968925307,0.14521653666801101,0.09849435093803723,0
14,0,3,0,84.9805367377629,0.9185528744558613,1.2693138147135006,0.05773140756250272,0
20,1,0,0,175.74139592955663,0.856919911894961,0.7968399190114273,0.03991236092663601,0
5,1,1,0,93.20268824614953,0.8713119737799313,2.0730687890868453,0.06041205011497038,0
22,4,11,3,71.8671577888191,0.203638255895192,5.720439398320767,0.5843516724703282,1
10,1,2,0,188.9905022538625,0.8964323049381612,0.42728367946777823,0.5033062300805116,0
17,9,12,1,34.39946513487105,0.6498604952943802,4.741268857070088,0.9259115678243331,1
3,0,1,0,193.2127832487257,0.7814118897773449,0.39013212242626927,0.1885591773161477,0
9,3,8,2,41.38046228055576,0.21496381823376204,1.6251187862715044,0.8132709266096971,1
16,0,4,0,171.89629781193983,0.9069552284839087,0.655173042649109,0.08260479061413119,0
0,8,12,3,88.03154048968207,0.19242766971438346,2.220889586454669,0.6976369901981541,1
1,0,2,0,206.37011211206212,0.9069923282904665,0.5495805371473189,0.2853737317952996,0
14,1,1,0,168.29470666432016,0.8746807854536891,1.4816199841029085,0.2504087074842366,0
2,7,13,3,22.190766681746144,0.1657277085440953,1.027670495231349,0.745231741637817,1
3,0,5,0,203.53296101622786,0.9402364582240488,0.7124219600118066,0.0019217843540104758,0
12,0,5,0,201.39381374322127,0.7553429311039099,1.3322227482175766,0.0004208633941910619,0
22,0,0,0,130.36401700128562,0.5755618320969527,0.405852496177712,0.03836084364728054,0
9,5,9,0,24.56064729103006,0.023016991585828234,0.04342583718934857,0.804636777039314,1
7,1,2,0,108.08790069328897,0.5830278447139194,0.1101991494859065,0.16605542506309384,0
8,0,2,0,216.34462274638145,0.9121503393112774,0.3631795171013302,0.0034035740395316023,0
5,4,15,3,88.73501574884924,0.2992170207715285,6.265305022480737,0.693237272132975,1
8,1,1,0,243.27597635003238,0.6182771507464346,1.4980944661455347,0.371865539131657,0
20,2,15,2,75.02433515192087,0.46506493853222347,2.765431340367777,0.8697977359783807,1
15,2,3,0,141.30003671055817,0.9415628079743394,0.16970196648780816,0.03334909213772538,0
0,0,1,0,191.7411092176111,0.8442819666426084,0.522562586760114,0.040753003019638544,0
16,2,1,0,201.6739271461287,0.8784959951895871,0.4623575706165768,0.04197018638485126,0
5,0,3,0,244.26051247491893,0.7717814797601142,0.24557030614137015,0.18294147815372624,0
15,1,2,0,150.43095661696333,0.8497322940843549,0.22322515308395036,0.1114279726744013,0
4,1,2,0,229.88756517054395,0.8320631871043638,0.20823256259298975,0.08472811238293927,0
15,0,2,0,62.740626022238274,0.7604622237425235,0.13705116925963132,0.07101302806826579,0
9,0,3,0,227.34730904633565,0.9389869580559087,0.09365988984442873,0.12830227967098204,0
5,7,10,2,42.10144847651742,0.29590446522471175,9.041081997562264,0.9058496484809165,1
16,0,3,0,306.46893469981745,0.6902616582637421,1.2242755375014838,0.04098812380804842,0
3,1,12,2,48.435348919548225,0.15816926936467013,49.37024690707378,0.6974554885846225,1
16,1,1,0,166.011410593402,0.7815168080208433,0.286569987953661,0.05956586738494142,0
19,2,0,0,170.34096161532625,0.8047784105239745,0.19822548819721414,0.021888567425400695,0
21,1,3,0,183.05618919342487,0.8343699219925095,1.0292545795834835,0.03389185359061722,0
7,4,12,1,72.93170707014932,0.26005370513470255,4.639349576997649,0.36341956664840147,1
3,2,17,1,75.63646150587448,0.5766953263724754,27.776060480556247,0.9661344141393381,1
1,2,2,0,172.5525461332123,0.8135783995585771,0.35925723413898336,0.044953631961686905,0
21,3,0,0,192.53844608802044,0.9312439001794709,0.066353655241728,0.003345877587082568,0
21,1,1,0,162.8720887221095,0.9154705004463832,0.5631356782974247,0.15323736345960065,0
5,0,1,0,196.06075221842752,0.6236268197562264,0.16947494177058386,0.28422366526430515,0
3,0,4,0,254.0393423457611,0.9373358589008371,0.07535347092862531,0.144249779063692,0
20,1,1,0,324.10201655718686,0.48133521320111644,0.4368708478199958,0.1059317286942373,0
3,1,2,0,133.48421219206736,0.930157397624014,0.3542697831037009,0.07788359870603243,0
6,0,2,0,161.22961498288893,0.7721831008899884,0.15487782581118875,0.0277363226398751,0
19,0,4,0,65.13744044994412,0.7412782656305743,0.5737349338098652,0.07707780505856962,0
10,2,2,0,201.57556233265043,0.5076376903699557,0.06761548115522796,0.05497840140833558,0
16,0,1,0,192.66955183362032,0.639521842211199,1.8795435134597605,0.03573977945707135,0
14,1,2,0,146.45826127265826,0.8702519375409096,1.5893888099860987,0.06046015073400232,0
23,0,1,0,245.16503051515446,0.811980341819172,0.07766459446950263,0.11443552647121795,0
13,4,16,3,74.45238316285915,0.3045765015806115,8.502885449158825,0.8153532003744073,1
20,3,0,0,234.08264612456622,0.8993342055646839,0.1408832882874024,0.06847602971763454,0
12,0,2,0,187.77408245010207,0.8791938284828053,2.1457280819592044,0.2753116319339485,0
0,1,4,0,230.52789251772356,0.7947723160068244,0.4541271938716899,0.01353091584586799,0
18,1,3,0,153.1549028658908,0.8442040285252965,0.08501358748513507,0.3005666532091048,0
4,5,13,1,30.72927664084138,0.29526656815235897,7.061235041892257,0.7817349229364999,1
3,2,3,0,214.50425534547833,0.8267216666146304,0.09245608170247703,0.03684747440715476,0
8,9,10,1,52.54393238718605,0.16418735788319627,4.127678809984496,0.9509966845775486,1
13,2,1,0,141.88037204811536,0.6496219786114764,0.10418445303808672,0.03695144558473846,0
13,1,4,0,131.83975027872324,0.9008531053111549,0.27576534827817495,0.2195634133756932,0
15,12,8,4,25.385721541840155,0.06412116453520986,2.391275900323819,0.8720725560383262,1
2,2,3,0,173.53816940280396,0.8483570320565091,0.3274705488148818,0.06605754903795567,0
13,6,10,1,30.03257105490927,0.4535029432354168,48.83788435941394,0.8242631018919738,1
7,0,3,0,156.49208855590877,0.7761543992760392,0.17536913362604128,0.11668826314436785,0
12,2,5,0,71.94672737810843,0.8905905370272166,0.07535527787654946,0.11604215448247637,0
17,0,3,0,197.02771270931822,0.7260453790160847,0.341924079283826,0.26973966148969564,0
3,1,1,0,220.68533245745482,0.8480689620883671,0.36034141546989645,0.0004814683720944252,0
2,3,15,3,10.085593632860501,0.05138810978811609,8.749608448086525,0.8604277508670432,1
18,1,4,0,150.5260993920932,0.9587444493477175,0.4292409829177132,0.1428217101216778,0
12,3,0,0,210.82408864352556,0.9628682188177216,0.3533958098411278,0.05295285746850133,0
13,1,1,0,170.57407048823126,0.8340183038772722,0.37885338690190307,0.13593989167690804,0
12,7,20,2,0.9395108086181665,0.08486388128422429,0.7928483166148056,0.5742007636155267,1
20,1,2,0,137.47509404043342,0.9627957767857654,0.06680842630893996,0.07684649599339609,0
3,1,5,0,151.47815158727434,0.8645151794430053,0.9136321798650018,0.33649641854982903,0
7,8,14,1,48.74563001763956,0.2771927416149293,3.1791149475153078,0.8152152293110791,1
7,4,2,0,142.46870205729996,0.9459178364353971,0.5554817564798521,0.19725007681194687,0
14,2,2,0,200.50757779978417,0.9005609496696996,0.019816644808381634,0.13903139462472366,0
3,3,1,0,252.92195821914112,0.9519100614084955,0.10682315658278993,0.029815436627913493,0
21,1,3,0,125.41730369795417,0.8104821078705006,0.3519486453900616,0.01664466843812333,0
12,3,15,2,87.77381854479336,0.12335695236846063,2.152226688872692,0.6506130968151045,1
9,1,4,0,170.18266918340618,0.8798613367140043,0.3979695540720804,0.14912731781348576,0
2,7,17,0,81.1206741334088,0.35809852566864364,14.08524010303126,0.8362998576288717,1
7,5,20,3,24.14691008858997,0.2570956293560825,2.8045804411394637,0.6289996962629367,1
10,0,2,0,205.74751663302507,0.6216324333146457,0.48666229317219445,0.28864191718039395,0
9,2,1,0,210.6241062790926,0.8242278281277,1.0186474459618071,0.3635022837148179,0
1,1,3,0,171.16669332744092,0.8905373848709047,0.006416819099942118,0.0135379593387071,0
3,1,1,0,163.39766637886467,0.8903642494901505,1.0480302123485645,0.020728377026080127,0
6,6,16,1,49.80514479326637,0.22652069899758434,2.3079238437050265,0.8844499598822407,1
8,2,2,0,256.8756175354907,0.84090329065875,0.1315920594039098,0.08599380797717418,0
23,2,1,0,259.2775518328518,0.41373655005619114,0.46229097467920155,0.06870784033515073,0
4,5,1,0,135.63653669390106,0.7054510848329396,0.3142704184200396,0.0623314206627071,0
20,6,9,1,90.23885082897965,0.28101250822626905,5.126378832819502,0.8717771318281595,1
13,0,1,0,154.60168494036367,0.9019371919691911,0.6342203899369466,0.08741271033564524,0
16,0,0,0,270.8076787556357,0.9322531697128348,0.13393332228578736,0.05164043447897142,0
9,1,2,0,261.4893818821368,0.7130289289955828,0.46505629015154415,0.06641693067045962,0
5,0,2,0,180.20178002200907,0.9271764976483527,0.3972851978170549,0.008876148492483997,0
14,1,4,0,247.70677840355796,0.9800476863340096,1.2796429436145809,0.030891608178871394,0
11,0,2,0,190.0354388100582,0.7251061510010246,0.2426494670749901,0.04644215874903614,0
23,0,0,0,249.964291969878,0.6101229274268536,0.3739528632912438,0.016779869848390448,0
7,1,0,0,147.7452807432337,0.8151725083000679,0.16180275949158524,0.2726411540619752,0
12,3,4,0,235.91689141635064,0.835421708582348,0.11410829148736386,0.029740374885553426,0
7,2,2,0,141.97329982616287,0.5288921534557596,0.2307299049161805,0.1535834504023909,0
18,0,1,0,109.87109872161437,0.5951732595788505,0.35541136594779693,0.03789869603236248,0
13,1,3,0,223.3196009211491,0.8897672509754477,0.647906787550912,0.025698516078502806,0
20,0,2,0,166.2729135441894,0.9915655771929563,0.3614971075559019,0.1108574953091725,0
7,6,13,2,100.59142331509365,0.37113598338608644,9.349612365671552,0.3686761103419208,1
10,0,7,0,52.82337583962442,0.7320741845457948,2.0973031223020047,0.05256854633536458,0
21,2,4,0,189.31501950245843,0.8188500719234811,0.1324737352720896,0.10262892474303018,0
18,5,11,3,74.704588478077,0.4226364220208852,5.142510422180082,0.9120282551495023,1
5,0,2,0,259.34430466286017,0.8978016582154484,0.03181472437655671,0.11855674243137954,0
4,2,4,0,249.77827614983065,0.649589863561005,0.36508260796879594,0.1840699878753869,0
17,1,3,0,212.6078088396825,0.7117987396521306,0.08654801863536214,0.12555958143966284,0
20,1,5,0,151.6399019829887,0.8342184928532201,0.41397875299542414,0.027222398917780475,0
5,0,3,0,198.9239035796918,0.9580313910036468,0.7090282714667626,0.13273264340801938,0
4,3,3,0,155.8115818652644,0.6617649051266944,0.5664231710812001,0.02855849297815501,0
17,4,21,3,36.804327849751296,0.25600656379522874,0.6130545910651681,0.6385459831950665,1
1,1,1,0,81.64675939332511,0.870148457965756,0.9008213731791532,0.0015571849764755281,0
1,0,0,0,200.3923541298679,0.9257100934006445,0.04861409468122718,0.15235486019859365,0
12,1,3,0,296.5799110794178,0.7833097601858966,0.036207899772068466,0.1723776394210956,0
8,2,3,0,182.33098113543107,0.7646017236847694,0.10925035484669937,0.042009998116273393,0
16,0,3,0,184.4569886557142,0.789738800478555,0.6077216014323887,0.05204620769129023,0
9,2,1,0,335.5153566504406,0.9657400693515089,0.6288018246676248,0.2527757752901235,0
15,3,13,2,21.204363168386617,0.40153276965491264,8.554304703611114,0.8622645511518096,1
7,4,18,3,40.56136678112838,0.11408827428566347,8.707678055618782,0.8870964210313923,1
7,1,1,0,253.43332761900007,0.9558290090400128,0.11554087532778315,0.08154020898832011,0
17,1,3,0,137.96043198778108,0.8124850506108826,1.2198918807288595,0.08418420794543034,0
15,2,1,0,192.10616515990677,0.8661007873906806,0.11271895832222804,0.16470069257619135,0
2,2,2,0,172.4757335259282,0.7060876588418654,0.10095785835865005,0.10936283007172815,0
11,2,2,0,280.8936132504434,0.8638783206110006,0.22029262282174122,0.05545874513145226,0
3,0,1,0,111.36802455858431,0.703741960417097,0.1198016432144125,0.2402524078035002,0
3,5,14,1,29.837258897973314,0.21166211800345636,16.74826251678248,0.8568976580997428,1
22,8,7,1,43.90284366415767,0.2786657166026833,3.7209632552644005,0.5213177679878849,1
11,0,1,0,209.14642649330574,0.6962847783778591,2.0641024370685193,0.02621249895037573,0
2,2,5,0,213.3184482733172,0.83182546983899,0.2261317792339618,0.049346849280757075,0
23,2,4,0,128.43365408257603,0.5588992327423685,0.36101007833033405,0.12953326130830148,0
16,1,2,0,165.09676898611343,0.7456027083191412,1.8714414345288888,0.14898500173472864,0
13,2,0,0,137.6767092808928,0.8069586337848613,0.12214740043261706,0.09199019372598707,0
0,1,0,0,48.79293510611757,0.9337046282707053,0.8995601078422154,0.21924876534213905,0
7,1,3,0,217.4633554382274,0.728475538708077,0.00964101576951039,0.022609642409167192,0
6,1,0,0,151.79983440567287,0.7933130004124119,0.5377862737124582,0.047956109736004886,0
21,2,3,0,183.31900956147027,0.9643093243343831,0.05646428118010251,0.019577337907718,0
17,1,2,0,188.02066312909338,0.5359028640514477,1.1640988249150461,0.11663433932628849,0
19,0,3,0,330.45499777157363,0.9049415378680122,0.26938503945037373,0.024332649571399183,0
12,0,2,0,221.65387380343662,0.8648051731947429,0.19916383677637542,0.010452095898625724,0
2,8,14,1,75.29058197970795,0.1931611760108636,16.498736395654376,0.9229921572689312,1
10,1,1,0,101.82522758113049,0.8507856710690531,0.780903963205898,0.049050765156571016,0
21,0,5,0,173.58708778054427,0.703967018739306,0.35925231058392065,0.05574132790038827,0
22,0,0,0,178.6609603644643,0.840167951488749,0.17860608801097325,0.06523528222061657,0
7,1,6,0,188.81090750451864,0.48229490040661827,1.6234822127518562,0.05168804079720857,0
2,0,3,0,250.75516404768305,0.8374233765353831,0.5529494435435793,0.001843122335105521,0
15,3,1,0,225.82213048042223,0.9441386959168387,0.17605516716913583,0.0031864692068730833,0
17,1,1,0,212.71360311127367,0.9132286002348305,0.024793432708602237,0.0658056326579766,0
14,7,28,3,0.0,0.2381190700626788,21.31361869405157,0.567686915499282,1
3,0,2,0,233.03373457469013,0.9327935609468837,0.5912696399577957,0.07985946656163764,0
22,1,1,0,194.61306604989568,0.8063095612460556,0.3081074334781266,0.09336824417451114,0
10,1,3,0,193.15709957803048,0.7703326858218827,0.8095958822920573,0.07772210713004502,0
12,2,1,0,110.77474477561749,0.7330305040396797,0.19094667847723293,0.035112541348180266,0
5,4,20,1,0.0,0.1115663036603948,1.9104191342322847,0.6770138357070498,1
3,6,15,0,55.46899145904288,0.2209128917526327,21.22727539514345,0.5023007225117682,1
10,1,1,0,122.12463756332909,0.8548519632441698,0.09622407557514844,0.02109811088095247,0
13,2,2,0,255.8479143761195,0.6916318338388996,1.688973618383178,0.2149104792497231,0
20,5,1,0,167.70360961865208,0.9009480167471837,0.5028817325604998,0.23556461168944925,0
22,1,2,0,177.86940339012457,0.9722938716778917,0.0038135551973842883,0.04871596345943596,0
21,0,2,0,120.68353213122116,0.8008552678226516,0.1653709546682128,0.10332827750041428,0
20,1,4,0,144.80158186090875,0.8315210963106944,0.01576932876120376,0.022711664673801757,0
12,1,2,0,121.02418904436684,0.6342075933601687,0.4549871354208996,0.010320381972304745,0
19,5,14,0,51.36168022183674,0.31708967991606324,1.0221607617233273,0.9711148436649503,1
7,1,3,0,131.45851310621686,0.6671617751146024,0.19439894498586063,0.29846624068815214,0
10,1,1,0,327.95152542923375,0.7407952053327812,0.23313424410475173,0.01182875111943355,0
5,2,2,0,70.11434136929888,0.5178850243534476,0.8546022744761474,0.027791339482220626,0
1,1,1,0,126.34567570262905,0.9402682013463501,0.01913779529838666,0.08628368347563044,0
6,8,13,2,77.05022687668489,0.46607453947933014,3.055171511071909,0.8072284998856588,1
10,0,0,0,225.18272922367964,0.7687692960219448,0.2024792937927079,0.04652706312586909,0
2,0,0,0,86.70832253291032,0.8147718559478897,0.21872880699568809,0.05971840109196407,0
6,1,0,0,193.95975013606798,0.9189674838603983,1.6478574033365256,0.056371232074099706,0
5,0,0,0,212.21265941010543,0.658523896669311,0.7483012901516309,0.09140755791459577,0
1,3,0,0,232.14414826588254,0.9378942346927094,0.05187776355118478,0.030893609825174754,0
14,1,3,0,116.60534070084746,0.8577716567064755,0.07091181511995012,0.16382478148604582,0
16,6,19,5,60.894593815496435,0.02700069754984539,10.085426989592955,0.6691769471686807,1
21,2,2,0,158.68604796103097,0.740232704983703,0.1294933052377637,0.03402815039163787,0
17,1,3,0,180.3711251387072,0.9473560969343975,0.04411327252513249,0.13345718766152323,0
12,1,0,0,159.88101851811433,0.896444131495115,0.044482953756160314,0.05269008011090147,0
1,3,2,0,245.8683819808756,0.909394790693036,0.2361395434255749,0.2580742084659121,0
13,5,18,2,33.60887428030253,0.13776490230780625,5.834157751583139,0.4343787220285425,1
6,1,2,0,182.77701354360846,0.6790362828071037,0.21741058858908324,0.16105239571469257,0
16,1,1,0,200.6151092282864,0.8210970374431789,1.5548614565519585,0.019893733272428275,0
23,1,1,0,207.1643813006661,0.8464594870730519,0.6777244831899768,0.015211282772503875,0
2,0,0,0,212.67966391400938,0.5375902745878467,0.5848886200547893,0.19265524446832763,0
4,0,2,0,124.52551286448386,0.9132426805790693,0.020261092572590903,0.12929320368475483,0
14,0,2,0,144.55742359407057,0.7466366884354005,0.7640167505142339,0.1165650377838167,0
14,9,17,1,23.941615024909073,0.49411412810835587,12.97066229052855,0.6703953914608314,1
6,0,1,0,179.16924909823018,0.9312662353467517,0.257439532372283,0.039368242283836515,0
5,2,3,0,250.65586980953498,0.7016190815067175,0.3746053503084111,0.35263143087811233,0
23,0,0,0,279.49471743489244,0.7246522343669173,0.7902423475235002,0.1197970881046133,0
9,0,1,0,128.35037695282887,0.5893625839737167,0.303089605963946,0.010997579160816763,0
8,0,1,0,170.60751152493532,0.9219928956990402,0.043011549715868375,0.028620660904605154,0
20,4,2,0,212.01584754300382,0.7638010649719772,0.5533177654656752,0.054056467069924334,0
18,4,15,1,0.0,0.1505686830031066,28.79545116391023,0.4882610504929024,1
4,0,2,0,234.36737031277795,0.7525159642555084,2.6519003612051413,0.034478885572174184,0
8,0,3,0,195.1108558196933,0.9750053356883774,0.2769612656078024,0.05562726944296204,0
14,1,4,0,159.758942745826,0.946365935641333,0.7905577780190884,0.17761888884936491,0
15,1,4,0,185.0077561650742,0.8465960653325725,1.5212229669948956,0.16836138002279472,0
7,4,16,0,51.43193130049099,0.649003256979249,5.316144024715391,0.8996695587068169,1
18,1,3,0,105.43356683280165,0.9236979187372384,0.143985070854102,0.19146449255194464,0
11,2,1,0,63.49749269637108,0.8202867084107088,1.5334922349550777,0.4631647944903356,0
17,1,12,1,87.6965119130885,0.2456611232443215,0.03338736471075787,0.611490557808263,1
15,1,1,0,261.6650983847045,0.6159369001000595,1.4299320758070961,0.06453858049813439,0
3,2,4,0,136.01664927448724,0.8767719296248409,0.2078511089960575,0.35535763811199134,0
3,0,2,0,120.12429250456175,0.8404141677219557,0.023190738226381655,0.28518584625001764,0
14,1,5,0,140.1438403442654,0.7825795661530556,0.06799034903338472,0.19130912638470632,0
15,1,5,0,241.83390467485643,0.7594997275016675,0.0435379688327732,0.0284833451529875,0
4,7,16,1,57.17317783366906,0.0787106809305816,8.56344375589988,0.7880173224378729,1
17,4,16,4,41.450320205973824,0.2907895870746409,17.326414704983993,0.8903333567476475,1
16,0,0,0,195.56118206735817,0.8719591996078953,0.41730915932284396,0.11144619217200397,0
11,1,4,0,228.36439191883272,0.8774101222576591,0.21913416616397446,0.2819688648886933,0
5,5,14,0,45.22981764690941,0.1832369765464438,5.428242710997685,0.8251226362284507,1
9,2,2,0,263.70929590537935,0.801821811469707,0.07774029719087092,0.016877771502811625,0
0,2,3,0,163.6580194064146,0.883477595450118,0.29702864005216334,0.018793461907596506,0
6,0,5,0,84.07002760995965,0.7330055603452931,1.4708466984665598,0.07193034386327027,0
0,0,0,0,203.80402670535554,0.8654363771915081,0.684873419452648,0.018220206305742684,0
20,0,1,0,121.25869381804262,0.9651214742175959,0.3420537954440357,0.042568403229608406,0
10,2,3,0,147.0144380545512,0.662316589481124,0.20046584140031515,0.01243182137784623,0
1,0,0,0,127.29503120925418,0.7952445183722876,0.03425300227491346,0.031802642368235774,0
15,0,4,0,130.04509020025398,0.6729876337523039,0.053002484396279866,0.09752346145128873,0
17,0,1,0,151.21899866801203,0.6954032545037059,0.1879864922809269,0.10241510613721408,0
7,0,1,0,115.2485335024636,0.8083389195100451,0.5786871583019121,0.011067171298699989,0
22,2,1,0,184.90929096420555,0.9078227359582018,0.38146946306452856,0.010327280154544628,0
13,1,7,0,187.1830053920368,0.7936923355614585,0.4621729393481808,0.40300818202245525,0
9,0,0,0,215.65520596006877,0.7221973041282006,1.6835780241266312,0.022926222289059432,0
8,6,11,2,44.309897578492816,0.12625273647625046,6.068176044883059,0.84430179606635,1
4,2,6,0,190.61489887853418,0.9437450596658269,0.37178382285367706,0.0029922178082200136,0
2,6,15,2,42.06456914873104,0.19545760932727596,8.693883273417777,0.716728134702409,1
6,0,3,0,31.17563792992334,0.9771632511327698,0.20675097245358165,0.0330057370947243,0
5,1,3,0,66.16283724161359,0.6296939482762784,0.31894066382256553,0.08010202240992305,0
4,1,3,0,183.64327578914583,0.9426326675401411,4.257126463969955,0.1105055505677641,0
14,3,1,0,243.89779494836066,0.8832530473814414,0.16864098679597375,0.11009878047404399,0
5,0,3,0,73.56303843491958,0.9513636506315464,0.2808208373819969,0.05791426169677345,0
22,3,17,3,52.204138921826825,0.02186112481935914,6.131244480634917,0.5819081301294232,1
9,1,20,1,44.343359876854905,0.1436232145588872,17.374182596560992,0.20612583611907523,1
11,0,3,0,127.7849071129575,0.5657557907051849,1.323882140919528,0.43826890306007515,0
23,5,20,5,72.02718800951757,0.10535578237509322,3.851993636184467,0.6524138160753817,1
15,1,1,0,190.75750044879416,0.8584935595424737,0.566659038370517,0.002089528965565127,0
23,1,3,0,200.71023551900237,0.8490015948698093,0.7366729021094495,0.1809288608296317,0
7,0,2,0,295.12060187442546,0.7235483586933422,0.043840576758040754,0.06663023154349824,0
16,0,6,0,217.70789293165478,0.5876558446717982,0.00837743112923338,0.18313922048518735,0
8,3,1,0,167.93211859517123,0.9430023569529954,1.097536933827581,0.04288359316470961,0
7,2,1,0,193.55064655190384,0.9374140209324031,0.1376658099451082,0.06086766792417788,0
5,1,2,0,78.54321052429296,0.8935681772615403,0.08329599318120082,0.4855336349689923,0
21,0,1,0,20.0,0.6043355296105608,0.9192006469637919,0.011229410343645217,0
22,2,1,0,57.02420236317684,0.7936575396179019,0.5123320821330557,0.1227142391083708,0
19,0,1,0,233.00272152004575,0.8280307069895816,0.3472366652259931,0.0006420646837698066,0
19,6,23,1,58.510476594123155,0.47492534163137895,2.5498770351736577,0.6847584676666626,1
1,4,16,0,34.67227393539571,0.5567018218243495,9.489967016581934,0.5107137075150153,1
10,2,1,0,259.1593543437957,0.7522509467841002,0.6061580640491095,0.19458964491501,0
13,2,1,0,210.1253418417569,0.5857986269331656,0.0828952161130667,0.32056326831325954,0
10,0,0,0,195.26191613141597,0.9165140066400712,0.020954015563974367,0.11436698694833022,0
5,0,6,0,112.41936932516802,0.9584285531515655,0.218582615791323,0.013179015405761302,0
14,3,1,0,109.62412296670561,0.9473519338558116,0.34502982268236576,0.21522950308637093,0
12,2,2,0,118.03020806929379,0.9421209223222908,0.34098665987343,0.25000375152380877,0
4,1,2,0,247.8235282230197,0.9051634061549803,0.7861472897641958,0.30805911432868355,0
10,1,1,0,200.52711140151155,0.8539284090710847,0.4231220344864075,0.017865286739333828,0
3,1,1,0,73.28918667339626,0.9463390024196731,0.255165661591602,0.0013749297548126481,0
23,2,19,2,63.16804547904155,0.053159331720115874,0.8823162710777422,0.6901104872662844,1
20,0,2,0,251.7571335648679,0.843460020905023,0.25479894703230316,0.012749179421897521,0
4,4,20,0,34.90176857744043,0.1444913882029579,2.2197966629394346,0.8845122516764637,1
0,4,0,0,185.34154768729252,0.7333181153271591,0.4404961864906665,0.09686653569316139,0
21,8,10,2,56.590653366458085,0.143799828883953,1.0925203108025958,0.8211394269824916,1
10,6,23,0,1.5374840862810544,0.19237004707306685,5.089077847813176,0.9094618159562156,1
19,0,3,0,89.01664257057786,0.8597549475882421,0.14574100766124126,0.01162646122374158,0
18,0,3,0,159.99327821915045,0.7775785656601965,1.9039237167846632,0.1111557248493097,0
15,1,3,0,159.079786316993,0.911207019462572,0.039234235438715674,0.13381983376780107,0
21,1,0,0,225.81867947596285,0.9542280604058885,0.3150564563063865,0.26541770514732216,0
19,9,12,0,0.0,0.3805248468095179,2.49541375128897,0.7285017326447165,1
21,7,6,4,71.42361236516362,0.15235182329497665,27.512629155113505,0.8508462238617591,1
12,3,3,0,188.17350746920152,0.8187102139572863,1.2855618740135666,0.029967720628075428,0
18,6,16,0,41.88877275703872,0.3957705132047725,0.0786542419226729,0.8491328601796815,1
22,10,22,0,98.09001236662223,0.24506503695244308,26.426357115571577,0.6440552762420066,1
15,0,4,0,91.75955121471642,0.6240647466166656,1.7170754226447822,0.01946392351103487,0
16,2,4,0,249.57448089073395,0.9811919564007112,0.6054724716503203,0.014257706089107636,0
3,1,0,0,207.66414165333333,0.6508127548570123,0.5511107357236268,0.06912964562799105,0
22,1,19,0,36.26599886775821,0.15762148237410775,3.2961137962422877,0.8824664984846015,1
19,1,3,0,180.72276150333178,0.6608768989967836,0.22269472788380484,0.11508423224958485,0
20,0,2,0,252.54281811634934,0.783418139589984,0.13486078669430976,0.25115745593730127,0
21,4,10,0,0.0,0.10848140815159506,12.112792959388004,0.8309560573793997,1
22,2,4,0,245.604578107502,0.9471306500999146,0.38635641057386827,0.06951890406364092,0
22,3,20,3,26.10533557033283,0.23982351986252046,23.307776538663948,0.46094512450308867,1
2,1,2,0,252.1556538457305,0.7825812529144988,0.22340363766187887,0.011990925628818302,0
19,1,2,0,331.2251447941396,0.5785207865022374,1.3973957729069544,0.3577605082179418,0
16,1,3,0,228.03491325660426,0.5516232169676337,0.8766316630740437,0.04314703700731875,0
18,0,3,0,177.945790965413,0.8751661296337766,0.5176827315185458,0.10153000950946574,0
17,1,0,0,283.4042639119689,0.9443688274752835,0.714882937018509,0.013239914621582067,0
0,1,3,0,148.50107766502265,0.9192158522437021,0.5791070118818471,0.02105687113727328,0
15,5,18,0,41.543486570368366,0.0695996945478691,0.29744449386781524,0.9731511693194606,1
3,9,15,1,78.71315902747784,0.38461161332655147,6.479853654292409,0.7767426157791195,1
0,0,0,0,174.03783065068495,0.688684129658255,0.832740419413334,0.17629153831683592,0
15,1,1,0,189.78199048608016,0.9230994513438823,0.7221827624778857,0.19011898996752782,0
6,1,1,0,277.43529021673453,0.8354902281313489,0.22653005737832158,0.09707379992365459,0
10,1,4,0,106.6433232451481,0.8956158683156606,1.8272742065096736,0.14290467176286262,0
21,2,1,0,204.16695442747064,0.6753080684264287,0.7861341202651694,0.014007795766780438,0
1,8,10,2,46.927115163723826,0.14476705976876703,3.0391338371761436,0.6696844970911463,1
19,1,1,0,200.7281149707409,0.7608764619917603,0.307783524892559,0.1733282024116023,0
20,1,1,0,135.91192534989855,0.8977738102158603,0.07241398672367702,0.6493838519609157,0
21,0,1,0,207.0902112075828,0.8720618251925442,0.09238620449311037,0.02430981312014254,0
8,0,2,0,255.53434135894918,0.6857035464557352,0.4991081938778633,0.20150288653025844,0
7,0,2,0,115.80288250325596,0.9179412203875144,0.12265092351909546,0.023495386956095637,0
1,1,2,0,179.41392321029954,0.8676349788211336,0.8648644470780548,0.048415364122716055,0
10,1,2,0,228.15826252981748,0.9383523317053196,0.07135129980726042,0.05544035438424383,0
19,1,1,0,292.36250921299836,0.7696000915087917,0.97243402430771,0.03743534503581254,0
16,9,16,3,0.0,0.21799200981049338,11.481079850701134,0.9244786789359616,1
5,0,2,0,209.53190643638533,0.9121758858219503,0.07284627088678088,0.11618662206535393,0
12,1,2,0,218.09938596962246,0.933733599225409,1.0524361149701917,0.20134181324105793,0
16,1,0,0,136.57851270781362,0.9334474428643189,2.4481287769284914,0.10181040392314378,0
3,2,4,0,45.6637660239619,0.5945865486853774,0.28000735696724477,0.056450214537873765,0
23,2,0,0,234.20405698361122,0.6678414260274661,0.016590378265870762,0.013922323924754051,0
6,9,13,1,5.787465336145075,0.592112242727712,12.72443148975027,0.6276692491896809,1
23,13,16,3,83.759256189499,0.29925495179294576,3.232495038550491,0.528117321006404,1
10,1,0,0,227.19193367999142,0.9038340634903056,0.33816755843701973,0.08923695965872162,0
19,1,3,0,153.17974074503869,0.873860192674635,0.5570535817234523,0.40077151834767233,0
14,0,1,0,174.78575421027915,0.8355859881043244,1.2273318094065306,0.18361115490832894,0
16,1,2,0,124.96896339654973,0.6931541900865735,1.2735790652914378,0.006671649080572284,0
22,2,3,0,307.6346593801621,0.9294749345274113,0.02791963670360146,0.10407358434666185,0
9,1,0,0,199.33559732095253,0.5928984443617414,0.2916243645179391,0.1412241009846835,0
11,2,4,0,179.1692763348386,0.7397355065010718,0.6232877788026866,0.1314039013242529,0
15,0,2,0,227.02323858769472,0.8556598141529385,0.3671246737671815,0.10821812124105393,0
5,11,18,2,46.71651093894143,0.06895262699576184,9.473784947086026,0.8874542226801924,1
14,0,8,0,136.67425876775644,0.9476609583373473,0.04572505197391387,0.3124389458241569,0
22,1,3,0,111.60199552595775,0.9185087367575406,0.12524626487962798,0.03834410439800368,0
14,1,0,0,140.3939950674974,0.9369805463659285,0.06409830702361372,0.030192529974815554,0
15,1,1,0,193.13535725592382,0.9074474952159542,0.5236422370279689,0.009322509207155596,0
19,0,4,0,138.88009056534761,0.81336289123808,0.11896776229365152,0.1329108391078056,0
10,0,1,0,80.86399960452493,0.9587154862387591,1.2706610097747295,0.09186009168565488,0
22,1,5,0,157.5700779504114,0.8827375571727619,0.022877597111809717,0.12490486035035192,0
9,1,3,0,109.7909148333837,0.6837147321686435,0.020796068751017208,0.027067134247817873,0
17,5,16,1,16.075115759826684,0.12539139028809537,6.198514546527932,0.8168530743629927,1
4,2,3,0,164.00152245312205,0.8776883308523425,0.27356038052952164,0.05159538795676852,0
10,1,3,0,206.48705903307618,0.9614940013251669,0.06602116695035322,0.1028662733982206,0
14,0,2,0,62.47838797953804,0.725740574229489,0.7692624831570208,0.04289243666010823,0
20,0,3,0,288.5068920231563,0.9354475535894496,0.27881435133553634,0.03401066748024649,0
14,0,4,0,158.22402755316102,0.6132077447442751,0.40539561725006645,0.01461815889901428,0
14,3,19,3,29.223393738258988,0.5329590327828667,9.164756929117834,0.7874260676221253,1
7,1,4,0,236.74161654359938,0.5418381609684596,0.4531984125730734,0.08084199408886289,0
13,0,2,0,131.4959728506014,0.5711668064020501,0.7566862316504416,0.054156842176383155,0
0,2,1,0,109.52460023493359,0.6989452222679393,0.05692900606495438,0.3481428443846267,0
7,0,2,0,215.73259844509508,0.7939141961158419,0.3720224615622466,0.16119461437874386,0
19,1,2,0,114.3229219863751,0.8977798705064944,0.3104166228611624,0.16625594970024163,0
6,5,1,0,87.64284010288459,0.8336394011215682,1.0290207841669772,0.05574419358578951,0
15,1,1,0,181.55837635004568,0.8805454861627269,0.3133022788225572,0.027209108445011933,0
21,1,1,0,289.920197103344,0.8432892485469068,0.9472872187453841,0.045372748477802906,0
8,1,3,0,222.90446303168048,0.9464855237381259,0.08057383500476509,0.01584395394140701,0
22,0,4,0,121.52343465285512,0.8499255381206874,0.42242221079235986,0.24451556935728008,0
15,1,2,0,181.9887432104027,0.9041572944599113,0.6927988439510671,0.045384466153825784,0
1,1,2,0,20.0,0.8620312843337806,0.5775918412078114,0.07946488584043598,0
10,0,4,0,204.4398878451962,0.818226001044421,1.379968251261539,0.17137790436665626,0
12,0,2,0,222.43852731254032,0.9547893784062664,1.2709820854512082,0.1315973323382353,0
5,10,19,2,45.98705297119126,0.21911904584451253,2.1403632213149457,0.8648684601176728,1
21,1,3,0,137.75386274803776,0.7884991811187546,1.3599599915762135,0.06527123182071182,0
10,0,0,0,108.41562019577674,0.9587887824567328,0.6755567131873802,0.05444021002233231,0
12,0,1,0,166.52259015931116,0.8854434700621158,0.10794970173038647,0.0665762076738193,0
9,1,0,0,208.42795017104777,0.895904389991819,0.08050367627799099,0.09130263289838665,0
4,1,2,0,199.35731310932707,0.8679199826974695,0.006550522751859696,0.02746086899505305,0
21,5,19,3,0.0,0.07959075833496228,11.572190397874202,0.9295358630959637,1
21,9,14,0,25.1342967138596,0.33184131937720834,8.740495767327118,0.6966022052312376,1
21,1,2,0,140.4150503454517,0.8573224189202459,0.403057355930581,0.00305804186686652,0
15,1,2,0,118.57243822549809,0.8658598044693232,0.6883380855282641,0.20573807108840525,0
14,2,2,0,200.4562286159561,0.6483997900270668,0.6444472174099615,0.06544997815957056,0
14,1,6,0,153.37901620840225,0.8923831400814473,0.5132413888524715,0.0006856995489463578,0
11,1,0,0,176.51833525467896,0.8514248326232088,0.8531248973991004,0.08109676721531388,0
8,0,1,0,236.36206612792478,0.7139848499430989,0.6878046353976545,0.08591165792616957,0
23,1,0,0,204.26288519895067,0.8355788175714942,0.8368047717005338,0.027506120790085888,0
4,4,2,0,144.6925669235339,0.9591303499364328,0.5499165235824398,0.06221964523845183,0
17,2,5,0,239.25107764386948,0.9065065929140804,0.8929647982056238,0.013753510446516851,0
14,0,0,0,132.1095524547448,0.8934648424989127,0.9927640935920632,0.14824182648334108,0
23,8,15,0,102.61845093313758,0.3233188144865188,3.6724620147414258,0.7504961230863932,1
15,1,2,0,341.342436175161,0.952341118962385,1.0897677918572188,0.14166416363333,0
19,8,12,3,0.0,0.39188701952278193,6.767812565771091,0.48543467391649164,1
13,1,2,0,261.18593218600677,0.7485960303500887,0.4270243691488756,0.23223145295143566,0
17,3,1,0,249.46734592983856,0.9636892700653453,0.724068916817771,0.02376687445022394,0
15,1,0,0,230.89558950752578,0.861180159622985,0.04599104706199985,0.19434961847460774,0
7,1,2,0,237.3548779657435,0.8002398963994239,0.08162598288422764,0.15204390204537313,0
2,6,13,0,75.25200347950818,0.08273533300642259,4.620925459864199,0.8968650505904038,1
18,0,3,0,101.84066285176976,0.9603755867309556,0.734874262902455,0.12493043981170693,0
16,1,2,0,162.46517737786576,0.6914307597519858,0.13794480321097216,0.23038121259231628,0
17,1,1,0,196.0332058918138,0.6845750546344952,1.3793892667620378,0.12497309268344503,0
18,1,4,0,188.304585267716,0.8688631500063134,0.37772988771058685,0.05260902065222269,0
13,0,2,0,141.946893986306,0.6013077075429898,1.4568270523710916,0.021970669939752437,0
23,2,8,0,223.13982983206105,0.4044969543988847,1.0286946581709382,0.25339059561433785,0
11,0,2,0,193.5782663267626,0.6831110304804549,0.05318813403323236,0.11536198208156379,0
8,4,3,0,188.0627114113656,0.6559053417969949,0.06487341812945288,0.35638193213324204,0
18,0,0,0,107.68715298247587,0.9127658527637373,0.47159840804952247,0.32177941075331196,0
14,6,19,3,73.60321957565667,0.26031600390939774,6.094268832026823,0.6685422311538681,1
12,1,2,0,326.09605548978504,0.7091529977632196,0.25414014988898886,0.058318082586774345,0
23,3,2,0,109.12377265968506,0.7028013480462572,1.135347532014591,0.06357631206373357,0
18,0,2,0,174.21944332854366,0.9264987677804716,0.0774817171099723,0.09508632035073127,0
0,0,3,0,159.53530466926907,0.4689696816707067,0.7514677527091391,0.10282237671410759,0
19,4,9,3,58.82416585580104,0.36525110258964494,0.40445189108860646,0.6532385615797558,1
19,1,3,0,139.24461431799747,0.9106653826508533,0.021873748263279775,0.018668489550130653,0
5,6,12,1,64.90671595813549,0.4748830577170366,2.922657640117457,0.7922221960980633,1
6,3,0,0,233.39927489216666,0.7247125419025877,0.4409748182464337,0.19579838786132478,0
7,1,3,0,172.4244917586767,0.8780601605895618,0.20395253795913185,0.05251941601787172,0
5,0,1,0,215.16368360513292,0.8872322099546548,1.440264113962575,0.008590432069309834,0
20,1,1,0,141.26765721842463,0.8172037999100157,0.25728208287772153,0.09101591500438458,0
13,1,3,0,125.31768086783848,0.927818588716976,1.1250183747101206,0.11884575594301842,0
11,1,2,0,63.67890497221478,0.9086454935579791,0.0894973694671214,0.4243983519869766,0
3,2,4,0,302.54553859730623,0.6808186923621359,0.06917818130134666,0.0479392213246262,0
9,8,16,3,73.97890993733924,0.02828156397114222,3.569700767348369,0.7219737159653078,1
22,5,10,2,87.20118947608833,0.21031070295680193,1.0256442746781522,0.8201649980965554,1
19,1,3,0,195.42578404230173,0.772651140703164,0.08440321468995876,0.12161940446517162,0
23,1,3,0,223.0870676793506,0.6018003342686112,0.25768166785271984,0.09122274275121187,0
22,2,2,0,218.3114421565256,0.825952158606286,1.335427716448303,0.05502471632989853,0
17,0,3,0,178.88171198887966,0.751471827348625,1.2404323025034245,0.05315706607716762,0
11,0,5,0,74.4078391865561,0.7317381736634485,0.3451641334800259,0.018547867931563645,0
1,0,0,0,181.2090038514851,0.776405990949831,0.03963699808450039,0.13874351498403298,0
12,1,1,0,76.20604183235527,0.8958349864377084,0.2464393938344579,0.06141143735523741,0
22,0,1,0,196.36151732136162,0.8025528494395021,0.8289105469510233,0.008725661416159674,0
15,0,2,0,135.42076282746046,0.8033483785419943,0.7840406111012124,0.050372280008521134,0
6,4,2,0,196.87438222839103,0.7854095898470667,0.4851727896728394,0.28367799324114795,0
2,0,2,0,234.41088902488787,0.8440853296439251,0.4655284332130393,0.0680154665504088,0
2,1,4,0,282.4676664505208,0.7494895526322155,0.8476650520444134,0.018445608547670838,0
3,1,3,0,283.72150649458206,0.8281177075706597,0.3596411468357462,0.03134325209645237,0
4,0,3,0,193.7385693089548,0.9076277637837885,0.591158685001085,0.04601849782644565,0
7,0,2,0,115.05945859159864,0.7911685145813664,0.14466388671725486,0.017466560653330847,0
16,9,16,1,98.60302045303696,0.4370559055006406,2.1735345899905276,0.8737555562026647,1
20,1,2,0,232.2119396589918,0.7801093999407153,0.39963394301911487,0.05243725688785757,0
3,0,2,0,201.27513678460457,0.7415563168529731,0.6419816933403659,0.00015894610598227464,0
22,2,2,0,147.7754442340265,0.804780495667113,0.42416484057642967,0.05542696947343428,0
20,4,3,0,124.06754660219289,0.9211738536633326,0.23612271424260844,0.16186235003956595,0
5,1,2,0,181.5998732733768,0.7980137544636954,0.752937191492207,0.29671303198675836,0
4,3,2,0,218.06855629604297,0.9252358623835139,0.03290266949341381,0.04881934564812864,0
15,0,1,0,332.8247486620793,0.9365814113329691,0.7119808211660695,0.09523673236077543,0
13,0,3,0,163.36683342593534,0.8335292099012979,2.710127873487473,0.16342830663896585,0
13,2,1,0,127.18314179951975,0.9494078425005149,0.5077426888208233,0.03321411350172327,0
18,2,2,0,98.07914011289097,0.7916814449915821,1.6050808667039969,0.2459932462874393,0
17,2,2,0,172.09467111177193,0.650407148824933,0.11305844945457388,0.04560676384817836,0
5,1,0,0,90.20595330345895,0.7431823175670633,0.28747031743974943,0.17768054931951474,0
18,0,2,0,282.57343248526377,0.8740329739411693,0.2562225487736559,0.014851988285481276,0
7,8,10,2,55.278660243261044,0.14933507061099074,2.956135945034062,0.9493815165868065,1
10,0,1,0,74.58397828024832,0.4741373955593338,0.06909459785578968,0.008131262528816447,0
19,1,2,0,138.08168157714547,0.8879650022673348,0.5926826018061409,0.061699116325186466,0
16,1,4,0,115.84624965124691,0.7311547651491394,0.10039991118123999,0.04731992044526045,0
18,0,0,0,265.01990833759953,0.905362531444378,0.0028106684161420072,0.032940057787706964,0
20,1,4,0,214.81267403714773,0.9675745891379736,0.43039400194224353,0.05977642344714094,0
10,2,1,0,248.86396752873947,0.8612073825561656,0.29178471749652374,0.33195482411044286,0
19,0,6,0,339.66091466010016,0.8420893347368761,0.5792857738986424,0.030194643764187228,0
3,0,1,0,201.3456521231313,0.9414153162337744,0.47070484581852917,0.08349809076559253,0
20,5,14,1,74.003587031875,0.21372783942359322,24.36204062614009,0.7226679276790304,1
18,11,12,1,0.0,0.5273951489187982,5.874404599303379,0.7837985731726704,1
6,0,2,0,151.93546991714342,0.6767459831979921,0.15478875026267996,0.0431408799850756,0
1,0,3,0,187.79880279104077,0.9341427378884887,0.6583353140719856,0.03054979061216394,0
0,1,2,0,163.51179358752398,0.891774161508551,0.13236393813686198,0.10847395143738375,0
0,0,0,0,139.97199683644655,0.7492502769356644,0.5103514284260477,0.15754090609838228,0
9,1,2,0,146.6190911194053,0.8377583698471439,0.10460567300716486,0.08228968294563982,0
2,6,10,1,21.384106332434197,0.26940773707312754,8.821849484412338,0.6165242232480599,1
14,1,3,0,208.3328317700031,0.9299739159232477,0.42952209513982836,0.13823094923862017,0
15,0,2,0,215.6778532881164,0.8979283016091996,1.4307171691843206,0.009107989994116243,0
5,3,2,0,173.96059084105144,0.604227687449103,0.33013551376231925,0.10010489745938271,0
2,1,2,0,196.8574839689703,0.9373311379785131,0.18180930527731057,0.054540330887079755,0
17,1,2,0,118.03057813264832,0.8803380770170796,0.18627115161274932,0.017195488317889446,0
12,0,1,0,109.82277190950832,0.6307336253634902,0.3870103289850126,0.05394634039565262,0
6,5,13,2,21.35399953407272,0.24257431102158017,15.335768697721537,0.5385733937217478,1
20,2,0,0,241.21140836804665,0.8467022983422012,1.0740574126297338,0.15621609576267656,0
15,6,15,2,0.0,0.22454465143541247,12.878918984720704,0.5092702769628302,1
7,3,2,0,191.37456407534856,0.7508721514507297,0.12868124738158443,0.1656326924107289,0
6,11,22,1,52.69364731575249,0.25575294326576936,6.645788778812441,0.8103009395257729,1
3,2,1,0,289.2629996908609,0.6740916848048284,0.0992777104992055,0.009816284946204705,0
21,2,4,0,46.095959806644714,0.868169019617499,0.21221656657548343,0.058502174678408715,0
2,1,2,0,148.12723369381143,0.8057527522780009,0.21037863551181304,0.30682826075944186,0
0,0,3,0,249.07933798668626,0.6193623578900813,0.5068983769010426,0.19771344286428016,0
4,1,2,0,163.48028675686047,0.5878375434436075,1.7447265463046846,0.2080991548571148,0
1,0,0,0,198.59386813441947,0.8468175289516907,0.034629955570151784,0.20810614478392095,0
17,0,3,0,97.95063609766339,0.8996571605754596,0.2394329562427606,0.11411323549298809,0
8,2,1,0,174.19643132561723,0.7135763620472623,0.21131648395762095,0.14251263987008284,0
20,1,1,0,185.01867613335764,0.6542234984390037,0.026733748768739022,0.0028724045273276684,0
13,1,3,0,156.40292572361653,0.5749600280468419,0.23564170248077926,0.3062551840032383,0
4,0,3,0,166.45813262000937,0.7954330569332065,0.0442019518962773,0.22415169253978795,0
20,5,13,3,50.064763166027035,0.16632151413809654,3.1817618154968654,0.7963646804610203,1
23,1,1,0,232.11987080285678,0.8329122653659585,0.30220490649511095,0.0387056244712096,0
13,1,1,0,185.1209540657126,0.9635633874735724,0.6857269157599862,0.017905492889609003,0
11,2,5,0,267.50635305033603,0.7686655437008579,0.7448661314152744,0.04762392785095178,0
16,2,3,0,196.64529679163329,0.9648354057029664,0.15149881511597899,0.11333743294339706,0
18,1,5,0,127.86717279756779,0.6062254575260164,2.0589845142429026,0.23887639547640135,0
1,1,4,0,239.76001561179368,0.8413696693060683,0.6829892529232515,0.055748603678514835,0
18,2,2,0,142.57566621137715,0.9068967733481874,0.7241561504083917,0.1350746732670287,0
16,1,0,0,167.56830831225358,0.6657721306274473,0.05208232180757685,0.035404214812868345,0
2,1,2,0,224.19357749307235,0.9072601256080927,0.368882390032315,0.008768633195516939,0
10,0,1,0,291.08903085377403,0.8969068674560918,0.8386126846518531,0.023347186411589817,0
8,1,2,0,132.20674483463642,0.834380358312106,0.9816302757613068,0.03186072554300933,0
6,6,17,2,42.4489504880558,0.4289749191812566,15.562392865686402,0.7203064739221045,1
23,1,3,0,111.43817729913772,0.8037771383856023,1.201258387416422,0.06830840599605653,0
19,0,1,0,298.7881833361,0.701336558680006,0.27185390017225963,0.05120215024671425,0
10,0,1,0,103.73132873404072,0.6766899001330859,0.030985260546561724,0.005548039421547606,0
0,2,3,0,164.54295368889126,0.7773849322268357,0.03430205954425725,0.08407134954452529,0
12,0,2,0,224.40737527721012,0.863076586248964,2.0175956385268536,0.25596392178092886,0
2,0,2,0,71.92884099512526,0.4766404726243733,0.20444679846505415,0.16237115530048585,0
19,0,2,0,195.04534510992232,0.8400855275663889,1.3901076743763094,0.12880542501911427,0
13,1,2,0,131.12446098800288,0.8150166690309893,0.16177067327553799,0.2950835226329436,0
14,7,10,2,65.8377467759606,0.19485855413207287,37.56737740282553,0.4422472346716783,1
1,0,1,0,276.6481137483963,0.7918584589521414,0.5178319819554843,0.17930537075684935,0
8,1,1,0,166.46782075138603,0.7442860956079226,0.09644941618785295,0.018461919700119036,0
21,2,2,0,295.88933117799814,0.956166290212427,0.4723249244581469,0.13925522123118173,0
8,1,1,0,159.01170214316042,0.7184752375482282,0.05381791441529923,0.14254154657273815,0
14,1,0,0,155.48955980636123,0.9117998372359443,0.25817981992099287,0.1741738785458526,0
21,1,1,0,238.76327812119976,0.7745895601248722,0.12209543125873491,0.03340066547105003,0
8,1,0,0,141.8901328372054,0.6055454837641867,0.22443663774487907,0.005574228504628261,0
3,2,3,0,167.79946984549758,0.8838664733942023,0.0719606578369672,0.30200826920622575,0
4,2,3,0,108.11251399810884,0.8035645245942851,0.9453994352560139,0.15246045601049893,0
14,1,1,0,165.901319130395,0.9709384934172617,0.7800872791313777,0.03345739851913422,0
2,0,4,0,294.37958386701,0.975787433359559,0.36022922494778514,0.0034831424033562623,0
0,1,2,0,148.23948778533307,0.8165587314845604,0.29820201897937804,0.21475616424280305,0
3,7,17,2,43.52205911915954,0.2787057330190237,19.32190806152918,0.8788394418120812,1
17,7,17,1,57.651889200507384,0.4306392320701656,15.70218501874234,0.5482505160231489,1
18,1,0,0,206.52221630209434,0.43236364154386536,0.448103481149893,0.005962105897187521,0
19,8,11,1,43.75361692942348,0.23458437225142192,6.725754964640996,0.7773922888419271,1
8,7,16,1,51.31209073419615,0.1308835072776952,1.9910433592561763,0.6012893877363825,1
4,1,4,0,211.52621176321514,0.9186462049274744,0.7958596359305944,0.144545585339907,0
1,0,0,0,138.94035041604477,0.6317376192435632,0.9447122900965568,0.02187924644945756,0
0,1,2,0,126.52246323362061,0.9352137103987724,0.08897921589572481,0.23456752500473746,0
21,2,2,0,204.59580986891623,0.6658712147093157,0.030765519075706637,0.08361451086890469,0
0,0,0,0,246.21562663428477,0.7989308935593709,2.169166016166912,0.22243897565152823,0
22,2,5,0,210.65070082616944,0.6315718483815781,2.8113077714966157,0.10653955654585953,0
2,5,11,1,79.29310336161373,0.15926314618522572,1.739572476995608,0.7871489053317698,1
18,0,1,0,196.75508327664124,0.8375855446888546,0.16694793594732793,0.13480271140469488,0
17,1,1,0,158.8101787192985,0.7646485336131521,0.37123302828026694,0.04194996694144145,0
20,0,1,0,222.37682010187766,0.7710981657711413,0.057310021442021415,0.20543860713127984,0
2,0,4,0,252.55274747642406,0.8249625661366312,0.4599632896652055,0.15641235195179737,0
12,0,0,0,116.86635543755015,0.679379618351954,0.022991825651439465,0.005726098604044134,0
5,0,0,0,45.55051265783567,0.8995734471885166,0.05352567488787145,0.06361911683033983,0
22,1,3,0,206.49374426368448,0.8489440357064074,0.145268638441999,0.11074287660265246,0
1,1,3,0,241.63037751457884,0.8101781438022697,0.06353471311965542,0.2171731985537158,0
0,2,2,0,111.8060104975304,0.841683255519317,0.055945630326809576,0.09724878683119748,0
21,3,18,1,60.72239321685192,0.2234743580811869,11.962146363757721,0.873271246687055,1
0,1,2,0,159.09302686608356,0.609382224765325,0.16480342683222474,0.01244460163007166,0
6,0,2,0,190.39411383441688,0.9101810179446641,1.4423446659505068,0.088896717924229,0
11,1,2,0,273.76570501460765,0.8740420453889182,0.7732234443110636,0.2417799869851569,0
8,5,9,0,38.364489391939784,0.31223983632455876,4.484135015258591,0.603088892611513,1
5,1,1,0,182.1526424721259,0.8189531821844155,0.011599956581082005,0.08885858920259851,0
16,1,1,0,294.3633519453193,0.8334676543206571,1.2929986428920872,0.16345207648052512,0
11,0,4,0,267.6510502696802,0.8496945795014584,0.051285493476201996,0.0017595415989038175,0
14,0,3,0,65.68725217015582,0.8644809040922323,0.42912078644735036,0.15879407817990426,0
20,3,2,0,121.84633721407988,0.8206552917948976,0.08714931017432499,0.5663170029838879,0
23,2,3,0,233.13914146776403,0.6628351705502898,0.20181123469154302,0.18490205887302094,0
7,1,1,0,158.38605090007954,0.8992957818984553,0.11377073846738445,0.02363183400443328,0
8,1,0,0,203.21869936734595,0.7828912324504897,0.45632443371813497,0.11162976564692846,0
20,1,3,0,142.3082205265804,0.9652750273798071,0.2502056532634283,0.1437577901631506,0
7,1,1,0,237.4363299167858,0.7237338548284031,1.503396176353685,0.025021648175215547,0
4,0,1,0,169.08106115195648,0.7286218723700463,0.01260795187126914,0.07781607594605297,0
4,1,2,0,210.8236796277006,0.8107612405711803,0.06604252132286134,0.018935591829415236,0
21,4,15,0,42.767086851555476,0.43628634722808957,8.940772910401785,0.6538988803137487,1
7,3,0,0,244.69096582262029,0.9068851668860088,0.17204913187526918,0.08410231498659441,0
6,2,3,0,260.74895823212194,0.930511739761942,0.4891296882886628,0.0018198587970308028,0
10,1,3,0,195.8039303457046,0.6334694615854853,0.03859590034173233,0.12749717838167213,0
18,8,15,1,64.38053638730277,0.4509489769065686,4.063176986006186,0.9234875708528623,1
1,0,3,0,171.81303415798692,0.8753001861624062,0.24733263344888848,0.10245507642832269,0
11,1,8,0,168.61590612001612,0.7797078036201709,0.3049101786472757,0.23480129016650936,0
22,0,1,0,218.6014321955802,0.9246103447197094,0.9322547432734476,0.22774404236905232,0
0,4,12,2,106.40352341646482,0.35052531938383324,1.7009870049068863,0.7316696826179967,1
17,1,3,0,162.32543866309405,0.7783995913641396,0.24532230138142594,0.06684699149027121,0
13,0,3,0,264.43161849088875,0.8778817246378726,0.5816591644684641,0.23708036632435409,0
3,1,5,0,311.5627898368268,0.9052628566566653,0.49871181264912184,0.0914848048362528,0
4,1,4,0,228.6312118728937,0.848192059722705,0.06238710117457294,0.040165266795549534,0
20,1,2,0,52.56036108027192,0.5398303538713719,0.45759583380830915,0.10017081264471357,0
21,0,2,0,266.49234042602757,0.7191091484013369,0.10312488838682486,0.2657588911477993,0
1,8,12,1,4.309300730465495,0.20878570745239164,5.694055408832779,0.8491622639895164,1
19,5,19,1,93.04548354703184,0.26943881158758953,4.085889118069537,0.7039128293042328,1
6,1,2,0,185.82684877329262,0.9454895386582709,0.18935874851612355,0.1383050903075563,0
21,1,3,0,160.655595748691,0.5406317437544198,1.0813291019792306,0.3369102113300169,0
14,0,2,0,118.69739732412998,0.876902903516394,0.34669878322002035,0.039320460465825706,0
11,0,2,0,127.9310210257144,0.7132989799571272,0.4584487999291509,0.09765020127620154,0
19,0,0,0,178.4535209181612,0.9550150958690402,0.47826639197067145,0.31881288829742754,0
13,0,0,0,235.2298486064675,0.8636022042380794,0.1524946705994942,0.1591928112451015,0
13,1,1,0,205.7693097968488,0.7969999642546974,0.6606166851500471,0.1575365237404476,0
18,3,11,1,0.0,0.16292019776186129,6.053371053118916,0.5901683733674341,1
5,1,1,0,229.17062734313055,0.9445803905906871,0.771310541876722,0.10306004759466085,0
14,1,1,0,167.1398545323297,0.5160866348661739,0.16049251240283618,0.3033084721645444,0
3,0,0,0,217.12289906547483,0.9089581702062326,0.7806292064943364,0.1605936230571168,0
22,1,2,0,201.4643255547519,0.5820185160917147,0.43673727901063547,0.06903575201297173,0
2,0,1,0,178.01541809945428,0.8807678290758699,0.26658127868438675,0.00732311129861414,0
0,2,1,0,93.06070298769568,0.7672252374575327,0.2210601405249834,0.06390319179949906,0
4,0,5,0,185.4881361193184,0.8326662709314072,0.5521823958503486,0.1897618845811855,0
19,1,1,0,161.83706985942612,0.7918989850278353,1.143310329932904,0.26963644889335736,0
14,0,2,0,234.35202356901482,0.826895963563709,0.4245437373333603,0.3499858516604962,0
19,0,3,0,218.37639090212835,0.8681035701953276,0.4908515662937914,0.16994539865555516,0
0,1,0,0,209.04827862565668,0.9319557331111596,0.6744825305992286,0.06872767082007018,0
15,3,1,0,215.25456062347627,0.7556745326528028,1.3084092807996814,0.1648830826250586,0
9,1,0,0,262.340176257281,0.9579116922155293,0.4173739683661452,0.2785620032030601,0
3,0,0,0,219.90604171327425,0.6549742220061056,0.7365500265871053,0.16352436570225934,0
16,2,4,0,153.21746919946742,0.9261757756944383,0.8446920368076611,0.013615005091061692,0
20,0,2,0,129.0037115508265,0.8760874591722106,0.2245655500977827,0.034397902928931474,0
3,1,3,0,127.7427294612566,0.6825529437672561,1.0103072385410123,0.06876497763837489,0
10,1,1,0,90.5167419012091,0.8503498388725146,0.6715851413481173,0.061268121863998326,0
12,3,4,0,234.79019323843553,0.9405678298997698,0.04235626604859117,0.011890463246220803,0
9,3,4,0,256.9315215394371,0.5168622531190208,0.5582148636665307,0.4421536833561824,0
18,1,6,0,155.02894479396335,0.7798048068121274,0.8700560586400876,0.08611760778147168,0
1,0,2,0,107.88744732455397,0.7863298799613228,0.10096798851843664,0.09252996134874637,0
1,2,4,0,222.11617344089035,0.813162821327912,0.06953450583084997,0.14219579387731596,0
9,0,1,0,110.8982891152792,0.7247196184522451,0.3045849461483727,0.13773963365206615,0
8,3,0,0,155.20112671893762,0.6631451555707166,0.3398469387463822,0.03147047442774239,0
7,7,14,0,134.25342923452124,0.15627661055083514,2.004476195099216,0.8412378684324191,1
11,7,15,3,31.45635085827433,0.1653323426939949,0.052042764767376626,0.7003121896644002,1
5,2,3,0,68.48607260951556,0.7321181311124976,0.38025719798821284,0.30627618025246567,0
17,0,6,0,184.76887060790202,0.9264671787521654,0.3991820754524053,0.24746395376661404,0
5,0,4,0,132.8883950246337,0.6501752005868667,0.7770038237602463,0.053688784092856615,0
11,1,2,0,149.95879474695036,0.9418591017802364,0.1598300197219639,0.09763328121111438,0
15,0,3,0,167.264385059795,0.5461562532267615,1.2428338688777303,0.20124594712320606,0
12,1,1,0,204.18659639107992,0.6232930520955301,0.4274414756555219,0.19497441468863386,0
6,2,1,0,190.2346962403709,0.9103416184330194,0.463890201011721,0.1590077113447926,0
3,0,1,0,205.01921689486113,0.871274165542351,0.07575041841962789,0.04155835970216459,0
2,2,2,0,297.7176385768818,0.6639404562726896,0.18456917349672322,0.10066486041913271,0
7,0,0,0,60.93744771291557,0.771031216126489,0.06287036515647083,0.06878032915005561,0
7,7,15,1,69.99988523972274,0.06135964919320347,6.955408853185624,0.899810696309366,1
5,7,18,2,32.37693635136587,0.7013116844410643,16.321139782693855,0.7223922012834381,1
13,2,0,0,345.66070483678527,0.7912718620312394,0.10176494351883052,0.08916401475556145,0
1,2,1,0,184.83080747509229,0.8389930473203407,0.45056739207209673,0.11295397225907132,0
23,0,3,0,183.13435109198258,0.6787160998901288,0.7282777256627122,0.3123385692380882,0
18,1,0,0,301.94437011645164,0.7914502124398519,0.28741355249883827,0.009405439205037188,0
12,0,0,0,234.00979605843497,0.9547659002609747,0.08439755143865312,0.017250051925195173,0
23,3,1,0,156.3971955846314,0.8221513286130373,0.9204831764209818,0.00878465801147987,0
20,7,15,2,64.09823094042912,0.059303378367853155,4.174681210501298,0.9380441090610057,1
15,0,2,0,98.52991135166393,0.726106115292306,0.8188787209735223,0.055718241542921876,0
9,0,3,0,210.48812348817395,0.6705338699394364,0.13072256198021456,0.1465208930319217,0
18,0,1,0,153.9849000396436,0.7073755740679386,0.5735519348647784,0.09067945796560192,0
1,0,0,0,110.89090025658221,0.7341686785979625,0.5251374963326886,0.030847877075975916,0
2,0,3,0,153.3659426717864,0.7239149687135078,0.22579715576764836,0.10955190634537981,0
22,1,2,0,201.51585155908938,0.9367652553975977,0.5817010592193388,0.020766565245028647,0
4,0,2,0,162.86387808772474,0.874424991048655,0.17876190362215832,0.03405279802439784,0
15,2,1,0,126.18239120592253,0.595770438651472,0.7293322757533612,0.07331192115509515,0
2,0,3,0,192.52852737540792,0.9712221034982547,0.1380724214177281,0.21392269533813907,0
18,0,0,0,198.39378999671888,0.9027292791251844,0.17370798310589664,0.18232518355380783,0
10,0,1,0,196.18042922628536,0.7683281566121778,1.4691665631186903,0.06204243654335073,0
20,0,3,0,148.1490018335399,0.8605583912219522,0.05980295843780601,0.112423438888749,0
2,1,2,0,76.20578390165122,0.7710717010573144,0.056636850648748176,0.007556609355998302,0
19,0,1,0,156.24290070754648,0.8279980630838726,0.854067535687817,0.00850362342861766,0
11,1,1,0,293.83894030992434,0.9889006116800235,0.08516041750725724,0.188986852492432,0
15,0,4,0,224.19440517158773,0.8257977287674768,1.7565616799339538,0.43145063369979475,0
14,6,23,0,68.46376424481538,0.2108191149386074,0.3783470644727412,0.6615799868119439,1
17,0,3,0,214.20012907342408,0.787428130705447,0.6037166114586368,0.004631007761765148,0
20,1,2,0,228.93382323974885,0.4864376996114001,0.6083819088716214,0.17528476608283466,0
18,6,13,3,35.57941283057468,0.34698233703408377,13.030729431273102,0.8270360499146997,1
6,3,1,0,211.5858163527287,0.7034108282056465,1.0076762411679938,0.1738646311581135,0
7,0,1,0,130.43254538520233,0.7673110468706031,0.3116214743833063,0.12842936519395665,0
21,2,1,0,119.66191894431108,0.657544986602065,0.5984182803907653,0.07368354612391322,0
19,9,13,1,102.59660016427758,0.38328782688821467,9.521543379149039,0.5058019280684609,1
11,0,3,0,242.57669533575574,0.8448124717839731,0.1679407736425277,0.18048831672778315,0
11,2,5,0,197.30632299412613,0.986312618936068,0.06723724274125738,0.018091214716621864,0
12,0,1,0,121.53475073221719,0.9402505803353745,0.19241248485880585,0.1517849160617563,0
22,10,15,3,5.879331144330628,0.18824983295760445,11.692416100560882,0.9471501756270703,1
11,1,2,0,145.2200183068033,0.8110620896850711,0.3800368490868735,0.022775591296046664,0
11,0,0,0,115.78497710441331,0.9106984261897806,1.3572614243859953,0.4636131681209653,0
2,2,1,0,243.88355201306737,0.9124787901670256,0.7785326336551095,0.14300563670068417,0
20,0,1,0,349.1485729935041,0.9400916703238499,0.19646900944217652,0.11836615767015225,0
11,3,18,1,61.708250972903656,0.229695415616815,4.11649741628834,0.5567479541191008,1
14,0,3,0,205.58080619828945,0.7776004934815653,0.07421065731411722,0.19599433193067928,0
2,1,2,0,179.26698726132918,0.8500614011998056,1.7243392261096462,0.047387472202765415,0
5,1,3,0,129.74010005738398,0.9059724201862002,0.5698188113890897,0.11785909612077528,0
23,9,7,0,1.7859555289124245,0.31876237017123404,5.720210769761107,0.8310876918496165,1
1,1,2,0,196.9585643478095,0.7227137668550004,0.579457763351204,0.12084742593972769,0
22,1,2,0,158.4547558141564,0.8527498932543478,0.9979360106916615,0.2621613247400498,0
22,1,0,0,252.6490737584822,0.8300820143644747,1.1191730953540941,0.019925164278911462,0
12,9,15,2,101.38513136715811,0.3483315456979688,6.599705778987605,0.9762087679539936,1
16,0,2,0,116.81646279284911,0.9102278285933774,0.100069912850005,0.16156810649421688,0
13,5,14,0,2.892256394312362,0.41309985696847296,0.8294848005073855,0.8653075549991358,1
16,0,3,0,152.77547506345172,0.6042216914459834,0.3066524634601027,0.3410212063369114,0
18,2,6,0,257.70439424308586,0.8466919503591034,0.8239048732188746,0.11003494580736348,0
4,1,2,0,201.09259649404248,0.8823205505304016,0.051218897216918795,0.06806508483713167,0
10,0,4,0,170.3422858082996,0.956686510305473,0.032114680400798214,0.016616900852624683,0
14,2,1,0,154.93024608934797,0.8392261752233154,0.3935866118617907,0.2861004353863687,0
13,1,2,0,157.16878349505797,0.952944006048493,0.47862720810768167,0.038065528146646724,0
11,0,5,0,189.9570303164087,0.9262849228836263,0.26885444845513246,0.005217192280233939,0
5,1,1,0,193.02676292171154,0.6989390812190966,1.7820938972721856,0.017112201043579425,0
17,8,11,4,59.77900594312143,0.16247372851320885,5.92142383453535,0.7174993205335957,1
18,1,1,0,174.6799550001461,0.8669713936271247,1.3222107373659995,0.016160930855842,0
16,2,1,0,224.3275431155913,0.8161367918106549,0.18931668940978705,0.03640796250953287,0
2,1,1,0,180.16132566474812,0.5556844195848157,0.4852591691133079,0.007411916664111246,0
13,1,0,0,206.84732749320773,0.5892439032785726,0.3009602982324759,0.28861701491655256,0
13,1,2,0,149.35655752644888,0.8798548563429563,0.8464699194282801,0.041439736560030464,0
18,0,1,0,288.5380541259201,0.7343609097858059,0.5357045973768361,0.004284719945834958,0
9,1,0,0,231.59918688285217,0.6395599669040833,0.8137605465229965,0.14886042553615023,0
13,2,3,0,209.6867442122989,0.9862839069511355,0.025662401340304872,0.020577058476398468,0
23,1,4,0,285.7767492321373,0.9420030940425135,0.9340188433343329,0.05155789494558867,0
2,3,1,0,156.2944764804563,0.955012162288259,1.1088200652459432,4.7501734036982156e-05,0
21,1,2,0,95.72398156672655,0.8039547896549873,0.6738245630836732,0.03431604385453123,0
7,0,1,0,114.10915704638681,0.9361920425157908,0.07748148603716844,0.08784482348477696,0
3,1,1,0,108.05014680082596,0.7221755138539697,0.7071904513925031,0.5896303115759689,0
3,1,2,0,172.11621973408418,0.6242896535918592,0.4112581751081101,0.006311115855287834,0
10,4,16,0,120.51480879502414,0.2306352879199409,9.28094532192012,0.829355062711707,1
13,2,12,5,35.96417457418185,0.0843175554434298,9.659601623162963,0.8612590131821468,1
19,2,1,0,174.5123306630807,0.6464706734729743,0.2470044946464691,0.12509048579471574,0
6,3,1,0,60.1442095449808,0.7457744451320678,0.17568614321705378,0.19150137471373224,0
13,1,1,0,138.47079621678827,0.89634616586319,0.07471714361704722,0.005178098989592043,0
10,0,3,0,147.8867277699404,0.9033834813982553,0.4363045565781789,0.06447085512680703,0
10,0,2,0,92.84292364535911,0.9072198876901366,0.1871136140107281,0.01351808424160894,0
19,1,2,0,222.4329700439374,0.7332223880954595,0.9434432667283079,0.08381118643150914,0
3,0,3,0,168.08143456889636,0.9435644158831819,1.5704390303691718,0.5034324941552909,0
13,3,3,0,158.23803746769116,0.938673183874019,1.1880575972657323,0.029996644300884435,0
9,6,9,1,26.140381228113167,0.1980262565028922,9.913324966324991,0.6964032613786147,1
9,1,1,0,214.35291740734948,0.8616699972481618,0.36048626869074973,0.18788246496441655,0
6,2,3,0,133.04670701012668,0.733984139037362,0.08524518312682419,0.0019632878582550514,0
23,1,3,0,179.18093280489228,0.7909846956732249,0.1458049332225771,0.32856348425141174,0
11,0,1,0,193.13229231049644,0.940702194287454,0.9318299645656372,0.029224374572513756,0
19,1,4,0,188.2723152897115,0.7249970652609508,0.06389406980636686,0.014206679735625843,0
17,7,14,2,28.13339037296267,0.12981864932742532,11.525623234516967,0.8955924107477171,1
13,1,5,0,96.04886510063875,0.9224017090890396,1.742918862964744,0.07126050335231683,0
6,1,2,0,144.9895838872074,0.9877306019234913,0.5264333495171204,0.047929464838693904,0
5,2,4,0,94.69633587039735,0.6697245246911014,0.1596357658806236,0.09400068886642249,0
22,0,4,0,243.39520322732358,0.8554106433975177,0.09011331880924012,0.04819104843022665,0
9,1,1,0,197.71717281606914,0.5321082656379224,1.818998685210014,0.3619813011368892,0
13,4,16,3,0.0,0.4342625080173381,4.639618645936558,0.5791357095324964,1
17,1,3,0,64.04875161161614,0.9482770325641101,0.17828239279640845,0.203147526898338,0
20,0,2,0,260.9071236506685,0.8369737226540908,0.10591993549125656,0.08715020340034785,0
18,0,1,0,101.43466072053651,0.6494005759546523,0.4642542678969668,0.17575476530761908,0
3,0,0,0,270.1194111780734,0.7156608001058764,0.8926995480437608,0.0844482050267926,0
10,1,2,0,288.6362965886476,0.7892136260991928,0.2810740172638551,0.0074603380878264045,0
23,1,2,0,284.44989555489053,0.7357743144729766,0.1316917439138031,0.11582402114496433,0
23,0,3,0,171.4923865747696,0.8414308765546793,0.13089354236670867,0.17902677118454552,0
19,1,4,0,273.5567932376815,0.9240684020684282,0.1030873051437503,0.13962455847306765,0
19,2,1,0,197.32080868856727,0.8487905525820613,0.6476501600807218,0.024461282880324037,0
16,12,15,0,61.22180725086237,0.1545416737138298,1.3582536249153234,0.7534524343487634,1
2,0,3,0,263.02870493133656,0.9356927904638618,0.25618091520688896,0.0320862099517301,0
18,0,2,0,155.1037347555177,0.9014183555406353,0.24200574442727038,0.3952465883005995,0
16,2,21,1,65.81550001755615,0.24950054202448133,1.0039166893230225,0.8023751026649405,1
18,5,16,0,71.44372103875602,0.18418147657057077,20.106647190388053,0.56267643103268,1
23,0,0,0,175.1287589676358,0.930583650823705,0.12630974353999613,0.1472036471188038,0
0,6,21,0,0.0,0.1674857260718698,8.64609243706814,0.4493227212954975,1
11,2,2,0,20.0,0.9431592157611154,0.15536955835885205,0.049055144099279524,0
23,0,1,0,158.31396146167273,0.6745223195087684,0.012301669721405633,0.06114808828736727,0
0,2,2,0,199.35012163001713,0.5357214610771126,0.6657113184554213,0.017561581186296957,0
20,3,1,0,243.0068804694135,0.8735865282767625,0.02906101547554722,0.12146116477353637,0
16,1,1,0,118.34381053664825,0.8808294322083882,0.09729777480667937,0.09879366217350699,0
5,2,0,0,264.95955091913237,0.8892739246496498,0.14470883255851608,0.14624814442903944,0
9,1,3,0,57.60235969488032,0.9066642798785249,0.13222852559785483,0.0048305757575439106,0
1,1,3,0,183.35315296268337,0.7473038108641321,0.21342938573559034,0.3833488293522707,0
17,1,1,0,207.5494971481271,0.9896297713460614,0.09335482320444762,0.09687090334432125,0
15,1,2,0,145.7559897069166,0.9085803276972796,0.3944618209088778,0.045223414279626374,0
23,0,2,0,162.63570468951778,0.8237487053942505,1.1194194597396423,0.03260995073983694,0
6,2,3,0,158.48690079695098,0.8007519696225341,0.04500224724041896,0.023333052880896397,0
15,0,1,0,201.63920841331526,0.4426909504689868,0.15011530812703597,0.03625268404898256,0
13,3,20,1,34.35470978422238,0.21764546340056626,12.555158952903055,0.9306822531643709,1
13,1,2,0,220.43188598231558,0.6689751147436888,0.2806678180668034,0.11646003392228005,0
1,1,3,0,143.01050996353706,0.8448078089124141,0.823070548996782,0.17647700725409604,0
1,0,0,0,162.53410128555936,0.785153507415409,1.1397388067471033,0.06810300398324896,0
7,2,2,0,177.013040210231,0.7808193512825122,0.1027331362112794,0.001888667510034096,0
23,0,2,0,255.20702487368865,0.6699947019731068,0.7402179532476637,0.008142204809092954,0
18,1,1,0,177.8809586287772,0.6448829825187475,1.7584230179879714,0.030720091546419307,0
15,4,15,2,61.689287919189034,0.36477129032133654,7.877217468104576,0.43462104068579444,1
12,1,1,0,111.95352529710522,0.9415615258655605,0.09766281772484825,0.22884664072515304,0
16,0,0,0,250.09565005356922,0.8223172565344464,0.47388104948005944,0.026238674890273074,0
18,2,3,0,182.11482622842135,0.7170991553390693,0.5021488246293337,0.01765829078819497,0
14,1,0,0,92.50415770650454,0.4780579753957937,0.23135489771639622,0.03597012176134436,0
4,0,1,0,100.02814542631485,0.8363474234748645,1.066246368993499,0.12236352368996575,0
16,1,3,0,201.0406492760474,0.7971752518289938,0.9583584210111828,0.14298514693453535,0
14,1,2,0,147.67295881394168,0.4779653790074917,0.14875338023003623,0.06663689658256296,0
20,2,2,0,107.46395747522077,0.6853293888803319,1.9935170126371047,0.0011160387387028586,0
13,0,3,0,236.46226417949242,0.9229550675149519,0.00817024030801311,0.058021164973864586,0
5,10,21,2,53.68192128775234,0.2674131087620774,8.07323564814789,0.6665578598995888,1
2,7,21,1,0.0,0.07615597175705152,3.2467047896442187,0.8859535138748272,1
15,6,24,1,71.8912789856679,0.3592751238548539,0.2773085948471042,0.8951143899140545,1
8,1,7,0,105.43600342596389,0.8493310173262776,0.6221866795422443,0.07329737918279917,0
9,6,15,2,32.05731927432828,0.24525123238789398,3.389909577409912,0.7646117619266273,1
10,6,8,2,45.93444988906336,0.18172795736094782,0.30473058637342343,0.7844124981859253,1
17,5,4,0,129.02978567574846,0.8987844118746015,0.2391353458594468,0.14892049218312273,0
12,0,1,0,266.05327077786535,0.7978861099050251,4.895548894368698,0.22220234394928465,0
5,0,6,0,167.9027221065429,0.8915790617281231,0.29359666746380564,0.02262241938944711,0
1,0,1,0,221.42250120411447,0.6757024494068803,0.2516729139259173,0.03505137995019653,0
7,0,4,0,214.44218097075827,0.8878091837809284,0.8170015964893055,0.06592577240015904,0
15,0,2,0,71.42899001105509,0.7690318594778881,1.736809492597565,0.12455469442804237,0
0,0,1,0,105.33528744544067,0.6593389697617956,0.9313847692163756,0.1731073095370242,0
10,0,1,0,131.07629441922757,0.5902077659884164,0.23358794295598886,0.17773654686934656,0
11,1,0,0,202.26281911558675,0.9542710735519593,0.29366802861917685,0.1156662496551937,0
7,1,2,0,154.58761168915487,0.8509119746183742,0.5452301080310022,0.006397923828070959,0
8,0,0,0,216.0693146997038,0.711354567423238,0.21420398996481618,0.13629250794472486,0
1,2,0,0,267.1161780377115,0.8248216464929568,0.01173014876209484,0.22920652840010064,0
12,0,3,0,146.30294247594236,0.7930512410742528,0.10805756973177864,0.10382278557618843,0
6,1,0,0,181.4372701921461,0.7383386661400696,0.3565162980560218,0.1928829971353304,0
0,5,11,2,30.99158965685708,0.08696055212002439,15.778143615083406,0.8935416282351664,1
5,0,1,0,262.94179274706215,0.8355369810584569,0.9016674274913301,0.28345294977097407,0
3,1,1,0,233.880022015289,0.8537416758632113,0.907719943762112,0.3244828082794934,0
1,0,2,0,241.225625972284,0.8018963999517933,0.16522399171852642,0.127046045586411,0
21,0,1,0,156.28942071124382,0.945319175831391,0.45804727576785176,0.18508793225620998,0
3,1,1,0,221.617333780265,0.8200619688237232,0.07328522762564511,0.20453952042107662,0
14,16,6,0,50.29680178783177,0.44089733055012353,3.860526075442354,0.8474868319063122,1
14,3,0,0,191.26929894716108,0.8405632845365022,0.5271572613807552,0.015438406829376184,0
9,3,2,0,282.22177792349044,0.905827506380112,0.12179687797633817,0.21694272841979376,0
0,3,8,2,79.87606462070849,0.17093985647127558,7.857823542907642,0.7262760079739199,1
0,2,6,0,124.9901693722785,0.9333321816286585,0.5412602045006911,0.12008789680201945,0
10,0,3,0,103.32982037724231,0.6813937652747313,0.058407932806566726,0.06130205290053509,0
21,1,1,0,162.21720381393766,0.851460415662719,0.16418751650939517,0.02056425583666583,0
13,1,3,0,159.82426547375334,0.9161933871280771,0.051230499772553104,0.004687971155528088,0
23,2,3,0,172.56585755745965,0.5964207128964752,0.011623532497546163,0.17684239908010352,0
0,2,4,0,184.47921449271894,0.8507225030671235,0.30274944211335986,0.3396660404545856,0
19,2,21,1,53.000355449326406,0.19829291215682837,21.543082380489842,0.8488422828577741,1
12,1,1,0,235.35590156930462,0.803846082297724,0.05306629478531279,0.08298202188519926,0
9,1,2,0,193.6016993497908,0.6679138250388876,0.4184206385579533,0.37267502309465134,0
1,0,0,0,32.84176864405788,0.8205594588162008,1.3393423602146037,0.08997533965747978,0
6,0,1,0,98.7155828944631,0.8420373288960932,0.050715666485492056,0.05911934513087333,0
3,0,1,0,264.0314574368515,0.7679244898210722,0.06679385111103253,0.05767789147699406,0
21,2,2,0,145.74098255414944,0.8740396855662924,0.8220496215115664,0.045682288279181756,0
0,3,2,0,162.78487654903557,0.8189161429717651,0.3068223901204454,0.15667157375464397,0
22,0,3,0,91.3332134851151,0.8020590039495974,0.12494966426158705,0.18007687372655076,0
23,2,1,0,305.0853574024809,0.7805115971260888,0.35189894734980626,0.16223523637504048,0
13,1,1,0,43.110793978595126,0.8132903834344041,0.22155742899339553,0.021187683771533187,0
21,2,4,0,196.5654578669823,0.637596813341195,1.2473203619609234,0.2217110586316876,0
21,1,1,0,191.9710752732829,0.9226455235369702,1.3789559918615089,0.21751025120927242,0
22,2,4,0,241.01790326327182,0.8635818778497355,0.18162065975230926,0.008645341044141632,0
20,5,17,3,1.258577860772327,0.31493524252028066,3.242208513316521,0.8019979635848753,1
18,1,1,0,263.37046789368986,0.9476839242168066,0.3784136151523973,0.2934107976272299,0
6,3,13,1,52.30692733808899,0.20843361681966918,5.624383605655774,0.9196842006856876,1
21,7,11,0,11.077311292609636,0.2921691890404241,7.629308879994935,0.6348708767055817,1
17,8,13,2,75.70531322169285,0.13556307888077904,8.51514223970121,0.8119771308593765,1
4,0,2,0,252.70472335945624,0.7125283542334259,0.2089039648407283,0.20805277854744036,0
5,1,2,0,103.64690147243473,0.9732924072227113,0.022970772128096537,0.29507493178602673,0
10,0,1,0,207.47229884607324,0.7922283621407078,0.16248131339033717,0.027341314047617974,0
11,0,1,0,278.4109757739634,0.8104969322295488,0.18506461055878096,0.09574600379271289,0
3,1,2,0,122.88997419695409,0.6458411891862228,0.07684181375535509,0.09080629232789275,0
5,3,2,0,207.67000588641068,0.9028297603911362,0.33659131660416924,0.052339158367411466,0
2,0,3,0,174.9684500176604,0.7933440928239704,0.36514845419842673,0.02842625726949594,0
1,2,1,0,146.55157206308812,0.7518397723186314,0.39644521840818214,0.04067340631802464,0
9,3,0,0,174.49605487144547,0.8348289666940213,0.37901873900088706,0.1044298907051347,0
22,1,1,0,202.75925697681004,0.822088592959459,0.021845600995516277,0.14455078933897159,0
10,0,3,0,220.86438462103837,0.7731368928596618,0.671773245648521,0.21026359125571453,0
13,2,6,0,144.01033295436187,0.42473311466113306,0.061028040640011924,0.24750980166929923,0
16,1,3,0,202.70324360463144,0.9065925786256765,1.0876044745910003,0.22460272114280927,0
3,2,2,0,223.71263840536636,0.8057151606427144,0.12248008687324441,0.02705823667961848,0
21,2,2,0,136.53704515404468,0.8805416786253035,0.5189297531998783,0.03376643418761807,0
8,7,10,2,37.49747881929589,0.39731149825744894,8.729427434498104,0.8934705569588477,1
5,3,5,0,215.11967890255795,0.9761225050467502,0.46735037265371027,0.057440238630059405,0
14,0,1,0,173.0119406180043,0.9110804441964152,0.3182779273052587,0.008191707196506772,0
4,3,2,0,200.1554083344301,0.8791550558550328,0.6255247778243584,0.25921241609421397,0
23,2,3,0,133.9096143294844,0.8690820840580255,0.0410261208255784,0.1823108694773234,0
22,1,1,0,245.45467803915363,0.828958301174261,0.04253100410327326,0.24283998566614842,0
2,1,1,0,154.6500268513609,0.8932486025060092,0.8074201773893173,0.11680016030774103,0
4,0,3,0,163.98121913194166,0.8094753098126913,0.23802683699319366,0.045888750953210995,0
14,1,1,0,93.25145980284229,0.7884864874133543,0.11923207070376225,0.0683610995839139,0
12,2,2,0,114.52011316940732,0.974512501614492,0.4885090519151876,0.015844102528088776,0
1,0,3,0,211.58894402370123,0.9928942866449968,0.5820571498370031,0.31005865867771015,0
9,1,1,0,178.02988078852752,0.8212985668555881,0.8048864045798028,0.08886175412540585,0
15,1,2,0,294.4707120578685,0.8164192520238638,0.4086004099507327,0.07527572208410213,0
20,0,1,0,108.87341351440635,0.8062879414146769,0.055299632887631234,0.023799644224967224,0
4,0,0,0,78.40951655382588,0.6888662985396411,0.5714414789914997,0.08708234845805982,0
1,0,4,0,163.06884253658944,0.9602435590287678,0.673072158435655,0.15346934174979812,0
16,0,0,0,169.59776707793677,0.807247020802851,0.03103137494493402,0.15480032726715706,0
13,1,0,0,231.0062458138282,0.9291654880502012,0.4680718749296555,0.061303638061418815,0
18,2,2,0,170.8350471692506,0.9085184149375983,0.4759905551700591,0.3381428011134026,0
13,2,4,0,217.2638750743737,0.47405128801489144,0.8106672083364558,0.21911605374738766,0
23,1,3,0,163.11109591953638,0.9803513970586402,0.7022593802025043,0.36223593476989374,0
13,1,0,0,94.38089551168572,0.6706256479697108,0.06327050079174198,0.05100012566859607,0
23,0,2,0,255.81251930109858,0.7500584107961651,0.37250094527566097,0.06945241217187466,0
21,2,16,0,36.40277794128259,0.3151109454566174,4.424958262330352,0.7627328485117252,1
13,0,3,0,256.9760285117163,0.9468018551545959,0.9570439220506739,0.11055702392003505,0
10,2,2,0,166.39543489305044,0.8730871435480129,0.23981495256396487,0.11734017692218848,0
15,1,0,0,132.091879249668,0.8814890982152518,1.7039342367085315,0.14063490114878738,0
2,2,2,0,82.06054200320997,0.7803260552419984,0.6173932880657885,0.012097824262687823,0
5,1,3,0,156.96631965773514,0.9449969180504527,0.40489069989361437,0.24885690133896488,0
12,6,14,2,34.05824528370567,0.18548355107654366,6.597362340584676,0.46686262306790455,1
23,0,3,0,145.26471704736468,0.7959190583694598,0.851750776879059,0.05773506177999348,0
19,1,1,0,126.3640538831295,0.8849006648264219,0.14527240646638045,0.10945102823319482,0
9,4,15,3,36.165803560623985,0.21278270002533553,11.790390674200617,0.6074540549866692,1
20,1,2,0,279.8119192130225,0.8690846420537837,1.2073524452436923,0.14352330610436545,0
14,1,2,0,175.60252254655734,0.8282852170258268,0.011976506416382319,0.2007527641688993,0
16,0,1,0,155.24409769243806,0.9128122000535527,0.06814336114554129,0.11644223221793165,0
14,3,0,0,232.08621429387688,0.9390185716038102,0.7109831712662329,0.14832469269361684,0
11,1,2,0,137.24322568946494,0.6761789634710459,0.5934361227574508,0.22300442779667393,0
6,0,4,0,112.36659771900037,0.7447978546604891,0.13542015855222925,0.025373356523604514,0
13,2,3,0,260.5199560163634,0.8118926382948656,0.30869184858733184,0.21201721930838793,0
17,0,2,0,234.53582184982756,0.771095733619061,0.1690399673187674,0.0009931783472237603,0
14,0,2,0,174.35501882571435,0.798951006638105,0.3554388716421157,0.001290145820719228,0
20,1,4,0,192.68474051779373,0.8237106576517201,0.5632253844259775,0.1811364872082603,0
5,1,1,0,220.82189530154716,0.8042471393548227,0.9475924341758353,0.02757206017485795,0
6,1,1,0,131.58211881363383,0.8580622669485756,1.512769975314544,0.284635649177268,0
14,2,1,0,214.6213152561668,0.8197384930299174,0.3721466408419492,0.17834952699890463,0
12,0,1,0,114.52617747823719,0.9605732089350475,0.9892771454558452,0.0281310999834539,0
11,2,3,0,263.16662608438577,0.970716339579742,0.0393660033088169,0.020028631453589147,0
20,1,1,0,246.90040243727816,0.6610504638649919,0.09772804530920316,0.013143154425885008,0
2,3,4,0,195.9213903479105,0.831458819395737,0.9946227171993776,0.043242506833123764,0
10,4,4,0,224.24769188095837,0.8008859294701146,0.7676615656323408,0.013250741402799781,0
6,3,1,0,227.7915812038607,0.6742453133776886,0.4139728347449931,0.04854538055543337,0
12,2,3,0,120.41074821440571,0.828984971190227,0.6026390314420338,0.198244871152686,0
5,2,1,0,133.52163397501076,0.8169898787859227,0.6460832936811531,0.12347682903707585,0
10,0,3,0,158.68406949940328,0.875529140379822,0.14933273274896608,0.09257832161428667,0
21,1,3,0,177.00402621904456,0.6149191734517804,1.3817913566075732,0.047755370009306006,0
23,0,1,0,263.2657252967132,0.7541170061227584,0.48523073209969636,0.08236826999315112,0
14,3,2,0,138.46418226953278,0.9156124232292576,0.6321624519204677,0.24771836011186787,0
16,0,3,0,190.9291225744131,0.8230466538624273,1.0934299927584747,0.06948044508369547,0
1,0,0,0,49.00818927280807,0.9563611546168034,0.5138458831762702,0.0017478187572668705,0
16,4,15,2,0.0,0.3778274420110615,5.864093118571798,0.9461870303276118,1
6,1,3,0,252.23669518378975,0.7983207047581925,0.0204771291857596,0.14765831842188587,0
12,9,11,1,14.881441582738073,0.08811898581781814,1.9479265721350911,0.8452003904349538,1
22,0,1,0,154.50314135108263,0.9412097379276236,0.2596472941859805,0.023889755750331743,0
22,2,0,0,207.9821754311534,0.7626112604722027,0.9731641121498334,0.08900870498969318,0
15,2,3,0,162.4946456787934,0.8339313232270936,0.06204360968330873,0.09827222034542363,0
19,1,2,0,221.0911684333048,0.9706697527581506,0.275552469504146,0.07534188574932278,0
16,1,2,0,297.4882160953633,0.699042145140956,0.015883986126497582,0.0003429252272053949,0
11,0,4,0,235.60589458547554,0.5441276792459051,0.2600874646638607,0.08438539332011301,0
20,0,2,0,176.86906378844506,0.7465947791087684,0.3036304392129093,0.14054479932148106,0
6,0,2,0,55.67896665069212,0.835714922104966,0.2933990121994581,0.1348946468371676,0
10,0,1,0,215.08631946765829,0.9224415278152818,0.8573224399058518,0.11197000062669035,0
20,5,19,0,33.99721501093496,0.21350922143274467,2.054582592037955,0.6484360010595266,1
12,1,0,0,198.1565163878944,0.9230813721597579,0.5903037308085662,0.03707244988782337,0
13,1,1,0,134.06113924403127,0.879845246725313,0.9595463331072797,0.3408644043813606,0
13,3,1,0,168.1704796414269,0.8248338975539603,0.283816941791828,0.011942076314779376,0
1,12,12,1,25.10570552263589,0.20630270721745544,2.7003506177825085,0.6197567439488432,1
14,8,10,1,60.204620586880296,0.0622091335775384,2.2168400423652717,0.7243329751885366,1
17,2,3,0,207.28281764779027,0.6833687517083342,0.005471091228316311,0.05177262723907224,0
12,0,4,0,204.12544243262815,0.6385485466787618,1.1245629156884496,0.02159051568518642,0
20,0,3,0,136.65907140102235,0.8828788159417843,0.046074269184140794,0.04379821941996788,0
8,1,4,0,260.3788697485003,0.9501554379678724,0.5309365649819101,0.18249753756661127,0
13,0,1,0,191.1348196446072,0.8337243109681723,1.3872822796992823,0.011048161020365814,0
14,0,4,0,189.1063386148817,0.8326209772282263,0.65274368679517,0.0761918481702151,0
12,1,1,0,271.127892594058,0.8437510320863043,0.13393958703636236,0.11371819412868724,0
11,3,2,0,163.83316651927893,0.6899499345429944,0.30093319753133296,0.3264015252134569,0
14,4,3,0,263.83142940447385,0.8724929176918357,0.6431345406619153,0.19989446588798382,0
20,6,14,0,2.9401776268466264,0.5223529509984859,2.8963552326363233,0.6638643531972684,1
2,0,2,0,123.09937392496732,0.8177789667334845,0.3791300157356908,0.0010548898895347695,0
22,0,0,0,208.10850323474162,0.835052219120056,0.1519191358396341,0.07317094410728124,0
19,4,15,2,48.4598707670249,0.033493212290134106,5.475574369289137,0.85899437354067,1
6,2,1,0,261.64698591907063,0.9594519632839865,0.9211856807841978,0.08373303605926373,0
1,1,3,0,124.99833816735358,0.9242150119602739,0.2666858854301777,0.005840650222620574,0
8,9,11,2,71.83735027654754,0.1946798368247638,4.093915432400044,0.47537275262809225,1
17,3,1,0,169.40149268746302,0.8226522147395244,0.43086076829270675,0.05759741042466574,0
0,1,3,0,211.42968063887866,0.823105709950873,0.8405766142170502,0.027353821410227054,0
9,2,3,0,303.0470797494946,0.7093538840589182,0.48811711016080783,0.09574801797101033,0
4,0,2,0,29.580903037342978,0.9133629791067034,0.30220927101408673,0.31006656556197526,0
11,0,4,0,180.30329587263972,0.7230487708072356,0.7007659935549664,0.10714591672655423,0
14,0,3,0,185.3070449077627,0.7949105579229104,0.24187010276823984,0.13599542028322117,0
17,1,2,0,209.2372480134876,0.8516631948516068,0.3872545739740985,0.11583045523637941,0
6,0,4,0,241.38339881543425,0.5773087643504402,0.1016305832423361,0.1573439721421664,0
15,5,15,0,61.32989346951592,0.2506608290329406,1.3344081756937025,0.5752470155671162,1
17,0,1,0,177.56849597245994,0.7307944216841308,0.00872932038566331,0.025194835660950186,0
10,2,2,0,144.07608011544087,0.7379420490874504,0.23073850412729838,0.3947401108279339,0
11,6,17,0,40.14278913551584,0.0489460406701374,4.644994284267837,0.7772752779123091,1
22,0,1,0,263.6129693678422,0.6559474640364595,0.06466762549476648,0.028383384598901128,0
20,1,2,0,103.29465530509995,0.8085294485804336,0.2032068048461885,0.029748702395571376,0
10,1,4,0,197.6692128483961,0.7702881060086209,0.2209407198466559,0.3090807911604658,0
7,0,5,0,140.47396124215166,0.8010135814407011,0.15130209351569532,0.01161592701672015,0
13,1,2,0,147.1153522277152,0.9450402027765884,0.5101527826590658,0.04947607457524632,0
11,2,2,0,146.82731377129872,0.9779501409589744,0.2011874877336465,0.2367915247233161,0
18,1,0,0,215.4479893490186,0.8719486558295622,0.20219815883648126,0.1246990836412174,0
17,1,1,0,207.74952707399888,0.8067509048479643,0.34082718804666823,0.10754623493074261,0
23,8,17,1,72.93647045106698,0.16280136441347562,6.4478711134901525,0.7992203200067778,1
22,1,4,0,96.94073185501715,0.5460580242463496,0.6837726074389385,0.09475487042200188,0
10,1,2,0,181.65304345136929,0.7425148865572703,0.7960224657710112,0.1028468746271848,0
22,2,1,0,170.06435187880882,0.5481167787820628,0.3357746072744089,0.03324326320214672,0
22,1,2,0,224.32968476259524,0.9272155748359661,0.03471282665931366,0.18266713923113548,0
17,2,1,0,151.47862578118713,0.9137469564969373,0.4086303894665057,0.028711677368686503,0
3,0,3,0,208.1046006136052,0.8564838173848267,0.3514192426637705,0.21288153740196009,0
11,1,2,0,172.39486102955598,0.8161376554450183,0.3021065928676487,0.13727668012026367,0
10,1,5,0,212.04241361173413,0.8770974720483803,0.4664468087766728,0.3101955565465036,0
7,0,1,0,164.4045570747202,0.9263298855487361,0.2785808581801258,0.0013203184853594163,0
16,4,21,1,64.60778676822528,0.28516289074088,11.879314465669735,0.848253764968581,1
13,1,3,0,108.05351248561738,0.49448223055409557,0.45846749090679423,0.08124579169017582,0
14,1,2,0,113.56259043108918,0.731155049762502,0.8307317046060517,0.08576822561496693,0
5,0,1,0,213.75302640849998,0.9130522431109098,0.0009161326070843141,0.21776974000060798,0
17,1,1,0,261.7932743460849,0.8394063383327958,0.6285783077288741,0.007901569860625604,0
14,2,2,0,248.38422270498788,0.9092907899241119,0.8120550229210228,0.050982078816129775,0
7,1,2,0,42.074212993254434,0.9003499935688447,0.2832222008963553,0.08086484055311206,0
1,3,12,1,55.476245958008775,0.22097181931078472,6.396261642641697,0.6761718116215285,1
12,0,3,0,140.3688895091031,0.8798702748378289,0.20695221382858628,0.0981218029872206,0
5,1,2,0,261.6235752933994,0.9703702232447412,0.1830223944014846,0.026782228333221594,0
10,1,2,0,211.0520487191415,0.6391476178203455,1.2978454467973428,0.17987272930391135,0
8,1,2,0,246.4230547403265,0.7325083378463835,2.4681291403203534,0.006257082987781181,0
1,0,0,0,191.40429722964743,0.7019331073354337,0.017990015132309908,0.05186268633670202,0
11,2,0,0,228.14638921479838,0.8133101382543312,0.2696955615197221,0.036596660905255596,0
23,0,4,0,225.29918185737787,0.719080730279934,0.026419271002176052,0.19798927521347823,0
18,2,0,0,281.4725566903299,0.6980786511725139,0.6678189495969119,0.1361248785909861,0
9,1,3,0,135.2878150501131,0.8049626802959381,1.0041960196067756,0.09078472057207071,0
17,2,1,0,97.25505472592187,0.9506296674077661,0.24197842674749517,0.15924805167041597,0
22,2,4,0,77.08202489371519,0.7226733544530748,0.171655608755452,0.03214699759047686,0
11,0,2,0,124.72690278771509,0.8646955803062916,1.1209315644474833,0.03663122930061243,0
9,1,2,0,202.43955236861936,0.8635257530208911,0.4763888122335219,0.07231572578917649,0
15,2,3,0,102.69850889365965,0.4897974557869003,0.2806417873975969,0.2787620306071176,0
20,0,1,0,196.1843210416851,0.7809251633264482,0.0629561721873974,0.16067451411037392,0
14,4,1,0,231.5472100692499,0.8618023270836679,0.6988597440845503,0.008063434784408375,0
8,0,0,0,128.54207611444738,0.9096786490615402,0.321334130010276,0.13647565803423214,0
13,0,1,0,180.61229112633953,0.5674261072808096,0.47598589469417374,0.11911779552174874,0
8,3,3,0,30.26678990091918,0.9485242840069587,0.12743498820873303,0.002107986364795972,0
2,1,1,0,169.04443886652024,0.6436368428022319,0.19697432641318252,0.0737031121128711,0
23,1,6,0,113.56776932323032,0.7233461322469616,0.7216542590710578,0.07902384231127654,0
10,1,1,0,256.54532468034523,0.7354608910193507,0.5592168869200437,0.33142882530713885,0
10,4,2,0,269.87738181471445,0.6802904947747576,0.2407467682830193,0.12685348560347887,0
22,5,17,1,76.15361004242612,0.49661766823490977,13.093245920177113,0.6837941849438843,1
10,13,20,0,59.30257498455549,0.27461247271290773,1.4114911629188138,0.37044149897543316,1
21,0,1,0,302.0960666687525,0.6836838051614055,0.8324286056693673,0.04107242541809381,0
19,2,1,0,80.37796520069719,0.9325043120899134,0.320748297171884,0.008633652995945346,0
18,3,2,0,202.99729062111822,0.846140582030638,0.3133320584288209,0.09606219523410554,0
4,0,1,0,239.44631045455748,0.8577002161724769,0.2801316382909183,0.20263902427870606,0
22,1,3,0,193.6571738249752,0.9301342282575569,0.5978751458834375,0.029459894787945758,0
18,0,1,0,171.45258744372484,0.7141441471207377,0.4613140153635219,0.2501044923758002,0
15,10,12,1,42.484553986128404,0.1986911266156051,2.7967491610815816,0.7754123528568617,1
20,1,1,0,190.91686538061222,0.8625115607832728,0.1403804918048963,0.17851319106878988,0
21,4,1,0,243.58889976372518,0.8030990842716174,0.14767777083871703,0.14781949183497958,0
12,0,2,0,202.6502151810834,0.8105945216341779,0.04470306922402191,0.08530452997317912,0
0,1,1,0,74.68509784197666,0.8406558743173408,0.1863845358279727,0.08943016169700654,0
23,1,1,0,60.66593623894538,0.9238934016810463,0.36164903881690186,0.05603820798839139,0
1,2,0,0,227.4254003283945,0.9570851011382538,0.21202697555642,0.08404195565401831,0
12,1,1,0,194.681500103611,0.7104170853856322,0.4166298931566609,0.12348357760211931,0
15,3,15,2,32.01061780176158,0.3840961013539733,24.701517792471428,0.5359689406156467,1
8,5,0,0,118.35451950793811,0.8300763699799297,0.320377259964998,0.05252178792917176,0
10,0,4,0,231.53489458574467,0.7405993254244263,0.8592484778432943,0.1275195174753291,0
21,0,3,0,186.5487790860713,0.9099607835826705,0.07638444333240973,0.00659127315582276,0
8,5,10,0,8.911137061116616,0.24397085062963164,4.325325125031469,0.726229817062877,1
10,1,2,0,292.1933083707816,0.7715213551203586,1.0037994801866306,0.06948930948875671,0
9,6,15,2,51.00952326470447,0.58185217301235,3.246529282500955,0.5836116430277922,1
12,1,1,0,191.47697383544838,0.7548077745030861,0.13823674088729518,0.18255332330846516,0
22,2,1,0,182.59544916155633,0.8732613758473052,1.3963639938291033,0.3152582216065368,0
11,0,6,0,186.08875375022347,0.8840734461347715,2.1325324330079027,0.042911148711367475,0
9,0,1,0,283.0437190977799,0.8493007971515375,0.06903349379799656,0.19889224595409818,0
22,2,4,0,308.72509725756026,0.8192287567413723,0.10834019704620856,0.24096256000813215,0
0,1,4,0,138.5200845199471,0.8360140118825077,0.7729056312777451,0.18579274667571666,0
5,8,14,0,28.952363132246955,0.44341890357498087,7.369577064229379,0.8804256596209488,1
7,0,0,0,295.97718224536504,0.8327368026073986,1.3163345057255862,0.0715874530442021,0
22,2,1,0,109.00927258681301,0.908500493776342,1.6426679243352182,0.19567583858359158,0
12,0,3,0,213.29320337726313,0.969075594986912,0.3251616942554977,0.06870289169903021,0
5,2,0,0,205.75991563118268,0.9740379965438057,0.49176821523693487,0.03300080692503403,0
1,1,0,0,135.11618116615278,0.82168168348028,0.3451136647634428,0.13104165555300093,0
10,1,2,0,185.44669559354483,0.8321822728523224,0.5058525254313968,0.026123768128233558,0
15,3,0,0,85.19495601242924,0.9053675893533419,0.004367338002038491,0.026502361699185968,0
7,0,1,0,355.40748466893257,0.8442842120603729,0.04836894646671967,0.0719411113863063,0
16,1,3,0,199.08711039426905,0.9195734674206081,0.38553257264982094,0.11915092886014601,0
4,0,1,0,174.8257305179824,0.7108844285997904,0.11509520595169298,0.06885381784426199,0
12,2,1,0,217.11261262716442,0.3387461193274042,0.1821532895057271,0.39677531976207847,0
0,1,1,0,184.91340262459482,0.8382277177694483,0.11000224685781693,0.1516277099133449,0
7,6,18,1,70.4428553521919,0.06634581009386341,6.311906162404635,0.9325772333613157,1
0,1,1,0,235.43334631992238,0.6631606078281923,0.31164070564690666,0.25006476722316884,0
19,2,3,0,145.387403461286,0.8726711399644816,0.5646268551096252,0.06957548672517706,0
16,1,1,0,183.3286994094605,0.6656965018699588,0.5750454053554536,0.12931132317347,0
10,0,0,0,160.11559177232664,0.9401620927095681,0.31703909835586996,0.40227068309169106,0
12,1,1,0,185.03297166937892,0.8953838960899783,0.062203891892004703,0.006272092291501247,0
21,0,6,0,160.01713243798488,0.7906715330919303,0.7743836308257388,0.19174963519499583,0
4,0,1,0,272.4113632723453,0.7829761087964789,0.08872654797546961,0.23555335915078002,0
14,1,4,0,172.90918169341595,0.7911382273069987,0.21039910742162274,0.2560282972535899,0
13,0,3,0,258.3331759607324,0.848278890668569,0.9408935479805468,0.1789731990726596,0
2,1,2,0,75.97073214122548,0.8294530005047321,0.09028947794803699,0.007289977960684385,0
8,4,13,0,29.02989054295641,0.08271628633098928,50.47279337070028,0.7643747677509702,1
23,3,2,0,140.9278060527863,0.8981295645538504,0.3138983227909827,0.2989089670639832,0
18,2,1,0,229.93369920302456,0.8372554912815175,0.058749400303004615,0.06463823546274597,0
23,0,4,0,197.59733167706113,0.9251950157229737,0.11703042627993322,0.034558484604858636,0
15,1,2,0,169.27191127398962,0.9333396507143469,0.22616195548376866,0.15728088935064688,0
14,8,19,1,96.68903015628317,0.044663042612268444,1.9055846268776737,0.8618443657272699,1
8,0,1,0,210.1107105129064,0.8831832500177564,0.6483192593112711,0.04600824056800187,0
12,0,0,0,119.31547652869546,0.9504540971239069,0.7089443465478469,0.01345928942186684,0
19,0,1,0,238.64568374164944,0.967210715559802,0.686667995171923,0.06150424198781488,0
8,0,4,0,300.5225222729652,0.9300085206349142,0.5034338594804162,0.18534707043740212,0
5,2,6,0,185.5700371411482,0.7549825582769588,0.9881370702524476,0.244328736800569,0
5,0,3,0,178.26394422689205,0.8526397299053654,0.203221798751961,0.0032907596887461633,0
7,1,4,0,99.14421888242317,0.8881789610307145,0.6769255657345341,0.15251531796054876,0
19,0,1,0,255.811394537836,0.8535259759385243,1.0894112150698445,0.05817814090774319,0
5,5,23,1,67.8336132021889,0.35133266993011364,14.645441412041938,0.8706963658744945,1
16,2,1,0,231.84658517477138,0.46189772671584833,0.47441827759760574,0.13538301996246885,0
12,0,1,0,217.49618343189627,0.6047334782199396,0.3556173947466344,0.039755880176597695,0
13,5,16,0,28.19177531969749,0.028064211584905612,18.525931580511493,0.9690984417490105,1
13,1,1,0,185.57968558072182,0.8837922432762102,0.47869317845208464,0.03173440725660949,0
2,1,0,0,180.89074262978804,0.45612731813572505,0.21681164791253213,0.1295879377180059,0
15,3,11,2,26.01636620759447,0.28338128277210306,17.757228057492036,0.4916686283439757,1
7,1,0,0,228.9177287086523,0.5167166461732653,0.141095664771974,0.21842673682077296,0
16,1,1,0,103.27984932449039,0.8043769907240207,0.09068410063095604,0.006848507498816861,0
12,0,4,0,181.73903139217956,0.903973867402824,0.12113578150455698,0.2032418391018881,0
9,0,3,0,113.84204288927168,0.7351528364129707,0.24365391231407546,0.36714633891208753,0
16,6,20,1,47.95120962617634,0.4129673144621321,5.236157736993643,0.6047318325252016,1
22,1,5,0,180.39602641346943,0.9563082803948088,0.34681766744012305,0.01577922497853754,0
7,0,3,0,123.97864167760848,0.8230925463533557,0.21065566318352905,0.016272142488281554,0
12,3,4,0,247.99798274478846,0.8920556205058722,0.9545144489459854,0.028726904967444924,0
2,1,1,0,122.16323778778997,0.8066273974584736,0.4432974707294697,0.2566477377989985,0
9,0,1,0,194.4035530150148,0.8972008516895148,0.3111339219611129,0.11748034180452434,0
3,1,4,0,117.91498186436328,0.8377954639356096,0.29888737998307047,0.07267148705359326,0
4,2,0,0,115.85277372055799,0.8585042969596142,0.40574402393357417,0.0852686180739177,0
3,1,1,0,296.509093224087,0.48936481403502646,0.22006863629801413,0.13532344048965098,0
15,2,4,0,271.8008793246548,0.7971118646905545,0.22920550571502965,0.044481047329611556,0
1,2,3,0,225.18829410722194,0.7290196193867908,0.07366450975207359,0.2952600293385873,0
7,1,1,0,138.54200105287487,0.8140724987809952,0.3071911938837361,0.15396313651842689,0
4,8,12,3,19.550736948713684,0.13268022126191106,18.243355477141748,0.4876574288778215,1
21,8,18,2,26.82161446317501,0.3795436204307541,1.2928921805311357,0.7743636004208819,1
5,0,1,0,151.87905899656153,0.9088956338999079,0.3338441740492499,0.2142555572109807,0
7,1,2,0,189.89105041669538,0.7561785272462169,0.04137034192245512,0.11604936254282437,0
18,0,6,0,191.29372227019357,0.5882605700639129,1.522897971256424,0.11863591794248737,0
2,2,4,0,225.99969782852588,0.9014561327776589,0.8359538935523633,0.2289109493009977,0
9,0,4,0,282.8094933458389,0.7392910595727709,0.12886156861045026,0.1745425241434864,0
23,0,4,0,157.14255131955656,0.9041179067245451,2.776625414323562,0.025976932280804752,0
11,8,18,0,50.91000444024751,0.14112221979358983,21.206111572117358,0.6434299420096785,1
0,1,1,0,119.31940338943568,0.8496133249001051,0.39798482013517783,0.31829265964425546,0
8,1,3,0,207.12887311097631,0.9308009264164989,1.2438213051693534,0.10182947784780878,0
10,7,13,3,77.37671152381574,0.11580593932455649,1.0898747901156027,0.9262398802405764,1
23,1,3,0,166.70085566627668,0.9173460610126098,1.0011305397645074,0.038833380797658336,0
23,0,4,0,178.8514872931149,0.6474805852324798,0.5264700918853377,0.12225759063681207,0
20,2,0,0,212.47925768138757,0.7685261197159419,1.0711351006520937,0.009281184728207227,0
0,2,0,0,147.8933816198111,0.7341631284767581,0.8910877686950582,0.11668259384212268,0
3,0,3,0,223.6812212673288,0.7200813908870863,0.7284160695009695,0.09306957622745668,0
9,2,3,0,156.52964932904993,0.7158155640091971,0.37304483689045803,0.10311193939961717,0
6,0,1,0,288.08134900576374,0.6233795236124764,0.540831744640216,0.08138984430128898,0
20,1,1,0,139.48699701893582,0.9000323791591599,0.5585391501092983,0.09937046035009875,0
1,1,2,0,82.84251708423471,0.8697289372624244,0.23008020546286806,0.08745390581902777,0
20,1,2,0,113.41647565220404,0.9607720146493313,0.03993826008735629,0.13855348573096493,0
17,0,3,0,201.79791683163467,0.6706452173634597,0.9817722152191888,0.04311520959387942,0
18,7,14,0,73.54892794936696,0.1618247909948964,3.0188565794833444,0.8052946919761788,1
17,1,0,0,108.24448117049596,0.9477212441706149,0.07691915616213443,0.02789042879915055,0
19,0,3,0,193.06719501520112,0.8073302356432303,0.23999752289500395,0.0376191669655498,0
22,1,3,0,85.95688019807915,0.8712119549371535,0.11137838679685239,0.001727640257517938,0
7,2,2,0,193.63654898215003,0.8481100290094263,0.07312774724718077,0.03344953267403921,0
19,0,0,0,274.74693732728315,0.8491665042291896,0.31805826541654536,0.07043567512870927,0
4,3,17,3,38.79750632323995,0.07312292937304134,2.6165299497698777,0.7713291135873727,1
3,3,3,0,118.36228620535982,0.7559108568974712,0.06368276071090628,0.21735026345381694,0
4,0,3,0,35.7283926037976,0.7876354938744852,0.34297327479836953,0.11199209703996128,0
6,7,15,2,62.13473634712627,0.1282787596746894,1.9762982824279063,0.8166987531666068,1
17,0,2,0,121.33264083664966,0.9686631836069178,0.2233206079394744,0.056494128320659406,0
6,6,14,2,1.511364487233969,0.4034945925757576,0.6992183435554081,0.9016928893313996,1
9,7,18,1,7.349870743374439,0.2375863439430424,15.352195216308726,0.8560668352289572,1
16,2,1,0,168.35789904666433,0.6771888173905205,0.28456846754963816,0.004826337728020686,0
19,1,0,0,219.1484918643009,0.7459307604227929,0.09957171256745627,0.1230301877819108,0
18,1,5,0,54.564327272721314,0.8570821171639057,0.2075679885195208,0.25000808768387306,0
18,2,2,0,100.74176064546654,0.8930811060913224,0.01915991430291501,0.46899006088415796,0
6,0,2,0,190.26849096294762,0.8752807185588125,0.07153681062465923,0.0910041280177624,0
23,1,4,0,188.30178948172616,0.6945253330011971,0.4217367052291472,0.03860225158858877,0
7,7,23,0,106.4249227676498,0.16648276338961282,4.613517787318907,0.6814936825273857,1
19,1,5,0,202.97946152097438,0.8399204910515365,0.1428461824067052,0.021832268315494844,0
20,2,2,0,172.4214389173301,0.861611850916165,1.144905391564434,0.0017522702178321499,0
15,1,2,0,284.4401510000895,0.850507214276532,0.0716942365020011,0.04154540844991069,0
4,4,4,0,158.40615583262687,0.688996577572545,0.24212326070021756,0.01661787395023997,0
21,1,0,0,149.79738484801936,0.7696946273998877,0.7723333180278009,0.05125564191564336,0
8,2,2,0,90.07885947311743,0.8252576371711828,0.11162638287261603,0.44067909275028744,0
7,0,3,0,159.0707527333633,0.7544269358149195,2.127060573427112,0.2641697476277614,0
1,2,0,0,145.87101710054762,0.5887878941780682,0.277000705041916,0.497142881158567,0
6,8,11,1,0.0,0.4025260864883641,5.637917931577893,0.7235023773802068,1
7,1,3,0,207.4622374828893,0.8873455950384853,0.17060252371609136,0.02572595336204844,0
18,1,4,0,200.04733264335147,0.9290153641327926,0.47076849678581356,0.07423566938701993,0
9,1,1,0,265.53436926466435,0.9450707212172947,0.526827074744771,0.04904684519167394,0
18,6,20,1,19.983646425640732,0.15008568474136993,13.50226550930583,0.8554170927408694,1
14,1,1,0,113.58202201796539,0.9718980374294953,0.13072757525257195,0.0608242981519483,0
12,2,2,0,212.86999467850256,0.9252062299308202,0.5582289738539097,0.2730722512263877,0
12,6,13,1,2.306284998057322,0.6076964358123543,1.5338830196710418,0.8976994123269497,1
15,1,1,0,203.32235448964803,0.6627617773711495,0.17069241293357718,0.09833925988897432,0
2,0,2,0,152.14107632690747,0.8204273037493315,0.05154775346531725,0.013734901535268056,0
1,1,2,0,210.02185247122782,0.6355875938724689,0.5200565546796946,0.07020943340527361,0
14,3,17,2,102.02403819966108,0.0863987008320219,0.9991475790303663,0.6319354347744994,1
21,0,3,0,195.79737746745656,0.7127585447410764,1.2606034855936044,0.12784354836171255,0
16,0,2,0,97.0090317205242,0.8710231913942411,0.4927710627057965,0.14785624580495016,0
18,1,0,0,178.56983820045917,0.8983082997982935,0.06634463728655031,0.0008438080748373199,0
17,5,22,0,46.62558640456484,0.295885593433621,0.572200200699362,0.735897307491269,1
14,2,1,0,211.2395035441076,0.7894686623112571,0.6701366376073007,0.22856585137246757,0
13,0,1,0,270.9097034277555,0.749698197656142,0.19181821100647234,0.008040713428222894,0
15,2,2,0,107.79793584207712,0.5333548159092942,0.9319435401986205,0.004053702694967917,0
10,0,3,0,196.06549425504238,0.5018891100495158,0.44274684230714306,0.24714071835457513,0
6,0,0,0,173.6389103208616,0.7342837694261959,0.3126887733086114,0.041323765563256024,0
1,7,15,1,0.0,0.41715186126446563,2.8712446635769324,0.6970482876273917,1
22,1,2,0,142.08282822409382,0.4587311211693837,0.41247752516987274,0.09690564970178472,0
17,1,0,0,149.65682139558118,0.890836069432426,0.09311966528447548,0.04136983566535941,0
6,1,1,0,135.45108519731963,0.7623767626420683,0.47312903527909766,0.03188194190653667,0
6,5,13,1,28.385613066945123,0.08378093091974971,3.1759812286951523,0.459897404675515,1
7,4,10,3,29.42924410715789,0.2770852961249309,7.544394870223912,0.8167003820028509,1
17,0,1,0,253.26280812907703,0.8054903436204047,0.388144299449528,0.04739833812972519,0
14,0,4,0,263.7011123783026,0.7796358103497406,0.20077146268928153,0.2904387096001568,0
19,0,2,0,203.890283319486,0.7426882470363917,0.2899094284514493,0.0004946617808363879,0
14,4,12,1,103.83186691952798,0.09393702888002477,0.3250056778013652,0.6792854940298007,1
20,0,4,0,181.18369914709263,0.8856055536475984,0.20459888629704767,0.02410650923871305,0
5,7,14,2,35.52878655707855,0.4687382887550918,16.18986363129931,0.8674815085323425,1
13,0,2,0,210.5528878090711,0.8326373043298851,0.23468491893095073,0.07611239238364224,0
22,1,1,0,173.30406071997984,0.6607187423814848,0.07765554155107737,0.028831922033724453,0
23,1,3,0,20.0,0.8464867408980518,0.3127637053347778,0.2155172252460039,0
4,0,1,0,136.11756603168,0.7602543211283453,0.1187557513727755,0.42413994015054163,0
13,1,5,0,271.89788760334216,0.768647561406487,0.4453921703695631,0.037192808891275686,0
23,1,3,0,259.851403693789,0.7599305253172793,1.2557494618906446,0.042353450500317344,0
17,2,2,0,161.87532345105774,0.7173652295646049,1.3684347957099483,0.2121562385345496,0
1,0,5,0,194.97155403785158,0.7951173982340746,0.21477379433828175,0.02444363495961395,0
10,1,1,0,176.42247554417372,0.7310774578298705,1.8567353891382359,0.13129760988369393,0
7,4,20,2,7.886091209159275,0.10352157524997573,2.4031975879736107,0.8429797305578004,1
0,3,11,2,7.2439457200452395,0.3634984136846855,0.2137654837222777,0.8133717181955735,1
11,2,3,0,348.68621304044063,0.8156942195506773,0.17341267751066428,0.09700621862214844,0
4,3,3,0,193.80226289423987,0.903654145813974,0.008243648704544113,0.029311825337186494,0
3,1,14,1,31.589022366205285,0.4341555281608746,19.3103376799021,0.8426708184230565,1
23,2,1,0,193.98580432147702,0.8206621845833271,0.17858893350867153,0.028275309310130347,0
18,6,18,4,13.45384574458971,0.4501318876538013,3.0857786666732183,0.4558371854153129,1
6,1,3,0,151.15970338400822,0.8252939966690943,0.004969988925390715,0.3386158608587882,0
9,2,4,0,130.7839266626599,0.7956665722804109,1.523512696564828,0.08050214657702197,0
14,4,2,0,225.6605108249466,0.8302880482807996,0.07718003532294859,0.06776863203272192,0
2,0,1,0,214.28470300105482,0.8026612749338762,0.4089927173257566,0.02036677421675951,0
19,1,1,0,147.51512954749603,0.7831453706915752,0.010098374030773469,0.22427752784320754,0
23,4,17,0,72.83428826169398,0.16332944556369164,5.245108098128778,0.8204103116708007,1
12,2,2,0,143.7048840154891,0.8070532094649463,0.3574310486668922,0.07964254212886422,0
22,1,3,0,161.65904972838234,0.8191620467115468,0.2225572944339629,0.0723928999518041,0
22,1,1,0,177.62144317886495,0.8046470143256388,0.01733631718926306,0.4391850368746688,0
22,0,0,0,140.85670883261156,0.9602722218233714,0.16245639756739974,0.017271599447333117,0
8,1,19,4,7.126608575701866,0.3189636915662923,7.055572186578267,0.663323712481271,1
17,2,2,0,190.6400658155894,0.6320684443613928,0.1735039271557778,0.39657837495208315,0
20,1,2,0,276.64386567621614,0.9451278886800853,0.20763296303924078,0.009927884337162638,0
5,4,16,1,74.10064246653764,0.10887613493392889,4.434599970068802,0.6807940160768274,1
19,0,5,0,100.0807184284973,0.9109309736323021,0.4559552822633729,0.22013693798296038,0
11,8,12,0,9.366040334969576,0.35678028181662663,6.342049639129161,0.7481048951654535,1
4,1,5,0,174.08810296593282,0.8176060010200048,0.4940704626912144,0.07547954759573129,0
10,0,3,0,172.82696534598756,0.9613063816920776,0.06908756415071919,0.0005556776415102642,0
13,0,2,0,195.46674479961553,0.8059603473217043,0.12819462530354445,0.0659154210828444,0
19,2,18,0,31.583122735657078,0.16455606109013213,8.264596983678409,0.4547240863186972,1
5,0,3,0,263.2254200374193,0.8842352036982309,0.5049715040012961,0.13904710720497793,0
12,1,2,0,115.22786880416781,0.849372038289764,0.34978047753791863,0.12845954010883165,0
19,2,2,0,182.48009710813818,0.5078580659122173,0.8348107363655158,0.07618687698314812,0
14,0,1,0,142.3158774587045,0.6446513448439174,1.0017620829516256,0.07993986741479878,0
15,10,20,1,75.44325370562649,0.34798891152468503,1.4422171904157572,0.6845397520756348,1
10,7,13,1,24.429054291526864,0.046961639298376864,15.964783845515571,0.8746153184210067,1
4,0,2,0,91.06306784297429,0.9504027833522483,0.8113239821805565,0.0014769033916358398,0
13,1,0,0,226.91265561223747,0.743831701026853,0.002789371650458535,0.027605407579285913,0
11,7,16,2,26.681711192361462,0.0340320255563893,0.20603072681690654,0.7345369831861178,1
20,9,11,1,95.72850777776324,0.3734967020730822,21.726749838742112,0.6893134580438506,1
13,4,15,2,85.81154720256407,0.13181509228907778,5.911169874594971,0.687379146698329,1
22,1,3,0,134.6924354510055,0.589940306137612,0.15287074782478247,0.07087491850816603,0
23,0,2,0,120.32487647214532,0.9198352791482691,0.3893673684939274,0.0736482727361549,0
10,1,3,0,111.70317706892979,0.6552864313064056,0.1281055085627885,0.08607129057193423,0
17,0,2,0,205.4032970547322,0.6165136765964037,0.3863309791330782,0.016695752721390924,0
17,2,7,0,229.960655806134,0.621176614623226,0.598524910737972,0.09043366901061535,0
20,1,1,0,217.21620553515518,0.6804206880785942,0.10583665189464461,0.027841491398106304,0
15,1,1,0,300.00258309696153,0.7345348436183583,0.40918072745140527,0.12004623333122053,0
11,3,2,0,165.14163019446337,0.9132806108159196,0.2914146337383612,0.10707168131014956,0
12,2,4,0,173.12076232960905,0.6892345591360161,0.39757489960087977,0.13886034346359968,0
2,2,3,0,177.45792419133605,0.8027583331783344,0.004975067798163454,0.07094387296210118,0
1,2,3,0,146.10206716487534,0.8852723256874168,0.4314066202816025,0.13946609157283735,0
22,8,15,2,49.55765322824957,0.26965084818390544,7.622464835128895,0.923305734488157,1
0,3,14,1,0.0,0.1491595352725948,2.9223845875705763,0.9114791173659151,1
19,0,0,0,137.21431234718048,0.885725163428099,0.06027088270363464,0.11445185384284282,0
10,1,1,0,260.6637492618695,0.7725207403797355,0.006111173673085278,0.16320292771267983,0
12,1,2,0,156.7336250750383,0.6745085683811771,0.47853650287666155,0.04654479181306092,0
12,2,1,0,188.9787959067572,0.8297384023566041,1.4995184471754552,0.08608090792448031,0
1,0,4,0,115.52454515950444,0.8586067332962627,0.10808955361185266,0.325802647564667,0
21,0,1,0,234.14791904550373,0.6914973189462631,0.7518164382032394,0.0052581026965688536,0
5,6,15,2,23.55370907882269,0.24173300950254856,4.039220831473298,0.8761989188417276,1
5,0,4,0,243.8468769551751,0.7695829307809559,0.02242747328390476,0.09966165008728423,0
5,0,0,0,222.04135789124558,0.6688830539385552,0.25140590820457737,0.1378853857192353,0
11,1,2,0,120.95969317657706,0.8276194100375496,0.045019417776986426,0.22293189108410194,0
8,2,2,0,161.28070706031832,0.9152855798212293,0.4049530680018453,0.08880787984661269,0
18,2,3,0,189.3334638460785,0.9285636079562161,1.4066759520604935,0.038770728801805404,0
9,6,17,0,74.74161061112807,0.42314057997375687,3.0776371159318696,0.9435470515789695,1
0,2,3,0,161.77246285159754,0.9667195782578663,0.9702335172983331,0.16801317385987294,0
1,0,0,0,151.39482080992394,0.9226144115692516,0.3432308908933514,4.4253991243649714e-05,0
10,1,3,0,230.138127413478,0.6827227285788305,0.0039585698468365535,0.013301989546016123,0
1,1,3,0,168.68489678730018,0.777952067580905,1.1917210942296887,0.04010287915899071,0
19,8,17,3,53.16411442543989,0.6203585468858923,10.275091452877996,0.648367695955411,1
18,12,16,1,49.49579396800215,0.1577862438812892,3.9645964537527627,0.8565873455783677,1
21,5,17,0,43.26902570345534,0.1823665483296832,5.9608789712694366,0.6472841172880018,1
2,1,2,0,256.5146716249483,0.7591261944472529,0.07762265214485842,0.16051998550046476,0
8,1,4,0,173.6596994715561,0.8469749759885604,0.37496585081223693,0.33461824528253126,0
5,0,4,0,174.75613846226966,0.7563198900110211,0.2335062236828495,0.2501770647834792,0
4,2,1,0,227.3725336655323,0.8720067675541241,0.13855609493684132,0.01906431797463522,0
23,8,12,3,41.024783965326925,0.39534076832840204,3.99161414381097,0.5224042085760787,1
11,3,2,0,182.6668037315458,0.7918656717992835,0.2162437951120336,0.15688031279779244,0
18,0,4,0,194.59642234084143,0.8505530281153317,0.225135725228069,0.020046385322313752,0
7,0,2,0,95.40693800656146,0.8162579488246589,1.079606310013324,0.22920726554462906,0
14,1,2,0,166.10294486568898,0.9693137003065404,0.3400268159679337,0.11628473232025804,0
13,1,14,1,72.95460035971793,0.42761705468021677,11.540477675630793,0.6651490798390172,1
9,0,1,0,225.50898701766263,0.9540836597507146,0.19915320199626996,0.15088459397404802,0
19,0,0,0,230.77838750532894,0.9416896823730289,1.3861099269867934,0.028354524030585578,0
11,0,2,0,211.8515132049531,0.8446134629353137,0.19364795606182117,0.1744175681467161,0
14,1,3,0,185.58220863665832,0.8913243437619424,0.04584229143958624,0.09727008613503028,0
18,2,0,0,79.63816839911684,0.9001669961613291,1.4097054046118829,0.1245523689172611,0
3,1,0,0,184.39313718418632,0.796592863404091,0.4030142922013497,0.09905732491210853,0
2,0,0,0,250.4225718684851,0.8968686436413528,0.3934724549654571,0.03903967268502769,0
1,1,1,0,110.8918196898678,0.5255963807275402,0.1573845639713114,0.026036734903821863,0
19,3,0,0,123.38849754546051,0.9182678547524398,0.770310918539658,0.12141911710010267,0
19,3,2,0,209.9028901867269,0.871921979998304,0.7692693258032182,0.13089749563563813,0
9,1,1,0,88.89659681771082,0.7011634522800247,0.3669487608826171,0.18190240280762368,0
4,1,2,0,187.10968788982677,0.9395395581733307,0.4105747578902411,0.047219765276436336,0
11,0,3,0,145.2768630054659,0.5187673509524028,0.9569353384983169,0.16058702204437894,0
15,1,2,0,178.05513618574594,0.5095524368962557,0.18039828468707372,0.08829829449369228,0
11,0,1,0,82.18990745507891,0.6522665423785885,0.16003896349488436,0.08576025970740453,0
8,2,2,0,213.93066729926835,0.8086220171463502,0.16541142969609723,0.025113061551642873,0
13,1,1,0,276.5645800671816,0.8009926963128058,0.010331868551664942,0.0004633086781506857,0
17,0,1,0,197.6204687478507,0.8156625990859103,0.37156320612762894,0.04282111601065544,0
18,2,3,0,163.43111647389838,0.8697660018660224,0.5007947044562132,0.12223780602973049,0
18,3,2,0,123.09212985135771,0.8857617220391342,0.3952157570297562,0.06295482451242497,0
8,1,7,0,199.15173542529377,0.9958930513588241,0.6566479657390181,0.020970405296981177,0
7,3,17,2,38.059343666432845,0.3021131988228847,4.451135634934991,0.8579063981390493,1
21,1,2,0,212.20903764831496,0.8093953156372549,0.28043093761460464,0.0012393393683902821,0
5,2,0,0,198.45681254259813,0.7932732044014634,0.16285699144571278,0.1393596940937265,0
0,1,1,0,130.73069749386707,0.947951938730737,0.5969925313493468,0.029512028000291995,0
19,0,3,0,226.54089846092683,0.921203889204906,1.1582547387351816,0.0019646632887874364,0
3,2,12,0,0.0,0.11915327150988525,15.081656403019482,0.8064912495549263,1
1,2,1,0,209.7616858570067,0.8209754977745912,0.44811714335120667,0.04726959230300021,0
10,0,3,0,162.9638103581602,0.7067227305430415,0.8927866737797694,0.2501877250004203,0
18,1,2,0,143.65901608876806,0.8786525785666328,0.308041241477762,0.05338625409143356,0
5,0,5,0,135.2030411011204,0.6912107848277689,0.1094529699196513,0.07138024911041604,0
3,1,1,0,153.66057780812906,0.5887026583890789,0.27065334245213324,0.05103148299770077,0
23,1,5,0,209.10595850594157,0.656217227630455,1.0552420624224115,0.040060856423492615,0
22,1,3,0,117.53012448384075,0.8794354306582263,0.41124367229679537,0.03817549120450584,0
9,2,3,0,172.5305888296149,0.865130834654909,0.634517095490232,0.026895956058392796,0
2,1,3,0,212.7207235174995,0.8766070333477514,0.17515967274274385,0.027637057219170584,0
10,1,3,0,180.96742237957992,0.670991369378862,0.2092052535413391,0.18695355961732205,0
11,6,13,2,35.974822949524764,0.326153486851649,10.0630864903841,0.47691717084465335,1
23,2,3,0,226.73901719550673,0.8286793207128251,0.34160875623344517,0.10074250414683143,0
22,0,2,0,231.3182149992472,0.8362211916450752,1.8221408574823907,0.030739797284908027,0
8,2,4,0,42.83395712549387,0.9270163250238735,0.5065327575139719,0.020420026757010594,0
2,1,1,0,136.0097545217597,0.5392138685786052,0.4999232261356896,0.004020466687471863,0
14,1,4,0,150.26535037118745,0.9262239134178998,0.1910344945139569,0.12243989895426693,0
12,0,2,0,222.9013430199929,0.9289248806126364,1.0007677390976117,0.03959751201233143,0
14,0,2,0,153.99588446237837,0.6615648348942238,0.22812867277571727,0.07259559797605505,0
22,1,1,0,120.74251796645936,0.7134204701803541,1.2279987451172518,0.032181634460614644,0
14,0,3,0,79.96437801940245,0.694598418698829,0.5080757429336871,0.23941366985119225,0
22,1,1,0,273.1240392844421,0.9039940599214183,0.6221455063339326,0.04351462087625077,0
14,7,14,4,20.86125222749216,0.05282216955976894,12.121184242177305,0.7279050025774403,1
17,1,1,0,184.55183334560502,0.8955108826834332,0.7480951469520539,0.12971546452303248,0
17,1,2,0,156.54467150704875,0.7671554978903793,0.567583072343357,0.02506508509219802,0
14,0,1,0,285.99379166972676,0.7669468114348674,0.21671997016258168,0.4436570498865794,0
7,8,25,2,61.664048172318275,0.30687327278053067,4.436146587976698,0.7087659710138112,1
12,1,4,0,130.8729013889546,0.726480260354842,0.7104463128099086,0.18043566322529378,0
18,1,3,0,144.4353407272195,0.9316269817953907,0.94970212458635,0.12320819952888414,0
21,6,12,0,13.496773319984872,0.3492897737478303,2.060955733943755,0.9544017450934762,1
11,1,0,0,235.5413059476149,0.6099928578698459,0.12995617540577956,0.12316796173003983,0
11,1,1,0,238.52649340419734,0.7132800620875717,0.07432799429148614,0.07610112353254186,0
19,0,3,0,123.00160865906815,0.884476011223339,0.3495606737535322,0.12506470595673794,0
13,1,0,0,152.37771576807108,0.864951110636881,0.8438485838530434,0.07732829202493711,0
20,0,1,0,92.57816384330765,0.9831430977742753,0.35458728110849713,0.015728817728101217,0
3,0,1,0,92.66069290600724,0.7832266152719557,0.524118744635047,0.07147316431347231,0
20,1,2,0,276.3841207146918,0.7195098186274819,0.26996419453103504,0.24202127477234794,0
13,1,0,0,203.98030570536378,0.6993668167101652,0.23138351160632406,0.20412179159805968,0
7,2,1,0,186.20299234803844,0.7782541664571688,0.5264407367431484,0.016285063254684786,0
17,4,26,1,48.750199970836064,0.31626163829320614,8.340585616037087,0.6867613548849546,1
12,1,2,0,199.11159449351757,0.8694336955436576,1.8695293384690936,0.3755661369486448,0
3,0,3,0,242.44419860254777,0.6801383966187559,0.13090598185958957,0.19334326793798237,0
4,1,2,0,178.28451312604366,0.8114858888936465,0.011838033028797188,0.07739677088531641,0
6,1,3,0,137.31018594674157,0.6563148073365692,0.03374528632617812,0.0458664387750913,0
1,1,5,0,252.2423434705684,0.9214667695592765,0.03285161206344551,0.09280708221742835,0
23,2,3,0,164.8397337728716,0.5692252498365643,0.47497876600570216,0.02569307188367284,0
3,4,20,3,0.0,0.11706777196285241,18.618745511492076,0.620581268734258,1
17,3,2,0,132.6216148627576,0.725160686165214,0.7367161478264186,0.070438167815765,0
16,8,15,2,45.159135782335476,0.1492754824263531,19.590375618627867,0.9062840609560032,1
8,1,3,0,251.0895003898811,0.7298764791863604,0.40191291152704184,0.0707456454910711,0
6,7,12,0,19.437757924140158,0.2495132255469214,17.653312860441318,0.5577572756360408,1
1,9,16,5,67.0849475656081,0.2653515072401012,32.43785740479993,0.7620923437179522,1
22,6,13,3,15.759028688885902,0.39422741061166267,3.660771212380508,0.7888811753816278,1
9,8,13,1,68.09389777353826,0.5360811619814538,10.92382672152832,0.5946746627948544,1
16,2,1,0,223.97435585770202,0.6521153318888546,0.6940645534694814,0.1419725421644332,0
15,2,2,0,49.95802527513743,0.6823498523561953,0.4883578948508116,0.27149052767726944,0
18,1,0,0,261.79145346740205,0.8215067562338778,0.5667851004454568,0.1927759370601203,0
7,2,0,0,181.75351931371728,0.7399838988618825,0.5294486057016214,0.11833500711176395,0
15,2,2,0,91.07016952943418,0.6968550111542102,0.06312668199063394,0.05362513029618334,0
22,0,1,0,203.77414416008375,0.8511175421335598,0.8749169140493188,0.2470852772070443,0
14,2,3,0,62.81049195186142,0.8483265870219799,0.4197282227216478,0.020469313416380377,0
15,1,0,0,201.77578433741175,0.6730152580844024,0.6709416103706668,0.06493682815229486,0
0,1,1,0,86.28413593933547,0.8171496731204207,0.03949684338887254,0.04561504491127157,0
9,0,5,0,170.95473762748463,0.8227320849018633,0.21946933928706344,0.08647234244490343,0
0,3,0,0,254.79398456387744,0.8617642774605097,0.16546729261459608,0.1446863413508505,0
9,2,4,0,146.8038459659256,0.9276281740025922,0.27205233437803245,0.07248131102852798,0
23,1,4,0,148.040600822923,0.911330050588109,1.6804828791271509,0.05455991709885321,0
14,0,1,0,127.42274321942776,0.6241161685798189,0.778489697001961,0.06939660446346214,0
1,2,0,0,144.15992442197256,0.886841688734567,0.4694756978302697,0.10352110511245055,0
6,1,3,0,233.01021718227895,0.7007015602934167,0.5777658496043111,0.14976522514352936,0
6,3,3,0,157.91075498208426,0.8716742185571117,0.14352519548097956,0.030177944608720166,0
12,12,15,0,34.390739667504434,0.28660757072068255,0.06340318855327005,0.5403567393528896,1
15,0,4,0,146.33208852450653,0.7746632066914426,0.8092669582210134,0.13694831805827384,0
10,1,2,0,252.96845787879397,0.8735044604723361,0.12365167581017336,0.022159904387858972,0
16,9,10,1,87.27740952485749,0.16781759891573012,7.516262949524326,0.8271888715394365,1
8,1,1,0,176.39211712983155,0.8813647851269972,0.2912525567513731,0.0015487689966269865,0
20,0,1,0,172.30310771152085,0.7917148751112556,0.20166263379075614,0.04586895856158584,0
9,7,15,1,21.428974924008127,0.35460389325262304,8.047782427764972,0.4612834860952704,1
9,1,1,0,114.56142154443933,0.9697870477319848,1.6545758989288215,0.31293847717440115,0
22,0,1,0,189.4445258544577,0.7540369574309933,1.0920618406836953,0.12085007035805462,0
22,10,14,3,57.69967050337918,0.18372840276470043,1.2396179111412522,0.930924193127409,1
7,0,2,0,239.18180950318575,0.8589260036662042,0.46864102342433445,0.022748412288363388,0
11,5,14,0,60.039097528330394,0.19313285901375363,0.44928527326117507,0.7214084828703935,1
18,0,1,0,211.03426443117988,0.6869087039620758,0.5812448043825234,0.07816479045360303,0
8,1,2,0,251.05528843514617,0.8174236285908725,0.07335833693842862,0.30840575103653234,0
9,1,1,0,267.1000225514449,0.8990523697227041,2.8841879640562462,0.07511609886098408,0
11,1,0,0,206.56325260989007,0.7240109395225142,0.5527890090305798,0.026910347656762774,0
7,3,1,0,185.21868660857604,0.899997590839699,0.2687620959280477,0.06541982180589082,0
8,1,2,0,175.89699864763665,0.5969284633093374,0.20088720051609235,0.027649000700261,0
11,1,2,0,171.7875784714813,0.9894403463283286,0.7769247611064518,0.10752547734653833,0
20,0,3,0,33.93161502782792,0.8852089359380466,0.9592286512340545,0.10679989967582289,0
0,0,2,0,161.31460535017283,0.9542190119641879,0.14953571218839107,0.031741305808763956,0
23,1,3,0,51.03552355275244,0.6847636309381883,0.23035181870915022,0.12044076497665733,0
6,1,3,0,140.54841651956443,0.6791163841229177,0.20983241649474746,0.46732260364464706,0
14,1,4,0,155.64338843801045,0.9664734313144788,0.3059944442845133,0.04641109425749191,0
18,0,1,0,181.3439803810053,0.4882537553153465,0.26508305112039354,0.04501912710047598,0
23,1,1,0,136.87430328067424,0.9642365438624663,0.1804958741540873,0.23870420166331666,0
19,1,0,0,131.0182485067585,0.6696128704415031,0.07965876475738191,0.12911500804891216,0
3,0,4,0,84.12051838851949,0.6168476871199946,0.29836189929155704,0.017968189562516532,0
4,2,1,0,62.694153552681925,0.9096390246977767,0.1302330445401782,0.05447985643475794,0
15,1,2,0,235.49824316425725,0.5625004443438557,0.18576517204843512,0.07891025235284983,0
2,0,0,0,144.27069078414738,0.706195796999013,0.8598236259741625,0.0778688620407999,0
20,1,0,0,260.535343561598,0.5192263018237642,0.5084932030328271,0.1312655720229626,0
6,1,1,0,174.07301877355596,0.7485396233631315,0.30494296866496967,0.28469913771089894,0
15,0,1,0,137.88443282708036,0.9759286224712339,0.004494154512237106,0.026184848515283438,0
3,4,0,0,179.8910183141862,0.833163871473509,0.10170101314615344,0.017460945069742363,0
7,0,4,0,213.7838608315359,0.5484965689155121,0.0022647726012359013,0.08616271528661573,0
0,1,2,0,61.04878141834,0.9210090667818971,0.15916542113346452,0.030138046731033638,0
11,0,4,0,197.37991872686274,0.5330029272226753,0.5528811688078744,0.3543245152366559,0
2,2,1,0,149.7858641169825,0.5538237765149672,1.1934908706326737,0.07117150211616356,0
18,1,1,0,180.99129622359476,0.8181538530091849,0.9136370959317089,0.0007841670215291784,0
5,7,20,0,60.58428852151921,0.02601122519473763,24.430214896975368,0.8865472812449859,1
13,4,14,1,31.36177116839605,0.4289348516293655,4.968712983199104,0.8811637383885997,1
9,0,0,0,178.27917179392585,0.9801552559160377,0.06700917311785085,0.10821555279749112,0
5,1,1,0,143.97259402092746,0.910085262869328,1.0614777481807507,0.12350501552273618,0
17,1,1,0,247.2568226494177,0.6619602745675496,0.19103516649750543,0.08391794392066712,0
5,0,4,0,217.38012727810954,0.9431874611706328,1.1857366032627528,0.10832150635916048,0
23,0,0,0,133.20724148423074,0.9243088295128891,1.2444367947220834,0.027161733734877035,0
22,4,1,0,153.32666329356738,0.9610022239856351,0.3791506012302984,0.31860623819651646,0
2,3,3,0,167.08954271650117,0.9335469503849185,2.130881965960278,0.12439175457798185,0
22,6,13,1,0.0,0.4074449232309081,0.006129079107209091,0.47640412206477234,1
2,1,4,0,118.28423434672602,0.8863009599110852,0.09533974913409496,0.12774338574635807,0
13,3,4,0,159.2147566896024,0.8483754652130752,0.38275864142333704,0.03587324265830735,0
12,4,2,0,254.00539910221636,0.6662444092753962,0.3001599752633786,0.028543082159934834,0
2,0,2,0,177.1207468166405,0.912474918306228,0.3783026872941272,0.1277244879855382,0
21,1,1,0,107.66277499439822,0.8115764287299146,2.0717418469139783,0.004127906010256407,0
18,0,0,0,189.76020915363148,0.9627049537471757,0.7567219708177961,0.03171740883140758,0
15,2,1,0,346.56717945216803,0.8923236980934764,0.40688941700085945,0.08515687718964622,0
4,1,4,0,87.27976294295392,0.6883868010510313,0.5151638914099342,0.050707941022174595,0
0,2,0,0,159.656792332234,0.7010660194969494,0.07288573733581437,0.003810170220705086,0
6,0,3,0,199.30885280805563,0.950351267024261,0.064567802796613,0.21527506377949596,0
14,1,2,0,132.02917889408252,0.8905935688760083,0.4391436283380294,0.10202055226857774,0
4,2,3,0,177.79166884102358,0.6702216535746265,0.1747646400430678,0.1023039703552607,0
7,1,1,0,237.84707872238727,0.818001636502829,0.5753918480892499,0.06001604465430334,0
0,1,1,0,77.00703213779968,0.7720025167556275,0.3950442567964729,0.14041373793771558,0
15,2,3,0,184.94775884775314,0.6452854660060351,1.16596115884788,0.4286455670364433,0
7,1,2,0,296.70835480424256,0.9674022964089513,0.30619935876053345,0.0424826376846739,0
18,3,1,0,76.02223269826624,0.68886403077518,0.17171913498264862,0.2391975173901868,0
8,0,1,0,176.37325220940883,0.7775968870138534,0.06286764283400645,0.06288965976656843,0
20,6,14,3,11.583130135182373,0.1942288450620354,3.9102531221754013,0.43707372442492654,1
5,0,3,0,245.7017811847329,0.6675751144352832,0.13139394801547968,0.03554970215569531,0
13,0,0,0,316.3186491094108,0.801374288179986,0.11973413861739783,0.0018756777186509693,0
13,5,3,0,265.6931678291537,0.6340141977352682,0.3477415466341152,0.04111413260838229,0
17,4,17,1,40.07773111242054,0.155535311854589,7.925214746000599,0.8414461408150699,1
11,1,3,0,195.41326095114343,0.696913242762296,0.8810522105002212,0.11662884445954404,0
23,2,1,0,125.28460186457745,0.9420569728126474,0.8777022277300379,0.04562379030320569,0
21,0,2,0,292.40754410285615,0.8104257052349482,0.48758552437536984,0.04342380303907496,0
14,3,14,2,45.77915843554614,0.5434807300241581,0.6579356313958039,0.5798628262646529,1
4,1,2,0,256.80782884859997,0.7160191137773427,0.05825468219796794,0.08412169363450622,0
19,1,2,0,163.76313253667277,0.6106078416792858,0.3517146890768588,0.1496749595500099,0
16,3,1,0,287.3885941349164,0.8419001717346796,0.14457903516052392,0.13750906502700128,0
8,3,2,0,246.51888719664294,0.9138349924371666,0.02094948286308244,0.2254723484718073,0
14,1,4,0,95.34099374556605,0.785012030241436,0.909633589716358,0.10390182087064163,0
3,10,21,1,17.237470399158582,0.1335157435649515,2.2608546625201336,0.5173454646412915,1
5,1,2,0,202.81698753545118,0.7877241857426587,0.7096534321400166,0.04952315444969694,0
21,1,1,0,130.4728147441433,0.8395871962240273,0.9425186402630166,0.22082303225696048,0
20,7,12,0,47.7898115289542,0.02362685225358488,20.000199125385414,0.9599804852869779,1
19,0,2,0,220.12239721831793,0.8763142935462434,0.26909068959570426,0.003182352912910367,0
16,0,3,0,157.80262099789883,0.8523852586509596,0.29266469539108714,0.19754467346634205,0
14,1,1,0,232.44076518093215,0.5057099645192306,0.23625677178698518,0.47452336170274695,0
16,1,2,0,273.5086682934193,0.9831176507181231,0.5896325270359527,0.03168335759364197,0
23,2,1,0,157.75416684433836,0.8648643475834722,0.3132656945914192,0.11738569530582615,0
22,0,1,0,134.2732385953836,0.8757784264430536,0.4370257235614429,0.05230537372980907,0
21,0,3,0,144.90526334592482,0.6016832754452494,0.7870143409868126,0.03922300437388648,0
11,2,3,0,159.40396702739116,0.7813059370868183,1.3561504647811444,0.0015992954978644531,0
0,2,3,0,189.27767064651968,0.6103956059080284,0.34575411751391427,0.09819612917484251,0
20,0,2,0,184.8201063143885,0.9935644746948232,0.34336473699290654,0.19696471780759542,0
17,1,0,0,178.14254051569844,0.9178113651702701,0.48103855251999733,0.04129789708314961,0
4,1,1,0,114.90730601347383,0.8798184685160119,0.013711298801272608,0.07759019305974688,0
1,2,2,0,220.7995752981138,0.6543806315549177,0.15917817186205932,0.024590838896650147,0
13,0,3,0,220.99428935888642,0.6702878984608551,0.23258474058937403,0.10906705267639343,0
11,1,1,0,131.9706444685586,0.6866872972538133,1.105293488128964,0.05770349755647589,0
0,1,0,0,165.53808711111108,0.80095863994983,0.28576252136086666,0.04359912362926198,0
6,0,3,0,229.5041457649233,0.8856171782351718,1.79395234642003,0.07956942072441346,0
1,4,15,0,43.28701129499145,0.09361098782713217,10.050219416021928,0.6587483207981268,1
11,7,17,3,65.1425362210963,0.10685365770829156,4.684994954890803,0.9238509958401061,1
14,1,2,0,214.78795058799642,0.7107565844267923,0.4085787499409341,0.1951198337028313,0
6,2,1,0,241.08443049378192,0.39682801244281635,0.4084804249740934,0.32602381061129804,0
5,1,2,0,187.6701759922713,0.95541549069848,0.7557995061949055,0.4334811221750833,0
10,0,1,0,92.38177772987913,0.9769038391314557,0.7067352537642323,0.005483686925908735,0
6,1,3,0,173.0995707778361,0.9529525893827974,0.3696636826998339,0.008595642519418965,0
21,1,2,0,192.36098605050438,0.6032604656086622,0.31355876620836276,0.06773989423199157,0
2,11,12,0,64.5073062446265,0.09811488517833172,5.102293249762223,0.8304273916101722,1
7,1,3,0,203.20498895488254,0.9516549720945997,0.09221788597222083,0.2818182693722185,0
3,1,0,0,180.40566368330138,0.7684076777096573,1.685289589333354,0.11071077080156388,0
17,0,0,0,160.85330040687825,0.6865529618388646,0.308677144005513,0.014992302616520728,0
22,2,0,0,276.76962083613506,0.7816974920112874,0.15866852362381836,0.0668940124177769,0
17,6,23,2,10.651397970107936,0.505969624952218,3.21821222875962,0.7439730734314941,1
20,2,3,0,221.21304973173318,0.8861967098667028,0.24881107017147822,0.19699604693272962,0
18,7,15,2,29.578643315605085,0.1680486159761368,11.347640858990223,0.6174418810121264,1
16,1,2,0,191.9886524950296,0.7608325664142084,0.06926428147152942,0.31350597945211744,0
12,0,2,0,217.05453948372013,0.8466225653199667,0.6350707921754363,0.01246483674418294,0
2,1,0,0,161.22747148548632,0.7901525131063346,0.0929765497480055,0.14321951268597966,0
4,0,2,0,242.28045456331424,0.8407124069678589,0.06851749730872288,0.020640860490418734,0
22,2,2,0,70.9013210249936,0.7223961462471912,0.1883430276330515,0.0424568707087009,0
1,3,9,0,93.11032640767155,0.23261564428687392,14.6178167886547,0.43818577523565655,1
22,2,2,0,236.6968662891496,0.6136009632210485,0.7603005406540154,0.16567922199772347,0
15,2,7,3,58.152887356024664,0.6680088329009547,1.9164814476982674,0.7441066063704641,1
23,2,0,0,168.33694650231047,0.7544344124887786,0.3248107999643814,0.08424362082831707,0
13,1,2,0,235.45389109939282,0.7934982121056139,0.198142867261157,0.08628779331861178,0
8,0,2,0,353.91055911587233,0.76007653403965,0.2714703123077732,0.04785028840138128,0
10,2,3,0,176.91793265989557,0.8485146960696248,0.2732587595469695,0.08168687207608702,0
9,1,3,0,220.67811332219037,0.4251199023291605,1.32057941537663,0.09719496216632445,0
0,3,1,0,284.3131640059838,0.9538737805025816,0.09688461015353095,0.08742912563522574,0
17,2,1,0,179.61040270985998,0.7963377030401876,0.55209801317489,0.023017016549226617,0
7,0,4,0,152.8321299570139,0.7824322181318549,0.12349561242424223,0.37220884621242634,0
15,0,5,0,172.68477697469805,0.9606139850234963,0.46067464994221247,0.03172139354363124,0
17,0,0,0,95.38845816904686,0.7870705869382643,0.05964283511332768,0.16246457735219574,0
20,1,1,0,208.8280258201947,0.805099286569964,0.2581250779161647,0.08808951986460219,0
2,0,1,0,278.1090956410311,0.8070671747838171,0.2606788413676486,0.042864790689846055,0
15,0,1,0,176.64552634345085,0.837240284465246,1.2186457708680176,0.1996213564300366,0
18,1,4,0,293.15230006562825,0.898768248300246,0.0850894586787124,0.02075846880969478,0
6,0,0,0,88.58501274923954,0.9271301428322062,2.88482085783318,0.014902503528370428,0
11,1,5,0,143.35766322092135,0.7744661901448285,0.839211550789284,0.06956140166733808,0
7,1,0,0,95.8838371512525,0.7885024468845979,0.12242267275487202,0.028623451494946866,0
3,3,19,0,41.60988916521317,0.0067104357827611465,1.2328493879461937,0.7761650718645976,1
16,2,2,0,187.65595396603533,0.9499957364537992,1.990030451512965,0.17413792698832303,0
19,5,21,0,91.80924185729197,0.12771514856888672,0.1354973487028683,0.7779003777323847,1
3,0,1,0,194.54566524227366,0.8938179335731007,0.42417868190756136,0.1482643204577865,0
22,6,16,2,0.0,0.2920566529028227,0.11889534712253072,0.22187864553571462,1
4,2,1,0,219.09379594316874,0.741651100628703,0.6628039356990013,0.1496516433301045,0
5,1,2,0,307.54224210493004,0.833881281646491,2.2329834987651047,0.09317832409555298,0
1,0,5,0,282.90574059241055,0.8073175435370711,0.5934569594409337,0.08339148614241312,0
4,4,4,0,186.08864014643552,0.7846812024929917,0.48558632851598105,0.04039755174230686,0
17,2,2,0,277.6977232171078,0.9250631054811058,0.08954374744378578,0.02598807521798989,0
15,2,3,0,268.03292430137446,0.9453034384214509,0.32509851677912377,0.2559451491817642,0
22,0,1,0,301.5487513941898,0.7554577464522332,0.3054201196951936,0.12341218479199106,0
16,0,1,0,158.76301540246823,0.8155956523765364,0.40666659213364775,0.007779323012623667,0
2,0,2,0,89.08359121835615,0.8236992403238029,0.22270609502497554,0.08050977974383208,0
23,6,20,1,0.0,0.48805722262122053,20.010037517786106,0.7888856773612871,1
18,1,1,0,233.21858089422193,0.8721476207972921,0.07585038958541858,0.12403655794838436,0
16,0,3,0,195.47559544687712,0.8840895932758586,1.6353856523888268,0.02957466322386712,0
23,0,2,0,188.5705165519185,0.8764346002096703,0.707827453755753,0.28681056902106794,0
20,0,2,0,100.38514974046451,0.8411647330222055,0.7417469680000461,0.14695135041941057,0
21,0,0,0,162.62066605345888,0.8325180384956706,0.11980236178852079,0.005104484204535447,0
16,0,0,0,81.90633496392485,0.9319386360602065,0.5207263752732193,0.0033079046174680268,0
19,0,4,0,167.78726463156562,0.9617311351825198,0.010748564544317125,0.046903545187381185,0
6,2,4,0,229.77417671129356,0.8831908420000905,0.5719986040702059,0.16390772195362008,0
21,1,3,0,197.95297262460235,0.9787602682645452,0.08432474019969156,0.03675851275500528,0
9,1,0,0,242.7164895099338,0.9088480731190921,0.6879272173278292,0.214796611493686,0
11,1,4,0,169.0093178275321,0.8668363797990547,0.15458594530103062,0.09648554121492695,0
2,2,2,0,109.93666083657112,0.7169582026667258,0.18972388821077213,0.01385302940780799,0
19,2,2,0,179.32504906873228,0.8597446112708516,0.2916884505903281,0.19351065824564792,0
12,1,2,0,194.446493588461,0.6263634219057662,0.018864530770499877,0.043408789511206164,0
2,3,2,0,233.48904864831923,0.9629533638266997,1.6128138386354551,0.2590496669366912,0
10,1,4,0,146.59267173246982,0.8496000695682493,1.2743472557064723,0.2371942674417407,0
2,1,1,0,88.44499805543481,0.9288182123517517,0.03745705912996261,0.007105117350198715,0
18,1,2,0,176.74702252308603,0.9153548229919436,0.4280245633889394,0.18559182728054088,0
23,0,3,0,127.97868456853236,0.7875700168287454,0.03696543542774498,0.15640166288082674,0
18,9,12,3,13.069885199748459,0.45364365347349717,16.968462178380662,0.7758149075293032,1
18,0,0,0,220.54112315066573,0.9519777648595271,0.259226891205412,0.14768214648290512,0
16,2,3,0,144.06412493799473,0.7415576631178586,0.08216680988851863,0.015846728533831893,0
17,9,13,1,16.953516849002234,0.07444838534573707,1.0336009560955017,0.623723008485879,1
16,0,1,0,91.08559661413017,0.8260743037442566,0.19471776039505304,0.2345203321347051,0
15,0,0,0,266.2571347403647,0.7979677469465177,0.1134417723558442,0.23628854453330672,0
18,1,3,0,141.63556055581853,0.7888854266882587,0.006767556444239294,0.06668802225632688,0
7,1,2,0,259.00683981428585,0.6914070897642242,0.38676486509976166,0.029140240134858504,0
10,0,0,0,197.60165664163267,0.9931352535230413,0.07133846063287072,0.11979674783310061,0
10,0,6,0,131.88955723087963,0.8180146462062515,1.008544745285345,0.3200464490475149,0
13,9,11,3,8.900538287504471,0.08230823579576096,16.382411916987536,0.4105087570442424,1
4,8,22,5,62.10613125091086,0.21115655746798806,4.013130537929132,0.6161532903075517,1
11,1,0,0,282.38029027857834,0.8423856590542149,0.14145705281800958,0.004933951842257758,0
9,2,3,0,201.57079867129497,0.7274977590497683,0.1441649088942483,0.03337451196436133,0
17,1,1,0,149.4982874793879,0.7149025530914487,0.12850657631862297,0.20018675675821315,0
16,1,6,0,137.0953926248911,0.49318322086216565,1.1094402733445228,0.05037220056951938,0
17,0,4,0,187.18245218695878,0.9177833523284051,0.1270034016559155,0.21693996039763402,0
0,6,9,0,48.730107520037066,0.0637614390825693,5.726736271034208,0.7094855661687073,1
4,1,0,0,137.40618736970904,0.7659634524754826,1.1969982756640674,0.12136677673612443,0
14,2,2,0,211.20120184231982,0.8822326586689454,0.4154206236480728,0.1856609652142272,0
12,0,1,0,249.01434707886847,0.7599436265961436,0.012172467812332563,0.1556166885467188,0
11,0,4,0,175.48616922148088,0.7157932290483652,0.24921153023421924,0.024714673569583696,0
17,0,1,0,162.99687440903696,0.699409616995321,1.055246451096687,0.05951364633077673,0
8,4,14,1,0.0,0.38789944584079794,5.540876777583068,0.6679627872682337,1
19,13,14,2,38.17803662505601,0.2232154488406265,12.846538620562908,0.7832938226680716,1
8,0,1,0,104.112644838557,0.9916653701530375,1.3101472874969342,0.06953565141036586,0
6,2,0,0,140.82039616192273,0.8079480208521699,0.044995549062755096,0.24879887550485585,0
23,0,2,0,102.84333505776635,0.7921590952531998,0.3271256121561317,0.3087754089680252,0
16,0,2,0,195.1543710061946,0.8596312611642344,0.8618286259032106,0.0989488480022013,0
19,0,0,0,248.08303467399762,0.8921083540437486,1.4500688708128535,0.09434124798256459,0
18,1,0,0,201.63654000344454,0.9257786013668354,0.5359191082754313,0.019045995386574397,0
12,1,1,0,203.37212645736255,0.9276244834021381,0.05902445662213358,0.06502220932231524,0
10,1,0,0,255.84149459832742,0.962199261607069,0.0007228193563632279,0.1103350791364967,0
6,0,4,0,137.272702317312,0.6338522798799215,0.011186311475896637,0.02433516227988645,0
17,5,16,4,70.93817932669563,0.13035315811368606,20.222328470186604,0.8670300580278769,1
14,9,8,2,59.49384206788133,0.2433089820262806,7.7911228579054255,0.28336037153504706,1
4,0,0,0,230.48382158288956,0.6687385085570193,0.17863139704220415,0.007031828705909767,0
18,1,4,0,146.8038053359213,0.875252502257639,0.36367522016689297,0.0293974002515073,0
15,0,3,0,185.73848799584056,0.7678584428006691,0.36411751353309313,0.027224856667936746,0
3,0,4,0,182.08739090732578,0.9719169655135951,0.40405029735228143,0.11511585391509685,0
4,1,2,0,156.12688676679664,0.7048428468787666,0.010776120951303293,0.009659642640553912,0
18,2,0,0,274.27149700315437,0.9807024379962422,0.08298381377025763,0.2728410942411462,0
20,1,2,0,239.22586448304284,0.5931288518352408,0.44225752476427593,0.2266233978953663,0
22,0,0,0,229.66037055340234,0.9406219542220006,0.7482892174536525,0.28994524392881577,0
21,4,19,2,63.626235096166354,0.3384951627366262,13.62356947560064,0.8765366337028928,1
2,2,2,0,194.21604004750628,0.8272028155486008,0.2177111724944604,0.22891080428595384,0
12,1,1,0,259.98174142747274,0.8042697380377929,0.7544360552348853,0.30890679040901325,0
4,1,1,0,214.48555893243895,0.45698044516323577,0.3307148167693934,0.08389181277209191,0
6,1,0,0,121.74472210059272,0.8409558896668089,0.06419342032784925,0.2866847282374348,0
3,0,2,0,134.88682220412068,0.7215969930689827,0.19972568958062037,0.14097741473949696,0
23,1,0,0,208.61046676139108,0.8295125349276103,0.18130966689454675,0.2168980646121541,0
20,0,2,0,203.07443233080716,0.7705880759545487,0.7912673416873821,0.109588981203707,0
22,0,1,0,259.7880985350744,0.929446415761273,0.6229637933002697,0.09641040552123578,0
1,2,3,0,209.91799418697158,0.9389403060748539,0.676112180124741,0.24848371411009582,0
16,0,1,0,167.59590679860656,0.8528642020045198,0.011111793977456139,0.03566659534970478,0
2,2,5,0,153.4441775897422,0.9456262157468679,0.3917641576694448,0.1742656467652059,0
11,1,2,0,161.8372857409816,0.5366649288845811,0.15392822442157686,0.006956622028860384,0
3,2,1,0,89.09293915577581,0.9351813731842755,0.09863263955534592,0.048426005689285144,0
8,0,0,0,114.48713497441818,0.7700954885692618,2.21902364305891,0.3203084116298012,0
22,1,1,0,229.37094590217512,0.8463133133954749,0.46675215946104553,0.018092980688746475,0
5,0,2,0,119.79739438920389,0.881246662536344,0.21917108169795335,0.019177784681016927,0
4,1,2,0,225.22674483172284,0.7792443731593967,0.18218558375442526,0.44995853778514855,0
12,5,22,1,45.53628958771324,0.18201638891394767,0.5467697705688668,0.6463855360491154,1
2,1,3,0,139.4830766395723,0.8884987300880584,1.1051716226144863,0.12972141677171023,0
15,0,6,0,118.78671849222,0.7873320778919753,0.031012574576854853,0.08924129417568058,0
3,2,1,0,99.39171139585915,0.9176223427629968,0.8342398654165756,0.1154302561454093,0
14,6,20,0,0.0,0.28918933435734573,17.99294916509269,0.6006310851867651,1
7,5,12,3,24.397472882949412,0.2066666632854745,5.3576413384573245,0.7041401084676503,1
12,2,1,0,151.55166316164502,0.9014357477337798,0.5720696178792025,0.06753400557087848,0
5,0,0,0,177.73068760397823,0.879235030097466,0.1379961403022659,0.1419894397223621,0
17,2,1,0,303.944519850009,0.888831210269494,0.09930486006185224,0.02409499549605379,0
18,1,2,0,97.06387579701229,0.8479669330677196,0.5406644790604056,0.01066093426513648,0
22,1,1,0,259.38712813502696,0.6639934182551004,0.4539387144772625,0.010500571430542888,0
12,1,0,0,162.83731987465896,0.910376630782039,0.09177963921614862,0.11582613683714785,0
22,1,11,0,61.37408007436692,0.10549902486102185,1.1736598023216271,0.9082129230599588,1
16,0,3,0,91.38923070546818,0.5629375294051951,0.4162421041424531,0.06378082611245144,0
22,2,0,0,263.59949165998376,0.7060386660565496,0.17623936501224088,0.04442397591651504,0
3,0,3,0,206.24256858902086,0.756621288166512,0.27783996992625415,0.24921181567757864,0
18,2,2,0,232.8388110749986,0.8740662381810902,0.22847747982091138,0.1144806802644886,0
14,0,5,0,57.17377400710734,0.8368989736623328,0.5756482396525421,0.15176458202906784,0
7,1,0,0,109.89182046869783,0.7302741269677427,0.3289000674264895,0.03064453020620779,0
3,1,0,0,130.38772989639253,0.7814157309306546,1.057434348794995,0.03596057219484915,0
19,1,3,0,240.44729775798226,0.9201313802006953,0.8219138352400236,0.058613262337820354,0
23,4,13,2,42.16624432524433,0.1775106725223844,0.9681445173892502,0.8887003263207928,1
20,6,16,2,37.16197906636495,0.10892481125211094,3.6072885997521036,0.878120317387855,1
8,1,3,0,209.1571011993257,0.8475935852344261,0.4401318381330556,0.16082684701534977,0
20,0,1,0,215.7417327119967,0.7031834399432776,0.25948154642987814,0.2828303506756547,0
0,0,4,0,211.0124968091977,0.8379474952904643,0.807530360262589,0.11538618980952103,0
8,5,15,0,31.360414709984184,0.4159836493256705,1.2861824083169593,0.8869635152476564,1
23,1,0,0,183.28898930455077,0.8142797881131358,0.259216263559391,0.04118217321405082,0
5,3,1,0,142.53648588048168,0.8121500037108619,0.21078183554266924,0.05219165514205305,0
15,1,1,0,228.48109407269678,0.9918939307868532,0.329704136708592,0.031613748269050376,0
21,2,2,0,230.70818063267998,0.8600992401478917,0.6305590191989721,0.3058720535919707,0
2,0,1,0,225.46060687810717,0.7562074575121736,0.4243149233153338,0.03983412208491652,0
12,0,0,0,207.20601740037188,0.9437645144822996,0.7806019100280831,0.1323595179295374,0
9,2,1,0,235.806928426663,0.8156966585850346,0.8824926585549103,0.057464584707774276,0
0,2,2,0,152.70848577242086,0.8191067727985424,0.09590970745733286,0.2545458720746348,0
19,1,5,0,96.15908946831726,0.7886402469759778,0.4059467167828597,0.10310322704546672,0
0,0,2,0,142.2223289233906,0.6823956989322025,0.7408998374407915,0.3609223429984334,0
16,2,1,0,238.8897162030471,0.8093524146193206,1.5128396148681642,0.016542797670475028,0
19,0,3,0,159.37459087476515,0.7016175500507824,0.33957522562130066,0.10684635485782508,0
23,7,12,1,0.0,0.07088885033741336,33.54615675473746,0.7639081307150687,1
3,3,1,0,250.13605613968454,0.7779866704069527,1.2969394755857224,0.29954269884971646,0
17,0,3,0,153.97598858483195,0.7146628384713469,0.2940429449174916,0.12234920908711257,0
3,2,1,0,131.9239239253233,0.804927615170851,0.7610535655829229,0.13349137003055436,0
16,0,1,0,372.1395542248522,0.7105032175716397,1.2415747133585697,0.005156769676217902,0
9,0,0,0,190.69919689026105,0.7085649290751025,0.4461382923505176,0.006788291182556802,0
9,3,3,0,177.12389784236422,0.483388749821751,0.1620166897117418,0.08880140209827203,0
9,2,0,0,282.11372472806937,0.841873627583082,1.5238407584765454,0.14653780870593264,0
19,0,2,0,176.57608302255005,0.8712700442781672,1.1596545037001773,0.03733353068758776,0
13,2,2,0,214.60883849976736,0.9246020555061559,0.22836990782476488,0.10042742955950007,0
14,1,3,0,200.3662863251773,0.7049601274147612,0.9219471377497833,0.010915263152234985,0
0,2,1,0,188.98732443476888,0.5854728650610177,0.5069262960114916,0.11229994427500645,0
14,0,0,0,130.52732163372747,0.9283711154375306,0.0860707388578186,0.007190245749205945,0
22,0,3,0,209.81667482764607,0.8515377838973412,0.8933801755091019,0.43165441691032674,0
7,2,3,0,244.88515785740458,0.9327820607841468,0.6941932046873664,0.04892523153035477,0
13,1,2,0,165.0112602891718,0.9395512679987053,0.10671718151703809,0.2372127141062748,0
14,1,1,0,187.34392150328995,0.6707049596413209,0.33559218332132473,0.06323368688700542,0
8,5,19,0,30.108852599353824,0.3736758699919908,6.366573907172843,0.8501657740305104,1
5,0,1,0,170.92995786104223,0.9223068611018272,0.5798028364804637,0.058031503100534246,0
16,2,3,0,156.73130713300216,0.6208711924162426,1.1661687020965081,0.04608842938586967,0
16,5,17,0,50.2749268495434,0.2786121836976913,3.6509799494531054,0.6720907566080359,1
14,2,0,0,268.9332579475958,0.9804207818587921,0.354144599479623,0.04243233146039028,0
3,1,0,0,265.7729779611167,0.8645133039313545,0.31110089806571806,0.11565310899936367,0
5,0,7,0,211.69649918249092,0.7176780562652827,0.2499283448200875,0.056316450426029493,0
15,1,5,0,228.05789371439224,0.8464525581119686,0.16361615590989576,0.4515761724188882,0
2,8,10,1,81.0420817160033,0.23828473335924621,3.818806902979204,0.9019272622118351,1
5,0,2,0,306.5222617023875,0.9128475605692257,0.054815476699371674,0.09741599246584119,0
10,0,0,0,197.60722920377236,0.9030152543143874,0.4179589361596693,0.0882074350551752,0
14,1,3,0,61.166635733615166,0.7426119332800567,0.6351980584170738,0.30691417805986926,0
20,1,4,0,220.56192647597345,0.6268097825605694,0.30063283955732634,0.019034631780056446,0
6,1,0,0,149.98596958518402,0.48813588661239093,0.14668266346852718,0.17475738554352246,0
4,0,1,0,139.48407958444648,0.8225679426798893,0.6652145436632626,0.03323968087105133,0
0,2,0,0,204.09313655012102,0.8597467385915333,0.20987828157624677,0.017985416550190533,0
20,0,2,0,99.77990091075277,0.7606465139223811,0.11973275341326414,0.1261587355935746,0
4,0,3,0,259.88849697027933,0.811348170635396,0.5773968779147687,0.1340585171308316,0
17,1,2,0,146.4456592548464,0.8990430311561765,0.7090679627904788,0.22021333820925368,0
11,1,13,0,55.961825779901545,0.35970249790967834,2.6066901375226204,0.5571048031067776,1
4,0,3,0,126.10949107249746,0.8393080838308197,0.3257962894799944,0.011849945694515094,0
16,0,4,0,97.99781174768302,0.9068471198666374,0.4607582866566543,0.0653498175930359,0
6,0,0,0,154.26235873972766,0.5964586638152194,0.11872002004820087,0.12082741007936576,0
22,0,4,0,207.6919490554727,0.6915488921448534,0.06444103198351349,0.03930401639599099,0
2,0,5,0,168.05570030441413,0.8722120365016361,0.6305827811098702,0.1108379484529757,0
5,1,1,0,249.03865208164353,0.8573951183598938,0.6082147707595089,0.0169342359863366,0
21,0,3,0,159.96857291430908,0.874508986126431,0.15862398788607054,0.10295831751318758,0
14,1,3,0,222.10518212187975,0.904257401983225,0.20191069997465644,0.06331127862408083,0
6,2,5,0,151.88760630586842,0.8956813291552262,0.11906296933890204,0.20445106321178017,0
5,0,1,0,211.63628090580568,0.8044810852920488,0.8357973510723843,0.2677611711520996,0
19,4,12,2,0.0,0.2560463046424993,12.411621790309743,0.6690131369674107,1
1,0,2,0,209.5704905138446,0.8281356481622121,0.4295572767414809,0.03355967436034665,0
3,0,4,0,133.2941893696845,0.6058338168552598,0.04075818748697102,0.040445441292788396,0
12,2,4,0,211.3510151013971,0.8247549643407481,0.5732545580913365,0.17696696262630973,0
0,0,3,0,133.911103836281,0.8893072600557909,0.051527081144296286,0.08705193408261525,0
18,3,1,0,87.23785207674291,0.8902531630817223,0.09537148791054383,0.17509323619726241,0
10,0,0,0,331.29311890254394,0.7037619797623239,0.1720992793563558,0.08699591302837274,0
3,1,1,0,147.41710861514562,0.9510195996816345,0.11639649748430375,0.19831333874502635,0
4,7,16,1,30.99973029315901,0.1658489697163678,0.36167694506955583,0.6326400024710105,1
13,1,1,0,166.88298398039376,0.5848270538302344,0.24409067261971093,0.08155024975701075,0
6,2,4,0,353.7127538077729,0.720292084406873,0.14508257475138195,0.1762388010881891,0
5,0,2,0,98.37784895761199,0.915035145453636,1.1956171536270526,0.0398197375628775,0
11,1,1,0,147.98888919813746,0.8342668344326698,0.5652822274484711,0.2185341957554192,0
7,0,2,0,158.96073106582315,0.8540145055570234,0.8113739950906378,0.11626401485425819,0
9,0,2,0,231.0485632424013,0.8770254325004253,0.8297773815992996,0.09287212828935391,0
7,5,7,0,164.0550562785613,0.7077463314005892,0.17079057409893592,0.11094928376805015,0
23,0,1,0,183.80482093980453,0.7701919008297973,0.4324495854038908,0.08814741595628031,0
6,0,5,0,254.0021074953193,0.9247793857601377,0.08001154606987641,0.02094338781295987,0
9,1,3,0,206.21300736301208,0.9221863296815928,0.38026254851474356,0.10912269299304725,0
8,1,2,0,163.91893500446076,0.7625404228439377,1.6327840284070658,0.16306652130399016,0
3,9,17,3,19.0514080314644,0.21740561198418454,1.7142722179032073,0.818165739707809,1
5,3,2,0,180.18510924522897,0.5693564296731775,0.6570550414782717,0.06477689285043368,0
14,0,3,0,191.37873129979337,0.9171602951242275,0.6837297168159254,0.08595956697572742,0
15,0,1,0,153.71903105056907,0.9143460084350175,0.4878098155356667,0.09988721617985168,0
9,0,1,0,228.47937479229938,0.747969185967055,0.26807725356875406,0.02030619893535401,0
8,2,1,0,177.15016740829464,0.610574355291407,0.3419387263248611,0.0959979861944274,0
9,1,2,0,136.0376433010997,0.5496333751833812,0.7168748335930789,0.2134675074174936,0
2,2,3,0,271.8695113240912,0.7803240474822275,0.785481217202392,0.128077170093487,0
18,1,1,0,215.49654804602142,0.8742610395698984,1.2330026362620268,0.13639063416112696,0
11,1,2,0,191.81740489927782,0.7682630741280896,0.4474795825504133,0.08585931397934811,0
16,0,2,0,182.203859062293,0.8538350314603065,1.0905617807873973,0.10991788482201856,0
1,7,12,1,31.796793260807995,0.06809298303931885,2.313781917979059,0.6815378394162996,1
18,0,2,0,204.7674591031909,0.8610806937505951,0.3942219595242095,0.09588243898427798,0
8,0,3,0,147.40890797741716,0.9687625537510075,0.12884684511215674,0.09510574153377253,0
20,1,0,0,130.37361902263922,0.9214507120634678,0.08474489646545726,0.1311377625792643,0
10,0,3,0,146.74862717628793,0.9206511269440044,0.32778442015490006,0.21732138783055163,0
5,0,0,0,171.79605501225006,0.6453881019220065,0.010971556616179691,0.0678832527195512,0
21,1,4,0,121.68858775101728,0.8106111925121855,0.8679813810422857,0.12880706661340763,0
7,0,1,0,183.13429098102446,0.9144697940298686,0.8232488749378276,0.10285886650393743,0
20,5,25,0,47.1795085820251,0.277557411691467,2.820991561069377,0.5225589057637104,1
12,5,17,1,18.297076610460987,0.2755113506162705,1.6577481386879,0.6821711386989066,1
4,3,3,0,167.15517355779224,0.7949747221492414,0.07217708155855615,0.1780903081351981,0
4,0,2,0,190.82424867502976,0.8972399182981651,0.19266674571124456,0.08155501286727422,0
18,1,1,0,206.8149578625402,0.8269704075496762,0.07914569723119252,0.07433056983549995,0
23,6,17,1,61.44275840465022,0.405491467898047,1.5796840908950482,0.9619401753058934,1
21,3,6,0,149.10735643485128,0.7964165204512205,0.6323595637673686,0.1964961589748696,0
11,2,2,0,225.07871934119945,0.7370736381973946,0.47886115000355806,0.3741874693201658,0
20,6,12,0,73.33209541420312,0.24785338616721325,10.66509120513912,0.7921027356301155,1
20,1,1,0,98.0777901687446,0.8695029157254824,0.03251088244879076,0.043094801597689046,0
15,1,1,0,154.85996941373625,0.9532070202319992,0.2776359151405234,0.2282518543199608,0
8,5,12,0,0.0,0.11601347185678731,20.53423979471327,0.7824089734191614,1
7,1,0,0,152.15799806835358,0.47561900341471014,2.1695383973426154,0.09615856821433724,0
3,1,6,0,131.5083727599144,0.8263797209599795,0.08285128123102407,0.02910109760949304,0
1,5,12,0,25.99558408086928,0.4212141818198747,17.348327576624936,0.8990519919818398,1
0,1,1,0,236.18583605344844,0.7528590379633504,1.6259519438804522,0.010031601235734523,0
19,6,12,1,35.814957567383956,0.19304090366773702,3.306697618826662,0.8605106543683219,1
0,3,3,0,157.04356628118046,0.9823564683152974,0.29587360807807683,0.04716006963086931,0
17,3,14,1,63.73106006271389,0.17218021545577974,10.677841548888043,0.84835808601723,1
10,3,3,0,159.55326283650845,0.8250226792604932,0.3297880465094612,0.1494736005543053,0
8,0,3,0,57.52064304181884,0.9309083944530682,0.23866035787373033,0.42986081306243035,0
5,1,1,0,91.70112314216117,0.8250000432005306,0.18642672385253978,0.15784025509154714,0
4,1,2,0,125.40338161169375,0.6780250209268474,0.042517357906089424,0.061645910626756055,0
8,7,11,1,32.453688801026466,0.31887919592584724,10.916963308118376,0.6216614196067718,1
20,2,2,0,251.33213270504262,0.7923637159204667,0.6508096203756488,0.3690651479284297,0
19,1,0,0,197.50772769481856,0.7321024941600525,0.25795294543841757,0.037489966613284444,0
19,0,1,0,158.99693910534378,0.9330731967048352,0.0928311262618411,0.3559318537485182,0
10,3,2,0,32.83052544670815,0.7781824793635996,0.4180095111847848,0.1928585764007382,0
15,9,9,0,0.0,0.6222575233692637,10.684859630601872,0.8757747341226957,1
9,4,0,0,154.2186995148771,0.9355167945768935,0.16304924381459202,0.12292777316015195,0
5,4,17,0,13.100965671728382,0.19316233467261137,7.467143210642566,0.8776909318129105,1
14,1,1,0,269.50900957983833,0.7255105035343519,0.9740027728010471,0.12621927437270902,0
10,1,2,0,127.30989546323899,0.7817550961646033,0.09454405982183306,0.011025336825263427,0
21,3,13,4,0.0,0.41967173090947885,6.718075873100379,0.5523355735454495,1
18,2,1,0,161.88432837555888,0.8841230905230587,0.6895636189867268,0.130136204895682,0
13,1,1,0,195.68309555081885,0.9083219546917317,0.4442790680713196,0.13102351095737455,0
20,2,2,0,148.2845725301787,0.97076464390548,0.2516096400924307,0.06437310616910219,0
13,1,6,0,202.30723833528498,0.7141873525972724,0.272666433427784,0.09901087674796837,0
17,1,1,0,221.16943762831215,0.551384524020826,0.4285180339867286,0.1990606273525087,0
1,1,0,0,260.14901289625345,0.9251180442961312,0.8195845943656347,0.13482948194021913,0
11,0,3,0,192.2711645819721,0.8727519456191775,0.039377897317144,0.003111769874461947,0
3,2,1,0,238.29798058458476,0.8623849126955341,0.46797805767713324,0.0740349267203867,0
4,7,16,0,49.362972377703166,0.09103938982089743,11.388561249558723,0.6162107977192391,1
2,0,3,0,289.7830554873782,0.6932874400603122,0.6006104763162138,0.014062762482394556,0
16,3,1,0,169.4497558713725,0.6148781697629275,0.33768121276661994,0.10589286057938081,0
3,1,1,0,269.5803052174895,0.9839964897731666,0.050803936518056494,0.1498251264760353,0
10,1,1,0,87.8618254189732,0.7869394838525491,0.9717075497582304,0.37049126380857594,0
3,1,1,0,152.84688850635922,0.6758416469135381,0.06782107480683393,0.29273028613946933,0
22,0,1,0,176.60950847124,0.8786950739811195,0.06482003688017603,0.015788034947108523,0
12,4,2,0,241.27136962806912,0.9873813928580932,0.43270573641745447,0.19145716737658616,0
0,1,3,0,294.5484136767637,0.6426181445091348,0.31575181107458483,0.29350166858158877,0
14,6,14,0,68.86765390116491,0.09908738339918677,4.990803396062318,0.7588715305494298,1
8,1,2,0,187.59542142418735,0.5101128395742611,0.2646666270435598,0.06366286825518275,0
2,0,6,0,144.26064602201484,0.8786545610643243,1.2098402875181626,0.0069461089633840465,0
5,0,2,0,191.70623131280203,0.9093519465846687,0.9873704625153232,0.25697726304725,0
10,7,15,0,78.72881597489547,0.1777097247658559,11.193298840357484,0.6777553195628843,1
17,0,2,0,210.4787378419391,0.8906385311936975,2.4981008860358944,0.23648274466169603,0
5,0,5,0,197.9113056809246,0.8842029621015512,0.2527146129710745,0.10592488584815636,0
1,7,19,2,62.181145547112735,0.22835628368179053,4.336887450378129,0.6846749676684657,1
6,5,7,1,26.457002291681505,0.40025412352871387,2.769927388349323,0.9749523801269356,1
15,9,18,0,67.3669492987323,0.058292812322841815,1.139696447924615,0.7799534977008618,1
17,0,1,0,163.21750067151373,0.8798644720312521,0.3060690934390434,0.058704437362418864,0
15,0,3,0,293.8109081785503,0.7916073504270421,0.8721107378874987,0.15560820592044722,0
12,2,3,0,277.4976983461154,0.8605816623916124,0.9649715012414347,0.031698154630621825,0
0,5,7,0,27.86432886382312,0.20991047670755564,6.728730854807041,0.9630992178451957,1
21,0,3,0,219.461654367714,0.5502381913934528,0.28222462240159246,0.09792375349041385,0
0,2,7,0,104.90290620229901,0.9368414988957631,0.9021027120218446,0.3819602473661188,0
14,1,2,0,202.55540153095785,0.848797428893801,0.3646763586946643,0.1852201633355179,0
8,1,0,0,22.420494225164248,0.5432960745259393,0.4346497276402747,0.09219543009210994,0
10,0,3,0,250.14269788732682,0.9496640950722333,0.022860042194734764,0.2534194647462186,0
3,0,2,0,213.07231269440467,0.9679240775961494,0.3134961563444268,0.09032264221804565,0
12,2,3,0,195.39143523945586,0.8174777150617056,0.05181075937882628,0.1417512325173702,0
1,8,16,1,67.96462080228463,0.033514105228230395,12.833929203110861,0.7690005220931615,1
2,1,4,0,92.75666396349547,0.963884493257409,0.47505755244404363,0.06635381581294884,0
10,0,4,0,232.45441576975762,0.7848833909480816,0.380914648567437,0.05723887650680328,0
10,0,5,0,190.8578453353494,0.9042478609132784,0.1442786132390655,0.18846719124090405,0
14,8,17,2,79.35835447780147,0.14082904773488988,0.33246117083841853,0.7035212114807395,1
20,0,2,0,170.3026026784117,0.6020941805571828,0.3294543469921842,0.06883224071046112,0
11,1,2,0,43.26542280753981,0.7461720353593356,0.0074184136590622245,0.01489520263863172,0
8,6,8,0,32.502673271195064,0.15013430593527596,3.3793989562120705,0.3517884593695145,1
21,3,2,0,228.29151816634035,0.9325865978108177,1.1724043606097387,0.14255784913670227,0
0,3,10,1,40.99804100212854,0.13564436919508258,4.53702052801002,0.6517817924568621,1
10,2,2,0,193.03550923651122,0.8116824094844305,0.3051625739344542,0.05056579174160929,0
1,5,1,0,207.0324244558059,0.6342184782205188,0.5572432968078028,0.09466417169182825,0
3,1,6,0,221.91138092615194,0.6633163290784586,0.20454129481802272,0.008171773676112885,0
12,2,4,0,167.72984661464747,0.5427165053424959,0.19960302262384458,0.2168946276399408,0
0,1,1,0,210.9603350513711,0.8596612121323121,0.3730467963740585,0.07752809199143117,0
2,3,1,0,139.9477870517183,0.8970311552168029,0.0534859157423953,0.5349790517460903,0
10,0,2,0,203.93633602638906,0.8027325097694554,0.08522696692939882,0.027237420775172827,0
11,3,1,0,295.5283718665668,0.9413977457957428,0.1658823207724281,0.17344045523323656,0
14,0,1,0,160.5741363123214,0.8694773990559436,0.7107154961954851,0.07774681920639306,0
5,2,3,0,191.1894326593899,0.9126034997205956,0.8018217682049289,0.022938962680475742,0
9,1,4,0,197.83825475756746,0.6591606713971279,0.15854870004924584,0.057951501137613014,0
15,10,8,2,28.89874397434191,0.18701643303949242,3.171361806962621,0.6088629744524734,1
5,6,12,0,68.24090730941505,0.5332357341965391,25.090925245325938,0.5343029582717918,1
4,0,6,0,143.04468914081602,0.5503884168432839,1.1864573081006837,0.12241508336559591,0
6,1,4,0,137.41612078761898,0.7593700589331779,0.07407739518754489,0.2664912708813928,0
5,1,2,0,232.4314074309874,0.9384991500689194,0.49274428807692,0.41676514588068914,0
17,0,0,0,229.41410300399136,0.765220242979192,0.7331789569446981,0.030226883906243104,0
7,1,1,0,147.11866041926004,0.6920300725503329,0.38815748061448946,0.0480430851429553,0
3,1,1,0,280.8961276427764,0.7904701430802334,0.3834740989917856,0.00243176118255514,0
22,7,20,1,0.5605449890217358,0.024394420687559194,19.42885670244374,0.44721738818270756,1
3,2,2,0,99.77038397010101,0.7072804814351664,0.11987900514541544,0.1589551560792822,0
18,3,4,0,112.15144116203625,0.9893507476285415,0.6451629695394807,0.025531689014172538,0
5,0,4,0,93.03380390094559,0.8648031685633814,1.452888932805078,0.06665811275447354,0
17,0,3,0,241.20571908272282,0.9276319139205194,0.8317913486009108,0.12318604355476424,0
3,1,4,0,80.64354514070723,0.7120101938577336,0.09888254909103392,0.0210575613154607,0
8,7,8,2,0.0,0.33383891438128127,1.4928860626526823,0.759582384764485,1
8,1,5,0,124.54151004308395,0.7692936182052943,0.09229579056687238,0.069854735450872,0
12,1,1,0,167.3779049865827,0.7750870624490788,1.645360654032245,0.2529735160302636,0
6,3,2,0,188.83313343362965,0.8944374610992323,0.19607795796849317,0.0031016939204372602,0
22,2,1,0,196.26373828786197,0.7426941544253041,0.5625425371715634,0.17128709314731427,0
21,5,9,0,36.203691382595316,0.35959675446293227,1.5326695731093356,0.8634278242027367,1
0,3,1,0,179.5678869459119,0.6569610502137507,0.10108875066324502,0.03888040885727022,0
9,11,17,0,35.43179962853421,0.3080564194218854,19.390816761867317,0.955879073995507,1
6,1,3,0,182.22499916269166,0.9174869083813081,0.25180020321553165,0.08680579896891193,0
16,2,0,0,20.0,0.6900994149289066,0.8369917656307249,0.08784247710115278,0
3,2,4,0,183.1334063038361,0.8307136048305734,1.3425166900056105,0.07863815524713667,0
16,0,0,0,206.98184648386456,0.995094103460815,0.4463480821940325,0.08254241491868095,0
20,2,3,0,179.76411362340144,0.9472085730516049,0.30938079117695566,0.11207226156852622,0
7,0,1,0,88.471191244413,0.7781420227434427,0.03026576884127452,0.27388612790777767,0
23,6,25,2,21.013409298248174,0.4174956851885365,29.344045129829464,0.841537977174988,1
0,1,8,0,151.82175814108024,0.7243719473971931,1.329110514980453,0.143152337696275,0
18,1,2,0,191.4492763118955,0.6259761179282691,0.47787597830351786,0.13378593809154676,0
8,0,3,0,265.0791821546475,0.7052953765624388,0.23146134912137215,0.42292342904392966,0
13,0,1,0,147.15268361969652,0.742076036334194,0.6788254696907665,0.04218999770282934,0
13,2,1,0,126.93520224467295,0.604298295456137,0.14702129765079514,0.37388783981000373,0
5,2,4,0,189.8851262342829,0.6349128593065129,0.0009872539843334917,0.3811224266947633,0
12,2,4,0,189.7421916189606,0.6554390755411642,0.5372216197214292,0.04590701076035018,0
21,0,1,0,127.65027720265314,0.7607333672540721,0.009837212977176856,0.4157484847869383,0
12,2,3,0,233.4197697299295,0.8272438274187692,0.961172226839491,0.06175062735332881,0
19,1,2,0,145.83562546821344,0.8865664335790534,0.40739675949415854,0.06655787493033823,0
9,2,1,0,123.31514349533609,0.830008027035104,0.6998953038942851,0.0687155680940559,0
6,2,1,0,250.95998628418792,0.5554657446554344,0.07579106286577311,0.09276184616761703,0
5,0,2,0,219.27767145980533,0.725604232007688,0.8261123538835979,0.05742236474726361,0
5,3,0,0,139.20677231085403,0.853100031039542,0.16044505162954564,0.4394014333199051,0
10,1,3,0,245.73672222760223,0.7389797373192633,0.390493950399369,0.08595164428017199,0
4,1,0,0,265.85295741129744,0.8475178775744325,0.26268278807902595,0.28502513834472715,0
21,2,1,0,192.01646400431915,0.8309465343806873,0.32441860889098734,0.004064292819420604,0
19,1,5,0,222.9190494107609,0.688654675209738,0.08552994909453676,0.10506972081367698,0
14,0,1,0,148.54344722173263,0.8877989136297543,0.01776776263522233,0.017289742678195552,0
4,7,12,0,61.70552630027207,0.30741259901187856,2.1375143140972237,0.8059322413667431,1
0,0,3,0,142.5319623396234,0.6516753985023805,0.20820477277885155,0.06719032975306481,0
8,2,3,0,295.231924033491,0.9045189853391548,0.6998047560303122,0.060781792636504406,0
12,1,1,0,215.04301106255073,0.7519402351258487,0.4595543654756583,0.15251984276750194,0
17,1,5,0,138.48184344610178,0.6716017663684057,0.19580920242412753,0.03848111619181705,0
13,1,3,0,125.76095853794652,0.7194400170585126,0.12516536903854794,0.06497988922844246,0
8,0,1,0,123.72393904735429,0.7895805858543244,0.04571445250604611,0.01003440026838506,0
10,1,3,0,231.16884789929173,0.9522211904491176,1.1595599475716634,0.017974044041678284,0
9,0,0,0,161.7489610444765,0.944792630605366,0.5261645276505051,0.06735632589171965,0
2,4,10,2,46.46633655906026,0.16705774913864063,9.37258882630264,0.8367243552725442,1
2,1,2,0,156.24879382868343,0.6363216035342397,0.8079256376826025,0.0022959581252844467,0
16,2,3,0,149.03383264398818,0.7633065243154803,1.0199824682911587,0.0334336668313055,0
19,5,17,1,20.261295498486096,0.23824053733586015,13.017052043750905,0.31127991696872254,1
18,0,3,0,211.03765421145303,0.7763134449900511,0.6725398366773662,0.17851587682654588,0
12,2,1,0,176.94405600513355,0.8676585140072037,2.9913175969175656,0.13962417223389464,0
18,0,2,0,115.31953716218565,0.8532825780501242,0.3366502227586601,0.11088565293897874,0
2,9,12,2,84.5118615600201,0.24616705597245864,5.088538337897475,0.6611564981119079,1
1,1,6,0,244.47221236847264,0.6511263805273713,0.5946807547001047,0.07033961701682087,0
1,0,1,0,120.58710063505173,0.5620726045046446,0.6752332867427392,0.27268956314238346,0
22,2,4,0,163.05486581055797,0.7451931205284718,0.09712486079594085,0.06627331015400577,0
12,0,2,0,169.80239993471739,0.8389681985669224,0.5098795478404926,0.3282947052357308,0
1,4,17,0,88.08577226711803,0.18161464782601175,11.38476144915513,0.7796638245984158,1
11,1,1,0,145.21483999143197,0.948934712882213,0.24368421550453565,0.24716743308232264,0
13,2,3,0,227.30113422202456,0.8231876725570513,0.1541162126694721,0.3087696110949268,0
10,1,1,0,185.0700526725111,0.6004269144880235,1.2277537923567174,0.06597331670413689,0
11,2,3,0,101.25224126255728,0.9178010597347868,0.32298675344631717,0.1929888315975645,0
23,7,9,0,49.36475112003905,0.14230531871332963,6.165802290137087,0.8356929143090182,1
15,4,16,2,35.842302454145454,0.09529017665065312,16.276875142553514,0.8091354078216243,1
2,2,4,0,208.27946290377136,0.8052922293936067,0.9649948098330884,0.019393596404588435,0
2,2,1,0,280.4654965516029,0.6552842645042091,0.5487140620535569,0.021819456301972684,0
4,5,16,1,45.49151747029329,0.15064767617099073,30.177553642749675,0.911521410408356,1
16,5,13,1,74.8593412513735,0.07349270141110106,0.8636063302476925,0.6160443966390888,1
10,1,2,0,217.23376209786505,0.7334153098643619,0.43359811905152157,0.08579971487765621,0
7,1,4,0,252.02980125860364,0.7680976844373045,0.5776463938025972,0.32608712644435306,0
4,1,4,0,221.6806312271221,0.8220080699439568,0.3293678813599266,0.22986970835027193,0
3,1,4,0,210.37809634612321,0.8288870694321936,0.5255778214510203,0.09271609036415923,0
12,0,0,0,65.28301269510803,0.7127538934404403,0.10993430167407933,0.28355887436401117,0
5,7,10,0,40.47452978117583,0.1037270392046279,3.2048273723147016,0.6104295179492006,1
15,2,2,0,212.71270700268028,0.6056838821259188,0.6713749906805913,0.10811386378808166,0
19,0,1,0,97.03506669715055,0.8362376630971905,0.48958288878612277,0.015766095796504898,0
21,1,2,0,141.68479180973125,0.8951942888342338,1.6751096228181612,0.3293652676390201,0
10,1,2,0,205.81789510744778,0.9062143662897006,0.4800286431579565,0.12602526486272544,0
10,1,1,0,92.12450949391534,0.8187394515045363,0.2718766695213091,0.0224280676743084,0
12,1,4,0,195.8108094486761,0.6150859299438671,0.7206412610498963,0.007444739324324219,0
7,2,3,0,134.16155949218157,0.883709216602455,0.003349273205476859,0.16417249617111884,0
17,0,3,0,195.3343284071609,0.7062888396848865,0.7480523420769467,0.12643009535307195,0
3,4,2,0,89.71964689274839,0.7537454611802895,1.3354498253020057,0.049582946535408956,0
22,1,5,0,180.1772980340747,0.8979351186501745,0.1600611269803188,0.02848798652473327,0
6,1,3,0,166.28316452971816,0.8902168735570809,0.27586238485312664,0.3369364085331444,0
5,0,3,0,135.4151135000452,0.9395229969004758,0.552285348908303,0.09000929564895432,0
2,2,2,0,312.78204979781526,0.8532610071461119,0.6728236066527192,0.004844544025147199,0
14,6,15,0,57.53790102508317,0.01671338278808222,1.4564423085224656,0.5557883649415769,1
19,2,4,0,266.53219515082117,0.8216984617155565,0.4514345429193403,0.1525092732764777,0
17,1,3,0,213.16073042787806,0.8532018520488648,0.21306150242568445,0.020848598722078785,0
21,0,1,0,198.11827351655504,0.8782514701609533,0.7592981880231046,0.29207029968202175,0
16,0,2,0,163.48167954532937,0.8392939319922847,0.16238248209531772,0.05210731930791078,0
7,0,1,0,179.33077298044006,0.646168913602496,0.3823069150082806,0.009166468519045817,0
21,3,1,0,49.0809788191884,0.7966718391410212,0.030282367058242225,0.051193612628758954,0
13,0,1,0,208.14466692103693,0.8173749812859058,0.39839561062478446,0.19723803033806792,0
10,8,15,1,47.565452673779006,0.14205397111378637,2.049641751642739,0.9460880691824936,1
22,1,2,0,190.5557807148188,0.5709717965577045,1.7159836707830765,0.16723457156603957,0
8,0,3,0,213.29735159035278,0.9029452200042342,2.206776738913433,0.01621098223352152,0
11,1,2,0,133.79659742210228,0.9199088723291559,0.07603418367630024,0.004112007562822514,0
8,0,0,0,196.4915102394716,0.7175752154204703,0.5366734579576931,0.22793121349053794,0
1,1,2,0,48.332397223903826,0.8292583101084637,0.5983684187261451,0.05093561454807671,0
10,1,0,0,229.37087501383252,0.9714562740143409,0.12798874977344737,0.2838778127410085,0
6,1,3,0,165.78564979412073,0.5948551465442692,1.8574650045525685,0.3708630621932835,0
23,0,1,0,141.1550609929501,0.773646830302789,0.11613425114235108,0.06365076672389322,0
8,2,3,0,268.16239280131776,0.9055541658802627,0.13004879135778402,0.13423695752402642,0
18,0,2,0,177.40807509609434,0.8406627369033611,0.8090868028251749,0.026031709972606877,0
7,0,1,0,20.0,0.7298906649195621,0.6958380108190665,0.11353860042420592,0
4,3,4,0,148.00772481051547,0.8549001596723909,0.19360238875927677,0.11127640701727519,0
11,4,3,0,154.53690110090312,0.8372939174313558,0.3840958258622702,0.05166841056660367,0
3,0,1,0,170.46934507227823,0.8727330938327729,0.12076544441226834,0.06696699968275348,0
19,0,0,0,170.1256976745867,0.8426150209132078,0.05926546225449475,0.06643221739982477,0
2,3,16,1,21.41733256175658,0.33620385391260094,15.785405291282325,0.7772625923357183,1
1,1,5,0,136.89192914786042,0.888104095522372,0.6579985157210922,0.0674042992820335,0
5,1,4,0,196.88833032419421,0.8933862101926532,0.11553010086722934,0.06625241103428633,0
5,0,2,0,212.03610843351998,0.8025741944100155,0.21025145733409478,0.026711396398556207,0
7,1,1,0,121.87640120321402,0.9563186947018183,0.6321785956209129,0.11846192610499445,0
16,1,4,0,199.37012612595547,0.6955212643084353,0.12095112657006227,0.06410186332217209,0
11,1,0,0,248.3937429890529,0.9496149747846985,0.07248842342627795,0.24848620555107373,0
23,0,0,0,229.64050778543876,0.8859045463715639,0.0425325941289923,0.03699558050239533,0
18,5,15,3,23.48882268986982,0.4649844919151396,7.128152813661074,0.6839541288132673,1
1,1,0,0,208.7238517970205,0.6774920897257056,0.2574233112667221,0.1273111656320263,0
23,3,0,0,359.13558226705504,0.8007018001392376,0.11809310978248556,0.0035362774067712005,0
21,1,2,0,135.51373243198992,0.7329721022898944,0.09057664407545502,0.026424400794433967,0
6,0,2,0,279.62471606225296,0.8205595917427371,0.6183201865645743,0.009145837527097876,0
9,1,5,0,295.5951766823739,0.8582522942234133,0.31161976474940234,0.11331325868315478,0
9,3,0,0,91.17598828021976,0.7191892404165129,0.2674976724528662,0.1543429258232153,0
14,3,0,0,191.0602839722551,0.8614740564168274,0.1255823307015275,0.0868120410915017,0
18,2,1,0,129.56926266199537,0.5712439324321588,0.5835694067819654,0.0541425606340648,0
17,8,16,1,25.65217524367268,0.11347037044278924,4.568673713832113,0.7441859834266286,1
23,7,14,2,33.47768399277022,0.7374446681638283,11.373562772743773,0.5987529978467312,1
11,0,0,0,266.8784764268731,0.6870483734981593,0.26656508347094804,0.19602817378980494,0
7,7,10,2,0.0,0.1451598888073986,0.4236325836918228,0.8576169366417539,1
5,2,2,0,157.1739799410326,0.8902057179440065,0.16929229255704828,0.26963749339755705,0
5,2,3,0,234.7686227896342,0.8927689213288833,0.8455264458562491,0.2704025430447536,0
12,1,2,0,175.3775002067153,0.9033847378562868,0.27797449020631615,0.2347989088391361,0
6,2,4,0,136.50977457405122,0.7337954895225163,1.2152303789645198,0.11354877028757782,0
12,2,3,0,135.79762318586316,0.6013069155267418,0.0488290153551949,0.0008717435795314674,0
6,6,14,2,76.71635667067423,0.32043657673747655,7.135886753111651,0.6111232221542918,1
12,2,1,0,252.35925053442716,0.9535657936690326,0.9743071184319823,0.19793307386359155,0
16,1,1,0,160.34993599042866,0.8386501408851691,0.840702281886172,0.11447530177357203,0
20,0,1,0,208.71610420489543,0.7042449411609751,0.7883601239928487,0.04853374435741401,0
6,7,18,0,39.33194090233958,0.4156612075491354,23.835228140981553,0.8423340751954684,1
12,1,2,0,236.07356946477412,0.8154704327008817,0.02782629325219156,0.00431482023007988,0
18,1,4,0,188.6724172579967,0.8379759075055391,0.18377580414418548,0.0426452350604537,0
12,1,2,0,237.11110808287648,0.6251103344364521,1.067262071616623,0.13552332513560594,0
19,0,1,0,102.29231645206345,0.5702705267423459,0.3638109479408071,0.14213201071641826,0
23,0,3,0,153.5366480428095,0.9579795907932157,0.11307372926995474,0.05296934017241195,0
12,3,10,1,25.286808611631365,0.2943316716078858,4.827154811423975,0.9237322083456142,1
9,1,1,0,61.70928505350281,0.6851656067290716,0.16116465758238574,0.07209435488408966,0
19,1,2,0,202.61935624594136,0.8938619868353166,0.7578472402692265,0.01875464210958747,0
19,2,3,0,326.78329755560503,0.9239426701727613,0.08244165737882103,0.210868479393255,0
22,4,17,1,35.17646266502401,0.11100398603162753,9.441480128368742,0.8512718941220746,1
23,1,1,0,195.7720363921703,0.6729726903997469,0.018092086190469536,0.010753837705937536,0
22,2,5,0,211.75447925683795,0.7093963196542128,0.10772516995729242,0.21059933811012724,0
21,1,4,0,150.0191424839371,0.6938252665830307,0.011960972441638167,0.014599809792530581,0
4,0,3,0,193.547577040738,0.7829286009312842,0.8553303414528828,0.015184414013506899,0
15,0,1,0,194.36580423483397,0.9495995478609749,0.29238598146141,0.032722003161045864,0
15,0,1,0,140.2016701733073,0.6830756353531547,0.299203445312401,0.12859528851671334,0
13,0,3,0,103.60796855807682,0.8887249531942653,1.7505327148851981,0.044727815729211216,0
19,3,1,0,194.42367897217437,0.8484720214241845,0.8919414849139322,0.12032589751947301,0
3,1,4,0,128.4800507489988,0.707041300258986,0.06954383292405796,0.03483084031458936,0
19,0,0,0,181.87303248881375,0.5036563559563901,1.5188205395244416,0.05400023696584612,0
5,1,2,0,170.98832252858838,0.8557525373378158,1.5114889555577498,0.23852055476557363,0
10,6,18,1,50.86041083731525,0.577957446067204,6.766382843024755,0.879655598153776,1
17,1,1,0,123.33683144985683,0.794491836310359,0.26174421755618543,0.13108914230342425,0
23,7,15,1,73.72247508780055,0.45680030808024075,17.598679350742593,0.8176352034070851,1
17,2,3,0,278.6512367394263,0.930585525070705,1.937571291487388,0.08291805056084214,0
15,2,3,0,300.7387769804063,0.7575417530605653,0.5813376714377474,0.03147542484156049,0
12,0,0,0,143.49814945602597,0.8885522541890817,0.9386768700206164,0.05014543216379596,0
12,2,0,0,122.49339780529453,0.4867102159128102,1.5286663989533325,0.032172406882348466,0
10,0,2,0,209.09583321710855,0.7671108992788312,0.13011969823993783,0.014589322349592563,0
18,2,1,0,217.2661805380867,0.8250899095215775,0.38628355455563707,0.06977874000971968,0
20,0,3,0,198.1642785613188,0.8421635740182934,0.21319034948816676,0.012422699275248177,0
20,0,1,0,130.70821217758768,0.9249568428922137,0.10187717614376737,0.09868695120529802,0
2,4,3,0,176.71517431092136,0.8522610465732335,0.6209589544741346,0.016625299343816773,0
23,5,16,1,31.703202611889537,0.24983908984428907,7.727125574537409,0.8326657118046993,1
11,0,4,0,139.75505357193754,0.6853011025325174,0.37757317159868686,0.002624094541826742,0
9,1,3,0,209.5004658184108,0.9219606528857279,0.4602134347147451,0.1482416937365241,0
20,1,2,0,200.93825157228406,0.9370286226447938,1.131172056994464,0.043141663585988164,0
21,1,4,0,147.64620249423504,0.8560141803303128,0.5809207849132123,0.0924694905380362,0
13,2,4,0,141.11090128234537,0.8827612278209144,0.16569917083415223,0.38620343630378245,0
14,1,3,0,231.48496428567574,0.5482902664995153,0.007962446721078417,0.22477857722273534,0
0,0,2,0,229.02764963188235,0.7229697786256497,0.43989896757341324,0.045485739119645874,0
2,2,3,0,137.99078843488482,0.9248579652116339,0.6199217056218017,0.06387708613297724,0
18,1,0,0,173.8588225899289,0.7234914903677041,0.1837917842183478,0.017501302200672295,0
10,1,2,0,127.64182217533744,0.7414612495103503,0.0530952375028816,0.10094317258380797,0
2,3,0,0,163.7876687752487,0.8908674958618783,0.19469446270949906,0.064721577882616,0
19,2,2,0,227.87965651842626,0.746155483323009,0.2648106687753204,0.018267449766116387,0
4,0,2,0,101.40250830271111,0.8948387679920587,1.349043060237751,0.13210941974042148,0
3,3,1,0,115.525836817022,0.9261951348322438,1.0659362855502401,0.12361570928664177,0
0,1,2,0,166.68226415320783,0.7502575377948194,0.2314219693116239,0.018895456653435935,0
14,5,22,0,34.71945630428098,0.11558253678338289,22.97732552810702,0.881613976829483,1
17,0,2,0,147.68543289224132,0.8042042782501093,0.37310160905105927,0.19046936081852453,0
10,1,2,0,315.5217451852447,0.845136382358489,0.8509466625989971,0.09326968549872526,0
12,1,4,0,120.8305441282421,0.8820758995996151,1.4810159047417513,0.0535665025352095,0
10,1,3,0,161.71055091278555,0.6432375139710872,0.05724639006037632,0.008629050588605173,0
15,1,0,0,237.6096065354781,0.9443350145958241,0.4652783205127119,0.03629113198644622,0
0,1,2,0,118.13040023121883,0.7983063310162812,0.08408881335403383,0.19598109809726103,0
20,1,1,0,142.51241496908114,0.9332100397604424,0.44562275831255227,0.10583662201391784,0
5,7,12,0,22.09865127597442,0.2693982395861425,18.453234442268315,0.671072731595586,1
15,0,5,0,204.62863809471364,0.9933092847693447,0.15737372682858813,0.2555972801115192,0
4,7,14,0,47.09892046870392,0.23402334209992606,4.697868774704546,0.776532371075158,1
17,4,15,2,10.440922224984945,0.11685017832756908,4.000848074690036,0.6849298471622673,1
20,0,2,0,98.16098838129426,0.8668372766920815,2.428837678693915,0.05086265442527417,0
16,1,2,0,210.07059350274557,0.938914564161689,1.6236398926947517,0.09829163658002835,0
5,1,2,0,243.7582196176127,0.6339283719327654,0.9330800394247011,0.05417851535144427,0
23,1,1,0,123.3379326385338,0.747191360334751,0.44750408791234136,0.18337621926621137,0
20,1,2,0,106.50458456840683,0.93678617957439,1.0054160604856075,0.23519641502168426,0
23,4,2,0,21.917165807071797,0.6514777658090252,0.5436672953160498,0.13909197806901924,0
17,0,2,0,208.2776727206753,0.9506231271780669,1.048763778222151,0.253327142194947,0
20,11,22,4,125.85748386393826,0.23483903017042196,0.5926991954955215,0.7799750223737442,1
19,2,2,0,183.2595043396833,0.7624076002106401,0.5233317983769107,0.07482041565427625,0
12,1,3,0,215.8281916063434,0.9240798239422452,0.7933938209009193,0.020537220014058933,0
7,1,5,0,157.57140827244095,0.9055872702972192,0.36079346961121034,0.21314014163113465,0
22,1,2,0,205.55144193519305,0.7636894022108071,0.6908153604993456,0.00031297697322102554,0
0,1,2,0,183.62767830008968,0.8067990349100733,1.3532087534150312,0.0993487314244138,0
23,1,1,0,139.96525402614043,0.888652780260785,0.05811770628389721,0.004947125780886945,0
0,8,17,2,53.88022806698905,0.06350230515531859,4.070920675491424,0.8635327855709573,1
18,2,2,0,217.89595213747805,0.6355339145752984,0.1958112484519569,0.18937913065005926,0
7,1,5,0,172.8471312349582,0.680768475497922,0.3546180148169407,0.084092006317126,0
6,1,3,0,146.98084206097462,0.7851556345227929,0.1480341508441375,0.24986251570971818,0
22,1,1,0,165.15334619393957,0.6760185511968633,0.8693723813720998,0.08854308178912473,0
4,1,3,0,228.27588372366907,0.7165446830199808,0.2600329316359628,0.08312558369419352,0
8,2,0,0,285.01766835707826,0.8181944088593308,0.11708865370280758,0.12229559653861695,0
13,5,16,1,34.702767603708175,0.42514655500806714,1.8608661545312266,0.6416484105771618,1
5,1,0,0,173.27273877603437,0.9587934352392339,0.15596330377035256,0.16281850694239552,0
1,0,3,0,262.9907814336393,0.9635446841123853,1.0497701647375421,0.09387304124938406,0
5,2,4,0,210.81421096900922,0.8523877484629251,0.5105176419289476,0.058550594879590134,0
11,2,2,0,201.69494642277687,0.9518283714646999,0.5527201786927058,0.005413718885301253,0
13,1,3,0,269.51959984491657,0.7825878579977026,0.7003422784774963,0.051943341865761015,0
9,2,4,0,125.018918212787,0.7902394772169793,0.32754410105118215,0.01498000998256125,0
13,1,2,0,265.2927634755569,0.7445235506109983,1.2758177846598693,0.030808721587049216,0
15,0,1,0,187.52842790487128,0.7733872924923004,0.4969905591153637,0.009027697934913743,0
10,1,0,0,217.74061485785904,0.9853822465990211,0.15576746248801415,0.0015080842505867146,0
8,1,2,0,119.19301162580169,0.8269255384209356,0.9207416237486883,0.044472376082200775,0
17,0,3,0,241.80794739928473,0.7289432269503886,0.4775627699248123,0.12172896920474498,0
4,0,0,0,177.65531365702998,0.9022805545118254,0.6056107335148054,0.12860815965901798,0
13,1,1,0,188.80831551468026,0.7826049004804191,0.6685972722144188,0.09874478963961703,0
9,2,1,0,131.91709175739408,0.798012057464156,0.047961289445113894,0.237654098388886,0
8,0,1,0,290.6282768714631,0.7083577103850466,0.3119623585621326,0.17719361489598345,0
22,5,16,1,0.0,0.2717978707459868,2.037635841125854,0.5597123395428474,1
13,2,2,0,237.59028032405442,0.6659615388236725,0.06680672889131697,0.13148359748711386,0
9,2,13,0,11.831717462030475,0.10230523494338081,4.281587064754993,0.6801534439651092,1
5,0,5,0,182.70667261581212,0.9119444954211432,0.4034620951473618,0.10230141101200296,0
5,2,4,0,239.85702462411004,0.8789642688488262,0.08180752433004007,0.43836980311566476,0
11,1,1,0,141.37128814505405,0.5499138118536179,0.6113127045347276,0.15700327004696535,0
19,1,0,0,227.44883905442106,0.5662296286789433,0.2749688096027156,0.0989346169492085,0
8,3,1,0,120.33653164165602,0.8898579679702736,0.7416390304623721,0.14315304912493174,0
19,13,15,1,32.30392235704687,0.41155382590159856,3.932635010896766,0.885986790096999,1
18,1,3,0,150.2350801533091,0.9795688756401241,1.2322222647847172,0.0638430656592632,0
21,2,5,0,141.82763757466236,0.8436038868025355,0.05036037944017737,0.03516309946380802,0
10,2,3,0,151.99988582657423,0.999651060370153,0.2573212113565043,0.030076733022374597,0
6,1,0,0,116.02554863605505,0.7234889676234625,1.3717580451088807,0.09634343397077191,0
10,2,1,0,215.38682508083076,0.8948693391223717,0.041433485160881196,0.24221024693300042,0
15,8,11,1,25.40574427416541,0.13873724091996864,10.059120697722209,0.7959845894235597,1
2,1,0,0,163.09611095919087,0.9730483857476289,0.6861081719398908,0.03471616711596167,0
17,3,1,0,128.7303827048263,0.5832658596368441,0.38100883422651943,0.043126344345403286,0
23,1,4,0,182.98345493143822,0.5492365445014448,0.8493703197880367,0.09097421442155612,0
10,0,2,0,283.7292468579834,0.8918799026695493,0.1064803949154295,0.039726924735018015,0
20,2,3,0,266.510641815941,0.966340044584274,0.06750099007236464,0.11197944692347496,0
23,9,14,0,81.5163145739983,0.6074087272330154,2.0041592546573455,0.9146131193348618,1
14,0,0,0,232.0902605761579,0.7441593895311645,0.7982920449864058,0.24407666449946022,0
12,1,3,0,179.578406612011,0.9776573579808048,0.4415078655707255,0.2085917271534702,0
9,0,1,0,290.8447349166687,0.6978636738351552,0.019023104317948517,0.044905714000121826,0
13,2,2,0,120.09239859185888,0.46325264692870366,0.7820596076900976,0.025653986776105166,0
9,5,14,0,0.5414977086998363,0.13663835888745995,7.2043031412956315,0.8783669101782519,1
0,0,2,0,260.89410640968833,0.7657979151302671,0.04536457489130279,0.057188175078255604,0
14,4,15,2,64.40225303187398,0.20523573845984755,8.202599943940466,0.9543555576011298,1
9,3,1,0,79.05650200273658,0.7787324079310436,0.37445716754892133,0.2694531872057024,0
2,1,2,0,186.21683832805303,0.5948889971381371,0.1955119070767775,0.20308982834270187,0
0,0,2,0,112.33242140593967,0.8041480134082565,0.24569041009822595,0.013919565737375265,0
19,2,3,0,184.78200232648658,0.8255996926060822,0.580133568771335,0.2341266490605286,0
0,7,13,2,4.894054514334385,0.22203906643466848,2.5636936774058676,0.9679752619643045,1
17,9,13,3,69.1338108562008,0.44936098754987047,8.304446713977775,0.9765227908810618,1
2,1,2,0,213.75422591566453,0.9118812348776494,0.27102484793172,0.06658874602382966,0
2,0,2,0,290.4223154656719,0.8806455251732851,0.3471425716823402,0.04926797729298251,0
3,2,2,0,170.15376172962826,0.84987697519476,0.12735291065642984,0.005084258230383048,0
17,1,1,0,186.39912253615103,0.6051819376336527,2.1638490903795238,0.03470104022191932,0
18,1,2,0,119.133603800212,0.9174013663260981,1.255241633204065,0.012675204670914701,0
2,2,2,0,113.0425231140551,0.7903874087235473,0.7610321145289325,0.003973316056725869,0
2,5,15,1,54.10312114020333,0.2043356100438293,1.0552873724105203,0.8261621514278636,1
5,0,0,0,72.78892393932847,0.7247064340984627,0.09042253103657925,0.016764445391558455,0
0,2,1,0,204.0004042038651,0.8973422905407205,1.0955644784996785,0.10227945274486805,0
12,1,2,0,213.32556801906435,0.7841783305417015,0.17232242586730978,0.06371278570469968,0
18,2,2,0,93.43378602829682,0.6305001523076895,0.6326590200278975,0.26325226011410535,0
2,8,20,1,0.37485207328082737,0.12344037806657637,1.3056813430987522,0.5913830637113634,1
1,6,13,1,15.187849398552956,0.333052730032133,13.426828870916324,0.7489018753184739,1
20,1,1,0,196.3638640250888,0.7680778650258442,0.14650862245472163,0.05479450879098726,0
10,6,16,0,59.27158070108683,0.4513713171223147,14.519774339952473,0.9351564132519536,1
2,2,1,0,103.96978395555867,0.5549223228197007,0.34107622782190683,0.03893485138235698,0
7,1,4,0,243.05150381492393,0.619482842070594,0.37292819788927206,0.42388805987411243,0
23,0,1,0,155.0952777338,0.8911120809384951,0.01470687004113385,0.06844294563217426,0
5,2,0,0,55.14121705336494,0.770597419749903,0.5071205110588818,0.19050293778142177,0
15,6,11,0,32.553260217051935,0.4442578059887008,4.0370728780045075,0.8809424740526912,1
21,1,1,0,150.40009533454105,0.9727886248593194,1.5858844113442343,0.1623129111702615,0
2,1,1,0,134.4668035261434,0.7078511305951498,0.3546459617414547,0.21234561952252196,0
4,3,0,0,252.14444219797207,0.7695219228641668,0.12831434477310388,0.09498336232674064,0
18,2,2,0,141.16610397647253,0.9260276635190509,0.103408051094264,0.01121213387809209,0
20,2,4,0,136.48159017442492,0.7212764482694819,0.2972598422138346,0.06404148536587649,0
19,0,3,0,167.33329711484936,0.9631295191247816,0.03946037206179123,0.05073364776970561,0
18,4,20,2,0.0,0.17955347985025027,8.331101496526161,0.9709977773891135,1
10,3,1,0,218.93673425193265,0.636754276459839,0.9548355400716054,0.05864718521799096,0
18,2,1,0,212.8532327396523,0.4132116652792396,0.9605915188944796,0.3259028863825965,0
1,0,1,0,130.11482099561803,0.6892976566354233,1.0227671220638943,0.038992401060382674,0
5,2,1,0,187.82932198404336,0.8116720129545174,0.8759402255724188,0.07005660458289543,0
7,1,1,0,186.64536646742002,0.7051990302063548,0.8329179567605595,0.19980379117576927,0
14,1,2,0,130.283668291467,0.7700901290329931,0.08321222058046109,0.16039434300337807,0
8,1,1,0,192.8905785633497,0.7952390974220426,0.17064373104522904,0.048016595606376805,0
12,2,0,0,162.27705507049157,0.9122692696976433,0.02524674731179221,0.008465771588373944,0
0,4,14,2,0.0,0.25477719527668197,2.739693573722536,0.8046921903224238,1
8,3,4,0,178.51248737590547,0.8081029654123013,0.6301360127134171,0.07543872567230607,0
11,0,2,0,251.27787452886997,0.9128678662482737,1.4585833623753188,0.03649362277721088,0
14,1,0,0,84.61855341236338,0.6813303706743614,0.6053598767991563,0.04217450415178246,0
19,0,2,0,159.90635267448405,0.48868582275387007,0.06921958079322704,0.026926730814086235,0
18,2,6,0,229.43695483144302,0.9154734199435359,0.12974982121546136,0.04884668586614831,0
19,0,1,0,194.46338873078756,0.7419001834217456,0.5646855287148007,0.3556661561801636,0
0,0,2,0,35.323594598512784,0.913219913991674,0.07306142368927342,0.1874904871808133,0
4,8,13,1,60.25551230874049,0.07979455390137273,1.3982906348143336,0.45025478852912953,1
19,1,2,0,105.71207683238259,0.8503566130816095,0.2247246827435943,0.07026126376915223,0
6,1,2,0,93.95152024043534,0.5312320438078724,0.16809763107569356,0.1002467497057594,0
13,0,2,0,155.75963891637534,0.7098005675972169,0.02807369109123823,0.039781814352959036,0
3,2,4,0,124.98965417646728,0.8486506962934849,0.6188119736784252,0.013092456329282758,0
17,1,2,0,158.8005067530524,0.9145740210133637,0.32479909547425306,0.22796202228020035,0
2,2,1,0,210.27042771041485,0.7809275197502772,0.3064482907919218,0.030841407741601257,0
3,5,17,1,43.48719510461778,0.3985145718080124,22.98758491679614,0.4140282346448357,1
1,1,0,0,205.08279922797402,0.8880705960179668,0.06560369232611137,0.03129639880988238,0
8,0,5,0,181.1676416647468,0.6098093771619573,1.0506082319309307,0.36477137473235427,0
13,0,3,0,198.2389770331264,0.898326460072866,1.4935815581559808,0.029844407670947006,0
9,3,2,0,124.2058582082945,0.874070845731196,0.05764611631749738,0.06622493573128356,0
21,5,17,2,0.0,0.15694879848827886,8.687980865867093,0.49267624778089314,1
5,1,2,0,200.1303211381949,0.7950511777019336,0.6397647836835291,0.0328650644527075,0
22,4,3,0,195.39567697818362,0.7429562063053831,0.11304875912290657,0.14222472630624278,0
6,2,3,0,308.5447943532587,0.9631233895821673,0.3652793011535205,0.02798766014529058,0
7,0,2,0,190.76219644649683,0.8715072380923448,0.14614415642445144,0.03544753930106817,0
18,0,3,0,93.07021363713298,0.7140340727971856,0.19977607761975455,0.03577420568429917,0
8,0,0,0,124.44023565867292,0.9336205897714267,0.8001436045547347,0.026976289069193256,0
3,1,2,0,116.93663050790022,0.7061257797827093,0.8071287571682907,0.24099591191862169,0
8,0,3,0,88.92337875987091,0.9190908851984363,0.5895899098246853,0.08152994280234627,0
20,1,2,0,126.8518456606996,0.9269680799060191,0.0415681579397731,0.1368335183026973,0
9,1,3,0,214.33018603524997,0.9205176399841509,0.04939894847363681,0.25996729133784374,0
23,1,0,0,202.89502209376676,0.6725481164734047,0.011426859023183286,0.04288504284109095,0
15,1,1,0,160.78556047493356,0.7841390211848855,0.12198068132997839,0.00898801881256248,0
7,1,3,0,171.41367132436469,0.8644512372186108,0.06882754408523054,0.17615318455346507,0
3,1,0,0,161.28097798450173,0.789696291869905,0.05423995929810048,0.06044955939091421,0
4,0,3,0,187.31110404149894,0.6772738741985345,1.340712053063148,0.04949684613776063,0
3,0,3,0,256.53829660570335,0.7862742689163826,0.46910583702822645,0.09533892694533458,0
7,0,0,0,244.353704579679,0.6893987300483789,0.7165448181978695,0.08859574570065165,0
1,1,2,0,69.67086399223487,0.8703101550724878,0.1822442389905229,0.11901506916250237,0
10,0,2,0,165.15461066438948,0.6363132265977085,0.3445384352573269,0.1034425558686427,0
16,3,2,0,271.43988606574004,0.6630092706859273,0.40691965907332234,0.05442446587173449,0
7,5,3,0,222.78089166465122,0.8161936700113946,0.7224464198339199,0.15109397073251932,0
14,1,1,0,236.09638452777025,0.8260128201349293,1.422572125351551,0.10440429457947954,0
4,1,2,0,120.35452938276488,0.8876356666147196,0.7985508699235391,0.12605186319290684,0
20,0,1,0,156.42020369747237,0.9475471033820024,0.7633594392607157,0.15107122661624137,0
20,1,0,0,137.3329169640672,0.9105380693652648,0.2962552518493807,0.022182821253055814,0
15,2,1,0,202.97297716221254,0.7655790503039576,0.03571643092827663,0.22734011024991876,0
3,3,1,0,142.42043780446454,0.8395507191402908,0.9099933175311959,0.013107268429578224,0
13,1,0,0,148.45421342321976,0.8340441727833958,1.5128731340603434,0.0022295261459791835,0
16,0,4,0,196.1841134481882,0.7891833455031124,0.06244379786474591,0.12001711393055847,0
1,2,6,0,177.30501435495543,0.711599533469697,0.01530580148516853,0.5710986185946471,0
2,0,1,0,175.01438542884023,0.7680887387053681,1.0273781783830342,0.22390786252643724,0
14,1,3,0,179.7085574036021,0.8542479082412353,1.6206160683863469,0.015430395916962629,0
3,3,1,0,166.97201447084936,0.7417924149143307,0.4851466315791071,0.01174524369238793,0
13,0,0,0,141.17821271898265,0.8887353993058131,0.04457888314858389,0.1622120740526705,0
6,0,2,0,208.50117920447548,0.901860822633136,0.3880097449088477,0.11536178823222767,0
4,3,2,0,191.37442164977224,0.9193766778448407,0.1683658281919966,0.11572201929289265,0
13,2,0,0,82.12771831679642,0.8741719480100234,1.0913691103400738,0.0029251822804939056,0
6,1,1,0,138.19130542668196,0.8861759408968083,0.019506221246905712,0.09297872639555488,0
22,1,2,0,230.88452615874277,0.8959140884053641,0.022930447411186158,0.17122300007633853,0
21,2,0,0,125.06257016515079,0.6731901806493811,0.0961324160751909,0.01702724173622708,0
3,0,3,0,203.93128517182214,0.7664592169654394,0.4621517737930231,0.0058457132647661905,0
18,0,0,0,179.83511455907745,0.5634913494054539,0.6847566439864854,0.22145194125387652,0
9,0,6,0,162.99758748625902,0.8182280350287127,1.6509337203327312,0.10811564835083882,0
21,1,1,0,235.62183972825315,0.7968184684016986,0.030757551503449432,0.24196696470177378,0
14,1,11,0,38.814264533579646,0.0319676505487868,10.635302966904264,0.6801336527053737,1
17,1,5,0,153.06778864174333,0.7031330007681608,0.22616485372190528,0.06483227605755339,0
20,1,2,0,150.2691106130132,0.7132054053767103,0.09791674539109428,0.09430848911406811,0
0,6,19,0,20.366295441577485,0.23191413742192443,11.82523466390887,0.6829147560698762,1
18,0,0,0,180.18137672993822,0.7185510009475712,0.21587546108816763,0.0016059466036595857,0
14,2,2,0,185.55119842934897,0.8236573912239883,0.12982342956253826,0.1002309362759476,0
16,1,3,0,231.11481630478147,0.8483449946213198,1.2200798346380082,0.06943077071721741,0
6,7,11,0,40.541573223942606,0.4710216859127634,3.3889931253173544,0.7734173238033736,1
23,0,1,0,262.2758863826889,0.9584532474437325,0.8580167720779488,0.17459546558188324,0
1,0,1,0,156.19109123722905,0.7952819666878791,0.6522044271066764,0.0023876176993933526,0
6,0,1,0,178.88706848635846,0.8828256445869371,0.042541502453302314,0.1393521879874827,0
9,1,1,0,163.6220099776261,0.7360367840927055,0.47207653678837114,0.21912190658793368,0
8,1,1,0,137.29382094272717,0.826125545851407,0.06881034706711746,0.16564347712493122,0
15,9,10,2,77.65599303355637,0.13119609629701648,15.669495490505447,0.8107149170006075,1
9,0,1,0,179.9205160963978,0.8629294353343719,0.25185356895937405,0.34927008524653613,0
12,3,11,0,28.92361235782245,0.4713621394633782,10.509927118334884,0.8489451596054923,1
7,3,0,0,119.78314842900933,0.8368512027686896,1.0766467964209594,0.02696274546319452,0
19,2,1,0,187.38434875458825,0.8666687016136576,0.292237855855619,0.021816664997648037,0
22,2,1,0,211.99931717495576,0.8812631308296078,0.18161458224689542,0.16464601504624096,0
10,7,9,2,64.34775960879007,0.32188267872075094,3.1893350502715903,0.983562653071706,1
0,1,4,0,256.9076424074025,0.9249645703416586,1.2920959699264645,0.14341612477035662,0
21,0,0,0,211.79328099354385,0.9696043074559139,0.4747485434578432,0.16770018050554275,0
7,2,5,0,69.86967887147338,0.7905285073588603,0.7486986879329227,0.0815147970283096,0
2,1,3,0,122.54033315836944,0.7290639350908197,0.5024833543115772,0.2639394152999336,0
8,0,4,0,251.01359538454926,0.8446912325472443,0.40274793724536545,0.13104679508984338,0
13,1,0,0,260.82410333652024,0.7916813385453924,0.1832016157659764,0.00392767088956581,0
6,3,1,0,104.7574281403243,0.8792664736491966,0.041532633282542634,0.014648225276678412,0
22,0,4,0,210.26267012015512,0.9410782528658146,0.1510446798947292,0.022143437186955224,0
11,6,14,0,60.7969119086637,0.25604199870984773,15.508537944024235,0.8034015395609512,1
19,7,12,0,44.20106423187373,0.35642944192862225,1.531494165432958,0.8743732976394416,1
9,0,0,0,198.5241234065507,0.8273940985400566,0.42231224152467023,0.029743715713482926,0
4,0,1,0,156.59075033329555,0.8568877014199399,0.458171817949248,0.03004768630209232,0
17,5,17,2,68.59252311725001,0.17234284339533912,16.628675703629284,0.9683149417147173,1
18,1,1,0,213.86272025647622,0.8822832169774634,0.2849509439567785,0.06327111664616655,0
4,8,16,1,29.09333520390593,0.062297691675247485,8.95899689411592,0.5557599366794053,1
13,2,2,0,177.67108236758162,0.8609649742878313,0.07970335085760996,0.0908414482690405,0
6,1,2,0,81.95467946909919,0.9141251735070345,0.6007157633530986,0.04687025437607192,0
8,0,1,0,210.81043820925714,0.6348110294474658,0.10290970026018215,0.1281632831765921,0
2,0,0,0,194.4398452834226,0.8102912219367229,0.03093000124466121,0.0621555651327606,0
4,1,0,0,227.44731075771577,0.7960345403839849,0.23034846484385585,0.17479882304918082,0
6,1,2,0,45.64640272277427,0.7805651420924278,0.16597955650644824,0.05905789206299758,0
19,4,16,0,23.437973860994486,0.4419169463853421,7.870832080862761,0.5599417263511902,1
7,0,2,0,221.22304982593442,0.869233525603965,0.3574823092185096,0.056893372329340504,0
1,2,2,0,246.01598455776616,0.5585080794589053,1.1741537960017117,0.0389651836310926,0
19,1,2,0,148.65729692177263,0.8302678459158216,1.2050035115255635,0.012397423313548744,0
0,1,2,0,115.09328698486192,0.8372192242228618,0.139645422648356,0.01857084508630458,0
8,1,1,0,128.3951298345762,0.8403613979288701,0.524355102100588,0.008254446354108047,0
15,1,1,0,83.29740453446111,0.8165634430894396,2.7961541118930153,0.03750495376973104,0
8,1,3,0,199.12142717838347,0.8455028931975244,0.2012371803404567,0.14570443227505367,0
23,0,3,0,205.90110761910017,0.659055449706177,0.7741565951134023,0.04341281937096843,0
19,10,23,0,9.181022106449056,0.14846796456930078,4.074106737922088,0.6012009451499344,1
20,1,0,0,63.67840416991237,0.46938898412190766,0.26090498976270465,0.10044534953879758,0
21,4,4,0,234.8917412797897,0.7378521994200696,0.554185417392667,0.06689624391105194,0
23,0,3,0,156.54170395179034,0.9778092018213319,0.06574288331614166,0.1907784839711436,0
4,1,1,0,20.190627722609577,0.6577905306639478,0.445929304987586,0.1680091551037635,0
9,1,2,0,92.11910319476164,0.7053333211990173,0.15199232222956155,0.17829812843463141,0
20,1,3,0,216.86775494726646,0.542003329724125,0.4773155376498752,0.08161413150904838,0
14,8,18,4,23.74063188395422,0.15498284120739972,23.22498793741413,0.9847020471966745,1
15,0,1,0,198.6436158303269,0.9967599795052252,0.015810122199303896,0.004584768097639801,0
5,2,3,0,192.82278644513244,0.9711040458859579,1.5591638889696116,0.01933011319472032,0
19,0,2,0,202.42499052413564,0.5666680347290333,0.9749923186170456,0.015053027340410865,0
12,0,2,0,184.86216352514626,0.7114498738440823,0.13109680764819975,0.01835186055229129,0
11,0,2,0,212.0310415812583,0.6218894016411662,0.3203192301944965,0.32943751614264205,0
15,3,18,2,62.50051246544473,0.2264532430376733,7.536881273883269,0.5998023674273069,1
3,1,4,0,238.49336142266733,0.7276361843283367,0.44723272568389766,0.13750956473124165,0
14,0,0,0,291.47497058451677,0.631580386972209,0.12213338281233867,0.0636541115125131,0
12,0,2,0,165.7496952550846,0.7101789315694892,0.40561834937735547,0.19716878954836026,0
14,9,23,1,51.80098829254329,0.06028829078876796,3.895757371320471,0.6410803544481284,1
9,1,0,0,231.09503126065545,0.6148716878757841,0.22906646547779191,0.06725607939162594,0
17,3,1,0,298.129410807059,0.8123768333718748,0.3636577253399253,0.028227636704778885,0
6,1,3,0,145.38561223975606,0.9487537296355877,1.195814501061348,0.3177826463668055,0
12,3,3,0,170.87393879103203,0.8782404847036897,0.1989712430537579,0.1720835986945532,0
11,0,0,0,144.66836373097405,0.8288789337644366,0.16592425932271074,0.08517069337958778,0
14,1,4,0,153.9270041092999,0.8882261707067772,0.23786787020279238,0.05240228997675436,0
12,8,13,5,18.237963952273642,0.31046006798811243,0.8083722212132982,0.5637647461278942,1
4,1,3,0,126.24461242816253,0.7590303684829622,1.0320416115902418,0.0017801322075272168,0
7,0,3,0,106.07223639373888,0.9176336749766808,0.48560861651546783,0.26368590827582405,0
4,4,18,1,64.27426234058987,0.3952034604504054,16.720509168252214,0.6396611057934648,1
4,1,1,0,91.67094679619518,0.9126409438448401,1.3640079107370255,0.10652899025971316,0
8,9,12,1,110.2971028661867,0.23882332149764013,2.141264819147948,0.8677434103110757,1
15,0,3,0,213.35185254594376,0.7730651220684561,1.3181154543706635,0.12838893127370227,0
2,0,2,0,216.61217826337088,0.8076480329311497,0.4740844395604419,0.05165422805554448,0
5,8,16,1,32.67073071193842,0.3441816941625247,30.2455142666307,0.8724940548664952,1
6,0,2,0,186.5359722262628,0.6491616482536708,0.22857284817633794,0.005141026120752546,0
1,0,2,0,177.24570837236763,0.8205442374793509,1.1491123387316597,0.08335566968069162,0
7,3,4,0,86.64731501152681,0.5793462078549501,1.7877425432607963,0.1634014525626243,0
17,1,3,0,151.49072562033302,0.8718959420861254,1.7560997808092678,0.09956610064925525,0
0,2,3,0,270.0312665316727,0.708186457824433,0.17592016811225206,0.1913140667118142,0
16,1,1,0,232.57395440083374,0.6667488283912487,0.29331494351706194,0.2879349131218679,0
1,0,0,0,131.77044550726058,0.782432016953129,0.22571937789040392,0.32059665246730495,0
7,1,1,0,104.32179731844599,0.9248323517644329,0.22618127075680275,0.3330939488680553,0
14,5,11,1,0.0,0.27270218965881166,11.58176847468422,0.8742590533771887,1
17,0,2,0,158.13196679321405,0.6916306812101625,1.5867709057544965,0.07024580851008438,0
17,1,0,0,108.2264445344037,0.8718153280262091,0.475740422238151,0.1320504112158331,0
4,1,2,0,168.06796005942883,0.961396434165508,0.6205781806848912,0.04268666254218378,0
2,0,5,0,131.32892449523192,0.9483723626663821,0.6742292589576079,0.086696502140097,0
8,0,2,0,73.62425067255475,0.906867550531358,1.004816932296104,0.3033654575410519,0
7,0,2,0,179.3497195867023,0.8348615517925086,0.21171735350726645,0.03574666730023256,0
13,4,3,0,191.20227778883083,0.8253773255785161,1.0886921922795652,0.019532859070727968,0
2,0,2,0,235.80114243198892,0.9660641689408256,0.6342164987368922,0.06240180369910965,0
1,1,2,0,97.71967848346154,0.7980830035278538,0.353287516019285,0.10938890910350066,0
23,0,1,0,259.1178964775111,0.6300262815682404,0.05147140842218506,0.12218898129912896,0
16,0,2,0,170.40489144692307,0.7416774159158426,2.4278502036842093,0.13027876295854787,0
4,2,0,0,124.37443017805114,0.8764072341325084,0.40014493510363325,0.3659147973063093,0
12,0,1,0,184.3048459840732,0.8755568591573666,0.20862590521919083,0.4129703019527289,0
3,1,4,0,197.1543269770758,0.7425720572402874,0.12001660844493196,0.024740165477402203,0
21,0,0,0,197.94342227646007,0.8599805903202956,1.6370511827299183,0.0949437496260312,0
17,2,2,0,120.5456695227713,0.8514719306379285,1.0736199186594124,0.007056839198193694,0
3,3,2,0,259.58779500752473,0.965365966958745,1.8532825537810962,0.017351285170546762,0
15,0,3,0,264.76188684960096,0.5885813381305249,0.08086059085921618,0.11395835925567936,0
15,0,2,0,91.33424779846855,0.8181412955009091,0.19182636484244883,0.24684842801422366,0
15,0,0,0,171.1964374948717,0.7225793147073425,0.7708579161449096,0.0356750407647208,0
22,2,1,0,118.56733394416894,0.47002855102884117,0.0713837170925111,0.16076926542160624,0
2,0,2,0,193.0339071078758,0.9508801234807246,0.312529159773417,0.10034993440506669,0
0,1,5,0,187.84328596955768,0.8360559505188929,0.1651890749695353,0.07139126230306123,0
3,1,1,0,191.6355273916815,0.7172805140653378,0.35281928672293444,0.18413374603323915,0
6,2,2,0,307.28923589243686,0.6867168213831609,0.4066963277418437,0.036542633885705514,0
2,0,1,0,284.297721108507,0.804975933737231,0.11213950173657157,0.344476876189822,0
21,0,2,0,61.433778989411564,0.5463345445209111,0.10382226147510203,0.025531125679795715,0
12,2,2,0,157.23145088308934,0.727392248127075,0.16229191977314483,0.20433225488699805,0
23,5,17,2,76.00804935051323,0.6241867656323614,12.881180020162013,0.8096809662542401,1
18,1,3,0,145.92346288876124,0.8382881434934443,0.876913015252135,0.059878527823985214,0
4,4,12,1,85.27747376369604,0.18691624464303347,7.776140180278215,0.8480283131818388,1
18,0,1,0,226.17529527739896,0.7564898776916799,0.408102027688792,0.10721800382612909,0
5,8,12,2,8.19888752464967,0.1928946390335948,6.420992605377484,0.4786686674977487,1
18,0,1,0,176.44997917597829,0.7165687022137341,0.2760923278781171,0.16135201486496514,0
12,2,2,0,207.4417172613887,0.8232771390809571,0.13200530272871017,0.09597473349907769,0
21,2,2,0,176.95670681240404,0.863146425813526,0.40434770338017967,0.054639861225573655,0
21,0,4,0,174.50887829331128,0.9241969599470443,0.1522857853961563,0.07958230808168726,0
11,1,1,0,212.9627811693823,0.8194208218020412,0.026526634101546234,0.3655137752651818,0
0,2,1,0,33.28582418029177,0.5283540645839284,0.014597057848384177,0.011388209922065884,0
6,5,18,2,34.75157363951477,0.07683804159923517,16.247633268755337,0.8036643441698414,1
20,0,2,0,32.0795214319142,0.7408382815057707,0.5566909897891169,0.027413901108445927,0
21,0,1,0,41.936042058196506,0.6901953769454126,0.128325829104811,0.061357422628110864,0
18,7,12,0,14.630701240528055,0.021505595415054132,4.204513227625368,0.4461636990938487,1
13,2,3,0,87.19710220636674,0.7594085995457973,0.3124371744143537,0.1801361127540774,0
14,8,16,0,36.093266876128,0.07530753818695715,3.4025171999001245,0.6722579086445192,1
4,3,4,0,288.5573066130954,0.8151691195340413,1.084964324621857,0.07398081963994059,0
5,2,3,0,219.4263653856578,0.8783120996093358,0.32944344496344213,0.16442528930556138,0
13,2,3,0,168.29553555971106,0.7546621384270792,0.19213532508355505,0.0037559456133494937,0
18,0,1,0,185.81974124684155,0.8842457973021085,0.35814063016945313,0.001367709285848335,0
23,6,19,0,91.13396913309853,0.1587785411754243,6.135291890614473,0.816393668791628,1
11,1,1,0,204.96592055301198,0.8115080893692562,1.110287018559102,0.0061248828896959965,0
23,1,3,0,51.40895839260739,0.7348038797292126,0.3464000181623029,0.000826454766905747,0
2,0,3,0,323.4081545929531,0.7375133370030316,1.4142676423170977,0.058711766296867945,0
9,1,2,0,216.925704911326,0.9519101492402756,0.01307896150152117,0.06998179418081006,0
5,4,3,0,218.8745887885074,0.9278447414969965,0.5774771169657746,0.0019681990202597105,0
3,2,1,0,161.74258355524648,0.8633086224055411,0.6546121935486647,0.14756730175426483,0
8,6,15,5,94.42375118608422,0.08172798580612245,12.864607851875338,0.7559013460936977,1
5,0,2,0,209.74206406968892,0.7681735379970689,0.33328191509067706,0.04291628806543668,0
2,1,5,0,138.38796786758934,0.6896950922228201,0.46762107345131787,0.12272542673670901,0
5,1,4,0,210.5607580116956,0.8562814997367724,0.4909647706867431,0.28918746324405825,0
22,7,13,2,68.18736212826289,0.12069301049466365,11.080339166077128,0.7030662033732273,1
9,2,4,0,153.2575945901113,0.6589983869780052,0.16386248642633733,0.014105491703736987,0
4,1,4,0,181.5621037579437,0.7582019491323125,0.8920486766637926,0.05934378450903863,0
0,7,17,3,60.53286332658395,0.38963891153540997,2.8357651922690836,0.4030192804171813,1
1,0,3,0,137.59946916684507,0.9355369904384055,0.1787485205841612,0.16044107448478168,0
0,1,1,0,114.15357030353718,0.9528689766043991,0.1265041226386691,0.026820978213872793,0
9,0,0,0,135.64002655694776,0.7698750666050768,1.1891281631525206,0.0713354889176725,0
19,11,13,1,67.93422651794211,0.11461438239017976,7.893761696791056,0.750270141295253,1
1,5,17,4,43.24789905447731,0.36431065905523685,0.7456398532987591,0.7019764550000971,1
11,2,2,0,139.81559207165944,0.8008997501477818,1.125044134465389,0.04039208804616786,0
20,0,4,0,144.59518246456037,0.9059094923246649,0.2209762288746609,0.2455753703560132,0
17,0,4,0,82.53452920555976,0.7019524636599139,0.3122395613552268,0.10589192700229806,0
21,1,2,0,88.15253263252733,0.7924207008304742,0.2954042786808136,0.028685431252525456,0
19,0,5,0,209.05819653593264,0.7280821436739082,1.0486956742231799,0.049526191828882606,0
20,0,2,0,249.56426891688244,0.7855135813604249,0.5621730043814135,0.08225254393492892,0
21,1,2,0,303.6409335029591,0.8884180739753589,0.4645761599181033,0.14272204296141874,0
17,2,2,0,215.04822606331282,0.530255887027814,1.0499737234838393,0.3153339927240857,0
20,1,3,0,107.02324422213162,0.9716467588672456,0.003894435174941196,0.23976443822717003,0
14,2,1,0,110.45834680435267,0.8098818076932756,0.6702007708316093,0.1432217820701838,0
11,1,2,0,107.19323869373618,0.7112891222449524,0.026255217151756407,0.16531525522330812,0
14,0,2,0,186.07215389531444,0.7889954179455694,0.18561987948152714,0.06362573955219622,0
18,0,2,0,170.6964374877147,0.9846048224444276,0.4053139065755552,0.16750113409165382,0
7,7,17,1,15.418252877653853,0.24545093458445177,6.925070781794111,0.6760060568055215,1
12,0,4,0,221.8606503382099,0.6973238748634653,0.350177873540926,0.14103776840310475,0
5,3,2,0,250.9815410862068,0.7920641035386385,0.1889572906825654,0.05681546182949659,0
3,1,2,0,163.87631134049377,0.907950369610089,0.4685802930251846,0.10945056019825933,0
5,0,2,0,181.00592581776414,0.8786882464472663,0.49281878028967435,0.08387801412846461,0
17,3,20,2,13.330167400978162,0.13175559595222133,2.7883252905532623,0.5163395768350885,1
9,0,0,0,72.36307919971877,0.6314292596932138,0.46880011065586985,0.0345954614905979,0
10,0,1,0,118.73529292082225,0.8680270127703147,0.061135748099692716,0.1326188056535517,0
15,6,12,0,49.12676222216973,0.19898739724331388,5.736981381372474,0.918293707747162,1
10,1,1,0,208.9082137442131,0.8076455985018652,0.3445483585167077,0.20670637510151565,0
2,4,14,0,72.64065592934949,0.2244319929671747,0.34692789057550755,0.7439578270973934,1
6,1,2,0,152.11519621991596,0.6953295490926199,0.9433576520303983,0.1451587811048143,0
13,1,2,0,221.33862983674572,0.7103071081690996,1.1496286209101043,0.02988387647259208,0
10,2,1,0,178.21143224034418,0.7948744536863795,1.024137572058778,0.055430422154503035,0
15,0,1,0,223.72748309032693,0.8134717136696099,0.0371865364736379,0.004656778077694492,0
6,8,18,1,46.82441715267109,0.06368051819145003,11.78518006397731,0.7977682977754662,1
0,0,3,0,263.164465732978,0.857056598989914,0.2290562833186232,0.32857056569255,0
1,1,1,0,159.50851094409032,0.9356283293735953,1.1585827558415864,0.0061910516962708695,0
6,0,1,0,144.32751855373272,0.8356300723670294,0.0935772603331897,0.07246503375597019,0
18,3,18,0,88.53682237982855,0.17967021962491628,3.0318525566454104,0.7854060080646237,1
13,1,0,0,287.37633574758473,0.9018301583933267,0.25426069796059564,0.03691377155365391,0
5,3,4,0,126.485949755549,0.8583047600467961,0.3203452401945284,0.15542580926925897,0
15,0,3,0,181.63184125657878,0.7407814440144952,0.003647708265820457,0.10151530403525583,0
9,1,2,0,217.8731564142151,0.8311792818389707,0.003880508866639218,0.02434883030443261,0
17,1,0,0,216.11018052801984,0.7860899117020936,0.40150033856639994,0.313062135617956,0
13,1,2,0,232.81049149338907,0.9176389707079052,0.5092919179621906,0.1586064767183119,0
10,7,11,2,30.98288602928328,0.43603643744067827,4.382733883185671,0.6764186271528628,1
20,2,3,0,174.46640675969212,0.8433575477725453,0.06231095425895846,0.051703442777899795,0
16,6,20,0,66.13891237318464,0.24991541155492067,4.374158617277534,0.513452691816974,1
23,4,18,2,25.15678839217542,0.3915932238364129,17.766709817442,0.9440087732054676,1
19,1,1,0,216.73274612713067,0.785463053577739,0.7911067723220881,0.049826052240302704,0
7,5,15,1,20.514749656529577,0.2505487574801844,6.451291221773075,0.9529382644806096,1
3,1,2,0,160.05617108086398,0.6070076514764204,0.10853455558202194,0.08188154772585048,0
18,0,3,0,71.29898792971585,0.8510656057709789,0.09607247471621902,0.03296563543235271,0
15,8,14,0,62.81225610246124,0.09019091015187593,4.948922929667019,0.8077987502675714,1
2,1,0,0,246.14978646362235,0.7278815838995638,0.19451160798509018,0.35557944729966307,0
12,1,4,0,103.2573156993983,0.7860626107440829,0.2468252677749228,0.2677302938202019,0
5,1,1,0,141.35040387826484,0.704843635955341,0.33986953991268415,0.11118486962337253,0
8,0,0,0,84.99250112333202,0.6766050542523674,0.2954819262288071,0.18862760292826927,0
9,1,0,0,290.0747453226853,0.7215929767499267,0.22232373865350794,0.42704842664863496,0
23,1,2,0,237.87744385290162,0.910286400246217,0.3477164432184229,0.0839713312395908,0
14,1,1,0,172.00201670005143,0.9640813115759925,1.1101420740446837,0.030686108572900776,0
20,0,2,0,254.25420396703117,0.823499462754435,0.3922065089485477,0.16406768995545828,0
15,2,18,1,23.187841095254793,0.05698463241798065,9.449296982352491,0.9298595970298226,1
23,1,0,0,185.8589452757671,0.7992472824945352,0.26810107165815655,0.013121811849204357,0
22,0,0,0,150.39750084415144,0.9473646785420106,0.24435842176155192,0.03879409687401061,0
10,0,0,0,241.2749841524514,0.8377698417835674,0.08485411812375072,0.15164380422862514,0
3,8,9,2,48.86924908089983,0.09917731006583806,3.7208017757107883,0.5301626917605499,1
8,0,1,0,119.6784965880785,0.7873860902576337,0.7396225967661977,0.10393810402777717,0
21,1,2,0,111.69040019637713,0.9126414492853608,0.66429343034647,0.1260621866917627,0
6,0,1,0,32.47074133052908,0.8624201828610859,0.1339052454315241,0.2034300136832589,0
22,0,2,0,214.42831229373726,0.8718566099358434,0.9357462452682053,0.23947441401390526,0
8,1,3,0,144.57208910093652,0.9950778501806278,0.021609895652639235,0.005581816442880656,0
11,4,4,0,155.69488993236743,0.9656266252776154,0.28762009646429804,0.040931742460127415,0
17,1,3,0,140.95344565258085,0.5007256321251673,0.07904182178541463,0.19880831754083017,0
2,1,5,0,89.74385518462927,0.7801809698183637,0.35517967240812254,0.009949851902686348,0
20,0,2,0,226.4070780282452,0.8405703560527091,0.005870916314503356,0.14973364694232658,0
6,0,3,0,184.5394778219921,0.864310330642987,0.5137716733869491,0.13866201041292248,0
2,0,4,0,155.059571295738,0.9125052539062177,0.12708392115634434,0.07003629141403313,0
6,2,1,0,141.43881454005384,0.9360577271849235,0.0225187860708241,0.09071433499076141,0
10,1,2,0,336.4296979749158,0.967722906697318,0.22055497641849156,0.0351824215066444,0
11,1,1,0,170.38771560749882,0.8080509521635856,0.35606774400331404,0.010050648600583797,0
10,2,2,0,191.48938766209284,0.9341658389493649,0.1370864809983535,0.21402455814935462,0
16,6,19,0,35.3635341472451,0.26107500658031024,8.846745476820885,0.5768218626730512,1
22,0,4,0,128.9584687377102,0.7950918334698406,0.04400342449258614,0.07483518070910761,0
2,1,1,0,149.01130742695014,0.6000155484565761,0.28422272961361683,0.3226301420375953,0
4,1,2,0,190.76124524635523,0.9620730339455338,0.9471172632420235,0.10039980480125003,0
19,0,2,0,75.432768639773,0.6977334581162852,0.4815471171563108,0.1171033453599331,0
10,1,0,0,133.41231529834653,0.948772349658486,0.16802681220172036,0.054603383947589554,0
3,0,1,0,211.1633448746838,0.7733056218359307,0.3952346357439215,0.1291321704093046,0
23,0,1,0,249.53683526579658,0.7870233817226703,0.9171552489054122,0.04657689721391208,0
9,0,6,0,224.45378971482666,0.8344939203904228,0.3008147774420334,0.01356698222788351,0
18,1,1,0,162.77376867412337,0.6230306903030289,0.21625006820426776,0.05151021345236743,0
12,0,2,0,156.19163916800278,0.9495472207769793,0.08955374354028411,0.26018087289717823,0
21,1,1,0,125.8158408610767,0.9629497632447962,0.37043684711664837,0.08359976819114044,0
11,0,1,0,143.94731658566334,0.7561738285510377,0.6155183172170612,0.0656871622345444,0
9,1,0,0,109.92173093961738,0.9497040020247843,0.3165191982792906,0.05382430682055447,0
20,0,3,0,213.01045928304967,0.9578832357382323,1.426271870303526,0.06060323562483622,0
18,2,3,0,130.96634846201871,0.7821296084815487,0.34404950058496475,0.15823293838756147,0
11,1,1,0,143.27402160703338,0.8836239133674147,0.7751465614766616,0.07464016278145397,0
7,0,2,0,239.28259146796563,0.6199006330966352,0.397477335257298,0.07385692473809058,0
18,0,3,0,238.1729588360951,0.9094065596324842,0.441355594046361,0.26289931668516675,0
21,7,17,3,10.708200690056167,0.19488641464873246,3.298912606372193,0.6807551473606318,1
20,1,3,0,147.69624850930498,0.7711950924606928,0.5722553185457141,0.035637436047417,0
16,6,16,2,70.06121693823178,0.40958394005656007,0.967901920519853,0.6272971751942327,1
0,0,1,0,260.1761614396952,0.9254095696449345,0.10402234922891836,0.11806421566243373,0
8,6,14,0,0.0,0.22611773672170266,14.26202461634173,0.9427996799147431,1
19,2,2,0,202.89201787418943,0.8467899782995233,0.013612186868838848,0.3378605513959711,0
17,0,2,0,280.57647017346426,0.7449040687776937,0.02053961582088112,0.25941532457718275,0
9,1,0,0,172.42180976587034,0.6621673871331776,0.29210313382254727,0.1282571468356094,0
8,2,1,0,194.798744089703,0.8863282168620022,0.020556369625157268,0.01958300578509538,0
16,3,0,0,222.5555187436737,0.8314617378241806,0.2705075370992878,0.06302677814648139,0
22,1,2,0,214.08631722539738,0.7746204151220385,0.10990634377585816,0.09740021111580022,0
1,0,3,0,146.89744218829776,0.874182475380696,0.22600163601554515,0.09802591664440238,0
17,4,20,2,17.376401310690248,0.31318982268074674,0.7496758239484385,0.6835978793394885,1
18,5,14,0,0.0,0.26587081420552633,7.827039777102543,0.8419975356578883,1
14,0,2,0,198.78984770434545,0.861979345115982,0.4420974084919153,0.08318674418943826,0
8,1,2,0,162.40035690559557,0.9183368936315531,1.0366527188539332,0.010181232961538843,0
17,6,10,4,65.66998689245331,0.1744699830650692,0.847759285792833,0.7876233029289127,1
6,2,1,0,168.92380868097493,0.7669059415440753,0.6707106770975553,0.11591147837489564,0
6,1,3,0,248.89243681190982,0.7398981375236883,0.6284168404051531,0.03651569603734147,0
5,1,3,0,306.48324624043426,0.881576128005071,0.19632771830596119,0.035482096592533735,0
1,2,3,0,201.29819715020253,0.6030961663324187,0.23824797780669094,0.03948510105151373,0
17,0,3,0,224.42997068571214,0.9573045730152556,0.4837063904782301,0.16337970271104932,0
17,0,1,0,304.4691848254794,0.8228595616123955,0.003723883329194495,0.003259405374579416,0
18,0,2,0,186.99770774937534,0.9054197748526022,0.4722112006824173,0.10045073008725068,0
2,2,2,0,265.2474916448144,0.8228625212186239,1.0469193333114155,0.019467216552258127,0
11,1,2,0,198.99742757557783,0.8883658623033739,0.0048643864298489135,0.07691828935133241,0
6,1,1,0,173.40378141490254,0.9209681014429575,0.1243222430592267,0.04389989160644583,0
15,0,3,0,211.67309660355625,0.8606996575593833,0.04675839903886397,0.04744230688933759,0
11,1,3,0,322.6201623423346,0.884407826820171,1.9433845724034107,0.07139000468277855,0
2,0,3,0,195.13599867960195,0.9712074122641647,0.5419118526801527,0.02371577257032805,0
16,3,1,0,153.59558986162935,0.9760571106014125,1.9549097651929024,0.03957821388738652,0
2,0,3,0,162.119918853167,0.9467627752869566,0.8687877749836793,0.034554354471751494,0
5,2,4,0,172.36039086015123,0.7483022914916593,0.10032006799167645,0.05064368352413595,0
12,0,0,0,164.98936553923437,0.9278465213116518,0.27537746863730794,0.11782570057968336,0
2,2,3,0,147.0813017274557,0.7855422420969919,0.22939853540198055,0.16408287206075375,0
1,1,5,0,187.84935179379303,0.8442533757944001,0.18464645873033406,0.2672580244936794,0
23,1,2,0,224.52736095621066,0.819347293494988,0.2990704567148002,0.024828451259019828,0
20,12,10,1,30.53479403394769,0.2217888084673817,5.022643382588872,0.9101019116812394,1
5,7,19,2,41.987309059257974,0.12154058296711603,5.481698222039022,0.9357130923945023,1
15,1,2,0,169.4244587629599,0.8061372204753955,0.6127250695241608,0.007122032373443348,0
15,3,14,0,37.0169841145854,0.18210564839424223,11.159086828461668,0.8414791538865308,1
7,1,2,0,219.74276807468414,0.6185200732215865,0.02301122614985429,0.01356568410839338,0
22,2,1,0,195.73727171225482,0.8225601663837688,1.1481772603259586,0.11349396424039808,0
19,1,2,0,204.3378992956337,0.8837460637617601,0.16308203396518434,0.24610448340500815,0
14,3,3,0,131.76310142741923,0.7588590052092059,0.14297105903924767,0.125664090147612,0
12,0,1,0,266.48022527261037,0.7446881210415547,0.5971565916702654,0.15513524469959714,0
7,3,16,2,64.72591612980692,0.2822995978530802,1.1385589185841747,0.775635437499782,1
14,1,2,0,135.0987587736121,0.8635007501674696,0.329644479025141,0.0732084263795308,0
19,4,16,0,36.84310874199566,0.3897749684793334,12.675268061816817,0.5703698835444355,1
22,2,0,0,143.23291386743787,0.9275023642434383,0.3543757693344058,0.11620035143621608,0
13,1,0,0,165.19697071611614,0.9240844901480154,0.256148263637342,0.05443611939326624,0
2,2,1,0,181.2858064167368,0.6840256213114283,0.7254620245253747,0.09524332270248605,0
11,0,2,0,209.2833909331493,0.8832571261617297,0.6038911598842892,0.08218837555164867,0
18,6,5,2,49.49992086896184,0.2681062547758019,8.699782606196095,0.6723528011888675,1
21,1,1,0,123.44828652316355,0.5605231046271321,0.15127286330768366,0.12989645359840887,0
9,0,2,0,115.11315847927244,0.9412075809380045,0.6075814120341887,0.03431352867272953,0
10,1,2,0,118.14576580806414,0.9418910889513422,0.5134382480381572,0.07639008575948554,0
22,4,12,1,83.01942297917765,0.21625716476459592,18.018287035667434,0.7773552668657876,1
9,3,2,0,197.35581827103664,0.7881684030456819,0.8886504032560006,0.1539620674160246,0
19,0,2,0,112.11914123648188,0.8967741793859547,0.0806139698804801,0.11264253384409617,0
9,2,4,0,176.84270949162251,0.8524885496479057,1.2673069299396977,0.1223704935841887,0
14,2,1,0,195.93343683058637,0.9297822688359663,0.13770135507109132,0.027774147031636068,0
19,1,1,0,93.1440027667409,0.539517569441511,1.4819945139106894,0.14663255036347944,0
23,0,2,0,160.7057899071839,0.9344291522406541,1.6329743306348061,0.08015333766656713,0
4,0,2,0,262.53000831060854,0.7090429669676193,0.04741963375869216,0.010269933336319466,0
17,1,3,0,200.57108952068432,0.8506106318173656,1.2239123233176346,0.026935408746368093,0
20,1,1,0,221.3751993917896,0.8287659840466772,0.8841673622616318,0.12589127168309402,0
16,0,2,0,129.68881281155657,0.9472925903926093,1.143127441681604,0.6226324755886046,0
21,2,2,0,225.00946477570042,0.3334419896723537,1.0718449556820169,0.01076568050665826,0
8,0,3,0,200.77169714037456,0.9499947232055977,0.5319163563246956,0.10255854980388639,0
17,1,1,0,144.99314233483108,0.9530562137732016,0.8468807188557145,0.1594623805606302,0
17,2,1,0,305.7292218259997,0.8598034141535409,0.1427955491509129,0.20029989119256353,0
11,7,16,1,73.48318154265777,0.345865317881412,21.56259694580014,0.621606030930549,1
4,3,2,0,182.7695688727837,0.9467466421259635,1.080508725773302,0.034044926502559976,0
1,6,16,0,15.385625861971704,0.2725059422232021,6.759519553112636,0.5249190699998917,1
12,0,1,0,285.3890123333827,0.9536569428205822,0.6236902967463536,0.040224512415219876,0
3,0,5,0,82.47462503332012,0.9582133784821455,0.055921821445505386,0.006774902669607026,0
2,1,3,0,313.57367897845415,0.8583256113024949,0.35187536444236,0.14708139263084463,0
11,0,3,0,146.96028307028928,0.9668347102253503,1.1366471074865958,0.10316003139355254,0
6,3,2,0,229.72169154245864,0.7394095812272801,0.24183791715369785,0.09194047497561109,0
21,2,2,0,223.3782185141642,0.9339766336514607,0.13920587649169638,0.3667014448376686,0
0,1,1,0,183.3873339925364,0.8775736505771005,0.4347302035574384,0.22371080690182446,0
2,5,17,1,8.202294889851569,0.2954601549798257,9.783409916365358,0.7338469104378395,1
22,7,11,2,10.691398924934063,0.2240178559880056,7.147418589491817,0.7077146575007387,1
1,1,3,0,229.51106602573083,0.962593844804012,1.0673785815065118,0.054812782044077045,0
4,0,0,0,67.11640076765028,0.7917504081964059,0.1981375206430038,0.06367452039702357,0
20,3,2,0,177.31874960963793,0.8567524121353337,1.1658484500514417,0.0025857748850140246,0
12,2,4,0,162.25410716820537,0.6174543529083475,1.0242976355273212,0.18304970895937983,0
8,2,13,1,0.0,0.31594347231677167,35.25490069733564,0.39291514045338827,1
20,2,2,0,211.43254449548027,0.7890132579143304,0.06615780758475363,0.08420081012666733,0
17,3,2,0,116.45176070133846,0.8500262882288792,0.09968242555395776,0.17825827186752918,0
2,1,3,0,114.02465019521817,0.8192423801150973,1.271753630622663,0.13875276681043247,0
21,2,2,0,285.7468978767546,0.4633583036214514,0.3571945590130589,0.05500746303060799,0
23,5,12,0,37.67278496383845,0.11838108231036774,12.503248340362775,0.6318180921786025,1
14,1,3,0,172.68051457359985,0.43418311851315367,0.4129952417774473,0.0693607787208931,0
14,4,3,0,154.90572396688071,0.9432368485417747,0.06844185929729901,0.6588998922753759,0
20,1,0,0,111.95393530421674,0.8987390808029031,0.37881023181597917,0.13205291369983746,0
8,3,2,0,172.33195585127407,0.8476564843608249,0.07240861261539377,0.2709941883695371,0
20,2,0,0,67.991334803118,0.8361653301619884,0.014994857775922332,0.03880708013673572,0
23,1,4,0,100.44890688394148,0.8475778401749525,0.1137195026877659,0.32172690815532673,0
12,0,1,0,211.16481474993645,0.9641174081138506,0.49827398550467755,0.10911922602676971,0
5,1,4,0,184.38145353690078,0.8775533519061718,0.892412734925631,0.15603641791721026,0
11,2,3,0,179.13323479588698,0.9737237738450121,0.28818475885155936,0.0645400822749992,0
8,0,0,0,234.58094302169835,0.7764332894881593,0.20142517182817207,0.05030220997287547,0
5,0,6,0,247.5902910745759,0.523606751352481,0.07086588210031887,0.30302064144318425,0
0,1,5,0,260.82653825083713,0.878282446991575,0.5523864862646629,0.07246827400825369,0
19,0,1,0,308.6521606331203,0.9054604035994206,0.29189222748204446,0.18453175317157114,0
19,4,18,2,43.375278541858,0.38238463792702065,6.1329358457514465,0.5934191250538776,1
10,0,2,0,136.7137804681974,0.7246161093227973,0.1667036074906153,0.03829680221318267,0
5,0,1,0,166.94769068916318,0.6773470451093446,0.11896482759462436,0.21302740490763944,0
2,1,3,0,182.3016085849588,0.925691506501378,0.38978759330221174,0.0773755937274177,0
9,5,12,2,0.0,0.37115831295123247,7.548781843871734,0.8143927305968455,1
9,5,21,3,0.8222446778772721,0.1871884615127528,5.24266484244323,0.836431246451156,1
16,1,0,0,147.940615132882,0.7543601442381459,0.05925168451483849,0.011177393341829914,0
7,4,13,4,44.07091599797654,0.0076636698527412115,6.55420756233619,0.8275598059541148,1
6,2,19,1,65.19227090721402,0.33220530767230705,6.599224331383039,0.8694923577960245,1
2,6,12,2,37.29850987263073,0.08201549549563408,7.219318344762822,0.8873843150389414,1
13,0,2,0,79.55550791068688,0.7163283073840122,0.7439229736233093,0.26724621493630013,0
12,2,3,0,95.15957660751592,0.6502527051654869,0.1645634216907421,0.01402273940490686,0
10,1,1,0,245.8817098295516,0.8923362341252172,1.8724241399297736,0.20796405192591808,0
4,1,0,0,210.46362578032503,0.7701769482255953,0.06130525427480999,0.16223575687690325,0
10,1,1,0,254.36622315241624,0.8591537289381884,0.009752990251297259,0.13582337967415822,0
10,0,2,0,138.0326600644322,0.7614604527692082,0.4746622510068362,0.21941085808020933,0
6,3,3,0,64.22400600599632,0.8003701640074417,0.1697687860064606,0.463542423619394,0
11,1,3,0,192.38856191506622,0.7683698368463203,0.10059508687044667,0.1556521998678444,0
21,0,1,0,132.6277523445629,0.7988021368473921,0.9129175062875974,0.050901155639315764,0
16,3,0,0,229.92691724305934,0.9328018378770437,1.6438928794861911,0.0039945798370410925,0
11,0,3,0,69.79178369553367,0.880510872105329,0.5128301915829296,0.015720805223659526,0
0,3,1,0,133.1770258461637,0.8929222152472583,0.012594754076514659,0.07283678716337873,0
8,1,3,0,279.70869701662446,0.9493397555921584,0.17107824786853196,0.10679083206752586,0
9,3,2,0,190.8964846080324,0.91024124161287,0.5060901499890909,0.055225341721613454,0
14,6,8,1,80.12199768686904,0.36709776529158344,20.336489967177133,0.7857537876698004,1
5,2,1,0,151.502652056789,0.862507969085159,0.40290045460380064,0.2094765277464915,0
1,0,4,0,167.56488657512435,0.8269694966421248,1.326035315124489,0.24004530687734418,0
13,1,2,0,166.2290100794763,0.9451691157678904,0.5011845156275198,0.3222926882947819,0
0,0,2,0,223.3829405854512,0.8094904838789797,0.5546246646250916,0.04749242818096959,0
10,2,1,0,208.37138686697617,0.8647428995702268,0.2771228779744781,0.21299522227016413,0
19,1,4,0,162.10148380997708,0.8382284840634252,0.2893931268772164,0.02452706033254899,0
8,1,1,0,195.15780255019774,0.9805066360849326,0.7641074784651409,0.04850410668204879,0
3,0,2,0,172.36846067059298,0.91628655955512,0.01941333974319478,0.3394737354190159,0
6,3,14,0,42.44632714371462,0.2412036885304684,15.671019820028569,0.7895435103190761,1
9,2,18,3,84.26788823341667,0.17580933200788185,15.628955462998814,0.4252756783859292,1
0,1,6,0,198.81673536812764,0.5469158412708681,0.6069325155937086,0.046234674121521865,0
7,3,2,0,155.56476456190032,0.8171170700220014,0.027418337910116837,0.07978570308556177,0
11,0,1,0,278.5859151395892,0.6933217605187744,0.5163255303430512,0.017773839275077703,0
2,0,2,0,131.45819895514484,0.8814442587329765,0.4024758578296288,0.011945320321027192,0
2,0,2,0,248.87958214883798,0.7822961922349793,0.26002387107215746,0.021574752162957275,0
6,2,1,0,231.2691841098002,0.8643493777754047,0.8317464861475236,0.03987544690094917,0
23,7,14,1,0.0,0.1328838859289019,3.321631308277113,0.809819051459653,1
13,1,5,0,78.96540833316101,0.8441047716792782,0.6687930378781278,0.016928358738293976,0
11,1,4,0,199.902964911679,0.8659831286504631,0.6555759560492103,0.015948178643921233,0
23,8,11,2,0.0,0.19697830524353258,0.7678433840520804,0.8275025234915332,1
6,2,4,0,143.8640565905095,0.8448699016579828,1.2732977177331524,0.1114531175059356,0
11,1,0,0,65.65925126061724,0.8615352572173246,0.3325088158918919,0.22039144457638127,0
10,0,4,0,196.6689049338757,0.7785831817015907,0.2634187841364768,0.11518094556451826,0
19,1,1,0,252.49863029460386,0.4784118755302783,0.09868407029087349,0.04208313753196234,0
10,2,0,0,63.84823479000437,0.6097160505116088,0.5018674582744153,0.02197827961191874,0
19,0,1,0,246.04601342636437,0.9147980646179854,0.7279382237811961,0.25471506327661697,0
14,7,21,1,0.0,0.25988662966345205,8.965485380557938,0.6765956571351022,1
14,0,1,0,188.19618454637273,0.8997636400002346,0.6887042627490133,0.00025133780263307103,0
5,3,3,0,164.06815735320396,0.6385804606447122,0.2232282206162724,0.03746513786158544,0
20,0,1,0,248.80764972659375,0.6903149679706616,0.15330916698744387,0.3042556146792173,0
13,0,4,0,198.1331845616185,0.6275498974755952,0.4092082502376677,0.09320834022695511,0
5,0,1,0,122.62138303927514,0.9191327157871854,2.4102039686512757,0.06468048748866491,0
12,1,2,0,170.5667228165513,0.8337954602025301,0.0870011503932873,0.10764961554315705,0
18,0,4,0,182.19046636600012,0.8297073543085307,0.38070338132865633,0.04205004985341942,0
8,0,3,0,226.8121091499169,0.6561390785610771,0.3338594728453086,0.088378114443747,0
5,1,1,0,185.0554175558799,0.6964225525831521,0.22800784738775082,0.21650979089884387,0
1,4,17,0,3.389773172454383,0.12088476666205186,14.662397168718847,0.8368549603756188,1
11,0,1,0,271.8158071747748,0.7109918240489305,0.0049195433293917935,0.02526043846877843,0
14,1,4,0,203.64375440308385,0.9262879914204606,0.15844624900414014,0.14101377107231,0
6,1,3,0,174.45801834447718,0.7511654701222295,0.351002714970705,0.020248955190645578,0
16,0,3,0,146.93952483679954,0.7090987589694441,0.20942279693052915,0.1555016247195978,0
12,1,1,0,149.28679499469484,0.9408152726360103,0.16196464827016585,0.12618750157811903,0
2,0,2,0,226.19694896228475,0.5713241942825091,0.827291821636078,0.10056938064083844,0
21,5,18,0,47.75649221279075,0.13240402582711425,5.503612476267549,0.8314018588480441,1
7,2,2,0,123.43478318868196,0.7086282600436642,0.8513065723109817,0.09490393591532535,0
13,12,15,0,3.0593827773852738,0.14842244246506833,7.961987150802561,0.814307207097454,1
19,0,4,0,179.21236414534312,0.7315050095179759,0.6741012388605282,0.07109001289536364,0
12,0,1,0,169.02921410894965,0.7563694377113677,0.19912305377490622,0.023028439624874105,0
6,6,15,1,36.85625839860772,0.3205296171621421,13.316026517322975,0.7135184297522195,1
18,0,2,0,174.94096535914952,0.8511043224291461,0.5846475890143119,0.00638404223198029,0
10,1,2,0,132.67672693239416,0.8164564037047275,0.055456389814395525,0.1064456566908213,0
22,7,10,2,17.00124969140038,0.24378906962101488,6.084434725875306,0.5548457853903137,1
0,0,5,0,99.23743245375232,0.5940633384501508,1.9026102919974723,0.017240525020731767,0
1,2,3,0,226.8092715967705,0.5635435001532227,0.11758340123005778,0.039861349926753824,0
19,2,0,0,205.46716129695594,0.9390159420694835,1.347380319318674,0.17877635809623607,0
11,1,0,0,102.45322417851698,0.8269553805573262,0.5579240918211411,0.0642332841946351,0
12,1,1,0,231.7126583813904,0.9601378744336181,0.07787908940081993,0.06216425856941594,0
14,2,1,0,197.56092791607085,0.962513200006395,0.5905516251742388,0.025455625077918,0
20,2,0,0,96.29159214457033,0.5806615556048403,0.30782152384763717,0.026154720960945916,0
16,2,1,0,136.8274799069464,0.8400291764406709,0.03564455162708185,0.3942955241619587,0
9,1,1,0,101.3065283289173,0.7410200073442382,0.3035680361983894,0.013376664380613256,0
7,1,2,0,140.1799099539811,0.7059923447820182,0.13043182373803086,0.04923658820178889,0
23,0,2,0,282.1958573432319,0.7954165663410062,1.4518338207993742,0.2748418170882804,0
8,0,5,0,155.97432530531876,0.7007716737625339,0.39419311723294603,0.2481597205661309,0
11,1,2,0,162.152748418999,0.9088587436968405,0.47994898874133174,0.057560964867493056,0
7,1,3,0,171.11057191992776,0.8635991915518616,0.31442259579296367,0.20971683948361547,0
9,2,2,0,242.04730523782996,0.8857632072834658,0.7766483274896634,0.004130439439740589,0
3,2,1,0,258.76134548607786,0.6615645539498134,0.6920346748016994,0.06266091951702821,0
7,2,2,0,225.29736183637866,0.8026668655601263,0.38226047804591035,0.17970995221109926,0
18,0,3,0,130.88965814083886,0.7167884884529291,1.0130507663413857,0.0023269610922098494,0
23,9,13,1,14.20360148935811,0.5076634130253267,8.586579441469862,0.5672035112106751,1
3,0,0,0,254.3337523065772,0.9841946110770153,0.5195685017031445,0.1709243980705496,0
15,2,15,4,39.47173181270815,0.2868041387609438,0.7725074021571211,0.7332489752272636,1
19,8,13,1,60.1646936075667,0.25167801459598316,8.090873814093383,0.8514067999178614,1
19,1,2,0,113.92780573043034,0.8154695599831188,0.24165977455182225,0.19346339066076082,0
3,0,2,0,234.16415891734528,0.6851524055554223,0.15978423853084828,0.04369133770744972,0
1,0,1,0,263.0132478390742,0.8936399335263424,0.5509389094718851,0.04554225459850591,0
18,2,2,0,120.65794290903,0.9609022848311278,0.3574993444824374,0.020199920310208622,0
21,6,13,1,34.282834476779435,0.10569489134756169,9.510924506105367,0.7770276668235678,1
23,0,3,0,163.98729312947862,0.7886655080324485,1.5660575860601498,0.0012827937980849457,0
9,6,7,1,36.43233952262257,0.3433307901810762,1.8398052860582461,0.2226974352198978,1
9,0,1,0,175.71102980105385,0.8985615563832974,0.10462942361681808,0.0793818096336965,0
4,1,1,0,170.24591941843147,0.9276939502822144,0.6721279989223164,0.00424913657050465,0
13,1,2,0,266.2342458787216,0.9073355569891096,0.3695038687502493,0.16806104384568793,0
4,2,2,0,243.66347054127166,0.7899311851081281,0.22662382187569147,0.11683751170984832,0
20,0,7,0,150.55705435761809,0.8263391866685734,0.3403226772858008,0.07902742977426279,0
10,5,13,1,30.22077846097116,0.2688887642651404,9.949976384394027,0.8324138876842929,1
10,1,5,0,217.85001760615756,0.6587629328185918,0.2929442097502375,0.3010930767556431,0
8,1,2,0,101.94968003651921,0.6322689972856174,0.6831924401868604,0.06307073081987126,0
15,1,0,0,250.7215064799845,0.86499544187888,1.5537229772547763,0.3099480917832075,0
20,1,2,0,89.18395131640327,0.916344509226506,0.26359271511557153,0.008274544332804756,0
1,0,3,0,191.6968500837055,0.9348321448885747,0.19355758270062284,0.004347151611164116,0
7,3,1,0,242.5872270311566,0.8990144249906223,2.396685664182044,0.17543784622419645,0
10,0,2,0,224.40026733080674,0.6866754958577896,0.621433524057021,0.1318000692196253,0
12,1,17,1,41.0543870069556,0.2674985553678255,4.356499650256855,0.9138958194318532,1
0,0,0,0,197.2242973444069,0.7561053214331038,1.622447668108535,0.23099221240304835,0
23,0,0,0,285.79218509956473,0.9469483002004325,0.026193302828709682,0.02855594546481812,0
18,0,1,0,155.8450217577648,0.8756255406004088,0.09983454696973516,0.050944733323027035,0
11,1,1,0,206.09433177492116,0.7377767227152349,1.6092925574262695,0.1014341722161074,0
16,0,1,0,216.3718859968659,0.7973968012267355,0.9234698007581599,0.23311666324689775,0
1,10,20,2,0.0,0.12153646688043829,2.5504023377183667,0.7587738365437046,1
7,0,0,0,201.45767558492983,0.8121200776663245,0.5073626651432589,0.2438416339089494,0
16,2,1,0,141.6902379268044,0.9238376291153026,0.05042004901880225,0.14702394606944372,0
0,2,3,0,146.58674394221964,0.8251275382996371,0.902092494303515,0.013907175180170662,0
15,0,5,0,208.05181075763616,0.7769979539718189,0.8148465860648697,0.037695125745014886,0
17,0,1,0,267.03134400785626,0.7836682937001315,0.06620456171503153,0.11701873704360347,0
6,3,15,1,41.61452948209905,0.07238534150608784,4.705812630028824,0.7190499513211392,1
21,1,2,0,227.20289985069803,0.9159716124309536,1.051817337107276,0.13118615701708058,0
5,4,20,2,69.97254245584072,0.40223699835297716,10.359620119630561,0.9445371944753032,1
23,0,1,0,212.57637272172877,0.6071025449069168,0.875519605994374,0.062156235516695815,0
15,0,1,0,197.64017149228164,0.8443704648308358,1.7643978038124724,0.09860622348034682,0
11,0,1,0,176.4056302739956,0.8258644287192511,0.35477412584890117,0.0064491316906644,0
14,4,19,0,20.01983344393639,0.3483528769373954,20.887090511568516,0.9548735587328422,1
10,3,6,0,118.9367143828677,0.8340782702640518,1.583593269608642,0.05945335032344537,0
7,0,3,0,164.08007300600926,0.8715430407536023,0.24266878884918214,0.0224560779659312,0
2,0,3,0,109.51513447689219,0.7340707353864423,0.400438191765536,0.0026938295844631988,0
18,3,8,1,57.60746680737505,0.24318117198414504,3.0482553053765575,0.9183084645910441,1
10,0,3,0,101.04822741825215,0.9115363462337956,0.0001323024865081439,0.032841446278660424,0
18,7,11,0,66.75779782520365,0.036601332559944674,0.8184741091108622,0.7401896192309579,1
21,3,2,0,166.86729305541084,0.9058929775912852,2.0148994809349787,0.27178281939889243,0
4,1,3,0,173.0682271681086,0.6305904110185293,0.1891644710242512,0.0579693589304851,0
11,1,2,0,250.6472184977294,0.8395033475461743,0.36539134684734914,0.0008108634303314024,0
18,1,5,0,175.94041958284515,0.6543070215220405,0.5558044194546249,0.07068498863663263,0
20,1,1,0,141.85759646771095,0.5940217937296115,0.4288992429507594,0.06804161797207539,0
20,0,2,0,128.4024395775627,0.8397728838585287,0.3901630149126259,0.10336610826558035,0
2,1,1,0,179.53873223652974,0.8564494058982866,0.08610010845030872,0.2139773917267646,0
10,0,2,0,208.98846026877843,0.8121488023508803,0.031159465248806178,0.007530916968189652,0
0,0,1,0,210.18124323321283,0.9418324236431606,0.3767735138113788,0.1566367353198212,0
19,1,2,0,300.85450758697027,0.7338745849054231,0.059516932689330476,0.042329901973458685,0
15,1,2,0,159.30013855994676,0.6013636276331283,0.06163621616775111,0.06051143265048738,0
6,1,2,0,204.12835671651428,0.505198651696282,0.017999103749141487,0.1378276205361736,0
6,2,2,0,249.57318649911255,0.8564642051794815,0.7802907706414306,0.09810286324711485,0
11,0,0,0,54.784502999016,0.6784876552644282,0.3589370345355161,0.07094608254117306,0
20,0,1,0,275.61280753152334,0.8370528160998716,0.3247627787339036,0.05736442580711364,0
23,0,0,0,206.2204578390983,0.8010298270937445,1.142673378211165,0.16748389348068238,0
21,7,15,2,24.954490072857716,0.10087065052645579,6.766972801779513,0.46260646231006614,1
18,1,0,0,254.51543504094815,0.7547076547375636,0.04321377478416114,0.05595722709905798,0
15,1,1,0,217.36501590375548,0.6982514971536866,0.6640706405490631,0.1133766994896245,0
23,0,2,0,116.85469282949556,0.5854904419197893,0.21103846359860412,0.11599920682510023,0
4,2,4,0,184.55448932917972,0.9482040310569605,0.8827989281539383,0.024665678955766126,0
2,0,5,0,358.880878855281,0.7910168385691018,0.24997803145863987,0.32628218213828614,0
2,0,0,0,211.26422487487437,0.8185011721655444,0.5614696723587898,0.21994395775866796,0
16,2,1,0,148.87225053574429,0.8560211849006893,0.23953507453463013,0.11066506695695978,0
4,1,2,0,379.6483371857968,0.7546079162213869,0.21559741989819045,0.21358046480194165,0
3,6,7,0,69.47206889436382,0.1104686093130709,3.1842670503800448,0.6871639794752724,1
14,2,4,0,155.60388772104224,0.9101255827766662,0.693661968874679,0.0535650740463932,0
3,2,5,0,84.09734480963625,0.3119311827239188,4.701385043538442,0.8325510306631556,1
22,9,13,1,39.07452675293966,0.18196209152991857,44.62713928890068,0.8145619989083642,1
4,1,3,0,173.17411090218343,0.8159707259217946,0.1537944350859858,0.08854187584239893,0
11,2,2,0,215.09783582792335,0.9011905503970052,0.5437625482933024,0.05238441606430211,0
23,0,2,0,251.81585337277505,0.677127793823714,0.32663175105883907,0.03880423726011547,0
20,1,0,0,190.85739538634385,0.8772899019709652,0.19285382874868615,0.029275964034600088,0
21,1,1,0,183.90405155174426,0.8090841159541022,1.5825561502284509,0.03470984521436954,0
21,2,0,0,169.70846395969417,0.8104177496501478,0.22779157854501203,0.3733564752516601,0
7,1,1,0,189.99382727931612,0.7615602795924835,0.9323196604169625,0.2877556365315782,0
6,0,4,0,181.87753821676588,0.7464267582400872,1.237380723289316,0.07737081212255434,0
10,5,15,0,69.82708901906847,0.2948380607905253,2.6692568679518076,0.8734510478762764,1
19,0,2,0,141.50996126828437,0.8277655338030693,0.19518831121254812,0.07518775577192403,0
1,1,3,0,86.34717859718988,0.9652622687107397,0.3444170819984944,0.21814018861227347,0
21,6,16,3,16.475838691910344,0.26571780698859127,1.320795629474267,0.7635915431804244,1
15,1,2,0,116.5006482685358,0.8499748224233891,0.6839268015964717,0.049526521620804766,0
7,0,1,0,130.84835664042112,0.6228122841277296,1.3952471487405471,0.11745646642412041,0
3,0,3,0,112.34169880958761,0.8231188408123431,0.32837871654358214,0.08117549566723976,0
0,1,3,0,102.79602525714868,0.7080493602881828,0.35648514852754387,0.01827089539304325,0
18,0,2,0,197.07718243755096,0.6790404538398919,0.13730621038372381,0.0027198338953561543,0
20,1,4,0,173.3309003283912,0.8331582864875545,0.27351746331319304,0.14773225776496704,0
3,1,4,0,242.10938292458724,0.7322455391765502,0.4572315941037362,0.16771811403866702,0
15,0,1,0,139.52907271622558,0.8415091420896301,0.2842188364635056,0.3013618132641464,0
2,0,2,0,210.39742933160377,0.792963916853741,1.6649395978541117,0.004678428987067285,0
19,5,11,0,16.602122833764405,0.15863539039353874,4.298544829070171,0.8379457749774469,1
10,2,1,0,263.8415168339045,0.7593323906318641,0.0991388009046804,0.15717731431114515,0
17,0,3,0,193.78612946095762,0.9533985175739019,0.01633571318388571,0.09683827685694157,0
6,0,2,0,240.18655341931415,0.9906648587691076,0.09338071854671923,0.0565116073732747,0
4,1,1,0,20.0,0.840872249496201,0.08368016163038886,0.0539881420509589,0
22,0,1,0,95.06360912628207,0.8274196515402529,0.4806955983363277,0.010323400967542137,0
12,2,15,4,0.0,0.08594558862671443,0.25746375442762354,0.8253436535728271,1
11,1,1,0,198.15486167029295,0.707252782177965,0.9787159138124941,0.26241589867354276,0
9,2,1,0,180.5114569962075,0.8404397007122536,0.36817760023426904,0.20711756834593856,0
14,2,0,0,207.93908154500124,0.7800616667406115,0.3582792783438564,0.08884174489436832,0
1,6,10,0,93.71876201781578,0.07897352874895242,0.8513279910027906,0.7068373622703588,1
6,1,2,0,162.195556310073,0.8230347882142431,0.6724890963329122,0.0819788050455594,0
6,1,1,0,199.73899596436095,0.7086490464124481,0.2947825525694022,0.004075892281587571,0
14,0,1,0,257.8102939467003,0.694719922864621,0.6403454806162125,0.0030769475109247994,0
23,1,2,0,181.77936244250142,0.7439780175027166,0.03626765360334502,0.12897435728669324,0
22,1,2,0,187.68352288586195,0.9679509323136021,0.1001691171219084,0.07757011689991518,0
13,0,3,0,223.67101024803566,0.750427544177378,1.030776857633308,0.010272364458989129,0
15,7,15,1,51.39398492611852,0.18870420228936585,10.461654431792414,0.955371837028052,1
7,5,18,1,62.01028760315903,0.3289859083078687,1.37288366079022,0.8608559884946647,1
5,1,4,0,181.69885776061378,0.9853196423792272,0.6610021488003237,0.05919411356762885,0
10,1,3,0,200.78810320654023,0.7208772012858005,0.8919939141876125,0.0415316938125238,0
5,0,0,0,213.82538589873852,0.8424970574542281,0.5317230167215897,0.23905590741964844,0
17,0,1,0,189.91313455930654,0.8613346014783052,0.040477257354660894,0.0892912084537806,0
11,1,2,0,271.67412821268476,0.8081477009780181,0.05555433729893338,0.0029565088829337774,0
13,3,4,0,270.53929342870634,0.756771946474144,0.5112654368612188,0.061925642221397764,0
23,0,2,0,127.3039222355998,0.9716124439304706,0.023228678730901214,0.1322793618551003,0
9,1,1,0,83.09631905318598,0.5620265396933997,0.5417156142059179,0.10422806001461273,0
15,0,1,0,119.86575403229237,0.9062648860596804,1.200766975622337,0.14373297005664212,0
7,0,3,0,172.9577531545297,0.9790218502139311,0.7047350231298172,0.10444816877847497,0
10,4,20,2,31.347866427280508,0.17354547052346264,1.388893854810355,0.7473133277484661,1
21,3,3,0,219.8545713855142,0.7935798122283287,0.04855161036745148,0.03684422641686586,0
22,2,6,0,197.7407906812398,0.7904936956739637,0.019956452623048352,0.0622309758412085,0
14,1,3,0,245.7374193602422,0.8136420207874597,0.07856185690226257,0.1232794747419455,0
13,9,14,3,50.236087202092726,0.03796246333766152,10.4387496578771,0.6912097978088487,1
4,1,1,0,169.85603902123503,0.7388042729000461,0.2967779779862308,0.13314373421339903,0
22,2,0,0,184.82307882214545,0.957750616760238,0.21088766009015789,0.4123018478339556,0
18,0,1,0,277.52623330217364,0.8363562015655455,0.7852134786356362,0.03434446379326086,0
9,1,0,0,188.3047040034196,0.8168464656153904,0.18902670409541925,0.07947367278891612,0
18,0,2,0,217.06936861535561,0.7317630209191078,0.007391779041938024,0.13718132021973126,0
6,7,10,1,47.69634643395244,0.2358475032871596,6.840334456804171,0.9340036808944504,1
10,4,3,0,233.41495482003384,0.8742328309749936,0.21859739089035748,0.002881005821564775,0
17,7,14,1,29.03021253021854,0.43610748649972736,2.7758844495108845,0.7403354240988863,1
23,1,3,0,177.8124760228702,0.6848776168615311,0.2762511836131802,0.07993548924166939,0
13,4,3,0,218.0654899014777,0.7697465904889963,0.30743172316157064,0.09387685415838114,0
20,0,0,0,324.2690051201465,0.48356116348235895,0.18852302760648415,0.16277980831769628,0
17,0,3,0,223.07172929673294,0.9162456727390074,0.08036379186085066,0.06536807136906006,0
1,1,0,0,145.76373946550757,0.5565679650539408,1.079869427018214,0.01370108003817879,0
16,2,0,0,114.9591812514938,0.5918745323863398,1.305198635200999,0.1604284716834509,0
12,0,2,0,150.4779115915164,0.7743508633778272,0.13186544474942805,0.025607387385395072,0
17,1,3,0,132.21100519667968,0.9363993029646188,0.296737674244937,0.01587741074511251,0
12,0,2,0,238.2491377193375,0.8174804712398126,0.28063868859470226,0.011771725246075958,0
19,1,3,0,170.28616984461507,0.8437992681428879,0.1760187732236449,0.16803452687134468,0
20,3,9,2,37.57486828543157,0.12253104666995353,23.600881024880195,0.4687876744588523,1
16,1,0,0,138.61723351011113,0.5343664586769636,0.4419402561829389,0.04406523801820533,0
8,2,0,0,112.63983568260286,0.7286433005640542,0.06838329443799544,0.055111108118623645,0
6,2,3,0,192.6627312400339,0.7352314971360521,0.7774924810618029,0.016560806547695192,0
8,3,2,0,232.34425119469677,0.9421906720059832,0.34951808090967673,0.044931169881352324,0
4,0,4,0,178.42877575654413,0.9625112337213934,0.20014278635823338,0.041824346131694695,0
21,4,17,4,10.438583989174976,0.07299924550325779,18.60724847271231,0.9036741356156153,1
13,8,14,3,25.815659340731287,0.2393674909575714,0.9866236417950413,0.8467368056020351,1
4,0,1,0,233.5563631354723,0.7359014664745063,0.9808904398964385,6.78677348023095e-05,0
10,0,1,0,170.40825689492775,0.8644143843498981,1.4519942478138004,0.15961817507106946,0
8,3,0,0,173.54330336674866,0.8848218164943471,0.03358695462127384,0.07138852897612394,0
22,1,1,0,191.13947537954223,0.9058232912672555,0.6551713440327144,0.06541641583134906,0
9,0,1,0,207.84276046098958,0.48926781665909835,0.07844084033260931,0.03373061101634491,0
9,0,3,0,345.1816331327252,0.892379812817907,0.9254034642993157,0.03658429802979287,0
3,1,1,0,184.88875801958596,0.7576668554257614,0.06092017541588782,0.08308573889369743,0
3,3,1,0,220.92513928859694,0.7627999158059954,0.1210259292079689,0.05526339651475733,0
18,0,2,0,161.27731111152752,0.8241629291605176,0.2154299270988371,0.15355881675020663,0
6,1,2,0,186.39230160181265,0.7134464842269977,0.8650656656524504,0.11049435252443944,0
6,0,2,0,131.99369478254118,0.7965177302619662,0.7460096571649403,0.04600697431920027,0
17,1,2,0,203.4292797964036,0.6783206273706566,1.2288722414370619,0.14760852056614157,0
13,1,2,0,206.40157869836304,0.6813246137885732,0.3290108536325868,0.1212163843329044,0
7,1,2,0,131.82870872437854,0.6592052361587922,0.3864369514941846,0.02459543218451904,0
9,1,3,0,137.0951529891601,0.6786566111570558,0.23896877926256616,0.09758483468717292,0
17,0,1,0,217.31391293185956,0.4241505804613327,0.015402577111404497,0.1123494704795818,0
0,2,3,0,165.3075704704562,0.6722917266056042,0.003650689613182481,0.04818030698344133,0
1,10,12,2,20.760480997605843,0.16970572295247793,5.915833046310365,0.5367309036295342,1
2,1,3,0,99.06640057328384,0.7975618809012861,0.716636175501591,0.016765119229076312,0
15,1,2,0,224.68958009211147,0.7626495318399401,1.0033605569867403,0.05359229822055068,0
14,0,1,0,243.15778437819404,0.9361493655623765,0.005120426233659949,0.17591205982090657,0
17,8,19,2,37.935978348445275,0.14870616599748215,9.157233671478608,0.8376454932023915,1
15,2,0,0,329.79086316124165,0.7151797035994789,0.4394047362368477,0.08133399444717923,0
12,1,2,0,175.13623843412145,0.8753182313455088,0.5704133874883632,0.11080993402468603,0
7,0,1,0,212.39944988962876,0.8574896630633544,0.26340576639064656,0.13360817081469145,0
14,1,1,0,119.12623897243205,0.8092912895495125,0.3359615732253302,0.3025616337589097,0
22,4,1,0,195.08715873320998,0.8766915392720059,0.32922829463106223,0.10683205255616866,0
1,1,1,0,267.79351826054915,0.7828081646451406,0.1976442797397,0.009474928087952833,0
18,3,3,0,169.9466070140513,0.8505326344348392,0.1080072373908133,0.013652184364226935,0
23,0,2,0,228.06638369248753,0.7669761003156671,0.0052590533265251685,0.07210951794608558,0
7,2,4,0,226.30742939284397,0.8541836943827399,0.15765196890383068,0.015867858734649635,0
9,1,1,0,257.01546086791126,0.9521862902799773,0.16383866239168732,0.16737507617685682,0
4,1,2,0,248.98635540711024,0.9366622917312535,0.4350613464159057,0.2759958463828495,0
21,1,2,0,143.4228580477949,0.7711371474055014,0.039100510663033376,0.1130838494027856,0
7,9,17,2,67.06928330755554,0.10592225409360702,3.3988018751980573,0.6426818497151958,1
22,1,2,0,158.46152017183596,0.8964593896686789,1.1438900216542613,0.10736739552328042,0
19,3,2,0,39.776302183192826,0.83256292232391,0.811769127594766,0.018160306208483402,0
5,1,2,0,95.60771600260178,0.6574758179371806,1.0570206404741558,0.07004254612665757,0
4,2,2,0,106.26425223894795,0.8620351394063649,1.0219397872828897,0.3141078063530014,0
4,2,3,0,157.81066866209164,0.6768440537844586,0.08334500747561333,0.04227517172710698,0
14,0,1,0,274.72949386682717,0.957821429348235,0.598104411431293,0.18763410676771647,0
21,3,2,0,156.11727383949648,0.7872961110900818,0.5436374468581623,0.025427434884759743,0
14,1,2,0,297.5024133435746,0.8957635180365565,0.5438877100974449,0.1298546154440819,0
13,0,3,0,252.28939232031084,0.5547307702249102,0.24143808227795682,0.13997168418434908,0
2,2,2,0,119.07049316890644,0.7880378184426706,0.2312099472744866,0.011182742992722662,0
14,0,5,0,256.17978889588835,0.9294189583261688,0.06966305641662683,0.19602572027490822,0
13,1,0,0,347.2602033515442,0.8845081664244644,0.05598184555274261,0.03355206269735819,0
3,0,2,0,117.16644310929155,0.993767287519113,0.04014736902378617,0.06289319194540456,0
11,0,5,0,144.34334339783032,0.7384761583250693,0.03048991527652249,0.037687481892684796,0
13,1,2,0,120.5395865388511,0.5637041069127894,0.6237313340480154,0.04644962834153213,0
16,0,2,0,154.41451124306127,0.8131002664129572,0.06680353601364597,0.014746813092029422,0
18,2,1,0,321.0368090364306,0.7295220636190718,0.2602397625737354,0.07121530978435184,0
0,1,0,0,177.41843898236556,0.8142768705615324,1.2044509433143922,0.1098152223239492,0
8,1,0,0,121.08089513242925,0.8209300940906019,1.6098245642033646,0.04519224285029896,0
8,0,2,0,124.26997954409896,0.7183443173932065,0.6777324477950876,0.37623433230921294,0
6,6,15,2,42.76473390618499,0.07212962340819423,16.316303746736395,0.9040375759242459,1
8,1,4,0,262.3319880669201,0.9575170172427648,0.5391708206588126,0.23847137923435985,0
10,3,8,0,245.9395630589239,0.8477985698366601,0.27057141995090866,0.037547595833451436,0
7,1,4,0,150.3120434685268,0.6806011201537499,0.14779873582090813,0.16876450652626213,0
0,1,1,0,179.003819884195,0.8276723608194141,0.4532021272629467,0.19352477586350292,0
5,1,1,0,212.34357859278197,0.5558363401929461,0.9032618877712095,0.005225205604519076,0
19,0,2,0,202.3417300447874,0.7482437078726327,0.18385141394178775,0.5253402156355115,0
12,0,0,0,340.74976267165,0.7983621001947255,1.330250895634329,0.04714436603205485,0
0,1,1,0,305.53759074614766,0.8988471320905247,0.7707319069557087,0.14500756422540786,0
22,1,1,0,115.29483242132729,0.7952485269263996,0.6465128962596659,0.1273015969634163,0
15,0,0,0,174.09540337599316,0.826715387360947,0.3642081164125442,0.018230054350304725,0
15,2,2,0,132.47576059441545,0.7541157528786937,0.07615385256841853,0.14714066620558275,0
12,9,17,0,37.88036626606253,0.3344734164976651,0.40421914083252974,0.8536699743223757,1
5,0,3,0,115.16668037800804,0.9464358832849384,0.09489595507969072,0.06253166492306757,0
3,12,19,2,9.378601513100651,0.09097130032631476,1.3014196973161818,0.5830219158159954,1
10,1,1,0,120.15024304524336,0.7490757813232362,0.19978603708489223,0.07491876272347073,0
7,1,3,0,100.47710984563393,0.9296020665307296,0.20147002492039348,0.003830337385815613,0
4,0,4,0,145.6528034217584,0.5986093849131098,0.49223668238699575,0.13228213505910844,0
9,1,3,0,108.19240579341827,0.8296766203082632,0.08707453109294443,0.03046853450269804,0
12,1,2,0,290.22908917932267,0.8242939584796575,0.22816060946969974,0.000856725187747271,0
13,2,1,0,199.76705454643485,0.5438103424911223,0.6560499181543339,0.014329684562113464,0
9,2,4,0,174.84424353373782,0.8639294733602606,0.339094072217255,0.10638924835157669,0
22,5,1,0,167.5936146140169,0.9206641048717867,1.683402831600155,0.04228096034777756,0
22,0,1,0,241.20165771722282,0.6365242179753748,0.7869264895790572,0.4627922634029022,0
16,6,16,0,102.77654974668656,0.433825393098405,13.191867184429166,0.5690740917974414,1
3,0,1,0,234.43270407503945,0.8054300035376663,0.3322059721965206,0.4032186204679037,0
17,1,5,0,196.59931145792785,0.9113584387868899,0.027849074096626528,0.14263719351242835,0
12,0,3,0,125.05897828957433,0.7474538732974597,0.9153163781142556,0.09164892242310924,0
23,2,1,0,249.94321546666342,0.811542595611524,0.6434502414085218,0.1413126448726822,0
