facility,acuity,bleeding,pregnant,age,emergency_physician,cardiologist,neurologist,trauma_surgeon,burns_surgeon,obstetrician,pediatrician,pulmonologist,anesthetist,er_nurse,ventilator,cath_lab,ct_scanner,mri,defibrillator,dialysis,operating_theatre,blood_o_neg,blood_o_pos,blood_a_pos,blood_b_pos,blood_ab_pos
trauma,urgent,mild,False,37,1,0,0,0,0,0,0,0,0,0,0,0,0,0,0,0,0,1,0,0,0,0
poisoning,urgent,severe,False,13,1,1,0,0,0,0,0,0,0,0,0,0,1,0,0,0,0,1,1,0,0,1
pediatric,stable,none,False,66,0,0,0,0,0,1,0,0,0,0,0,0,0,0,0,0,0,1,0,0,0,0
poisoning,critical,none,False,30,1,0,0,0,0,0,0,1,0,1,0,0,0,0,0,0,0,0,0,0,0,0
stroke,stable,none,False,23,1,0,0,0,0,0,0,0,0,0,0,0,0,0,1,0,0,0,0,0,0,0
obstetric,stable,severe,False,44,0,0,0,0,0,0,0,0,0,0,0,0,0,0,0,0,0,1,0,0,0,0
general,stable,severe,False,52,1,1,0,0,1,0,0,0,1,0,0,0,0,0,0,0,0,1,0,1,0,0
poisoning,urgent,mild,False,31,0,0,0,0,0,0,0,0,0,0,0,0,0,0,0,1,0,0,0,0,0,0
cardiac,urgent,none,False,14,0,0,0,0,0,0,0,0,0,1,0,0,0,0,0,0,0,0,0,0,0,0
trauma,urgent,none,False,56,1,0,0,0,0,0,0,0,1,0,0,0,0,0,0,0,0,0,0,0,0,0
obstetric,critical,none,False,47,1,0,0,0,0,1,0,0,0,1,0,0,0,0,0,0,0,1,0,0,0,0
burns,stable,none,False,30,0,0,0,0,0,0,0,0,0,0,0,0,0,0,0,0,0,0,0,0,0,1
burns,urgent,mild,False,43,0,0,0,0,0,0,0,0,1,0,0,0,0,0,0,0,0,0,0,0,0,0
trauma,critical,none,False,25,1,0,0,0,0,0,0,0,0,1,0,0,0,0,0,0,0,0,0,0,0,0
pediatric,critical,none,False,41,0,0,0,0,0,0,1,0,0,1,0,0,0,0,1,0,0,0,0,0,0,1
stroke,urgent,none,False,9,1,0,0,0,0,0,1,0,1,0,0,0,1,0,0,0,0,0,0,0,0,0
trauma,urgent,none,False,4,1,0,0,1,0,0,1,0,0,0,0,0,0,1,0,0,0,1,0,0,0,0
respiratory,stable,none,True,57,0,0,0,1,0,1,0,0,0,0,0,0,0,0,0,0,0,0,0,0,0,0
poisoning,critical,mild,False,30,1,0,0,0,0,0,0,0,0,0,0,0,0,0,0,1,0,1,0,0,1,0
respiratory,critical,severe,False,11,1,0,0,0,0,0,0,1,0,1,1,0,0,0,0,0,0,1,0,0,1,1
obstetric,critical,severe,False,53,1,0,0,0,0,1,1,0,0,1,0,0,0,0,0,0,1,1,0,0,0,0
poisoning,critical,none,False,44,0,0,0,0,0,0,0,0,0,1,0,0,0,1,0,0,0,0,0,0,1,0
pediatric,urgent,severe,False,22,0,1,0,0,0,0,1,0,0,0,0,0,0,0,0,0,0,1,1,0,1,0
respiratory,urgent,none,False,71,0,0,0,0,0,0,0,0,1,0,0,0,0,0,0,0,0,0,0,0,0,0
trauma,stable,none,False,26,0,0,0,0,0,0,0,0,0,0,0,0,0,0,0,0,0,0,0,0,0,0
respiratory,stable,severe,False,82,0,0,0,0,0,0,0,0,0,0,0,0,0,0,0,0,0,0,1,1,0,1
respiratory,critical,none,False,9,1,0,0,0,1,0,1,0,0,1,1,0,0,0,0,0,0,0,0,0,0,0
respiratory,stable,none,False,44,0,0,0,0,1,0,0,0,0,0,0,0,0,0,0,0,0,0,0,0,0,0
pediatric,urgent,none,False,26,1,0,0,0,0,0,0,0,0,0,0,1,0,0,0,0,0,0,0,0,0,0
obstetric,urgent,none,False,35,0,0,0,0,0,1,0,0,0,1,0,0,0,0,0,0,0,0,0,0,0,0
general,critical,severe,False,13,0,0,0,0,0,0,1,0,0,1,0,0,0,0,0,0,0,0,1,1,1,1
trauma,urgent,mild,False,19,0,0,0,1,0,0,0,0,0,0,0,0,0,1,0,0,0,0,0,0,0,1
trauma,urgent,severe,False,66,0,0,0,0,0,1,0,0,0,0,0,0,0,0,0,0,0,1,1,1,1,1
obstetric,critical,mild,False,46,1,0,0,0,1,1,0,0,1,1,0,0,0,0,1,0,1,1,0,1,0,0
cardiac,urgent,mild,False,69,1,0,0,0,1,0,0,0,0,1,0,0,0,0,0,0,0,1,0,0,1,0
pediatric,critical,none,False,73,1,0,0,0,0,0,1,0,1,1,0,0,0,0,0,0,0,0,0,0,0,0
burns,critical,none,False,26,1,0,0,0,1,1,0,0,0,1,0,0,0,0,0,0,0,0,0,0,0,0
pediatric,critical,severe,False,12,1,0,0,0,0,0,1,1,1,1,0,0,0,0,0,0,0,0,1,0,1,1
trauma,urgent,mild,False,47,1,0,0,1,0,0,0,0,0,0,0,0,0,0,0,0,0,0,0,0,0,1
trauma,stable,severe,False,68,0,0,0,0,0,0,0,0,0,0,0,0,0,0,0,0,0,0,1,0,1,0
general,urgent,mild,False,23,1,0,0,0,0,0,0,0,0,0,0,0,0,0,0,0,0,0,0,0,0,1
general,critical,none,False,56,1,0,0,0,0,0,0,0,0,1,0,0,0,0,0,0,0,0,0,0,0,0
poisoning,urgent,none,False,23,0,0,0,1,0,0,0,0,0,0,0,0,0,0,0,0,0,0,1,0,0,0
pediatric,critical,mild,False,34,1,0,0,0,0,0,1,0,0,1,0,0,0,0,1,0,0,1,0,0,0,0
stroke,urgent,none,False,56,0,0,1,0,0,0,0,0,0,0,0,0,1,0,0,0,0,0,0,0,0,0
respiratory,urgent,none,False,49,1,0,0,0,0,0,0,0,0,0,0,0,0,0,0,0,0,0,0,0,0,0
stroke,stable,mild,False,28,0,0,0,0,0,0,1,0,0,0,0,0,0,0,0,0,0,0,0,1,0,0
trauma,stable,none,False,25,0,0,0,0,0,0,1,0,0,0,0,0,0,0,0,0,0,0,0,0,0,0
obstetric,urgent,none,False,52,0,0,0,0,0,1,0,0,0,0,0,0,0,0,0,0,0,0,1,0,0,0
stroke,critical,none,False,71,0,0,1,0,0,0,0,0,0,1,0,0,1,0,0,0,1,0,0,0,0,0
cardiac,stable,mild,False,23,1,1,0,0,0,0,1,0,1,0,0,0,0,1,0,0,0,0,0,0,0,0
respiratory,stable,none,False,48,0,0,0,0,0,0,0,0,0,0,0,0,0,0,0,0,0,0,0,0,0,0
poisoning,urgent,mild,False,7,0,0,0,0,0,0,0,0,0,0,0,0,1,0,0,0,0,0,0,0,0,0
cardiac,stable,severe,False,29,1,0,0,0,0,0,0,0,0,0,0,0,0,0,0,0,0,0,1,1,0,0
pediatric,stable,mild,False,18,0,0,0,0,0,0,0,0,0,0,0,0,0,0,0,0,0,0,0,0,0,0
general,critical,none,False,39,1,0,0,0,0,0,0,0,0,1,0,0,0,0,0,0,0,0,0,0,0,0
cardiac,stable,none,False,22,0,0,0,0,0,0,0,0,1,0,0,0,0,0,0,0,1,1,0,0,1,0
trauma,urgent,none,False,30,1,0,0,1,0,0,1,0,0,0,0,0,0,0,0,0,0,0,0,0,0,0
poisoning,urgent,severe,False,24,1,0,0,0,0,0,0,0,0,0,0,0,0,0,1,0,0,1,1,0,0,1
general,urgent,none,False,0,1,0,0,0,1,0,0,0,0,1,0,0,0,0,0,0,0,0,0,0,0,0
obstetric,critical,none,False,64,1,0,0,0,0,1,0,0,1,1,1,0,0,0,0,0,1,0,0,0,0,0
cardiac,stable,none,False,55,1,0,0,0,0,0,0,0,0,1,0,0,0,0,0,0,0,0,0,1,0,0
respiratory,stable,none,False,31,0,0,0,0,0,0,0,0,1,0,0,0,0,0,0,0,0,0,0,0,0,0
poisoning,urgent,none,False,18,0,0,0,0,1,0,0,0,0,0,0,0,0,0,0,0,0,0,0,0,0,0
pediatric,critical,severe,False,59,1,0,0,0,0,0,1,0,0,0,0,0,0,0,0,0,0,1,0,1,0,1
general,critical,none,False,41,1,0,0,0,0,0,0,0,0,1,0,0,0,0,1,0,0,0,0,0,0,0
burns,stable,mild,False,40,0,0,0,0,1,0,0,0,0,0,0,1,0,0,0,0,0,1,0,0,0,0
pediatric,critical,mild,False,52,0,0,0,0,0,0,1,0,0,1,0,0,0,0,0,0,1,0,0,0,0,0
stroke,critical,severe,False,34,1,0,1,0,0,0,0,0,1,1,0,0,1,0,0,0,0,0,1,1,0,0
poisoning,urgent,none,False,50,0,0,0,0,0,0,0,0,0,0,0,0,0,0,1,0,0,0,0,0,0,0
poisoning,stable,none,False,66,0,0,0,0,0,0,0,0,1,0,0,0,0,0,0,0,1,0,0,0,0,0
burns,critical,mild,False,30,1,0,0,0,1,0,0,0,0,1,1,0,0,1,0,0,0,0,0,0,0,0
respiratory,critical,none,False,41,1,0,0,0,0,0,0,1,0,1,1,0,0,0,0,0,0,0,0,0,0,0
general,stable,severe,False,46,0,0,0,0,0,0,0,0,0,0,0,0,0,0,0,0,0,1,1,0,1,1
cardiac,stable,none,False,16,1,0,0,0,0,0,0,0,1,0,0,0,0,0,0,0,0,0,0,0,0,0
respiratory,stable,none,False,28,0,0,0,0,0,0,0,0,1,0,0,0,0,0,0,0,0,0,0,0,0,0
respiratory,urgent,mild,False,15,1,0,0,0,0,0,0,1,0,0,0,0,0,0,0,1,0,0,0,0,0,0
pediatric,critical,none,False,42,1,0,0,0,0,0,1,0,0,1,0,0,0,0,0,0,0,0,0,0,0,0
pediatric,critical,none,False,19,1,0,0,0,0,0,1,0,0,1,0,0,1,0,0,0,0,0,0,0,0,0
obstetric,stable,mild,False,51,0,0,0,0,0,0,0,0,0,0,0,0,0,0,0,0,0,1,0,0,1,0
poisoning,urgent,mild,False,13,1,0,0,0,0,0,1,0,0,0,0,0,0,0,0,0,0,0,0,0,0,0
stroke,urgent,mild,False,88,1,0,0,0,0,0,0,0,0,0,0,0,0,0,0,0,0,1,0,0,0,0
general,urgent,mild,False,66,1,0,0,0,0,0,1,0,0,1,0,0,0,0,0,0,0,0,0,0,0,0
stroke,critical,none,False,42,1,0,1,0,0,0,0,0,0,1,0,0,0,0,0,0,0,0,0,0,0,0
stroke,stable,none,False,45,0,0,0,0,0,0,0,0,0,0,0,0,0,0,0,0,0,0,0,0,0,0
general,urgent,mild,False,60,1,0,0,0,0,0,0,0,0,1,0,0,1,0,1,0,0,0,0,0,0,0
cardiac,urgent,mild,False,22,1,1,0,0,0,0,0,1,0,1,0,0,0,0,0,0,0,0,0,1,0,1
stroke,urgent,mild,False,39,0,0,1,0,0,0,0,0,0,0,0,0,0,1,0,0,0,0,0,0,0,0
burns,stable,mild,False,9,0,0,0,0,1,0,1,1,0,0,0,0,0,0,0,0,0,0,1,0,0,0
respiratory,stable,none,False,9,0,0,0,0,0,0,0,0,0,0,0,0,0,0,0,0,0,0,0,0,0,0
burns,stable,none,False,43,0,0,0,0,0,0,0,0,0,0,0,0,0,0,0,0,0,0,0,0,0,0
poisoning,stable,none,False,25,0,0,0,0,0,0,0,0,1,0,0,0,0,0,0,0,0,0,0,0,0,0
cardiac,urgent,none,False,42,1,0,0,0,0,0,0,0,1,1,0,0,0,0,0,0,0,0,0,0,0,0
obstetric,urgent,none,True,66,0,0,0,0,0,1,0,0,0,1,0,0,0,0,0,0,0,0,1,0,0,0
burns,urgent,none,False,31,1,0,0,0,1,0,0,0,0,0,1,0,0,0,0,0,0,0,0,0,0,0
obstetric,stable,none,True,66,0,0,0,0,0,1,0,0,0,0,0,0,0,1,0,0,0,0,0,0,0,0
general,stable,none,False,53,1,0,0,0,0,0,0,0,0,0,0,0,0,0,0,0,0,0,0,0,0,0
respiratory,urgent,severe,False,71,1,0,0,0,0,0,0,0,1,0,0,0,0,0,0,0,0,0,0,1,0,0
trauma,urgent,none,False,54,1,0,0,1,0,0,0,0,0,0,0,0,0,0,0,0,0,0,0,0,0,0
obstetric,urgent,mild,False,48,0,0,0,0,0,1,0,0,0,1,0,0,0,0,0,0,0,1,0,0,0,0
stroke,stable,none,False,45,0,0,0,0,0,0,1,0,0,0,0,0,0,0,0,0,0,0,0,0,0,0
burns,urgent,none,False,1,1,0,0,0,0,0,0,1,0,0,0,0,0,0,1,0,0,0,0,0,0,0
pediatric,urgent,mild,False,38,0,0,1,0,0,0,0,0,0,1,0,0,1,0,0,0,0,0,0,0,0,1
obstetric,urgent,none,False,35,0,0,0,0,0,0,0,0,0,1,0,0,0,0,0,0,1,1,0,0,0,0
burns,stable,mild,False,43,0,0,0,0,0,0,0,0,0,0,0,0,0,0,0,0,0,0,0,0,1,0
trauma,urgent,none,False,32,1,0,0,0,0,0,0,0,1,1,0,0,0,0,0,0,0,0,0,0,0,0
general,stable,none,False,90,0,0,0,0,0,0,0,0,0,0,0,0,0,0,0,0,0,0,0,0,0,0
pediatric,urgent,severe,False,63,0,0,0,0,0,0,1,0,0,0,0,0,0,0,0,0,0,0,1,1,0,0
burns,urgent,none,False,64,0,0,0,0,1,0,0,0,0,0,0,0,0,0,0,0,0,0,0,0,0,0
trauma,urgent,mild,False,56,1,0,0,0,0,0,1,0,0,0,0,0,0,0,0,0,0,0,0,0,0,0
obstetric,urgent,mild,False,21,0,0,0,0,0,1,0,0,0,1,0,0,0,0,0,0,1,0,0,1,0,1
pediatric,urgent,mild,False,82,0,0,0,0,0,0,1,0,0,0,0,0,0,0,0,0,0,0,0,0,0,1
poisoning,critical,mild,False,38,1,0,0,0,0,0,0,0,0,1,1,0,0,0,0,0,0,0,0,1,0,1
respiratory,urgent,mild,False,42,1,0,0,0,0,0,0,0,0,0,0,0,0,0,0,0,0,1,1,0,0,0
burns,critical,none,False,31,1,0,0,0,1,0,0,0,0,0,1,0,0,0,0,0,0,0,0,0,1,0
cardiac,stable,severe,False,57,1,0,0,0,0,0,0,0,0,0,0,0,0,0,0,0,0,1,1,0,1,0
poisoning,critical,none,False,31,1,0,0,0,0,0,1,0,0,1,0,0,0,0,0,0,0,0,0,0,0,0
general,stable,none,False,26,1,0,0,0,0,0,0,0,0,0,0,0,0,0,0,0,0,0,0,0,0,0
trauma,stable,none,True,63,0,0,0,0,0,0,0,0,0,0,0,0,0,0,0,0,0,0,0,0,0,0
burns,urgent,none,False,17,1,0,0,0,0,0,0,0,0,0,0,0,0,0,0,0,0,0,0,0,0,0
obstetric,stable,none,False,81,0,0,0,0,0,0,0,0,0,0,0,0,0,0,0,0,0,0,0,0,0,0
burns,urgent,none,False,16,0,0,0,0,0,0,0,0,0,0,0,0,0,0,0,0,0,0,0,0,0,0
general,urgent,none,False,29,1,0,0,0,0,0,0,0,0,0,0,0,0,0,0,0,0,0,0,0,0,0
poisoning,urgent,mild,False,0,0,0,0,0,0,0,0,0,0,0,0,0,0,0,0,0,0,1,0,0,0,0
poisoning,urgent,severe,False,73,0,0,0,1,0,0,0,0,0,0,0,0,1,0,0,0,0,0,1,0,1,1
poisoning,stable,mild,False,55,0,0,0,0,0,0,0,0,0,0,0,0,0,0,0,0,0,0,0,0,0,0
respiratory,critical,mild,False,31,1,0,0,0,0,0,0,1,0,1,1,0,0,0,0,0,0,1,0,0,0,0
trauma,stable,severe,False,32,0,0,0,0,0,0,0,0,0,0,0,0,0,0,0,0,0,1,1,1,1,1
burns,critical,none,False,23,1,0,0,0,0,0,0,0,0,1,1,0,0,0,0,0,0,0,0,0,0,0
obstetric,stable,none,False,38,0,0,0,0,1,0,0,0,0,0,0,0,0,0,1,0,0,0,0,0,0,0
burns,critical,severe,False,42,1,0,0,0,1,0,0,0,0,1,0,0,0,0,0,0,0,0,1,0,1,1
obstetric,stable,none,False,13,0,0,0,0,0,0,1,0,1,0,0,0,0,0,0,0,0,0,0,0,0,0
pediatric,urgent,none,False,0,1,0,0,0,0,0,1,0,0,0,0,0,0,0,0,0,0,0,0,0,0,0
burns,stable,none,False,52,0,0,0,0,0,0,0,0,0,0,0,0,0,0,0,0,0,0,0,0,0,0
stroke,stable,none,False,17,0,0,0,0,0,0,0,0,0,0,0,0,0,0,1,0,0,0,0,0,0,0
burns,urgent,none,False,37,0,0,0,0,0,0,0,0,0,0,0,0,0,0,0,0,0,0,0,0,0,0
pediatric,urgent,mild,False,60,0,0,0,0,0,0,1,0,1,0,0,0,0,0,0,0,0,0,0,0,0,0
obstetric,stable,none,False,54,0,0,0,0,0,0,0,0,0,0,0,0,0,0,0,0,0,0,0,0,0,0
cardiac,stable,mild,False,37,1,0,0,0,0,0,0,0,0,0,0,0,0,0,0,0,0,0,0,0,0,0
stroke,critical,severe,False,56,1,1,1,0,0,0,0,0,0,1,0,0,1,0,0,0,0,1,1,1,0,1
obstetric,urgent,none,False,39,0,0,0,0,0,0,0,0,0,1,0,0,0,0,0,0,0,0,0,0,0,0
stroke,urgent,none,False,29,1,0,1,0,0,0,0,0,0,0,0,1,1,0,0,0,0,0,0,0,0,1
burns,urgent,severe,False,46,1,0,0,0,0,0,0,0,1,0,0,0,0,0,0,0,0,0,0,1,1,1
obstetric,stable,none,False,18,1,0,0,0,0,0,0,0,0,0,0,0,0,0,0,0,0,0,0,0,0,0
general,urgent,none,False,88,0,0,0,0,0,0,0,0,0,1,0,0,0,0,0,0,0,0,0,0,0,0
general,critical,none,False,43,1,0,0,0,0,0,0,0,0,1,0,0,0,0,0,0,1,0,0,0,0,0
pediatric,stable,mild,False,66,0,0,0,0,0,0,0,0,0,0,0,0,0,0,0,0,0,0,1,1,0,0
obstetric,stable,mild,False,29,0,0,0,0,0,0,0,0,0,0,0,0,0,0,0,0,0,1,0,0,1,0
cardiac,urgent,none,False,34,1,1,0,0,0,0,0,0,0,1,0,0,0,0,0,0,0,0,0,0,1,0
trauma,urgent,none,False,45,1,0,0,0,0,0,0,0,1,0,0,0,0,0,0,0,0,0,0,0,0,0
obstetric,critical,mild,False,31,1,0,0,0,0,1,0,0,0,1,0,0,0,0,0,0,0,0,1,0,0,0
respiratory,urgent,none,False,35,1,0,0,0,0,0,1,0,1,0,0,0,0,0,1,0,0,0,0,0,0,0
cardiac,critical,none,False,38,1,1,0,0,0,0,0,0,0,1,0,1,0,0,1,0,0,0,0,1,0,0
respiratory,urgent,severe,False,21,1,0,0,0,0,0,1,1,0,0,0,0,0,0,0,0,0,1,0,1,1,0
poisoning,urgent,none,False,22,1,0,0,0,0,0,0,0,0,0,0,0,0,0,0,0,0,0,0,0,0,0
burns,stable,none,False,71,0,0,0,0,0,0,0,0,0,0,0,0,1,0,0,0,0,0,0,0,1,0
stroke,urgent,none,False,5,0,0,0,0,0,0,0,0,0,0,0,0,0,0,0,0,0,0,0,0,0,0
pediatric,urgent,severe,False,72,1,0,0,0,0,0,0,0,0,0,0,0,0,0,0,0,0,1,0,1,1,1
general,urgent,none,False,31,1,0,0,1,0,0,0,0,0,0,0,0,0,0,1,0,0,0,0,0,0,0
poisoning,critical,none,False,22,1,0,0,1,0,0,0,0,1,0,1,0,0,0,0,1,0,0,0,0,0,1
trauma,urgent,none,False,50,1,0,0,0,0,0,0,0,0,0,0,0,0,0,0,0,1,0,0,0,0,0
trauma,urgent,none,False,45,1,0,0,0,0,0,0,0,0,0,1,0,0,0,0,0,0,0,0,0,0,0
obstetric,urgent,none,False,38,0,0,1,0,0,1,0,1,0,1,0,0,0,0,0,0,0,0,0,0,0,0
trauma,stable,none,False,37,0,0,0,0,0,0,0,0,0,0,0,0,0,0,0,0,0,0,0,0,0,0
burns,urgent,none,False,4,1,0,0,0,0,0,1,0,0,0,0,0,0,0,0,0,0,0,0,1,0,0
trauma,stable,none,False,73,0,0,0,0,0,0,0,0,1,0,0,0,0,0,0,0,0,0,0,0,0,0
general,stable,none,False,79,1,1,0,0,0,0,0,0,0,0,0,0,0,0,0,0,0,0,0,0,0,1
burns,urgent,none,False,38,1,0,0,0,0,0,1,0,0,0,0,0,0,0,0,0,0,0,0,0,0,0
trauma,urgent,mild,False,13,0,0,0,0,0,0,0,0,0,0,0,0,0,0,0,0,0,0,0,0,0,0
trauma,urgent,mild,False,48,1,0,0,1,0,0,0,0,0,0,0,0,0,0,0,0,0,0,0,0,0,1
burns,urgent,none,False,24,1,0,0,0,0,0,0,0,0,0,0,0,0,0,1,0,0,0,0,0,0,0
stroke,urgent,mild,False,12,1,0,1,0,0,0,1,0,0,0,0,0,0,0,0,0,0,0,0,0,0,0
cardiac,urgent,none,False,17,1,0,0,0,0,0,0,0,0,0,0,0,0,0,0,0,0,0,0,0,0,0
burns,critical,none,False,52,1,0,0,0,0,0,0,0,0,1,1,0,0,0,1,0,0,0,0,0,0,0
poisoning,stable,none,False,69,0,0,0,0,0,0,0,0,1,0,0,0,0,0,0,0,0,0,0,0,0,0
pediatric,urgent,none,False,41,0,0,0,0,0,0,1,0,0,0,0,0,0,0,0,0,0,0,0,0,0,0
general,critical,none,False,24,1,0,0,0,0,0,1,1,0,1,0,0,0,0,0,0,0,0,0,0,0,0
obstetric,urgent,none,True,39,0,1,0,0,0,1,1,0,1,1,0,0,0,0,0,0,0,0,1,0,0,0
respiratory,critical,none,False,46,0,0,0,0,0,0,0,1,0,1,1,0,0,0,0,1,0,0,0,0,0,0
trauma,stable,none,False,35,0,0,0,1,0,0,0,0,0,0,0,0,0,0,0,0,1,0,0,0,0,0
obstetric,urgent,none,False,34,0,0,0,0,0,1,0,0,0,1,0,0,0,0,0,0,0,0,0,0,0,0
stroke,stable,none,True,33,0,0,0,0,0,1,0,0,0,0,0,0,0,0,0,0,0,0,0,0,0,0
stroke,critical,severe,False,65,1,0,1,0,0,0,0,0,0,1,0,0,1,0,0,0,0,1,0,0,1,1
poisoning,stable,severe,False,5,0,0,0,0,0,0,1,0,0,0,0,0,0,0,0,0,0,0,1,0,1,1
cardiac,critical,none,False,11,1,0,0,0,0,0,0,0,0,1,0,1,0,0,0,0,0,0,0,0,0,0
burns,stable,none,False,54,0,0,0,0,1,0,0,0,0,0,0,0,0,0,0,0,0,0,0,0,0,0
burns,urgent,severe,False,64,1,1,0,1,0,0,0,0,0,0,0,1,0,0,0,0,0,0,1,0,0,1
poisoning,stable,none,False,56,0,0,0,0,0,0,0,0,0,0,0,0,0,0,0,0,0,1,0,0,0,0
stroke,urgent,none,False,24,1,0,0,0,0,0,0,0,0,0,0,0,1,0,0,0,1,0,0,0,0,0
obstetric,stable,mild,False,40,0,0,0,0,0,0,0,1,0,0,0,1,0,0,0,0,0,0,0,0,0,0
obstetric,critical,mild,False,13,1,0,0,0,0,1,1,0,1,1,0,0,0,0,0,0,0,0,1,0,0,0
poisoning,stable,mild,False,40,0,0,0,0,0,0,0,0,1,0,0,0,0,0,0,1,0,0,0,0,0,0
respiratory,urgent,none,False,0,0,0,0,1,0,0,1,1,0,0,0,0,0,0,0,0,0,0,0,0,0,1
pediatric,critical,none,False,19,0,0,0,0,1,0,1,0,0,1,0,0,0,0,0,0,0,0,0,0,0,0
cardiac,critical,none,False,4,1,1,0,0,0,0,1,0,0,1,0,1,0,0,1,0,0,0,0,1,0,0
burns,urgent,severe,False,25,1,0,0,0,1,0,0,0,0,0,0,0,0,0,0,0,0,1,0,0,1,1
cardiac,urgent,none,False,17,1,1,0,0,0,0,0,0,0,1,0,0,0,0,1,0,0,0,0,0,0,0
trauma,stable,none,False,27,0,1,0,0,0,0,0,0,0,0,1,0,0,0,0,0,0,0,0,0,0,0
burns,critical,mild,False,56,0,0,0,0,1,0,0,0,0,1,1,0,0,1,0,0,0,0,0,0,0,0
obstetric,stable,mild,False,45,0,0,0,1,0,0,0,0,0,0,0,0,0,0,0,0,0,1,0,0,0,0
trauma,urgent,none,False,45,1,0,0,0,0,0,0,0,0,0,0,0,0,0,0,0,0,0,0,0,0,0
poisoning,urgent,none,False,29,1,0,0,0,0,0,0,0,1,0,0,0,0,0,0,0,0,0,0,0,0,0
respiratory,urgent,none,False,12,1,0,0,0,0,0,1,0,0,0,0,0,0,0,0,0,0,0,0,0,0,0
respiratory,stable,none,False,29,0,0,0,0,0,0,0,0,0,0,0,0,0,0,0,0,0,0,0,0,0,0
stroke,urgent,none,False,28,1,0,0,0,0,0,0,0,1,0,0,0,1,0,0,0,0,0,0,0,0,0
respiratory,critical,mild,False,40,1,1,0,0,0,0,0,1,0,1,1,0,0,0,0,0,0,0,0,0,1,0
respiratory,critical,severe,False,18,1,0,0,0,0,0,0,1,0,1,1,0,0,0,0,0,0,0,1,1,1,0
burns,stable,mild,False,66,1,0,0,0,0,0,0,0,0,0,0,0,0,0,0,0,0,0,1,0,0,0
burns,critical,none,False,41,1,0,0,0,1,0,0,0,0,0,1,0,0,0,0,0,0,0,0,0,0,0
obstetric,stable,none,False,21,0,0,0,0,0,0,0,0,0,0,0,0,0,0,0,0,0,0,0,0,0,0
general,urgent,severe,False,40,0,0,0,0,0,0,0,0,0,1,0,0,0,0,0,0,0,0,1,0,0,1
stroke,critical,none,False,43,0,0,1,0,0,0,0,0,0,1,0,0,0,0,0,0,0,0,0,0,0,0
stroke,stable,severe,False,80,0,0,0,0,0,0,0,0,0,0,0,1,0,0,0,0,0,1,0,0,1,1
cardiac,urgent,none,False,33,1,1,0,0,0,0,0,0,0,1,0,0,0,0,0,0,0,0,0,0,0,0
respiratory,urgent,mild,False,71,1,0,0,0,0,0,0,1,0,0,0,0,0,0,0,0,0,0,0,0,0,0
poisoning,urgent,mild,False,47,1,0,0,0,0,0,0,0,0,0,0,0,0,0,0,0,0,1,0,0,0,0
cardiac,urgent,none,False,26,1,1,0,0,1,0,0,0,0,0,0,0,0,0,0,0,0,0,0,0,0,0
poisoning,stable,none,False,31,0,0,0,0,0,0,0,0,0,0,0,0,0,0,0,0,0,0,0,0,0,0
cardiac,stable,none,False,53,1,0,0,0,0,0,0,0,1,0,0,0,0,0,0,0,0,1,0,1,0,0
trauma,stable,none,False,31,0,0,0,0,0,0,0,0,0,0,0,0,0,0,0,0,0,0,0,0,0,0
respiratory,urgent,severe,False,13,0,0,0,0,0,0,0,0,0,0,0,0,0,1,0,0,0,0,1,1,1,1
general,urgent,none,False,65,0,0,0,0,0,0,0,0,0,0,0,0,0,0,0,0,0,0,0,0,0,0
poisoning,critical,none,False,48,1,0,0,0,0,0,0,0,0,0,0,1,0,0,0,0,0,0,0,0,0,1
cardiac,stable,severe,False,38,0,0,0,0,0,0,0,0,0,0,0,0,0,0,0,0,0,1,0,0,0,0
burns,critical,mild,False,9,1,0,0,0,1,0,1,0,0,1,0,0,0,0,0,0,0,0,0,0,0,0
general,stable,none,False,62,0,0,0,0,0,0,0,0,0,0,0,0,0,0,0,0,0,0,0,0,0,0
general,critical,none,False,63,0,0,0,0,0,0,0,0,0,1,0,0,0,0,1,0,0,0,0,0,0,0
burns,critical,none,False,40,1,0,0,0,0,0,0,0,0,1,0,0,0,0,0,0,0,0,1,1,0,0
pediatric,critical,none,False,46,1,0,0,0,0,0,1,0,0,1,0,0,0,0,0,0,0,0,0,0,0,0
trauma,stable,none,False,76,0,0,0,0,1,0,0,0,0,0,0,0,0,0,0,0,0,0,0,0,0,0
obstetric,urgent,none,False,56,0,0,0,0,0,0,0,0,0,1,0,0,0,0,0,0,1,0,0,0,0,0
obstetric,stable,none,False,55,0,0,0,0,0,0,1,0,0,0,0,0,0,0,0,0,0,0,0,0,0,0
pediatric,urgent,mild,False,27,1,0,0,0,0,0,1,0,0,0,0,0,0,0,0,0,0,0,1,0,0,0
poisoning,stable,mild,False,32,0,0,0,0,0,0,0,0,0,0,0,0,0,1,0,0,0,0,0,0,1,0
respiratory,urgent,none,False,42,1,0,0,0,0,0,0,0,0,1,0,0,0,0,0,0,0,0,0,0,0,0
poisoning,stable,none,False,59,0,0,0,0,0,0,0,0,0,0,0,0,0,0,0,0,0,0,0,0,0,0
stroke,stable,none,False,26,0,0,0,0,1,0,0,0,0,0,0,0,0,0,0,0,0,0,0,0,0,0
pediatric,urgent,severe,False,41,0,0,0,0,0,0,0,0,0,0,0,0,0,0,0,0,0,1,1,0,0,0
stroke,critical,none,False,21,1,0,1,0,0,0,0,0,0,1,0,0,1,0,0,0,0,0,0,0,0,0
respiratory,stable,none,True,7,0,0,0,0,0,1,1,0,0,0,0,0,0,0,0,0,0,0,0,0,0,0
pediatric,urgent,severe,False,43,1,0,0,0,1,0,0,1,0,0,0,0,0,0,0,0,0,0,0,0,1,0
cardiac,urgent,none,False,19,1,1,0,0,0,0,0,0,0,1,0,0,0,0,0,0,0,0,0,0,0,0
general,critical,mild,False,37,1,0,0,0,1,0,0,0,0,1,0,0,0,0,0,0,0,0,0,0,0,0
general,critical,mild,False,83,1,0,0,0,1,0,0,0,0,1,0,0,0,0,0,0,0,0,0,1,0,0
trauma,critical,none,False,33,1,0,0,1,0,0,0,0,0,1,0,0,0,0,1,0,1,0,0,0,0,0
cardiac,urgent,mild,False,38,1,1,0,0,0,0,0,0,0,1,0,0,0,0,0,0,0,0,0,0,0,0
burns,critical,none,False,30,1,0,0,0,1,1,0,0,0,0,0,0,0,0,0,0,0,0,0,0,0,0
stroke,urgent,none,False,35,1,0,0,0,0,0,0,0,0,0,0,0,0,0,0,0,0,0,0,0,0,0
stroke,stable,none,False,57,0,0,0,0,0,0,0,0,0,0,0,0,0,0,0,0,0,0,0,0,0,0
cardiac,urgent,severe,False,26,1,1,0,0,0,0,0,0,0,1,0,0,0,0,0,0,0,1,0,0,1,0
obstetric,urgent,none,False,52,0,1,0,0,0,0,0,0,0,0,0,0,0,0,0,0,1,0,0,0,1,0
trauma,critical,severe,False,79,1,0,0,1,0,0,0,0,1,1,0,0,0,0,0,0,1,1,0,0,0,0
burns,stable,none,False,27,0,0,0,0,0,0,0,0,0,0,0,0,0,0,0,0,0,0,0,0,0,0
cardiac,stable,none,False,30,1,1,0,1,0,0,0,0,0,0,0,0,0,0,0,0,0,0,0,0,0,0
trauma,stable,mild,False,5,0,0,0,0,0,0,0,0,0,0,0,0,0,0,0,0,0,0,0,0,0,0
respiratory,stable,mild,False,37,0,0,0,0,0,0,0,0,0,0,0,0,0,0,0,0,0,0,1,0,0,0
respiratory,urgent,severe,False,46,1,0,0,0,0,0,0,1,0,0,0,0,0,0,0,0,0,0,0,1,0,1
burns,urgent,none,False,19,1,0,0,0,1,0,0,0,0,0,0,1,0,0,0,0,0,0,0,0,0,0
trauma,urgent,none,False,41,0,0,0,0,0,0,0,0,1,0,0,0,0,0,0,0,1,0,0,0,0,0
cardiac,critical,severe,False,20,1,1,1,0,0,1,0,0,0,1,0,0,0,0,0,0,0,1,1,1,1,0
pediatric,urgent,mild,False,78,0,0,0,0,0,0,0,0,0,0,0,0,0,1,0,0,0,1,0,0,0,0
pediatric,critical,mild,False,46,1,0,0,0,0,0,1,0,0,1,0,0,0,0,0,0,0,0,1,0,0,1
respiratory,urgent,none,False,42,0,0,0,0,0,0,0,0,0,0,0,0,0,0,0,0,0,0,0,1,0,0
stroke,stable,none,False,55,0,0,0,0,0,0,0,0,0,0,0,0,0,0,0,0,0,0,0,0,0,0
pediatric,stable,none,False,35,0,0,0,0,0,0,0,0,0,0,0,0,0,0,0,0,0,0,0,1,0,0
cardiac,critical,mild,True,1,1,1,0,0,0,0,0,0,0,1,0,1,0,0,0,0,0,0,0,0,0,0
respiratory,critical,severe,False,50,0,0,0,0,1,0,0,1,0,1,1,0,0,0,0,0,0,1,0,1,0,0
pediatric,critical,none,False,63,1,0,0,1,0,0,1,0,0,1,0,0,0,1,0,0,0,0,0,0,0,0
trauma,urgent,none,False,57,1,0,0,0,0,0,0,0,0,0,0,0,0,0,0,0,0,0,0,0,0,0
trauma,stable,severe,False,30,0,0,0,0,0,0,0,0,0,0,0,0,0,0,0,0,0,0,0,0,1,0
trauma,urgent,none,False,17,0,0,0,1,0,0,0,0,1,0,0,0,0,0,0,0,0,0,0,0,0,0
cardiac,critical,none,False,31,0,1,0,0,0,0,0,0,0,1,0,1,0,1,1,0,0,0,0,0,0,0
trauma,critical,mild,False,16,1,0,0,1,0,0,0,0,0,1,0,0,0,0,0,0,0,0,0,0,0,0
burns,urgent,none,False,15,1,0,0,0,1,0,0,0,0,0,0,0,0,0,0,0,0,0,0,0,0,0
burns,stable,none,False,22,0,0,0,0,0,0,0,0,0,0,0,0,0,0,0,0,0,0,0,0,0,0
obstetric,critical,none,False,35,0,0,0,0,0,1,0,0,1,1,0,0,0,0,0,0,0,0,0,0,0,0
pediatric,urgent,mild,False,59,0,0,0,0,0,1,0,0,0,0,0,0,0,0,0,0,0,0,0,0,0,1
pediatric,stable,none,False,2,0,0,0,0,0,0,0,0,0,0,0,0,0,0,0,0,0,0,0,0,0,0
cardiac,stable,none,False,50,0,0,0,0,0,0,0,0,0,0,0,0,0,0,0,0,1,0,0,0,0,0
cardiac,urgent,none,False,49,1,1,0,0,1,0,0,1,0,1,0,0,0,0,0,0,0,0,0,0,0,0
poisoning,critical,none,False,14,1,0,0,0,0,0,0,0,0,1,0,0,0,0,0,0,0,0,0,0,0,0
stroke,stable,none,False,37,0,0,0,0,0,0,0,0,1,0,0,0,0,0,1,0,0,0,0,0,0,0
pediatric,stable,mild,False,38,0,0,0,0,0,0,0,0,0,0,0,0,0,0,1,0,0,0,0,0,0,0
stroke,urgent,mild,False,28,1,0,1,0,0,0,0,0,1,0,0,0,1,0,0,0,0,0,0,0,0,0
cardiac,urgent,mild,False,15,1,1,0,0,0,0,0,0,0,1,0,0,0,0,0,0,0,0,0,0,0,0
poisoning,stable,none,False,53,0,0,0,0,0,0,0,0,0,0,0,0,0,0,0,0,0,0,0,0,0,0
cardiac,urgent,mild,False,14,1,0,0,0,0,0,0,0,0,1,1,0,0,0,0,0,0,0,0,0,0,0
cardiac,urgent,mild,False,48,1,1,0,0,0,0,0,1,0,1,0,0,0,0,0,0,0,0,0,0,0,0
stroke,stable,none,False,47,1,0,0,0,0,0,0,0,0,0,0,0,0,0,0,0,0,0,0,0,0,0
burns,critical,mild,False,45,1,0,0,0,1,0,0,0,0,1,0,0,0,0,0,0,0,0,0,0,0,0
stroke,urgent,mild,False,41,0,0,1,0,0,0,0,1,0,0,0,0,0,0,0,0,0,0,1,0,0,0
general,critical,none,False,21,0,0,0,0,0,0,0,0,0,1,0,0,0,0,0,0,0,0,0,0,0,0
stroke,urgent,none,False,36,1,0,1,0,0,0,0,0,0,0,0,0,1,0,0,0,0,0,0,0,0,0
trauma,urgent,none,False,57,1,0,0,0,0,0,0,0,0,0,0,0,0,1,0,0,0,0,0,0,0,0
trauma,urgent,severe,False,46,1,0,0,1,0,0,0,0,0,0,0,0,0,0,0,0,0,0,1,0,1,1
trauma,critical,none,False,45,1,0,0,1,0,0,0,0,0,0,0,0,0,0,0,0,1,1,0,0,0,0
respiratory,critical,none,False,55,1,0,0,0,0,0,0,1,1,1,0,1,0,0,0,0,0,0,0,0,0,0
stroke,critical,none,False,32,0,0,1,0,0,0,0,0,0,1,0,0,0,0,0,0,0,0,0,0,0,0
burns,urgent,none,False,26,1,0,0,0,0,0,0,0,0,0,0,0,0,0,0,0,0,0,0,0,0,0
pediatric,critical,mild,False,53,0,0,0,0,0,0,1,0,0,0,0,0,0,0,0,0,0,0,1,0,1,0
poisoning,critical,severe,False,43,1,0,0,0,0,0,0,0,0,1,0,0,0,0,0,1,0,1,1,0,0,0
burns,urgent,mild,False,7,1,0,0,0,0,0,0,0,0,0,0,0,0,0,0,0,1,0,0,0,0,0
trauma,stable,none,False,47,0,0,0,0,0,0,0,0,0,0,0,0,0,0,0,0,0,0,0,0,0,0
trauma,urgent,mild,False,89,0,0,0,1,0,0,0,0,0,0,0,0,1,0,0,0,0,0,0,0,0,0
burns,urgent,mild,False,23,1,0,0,0,1,0,0,0,0,0,0,0,0,0,1,0,0,1,1,0,1,0
burns,urgent,severe,False,47,1,0,0,0,0,0,0,0,0,0,0,0,0,0,0,0,0,0,1,0,1,1
poisoning,stable,none,False,52,0,0,1,0,0,0,0,0,0,0,0,0,0,0,0,0,0,0,0,0,0,0
poisoning,stable,none,False,33,0,0,0,0,0,0,0,0,0,0,0,0,0,0,0,0,0,0,0,0,0,0
poisoning,urgent,none,False,46,1,0,0,0,0,0,0,0,0,0,0,0,0,0,0,0,0,0,0,0,0,0
stroke,urgent,mild,False,26,1,0,0,0,0,0,0,0,0,0,0,0,1,0,0,0,0,0,0,0,0,1
burns,critical,mild,False,52,1,0,0,0,1,0,0,0,0,1,0,0,0,0,0,0,0,0,0,0,0,0
general,stable,none,False,69,0,0,1,1,1,0,0,0,0,0,0,0,0,0,0,0,0,0,0,0,0,0
obstetric,urgent,severe,False,37,0,0,0,0,0,1,0,0,0,0,0,0,0,0,0,0,0,1,1,1,0,0
burns,stable,none,False,22,0,0,1,0,0,0,1,0,0,0,0,0,0,0,0,0,0,0,0,0,0,0
burns,urgent,none,False,35,1,0,0,0,0,0,0,0,0,0,0,0,0,0,0,0,0,0,0,0,0,0
trauma,stable,none,False,46,0,0,0,0,1,0,1,0,1,0,0,0,0,0,0,0,0,0,0,0,0,0
respiratory,critical,none,False,6,1,0,0,0,0,0,1,1,0,1,1,0,0,0,0,0,0,0,0,0,0,0
burns,stable,severe,False,33,0,1,0,0,0,0,0,0,0,1,0,0,0,0,0,0,0,1,0,0,1,0
stroke,critical,none,False,65,1,0,1,0,0,0,0,0,0,1,0,0,1,0,0,0,0,0,0,0,0,0
trauma,urgent,none,False,36,0,0,0,1,0,0,0,0,0,0,0,0,1,0,0,0,0,0,0,0,0,0
respiratory,urgent,mild,False,29,0,0,0,0,0,0,0,0,1,0,0,0,0,0,0,0,0,0,0,0,0,0
cardiac,critical,mild,False,70,1,0,0,0,0,0,0,0,0,0,0,1,0,0,0,0,0,0,0,0,1,0
respiratory,urgent,none,False,32,1,0,0,0,0,0,0,0,0,0,0,0,0,0,0,0,0,0,0,0,0,0
burns,urgent,none,False,34,1,0,0,0,0,0,0,0,0,0,0,0,0,0,0,0,0,0,0,0,0,0
respiratory,stable,none,False,53,0,0,0,0,0,0,0,1,0,0,0,0,0,0,0,0,0,0,0,1,0,0
stroke,urgent,none,False,46,0,0,1,0,0,0,0,0,0,0,0,0,0,0,0,0,0,0,0,0,0,0
pediatric,critical,mild,False,21,1,0,0,0,0,0,1,0,0,1,0,0,0,0,0,0,0,0,0,0,1,1
poisoning,stable,severe,False,2,0,0,0,0,0,0,0,0,0,0,0,0,0,0,0,0,0,0,0,1,1,0
pediatric,stable,none,False,40,0,0,0,0,0,0,0,0,0,0,0,0,0,0,1,0,0,0,0,0,0,0
burns,critical,mild,False,90,1,0,0,0,0,0,0,0,0,1,0,0,0,0,0,0,0,0,0,0,0,0
stroke,stable,severe,False,57,0,0,0,0,0,0,0,0,0,0,0,0,0,0,0,0,0,1,1,0,1,1
poisoning,urgent,severe,False,14,1,0,0,0,0,0,0,0,0,0,1,0,0,0,0,0,0,0,1,1,0,1
general,critical,mild,False,64,1,0,0,0,0,0,0,0,0,1,0,0,1,0,0,0,0,0,0,0,0,0
burns,urgent,mild,False,44,1,0,0,0,1,0,0,1,0,0,0,0,0,0,0,0,0,0,0,0,1,1
cardiac,urgent,none,False,35,0,0,0,0,0,0,0,0,0,1,0,0,1,0,0,0,0,0,0,0,0,0
pediatric,urgent,mild,False,43,1,0,0,0,0,0,1,0,0,0,0,0,0,0,0,0,0,0,0,0,1,0
poisoning,urgent,none,False,68,1,0,0,0,0,0,0,0,0,0,0,0,0,0,0,0,0,0,0,0,0,0
burns,critical,none,False,64,1,0,0,0,0,0,0,0,1,0,0,0,0,0,0,0,0,0,0,0,0,0
pediatric,stable,severe,False,51,0,0,0,0,0,0,0,0,0,0,0,0,0,0,0,0,0,1,0,0,1,0
burns,critical,severe,False,49,1,0,0,0,1,0,1,0,0,1,0,0,0,0,0,0,0,1,1,0,0,1
burns,urgent,none,False,14,1,0,0,0,1,0,0,0,0,0,0,0,0,0,0,0,0,0,0,0,0,0
stroke,urgent,mild,False,78,0,0,0,0,0,0,0,0,0,0,0,0,0,0,0,0,0,1,0,0,0,0
cardiac,critical,none,False,53,1,1,0,0,0,0,0,0,0,1,0,1,0,0,1,1,0,0,0,0,0,0
general,urgent,none,False,53,0,1,0,0,0,0,0,0,1,0,0,0,0,0,0,0,0,0,0,0,1,0
trauma,urgent,none,False,48,1,0,0,1,0,0,0,0,0,0,0,0,0,0,0,0,0,0,0,0,0,0
respiratory,stable,none,False,8,0,0,0,0,0,0,1,0,0,0,0,0,0,0,0,0,0,0,0,0,0,0
trauma,stable,mild,False,57,0,0,0,0,0,0,0,0,0,0,0,0,0,0,0,0,0,0,0,0,0,0
pediatric,critical,none,False,29,0,0,0,1,0,0,1,0,0,1,0,0,0,0,0,0,0,0,0,0,0,0
general,critical,mild,False,74,1,0,0,0,0,0,0,0,0,1,0,0,0,0,0,0,0,0,0,1,0,0
stroke,critical,mild,False,40,1,0,1,1,0,0,0,0,0,1,0,1,1,0,0,0,0,0,0,0,0,0
respiratory,stable,none,False,4,0,0,0,0,0,0,1,0,0,0,0,0,0,0,0,1,0,0,0,0,0,0
respiratory,stable,none,False,40,0,0,0,0,0,0,0,0,1,0,0,0,0,0,0,0,0,0,0,0,0,0
respiratory,stable,severe,False,13,0,0,0,0,0,0,0,0,0,0,0,0,0,0,0,0,0,0,0,1,0,1
pediatric,stable,severe,False,36,0,0,0,0,0,0,0,0,1,0,0,0,0,0,0,0,0,1,0,1,0,0
general,stable,mild,False,0,1,0,0,0,0,0,0,0,0,0,0,0,0,1,0,0,0,0,0,1,0,1
burns,critical,none,False,59,1,0,0,0,1,0,0,0,0,1,1,0,0,0,0,0,0,0,0,0,0,0
poisoning,stable,mild,False,39,0,0,0,0,0,0,0,0,0,0,0,0,0,0,0,0,0,0,0,1,0,0
obstetric,urgent,none,True,46,0,0,0,0,0,0,0,0,0,1,0,0,0,0,0,0,0,0,0,0,0,0
trauma,urgent,none,False,45,1,0,0,1,0,0,0,0,0,0,0,0,0,0,0,0,0,0,0,0,0,0
general,critical,mild,False,66,1,0,0,0,0,0,0,0,0,1,0,0,0,0,0,0,0,0,0,0,0,0
trauma,critical,none,False,11,1,0,0,0,0,1,0,0,1,0,0,0,0,0,1,1,1,1,0,0,0,0
burns,critical,mild,False,17,1,0,0,0,1,0,0,0,0,1,0,0,0,0,0,0,0,0,0,0,0,1
poisoning,critical,none,False,37,1,0,0,0,0,0,0,0,1,1,0,0,0,0,1,1,0,1,0,0,0,0
burns,urgent,none,False,14,0,0,0,0,0,0,0,0,0,0,0,0,0,0,0,0,0,0,0,0,0,0
burns,critical,mild,False,65,1,0,0,0,0,0,0,0,0,1,0,0,0,0,0,0,1,0,0,0,1,0
poisoning,stable,mild,False,41,0,0,0,0,0,0,0,0,0,0,0,0,0,0,0,0,0,0,0,0,0,0
trauma,urgent,none,False,53,1,0,0,0,0,0,0,0,1,0,0,0,0,0,0,0,0,0,0,0,0,0
obstetric,stable,mild,False,16,0,0,0,0,0,0,0,0,0,0,0,0,0,0,0,0,0,0,0,0,0,1
burns,urgent,mild,False,18,1,0,0,0,0,0,0,0,0,0,0,0,0,0,0,0,0,0,0,0,0,0
poisoning,critical,mild,False,37,1,0,0,0,0,0,0,0,0,1,0,0,0,0,0,0,0,0,0,0,0,1
general,urgent,none,False,33,0,0,0,0,0,0,0,0,0,0,0,0,0,0,1,0,0,0,0,0,0,0
general,urgent,mild,False,59,1,1,0,0,0,0,0,0,0,1,0,0,0,0,0,1,0,1,0,0,0,0
respiratory,critical,mild,False,30,1,0,0,0,0,0,0,1,0,1,1,0,0,1,0,0,0,0,0,0,0,0
poisoning,critical,mild,False,78,1,0,0,1,0,0,0,0,0,1,1,0,0,0,0,0,1,1,0,0,0,1
burns,urgent,mild,False,0,1,0,0,0,1,0,1,0,0,0,0,0,1,0,0,0,0,0,0,0,0,1
poisoning,urgent,none,False,27,1,0,0,0,0,0,0,0,0,0,0,0,0,0,0,0,0,0,0,0,0,0
obstetric,urgent,none,False,47,0,0,0,0,0,1,0,0,0,0,0,0,0,0,0,0,0,0,0,0,0,0
obstetric,critical,none,False,56,0,0,0,0,0,1,0,0,1,0,0,0,0,0,0,0,1,0,1,0,0,0
stroke,stable,severe,False,48,0,0,0,0,0,1,0,0,0,0,0,0,0,0,0,0,0,0,0,1,0,1
burns,stable,none,False,24,0,0,1,0,0,0,0,0,0,0,0,0,0,0,0,0,0,0,0,0,0,0
trauma,critical,none,False,12,1,0,0,1,0,0,1,0,1,1,0,0,0,0,0,0,0,0,0,0,0,0
stroke,stable,severe,False,17,0,0,0,0,0,0,0,0,0,0,0,1,0,0,0,0,0,1,1,0,0,1
obstetric,stable,none,False,36,0,0,0,0,0,0,0,0,0,0,0,0,0,0,0,0,0,0,0,0,0,0
burns,critical,none,False,35,1,0,0,0,0,0,0,0,0,0,0,0,0,0,0,0,0,0,0,0,0,0
pediatric,urgent,none,False,16,1,0,0,0,0,0,0,0,0,0,0,0,0,0,0,0,0,0,0,0,0,0
burns,urgent,severe,False,0,1,0,0,0,0,0,1,0,0,1,0,0,0,0,0,0,0,0,0,0,1,1
pediatric,stable,none,False,63,0,0,0,0,0,0,0,0,0,0,0,0,0,0,1,0,0,0,1,0,0,0
burns,urgent,none,False,22,0,0,0,1,0,0,0,0,0,0,0,0,0,0,0,0,0,0,0,0,0,0
burns,critical,none,False,30,1,0,0,0,1,1,0,0,0,1,1,0,0,0,0,0,0,0,0,0,0,0
respiratory,urgent,severe,True,27,1,0,0,0,0,0,0,0,0,0,0,0,0,1,0,0,0,0,0,1,1,0
stroke,stable,severe,False,51,0,0,0,0,0,0,0,0,0,0,0,0,0,0,0,0,0,1,0,1,1,1
obstetric,stable,mild,False,48,0,0,0,0,0,1,0,0,0,0,0,0,0,0,0,0,0,1,0,0,0,0
pediatric,urgent,none,True,16,1,0,0,0,0,1,1,0,0,0,0,0,0,0,0,0,0,0,0,0,0,0
trauma,stable,none,False,53,0,0,0,1,0,0,0,0,0,1,1,0,0,0,0,0,0,0,0,0,0,0
pediatric,urgent,none,False,0,0,0,0,0,0,0,1,0,0,0,0,0,0,1,0,0,1,0,0,0,0,0
pediatric,urgent,none,True,69,1,0,0,0,0,1,1,0,0,0,0,0,0,0,0,0,0,0,0,0,0,0
respiratory,stable,severe,False,22,0,0,0,0,0,0,0,1,0,0,0,0,0,0,0,0,0,1,0,0,1,1
stroke,stable,none,False,29,0,0,0,0,0,0,0,0,0,0,0,0,0,0,0,0,0,0,0,0,0,0
general,urgent,none,False,39,1,0,0,0,0,0,0,0,0,1,0,0,0,0,0,0,0,1,0,1,0,0
cardiac,stable,mild,False,69,1,1,0,0,0,0,0,0,0,0,0,0,0,0,0,0,0,0,0,0,0,1
cardiac,stable,mild,False,51,1,1,0,0,0,0,0,0,0,0,0,0,0,0,0,0,0,0,0,0,0,0
pediatric,critical,mild,False,53,0,0,0,0,0,0,0,1,1,0,0,0,0,0,0,0,0,0,1,0,0,0
cardiac,urgent,mild,False,52,0,1,0,0,0,0,1,0,0,1,0,0,0,0,0,0,0,1,1,0,0,0
cardiac,urgent,none,False,59,1,1,0,0,0,0,0,0,0,1,0,0,0,0,0,0,0,0,0,0,0,0
pediatric,urgent,severe,False,43,0,0,0,0,0,0,0,0,0,0,0,0,0,0,0,0,0,1,0,1,1,1
general,stable,none,False,13,0,0,0,0,0,0,1,0,0,0,0,0,0,0,0,0,0,0,0,0,0,0
obstetric,critical,none,False,54,0,0,0,0,0,0,0,1,0,1,0,0,0,0,0,0,0,0,0,0,0,0
obstetric,stable,none,False,46,0,0,0,0,0,0,0,0,0,0,0,0,0,0,0,0,0,0,0,0,0,0
general,stable,none,False,17,0,0,0,0,0,0,0,0,0,1,0,0,0,0,0,0,0,0,0,0,0,0
poisoning,urgent,mild,False,25,1,0,0,0,0,0,0,0,0,0,0,0,0,0,0,0,0,0,0,0,0,0
respiratory,critical,none,False,32,1,0,0,0,1,0,0,0,0,1,1,0,0,0,0,0,0,0,0,0,0,1
stroke,urgent,none,False,29,1,0,1,0,0,0,0,0,1,0,0,0,0,0,0,0,0,0,0,0,0,0
general,critical,none,False,32,1,0,0,0,0,0,0,0,0,1,0,0,0,0,0,0,0,0,0,0,0,0
respiratory,stable,none,True,8,0,0,0,0,0,1,1,0,1,0,0,0,0,0,0,0,0,0,0,0,0,0
pediatric,urgent,none,False,43,1,1,0,0,0,0,1,0,0,0,0,0,0,0,0,0,0,0,0,0,0,0
respiratory,urgent,mild,False,41,0,0,0,0,0,0,0,1,0,0,0,0,0,0,0,0,0,0,0,0,0,0
respiratory,critical,mild,False,21,1,0,1,0,0,0,0,1,0,1,1,0,0,0,0,0,0,1,0,0,0,0
stroke,urgent,none,False,28,0,0,0,0,0,0,0,0,1,0,0,0,0,0,0,0,0,0,1,0,0,0
obstetric,critical,mild,False,43,1,0,0,0,0,1,0,0,1,1,0,0,0,0,0,0,0,0,1,1,1,0
stroke,urgent,none,True,56,1,1,1,0,0,0,0,0,0,0,0,0,1,0,0,0,0,0,0,0,0,1
burns,urgent,severe,False,32,1,0,0,0,1,0,0,0,1,0,0,0,0,0,0,0,0,1,0,0,1,0
pediatric,critical,none,False,24,1,0,0,0,0,0,1,0,0,1,0,0,0,0,0,0,0,0,0,0,0,0
cardiac,critical,none,False,1,1,1,0,0,0,0,0,0,0,1,0,0,0,0,1,1,0,0,0,0,0,0
respiratory,critical,none,False,60,1,0,0,0,0,0,0,0,1,1,0,0,0,0,0,0,0,0,0,0,0,0
stroke,urgent,none,False,32,1,0,0,0,0,0,0,0,0,0,0,0,0,0,0,0,0,0,0,0,0,0
stroke,critical,none,False,12,1,0,0,0,1,0,1,0,0,1,0,0,0,0,0,0,0,0,0,0,0,0
respiratory,urgent,none,False,61,0,0,0,0,0,0,0,1,0,0,0,0,1,0,0,0,0,0,0,0,0,0
general,critical,mild,False,53,1,0,0,0,0,0,0,0,0,1,0,0,0,0,0,0,0,0,0,0,1,0
respiratory,stable,none,False,49,0,0,0,0,0,1,0,1,0,0,0,0,0,1,0,0,0,0,0,0,0,0
stroke,urgent,none,False,34,1,0,1,0,0,0,0,0,1,0,0,0,0,0,0,0,0,0,0,0,0,0
pediatric,urgent,severe,False,25,1,0,0,0,0,0,1,0,0,0,0,0,0,0,0,0,0,0,0,1,0,1
stroke,urgent,none,False,62,1,0,1,0,0,0,0,0,0,0,0,0,0,0,0,0,0,1,0,0,0,0
respiratory,stable,none,False,8,0,0,0,0,0,0,1,0,0,0,0,0,0,0,0,0,0,0,0,0,0,0
pediatric,stable,none,False,34,0,0,0,0,0,0,0,0,0,0,0,0,0,0,1,0,0,0,0,0,0,0
respiratory,urgent,severe,False,87,1,0,0,0,0,0,0,0,0,0,0,0,0,0,0,1,0,0,1,0,1,1
obstetric,stable,none,False,44,0,0,0,0,0,0,0,0,0,0,0,0,0,0,0,0,0,0,0,0,0,0
respiratory,urgent,severe,False,46,1,0,0,0,0,0,0,0,0,0,0,0,0,0,0,0,0,1,1,0,1,0
general,stable,none,False,56,1,0,0,0,0,0,1,0,0,0,0,0,0,0,0,0,0,0,0,0,0,0
pediatric,urgent,none,False,34,1,0,0,0,0,0,1,0,1,0,1,0,0,0,0,0,0,0,0,0,0,0
cardiac,urgent,mild,False,50,0,0,0,0,0,0,0,0,0,1,0,0,0,0,1,0,0,0,0,0,0,1
general,urgent,none,False,24,0,0,0,0,0,1,0,0,0,0,1,0,0,0,0,0,0,0,0,0,0,0
stroke,urgent,severe,False,45,1,0,1,0,0,0,0,0,0,0,0,0,0,0,0,0,0,1,0,0,1,1
obstetric,stable,none,True,2,0,0,0,0,0,0,0,0,0,0,0,0,0,0,1,0,0,0,0,0,0,0
stroke,urgent,none,False,73,1,1,1,0,0,0,0,0,0,0,0,0,0,0,0,0,0,0,0,0,0,0
trauma,critical,mild,False,31,1,0,0,1,0,0,0,0,0,1,0,0,0,0,0,0,0,1,0,0,0,0
burns,stable,none,False,30,0,0,0,0,0,0,0,0,1,0,1,0,0,0,0,0,0,0,0,0,0,0
cardiac,stable,mild,False,19,1,0,0,0,0,0,0,0,0,0,0,1,0,0,0,0,0,0,0,0,0,0
respiratory,stable,severe,False,29,0,1,0,0,0,0,0,0,0,0,0,0,0,0,0,0,0,0,1,0,1,0
burns,stable,none,False,57,0,0,0,0,0,0,0,0,0,0,0,0,0,0,0,0,0,0,0,0,0,0
cardiac,stable,severe,False,48,0,1,0,0,0,0,0,0,1,0,0,0,0,0,0,0,1,1,1,1,0,0
cardiac,urgent,mild,False,44,1,1,0,0,0,0,0,0,0,1,1,0,0,0,0,0,0,0,0,0,0,0
stroke,urgent,mild,False,15,0,0,1,0,0,0,0,0,0,0,0,0,1,0,0,0,0,0,0,1,0,0
respiratory,urgent,none,False,38,1,0,0,0,0,0,0,1,1,0,0,0,0,1,0,0,0,1,0,0,1,0
obstetric,critical,mild,False,34,1,0,0,0,0,0,0,0,1,1,1,0,0,0,0,0,0,0,1,0,0,1
obstetric,urgent,none,False,55,0,0,0,0,0,1,0,0,0,1,0,0,0,0,0,0,0,0,0,0,0,0
respiratory,stable,none,False,70,0,0,0,1,0,0,0,0,0,0,0,0,0,0,0,0,0,0,0,0,0,0
poisoning,stable,none,True,27,0,0,0,0,0,1,0,0,0,0,0,0,0,0,0,0,0,0,0,0,0,0
respiratory,critical,none,False,17,1,0,0,0,0,0,0,1,0,1,1,0,0,0,0,0,0,0,0,0,0,0
respiratory,stable,mild,False,34,0,1,0,0,0,0,0,0,0,0,0,0,0,0,0,1,0,0,0,0,0,0
general,urgent,none,False,39,1,0,0,0,0,0,0,0,0,1,0,0,0,0,0,0,0,0,0,0,0,0
cardiac,critical,none,False,49,1,1,0,0,0,0,0,0,0,0,0,1,0,0,1,0,0,0,0,0,0,0
cardiac,critical,none,False,5,0,0,0,0,0,0,0,0,0,1,0,0,0,0,1,0,0,0,1,0,0,0
pediatric,urgent,mild,False,34,1,0,0,0,1,0,0,0,1,0,0,0,0,0,0,1,0,0,0,0,0,1
poisoning,critical,none,False,11,1,0,0,0,0,1,0,0,0,0,0,0,0,0,0,1,0,0,0,0,0,0
burns,urgent,none,False,50,1,0,0,0,1,0,0,0,0,0,0,0,0,0,0,0,0,0,0,0,0,0
trauma,stable,none,False,52,0,0,0,0,0,0,0,1,0,0,0,0,0,0,0,0,0,0,0,0,0,0
trauma,urgent,mild,False,46,0,0,0,1,0,0,0,0,0,0,0,0,0,0,0,0,0,0,0,0,0,0
pediatric,critical,none,False,32,0,0,0,0,0,0,1,0,0,0,0,0,0,0,0,0,0,1,0,0,0,0
pediatric,stable,none,False,44,0,0,0,1,0,0,0,0,0,0,0,0,0,0,0,0,0,0,0,0,0,0
cardiac,urgent,none,False,46,1,1,0,0,0,0,0,0,0,1,0,0,0,0,0,0,0,0,0,0,0,0
burns,urgent,none,False,45,1,0,0,0,0,0,0,0,0,0,0,0,0,0,0,0,0,0,0,0,0,0
trauma,urgent,mild,False,28,1,0,0,1,0,0,0,0,0,1,0,0,0,0,0,0,0,0,0,0,1,1
pediatric,stable,mild,False,48,0,0,0,0,0,0,1,0,0,0,0,0,0,1,0,0,0,0,1,0,1,0
burns,urgent,mild,False,21,1,0,0,0,1,0,0,0,0,0,0,0,0,0,0,0,0,0,0,0,0,0
respiratory,stable,none,False,2,0,0,0,0,0,0,1,0,1,0,1,0,0,0,0,1,0,0,0,0,0,0
trauma,critical,none,False,49,1,0,0,1,0,0,0,0,1,1,0,0,0,0,0,0,0,0,0,0,0,0
cardiac,stable,mild,False,63,1,0,0,0,0,0,0,1,0,0,0,0,0,0,0,0,0,1,0,0,0,0
pediatric,stable,none,False,45,0,0,0,0,0,0,0,0,0,0,0,0,0,0,0,0,0,0,0,0,0,0
general,critical,none,False,46,1,0,0,0,0,0,0,0,0,1,0,0,0,0,0,0,0,0,0,0,0,1
pediatric,stable,none,False,13,0,0,0,0,0,0,0,0,0,0,0,0,0,0,0,0,0,0,0,0,0,0
stroke,critical,severe,False,43,1,0,1,0,0,0,0,0,0,1,0,0,1,1,0,0,0,0,0,0,1,1
respiratory,stable,none,False,41,0,0,0,0,0,0,0,0,0,0,0,0,0,0,0,0,0,0,0,0,0,0
cardiac,urgent,none,False,4,1,0,0,0,0,0,1,0,0,1,0,0,0,0,0,0,0,0,0,0,0,0
obstetric,urgent,none,False,56,0,0,0,0,0,1,0,0,0,1,0,0,0,0,0,0,0,0,0,0,0,0
poisoning,urgent,severe,False,40,1,0,0,0,0,0,0,0,0,0,0,0,0,0,0,0,0,0,0,0,1,1
pediatric,critical,severe,False,38,1,0,0,0,0,0,1,0,0,1,0,0,0,0,0,0,0,0,1,1,0,0
pediatric,urgent,none,False,13,1,0,0,0,0,0,1,1,0,1,0,0,0,0,0,0,0,0,0,0,0,0
obstetric,critical,mild,False,25,1,0,0,0,0,1,0,0,0,1,0,0,1,0,0,0,0,0,0,0,0,0
poisoning,stable,mild,False,4,0,0,0,0,0,0,1,0,0,0,0,0,0,0,0,0,0,0,0,0,0,0
trauma,critical,none,False,31,1,0,0,1,1,0,0,0,0,0,0,0,0,0,0,0,1,0,0,0,0,0
stroke,stable,none,False,69,0,0,0,0,0,0,0,0,0,0,0,0,0,0,0,0,0,0,0,0,1,0
obstetric,stable,none,False,14,0,0,0,0,0,0,0,0,1,0,0,0,0,0,0,0,0,0,0,0,0,0
pediatric,critical,none,False,24,0,0,0,0,0,0,1,0,0,0,0,0,0,0,0,0,0,0,0,0,0,0
pediatric,stable,severe,False,23,0,0,0,0,0,0,1,0,0,0,0,0,0,0,0,0,0,1,1,1,0,1
pediatric,stable,none,False,63,0,0,0,0,0,1,0,0,1,0,0,0,0,0,0,0,0,0,0,0,0,0
cardiac,urgent,none,False,35,1,0,0,0,0,0,0,0,0,1,0,0,0,0,1,0,0,0,0,0,0,0
obstetric,critical,mild,False,10,1,0,0,0,0,1,0,0,1,1,0,0,0,0,0,0,1,1,0,0,0,0
respiratory,critical,none,False,67,1,0,0,0,0,0,0,1,0,1,1,0,0,0,0,0,0,0,0,0,0,1
general,urgent,mild,False,56,1,0,0,0,0,0,0,0,0,1,0,0,0,0,0,0,0,0,0,1,1,1
pediatric,urgent,none,False,42,1,0,0,0,0,0,1,0,1,0,0,0,0,0,0,0,0,0,0,0,0,0
burns,urgent,none,False,37,1,0,0,0,0,0,0,0,0,0,0,0,0,0,0,0,0,0,0,0,0,0
stroke,critical,mild,False,54,1,0,0,0,0,0,0,0,0,0,0,0,0,0,0,0,0,1,0,0,0,0
burns,urgent,severe,False,68,1,0,0,0,1,0,0,0,0,0,0,0,0,0,0,0,0,1,0,0,0,0
pediatric,critical,mild,False,64,1,0,0,0,0,0,0,0,1,1,1,0,0,0,0,0,0,0,0,0,0,1
respiratory,stable,severe,False,11,0,0,0,0,0,0,0,0,0,0,0,0,0,0,0,0,0,0,0,1,1,0
cardiac,urgent,none,False,31,1,1,0,0,0,0,0,0,1,1,0,0,0,0,0,0,0,0,0,0,0,0
pediatric,critical,none,False,30,1,0,0,0,0,1,1,0,1,0,0,0,0,1,0,0,0,0,0,0,0,0
general,urgent,none,False,30,1,0,1,0,0,0,0,0,0,1,0,0,0,0,0,0,0,0,0,0,0,0
pediatric,urgent,severe,False,41,1,0,0,0,0,0,1,0,0,0,0,0,0,0,0,0,0,1,0,1,0,0
stroke,stable,none,False,18,0,0,0,0,0,0,0,0,0,0,0,0,0,0,0,0,0,0,0,0,0,0
trauma,critical,none,False,0,1,0,0,0,0,0,0,0,1,1,0,0,0,0,0,0,1,1,0,0,0,0
stroke,urgent,none,False,25,0,0,1,0,0,0,0,0,0,0,0,0,1,0,0,0,0,0,0,0,0,0
burns,stable,severe,False,42,0,0,0,0,1,0,0,0,0,0,0,0,0,0,0,0,0,1,1,1,0,0
trauma,urgent,mild,False,18,0,0,0,1,0,0,0,0,0,0,0,0,0,0,0,0,0,0,0,1,0,0
obstetric,stable,none,True,35,0,0,0,0,0,0,0,0,0,0,0,0,0,0,0,0,0,0,0,0,0,0
general,urgent,mild,False,64,1,0,0,0,0,0,0,0,0,1,1,0,0,0,0,1,0,0,0,0,0,0
poisoning,stable,none,False,35,1,0,0,0,0,0,0,0,0,0,0,0,0,0,0,0,0,0,0,0,0,0
respiratory,stable,none,False,26,1,0,0,0,0,0,0,0,0,0,0,0,0,0,0,0,0,0,0,0,0,0
obstetric,urgent,none,False,46,0,0,0,0,0,1,0,0,0,1,0,0,0,0,0,0,0,0,0,0,0,0
general,critical,severe,False,57,1,0,0,0,1,0,0,0,0,1,0,0,0,0,0,0,0,1,0,0,1,1
poisoning,urgent,mild,False,47,1,0,0,0,0,0,0,0,0,1,0,0,0,0,0,0,0,1,1,0,1,0
cardiac,stable,severe,False,39,0,0,1,0,0,0,0,1,0,0,0,0,0,0,0,0,0,1,0,0,0,0
trauma,urgent,none,False,64,1,0,0,0,0,0,0,0,0,0,0,0,0,0,0,0,0,0,0,0,0,0
trauma,urgent,none,False,13,1,0,0,0,0,0,1,0,0,0,0,0,0,0,0,0,0,0,1,0,0,0
pediatric,urgent,none,False,30,1,0,0,0,0,0,1,0,0,0,0,0,0,0,0,0,0,0,0,0,0,0
stroke,critical,severe,False,36,1,0,1,0,0,0,0,0,1,1,0,0,0,0,0,0,0,1,1,0,0,1
cardiac,stable,severe,False,33,1,1,0,0,0,0,0,0,0,0,1,0,0,1,0,0,0,0,1,0,0,1
respiratory,stable,none,False,15,0,0,0,0,0,0,0,0,0,0,0,0,0,0,0,0,0,0,0,0,0,0
obstetric,critical,mild,False,18,1,0,0,0,0,1,0,0,1,1,0,0,0,0,0,0,1,0,1,0,1,1
pediatric,critical,mild,False,43,1,0,0,0,0,0,1,0,0,1,0,0,0,0,0,0,0,0,1,0,0,1
stroke,urgent,mild,False,20,1,0,0,0,0,0,0,0,0,0,0,0,1,0,0,0,0,0,0,0,0,0
respiratory,stable,none,False,0,1,0,0,0,0,0,1,0,0,0,0,0,0,0,0,0,0,0,0,0,0,0
trauma,urgent,none,False,40,1,0,1,1,0,0,0,0,0,1,0,0,0,0,0,0,0,0,0,0,0,0
general,urgent,none,False,49,1,1,0,0,0,0,0,0,0,1,0,0,0,0,0,0,0,0,0,0,0,0
obstetric,stable,none,False,39,0,0,0,0,0,0,0,0,0,0,0,0,0,0,0,0,0,0,0,0,0,0
general,critical,none,False,63,0,0,0,0,0,0,0,0,0,0,0,0,1,0,0,0,0,0,0,0,0,0
cardiac,critical,none,False,29,1,1,0,0,0,0,0,0,0,1,0,1,0,0,0,0,0,0,0,0,0,0
respiratory,urgent,none,False,54,1,0,1,0,0,0,0,1,1,0,0,0,0,0,0,0,0,0,0,0,0,0
general,stable,none,False,59,1,0,0,0,0,0,0,0,0,0,0,0,0,0,0,0,1,0,0,0,0,0
pediatric,stable,severe,False,45,0,0,0,0,0,0,0,0,0,0,1,0,0,0,0,0,1,0,0,0,1,0
cardiac,stable,none,False,30,1,0,0,0,0,0,0,0,0,0,0,0,0,0,0,0,0,0,0,0,0,0
poisoning,critical,mild,False,55,1,0,0,1,0,0,0,0,0,1,0,0,0,0,0,0,0,1,0,0,0,0
poisoning,stable,none,False,61,0,0,0,0,0,0,1,0,0,0,0,0,0,0,0,0,0,0,0,0,0,0
poisoning,stable,none,False,45,0,0,0,0,0,0,0,0,0,0,0,1,1,0,0,0,0,0,0,0,0,0
general,stable,none,False,11,0,0,0,0,0,1,1,0,0,0,0,0,0,0,0,0,0,0,0,0,0,0
pediatric,urgent,none,False,49,1,0,0,0,0,0,0,0,1,0,0,0,0,0,0,0,0,0,0,0,0,0
stroke,stable,severe,False,38,0,0,0,0,0,0,0,0,0,0,0,0,0,0,0,0,0,0,0,0,0,1
pediatric,critical,mild,False,58,0,0,0,0,0,0,1,0,1,1,0,0,0,0,0,0,0,0,0,0,0,0
respiratory,stable,none,True,28,0,0,0,0,0,0,0,0,1,0,0,0,0,0,0,0,0,0,0,0,1,0
poisoning,urgent,none,False,38,1,0,0,1,0,0,0,0,0,0,0,0,0,0,0,0,0,0,0,0,0,0
respiratory,urgent,severe,False,44,0,0,0,0,0,0,0,0,0,0,0,0,0,0,0,0,0,1,1,1,0,0
poisoning,critical,none,False,52,1,0,0,0,0,1,0,0,0,1,0,0,0,0,0,1,0,0,0,0,1,0
burns,urgent,none,False,49,1,0,0,0,0,0,0,0,0,0,0,0,0,0,0,0,0,0,0,0,0,0
burns,critical,none,False,47,1,0,0,0,1,0,0,0,0,1,1,0,1,0,0,0,0,0,0,0,0,0
stroke,stable,none,False,47,0,0,0,0,0,0,0,0,0,0,0,0,0,0,0,0,0,0,0,0,0,0
obstetric,critical,mild,False,60,0,0,0,0,0,1,0,0,1,1,0,0,0,0,0,0,0,0,0,1,1,0
burns,critical,none,False,56,1,1,0,0,1,0,0,0,1,1,0,0,0,0,0,0,0,0,0,0,0,0
pediatric,critical,none,False,40,1,0,0,0,0,0,1,0,0,1,0,0,0,0,0,0,0,0,0,0,0,0
general,stable,none,False,46,0,0,0,0,0,0,0,0,0,0,0,0,0,0,0,0,0,0,0,0,0,0
trauma,urgent,none,False,22,1,0,0,0,0,0,1,0,0,0,0,0,0,0,0,0,0,0,0,0,0,0
burns,urgent,mild,False,60,0,0,0,0,0,0,0,0,0,0,0,0,0,0,0,0,0,0,1,0,0,1
trauma,stable,severe,False,31,0,0,0,0,0,0,0,0,0,0,0,0,0,0,1,0,0,1,0,0,0,1
obstetric,urgent,none,False,64,0,0,1,0,0,1,0,0,0,1,0,0,0,1,0,0,0,0,1,0,0,0
pediatric,urgent,mild,False,42,1,0,0,0,0,0,1,0,0,0,0,0,0,0,0,0,1,0,0,1,0,0
general,stable,none,False,18,1,1,0,0,0,0,0,0,0,0,0,0,0,0,0,0,0,0,0,0,0,0
burns,urgent,none,False,26,1,0,1,0,0,0,1,0,0,0,0,0,0,0,0,0,0,0,0,0,0,0
trauma,critical,none,False,3,0,0,0,1,0,0,0,0,1,1,0,0,0,0,0,0,0,1,0,1,0,0
respiratory,critical,mild,False,37,1,0,0,0,0,1,0,1,0,1,0,0,0,0,0,0,0,0,0,0,0,0
stroke,critical,severe,False,43,1,0,1,0,1,0,0,0,0,1,0,0,1,0,0,1,0,1,0,0,1,0
stroke,stable,mild,False,36,0,0,0,0,0,0,0,0,0,0,0,0,0,0,0,0,0,0,0,0,1,0
pediatric,stable,none,False,37,0,0,0,0,0,0,0,0,0,0,0,0,0,0,0,0,0,0,0,0,0,0
pediatric,critical,none,False,46,0,0,0,0,0,0,1,0,0,1,0,0,0,0,0,0,0,0,0,0,0,0
trauma,critical,mild,True,43,1,0,0,1,0,1,0,0,0,0,0,0,0,0,0,0,0,0,0,0,0,0
respiratory,stable,mild,False,31,0,0,0,0,0,0,0,0,0,0,0,0,0,0,0,0,0,0,0,0,0,0
pediatric,critical,none,False,0,1,0,0,0,0,1,1,0,0,1,0,0,0,0,0,0,0,0,0,0,0,0
poisoning,urgent,none,False,36,1,0,0,0,0,0,0,0,0,0,0,0,0,0,0,0,0,0,0,0,0,0
stroke,stable,mild,False,58,0,0,0,0,0,0,0,0,0,0,0,0,0,0,0,0,0,0,0,0,0,1
poisoning,critical,none,False,49,1,0,0,0,0,0,0,0,0,0,1,0,0,0,0,0,0,0,0,0,0,0
burns,critical,none,False,29,1,1,0,0,1,0,0,0,0,1,0,0,0,0,0,0,0,0,0,0,0,0
general,urgent,mild,False,29,1,0,0,0,0,0,0,0,0,1,0,0,0,0,0,0,0,0,0,0,0,0
stroke,urgent,mild,False,82,1,0,1,0,0,0,0,0,0,0,0,0,0,0,0,0,0,0,0,0,0,0
cardiac,critical,none,False,17,1,1,0,0,0,0,0,0,0,0,0,1,0,0,1,0,0,0,0,0,0,0
trauma,critical,severe,False,41,1,0,0,1,0,0,0,0,1,1,0,0,0,0,0,0,1,0,0,1,0,1
respiratory,urgent,none,False,62,1,0,0,0,0,0,0,1,0,0,0,0,0,0,0,0,0,0,0,0,0,1
cardiac,urgent,none,False,22,1,1,0,0,0,0,0,0,0,0,0,0,0,0,0,0,0,0,0,0,0,0
poisoning,critical,none,False,28,1,0,0,0,0,0,0,0,0,1,0,0,0,0,1,0,0,0,0,0,0,0
obstetric,stable,severe,False,23,0,0,0,0,0,0,0,0,0,0,0,0,0,0,0,0,0,0,1,0,1,1
burns,critical,none,False,25,1,1,0,0,0,0,0,0,0,1,1,0,0,0,0,0,1,0,0,0,0,0
cardiac,urgent,none,False,1,0,0,0,0,0,0,1,1,1,1,0,0,0,0,0,0,0,0,0,0,0,0
respiratory,urgent,none,False,85,1,1,0,0,0,0,1,0,0,0,0,0,0,0,0,0,1,0,0,0,0,0
cardiac,critical,none,False,48,1,1,0,0,0,0,0,0,0,1,0,0,0,0,1,0,0,0,0,0,1,0
burns,urgent,none,False,18,1,0,0,0,0,0,0,0,0,0,0,0,0,0,0,0,0,0,0,0,1,0
poisoning,stable,mild,False,46,0,0,0,0,0,0,0,0,0,0,0,0,0,0,0,0,0,1,0,0,0,0
respiratory,critical,none,False,22,1,0,0,0,0,0,0,0,1,1,1,0,0,1,0,0,0,1,0,0,0,0
obstetric,critical,none,False,13,1,0,0,1,0,1,0,0,1,1,0,0,0,0,0,0,1,0,0,0,0,0
burns,urgent,none,False,25,1,0,0,0,1,0,0,0,0,0,0,0,0,0,0,0,0,0,0,1,1,0
respiratory,stable,none,False,25,0,1,1,0,0,0,0,0,0,0,0,0,0,0,0,0,0,0,0,0,0,0
general,urgent,none,True,36,1,0,0,0,0,1,0,0,0,0,0,0,0,0,0,0,0,1,0,0,0,0
burns,critical,none,False,21,1,0,0,0,1,0,0,0,0,1,1,0,0,0,0,0,0,0,0,0,0,0
burns,critical,none,False,85,1,0,0,0,1,0,0,0,0,1,0,0,0,0,0,0,0,1,0,0,0,0
burns,stable,severe,False,75,0,0,0,0,0,0,0,0,0,0,0,0,0,0,0,0,0,1,0,1,0,0
obstetric,stable,severe,False,34,0,0,0,0,0,0,0,0,1,0,0,0,1,0,1,0,0,1,0,0,1,0
trauma,urgent,severe,False,34,0,0,0,0,0,0,0,0,0,0,0,0,0,0,0,0,0,1,0,0,0,1
stroke,urgent,severe,False,37,1,0,0,0,0,0,0,0,0,0,0,0,1,0,0,0,0,1,0,0,0,1
stroke,stable,mild,False,42,0,0,0,0,0,0,0,0,0,0,0,0,0,0,0,0,0,1,0,1,0,0
trauma,stable,mild,False,65,0,0,0,0,0,0,0,0,0,0,0,0,0,1,0,0,0,0,0,0,0,0
pediatric,urgent,severe,False,67,0,0,0,0,0,0,1,0,0,0,0,0,0,1,0,0,0,1,0,1,1,0
general,urgent,none,False,35,1,0,0,0,1,0,0,0,0,0,0,0,1,0,0,0,0,0,1,0,0,0
trauma,critical,none,False,48,1,0,0,1,0,0,0,0,0,1,0,0,0,0,1,0,0,1,0,0,0,0
pediatric,critical,none,False,25,1,0,0,0,1,0,1,0,0,1,0,0,0,0,0,1,0,0,1,0,0,0
respiratory,stable,none,False,21,0,0,0,0,0,0,0,0,0,0,0,0,0,0,0,0,0,0,0,0,0,0
burns,urgent,none,False,56,1,0,1,0,1,0,0,0,0,0,0,0,0,0,0,0,0,0,0,0,0,0
general,urgent,mild,False,54,1,0,0,0,0,0,0,0,0,1,0,0,0,0,0,0,0,0,0,0,0,1
stroke,stable,none,False,34,0,0,0,0,0,0,0,0,0,0,0,0,0,0,0,0,0,0,0,0,0,0
trauma,urgent,none,False,37,1,0,0,0,0,0,0,0,0,0,0,0,0,0,0,0,0,0,1,0,0,0
pediatric,stable,mild,False,41,0,0,0,0,0,0,0,0,0,0,0,0,0,0,0,0,0,0,0,0,0,0
burns,stable,mild,False,35,0,0,0,0,0,0,0,0,0,0,0,0,0,0,0,0,0,0,0,0,0,0
general,critical,none,False,60,1,0,0,0,0,0,0,0,0,1,0,0,0,0,0,0,0,0,0,0,0,0
cardiac,urgent,none,False,31,1,0,0,0,0,0,0,0,0,1,0,0,0,0,0,0,0,0,0,0,0,0
respiratory,urgent,mild,False,38,1,0,0,0,0,0,0,1,0,0,0,0,0,0,0,0,0,0,0,0,0,0
burns,urgent,none,False,50,1,0,0,0,1,0,1,0,0,0,0,0,0,0,0,0,0,0,0,0,0,0
respiratory,stable,mild,False,43,0,1,0,0,0,0,0,0,0,0,0,0,0,0,0,0,0,0,0,0,1,0
respiratory,critical,none,False,23,1,0,1,0,0,0,0,1,0,1,0,0,0,0,0,0,0,1,0,0,0,0
trauma,urgent,none,False,31,1,0,0,1,0,0,0,0,0,0,0,0,0,0,0,0,1,0,0,0,0,0
trauma,urgent,none,False,31,1,0,0,0,0,0,0,0,0,0,0,0,0,0,0,0,0,0,0,0,0,0
burns,critical,none,False,68,1,0,0,0,1,0,0,0,0,1,1,1,0,0,0,0,1,0,0,0,0,0
pediatric,urgent,none,False,53,1,0,0,0,0,0,1,0,1,0,0,0,0,0,0,0,0,0,0,0,0,0
general,critical,none,False,18,1,0,0,0,0,0,0,0,0,1,0,0,1,0,0,0,0,0,0,0,1,0
trauma,stable,mild,False,32,0,0,0,0,0,0,0,1,0,0,0,0,0,0,0,0,0,0,0,1,0,1
poisoning,urgent,none,False,12,1,0,0,0,0,0,1,0,0,0,0,0,0,0,0,0,0,0,0,0,0,0
stroke,critical,severe,True,15,1,0,1,0,1,0,0,0,0,1,0,0,1,0,0,0,0,0,1,0,1,0
obstetric,urgent,none,False,60,0,0,0,0,0,0,0,0,0,1,0,0,0,0,0,0,0,0,0,0,0,0
burns,stable,none,False,41,0,0,0,0,0,0,0,0,0,0,0,0,0,0,0,0,0,0,0,0,0,0
respiratory,urgent,mild,False,23,1,1,0,0,0,0,0,0,0,0,0,0,0,0,1,0,0,0,1,0,0,0
poisoning,critical,none,False,42,1,0,0,0,0,0,0,0,0,1,1,0,0,0,0,0,0,0,0,0,0,0
respiratory,stable,none,False,59,0,0,0,0,0,0,0,0,0,0,0,0,0,1,0,0,0,0,0,0,0,0
cardiac,critical,none,False,23,1,1,0,0,0,0,0,0,0,1,0,0,0,0,1,0,0,0,0,1,0,0
general,critical,none,False,53,0,0,0,0,0,0,0,0,0,1,0,0,0,0,0,0,0,0,0,0,0,1
respiratory,urgent,none,False,27,1,0,0,0,0,0,0,0,0,0,0,0,0,0,0,0,0,0,0,0,0,0
trauma,critical,none,False,37,1,0,0,1,0,0,0,0,1,1,0,0,0,0,1,0,0,1,1,0,0,0
general,critical,none,False,64,1,0,0,0,0,0,0,0,0,1,0,0,0,0,0,0,0,0,0,0,0,0
pediatric,critical,mild,False,41,0,0,0,0,0,0,1,0,1,1,0,1,0,0,0,1,0,0,0,0,0,0
general,urgent,severe,False,35,1,1,0,0,0,0,0,0,0,0,0,0,0,0,0,0,0,0,0,1,0,0
general,stable,none,False,23,0,0,0,0,0,0,0,0,0,0,0,1,0,0,0,0,0,0,0,0,0,0
general,urgent,none,False,37,1,0,0,0,0,0,0,0,0,1,0,0,0,0,0,1,0,0,0,0,0,0
cardiac,stable,none,False,52,1,1,0,0,0,0,0,0,0,0,0,0,0,0,0,0,1,0,0,1,0,0
stroke,stable,none,False,68,0,0,0,0,0,0,0,0,0,0,0,0,0,1,0,0,0,0,0,0,0,0
general,stable,none,False,43,0,0,0,0,0,0,0,0,0,0,0,0,0,1,0,0,0,0,0,0,0,0
burns,critical,severe,False,36,1,0,0,0,1,0,0,0,0,1,1,0,0,0,0,0,0,0,0,0,1,1
burns,urgent,none,False,2,1,0,0,0,0,0,0,0,0,0,0,0,0,0,0,0,0,0,0,0,0,0
burns,stable,mild,False,30,0,0,0,0,0,0,0,0,0,0,0,0,0,0,0,0,0,1,0,1,0,0
stroke,urgent,none,False,15,1,0,1,0,0,0,0,0,1,0,0,0,1,0,0,0,0,0,0,0,0,0
cardiac,urgent,severe,False,13,1,1,0,0,0,0,1,0,0,1,0,0,0,0,0,0,0,1,1,0,0,1
stroke,critical,mild,False,51,1,0,0,0,0,0,0,0,0,1,0,0,1,0,0,0,0,0,0,0,0,0
pediatric,urgent,none,False,9,0,0,0,0,0,0,0,0,0,0,0,0,0,0,1,0,0,0,0,0,0,0
burns,critical,mild,False,39,1,0,1,0,1,0,0,0,0,1,0,0,0,0,0,0,0,0,0,0,0,0
cardiac,stable,mild,False,68,1,0,0,0,0,0,0,0,0,0,0,0,0,0,0,0,0,0,0,0,1,0
burns,urgent,severe,False,31,1,0,0,0,0,0,0,0,0,0,0,0,0,0,0,0,0,0,1,1,0,1
respiratory,urgent,none,False,38,1,0,0,0,0,0,0,0,0,0,0,0,0,0,0,0,0,0,0,0,0,0
general,stable,none,False,44,1,0,0,0,0,0,0,0,0,0,0,0,0,0,0,0,0,0,0,0,0,0
cardiac,urgent,none,False,55,0,1,0,0,0,0,0,1,0,1,0,0,0,0,0,0,0,0,0,0,0,0
burns,critical,none,False,48,1,0,0,0,1,0,0,0,0,0,1,0,0,0,0,0,0,0,0,0,0,0
cardiac,urgent,none,False,36,1,1,0,0,0,0,0,0,0,1,0,0,0,0,0,0,0,1,0,0,0,0
cardiac,critical,none,False,38,1,1,0,0,0,0,0,0,0,1,0,1,0,1,1,0,0,0,0,0,0,0
respiratory,urgent,none,False,39,1,0,0,0,0,0,0,0,0,0,1,0,0,0,0,0,0,0,0,0,0,1
general,critical,mild,False,17,0,0,0,1,0,0,0,0,1,1,1,0,0,0,0,0,1,0,1,1,0,0
trauma,stable,none,False,58,0,0,0,0,0,1,0,0,0,0,0,0,0,0,0,0,0,0,0,0,0,0
cardiac,urgent,none,False,53,1,0,0,0,0,1,0,0,0,1,0,0,0,0,0,0,0,0,0,0,0,0
obstetric,stable,none,False,4,0,0,0,0,0,1,0,0,0,0,0,0,0,0,0,0,1,0,0,0,0,0
trauma,critical,severe,False,7,1,0,0,1,0,0,1,0,1,1,0,0,0,0,1,0,0,1,0,1,0,1
trauma,urgent,none,False,30,1,0,0,1,0,0,0,0,0,0,0,0,0,0,0,0,0,0,0,0,0,0
stroke,stable,mild,False,36,0,0,0,0,0,0,0,0,1,0,0,0,0,0,0,0,1,0,0,0,0,0
cardiac,stable,none,False,27,1,0,0,0,0,0,0,0,0,0,0,0,0,0,0,0,0,0,0,0,0,0
poisoning,stable,severe,False,51,0,0,0,0,0,0,0,0,0,0,0,0,0,0,0,0,0,0,0,0,1,1
respiratory,urgent,none,False,34,1,0,0,0,0,0,0,1,0,0,0,0,0,0,0,0,0,0,0,1,0,0
general,critical,severe,False,65,1,0,0,0,0,0,0,0,0,1,0,0,0,0,0,0,0,0,0,1,0,1
pediatric,stable,none,False,28,0,1,0,0,0,0,0,0,1,0,0,0,0,0,0,0,0,0,0,0,0,0
general,stable,none,False,23,1,0,0,1,0,0,0,0,0,0,0,0,0,0,0,0,0,0,0,0,0,0
pediatric,stable,none,False,50,0,0,0,0,0,0,0,0,0,0,0,0,0,0,0,0,0,0,0,0,0,0
obstetric,urgent,mild,False,15,0,0,0,0,0,1,0,0,0,1,0,0,0,0,0,0,0,0,0,0,0,0
obstetric,stable,severe,False,20,1,0,0,0,0,0,0,0,0,0,0,0,0,0,0,0,0,0,0,0,0,0
pediatric,urgent,none,False,27,1,0,0,0,0,0,1,0,0,0,0,0,0,0,0,0,0,0,0,0,0,0
trauma,critical,none,False,46,1,0,1,1,0,0,0,0,1,1,0,0,0,0,0,0,0,1,0,0,1,0
trauma,urgent,none,False,64,0,0,0,0,0,0,0,0,0,0,0,0,0,0,0,0,0,0,0,0,0,0
stroke,stable,severe,False,10,0,0,0,0,0,0,1,0,1,0,0,0,0,0,0,0,0,0,0,1,1,1
cardiac,stable,none,False,70,1,1,0,0,0,0,0,0,0,0,0,0,1,0,0,0,0,0,0,0,0,0
poisoning,stable,none,False,66,0,1,0,0,0,0,0,0,0,0,1,0,0,0,0,0,0,0,0,0,0,0
burns,urgent,none,False,44,1,0,0,0,1,0,0,0,1,0,0,0,0,0,0,0,0,0,0,0,0,0
stroke,urgent,none,False,61,1,0,0,0,0,0,0,0,0,0,0,0,1,1,0,0,0,0,0,0,0,0
trauma,critical,mild,False,24,1,0,0,1,0,0,0,0,0,1,0,0,0,0,0,0,1,1,0,0,1,0
cardiac,stable,severe,False,41,1,1,0,0,0,0,0,0,0,0,0,0,0,0,0,0,1,0,1,1,0,0
cardiac,stable,mild,False,38,1,0,0,0,0,0,0,0,0,0,0,0,0,0,0,0,0,0,0,0,0,0
obstetric,critical,none,False,25,1,0,0,0,1,1,0,0,1,1,0,0,0,0,0,0,1,0,0,0,0,0
respiratory,critical,none,False,27,1,0,0,0,0,0,0,1,0,1,0,0,0,0,0,0,0,0,0,0,0,0
cardiac,stable,none,False,56,1,1,0,0,0,0,0,0,0,0,0,0,0,0,0,0,0,0,0,0,0,0
respiratory,critical,none,False,22,1,0,0,0,0,0,0,1,0,1,1,0,0,0,0,0,0,0,0,0,0,0
pediatric,urgent,none,False,48,0,0,0,0,0,0,1,0,0,0,0,0,0,0,0,0,0,0,0,0,0,0
obstetric,stable,none,False,37,0,0,0,0,0,0,0,0,0,0,0,0,0,0,0,0,0,0,0,0,0,0
general,urgent,none,False,35,1,0,0,0,0,0,0,0,0,1,0,0,0,0,0,0,0,0,0,0,0,0
cardiac,stable,mild,False,17,1,0,0,0,0,0,0,0,0,0,0,0,0,0,0,0,0,0,0,0,0,0
respiratory,stable,severe,False,59,0,0,0,0,0,0,0,0,0,0,0,0,0,0,0,0,0,0,1,0,1,0
stroke,critical,none,False,46,1,0,1,0,0,0,0,0,0,1,0,0,1,0,0,0,0,0,0,0,0,0
stroke,stable,none,False,51,0,0,0,0,0,0,0,0,1,0,0,1,0,0,0,0,0,0,0,0,0,0
respiratory,stable,none,False,25,0,0,0,0,0,0,0,0,0,0,0,0,0,0,0,0,0,0,0,0,0,0
pediatric,stable,none,False,17,0,0,0,0,0,0,0,0,0,0,0,0,0,0,0,0,0,0,0,0,0,0
burns,stable,none,False,46,0,0,0,0,0,0,0,0,0,0,0,0,0,0,0,0,0,0,0,0,0,0
obstetric,stable,none,False,39,0,0,1,0,0,0,0,0,0,0,0,0,0,0,0,0,0,0,0,0,0,0
stroke,critical,none,False,68,1,0,1,0,0,0,0,0,0,1,0,0,1,0,0,0,0,0,0,0,0,0
trauma,urgent,mild,False,71,0,0,0,1,0,0,0,0,0,0,0,0,0,1,0,0,0,0,0,1,0,0
trauma,critical,severe,False,53,1,0,0,1,0,0,0,0,1,1,0,0,0,0,0,0,1,0,0,0,1,1
stroke,critical,mild,False,5,1,0,1,0,0,0,0,0,0,1,0,0,1,0,0,0,0,0,1,1,1,1
trauma,urgent,severe,False,41,1,1,0,0,0,0,0,0,0,0,0,0,0,0,0,0,0,0,0,1,1,1
trauma,stable,none,False,9,0,0,0,0,0,0,1,0,0,0,0,0,0,0,0,0,0,0,0,0,0,0
burns,stable,none,False,60,0,0,0,0,0,0,0,0,0,0,0,0,0,0,0,0,0,0,0,0,0,0
general,stable,severe,False,57,0,0,0,0,0,0,0,0,0,0,0,1,0,0,0,0,0,0,1,0,0,0
cardiac,stable,none,False,23,1,0,0,0,0,0,0,0,0,0,0,0,0,0,0,0,0,0,0,0,0,0
general,critical,none,False,41,1,0,0,0,0,0,0,0,0,1,0,0,0,0,0,0,0,0,0,0,0,0
poisoning,stable,none,False,64,0,0,0,0,0,0,1,0,0,0,1,0,0,0,0,0,0,0,0,0,0,0
respiratory,urgent,severe,False,40,1,0,0,0,0,0,0,1,0,0,0,0,0,0,0,0,1,0,0,1,1,1
respiratory,urgent,none,False,23,1,0,0,0,0,0,0,1,0,0,0,0,0,1,0,0,0,0,0,0,0,0
general,stable,none,False,56,1,0,0,0,0,0,0,0,1,0,0,0,0,0,0,0,0,0,0,0,0,0
obstetric,urgent,mild,False,37,0,0,0,0,0,0,0,0,0,1,0,0,0,0,0,0,0,0,0,0,0,0
stroke,critical,none,False,28,1,0,0,0,0,0,0,0,0,1,0,0,1,0,0,0,0,0,0,0,0,0
stroke,stable,mild,False,21,0,0,0,0,0,0,0,0,0,0,0,0,0,1,0,0,0,0,0,0,0,0
stroke,urgent,none,False,42,1,0,1,0,0,0,0,0,0,0,0,0,0,0,0,0,0,0,0,0,0,0
respiratory,urgent,severe,False,61,0,0,0,0,1,0,0,1,0,0,0,0,0,0,0,0,0,0,1,0,0,0
poisoning,stable,none,True,43,0,0,0,0,0,0,0,0,0,0,1,0,0,0,0,0,0,0,0,0,0,0
poisoning,urgent,severe,False,26,1,0,0,0,0,0,0,0,0,0,0,0,0,0,0,0,0,0,0,0,1,0
poisoning,urgent,none,False,9,0,0,0,0,0,0,1,0,0,0,0,0,0,0,0,0,0,0,0,0,0,0
cardiac,critical,none,False,57,1,1,0,0,0,0,0,0,0,1,0,1,0,0,1,0,0,0,0,0,0,0
pediatric,urgent,severe,False,41,1,1,0,0,0,0,1,0,0,0,0,0,0,0,0,0,0,1,1,1,1,0
burns,urgent,none,False,6,1,0,0,0,1,0,1,0,0,0,0,0,0,0,0,0,0,0,0,0,0,0
pediatric,urgent,mild,False,11,1,0,0,0,0,0,1,0,1,0,0,0,0,0,0,0,1,0,0,0,0,0
obstetric,urgent,none,False,44,0,0,0,0,0,0,1,0,0,1,0,0,0,0,0,0,0,0,0,0,0,1
respiratory,stable,none,False,36,0,0,0,0,0,0,0,0,0,0,0,0,0,0,0,0,0,1,0,0,0,0
trauma,urgent,mild,False,42,1,0,1,1,0,0,0,0,0,0,0,0,0,0,0,0,0,0,0,0,0,0
stroke,critical,none,False,30,0,0,1,0,0,0,1,0,0,1,0,0,0,0,0,0,0,0,0,1,0,0
respiratory,stable,none,False,45,0,0,0,0,0,0,0,0,1,0,0,0,1,0,0,0,0,0,0,0,0,0
poisoning,urgent,none,False,46,0,0,0,0,0,0,0,0,0,0,0,0,0,0,1,0,0,0,0,0,0,0
pediatric,stable,none,False,29,0,0,1,0,0,0,0,0,1,0,0,0,0,0,0,1,0,0,0,1,0,0
burns,urgent,none,False,54,1,0,0,0,0,0,0,0,0,0,0,0,0,0,0,0,0,0,0,0,0,0
trauma,critical,none,False,38,1,0,0,1,0,0,0,0,0,1,0,0,0,0,1,0,1,0,0,0,0,0
general,urgent,mild,False,82,1,0,0,0,0,0,0,1,1,1,0,0,0,0,0,0,0,0,0,0,0,0
obstetric,critical,mild,False,10,1,0,0,0,0,1,1,0,1,1,0,0,0,0,0,0,1,0,0,0,0,0
trauma,stable,none,False,0,0,0,0,0,0,0,1,0,0,0,0,0,0,0,0,0,0,0,0,0,0,0
cardiac,critical,mild,False,29,1,1,0,0,0,0,0,0,0,1,0,1,0,0,1,0,0,0,0,0,0,0
burns,critical,mild,False,59,0,0,0,0,1,0,0,0,0,1,1,0,0,0,0,0,0,0,0,1,0,0
burns,stable,mild,False,32,0,0,0,0,0,0,0,0,0,0,0,0,0,0,0,0,0,1,0,0,0,1
burns,stable,severe,False,38,0,0,0,0,0,0,0,0,0,0,0,0,0,0,0,0,0,0,0,0,1,1
poisoning,urgent,none,False,43,1,0,0,0,0,0,0,0,0,0,0,0,0,0,0,0,0,0,0,0,0,0
trauma,urgent,none,False,8,1,0,0,0,0,0,1,0,0,0,0,0,0,0,0,0,0,0,0,0,0,0
obstetric,urgent,mild,False,35,0,0,0,0,0,1,0,0,0,0,0,0,0,0,0,1,0,1,1,0,0,0
cardiac,urgent,none,False,48,1,0,0,0,0,0,0,0,0,0,0,0,0,0,0,0,0,0,0,1,0,0
respiratory,urgent,none,False,28,1,1,0,0,0,0,0,1,0,0,0,0,0,0,0,0,0,0,0,0,0,0
trauma,urgent,mild,False,55,0,0,0,0,0,0,0,0,0,0,0,0,0,0,0,0,0,0,0,0,0,0
cardiac,stable,none,False,4,0,0,0,0,0,0,0,0,0,0,0,0,0,0,0,0,0,0,0,0,0,0
poisoning,urgent,severe,False,62,0,0,0,0,0,0,0,0,0,0,0,0,0,0,0,0,0,0,0,1,0,1
trauma,stable,none,False,37,0,0,0,0,0,0,0,0,0,0,0,0,0,0,0,0,0,0,0,0,0,0
respiratory,urgent,none,False,61,1,0,0,1,0,0,0,1,1,0,0,0,0,0,0,0,0,0,0,0,0,0
cardiac,stable,none,False,51,1,1,0,0,0,0,0,0,0,0,0,0,0,0,0,0,0,0,0,0,0,1
pediatric,critical,none,False,41,0,0,0,0,0,0,1,0,0,1,0,0,0,0,0,0,0,0,0,0,0,0
obstetric,critical,mild,False,30,0,0,0,0,0,1,0,0,0,1,0,0,0,0,0,0,0,0,0,0,0,1
poisoning,critical,none,False,13,1,0,0,0,0,0,0,0,0,1,0,0,0,0,0,1,0,0,0,0,0,0
respiratory,urgent,mild,False,64,1,0,0,0,0,0,0,0,0,0,0,0,0,0,0,0,0,1,0,0,0,0
burns,stable,severe,False,60,0,0,0,0,0,0,0,1,0,0,0,0,0,0,0,1,0,1,1,0,0,0
poisoning,stable,severe,False,32,0,0,0,0,0,0,0,0,0,0,0,0,0,0,0,1,0,1,0,1,1,0
respiratory,critical,none,False,28,1,0,0,0,0,0,0,0,0,1,0,0,0,0,0,0,0,0,0,0,0,0
general,urgent,none,False,26,1,0,0,0,0,0,0,1,0,1,0,0,0,0,0,0,0,0,0,0,0,0
pediatric,stable,none,False,11,0,0,0,0,0,0,1,0,0,0,0,0,0,0,0,0,0,0,0,0,0,0
pediatric,critical,none,False,38,1,0,0,0,0,0,1,0,0,1,0,0,0,0,0,0,0,0,0,1,0,0
burns,urgent,none,False,64,1,0,1,0,0,0,0,0,0,0,0,0,0,0,0,0,0,0,0,0,0,0
cardiac,critical,none,False,24,1,0,0,0,0,0,0,0,0,1,0,0,0,1,1,0,0,0,0,0,0,0
cardiac,stable,none,False,19,1,0,0,1,0,0,0,0,0,0,0,0,0,0,0,0,0,0,0,0,0,0
stroke,critical,none,False,39,1,0,1,0,0,0,0,0,0,1,0,0,1,0,0,0,0,0,0,0,0,0
pediatric,urgent,none,False,56,0,0,0,0,0,1,0,0,0,0,0,0,0,0,0,0,0,0,0,0,0,0
pediatric,urgent,mild,False,27,1,0,0,0,0,0,0,0,0,0,0,1,0,0,0,0,0,0,0,0,0,0
general,urgent,none,False,29,1,0,0,1,0,0,0,0,0,1,0,0,0,0,0,0,0,0,0,0,0,0
burns,critical,severe,False,24,1,0,0,0,1,0,0,0,0,1,1,0,0,0,0,0,0,1,1,1,1,1
stroke,stable,none,False,33,0,0,0,0,0,0,0,0,0,0,0,0,0,0,0,0,1,0,0,0,0,0
poisoning,urgent,none,False,38,0,1,0,0,0,0,0,0,0,0,0,0,0,0,0,0,0,0,0,0,0,0
general,urgent,none,False,34,0,0,0,0,0,0,0,0,1,1,0,0,0,0,0,0,0,0,0,0,0,0
stroke,critical,severe,False,70,1,0,1,0,1,0,1,0,0,1,0,0,0,0,0,0,0,1,1,1,0,1
cardiac,urgent,none,False,17,1,1,0,0,0,0,0,0,1,1,1,0,0,0,0,0,0,0,0,1,0,0
burns,critical,severe,False,48,1,0,0,0,0,1,0,0,0,1,1,0,0,0,0,0,0,0,1,1,1,1
general,urgent,severe,False,75,1,0,0,0,0,0,1,0,0,1,0,0,0,0,0,0,0,1,1,0,1,0
respiratory,stable,none,False,47,0,0,0,0,0,0,0,0,0,1,0,0,0,0,0,0,0,0,0,0,0,0
stroke,stable,none,False,8,0,0,0,0,0,0,0,0,0,0,0,0,0,0,0,0,0,0,0,0,0,1
obstetric,stable,severe,False,13,0,0,1,0,0,0,1,0,0,0,0,0,0,0,0,0,0,0,1,0,1,1
pediatric,critical,mild,False,15,1,0,0,0,0,0,0,0,0,1,0,0,0,0,0,0,1,0,0,1,0,0
pediatric,urgent,none,False,7,0,0,0,1,0,0,0,0,0,0,0,0,0,0,0,0,0,0,0,0,0,0
general,stable,mild,False,53,1,0,0,0,0,0,0,0,0,0,0,0,0,0,0,0,0,0,0,0,0,0
pediatric,urgent,severe,False,54,0,0,0,0,0,0,1,0,0,0,0,1,0,0,0,0,0,1,0,1,0,0
cardiac,urgent,none,False,49,1,0,0,1,0,0,0,0,0,1,0,0,0,0,0,0,0,0,0,0,0,0
pediatric,urgent,none,False,43,0,0,0,0,0,0,1,0,0,0,0,1,0,0,0,0,0,0,0,0,0,0
general,stable,none,False,41,0,0,0,0,0,0,0,0,0,0,0,0,0,0,0,0,0,0,0,0,0,0
cardiac,urgent,mild,False,5,1,0,0,0,0,0,0,0,0,1,0,0,0,0,0,0,0,0,1,0,1,0
pediatric,urgent,none,False,41,0,0,0,0,0,0,0,0,0,0,0,0,0,0,0,0,0,0,0,0,0,0
trauma,stable,none,False,80,0,0,0,0,0,0,0,0,0,0,0,0,0,0,0,0,0,0,0,0,0,0
burns,critical,none,False,32,1,0,0,0,0,0,0,0,0,1,0,0,0,0,0,0,0,0,0,0,0,0
pediatric,urgent,none,False,35,1,0,0,0,0,0,1,0,1,0,0,0,0,0,0,0,0,0,0,1,0,0
general,urgent,none,False,58,1,0,0,0,0,0,0,0,0,1,0,0,0,0,0,0,0,0,0,0,0,0
trauma,critical,none,False,66,1,0,0,1,0,0,0,0,0,1,0,0,0,0,1,0,1,0,0,0,0,0
cardiac,critical,none,False,20,0,0,0,0,0,0,0,0,0,1,0,0,0,0,1,0,0,0,0,0,0,0
poisoning,urgent,none,False,55,0,0,0,0,0,0,0,0,1,0,0,0,0,0,0,1,0,0,0,0,0,0
stroke,urgent,none,False,15,1,0,0,0,0,0,0,0,0,0,0,0,1,0,0,0,0,0,0,0,0,0
stroke,critical,none,False,26,1,0,1,0,0,0,0,0,0,1,0,0,1,0,0,0,0,0,0,0,1,0
poisoning,urgent,none,False,34,1,0,0,0,0,0,0,0,0,0,0,0,0,0,0,0,0,0,0,0,0,0
general,urgent,none,False,80,1,0,0,0,0,0,0,0,0,0,0,0,0,0,0,0,0,0,0,0,0,0
burns,critical,none,False,56,1,0,0,0,1,0,0,0,0,1,0,0,0,1,0,0,0,0,0,0,0,0
respiratory,urgent,mild,False,50,1,0,0,0,0,0,0,0,0,0,0,0,0,0,0,0,0,1,0,0,0,0
pediatric,critical,none,False,44,0,0,0,0,0,0,1,0,1,1,0,0,0,0,0,0,0,0,0,0,0,1
general,urgent,none,False,54,1,0,0,0,0,0,0,0,0,1,0,0,0,0,0,0,0,0,0,0,0,0
trauma,urgent,mild,False,51,1,0,0,1,0,0,0,0,0,0,0,0,0,0,0,0,0,0,1,0,0,0
general,stable,none,False,9,1,0,1,0,0,0,0,0,0,0,0,0,0,0,0,0,0,0,0,0,0,0
stroke,urgent,none,False,31,1,0,0,0,0,0,0,0,0,0,0,0,1,0,0,0,0,0,0,0,0,0
stroke,critical,none,True,21,1,0,1,0,0,1,0,0,0,1,0,0,0,0,1,1,0,0,0,0,0,0
obstetric,stable,mild,False,69,1,0,0,0,0,0,0,0,0,0,0,0,0,0,1,0,0,0,1,0,0,0
cardiac,urgent,none,False,37,1,1,0,0,0,0,0,0,0,1,0,0,0,0,0,0,0,0,0,0,0,0
respiratory,urgent,none,False,45,1,0,0,0,0,0,0,1,1,0,0,0,0,0,0,0,0,1,0,0,0,0
general,critical,severe,False,54,1,0,0,0,0,0,0,0,0,0,0,0,0,0,0,0,0,0,0,0,1,0
stroke,stable,none,False,34,0,0,0,0,0,0,0,0,1,0,0,0,0,0,0,0,0,0,0,0,0,0
poisoning,critical,none,False,64,0,0,0,0,0,0,0,0,1,1,0,0,0,0,0,0,0,0,0,0,0,0
obstetric,urgent,none,False,10,0,0,0,0,0,1,0,0,0,0,0,0,0,0,0,1,0,0,0,0,0,0
trauma,stable,none,False,33,0,0,0,0,0,0,0,0,0,0,0,0,0,0,0,0,0,0,0,0,0,0
general,stable,mild,False,42,1,0,0,0,0,0,0,0,0,0,0,0,0,1,0,0,0,0,1,0,0,0
cardiac,critical,none,False,60,1,1,0,0,0,0,0,0,0,1,0,1,0,0,1,0,0,0,0,0,0,0
stroke,stable,mild,False,18,0,0,0,1,0,0,0,0,1,0,0,0,0,0,0,0,0,0,0,0,1,0
poisoning,critical,none,False,16,1,0,0,0,0,0,0,0,0,1,1,0,0,0,0,0,0,0,0,0,0,0
obstetric,urgent,none,True,43,0,0,0,0,0,1,0,0,0,1,0,0,0,0,0,0,0,0,0,0,0,0
cardiac,stable,none,False,34,0,0,0,0,0,0,0,0,0,0,0,0,0,0,1,0,0,0,0,0,0,0
stroke,stable,mild,False,29,0,0,0,0,0,0,0,0,0,0,0,1,0,0,0,0,0,0,0,0,0,1
poisoning,urgent,none,False,19,0,0,0,0,0,0,0,1,0,0,0,0,0,0,0,0,0,0,0,0,0,0
cardiac,critical,mild,False,50,1,1,0,0,0,0,0,0,0,1,0,0,0,0,1,0,0,0,0,0,0,0
poisoning,stable,mild,False,62,1,0,0,0,0,0,0,0,0,0,0,0,0,0,0,0,0,0,1,1,0,0
trauma,stable,mild,False,82,0,0,0,0,0,0,0,0,0,0,0,0,0,0,0,0,0,0,0,1,0,0
trauma,critical,mild,False,54,1,0,0,1,0,0,0,0,0,0,0,0,0,0,1,0,0,0,0,0,0,0
general,stable,severe,False,38,0,0,0,0,0,0,0,0,0,0,0,0,0,0,0,0,0,1,1,1,1,1
burns,urgent,none,False,17,0,0,0,0,1,0,0,0,0,0,0,0,0,0,0,0,0,0,0,0,0,0
stroke,urgent,mild,False,46,1,0,0,0,0,0,0,0,0,1,0,0,1,0,0,0,0,1,0,0,0,1
obstetric,urgent,none,False,27,0,0,0,0,0,1,0,0,0,1,0,0,0,1,0,0,0,0,0,0,0,0
stroke,critical,none,False,19,1,1,1,0,0,0,0,0,1,1,0,0,0,0,0,0,0,0,0,0,0,0
obstetric,urgent,none,False,65,0,0,0,0,0,1,0,0,0,1,0,0,0,0,0,0,0,0,0,0,0,0
general,critical,mild,False,22,0,0,0,0,0,0,0,0,0,1,0,0,0,0,0,0,0,0,1,1,0,0
trauma,urgent,none,False,63,1,0,0,0,0,0,1,0,0,0,0,1,0,0,0,0,0,0,0,0,0,0
pediatric,urgent,none,False,26,1,0,0,0,0,0,0,0,0,0,0,0,0,0,0,0,0,0,0,0,0,0
poisoning,urgent,none,False,31,1,0,0,0,0,0,0,0,0,0,0,0,0,0,0,0,0,0,0,0,0,0
burns,stable,none,False,12,0,0,0,0,0,0,0,0,0,0,0,0,0,0,0,0,0,0,0,0,0,0
pediatric,critical,none,False,32,1,0,0,0,0,0,1,0,0,1,0,0,0,0,0,0,0,1,1,0,0,0
stroke,critical,none,False,8,1,0,1,0,0,0,1,0,0,1,0,0,1,0,0,0,0,0,0,0,0,0
poisoning,urgent,severe,False,36,1,0,1,0,0,0,0,0,0,0,0,0,0,0,0,0,0,0,0,0,0,0
respiratory,critical,mild,False,40,1,0,0,0,0,0,0,0,0,0,1,0,0,0,0,0,0,0,0,0,0,0
cardiac,stable,none,False,2,1,0,0,0,0,0,0,0,0,0,0,0,0,0,0,0,0,0,0,0,0,0
burns,stable,mild,False,37,0,0,0,0,0,0,0,1,1,0,0,0,0,0,0,0,0,0,0,0,0,0
pediatric,critical,none,False,56,1,0,0,0,0,0,0,0,0,1,0,0,0,0,0,0,0,0,0,0,0,0
poisoning,stable,none,False,3,0,0,0,0,0,0,1,1,0,1,0,0,0,0,0,0,0,0,0,0,0,0
cardiac,urgent,none,False,2,1,1,0,0,0,0,1,0,0,1,0,0,0,0,0,0,0,0,0,0,0,0
pediatric,urgent,none,False,27,1,0,0,0,0,0,1,0,0,0,0,0,0,0,0,0,0,0,0,0,0,0
pediatric,urgent,none,False,36,1,0,0,0,0,0,1,0,0,0,0,0,0,0,0,0,0,0,0,0,0,0
burns,urgent,none,False,28,0,0,0,0,0,0,0,0,0,1,0,0,0,0,0,0,0,0,0,0,0,0
cardiac,urgent,none,False,84,1,1,0,0,0,0,0,0,0,1,0,0,0,0,0,0,0,0,0,0,0,0
pediatric,critical,none,False,44,1,0,0,0,0,0,1,0,0,1,0,0,0,0,0,0,0,0,0,0,0,0
stroke,stable,none,False,41,0,0,0,0,0,0,0,0,1,0,0,0,0,0,0,0,0,0,0,0,0,0
general,urgent,none,False,37,0,0,0,0,0,0,0,0,0,1,1,0,0,0,0,0,0,0,0,0,0,0
stroke,stable,mild,False,87,0,0,0,0,0,0,0,0,0,0,0,0,0,0,0,0,0,0,0,0,1,0
burns,critical,none,False,0,1,0,0,0,1,0,1,0,0,1,1,0,1,0,0,0,0,0,0,0,0,0
respiratory,critical,mild,False,28,1,0,0,0,0,0,0,1,0,1,1,0,0,0,0,0,0,0,0,0,0,0
poisoning,critical,none,False,37,1,0,0,0,0,0,0,0,1,1,0,0,0,0,0,0,0,0,0,0,0,0
respiratory,urgent,mild,False,51,1,0,0,0,0,0,0,1,0,0,0,0,0,0,0,0,0,0,0,0,1,0
trauma,urgent,none,False,46,1,0,0,1,0,0,0,0,0,0,0,0,0,0,0,0,0,0,0,0,0,0
burns,critical,mild,False,39,1,0,0,0,1,0,0,0,0,1,0,0,0,0,1,0,0,0,1,0,0,0
obstetric,critical,severe,True,19,1,0,0,0,0,1,0,0,0,1,0,0,0,0,0,0,0,0,1,1,0,0
respiratory,critical,none,False,24,1,0,0,0,0,0,0,1,0,0,1,0,0,0,0,0,0,0,0,0,0,0
stroke,critical,severe,False,13,1,0,1,0,0,0,0,0,0,1,0,0,1,0,0,0,0,1,0,0,0,1
poisoning,urgent,mild,False,0,1,0,0,0,0,0,1,0,0,0,0,0,0,0,0,0,0,0,1,0,0,0
pediatric,stable,severe,False,50,0,0,1,0,0,1,0,0,0,0,0,0,0,0,1,0,0,0,0,1,0,1
pediatric,critical,none,False,61,1,0,0,0,1,0,1,0,0,1,0,0,0,0,0,0,0,0,0,0,0,0
obstetric,urgent,mild,False,59,0,0,0,0,0,1,0,0,0,1,1,0,0,0,1,0,0,0,0,0,1,0
stroke,critical,none,False,67,1,0,1,0,0,0,0,0,0,1,0,0,1,0,0,0,0,0,0,0,0,0
pediatric,critical,none,False,46,0,0,0,0,0,0,1,0,0,1,0,0,0,0,0,0,0,0,0,0,0,0
cardiac,critical,none,False,67,1,1,0,0,0,0,0,0,0,1,0,1,0,0,1,0,0,0,0,0,0,0
cardiac,urgent,none,False,41,1,1,0,0,0,0,0,0,0,1,0,0,0,0,0,0,0,0,0,0,0,0
respiratory,urgent,none,False,20,1,0,0,0,0,0,0,0,0,0,1,0,0,0,0,0,0,0,0,0,1,0
poisoning,urgent,none,False,64,1,0,0,0,0,0,0,0,1,0,1,0,0,0,0,0,0,0,0,1,0,0
general,stable,none,False,49,1,0,0,0,0,0,0,0,0,0,0,0,0,0,0,0,0,0,0,0,0,0
general,urgent,severe,False,35,1,0,0,0,0,0,0,0,0,0,0,0,0,0,0,0,0,0,0,1,0,1
pediatric,stable,none,False,49,0,0,0,0,0,0,0,0,0,0,0,0,0,0,0,0,0,0,0,0,0,0
poisoning,stable,severe,False,34,0,0,0,0,0,0,0,0,0,0,0,0,0,0,0,0,0,0,0,1,0,0
poisoning,stable,none,False,36,0,0,0,0,0,0,0,0,0,0,0,0,0,0,0,0,0,0,0,0,0,0
cardiac,urgent,severe,False,16,1,1,0,1,0,0,0,0,0,1,0,0,0,0,0,0,0,0,0,0,0,0
poisoning,stable,none,False,55,0,0,0,0,1,0,0,0,0,1,0,0,0,0,0,0,0,0,0,0,0,0
respiratory,stable,none,False,16,0,0,0,0,0,0,0,0,0,0,0,0,0,0,0,0,0,0,0,0,0,0
burns,critical,severe,False,84,1,0,0,0,0,0,0,0,0,1,1,0,0,0,0,0,0,1,0,0,1,0
cardiac,critical,none,False,75,1,1,0,0,0,0,0,0,0,1,0,1,0,0,1,1,0,0,0,0,0,0
obstetric,critical,none,False,50,1,0,0,0,0,1,0,0,0,1,1,0,0,0,0,0,0,0,0,0,0,0
pediatric,stable,none,False,69,0,0,0,0,0,0,0,0,0,0,0,0,0,0,0,0,0,0,0,0,0,0
obstetric,stable,mild,False,49,0,0,0,0,0,0,0,0,0,0,1,0,0,0,0,0,0,0,0,0,0,0
respiratory,critical,none,False,59,1,0,0,0,0,1,0,1,0,1,1,0,0,0,0,1,0,0,0,0,0,0
trauma,stable,none,False,42,0,0,0,0,0,0,0,0,0,0,0,0,0,0,0,0,0,0,0,0,0,0
obstetric,urgent,none,False,34,0,0,0,0,0,1,1,0,0,1,0,0,0,0,0,0,0,0,0,0,0,0
stroke,urgent,none,False,6,1,0,0,0,0,0,1,0,0,0,0,0,0,0,0,0,0,0,0,0,0,0
poisoning,urgent,none,False,71,1,0,0,1,0,0,0,0,0,0,0,0,0,0,0,0,0,0,0,0,0,0
general,critical,none,False,31,1,0,0,0,0,0,0,0,0,1,0,0,0,0,0,0,0,0,0,0,0,0
stroke,critical,none,False,21,1,0,1,0,0,0,0,0,0,1,0,0,1,0,0,0,1,0,0,0,0,0
obstetric,critical,mild,False,73,0,0,0,0,0,1,0,0,1,1,0,0,0,0,0,0,0,1,1,0,0,0
burns,urgent,none,False,55,1,0,0,0,1,0,0,0,0,1,1,0,0,0,0,0,0,0,0,0,0,0
pediatric,stable,none,False,75,0,0,0,0,0,0,0,0,0,0,0,0,0,0,0,0,0,0,0,0,0,0
trauma,urgent,none,False,20,1,0,0,0,1,0,0,0,0,0,0,0,0,0,0,0,0,0,0,0,0,0
general,critical,severe,False,27,1,0,0,0,0,0,0,0,0,0,0,0,0,1,0,0,0,0,1,0,0,1
burns,urgent,mild,False,53,1,0,0,0,1,0,1,0,1,0,0,0,0,0,0,0,0,0,0,0,0,0
cardiac,stable,severe,True,52,1,1,0,0,0,1,0,0,0,0,0,0,0,0,0,0,0,0,1,0,1,0
obstetric,urgent,none,False,0,0,0,0,0,0,0,0,0,0,1,0,0,0,0,0,0,0,0,0,0,0,0
trauma,stable,none,False,36,0,0,1,0,0,0,0,0,1,0,0,0,0,0,0,0,0,0,0,0,0,0
pediatric,urgent,mild,False,89,1,0,0,0,0,0,1,0,1,0,0,0,0,0,1,0,0,0,0,0,0,0
poisoning,critical,mild,False,60,1,0,0,0,0,0,0,0,0,1,0,0,0,0,1,1,0,0,0,0,0,0
respiratory,stable,mild,False,47,0,0,0,0,0,0,0,0,0,0,0,0,0,0,0,0,0,0,0,0,0,1
poisoning,stable,none,False,30,0,0,0,0,0,0,0,0,0,0,0,0,0,0,0,0,0,0,0,0,0,0
poisoning,urgent,none,False,59,1,0,0,0,0,0,0,0,0,0,0,0,0,0,0,0,1,0,0,0,0,0
pediatric,stable,none,False,44,0,0,0,0,0,0,0,0,0,0,0,0,0,0,0,0,0,0,0,0,0,0
stroke,critical,none,False,25,1,0,1,0,0,0,0,0,0,1,0,0,1,0,0,0,0,0,0,0,0,0
trauma,stable,none,False,48,0,0,0,0,0,0,0,0,0,0,0,0,0,0,0,0,0,0,1,0,0,0
pediatric,stable,none,False,3,0,0,0,0,0,0,0,0,0,0,0,0,0,0,0,0,0,0,0,0,0,0
respiratory,stable,mild,False,43,0,0,1,0,0,0,0,0,0,0,0,0,0,0,0,0,0,1,0,0,0,0
respiratory,urgent,none,False,32,1,0,1,0,0,0,0,0,0,0,0,0,0,0,0,0,0,0,0,0,0,0
burns,critical,mild,False,31,1,0,0,0,1,0,0,0,0,1,0,0,0,0,0,0,0,1,0,0,0,0
general,urgent,none,False,60,1,0,0,0,0,0,0,0,0,1,0,0,0,0,1,0,0,0,0,0,0,0
trauma,stable,none,False,27,0,0,0,0,0,0,0,0,0,0,0,0,0,0,0,0,0,0,0,0,0,1
trauma,critical,none,False,74,1,0,0,1,0,1,0,0,1,1,0,0,0,0,0,0,1,0,0,0,0,0
general,stable,mild,False,47,1,0,0,0,0,0,0,0,0,0,0,0,0,0,0,0,0,0,0,0,0,1
general,stable,none,False,23,1,0,1,0,0,0,0,0,1,0,0,0,0,0,1,0,0,0,0,0,0,0
cardiac,urgent,severe,False,3,1,1,0,0,0,0,1,0,1,1,0,0,0,0,0,0,0,1,1,1,1,0
respiratory,stable,mild,False,73,0,0,0,1,0,0,0,0,0,0,0,0,0,0,0,0,0,0,0,0,1,0
respiratory,urgent,severe,False,31,1,0,0,0,0,0,0,0,0,0,0,0,0,0,0,0,0,1,0,0,1,1
stroke,urgent,none,False,10,1,0,1,0,0,1,1,0,0,0,0,0,0,0,0,0,0,0,0,0,0,0
respiratory,stable,severe,False,24,0,0,0,0,0,0,0,0,1,0,0,0,0,0,0,0,0,0,0,0,0,1
general,stable,mild,False,12,0,0,0,0,0,0,1,0,0,0,0,0,0,0,1,0,0,0,0,0,0,0
burns,urgent,mild,False,13,1,0,0,0,1,1,0,0,0,1,0,0,0,0,0,0,0,0,0,0,0,0
obstetric,stable,mild,False,23,0,0,0,1,0,0,0,0,1,0,0,0,0,0,0,0,0,0,0,1,0,0
poisoning,critical,severe,False,61,1,0,0,0,0,0,0,0,0,1,1,0,0,0,0,0,0,0,1,0,0,1
trauma,critical,mild,False,46,1,0,0,1,0,0,0,0,0,1,0,0,0,0,1,0,0,0,0,1,0,0
burns,critical,mild,False,40,0,0,0,0,1,0,0,0,0,1,0,0,0,0,0,0,0,0,0,0,0,0
stroke,stable,severe,False,32,0,0,0,0,0,0,0,0,0,0,0,0,0,0,0,0,0,1,0,1,0,1
trauma,urgent,none,False,39,1,0,0,1,0,0,0,0,0,0,0,0,0,0,0,0,0,0,0,0,0,0
poisoning,urgent,none,False,56,1,0,0,0,0,0,0,0,0,0,1,0,0,0,0,0,0,0,0,0,0,0
poisoning,urgent,none,False,33,1,0,0,0,0,0,0,0,0,0,0,0,0,0,0,1,0,0,0,0,0,0
burns,critical,none,False,25,1,0,0,0,0,0,0,0,0,1,1,0,0,0,0,0,0,0,0,0,0,0
respiratory,critical,mild,False,48,1,0,0,0,0,0,0,1,0,0,1,0,0,0,0,1,0,0,1,0,1,0
obstetric,urgent,mild,False,26,0,0,0,0,0,1,0,0,0,1,0,0,0,0,0,0,0,1,0,0,0,1
trauma,urgent,none,False,51,1,0,0,0,0,0,0,0,1,0,0,0,0,0,0,0,0,0,0,0,0,0
burns,critical,none,False,40,1,0,0,0,0,0,0,0,0,1,1,0,0,1,0,0,0,0,0,0,0,0
burns,stable,mild,False,40,0,0,0,0,0,0,0,0,1,0,0,0,0,0,0,0,0,0,0,1,0,0
trauma,urgent,mild,False,38,1,0,1,1,0,0,0,0,0,0,0,1,0,1,0,0,0,0,0,1,0,0
pediatric,critical,none,False,62,0,0,0,0,0,0,1,0,0,1,0,0,0,0,0,0,0,0,0,0,0,0
general,urgent,none,False,87,1,0,0,0,0,0,0,0,0,0,0,0,0,0,0,0,0,0,0,0,0,0
obstetric,urgent,none,False,40,0,0,0,0,0,1,0,0,0,1,0,0,0,0,0,0,0,0,0,0,0,0
cardiac,stable,none,False,69,1,0,0,0,0,0,0,0,0,0,0,0,0,0,0,0,0,0,0,0,0,0
general,urgent,mild,False,39,0,0,0,0,0,0,0,0,1,0,0,0,0,0,0,0,0,0,0,0,0,0
trauma,stable,none,False,22,0,0,0,0,0,0,0,0,0,0,0,0,0,0,0,0,0,0,0,0,0,0
trauma,stable,none,False,18,0,0,0,0,0,0,0,0,0,0,0,0,0,0,0,0,0,0,0,0,0,0
stroke,critical,none,False,40,1,0,1,0,0,1,0,0,0,1,0,0,1,0,0,0,0,0,0,0,0,0
poisoning,urgent,mild,False,54,1,0,0,0,0,0,0,0,0,0,0,0,0,0,0,0,0,0,0,0,0,0
poisoning,urgent,severe,False,60,0,0,1,0,0,0,0,0,0,0,0,0,0,0,0,0,0,0,1,1,1,1
poisoning,urgent,none,False,25,0,0,0,0,0,0,0,0,0,0,0,0,0,0,0,0,0,0,0,0,0,0
respiratory,stable,severe,False,39,0,0,0,0,0,0,0,0,0,0,0,0,0,0,0,0,0,1,0,1,1,0
cardiac,urgent,none,False,25,1,0,0,0,0,0,0,0,1,0,0,0,0,0,0,0,0,0,0,0,0,1
trauma,stable,none,False,25,0,0,0,0,0,0,0,0,0,0,0,0,0,0,0,0,0,0,0,0,0,0
trauma,urgent,none,False,49,1,0,0,1,0,0,0,0,0,0,0,0,0,0,0,0,0,0,0,0,0,0
burns,critical,none,False,30,1,0,0,0,1,0,0,0,0,1,1,0,0,0,0,0,0,0,0,0,0,0
burns,stable,none,False,15,0,0,0,0,0,0,0,0,0,0,0,0,0,0,0,0,0,0,0,0,0,0
stroke,critical,mild,False,23,1,0,1,0,0,0,0,0,0,1,0,0,1,0,0,0,0,0,0,0,0,0
poisoning,stable,mild,False,41,0,0,0,0,0,0,0,0,0,0,0,0,0,0,0,0,0,0,0,0,1,1
burns,stable,none,False,55,0,0,0,0,0,0,0,0,0,0,0,0,0,0,0,0,0,0,0,0,0,0
burns,urgent,none,False,41,1,0,0,0,0,0,0,0,1,0,0,0,0,0,0,0,0,0,0,0,0,0
burns,urgent,severe,False,49,1,0,0,0,0,0,0,0,0,0,0,1,0,0,0,0,0,1,0,1,1,1
general,urgent,none,False,45,1,0,0,0,0,0,0,0,0,1,0,0,0,0,0,0,0,0,0,0,0,0
pediatric,critical,mild,False,20,1,1,0,0,0,0,1,0,0,1,0,0,0,0,0,0,0,0,0,1,0,0
trauma,stable,none,False,17,0,0,0,0,0,0,0,0,0,0,0,0,0,0,0,0,0,0,0,0,0,0
obstetric,urgent,severe,False,18,0,0,0,1,0,1,0,0,0,1,0,0,0,0,0,0,0,0,0,0,1,0
cardiac,urgent,none,False,80,1,1,0,0,0,0,0,0,0,0,0,0,0,0,0,0,1,0,0,0,0,0
trauma,critical,none,False,19,1,0,0,1,0,0,0,0,1,1,0,0,0,0,0,0,0,1,0,0,0,0
general,critical,severe,False,62,1,0,0,0,0,1,0,0,0,1,0,0,0,0,0,0,0,0,1,1,1,1
poisoning,urgent,none,True,58,1,0,0,0,0,1,0,0,0,0,0,1,0,0,0,0,0,0,0,0,0,0
stroke,urgent,none,False,10,1,0,0,0,0,0,1,1,0,0,0,0,1,0,0,0,0,1,0,0,0,0
poisoning,stable,none,False,36,0,0,0,0,0,0,0,0,0,0,0,0,0,0,0,0,0,0,0,0,0,0
burns,stable,mild,False,52,0,0,0,0,0,0,1,0,0,0,0,0,0,0,0,0,0,0,1,0,0,0
stroke,urgent,mild,False,58,1,0,1,0,0,0,0,0,0,0,0,0,0,0,0,0,0,1,0,0,0,0
poisoning,stable,severe,False,15,0,0,0,0,0,1,0,0,0,0,0,0,0,0,0,0,0,0,1,1,1,1
burns,urgent,mild,False,38,1,0,0,0,0,0,0,0,0,0,0,0,0,0,0,0,0,0,0,0,0,0
obstetric,urgent,severe,False,19,0,0,0,0,0,0,0,0,0,1,0,0,1,0,0,0,1,0,1,1,0,0
burns,stable,none,False,23,0,0,0,0,0,1,0,0,0,0,0,0,0,0,1,0,0,0,0,0,0,0
poisoning,urgent,none,False,21,1,0,0,0,0,0,0,0,0,0,0,0,0,1,0,0,0,0,0,0,0,0
obstetric,critical,none,False,48,0,0,0,0,0,1,0,0,0,1,0,0,0,0,0,0,0,0,0,0,0,0
respiratory,critical,none,False,59,1,0,0,0,0,0,0,1,1,1,1,0,0,0,0,0,0,0,0,0,0,0
pediatric,critical,none,False,69,1,0,0,0,0,0,0,0,0,1,0,0,0,0,0,0,0,0,0,0,0,0
burns,critical,mild,False,45,1,0,0,0,1,0,0,0,0,1,0,0,0,0,0,0,0,0,0,0,1,0
burns,urgent,severe,False,39,1,0,0,0,0,0,0,0,0,0,0,0,0,0,0,0,0,0,0,1,0,1
general,critical,none,True,72,1,0,0,0,0,0,0,0,1,1,0,0,0,0,0,0,0,0,0,0,0,0
trauma,urgent,mild,False,21,1,0,0,0,0,0,0,0,0,0,0,0,0,0,0,0,0,0,0,0,0,0
pediatric,critical,none,False,29,0,0,0,0,1,0,0,0,0,1,0,0,0,0,0,0,0,0,0,0,0,0
burns,urgent,mild,False,22,1,0,0,0,1,0,0,0,0,0,0,0,0,0,0,0,0,1,0,0,1,0
stroke,critical,mild,False,1,1,0,1,0,0,0,0,0,0,0,0,0,0,0,0,0,0,0,0,0,1,1
obstetric,critical,none,False,1,1,0,0,0,0,1,1,0,1,1,0,0,0,0,0,0,0,0,0,0,0,0
trauma,critical,none,False,15,0,0,0,1,0,0,0,0,1,1,0,0,0,0,1,0,1,1,0,0,0,0
stroke,stable,none,False,34,0,1,0,0,0,0,0,0,0,0,0,0,0,0,0,0,0,0,0,0,0,0
respiratory,urgent,none,False,27,1,0,0,0,0,0,0,0,0,0,0,0,0,0,0,0,0,0,0,0,0,0
poisoning,critical,none,False,42,1,0,0,0,0,0,1,0,0,1,0,0,0,0,0,0,0,0,0,0,0,0
trauma,stable,none,False,25,0,0,0,1,0,0,0,0,1,0,0,0,0,0,0,0,0,0,0,1,0,0
trauma,critical,none,False,62,1,0,0,1,0,0,0,0,0,1,0,0,0,0,1,0,0,0,1,0,0,0
cardiac,urgent,none,False,71,1,1,0,0,0,0,0,0,0,1,0,0,0,0,0,0,0,0,0,0,0,1
obstetric,critical,none,False,11,1,0,0,0,0,1,1,0,0,1,0,0,0,0,0,0,1,0,0,0,0,0
respiratory,critical,none,False,12,0,0,0,0,0,0,1,0,1,1,0,0,0,0,0,0,0,0,0,0,0,0
general,stable,mild,False,32,1,0,0,0,0,0,0,0,0,0,0,0,0,0,1,0,0,0,0,0,0,0
obstetric,stable,mild,False,38,0,0,0,0,0,0,0,0,0,0,0,0,0,0,0,0,0,1,0,0,1,1
burns,critical,none,False,62,0,0,0,0,1,0,0,1,0,1,0,0,0,0,0,0,0,1,0,0,1,0
burns,critical,none,False,36,0,0,0,0,1,0,0,0,0,1,1,1,0,0,0,0,0,0,0,0,0,0
poisoning,stable,severe,False,71,0,0,0,0,0,0,0,0,0,0,0,0,0,0,0,0,0,1,1,1,0,0
burns,stable,mild,False,32,0,0,0,0,0,0,0,0,0,0,0,0,0,0,0,0,0,0,0,0,0,0
cardiac,urgent,mild,False,40,1,0,0,0,0,0,0,0,0,1,0,0,0,0,0,0,0,0,0,1,0,0
obstetric,critical,severe,False,31,1,0,0,0,0,1,0,0,1,1,0,0,0,0,0,0,1,1,1,0,1,0
stroke,urgent,none,False,57,1,0,0,0,0,0,0,0,0,0,0,0,1,0,0,0,0,0,0,0,0,1
trauma,urgent,mild,False,44,1,0,0,0,0,0,0,1,1,0,0,0,0,0,0,0,0,0,0,0,0,0
burns,stable,none,False,37,0,0,0,0,0,0,0,0,0,1,0,0,0,0,0,0,0,0,0,0,0,0
trauma,critical,none,False,34,1,1,0,0,0,0,0,0,0,1,0,0,0,0,0,0,1,0,0,0,0,0
obstetric,stable,none,True,40,0,0,0,0,0,0,0,0,1,0,0,0,0,0,0,0,0,0,0,0,0,0
burns,stable,none,False,23,0,0,0,0,0,0,0,0,0,0,0,0,0,0,0,0,0,0,0,0,0,0
obstetric,stable,mild,False,13,0,0,0,0,1,0,1,0,0,0,0,0,0,0,0,1,0,0,1,0,0,0
obstetric,stable,none,False,0,0,0,0,0,0,0,1,0,0,0,0,0,0,0,0,0,0,0,0,0,1,0
general,critical,severe,False,51,1,0,0,0,1,0,0,0,0,1,0,1,0,0,0,0,0,1,0,1,0,0
respiratory,stable,mild,False,19,0,0,0,0,0,0,0,0,0,0,0,1,0,0,0,0,0,0,1,0,0,0
burns,urgent,none,False,53,1,0,0,0,1,1,0,0,0,0,0,0,0,0,0,0,0,0,0,0,0,0
obstetric,urgent,none,False,58,0,0,0,0,1,1,0,0,0,1,0,0,0,0,0,0,0,0,0,0,0,0
respiratory,stable,none,False,57,0,0,0,0,0,0,0,0,1,0,0,1,0,0,0,1,0,0,0,0,0,0
stroke,critical,mild,False,29,1,0,0,1,0,0,0,0,0,1,0,0,1,0,0,0,0,0,0,0,0,0
trauma,stable,none,False,0,0,0,0,0,0,0,0,0,1,0,0,0,0,0,0,0,0,0,0,0,0,0
general,critical,severe,False,60,1,1,0,0,0,0,0,0,0,1,0,0,0,0,0,0,0,0,0,0,0,0
pediatric,stable,none,False,49,0,0,0,0,0,0,0,0,0,0,0,0,0,0,0,0,0,0,0,0,0,0
pediatric,urgent,severe,False,10,0,0,0,0,0,0,1,0,0,0,0,0,0,0,0,0,0,1,1,0,0,1
cardiac,critical,mild,False,41,1,1,0,0,0,0,0,0,0,1,0,0,0,0,1,0,0,0,0,0,0,0
stroke,critical,none,False,68,1,0,1,0,0,0,0,0,0,1,0,0,0,0,0,0,0,0,0,0,1,0
cardiac,stable,none,False,58,1,0,0,0,0,0,0,0,1,0,0,0,0,0,0,0,0,0,0,0,0,0
cardiac,urgent,none,False,39,1,1,0,0,0,0,0,0,1,1,0,0,0,0,0,0,0,0,0,0,0,0
poisoning,stable,none,False,48,0,0,0,0,0,0,0,0,0,0,0,0,0,0,0,0,0,0,0,0,0,0
cardiac,stable,none,False,33,1,0,0,0,0,0,0,0,0,0,0,0,0,0,0,0,0,0,0,0,0,0
general,critical,none,False,57,1,0,0,0,0,0,0,0,0,1,0,0,0,0,0,0,0,0,0,0,0,0
trauma,stable,none,False,38,0,0,0,0,0,0,0,0,0,0,0,0,0,0,0,0,1,0,0,0,0,0
cardiac,critical,none,False,37,0,0,0,0,0,0,1,0,0,1,0,1,0,0,0,0,0,0,0,0,0,0
stroke,urgent,none,False,24,1,0,0,0,0,0,0,0,0,0,0,0,1,0,0,0,0,0,0,0,0,0
burns,urgent,none,False,41,1,0,0,0,0,0,0,0,0,0,0,0,0,0,0,0,0,0,0,0,0,0
stroke,urgent,mild,False,20,0,0,1,0,0,0,0,0,0,0,0,0,0,0,0,0,1,0,0,0,0,0
cardiac,urgent,mild,False,32,0,1,0,0,0,0,0,0,0,1,0,0,0,0,0,0,0,0,0,0,1,1
general,urgent,mild,False,45,1,0,0,0,0,0,0,0,0,1,0,1,0,1,0,0,0,1,0,0,0,0
general,stable,none,False,39,1,0,0,0,0,0,0,0,0,0,0,0,0,0,0,0,0,0,1,0,0,0
trauma,critical,mild,False,37,1,0,0,1,1,0,0,0,1,1,0,0,0,0,0,0,1,1,0,1,0,0
respiratory,stable,none,False,44,0,0,0,0,0,0,0,0,0,0,0,0,0,0,0,0,1,1,0,0,0,0
respiratory,urgent,none,False,53,0,0,0,0,0,0,0,0,0,0,0,0,0,0,0,0,0,0,0,0,0,0
burns,urgent,none,False,0,1,0,1,0,1,0,1,0,0,0,0,0,0,0,0,0,0,0,0,0,0,0
pediatric,stable,severe,False,34,0,0,0,0,0,0,0,0,0,0,0,0,1,0,0,0,0,0,0,0,0,0
cardiac,stable,mild,False,19,0,0,0,0,0,0,0,0,0,0,0,0,0,0,0,0,0,0,0,0,0,0
obstetric,urgent,mild,True,48,0,0,0,0,0,0,0,0,0,1,0,0,0,0,0,0,0,1,0,0,1,0
trauma,critical,none,False,15,1,0,0,1,0,0,0,0,1,1,0,0,0,0,0,0,1,1,0,0,0,0
cardiac,stable,none,False,28,1,0,0,0,0,0,0,0,0,0,0,0,0,0,0,0,0,0,0,0,0,0
general,stable,none,False,71,1,0,0,0,0,0,0,0,0,0,0,1,0,0,0,0,0,0,0,0,0,0
respiratory,stable,mild,False,18,0,0,0,0,0,0,0,0,1,1,0,0,0,0,0,0,0,0,1,0,0,1
poisoning,urgent,none,False,53,1,0,0,0,0,0,0,0,0,0,0,0,0,0,1,0,0,0,0,0,0,0
trauma,critical,mild,False,64,1,0,0,1,0,0,0,0,0,1,0,0,0,0,0,0,1,1,0,0,1,1
pediatric,urgent,none,False,0,1,0,0,0,0,0,1,0,1,0,0,0,0,0,0,0,0,0,0,1,0,0
general,critical,none,False,24,0,0,0,0,0,0,0,0,0,1,0,0,0,0,0,0,0,0,0,0,0,0
pediatric,critical,none,False,22,0,0,0,0,0,0,0,0,0,1,0,0,0,0,0,0,0,0,0,0,0,0
respiratory,critical,none,False,53,1,0,0,0,0,1,1,1,1,1,1,0,0,0,0,0,0,0,0,0,0,0
respiratory,urgent,severe,True,26,1,0,0,0,0,0,0,1,0,0,0,0,0,0,0,0,0,1,0,0,1,1
trauma,urgent,mild,False,17,1,0,0,0,0,0,0,0,0,0,0,0,0,0,0,0,0,0,0,0,0,0
general,urgent,none,False,60,1,0,0,1,0,0,0,0,0,1,0,0,0,0,0,0,0,0,0,0,0,0
respiratory,stable,mild,False,20,0,0,0,0,0,0,0,0,0,0,0,0,0,0,0,0,0,0,0,0,0,0
trauma,critical,none,True,37,0,0,0,1,0,1,1,0,1,0,0,0,0,0,0,0,1,1,0,0,0,0
trauma,critical,none,False,47,1,0,0,1,0,0,0,0,1,1,0,0,0,0,1,0,0,0,0,0,0,0
cardiac,urgent,none,False,36,1,1,0,0,0,0,0,1,0,1,0,0,1,0,0,0,0,0,0,0,0,0
stroke,stable,mild,False,48,0,0,0,0,0,0,0,0,0,0,0,0,0,0,0,0,0,1,0,0,0,0
stroke,critical,none,False,55,1,0,1,0,0,0,0,0,0,1,0,0,1,0,1,0,0,0,0,0,0,0
cardiac,stable,none,False,40,1,0,1,0,0,0,0,0,0,0,0,0,0,0,0,0,0,0,0,0,0,0
general,stable,none,False,54,1,0,0,0,0,0,0,0,0,0,0,0,0,0,0,0,0,0,0,0,0,1
stroke,urgent,mild,False,44,1,0,1,0,0,0,1,0,0,0,0,1,0,0,0,0,0,1,0,1,1,0
respiratory,critical,none,False,53,1,0,0,0,0,0,0,0,0,1,1,0,0,0,0,0,0,0,0,0,0,0
stroke,critical,none,False,36,1,0,1,0,0,0,0,0,0,1,0,0,1,0,0,0,0,0,0,0,0,0
cardiac,stable,none,False,36,0,1,0,0,0,0,0,0,1,0,0,1,0,0,0,0,0,0,0,0,1,0
trauma,urgent,mild,False,27,1,0,0,0,0,0,0,0,0,0,0,0,0,0,0,0,0,0,0,1,0,0
obstetric,urgent,none,False,37,0,0,0,0,0,1,0,1,0,1,0,0,0,0,0,0,0,0,0,0,0,0
stroke,critical,mild,False,34,1,0,1,0,0,0,0,0,0,1,0,0,1,0,0,0,0,0,0,0,0,0
pediatric,stable,none,False,25,0,0,0,0,0,0,0,0,0,0,0,0,1,0,0,0,0,0,0,0,0,0
poisoning,critical,severe,False,0,1,0,0,0,0,0,0,0,0,1,1,0,0,0,0,0,0,1,0,0,0,0
cardiac,critical,none,False,36,1,1,0,0,1,0,0,0,0,1,0,0,0,0,1,0,0,0,0,0,0,0
burns,stable,severe,False,28,0,0,0,0,0,0,0,0,0,0,0,0,0,0,0,0,0,1,0,1,1,1
pediatric,stable,mild,False,28,0,0,0,0,1,0,0,0,0,0,0,0,0,0,0,0,0,0,0,1,1,1
pediatric,critical,none,False,11,0,0,0,0,0,0,1,0,0,1,0,0,0,0,0,0,0,0,0,0,0,0
cardiac,critical,severe,False,55,1,1,0,0,0,0,0,0,0,1,0,1,0,0,1,0,0,0,1,1,1,0
pediatric,urgent,mild,False,47,0,1,0,0,0,0,0,0,0,0,0,0,0,0,0,0,0,0,0,0,0,0
obstetric,urgent,none,False,24,0,0,0,0,1,1,0,0,0,1,0,1,0,0,0,0,0,0,0,1,0,0
obstetric,stable,none,False,47,0,0,0,0,0,0,0,0,0,1,0,0,0,0,0,0,0,0,1,0,0,0
burns,urgent,none,False,43,1,0,0,0,0,0,0,0,1,0,0,0,1,0,0,0,0,0,0,0,0,0
stroke,critical,none,False,43,1,0,1,0,0,0,0,0,0,1,0,0,0,0,0,0,0,0,0,0,0,0
poisoning,urgent,mild,False,13,1,1,0,1,0,0,0,0,0,0,0,0,0,0,0,0,0,0,0,0,1,0
obstetric,critical,none,False,30,1,0,0,0,0,1,0,0,1,1,1,0,0,0,0,0,0,0,1,0,0,0
stroke,stable,none,False,27,0,0,0,0,0,0,1,0,0,0,0,0,0,0,0,0,0,0,0,0,0,0
pediatric,urgent,none,True,15,1,0,0,0,0,1,1,0,0,0,0,0,0,0,0,0,0,0,0,0,1,0
burns,urgent,mild,False,32,1,0,0,0,1,0,0,0,0,1,0,0,0,0,0,0,0,0,0,0,0,1
cardiac,stable,none,False,36,1,1,0,0,0,0,0,0,0,0,0,0,0,0,0,0,0,0,0,0,0,0
respiratory,stable,none,False,82,0,0,0,0,0,0,0,0,0,1,0,0,0,0,0,0,0,0,0,0,0,0
stroke,urgent,none,False,84,0,0,1,0,0,0,0,0,0,0,0,0,0,0,0,0,0,0,1,0,0,0
poisoning,critical,none,False,18,1,0,0,0,0,0,0,0,0,1,0,0,0,0,0,0,0,0,0,1,0,0
pediatric,urgent,severe,False,40,0,0,0,0,0,0,1,0,0,0,0,0,0,0,0,0,0,1,0,1,0,0
burns,critical,mild,False,73,1,0,0,0,1,0,0,0,1,1,1,0,0,1,0,0,0,0,0,0,0,1
poisoning,stable,none,False,38,0,0,0,0,0,0,0,0,0,0,0,0,0,0,0,0,0,0,0,0,0,0
stroke,urgent,severe,False,53,1,0,1,1,0,0,0,0,1,0,0,0,1,0,0,0,0,1,1,1,0,0
poisoning,stable,mild,False,33,0,1,0,0,0,0,0,0,0,0,0,0,0,0,0,0,0,0,0,0,0,0
general,stable,mild,False,22,0,0,0,0,0,0,0,0,0,0,0,0,0,0,0,0,0,0,0,0,0,1
stroke,urgent,none,False,45,0,0,0,0,1,0,0,0,0,0,0,0,0,0,0,0,0,0,0,0,0,0
respiratory,critical,none,False,64,1,0,0,0,0,1,0,0,0,1,1,0,0,0,0,0,0,0,0,0,0,0
poisoning,critical,none,False,53,1,0,0,0,0,0,0,0,0,0,1,0,0,0,0,0,0,0,0,0,0,0
cardiac,critical,severe,False,35,1,0,0,0,0,0,0,0,0,1,0,1,0,0,0,0,0,1,1,0,1,1
pediatric,urgent,mild,False,30,1,0,0,0,0,0,1,0,0,0,0,0,0,0,0,0,0,0,0,0,0,1
general,critical,mild,False,40,1,0,0,0,0,0,0,0,0,1,0,0,0,0,0,0,0,0,0,0,0,1
general,critical,none,False,23,1,0,0,0,0,0,0,0,0,1,0,0,0,0,0,0,0,0,1,0,0,0
stroke,critical,none,False,44,1,0,1,0,0,0,0,0,0,1,0,0,1,0,0,0,0,0,0,0,0,0
respiratory,stable,none,False,31,0,0,0,0,0,0,0,0,0,0,0,0,0,0,0,0,1,0,0,0,0,0
general,urgent,none,False,46,1,0,0,0,0,1,0,0,0,0,0,0,1,0,0,0,0,0,0,0,0,0
pediatric,urgent,none,False,83,1,0,0,0,0,0,1,0,0,0,0,0,0,0,0,0,0,0,0,0,0,0
poisoning,stable,none,False,76,0,0,0,0,0,0,0,0,0,0,0,0,0,0,0,0,0,1,0,0,1,0
general,urgent,none,False,25,1,0,0,0,0,0,0,0,0,1,0,0,0,0,0,0,0,0,0,0,0,0
poisoning,urgent,none,False,20,1,0,0,0,0,0,0,0,0,0,0,0,0,0,0,0,0,0,0,0,0,0
respiratory,stable,none,False,26,0,0,0,0,1,0,0,0,0,0,0,0,0,0,0,0,0,0,0,0,0,0
stroke,stable,mild,False,58,0,0,0,0,0,0,0,0,0,0,0,0,0,0,0,0,0,0,0,0,1,0
cardiac,urgent,none,False,67,1,1,0,0,0,0,0,0,0,0,0,0,0,0,0,0,0,0,0,0,0,0
general,stable,none,False,16,1,0,0,0,0,0,1,0,1,0,0,0,0,0,0,0,0,0,0,0,0,0
general,stable,none,False,74,0,0,0,0,0,0,0,0,0,0,0,0,0,0,0,0,0,0,0,0,0,1
obstetric,urgent,none,False,47,0,0,0,0,0,1,0,0,0,1,0,0,0,0,0,0,0,0,0,0,0,0
trauma,stable,none,False,54,0,0,0,0,0,0,0,0,0,0,0,0,0,0,0,0,0,1,0,0,0,0
cardiac,urgent,none,False,24,1,0,0,0,0,0,0,0,0,1,0,0,0,0,0,0,0,0,0,0,0,0
cardiac,urgent,none,False,67,1,1,0,1,0,0,0,0,0,1,0,0,0,0,0,0,0,0,0,0,1,0
cardiac,critical,none,False,52,1,1,0,0,0,0,0,0,0,1,0,1,0,0,1,0,0,0,0,0,0,0
cardiac,stable,mild,True,20,1,0,0,0,0,1,0,0,0,0,0,0,0,0,0,0,0,0,0,0,1,0
trauma,urgent,none,False,8,1,0,0,0,0,0,1,0,0,0,0,0,0,0,0,0,0,1,0,0,0,0
burns,critical,none,False,32,1,0,0,0,1,0,0,0,1,1,0,0,0,0,0,0,0,0,0,0,0,0
general,urgent,none,False,53,1,0,0,0,0,0,0,0,0,0,0,0,0,0,0,0,0,0,0,0,0,0
poisoning,critical,none,False,65,0,0,0,0,0,0,0,0,0,1,0,0,0,0,0,0,0,0,0,0,0,0
poisoning,stable,none,False,49,0,0,0,0,0,0,0,0,0,0,0,0,0,0,0,0,0,0,0,0,0,0
obstetric,critical,none,False,48,1,0,0,0,0,0,0,0,0,1,0,0,0,0,0,0,0,0,0,0,0,0
poisoning,urgent,none,False,33,1,0,0,0,0,0,0,0,0,1,1,0,0,0,0,0,0,0,0,0,0,0
pediatric,stable,none,False,46,0,1,0,0,0,0,0,0,0,0,0,0,0,0,0,0,0,0,0,0,0,0
poisoning,urgent,mild,False,64,1,0,0,0,0,0,0,0,0,0,0,0,0,0,0,0,0,0,0,0,0,0
respiratory,urgent,none,False,11,1,0,1,0,0,0,0,1,0,0,0,0,0,0,0,0,0,0,0,0,0,0
stroke,stable,mild,False,12,0,0,0,1,0,0,1,0,0,0,0,0,0,0,0,0,0,0,0,0,0,0
poisoning,critical,none,False,28,1,0,0,0,0,0,0,0,0,1,1,0,0,0,0,0,0,0,0,0,0,0
general,stable,none,False,33,1,0,0,0,0,1,0,0,0,0,0,0,0,0,0,0,0,0,0,0,0,0
stroke,urgent,none,False,25,0,0,1,0,0,0,0,0,0,0,0,0,1,0,0,0,0,0,0,0,0,0
pediatric,critical,mild,False,40,1,0,0,1,0,0,1,0,0,1,0,0,0,0,0,0,0,0,0,0,0,0
pediatric,critical,none,False,29,1,0,0,0,0,1,1,0,0,1,0,0,0,0,0,0,0,0,0,0,0,0
obstetric,stable,none,True,14,0,0,0,0,0,0,0,0,0,0,0,0,1,0,1,0,0,0,0,0,0,0
burns,critical,mild,False,15,1,0,0,0,0,0,0,0,0,1,1,1,0,0,0,0,0,1,0,0,0,1
poisoning,stable,none,False,22,0,0,0,0,0,0,0,0,0,0,0,0,0,0,0,0,0,0,0,0,0,0
obstetric,urgent,none,False,32,0,0,0,1,0,1,0,0,0,0,0,1,0,0,0,0,0,0,1,0,0,0
respiratory,critical,mild,False,19,1,1,0,0,0,0,0,0,0,1,1,0,0,0,0,0,0,1,0,0,0,0
cardiac,urgent,none,False,0,0,1,0,1,0,0,0,0,0,1,0,0,0,0,0,0,0,0,0,0,0,0
stroke,urgent,mild,False,53,1,0,0,0,0,0,0,0,0,0,0,0,1,1,0,0,0,1,0,0,1,1
obstetric,urgent,none,False,52,0,0,0,0,0,0,0,0,1,1,0,0,0,0,0,0,0,0,0,0,0,1
general,urgent,mild,False,70,1,1,0,0,0,0,0,0,0,1,0,0,1,1,0,1,0,0,0,0,0,0
cardiac,critical,none,False,2,1,1,1,0,0,0,1,0,0,1,0,0,0,0,1,0,0,0,0,0,0,0
stroke,urgent,mild,False,0,1,0,1,0,0,0,0,0,0,0,0,0,0,0,0,1,0,1,0,0,0,0
respiratory,critical,none,False,20,1,0,0,0,0,0,0,1,0,1,1,0,0,0,0,0,0,0,0,0,0,0
trauma,urgent,severe,False,34,0,0,0,1,0,0,0,0,0,0,0,0,0,0,1,0,0,1,0,0,0,1
trauma,stable,none,False,60,0,0,0,0,0,0,0,0,0,0,0,0,0,0,0,0,0,0,0,0,0,0
burns,critical,none,False,59,1,0,1,0,1,0,0,0,0,1,1,0,0,0,0,0,0,0,0,0,0,0
obstetric,stable,mild,False,13,0,0,0,0,0,0,1,0,0,1,0,0,0,1,0,0,0,0,0,0,1,0
burns,urgent,none,False,15,0,0,0,0,0,0,0,0,0,0,0,0,0,0,0,0,0,0,1,0,0,1
respiratory,urgent,severe,False,40,1,0,0,0,0,0,0,0,0,0,0,0,0,0,0,0,0,1,1,0,0,0
respiratory,critical,severe,False,30,1,0,0,0,0,0,0,1,1,1,0,0,0,0,0,0,0,0,0,0,0,1
general,critical,mild,False,36,1,0,0,1,0,0,0,0,0,1,0,0,0,0,0,0,0,0,1,0,0,0
cardiac,stable,mild,False,32,0,1,0,0,0,0,0,0,0,0,0,1,1,0,0,1,0,0,0,0,0,0
respiratory,urgent,none,False,47,1,0,0,0,0,0,0,0,0,0,0,1,0,0,0,0,0,0,1,0,0,0
burns,critical,none,False,44,1,0,0,0,0,0,0,0,1,1,1,0,0,0,0,0,0,0,0,0,1,0
general,stable,mild,False,45,0,0,0,0,0,0,0,0,0,0,0,0,0,0,0,0,0,0,1,0,0,0
burns,critical,mild,False,23,1,0,0,0,1,0,0,0,0,1,0,0,0,0,0,0,0,0,0,0,0,1
stroke,stable,none,False,39,0,0,0,0,0,0,0,0,0,0,0,0,0,0,0,0,0,0,0,0,0,0
cardiac,stable,none,True,38,1,0,0,1,0,1,1,1,0,1,0,0,0,0,0,0,0,0,0,0,0,0
burns,urgent,none,False,45,1,0,0,0,0,0,0,0,0,0,0,0,0,0,0,0,0,0,0,0,0,0
general,critical,none,False,27,0,1,0,0,0,0,0,0,1,0,0,0,0,0,0,0,0,0,0,0,0,0
general,urgent,severe,False,27,0,0,0,0,0,0,0,0,0,1,0,0,0,0,0,0,0,1,1,0,1,1
obstetric,urgent,mild,False,29,0,0,0,0,0,0,0,0,1,1,0,0,0,0,0,1,0,0,0,0,0,0
stroke,urgent,none,False,55,1,0,0,0,0,0,1,0,0,1,0,0,0,0,0,0,0,0,0,0,0,0
stroke,urgent,none,False,24,1,0,1,0,0,0,0,0,0,0,0,0,1,0,0,0,0,0,0,0,0,0
obstetric,stable,severe,False,27,0,0,0,0,0,0,0,0,0,0,0,0,0,0,0,0,1,1,1,0,0,0
cardiac,stable,severe,False,49,1,0,0,0,0,0,0,0,0,0,0,0,0,0,0,0,0,0,1,1,1,0
trauma,stable,none,False,5,0,0,0,0,0,0,1,0,0,0,0,0,0,0,0,0,0,0,0,0,0,0
cardiac,critical,none,True,28,1,1,0,0,1,1,0,0,0,0,0,1,0,0,1,0,0,0,0,0,0,0
pediatric,stable,none,False,27,0,0,0,0,0,0,0,0,0,0,0,0,0,0,0,0,0,0,0,0,0,0
obstetric,critical,severe,False,27,0,0,0,0,0,1,0,0,1,1,0,0,0,0,0,0,1,0,1,0,0,1
trauma,urgent,mild,False,14,0,0,0,0,0,0,0,0,0,0,0,0,0,0,0,0,1,0,0,0,0,0
general,urgent,severe,False,38,1,0,0,0,0,0,0,0,0,1,0,0,0,0,0,0,0,1,1,0,0,1
cardiac,critical,none,False,77,1,1,0,0,0,0,0,0,0,1,0,1,0,0,1,0,0,0,0,0,0,1
pediatric,stable,none,False,61,0,0,0,0,0,0,0,0,0,0,0,0,0,0,0,0,0,0,0,0,0,0
stroke,critical,mild,False,32,1,0,1,0,0,0,0,0,0,1,0,0,1,0,0,0,0,1,0,0,0,0
burns,critical,none,False,74,1,0,0,0,0,0,0,0,0,1,0,0,0,0,0,0,0,0,0,0,0,0
poisoning,urgent,none,False,62,1,0,0,0,0,0,0,0,0,0,0,0,0,0,0,0,0,0,0,1,0,0
obstetric,critical,none,False,9,0,0,0,0,0,1,1,0,1,1,0,0,0,0,0,0,1,0,0,0,0,0
burns,critical,none,False,36,1,0,0,0,1,0,0,0,0,1,0,0,0,0,0,0,0,0,0,0,0,0
stroke,urgent,none,False,40,1,0,1,0,0,0,0,0,0,1,0,0,1,0,0,0,0,0,0,0,0,0
pediatric,urgent,none,False,26,1,0,0,0,0,1,1,0,0,0,0,0,0,0,0,0,0,0,0,1,0,0
trauma,stable,severe,False,44,0,0,0,0,0,0,0,0,0,0,0,0,0,0,0,0,0,0,0,0,1,0
trauma,stable,none,False,72,0,0,0,1,0,0,0,0,0,0,0,0,0,0,0,0,0,0,0,0,1,0
poisoning,stable,none,False,42,0,0,1,0,0,0,0,0,0,0,0,1,0,0,0,0,1,0,0,0,0,0
trauma,critical,none,False,56,1,0,0,1,0,0,0,0,1,1,0,0,0,0,0,0,0,1,0,1,0,0
burns,urgent,none,False,36,1,0,0,0,1,0,0,0,1,0,0,0,0,0,0,0,0,0,0,0,0,0
burns,urgent,none,False,5,1,0,0,0,0,0,0,0,0,0,0,0,0,0,0,0,0,0,0,0,1,0
general,stable,none,False,43,1,0,0,1,0,0,0,0,0,0,0,0,0,0,0,0,0,0,0,0,0,0
respiratory,critical,none,False,51,1,0,0,0,0,0,0,1,0,1,1,0,1,0,0,0,0,0,0,0,0,0
respiratory,critical,none,False,26,1,0,0,0,0,0,0,1,0,1,0,0,0,0,0,0,0,0,0,0,0,0
stroke,stable,severe,False,25,0,0,0,0,1,0,0,0,0,0,0,0,0,0,0,0,0,0,0,0,1,0
burns,critical,mild,False,45,1,0,0,0,1,0,0,0,1,1,0,0,0,0,0,0,1,0,0,0,0,0
cardiac,critical,severe,False,41,1,1,0,0,0,0,0,1,0,1,0,0,0,0,0,0,0,1,1,0,1,0
pediatric,urgent,mild,False,33,1,0,0,0,0,0,1,0,0,0,0,0,0,0,0,0,0,0,0,0,0,1
obstetric,stable,none,False,45,0,0,0,0,0,0,0,0,0,0,0,0,0,0,0,0,0,0,0,0,0,0
general,critical,none,False,31,1,0,0,0,0,0,0,0,0,1,1,0,0,0,0,0,0,0,0,0,0,0
pediatric,urgent,none,False,17,1,0,0,1,0,0,0,0,0,0,0,0,0,0,0,0,0,0,0,0,0,0
burns,critical,severe,False,20,1,0,0,0,1,0,0,0,0,1,1,0,0,0,0,0,0,0,0,1,0,0
respiratory,urgent,none,False,31,1,0,0,0,0,0,0,0,0,0,0,0,0,0,0,0,0,0,0,0,0,0
respiratory,urgent,none,False,59,1,0,0,0,0,0,0,1,0,0,0,0,0,0,0,0,0,0,0,0,0,0
general,stable,mild,False,65,0,0,0,0,0,1,0,0,0,0,0,1,0,0,0,0,1,0,0,0,0,1
cardiac,urgent,mild,False,32,0,1,0,0,0,0,0,0,0,1,0,0,0,0,0,0,0,0,1,0,0,0
respiratory,stable,none,False,3,0,0,0,0,0,0,1,0,0,0,0,0,0,0,0,0,0,0,0,0,0,0
stroke,stable,none,False,56,0,0,0,1,0,0,0,0,0,0,0,0,0,0,0,0,0,0,0,0,0,0
obstetric,critical,none,False,28,1,0,0,0,0,1,0,0,1,1,0,0,0,0,0,0,1,0,0,0,0,0
burns,stable,none,False,74,0,0,0,0,0,0,0,0,0,0,0,0,0,0,0,0,0,0,0,0,0,0
trauma,critical,none,False,32,1,0,0,1,0,0,0,0,0,0,0,0,1,0,1,0,1,1,0,0,0,0
stroke,stable,mild,False,46,0,0,0,0,0,0,0,0,1,0,0,0,0,0,0,0,0,0,0,1,0,0
trauma,stable,none,False,65,0,0,0,0,0,0,0,0,0,0,0,0,0,0,0,0,0,0,0,0,0,0
stroke,urgent,mild,False,7,1,0,1,0,0,0,1,0,0,0,0,0,1,0,0,0,0,1,0,0,1,0
general,urgent,mild,False,47,1,0,0,0,0,0,0,0,0,1,0,0,0,0,0,1,0,0,0,1,0,0
poisoning,stable,none,False,66,0,0,0,0,0,1,0,0,0,0,0,0,0,0,0,0,0,0,0,0,1,0
stroke,stable,none,False,25,0,0,0,0,0,0,0,0,0,0,0,0,1,0,0,0,0,0,0,0,0,0
respiratory,stable,none,False,41,0,1,0,0,0,0,1,0,0,0,1,0,0,0,0,0,0,0,0,0,0,0
respiratory,critical,severe,False,41,1,0,0,0,0,0,0,1,0,1,1,0,0,0,0,0,0,0,0,0,0,0
obstetric,stable,severe,False,39,0,0,0,0,0,0,0,0,0,0,0,0,0,0,0,0,0,1,1,1,1,1
burns,stable,none,False,0,0,0,0,0,0,0,1,0,1,0,0,0,0,0,0,0,0,0,0,0,0,0
obstetric,urgent,mild,False,23,0,0,0,0,0,0,0,0,0,1,0,0,0,0,0,0,0,0,0,0,0,0
obstetric,critical,none,False,25,0,0,0,0,0,1,0,0,1,1,0,0,0,0,0,0,1,0,1,0,0,0
respiratory,stable,none,False,79,0,0,0,0,0,0,0,0,0,0,0,0,0,0,0,0,0,0,0,0,1,0
cardiac,stable,none,False,46,1,0,0,0,1,0,0,1,0,0,0,0,0,0,0,0,0,0,0,1,0,0
respiratory,critical,none,False,54,1,0,0,1,0,0,0,1,0,1,1,0,0,0,0,0,0,0,0,0,0,0
trauma,urgent,mild,False,31,1,0,0,0,0,0,0,0,0,0,0,0,0,0,0,0,0,0,0,0,0,0
burns,critical,none,False,16,1,0,0,0,1,0,0,1,0,1,0,0,0,0,0,0,0,0,0,0,0,0
general,critical,none,False,0,1,0,0,0,0,0,0,0,0,1,0,0,0,0,0,0,0,0,0,1,0,0
poisoning,stable,none,False,45,0,0,0,0,0,0,0,0,0,0,0,0,0,0,0,0,0,0,0,0,0,0
stroke,stable,none,False,25,0,0,0,0,0,0,0,0,0,0,0,1,0,1,0,0,0,0,0,0,0,0
cardiac,urgent,none,False,45,0,0,0,0,0,0,0,0,0,1,0,0,0,0,0,0,0,0,0,0,0,0
burns,critical,none,False,25,1,0,0,0,0,0,0,0,0,1,1,0,0,0,0,0,0,0,0,0,0,0
pediatric,urgent,none,False,25,1,0,0,0,0,0,1,0,0,0,0,0,0,0,0,0,0,0,0,0,0,0
burns,critical,none,False,12,1,0,0,0,1,0,1,0,0,1,1,0,0,0,0,0,0,0,0,0,0,0
pediatric,stable,none,False,18,0,0,0,0,0,0,0,0,0,0,0,0,0,0,0,0,1,0,0,0,0,0
stroke,critical,mild,False,33,1,0,1,0,0,0,0,0,0,0,0,0,0,0,0,0,0,0,0,0,1,0
general,urgent,severe,False,33,1,0,0,0,0,0,0,0,1,1,0,0,0,0,0,0,0,0,0,0,1,1
pediatric,urgent,mild,False,67,0,0,0,0,0,0,1,0,0,0,0,0,0,0,0,0,0,1,0,0,0,0
respiratory,critical,severe,False,26,0,0,0,0,0,0,0,0,0,1,1,0,0,0,0,0,0,1,1,0,0,1
poisoning,stable,none,False,28,0,0,0,0,0,0,0,0,0,0,0,0,0,0,0,0,0,1,1,0,0,0
poisoning,critical,none,False,35,1,0,0,0,0,0,0,0,0,1,0,0,0,0,0,0,0,0,0,0,0,0
burns,urgent,severe,False,11,1,0,0,0,1,0,1,0,0,0,0,0,0,0,0,0,0,0,0,0,1,0
stroke,critical,mild,False,36,1,0,1,0,0,0,0,0,0,1,0,0,0,0,0,0,1,0,0,1,0,0
cardiac,urgent,none,False,61,1,1,0,0,0,0,0,0,0,1,0,0,1,0,0,0,0,0,0,0,0,0
obstetric,stable,none,True,44,0,0,0,0,0,1,0,0,0,0,0,0,0,0,0,0,0,0,0,0,0,0
stroke,stable,mild,False,37,0,0,0,0,0,0,0,0,0,0,0,0,0,0,0,0,0,0,0,0,0,0
respiratory,urgent,none,False,57,1,0,0,0,0,0,0,0,1,0,0,0,0,0,0,0,0,0,0,0,0,0
obstetric,urgent,severe,False,44,0,0,0,0,0,1,0,0,0,1,0,0,0,0,0,0,0,0,1,0,0,0
trauma,urgent,none,False,45,1,0,0,0,0,0,0,0,0,0,0,0,0,0,0,0,0,0,0,0,0,0
burns,urgent,severe,False,78,1,0,0,0,0,0,0,0,0,0,0,0,0,0,0,0,0,0,0,0,0,0
stroke,critical,none,False,26,1,0,1,0,0,0,0,0,0,1,0,0,1,0,0,0,0,0,0,0,0,0
trauma,urgent,severe,False,43,1,0,0,0,0,0,0,0,1,0,0,0,0,0,0,0,0,0,1,1,0,1
pediatric,stable,none,False,46,0,1,0,0,0,0,1,0,0,0,0,0,0,0,0,1,0,0,0,0,0,0
burns,critical,none,False,57,0,0,0,0,0,0,0,0,0,0,1,0,0,0,0,0,0,0,0,0,0,0
respiratory,critical,none,False,49,1,0,0,0,0,0,0,1,0,1,1,0,0,0,0,0,0,1,0,0,0,0
general,urgent,none,False,90,1,0,0,0,0,0,1,0,0,1,0,0,0,0,0,0,0,0,0,0,0,0
stroke,critical,mild,False,40,1,0,1,0,1,0,0,0,0,1,0,0,1,0,0,0,0,1,0,0,0,0
burns,urgent,none,False,39,0,0,0,0,0,0,0,1,0,0,0,0,0,0,0,0,0,1,0,0,0,0
pediatric,stable,mild,False,47,0,0,0,0,0,0,0,0,0,0,0,0,0,0,0,0,0,0,0,0,0,0
burns,stable,mild,False,63,0,0,0,0,0,0,0,0,0,0,0,0,0,0,0,0,0,0,0,1,0,1
cardiac,urgent,none,True,15,1,1,0,0,0,1,0,0,0,1,0,0,0,0,0,0,0,0,1,0,0,0
general,critical,mild,False,32,1,0,0,0,0,0,0,0,1,1,0,0,0,0,0,0,0,0,0,0,0,0
poisoning,critical,mild,False,45,1,0,0,0,0,0,0,0,1,1,0,0,0,0,0,0,0,0,1,0,0,0
burns,critical,none,False,41,1,1,0,0,1,0,0,0,0,1,0,0,0,0,0,0,1,0,0,0,0,0
general,critical,mild,False,28,1,1,0,0,0,0,0,0,0,1,0,0,0,0,0,0,0,0,0,0,1,1
respiratory,urgent,none,False,39,1,0,0,0,0,0,0,0,0,0,0,0,0,0,0,0,0,0,0,0,0,0
cardiac,stable,none,False,18,0,0,0,0,0,0,1,0,1,0,0,0,0,1,0,0,0,0,0,0,0,0
pediatric,critical,mild,False,23,1,0,0,0,0,0,1,0,0,1,0,0,0,0,0,0,0,0,0,0,0,0
respiratory,urgent,severe,False,17,1,0,0,0,0,0,0,1,0,0,0,0,0,0,0,0,0,0,1,0,0,0
pediatric,urgent,none,False,53,1,0,0,0,0,0,0,0,0,0,0,0,1,0,0,0,0,0,0,0,0,0
cardiac,stable,mild,False,57,1,0,0,0,0,0,0,0,0,0,0,0,0,0,0,0,0,0,1,0,0,0
obstetric,urgent,none,False,27,0,0,0,0,0,1,0,0,1,1,0,0,0,0,0,0,0,0,0,0,0,0
general,critical,none,False,13,0,0,0,0,0,0,0,0,0,1,0,0,0,0,0,0,0,0,0,0,0,0
stroke,urgent,none,False,30,1,0,0,0,0,0,0,0,0,0,0,0,1,0,0,0,0,0,1,0,0,0
pediatric,stable,none,False,37,0,0,0,0,0,0,0,0,0,0,0,0,0,0,0,0,0,0,0,0,0,0
trauma,urgent,mild,False,11,1,0,0,1,0,0,0,0,0,0,0,0,0,0,0,0,0,0,0,0,0,0
respiratory,critical,none,False,57,0,0,0,0,1,0,0,1,0,1,1,0,0,0,0,0,0,0,0,0,0,0
stroke,stable,severe,False,39,0,0,0,0,0,0,0,0,0,0,0,0,0,0,0,0,0,1,1,0,0,1
stroke,critical,severe,False,49,1,0,1,0,0,0,0,1,0,1,0,0,0,0,0,0,0,1,0,1,0,0
cardiac,urgent,none,False,27,1,0,0,0,0,0,0,0,0,0,0,0,1,0,0,1,0,0,0,0,0,0
respiratory,stable,none,False,35,0,0,0,0,0,0,0,0,0,0,0,0,0,0,0,0,0,0,0,0,0,0
cardiac,urgent,none,False,82,1,1,0,0,0,0,0,0,0,1,0,0,0,0,0,0,0,0,0,0,0,0
burns,critical,none,False,21,1,0,0,0,1,0,0,0,0,1,0,0,0,0,0,0,0,0,0,0,1,0
burns,critical,mild,False,45,1,0,0,0,1,0,0,0,1,1,0,0,0,0,0,0,0,0,0,0,0,0
general,urgent,mild,False,50,1,0,0,0,0,0,0,0,0,1,0,0,0,0,0,0,0,0,0,0,0,0
respiratory,urgent,none,False,21,1,1,0,0,0,0,0,1,1,0,0,0,0,0,0,0,0,0,0,0,0,0
general,critical,none,False,53,1,0,0,0,0,0,0,0,1,0,0,0,0,0,0,0,0,0,0,0,0,0
pediatric,urgent,none,False,31,1,0,0,0,0,0,1,0,0,0,0,0,0,0,0,0,0,0,0,0,0,0
poisoning,urgent,none,False,81,1,0,0,0,1,0,0,0,0,0,0,0,0,0,0,0,0,0,0,0,0,0
burns,stable,mild,False,29,0,0,0,0,0,0,0,0,0,0,0,0,0,0,0,0,0,0,1,0,0,1
trauma,urgent,none,False,35,1,0,0,1,0,0,0,0,0,0,0,0,0,0,0,0,0,0,0,1,0,0
general,urgent,none,False,44,1,0,0,0,0,0,0,0,0,0,0,0,0,0,0,0,0,0,0,0,0,0
burns,urgent,severe,False,47,1,0,0,0,1,0,1,0,0,0,0,0,0,0,0,0,0,0,1,0,1,0
trauma,urgent,mild,False,43,1,0,0,1,0,0,0,0,1,0,0,0,0,0,0,0,0,0,1,0,0,0
poisoning,critical,none,False,21,1,0,0,0,0,0,0,0,0,1,1,0,0,0,0,0,0,0,0,0,0,0
obstetric,urgent,mild,False,60,0,0,0,0,0,1,1,0,0,1,0,0,0,0,0,0,0,0,0,0,0,1
poisoning,stable,none,False,44,0,0,0,0,0,0,0,0,0,1,0,0,0,0,0,0,0,0,0,0,0,0
poisoning,urgent,none,False,29,1,0,0,0,0,0,0,0,1,0,0,0,0,0,0,0,0,0,0,0,0,0
respiratory,critical,none,False,38,1,0,0,0,0,0,0,1,0,1,0,0,0,0,0,0,0,0,0,0,0,0
respiratory,urgent,severe,False,49,0,0,0,0,0,0,0,1,0,0,0,0,0,0,0,0,0,0,1,1,1,0
pediatric,urgent,none,False,13,1,0,0,0,0,0,0,0,0,0,0,0,0,0,0,0,0,0,0,0,0,0
respiratory,critical,none,False,61,1,0,0,0,0,0,0,0,1,1,1,0,0,0,0,0,0,0,0,0,0,0
obstetric,urgent,severe,False,48,0,0,0,0,0,0,0,0,0,0,0,0,0,0,0,0,0,1,1,1,0,0
respiratory,stable,none,False,27,0,0,0,0,0,0,0,0,0,0,0,0,0,0,0,0,0,0,0,0,0,0
pediatric,critical,none,False,39,1,0,0,0,0,0,1,0,0,0,0,0,0,0,0,0,0,0,0,0,0,0
pediatric,urgent,mild,False,49,1,0,0,0,0,0,1,0,1,0,0,0,0,0,0,0,0,1,1,0,0,0
pediatric,critical,none,False,50,1,0,0,0,0,0,1,0,0,1,0,0,0,0,0,0,0,0,0,0,0,0
obstetric,urgent,none,False,67,0,0,0,0,0,1,0,0,0,1,0,0,0,0,0,1,0,0,0,0,1,0
obstetric,urgent,none,True,31,0,1,0,0,0,1,0,0,0,1,0,0,0,0,0,0,0,0,0,1,0,0
pediatric,urgent,none,False,31,1,0,0,0,0,0,1,0,0,0,0,0,0,0,0,0,0,0,0,0,0,0
trauma,stable,none,False,14,1,0,0,0,0,0,0,0,0,0,0,0,0,0,0,0,0,0,1,0,1,0
trauma,critical,none,False,54,1,0,0,1,0,0,0,0,0,1,0,0,0,0,0,0,0,0,0,0,0,0
burns,urgent,none,False,8,1,0,0,0,0,0,0,0,0,0,0,0,0,0,0,0,0,0,0,0,0,0
pediatric,stable,none,False,20,0,0,0,0,0,0,0,0,0,0,0,0,0,0,0,0,0,0,0,0,0,0
respiratory,stable,none,False,47,0,0,0,0,0,1,0,0,0,0,0,0,0,0,1,0,0,0,0,0,0,0
poisoning,stable,severe,True,14,0,0,0,0,0,0,0,0,0,0,0,0,0,0,0,0,0,1,0,1,1,0
trauma,urgent,severe,False,63,1,0,0,1,0,0,0,0,0,0,0,0,0,0,0,0,0,0,0,0,0,1
trauma,critical,severe,False,32,1,0,0,1,0,0,0,0,1,1,0,0,1,0,1,0,1,1,0,0,0,1
general,stable,none,False,3,0,0,1,0,0,0,0,0,0,0,0,0,0,0,0,0,0,0,0,0,0,0
trauma,critical,none,False,52,1,0,0,1,0,0,0,0,0,1,0,0,0,0,1,0,1,1,0,0,0,0
obstetric,urgent,none,False,7,0,0,0,0,0,0,1,0,0,0,0,0,0,0,0,0,0,0,0,0,0,0
burns,urgent,none,False,36,1,0,0,0,0,0,0,0,0,0,0,0,0,0,0,0,0,0,0,0,0,0
poisoning,stable,mild,False,32,0,0,0,0,0,0,0,0,0,1,0,0,0,0,0,0,0,0,0,0,0,0
respiratory,critical,none,False,17,1,0,0,0,0,0,0,1,0,1,1,0,0,0,0,0,0,0,0,0,0,0
trauma,urgent,none,False,0,1,0,0,1,0,0,1,0,0,0,0,0,0,0,0,0,0,0,0,0,0,0
trauma,stable,none,False,52,0,0,0,0,0,0,0,0,1,0,0,0,0,0,0,0,0,0,0,0,0,0
burns,stable,none,False,43,0,1,0,0,0,0,0,0,0,0,0,0,0,0,0,0,0,0,0,0,0,1
cardiac,stable,none,False,30,1,0,0,0,0,0,0,0,0,0,0,0,0,0,0,1,0,0,0,0,0,0
stroke,urgent,mild,False,76,1,0,0,1,0,0,0,0,1,0,0,0,0,0,1,0,0,0,0,0,0,0
burns,stable,mild,False,18,0,0,0,0,0,0,1,0,0,0,1,0,0,0,0,0,0,0,0,0,0,0
burns,urgent,none,False,4,1,0,0,0,1,0,0,0,0,0,0,0,0,0,0,0,0,0,0,0,0,0
cardiac,critical,none,False,74,1,1,0,0,0,0,0,0,0,1,0,1,0,0,1,0,0,0,0,0,0,0
stroke,critical,mild,False,32,1,0,1,0,0,0,0,0,1,1,0,0,1,0,0,0,0,0,0,0,1,0
trauma,stable,mild,False,34,0,0,0,0,0,0,0,0,0,0,0,0,0,0,0,0,0,1,0,0,0,0
burns,stable,none,False,67,0,0,0,0,0,0,0,0,0,0,0,0,0,0,0,0,0,0,0,0,0,0
pediatric,critical,mild,False,36,1,0,0,0,0,0,0,0,0,1,0,0,0,0,0,0,0,0,0,0,0,0
burns,stable,none,False,24,0,0,0,0,0,0,0,0,0,0,0,0,0,0,0,0,0,0,0,0,0,0
trauma,critical,none,False,27,0,0,0,1,0,0,0,0,1,1,0,0,1,0,0,0,0,1,0,0,0,0
general,stable,mild,False,48,0,0,0,0,0,0,0,0,0,0,0,0,0,0,0,0,0,1,1,0,0,0
cardiac,stable,none,False,36,1,0,1,0,0,0,0,0,0,0,0,0,0,0,0,1,0,0,0,0,0,0
burns,critical,none,False,39,1,0,0,0,0,0,0,0,0,1,0,1,0,0,0,0,0,0,0,0,0,0
pediatric,stable,severe,False,21,0,0,0,0,0,0,0,0,0,0,0,0,0,0,0,0,0,1,1,1,0,1
respiratory,urgent,none,False,6,0,0,0,0,0,0,0,0,0,0,0,0,0,0,0,0,0,0,0,0,0,0
stroke,urgent,none,False,70,1,0,1,0,0,0,0,0,0,0,0,0,1,0,0,0,0,0,0,0,0,0
trauma,critical,none,False,13,1,0,0,1,0,0,1,0,0,1,0,0,0,1,0,0,0,0,0,0,0,0
cardiac,stable,mild,False,21,1,0,0,0,0,0,0,0,1,0,0,0,0,0,0,0,0,0,0,0,1,0
poisoning,urgent,severe,False,65,0,0,0,0,0,0,0,0,0,0,0,0,0,0,0,0,0,0,0,0,0,1
trauma,critical,none,False,53,1,0,0,1,0,0,0,0,1,1,0,0,0,0,0,0,1,1,0,0,0,0
stroke,critical,none,False,44,1,0,1,0,0,0,0,0,0,1,0,0,1,0,0,0,0,0,0,0,0,0
stroke,urgent,none,False,47,0,0,0,0,0,0,0,0,0,0,0,0,1,0,0,0,0,0,0,0,0,0
burns,urgent,severe,False,8,1,1,0,0,0,0,1,0,0,0,0,0,0,0,0,0,1,0,0,1,1,0
poisoning,stable,severe,False,20,0,0,0,0,0,0,0,0,0,0,0,0,0,0,0,1,0,1,1,0,0,1
burns,stable,none,False,36,0,0,0,0,0,0,0,0,0,0,0,0,0,0,0,0,0,0,0,0,0,0
pediatric,urgent,none,False,35,1,0,0,0,0,0,0,0,0,0,0,0,0,0,0,0,0,0,0,0,0,0
general,stable,mild,False,47,0,0,0,0,0,0,0,0,0,0,0,0,0,0,0,0,0,0,0,0,0,0
respiratory,stable,none,False,29,0,0,0,0,0,0,0,0,0,0,0,0,0,0,0,0,0,0,0,0,0,0
respiratory,urgent,none,False,56,1,0,0,0,0,0,0,0,1,0,0,0,0,0,0,0,0,0,0,0,0,0
pediatric,critical,none,False,0,1,0,0,0,0,0,1,0,0,1,0,0,0,0,0,0,0,0,0,0,0,1
stroke,stable,none,False,32,0,0,0,0,0,0,0,0,0,0,0,1,0,0,0,0,0,0,0,0,0,0
stroke,critical,none,False,18,1,0,1,0,0,0,0,0,0,0,0,0,1,0,0,0,0,0,0,0,0,0
cardiac,stable,mild,False,21,0,0,1,0,0,0,0,0,0,0,0,0,0,0,0,0,0,0,1,0,0,0
trauma,urgent,none,False,7,1,0,0,0,0,0,1,0,0,0,0,0,0,0,0,0,1,0,0,0,0,0
obstetric,critical,mild,True,0,0,0,0,0,0,1,1,0,1,1,0,0,0,0,0,0,0,1,1,1,0,0
trauma,stable,none,False,0,0,0,0,0,0,0,1,0,0,0,0,0,0,0,0,0,0,0,0,0,0,0
trauma,stable,none,False,41,0,0,0,0,0,0,0,0,1,0,0,1,1,0,1,0,0,0,0,0,0,0
obstetric,urgent,none,True,40,0,0,0,0,0,0,0,0,1,1,1,1,0,0,0,0,0,0,0,0,0,0
pediatric,stable,none,False,16,0,0,1,0,0,0,0,0,0,0,0,0,0,0,0,0,0,0,0,0,0,0
trauma,stable,none,False,81,0,0,0,0,0,0,0,0,0,0,0,0,0,0,0,0,0,0,1,0,0,0
poisoning,urgent,none,False,35,1,0,0,0,0,0,0,0,0,1,0,0,0,0,0,0,0,0,0,0,0,0
trauma,urgent,none,False,27,1,0,1,1,0,0,0,0,0,0,0,0,0,1,0,0,0,0,0,0,0,0
general,urgent,none,False,82,1,0,0,0,0,0,0,0,0,1,0,0,0,0,0,0,0,0,0,0,0,0
cardiac,urgent,none,False,23,1,1,0,0,0,0,0,0,0,1,0,0,0,0,0,0,1,0,0,0,1,0
cardiac,urgent,none,False,24,1,1,0,0,0,0,0,0,0,1,0,0,0,0,0,1,1,0,0,0,0,0
general,critical,none,False,17,1,0,0,0,0,0,0,0,0,1,0,0,0,0,0,0,0,0,0,0,0,0
cardiac,urgent,severe,False,28,1,0,0,0,0,0,0,1,0,1,0,0,0,0,0,0,0,0,1,0,1,0
stroke,stable,severe,False,1,1,0,0,0,0,0,1,0,0,0,0,0,0,0,0,0,0,0,1,0,0,0
pediatric,stable,none,False,10,0,0,0,0,0,0,1,0,1,0,0,0,0,0,0,0,0,0,0,0,0,0
respiratory,stable,none,False,44,0,0,0,0,0,0,0,0,0,0,0,0,0,0,0,0,0,0,0,0,0,0
poisoning,critical,none,False,60,1,0,0,0,0,0,0,0,0,1,1,0,0,0,0,0,0,0,0,0,0,0
respiratory,urgent,none,False,74,1,0,0,0,0,0,0,0,0,0,0,0,0,0,0,0,0,0,0,0,0,0
stroke,stable,none,False,49,0,0,0,0,0,0,0,0,0,0,0,0,1,0,0,0,0,0,0,0,0,0
cardiac,critical,none,False,45,1,1,0,0,0,0,0,0,0,0,1,0,0,1,0,0,0,0,0,0,0,0
trauma,critical,mild,False,48,1,0,0,1,0,0,0,0,0,1,0,0,0,1,0,0,1,1,0,0,0,0
general,urgent,none,False,0,1,0,0,0,0,0,1,0,0,1,0,0,0,0,0,0,0,0,0,0,0,0
poisoning,critical,none,False,20,1,0,0,0,0,0,0,0,0,1,0,0,0,0,0,0,0,0,0,0,0,0
respiratory,urgent,none,False,42,1,0,0,0,0,0,0,0,0,0,0,0,0,0,0,0,0,0,0,0,0,0
pediatric,critical,none,False,39,1,0,0,0,0,0,1,0,0,1,0,0,0,0,0,0,0,0,0,0,0,0
stroke,critical,none,False,70,1,0,1,0,0,0,0,0,0,1,0,0,1,0,0,0,0,0,1,0,0,0
trauma,critical,mild,False,3,1,0,0,1,0,0,0,0,0,0,0,0,0,0,0,0,1,1,0,0,0,0
burns,urgent,none,False,63,0,0,0,0,1,0,0,0,0,0,0,0,0,1,0,0,0,0,1,0,0,0
general,critical,severe,False,12,1,0,0,0,0,0,1,0,1,1,0,0,0,0,0,0,0,0,1,0,0,0
cardiac,stable,mild,False,34,1,1,0,0,0,0,0,0,0,1,0,0,0,0,0,0,0,0,1,0,0,1
cardiac,stable,none,False,56,0,0,1,1,0,0,0,0,1,0,0,0,0,0,0,0,0,0,0,0,0,0
poisoning,urgent,mild,False,37,0,0,0,0,0,0,0,0,0,0,0,0,0,0,0,0,0,0,1,0,0,1
burns,critical,none,False,45,1,0,0,0,1,0,0,0,0,1,1,0,1,0,0,0,0,0,0,0,0,0
pediatric,urgent,mild,False,7,0,0,0,0,0,0,1,0,0,0,0,0,0,0,0,1,0,0,0,0,0,0
trauma,stable,severe,False,28,0,0,0,0,0,0,0,0,0,0,0,0,0,0,1,0,0,0,1,0,1,0
respiratory,stable,severe,False,35,0,0,0,0,0,0,0,1,0,0,0,0,0,0,0,1,0,1,1,1,1,0
respiratory,critical,severe,False,53,1,0,1,0,0,0,0,1,0,1,1,0,0,0,0,0,0,0,1,0,0,0
respiratory,stable,none,False,40,0,0,0,0,0,0,0,0,0,0,0,0,0,0,0,0,1,0,0,0,0,0
burns,urgent,mild,False,61,1,0,0,0,1,0,0,0,0,0,0,0,0,0,0,0,0,0,0,1,0,0
stroke,urgent,none,False,55,1,0,1,1,0,0,0,1,0,0,0,0,1,0,0,0,0,0,0,0,0,0
respiratory,stable,none,False,20,0,0,0,0,0,0,0,0,0,0,1,0,0,0,0,0,0,0,0,0,0,0
pediatric,stable,none,False,35,0,0,0,0,0,0,0,0,0,0,0,0,1,0,0,0,0,0,0,0,0,0
pediatric,stable,none,False,39,0,0,0,0,0,0,0,0,0,0,0,0,1,0,0,0,0,0,0,0,0,0
obstetric,stable,none,False,27,0,0,0,0,0,0,1,0,0,0,0,0,0,1,0,0,0,0,0,0,0,0
burns,critical,none,False,25,1,0,0,0,1,0,0,0,0,1,1,0,0,0,0,0,0,0,0,0,0,1
obstetric,urgent,none,False,35,0,0,0,0,0,1,0,0,0,0,0,0,0,0,0,0,0,0,0,0,0,0
burns,critical,mild,False,32,1,0,0,0,1,0,0,0,0,1,1,0,0,0,0,1,0,0,0,1,0,0
general,stable,none,False,42,0,1,0,0,0,0,0,0,0,0,0,0,0,0,0,0,0,0,0,0,0,0
poisoning,urgent,none,False,41,1,0,0,0,0,0,0,0,0,0,0,0,0,0,0,0,0,0,0,0,0,0
cardiac,critical,severe,False,0,1,1,0,0,0,0,0,0,0,1,0,1,0,0,1,1,0,0,1,0,0,1
obstetric,urgent,severe,True,34,0,0,0,0,0,1,0,0,0,1,0,0,0,0,0,0,0,1,0,1,1,1
obstetric,stable,none,False,41,0,0,0,0,0,0,0,0,0,0,0,0,0,0,0,0,0,0,0,0,0,0
respiratory,urgent,mild,False,46,1,0,0,0,0,0,0,0,0,0,0,0,0,0,0,0,0,0,0,0,1,0
trauma,urgent,mild,False,31,1,0,1,0,0,0,0,1,0,0,0,0,0,0,0,0,0,1,0,0,0,1
poisoning,stable,mild,False,67,0,0,0,0,0,1,0,0,0,0,0,0,0,0,0,0,0,0,0,0,0,0
stroke,critical,none,False,21,1,0,1,1,0,0,0,0,0,1,0,0,1,0,0,0,0,0,0,0,0,0
cardiac,urgent,mild,False,10,1,1,1,0,0,0,1,0,0,1,0,0,0,0,0,0,0,0,0,1,0,0
obstetric,critical,none,False,50,1,0,0,0,0,1,1,0,0,1,0,0,1,0,0,0,0,0,0,0,0,0
stroke,critical,none,False,28,1,0,1,0,0,0,0,0,0,0,0,0,1,0,0,0,0,0,0,0,0,0
general,critical,mild,False,42,0,0,0,0,0,0,0,0,0,1,0,0,0,1,0,0,0,0,0,0,0,0
trauma,urgent,none,False,31,1,0,0,0,0,0,0,0,0,0,0,0,0,0,0,0,0,0,0,0,0,0
poisoning,critical,none,False,43,1,0,0,0,0,0,0,0,0,1,0,0,0,0,0,0,0,0,0,0,0,0
stroke,stable,none,False,64,0,0,0,0,0,0,0,0,0,0,0,0,0,0,0,0,0,0,0,0,0,0
cardiac,critical,none,False,51,1,1,0,0,0,0,0,0,0,1,0,0,0,0,1,0,0,0,0,0,0,0
cardiac,stable,none,False,21,1,1,0,0,0,0,0,0,0,0,0,0,0,0,0,0,0,0,0,0,0,0
general,stable,none,False,11,1,0,0,0,0,0,0,0,0,0,0,0,1,0,0,0,0,0,0,1,0,0
burns,urgent,none,False,42,0,0,0,0,1,0,0,0,0,0,0,0,0,0,0,0,0,0,0,0,0,0
stroke,urgent,mild,False,21,1,0,1,0,0,0,0,0,0,0,0,0,0,0,0,0,0,0,0,0,0,0
poisoning,urgent,none,False,34,1,0,0,1,0,0,0,0,0,0,0,0,0,0,0,0,0,0,0,0,0,0
trauma,urgent,none,False,51,1,0,0,0,0,0,0,0,0,0,0,0,1,0,0,0,0,0,0,0,0,0
poisoning,stable,none,False,14,0,1,0,0,0,0,0,0,0,0,0,0,0,0,0,0,0,0,0,0,0,0
pediatric,stable,none,False,10,0,0,0,0,0,0,1,0,0,0,0,0,0,0,0,0,0,0,0,0,0,0
general,stable,none,False,76,0,0,0,0,0,0,0,0,0,0,0,0,0,0,0,0,0,0,0,0,0,1
obstetric,urgent,severe,False,31,0,0,0,0,0,0,0,0,0,0,0,0,0,0,0,0,0,0,0,0,1,0
cardiac,critical,none,False,35,1,1,0,0,1,0,0,0,0,1,0,1,0,0,0,0,0,0,0,0,0,0
pediatric,urgent,severe,False,81,1,0,0,0,0,0,1,0,0,0,0,0,0,0,0,0,0,0,1,0,1,0
stroke,stable,mild,False,88,0,0,0,0,0,0,0,0,0,0,1,0,0,0,0,0,0,1,0,0,0,0
pediatric,urgent,mild,False,23,0,0,0,0,0,0,1,0,0,0,0,0,0,0,0,0,1,0,0,0,0,0
burns,urgent,none,False,57,1,0,0,0,0,0,0,0,1,0,0,0,0,0,0,0,0,0,0,0,0,0
general,urgent,none,False,73,1,0,0,0,0,0,0,0,0,1,0,0,0,0,0,0,1,0,0,0,0,1
pediatric,urgent,none,False,26,0,0,0,0,1,0,1,0,0,0,0,0,0,0,0,0,0,1,0,0,0,0
stroke,critical,none,False,28,1,0,1,0,0,0,0,0,0,1,0,0,1,0,0,0,0,0,0,0,0,0
stroke,critical,none,False,36,1,0,1,0,1,0,0,0,0,1,0,0,1,0,0,1,0,0,0,0,0,0
burns,urgent,severe,False,18,1,0,0,0,0,0,0,0,0,0,0,0,0,0,0,0,0,1,0,0,1,1
trauma,stable,severe,False,43,0,0,0,0,0,0,0,0,0,0,0,0,0,0,0,0,0,0,1,1,0,0
poisoning,critical,none,False,42,1,0,0,0,0,0,0,0,0,1,1,0,0,0,0,0,0,0,0,0,0,0
poisoning,urgent,none,False,55,1,0,0,0,0,0,0,0,1,0,0,0,0,0,0,0,0,0,0,0,0,0
obstetric,stable,none,False,49,0,0,0,0,0,0,1,0,0,0,0,0,0,0,0,0,0,0,0,0,0,0
general,urgent,none,False,38,1,0,0,0,0,0,0,0,0,1,0,0,0,0,0,0,0,0,0,0,0,0
respiratory,critical,severe,False,29,1,0,0,0,0,0,0,1,0,1,0,0,0,0,0,0,0,1,0,0,0,0
obstetric,urgent,mild,False,49,0,0,0,0,0,1,0,0,0,1,0,0,0,0,0,0,0,0,0,0,1,0
pediatric,critical,none,False,39,1,0,0,0,0,0,1,0,1,1,1,0,0,1,0,0,0,0,0,1,0,0
obstetric,urgent,none,False,21,0,0,0,0,0,1,1,0,0,1,0,0,0,0,0,0,0,0,0,0,0,0
poisoning,stable,none,False,32,0,0,0,0,0,0,0,0,0,0,0,1,0,0,0,0,0,0,0,0,1,0
pediatric,stable,none,False,70,0,0,0,0,0,0,0,0,0,0,0,0,0,0,0,0,0,0,0,0,0,0
cardiac,critical,mild,False,39,1,1,0,0,0,0,1,0,0,1,0,0,0,0,1,0,0,0,1,0,0,0
poisoning,urgent,none,False,25,1,0,0,0,0,0,0,0,0,0,0,0,0,0,1,0,0,0,0,0,0,0
obstetric,critical,none,True,45,1,0,0,0,0,1,0,0,1,1,0,0,0,0,0,0,0,0,0,0,0,0
burns,urgent,none,False,29,1,0,0,0,1,0,0,0,1,0,0,0,0,0,0,0,0,0,0,0,0,0
obstetric,critical,mild,False,17,1,0,0,0,0,1,0,0,1,1,0,0,0,0,0,0,0,0,0,0,0,0
general,urgent,mild,True,45,1,0,0,0,0,1,0,0,0,1,0,0,0,0,0,0,0,0,0,0,1,1
stroke,stable,mild,False,0,0,0,0,0,0,0,0,0,0,1,0,0,0,0,0,0,0,0,0,0,0,1
burns,critical,mild,False,51,1,0,0,0,1,0,0,0,0,1,1,0,0,0,0,0,0,0,1,0,0,0
general,urgent,none,False,45,0,0,0,0,0,0,0,0,0,1,0,0,0,0,0,0,0,0,0,0,0,0
cardiac,critical,severe,False,41,1,1,0,0,0,0,1,1,1,1,0,1,0,0,0,0,0,0,1,0,0,1
obstetric,critical,none,True,39,0,0,0,0,0,1,0,0,1,1,0,0,0,0,0,0,0,0,0,0,0,0
trauma,stable,none,False,34,0,0,0,0,0,0,0,0,0,0,0,0,0,0,0,0,0,0,0,0,1,0
general,stable,none,False,46,0,0,0,0,0,0,0,0,0,0,0,0,0,0,0,0,0,0,0,0,0,0
general,critical,none,False,50,1,0,0,1,0,0,0,0,0,1,0,0,0,0,0,0,0,0,0,0,0,0
obstetric,critical,none,True,42,1,0,0,0,1,1,0,0,0,1,0,0,0,0,0,0,1,0,0,0,0,0
obstetric,urgent,none,False,62,0,0,0,0,0,1,0,0,0,1,0,0,0,0,1,0,0,0,0,0,0,0
cardiac,urgent,none,False,11,1,0,0,0,0,0,0,0,0,1,0,0,0,1,1,0,0,0,0,0,0,0
general,urgent,none,False,25,1,0,0,0,1,0,0,0,0,1,0,0,0,0,0,0,0,0,1,0,0,0
burns,stable,none,False,28,0,0,0,0,0,0,0,0,0,0,0,0,0,0,0,0,0,0,0,1,0,0
cardiac,critical,none,False,58,1,1,0,0,0,0,0,0,0,1,0,1,0,0,0,0,0,0,0,0,0,0
respiratory,critical,none,False,25,1,0,0,0,0,0,0,0,0,1,1,0,0,0,0,0,0,0,0,0,0,0
burns,stable,severe,False,55,0,0,0,0,0,1,0,0,0,0,0,0,0,0,1,0,0,0,1,0,0,1
pediatric,stable,none,False,45,0,0,0,0,0,0,0,0,0,0,0,0,0,0,0,0,1,0,0,0,0,0
burns,urgent,severe,False,66,1,0,0,0,0,0,0,0,0,0,0,1,0,0,0,0,0,0,0,1,1,1
general,urgent,none,False,66,1,0,0,0,0,0,0,0,0,1,0,0,0,0,0,0,0,0,0,0,0,0
poisoning,critical,severe,False,18,1,0,0,0,0,0,0,0,0,1,0,0,0,0,0,0,0,0,1,1,0,0
obstetric,stable,none,False,36,0,0,0,0,0,0,0,0,0,0,0,0,0,0,0,0,0,0,0,0,0,0
pediatric,critical,none,False,64,1,0,0,0,0,0,0,1,0,1,0,0,0,0,0,0,0,0,0,0,0,0
pediatric,urgent,none,False,49,1,0,1,0,0,0,1,0,0,0,0,0,0,0,0,0,0,0,0,0,0,0
trauma,stable,none,False,19,0,0,0,0,0,0,0,0,0,0,0,0,0,0,0,0,0,0,0,0,0,0
general,stable,none,False,33,0,0,0,0,0,0,0,0,0,0,0,0,0,0,0,0,0,0,0,0,0,0
trauma,stable,severe,False,2,0,0,0,1,0,0,0,0,0,0,0,0,0,0,0,0,0,1,1,0,0,1
poisoning,urgent,mild,False,61,1,0,0,0,0,0,0,0,0,0,0,0,0,0,0,0,0,0,0,0,0,0
poisoning,stable,severe,False,38,0,0,0,0,0,0,0,0,0,0,0,0,0,0,0,0,0,1,0,1,0,1
pediatric,urgent,mild,False,41,1,0,0,0,0,0,0,0,0,1,0,0,0,0,0,0,0,1,1,1,0,0
cardiac,critical,severe,False,42,0,1,1,0,0,1,0,0,0,1,0,1,0,0,1,0,0,0,0,1,1,1
stroke,critical,none,False,23,1,0,1,0,1,0,0,0,0,0,0,0,0,0,0,0,0,0,0,0,0,0
poisoning,stable,none,False,0,0,0,0,0,0,1,1,0,0,1,0,0,0,0,0,0,0,0,0,0,0,0
poisoning,critical,none,False,27,1,0,0,0,0,0,0,0,0,0,0,0,0,0,0,1,0,0,0,0,0,0
stroke,critical,none,False,41,0,0,0,0,0,0,0,0,0,1,0,0,1,0,0,0,0,1,0,0,0,0
general,urgent,mild,False,65,1,0,0,0,0,0,0,0,0,0,0,0,0,0,0,0,0,0,0,1,0,0
respiratory,critical,none,False,90,0,0,0,0,0,0,0,0,0,1,1,0,0,0,0,0,0,0,0,0,0,0
poisoning,urgent,severe,False,20,1,0,0,0,0,0,0,0,0,0,0,0,0,0,0,0,0,0,0,0,0,1
burns,stable,none,False,53,0,0,0,0,0,1,0,0,0,0,0,0,0,0,0,0,0,0,0,0,0,0
stroke,urgent,none,False,35,1,0,1,0,0,0,0,0,0,0,0,0,1,0,0,0,0,0,0,0,0,0
respiratory,urgent,none,False,27,1,0,0,0,0,0,0,0,0,0,0,0,0,0,0,0,0,0,0,1,0,0
trauma,critical,none,False,65,1,0,0,1,0,0,0,0,1,1,0,0,0,0,0,0,1,0,0,0,0,0
respiratory,urgent,severe,False,62,1,0,1,0,0,0,0,1,0,0,0,0,0,0,0,0,0,0,1,1,1,0
burns,urgent,severe,False,46,0,0,0,0,1,0,0,0,1,0,0,0,0,0,0,0,0,0,1,0,1,1
poisoning,urgent,none,False,21,1,0,0,0,0,0,0,1,0,0,0,0,0,0,0,0,0,0,0,0,0,0
obstetric,stable,none,False,32,0,0,0,0,0,1,0,0,0,0,1,0,0,0,0,0,0,0,0,0,0,0
cardiac,urgent,none,False,21,1,0,0,1,0,0,0,0,0,1,0,0,0,0,0,0,0,0,1,0,0,0
poisoning,stable,mild,False,40,0,0,0,0,0,0,0,0,0,0,0,0,0,0,0,0,0,0,0,0,0,0
stroke,critical,none,False,5,1,0,1,0,0,0,1,0,0,0,0,0,1,0,0,0,0,0,0,0,0,0
cardiac,critical,none,False,41,1,1,0,1,0,0,0,0,0,1,0,0,0,0,0,0,0,0,0,0,0,0
pediatric,urgent,none,False,35,1,0,0,0,0,0,1,0,1,0,0,0,0,0,0,0,0,1,0,0,0,1
burns,critical,severe,False,39,1,0,0,0,1,0,0,0,0,1,0,0,0,0,0,0,0,0,0,1,0,0
cardiac,stable,none,False,43,1,0,0,0,0,0,0,0,0,0,0,0,0,0,0,0,0,0,0,0,0,0
cardiac,urgent,none,False,30,1,0,0,0,0,0,0,0,0,1,0,0,0,0,1,0,0,0,0,0,0,0
obstetric,urgent,severe,False,51,0,0,0,0,0,1,0,0,1,0,0,0,0,0,0,0,0,0,1,1,0,1
poisoning,stable,none,False,17,0,0,0,0,0,0,0,0,0,0,0,0,0,0,0,0,0,0,1,0,0,0
poisoning,stable,mild,False,21,0,0,0,0,0,0,0,0,0,1,0,0,0,0,0,0,0,0,0,0,1,0
general,stable,none,False,49,1,0,0,0,0,0,0,0,0,0,0,0,0,0,0,0,0,0,0,0,0,0
obstetric,stable,none,False,50,0,0,0,0,0,0,0,0,0,0,0,0,0,0,0,0,0,0,0,0,0,0
obstetric,urgent,none,False,56,0,0,0,1,0,1,0,0,0,1,0,0,0,0,0,0,0,0,0,0,0,0
general,critical,severe,False,53,1,0,0,0,0,0,0,0,0,1,0,0,0,0,0,0,0,1,1,1,1,0
poisoning,urgent,severe,False,58,1,0,1,0,0,0,0,1,0,0,0,0,0,0,1,0,0,0,0,1,1,0
respiratory,urgent,none,False,11,0,0,0,0,0,0,1,0,0,0,0,0,0,0,0,0,0,0,0,0,0,0
respiratory,urgent,none,False,6,1,0,0,0,0,0,0,0,0,0,0,0,0,0,0,0,0,0,0,0,0,0
general,stable,none,False,45,0,0,0,0,0,0,0,0,0,0,0,0,0,0,0,0,0,0,1,0,0,0
respiratory,stable,mild,False,34,0,0,0,1,1,0,0,0,0,0,0,0,0,0,0,0,0,0,0,0,0,0
cardiac,critical,none,False,25,1,1,0,0,0,0,0,0,0,1,0,1,0,0,1,0,0,1,1,0,0,0
poisoning,critical,none,False,68,0,0,0,0,0,0,0,0,0,0,0,0,0,0,0,0,0,0,0,0,0,0
general,critical,severe,False,22,0,0,0,0,0,0,0,0,0,1,0,0,0,0,0,0,0,0,1,1,1,0
burns,critical,none,False,47,1,0,0,0,0,0,0,0,0,1,1,0,0,0,0,0,0,0,0,0,0,0
respiratory,stable,none,False,46,0,0,0,0,0,0,0,0,0,0,0,0,0,0,0,0,0,0,0,0,0,0
pediatric,urgent,mild,False,32,0,0,0,0,0,0,1,0,0,0,0,0,0,0,1,0,0,1,0,0,0,0
pediatric,stable,mild,False,50,1,0,0,0,0,0,0,0,0,0,0,0,0,0,0,0,0,0,1,0,0,0
obstetric,stable,none,True,38,0,0,0,0,0,1,0,0,1,1,0,0,0,0,0,0,0,0,0,0,0,0
stroke,urgent,none,True,30,1,0,1,0,0,1,0,0,0,0,0,0,0,0,0,0,0,0,0,0,0,0
burns,urgent,none,False,63,1,0,0,0,0,0,0,0,0,0,0,0,0,0,0,0,0,0,0,0,0,0
pediatric,stable,none,False,44,1,0,0,0,0,0,0,0,0,0,0,0,0,0,0,0,0,0,0,0,0,0
stroke,stable,mild,False,52,0,0,0,0,0,0,0,0,0,0,0,0,0,0,0,0,0,0,1,0,0,0
general,critical,severe,False,28,1,0,0,0,0,0,0,0,0,1,0,0,0,0,0,0,0,0,1,0,1,0
cardiac,urgent,severe,False,23,0,1,0,0,0,0,0,0,0,1,0,0,0,0,0,0,0,0,0,0,0,1
pediatric,stable,severe,False,0,0,0,0,1,0,0,0,0,0,0,0,0,0,0,0,0,0,0,0,0,1,1
obstetric,critical,none,False,24,1,0,0,0,0,1,0,0,1,1,0,0,0,0,0,0,0,0,0,0,0,0
general,urgent,none,False,40,1,0,0,0,0,0,0,0,0,1,0,0,0,0,0,0,0,0,0,0,0,0
obstetric,critical,none,True,41,1,0,0,0,0,1,0,0,1,1,0,0,0,0,0,0,0,0,0,0,0,0
pediatric,urgent,mild,False,51,0,0,0,1,0,0,1,0,1,0,0,0,0,0,0,0,0,0,0,0,0,0
general,urgent,mild,True,39,1,0,0,0,0,1,0,0,0,1,0,0,0,0,0,0,0,1,0,0,0,0
poisoning,urgent,none,False,28,1,0,0,0,0,0,0,0,1,0,0,0,0,0,0,0,0,0,0,0,0,0
burns,urgent,mild,False,21,1,0,0,0,1,0,0,0,1,0,0,0,1,0,0,0,0,0,0,0,0,0
poisoning,critical,none,False,53,1,0,0,0,0,0,0,0,0,1,0,0,0,0,0,1,0,0,0,0,0,0
stroke,urgent,none,False,35,1,0,1,0,0,0,0,0,0,0,0,0,1,0,0,0,0,0,0,0,0,0
poisoning,critical,mild,False,15,1,0,0,0,0,0,0,0,1,0,0,0,0,0,0,0,0,0,0,0,0,0
burns,stable,none,True,17,0,0,0,0,0,0,0,0,0,0,0,0,0,0,0,0,0,0,0,0,0,0
general,stable,severe,False,65,1,0,0,0,0,0,0,0,0,0,0,0,0,0,0,0,0,0,0,1,1,1
obstetric,urgent,none,False,48,0,0,1,0,0,0,0,0,0,1,0,0,0,0,0,0,0,0,1,0,0,0
burns,stable,severe,False,23,0,0,0,0,0,0,0,0,1,0,0,0,0,0,0,0,0,0,1,0,0,0
trauma,urgent,none,False,38,1,0,0,1,0,0,0,0,0,0,0,0,0,0,0,0,0,0,0,0,0,0
cardiac,urgent,none,False,32,1,1,0,0,0,0,0,0,0,0,0,0,0,0,0,0,0,0,0,0,0,0
cardiac,critical,none,False,13,0,1,0,0,0,0,1,0,0,1,0,1,0,0,1,0,0,0,0,0,0,0
poisoning,urgent,mild,False,35,1,0,0,0,0,0,0,0,0,0,0,0,0,0,0,0,0,0,0,1,0,1
obstetric,critical,none,False,25,0,0,0,1,0,0,0,0,0,1,0,1,0,0,0,0,1,1,0,0,0,0
obstetric,stable,none,False,13,0,0,0,0,0,0,0,0,0,0,1,0,0,0,0,0,0,0,0,0,1,1
trauma,critical,none,False,76,1,0,0,1,0,0,0,0,1,1,0,0,0,0,0,0,0,0,0,0,0,0
poisoning,critical,none,True,64,1,0,0,0,0,1,0,0,0,1,1,0,0,0,0,1,0,1,0,0,0,0
obstetric,urgent,none,False,51,0,0,1,0,0,1,0,0,0,1,0,0,0,0,0,0,0,0,0,0,0,0
pediatric,urgent,none,False,67,1,0,0,0,0,0,1,0,0,0,0,0,0,0,0,0,0,0,0,0,1,0
trauma,urgent,severe,False,90,1,0,0,1,0,0,0,0,0,0,0,0,0,0,0,0,0,0,1,0,1,0
poisoning,urgent,mild,False,90,1,0,0,0,0,0,0,1,1,0,0,0,0,0,0,0,0,0,0,0,0,0
burns,stable,mild,False,16,0,0,0,0,0,0,0,0,1,0,0,0,0,0,0,0,0,0,0,0,1,0
cardiac,urgent,none,False,2,1,0,0,0,0,0,1,0,0,1,0,0,0,0,0,0,0,0,0,0,0,0
stroke,critical,none,False,4,0,0,1,0,0,0,1,0,0,1,0,0,1,0,0,0,0,0,0,0,0,0
trauma,critical,mild,False,59,1,0,0,1,0,0,1,0,0,1,0,0,0,0,0,0,0,1,0,0,0,0
pediatric,stable,none,False,12,0,0,0,0,0,0,1,0,0,0,0,0,0,0,0,0,0,0,0,0,0,0
cardiac,urgent,none,False,16,1,0,0,0,0,0,0,0,0,1,0,0,0,0,0,0,0,0,0,0,0,0
pediatric,urgent,none,False,14,1,0,0,0,0,0,1,0,0,0,1,0,0,0,0,0,0,0,0,0,0,0
cardiac,urgent,severe,False,16,1,1,0,0,0,0,0,0,0,1,0,1,0,0,0,0,1,0,1,1,0,1
cardiac,urgent,none,False,46,1,1,0,0,0,0,0,0,0,0,0,0,0,0,0,0,0,0,0,0,0,0
trauma,critical,none,False,26,1,0,0,1,0,0,0,0,1,1,0,0,0,0,1,1,1,0,0,0,0,0
poisoning,urgent,severe,False,13,1,0,0,0,0,0,1,0,1,0,0,0,0,0,0,0,1,0,1,0,0,1
respiratory,critical,none,False,36,1,0,0,0,0,0,0,1,0,1,1,0,0,0,0,0,1,0,0,1,0,0
obstetric,urgent,none,False,20,0,0,0,0,0,1,0,0,0,1,0,0,0,0,0,0,0,0,0,0,0,0
pediatric,urgent,mild,False,8,0,0,0,0,0,0,1,0,0,0,0,0,0,0,0,0,0,1,0,0,0,0
obstetric,urgent,none,False,49,0,0,0,1,0,0,0,0,0,0,0,0,0,0,0,0,0,0,0,0,0,1
cardiac,urgent,none,False,37,1,1,0,0,0,0,0,0,0,1,0,0,0,0,0,0,0,0,0,0,0,0
pediatric,urgent,mild,False,19,1,0,0,0,0,0,1,0,0,0,0,0,0,1,0,0,0,1,0,0,0,0
cardiac,stable,none,False,68,0,0,0,0,0,1,0,0,0,0,1,0,0,0,0,0,0,0,0,0,0,0
obstetric,urgent,none,False,71,0,0,0,0,0,1,0,0,0,1,0,0,0,0,0,0,0,0,0,0,0,0
trauma,critical,none,False,56,1,0,0,1,0,0,0,0,1,1,0,0,0,0,0,0,1,0,0,0,0,1
burns,critical,none,False,37,1,0,0,0,1,0,0,0,0,1,1,0,0,1,0,0,0,0,0,0,0,0
cardiac,critical,mild,False,58,1,1,0,0,0,0,0,0,0,1,0,1,0,0,1,0,0,0,0,0,0,0
obstetric,urgent,severe,False,14,0,0,0,0,0,1,0,0,0,0,0,0,0,0,0,0,0,1,0,1,0,0
obstetric,critical,none,False,61,1,0,0,0,0,1,0,0,1,1,0,0,0,0,0,0,0,0,1,0,0,0
trauma,stable,none,False,50,0,0,0,0,0,0,0,0,0,0,0,0,0,0,0,0,0,0,0,0,1,0
trauma,stable,severe,False,52,0,0,0,0,0,0,0,0,0,0,0,0,0,0,0,0,0,0,0,1,1,0
trauma,urgent,severe,False,7,1,0,0,0,0,0,0,0,1,0,0,0,0,0,0,0,0,0,0,1,0,0
stroke,stable,severe,False,36,0,0,1,0,0,0,0,0,0,0,0,0,0,0,0,0,0,1,0,0,0,0
stroke,critical,none,False,0,0,0,1,0,0,0,1,0,1,1,0,0,1,0,0,0,0,0,0,0,0,0
cardiac,stable,none,False,18,1,0,0,0,0,0,0,0,0,0,0,0,1,0,0,0,0,0,0,0,0,0
pediatric,urgent,none,False,23,1,0,0,0,0,0,0,0,0,0,0,0,0,0,1,0,0,0,0,0,0,0
pediatric,critical,none,False,27,1,0,0,0,0,0,1,0,0,1,0,0,0,0,0,0,0,0,0,0,0,0
poisoning,critical,none,False,44,1,0,0,0,0,0,0,0,0,1,0,0,0,0,0,0,0,0,0,0,0,0
general,critical,none,False,15,1,0,0,0,0,1,0,0,0,1,0,0,0,0,0,0,0,0,0,0,0,1
poisoning,stable,none,False,19,0,0,0,0,0,0,0,0,0,0,0,0,0,0,0,0,0,0,0,0,0,0
pediatric,stable,none,False,51,0,0,0,0,0,0,0,0,0,0,0,0,0,0,0,0,0,0,0,0,0,0
stroke,critical,none,False,23,1,0,1,0,0,0,0,0,0,1,0,0,0,0,0,0,0,0,0,0,0,0
poisoning,stable,none,False,53,0,0,0,0,0,0,0,0,0,0,0,0,0,0,0,0,0,0,0,0,0,0
stroke,stable,mild,False,44,0,0,0,0,0,0,0,0,0,0,0,0,0,0,0,0,0,0,0,1,1,1
general,critical,none,False,65,1,0,0,0,0,0,0,0,0,1,0,1,0,0,0,0,0,0,0,0,0,0
pediatric,urgent,none,False,58,0,0,0,0,0,0,1,0,1,0,0,0,0,0,0,0,0,0,0,0,0,0
respiratory,stable,none,False,34,0,0,0,0,0,0,1,0,0,0,0,0,0,0,0,0,0,0,1,0,0,0
poisoning,urgent,mild,False,18,0,0,0,1,0,0,0,0,0,0,0,0,0,0,0,0,0,0,0,0,0,0
pediatric,urgent,none,False,65,0,1,0,0,0,0,0,1,0,0,0,0,0,1,0,0,0,0,1,0,0,0
stroke,urgent,severe,False,39,1,0,1,0,0,0,0,1,0,0,0,0,1,0,0,0,0,0,0,1,0,1
burns,urgent,none,False,43,0,0,0,0,1,0,0,0,0,0,0,0,0,0,0,0,0,0,0,0,0,0
trauma,critical,severe,False,18,1,0,0,1,0,0,0,0,0,1,0,0,0,0,0,0,0,1,0,0,1,0
trauma,stable,none,False,90,0,0,0,0,0,0,0,0,0,0,0,0,0,0,0,0,0,0,0,0,0,0
stroke,critical,none,False,5,1,0,1,0,0,0,1,1,0,0,0,0,1,0,0,0,0,0,0,0,0,0
stroke,urgent,mild,False,3,1,0,1,0,0,0,1,0,0,0,0,1,1,0,0,0,0,0,0,0,0,0
burns,urgent,mild,False,51,1,0,0,0,0,0,1,0,0,0,0,0,0,0,0,0,0,0,0,0,0,0
trauma,urgent,none,False,35,1,0,0,1,0,0,0,0,0,0,0,0,0,0,0,0,0,0,0,0,0,0
pediatric,stable,none,False,26,0,0,0,0,0,0,0,0,0,0,0,0,0,0,0,0,0,0,0,0,0,0
pediatric,critical,none,False,45,1,0,0,0,0,0,1,0,0,1,0,0,1,0,1,0,0,0,0,0,0,0
trauma,urgent,none,False,0,1,0,0,0,0,0,1,0,0,0,0,0,0,0,0,0,1,0,0,0,0,0
general,stable,none,False,62,1,0,0,0,0,0,0,0,0,0,0,0,0,0,0,0,0,0,0,1,0,0
burns,critical,none,False,20,0,0,1,0,1,0,0,0,0,1,0,1,0,0,1,0,0,0,0,0,0,0
pediatric,stable,none,False,28,0,0,0,0,0,0,0,0,0,0,0,0,0,0,0,0,0,0,0,0,0,0
respiratory,urgent,none,False,47,1,0,0,0,0,0,0,1,1,0,0,0,0,0,0,0,0,0,0,0,0,0
trauma,critical,mild,False,72,1,0,0,1,0,1,0,0,1,1,0,0,0,0,0,0,0,0,0,0,0,0
general,urgent,none,False,50,0,0,0,0,0,0,0,1,1,1,0,0,0,0,0,0,0,0,0,0,0,0
poisoning,urgent,none,False,14,1,0,0,0,0,0,0,0,0,0,0,0,0,0,0,0,0,0,0,0,0,0
cardiac,stable,none,False,68,1,0,0,0,0,0,0,0,0,0,0,0,0,0,0,0,0,0,0,0,0,0
pediatric,critical,none,False,42,1,0,0,0,0,0,1,0,1,1,0,0,0,0,0,0,0,0,0,0,0,0
respiratory,stable,mild,False,27,0,0,0,0,0,0,0,0,1,0,0,0,0,0,0,0,0,0,0,0,0,0
stroke,stable,severe,False,5,0,0,0,0,0,0,0,0,0,0,0,0,0,0,0,0,0,0,0,0,0,0
stroke,urgent,none,False,54,1,0,1,0,0,0,0,0,0,0,0,0,0,0,0,0,0,0,0,0,0,0
general,critical,none,False,43,1,0,0,0,0,0,0,0,0,1,0,0,0,0,0,0,0,0,0,0,0,0
respiratory,stable,none,False,58,0,0,0,0,0,0,0,0,0,0,0,0,0,0,0,0,0,0,0,0,0,0
trauma,urgent,mild,False,24,1,0,0,0,0,0,0,0,0,0,0,0,0,0,0,0,0,0,0,0,0,1
respiratory,critical,mild,False,40,1,0,0,0,0,0,0,0,0,1,0,0,0,0,0,0,0,0,0,0,0,0
respiratory,urgent,mild,False,65,0,0,0,0,0,0,0,1,0,0,0,0,1,0,0,0,0,0,1,0,1,0
cardiac,urgent,none,False,52,1,1,0,0,0,0,0,0,0,1,0,0,0,0,0,0,0,0,0,0,0,0
general,urgent,none,False,63,1,0,0,0,0,0,0,0,0,0,0,0,0,1,0,0,0,0,0,0,0,0
obstetric,urgent,none,False,47,0,0,0,0,0,1,0,1,1,1,0,0,1,0,0,0,1,0,0,0,0,0
general,urgent,mild,False,0,0,0,0,0,0,0,0,0,0,0,0,0,0,0,1,0,0,0,0,0,0,0
burns,stable,none,False,29,0,0,0,0,0,0,0,0,1,1,0,0,0,0,0,0,0,0,0,0,0,0
obstetric,stable,mild,False,44,0,0,0,0,0,0,0,0,0,0,0,0,0,0,0,0,0,0,1,0,0,0
respiratory,critical,none,False,27,1,0,0,0,0,0,0,1,0,0,1,0,0,1,0,0,0,0,0,0,0,0
poisoning,urgent,none,False,79,1,0,0,0,0,0,0,0,0,0,0,0,0,0,0,0,0,0,0,0,0,1
respiratory,stable,severe,False,27,0,0,1,0,0,0,0,0,0,0,0,0,1,1,0,0,0,1,0,1,0,1
cardiac,urgent,mild,False,37,1,1,0,0,0,0,0,0,0,1,0,0,0,0,0,0,0,0,0,0,0,0
respiratory,stable,severe,False,46,0,0,0,0,0,0,0,0,1,0,0,0,1,0,0,0,0,1,0,1,0,0
trauma,critical,mild,False,13,1,0,0,1,0,0,1,0,0,0,0,0,0,0,0,0,0,0,1,0,0,0
stroke,urgent,mild,False,0,1,0,0,0,0,0,1,0,0,0,0,0,1,0,0,0,0,0,0,0,0,1
poisoning,critical,mild,False,54,1,0,0,0,0,0,0,0,1,1,0,0,0,0,0,0,0,1,0,0,0,0
general,critical,mild,False,25,1,1,0,0,0,0,0,0,0,1,0,0,0,0,0,0,0,0,0,0,0,0
respiratory,urgent,severe,False,50,1,0,0,0,0,0,0,1,1,0,0,0,0,0,1,0,0,0,0,0,0,1
respiratory,stable,none,False,14,0,0,0,0,0,0,0,0,0,0,0,0,0,0,0,0,0,0,0,0,0,0
stroke,urgent,severe,False,47,1,0,1,0,0,0,0,0,0,0,0,0,1,0,0,0,0,1,0,0,0,0
poisoning,stable,mild,False,50,0,0,0,0,0,0,0,0,0,0,0,0,0,0,0,0,0,0,0,0,0,1
trauma,stable,mild,False,17,0,0,0,0,0,0,0,0,0,0,0,0,0,0,0,0,0,0,0,0,0,0
obstetric,critical,none,False,53,0,0,0,0,0,1,0,0,1,1,0,0,0,0,0,0,1,0,1,0,0,0
respiratory,urgent,none,False,56,1,0,0,1,0,0,0,0,0,0,0,0,0,0,0,0,0,0,0,0,0,0
poisoning,urgent,none,False,14,1,0,0,0,0,1,0,0,0,0,0,0,1,0,0,0,0,0,0,0,0,0
general,stable,none,False,48,1,0,0,0,0,0,1,0,0,0,0,0,0,0,0,0,0,0,0,0,0,0
burns,critical,severe,False,58,1,0,0,0,1,0,0,0,0,1,1,0,0,0,0,0,0,1,0,0,1,0
respiratory,critical,none,False,18,1,0,0,0,0,0,0,1,0,0,1,0,0,0,0,0,0,1,0,0,0,0
cardiac,urgent,none,False,36,1,0,0,0,0,0,0,0,0,1,0,1,0,0,0,0,0,0,0,0,0,0
pediatric,critical,mild,False,30,1,0,0,0,0,0,1,0,1,1,0,0,0,0,0,0,0,0,1,0,0,1
obstetric,critical,none,False,30,1,0,0,0,0,1,0,0,1,1,0,0,0,0,0,0,1,0,1,0,0,0
trauma,critical,none,False,32,1,0,0,1,0,0,0,0,1,1,0,0,0,0,0,0,1,1,0,0,0,1
poisoning,urgent,none,False,11,0,0,0,1,0,0,0,0,1,0,0,0,0,0,0,0,0,0,0,0,0,0
cardiac,urgent,none,False,45,1,0,0,0,0,0,0,0,0,1,0,0,0,0,0,0,0,0,0,0,0,0
cardiac,critical,mild,False,27,0,1,0,0,0,0,0,0,0,0,0,0,0,0,1,0,0,0,0,0,1,0
cardiac,critical,mild,False,24,1,1,0,0,0,0,0,0,0,1,0,0,0,0,1,0,0,0,1,0,0,0
burns,stable,none,False,30,0,0,0,0,0,0,0,0,0,0,0,0,0,0,0,0,0,0,0,0,0,0
general,urgent,none,False,42,1,0,0,0,0,0,0,0,0,0,0,0,0,0,0,0,0,0,0,0,0,0
pediatric,critical,none,False,59,1,0,0,0,0,0,1,0,0,1,0,0,0,0,0,0,0,0,0,0,0,0
stroke,urgent,none,False,27,1,0,0,0,0,0,0,0,0,0,0,0,1,0,0,0,0,0,0,0,0,0
poisoning,critical,mild,False,30,1,0,0,0,0,0,0,0,0,1,0,0,0,0,0,0,0,0,1,0,0,0
respiratory,urgent,none,False,56,1,0,0,0,0,0,0,0,0,0,0,1,0,0,0,0,0,0,0,1,0,0
burns,critical,mild,False,0,1,0,0,0,1,0,1,0,0,1,1,0,0,0,0,0,0,0,0,0,0,0
burns,urgent,none,False,67,1,0,0,0,1,0,0,0,0,0,0,0,0,0,0,0,0,0,0,0,0,0
cardiac,stable,none,False,41,0,1,0,0,0,0,0,0,0,0,0,0,0,0,0,0,0,0,0,0,0,0
burns,urgent,none,False,45,1,0,0,0,0,0,0,0,0,0,0,1,0,0,0,0,0,0,0,0,0,0
poisoning,stable,none,False,30,0,0,0,0,0,0,0,0,0,1,0,0,0,0,0,0,0,0,0,0,0,0
pediatric,urgent,none,False,42,1,0,0,0,0,0,1,0,0,0,0,0,0,0,0,0,0,0,0,0,0,0
burns,stable,severe,False,4,0,0,0,0,0,0,0,0,0,0,0,0,0,0,0,0,0,0,1,1,1,0
respiratory,urgent,none,False,25,1,0,1,0,0,0,0,1,0,0,1,0,0,0,0,0,0,0,0,0,0,0
respiratory,urgent,severe,False,20,1,0,0,0,0,0,0,0,0,0,0,0,0,0,0,0,0,0,1,0,0,1
trauma,urgent,mild,False,1,1,0,0,0,0,0,0,0,0,0,0,0,0,0,0,0,0,0,0,0,0,0
respiratory,stable,mild,False,35,0,0,0,0,0,0,0,0,1,0,0,0,0,0,0,0,1,0,0,0,1,0
general,stable,none,False,20,1,0,0,0,0,0,0,0,0,0,0,0,0,0,0,0,1,0,0,0,0,0
obstetric,critical,none,False,28,1,0,0,0,0,1,0,0,1,1,0,0,0,0,0,0,0,0,0,0,0,0
cardiac,urgent,none,False,31,1,0,0,0,0,0,0,0,0,1,0,0,0,0,0,0,0,0,0,0,0,0
poisoning,stable,severe,False,16,1,0,0,0,0,1,0,0,0,0,0,0,0,0,0,0,0,1,0,0,1,0
respiratory,stable,none,False,21,0,0,0,0,0,1,0,0,0,0,0,0,0,0,0,0,0,0,0,0,0,1
trauma,critical,mild,False,62,1,0,0,0,0,0,0,0,1,1,0,0,0,0,0,0,1,1,1,0,0,0
pediatric,stable,mild,False,50,0,0,0,0,0,0,0,0,0,0,0,0,1,0,0,0,0,0,0,0,0,0
respiratory,urgent,none,False,42,1,0,0,0,0,0,0,1,0,0,0,0,0,0,0,0,0,0,0,0,0,0
stroke,critical,none,False,43,1,0,1,0,0,0,0,0,1,1,0,0,1,0,0,0,0,1,0,0,0,0
respiratory,stable,none,False,72,0,0,0,0,0,0,0,0,0,0,0,0,0,0,0,0,0,0,0,0,0,0
poisoning,urgent,none,False,44,0,0,0,0,0,0,0,0,1,0,0,0,0,0,0,0,0,0,0,0,0,0
cardiac,critical,none,False,56,1,1,0,0,0,0,0,0,0,1,0,1,0,0,1,0,0,0,0,0,0,0
respiratory,critical,none,False,67,1,0,0,0,0,0,0,0,0,1,0,0,0,0,0,0,0,0,0,0,0,0
poisoning,urgent,mild,False,37,0,0,0,0,0,0,0,0,1,1,0,0,0,0,0,0,0,0,0,0,0,0
general,stable,mild,False,26,0,0,0,0,0,0,0,0,0,0,0,1,0,0,0,0,0,1,0,0,0,0
general,stable,none,False,38,0,0,0,0,0,0,0,0,0,0,0,0,0,0,1,0,0,0,0,0,0,0
obstetric,stable,mild,True,14,0,0,0,0,0,1,0,0,0,0,0,0,0,0,0,0,0,1,0,0,0,1
poisoning,urgent,none,False,26,1,0,0,0,0,0,0,0,0,0,0,0,0,0,0,0,0,0,0,0,0,0
cardiac,urgent,none,False,83,1,1,0,0,0,0,0,0,0,1,0,0,0,0,0,0,0,0,0,0,0,1
general,stable,none,False,47,1,0,0,0,0,0,0,0,0,0,0,0,0,0,0,0,0,0,0,0,0,0
general,critical,severe,False,62,1,0,0,0,0,1,0,0,0,1,0,0,0,0,0,0,0,0,0,0,0,1
cardiac,stable,none,False,45,1,0,0,1,0,0,0,0,0,0,0,0,0,0,0,0,0,1,0,0,0,0
burns,stable,none,False,54,0,0,0,0,0,0,0,0,0,0,0,0,0,0,0,0,0,0,0,0,0,0
cardiac,stable,none,False,56,1,0,0,0,0,0,0,0,0,0,0,0,0,0,0,0,0,0,0,0,0,0
general,urgent,none,False,36,1,0,0,0,0,0,0,0,0,0,0,0,0,1,0,0,0,0,0,0,0,0
trauma,urgent,none,False,47,1,0,0,0,0,0,0,0,0,0,0,0,0,0,0,0,0,0,0,0,0,0
stroke,critical,none,False,36,1,1,1,0,0,0,0,0,0,1,0,0,1,0,0,0,1,0,0,0,0,0
obstetric,critical,mild,True,22,0,0,0,1,0,1,0,0,1,1,0,0,0,1,0,0,0,0,0,0,0,0
trauma,urgent,severe,False,42,1,0,0,1,0,0,0,0,0,0,0,0,0,0,0,0,0,1,1,1,1,1
poisoning,critical,none,False,46,1,0,0,0,0,0,0,0,1,1,0,0,0,0,0,0,1,0,0,0,1,0
cardiac,urgent,mild,False,55,1,0,0,0,0,0,0,0,1,1,0,0,1,0,0,0,0,0,0,0,0,0
obstetric,stable,mild,False,34,0,0,0,0,0,0,0,0,0,0,0,0,0,0,0,0,0,0,0,0,0,0
burns,critical,none,False,34,1,0,0,0,0,0,0,0,0,1,0,0,0,0,0,0,0,0,0,0,0,0
respiratory,critical,none,False,33,0,0,0,0,0,0,0,1,0,0,0,0,0,0,0,0,0,0,0,0,0,0
poisoning,stable,mild,False,37,0,0,0,0,0,0,0,0,1,0,0,0,0,0,0,0,1,0,0,0,1,0
pediatric,critical,severe,False,20,1,0,0,0,0,0,1,0,0,1,0,0,1,0,0,1,0,1,1,0,0,0
respiratory,urgent,none,False,40,1,0,0,0,0,0,0,1,0,0,0,0,0,0,0,0,0,0,0,1,0,0
stroke,critical,none,False,46,1,0,1,0,0,0,0,0,0,1,0,0,0,0,0,0,0,0,0,0,0,0
stroke,stable,none,False,31,0,0,0,0,0,0,0,0,0,0,0,0,1,0,0,0,0,0,0,0,0,0
pediatric,stable,none,False,28,0,0,0,0,0,0,0,0,0,0,0,0,0,0,0,0,0,0,0,0,0,0
poisoning,critical,mild,False,16,1,0,0,0,0,0,0,0,1,1,0,1,0,0,0,0,0,0,0,1,0,0
poisoning,urgent,mild,False,4,1,0,0,0,0,0,0,0,0,0,0,0,0,0,0,0,0,0,0,0,0,0
burns,critical,none,False,40,1,0,0,0,0,0,0,0,0,1,0,0,0,0,0,0,0,0,0,0,0,0
burns,urgent,none,False,35,1,0,0,0,0,0,1,0,0,0,0,0,0,0,0,0,0,0,0,0,0,0
poisoning,critical,mild,False,54,1,0,0,0,0,1,0,0,0,1,0,0,0,1,0,0,0,0,0,0,0,0
trauma,stable,none,False,30,0,0,0,0,0,0,1,1,0,0,0,0,0,0,0,0,0,0,0,0,0,0
cardiac,critical,none,False,49,1,0,0,0,0,0,0,0,0,1,0,1,0,0,0,0,1,0,0,0,0,0
general,stable,none,False,28,1,0,0,0,0,0,0,0,0,0,0,0,0,0,0,0,0,0,0,1,0,0
burns,urgent,mild,False,41,1,0,0,0,0,0,1,0,0,0,0,0,0,0,0,0,0,0,0,0,0,0
burns,stable,none,False,63,0,0,0,0,0,0,0,0,0,1,1,0,0,0,0,0,0,0,0,0,0,0
pediatric,critical,mild,False,49,1,0,1,0,0,0,1,0,0,1,0,1,0,0,0,0,0,0,0,0,0,1
respiratory,critical,none,False,53,1,0,0,0,0,0,0,1,0,1,0,0,0,0,0,0,0,0,1,0,0,0
stroke,stable,none,False,48,0,0,0,0,0,0,0,0,1,1,0,0,0,0,0,0,1,0,0,0,0,0
poisoning,stable,none,False,35,0,0,0,0,0,0,0,0,0,0,0,0,0,0,0,0,0,0,0,1,0,0
general,critical,none,False,3,1,0,0,0,0,0,1,0,0,1,0,0,0,0,0,0,0,0,0,0,0,0
trauma,urgent,mild,False,80,0,0,0,1,0,0,0,0,0,0,0,0,0,0,0,0,0,0,1,0,1,0
poisoning,urgent,none,False,22,0,0,0,0,0,0,0,0,0,0,0,0,0,0,0,0,0,0,0,0,0,0
respiratory,urgent,severe,False,58,1,0,0,0,0,0,0,0,0,0,0,0,0,0,0,0,0,0,1,0,0,0
general,critical,none,False,73,1,0,0,0,0,0,0,0,0,1,0,0,0,0,1,0,0,0,0,0,0,0
pediatric,stable,none,False,60,0,0,0,0,0,0,0,0,0,0,0,0,0,0,0,0,0,0,1,0,0,0
burns,urgent,severe,True,55,1,0,0,0,0,0,0,0,0,0,0,0,0,0,0,0,0,0,0,0,1,0
stroke,stable,none,False,9,0,0,0,0,0,0,1,0,0,0,0,0,0,0,0,0,0,0,0,0,0,0
obstetric,stable,none,False,4,0,0,0,0,0,0,1,0,0,0,0,0,0,0,0,0,0,0,0,0,0,0
trauma,critical,none,False,55,1,1,0,1,0,0,0,0,1,1,0,0,0,0,1,0,1,0,0,0,0,0
respiratory,urgent,none,False,45,1,1,0,0,0,0,0,0,0,0,0,0,0,0,0,0,0,0,0,0,0,0
stroke,urgent,severe,False,34,1,0,1,0,0,0,0,0,0,0,0,0,1,0,0,0,0,0,0,0,1,0
obstetric,stable,mild,False,47,0,0,0,0,0,0,0,0,0,0,0,0,0,0,0,0,0,0,0,0,0,1
general,stable,mild,False,29,0,0,0,0,0,0,0,0,0,0,0,0,0,0,0,0,0,0,0,0,0,0
pediatric,stable,mild,False,29,0,0,0,0,0,0,0,0,1,0,0,0,0,0,0,0,0,0,0,0,0,0
stroke,critical,severe,False,28,1,0,0,0,0,0,0,0,0,1,0,0,0,1,0,0,0,1,0,0,0,0
respiratory,stable,none,False,40,0,0,0,0,0,0,0,0,0,0,0,0,0,0,0,0,0,0,0,1,0,0
stroke,critical,none,False,28,0,0,1,0,0,0,0,1,0,1,0,0,1,0,0,0,1,0,0,0,0,0
general,stable,none,False,52,0,0,0,0,0,0,0,1,0,0,0,0,0,0,1,0,0,1,0,0,0,0
trauma,urgent,none,False,49,0,0,0,1,0,1,0,0,1,0,0,0,0,0,0,0,0,0,0,0,0,0
general,urgent,none,False,23,1,0,0,0,0,0,0,0,0,1,0,0,0,0,0,0,0,0,0,0,1,0
burns,urgent,none,False,69,1,0,0,0,0,0,1,0,1,0,0,0,0,0,0,0,0,0,0,0,0,0
poisoning,stable,mild,False,45,0,0,0,0,1,0,0,0,0,0,0,0,0,0,0,0,0,0,0,0,0,0
trauma,stable,mild,True,45,0,0,0,0,0,0,0,0,0,0,0,0,0,0,0,0,0,0,0,0,1,0
poisoning,critical,severe,False,70,1,0,0,0,0,0,0,0,0,1,0,0,0,0,0,0,0,1,0,0,0,0
pediatric,urgent,none,False,49,1,0,0,0,0,0,1,0,0,1,0,0,0,0,0,0,0,0,1,0,0,0
stroke,critical,none,False,31,1,0,0,0,0,0,0,0,0,1,0,0,1,0,1,0,0,0,0,0,0,0
obstetric,urgent,none,False,45,0,0,0,0,0,1,0,0,0,0,0,0,0,0,0,0,0,0,0,0,0,0
poisoning,critical,none,False,45,0,0,0,1,0,0,0,0,0,1,0,0,0,0,0,0,0,0,0,0,0,0
obstetric,stable,severe,False,37,0,0,0,0,0,0,0,0,0,0,0,0,0,0,0,0,0,1,0,0,0,0
pediatric,stable,mild,False,14,0,0,0,0,0,0,0,0,0,0,0,0,0,0,0,0,0,0,0,1,0,1
general,critical,none,False,17,1,0,0,0,1,0,0,0,0,1,0,0,0,0,0,0,0,0,0,0,0,0
poisoning,critical,none,False,37,0,1,0,0,0,0,0,0,0,1,1,0,0,0,0,0,0,0,0,0,0,0
pediatric,critical,none,False,48,1,0,0,0,0,1,1,1,1,1,0,0,0,0,0,0,1,0,0,0,0,0
poisoning,critical,none,False,0,1,0,0,0,0,1,1,0,0,1,0,0,0,0,0,0,0,0,0,0,0,0
cardiac,stable,none,False,35,0,1,0,0,0,0,0,0,0,0,0,1,0,0,0,0,0,0,0,0,0,0
trauma,stable,mild,False,55,0,0,0,0,0,0,0,0,1,0,0,0,0,1,0,0,0,0,0,0,0,1
burns,urgent,mild,False,25,1,0,0,0,1,0,0,0,0,0,0,0,0,0,0,0,0,0,1,0,1,0
obstetric,critical,none,False,54,1,0,0,0,1,1,0,0,1,1,0,0,0,0,0,0,0,0,0,0,0,0
obstetric,stable,mild,True,22,0,0,0,0,0,1,0,0,0,0,0,0,0,0,0,0,0,0,0,1,0,0
cardiac,urgent,none,False,22,0,0,0,0,0,0,0,0,0,1,0,0,0,0,0,0,0,0,0,0,0,0
obstetric,stable,none,False,37,0,0,0,0,0,0,0,0,0,0,0,0,0,0,0,0,0,0,0,0,0,0
obstetric,urgent,severe,False,90,0,0,0,0,0,1,0,0,1,1,0,0,0,0,0,0,0,1,1,1,1,1
general,stable,mild,False,46,1,0,0,0,0,0,0,0,0,0,0,0,0,0,0,0,0,0,0,0,0,0
respiratory,urgent,mild,False,35,1,0,0,0,0,0,0,1,0,0,0,0,0,0,1,0,1,1,1,0,0,0
poisoning,stable,none,False,26,0,0,0,0,0,0,1,0,0,0,0,0,0,0,0,0,0,0,0,0,0,1
stroke,urgent,mild,False,0,0,0,0,0,0,0,0,0,1,0,0,0,1,0,0,0,0,0,0,0,0,0
cardiac,critical,none,False,90,1,1,0,0,0,0,0,0,0,1,0,1,0,0,1,0,0,0,0,0,0,0
cardiac,urgent,mild,False,13,0,1,0,0,0,0,1,0,0,1,0,0,0,0,0,0,0,0,1,0,0,0
burns,urgent,severe,False,56,1,0,0,0,0,0,0,0,1,0,0,0,0,0,0,0,0,1,0,1,0,1
cardiac,critical,none,False,20,1,1,0,0,0,0,0,0,0,1,0,1,0,0,1,1,0,0,0,0,0,0
stroke,critical,mild,False,63,1,0,0,0,0,0,0,0,0,1,0,0,1,0,0,0,0,1,0,0,0,0
trauma,urgent,none,False,5,1,0,0,1,0,0,1,0,0,1,0,0,0,0,0,0,0,0,0,0,0,0
obstetric,urgent,none,True,32,0,0,0,0,0,1,0,0,0,1,0,0,0,0,1,0,0,0,0,0,0,0
obstetric,stable,none,False,51,0,0,0,0,0,0,0,0,0,0,0,0,0,0,0,0,0,0,0,0,0,0
trauma,stable,none,False,0,0,0,0,0,0,0,1,0,0,0,1,0,0,0,0,0,0,0,0,0,0,0
obstetric,critical,none,False,34,1,0,0,0,0,1,0,0,1,1,0,0,0,0,0,0,1,0,0,0,0,0
trauma,stable,mild,False,36,0,0,0,0,0,0,0,0,0,0,0,0,0,0,1,0,0,0,0,1,1,0
obstetric,urgent,none,False,36,0,0,0,0,0,0,0,1,0,1,0,0,0,0,0,0,0,0,0,0,0,0
obstetric,critical,mild,False,49,0,0,0,0,0,1,0,0,0,1,0,0,0,0,0,0,0,0,0,0,0,0
cardiac,stable,mild,False,50,1,0,0,0,0,0,0,0,0,0,0,0,0,0,0,0,0,0,0,0,1,0
obstetric,urgent,mild,False,37,0,0,0,0,0,1,0,0,0,1,0,0,0,0,0,0,0,0,1,1,0,0
poisoning,urgent,none,False,39,1,0,0,0,0,0,0,0,0,0,0,0,0,0,1,0,0,0,0,0,0,0
pediatric,stable,none,False,0,0,0,0,0,1,0,1,0,0,0,1,0,1,0,0,0,0,0,1,0,0,0
pediatric,stable,none,False,45,0,0,0,0,0,0,0,0,1,0,0,0,0,0,0,0,0,0,0,0,0,0
respiratory,stable,none,False,22,0,0,0,0,0,0,0,0,0,0,0,0,0,0,0,0,0,0,0,0,0,0
burns,critical,severe,False,41,1,0,0,0,1,0,0,0,0,1,1,0,0,0,0,0,0,0,0,0,1,0
general,stable,none,False,45,0,0,0,0,0,0,0,0,0,0,0,0,0,0,0,0,0,0,0,0,0,0
pediatric,critical,none,False,78,0,0,0,0,0,0,1,1,0,0,0,0,0,0,0,0,0,0,0,0,0,0
cardiac,urgent,none,False,44,1,1,0,0,0,0,0,0,0,1,0,0,0,0,0,0,0,0,0,0,0,0
obstetric,critical,none,False,49,0,0,0,0,0,1,0,0,1,1,0,0,0,0,0,0,0,0,0,0,1,0
cardiac,stable,none,False,51,1,0,0,0,0,0,0,0,0,0,0,0,0,0,0,0,0,0,0,0,0,0
poisoning,stable,none,False,34,0,0,0,0,0,0,0,1,0,0,0,0,0,0,0,0,0,1,0,0,1,0
cardiac,stable,mild,False,53,1,1,0,0,0,0,1,0,0,0,0,0,0,0,0,0,0,1,0,0,0,0
general,stable,none,False,40,0,0,0,0,0,0,0,0,0,0,0,0,0,0,0,0,0,0,0,0,0,0
pediatric,critical,none,False,25,1,0,0,0,0,0,1,0,0,1,0,0,0,0,0,0,0,1,0,0,0,0
respiratory,stable,none,False,61,0,0,0,0,0,0,0,0,0,0,0,0,0,0,0,0,0,1,0,0,0,0
trauma,urgent,mild,False,0,1,0,0,0,0,0,0,0,0,0,0,0,0,0,0,0,0,0,0,0,0,1
general,urgent,mild,False,23,0,0,0,0,0,0,0,0,0,1,0,0,0,0,0,0,0,0,0,0,0,1
obstetric,stable,mild,False,25,0,0,1,0,0,0,0,0,1,0,0,0,0,0,0,1,0,0,1,0,0,0
stroke,critical,none,False,49,1,0,1,0,0,0,0,0,0,1,0,0,0,0,0,0,0,0,0,0,0,0
pediatric,critical,mild,False,56,0,0,0,0,0,0,1,0,0,1,0,0,0,0,0,0,0,0,0,0,1,1
burns,urgent,none,False,36,1,0,0,0,1,0,0,1,0,0,0,0,0,1,0,0,0,0,0,0,0,0
obstetric,urgent,none,False,26,0,0,0,0,0,0,0,0,1,1,0,0,0,0,0,0,0,0,0,1,0,0
poisoning,urgent,none,False,13,1,0,0,0,0,0,0,0,0,1,0,0,0,0,0,0,0,0,0,0,0,0
trauma,urgent,none,False,30,1,0,0,1,0,0,0,0,0,0,0,0,0,0,0,0,0,0,0,0,0,0
obstetric,critical,none,False,60,1,0,0,0,0,1,0,1,1,1,0,0,0,0,0,0,1,1,0,0,0,0
stroke,stable,severe,False,38,0,0,0,0,0,0,0,0,0,0,0,0,0,0,0,0,0,0,1,1,0,1
stroke,critical,severe,False,20,1,0,1,0,0,0,0,0,1,1,0,0,1,0,0,0,0,1,1,0,1,0
respiratory,stable,none,False,49,0,0,0,0,1,0,0,0,0,0,0,0,0,1,0,0,0,0,0,0,0,0
trauma,urgent,mild,False,68,1,0,0,1,0,0,0,0,0,0,0,0,0,0,0,0,0,0,0,0,1,0
poisoning,urgent,none,False,27,0,0,0,0,0,0,0,0,1,0,0,0,0,1,0,0,0,0,0,0,0,0
cardiac,stable,mild,False,20,1,1,0,0,0,0,0,0,0,0,0,0,0,0,1,0,0,0,0,0,1,0
trauma,stable,none,False,34,0,0,0,0,0,0,0,0,0,0,0,0,0,0,0,0,0,0,0,0,0,0
general,urgent,none,False,41,1,0,0,0,0,0,0,0,1,1,0,0,0,0,0,0,0,0,0,0,0,0
poisoning,urgent,severe,False,29,1,0,1,0,0,0,0,0,0,0,0,0,0,0,0,1,0,0,0,1,0,1
obstetric,urgent,none,False,0,0,0,0,0,0,0,0,0,0,1,0,0,0,1,0,0,0,0,0,0,0,0
cardiac,urgent,none,False,48,0,0,0,0,0,1,0,0,0,1,0,0,0,0,0,0,0,0,0,0,0,0
burns,stable,severe,False,14,0,0,0,0,0,0,0,0,1,0,0,0,0,0,0,0,0,1,0,1,1,0
burns,urgent,severe,False,59,1,0,0,0,1,0,0,0,0,0,0,0,0,0,0,0,0,1,0,0,0,1
poisoning,critical,none,False,77,1,0,0,0,0,0,0,0,0,1,1,0,0,0,0,1,0,0,0,0,0,1
poisoning,critical,none,False,46,1,0,0,0,0,0,0,0,0,1,0,0,0,0,0,0,1,0,0,0,0,0
respiratory,urgent,none,False,59,1,0,0,0,0,0,0,1,0,0,0,0,0,0,0,0,0,0,0,0,0,1
respiratory,urgent,none,False,26,0,0,0,0,0,0,0,0,0,0,0,0,0,0,0,0,0,0,0,0,0,0
stroke,stable,none,False,55,0,0,0,0,0,0,0,0,0,0,0,0,0,0,0,0,0,0,1,0,0,0
respiratory,stable,none,False,28,0,0,0,0,0,0,0,0,0,0,0,0,0,0,0,0,0,0,0,0,0,0
pediatric,stable,none,False,54,0,1,0,0,0,0,0,0,0,0,0,0,0,0,0,0,1,0,0,0,0,0
trauma,stable,severe,False,33,0,0,0,0,0,1,0,1,0,0,0,0,0,0,0,0,0,1,1,1,0,0
general,stable,severe,False,67,0,0,0,0,0,0,0,0,0,0,0,0,0,0,0,0,0,1,0,1,0,1
pediatric,urgent,mild,False,43,1,0,0,0,0,0,1,0,0,0,0,0,0,0,0,0,0,0,0,0,1,0
cardiac,urgent,none,False,26,1,0,0,0,0,0,0,0,0,1,0,0,0,1,0,0,0,0,0,0,0,0
poisoning,urgent,mild,False,65,1,0,0,1,0,0,0,0,0,0,0,0,0,0,0,0,0,0,0,0,1,0
obstetric,critical,none,False,38,1,0,0,0,0,1,0,1,1,1,0,0,1,0,0,0,0,0,0,0,0,0
stroke,urgent,none,False,40,1,0,1,1,0,0,0,0,0,0,0,0,0,0,0,0,0,0,0,0,0,0
poisoning,critical,none,False,17,1,0,0,0,0,0,0,0,0,1,0,0,1,0,0,0,0,0,0,0,0,0
burns,stable,none,False,70,0,0,0,0,0,0,0,0,0,0,0,0,0,0,1,0,0,0,0,0,0,0
obstetric,critical,severe,False,38,1,0,0,1,0,1,0,0,0,1,0,0,0,0,0,0,1,1,1,0,0,0
general,critical,mild,False,65,1,0,0,0,0,0,0,0,0,0,0,0,0,0,0,0,0,0,0,0,0,0
obstetric,critical,none,False,9,1,0,0,0,1,1,0,0,1,1,0,0,0,0,0,0,0,0,0,0,0,0
obstetric,critical,mild,False,52,1,0,0,0,0,1,0,0,1,1,0,0,1,0,0,0,0,1,0,0,0,1
pediatric,stable,none,False,50,0,0,0,0,0,0,0,0,0,0,0,0,0,0,0,0,0,0,0,0,0,0
stroke,critical,mild,False,31,1,0,1,0,0,0,0,0,1,1,0,0,1,0,0,0,0,0,0,0,0,0
burns,urgent,none,False,28,1,0,0,0,0,0,0,0,0,0,0,0,0,0,0,0,0,0,0,1,0,0
respiratory,urgent,none,False,59,0,0,0,0,0,0,0,0,0,0,0,0,0,0,0,0,0,0,0,0,0,0
pediatric,stable,none,False,30,0,0,0,0,0,0,0,0,0,0,0,0,0,0,1,0,0,0,0,0,0,0
trauma,urgent,none,False,51,1,0,0,1,0,0,0,0,1,0,1,0,0,1,0,0,0,0,0,0,0,0
obstetric,urgent,mild,False,49,0,0,0,0,1,0,0,0,0,1,0,0,0,0,0,0,0,0,0,0,0,0
poisoning,critical,severe,False,47,1,0,0,0,0,0,0,0,0,1,1,0,0,0,0,0,0,0,0,1,1,1
burns,urgent,mild,False,27,1,0,0,0,1,0,0,0,1,0,0,0,0,0,0,0,0,0,1,0,0,0
pediatric,stable,severe,False,34,0,0,0,0,0,0,0,0,1,0,0,0,0,0,0,0,0,0,0,1,0,0
pediatric,stable,none,False,21,0,0,0,0,0,0,0,0,1,0,0,0,0,0,0,0,0,0,0,0,0,0
cardiac,urgent,none,False,38,1,1,0,0,1,0,0,0,0,1,0,1,1,0,0,0,0,0,0,0,0,0
obstetric,urgent,mild,False,37,0,0,0,0,0,1,0,0,0,1,0,0,0,0,0,0,0,0,0,0,0,0
stroke,urgent,mild,False,78,1,0,0,0,0,0,0,0,1,0,0,0,0,0,0,0,0,0,0,0,0,0
cardiac,urgent,mild,False,47,0,0,0,0,0,0,0,0,0,1,0,0,0,0,0,0,0,0,1,0,1,0
pediatric,critical,mild,False,48,0,1,0,0,1,0,1,0,0,1,0,0,0,0,0,0,1,0,0,0,0,0
poisoning,critical,mild,False,50,1,0,0,0,0,0,0,0,0,1,1,0,0,0,0,1,0,0,0,0,0,0
poisoning,urgent,none,False,34,1,0,0,1,0,1,0,0,0,0,0,0,0,0,0,0,0,0,0,0,0,0
cardiac,stable,none,False,41,1,0,0,0,0,0,0,0,0,0,0,0,0,0,1,0,0,0,0,0,0,0
pediatric,critical,none,False,41,1,0,0,0,0,0,1,0,0,1,0,0,0,0,0,0,0,0,0,0,0,0
trauma,stable,none,False,24,0,1,0,0,0,0,0,0,0,0,0,0,1,0,0,0,0,0,0,0,0,0
poisoning,urgent,none,False,1,0,0,0,0,0,0,1,0,0,0,0,0,0,0,0,0,0,0,0,0,0,0
trauma,stable,none,False,45,0,0,0,0,0,0,0,0,0,0,0,0,0,0,0,0,0,0,0,0,0,0
general,critical,none,False,40,1,0,0,0,0,0,0,0,0,1,0,0,0,0,0,0,0,0,0,0,0,0
pediatric,urgent,mild,False,18,1,0,1,0,0,0,0,0,0,0,0,1,0,0,1,0,0,0,1,0,1,0
pediatric,critical,mild,False,26,0,0,0,0,0,0,1,0,1,1,0,0,1,0,0,0,0,1,1,0,1,0
general,stable,none,False,44,1,0,0,1,0,0,0,0,1,0,0,0,0,0,0,1,0,0,0,0,0,0
obstetric,critical,none,False,44,0,0,0,0,0,1,0,0,0,1,0,0,0,0,0,0,1,0,0,0,0,0
trauma,urgent,none,False,57,1,0,0,1,0,0,0,0,0,0,0,0,0,0,0,0,0,0,0,0,0,0
obstetric,urgent,none,False,56,0,0,0,0,0,1,0,0,0,0,0,0,0,0,0,0,0,0,0,0,0,0
respiratory,urgent,mild,False,65,1,0,0,0,0,0,0,1,0,0,0,0,0,0,0,0,0,0,0,0,0,0
stroke,urgent,mild,False,48,1,0,0,0,0,0,0,0,0,0,0,0,1,0,1,0,0,0,1,0,1,0
poisoning,stable,none,False,29,0,1,0,0,0,0,0,0,0,0,0,0,0,0,0,0,0,0,0,0,0,0
poisoning,stable,none,False,21,0,1,0,0,0,0,0,0,0,0,0,0,0,0,1,0,0,0,0,0,0,0
stroke,stable,none,False,26,0,0,0,0,0,0,0,0,0,0,0,0,0,0,0,0,0,0,0,0,0,0
trauma,critical,none,False,52,0,0,0,0,0,0,0,0,1,1,0,0,0,0,0,0,0,0,0,0,0,0
general,stable,none,False,51,1,0,0,0,0,0,0,0,0,0,0,0,0,0,0,0,0,0,1,0,0,0
stroke,stable,mild,False,43,0,0,0,0,0,0,0,0,0,0,0,0,0,0,0,0,0,0,0,0,0,1
stroke,urgent,mild,False,15,1,0,0,0,0,0,0,0,0,0,0,0,1,0,0,0,0,0,0,0,1,1
pediatric,urgent,mild,False,40,1,0,0,0,0,0,1,0,0,0,0,1,0,0,0,0,0,0,0,0,1,0
respiratory,critical,none,False,29,1,0,0,0,0,0,0,1,0,0,1,0,0,0,0,0,0,0,0,0,0,0
cardiac,stable,none,False,44,1,0,0,0,0,0,0,0,0,0,0,1,0,1,0,1,0,0,0,0,0,0
cardiac,critical,none,False,67,1,1,0,0,0,0,0,0,0,1,0,1,0,0,1,0,0,0,0,0,0,1
stroke,critical,none,False,62,1,1,1,0,0,0,0,0,0,1,0,0,1,0,0,0,0,0,0,0,0,0
pediatric,urgent,none,False,59,1,0,0,0,1,0,0,0,0,0,0,0,0,0,0,0,0,0,0,1,0,0
burns,stable,none,False,26,0,0,0,0,0,0,0,0,0,0,0,0,0,0,0,0,0,0,0,0,0,0
cardiac,critical,none,False,30,1,1,0,0,0,0,0,0,0,1,0,1,0,0,1,0,0,0,0,0,0,0
burns,critical,none,False,19,1,0,0,0,1,0,0,0,0,1,1,0,0,0,0,0,1,0,0,0,0,0
pediatric,stable,none,False,0,0,0,0,0,0,0,1,0,0,0,0,0,0,0,0,0,0,0,0,0,1,0
respiratory,urgent,none,False,43,1,0,0,0,0,0,0,1,0,0,1,0,0,0,0,0,0,0,1,0,0,0
stroke,urgent,none,False,51,0,0,1,0,0,0,0,0,0,0,0,0,1,0,0,0,0,0,0,0,0,0
stroke,urgent,none,False,46,1,0,0,0,0,0,1,0,0,0,0,0,1,0,0,0,0,0,0,0,0,1
cardiac,critical,none,False,38,0,1,0,0,0,0,0,0,0,1,0,1,0,0,1,0,0,0,0,0,0,0
trauma,stable,severe,False,27,0,0,0,0,0,0,0,0,0,0,0,0,1,0,0,0,0,0,0,1,1,0
pediatric,stable,severe,False,17,0,0,0,0,0,0,0,0,0,0,0,0,0,0,0,0,0,1,0,0,1,1
cardiac,critical,mild,False,33,1,0,1,0,0,0,0,0,0,1,0,1,0,0,1,0,0,0,0,0,0,0
poisoning,urgent,none,False,11,1,0,0,0,0,0,1,0,0,0,0,0,0,0,0,0,0,0,0,0,0,0
burns,critical,none,False,6,1,0,0,0,1,0,0,0,0,1,1,0,0,0,0,0,0,0,0,0,0,0
pediatric,urgent,none,False,56,1,0,0,0,0,0,1,0,0,1,0,0,0,0,0,0,0,0,0,0,0,0
respiratory,stable,mild,False,51,0,0,0,0,0,0,0,0,1,0,0,0,0,0,0,0,0,0,0,0,0,0
obstetric,critical,none,False,6,1,1,0,0,0,1,1,0,0,0,0,0,0,0,0,0,1,0,0,0,0,0
obstetric,urgent,none,False,40,0,0,0,0,0,1,1,0,0,1,0,0,0,0,0,0,0,0,0,0,0,0
respiratory,critical,none,False,24,1,0,0,0,0,0,0,0,0,1,1,0,0,0,0,0,0,0,0,0,0,0
obstetric,critical,none,False,27,1,0,0,0,0,1,0,0,1,0,0,0,0,1,0,0,0,0,0,0,0,0
general,stable,none,False,43,0,0,1,0,0,0,0,0,0,0,0,0,1,0,0,0,0,0,0,0,0,0
respiratory,stable,none,False,39,0,0,0,0,0,0,0,0,1,0,0,0,0,0,0,0,1,0,0,0,0,0
cardiac,critical,none,False,49,0,1,0,0,0,0,0,0,0,1,0,1,0,0,1,0,0,0,0,0,0,0
cardiac,urgent,none,False,47,1,1,0,0,0,0,0,1,0,1,0,0,0,0,0,0,1,0,0,0,0,0
poisoning,critical,severe,False,36,1,0,0,0,0,0,0,0,0,1,0,0,1,0,0,0,0,1,1,0,0,1
burns,critical,none,False,60,1,0,0,1,0,0,0,0,0,1,1,0,0,0,0,1,0,0,0,0,0,0
cardiac,urgent,mild,False,42,1,1,0,0,0,0,0,0,0,1,0,0,0,0,0,0,0,1,0,1,1,0
poisoning,urgent,mild,False,63,1,0,0,0,0,0,0,0,0,0,0,1,0,0,0,0,0,0,0,0,0,1
cardiac,stable,none,False,45,1,0,0,0,0,0,0,0,0,0,0,0,0,0,0,0,0,0,0,0,0,0
trauma,stable,none,False,4,0,0,0,0,0,0,1,0,0,0,0,0,0,0,0,0,0,0,0,0,0,0
poisoning,critical,none,False,29,1,0,0,0,1,0,0,0,0,1,1,0,0,0,0,0,0,0,0,0,0,0
stroke,urgent,mild,False,49,1,0,1,0,0,0,0,0,0,0,0,1,1,0,0,0,0,0,0,0,1,0
obstetric,stable,mild,False,15,0,0,0,0,0,0,0,0,0,0,0,0,0,0,0,0,0,0,0,0,0,0
trauma,stable,mild,False,30,0,0,0,0,0,0,0,0,0,0,0,0,1,1,0,0,0,0,0,1,0,0
trauma,stable,none,False,31,0,0,0,0,1,0,0,0,0,0,0,0,0,0,0,0,0,0,1,0,0,0
poisoning,critical,none,False,47,1,0,0,0,0,0,0,0,0,1,1,0,0,0,0,0,0,0,0,0,0,0
general,urgent,mild,False,58,1,0,0,0,0,0,0,0,0,1,0,0,0,0,0,0,0,1,0,0,0,0
trauma,urgent,none,False,37,1,0,0,1,0,0,0,0,0,0,0,0,0,0,0,0,0,0,0,0,0,0
cardiac,urgent,mild,False,47,1,0,0,0,0,0,0,0,0,1,0,0,0,0,0,0,0,0,0,0,0,0
poisoning,stable,mild,False,68,0,0,0,0,0,0,0,0,0,0,0,0,0,0,0,0,1,1,0,0,1,0
poisoning,urgent,mild,False,48,1,0,0,0,0,0,0,1,0,0,0,0,0,0,0,0,0,0,0,0,0,0
general,urgent,mild,False,33,1,0,0,0,0,0,0,0,0,1,0,0,0,0,0,0,0,0,0,0,0,0
cardiac,critical,none,False,0,1,1,0,0,0,1,1,0,0,1,0,0,0,0,1,0,0,0,0,0,0,0
trauma,critical,none,False,26,1,0,0,1,0,0,0,0,0,1,1,0,0,0,1,0,1,0,0,0,0,0
obstetric,urgent,none,False,0,0,0,0,0,0,0,1,0,0,0,0,0,0,0,0,0,0,0,0,0,0,0
burns,stable,none,False,40,0,0,0,0,0,1,0,0,0,0,0,0,0,0,0,0,0,0,0,0,0,0
burns,urgent,none,False,20,1,0,0,0,0,0,0,0,0,0,0,0,0,0,0,0,0,0,0,0,0,0
general,urgent,none,False,41,1,0,0,0,0,0,0,0,0,1,0,0,0,0,0,0,0,0,0,0,0,0
obstetric,urgent,none,False,65,0,0,0,0,0,1,0,0,1,1,0,0,1,0,0,0,0,0,0,0,0,0
general,urgent,mild,False,67,0,0,0,0,0,0,0,1,0,1,0,0,0,0,0,0,0,0,0,0,0,1
obstetric,stable,none,False,35,0,0,0,1,0,0,0,0,1,0,0,0,0,0,0,0,0,0,0,0,0,0
general,urgent,none,False,32,0,1,0,0,0,0,0,0,0,1,0,0,0,0,0,0,0,0,0,0,0,0
pediatric,urgent,none,False,43,0,0,0,0,0,0,1,0,0,0,0,0,0,0,0,0,0,0,0,0,0,0
poisoning,urgent,none,True,55,1,0,1,0,0,0,0,0,0,0,0,0,0,0,1,0,0,0,0,1,0,0
stroke,critical,severe,False,53,1,0,1,0,0,0,0,0,0,1,0,0,1,0,0,0,0,1,1,0,0,1
burns,stable,none,False,38,0,0,0,0,0,0,0,1,0,0,0,0,0,0,0,0,0,0,1,0,0,0
stroke,critical,mild,False,45,1,0,1,0,0,0,0,0,0,1,0,0,1,0,0,0,0,1,0,0,0,0
cardiac,stable,none,False,29,1,1,0,0,0,0,0,0,0,0,0,0,0,0,0,0,0,0,0,0,0,0
cardiac,urgent,severe,False,24,1,0,0,0,0,0,0,0,0,1,0,1,0,0,0,0,1,0,1,0,1,0
respiratory,urgent,none,False,9,1,0,0,0,0,0,1,0,0,0,0,0,0,0,0,0,0,0,0,0,0,0
respiratory,stable,none,False,3,0,0,0,0,0,0,0,0,0,0,0,0,0,0,0,0,0,0,0,0,0,0
respiratory,critical,mild,False,26,0,0,0,0,0,0,0,1,0,1,1,0,0,0,0,1,0,0,0,0,0,0
pediatric,critical,none,False,19,1,0,0,0,0,1,1,0,0,1,0,0,0,0,0,0,0,0,0,1,0,0
poisoning,stable,mild,False,32,0,0,0,0,0,0,0,0,1,0,0,0,0,0,0,0,0,0,0,0,0,1
respiratory,urgent,none,False,38,1,0,0,0,0,0,0,1,0,0,0,0,0,0,0,0,0,0,0,0,0,1
respiratory,critical,mild,False,1,1,0,0,0,0,0,0,0,0,1,1,1,0,0,0,0,0,0,0,0,0,0
pediatric,urgent,none,False,17,0,0,0,0,0,0,1,0,1,0,0,0,0,0,0,0,0,0,0,0,0,0
trauma,urgent,mild,False,45,1,0,0,0,0,0,0,1,0,0,0,0,0,0,0,0,0,0,1,0,0,0
trauma,urgent,none,False,9,1,0,0,0,0,0,1,1,0,0,0,0,0,0,0,0,0,0,0,0,0,0
cardiac,urgent,none,False,23,1,0,0,0,0,1,0,0,0,1,0,0,0,0,0,0,0,0,0,0,0,0
general,critical,none,False,50,1,0,0,0,0,0,0,0,0,1,0,0,0,0,0,0,0,0,0,0,0,0
burns,urgent,none,False,67,1,0,0,0,1,0,0,0,0,0,0,0,0,0,0,0,0,0,0,0,0,0
respiratory,urgent,none,False,13,1,0,0,0,0,0,0,0,0,0,0,0,0,0,0,0,0,1,0,0,0,0
pediatric,critical,none,False,25,1,0,0,0,0,0,0,0,0,1,0,0,0,0,0,1,0,0,0,0,0,0
burns,urgent,none,False,46,1,0,0,0,0,0,0,0,0,0,0,0,0,0,0,0,0,0,0,0,0,0
trauma,urgent,mild,False,37,1,0,1,1,0,0,0,1,0,0,0,0,0,0,0,0,0,0,1,0,0,0
poisoning,urgent,none,False,49,1,0,0,0,0,0,0,0,0,0,0,0,0,0,0,0,0,0,0,0,0,0
burns,stable,none,False,44,0,0,0,0,0,0,0,0,1,0,0,0,0,0,0,0,0,1,0,0,0,0
stroke,urgent,none,False,27,0,0,1,0,0,0,0,0,0,0,0,0,0,0,0,0,0,1,0,0,0,0
general,stable,none,False,40,0,0,0,0,0,0,0,0,0,0,1,0,0,0,0,0,0,0,0,0,1,0
trauma,stable,none,False,16,0,0,0,0,0,0,0,0,0,1,0,0,0,0,0,0,0,0,0,0,0,0
burns,critical,none,False,52,1,1,0,0,0,0,0,0,0,1,0,0,0,0,0,0,0,0,0,0,0,0
pediatric,critical,none,False,42,0,0,0,0,0,0,1,1,0,1,0,0,0,0,0,0,0,0,0,0,0,0
trauma,urgent,none,False,24,1,0,0,1,0,0,0,0,0,0,0,0,0,0,0,0,0,0,0,0,0,0
pediatric,critical,none,False,60,0,0,0,0,0,0,1,0,0,1,0,0,0,0,0,0,0,0,0,0,0,0
general,urgent,none,False,33,0,0,1,0,0,0,0,0,0,1,0,0,1,0,0,0,0,1,0,0,0,1
trauma,urgent,none,False,64,0,0,0,1,0,0,0,0,0,0,0,0,0,0,0,0,0,0,0,0,0,0
general,stable,mild,False,39,0,0,0,0,0,0,0,0,0,0,0,0,0,0,0,0,0,0,0,0,0,0
respiratory,critical,none,False,0,1,0,0,0,0,0,1,1,0,0,1,0,0,0,0,1,0,0,0,0,0,0
obstetric,critical,none,False,44,0,0,0,0,0,1,0,0,1,1,0,0,0,0,0,0,1,0,0,0,0,0
respiratory,critical,none,False,21,1,0,0,0,0,0,0,0,1,1,1,0,1,0,0,0,0,0,0,0,0,0
respiratory,urgent,none,False,41,0,0,0,0,0,0,0,1,0,0,0,0,0,0,0,0,0,0,0,0,0,0
burns,critical,none,False,12,1,0,0,0,1,0,1,0,0,1,0,0,0,0,0,0,0,0,0,0,0,0
obstetric,critical,none,False,55,1,0,0,0,0,1,0,0,1,1,0,0,0,0,0,0,0,0,0,0,0,0
general,stable,mild,False,40,1,0,0,0,0,0,0,0,0,0,1,0,0,0,0,0,0,0,0,0,0,0
stroke,stable,severe,False,22,0,0,0,0,0,1,0,0,0,0,0,0,0,0,0,0,0,1,0,0,1,1
cardiac,urgent,mild,False,63,1,1,0,0,0,0,0,0,0,1,0,0,1,0,0,0,0,0,0,0,0,0
pediatric,critical,none,False,51,0,0,0,1,0,0,0,0,0,1,0,0,0,0,0,0,0,0,0,0,0,0
cardiac,urgent,none,False,45,1,1,0,0,0,1,0,0,0,1,0,0,0,0,0,0,0,0,1,0,0,0
burns,critical,mild,False,40,0,0,0,0,0,0,0,0,1,1,1,0,0,0,0,0,0,0,1,0,0,0
poisoning,urgent,none,False,20,1,0,0,0,0,0,0,0,0,0,0,0,0,0,0,0,0,0,0,0,0,0
poisoning,urgent,severe,False,51,1,0,0,0,0,0,0,0,1,1,0,1,0,0,1,0,0,0,0,0,0,1
burns,stable,severe,False,59,0,0,0,0,0,1,0,0,0,0,0,0,0,0,0,0,0,0,1,1,0,1
trauma,urgent,none,False,52,1,0,0,1,0,0,0,0,1,0,0,0,0,0,0,0,0,0,0,0,0,0
trauma,urgent,none,False,42,1,0,0,1,0,0,0,0,0,0,0,0,0,0,0,0,0,0,0,0,0,0
respiratory,stable,none,False,52,0,0,0,0,0,0,0,0,0,0,0,0,0,0,0,0,0,0,0,0,0,0
cardiac,stable,none,False,74,0,0,0,0,0,0,0,0,0,0,1,0,0,0,0,0,0,0,0,0,0,0
burns,urgent,none,False,27,1,0,0,1,0,0,0,0,1,0,0,0,0,1,0,0,0,0,0,1,0,0
stroke,urgent,none,False,36,1,0,1,0,0,0,0,0,0,0,0,0,1,0,0,0,0,0,0,0,0,0
burns,urgent,mild,False,33,1,0,0,0,1,0,0,0,0,0,0,0,0,0,0,0,0,0,0,0,0,0
poisoning,urgent,none,False,1,1,0,0,0,0,0,1,0,1,0,0,0,0,0,0,0,0,0,0,0,0,0
burns,critical,mild,True,21,1,0,0,0,0,0,0,0,1,1,0,0,0,0,0,0,0,0,0,0,0,0
general,critical,none,False,28,1,0,0,0,0,0,1,0,1,1,0,0,0,0,0,0,0,0,0,0,0,0
obstetric,critical,none,False,24,0,0,0,0,0,1,0,0,0,1,0,0,0,0,0,0,1,0,1,0,0,1
general,stable,none,False,49,1,0,0,0,0,0,0,0,0,0,0,0,0,0,0,0,0,0,0,0,0,0
trauma,urgent,none,False,31,0,0,0,0,0,0,0,0,1,0,0,0,0,0,0,0,0,0,1,0,0,0
general,critical,none,False,57,1,0,0,0,0,0,0,0,0,1,0,0,0,0,0,1,0,0,0,0,0,0
poisoning,critical,none,False,38,1,0,0,0,0,0,0,1,1,0,0,0,0,0,0,0,0,0,0,0,0,0
stroke,stable,none,False,41,0,0,0,0,0,0,0,0,0,0,0,0,1,1,0,0,0,0,0,0,0,0
trauma,urgent,none,False,48,1,0,0,1,0,1,0,0,0,0,0,0,0,0,0,0,0,0,1,0,0,0
obstetric,stable,none,False,14,0,0,0,0,0,0,0,0,0,0,0,0,0,0,0,0,0,0,0,0,0,0
cardiac,urgent,none,False,41,1,1,0,0,0,0,0,0,0,1,0,0,0,0,0,0,0,0,0,0,0,1
obstetric,critical,none,True,0,0,0,0,0,0,1,0,0,0,1,0,0,0,0,0,0,0,0,0,0,0,0
stroke,urgent,mild,False,35,0,0,1,0,0,0,0,0,0,0,0,0,1,0,0,0,0,0,0,0,0,0
obstetric,critical,mild,False,49,1,0,0,0,0,1,0,0,0,1,0,0,0,0,0,0,1,0,0,0,1,1
pediatric,critical,none,False,13,0,0,0,0,0,0,1,0,0,1,0,0,0,0,0,0,0,0,0,0,0,0
pediatric,urgent,none,False,49,1,0,0,0,0,0,0,1,0,0,0,0,0,0,0,0,0,0,0,0,0,0
general,stable,none,False,0,0,0,0,0,0,0,0,0,0,0,0,0,0,0,0,0,0,0,0,0,0,0
stroke,critical,none,False,58,0,0,1,0,0,0,0,0,0,1,0,0,1,0,0,0,0,0,0,0,0,0
poisoning,urgent,none,False,50,1,0,0,0,0,0,0,0,0,0,0,0,0,0,0,1,1,0,0,0,0,0
pediatric,stable,none,False,53,0,0,0,0,0,0,0,0,0,0,0,0,0,0,0,0,0,0,0,0,0,0
obstetric,critical,mild,False,76,0,0,0,0,0,1,0,0,0,1,0,0,0,0,0,0,0,1,0,0,0,0
poisoning,urgent,mild,True,26,0,0,0,0,0,0,0,0,0,0,0,0,0,0,0,0,0,0,0,0,0,0
poisoning,critical,none,False,35,1,0,0,0,0,0,0,0,0,1,0,0,0,0,1,0,0,0,0,0,0,0
cardiac,critical,severe,False,63,1,1,0,0,0,0,0,0,0,1,0,0,0,0,1,0,0,1,1,0,0,1
trauma,stable,none,False,30,0,0,0,0,0,1,0,0,0,0,0,0,0,0,0,0,0,0,0,0,0,0
poisoning,urgent,mild,False,10,1,0,0,0,0,0,0,0,0,0,0,0,0,0,0,0,0,0,0,0,0,0
respiratory,stable,mild,False,73,0,0,0,0,0,0,0,1,0,0,0,0,0,0,0,0,0,0,0,1,0,0
pediatric,stable,none,False,78,1,1,0,0,0,0,0,0,0,0,0,0,0,0,0,0,0,0,0,0,0,0
pediatric,stable,none,False,39,0,0,0,0,0,0,0,0,0,0,0,0,0,0,0,0,0,0,0,0,0,0
burns,stable,mild,False,21,0,0,0,0,0,0,1,0,1,0,0,0,0,0,0,0,1,0,0,0,0,1
obstetric,stable,mild,False,21,0,0,0,0,0,0,0,0,0,0,0,0,0,0,0,0,0,0,0,0,0,0
general,urgent,severe,False,33,1,0,0,0,0,0,0,0,0,1,0,0,0,0,0,0,0,0,1,1,0,1
respiratory,critical,none,False,46,0,0,0,0,0,0,0,1,0,1,0,0,0,0,0,0,0,0,0,0,0,0
cardiac,urgent,mild,False,23,1,0,0,0,0,0,0,0,0,1,0,0,0,0,0,0,0,0,0,0,0,1
obstetric,urgent,mild,True,46,0,0,0,0,0,1,0,0,0,1,0,0,0,0,0,0,0,0,0,0,0,0
stroke,critical,none,False,17,1,0,0,0,0,0,0,0,1,1,0,0,1,0,0,0,0,0,0,0,0,0
cardiac,stable,none,False,62,0,1,0,0,0,0,0,0,0,0,0,0,0,0,0,0,0,0,0,0,0,1
poisoning,stable,none,False,24,0,0,0,0,0,0,0,0,0,0,0,0,0,0,0,1,0,0,0,0,0,0
burns,critical,severe,False,29,1,0,0,0,1,0,0,0,0,1,1,0,0,0,0,0,0,0,1,1,0,0
cardiac,stable,none,False,54,0,1,0,1,0,0,0,0,0,0,0,0,0,0,0,0,0,0,0,0,1,0
cardiac,urgent,none,False,20,1,1,0,0,1,0,0,0,0,1,0,0,0,0,1,0,0,0,0,0,0,0
trauma,critical,none,False,9,1,0,0,1,0,0,0,0,1,0,0,0,0,0,0,0,1,0,0,0,0,0
poisoning,urgent,none,True,66,1,0,0,0,0,0,0,0,0,0,0,0,0,0,0,0,1,0,0,0,0,0
cardiac,urgent,none,False,30,0,1,0,0,0,0,0,0,0,1,0,0,0,0,0,1,0,0,0,0,1,0
pediatric,urgent,none,False,33,1,0,0,0,0,0,1,0,0,0,0,0,0,0,0,0,0,0,0,0,0,0
poisoning,stable,severe,False,7,0,0,0,0,0,0,0,0,0,0,0,0,0,0,1,0,0,1,0,1,0,0
respiratory,critical,severe,False,60,1,0,0,0,0,0,0,1,0,1,0,0,0,0,0,0,0,1,1,0,0,0
general,stable,none,False,12,1,0,0,0,0,0,1,0,0,0,0,0,0,0,0,0,0,0,1,0,0,0
stroke,critical,none,False,43,0,0,1,1,0,0,0,0,0,1,0,0,1,0,0,0,0,0,0,0,0,0
burns,urgent,none,False,17,1,0,0,0,0,0,0,0,0,0,0,0,0,0,0,0,0,0,0,0,0,0
pediatric,urgent,mild,False,32,1,0,0,0,0,0,0,0,0,0,0,0,0,0,1,0,0,0,0,1,0,0
trauma,stable,mild,False,29,0,0,0,0,0,0,0,0,0,0,0,0,0,0,0,0,0,1,0,0,0,1
stroke,urgent,none,False,28,1,0,1,0,1,0,0,0,0,0,0,0,1,0,0,0,0,0,0,0,0,0
poisoning,stable,none,False,0,0,0,0,0,0,0,1,0,0,0,0,0,0,0,0,0,0,0,0,0,0,0
stroke,critical,none,False,26,1,0,1,0,0,0,0,0,0,1,0,0,0,0,0,0,0,0,0,0,0,0
pediatric,stable,severe,False,21,0,0,0,0,0,0,0,1,0,0,0,0,0,0,0,0,0,1,0,1,0,1
cardiac,urgent,mild,False,27,1,1,0,0,0,0,0,0,0,1,0,0,0,0,0,0,0,0,0,0,0,0
burns,urgent,none,False,9,1,0,0,0,0,0,0,1,0,0,0,0,0,1,0,0,0,0,0,1,0,0
burns,critical,none,False,28,1,0,0,0,1,0,0,0,0,1,0,0,0,0,0,0,0,0,0,0,0,0
poisoning,critical,none,False,2,1,0,0,0,0,0,1,0,0,1,1,0,0,0,0,1,0,0,0,0,0,0
burns,urgent,none,False,46,1,0,0,0,0,0,0,0,0,0,0,0,0,0,0,0,0,0,0,0,1,0
respiratory,stable,severe,False,62,0,0,0,0,0,1,0,0,0,0,0,0,0,0,0,0,0,1,0,1,1,1
cardiac,critical,none,False,7,1,1,0,0,0,0,1,0,0,1,0,1,0,0,1,0,0,0,0,1,0,0
respiratory,stable,severe,False,26,0,0,0,0,0,0,0,0,1,0,0,0,1,0,0,0,0,0,0,0,1,1
cardiac,urgent,severe,False,67,1,0,0,1,0,0,0,0,0,1,0,0,1,0,0,0,0,0,1,0,1,1
respiratory,urgent,mild,False,51,1,1,0,0,0,0,0,0,1,0,0,0,0,0,0,0,0,0,0,0,0,0
cardiac,urgent,mild,False,49,1,1,0,0,0,0,0,0,0,1,0,0,0,0,0,0,0,0,0,0,0,0
stroke,urgent,none,False,42,0,0,0,0,0,0,0,0,0,0,0,0,1,0,0,0,0,0,0,0,0,0
poisoning,stable,none,False,50,0,0,0,0,0,0,0,0,0,0,0,0,0,1,0,0,0,0,0,0,0,0
stroke,critical,severe,False,35,0,0,1,0,0,0,0,0,0,1,0,0,1,0,1,0,0,1,0,0,0,0
stroke,urgent,none,False,44,0,0,0,0,0,0,0,0,0,0,0,0,0,0,0,0,0,0,0,0,0,0
pediatric,critical,none,False,46,0,0,1,0,0,0,1,0,0,1,0,0,0,0,0,0,0,0,0,0,0,0
pediatric,critical,mild,False,51,1,0,0,0,0,0,0,0,0,1,0,0,1,0,0,0,0,0,0,0,0,0
burns,urgent,mild,False,38,0,0,0,0,1,0,0,0,0,0,0,0,0,0,0,1,0,0,0,0,1,0
poisoning,critical,none,False,41,0,0,0,0,0,0,0,0,0,0,1,0,0,1,0,0,0,0,0,0,0,0
burns,urgent,none,False,45,1,0,0,0,0,0,0,0,0,0,0,0,0,0,0,0,0,0,0,0,0,0
poisoning,urgent,none,False,55,1,0,0,0,0,0,0,0,0,0,0,0,1,0,0,0,0,0,0,0,0,0
respiratory,stable,severe,False,49,0,0,0,0,0,0,1,0,0,0,0,0,0,0,0,1,0,0,1,0,0,1
pediatric,urgent,mild,False,33,1,0,0,0,0,0,1,1,0,0,0,0,0,0,0,0,0,0,0,0,0,0
obstetric,urgent,none,False,25,0,0,0,0,0,1,0,0,0,1,0,0,0,0,0,0,0,0,0,0,0,0
poisoning,critical,none,False,13,0,1,1,0,0,0,1,0,0,0,0,0,0,0,0,1,0,0,0,0,0,0
respiratory,stable,mild,False,43,0,0,0,0,0,0,1,0,0,0,0,0,0,0,0,0,0,0,0,1,0,0
obstetric,stable,none,False,30,0,0,0,0,0,0,1,0,0,0,0,0,0,0,0,0,0,0,0,0,0,0
trauma,urgent,none,True,78,1,0,0,0,0,1,0,0,0,0,0,0,0,0,0,0,0,0,0,0,0,0
obstetric,urgent,severe,True,29,0,0,0,0,0,1,0,0,0,1,0,0,0,0,0,0,0,1,1,0,1,0
obstetric,stable,severe,True,28,0,0,0,0,0,1,0,0,0,0,0,0,0,0,0,0,0,0,0,1,0,0
general,stable,severe,False,33,0,0,0,0,0,0,0,0,0,0,0,0,0,0,0,0,0,0,1,1,0,0
poisoning,stable,none,False,45,0,0,0,0,0,0,0,0,0,0,1,0,0,0,0,0,0,0,0,0,1,0
pediatric,urgent,severe,False,57,1,0,0,0,0,0,0,0,0,0,0,1,0,0,0,0,0,0,1,0,0,0
stroke,stable,none,False,55,0,0,0,0,0,0,0,0,0,0,0,0,0,0,0,0,0,0,0,0,0,0
trauma,urgent,mild,False,69,1,0,1,1,0,0,0,0,0,0,0,0,1,0,1,0,0,0,1,1,0,0
poisoning,urgent,severe,False,30,0,0,0,0,0,0,0,0,0,0,0,0,0,0,0,0,0,0,0,1,0,0
burns,critical,mild,False,0,1,0,0,0,1,0,1,0,0,1,0,0,0,0,0,0,1,0,1,0,1,0
cardiac,stable,none,False,42,0,0,0,0,0,0,0,0,0,0,0,0,0,0,0,0,0,0,0,0,0,0
obstetric,urgent,none,False,18,0,0,0,0,0,0,0,0,0,1,0,0,0,0,0,0,0,0,0,0,0,0
poisoning,critical,mild,False,14,1,0,1,0,1,0,0,0,0,0,1,0,0,0,0,0,0,0,0,0,0,0
stroke,critical,none,False,22,1,0,1,0,0,0,0,0,0,1,1,0,1,0,0,0,0,0,0,0,0,0
pediatric,critical,none,False,13,1,0,0,0,0,0,1,0,0,1,0,0,0,0,0,1,0,0,0,0,0,0
poisoning,urgent,none,False,25,1,0,0,0,0,0,0,1,0,0,0,0,0,0,0,0,0,0,0,0,0,0
respiratory,urgent,none,False,26,1,0,0,0,0,0,0,1,0,0,0,0,0,0,0,0,0,0,0,0,0,1
respiratory,urgent,severe,False,64,1,0,0,0,0,0,0,0,0,0,0,0,0,0,0,1,0,1,0,0,0,0
general,stable,severe,False,62,0,0,0,0,0,0,0,0,0,0,0,0,0,0,0,0,0,1,0,0,0,0
respiratory,urgent,severe,False,44,0,0,0,0,0,0,0,0,1,0,0,0,0,0,0,0,0,0,1,0,0,0
burns,urgent,none,False,46,1,0,0,0,1,0,0,0,0,0,0,0,0,0,0,0,0,0,0,0,0,0
cardiac,urgent,severe,False,30,1,0,0,0,0,0,0,0,0,1,0,0,0,0,0,0,0,1,0,1,1,0
general,critical,none,False,17,1,1,0,0,0,0,0,0,0,1,0,0,0,0,0,0,0,0,0,0,0,0
obstetric,stable,none,True,14,0,0,0,0,0,1,0,0,0,0,0,0,0,0,0,0,0,0,0,0,0,0
respiratory,urgent,none,False,15,1,0,1,0,0,0,0,0,0,0,0,0,0,1,0,0,0,0,0,0,0,0
general,stable,none,False,44,1,0,0,0,0,0,0,0,0,0,0,0,0,0,0,0,0,0,0,0,0,0
general,stable,none,False,20,0,0,0,0,0,0,0,0,0,0,0,0,0,0,0,0,0,0,0,0,1,0
cardiac,critical,none,False,22,1,1,0,0,1,0,0,0,0,1,0,1,0,0,1,0,0,0,0,0,0,0
cardiac,urgent,none,False,27,1,1,0,0,0,0,0,0,0,1,0,1,0,0,0,0,0,0,0,0,1,0
general,urgent,mild,False,26,1,0,0,0,0,0,0,0,0,1,0,0,0,0,0,1,0,0,0,0,0,0
obstetric,critical,mild,False,6,1,0,0,0,0,1,1,1,1,1,0,0,0,0,0,0,0,0,1,0,1,0
respiratory,stable,severe,False,53,0,0,0,0,0,0,0,0,0,0,0,0,0,0,0,0,0,0,0,0,0,1
obstetric,urgent,none,False,38,0,0,0,0,0,1,0,0,0,1,0,0,0,0,0,0,0,0,0,0,0,0
cardiac,urgent,none,False,40,1,1,0,0,0,0,0,0,0,1,0,0,0,0,0,0,0,0,0,0,0,0
cardiac,critical,none,False,39,1,1,0,0,0,0,0,0,0,1,0,0,0,0,1,0,0,0,0,0,0,0
obstetric,urgent,none,False,49,0,0,0,0,0,1,0,1,1,1,0,0,0,0,0,0,1,0,0,0,0,0
trauma,stable,severe,False,58,0,0,0,0,1,0,1,0,1,0,0,0,0,0,0,0,0,1,1,0,0,1
pediatric,stable,mild,False,24,0,0,0,0,0,1,0,0,0,0,1,0,0,0,0,0,0,0,0,0,1,0
pediatric,stable,severe,False,27,0,0,0,0,0,0,1,0,0,0,0,0,0,0,0,0,1,0,0,1,0,1
trauma,critical,mild,False,34,1,0,0,1,0,0,0,0,1,1,0,0,0,0,0,0,0,0,0,1,0,0
stroke,critical,none,False,69,1,0,1,0,0,0,0,0,0,1,0,0,1,0,0,0,0,0,0,0,1,1
pediatric,critical,none,False,27,1,0,0,1,0,0,0,0,0,1,0,0,0,0,0,0,0,0,0,0,0,0
respiratory,critical,none,True,13,1,0,0,0,0,1,0,1,0,1,1,0,0,0,0,0,0,0,0,0,0,0
general,critical,none,False,19,1,0,0,0,0,0,0,0,0,1,0,0,0,0,0,0,0,0,0,0,0,0
poisoning,urgent,mild,False,50,1,0,0,0,0,0,0,0,0,0,0,1,0,0,0,0,0,0,1,0,0,1
respiratory,stable,none,False,21,0,0,0,0,0,0,0,0,0,1,0,0,0,0,1,0,0,0,1,1,0,0
cardiac,critical,severe,False,15,1,1,0,0,0,0,0,0,0,1,0,1,0,0,1,0,0,0,1,1,0,0
stroke,critical,mild,False,25,1,0,1,0,1,0,0,0,0,1,0,0,1,0,0,0,0,0,0,0,0,0
poisoning,urgent,none,False,34,1,0,0,0,0,0,0,0,0,0,0,0,0,0,0,0,0,0,0,0,0,0
trauma,stable,none,False,16,0,0,0,0,0,0,0,0,0,0,0,0,0,0,0,0,0,0,0,0,0,0
respiratory,urgent,severe,False,48,1,0,0,0,1,0,0,1,0,0,0,0,0,0,0,0,0,1,1,1,0,0
burns,stable,none,False,77,0,0,0,0,0,0,0,0,0,0,0,0,0,0,0,0,0,0,0,0,0,0
respiratory,critical,none,False,31,1,0,0,0,0,0,0,1,1,1,1,1,0,0,0,0,0,0,0,0,0,0
cardiac,urgent,severe,False,40,1,0,0,0,0,0,0,0,1,1,0,1,0,1,0,0,0,0,0,1,0,1
respiratory,urgent,none,False,66,1,0,0,0,0,0,0,1,0,0,0,0,0,0,0,0,0,0,0,0,0,0
stroke,urgent,none,False,44,0,0,1,0,0,0,0,0,0,0,0,0,1,0,0,0,0,0,0,0,0,0
trauma,urgent,severe,False,0,1,0,0,0,0,0,0,0,1,0,0,0,0,0,0,0,0,0,0,1,0,0
general,stable,none,False,45,1,0,0,0,0,0,0,0,0,0,0,0,0,0,0,1,0,0,0,0,0,0
burns,urgent,none,False,27,1,0,0,0,0,0,0,0,0,0,0,0,0,0,0,0,0,0,0,1,0,0
trauma,urgent,none,False,57,1,0,0,1,0,0,0,0,0,0,0,0,0,0,0,0,0,0,0,0,0,0
poisoning,stable,mild,False,31,0,0,0,0,0,0,0,0,0,0,0,0,0,0,0,0,0,1,0,0,0,0
respiratory,urgent,severe,False,26,1,0,0,0,0,0,0,1,0,0,0,0,0,0,0,0,0,1,1,1,0,0
burns,critical,none,False,11,1,0,0,0,1,0,1,0,0,1,1,0,0,0,0,0,0,0,0,0,0,0
cardiac,stable,none,False,43,0,0,0,1,0,0,0,0,0,0,0,0,0,0,0,0,0,0,0,0,1,0
pediatric,critical,mild,False,49,0,0,0,0,0,0,1,0,0,1,0,0,0,0,0,0,0,0,0,0,0,0
stroke,urgent,mild,False,25,1,0,0,0,0,0,0,0,0,0,0,0,1,0,0,0,0,1,1,0,0,1
obstetric,urgent,none,False,38,0,0,0,0,0,0,0,0,0,1,0,0,0,0,0,0,0,0,1,0,0,0
stroke,critical,severe,False,29,1,0,1,0,1,0,0,0,0,1,0,0,0,0,0,0,1,0,1,0,0,1
cardiac,stable,none,False,27,0,0,0,0,0,0,0,0,0,0,1,0,0,0,0,0,0,0,0,0,0,0
stroke,urgent,none,False,20,1,0,0,0,0,0,0,0,0,0,0,0,0,0,0,0,0,0,0,0,0,0
burns,urgent,severe,False,71,1,0,0,0,0,0,0,0,0,0,0,0,0,0,0,0,0,1,1,0,0,0
burns,urgent,none,False,58,1,0,1,0,1,0,0,0,0,0,0,0,0,0,0,0,0,0,0,0,0,0
poisoning,stable,none,False,26,0,0,0,0,0,0,0,0,0,0,0,0,0,0,0,0,0,0,0,0,0,0
trauma,critical,none,False,25,1,0,0,1,0,0,0,0,1,1,0,0,0,0,0,0,1,1,0,0,0,0
stroke,stable,none,False,49,0,0,0,0,0,0,0,0,1,0,0,0,0,0,0,0,0,0,0,0,0,0
burns,urgent,severe,False,43,1,0,0,0,1,0,0,0,0,0,0,0,0,0,0,0,0,0,0,0,0,1
pediatric,urgent,none,False,61,1,0,0,0,0,0,1,0,0,0,0,0,0,0,0,0,0,1,0,0,0,0
burns,critical,mild,False,28,1,0,0,0,1,0,0,0,0,1,1,0,0,0,0,0,0,0,0,0,1,0
cardiac,critical,mild,False,23,1,0,0,0,0,0,0,0,1,1,0,1,0,0,1,0,0,0,1,0,0,0
burns,critical,mild,False,47,1,0,0,0,1,0,0,0,0,1,0,0,0,0,0,0,0,0,0,0,0,0
trauma,stable,mild,False,90,0,0,0,0,0,0,0,0,0,0,0,0,0,0,0,0,0,1,0,0,1,0
trauma,critical,mild,False,0,1,0,0,1,0,0,0,0,1,1,0,0,0,0,0,0,1,1,0,0,0,0
general,stable,mild,False,22,1,0,0,0,0,0,0,0,0,0,0,0,0,0,0,0,1,0,0,1,0,0
pediatric,stable,mild,False,58,0,0,0,0,0,0,0,0,0,0,0,0,0,0,0,0,0,1,0,0,0,0
respiratory,urgent,none,False,29,1,0,0,0,0,0,0,0,0,1,0,0,0,0,0,0,0,0,0,0,0,0
trauma,critical,none,False,25,1,0,1,0,0,0,0,0,0,1,0,0,0,0,1,0,0,1,0,0,0,0
burns,urgent,none,False,32,1,0,0,0,0,0,0,1,0,0,1,0,1,0,0,0,0,0,0,0,0,0
poisoning,critical,none,False,62,1,0,0,0,0,0,0,0,0,1,1,0,0,0,0,0,0,0,0,0,0,0
stroke,stable,mild,False,36,0,0,0,0,0,0,0,0,0,0,0,0,0,0,0,0,0,0,0,0,0,0
obstetric,stable,mild,True,32,0,0,0,0,1,1,0,0,0,0,0,0,0,0,0,0,0,0,0,1,0,0
cardiac,urgent,severe,False,17,1,1,0,0,0,1,0,0,0,1,0,0,0,0,0,0,0,1,0,1,1,1
respiratory,urgent,severe,False,50,1,0,1,0,0,0,0,1,0,0,0,0,0,0,0,0,0,1,0,0,0,0
respiratory,urgent,none,False,43,1,0,0,0,0,0,0,0,0,0,0,0,0,0,0,0,0,0,0,0,0,0
burns,stable,severe,False,6,0,0,0,0,0,0,0,0,0,0,0,0,0,0,0,0,0,1,1,1,0,0
stroke,urgent,severe,False,46,0,0,1,0,0,0,0,0,0,0,0,0,1,0,0,0,0,0,0,1,0,1
burns,urgent,mild,False,24,0,0,0,0,1,0,0,0,0,0,0,0,0,1,0,0,0,0,0,0,0,1
pediatric,urgent,none,False,35,1,0,0,0,0,0,1,0,0,0,0,0,0,0,0,0,0,0,0,0,0,1
poisoning,urgent,none,False,13,1,0,0,0,0,0,1,0,0,0,0,0,0,0,0,0,0,0,0,0,0,0
pediatric,urgent,none,False,56,1,0,0,0,0,0,1,0,0,0,0,0,0,0,0,0,0,0,0,0,0,0
burns,stable,severe,True,26,0,0,0,0,0,1,1,0,0,0,0,0,0,0,0,0,0,0,0,1,0,0
poisoning,stable,none,False,13,0,0,0,0,0,0,1,0,0,0,0,0,0,0,0,0,0,0,0,0,0,0
trauma,critical,none,False,23,0,0,0,1,0,0,0,0,1,1,1,1,0,0,0,0,0,0,0,0,0,0
obstetric,stable,none,False,44,0,0,0,0,0,0,0,0,0,0,0,0,0,0,0,0,0,0,0,0,0,0
trauma,urgent,mild,False,67,1,0,1,1,0,0,0,0,0,0,0,0,0,0,0,0,0,0,0,1,0,0
pediatric,critical,none,False,26,0,0,0,0,0,0,1,0,0,1,0,0,0,1,0,0,0,0,0,0,0,0
stroke,urgent,severe,False,51,1,0,1,0,0,0,0,0,0,0,0,0,1,0,0,0,0,0,0,0,0,0
pediatric,critical,none,False,23,1,0,0,1,0,0,1,0,0,1,0,0,0,0,0,0,0,0,0,0,0,0
pediatric,urgent,none,False,31,1,0,0,0,0,0,0,0,0,0,0,0,0,0,0,0,0,0,0,0,0,0
trauma,critical,none,False,71,1,0,0,1,0,0,1,0,0,1,0,0,0,0,1,0,0,0,0,0,0,0
obstetric,critical,mild,True,25,1,0,0,0,0,1,0,0,1,1,0,0,0,0,0,0,0,1,0,0,0,0
cardiac,urgent,none,False,68,1,1,0,0,0,0,0,0,1,1,0,0,0,0,0,0,0,0,0,0,0,0
burns,urgent,mild,False,31,1,0,0,0,1,0,0,0,0,0,0,0,0,0,0,0,0,1,0,1,1,0
general,stable,none,False,75,0,0,0,0,0,0,0,0,1,0,0,0,0,0,0,0,0,0,0,0,0,0
poisoning,urgent,none,False,46,1,0,0,0,0,0,0,0,1,0,0,0,0,0,0,1,0,0,0,0,0,0
cardiac,stable,none,False,38,0,0,0,0,0,0,0,0,0,0,0,0,0,0,0,0,0,1,0,0,0,0
trauma,urgent,none,False,35,1,0,0,1,0,0,0,1,0,0,0,0,0,1,0,0,0,0,0,0,0,0
poisoning,critical,none,False,58,0,0,0,0,0,1,0,0,0,1,0,0,0,0,0,0,0,0,0,0,0,0
stroke,urgent,none,False,35,1,1,0,0,0,0,0,0,0,0,0,0,1,0,0,0,1,0,0,0,0,0
pediatric,stable,severe,False,0,0,0,0,0,0,0,0,0,0,0,1,0,0,1,0,0,0,1,1,1,1,1
cardiac,urgent,none,False,76,1,0,0,0,0,0,0,0,0,1,1,0,0,0,0,0,0,0,0,0,0,0
pediatric,urgent,mild,False,33,1,0,0,0,0,0,1,0,0,0,0,0,0,0,0,0,0,0,0,0,1,0
general,critical,mild,False,4,1,0,0,0,0,0,1,0,0,0,0,0,0,0,0,0,0,0,0,0,0,0
poisoning,urgent,none,False,43,1,0,0,0,0,0,0,0,0,0,0,0,0,0,0,0,0,0,0,0,0,0
stroke,stable,none,False,19,0,0,0,0,1,0,0,0,0,1,0,0,0,0,0,0,0,0,0,0,0,0
trauma,stable,none,False,23,0,0,0,0,0,1,0,0,0,0,0,0,0,0,0,0,0,0,0,0,0,0
respiratory,urgent,severe,False,75,1,0,0,0,0,0,0,0,0,0,0,0,0,0,0,0,0,1,0,1,0,0
poisoning,urgent,none,False,40,1,0,0,0,1,0,0,0,0,0,0,0,0,0,0,1,0,0,1,0,0,0
respiratory,critical,severe,False,59,1,0,0,0,0,0,0,1,0,1,0,0,0,0,1,0,0,0,1,1,1,0
poisoning,urgent,severe,False,49,1,0,0,0,1,0,0,0,0,0,0,0,0,0,0,0,0,0,1,0,1,0
cardiac,urgent,mild,False,42,1,1,0,0,0,0,0,0,1,1,0,0,0,0,0,0,0,1,1,0,0,0
general,urgent,none,False,20,0,0,0,0,0,0,1,0,0,1,0,0,0,0,0,0,0,0,0,0,0,0
poisoning,stable,none,False,17,0,0,0,0,0,0,0,0,0,0,0,0,0,0,0,0,0,0,0,1,0,0
stroke,urgent,mild,True,57,1,0,0,0,0,1,0,0,0,0,0,0,1,0,0,0,0,0,0,0,0,0
obstetric,stable,none,False,10,0,0,0,0,1,0,0,0,0,0,0,0,0,0,0,0,0,0,0,0,0,0
stroke,stable,severe,False,32,0,0,0,0,0,0,0,0,0,0,0,0,1,0,0,0,0,0,1,0,0,0
stroke,urgent,none,False,49,0,0,1,0,0,0,0,0,0,0,0,0,0,0,0,0,0,0,0,0,0,0
poisoning,stable,mild,False,59,0,0,0,0,0,0,0,0,0,0,0,0,0,0,0,0,0,0,0,0,1,0
obstetric,critical,none,False,45,1,0,0,0,0,1,0,0,1,0,0,0,0,0,0,0,0,0,1,0,0,0
stroke,critical,severe,False,29,1,0,1,0,0,0,0,0,0,1,0,0,1,0,0,0,0,1,0,0,1,0
pediatric,stable,none,False,66,0,0,0,0,0,0,0,0,1,0,0,0,0,0,0,0,0,0,0,0,0,1
stroke,critical,none,False,32,1,0,0,0,0,0,0,0,0,1,0,0,1,0,0,0,0,0,0,0,0,0
respiratory,urgent,mild,False,48,1,0,0,0,0,0,0,1,0,0,0,0,0,0,0,0,0,0,0,0,1,0
trauma,stable,none,False,22,0,0,0,0,0,0,0,0,0,0,0,0,0,0,0,0,0,0,0,0,0,0
obstetric,urgent,none,False,14,0,0,0,0,0,1,0,0,0,0,0,0,0,0,0,0,0,0,0,0,0,0
burns,urgent,severe,False,75,1,0,0,0,1,0,0,1,1,0,0,0,0,0,0,0,0,0,1,1,0,1
cardiac,urgent,mild,False,28,1,1,0,0,0,1,0,0,1,1,0,0,0,0,0,0,0,0,0,0,0,0
respiratory,stable,severe,False,33,0,0,0,0,0,0,0,0,0,0,0,0,0,0,0,0,0,1,0,1,1,1
poisoning,critical,mild,False,39,1,0,1,0,0,0,0,0,0,1,0,0,0,0,0,0,0,0,0,0,0,1
general,critical,severe,False,21,1,0,0,0,0,0,0,0,0,1,0,0,0,0,0,0,0,0,0,0,1,1
poisoning,stable,mild,False,31,0,0,0,0,0,0,0,0,0,0,0,0,0,0,0,0,0,0,0,0,0,1
burns,critical,none,False,38,1,0,0,0,1,0,0,0,0,1,1,0,0,0,0,0,0,0,0,0,0,0
general,critical,none,False,47,1,0,0,0,0,0,0,0,0,1,0,0,0,0,0,0,0,0,0,0,0,0
general,urgent,mild,False,28,1,0,0,0,0,0,0,0,0,1,0,0,0,0,0,0,0,1,0,0,0,0
burns,urgent,none,False,72,1,0,0,1,0,0,0,0,0,0,0,0,0,0,0,0,0,0,0,0,0,0
trauma,urgent,mild,False,30,1,0,0,0,0,0,0,0,0,0,0,0,0,0,0,0,0,0,1,0,0,0
respiratory,stable,mild,False,26,0,0,0,0,0,0,0,0,0,0,0,0,0,0,0,0,0,0,1,0,0,0
burns,stable,none,False,38,0,0,0,0,0,0,0,0,1,0,0,0,0,0,1,0,0,0,0,0,0,0
cardiac,critical,none,False,0,1,1,0,0,0,0,1,0,0,1,1,1,0,0,1,0,0,0,0,0,0,0
trauma,urgent,mild,False,49,1,0,0,1,0,0,0,0,0,0,0,0,0,0,0,0,0,0,0,0,0,0
obstetric,stable,mild,False,24,0,0,0,0,0,0,0,0,0,0,0,0,0,0,0,0,0,0,0,0,0,0
stroke,urgent,none,False,18,0,0,1,0,0,0,0,0,0,0,0,0,1,0,0,0,0,0,0,0,0,0
poisoning,urgent,mild,False,31,1,0,0,0,0,0,0,0,0,0,0,0,0,0,0,0,0,0,1,0,0,0
obstetric,critical,none,False,26,0,0,0,0,0,1,0,0,0,1,0,0,0,0,0,1,1,0,1,0,0,0
respiratory,critical,none,False,29,0,0,0,0,0,0,0,0,0,1,1,0,0,0,0,0,0,1,0,0,0,0
general,critical,mild,False,5,1,0,0,0,0,0,1,0,1,1,0,0,0,0,0,0,0,0,0,0,0,0
cardiac,stable,mild,False,50,1,0,0,1,0,0,0,0,0,0,0,0,0,0,0,0,0,1,0,1,1,1
respiratory,critical,severe,False,14,1,0,0,0,0,0,0,1,0,1,0,0,0,0,0,0,0,0,0,0,0,1
poisoning,critical,mild,False,35,1,1,0,0,0,0,0,0,0,1,0,0,0,0,0,0,0,0,0,0,0,1
obstetric,stable,mild,False,41,0,0,0,0,0,0,0,0,0,0,0,0,0,0,0,0,0,0,1,0,0,0
stroke,critical,none,False,63,1,0,1,0,0,0,0,0,0,0,0,0,1,0,0,0,0,0,0,0,0,0
trauma,urgent,severe,False,41,1,0,0,1,0,0,0,0,1,0,0,0,0,0,0,0,0,1,0,1,0,1
poisoning,stable,mild,False,43,0,0,0,0,0,0,0,0,0,0,0,0,0,0,0,0,0,0,1,0,0,0
general,critical,none,False,41,1,0,0,0,0,0,0,0,1,1,0,0,0,0,0,1,0,0,0,0,0,0
trauma,critical,mild,False,56,1,0,0,1,0,1,0,1,1,1,0,0,0,0,0,0,0,0,1,0,0,0
poisoning,stable,none,False,38,0,0,0,0,0,0,0,1,0,0,0,0,0,0,0,0,0,0,0,0,1,0
obstetric,stable,none,False,0,0,0,0,0,0,0,0,0,0,0,0,0,0,0,0,0,0,0,0,1,0,0
poisoning,urgent,none,False,22,0,0,0,0,0,0,0,0,0,0,0,0,0,0,1,0,0,0,0,0,0,0
burns,critical,none,False,41,1,0,0,0,1,0,0,0,0,1,0,0,0,0,0,0,0,0,0,0,0,0
burns,urgent,none,False,19,1,0,0,0,1,0,0,0,0,0,0,0,0,0,0,0,0,0,0,0,0,0
respiratory,urgent,none,False,56,1,1,0,0,0,0,0,1,0,0,0,0,0,0,0,0,0,0,0,0,0,0
cardiac,stable,none,False,38,1,0,0,0,0,0,0,0,1,0,0,0,0,0,0,0,0,0,0,0,0,0
respiratory,urgent,mild,False,38,1,0,0,0,0,0,0,1,0,1,0,0,0,0,0,0,0,0,0,0,0,0
respiratory,critical,mild,False,33,1,0,0,0,0,0,0,0,0,0,1,0,0,0,0,0,0,0,0,1,1,0
stroke,critical,mild,False,36,0,0,1,0,0,0,0,0,1,1,0,0,0,0,0,0,0,1,0,0,1,0
burns,urgent,mild,False,9,1,0,0,0,0,0,1,0,0,0,1,0,0,0,0,0,0,0,0,0,0,0
burns,stable,none,False,6,0,0,0,0,0,0,1,0,0,0,0,0,0,0,0,0,0,0,1,0,0,0
poisoning,urgent,severe,False,46,0,0,0,0,0,0,0,0,0,0,0,0,0,0,0,0,0,1,1,1,1,1
pediatric,stable,none,False,57,0,0,0,0,0,0,0,0,0,0,0,0,0,0,0,0,0,0,0,0,0,0
pediatric,urgent,none,False,26,1,0,0,0,0,1,1,0,1,1,0,0,0,0,0,0,0,0,0,0,0,0
general,urgent,none,False,35,0,0,1,0,0,1,0,0,1,1,0,0,1,0,0,0,0,0,0,0,0,0
general,critical,mild,False,55,0,0,0,0,0,0,0,0,0,1,0,0,0,1,0,0,0,0,0,0,0,0
trauma,stable,severe,False,21,0,0,0,0,0,0,0,0,0,0,0,0,0,0,0,0,0,0,1,0,0,0
cardiac,critical,mild,False,68,1,1,0,0,0,0,0,0,0,1,0,1,0,0,1,0,0,1,0,0,0,0
poisoning,urgent,none,False,62,1,0,0,0,0,1,0,0,0,0,0,0,1,0,0,0,0,0,0,0,0,0
pediatric,critical,severe,False,56,1,0,0,0,0,0,1,0,0,1,0,0,0,0,0,0,0,0,0,1,1,1
cardiac,stable,severe,False,33,1,1,0,0,0,0,0,0,0,0,0,0,0,0,0,0,0,1,0,0,0,1
burns,stable,none,False,2,0,0,0,0,1,0,0,0,0,0,0,0,0,0,0,0,0,0,0,1,0,0
burns,stable,none,False,60,1,0,0,0,0,0,0,0,0,0,0,0,0,0,0,0,1,0,0,0,0,0
obstetric,stable,none,False,57,0,0,0,0,0,0,0,0,0,0,0,0,0,0,0,0,0,0,0,0,0,0
burns,stable,severe,False,22,0,0,0,0,0,0,0,0,0,0,0,0,0,0,0,0,0,0,0,1,0,1
pediatric,stable,mild,False,44,0,0,0,0,0,0,0,0,1,0,0,1,0,0,0,0,0,0,1,0,0,1
poisoning,urgent,none,False,44,1,0,0,0,0,0,0,0,0,0,0,0,0,0,0,0,0,0,0,0,0,0
trauma,critical,mild,False,57,0,0,0,1,0,0,0,0,1,1,0,0,0,0,0,0,1,0,0,0,0,0
trauma,stable,none,False,42,0,0,0,0,0,0,0,0,0,0,0,0,0,0,0,0,0,0,0,0,0,1
respiratory,urgent,none,False,40,1,0,0,0,0,0,0,0,0,0,0,0,0,0,0,0,0,0,1,0,0,0
poisoning,urgent,none,False,15,1,1,0,0,0,0,0,0,0,0,1,0,0,0,0,0,0,0,0,0,0,0
poisoning,urgent,none,False,18,0,0,0,0,0,0,0,0,0,0,1,0,0,0,0,0,0,0,0,0,0,0
trauma,critical,severe,False,74,1,0,1,1,0,0,1,0,1,1,0,0,0,0,0,0,0,0,0,1,1,0
burns,urgent,none,False,62,1,0,0,0,0,0,0,0,0,0,0,0,0,0,1,0,0,0,0,0,0,0
stroke,critical,none,False,66,0,1,1,0,0,0,0,0,0,1,0,0,1,1,0,0,0,0,0,0,0,0
trauma,critical,none,False,37,1,0,0,1,0,1,0,0,1,1,0,0,0,0,0,0,1,1,0,0,0,0
general,urgent,mild,True,32,0,0,1,0,0,1,0,0,0,1,0,0,0,0,0,1,0,0,0,0,1,0
obstetric,critical,none,False,56,1,0,0,0,0,0,0,0,0,1,0,0,0,0,0,0,0,0,1,0,0,0
stroke,urgent,none,False,54,1,0,1,0,0,0,0,0,0,0,0,0,1,0,0,0,0,0,0,0,0,0
cardiac,stable,none,False,50,0,1,0,0,0,0,0,0,0,0,0,0,0,0,0,0,0,0,0,0,0,0
pediatric,critical,none,False,51,1,0,0,0,0,0,1,0,0,1,0,0,0,0,0,0,0,0,0,0,0,0
trauma,urgent,mild,False,27,0,0,0,1,0,0,0,0,0,0,0,0,0,0,0,0,0,0,0,1,0,0
stroke,urgent,none,True,0,1,0,0,0,0,1,1,0,0,0,0,0,1,0,0,0,0,0,0,0,0,0
cardiac,critical,none,False,90,1,0,0,0,0,0,0,0,0,1,0,1,0,0,1,0,0,0,0,0,0,1
pediatric,critical,none,False,14,1,0,1,0,0,0,1,0,1,1,0,0,0,0,0,0,0,0,1,0,0,0
trauma,urgent,mild,True,49,0,0,0,1,0,1,0,0,1,0,0,0,0,0,0,0,0,0,0,0,0,0
general,critical,mild,False,50,1,0,0,0,0,0,0,0,0,1,0,0,0,0,0,0,0,0,0,0,0,0
general,stable,mild,False,21,1,0,0,0,0,0,0,0,1,0,0,0,0,0,0,0,0,0,0,0,0,0
obstetric,urgent,mild,False,53,0,0,0,0,0,0,0,0,0,1,0,0,0,0,0,1,0,0,0,0,0,0
poisoning,stable,none,False,22,0,1,0,0,0,0,0,0,0,0,0,0,0,0,0,0,0,0,0,0,0,0
trauma,urgent,none,False,45,1,0,0,1,0,0,0,0,0,0,0,0,0,0,0,0,0,0,0,0,0,0
general,urgent,mild,False,55,1,0,0,0,0,0,0,0,0,1,0,0,0,0,0,0,0,0,1,0,0,0
stroke,stable,none,False,14,0,0,1,0,0,0,0,0,1,0,0,0,0,0,0,0,0,0,0,0,0,0
poisoning,urgent,none,False,40,1,0,0,0,0,1,1,0,0,0,0,0,0,0,0,0,0,0,0,0,0,0
burns,stable,severe,False,53,0,0,0,0,0,0,0,0,0,1,0,0,0,0,0,0,0,0,0,1,1,0
pediatric,stable,none,False,22,0,0,0,0,0,0,0,0,0,0,0,0,0,0,0,0,0,0,0,0,0,0
trauma,urgent,none,False,48,1,0,0,0,0,0,0,0,0,0,0,1,0,0,0,0,0,0,0,0,0,0
burns,urgent,mild,False,10,1,0,0,0,1,0,1,1,0,0,0,0,0,0,0,0,0,0,0,0,0,0
general,critical,mild,False,54,1,0,0,0,0,0,0,0,0,1,0,0,0,0,0,0,0,0,0,1,0,0
poisoning,stable,severe,False,54,0,1,0,0,0,0,0,0,0,0,0,0,0,0,0,0,0,0,0,0,1,0
cardiac,urgent,severe,False,32,0,0,1,0,0,0,0,0,0,1,0,0,0,0,0,0,0,0,1,0,0,0
stroke,stable,severe,False,55,0,0,1,0,0,0,0,1,0,0,0,0,0,1,0,0,0,0,0,0,0,1
trauma,urgent,none,False,65,1,1,0,0,0,0,0,0,0,0,0,0,0,0,0,0,0,0,0,0,1,0
obstetric,stable,severe,False,13,0,0,0,0,0,0,0,0,0,0,0,0,0,0,1,0,0,1,1,1,1,0
pediatric,stable,none,False,5,0,0,0,0,0,0,1,0,0,0,0,0,0,0,0,0,0,0,0,0,0,0
burns,critical,none,False,36,1,0,0,0,1,0,0,0,0,1,1,0,1,0,0,0,0,0,0,0,0,0
poisoning,urgent,severe,False,41,1,0,0,0,0,0,0,1,0,0,0,0,0,0,0,0,0,0,0,1,0,0
general,urgent,none,False,0,1,1,0,0,0,0,1,0,0,0,0,0,0,0,0,0,0,0,0,0,0,0
obstetric,stable,none,False,64,0,1,0,0,0,0,0,0,0,0,1,0,0,0,0,0,0,0,0,0,0,0
obstetric,stable,none,False,34,0,0,0,0,0,0,0,0,0,0,0,0,0,0,0,0,0,0,0,0,0,0
pediatric,stable,severe,False,27,0,0,0,0,0,0,0,0,1,0,0,0,0,0,0,0,0,1,0,1,0,0
trauma,stable,none,False,36,0,0,1,0,0,0,0,0,0,0,0,0,0,0,0,0,0,0,0,0,0,0
pediatric,critical,none,False,34,0,0,0,0,0,0,1,0,0,1,0,0,0,0,0,0,0,0,0,0,0,0
trauma,stable,mild,False,49,0,0,0,0,0,0,0,0,0,0,0,0,0,0,0,0,0,0,0,0,0,0
cardiac,stable,none,False,37,1,1,0,0,0,0,0,0,0,0,0,0,0,0,0,0,0,0,0,0,0,0
burns,urgent,none,False,29,0,0,0,0,1,0,1,0,0,0,0,0,0,0,0,0,0,0,1,0,0,0
cardiac,stable,none,False,11,1,0,0,0,0,0,0,0,0,0,0,0,0,0,0,0,0,0,0,0,0,0
general,urgent,none,False,16,0,0,0,1,0,0,0,0,0,1,0,0,0,0,0,0,0,0,0,0,0,0
respiratory,urgent,none,False,40,1,0,0,0,0,0,0,1,0,0,0,0,0,0,0,0,0,0,0,0,0,0
obstetric,stable,none,False,38,0,0,0,1,0,0,0,0,0,0,0,0,0,0,0,0,0,0,0,0,0,0
stroke,critical,none,True,13,0,0,1,0,0,0,0,0,0,0,0,0,1,0,0,0,0,1,0,0,0,0
obstetric,stable,none,False,42,0,0,0,0,0,0,0,0,0,0,0,1,0,0,0,0,0,0,0,0,0,0
trauma,urgent,none,False,34,1,0,0,0,0,0,0,1,0,0,0,0,0,0,0,0,0,0,0,0,0,0
pediatric,stable,mild,False,55,0,0,0,0,0,0,0,0,1,0,1,0,0,0,0,0,0,1,0,0,0,0
trauma,urgent,none,False,0,1,1,0,1,0,0,1,0,1,0,0,0,0,0,0,0,0,0,0,0,0,0
stroke,stable,none,False,59,0,0,0,0,0,0,0,0,1,0,0,0,0,1,0,0,0,0,0,0,0,0
cardiac,urgent,none,False,55,1,0,0,0,0,0,0,0,0,1,0,0,0,0,0,0,0,0,0,0,0,0
trauma,critical,severe,False,68,0,0,0,1,0,0,0,0,1,1,0,0,0,0,0,1,0,1,1,1,1,1
poisoning,critical,none,False,24,1,0,0,0,1,0,0,0,0,1,0,0,0,1,0,0,0,0,0,0,0,0
obstetric,urgent,mild,False,37,0,0,0,0,0,1,0,0,0,1,0,1,0,0,0,0,0,1,0,0,0,0
pediatric,stable,severe,False,52,0,0,0,0,0,0,0,0,0,0,1,0,0,0,0,0,0,0,1,0,1,1
pediatric,urgent,mild,False,41,1,0,0,0,0,0,1,0,0,0,0,0,0,0,0,0,0,0,1,0,0,1
obstetric,stable,none,False,16,0,1,0,0,0,0,0,0,0,0,0,0,0,0,0,0,0,0,0,0,0,0
pediatric,stable,none,False,44,0,0,0,0,0,0,0,0,0,0,0,0,0,0,0,0,0,0,0,0,0,0
burns,stable,mild,False,40,0,0,0,0,0,0,0,0,0,0,0,0,0,0,0,0,0,0,0,1,0,0
trauma,urgent,severe,False,79,1,0,0,0,0,0,0,0,0,0,0,0,0,0,0,0,0,0,1,1,0,0
respiratory,stable,none,False,70,0,0,0,0,0,0,0,0,0,0,0,0,0,0,0,0,0,0,0,0,0,0
stroke,critical,none,False,26,1,0,0,0,1,0,0,0,0,1,0,1,1,0,0,0,0,0,0,0,0,0
general,urgent,none,False,0,1,0,0,0,0,0,1,0,0,1,0,0,0,0,0,0,0,0,0,0,0,0
trauma,urgent,none,False,31,1,0,0,1,0,0,0,0,0,0,0,0,0,0,0,0,0,0,0,1,0,0
obstetric,urgent,severe,False,38,0,0,0,0,0,1,0,0,0,1,0,0,0,0,0,0,0,0,1,1,1,1
cardiac,stable,severe,False,33,1,0,0,0,0,0,0,0,0,0,0,0,0,0,0,0,0,0,0,0,0,1
trauma,urgent,none,False,26,1,0,0,0,0,0,0,0,0,0,0,0,0,0,0,0,0,0,0,0,0,0
general,urgent,mild,False,61,0,0,0,0,0,0,0,0,0,1,0,0,0,0,0,0,0,0,0,0,0,0
respiratory,urgent,mild,False,32,0,0,0,0,0,0,0,1,0,0,0,0,0,0,0,0,0,0,0,0,0,0
poisoning,urgent,none,False,49,1,0,0,0,0,0,0,0,0,0,0,0,0,0,0,0,0,0,0,0,0,0
burns,stable,none,False,30,0,0,0,0,0,0,0,0,0,0,0,0,0,0,0,0,0,0,0,0,0,0
cardiac,stable,mild,False,69,1,1,0,0,0,0,0,0,0,0,0,0,0,0,0,0,0,0,0,0,0,1
general,stable,none,False,12,0,0,0,0,0,0,1,0,0,0,0,0,0,0,0,0,0,0,0,0,0,0
stroke,urgent,severe,False,26,1,0,0,0,0,0,0,0,1,0,0,0,0,0,0,0,1,0,1,1,1,1
respiratory,critical,none,False,54,1,0,0,0,0,0,0,1,1,0,1,0,0,0,0,0,0,0,0,0,0,0
cardiac,critical,mild,False,66,1,0,0,0,0,1,0,0,1,0,0,1,0,0,1,0,0,1,1,0,0,0
respiratory,critical,mild,False,25,1,0,0,0,0,0,0,1,0,1,1,0,0,0,0,0,0,0,0,1,1,0
obstetric,critical,none,True,25,1,0,0,0,0,0,0,0,1,0,0,0,0,0,0,0,0,0,0,0,0,0
respiratory,critical,mild,False,14,1,0,0,0,0,0,0,0,0,1,1,0,0,0,0,0,0,0,0,1,0,0
stroke,stable,severe,False,38,0,0,0,0,0,0,0,0,0,0,0,0,0,0,0,0,0,1,1,0,1,0
trauma,stable,mild,False,26,0,0,0,0,0,0,0,1,0,0,0,0,0,0,0,0,0,1,0,0,0,0
poisoning,critical,none,False,51,1,0,0,0,0,0,0,0,0,1,1,0,0,0,0,1,0,0,0,0,0,0
pediatric,urgent,none,False,17,0,0,0,0,0,0,1,0,0,0,0,0,0,1,0,0,0,0,0,0,0,0
cardiac,stable,none,False,37,1,1,0,0,0,0,0,0,0,0,0,0,0,0,0,0,0,1,0,0,0,0
stroke,urgent,mild,False,37,0,0,0,0,1,0,0,0,0,0,0,0,1,0,0,0,0,0,0,0,0,0
trauma,stable,none,False,61,1,0,0,0,0,0,0,0,0,0,1,0,0,0,0,0,0,0,0,0,0,0
trauma,critical,none,False,33,1,0,0,1,0,0,0,0,1,1,0,0,0,0,0,0,0,0,0,0,1,0
cardiac,stable,none,False,5,0,1,0,0,0,0,1,0,0,0,0,0,0,0,0,0,0,0,0,0,0,0
general,urgent,mild,False,64,1,0,0,0,0,0,0,0,0,1,0,0,0,0,0,0,0,0,1,0,0,0
cardiac,critical,none,False,50,1,1,0,0,0,0,0,0,0,0,0,1,0,0,1,0,0,0,0,0,0,0
poisoning,stable,severe,False,48,0,0,0,0,0,0,0,0,0,0,0,0,0,0,0,0,0,0,1,0,1,0
burns,urgent,severe,False,46,1,0,0,0,0,0,0,1,0,0,0,0,0,0,0,0,0,1,1,1,0,0
obstetric,critical,none,False,47,0,0,0,0,0,1,0,0,1,1,0,0,0,0,0,0,0,0,1,0,1,0
pediatric,stable,severe,False,50,0,0,0,0,0,0,0,0,0,0,0,0,0,0,0,0,0,0,1,0,0,1
poisoning,stable,severe,False,64,0,0,0,0,0,0,1,0,0,0,0,0,0,0,0,0,0,1,0,1,1,0
trauma,stable,none,False,32,0,0,1,0,0,0,0,0,0,0,0,0,0,0,0,0,0,0,0,0,0,0
obstetric,urgent,none,True,19,0,0,0,0,1,1,0,0,0,1,0,0,0,0,0,0,0,0,0,0,0,0
pediatric,critical,severe,False,42,1,0,0,0,0,0,1,0,0,1,0,0,0,0,0,0,0,0,1,0,1,1
stroke,critical,none,False,20,1,0,0,0,0,0,0,0,0,1,0,0,1,0,0,0,0,0,1,0,0,0
general,urgent,none,False,31,1,0,0,0,0,0,0,0,0,1,0,0,0,0,0,0,0,0,0,0,0,0
cardiac,critical,none,False,44,0,1,0,0,0,0,0,0,0,1,0,0,0,0,1,1,0,0,0,0,0,0
general,stable,none,False,2,0,0,0,0,0,0,1,0,1,0,0,0,0,0,0,0,0,0,0,1,0,0
stroke,critical,none,False,58,0,0,0,0,0,0,0,0,0,1,0,1,1,0,0,0,0,0,0,0,0,0
general,urgent,mild,False,27,0,0,0,0,0,0,0,0,1,1,0,0,0,0,0,0,0,1,1,0,0,0
stroke,critical,none,False,9,1,0,1,0,0,0,0,0,0,1,0,0,1,0,0,0,0,0,0,0,0,0
pediatric,urgent,none,False,24,0,0,0,0,0,0,1,0,0,0,0,0,0,0,0,0,0,0,0,1,0,0
cardiac,critical,none,False,49,1,0,0,0,0,0,0,0,1,1,0,0,0,0,1,0,0,0,0,1,0,1
trauma,urgent,mild,False,26,1,0,0,1,0,1,0,0,0,0,0,0,0,0,0,0,0,0,0,0,0,0
general,stable,none,False,7,0,0,0,0,0,0,1,0,0,0,0,0,0,0,0,0,0,0,0,0,0,0
stroke,urgent,mild,False,2,0,0,1,0,0,0,1,0,0,0,0,0,0,0,0,0,0,0,0,1,1,0
cardiac,critical,mild,False,40,1,1,0,0,0,0,0,0,0,1,0,1,0,0,1,0,0,0,0,0,0,0
pediatric,critical,mild,False,9,1,0,0,0,0,0,1,0,1,1,0,0,0,0,0,0,0,0,0,0,0,0
burns,urgent,none,False,17,1,0,0,0,0,0,0,0,0,0,0,0,0,0,0,0,0,0,0,0,1,0
trauma,critical,none,False,58,1,0,0,0,0,0,0,0,1,1,0,0,0,0,1,0,0,1,0,0,0,0
general,stable,mild,False,44,1,0,1,0,0,0,0,0,0,0,0,0,0,0,0,0,0,0,0,0,0,0
trauma,urgent,none,False,0,1,0,0,1,0,0,1,0,0,1,0,0,0,0,0,0,0,0,0,0,0,0
obstetric,critical,none,False,50,1,0,0,0,0,1,0,0,0,1,1,0,0,0,0,0,1,0,0,0,0,0
cardiac,critical,none,False,22,1,1,0,0,1,0,0,0,1,1,0,1,0,0,1,0,0,0,0,0,0,0
burns,urgent,mild,False,66,1,0,0,0,0,0,0,0,0,1,0,0,0,0,1,0,0,0,0,0,1,0
general,stable,none,False,38,0,1,0,0,0,0,0,0,0,0,0,0,0,0,0,0,0,1,0,0,0,0
poisoning,urgent,none,False,29,1,0,0,0,0,0,0,0,0,0,0,0,0,0,0,0,0,0,0,0,0,0
cardiac,urgent,none,False,24,1,0,0,0,0,0,0,0,0,1,0,0,0,0,0,0,0,0,0,0,0,0
cardiac,critical,mild,False,23,1,1,0,0,0,0,0,0,0,1,0,0,0,0,1,0,0,0,0,0,0,0
burns,stable,none,False,0,0,0,0,0,0,0,0,0,0,0,0,0,0,0,0,1,0,0,0,0,0,0
pediatric,urgent,none,False,60,1,0,0,0,0,0,1,0,0,0,0,0,0,0,0,0,0,0,0,0,0,0
burns,stable,none,False,52,0,0,0,0,0,0,0,0,0,0,0,0,0,0,0,0,0,0,0,0,0,0
cardiac,urgent,none,False,28,1,1,0,0,0,0,0,0,0,1,0,0,0,0,0,0,0,0,1,0,0,0
respiratory,stable,none,True,62,0,0,0,0,0,0,0,0,0,0,0,0,0,0,0,0,0,0,0,0,0,0
trauma,urgent,none,False,32,1,0,0,1,0,1,0,0,0,0,0,0,0,0,0,0,0,0,0,0,0,0
poisoning,stable,none,False,66,0,0,0,0,0,0,0,0,0,0,0,0,0,0,0,0,0,0,1,0,0,0
general,critical,none,False,82,1,0,0,0,0,0,0,0,0,1,0,0,0,0,0,0,0,0,0,0,0,0
cardiac,critical,none,False,55,1,1,1,0,0,0,0,0,1,1,0,1,0,0,0,0,0,0,0,0,0,0
cardiac,urgent,mild,True,10,1,1,0,0,0,1,1,0,0,1,0,0,0,0,0,0,0,0,0,0,0,0
pediatric,critical,none,False,33,0,0,0,0,0,0,1,0,0,0,0,0,0,0,0,0,0,0,0,0,0,0
burns,urgent,none,False,43,0,0,0,0,1,0,0,0,0,0,0,1,0,0,0,0,0,0,0,0,0,0
general,critical,severe,False,31,1,0,0,0,0,0,0,0,1,1,0,0,0,0,0,0,0,0,1,1,0,1
trauma,stable,none,False,39,0,0,0,0,0,0,0,0,1,0,0,0,0,0,0,0,0,0,0,0,0,0
pediatric,stable,none,False,24,0,0,0,0,0,0,0,0,0,0,0,0,0,1,0,0,0,0,0,0,0,0
general,critical,none,False,36,0,0,0,0,0,0,0,0,0,1,0,0,0,0,0,0,0,0,0,0,0,0
respiratory,urgent,mild,False,24,1,0,0,0,0,0,0,0,0,0,0,0,0,0,0,0,0,0,0,1,0,0
trauma,stable,none,False,49,0,0,0,0,0,0,0,0,0,0,0,0,0,0,0,0,0,0,0,0,0,0
burns,stable,none,False,26,0,0,0,0,0,0,0,0,0,0,0,0,0,0,0,0,0,0,0,0,0,0
obstetric,critical,severe,False,52,1,0,0,0,0,0,0,0,1,1,0,0,0,0,0,0,1,0,0,0,1,0
stroke,urgent,none,False,63,1,1,1,0,0,0,0,0,0,0,0,1,1,0,0,0,0,0,0,0,0,0
pediatric,critical,mild,False,53,1,0,0,0,0,0,1,0,0,1,0,0,0,0,1,0,0,0,0,0,0,0
stroke,stable,none,False,55,0,0,0,0,0,0,0,0,0,0,0,0,0,0,0,0,0,0,0,0,0,0
obstetric,urgent,none,False,57,0,0,0,0,0,0,1,0,0,1,0,0,0,0,0,0,0,0,1,0,0,0
general,urgent,none,False,8,1,0,0,0,0,0,1,0,0,1,0,0,0,0,0,0,1,0,0,0,0,1
cardiac,critical,severe,False,19,1,1,0,1,0,0,0,0,0,1,0,0,0,0,1,0,0,0,1,1,0,0
stroke,stable,mild,False,36,0,0,0,0,0,0,0,0,0,0,0,0,0,0,0,0,0,0,0,0,0,1
burns,urgent,none,False,32,1,0,0,0,0,0,0,0,0,0,0,0,0,0,0,0,0,1,0,0,0,0
obstetric,stable,mild,False,17,0,0,0,0,0,0,0,0,0,0,0,0,0,0,0,0,0,0,0,1,0,0
poisoning,critical,mild,False,25,1,0,0,0,0,0,1,0,0,1,0,0,0,0,0,0,0,0,0,0,0,0
pediatric,critical,none,False,35,1,0,0,0,0,0,1,0,0,1,0,0,0,0,0,0,0,1,0,0,0,0
cardiac,stable,none,False,45,1,0,0,0,0,0,0,0,0,0,0,0,0,0,0,0,0,0,0,0,0,0
trauma,urgent,severe,False,80,1,0,0,0,0,0,0,0,0,0,0,0,0,0,0,0,0,0,0,0,1,0
stroke,urgent,none,False,34,1,0,1,0,0,0,0,0,0,0,0,0,1,0,0,0,0,0,0,0,1,0
pediatric,stable,severe,False,20,0,0,0,0,1,0,0,0,0,0,0,0,0,0,0,0,0,0,0,1,1,0
stroke,stable,none,False,42,0,0,0,1,0,0,0,0,0,0,0,0,1,0,0,0,0,0,0,0,0,0
stroke,stable,severe,False,58,0,0,0,0,0,0,0,0,0,0,0,0,0,0,0,0,0,1,1,1,1,1
cardiac,critical,none,False,42,1,1,0,1,0,0,0,0,0,1,0,1,0,0,1,0,0,0,0,0,0,0
trauma,urgent,none,False,43,1,0,0,0,0,0,0,0,0,0,0,0,0,0,0,0,0,0,0,0,1,0
cardiac,critical,mild,False,54,1,1,0,0,0,0,0,0,0,1,0,1,0,0,1,0,0,0,0,0,0,0
respiratory,critical,none,False,41,1,0,0,0,0,0,0,0,0,1,1,0,0,0,0,0,0,0,0,0,0,0
pediatric,urgent,none,False,31,1,0,0,0,0,0,1,0,0,0,0,0,0,0,0,0,0,0,0,0,0,0
burns,urgent,none,False,15,1,0,0,0,1,0,0,0,0,0,0,1,0,0,0,0,0,0,0,0,0,0
cardiac,critical,mild,False,30,1,1,0,0,0,0,0,0,0,1,0,1,0,0,1,0,0,0,0,1,0,1
obstetric,critical,none,True,9,1,0,0,0,0,1,0,0,1,1,0,0,0,0,0,0,0,0,1,1,0,0
burns,urgent,mild,True,61,1,0,0,0,1,1,0,0,0,0,0,0,0,0,0,0,0,0,1,0,0,0
obstetric,stable,none,False,13,0,0,0,0,0,0,1,0,0,0,1,0,0,0,0,0,0,0,0,0,0,0
cardiac,stable,none,False,58,1,0,1,0,0,0,0,0,0,0,0,0,0,0,0,0,0,0,0,0,0,0
pediatric,stable,mild,False,23,0,0,0,0,0,0,0,0,0,0,0,0,0,0,0,0,0,0,0,0,1,0
obstetric,critical,severe,False,14,1,0,0,0,0,1,0,0,1,1,0,0,1,0,0,0,1,1,1,0,1,1
poisoning,critical,mild,False,0,1,0,0,0,0,0,1,1,0,1,1,0,0,0,0,0,1,0,1,0,0,0
general,stable,none,False,55,0,0,0,0,0,0,0,0,1,0,0,0,0,0,0,0,0,0,0,0,0,0
stroke,stable,none,False,37,0,1,0,1,0,0,0,0,0,0,0,0,0,0,0,0,0,0,0,0,0,0
cardiac,stable,none,False,48,1,0,0,0,0,0,0,0,0,0,0,0,0,0,0,0,0,0,0,0,0,0
poisoning,critical,none,False,18,1,0,1,0,0,0,0,0,0,1,1,0,0,0,1,0,0,0,0,0,0,0
general,critical,none,False,63,1,0,0,0,0,0,0,0,0,1,0,0,0,0,0,0,0,0,0,0,0,0
pediatric,urgent,none,False,55,1,0,0,0,0,0,0,0,0,0,0,0,0,0,0,0,0,0,0,0,0,0
general,stable,mild,False,85,1,0,0,0,0,0,0,0,0,0,0,0,0,0,0,0,0,0,0,0,0,0
cardiac,critical,mild,False,51,1,0,0,1,0,0,0,0,0,1,0,1,0,0,1,1,0,0,0,0,0,0
stroke,urgent,none,False,35,1,0,1,0,0,0,0,0,0,0,0,0,1,0,0,0,0,0,0,0,0,0
burns,urgent,none,False,7,1,0,0,0,1,0,1,0,0,0,0,0,1,0,0,0,0,0,0,0,0,0
general,urgent,none,False,27,1,0,0,0,0,0,0,0,0,0,0,0,0,0,0,0,0,0,0,0,0,0
trauma,urgent,none,False,33,1,0,0,1,0,0,0,0,0,0,0,0,0,0,0,0,0,0,0,0,1,0
poisoning,urgent,mild,False,10,1,0,0,0,0,0,0,0,1,0,0,0,0,0,0,0,0,0,0,0,0,0
stroke,urgent,none,False,34,1,0,1,0,0,0,0,0,0,0,0,0,0,0,0,0,0,0,0,0,0,0
respiratory,stable,mild,False,29,0,0,0,0,0,0,0,0,0,0,0,0,0,0,0,0,0,1,0,0,0,0
stroke,critical,mild,False,30,1,0,1,0,0,0,0,0,0,0,0,0,1,0,0,1,0,0,0,1,0,0
respiratory,urgent,severe,False,43,1,0,0,0,0,0,0,1,0,0,0,0,0,0,0,0,0,1,0,1,1,1
pediatric,urgent,severe,False,25,1,0,0,0,0,0,1,0,0,0,0,0,0,0,0,0,0,0,1,1,1,1
cardiac,stable,mild,False,39,0,0,0,0,0,0,0,0,0,0,0,0,0,0,0,0,0,0,0,0,1,0
stroke,critical,none,False,7,1,0,1,0,0,0,1,0,0,1,0,0,1,0,0,0,0,0,0,0,0,0
cardiac,urgent,none,False,27,1,0,0,0,0,0,0,0,1,0,0,0,0,0,0,0,0,0,0,1,0,0
poisoning,critical,none,True,62,1,0,0,0,0,0,0,0,1,1,0,0,0,0,0,1,0,1,0,0,0,0
obstetric,urgent,none,False,30,0,0,0,1,0,1,0,0,0,1,0,0,0,1,0,0,1,0,0,0,0,0
respiratory,urgent,none,False,30,1,0,0,0,0,0,0,0,1,0,0,0,0,0,0,0,0,1,0,0,0,0
cardiac,stable,severe,False,28,1,0,0,0,0,0,0,0,0,0,0,0,0,0,0,0,0,1,1,0,1,1
burns,urgent,mild,False,12,1,0,0,0,1,0,1,0,0,0,0,0,1,0,0,0,1,0,0,0,0,0
trauma,urgent,none,False,0,1,0,0,0,0,0,0,0,0,0,0,0,0,0,0,1,0,0,0,0,0,0
general,stable,none,False,26,1,0,0,1,0,0,0,0,0,0,0,0,0,0,0,0,0,0,0,0,0,0
poisoning,urgent,severe,False,22,1,0,0,0,0,0,0,0,1,0,0,0,0,0,0,0,0,0,0,1,1,1
pediatric,stable,none,False,47,0,0,0,0,0,0,0,0,0,0,0,0,0,0,0,0,0,0,0,0,0,0
burns,critical,none,False,27,1,0,0,0,1,0,0,0,0,1,1,0,0,0,0,0,0,0,0,0,0,0
stroke,urgent,none,False,30,1,0,0,0,0,1,0,0,0,0,0,0,1,0,0,0,0,0,1,0,0,0
stroke,critical,mild,False,47,1,0,0,0,0,0,0,0,0,1,0,0,1,0,0,0,0,0,0,0,1,0
stroke,urgent,none,False,48,1,0,0,0,0,0,0,0,0,0,0,0,0,0,0,0,0,0,0,0,0,0
burns,urgent,mild,False,17,1,1,0,0,1,0,0,0,0,0,0,0,0,0,0,0,0,0,0,0,0,1
cardiac,urgent,none,False,34,1,0,0,0,0,0,0,0,0,1,0,0,0,0,0,0,0,0,0,0,0,0
pediatric,urgent,mild,False,35,1,0,0,0,0,0,0,0,1,0,0,0,0,0,0,0,0,0,0,0,1,0
obstetric,stable,none,False,62,0,0,0,0,0,0,0,0,0,0,0,0,0,0,0,0,0,0,0,0,0,0
poisoning,stable,mild,False,31,0,0,0,0,0,0,0,0,0,0,0,0,0,0,0,0,0,0,0,0,0,0
burns,urgent,none,False,61,1,0,0,0,1,0,0,0,0,0,0,0,0,0,0,0,0,0,1,0,0,0
burns,stable,none,False,32,0,0,0,0,0,0,0,0,0,0,0,0,0,0,0,0,0,0,0,0,0,0
obstetric,urgent,none,False,30,0,0,0,0,0,1,0,0,0,1,0,0,0,0,0,0,0,0,0,0,0,0
pediatric,urgent,none,False,20,0,0,0,0,0,0,0,0,0,1,0,0,0,0,0,0,0,0,0,0,0,0
pediatric,urgent,none,False,24,0,0,0,0,0,0,1,0,0,0,0,1,0,0,0,0,0,0,0,0,0,0
cardiac,urgent,none,False,28,1,1,0,0,0,0,0,0,0,1,0,0,0,0,0,0,0,0,0,0,0,0
burns,urgent,mild,False,15,1,0,0,0,1,0,0,0,0,0,0,0,0,0,0,0,0,0,0,0,0,0
general,critical,none,False,22,0,0,1,0,0,0,0,0,0,1,0,0,0,0,0,0,0,0,0,0,0,0
pediatric,stable,mild,False,54,1,0,0,0,1,0,0,0,0,1,0,0,0,0,0,0,0,1,0,1,0,0
obstetric,stable,none,False,28,0,0,0,0,0,0,0,0,0,0,0,0,0,0,0,0,0,0,0,0,0,0
trauma,critical,severe,True,16,1,0,0,1,0,0,0,0,0,1,0,0,0,0,0,0,0,0,0,0,1,0
poisoning,critical,none,False,20,1,0,0,0,0,0,0,0,0,1,0,0,0,0,0,0,0,0,0,0,0,0
burns,critical,severe,False,45,0,0,0,0,1,0,0,0,0,1,0,0,0,0,0,1,0,0,1,0,1,1
cardiac,critical,none,False,43,1,1,0,0,0,0,0,0,0,1,0,1,0,0,1,0,0,0,1,0,0,0
obstetric,urgent,none,False,58,0,0,0,0,1,1,0,0,1,0,0,0,0,0,0,0,0,0,0,0,0,0
poisoning,critical,none,False,48,1,0,0,0,0,0,0,0,0,1,1,0,0,0,0,0,0,1,0,0,0,0
stroke,critical,mild,False,29,1,0,1,0,0,0,0,0,0,1,0,0,1,0,0,0,0,0,0,0,0,0
respiratory,critical,none,False,48,0,0,0,0,0,0,0,1,0,1,1,0,0,0,0,0,0,0,0,0,0,0
respiratory,urgent,none,False,59,1,0,0,0,0,0,0,1,0,1,0,0,0,0,0,0,0,0,0,0,0,0
stroke,critical,mild,False,50,1,0,1,0,0,0,0,0,0,1,0,0,1,0,0,0,0,0,0,0,0,0
burns,critical,none,False,39,1,0,0,0,1,0,0,0,0,1,0,1,0,0,0,0,0,0,0,0,0,0
pediatric,stable,none,False,7,0,0,0,0,0,0,1,1,0,0,0,0,0,0,0,0,0,0,0,0,0,0
trauma,stable,severe,False,49,0,0,0,0,0,0,0,0,0,0,0,0,1,0,0,0,0,1,0,0,1,1
pediatric,urgent,none,False,64,1,0,0,0,0,0,1,0,1,1,0,0,0,0,0,0,0,0,0,0,0,0
general,urgent,none,False,36,1,0,0,0,0,0,0,0,0,1,0,0,0,0,0,0,0,0,0,0,0,0
pediatric,urgent,none,False,0,0,0,0,0,0,0,0,0,0,0,0,0,0,0,1,0,0,1,0,0,0,0
respiratory,urgent,none,False,8,1,0,0,0,0,0,1,1,0,0,0,0,0,0,0,0,0,0,0,0,0,0
respiratory,critical,mild,False,40,1,0,0,0,0,0,0,1,0,1,0,0,0,0,0,0,0,1,1,0,1,0
obstetric,stable,none,True,74,0,0,1,0,0,1,0,0,0,0,0,0,0,0,0,0,0,0,0,0,0,1
general,urgent,severe,False,34,1,0,0,0,0,0,0,0,0,1,0,0,0,1,0,0,0,0,0,1,0,1
burns,urgent,none,False,29,1,0,0,0,1,0,0,0,0,0,0,0,0,0,0,0,0,0,0,0,0,0
trauma,critical,none,False,40,1,0,1,1,0,0,0,0,0,1,0,0,0,0,0,0,1,1,0,0,0,0
poisoning,stable,none,False,39,0,0,0,0,0,0,0,0,1,0,0,0,1,0,0,0,0,0,0,0,0,0
cardiac,stable,none,False,15,1,0,0,0,0,0,0,0,0,0,0,0,0,0,1,0,0,1,0,0,0,1
pediatric,critical,mild,False,0,1,0,0,0,0,0,1,0,0,0,0,0,0,0,0,0,0,0,0,1,1,1
obstetric,stable,none,False,71,0,0,0,0,0,0,0,0,0,0,0,0,0,0,0,0,0,0,0,0,0,0
burns,critical,none,False,55,1,0,0,1,1,0,0,0,0,0,0,0,0,0,0,0,0,0,0,0,0,0
stroke,critical,mild,False,47,1,0,1,0,0,0,0,0,0,1,0,0,1,0,0,0,0,0,0,0,0,0
trauma,urgent,severe,False,90,1,0,0,0,0,0,0,0,0,0,0,0,0,0,0,0,0,0,0,0,1,0
respiratory,urgent,mild,False,32,1,0,0,0,0,0,1,0,0,0,0,0,0,0,0,0,0,0,0,0,0,0
cardiac,stable,none,False,50,1,1,0,0,0,0,0,1,1,0,0,1,0,0,0,0,0,0,0,0,0,0
general,urgent,mild,False,80,1,0,0,0,0,0,0,0,0,1,0,0,0,0,0,0,0,0,0,1,0,0
burns,urgent,none,False,2,1,0,0,0,1,0,0,0,0,0,0,0,0,0,0,0,0,0,0,0,0,0
obstetric,urgent,none,False,1,0,0,0,0,0,0,0,0,0,1,0,0,0,1,0,0,0,0,0,0,0,0
cardiac,stable,none,False,53,1,1,0,0,0,0,0,0,1,0,1,0,0,0,0,0,0,0,1,0,0,0
stroke,urgent,none,False,48,1,0,1,0,0,0,0,0,0,0,0,0,1,0,0,0,0,0,0,0,0,0
obstetric,urgent,none,True,18,0,0,0,0,0,1,0,0,0,0,0,0,0,1,0,0,0,0,0,0,1,0
obstetric,urgent,severe,False,64,0,0,0,0,0,1,0,0,0,0,0,0,0,0,0,0,0,1,0,0,0,1
trauma,urgent,none,False,65,1,0,0,0,0,1,0,0,0,0,0,0,0,0,0,0,0,0,0,0,0,0
obstetric,urgent,none,True,48,0,0,0,0,0,1,0,0,0,0,0,0,0,0,0,0,0,0,0,0,0,0
general,critical,none,False,35,1,0,0,0,0,0,0,1,0,1,0,0,0,0,0,0,0,0,0,0,0,0
obstetric,stable,none,False,62,0,1,0,0,0,0,0,0,0,0,0,0,0,0,0,0,0,0,0,0,0,0
obstetric,stable,severe,False,47,0,0,0,0,0,0,0,0,0,0,0,0,0,0,0,0,0,1,0,0,1,1
stroke,urgent,none,False,24,0,0,0,0,0,1,0,0,0,0,0,0,1,0,0,0,0,0,0,0,0,0
general,critical,none,False,0,1,0,0,0,0,0,0,1,0,0,0,0,0,0,0,0,0,0,0,0,0,0
general,stable,none,False,18,1,1,0,1,0,0,0,0,0,0,0,0,0,0,0,0,0,0,0,0,0,0
burns,urgent,none,False,49,1,0,0,0,0,0,0,0,0,0,0,0,0,0,0,0,0,0,0,0,0,0
obstetric,critical,none,False,78,0,0,0,0,0,0,0,0,1,1,0,0,0,0,0,0,1,0,0,0,0,0
pediatric,urgent,severe,False,44,1,0,0,1,0,0,0,0,0,0,0,0,0,0,0,0,0,0,1,0,1,0
obstetric,stable,none,False,44,0,0,0,0,0,0,0,0,0,0,0,0,0,0,0,0,0,1,0,0,0,0
pediatric,critical,mild,False,21,1,0,0,0,0,0,0,0,0,1,0,0,0,0,0,0,0,0,0,0,0,0
general,urgent,mild,False,52,0,0,0,0,0,0,0,0,1,1,0,0,0,0,0,0,0,0,0,0,0,0
stroke,critical,none,False,70,1,1,1,0,0,0,0,0,0,0,0,0,1,0,0,0,0,0,0,0,0,0
poisoning,critical,none,False,9,1,0,0,0,0,0,1,0,0,1,0,0,0,0,1,0,0,0,0,0,0,0
stroke,critical,none,False,34,1,0,0,0,0,0,0,0,0,1,0,0,1,0,0,0,0,0,0,1,0,0
obstetric,urgent,none,False,0,1,0,0,0,0,0,0,0,0,1,0,0,0,0,0,0,0,0,0,0,0,0
burns,critical,none,False,60,1,0,0,0,1,0,0,0,0,1,1,1,0,0,0,0,0,0,0,0,0,0
respiratory,urgent,none,False,35,1,0,0,0,0,0,0,0,0,0,0,0,0,0,0,0,0,0,0,0,0,0
trauma,critical,none,False,9,0,0,0,1,0,0,0,0,0,0,0,0,0,0,0,0,1,0,0,0,0,0
trauma,critical,mild,False,61,1,0,0,1,0,0,0,0,0,1,0,0,0,0,0,0,1,0,0,0,0,0
poisoning,urgent,none,False,10,1,0,0,0,0,0,1,0,0,0,0,0,0,0,0,0,0,0,0,0,0,0
trauma,urgent,mild,False,16,1,0,0,0,1,0,0,0,0,0,0,0,0,0,0,0,1,0,0,0,1,0
general,urgent,mild,False,34,1,0,0,1,0,0,0,0,0,1,0,0,0,0,0,0,0,0,0,0,0,1
poisoning,stable,severe,False,72,1,0,0,0,0,0,0,1,0,0,0,0,0,0,0,1,0,1,0,0,0,1
poisoning,urgent,none,False,33,1,0,0,0,0,0,0,0,0,0,0,0,0,0,0,0,0,0,0,0,0,0
obstetric,urgent,severe,False,48,0,0,0,0,0,1,0,0,0,1,0,0,0,0,0,0,0,1,0,0,1,1
obstetric,stable,none,True,25,0,0,0,0,0,0,0,0,0,0,0,0,0,0,0,0,0,0,0,0,0,0
poisoning,urgent,severe,False,23,1,0,0,0,0,0,0,0,0,0,0,0,0,0,0,0,1,1,0,1,0,1
trauma,critical,none,False,51,1,0,0,1,0,0,0,0,1,1,0,0,0,0,1,0,1,1,0,0,0,0
stroke,stable,none,False,27,0,0,0,0,0,0,0,0,0,0,0,0,0,0,0,0,0,0,0,0,0,0
stroke,urgent,mild,False,27,1,0,0,0,0,0,0,0,0,0,0,0,0,0,0,1,0,0,0,0,0,0
trauma,critical,severe,False,63,1,0,0,1,0,0,0,0,1,1,0,0,0,0,0,0,1,1,0,0,0,0
obstetric,critical,none,False,49,0,1,0,0,0,1,1,0,0,1,0,0,0,0,0,0,0,0,0,0,0,0
obstetric,stable,severe,True,21,0,0,0,0,0,1,0,0,0,0,0,0,0,0,0,0,0,0,0,0,1,1
obstetric,urgent,severe,True,35,0,0,0,0,0,1,0,0,0,1,0,0,0,0,0,0,0,1,1,1,1,1
trauma,critical,severe,False,40,1,0,0,0,0,0,0,0,0,0,0,0,0,0,0,0,1,0,0,1,1,0
general,urgent,none,False,44,1,0,0,0,0,0,0,1,0,1,0,0,0,0,0,0,0,0,0,0,0,0
burns,urgent,none,False,73,1,0,0,0,1,0,0,0,0,0,0,0,0,0,1,0,0,0,0,0,0,0
general,critical,none,False,47,1,0,0,0,0,0,0,0,0,1,0,0,0,0,0,0,0,0,0,0,0,0
cardiac,critical,none,False,32,1,1,0,0,0,0,0,0,0,1,0,0,0,0,1,0,0,0,0,0,0,0
general,urgent,none,False,49,1,0,0,0,0,0,0,0,0,0,0,0,0,0,0,0,0,0,0,0,0,0
burns,urgent,mild,False,78,1,0,0,0,0,0,0,0,0,0,0,0,0,0,1,0,0,1,0,0,0,0
respiratory,urgent,severe,False,71,1,0,0,0,0,0,0,0,0,0,0,0,0,0,0,0,0,0,1,0,0,0
poisoning,stable,mild,False,26,0,1,0,1,0,0,0,0,1,0,0,0,0,0,0,0,0,0,0,0,0,0
trauma,stable,none,False,71,0,0,0,0,1,0,0,0,0,0,0,0,1,0,0,0,0,0,0,1,0,0
cardiac,critical,mild,False,45,1,1,0,0,0,0,0,0,0,1,1,0,0,0,1,0,0,0,0,1,0,0
trauma,urgent,none,False,43,1,0,0,1,0,0,0,0,1,1,0,0,0,0,0,0,0,1,0,0,0,0
respiratory,urgent,none,False,38,1,0,0,0,0,0,0,0,0,0,0,0,0,0,0,0,0,0,0,0,0,0
stroke,stable,severe,False,41,0,0,0,0,0,0,0,0,0,0,0,0,0,1,0,0,0,1,0,0,1,1
poisoning,critical,severe,False,32,1,0,0,0,0,0,0,0,0,1,1,0,0,0,0,0,0,0,0,0,0,0
burns,urgent,none,True,40,1,0,0,0,0,0,0,0,0,0,0,0,0,0,0,0,0,0,0,0,0,0
cardiac,urgent,mild,False,44,1,1,0,0,0,0,0,0,0,1,0,0,0,0,0,0,0,0,0,0,0,0
general,urgent,none,False,39,1,0,0,0,0,0,0,0,0,1,0,0,0,0,0,0,0,0,0,0,0,1
respiratory,urgent,none,False,37,0,0,0,0,0,0,0,0,0,0,0,0,0,0,0,0,0,0,0,0,0,0
respiratory,stable,mild,False,63,0,0,0,0,0,0,0,0,0,0,0,0,0,0,0,0,0,1,0,0,0,0
trauma,urgent,none,False,19,1,0,0,0,0,0,0,0,0,0,0,0,0,0,0,0,0,0,0,0,0,0
pediatric,critical,none,False,21,1,0,0,0,0,0,0,0,0,1,0,0,0,0,0,0,0,0,0,0,0,0
burns,critical,none,False,45,1,0,0,0,1,1,0,0,0,1,0,0,0,0,0,0,0,0,0,0,0,0
cardiac,stable,severe,False,18,0,1,0,0,0,0,0,0,0,0,0,0,0,0,0,0,0,1,0,1,1,1
obstetric,urgent,severe,False,84,0,0,0,0,0,1,0,0,0,1,0,0,0,0,1,0,0,0,1,1,0,0
respiratory,critical,none,False,0,1,0,0,0,0,0,1,1,0,1,1,0,0,0,0,0,0,0,1,0,0,0
burns,stable,none,False,24,0,0,0,0,0,0,0,0,0,0,0,0,0,0,0,0,0,0,0,0,0,0
stroke,urgent,none,False,35,0,1,1,0,0,0,0,0,0,0,0,0,1,0,0,0,0,0,0,0,0,0
burns,stable,none,False,4,0,0,0,0,0,0,0,0,0,0,0,0,0,0,0,0,0,0,0,0,0,0
burns,urgent,none,False,26,0,0,0,0,1,0,0,0,1,0,0,1,0,0,0,0,0,0,0,0,0,0
trauma,critical,mild,False,48,1,0,0,1,0,1,0,0,0,0,1,0,0,0,0,0,0,1,0,0,0,0
pediatric,critical,none,False,60,1,0,0,0,0,0,0,0,0,1,0,0,0,0,0,0,1,0,0,0,0,0
cardiac,urgent,mild,False,31,1,1,0,1,0,0,0,0,0,1,0,0,0,0,0,0,0,0,1,0,0,0
poisoning,urgent,none,False,36,1,0,0,0,0,0,0,0,1,0,0,0,0,0,0,0,0,0,0,0,0,0
general,critical,none,False,14,1,0,1,0,0,0,0,0,1,1,0,0,0,0,0,0,0,0,0,0,0,0
burns,critical,severe,True,43,1,0,0,0,1,0,0,0,0,0,1,0,1,0,0,0,0,0,0,0,0,0
cardiac,critical,mild,False,68,1,1,0,0,0,0,0,0,0,1,0,0,0,0,1,0,0,0,1,1,1,0
poisoning,urgent,mild,False,69,1,0,1,0,0,0,0,0,0,0,0,0,0,0,0,0,0,0,1,0,1,0
general,critical,none,False,34,1,0,0,0,0,0,0,0,0,1,0,0,0,0,0,0,0,0,0,0,0,0
stroke,urgent,none,True,44,1,0,1,0,0,1,0,0,0,0,0,0,1,0,0,0,0,0,0,0,0,0
burns,urgent,none,False,1,1,0,0,0,1,0,1,0,0,0,0,0,0,0,0,0,0,0,0,0,0,0
stroke,critical,none,False,15,1,0,0,0,0,0,0,0,0,1,0,0,1,0,0,0,0,0,0,0,0,0
cardiac,critical,none,False,12,1,1,0,0,0,0,0,0,0,1,0,1,0,0,1,0,0,0,0,1,0,0
stroke,critical,none,False,39,0,0,1,1,1,0,0,0,0,1,0,0,0,0,0,0,0,0,0,0,0,0
stroke,urgent,none,False,4,0,0,0,0,0,0,1,0,0,1,0,0,1,0,0,0,0,0,0,0,0,0
obstetric,urgent,none,False,33,0,0,0,0,0,1,0,0,0,0,0,0,0,0,0,0,0,0,0,0,0,0
trauma,critical,none,False,32,1,0,0,1,0,0,0,0,1,1,0,0,0,0,0,0,0,0,0,1,0,0
burns,urgent,mild,False,41,1,0,0,0,0,0,0,0,0,0,0,0,0,0,0,0,0,1,1,0,0,0
cardiac,urgent,none,False,39,1,0,0,0,0,0,0,0,0,1,0,0,0,0,0,0,0,0,0,0,0,0
general,urgent,none,False,13,1,0,0,0,1,0,1,0,0,1,0,0,0,0,0,0,0,0,0,0,0,0
burns,critical,severe,False,63,1,0,0,0,1,0,0,0,1,1,0,0,0,0,0,0,0,1,0,1,1,0
poisoning,stable,none,False,35,0,0,0,0,0,0,0,0,0,0,0,0,0,1,0,0,1,0,0,0,0,0
cardiac,urgent,severe,False,34,0,1,0,0,0,0,0,0,0,1,0,0,0,0,0,0,0,1,1,1,0,1
pediatric,urgent,severe,False,22,1,0,0,0,0,1,1,0,0,0,0,0,1,0,0,0,0,0,0,1,0,0
cardiac,critical,none,False,35,1,1,0,0,0,0,0,0,0,1,0,1,1,0,1,0,0,0,0,0,0,0
stroke,stable,none,False,66,0,0,0,0,0,0,0,0,0,0,0,0,0,0,0,0,0,0,0,0,0,0
stroke,critical,none,False,75,1,0,1,0,0,0,0,0,0,1,0,0,1,0,0,0,0,0,0,0,0,0
general,urgent,mild,False,40,0,0,0,0,0,0,0,0,0,1,0,0,0,0,0,0,0,0,0,0,0,0
general,urgent,mild,False,23,1,0,1,0,0,0,0,0,1,0,0,0,0,0,0,0,0,1,0,0,0,1
respiratory,stable,none,False,11,0,0,0,0,0,0,0,0,0,0,0,0,0,0,0,0,0,0,0,0,0,0
general,stable,severe,False,41,0,0,0,0,0,0,0,0,0,0,0,0,0,0,0,0,0,0,0,0,1,0
obstetric,critical,none,True,0,0,0,0,0,0,1,1,0,0,1,0,0,0,0,0,1,1,0,1,0,0,0
poisoning,stable,none,False,57,0,0,0,0,0,1,0,0,0,0,0,0,0,0,0,0,0,0,0,0,0,1
poisoning,critical,none,False,30,1,0,0,0,0,0,0,0,1,1,0,0,0,0,0,0,1,0,0,0,0,0
burns,stable,mild,False,33,0,0,0,0,0,0,0,0,0,0,0,0,0,0,0,0,0,0,0,0,0,1
cardiac,urgent,none,False,21,1,0,0,0,0,0,0,0,0,1,0,0,0,0,0,0,0,0,0,0,0,0
pediatric,stable,none,False,34,0,0,0,0,0,0,0,0,0,0,0,1,0,0,0,0,0,0,0,0,0,0
pediatric,critical,none,False,63,1,0,0,0,0,0,1,0,0,1,0,0,0,0,0,0,1,0,0,0,0,0
trauma,urgent,none,False,40,1,0,0,0,0,0,0,1,0,0,0,0,0,0,0,0,0,0,0,0,0,0
stroke,critical,none,False,73,1,0,1,0,0,1,1,0,1,1,0,0,1,0,0,0,0,0,0,0,0,0
burns,urgent,none,False,16,1,0,0,0,1,0,1,0,0,0,0,0,0,0,0,0,0,0,0,1,0,0
pediatric,urgent,severe,False,30,1,0,0,0,0,0,1,0,0,0,0,0,0,0,0,0,0,1,0,1,1,1
pediatric,critical,mild,False,42,1,0,0,0,0,0,1,0,0,1,0,0,1,0,0,0,0,0,1,1,0,0
pediatric,urgent,mild,False,49,1,0,0,0,0,0,0,0,1,0,0,0,0,0,0,0,0,0,1,1,0,0
respiratory,urgent,none,False,41,1,0,0,0,0,0,0,1,0,0,0,0,0,0,0,0,0,0,0,0,0,0
pediatric,critical,mild,False,21,1,0,0,0,0,0,1,0,0,1,0,0,0,0,0,0,0,0,0,0,0,0
cardiac,critical,none,False,60,1,1,0,0,0,0,0,0,0,1,0,1,0,0,1,0,0,0,0,0,0,0
respiratory,stable,mild,False,60,0,0,1,0,0,0,0,0,0,0,0,0,0,0,0,0,0,0,0,0,0,0
poisoning,urgent,severe,False,58,1,0,0,0,0,0,0,0,0,0,0,0,0,0,0,0,0,1,0,1,0,1
obstetric,critical,severe,False,14,1,0,0,0,0,1,1,0,0,1,0,0,0,0,0,0,0,0,1,1,0,1
obstetric,urgent,severe,False,34,0,0,0,0,0,1,0,0,0,0,0,0,0,0,0,0,0,1,1,0,1,1
burns,critical,mild,False,47,1,0,0,0,1,0,0,0,0,1,1,0,0,0,0,0,0,1,1,0,0,1
respiratory,critical,none,False,0,1,0,0,0,0,0,1,1,0,1,1,0,0,0,0,0,0,0,0,0,0,0
stroke,stable,none,False,54,0,0,0,0,0,0,0,1,0,0,0,0,0,0,0,0,0,0,0,0,0,0
poisoning,critical,none,False,38,1,0,0,0,0,0,0,0,0,1,1,0,0,0,0,0,0,0,0,0,0,0
stroke,critical,severe,False,35,0,1,1,0,0,1,0,0,0,1,0,0,1,0,0,0,0,1,0,1,1,0
general,urgent,none,False,45,1,0,0,0,0,0,0,0,0,0,0,0,0,0,0,0,0,0,0,1,0,0
general,stable,none,False,41,0,0,0,0,0,0,0,0,0,0,1,0,0,0,0,0,0,0,0,0,0,0
cardiac,critical,none,False,41,1,0,0,0,0,0,0,0,0,1,0,1,0,0,0,0,0,0,0,0,0,0
burns,urgent,none,False,65,1,0,0,0,0,0,0,0,0,0,0,0,0,0,0,0,0,0,0,0,0,0
trauma,urgent,none,False,48,1,0,0,1,0,0,0,0,0,0,0,0,0,0,0,0,0,0,0,0,0,0
cardiac,urgent,none,False,57,0,1,0,0,0,0,0,0,0,1,0,0,0,0,0,0,0,0,0,0,0,0
respiratory,critical,mild,False,52,0,0,0,0,0,0,1,1,0,1,1,1,0,0,0,0,0,0,0,0,0,0
burns,critical,mild,False,38,0,0,0,0,1,0,0,0,0,1,0,1,0,0,0,0,1,0,1,0,0,0
pediatric,critical,severe,False,36,1,0,0,0,0,0,1,0,0,1,0,0,0,0,0,0,0,0,0,0,1,1
general,urgent,none,False,32,1,0,0,0,0,0,0,0,0,1,0,0,0,0,0,0,0,0,0,0,0,0
respiratory,urgent,none,False,43,0,0,0,0,1,0,0,0,0,0,0,0,0,1,0,1,0,0,0,0,0,0
poisoning,urgent,none,False,29,1,0,0,0,0,0,0,0,0,0,0,0,0,0,0,0,0,0,0,0,0,0
pediatric,urgent,severe,False,66,1,0,0,0,0,0,1,0,0,0,0,0,0,0,0,0,0,0,0,1,1,1
burns,critical,mild,False,50,0,0,0,0,1,0,0,0,0,0,1,0,0,0,0,0,0,0,0,0,0,0
trauma,stable,none,False,23,0,0,0,0,0,0,0,0,1,0,0,0,0,0,0,0,0,0,0,0,0,0
pediatric,critical,none,False,57,0,0,0,0,0,0,1,0,0,1,0,0,0,0,0,0,0,0,0,0,0,0
poisoning,critical,none,False,71,1,0,1,0,0,0,0,0,0,1,0,0,1,0,0,0,0,0,0,0,0,0
poisoning,urgent,mild,False,33,0,1,0,0,0,0,0,0,0,0,0,0,0,0,0,0,0,0,0,0,0,0
pediatric,critical,none,False,53,1,1,0,0,0,0,1,0,0,1,0,0,0,0,0,0,0,0,0,0,0,0
pediatric,stable,none,False,43,0,0,0,0,0,0,0,0,0,0,0,0,0,0,0,0,0,0,0,0,0,0
stroke,stable,none,False,76,0,0,0,0,0,0,0,0,0,0,0,0,0,0,0,0,0,0,0,0,0,0
trauma,urgent,none,False,17,1,1,0,0,0,0,0,0,0,0,0,0,0,0,0,0,0,1,0,0,0,0
obstetric,critical,mild,False,75,1,0,0,0,1,1,0,0,0,1,0,0,0,0,0,0,0,0,0,0,0,0
trauma,critical,none,False,51,1,0,0,1,0,0,0,0,0,1,0,0,0,0,0,0,0,0,0,0,0,0
obstetric,stable,none,False,39,0,0,0,0,0,0,0,0,0,0,0,1,0,0,1,0,0,0,0,0,0,0
stroke,stable,mild,False,32,1,0,0,0,0,0,0,0,0,0,0,0,0,0,0,0,0,0,0,0,0,0
cardiac,stable,none,False,45,0,1,0,0,0,0,0,0,0,0,0,0,0,0,0,0,0,0,0,0,0,0
pediatric,urgent,severe,False,20,0,0,0,0,0,0,0,0,0,0,0,0,0,0,0,0,0,0,0,0,0,1
burns,critical,none,False,52,1,0,0,0,1,0,0,0,0,1,0,0,0,0,0,0,0,0,0,0,0,0
stroke,critical,none,False,40,1,0,0,0,0,0,0,0,0,1,0,0,1,0,0,0,1,0,0,0,0,0
obstetric,critical,none,False,44,1,0,0,0,0,1,0,1,1,1,0,0,0,0,0,0,1,0,0,0,0,1
pediatric,stable,mild,False,28,0,0,0,0,0,0,0,0,0,0,0,0,0,0,0,0,0,0,0,0,0,1
pediatric,urgent,none,False,0,1,0,0,0,0,0,1,0,0,0,0,0,0,0,0,0,0,0,0,0,0,0
respiratory,critical,none,True,33,1,0,0,0,1,1,0,1,0,0,1,0,0,0,0,0,0,0,0,0,0,0
cardiac,stable,none,False,62,0,0,0,0,0,0,0,0,0,0,0,0,0,0,0,0,0,0,0,0,0,0
burns,urgent,none,False,44,1,0,0,0,0,0,0,0,0,0,0,0,0,0,0,0,0,0,0,0,0,0
pediatric,stable,severe,False,44,0,0,0,0,0,1,0,0,0,1,0,0,0,0,0,0,0,1,0,1,0,1
respiratory,stable,mild,False,63,0,0,0,0,0,0,0,1,0,0,0,0,0,0,0,0,0,0,0,0,0,0
respiratory,urgent,none,False,12,1,0,0,0,0,0,1,1,0,0,0,0,0,0,0,0,0,0,0,0,0,0
burns,urgent,none,False,7,0,0,0,0,1,0,0,0,0,0,0,0,0,0,0,0,0,1,0,0,0,0
general,stable,none,False,26,1,0,0,0,0,0,0,0,0,0,0,0,0,0,0,0,0,0,0,0,0,0
burns,urgent,severe,False,37,1,1,0,0,0,0,0,0,1,0,0,1,0,0,0,0,0,1,1,0,1,0
poisoning,critical,none,False,88,1,0,0,0,0,0,0,0,0,0,0,0,0,0,0,0,0,0,0,0,0,0
cardiac,urgent,none,False,48,0,1,0,0,0,0,0,0,0,1,0,0,1,1,0,1,0,0,0,0,0,0
respiratory,critical,none,False,20,1,0,0,0,0,0,0,1,0,1,1,0,0,0,0,0,0,0,0,0,0,0
obstetric,urgent,none,False,40,0,0,0,0,0,0,0,1,0,0,0,0,0,0,0,0,0,0,0,0,0,0
cardiac,urgent,mild,False,3,1,1,0,0,0,0,0,0,0,1,0,0,0,0,0,0,0,1,0,1,0,1
obstetric,urgent,mild,False,19,0,0,0,0,0,1,0,0,0,1,0,0,0,0,0,0,0,0,0,0,0,0
obstetric,urgent,none,False,37,0,0,0,0,0,1,0,0,0,1,0,0,0,0,0,0,0,0,0,0,0,0
stroke,critical,mild,False,12,1,0,0,0,0,0,1,0,0,1,0,0,1,0,0,0,0,0,0,1,0,0
burns,urgent,severe,False,44,1,0,0,0,0,0,0,1,0,0,0,0,0,0,0,0,0,1,0,0,0,1
obstetric,urgent,none,False,74,0,0,0,0,0,0,0,0,0,1,0,0,0,0,0,0,0,0,0,0,0,1
stroke,urgent,severe,False,48,0,0,1,0,0,0,0,0,0,0,0,0,0,0,0,0,0,0,1,1,0,1
burns,urgent,none,False,68,1,0,0,0,0,0,0,1,0,0,0,0,0,0,0,0,0,0,0,0,0,0
stroke,urgent,none,False,47,1,0,0,0,0,1,0,0,0,0,0,0,1,0,0,0,0,0,0,0,0,0
general,urgent,none,False,31,1,0,0,0,0,0,0,0,1,0,0,1,0,0,0,0,0,0,0,0,0,0
poisoning,critical,none,False,23,0,0,0,0,0,0,0,0,0,1,1,0,0,0,0,0,0,0,0,0,0,0
trauma,urgent,none,False,35,1,0,0,0,0,0,0,0,0,0,0,0,0,0,0,0,0,0,0,0,0,0
poisoning,urgent,none,False,25,1,0,0,0,0,0,0,0,0,0,0,0,0,0,0,0,0,0,0,0,1,0
general,urgent,mild,False,22,1,0,0,0,0,0,1,0,0,0,0,0,0,0,0,0,1,0,0,0,1,1
general,urgent,none,False,49,1,0,0,0,0,0,0,0,0,1,0,0,0,0,0,0,0,0,0,0,0,0
stroke,critical,mild,False,56,1,0,1,0,0,0,0,0,0,1,0,0,1,0,0,0,0,0,0,0,0,0
cardiac,stable,none,False,45,1,0,0,0,0,0,0,0,0,0,0,0,0,0,0,1,0,0,0,0,0,0
stroke,stable,none,False,63,0,0,0,0,0,0,0,0,0,0,0,0,0,0,0,0,0,0,0,0,0,1
trauma,critical,mild,False,48,1,0,0,0,0,0,0,0,0,0,0,0,0,0,1,0,1,1,0,0,0,0
cardiac,stable,mild,False,33,0,0,0,0,0,0,0,0,0,0,0,0,0,0,0,0,0,0,0,0,0,0
trauma,critical,none,False,26,1,0,0,0,0,0,0,0,1,1,0,0,0,0,1,0,1,0,0,0,0,0
pediatric,urgent,mild,False,48,1,0,0,0,0,0,0,0,1,0,0,0,0,0,0,0,0,1,0,0,0,0
obstetric,stable,mild,False,60,0,0,0,0,0,0,0,0,0,0,0,0,0,0,0,0,0,0,0,0,0,0
burns,stable,none,False,0,0,0,0,0,0,0,0,0,0,0,0,0,0,0,0,0,0,0,0,0,0,0
pediatric,critical,severe,False,41,1,0,0,0,1,0,1,0,1,1,0,0,0,0,0,0,0,1,0,1,0,1
stroke,urgent,mild,False,36,1,0,0,0,0,0,0,0,0,0,0,0,0,0,0,0,0,0,0,0,0,0
respiratory,urgent,mild,False,19,1,0,0,0,0,0,0,0,0,0,0,0,0,0,0,0,1,0,1,0,0,0
stroke,urgent,none,False,41,1,0,1,0,0,0,0,0,0,0,0,0,1,0,0,0,0,0,0,0,0,0
obstetric,urgent,none,True,38,0,0,0,0,0,1,0,0,0,1,0,0,0,0,0,0,0,0,1,0,0,1
stroke,urgent,mild,False,48,1,0,0,1,0,0,0,0,0,0,0,0,0,0,0,0,0,0,0,0,0,0
trauma,urgent,severe,False,73,1,0,0,0,0,0,0,0,0,0,0,0,0,0,0,1,0,0,1,0,0,1
obstetric,urgent,none,True,36,0,0,0,0,0,0,0,0,0,0,0,0,0,0,0,0,0,0,0,0,0,0
general,stable,mild,False,55,1,0,1,0,0,0,0,1,1,0,0,0,0,0,0,0,0,0,0,0,0,1
stroke,urgent,none,False,31,0,0,0,0,0,1,0,0,1,0,0,1,1,0,0,0,0,0,1,0,1,0
cardiac,critical,none,False,28,1,0,0,0,0,0,0,0,0,1,0,1,0,0,1,0,0,0,1,0,0,0
general,urgent,none,False,38,1,0,0,0,0,0,0,0,0,1,0,0,0,0,0,0,0,0,0,0,0,0
pediatric,urgent,mild,False,0,1,0,0,0,0,0,0,0,0,0,0,0,0,0,0,0,0,0,0,0,0,0
pediatric,stable,none,False,69,0,0,0,0,0,0,0,0,0,0,0,0,0,0,0,0,0,0,0,0,0,0
respiratory,urgent,none,False,18,1,0,0,0,0,0,0,0,0,0,0,0,0,0,0,0,0,0,0,0,0,0
cardiac,critical,none,False,41,1,1,0,0,0,0,0,0,1,1,0,1,0,0,0,0,0,0,0,1,0,0
respiratory,urgent,none,False,19,1,0,0,0,0,0,0,1,0,0,1,0,0,0,1,0,1,0,0,0,0,0
stroke,urgent,mild,False,38,1,0,1,0,0,0,0,0,0,0,0,0,1,0,0,0,0,0,0,0,0,0
poisoning,critical,mild,False,54,1,0,0,0,0,0,0,0,1,1,0,0,0,0,0,0,0,0,0,0,0,0
obstetric,stable,none,False,57,0,0,0,0,0,0,0,0,0,0,0,0,0,0,1,0,0,0,0,0,0,0
respiratory,critical,none,False,39,0,0,0,0,0,0,0,1,0,1,1,0,0,0,0,0,0,0,0,0,0,0
general,stable,none,False,39,1,0,0,0,0,0,0,0,1,0,0,0,0,0,0,0,0,0,1,0,0,0
cardiac,critical,mild,False,30,1,1,0,0,0,0,0,0,1,1,0,1,0,0,1,0,0,0,0,0,0,0
cardiac,critical,none,False,35,1,1,0,0,0,0,0,0,0,1,0,1,0,0,1,0,0,0,0,0,0,0
burns,stable,none,False,77,0,0,0,0,0,0,0,0,0,0,0,0,0,0,0,0,0,0,0,0,0,0
cardiac,urgent,none,False,45,1,1,0,0,0,1,0,0,0,1,0,0,0,0,0,0,0,0,0,0,0,0
poisoning,urgent,none,False,51,1,0,0,0,0,0,1,0,0,0,0,0,0,0,0,0,0,0,0,0,0,0
respiratory,stable,none,False,37,0,0,0,0,0,0,0,0,0,0,0,0,0,0,0,0,0,0,0,0,0,0
pediatric,critical,mild,False,7,1,0,0,0,0,0,1,0,0,1,0,0,1,0,0,0,0,0,0,0,1,0
stroke,critical,severe,False,32,1,0,1,1,0,0,0,0,0,1,0,0,1,0,0,0,0,0,1,0,1,0
general,critical,mild,False,32,1,0,0,0,0,1,0,0,1,1,0,0,0,0,0,0,0,0,0,0,1,0
poisoning,stable,none,False,55,0,0,0,0,0,0,0,0,0,0,0,0,0,0,0,0,0,0,0,0,0,0
pediatric,urgent,mild,False,17,1,0,0,0,0,0,1,0,1,0,0,0,0,0,0,0,0,0,0,1,0,0
trauma,urgent,none,False,52,1,0,0,1,0,0,0,0,0,0,0,0,0,0,0,0,0,0,0,0,0,0
stroke,critical,none,False,22,1,0,1,0,0,0,0,0,0,0,0,0,1,0,0,0,0,0,0,0,0,0
pediatric,urgent,none,False,76,1,1,0,0,0,0,0,0,0,0,0,0,0,1,0,0,0,0,0,0,0,0
obstetric,critical,mild,False,45,1,0,0,0,0,0,0,0,1,1,0,0,0,0,0,0,0,0,0,0,0,0
poisoning,urgent,mild,False,47,0,0,0,0,0,0,0,0,0,0,0,0,0,0,0,0,0,0,1,0,0,0
stroke,critical,mild,False,36,1,0,1,0,0,0,0,0,0,1,0,0,0,0,0,0,0,0,0,0,1,1
trauma,urgent,none,False,26,1,0,0,0,0,0,0,0,0,0,0,0,1,1,0,0,0,0,0,0,0,0
burns,urgent,severe,False,23,1,0,0,0,0,0,0,0,0,0,0,0,0,0,0,0,0,1,0,1,0,0
trauma,critical,none,False,34,1,0,0,1,0,1,0,0,0,1,0,0,0,0,0,0,0,0,0,0,0,0
respiratory,urgent,mild,False,32,1,1,0,1,0,0,0,0,1,0,0,0,0,0,0,0,0,0,0,0,1,1
stroke,urgent,none,False,44,1,0,1,0,0,0,0,0,0,0,0,0,1,0,0,0,0,0,0,0,0,0
pediatric,stable,mild,False,32,0,0,0,0,0,1,0,1,0,0,0,0,0,0,0,0,0,0,0,0,0,0
stroke,stable,none,False,28,0,1,0,0,0,0,0,0,0,0,0,0,0,0,0,0,1,0,0,0,0,0
poisoning,stable,none,False,52,0,0,0,0,0,0,0,0,0,0,0,0,0,0,0,0,0,0,0,0,0,0
general,critical,none,False,21,1,0,0,0,0,0,0,0,0,1,0,0,0,0,0,0,1,1,0,0,0,0
pediatric,critical,none,False,13,0,0,0,0,0,0,1,0,0,1,0,0,0,0,0,0,0,0,0,0,0,0
burns,urgent,none,False,57,1,0,0,0,0,0,0,0,1,0,0,0,0,0,0,0,0,0,0,0,0,0
poisoning,critical,none,False,63,1,0,0,0,0,1,0,0,0,1,1,0,0,0,0,0,0,0,0,0,0,0
cardiac,urgent,none,False,18,1,1,0,0,0,0,0,0,0,1,0,0,0,0,0,0,0,0,0,0,0,0
poisoning,critical,mild,False,18,1,0,0,0,0,0,0,0,0,1,0,0,0,0,0,0,0,0,1,1,0,0
respiratory,stable,mild,False,32,0,0,1,0,0,0,0,0,0,0,0,0,0,0,0,0,1,0,0,0,0,0
trauma,urgent,none,False,66,1,0,0,0,0,0,0,0,0,0,0,0,0,0,0,0,0,0,0,0,0,0
general,urgent,severe,False,62,0,0,0,0,0,0,0,1,0,1,0,0,0,0,0,0,0,1,0,1,0,0
pediatric,urgent,none,False,35,0,0,0,0,0,0,1,0,0,0,0,0,0,1,0,0,0,0,0,0,0,0
pediatric,urgent,mild,False,11,0,0,0,0,0,0,0,1,0,0,0,0,0,0,0,0,0,0,0,0,0,0
obstetric,urgent,none,False,4,0,0,0,0,0,0,1,0,0,1,0,0,1,0,0,0,0,0,0,0,1,0
stroke,critical,none,False,23,1,0,1,0,0,0,0,0,0,1,0,1,1,0,0,0,0,0,0,0,0,0
pediatric,stable,none,False,7,0,0,0,0,0,0,1,0,0,0,0,0,0,0,0,0,0,0,0,0,0,0
trauma,critical,none,False,17,1,0,0,1,0,0,0,0,1,1,0,0,0,0,0,0,1,0,0,0,0,1
cardiac,urgent,severe,False,49,1,1,0,0,0,0,0,0,0,1,0,0,0,0,0,0,0,0,0,0,1,1
respiratory,urgent,none,True,50,1,1,0,0,0,1,1,0,0,0,0,1,0,0,0,0,0,0,0,0,0,1
poisoning,critical,mild,False,69,0,0,1,1,0,0,0,0,0,1,0,0,0,0,0,1,0,1,0,0,0,1
stroke,critical,none,False,51,1,0,1,0,0,0,1,0,0,1,0,0,1,0,0,0,0,1,0,0,0,0
trauma,critical,none,False,66,1,0,0,1,0,0,0,0,1,1,0,0,0,0,1,0,0,1,0,0,0,0
poisoning,urgent,none,False,32,0,0,0,1,0,0,0,0,0,0,0,0,0,0,1,0,0,0,0,0,0,0
stroke,stable,mild,False,60,0,0,0,0,0,0,0,0,0,0,0,0,0,0,0,0,0,0,0,0,0,0
trauma,critical,mild,False,49,1,0,1,1,0,0,0,0,0,1,0,0,0,0,0,0,1,1,1,0,0,1
burns,critical,severe,False,33,1,0,0,0,0,0,0,0,1,1,0,1,0,0,0,0,0,0,1,0,0,1
pediatric,stable,none,False,90,0,0,0,0,0,0,1,0,0,0,0,0,0,1,0,0,0,0,0,0,0,0
trauma,critical,none,False,44,1,0,0,1,0,0,0,0,0,1,0,0,1,0,0,0,1,0,0,0,0,0
stroke,urgent,severe,False,68,0,0,0,0,0,0,0,0,0,0,0,0,0,0,0,0,0,0,1,0,0,0
poisoning,urgent,mild,False,17,1,0,0,0,0,0,0,0,0,0,0,0,0,0,0,0,0,0,0,0,0,0
obstetric,urgent,none,False,30,0,0,0,0,0,0,0,0,0,1,0,0,0,0,0,0,0,0,0,0,0,0
trauma,urgent,none,False,25,1,0,0,0,0,0,0,0,0,0,0,0,0,0,0,0,0,0,0,0,0,0
cardiac,urgent,none,False,13,1,1,0,0,0,0,1,0,0,1,0,0,0,0,0,0,0,0,0,0,0,0
poisoning,stable,none,False,45,0,0,0,0,0,0,0,0,0,0,0,0,0,0,0,0,0,0,0,0,0,0
obstetric,urgent,mild,False,39,0,0,0,0,0,0,0,0,0,1,0,0,0,0,0,0,0,0,0,0,0,0
trauma,urgent,none,False,36,0,0,0,0,0,0,0,0,0,0,0,0,0,0,0,0,0,0,0,0,0,0
poisoning,urgent,none,False,58,1,0,0,0,0,0,1,0,0,0,0,0,0,0,0,0,0,0,0,0,0,1
respiratory,urgent,none,False,68,0,0,0,0,0,0,1,0,0,0,0,0,0,0,0,0,1,0,0,0,0,0
burns,stable,none,False,25,0,0,0,0,0,0,0,0,0,0,0,0,0,0,0,0,0,0,0,0,0,0
trauma,urgent,mild,False,58,1,0,0,1,0,0,0,0,0,0,0,0,0,0,0,0,1,0,0,0,0,0
stroke,urgent,mild,False,43,1,0,0,0,0,0,0,0,0,0,0,0,1,0,0,0,0,1,1,0,1,1
cardiac,urgent,none,False,40,1,0,0,0,0,0,0,0,0,0,0,0,0,0,0,0,0,0,0,0,0,0
pediatric,stable,none,False,0,0,0,0,0,0,0,1,0,1,0,0,0,0,0,0,0,0,0,0,0,0,0
burns,stable,none,False,49,0,0,0,0,0,0,0,0,0,0,0,0,0,0,0,0,0,0,0,0,0,0
burns,urgent,mild,False,22,1,0,0,0,1,0,0,0,0,0,0,0,0,0,0,0,0,1,0,0,0,0
general,stable,severe,False,66,0,0,0,0,0,0,0,0,0,0,0,0,0,0,0,0,0,0,0,0,1,0
general,urgent,severe,False,48,1,0,0,0,0,0,0,0,0,1,0,0,0,0,0,0,0,0,0,1,0,1
general,stable,none,False,52,0,0,0,0,0,0,0,0,0,0,0,0,0,0,1,1,0,0,0,0,0,0
burns,stable,none,False,28,0,0,0,0,0,0,0,0,0,0,0,0,0,0,0,0,0,1,0,0,0,0
general,urgent,none,False,78,1,0,0,0,0,0,0,0,0,0,0,0,0,0,0,0,1,0,0,0,0,0
poisoning,urgent,none,False,6,1,0,0,0,0,0,0,0,0,0,0,0,0,0,0,0,0,0,0,0,0,0
respiratory,urgent,none,False,31,1,1,0,0,0,0,0,1,0,0,0,0,0,0,0,0,0,0,0,0,0,0
respiratory,urgent,mild,False,45,1,0,1,1,1,0,0,1,0,0,0,0,0,0,0,1,0,0,0,0,0,0
general,critical,none,False,58,1,0,0,0,0,0,0,0,1,1,0,0,0,0,0,0,0,0,0,0,0,0
stroke,stable,mild,False,68,0,0,0,0,0,0,0,0,0,0,0,0,0,0,0,0,0,0,1,0,1,0
trauma,stable,none,False,37,0,0,0,0,0,0,0,0,0,0,0,0,0,0,0,0,0,0,1,0,0,0
poisoning,urgent,none,False,39,1,0,0,0,0,0,0,0,0,0,0,0,1,1,0,0,1,0,0,0,0,0
cardiac,critical,mild,False,56,1,1,0,0,0,0,0,0,0,1,0,0,0,0,1,0,0,1,0,0,0,0
poisoning,urgent,none,False,38,1,0,0,0,0,0,0,0,0,0,0,0,0,0,0,0,0,0,0,0,0,0
respiratory,urgent,severe,False,47,1,0,0,0,0,0,0,0,0,0,0,0,0,0,0,0,0,1,0,0,1,0
pediatric,critical,mild,False,70,1,0,0,1,0,0,0,0,0,1,0,0,0,0,0,0,0,0,0,1,0,0
respiratory,critical,none,False,14,1,0,0,0,0,0,0,0,0,1,1,0,0,0,0,1,0,0,0,0,0,0
general,urgent,none,False,40,1,0,0,1,0,0,0,0,0,1,0,0,0,0,0,0,0,0,0,0,1,0
burns,urgent,none,False,25,1,0,0,0,1,0,0,0,0,0,0,0,0,0,0,0,0,0,0,0,0,0
cardiac,stable,mild,False,71,1,0,0,0,0,0,0,0,0,0,0,0,0,0,0,0,0,0,0,1,0,0
general,stable,none,False,47,0,1,0,0,0,0,1,0,1,0,0,0,0,0,0,0,0,0,0,0,0,0
poisoning,stable,none,False,33,0,0,0,1,0,0,0,0,0,0,0,0,0,0,0,0,0,0,0,0,0,0
obstetric,critical,severe,False,44,1,0,0,0,0,1,0,0,1,1,0,0,0,0,0,0,1,1,0,0,1,1
respiratory,urgent,mild,False,17,1,0,0,0,0,0,0,0,0,0,0,0,0,0,0,0,0,0,0,0,1,0
obstetric,critical,none,False,45,1,0,0,0,0,1,0,0,0,1,0,1,0,0,0,0,0,0,1,0,0,0
poisoning,urgent,severe,False,66,1,0,0,0,0,0,0,0,0,0,0,0,0,0,0,0,0,0,1,1,1,1
trauma,urgent,none,True,38,1,0,0,1,0,0,0,0,1,0,0,0,0,0,0,0,0,0,0,0,0,0
general,stable,none,False,83,1,0,0,0,0,0,0,0,0,0,0,0,0,0,0,0,0,0,0,0,0,0
burns,urgent,none,False,48,0,0,0,0,1,0,0,0,0,0,0,0,0,0,0,0,0,1,0,1,0,0
stroke,critical,none,False,40,1,0,0,0,0,0,0,0,0,1,0,0,0,1,0,0,0,0,0,0,0,0
stroke,urgent,none,False,32,1,0,1,0,0,0,0,0,0,0,0,0,1,0,0,0,0,0,0,0,0,0
obstetric,stable,none,False,31,0,0,0,0,0,0,0,0,0,0,0,0,0,0,1,0,0,0,0,0,0,0
pediatric,critical,none,False,27,1,1,0,0,0,0,1,0,0,1,0,0,0,0,0,0,0,0,1,0,0,0
obstetric,urgent,none,False,33,0,0,0,0,0,1,0,0,0,0,0,0,0,0,0,0,0,0,0,0,0,0
stroke,urgent,severe,False,31,1,0,0,0,0,0,0,0,0,0,1,0,1,0,0,0,0,1,1,0,1,0
cardiac,stable,none,False,24,1,1,0,0,0,0,0,1,0,0,0,0,1,0,0,0,0,0,0,0,0,0
respiratory,urgent,none,False,50,1,0,0,0,0,0,0,0,0,0,0,0,0,0,0,0,0,0,0,0,0,0
respiratory,urgent,severe,False,60,0,0,0,0,0,0,0,0,0,0,0,0,0,0,0,0,0,0,0,1,1,1
obstetric,stable,none,False,37,0,0,0,0,0,0,0,0,0,0,0,0,0,0,0,0,0,0,0,0,0,0
stroke,critical,mild,False,10,0,0,1,0,0,0,1,0,0,1,0,0,1,0,0,0,0,1,0,0,0,0
cardiac,urgent,severe,False,44,1,0,0,0,0,0,0,0,0,1,0,0,0,0,0,0,0,1,1,0,0,0
pediatric,critical,none,False,42,1,1,0,0,0,0,1,0,0,1,0,0,0,0,0,0,0,0,0,0,0,0
cardiac,critical,mild,False,61,1,1,0,0,0,0,0,0,0,1,0,0,0,0,1,0,0,0,0,0,0,0
general,urgent,none,False,30,1,0,0,0,0,0,0,0,0,1,0,0,0,0,0,0,0,0,0,0,0,0
general,urgent,mild,False,14,1,0,0,0,0,0,0,0,0,1,0,0,0,0,0,0,0,0,0,0,0,1
general,critical,none,False,9,1,0,0,0,0,0,1,0,0,1,1,0,0,0,0,0,0,0,0,0,0,0
obstetric,stable,mild,True,55,0,0,0,0,0,0,0,0,1,0,0,0,0,0,0,0,1,0,0,0,0,0
stroke,urgent,none,False,64,0,0,1,0,0,0,0,0,0,0,0,0,1,0,1,0,0,0,0,0,0,0
burns,urgent,mild,False,36,1,0,0,0,0,0,1,0,0,0,0,0,0,0,0,0,0,0,0,0,0,0
cardiac,stable,none,False,48,1,1,0,0,0,1,0,0,0,0,0,0,0,0,0,0,0,0,0,0,0,0
stroke,urgent,mild,False,30,1,0,1,0,0,0,0,0,1,0,0,0,1,0,0,0,0,0,0,0,0,1
pediatric,stable,mild,False,80,0,0,0,0,0,0,0,1,0,0,0,0,0,0,0,0,0,0,1,1,0,0
stroke,critical,none,False,45,1,0,1,0,0,0,0,0,0,1,0,1,1,0,0,1,0,0,0,0,0,0
pediatric,critical,mild,False,43,0,0,0,0,0,0,1,0,0,0,0,0,0,0,0,0,0,0,0,0,1,0
trauma,stable,mild,False,40,0,0,0,0,0,0,0,0,0,0,0,0,0,0,0,0,0,0,0,0,0,0
respiratory,stable,none,False,41,0,0,0,0,0,0,0,0,0,0,0,0,0,0,0,0,0,0,0,0,1,0
obstetric,urgent,none,False,52,0,0,0,0,0,0,0,0,0,1,1,0,0,0,0,0,0,0,0,0,0,0
general,urgent,none,False,34,1,0,0,0,0,0,0,0,0,1,1,0,0,0,0,0,0,1,0,0,0,0
cardiac,critical,none,False,17,0,0,0,0,0,1,1,0,0,1,0,1,0,0,1,0,0,0,0,0,0,0
obstetric,stable,mild,False,25,0,0,0,0,0,0,0,0,0,0,0,0,0,0,0,0,0,0,0,1,0,1
stroke,stable,none,False,3,0,0,0,0,0,0,1,0,0,0,0,0,0,0,0,0,0,0,0,0,0,0
obstetric,critical,none,True,70,0,0,0,0,0,1,0,0,1,1,1,0,0,0,0,0,0,0,0,0,0,0
pediatric,urgent,mild,False,56,1,0,0,0,0,0,0,0,0,0,0,0,0,0,0,0,0,0,0,0,0,0
general,critical,mild,False,15,1,0,0,0,0,0,0,0,0,1,0,0,0,0,0,0,0,1,1,0,0,0
trauma,stable,none,False,77,0,0,0,0,0,0,0,0,0,0,0,0,0,0,0,0,0,0,0,0,0,0
obstetric,critical,none,False,45,0,0,0,0,0,1,0,0,0,1,0,0,0,0,0,0,1,0,0,0,0,0
cardiac,critical,severe,False,14,1,1,1,0,0,0,0,0,0,1,0,0,0,0,1,0,0,1,1,0,0,0
general,critical,mild,False,27,1,0,0,0,0,0,0,0,0,1,0,0,1,0,0,0,0,0,0,1,0,0
pediatric,stable,none,False,30,0,0,0,0,0,0,0,0,0,0,0,0,0,0,0,0,0,0,0,0,0,0
respiratory,stable,mild,False,31,0,0,0,0,0,0,0,0,0,0,0,1,0,0,0,0,0,1,1,0,0,0
trauma,stable,none,False,14,0,1,0,0,0,0,0,0,1,0,0,1,0,1,0,0,0,0,0,0,0,0
stroke,stable,none,False,24,0,0,0,0,0,0,0,0,0,0,0,0,0,0,0,0,0,0,0,0,0,0
respiratory,urgent,none,False,52,0,0,0,0,0,0,0,0,0,0,0,0,1,0,0,1,0,0,0,0,0,0
trauma,critical,none,False,35,1,0,0,1,0,0,0,0,0,1,0,0,0,0,1,0,1,0,0,0,0,0
trauma,stable,none,False,1,0,0,0,0,0,0,1,0,0,0,0,0,1,0,0,0,0,0,0,0,0,0
stroke,stable,none,False,3,0,0,0,0,0,0,1,0,0,0,0,0,0,0,0,0,0,0,0,0,0,0
stroke,urgent,none,False,33,1,0,1,0,0,0,0,0,0,0,0,0,1,0,0,0,0,0,0,0,0,0
cardiac,stable,mild,False,13,1,1,0,0,0,0,1,1,0,0,0,0,0,0,0,0,0,0,0,0,0,0
pediatric,stable,mild,False,40,0,1,0,0,0,0,0,0,0,0,0,0,0,0,0,0,0,0,0,0,0,0
pediatric,stable,none,False,54,0,0,0,0,0,0,0,0,0,0,0,0,0,0,0,0,0,0,0,0,0,0
burns,stable,none,False,36,0,0,0,0,0,0,0,0,0,0,0,0,0,0,0,0,0,0,0,0,0,0
respiratory,urgent,mild,False,32,1,0,0,0,0,0,0,0,0,0,0,0,0,0,0,0,0,1,0,1,0,1
trauma,critical,none,False,32,1,1,0,1,0,0,0,0,1,1,0,0,0,0,0,0,0,1,0,0,0,0
respiratory,urgent,none,False,37,0,0,0,0,0,0,0,0,0,0,0,0,0,0,0,0,0,0,0,1,0,0
obstetric,urgent,mild,False,24,0,0,0,0,0,1,0,0,0,0,0,0,0,0,0,0,0,0,0,0,0,0
obstetric,urgent,none,False,25,0,0,0,0,0,0,0,0,0,1,0,0,0,0,0,0,0,0,0,0,0,0
obstetric,urgent,none,False,48,0,0,0,0,0,0,0,0,0,1,0,0,0,0,0,0,0,0,0,0,0,0
pediatric,critical,none,False,45,1,0,1,0,0,0,1,0,0,1,0,0,0,0,0,0,0,0,0,0,0,0
stroke,stable,none,False,29,0,0,0,0,0,0,0,0,0,0,0,0,0,0,0,0,0,0,0,0,0,0
burns,stable,none,False,45,0,0,0,0,0,0,0,0,0,0,0,0,0,0,1,0,0,0,0,0,0,0
obstetric,critical,none,True,46,0,0,0,0,0,1,0,0,0,1,0,0,1,0,0,0,0,1,0,0,0,0
trauma,stable,none,False,59,0,0,0,0,0,0,0,0,0,0,0,0,0,0,0,0,0,0,0,0,0,0
stroke,stable,mild,False,59,0,0,0,0,0,0,0,0,0,0,0,0,0,1,1,0,0,0,1,0,0,0
pediatric,critical,none,False,44,0,0,0,0,1,0,1,0,0,1,0,0,0,0,0,0,0,0,0,1,0,0
general,urgent,severe,False,43,1,0,0,0,0,0,0,0,1,0,0,0,0,0,0,0,0,0,1,1,1,1
obstetric,urgent,none,False,63,0,0,1,0,0,1,0,0,0,1,0,0,0,0,0,0,0,0,0,0,0,0
stroke,urgent,none,False,43,1,0,1,1,1,0,0,0,0,0,1,0,1,0,0,0,0,0,0,1,0,0
respiratory,urgent,severe,False,27,1,0,1,0,0,0,0,1,1,0,0,0,0,0,0,0,0,1,1,0,1,0
stroke,critical,none,False,57,1,0,1,1,1,0,0,0,0,1,0,0,1,0,0,0,0,0,0,0,0,0
poisoning,critical,none,False,48,0,0,0,0,0,0,0,0,0,1,0,0,0,0,0,0,0,0,0,0,0,0
cardiac,stable,none,False,29,1,0,0,0,0,0,0,0,0,0,0,0,0,0,1,0,0,1,0,0,0,0
obstetric,urgent,none,False,48,0,0,0,1,0,0,0,0,0,0,0,0,0,0,1,0,0,0,0,0,0,1
respiratory,stable,none,True,50,0,0,0,0,0,0,0,0,0,0,0,0,0,0,0,0,0,0,0,0,0,0
respiratory,critical,none,False,27,1,0,0,0,0,0,0,1,0,0,1,0,1,0,0,0,0,0,0,0,0,0
cardiac,critical,none,False,42,1,1,0,0,0,0,0,0,0,1,0,1,0,0,1,1,0,0,0,0,0,0
pediatric,urgent,none,False,34,1,0,0,0,0,0,1,0,0,0,0,0,0,0,0,0,0,0,0,0,0,0
burns,urgent,none,False,45,1,0,0,0,1,0,0,0,0,0,0,0,0,0,0,0,0,0,0,0,0,0
obstetric,stable,none,False,4,0,0,0,0,0,0,1,0,0,0,0,0,0,0,0,0,0,0,0,0,0,0
stroke,urgent,none,False,51,1,0,1,0,0,0,0,0,1,0,0,0,0,0,0,0,1,0,0,0,0,0
obstetric,urgent,none,False,24,0,0,0,0,0,1,0,0,0,1,0,0,0,0,0,0,0,0,0,0,0,0
trauma,urgent,none,False,32,1,0,0,0,0,0,0,0,0,1,0,0,0,0,0,0,0,0,0,0,0,0
general,critical,severe,False,33,1,0,0,0,0,0,0,0,0,1,0,0,0,0,0,0,0,1,0,1,1,1
burns,critical,mild,False,51,0,0,0,0,0,0,0,0,1,1,0,0,0,0,0,0,0,0,0,1,0,1
burns,stable,none,False,0,0,0,0,0,0,0,1,0,0,0,0,0,0,0,0,0,0,1,0,0,0,0
respiratory,stable,mild,False,33,0,0,0,0,0,0,0,0,0,0,0,0,0,0,0,0,0,0,0,1,0,0
trauma,urgent,mild,False,15,0,0,0,1,0,0,0,0,0,0,0,0,0,0,0,0,0,0,0,0,0,0
stroke,urgent,mild,False,38,0,0,0,1,0,0,0,0,0,0,0,0,0,0,0,0,0,0,0,1,0,0
cardiac,urgent,none,False,32,0,1,0,0,0,0,0,0,0,1,1,0,0,0,0,0,0,1,0,0,0,0
general,critical,none,False,17,1,0,0,0,1,0,0,0,1,1,0,0,0,0,0,0,0,0,0,0,0,0
trauma,urgent,none,False,47,1,0,0,0,0,0,0,0,0,0,0,0,0,0,0,0,0,0,0,0,0,0
respiratory,critical,none,False,38,1,0,0,0,0,0,0,1,1,1,0,0,0,0,0,0,0,0,0,0,0,0
poisoning,stable,none,False,34,0,0,0,1,0,0,0,0,0,0,0,0,0,0,0,0,0,0,0,0,0,0
cardiac,urgent,none,False,67,1,0,0,0,0,0,0,0,0,1,0,0,0,0,0,0,0,0,0,0,0,0
pediatric,critical,mild,False,0,0,1,0,0,0,0,1,0,0,1,0,0,1,0,0,0,0,1,0,1,1,1
trauma,stable,none,False,62,0,0,0,0,0,0,1,0,0,0,0,0,0,0,0,0,0,0,0,0,0,0
stroke,urgent,none,False,60,1,0,1,0,0,0,0,0,0,0,0,0,0,0,0,0,0,0,0,0,0,0
general,critical,none,False,41,1,0,0,0,0,0,0,0,0,1,0,0,0,0,0,0,0,0,0,0,0,1
stroke,urgent,none,False,56,1,0,0,0,0,0,0,0,0,0,0,0,0,0,0,0,0,0,0,0,0,0
general,urgent,none,False,48,0,0,0,0,0,0,0,0,0,0,1,0,0,0,0,0,0,0,0,0,0,0
cardiac,urgent,mild,False,66,0,1,0,0,0,0,0,0,0,1,0,0,0,0,0,0,0,1,1,0,0,0
general,critical,mild,True,19,1,0,0,0,0,1,0,0,0,1,0,0,0,0,0,0,0,0,0,0,0,0
respiratory,critical,none,False,87,1,0,0,0,0,0,0,0,1,1,1,0,0,0,0,0,0,0,0,0,0,0
cardiac,stable,none,False,0,0,0,0,0,0,0,1,0,0,0,0,0,0,0,0,0,0,0,0,1,0,0
burns,urgent,none,False,25,1,0,0,0,0,0,0,0,1,0,0,0,0,1,0,0,0,0,0,0,0,0
general,urgent,none,False,32,1,0,0,0,0,0,0,0,0,0,0,0,0,0,0,0,0,0,1,0,0,0
cardiac,stable,none,False,46,1,0,1,0,0,0,0,0,0,1,0,0,0,0,0,0,0,0,0,0,0,0
trauma,critical,severe,False,0,1,0,0,1,0,0,1,0,0,1,0,0,1,0,0,0,0,1,1,0,1,1
stroke,critical,none,False,9,0,0,0,1,0,0,1,0,0,1,0,0,1,0,0,0,0,0,0,0,0,0
stroke,urgent,severe,False,58,0,0,1,0,0,0,0,0,0,0,0,0,0,0,0,0,0,1,0,0,1,0
general,urgent,none,False,33,1,0,0,0,0,0,0,0,0,1,0,0,0,0,0,0,0,1,0,0,0,0
cardiac,urgent,none,False,52,0,1,0,0,0,0,0,0,0,0,0,0,0,0,0,0,0,0,0,0,0,0
stroke,stable,mild,False,8,1,0,0,0,0,0,1,0,0,0,0,0,0,0,0,0,0,0,0,0,0,0
respiratory,urgent,severe,False,57,1,0,0,0,0,0,0,1,0,0,0,0,0,0,0,0,0,0,1,1,0,0
pediatric,critical,none,False,26,0,0,0,0,0,0,1,0,1,0,0,0,0,0,0,0,0,0,0,0,0,0
cardiac,stable,mild,False,33,1,0,0,0,0,0,0,0,0,0,0,0,0,0,0,0,0,0,0,0,0,0
general,critical,mild,False,52,1,0,0,0,0,0,0,0,0,1,0,1,0,1,0,0,0,0,0,0,0,0
stroke,urgent,mild,False,19,0,0,1,0,0,0,0,0,0,0,0,0,1,0,0,0,0,0,0,0,0,0
burns,urgent,none,False,60,1,0,0,0,1,0,0,0,0,0,0,0,0,0,0,0,0,0,0,0,1,0
poisoning,critical,none,False,32,1,1,0,0,0,0,0,0,0,1,0,0,0,0,0,0,0,0,0,1,0,0
cardiac,stable,severe,False,24,0,1,0,0,0,0,0,0,0,0,0,0,0,1,0,0,1,1,1,1,0,1
poisoning,urgent,none,False,60,1,0,0,0,0,1,0,0,0,0,0,0,0,0,0,0,0,0,0,0,0,0
poisoning,urgent,none,False,63,1,0,1,0,0,0,0,0,0,0,0,0,0,0,0,0,0,1,0,0,0,0
trauma,urgent,none,False,52,1,0,0,0,0,0,0,0,0,1,0,0,1,0,0,0,0,0,0,0,0,0
pediatric,urgent,none,False,59,1,0,0,0,0,0,0,0,1,0,0,0,0,0,0,1,1,0,0,0,0,0
cardiac,critical,mild,False,52,0,1,0,0,0,0,0,0,0,1,0,1,0,0,1,0,0,0,0,0,0,0
obstetric,critical,mild,False,40,0,0,0,0,0,0,0,0,1,1,0,0,0,0,0,0,1,0,0,0,0,1
obstetric,stable,none,False,11,0,0,0,0,0,1,0,0,0,0,1,0,0,0,0,1,0,0,0,0,0,0
cardiac,urgent,mild,False,48,1,0,0,1,0,0,0,0,0,1,0,0,0,0,0,0,0,0,0,1,0,0
poisoning,critical,severe,False,50,1,0,0,0,0,0,0,0,0,1,1,0,0,0,0,0,0,1,1,0,0,1
stroke,stable,none,False,29,0,1,0,0,0,0,0,0,0,0,0,0,0,0,0,0,0,0,0,0,0,0
poisoning,stable,severe,False,22,0,0,0,0,0,0,0,0,1,0,0,0,0,0,0,0,0,1,1,0,1,1
pediatric,urgent,mild,False,40,1,0,0,0,0,0,1,0,0,0,0,0,1,0,0,0,0,0,0,0,1,1
pediatric,urgent,severe,False,42,0,0,0,0,1,0,0,0,0,0,0,0,0,0,0,0,0,1,0,1,1,0
cardiac,urgent,none,False,37,1,0,0,0,0,0,0,0,0,1,0,0,0,0,0,0,0,0,0,0,0,0
general,stable,none,False,40,1,0,0,0,0,0,0,0,0,0,0,0,0,0,0,0,0,0,0,0,0,0
burns,urgent,none,False,54,1,0,0,0,0,0,0,0,0,0,0,0,0,0,0,0,0,0,0,0,0,0
pediatric,stable,none,False,59,0,0,0,0,0,0,0,0,0,0,0,0,0,0,0,0,1,0,0,0,0,0
cardiac,urgent,mild,False,25,1,1,0,0,0,0,0,0,0,1,0,0,0,0,0,0,0,0,0,0,0,0
poisoning,critical,none,False,53,1,0,0,0,0,0,0,0,0,0,1,0,0,0,0,0,0,0,0,0,0,0
obstetric,urgent,severe,True,56,0,0,0,0,0,1,0,0,0,0,0,0,0,0,0,0,0,0,0,1,0,1
cardiac,critical,none,False,49,1,1,0,0,0,0,0,0,0,1,0,1,0,0,1,0,0,0,0,0,0,0
stroke,urgent,mild,False,22,1,0,1,0,0,0,0,0,0,0,0,0,0,0,1,0,0,0,0,0,1,0
obstetric,urgent,none,False,20,0,0,0,0,0,1,1,1,0,0,0,0,0,1,0,0,0,0,0,0,0,0
pediatric,urgent,none,False,33,1,0,0,0,0,0,1,0,0,0,0,1,0,0,0,0,0,0,0,0,0,0
obstetric,critical,none,True,22,0,0,0,0,0,1,0,0,1,0,0,0,0,0,0,0,0,0,0,0,0,0
respiratory,stable,mild,False,74,0,0,0,0,0,0,0,0,0,0,0,0,0,0,0,0,0,0,0,0,0,0
general,stable,mild,False,18,0,0,0,0,0,0,0,0,0,0,1,0,0,0,0,0,0,0,0,0,0,0
general,critical,mild,False,37,1,0,0,0,0,0,0,0,0,1,0,0,0,0,0,0,0,0,1,0,1,0
cardiac,critical,none,False,61,1,1,0,0,0,0,0,0,0,1,0,1,0,0,1,0,1,1,0,0,0,0
pediatric,critical,none,False,60,1,0,0,0,0,0,1,0,0,1,0,0,0,0,0,0,0,0,0,0,0,0
poisoning,urgent,none,False,42,1,0,0,0,0,0,0,0,0,0,0,0,0,0,0,0,1,0,0,1,0,0
poisoning,urgent,none,False,5,1,0,0,0,0,0,0,0,0,0,1,0,0,0,0,0,1,0,0,0,0,0
cardiac,critical,none,False,40,1,1,0,0,1,0,0,0,0,1,0,0,0,0,0,0,0,1,0,0,0,0
obstetric,stable,none,False,42,0,0,0,0,0,0,0,0,0,0,0,0,0,0,0,0,0,0,0,0,0,0
respiratory,urgent,none,False,18,1,0,0,1,0,0,0,1,0,0,1,0,0,0,0,0,0,0,0,0,0,0
respiratory,stable,severe,False,33,0,0,0,0,0,0,0,0,0,0,0,0,0,0,0,0,0,0,0,0,0,0
burns,urgent,none,False,39,1,0,1,0,1,0,1,0,0,0,0,0,0,0,0,0,0,0,1,0,0,0
stroke,urgent,mild,False,0,1,0,1,0,0,0,0,0,0,0,0,0,0,0,0,0,0,0,0,0,1,0
poisoning,urgent,mild,False,24,1,0,0,0,0,0,0,0,0,0,0,0,1,0,0,0,0,1,0,0,0,0
stroke,stable,mild,False,26,0,0,0,0,0,0,0,0,0,0,0,0,0,0,0,0,0,1,0,1,0,0
trauma,stable,severe,False,39,0,0,0,0,0,0,0,0,0,0,0,0,0,0,0,0,0,1,0,1,0,1
stroke,urgent,none,False,45,1,0,1,0,0,0,0,0,0,0,0,0,1,0,0,0,0,0,0,0,0,0
trauma,stable,none,False,3,0,0,0,0,0,0,1,0,0,0,0,0,0,0,0,0,0,0,0,0,0,0
pediatric,critical,none,False,40,1,0,0,0,0,0,0,0,0,1,0,0,0,0,0,0,0,0,0,0,1,0
cardiac,critical,none,False,45,1,1,1,0,0,0,1,0,0,1,0,1,0,0,0,0,0,0,0,0,0,0
poisoning,urgent,none,False,54,1,0,0,0,0,0,0,0,0,0,0,0,0,0,0,0,0,0,0,0,0,0
trauma,critical,none,False,52,0,0,0,0,0,0,0,0,1,1,1,0,0,0,0,0,1,1,0,0,1,0
trauma,stable,none,False,61,0,0,0,0,0,0,0,0,0,0,0,0,0,0,0,0,0,0,0,0,0,0
obstetric,stable,severe,False,30,1,0,0,0,0,0,0,0,0,0,0,0,0,0,0,0,0,0,1,0,0,0
pediatric,stable,mild,False,50,0,0,0,0,0,0,0,0,0,1,0,0,0,0,0,0,0,0,0,0,1,1
respiratory,stable,severe,False,17,0,0,0,0,0,0,0,0,0,0,0,0,0,0,0,0,0,0,0,0,1,0
burns,urgent,none,False,0,1,0,0,0,0,0,1,0,0,0,0,0,0,0,0,0,0,0,0,0,0,0
general,urgent,mild,False,9,1,0,0,0,0,0,0,0,0,1,0,0,0,0,0,0,0,0,0,0,0,0
burns,urgent,mild,False,41,1,0,0,0,0,0,0,0,0,0,0,0,0,0,0,0,0,0,1,1,0,0
burns,urgent,none,False,44,0,0,0,0,0,0,0,0,0,0,0,0,0,0,0,0,0,0,0,0,0,0
pediatric,urgent,severe,False,24,1,0,0,0,0,0,0,0,0,0,0,0,0,0,0,0,0,1,1,0,0,1
trauma,critical,none,False,36,1,0,0,1,0,0,0,0,1,1,0,0,0,0,0,0,1,1,0,0,0,0
general,urgent,mild,False,37,0,0,0,0,0,0,0,0,0,1,0,0,0,0,0,0,0,0,0,0,0,0
pediatric,stable,mild,False,66,0,0,0,0,0,0,0,0,1,0,0,0,0,0,0,0,0,0,0,1,0,0
burns,stable,mild,False,36,0,0,0,0,0,0,0,0,0,0,0,0,0,0,0,0,0,1,0,0,0,0
burns,urgent,severe,False,55,1,0,0,0,1,0,0,0,0,0,0,0,0,0,0,0,0,0,0,1,1,1
burns,critical,none,False,0,1,0,0,0,1,0,0,0,0,1,0,0,0,0,0,0,0,0,0,0,0,0
cardiac,stable,none,False,41,0,0,0,0,0,1,0,0,0,0,0,0,0,0,0,0,0,0,0,0,0,0
poisoning,urgent,severe,False,44,1,0,0,0,0,0,0,0,0,0,0,0,0,0,0,0,0,0,0,0,0,0
respiratory,critical,mild,False,35,1,0,0,1,0,1,0,0,0,1,0,0,0,0,0,0,0,0,0,0,0,0
obstetric,urgent,none,True,49,0,0,0,0,0,1,0,0,1,1,1,0,0,0,1,0,0,0,0,0,0,0
poisoning,urgent,severe,False,24,1,0,0,0,0,0,1,0,0,0,0,0,0,0,0,0,0,0,0,0,1,1
obstetric,critical,none,False,31,1,0,0,0,0,1,0,0,1,1,0,1,0,0,0,0,0,0,0,0,0,0
pediatric,critical,none,False,23,1,0,0,0,0,0,1,0,0,1,0,0,0,0,0,0,0,0,0,0,0,0
burns,stable,none,False,27,0,0,0,0,0,0,0,0,0,0,0,1,0,0,0,0,0,0,0,0,0,0
general,urgent,none,False,53,1,0,0,0,0,0,0,0,0,0,0,0,0,0,0,0,0,0,0,1,0,0
general,stable,none,False,36,0,0,0,0,0,0,0,0,0,0,0,0,0,0,0,0,0,0,0,0,0,0
pediatric,critical,none,False,32,1,0,0,0,0,0,1,0,0,0,0,0,0,0,0,0,0,0,0,0,0,0
poisoning,urgent,none,False,55,1,0,0,0,0,0,0,0,0,0,0,0,0,0,0,0,0,1,0,0,0,0
pediatric,critical,severe,False,32,1,0,0,0,0,0,1,0,0,1,0,0,0,0,0,0,1,0,0,1,0,0
poisoning,urgent,severe,False,21,1,0,1,0,0,0,0,0,0,0,0,0,0,0,0,0,0,1,0,0,1,1
trauma,critical,mild,False,23,1,0,0,1,0,1,0,0,0,1,0,0,0,1,0,0,0,0,0,0,0,0
respiratory,critical,none,False,49,1,0,0,0,0,0,0,0,0,1,0,0,0,0,0,0,0,0,0,1,0,0
respiratory,urgent,none,False,66,1,0,0,0,0,0,0,0,0,0,0,0,0,0,0,0,0,0,0,0,0,0
trauma,urgent,none,False,3,1,0,0,0,0,0,1,0,0,0,0,0,0,0,0,0,0,0,0,0,0,0
poisoning,critical,none,False,51,1,0,0,0,0,0,0,0,0,0,1,0,0,0,0,0,0,0,0,1,0,0
poisoning,urgent,none,False,57,0,0,0,0,0,0,0,0,0,0,0,0,0,0,0,0,0,0,0,0,0,0
trauma,stable,none,False,30,0,0,0,0,0,0,0,0,0,0,0,0,0,1,0,0,0,0,0,0,0,0
stroke,critical,none,False,25,1,0,1,0,0,0,0,0,0,0,0,0,1,0,0,0,0,0,0,0,1,0
burns,urgent,none,False,39,0,0,0,0,1,0,0,0,0,0,0,0,0,0,0,0,0,0,0,0,0,0
respiratory,stable,none,False,62,0,0,0,0,1,0,0,0,0,0,0,0,0,1,0,0,0,0,0,0,0,0
obstetric,critical,none,False,29,1,0,0,0,0,1,0,0,0,1,0,1,1,0,0,0,0,0,0,0,0,0
respiratory,stable,none,False,39,0,0,0,0,0,0,0,0,0,0,0,0,0,0,0,0,0,0,0,0,0,0
trauma,stable,none,False,21,0,0,0,0,0,0,0,0,1,0,0,0,0,0,0,0,0,0,0,0,0,0
respiratory,stable,none,False,36,0,0,0,1,0,0,0,0,1,0,0,0,1,0,0,0,0,0,0,0,0,0
obstetric,critical,none,False,29,0,0,0,0,0,1,0,0,1,1,0,0,0,0,0,0,1,0,0,0,0,0
stroke,urgent,mild,False,73,1,1,1,0,1,0,0,0,0,0,0,0,0,0,0,0,0,0,0,0,1,0
respiratory,stable,severe,False,20,0,0,0,0,0,0,0,0,0,0,1,0,0,0,0,0,0,1,1,1,1,1
pediatric,urgent,none,False,21,0,0,0,0,0,0,0,0,0,0,0,0,0,0,0,0,0,0,0,0,0,0
burns,stable,none,False,11,0,0,0,0,0,0,0,0,0,0,1,0,0,0,0,0,1,0,0,0,0,0
trauma,stable,none,False,62,0,0,1,0,0,0,0,1,0,0,0,0,0,1,0,0,0,0,0,0,0,0
pediatric,urgent,none,False,43,1,0,0,0,0,0,1,0,0,0,0,0,0,0,0,0,0,0,0,0,0,0
general,stable,severe,False,48,1,0,0,0,0,0,0,0,1,0,0,0,0,0,0,0,0,0,1,0,1,0
obstetric,urgent,none,False,43,0,0,0,0,0,1,0,0,0,1,0,0,0,0,0,0,1,0,0,0,0,0
obstetric,critical,mild,False,35,0,0,0,0,0,1,0,0,1,1,0,0,0,0,0,0,0,0,0,0,0,0
poisoning,stable,mild,False,20,0,0,0,0,0,0,0,0,1,0,0,0,0,0,0,0,0,0,0,0,0,0
trauma,stable,none,False,36,0,0,0,0,0,0,0,0,0,0,0,0,0,0,0,0,0,0,0,0,0,0
respiratory,urgent,none,False,90,0,0,0,0,0,0,0,0,0,0,0,0,0,0,0,0,0,0,0,0,0,0
poisoning,urgent,none,False,49,0,0,0,0,0,0,0,0,0,0,0,0,0,0,0,0,0,0,0,1,0,1
cardiac,urgent,none,False,53,1,1,0,0,0,0,0,0,0,0,0,0,0,0,0,0,0,0,0,0,0,0
general,urgent,mild,False,31,1,0,0,0,0,0,0,0,0,1,0,0,0,0,1,0,0,0,0,0,0,0
trauma,urgent,none,False,43,1,0,0,1,0,0,0,0,0,0,0,0,0,0,0,1,0,0,0,0,0,0
respiratory,urgent,none,False,31,1,0,0,0,0,0,0,1,0,0,0,0,0,0,0,0,0,0,0,0,0,0
trauma,urgent,none,False,70,1,0,0,1,0,0,0,0,0,0,0,0,0,0,0,0,0,0,0,0,0,0
pediatric,critical,severe,False,62,1,0,0,0,0,0,1,0,0,1,0,0,0,0,0,0,0,1,1,0,1,0
obstetric,stable,none,False,48,0,0,0,0,0,0,0,0,0,0,0,0,0,0,0,0,0,0,0,0,0,0
respiratory,critical,none,False,48,1,0,0,0,0,0,0,1,0,1,1,0,0,0,0,0,0,0,1,0,0,0
general,stable,none,False,90,0,0,0,0,0,0,0,0,0,0,0,0,0,0,0,0,0,0,0,0,0,1
cardiac,critical,none,False,49,1,1,0,0,0,0,0,0,0,1,0,1,0,0,1,0,0,0,0,0,0,0
burns,critical,none,False,35,1,1,0,0,0,0,0,0,0,1,1,0,0,0,0,0,0,0,0,0,0,0
general,urgent,none,False,22,1,0,0,0,0,0,0,0,0,0,0,0,0,0,0,0,0,0,0,0,0,0
stroke,urgent,none,False,19,1,0,1,0,0,0,0,0,0,0,0,0,1,0,0,0,0,0,0,0,0,0
burns,stable,none,False,62,0,0,0,0,1,0,0,0,0,0,0,0,0,0,0,0,0,0,0,0,0,0
trauma,critical,none,False,25,1,0,0,1,0,0,0,0,1,1,0,0,0,0,0,0,1,0,0,0,0,0
burns,stable,none,False,51,0,0,0,0,0,0,0,0,1,0,0,0,0,0,0,0,0,0,0,1,0,0
trauma,stable,none,False,19,0,0,0,0,0,0,0,0,0,0,0,0,0,0,0,0,0,1,0,0,0,0
general,urgent,mild,False,29,1,0,0,0,0,0,0,0,0,0,0,0,0,0,0,0,0,0,0,0,0,0
cardiac,urgent,mild,False,84,0,1,0,0,1,0,0,0,0,1,0,0,0,0,0,0,0,0,0,1,1,0
pediatric,stable,none,False,53,0,1,0,0,0,0,0,0,0,0,0,0,0,0,0,0,0,0,0,0,0,0
cardiac,critical,mild,False,43,1,1,0,0,0,0,0,0,0,1,0,1,0,0,1,0,0,1,0,0,0,0
cardiac,stable,none,False,65,1,0,0,0,0,0,0,0,0,0,0,0,0,0,0,0,0,0,0,0,0,0
poisoning,urgent,mild,False,41,1,0,0,0,0,0,0,0,1,0,0,0,0,0,0,0,0,0,0,1,1,0
general,urgent,none,False,32,1,0,0,0,0,0,0,0,0,1,0,0,0,1,0,0,0,0,0,0,0,0
obstetric,urgent,mild,False,58,0,0,0,0,0,1,0,0,0,1,0,0,0,0,1,0,0,0,0,1,0,1
stroke,stable,none,False,41,0,0,0,0,0,0,0,0,0,0,0,0,0,0,0,0,0,0,0,0,0,0
burns,critical,none,False,38,1,1,0,0,1,0,0,0,0,1,0,0,0,0,0,1,0,0,0,0,0,0
respiratory,critical,none,False,39,1,0,0,0,0,0,0,1,0,0,0,0,0,0,0,0,0,0,0,0,0,0
poisoning,critical,none,False,83,0,0,0,0,0,0,0,0,0,0,0,1,0,0,0,1,0,0,0,0,0,0
general,stable,none,False,47,1,0,0,0,0,0,0,0,0,0,0,0,0,0,0,0,0,0,0,0,1,1
burns,stable,none,False,47,0,0,0,0,1,0,0,0,0,0,0,0,0,0,0,0,0,1,0,0,0,0
burns,urgent,mild,False,24,1,0,0,0,1,0,0,0,0,0,0,0,0,0,0,0,0,0,0,1,1,0
pediatric,urgent,mild,False,35,1,0,0,0,0,0,0,0,0,0,0,0,0,0,0,0,0,1,1,0,0,0
cardiac,urgent,severe,False,45,1,1,0,0,0,0,0,0,0,1,0,0,0,0,0,0,0,1,0,0,0,1
obstetric,critical,none,True,72,0,0,0,0,0,0,0,1,1,1,0,0,1,0,0,0,0,0,0,0,0,1
burns,critical,none,False,0,1,0,1,0,0,0,1,0,0,1,1,0,0,0,0,0,0,1,0,0,0,0
pediatric,urgent,none,False,53,1,0,0,0,0,0,1,0,0,1,0,0,0,0,0,0,1,0,0,0,0,0
cardiac,urgent,none,False,72,1,0,0,0,0,0,0,0,0,0,1,0,0,0,0,0,0,0,0,0,0,0
trauma,urgent,none,False,31,1,0,1,1,0,1,0,0,0,0,0,0,0,0,0,0,0,0,0,0,0,0
general,critical,none,False,50,1,0,0,0,0,0,0,0,0,1,0,0,0,0,0,0,0,0,0,0,0,0
trauma,stable,severe,False,49,0,0,0,0,0,0,0,0,0,0,0,0,0,0,0,0,0,1,1,1,0,0
poisoning,critical,none,False,27,1,0,0,0,0,0,0,0,0,1,0,0,0,0,0,0,0,0,0,0,0,0
stroke,critical,mild,False,60,1,0,1,0,0,0,0,0,0,1,0,0,1,0,0,0,0,1,0,1,0,1
cardiac,urgent,none,False,4,0,0,0,0,0,0,1,0,0,1,0,0,0,0,0,0,0,0,0,0,0,0
trauma,stable,mild,True,28,0,0,0,0,0,1,0,0,0,0,0,0,0,0,0,0,0,1,0,1,1,0
poisoning,critical,none,False,45,0,0,0,0,0,0,1,0,0,1,1,0,1,0,0,0,0,0,0,0,0,0
trauma,critical,mild,False,19,1,0,0,1,0,0,0,0,1,1,0,0,0,0,1,0,1,0,0,1,0,0
burns,critical,severe,False,35,1,1,1,0,1,0,0,0,1,1,0,0,0,0,0,0,0,0,0,0,1,1
obstetric,critical,none,False,28,1,0,1,1,0,0,0,0,1,1,0,0,0,0,0,0,0,0,0,0,0,0
stroke,stable,none,False,58,0,0,0,0,0,0,0,0,1,0,0,0,0,0,0,0,0,1,0,0,0,0
stroke,stable,none,False,25,0,0,0,0,0,0,0,0,0,0,0,0,0,0,0,0,0,0,0,0,0,0
stroke,urgent,none,False,47,1,0,1,0,0,0,0,0,1,0,0,0,1,0,0,0,0,0,0,0,0,0
burns,stable,mild,False,32,0,0,0,0,0,0,0,0,0,0,0,0,0,0,0,0,0,0,0,0,1,0
trauma,critical,severe,False,28,1,0,0,1,0,0,0,0,1,1,0,0,0,0,1,0,0,1,0,1,0,0
stroke,critical,none,False,7,1,0,1,0,0,0,0,0,0,0,0,0,1,0,0,0,0,0,0,0,0,0
general,urgent,none,False,18,0,0,0,0,0,0,1,0,0,1,0,0,0,0,0,0,0,0,0,0,1,0
pediatric,urgent,severe,False,11,0,1,1,0,0,0,1,0,0,0,0,0,0,0,0,0,0,0,0,0,1,0
general,urgent,severe,False,46,1,0,0,0,0,0,0,0,0,1,0,0,0,0,0,0,0,1,0,1,1,1
general,urgent,none,False,0,1,0,0,0,0,0,0,0,0,1,0,0,0,0,0,0,0,0,0,0,0,0
trauma,urgent,none,False,41,0,0,0,0,0,1,0,0,0,0,0,0,0,0,0,0,0,0,0,0,0,0
trauma,urgent,severe,False,26,0,0,0,0,0,0,0,0,0,0,0,0,0,0,0,0,0,1,0,0,0,0
general,critical,none,False,35,1,0,0,0,0,0,0,0,0,1,0,0,0,0,0,0,0,0,0,0,0,0
respiratory,urgent,mild,False,24,1,0,0,0,0,0,0,0,0,0,0,0,0,0,0,0,0,0,0,0,0,0
respiratory,urgent,mild,False,20,1,0,0,0,0,0,0,0,0,0,0,0,0,0,0,0,0,0,0,0,1,0
respiratory,stable,none,False,69,0,0,0,0,0,0,0,0,0,0,0,0,0,0,0,0,0,0,0,0,0,0
obstetric,stable,none,False,5,0,0,0,0,0,0,1,0,0,1,0,0,0,0,0,0,0,0,0,0,0,0
stroke,critical,mild,False,31,1,0,0,0,0,0,0,0,0,1,0,0,1,0,0,0,0,0,0,0,0,0
cardiac,stable,mild,False,15,0,1,0,0,1,0,0,0,0,0,0,0,0,0,0,0,0,0,0,0,0,0
poisoning,urgent,none,False,26,1,0,0,0,0,0,0,0,0,0,0,0,1,0,0,0,0,0,0,0,0,0
general,stable,none,False,30,1,0,0,0,0,0,0,0,0,0,0,0,0,0,0,0,0,0,0,0,0,0
burns,stable,none,False,0,0,0,0,0,0,0,1,0,0,0,0,0,0,0,0,0,0,0,0,0,0,0
trauma,critical,none,False,72,1,0,0,1,0,0,1,0,1,1,0,0,0,0,1,0,1,1,1,0,0,0
trauma,stable,none,False,52,0,0,0,0,0,0,0,0,0,0,0,0,0,0,0,0,0,0,0,0,0,0
general,urgent,none,False,33,1,0,0,0,0,0,0,0,0,1,0,0,0,0,0,0,0,0,0,0,0,0
cardiac,stable,mild,False,32,1,0,0,0,0,0,0,0,1,0,0,1,0,0,0,0,0,0,0,0,0,0
poisoning,urgent,none,False,67,1,0,0,0,0,0,0,0,1,0,0,0,0,1,0,0,0,0,0,0,0,0
trauma,urgent,mild,False,65,1,0,0,1,0,0,0,0,0,0,0,0,0,0,0,0,0,0,0,0,0,0
obstetric,urgent,none,False,14,1,0,0,0,0,1,0,0,0,1,0,0,0,0,0,0,0,0,0,0,0,0
respiratory,critical,none,False,41,1,0,0,0,0,0,0,1,1,1,1,0,0,0,0,0,0,0,0,0,0,0
pediatric,urgent,mild,True,12,0,0,0,0,0,1,1,0,0,0,0,0,0,0,0,0,0,0,0,0,0,0
trauma,stable,none,False,24,0,1,0,0,0,0,0,0,0,0,0,0,0,0,0,0,0,0,0,0,0,0
general,urgent,none,False,14,0,0,0,0,0,0,0,0,0,1,0,0,0,0,0,0,0,0,0,0,0,0
obstetric,stable,mild,False,40,0,0,0,0,0,0,0,0,0,0,1,0,0,0,0,0,0,0,0,0,0,0
trauma,stable,mild,False,59,0,0,0,0,0,0,0,0,0,0,0,0,0,0,0,0,0,0,0,1,0,0
respiratory,stable,mild,False,21,0,0,0,0,0,0,0,0,0,0,0,0,0,0,0,1,0,0,0,0,0,0
respiratory,urgent,none,False,40,1,0,0,0,0,0,0,0,0,0,0,0,0,0,0,0,0,0,0,0,0,0
burns,stable,mild,False,25,0,0,0,0,0,0,0,0,0,0,0,0,0,0,0,0,0,0,0,0,0,1
pediatric,stable,none,False,53,0,0,0,0,0,0,0,0,1,0,0,0,0,0,0,0,0,0,1,0,0,0
respiratory,stable,none,False,51,0,0,0,0,0,0,0,0,0,0,0,0,0,0,0,0,0,0,0,0,0,0
respiratory,stable,none,False,0,0,0,0,0,0,0,0,0,1,0,0,0,0,0,0,0,0,0,0,0,0,0
cardiac,stable,none,False,31,0,0,0,0,0,0,0,0,0,0,0,0,0,0,0,0,0,0,0,0,0,0
trauma,urgent,severe,False,74,1,0,0,0,0,0,0,0,1,0,0,0,0,0,0,0,0,1,1,1,1,1
burns,critical,severe,False,38,1,0,0,0,0,0,0,0,1,1,1,0,0,0,0,0,0,1,0,0,0,0
stroke,critical,mild,False,26,0,0,1,0,0,0,0,0,0,1,0,0,1,0,0,0,0,0,0,0,0,0
cardiac,urgent,none,False,15,1,1,0,0,0,0,0,0,0,1,0,0,0,0,0,0,0,0,0,0,0,0
stroke,stable,none,False,17,0,0,0,0,0,0,0,0,0,0,0,0,0,0,0,0,0,0,0,0,0,0
burns,critical,severe,False,20,1,0,0,0,1,0,0,0,0,1,0,0,0,0,0,0,0,0,1,0,1,1
respiratory,critical,severe,False,53,1,0,0,0,0,0,0,1,0,1,1,0,0,0,0,1,0,1,1,1,1,0
general,critical,mild,False,67,1,0,0,0,0,0,0,0,0,1,0,0,0,0,0,0,0,0,1,0,0,1
respiratory,critical,mild,False,14,1,0,0,0,0,0,0,1,0,1,1,0,0,0,0,0,1,0,0,1,0,0
stroke,stable,none,False,31,0,0,0,0,0,0,0,0,0,0,0,0,0,0,0,0,0,0,0,0,0,0
stroke,stable,severe,False,56,0,0,0,0,0,0,0,0,0,0,0,0,0,0,0,0,0,1,1,1,1,0
poisoning,urgent,none,False,52,1,0,0,0,0,0,0,0,0,0,0,0,0,0,0,0,0,0,0,0,0,0
obstetric,urgent,none,False,61,0,0,0,0,0,0,0,0,0,1,0,0,0,0,1,0,0,0,0,0,0,0
poisoning,urgent,none,False,62,0,0,0,0,0,0,0,0,0,0,0,0,0,0,0,0,0,0,0,0,0,0
poisoning,stable,severe,False,43,0,0,0,0,0,0,0,0,0,0,0,0,0,0,0,0,0,0,1,0,1,1
cardiac,urgent,none,False,12,1,0,0,0,0,0,1,0,0,1,0,1,0,0,0,0,0,1,0,0,1,0
poisoning,critical,severe,False,33,1,0,0,0,0,0,0,0,0,1,0,0,0,0,0,0,0,1,0,0,0,0
respiratory,urgent,none,False,27,1,0,0,0,0,0,0,1,0,0,0,0,1,0,0,0,0,0,0,0,0,0
cardiac,stable,none,False,41,0,0,0,0,1,0,0,0,0,0,0,1,0,0,0,0,0,0,0,0,0,0
obstetric,urgent,none,False,78,0,0,0,0,0,1,0,0,0,1,0,0,0,0,0,0,0,0,0,0,0,0
pediatric,stable,mild,False,32,0,0,0,0,0,0,0,0,0,0,0,1,0,0,0,0,0,0,0,0,0,0
respiratory,critical,none,False,61,1,0,0,0,0,0,0,1,0,1,1,0,0,0,0,0,0,0,0,0,0,0
respiratory,stable,none,False,47,0,0,0,0,0,0,0,0,0,0,0,0,0,0,0,0,0,0,0,0,0,0
general,critical,none,False,50,1,0,0,0,0,0,0,1,0,1,0,0,0,0,0,0,0,0,0,0,0,0
cardiac,critical,none,False,0,1,1,0,0,0,0,1,0,0,1,1,0,0,0,0,0,0,0,0,0,0,0
general,urgent,mild,False,24,1,0,0,0,0,0,0,0,0,0,0,0,0,0,0,0,0,0,0,0,0,0
stroke,urgent,mild,False,41,1,0,1,0,0,0,0,0,0,0,0,0,1,0,0,0,0,0,0,0,0,1
poisoning,critical,none,False,27,1,1,0,0,0,0,0,0,0,1,1,0,0,0,0,0,0,0,0,0,0,0
poisoning,urgent,mild,False,40,1,0,0,0,0,0,0,0,0,0,0,0,0,0,0,0,0,0,1,0,1,0
respiratory,urgent,none,False,30,1,0,0,0,0,0,0,0,0,0,0,0,0,0,0,0,0,0,0,0,0,0
general,critical,none,False,45,1,0,0,0,0,0,0,0,0,1,0,0,0,0,0,0,0,0,0,0,0,0
pediatric,critical,mild,False,29,1,0,0,0,0,0,1,0,0,1,0,0,0,0,0,0,0,0,0,0,0,0
pediatric,critical,none,False,43,1,0,1,0,0,0,1,0,0,1,0,0,0,0,0,0,0,0,1,0,0,0
cardiac,critical,severe,False,36,1,1,0,0,0,0,0,0,0,1,0,0,0,0,1,0,0,0,0,0,0,0
trauma,urgent,mild,False,65,1,0,0,1,0,0,0,0,0,0,1,0,0,0,0,0,0,0,0,0,0,0
pediatric,critical,severe,False,8,1,0,0,0,0,0,1,0,0,1,0,0,0,0,0,1,0,1,0,0,1,1
poisoning,urgent,severe,False,90,0,0,0,1,0,0,0,0,0,0,0,0,0,0,0,0,0,0,1,1,1,0
pediatric,critical,none,False,54,1,0,0,0,0,0,1,0,0,1,0,0,0,0,0,0,0,0,0,0,0,0
burns,urgent,none,False,32,1,1,0,0,0,1,0,0,0,0,0,0,0,0,0,0,0,0,0,0,0,0
respiratory,urgent,mild,False,58,1,0,0,0,0,0,0,1,0,0,0,0,0,0,0,0,0,1,0,1,0,0
stroke,stable,mild,False,47,0,0,0,0,0,0,0,1,0,0,0,0,0,0,0,0,0,0,0,0,0,0
pediatric,urgent,none,False,33,1,0,1,0,0,0,0,0,0,0,0,0,0,0,0,0,0,0,0,0,0,0
respiratory,stable,severe,False,41,0,0,0,0,0,0,0,0,0,0,0,0,0,0,0,0,0,1,0,1,0,1
stroke,stable,mild,False,6,0,0,0,0,0,0,1,0,1,1,0,0,0,0,0,0,0,0,0,0,0,0
burns,stable,none,False,42,1,0,0,0,0,0,0,0,0,0,0,0,0,0,0,0,0,0,0,0,0,1
pediatric,urgent,mild,False,18,0,0,1,0,0,0,1,0,0,0,0,0,0,0,0,0,0,0,0,0,0,1
obstetric,stable,none,False,47,0,1,0,0,0,0,0,1,1,0,0,0,0,0,0,0,0,0,0,0,0,0
respiratory,urgent,severe,False,0,1,1,0,0,0,0,1,1,0,1,0,0,0,0,0,0,0,1,1,1,0,0
burns,stable,none,False,38,1,0,0,0,0,0,0,0,0,0,0,0,0,1,0,0,0,0,0,0,0,0
general,stable,severe,False,31,1,0,0,0,0,0,0,0,1,0,0,0,0,0,0,0,0,0,0,1,1,1
obstetric,urgent,mild,False,25,0,0,0,0,0,0,0,0,1,1,0,0,0,0,0,0,0,0,0,0,0,0
obstetric,critical,mild,True,1,0,0,0,0,0,1,0,0,0,1,0,0,0,0,0,1,0,0,0,0,0,0
pediatric,urgent,severe,False,6,0,0,0,0,0,0,1,0,0,0,0,0,0,0,0,0,0,0,1,0,1,0
pediatric,critical,none,False,18,0,0,0,0,0,0,0,0,0,0,0,0,0,0,0,0,0,0,0,0,0,0
pediatric,urgent,none,False,40,0,0,0,0,0,0,1,0,0,0,1,0,0,0,1,0,0,0,0,0,0,0
general,stable,none,False,81,1,0,0,0,0,0,0,0,0,0,0,0,0,0,0,0,0,0,0,0,0,0
obstetric,urgent,none,True,80,0,0,0,0,0,0,0,0,1,0,0,1,0,0,0,0,0,0,0,0,0,0
burns,urgent,none,True,31,0,0,0,0,1,0,0,0,1,0,0,0,0,0,0,0,0,0,0,0,0,0
cardiac,urgent,severe,False,44,1,1,0,0,0,0,0,0,0,1,0,0,0,0,0,0,0,1,1,0,1,1
burns,critical,mild,False,56,1,0,0,0,1,0,0,0,0,1,1,0,0,0,0,0,0,0,0,0,0,0
poisoning,stable,none,False,35,0,0,0,0,0,0,0,0,1,0,0,0,0,0,0,0,0,0,0,0,0,0
obstetric,urgent,none,True,62,0,0,0,0,0,1,0,0,0,1,0,0,0,0,0,0,0,0,0,0,0,0
general,stable,severe,False,33,1,0,0,0,0,1,0,0,1,0,0,0,0,0,0,0,1,0,1,1,0,0
respiratory,stable,none,False,57,0,0,0,0,0,0,0,0,0,0,0,0,0,0,0,0,0,0,0,0,0,0
stroke,stable,none,False,45,1,0,0,0,0,0,0,0,0,0,0,0,0,0,0,1,0,0,1,0,1,0
poisoning,urgent,none,False,56,0,0,0,0,0,0,0,0,0,0,0,0,0,0,0,0,0,1,0,0,0,0
obstetric,critical,severe,False,39,1,0,0,0,0,1,1,0,1,1,0,0,0,0,0,0,0,0,1,0,1,1
burns,urgent,none,False,23,1,0,0,0,0,0,0,0,0,0,0,0,0,0,0,0,0,0,0,0,0,0
cardiac,urgent,none,False,17,1,0,0,0,1,0,0,0,0,1,0,0,0,0,0,0,0,0,0,0,0,0
stroke,urgent,severe,False,42,1,0,1,0,0,1,0,0,0,0,0,0,0,0,0,0,0,0,0,0,1,0
poisoning,critical,severe,False,57,1,0,0,0,0,0,0,0,1,0,0,0,0,0,0,0,0,0,1,0,0,1
respiratory,critical,mild,False,56,1,0,0,0,0,0,0,1,0,1,1,0,0,0,0,0,0,0,0,0,0,0
pediatric,urgent,mild,False,39,1,0,0,0,0,0,1,0,0,0,0,0,0,0,0,0,0,1,0,0,0,0
respiratory,critical,severe,False,66,0,0,0,0,0,0,0,1,0,1,1,0,0,0,0,0,0,0,0,0,0,1
poisoning,stable,none,False,25,0,0,0,0,0,0,0,1,0,0,0,0,0,0,0,0,0,0,0,1,0,0
burns,critical,mild,False,41,1,0,0,0,1,0,0,0,0,1,0,0,0,0,0,0,0,0,0,0,0,0
poisoning,urgent,none,False,54,1,0,0,0,0,0,0,0,0,0,0,0,0,0,0,0,0,0,0,0,0,0
poisoning,critical,none,False,36,1,0,0,0,0,0,0,0,0,1,1,0,0,0,0,0,0,0,0,0,0,0
stroke,stable,severe,False,25,0,0,0,0,0,0,0,0,0,0,0,0,0,0,0,0,0,0,0,1,1,0
stroke,stable,none,False,28,0,0,0,0,0,0,0,0,1,0,0,0,0,0,0,1,0,0,0,0,0,0
pediatric,urgent,mild,False,33,1,0,0,0,0,0,0,0,0,0,0,0,0,0,0,0,0,0,1,0,0,0
respiratory,urgent,none,False,12,1,0,0,0,0,1,0,1,0,0,0,0,0,0,0,0,0,0,0,0,0,0
burns,urgent,none,False,63,1,0,0,0,0,0,0,0,0,0,0,0,0,0,0,1,0,0,0,0,0,0
stroke,urgent,none,False,60,1,0,1,0,0,0,0,1,0,0,0,0,0,0,0,0,0,0,0,0,0,0
poisoning,urgent,none,False,32,1,0,0,0,0,0,0,0,0,0,0,0,0,0,0,0,0,0,0,0,0,0
obstetric,critical,mild,True,53,1,0,0,0,0,1,0,0,1,1,0,0,0,0,0,0,0,1,1,0,0,0
general,urgent,none,False,38,0,0,0,0,0,0,0,0,0,1,0,0,0,0,0,0,0,0,0,0,0,0
burns,stable,mild,False,52,0,0,1,0,0,0,0,0,0,0,0,0,1,0,0,0,0,0,0,0,0,0
stroke,urgent,none,False,15,1,0,0,0,0,0,0,0,0,0,0,0,0,0,0,0,0,0,0,0,0,0
cardiac,stable,none,False,75,1,0,0,0,0,0,0,0,0,0,1,1,0,0,0,0,0,0,0,0,0,0
respiratory,urgent,none,False,43,1,0,0,0,0,0,0,0,0,0,0,0,0,0,0,0,0,0,0,0,0,0
obstetric,urgent,none,False,37,0,0,0,0,0,1,0,0,1,1,0,0,0,0,0,0,0,0,0,0,0,0
general,urgent,none,False,52,1,0,0,0,0,0,0,0,0,1,0,0,0,0,0,0,0,0,0,0,0,0
poisoning,critical,none,False,61,1,0,0,0,0,0,0,0,0,1,0,0,0,0,0,1,0,0,0,0,0,0
respiratory,critical,mild,False,77,1,0,0,0,1,0,0,1,1,1,0,0,0,0,0,0,0,0,0,0,0,0
stroke,stable,none,False,29,1,0,0,0,0,0,0,0,0,0,0,0,0,0,0,0,0,0,0,0,0,0
burns,critical,none,False,39,1,0,0,0,1,0,0,0,0,1,1,0,1,0,0,0,0,0,0,0,0,0
obstetric,critical,severe,False,16,1,0,0,0,0,1,0,0,1,0,0,0,0,0,0,0,0,1,0,1,0,1
respiratory,urgent,mild,False,0,1,0,0,0,0,0,1,1,0,0,0,0,0,0,0,1,0,0,0,0,0,0
burns,stable,mild,False,7,0,0,0,0,0,0,0,0,0,1,0,1,0,0,0,0,0,0,1,0,0,0
respiratory,stable,none,False,53,0,0,0,0,0,0,0,0,0,0,0,0,0,0,0,0,0,0,0,0,0,0
cardiac,critical,none,False,34,1,1,0,0,0,0,0,0,0,1,0,1,0,0,1,0,0,0,0,0,1,0
stroke,stable,none,False,47,0,0,0,0,0,0,1,0,0,0,0,0,0,0,0,0,0,0,0,1,0,0
respiratory,urgent,mild,False,35,1,0,0,0,0,0,0,1,0,0,0,0,0,0,0,0,0,0,1,0,0,0
trauma,urgent,none,False,37,1,0,0,0,0,0,0,0,0,0,0,0,0,0,0,0,0,0,0,0,0,0
pediatric,urgent,none,False,16,1,0,0,0,0,0,0,0,0,0,0,0,0,0,0,1,0,0,0,0,0,0
pediatric,urgent,none,False,3,1,0,0,0,0,0,0,0,0,1,0,0,0,0,0,0,0,1,0,0,0,0
respiratory,urgent,mild,False,40,1,0,0,0,0,0,0,1,0,0,0,0,0,0,0,0,0,0,0,0,1,0
general,stable,none,False,35,1,0,0,0,0,0,0,0,0,0,0,0,0,0,0,0,0,0,0,0,0,0
obstetric,urgent,severe,True,61,0,0,0,0,0,1,0,0,0,0,0,1,0,0,0,0,0,0,0,0,1,1
general,urgent,mild,False,19,0,0,0,0,0,0,0,0,0,0,0,0,0,0,0,0,0,0,0,1,0,0
stroke,critical,mild,False,29,1,0,1,0,0,0,0,0,0,1,0,0,1,0,0,0,0,1,0,0,0,1
general,critical,mild,True,63,1,0,0,0,0,1,0,0,0,0,0,0,0,0,0,0,0,0,1,0,0,0
stroke,critical,none,False,14,1,0,0,0,0,0,0,0,0,1,1,0,0,0,0,0,0,0,0,0,0,0
trauma,critical,none,False,45,1,0,1,1,0,0,0,0,0,1,0,1,0,0,0,0,1,1,0,0,0,0
burns,critical,severe,False,61,1,0,0,0,1,0,1,0,0,1,0,0,0,0,0,0,0,1,0,0,1,1
cardiac,stable,mild,False,62,1,1,1,0,0,0,0,0,0,0,0,0,0,0,0,0,0,0,0,1,0,0
cardiac,critical,none,False,12,1,1,0,0,0,0,1,0,0,1,0,0,0,0,0,0,0,0,0,1,0,0
general,critical,none,False,62,0,0,0,0,0,0,0,0,1,1,0,0,0,0,0,0,0,0,0,0,0,0
burns,critical,severe,False,17,1,0,0,0,1,0,0,0,0,1,1,0,0,0,0,0,0,0,0,1,1,1
trauma,critical,mild,False,13,1,0,0,1,0,0,0,0,1,1,0,1,0,0,0,0,0,0,0,0,0,0
trauma,critical,none,False,34,1,0,0,1,0,0,0,0,1,1,0,0,0,0,0,0,0,1,0,0,0,0
trauma,critical,none,False,21,1,0,0,1,0,0,0,0,1,1,0,1,0,0,1,0,1,0,0,0,0,0
general,urgent,severe,False,25,0,0,0,0,0,0,0,0,0,1,0,0,0,0,0,0,0,1,1,0,0,0
cardiac,critical,none,False,20,1,1,1,0,0,0,0,0,0,1,0,0,0,0,1,0,0,0,0,0,0,0
general,urgent,none,False,16,1,0,0,1,0,0,0,0,1,1,0,0,0,0,0,0,0,0,0,1,0,0
general,urgent,mild,False,90,0,0,0,0,0,0,0,0,0,0,0,0,0,0,0,0,0,0,0,1,1,0
respiratory,stable,none,False,26,0,0,0,1,0,1,0,0,0,1,0,0,0,0,0,1,0,0,0,0,1,0
obstetric,critical,none,False,32,1,0,0,0,0,1,0,0,1,1,0,0,0,0,0,0,0,0,0,0,0,0
obstetric,critical,none,False,43,0,0,0,0,0,0,0,0,1,1,0,0,0,0,0,0,1,0,1,0,0,0
stroke,stable,none,False,17,0,0,0,0,0,0,0,0,1,0,0,0,0,0,0,0,0,0,0,1,0,0
cardiac,urgent,mild,False,27,1,1,0,0,0,0,0,0,0,1,0,0,0,0,0,0,0,0,0,0,0,0
obstetric,stable,mild,False,78,0,0,0,1,0,0,0,0,0,0,0,0,0,0,0,0,0,0,0,0,0,0
cardiac,critical,none,False,29,1,1,0,0,0,0,0,0,0,1,0,0,0,0,1,0,0,0,0,0,0,0
pediatric,critical,none,False,41,1,0,0,0,0,0,1,0,0,1,0,0,0,0,0,0,0,0,0,0,0,0
pediatric,critical,severe,False,49,0,0,0,0,1,0,0,0,0,1,0,1,0,0,0,0,0,1,1,1,1,1
respiratory,urgent,none,False,21,1,0,0,0,0,0,0,0,0,0,0,0,0,0,0,0,0,0,0,0,0,0
respiratory,urgent,none,False,16,1,0,0,0,0,0,0,0,1,1,0,0,0,0,0,0,0,0,0,0,0,0
trauma,stable,mild,False,44,0,0,0,0,0,0,0,0,0,0,0,0,0,0,1,0,0,1,0,0,0,1
cardiac,critical,none,False,23,1,1,0,0,0,0,0,0,0,1,0,0,0,0,1,0,0,0,0,0,0,0
stroke,urgent,none,False,44,1,0,1,0,0,0,0,0,0,0,0,0,1,0,0,0,0,0,0,1,0,0
burns,stable,none,False,11,0,0,0,0,0,0,1,0,0,0,0,0,0,0,1,0,0,0,0,0,0,0
trauma,stable,none,False,52,0,0,0,0,0,0,0,0,0,0,0,0,0,0,0,0,1,0,0,0,1,0
trauma,urgent,none,False,55,1,0,0,0,0,0,0,1,0,0,0,0,0,0,0,0,0,0,0,0,0,0
trauma,stable,none,False,42,0,0,0,0,0,0,0,0,0,1,0,0,0,0,0,0,0,0,0,0,0,0
general,critical,none,False,32,1,0,0,0,0,0,0,0,0,1,0,0,0,0,0,0,0,0,0,0,0,0
obstetric,stable,none,False,40,0,0,0,0,0,0,0,0,0,0,0,0,0,0,0,0,0,0,0,0,0,0
stroke,critical,none,False,52,0,0,1,0,0,0,0,0,0,1,0,0,1,0,0,0,0,0,0,0,0,0
general,critical,mild,False,48,1,0,0,0,0,0,0,0,0,1,0,0,0,0,0,0,0,0,0,0,0,0
general,stable,mild,False,29,1,0,0,0,0,0,0,0,0,0,0,0,0,0,0,0,0,0,1,0,0,1
cardiac,urgent,none,False,53,1,1,0,0,0,0,0,0,0,1,0,0,0,0,0,0,0,0,0,0,0,0
obstetric,urgent,severe,False,23,0,0,0,0,0,1,0,0,0,0,0,0,0,0,0,0,0,1,1,1,1,0
trauma,stable,none,False,57,0,0,0,0,0,0,0,0,0,0,0,0,0,0,0,0,0,0,0,0,0,0
poisoning,urgent,none,False,42,1,0,0,0,0,0,0,1,1,0,0,1,0,0,0,0,0,0,0,0,0,0
obstetric,urgent,none,False,39,0,0,0,0,0,1,0,0,0,1,0,0,0,0,0,0,0,1,0,0,0,0
burns,urgent,mild,False,33,1,0,0,0,0,0,0,0,0,1,0,0,0,0,0,0,0,1,0,0,0,0
trauma,critical,none,False,46,1,0,0,1,0,0,0,0,1,0,0,0,0,0,0,0,0,1,0,0,0,0
general,stable,severe,False,40,1,0,0,0,0,0,0,0,0,0,0,0,0,0,0,0,0,0,1,1,1,1
general,urgent,none,False,19,1,0,0,1,0,0,0,0,0,1,0,0,1,0,0,0,0,0,0,0,0,0
burns,stable,none,False,37,0,0,0,0,0,0,0,0,0,0,0,0,0,0,0,0,0,0,0,0,0,1
respiratory,stable,severe,False,34,0,0,0,0,0,0,0,0,0,0,0,0,0,0,0,0,0,1,1,0,0,0
trauma,urgent,none,False,44,1,0,0,1,0,0,0,0,0,0,0,0,0,0,0,0,0,0,0,0,0,0
cardiac,critical,severe,False,1,0,0,0,0,0,0,1,0,0,1,0,0,1,0,1,0,0,1,0,0,0,0
stroke,critical,none,False,32,1,0,1,0,0,0,0,0,0,1,0,0,1,0,0,0,0,0,0,0,0,0
general,stable,none,False,4,0,0,1,0,0,0,1,0,0,0,0,0,0,0,0,0,0,0,0,0,0,0
pediatric,urgent,none,False,20,0,0,0,0,0,0,1,0,0,0,0,0,0,0,0,0,0,0,0,0,0,0
pediatric,stable,none,False,24,0,0,0,0,0,0,0,0,0,0,0,0,0,0,0,0,0,0,0,0,0,0
respiratory,urgent,none,False,29,1,0,0,0,0,0,0,0,0,0,0,0,0,0,0,0,0,0,0,0,0,0
trauma,critical,mild,False,65,1,0,0,1,0,0,0,0,1,1,0,0,0,0,0,0,1,0,0,0,0,0
cardiac,urgent,none,False,44,1,1,0,0,0,0,0,0,0,1,0,0,0,0,0,0,0,0,0,0,0,0
stroke,stable,mild,False,41,0,0,0,0,0,0,0,0,0,0,0,0,0,0,0,0,0,0,0,0,0,0
respiratory,critical,mild,False,46,1,0,0,0,0,0,0,1,0,0,1,0,0,0,0,0,0,1,0,1,0,0
trauma,critical,mild,False,68,1,0,0,1,0,0,0,1,0,1,0,0,0,0,0,0,0,0,1,0,0,0
burns,critical,none,False,37,1,0,0,0,0,0,0,0,0,0,1,0,0,0,0,0,0,0,0,0,0,0
trauma,urgent,none,False,24,1,0,0,0,0,0,0,0,0,0,0,0,0,1,1,0,0,0,0,1,0,0
obstetric,critical,none,False,42,1,0,0,0,0,1,0,0,1,1,1,0,0,0,0,0,1,0,1,0,0,0
cardiac,stable,mild,False,24,1,0,0,0,0,0,0,0,0,0,0,0,0,0,0,0,0,0,0,1,1,0
trauma,urgent,none,False,56,0,0,0,0,0,0,0,0,0,0,0,0,0,0,0,0,0,0,0,0,0,0
stroke,critical,severe,False,33,1,0,1,0,1,0,0,0,0,1,0,0,1,0,0,0,0,0,0,0,0,0
trauma,stable,none,False,72,0,0,0,0,0,0,0,0,0,0,0,0,0,0,0,0,0,0,0,0,0,0
burns,stable,none,False,66,0,0,0,0,0,0,0,0,1,0,0,0,0,1,0,0,0,0,0,0,0,0
respiratory,urgent,none,False,26,1,0,0,0,0,0,0,0,1,0,0,0,0,0,0,0,0,0,0,0,0,0
burns,urgent,none,False,54,1,0,0,0,0,0,0,0,0,0,0,0,0,0,0,0,0,0,0,0,0,0
trauma,stable,none,False,46,0,0,0,0,0,0,0,1,0,0,0,1,0,0,0,0,0,0,0,0,0,0
obstetric,stable,none,False,23,0,0,0,0,0,0,0,0,0,0,0,0,0,0,0,0,0,0,0,0,0,0
poisoning,urgent,none,False,17,1,0,0,0,0,0,0,0,0,0,0,0,0,0,0,0,0,0,0,0,0,0
burns,urgent,severe,False,26,1,0,1,0,1,0,0,0,0,0,0,0,0,0,0,0,0,0,1,0,1,0
general,stable,severe,False,53,1,0,0,0,0,0,0,0,0,0,0,0,0,0,0,0,0,1,0,0,0,0
respiratory,urgent,none,False,55,1,0,0,0,0,0,0,0,0,0,0,0,0,0,0,0,0,0,0,0,0,0
respiratory,urgent,mild,False,32,1,0,0,0,0,0,0,1,0,0,0,0,0,0,1,1,0,0,0,1,0,0
general,urgent,severe,False,17,1,0,0,0,0,0,0,0,0,1,0,0,0,0,0,0,0,0,0,1,0,0
obstetric,urgent,mild,False,33,0,0,0,0,0,1,0,0,0,1,0,0,0,0,1,0,0,0,1,0,0,0
pediatric,critical,mild,False,17,0,0,0,0,0,0,1,0,0,1,0,0,0,0,0,0,0,0,0,0,0,0
burns,urgent,severe,False,38,1,0,0,0,0,0,0,0,0,0,0,0,0,0,0,1,0,0,0,0,1,1
stroke,stable,mild,False,75,0,0,0,0,0,0,0,1,0,0,0,0,0,0,0,0,0,1,0,0,0,0
stroke,urgent,none,False,35,1,0,1,0,0,0,0,0,1,0,0,0,0,0,0,0,0,0,0,0,0,0
trauma,urgent,none,False,54,0,0,0,1,0,1,0,0,0,0,0,0,0,0,0,0,0,0,0,0,0,0
general,urgent,none,False,26,1,0,0,0,0,0,0,0,0,0,0,0,0,0,0,0,0,0,1,1,0,0
pediatric,critical,none,False,0,1,0,0,0,0,0,1,0,0,1,0,0,0,0,0,0,0,0,0,0,0,0
cardiac,critical,none,False,70,1,1,0,0,0,0,0,0,0,1,0,1,0,0,1,0,0,0,0,0,0,0
poisoning,urgent,mild,False,31,1,0,0,0,0,0,0,0,1,0,0,0,0,0,0,0,0,0,0,0,0,0
respiratory,stable,none,False,11,0,0,0,0,0,0,0,0,0,0,0,0,0,0,0,0,0,0,0,0,0,0
general,urgent,none,False,65,1,0,0,0,0,0,0,0,1,1,0,0,0,0,0,0,0,0,0,0,0,0
stroke,urgent,none,False,18,0,0,1,0,0,0,0,0,1,0,0,0,1,0,0,0,0,0,0,0,0,0
respiratory,urgent,none,False,25,1,0,0,0,0,0,0,1,0,0,0,0,0,0,0,0,0,0,0,0,0,0
respiratory,urgent,none,False,23,1,0,0,0,0,0,0,0,0,0,0,0,0,0,0,0,0,0,0,0,0,0
general,stable,mild,False,25,1,0,0,0,0,0,0,0,0,1,0,0,0,0,0,0,0,1,0,0,0,0
trauma,urgent,none,False,1,1,0,1,0,0,0,1,0,0,0,0,0,0,0,0,0,0,0,0,0,0,0
pediatric,urgent,none,False,32,1,0,0,0,0,0,0,0,0,0,0,0,0,0,0,0,0,0,0,0,0,0
pediatric,urgent,none,False,51,0,0,0,0,0,0,1,0,0,0,0,0,0,0,0,0,0,0,0,1,0,0
general,critical,mild,False,66,1,0,0,0,0,0,1,1,0,1,0,0,0,0,0,0,0,0,0,0,0,0
burns,urgent,none,False,42,1,0,0,0,0,0,0,0,0,0,0,0,0,0,0,0,0,1,0,1,0,0
obstetric,critical,none,True,51,0,1,0,0,0,1,0,0,1,1,1,0,0,0,0,0,0,0,1,0,0,0
pediatric,stable,none,False,37,0,0,0,0,0,0,0,0,0,0,0,0,0,0,0,0,0,0,0,0,0,0
stroke,critical,none,False,0,1,0,1,0,0,0,0,0,0,1,0,0,1,0,0,0,0,1,0,0,0,0
poisoning,critical,none,False,9,1,0,0,0,0,0,0,0,0,0,1,0,0,0,0,1,0,0,0,0,0,0
obstetric,urgent,none,True,9,0,0,0,0,0,0,0,0,0,1,0,0,0,0,0,0,0,0,0,0,0,0
burns,urgent,none,False,0,1,0,0,0,0,0,1,0,0,0,0,0,1,0,0,0,0,0,0,0,0,0
obstetric,critical,none,False,40,1,0,0,0,0,1,0,0,0,1,0,0,0,0,0,0,0,0,0,0,0,0
trauma,urgent,none,False,14,1,0,0,0,0,0,0,0,0,0,0,0,0,0,0,0,0,0,0,0,0,0
pediatric,urgent,mild,False,42,1,0,0,0,0,0,0,0,1,0,0,0,0,0,0,0,0,0,0,0,0,0
cardiac,stable,none,False,55,1,1,0,0,0,0,0,0,0,0,0,0,0,0,0,0,0,0,0,0,0,0
general,critical,none,False,36,1,0,0,0,0,0,0,0,0,1,0,0,0,0,0,0,0,1,0,0,0,0
pediatric,urgent,mild,False,43,1,0,0,0,0,0,0,0,1,0,0,0,0,0,0,0,0,0,0,0,0,0
general,critical,none,False,10,1,0,0,0,0,0,0,0,1,0,0,0,0,0,0,0,0,0,1,0,0,0
poisoning,critical,none,False,53,1,0,0,0,0,0,1,0,0,1,0,0,0,0,0,0,0,0,0,0,0,0
cardiac,critical,mild,False,67,1,1,0,0,0,0,0,0,0,1,0,1,0,0,1,0,0,0,0,0,0,0
poisoning,stable,severe,False,20,0,0,0,0,0,0,0,0,1,0,0,0,0,0,0,0,0,0,0,1,0,1
cardiac,urgent,none,False,14,0,1,0,0,0,0,0,0,0,1,0,0,0,0,0,0,0,0,0,0,0,0
burns,critical,none,False,17,1,0,0,0,1,0,0,0,0,1,1,0,0,0,0,0,0,0,0,1,0,0
general,urgent,mild,False,50,1,0,0,0,0,0,0,0,1,0,0,0,0,0,0,0,0,0,0,0,0,0
burns,stable,none,False,62,0,0,0,0,0,0,0,0,0,0,0,0,0,0,0,1,0,0,0,0,0,0
stroke,urgent,none,False,38,1,0,1,0,0,0,0,0,0,0,0,0,0,1,0,0,0,0,0,0,0,0
trauma,stable,none,False,68,0,0,0,0,0,0,0,0,0,0,0,0,0,0,1,0,0,0,0,0,0,0
trauma,stable,mild,False,34,0,0,0,0,0,0,0,0,1,0,0,0,0,0,0,0,0,1,0,0,0,1
stroke,critical,none,False,32,1,0,1,0,0,1,0,0,1,1,0,0,1,0,0,0,0,0,0,0,0,0
general,urgent,severe,False,51,0,0,0,0,0,0,0,0,0,0,0,0,0,0,0,0,0,0,1,0,0,1
poisoning,critical,none,False,34,1,0,0,0,0,0,0,0,0,1,0,1,0,0,0,0,0,0,0,0,0,0
poisoning,critical,mild,False,74,1,0,0,0,0,0,0,0,0,1,0,1,0,0,0,0,0,0,0,0,0,0
general,stable,mild,False,11,0,0,0,0,0,0,0,0,0,0,0,0,0,1,0,0,0,0,0,0,0,0
cardiac,stable,none,False,24,1,0,0,0,0,0,0,0,0,0,0,0,0,1,0,0,0,0,0,0,0,0
cardiac,stable,mild,False,42,1,0,0,0,0,0,0,0,0,1,0,0,0,0,0,0,0,0,0,0,0,0
poisoning,critical,none,False,19,1,0,0,0,0,0,0,0,0,1,0,0,0,0,0,0,0,0,0,0,0,0
pediatric,urgent,none,False,25,1,0,0,0,0,0,0,0,0,0,0,0,0,0,0,0,0,0,0,0,0,0
poisoning,stable,severe,False,24,0,0,0,0,0,0,0,0,0,1,1,0,0,0,0,0,0,1,1,1,1,1
cardiac,stable,severe,False,24,0,0,0,0,0,0,0,0,0,0,0,0,0,0,0,0,0,0,1,1,1,1
burns,stable,mild,False,47,0,0,0,0,0,1,0,0,0,0,1,0,0,0,0,0,0,0,0,0,1,0
poisoning,stable,none,False,29,0,0,0,0,0,0,0,0,0,0,0,0,0,0,0,0,0,0,0,0,0,0
obstetric,urgent,none,False,53,0,0,0,0,0,1,0,0,0,0,0,0,1,0,0,0,0,0,0,0,0,0
respiratory,stable,mild,False,44,0,0,0,0,0,0,0,0,0,0,0,0,0,0,0,0,0,1,0,0,0,1
burns,stable,none,False,0,0,0,0,0,0,0,1,0,0,0,0,0,0,0,0,0,0,0,0,0,0,1
cardiac,urgent,none,False,58,1,1,0,0,0,0,0,0,0,1,0,0,0,0,0,0,0,0,0,0,0,0
stroke,critical,none,False,23,1,0,1,0,0,0,0,0,0,1,0,0,0,0,0,0,0,0,0,0,0,0
poisoning,urgent,none,False,62,1,0,0,0,1,0,0,0,0,0,0,0,0,0,0,0,0,0,0,0,0,0
obstetric,urgent,mild,False,24,0,0,0,0,0,1,0,0,0,1,0,0,0,0,0,0,0,1,0,0,0,0
respiratory,urgent,none,False,24,1,0,0,0,0,0,0,1,0,0,0,0,0,0,0,0,1,0,0,0,0,0
respiratory,stable,none,False,23,0,0,0,0,0,0,1,0,0,0,0,0,1,0,0,0,0,0,0,0,0,1
burns,stable,none,False,44,0,0,0,0,0,0,0,0,1,0,0,0,0,0,0,0,0,0,0,0,0,1
respiratory,stable,severe,False,23,0,0,0,0,0,1,0,0,0,0,0,0,0,0,0,0,0,0,1,0,0,0
respiratory,stable,none,False,63,0,0,0,0,0,0,0,0,1,0,0,0,0,0,0,0,0,0,0,0,0,0
general,urgent,none,False,63,1,0,0,0,0,0,0,0,0,0,0,0,0,0,0,0,0,0,0,1,0,0
general,urgent,mild,False,29,1,0,0,0,0,0,0,1,0,0,0,0,0,0,0,0,0,0,0,0,0,0
trauma,critical,none,False,52,1,0,0,1,0,0,0,0,0,1,0,1,0,0,0,0,1,1,0,0,0,0
obstetric,stable,none,False,52,0,0,0,0,0,0,0,0,1,0,1,0,0,0,0,0,0,0,0,0,0,0
general,critical,mild,False,32,1,0,0,0,0,0,0,0,0,1,0,0,0,0,0,0,0,0,1,1,1,0
respiratory,critical,severe,False,42,0,0,1,0,0,0,0,0,0,1,0,0,0,0,0,0,0,1,0,1,1,0
burns,critical,none,False,56,1,0,0,0,1,0,0,0,0,1,0,0,0,0,0,0,0,0,0,0,0,0
trauma,urgent,none,False,30,1,0,0,0,0,1,0,0,0,0,0,0,0,0,0,0,0,0,0,0,0,0
pediatric,stable,none,True,62,0,0,0,0,0,1,0,0,0,0,0,0,0,0,0,0,0,0,1,0,1,0
trauma,urgent,none,False,54,1,0,0,1,0,0,0,0,0,0,0,0,0,0,0,0,0,0,0,0,0,0
burns,urgent,none,False,12,1,0,0,0,1,0,0,0,0,0,0,0,0,0,0,0,0,0,0,1,0,0
obstetric,critical,none,False,42,0,0,0,0,0,1,0,0,0,1,0,0,0,0,0,0,1,1,1,0,0,0
pediatric,stable,none,False,20,0,0,0,0,0,0,0,0,0,0,0,0,0,0,0,0,0,0,0,0,0,0
poisoning,stable,mild,False,47,0,0,0,0,0,0,0,1,0,0,0,0,0,0,0,0,0,0,0,0,0,0
obstetric,urgent,none,False,45,0,0,0,0,0,0,0,0,1,1,0,0,0,0,0,0,0,1,0,0,0,0
pediatric,critical,none,False,45,1,0,0,0,0,0,1,0,1,1,0,0,0,0,0,0,0,0,0,0,0,0
stroke,urgent,none,False,8,1,0,0,0,0,0,1,0,0,0,0,0,0,0,0,0,0,0,0,0,0,0
respiratory,urgent,mild,True,54,1,0,0,0,0,1,0,0,0,0,1,0,0,0,0,0,0,0,0,0,0,0
stroke,urgent,none,False,30,1,0,1,0,0,0,0,0,1,0,0,0,1,0,0,0,0,0,0,0,0,0
pediatric,urgent,severe,False,32,1,0,0,0,0,0,1,0,1,0,0,0,1,0,0,0,0,0,0,0,0,0
trauma,critical,none,False,42,1,0,0,1,0,0,0,0,1,1,1,0,0,0,0,0,0,1,0,0,0,0
pediatric,urgent,none,True,23,1,0,0,0,0,0,1,0,0,0,0,0,0,0,0,0,0,0,0,0,0,0
trauma,critical,none,False,39,1,0,0,1,0,0,0,0,0,1,0,0,0,0,0,0,1,0,0,0,0,0
general,critical,none,False,0,1,0,0,0,0,0,1,0,0,0,0,0,0,0,0,1,0,0,0,0,0,0
burns,critical,mild,False,14,0,1,0,0,1,0,0,0,0,1,0,0,0,0,0,0,0,0,0,0,0,0
poisoning,critical,mild,False,48,1,0,0,0,0,0,0,0,0,1,0,0,0,0,0,1,0,1,0,0,0,0
stroke,urgent,none,False,64,1,0,1,0,0,0,0,0,0,0,0,0,1,0,0,0,0,0,0,0,1,0
stroke,urgent,none,False,33,1,0,0,0,0,0,0,0,0,0,0,0,1,0,0,0,0,0,0,0,0,0
burns,stable,none,False,29,0,1,0,0,0,0,0,0,0,0,0,0,0,0,0,0,0,0,0,0,0,0
general,stable,severe,False,43,1,0,0,0,0,0,0,0,0,0,0,0,0,0,0,0,0,0,1,1,0,0
pediatric,critical,none,False,40,1,0,0,0,0,1,1,0,0,1,0,0,0,0,0,0,0,0,0,0,0,0
general,urgent,none,False,36,1,0,0,0,0,0,0,0,0,0,0,0,0,0,0,0,0,0,0,0,0,1
general,urgent,none,False,79,1,0,0,0,0,0,0,0,0,0,0,0,0,1,0,1,0,0,0,0,0,0
pediatric,urgent,mild,False,45,0,0,0,0,0,0,0,0,1,0,0,0,0,0,0,0,0,0,0,0,0,0
trauma,critical,severe,False,28,1,0,0,1,0,0,0,0,0,1,0,0,0,0,0,0,0,1,1,1,0,0
burns,stable,none,False,17,0,0,0,0,0,0,1,0,0,0,0,0,0,0,0,0,0,0,0,0,0,0
respiratory,critical,none,False,54,1,0,0,0,0,0,0,1,0,1,0,0,0,0,0,0,0,0,0,0,0,0
respiratory,urgent,none,False,51,1,0,0,0,0,0,0,0,0,0,0,0,0,0,0,0,0,0,0,0,0,0
cardiac,critical,mild,False,48,1,0,0,0,0,0,0,0,0,1,0,1,0,0,1,0,0,0,1,0,0,0
stroke,urgent,none,False,1,0,1,1,0,0,0,1,0,0,0,0,0,0,0,0,0,0,0,0,0,0,0
stroke,urgent,none,False,3,1,0,0,0,0,0,1,0,0,0,0,0,1,0,0,0,0,1,0,0,0,0
trauma,urgent,mild,False,58,1,0,0,1,0,1,0,0,0,0,0,0,0,0,0,0,0,0,0,0,0,0
respiratory,critical,none,False,47,1,0,0,0,0,0,0,1,0,1,1,0,1,0,0,0,0,0,0,0,0,0
general,stable,none,False,51,0,0,0,0,0,0,0,0,0,0,0,0,0,0,0,0,0,0,0,0,0,0
burns,stable,severe,False,35,0,0,0,0,0,0,0,0,0,0,0,0,0,0,0,0,0,0,0,0,1,1
respiratory,urgent,none,False,18,1,0,0,0,0,0,0,1,0,0,0,0,0,0,0,0,0,0,0,0,0,0
poisoning,urgent,none,False,36,1,0,0,0,0,0,0,0,1,0,0,0,0,0,0,0,0,0,0,0,0,1
poisoning,critical,mild,False,6,1,0,0,0,0,0,1,0,1,1,0,0,0,0,0,1,0,0,0,1,0,0
trauma,critical,mild,False,3,1,0,0,1,0,0,0,0,1,1,0,0,0,0,0,0,1,0,0,0,0,0
poisoning,urgent,mild,True,29,0,0,0,0,0,1,0,0,0,0,0,1,0,0,0,0,0,0,0,0,1,0
respiratory,urgent,severe,False,39,1,0,0,0,0,0,0,0,0,0,0,0,0,0,0,0,0,0,0,0,1,0
poisoning,critical,none,True,47,1,0,0,0,0,1,0,0,0,1,0,0,0,0,0,1,0,0,0,0,0,0
general,critical,none,False,43,1,0,0,0,0,0,0,0,1,1,0,0,1,0,0,0,0,0,0,0,0,0
general,urgent,none,False,62,1,0,0,0,0,0,0,0,0,1,0,0,0,1,1,0,0,0,0,0,0,0
cardiac,stable,mild,False,12,0,0,0,0,0,0,0,0,1,0,0,0,0,0,0,0,0,0,0,0,0,0
stroke,urgent,none,False,68,1,0,1,1,0,0,0,0,0,0,0,0,1,0,0,0,1,1,0,0,0,0
cardiac,urgent,none,False,19,0,1,0,0,0,0,0,0,0,1,0,0,0,1,0,0,0,0,0,0,0,0
pediatric,urgent,severe,False,38,1,0,0,0,0,0,0,0,0,0,0,0,0,0,0,0,0,0,0,0,1,0
burns,stable,none,False,30,0,1,0,0,0,0,0,0,0,0,0,0,0,0,0,0,0,0,0,0,0,0
poisoning,critical,mild,False,33,1,0,0,0,0,0,0,0,0,1,0,0,0,1,0,1,0,0,0,0,0,0
pediatric,stable,none,False,39,0,0,0,0,0,0,0,0,0,0,0,0,0,0,0,0,0,0,0,0,0,0
obstetric,critical,mild,True,65,0,0,0,0,0,0,0,0,1,1,0,0,0,0,0,0,0,0,0,0,0,0
poisoning,stable,none,False,11,0,0,0,0,0,0,1,0,0,0,0,0,0,0,0,0,0,0,0,0,0,0
stroke,critical,none,False,69,1,0,1,0,0,0,0,0,1,1,0,0,1,0,0,0,0,0,0,0,0,0
burns,urgent,mild,False,45,1,0,0,0,0,0,0,0,1,0,0,0,0,0,0,0,0,0,0,0,0,0
pediatric,urgent,none,False,38,1,0,0,0,0,0,0,0,0,0,0,0,0,0,0,0,0,0,1,0,0,0
obstetric,critical,mild,True,55,0,0,0,0,0,1,0,0,1,1,0,0,0,0,0,0,0,0,1,1,0,1
obstetric,urgent,mild,True,40,0,0,0,0,0,1,0,0,0,1,0,0,0,0,0,0,0,0,0,0,0,0
general,stable,none,False,28,0,0,1,0,0,0,0,0,1,0,0,0,0,0,0,0,0,0,0,0,0,0
general,critical,none,False,37,1,0,0,0,0,0,0,0,0,1,1,0,0,0,0,0,0,1,0,0,0,0
general,urgent,none,False,45,1,0,0,0,0,0,0,0,0,0,0,0,0,0,0,0,0,0,0,0,0,0
stroke,critical,none,False,35,0,0,1,0,0,0,0,0,0,1,0,0,1,0,0,0,0,0,0,0,0,0
trauma,urgent,severe,False,41,1,0,0,0,0,0,0,0,1,0,0,0,0,0,0,0,1,0,0,1,1,1
pediatric,critical,none,False,65,1,0,0,0,0,0,1,0,0,1,0,1,1,0,0,0,0,0,0,0,0,0
respiratory,critical,severe,False,40,1,0,0,0,0,0,0,0,0,1,0,0,0,0,0,0,1,0,0,1,1,0
burns,critical,mild,False,12,1,0,0,0,1,0,1,0,0,1,1,0,0,0,0,0,0,1,0,1,1,0
cardiac,stable,mild,False,73,1,0,0,0,1,0,1,0,0,0,0,0,0,0,0,0,0,0,1,0,0,1
pediatric,critical,none,False,35,0,0,0,0,0,0,1,0,0,1,0,1,1,0,0,0,0,0,0,0,0,0
respiratory,stable,mild,False,49,0,0,0,0,0,0,0,0,0,0,0,0,0,0,0,0,0,0,0,1,0,0
trauma,stable,severe,False,63,0,0,0,0,0,0,0,1,0,0,0,0,0,0,0,1,1,1,0,1,0,1
burns,urgent,none,False,29,1,0,0,0,1,0,0,0,0,0,1,0,0,0,0,0,0,0,1,0,0,0
burns,stable,none,False,0,0,0,0,0,0,0,1,0,1,0,0,0,0,0,0,0,0,1,1,0,0,0
burns,critical,none,False,51,1,0,0,0,0,0,0,0,0,1,0,0,0,0,0,0,0,0,0,0,0,1
obstetric,critical,none,True,24,0,0,0,0,0,1,0,0,0,0,0,0,0,0,0,0,1,0,0,0,0,0
obstetric,stable,none,False,11,0,0,0,0,0,0,1,0,0,0,0,0,0,0,0,0,0,0,0,0,0,0
respiratory,urgent,none,False,54,1,0,0,0,0,0,0,0,1,0,0,0,0,0,0,0,0,0,0,0,0,0
respiratory,urgent,mild,False,42,1,0,0,0,0,0,0,0,0,0,0,0,0,0,0,0,0,0,0,0,0,0
pediatric,stable,none,False,34,0,0,0,0,0,0,0,0,0,0,0,1,0,0,0,0,0,0,0,0,0,0
general,urgent,severe,False,50,1,0,0,0,0,0,0,0,1,0,0,0,0,0,0,0,0,1,0,1,1,0
trauma,urgent,severe,False,25,1,0,0,1,0,0,0,0,0,1,0,0,1,0,0,0,0,1,1,1,0,0
pediatric,stable,none,False,61,0,0,0,0,0,0,0,0,0,0,0,0,0,0,0,0,0,0,0,0,0,0
respiratory,urgent,none,False,48,1,0,1,0,0,0,0,0,0,0,0,0,0,0,0,0,0,0,0,0,0,0
trauma,urgent,none,False,73,1,0,0,0,0,1,0,0,1,0,0,0,0,0,0,0,0,0,0,0,0,0
trauma,urgent,none,False,49,1,0,0,0,0,0,0,0,0,0,1,0,0,0,0,0,0,0,0,0,0,0
pediatric,stable,mild,False,20,0,0,0,0,0,0,0,0,0,0,0,0,0,0,0,0,0,1,0,0,0,0
stroke,stable,none,False,17,0,0,0,0,0,0,0,0,0,0,0,0,0,0,0,0,0,0,0,0,0,0
obstetric,critical,mild,False,34,1,0,0,0,0,1,0,0,1,1,0,0,0,0,0,0,1,1,0,0,1,1
stroke,urgent,severe,False,59,1,1,0,0,0,0,0,0,0,0,0,0,1,0,0,0,0,1,1,1,1,0
respiratory,stable,mild,False,53,0,0,0,0,0,0,0,0,0,0,0,0,0,0,0,0,0,0,1,1,1,0
respiratory,critical,mild,False,64,1,0,0,0,0,0,0,0,1,0,0,0,0,0,1,0,0,0,0,0,0,0
pediatric,urgent,none,False,40,1,0,0,0,0,0,0,0,1,0,0,0,0,0,0,0,0,0,0,0,0,0
pediatric,urgent,none,False,41,0,0,0,0,0,0,1,0,0,0,0,0,0,0,0,0,0,0,0,0,0,0
pediatric,stable,none,False,41,0,0,0,0,1,0,0,0,1,0,0,0,1,0,0,1,0,0,0,0,0,0
general,urgent,mild,False,39,1,0,0,0,0,0,0,0,0,1,0,0,0,0,0,0,0,0,0,0,1,0
obstetric,stable,none,False,37,0,0,0,0,0,0,0,0,0,1,0,0,0,1,0,0,0,0,0,1,0,0
poisoning,critical,mild,False,60,1,0,0,0,1,0,0,0,0,1,0,0,0,0,0,0,0,0,0,0,0,0
general,stable,none,False,49,0,0,0,0,0,0,0,0,0,0,0,0,0,0,0,0,0,0,0,0,0,0
general,critical,mild,False,32,1,0,0,0,0,0,0,0,0,1,0,0,0,0,1,0,0,0,0,0,1,0
cardiac,stable,mild,False,31,1,0,0,0,0,0,0,0,0,0,0,0,0,0,0,0,0,0,0,0,0,0
trauma,stable,none,False,85,0,0,0,0,0,0,0,0,0,0,0,0,0,0,0,0,0,0,0,0,0,0
trauma,critical,mild,False,24,1,0,0,1,0,0,0,0,1,1,0,0,0,0,0,0,1,1,0,0,0,1
general,critical,none,True,17,1,0,0,0,0,0,0,1,0,1,0,0,0,0,0,0,0,0,0,0,0,0
stroke,critical,severe,False,77,1,0,1,0,0,0,0,0,0,1,0,0,1,0,0,0,0,1,1,1,1,1
pediatric,urgent,none,False,16,1,0,0,0,0,0,1,0,0,0,0,0,0,0,0,0,0,0,0,0,0,0
burns,critical,severe,False,22,0,0,0,0,1,0,0,0,0,0,1,1,0,0,0,0,0,0,1,1,1,0
general,stable,mild,False,64,0,0,0,0,0,0,0,0,0,0,0,0,0,0,0,0,0,0,0,0,0,1
poisoning,critical,none,False,17,1,0,0,0,0,1,0,0,0,1,0,0,1,1,0,0,0,0,0,0,0,0
obstetric,critical,none,False,55,1,0,0,0,0,1,0,0,0,1,0,0,0,0,0,0,1,0,0,0,1,0
respiratory,stable,mild,False,23,0,0,0,0,0,0,0,0,0,0,0,0,0,0,0,0,0,0,0,0,0,0
cardiac,critical,none,False,25,1,0,0,0,0,0,0,0,0,1,0,0,0,0,1,0,0,0,0,0,0,0
respiratory,critical,mild,False,46,1,0,0,0,0,0,0,0,1,1,1,0,0,1,0,0,0,0,0,0,1,0
pediatric,critical,none,False,37,0,0,0,0,0,0,1,0,0,1,0,0,0,0,0,0,0,0,0,0,0,0
trauma,critical,severe,False,6,1,0,0,1,0,0,0,0,1,1,0,0,1,1,0,0,1,1,1,1,1,1
cardiac,urgent,none,False,47,1,1,0,0,0,0,0,1,0,0,0,0,0,0,0,0,0,0,0,0,0,0
stroke,urgent,none,False,34,1,0,0,0,1,0,0,0,0,0,0,0,1,0,0,0,0,0,0,0,0,0
burns,urgent,none,False,23,1,0,0,0,0,0,0,0,0,0,0,0,0,0,0,0,0,0,0,0,0,0
cardiac,stable,none,False,46,1,0,0,0,0,0,0,0,0,0,0,0,0,0,0,0,0,0,0,0,0,0
trauma,stable,none,False,4,0,0,1,0,0,0,1,0,1,0,0,0,0,0,0,0,0,0,0,0,0,0
trauma,urgent,severe,False,64,1,0,0,1,0,0,0,0,0,0,0,0,0,0,0,0,0,0,0,0,1,1
cardiac,stable,none,False,71,1,0,0,0,0,0,0,1,1,0,0,0,0,0,0,0,0,0,0,0,0,0
burns,urgent,none,False,12,1,0,0,0,0,0,0,0,1,0,0,0,0,0,0,0,0,0,0,0,0,0
pediatric,stable,none,False,38,0,0,0,0,0,0,0,0,0,0,0,0,0,0,0,0,0,0,0,0,0,0
trauma,critical,none,False,36,1,0,0,0,0,0,0,0,1,1,0,0,0,0,1,0,1,0,0,1,0,0
pediatric,critical,severe,False,48,0,0,0,0,0,0,1,0,0,1,0,0,0,0,0,0,0,0,0,1,1,1
obstetric,urgent,none,False,11,0,0,0,0,0,0,1,0,0,1,1,0,0,0,0,0,0,0,0,0,0,0
stroke,urgent,none,False,73,1,0,1,0,0,0,0,0,0,0,0,0,1,0,0,0,0,0,0,0,0,0
pediatric,stable,none,False,53,0,0,0,0,0,0,0,0,0,0,0,0,0,0,0,0,0,0,0,0,0,0
burns,urgent,none,False,33,1,0,0,0,0,0,0,0,0,0,0,1,0,0,0,0,0,0,0,1,0,0
cardiac,critical,none,False,35,1,1,0,0,0,0,0,0,0,1,0,0,0,0,0,0,0,0,0,0,0,0
respiratory,urgent,mild,False,35,1,0,0,0,0,0,0,0,0,1,0,0,0,0,0,0,0,0,0,0,1,0
general,critical,none,False,47,1,0,1,0,0,0,0,0,0,1,0,0,0,0,0,0,0,0,0,0,0,0
general,critical,none,False,49,1,0,0,0,0,0,0,0,0,1,0,0,0,0,0,0,0,0,0,0,0,0
pediatric,critical,none,False,16,1,0,0,0,0,0,1,0,1,1,0,0,0,0,0,1,0,0,0,0,0,0
obstetric,stable,none,False,30,0,0,0,0,0,0,0,0,0,1,0,0,1,0,0,0,0,0,0,0,0,0
obstetric,urgent,none,False,53,0,0,0,0,0,0,0,0,0,1,0,0,0,0,0,1,0,0,0,0,0,0
cardiac,stable,none,False,52,1,0,0,0,0,0,0,0,0,0,0,0,0,0,0,0,0,0,0,0,0,0
stroke,critical,none,False,23,1,0,1,0,0,0,0,0,0,1,0,0,1,0,0,0,0,0,0,0,0,0
respiratory,stable,severe,False,38,0,1,0,0,0,0,0,0,0,0,0,0,0,0,0,0,0,0,0,0,1,0
stroke,urgent,none,False,35,1,0,1,0,0,0,0,0,0,0,0,0,1,0,0,0,0,0,0,0,0,0
poisoning,urgent,none,False,75,1,0,0,0,0,0,0,0,0,0,0,0,0,0,0,0,0,0,0,0,0,0
poisoning,critical,none,False,37,1,0,0,0,0,0,0,0,0,1,0,0,0,0,0,1,0,0,0,0,0,0
obstetric,urgent,none,True,52,0,0,0,0,0,1,0,0,0,1,0,0,0,0,0,0,0,0,0,0,0,0
respiratory,stable,none,False,4,0,0,0,0,0,0,0,0,0,0,0,0,0,0,0,0,0,0,0,0,0,1
general,urgent,none,False,43,1,0,0,0,0,0,0,0,0,1,0,0,0,0,0,0,0,0,0,0,0,0
general,critical,none,False,25,0,0,0,0,0,0,0,0,0,1,0,0,0,0,0,0,0,0,0,0,0,0
stroke,stable,mild,False,46,0,0,0,0,0,0,0,0,0,0,0,1,0,0,0,0,0,0,0,0,0,0
poisoning,urgent,severe,False,50,1,0,0,0,0,0,0,0,0,0,0,0,0,0,0,0,0,1,0,0,0,1
burns,urgent,none,False,55,1,0,0,0,0,0,0,0,0,0,0,0,0,0,0,1,0,0,0,0,0,0
cardiac,urgent,severe,False,8,0,1,0,0,0,0,1,0,0,0,0,0,0,0,0,0,0,0,0,1,0,1
obstetric,urgent,none,False,10,0,0,0,0,0,0,1,0,0,1,0,0,0,0,0,0,0,0,0,0,0,0
poisoning,stable,none,False,47,1,0,0,0,0,0,0,1,0,0,0,1,0,0,0,0,0,0,0,0,0,0
obstetric,critical,none,False,69,1,0,0,0,0,0,0,0,0,1,0,0,0,0,0,0,1,0,0,0,0,0
general,stable,none,False,55,1,0,0,0,0,0,0,0,0,0,0,0,0,0,0,0,0,0,0,0,0,0
burns,urgent,mild,False,0,1,0,1,0,0,0,1,0,1,0,0,0,0,0,0,0,0,0,0,0,0,0
respiratory,critical,none,False,32,0,0,0,0,0,0,1,0,0,1,0,0,0,0,0,0,0,0,0,1,1,0
stroke,stable,mild,False,45,0,1,0,0,0,0,0,0,0,0,0,0,0,0,0,0,0,1,0,0,0,0
obstetric,urgent,severe,True,53,0,0,0,0,0,0,0,0,0,1,0,0,0,0,0,0,0,1,0,1,0,0
stroke,urgent,mild,False,48,1,0,0,0,0,0,0,0,0,0,0,0,0,0,0,0,0,0,0,1,0,1
general,urgent,none,True,29,1,0,0,0,0,1,0,0,0,1,0,0,0,0,0,0,0,0,0,0,1,0
burns,critical,none,False,28,1,0,0,0,1,0,0,0,0,1,1,0,0,0,0,0,0,0,0,0,1,0
pediatric,stable,mild,False,29,0,0,0,0,0,0,0,0,0,0,0,0,0,0,0,0,0,0,0,0,0,0
respiratory,stable,none,False,38,0,0,0,0,0,0,0,0,0,0,0,0,0,0,0,0,0,0,0,0,0,0
poisoning,urgent,mild,False,38,1,0,0,0,0,0,0,0,1,0,0,1,0,0,0,0,0,0,0,1,0,0
trauma,critical,none,False,43,1,0,0,1,0,0,0,0,0,1,0,0,0,0,1,0,0,0,0,0,0,0
respiratory,urgent,none,False,66,1,0,0,0,0,0,0,1,0,0,0,0,0,1,1,0,1,0,0,0,0,0
general,stable,mild,False,44,0,0,0,0,0,0,0,0,0,0,1,0,0,0,0,0,0,0,0,0,0,0
respiratory,stable,mild,False,21,0,0,0,0,0,0,0,0,0,0,0,0,0,0,0,0,0,0,0,1,0,0
burns,urgent,none,False,35,1,0,0,0,0,0,0,0,0,0,0,0,0,0,1,0,0,0,0,0,0,0
burns,urgent,none,False,48,1,0,0,0,0,0,0,0,0,0,0,0,0,0,0,0,0,1,1,0,0,0
pediatric,urgent,severe,False,34,1,0,0,0,0,0,1,0,1,0,1,0,0,0,0,0,0,0,1,1,0,1
stroke,critical,none,False,53,1,0,1,0,0,0,0,0,0,1,0,0,0,0,0,0,0,0,0,0,0,0
general,urgent,none,False,10,1,0,0,1,0,1,0,0,0,1,0,0,0,0,0,0,0,0,1,0,0,0
poisoning,urgent,none,False,37,1,0,0,0,0,0,0,0,0,0,0,0,0,0,0,0,0,0,0,0,0,0
obstetric,stable,severe,False,49,0,0,0,0,1,0,0,0,0,0,1,0,0,0,0,0,0,1,1,1,0,0
trauma,urgent,none,False,24,1,0,0,1,0,0,0,0,0,0,0,1,0,0,0,0,0,0,0,0,0,0
general,critical,mild,False,27,1,0,0,0,0,0,0,1,0,1,0,0,0,0,0,0,0,0,1,0,1,0
stroke,urgent,none,False,22,0,0,0,0,0,0,0,0,0,0,0,0,1,0,0,1,1,0,0,0,0,0
trauma,urgent,none,False,46,1,0,0,0,0,0,0,0,0,0,0,0,0,0,0,0,0,0,0,1,0,0
pediatric,stable,none,False,0,0,0,0,0,0,0,0,1,0,0,0,0,0,0,0,0,0,0,0,0,1,0
cardiac,urgent,none,False,21,1,1,0,0,0,0,0,0,0,1,0,0,0,0,0,0,0,0,0,0,0,1
trauma,urgent,none,False,31,1,0,0,1,0,0,0,0,0,0,0,0,0,0,0,0,0,1,0,0,0,0
poisoning,critical,mild,False,17,1,0,0,0,0,0,0,0,0,1,1,0,0,0,0,1,0,0,0,0,0,0
general,urgent,none,False,26,1,0,0,0,0,0,0,0,0,1,0,0,0,0,0,0,0,0,0,0,0,0
poisoning,critical,mild,False,39,1,0,0,0,0,0,0,1,0,1,1,0,0,0,0,0,0,0,0,0,0,0
stroke,urgent,none,False,18,1,0,1,0,0,0,0,0,0,0,0,0,0,0,0,0,0,0,0,0,0,0
pediatric,urgent,severe,False,50,1,1,0,0,0,0,1,0,0,0,0,0,0,0,0,1,0,0,1,0,1,1
obstetric,critical,none,False,42,0,0,0,0,0,1,0,1,1,1,0,0,0,0,0,0,0,0,0,0,0,0
stroke,urgent,severe,False,24,1,0,1,0,0,1,0,0,0,0,0,0,0,0,0,0,0,0,1,0,1,1
pediatric,critical,mild,False,40,1,0,0,0,0,0,1,0,1,0,0,0,0,0,0,0,0,0,0,0,1,0
stroke,critical,mild,False,63,1,0,1,0,1,0,0,0,0,1,0,0,1,0,0,0,0,1,0,0,0,0
cardiac,urgent,none,False,63,1,0,0,0,0,0,0,0,0,1,0,0,0,0,0,0,0,0,0,0,0,0
poisoning,stable,mild,False,12,0,0,0,0,0,0,0,1,0,0,0,0,0,0,0,0,0,0,0,0,1,1
respiratory,urgent,none,False,11,1,0,0,0,0,0,0,0,0,0,0,0,0,0,0,0,0,1,0,0,0,0
respiratory,urgent,none,False,44,1,0,0,0,0,0,0,0,0,0,0,0,1,0,0,1,0,0,1,0,0,0
stroke,critical,mild,False,27,0,0,1,0,0,0,0,0,0,1,0,0,1,0,0,0,0,0,0,0,0,0
pediatric,urgent,severe,False,77,0,0,0,0,0,0,0,0,0,0,0,0,0,0,0,0,0,1,0,1,1,1
poisoning,urgent,mild,False,18,1,0,0,0,0,0,0,0,0,0,0,0,0,0,0,0,1,0,1,0,0,0
respiratory,stable,mild,False,51,0,0,0,0,0,0,0,0,1,0,0,0,0,0,0,0,0,0,0,1,0,0
obstetric,critical,none,False,45,0,0,0,0,0,1,0,0,1,0,0,0,0,0,0,0,0,0,0,0,0,0
general,stable,none,False,56,0,0,0,0,1,0,0,0,0,0,0,0,0,0,0,0,0,0,0,0,0,0
obstetric,critical,severe,False,86,1,0,0,0,0,1,0,0,1,1,0,0,0,0,0,0,0,0,0,1,1,1
poisoning,urgent,none,False,41,1,0,0,0,0,0,0,0,0,0,0,1,1,0,0,0,0,1,0,0,0,1
respiratory,critical,severe,False,62,1,0,0,0,0,0,0,1,0,1,1,0,0,0,0,0,0,0,1,0,0,1
pediatric,stable,mild,False,56,0,0,0,0,0,0,0,0,0,0,1,0,0,0,0,0,0,0,0,0,0,1
stroke,stable,none,False,52,0,0,0,0,0,0,0,0,0,0,0,0,0,0,0,0,0,0,0,0,0,0
pediatric,urgent,none,False,7,0,0,0,0,0,0,1,0,0,0,0,0,0,0,0,0,0,0,0,1,0,0
burns,urgent,mild,False,15,0,0,0,0,1,1,0,0,0,0,0,0,0,0,0,1,0,0,0,1,0,1
obstetric,urgent,none,False,80,0,0,0,0,0,0,0,0,0,0,0,0,0,0,0,0,0,1,0,0,0,0
poisoning,stable,none,False,19,0,0,0,0,0,1,0,0,1,0,0,0,0,0,0,0,0,0,0,0,0,0
obstetric,critical,none,False,20,1,0,0,0,0,1,0,0,1,1,0,0,0,0,0,0,0,0,1,0,0,0
burns,stable,none,False,33,0,0,0,0,0,0,0,0,1,0,0,0,0,0,0,0,0,0,0,0,0,0
burns,stable,none,False,42,0,0,0,0,0,0,0,0,1,0,0,0,0,0,0,0,0,0,0,0,0,0
general,stable,severe,False,60,1,0,0,1,0,0,0,0,0,0,0,0,0,0,0,0,0,0,1,1,0,0
obstetric,critical,none,False,47,1,0,0,0,0,1,0,0,1,1,0,0,0,0,0,0,1,0,1,0,0,0
poisoning,urgent,mild,False,25,1,0,0,0,0,1,0,1,0,0,0,0,0,0,0,0,0,0,0,0,0,0
stroke,stable,none,False,21,0,0,0,0,1,0,1,0,0,1,0,0,0,0,0,0,0,0,0,1,0,0
respiratory,stable,none,False,44,0,0,0,0,0,0,0,0,0,0,0,0,0,0,0,0,0,0,0,0,0,0
respiratory,urgent,mild,False,41,1,0,0,0,0,0,0,1,0,0,0,0,0,0,0,0,0,0,1,0,0,0
general,urgent,none,False,44,1,0,0,0,0,0,0,0,0,1,0,0,0,0,0,0,0,0,0,0,0,0
poisoning,urgent,none,False,36,1,0,0,0,0,0,0,0,1,0,0,0,0,0,0,0,1,0,0,0,0,0
trauma,critical,none,False,42,0,0,0,0,0,0,1,0,1,1,0,0,0,0,0,0,0,1,0,0,0,0
obstetric,urgent,none,False,31,0,0,0,0,0,1,0,0,1,0,0,0,1,0,0,0,0,0,0,0,1,0
respiratory,critical,none,False,45,1,0,0,0,0,0,0,1,0,1,1,0,0,0,0,0,0,0,0,0,0,0
burns,urgent,none,False,60,1,0,0,0,0,0,0,0,0,0,0,0,0,0,1,0,0,0,0,0,0,0
burns,stable,none,False,62,0,0,0,0,0,0,0,0,1,0,0,0,0,0,0,0,0,0,0,0,0,0
obstetric,stable,none,False,35,0,1,0,1,1,0,0,0,0,1,0,0,0,0,0,0,0,0,0,0,0,0
cardiac,stable,none,False,0,1,0,0,0,0,0,0,0,0,0,0,0,0,0,0,0,0,0,0,0,0,1
burns,stable,none,False,16,0,0,0,0,0,0,0,0,0,0,0,0,0,0,0,0,0,0,0,0,0,0
trauma,urgent,none,False,56,1,0,0,1,0,0,0,0,0,0,0,0,0,0,0,0,0,0,0,0,0,0
stroke,urgent,mild,False,59,0,0,1,0,0,0,0,0,0,0,0,0,1,0,0,0,0,0,0,0,0,1
respiratory,urgent,none,False,24,1,0,0,0,0,0,1,0,0,0,0,0,0,0,0,0,0,0,0,0,1,0
respiratory,critical,none,False,46,1,0,0,1,0,0,0,1,1,1,1,0,0,0,0,0,0,0,0,0,0,0
respiratory,urgent,none,False,53,0,0,0,0,0,0,0,1,0,0,0,0,0,1,0,0,0,0,0,0,0,0
general,urgent,mild,False,11,0,0,0,0,0,0,1,0,0,0,0,0,0,0,0,0,0,0,0,0,0,0
obstetric,urgent,severe,False,82,0,0,0,0,0,1,0,0,0,1,0,0,0,0,0,0,0,0,1,1,0,1
burns,stable,mild,False,41,0,0,0,0,0,0,0,0,0,0,0,0,0,0,0,0,0,0,1,0,0,0
respiratory,critical,mild,False,40,0,0,0,0,0,0,0,1,0,1,0,0,0,0,0,0,0,1,0,0,0,1
poisoning,critical,none,False,31,1,0,0,0,0,0,0,0,0,1,1,0,0,0,0,0,0,0,0,0,0,0
pediatric,urgent,severe,False,33,0,0,0,0,0,0,1,0,0,1,1,0,0,0,0,0,0,1,1,0,0,0
pediatric,urgent,severe,False,29,1,0,0,0,0,0,1,0,0,0,0,0,1,0,0,0,0,1,0,1,1,1
general,stable,none,False,26,1,0,0,0,0,0,0,0,0,0,0,0,0,0,0,0,0,0,0,1,0,0
stroke,urgent,none,False,55,0,0,1,0,0,0,0,0,0,0,0,0,1,0,0,0,0,1,0,0,0,0
respiratory,urgent,severe,False,37,1,0,0,0,0,0,0,0,0,0,0,0,0,0,0,0,0,0,0,0,0,1
pediatric,urgent,none,False,78,0,0,0,0,0,0,1,0,0,0,0,0,0,0,0,0,0,0,0,0,0,0
stroke,urgent,mild,False,42,1,0,1,0,0,0,0,0,1,0,1,0,0,0,0,0,0,0,0,0,0,0
cardiac,urgent,mild,False,20,1,0,0,0,0,0,0,0,0,1,0,1,0,1,0,0,1,1,0,0,0,1
poisoning,critical,none,False,37,1,0,0,0,0,0,0,0,1,1,0,0,0,0,0,0,0,0,0,0,0,0
cardiac,urgent,none,False,52,1,1,0,0,0,0,0,0,0,1,0,0,0,0,1,0,0,0,0,0,1,0
trauma,urgent,mild,False,40,0,0,0,1,0,1,0,0,0,0,0,0,0,0,0,0,0,0,0,0,1,0
respiratory,urgent,none,False,65,1,0,0,0,0,0,0,1,0,0,0,0,0,0,0,0,0,0,0,0,0,0
burns,critical,severe,False,8,1,0,0,0,0,0,1,0,0,1,0,0,0,0,0,0,0,0,1,1,1,0
pediatric,urgent,none,False,33,1,1,0,1,0,0,1,0,0,1,0,0,0,0,0,0,0,0,0,0,0,0
pediatric,critical,severe,False,73,1,0,0,0,0,0,1,0,0,1,0,0,0,0,0,0,0,1,1,0,0,0
respiratory,critical,none,False,38,1,0,0,0,1,0,0,0,1,1,0,0,0,0,0,0,0,0,0,1,0,0
general,critical,mild,False,64,1,0,0,0,0,0,0,0,0,1,0,0,0,0,0,0,0,0,0,0,0,0
pediatric,critical,severe,False,14,1,0,0,0,0,0,1,0,0,1,0,0,0,0,0,0,0,0,1,1,1,1
general,urgent,mild,False,20,1,0,0,0,0,0,0,0,0,0,0,0,0,0,0,0,0,0,0,0,0,1
trauma,urgent,none,False,59,1,0,0,0,0,0,0,0,0,0,0,0,0,0,0,0,0,0,0,0,0,0
poisoning,critical,mild,False,23,1,0,0,0,0,0,0,0,0,1,0,0,0,0,1,0,0,0,0,0,1,0
general,urgent,none,False,44,0,0,0,0,0,1,0,0,0,1,0,0,0,0,0,0,0,0,0,0,0,0
obstetric,stable,severe,False,27,0,0,0,0,0,0,1,0,0,0,0,0,0,0,0,0,0,0,0,1,0,1
burns,critical,none,False,42,1,1,0,0,1,0,0,0,0,1,1,0,0,0,0,0,0,1,0,0,0,0
stroke,stable,mild,False,67,0,0,0,0,0,0,0,1,0,0,0,0,0,0,0,0,0,0,0,0,0,0
stroke,critical,mild,False,68,1,0,1,0,0,0,0,0,0,1,0,0,1,0,0,0,0,0,1,0,0,0
cardiac,urgent,none,False,9,1,1,0,0,0,0,1,0,0,1,0,0,0,0,0,0,0,0,0,0,0,0
burns,critical,none,False,65,1,0,0,0,0,0,0,0,1,1,1,0,0,0,0,0,0,0,0,0,0,0
burns,stable,none,False,29,0,0,0,0,0,0,0,0,0,0,0,0,0,0,0,0,0,0,0,0,0,0
cardiac,urgent,none,False,28,1,0,0,0,0,0,0,0,0,1,0,0,0,0,0,0,0,0,0,0,0,0
general,critical,severe,False,26,1,0,0,0,0,0,0,0,0,1,0,0,0,0,0,0,0,0,1,0,0,1
cardiac,stable,none,False,51,1,0,0,0,0,0,0,0,0,0,0,0,0,0,0,0,0,0,0,0,0,0
pediatric,stable,none,False,41,0,0,0,0,0,0,0,0,0,0,0,0,0,0,0,0,0,0,0,0,0,0
poisoning,critical,mild,False,46,1,0,0,0,0,0,0,0,0,1,0,1,0,0,0,0,0,1,0,0,0,0
pediatric,critical,mild,False,35,0,0,0,0,0,0,0,0,1,1,0,0,0,0,0,0,0,0,0,0,0,1
burns,stable,none,False,31,0,0,0,0,0,0,0,0,0,0,0,0,0,0,0,0,0,0,0,0,0,0
general,urgent,none,False,0,1,0,0,0,0,0,1,0,0,1,0,0,0,0,0,0,1,0,0,0,0,0
burns,stable,none,False,38,0,0,0,0,0,0,0,0,0,0,0,0,1,0,0,1,0,0,0,0,0,0
pediatric,stable,mild,False,54,0,0,0,0,0,0,0,0,0,0,0,0,0,0,0,0,0,0,0,0,1,0
poisoning,stable,none,False,2,0,0,0,0,0,0,0,0,0,0,0,0,0,0,0,0,0,0,0,0,0,0
respiratory,stable,none,False,54,0,0,0,0,0,1,0,0,0,0,0,0,0,0,0,0,0,0,0,0,0,0
obstetric,critical,severe,False,34,1,0,0,0,0,1,0,0,1,1,0,0,0,0,0,0,0,0,1,1,0,1
stroke,urgent,severe,False,45,1,0,0,0,0,0,0,0,0,0,0,0,1,0,0,0,0,1,1,0,1,0
burns,urgent,mild,False,39,0,0,0,0,1,0,0,0,0,0,0,0,0,0,0,0,0,0,0,0,0,0
cardiac,stable,none,False,16,1,0,0,0,0,0,0,0,0,0,0,0,0,0,0,0,0,0,0,0,0,0
stroke,urgent,none,False,10,1,0,1,0,0,0,0,0,0,0,0,0,1,0,0,0,0,0,0,0,0,0
cardiac,critical,none,False,48,1,1,0,0,0,0,0,0,0,1,0,1,0,0,1,0,0,0,0,0,0,0
obstetric,urgent,none,False,27,0,0,0,0,0,0,0,1,0,1,0,0,0,0,0,0,0,0,0,0,0,0
trauma,urgent,none,False,58,1,0,0,0,0,0,0,0,0,0,0,0,0,0,0,0,0,0,0,0,0,0
general,stable,severe,False,24,0,0,0,0,0,0,0,0,0,0,0,1,0,0,0,0,1,1,0,0,1,1
poisoning,urgent,mild,False,53,0,0,0,0,0,0,0,0,0,0,0,0,0,0,0,0,0,0,0,0,1,0
cardiac,critical,none,False,14,1,1,0,0,0,0,0,0,0,1,0,1,0,0,1,0,0,0,0,1,0,0
cardiac,critical,none,False,30,0,1,0,1,0,0,1,0,0,1,0,1,0,0,1,0,0,0,0,0,0,0
pediatric,urgent,none,False,66,0,0,0,0,0,0,1,0,1,0,0,0,0,0,0,0,0,0,0,0,0,0
pediatric,stable,mild,False,45,0,0,0,0,1,0,0,0,0,0,0,0,0,0,0,0,0,0,0,0,0,0
poisoning,urgent,none,False,0,1,0,0,0,0,0,1,0,0,0,0,0,0,0,0,0,0,0,0,0,0,0
obstetric,urgent,mild,False,60,0,0,0,0,0,1,0,0,0,1,0,0,0,0,0,0,0,0,0,0,0,0
general,stable,none,False,37,0,0,0,0,0,0,0,0,0,1,0,0,0,0,0,0,0,0,0,0,0,0
stroke,stable,severe,False,40,0,0,0,0,0,0,0,1,0,0,0,1,0,0,0,0,0,1,0,0,1,0
cardiac,stable,severe,False,42,1,0,1,0,0,0,0,0,0,0,0,0,0,0,0,0,0,1,1,1,1,0
obstetric,urgent,none,False,41,0,0,0,0,0,0,0,0,0,1,0,0,0,0,0,0,0,0,0,0,0,0
respiratory,urgent,severe,False,0,1,0,0,0,0,0,0,0,0,0,0,0,0,0,0,0,0,0,1,0,0,1
cardiac,critical,none,False,16,1,1,0,0,0,0,0,0,0,1,0,1,0,0,1,0,0,0,0,1,0,0
general,critical,none,False,34,0,0,0,0,0,0,0,0,0,1,0,1,0,0,0,0,0,0,0,0,0,0
general,urgent,none,False,39,1,0,0,0,0,0,1,0,0,1,0,0,0,0,0,0,0,0,0,0,0,0
pediatric,stable,none,False,21,0,0,0,0,0,0,0,0,1,0,0,0,0,0,0,0,0,0,0,0,0,0
respiratory,urgent,none,False,75,1,0,0,0,0,0,0,0,1,0,0,0,0,0,0,0,0,1,0,0,0,0
cardiac,critical,none,False,30,0,1,0,0,0,0,0,0,0,1,0,1,0,0,1,0,0,0,1,0,0,0
respiratory,critical,mild,False,24,1,0,0,0,0,0,0,0,0,1,1,0,0,0,0,0,0,0,0,0,0,1
poisoning,critical,mild,False,78,1,0,0,0,0,0,0,0,0,1,1,0,0,0,0,0,0,1,0,0,0,1
general,stable,severe,True,54,0,0,0,0,1,1,0,1,0,0,0,0,0,0,0,0,0,0,1,1,1,1
respiratory,critical,none,False,55,1,0,0,0,0,0,0,1,0,1,0,0,0,0,0,0,0,0,0,0,0,1
stroke,stable,mild,False,40,0,0,0,0,0,0,0,0,0,0,0,1,0,0,1,0,0,0,0,1,0,1
pediatric,stable,none,False,44,0,1,0,0,0,0,0,0,0,0,0,0,0,0,0,0,0,0,0,0,1,0
cardiac,critical,severe,False,26,1,0,0,0,0,0,0,0,0,1,0,0,0,0,0,0,0,0,1,0,1,0
pediatric,urgent,none,False,36,1,0,0,1,0,1,1,0,0,0,0,1,0,0,0,0,0,0,0,0,0,0
pediatric,stable,none,False,58,0,0,0,0,0,0,0,0,1,0,0,1,0,0,0,0,0,0,0,0,0,0
obstetric,critical,severe,False,42,1,0,0,0,0,1,0,0,0,1,0,0,0,1,0,0,1,0,0,0,1,0
obstetric,stable,none,False,54,0,1,0,0,0,0,0,0,0,0,0,0,0,0,0,0,0,0,0,0,0,0
general,stable,none,False,18,0,0,0,0,0,0,0,0,0,0,0,0,0,1,0,0,0,0,0,1,0,0
cardiac,stable,none,False,6,1,1,0,1,0,0,1,0,1,0,0,0,0,0,0,0,0,0,0,0,0,0
burns,stable,severe,False,52,0,0,0,0,0,0,0,0,0,0,0,0,0,0,0,0,0,1,0,1,1,1
poisoning,urgent,none,False,15,1,0,0,0,0,0,0,0,0,0,0,0,0,0,0,0,0,0,0,0,0,0
cardiac,critical,none,False,37,1,1,0,0,0,0,0,0,0,1,0,1,0,0,1,0,0,0,0,0,0,0
general,urgent,none,False,30,1,0,0,0,0,0,0,0,0,1,0,0,0,0,0,1,0,0,0,0,0,0
poisoning,urgent,none,False,40,1,0,0,0,0,0,0,0,0,0,0,0,0,0,0,0,0,0,0,0,0,0
stroke,urgent,none,False,29,1,0,1,0,0,0,0,0,0,0,0,0,0,0,0,0,0,0,0,0,0,0
obstetric,stable,mild,False,16,0,0,0,0,0,0,0,0,0,0,0,0,0,0,0,0,0,1,0,0,0,0
pediatric,urgent,none,False,0,1,0,0,0,0,0,0,0,0,0,0,1,0,0,0,0,0,0,0,0,0,0
cardiac,urgent,none,False,37,1,1,0,0,0,0,0,0,0,1,0,0,0,0,0,0,0,0,0,0,0,0
respiratory,urgent,severe,False,45,1,0,0,1,0,0,0,1,0,0,0,0,0,0,0,0,0,1,0,0,1,0
pediatric,stable,none,False,23,0,0,0,0,0,1,0,0,0,0,0,0,0,0,0,0,0,0,0,0,0,0
obstetric,urgent,severe,False,66,0,0,0,0,0,1,0,0,0,1,0,0,0,0,0,0,0,0,0,1,1,1
stroke,stable,mild,False,67,0,0,0,0,0,0,0,0,0,0,0,0,0,0,0,0,0,0,0,0,1,0
burns,critical,severe,False,29,1,0,0,0,0,0,0,0,0,1,0,0,0,0,1,0,0,0,1,1,1,1
stroke,critical,mild,False,27,1,0,1,0,0,0,0,0,0,1,0,0,1,0,0,0,0,0,0,0,1,1
poisoning,stable,none,False,18,0,0,0,0,0,0,0,0,0,0,0,0,0,0,0,0,0,0,0,0,0,0
obstetric,urgent,none,False,7,1,0,1,0,0,1,1,0,0,0,0,0,0,0,0,0,0,0,0,0,0,0
burns,urgent,none,False,44,1,0,0,0,0,0,0,0,0,0,0,0,0,0,0,0,0,0,0,0,0,0
cardiac,urgent,none,False,18,1,0,0,0,0,0,0,0,0,1,0,0,0,0,0,0,0,0,0,0,0,0
burns,critical,mild,False,67,1,0,0,0,0,0,0,0,0,1,1,0,0,0,0,0,0,0,0,0,0,0
pediatric,critical,none,False,0,0,0,0,0,0,0,1,0,0,1,0,0,0,0,0,0,0,0,0,0,0,0
burns,critical,none,False,18,1,1,0,0,1,0,0,0,0,1,1,0,0,0,0,0,1,0,0,0,0,0
trauma,stable,none,False,2,0,0,0,0,0,0,1,0,0,0,0,0,0,0,0,0,0,0,0,0,0,0
cardiac,stable,none,False,37,0,1,0,0,0,0,0,0,0,0,0,1,0,0,0,0,0,0,0,0,0,0
stroke,urgent,none,True,7,1,0,0,0,0,0,1,1,0,1,0,0,1,0,0,0,0,0,0,0,0,0
cardiac,stable,none,False,3,1,0,0,0,0,0,0,0,0,0,0,0,0,0,0,0,0,0,0,0,0,0
trauma,critical,mild,False,29,1,1,0,1,0,0,0,0,0,1,0,0,0,0,0,0,1,0,0,0,1,0
general,stable,severe,False,44,1,0,0,0,0,1,0,0,0,0,0,0,0,0,0,0,1,1,0,1,1,1
poisoning,critical,mild,False,20,1,0,0,0,0,0,0,1,0,1,0,0,0,1,0,0,0,0,0,0,0,0
burns,critical,mild,False,38,1,0,0,0,1,0,0,0,0,1,1,0,0,0,0,0,0,0,0,0,0,0
stroke,stable,severe,False,46,0,0,0,0,0,0,0,0,0,0,0,0,1,0,0,0,0,1,1,0,1,1
obstetric,critical,none,True,42,1,0,0,0,0,1,0,0,0,1,0,0,0,0,0,0,0,0,0,0,0,0
poisoning,stable,mild,False,61,0,0,0,0,0,1,0,0,0,0,0,0,0,0,0,0,0,0,0,1,0,0
pediatric,critical,mild,False,19,1,0,0,1,0,0,0,0,0,1,0,0,0,0,0,0,0,0,1,0,1,1
stroke,urgent,none,False,53,1,0,0,0,0,0,0,0,0,0,0,0,1,0,0,0,0,0,0,0,0,0
obstetric,urgent,none,False,24,0,0,0,0,0,0,0,0,0,0,0,0,0,0,0,0,1,0,0,0,0,0
respiratory,critical,severe,False,54,1,0,0,0,0,0,0,1,0,1,1,0,0,0,0,0,0,1,1,0,1,0
respiratory,stable,none,False,10,0,0,0,0,0,0,0,0,0,0,0,0,0,0,0,0,0,0,0,0,0,0
cardiac,urgent,mild,False,43,1,1,0,0,0,0,0,0,0,1,0,0,0,0,0,0,0,1,0,0,0,0
trauma,stable,none,False,56,0,0,0,0,0,0,0,0,0,0,0,0,0,0,0,0,0,0,0,0,0,0
general,urgent,none,False,61,0,0,0,0,0,0,0,0,1,0,0,0,1,0,0,0,0,0,0,0,0,0
burns,urgent,none,False,44,1,0,0,0,0,0,0,0,0,0,0,0,0,0,0,0,0,0,0,0,0,0
respiratory,stable,none,False,6,0,0,0,0,0,0,1,1,0,0,0,0,0,0,0,0,0,0,0,0,1,0
burns,urgent,mild,False,15,1,0,0,0,0,0,1,0,0,0,0,0,0,0,0,0,0,0,0,0,0,0
cardiac,stable,none,False,52,1,1,0,1,0,0,0,0,0,0,0,0,0,0,0,0,0,0,0,0,0,1
trauma,critical,mild,False,19,0,0,0,1,0,0,0,0,0,0,0,0,0,0,0,0,0,0,0,0,0,0
stroke,urgent,none,False,17,1,0,0,0,0,0,0,0,0,0,0,0,0,0,0,0,0,0,0,0,0,0
general,stable,none,False,49,1,0,0,0,0,0,0,0,0,0,1,0,0,0,0,0,0,0,0,0,1,1
cardiac,urgent,none,False,44,1,1,0,0,0,1,0,0,1,1,0,0,0,0,0,0,0,0,0,0,1,0
obstetric,urgent,none,False,43,0,0,0,1,0,1,0,0,0,1,0,0,0,0,0,0,0,0,0,0,0,0
poisoning,urgent,none,False,36,1,0,0,0,0,0,0,0,0,0,0,0,0,0,1,0,0,0,0,0,0,0
cardiac,critical,none,False,32,1,0,0,0,0,0,0,0,1,1,0,0,0,0,1,0,0,1,0,0,0,0
trauma,critical,none,False,29,1,0,0,1,0,0,0,0,1,1,0,0,0,0,0,0,1,0,0,0,0,0
cardiac,critical,none,False,26,1,1,0,0,0,0,0,0,0,1,0,1,0,0,1,0,0,0,0,0,0,0
burns,urgent,severe,False,82,1,0,0,0,1,0,0,0,0,0,0,0,0,0,0,0,0,0,1,0,0,0
respiratory,critical,none,False,54,1,0,0,0,0,0,0,0,0,1,1,0,0,0,0,0,0,0,0,0,0,0
stroke,urgent,none,False,51,1,0,1,0,0,0,0,0,0,0,0,0,0,0,1,0,0,0,0,0,0,1
trauma,critical,mild,False,42,1,1,0,0,0,0,0,0,1,1,0,0,0,0,1,0,1,1,0,0,0,1
trauma,stable,none,False,36,0,0,0,0,0,0,0,0,1,0,0,0,0,0,0,0,0,0,0,0,0,0
obstetric,critical,severe,False,53,1,0,0,0,0,1,0,0,1,1,0,0,0,1,0,0,0,1,1,0,0,1
trauma,urgent,none,False,28,1,0,0,1,0,1,1,0,0,0,0,0,1,0,0,0,0,0,0,0,0,0
poisoning,urgent,mild,False,16,0,0,0,0,0,0,0,0,0,0,1,1,0,0,0,0,0,0,0,0,0,0
cardiac,critical,none,False,38,1,1,0,0,0,0,0,0,1,1,0,1,0,0,1,0,0,0,0,0,0,0
cardiac,stable,none,False,28,0,0,0,0,0,0,0,0,0,0,0,0,0,0,0,0,0,0,0,0,0,0
obstetric,critical,none,False,75,1,0,0,0,0,1,0,0,1,1,0,0,0,0,0,0,0,0,0,0,0,0
obstetric,critical,severe,False,32,1,0,0,0,0,1,0,0,0,0,0,0,0,0,0,0,0,1,1,1,1,0
obstetric,stable,severe,False,22,0,0,0,0,0,0,0,0,0,0,0,0,1,0,0,0,0,1,0,0,1,0
burns,stable,none,False,29,1,0,0,0,0,0,0,0,0,0,0,0,0,0,0,0,0,0,0,0,0,0
cardiac,critical,none,False,45,1,1,0,0,0,0,0,0,0,1,0,1,0,0,1,0,0,0,0,0,0,0
respiratory,critical,none,False,27,1,0,0,0,0,0,0,1,0,1,1,1,0,0,0,0,0,0,0,0,0,0
cardiac,critical,severe,False,28,1,1,0,0,0,0,0,0,0,0,0,1,0,0,1,0,0,1,0,0,0,1
cardiac,urgent,severe,False,49,1,1,0,0,0,0,0,0,0,1,0,0,0,0,0,0,0,0,1,0,1,0
respiratory,critical,mild,False,10,1,0,0,0,0,0,1,1,0,0,0,0,0,0,0,0,0,0,0,0,0,0
poisoning,critical,none,False,14,1,0,0,0,0,0,0,0,0,1,0,0,0,0,0,1,0,0,0,0,0,0
respiratory,critical,none,False,12,1,0,0,0,0,0,0,1,0,1,0,0,0,0,0,0,0,0,0,0,0,0
stroke,urgent,severe,False,50,1,0,0,0,0,0,0,0,0,0,0,0,1,0,0,0,0,1,1,0,0,1
poisoning,critical,severe,True,16,1,1,0,0,0,0,0,0,0,1,1,0,0,0,0,0,0,0,1,1,1,1
poisoning,urgent,mild,False,47,0,0,0,0,0,0,0,0,0,0,0,0,0,0,0,0,0,1,0,0,0,0
pediatric,stable,none,False,30,0,0,0,0,0,0,0,0,0,1,0,0,0,0,0,0,0,0,0,0,0,0
trauma,stable,none,False,59,0,0,0,0,0,0,0,0,0,0,0,0,0,0,0,0,0,0,0,0,0,0
general,urgent,none,False,59,1,0,0,0,0,0,0,0,1,1,0,0,0,0,0,0,0,0,0,0,1,0
trauma,stable,none,False,30,0,0,0,0,0,0,0,0,0,0,0,0,1,0,0,0,1,0,0,0,0,0
burns,urgent,none,False,82,1,0,0,0,0,0,0,0,0,0,0,0,0,0,0,0,0,0,0,0,0,0
cardiac,critical,mild,False,57,1,1,0,0,0,0,0,0,0,0,0,0,0,0,1,0,0,0,0,0,0,0
respiratory,urgent,none,False,44,1,0,0,0,0,0,0,1,0,0,0,0,0,0,0,0,0,0,0,0,0,0
poisoning,stable,mild,False,19,0,0,0,0,0,0,0,0,0,0,0,0,0,1,0,0,0,1,0,0,0,0
cardiac,stable,severe,False,12,1,0,0,0,0,0,1,0,0,0,0,0,0,0,0,0,0,0,1,1,1,1
pediatric,stable,mild,False,44,0,0,0,0,0,0,0,0,0,0,0,0,0,0,0,0,0,0,0,0,1,0
general,critical,severe,False,42,1,1,0,0,0,0,0,0,0,1,0,0,0,0,0,0,0,1,0,0,1,0
poisoning,stable,none,False,7,0,0,0,0,0,0,1,1,0,0,0,0,0,0,0,1,0,0,0,0,0,0
pediatric,stable,none,False,39,0,1,0,0,0,0,0,0,0,0,0,0,0,0,1,0,0,0,0,0,0,0
pediatric,urgent,none,False,43,1,0,0,0,0,0,1,0,0,0,0,0,0,0,0,0,0,0,0,1,0,0
trauma,urgent,none,False,36,1,0,0,0,0,0,0,0,0,0,0,0,0,0,0,0,0,0,0,0,0,0
poisoning,critical,none,False,10,1,0,0,0,0,0,1,0,0,1,1,0,0,0,0,0,0,1,0,0,0,1
general,urgent,none,False,68,1,0,0,0,0,0,0,0,0,1,0,0,0,0,0,0,0,0,0,0,0,0
trauma,critical,severe,False,12,1,0,0,1,0,0,1,0,1,1,0,0,0,1,0,0,0,0,0,0,1,1
trauma,urgent,severe,False,0,1,0,0,1,0,0,1,0,0,0,0,0,0,0,0,0,0,1,0,1,0,1
trauma,stable,none,False,25,0,1,0,0,0,0,0,0,1,1,0,0,0,0,0,0,0,0,0,0,0,0
trauma,stable,severe,False,30,0,0,0,0,0,0,0,0,0,0,0,0,0,0,0,0,1,1,0,1,1,1
poisoning,critical,severe,False,48,1,0,0,0,0,0,0,0,0,1,1,1,0,0,0,0,0,1,0,1,0,1
poisoning,urgent,none,False,51,0,0,0,0,0,0,0,0,0,0,0,0,0,0,0,0,1,0,1,0,0,0
pediatric,critical,none,False,17,0,0,0,0,0,0,1,0,1,0,0,0,0,0,0,0,0,0,0,0,0,0
cardiac,urgent,none,False,39,1,0,0,0,0,0,0,0,0,0,0,0,0,0,0,0,0,0,0,0,0,0
obstetric,stable,mild,False,39,0,0,0,0,0,0,0,0,0,0,0,0,0,0,0,0,0,0,0,0,0,1
burns,urgent,none,False,81,1,0,0,0,1,0,0,0,0,0,0,0,0,0,0,0,0,0,0,0,0,0
poisoning,critical,none,False,24,1,0,0,0,0,1,0,0,0,0,0,0,0,0,0,0,0,0,0,0,0,0
pediatric,stable,mild,False,11,0,0,0,0,0,0,1,0,0,0,0,0,0,0,0,0,0,0,0,0,0,0
stroke,critical,none,False,34,1,0,1,0,0,0,0,0,0,1,0,0,1,1,0,0,0,0,0,0,0,0
poisoning,critical,none,False,33,1,0,0,0,0,0,0,0,0,1,1,0,0,0,0,0,0,0,0,0,0,0
stroke,critical,mild,False,25,1,0,1,0,0,0,0,0,0,1,0,0,1,0,0,0,0,0,0,0,0,0
burns,urgent,mild,False,39,1,0,0,0,0,0,0,0,0,0,0,0,0,0,0,0,0,0,0,0,0,1
cardiac,urgent,severe,False,27,1,0,0,0,0,0,0,0,0,1,0,0,1,0,0,0,0,0,1,1,0,0
obstetric,critical,mild,False,26,1,0,0,0,0,1,0,0,0,1,0,0,0,0,0,0,1,0,0,0,0,1
respiratory,urgent,mild,False,42,1,0,0,0,0,0,0,0,0,0,0,0,0,0,0,0,0,0,0,0,1,0
burns,urgent,none,False,0,1,0,0,0,0,0,0,0,0,0,1,0,0,0,1,0,0,0,0,0,0,0
poisoning,critical,severe,False,33,0,0,0,0,1,0,0,0,0,0,1,0,0,0,0,0,0,1,1,1,0,0
poisoning,urgent,none,False,69,1,0,0,0,0,0,0,0,0,0,0,0,0,0,0,0,0,0,0,0,0,1
poisoning,stable,none,False,42,0,0,1,0,0,0,0,0,0,0,0,0,0,0,0,0,0,0,0,0,0,0
burns,stable,none,False,66,0,0,0,0,0,0,0,0,0,0,0,0,0,0,0,0,0,0,0,0,0,0
pediatric,critical,mild,False,29,0,0,0,0,0,0,1,0,0,1,0,0,0,0,0,0,0,0,0,0,1,0
general,urgent,none,False,15,0,0,0,0,0,0,0,0,0,1,0,0,0,0,0,0,0,0,0,1,0,0
general,critical,mild,False,34,0,0,0,0,0,0,0,0,0,1,0,0,0,0,0,0,0,0,0,0,0,0
pediatric,urgent,mild,False,54,0,0,0,0,0,0,1,0,0,0,0,0,0,0,0,0,0,1,0,0,0,0
general,urgent,none,False,23,0,0,0,0,0,0,0,0,0,1,0,0,0,0,0,0,0,0,0,0,0,0
obstetric,urgent,none,False,5,0,1,0,0,0,1,0,0,0,1,0,0,0,0,0,0,0,0,0,0,0,1
burns,urgent,none,False,30,1,0,0,0,1,0,0,1,0,0,0,0,1,0,0,0,0,0,0,0,0,0
cardiac,urgent,none,False,50,1,0,0,0,0,0,0,0,0,1,0,0,0,1,0,0,0,0,0,0,0,0
cardiac,critical,severe,False,42,1,1,0,0,0,0,0,0,0,1,0,1,0,0,1,0,0,1,0,1,0,0
obstetric,stable,mild,False,72,0,0,0,0,0,1,0,0,0,0,0,0,0,0,0,0,0,0,0,0,0,0
cardiac,urgent,none,False,42,1,0,0,0,0,0,0,0,0,1,0,0,0,0,0,0,0,0,0,0,0,0
stroke,critical,none,False,0,1,0,1,0,0,0,1,0,0,1,0,0,1,0,0,0,0,0,0,0,0,0
poisoning,stable,none,False,67,0,0,0,0,0,0,0,0,1,0,0,0,0,0,0,0,1,0,0,0,0,0
respiratory,critical,none,False,45,1,0,0,0,0,0,0,1,0,0,1,0,0,0,0,0,0,0,0,0,0,0
trauma,stable,mild,False,19,0,0,0,0,0,0,0,0,0,0,0,0,0,0,0,0,0,0,1,0,0,0
trauma,stable,severe,False,32,0,0,0,0,0,0,1,0,0,0,0,0,0,0,0,0,0,0,1,1,1,1
stroke,urgent,severe,False,0,0,0,1,1,0,0,0,0,0,0,0,0,1,1,0,0,0,0,0,1,1,1
stroke,critical,severe,False,26,1,0,1,0,0,0,0,0,0,1,0,0,1,0,0,1,0,0,0,0,0,1
obstetric,urgent,none,False,58,0,0,0,0,0,1,0,0,0,1,1,0,0,0,1,0,0,0,0,0,0,0
obstetric,urgent,none,False,67,0,0,0,0,0,1,0,0,0,1,0,0,0,0,0,0,0,0,0,0,0,0
respiratory,stable,mild,False,31,0,0,0,0,0,0,0,0,1,0,0,0,0,0,0,0,0,0,1,0,0,0
respiratory,critical,severe,True,50,1,0,0,0,0,0,0,1,0,1,1,0,0,0,0,0,0,0,0,1,0,0
trauma,urgent,none,False,47,0,0,0,0,0,0,0,0,0,0,0,0,0,0,0,0,0,0,0,0,0,0
obstetric,urgent,none,False,47,0,0,0,0,0,1,0,1,1,1,0,0,0,0,0,0,0,0,0,1,0,0
general,urgent,mild,False,36,1,0,0,0,0,0,0,0,1,1,0,0,0,0,0,0,1,0,1,0,0,0
cardiac,stable,severe,False,32,1,0,0,0,0,0,0,0,0,0,0,1,0,0,1,1,0,0,1,1,1,1
respiratory,urgent,none,False,62,1,0,0,0,0,0,0,1,0,0,0,0,0,0,0,0,0,0,0,0,0,0
obstetric,stable,mild,False,24,0,0,1,0,0,0,0,0,0,0,1,0,0,0,0,0,0,0,0,0,0,0
poisoning,stable,none,True,31,0,0,0,0,0,1,0,0,0,0,0,0,0,0,0,0,0,0,0,0,0,0
obstetric,stable,severe,False,55,0,0,0,0,0,0,0,0,1,0,0,0,0,0,0,0,0,0,0,1,1,1
burns,urgent,severe,False,40,1,0,0,0,0,1,0,0,0,0,0,0,0,0,0,0,0,1,1,0,1,1
general,critical,none,False,64,1,0,0,0,0,0,0,1,0,1,0,0,0,0,0,0,0,0,0,0,0,0
obstetric,critical,none,False,55,0,0,0,0,0,1,0,0,0,1,0,0,0,0,0,0,0,0,1,0,0,0
obstetric,stable,none,True,51,0,0,0,0,0,0,0,0,0,0,0,0,0,0,0,0,0,0,0,0,0,0
trauma,stable,none,False,19,0,0,0,0,0,0,0,0,0,0,0,0,0,0,0,0,0,0,0,0,0,0
general,stable,none,False,0,0,0,0,0,0,0,1,0,1,0,0,0,0,0,0,0,0,0,0,0,0,0
obstetric,urgent,severe,False,11,0,0,0,0,0,1,0,0,0,1,0,0,0,0,0,0,0,0,1,0,0,0
general,urgent,severe,False,56,1,0,1,0,0,0,0,0,0,1,0,0,0,0,0,0,0,0,0,1,0,1
burns,critical,none,False,24,1,0,0,0,1,0,0,0,0,1,1,0,0,0,0,0,0,0,0,0,0,0
pediatric,stable,none,False,58,0,0,0,0,0,0,0,1,0,0,0,0,0,0,0,1,0,0,0,0,0,0
cardiac,critical,none,False,45,1,1,0,0,0,0,0,0,1,1,0,1,0,0,0,0,0,0,0,0,0,0
pediatric,critical,mild,False,36,1,0,0,0,0,0,1,0,0,1,0,0,0,0,0,0,0,1,0,1,0,1
obstetric,stable,mild,False,50,0,0,0,1,0,0,0,0,0,0,0,0,0,0,0,0,0,0,1,0,1,0
pediatric,stable,none,False,26,0,0,0,0,0,0,0,0,0,0,0,0,0,0,0,0,0,0,0,0,0,0
general,stable,none,False,14,0,0,1,0,0,0,0,0,0,0,0,0,0,0,0,0,0,0,0,0,0,0
obstetric,critical,none,False,46,1,0,0,0,0,1,1,0,1,1,0,0,0,0,0,0,0,0,0,0,0,0
general,critical,mild,False,22,1,0,0,0,0,0,0,0,0,1,0,0,0,0,1,0,0,0,0,0,0,0
respiratory,stable,mild,False,34,0,0,0,0,0,0,0,0,0,0,0,0,0,0,0,0,0,0,1,1,0,1
general,stable,mild,False,47,0,1,0,0,1,0,0,0,0,0,0,0,0,0,0,0,0,0,0,0,0,0
poisoning,urgent,mild,False,67,1,0,0,0,0,0,0,0,0,0,0,0,0,0,0,0,0,0,0,0,0,0
trauma,critical,mild,False,15,1,0,0,1,0,0,0,0,1,1,0,0,0,0,1,0,0,1,0,0,0,0
pediatric,critical,none,False,27,1,0,0,0,0,0,0,0,0,1,0,0,0,0,0,0,0,0,0,0,0,1
stroke,critical,none,False,25,1,0,1,0,0,0,0,0,0,1,0,0,0,0,0,0,0,0,0,0,0,0
obstetric,critical,mild,True,21,1,0,0,0,0,1,0,0,0,1,0,0,0,1,0,0,0,0,0,0,0,0
pediatric,critical,none,False,14,0,0,0,0,0,0,1,0,0,1,0,0,0,0,0,0,0,0,0,0,0,0
burns,stable,none,False,47,0,0,0,0,0,0,0,0,0,0,0,0,0,0,0,0,0,0,0,0,0,0
cardiac,urgent,none,False,29,0,1,0,0,0,0,0,0,0,1,0,0,0,0,0,0,0,0,0,0,0,0
pediatric,urgent,none,False,24,1,0,0,0,0,0,1,0,0,0,0,0,0,0,0,0,0,0,0,0,0,0
obstetric,urgent,none,False,28,0,0,0,0,0,1,0,0,0,1,1,0,0,0,0,0,0,0,0,0,0,0
cardiac,critical,none,False,40,1,1,0,0,0,0,0,0,0,1,0,0,0,0,1,0,0,1,0,0,0,0
general,stable,severe,False,27,1,0,1,0,0,0,0,0,1,0,0,0,0,0,0,0,0,1,1,1,0,1
burns,stable,none,False,7,0,0,0,0,0,0,0,0,0,0,0,1,0,0,0,0,0,0,0,0,0,0
stroke,urgent,none,False,24,0,0,0,0,0,0,0,0,0,0,0,0,1,0,0,0,0,0,0,0,0,0
pediatric,stable,none,False,46,0,0,0,1,0,0,0,0,0,1,0,0,0,0,0,0,0,0,0,0,0,0
trauma,critical,mild,False,90,0,0,0,1,0,0,0,0,1,1,0,0,0,0,1,0,1,0,0,0,1,0
cardiac,stable,none,False,7,1,0,0,0,0,0,1,0,0,0,0,0,0,0,0,0,0,0,0,0,0,0
stroke,critical,severe,False,3,0,0,1,0,0,0,0,0,0,1,0,0,0,0,1,0,0,1,0,1,1,1
obstetric,critical,none,False,46,1,0,0,0,0,1,0,0,0,1,0,0,0,0,0,0,1,0,0,0,0,0
respiratory,urgent,none,False,59,0,0,0,0,0,0,0,1,1,0,0,0,0,0,0,0,0,0,0,0,0,0
burns,stable,none,False,61,0,0,0,0,0,0,0,0,0,0,0,0,0,0,0,0,0,0,0,1,0,0
pediatric,stable,mild,False,24,0,0,0,0,0,0,0,0,0,0,0,0,0,0,0,0,0,0,0,0,0,0
pediatric,critical,none,False,19,1,0,0,0,0,0,0,0,0,1,0,0,0,0,0,0,0,0,0,0,0,0
pediatric,stable,mild,False,35,0,0,0,0,0,0,0,0,0,0,0,0,0,0,0,0,0,0,0,0,0,0
stroke,stable,none,False,62,0,0,1,0,0,0,0,0,0,0,0,0,0,0,0,0,0,0,0,0,0,0
stroke,urgent,mild,False,46,1,0,1,0,0,0,0,0,0,0,0,0,0,0,0,0,0,1,1,0,0,1
burns,stable,none,False,77,0,0,0,0,0,0,0,0,0,0,0,0,0,0,0,0,0,0,0,0,0,0
general,urgent,severe,False,63,1,0,0,0,0,0,0,0,0,0,0,0,0,0,0,0,0,0,1,1,1,1
general,urgent,none,False,67,1,0,0,0,0,0,0,0,0,1,0,0,0,0,0,0,1,0,0,0,1,0
trauma,urgent,none,False,37,1,0,0,0,0,0,0,0,0,0,0,0,0,0,0,0,0,0,0,0,0,0
general,urgent,mild,False,78,0,0,0,0,0,0,0,0,0,0,0,0,0,0,0,1,0,0,0,0,0,0
pediatric,stable,mild,False,34,0,0,0,0,0,0,0,0,1,0,0,0,0,0,0,0,0,0,0,0,1,0
pediatric,critical,none,False,31,1,0,0,0,0,0,1,0,0,1,0,0,0,0,0,0,0,0,0,0,0,0
respiratory,critical,severe,False,0,1,0,0,0,0,0,1,0,0,1,1,0,0,0,0,0,0,1,0,1,0,0
poisoning,urgent,mild,False,40,1,0,0,0,0,0,0,0,1,0,0,0,0,0,0,0,0,1,0,0,0,0
trauma,stable,mild,False,30,0,0,0,0,0,0,0,0,0,0,0,0,0,0,0,0,0,0,0,0,0,1
cardiac,stable,mild,False,48,1,0,0,0,0,0,0,0,0,0,0,0,0,0,0,0,0,0,1,0,0,1
respiratory,critical,none,False,73,1,0,0,0,0,0,0,1,0,1,0,0,0,0,0,0,0,0,0,0,0,0
cardiac,urgent,mild,False,30,1,1,0,0,0,0,0,0,1,1,0,0,0,0,0,0,0,0,0,1,0,1
poisoning,stable,severe,False,27,0,0,0,0,0,0,0,0,0,0,0,0,0,0,0,0,0,1,1,1,1,1
pediatric,stable,none,False,12,0,0,0,0,0,0,0,0,0,0,0,0,0,0,0,0,0,0,0,0,0,0
trauma,critical,none,False,55,1,0,0,1,0,0,0,0,0,1,0,0,0,0,0,0,0,0,0,0,0,0
respiratory,stable,mild,False,20,0,0,0,0,0,0,1,0,0,0,0,0,0,0,0,0,0,0,0,0,0,0
burns,urgent,none,False,32,0,0,1,0,1,0,0,0,0,0,0,0,0,0,0,0,0,0,0,0,0,0
general,urgent,none,False,32,0,0,0,0,1,0,0,0,0,0,0,0,0,0,0,0,0,0,0,0,0,0
pediatric,urgent,none,False,36,1,0,1,0,0,0,1,0,0,0,0,0,0,0,0,0,0,0,0,0,0,0
trauma,stable,none,False,36,0,0,0,0,0,0,0,0,0,0,0,0,0,0,0,0,0,0,0,0,0,0
obstetric,stable,none,False,36,0,0,0,1,0,0,0,0,1,0,0,0,0,0,0,0,0,0,0,0,0,0
poisoning,critical,severe,False,15,1,0,0,0,0,0,0,1,0,1,1,0,0,0,0,0,0,0,1,0,0,0
burns,urgent,mild,False,55,1,0,0,0,0,0,0,0,0,0,0,0,0,0,0,0,0,0,0,1,1,0
trauma,urgent,none,False,26,1,0,0,0,0,0,0,0,0,0,0,0,0,1,0,0,1,0,0,0,0,0
obstetric,critical,severe,False,37,1,0,0,0,1,1,0,0,0,1,0,0,0,0,0,0,0,0,0,1,0,0
burns,urgent,mild,False,28,1,0,0,1,1,0,0,0,0,0,0,0,0,0,0,0,0,0,0,0,0,0
burns,stable,none,False,28,0,0,0,0,0,0,0,0,0,0,0,0,0,0,0,0,0,0,0,0,0,0
cardiac,stable,mild,False,30,1,0,0,0,0,0,0,1,0,0,0,0,0,0,0,0,0,0,0,0,0,0
cardiac,stable,severe,False,66,1,0,0,0,0,0,0,0,0,0,0,0,0,0,0,0,1,0,1,1,1,1
pediatric,critical,severe,False,10,0,0,0,0,0,0,1,0,0,1,0,0,0,0,0,0,0,0,1,0,1,0
obstetric,stable,severe,True,11,0,0,0,0,0,0,1,0,0,0,0,0,0,0,0,0,0,1,1,0,0,1
general,critical,none,False,31,1,0,0,0,0,0,0,0,0,1,0,0,0,0,0,0,0,0,0,0,1,0
obstetric,critical,severe,False,32,0,0,0,1,0,1,0,0,0,1,0,0,0,0,0,0,1,0,0,0,1,0
pediatric,critical,none,False,6,1,0,1,0,0,0,1,0,0,1,0,0,0,0,0,0,0,0,1,0,0,0
stroke,urgent,none,False,21,1,0,0,0,0,0,0,0,0,0,1,0,1,0,0,0,0,0,0,0,0,0
obstetric,critical,none,False,29,1,0,0,0,0,1,0,0,1,1,0,0,0,0,0,0,0,0,0,0,0,0
cardiac,stable,none,False,61,0,0,0,0,0,0,0,0,0,0,0,0,0,0,0,0,0,0,0,0,0,0
poisoning,urgent,none,False,14,1,1,0,0,0,0,0,0,0,0,0,0,0,0,0,0,0,0,0,0,0,0
stroke,critical,none,False,44,1,0,1,0,0,0,0,0,0,1,0,0,0,0,0,0,0,0,0,0,0,0
obstetric,critical,severe,False,34,1,0,0,0,1,1,0,0,1,1,0,0,1,0,0,0,0,1,1,0,1,0
trauma,stable,mild,False,27,0,0,0,0,0,0,0,0,0,0,0,0,0,0,0,0,0,0,0,0,1,0
cardiac,critical,none,False,31,1,1,0,0,0,0,0,0,0,1,0,1,0,0,1,0,0,0,1,0,0,0
obstetric,urgent,mild,False,24,1,0,0,0,0,0,0,0,0,0,0,0,0,0,0,0,0,1,0,0,0,0
obstetric,stable,none,False,14,0,0,0,0,0,0,0,0,0,0,0,0,0,0,0,0,0,0,0,0,0,0
respiratory,critical,none,True,21,1,0,0,0,0,0,0,1,1,1,1,0,0,0,0,0,0,0,0,0,0,0
pediatric,urgent,severe,False,3,0,0,0,0,0,0,1,0,0,0,0,0,0,0,0,0,0,1,1,1,0,0
poisoning,urgent,none,False,15,1,0,0,0,0,0,0,0,0,0,0,0,0,0,0,0,0,1,0,0,0,0
cardiac,critical,none,False,13,1,1,0,0,0,0,0,0,0,1,0,1,0,0,1,0,0,0,0,0,0,0
pediatric,stable,severe,False,19,0,0,0,0,0,0,0,0,1,0,0,0,0,0,0,0,0,0,0,1,1,0
stroke,urgent,none,False,34,1,0,0,0,0,0,0,0,1,0,0,0,1,0,0,0,0,0,0,0,0,0
cardiac,urgent,severe,False,23,1,1,1,0,0,0,0,1,0,1,0,0,0,0,0,0,0,1,0,1,1,0
burns,stable,mild,False,12,0,0,0,0,0,0,1,0,0,0,0,0,0,0,1,0,0,0,0,0,1,0
poisoning,urgent,none,False,11,1,0,0,0,0,0,1,0,0,0,0,0,0,0,0,0,0,0,0,0,0,0
general,urgent,severe,False,40,0,0,0,0,0,0,0,1,0,1,0,1,0,0,0,0,0,1,0,1,0,1
stroke,critical,severe,False,38,1,0,1,0,0,0,0,0,0,1,0,0,1,0,0,0,0,0,0,1,1,1
general,stable,none,False,13,0,0,0,0,0,1,0,0,0,0,0,0,0,0,0,0,0,0,0,0,0,0
stroke,critical,mild,False,87,1,0,1,0,0,0,0,0,0,1,0,0,1,0,0,0,0,1,0,1,0,1
cardiac,stable,none,False,20,0,0,0,0,0,0,0,0,0,0,0,0,0,0,0,0,0,0,0,0,0,0
cardiac,urgent,severe,False,31,1,0,0,0,0,0,0,0,1,1,0,0,0,0,0,0,0,1,1,1,0,1
burns,urgent,none,False,61,1,0,0,0,0,0,0,0,0,0,0,0,0,0,0,1,0,0,0,0,0,0
stroke,critical,none,False,59,1,0,1,0,0,1,0,0,0,1,0,0,1,0,0,0,1,0,0,0,0,0
cardiac,urgent,severe,False,45,1,0,0,0,0,0,0,0,0,0,0,0,0,0,0,0,0,1,1,0,1,1
stroke,stable,mild,False,22,0,0,0,1,0,0,0,0,1,0,0,0,0,0,0,0,0,0,0,0,0,0
burns,stable,none,False,60,0,0,0,0,0,0,0,0,0,0,0,0,0,0,0,0,0,0,1,0,0,0
poisoning,critical,none,False,35,1,0,0,0,0,0,0,0,0,1,1,0,0,0,0,0,0,0,0,0,1,0
burns,critical,none,False,0,1,0,0,0,1,0,1,0,0,1,0,0,0,0,0,0,0,0,0,0,0,0
cardiac,stable,mild,False,43,0,1,0,0,0,0,0,0,0,0,0,0,0,0,0,0,0,0,0,0,0,0
respiratory,stable,none,False,30,0,0,0,0,0,0,0,0,1,0,0,0,0,0,0,0,0,0,0,0,0,0
poisoning,urgent,none,False,46,1,0,0,0,0,0,0,0,0,0,0,0,0,0,0,0,0,0,0,0,0,0
burns,stable,none,False,84,0,0,0,0,0,0,0,0,0,0,0,0,0,0,0,0,1,0,0,0,0,0
pediatric,critical,mild,False,2,0,0,0,0,0,0,0,0,0,1,0,0,0,0,0,0,0,0,0,0,0,0
poisoning,urgent,mild,False,10,1,0,0,0,0,0,0,0,0,0,0,0,0,0,0,0,0,0,0,0,0,0
cardiac,urgent,none,False,38,1,1,1,0,0,0,0,0,1,1,0,0,0,0,0,0,1,0,0,0,0,0
respiratory,stable,none,False,20,0,0,0,0,0,0,0,1,1,0,0,1,0,0,0,0,0,0,0,0,0,0
burns,stable,severe,False,70,0,0,0,0,0,0,0,0,0,0,0,0,0,1,1,0,1,0,0,0,1,0
respiratory,urgent,none,False,28,1,0,0,0,0,0,0,0,0,0,0,0,0,0,0,0,0,0,0,0,0,1
pediatric,stable,none,False,65,0,0,0,0,0,0,0,0,0,0,1,0,0,0,0,0,0,1,0,0,0,0
cardiac,urgent,mild,False,54,1,1,0,0,0,0,0,0,0,1,0,0,0,0,0,0,0,0,0,0,0,0
burns,stable,mild,False,4,0,0,0,0,0,0,0,0,0,0,0,0,0,0,0,0,0,0,0,1,0,0
general,stable,severe,False,62,0,0,0,0,0,0,0,0,0,1,0,0,0,0,0,0,0,1,0,0,1,1
general,critical,mild,False,15,1,0,0,0,1,0,0,0,0,0,0,0,0,0,0,0,0,1,1,0,0,0
poisoning,urgent,none,False,38,1,0,0,0,0,0,0,0,0,0,0,0,0,0,0,0,0,0,0,0,0,0
obstetric,stable,none,False,43,0,0,0,0,0,0,0,0,0,0,0,0,0,0,0,0,0,0,1,0,0,0
respiratory,stable,mild,False,51,0,0,0,0,0,0,0,0,1,0,0,0,0,0,0,0,0,0,0,0,0,0
burns,critical,none,False,20,0,0,0,0,1,0,0,0,0,1,1,0,0,0,0,0,0,0,0,0,0,0
respiratory,critical,none,False,37,1,0,0,0,0,0,0,1,0,1,0,0,0,0,0,0,0,0,0,0,0,0
cardiac,stable,mild,False,13,1,0,0,0,0,0,1,0,0,0,0,0,0,0,0,0,0,1,0,0,0,0
respiratory,urgent,none,False,42,0,0,0,0,0,0,1,1,0,0,0,0,0,0,0,0,0,0,0,0,0,0
poisoning,stable,none,False,19,0,0,0,0,0,1,0,0,0,0,0,0,0,0,0,0,0,0,0,0,0,0
respiratory,urgent,none,False,63,1,0,0,0,0,0,0,1,0,0,0,0,0,0,0,0,0,0,0,0,0,1
burns,stable,severe,False,50,0,0,0,0,0,0,0,0,0,0,0,0,0,0,0,1,0,1,1,1,0,0
respiratory,stable,mild,True,43,0,0,1,0,0,0,0,0,0,0,0,0,0,0,0,0,0,0,0,0,0,0
general,stable,none,False,47,1,0,0,0,0,0,0,0,0,0,0,0,0,0,0,0,0,0,0,0,0,0
general,critical,none,False,38,1,0,0,0,0,0,0,0,0,0,0,0,0,0,1,0,0,0,0,0,0,0
burns,critical,mild,False,15,1,0,0,0,1,0,0,0,0,1,1,0,0,0,0,0,0,0,1,0,0,0
obstetric,critical,none,False,32,0,0,0,0,0,1,0,1,1,1,0,0,0,0,0,0,1,0,0,0,0,0
respiratory,critical,mild,False,50,1,0,0,0,0,0,0,1,0,1,0,0,1,0,0,0,0,0,0,0,0,0
burns,critical,none,False,22,1,0,0,0,1,0,0,0,0,1,0,0,0,0,0,0,0,1,0,0,0,0
cardiac,stable,none,False,24,1,1,0,0,0,0,0,0,0,0,0,0,0,0,0,0,0,0,0,0,0,0
cardiac,critical,none,False,44,1,1,0,0,0,0,0,0,0,1,0,1,0,0,1,0,0,0,0,0,0,0
burns,stable,none,True,49,0,0,0,0,0,1,0,0,0,0,0,0,0,0,0,0,0,0,0,0,0,1
respiratory,critical,mild,False,32,1,0,0,0,0,1,0,1,0,1,0,0,0,0,0,0,0,1,0,0,0,0
respiratory,urgent,none,False,28,0,0,0,0,0,0,0,1,0,0,0,0,0,0,0,0,0,0,0,0,0,0
general,urgent,mild,False,23,0,0,1,0,1,0,0,0,0,0,0,1,0,0,0,0,0,0,0,1,0,0
trauma,urgent,none,False,33,1,0,0,0,0,0,0,0,0,0,0,0,0,0,0,0,0,0,0,0,0,0
obstetric,critical,mild,False,88,0,0,0,0,0,1,0,0,1,1,0,0,0,0,0,0,0,0,1,0,1,1
poisoning,urgent,none,False,39,1,0,0,0,0,0,0,0,0,0,0,0,0,0,0,0,0,0,1,0,0,0
general,stable,none,False,44,0,0,0,0,0,0,0,0,0,0,0,0,0,0,0,0,0,0,1,0,0,0
respiratory,critical,none,False,57,0,0,0,0,0,0,0,1,0,1,0,0,0,0,0,0,0,1,0,0,1,0
respiratory,critical,none,False,68,1,0,0,0,0,1,0,1,0,1,1,0,0,0,0,0,0,0,0,0,0,0
general,critical,none,False,64,1,0,1,0,0,0,0,0,1,1,0,0,0,0,1,0,0,0,0,0,0,0
respiratory,stable,severe,True,35,0,0,0,0,0,1,0,0,0,0,0,0,0,0,0,0,0,0,0,1,0,0
obstetric,critical,mild,False,45,1,0,0,0,0,1,0,0,1,0,0,0,0,0,0,0,0,0,0,0,0,0
stroke,urgent,severe,False,32,1,0,1,0,0,0,0,0,0,0,0,0,1,0,0,0,0,0,1,1,0,1
cardiac,urgent,none,False,45,1,1,0,0,0,1,0,0,0,1,0,0,0,0,0,0,0,0,0,0,0,0
respiratory,stable,severe,False,47,0,0,0,0,0,0,0,0,0,0,1,0,0,0,0,0,0,0,0,0,0,1
trauma,critical,none,False,24,1,0,0,0,0,0,0,0,0,1,0,0,0,0,0,0,0,0,0,1,0,0
pediatric,stable,severe,False,0,0,1,0,0,0,0,1,0,0,0,0,0,0,0,0,0,0,0,0,0,0,1
poisoning,urgent,none,False,17,0,0,1,0,0,0,0,0,0,0,0,0,0,0,1,0,0,0,0,0,0,0
cardiac,critical,none,False,14,1,1,0,0,0,0,0,0,0,1,0,0,0,0,1,0,0,0,0,0,0,0
respiratory,critical,severe,False,51,1,0,0,0,0,0,0,1,0,1,0,0,0,0,0,0,0,1,0,1,1,0
burns,stable,none,False,0,0,0,0,0,0,0,1,0,0,0,0,0,0,0,1,0,0,1,1,0,0,0
respiratory,critical,severe,False,26,0,1,0,0,1,0,0,0,0,1,1,0,0,0,0,0,0,0,1,0,1,0
pediatric,critical,severe,False,29,1,0,0,0,1,0,1,0,0,1,0,0,1,0,0,0,0,0,1,1,0,0
burns,critical,none,True,25,1,0,0,0,1,0,0,0,1,1,1,0,0,0,0,0,0,0,0,0,0,0
burns,stable,none,False,23,0,0,0,0,0,0,0,0,0,0,0,0,0,0,0,0,0,0,0,0,0,0
stroke,urgent,none,False,77,1,0,0,0,0,0,0,1,0,0,1,0,1,0,0,0,0,0,0,0,0,1
general,stable,mild,False,38,1,1,0,0,0,0,0,0,0,0,0,0,0,0,0,0,0,0,1,0,0,0
trauma,stable,none,False,40,0,0,0,0,0,0,0,0,0,0,0,0,0,0,0,1,0,0,0,0,0,1
trauma,critical,none,False,28,1,0,0,1,0,0,0,0,1,1,0,0,1,1,0,0,1,1,0,0,1,0
burns,urgent,none,False,20,1,0,0,0,1,0,0,0,0,0,0,0,0,0,0,0,0,0,0,0,0,0
burns,urgent,none,True,53,1,0,0,0,0,1,0,1,0,0,0,0,0,0,0,0,0,0,0,0,0,0
burns,urgent,none,False,50,0,0,0,0,1,0,0,0,1,0,0,0,0,0,0,0,0,0,0,0,0,0
general,critical,none,False,49,1,0,0,0,0,0,0,0,0,1,0,0,0,0,0,0,0,0,0,0,1,0
poisoning,urgent,mild,False,51,1,0,0,0,0,0,0,0,0,0,0,0,0,0,0,0,0,0,0,0,0,0
respiratory,critical,mild,False,38,0,0,0,0,0,0,0,1,0,1,1,1,1,0,0,0,0,0,0,1,0,0
general,urgent,severe,False,47,0,0,0,0,0,0,0,1,0,1,0,0,0,0,0,0,0,1,0,0,0,1
pediatric,critical,none,False,29,1,0,0,0,0,0,1,0,0,1,0,0,0,0,0,0,0,0,0,0,0,0
stroke,urgent,severe,False,44,1,0,1,0,0,0,0,0,0,0,0,0,0,0,0,0,0,0,0,1,0,1
poisoning,critical,none,False,49,1,0,0,0,0,0,0,0,0,1,0,0,0,0,0,0,0,0,1,0,0,0
respiratory,stable,none,False,12,0,0,0,0,0,0,0,0,1,0,0,0,0,0,0,0,0,0,0,0,0,1
stroke,critical,severe,False,28,1,0,1,1,0,0,0,0,1,1,0,0,1,0,0,0,0,0,1,1,1,0
cardiac,urgent,mild,False,36,1,1,0,0,0,0,0,0,0,0,0,0,0,0,0,0,0,0,1,0,0,1
general,critical,none,False,17,1,0,0,0,0,0,0,0,0,1,1,0,0,0,0,0,0,0,0,0,0,0
stroke,urgent,none,False,59,1,0,0,0,0,0,0,0,1,0,0,0,0,0,0,0,0,0,0,0,0,0
general,urgent,mild,False,37,1,0,0,0,0,0,0,0,0,0,0,0,0,0,0,0,0,0,0,0,0,0
respiratory,critical,severe,False,28,1,0,0,0,1,0,0,0,0,1,0,0,0,0,0,0,0,0,1,1,0,1
burns,urgent,none,True,46,1,0,0,0,1,0,0,0,0,0,1,0,0,0,0,0,0,0,0,0,0,0
poisoning,critical,mild,False,75,1,1,0,0,0,0,0,0,0,1,0,0,0,0,0,0,0,0,0,0,0,1
trauma,urgent,mild,False,56,1,0,0,1,0,0,0,0,0,0,0,0,0,0,0,0,0,0,0,0,0,1
burns,urgent,mild,False,82,1,0,0,0,1,0,0,0,0,0,0,0,0,0,0,0,0,0,0,0,0,0
respiratory,stable,none,False,0,0,0,0,0,0,0,1,0,0,0,0,0,0,0,0,0,0,0,0,0,0,0
obstetric,urgent,severe,False,59,0,0,0,0,0,1,0,0,0,1,0,0,0,0,0,0,0,1,0,0,0,0
general,stable,none,False,0,1,0,0,0,0,0,1,0,1,0,0,0,0,0,0,0,0,0,0,0,0,0
burns,urgent,none,False,32,1,0,0,0,0,0,0,0,0,0,0,0,0,0,0,0,0,0,0,0,0,0
general,urgent,mild,False,35,1,0,0,0,0,0,0,0,1,1,0,1,0,0,0,0,0,0,1,0,0,0
cardiac,urgent,none,False,35,0,1,0,0,0,0,0,0,0,1,0,0,0,0,0,0,0,0,0,0,0,0
respiratory,stable,none,False,63,0,0,0,0,0,0,0,0,0,0,0,0,0,0,0,0,0,0,0,0,0,0
poisoning,critical,severe,False,32,1,0,0,0,0,0,0,0,0,1,0,0,0,0,0,0,0,0,0,0,1,1
pediatric,critical,none,False,48,1,0,0,0,0,0,1,0,0,1,0,0,0,0,0,0,0,0,0,0,0,0
burns,urgent,mild,False,2,1,0,0,0,1,0,1,0,0,0,0,0,0,0,0,0,0,1,0,0,0,0
poisoning,critical,none,False,36,1,0,0,0,0,0,0,1,0,1,0,0,0,0,0,0,1,0,0,0,0,0
general,stable,mild,False,18,0,0,0,0,0,0,0,0,0,0,0,0,0,0,0,0,0,0,0,0,0,0
respiratory,urgent,mild,False,17,1,0,0,0,0,0,0,1,0,0,0,0,0,0,0,0,0,0,0,0,0,0
pediatric,stable,none,False,21,0,0,0,0,0,0,0,0,1,0,0,0,0,0,0,0,0,0,0,0,0,0
obstetric,critical,none,False,62,1,0,0,0,0,0,0,0,0,1,0,0,0,0,0,0,0,0,1,0,0,0
trauma,critical,none,False,9,1,0,0,1,0,0,0,0,0,1,0,0,0,0,0,0,0,0,0,0,0,0
respiratory,critical,none,False,39,1,0,0,0,0,0,0,0,0,0,0,0,0,0,0,0,0,0,0,0,0,0
cardiac,stable,mild,False,33,1,1,0,0,0,0,0,0,0,0,0,0,0,0,0,1,0,0,0,0,0,0
obstetric,stable,mild,True,36,0,0,0,0,0,0,0,0,0,0,0,0,0,0,0,0,0,0,0,0,1,0
trauma,urgent,mild,False,53,1,0,0,1,0,0,0,0,0,0,0,0,0,0,0,0,0,0,0,1,0,1
respiratory,stable,none,False,28,0,0,0,0,0,0,0,0,0,0,0,0,0,0,0,0,0,0,0,0,0,0
burns,urgent,mild,False,57,0,0,0,0,1,0,1,0,0,0,0,1,0,0,0,0,0,1,0,0,0,0
general,stable,none,False,21,1,0,0,0,0,0,0,0,0,1,0,0,0,0,0,0,0,0,0,0,0,0
obstetric,stable,severe,False,18,0,0,0,0,0,1,0,0,0,0,0,0,0,0,0,0,0,0,1,0,1,1
obstetric,critical,severe,False,34,1,0,0,0,0,1,0,0,0,1,0,0,0,0,0,0,1,0,0,0,0,0
cardiac,stable,none,False,48,1,0,0,0,0,0,0,0,0,0,0,0,0,0,0,0,0,0,0,0,1,0
respiratory,critical,severe,False,51,1,0,0,0,0,0,0,1,0,1,0,0,0,0,0,0,0,1,0,1,1,0
respiratory,critical,mild,False,36,1,0,0,0,0,0,0,0,0,1,1,0,0,0,0,0,0,0,0,0,0,0
cardiac,stable,none,False,34,1,1,0,1,0,1,1,0,0,0,0,0,0,1,0,0,0,0,0,0,0,1
trauma,critical,severe,False,5,1,0,0,0,0,0,1,0,1,1,0,0,1,0,1,0,0,1,1,0,1,0
trauma,urgent,none,False,2,1,0,0,0,0,0,0,0,0,0,0,0,0,0,0,0,0,0,0,0,0,0
burns,urgent,none,False,34,1,0,0,0,0,0,0,0,0,0,0,0,0,0,0,0,0,0,0,0,0,0
burns,urgent,none,False,31,1,0,0,0,1,0,0,0,0,0,0,0,0,0,0,1,0,0,1,0,0,0
stroke,urgent,none,False,55,1,0,0,0,0,0,0,0,0,0,0,0,1,1,0,0,0,0,0,0,0,0
general,urgent,none,False,55,1,0,0,0,0,0,0,0,0,1,0,0,0,0,0,0,0,0,0,0,0,0
pediatric,urgent,mild,False,0,1,0,0,0,0,0,0,0,0,0,0,0,0,0,0,0,0,0,1,1,0,1
stroke,urgent,mild,False,49,1,0,0,0,0,0,0,0,1,0,0,0,1,0,0,0,0,0,1,0,0,0
poisoning,urgent,none,False,37,1,0,0,0,0,0,0,0,1,0,0,0,0,0,0,0,0,0,0,0,1,0
cardiac,stable,mild,False,48,1,0,0,0,0,0,0,0,0,0,0,0,0,0,0,0,0,0,0,1,0,0
burns,critical,none,False,12,1,0,0,0,1,0,0,1,0,1,1,0,0,1,0,0,0,1,0,0,0,0
trauma,urgent,none,False,1,0,0,0,1,0,0,0,0,1,0,0,0,0,0,0,0,0,1,0,0,0,0
respiratory,stable,none,False,52,0,0,0,0,0,0,0,0,0,0,0,0,0,0,0,0,0,0,1,0,0,0
general,urgent,severe,False,16,1,0,0,0,0,0,0,0,0,1,0,0,0,0,0,0,0,1,1,1,0,0
respiratory,urgent,none,False,36,1,1,0,0,0,0,0,1,0,0,0,0,0,0,0,0,0,0,0,1,0,0
cardiac,urgent,none,False,25,1,1,0,0,0,0,0,0,0,1,0,0,0,0,0,0,0,0,0,0,0,0
cardiac,stable,none,False,6,1,0,0,0,0,0,1,0,0,1,0,0,0,0,0,0,0,0,0,0,0,0
respiratory,stable,none,False,1,0,0,0,0,0,0,0,0,0,0,0,0,0,0,0,0,0,0,0,0,0,0
stroke,urgent,none,False,32,0,0,0,0,0,0,0,0,0,0,0,0,1,0,0,0,0,0,0,0,0,0
obstetric,stable,mild,False,25,0,0,0,0,0,0,0,0,0,0,0,0,0,0,0,1,0,0,0,0,0,0
stroke,urgent,none,False,22,1,0,0,0,0,0,0,1,0,0,0,0,1,0,0,0,0,0,0,0,0,0
respiratory,stable,mild,False,36,0,0,0,0,0,0,0,0,1,0,0,0,0,1,0,0,0,1,0,0,0,1
burns,critical,severe,False,25,0,0,0,1,1,0,0,0,0,1,1,0,0,0,0,0,0,1,0,1,1,0
burns,stable,none,False,2,0,0,0,0,1,0,1,0,0,0,0,0,0,0,0,0,0,0,0,0,0,0
burns,urgent,mild,False,7,1,0,0,0,0,0,1,0,0,0,0,0,0,0,0,0,0,0,0,1,0,0
pediatric,urgent,none,False,39,0,0,0,0,0,0,1,0,1,0,0,0,0,0,0,0,0,0,0,0,0,0
stroke,urgent,none,False,49,0,0,1,0,0,0,0,0,0,0,0,0,1,0,0,0,0,0,0,0,0,0
pediatric,stable,none,False,57,0,0,0,0,0,0,0,0,0,0,0,0,0,0,0,0,0,0,0,0,0,0
trauma,stable,severe,False,33,0,0,0,0,0,0,0,0,0,1,0,0,0,0,0,0,0,1,1,0,0,1
poisoning,urgent,none,False,22,0,0,0,0,0,0,0,0,0,0,0,0,0,0,0,0,0,0,0,0,0,0
general,stable,mild,False,46,0,0,0,1,0,0,0,0,0,0,0,0,0,0,0,0,0,0,1,0,0,0
stroke,critical,none,False,18,1,0,1,0,0,0,0,1,0,1,0,0,1,0,0,0,0,0,0,0,0,0
burns,critical,none,False,4,1,0,0,0,1,0,1,0,0,1,0,0,0,0,0,0,0,0,0,0,0,0
respiratory,stable,severe,False,30,0,0,0,0,0,0,0,0,0,0,0,0,0,0,1,0,0,1,0,1,1,0
obstetric,urgent,none,False,46,0,0,0,0,0,1,0,0,0,1,0,0,0,0,0,0,1,0,0,0,0,0
stroke,stable,none,False,55,0,0,0,0,0,0,0,0,0,0,1,0,0,0,0,0,0,0,0,0,0,0
pediatric,urgent,severe,False,33,1,0,0,0,0,0,0,0,0,0,0,0,0,0,0,0,0,0,1,0,1,1
stroke,stable,none,False,52,0,0,0,0,0,0,0,0,0,0,0,0,0,0,0,0,0,0,0,0,0,0
cardiac,urgent,mild,False,37,1,1,0,0,1,0,0,0,0,1,0,0,0,0,0,0,0,0,0,0,0,1
trauma,stable,mild,False,35,0,0,0,0,0,0,0,0,0,0,0,0,0,0,0,0,0,0,0,0,0,0
trauma,critical,none,False,31,1,0,0,1,0,0,0,1,0,1,0,0,0,0,0,0,1,1,0,0,0,0
general,critical,severe,False,47,1,1,0,0,0,0,0,0,0,1,0,0,0,1,0,0,0,0,0,1,1,1
burns,stable,none,False,45,0,0,0,0,0,0,0,0,0,0,0,0,0,0,0,0,0,0,0,0,0,0
trauma,critical,none,False,36,1,0,0,1,0,0,0,0,1,1,0,0,0,0,1,0,0,0,0,0,0,0
poisoning,critical,none,False,41,1,1,0,0,0,0,0,0,0,1,1,0,0,0,0,1,0,0,0,0,0,0
burns,urgent,severe,False,50,1,0,0,0,1,0,0,0,0,0,0,0,0,0,0,0,0,1,0,1,1,0
obstetric,urgent,none,False,42,0,0,0,0,0,0,0,0,0,1,0,0,0,0,0,0,1,0,0,0,0,0
pediatric,urgent,mild,False,12,1,0,0,0,0,0,1,0,1,0,0,0,0,0,0,0,0,0,0,1,0,0
trauma,stable,mild,False,36,0,0,0,0,0,0,0,0,0,0,0,0,0,0,0,0,0,0,0,0,0,0
poisoning,urgent,none,False,36,1,0,0,0,0,0,0,0,0,0,0,0,0,0,0,0,0,1,0,0,0,0
cardiac,urgent,none,False,23,0,0,0,0,0,0,0,0,0,1,0,0,0,1,0,0,1,0,0,0,0,0
general,stable,none,False,42,1,0,0,0,0,0,0,0,0,0,0,0,1,0,0,0,0,0,0,0,0,0
respiratory,urgent,mild,False,46,0,0,0,0,0,0,0,0,0,0,0,0,0,0,0,0,0,0,1,0,1,0
obstetric,critical,none,True,42,0,0,0,0,0,1,0,0,0,1,0,0,0,0,0,0,0,0,1,0,0,0
poisoning,stable,mild,False,24,0,0,0,0,0,0,0,0,0,0,0,0,0,0,0,0,0,0,1,0,0,0
burns,urgent,severe,False,56,0,1,0,0,1,0,0,0,0,0,0,0,0,0,0,0,0,1,0,1,0,1
respiratory,critical,mild,False,49,1,1,1,0,0,0,1,1,0,1,1,0,0,0,1,0,0,0,1,0,0,0
obstetric,urgent,none,False,58,0,0,0,1,0,1,0,0,0,1,0,0,0,0,0,0,0,0,0,0,0,0
respiratory,critical,none,False,16,1,0,0,0,0,0,0,1,0,0,1,0,0,0,1,0,0,0,0,0,0,0
obstetric,urgent,none,False,16,0,0,0,0,0,1,0,0,1,1,0,0,0,0,0,0,0,0,0,0,0,0
trauma,critical,none,False,30,1,0,0,1,0,0,0,0,1,1,0,0,0,0,1,0,1,0,0,0,0,0
pediatric,urgent,none,False,41,1,0,0,0,0,0,1,0,1,0,0,0,0,0,0,0,0,0,0,0,0,0
burns,stable,severe,False,52,0,0,0,0,1,0,0,0,0,0,0,0,0,0,0,0,0,1,0,1,1,0
cardiac,critical,none,False,29,1,1,0,0,0,0,0,0,0,1,0,1,0,0,1,0,0,0,1,0,0,0
cardiac,stable,none,False,31,1,0,0,0,0,0,0,0,0,0,0,0,0,0,0,0,0,0,0,0,0,0
trauma,stable,none,False,21,0,0,0,0,0,0,0,0,0,0,0,0,0,0,1,0,0,0,0,0,0,0
stroke,urgent,none,False,28,0,0,0,0,0,0,0,0,0,0,0,0,1,0,0,0,0,0,0,0,0,0
pediatric,critical,none,False,20,1,0,0,0,0,0,1,0,0,1,0,0,0,0,0,0,0,0,0,0,0,0
poisoning,stable,mild,False,27,0,0,0,0,0,0,0,1,0,0,0,0,0,0,1,0,0,0,0,0,0,0
obstetric,critical,none,False,56,0,0,0,0,0,1,0,0,0,1,0,0,0,0,0,0,1,0,0,0,0,0
stroke,urgent,severe,False,13,1,0,1,0,0,0,0,0,0,0,0,0,1,1,0,0,0,1,0,0,1,0
stroke,critical,mild,False,39,0,0,1,0,0,0,0,0,0,1,0,0,0,0,0,0,0,0,0,0,0,0
trauma,stable,none,False,19,0,0,0,0,0,0,0,0,0,0,0,0,0,0,1,0,0,0,0,0,0,0
cardiac,urgent,mild,False,52,0,1,0,0,0,0,0,0,0,1,0,0,0,0,0,0,0,0,0,1,0,0
respiratory,critical,mild,False,21,1,0,0,0,0,0,0,0,1,1,1,1,0,0,0,0,0,0,0,0,0,0
stroke,urgent,none,False,44,1,0,0,0,0,0,0,0,1,0,0,0,1,0,0,0,0,0,0,0,0,0
trauma,urgent,mild,False,71,1,0,0,0,0,0,1,0,0,0,0,0,0,0,0,0,0,0,1,0,0,0
cardiac,stable,none,False,39,1,0,0,0,0,0,0,0,0,0,0,0,0,0,0,0,0,0,0,0,0,0
burns,urgent,none,False,49,0,0,0,0,0,0,0,0,0,0,0,0,0,0,0,1,0,0,0,0,0,0
cardiac,critical,none,False,14,1,1,0,0,0,0,0,0,1,1,0,1,0,0,1,0,0,0,0,0,0,0
burns,stable,none,False,57,0,0,0,0,0,0,0,0,0,0,0,0,0,0,0,0,0,0,0,0,0,0
stroke,urgent,none,False,16,1,0,1,0,0,0,0,0,0,0,0,0,1,0,0,0,0,0,0,0,0,0
trauma,critical,severe,False,16,1,0,0,1,0,0,0,0,0,1,0,0,0,0,0,0,0,0,0,0,1,1
general,stable,none,False,19,0,0,0,0,0,0,0,0,0,0,0,0,0,0,0,0,0,0,0,0,0,0
cardiac,urgent,severe,False,55,1,1,0,0,0,0,0,0,1,0,0,0,0,0,0,0,0,1,0,1,0,1
trauma,critical,none,False,25,1,0,0,1,0,0,0,0,0,0,0,0,0,0,0,0,1,0,0,0,0,1
trauma,critical,severe,False,32,1,0,0,1,0,0,0,0,1,1,0,0,0,0,0,0,0,1,1,1,1,0
obstetric,stable,none,False,70,0,0,0,0,0,0,0,0,0,0,0,0,0,0,0,0,0,0,0,0,0,0
respiratory,urgent,none,False,42,1,0,0,0,0,0,0,0,0,0,0,0,0,0,0,0,1,0,0,0,0,0
poisoning,critical,mild,False,26,1,0,0,0,0,0,0,0,0,1,1,0,0,0,0,0,0,0,0,0,0,0
pediatric,urgent,none,False,5,0,0,0,0,0,0,0,0,0,0,0,0,0,0,0,0,0,0,0,0,0,0
stroke,stable,none,False,87,0,0,0,0,0,0,0,0,1,0,0,0,0,0,0,0,0,0,0,0,0,0
pediatric,urgent,mild,False,38,1,0,0,0,0,0,0,0,0,0,0,0,0,0,0,0,1,0,0,0,0,1
poisoning,urgent,severe,False,32,1,0,0,0,0,0,0,0,0,0,0,0,0,0,0,0,0,1,0,1,1,1
pediatric,critical,mild,False,35,0,0,0,0,0,0,1,0,0,1,0,0,0,0,0,0,0,0,0,0,1,0
burns,stable,none,False,10,0,0,0,0,0,0,0,0,1,0,0,0,0,0,0,0,0,0,0,0,0,0
general,critical,severe,False,86,1,0,0,0,0,0,0,0,0,1,0,0,0,0,0,0,0,1,1,0,1,0
stroke,stable,mild,False,45,0,0,0,0,0,0,0,0,0,0,0,0,0,0,1,0,0,0,0,0,0,0
respiratory,stable,none,False,34,0,0,0,0,0,0,0,0,0,0,0,0,0,0,0,0,0,0,0,0,0,0
burns,critical,none,False,35,1,0,0,0,1,0,0,0,0,1,1,0,0,0,0,0,0,0,0,0,0,0
obstetric,critical,severe,False,21,1,0,0,0,0,1,0,0,1,1,0,0,0,0,0,0,1,1,1,0,0,1
burns,stable,severe,False,39,0,0,0,0,0,0,0,0,0,0,0,1,0,0,0,0,0,0,0,0,1,1
stroke,stable,none,False,3,0,0,0,0,0,0,1,0,0,0,0,0,0,0,0,0,0,0,0,0,0,0
poisoning,critical,none,False,22,0,0,0,0,0,0,0,0,0,1,1,0,0,0,0,0,0,0,0,0,0,0
obstetric,stable,severe,False,28,0,0,0,0,0,0,0,0,0,0,0,0,0,0,0,0,0,1,1,0,1,1
obstetric,stable,none,False,63,0,0,0,0,0,1,0,0,0,0,0,0,0,0,0,0,0,0,0,0,0,0
poisoning,urgent,mild,False,49,1,0,0,0,0,0,0,0,0,0,0,0,0,0,0,0,1,0,0,0,0,1
pediatric,urgent,none,False,23,0,0,0,0,0,0,1,0,0,0,0,0,0,0,0,0,0,0,0,0,0,0
respiratory,urgent,mild,False,31,1,0,0,0,0,0,0,0,0,0,0,0,0,0,0,0,0,0,0,0,0,0
pediatric,critical,mild,False,76,1,0,0,0,0,0,1,0,0,1,0,0,0,0,0,0,0,0,0,1,0,0
poisoning,urgent,none,False,43,0,0,0,0,0,0,0,0,0,0,0,0,0,0,0,0,0,0,0,0,0,0
obstetric,stable,none,False,61,0,0,0,0,0,0,0,0,0,0,0,0,0,0,0,0,0,0,0,0,0,0
poisoning,critical,none,False,49,1,0,0,0,0,0,0,0,0,1,0,0,0,0,0,0,0,0,0,0,0,0
obstetric,stable,mild,True,0,0,1,0,0,0,0,1,0,0,0,1,0,0,0,0,0,0,0,0,0,0,0
cardiac,stable,none,False,29,0,0,0,0,0,0,0,0,0,0,0,0,0,0,0,0,0,0,0,0,0,0
general,urgent,severe,False,26,1,0,0,0,0,0,0,0,0,0,0,0,0,0,0,0,0,1,1,0,0,1
respiratory,urgent,none,False,20,1,0,0,0,0,0,0,1,0,0,0,0,0,0,0,0,0,0,0,0,0,0
pediatric,critical,none,False,26,1,0,0,0,0,0,1,0,1,1,0,0,0,0,1,0,0,0,0,0,0,0
trauma,urgent,mild,False,70,1,0,0,1,0,0,0,0,1,0,0,1,0,0,0,0,0,0,0,0,1,1
burns,urgent,mild,False,54,1,0,0,0,0,0,0,0,0,0,0,0,0,0,0,0,0,0,0,0,0,0
pediatric,stable,mild,False,53,0,0,0,0,0,0,0,0,0,0,0,0,0,0,0,0,0,0,0,0,0,0
respiratory,urgent,none,False,51,1,0,0,0,0,0,0,1,0,0,0,0,0,0,0,0,1,0,0,0,0,0
burns,stable,severe,False,19,0,0,0,0,0,0,0,0,0,0,0,0,0,0,0,0,0,0,0,1,1,0
pediatric,urgent,none,False,43,1,0,0,0,0,0,1,0,0,0,0,0,0,0,0,0,0,0,0,0,0,0
poisoning,urgent,none,False,20,1,0,0,0,0,0,0,0,1,0,0,0,0,0,0,0,0,0,0,0,0,0
stroke,stable,none,False,47,0,0,0,0,1,0,0,0,0,0,0,0,0,0,1,0,0,0,0,0,0,0
burns,critical,severe,False,28,1,0,0,0,1,0,0,0,0,1,1,0,0,0,0,0,0,0,0,1,1,0
poisoning,critical,none,False,34,1,0,0,0,0,0,0,0,0,1,1,0,0,0,0,0,0,0,0,0,0,0
stroke,urgent,severe,False,16,1,0,0,0,0,0,0,0,0,0,0,0,0,0,0,0,0,0,1,0,1,0
cardiac,stable,severe,False,20,1,0,0,0,0,0,0,0,1,0,0,0,0,0,0,0,0,0,0,0,1,1
burns,stable,mild,False,74,0,0,0,0,0,0,0,0,0,0,0,0,0,0,0,0,0,0,0,0,0,0
cardiac,stable,none,False,54,1,0,0,0,0,0,0,0,0,0,0,0,0,0,0,0,0,1,0,0,0,0
stroke,critical,none,False,38,1,0,1,0,0,0,0,0,0,0,0,0,1,0,0,0,0,0,0,0,0,0
respiratory,critical,none,False,48,1,0,0,0,0,0,0,1,0,1,1,0,0,0,0,0,0,0,0,0,0,0
general,stable,mild,False,57,0,0,0,0,0,0,0,1,0,0,0,0,1,0,0,0,0,0,1,0,0,0
general,urgent,none,False,53,1,0,0,0,0,0,0,0,0,1,0,0,0,0,0,0,0,1,0,0,0,0
trauma,urgent,none,False,46,1,1,0,0,0,0,0,0,0,0,0,0,0,1,0,0,0,0,0,0,0,0
obstetric,critical,none,False,63,1,0,0,0,0,1,0,0,1,1,0,0,1,0,0,0,0,0,0,0,0,0
obstetric,stable,none,False,30,0,0,0,0,0,0,0,0,1,0,1,1,0,0,0,0,0,0,0,0,0,0
obstetric,critical,none,False,49,1,0,0,0,1,1,0,0,0,1,0,0,0,0,1,0,0,0,0,0,0,0
trauma,urgent,mild,False,31,1,0,0,1,0,0,0,0,0,1,0,0,0,0,0,0,0,1,0,1,1,1
burns,stable,none,False,44,0,0,0,0,0,0,0,0,0,0,0,0,0,0,0,0,0,0,0,0,0,0
cardiac,urgent,severe,False,65,0,0,0,0,0,0,0,0,1,1,0,0,0,0,0,0,1,1,1,1,1,0
obstetric,urgent,none,False,26,0,1,0,0,0,1,0,0,1,1,0,0,0,0,0,0,0,0,0,1,0,0
obstetric,urgent,mild,True,73,0,0,0,0,0,0,0,0,0,1,0,0,0,0,0,0,0,0,1,0,0,0
burns,critical,none,False,90,1,0,0,0,1,0,0,0,1,0,1,0,0,0,0,0,0,0,0,0,0,0
general,stable,mild,False,40,0,0,0,0,0,0,0,0,1,0,0,0,0,0,0,0,0,0,0,0,0,0
cardiac,stable,mild,False,52,1,1,0,0,0,0,0,0,0,0,0,0,0,0,0,1,0,0,0,1,0,0
trauma,stable,mild,False,28,0,0,0,0,0,0,0,0,0,0,0,0,0,0,0,0,0,0,0,1,0,0
stroke,critical,none,False,31,0,0,1,0,0,0,0,0,0,1,0,0,1,0,0,0,0,1,0,0,0,0
respiratory,critical,severe,False,30,1,0,0,0,0,0,0,1,0,1,1,0,0,0,0,0,0,1,0,0,1,0
general,urgent,severe,False,41,1,0,0,0,0,0,0,0,0,1,0,0,0,0,0,0,0,1,1,1,0,0
obstetric,urgent,none,False,66,0,0,0,0,0,0,0,0,0,1,0,0,0,0,0,0,0,0,0,0,0,0
obstetric,stable,mild,False,37,0,0,0,0,0,0,0,0,0,0,0,0,0,0,0,0,0,0,1,0,0,0
obstetric,urgent,none,False,44,0,0,0,0,0,1,0,0,0,0,0,0,0,0,0,0,0,0,0,0,1,0
burns,urgent,mild,False,38,1,0,0,0,1,0,0,0,0,0,0,0,0,0,0,0,0,0,0,1,0,0
trauma,stable,mild,False,18,0,0,0,0,0,0,0,0,0,1,0,1,0,0,0,0,0,1,0,0,0,0
trauma,urgent,mild,False,52,1,1,0,0,0,0,0,0,0,0,0,0,1,0,0,0,0,0,1,0,0,1
pediatric,urgent,mild,False,39,1,0,0,0,0,0,0,0,0,0,0,0,0,0,0,0,0,0,1,0,0,0
burns,urgent,severe,False,22,1,0,0,0,1,0,0,0,1,0,1,0,0,0,0,0,0,1,1,0,0,1
poisoning,critical,none,False,58,1,0,0,0,0,0,0,0,0,1,1,0,0,0,0,0,0,0,0,0,0,0
general,stable,severe,False,5,0,0,0,0,0,0,0,0,0,0,0,0,0,0,0,0,0,1,0,1,0,1
pediatric,urgent,none,False,63,1,0,0,0,0,0,1,0,0,0,0,0,0,0,0,0,0,0,0,0,0,0
general,urgent,none,False,51,1,0,0,0,0,0,0,1,0,1,0,0,0,0,0,0,0,0,0,0,0,0
cardiac,critical,none,False,46,1,1,0,0,0,0,0,0,1,1,0,1,0,0,1,0,0,0,1,0,0,0
stroke,urgent,mild,False,21,0,0,1,0,0,0,0,0,1,0,0,0,1,0,0,0,0,0,0,0,0,0
burns,urgent,mild,False,37,1,0,0,0,0,1,0,0,0,1,0,0,0,0,0,0,0,0,0,0,0,0
burns,critical,none,False,72,1,0,0,0,1,0,1,0,0,1,0,0,0,0,0,0,0,0,0,0,0,0
respiratory,critical,none,False,30,1,0,0,0,0,0,0,0,0,1,1,0,0,0,0,0,0,1,0,0,0,0
obstetric,urgent,none,False,62,0,0,0,0,0,0,0,0,0,1,0,0,0,0,0,0,0,0,0,0,0,0
burns,urgent,severe,False,40,1,0,0,0,1,0,0,0,0,1,0,0,0,0,0,0,0,0,1,1,0,0
general,urgent,none,False,61,1,0,0,0,0,0,0,0,0,1,0,0,0,0,0,0,0,0,0,0,0,0
obstetric,stable,none,True,45,0,0,0,0,0,1,0,0,0,0,0,0,0,0,0,0,0,0,0,0,0,0
obstetric,stable,none,True,59,0,0,0,0,0,0,0,1,0,0,0,1,0,0,0,0,0,0,0,0,0,0
respiratory,stable,none,False,65,0,0,0,0,0,0,0,1,0,0,0,0,0,0,0,0,0,0,0,0,0,0
trauma,urgent,mild,False,43,1,0,0,1,1,0,0,0,0,0,0,0,0,0,0,0,0,0,0,0,0,0
poisoning,urgent,severe,False,18,1,0,0,0,0,0,0,0,0,0,0,0,1,1,0,0,0,0,0,0,1,0
stroke,critical,severe,False,70,1,0,0,0,0,0,0,0,1,1,0,0,0,0,0,0,0,1,1,1,1,1
respiratory,urgent,none,False,34,1,0,0,1,0,0,0,1,1,1,0,0,0,0,0,0,0,0,0,0,0,0
obstetric,urgent,none,False,30,0,0,0,0,0,1,0,0,0,1,0,0,0,0,0,0,0,0,0,0,0,0
stroke,stable,mild,False,7,0,0,0,0,0,0,0,0,0,0,0,0,0,0,0,0,0,0,0,0,0,1
burns,urgent,none,False,36,1,0,0,0,0,0,0,0,0,0,0,0,0,0,0,0,0,0,0,0,0,0
pediatric,urgent,none,False,60,0,0,0,0,0,0,1,0,0,0,0,0,0,0,0,0,1,0,0,0,0,0
stroke,urgent,mild,False,45,0,0,1,0,0,0,0,0,0,0,0,0,1,0,0,0,0,0,0,0,0,0
respiratory,critical,none,False,26,1,0,0,0,0,0,0,0,0,1,0,0,0,0,0,0,0,0,0,0,0,0
obstetric,critical,none,False,9,0,0,0,0,0,1,1,0,1,1,0,0,0,0,0,0,0,0,0,0,0,0
burns,stable,none,True,58,0,0,0,0,0,1,0,0,0,0,0,0,0,0,0,0,0,0,0,0,0,0
pediatric,stable,none,False,24,0,0,0,1,0,0,0,0,0,0,0,0,0,0,0,0,0,0,0,0,0,0
trauma,stable,none,False,5,0,0,0,0,0,0,0,0,0,0,0,0,0,0,0,0,0,0,0,0,0,0
trauma,urgent,mild,False,20,1,0,0,0,0,0,0,0,0,0,0,0,0,0,0,0,0,0,0,0,0,0
trauma,urgent,none,False,46,1,0,0,0,0,0,0,0,0,0,0,0,0,0,0,0,0,0,0,0,0,0
obstetric,stable,severe,False,39,0,0,0,1,0,0,0,0,0,0,0,0,0,0,1,0,0,1,0,0,0,0
burns,urgent,mild,False,38,0,0,0,0,0,0,0,0,0,0,0,0,0,0,0,1,0,0,0,0,0,0
stroke,urgent,none,False,30,1,0,0,0,0,0,0,0,0,1,0,0,1,0,0,0,0,0,0,0,0,0
cardiac,urgent,severe,False,0,1,0,0,0,0,0,1,0,0,1,0,0,0,1,0,0,0,1,0,1,1,0
cardiac,stable,none,False,49,1,1,0,0,0,0,0,0,0,0,0,0,0,0,1,1,0,0,0,0,0,0
general,stable,mild,False,46,0,0,0,0,0,0,0,0,0,0,0,0,0,0,0,0,0,1,0,0,0,0
poisoning,urgent,mild,False,0,1,0,0,0,0,0,0,0,0,0,0,0,0,0,0,0,0,0,1,0,0,0
obstetric,urgent,severe,False,54,0,0,0,0,0,1,0,0,0,1,0,0,0,0,0,0,0,0,1,1,0,0
obstetric,stable,none,True,90,0,0,0,0,0,0,0,0,0,0,0,0,0,0,0,0,0,0,0,0,0,0
pediatric,urgent,severe,False,27,1,0,0,0,0,0,1,0,0,0,0,0,0,0,0,0,0,1,1,0,1,1
general,critical,none,False,28,1,0,0,0,0,0,0,0,1,1,0,0,0,0,0,0,0,0,0,0,0,0
respiratory,stable,none,False,0,0,0,0,0,0,0,1,0,0,0,0,0,0,0,0,0,0,0,0,0,0,0
general,urgent,none,False,38,1,0,0,0,0,0,0,0,0,0,0,0,0,0,0,0,0,0,0,0,0,0
respiratory,urgent,severe,False,42,1,0,0,1,0,0,0,0,0,0,0,0,0,0,0,0,0,0,0,0,0,1
obstetric,critical,severe,False,18,1,1,0,0,0,1,0,0,1,1,0,0,0,0,0,0,1,1,1,0,0,0
cardiac,urgent,severe,False,11,1,1,0,0,0,0,1,0,0,1,0,0,0,0,0,0,1,1,1,1,1,0
stroke,urgent,none,False,53,1,0,1,1,1,0,0,1,0,0,0,0,0,0,0,0,0,0,0,0,0,0
trauma,stable,severe,False,29,0,0,0,0,0,0,0,0,1,0,0,0,0,0,0,0,0,1,1,0,1,1
poisoning,urgent,mild,False,39,1,0,0,0,0,0,0,0,0,0,0,0,0,0,0,0,0,0,0,0,0,1
general,urgent,none,True,80,1,0,0,0,0,1,0,0,0,1,0,0,0,0,0,0,0,0,0,0,0,0
respiratory,critical,none,False,49,1,1,1,0,0,0,0,1,0,1,1,0,0,0,0,0,0,0,1,0,1,0
stroke,urgent,mild,False,20,1,0,1,0,0,1,0,0,0,0,0,0,0,0,0,0,0,1,0,0,0,0
cardiac,urgent,mild,False,36,1,1,0,0,0,0,0,0,0,0,0,0,0,0,0,0,0,0,0,0,0,0
obstetric,urgent,none,False,67,0,0,0,0,0,1,0,0,0,1,0,0,0,0,0,1,0,0,0,0,0,0
poisoning,urgent,none,False,45,1,0,0,0,0,0,0,0,0,1,0,0,0,0,0,0,0,0,0,0,0,0
respiratory,critical,severe,False,39,1,0,0,0,0,0,0,1,0,1,0,0,0,0,0,0,0,0,0,0,0,0
cardiac,urgent,none,False,50,1,1,0,0,0,0,0,0,0,0,0,0,0,0,0,0,0,0,0,0,0,0
trauma,urgent,severe,False,44,1,0,0,1,0,0,0,0,0,0,0,0,0,0,0,0,0,0,0,1,0,0
pediatric,stable,none,False,44,0,0,0,0,0,0,0,0,0,0,0,0,0,0,0,0,0,0,0,0,0,0
burns,urgent,mild,False,33,1,0,0,0,1,0,1,0,1,0,0,0,0,0,0,0,0,0,0,1,0,0
stroke,stable,mild,False,32,0,0,0,0,1,0,0,0,1,0,1,0,0,0,0,0,0,0,0,0,0,0
obstetric,critical,severe,True,24,1,0,0,0,0,1,0,0,1,1,0,0,0,0,0,0,0,0,0,1,0,1
respiratory,urgent,severe,False,40,1,0,0,0,0,0,0,0,0,0,0,0,0,0,0,0,0,1,0,0,0,1
trauma,urgent,none,False,55,1,0,0,0,0,0,0,0,0,0,0,0,0,0,0,0,0,0,1,0,0,0
obstetric,stable,none,False,65,0,0,0,0,1,0,0,0,0,0,0,0,0,0,0,0,1,0,0,0,0,0
burns,stable,mild,False,23,0,0,0,0,0,0,0,0,0,0,0,0,0,0,0,0,0,0,1,0,0,1
pediatric,critical,mild,False,17,0,0,0,0,0,0,1,0,0,1,0,0,0,0,0,0,0,0,0,0,0,0
cardiac,critical,mild,False,15,1,0,0,0,0,0,0,0,0,1,0,1,0,0,1,0,0,1,0,0,0,0
respiratory,stable,none,False,30,0,0,0,0,0,0,0,0,1,0,0,0,0,0,0,0,0,0,0,0,0,0
trauma,critical,none,False,83,0,0,0,1,0,0,0,0,0,0,0,0,0,0,0,0,1,1,0,0,0,0
trauma,urgent,none,False,46,1,0,0,1,0,0,0,0,0,0,0,0,0,1,0,0,0,0,0,0,0,0
general,stable,none,False,42,0,1,0,0,0,0,0,0,0,0,1,0,0,0,0,0,0,0,0,0,0,0
pediatric,urgent,none,False,27,1,0,1,0,0,0,0,0,1,0,0,0,0,0,0,0,0,0,1,0,0,0
general,critical,none,False,30,1,0,0,0,0,0,0,0,0,1,0,0,0,0,0,0,0,0,0,0,0,0
pediatric,stable,none,False,46,0,0,0,0,0,0,0,0,0,0,0,0,0,0,0,0,0,0,0,0,0,0
trauma,urgent,none,False,14,1,0,0,0,0,0,0,0,1,0,1,0,0,0,0,0,0,0,0,0,0,0
cardiac,urgent,none,False,47,1,1,0,0,0,0,0,0,0,0,0,0,0,1,0,0,0,0,0,0,0,0
pediatric,urgent,severe,False,40,1,0,0,0,0,0,0,0,0,0,0,0,0,0,0,0,0,0,0,0,1,1
respiratory,urgent,none,False,25,1,0,0,0,0,0,0,0,1,0,0,0,0,0,0,0,0,0,0,0,0,1
burns,stable,mild,False,22,0,0,0,0,0,0,0,0,0,0,1,0,0,0,0,0,0,0,0,0,0,1
burns,urgent,severe,False,69,0,0,0,0,0,0,0,0,1,0,0,0,1,0,0,0,0,0,0,0,0,1
obstetric,urgent,severe,False,29,0,0,0,0,0,0,0,0,0,1,0,0,0,1,0,0,0,0,0,0,0,0
general,urgent,mild,False,5,0,0,0,0,1,0,0,1,0,1,0,0,0,0,0,0,0,1,0,0,1,0
obstetric,stable,none,False,77,0,0,0,0,0,0,0,0,0,0,0,0,0,0,0,1,0,0,0,0,0,0
trauma,urgent,mild,False,54,1,0,0,1,0,0,0,0,0,0,0,0,0,0,0,0,0,0,0,0,0,0
pediatric,urgent,mild,False,22,1,0,0,0,0,0,1,0,0,0,0,0,0,1,1,0,0,0,0,1,1,1
poisoning,stable,mild,False,50,0,0,0,0,0,0,0,0,0,0,0,0,0,0,0,0,0,0,0,0,0,0
stroke,urgent,none,False,58,1,1,0,0,0,0,0,0,0,0,0,0,1,0,0,0,0,0,0,0,0,0
stroke,urgent,mild,False,25,0,0,0,0,0,0,0,0,0,0,0,0,0,0,0,1,0,0,0,0,0,0
poisoning,urgent,none,False,70,1,0,0,0,0,0,0,0,0,0,0,0,0,0,0,1,0,0,0,0,0,0
general,urgent,none,False,58,1,0,0,0,0,0,0,0,0,0,0,0,0,0,0,0,0,0,0,0,1,0
burns,stable,none,False,45,0,0,0,0,0,0,0,0,0,0,1,0,0,0,0,0,0,0,0,1,0,0
pediatric,critical,none,False,14,1,0,0,0,0,1,1,0,0,1,0,0,0,0,0,0,0,0,0,0,0,0
general,stable,severe,False,31,0,0,0,0,0,0,0,1,0,1,0,0,0,0,0,1,0,0,0,0,0,1
trauma,critical,none,False,35,1,0,0,1,0,0,0,0,0,1,0,0,0,0,1,0,1,1,0,0,0,0
obstetric,urgent,none,False,37,0,0,0,1,0,1,0,1,0,1,0,0,0,0,0,0,0,0,0,0,0,0
respiratory,stable,none,False,61,0,0,0,0,0,0,0,0,0,0,0,0,0,0,0,1,0,0,0,0,0,0
burns,urgent,none,False,49,1,0,0,0,1,0,0,0,0,0,0,0,0,0,0,0,0,0,0,0,1,0
respiratory,stable,mild,False,57,0,0,0,0,0,0,0,0,0,0,0,0,0,0,0,0,0,0,1,0,0,1
poisoning,urgent,mild,False,28,1,0,0,0,0,0,0,0,0,0,0,0,0,0,0,0,0,0,0,1,0,1
pediatric,stable,none,False,57,0,1,0,0,0,0,0,0,0,0,0,0,0,0,0,0,0,0,0,0,0,0
respiratory,stable,mild,False,36,0,0,0,0,0,0,0,0,0,0,0,0,0,0,0,0,0,0,0,0,0,0
respiratory,urgent,severe,False,54,0,0,0,0,0,0,0,0,0,0,0,0,0,0,0,0,0,1,1,0,1,1
respiratory,urgent,mild,False,32,1,0,0,0,0,0,0,1,0,0,0,0,0,0,0,0,0,1,0,0,1,0
cardiac,urgent,none,False,69,1,0,0,0,0,0,1,0,0,0,0,0,0,0,0,0,0,0,0,1,0,0
general,stable,none,False,52,1,0,0,0,0,0,0,0,0,0,0,0,0,0,0,0,0,0,0,0,0,0
poisoning,urgent,none,False,37,1,0,0,0,1,0,0,0,1,0,0,0,0,0,0,0,1,0,0,0,0,0
obstetric,urgent,none,False,22,1,0,0,0,0,1,0,0,0,1,0,0,0,0,0,0,0,0,0,0,0,0
trauma,critical,none,False,31,1,1,0,1,0,0,0,0,1,1,0,0,0,0,0,0,1,0,0,0,0,0
burns,urgent,none,False,43,1,0,0,0,0,0,0,0,0,0,0,0,0,0,0,0,1,1,0,0,0,0
burns,urgent,mild,False,28,0,1,0,1,1,0,0,0,0,0,0,0,1,0,0,0,0,0,0,0,0,0
poisoning,critical,none,False,84,1,0,0,0,0,0,0,1,1,1,0,0,0,0,0,0,0,0,0,0,0,0
stroke,stable,none,False,45,0,0,0,0,0,0,0,0,0,0,0,0,0,0,0,0,0,0,0,0,0,0
cardiac,stable,none,False,43,0,0,0,0,0,0,0,0,0,0,0,0,0,0,0,0,0,0,0,0,0,0
burns,stable,severe,False,39,0,0,0,0,1,0,0,0,0,0,0,0,0,0,0,0,0,0,0,1,0,1
burns,urgent,none,False,64,1,0,0,0,0,0,0,0,0,0,0,0,0,0,0,0,0,0,0,0,0,0
stroke,urgent,severe,False,16,1,0,1,0,0,0,0,0,0,0,0,0,1,0,0,0,0,0,0,1,1,0
stroke,urgent,none,False,27,1,0,1,0,0,0,0,1,1,0,0,0,0,0,0,0,0,0,0,0,0,0
general,stable,none,False,39,1,0,1,0,0,0,0,0,0,0,0,0,0,0,0,0,0,1,0,0,0,0
burns,critical,none,False,38,1,0,0,0,1,0,0,0,1,1,1,0,0,0,0,0,0,0,0,0,0,0
respiratory,critical,mild,False,27,1,0,0,0,1,0,0,1,1,0,1,0,0,0,0,0,0,0,1,0,0,0
cardiac,stable,mild,False,10,1,0,0,0,0,0,0,0,0,0,0,0,0,0,0,0,0,1,0,1,1,0
burns,urgent,mild,False,66,1,0,0,0,1,0,0,0,1,0,0,0,0,0,0,0,0,1,1,0,0,0
stroke,critical,mild,False,47,1,0,1,0,0,0,0,0,0,1,0,0,1,0,1,0,0,0,0,1,0,0
obstetric,stable,none,False,11,0,0,0,0,0,0,0,0,0,0,0,0,0,0,0,0,0,0,0,0,0,0
stroke,stable,none,False,34,0,0,0,0,0,0,0,0,0,0,0,0,0,0,0,0,0,0,0,0,0,0
poisoning,urgent,none,False,46,1,0,0,0,0,0,0,0,1,0,0,0,0,0,0,0,0,0,0,0,0,0
obstetric,critical,mild,False,59,1,0,0,0,1,1,0,0,1,1,0,0,0,0,0,0,1,0,1,1,0,0
trauma,urgent,none,False,16,1,1,0,0,0,0,0,0,0,0,0,0,0,0,0,0,0,0,0,0,0,0
stroke,urgent,severe,False,47,0,0,0,0,0,0,0,0,0,1,0,0,1,0,0,1,0,0,0,0,0,0
general,urgent,mild,False,40,1,0,0,0,0,1,0,0,0,0,0,0,0,0,0,0,0,0,0,1,0,0
cardiac,critical,none,False,39,1,1,0,0,0,0,0,0,0,1,0,1,0,0,1,0,0,0,0,0,0,0
obstetric,urgent,severe,False,24,0,0,0,0,0,1,0,0,1,1,0,0,0,0,0,0,0,1,1,0,1,0
cardiac,urgent,none,False,41,1,1,0,0,0,0,0,0,0,1,0,0,0,0,1,0,0,0,0,0,0,0
pediatric,critical,severe,False,29,1,0,0,0,0,0,1,0,0,1,0,0,0,0,0,0,0,1,0,0,0,1
cardiac,critical,none,False,11,1,1,0,0,0,0,0,0,0,1,0,1,0,0,0,0,0,0,0,0,0,0
general,stable,severe,False,61,1,0,0,0,0,0,0,0,0,0,1,0,0,0,0,0,0,0,1,1,0,1
burns,critical,none,False,53,1,0,1,0,1,1,0,0,0,1,1,0,0,0,0,0,0,0,0,0,0,0
burns,urgent,none,True,32,1,0,0,0,0,0,0,0,0,0,0,0,0,0,0,0,0,0,0,0,0,0
burns,urgent,none,False,13,1,0,0,0,0,0,0,0,1,0,1,0,0,0,0,0,0,0,0,0,0,0
poisoning,critical,none,False,32,1,0,0,0,0,0,0,0,0,0,0,0,0,0,0,0,0,0,0,0,0,0
cardiac,urgent,none,False,78,1,1,0,0,0,0,0,0,0,1,0,0,0,0,0,0,0,0,0,0,0,0
cardiac,urgent,none,False,15,1,1,0,1,0,0,0,0,0,1,0,0,0,0,0,0,0,0,0,0,0,0
respiratory,urgent,none,False,22,1,0,0,0,0,0,0,0,0,0,0,0,0,0,1,0,0,0,0,0,0,1
general,critical,none,False,27,1,0,0,0,0,0,0,0,1,0,0,0,0,0,0,0,0,1,0,0,0,0
stroke,stable,none,False,48,0,0,0,0,0,0,0,0,0,0,0,0,0,0,0,0,0,0,0,0,0,0
stroke,urgent,none,True,53,1,0,0,0,0,1,0,0,0,1,0,0,0,0,0,0,0,0,0,0,1,0
stroke,urgent,mild,False,37,0,0,1,0,0,0,0,0,0,0,0,0,0,0,0,0,0,0,0,0,0,1
respiratory,urgent,none,False,13,0,0,0,0,0,0,1,0,0,0,0,0,0,0,0,0,1,0,0,0,1,0
pediatric,urgent,severe,False,25,1,0,0,0,0,1,1,0,1,0,1,0,0,0,0,0,0,0,1,0,1,0
respiratory,stable,mild,False,66,0,0,0,0,0,0,0,0,0,0,0,0,0,0,0,0,0,0,0,0,0,0
trauma,urgent,none,False,53,1,0,0,1,0,0,1,0,0,0,0,0,0,0,0,0,0,0,0,0,0,1
obstetric,stable,mild,False,45,0,0,0,0,1,0,0,0,1,0,0,0,0,0,0,0,1,0,0,0,0,1
respiratory,stable,none,False,63,0,0,0,0,0,0,0,0,0,0,0,0,0,0,0,0,0,0,0,0,0,0
obstetric,critical,none,False,56,1,0,0,0,0,1,0,1,1,1,0,1,0,0,0,0,0,0,0,0,0,0
trauma,stable,none,False,48,1,0,0,0,0,0,0,0,0,0,0,0,0,0,0,0,0,0,0,0,0,0
cardiac,urgent,severe,False,0,1,1,0,0,0,0,1,0,0,1,0,0,0,0,0,0,0,1,0,1,1,0
respiratory,critical,mild,False,41,1,0,0,0,0,0,0,1,0,1,1,0,0,0,0,0,0,0,0,1,0,0
cardiac,critical,none,False,13,1,1,1,0,0,0,1,0,0,1,0,1,0,0,1,0,1,0,0,0,0,0
burns,critical,none,False,34,1,0,1,0,1,0,0,0,0,1,1,0,0,0,0,0,0,0,0,1,0,0
obstetric,stable,severe,False,57,0,0,1,0,0,1,0,0,0,0,0,0,0,0,0,0,0,1,1,1,0,1
obstetric,urgent,mild,False,19,0,0,0,0,0,0,0,0,0,1,1,0,0,0,0,0,0,0,0,0,0,0
poisoning,critical,none,False,30,0,0,0,0,0,0,0,0,0,1,1,0,0,1,0,0,0,0,0,0,0,0
respiratory,stable,none,False,43,0,0,0,0,0,0,0,0,0,0,0,0,0,0,0,0,0,0,0,0,0,0
obstetric,stable,mild,False,47,0,0,0,0,0,0,0,0,0,0,0,0,0,0,0,0,0,0,1,0,0,0
general,urgent,none,False,80,1,1,0,0,0,1,0,0,0,1,0,0,0,0,0,0,0,0,0,0,0,0
cardiac,urgent,none,False,26,1,1,0,0,0,0,0,0,1,1,0,0,0,1,0,1,0,0,0,0,0,0
stroke,critical,none,False,71,0,0,1,0,0,0,0,0,0,1,0,0,1,0,0,0,0,0,0,0,0,0
general,critical,none,False,40,1,0,0,0,0,0,0,0,0,1,0,0,0,1,0,0,0,0,0,0,0,0
general,urgent,severe,False,8,1,0,0,0,0,0,0,0,0,1,0,0,0,0,0,0,0,1,1,1,0,1
pediatric,critical,none,False,72,1,0,0,0,0,0,0,0,0,1,0,0,0,0,0,0,0,0,0,0,0,0
poisoning,critical,severe,False,14,0,0,0,0,0,0,0,0,1,1,0,0,0,0,0,0,0,1,1,1,0,1
burns,stable,severe,False,34,0,0,0,0,0,0,0,1,0,0,0,0,0,0,1,0,0,1,0,1,0,1
trauma,urgent,none,False,11,1,0,0,0,0,0,1,0,0,0,0,0,0,0,0,0,0,0,0,0,0,0
burns,stable,severe,False,5,0,0,0,0,0,0,1,0,0,0,0,0,0,0,0,0,0,1,0,0,0,1
burns,stable,none,False,18,0,0,0,0,0,0,0,0,1,0,0,0,0,1,0,1,0,0,0,0,0,0
obstetric,critical,severe,False,35,1,0,0,0,0,1,0,0,1,1,0,0,0,0,0,0,0,0,0,0,1,1
poisoning,stable,severe,False,20,0,0,0,0,0,0,0,0,1,0,0,0,0,0,0,0,0,0,0,1,1,0
stroke,urgent,none,False,26,1,0,0,0,0,0,0,0,0,0,0,0,0,0,0,1,0,0,0,0,0,0
cardiac,critical,severe,False,25,1,1,0,0,0,0,0,0,0,1,0,0,0,0,1,0,0,1,0,1,0,0
general,stable,none,False,30,0,0,0,0,0,0,0,0,0,0,0,0,0,0,0,0,0,0,0,0,0,0
general,urgent,none,False,59,1,0,0,0,0,0,0,0,0,0,0,0,0,0,0,0,0,0,0,0,0,0
respiratory,critical,severe,False,36,1,0,0,0,0,0,0,1,0,1,1,0,0,0,0,0,0,0,0,0,1,1
general,urgent,mild,False,42,1,1,0,1,0,0,0,0,0,1,0,0,0,0,0,0,0,0,1,0,0,0
stroke,stable,none,False,85,0,0,0,0,0,0,0,0,0,0,0,0,0,0,0,0,0,0,0,0,0,0
trauma,urgent,mild,False,67,1,0,0,0,0,0,0,0,0,0,0,0,0,0,0,0,0,1,1,0,0,0
respiratory,critical,none,False,46,1,0,0,0,0,0,0,0,0,1,1,0,0,0,0,0,0,0,0,0,0,0
respiratory,critical,severe,False,4,1,0,0,0,0,0,0,1,1,1,1,1,0,0,0,0,0,0,0,0,0,1
pediatric,urgent,severe,False,37,1,0,0,0,0,0,1,0,0,0,0,0,0,0,0,0,0,1,1,0,0,1
stroke,urgent,none,False,36,1,0,1,0,0,0,0,0,0,0,0,0,1,0,0,0,0,0,0,0,0,0
stroke,urgent,none,False,54,0,0,1,0,0,0,0,0,0,0,0,0,0,0,0,0,0,0,0,0,0,0
cardiac,urgent,none,False,44,0,0,0,0,0,0,1,0,1,1,0,0,1,0,0,0,0,0,0,0,0,0
pediatric,urgent,none,False,43,1,0,0,0,1,0,1,0,0,0,0,0,0,0,0,0,0,0,0,0,0,0
cardiac,critical,none,False,35,1,1,0,0,0,0,0,0,0,0,0,0,0,0,1,0,0,0,0,0,0,0
general,stable,none,False,0,0,1,0,0,0,0,1,0,0,0,0,0,0,0,0,0,0,0,0,0,0,0
burns,urgent,none,False,73,0,0,0,0,0,0,0,0,0,0,0,0,0,0,0,0,0,0,0,0,0,0
pediatric,urgent,mild,False,64,1,0,0,0,0,1,0,0,0,0,0,0,0,0,0,0,0,0,0,0,0,0
poisoning,urgent,none,False,23,1,1,0,0,0,0,0,0,0,0,0,0,0,0,0,0,0,0,0,0,0,0
obstetric,stable,mild,False,31,0,0,0,0,0,1,0,0,0,0,0,0,0,1,0,0,0,0,0,0,0,1
pediatric,urgent,mild,False,47,1,0,0,0,0,0,0,1,0,0,0,0,0,1,0,0,0,1,1,0,0,0
pediatric,stable,none,True,32,0,0,0,1,0,1,0,0,0,0,0,0,0,0,0,0,1,0,0,0,0,0
respiratory,critical,none,False,0,0,0,0,0,0,0,1,0,0,1,1,0,0,0,0,0,0,0,0,0,0,0
trauma,stable,severe,False,67,0,0,0,0,0,0,0,0,0,1,0,0,0,0,0,0,0,0,1,1,1,1
stroke,stable,none,False,16,0,0,0,0,0,0,0,0,0,0,0,0,0,0,0,0,0,0,1,0,0,0
general,critical,mild,False,26,1,0,0,1,0,0,0,0,0,1,0,0,0,0,0,0,0,0,1,0,0,0
poisoning,critical,none,False,11,1,0,0,0,0,0,0,0,0,1,1,0,0,0,0,0,0,0,0,0,0,0
burns,urgent,none,False,29,1,0,0,0,0,0,0,0,0,0,0,0,0,0,0,0,0,0,0,0,0,0
pediatric,urgent,severe,False,24,1,1,0,0,0,0,0,0,1,0,0,0,0,0,0,0,0,1,0,1,0,1
stroke,stable,none,False,29,0,0,0,0,0,0,0,0,0,0,0,0,0,0,0,0,0,0,0,0,0,0
general,critical,mild,False,83,1,0,0,0,1,0,0,0,0,1,0,0,0,0,0,0,0,0,0,0,0,0
general,stable,severe,False,22,1,0,0,0,0,0,0,0,0,0,0,0,1,0,0,1,0,0,1,0,0,0
burns,stable,none,False,0,0,0,0,0,0,0,1,0,0,0,0,0,0,0,0,0,0,0,0,0,0,0
poisoning,stable,severe,False,40,0,0,0,0,0,0,0,0,0,0,0,0,1,0,0,0,0,0,0,0,0,1
stroke,critical,none,False,38,1,0,1,0,0,0,0,0,0,1,0,0,1,0,0,0,0,0,0,0,0,0
pediatric,urgent,none,False,64,1,0,0,0,0,0,1,0,1,0,0,0,0,0,0,0,0,0,0,0,0,0
general,stable,severe,False,48,1,0,0,0,0,1,0,0,0,0,0,0,0,0,0,0,0,0,0,1,1,1
pediatric,critical,mild,False,12,1,0,0,0,0,0,1,0,0,1,0,0,0,0,0,0,0,0,0,0,0,0
burns,stable,mild,False,28,0,0,0,0,1,0,0,0,0,0,0,0,0,0,0,0,0,0,0,0,0,0
cardiac,stable,none,False,31,1,0,0,0,0,0,0,0,0,0,0,0,0,0,0,0,0,0,0,0,0,0
burns,critical,severe,False,48,1,0,0,0,1,0,0,0,0,1,0,0,0,0,0,0,1,1,0,0,1,0
pediatric,urgent,severe,True,75,1,0,0,0,0,1,0,0,0,0,0,0,0,0,0,0,0,1,0,1,1,0
obstetric,critical,none,False,34,1,0,0,0,0,1,0,1,0,1,0,0,1,0,0,0,1,0,0,0,0,0
respiratory,urgent,mild,False,41,1,0,0,0,0,0,0,0,0,0,0,0,0,0,0,0,0,1,0,0,0,0
poisoning,urgent,none,False,42,1,0,0,0,1,0,0,0,0,0,0,0,0,0,0,0,0,0,0,0,0,0
trauma,urgent,none,False,44,1,0,0,1,0,0,0,0,0,0,0,0,0,0,0,0,0,0,0,0,0,0
obstetric,critical,none,False,11,1,0,0,0,0,1,0,0,0,1,0,0,0,0,0,0,1,0,0,0,0,0
respiratory,stable,severe,False,60,0,0,0,0,0,0,0,0,1,0,0,0,0,0,0,0,0,1,1,0,0,0
trauma,urgent,severe,False,42,1,0,0,1,0,0,0,0,0,0,0,0,0,1,0,0,0,1,1,1,0,0
general,critical,mild,False,30,1,0,0,0,0,1,0,0,0,1,0,0,0,0,0,0,0,1,1,0,0,0
trauma,critical,none,False,40,1,0,0,1,0,0,1,0,1,1,0,0,0,0,0,0,1,0,0,0,0,0
stroke,stable,mild,False,0,0,0,0,0,0,0,1,0,0,0,0,1,0,0,0,0,0,0,0,0,0,0
poisoning,critical,none,False,41,1,0,0,0,0,0,0,0,0,1,0,0,0,0,0,1,0,0,0,0,1,0
stroke,urgent,none,False,25,1,0,0,0,0,0,0,0,1,0,0,0,0,0,0,0,0,0,0,0,0,0
general,stable,mild,False,16,1,0,0,0,0,0,0,0,1,0,0,0,0,0,0,0,0,0,0,0,0,1
respiratory,critical,mild,False,42,1,0,0,0,0,0,0,0,0,0,1,0,0,0,0,0,0,0,0,0,0,0
obstetric,stable,none,False,24,0,0,0,0,0,0,0,0,0,0,0,0,0,0,0,0,0,1,0,0,0,0
pediatric,urgent,mild,False,29,1,0,0,0,0,0,0,0,0,0,0,0,0,0,0,0,0,0,0,0,1,0
pediatric,critical,mild,False,32,1,0,0,0,0,0,1,0,0,1,0,0,0,0,0,0,0,1,0,0,0,0
trauma,critical,none,False,15,1,0,0,1,0,0,0,0,1,1,0,0,0,1,0,0,0,0,0,0,0,1
general,critical,none,False,83,1,0,0,0,0,0,0,0,0,1,0,0,0,0,0,0,0,1,0,0,0,0
trauma,critical,none,False,53,1,0,0,1,0,0,0,0,1,1,0,0,0,0,1,0,1,1,0,0,0,0
general,stable,severe,False,59,0,0,0,0,0,0,0,0,0,0,0,0,0,0,0,0,0,1,0,0,1,0
cardiac,stable,none,False,33,1,1,0,0,0,0,0,0,0,0,0,0,0,0,0,0,0,0,0,0,0,0
stroke,urgent,mild,False,55,1,0,1,0,0,0,0,0,0,0,0,0,1,0,0,0,0,0,0,0,0,0
burns,stable,mild,False,21,0,0,0,0,0,0,0,0,0,0,0,0,1,0,0,0,0,0,0,0,0,0
poisoning,stable,mild,False,63,0,0,0,0,0,0,1,0,0,0,0,0,0,0,0,0,0,0,0,1,0,0
burns,urgent,severe,False,25,1,0,0,0,0,0,0,0,0,0,0,0,0,0,0,0,0,0,1,0,1,0
pediatric,critical,none,False,14,1,0,0,1,0,0,1,0,1,1,0,0,0,0,0,0,0,0,0,0,0,0
pediatric,critical,none,False,53,1,0,0,0,0,1,0,0,0,1,0,0,0,0,0,0,0,0,0,0,1,0
poisoning,critical,mild,False,30,0,0,0,0,0,0,0,0,0,1,1,0,0,0,0,0,0,0,0,0,0,0
obstetric,urgent,none,False,32,0,0,0,0,0,1,0,0,1,1,0,0,0,0,0,0,0,0,0,1,0,0
obstetric,critical,none,True,0,1,0,0,0,0,1,0,0,1,0,0,0,0,0,0,0,0,0,0,0,0,0
general,stable,none,False,46,0,0,0,0,0,0,0,0,0,0,0,0,0,0,0,0,0,0,1,0,0,0
trauma,critical,none,False,59,1,0,0,0,0,0,0,0,1,1,0,0,0,0,0,1,1,0,0,0,0,0
poisoning,stable,mild,False,11,0,0,0,0,0,0,0,0,0,0,1,0,0,0,0,0,0,0,0,0,0,0
cardiac,urgent,none,False,9,1,0,0,0,0,0,1,0,0,1,0,1,0,0,0,0,0,0,0,0,1,0
burns,urgent,mild,False,46,0,0,1,0,1,0,0,0,0,0,0,0,0,0,0,0,0,1,0,0,1,0
trauma,urgent,mild,False,24,1,0,0,0,0,0,0,0,0,0,0,0,0,0,0,1,0,0,0,0,0,0
trauma,urgent,none,False,40,1,0,0,0,0,0,0,0,0,0,0,0,0,0,0,0,0,0,0,0,0,0
obstetric,critical,none,False,27,1,0,0,0,0,1,0,0,0,1,0,0,0,0,0,0,0,0,0,0,0,0
poisoning,urgent,none,False,17,0,0,0,0,0,0,0,0,0,0,0,0,0,0,0,0,0,0,0,0,0,0
poisoning,stable,none,False,40,0,0,0,0,0,0,0,0,0,0,0,0,0,0,0,0,0,0,0,0,0,0
poisoning,urgent,mild,False,36,1,0,0,0,0,0,1,0,0,0,0,0,0,0,1,0,0,0,0,0,0,0
general,urgent,none,False,30,0,0,0,0,0,0,0,0,0,1,0,0,1,0,0,0,0,0,0,1,0,0
stroke,urgent,mild,False,33,0,0,0,0,0,0,0,0,0,0,0,0,1,0,0,1,0,0,0,0,0,0
burns,urgent,none,False,35,0,0,0,0,1,0,0,0,0,0,0,0,0,0,0,0,0,0,0,0,0,0
cardiac,urgent,severe,False,47,1,0,0,0,1,0,0,0,0,1,0,0,0,0,0,0,0,0,1,0,1,0
obstetric,urgent,mild,False,77,0,0,0,0,0,1,0,0,0,1,0,0,0,0,0,0,0,0,0,0,0,0
cardiac,critical,none,False,51,1,1,0,0,0,0,0,0,0,0,0,1,0,0,0,0,1,0,0,0,0,0
obstetric,urgent,severe,False,54,0,0,0,0,0,1,0,0,1,1,0,0,0,0,0,0,0,0,0,0,1,1
respiratory,urgent,severe,False,68,1,0,0,0,0,0,0,0,0,0,0,0,0,0,0,0,0,0,1,0,1,0
cardiac,urgent,none,False,11,0,1,0,0,1,0,1,0,0,1,1,0,0,0,0,0,0,0,0,0,0,0
poisoning,urgent,none,False,21,1,0,0,0,0,0,0,1,0,0,0,0,0,0,0,0,0,0,0,0,0,0
stroke,critical,none,True,0,1,0,1,0,0,1,0,0,0,1,0,0,1,0,0,0,0,0,0,0,0,0
cardiac,critical,none,False,25,0,0,0,0,0,0,0,0,0,1,0,1,0,0,1,0,0,0,0,0,0,1
pediatric,stable,none,False,35,0,0,0,0,0,0,0,0,0,0,0,0,0,0,0,0,0,0,0,0,0,0
general,urgent,none,False,24,1,0,0,0,0,0,0,0,1,0,0,0,0,0,0,0,0,0,0,0,0,0
trauma,urgent,none,False,28,1,0,0,0,1,0,0,0,0,0,0,0,0,0,0,0,0,1,0,0,0,0
trauma,urgent,none,False,20,1,0,0,0,0,0,0,0,0,0,0,0,0,0,0,0,0,0,0,1,0,0
respiratory,critical,none,False,43,1,0,0,0,0,0,0,0,0,1,1,0,0,0,0,0,0,0,0,0,0,0
stroke,stable,mild,False,29,0,0,0,0,0,0,0,0,0,0,0,1,0,0,0,0,0,0,1,0,0,0
pediatric,stable,none,False,41,0,0,0,0,0,0,0,0,0,0,0,0,0,0,1,0,0,0,0,0,0,1
pediatric,stable,mild,False,57,0,0,0,0,0,1,0,0,0,0,0,0,0,0,0,0,0,0,0,0,0,1
respiratory,urgent,mild,False,8,1,0,0,0,0,0,1,0,1,0,0,0,0,0,0,0,0,0,0,0,1,0
obstetric,urgent,mild,False,37,0,0,0,0,0,1,0,0,0,1,0,0,0,0,0,0,0,0,0,0,0,0
trauma,critical,none,False,31,1,0,0,1,0,0,0,0,0,1,0,0,0,0,0,0,0,1,0,0,0,0
poisoning,critical,mild,False,56,1,0,0,0,0,0,0,0,0,1,0,0,0,0,0,0,0,0,0,0,1,0
trauma,stable,none,False,50,0,0,0,0,0,0,0,1,0,1,0,0,0,0,0,0,0,0,0,0,0,0
stroke,urgent,none,True,29,1,0,0,0,0,0,0,0,0,0,0,0,1,0,0,0,0,0,0,1,0,0
poisoning,stable,none,False,31,0,1,0,0,0,0,0,0,0,0,0,0,1,0,0,0,0,0,0,0,0,0
obstetric,urgent,none,False,74,0,0,0,0,0,0,0,0,0,1,0,0,0,0,0,0,0,0,0,0,0,0
general,urgent,mild,False,46,0,0,0,0,0,0,0,0,0,1,0,0,0,0,0,0,0,0,0,0,0,0
obstetric,stable,none,False,63,0,0,0,1,0,0,0,0,0,0,0,0,0,0,0,0,0,0,0,0,0,0
poisoning,urgent,mild,False,29,1,0,0,0,0,0,0,0,0,0,1,0,0,0,0,0,0,0,0,0,0,0
poisoning,urgent,none,False,80,1,0,0,0,0,0,0,0,0,0,0,0,0,0,0,0,0,0,0,0,0,0
burns,urgent,none,False,32,1,0,0,0,0,0,0,0,0,0,0,0,0,1,0,0,0,0,0,0,0,0
trauma,urgent,none,False,53,1,0,0,1,0,0,0,0,1,0,0,0,0,0,0,0,0,0,0,0,0,0
burns,urgent,none,False,26,1,0,0,0,1,0,0,0,0,0,0,0,0,0,0,0,0,0,0,0,0,0
cardiac,critical,none,False,31,1,0,0,0,0,0,0,0,0,1,0,1,0,0,1,0,0,0,0,0,0,0
general,critical,none,False,29,1,0,0,0,0,0,0,0,0,1,0,0,0,0,0,1,0,0,0,0,1,0
general,stable,none,False,42,1,0,0,0,0,0,0,0,0,0,0,0,0,0,0,0,0,0,0,0,0,0
obstetric,stable,none,True,26,0,0,0,0,0,0,0,0,0,0,0,0,0,0,0,0,0,0,0,0,0,0
obstetric,stable,none,True,65,0,0,0,0,0,1,0,0,0,0,0,0,0,0,0,0,0,0,1,0,0,0
poisoning,stable,mild,False,23,0,0,0,0,0,0,0,0,0,0,0,0,0,0,0,1,0,1,0,0,0,0
stroke,urgent,none,False,29,1,0,0,0,0,0,0,0,0,0,0,0,1,0,0,0,0,0,0,0,0,0
obstetric,stable,mild,False,43,0,0,0,0,0,0,0,0,0,0,0,0,0,0,0,0,0,0,0,0,0,0
cardiac,urgent,none,False,53,1,1,0,0,0,0,0,0,0,1,0,0,0,0,0,0,1,0,0,0,0,0
trauma,stable,severe,False,48,0,0,0,0,0,0,0,0,0,0,1,0,0,0,0,0,0,1,0,1,0,0
burns,critical,mild,False,0,1,0,0,0,1,0,1,0,0,1,0,0,0,1,0,0,0,1,0,0,1,0
cardiac,critical,none,False,18,0,1,0,0,0,0,0,0,0,1,0,1,0,0,0,0,0,0,0,0,0,0
pediatric,critical,none,False,8,1,0,0,0,0,0,1,0,0,1,0,0,0,1,0,0,0,0,0,0,0,0
burns,urgent,none,False,16,1,0,0,0,1,0,0,0,0,0,0,0,0,0,0,0,0,0,0,0,0,0
pediatric,stable,severe,False,52,0,0,0,0,0,0,0,0,0,0,0,0,0,0,0,0,0,0,1,0,1,1
burns,urgent,none,True,38,1,0,0,1,1,0,0,0,0,0,0,0,0,0,0,0,0,0,0,0,0,0
general,stable,none,False,65,0,0,0,0,0,0,0,0,0,0,0,0,0,0,0,0,0,0,0,0,0,0
trauma,critical,none,False,56,1,0,0,0,0,0,0,0,0,1,0,0,1,0,1,0,1,1,0,0,0,0
burns,critical,none,False,32,1,0,0,0,1,0,0,0,1,1,1,0,0,0,0,1,0,0,0,0,0,0
pediatric,critical,none,False,43,0,0,0,0,0,0,1,0,0,1,0,0,0,0,0,0,0,0,0,0,0,0
obstetric,urgent,none,False,0,0,0,0,0,0,1,1,0,1,1,0,0,0,0,0,0,0,0,0,0,0,0
burns,stable,mild,False,39,0,0,0,0,0,0,0,0,1,0,0,0,0,0,0,0,0,0,0,0,0,0
pediatric,stable,none,False,32,0,0,0,0,0,0,0,1,0,0,0,0,0,0,0,0,0,0,0,0,0,0
obstetric,urgent,none,False,88,0,0,0,0,0,1,0,0,0,1,0,0,0,0,0,0,0,0,0,0,0,0
cardiac,urgent,mild,False,17,1,0,0,1,0,0,0,0,0,1,0,0,0,0,0,0,0,0,0,0,0,0
obstetric,urgent,mild,False,10,0,0,0,0,0,1,1,0,0,1,0,0,0,1,0,0,0,0,0,0,0,1
cardiac,urgent,none,False,36,0,0,0,0,0,0,0,0,0,1,0,0,0,0,0,0,0,0,0,0,0,0
cardiac,critical,mild,False,35,1,1,0,0,0,0,0,0,0,1,0,0,0,0,0,0,0,0,0,0,0,0
respiratory,stable,none,False,22,0,0,0,0,0,0,0,0,0,0,0,0,0,0,0,0,0,0,0,0,0,0
burns,critical,mild,False,16,1,0,0,0,1,0,0,0,0,1,1,0,0,1,1,0,0,1,0,0,0,0
respiratory,urgent,mild,False,18,1,0,0,0,0,0,0,1,0,0,0,0,0,0,1,0,0,0,0,0,0,0
burns,urgent,none,False,8,1,0,0,0,1,0,1,0,0,0,0,0,0,1,0,0,0,0,0,0,0,0
burns,urgent,none,False,42,1,1,0,0,0,0,0,0,0,0,0,0,0,0,0,0,0,0,0,0,0,0
respiratory,urgent,mild,False,39,1,0,0,0,0,0,0,0,0,0,0,0,0,0,0,0,0,0,0,1,0,0
respiratory,stable,none,False,11,0,0,0,0,0,0,1,0,0,0,0,0,0,0,0,0,0,0,0,0,0,0
general,stable,none,False,40,0,0,0,0,0,0,0,0,0,0,0,0,0,0,0,0,0,0,0,0,0,0
cardiac,urgent,none,False,45,1,0,0,0,0,1,0,0,0,1,0,0,0,0,1,0,0,0,0,0,0,0
respiratory,urgent,none,False,55,0,0,0,0,0,0,0,1,0,0,0,0,0,0,0,0,0,0,0,0,0,0
stroke,urgent,none,False,34,0,1,1,0,0,0,0,0,0,0,0,0,1,0,0,0,0,0,0,0,0,0
trauma,urgent,severe,False,12,0,0,0,0,0,0,0,0,0,0,0,0,0,0,0,1,0,0,1,0,0,0
general,urgent,mild,False,60,1,0,0,0,0,0,0,0,0,1,0,0,0,0,0,0,0,0,1,0,0,1
general,stable,none,False,24,1,0,0,0,0,0,0,0,0,0,0,0,0,0,0,0,0,0,0,0,0,0
pediatric,critical,none,False,28,0,0,0,0,0,0,0,0,0,1,0,1,0,0,0,0,0,0,0,0,0,1
trauma,urgent,none,False,76,1,0,0,1,0,0,0,0,0,0,0,0,0,0,0,0,0,0,1,0,0,0
respiratory,stable,mild,False,25,0,0,0,0,0,0,0,0,0,0,0,0,0,0,0,0,0,0,0,0,1,1
respiratory,stable,mild,False,27,0,0,1,0,0,0,0,0,0,0,0,0,0,0,0,0,0,0,1,0,0,0
pediatric,critical,none,True,37,1,0,0,0,1,1,0,0,0,1,0,0,0,0,0,0,0,0,0,0,0,0
obstetric,stable,none,False,45,0,0,0,0,0,0,0,0,0,0,0,0,0,0,1,0,0,0,0,0,0,0
general,stable,none,False,25,1,0,0,0,0,0,0,0,0,0,0,0,0,0,0,0,0,0,0,0,0,0
pediatric,urgent,severe,False,55,1,0,0,0,0,0,0,0,0,0,0,0,0,0,0,0,0,0,1,0,1,1
poisoning,critical,none,False,41,0,0,0,0,0,0,0,0,0,1,1,0,0,0,0,0,0,0,0,0,0,0
burns,urgent,none,False,26,1,1,0,0,0,0,0,0,0,0,0,0,0,0,0,0,0,0,0,0,0,0
trauma,critical,none,False,30,1,0,0,1,0,0,0,0,0,1,0,0,0,0,0,0,0,0,0,0,0,0
cardiac,urgent,none,False,72,1,0,0,0,0,0,0,1,0,1,0,0,0,0,0,0,0,0,0,0,0,0
respiratory,stable,mild,False,45,0,0,0,0,0,0,0,0,0,0,0,0,0,0,0,0,0,0,0,0,0,0
trauma,stable,mild,False,22,0,0,0,0,0,0,1,0,0,0,0,0,0,0,0,1,0,1,0,0,0,0
burns,stable,none,False,27,0,0,0,0,1,0,0,0,1,0,0,0,0,0,0,0,0,0,0,0,0,0
stroke,urgent,mild,False,44,1,0,0,0,1,0,0,0,0,0,0,0,1,0,0,0,0,0,1,0,0,0
cardiac,stable,none,False,44,1,0,0,0,0,0,0,0,0,0,0,0,0,0,0,0,0,0,0,0,1,0
respiratory,stable,none,False,4,0,0,0,0,0,1,1,0,0,0,0,0,0,0,0,0,0,0,0,0,0,0
burns,urgent,none,False,43,1,0,0,0,1,0,0,0,0,0,0,0,0,0,0,1,0,0,0,0,1,0
trauma,urgent,none,False,15,1,0,0,1,0,0,0,0,0,0,0,0,0,0,0,0,0,0,0,0,0,1
pediatric,stable,none,False,59,0,0,0,0,0,0,0,0,0,0,0,0,0,0,0,0,0,0,0,0,0,0
stroke,urgent,none,False,44,1,0,1,0,0,0,0,0,0,0,0,0,1,0,0,0,0,0,0,0,0,0
respiratory,urgent,none,False,51,1,0,0,0,0,0,0,0,0,0,0,0,0,0,0,0,0,0,0,0,0,0
respiratory,critical,none,False,55,1,0,0,0,1,0,0,1,1,1,0,0,0,0,0,0,0,0,0,0,0,0
general,critical,mild,False,73,0,0,0,0,0,0,0,0,0,1,0,0,0,0,0,0,0,1,0,0,1,0
cardiac,urgent,none,False,20,0,1,0,0,0,0,0,0,0,1,0,0,0,0,0,0,0,0,0,0,0,0
respiratory,stable,mild,False,47,0,0,0,0,0,0,0,0,0,0,0,0,0,1,0,0,1,0,0,0,0,0
stroke,urgent,none,False,42,1,0,1,0,0,0,0,0,1,0,0,0,1,1,0,0,0,0,0,0,0,0
cardiac,critical,none,False,40,1,1,0,0,0,1,0,0,0,1,0,0,0,0,1,0,0,0,0,0,0,0
general,stable,none,False,9,0,0,0,0,0,0,0,0,1,0,0,0,0,0,0,0,0,0,0,0,0,0
trauma,urgent,none,False,19,1,0,0,1,0,0,0,0,0,0,0,0,0,0,0,0,0,0,0,0,0,0
stroke,stable,none,False,3,0,1,0,0,0,0,0,0,0,0,0,0,0,0,0,0,0,0,0,0,0,0
general,stable,none,True,42,0,0,0,0,0,1,1,0,1,0,0,0,0,0,0,0,0,0,0,0,0,0
stroke,critical,none,False,45,1,0,1,0,0,0,0,0,0,1,0,0,1,0,0,0,0,0,0,0,0,0
trauma,critical,severe,False,44,1,0,0,1,0,0,1,0,0,1,0,0,0,0,0,0,1,0,0,1,0,1
cardiac,critical,none,False,45,1,1,0,0,0,0,0,0,0,1,0,1,0,0,1,0,0,0,0,0,0,0
trauma,critical,none,False,90,1,0,0,1,0,0,0,0,0,1,0,0,0,0,0,0,0,0,1,0,0,0
respiratory,urgent,none,False,41,1,0,0,0,0,0,0,1,1,0,0,0,0,0,0,0,0,0,0,0,0,0
burns,urgent,none,False,49,1,0,0,0,1,0,0,0,0,0,0,0,0,0,0,0,0,0,0,0,0,0
respiratory,critical,mild,False,29,1,0,0,0,0,0,0,1,0,1,0,0,0,0,0,0,0,0,0,0,0,0
obstetric,stable,none,False,64,0,0,0,0,0,0,0,0,0,0,0,0,0,0,0,0,0,0,1,0,0,1
obstetric,critical,mild,False,27,0,0,0,0,0,1,0,0,0,1,0,0,0,0,0,0,0,0,0,1,0,0
respiratory,critical,none,False,68,1,0,0,0,0,0,0,1,0,0,1,0,0,0,0,0,0,0,0,0,0,0
respiratory,critical,none,False,43,1,0,0,0,0,0,0,1,0,1,0,0,0,0,0,0,0,0,0,0,0,0
poisoning,critical,mild,False,60,1,0,0,0,0,0,0,0,0,1,1,0,0,0,0,1,0,1,0,0,1,0
burns,critical,mild,False,67,1,0,0,0,1,0,0,0,0,1,1,0,0,0,0,0,0,0,0,0,1,0
pediatric,urgent,none,False,20,1,0,0,1,0,0,1,0,0,0,0,0,0,0,0,0,0,0,0,0,0,0
stroke,stable,none,False,9,0,0,0,0,0,0,1,0,0,0,0,0,0,1,0,0,0,0,0,0,0,0
pediatric,stable,none,False,21,0,0,0,0,0,0,0,0,0,0,0,0,0,0,0,0,0,0,0,0,0,0
cardiac,critical,none,False,43,0,1,0,0,0,0,0,0,1,1,0,1,0,0,1,1,0,0,0,0,0,0
cardiac,stable,none,False,24,0,1,0,0,0,0,0,0,0,0,0,0,0,0,0,0,0,0,1,0,0,0
burns,critical,mild,False,15,1,0,0,0,1,0,0,0,0,1,0,0,0,0,0,0,0,0,0,0,0,0
obstetric,stable,none,False,18,0,0,0,0,0,0,0,0,0,0,0,0,0,0,0,0,0,0,0,0,0,0
obstetric,stable,mild,False,43,0,0,0,0,0,1,0,0,0,0,0,0,0,0,0,1,0,0,0,0,0,0
stroke,stable,mild,False,52,0,0,0,0,0,0,0,0,0,0,0,0,0,0,0,0,0,0,0,0,0,1
respiratory,critical,none,False,33,1,0,0,0,0,0,0,0,0,1,1,1,0,0,0,0,0,0,0,0,0,0
respiratory,stable,none,False,60,0,0,0,0,0,0,0,1,0,0,0,0,0,0,0,0,0,0,0,0,0,0
stroke,critical,mild,False,71,1,0,1,0,0,0,0,0,1,1,0,0,0,0,0,0,0,0,1,0,1,0
stroke,urgent,mild,False,36,1,0,1,0,0,0,0,0,0,0,0,0,0,0,0,0,0,0,0,0,1,1
pediatric,urgent,none,False,35,0,1,0,0,0,0,1,0,0,0,0,0,0,0,0,0,0,0,0,0,0,0
respiratory,urgent,mild,False,35,1,0,0,0,0,0,0,1,0,0,0,0,0,0,1,0,0,0,0,0,0,0
stroke,stable,none,False,46,0,0,1,0,0,0,0,0,0,0,0,0,0,0,0,0,0,0,0,0,0,0
poisoning,critical,none,False,7,1,0,0,0,0,0,1,0,0,1,0,0,0,1,0,1,0,0,1,0,0,0
cardiac,urgent,mild,False,53,1,1,0,0,0,1,0,0,0,1,0,0,0,0,0,0,0,1,1,0,0,0
trauma,critical,none,False,26,1,0,0,1,0,0,0,0,0,1,0,0,0,0,0,0,0,1,0,0,0,0
pediatric,critical,mild,False,56,1,0,0,0,0,0,1,0,0,1,0,0,0,1,0,0,0,0,0,0,0,0
general,stable,none,False,36,1,0,0,0,0,0,0,0,0,0,0,1,0,0,0,0,0,0,0,0,0,1
cardiac,stable,none,False,46,1,1,0,0,0,0,0,0,1,0,0,0,0,0,0,0,0,0,0,0,0,0
cardiac,critical,none,False,46,1,1,0,0,0,0,0,0,0,1,0,0,0,0,0,0,0,0,0,0,0,0
poisoning,critical,severe,False,23,1,0,1,0,0,0,0,0,0,1,1,0,0,0,0,0,0,1,0,1,0,0
respiratory,urgent,severe,False,32,1,0,0,1,0,0,0,0,0,0,0,0,0,0,0,0,1,1,0,0,0,1
poisoning,urgent,severe,False,66,0,0,0,0,0,0,0,0,0,1,0,0,0,0,0,0,0,1,0,0,0,0
burns,stable,mild,False,10,0,0,0,0,1,0,0,0,0,0,0,0,0,0,0,0,0,0,1,0,1,0
trauma,critical,mild,False,51,1,0,0,1,0,0,0,0,1,1,0,0,0,0,1,0,0,0,0,0,1,0
cardiac,urgent,none,False,40,1,0,0,0,0,0,0,0,0,1,0,0,0,0,0,0,0,0,0,0,1,0
poisoning,stable,mild,False,37,0,0,0,0,0,0,0,0,1,0,0,0,0,0,0,0,0,0,1,0,0,0
burns,urgent,none,False,43,1,0,0,0,0,0,0,0,0,0,0,0,0,0,0,0,0,0,0,0,0,0
general,critical,none,False,42,1,0,0,0,0,0,0,0,0,1,0,0,0,1,0,0,0,0,0,0,0,0
trauma,critical,severe,False,41,1,0,0,1,0,0,0,0,0,1,0,0,0,0,0,0,0,1,1,0,1,1
general,critical,mild,True,13,1,0,0,0,0,1,0,0,0,1,0,0,0,0,0,0,0,0,1,0,0,0
general,urgent,none,False,6,1,0,0,0,0,0,0,0,0,0,0,0,0,0,0,0,0,0,0,0,0,0
burns,critical,mild,False,24,1,0,0,0,1,0,0,0,0,1,1,0,0,0,0,0,0,0,0,0,0,0
pediatric,stable,mild,False,48,0,0,0,0,0,0,0,0,0,0,0,0,0,0,0,0,0,1,1,0,0,0
pediatric,urgent,none,False,47,1,0,0,0,0,0,1,0,0,0,0,0,0,0,0,0,0,0,0,0,0,0
burns,urgent,none,False,40,1,0,0,0,0,0,0,0,0,0,0,0,0,0,0,0,0,0,0,0,0,0
stroke,urgent,none,False,24,1,0,1,0,0,0,0,0,0,0,0,0,0,0,0,0,0,0,0,0,0,0
poisoning,stable,none,False,52,0,0,0,0,0,0,0,0,0,0,0,0,0,0,0,0,0,0,0,0,0,0
burns,critical,none,False,41,1,0,0,0,1,0,0,0,0,1,0,0,0,0,0,0,0,1,0,0,0,0
poisoning,critical,none,False,69,1,0,0,0,1,0,0,0,0,1,0,0,0,0,0,0,0,0,0,0,0,0
poisoning,urgent,severe,False,44,1,0,1,0,0,0,0,0,0,0,0,0,0,0,0,0,0,0,1,1,0,1
cardiac,stable,none,False,39,1,0,0,0,0,1,0,0,1,0,0,0,0,0,0,0,0,0,0,0,0,0
trauma,critical,mild,False,38,0,0,0,1,0,0,0,0,1,1,0,0,0,0,0,0,0,0,1,0,1,0
trauma,stable,mild,False,27,0,0,0,0,0,0,0,0,0,0,0,0,0,0,0,0,0,0,0,0,0,0
burns,stable,none,False,35,0,0,0,0,0,0,0,0,0,0,0,0,0,0,0,0,0,0,0,0,0,1
burns,stable,none,False,20,0,0,0,0,0,1,0,0,1,0,0,0,0,0,0,0,0,0,0,0,0,0
cardiac,critical,mild,False,18,1,1,0,0,0,0,0,1,0,1,0,1,0,0,0,0,0,0,0,0,0,1
stroke,stable,severe,False,34,0,0,0,1,1,0,0,0,0,0,0,0,0,0,0,0,0,0,1,1,1,1
burns,critical,none,False,48,0,0,1,0,1,0,0,0,0,1,0,0,0,0,0,0,0,0,0,0,0,0
pediatric,critical,none,False,33,1,0,0,0,0,0,1,1,0,1,0,0,0,0,0,0,0,0,0,0,0,0
pediatric,urgent,none,False,27,0,0,0,0,0,0,0,0,0,0,0,0,0,0,0,0,0,0,0,0,0,0
trauma,urgent,none,False,41,1,0,0,0,0,0,0,0,0,0,0,0,0,0,0,0,0,0,1,0,0,0
respiratory,stable,mild,False,47,0,0,0,0,0,0,0,0,0,0,0,0,0,0,0,0,0,0,0,1,0,1
burns,urgent,mild,False,29,1,0,0,0,0,0,0,0,0,0,0,0,1,0,0,0,0,0,0,0,0,0
stroke,urgent,none,False,69,1,0,0,0,0,0,0,0,1,0,0,0,1,0,0,0,0,0,0,0,0,0
pediatric,stable,none,False,10,0,0,0,0,0,0,1,0,0,0,0,0,0,0,0,1,0,0,0,0,0,0
cardiac,stable,none,False,44,1,0,0,0,0,0,0,0,0,0,0,1,0,0,0,0,0,0,0,0,0,0
pediatric,urgent,mild,False,49,1,0,0,0,0,0,1,0,0,1,0,0,0,0,0,0,0,0,0,0,1,0
trauma,critical,none,False,31,1,0,0,1,0,0,0,0,0,1,0,0,0,0,0,0,0,0,0,0,0,0
general,stable,mild,False,42,0,0,0,0,0,0,0,0,1,0,1,0,0,0,0,0,0,1,0,0,0,0
cardiac,stable,mild,False,38,0,1,0,0,0,0,0,0,0,0,0,0,0,0,0,0,0,0,0,0,0,0
stroke,stable,none,False,32,0,0,0,0,0,0,0,0,0,0,0,0,0,0,0,0,0,0,0,1,0,0
burns,critical,none,False,25,1,0,0,0,1,0,0,0,1,1,1,0,0,0,0,0,0,0,0,0,0,0
general,stable,none,False,12,0,0,0,0,0,1,1,0,0,0,0,1,0,0,0,0,0,0,0,0,0,0
obstetric,critical,mild,False,69,1,0,0,0,0,1,0,0,1,1,0,0,0,0,0,0,1,0,0,0,1,0
trauma,critical,severe,False,62,1,0,0,1,0,0,0,0,0,1,0,0,0,0,0,0,1,0,0,1,0,0
respiratory,stable,none,False,40,0,0,0,0,0,0,0,0,0,0,0,0,0,0,0,0,0,0,0,0,0,0
trauma,stable,none,False,48,0,0,0,0,0,1,0,0,0,0,0,0,0,0,0,0,0,0,0,0,0,0
stroke,urgent,none,False,19,1,1,1,0,0,0,0,0,0,0,0,0,0,0,0,0,0,0,0,0,1,0
cardiac,urgent,severe,False,60,1,1,0,0,0,0,0,0,0,1,1,0,0,0,0,0,0,0,1,1,0,1
general,stable,none,False,46,0,0,0,0,0,0,0,0,0,1,0,0,0,0,0,0,0,0,0,0,0,0
general,stable,mild,False,23,1,0,0,0,0,0,0,0,0,0,0,0,1,0,0,0,0,0,0,1,0,0
pediatric,urgent,mild,False,37,1,0,0,0,0,0,1,0,0,0,0,1,0,0,0,0,0,0,0,0,0,0
respiratory,stable,none,False,67,0,0,0,0,0,0,1,0,0,0,1,0,0,0,0,0,0,1,0,0,0,0
stroke,urgent,none,False,61,1,0,1,1,0,0,0,0,1,0,0,0,1,0,0,0,0,0,0,0,0,0
general,critical,none,False,48,1,0,0,0,0,0,0,0,0,1,0,1,0,0,0,0,0,0,0,0,0,0
trauma,urgent,none,False,43,1,0,0,1,0,0,0,0,1,0,0,0,0,0,0,0,0,0,0,0,0,0
trauma,urgent,none,False,37,1,0,0,0,0,0,0,0,0,0,0,0,0,0,0,0,0,0,0,0,0,0
general,urgent,none,False,55,0,0,0,0,0,0,0,0,0,0,0,0,0,0,0,0,0,0,0,0,0,0
respiratory,critical,none,False,32,1,0,0,1,0,0,0,0,0,1,1,0,0,0,0,0,0,0,0,0,0,0
cardiac,critical,mild,False,44,1,1,0,0,0,0,0,0,1,1,0,0,0,1,1,0,0,0,1,0,0,1
stroke,stable,mild,False,54,0,0,0,0,0,0,0,0,0,1,0,0,0,0,0,0,0,1,0,0,0,0
cardiac,urgent,none,False,33,1,1,0,0,0,0,0,0,0,1,0,0,0,0,0,0,0,0,0,0,0,0
burns,urgent,none,False,79,1,0,0,0,0,0,0,0,0,0,0,0,0,0,0,0,0,0,0,0,0,0
pediatric,urgent,mild,False,41,1,0,0,0,0,0,1,1,0,0,0,0,0,0,0,0,0,0,0,0,0,0
burns,critical,mild,False,28,1,0,0,0,1,0,0,0,0,1,0,0,0,0,0,0,0,1,0,0,1,0
pediatric,critical,mild,False,32,1,0,0,0,0,0,1,0,0,1,0,0,0,0,0,0,0,1,0,0,0,0
pediatric,critical,none,False,68,1,0,0,0,0,0,1,0,0,1,0,0,0,0,0,0,0,0,0,0,0,0
stroke,critical,none,False,36,1,0,1,0,0,0,0,1,0,1,0,0,0,0,0,1,0,0,0,0,0,0
cardiac,urgent,none,False,26,1,1,0,1,0,0,0,0,0,1,0,0,0,0,0,0,0,0,0,0,0,0
general,stable,severe,False,20,0,0,0,0,0,0,0,0,1,1,0,0,0,0,0,0,0,0,0,0,0,0
obstetric,critical,none,False,59,1,0,0,0,0,1,0,0,1,0,0,0,0,0,0,0,1,0,0,1,1,0
pediatric,urgent,severe,False,68,1,0,0,0,0,0,1,0,0,0,0,0,0,0,0,0,0,0,1,0,1,0
obstetric,urgent,none,True,64,0,0,0,0,0,1,0,0,1,1,0,0,0,0,0,0,0,0,0,0,0,0
pediatric,stable,none,False,0,0,0,0,0,0,0,1,0,0,0,0,0,0,0,0,0,0,0,0,0,0,0
stroke,urgent,mild,False,21,1,0,0,0,0,0,0,0,0,0,0,0,1,0,0,0,0,0,0,0,0,0
trauma,critical,none,False,24,1,0,0,1,0,0,0,0,0,1,0,0,0,0,0,0,0,0,0,0,0,0
pediatric,critical,severe,False,28,0,0,0,0,0,0,1,0,0,0,0,0,0,0,0,0,0,1,0,0,0,1
general,urgent,severe,False,62,1,0,0,0,0,0,0,0,0,1,0,0,1,0,0,0,0,1,0,1,1,0
burns,critical,none,False,65,1,0,0,0,0,0,0,0,1,1,0,0,0,0,0,0,0,0,0,0,0,0
respiratory,stable,none,False,11,0,0,1,0,0,0,0,0,0,0,0,0,0,0,0,0,0,0,0,0,0,0
obstetric,critical,none,False,27,1,0,0,0,0,1,0,0,1,1,0,0,0,0,0,0,1,0,0,0,0,0
general,urgent,none,True,58,0,0,0,0,0,0,0,0,0,1,0,0,0,0,0,0,0,0,0,0,0,0
trauma,critical,mild,True,72,1,0,0,1,0,1,0,0,0,1,0,0,0,0,0,0,1,1,0,0,0,0
burns,urgent,none,False,54,1,0,0,0,0,0,0,0,0,0,0,0,0,0,0,0,0,1,0,0,0,0
trauma,stable,mild,False,42,0,0,0,0,0,0,0,0,0,0,0,0,1,0,0,1,0,0,1,0,0,0
burns,urgent,none,False,24,1,0,0,0,1,0,0,0,0,0,0,0,0,0,0,0,0,0,0,0,0,0
cardiac,urgent,none,False,24,1,0,0,0,1,0,0,0,0,1,0,0,0,0,0,0,1,0,0,1,0,0
poisoning,stable,none,False,53,0,0,0,0,0,0,0,0,1,0,0,0,0,0,0,0,0,0,0,0,0,0
respiratory,urgent,none,False,5,1,0,0,0,0,1,1,0,0,0,0,0,0,0,0,0,0,0,0,0,0,0
burns,urgent,none,False,27,0,0,0,0,1,0,0,0,0,0,0,1,0,0,0,0,0,0,0,0,0,0
trauma,urgent,none,False,20,1,0,0,1,0,0,0,0,0,0,0,0,0,0,0,0,0,0,1,0,0,0
stroke,urgent,none,False,63,0,0,1,0,0,0,0,0,0,0,0,0,0,0,0,0,0,0,0,0,0,0
poisoning,urgent,mild,False,11,1,0,0,0,0,0,1,0,0,0,0,0,0,0,0,0,0,1,0,1,0,0
obstetric,urgent,mild,False,77,0,1,0,0,0,1,0,0,0,1,0,0,0,0,0,0,0,0,0,0,1,0
stroke,urgent,mild,False,9,1,0,1,0,0,0,0,0,0,0,1,0,0,0,0,0,0,0,0,0,0,0
stroke,urgent,none,False,34,1,0,1,0,0,0,0,0,0,0,0,0,1,0,0,0,0,0,0,0,0,0
trauma,urgent,none,False,24,1,0,0,0,0,0,0,0,0,0,0,0,0,0,0,0,0,0,0,0,0,0
poisoning,urgent,none,False,24,0,0,0,0,0,0,0,0,0,0,0,0,0,0,0,0,0,0,0,1,0,0
general,stable,none,False,48,1,0,0,0,1,0,0,0,0,0,0,0,0,0,0,0,0,0,0,0,0,0
obstetric,stable,none,False,34,0,0,0,0,0,0,0,0,0,0,0,0,0,0,0,0,0,0,0,0,0,0
cardiac,urgent,none,False,55,1,0,0,0,0,0,0,0,0,1,0,0,0,0,0,0,0,0,0,0,0,0
burns,stable,mild,False,40,0,0,1,0,0,0,0,0,0,0,0,0,0,1,0,0,0,0,1,0,0,0
cardiac,stable,mild,False,29,1,0,0,0,0,0,0,0,0,0,0,0,0,0,0,0,0,0,1,0,0,0
respiratory,stable,mild,False,30,0,0,0,0,0,0,0,0,0,0,0,0,1,0,0,0,0,0,0,0,0,0
general,critical,mild,False,44,1,0,0,0,0,0,0,0,0,1,0,0,0,0,0,0,0,0,0,0,0,1
obstetric,critical,none,False,31,1,0,0,0,0,1,0,0,0,1,0,0,0,0,0,0,0,0,0,0,0,0
pediatric,urgent,severe,False,39,1,0,0,0,0,0,1,0,0,0,0,0,0,0,0,0,0,0,1,1,0,0
poisoning,stable,mild,False,30,1,0,0,0,0,0,0,0,0,0,0,0,1,0,0,0,0,0,0,0,0,0
obstetric,critical,mild,False,71,1,0,0,0,0,1,0,0,0,1,0,0,0,0,0,0,1,0,0,0,0,1
trauma,critical,none,False,30,0,0,0,1,0,0,0,0,0,0,0,0,0,0,1,0,1,0,0,0,0,0
general,stable,none,False,42,1,0,0,1,0,0,1,0,0,0,0,0,0,0,0,1,0,0,0,1,0,0
stroke,stable,none,False,47,0,0,0,1,0,0,0,0,0,0,0,0,0,0,0,0,0,0,0,0,0,0
cardiac,critical,none,False,34,1,1,0,0,0,0,0,0,1,1,0,1,0,0,1,0,0,0,0,0,0,0
trauma,urgent,mild,False,62,1,0,0,1,0,0,0,0,0,0,0,0,0,0,0,0,0,0,0,0,0,0
cardiac,critical,none,False,45,1,1,0,0,0,0,0,0,0,1,0,0,0,1,1,0,0,0,0,0,0,0
obstetric,critical,none,False,55,0,0,0,1,0,0,0,0,0,1,0,0,0,0,0,0,0,0,0,0,0,0
cardiac,urgent,severe,False,14,0,0,0,0,0,0,0,0,0,1,0,1,0,0,0,0,0,0,1,1,1,1
general,urgent,severe,False,49,1,0,0,0,0,0,0,0,1,0,0,0,0,0,0,0,0,0,0,0,0,1
respiratory,critical,none,False,5,1,0,0,0,0,0,0,1,0,1,1,0,0,0,0,0,0,0,0,0,0,0
obstetric,stable,none,False,47,0,0,0,0,0,0,0,0,1,0,0,0,0,0,0,0,1,1,0,0,0,0
pediatric,stable,mild,False,38,0,0,0,0,1,0,0,0,0,0,0,0,0,0,0,0,0,0,0,0,0,1
cardiac,critical,none,False,46,1,1,0,0,0,0,0,0,0,1,0,1,0,0,1,0,0,0,0,0,0,0
pediatric,urgent,none,False,37,1,0,0,0,0,0,1,0,0,0,0,0,0,0,0,0,0,0,0,1,0,0
obstetric,critical,severe,False,26,1,0,0,0,0,1,0,0,0,1,0,0,0,0,0,0,0,0,1,0,0,1
general,urgent,none,False,55,1,0,0,0,0,0,0,0,0,0,0,0,0,0,0,0,0,0,0,0,0,0
general,critical,mild,False,41,1,0,0,0,0,0,0,0,0,1,0,0,0,0,0,0,0,0,0,0,0,1
obstetric,urgent,mild,False,15,0,0,0,0,0,1,0,0,0,1,0,0,0,0,0,0,0,0,0,0,0,0
respiratory,urgent,none,False,50,1,0,0,0,0,0,0,0,1,0,0,0,0,0,0,0,0,0,0,0,0,0
cardiac,urgent,none,False,21,1,1,0,0,0,0,0,1,0,1,0,0,0,0,0,1,0,0,1,0,0,0
obstetric,stable,none,False,21,0,0,0,0,0,0,0,0,0,0,0,0,0,0,0,0,0,0,0,1,0,0
poisoning,urgent,none,False,0,1,0,0,0,0,0,1,0,0,0,0,0,0,0,0,0,0,0,1,0,0,0
obstetric,critical,mild,False,37,1,0,0,0,0,1,0,0,0,1,0,0,0,0,0,0,0,0,0,0,0,0
pediatric,urgent,mild,False,0,1,0,0,0,0,0,1,0,0,0,0,0,0,0,0,0,0,1,0,0,0,0
obstetric,stable,none,False,16,0,0,0,0,0,0,0,0,0,1,0,0,0,0,0,0,0,0,0,0,0,0
burns,stable,mild,False,73,0,0,1,0,0,0,0,0,0,0,0,0,0,0,0,0,0,0,0,0,0,0
poisoning,critical,severe,False,42,1,0,0,0,0,0,0,0,0,1,0,0,0,0,0,1,0,0,1,1,0,0
cardiac,urgent,none,False,51,1,1,0,0,0,0,0,0,0,1,0,0,0,0,0,1,0,0,0,0,0,0
burns,urgent,none,False,39,1,0,0,0,0,0,0,0,1,1,0,0,0,0,0,0,0,0,0,0,0,0
stroke,urgent,mild,False,42,1,0,1,0,0,0,0,0,0,0,0,0,1,0,1,0,0,0,0,0,0,0
respiratory,urgent,none,False,16,1,0,0,0,0,0,0,0,0,0,1,0,0,0,0,0,0,0,0,0,0,1
poisoning,critical,none,False,43,1,0,0,0,0,0,0,0,0,1,0,0,0,0,0,0,0,0,0,0,0,0
respiratory,urgent,severe,False,42,1,0,0,0,0,0,0,0,0,0,0,0,0,0,0,0,0,1,1,0,1,1
general,stable,none,False,40,1,0,0,0,0,0,0,0,0,0,0,0,0,0,0,0,0,0,0,0,0,0
general,urgent,none,False,37,1,0,0,0,0,0,0,0,1,1,0,0,0,0,0,0,0,0,0,0,0,0
stroke,urgent,mild,False,70,1,0,1,0,0,0,0,0,0,0,0,0,1,0,0,0,0,1,0,0,0,0
stroke,urgent,none,False,0,1,0,0,0,1,0,1,0,0,0,0,0,1,0,0,0,0,0,0,0,0,0
respiratory,stable,none,False,47,0,0,0,0,0,0,0,0,0,0,0,0,0,0,0,0,0,0,0,0,0,0
stroke,urgent,none,False,30,1,0,1,0,0,0,0,0,0,0,1,0,0,0,0,0,0,0,0,0,0,0
burns,stable,none,False,31,1,0,0,0,0,0,0,0,0,0,0,0,0,0,1,0,0,0,0,0,0,0
pediatric,stable,none,False,85,0,0,0,0,0,0,0,0,0,0,0,0,0,0,0,0,0,0,0,1,0,0
trauma,stable,none,False,47,0,0,1,0,0,0,0,0,0,0,0,0,0,0,0,0,1,0,0,0,0,0
stroke,critical,severe,False,28,1,0,0,0,1,1,0,0,0,1,0,0,1,0,0,0,0,0,1,1,1,1
poisoning,stable,none,False,0,0,0,0,0,0,0,1,0,0,0,0,0,0,0,0,0,0,0,0,0,0,0
trauma,stable,none,False,61,0,0,0,0,0,0,0,0,1,0,0,0,0,0,0,0,0,0,0,0,1,0
pediatric,critical,none,False,54,1,0,0,0,0,0,1,0,1,1,0,0,0,0,0,1,0,1,0,0,0,0
respiratory,critical,severe,False,44,1,0,0,0,0,0,0,1,0,1,1,0,0,0,0,0,0,0,0,1,1,0
general,urgent,severe,False,39,0,0,0,0,0,0,0,0,0,1,0,0,0,1,0,0,0,0,0,1,0,0
general,stable,none,False,29,1,0,0,0,0,0,0,0,0,1,0,0,0,0,0,0,0,0,0,0,0,0
stroke,critical,none,False,47,1,0,1,0,0,0,0,0,0,1,0,0,0,0,0,0,0,0,0,0,0,0
cardiac,urgent,none,False,70,1,0,0,0,0,0,0,0,0,1,0,0,1,0,0,0,0,0,0,0,0,0
burns,urgent,mild,False,19,1,0,0,0,1,0,0,0,0,0,0,0,0,1,0,0,0,0,0,0,0,1
respiratory,stable,mild,False,40,0,0,0,0,0,0,0,0,0,0,0,0,0,0,0,0,0,0,0,0,0,0
burns,critical,none,False,68,1,0,0,0,1,0,0,0,1,1,0,0,0,0,0,0,0,0,0,0,0,0
obstetric,urgent,none,False,37,0,0,0,0,0,1,0,0,0,1,0,0,1,0,0,0,0,0,0,0,0,0
obstetric,stable,none,False,43,0,0,0,0,0,1,0,0,1,0,0,0,0,0,0,0,0,0,0,0,0,0
stroke,urgent,severe,False,29,1,0,1,0,0,0,0,0,0,0,0,0,1,0,0,0,0,0,1,0,1,0
general,urgent,none,False,64,0,0,0,0,0,0,0,0,0,0,0,0,0,0,0,0,0,0,0,0,0,0
burns,urgent,none,False,0,1,0,0,0,1,0,1,0,0,0,0,0,0,0,0,0,0,0,0,0,0,0
respiratory,urgent,mild,False,35,1,0,0,0,0,0,0,1,0,0,0,0,0,0,0,0,0,0,0,0,1,0
respiratory,urgent,none,False,31,1,0,0,0,0,0,0,1,1,0,0,0,1,0,0,0,0,0,0,0,0,0
pediatric,urgent,none,False,26,0,0,0,0,0,0,0,0,0,0,0,0,0,0,0,0,0,0,0,0,0,0
obstetric,stable,none,False,29,0,0,0,0,0,0,0,1,0,0,0,0,0,0,1,0,0,0,0,0,0,0
stroke,stable,none,False,17,0,0,0,0,0,0,0,0,1,0,0,0,0,0,0,0,0,0,0,0,0,0
respiratory,urgent,mild,False,54,1,1,0,0,0,0,0,0,0,0,0,0,0,0,0,0,0,0,0,0,0,1
respiratory,critical,mild,False,11,1,0,0,0,0,0,0,1,0,1,1,0,0,0,0,0,0,0,0,0,0,0
trauma,critical,none,False,23,1,0,0,1,0,0,0,0,0,1,0,1,0,0,1,0,1,1,0,0,0,0
general,critical,none,False,49,1,0,0,0,0,0,0,0,0,1,0,0,0,0,0,0,0,0,0,0,0,0
pediatric,urgent,none,False,19,1,0,0,0,0,1,0,0,1,0,0,0,0,0,0,0,0,0,0,0,0,0
trauma,urgent,mild,False,31,1,0,0,1,0,0,0,0,0,0,0,0,0,1,0,0,0,0,0,0,0,1
burns,urgent,none,False,48,1,0,0,0,0,0,0,0,0,0,0,0,0,0,0,0,0,0,0,0,0,0
poisoning,critical,none,False,25,1,0,0,0,0,0,0,0,0,1,0,0,0,0,0,0,0,0,1,0,0,0
cardiac,critical,none,False,54,1,1,0,0,0,0,0,0,1,1,0,1,0,0,0,0,0,0,0,0,0,0
trauma,critical,none,False,37,1,0,0,1,0,0,0,0,1,1,0,0,0,1,0,0,0,0,0,0,0,0
pediatric,critical,severe,False,33,1,0,0,0,0,0,1,0,0,1,0,0,0,0,0,0,0,0,1,0,1,0
stroke,critical,none,False,28,1,0,0,1,0,0,0,0,0,1,0,0,1,0,0,0,0,0,0,0,0,0
pediatric,stable,none,False,54,0,0,0,0,0,0,0,0,0,0,0,0,0,0,0,0,0,0,0,0,0,1
pediatric,urgent,none,False,19,0,0,0,0,0,0,1,0,0,0,0,0,0,0,0,0,0,0,0,0,0,0
pediatric,urgent,none,False,40,1,0,0,0,0,0,1,0,0,0,0,0,0,0,0,0,0,0,0,0,0,0
poisoning,urgent,severe,False,17,1,0,0,0,0,0,0,0,0,0,0,0,1,0,0,0,0,1,0,0,0,1
pediatric,urgent,none,False,17,0,0,0,0,0,0,0,0,0,0,0,0,0,0,1,0,0,0,0,0,0,0
pediatric,urgent,mild,False,67,1,0,0,0,0,0,1,1,0,0,0,0,0,0,0,0,0,0,0,0,0,0
respiratory,critical,none,False,34,1,0,0,0,0,0,0,0,1,1,0,0,0,0,0,0,0,0,0,0,0,0
obstetric,urgent,severe,False,45,0,0,0,0,0,1,0,0,0,1,0,0,0,0,0,0,0,1,0,1,0,1
general,critical,none,False,25,1,0,0,0,0,0,0,0,0,1,0,0,0,0,0,0,0,0,0,0,0,0
general,urgent,none,False,44,0,0,0,0,0,0,0,0,0,1,0,0,0,0,0,0,0,0,0,0,0,0
respiratory,urgent,none,False,36,1,0,0,0,0,0,0,1,0,0,0,0,0,0,0,0,0,0,0,0,0,1
cardiac,urgent,none,False,33,0,0,0,0,1,0,0,0,0,1,0,0,0,0,0,0,0,0,0,0,0,0
general,urgent,none,False,8,0,0,0,1,0,0,0,0,0,0,0,0,0,0,0,0,0,0,0,0,0,0
poisoning,critical,none,False,74,1,0,0,0,0,0,0,0,1,1,0,0,0,0,0,1,0,0,0,0,0,0
poisoning,critical,none,False,22,1,0,0,0,0,0,0,0,0,1,0,0,0,0,0,0,0,0,0,0,0,0
pediatric,urgent,severe,False,36,1,0,0,0,0,0,0,0,0,0,0,0,0,0,0,0,0,0,0,1,0,1
respiratory,urgent,none,False,38,0,0,0,0,0,0,0,0,0,0,0,0,0,0,0,0,0,0,0,0,0,0
stroke,critical,mild,False,36,1,0,1,0,0,0,0,0,0,1,0,0,1,0,0,0,0,0,0,0,0,0
burns,critical,mild,False,28,1,0,0,0,1,0,0,0,0,1,1,0,0,0,0,0,0,0,0,1,0,0
general,urgent,none,False,58,1,0,0,0,0,0,0,0,0,1,0,0,0,0,0,0,0,0,0,0,0,0
cardiac,stable,none,False,20,1,0,0,0,0,0,0,0,1,0,0,0,0,0,0,0,0,0,0,0,0,0
pediatric,critical,none,False,0,1,0,0,0,0,0,1,0,0,1,0,0,0,0,0,0,0,0,0,0,0,0
respiratory,stable,none,False,48,1,0,0,0,0,0,0,0,0,0,0,0,0,0,0,0,0,0,0,0,0,0
obstetric,stable,severe,False,22,1,0,0,0,0,0,0,0,0,0,0,0,0,0,0,0,0,1,1,1,0,0
burns,stable,none,True,32,0,0,0,0,0,0,0,0,1,0,0,0,0,0,0,0,0,0,0,0,0,0
pediatric,stable,none,False,48,0,0,0,0,0,0,0,0,1,0,0,0,1,0,0,0,0,0,0,0,0,0
cardiac,stable,none,False,50,0,1,0,0,0,0,0,0,0,0,0,0,0,0,0,0,0,0,0,0,0,0
general,stable,mild,False,34,0,0,0,0,0,0,0,0,0,0,0,0,0,0,0,0,1,0,0,0,0,0
respiratory,stable,none,False,29,0,0,0,0,0,0,0,0,0,0,0,0,0,0,0,0,0,0,0,0,0,0
pediatric,critical,mild,False,28,1,0,0,0,0,1,1,0,0,1,0,0,0,0,0,0,0,0,0,1,0,0
burns,critical,none,False,59,1,0,1,0,1,0,0,0,0,1,1,0,0,0,0,0,0,0,0,0,0,0
cardiac,urgent,none,False,36,0,1,0,0,0,0,0,0,0,1,0,0,0,0,0,0,0,0,0,0,0,0
pediatric,urgent,severe,False,12,1,0,0,0,0,0,1,0,0,0,1,0,0,0,0,0,1,1,1,1,1,1
burns,stable,severe,False,66,0,0,0,0,0,0,0,0,0,0,0,0,0,0,0,0,0,1,1,1,0,0
stroke,critical,severe,False,43,0,0,1,0,0,0,0,0,0,1,0,0,0,0,0,0,0,1,1,1,0,0
stroke,stable,none,False,57,0,0,0,0,0,0,0,1,0,0,0,0,0,0,0,0,0,0,0,0,0,0
general,stable,mild,False,23,0,0,0,1,0,0,0,0,0,0,0,0,0,0,0,0,0,0,0,0,1,0
stroke,critical,mild,False,48,1,0,0,0,0,0,0,0,0,1,0,0,1,0,0,0,0,0,0,0,0,0
burns,critical,none,False,14,1,0,0,1,1,0,0,0,0,1,0,0,0,0,0,1,0,0,0,0,0,0
obstetric,stable,severe,False,57,0,0,0,0,0,0,0,0,0,0,0,0,0,0,0,0,0,1,1,1,1,0
obstetric,critical,none,True,54,1,0,0,0,0,1,0,0,0,1,0,0,0,0,0,0,1,0,0,0,0,0
stroke,stable,none,False,38,0,0,0,0,0,0,1,0,0,0,0,0,0,0,1,1,0,0,0,0,0,0
cardiac,urgent,none,False,66,1,0,0,0,0,0,0,1,1,1,0,0,0,0,0,0,0,0,0,0,0,0
respiratory,urgent,none,False,56,1,1,0,0,0,0,0,1,0,0,0,0,0,0,0,0,0,0,0,0,0,0
burns,urgent,none,False,51,1,0,0,0,0,0,0,0,0,0,0,0,0,0,0,0,0,0,0,0,1,0
poisoning,critical,none,False,38,1,0,0,0,0,0,0,0,0,1,0,0,0,0,0,0,0,0,0,0,0,0
burns,critical,severe,False,66,1,0,0,0,1,0,0,0,0,1,0,0,0,1,1,0,0,0,0,1,1,1
obstetric,urgent,mild,False,53,0,0,0,0,0,1,0,0,0,0,0,0,0,0,0,0,0,0,0,0,0,0
cardiac,urgent,severe,False,32,0,1,0,0,0,0,0,0,0,1,0,0,0,0,0,0,0,0,1,0,1,0
poisoning,urgent,none,False,61,1,1,0,0,0,0,0,0,0,0,1,0,0,0,0,0,0,0,0,0,0,0
burns,stable,none,False,27,0,0,0,1,0,0,0,0,0,0,0,0,0,0,0,0,0,0,0,0,0,0
obstetric,stable,mild,True,54,0,0,0,0,0,1,0,0,1,0,0,0,0,0,0,0,0,0,0,0,1,0
stroke,stable,none,False,45,0,0,0,0,0,0,0,0,0,0,0,0,0,0,0,0,0,0,0,0,0,0
poisoning,urgent,severe,False,52,1,0,0,0,0,0,0,0,0,0,0,0,0,0,0,0,0,1,1,0,0,1
burns,urgent,severe,False,43,1,0,0,0,1,0,0,0,1,0,0,0,0,0,0,0,0,0,0,1,1,0
obstetric,urgent,none,True,50,0,0,0,0,0,1,0,0,0,0,0,0,0,0,0,0,0,0,0,0,0,0
poisoning,critical,severe,False,46,1,0,0,0,0,0,0,0,0,1,1,0,0,0,0,0,0,0,1,1,0,1
poisoning,critical,none,False,45,1,0,0,0,0,0,0,0,0,1,1,0,0,0,0,1,0,0,0,0,1,0
general,urgent,none,False,10,0,0,0,0,0,0,0,0,0,1,0,0,0,0,0,0,0,0,0,0,0,0
obstetric,urgent,mild,False,24,0,0,0,0,0,1,0,0,0,1,0,0,0,0,0,0,0,1,0,1,0,0
burns,stable,none,False,61,0,0,0,1,0,0,0,1,0,0,0,0,0,0,0,0,0,0,0,0,0,0
burns,urgent,mild,False,33,1,0,0,0,1,0,0,0,0,0,0,0,1,0,0,0,0,0,0,0,0,1
general,critical,none,False,42,1,0,0,0,0,0,0,0,0,1,0,0,0,0,0,0,0,0,0,0,0,0
trauma,stable,mild,False,38,0,0,0,0,1,0,0,0,0,0,0,0,0,0,0,0,0,0,1,1,0,0
obstetric,critical,mild,False,57,1,0,0,0,0,1,0,1,0,1,0,0,0,0,0,0,0,0,0,1,0,0
pediatric,urgent,mild,False,32,1,0,0,0,0,0,0,0,0,0,0,0,0,0,0,0,0,0,0,0,0,0
stroke,urgent,mild,False,39,1,0,1,0,0,0,0,1,0,0,0,0,1,0,0,0,0,0,0,0,0,0
stroke,critical,none,False,14,1,0,1,0,0,0,0,0,0,1,0,0,1,0,0,0,0,0,0,0,0,0
cardiac,critical,none,False,58,1,0,0,0,0,0,0,0,0,1,0,1,0,0,1,0,0,0,0,0,0,0
stroke,critical,none,False,49,1,0,1,0,0,0,0,0,0,1,0,0,1,0,0,0,0,0,0,0,0,0
stroke,stable,none,False,42,0,0,0,0,0,0,0,0,0,0,0,0,0,0,0,0,0,0,0,0,0,0
burns,stable,mild,False,37,0,0,0,0,0,0,0,0,0,0,0,0,0,0,0,0,0,0,0,0,0,0
trauma,stable,none,False,23,0,0,0,1,0,0,0,0,0,0,0,0,0,0,0,0,0,0,0,0,0,0
general,critical,none,False,52,1,0,0,0,0,0,0,0,0,1,0,0,0,0,0,0,0,0,0,0,0,0
respiratory,urgent,none,False,0,0,0,0,0,0,0,1,0,1,0,0,0,1,0,0,0,0,0,0,0,0,0
burns,critical,none,False,42,1,0,0,0,1,0,0,0,0,0,1,0,0,0,0,0,0,0,0,0,0,0
pediatric,stable,mild,False,47,0,0,0,0,0,0,0,0,0,0,0,0,0,0,0,1,0,0,0,0,0,0
pediatric,critical,mild,False,38,1,0,0,0,0,1,1,0,0,1,0,0,0,1,0,0,0,0,0,0,0,0
cardiac,urgent,severe,False,47,1,1,0,0,1,0,0,0,0,1,0,0,0,0,0,0,1,0,1,1,1,1
obstetric,stable,none,True,16,1,0,0,0,0,1,0,0,0,0,0,0,0,0,0,0,1,0,0,0,0,0
cardiac,critical,severe,False,65,1,1,0,0,0,0,0,0,0,0,0,1,0,0,1,0,0,0,0,0,1,0
respiratory,stable,none,False,44,0,0,0,0,0,0,0,0,0,0,0,0,0,0,1,0,0,0,0,0,0,0
obstetric,stable,severe,False,0,1,0,0,0,0,0,1,0,0,0,0,0,0,0,0,0,0,1,1,0,1,0
burns,urgent,mild,False,83,1,0,0,0,0,0,0,0,0,0,0,0,0,0,0,0,0,0,0,1,0,0
poisoning,urgent,none,False,24,1,0,0,0,0,0,0,0,1,0,0,0,0,0,0,0,1,0,0,0,0,0
cardiac,critical,none,False,26,0,1,0,0,0,0,0,0,0,1,0,1,0,0,1,0,1,0,0,0,0,0
general,urgent,severe,False,34,1,0,0,0,0,0,0,0,0,0,0,0,0,0,0,0,0,0,0,1,0,1
cardiac,stable,none,False,46,0,0,0,0,0,0,0,0,0,0,0,0,1,0,1,0,0,0,0,0,0,0
obstetric,critical,none,True,62,1,0,0,0,0,0,0,0,0,1,0,0,0,0,0,0,0,0,1,0,0,0
pediatric,critical,none,False,52,1,0,0,0,0,0,1,0,0,1,0,0,0,0,0,0,0,0,0,0,1,0
stroke,critical,none,False,19,1,0,1,0,0,0,0,0,0,1,0,0,1,0,0,0,0,0,0,0,0,0
burns,stable,severe,False,50,0,0,0,0,0,0,0,0,0,0,0,1,0,0,0,0,0,1,1,1,0,1
trauma,stable,none,False,29,0,0,0,0,0,0,0,0,1,0,0,0,0,0,0,0,0,0,0,0,0,0
general,critical,mild,False,25,1,0,0,1,0,0,0,0,0,0,0,0,0,0,0,0,0,0,0,0,0,1
obstetric,stable,mild,False,28,0,0,0,0,0,0,0,0,0,0,0,0,0,0,0,0,0,1,0,1,1,1
cardiac,stable,mild,False,16,1,0,0,0,0,0,0,0,0,0,1,0,0,0,0,1,0,1,0,0,0,0
pediatric,stable,none,False,18,1,0,0,0,0,0,0,0,0,0,0,0,0,0,0,0,0,0,0,0,0,0
general,stable,mild,False,0,0,0,0,0,0,0,0,0,1,0,0,1,0,0,0,0,0,0,0,0,0,0
general,stable,none,False,26,0,0,0,0,1,0,0,0,0,0,0,0,0,0,0,0,0,0,0,0,0,0
obstetric,urgent,none,False,34,0,0,0,0,0,0,0,0,1,1,0,0,0,1,0,0,0,0,0,0,0,0
general,urgent,none,False,32,1,0,0,0,0,0,0,0,0,1,0,1,0,0,0,0,0,0,0,0,0,0
general,urgent,none,False,30,1,0,0,0,0,0,0,1,0,1,0,0,0,0,0,0,0,0,0,0,0,0
respiratory,urgent,none,False,39,1,0,0,0,0,0,0,0,1,0,0,0,0,1,0,0,0,0,0,0,0,0
obstetric,stable,none,False,54,0,0,0,0,0,0,0,0,0,0,0,0,0,0,0,0,0,0,0,0,0,0
stroke,stable,none,False,42,0,0,0,0,0,0,1,0,0,0,0,0,0,0,0,0,0,0,1,0,0,0
cardiac,critical,none,False,27,1,0,0,0,0,0,0,1,1,0,0,1,0,0,1,0,0,0,0,0,0,0
respiratory,urgent,mild,False,49,1,0,0,0,0,1,0,1,0,0,0,0,0,0,0,0,0,0,0,0,0,0
trauma,urgent,none,False,38,1,0,0,0,0,0,0,0,0,0,0,0,0,0,0,0,0,0,0,0,0,0
cardiac,urgent,none,False,78,1,1,0,0,0,0,0,0,1,1,0,0,1,0,0,0,0,0,0,0,0,0
general,critical,none,False,88,1,0,0,0,0,0,0,0,0,1,0,0,0,0,0,0,0,0,0,0,0,0
respiratory,critical,none,False,31,1,0,0,0,0,0,0,1,0,1,1,0,0,0,0,0,0,0,0,0,0,0
cardiac,critical,none,False,41,1,1,0,0,0,0,0,0,1,1,0,1,0,0,1,0,0,0,0,0,0,0
poisoning,stable,mild,False,12,1,0,0,0,0,0,1,0,1,0,0,0,0,0,0,0,0,0,0,0,0,0
pediatric,critical,none,False,30,1,0,0,0,0,0,1,0,0,1,0,0,0,0,0,0,0,0,0,0,0,0
trauma,critical,mild,False,52,1,0,0,1,0,0,0,0,1,1,0,0,0,0,0,0,1,0,0,0,0,0
trauma,critical,none,False,40,1,0,0,1,0,0,1,0,1,1,0,0,1,0,0,0,0,1,0,0,0,0
respiratory,urgent,none,False,34,0,0,0,0,0,0,0,0,1,0,0,0,0,0,0,0,0,0,0,0,0,0
pediatric,urgent,none,False,36,1,0,0,0,0,0,0,0,0,0,0,0,0,0,0,0,0,0,0,0,0,0
burns,urgent,none,False,47,1,0,0,0,0,0,0,0,0,0,0,0,0,0,1,0,0,0,0,0,0,0
respiratory,urgent,severe,False,0,1,0,0,0,0,0,0,0,0,0,0,0,0,0,0,0,1,1,1,0,1,0
trauma,stable,none,False,22,0,0,0,0,0,0,0,1,0,0,1,1,0,0,0,0,0,0,0,0,0,0
cardiac,critical,severe,False,41,1,1,0,0,0,0,0,0,1,0,0,0,0,0,1,0,0,0,1,1,1,0
burns,stable,none,False,65,1,1,0,0,0,1,0,0,0,0,0,0,0,0,0,0,0,0,0,0,0,0
respiratory,stable,none,False,59,0,0,0,0,0,0,0,0,0,0,0,0,0,0,0,0,0,0,0,0,0,0
stroke,urgent,none,False,64,0,0,0,0,0,0,0,0,0,0,0,0,1,0,0,0,0,0,0,0,0,0
cardiac,urgent,none,False,59,1,1,0,0,0,0,0,0,0,1,0,0,0,0,0,0,0,0,0,1,0,0
pediatric,urgent,none,False,28,1,0,0,0,0,0,1,0,0,0,0,0,0,0,0,0,0,0,0,0,0,0
burns,urgent,severe,False,56,1,0,0,0,0,0,0,0,0,0,0,0,0,0,0,0,0,1,1,0,1,1
pediatric,critical,none,False,35,1,0,0,0,0,0,1,0,0,1,0,1,0,0,0,0,0,0,0,0,0,0
respiratory,critical,none,False,28,1,0,0,0,1,0,0,1,0,1,1,0,0,0,0,0,1,0,0,0,0,0
stroke,critical,none,False,26,0,1,1,0,0,0,1,0,0,1,0,0,1,0,0,0,0,0,0,0,1,0
poisoning,urgent,none,False,60,0,0,0,0,0,0,0,0,0,0,0,0,0,0,0,0,0,0,0,0,0,0
cardiac,urgent,mild,False,18,1,0,0,0,0,0,0,0,0,1,0,0,0,0,0,0,0,0,1,0,0,0
poisoning,urgent,none,False,31,0,0,0,0,0,0,0,1,0,0,1,0,0,0,0,0,0,0,0,0,0,0
general,stable,severe,False,11,1,0,0,0,0,0,1,0,0,0,0,1,1,0,0,0,0,0,0,1,1,0
cardiac,urgent,severe,False,17,1,1,0,0,0,1,0,0,0,0,0,0,0,0,0,0,0,0,1,0,0,1
respiratory,urgent,severe,False,0,1,0,0,0,0,0,0,1,0,0,0,0,0,0,0,0,0,0,1,1,1,1
burns,critical,none,False,33,1,0,1,0,1,0,0,0,1,1,0,0,0,0,0,0,1,0,0,0,0,0
burns,stable,severe,False,38,0,0,0,0,0,0,0,0,0,0,0,0,0,0,0,0,0,1,0,1,1,0
general,urgent,none,False,38,1,0,0,0,0,0,0,0,0,0,0,0,0,0,0,0,0,0,0,0,0,0
trauma,stable,none,False,41,0,0,0,0,0,0,0,0,0,0,0,0,0,0,0,0,0,0,0,0,0,0
burns,urgent,severe,False,38,1,0,0,0,1,0,0,0,0,0,0,0,0,0,0,0,0,1,1,1,0,1
burns,critical,mild,False,45,1,0,0,0,1,0,0,0,0,1,0,0,0,0,0,0,0,1,0,1,0,0
stroke,critical,none,False,39,1,0,1,0,1,1,0,0,0,1,0,0,1,0,0,0,0,0,0,0,0,0
burns,urgent,mild,False,49,1,0,0,0,1,0,0,0,0,0,0,0,0,0,0,0,0,0,1,0,0,0
respiratory,urgent,none,False,34,1,0,0,0,0,1,0,0,0,0,0,0,0,0,0,0,0,0,0,0,0,0
stroke,stable,none,False,20,0,0,0,0,0,0,0,0,0,0,0,0,0,0,0,0,0,0,0,0,0,0
general,stable,none,False,65,0,1,0,0,0,0,0,0,0,0,0,0,0,1,0,0,0,0,0,1,0,0
obstetric,critical,none,False,65,1,0,0,0,0,1,0,0,0,1,0,0,0,0,0,0,0,0,1,0,0,0
general,stable,mild,False,35,1,0,0,0,0,0,0,0,0,0,0,0,0,0,0,0,0,0,0,0,0,0
burns,urgent,mild,False,43,0,0,0,0,1,0,0,0,0,0,0,0,0,0,0,0,0,0,0,0,0,0
stroke,urgent,mild,False,23,1,0,0,0,1,0,0,0,0,0,0,0,1,0,1,0,0,0,0,0,0,0
obstetric,urgent,none,True,37,0,0,0,0,0,0,0,0,1,0,0,0,0,0,0,0,0,0,0,0,0,0
trauma,stable,severe,False,20,0,0,0,0,0,0,0,0,0,0,0,0,0,0,0,0,0,1,1,0,1,0
pediatric,critical,none,False,44,0,0,0,0,0,0,1,0,0,1,0,0,0,0,0,1,0,0,0,1,0,0
burns,critical,severe,False,65,0,0,0,0,1,0,0,0,0,1,1,0,0,0,0,0,0,0,0,1,0,0
stroke,critical,none,False,77,1,0,1,0,0,0,0,0,1,1,0,0,1,0,0,0,0,0,0,0,0,0
general,critical,severe,False,16,1,0,0,0,0,0,0,0,0,1,0,0,0,0,0,0,0,0,1,1,1,0
burns,critical,none,False,26,1,0,0,0,1,0,0,0,0,1,0,0,0,0,0,0,0,0,0,0,0,0
burns,urgent,severe,False,34,1,0,0,0,0,0,0,0,0,0,0,0,0,0,0,0,0,1,1,0,0,1
stroke,stable,mild,False,36,0,0,0,0,1,0,0,0,0,0,0,0,0,0,0,0,0,0,0,0,0,0
burns,critical,none,False,37,1,1,0,0,1,0,0,0,0,1,0,0,0,0,0,1,0,0,0,0,0,1
trauma,critical,mild,False,68,1,0,0,1,0,0,0,0,1,1,0,0,0,0,0,0,1,0,0,0,0,0
trauma,critical,none,False,39,1,0,0,1,0,0,0,0,1,1,0,0,0,0,0,0,0,0,0,0,1,0
cardiac,critical,none,False,40,0,1,0,0,0,0,0,0,0,1,0,0,0,0,1,0,0,0,0,0,0,0
pediatric,urgent,severe,False,59,1,0,0,0,0,0,1,0,1,0,0,0,0,0,0,0,0,1,1,1,0,1
cardiac,urgent,none,False,22,1,0,0,0,0,0,0,0,1,0,0,0,0,0,0,0,0,0,0,0,0,0
burns,critical,mild,False,36,1,0,0,0,1,0,0,1,0,0,1,1,0,0,0,0,0,0,0,0,0,0
stroke,critical,severe,False,68,1,0,1,0,0,0,0,0,1,1,0,0,1,0,0,0,0,0,1,1,1,0
respiratory,stable,severe,False,48,0,0,0,0,0,0,0,0,0,0,0,0,0,0,0,0,0,1,0,0,0,0
general,stable,none,False,13,1,0,0,0,0,0,1,0,0,0,0,0,0,0,0,0,0,0,0,0,0,0
cardiac,urgent,none,False,17,0,1,0,0,0,0,0,0,0,1,0,0,0,0,0,0,0,0,0,0,0,0
respiratory,stable,mild,False,75,0,0,0,0,0,0,0,0,0,0,0,0,0,0,0,0,0,1,0,0,0,0
cardiac,stable,severe,False,23,1,0,0,0,0,0,1,0,0,0,1,0,0,0,0,0,0,1,0,0,0,1
cardiac,stable,none,True,86,1,0,1,0,0,1,0,0,1,0,0,0,0,0,0,0,0,1,0,0,0,0
pediatric,stable,mild,False,11,0,0,0,0,0,1,1,0,0,0,0,0,0,0,0,0,0,0,0,0,0,0
pediatric,urgent,none,False,49,1,0,0,0,0,0,1,0,0,0,0,0,0,0,0,0,0,0,0,0,0,0
respiratory,urgent,mild,False,30,1,1,1,0,0,0,0,1,0,0,0,0,0,0,0,0,0,0,0,0,0,0
general,urgent,none,False,60,1,0,0,0,0,0,0,0,0,1,0,1,0,0,0,0,0,0,0,1,0,0
stroke,urgent,none,False,30,1,0,0,0,0,0,0,0,0,0,0,0,0,0,0,0,1,0,0,0,1,0
general,urgent,severe,False,39,1,0,0,0,0,0,0,0,0,1,0,0,0,0,0,0,0,1,0,0,0,0
respiratory,urgent,severe,False,36,0,0,0,0,0,0,0,1,0,0,0,0,0,0,0,0,0,0,0,0,1,0
poisoning,critical,none,False,3,1,0,0,0,0,0,0,0,0,0,0,0,0,0,0,0,0,0,0,0,0,0
cardiac,stable,none,False,35,0,1,0,0,0,0,0,0,0,0,0,0,0,0,0,0,0,0,0,0,0,0
poisoning,stable,none,False,15,0,0,0,0,0,0,0,0,0,0,0,0,0,1,1,1,0,0,0,0,0,0
cardiac,critical,none,False,55,1,1,0,0,0,0,0,0,0,1,0,1,1,0,1,0,0,0,0,0,0,0
stroke,urgent,none,False,25,0,0,0,0,0,0,0,0,0,0,0,0,0,1,0,0,0,0,1,0,0,0
pediatric,critical,none,False,20,1,0,0,0,0,0,1,0,0,1,0,1,0,0,0,0,0,0,0,0,0,0
cardiac,urgent,mild,False,17,1,1,0,0,0,0,0,0,0,1,0,0,0,1,0,0,0,0,1,0,0,0
cardiac,urgent,none,True,12,0,1,0,0,0,1,1,0,0,1,0,0,0,0,0,0,0,0,0,0,0,0
general,stable,none,False,0,0,0,0,0,0,0,1,0,1,0,0,0,0,0,0,1,0,0,0,0,0,0
burns,critical,severe,False,36,1,0,0,0,1,0,0,0,0,0,0,0,0,0,0,0,0,1,1,0,0,1
burns,critical,none,False,0,1,0,0,0,1,0,1,1,0,1,0,0,0,0,0,0,0,0,0,0,0,0
trauma,urgent,none,False,69,1,0,0,1,0,0,0,0,0,0,0,0,0,0,0,0,0,0,0,0,0,0
stroke,urgent,severe,False,16,1,0,1,0,0,0,0,0,0,0,0,0,1,0,0,0,0,0,0,1,1,0
respiratory,stable,none,False,72,1,0,0,0,0,1,0,0,0,0,0,0,0,1,0,0,0,0,0,0,0,0
cardiac,urgent,none,False,70,1,0,0,0,1,0,0,0,0,0,0,0,0,0,0,0,0,0,0,0,0,0
obstetric,critical,none,False,37,1,0,0,0,0,1,0,0,0,1,0,0,0,0,0,0,0,0,1,0,0,0
pediatric,critical,severe,False,9,1,0,0,0,0,0,1,0,1,1,0,0,0,0,0,0,0,0,1,0,1,0
trauma,urgent,none,False,37,1,0,0,1,0,0,0,0,1,0,0,0,0,0,0,0,0,0,0,0,0,1
cardiac,critical,none,False,48,1,1,0,0,0,0,0,0,0,1,0,1,0,0,0,0,0,0,0,0,0,0
pediatric,urgent,severe,False,68,1,0,0,0,0,0,0,0,1,0,0,0,0,0,0,0,0,1,1,0,1,1
trauma,stable,mild,False,56,0,0,0,0,0,0,0,0,0,0,0,0,0,0,0,0,0,1,0,0,0,1
obstetric,urgent,none,False,29,0,0,0,0,0,1,0,0,0,1,0,1,0,0,0,0,0,1,0,0,0,0
cardiac,stable,severe,False,38,0,0,0,0,0,0,0,1,0,0,0,0,0,0,0,0,0,0,1,0,1,1
pediatric,urgent,severe,False,90,0,0,0,0,0,0,0,0,0,0,0,0,0,0,0,0,0,0,1,0,1,0
pediatric,urgent,none,False,22,0,0,0,0,0,1,1,0,0,0,0,0,0,0,0,0,0,0,0,0,0,0
trauma,stable,mild,False,67,0,0,1,0,0,0,0,0,0,0,0,0,0,0,0,0,0,1,0,0,0,0
respiratory,critical,none,False,44,1,0,0,0,0,0,0,1,1,1,1,0,0,1,0,0,0,0,0,0,0,0
stroke,stable,none,False,70,1,0,0,1,0,0,0,0,0,0,0,0,0,0,0,0,0,0,0,0,0,0
burns,critical,none,False,27,1,0,0,0,1,0,0,0,0,1,1,0,0,0,0,0,0,0,0,0,0,0
poisoning,urgent,none,False,43,1,0,0,0,0,0,0,0,0,0,1,0,0,0,0,0,0,0,0,0,0,0
respiratory,urgent,mild,False,38,0,0,0,0,0,0,0,0,0,0,0,0,0,0,0,0,0,0,0,0,0,1
cardiac,critical,none,False,32,1,0,0,0,0,0,0,0,0,1,0,1,0,0,1,0,0,0,0,0,0,0
poisoning,critical,mild,False,51,1,0,0,0,0,0,0,0,0,1,1,0,0,0,0,0,0,0,0,0,0,0
stroke,urgent,none,False,17,0,0,1,0,0,0,1,1,0,0,0,0,1,0,0,0,0,0,0,0,0,0
general,urgent,severe,False,44,1,0,1,0,0,0,0,0,0,1,0,0,0,0,0,0,0,0,1,0,1,1
burns,critical,mild,False,50,1,0,0,0,0,0,0,0,1,1,0,0,0,0,0,0,1,0,0,0,0,0
burns,urgent,none,False,20,1,0,0,0,1,0,0,0,0,0,0,0,0,0,0,0,0,0,0,0,0,0
respiratory,critical,none,False,45,0,0,0,0,0,0,0,1,0,1,1,0,0,0,0,0,0,0,0,0,0,0
poisoning,critical,none,False,40,1,0,0,0,0,0,0,0,1,1,0,0,0,0,1,0,0,0,0,0,0,0
stroke,critical,mild,False,19,0,0,1,0,0,0,0,0,0,1,0,0,1,0,0,0,0,0,0,1,0,0
respiratory,urgent,none,False,36,1,0,0,0,0,0,0,0,0,0,0,0,0,0,0,0,0,0,0,0,0,0
stroke,urgent,none,False,37,1,0,0,0,0,0,0,0,1,0,0,0,1,0,0,0,0,0,0,0,0,0
pediatric,critical,none,False,7,1,0,0,0,0,0,1,0,0,1,0,0,0,0,0,0,0,0,0,0,0,0
pediatric,critical,mild,False,44,1,0,0,0,0,0,1,0,0,1,0,0,0,0,0,0,0,0,1,0,0,0
obstetric,stable,none,True,40,1,0,0,0,0,1,0,0,0,0,0,0,0,0,0,0,0,0,0,0,0,1
respiratory,stable,none,False,12,0,0,0,0,0,0,1,0,0,0,0,0,0,0,0,0,0,0,0,0,0,0
pediatric,urgent,none,False,44,0,0,0,0,0,0,0,0,0,0,0,0,0,0,0,0,0,0,0,0,0,0
burns,critical,none,False,56,1,0,0,0,1,0,0,0,0,1,1,1,1,0,0,0,0,0,0,0,0,0
obstetric,urgent,mild,False,27,0,0,0,0,0,1,0,0,0,1,0,0,0,0,0,0,0,1,0,0,1,0
cardiac,stable,none,False,38,1,0,0,0,0,0,0,0,0,0,0,0,0,0,0,0,0,0,0,0,0,0
trauma,stable,none,False,0,0,0,0,1,0,0,1,0,0,0,0,0,0,0,0,0,0,0,0,0,0,0
obstetric,urgent,none,False,27,0,0,0,0,0,1,0,0,0,1,0,0,0,0,0,1,0,0,0,0,0,0
obstetric,urgent,mild,False,37,0,0,0,0,0,1,0,0,0,1,0,0,0,0,0,0,0,0,0,0,1,1
trauma,stable,none,False,25,0,0,0,0,0,0,0,1,0,0,0,0,0,1,0,0,0,0,0,0,0,0
trauma,urgent,none,False,7,1,0,0,0,0,0,1,0,0,0,0,0,0,0,0,0,0,0,0,0,0,0
poisoning,critical,severe,False,26,1,0,0,0,0,0,0,0,0,1,1,0,1,0,0,0,0,0,1,1,0,1
general,stable,none,False,36,1,0,0,0,0,0,0,0,0,0,0,0,0,0,1,0,0,0,1,0,0,0
trauma,critical,none,False,31,1,0,0,0,0,0,0,0,0,0,0,0,0,0,0,0,1,0,0,0,0,1
cardiac,stable,none,False,56,1,1,0,0,0,0,0,0,0,0,0,0,0,0,0,0,0,0,0,0,0,0
cardiac,urgent,none,False,47,1,1,0,0,0,0,0,0,0,1,0,0,0,0,0,0,0,1,0,0,0,0
obstetric,urgent,mild,True,52,0,0,0,0,0,1,0,0,0,1,0,0,0,0,0,0,0,1,0,0,0,0
obstetric,critical,mild,False,83,1,0,0,0,0,1,0,0,0,1,0,0,0,0,0,0,0,0,0,0,0,0
obstetric,stable,none,False,25,0,0,0,0,0,0,0,0,0,0,0,0,0,0,0,0,0,0,0,0,0,0
respiratory,stable,none,False,73,0,0,1,0,0,0,0,0,0,0,0,0,0,0,0,0,0,0,0,0,0,0
poisoning,stable,none,False,61,0,0,0,0,0,0,0,0,0,0,0,0,0,0,0,0,0,0,0,0,0,0
respiratory,urgent,none,False,38,1,0,0,0,0,0,0,1,0,0,0,0,0,0,0,0,0,0,0,0,0,0
stroke,critical,none,False,57,1,0,1,0,0,0,0,0,0,1,0,0,1,0,0,0,0,0,0,0,0,0
obstetric,critical,none,False,36,1,0,0,0,0,1,0,0,0,1,0,0,0,0,0,0,1,0,0,1,0,0
stroke,urgent,none,False,36,1,0,0,0,0,0,0,0,0,0,0,0,1,0,0,0,0,0,0,0,0,0
respiratory,urgent,none,False,35,1,0,0,0,0,0,0,1,1,0,0,0,0,0,0,0,0,0,0,0,0,1
stroke,urgent,severe,False,60,1,0,1,0,0,0,0,0,0,0,0,0,1,0,0,0,0,1,0,0,1,1
poisoning,stable,mild,False,80,0,0,0,0,0,0,0,0,0,0,0,0,0,0,0,0,0,0,0,0,0,0
stroke,stable,none,False,42,0,0,0,0,0,0,0,0,0,0,0,0,0,0,0,0,0,0,0,0,0,0
poisoning,critical,none,False,22,1,0,0,0,0,0,0,0,0,1,0,0,0,0,0,0,0,0,0,0,0,0
pediatric,urgent,none,False,50,1,0,0,1,0,0,0,0,0,0,0,0,0,0,0,0,0,0,0,0,0,0
cardiac,stable,none,False,0,0,0,0,0,0,0,0,0,1,0,0,0,0,0,0,0,0,0,0,0,1,0
stroke,urgent,none,False,72,1,0,1,0,0,0,0,0,0,0,0,0,1,0,0,0,0,0,0,1,0,0
stroke,critical,mild,False,11,1,1,1,0,0,0,0,0,0,1,0,0,1,0,0,0,0,0,0,1,1,1
obstetric,stable,none,False,53,0,0,0,0,1,0,0,0,0,0,0,0,0,0,0,1,0,0,0,0,0,0
cardiac,stable,none,False,9,0,0,0,0,0,0,1,0,1,0,0,0,0,0,0,0,0,0,0,0,1,0
stroke,critical,none,False,37,0,0,1,0,0,0,0,0,0,1,0,0,0,0,0,1,0,0,0,0,0,0
trauma,urgent,none,False,65,1,0,1,1,0,0,0,0,0,0,1,0,0,0,0,0,0,0,0,0,0,1
obstetric,urgent,mild,False,22,0,0,0,0,0,1,0,0,0,1,0,0,0,0,0,0,0,0,0,1,0,0
obstetric,critical,none,False,8,0,0,0,0,0,1,1,0,1,0,0,0,0,0,0,0,0,0,1,1,0,0
respiratory,urgent,none,False,32,1,0,0,0,0,0,0,1,0,0,0,0,0,0,0,0,0,0,0,1,0,0
trauma,stable,none,False,32,0,0,0,0,0,0,0,0,0,0,0,0,0,0,0,0,0,1,0,0,0,0
general,stable,severe,False,47,1,0,0,0,0,0,0,1,0,0,0,0,0,0,0,0,0,0,0,1,1,1
poisoning,urgent,none,False,21,1,0,1,0,0,0,0,0,0,0,0,0,0,0,0,0,1,0,0,0,0,0
burns,urgent,none,False,39,1,0,0,0,0,0,0,0,0,0,0,0,0,0,0,0,0,0,0,0,0,0
burns,stable,none,False,40,0,0,0,0,0,0,0,0,0,0,1,0,0,0,0,0,0,0,0,0,0,0
stroke,stable,none,False,14,0,0,0,0,0,0,0,0,0,0,0,0,0,0,0,0,0,0,0,0,0,0
general,urgent,none,False,41,1,0,0,0,0,0,0,0,0,1,0,0,0,0,0,0,0,0,0,0,0,0
pediatric,stable,none,False,59,0,0,0,0,0,0,0,0,0,0,0,0,0,0,0,0,0,0,0,0,1,0
burns,stable,none,False,41,0,0,0,0,0,0,0,0,0,0,0,0,1,0,0,0,0,1,0,0,0,0
trauma,urgent,none,False,31,1,0,0,1,0,0,0,0,1,0,0,0,0,1,0,0,0,0,0,0,0,0
pediatric,critical,none,False,48,0,0,0,0,0,0,1,0,0,1,0,0,0,0,0,1,0,0,0,0,0,0
general,critical,none,False,58,1,0,0,0,0,0,0,0,1,1,0,0,0,0,0,0,0,0,0,0,0,0
cardiac,critical,none,False,47,0,1,0,0,0,0,0,0,1,0,0,1,0,0,1,0,0,0,0,0,1,0
respiratory,urgent,none,False,43,1,0,0,0,0,0,0,1,1,0,0,0,0,0,0,0,0,0,0,0,0,0
burns,urgent,none,False,72,0,0,0,0,0,0,1,0,0,0,0,1,0,0,0,0,0,0,0,0,0,0
general,critical,none,False,51,1,0,0,0,0,0,0,0,0,1,0,0,0,0,0,0,0,0,0,0,0,0
poisoning,urgent,none,False,2,1,0,0,1,0,0,0,0,0,1,1,0,0,0,0,0,0,0,0,0,0,0
respiratory,critical,severe,False,44,1,0,0,0,0,0,0,0,0,1,1,0,0,0,0,0,0,0,1,0,1,1
obstetric,critical,none,False,27,0,0,0,0,0,1,0,0,1,1,0,0,0,0,0,0,1,0,1,0,0,0
obstetric,urgent,mild,False,60,0,0,0,0,0,1,0,0,0,1,0,0,0,0,0,0,0,1,0,0,0,0
obstetric,critical,none,False,45,1,0,0,0,0,1,0,0,1,1,0,0,0,0,1,0,1,0,0,0,0,0
respiratory,stable,none,False,58,1,0,0,0,0,0,0,0,0,0,0,0,0,0,0,0,0,0,0,0,0,0
stroke,stable,none,False,26,0,0,0,0,0,0,0,0,0,0,0,0,0,0,0,0,0,0,0,0,0,0
respiratory,stable,none,False,50,0,0,0,0,0,0,0,0,0,0,0,0,0,0,0,0,0,0,0,0,0,0
respiratory,critical,severe,False,56,1,0,0,0,0,1,0,1,0,1,0,0,0,0,0,0,0,0,1,0,1,1
cardiac,critical,none,False,11,1,0,0,0,0,0,0,0,0,1,0,1,0,0,1,0,0,1,0,0,0,0
general,critical,mild,False,39,1,0,0,0,0,0,0,0,0,0,0,0,0,0,0,0,0,0,0,0,1,1
stroke,urgent,mild,False,10,1,0,1,0,0,0,1,0,0,0,0,0,1,0,1,0,0,0,0,0,0,0
obstetric,urgent,none,False,7,0,0,1,0,0,1,1,0,0,1,0,0,0,0,0,0,0,0,0,0,0,1
respiratory,stable,none,False,27,0,0,1,0,0,0,0,0,0,0,0,0,0,0,0,0,0,1,0,0,0,0
pediatric,critical,mild,False,18,1,0,0,0,0,0,1,0,0,1,0,0,0,0,0,0,0,0,0,0,1,0
pediatric,urgent,none,False,32,1,0,0,0,0,0,0,0,0,0,0,0,0,0,0,0,0,0,0,0,0,0
poisoning,stable,none,False,51,0,0,0,0,0,0,0,0,0,0,0,0,0,0,0,0,0,0,0,0,0,0
respiratory,urgent,none,False,32,1,0,0,0,0,0,0,1,0,0,0,0,0,0,0,1,0,0,0,0,0,0
poisoning,stable,mild,False,0,0,0,0,0,0,0,0,0,0,0,0,0,0,0,0,0,0,0,0,0,1,1
obstetric,critical,none,False,47,0,0,0,0,0,1,0,0,0,1,0,0,0,0,0,0,0,0,1,0,0,0
general,urgent,none,False,22,0,0,0,0,0,0,0,0,0,1,0,0,0,0,0,0,0,0,0,0,0,0
trauma,stable,none,False,36,0,0,0,0,0,0,0,0,0,0,1,0,0,0,0,0,0,0,0,0,0,0
obstetric,urgent,mild,False,16,0,0,1,0,0,1,1,0,0,1,0,0,0,0,0,0,0,0,0,0,0,0
trauma,critical,mild,False,23,1,0,0,1,0,0,0,0,0,1,0,0,0,0,0,0,1,1,0,0,1,0
respiratory,urgent,none,False,43,1,0,0,0,0,0,0,1,0,0,0,0,0,0,0,0,0,0,0,0,0,0
respiratory,urgent,none,False,33,1,0,0,0,0,0,0,0,0,1,1,0,0,0,1,0,0,0,0,0,0,0
stroke,urgent,none,False,57,1,0,0,0,0,0,0,0,0,0,0,0,1,0,0,0,0,0,0,0,0,0
stroke,critical,mild,False,65,1,0,1,0,0,0,0,0,1,1,0,0,1,0,0,0,0,0,1,0,0,0
pediatric,urgent,none,False,24,1,0,0,0,0,0,0,0,0,0,1,0,0,0,0,0,0,0,0,0,0,0
pediatric,stable,none,False,35,0,0,0,0,0,0,0,0,0,0,0,0,0,0,0,0,0,0,0,0,0,0
pediatric,urgent,none,False,41,1,0,0,0,0,0,1,0,0,0,0,0,0,0,1,0,0,0,0,0,0,0
trauma,critical,mild,False,52,1,0,0,1,0,0,0,0,0,1,0,0,0,0,0,0,1,0,0,0,0,0
general,urgent,mild,False,48,1,0,0,0,0,0,0,0,0,1,0,0,0,0,0,0,0,1,0,0,0,0
respiratory,stable,mild,False,33,0,0,0,0,1,0,0,0,0,0,0,0,0,0,0,0,0,0,0,0,0,0
obstetric,stable,mild,True,68,0,0,0,0,0,1,0,0,0,0,0,0,0,0,1,0,0,0,1,0,0,0
cardiac,critical,none,False,20,1,1,0,0,0,0,0,0,0,1,0,0,0,0,1,0,0,0,0,0,0,0
pediatric,stable,none,False,37,0,0,0,0,0,0,0,0,0,0,0,0,0,0,0,0,0,0,0,0,0,0
respiratory,urgent,none,False,40,1,0,0,0,0,0,0,1,0,0,0,0,0,0,0,0,0,0,0,0,0,0
respiratory,stable,none,False,24,0,0,0,0,0,0,0,0,0,0,0,0,0,0,0,0,1,0,0,0,0,0
burns,urgent,none,False,55,1,0,0,0,0,0,0,0,0,0,1,0,0,0,0,0,0,0,0,0,0,0
obstetric,urgent,mild,False,36,0,0,0,0,0,1,0,0,0,1,0,0,0,0,0,0,0,0,0,0,0,0
pediatric,stable,mild,False,30,0,0,0,0,0,0,0,0,1,0,0,0,0,0,0,0,0,0,0,0,0,0
obstetric,urgent,none,False,33,0,0,0,0,0,1,0,0,0,1,0,0,0,0,0,1,0,0,0,0,0,0
poisoning,stable,none,False,30,0,0,0,0,0,0,0,0,1,0,0,0,0,0,0,0,0,0,0,0,0,0
poisoning,critical,none,False,53,1,0,0,0,0,0,0,0,0,1,0,0,0,0,0,0,0,0,0,0,0,0
pediatric,urgent,none,False,25,1,1,0,0,0,0,1,0,0,0,0,0,0,0,0,0,0,0,0,0,0,0
pediatric,urgent,none,False,9,1,0,0,0,0,0,0,0,0,0,0,0,0,0,0,0,0,0,0,0,0,0
general,critical,none,False,5,1,0,0,0,0,0,1,0,1,1,0,0,0,0,0,0,0,1,0,0,0,0
respiratory,critical,mild,False,43,1,0,0,1,0,0,0,1,0,0,1,0,0,0,0,0,0,0,0,0,0,0
cardiac,critical,none,False,58,1,1,0,0,0,0,0,0,0,1,0,0,0,0,1,0,0,0,0,1,0,0
stroke,urgent,mild,False,20,1,0,1,0,0,0,0,0,0,0,0,0,0,0,0,0,0,1,0,0,0,0
pediatric,critical,none,False,19,1,0,0,0,0,0,1,0,1,1,0,0,0,0,0,1,0,0,0,0,0,1
pediatric,urgent,none,False,36,1,0,0,0,0,0,0,0,0,0,0,0,0,1,0,0,0,0,0,0,0,0
cardiac,stable,mild,False,15,1,0,0,0,0,0,0,0,1,0,0,0,0,0,0,0,0,0,0,0,1,0
obstetric,critical,none,False,38,1,0,0,0,0,1,0,0,0,1,0,0,0,0,0,0,0,0,0,0,0,0
burns,stable,severe,False,54,0,0,0,0,0,0,0,1,1,0,0,0,0,0,0,0,0,0,1,0,0,0
burns,stable,none,False,16,0,0,0,0,0,0,0,0,0,0,0,0,1,0,0,0,0,0,1,0,0,0
pediatric,urgent,none,False,38,1,0,0,0,0,0,1,0,0,0,0,0,0,1,1,0,0,0,0,0,0,0
obstetric,critical,none,False,62,1,0,0,0,0,1,0,0,1,1,0,0,0,0,0,0,1,0,1,0,0,0
pediatric,stable,mild,False,30,0,0,1,0,0,0,1,0,0,0,0,0,0,0,0,0,0,0,0,0,0,0
obstetric,critical,none,False,47,1,1,0,0,0,1,0,0,0,1,0,0,0,0,0,0,0,0,0,0,0,0
trauma,critical,none,False,30,1,0,0,1,0,1,0,0,0,1,0,0,0,0,1,0,0,0,0,0,0,0
stroke,urgent,none,False,22,1,0,1,0,0,0,0,0,0,0,0,0,1,0,0,0,0,0,0,0,0,0
stroke,critical,none,False,62,1,0,1,1,0,0,0,0,0,1,0,0,0,0,0,0,0,0,0,0,0,0
poisoning,stable,mild,False,39,0,0,0,0,1,0,0,0,0,1,0,0,0,0,0,0,0,0,0,0,0,0
obstetric,critical,none,False,39,1,0,0,0,0,1,0,0,0,1,0,0,0,0,0,0,0,0,0,0,0,0
trauma,stable,severe,False,57,0,0,0,0,0,0,0,0,0,0,0,0,0,0,0,0,0,0,1,1,0,1
trauma,urgent,severe,False,14,1,0,0,0,0,0,0,0,0,0,0,0,0,0,0,0,0,1,0,0,0,0
general,stable,none,False,16,1,0,0,0,0,0,0,0,0,0,0,0,0,0,0,0,0,0,0,0,0,0
stroke,stable,none,False,22,0,0,0,0,0,0,0,0,0,0,0,0,0,0,0,0,0,0,0,0,0,0
general,critical,none,False,35,1,0,0,0,0,1,0,1,0,1,0,0,0,0,0,0,0,0,0,0,0,0
burns,stable,none,False,53,0,0,0,1,0,0,0,0,1,0,0,0,0,0,0,0,0,0,0,0,0,0
pediatric,urgent,none,False,43,0,0,0,0,0,0,1,0,1,0,0,0,0,0,0,0,0,0,0,0,0,0
burns,urgent,none,False,6,1,0,0,0,0,0,1,0,0,0,0,0,0,0,0,0,0,0,0,0,0,0
pediatric,stable,severe,False,28,0,0,1,0,0,0,0,0,0,0,0,0,0,0,0,0,0,1,0,1,1,0
poisoning,stable,mild,False,45,0,0,0,0,0,0,0,0,0,0,0,0,0,0,0,1,0,0,0,0,0,0
poisoning,critical,none,False,39,1,0,0,0,0,1,0,0,0,1,0,0,0,0,0,0,0,0,0,0,0,0
general,urgent,none,False,26,1,0,0,0,0,0,0,0,0,1,0,0,0,0,0,0,0,0,0,0,0,0
poisoning,stable,mild,False,57,0,0,0,0,1,0,0,0,0,0,0,0,0,0,0,0,0,0,0,0,0,0
pediatric,urgent,none,False,29,0,0,0,0,0,0,1,0,1,0,0,0,0,0,0,0,0,0,0,0,0,0
trauma,urgent,severe,False,32,1,0,1,1,0,0,0,0,0,0,0,0,0,0,0,0,0,1,1,1,1,0
pediatric,stable,severe,False,14,0,0,0,0,0,0,1,0,0,0,0,0,0,0,0,0,0,0,0,0,1,1
poisoning,stable,mild,False,30,0,0,0,0,0,0,0,0,1,0,0,0,0,0,0,0,0,0,0,0,0,0
trauma,urgent,none,False,52,1,0,0,1,0,0,0,0,0,0,0,0,0,0,0,0,0,0,0,0,0,0
general,urgent,severe,False,43,1,0,0,0,0,0,0,0,0,0,1,0,0,0,0,0,1,1,1,0,1,0
stroke,urgent,severe,False,18,1,0,0,0,0,0,0,0,0,0,0,0,1,0,0,0,0,1,1,1,1,0
burns,urgent,none,False,40,0,0,0,1,0,0,0,0,0,0,0,0,1,0,0,0,0,0,0,0,0,0
trauma,critical,none,False,36,1,0,0,1,0,0,0,0,0,1,0,0,0,0,1,0,0,0,0,0,0,0
cardiac,urgent,severe,False,5,1,1,0,0,0,0,0,0,0,1,0,0,0,0,0,1,0,1,1,1,1,0
poisoning,critical,none,False,42,1,0,0,0,0,0,0,0,0,1,1,0,0,0,0,0,0,0,0,0,0,0
pediatric,critical,mild,False,28,1,0,0,0,0,0,1,0,0,1,0,0,0,0,0,0,0,1,0,0,0,0
obstetric,stable,none,False,41,0,0,0,0,0,0,0,0,1,1,0,0,0,0,0,0,0,0,0,0,0,0
general,stable,none,False,44,0,0,0,0,0,0,0,0,0,0,0,0,0,0,0,0,0,0,0,0,0,0
obstetric,urgent,none,False,42,0,0,0,0,1,1,0,0,0,1,0,0,0,0,0,0,0,0,0,0,0,0
stroke,urgent,mild,False,38,1,0,0,0,0,0,0,0,0,0,0,0,0,0,0,0,0,0,0,0,0,0
burns,urgent,mild,False,44,1,0,1,0,0,0,0,0,0,0,1,0,0,0,0,0,1,0,0,0,0,0
general,critical,none,False,33,1,0,0,0,0,0,0,0,0,1,0,0,0,0,0,0,0,0,0,0,0,0
obstetric,stable,mild,False,15,0,0,0,0,0,0,0,0,0,0,0,1,1,0,0,0,0,0,0,1,0,1
stroke,critical,none,False,57,1,0,1,0,0,0,0,0,0,1,0,0,0,0,0,0,0,0,0,0,0,0
stroke,critical,none,False,37,0,0,0,0,0,0,0,0,1,1,0,0,1,0,0,0,0,0,0,0,0,0
burns,stable,severe,False,0,0,0,0,0,0,0,1,0,0,0,0,0,0,0,0,0,0,1,1,0,1,0
general,critical,none,False,65,1,0,0,0,0,0,0,0,0,1,0,0,0,0,0,0,0,0,0,0,0,0
general,urgent,none,False,59,1,0,0,0,0,0,0,0,0,1,0,0,0,0,0,0,0,0,0,0,0,0
respiratory,stable,none,False,34,0,0,0,0,0,0,1,0,1,0,0,0,0,0,0,0,0,0,0,0,0,0
cardiac,critical,severe,False,70,1,1,0,0,0,0,0,0,0,1,0,1,0,0,1,0,0,1,0,0,1,1
trauma,urgent,mild,False,3,1,0,0,0,0,0,1,0,0,0,0,0,0,0,0,0,0,0,1,0,0,0
burns,critical,severe,False,45,1,0,0,1,1,1,0,0,1,0,0,0,0,0,0,0,0,1,1,1,0,1
poisoning,stable,none,False,26,0,0,0,0,0,0,0,0,0,0,0,0,0,0,0,0,0,0,0,0,0,0
pediatric,critical,none,False,17,0,0,0,0,0,0,1,0,0,1,0,0,0,0,0,0,0,0,0,0,0,0
burns,critical,none,False,35,1,0,0,0,1,0,0,0,0,1,1,0,0,0,0,0,0,0,0,0,0,0
pediatric,critical,none,False,30,0,0,0,0,0,0,0,0,0,1,0,0,0,0,0,0,0,0,0,0,0,0
trauma,stable,none,False,55,0,1,0,0,0,0,0,0,0,0,0,0,0,0,0,0,0,0,0,0,0,0
pediatric,critical,none,False,24,0,0,0,0,0,0,1,0,0,1,0,0,0,1,0,0,0,0,1,0,0,0
poisoning,stable,severe,False,22,0,0,0,0,0,0,0,0,0,0,0,0,0,0,0,0,1,0,0,1,1,0
burns,stable,none,False,27,1,0,0,0,0,0,0,0,0,0,0,1,0,0,0,0,0,0,0,0,0,0
general,urgent,none,False,60,1,0,1,0,0,1,0,0,0,1,0,0,0,0,0,0,0,1,0,0,0,0
trauma,critical,none,False,30,1,0,0,1,0,0,0,0,0,1,0,0,0,0,0,0,0,1,0,0,0,0
respiratory,stable,none,False,48,0,0,0,1,0,0,0,0,0,0,0,0,1,0,0,0,0,0,0,0,0,0
burns,stable,mild,False,39,0,0,0,0,0,0,0,0,0,0,0,0,0,0,0,0,0,0,0,1,1,0
stroke,urgent,none,False,74,1,0,0,0,0,0,0,0,1,0,1,0,1,0,0,0,0,0,0,0,0,0
burns,critical,mild,False,42,1,0,0,0,1,0,0,0,0,0,0,0,0,0,0,0,0,0,0,0,0,0
general,stable,none,False,29,1,0,0,0,0,0,0,0,0,0,0,0,0,0,0,0,0,0,0,0,0,0
cardiac,stable,severe,False,40,1,0,0,0,0,0,0,0,0,0,0,0,1,0,0,0,0,0,0,1,1,1
pediatric,critical,none,False,25,1,0,0,0,0,0,1,0,0,1,0,0,0,0,0,0,0,0,0,0,0,0
stroke,urgent,none,False,38,1,0,0,0,0,0,0,0,1,0,0,0,1,0,0,0,0,0,0,0,0,0
pediatric,critical,mild,False,55,1,0,0,0,0,0,1,0,0,1,0,0,0,1,0,0,0,0,0,0,0,1
stroke,critical,mild,False,35,1,0,1,0,0,0,0,0,0,1,0,0,1,0,0,0,0,0,0,0,0,1
burns,stable,none,False,42,0,0,0,0,0,0,0,0,0,0,0,1,0,0,0,0,0,0,0,0,0,0
cardiac,stable,mild,False,34,1,0,0,0,0,0,0,0,0,1,0,0,1,0,0,0,0,0,0,0,0,0
respiratory,urgent,none,False,67,0,0,0,0,0,0,0,1,0,0,0,0,0,0,0,0,0,0,0,0,0,0
stroke,urgent,none,False,48,1,0,0,0,0,0,0,0,1,0,0,0,1,0,0,0,0,0,0,0,1,0
trauma,critical,mild,False,37,1,0,0,1,0,0,0,0,0,1,0,0,0,0,0,0,0,1,0,0,0,0
poisoning,urgent,mild,False,54,1,0,0,0,0,0,0,0,0,0,0,0,0,0,0,0,0,0,0,0,0,0
trauma,stable,none,False,17,0,0,0,0,1,0,0,0,0,0,0,0,0,0,0,0,0,0,0,0,0,0
cardiac,urgent,none,False,66,1,1,0,0,0,0,0,0,0,1,0,0,0,0,0,1,0,0,0,0,0,0
pediatric,urgent,none,False,34,0,0,0,0,0,0,1,0,0,0,0,0,0,0,0,0,0,0,0,0,0,0
stroke,critical,none,False,35,1,0,1,0,0,0,0,0,0,1,0,0,1,0,0,0,0,0,0,0,0,0
stroke,urgent,mild,False,64,1,0,1,0,0,0,0,0,0,0,0,0,0,0,0,0,0,1,0,0,1,1
poisoning,stable,mild,False,18,0,0,0,0,0,0,1,0,0,0,0,0,0,0,0,0,0,0,0,1,0,1
poisoning,stable,mild,False,35,0,0,0,0,0,0,1,0,0,0,0,0,0,0,0,0,0,1,0,0,0,0
respiratory,critical,none,False,48,1,0,0,0,0,0,0,1,0,1,0,0,0,0,0,0,0,0,0,0,0,0
general,critical,mild,False,34,1,0,0,0,0,0,0,0,0,1,0,0,0,0,0,0,0,0,0,0,0,0
poisoning,urgent,severe,False,24,1,0,0,0,0,0,0,0,0,0,0,0,0,1,1,0,0,0,0,0,1,1
trauma,critical,none,False,19,1,0,0,1,0,0,0,0,1,0,0,0,0,0,0,0,1,1,0,0,0,0
burns,stable,none,False,8,0,0,0,0,0,0,1,0,0,0,0,0,0,0,0,0,0,0,0,0,0,0
cardiac,critical,none,False,52,1,1,0,0,0,0,0,0,0,0,0,1,0,0,1,0,0,0,0,0,0,0
general,critical,none,False,27,1,0,0,0,0,0,0,0,0,1,0,0,0,0,0,0,0,0,0,0,0,0
general,stable,mild,False,46,0,0,0,0,0,0,0,0,0,0,0,1,0,0,0,0,0,0,0,0,0,0
poisoning,stable,severe,False,28,0,0,0,0,0,0,1,0,0,0,0,0,0,0,0,0,0,1,0,0,1,1
respiratory,urgent,none,False,31,1,0,0,0,0,1,0,0,0,0,0,0,0,0,0,0,0,0,0,0,0,0
obstetric,urgent,none,False,10,0,0,0,0,0,1,1,0,0,1,0,0,0,1,0,0,0,0,0,0,1,0
poisoning,stable,mild,False,45,1,0,0,0,1,0,0,0,0,0,0,0,0,0,0,0,0,0,1,0,0,0
pediatric,critical,mild,False,31,1,0,0,0,1,0,1,0,0,1,0,0,0,0,0,0,0,0,0,0,0,1
trauma,stable,mild,False,37,0,0,0,0,0,0,0,0,0,0,0,0,0,0,0,0,0,0,0,0,0,0
poisoning,critical,none,False,27,1,0,0,0,0,0,0,0,0,1,1,0,0,0,0,0,0,0,0,0,0,1
cardiac,critical,mild,False,53,1,1,0,0,0,0,0,0,0,1,0,0,0,0,1,0,0,0,0,0,0,0
trauma,stable,none,False,34,0,0,1,0,0,0,0,1,1,0,0,0,0,0,1,0,0,0,0,0,0,0
trauma,critical,severe,False,45,1,0,0,1,0,0,0,0,1,1,0,0,0,0,0,0,1,1,1,1,1,0
obstetric,urgent,none,False,22,0,0,0,1,0,0,0,0,0,0,0,0,1,0,0,0,0,0,0,1,0,1
poisoning,critical,none,False,30,1,0,0,0,0,0,0,0,0,1,0,0,0,0,0,0,0,0,0,0,0,0
stroke,stable,mild,False,18,0,0,0,0,0,0,0,0,0,0,0,0,0,0,0,0,0,1,0,0,0,0
burns,critical,severe,False,52,0,0,0,0,1,0,0,0,1,0,1,0,0,0,0,0,1,0,1,0,0,1
pediatric,stable,none,False,31,0,0,0,0,0,0,0,0,0,0,0,0,0,0,0,0,1,0,0,0,0,0
burns,urgent,none,False,42,1,0,0,0,0,0,0,0,0,0,1,0,0,0,0,0,0,0,0,0,0,0
cardiac,urgent,mild,False,49,1,0,0,0,1,0,0,0,0,1,0,0,0,0,0,0,0,0,0,0,0,0
pediatric,critical,none,False,42,1,0,0,0,0,0,1,0,0,1,0,0,0,0,0,0,0,0,0,0,0,0
general,critical,none,False,42,1,0,0,0,0,0,0,0,1,1,0,0,0,0,0,0,0,0,0,0,0,0
general,stable,severe,False,53,1,0,0,0,0,0,0,0,0,0,0,0,0,0,0,0,0,1,1,0,1,1
obstetric,critical,none,False,30,1,0,0,0,0,1,0,0,0,1,0,0,0,0,0,0,0,0,0,0,0,0
trauma,urgent,none,False,42,1,0,0,1,0,0,0,0,0,0,1,0,0,0,0,0,0,0,0,0,0,0
cardiac,critical,none,False,54,1,1,0,0,0,0,0,0,0,1,0,0,0,0,0,0,0,0,0,0,0,0
obstetric,urgent,mild,False,51,0,0,0,0,0,1,0,0,0,1,0,0,0,0,0,0,0,1,0,0,1,0
general,stable,none,False,1,1,0,0,0,0,0,1,0,0,0,0,0,0,0,0,0,0,0,0,0,0,0
stroke,stable,none,False,39,0,0,0,0,0,0,0,0,0,0,0,0,0,0,0,0,0,0,0,0,0,0
burns,urgent,none,False,41,0,0,0,0,0,0,0,0,0,0,0,0,0,0,0,0,0,0,0,0,0,0
burns,urgent,severe,False,20,1,0,0,0,1,0,0,0,0,0,0,0,0,0,0,0,0,1,0,0,1,0
trauma,urgent,none,False,53,1,1,0,0,0,0,0,0,0,0,0,0,0,0,0,0,0,0,1,0,0,0
trauma,urgent,none,False,26,1,0,0,1,0,0,0,0,1,0,0,0,0,0,0,0,0,0,0,0,0,0
obstetric,critical,none,False,41,1,0,0,0,0,1,0,0,1,1,0,0,0,0,0,0,1,0,1,0,0,0
respiratory,urgent,severe,False,26,1,0,0,0,0,0,0,1,0,0,0,0,0,0,0,0,0,1,0,0,0,0
burns,urgent,none,False,36,1,0,0,0,1,0,0,0,0,0,1,0,0,0,0,0,0,0,0,0,0,0
trauma,urgent,none,False,27,1,0,0,0,0,1,0,0,0,0,0,0,0,0,0,0,0,0,0,0,1,0
pediatric,urgent,none,False,0,1,0,0,0,0,0,0,0,0,0,0,0,0,0,0,0,0,0,0,0,0,0
obstetric,critical,none,True,30,0,0,0,0,0,0,0,0,0,1,0,0,0,0,0,0,1,0,0,0,0,0
pediatric,critical,severe,False,67,1,0,0,0,0,0,1,0,0,1,0,0,0,0,0,0,1,1,0,0,0,1
poisoning,stable,mild,False,42,1,0,0,0,0,0,0,0,1,0,0,0,0,0,0,0,0,0,0,1,1,0
poisoning,critical,none,False,37,1,0,0,0,0,0,0,1,0,1,0,0,0,0,0,0,1,0,0,0,0,0
burns,urgent,mild,False,35,1,0,0,0,1,0,0,0,0,0,0,0,0,0,0,0,0,0,0,0,1,1
pediatric,critical,severe,False,90,1,0,0,0,0,0,1,0,0,1,0,0,0,0,1,0,0,1,0,1,0,0
trauma,critical,none,False,28,0,0,0,0,0,0,0,0,1,1,0,0,0,0,1,0,0,1,0,0,0,0
trauma,critical,none,False,40,1,0,0,1,0,0,0,0,0,1,0,1,0,0,1,0,1,1,0,0,0,0
burns,urgent,none,False,34,1,0,0,0,0,0,0,0,0,0,0,0,0,0,0,1,0,0,0,0,0,0
general,critical,mild,False,76,1,0,0,0,0,0,0,0,0,0,0,0,0,0,0,0,0,0,0,0,0,1
trauma,stable,none,False,62,0,0,0,0,0,0,0,0,0,0,0,0,0,0,0,0,0,0,0,0,0,0
respiratory,critical,none,False,23,1,0,0,0,0,0,0,1,1,1,1,0,0,0,0,0,0,0,0,0,0,0
trauma,urgent,mild,False,37,1,0,0,1,0,0,0,0,0,0,0,0,0,0,0,0,0,0,0,0,0,0
trauma,critical,none,False,40,1,0,0,1,0,0,0,0,0,1,0,0,0,0,0,0,0,0,0,0,0,0
obstetric,stable,none,False,49,0,0,0,0,0,0,0,0,0,0,0,0,0,0,0,1,0,0,0,0,0,0
trauma,stable,none,False,40,0,0,0,0,0,0,0,0,0,0,0,0,1,0,0,0,0,0,0,0,0,0
trauma,critical,mild,False,64,0,0,0,1,0,0,0,0,0,1,0,0,0,0,0,0,0,0,0,0,0,1
trauma,urgent,severe,False,17,1,0,0,1,0,1,0,0,0,0,0,0,0,0,0,0,0,0,1,0,0,0
general,urgent,none,False,3,1,0,0,0,0,0,0,0,0,1,0,0,0,0,0,0,0,0,0,0,0,0
stroke,stable,mild,False,8,0,0,0,0,0,0,1,0,0,0,0,0,0,0,0,0,0,0,1,0,0,0
poisoning,urgent,mild,False,60,1,0,0,0,0,0,0,0,0,0,0,1,0,0,0,0,0,0,0,0,0,0
poisoning,critical,none,False,0,1,0,0,1,0,0,1,0,0,1,0,0,0,0,0,0,0,0,0,0,0,0
respiratory,urgent,severe,False,27,1,0,0,0,0,0,0,0,0,0,0,0,0,1,0,0,0,0,1,0,0,1
trauma,urgent,none,False,26,0,0,0,0,0,0,0,0,0,0,0,0,0,0,0,0,0,0,0,0,0,0
general,critical,none,False,53,1,0,0,0,0,0,0,0,0,1,0,0,0,0,0,0,0,0,0,0,0,0
burns,stable,none,False,60,0,0,0,0,0,0,0,0,0,0,0,0,0,0,0,0,0,0,0,0,0,0
cardiac,urgent,none,False,19,0,1,0,0,0,0,0,0,0,1,0,0,0,0,0,0,0,0,0,0,0,0
trauma,stable,mild,False,64,0,0,0,0,0,0,0,0,0,0,0,0,1,0,0,0,0,0,0,1,0,1
cardiac,critical,mild,False,40,1,1,1,0,0,0,1,0,0,1,0,1,0,0,1,0,0,0,0,0,0,1
pediatric,stable,none,False,26,0,0,0,0,0,0,0,0,0,0,0,0,0,0,0,0,0,0,0,0,0,0
pediatric,urgent,none,False,43,1,0,0,0,0,0,0,0,0,0,0,0,0,0,0,0,0,0,0,0,0,0
cardiac,critical,none,False,15,1,1,0,0,0,0,0,0,0,1,0,0,0,0,1,0,0,0,0,0,0,0
respiratory,urgent,severe,False,39,1,1,0,0,0,0,0,1,0,0,0,0,0,0,0,0,0,0,0,0,0,1
trauma,stable,mild,False,29,0,0,0,0,0,0,0,0,0,0,0,1,0,0,0,0,0,0,0,0,0,0
respiratory,urgent,none,False,61,1,0,0,0,0,0,0,0,0,0,0,0,0,0,0,0,0,0,0,0,0,0
trauma,critical,none,False,64,1,0,0,1,0,0,0,0,0,1,0,0,0,0,0,0,1,0,0,0,0,0
trauma,critical,none,False,42,0,0,0,1,0,0,0,0,1,1,0,0,0,0,0,0,1,1,0,0,0,0
burns,urgent,severe,False,59,1,0,1,0,0,0,0,0,0,0,0,0,0,0,0,0,0,1,0,0,0,0
obstetric,urgent,none,False,42,0,0,0,0,0,0,0,0,0,1,0,0,0,0,0,0,0,0,0,0,0,0
general,urgent,mild,False,61,1,0,0,0,0,0,0,0,0,0,0,0,1,0,0,0,0,1,0,0,0,0
general,urgent,severe,False,38,1,1,0,0,0,0,0,0,0,1,0,1,0,0,0,0,0,1,1,1,0,1
trauma,urgent,mild,False,54,1,0,0,1,0,0,0,0,0,0,0,0,0,0,0,0,0,0,0,0,0,0
obstetric,urgent,none,False,0,0,0,0,0,0,1,0,0,0,1,0,0,0,0,0,0,0,0,0,0,0,0
obstetric,urgent,severe,False,0,0,0,0,0,0,1,1,0,0,1,0,0,0,0,0,0,0,0,1,1,0,1
trauma,urgent,none,False,59,1,0,0,1,0,0,0,0,0,0,0,0,0,0,0,0,0,0,0,0,0,0
obstetric,urgent,none,False,35,1,0,0,0,0,1,0,0,0,1,0,0,0,0,0,0,0,0,0,0,0,0
respiratory,critical,none,False,50,1,0,0,0,0,0,0,1,1,1,1,0,0,0,0,0,0,0,0,0,0,0
general,urgent,mild,False,82,1,0,0,0,0,0,0,0,0,1,0,0,0,0,0,0,0,0,0,0,1,0
stroke,stable,none,False,34,1,0,0,0,0,0,1,0,1,0,0,0,0,0,0,0,0,0,0,0,0,0
respiratory,stable,mild,False,70,0,1,0,0,0,0,0,0,1,0,0,0,0,0,0,0,0,0,0,0,0,0
cardiac,stable,mild,False,23,1,0,0,0,0,0,0,0,1,0,0,0,1,0,0,0,0,1,0,0,0,0
respiratory,urgent,severe,False,64,1,0,1,0,0,0,0,1,0,0,0,0,0,0,0,0,0,1,1,1,1,0
stroke,urgent,none,False,8,1,0,1,0,0,0,1,0,1,0,0,0,1,0,0,0,0,0,0,0,1,0
trauma,critical,none,False,54,1,0,0,1,0,0,0,0,1,1,0,0,0,0,1,0,1,1,0,0,0,0
general,urgent,mild,False,86,1,0,0,0,1,0,0,0,0,1,0,0,0,0,0,1,0,0,0,0,1,0
respiratory,urgent,mild,False,36,1,0,0,0,0,0,0,1,0,0,0,0,0,0,0,0,0,0,0,0,0,0
pediatric,urgent,none,False,20,1,0,0,0,0,0,1,0,0,0,0,0,0,0,0,0,0,0,0,0,0,0
burns,stable,none,False,78,0,1,0,0,0,0,0,0,0,0,0,0,0,0,0,0,0,0,0,0,0,0
trauma,critical,none,False,43,1,0,0,1,0,0,0,0,1,1,0,0,0,0,1,0,0,0,0,0,1,0
cardiac,critical,none,False,17,1,1,0,0,0,0,0,0,0,1,0,1,0,0,1,1,0,0,0,0,0,0
trauma,stable,none,False,23,0,1,0,0,0,0,0,0,0,0,0,0,0,0,0,0,0,0,0,0,0,0
burns,urgent,none,True,2,1,0,0,0,1,1,1,0,1,0,0,0,0,0,0,0,0,0,0,0,0,0
trauma,urgent,mild,False,14,1,0,0,0,0,0,0,0,0,0,0,0,0,0,0,0,0,0,1,0,0,0
general,urgent,none,False,50,1,0,0,0,0,0,0,0,0,1,0,0,0,0,0,0,0,0,0,0,0,0
general,stable,none,False,66,0,0,0,0,0,0,0,0,0,0,1,1,0,0,0,0,0,0,0,0,0,0
respiratory,urgent,none,False,35,1,0,0,0,0,0,0,1,0,0,0,0,0,0,0,0,0,0,0,0,0,0
general,stable,mild,False,39,0,0,0,1,0,0,0,0,0,0,0,0,0,0,0,0,0,0,0,0,0,0
respiratory,stable,mild,False,60,0,0,0,0,0,0,0,0,0,0,0,0,0,0,0,0,0,0,0,0,0,0
trauma,stable,mild,False,14,1,0,0,0,0,0,0,0,0,0,0,0,0,0,0,0,0,0,0,1,1,0
obstetric,critical,none,True,40,1,0,0,0,0,1,0,0,0,1,0,1,0,0,0,0,1,0,0,0,0,0
obstetric,stable,none,False,55,0,0,0,0,0,0,0,0,0,0,0,0,0,0,0,0,0,0,0,0,0,0
pediatric,urgent,none,False,19,1,0,0,0,0,1,0,0,0,0,0,0,0,0,0,0,0,0,0,0,0,0
pediatric,urgent,mild,True,46,1,0,0,0,0,1,1,0,0,0,0,0,0,0,0,0,0,0,1,0,1,0
trauma,urgent,none,False,50,1,0,0,0,0,0,0,0,0,0,1,0,1,0,0,0,0,0,0,0,0,0
burns,urgent,none,False,58,1,0,0,0,1,0,0,0,0,0,0,0,0,0,0,0,0,0,0,0,0,0
poisoning,stable,none,False,38,0,0,0,0,0,0,0,0,0,0,0,0,0,0,0,0,0,0,0,0,0,0
cardiac,urgent,mild,False,43,1,0,0,0,0,0,0,1,0,1,0,0,0,0,0,0,0,0,0,0,0,0
general,critical,none,False,0,1,0,0,0,1,0,1,0,0,1,0,0,0,0,0,1,0,0,0,0,0,0
stroke,stable,none,False,15,0,0,0,0,0,0,0,0,0,0,0,0,0,0,0,0,0,0,0,0,0,0
general,critical,severe,False,42,1,0,0,0,0,0,0,0,0,1,0,0,1,0,1,0,0,1,1,0,0,1
trauma,stable,mild,False,57,0,0,0,0,0,0,0,0,0,0,0,0,0,0,0,0,0,0,1,0,0,0
cardiac,urgent,none,False,12,1,0,0,0,0,0,1,1,0,1,0,0,0,0,1,0,0,0,0,0,0,0
obstetric,stable,none,True,32,0,0,0,0,0,0,0,0,0,0,0,0,0,1,0,0,0,0,0,0,0,0
obstetric,critical,none,True,29,0,0,0,0,0,1,0,0,1,1,0,0,0,0,0,0,0,0,0,0,0,0
respiratory,stable,severe,False,62,0,0,0,0,0,0,0,0,0,0,0,0,0,0,0,0,0,0,1,0,0,1
burns,critical,severe,False,20,1,1,0,0,0,0,0,0,0,1,1,0,0,0,0,0,0,1,1,1,1,0
general,stable,mild,True,21,1,0,0,0,0,0,0,0,0,0,0,0,0,0,0,0,0,0,0,0,0,0
poisoning,stable,none,False,45,0,0,0,0,0,0,0,0,0,0,0,0,1,0,0,0,0,0,0,0,0,0
pediatric,urgent,none,False,0,1,0,0,0,0,0,0,0,0,0,0,0,0,0,0,0,0,0,0,0,0,0
general,urgent,none,False,59,1,0,0,0,0,0,0,0,1,1,0,0,0,0,0,0,0,0,0,0,0,0
cardiac,urgent,severe,False,65,1,1,0,0,0,0,0,0,0,1,0,0,0,0,0,0,0,1,0,1,0,0
stroke,critical,mild,False,39,1,0,0,0,1,0,1,0,0,1,0,0,1,0,0,0,1,0,1,1,0,0
obstetric,critical,severe,False,19,1,0,0,0,0,1,0,0,1,1,0,0,0,0,0,0,0,1,1,1,0,0
cardiac,critical,none,False,26,1,0,0,0,0,0,0,0,0,1,0,1,0,0,1,0,0,0,0,0,0,0
poisoning,critical,mild,False,58,1,0,0,0,0,0,0,0,0,1,1,0,0,0,0,0,0,0,0,1,0,1
pediatric,urgent,none,False,28,1,0,0,0,0,0,1,0,0,0,0,0,0,0,0,0,0,0,0,0,0,0
stroke,urgent,severe,False,24,1,0,0,0,0,0,0,0,1,0,0,0,1,0,0,0,0,0,0,0,0,1
burns,urgent,none,False,24,1,0,0,0,1,0,0,0,0,0,0,0,0,0,0,0,0,0,0,0,1,0
obstetric,critical,none,False,2,1,0,0,0,0,1,0,0,1,0,0,0,0,0,0,1,0,0,1,0,0,0
trauma,stable,mild,False,40,0,0,0,0,0,0,0,0,0,0,0,0,0,0,0,0,0,0,0,1,0,0
general,urgent,none,False,22,1,0,0,0,0,0,0,0,0,1,0,0,0,0,0,0,0,0,0,0,0,0
cardiac,stable,mild,False,37,1,0,0,0,0,1,0,0,1,0,0,0,0,0,0,0,1,0,1,0,0,0
poisoning,critical,none,False,26,1,0,0,0,0,0,0,0,0,1,0,0,0,0,0,0,0,0,0,0,0,0
cardiac,critical,none,False,25,0,1,0,0,0,0,0,0,0,1,0,1,0,0,1,0,0,0,0,0,0,0
cardiac,urgent,severe,False,36,1,1,0,0,0,0,0,0,0,1,0,0,0,0,0,0,0,1,0,0,0,0
pediatric,urgent,mild,False,28,1,0,0,0,0,0,0,0,0,0,0,0,0,0,0,0,0,0,0,0,0,0
obstetric,stable,severe,False,19,0,0,0,0,0,0,0,0,0,0,0,0,0,0,0,0,0,1,1,1,1,1
respiratory,urgent,none,False,55,0,0,0,0,0,0,0,1,0,0,0,0,0,0,0,0,0,1,0,0,0,0
burns,stable,none,False,2,0,0,0,0,0,0,1,0,0,0,0,0,0,1,0,0,0,0,0,0,0,0
obstetric,urgent,mild,False,18,0,0,0,0,0,1,0,0,0,1,0,0,0,0,0,1,0,0,0,0,0,0
pediatric,critical,severe,False,36,1,0,0,0,0,0,1,0,0,1,0,1,0,0,0,0,0,0,1,1,0,0
obstetric,stable,mild,False,48,0,0,0,0,0,0,0,0,0,0,0,1,0,0,0,0,0,0,0,0,0,0
trauma,urgent,none,False,14,1,0,0,1,0,0,0,0,1,0,0,0,0,0,1,0,0,0,0,0,0,0
obstetric,critical,none,False,53,0,0,0,0,0,1,0,1,1,1,0,0,0,1,0,0,1,0,1,0,0,0
trauma,stable,mild,False,65,0,0,0,0,0,0,0,0,0,0,0,0,0,0,0,0,0,0,0,0,0,0
trauma,urgent,mild,False,26,0,0,0,1,0,0,0,0,0,1,0,0,0,0,1,0,0,0,0,1,0,0
trauma,urgent,none,True,3,0,0,0,1,0,1,0,0,0,0,0,0,0,0,0,1,0,0,0,0,0,0
obstetric,urgent,none,False,29,0,0,0,0,0,1,0,0,0,1,0,0,0,0,1,0,0,0,1,0,0,0
pediatric,critical,mild,False,37,1,0,0,0,0,0,1,0,1,1,0,0,0,0,0,0,0,0,0,0,0,0
poisoning,urgent,none,False,51,1,0,0,1,0,0,0,0,0,0,0,0,0,0,0,0,0,0,0,0,0,0
general,urgent,mild,False,30,0,0,0,0,0,0,1,0,0,0,0,0,0,0,0,0,1,0,0,0,0,0
respiratory,stable,none,False,30,0,0,0,0,0,0,0,0,0,0,0,0,0,0,0,0,0,0,0,1,0,0
pediatric,urgent,mild,False,41,1,0,0,0,0,0,0,0,0,0,0,0,0,0,0,0,0,0,0,0,0,0
cardiac,urgent,severe,True,28,1,1,0,0,0,1,0,0,0,1,0,0,0,0,0,0,0,1,1,0,0,1
obstetric,stable,none,False,10,0,0,0,0,0,0,1,0,0,0,0,1,0,0,0,0,0,0,0,0,0,0
general,urgent,none,False,55,1,0,0,0,0,0,1,0,0,0,0,0,0,0,0,0,0,0,0,0,0,0
general,urgent,none,False,32,1,0,0,0,0,0,0,0,0,1,0,0,0,0,0,0,0,0,0,0,0,0
respiratory,stable,none,False,44,0,0,0,0,0,0,0,0,0,1,0,0,0,0,0,0,0,0,0,0,0,0
stroke,urgent,none,False,55,1,0,0,0,0,1,0,0,0,0,0,0,1,0,0,0,0,0,0,0,0,0
poisoning,critical,severe,False,28,1,0,0,0,0,0,0,0,0,1,1,0,0,0,0,0,0,0,0,0,0,0
pediatric,urgent,mild,False,40,1,0,0,0,0,0,0,0,0,0,0,0,0,0,0,0,0,0,0,0,0,0
respiratory,stable,none,False,24,0,0,0,0,0,0,0,0,0,0,0,0,0,0,0,0,0,0,0,0,0,0
cardiac,critical,none,False,62,1,0,0,0,0,0,0,1,0,1,0,1,0,0,1,0,0,0,0,0,0,0
poisoning,stable,severe,False,32,0,0,0,0,0,0,0,0,1,0,0,0,0,0,0,0,0,0,0,0,1,1
pediatric,urgent,none,False,6,1,1,0,0,0,0,0,0,0,0,0,0,1,0,0,0,0,0,0,0,0,0
obstetric,stable,none,False,24,0,0,0,0,0,0,0,0,0,0,0,0,0,0,0,0,0,0,0,0,0,0
cardiac,stable,none,False,57,1,0,0,0,0,0,0,0,0,0,0,0,0,0,0,0,0,0,0,0,0,0
poisoning,stable,none,False,12,0,0,0,0,0,0,1,0,0,0,0,0,0,0,0,0,0,0,0,0,0,0
cardiac,stable,mild,False,49,1,0,0,0,0,0,0,0,0,0,0,0,0,0,0,0,0,1,0,0,0,0
burns,stable,mild,False,28,0,0,0,0,0,0,0,0,0,0,0,0,0,0,0,0,0,0,0,0,1,1
poisoning,urgent,none,False,35,1,0,0,0,0,0,0,0,0,0,0,0,0,0,0,0,0,0,0,0,0,0
trauma,stable,mild,False,47,0,0,0,0,0,0,0,0,0,0,0,0,0,0,0,0,0,0,0,0,1,0
cardiac,urgent,none,False,33,1,1,0,0,0,0,0,0,0,1,0,0,1,0,0,0,0,0,0,0,0,0
respiratory,critical,mild,False,44,1,0,0,0,0,0,0,0,0,1,0,0,0,0,0,0,0,0,0,0,0,0
cardiac,urgent,none,False,50,1,1,0,0,0,0,0,0,0,1,0,0,0,1,0,0,0,0,0,0,0,0
general,urgent,none,False,23,1,0,0,0,0,0,0,0,0,1,0,0,0,0,0,0,0,0,0,0,0,0
poisoning,urgent,none,False,8,1,0,1,0,0,0,0,0,0,0,0,0,0,0,0,0,0,0,0,0,0,0
pediatric,stable,none,False,45,0,0,0,0,0,0,0,0,1,0,0,0,0,0,0,0,0,0,0,0,0,0
burns,urgent,none,False,39,1,0,0,0,0,0,0,0,0,0,0,0,0,0,0,0,0,0,0,0,0,0
burns,stable,none,False,15,0,0,0,0,0,0,0,0,0,0,0,0,0,1,0,0,0,0,0,0,0,0
pediatric,critical,none,False,30,0,0,0,0,0,0,1,0,0,1,0,0,0,0,0,0,1,0,0,0,0,0
general,critical,mild,False,3,1,0,0,0,0,0,0,0,0,1,0,0,0,0,0,0,0,0,0,0,0,0
poisoning,stable,mild,False,48,0,0,0,0,0,0,0,0,1,0,0,0,0,0,0,0,0,1,0,0,0,0
trauma,critical,none,False,37,1,0,0,1,0,1,0,0,0,1,0,0,0,0,0,0,0,0,0,0,0,0
obstetric,stable,none,True,25,0,0,0,0,0,0,0,0,0,0,0,0,0,0,0,0,0,0,0,0,0,0
respiratory,stable,mild,False,71,0,1,1,0,0,0,0,0,0,0,0,0,0,0,0,0,0,0,0,0,0,1
trauma,critical,severe,False,14,1,0,0,1,0,0,0,0,0,1,0,0,0,0,0,0,1,1,1,1,0,1
pediatric,stable,mild,False,72,0,0,1,0,0,0,0,0,0,0,0,0,0,0,0,1,0,0,0,0,0,0
respiratory,critical,mild,False,22,1,0,0,0,0,0,0,0,0,1,1,0,0,0,0,0,0,0,0,0,0,0
general,stable,none,False,16,1,0,0,0,0,0,0,0,0,0,0,0,0,0,0,0,0,0,0,0,0,0
pediatric,urgent,none,False,26,1,0,0,0,0,0,1,0,0,0,0,0,0,0,0,0,0,0,0,0,0,0
burns,urgent,none,False,10,1,0,0,0,1,0,1,0,1,0,0,0,0,0,0,0,0,0,0,1,0,0
burns,urgent,severe,False,34,1,0,0,0,0,0,0,0,0,0,0,0,0,1,0,0,0,0,1,1,1,0
stroke,stable,none,False,0,1,0,0,0,0,0,1,0,0,0,0,0,0,0,0,0,1,0,0,1,0,0
stroke,urgent,mild,False,3,1,0,0,0,0,0,1,0,0,0,0,0,1,1,0,0,0,0,1,0,0,0
pediatric,stable,severe,False,3,0,0,0,0,0,0,0,0,0,0,0,0,0,0,0,0,0,0,1,0,1,1
general,urgent,none,False,38,1,0,0,0,0,0,0,1,0,1,0,0,0,0,0,0,0,0,0,0,0,0
respiratory,urgent,none,False,20,1,0,0,0,0,0,1,1,0,0,0,0,0,0,0,0,0,0,0,1,0,0
burns,critical,mild,False,55,1,0,0,0,1,0,0,0,0,1,1,0,0,0,0,1,0,0,0,0,0,0
cardiac,urgent,severe,False,45,1,0,0,0,0,0,0,0,0,0,0,0,0,0,0,0,0,1,0,1,1,0
obstetric,critical,none,False,33,0,0,0,0,0,1,0,0,1,1,0,0,0,0,1,0,0,0,0,0,0,0
cardiac,stable,none,False,76,1,1,0,0,0,0,0,0,0,0,0,0,0,0,0,0,0,0,0,0,0,0
respiratory,stable,severe,False,35,0,0,0,0,0,0,0,0,0,0,0,0,0,0,0,0,0,0,0,0,1,1
poisoning,urgent,mild,True,6,0,0,0,0,0,1,1,0,0,0,0,0,0,0,0,0,0,1,0,0,0,0
cardiac,critical,mild,False,20,1,1,0,0,0,0,0,0,0,1,0,0,0,0,1,0,0,1,0,0,0,0
pediatric,critical,mild,False,45,0,0,0,0,0,0,1,0,0,1,0,0,0,0,0,0,0,0,0,0,0,0
cardiac,critical,none,False,42,1,1,0,0,0,0,0,0,0,1,0,1,0,0,1,0,0,0,0,0,0,0
respiratory,urgent,none,False,33,1,0,0,0,0,0,0,0,0,0,0,0,0,0,0,0,0,0,0,0,0,0
general,critical,none,False,26,1,0,0,0,0,0,0,1,0,1,0,0,0,0,0,0,0,0,0,0,0,0
general,critical,mild,False,45,1,0,0,0,0,1,0,0,0,1,0,0,0,0,0,0,0,1,0,0,0,0
respiratory,critical,none,False,38,1,0,0,1,0,0,0,0,0,0,1,0,0,0,0,1,0,0,0,0,0,0
pediatric,urgent,severe,False,16,1,0,0,0,0,0,0,0,0,0,0,0,0,0,0,0,0,0,1,1,1,1
trauma,urgent,mild,True,27,1,0,0,1,0,0,0,0,0,0,0,0,0,0,0,0,0,0,1,0,1,0
respiratory,urgent,none,False,64,1,0,0,0,0,0,0,0,0,0,0,0,0,0,0,0,0,0,0,0,0,0
cardiac,stable,none,False,42,1,1,0,0,0,0,0,0,0,0,0,0,0,0,0,0,0,0,0,0,0,0
stroke,urgent,none,False,37,1,0,1,0,0,0,0,0,0,0,0,0,1,0,0,0,0,0,0,1,0,1
obstetric,urgent,severe,False,30,0,0,0,0,0,0,0,0,0,1,0,0,0,0,0,0,1,1,0,1,1,1
respiratory,stable,mild,False,44,0,0,0,0,0,0,0,0,0,0,0,0,0,0,0,0,1,0,0,0,0,0
respiratory,urgent,severe,False,59,0,0,0,0,0,0,1,0,0,0,0,0,0,0,0,0,0,0,1,1,1,0
trauma,critical,none,False,42,1,0,0,1,1,0,0,0,1,1,0,0,0,0,0,0,0,0,0,0,0,0
burns,stable,none,False,61,0,0,0,0,0,0,0,0,0,0,0,0,0,0,0,0,0,0,0,0,0,0
cardiac,urgent,none,False,75,1,1,0,0,0,0,0,0,0,1,0,0,0,0,0,0,1,0,0,0,0,0
obstetric,urgent,severe,False,28,0,0,0,1,0,1,0,0,0,1,0,0,0,0,1,0,0,0,1,0,1,1
pediatric,critical,mild,False,23,1,0,0,0,0,0,1,0,0,1,0,1,0,0,0,0,0,0,1,0,1,0
general,urgent,mild,False,24,1,0,0,0,0,0,0,0,0,1,0,0,0,0,1,0,0,0,0,0,0,0
obstetric,urgent,mild,False,39,0,1,0,0,0,0,0,0,0,1,0,0,0,0,0,0,0,0,0,0,0,0
poisoning,critical,severe,False,48,1,0,0,0,0,0,0,0,0,1,1,0,0,0,0,0,0,0,1,0,0,1
respiratory,urgent,severe,False,60,0,0,0,0,0,0,0,0,0,0,0,0,0,0,0,0,0,0,1,0,1,0
general,stable,none,False,26,0,0,0,0,0,0,0,0,0,0,0,0,0,0,0,0,0,0,0,1,0,0
general,urgent,none,False,40,1,0,0,0,0,0,0,0,0,1,0,0,0,0,0,0,0,0,0,0,0,0
pediatric,stable,none,False,51,0,0,0,0,0,0,1,0,0,0,0,0,0,0,0,0,0,0,0,0,1,0
cardiac,stable,none,False,42,1,1,0,1,0,0,0,0,0,1,0,0,0,1,0,0,0,0,0,0,0,0
burns,urgent,mild,False,39,0,0,0,0,0,0,0,0,0,0,0,0,0,0,0,0,0,0,0,0,0,0
poisoning,stable,none,False,39,0,1,0,0,0,0,1,0,0,0,0,0,0,0,0,1,0,0,0,0,0,0
stroke,urgent,severe,False,49,1,0,1,0,0,0,1,0,1,0,0,0,1,0,0,0,0,0,0,1,1,1
cardiac,urgent,mild,False,4,1,0,1,0,0,0,1,0,0,1,0,1,0,0,0,0,0,1,0,0,0,0
trauma,critical,none,False,43,1,0,0,0,0,0,0,0,0,1,0,0,0,0,0,0,1,1,0,0,0,0
cardiac,stable,none,False,15,1,1,0,0,1,0,0,0,0,0,0,0,0,0,0,0,0,0,0,0,0,0
trauma,critical,mild,False,34,1,0,0,1,0,0,0,0,1,1,0,0,0,0,0,0,1,1,0,0,1,0
stroke,urgent,none,False,20,0,0,1,0,0,0,0,0,0,0,0,0,1,0,0,0,0,0,0,0,1,0
burns,urgent,none,False,55,0,0,0,0,1,0,0,0,0,0,1,0,0,0,0,0,0,0,0,0,0,0
trauma,urgent,mild,False,25,0,0,0,1,1,0,0,0,0,0,0,0,0,0,0,0,0,0,0,0,0,0
pediatric,urgent,severe,False,31,1,0,0,0,0,0,1,0,0,0,0,0,0,0,0,0,0,0,1,0,1,1
obstetric,critical,none,False,61,0,0,0,0,0,1,0,0,1,1,0,0,0,0,0,0,0,0,0,1,0,0
pediatric,urgent,severe,False,63,1,0,0,0,0,0,0,0,1,0,0,0,0,0,0,0,0,0,1,0,0,0
stroke,critical,none,False,54,1,0,0,0,0,0,0,0,1,1,0,0,1,0,0,0,1,0,0,0,0,1
trauma,urgent,none,False,24,1,0,0,1,0,0,0,0,0,0,0,0,0,0,0,0,0,0,0,0,0,1
burns,urgent,severe,False,13,1,0,0,0,0,0,1,0,0,0,0,0,0,0,1,0,0,1,1,1,1,0
general,urgent,none,False,44,1,0,0,0,0,0,0,0,0,1,0,0,0,0,0,0,1,0,0,0,0,0
trauma,critical,none,False,8,1,0,0,1,0,0,0,0,0,1,0,0,0,0,0,0,1,0,0,0,0,0
burns,urgent,mild,False,60,0,0,0,1,0,1,0,0,1,0,0,0,0,0,0,0,0,0,0,0,0,1
respiratory,urgent,none,False,55,0,0,0,0,0,0,0,1,0,0,0,0,0,0,0,0,0,0,0,0,0,0
poisoning,critical,mild,False,27,1,0,0,0,0,0,0,0,1,1,1,0,0,0,0,0,0,0,0,0,0,1
respiratory,stable,none,False,29,0,0,1,0,0,0,0,0,1,0,0,0,0,0,0,0,0,0,0,0,0,0
burns,critical,none,False,44,1,0,0,0,1,0,0,0,0,1,0,0,1,0,0,0,0,0,0,0,0,0
general,critical,mild,True,33,1,0,0,0,0,0,0,0,0,1,0,0,0,0,0,0,1,0,1,0,0,0
stroke,critical,severe,False,51,1,0,1,0,0,0,0,0,0,1,0,0,1,1,1,0,0,1,0,0,1,0
stroke,stable,none,True,54,0,0,0,0,0,1,0,0,0,0,0,0,0,0,0,0,0,0,0,0,0,0
poisoning,critical,none,False,46,1,0,0,0,0,0,0,0,1,1,1,0,0,0,0,0,0,0,0,1,0,0
respiratory,urgent,mild,False,47,1,0,0,0,0,0,0,0,0,0,0,0,0,0,0,0,0,0,0,0,0,0
obstetric,urgent,none,True,36,0,0,0,0,0,1,0,0,1,1,0,0,0,0,0,1,0,0,0,0,0,0
general,critical,severe,False,17,1,0,0,0,0,0,0,0,0,1,0,0,0,0,0,0,0,1,0,0,0,0
stroke,stable,none,False,21,0,0,0,0,0,0,0,0,0,0,0,0,0,0,0,0,0,0,0,0,0,0
burns,critical,mild,False,22,1,1,0,1,1,0,0,0,0,1,1,0,0,0,0,0,0,1,0,0,0,0
cardiac,stable,severe,False,48,1,1,0,0,0,0,0,0,0,0,0,0,0,0,0,0,0,0,0,0,0,1
obstetric,urgent,mild,False,38,0,0,0,0,0,1,0,0,0,1,0,0,0,0,0,0,0,0,0,0,0,0
poisoning,stable,mild,False,54,0,0,0,0,0,0,0,0,0,0,0,0,1,0,0,0,0,0,0,0,0,1
stroke,urgent,mild,False,61,1,0,1,0,0,1,0,0,0,0,0,0,1,0,0,0,0,0,0,0,0,0
pediatric,critical,none,False,6,0,0,0,1,0,0,1,0,0,1,0,0,0,0,0,0,0,0,0,0,0,0
trauma,stable,mild,False,0,0,0,0,0,0,0,0,0,0,0,0,0,1,0,0,0,0,0,0,0,0,0
poisoning,critical,mild,False,62,1,0,0,0,0,0,1,0,0,1,1,0,0,0,0,1,0,0,1,0,0,0
general,stable,none,False,42,0,0,0,0,0,0,0,0,0,0,0,0,0,0,0,0,0,0,0,0,0,0
stroke,urgent,severe,False,65,1,0,0,0,0,0,0,0,0,0,0,0,1,0,0,0,0,0,1,0,0,1
cardiac,stable,none,False,37,0,0,0,0,1,0,0,0,0,0,0,0,0,1,0,0,0,0,0,0,0,0
cardiac,urgent,mild,False,62,1,1,0,0,0,0,0,0,0,1,0,0,0,0,0,0,0,0,1,1,1,0
general,critical,none,False,59,1,0,0,0,0,0,0,0,0,1,0,0,1,1,0,0,0,0,0,0,0,0
trauma,stable,none,False,47,0,0,0,0,0,0,0,0,0,0,0,0,0,1,0,0,0,0,0,0,0,0
general,urgent,mild,False,54,1,0,0,0,0,0,0,0,0,1,0,0,0,0,0,0,0,0,0,0,0,0
respiratory,critical,none,False,39,1,0,0,0,0,0,0,1,0,1,1,0,0,0,0,0,0,0,0,0,0,0
general,stable,none,False,72,0,0,0,0,0,0,0,0,0,0,0,0,0,0,0,0,1,0,0,0,0,0
general,stable,none,False,37,0,0,0,0,0,0,0,0,1,0,0,0,0,0,0,0,0,0,0,0,0,1
pediatric,critical,mild,False,36,1,0,0,0,0,0,0,0,0,1,0,0,1,0,0,0,0,0,0,0,0,0
cardiac,critical,severe,False,22,1,1,0,0,0,0,0,0,0,1,0,1,0,0,1,0,0,1,1,1,0,1
stroke,urgent,none,False,23,1,0,1,0,0,0,0,0,0,0,0,1,1,0,0,0,0,0,0,0,0,0
burns,critical,severe,False,90,1,0,0,0,0,0,0,0,0,1,0,0,0,0,0,0,0,1,0,1,0,0
respiratory,stable,none,False,4,0,0,0,0,0,0,0,0,0,0,0,0,0,0,0,0,0,0,0,0,0,1
trauma,critical,none,False,70,1,0,0,0,0,0,0,0,1,1,0,0,0,0,0,0,1,1,0,0,0,0
trauma,urgent,none,False,37,1,0,0,0,0,1,0,0,0,0,0,1,0,1,0,0,0,0,0,0,0,0
burns,critical,none,False,31,0,0,0,0,1,0,0,0,0,1,0,0,0,0,0,0,0,0,0,0,0,0
trauma,stable,none,False,16,0,0,0,0,0,0,0,0,0,0,0,0,0,0,0,0,0,0,0,0,0,0
burns,critical,mild,False,76,1,0,0,0,1,0,0,0,0,1,1,0,0,0,0,0,0,0,0,1,0,1
pediatric,urgent,none,False,38,0,0,0,0,0,0,1,0,0,0,0,0,0,0,0,0,0,0,0,0,0,0
obstetric,urgent,none,False,67,0,0,0,0,0,1,0,0,0,1,0,0,0,0,0,0,0,0,0,0,0,0
stroke,critical,none,False,20,1,0,1,0,0,0,0,0,0,0,0,0,0,0,0,1,0,0,0,0,0,0
stroke,critical,none,False,24,1,0,0,0,0,0,0,0,0,1,0,0,0,0,0,0,0,0,0,0,0,0
trauma,critical,none,False,28,1,0,0,0,0,0,0,0,1,1,0,0,0,0,0,0,1,1,0,0,0,0
cardiac,urgent,mild,False,30,1,1,0,0,0,0,0,0,0,1,0,0,0,0,0,1,0,0,0,0,0,0
trauma,critical,none,False,76,1,0,0,1,0,0,0,0,1,1,0,0,0,0,0,0,0,1,0,0,0,0
burns,stable,none,False,63,0,0,0,0,0,0,0,0,0,0,0,0,0,0,0,0,0,0,0,0,0,0
general,stable,severe,False,37,1,0,0,0,0,0,0,0,0,0,0,0,0,0,0,0,0,0,0,0,1,1
burns,stable,none,False,67,0,1,0,0,0,0,0,0,1,0,0,0,0,0,0,0,0,0,0,0,0,0
stroke,stable,none,False,19,1,0,0,0,0,0,0,0,0,0,0,0,0,1,0,0,0,0,0,0,0,0
burns,stable,mild,False,41,1,0,0,0,0,0,0,0,1,0,0,0,0,0,0,1,0,0,0,0,0,0
poisoning,urgent,none,False,67,1,0,0,0,0,0,0,0,0,0,0,0,0,0,0,1,0,0,0,0,0,0
respiratory,stable,none,False,25,0,0,0,0,0,0,0,0,0,0,0,0,0,0,0,0,0,0,0,0,0,0
stroke,urgent,mild,False,40,1,0,0,0,0,0,0,0,0,0,0,1,1,0,0,0,0,0,0,0,0,0
burns,urgent,none,False,55,1,0,0,0,1,0,0,0,0,0,0,0,0,0,0,0,0,0,0,0,0,0
pediatric,stable,none,False,19,0,0,0,0,0,0,0,0,0,0,0,1,0,0,0,0,0,0,0,0,0,0
respiratory,urgent,none,False,55,1,0,0,0,0,0,0,1,0,0,0,0,0,0,0,0,0,0,0,0,0,0
burns,urgent,severe,False,22,1,0,0,1,0,0,0,0,0,0,0,1,0,0,0,0,0,1,1,1,1,0
burns,stable,none,False,32,0,1,0,0,0,0,1,0,0,0,0,0,0,0,0,0,0,0,0,0,0,0
obstetric,urgent,none,False,28,0,0,0,0,0,1,0,0,0,1,0,0,0,0,0,0,0,0,0,0,0,0
pediatric,critical,none,False,40,0,0,0,0,0,0,0,0,0,1,0,0,0,0,0,0,0,0,0,0,0,0
cardiac,critical,mild,False,48,1,1,0,0,0,0,0,0,1,1,0,1,0,0,0,1,0,0,0,0,0,0
trauma,critical,none,False,25,1,0,0,0,0,0,0,0,0,1,0,0,0,0,1,0,1,0,0,0,1,0
burns,critical,none,False,26,1,0,0,0,1,0,0,0,0,1,1,0,1,0,0,0,0,0,0,0,0,0
obstetric,urgent,none,False,20,0,0,0,0,0,1,0,0,0,1,0,0,0,0,0,0,0,0,0,0,0,0
poisoning,stable,none,False,16,0,0,0,0,0,0,0,0,0,0,0,0,0,0,0,0,1,0,0,0,0,0
poisoning,critical,severe,False,54,1,0,0,0,0,0,0,0,0,1,0,0,0,0,0,0,0,0,0,0,0,0
burns,urgent,none,False,35,1,0,1,0,0,0,0,1,0,0,0,0,0,0,0,0,0,0,0,0,0,0
burns,stable,none,False,35,0,0,0,0,0,0,0,0,0,0,0,0,0,0,0,0,0,0,0,0,0,0
poisoning,stable,mild,False,31,0,0,0,0,0,0,0,0,0,0,0,0,0,0,0,0,0,0,0,0,0,1
burns,urgent,none,False,42,1,0,0,0,0,0,0,0,0,0,0,0,0,0,0,0,0,0,0,0,0,0
burns,critical,none,False,13,1,0,0,0,0,0,1,0,0,1,0,0,0,0,0,0,0,0,0,0,0,0
trauma,critical,mild,False,16,1,1,0,1,0,0,0,0,1,1,0,0,0,0,0,0,1,0,0,0,0,0
poisoning,urgent,none,False,42,1,0,0,1,0,0,0,0,0,0,1,0,0,0,0,0,0,0,0,0,0,0
pediatric,critical,none,False,4,1,0,0,0,0,0,0,0,0,1,0,0,0,0,0,0,0,0,1,0,0,0
obstetric,urgent,none,False,48,0,0,0,0,0,1,0,0,1,1,0,0,0,0,0,0,0,0,0,0,0,0
stroke,critical,none,False,28,0,0,1,0,0,0,0,0,1,1,0,0,1,0,0,0,0,0,0,0,0,0
obstetric,urgent,none,False,10,0,0,0,0,0,1,1,0,0,0,0,0,0,0,0,0,0,0,0,0,0,0
obstetric,critical,mild,False,0,0,0,0,0,0,1,0,0,1,1,0,0,0,0,0,0,0,0,0,0,0,0
general,critical,mild,False,48,1,0,0,0,0,0,0,0,0,1,0,0,0,0,0,0,0,0,0,0,0,0
poisoning,critical,none,False,55,1,0,0,0,0,0,0,0,0,1,0,0,0,0,0,0,0,0,0,0,0,0
trauma,stable,none,False,30,0,0,0,0,0,0,0,0,0,0,0,0,0,0,1,0,0,0,0,0,0,0
trauma,critical,none,False,58,1,0,0,1,0,0,0,0,0,1,0,0,0,0,0,0,1,0,0,1,1,0
poisoning,critical,severe,False,21,1,0,0,0,0,0,0,0,1,1,0,0,1,0,0,0,0,1,1,1,0,1
general,urgent,none,False,58,1,0,0,0,0,0,0,0,1,1,0,0,0,0,0,0,0,0,0,0,0,0
cardiac,urgent,none,False,5,1,1,0,0,0,0,0,0,0,1,0,0,0,0,0,0,0,0,0,0,0,0
general,stable,none,False,29,0,0,0,0,0,0,0,0,1,0,0,0,0,0,0,0,0,0,0,0,0,0
pediatric,stable,severe,False,44,0,0,0,0,0,0,0,0,1,0,0,0,0,0,1,0,0,1,0,0,0,0
pediatric,urgent,none,False,24,1,0,0,0,0,0,0,0,0,0,0,0,0,0,0,0,0,0,0,0,0,0
respiratory,stable,mild,False,11,0,0,0,0,0,0,1,0,0,0,0,0,0,0,0,0,0,0,0,0,0,0
cardiac,critical,mild,False,60,1,1,0,0,0,0,0,0,0,1,0,1,0,0,1,0,0,0,0,0,0,0
cardiac,critical,severe,False,76,1,1,0,0,0,0,0,0,0,0,0,0,0,0,1,0,0,0,1,0,0,1
stroke,critical,severe,False,54,1,0,1,0,0,0,0,0,0,1,0,0,1,0,0,0,0,1,0,1,1,1
poisoning,stable,mild,False,29,0,0,1,1,0,0,0,0,0,0,1,0,0,0,0,0,0,0,0,0,0,0
pediatric,critical,none,False,68,1,1,0,0,0,0,0,0,0,1,0,0,0,0,0,0,1,0,0,0,0,0
trauma,urgent,none,False,38,1,0,0,1,0,0,0,0,0,0,0,0,0,0,0,0,0,0,0,0,0,0
general,urgent,none,False,45,1,0,0,0,1,0,0,0,0,1,1,0,1,0,0,0,0,0,0,0,0,0
cardiac,stable,none,False,65,0,0,0,0,0,0,0,0,0,0,1,0,0,0,0,0,0,0,0,0,1,0
stroke,stable,mild,False,29,0,0,0,1,0,0,0,0,1,0,0,0,0,0,0,0,0,0,1,0,1,0
pediatric,urgent,none,False,28,1,0,0,0,1,0,1,0,0,0,0,0,0,0,0,0,0,0,0,0,0,0
trauma,urgent,none,False,46,0,0,0,1,0,0,0,0,0,0,0,0,0,0,0,0,0,0,0,0,0,0
obstetric,stable,severe,False,49,1,0,0,0,0,0,0,0,0,0,0,0,1,1,0,0,0,1,0,0,0,0
respiratory,stable,none,False,7,0,0,0,0,0,0,0,0,0,0,0,1,0,0,0,0,0,0,1,0,0,0
pediatric,urgent,none,False,29,1,0,0,0,0,0,1,0,0,0,0,0,0,0,0,0,0,0,0,0,0,0
pediatric,stable,none,False,21,0,0,0,1,0,0,0,0,0,0,0,0,0,0,0,0,0,0,1,0,0,0
trauma,stable,mild,False,58,0,0,0,0,0,0,0,0,0,0,0,0,0,0,0,0,0,0,0,0,0,0
poisoning,urgent,none,False,32,1,0,0,0,0,0,0,0,0,0,0,0,0,0,0,0,0,0,0,0,0,0
poisoning,critical,none,False,48,1,0,0,0,0,0,0,0,0,1,0,0,0,0,0,0,0,0,0,0,0,0
respiratory,stable,mild,False,17,0,0,0,0,0,0,0,0,0,0,0,0,0,0,0,0,0,0,1,0,0,0
obstetric,urgent,severe,False,40,0,0,0,0,0,1,0,0,0,1,0,0,0,0,1,0,0,1,1,1,0,0
obstetric,urgent,severe,False,45,0,0,0,0,0,1,0,0,1,1,0,0,0,0,0,0,0,1,1,0,0,1
pediatric,stable,none,False,43,0,0,0,1,0,0,0,0,0,0,0,0,1,0,0,0,0,0,0,0,0,0
poisoning,urgent,none,False,12,1,0,0,0,0,0,1,0,0,0,0,0,0,0,0,0,0,0,0,0,0,0
burns,urgent,none,False,47,1,0,0,0,0,0,0,0,1,0,0,0,0,0,0,0,0,0,0,0,0,0
general,stable,severe,False,28,1,0,0,0,0,0,0,0,0,0,0,0,0,0,0,0,0,0,0,1,0,0
poisoning,urgent,mild,False,4,0,0,0,0,0,0,0,0,0,0,0,0,0,0,0,0,0,0,0,1,0,0
pediatric,critical,none,False,17,0,0,0,0,0,0,1,0,0,0,0,0,0,0,1,0,0,0,0,0,0,0
burns,urgent,none,False,23,1,0,0,0,1,0,0,0,0,0,0,0,0,0,0,0,0,0,0,0,0,0
cardiac,urgent,none,False,45,1,0,0,0,0,0,0,0,1,1,0,0,0,0,0,0,0,0,0,0,0,0
burns,urgent,none,False,28,1,0,0,0,0,0,0,0,0,0,0,0,0,0,1,0,0,0,0,0,0,0
general,urgent,mild,False,49,0,0,0,0,0,0,0,0,0,1,0,0,0,1,1,0,0,0,0,0,0,0
general,stable,none,False,31,0,1,1,0,0,0,0,0,0,0,0,0,0,0,0,0,0,0,0,0,0,0
general,urgent,none,False,25,1,0,1,0,0,0,0,0,0,1,0,0,0,0,0,0,0,0,0,1,0,0
cardiac,critical,mild,False,81,1,1,0,0,0,0,0,0,1,1,0,1,0,0,1,0,0,0,0,0,0,0
burns,critical,severe,False,40,1,0,1,0,1,1,0,0,0,1,0,1,0,0,0,0,0,0,1,0,1,0
poisoning,stable,none,False,46,0,0,0,0,0,0,0,0,0,0,0,0,0,0,0,0,0,0,0,0,0,0
poisoning,urgent,none,False,51,1,0,0,0,0,0,0,0,1,0,0,0,0,0,0,0,0,0,0,0,0,0
trauma,urgent,severe,False,45,1,0,0,1,0,0,0,0,1,0,0,0,0,0,0,0,0,0,0,1,0,1
general,critical,severe,False,52,1,0,0,0,0,0,0,0,0,0,0,0,0,0,0,0,0,1,1,1,1,0
obstetric,stable,none,False,64,0,0,0,0,0,0,0,0,0,0,0,0,0,0,0,0,0,0,0,1,0,0
obstetric,stable,none,False,41,1,0,0,0,0,0,0,0,0,0,0,0,0,0,0,0,0,0,0,0,0,0
obstetric,stable,none,False,76,1,0,0,1,0,0,0,0,0,0,0,0,0,0,0,0,0,0,0,0,0,0
obstetric,urgent,none,False,11,0,0,0,0,0,0,0,0,0,1,0,0,0,0,0,0,0,0,0,0,0,0
pediatric,stable,none,False,16,0,0,0,0,0,0,0,0,0,0,0,0,0,1,0,0,0,0,0,1,0,0
obstetric,stable,none,False,20,0,0,0,0,0,0,1,0,0,0,0,0,0,0,1,0,0,0,0,0,0,0
pediatric,stable,mild,False,41,0,0,0,0,0,0,0,0,0,0,0,0,0,1,0,0,0,0,0,0,0,0
burns,urgent,mild,False,52,1,1,0,0,0,0,0,0,0,1,0,0,0,0,0,0,0,0,0,0,0,0
stroke,urgent,mild,False,13,1,0,1,0,0,0,0,0,0,0,0,0,0,0,0,0,0,0,0,1,0,0
general,critical,none,False,38,0,0,0,0,0,0,0,0,0,1,0,0,0,0,0,0,0,0,0,0,0,0
obstetric,stable,severe,False,54,0,0,0,0,0,0,0,0,1,0,0,0,0,0,0,0,0,1,0,0,0,1
burns,critical,mild,False,37,1,0,0,0,1,0,0,0,0,1,1,0,1,0,0,0,1,0,0,0,0,0
respiratory,critical,none,False,38,1,0,0,0,0,0,0,0,0,1,0,0,0,0,0,0,1,0,0,0,0,0
general,urgent,none,False,90,1,0,0,0,0,0,0,0,0,0,0,0,0,0,0,0,0,0,0,0,0,0
stroke,critical,none,False,25,1,0,1,0,0,0,0,0,0,1,0,0,1,0,0,0,0,0,1,0,0,0
trauma,critical,mild,False,62,1,0,0,1,0,0,0,0,1,1,0,0,0,0,0,0,1,0,0,1,0,0
burns,critical,none,False,26,1,0,0,0,1,0,0,0,0,1,0,0,0,0,0,0,0,0,0,0,0,0
burns,critical,severe,False,0,1,0,0,0,1,0,1,0,0,1,0,0,0,0,0,0,0,0,0,1,0,1
respiratory,stable,mild,False,13,0,0,0,0,0,0,1,0,0,0,0,0,0,0,0,0,0,0,1,0,0,0
cardiac,urgent,mild,False,45,1,0,0,0,0,0,0,0,0,0,0,0,0,0,0,0,0,0,0,0,0,0
general,stable,severe,False,41,0,0,0,0,0,0,0,0,0,0,0,0,0,0,0,0,0,0,0,1,0,0
burns,critical,none,False,24,1,0,0,0,1,0,0,0,0,1,0,0,1,0,0,0,0,0,0,0,0,0
poisoning,stable,none,False,0,0,0,0,1,0,0,1,0,0,0,0,0,1,0,0,0,0,0,0,0,0,0
trauma,urgent,none,False,17,1,0,0,1,0,0,0,1,0,0,0,0,0,0,0,0,0,0,0,0,0,0
pediatric,critical,severe,False,38,1,0,0,0,0,0,1,1,0,1,0,0,0,0,0,0,1,0,0,0,1,0
obstetric,urgent,none,False,17,0,0,0,1,0,0,0,0,0,1,0,0,0,0,0,0,0,0,0,0,0,0
respiratory,urgent,mild,False,45,1,0,0,0,0,0,0,0,0,0,0,0,0,0,0,0,0,1,0,0,0,0
cardiac,critical,severe,False,60,1,1,0,0,0,0,0,0,0,1,0,1,0,0,1,0,0,0,1,1,1,0
trauma,stable,none,False,28,0,0,0,0,0,0,0,0,0,0,0,0,0,0,0,0,0,0,0,0,0,0
general,urgent,none,False,37,0,0,0,0,0,0,0,0,0,1,0,0,1,0,0,0,0,0,0,0,0,0
respiratory,urgent,none,False,72,1,0,0,0,0,0,0,1,0,0,0,0,0,0,0,0,0,0,0,0,0,0
pediatric,critical,mild,False,34,0,0,0,0,0,0,1,0,0,1,0,0,0,0,0,0,0,1,0,0,0,0
stroke,critical,none,False,73,1,0,1,0,0,0,0,0,0,1,0,0,1,1,0,0,0,0,0,0,0,0
poisoning,stable,none,False,20,0,0,0,0,0,0,0,0,0,0,0,0,0,0,0,0,0,0,0,0,0,0
stroke,urgent,none,False,20,1,0,1,0,0,1,0,0,0,0,0,0,1,0,0,0,0,0,0,0,0,0
general,urgent,none,False,2,1,0,0,0,0,0,1,0,0,0,0,0,0,0,0,0,0,0,0,0,0,0
obstetric,stable,severe,True,29,0,0,0,0,0,0,0,0,1,0,0,0,0,0,0,0,0,1,1,0,0,1
burns,urgent,severe,False,45,1,0,0,0,0,0,0,0,0,0,0,0,0,0,0,0,0,0,1,1,0,1
cardiac,urgent,none,False,90,1,1,0,0,0,0,0,0,1,1,0,0,0,0,0,0,0,0,0,0,0,0
burns,stable,mild,False,15,0,0,0,0,0,0,0,0,0,0,0,0,0,1,0,0,0,0,0,1,1,0
stroke,critical,none,False,18,0,0,0,0,0,0,0,0,0,1,0,0,1,0,0,0,0,0,0,0,0,0
stroke,stable,mild,False,21,0,0,0,0,0,0,0,0,0,0,1,0,0,0,0,0,1,0,1,1,0,0
respiratory,urgent,mild,False,11,1,0,0,0,0,0,1,0,1,0,0,0,0,0,0,0,0,0,0,1,0,0
respiratory,stable,mild,False,51,0,0,0,0,0,0,0,0,0,0,0,0,1,0,0,0,0,0,0,0,1,1
pediatric,critical,severe,False,21,1,0,0,0,0,0,1,0,0,1,0,0,0,0,0,0,0,1,0,0,0,1
respiratory,urgent,none,False,44,1,0,0,0,0,0,0,0,0,0,0,0,0,0,0,0,0,0,0,0,0,0
general,critical,none,False,11,1,0,0,0,0,0,0,0,0,1,0,0,0,0,0,0,0,0,0,0,0,0
poisoning,critical,mild,False,52,1,0,0,0,0,0,0,0,0,1,0,0,0,0,0,0,0,1,0,1,0,0
burns,urgent,none,False,54,1,0,0,0,1,0,0,0,0,0,0,0,0,0,0,0,0,0,0,1,0,0
burns,urgent,none,False,25,1,0,0,0,0,0,0,0,0,0,0,0,1,0,0,0,0,0,0,0,0,0
burns,critical,none,False,39,1,0,0,0,1,0,0,0,0,0,1,0,0,0,0,0,0,0,0,0,0,0
poisoning,urgent,mild,False,45,1,0,0,0,0,0,0,0,0,0,0,0,0,0,0,0,0,1,0,0,0,0
trauma,stable,mild,False,56,0,0,0,0,0,0,0,0,0,0,0,0,0,0,0,0,0,0,0,0,0,1
stroke,stable,none,False,61,0,0,0,0,0,0,0,0,0,0,0,0,0,0,0,0,0,0,0,0,0,0
respiratory,urgent,none,False,65,1,0,1,0,1,0,0,0,0,0,0,0,0,0,0,0,0,0,0,0,0,0
respiratory,stable,severe,False,33,0,0,0,0,0,0,0,0,0,0,0,0,0,1,0,0,0,0,0,0,0,1
cardiac,urgent,none,False,14,1,1,0,0,0,0,0,0,0,1,0,0,0,0,0,0,0,0,0,0,0,0
poisoning,urgent,none,False,55,1,0,0,0,0,0,0,0,1,0,0,0,0,0,0,0,0,0,0,0,0,0
stroke,urgent,severe,False,31,1,0,0,0,0,0,0,1,0,0,0,0,0,0,0,0,0,0,1,0,1,1
general,critical,none,False,47,1,0,0,0,0,0,0,0,0,1,0,0,0,1,0,0,0,1,0,0,0,0
general,critical,severe,False,30,0,0,0,0,0,0,0,0,0,1,0,0,0,0,0,0,0,0,0,0,1,1
cardiac,critical,none,False,8,1,1,0,0,0,0,1,0,0,1,0,0,0,0,1,0,0,0,0,1,0,0
obstetric,critical,none,False,34,0,0,0,0,0,1,0,0,1,1,0,0,0,0,0,0,0,0,0,0,0,0
cardiac,urgent,mild,False,20,1,0,0,0,0,0,0,0,0,1,0,0,0,0,0,0,0,0,0,0,0,0
obstetric,critical,mild,False,0,0,0,0,0,0,1,1,0,1,1,0,0,0,1,0,0,1,0,1,0,0,0
poisoning,critical,none,False,42,1,0,0,0,0,0,0,0,0,1,0,0,0,0,0,0,1,0,0,0,0,0
trauma,stable,severe,False,23,0,0,0,0,0,0,0,0,0,1,0,0,0,0,0,0,0,0,0,1,1,0
pediatric,critical,mild,False,3,1,0,0,0,0,0,1,0,0,1,0,0,0,0,0,0,0,0,0,0,0,0
poisoning,stable,mild,False,44,0,0,0,0,0,0,0,1,0,1,0,0,0,0,0,0,0,1,0,0,0,0
general,critical,mild,False,0,1,0,0,0,0,0,0,0,0,1,0,1,0,0,0,0,0,0,0,0,0,0
burns,urgent,severe,False,29,1,0,0,0,0,0,0,0,0,0,0,0,0,0,0,0,0,1,0,1,1,0
trauma,stable,none,False,31,0,0,0,0,0,1,0,0,1,0,0,0,0,0,0,0,0,0,0,0,0,0
trauma,urgent,none,False,39,1,0,0,1,0,0,1,0,0,0,0,0,0,0,0,0,0,0,0,0,0,0
obstetric,urgent,none,False,63,0,0,0,0,1,1,0,0,0,1,0,0,0,0,0,0,0,0,0,0,0,0
cardiac,critical,none,False,73,1,1,0,0,0,0,0,0,0,1,0,1,0,0,1,0,0,0,0,0,0,0
burns,urgent,severe,False,27,1,0,1,0,1,0,0,0,0,0,0,0,0,0,0,0,0,1,0,1,1,0
respiratory,urgent,mild,False,27,1,0,0,0,0,0,0,1,0,0,0,0,0,0,0,0,0,1,0,0,1,0
pediatric,critical,mild,False,1,1,0,0,0,0,0,1,0,0,1,0,0,1,0,0,0,0,0,0,0,0,1
respiratory,critical,mild,False,41,1,1,0,0,0,0,0,1,1,1,1,0,0,0,0,0,0,1,0,0,0,0
burns,urgent,severe,False,17,1,0,0,0,1,0,0,0,0,0,0,0,0,0,0,0,0,1,0,1,1,0
burns,urgent,none,False,22,1,0,0,0,1,0,0,0,0,0,0,0,0,0,0,0,0,0,0,0,0,0
poisoning,urgent,none,False,47,1,0,0,0,0,0,0,0,0,0,0,0,0,0,0,0,0,0,0,0,0,0
poisoning,stable,none,False,33,1,0,1,0,0,0,1,0,0,0,0,0,0,0,0,0,0,0,0,0,0,0
trauma,critical,none,False,50,1,0,0,1,0,0,0,0,0,1,0,0,0,0,0,0,0,0,0,0,0,0
poisoning,critical,mild,False,8,1,0,0,0,0,0,1,0,0,1,1,0,0,0,0,0,0,0,0,0,0,0
poisoning,critical,none,False,40,1,0,0,0,0,0,0,0,0,1,0,0,0,0,0,0,0,0,0,0,0,0
obstetric,urgent,none,False,22,0,0,0,0,0,0,0,0,0,1,0,0,0,0,0,0,0,0,0,0,0,0
cardiac,urgent,severe,False,28,0,1,0,0,0,0,0,0,1,1,0,0,0,0,0,0,0,1,1,1,0,1
trauma,urgent,mild,False,43,1,0,0,0,0,0,0,0,0,0,0,0,0,0,0,0,0,0,0,0,0,0
general,stable,none,False,69,0,0,0,0,0,0,0,0,0,0,0,0,0,0,0,0,0,0,0,0,0,0
burns,urgent,mild,False,46,1,0,0,0,0,0,0,0,0,0,0,0,0,0,0,0,0,0,1,1,0,1
poisoning,critical,none,False,85,1,0,0,0,0,0,0,0,0,1,0,0,0,0,0,0,0,0,0,0,0,0
trauma,critical,severe,False,54,1,0,1,0,0,0,0,0,0,1,0,0,0,0,0,1,1,1,0,0,1,1
general,critical,none,False,35,1,0,0,0,0,0,1,0,0,1,0,0,0,0,0,0,0,0,0,0,0,0
stroke,urgent,none,False,66,1,0,1,0,0,0,0,0,0,0,0,0,0,0,0,0,0,0,0,0,0,0
pediatric,critical,none,False,69,1,0,0,0,0,0,0,0,0,1,0,0,0,0,0,0,0,0,0,0,0,0
respiratory,urgent,none,False,22,1,0,0,0,1,0,0,1,0,0,0,0,0,0,0,0,0,0,0,0,0,0
general,critical,mild,False,35,1,0,0,0,0,0,0,0,0,0,0,0,0,0,0,1,0,0,1,0,0,0
burns,urgent,none,False,33,1,0,0,0,0,1,0,0,0,0,0,0,0,0,0,0,0,0,0,0,0,0
respiratory,urgent,mild,False,57,1,0,0,0,0,0,0,0,0,0,0,0,0,0,0,0,0,1,0,0,0,0
burns,critical,mild,False,31,1,0,0,0,1,0,0,0,0,1,1,0,0,0,0,0,0,0,0,1,0,0
stroke,urgent,mild,False,75,1,0,1,0,0,0,0,0,1,0,0,0,1,0,0,0,0,0,0,1,0,1
poisoning,urgent,none,False,52,1,0,0,0,0,0,0,0,0,0,0,0,0,0,0,0,0,0,0,0,0,0
poisoning,critical,none,False,35,0,0,0,0,0,0,0,0,0,1,1,0,0,0,0,1,0,0,0,0,1,0
general,urgent,mild,False,50,1,0,0,0,0,0,0,0,0,1,0,0,0,0,0,0,0,0,1,1,0,0
burns,stable,none,False,33,0,0,0,0,0,0,0,0,1,0,0,0,0,0,0,0,0,0,0,0,0,0
respiratory,urgent,none,False,16,1,0,0,0,0,0,0,0,1,0,0,0,0,0,0,0,0,0,0,0,0,0
trauma,stable,none,False,28,0,0,0,0,0,0,0,0,0,0,0,0,0,0,0,0,0,0,0,1,0,0
pediatric,stable,none,False,19,0,0,0,0,0,0,0,0,0,0,0,0,0,0,0,0,0,0,0,0,0,0
trauma,stable,severe,False,56,0,0,0,0,0,0,0,0,0,0,0,1,0,0,0,0,0,0,1,1,1,0
pediatric,urgent,none,False,35,0,0,0,0,0,0,0,0,0,0,0,0,0,0,0,0,0,0,0,0,0,0
cardiac,urgent,none,False,56,1,1,0,0,0,0,0,0,0,1,0,0,0,0,0,0,0,0,0,0,0,0
general,stable,none,False,67,0,0,0,0,0,0,0,0,0,0,0,0,0,0,0,0,0,0,0,0,0,0
general,stable,none,False,37,0,0,0,0,0,0,0,0,0,0,0,0,0,0,0,1,0,0,0,0,0,0
poisoning,critical,none,False,10,1,0,0,0,0,1,1,0,0,0,1,0,0,0,0,1,0,0,1,0,1,0
respiratory,critical,severe,False,58,1,0,0,0,0,0,0,1,0,1,0,0,0,0,0,0,0,1,0,1,0,0
cardiac,urgent,mild,False,48,1,0,0,0,0,0,0,0,1,1,0,0,0,0,0,0,0,0,0,0,1,0
stroke,urgent,none,False,34,1,0,0,0,0,0,0,0,0,0,0,0,1,0,0,0,0,0,0,0,0,0
obstetric,critical,mild,False,43,1,0,0,0,1,0,0,0,1,1,0,0,0,0,0,0,1,0,1,0,0,1
trauma,critical,mild,False,43,1,0,0,1,0,0,0,0,1,1,0,0,0,0,0,0,0,1,0,0,1,0
pediatric,critical,none,False,45,1,0,0,0,0,0,1,0,0,1,0,0,0,1,0,0,0,0,0,0,0,0
cardiac,urgent,none,False,31,1,1,0,0,0,0,0,0,0,1,0,0,0,0,0,0,0,0,0,0,0,0
cardiac,critical,mild,False,36,1,1,0,0,0,1,0,0,0,1,0,1,0,0,1,0,0,1,0,0,0,0
obstetric,critical,none,False,40,0,0,0,0,0,1,0,0,0,1,0,0,0,0,0,0,0,0,0,0,0,0
cardiac,critical,mild,False,9,1,1,0,0,0,0,0,0,0,1,0,0,0,0,0,0,0,0,0,1,0,0
pediatric,stable,none,False,23,0,0,0,0,0,0,0,0,0,0,0,1,0,0,0,0,0,0,0,0,0,0
trauma,stable,none,False,55,0,0,1,0,0,0,0,0,1,1,0,0,0,0,0,0,0,0,0,0,0,0
cardiac,critical,severe,False,59,1,1,0,0,0,0,0,0,0,1,1,0,0,0,1,0,0,0,1,0,0,0
trauma,urgent,none,False,39,1,0,0,1,0,0,0,0,0,0,0,0,0,0,0,0,0,0,0,0,0,0
pediatric,critical,none,False,33,0,0,0,0,0,0,1,0,1,1,0,0,0,0,0,0,0,0,0,0,0,0
poisoning,stable,severe,False,33,0,0,0,0,0,0,0,0,0,0,0,0,0,0,0,0,0,0,1,1,1,0
stroke,critical,none,False,48,1,0,1,0,0,0,0,0,0,1,0,0,1,0,0,0,0,0,0,0,0,0
cardiac,stable,none,False,52,0,1,0,0,0,0,0,0,0,0,0,0,0,0,0,0,0,0,0,0,0,0
pediatric,critical,severe,False,29,1,0,0,0,0,0,1,0,0,0,0,0,0,0,0,0,0,1,0,1,1,0
respiratory,urgent,none,False,48,1,0,0,0,0,0,0,0,0,0,0,0,0,0,0,0,0,0,0,0,0,0
obstetric,critical,none,False,34,1,0,0,0,0,1,0,0,0,0,0,0,0,0,0,0,1,0,0,0,0,0
pediatric,urgent,none,False,77,1,0,0,0,0,0,1,0,0,0,0,0,0,0,0,0,0,0,0,0,0,0
cardiac,critical,none,False,65,1,1,0,0,0,0,0,0,0,1,0,0,0,0,1,0,0,0,0,0,0,0
trauma,critical,none,False,56,0,0,0,1,0,0,0,0,1,1,1,0,0,0,1,0,1,0,0,0,0,1
pediatric,stable,none,False,50,0,0,0,0,0,1,0,0,0,0,0,0,0,0,0,0,0,0,0,0,0,0
poisoning,stable,none,False,23,0,0,0,0,0,0,0,0,0,0,0,1,1,0,0,0,0,0,0,0,0,0
obstetric,critical,severe,True,46,1,0,0,0,0,1,0,0,1,1,0,0,0,0,0,0,1,0,1,0,0,0
poisoning,critical,none,False,44,1,0,0,0,0,0,0,0,0,1,0,0,0,0,1,1,0,0,0,0,0,0
general,urgent,mild,False,52,1,0,0,0,0,0,0,0,0,0,0,0,0,1,0,0,0,1,1,0,0,0
obstetric,stable,none,False,22,0,0,0,0,0,0,0,0,0,0,0,0,0,0,0,0,0,0,0,0,0,0
pediatric,critical,mild,False,39,1,0,0,0,0,0,1,0,0,1,0,0,0,0,0,0,0,0,0,0,0,1
general,critical,none,False,59,1,0,0,0,0,0,0,0,1,1,0,0,0,0,0,0,0,0,0,0,0,0
burns,urgent,none,False,38,0,0,0,0,0,0,0,0,0,0,1,0,0,1,0,0,0,0,0,0,0,0
poisoning,stable,none,False,24,0,0,0,0,0,0,1,0,0,0,0,0,1,0,0,0,0,0,0,0,0,0
respiratory,critical,none,False,52,1,0,0,0,0,0,0,1,0,1,0,0,0,0,1,0,0,0,0,0,0,0
cardiac,urgent,severe,False,48,1,1,0,0,0,0,0,0,0,1,0,0,0,0,0,0,0,1,1,1,1,1
general,urgent,mild,False,31,0,0,0,0,0,0,0,0,0,1,0,0,0,1,0,0,0,1,0,0,0,0
respiratory,urgent,none,False,12,1,0,0,0,0,0,0,1,1,0,0,0,0,0,0,0,0,0,0,0,0,0
poisoning,critical,none,False,83,1,0,0,0,1,0,1,0,0,1,1,0,0,0,0,0,0,0,0,0,0,0
poisoning,urgent,none,False,74,1,0,0,0,0,0,0,0,0,0,0,0,0,0,0,0,0,0,0,0,0,0
poisoning,urgent,mild,False,45,1,0,0,0,0,0,0,1,0,0,0,0,0,0,0,0,0,0,0,0,1,0
poisoning,critical,mild,True,34,1,0,0,0,0,0,0,0,0,1,0,0,1,0,0,0,0,0,0,0,0,0
trauma,critical,mild,False,10,1,0,0,1,0,0,1,0,0,1,0,0,0,0,0,0,1,1,1,1,0,0
poisoning,urgent,mild,False,11,1,0,0,0,0,0,0,0,1,1,0,0,0,1,0,0,0,0,0,1,0,0
stroke,urgent,none,False,63,1,0,0,0,0,0,0,0,0,1,0,0,1,1,0,0,0,0,0,1,0,0
burns,critical,severe,False,32,1,0,0,0,1,0,0,0,0,1,0,0,0,1,0,0,0,1,1,0,1,0
poisoning,stable,mild,False,63,0,0,0,0,0,0,0,0,0,0,0,0,0,0,0,0,0,1,0,0,0,0
pediatric,urgent,severe,False,34,1,0,0,0,0,0,1,0,1,0,0,0,0,0,0,0,0,1,1,1,0,0
general,stable,mild,False,29,1,0,1,0,0,0,0,0,0,0,0,0,0,0,0,0,0,0,0,0,0,0
obstetric,urgent,none,False,45,0,0,0,0,0,0,0,0,0,1,0,0,1,0,0,0,0,0,0,0,0,0
respiratory,stable,severe,False,20,0,0,0,0,0,0,0,0,0,0,0,0,0,0,0,0,0,1,0,0,0,1
burns,critical,none,False,17,0,0,0,0,1,0,0,0,0,0,1,0,1,0,0,0,0,0,1,0,0,0
poisoning,urgent,severe,False,40,1,0,1,0,0,0,0,0,1,0,0,0,0,1,0,0,0,0,0,0,0,1
stroke,critical,none,False,37,1,0,1,0,0,0,0,0,0,1,0,0,0,0,0,0,0,0,0,0,0,0
obstetric,urgent,mild,False,39,0,0,0,0,0,0,1,0,0,1,0,0,0,0,0,0,0,0,0,0,0,0
trauma,critical,none,False,45,0,0,0,1,0,0,0,0,1,1,0,0,0,0,0,0,1,1,0,0,0,0
obstetric,critical,none,False,49,1,0,0,0,0,0,0,0,0,1,0,0,0,0,0,0,0,0,1,0,0,0
stroke,urgent,none,False,26,1,0,0,0,0,0,0,0,0,0,0,0,1,0,1,0,0,0,0,0,0,0
trauma,critical,severe,False,22,1,0,0,0,0,0,0,0,1,1,0,0,0,0,1,0,0,0,1,0,1,1
respiratory,urgent,none,False,59,1,0,0,0,0,0,0,1,0,0,0,0,0,0,0,0,0,0,0,0,0,0
respiratory,stable,none,False,27,0,0,0,0,0,0,0,0,0,0,1,0,0,0,0,0,0,0,0,0,0,1
general,critical,none,False,29,1,0,0,0,0,0,0,0,0,1,0,0,0,0,0,0,0,0,0,0,0,0
obstetric,critical,none,False,5,1,0,0,0,0,1,1,0,0,1,0,0,0,0,0,0,1,0,1,0,0,0
burns,urgent,none,False,38,0,0,0,1,0,0,0,0,0,0,0,0,0,0,0,0,0,0,0,0,0,0
trauma,stable,none,False,0,0,0,0,1,0,0,0,0,0,0,0,0,0,0,0,0,1,0,0,0,0,1
general,stable,none,False,32,1,0,0,0,0,0,0,0,0,0,0,0,0,0,0,0,0,0,0,0,0,0
general,stable,severe,False,0,1,0,0,0,0,0,1,0,0,0,0,0,0,0,0,0,0,1,0,1,0,1
respiratory,critical,none,False,65,1,0,0,0,0,0,0,0,0,1,1,0,0,0,0,0,0,0,0,0,0,0
poisoning,stable,none,False,40,0,0,0,1,0,0,0,0,0,0,0,0,0,0,0,0,0,1,0,0,0,0
general,stable,none,False,39,0,0,0,0,0,0,0,0,0,0,0,0,1,0,0,0,0,0,0,0,0,0
pediatric,urgent,none,False,37,1,1,0,0,0,0,1,1,0,0,0,0,0,0,0,0,0,0,0,0,0,0
cardiac,stable,none,False,49,1,0,0,0,0,0,0,0,1,1,0,0,0,1,0,0,0,0,0,0,0,0
trauma,urgent,none,False,11,1,0,0,0,0,0,1,0,0,1,0,0,0,0,0,0,0,0,0,0,0,0
cardiac,urgent,mild,False,41,1,1,0,0,0,0,0,0,0,1,0,0,0,1,0,0,0,0,0,0,0,0
poisoning,urgent,none,False,58,1,0,0,0,0,0,0,0,1,0,0,0,0,0,0,0,0,0,0,0,1,0
burns,critical,severe,False,45,1,0,0,0,1,1,0,0,0,1,1,0,0,0,0,0,0,1,0,0,0,0
pediatric,urgent,mild,False,49,0,0,0,0,0,0,0,0,0,0,0,0,0,0,0,0,0,1,1,0,1,0
general,stable,mild,False,58,1,0,0,0,0,0,0,0,0,0,0,0,0,0,0,0,0,0,0,0,0,0
stroke,stable,none,False,58,0,0,0,0,0,0,0,0,0,0,0,0,0,0,1,0,1,1,0,0,0,0
stroke,stable,none,False,36,0,0,0,0,0,0,0,0,0,0,0,0,0,0,0,0,0,0,0,0,0,0
poisoning,critical,none,False,60,1,0,0,0,0,0,0,0,0,0,1,0,0,0,0,0,0,0,0,0,0,0
poisoning,urgent,mild,False,19,1,0,0,0,0,0,0,0,0,0,0,0,0,0,0,0,0,0,1,0,0,0
burns,stable,severe,False,79,0,1,0,1,0,0,0,0,0,0,0,0,0,0,0,0,0,1,0,0,0,1
poisoning,urgent,none,False,38,1,0,0,0,0,0,0,0,0,0,0,0,0,0,0,0,0,0,0,0,0,0
poisoning,stable,none,False,60,0,0,0,0,0,0,0,0,0,1,0,0,0,0,0,1,1,0,0,1,0,0
stroke,critical,none,False,0,1,0,1,0,0,0,1,0,1,1,0,0,1,0,0,0,0,0,0,0,0,0
stroke,critical,mild,False,36,1,0,1,1,0,0,0,0,0,1,0,0,0,0,0,0,0,0,0,0,0,0
poisoning,stable,none,False,29,0,0,0,0,0,0,0,0,0,0,0,0,0,0,0,0,0,0,0,0,1,0
cardiac,stable,none,False,32,0,0,0,0,0,0,0,0,0,0,0,0,0,0,0,0,0,0,0,0,0,0
respiratory,critical,none,False,61,0,0,0,0,0,0,0,1,0,1,0,0,0,0,0,0,0,0,0,0,0,0
stroke,urgent,none,False,22,1,0,0,0,0,0,0,0,0,0,0,0,0,0,0,0,0,0,0,0,0,0
trauma,urgent,mild,False,13,1,0,0,1,0,0,0,0,0,0,0,0,0,0,0,0,0,0,0,0,1,0
stroke,stable,severe,False,21,0,0,0,0,0,0,0,0,0,0,0,0,0,0,0,0,0,1,1,0,0,0
cardiac,urgent,none,False,29,1,0,0,1,0,0,0,0,0,1,0,0,0,0,0,0,0,0,0,0,0,0
poisoning,urgent,none,False,47,1,0,0,0,0,0,0,0,0,1,0,0,0,0,0,0,0,0,0,0,0,0
obstetric,critical,none,False,11,1,0,0,0,0,0,0,0,0,1,1,0,0,0,0,0,0,1,0,0,0,0
general,urgent,none,False,30,1,0,0,0,0,0,0,0,0,1,0,0,0,0,0,0,0,0,0,0,0,0
general,urgent,none,False,17,1,0,0,0,0,0,0,0,0,0,0,0,0,0,0,0,0,0,0,1,0,0
poisoning,stable,none,False,42,0,0,0,0,0,0,0,0,0,0,0,0,0,0,0,0,0,0,0,0,0,0
pediatric,critical,none,False,42,1,0,0,0,0,0,1,0,0,0,1,0,0,0,0,1,0,0,0,0,0,0
trauma,stable,mild,False,66,0,0,0,0,0,0,0,0,0,1,0,0,0,0,0,0,0,0,0,0,0,0
stroke,stable,none,False,14,0,0,0,0,1,0,0,0,0,0,0,0,1,0,0,0,0,0,0,0,0,0
burns,urgent,severe,False,50,0,0,0,0,1,0,0,0,0,0,0,0,0,0,0,0,0,1,1,1,1,1
cardiac,critical,none,False,77,1,1,0,0,0,0,0,0,0,1,0,0,0,0,1,0,0,1,0,0,0,0
burns,stable,none,False,60,0,0,0,0,0,0,0,0,0,0,0,0,0,0,0,0,0,0,0,0,0,0
stroke,urgent,none,False,12,1,0,1,0,0,0,1,0,0,0,0,0,1,0,0,0,0,0,0,0,0,0
general,critical,mild,False,53,0,0,0,0,0,0,0,0,0,1,1,1,0,0,0,0,0,0,0,0,0,0
poisoning,urgent,none,False,4,1,0,0,0,1,0,1,0,0,0,1,0,0,0,0,0,0,0,1,0,0,0
stroke,critical,none,False,56,1,1,1,0,0,1,0,0,1,1,0,0,1,0,0,0,0,0,0,0,0,0
general,critical,none,False,40,1,0,0,0,0,0,0,0,0,1,1,0,0,0,0,0,0,0,0,0,0,0
obstetric,urgent,severe,False,30,0,0,0,0,0,0,0,0,0,1,0,0,0,0,0,0,0,1,1,1,1,1
cardiac,stable,none,True,1,1,0,0,0,0,0,1,0,0,0,0,0,0,0,1,0,0,0,0,0,0,0
general,critical,none,False,48,1,0,0,0,0,0,0,0,1,1,0,0,0,0,0,0,0,0,0,1,0,0
pediatric,urgent,severe,False,56,1,0,0,0,1,0,1,0,1,0,0,0,0,0,0,0,0,1,1,1,0,0
burns,stable,mild,False,30,0,0,0,0,0,0,0,1,1,0,0,0,0,0,0,0,0,1,0,0,0,1
respiratory,critical,none,False,42,1,0,0,0,0,0,0,1,0,1,0,0,0,0,0,0,0,0,0,0,0,0
cardiac,critical,severe,False,61,1,1,0,0,0,0,0,0,0,1,0,1,0,0,1,0,0,0,1,0,0,0
stroke,urgent,none,False,64,1,0,1,0,0,0,0,0,0,0,0,0,1,0,0,0,0,0,0,0,0,0
cardiac,urgent,none,False,17,1,0,0,0,0,0,0,0,0,1,0,0,0,0,0,0,0,0,0,0,0,0
obstetric,critical,mild,False,0,1,0,0,0,0,1,1,0,1,1,0,0,0,0,0,1,0,0,1,1,0,0
burns,stable,none,False,57,0,0,0,0,0,0,0,0,0,0,0,0,0,0,0,0,1,0,1,0,0,0
obstetric,stable,none,False,0,0,0,0,0,0,0,0,0,0,1,0,0,0,0,0,0,0,0,0,0,0,0
poisoning,critical,mild,False,56,0,0,0,0,0,0,0,0,0,1,0,0,0,0,0,0,0,0,0,0,0,0
respiratory,urgent,mild,False,23,1,0,0,0,0,0,0,0,0,0,0,0,0,1,0,0,0,0,0,0,0,0
