driver_id,eta_sec,distance_m,hours_on_shift,mins_since_last_job,accept_rate_7d,avg_accept_latency_s,declines_today,accepted,latency_s
drv_0000,90.0600203809725,750.5001698414376,8.723992946479658,7.890193825392168,0.44062588267972325,10.444091442789302,1,0,
drv_0000,202.80114717570368,1690.0095597975308,5.8785631620445065,56.179619567596205,0.46328395217268376,3.8527384177178674,2,1,5.298767954069786
drv_0000,185.9276765893103,1549.3973049109193,2.9489226399854154,13.580385389231699,0.5862458751780593,2.798087603709428,1,0,
drv_0000,360.59803633985763,3004.9836361654807,0.09289282795608922,11.285426716917645,0.5235823897587663,3.6649659049320413,1,1,2.7399030341447865
drv_0000,376.49770677116203,3137.480889759684,0.30290525257559375,31.704737011595306,0.5085884408065132,7.213626254673321,0,1,7.7073457681217
drv_0000,24.0,200.0,1.6621492748692834,41.90127157246504,0.5006640117015653,6.932982409591501,5,0,
drv_0000,777.6536394770228,6480.446995641857,2.2070321217077793,9.301218830934847,0.465558408499706,5.287312445646213,2,0,
drv_0000,548.7329659691113,4572.774716409262,9.201880594321741,6.2546512338529014,0.6423966532875124,8.878692341382077,4,0,
drv_0000,208.76630549558158,1739.71921246318,6.200212653528422,25.074156886885582,0.5531412845517287,2.0,1,0,
drv_0000,120.0505550893225,1000.4212924110209,8.477859049286439,12.569605993175658,0.5569440511634649,6.425937519068336,0,0,
drv_0000,24.0,200.0,2.0616522913034494,40.50175203585358,0.5437584544336227,6.743353624239582,3,0,
drv_0000,191.30137816819544,1594.1781514016288,5.174099460194564,36.3534385104149,0.5669824727595235,8.05989818061957,3,1,6.25647038167164
drv_0000,570.6024841560941,4755.020701300784,7.9640686839058255,8.673498510566926,0.5638470651917032,4.483474794418566,0,1,7.158143370990451
drv_0000,305.1607733258108,2543.006444381757,6.159710758080589,37.66927399670106,0.5586724915962178,6.741558238467107,0,0,
drv_0000,164.37664140799748,1369.8053450666457,0.3283292286074302,45.98441256658447,0.5356103950186536,2.3333743530347344,1,0,
drv_0000,166.599909189753,1388.3325765812751,6.082830154947572,6.212059941395395,0.49779837887259354,6.883024207258393,4,0,
drv_0000,107.41074392624158,895.08953271868,5.6182031282024045,0.03164245894991562,0.5646683606772693,6.126546372575916,2,0,
drv_0000,351.6511315872363,2930.426096560303,5.899431902618515,10.98708186300165,0.5034481275814455,8.451851792855518,0,0,
drv_0000,380.4662443640368,3170.5520363669734,2.829148882200033,40.526188957421354,0.5319180729255639,11.282013238463865,0,0,
drv_0000,236.02326242021812,1966.8605201684845,9.40729292772701,29.452728943125244,0.5458488737201058,7.644830955941663,1,0,
drv_0000,256.6891113947357,2139.075928289464,5.359810140541137,30.877909577065903,0.43726130429288457,4.036329008778261,2,0,
drv_0000,58.933003134252175,491.10835945210147,2.7692070846082597,53.66992145679292,0.47328467326819745,4.494413162291709,0,1,5.343762865880146
drv_0000,95.21458517358012,793.4548764465011,4.12932671957514,67.01636733278848,0.6031184993105851,5.160978716591224,1,1,5.751398523094428
drv_0000,204.3242333784521,1702.7019448204344,1.0969013872841948,80.96467945091673,0.523995428730458,4.1560026643721075,2,0,
drv_0000,202.5724024643428,1688.1033538695233,1.3204366467581496,6.063614460685343,0.4983924918357487,6.949105952090098,2,0,
drv_0000,1039.686222130657,8664.051851088809,5.352633500046631,12.466118340152342,0.5529326763930373,3.320532928070794,2,0,
drv_0000,1563.124608131738,13026.038401097816,5.782573179110556,16.545298877413824,0.4329296285074128,5.414498950582994,1,0,
drv_0000,1029.930386851108,8582.753223759235,5.924455238584124,22.616892313499143,0.48945242636926994,9.57289316000781,1,0,
drv_0000,727.8930484568726,6065.775403807273,4.332273701258552,36.893480323440876,0.5948105654759546,3.7214786310686634,1,1,4.300549772348058
drv_0000,688.7690926376778,5739.742438647315,8.866095981604968,11.855689433728985,0.5777549769350113,7.961454155675944,0,0,
drv_0000,539.821648914329,4498.5137409527415,7.178558927916191,19.603460386079952,0.5935845613981926,6.739121028036957,0,0,
drv_0000,282.5772061218614,2354.810051015512,9.899770639023677,57.63423266475747,0.5179798094403344,8.10979493074053,2,1,7.462765056520716
drv_0000,74.72165873687266,622.6804894739388,2.2160041106221993,73.66361962989437,0.5141182134690259,6.172877511005176,1,1,10.446640253028649
drv_0000,177.30866546670345,1477.5722122225288,4.07613334727154,8.848304076834138,0.5977928917773272,5.926313108732404,0,1,5.106213230106298
drv_0000,154.19364570616418,1284.9470475513683,5.068077277600432,15.572852960804388,0.551831254612253,6.166767141973498,1,1,6.276569029211448
drv_0000,720.3782011795624,6003.151676496354,9.986170097758112,12.269347760576947,0.4576104586845787,8.677744510372126,3,0,
drv_0000,236.26661717383215,1968.8884764486013,2.1602178927464633,1.815287286566273,0.5176907357956105,4.620608709918021,1,1,4.50040198599501
drv_0000,103.21369553814256,860.1141294845214,2.7108485116465464,57.94468130013083,0.44031027727383804,3.9266516882651668,4,1,2.1056661028234367
drv_0000,347.96236213304763,2899.6863511087304,8.810876740544765,27.786301208195226,0.6102934698328619,4.153598695819039,0,0,
drv_0000,24.0,200.0,2.0156257817208822,28.488759463798555,0.5304571864525364,6.522137492128961,0,0,
drv_0001,45.39028106201759,378.25234218348,5.147965201598243,3.0385293129385555,0.5231920061879203,4.662380250105638,1,1,3.2098145610053574
drv_0001,131.7882385214898,1098.2353210124152,9.345063723597004,4.825529486886577,0.5531803552287613,6.45228631974255,0,0,
drv_0001,456.8720552551638,3807.2671271263653,9.519408701646125,12.17049380027854,0.5241879785064973,6.7631230173989065,0,0,
drv_0001,237.91063834274289,1982.588652856191,0.6773213492121566,23.24380789632319,0.596047678440149,6.893634920448728,2,1,8.604328773821967
drv_0001,1040.1817690739765,8668.181408949806,8.309438098550299,11.295578178888265,0.610792601806359,3.1999878244935775,2,0,
drv_0001,353.4010396597684,2945.0086638314037,8.06513400084959,20.34687630324091,0.5869729267881588,5.913731509166852,1,1,4.74628458739685
drv_0001,786.8348394624696,6556.956995520581,3.477923096790331,45.5050266468896,0.614383812079592,4.680250748212866,1,0,
drv_0001,318.5923426189503,2654.936188491253,9.779860578073551,31.39850661903325,0.617974029620458,10.38923700131874,1,0,
drv_0001,47.63858065700123,396.9881721416769,6.451295458947246,8.984475785477487,0.5396611617151351,6.982411292874318,2,0,
drv_0001,358.02117511800617,2983.5097926500516,2.871234026761018,7.1389701630517415,0.4979137753864195,9.439576379115632,0,1,10.616470369231926
drv_0001,412.14678586643527,3434.5565488869606,7.947162129195449,6.138580778876996,0.631523769485739,7.327631150852782,3,0,
drv_0001,779.3035503278136,6494.19625273178,1.660054682005967,20.55031386034445,0.5761538216228924,4.6746385383628315,2,1,2.787859596325059
drv_0001,923.8393270096492,7698.661058413744,7.87796449691802,1.3359532652442985,0.5851556846930404,5.653992821250215,4,0,
drv_0001,209.6680831770908,1747.2340264757568,2.1119421946092043,51.18467782535824,0.6249317027795598,7.928000775885568,0,1,7.397280596391095
drv_0001,38.6094064971857,321.7450541432142,1.4325777916669002,15.276477513283414,0.5695565567243477,2.392919159121148,2,1,4.427087831921178
drv_0001,559.3700571588442,4661.417142990369,9.144702060951046,11.995763382337808,0.5431767091151986,6.335609481290054,0,1,6.697065420486498
drv_0001,240.04321976224344,2000.3601646853622,3.603608456106231,49.486356002935246,0.5928265523248123,7.5263177463671385,1,1,8.932666713975006
drv_0001,61.51415058542029,512.6179215451691,9.681732260242548,18.910771470970676,0.6116674404379274,4.967520460677181,0,1,6.9709901316837435
drv_0001,652.7490505333157,5439.575421110964,7.1159053685318785,7.236225751791478,0.625350025798622,6.094159265493604,2,0,
drv_0001,103.7509877816844,864.59156484737,6.359798907002169,0.31674323840999996,0.5139386054694748,4.981741558786702,0,0,
drv_0001,52.329508357263634,436.0792363105303,2.5408809789808293,37.738654791365946,0.5910145200967005,2.8177246853663336,3,0,
drv_0001,90.74101753706194,756.1751461421828,0.9408685970590391,16.044810029477958,0.5654363547381495,8.191370202717076,0,1,8.454731098228143
drv_0001,126.85615741677009,1057.1346451397508,6.364942050975168,49.54861994328472,0.5486403557837483,6.109183778086895,2,1,4.368372564423325
drv_0001,51.983860909661566,433.1988409138464,7.510737753747518,14.188432131673023,0.5377426286024437,6.6032560587292055,2,0,
drv_0001,144.69870864308203,1205.8225720256837,0.8685709923390328,16.532204835058756,0.509528651962,6.815629337510952,0,1,10.734139903017908
drv_0001,405.39469560162996,3378.2891300135834,4.837038048369298,28.395329940683997,0.5529497838361896,6.4868236724715285,3,0,
drv_0001,27.529286039782118,229.41071699818434,8.868927814432473,2.961249234668459,0.6691467752719437,6.794932800570758,3,1,6.433077645029561
drv_0001,235.665058158766,1963.8754846563834,1.7793419988965242,10.790794171364064,0.6308297564353893,5.300744558954012,2,0,
drv_0001,216.02810725831083,1800.2342271525904,2.3261194930243057,23.223529110766204,0.5561145053003907,7.890921985538139,3,0,
drv_0001,149.2726371636046,1243.9386430300385,7.898894375116291,21.913679019541235,0.6832691949258833,6.856730323123554,0,1,8.658153182130597
drv_0001,27.171274844829302,226.42729037357753,0.287827261971938,9.080832106216501,0.43249173463201335,6.384090203597465,0,1,8.076069175861972
drv_0001,34.220346913998405,285.1695576166534,5.150322820569602,39.89480638802046,0.5672270062628165,7.094133535265262,0,1,9.658145755250313
drv_0001,102.30014963554316,852.5012469628598,2.6563733307098216,37.3275509336046,0.6063923545744038,8.603378377284864,0,0,
drv_0001,337.2341546175613,2810.2846218130107,6.493085296091757,19.6392716589359,0.6055846906200089,7.701440185610058,1,1,5.629792988887888
drv_0001,577.4223476098019,4811.85289674835,7.83289764139803,45.28142751550036,0.5795257862284137,8.907086824655114,0,1,10.741730620640059
drv_0001,195.34112260245516,1627.8426883537932,5.425990542057782,21.372447733753265,0.5930031830889978,5.745559825000811,1,0,
drv_0001,74.90033008107717,624.1694173423098,2.986828828721552,14.173651374374664,0.5512534617430134,8.686421247989141,1,1,8.919544339202078
drv_0001,48.54666461370011,404.55553844750096,7.370633369913476,14.376868065869093,0.5982872074912392,7.733860888219702,1,1,6.503858275632016
drv_0001,171.36161977890737,1428.0134981575616,3.999513178468118,10.66942626423568,0.552889673756513,6.8224521283819355,2,0,
drv_0001,74.32530725634588,619.377560469549,6.1934922442918605,37.39192531425601,0.5812229436757752,6.528119705000189,1,0,
drv_0002,48.1161502507297,400.9679187560809,1.679111995549799,153.57265897714345,0.5923423378742979,4.856228597398257,2,1,2.7864991016362106
drv_0002,485.5924252305965,4046.6035435883045,6.315892200145337,21.32034241244998,0.509421341673302,4.399840500306681,2,0,
drv_0002,54.1352725673635,451.12727139469587,9.074894478525945,10.219055820246234,0.5079344476583952,4.548546414509569,1,0,
drv_0002,317.42708809237706,2645.2257341031423,9.823303138871799,9.945569096186686,0.5447417503306015,2.0,2,0,
drv_0002,350.7736499488178,2923.113749573482,7.657717838100131,44.56546827788533,0.5279985473198663,7.218873863019152,3,1,7.625462413123433
drv_0002,161.35643801285983,1344.6369834404986,9.494956684194646,13.83673914905514,0.5575176193868364,3.1193207034196817,5,0,
drv_0002,1142.455474073902,9520.462283949184,3.9064946575914017,83.26432639929877,0.6244742765525958,3.453198683449246,1,1,4.233801311743207
drv_0002,57.09358675011797,475.77988958431644,4.740464587596609,34.45151131756574,0.5659942941703273,4.231090776038794,0,1,3.5680932818468
drv_0002,1119.2943280751515,9327.452733959597,9.731449384703394,8.42760841738026,0.5744399030796408,4.200627120424953,3,1,4.794175028524701
drv_0002,435.990510873367,3633.2542572780585,4.667685722031985,11.074134328730135,0.579301334677059,4.223590657133727,2,0,
drv_0002,1030.421706833011,8586.847556941759,0.07968691301076136,24.538613166976234,0.6769078761692735,5.375645306628096,2,0,
drv_0002,73.88526033776648,615.7105028147207,7.924485617788076,45.96693566143579,0.5773166423877043,5.812041281033253,2,0,
drv_0002,30.303160942336568,252.5263411861381,2.7361597751598934,27.88755283751675,0.5484178271688782,7.100301718521523,0,1,7.8408763607744
drv_0002,222.54592888138507,1854.5494073448756,4.378507810459821,60.78167623595946,0.6336306852631681,3.1244709573127176,2,0,
drv_0002,1756.2616553491073,14635.513794575894,9.383595399127525,14.408525266826869,0.5707194789306332,5.704333438869089,0,0,
drv_0002,277.5997588929732,2313.3313241081105,9.93021108536957,34.15036075175962,0.5269054845381687,4.462128117830112,2,0,
drv_0002,946.8626778770647,7890.522315642206,7.52701123915398,58.93894505995093,0.6238201988672292,4.537728363112639,2,1,5.249908530092758
drv_0002,924.4557143219379,7703.797619349483,5.626284960764955,17.15083506362844,0.5649258646555361,2.4116477493578685,2,0,
drv_0002,412.484213976977,3437.368449808142,7.773758809907716,44.37034235990442,0.576110679613828,2.374856317822595,0,0,
drv_0002,393.5047447666575,3279.206206388813,4.460620624054485,15.154053876745447,0.5750210509138222,2.0,1,0,
drv_0002,316.54957899356714,2637.9131582797263,3.8014657185694043,55.72176744635686,0.5577853013943208,7.674579461923827,1,0,
drv_0002,208.5377621652027,1737.8146847100227,1.0289503460979155,51.38133607287406,0.5132199611202878,3.1274076495653116,0,1,4.756296712039807
drv_0002,1204.2291317661786,10035.242764718156,2.3645105578631362,25.400327269292912,0.52625757617373,4.638265142029776,3,1,3.745430393699461
drv_0002,327.7163449828497,2730.969541523748,1.076396791180212,31.655480820097466,0.6666185793055234,4.119986605304732,2,0,
drv_0002,186.42199437482643,1553.5166197902204,7.558599302485016,13.839107525205176,0.6253883253351493,2.785264418813972,3,0,
drv_0002,386.9971148962852,3224.975957469044,5.734807751786746,7.334349470611455,0.48722057841194044,5.672351947966899,2,0,
drv_0002,33.89272229804691,282.4393524837243,4.898798010056869,38.377273309925805,0.6698237234199431,6.020896883740942,1,0,
drv_0002,86.86454967169287,723.8712472641073,9.809561177909025,27.86407542149073,0.6195898368468729,2.4582783502814056,1,1,4.538663295140451
drv_0002,24.0,200.0,7.238269684552076,156.4094734623404,0.5147486304696651,2.1952550669226563,1,0,
drv_0002,433.03531708191935,3608.627642349328,1.455903799444731,1.3954244333939556,0.561734724725123,2.0,1,1,1.7007458358953995
drv_0002,622.5338334449883,5187.781945374903,6.027453531819943,80.08288010860002,0.6221399514299115,3.7464352236788425,1,1,3.512914868708834
drv_0002,87.15124272029855,726.260356002488,2.292115678190573,41.07406486273225,0.47360191675970115,2.0,0,0,
drv_0002,303.5848356963698,2529.8736308030816,7.932013701726108,53.9282281301708,0.4975525296915263,2.9756938162033606,1,0,
drv_0002,372.8855772409506,3107.3798103412555,3.25805481700176,11.628583614533296,0.4362217457475142,2.729336675428381,3,0,
drv_0002,1232.966289078487,10274.71907565406,1.9768550059736067,54.30127866882813,0.49910222864782366,2.6529049308597297,0,0,
drv_0002,264.237672311791,2201.9806025982584,1.7031040611322146,16.631010424889208,0.6051369071604572,2.0278699284955373,0,1,2.385608738813615
drv_0002,319.70422339773194,2664.2018616477662,0.4939995403785724,35.13065977845813,0.5759164831150723,5.562316784146191,0,1,4.891273966991529
drv_0002,670.0334425770935,5583.612021475779,1.1515114032408247,123.03018920650175,0.5341158050481888,3.493070613253783,2,1,4.443114230199325
drv_0002,41.4577574376343,345.48131198028585,6.356936045366451,51.22355688585193,0.5701810822045141,2.8391297582455617,2,0,
drv_0002,248.72787738358832,2072.7323115299027,8.038967919808153,97.35418543286718,0.5734804723467065,2.0,1,0,
drv_0003,81.8487078380442,682.0725653170351,0.060977002522559776,28.21430259396466,0.8614418901189462,2.0,3,1,1.1312142987453961
drv_0003,303.3913151731211,2528.2609597760093,8.954172019542977,29.896772732056235,0.8282457535370596,2.0,2,1,2.801483656700131
drv_0003,59.02935855199919,491.9113212666599,3.6964712118716383,10.5810695147288,0.7526715808986091,3.235650900452785,1,1,5.89738724181157
drv_0003,24.0,200.0,6.356530235391301,1.3778428202628512,0.7468718469528081,2.0,1,1,3.1077921369080483
drv_0003,220.1066416525938,1834.2220137716151,2.662813696186591,73.09953444344542,0.7540322411566078,5.074229535391295,2,1,4.536429112706416
drv_0003,60.81681907944204,506.80682566201705,8.734692278296976,7.261781599646924,0.7404538728841318,2.0,0,1,2.1538074628212787
drv_0003,336.61271492089827,2805.1059576741523,0.20992412570668306,2.682968904650745,0.761285515944279,2.0,2,1,2.0464777595932064
drv_0003,746.2508577655933,6218.757148046611,6.232469858804751,22.969974824003586,0.7524046724538895,2.0,3,1,1.0
drv_0003,44.62195358007344,371.8496131672787,1.5474871636272869,8.23950434191244,0.7692376195555775,2.0,2,1,3.9717663099746807
drv_0003,286.7383816425899,2389.4865136882495,5.648837437695072,41.39105442125207,0.7603594064173435,2.6322199369139083,0,1,4.679273593917857
drv_0003,132.8524927068566,1107.1041058904716,3.4048793997718074,105.56436824958689,0.7578963305171253,3.634629727255732,0,1,4.532436805690002
drv_0003,249.08145074264414,2075.6787561887013,9.77645264410792,49.22585391741366,0.7344563245089601,2.0,0,1,2.46072002248084
drv_0003,567.0548481848341,4725.457068206952,1.8776827809650765,25.630834288147092,0.7905061072241563,2.192429375962722,1,1,2.0871854437129
drv_0003,160.57790270017307,1338.149189168109,7.998964283801179,18.44311310714836,0.748954493247263,2.0,1,1,2.990538644261724
drv_0003,117.43315540789096,978.6096283990914,8.85047884693688,26.013605456858024,0.8227906418436812,2.0,2,1,1.5405994311193196
drv_0003,697.6912416642373,5814.093680535311,0.8760058901046297,9.530738604828601,0.6538486123099928,3.9185230407517144,4,1,4.346971280985191
drv_0003,50.72385880074397,422.6988233395331,1.5668017137495216,65.96947708120592,0.7609340087197118,2.646966974375604,1,1,1.6973564504584626
drv_0003,188.29136523230866,1569.094710269239,7.847664795206395,3.940136411487584,0.7526313418612784,2.0,0,1,1.0
drv_0003,44.405084161462575,370.04236801218815,1.2800016203502473,14.411757102841365,0.7443837917503588,4.237435050096165,2,1,2.975713219326387
drv_0003,536.2301812885131,4468.584844070943,1.319299718324627,72.83496507961158,0.7785450802735266,5.8048614940737835,0,1,6.191448830335413
drv_0003,243.58364592542787,2029.8637160452324,5.688325474805086,4.744832594711939,0.6875161441066,3.0491870986825544,3,0,
drv_0003,48.18055869383545,401.50465578196213,9.231511700256512,13.711090588410746,0.7684067560118906,2.2587643455501736,2,0,
drv_0003,1299.9099460725226,10832.58288393769,0.5237249947552036,17.35125403094187,0.7365101017185487,6.000787885915076,1,1,6.830283891280413
drv_0003,880.1766846039195,7334.805705032663,7.934088059272702,11.098117306235903,0.8421547889142136,5.601957290371372,1,1,5.434332543157634
drv_0003,2035.6023188749025,16963.352657290856,9.883272043270559,78.29621620499132,0.8281557048048429,4.483256505266769,1,0,
drv_0003,25.611793739863376,213.43161449886148,0.47991372393927145,8.163201208559455,0.796062489468561,3.7657915743667747,1,1,1.2021223757939024
drv_0003,28.84243989867228,240.353665822269,0.5450382179265278,34.685950118653494,0.8574038241925811,2.8030118354817866,2,1,3.168327413989503
drv_0003,136.66537853381186,1138.8781544484323,9.133425716529347,35.33665598514262,0.8112533481683682,2.327540659725512,0,1,2.511734812125169
drv_0003,70.99027978779706,591.5856648983089,6.755557515913301,29.65182674629075,0.8768705793969878,2.0,2,0,
drv_0003,72.61856898553309,605.1547415461091,4.405398492085398,39.17980481350567,0.836127136544099,2.0,0,1,3.8690815258037685
drv_0003,582.8599623932887,4857.166353277406,9.13012390748643,6.255677038240693,0.8559225530912296,2.0,3,0,
drv_0003,269.25306966266373,2243.7755805221977,4.569464721792542,59.72323905717721,0.8166523142436904,2.0,0,1,3.6477285148609435
drv_0003,26.053648828479595,217.11374023732998,6.734211922627006,94.35469058966005,0.7163518106669993,2.0,1,1,3.1966239374111547
drv_0003,808.4155115750614,6736.795929792179,4.269145253645518,7.1146251052989715,0.78568509668948,2.0,0,1,1.9072068511672782
drv_0003,160.80212642191947,1340.0177201826623,3.9781680570725895,5.109141349758682,0.8218609735397959,2.0,2,1,1.0
drv_0003,152.5919286406428,1271.59940533869,7.0827824094360325,20.860017446216293,0.7802187041338007,2.0,1,1,2.176614479188932
drv_0003,712.167688496962,5934.730737474683,8.800981864556247,44.23853239777618,0.7906116419302772,3.8135150939957305,2,0,
drv_0003,664.0360740532167,5533.633950443473,2.5654984021667926,1.5552548477339696,0.799031506623219,4.600650834258712,2,0,
drv_0003,1128.4534028863925,9403.778357386605,6.41054233274848,7.680430838262348,0.7779027498020751,4.505829096319645,3,0,
drv_0003,522.1454193961116,4351.21182830093,4.489133281257661,4.633300933163795,0.7046581157742696,2.0,3,0,
drv_0004,684.6618803600369,5705.515669666975,3.179247824843153,9.230519400362699,0.7278106814854939,9.225935855363389,2,0,
drv_0004,80.10793416298428,667.5661180248691,4.815802449990753,34.32472620322318,0.7691915268302145,3.9299144290075847,1,1,3.352522085512484
drv_0004,187.76853371328988,1564.7377809440825,0.9609721369210211,33.345891092714325,0.726295702592015,7.622944584960862,3,0,
drv_0004,464.830555700412,3873.5879641701003,4.255944750779934,58.29165602290083,0.8273371439465277,3.9878629655123277,2,0,
drv_0004,505.24940090355574,4210.411674196298,8.68834486065381,103.05511892894795,0.7570877954824935,5.547717148772729,2,1,5.602598083676797
drv_0004,376.47935844263816,3137.327987021985,3.607796035379389,52.66012339901671,0.8105381387343292,10.207739767247794,3,0,
drv_0004,103.50740065121967,862.5616720934974,5.51147140034105,14.18936358077078,0.8349802184259374,7.554591259282194,4,1,7.610102578109029
drv_0004,37.6254162276745,313.5451352306209,5.2485353087193705,62.462813345685774,0.7298180812853531,9.89806493673532,1,0,
drv_0004,448.0497279608172,3733.7477330068104,0.17685109075052385,27.398176298848217,0.8048625547319651,7.866225157056057,2,0,
drv_0004,154.73779285968922,1289.4816071640769,9.671594869177072,10.071949680263629,0.7724012009204803,9.408617938117747,1,1,8.16658444229723
drv_0004,200.67265224541526,1672.2721020451274,7.711931566154201,80.80907910471946,0.8067781094857316,5.2638592746129165,0,1,4.308981981486735
drv_0004,174.25453411959955,1452.1211176633296,0.6739726059837792,17.260008817049908,0.7166681717747018,8.57460602170474,1,0,
drv_0004,379.205142177048,3160.0428514754003,0.5977501203984625,30.03485609988801,0.6974193216810679,9.83743773759252,3,1,11.294170994759535
drv_0004,172.25668854954796,1435.4724045795665,7.686911892818047,4.408742819885194,0.8565314675354861,6.277617007741422,2,0,
drv_0004,221.24774425891212,1843.731202157601,0.2631069141991027,0.5523139923476754,0.8761286988850279,9.827410413625193,4,0,
drv_0004,42.692109277753566,355.76757731461305,0.38101357340501574,5.749262922927269,0.7303549758414565,4.269332228931034,2,0,
drv_0004,26.36151118021595,219.6792598351329,6.518907603709573,18.167443008438617,0.7353477399723741,4.213095130720875,1,1,3.201850240922999
drv_0004,170.96628614612587,1424.7190512177156,8.30003466440167,23.18434618964183,0.8047048912979426,5.1552590842607255,0,1,4.189293453765687
drv_0004,238.82802231882954,1990.2335193235797,5.975048461655952,34.61447853983919,0.697045825382532,7.506452836485404,0,1,6.339920183807598
drv_0004,566.4274747882736,4720.228956568947,9.191837833452682,0.2411031573942219,0.7552046652936668,8.17540381086519,1,1,9.424062501652815
drv_0004,318.97545014035944,2658.1287511696623,7.495028664106923,43.24899278745624,0.6873543315361745,4.350782252379641,0,1,5.646654498780094
drv_0004,110.1231947535371,917.6932896128093,6.278196383717523,1.417281473617706,0.8018531401896865,4.174615275576238,2,0,
drv_0004,237.88723824234805,1982.3936520195673,8.84901827067911,0.8850486546478992,0.7636327693028429,6.554016695897355,1,0,
drv_0004,33.990966008840594,283.25805007367165,2.8835912043149525,2.4774296001052534,0.7248643665738816,7.374752301171527,0,1,8.006120628199051
drv_0004,139.30958895242853,1160.913241270238,1.6480517472719414,25.55230673823564,0.6929247498127153,8.566567890039387,2,1,9.010834488330747
drv_0004,24.0,200.0,9.64099631699083,21.508247199070166,0.7782272521061545,6.616171591038891,0,0,
drv_0004,121.68220165422895,1014.0183471185746,8.868770705816171,39.183629900724895,0.7440400549710275,4.848086909308174,2,1,4.395991672071652
drv_0004,377.1657266913726,3143.0477224281053,5.590445253404522,11.503314958844976,0.7745464049615612,7.7852124983709885,2,0,
drv_0004,925.9947280999013,7716.622734165845,8.4615684014164,16.514561393533793,0.7360061169237837,7.885945295288121,5,0,
drv_0004,464.6815321177333,3872.3461009811112,6.023117192475724,16.023967316286775,0.7398883959580386,7.564401518630316,2,0,
drv_0004,90.42798242101316,753.5665201751096,1.0166436612215257,39.86966183085187,0.6921089382006194,5.7557656751676545,1,1,7.4402807723408255
drv_0004,516.7785384115713,4306.487820096428,2.8209362886439715,103.48311626049488,0.7729705600153691,7.3328053279979715,2,0,
drv_0004,247.0318218857216,2058.598515714347,8.486524690132276,53.33725240496858,0.8345592463560803,7.806833104395375,0,1,7.30412786657717
drv_0004,231.10529968334055,1925.8774973611714,7.191978227183965,19.3207632123694,0.7865675183653084,6.652111627688109,1,0,
drv_0004,126.89886920305722,1057.4905766921436,3.840607606506806,55.781086986903205,0.7518952528047421,6.611178850407507,1,0,
drv_0004,391.6011918923793,3263.3432657698277,6.625065470129343,25.96050132786991,0.8823170002630777,6.678105864371139,2,1,6.119314930918788
drv_0004,178.83811847646675,1490.3176539705564,6.2110940051058,6.47769137867694,0.8273979241647558,6.196717743853153,2,1,7.16237693221006
drv_0004,273.67730571936596,2280.6442143280497,2.4076468986787303,10.268743612493699,0.6735285774841512,5.753597221745615,0,1,5.042144851078651
drv_0004,256.1929771726821,2134.9414764390176,1.2462725434916988,37.42392888337304,0.8648472377325744,6.731065557605703,0,1,9.06899193825445
drv_0004,132.24205297633168,1102.0171081360975,8.194694308621012,14.41533187462069,0.7247175507175114,8.134529161376106,2,1,9.244523322044637
drv_0005,142.56661156761103,1188.0550963967587,5.694354205540311,34.63726912202596,0.5101109390738472,9.393233114816237,4,1,7.198932038199718
drv_0005,823.9269521632807,6866.057934694007,3.8178522373806,13.819393624121824,0.5660218600801399,7.607366551661949,1,0,
drv_0005,270.8795105354096,2257.329254461747,9.856117891319016,19.557405370224863,0.6580807885846705,7.3682500246413785,2,1,8.36048927234967
drv_0005,471.93089240296666,3932.757436691389,3.563862382222569,16.164282946331248,0.4528527603408227,7.109716221485604,1,0,
drv_0005,24.0,200.0,8.348714315087777,34.45255088246577,0.5379911425418215,8.541717677433825,0,0,
drv_0005,24.01415932490693,200.11799437422445,4.327665511118573,25.100799205991247,0.5242196758902241,8.911214342211881,1,1,9.476486914343225
drv_0005,658.6074956903138,5488.395797419283,1.3479741345193808,1.6720063227959352,0.41926316394227514,8.179018939940038,1,0,
drv_0005,608.4021800601793,5070.018167168161,6.707047154195368,4.998670138103515,0.5477854046876018,9.021856751808576,3,0,
drv_0005,803.8055284298681,6698.379403582235,7.460751364719645,25.461066456733022,0.49765540551958243,9.543729833369184,0,0,
drv_0005,500.10192504136955,4167.516042011413,3.3875161114451178,4.573654465928483,0.45758380032168794,12.832871516481738,0,1,11.054784508810865
drv_0005,46.28738890299986,385.7282408583322,4.823294167492844,33.835051820395336,0.6500577660298583,8.081497680372069,2,1,8.102759661271964
drv_0005,58.41737250277292,486.8114375231077,0.5328172680565058,8.535644187304218,0.5151132420368374,10.04112610565025,2,0,
drv_0005,56.027117986476284,466.8926498873024,1.7960198246656056,12.277444215407286,0.5624368493146029,13.466497564657217,1,0,
drv_0005,185.2885318949496,1544.0710991245803,4.078079942886271,28.22110034113193,0.5629840089516831,10.46784046656803,2,0,
drv_0005,78.2336585997602,651.9471549980018,4.54707071518166,14.022663393146443,0.4930228213297544,10.953804114229378,4,0,
drv_0005,24.0,200.0,1.6901089560924987,14.265601491943345,0.5384443177507108,9.298145217289454,1,1,6.555890380684225
drv_0005,328.01587751842055,2733.4656459868384,0.46617205988656263,35.2971287483242,0.5312461780497525,6.39500345633515,5,0,
drv_0005,1054.023210867696,8783.5267572308,5.52206813523445,46.21550811659609,0.5550964512501019,9.36071616876176,1,0,
drv_0005,59.401966263845715,495.01638553204765,8.817567881642104,7.6053800890155285,0.5371297682970139,8.096348880507444,1,0,
drv_0005,424.7530398468136,3539.6086653901134,1.4210120466141263,178.81613963405488,0.5261173631788354,9.818541989205148,1,0,
drv_0005,24.0,200.0,5.889138742784043,91.78413506070069,0.5112454680001586,11.557908362311101,1,1,10.234025251872016
drv_0005,711.1801846605274,5926.501538837729,6.977195290350936,25.49887545829122,0.5394481745759349,7.53824705291118,2,0,
drv_0005,30.405207284180356,253.37672736816967,6.8562561579791375,20.181932486106042,0.49456918091240754,7.960025332118216,0,1,6.520354197711795
drv_0005,999.6766491231721,8330.638742693101,1.039048153417692,59.79092413602886,0.5226156868259978,11.207378060844029,3,0,
drv_0005,44.825088180284766,373.5424015023731,9.710581819497762,0.25111078166170103,0.48367900841585615,2.9811260287322217,2,1,5.137972955566459
drv_0005,24.0,200.0,2.627219377537273,3.550159112733501,0.5360026561644049,10.314349370463566,3,0,
drv_0005,24.0,200.0,6.139982514150145,31.340378488015496,0.5091534710162594,7.4558311422747,2,0,
drv_0005,1878.3892008135176,15653.243340112647,8.31409687797386,9.776146984153584,0.5911625335259282,8.758793294816726,1,1,7.5436354542347965
drv_0005,54.15548799969399,451.29573333078326,4.795482196821604,0.7938737815651496,0.5075716019692077,8.426341476026362,2,1,9.9607288344212
drv_0005,74.89461270728616,624.121772560718,0.14048575444939426,28.72830913970484,0.4862274754343507,11.414141420825073,1,0,
drv_0005,312.90001122222804,2607.500093518567,6.72629156122947,8.67233448028755,0.472643934064949,9.396925326065908,0,1,8.899221494650266
drv_0005,400.86627509688003,3340.5522924740003,3.8670412536897105,136.30320326965696,0.5835550216691779,7.515371757400526,1,1,9.190364020588081
drv_0005,488.61214764296744,4071.767897024729,2.685158033905916,78.05138696710395,0.4340796826001823,6.635130533359749,1,0,
drv_0005,93.21758034149845,776.8131695124871,4.29256588787689,17.014805705483532,0.6239855810415438,7.853471643901861,2,0,
drv_0005,881.4779665104662,7345.649720920553,5.782933635506936,47.033974009786846,0.5182329189730198,9.487443122211854,1,1,8.286222943715925
drv_0005,186.39906204669612,1553.3255170558011,1.6492453758177872,13.557725200171335,0.5011565511263404,9.850099071165197,2,0,
drv_0005,44.733793941919984,372.78161618266654,2.9757496822092087,177.72920524994507,0.5914544127193727,6.541772978249852,4,0,
drv_0005,936.2262299082954,7801.8852492357955,8.455966670419357,15.210820103714651,0.38757826749922974,9.408550826478315,3,0,
drv_0005,546.7719710717121,4556.4330922642675,5.893635377834153,29.39937188029855,0.49992307879713277,8.059423565794422,2,0,
drv_0005,346.45346528849996,2887.1122107375,6.412443523428236,15.345907851131003,0.4844027896988482,10.41041651473645,5,0,
drv_0006,232.73851536315757,1939.4876280263134,2.0883877176517807,10.866605810354772,0.4811408661890987,3.3183454971573516,3,1,5.474233103500745
drv_0006,369.4028922431482,3078.3574353595686,0.18968709185679278,4.9059798721522485,0.43416352203354835,5.819853001870042,2,0,
drv_0006,376.148898094473,3134.5741507872754,6.343346176275945,5.56604083850439,0.5054324011196194,2.0,2,0,
drv_0006,774.8430212725143,6457.0251772709535,2.9520765976980154,40.19208239847127,0.5561979975386122,6.004963287341828,0,0,
drv_0006,412.6924951477473,3439.104126231228,5.942068626640139,5.222934278537319,0.5506375463792326,2.0,1,1,1.7670003723507535
drv_0006,24.0,200.0,4.2536031311104345,3.157824101228433,0.451882521108237,2.77938107871346,4,0,
drv_0006,170.77093064876158,1423.09108873968,5.6494909195075245,5.483530183223122,0.5015737443773539,2.8832962646861735,3,1,2.080659294526229
drv_0006,343.3187667942141,2860.989723285118,8.956326182946228,7.443913910734114,0.577673462104406,9.111089920104586,2,1,7.902654956407064
drv_0006,156.6669186142842,1305.5576551190352,9.494459606501369,66.09225557472988,0.5226722792110501,3.343367490423639,0,0,
drv_0006,61.52778325118945,512.7315270932454,3.4682142710589883,38.202407754272826,0.5967622851646186,4.641862102015869,1,1,6.491557225328609
drv_0006,108.58770231335292,904.8975192779411,3.4054714190490545,26.164726584960277,0.549049043985982,5.125618928397984,4,0,
drv_0006,577.8813626490382,4815.678022075319,2.035274589504624,57.55527659852559,0.5165869228140012,7.1460405919033825,2,1,9.95674471241002
drv_0006,128.08485321924027,1067.3737768270023,3.8533843680293787,17.538927026079875,0.5069609890409339,7.033636315879531,2,0,
drv_0006,1671.1232019665977,13926.02668305498,8.212971346444316,17.92423207504696,0.5743984540266507,2.0,1,0,
drv_0006,65.29537364248685,544.1281136873905,1.1568568240782795,9.984905764142558,0.521478672798056,2.0,0,0,
drv_0006,60.31371588605676,502.61429905047305,5.952816278173383,0.4907520237045635,0.5427675292752017,2.0,2,1,1.4946679336684188
drv_0006,650.8616500771107,5423.847083975922,0.8558333108574234,34.374462683637944,0.5098622511676941,4.446690199460864,3,0,
drv_0006,24.0,200.0,7.716107883215432,4.874542997042434,0.5515777724139614,5.082513538089602,1,0,
drv_0006,87.78344168219927,731.5286806849939,6.094422110628651,22.935085187651126,0.4552421970355824,6.089979140786421,1,0,
drv_0006,50.005535565721495,416.7127963810125,7.197541431156783,12.463074805696353,0.5143451284547385,4.475642828556697,2,0,
drv_0006,54.66156665703317,455.5130554752765,8.696162028845876,11.17936649093878,0.5979135926414395,2.844244251876374,2,0,
drv_0006,627.89723669673,5232.47697247275,4.764939147111905,37.382853694620465,0.5166789352011422,2.0,1,0,
drv_0006,75.0875679371436,625.7297328095301,9.272876080959342,38.01967645973003,0.5807364713182142,2.0721264843947056,1,1,1.6672147398231851
drv_0006,24.0,200.0,6.991955983924604,27.954505522761302,0.580963591916612,2.0,1,0,
drv_0006,296.2689272172564,2468.90772681047,2.8003733400256916,4.087718023917545,0.5312123882012373,2.0,4,0,
drv_0006,24.0,200.0,0.8953198802036455,27.48119248815953,0.5183196194453922,3.0662587957495546,4,1,3.527503611146953
drv_0006,195.2907481632593,1627.4229013604943,2.495874310293389,32.32174160520205,0.5665323618184857,3.54531114760378,4,0,
drv_0006,81.58369297855657,679.8641081546381,6.967540245581397,37.437269139892024,0.5753759673640264,2.0,2,0,
drv_0006,155.0055838691993,1291.7131989099944,6.075446126732707,0.09216155405769146,0.47526554139556265,2.0,3,0,
drv_0006,141.28960371461986,1177.413364288499,5.727952461137499,4.521987161074133,0.5344075298432319,2.740265162506512,0,1,1.14061368415059
drv_0006,46.7419214559535,389.5160121329459,1.50906499691149,6.558081747627543,0.5299571740384184,4.193239287931377,1,1,4.893851406043311
drv_0006,116.39930131329315,969.9941776107763,0.10211568461961362,17.53303901759325,0.5651763128890791,5.99563822765632,2,0,
drv_0006,158.96899279679081,1324.7416066399235,3.793063494369977,19.548046654579043,0.43886766922422826,5.0602965605920645,3,0,
drv_0006,2098.53672144544,17487.806012045334,9.1944139079172,85.99801693830543,0.4790105703515467,3.0728740467289777,1,0,
drv_0006,24.0,200.0,5.047623084894008,131.04859837918468,0.47137537588544287,2.0,1,1,3.4564683136082817
drv_0006,530.8909522268381,4424.091268556984,3.0736444347829206,51.49414205661324,0.5101989366400794,3.3505580189844655,1,0,
drv_0006,136.7548391426959,1139.623659522466,0.6844159308757558,49.63784304372601,0.43703309160940185,2.0,0,1,4.216465446877749
drv_0006,236.4946139762912,1970.7884498024268,4.640470237967652,56.77337884484671,0.5252663141839508,2.0,0,0,
drv_0006,25.560544131904773,213.0045344325398,6.932082008408099,86.28245035526773,0.48950419035745346,2.0,3,0,
drv_0006,139.51555552017192,1162.6296293347662,2.676719124991066,11.1007017194754,0.517890529557174,2.58220751627123,4,0,
drv_0007,137.12289581806021,1142.6907984838351,3.6415516388735005,11.688075140331135,0.3527825311116864,8.551759602639033,2,0,
drv_0007,114.99929034786499,958.3274195655416,9.113520408613125,24.909162707614872,0.3737173921395085,9.63864614175446,1,0,
drv_0007,293.94095569348855,2449.507964112405,4.692217356697814,4.772148177140477,0.437106172652669,6.089065341805887,0,0,
drv_0007,393.24308033219563,3277.0256694349637,6.633934104979909,24.646066084866924,0.4144895305194466,6.956703747055242,2,0,
drv_0007,407.5498614753287,3396.2488456277397,4.151636279632166,25.371893240003303,0.38488740148040185,10.66959104373382,2,0,
drv_0007,269.98429403411825,2249.8691169509857,3.2932078749684957,3.8485012224758255,0.4583671059916793,9.346467082243912,2,0,
drv_0007,767.0584546511955,6392.1537887599625,4.5429906730830645,22.215632677512122,0.3462480650954314,5.3915886722243895,2,1,5.360351322869992
drv_0007,467.01011207132376,3891.7509339276985,2.9145852264138994,12.027939501526946,0.3590105242888148,8.886510620175581,2,1,11.710810676909029
drv_0007,120.39341128555193,1003.2784273795995,5.337204389306808,15.475119227765617,0.35810217370112857,6.788924846236628,2,0,
drv_0007,220.31771530896413,1835.9809609080346,3.7337749722044347,16.948529834994684,0.3711890042050991,9.006045468009273,2,1,9.822062180198353
drv_0007,313.7383907793525,2614.486589827938,9.478513757730182,19.005543125168685,0.43632622508084856,8.736362027719228,1,0,
drv_0007,293.01209442487914,2441.7674535406595,8.794596628593037,37.87476075385256,0.41701145911771487,7.979213914979066,5,0,
drv_0007,123.13577670703819,1026.1314725586517,8.7775842490893,15.504847714736416,0.31370829761312646,8.04270997735512,3,0,
drv_0007,825.0833630370674,6875.694691975563,9.566497437277086,18.61546571196221,0.4364392936348319,9.507658473306074,2,0,
drv_0007,1002.2934042103545,8352.445035086288,2.409324696772226,5.220725464841483,0.3491691487067306,8.091927156493018,3,0,
drv_0007,308.04914093203837,2567.0761744336533,5.3089984983068605,18.71756764184222,0.41522938871297477,10.022199234668994,1,0,
drv_0007,230.23743681522743,1918.645306793562,4.717198788647979,5.868927009161519,0.3421987220162473,6.119838671798649,1,0,
drv_0007,142.2162413791055,1185.1353448258792,4.892762194709861,25.166405710035196,0.40375534539579605,8.630878859757669,0,0,
drv_0007,455.5553295618733,3796.294413015611,1.2990779723312007,57.47657037238971,0.4169224528953731,6.87886758180533,2,0,
drv_0007,517.7398277974527,4314.498564978772,6.909817239048152,31.068057303121066,0.4373611519798953,2.3864632769110408,4,0,
drv_0007,308.5574487846057,2571.3120732050475,5.512665250538627,32.567883480432386,0.41137956643582446,3.487649146231883,0,0,
drv_0007,125.7533168126409,1047.9443067720076,3.271431732154456,105.31962866552739,0.35493789503587775,7.840224710957983,2,0,
drv_0007,387.63302832691096,3230.2752360575914,6.583956039838998,17.404535607311928,0.3449645478658204,5.172639409644732,2,0,
drv_0007,269.2893137934844,2244.0776149457033,6.2204583231228785,0.30386543184691844,0.4123338039735823,8.304761965919655,1,0,
drv_0007,165.61138455674,1380.0948713061669,5.62687015084099,79.50066142998013,0.3911441581431206,5.810512229104206,1,0,
drv_0007,742.2062398160359,6185.051998466966,5.990423085699454,34.25339610745213,0.33860587966795586,3.76180564074083,4,0,
drv_0007,56.443183088497406,470.35985907081175,5.304223480159653,16.547499070869055,0.3555319598371379,6.968146260161414,1,0,
drv_0007,52.57134891268586,438.0945742723822,9.950637061929449,3.518203585489637,0.33999350008284596,12.076304182259701,1,0,
drv_0007,874.4797012824152,7287.330844020127,9.836809790137455,94.1050279140876,0.30038279951559277,9.682198665798804,1,0,
drv_0007,830.8779941532248,6923.983284610207,1.3748769137640549,13.876080734341313,0.37636681462221616,6.871927560739309,3,0,
drv_0007,396.8766287552764,3307.3052396273033,8.883564239256504,38.118020681755475,0.3892345257492158,9.574995332014499,2,0,
drv_0007,24.0,200.0,1.0428982268232279,37.62207992697157,0.523962114317357,6.232824066067873,0,0,
drv_0007,480.6160200655532,4005.133500546277,9.925177991799355,14.496575618534816,0.3792533800713169,9.848990013633172,1,0,
drv_0007,429.3315291144959,3577.762742620799,6.840721017629981,122.32332179213006,0.4157529430244393,8.54756486345746,4,0,
drv_0007,880.6708671704039,7338.9238930866995,9.287393345460721,8.320861448811566,0.4561178351862539,9.261994702094082,1,0,
drv_0007,24.0,200.0,3.3269009317652385,8.156615564347925,0.40554762030168884,8.957662393130185,3,0,
drv_0007,82.25068368559496,685.4223640466247,2.073315786209715,137.50028441966313,0.4078744187695217,13.048428991716357,1,0,
drv_0007,418.75265929521976,3489.6054941268317,7.046705344872283,18.406878646096857,0.43193679571318666,9.636659657819083,2,1,10.197355005880643
drv_0007,305.73141925741425,2547.761827145119,3.231343056740057,32.4479654419075,0.4270402280473671,7.4976184686326315,4,0,
drv_0007,919.8427188281717,7665.355990234764,0.1532712358516264,18.167236282830032,0.36541924219580973,5.081310530156145,0,0,
drv_0008,214.05890259783556,1783.8241883152964,5.2150661467033395,73.15936743857252,0.4980367203630159,5.427227615766104,0,1,4.671578449593561
drv_0008,145.85785862843247,1215.4821552369374,2.5455477013823344,4.410049440189921,0.49413575736915216,4.364483902998627,2,1,5.9600704524805455
drv_0008,163.08429583874295,1359.0357986561912,7.384839149032755,0.5838431188673466,0.5174539633090526,4.925959682753855,1,0,
drv_0008,900.6068661812252,7505.0572181768775,3.8429901594946836,13.10622416162503,0.4963230383063679,7.773275837733204,4,0,
drv_0008,24.0,200.0,4.0594590847109515,60.801563789796816,0.47002207189509176,4.3431749404832365,1,1,2.0688256061090065
drv_0008,561.6796350196358,4680.663625163633,5.179645012971404,30.155976782496655,0.47759111690910133,2.0,0,0,
drv_0008,173.24241867574386,1443.6868222978655,5.733131164494044,8.353545978665123,0.5128657326133648,5.747315456836019,1,0,
drv_0008,120.76592249270503,1006.3826874392087,6.556335570574717,29.861976649528753,0.5652433115978457,6.9285683307777735,2,0,
drv_0008,114.8106703021564,956.7555858513034,3.7991133175293057,15.677298921535883,0.5203445271379293,5.823221404601423,4,1,6.247664111269774
drv_0008,321.49622730304657,2679.135227525388,8.07269168354815,26.777653560054045,0.4430196037142048,6.453470927892974,3,0,
drv_0008,141.07118892611936,1175.5932410509947,4.429454984998522,32.75458590339964,0.4290081303910538,2.2821526499727387,3,0,
drv_0008,173.2027442036431,1443.3562016970259,2.316975021351549,15.674903371740365,0.5162957532666408,3.410635015529918,1,0,
drv_0008,523.8914501727492,4365.76208477291,2.5708118397448256,32.67636925599589,0.5137712047693107,2.4294768085401888,1,0,
drv_0008,362.7235013908405,3022.6958449236713,8.059435654868762,10.129254784383589,0.48772384935484037,4.630421996258012,1,0,
drv_0008,50.410131122503294,420.0844260208608,7.182780691214895,62.986962244654336,0.4011569965391556,2.0,0,0,
drv_0008,585.6985368271711,4880.821140226426,2.3977364009816418,41.98050587835281,0.524547450679507,5.643316821138081,2,1,5.7547396921410465
drv_0008,696.9372228880623,5807.810190733852,7.785182202794319,89.06250043808933,0.6254018054487405,6.079271367548782,2,0,
drv_0008,385.38090874374575,3211.507572864548,2.88691456636488,71.92465870255032,0.5143200572799842,2.0,0,0,
drv_0008,454.75051327125453,3789.587610593788,1.1797632432951766,60.66109104465082,0.4751150823106589,6.100860413646278,1,0,
drv_0008,225.48023616130962,1879.0019680109137,0.8248402844458247,54.84389907177439,0.49953426988519284,5.47344449877631,2,0,
drv_0008,323.21980797528494,2693.4983997940412,5.489285512884971,9.783409024970164,0.505346922170119,2.2918439614343957,2,0,
drv_0008,46.817994772839285,390.1499564403274,5.9107726827002915,16.971302975803667,0.4455990343713297,6.634025653319162,1,1,7.293242174716106
drv_0008,560.4727419383934,4670.606182819945,6.821367090920115,9.642264576468817,0.49665840340528855,2.0,2,0,
drv_0008,305.8199268994132,2548.4993908284437,0.3847107543951811,3.168391723371448,0.45556209260094516,7.086922484532147,1,0,
drv_0008,24.0,200.0,3.3798453111879967,65.29248068567735,0.532456044375971,7.710913489273658,0,0,
drv_0008,787.2336418643583,6560.280348869654,1.2615652509875086,32.09949933662204,0.48067179070734306,6.5837688972023045,2,0,
drv_0008,399.2962235131548,3327.46852927629,3.7467362097373136,4.083928160252942,0.5889983617960762,4.852651054000746,2,0,
drv_0008,1457.180454720438,12143.170456003652,3.1102618210773523,23.792080988919036,0.49514685000342756,3.362235338251117,1,0,
drv_0008,426.1356900183837,3551.130750153198,8.320721019157016,47.57816107374747,0.4729326491393383,2.0,1,0,
drv_0008,227.68956824758743,1897.4130687298955,4.882361409896899,21.18892393754885,0.5360465022186517,6.229603520323739,1,0,
drv_0008,224.06251950123453,1867.187662510288,4.845967076733874,23.59429266942742,0.4749206384430496,5.733620487764947,5,0,
drv_0008,190.6432960248242,1588.6941335402018,6.282647685428949,44.24358874845969,0.4307508679098898,2.0,0,1,2.360587599755532
drv_0008,253.20817748801824,2110.0681457334854,4.189122478205274,83.64206042772837,0.4406760579218376,2.0,1,0,
drv_0008,465.82126191095284,3881.8438492579407,4.8097981270899055,54.25850437713469,0.5272959915498978,7.2945961408420175,1,0,
drv_0008,112.56319112593769,938.0265927161475,1.6560995558331282,42.755621268505905,0.5422697690505905,5.302487599093649,1,0,
drv_0008,117.27348595994447,977.279049666204,2.6695324725332634,74.51339322330425,0.5441470438897694,3.6878885236461705,3,1,5.553966527761798
drv_0008,80.58381693323938,671.5318077769948,2.6174451757355155,47.45447184067182,0.48510621309471164,5.811841627501282,1,1,5.682481482719468
drv_0008,275.49273080153387,2295.7727566794492,1.8169160927325179,18.608015796496577,0.5141428014057864,6.451875271400755,3,1,6.658950840676668
drv_0008,889.1219157984551,7409.34929832046,5.161822809902635,12.851911853366188,0.4882927930359675,2.0,1,0,
drv_0008,614.7445811451272,5122.871509542727,1.9599654743502715,77.63180619656,0.5071569706498268,4.095122930465272,2,0,
drv_0009,501.536496250274,4179.470802085617,3.4907976344712974,43.622743520734154,0.8053678401420141,7.8664921669084436,1,0,
drv_0009,1662.429307905799,13853.57756588166,3.311188606229434,35.77977952207416,0.7716338022362964,7.3323202517399455,3,0,
drv_0009,455.9043807687496,3799.2031730729136,5.146297971593173,1.2751609933540242,0.7880792041349527,9.410424043244811,0,1,9.172836736954078
drv_0009,113.46046752736211,945.503896061351,0.6477812725844645,90.70899105260708,0.8075138736499162,10.027783478250615,5,0,
drv_0009,720.4695295213683,6003.912746011402,8.639018314031096,33.06583187663995,0.8480370118939788,9.954832693623622,2,0,
drv_0009,87.12327141291827,726.027261774319,1.6562563214060566,16.458545047652535,0.7714721216009703,6.600633435984587,2,1,7.108523273521559
drv_0009,31.82848416734941,265.2373680612451,3.7948284588854744,14.482877925630756,0.7167836944909051,9.719092594455132,3,0,
drv_0009,198.93985337688414,1657.8321114740347,2.807676890652755,33.117096245770526,0.7890091835531031,7.454845383977044,2,0,
drv_0009,28.192342696462013,234.93618913718348,2.712666491110467,7.177633760672321,0.7759227109092356,7.660624596911465,1,1,7.987963303642309
drv_0009,24.0,200.0,0.3224645006480964,62.958615587625175,0.6992477055716585,8.329814967170634,2,1,7.324606514319115
drv_0009,779.2209742878808,6493.508119065674,7.868500580691595,11.83977842089968,0.7748354323240418,7.22023490957329,0,0,
drv_0009,359.17259289510037,2993.1049407925034,7.468117907099405,47.02687677805185,0.8034786440191397,6.136672769017382,5,0,
drv_0009,97.60547341521907,813.3789451268256,1.9026780185398773,8.834178075875572,0.7943768822118622,5.092224253107085,1,1,3.641712375551574
drv_0009,276.9382581459141,2307.8188178826176,2.030449816237777,15.747133030543761,0.752783380079598,6.907089189034728,3,1,8.05682213311315
drv_0009,85.68014004868606,714.0011670723839,5.534795594938995,83.36178716377158,0.7769183433452894,7.8660231013651964,1,1,7.348361371464566
drv_0009,94.36372590067322,786.3643825056103,3.2577381585571175,2.775404981621858,0.7132459762697948,7.832923697652162,2,1,8.789593375046186
drv_0009,98.31023718430782,819.2519765358986,0.3716576669650795,15.200281192643288,0.8255704856666415,7.1207377169948805,1,0,
drv_0009,129.4779198109793,1078.9826650914943,5.6275405745205305,33.02412792367048,0.7940261687014433,11.317876758682688,0,1,9.401489637047051
drv_0009,364.8758598411714,3040.632165343095,7.131526987212552,15.448422344259932,0.7540365465103709,6.335524473632796,2,0,
drv_0009,193.77711713091028,1614.8093094242524,4.584473492275968,111.71846726294805,0.7500272398040426,5.719980030170159,2,1,8.41185469551586
drv_0009,147.33600872380762,1227.800072698397,0.776529419648434,12.824982509059982,0.8156977458356818,8.320224664236576,4,0,
drv_0009,478.1038818273321,3984.1990152277676,3.444496364059013,8.818681229029293,0.7298537808088816,3.599445445231927,0,1,4.550313665167849
drv_0009,579.8621011687535,4832.184176406279,7.033811054945156,23.4232605401175,0.7799335160238056,8.249668439729472,3,1,4.996784651718899
drv_0009,65.63620307613516,546.968358967793,3.990577274330187,44.270882430915044,0.7336951118572063,8.880889543447225,2,0,
drv_0009,390.6501135759267,3255.4176131327226,4.03053589676337,23.20991569076116,0.7259080807562801,8.142486071794774,0,1,6.58367647508224
drv_0009,230.75734002967542,1922.9778335806286,7.324524058404144,30.320637053705426,0.758188538744464,5.182852176251009,4,0,
drv_0009,25.928905671538168,216.07421392948476,4.82702953384395,16.08911897874481,0.7443112965803355,9.838804818962213,0,1,7.378660723581801
drv_0009,43.07937223232939,358.99476860274495,7.415264666149627,34.420419367574524,0.7529183954340342,5.884519853196849,2,0,
drv_0009,25.96403264759346,216.3669387299455,2.0057801590679016,32.328328523116156,0.7124713961862577,8.614580516809689,0,1,10.061013963870808
drv_0009,351.24658018999116,2927.0548349165933,9.755572171579006,12.855932953801792,0.7113122359308881,11.531790743809648,0,1,9.694835268454826
drv_0009,517.9545264998208,4316.28772083184,7.24411413592353,18.712634708459042,0.756845298664429,8.908943991120847,2,0,
drv_0009,24.0,200.0,8.56073238281769,25.057897680886033,0.7158967568282869,5.042154514903482,4,0,
drv_0009,122.58660146047603,1021.5550121706336,4.906465883983733,16.389521695028144,0.7291621788653673,7.733167184037266,1,1,5.3861422442661455
drv_0009,436.7990507342745,3639.9920894522875,6.938441380171547,14.487389642536318,0.7783845937292697,8.717303560483732,0,0,
drv_0009,1912.9564761941324,15941.303968284437,8.84651498460739,33.378435992494836,0.7064819291279703,7.563401898823946,1,0,
drv_0009,307.3665588810111,2561.3879906750926,7.376689167764884,17.956282301953618,0.752841543570558,9.342711783460707,1,0,
drv_0009,186.8387444398483,1556.989536998736,3.744526431613245,18.384714221032688,0.7111488985446802,7.16817124465645,1,1,5.600007974546128
drv_0009,26.1053734006446,217.54477833870502,3.592091495566131,34.910328831127494,0.7905791972314191,5.335435029442243,0,1,5.361036763123724
drv_0009,1261.828364732639,10515.236372771993,2.64151275363817,16.26341677939376,0.8191712220848119,7.2304393050039355,1,0,
drv_0009,125.1107358634706,1042.5894655289217,4.3674977590114885,66.54230444545627,0.7181947054282624,5.9882083084531015,3,1,5.9598361843729
drv_0010,24.0,200.0,6.123733949742446,48.90228252108,0.5992072316106068,8.536975648881663,4,0,
drv_0010,24.0,200.0,2.1346643546797073,69.44243390023604,0.5191602795510054,9.196160518166305,1,1,11.965406272052384
drv_0010,240.9137254881993,2007.6143790683277,0.7068492250666547,14.025447052812144,0.5677900198348501,11.261646989506932,2,0,
drv_0010,248.74454538538424,2072.871211544869,8.811001121742132,41.92847462676946,0.5799819667764714,9.18068970860643,1,1,8.411209268095467
drv_0010,31.234458562584738,260.28715468820616,4.3463423303241555,34.583773854798764,0.6110014303284347,10.450817473807257,4,1,9.843945770753926
drv_0010,320.2296234147511,2668.580195122926,9.155688782180851,6.151446494617359,0.6097174544516867,6.703687831041954,1,0,
drv_0010,1500.5532937402209,12504.610781168509,9.95159224827593,6.044491135974958,0.6012023354695187,12.204282085151968,1,0,
drv_0010,24.0,200.0,8.016905832437436,34.91308666075398,0.6486817272676045,10.631011277405204,1,1,11.306846937056804
drv_0010,31.982096189682878,266.51746824735733,0.8047570811200511,54.33403301550009,0.56906892369017,6.888952820351135,2,0,
drv_0010,114.62383117110102,955.1985930925085,5.622190949813842,2.0697269709899953,0.595509650022604,6.1494597725891875,5,0,
drv_0010,72.8980595327674,607.4838294397284,5.092327231874682,9.517931499736576,0.6369961603975578,6.601762874825354,0,0,
drv_0010,199.35834052797853,1661.3195043998212,2.4053044167658677,29.802314161614717,0.5509480038663789,9.8947395637126,1,0,
drv_0010,78.91356566631038,657.6130472192532,2.8223513721001217,17.066902305056878,0.5145340336495742,9.769294255776716,1,0,
drv_0010,24.0,200.0,6.467256318181903,5.158283362774857,0.5432143512768723,7.543617723749692,1,1,6.251761569029284
drv_0010,24.0,200.0,3.4430327626231128,42.95003511844503,0.5351945738067145,5.5788326413269775,0,1,6.029797213247143
drv_0010,414.15659455790495,3451.304954649208,0.9643686928984951,19.552818445266038,0.5610857247400153,8.496902881906543,0,0,
drv_0010,118.46054657745012,987.171221478751,6.291904741470141,12.011374590647383,0.6344835374740855,7.742163009010601,0,0,
drv_0010,340.6260393741346,2838.550328117789,7.474157235674572,6.114350651598517,0.5288743588976661,8.883462075662765,1,0,
drv_0010,54.043225518448224,450.36021265373523,0.36213282202784525,1.75975184569886,0.5730203689661646,12.083564223624773,4,1,14.274811272184138
drv_0010,351.3231619995876,2927.6930166632305,6.7692434503244865,1.348810065003882,0.5515283084738666,10.740527046339858,1,1,10.48103520609572
drv_0010,24.0,200.0,2.3663158790150627,8.689435513076722,0.5146031252255179,7.649243321511742,0,1,6.053736141891699
drv_0010,306.7679668893583,2556.3997240779863,3.759456632253068,109.5153447912662,0.6403670370016779,11.979014206098459,4,0,
drv_0010,267.7839931377573,2231.5332761479776,9.735723840683805,6.436410775114283,0.5383732972668054,8.234636362444746,0,0,
drv_0010,24.0,200.0,1.5653239998057367,11.487864796993495,0.558075687602583,11.289565730287993,3,0,
drv_0010,328.62399791392096,2738.5333159493416,6.630595667813295,1.8436274757588575,0.5308146727480607,8.690017454301806,1,0,
drv_0010,213.4673738704335,1778.8947822536127,6.314445957887069,23.537991222147284,0.5927172421762189,9.97628159833872,2,0,
drv_0010,268.62558465430163,2238.546538785847,6.703680361369232,72.77460171989866,0.6118246337361114,12.205669007922367,0,1,10.611082820145533
drv_0010,54.519040282967445,454.3253356913954,8.387341476805865,12.470912238357087,0.6332584833695489,11.40300903744593,2,1,13.538046475386517
drv_0010,141.55468759096294,1179.622396591358,7.389843640732881,17.135471536019843,0.58798871825981,6.442001812247337,4,0,
drv_0010,153.47148164409535,1278.9290137007947,2.1444080437317172,4.080223798568119,0.5441454936498697,10.854724468696029,2,0,
drv_0010,442.17138634659483,3684.7615528882907,4.429268794307392,40.18424402132294,0.6151364109612465,12.408792206285147,0,1,10.482548081505554
drv_0010,24.250102569374878,202.084188078124,1.7426763828584202,22.68994164534741,0.5906967032020867,8.067685813771895,3,1,8.899307876651775
drv_0010,241.428891051884,2011.9074254323668,9.978304418292232,192.9397023451947,0.5977704468943307,9.554701717481208,4,0,
drv_0010,317.7041530487414,2647.5346087395114,9.45317177562184,38.21848742902372,0.5084972307258316,7.839029497872811,0,1,6.059872801332044
drv_0010,24.0,200.0,2.4341427894672196,0.8254924039380195,0.5113103635237086,8.976365808442843,0,0,
drv_0010,29.418818370717574,245.1568197559798,1.9020342013750524,0.25012914666194874,0.6263062525199649,8.238260677245467,0,1,7.420908666111955
drv_0010,353.70993066706853,2947.582755558905,0.5046938195693629,52.180682941342766,0.5958584228176794,12.351799477221068,2,0,
drv_0010,706.7279506098629,5889.399588415525,2.0933673772351167,15.47263380781468,0.6509776014717736,10.272007129947662,0,0,
drv_0010,579.3469214445713,4827.891012038094,1.3366685793500321,43.96474806710741,0.5179399702950337,9.299357898504697,0,1,11.915842097686047
drv_0010,246.26769023766724,2052.2307519805604,1.1801814103653618,38.56474427320132,0.5278703935733218,9.374511071066122,3,0,
drv_0011,339.474965758109,2828.958047984242,6.611459336346566,2.0769125605110914,0.8532184843279578,6.88928680755171,4,1,10.042335313641303
drv_0011,768.6831414029863,6405.692845024886,9.371113172473816,123.95007448283246,0.8173521855066661,8.874690771489654,2,1,9.789043577345302
drv_0011,142.38139461981217,1186.5116218317683,9.00284107218644,5.074181284319549,0.8800885012320234,9.76815616150997,1,1,14.048334068451584
drv_0011,253.5090966015783,2112.5758050131526,8.373969680809516,64.7336333289013,0.8924954277913292,8.595582737787261,0,0,
drv_0011,281.494282007237,2345.785683393642,8.306111827768216,52.48124500220865,0.8484491521097078,10.674141325942827,3,0,
drv_0011,58.924620569568134,491.03850474640114,7.359549053438013,9.205153177340959,0.7622490382211277,7.758193928211494,2,0,
drv_0011,788.5534651285536,6571.278876071281,3.818001926691256,3.1307134051928345,0.8515656205490068,9.591787469653676,2,1,8.233920770091936
drv_0011,1845.0824241150867,15375.686867625724,6.101039857622878,18.762560468034806,0.9798842667248917,7.234373851846382,0,1,6.646622523505281
drv_0011,45.422186003843485,378.51821669869577,5.397986644675327,24.84337327503863,0.923002241424098,10.474071987051978,0,1,10.496675749808158
drv_0011,438.86919697283184,3657.243308106932,5.127977737303551,44.66801499380134,0.8450650162879536,6.252569623419567,0,1,4.54194160492444
drv_0011,1050.452749956133,8753.772916301108,0.6693888212880283,28.410565290564705,0.8074799869896906,7.95908108397245,3,0,
drv_0011,1342.5462629095705,11187.885524246421,7.312731848931547,7.198620402795978,0.8866422450289237,10.391355836998633,1,0,
drv_0011,88.71334632906557,739.2778860755465,4.835584097326096,19.971486597695097,0.8636239742596324,8.954910439167985,2,1,9.541878412083047
drv_0011,418.78417806750565,3489.8681505625473,7.830180960936087,64.45035605303664,0.8829391157585037,12.439386814898736,1,0,
drv_0011,180.84955517187308,1507.0796264322757,7.716070649375649,60.571442767679414,0.7489953425307835,5.953621325813415,1,1,7.181314037793087
drv_0011,715.9133603386935,5965.944669489112,6.824446144807523,0.8877136854347394,0.843812832070883,7.485341368779814,0,1,8.56858625994708
drv_0011,25.65870338969962,213.82252824749685,6.307585704328801,10.842935333753353,0.8498271791954947,10.796282994546937,1,1,12.719543571339306
drv_0011,223.34729210141006,1861.2274341784173,0.5822495882326029,5.906868081063739,0.8916808273307474,10.9607523303481,3,1,7.103615621757593
drv_0011,265.7565424740955,2214.637853950796,5.334192581620711,25.241247982752412,0.9021346505854997,8.419863471789434,1,0,
drv_0011,218.1206325922295,1817.6719382685792,8.910718001583586,33.60783691571862,0.8772523063258347,8.802217632987217,1,1,5.861682140624225
drv_0011,120.67270281361887,1005.6058567801573,7.634913303412093,14.660308665905884,0.8187530916430641,10.513292897117116,0,1,9.792536802934274
drv_0011,162.39362785369792,1353.2802321141494,5.618022993185058,16.746794220573552,0.8475642478159967,12.78420431779886,1,1,14.081487657014836
drv_0011,324.0830766674106,2700.692305561755,9.094067416710258,2.4804060319137817,0.8523579238034055,5.736531556996616,1,1,4.100232062852616
drv_0011,24.0,200.0,5.7352079522297945,46.56072529805601,0.8085450892182697,10.367700802337142,2,1,9.503296118858293
drv_0011,46.879119450226874,390.65932875189065,1.8278112153382964,0.13050342327550085,0.8044841771254785,7.7741403595083405,2,1,8.935470022518258
drv_0011,47.10831936173502,392.5693280144585,1.845359374358717,7.75355892738924,0.857843307182857,14.34956785098202,3,1,15.694305116758613
drv_0011,144.11896633126767,1200.9913860938973,6.958308364572262,37.946535544061994,0.9023544042357055,11.471783134025367,1,1,9.185039253353082
drv_0011,308.77296221191875,2573.1080184326565,9.7006796364194,35.90848395973943,0.8987996612873475,7.355294488780007,0,1,7.873588497795041
drv_0011,120.22743686982045,1001.8953072485039,8.82863628783612,6.076910698532073,0.8197768229114786,10.08679681539539,1,1,8.880008047972328
drv_0011,243.18678363007794,2026.5565302506495,7.743665638858888,0.8856419688897099,0.8668639205835564,9.038848518318817,0,0,
drv_0011,516.7711135764579,4306.425946470483,9.627424894399509,4.154910146761519,0.822675183689726,7.590827351028272,0,0,
drv_0011,201.3448771489973,1677.8739762416444,0.3730365837168459,54.5548162325407,0.9586164451163994,8.67937094052313,2,1,4.357832965699816
drv_0011,71.87788311397394,598.9823592831161,1.4367786976845676,53.95526104128002,0.8732662242432689,8.326434888115573,3,1,8.937484968354866
drv_0011,361.79807185904707,3014.9839321587256,9.1662144625598,2.083889849160661,0.893366131963026,12.499301530999965,0,1,11.21929595586886
drv_0011,434.4746874672539,3620.622395560449,6.9492521026518075,2.8247089612918717,0.8490894535090026,6.055270775348935,1,1,6.264553808432327
drv_0011,24.0,200.0,7.956650121873343,12.712277302085036,0.7796981767736035,8.190399384005623,0,1,8.013177434500241
drv_0011,319.27346733019215,2660.6122277516015,7.405933144856348,55.47547212512347,0.8848813635838355,12.776327636374612,0,1,10.799254318244264
drv_0011,425.69555765486746,3547.462980457229,3.0668065724629234,28.504382957418045,0.9241059970810294,9.305056048150727,1,0,
drv_0011,117.29424646648265,977.4520538873554,1.8855822445034942,16.02780506457028,0.8623610857911426,8.646143038757874,2,1,6.928377254135427
drv_0011,788.616137941646,6571.801149513717,0.9370474309633303,0.14798619725930068,0.8482026509629433,10.941750588872479,0,0,
drv_0012,137.60867545216405,1146.7389621013672,1.287445716952541,0.8871709220351996,0.57157872617717,9.365444518501732,3,0,
drv_0012,986.2611926290945,8218.843271909122,3.038412268308682,0.9044976903301098,0.5654572617981891,7.551959603215508,0,1,8.63669744291708
drv_0012,122.92070519247727,1024.3392099373107,3.603839846406398,76.15876437304922,0.5878032137066032,9.652278856450367,1,0,
drv_0012,234.38913910105762,1953.2428258421469,3.0293052552346533,16.48250943110885,0.5654615860904324,11.431939529169997,0,1,11.847377820312053
drv_0012,648.9922370441042,5408.268642034202,4.373823817834221,19.088900054379344,0.5843733516969201,7.634527402508046,1,1,11.364910562483843
drv_0012,433.34872071224675,3611.239339268723,1.2737815503917893,37.80544981406712,0.4732981325649429,9.726400263132367,1,1,9.80093124815956
drv_0012,24.0,200.0,3.999054426913781,44.76327581890441,0.5000687467208854,8.511465495081348,0,0,
drv_0012,193.45616730708085,1612.1347275590072,4.520314228145929,7.373052050968153,0.5629069304035047,7.002732914271883,3,1,5.008405503509461
drv_0012,689.217437487258,5743.478645727151,1.7087971128215174,75.33159065355119,0.544343584206414,10.100422199530838,4,0,
drv_0012,65.53781619644255,546.148468303688,0.8467286375360095,8.20218682096231,0.5464904591605206,12.187962964138126,2,0,
drv_0012,878.5175173895169,7320.979311579308,7.209429726898487,7.94864210986619,0.46721514758494465,7.668389601240138,2,0,
drv_0012,34.8274541002812,290.22878416901005,2.680643187202174,9.933759471192413,0.533020051814521,7.395535958355483,1,0,
drv_0012,1492.7731042601908,12439.775868834924,2.092052772997983,7.446018755428441,0.5975274905124548,11.569584323045623,1,0,
drv_0012,151.32272386338434,1261.0226988615364,7.885231401593346,73.25728705073877,0.512705346506757,8.867900675396047,4,1,8.49633014716433
drv_0012,216.32448417041743,1802.7040347534787,8.287449031701644,67.1104568779869,0.5681400526359822,11.702096455423815,1,0,
drv_0012,38.79743859183595,323.3119882652996,3.773490396092999,1.802410876976019,0.4457324526937668,7.289941373001587,3,0,
drv_0012,46.33532901099861,386.1277417583218,7.6866161055585,18.23278772441146,0.5106930147841179,8.145817120802315,2,0,
drv_0012,364.52678841622543,3037.7232368018786,8.351239139059656,14.098550083984623,0.5022757646150747,6.436639617559759,3,0,
drv_0012,24.0,200.0,4.107027142125662,11.890683679356114,0.5953925044759069,11.711249458340514,0,0,
drv_0012,60.499380874042274,504.16150728368564,8.871022150135651,28.710618576545315,0.55526954769427,7.706965992305429,2,0,
drv_0012,256.5180733454059,2137.6506112117163,0.6148224695125892,2.4748100169819884,0.5139288288777503,11.299555752578529,0,1,9.86064377298723
drv_0012,1401.7746939160497,11681.455782633748,2.419072790453546,46.60160090687134,0.5868141145470257,12.343953535790913,2,0,
drv_0012,109.66337819587362,913.8614849656136,2.0947636637297853,41.13688617851563,0.590333226984206,11.428033436657811,0,0,
drv_0012,287.9485898288143,2399.571581906786,6.79729402773982,17.98787469791123,0.5562217528127764,9.709631402395544,1,1,8.483998159171579
drv_0012,336.786843890548,2806.5570324212335,1.9669077056998807,13.61908928452423,0.5199734820570067,7.962238082956625,3,0,
drv_0012,24.0,200.0,8.417747164054443,18.67154499132181,0.5769869583467611,5.846438604261973,1,1,5.641085697946131
drv_0012,31.73998281860661,264.4998568217218,4.312657181778582,65.61451398026594,0.6508790779727407,7.3745711871275645,1,1,7.254897365241239
drv_0012,658.0280803402301,5483.567336168584,2.6205130984781224,10.51671315001706,0.5628225921666928,7.979409456601896,2,1,5.091704522971117
drv_0012,398.7768716733279,3323.1405972777325,8.6469872657145,80.98343485811972,0.5268792467342991,11.652006805585604,2,1,13.194056759962564
drv_0012,322.6337632841255,2688.614694034379,9.434528915307565,31.242126953548116,0.5987675518221838,11.899527611534694,0,1,13.87285573918814
drv_0012,286.35988156171146,2386.332346347596,6.936858996832285,49.95801093750815,0.54353513990491,9.443428639160134,1,0,
drv_0012,45.35186025656243,377.93216880468697,9.044980348393999,103.03532618361717,0.5995811772045383,8.89073152609981,2,1,8.25285621162951
drv_0012,149.29455551389623,1244.1212959491354,7.015729750509268,19.3711520497978,0.5471445905972259,10.17624358914012,2,1,9.773146222583405
drv_0012,111.02970615127325,925.2475512606104,2.272466943412106,22.64229431595873,0.5562904673674011,9.42579094245581,2,1,7.962663050432157
drv_0012,590.0739614170919,4917.2830118091,0.8900945298804708,13.82512264356026,0.6306135799190877,9.064827593805601,0,1,8.671897925064563
drv_0012,385.6655559468979,3213.879632890816,8.951861838219838,0.34259548404792023,0.5750879526719185,10.427862882628876,1,1,9.145532317937002
drv_0012,113.61027028185806,946.7522523488173,7.096823896556014,15.147593496936583,0.551209018950355,7.547000517164987,2,0,
drv_0012,98.21407619649337,818.4506349707781,4.59268248618087,40.42406320829183,0.5632817209166449,10.623038087319252,1,0,
drv_0012,117.37548810200732,978.1290675167278,3.0913641637026315,10.18033955204366,0.5885871583029477,8.219319650388364,1,1,7.291723049031446
drv_0012,370.8557521727925,3090.4646014399377,3.5746153955355076,24.638811706597494,0.634099263031375,3.594817290884552,0,0,
drv_0013,897.8324911414442,7481.937426178702,8.204611884256888,81.01087778986074,0.5679300075913953,8.565476815905647,3,0,
drv_0013,351.9853791799967,2933.2114931666392,3.3938779063393234,44.00602606822289,0.7388551994898593,2.8037301670482235,1,0,
drv_0013,490.34772725576744,4086.231060464729,9.55638845379599,46.59447480841015,0.5743523280266135,4.468179695534577,1,0,
drv_0013,245.17069511345036,2043.08912594542,7.238454921273879,89.13939677380921,0.643922292677563,5.118120849660861,1,0,
drv_0013,173.26745949543243,1443.8954957952703,1.937536225646388,29.92035766939096,0.6603217932779044,8.74670383975496,2,1,11.771310496921917
drv_0013,396.47352700356623,3303.946058363052,2.679108917640259,40.4998825799175,0.589424548837892,4.553232202411889,4,0,
drv_0013,188.4248778704441,1570.2073155870344,9.159662292889513,37.4186940097838,0.6440988970573356,5.326353004304583,1,0,
drv_0013,377.4508624978448,3145.423854148707,9.695016462198918,65.24512525980333,0.6656886641735924,8.625039283664627,2,0,
drv_0013,161.85476045827753,1348.7896704856462,9.107787066415886,18.277455199025923,0.6143776455850035,4.46456168917245,1,1,4.950620994394531
drv_0013,926.5293182150616,7721.07765179218,4.70131885646374,5.440971425758468,0.6834495247846459,4.523122838906936,1,0,
drv_0013,207.68428158284456,1730.7023465237048,2.986932602989011,22.177478325290895,0.5636467177141812,6.242298224975138,2,0,
drv_0013,163.99083123274266,1366.5902602728556,7.719478146538693,27.94532650431324,0.5346423026874901,5.075449277953351,1,1,4.9559066111063155
drv_0013,64.86928557833139,540.5773798194283,2.2715119323299704,2.359309570292952,0.5796950183013901,3.5852585911446724,1,1,1.6961966436224034
drv_0013,328.2876643177054,2735.7305359808784,0.5060081408426031,23.025990525173878,0.6644896351321125,7.2328123258220005,0,0,
drv_0013,296.9353598888318,2474.461332406932,0.3190102709610765,37.88724361781889,0.5654111190357891,5.051061616200338,2,0,
drv_0013,25.014339581787713,208.45282984823095,6.790411926744014,43.427034739516465,0.6578599931122089,4.863100899432911,1,1,5.235342723533498
drv_0013,62.4462569365505,520.3854744712542,4.570963156201486,9.612880635167729,0.5979175098203532,4.528770242885313,3,0,
drv_0013,199.57032013387618,1663.0860011156349,6.095703548547946,12.414507285398734,0.5936396825763388,10.127452521705582,0,1,11.934252727005564
drv_0013,67.6334423131085,563.6120192759042,1.825901784333861,3.624997410944357,0.593876289397012,2.453627687828918,2,0,
drv_0013,43.131065135953136,359.4255427996095,2.0759229672346082,44.781819783147526,0.6494796206079566,8.87681840345641,2,1,8.317330796254405
drv_0013,295.45854494126837,2462.1545411772368,2.511313155888635,8.61451341275743,0.6139763212164085,6.057388109504767,1,1,7.228539314773718
drv_0013,24.0,200.0,0.9434642844110874,28.296089495176687,0.6403673820092959,4.546554675838695,4,0,
drv_0013,274.58839477012793,2288.2366230843995,8.392041888230073,58.96719091642041,0.5959831406893955,9.489796337637069,1,0,
drv_0013,169.94933239561854,1416.2444366301547,4.9400470882502745,21.386856250375043,0.6532995983471089,2.0,0,1,4.46603446280538
drv_0013,92.949843702368,774.5820308530667,9.995858568227398,35.81165963130618,0.7362312894727328,3.636695812739875,1,0,
drv_0013,140.8160437591818,1173.467031326515,7.16610072323613,14.576464770536706,0.6486866101217541,6.275088165150791,1,1,3.85383742563256
drv_0013,493.3337081124736,4111.114234270613,3.2443600170679208,14.638440757196213,0.60700685669039,3.835703200903539,0,0,
drv_0013,24.0,200.0,7.406791069681057,6.92845117557464,0.5594123309588881,10.64971761935097,0,1,11.46046647915772
drv_0013,789.0722793817228,6575.602328181023,6.491134314333358,37.237547402228536,0.6115175999464217,6.1722699253595845,2,0,
drv_0013,356.7697604236389,2973.0813368636577,2.475326284697635,7.789305504998504,0.6064801241586555,9.857925831301026,1,0,
drv_0013,68.54440106896718,571.2033422413932,4.419504473139738,36.48073214358031,0.677251083303996,4.258375306307721,4,0,
drv_0013,406.8900033925837,3390.750028271531,1.8219624104655774,78.47837945473482,0.6435401054405999,7.033901936252937,0,0,
drv_0013,231.16858203562904,1926.4048502969088,4.036230225311662,4.219268395521886,0.5818071907549575,2.236081809025059,1,1,4.437489755840765
drv_0013,524.6512631825639,4372.093859854699,8.658041226578424,43.03287736623028,0.6488821073238921,7.302998043204201,5,0,
drv_0013,81.38387886566939,678.198990547245,8.35078887373344,9.123675407602963,0.5585311619090324,4.877802032188843,2,1,3.7507476197762775
drv_0013,407.81540014972956,3398.4616679144133,0.5260862322955473,74.3255249842698,0.6613423728124234,8.168036251826736,2,0,
drv_0013,1126.0040166381377,9383.366805317815,5.801152062957081,63.413518329925196,0.6014963775790119,7.517124853726175,0,0,
drv_0013,502.0366182415126,4183.6384853459385,7.996726108841337,20.913309233945085,0.4969928358338407,5.750382025205837,0,0,
drv_0013,63.986644778521885,533.2220398210158,6.699752444594978,43.43290432591298,0.5775597951487607,7.397227332811058,2,0,
drv_0013,252.98889318429585,2108.240776535799,1.489664933939805,54.65838937817393,0.6792383769108682,2.9555488628313102,2,0,
drv_0014,58.874246574492375,490.61872145410314,9.365531886768167,10.172818309752627,0.8982306971603333,11.180126909359782,2,1,11.633376194945654
drv_0014,54.63245335107879,455.27044459232326,0.25969951542002656,3.4886382899603117,0.9712126301779694,11.145960450361166,1,0,
drv_0014,184.75818450264427,1539.6515375220356,5.171236607972097,39.38650404220212,0.8962802020777835,14.117052681864152,3,0,
drv_0014,598.2614334956492,4985.511945797077,2.2988596313923626,0.15496334464723877,0.9209958987338253,8.892091611372269,1,1,9.90448239431695
drv_0014,374.98316105314774,3124.859675442898,1.2688305506554631,63.571901171978816,0.9581464755187231,12.89171031245216,1,1,11.917339116987261
drv_0014,139.75956682335445,1164.663056861287,0.25750267634904844,8.005821682455911,0.98,10.964136202940267,1,1,12.562195888524188
drv_0014,24.0,200.0,0.589607625033367,15.721477804886167,0.9320082773633319,11.848093588077361,0,1,13.0711504158671
drv_0014,393.11637765092854,3275.969813757738,6.5880696532325524,60.9344479565167,0.9051238994459136,11.18571625437837,1,1,11.26907792009111
drv_0014,170.36873809307386,1419.739484108949,7.687701821875709,22.29322616590364,0.9295763515133805,9.86737842479134,1,1,11.513977083854774
drv_0014,422.37826080290495,3519.818840024208,9.513379828125677,18.9525650943465,0.9181470850430163,8.517146849133727,1,1,9.28401073401538
drv_0014,62.72110094023908,522.6758411686591,6.382836225136748,4.156395514027843,0.9377651812973118,9.643783892320869,2,1,10.965622078914471
drv_0014,531.2179052391087,4426.815876992573,5.722517515148758,48.89741875833969,0.9630437722584039,12.42704840268185,2,0,
drv_0014,422.75840258779004,3522.986688231584,0.9456462580768621,16.014517448523964,0.974071850819157,10.964134144002925,1,1,11.740132667041447
drv_0014,370.30140406257016,3085.8450338547514,4.17515741158582,16.170016150811595,0.98,13.977984676552396,4,1,12.987431586617834
drv_0014,305.81313070285046,2548.4427558570874,9.226202223615141,63.96991231997462,0.9768764806691237,9.875167404197041,1,1,10.036222148093062
drv_0014,592.2374902840578,4935.312419033816,7.426169868431231,17.854404950945302,0.9476962608033227,9.175879429128301,1,1,9.224253818191114
drv_0014,151.87694349382258,1265.641195781855,8.022589310243799,31.878562124886752,0.9012551027982678,11.106978489025229,2,0,
drv_0014,918.415306352478,7653.46088627065,9.436443174575365,32.740794322420506,0.98,12.115767744736955,1,1,12.143100550879298
drv_0014,753.0073921693457,6275.061601411215,4.148611348694083,1.9580906297263192,0.7999094248989622,8.697500279400366,1,1,7.72933746104403
drv_0014,28.029855384286023,233.58212820238353,4.397077762136352,42.659303047185546,0.98,8.82904955152188,1,1,6.981204513203696
drv_0014,110.48868856429296,920.739071369108,8.470569058080907,5.1325264695913315,0.9534282513881932,7.2794644658762975,1,0,
drv_0014,49.77642468786763,414.80353906556365,2.232093752212929,14.171167550580792,0.9517971859067959,9.599301316427686,1,1,8.745707584591779
drv_0014,106.26424289153802,885.5353574294835,4.747702121208351,0.3987933723747419,0.8898725213950525,12.028857320442414,3,0,
drv_0014,56.351876864746025,469.59897387288356,7.442822045127962,37.060450575753194,0.8831309032528121,12.835063254800076,2,1,13.398830824926867
drv_0014,226.87813036296205,1890.6510863580172,3.152275894433264,82.93330604173342,0.8605857001365464,9.65136889461501,0,1,10.60504919317469
drv_0014,124.10922227344801,1034.2435189454002,4.531415258657768,7.901209261431717,0.98,9.786828483470043,2,1,12.688402361227634
drv_0014,35.789395568527425,298.2449630710619,5.38101530117318,9.96881598563978,0.8850755931622005,12.623036781066741,1,1,10.383325255827966
drv_0014,423.95608517748803,3532.9673764790673,1.3719269004177848,38.213431441642406,0.846922013443193,9.236347813953735,1,0,
drv_0014,174.13676019885716,1451.1396683238097,1.1136740780587029,4.362945511440491,0.912089792695373,12.525668927950981,1,1,11.961311178087344
drv_0014,33.90778973987154,282.5649144989295,3.5605039365857816,7.308248930345299,0.98,10.721932351387228,3,1,10.378642164645585
drv_0014,259.44677769323994,2162.0564807769997,7.764185268538126,24.363390746502592,0.8653841749785744,13.915894055594379,2,1,13.616890600453681
drv_0014,438.2154003818414,3651.795003182012,3.4526355784215843,37.67147444516441,0.979495010821251,9.749663587681443,3,1,11.448459835057056
drv_0014,398.70671434013246,3322.5559528344374,7.8864275141577345,56.123800554267824,0.98,11.545634960515423,1,1,12.250539347141801
drv_0014,115.64904302979956,963.7420252483297,5.947035115458819,32.96379481614698,0.7809610500102516,7.184663660935191,1,1,6.4823376256156005
drv_0014,325.0707380080129,2708.922816733441,4.122647316348674,30.71273618859801,0.8925690662310052,12.30323623094266,2,1,11.914321891558002
drv_0014,36.49813692216658,304.15114101805483,0.6960100739271569,0.7910685389186276,0.8937649108208825,12.31366650996533,5,1,9.884561738879452
drv_0014,83.82938952547195,698.5782460455996,3.180504754636101,20.11023219594042,0.7996274881652086,13.432624863701815,2,1,14.495789994023127
drv_0014,36.55037950478412,304.586495873201,7.771277803817713,1.5799529077513137,0.8962955648555486,9.088937943736191,3,1,11.067998389840872
drv_0014,212.8481811108715,1773.734842590596,3.086601689038467,29.20513645675806,0.9645563175031467,10.572054966722941,1,1,11.462143940478857
drv_0014,901.3722992797647,7511.435827331373,3.5365652371002265,48.6715152163938,0.8876497220041969,11.659657969462293,5,1,11.351133882967412
drv_0015,69.71154861689975,580.929571807498,6.83581943241861,14.139699544740724,0.751799749213112,4.912217098600552,1,0,
drv_0015,391.6206971145865,3263.505809288221,2.1997897884392903,20.5607689907661,0.7353186260076351,7.057487132785135,0,1,7.960046322373619
drv_0015,480.4526080842378,4003.771734035315,8.34224792589335,64.74127714689183,0.6978037131255065,6.834291208542991,2,0,
drv_0015,744.2597464840652,6202.164554033877,4.009105557393308,10.671444583881456,0.6722887249811198,6.953296313926568,2,0,
drv_0015,167.73170784073184,1397.7642320060988,7.4252206507583685,27.50042542949266,0.6528389456229857,6.435910736142087,0,1,5.457373799027484
drv_0015,43.098336619349546,359.15280516124625,6.870815153664537,37.45164644634429,0.6557569483936536,7.868626228321249,0,1,9.681526293543984
drv_0015,146.94932163530336,1224.5776802941948,9.490234134547904,7.264887657804325,0.7029483665518159,7.528474990046955,0,0,
drv_0015,398.0320289377704,3316.9335744814202,3.8068323696398423,30.51991049412579,0.7523012940502392,7.2725643863602905,0,1,6.990739091429108
drv_0015,239.32111297764303,1994.3426081470254,3.8431317269088874,4.909181934881322,0.7047089241839014,9.17106467870645,2,0,
drv_0015,1494.2648878714676,12452.207398928898,2.173607962607873,6.205968048553256,0.7383599265720983,5.474632303780021,1,0,
drv_0015,89.58757711646469,746.5631426372057,0.3144656680437974,7.4303910246075535,0.7665648117955757,7.35376026798158,1,1,7.341641905589187
drv_0015,1020.1422210540023,8501.18517545002,4.889223837622968,58.65748992997628,0.756848492480421,5.042447796139383,3,0,
drv_0015,24.0,200.0,2.5714658624372078,21.91231224082386,0.7406053916793206,4.169852258051826,2,0,
drv_0015,67.58489679253081,563.2074732710902,2.1334140806806987,1.2629993865544609,0.6726919327685259,4.925976863860815,4,1,4.18179491593062
drv_0015,354.71597955845897,2955.966496320492,4.796191667382526,5.3028542332830755,0.7353597644640844,3.533087154234849,0,0,
drv_0015,577.3222271062782,4811.0185592189855,4.647195951850272,14.940372247866843,0.6279769770178402,7.737660974528469,2,0,
drv_0015,79.42317253410519,661.8597711175433,2.5647464659069574,16.384608006023573,0.701592419366922,6.2074336760960165,3,1,4.825979594886067
drv_0015,625.526402693821,5212.720022448509,0.7035424727437256,7.439261014611211,0.7190030051213958,5.312399621263787,0,1,7.313952050863284
drv_0015,24.0,200.0,4.592424125827563,34.74903195289043,0.6761285700904213,6.14196299505969,2,0,
drv_0015,57.87324408405295,482.2770340337746,0.14121554082335508,29.508538601423016,0.7201900792164639,7.172948619763396,1,1,7.154633044572326
drv_0015,24.0,200.0,5.425386690640659,14.424600464199795,0.6815567898895767,5.376843500507865,1,0,
drv_0015,642.6700962563548,5355.584135469623,5.538886737428638,17.899526642083757,0.6795220228564293,8.774418297198242,1,1,4.770928909687973
drv_0015,33.5138999883992,279.2824999033267,1.5197408571451643,2.807456251650934,0.6423436608040334,6.517219945289677,0,1,6.326487194569447
drv_0015,145.3770743358441,1211.4756194653676,1.7953876828495396,102.71449223104928,0.7096268821978983,9.784609104292954,1,1,8.556284225152687
drv_0015,82.47559604349341,687.2966336957785,7.939059880779747,22.23728221024473,0.7145518337036674,3.3754513650983644,2,1,1.6746275934207369
drv_0015,900.0902763975263,7500.75230331272,6.605190735723395,8.534513837301734,0.7103497903393778,6.641169395152426,2,0,
drv_0015,59.31045341877012,494.2537784897511,0.2827270735256082,11.041932975407454,0.7750908484167809,5.24323186255876,3,1,5.715249670067717
drv_0015,377.6361273352455,3146.9677277937126,5.790169668542232,10.842834322457351,0.6478228943865424,2.5868003914505593,0,1,2.6975383906853296
drv_0015,202.06231606345253,1683.8526338621045,1.1173059222697745,6.147010495760614,0.685794346485515,7.467958506606024,0,1,7.160625232050521
drv_0015,151.04319442747558,1258.6932868956299,2.19493178717598,37.48368512776685,0.7755237541340778,7.2270270498263764,1,1,7.806766279199214
drv_0015,832.7298889473834,6939.415741228196,1.4670471679608366,57.64342791331467,0.6774074434121149,5.302280620471324,1,1,3.8417975000343456
drv_0015,24.0,200.0,1.3248277073363024,96.94474452351054,0.6407049694014134,6.739192864413851,2,0,
drv_0015,91.24513580727174,760.3761317272646,2.508341557866103,26.910720606139474,0.8052290651602337,5.570456052003967,0,0,
drv_0015,216.8834059691752,1807.3617164097934,8.3000328636076,103.35265551157877,0.7479709093208029,9.060203647816543,0,0,
drv_0015,126.88801666827447,1057.4001389022874,8.305378710146234,56.49641908553867,0.6966714668352938,4.828370022077844,1,1,5.8689257259382375
drv_0015,612.5866298955054,5104.888582462546,7.2348949275386385,6.589787283831996,0.7142744231922997,8.441264062714442,1,0,
drv_0015,120.68423472290425,1005.7019560242021,5.873537880484624,63.57580074582341,0.677056542469298,9.943901488605622,0,1,9.441087017711837
drv_0015,24.0,200.0,7.44098187345259,192.27769161610868,0.6694596614344578,7.172574928013851,1,0,
drv_0015,388.34557383186166,3236.213115265514,3.6198666482121586,11.070674908756777,0.6991243955100916,5.787805049810704,0,0,
drv_0015,132.3978799434045,1103.3156661950375,5.4835323116718975,95.88882202087973,0.6057790571819157,6.402953746095047,1,1,7.217522288403057
drv_0016,176.31831577973614,1469.319298164468,9.591887403839515,43.961341748538906,0.6168894589365338,12.065925420485852,2,1,9.837995162972561
drv_0016,329.4671221485059,2745.5593512375494,9.535635999848886,7.11361786485783,0.6300108346794552,7.58641091281644,3,0,
drv_0016,840.9575446303232,7007.979538586027,7.775923357090911,71.01525488009496,0.6398938460626458,6.1901806289465835,1,0,
drv_0016,1090.311804066246,9085.93170055205,2.5271363115074843,18.827633977424842,0.6267847278565035,8.698167669767873,2,1,10.362300856251156
drv_0016,149.3574981057323,1244.6458175477692,9.268082280035706,7.018640381517865,0.6486209495663199,8.484466451761357,1,1,8.88213003866105
drv_0016,341.2414567820014,2843.678806516679,7.73251510987575,19.695227195050006,0.6344168213182977,4.592815047120325,2,1,4.289031221990356
drv_0016,195.77307500528772,1631.442291710731,7.814228162738118,10.749602517409931,0.5686604388938725,7.23727683459804,2,0,
drv_0016,58.75173568236496,489.59779735304136,1.018260770196524,36.143135091081774,0.6074254178773589,6.4209824129934745,0,1,7.603816494413298
drv_0016,178.36892286929876,1486.4076905774898,0.25595383602699306,10.463423750189008,0.6280350635068411,6.929517511591572,2,1,7.223078743220839
drv_0016,24.0,200.0,4.168920928786729,16.787020090631547,0.5713730376656149,11.014610642834942,0,0,
drv_0016,286.0607597051153,2383.8396642092944,6.853374211058915,54.024407169138364,0.6806566320936367,7.852858690443547,1,1,6.874679514120725
drv_0016,87.46246251727649,728.8538543106375,3.741343920742616,44.5367810910595,0.6340077841643906,7.011317715871385,3,0,
drv_0016,93.17917541812584,776.493128484382,2.3943912904815843,12.510407103508978,0.6536403856041825,9.113564938776758,0,0,
drv_0016,985.4458431906867,8212.048693255723,7.493924483889906,9.40488503123025,0.6884624854368985,9.148829132842705,4,0,
drv_0016,167.83118281862784,1398.5931901552322,9.9228383421231,11.949189748179712,0.5583262085339252,7.407706223325602,1,1,7.993968410025073
drv_0016,459.08084824074143,3825.6737353395124,3.2644425606452234,5.664243956615541,0.6737167386249007,7.630266921493123,3,0,
drv_0016,151.06340669210022,1258.8617224341685,6.963006038220119,9.135163225807105,0.6977663402893226,9.514085448507071,2,1,10.197288295854271
drv_0016,134.1288607671103,1117.740506392586,8.82820668128102,1.4198298325482694,0.6270671259996742,12.3189595231938,0,0,
drv_0016,365.7716686956274,3048.0972391302284,0.5522478677699894,6.896366787924192,0.6362041889833924,8.071992313485996,1,1,6.826040141218782
drv_0016,800.2544356251415,6668.786963542846,5.517838169242023,4.116516976457673,0.7010233516514071,9.662955133780034,1,0,
drv_0016,124.45478888930714,1037.1232407442262,1.2762029026308108,14.42045878984067,0.6402326368816569,10.318311854487812,2,0,
drv_0016,101.88544554391396,849.0453795326164,3.505701982752644,63.49406228231504,0.6025842319063025,6.986146174850353,3,0,
drv_0016,333.3298920434834,2777.7491003623622,5.191140142248174,45.38972400740745,0.7080513440355716,8.666657712034418,0,1,6.597284202467344
drv_0016,262.89451269627926,2190.7876058023276,9.035235662857312,45.86146799379993,0.6548180217281598,9.90505129845768,1,0,
drv_0016,988.4067232035594,8236.722693362995,8.915819434396779,36.779062014041635,0.6192271261122182,7.516707397746366,1,1,10.135833493623096
drv_0016,109.08761892225861,909.0634910188219,5.043099465621238,13.140325293953067,0.545046656784314,10.38356694589584,2,0,
drv_0016,31.601020012106993,263.34183343422495,3.4646889896423563,67.8846890340413,0.5585291512194744,12.963517691039643,1,1,12.925609442352949
drv_0016,176.73316510609052,1472.7763758840879,1.9044082951474617,20.39783356438981,0.5757576232610461,8.007980423092766,0,1,10.602956451162665
drv_0016,80.15028524706406,667.9190437255339,0.4093824968267723,20.49798119117795,0.584136526462204,12.393734252509889,2,1,9.513832251132273
drv_0016,108.37994211955295,903.166184329608,5.402150652757964,19.99010632756226,0.6667201857694874,11.670848584432896,0,1,12.096466781032365
drv_0016,36.56273931814566,304.68949431788053,2.033284201815724,4.577925360935172,0.674414837158407,11.631165855682056,3,0,
drv_0016,175.0836474172165,1459.030395143471,0.14898510167759005,3.6421726600061857,0.6330087993910051,9.350152729677736,2,0,
drv_0016,460.7542051456385,3839.6183762136543,9.789371712105439,23.162976188892372,0.6580417761207622,12.54182511121892,0,1,15.14822041768509
drv_0016,349.89805486859393,2915.8171239049498,5.307712090714886,22.825695253156983,0.675326212327145,9.744858073169254,4,0,
drv_0016,467.42104591403694,3895.1753826169747,5.4265028106514555,6.2579526747327865,0.5873389246675501,7.946466396523563,2,0,
drv_0016,353.0660639544453,2942.217199620378,5.901861044132595,36.48603123072243,0.6234184476957378,9.03860335875231,0,0,
drv_0016,505.23942364423226,4210.3285303686025,7.403501600125057,5.617821540032919,0.5917816432518512,15.464624363366092,0,0,
drv_0016,850.3064729579542,7085.887274649618,6.804937863226534,14.895548119405833,0.5655006753734683,11.13346112758098,4,1,9.527171290720922
drv_0016,196.37766778897074,1636.4805649080897,7.636768173914328,56.4429027602262,0.571182308750593,6.733238632133615,1,1,8.62526175412458
drv_0016,1158.834542958533,9656.954524654442,1.5763008740379425,64.99699427250657,0.5859716609996239,7.402444191721997,2,0,
drv_0017,659.4622800642629,5495.519000535524,5.57240254626722,9.393554118064136,0.5791014223589798,9.087564624477547,2,1,7.22048943994263
drv_0017,434.5157610089018,3620.9646750741817,5.113336204325235,15.253379181838291,0.5759122792961133,7.191817671702829,2,0,
drv_0017,109.05494647107939,908.7912205923283,4.624265530074664,10.524989602831866,0.5437884741916512,11.584166914259413,1,0,
drv_0017,44.86759939527695,373.89666162730794,5.532689470777584,18.48393480915597,0.5978788144816797,10.83748409506322,1,0,
drv_0017,43.019106183978415,358.4925515331535,6.082458732537145,23.602495878177002,0.6215687100123729,10.480646978020497,3,1,9.530304080556471
drv_0017,532.817550938043,4440.146257817026,7.325971267468008,13.46458282133891,0.7564519970120783,9.65676344948472,0,1,12.37031411102987
drv_0017,720.6457083000545,6005.380902500455,3.510438794052769,11.619221040038157,0.6560673514612485,12.191865975714492,2,0,
drv_0017,84.13941959828698,701.1618299857249,8.10393192770048,14.936120851854433,0.5777139036403754,7.540883058910444,0,1,6.5979793724594815
drv_0017,31.982719655494925,266.52266379579106,7.641377921596355,13.571515118264998,0.5998079079597022,11.040539367165454,4,0,
drv_0017,530.3201365784553,4419.334471487127,6.348115382006963,8.835732124063234,0.6379852782589747,8.79482540933969,0,1,8.039281226518607
drv_0017,99.87619566926946,832.3016305772456,3.72836330611542,13.208154518638578,0.5423267150195055,12.238247571795199,3,0,
drv_0017,222.63677314350514,1855.306442862543,3.0150019237666825,1.797540431061061,0.4743585401574032,16.04628185685721,2,1,15.872632089721332
drv_0017,381.4285230205616,3178.571025171347,0.18169499788204146,2.916773400453429,0.5765589424927064,11.875927153764056,4,1,10.373719581655763
drv_0017,295.6824859994537,2464.0207166621144,9.682086329260738,48.52448620855026,0.5417387667691005,10.46939490865704,1,0,
drv_0017,155.89440399261085,1299.1200332717572,0.34495347187864844,6.701611703422843,0.6053011977709365,9.518955039951368,2,0,
drv_0017,166.55357029996043,1387.946419166337,2.6864649919005688,8.914661261879754,0.6071252631847894,11.674514981964863,0,0,
drv_0017,24.0,200.0,5.26906691730524,88.36039634554481,0.5614930971014505,9.169772536416676,0,0,
drv_0017,231.8381286065008,1931.9844050541733,9.228066336585911,8.777926144972808,0.5992484754305787,8.669543987346923,4,1,9.431080689276452
drv_0017,288.3233313577441,2402.694427981201,7.375859661771951,22.398819327913557,0.5456861614161072,10.175727582923079,2,1,11.494025582080159
drv_0017,203.77328885353734,1698.1107404461445,8.467449526586975,25.91343005461803,0.5716015912487292,14.208409801110959,0,0,
drv_0017,386.50219968963717,3220.85166408031,8.681122056613175,6.273242788134581,0.6057348961095451,9.731552292002673,0,1,11.30090984896633
drv_0017,133.3339971157785,1111.1166426314874,4.338088213114143,37.508195491065585,0.5915467430557777,8.314446271715905,1,0,
drv_0017,74.89591670104798,624.1326391753998,2.760805996707867,82.45138682514208,0.6272293973882641,12.471232252107882,4,0,
drv_0017,490.69437840197395,4089.11982001645,1.7039063594873893,60.23292758030087,0.5931350888661938,8.341568524498461,1,0,
drv_0017,355.94419434419245,2966.2016195349374,7.1669539643911415,35.578432649571646,0.5393487503765799,4.718003340857514,1,1,4.8054172575955185
drv_0017,59.14776007649385,492.89800063744883,6.053472991977209,55.65303444396757,0.5701592063076961,10.595993362977493,1,1,12.784151549642427
drv_0017,505.83839586909704,4215.319965575809,5.554292571421092,141.6476070225731,0.6303832722263467,11.357228411655377,0,0,
drv_0017,465.62822450304066,3880.2352041920058,4.195281241395302,99.07116217752248,0.6686666387691157,7.415140847563382,0,0,
drv_0017,122.06767705907177,1017.2306421589315,3.964142283033516,55.72486371324384,0.5956331077177082,12.768014986000281,2,0,
drv_0017,205.33629150642162,1711.1357625535136,2.473668644983137,57.98706828940392,0.6118401716580539,10.615435112979327,0,1,7.807872211969531
drv_0017,236.44496363806522,1970.374696983877,6.65808318013962,2.883705329291825,0.6094635310438468,8.179815067938675,1,1,7.5287167442171725
drv_0017,266.63266344928945,2221.938862077412,5.954031474944083,7.770075780264887,0.557909035090007,8.985705116854058,0,1,5.0121119447208535
drv_0017,590.4868720348553,4920.723933623794,0.4177499072443547,0.015208659940724335,0.5943946734041051,8.313896956526136,0,1,10.303429494578282
drv_0017,291.9098398642419,2432.5819988686826,7.4665297838347335,6.97313525954636,0.5847157172387312,5.745647788590239,0,1,7.11499582483189
drv_0017,105.92353537392425,882.6961281160355,7.794935221584096,53.32381829603668,0.5521450081793797,8.66029364639179,2,0,
drv_0017,125.77616269680907,1048.1346891400756,6.360660903542909,56.83982901942451,0.5940374356875481,10.434243765252766,3,1,9.75505802446512
drv_0017,269.65426437266814,2247.1188697722346,6.893218161374359,2.571721875570335,0.617350228914108,11.113558239672043,2,1,11.354967727671639
drv_0017,133.13091924748065,1109.4243270623388,8.08610208874154,18.523157093335026,0.5414870629739144,10.968101785494556,0,1,8.53746744093571
drv_0017,399.35471180802244,3327.9559317335206,0.6576184774906546,95.07864759190839,0.5489399124332319,7.988862008421009,0,1,7.865988138440847
drv_0017,69.05353982055156,575.446165171263,0.721217469023252,38.41202064270284,0.5340233633501505,8.952729903860838,2,1,7.97646787412325
drv_0018,1229.889368379853,10249.07806983211,3.973922831448041,4.0892724870829245,0.43716677674369875,5.398050390376946,2,0,
drv_0018,146.94166318040195,1224.513859836683,6.690567137772515,14.280198739544653,0.4705565494028054,5.651820351538862,1,1,5.380360073399677
drv_0018,147.69966424174245,1230.8305353478538,5.007519853735314,75.24688140191866,0.5484527358310967,4.539931136140254,3,0,
drv_0018,40.28852903847163,335.73774198726363,4.465720170036565,10.32400605203844,0.44858050130065563,3.4911468554614236,1,1,2.852879420339475
drv_0018,88.15244114266483,734.6036761888736,2.0416033567869896,5.574262703185935,0.47520063615415387,5.257325301872091,0,1,5.8892778480504
drv_0018,217.9567601487198,1816.3063345726653,5.833975499737525,16.626517985120554,0.4680910118209108,6.591258241236864,1,1,4.612865324724107
drv_0018,225.38003564891054,1878.1669637409213,0.6643455673840382,3.9684710606583455,0.47219338641015246,8.947156493231702,0,1,7.258267029326424
drv_0018,661.2121230566813,5510.101025472345,3.9302293638969408,2.2766032910266936,0.5629289480222641,9.109005522174733,4,0,
drv_0018,85.52023299187582,712.6686082656319,1.4454213236068025,33.40509364353472,0.5139788715365147,4.574733374653146,1,0,
drv_0018,362.92293004076583,3024.3577503397155,1.4989213699440784,40.829467439479146,0.5292897372349018,8.421665033532609,1,0,
drv_0018,1304.206864354996,10868.390536291634,4.766545152038874,33.71971384314884,0.5315121352549419,5.9617162375551125,2,0,
drv_0018,1241.3755678045766,10344.796398371473,8.791201990881255,101.89054609161938,0.5007680898651453,8.2664167043095,0,0,
drv_0018,512.3743835579721,4269.7865296497675,2.1410000378644867,4.748673402471093,0.4776497728322705,6.220079601765227,1,0,
drv_0018,27.272404267273153,227.2700355606096,2.022777721069927,6.412402365046118,0.52936206387537,5.581574605254292,0,0,
drv_0018,24.0,200.0,3.2137595421230714,29.1389895850565,0.45957331863390616,8.261338667688342,2,0,
drv_0018,293.3739812230389,2444.783176858658,5.639154304407147,16.16831135899965,0.5387024348173864,5.344569552627364,2,1,4.165769109189998
drv_0018,177.80952357786762,1481.7460298155636,0.9550462213807187,18.007471374969455,0.4149856010780467,9.015210592082578,2,1,8.774209672654512
drv_0018,841.672058346812,7013.933819556767,9.19069528598843,47.755771321322335,0.5404390025601556,6.720112323441674,3,0,
drv_0018,321.77918420134546,2681.493201677879,1.3710665820146728,4.073771246857828,0.45446128665539526,4.425912487324329,2,0,
drv_0018,43.76403152042672,364.7002626702227,1.6290579569769459,9.166622778308867,0.4890391611759003,3.814167927128239,0,1,4.385431984711763
drv_0018,253.95397830320903,2116.283152526742,3.197452263907664,15.137224811414493,0.45430392186239604,3.2781386350949107,2,1,4.459943770441622
drv_0018,974.2582802873397,8118.819002394498,9.67793226904945,3.6013571574847214,0.5369597290432837,6.286640193602651,3,0,
drv_0018,170.25670326161236,1418.8058605134365,8.63787043917006,8.89820598020656,0.5217578733212418,5.971657340201844,2,0,
drv_0018,698.2544483286138,5818.787069405115,5.2302104328183,13.466502993658482,0.4458956396343717,7.178796339519849,1,0,
drv_0018,2316.8525472046035,19307.104560038366,2.6865004817464166,5.655349392533949,0.4798076538961866,8.927050928409564,0,0,
drv_0018,713.1085048606648,5942.570873838873,8.259106556129977,20.918492481448684,0.45022570532001693,6.457871076578283,0,1,5.970205665467657
drv_0018,561.9754648431134,4683.128873692612,2.1098886450840606,31.172194480467507,0.5876374329098044,9.23841747603156,1,0,
drv_0018,55.67146221995529,463.9288518329608,7.5819528304024075,6.427825281381717,0.5556437568341884,7.34362073482897,0,1,6.183940650578099
drv_0018,349.8292366840253,2915.2436390335447,2.7090980199642445,1.167764216465903,0.4636690991378124,8.49136128605627,0,0,
drv_0018,50.23214886194596,418.60124051621636,4.330701934216275,10.203454620329218,0.5025977553049519,8.924336188301162,1,1,9.77134730799509
drv_0018,106.12294786537477,884.3578988781231,4.469955678356329,30.92207273596386,0.5579807104501923,5.210203402118212,3,1,5.112579218705845
drv_0018,309.04071828125046,2575.3393190104207,4.290590565438116,30.157185556630157,0.39953299629095074,8.219074414449809,2,0,
drv_0018,1225.0621484689418,10208.851237241182,6.003709800971229,0.6097222688089019,0.5524156472748298,7.275409817109322,0,1,7.434147662069944
drv_0018,356.7384169448657,2972.8201412072144,0.08715061370518251,49.730344829642405,0.47140812998332104,9.25747778186511,0,0,
drv_0018,770.7089779101875,6422.574815918229,0.08235220857765402,5.99376020705117,0.45595641957837096,5.756481600877175,4,0,
drv_0018,763.318750548501,6360.989587904176,2.0624199629354734,39.94905994360083,0.5648358896862972,7.954201069995622,1,1,8.119331983107696
drv_0018,251.66560216971038,2097.2133514142533,7.391071490229288,47.20158555041226,0.46788558543904585,6.969328882548872,1,0,
drv_0018,388.565288570799,3238.044071423325,6.05776913665633,53.289596623643604,0.5625902767563733,9.491210919150932,3,0,
drv_0018,437.852438975482,3648.770324795684,4.918350751295046,46.19753024828717,0.4646544716354752,8.318087344121889,4,0,
drv_0018,41.926488382054465,349.3874031837872,2.243979771251615,33.16362965684722,0.4513052693930155,8.428066256680166,1,1,11.303732467237454
drv_0019,280.1060736418901,2334.2172803490844,1.1329625461332504,8.406865879102964,0.3761445730840692,3.1145130982517624,2,0,
drv_0019,498.12107632354247,4151.008969362854,5.998715920177881,16.785206814863272,0.4366477350832041,2.477318275469579,3,0,
drv_0019,208.1323020362169,1734.4358503018077,2.5316169778319653,46.51048620520558,0.4427252834139459,5.795276405616034,3,0,
drv_0019,87.09756634121153,725.8130528434294,6.819487426379036,74.24354463439583,0.49513303771078904,3.3873837130596165,2,1,4.435739146347428
drv_0019,656.0347670124971,5466.95639177081,9.650818328071407,5.192842659136896,0.42069040984426814,9.069406697691395,1,0,
drv_0019,799.4305052616332,6661.920877180278,5.675884377082683,30.22525674430246,0.3967210248527587,3.4711439524785765,2,0,
drv_0019,137.4321565998392,1145.2679716653267,9.26198364523285,42.16856667244328,0.44421959129650523,2.732692228361225,2,0,
drv_0019,133.67984862887332,1113.9987385739444,1.4625409185131755,119.45012758458104,0.38668965668548394,6.977683977409071,0,0,
drv_0019,62.16806909078292,518.067242423191,8.402276630231075,46.8258737965012,0.4158824017918242,2.677874904499049,4,1,1.0
drv_0019,516.3073564802584,4302.5613040021535,0.9994977776617586,10.085726141488555,0.5208385650984931,4.509944459092729,0,1,1.0
drv_0019,118.48356848512437,987.3630707093698,0.9681446405148186,1.2355615853842479,0.4389490375132105,3.9930683195836925,2,0,
drv_0019,70.52061157264855,587.6717631054046,0.7074981460425445,39.36462709603536,0.5494476944328539,4.328826750231951,2,1,2.3094129153776803
drv_0019,1174.0088601545867,9783.40716795489,0.9946579321201887,8.868986839361504,0.4765398449644916,4.496010170451646,1,1,1.9254582433443241
drv_0019,143.91387132840072,1199.2822610700061,6.592574087956077,58.590515149593074,0.5090785924582284,5.913297382786686,1,0,
drv_0019,169.17942784103724,1409.828565341977,6.9319968819125375,19.367448435625658,0.507217007281877,5.983905077256559,1,1,3.90216273041428
drv_0019,573.0606415004681,4775.505345837235,6.744713239658303,36.779540526152545,0.45972213238110954,6.41036324386095,2,0,
drv_0019,118.35483506604442,986.2902922170368,6.8835768287688905,2.533544292139726,0.32983076247426585,4.140768203032544,2,1,3.15890935367669
drv_0019,206.77932981136334,1723.1610817613614,1.0723061681371093,3.3190283735149,0.4664642464697719,6.5376564001294035,4,0,
drv_0019,28.645833511324444,238.71527926103704,2.7755462380570037,0.6763126918336303,0.30712960052554383,3.768179926501482,1,1,2.3411803753763456
drv_0019,973.3678170259496,8111.398475216248,1.4241142503706072,33.239656894333734,0.4158166797767188,4.901848712547609,2,0,
drv_0019,33.83958371506106,281.9965309588422,0.6024281827182421,3.282096175499253,0.4155932184186058,2.683842432916573,0,1,1.0
drv_0019,343.22178999328827,2860.1815832774023,2.2912273661394567,29.315122493419363,0.4011178028962834,4.383571675647813,1,1,4.736137448351393
drv_0019,183.28726297984517,1527.3938581653765,8.847978704996857,9.627095932311017,0.49026402184457385,6.036454830369038,1,0,
drv_0019,33.97051056112148,283.08758800934567,6.998334010733802,40.734615973568424,0.4006792869901824,2.2820678652059265,2,0,
drv_0019,788.1407216731842,6567.839347276536,1.6311378566888213,21.692018956074712,0.36900553942407377,8.570600473880798,0,0,
drv_0019,94.48564426381841,787.3803688651535,9.631031921979687,55.00143711423951,0.4461660726796774,5.114935583055148,2,0,
drv_0019,54.582846957483724,454.8570579790311,6.162314677402686,17.651085437270055,0.4501433341451198,3.089154362058917,2,0,
drv_0019,562.0567695041319,4683.806412534433,3.626197149285457,11.14108763705142,0.41848902150867295,2.0,4,0,
drv_0019,162.77627395764847,1356.4689496470708,1.1632077149195552,45.386633738633094,0.4807764761055867,5.509588025982691,3,0,
drv_0019,24.06639947347841,200.55332894565342,0.7094654760038022,36.522004973734155,0.4453423745639953,5.522843605586867,4,0,
drv_0019,39.944489003242026,332.87074169368356,3.1130054492267423,4.357973926847314,0.4042323222184062,2.0,1,0,
drv_0019,516.7044424951868,4305.870354126557,2.5453349610960396,24.204606481257798,0.4801270251280364,4.644735317917008,0,1,5.169169385520891
drv_0019,510.46489244498497,4253.874103708208,0.5781920027941156,4.738799001261637,0.4300868365958946,6.139413526667602,1,1,1.7764805679799052
drv_0019,338.40471411105125,2820.0392842587607,8.81814450405704,19.891018160910424,0.3366785655774329,2.0,2,0,
drv_0019,269.61020675877785,2246.7517229898153,7.1538463220572766,24.30932746214318,0.45321142161256806,2.7316494126960147,2,0,
drv_0019,443.3736970972479,3694.7808091437328,0.9414535341760177,17.480989469305012,0.48438709723146417,4.279675972953717,4,0,
drv_0019,186.4252827287023,1553.5440227391862,4.151845429938003,12.656091348021128,0.4648963532310337,2.0,2,0,
drv_0019,309.1749377584034,2576.457814653362,5.948584020096005,67.44831045529281,0.4294954971220694,2.0,3,0,
drv_0019,155.78974520480807,1298.2478767067341,0.06371680712346728,5.116793874654839,0.4271467380504275,5.245534638271122,1,0,
drv_0019,24.0,200.0,9.421076212921243,5.2000134037512264,0.40980747811887813,5.0416592972315435,0,0,
drv_0020,119.84273641229831,998.689470102486,2.6178003267515573,10.221402897969817,0.7607050036468955,10.403786193072513,0,1,11.286719813474575
drv_0020,34.74508175350998,289.5423479459165,1.3816152626449119,27.229384304272966,0.6884084788204743,8.457834940298495,2,1,8.107472812835464
drv_0020,60.32428345126376,502.7023620938647,4.499993856848754,42.93385034200813,0.7373166132096033,9.779076588782297,6,0,
drv_0020,399.69083147396026,3330.756928949669,0.4535429191792828,30.061993859662607,0.8108977519624853,8.748985465517901,4,1,8.318527966852125
drv_0020,869.288605097999,7244.071709149993,2.452355746128392,3.630335760948806,0.705842705713819,6.84387707912321,3,0,
drv_0020,668.2280169780619,5568.566808150516,7.750057690689173,22.952313689846957,0.7554653697162994,8.587526446285256,2,1,8.254485453062749
drv_0020,1208.5531196436182,10071.275997030152,1.6636679163183743,32.34356898200655,0.7347052072200383,8.146288626309259,1,1,10.477584212162895
drv_0020,130.78293712852923,1089.8578094044103,7.698660328552162,63.89329569960298,0.74428241582735,11.685928499213452,6,0,
drv_0020,658.8423433924149,5490.352861603458,6.7857601051975545,36.80851837643123,0.7432823000456386,9.762189575851329,1,1,9.8276897208004
drv_0020,379.69071129493415,3164.0892607911182,0.37777468705590733,44.217878376907045,0.8871831837688081,8.59492611646174,3,1,9.691415552855336
drv_0020,65.90882605445184,549.240217120432,6.578399258071068,3.5983997088655455,0.6598393815943479,9.647701159670735,1,1,12.424341597906945
drv_0020,335.9300575583552,2799.4171463196267,0.6070157078553606,10.04766268250968,0.7710651821672632,12.92263356828062,3,1,14.857768767070501
drv_0020,240.19850876379184,2001.6542396982654,8.940957318660866,83.17390988442331,0.8389346114025424,7.673372031340023,0,1,8.870718023226459
drv_0020,24.0,200.0,2.6336697439925594,4.9900980342194785,0.8077431676371533,7.643623528674551,2,0,
drv_0020,119.62242172776944,996.8535143980787,1.325792827993132,91.48279541959096,0.7627986654235971,6.9737600017475545,1,1,6.744953215934654
drv_0020,254.75854188768787,2122.987849064066,8.118804049652034,1.2150861634449268,0.7816741329808355,8.884781482438202,4,0,
drv_0020,653.7863144531059,5448.219287109216,8.892094423216502,27.981139974406798,0.806577275475972,7.498045173359663,0,0,
drv_0020,375.53283469945774,3129.440289162148,1.9376348757043094,43.27282814721221,0.6729510324862273,12.270650332533902,3,0,
drv_0020,408.914584318629,3407.6215359885755,7.670247337892517,42.57432073043849,0.7395407996325692,5.01263444449346,0,1,5.517422330644346
drv_0020,196.7538868328382,1639.615723606985,6.224238578796246,8.995563033799082,0.8121644543413418,12.756040558352108,0,1,13.9552610851397
drv_0020,633.2121306909194,5276.767755757662,1.1683260681018737,1.8921664159578093,0.7124165941072907,6.569545325799224,1,0,
drv_0020,533.8572391848293,4448.810326540244,0.27663241565939134,17.441370028106626,0.8040818824862105,10.171510855913564,0,1,10.275111409064099
drv_0020,615.9484571754971,5132.903809795809,2.8922451855400597,39.924108743240446,0.7461095377099979,9.724688263387023,1,1,12.013364462565015
drv_0020,265.02751278466917,2208.56260653891,9.773353800209861,70.48629772268846,0.7258490505028731,10.049975492498103,0,0,
drv_0020,1235.2263829991737,10293.553191659781,6.8889155592397735,63.49397512176034,0.733275835459186,10.981445241952535,0,0,
drv_0020,802.1579374291736,6684.649478576447,6.717543960278897,14.132034949137957,0.8098345069789615,7.383998322406145,1,1,7.438815248543564
drv_0020,91.81779533870946,765.1482944892456,2.972722367476498,35.00613251057041,0.8616531412802495,11.365177486822184,1,1,12.026372603862812
drv_0020,72.48968953408098,604.0807461173415,1.1323258787418422,8.108191432762442,0.7237316379051665,13.22352090344995,2,1,11.934606135198559
drv_0020,327.5267802882523,2729.389835735436,5.513278956501784,45.38582776356504,0.7625163640972767,11.588552158268497,2,0,
drv_0020,236.5824918858466,1971.5207657153885,9.720555771666103,38.80735111498357,0.743132761036866,13.035979294728996,0,1,11.825110061908232
drv_0020,1538.1362822675876,12817.802352229897,6.290310261167004,26.19550616116079,0.6616301073820325,5.567474693550183,1,0,
drv_0020,24.222240969331093,201.8520080777591,4.572639976638469,82.45876995466408,0.8078974830066212,7.188104853266207,0,1,7.919493926112412
drv_0020,97.43985700781614,811.9988083984679,8.228898335059805,14.79019518024668,0.8467923425975828,12.118292063167818,3,1,13.340544772676594
drv_0020,982.0724736036741,8183.937280030618,9.668165734273247,8.41461532258408,0.7288341597779814,13.024276557296787,3,0,
drv_0020,417.09228683950676,3475.76905699589,5.986119096257966,48.228627488081145,0.751107510845112,11.661160378740544,1,1,12.486205401552695
drv_0020,221.83046165526736,1848.5871804605615,0.16941230005488306,18.205681836259746,0.717942425505227,8.917835569318553,0,0,
drv_0020,150.26739413608144,1252.2282844673455,9.705462639802606,21.661129425488753,0.7659959465481808,5.202938391371952,2,1,3.9003630649679177
drv_0020,224.88338105523522,1874.0281754602936,2.5990510131545164,17.260143127013865,0.7913321111581432,4.888375576631261,3,0,
drv_0020,794.0906154682762,6617.421795568968,6.604848507632047,108.07023460693524,0.7521494210363601,10.119822045880557,0,0,
drv_0020,38.21602492228287,318.46687435235725,5.7605520735595,5.042656755765003,0.7815745846839942,10.561269662900141,2,1,10.52497790599982
drv_0021,560.578685165462,4671.489043045517,2.0082330239129154,42.74272668176339,0.8319196430009476,5.377642286588209,0,1,5.004725468584107
drv_0021,85.46086781192162,712.1738984326802,4.536694184555574,49.49863068844346,0.8876251880338948,2.2632458121788233,0,1,1.0
drv_0021,100.35461220680202,836.2884350566835,8.938108695380285,3.1548953958715478,0.7603965631368388,2.0,1,1,2.0655375259819078
drv_0021,38.31395949955906,319.2829958296589,3.7549026406224906,3.60778448837521,0.8407772416571297,5.076550232307491,2,1,5.1321751406443585
drv_0021,59.03212264415228,491.9343553679357,6.621127234636494,0.14490665517382184,0.8722926771857988,4.785750807981199,0,1,5.941456856236309
drv_0021,134.25533457439278,1118.7944547866066,7.657654172444336,11.062499070714257,0.854809204797513,3.40530484433257,1,1,4.81248102888538
drv_0021,306.22691653986834,2551.8909711655697,0.8450592320904804,49.89379783201282,0.8266109731426944,3.8239818031734583,2,0,
drv_0021,38.98203799660087,324.85031663834064,1.6997258978681418,22.419078804082755,0.8526199334544338,4.581493587119921,1,1,5.639211787750005
drv_0021,292.06063706666333,2433.8386422221947,9.587035138658832,2.0034853132363266,0.7851873335186667,6.0701412799567755,2,0,
drv_0021,338.72722267200976,2822.7268556000818,8.95498969940618,17.3660839653604,0.7740689746703523,6.128330839559913,0,1,6.5934453680496246
drv_0021,491.3576817036168,4094.64734753014,5.798785042219191,12.206664938783572,0.7853788621257975,4.209596439432908,2,1,4.838425230295473
drv_0021,505.6499274557792,4213.749395464827,1.0595829949876145,16.607570137546283,0.7169639596660565,4.304369977805274,1,1,3.9582680072267897
drv_0021,491.55619520252924,4096.301626687744,0.9255981474875441,24.319572871511827,0.8241668311025728,4.550621116193081,1,1,2.2675398817541472
drv_0021,132.08104764368957,1100.6753970307466,3.3769734627563706,43.036383415342065,0.8044400165487857,2.0,1,1,2.1222058076544963
drv_0021,1186.9253802525843,9891.044835438202,5.385980110024332,10.000447006737144,0.7618100453490844,5.673586006375403,2,0,
drv_0021,808.22784325944,6735.232027162,2.661612489391001,3.7959197505746585,0.725511939613435,2.9580661703950692,1,1,4.44931870671655
drv_0021,548.2058426868166,4568.382022390138,9.05283937657325,3.7369575644211355,0.7838766347069617,2.0,1,0,
drv_0021,139.25794483523327,1160.482873626944,3.7590362733058003,152.77021119893467,0.8100300458269987,6.847289212927138,1,1,5.815409649467098
drv_0021,1107.0728960870993,9225.607467392494,6.259470614112688,8.078784844625979,0.7733925059588771,5.672927343998078,0,0,
drv_0021,62.606858152537804,521.723817937815,2.2711354345514656,20.26347545617517,0.8115667631775448,2.0,3,0,
drv_0021,826.7406885101449,6889.505737584541,2.9305719316152326,13.632775409061363,0.8041395424979442,2.0,1,1,1.0
drv_0021,486.2621514827196,4052.1845956893303,0.9244556237265233,3.8787182346243316,0.6909139747653883,5.218618290480005,0,1,6.661842534623164
drv_0021,114.53031646994995,954.4193039162496,4.975019723760842,4.224748076362815,0.7859258890435704,7.860935363676001,1,1,5.890803956855872
drv_0021,99.32035242003231,827.6696035002693,0.9685707029881241,57.83704927767525,0.9360171859987795,5.487254296330472,2,1,4.838233418216506
drv_0021,998.2896029058538,8319.08002421545,7.369644620611365,24.790970268976,0.8937472693588463,2.382492251192173,2,0,
drv_0021,358.3226619378095,2986.0221828150798,6.66557637956765,59.84254157349777,0.7562849618397935,5.134063706793518,0,1,6.345528664945435
drv_0021,906.0886595683903,7550.738829736587,6.202627326176353,18.374339844609864,0.8455340100475137,8.199241166091864,2,1,8.682525118512874
drv_0021,73.91703074267284,615.9752561889403,7.733473895015721,0.32733267298165236,0.8271208390913262,3.688873115024481,2,0,
drv_0021,24.0,200.0,3.5684353529424895,25.742881243099774,0.8327890375763141,4.657167795042352,0,1,4.269534356483347
drv_0021,24.0,200.0,1.0518023829734247,19.21616799823769,0.7884223936982784,5.192302853875198,1,1,6.175706075329096
drv_0021,66.16069370529715,551.3391142108096,8.091610544704803,8.683865066581161,0.903500016665897,2.0,0,0,
drv_0021,461.6210565971668,3846.8421383097234,1.5935438204724706,23.19993912881815,0.8948237271264023,4.108599694613051,1,1,4.856718101155817
drv_0021,481.3566147913131,4011.3051232609428,2.548676907772424,85.86601925707241,0.7590022123248515,3.8488640725324528,0,1,4.7552550359438115
drv_0021,753.8972706679716,6282.47725556643,1.716288451368062,60.55324008420778,0.8880842832891009,8.140802219110583,0,1,10.580644427147952
drv_0021,81.40911011889149,678.4092509907624,8.203943729276931,5.729528111785075,0.7811231394251621,2.0,1,0,
drv_0021,615.9248556630561,5132.707130525468,7.229098465588375,68.3515105526025,0.8468105956391786,4.867408204389868,1,1,2.4761808426953817
drv_0021,225.82511821961694,1881.8759851634745,8.230052973878843,11.868254970165943,0.8134290149170719,6.421812995499343,4,0,
drv_0021,124.06387675916187,1033.8656396596823,6.958490696335025,31.162857150487614,0.8049557416387246,6.928085477359152,3,1,8.419881093913165
drv_0021,980.586631730505,8171.555264420876,9.04898082263414,0.05571227334625628,0.8124792828550863,6.193760770686328,2,0,
drv_0021,96.5720037705746,804.7666980881216,4.446446743519747,13.064364499622393,0.8619910950367498,6.212049646011213,1,0,
drv_0022,339.15867621572824,2826.3223017977357,9.419472409263694,2.6234771203992286,0.43733425188912245,5.351999133557714,0,0,
drv_0022,406.7907505698587,3389.9229214154893,2.955910630606322,3.668149006180874,0.4028828622728891,7.094445214807763,0,0,
drv_0022,410.43086662296054,3420.257221858005,4.557347228428686,2.1532744516626163,0.4568606756414576,7.167852019432514,0,0,
drv_0022,1932.2523362692887,16102.102802244073,2.5752991976458652,23.290078765273236,0.5000590404321885,6.407037708540607,1,0,
drv_0022,157.2192583305179,1310.1604860876494,9.071082703626885,37.87848518760742,0.354982672337521,2.0,0,1,1.4871777954237193
drv_0022,24.0,200.0,7.934181613419998,7.112264542882197,0.4083748471959439,6.495272628119209,1,0,
drv_0022,290.952619454668,2424.6051621222337,2.8022985181025994,24.668237097761125,0.47597200631860265,2.1809132461111798,1,0,
drv_0022,413.9292475820843,3449.4103965173695,0.3267644709487294,4.045352710062901,0.36537542253299987,4.125599491471037,1,0,
drv_0022,108.5503044034738,904.5858700289484,2.723740092819699,16.67152387955252,0.45571003232628754,5.256246352531949,2,0,
drv_0022,67.46836692543961,562.2363910453302,0.7724235995899509,7.577492401531672,0.440214959334294,6.5227506035773,2,0,
drv_0022,178.30930114026017,1485.9108428355016,5.781155229701098,141.48257169492672,0.4836184464331543,5.84846481403155,0,0,
drv_0022,43.617803716409874,363.48169763674895,2.9051806737894648,21.41999310275787,0.5412678015424307,5.188583086606082,1,1,5.76685244890415
drv_0022,24.846178151073882,207.05148459228238,8.197599681622998,0.6850911417448505,0.4255878985467407,3.362258888313257,1,0,
drv_0022,393.9356779304371,3282.7973160869765,0.8433197896912936,36.37078880905297,0.39492022350347333,2.0,1,0,
drv_0022,98.50803626709282,820.9003022257735,0.23542876081910524,72.42970343766302,0.45219524126557376,5.684783346318196,1,0,
drv_0022,441.5639867855292,3679.6998898794104,7.416658780032232,16.007561389818516,0.4327281121983109,6.159100255104801,3,0,
drv_0022,522.9884925716826,4358.237438097355,9.140539331853333,11.137535279092493,0.4961820489573392,5.709210383654587,3,0,
drv_0022,153.47505658270933,1278.9588048559112,6.291584090884996,2.4475173682559004,0.5776790130535971,5.750681881281936,0,0,
drv_0022,172.89379749933687,1440.7816458278073,0.8847747517235816,4.19204724806829,0.41422073899887124,5.355867675297314,2,0,
drv_0022,36.89419087368811,307.4515906140676,9.73593253748064,93.02485743140306,0.46867232682330473,3.0996412175952393,3,0,
drv_0022,747.8447039498117,6232.0391995817645,0.3569968583969707,12.581197186673764,0.4338070428038863,6.063350326211248,3,0,
drv_0022,82.487125455407,687.3927121283917,2.8349251140572163,29.023705990590912,0.44194086887681755,5.439711953275972,1,1,6.379462669832726
drv_0022,134.9838861919844,1124.8657182665368,8.745713189269722,40.707788423509456,0.5575516374550663,2.0,0,1,2.8183587170128415
drv_0022,147.56580951124803,1229.7150792604004,8.703166679934363,26.84871503208215,0.43104404667788726,5.12675954507269,0,0,
drv_0022,668.8879257641305,5574.066048034421,4.061955414877597,20.55722694926926,0.5081282211005597,4.046734237827941,1,0,
drv_0022,591.4638272052871,4928.865226710726,8.32394750412692,19.73707682422774,0.522878787300197,6.6129916600263146,1,0,
drv_0022,115.70856853211954,964.2380711009963,1.8539513769571703,11.69507553188522,0.4224225023330355,5.543756066078902,1,1,7.516696465288332
drv_0022,233.80422466623332,1948.3685388852778,8.106345865567903,60.823822603935405,0.4328607562741767,5.6434665908784805,2,0,
drv_0022,201.139463458464,1676.1621954872003,2.2339582359291166,0.17711025436869715,0.4620106656460733,4.366299282226587,1,0,
drv_0022,63.04942940806297,525.4119117338581,6.643155373615137,30.61629504130131,0.42242745984541114,10.910644840833793,2,0,
drv_0022,46.032375767664,383.6031313972,9.133279073994535,15.984573846664246,0.4291938027305309,7.30473980500767,2,0,
drv_0022,134.84901466185278,1123.7417888487732,5.257852427361782,11.59275225658621,0.40712476365449707,5.226088401551839,1,0,
drv_0022,714.849319133456,5957.077659445467,0.102991457607996,29.292013163707203,0.48013238992957724,3.6320246109611576,0,0,
drv_0022,48.36999464240489,403.0832886867075,5.949341628544063,74.14080594729958,0.4276804945416757,8.00779574384876,2,0,
drv_0022,24.0,200.0,1.2493897608301396,10.372315494603155,0.5513027008775058,5.857589647256046,1,0,
drv_0022,546.86943563154,4557.2452969295,4.142849513086665,25.662517401470815,0.4253774437514982,2.762353598783952,0,0,
drv_0022,129.72313638474037,1081.026136539503,2.571824538809712,57.57389323728533,0.4013658738798398,2.0,2,1,6.018749638188043
drv_0022,214.6194978748917,1788.4958156240975,0.1709715328804995,4.493322310346922,0.5158626143887477,5.403015289124212,2,0,
drv_0022,503.82645693499796,4198.55380779165,3.5607409657288533,30.615876337607933,0.5045240611041383,6.4590551032342605,0,1,5.114453060045511
drv_0022,155.43967680924794,1295.3306400770662,0.017234918171591396,20.002314280781953,0.5032553008035457,4.533932876611098,0,0,
drv_0023,375.5297197897578,3129.4143315813153,1.407674424937051,59.83233132886505,0.4649218065615721,6.631070272688678,1,1,7.443481975949333
drv_0023,149.44181632933214,1245.3484694111012,6.849902455278016,0.6331074466928931,0.5071762092162568,5.9284873109666085,3,0,
drv_0023,24.0,200.0,3.0416674062602733,21.181581114344098,0.4222697047754924,3.721311596594486,0,0,
drv_0023,504.2578224812832,4202.1485206773605,7.584034922493505,62.013016914484076,0.3380049187672415,2.86714934748049,3,0,
drv_0023,82.51058190819106,687.5881825682588,2.8166873324291664,4.517285707020018,0.4242185103582643,6.288385583958037,0,0,
drv_0023,480.9457706608247,4007.8814221735392,9.765358096989763,14.347563621128302,0.44246727835824345,4.541298990277415,0,1,7.7814589864604295
drv_0023,42.39588034868105,353.2990029056754,9.384321978812372,20.856248457265828,0.3242207746107274,5.6580455247540025,0,1,5.752973315176804
drv_0023,77.54174227159845,646.1811855966538,0.40780973565542666,2.727964410625532,0.4121280069125177,5.479039172994225,5,0,
drv_0023,24.0,200.0,7.127970600719507,65.19363300582418,0.4787265299998779,6.330923916996369,3,0,
drv_0023,582.2357667731087,4851.9647231092395,6.697238742962749,122.01330339131724,0.32011857853751013,3.038716928980442,1,1,1.0
drv_0023,445.9324592726475,3716.103827272063,9.945270298053009,7.299678967568398,0.4375684440527501,3.907675434892162,2,1,5.163406709614725
drv_0023,485.27289038476806,4043.9407532064006,4.59276014782076,3.283397322532226,0.40494632858096097,2.722756905087623,2,0,
drv_0023,292.7743963494867,2439.786636245723,8.487871435972817,3.48206164719459,0.41970560536110907,5.660573500536303,0,0,
drv_0023,54.97878917023522,458.15657641862686,2.0207348287802516,31.071636470296124,0.3950242838077631,4.721680149915664,2,0,
drv_0023,56.29468365502463,469.1223637918719,9.486052529470774,69.7331077747979,0.4146584491735392,4.456107273005437,4,0,
drv_0023,457.75939481273286,3814.661623439441,0.0732850678303909,1.027047853134226,0.38571358501779096,5.696272845986419,2,0,
drv_0023,404.9091672811161,3374.2430606759676,3.81357550675546,139.5616985572547,0.3409393500019635,2.675734387917716,0,0,
drv_0023,56.69465886561337,472.4554905467781,3.918187581701539,15.828384194420023,0.33819380808109334,4.694258756477967,2,0,
drv_0023,24.0,200.0,2.9703272052719534,57.623191445393275,0.372414844839408,7.154038928627057,1,1,8.708229880071716
drv_0023,163.26505589693886,1360.5421324744907,8.81897134420944,24.599238599644153,0.5224836138105837,3.142164752254945,2,1,2.0278695093591024
drv_0023,924.1807754590474,7701.506462158729,1.40378826499867,14.368685228736776,0.47946559719954474,5.706685196403241,0,0,
drv_0023,1096.5639944037866,9138.033286698223,3.3662567745186167,8.208591352689941,0.4402312929730808,4.298746873277934,1,0,
drv_0023,363.33981634948236,3027.8318029123534,4.597656479856772,63.51550868454748,0.40029910825218956,4.606902043226136,1,0,
drv_0023,229.6120513069016,1913.4337608908468,0.9929192575692714,83.65851090153502,0.39245159285511366,5.999689791857783,0,0,
drv_0023,625.9308179110756,5216.090149258964,5.616567839834764,1.3549949064697089,0.41791797030046246,6.2148951478331425,3,0,
drv_0023,650.1819455809845,5418.182879841537,9.535940529225565,5.678063058467747,0.4424655605195,2.0,2,0,
drv_0023,189.89012140075553,1582.4176783396294,4.7312335825473975,10.039389834921902,0.44729269721197573,5.944785032684878,1,0,
drv_0023,178.16133314911755,1484.6777762426464,7.614680302004641,44.12990760521154,0.4029928793836291,3.134619919159161,0,0,
drv_0023,220.91472370542027,1840.9560308785024,8.887188190438918,26.19132475020749,0.4303280857263046,5.052061767869998,0,0,
drv_0023,374.83443982254397,3123.620331854533,4.348773613350149,8.980538857130915,0.420897090687084,4.489748539259251,0,1,5.247268329849465
drv_0023,90.38307360199562,753.1922800166302,9.059214172332412,22.760376895282835,0.4540820492017195,6.503401394799874,0,0,
drv_0023,45.044501069727716,375.370842247731,9.672569928536971,25.49249843782085,0.443719427471545,4.584978434350728,2,0,
drv_0023,748.3125813500574,6235.938177917145,6.460334496724003,0.9923155426178573,0.4323701505039746,3.1179926549853865,3,0,
drv_0023,24.0,200.0,6.780783924800955,70.38995143403685,0.42990251562045956,2.0,4,0,
drv_0023,152.5125303679057,1270.937753065881,1.8118472156495458,3.9164305686808434,0.3379200530127974,3.4001552633913903,1,0,
drv_0023,472.5362582248401,3937.8021518736678,7.705232738304905,29.763080103117066,0.3495654759436695,2.406773673471484,2,0,
drv_0023,305.2606827366521,2543.839022805434,6.1172150739526385,75.87257578904632,0.4701326169845304,9.118287605413819,3,1,6.647756470600919
drv_0023,191.44901228395196,1595.4084356995997,9.414944076808906,39.799497507681444,0.4042784395530044,5.963465953545511,3,0,
drv_0023,1345.3907296249822,11211.58941354152,9.940540582192167,1.8580858503849147,0.40681632607829443,3.2717276759949616,0,0,
drv_0023,24.0,200.0,8.615476040480749,9.457798114069798,0.3505267805901553,3.727444727530937,1,0,
drv_0024,77.68703534330473,647.3919611942061,4.320500682831179,12.519940819432058,0.66608201841333,10.73813845866109,3,1,10.15355906614179
drv_0024,266.29477063627513,2219.123088635626,6.8081356556233,37.88483903940204,0.6536360241343726,10.710105315290704,3,0,
drv_0024,564.0177952309591,4700.148293591326,6.248443760568829,23.914925799705895,0.5378667150271483,11.715617907073227,2,1,13.0550479212805
drv_0024,665.0641787588115,5542.201489656763,2.231736080812523,5.676385384683386,0.6583556916659812,9.1358369043869,1,1,10.698952202053762
drv_0024,97.22447548543518,810.2039623786266,6.56692650906364,3.9217323008444023,0.5990913344034623,4.8198543574283095,0,0,
drv_0024,139.81441082545408,1165.1200902121175,6.932668147114277,2.8985301684014786,0.4702694490909395,11.90181600370219,0,0,
drv_0024,456.86281659248215,3807.1901382706847,2.1984811857083377,76.28684401469809,0.568242696255612,11.660180159903497,0,0,
drv_0024,973.8813077991904,8115.677564993253,1.9565715231665715,17.50035149943805,0.5782633786416578,9.436116247056729,3,1,11.478355715385305
drv_0024,24.0,200.0,4.967465075112773,8.848657687473182,0.6681565721681791,10.91787146255988,1,0,
drv_0024,424.11798157719005,3534.3165131432506,6.737839239245349,45.20895610273106,0.5803034785075377,9.535808955840185,1,0,
drv_0024,684.2145344837525,5701.787787364604,8.541890708039409,86.59761526369617,0.5699456544756193,10.29798931078418,1,1,12.005529837935569
drv_0024,146.88167300569802,1224.0139417141502,7.799490753675975,6.913975556255401,0.6450414494508663,14.725244987015849,2,1,15.498114673673065
drv_0024,508.2676306715763,4235.563588929803,2.5273904194595422,20.831795263620336,0.5484489134098837,6.380195116693805,0,1,6.532101161633418
drv_0024,661.5149131920725,5512.624276600604,2.7357102856787407,2.2651991775712452,0.6131694841441715,8.216590296961968,1,0,
drv_0024,856.1344497000215,7134.45374750018,2.9807526625998326,94.86704444949427,0.5671948882751158,11.290218499016111,2,0,
drv_0024,472.49507708730084,3937.458975727507,1.9097138766888189,96.7149838410809,0.5888829849681422,10.603009455029042,0,1,9.503587618152315
drv_0024,370.4293474152553,3086.9112284604607,2.3030150857621545,66.79195564791208,0.5526871263325359,8.174159214479811,0,1,5.78445543066961
drv_0024,527.9433695066583,4399.528079222153,9.255659031304711,15.719500076674,0.5878202592889983,12.04466746475849,0,1,11.52111323574079
drv_0024,139.20560417362697,1160.0467014468916,5.5059873937489625,13.607401942662232,0.6612936511507096,11.175303709019936,2,1,8.899102203740132
drv_0024,261.5130617881792,2179.2755149014934,6.833986667514984,13.004696982401446,0.6068148587981173,11.575561352390112,0,1,12.36026521012985
drv_0024,156.03582497397954,1300.2985414498296,2.023964857689177,38.164017172557934,0.6291405407744225,10.649386014439637,2,0,
drv_0024,28.541382762154328,237.84485635128607,5.630171172907554,16.01671875462084,0.524062369388824,12.298045691148404,1,1,14.398999038335138
drv_0024,439.2636173022285,3660.530144185238,8.378162179200759,33.11149069234495,0.6713877049800905,13.55612713466806,4,0,
drv_0024,24.0,200.0,2.7589479833652297,31.231868543153418,0.6370376180644294,5.420089299650279,1,0,
drv_0024,691.5332366910926,5762.776972425772,3.687395803677754,48.13990264605158,0.6455072930309873,9.431911312955686,2,1,8.569331219303484
drv_0024,29.67648789491595,247.30406579096626,8.726871023778923,32.880625915908176,0.5912233302923551,8.333651025372165,1,1,8.686779975984523
drv_0024,221.85081174861136,1848.7567645717616,6.60187226308338,4.262549077599697,0.5966807276852881,12.962585631054539,2,1,11.786548265319025
drv_0024,341.13251614395364,2842.7709678662804,9.92098290065761,3.20554250002736,0.614034576919888,7.243863010506962,2,0,
drv_0024,293.64615988628975,2447.051332385748,9.827487171243495,56.70506428878713,0.6744956944539118,10.821127465587335,4,0,
drv_0024,24.0,200.0,2.4150097636388157,13.835849083612624,0.6640624569590127,11.528817741789943,1,1,12.129000565364683
drv_0024,46.99488769470818,391.6240641225682,0.629214714683537,1.6169144573834286,0.6173057492163875,7.0299397827925505,1,1,6.806895038933717
drv_0024,1095.3502936526515,9127.919113772097,6.081111374536208,7.746864653423026,0.5427570651280761,4.981437252964403,3,1,4.754777867884062
drv_0024,381.0549165943862,3175.457638286552,3.9534862073479795,23.06804052249704,0.6080828709291178,13.681083493909874,1,0,
drv_0024,284.8355063131743,2373.6292192764527,7.008426126908683,42.8222463337365,0.6559890019147416,13.560005336378133,0,1,12.601679826573502
drv_0024,1079.2222247268387,8993.518539390323,2.3552782156828513,43.33628953352728,0.573657095423435,10.270306850471524,2,1,7.4914877322586175
drv_0024,852.6239482531635,7105.199568776363,1.2111251817862,9.598329209794155,0.6362370790620213,10.295844906634983,2,0,
drv_0024,105.63365115108104,880.2804262590088,3.187407128868375,13.197012749752869,0.6020383848220476,10.8404222609093,4,0,
drv_0024,1093.4806479879128,9112.338733232607,0.6148718533281172,6.64236354544546,0.6030247362850386,10.338595077779045,3,1,9.943610173562456
drv_0024,24.0,200.0,4.873224872784307,23.740885443167297,0.6349927100865939,9.784519205429643,0,0,
drv_0024,444.652589958261,3705.4382496521753,2.9188026518700836,2.5500565686946293,0.6342452105443157,9.808694707578843,0,1,8.530648494645295
drv_0025,1681.488082887329,14012.400690727743,7.792121945261278,3.659946746857568,0.5170099079735782,8.378242810123945,0,1,8.258730907826097
drv_0025,453.8620354209523,3782.1836285079357,7.4067552889173065,2.904826648579363,0.6237505796355668,6.613804975569273,1,1,8.993987161436003
drv_0025,95.96805779054134,799.7338149211779,9.007400202857049,7.180429144485696,0.6308199259634061,5.177023301187489,0,1,5.729779806001888
drv_0025,498.20146042366196,4151.67883686385,8.154385472977738,17.685962620689093,0.5632432464699776,6.752844345891238,2,0,
drv_0025,454.48885781061506,3787.4071484217925,3.820487278122319,13.894221265903646,0.5250020732144749,8.89332044288713,0,1,6.680394559751058
drv_0025,163.93623877672917,1366.1353231394098,9.50619234586352,23.70303618279378,0.531912078002933,7.80701417411506,2,0,
drv_0025,352.9750499262329,2941.458749385274,8.161156622234765,17.490473747527673,0.4362609181643543,9.901318682815791,1,1,10.5053489511791
drv_0025,515.0161539243916,4291.8012827032635,7.920973963623252,57.938105415144335,0.6014134105798281,3.9424903461257887,0,0,
drv_0025,436.67151181610217,3638.929265134185,2.631731338262684,14.904067695937378,0.3926066645388026,9.818393860565944,1,0,
drv_0025,2400.0,20000.0,3.4116509563147703,8.288166277525292,0.5250908165568042,9.013203215733398,1,0,
drv_0025,1619.8277279653503,13498.564399711253,2.3275022039470894,42.04242636822713,0.5827340985811604,6.987408141809162,1,0,
drv_0025,503.8094513829103,4198.412094857586,1.8775911902509823,38.73187365898043,0.6120655749655889,4.914508333038785,1,1,1.98043874641662
drv_0025,404.9950751026947,3374.958959189123,4.341605538123375,7.479120400095039,0.6020804910558052,11.517891767346217,0,0,
drv_0025,432.505990339208,3604.216586160067,6.630871340685153,11.178758991978267,0.6105517267878767,10.744584963417157,1,0,
drv_0025,182.13806599364213,1517.8172166136844,1.466451999744941,6.001885694167219,0.571004399030826,8.214295266314638,5,0,
drv_0025,628.2277330435082,5235.231108695903,0.9560010589677803,64.12572828898178,0.5709515324780332,7.267991637569764,1,1,7.167773399609078
drv_0025,51.513832534433725,429.28193778694776,3.3607307786476404,59.282199247444844,0.5367284665392077,6.957535384726993,0,1,6.8433040645226475
drv_0025,408.5615759965285,3404.679799971071,6.246010833030965,132.70939280195307,0.572746877276923,9.05942789640408,2,1,7.011751501182601
drv_0025,30.78887071703288,256.57392264194067,4.534324732489212,24.08696981390285,0.5398234607011556,9.78544224491209,3,0,
drv_0025,24.0,200.0,9.008096262447392,18.440113988408385,0.5028307051020626,6.284050060859305,1,0,
drv_0025,681.6086001109944,5680.07166759162,5.456405361573849,42.24088931170763,0.6107691487900185,10.895572734688747,0,1,11.050107645857533
drv_0025,113.43909600085037,945.3258000070865,1.1155337383254282,8.144675749240507,0.5551849425710768,6.673993388389672,3,0,
drv_0025,117.46972928527612,978.9144107106343,1.8558873930174846,46.153827493177744,0.6042846656085491,4.963566085052292,1,0,
drv_0025,120.00716578325269,1000.0597148604392,0.8392988271119217,77.35239016054467,0.5625223694077011,8.390104893903935,3,0,
drv_0025,1183.8944297391834,9865.786914493196,1.4614902479512315,17.19847497897073,0.521765425388777,8.266953034053593,2,0,
drv_0025,2101.660497581444,17513.837479845366,2.498662249033478,24.616123701788652,0.5849263580980819,5.425480555919302,0,0,
drv_0025,55.0337016971805,458.61418080983753,3.2787395576985956,11.007111454996865,0.5545050237846546,6.551403719155207,0,0,
drv_0025,453.9008318911702,3782.5069324264186,6.873985877440981,23.84504019102482,0.5473600195407967,6.667722475286616,1,1,9.010260093452372
drv_0025,103.50776031778928,862.5646693149107,0.23935671599426778,10.553058906189555,0.5072611629466419,5.123880784160402,0,1,6.675315260829297
drv_0025,558.7175005531502,4655.979171276253,2.781018974374807,28.907267937596487,0.6484991282698152,7.727276923486563,4,0,
drv_0025,199.20560462472352,1660.0467052060294,2.6031478200270888,15.05251809181383,0.5764012960212318,7.92058926446739,3,1,8.75618945666097
drv_0025,1302.8431285744198,10857.0260714535,5.7120126517298555,83.68477177397679,0.5235740832406854,8.41735698156545,2,0,
drv_0025,76.7454744798216,639.54562066518,5.786814766797831,48.35949857528149,0.5124131746905044,9.51133081417163,2,1,11.605739075037357
drv_0025,37.9898200448234,316.58183370686163,9.434783432462671,13.55363403982512,0.6071787822392465,5.93740064067433,1,1,5.356109896378912
drv_0025,1379.837771607354,11498.64809672795,2.2739803013289595,1.4858432031106177,0.6132380374024285,6.758414203529988,1,0,
drv_0025,268.64524898726785,2238.710408227232,8.541147520731172,23.303867653515912,0.6102390826416475,5.944831471921335,1,0,
drv_0025,524.0569674740154,4367.141395616795,6.478727009308357,20.866431443087226,0.5786467796662724,7.955578600573447,1,0,
drv_0025,197.4632200746325,1645.5268339552708,6.896816408512185,4.713491557372403,0.5124687208885843,5.870266683286063,4,0,
drv_0025,107.50115107026282,895.8429255855235,1.7221459839758169,13.146293252246783,0.5256728563542946,9.000200297791336,3,0,
drv_0025,375.13774343220257,3126.1478619350214,5.386575536045568,11.104703870433461,0.5287979238315564,9.241442846324468,0,0,
drv_0026,302.2976007730202,2519.1466731085015,2.6066293086616388,0.9645343730224183,0.7761795029759743,2.0,2,1,2.96714145301617
drv_0026,190.53499016877413,1587.7915847397844,5.68508824291653,17.21854632688829,0.7254119156924059,2.27346871819049,0,0,
drv_0026,359.624974258911,2996.874785490925,5.498248311553722,64.6885165185169,0.6783930496926619,2.0,1,1,1.7809532085798259
drv_0026,809.203339968646,6743.361166405383,2.138281674088348,17.488680098090605,0.7560404048593078,2.0,3,0,
drv_0026,358.405516822118,2986.7126401843166,8.89767782108863,0.45507433012353005,0.6462401158320995,2.0,3,0,
drv_0026,866.0384033629825,7216.986694691522,6.170647290279949,49.66340374406099,0.6175423354414267,2.0,2,0,
drv_0026,687.7228396311958,5731.023663593299,4.431170012176244,30.00776336089823,0.7100891852879302,2.3634718172366878,3,0,
drv_0026,345.82984230442327,2881.9153525368606,0.7913557631555257,8.099252957589234,0.6990138904005826,2.0,1,0,
drv_0026,605.1369242935846,5042.807702446538,4.191121975190535,228.33165934036037,0.705150955202351,4.100716545722941,1,0,
drv_0026,86.60264798443006,721.6887332035839,5.254463510790486,14.60126260083311,0.6790202683980411,3.821973564832513,1,0,
drv_0026,382.1213863463079,3184.3448862192326,2.695475279131112,50.22455014486545,0.7043046894291665,2.0,1,1,1.842969597439596
drv_0026,24.0,200.0,9.56019740630242,21.79898029658634,0.688709828288774,2.4757296724420232,3,0,
drv_0026,146.19777013171827,1218.3147510976523,0.3480569547112977,12.020003995869512,0.6923005657550749,4.207824085774501,3,1,3.8859315093049585
drv_0026,873.8117005105238,7281.764170921032,0.6010823298874024,25.876834057892584,0.8103836195439434,2.0,3,0,
drv_0026,134.7625793851955,1123.0214948766293,5.057016027852882,88.7222689243,0.6082092994926918,2.0,3,0,
drv_0026,100.44842381542229,837.0701984618524,8.709739891897364,45.73670687074127,0.765095311501868,4.2680072081685445,2,1,4.197025932309504
drv_0026,56.72971103789862,472.74759198248853,3.64780437245394,31.09330848392367,0.6475289414151695,2.0,1,1,1.0
drv_0026,128.05982042056655,1067.165170171388,1.9043686518342795,15.005403058652394,0.7551696337093275,2.0,7,0,
drv_0026,804.2016141620506,6701.68011801709,9.151018914828265,24.746498342532163,0.7152931417898672,4.355749691517886,4,0,
drv_0026,430.95301436941156,3591.2751197450966,5.928894609874781,23.621726833001937,0.7120230394974205,2.0,2,0,
drv_0026,146.5790732785499,1221.4922773212493,3.1726125430522343,36.26267691430675,0.737626173283235,2.0,2,1,3.943167305716843
drv_0026,590.2084501707463,4918.403751422887,3.15899446713901,20.43072862579821,0.7550025394540394,2.0859314981054564,2,0,
drv_0026,133.91256234314508,1115.938019526209,4.641348101402935,8.675198470574413,0.7211127316252399,2.0,4,1,1.0
drv_0026,24.0,200.0,2.5981978937964834,2.770763078448522,0.7245744010332649,2.0,3,0,
drv_0026,84.39109541779335,703.2591284816114,7.559093947956393,81.09085670586485,0.7951356535581569,2.0,5,1,3.3256372144414628
drv_0026,119.9189150119984,999.3242917666533,2.899360516435677,8.959787262576814,0.645029849246267,2.8257390626595087,0,1,5.460643869587815
drv_0026,204.40675206247963,1703.3896005206636,7.340289590380476,3.6763889044241207,0.6790298339426006,3.391417126077322,3,0,
drv_0026,234.00891306814498,1950.074275567875,1.9703936093331298,15.42695038120393,0.7591321362635816,2.0,0,0,
drv_0026,1060.332438386695,8836.103653222459,4.671133994707002,3.6432437772166786,0.7395141276395887,2.2227617187774666,1,0,
drv_0026,111.28923255004467,927.4102712503724,8.196288908783892,5.648906644628253,0.7442589455839015,2.0,1,0,
drv_0026,140.89478618480726,1174.1232182067272,5.180960230456066,27.600773761315466,0.6991268553542708,2.0,2,0,
drv_0026,24.0,200.0,2.399133561974093,65.98112546932855,0.7879962753137871,5.9781074368786005,2,0,
drv_0026,340.5134255651699,2837.6118797097492,3.666960728708688,4.198885510502872,0.7361898129258717,4.512559813323149,1,0,
drv_0026,84.68761568956802,705.7301307464002,4.643222432764954,3.290820770845402,0.6933513556832336,2.250654982300836,1,1,1.8296822108936714
drv_0026,1433.1378488285247,11942.815406904374,5.788265804744016,50.015899805202444,0.7514480699726253,2.0,2,0,
drv_0026,483.6596686736971,4030.4972389474765,8.308289345363807,2.546487998203274,0.7309753838303572,2.0,2,0,
drv_0026,128.6811333692218,1072.3427780768484,2.193777455089758,15.59598854919829,0.7075940511793317,2.0,1,1,1.520408455105068
drv_0026,376.3628424063413,3136.3570200528443,5.935072288432149,38.04249153306033,0.7717897619093774,2.0,2,0,
drv_0026,373.8650842702438,3115.5423689186987,5.941229110959658,5.9470290358535935,0.7932398885805461,3.358336180872022,0,1,5.287132748714464
drv_0026,114.48203328183895,954.0169440153246,4.33425839142216,16.09937048303544,0.6330141764930982,2.0,1,0,
drv_0027,165.00636221236783,1375.0530184363988,4.944435039440518,25.083997382794585,0.3805264577061582,9.161432302821746,3,0,
drv_0027,103.90115400796333,865.8429500663611,2.265407896935577,32.378657156560834,0.512864781751201,9.45213173834775,4,1,8.551524797212563
drv_0027,471.74420097754677,3931.20167481289,8.735843992557463,1.886397606986114,0.44435578695079025,7.593620463390058,0,0,
drv_0027,406.07083226958395,3383.923602246533,3.1820386591170893,6.419117716659502,0.4828483130760943,6.633707262552024,3,1,4.941482403753266
drv_0027,39.110664672801235,325.922205606677,2.8899902498047036,43.6963086951744,0.44765914579211324,9.331058665360578,0,0,
drv_0027,59.4641108404699,495.53425700391585,6.93669168406403,26.00214789350899,0.4825574002373663,10.292076698369543,1,1,12.427393988316204
drv_0027,415.5890974033245,3463.2424783610377,1.20629078247653,28.35578382192218,0.5011310362623046,8.4628608933838,3,0,
drv_0027,81.90134948928537,682.5112457440448,6.6874008784325865,14.394193510380491,0.4371203580502562,10.855302332563623,0,0,
drv_0027,623.9301324792829,5199.417770660691,4.402865450663017,8.831195727399926,0.5124161502998149,11.54448661052592,1,1,13.199747254925516
drv_0027,1103.2309926858265,9193.591605715223,2.746704885544433,58.679106712488895,0.3949629147852805,9.077433708279159,1,0,
drv_0027,273.0486981009898,2275.405817508248,5.685424680986912,17.719971603950476,0.4733544163084058,11.775620680371112,1,0,
drv_0027,197.283178075728,1644.0264839644,0.30801331859100833,28.004290043509325,0.5526307486429595,15.168480225528722,4,0,
drv_0027,65.39767255285977,544.9806046071648,5.543027496912668,42.405372782980656,0.40943093340367204,7.369882879228938,0,1,5.629865139163803
drv_0027,647.5774518648166,5396.478765540139,0.4798069953643358,12.533575191473188,0.5516752152159152,5.879238678006005,0,0,
drv_0027,355.8684620399524,2965.5705169996036,8.519274153531267,25.633645745832204,0.42753580700930643,10.659229723271574,2,1,12.524485202576152
drv_0027,152.94869306792322,1274.5724422326934,6.170184814885457,3.397468585161608,0.5511107119599781,8.690588795180577,1,0,
drv_0027,186.72103690794773,1556.0086408995646,5.785798845082328,69.03777272985161,0.5310873522632111,8.380201921177546,2,0,
drv_0027,442.4497386696064,3687.0811555800537,9.213454700622538,32.490278783536205,0.40682262721536283,10.177037451735313,2,1,9.443124010512738
drv_0027,239.99584451542933,1999.9653709619113,3.7091300015637496,15.251987614285262,0.54323352533619,14.45576905404047,1,1,14.79132493860644
drv_0027,85.5411937817286,712.843281514405,2.1099916092260473,14.835300706480956,0.5316393049773108,8.371947167484993,2,1,6.275225154927716
drv_0027,76.41809963626653,636.8174969688878,4.151030017318718,35.291769901316776,0.4489916378331331,7.898229756803688,2,0,
drv_0027,158.0064496451277,1316.7204137093977,1.1808125024311278,2.58562435383336,0.4127485564038086,10.203352530428578,2,0,
drv_0027,24.0,200.0,8.695288902257207,66.21685083819392,0.4639189010395023,5.948426044572225,3,1,7.65488231622251
drv_0027,1167.9965292153272,9733.304410127726,9.856923647340874,10.9731912894055,0.5120700618953463,11.308426374495202,5,0,
drv_0027,270.5296388155125,2254.4136567959376,9.797085732758296,27.930826531760726,0.5286416309406934,8.780442398343663,1,1,9.307077459115758
drv_0027,280.71984515399447,2339.332042949954,7.044187265420458,4.738598924824095,0.3907043831841136,9.832996094088426,1,1,12.261858422297541
drv_0027,279.3276808657752,2327.7306738814605,7.67460477798511,4.508347247182353,0.4281093057682948,12.666336867063022,0,1,10.127101203977354
drv_0027,79.12895088879101,659.4079240732584,7.323893269136912,7.741395486608073,0.49098033290007614,9.402271195751192,0,0,
drv_0027,588.8229265422669,4906.857721185558,0.7996986896618463,6.07310234336551,0.6075724783571077,12.827514747569815,1,0,
drv_0027,248.92741027995592,2074.3950856662996,5.16802334823492,52.93790167892645,0.43924759958681137,8.680906299417497,2,0,
drv_0027,201.90318068373617,1682.5265056978014,5.840701166145095,75.33939160545634,0.5159478052977802,11.087257483831735,3,0,
drv_0027,946.1957959383489,7884.964966152907,3.050490489852069,18.24568517444706,0.45752696068982507,9.855710933620742,1,0,
drv_0027,1187.7404457230593,9897.837047692161,7.624268248219609,32.86814564579428,0.4993304411100907,10.866350108959882,1,0,
drv_0027,32.387834719585975,269.8986226632165,3.47253767668397,87.47507650249665,0.43175015490431895,10.471197057320865,3,0,
drv_0027,214.31808096506896,1785.9840080422414,3.47089390809273,19.088812093972017,0.4021597365830769,13.261380502784435,1,0,
drv_0027,487.94384492799384,4066.1987077332824,5.40536588763289,25.67020676282955,0.4435437717022165,12.24052399631469,3,0,
drv_0027,194.78584818446657,1623.2154015372216,2.269598592514842,15.006945517460972,0.46825871676201064,9.364733584768626,2,0,
drv_0027,57.895645681909784,482.4637140159149,3.060742292251586,56.07155016961259,0.5198516804216946,8.14108740939891,3,0,
drv_0027,295.9106831189746,2465.9223593247884,4.727345381575771,25.812982961413997,0.4848450993624944,8.996957403077428,1,1,8.246884515669542
drv_0027,107.71226428037156,897.6022023364297,8.973303061025316,59.03710252358144,0.4844077917945703,12.407224402252016,2,0,
drv_0028,736.1833953616623,6134.861628013853,5.052317526145953,2.808031972197061,0.8266031854943006,10.180519338364086,1,1,11.005178405512545
drv_0028,586.1780715384456,4884.81726282038,3.408842655730875,14.819207649964529,0.820429265748292,14.410290937194127,2,0,
drv_0028,168.05700896595502,1400.4750747162918,7.269608635736699,29.80419445073707,0.849539814550588,15.74940756434361,2,0,
drv_0028,717.7818286876928,5981.515239064107,8.122084763193229,5.714777012729948,0.8605720845474244,14.643546793447737,4,0,
drv_0028,726.6844236059577,6055.703530049648,2.5101732152447456,58.47748466567969,0.8590631544850297,13.203856301939247,2,0,
drv_0028,376.0193051175876,3133.49420931323,9.81246056830255,27.59228024756503,0.8022638090937078,16.038478240102346,2,0,
drv_0028,60.68217860161226,505.6848216801022,4.198073472495162,11.94962017918202,0.8420619547594619,10.985291535811946,1,0,
drv_0028,376.0185219027514,3133.4876825229285,9.577791751276946,3.890880013697147,0.86246450599765,17.77656265630701,1,1,17.432065545730516
drv_0028,1688.6277813023914,14071.89817751993,2.458391464181898,47.73855446449647,0.909914717356382,14.379414669136645,4,0,
drv_0028,315.61714379153784,2630.142864929482,8.609779330900711,21.621458974966824,0.8510250816453206,10.828152370287965,1,1,12.647799450832029
drv_0028,359.8969960102738,2999.141633418949,9.143742521818202,57.837693595330876,0.8995993489455931,12.803460610902826,0,1,10.695166978556381
drv_0028,113.28564401011826,944.0470334176522,0.9150183512045262,1.7039449947949132,0.8052856708784017,15.345610022411861,1,1,16.831683649885278
drv_0028,228.612827671955,1905.1068972662918,6.684937114396247,24.79864816152851,0.8662639366997217,14.617188121649358,1,1,13.263437136347267
drv_0028,114.2501973835269,952.0849781960575,4.405623625447776,40.04113473061122,0.7553544172580368,11.99463021209162,1,1,10.642770540577203
drv_0028,206.06056252011481,1717.1713543342903,6.04704672703563,5.174267597505679,0.8179682207819673,13.218948004922117,1,0,
drv_0028,581.0973802545612,4842.47816878801,5.591538384728535,27.823264656990744,0.7965518204543196,17.88223287364208,2,0,
drv_0028,544.1031751828261,4534.193126523552,2.5713208751206897,4.370400926708319,0.8709257019739717,18.73710953352322,1,0,
drv_0028,341.91018551992954,2849.251545999413,2.154003074149525,11.694157348363886,0.8886627842199402,12.134087437932852,3,0,
drv_0028,27.90643889578136,232.5536574648447,2.3033722717294247,6.541395933377908,0.9455757026960311,16.067148103453416,1,1,16.715207887765306
drv_0028,142.13326161116478,1184.4438467597067,2.1148454887232893,13.404840462257189,0.826431449532315,12.771927858287807,0,1,14.267478758269176
drv_0028,2128.6012790689624,17738.343992241356,9.480729193638592,105.70914850659659,0.7996003994590641,12.81059669358204,0,0,
drv_0028,24.6603913432758,205.50326119396502,2.524255100277398,34.357765236872254,0.8378731845744227,13.600264239817625,2,1,13.2447334752003
drv_0028,544.4486697781845,4537.072248151538,8.054551607581903,20.20377195628637,0.904603603055,20.396149369308485,1,0,
drv_0028,721.7628492631959,6014.690410526633,7.781110488979572,14.340185495948345,0.9493773573683607,15.007719860159403,2,0,
drv_0028,321.95087058519954,2682.9239215433295,6.709330677002926,17.79144834751109,0.8374959016559028,15.172186192012907,2,1,16.192579572814488
drv_0028,551.8430034757796,4598.691695631497,3.729689961272138,26.780988896320043,0.8997206886224477,15.1949426563549,1,1,15.65616706772914
drv_0028,98.80568490609667,823.3807075508057,1.7289048757558823,2.649725241576616,0.8917381920555982,14.484789050588114,3,1,14.093241628784831
drv_0028,150.3379609832491,1252.816341527076,8.934817033977893,10.259346010272033,0.8243828389596274,18.77699287166022,0,1,18.628485628213696
drv_0028,434.4050776733528,3620.042313944607,1.2661075780801656,15.201847693516342,0.9249420885209123,15.089028129360514,5,1,16.62291320268318
drv_0028,400.15279733296205,3334.606644441351,3.6365637439768017,0.10481322352993881,0.8659505906377329,13.075551478849597,2,1,13.516953282875019
drv_0028,209.05094872020473,1742.0912393350395,7.240773247592785,17.250121724088043,0.9261255970903532,15.883669305328159,0,1,16.01719384462796
drv_0028,94.24461718232759,785.3718098527299,6.557740153312702,52.45572651541716,0.9074750371471682,12.981123476595604,4,1,11.458284785227605
drv_0028,856.4145524726994,7136.787937272496,7.893610772831659,5.63703513430921,0.9309579564866874,16.262173566553294,1,0,
drv_0028,636.4126757858243,5303.43896488187,9.375268702635747,1.656095056546732,0.8803894831728928,13.788243640193429,4,0,
drv_0028,24.0,200.0,0.43332024770323163,22.42305307539762,0.8551342829775833,14.705279069234109,1,1,14.799693267241977
drv_0028,96.42799780627935,803.5666483856613,9.737343376864505,15.162129685132266,0.7712091832770053,17.479888137626485,0,1,15.774221503002956
drv_0028,78.17369856681012,651.447488056751,5.320152515780303,0.5346822436118646,0.8902746146434496,14.386701856491792,4,0,
drv_0028,723.1555309468824,6026.2960912240205,5.161929411681845,3.5850305659977963,0.8181672844754659,9.836221628064681,1,1,8.108835415634259
drv_0028,124.06909683037549,1033.9091402531292,2.038338312178416,1.8094664724300222,0.7800617740329624,12.848808380968418,1,1,13.491062695898188
drv_0028,91.72134453888442,764.3445378240369,0.27872755833184715,1.217953486786235,0.8478166085887662,12.938330371603772,5,1,13.147143990828132
drv_0029,24.0,200.0,1.1479838740578097,24.064994077986054,0.8476689124726074,13.132628572686741,3,1,13.597647448779746
drv_0029,120.94384326169973,1007.8653605141644,6.4009401617561865,0.6033614324826857,0.9091232168732988,7.7641964410860576,4,1,7.180973213675564
drv_0029,224.79984191877358,1873.33201598978,6.261490871091332,57.9675604079858,0.8073513759449834,15.037555664576715,1,0,
drv_0029,213.58075926047954,1779.8396605039964,4.840354733539403,58.19017928291105,0.9273925645177175,15.146372445929035,0,1,15.670506154924091
drv_0029,536.5751353700963,4471.459461417469,0.9955480646002934,8.216561886841026,0.8538649641724736,16.439528842857577,1,0,
drv_0029,476.3999454445144,3969.9995453709535,8.953322764910702,8.974094652898836,0.9084775890546796,13.087430279159692,4,0,
drv_0029,57.62618445565692,480.21820379714103,8.952054513875217,64.24684080938448,0.8282622246843299,13.352845195311994,3,1,14.844943243365924
drv_0029,59.079428976418384,492.32857480348656,0.07700800865622859,3.8417674511124473,0.927234188127337,11.655480438009779,1,1,12.401065315586155
drv_0029,1316.6737272413575,10972.281060344647,5.219034532238384,2.36469936074931,0.8840659250627297,13.382089346744074,1,1,11.712640254686814
drv_0029,93.1437112839526,776.1975940329384,0.7105018677671393,4.369682317527709,0.8426831512763155,17.628350094372934,0,1,20.645656131599804
drv_0029,46.96690662327316,391.3908885272764,7.878070009422963,6.565347366942135,0.8351160042651506,13.519313712438699,2,1,10.23934670572143
drv_0029,289.56076925692986,2413.0064104744156,7.82415589187229,18.391724897576303,0.8248214480009829,16.16732886156636,1,1,16.074676268948263
drv_0029,916.6674707429842,7638.895589524868,1.774108609658609,20.54040012198165,0.8683811591028509,13.761942115754717,0,1,14.78553415327987
drv_0029,443.2191487513422,3693.492906261185,8.95892122829715,11.889446886030802,0.9223886605261964,10.621785357294844,2,1,10.811128458231273
drv_0029,299.3664512078919,2494.7204267324328,3.773683674635482,22.329957996926655,0.8325781412122015,13.678703299801485,2,1,14.253821597564082
drv_0029,720.4829724186316,6004.0247701552635,9.17147009994922,4.401966995974225,0.889506435613587,15.72416367204772,2,1,16.573408729708653
drv_0029,374.5912686051509,3121.5939050429242,1.5561281900802404,2.380047078454531,0.7435145121510369,14.669119451473945,4,1,15.582657052390559
drv_0029,143.3350575628343,1194.4588130236193,7.020822544318443,13.248964335135831,0.8382242362103912,15.41524701414836,3,1,14.406170788696004
drv_0029,218.4087380601347,1820.0728171677895,3.4338298337930895,35.60306428877834,0.8513253123286956,12.258157386601237,1,1,12.879538689625507
drv_0029,162.44473018337237,1353.7060848614365,3.7907573600720856,37.02977973728159,0.9090633164340641,12.275648627679889,2,1,12.50963099222654
drv_0029,198.75636447334543,1656.3030372778787,0.5537436233282955,1.0932419270053906,0.8714481423884766,18.15882109769495,1,0,
drv_0029,61.33267069848666,511.1055891540555,7.794857406836055,84.29577971644977,0.8557759765971078,13.227087127558248,2,1,14.442256794642999
drv_0029,26.855742897004706,223.79785747503922,8.14459033222578,24.388001970320918,0.8588583859697007,15.383720504381644,3,1,17.731167470870332
drv_0029,77.24988500150506,643.7490416792089,1.1177051241555591,11.396652267447113,0.8548232196484266,13.004031801304954,0,1,13.210133128072934
drv_0029,107.07152846675454,892.2627372229546,2.0918290519807337,13.310262496011992,0.8577261128208731,13.477185545414637,3,1,11.666694824608012
drv_0029,672.3629965725926,5603.024971438272,1.5718126086377693,6.615755154859937,0.8758155254478445,11.04030101033458,0,1,11.620591679202247
drv_0029,809.322984344512,6744.358202870933,6.843279836259245,45.19961987251707,0.85606999562186,11.312835614641958,3,1,12.39483243286724
drv_0029,609.384227346776,5078.201894556467,5.343351417696757,4.000932927193263,0.9476259519078881,13.533692327359283,0,1,14.895439672872483
drv_0029,33.96917830750649,283.0764858958874,2.1798811845257573,70.56949367555491,0.8691332206578861,15.53381144256545,2,1,16.767855199192073
drv_0029,590.2899476577417,4919.082897147848,7.835329926551328,25.007368885618266,0.8989005489293245,9.526104515532552,1,1,10.501376508028532
drv_0029,373.6088579930722,3113.4071499422685,4.867292438883467,54.15566681757317,0.8828444370576348,14.161329465206688,0,1,13.488190046940797
drv_0029,840.8025731931517,7006.688109942931,3.8594296040427967,2.949706604592612,0.7954251260794274,15.911711436243184,1,1,14.494257324143453
drv_0029,304.38736779323773,2536.5613982769814,7.990495343662385,24.90858680980115,0.9683418381302931,14.529635919309378,2,1,12.971137684452895
drv_0029,85.5979964174711,713.3166368122592,3.419520392018737,13.252158735219467,0.8456325663772495,12.56742770471345,2,1,11.21713461038795
drv_0029,82.06429904765108,683.8691587304257,6.5559021285245045,15.992475640905873,0.9176460384271089,14.561180124619092,4,1,15.332185709871116
drv_0029,195.20286679095574,1626.690556591298,1.9616735614281255,29.239204904287927,0.8569119015745007,11.687825787255315,2,1,10.77020542778305
drv_0029,270.677100835346,2255.642506961217,3.9216739955520428,22.211768558371205,0.8514099217618856,11.87606267344687,0,1,13.937616535933529
drv_0029,92.21006641966923,768.4172201639103,1.7049947224812412,16.393193975595704,0.8648290849657929,13.67084996588354,0,1,11.139261031351273
drv_0029,674.5892781857347,5621.577318214456,1.8124677131813327,14.426004890238156,0.8837702381441618,10.94540719612145,2,1,10.434662965651063
drv_0029,467.2936792584429,3894.113993820358,5.728470307640565,26.722597708124574,0.7588782772870617,9.953159063688718,1,1,9.649870744983163
drv_0030,762.553692019663,6354.614100163859,4.1126943450336295,4.470799413892493,0.7723065303426521,5.658923524309096,2,0,
drv_0030,233.58501113398242,1946.5417594498535,3.2765600732587963,52.88689390312489,0.8117708631508277,8.486675111145678,1,1,7.5751635437342975
drv_0030,24.0,200.0,7.21537990150391,81.09194967451468,0.8126436705049727,4.798308306298835,1,1,5.112164104290223
drv_0030,240.3951344881003,2003.292787400836,7.901422735938645,29.47923061026544,0.7268502307593177,4.924123548882536,1,1,8.018659831754377
drv_0030,147.37130901824597,1228.0942418187165,0.3776425534004757,35.66935183352012,0.7727691635270033,5.024790438499159,1,1,5.72434628190582
drv_0030,24.0,200.0,9.808642760929617,67.82114795900233,0.7337721729761373,6.993447532880304,3,1,6.999007725517904
drv_0030,268.41872724518305,2236.822727043192,0.40083387875483933,2.58899980911306,0.8023208508603059,4.292054600612904,3,1,6.482986006231472
drv_0030,479.44720108672635,3995.3933423893864,5.32175038632234,37.96441256547906,0.7862477493443322,7.08364455597307,0,1,4.889860267077593
drv_0030,1009.559004257224,8412.991702143534,4.17245026837125,20.622415024599576,0.8416043617303613,7.31630029850905,3,0,
drv_0030,84.60768086205576,705.064007183798,3.450281648469702,68.95753679370087,0.7454357480984696,4.198166134516526,1,1,4.541102240524638
drv_0030,104.10424514044676,867.5353761703898,0.9529959619228012,23.442944530454987,0.8390312937159832,3.5212240276436044,1,1,4.09181912826528
drv_0030,37.15887906042917,309.65732550357643,4.710583699634446,41.568561672540284,0.7667934111131439,5.319507164439987,3,0,
drv_0030,294.78851181495145,2456.5709317912624,9.482248289215644,16.300992281316592,0.6868092584493743,4.019353380842118,2,1,3.928527998978351
drv_0030,284.65511439141466,2372.125953261789,5.454187892615689,35.748284591025275,0.6388616000790602,5.282257590376094,1,0,
drv_0030,218.9425838155194,1824.5215317959953,8.243493988801825,24.162608714827755,0.7376247837406144,9.8416441199587,0,0,
drv_0030,582.7725364397324,4856.4378036644375,9.22846574374479,20.27144004990448,0.688054449766951,3.2738587346800725,2,0,
drv_0030,225.46073978653175,1878.839498221098,0.5702492639599277,15.661286335510116,0.7827213229286658,6.354045264196354,2,0,
drv_0030,317.5069517369991,2645.8912644749926,1.733785218121282,14.027564349207303,0.7178530508940435,3.5800622870076273,2,0,
drv_0030,107.70319349412077,897.5266124510065,2.5398993886227874,34.08076050074858,0.6643085229720287,4.973098772048533,2,1,3.9380829206200856
drv_0030,29.47065608628843,245.58880071907026,5.464840842032414,87.89299382545231,0.7337198900092693,6.599407326721088,2,1,7.465603089302348
drv_0030,24.138796754900163,201.15663962416804,6.3090324637585375,30.00411002268249,0.7225420923490838,7.8900019947671485,1,1,7.907410307264811
drv_0030,135.92444847220264,1132.7037372683553,0.08085755457998167,23.528828058006233,0.7596626156301098,8.074101713327801,3,1,7.118281965041609
drv_0030,24.0,200.0,6.139543105886193,125.24669053877032,0.7158488931669449,3.314159880983168,2,1,1.7665587138104089
drv_0030,24.0,200.0,0.455784383611042,25.291521752521472,0.7686628957133278,9.209062391973113,1,1,9.28425287734051
drv_0030,24.0,200.0,5.625641942269507,17.675549309437205,0.8536679630526904,7.458731732816339,2,1,6.837265615939671
drv_0030,180.8732750267758,1507.2772918897983,7.387156859442758,42.14745933677438,0.7156508353360206,5.121406794394112,0,1,5.1762946127989
drv_0030,1269.7978423797526,10581.64868649794,9.007931864699282,20.268563958026462,0.7146475033577939,2.0,2,0,
drv_0030,212.76477825117465,1773.039818759789,2.8640087010505075,3.7957151044194974,0.7788556999590702,5.209188720528368,0,1,4.837203646102488
drv_0030,1062.4235569738478,8853.529641448733,8.926112604613342,14.24829575658702,0.7261064366619694,2.129754723589743,2,0,
drv_0030,349.1567316044277,2909.639430036898,1.0753881893967387,55.2139604421039,0.7860868631465082,9.293198064361658,1,1,4.882703263871244
drv_0030,193.21899639705924,1610.158303308827,4.894753799815378,13.576403014861306,0.7449220570496302,2.0,3,1,1.8614364106427388
drv_0030,120.59068388280164,1004.9223656900137,3.7601056338577488,45.38575981702502,0.726995842722275,7.0821637457103925,2,1,8.020190901134589
drv_0030,24.0,200.0,9.393392150281555,27.6636968629171,0.7575273557309294,9.042311750675484,1,1,9.449112555188414
drv_0030,829.5338793385462,6912.782327821218,3.8075661164971453,45.36175279026621,0.7872863608081139,5.50595392420669,1,0,
drv_0030,181.86696376740318,1515.5580313950265,3.3223893739606005,10.922411554514552,0.7687186492432672,2.0,3,1,2.2327561800773323
drv_0030,185.39134885518976,1544.9279071265814,3.332779094916588,40.01235819090359,0.687370913959013,5.787562964117608,1,1,7.405303265458997
drv_0030,31.81059981669994,265.08833180583287,0.9978993178407258,18.372742779803872,0.8489591907019357,7.679526366306152,0,1,8.898849620491411
drv_0030,66.128436272521,551.0703022710084,9.528111132392272,14.599844332937323,0.8041076056410971,6.020105328990624,2,0,
drv_0030,615.6616798067573,5130.513998389645,0.15570874700950532,27.299199335195738,0.7418051039008235,5.880673689499046,2,0,
drv_0030,583.8194856227019,4865.162380189183,2.836282142586496,0.568175009055668,0.763933455644169,5.588029111106137,1,1,6.285125813659481
drv_0031,150.08149895200108,1250.6791579333424,7.912966548130567,77.30943161138408,0.7459160698535835,6.247263177029529,3,1,6.559348011684775
drv_0031,44.473389980934996,370.6115831744583,6.273513582811349,13.038651995880482,0.5988903401132106,6.603294016908917,1,0,
drv_0031,440.6191334065616,3671.826111721347,2.061309714911056,7.6461157947478195,0.7150283393196412,10.961393661170563,6,1,12.442301625852553
drv_0031,382.20834815773765,3185.0695679811474,0.3462509692587079,3.503107703197934,0.7819232155417524,5.572956755726091,3,1,6.620861692226729
drv_0031,1480.4950926327017,12337.459105272515,6.956654667349537,20.471489696519438,0.6912551261652456,10.992234999930382,3,0,
drv_0031,669.5448637974297,5579.540531645248,4.412974927804125,22.05678268779174,0.7200652643857174,10.862203412996507,0,1,12.744905999100265
drv_0031,167.04962158160788,1392.0801798467323,4.539689060692888,1.3449660092375708,0.6251632661688933,6.0436362603942815,5,1,6.407096184680135
drv_0031,291.62047064829045,2430.170588735754,4.660615200930022,32.82884734114082,0.6835138250444798,9.206628213019357,2,1,9.330159611410929
drv_0031,1124.097294210678,9367.47745175565,9.330361419780521,28.611900555229862,0.6600709098080766,9.114645306510642,2,0,
drv_0031,24.0,200.0,5.947489426583296,18.048347065532777,0.7014583681522704,7.669122363504121,3,0,
drv_0031,1368.2098658564078,11401.748882136731,6.26321545012474,4.585708974985718,0.761009577632826,6.422792880848031,2,0,
drv_0031,154.0323112893661,1283.602594078051,0.3424340639140766,2.3576608309254268,0.6609498147582618,7.212737910910229,1,0,
drv_0031,395.52238631067024,3296.0198859222523,0.26867651550009475,125.61679131933107,0.7473279724057016,6.1927785462863625,2,1,5.49620692709367
drv_0031,991.226486409179,8260.220720076491,4.60525153025031,72.85590168735587,0.7071126860234304,7.57718020782702,1,0,
drv_0031,315.25638398185635,2627.136533182136,7.46509291305816,62.735548708268155,0.740020071769415,8.9834231750189,1,1,10.941030874604774
drv_0031,291.1622744383219,2426.352286986016,2.270808288655913,11.538866255089637,0.7095795573169914,9.484518659574704,3,0,
drv_0031,1236.5554345117955,10304.62862093163,4.707083223810622,27.349456818069378,0.7889413904780319,11.165517397279082,2,0,
drv_0031,586.5159264376108,4887.632720313423,0.907724665742925,33.67425666563737,0.6365426720863003,8.035894198977552,0,0,
drv_0031,215.17092408275653,1793.0910340229711,3.5743988361077648,24.19438166794656,0.6527004649722519,6.871117697409078,1,0,
drv_0031,73.19367879538093,609.9473232948411,9.737842399145036,21.170368991845372,0.7071818038505385,8.046957797505053,2,1,6.454156779826752
drv_0031,85.30363592384325,710.8636326986938,0.029064967059005964,228.54002822012592,0.5897487940386977,8.015318041629483,6,0,
drv_0031,106.62789468950896,888.5657890792414,3.2709173347336975,6.550210864917456,0.6686496692668075,7.51580540313127,1,1,9.93980649854969
drv_0031,201.36503988954485,1678.0419990795406,0.39034258090311247,11.241567605089866,0.6849365827591705,5.494627062164433,0,1,4.3872264200347555
drv_0031,220.95499371558543,1841.2916142965455,3.1923943870784477,11.63243601378674,0.7855253209095274,6.865513382829814,0,1,6.690113330755043
drv_0031,127.32897529027171,1061.0747940855977,7.103547515495093,10.633738867694964,0.6806628156923796,10.31684017605728,4,1,10.336878888059736
drv_0031,509.37400341349166,4244.7833617790975,7.717185921888291,32.23938889150271,0.7833433930169982,11.108373263860582,2,0,
drv_0031,26.05586865747188,217.13223881226568,6.101299985490573,1.7659982240484247,0.7283220589528553,6.789477130085038,2,0,
drv_0031,24.0,200.0,2.2375335586158362,26.333042194482097,0.6641844066840326,10.117002748852777,1,1,11.341709331075737
drv_0031,159.68122248798252,1330.6768540665212,0.7407257687545021,12.090457421957131,0.7150651887246554,7.479587513512876,1,1,8.685855873996658
drv_0031,301.51463831842415,2512.621985986868,2.4486181570309293,15.261089244446387,0.6421851993602674,9.098796748951367,1,1,8.765387881091351
drv_0031,328.5822955745575,2738.185796454646,7.918534438156847,23.835681308443608,0.7012112113618753,5.894848805563685,1,0,
drv_0031,704.2643344794841,5868.869453995701,4.383367236551078,26.74880904196593,0.6650719733156438,10.033830071128188,2,0,
drv_0031,1117.702450838906,9314.187090324218,6.141122635730685,32.34886953454483,0.739289236590567,8.314778840640155,1,1,12.05133227307138
drv_0031,24.0,200.0,7.977938417578981,43.288293052518796,0.7025857519340403,10.215380809739628,3,1,11.777881706843768
drv_0031,186.97267319440394,1558.1056099533662,3.9476571273067296,66.3897118631667,0.7078361830278425,6.312755992165199,4,0,
drv_0031,732.3005493082921,6102.5045775691015,4.949423657404549,17.842139327466704,0.7484185287767418,9.190256020612384,0,0,
drv_0031,500.444666295697,4170.372219130809,8.446427531561081,17.161834651866233,0.5818971143704035,11.483789907254309,3,0,
drv_0031,26.720890109856022,222.6740842488002,0.27398697874805755,22.7784526986138,0.7375664704783089,6.316952224546796,2,1,4.247111437318686
drv_0031,945.7939296075721,7881.616080063101,1.106385583258891,0.15591996881104891,0.7502260783975054,6.806580304317987,1,0,
drv_0031,224.83031956884977,1873.5859964070817,6.2315332678143465,13.360191727170125,0.6380470346519089,10.478143176150532,1,1,12.312762096702771
drv_0032,149.865588277978,1248.8799023164834,0.8592948793264976,12.940206989241766,0.8994297311561049,10.702000242109335,2,1,10.511495023561892
drv_0032,55.88788764137877,465.73239701148975,1.38613200432408,17.1208451492241,0.8679762678575923,13.214875000490848,2,1,13.599042878122082
drv_0032,140.52086918233584,1171.0072431861322,4.8575056960549485,22.543616006421647,0.8815360993125669,8.345315892482516,3,1,7.391823221456207
drv_0032,74.5128099439064,620.9400828658868,7.858188791058815,41.56728714792976,0.8677119704077246,9.698933088492877,3,0,
drv_0032,50.29528072676036,419.1273393896697,1.3735968188872538,64.20295917399721,0.8495680740486482,9.627406946607946,2,1,8.75687313581553
drv_0032,1290.7986236696797,10756.655197247332,1.6100537354109312,46.95593813060789,0.8822329599448829,11.548019074088135,0,0,
drv_0032,550.9020404759065,4590.850337299221,5.176256207594059,0.8965397019831608,0.883985046620092,10.492549367529609,1,1,10.08160107872246
drv_0032,416.5189828853533,3470.991524044611,9.442680026071137,121.93308383065789,0.8551517293102178,10.645559239872288,1,1,11.43242138632134
drv_0032,374.0077980735282,3116.731650612735,3.474021390986689,30.648825881008545,0.915209306561263,10.910186843997792,2,1,13.21575595982229
drv_0032,392.15584365160606,3267.965363763384,4.857974643077261,24.98301661032569,0.7698520846769248,5.8952746505182825,2,1,3.886725398298708
drv_0032,954.6174469597804,7955.145391331504,5.415358483737874,45.81249181026072,0.8110591582694421,9.291321644284512,0,1,11.320104276707788
drv_0032,51.72406103250712,431.0338419375594,2.2690438173289627,24.22104927593609,0.9346712671062939,6.5979246594075205,5,1,6.844774285888408
drv_0032,129.6292326516496,1080.2436054304135,8.051237506205993,113.89201558362784,0.956670120436861,9.597869395049782,0,1,9.332685722530442
drv_0032,63.6412064735736,530.34338727978,5.052438509584824,16.065170433065877,0.9524954398359042,11.080543613405451,2,1,10.061744110812404
drv_0032,77.47955627643884,645.6629689703237,1.6583517272028236,1.2326368438637598,0.9767052711952678,7.636965919039216,1,1,6.863391762555333
drv_0032,79.44960324106508,662.0800270088757,5.255986210460457,4.620482365904706,0.9353036850366685,12.853150314099834,2,1,14.03241634446702
drv_0032,230.41927896571244,1920.1606580476039,8.94802873149644,7.0501048983587005,0.9182995058519967,10.778072321152328,1,0,
drv_0032,396.05850497954316,3300.4875414961934,2.84128539055589,63.308716431137555,0.889663819244234,6.700617068479205,4,1,7.218195893240511
drv_0032,169.0506651687677,1408.7555430730642,0.8508045368214467,46.06834458067914,0.9340493176310251,10.83363520353636,3,1,9.527971009443778
drv_0032,285.86958291161545,2382.246524263462,3.1804507911038926,4.303946681971891,0.9331075981335964,9.069374645784798,1,0,
drv_0032,394.42553022686275,3286.8794185571896,1.4672336838361066,43.1515516736461,0.8759786728330953,9.051090346296775,1,1,10.47022175162254
drv_0032,28.496340961297854,237.46950801081547,4.670753785530385,30.550502871140875,0.9000964672710666,8.610617438582336,1,1,10.029298415071075
drv_0032,194.34667756400532,1619.555646366711,8.252535787484991,57.253827074132786,0.7910534577848815,9.538073908414809,1,1,11.12642292755157
drv_0032,211.41705346128012,1761.8087788440012,6.272997581880608,11.277613579495338,0.98,6.730961240893377,4,1,5.51378472484747
drv_0032,65.24622487476982,543.7185406230819,5.615549502844032,2.296077068157562,0.9465432676620367,9.046774178508187,1,1,9.81525068172034
drv_0032,719.7639006964836,5998.03250580403,5.871738050114066,0.33538633306315063,0.9611700831081178,9.096900984056859,3,0,
drv_0032,87.32648901274439,727.7207417728699,6.203701669653874,15.16123488039714,0.8959333399807285,11.600130756154208,0,1,10.226684154507423
drv_0032,324.5865294707873,2704.887745589894,2.056745336887049,32.32432437245489,0.8773004906847108,6.796491268503957,5,1,4.609065291235028
drv_0032,160.77746750590802,1339.8122292159003,1.3507443940690145,32.73027066978473,0.9176988662064071,5.271241230598112,0,1,5.422509693006231
drv_0032,192.17953779739747,1601.4961483116458,4.49035657297014,0.17422645609364984,0.95984115708816,10.547819228588756,2,1,14.693966714870992
drv_0032,257.7771580205377,2148.142983504481,4.249413856931515,1.7039711621264917,0.8261772465489134,8.257723897433936,4,1,8.586006892146518
drv_0032,591.9647434859205,4933.039529049338,0.6544499485305055,14.111705622812924,0.9244712701906612,12.883927045867956,2,1,12.543788758640172
drv_0032,112.07272689841503,933.9393908201253,3.5831628699148,3.6210262784109544,0.9087174132255947,7.590695014506758,0,1,9.35069517919714
drv_0032,805.0662654880086,6708.885545733406,5.658446993873549,25.352390429602252,0.9680996923964575,11.400183771500913,3,0,
drv_0032,223.14019842251471,1859.501653520956,4.55424001602662,9.823360843811002,0.8313901182411719,7.408812498467775,2,0,
drv_0032,97.47778639096366,812.3148865913639,4.458173513111442,24.734312767105777,0.9294903573733531,9.314074239449885,3,1,7.450945576073589
drv_0032,79.61172500587718,663.4310417156432,8.368876783636004,91.96144399626768,0.98,10.704912054816857,1,1,9.575022506997225
drv_0032,407.78686687042097,3398.2238905868417,7.151939188477778,3.4513521075191416,0.8671423371342509,11.401074287510719,3,1,11.223540322319153
drv_0032,54.152604304759244,451.2717025396604,0.5000892825847225,15.218354944592654,0.8511578635992845,10.05626952597568,2,1,10.327307721198324
drv_0032,800.5489313206809,6671.241094339009,1.9503470687681923,15.440694414731382,0.935493430885629,8.86122713978634,0,0,
drv_0033,191.7893303742967,1598.244419785806,5.399377570524502,33.506587539344,0.6903952046213404,16.315131836920838,1,0,
drv_0033,24.0,200.0,6.178453809454522,41.60391247118763,0.6928256475720068,9.371846942936575,0,1,10.271890095028033
drv_0033,1006.8180599401344,8390.15049950112,0.22929973643933677,10.734264543019101,0.6796491922278887,6.904428233659348,1,1,8.548158490958453
drv_0033,92.00490234080912,766.7075195067428,3.232088400146891,10.405806044139954,0.6569710091014618,7.232018425441387,4,1,7.228799803144284
drv_0033,123.977480107599,1033.145667563325,5.448872278530925,2.0238290894650692,0.6999975209282586,12.1464561812932,0,1,11.893768298273352
drv_0033,227.01691904341888,1891.8076586951574,6.344207962993056,9.578599292060368,0.6888219031772647,11.320951657565264,0,1,9.884125948117576
drv_0033,1099.00203169205,9158.350264100418,1.4442370108425973,27.842878223120845,0.6832729365879054,8.32799923093037,1,0,
drv_0033,126.86639066656593,1057.2199222213828,6.7155404634120375,19.37602212897172,0.7241077070227009,9.921617671411884,3,0,
drv_0033,31.92687651957981,266.05730432983177,2.7867562118450517,101.29285507960026,0.6243025015714432,11.211213221971772,1,1,11.240850433385935
drv_0033,205.36739021643004,1711.3949184702503,8.044846424845048,19.546449913296847,0.7384994532742551,9.892865018549472,1,0,
drv_0033,24.0,200.0,9.988045846352788,16.607014838006446,0.7551280073117239,10.798298423780547,0,1,12.470889498743189
drv_0033,403.53273379789556,3362.7727816491297,1.7990092840045169,4.34172802864352,0.7050209427125496,10.07352235331244,1,1,12.113030462530448
drv_0033,307.0524561592611,2558.770467993843,1.0312060225154573,5.601490434186298,0.6629831322343818,11.29532257692749,1,1,13.059113490054816
drv_0033,1149.0555168819533,9575.462640682945,2.4143527068131307,16.01656382082216,0.6724520096255949,11.69064581797621,1,1,9.889729839452212
drv_0033,194.16705686323252,1618.0588071936045,5.384058757823407,39.72509770844987,0.6024294998916141,7.800672136153697,1,1,6.134771493284093
drv_0033,468.99632138604693,3908.302678217058,8.462955588832369,45.050589442269775,0.7867980919202873,10.483621998526047,2,1,9.971838171862531
drv_0033,83.1960550929959,693.3004591082993,9.50146901797259,55.396775305416014,0.725400360338056,8.577580996665114,0,1,9.61416003124416
drv_0033,347.9317068995489,2899.4308908295743,8.658652902913097,1.2515579087126825,0.699913028219288,9.917793966349066,3,0,
drv_0033,1946.3355417260714,16219.462847717263,7.875101924377287,16.86163885252779,0.6659759063757771,9.094846095646854,0,1,7.995890185604308
drv_0033,205.371155981026,1711.4262998418833,6.0857995171092005,36.09873038009444,0.6849996397054141,12.273260823458857,4,1,12.497322062512103
drv_0033,470.97243065915467,3924.770255492956,6.967993369355981,62.83341775009711,0.651282435020336,13.463658321164058,3,0,
drv_0033,434.91053949814034,3624.2544958178364,0.08796979290746965,41.51788542369179,0.69744436109236,12.343603594833372,0,1,11.931553993521653
drv_0033,533.5240507212599,4446.033756010499,7.333126378591446,4.558286436041641,0.6261021107160909,13.0364006110302,2,1,13.100367568676972
drv_0033,229.7919988874443,1914.9333240620358,9.767278114582595,67.4553783599819,0.7497176693809223,10.144836322780868,1,1,11.947679051729194
drv_0033,570.9999711822562,4758.333093185469,7.507468489986142,12.59481781240129,0.6813216155508762,11.47310519374424,0,1,11.746932978711504
drv_0033,92.17182496475642,768.0985413729703,8.309289850017437,8.216358763082402,0.6448560976452888,11.206717593176927,1,1,11.814764311427355
drv_0033,123.99948241444264,1033.3290201203554,7.910671975970262,31.13958499458105,0.6750376970642752,10.83357515650538,3,1,10.860336409623407
drv_0033,189.6615095395859,1580.5125794965493,3.1344932971277095,72.25352784457512,0.6997675599595199,15.576412275449165,0,1,15.936618089704654
drv_0033,24.0,200.0,0.3881320808625377,80.96500504128763,0.6502613247631773,6.82016197494571,1,1,6.557758871972256
drv_0033,595.8596788721,4965.497323934166,3.678716088087326,54.646134130466194,0.6514845857007814,6.747290025099366,1,1,9.069560027523051
drv_0033,550.1839571807038,4584.866309839199,8.097138130333677,52.323029785299084,0.7426996781644438,10.69374263296893,2,1,11.314313051146726
drv_0033,76.11421339811514,634.2851116509595,8.009819499869854,67.01769450389706,0.6081028320392808,11.778832257936601,1,1,8.798278575679792
drv_0033,256.28284985092046,2135.690415424337,5.030506757801697,7.730676987120464,0.6461695147687573,10.689366872519345,0,1,10.96991576647659
drv_0033,52.376246525783515,436.46872104819596,8.521949539112153,25.743851149385215,0.5665095298950561,10.554181784100502,3,1,10.591568240383111
drv_0033,184.63732758344324,1538.6443965286937,7.239991255164593,35.02946626477799,0.6378735325530084,7.453050258902203,3,1,5.273064732940729
drv_0033,852.1135765478713,7100.9464712322615,0.5852336484086207,50.62213472242608,0.7192721361979147,10.924779688649988,0,1,8.937514385066887
drv_0033,567.2464088716176,4727.053407263481,6.448321422864408,61.97874314008905,0.7033838470670511,9.10781839905665,1,1,7.75304334761722
drv_0033,787.9188595334645,6565.990496112205,6.588921762389753,3.3514926920915977,0.7160829334633425,9.213197943891673,1,1,10.012990885871561
drv_0033,208.38647913137623,1736.5539927614686,3.23892523870835,78.17975604530946,0.6436953375953444,12.601372169513038,2,1,11.146179613204238
drv_0033,109.39064289906153,911.5886908255128,8.459147668377776,7.093626870221736,0.749832704655301,11.664965056012003,1,1,13.988345117290713
drv_0034,576.9673485742152,4808.06123811846,5.658540512294678,49.62386822005027,0.6153283421865497,10.336183776971763,0,0,
drv_0034,218.12337316924584,1817.694776410382,2.3299204378878247,8.456583468691454,0.7031343747133986,8.071251519076357,1,1,9.734761554623944
drv_0034,24.0,200.0,6.387731874092588,1.343814967577453,0.6349811018791965,8.320179483900894,1,1,7.182856213162626
drv_0034,2400.0,20000.0,4.287964757018762,4.908838616543183,0.7269887361138421,5.377888514077993,1,0,
drv_0034,466.82740926278285,3890.2284105231906,9.564229434557705,2.6323905707545663,0.6543845896684658,8.362075571990045,1,1,10.57590576430004
drv_0034,32.73673312391747,272.8061093659789,1.0854521260901284,2.0985854342481507,0.80209986900059,8.292830231652882,2,0,
drv_0034,347.01882101096686,2891.823508424724,4.765543039712474,30.257341465076088,0.7216821802051827,6.044536607064815,3,0,
drv_0034,267.54848563549336,2229.5707136291117,1.858796765208267,107.77788403707595,0.6493170985665568,5.823071715098218,3,0,
drv_0034,348.7393236769275,2906.1610306410626,2.5636274462314947,9.873027275304883,0.654471365594737,7.1366868567800505,1,0,
drv_0034,666.582825035552,5554.856875296267,2.8386782011603984,5.211411277816104,0.7355977926525968,9.02517149074814,0,0,
drv_0034,107.36835186569294,894.7362655474412,1.043489448860776,22.900265683880345,0.6238236812795936,8.452141728729439,2,0,
drv_0034,728.780106267632,6073.167552230268,8.933524464534697,18.889923251659816,0.7246923854367933,6.709941810388409,0,0,
drv_0034,320.0699915229461,2667.2499293578844,2.0742446670578585,19.871849768614226,0.6346901971297969,8.647708101177532,1,1,7.810018312257805
drv_0034,469.79761450252903,3914.980120854409,2.015315090164642,38.60087949442663,0.5856709737242427,7.496083446744542,1,1,6.794424963677793
drv_0034,308.98045684205783,2574.837140350482,6.687476261369819,16.756037060231396,0.6979583333346584,11.34687111274591,4,0,
drv_0034,35.68995891357932,297.4163242798277,2.453236306363004,19.37531157259712,0.6808276913183613,8.665538068189074,2,1,5.468270832319815
drv_0034,204.83581403229465,1706.965116935789,1.5760648275116662,66.74068364718327,0.7381027952382534,10.321642641827902,1,1,11.456670170773332
drv_0034,516.9457769849632,4307.881474874694,5.494574518695084,17.88966327032217,0.5937994760832498,6.166036729432241,2,0,
drv_0034,703.214151462079,5860.117928850659,2.991809786862615,5.631988519932561,0.7566815590878778,6.188412565833133,1,0,
drv_0034,100.46244226161794,837.1870188468162,0.19471750529023724,1.1846688764025577,0.7301890578644186,4.182425102033531,2,1,5.206622280373359
drv_0034,58.257255021283086,485.4771251773591,8.307327560882817,25.240029381998493,0.7473019872518409,8.442095033846238,0,1,7.329777545125504
drv_0034,533.3805451425476,4444.837876187897,7.337709862281507,15.728765922309675,0.7233699040993674,6.371402265582297,2,1,3.2671233288443853
drv_0034,393.5589967716687,3279.658306430573,3.263351095084012,52.923571316432906,0.6845353042520809,6.140883559719493,1,1,7.019563038673289
drv_0034,134.43354185004856,1120.2795154170715,1.5402586801681362,9.871888504454947,0.7099976137068331,7.014771717544925,1,1,5.705770910861626
drv_0034,649.778373434789,5414.819778623242,9.249138701496637,20.872373930453758,0.7424824979699953,6.125957666399161,0,0,
drv_0034,59.432425919888146,495.27021599906794,7.492089653872757,23.91579756624695,0.7151466529326991,11.039729699102203,3,0,
drv_0034,377.5131414842944,3145.9428457024537,1.4210981008041446,12.470492035380985,0.7167080182840071,8.237452673612985,1,0,
drv_0034,274.1852533374198,2284.877111145165,2.754208236694419,3.909750635680572,0.6589263262775262,8.791900781956553,0,1,6.581789124629458
drv_0034,603.6648357870207,5030.540298225173,6.753463035888081,87.24425731165607,0.7214687061818168,5.49419135601469,2,0,
drv_0034,468.6778808795025,3905.6490073291875,6.3757284025838326,3.4005108346860444,0.7665589615532331,5.758158889622608,2,1,6.716069296991437
drv_0034,151.84167923978205,1265.347326998184,3.9071450261579574,43.36549384153992,0.5962936145890377,6.524900607508193,1,1,5.1337799640761785
drv_0034,376.9860883816102,3141.5507365134185,6.507205308564414,53.37101137236233,0.5711965113108333,9.75305472730701,2,0,
drv_0034,552.025369100069,4600.211409167242,1.7971924768948266,46.04112279975209,0.635257000030005,6.8977634518425734,1,1,7.12959777947657
drv_0034,24.0,200.0,3.8489055242497736,27.40307779694614,0.6370314615880995,10.990833240606745,2,1,11.649410961414961
drv_0034,611.2065463437895,5093.387886198246,8.99408866852928,84.76361579256687,0.6463046766997356,9.292580402255146,1,0,
drv_0034,793.4849926249391,6612.374938541159,8.754225773547885,0.36931422223141985,0.5567407754905849,4.42868558330845,3,0,
drv_0034,297.46186314639993,2478.848859553333,0.10524367196959927,13.548349152712703,0.6784302426376574,8.839336259922014,1,0,
drv_0034,628.0441486808064,5233.70123900672,0.07321375102224081,3.1500226838559775,0.684357789452319,7.320471651995963,2,1,8.297384011417298
drv_0034,24.0,200.0,0.9622320752380087,18.470875808938285,0.7197564109608167,9.616397802063172,3,1,7.905577698774171
drv_0034,24.0,200.0,6.557680810109822,2.4378306571188175,0.6225996846998807,7.869770765464583,0,1,7.351344884290156
drv_0035,400.6933822358695,3339.111518632246,5.465597575442467,3.801537901016779,0.6117795255280031,3.2443981822998538,1,1,3.47707375666251
drv_0035,163.9425679823806,1366.1880665198385,5.926276442073463,45.55468431669514,0.6852917924946119,2.658332347238843,2,0,
drv_0035,569.6743973429433,4747.286644524528,3.0257897183587854,33.50035974368654,0.7471302780264643,5.465025077820507,1,0,
drv_0035,57.98849000939188,483.2374167449324,1.0240528807395588,29.49709657347246,0.657968155020038,5.850807191472338,2,1,4.434562815769958
drv_0035,334.25932891267837,2785.494407605653,3.25970606695969,4.711762265931329,0.6978703425670653,5.592046062803598,3,0,
drv_0035,155.43477083645357,1295.2897569704464,2.0609006771682967,47.47763706000167,0.6682115446111393,2.5550091216035398,1,0,
drv_0035,363.9027670497049,3032.523058747541,7.727855007617327,3.266533175899631,0.7046095850492511,3.261194324397966,2,1,4.848004042797827
drv_0035,270.5986024277652,2254.98835356471,7.50947243013195,11.327896603967481,0.7132865481343582,2.0,1,0,
drv_0035,624.1760236539337,5201.466863782782,3.518972798990685,15.237250587695602,0.6920884470187998,2.899673754930474,3,0,
drv_0035,37.30219116423591,310.85159303529923,2.435324092318573,55.21938594631646,0.7143583678358792,2.643724544902584,2,0,
drv_0035,103.13955041566702,859.4962534638919,2.9174130218667385,6.18264835718879,0.6203306782460398,7.327711759221204,2,1,7.4663702824066185
drv_0035,139.81259250741937,1165.1049375618281,2.456050891541579,52.58175659964496,0.6420221760550496,4.099200473312305,0,1,3.7015318884230632
drv_0035,415.25059718190903,3460.4216431825753,4.776316670138863,86.01828599084247,0.6957669048333283,4.479416161052789,2,0,
drv_0035,683.1504781890794,5692.920651575662,6.25558583803124,8.669317552443284,0.6889072524302157,4.359135405157491,1,0,
drv_0035,320.947004378473,2674.5583698206087,4.555301623347246,9.536995017745081,0.6227369638862023,3.794887839087401,3,1,6.225276338442498
drv_0035,247.3341980292689,2061.1183169105743,0.5861180219623086,4.552919981170581,0.7527513641977257,4.619476229948071,3,0,
drv_0035,425.15305606091846,3542.9421338409875,3.5912168484539144,11.043042801577853,0.6852557427544612,4.265001507487408,4,1,2.0113189614601605
drv_0035,24.0,200.0,8.218105215145943,73.58913855989911,0.622954367832934,2.9315472277726595,1,1,1.0
drv_0035,35.46033203590517,295.50276696587645,0.9584087669596286,51.41926058444071,0.640171389247389,6.020994373963606,0,1,3.7229759134544347
drv_0035,204.6621379233647,1705.5178160280393,1.3927052014085373,11.78901535989717,0.6227677919259074,4.428098039032298,1,1,3.1163926048574964
drv_0035,442.675802628492,3688.9650219041005,4.937855513367056,41.67708729841875,0.6625559915784296,3.024318606894027,3,0,
drv_0035,214.17743113153367,1784.811926096114,7.554688320200605,113.06685020129464,0.6004362212206542,2.296261538107806,1,1,3.420895260956548
drv_0035,365.26778185626625,3043.8981821355524,7.749123168057808,35.91263426254323,0.6876156846903422,6.793120415156426,1,1,5.660430579674492
drv_0035,1060.3713214079116,8836.427678399265,6.923727862397825,77.16508982167994,0.6614358774040533,5.1195340940848135,0,1,4.991593921457119
drv_0035,99.36556285115383,828.0463570929486,5.183727818710433,16.198899569075415,0.6072937479588629,3.7448286506614594,1,1,5.615455165800526
drv_0035,189.39963716315955,1578.3303096929965,6.106773986059116,54.43329694149453,0.5858427819218269,5.014368814677453,1,1,5.577005345201947
drv_0035,136.89092533983825,1140.7577111653188,3.591314488163009,63.02949483509989,0.719231130946313,2.8548045442722465,3,0,
drv_0035,50.59993244333297,421.6661036944414,0.3959073164504401,74.56502279361058,0.7029372184333237,5.051225422153839,1,1,6.989275112559287
drv_0035,158.66796437424267,1322.2330364520224,2.536692407564561,57.533979908907426,0.7254367997621477,7.952351393596164,2,0,
drv_0035,289.96371760631683,2416.3643133859737,6.056202574795215,20.16188726615333,0.6763502116579718,3.14034876462771,1,1,4.865195232097495
drv_0035,1557.720332069197,12981.00276724331,0.7705124889075354,17.060523828250183,0.6306103297869049,2.0,2,0,
drv_0035,987.4444082209836,8228.70340184153,3.0044865408166324,31.238634257297733,0.6807417469715732,5.115380512967102,2,0,
drv_0035,622.7790129255076,5189.825107712563,1.3708965772290171,17.734900802743038,0.693605845148568,5.463122471758363,1,1,7.572522996869035
drv_0035,1133.733047035638,9447.77539196365,1.905053510574517,100.77014827939709,0.701017099787158,7.015448671782785,1,1,7.904898449112504
drv_0035,63.92010861330715,532.6675717775596,8.302876081113936,28.099208861424486,0.6968617810281077,5.107868635334781,0,1,3.2626344484799468
drv_0035,247.38854287349335,2061.5711906124448,9.438821435851404,22.01520457540864,0.6519132754839189,3.500154747162812,3,1,3.949138302385978
drv_0035,90.49564573312921,754.1303811094101,9.987127802222991,4.163808307073655,0.6557907332086288,4.325967075081058,2,1,3.5272012170077156
drv_0035,470.8710454141709,3923.9253784514244,9.800288597258817,32.42054367055964,0.6909364924848731,5.308134069473395,2,0,
drv_0035,340.8280206788857,2840.233505657381,4.390899868162017,6.181833220055324,0.7077612111432974,7.004461907886423,4,0,
drv_0035,30.937880626558332,257.8156718879861,4.842559432083721,7.4290825281703174,0.7011870201906576,5.380159783754477,3,0,
drv_0036,882.7907095959923,7356.58924663327,9.684360695878611,37.634531838954445,0.5298034189968743,7.476503105872684,3,0,
drv_0036,330.37619994850485,2753.134999570874,8.655096858443779,21.3152554559796,0.5551937615475567,9.367572259805595,1,0,
drv_0036,151.17270424296106,1259.772535358009,8.161089834022413,5.450742745546263,0.6613231427278897,9.986996072304455,0,0,
drv_0036,58.51924183994947,487.6603486662456,2.966364839464174,3.7088745857135716,0.5391435581325851,6.884796729071175,0,1,7.890127822859165
drv_0036,24.0,200.0,0.11986470587130427,125.48260910371101,0.5603987290894025,8.34039951905116,2,0,
drv_0036,24.0,200.0,3.4819717860491197,22.322879106171374,0.5911857059749153,7.810116582104559,0,0,
drv_0036,202.62824643137606,1688.5687202614672,6.806190709687377,10.172354567046524,0.6397728433114259,13.0697619909584,2,0,
drv_0036,24.0,200.0,4.56048705617912,1.9555982290041298,0.5692021871674321,11.259100129928466,1,1,8.859595757565577
drv_0036,691.1060064201127,5759.216720167607,3.5005898798582646,0.6493812690536682,0.6181503859832455,6.3751228726820255,2,0,
drv_0036,127.19604863637454,1059.9670719697879,7.858883595679341,0.06687658766828034,0.6703433601334686,12.136448017422513,1,0,
drv_0036,483.8956162823949,4032.4634690199578,1.2705786878047498,94.25923572690016,0.6561320333986256,7.829730599070433,2,0,
drv_0036,219.4110159643216,1828.4251330360134,9.282699854612147,7.964467846803439,0.5724519643515449,9.03844037715534,3,1,9.149126165015133
drv_0036,24.0,200.0,3.7415530387136653,3.962462888842961,0.5617472366207266,6.723854409314783,2,1,7.4335727247354555
drv_0036,130.5801722221673,1088.1681018513943,9.409126830115865,3.9338204080501415,0.6469537985575899,10.267321187384697,1,1,7.610220722995084
drv_0036,84.60556190349932,705.0463491958277,1.6166369095140831,28.286086814236473,0.6499128114288055,7.7564545837589804,1,0,
drv_0036,316.45825396576834,2637.152116381403,1.0160621023599548,1.9672228505895737,0.4699328332262815,12.206588498791051,2,0,
drv_0036,407.90607318479084,3399.217276539924,2.42609077403819,69.07906069355495,0.5812089551531032,11.054372017809852,1,1,9.015463585071856
drv_0036,333.9286659207992,2782.7388826733268,6.506570694282315,25.74488914348218,0.5942226060081027,9.10341933160391,3,0,
drv_0036,104.52833565028926,871.0694637524106,4.159984103564389,6.061342512840281,0.6081685371142962,11.29666270391891,1,0,
drv_0036,161.38082889691313,1344.8402408076095,0.15635982100502765,95.78485732724548,0.5934303244151037,10.595665923809376,0,0,
drv_0036,163.07961496817634,1358.9967914014696,8.719109659921555,15.193685356819572,0.595079351933265,8.7082743653446,2,0,
drv_0036,467.0633070396279,3892.1942253302327,6.621131297355081,27.773638102788,0.6061918285171907,10.723855630432904,3,0,
drv_0036,576.2103758674656,4801.7531322288805,6.305503490565705,11.30124352103752,0.5661508616149146,9.113405648928115,2,0,
drv_0036,449.15768826719426,3742.9807355599523,9.952152405898353,3.852543527569589,0.6050359736692522,11.533386864474242,3,1,10.892756512375517
drv_0036,257.15530848945576,2142.960904078798,2.5810022946834743,31.457967714118176,0.5633865316636663,8.619654833746281,2,0,
drv_0036,29.146854037129778,242.89045030941483,7.749479889300846,46.35674120179807,0.638158441276694,11.417402287769523,2,0,
drv_0036,425.5917478465881,3546.5978987215676,4.731084804505934,14.111334632230692,0.6146231641209648,9.705231550826921,3,0,
drv_0036,130.97184791181792,1091.4320659318162,5.165676442706834,24.111937757437474,0.6158738852385025,9.05907227151696,1,1,9.035176901345386
drv_0036,588.8587205807876,4907.156004839897,4.484944273298357,26.68290129165676,0.6086893214615161,13.656299124395641,0,0,
drv_0036,103.0428163942313,858.6901366185942,5.258039137306297,51.305663787097146,0.599837275788893,9.307875217283303,2,1,9.773791845374143
drv_0036,225.8043593126083,1881.702994271736,8.617198084462876,4.429524013297768,0.6144831569167194,9.267865528892175,2,1,8.399935691964975
drv_0036,1208.362611651353,10069.688430427943,7.804060183375742,45.59623797328812,0.6832226226408727,9.808623481736099,2,0,
drv_0036,101.51919637773574,845.9933031477979,6.699381948373907,24.287080633692003,0.5757232018717101,10.397955680694098,3,0,
drv_0036,535.3284987163923,4461.070822636603,1.7131178597080499,10.994442819418339,0.6429662717521235,10.038861917126733,1,1,9.221879951133268
drv_0036,276.6152432696659,2305.1270272472157,9.654039845543583,65.0767486319942,0.6003575968830039,7.8547685609956055,1,1,7.220789330285518
drv_0036,170.95180759089706,1424.598396590809,5.086937848177198,6.045953456725329,0.6152891926862416,7.863290288318303,0,1,5.506468118724233
drv_0036,1086.626255964646,9055.218799705382,1.3984118030982873,20.76208133455371,0.6190101515087105,14.899614821856002,3,0,
drv_0036,301.41329161143926,2511.7774300953274,8.244156304064472,9.655058182297427,0.5678109528263761,10.303204463703882,4,1,9.20813671532429
drv_0036,81.58030252878653,679.8358544065545,8.131875179725458,6.396874068760036,0.6148808777242346,8.478065424264786,2,0,
drv_0036,690.5950366491664,5754.9586387430545,1.044939547724243,15.921469747627704,0.6013470073982979,8.636207707134814,2,0,
drv_0037,926.1815779732983,7718.179816444153,9.747928711352237,73.46008691674908,0.41547288521750586,9.680404630427326,2,0,
drv_0037,304.632528094778,2538.604400789817,3.131331029014631,22.155159259574333,0.4220810890172076,9.845455438109209,2,0,
drv_0037,124.6047916271225,1038.3732635593542,6.451249749006611,0.717566171247553,0.45704900677190446,6.050462674178672,1,0,
drv_0037,24.0,200.0,1.9505443870279382,51.9917519375467,0.44245132460035463,7.962877844956095,0,0,
drv_0037,77.16288505700119,643.0240421416767,6.951802056902733,48.51791123980986,0.3770552561183016,10.1456537526195,1,0,
drv_0037,683.506396460856,5695.8866371738,1.0316457792295797,67.63729336296072,0.41110749094874305,5.66938378722791,6,0,
drv_0037,65.82271974108998,548.5226645090833,0.8757212813064386,47.01025903004034,0.40239856982536376,7.21925491096892,0,1,6.425641827269255
drv_0037,195.11635694766076,1625.9696412305066,6.568581974432898,65.79999333843354,0.49789135560487324,8.085413964190383,2,0,
drv_0037,108.04789090205392,900.3990908504494,7.5906589034635195,0.8347362218433653,0.4307119684256279,7.020165709511392,1,0,
drv_0037,476.00048935783656,3966.6707446486384,1.1169042452553557,11.222949076294988,0.49696638731653087,11.543893231938934,2,1,10.000803727559408
drv_0037,192.53876077405494,1604.4896731171245,6.600934211331423,8.844006486638396,0.4044790347784433,12.649119779206286,1,0,
drv_0037,88.68163240359388,739.0136033632824,4.451606570828103,34.86465624887835,0.5068922971496201,13.491781579179278,1,0,
drv_0037,377.33885605039194,3144.4904670866,8.577397770098832,34.53996071311434,0.4128621825414043,10.702171026267921,0,0,
drv_0037,74.23001299950221,618.5834416625185,0.18312213411890155,50.802072371466224,0.4528859446415096,10.166305597497937,1,1,9.609484476144319
drv_0037,48.34664902310795,402.88874185923294,8.509122793044536,12.326846204790797,0.4417097380166477,8.984801162503068,1,1,8.654216298486915
drv_0037,538.3218423301165,4486.015352750971,9.220220263582782,28.20199311759349,0.4107286278553702,13.315758214619292,1,0,
drv_0037,283.20780602317217,2360.0650501931013,1.5094819925335679,36.40037325016156,0.35096458184274915,6.457489678001078,2,0,
drv_0037,307.5363264767702,2562.802720639752,0.32427176911886235,29.96555897794817,0.34019275760706097,7.089814920132319,1,1,6.2690932004360285
drv_0037,294.8594812755382,2457.1623439628183,6.5509741075838175,10.610680537321027,0.3497956393586762,10.353035113868698,0,1,10.0423568865317
drv_0037,583.7180732191204,4864.317276826003,6.357534784403827,6.3519982920996725,0.2936361632279497,8.151457147879139,2,0,
drv_0037,181.60744704154254,1513.3953920128547,6.644426254621826,25.295178072587895,0.4492858762451772,8.47125525771366,1,0,
drv_0037,105.47031097893617,878.9192581578014,0.30284355791442064,6.910217608500999,0.5240289307063919,11.899368278844888,2,0,
drv_0037,185.80772115789532,1548.3976763157943,6.401000259317722,73.173517737921,0.471269484687782,11.66358480797975,1,1,8.628382386205686
drv_0037,24.0,200.0,0.30560931700397864,18.65228706389083,0.4686981800104284,12.974639381591551,2,0,
drv_0037,142.6809494000077,1189.007911666731,1.9760018763871157,36.5098303428375,0.3204712577758852,7.946600867441272,1,0,
drv_0037,24.0,200.0,3.8443375475237462,12.60476163986094,0.5082571513398666,9.992950922087775,1,0,
drv_0037,172.2099203816914,1435.0826698474284,1.643670975110636,13.678420150892784,0.3776408651415283,10.180105028891457,0,1,10.42764115649022
drv_0037,161.37525473230957,1344.7937894359131,0.53149406723484,102.79449757818068,0.4006408557316039,11.345533154247159,2,1,14.41214554577935
drv_0037,40.097772877597436,334.148107313312,7.497820221231105,52.81933626789986,0.48037605338997563,12.798809987831405,1,0,
drv_0037,34.05473843783905,283.78948698199207,5.193329082496615,12.674888572636899,0.4426078388471737,6.190695085453699,1,0,
drv_0037,654.4097344614263,5453.414453845219,0.3491287268298393,20.93721358431506,0.4390786956175533,10.421327937009904,0,1,13.676750721157006
drv_0037,471.6550251248986,3930.4585427074885,0.9608983490435752,29.10153890180983,0.40761793280266106,9.700993470034847,0,0,
drv_0037,215.28260185249684,1794.0216821041404,4.967713524233641,1.215220716875801,0.39957548786806574,8.843134887836033,0,1,10.788498847016504
drv_0037,27.166743219044523,226.38952682537104,3.410307460509933,47.41696241479334,0.39998089095693945,8.474386364493794,2,0,
drv_0037,581.6150465676265,4846.792054730221,1.5093958213618297,14.166666556868691,0.40752415562712124,10.458523661133832,0,0,
drv_0037,436.5766133479858,3638.1384445665485,7.822198813631917,12.989659326450903,0.478126900666849,7.773059356639717,2,0,
drv_0037,24.0,200.0,4.33598270653537,10.468537119219166,0.48706447163371414,10.083502620280964,1,0,
drv_0037,167.74016541535852,1397.8347117946544,8.160050444879072,10.485034166908084,0.5382857394058999,13.281276004666413,1,0,
drv_0037,24.0,200.0,9.68690332786437,58.93776740168076,0.4104097382668904,7.060784510648714,1,0,
drv_0037,24.0,200.0,4.139109356571028,14.735967054393361,0.4462048574536702,8.788228974796787,2,0,
drv_0038,123.17069785545644,1026.4224821288037,8.833349650246365,38.55603528190588,0.8229282983196877,5.135255959276981,2,0,
drv_0038,582.7601004451699,4856.334170376416,9.117592396265046,39.04816954720387,0.8760381631000791,3.2689161800163054,1,1,3.9147358686259697
drv_0038,145.03614728066637,1208.6345606722198,5.90698772160739,8.54235043486012,0.862082967706011,5.373732787618611,1,1,5.695904307799977
drv_0038,198.1620881480074,1651.3507345667285,2.887870836760519,16.97432014371981,0.8595004328827887,2.2728362736701824,0,1,3.4772475390354516
drv_0038,1425.426305444005,11878.552545366709,4.235970541242642,9.071857489230219,0.8213835045101584,6.642546912098338,1,1,7.35426284080453
drv_0038,690.9542189153219,5757.9518242943495,3.5754578115150446,44.46031447464003,0.7830264287196489,3.973202539096109,2,0,
drv_0038,180.86043063599394,1507.1702552999495,2.781654267819781,77.68868826757829,0.802958135816995,2.502481111509945,2,1,1.4571557623146094
drv_0038,185.352774795482,1544.6064566290167,0.8163179987389102,51.21774020539605,0.7475510695434745,4.322884903787417,3,1,1.0
drv_0038,130.61080983735997,1088.4234153113332,3.537442383555537,48.77850522272997,0.8549493954241459,4.179573734390832,1,1,7.003704788756366
drv_0038,145.6878847742259,1214.0657064518825,4.441367906166618,8.077595428749872,0.8259899233224969,2.0622140238867335,0,0,
drv_0038,498.6523495311105,4155.436246092588,6.3377694160918905,1.9936290730787445,0.923321552493316,4.00758552301003,1,1,4.014395036848003
drv_0038,76.0102144106161,633.4184534218009,0.4292250277767595,2.9798563952367605,0.7481514119858412,3.3472133290850534,0,1,5.529583038898938
drv_0038,88.71615523018183,739.3012935848486,9.37697907356712,42.21480989672575,0.7638832389031707,2.644627032826626,2,1,4.0483119272603165
drv_0038,417.48269474372574,3479.0224561977147,4.690999874774976,6.565700485041635,0.795700802246918,5.788962417941475,1,1,5.287480488680366
drv_0038,58.24495363853843,485.374613654487,7.563803041354705,25.61375950333674,0.8192080845165844,3.9349557635645787,3,0,
drv_0038,94.91627988231717,790.9689990193098,2.539133084080245,31.81775387610098,0.8544990081114855,5.598336118197943,1,0,
drv_0038,123.4610465537905,1028.842054614921,1.9884082362366284,0.9126704708857724,0.6949709780066547,5.555853227848854,0,1,5.636009117290688
drv_0038,530.3477949445582,4419.564957871319,5.768031925916869,45.80746573412808,0.7792924061111453,5.052325452416416,0,0,
drv_0038,768.329113502234,6402.7426125186175,4.448285970189822,9.29416396759404,0.7611913793160865,5.252960489642448,2,1,7.589512764642026
drv_0038,219.3641400926994,1828.034500772495,4.682449788577627,73.20953204190101,0.8839634574631001,2.0,1,1,1.0
drv_0038,98.73964776578741,822.8303980482285,1.246177980665445,7.385363822873867,0.7651381234676806,2.7078373207350817,2,0,
drv_0038,306.6910224579694,2555.7585204830784,8.631984317984223,53.28310113517649,0.801550989714421,5.003547423609474,2,1,6.692789423698446
drv_0038,252.62155440632552,2105.179620052713,9.304129204800319,16.40269683503704,0.7818893013683588,3.8269363760900545,2,0,
drv_0038,237.57268285296445,1979.772357108037,7.268322218996449,6.83709749982036,0.7851477959902078,5.054348749254165,1,0,
drv_0038,266.1926864279927,2218.2723868999396,7.64792245234278,3.3348142806568273,0.7168042587810977,2.0,3,0,
drv_0038,1465.7366577756459,12214.472148130382,0.23132209377116908,2.853674094342659,0.8051186579722267,5.605371756778043,1,0,
drv_0038,129.88645035316202,1082.3870862763501,2.747675357724807,20.153223039446885,0.857945074402368,9.049053535015881,1,0,
drv_0038,104.92838521375732,874.4032101146444,7.490013579430545,3.545498023712091,0.7929465825744795,7.196391637686162,2,1,6.171939792863526
drv_0038,725.9126340483655,6049.2719504030465,9.147481187356597,13.04905569550649,0.7940270483678111,5.043598204205022,1,1,3.286963182199188
drv_0038,220.18204688862832,1834.8503907385696,6.785536656031472,14.519813966424643,0.8152868455568483,3.8253087114484754,2,1,3.85720293757759
drv_0038,325.31843836476537,2710.986986373045,8.39344237478581,7.500714340583632,0.7911792198600561,4.466385203255526,2,1,4.6649046629173165
drv_0038,55.4291399644751,461.90949970395917,8.628674996751839,98.25052745439874,0.7929313015424168,2.0,0,1,3.0404853057879677
drv_0038,42.813329930916844,356.77774942430705,4.814823483912866,4.017764459847245,0.6953615953440905,2.0,1,0,
drv_0038,53.398097043613,444.9841420301084,5.479742801784893,15.852743649947117,0.9151590173415228,4.139342233138493,1,1,4.275969802763793
drv_0038,943.5050984103918,7862.542486753266,9.2340106537748,37.25249813558674,0.8033988690024111,3.2972060911824177,4,0,
drv_0038,476.823949062078,3973.53290885065,3.0416802076012983,68.49967797540933,0.8753511730972982,3.995881155885072,1,1,2.884184143263289
drv_0038,83.45583258045683,695.465271503807,8.920031523935783,83.99619871393033,0.7828567095670056,5.59355765926019,2,0,
drv_0038,297.61273931643507,2480.1061609702924,5.620745841054436,3.1081940485352875,0.8641886447304027,3.015615436081747,1,1,4.241343419538103
drv_0038,359.575965694033,2996.4663807836087,8.798481539089583,6.4165181373979046,0.8707763667894421,4.165413375724619,3,0,
drv_0038,243.3025883149201,2027.5215692910008,2.514477933744017,21.517718661145892,0.8347271912366143,5.043380228158197,3,1,5.951068997506047
drv_0039,558.8187666075481,4656.823055062901,0.5399498681932047,4.277020511520107,0.4395311720616347,8.278745330850093,0,0,
drv_0039,30.76395384610276,256.36628205085634,1.601150935416139,38.53028015544355,0.43494223863776005,7.102020627090744,2,1,9.415538072972751
drv_0039,1417.403161348169,11811.693011234744,8.717340602857428,5.1536456707833365,0.5518774279474483,7.2945221178139095,2,0,
drv_0039,24.0,200.0,2.700005075309515,4.345862185148261,0.5308593881362555,6.316636045307583,2,0,
drv_0039,24.0,200.0,8.354263725883833,5.868085132089437,0.4236970599129536,6.694991805892448,0,0,
drv_0039,668.0763463361054,5567.302886134212,0.05367437149359722,23.511798202011413,0.4624138704398165,4.8312353082970345,0,1,5.768964557735029
drv_0039,1335.1642049795785,11126.36837482982,6.027808825207841,26.140096917551894,0.508722476623944,8.379008441773633,1,0,
drv_0039,940.1516544403935,7834.5971203366125,9.654266721520056,24.681636984628387,0.5054483593560541,2.0,2,0,
drv_0039,307.0791778539613,2558.9931487830113,3.062673837729093,133.14629442335695,0.43881981068309606,6.969516698352862,0,0,
drv_0039,599.8275108940231,4998.5625907835265,6.5394439755120946,18.796576081002424,0.5544341311416866,11.191396801800071,2,0,
drv_0039,501.1260606643312,4176.050505536094,2.158165439731339,29.83423161273816,0.5183276764652025,6.33570352505143,0,1,6.435139976346353
drv_0039,863.544627265504,7196.205227212534,3.430103256238406,9.842217693058231,0.5389333310427507,6.621929152619859,1,0,
drv_0039,541.8515446769956,4515.429538974963,0.9073475458228086,12.756805732496924,0.544064078393145,7.098291202895212,2,1,6.801186734611603
drv_0039,112.93689306839403,941.1407755699503,5.1511876034914605,17.82106075145079,0.4807520452337898,6.513054647432578,1,0,
drv_0039,440.01101668274134,3666.758472356178,6.590266855064351,14.260898120761233,0.500926470182044,5.9972550640529185,0,1,8.506570077009036
drv_0039,463.7073127167556,3864.227605972964,2.5192590757319264,10.486269150697083,0.45333455527464805,4.7831994607644575,2,0,
drv_0039,105.20483396077489,876.7069496731242,9.074050555000452,39.02915407139337,0.3473336682614474,4.7600624928715245,1,1,5.1934141085712495
drv_0039,201.56739772883134,1679.728314406928,0.34445633265983266,12.049868937471336,0.4557142850712546,7.177314760098186,2,0,
drv_0039,109.7832630613918,914.8605255115984,3.7424767445574227,40.412933642882756,0.3620621895007604,6.62822784993294,3,1,7.697000840180146
drv_0039,296.340339144153,2469.502826201275,4.133800655562037,46.31096643782782,0.46768832375483615,7.757019167073816,0,0,
drv_0039,189.7112755658207,1580.9272963818394,3.36903899434562,1.3355201639993928,0.494728528868558,9.273649659381094,0,1,6.948169357564021
drv_0039,989.7745188073266,8248.120990061056,5.602397363394225,2.627939524578081,0.5415411972771554,6.721339906543879,0,0,
drv_0039,35.852420633175335,298.7701719431278,8.145534281103512,10.281035994268457,0.582811150278041,4.092335553926544,3,0,
drv_0039,594.5366883394316,4954.472402828597,1.0052114203714846,55.39845877315925,0.561143276356115,6.038356684794117,0,0,
drv_0039,97.7110332089485,814.2586100745709,7.176519287872335,0.733225661197286,0.48974800743645325,9.164287673235535,0,1,10.403696380613276
drv_0039,403.95351245430084,3366.2792704525073,6.707816975416322,4.483041649072916,0.45025124739101563,4.9637178220518114,3,1,9.526742837498578
drv_0039,403.26140400494864,3360.511700041239,9.653586948987527,48.58091639877954,0.45335750670789576,4.869884416441347,2,1,5.770296072155344
drv_0039,275.31198865687355,2294.2665721406133,9.446824716801638,68.19091444953835,0.573458442752951,5.843520073907519,1,0,
drv_0039,232.1484427096432,1934.5703559136934,1.4580772710853351,7.9374506898006665,0.4622418321054786,8.712604970901118,5,0,
drv_0039,414.38908002702715,3453.24233355856,3.9589953480741458,19.488351183018036,0.42052583415053896,7.168853930134907,1,0,
drv_0039,430.96305939487945,3591.358828290662,8.000956581651767,110.46453956848457,0.48548494283783217,7.165207526497645,1,1,6.62706637031385
drv_0039,728.2161417080338,6068.467847566949,4.665401565705428,3.4545922441393384,0.46355921106592557,7.46002574050761,2,0,
drv_0039,283.76970536202066,2364.7475446835056,7.937275493464425,127.55417714199353,0.4642055962126356,3.375061833753866,2,1,5.884169232359332
drv_0039,305.7306236111653,2547.755196759711,3.3261940282383637,56.01802413570175,0.4936995374573859,8.091185497803766,2,0,
drv_0039,921.7423193145337,7681.185994287781,2.030991860755742,80.7341696796893,0.4659620736397251,9.03565981939652,0,0,
drv_0039,700.5577027408732,5837.980856173944,5.840558624417432,77.16106277762525,0.44384357321478307,9.14596135743215,0,0,
drv_0039,140.76483829074024,1173.0403190895022,6.19073146066409,15.279344436605856,0.5930220052066817,6.507606530017126,3,0,
drv_0039,89.6383525632582,746.986271360485,0.6047207118105036,37.1590823722657,0.5642787497998565,3.926461514417926,0,1,3.2993338409234694
drv_0039,122.89571329735465,1024.1309441446222,5.215831663768372,9.146665468182562,0.48998572609896995,8.130675592155832,2,1,9.997589568076794
drv_0039,100.01965689034382,833.4971407528652,3.591564435070084,5.232906637759125,0.4773797563777853,7.379368393173312,1,0,
drv_0040,1041.551718102746,8679.597650856218,1.6523897749631766,29.54960992205593,0.6433708754293319,4.6627982187155546,1,0,
drv_0040,80.62019704680999,671.8349753900833,0.14006990216881676,26.801408731530813,0.5876832280751068,4.526796007369996,2,1,4.907330162486831
drv_0040,1078.3922372060197,8986.60197671683,7.526994139913665,46.57295085564787,0.6613605061305065,7.062842904668376,1,1,4.619310478921307
drv_0040,24.0,200.0,4.736233927167001,50.793762886756795,0.6779293719147182,14.736824296671461,2,1,14.14003281238614
drv_0040,763.2738683398424,6360.615569498686,7.366935577598131,3.0041064018432064,0.6310894231811501,9.739610341977695,2,0,
drv_0040,69.28935844032935,577.411320336078,9.892382048916913,9.483468377095557,0.6914511777802739,7.330592094408242,2,1,9.536010437665748
drv_0040,841.8150255003465,7015.125212502888,2.2865190282062953,22.53449026484342,0.683339461133018,10.338747958980187,2,0,
drv_0040,865.475498402877,7212.2958200239755,2.9979484504721645,2.4583349181129197,0.7578554619436719,10.611503619750989,1,1,12.43307818434217
drv_0040,174.27046488093322,1452.2538740077769,2.3552074551480553,16.08218797476451,0.6754077060978863,8.926233625961075,3,1,9.30713573681777
drv_0040,249.86347215706266,2082.1956013088557,9.429327394162495,21.064277364379198,0.6575678036889292,10.551446645267653,2,1,11.282155833243335
drv_0040,118.84358174987717,990.3631812489765,3.1771418323955194,80.31998650291891,0.6091147504267717,4.83450851147783,0,0,
drv_0040,103.68366472671603,864.0305393893003,3.7245436054526113,32.809691767287894,0.6628693139352216,11.655677615731317,1,1,13.468712771283197
drv_0040,203.56735709753977,1696.394642479498,5.688094295044999,6.4156669980302725,0.6735924371146637,9.890994139898606,0,1,8.721109653366753
drv_0040,69.51104923837333,579.2587436531112,3.747625208361205,36.14262814811442,0.6707658485868273,10.109897576144668,2,1,9.644813584249249
drv_0040,196.98004639630284,1641.500386635857,4.077576613534265,27.943824952871616,0.6162066067030447,9.141802271171198,0,1,7.297328439107719
drv_0040,243.7392797085892,2031.1606642382435,8.059366169474004,9.633313376224033,0.6302842391428555,6.612984677428505,3,0,
drv_0040,259.8909471228828,2165.75789269069,3.7807544010304603,66.21925729563648,0.5998156300075329,6.816949165094333,1,0,
drv_0040,513.5847867542503,4279.8732229520865,5.49097287733662,44.41033235542091,0.7096768700604571,12.836896147173569,2,1,13.149411945614972
drv_0040,278.7610824825963,2323.009020688303,6.57628738732061,97.2792103330708,0.6933877019796674,11.996273533963873,2,1,13.268942520357315
drv_0040,190.95284020442512,1591.2736683702094,2.3398936359282194,3.645796133717178,0.6800772469885424,7.665238072521919,2,1,9.055698367752383
drv_0040,735.3452884933764,6127.87740411147,5.020942283288957,51.348237566581204,0.5912774492589028,9.595719151114789,0,0,
drv_0040,281.9647800080659,2349.706500067216,4.398453321195256,57.0769220600884,0.6690917123004189,8.314789837643472,0,1,7.55588231518101
drv_0040,24.0,200.0,5.951180090251188,4.281439852875626,0.6888389146638934,10.014543085955175,2,1,8.757824265305937
drv_0040,745.083205150777,6209.026709589809,5.752931005984938,37.469926833175016,0.5120560210663532,12.777166420511612,1,1,10.557417454752265
drv_0040,616.029774643675,5133.581455363958,5.35223805237747,45.87595301216231,0.6394351803986887,10.749581030955923,1,1,10.155687213226084
drv_0040,86.16089635275308,718.0074696062758,3.3467228487640046,29.973372629228404,0.6268027001487864,7.462550914933122,1,0,
drv_0040,128.35852852928858,1069.6544044107382,9.760147251723211,16.760398438075185,0.5598508532209507,6.175058008046259,1,0,
drv_0040,103.80200129577901,865.0166774648251,1.057464301514912,50.53269935897241,0.6990036532001653,11.260629220897528,4,1,12.081323336874378
drv_0040,608.1611577497656,5068.009647914714,2.206241663103954,1.490329384865021,0.6718903488857907,8.933903574829996,2,0,
drv_0040,407.41477101407867,3395.1230917839894,5.260529813890562,6.708347067893914,0.6139379011342955,9.285431826051099,4,1,10.033478903880205
drv_0040,170.3016792795044,1419.1806606625369,5.381423690992026,35.68410357039691,0.5685917779395105,7.084798693203078,1,0,
drv_0040,134.00443977105624,1116.703664758802,7.031216663680873,56.38674786194324,0.7013843756810605,10.798107760918926,4,1,12.154612593754162
drv_0040,96.3756596198959,803.1304968324658,1.8490131674136878,10.205193016167586,0.6767425490983973,4.323444021139045,5,0,
drv_0040,180.86380287815368,1507.1983573179475,5.047864946193613,130.7754244250067,0.6048453788014255,6.4986718601061675,2,0,
drv_0040,1405.4990442520298,11712.492035433583,8.727016631557337,39.47176820654448,0.7516550956846464,7.984424309372517,5,0,
drv_0040,233.78013309607448,1948.1677758006208,0.3372501316138321,21.055436535306164,0.6624501608132959,9.743163506723189,3,0,
drv_0040,107.26928547477367,893.9107122897806,5.843526944145662,52.653005816806484,0.6359095824909918,6.417691766500738,2,1,7.413533077875477
drv_0040,550.9685678623496,4591.404732186247,1.7823084015746937,29.127781918888925,0.7047922422939178,8.846460912474818,0,0,
drv_0040,123.56514134249959,1029.7095111874967,4.485502364492289,27.030353168690706,0.5992338983380531,9.672518188224057,1,1,11.411331984089797
drv_0040,562.7250004707493,4689.375003922911,5.224152202257292,11.090947515507823,0.6312303053140322,8.950735011259075,3,0,
drv_0041,181.41394090789012,1511.7828408990845,5.4858419566462215,0.3577560045340268,0.9347793367724311,8.138327557089323,3,1,6.6227824702545375
drv_0041,195.8292412269615,1631.9103435580125,4.349887951712631,23.851157203087787,0.9736601147747613,8.457722207633818,1,0,
drv_0041,151.88446477562158,1265.70387313018,6.732681545918497,18.51695097901345,0.8947855029615734,4.418501451584415,1,1,4.56663413434727
drv_0041,277.85779857828396,2315.4816548190333,3.6462578018141567,4.33484305164793,0.8253992130949243,10.454408022841793,1,1,11.30649269368914
drv_0041,1755.4320932695507,14628.600777246256,7.527611262541406,0.013250088412361768,0.8593902800940442,10.532660789899452,0,0,
drv_0041,89.69703574630347,747.4752978858623,9.66121063005516,14.162428318790923,0.8688863226002298,6.748482601337246,1,1,5.200529016866075
drv_0041,172.12127803439216,1434.3439836199348,9.597912472385156,25.837072630225123,0.8928399733667944,5.1473912565667765,2,1,4.028232361712459
drv_0041,117.64487923944152,980.3739936620127,5.063395208343224,13.243723814411718,0.8236633276652192,9.138516205178497,1,1,8.212534523621468
drv_0041,393.7693123866491,3281.4109365554095,5.290431581171662,32.5080305365592,0.8129396928797934,7.905985017845206,2,0,
drv_0041,151.3251359093549,1261.0427992446243,1.6995942769942818,12.492991674686419,0.8340236692660663,8.308971643381378,3,1,6.819675302611896
drv_0041,1230.9044602278518,10257.537168565432,9.703181533375096,27.926559010196872,0.7916166360686169,6.919492337682187,2,0,
drv_0041,485.61422518083197,4046.785209840267,0.1311296023937114,19.847543246225133,0.9681342257678802,5.793715667941913,0,1,5.442301657542577
drv_0041,272.61421233858294,2271.7851028215246,0.9486931855076708,0.858075810262499,0.9277670503226441,4.252811533899811,1,1,3.8111030878146552
drv_0041,32.20464875799446,268.3720729832872,1.4706682405006133,10.203644546691649,0.8739126315262613,7.791290405938564,6,0,
drv_0041,24.0,200.0,8.712563250610685,23.710874919470477,0.8320374112632489,7.95438715982154,2,1,6.344805673613716
drv_0041,280.4135920109371,2336.779933424476,8.87601137194192,7.830595590932798,0.8969044697988523,8.833661266404311,6,1,10.469400263334006
drv_0041,24.0,200.0,4.588688324702054,1.0128342775439878,0.921222150718275,6.608236846893798,0,1,7.114483060515026
drv_0041,441.579644380742,3679.830369839517,6.592270039853202,18.25487036137992,0.98,5.873941469871879,2,1,8.55313519221747
drv_0041,159.83802260601524,1331.9835217167938,2.3928944561404073,20.149790607324743,0.8236200231804978,8.622459013783756,1,1,10.87789755378356
drv_0041,618.0277722853564,5150.231435711304,3.1550452978082877,35.6493025552724,0.9590690048231434,8.720372775945442,0,1,8.791548683858537
drv_0041,131.10193458172517,1092.5161215143764,0.9993827626612783,17.029392161945314,0.8299127144451507,6.826891093945773,1,1,5.397675931743881
drv_0041,115.19550112089748,959.9625093408124,8.786461742773309,7.011852108108349,0.887691501329514,9.458549882651495,1,1,8.133667812521683
drv_0041,109.7910104550538,914.9250871254484,8.201928716627622,11.049577557786733,0.8242195112712274,8.426962434405398,2,1,6.331220760592752
drv_0041,902.892839024848,7524.106991873733,2.868687481006443,4.753558171300854,0.8674478151886615,8.02740070523757,3,0,
drv_0041,157.56137218250248,1313.0114348541874,6.083782173727741,2.695966597016418,0.8410112673993015,7.984125828393079,1,1,8.553737285527882
drv_0041,228.2852988812623,1902.377490677186,6.623944582866748,15.54022947872413,0.8704964387505817,9.87815342107803,0,1,9.549092110216236
drv_0041,390.2795197324027,3252.3293311033563,4.738751582270229,33.38551867417165,0.8941808389851813,6.440641753590482,1,1,5.707816761638258
drv_0041,91.47333776127014,762.2778146772513,9.648962841645902,20.289475969635305,0.8742522220937726,7.966649198570234,0,1,9.090092312626757
drv_0041,1249.7612635285416,10414.677196071181,2.048826414673445,2.023943588699447,0.8494725201417779,9.752906075539466,0,0,
drv_0041,140.3086633133142,1169.238860944285,7.496112610414855,17.947160899013863,0.9247242046019738,10.300799124737594,0,1,15.700187915153064
drv_0041,118.33440800294318,986.1200666911932,5.589486687744579,22.410057231735554,0.9072276768264068,7.477277793150201,1,1,8.846398573207669
drv_0041,584.5394135857989,4871.161779881658,6.242751584836043,5.210589789747082,0.8394081235037737,9.082328549192617,3,1,8.091271548015703
drv_0041,92.1986723187722,768.3222693231018,1.0729812322790588,3.9223709873518398,0.8266252563221647,5.289652609343371,0,1,4.614071148982221
drv_0041,1182.709519635183,9855.912663626525,8.425227662341243,41.84150304221942,0.8410366586608442,10.908944471464299,2,0,
drv_0041,264.39342013555375,2203.2785011296146,3.0482979190429047,30.96573648104692,0.8494327893270672,8.163213079468777,4,1,10.808326868036469
drv_0041,29.553244883228626,246.2770406935719,1.8174155535017478,46.91604444930811,0.894834202699848,6.8534149305561245,1,1,7.973508767686391
drv_0041,1377.8293500521397,11481.911250434498,1.2137036633216414,33.36982349047046,0.965356183348031,10.933779461719393,2,0,
drv_0041,502.1518732611048,4184.59894384254,2.3793282748144584,67.12276288997043,0.8164248440879494,4.0455773418972285,1,1,4.183402117135095
drv_0041,268.87366001014584,2240.6138334178822,9.086165832113917,19.328108281595476,0.9723535103282763,9.481454287267812,3,1,7.6920421551426355
drv_0041,576.8422363502877,4807.018636252398,4.261555789782903,38.16384189458194,0.7812595486615079,9.668748575427244,2,1,11.486483208587
drv_0042,318.6397754145214,2655.3314617876786,3.9926356976775565,2.253995430413459,0.660185737670407,7.305061244844522,1,1,8.903580092301631
drv_0042,686.0254005008061,5716.878337506718,5.984123114343015,47.95186154444094,0.7423176627115146,7.2409953552333945,1,0,
drv_0042,95.29084860387513,794.0904050322928,0.38955741711213965,17.78772286540152,0.7005789012604642,8.454211656006464,0,1,9.795710113248145
drv_0042,255.91385746509368,2132.615478875781,4.525755590411475,54.124384980174135,0.6982668897372066,6.883924793081999,1,1,7.798062577415744
drv_0042,427.04279347700043,3558.6899456416704,5.23397139202844,23.519024880252427,0.7129422735333829,6.883745130704221,4,1,6.618219390565883
drv_0042,289.38288412247897,2411.5240343539917,3.891818140125418,16.107462039209782,0.7008582651329117,11.427103056908946,0,1,10.515032439111945
drv_0042,146.91633124694107,1224.3027603911758,8.500513594556812,49.564483480673346,0.7665699564480882,10.494533130922521,0,1,8.551397543027617
drv_0042,974.4400923774639,8120.334103145533,7.177805241658424,13.377717834658181,0.7543097252448921,13.80396842889097,2,1,15.132011647730238
drv_0042,586.189697068407,4884.914142236726,4.487743665974291,40.8676683829055,0.8099548256283288,9.098483369492085,0,1,9.986809406061049
drv_0042,24.0,200.0,2.648245487362227,19.972063035229237,0.8015849224444989,10.00993173308224,3,1,7.727315939153724
drv_0042,248.55183972275188,2071.2653310229325,6.34772230056723,184.78178545994183,0.7252442686734505,8.498163060268219,1,1,8.020236502366918
drv_0042,560.5852978386822,4671.544148655686,1.2115105016213912,2.670321035392405,0.8075955026261434,11.412875888141759,1,1,10.425107076068539
drv_0042,24.0,200.0,3.4915768701479353,28.355289702847873,0.7653877448288933,9.526197479566505,0,1,9.627681776096157
drv_0042,27.032983648940508,225.27486374117092,3.9493881164869493,25.87561766217537,0.8181173408301096,8.5123834720642,2,0,
drv_0042,696.8203911584809,5806.836592987342,1.5088183854672277,50.82794969445202,0.6877930995065079,6.628930638396966,3,1,4.817843714337077
drv_0042,665.825005291672,5548.541710763934,5.8741354334040885,37.463751658072646,0.7447107026275339,9.258463908453818,0,0,
drv_0042,754.9753188279983,6291.4609902333195,4.054080046326543,5.3959293362836664,0.6854685411757753,11.299440757850572,0,0,
drv_0042,481.29961395137883,4010.8301162614907,4.877201477031912,4.557287781640737,0.7339599009111314,7.666635351232232,1,1,6.755265691301975
drv_0042,616.2431660128652,5135.359716773877,8.492912995199289,16.344008773106953,0.7287329259866163,9.197259860985671,3,0,
drv_0042,388.7813511382472,3239.844592818727,0.26726953727387426,94.13199866106139,0.7405916652118494,7.030729397036028,2,1,6.893746762601593
drv_0042,713.302889765857,5944.190748048809,8.159501601506022,46.26798798458843,0.7597454193070697,11.323708337145588,3,0,
drv_0042,1421.01628604554,11841.802383712835,1.3256449502359913,22.457188366098478,0.833575581429409,12.60685314858713,0,1,15.02543752885448
drv_0042,1283.0500540540202,10692.083783783502,9.487877835631615,4.488131666094745,0.7929205357238818,6.642471027898862,2,0,
drv_0042,299.9684905686875,2499.7374214057295,8.277076899243497,9.97002318088014,0.7513818665751458,3.764338334837767,0,1,4.701344370808977
drv_0042,344.389500399714,2869.91250333095,0.8140208853688702,34.74584759096953,0.7005355269102616,13.751775509403657,0,0,
drv_0042,102.47225101920257,853.9354251600215,6.7158804032130925,29.129211985966833,0.7092667107871052,11.458422302248401,2,0,
drv_0042,134.24661831348718,1118.72181927906,8.635181770645437,27.020459745684395,0.7360919629610683,10.48196343536927,1,1,9.169188257106441
drv_0042,330.63907261509655,2755.325605125805,1.1855863864530891,22.378634212816337,0.7578247541590364,11.050485382434054,2,1,8.085189003965334
drv_0042,183.63378680649765,1530.2815567208138,2.80551587897797,3.7914827542627023,0.8507476486954847,9.50804907377943,0,1,10.733962993991417
drv_0042,190.52859752180834,1587.7383126817363,1.514019634579129,69.8513737501817,0.7468644816831589,12.058270299522619,3,0,
drv_0042,61.62844704519572,513.5703920432977,1.081140526061457,8.83865503809048,0.7613763557084562,8.649832776715483,0,1,6.926154247821335
drv_0042,104.04659611324188,867.054967610349,6.327108401119323,26.72786445225401,0.7132120077902423,11.40555233490535,0,1,9.414637128258633
drv_0042,1119.0174797671332,9325.145664726111,9.764270048431102,15.993460942932078,0.7283236655075398,9.018873145430641,1,1,9.736937375179515
drv_0042,634.1102763925531,5284.252303271277,5.036032826355511,16.2448535678649,0.6218591396031128,7.1373384310612495,2,1,8.96490825426154
drv_0042,301.6180792507688,2513.483993756407,7.3818001057626255,96.58094955474442,0.7345088793299149,10.11897976752723,4,0,
drv_0042,150.83803817711186,1256.9836514759322,9.045412782668961,29.398531520261077,0.761325431236356,14.12198176776554,3,0,
drv_0042,63.23219953792842,526.9349961494036,5.459184959242862,8.824974931844356,0.779165450034212,8.173660349263088,2,1,7.656473262485295
drv_0042,28.604589718445947,238.37158098704958,6.007093417501447,28.906158310343756,0.8241743816768784,10.519280571884506,0,1,11.186814196422551
drv_0042,911.1055439945391,7592.546199954492,2.031633191879912,19.26591342972141,0.7586939912534887,7.881664290810859,1,1,6.710796782891645
drv_0042,24.0,200.0,8.839120248414249,3.4359156660769488,0.7870431733383774,9.781940245976847,2,1,9.640543187114861
drv_0043,49.47942384221937,412.32853201849474,2.2256737718943054,5.780375629389493,0.6080547998776507,9.198091935126381,0,1,6.594368072454448
drv_0043,86.882018452374,724.0168204364501,0.12028992366157953,8.190357096179309,0.7393423106111993,14.242277824020352,0,1,14.907723441911562
drv_0043,184.0223466020033,1533.5195550166943,9.892876440264468,30.252368633766125,0.6846758502615495,11.71156772913764,0,1,10.421431525014597
drv_0043,221.25468286999438,1843.78902391662,3.9452855396435558,45.90848774817655,0.6689884827192403,8.48214281123022,0,1,10.231027166923406
drv_0043,697.8908903347178,5815.757419455982,7.715087212387219,48.91271952652977,0.6740660467992841,10.81077810684289,2,0,
drv_0043,368.0125970297331,3066.7716419144426,6.988694244141919,57.35124510768991,0.7177832120400502,9.190338311362074,1,1,8.001496852718471
drv_0043,674.4923801035193,5620.769834195994,3.5919966990953354,21.80482048181823,0.6254180383656346,8.385523446768065,1,0,
drv_0043,1624.2178856074693,13535.149046728911,0.6400554402389269,14.531612642894258,0.7616108853545132,11.016111642519718,2,0,
drv_0043,188.67016062801275,1572.251338566773,6.144134352330255,50.25446688117679,0.7357704132567088,10.041626751938905,2,0,
drv_0043,33.48909084383037,279.07575703191975,7.7082693166454295,17.94000653959176,0.7060580766988949,11.250539311116944,1,1,13.491145642712336
drv_0043,279.30001331258944,2327.5001109382456,8.986110312972073,31.70687156105795,0.7077572109051531,9.00581842769784,1,0,
drv_0043,462.6056757806824,3855.0472981723537,5.757447306969499,27.703705145904408,0.7313029794809521,11.563059573808978,1,0,
drv_0043,78.54924818447455,654.5770682039546,0.015271007061388175,10.25551288061489,0.7286656672071302,10.415007013859888,1,1,9.701928182180481
drv_0043,179.00761244213064,1491.7301036844221,8.969638860929784,37.81733553134886,0.6554103552553009,11.35499778360046,1,0,
drv_0043,24.0,200.0,7.700694703509661,30.24959931731432,0.7176491618859008,13.474538148074043,1,1,14.218434364541592
drv_0043,187.0696168021531,1558.9134733512758,5.298399136286054,14.346529388149364,0.6406437856773821,11.339789149438865,1,1,11.55213870105378
drv_0043,108.00064288688252,900.0053573906877,2.138722400148474,1.711296644237753,0.7322787332208965,7.432443583359687,2,1,8.207950867704149
drv_0043,342.46790617278907,2853.899218106576,1.8149474067838223,6.965893626258158,0.6339631991673695,13.065477991751441,0,0,
drv_0043,478.2704068008591,3985.586723340493,2.0932341060929227,16.02107663583043,0.7528905242194035,10.762820431814667,3,1,9.800732791417317
drv_0043,49.549682591672415,412.91402159727016,8.82765900641876,6.8051813943018304,0.6869489686807285,7.36369853020598,1,1,9.262470320652486
drv_0043,602.0448157404777,5017.040131170648,4.416551382817513,21.491756760793386,0.7035390491981302,10.64641080979757,3,1,10.741308758767198
drv_0043,113.67442310167003,947.2868591805836,6.175056691275817,10.86904562071472,0.6918251612549507,9.2499284113827,0,1,12.913146131158133
drv_0043,125.05623848165374,1042.1353206804479,7.515825825064036,25.94309086519506,0.6535778561647199,10.890743365531254,2,0,
drv_0043,134.46977390518956,1120.581449209913,8.78271346206581,24.432263707614304,0.7338746353116913,9.953382019023532,2,0,
drv_0043,416.9401323785305,3474.5011031544213,2.8079292023096327,74.71037579364602,0.7188489955464765,9.264501867396405,2,1,5.5303453476231486
drv_0043,235.90460402174222,1965.8717001811854,7.8612683686158995,15.326544271244698,0.7057383179366953,8.181255098783991,0,1,8.881647107759177
drv_0043,54.65492451691249,455.4577043076041,8.650687351626852,5.414999147890036,0.7774135956376641,12.255093085877656,2,0,
drv_0043,297.54017773938233,2479.5014811615197,1.5498050992343348,1.6044453911397871,0.6711721508686722,5.54925366877278,0,0,
drv_0043,584.7132162890704,4872.610135742253,8.83020206007869,18.815161195197778,0.6878008538759525,6.807444915340508,3,0,
drv_0043,240.6224620001486,2005.1871833345717,3.908581158962537,21.72453079000153,0.7353881865273024,6.682543981109514,3,1,5.401117882106023
drv_0043,55.66642772343571,463.8868976952976,2.6588508273501397,40.05794378035876,0.6886890719388945,6.999587330064687,2,0,
drv_0043,50.4241070805074,420.2008923375617,3.08682903763267,24.829790186972662,0.6680856490051785,12.130445231270384,3,1,12.014084001475158
drv_0043,60.44502981618084,503.7085818015071,7.681128416215463,31.87830674779753,0.7078473691616615,12.037715231952234,4,1,11.485442116289528
drv_0043,127.83321392642141,1065.2767827201785,1.5050012441896432,1.7597192336415173,0.6788860615088842,10.283851961592593,1,1,9.125816803291094
drv_0043,142.23144679805955,1185.2620566504963,7.819191177089037,9.576033715547625,0.7132560279547023,8.273070888257534,2,1,9.145619918996518
drv_0043,24.0,200.0,4.900057643734082,55.47135843034201,0.7601919921399852,10.033832123687006,0,1,10.005428676416182
drv_0043,868.8288996245369,7240.240830204475,8.205630591348315,52.11322762516841,0.6257015719395864,10.226933279081887,2,0,
drv_0043,365.5818885144947,3046.5157376207894,5.124232334686125,15.044719656799531,0.6682849376539434,11.515860901765382,0,0,
drv_0043,317.21282500107793,2643.4402083423165,5.366663122286026,19.632882753059175,0.8078474921982781,10.622922301911332,1,1,9.899169752974434
drv_0043,24.0,200.0,1.8681932976971305,18.845728768431186,0.6660160773312127,8.070021701856604,1,1,9.49413252565656
drv_0044,74.06563955390104,617.2136629491754,7.846059706503219,27.28261212647861,0.7114226266872746,10.072535564054787,2,1,9.47801156068218
drv_0044,213.48178118125676,1779.01484317714,8.763050748587037,20.181642134911662,0.7241683975978579,10.21303785354989,1,1,11.800800273749624
drv_0044,24.0,200.0,7.388743322490838,4.291080402543447,0.6728114440783184,13.926391097708741,3,0,
drv_0044,213.72782409981255,1781.0652008317713,9.119907074279553,73.91841949871468,0.6734945500873414,10.768684441136582,1,0,
drv_0044,249.3027584064504,2077.5229867204202,3.6649250366758404,13.826942313612614,0.6144087645761424,8.319422188898123,0,1,6.547217864834665
drv_0044,190.50371835660602,1587.5309863050502,6.7011378942624935,6.297214602308632,0.6449696063709235,9.596738024768621,1,1,6.5605269771403645
drv_0044,242.71239834293388,2022.603319524449,7.076116593979975,8.947515536711329,0.6336451332384336,9.45335910725151,2,1,8.467939097398531
drv_0044,765.3558170621042,6377.965142184202,1.3270171231655092,3.836386288276232,0.702381514264266,7.427029065383655,1,0,
drv_0044,558.2377285044209,4651.981070870175,8.455511862645116,4.451598791573688,0.6978597664378811,10.28843636619122,0,1,12.334808702706617
drv_0044,612.6679192814574,5105.565994012146,2.0510692663250385,25.72284088420667,0.7152972833690664,7.90297207181016,3,1,9.457223555259896
drv_0044,807.5465375447488,6729.5544795395745,0.49441439374188323,48.887065384190684,0.7049344860190759,7.0737092409182365,3,1,5.227522621940919
drv_0044,107.88605930829186,899.0504942357655,6.601670452614414,4.993391488400627,0.642453269210979,7.577803084132482,2,0,
drv_0044,164.6479596792676,1372.0663306605634,6.539164598925321,19.71754972488436,0.6926259691033647,7.354486508203499,0,0,
drv_0044,30.307976516958004,252.56647097465006,0.3239014708103971,189.61697726171195,0.7384364554534082,7.989461922315792,2,1,7.07587111217814
drv_0044,227.3224424419354,1894.3536870161286,3.1629159553530295,68.74229533926912,0.7609458825756106,15.309505547833268,0,0,
drv_0044,203.99419574580355,1699.9516312150297,2.4153759287486376,29.307913719121732,0.7674375610099962,10.379563470271286,3,1,7.113191943267113
drv_0044,24.0,200.0,9.141189861844039,90.72589059692375,0.7383197141804466,7.595955468185208,3,0,
drv_0044,554.2774444214914,4618.978703512429,5.976087386189056,4.14697425375203,0.6976922293551295,9.738646423666506,1,1,10.563276443276456
drv_0044,136.34090844458433,1136.1742370382028,6.698156733992216,13.708301587620308,0.7826648561116563,8.547260063362847,3,0,
drv_0044,147.25782889794374,1227.1485741495312,3.1559243924225866,61.93663563998397,0.6032958077128894,9.558333476068631,2,1,12.103824396450403
drv_0044,101.9158922112732,849.29910176061,8.78985668547148,2.618059388096406,0.8057371134908168,11.223354598638737,1,1,11.630801137819574
drv_0044,264.109787906297,2200.914899219142,3.2859186117401338,4.7101266745487695,0.7096763920881882,8.207514681960285,0,1,7.407761577516084
drv_0044,203.79219361604558,1698.2682801337132,8.288073054802863,43.180938248641525,0.7440945691865242,9.08285058512289,1,1,8.821162896868387
drv_0044,134.46116722049103,1120.5097268374254,0.04357444610630257,105.00086458637358,0.7308419554460351,8.420034933459162,2,1,8.372045311833745
drv_0044,541.1150475376543,4509.292062813786,5.31624131480005,2.490054812641547,0.6942784184663733,14.459380119629365,4,1,15.646749376118375
drv_0044,762.6279212387497,6355.232676989581,3.355866324717348,17.997348028324907,0.6536130894631154,8.885895551356269,1,1,9.818595130203756
drv_0044,57.68205242914561,480.6837702428801,0.6259493687958084,39.897807643203585,0.6160462964960545,9.395166856397122,2,0,
drv_0044,345.262165526136,2877.1847127178003,6.869548576923725,23.590071016581568,0.7425294830931383,13.327990591693943,1,0,
drv_0044,119.3654120931619,994.7117674430159,3.6598188949708312,21.61179514459822,0.743853721744122,10.265161240917537,1,0,
drv_0044,110.08764281995519,917.3970234996267,2.5299541963067296,16.400054936255447,0.6761145767998337,10.166151339734832,0,1,11.012585282564556
drv_0044,393.85991975890477,3282.165997990873,2.013456760238388,1.5521447715483525,0.7011425956687357,14.565352736847657,2,1,14.931240725854906
drv_0044,519.5895247835042,4329.912706529202,4.5666016001245735,32.41815728236499,0.7583814840500813,9.956494526476254,4,1,8.64148813063473
drv_0044,265.7891843275868,2214.9098693965566,4.2153989033093335,54.28477780758192,0.7466459878205497,7.583135802056978,5,0,
drv_0044,794.6590572240283,6622.158810200236,7.285003855723326,54.61087426038042,0.739841634069377,8.713712795993896,2,1,7.141095438417697
drv_0044,65.49492029767312,545.7910024806093,3.6756810679047036,66.0598056041867,0.7562032810573218,12.424170922007265,1,1,10.822327169001559
drv_0044,65.70444239316747,547.5370199430623,7.9638518663826865,27.281422955789573,0.6946259337825171,9.091449301116585,1,1,9.282413271441127
drv_0044,381.79745711787166,3181.645475982264,0.7983881979196006,36.64366180260891,0.7184575101774081,8.61911594454394,1,1,7.764452216966806
drv_0044,414.69922625710103,3455.826885475842,5.710241693361773,30.91705611869726,0.771591456086162,10.790682418369425,1,0,
drv_0044,57.82950826206358,481.91256885052985,9.767647400347851,46.84818384613158,0.6265025055274389,9.940778584222468,2,1,7.420914742327716
drv_0044,41.06468259864427,342.2056883220356,6.165806131680212,11.387432368724719,0.7036216848826558,12.015902552296433,2,1,10.466471744024846
drv_0045,39.20661195483664,326.72176629030537,7.88701313612744,36.19222012623729,0.6165092615508271,4.70858093941779,1,1,5.800075111680136
drv_0045,116.10001791026941,967.5001492522451,7.251518425822855,11.51397453494343,0.6337855646206776,7.941219907935903,0,1,11.782045579640236
drv_0045,24.0,200.0,7.785901250468816,1.641182207350676,0.6789590384276488,7.780232582958156,2,1,7.509231312062704
drv_0045,308.9904671732103,2574.9205597767527,2.9590828297143235,12.461328062644233,0.6061014187647855,7.44249464945192,2,1,8.115317603114123
drv_0045,342.10417161261205,2850.8680967717673,7.921824739075389,11.041552725873409,0.6218856527270825,5.993934836234299,1,1,8.657249756818555
drv_0045,354.8788208176003,2957.323506813336,1.6012922994843293,22.697928216500372,0.6032353089313699,5.002166104656212,1,1,4.931390775988018
drv_0045,612.972539747629,5108.1044978969085,9.625609362769508,40.89542740046578,0.5457095680767645,7.664874792038001,3,1,8.187607913905067
drv_0045,24.0,200.0,2.439496718427937,47.27866900367481,0.6426382009953261,4.099717015860917,4,0,
drv_0045,405.92168401240224,3382.680700103352,4.554958010206107,9.75302928911758,0.5517218230309316,10.749070845165814,1,0,
drv_0045,80.54139156509531,671.1782630424609,0.39536914595091344,1.3196850931494117,0.6508795302242988,9.221650628975608,1,0,
drv_0045,899.6421538310278,7497.017948591899,8.45043467483867,52.30603014574376,0.6581862614458595,8.273749597812118,2,0,
drv_0045,266.85464669755197,2223.7887224796,3.311939627674051,0.8845766434954985,0.6670178168547604,6.644415400105422,1,1,7.911438652585776
drv_0045,70.12809144967035,584.4007620805863,6.602424117699426,52.91113423911013,0.6155842971888107,3.9999781520778583,2,0,
drv_0045,220.24315100718354,1835.3595917265297,7.6769255238546465,23.80394123568259,0.6698259144500393,8.435616811938445,1,0,
drv_0045,1016.869994730434,8473.916622753617,4.254730052065893,5.322004435123051,0.6459710229018681,10.487194104679888,1,1,11.987626016955037
drv_0045,429.52289672275174,3579.357472689598,9.399308614498413,31.96860646425759,0.67001472769326,4.98858758050377,0,0,
drv_0045,24.0,200.0,6.659775769210902,29.22508355954931,0.6360988333316054,8.659514580612436,2,1,7.6975951605934885
drv_0045,144.76655955882651,1206.3879963235543,4.958590079306628,47.697500882808406,0.6298779964858553,5.756344246333615,2,1,5.72815618508369
drv_0045,223.59922525302693,1863.326877108558,8.275179301088816,11.297362859955488,0.67850084590522,5.678324232828341,4,0,
drv_0045,401.5846768595118,3346.538973829265,3.7476954241192892,11.837526476080598,0.5908690995912631,9.362719365944312,3,0,
drv_0045,152.87047456378323,1273.9206213648604,8.81361695805114,25.16186403426225,0.640799414566561,8.565091690734553,3,0,
drv_0045,534.18060407425,4451.505033952084,6.478688760331606,41.53907764887604,0.6345823538853789,6.901509718850324,1,1,7.361443587630605
drv_0045,255.7045215355522,2130.8710127962686,6.593330012165929,10.497470668784326,0.6657999322975192,5.66892681431996,1,0,
drv_0045,24.885466360949515,207.37888634124596,6.881156772743982,13.722072616719247,0.569584497207427,8.892646404592282,1,1,9.53682565585931
drv_0045,511.17244369856064,4259.770364154672,6.859518863063996,12.717396914366404,0.6263610621806347,5.973368192273874,1,0,
drv_0045,92.5940978140449,771.6174817837076,3.720917251853859,11.897258747688415,0.5986131149359311,7.34693934142847,0,1,8.089622064532337
drv_0045,29.842072173552253,248.68393477960214,7.183894166793668,69.81106444241213,0.7549778042530292,6.9966487857557125,1,0,
drv_0045,42.4779667836157,353.98305653013085,0.40713395593804935,2.2375021079813613,0.6185603198145792,8.405082765541849,1,1,9.295944637855666
drv_0045,1047.4739394090182,8728.949495075152,4.910939750928938,3.1777916457683064,0.5904766706661838,8.775158756036687,0,0,
drv_0045,266.8267518531673,2223.556265443061,4.986187189099779,3.2295817797930795,0.598978245330234,9.932411596984876,2,0,
drv_0045,490.2383168024805,4085.3193066873378,0.12250984901100215,2.8585078398172947,0.6336997865136299,9.824985382466345,1,0,
drv_0045,193.98216881687665,1616.5180734739722,3.7935979988121007,41.701097019930586,0.6081143725061692,10.008759305672111,0,1,9.576577715499933
drv_0045,24.0,200.0,4.8239257092960655,3.338114200774126,0.686878334198042,9.521698606888155,4,1,9.749157919323139
drv_0045,749.9991604718901,6249.993003932418,5.335011014920413,7.605133788361065,0.5884100267100157,8.495943995156313,1,0,
drv_0045,338.9187633947433,2824.3230282895274,7.323861220124067,34.61009936493156,0.6828123258737263,8.546026983400928,0,0,
drv_0045,163.20062762892127,1360.0052302410106,6.949962062022125,28.900966203889187,0.6636405226558277,3.0511849985760016,1,1,2.0294485843612122
drv_0045,150.52715119559468,1254.3929266299558,2.499715485236428,12.788538955332774,0.5956648691248658,7.412181979797551,1,0,
drv_0045,1977.6903402730497,16480.75283560875,4.484789589275456,13.158669564524617,0.6220571661386004,9.403239660217304,2,1,9.489721939121738
drv_0045,136.5265191427278,1137.720992856065,6.3334289506756845,33.80577837501678,0.6544240871341989,8.325182069812708,0,1,10.654129062510338
drv_0045,340.0371454975897,2833.642879146581,0.6373527542513591,12.753800145242328,0.6484376072757267,7.611837290806471,3,1,6.444373232040946
drv_0046,54.254736049889125,452.12280041574274,4.831586722280814,42.77834563253519,0.7766367572020176,2.0,3,1,1.1902097431857528
drv_0046,423.29706507636394,3527.475542303033,6.736268426254746,2.5263642399173616,0.8174840091894747,6.037570353207658,2,0,
drv_0046,794.2020500891408,6618.350417409507,0.054794322013521635,7.929700329586682,0.8039109738931388,3.4008840147379873,4,1,4.166562278529918
drv_0046,502.8189629987662,4190.158024989719,8.275655174805422,57.486153363783856,0.8980911921218112,2.3561355329532203,1,0,
drv_0046,24.0,200.0,4.430855458291076,6.918845784235582,0.8183111125928245,3.9576593821272796,3,1,4.562429359721277
drv_0046,235.80132925751533,1965.0110771459613,5.502375275409195,10.019218629322038,0.8435459895669235,2.0,0,1,2.5902507228144778
drv_0046,192.14496087337466,1601.2080072781223,8.72850326491217,10.599624408509232,0.8390595713437744,2.0,0,1,1.2836387983646094
drv_0046,1025.422433930985,8545.186949424877,3.794145347569111,18.442774698272608,0.8004916586205122,4.862384618953679,0,0,
drv_0046,386.5022859959523,3220.852383299603,6.020937399395706,13.549852998254424,0.9042066157819373,7.482768505027163,1,1,8.058308600390744
drv_0046,31.901924812137217,265.84937343447683,6.960706132922835,10.964291452867926,0.8238741381041712,3.1566690205740944,0,0,
drv_0046,24.0,200.0,2.602620734898353,0.31920141954174874,0.8110717036615939,6.410591249889034,1,1,10.29856216809273
drv_0046,220.10198409027618,1834.1832007523017,4.984448995211204,26.330533110524517,0.8005989519561921,2.0,0,1,2.691691321975539
drv_0046,479.75208207741605,3997.9340173118007,7.51747889299558,30.54714474134942,0.8063309852339396,2.3074918108786315,2,1,1.0
drv_0046,24.0,200.0,0.833979884629249,20.11843132080612,0.8391756062007217,2.945260715796083,2,0,
drv_0046,186.05870464550307,1550.4892053791923,7.015485098093284,2.441834192672975,0.8400786377803282,2.0,1,0,
drv_0046,276.7442161546677,2306.2018012888975,8.383410043001847,65.15783578884252,0.811888729760297,2.0,2,1,1.7227724485687619
drv_0046,703.3084926954017,5860.904105795014,6.6432200714581535,3.0656401406764857,0.9087290433311082,7.985687857012619,1,0,
drv_0046,421.28011613032317,3510.66763441936,7.454475276040913,58.747486146271825,0.8147712206785154,2.7083141044140664,2,1,5.099723655352259
drv_0046,122.95245933325965,1024.6038277771638,4.24059957563132,25.233617407057547,0.8423597133739182,4.900999076427182,2,1,7.653017979665675
drv_0046,136.79483173931473,1139.9569311609562,4.94229112659753,24.792490310974113,0.9025467942262155,2.0,2,1,4.0889913979118955
drv_0046,24.0,200.0,1.6303781762338654,9.644299362367187,0.9076729353389636,5.229088279332256,1,1,5.411276762931578
drv_0046,350.54839019204616,2921.2365849337184,3.2815808131877167,13.726496795132153,0.9017858295940337,3.0709690967992485,1,0,
drv_0046,487.8791000508396,4065.6591670903304,1.7514443681892078,37.889357012659055,0.8344915500473777,6.041208667531583,2,0,
drv_0046,81.3009544300119,677.5079535834325,0.6001031111272215,0.010153220038424986,0.8575993183079575,3.5730917634208783,1,1,3.74529082580476
drv_0046,643.91290814981,5365.9409012484175,6.0810800503921705,3.1633736590459978,0.8504208189356542,7.675829826058515,1,0,
drv_0046,243.1634317182772,2026.3619309856435,2.001120857273074,27.76609140429746,0.8528032389662901,3.8885643932820355,2,1,2.700149079619396
drv_0046,110.28341350477594,919.0284458731329,0.04148977519184083,83.07774055788198,0.8372731164991976,4.741303173705494,1,1,3.3250634407486306
drv_0046,24.0,200.0,8.519456360291278,5.887834106612414,0.877729141305039,3.123507846706717,1,1,1.404651397809336
drv_0046,109.31727932030606,910.9773276692172,6.066751808233625,101.45183399781477,0.8719655642778066,2.339624918490368,1,1,2.119888083258775
drv_0046,57.58816725119286,479.9013937599405,8.882430516283216,18.93492314521684,0.748334506439076,2.5102087918090117,1,1,1.5880827417412653
drv_0046,744.462861460302,6203.85717883585,9.133867244005632,3.7638359980303777,0.869752890261163,4.490237888266962,0,0,
drv_0046,30.503892192633135,254.19910160527616,1.8891350552555641,0.3507606476552529,0.7576551324090643,4.987812121616609,1,1,7.856307871583892
drv_0046,269.7095617936307,2247.5796816135894,9.390673042027863,6.385992647682966,0.8912602758458456,2.5700964256035403,3,1,2.138642424049046
drv_0046,72.57059001950756,604.7549168292297,9.216934598268915,26.06271688594045,0.8087737766656552,2.4639282281883395,1,1,1.1309963509639236
drv_0046,315.2655728005737,2627.213106671448,9.141909017425764,1.0623461975524924,0.8500917516090942,2.261339597464353,2,1,3.230190705835561
drv_0046,400.76805888386895,3339.7338240322415,3.0814726253891154,73.17563341275552,0.8434367242910763,4.4448413361553865,2,0,
drv_0046,1632.3322145381824,13602.768454484854,6.885222569071887,53.890990970729845,0.838091791023588,2.0,0,0,
drv_0046,125.32557383881493,1044.3797819901245,1.7139728256032927,13.41744208990662,0.7466373511118265,2.320027100969072,2,0,
drv_0046,420.2640841017886,3502.2007008482387,6.265262714760573,18.483201770418365,0.7437358641818722,3.288033494526234,0,1,1.0932446761497778
drv_0046,595.4348858344196,4961.957381953497,9.61481455417064,17.24682296085682,0.8756401511957683,2.0,2,0,
drv_0047,235.69377655435324,1964.1148046196104,6.647994407086063,6.136254052109043,0.7909715412529363,11.765113008951477,1,1,12.021187288092932
drv_0047,226.7902211051844,1889.91850920987,5.074921696934008,68.16331899495445,0.7340083955783311,10.529046140197657,2,1,8.751032614973244
drv_0047,650.5162227033799,5420.9685225281655,0.2766850709495994,12.498599744032099,0.6652786128199857,10.119180286491197,1,0,
drv_0047,180.7481335867937,1506.2344465566143,0.17013967883021786,16.130485829307066,0.7283754634954517,8.870431779873748,0,0,
drv_0047,171.0188162603976,1425.1568021699802,9.50506160686656,15.643170243965091,0.7334036652906043,10.593316465241573,2,1,9.079786290583328
drv_0047,473.1786356703401,3943.1552972528343,7.246889158089336,7.56939559442264,0.6974140617437596,10.2675786280303,1,1,8.128314141608215
drv_0047,247.1011426593018,2059.176188827515,8.625887482099891,49.458417899719734,0.6762684155939149,8.697424882139423,1,1,8.856985040094202
drv_0047,190.27416212979523,1585.6180177482936,8.956486533930567,53.944725553679376,0.6774881932742678,8.14508345929729,3,0,
drv_0047,417.06998589799696,3475.5832158166418,3.810295540121863,14.436975145721178,0.7197564404932528,11.718666930915038,1,0,
drv_0047,166.7511172805059,1389.5926440042158,9.425983507435559,2.716400872276667,0.8133096859875114,9.898499440905073,1,0,
drv_0047,56.894425073471425,474.1202089455952,2.898699275205736,89.06350463952874,0.6332514805514621,10.32865591268418,0,0,
drv_0047,355.15799509551437,2959.649959129287,5.416177570138884,8.341345374695608,0.6647334557714608,8.745737935665488,1,1,11.356437271868256
drv_0047,1599.8188867521021,13331.824056267518,7.748627216262831,57.558439748316516,0.7878143479315406,9.764343699563938,0,1,7.860213745728418
drv_0047,168.2123718248968,1401.7697652074735,7.870606601949946,47.46813797918747,0.762743795158676,8.486722905556986,1,1,7.683387279281243
drv_0047,1321.191088922457,11009.925741020477,6.476919194577294,39.80300884472592,0.7106739007147145,11.266856071980358,3,0,
drv_0047,114.98636463499457,958.2197052916215,2.3545671008934557,96.90229053522955,0.7376475814164717,11.229160470518721,0,0,
drv_0047,44.833129999271726,373.60941666059773,4.5950471502286625,10.835507177774993,0.6871653761699035,10.81028873828578,0,1,10.681579174707771
drv_0047,140.09374413531478,1167.44786779429,9.037938931577617,33.79754245352534,0.6246591869495546,10.605299106835469,0,1,8.695138925520133
drv_0047,631.2959697558338,5260.799747965282,1.966941630503326,33.7245127112847,0.7174016985510073,3.899236566442477,3,0,
drv_0047,159.61962596338188,1330.163549694849,2.998317210211411,7.0147927986851135,0.7330835292223737,12.236955861582008,0,1,11.899617387393526
drv_0047,94.24242543504995,785.353545292083,6.912181518451273,37.85943421916223,0.6269670129253799,9.152337783919531,0,1,8.608680810187678
drv_0047,243.9364444932481,2032.803704110401,6.813078663978552,16.830650787778318,0.7551471057593115,10.03994285626821,1,0,
drv_0047,575.0963595791653,4792.469663159712,2.2185128165788672,143.72307509453904,0.7322708597787696,10.670520078747124,1,0,
drv_0047,589.5617653007571,4913.014710839643,6.00828610637289,55.38450230004919,0.7180999250718679,10.146380789971749,2,0,
drv_0047,371.8668240939252,3098.89020078271,0.5277873172404046,35.728266714228795,0.6532597227412279,10.09984289202617,1,1,10.696466457400517
drv_0047,306.2898980299737,2552.4158169164475,2.7442976842458346,99.35811223663364,0.7219997663561969,9.539840572101014,1,1,10.610331985062096
drv_0047,360.0519883468049,3000.433236223374,7.859805246879991,17.665337887916785,0.7303016657790253,9.894810639633135,1,1,9.78541174321572
drv_0047,24.0,200.0,8.848542766751365,33.03759700786516,0.747647459873552,10.68552622905672,1,1,9.402081260568533
drv_0047,46.839694404103604,390.33078670086337,1.607708674515077,32.88869328739053,0.6735488552078176,8.713999832352275,3,1,6.239399311917524
drv_0047,48.603184208745596,405.02653507288,0.8112803146655301,27.30737259817755,0.7084282521422038,7.539092489229533,2,1,11.408759102544037
drv_0047,1416.1043508171251,11800.86959014271,8.130723530825316,30.40629789494856,0.7218315143030382,12.761426838984455,5,1,12.358343826329756
drv_0047,24.0,200.0,9.96920402491235,22.708005167754887,0.7440731526790894,9.736324262375103,0,1,10.63751486799788
drv_0047,355.8101978702505,2965.0849822520877,3.815879896409704,39.15718219314911,0.7748577046925353,11.946467036330013,0,1,13.562566054385766
drv_0047,26.408339601444137,220.06949667870114,8.558786033838393,9.341333269670809,0.6352674722014564,12.342760739618564,0,0,
drv_0047,24.0,200.0,9.773386911065444,121.49301930708974,0.7803647416049051,7.56128119310869,3,1,6.8249687920180975
drv_0047,347.08582812145096,2892.3819010120915,0.14405009459029006,8.119987832830885,0.6187598654336857,12.08312046704995,1,1,12.107765540607515
drv_0047,946.1149254117797,7884.291045098165,0.18955659284765392,7.218902217213648,0.7901372829281702,14.774250043840055,0,0,
drv_0047,57.32581185312597,477.7150987760498,0.8444938982997863,55.73701944093663,0.7435512626283606,10.057965861168695,0,1,8.310414353678382
drv_0047,424.34737501675096,3536.2281251395916,1.32799231985681,108.2464498281745,0.6710779880316803,4.221644226307097,3,1,5.542095966576782
drv_0047,51.37801213599086,428.1501011332572,5.807905519043107,10.711351708178116,0.6522507382647565,9.626356811422411,2,0,
drv_0048,76.81201335013562,640.1001112511302,7.804109687955293,2.8407871953160067,0.6381830146542067,16.07288680211868,0,1,14.858318641718851
drv_0048,24.0,200.0,7.556314552279657,82.11406175142258,0.5575065122736943,10.6001651119634,3,1,11.405118634092041
drv_0048,225.24805383532566,1877.0671152943808,6.113026896850374,21.399821260686025,0.6362223573412503,14.245077534820483,1,1,14.143995827712416
drv_0048,1198.5740630735436,9988.117192279531,9.617600064836394,37.644205337829185,0.5672360200646318,13.749492654104651,1,0,
drv_0048,372.5584079591655,3104.6533996597127,0.9453595823140459,18.94926363864122,0.6028038875195032,15.774952547809857,0,1,13.914259093569058
drv_0048,145.20200006844453,1210.0166672370378,9.719997749972164,14.665486293719145,0.6490595918682736,12.566819032905515,0,0,
drv_0048,697.6378707206471,5813.64892267206,9.988976746103077,68.00507222699308,0.6098510738269947,9.21027327825035,1,0,
drv_0048,84.46956755062635,703.9130629218863,3.8914806672319404,9.807216014238373,0.581456536979149,12.88921784682642,1,0,
drv_0048,41.913634972700734,349.2802914391728,1.0521432615654502,20.06546672747204,0.6106609488028254,11.281413926452627,1,0,
drv_0048,185.10623218565848,1542.5519348804876,9.034851482320152,35.9432833280168,0.6058437162784037,12.651907629943251,2,0,
drv_0048,306.2195027217511,2551.829189347926,1.3819665382024282,39.418132607999745,0.6248899930882955,14.458675611311438,1,0,
drv_0048,65.49922012841803,545.8268344034836,1.671271199776302,10.526408374747868,0.5486637720673028,10.91347806513274,0,1,11.123906322672834
drv_0048,276.8799080367991,2307.3325669733263,0.154928489978563,51.82179565636388,0.5100255855345306,12.397990246395718,0,1,11.957108090213378
drv_0048,65.7711025454404,548.0925212120034,9.3904989022918,19.704402034957884,0.6066199244865302,12.882275991568045,4,0,
drv_0048,74.67560481100267,622.2967067583556,6.57809467661882,32.43127440898188,0.5583055636484465,9.13432626497211,3,0,
drv_0048,399.50793939358715,3329.232828279893,4.550803981236372,21.082332305755006,0.5590938505580205,13.719253047611504,2,0,
drv_0048,499.68494711191386,4164.041225932616,9.436074162201344,24.90773469556098,0.5641239060919013,10.548849167078577,0,0,
drv_0048,765.3649676277928,6378.041396898274,0.16966262547933542,64.67065145459325,0.593469869913417,12.089409316433581,0,0,
drv_0048,1059.9448064952276,8832.873387460231,2.5855770337455874,1.533189223288642,0.6261526152672015,14.514773319495488,2,0,
drv_0048,359.8732069045664,2998.9433908713872,9.48607690270665,13.436407284901861,0.5720450106471422,12.689787731462113,2,0,
drv_0048,902.8758430979819,7523.96535914985,7.674218202792524,0.2771782752470168,0.6457439379648662,11.795849346123843,0,0,
drv_0048,1452.0979289400955,12100.816074500797,9.39946736015658,6.781274908289759,0.6126137485271083,10.279380804686014,3,0,
drv_0048,105.77497316756728,881.4581097297274,2.957277200489039,19.48526384097354,0.5904769654774822,12.185707021324095,0,1,11.565147050643946
drv_0048,24.0,200.0,6.972814708970992,50.753383825197474,0.5462310236761175,8.934312061868555,0,0,
drv_0048,370.1717693023269,3084.7647441860577,4.845078088614358,30.944083440424087,0.6328095352398345,10.3371683182922,2,0,
drv_0048,321.2391812058393,2676.993176715328,0.2454686469649192,13.358591400436836,0.6906310981451936,9.338506849183297,1,0,
drv_0048,26.57104421485878,221.4253684571565,9.289146779988863,44.62366581328715,0.6500765493399498,9.590928392238354,1,0,
drv_0048,24.0,200.0,3.0836537330205283,21.333493785659737,0.5710981459403145,9.786962795003372,4,0,
drv_0048,445.5063244069005,3712.5527033908375,6.396116631849211,38.46857292149339,0.6053621476202339,11.252366444755005,1,0,
drv_0048,278.2072890568069,2318.3940754733912,2.7875722721471075,52.49630141745656,0.5393437734942766,14.243191872526284,0,0,
drv_0048,116.66549770099552,972.2124808416294,4.1568722021731705,0.3197751042359603,0.724274006509573,12.371771714752608,1,0,
drv_0048,543.8570634002348,4532.142195001957,0.651095089783148,26.430553471577703,0.5509490652457234,8.172973666021734,0,1,5.908802113628439
drv_0048,1962.5862612370545,16354.885510308788,6.808681199806442,63.069383827316386,0.5522893321930832,10.563459152286873,2,0,
drv_0048,25.701659756039692,214.18049796699745,6.936562333652086,2.59661864368419,0.6044826834500853,12.589555092507648,1,1,14.765123570701036
drv_0048,59.86114890499817,498.8429075416514,5.976518447018098,0.7040253122945777,0.5582902032781789,11.786992188713883,1,0,
drv_0048,352.61983985919414,2938.4986654932845,9.470965322723252,52.86773588234731,0.5909862354846024,14.063522302958203,0,0,
drv_0048,62.1567254501966,517.9727120849717,0.3180034042391833,3.698864283870411,0.5896895672107376,12.225490144069658,1,1,12.31361713360664
drv_0048,36.57164018497614,304.7636682081345,0.8768608110130882,22.528594445572317,0.5596159521905724,15.845951186237901,0,1,17.33180886073773
drv_0048,24.0,200.0,1.4404013231662438,10.51484624879113,0.5842171576568629,11.205588271387864,1,0,
drv_0048,506.4208444151673,4220.173703459728,0.2675489680202858,8.173753492503142,0.5494547600841885,8.908292447531284,3,0,
drv_0049,243.0450115278102,2025.3750960650852,7.261416083699343,21.278863250280114,0.42857214616556827,16.32490325273379,1,0,
drv_0049,71.36097852457853,594.6748210381544,4.87738189945083,106.1847350160452,0.42583485553286077,17.185915820863954,2,1,18.668790816361717
drv_0049,2400.0,20000.0,5.097221100731976,82.58339492894976,0.3742936128666227,11.976212437410709,1,0,
drv_0049,346.11051835795377,2884.254319649615,7.812698040908632,39.72316433603362,0.529025574573534,13.975966135022098,2,0,
drv_0049,375.9556823718729,3132.9640197656076,6.713878410183432,16.259930911095758,0.35371238825006834,15.823738953213924,2,0,
drv_0049,24.0,200.0,8.705696290965365,3.890810871257364,0.47468265661094167,12.496988515845072,0,0,
drv_0049,339.3229455941437,2827.691213284531,5.180716944077588,15.895629931948445,0.5259081027296032,10.75278175323583,1,0,
drv_0049,851.6079763798962,7096.733136499135,7.631683373820252,19.40566966110264,0.39669991791772075,9.798334150362898,2,0,
drv_0049,211.63744925191165,1763.6454104325971,5.6080771020630396,17.389056204287833,0.45836975487490167,14.262369045297568,1,0,
drv_0049,24.0,200.0,6.999686730325001,18.522101682379727,0.3687841898037801,15.876059011366198,3,1,16.084704121158982
drv_0049,411.9295102664958,3432.7459188874655,7.944676008954929,5.0562628063250195,0.3383801868743541,11.524264845037221,1,0,
drv_0049,33.436863124631834,278.64052603859864,8.021886243751833,2.1613508491615576,0.4528652254139706,10.265550443388403,4,0,
drv_0049,1015.9366188251962,8466.138490209969,4.8398527594826115,31.850364935655364,0.43077248321343325,13.47049164537303,0,0,
drv_0049,845.5002127070255,7045.83510589188,5.570598923529555,30.970139956989343,0.3844831586617682,11.73612292277905,1,0,
drv_0049,36.32944295906245,302.7453579921871,3.4830309706291107,17.445515660065823,0.49529669095273143,12.439976110254165,0,0,
drv_0049,131.23493856781081,1093.6244880650902,9.241780405178309,52.50696420545853,0.3725029959392092,14.959982860741148,0,0,
drv_0049,623.7487018685699,5197.905848904749,9.599600222165046,25.252559057904246,0.5232438481112185,14.318836107839138,2,0,
drv_0049,167.6444850433375,1397.0373753611461,1.9424666066746,0.24802027773419844,0.4651317139531578,17.405323557829526,1,1,16.362739760205823
drv_0049,58.26985080431825,485.58209003598546,8.015719633919943,39.45706150781612,0.5668429229656546,12.892637340631559,0,0,
drv_0049,547.0903185162401,4559.085987635335,2.833051292348024,6.0030428893635515,0.5041279948128445,16.26863612486025,3,0,
drv_0049,493.1771763174509,4109.8098026454245,8.648790377904225,45.74888214447238,0.5055027656121382,17.742475486823224,1,0,
drv_0049,78.11060510001433,650.9217091667861,5.5826161629341895,25.33241976712774,0.36761690010318154,12.538918096900186,2,0,
drv_0049,480.62323459206755,4005.1936216005633,9.09194813265262,1.9645891598570966,0.5420459543186736,11.232484345171478,4,0,
drv_0049,288.8426423087534,2407.022019239612,7.496286103055492,3.7744095466651744,0.35943126153212235,14.29052544433993,1,1,13.234462609935614
drv_0049,142.3888489007098,1186.5737408392486,3.5954460526014262,8.047343031988639,0.48490063600078437,16.124176285122356,1,0,
drv_0049,87.3249938291223,727.7082819093526,6.576148703721386,0.9361194818335552,0.4351343605916337,15.494015951919788,3,0,
drv_0049,199.2755924796922,1660.6299373307684,6.229120472652862,48.936706670348954,0.3899913230396881,16.53469119213788,2,1,18.35941729091259
drv_0049,738.4439734171165,6153.6997784759715,4.080528975208063,6.515672435959446,0.3740116928002553,17.046936014825448,2,0,
drv_0049,455.6330721402136,3796.9422678351134,6.183612396936117,24.483813628891898,0.41582150119543154,14.770397926645995,1,0,
drv_0049,1047.8013329480245,8731.677774566871,9.570831929956352,28.305649663221082,0.4372758117973517,13.622364815561912,2,1,14.040061806425902
drv_0049,111.92540252757583,932.7116877297987,4.5535171154694485,3.853591044044283,0.430130412414579,15.88474665219164,1,0,
drv_0049,109.9940913442693,916.6174278689108,1.4059641954255464,46.06247280999885,0.38722052523242073,13.23582412059511,3,1,12.06631548874956
drv_0049,392.7799503822568,3273.1662531854736,6.005589281452528,5.75390197196733,0.5207185118176062,12.62178194346136,3,0,
drv_0049,24.0,200.0,5.120416526345652,59.76004591117622,0.45309040218110236,14.23605939068363,1,0,
drv_0049,390.8628339577277,3257.1902829810642,2.5526988230814984,30.171123023645105,0.3885699304850938,14.301076297395449,2,0,
drv_0049,395.8854325066263,3299.0452708885523,4.649774238170837,69.55081444570446,0.3691246245522761,12.767019680949657,2,0,
drv_0049,24.0,200.0,1.0095368646239378,60.10713154050448,0.4827396888876543,13.621361854674824,6,0,
drv_0049,311.68365320202906,2597.363776683576,7.095023688868601,6.581913945640424,0.3942422865075398,11.946579013684037,2,0,
drv_0049,143.65239572547387,1197.1032977122823,8.71878783365018,1.5349536304928795,0.42962100313295276,12.956781373242627,3,1,10.864232936575755
drv_0049,271.35976703642194,2261.331391970183,0.6952937532022752,63.6301781843762,0.42644060879541906,12.460255654940482,1,0,
drv_0050,116.56016857661426,971.3347381384523,0.2430844437207258,26.80490220860696,0.7966889568112038,7.083595200171315,1,0,
drv_0050,1082.5217521820832,9021.014601517361,9.054053315789027,61.30123759088611,0.8521708607691832,7.792094754520876,3,1,11.165929520428671
drv_0050,182.0781858667875,1517.3182155565626,7.164807489611454,2.217456207510593,0.861830909335539,6.36351567101171,0,1,7.357262171092666
drv_0050,59.08185831320391,492.34881927669926,1.6582967907312507,111.14068639245518,0.8680680346185919,6.070280460164109,1,1,9.066951616388819
drv_0050,958.2517954140153,7985.431628450128,2.696520806891102,9.991873051778306,0.8247016911181831,8.596977708627692,0,1,6.814001234241304
drv_0050,176.09287684266818,1467.4406403555683,8.978528628356875,36.799497333460955,0.8266362163230152,6.398900714433808,2,1,5.628347323768038
drv_0050,84.85814534368588,707.1512111973824,1.442620626094142,42.26381422259614,0.8640831776323551,9.466850153305325,2,1,9.610594940398803
drv_0050,33.88406304848921,282.36719207074344,5.125327360232692,5.759240599441865,0.8314725218597686,6.679932096449826,0,1,6.9181955688257855
drv_0050,112.65794518384308,938.816209865359,9.343472854115813,41.158604011687764,0.8869826224599637,6.753485681463431,0,1,7.924209564849231
drv_0050,649.1046913097491,5409.205760914576,6.66847153712258,24.57331553081784,0.7410904966116475,8.256900923252736,0,0,
drv_0050,699.0349930061295,5825.291608384413,2.1478158930599243,9.396998980248455,0.8510208288042959,7.031286563758087,2,0,
drv_0050,593.0450927121839,4942.042439268199,4.661572186119152,64.93326330822951,0.8755682643656753,6.493786359693555,2,1,6.3639565066633415
drv_0050,111.84303277628635,932.0252731357197,0.27743284390022827,7.18657785921384,0.886685611135969,8.55437744102135,1,0,
drv_0050,240.1928182657137,2001.6068188809477,7.375047632563776,12.374569216871873,0.8854170515891584,9.167561908735115,3,1,8.442981883235227
drv_0050,973.1865326427061,8109.887772022551,3.344176906266246,49.50703491156892,0.9432767570956149,7.524880322123982,1,1,8.106734747084804
drv_0050,60.18807080541048,501.56725671175406,5.264453031877629,56.716794465326956,0.8364612928085303,11.259558395939488,2,1,12.124439008751562
drv_0050,200.30238304440732,1669.1865253700612,0.22865780017150894,9.94731222244768,0.8440037631978373,7.462208690436787,2,1,8.199019853964602
drv_0050,645.5949062436074,5379.957552030062,5.45496721727098,36.474057884875634,0.96726126425033,10.060898310330106,0,1,10.446592248922002
drv_0050,707.2921758070198,5894.101465058498,1.8415824924452007,7.833627919504787,0.9122681153128097,8.649690343591868,0,1,6.935563581928838
drv_0050,337.77623343924995,2814.801945327083,4.393325782339592,8.038461591826945,0.8447557480922057,7.37545639493146,0,1,6.0677422064821895
drv_0050,24.0,200.0,2.8670893304158476,23.407081821787443,0.9098675047277422,9.087758522958634,3,0,
drv_0050,409.4349061564805,3411.9575513040045,4.695465978675789,1.0749852657816383,0.7608612630270031,6.201679641578772,4,1,7.17947556094991
drv_0050,393.2307560931293,3276.9229674427443,8.297520986112977,46.516479948642235,0.9015807200162854,6.43267513280701,0,1,6.6345023413386
drv_0050,277.7597361103664,2314.664467586387,5.013954478386338,62.553995402331914,0.8986561904804763,8.441323644613417,3,1,9.074081442995094
drv_0050,213.8662955426278,1782.2191295218984,4.379368294511221,25.465387491666178,0.8992624469609222,5.928746899740073,2,1,3.9518132684464753
drv_0050,246.54313432323184,2054.5261193602655,2.8666198298790544,58.120772601659716,0.9129145711341627,9.258607295403571,2,0,
drv_0050,817.1764362570896,6809.803635475747,8.434330472571789,50.59881904681113,0.8514158450382524,3.4283882494035387,1,1,4.221367218177903
drv_0050,648.334539531253,5402.787829427109,8.19517105126345,103.4712357909682,0.98,9.072514929250028,3,0,
drv_0050,393.77924141450615,3281.4936784542183,2.3437957014085264,46.78135459533386,0.9446636939282009,8.385346541834334,4,1,11.285772177253543
drv_0050,24.69237288548377,205.7697740456981,0.2838104967922894,25.694862475821814,0.8479610501374932,8.41856740234516,3,1,7.249407528635939
drv_0050,578.9795373419896,4824.829477849914,6.351184551564442,5.0679822412668525,0.7899564196624868,7.506893208498971,2,0,
drv_0050,94.37665534411146,786.4721278675955,4.7311003128606375,10.613093487840585,0.8556939388576801,8.679823272835108,0,1,10.441449971558912
drv_0050,233.85392242572678,1948.7826868810566,8.319744483768417,18.0569674740086,0.9128227424250486,8.950905822571883,1,1,8.897185655074235
drv_0050,267.853082045673,2232.109017047275,4.913309135791174,57.16626036454166,0.8250950840952385,6.992115366939702,2,1,7.065277425088454
drv_0050,541.6891246624738,4514.076038853948,7.621205095311284,54.61636549395665,0.9217307894660872,7.505633796059349,1,0,
drv_0050,566.9520183261477,4724.600152717898,9.050737325432515,5.70660447674623,0.8575381791785751,5.076287533604235,2,1,8.251204448762907
drv_0050,24.0,200.0,0.19366304967281645,33.440928853438194,0.9399368887680023,8.50323067290438,2,1,9.147513119974446
drv_0050,128.15646140781828,1067.9705117318192,4.446365318811306,28.598284098076434,0.8896798933875177,6.628419651300431,1,1,4.816730243260819
drv_0050,2053.1400769742777,17109.500641452316,7.882786996314518,20.931266175993855,0.8394498691158794,7.234468199428368,1,1,4.993437281891703
drv_0050,149.9377367003915,1249.4811391699293,7.202784610209109,51.941860418743566,0.8398560664155202,5.034977343098534,4,1,5.277092373322004
drv_0051,598.8016316488458,4990.013597073716,0.7884756403055226,0.7235354079038493,0.6819686895448606,6.683811969366506,1,0,
drv_0051,1094.0716364135644,9117.263636779704,7.466434287938616,15.444734555668479,0.660639468683484,5.3296988513190655,4,0,
drv_0051,37.40030827556577,311.66923562971476,1.5201978567719276,18.126827421726002,0.7360536656115011,8.720733220997332,0,1,7.962728314472093
drv_0051,384.827807922033,3206.898399350275,7.457463635931914,12.183224482830987,0.7117154940558246,8.341709697523067,1,1,6.873581058480468
drv_0051,58.64705406237548,488.7254505197957,1.4455519778297676,16.367490812861153,0.6910714401611304,8.852995015295951,1,1,6.851650083895106
drv_0051,938.7330479718449,7822.775399765375,5.149355839384348,101.3953449281321,0.7106461345675129,7.575150230738369,2,0,
drv_0051,863.0907108389652,7192.42259032471,7.623184771445652,37.62307032427992,0.6681907622533335,4.8929710924832595,1,0,
drv_0051,375.21840174552716,3126.82001454606,7.237941657409291,39.82808641042811,0.7419394725296751,7.848787042799132,6,0,
drv_0051,39.459592233468726,328.8299352789061,4.535184426738949,9.920047509994548,0.716007400177746,5.218652603501859,0,1,5.50965760037619
drv_0051,561.9266691203115,4682.722242669263,7.653383801945348,50.60753107014587,0.7402577312620765,6.514452819905386,1,1,7.838298190011892
drv_0051,32.07707853458604,267.30898778821705,0.8824139426338107,7.355893854189093,0.6827800996005254,8.111484055037842,3,1,7.276542941968463
drv_0051,296.498087335316,2470.8173944609666,9.25601670218639,6.295543225116161,0.7090444597978673,7.83018537788258,1,1,8.21400679557738
drv_0051,489.4362549928975,4078.635458274146,6.31473782057936,51.126511779439795,0.746328762357731,8.37378333028376,1,1,9.655825417106657
drv_0051,313.75057699132464,2614.5881415943722,0.7570479309134448,16.533999504550085,0.7103350997849424,6.5613059046874245,1,1,3.861593464166828
drv_0051,359.14821608686896,2992.9018007239083,3.386308177181563,134.37812363902358,0.7262782320571322,6.803932207005288,0,1,4.796207145999757
drv_0051,632.0470638055043,5267.058865045869,1.7078213048451996,33.2655555074255,0.7461889561736205,6.495750392973743,0,0,
drv_0051,145.75234497746388,1214.6028748121992,2.427925120565485,38.994599974908844,0.7054238875759214,6.027550556518992,3,0,
drv_0051,539.3386692049492,4494.488910041243,3.227561704564641,45.72911985115448,0.6602787191806925,8.202179318399612,1,0,
drv_0051,2332.0697262103713,19433.914385086428,0.7676642439542847,5.995508155788965,0.6881833259107206,7.758130539529244,2,0,
drv_0051,787.6960468236944,6564.1337235307865,9.314764119368213,10.963748077310933,0.7215374996005134,8.04195674783208,2,1,9.077548138552581
drv_0051,228.13286078616514,1901.107173218043,3.566116207771355,12.35163357275152,0.7352800090880486,8.418364016504006,2,1,10.458808574523163
drv_0051,160.2773256814198,1335.6443806784985,9.765525318940464,5.289326216077434,0.7707120782523844,8.702904632656763,2,1,9.548477308088449
drv_0051,405.5764529605092,3379.80377467091,4.1265569268324835,6.13026938905048,0.6944219843807156,5.208088204093311,2,0,
drv_0051,203.1728354133912,1693.10696177826,9.226926908828844,10.911816454060707,0.6820818627839916,5.092384045117491,1,0,
drv_0051,730.7326142439503,6089.4384520329195,7.086945103877999,4.636859443943469,0.664651833988861,13.051792246504466,5,0,
drv_0051,24.0,200.0,8.71993530650559,0.6060316795085746,0.7442968238227413,5.493585839494439,3,1,5.8719663518310075
drv_0051,264.1718824885914,2201.432354071595,9.970080904772178,50.933844529904206,0.7505308790920538,9.164464874854689,2,1,9.125519086776173
drv_0051,189.21548521525565,1576.7957101271306,4.895023201578454,33.25707000634936,0.6767241569708751,7.133920172801703,0,1,9.195614797221292
drv_0051,153.4068986443387,1278.390822036156,4.295662533215049,15.693201558269742,0.662451209412505,9.832316271972482,1,1,8.373594323880319
drv_0051,125.11570654343527,1042.6308878619607,8.358518146081682,12.37159909036707,0.7690230344196523,4.887885180304896,4,1,4.069966047229924
drv_0051,245.51023548832578,2045.9186290693815,3.0117366491731246,6.00617872183631,0.6592082498383097,8.646006258387647,2,0,
drv_0051,86.01743114948758,716.8119262457299,3.129845796452928,2.9840745481357507,0.78342802521266,9.215873265424289,2,1,9.061436066836848
drv_0051,885.7230405506568,7381.025337922141,3.2111358672679446,28.572700531292217,0.73199482264403,6.403144321473361,1,0,
drv_0051,306.39267718139223,2553.2723098449355,4.359903445678407,7.6113367418400655,0.7186185250594352,8.078414069291238,3,1,7.939996932211427
drv_0051,216.4216847049973,1803.5140392083108,7.37825570161688,55.48479205625439,0.7849494121285155,7.032652352559801,2,0,
drv_0051,60.75262076433315,506.2718397027763,1.179879437583351,15.313098509679346,0.7273851841796901,8.844894713224548,0,1,9.992868097486472
drv_0051,241.88562149219868,2015.713512434989,6.190073694654527,18.979691867263835,0.6829826421735512,9.847281204276902,2,0,
drv_0051,24.0,200.0,7.225515205478872,29.170642910021346,0.6970341672817287,4.219911259488146,0,0,
drv_0051,814.5722378727814,6788.10198227318,8.41135006936054,15.683632950878104,0.7618059071211398,10.74428075976781,2,0,
drv_0051,301.0925089769186,2509.104241474322,8.736285827603151,7.4478472709813675,0.747354701134384,9.540180345683785,1,1,7.491833806693702
drv_0052,794.8100527415066,6623.417106179222,4.8801455223902614,10.049294562917456,0.5865828156904954,11.818608669466126,1,0,
drv_0052,374.6516220393331,3122.0968503277763,4.81252860091595,35.325815774720304,0.6365797545059897,10.514659890513505,0,0,
drv_0052,427.41651864161435,3561.804322013453,3.2942841634254405,39.6859480795771,0.6877415116239338,8.83717546266129,1,1,5.929024064493028
drv_0052,98.8605194851041,823.8376623758676,3.2517515088431748,7.04561366853301,0.6622496344995422,11.3935152309314,1,0,
drv_0052,693.1982798791488,5776.652332326241,0.6825379274863741,9.561083828008815,0.6462335918605507,13.512009905472995,2,0,
drv_0052,1657.2352853920477,13810.294044933731,2.0550373725566184,24.497814803125742,0.6304285887678687,11.989992390240678,2,0,
drv_0052,119.48519972953744,995.7099977461454,1.7986951869805068,23.77525803296523,0.7065986822473663,8.118344822768076,3,1,7.876739931199891
drv_0052,1184.3593631654255,9869.66135971188,0.45507252078743066,10.839525252975163,0.5389078032213019,10.430061901909186,1,0,
drv_0052,541.9012381491358,4515.843651242799,3.975434927736612,3.5259644533573438,0.5983032243285183,12.111059230104978,1,0,
drv_0052,645.4158045681648,5378.4650380680405,4.657386303820406,14.087338919575858,0.5978959528101981,13.293991287520495,1,0,
drv_0052,456.27321638461865,3802.276803205156,8.340104550400106,5.4634981263301885,0.5388365801824888,15.786587710785472,1,1,15.045667575854772
drv_0052,24.0,200.0,0.4051067475785053,51.140563843379866,0.5595908892727618,9.141680876911215,1,1,11.08354102056482
drv_0052,177.94094304609212,1482.8411920507676,5.635616559208332,19.155965599926986,0.6186837764400857,7.654678230046818,1,0,
drv_0052,323.2087175807591,2693.4059798396597,1.0753580562601794,0.6693628277919886,0.6724374639393643,14.141713073453996,3,0,
drv_0052,417.92095646170156,3482.6746371808467,4.402579438164982,79.13476874671963,0.6837823418151127,10.914127764073495,0,0,
drv_0052,699.0142726346675,5825.1189386222295,0.9758585222833971,36.04339755014406,0.5615483145960443,13.22461446946078,1,0,
drv_0052,448.31223792741366,3735.9353160617807,6.016271132481709,12.499436284363867,0.570561093950889,12.652585546014446,1,0,
drv_0052,359.69183215321044,2997.4319346100874,8.914100266188214,6.843637101202828,0.6822015104792588,10.867853303909586,0,1,8.44087941077538
drv_0052,83.9328717055161,699.4405975459676,7.915362518931342,108.79133120469008,0.6750120543118053,10.405629665391201,3,0,
drv_0052,179.28259166598403,1494.0215972165336,1.6827372956908804,23.679022455607434,0.6475451386983477,11.781646801603676,1,0,
drv_0052,154.34962128600648,1286.246844050054,9.828246561067086,41.65852657545251,0.7336254065107424,13.161807411301455,1,0,
drv_0052,357.47470645598366,2978.9558871331974,7.789023779494137,16.305876293930403,0.7417542539967352,12.215490743817265,0,0,
drv_0052,245.4862167032704,2045.7184725272534,5.866725634799257,50.60522104414816,0.6629959808161943,16.421897210380784,1,0,
drv_0052,528.8020744605816,4406.68395383818,0.34105383538561074,14.103382186362362,0.6335466650973051,12.935678432411045,2,0,
drv_0052,29.238075101527574,243.65062584606312,5.600536807360674,1.710441757459324,0.6639034197789753,14.318221522880577,1,1,13.853045371305157
drv_0052,36.233697470551945,301.9474789212662,0.5572546400383915,17.461957168199625,0.6983266162378969,12.116390495374233,2,1,13.72741715014196
drv_0052,199.0295352761865,1658.5794606348875,8.842660006193256,26.22705655956958,0.6628467292772554,12.168350055936568,1,1,12.27906918548499
drv_0052,241.05373493384533,2008.7811244487114,5.222505129989171,18.915421184447897,0.6280980450853739,12.419042882136473,1,1,12.614577096461959
drv_0052,310.1784073587315,2584.8200613227623,0.7365471958976721,96.9241802638147,0.6786901927705791,13.576399321973776,1,0,
drv_0052,262.9560300679016,2191.300250565847,0.739306864220044,6.177784630962167,0.6081583825225586,9.426082691018706,0,1,10.656511780752856
drv_0052,120.74550721275449,1006.2125601062875,4.500222680489169,32.422983553027386,0.6432878492229583,15.301533749561068,1,0,
drv_0052,233.4786734276342,1945.6556118969518,9.73328122426524,17.202333715734174,0.7071738579724514,8.924972570777202,0,0,
drv_0052,798.494206272906,6654.11838560755,1.0718495552878637,25.736016344435697,0.7185137652780762,11.24821207925057,4,0,
drv_0052,78.18511672506658,651.5426393755548,2.655643929879352,20.503654731440847,0.5614272344609994,10.720703804091569,1,1,7.4229301872297935
drv_0052,303.337024896599,2527.808540804992,1.766531926619448,76.3560175825227,0.5428148498232914,13.013509175649075,1,1,14.39040681063652
drv_0052,525.7053181966575,4380.8776516388125,6.872303462606242,49.868002514758444,0.629474554671546,11.14739892677298,1,0,
drv_0052,278.93818123693876,2324.4848436411567,3.136809930840563,0.20267847264369004,0.6719767519625418,14.148350111326197,1,1,14.601429077157935
drv_0052,130.19101186047808,1084.9250988373174,9.93278404467222,5.567195391343128,0.7879733019391975,11.902157321391607,0,0,
drv_0052,125.16517572724428,1043.043131060369,1.9816826021710054,35.2572453700463,0.7200138192860198,13.035491572813427,4,0,
drv_0052,799.0704415382127,6658.920346151773,8.361027774519155,23.481774972504667,0.6736943238603952,9.83226200424104,3,0,
drv_0053,60.73340483472057,506.11170695600475,5.91771368245,42.504011054344396,0.6465495374945336,14.99956849692265,1,0,
drv_0053,300.3067245761848,2502.5560381348737,2.2815813950463437,16.737325566520884,0.5832349979228907,14.336366570971347,2,1,14.149991650189078
drv_0053,951.7214799695597,7931.012333079665,4.601362785660378,83.25170807252744,0.6308095333779842,10.115359518479202,1,1,8.854633011638036
drv_0053,49.117669311107385,409.3139109258949,6.059135736194202,79.59432596664902,0.5848211387735255,16.147791850594448,1,1,16.3606193800129
drv_0053,43.27138965142585,360.5949137618821,6.852978321813769,10.480074856480615,0.6629449753057757,12.208601757420116,0,1,14.269285834958374
drv_0053,309.1939915801241,2576.616596501034,8.332371298811008,12.525627699838502,0.5889838661997499,11.654343506382691,3,0,
drv_0053,206.91523664963853,1724.2936387469879,6.9644545204221755,55.39990048135915,0.594292594382985,11.053415495805764,2,1,12.931082146173228
drv_0053,907.8728587932392,7565.607156610327,1.9386477254914292,102.10836552810377,0.6168833522675634,12.817766537219208,0,1,11.40658765330699
drv_0053,132.29883450029573,1102.4902875024645,4.840093598378057,9.805090582348928,0.602839494701241,14.30970916613309,3,1,13.822258116887937
drv_0053,330.946846347493,2757.8903862291086,3.893303555741021,3.037735843583194,0.5134580256484085,13.492062034203855,1,1,12.763471679510383
drv_0053,299.7479717566745,2497.899764638954,9.221152739849455,10.273589730881291,0.6254407986413362,10.311307483833136,3,0,
drv_0053,229.98445019993846,1916.5370849994874,4.878787511010065,0.21318674570416452,0.6743773089811728,13.336785814235812,2,1,11.818815216040484
drv_0053,332.52237286429744,2771.0197738691454,2.8744477882594643,10.264786126000507,0.6504646623792529,16.027432743343827,2,1,17.07935704755729
drv_0053,126.4659698570536,1053.8830821421134,6.351138786417838,17.6643902296101,0.6641909864320651,11.133162496040438,2,0,
drv_0053,627.1343663980435,5226.119719983697,2.8458172712503895,52.0454821049476,0.6136901337089431,13.59802501996095,1,1,14.816573099217322
drv_0053,112.65612558911013,938.8010465759178,5.503558339383357,15.979079270530761,0.5710027733434335,15.801141967534539,1,0,
drv_0053,1843.5229544002898,15362.691286669082,8.87924831090552,90.39063221929692,0.6828262554798726,12.768426129229777,3,1,13.922635730365071
drv_0053,919.2349834137779,7660.29152844815,3.9769017992163658,7.543074853148767,0.6414691714234387,14.35283242827987,1,0,
drv_0053,90.01426924124338,750.1189103436949,7.925128196503778,16.75871500187227,0.5194368152398924,6.998474432033485,3,0,
drv_0053,160.68906807061538,1339.0755672551281,4.796593993164987,5.623689708667741,0.5428728123169622,11.562312758462367,3,0,
drv_0053,349.4834019792458,2912.3616831603817,9.844967760375798,31.045627103441486,0.7153775469309215,11.763001152508313,0,1,8.772289211766795
drv_0053,210.22182308633577,1751.848525719465,4.1028646131063775,25.957328762402987,0.6987531968194364,12.065315574881769,1,1,9.778603707580757
drv_0053,430.6223616606314,3588.519680505262,8.716810861504618,51.540296560810084,0.6413610844022473,8.475124815278027,3,1,7.8714672202946065
drv_0053,267.11392929923585,2225.9494108269655,7.36077441321453,4.45758836475404,0.5498400025846746,12.365370134178809,1,1,13.36269186421147
drv_0053,24.0,200.0,0.9217964097782905,88.20228334675284,0.6570528523351038,14.456480753813088,0,1,15.593866595788233
drv_0053,2400.0,20000.0,8.348065502792192,12.730868408838079,0.6713945967862319,14.409768962248787,1,0,
drv_0053,213.46404090411073,1778.8670075342561,7.471448651545809,2.7503594951833117,0.6725428466690856,13.734521953766654,3,0,
drv_0053,31.70568499690686,264.2140416408905,2.4516473106027634,48.67979466219051,0.6717839099702319,14.925671910216499,4,1,14.307984614257974
drv_0053,76.67101966447895,638.9251638706579,9.59023988057083,9.512421580355984,0.6064621610271593,10.753727834739646,1,1,11.825638122938422
drv_0053,685.7818893233733,5714.849077694778,7.574134061844439,8.309853206162039,0.6566193247233787,9.41868631626526,1,1,10.241995269703384
drv_0053,98.0295718097474,816.9130984145617,0.7147545866270821,3.2356177731278524,0.6547706707855119,14.45464096885597,1,1,13.515915939845478
drv_0053,281.89252844570467,2349.1044037142055,8.642958971309106,0.4876288879519953,0.6326530936300635,12.766497718260817,2,1,12.403095978545386
drv_0053,591.8019733066441,4931.683110888701,5.819716558784186,4.800991061652127,0.6560271568178925,8.513199756202141,1,1,11.24455654601025
drv_0053,24.0,200.0,4.458292186274804,25.60166778930604,0.6507289320954401,8.676550488831719,3,0,
drv_0053,372.13120064950294,3101.093338745858,3.0822276431815956,21.226348522983358,0.5943665203634997,11.162118662750729,2,1,12.170195994467326
drv_0053,48.664286285387895,405.53571904489917,9.085971498805428,37.559559290754244,0.5729194016683709,8.779131569832362,0,1,10.802098005786727
drv_0053,351.7091015492858,2930.9091795773816,2.261052242939247,65.33708911209922,0.6158650441235279,12.236376379533182,2,0,
drv_0053,103.05774300952145,858.8145250793455,8.020526814873385,14.291125097252324,0.5644086960494384,9.739583080755848,3,1,11.762235150858668
drv_0053,194.83023268735755,1623.5852723946464,8.875626489561258,93.43500909123519,0.6331439581762724,13.895185678954054,2,0,
drv_0053,78.30232719669108,652.5193933057591,2.758919063736002,4.163149786551434,0.670249207838301,13.112356428425626,0,0,
drv_0054,405.8159504222087,3381.799586851739,8.308837640769799,14.134880862192084,0.3775321917187609,8.227219467192606,3,0,
drv_0054,48.16464067771218,401.3720056476015,7.009136614490056,26.925517318714718,0.3565917927047236,10.108789332343374,1,0,
drv_0054,24.0,200.0,5.490752569102231,10.81425460762385,0.3698878527666252,10.10187151272726,6,0,
drv_0054,291.93289404955283,2432.774117079607,9.951775464672716,17.05306629366403,0.392137140373297,8.90643002416713,2,0,
drv_0054,450.50716963915465,3754.2264136596223,8.023444479343715,43.59755255828748,0.27813841211492507,7.1566691853509665,1,0,
drv_0054,145.63657696580003,1213.638141381667,2.4224582391786798,42.75686739160176,0.3426073422038185,11.030045179986129,2,0,
drv_0054,251.30008051660553,2094.1673376383796,1.5323300628191217,58.668264160716355,0.3062528978563532,8.54088834038347,0,0,
drv_0054,218.17230853151025,1818.1025710959188,5.5922553386507845,3.162891150768357,0.274653779448342,4.074143968819517,0,0,
drv_0054,849.2357461033142,7076.964550860952,4.588230678310228,18.457798352767757,0.38160973718594865,9.100900081352469,2,0,
drv_0054,64.54392187621598,537.8660156351332,4.716703305553104,10.689150983700548,0.24757167141727277,10.52919997080649,2,0,
drv_0054,70.00710433969168,583.3925361640974,2.9903192148873092,129.61979581576347,0.4210985047971523,12.951136536080798,1,1,11.143595827017496
drv_0054,398.7423494235376,3322.8529118628135,4.794221767191781,48.668949808349005,0.43403822182834817,10.677886284585176,3,0,
drv_0054,24.0,200.0,3.3586107320935845,31.43295574137523,0.290594659977221,7.849901236841372,2,0,
drv_0054,280.8363141984652,2340.3026183205434,0.01786139037778689,10.761005355339918,0.38268210765037125,6.518122830512706,1,1,7.900736224061731
drv_0054,212.57849835524638,1771.48748629372,8.799523947621823,54.00974413179943,0.36463068886616173,12.037802553358308,1,0,
drv_0054,1374.2566432300728,11452.13869358394,0.2722800980001183,17.584892521461633,0.3979431738051442,10.379290842572562,1,0,
drv_0054,24.0,200.0,0.4714336014386966,24.513608381136695,0.4255529191017782,9.454571377267174,1,1,8.74546256544597
drv_0054,250.16853736512027,2084.7378113760024,1.9734697703221638,34.15112615266869,0.37188604153947896,7.205083900623639,1,0,
drv_0054,24.0,200.0,8.596456639398873,27.00417814975576,0.4007532317086654,7.6783794561102265,2,0,
drv_0054,396.44428258032247,3303.7023548360207,3.9500911191780452,0.6792966852777786,0.37735107745897933,10.480341901166394,2,0,
drv_0054,291.05325480873904,2425.4437900728253,8.390653444956358,35.41151613409182,0.33883458308917236,9.376155161524318,0,1,8.05852054971548
drv_0054,34.40469090622344,286.70575755186206,6.781395965309819,16.987481521446938,0.2694130259617479,9.919928174832062,0,0,
drv_0054,833.1377440993916,6942.814534161597,0.9367690760449021,58.06364539083147,0.335457545965665,11.446331090082388,1,1,11.058218798567374
drv_0054,1037.1226718098164,8642.688931748471,7.713192859682608,106.18265240843573,0.39716997276245847,9.327314932040236,0,0,
drv_0054,439.274083241209,3660.6173603434086,1.9910211969579794,52.32395085264735,0.39351662320556013,9.48987766355731,0,1,10.29608763594772
drv_0054,139.52723744682257,1162.7269787235214,0.8731011656414667,79.33680863583803,0.35600502880567986,10.621200374558383,1,1,7.183305341040231
drv_0054,987.775212906971,8231.460107558092,3.040965200003898,15.603310565071716,0.29296048337172553,9.737565988498217,1,0,
drv_0054,68.183252973268,568.1937747772333,6.991875156683641,15.767130230663298,0.32922728297010734,7.616213292292782,1,0,
drv_0054,727.3484313737601,6061.236928114668,1.5077987244822966,10.994448793339116,0.4515172011436337,8.711387500628577,1,0,
drv_0054,24.0,200.0,9.566310925523272,20.189826677844103,0.39444726388796636,7.74077004489783,0,0,
drv_0054,367.2093404829411,3060.077837357843,7.687750529965941,16.733883284981776,0.3770756874390217,5.354096160164849,2,0,
drv_0054,93.6011920674323,780.0099338952692,0.7910989750388908,35.54812172350722,0.4235396997389798,11.750768925683827,1,0,
drv_0054,151.3829501737156,1261.5245847809636,9.44886606795227,102.54149835635812,0.4507671481706547,9.902396546883324,0,0,
drv_0054,49.06314643553552,408.8595536294627,8.012108142684763,27.84807912385547,0.3485115803422846,11.188501977744634,0,0,
drv_0054,1076.839168534759,8973.65973778966,6.783091561285363,15.30854262499829,0.3380389502714726,11.459974956818938,1,0,
drv_0054,24.0,200.0,7.417455521614432,1.715676313859456,0.30588135852882564,9.708061392533878,2,0,
drv_0054,84.99675875065,708.3063229220834,7.153568954050615,19.004183991495022,0.39066475662014166,8.392231105236222,1,0,
drv_0054,127.50696991837802,1062.5580826531502,6.26084190832639,13.562010187536673,0.2550077830139181,6.867885956953002,0,0,
drv_0054,24.0,200.0,0.6983228801904018,56.83192595711423,0.33685650740603634,8.48707924023645,0,1,9.431735100065762
drv_0054,26.537350437788447,221.1445869815704,0.7853013690039434,1.8220399609209332,0.2822411117141864,10.072337481112397,3,0,
drv_0055,934.7391070777794,7789.492558981496,2.924530190179272,17.282073471883265,0.7282749956589403,11.866482716841048,1,0,
drv_0055,100.70908771538325,839.2423976281938,0.6269713093305018,15.288958132986028,0.7029975366727815,7.939652521600692,1,0,
drv_0055,72.81327365364731,606.777280447061,6.178662910692903,30.20197581673398,0.5999653067136189,8.503963057609502,2,1,9.11682822124354
drv_0055,695.1974835016634,5793.312362513862,7.738349067863288,20.591717782660204,0.7020293982705339,9.377060140471434,2,1,10.087625528264155
drv_0055,240.89338107946756,2007.4448423288966,0.9770337501795379,82.72338088777049,0.655766181805209,10.084098854359121,1,1,9.346034601554035
drv_0055,162.01062331815587,1350.088527651299,6.377392904212071,18.44285605468196,0.6546879772452066,13.59254925921347,0,1,15.266797972134794
drv_0055,386.45704236432783,3220.4753530360654,1.6781319106475956,7.479763822010282,0.748594600106573,12.403990212500181,0,1,13.39762873423228
drv_0055,70.12551447106307,584.379287258859,5.474582757827607,14.21588815961628,0.7523863628052455,9.651038581554142,2,1,8.235406520706327
drv_0055,123.38944958033215,1028.2454131694346,5.730382260333928,16.79408389752658,0.7249827075659283,11.744149292213608,2,1,11.70380844742715
drv_0055,231.35487959129057,1927.9573299274216,4.1700309380484715,0.3439749806348218,0.7668456108277381,7.795250978597046,3,1,7.252827351287953
drv_0055,93.72283622983078,781.0236352485898,7.338797325034475,65.72943726472802,0.7142171742071144,11.669035657795668,4,0,
drv_0055,255.43472732644966,2128.622727720414,4.86441911971586,81.81417727948573,0.7184366860255846,11.198642180180519,3,1,9.145385017892043
drv_0055,341.97727947798006,2849.810662316501,0.18658551975200055,4.786925542590699,0.6655773544029834,15.120710651712077,1,1,13.668788228165875
drv_0055,980.3910078230216,8169.925065191847,9.847476238625838,55.466099934680315,0.6444569030106496,13.104402366001736,1,0,
drv_0055,24.0,200.0,5.25820258796624,39.675823709260335,0.7035728279818042,11.787337493111789,0,1,8.710394944967986
drv_0055,383.30842715079547,3194.2368929232957,7.403512274765949,15.993529150242313,0.7146756279451006,6.631725723333023,1,1,5.418181618945608
drv_0055,111.03609642516788,925.3008035430657,9.70635091034707,46.11665978184225,0.7246494139869574,10.697292012149967,0,1,10.925649481466744
drv_0055,99.67199252717103,830.5999377264253,7.458526231559553,40.22477688596411,0.6580582529469816,9.464938155911428,1,1,12.269558097268447
drv_0055,569.4438668311382,4745.365556926152,4.576312601762156,11.80749485705367,0.6003446009115923,7.330258241624291,1,0,
drv_0055,111.9175549422514,932.6462911854284,9.928784102021375,125.60213367560571,0.7283312537589042,10.245173077733558,2,1,10.158208802904003
drv_0055,27.21966705857449,226.8305588214541,8.145308524435835,64.61846037386596,0.6768418970226855,11.220184130035719,0,0,
drv_0055,238.6515188764062,1988.7626573033851,6.402009374460028,49.65084636880454,0.719589932338274,8.834976233577999,1,0,
drv_0055,922.1369036881434,7684.474197401196,9.977941493172636,31.277476876137385,0.7325819586320594,12.163656478852468,1,0,
drv_0055,433.9357758975989,3616.131465813324,5.148593203105284,61.15667268917238,0.7127555541233264,11.318251436769135,1,0,
drv_0055,583.5718713080405,4863.0989275670045,9.051471459584867,26.82830164261263,0.7045377921328192,8.926448659395877,2,0,
drv_0055,63.10304308401626,525.8586923668022,4.553315244909273,38.53080189893537,0.7082541810672359,10.144193942727243,3,1,12.930208309764641
drv_0055,398.8372575289732,3323.643812741444,8.782658407464863,25.16486762494918,0.7287949973204345,10.189867293173007,0,1,8.517461756567897
drv_0055,61.92186312010779,516.0155260008983,6.623039315424805,15.81253553468425,0.6734930708331887,8.54709864765289,5,0,
drv_0055,220.8236625390849,1840.1971878257075,3.479146801488582,7.154916690846045,0.6690551379574979,10.250804761155834,1,0,
drv_0055,569.7180369712888,4747.650308094074,7.862759123525911,62.891141526003274,0.7575789584431437,9.39849650605605,3,0,
drv_0055,278.3208276400987,2319.340230334156,5.347199170176809,9.122663822413159,0.6094648147820327,12.612330610533377,1,0,
drv_0055,35.29677899008602,294.1398249173835,5.583008284694243,12.376974764830642,0.7477870779829806,8.787804341524067,4,0,
drv_0055,632.3549596925891,5269.624664104909,5.521754204244058,22.781287796833794,0.5998969317935695,11.78827156914307,2,0,
drv_0055,46.540492822293956,387.837440185783,4.286703422570671,32.32142968544875,0.6872610898457796,11.827565060206501,2,1,14.070498268435852
drv_0055,597.6568892788785,4980.474077323987,8.652579641981962,34.83239935749652,0.6488537536233638,10.724494702238397,2,1,11.568979038380796
drv_0055,1117.0427841045193,9308.689867537661,4.695736243647809,27.880550437991776,0.6565687057132944,11.863266511421001,2,0,
drv_0055,295.114329103121,2459.286075859342,4.442001769644231,11.233065422313468,0.6807047197516256,9.832255101186913,0,0,
drv_0055,56.75280060331879,472.9400050276566,5.058711453386444,70.53772400325056,0.6874963556386642,12.990721934543194,1,1,11.75088362677352
drv_0055,535.0628269715435,4458.856891429529,9.472580230484047,21.962683801821534,0.6370944153132857,9.50191483269207,1,1,7.35300387929654
drv_0055,174.6024375243846,1455.0203127032053,7.652891971528444,0.4904062474531345,0.6195854311646287,7.918280819998339,1,1,5.335949590720608
drv_0056,189.18666840565777,1576.5555700471482,4.087069866442901,7.9910299429153016,0.5757391268444499,6.090400705159381,1,1,4.725281350547022
drv_0056,295.1489604446624,2459.574670372187,6.4812281991066465,14.349388134754538,0.6066268772747916,5.374281824769917,1,1,4.975217543853408
drv_0056,190.43799447896933,1586.9832873247444,3.1257103221156135,18.662491458051104,0.6714980998988845,5.183399412498849,0,1,6.696193552656585
drv_0056,59.7190318821015,497.65859901751253,8.762181015338978,58.86804966683937,0.6156525201289551,6.214853434133369,0,1,7.914789645378246
drv_0056,344.0350102586316,2866.95841882193,4.206006626243951,34.084285309146395,0.604878605660484,6.919856575494945,3,1,6.323748932274804
drv_0056,774.9238781620334,6457.698984683611,4.9598020864849515,5.13108184644662,0.5889249540973795,2.0,0,1,4.254276213635778
drv_0056,394.3500172559561,3286.2501437996348,4.96240575147562,20.71846666089734,0.7428535518780255,3.6603930281702652,1,0,
drv_0056,423.47189115889313,3528.9324263241097,4.231424142313842,8.708292597478321,0.6349325923608166,5.473655039412349,2,0,
drv_0056,95.81163681717152,798.4303068097627,5.175046389889509,2.6896069248997487,0.686450502943999,7.326732862728791,5,0,
drv_0056,62.5801323970114,521.5011033084284,7.726653470630587,14.583997851630508,0.6902901020812038,9.044936987184244,2,1,7.772518146637846
drv_0056,134.77612309297058,1123.1343591080881,7.524363114818545,81.78598012889954,0.6192367746832819,6.97034085496514,2,1,7.407987270282119
drv_0056,83.78476531650881,698.2063776375735,5.472894875892562,24.891652719694488,0.6509962139844144,7.852937084280871,1,1,6.785634838933109
drv_0056,291.73603116768106,2431.133593064009,5.16547851783741,9.906845737855962,0.6573727855543487,6.702679330252687,1,1,4.74366733068803
drv_0056,401.97848178760864,3349.8206815634057,1.038407912627377,8.822474656306733,0.6688988337810131,2.0442299801524055,0,1,1.0
drv_0056,207.8139943633448,1731.7832863612068,0.15823356813576273,2.1484440210398112,0.6644842198780796,6.918112223249522,0,1,8.15636784846777
drv_0056,298.0252229523594,2483.543524602995,2.2895898099714995,3.166230940360686,0.6425342650859921,4.970374392916712,1,1,5.957995875304671
drv_0056,1158.302394158021,9652.51995131684,5.504401588845647,28.230942372412013,0.696159383691294,5.917173654156421,1,0,
drv_0056,90.42043317860812,753.5036098217344,4.638318375467395,77.36063406365022,0.6335055868140813,5.041391770068853,1,1,4.014500315008236
drv_0056,25.71212530031081,214.26771083592342,3.5642211002331416,39.7144753257172,0.6188905586915212,5.494012787124284,1,0,
drv_0056,314.25797290213944,2618.816440851162,7.062039084187876,20.2894994014856,0.6552707735044286,6.920495156556559,1,1,8.513150783005006
drv_0056,837.3237064354898,6977.697553629083,0.7752839157837021,53.02065690434593,0.5908646498245748,4.894985056801617,0,0,
drv_0056,169.43809259630385,1411.9841049691988,9.826216815889813,4.827930703513603,0.6655347026648294,2.6357105071859888,0,1,1.1093481094435944
drv_0056,175.2438474922105,1460.365395768421,6.308987542325603,39.21571322540167,0.7078628565575114,3.416684470609084,4,0,
drv_0056,140.47619965282226,1170.6349971068523,9.91059332896825,8.816842251873716,0.7063258600484941,8.595841216880448,1,1,5.2298435436373465
drv_0056,1172.2528890908275,9768.774075756895,1.8347764898885877,21.92604697252591,0.7069092903242473,4.661873949575063,4,1,6.396562147375809
drv_0056,75.5845440393513,629.8712003279276,0.9516586430624507,24.13111679267832,0.6335363296652131,5.549405504988204,0,1,3.424226719734632
drv_0056,120.33707125855621,1002.8089271546352,2.149980003795492,12.87958866060546,0.7652067333953505,6.520717280455457,0,1,5.59980387755006
drv_0056,54.86205689753039,457.1838074794199,3.5133305847844962,16.656676917331918,0.6664400011674027,6.305383947223312,1,0,
drv_0056,898.8351049152565,7490.292540960471,7.5603986782445665,30.125614298486173,0.6813918932246029,2.3653566832614006,3,0,
drv_0056,1024.4358979664376,8536.96581638698,9.06971715385797,18.0323355719044,0.6880555657262702,7.639845103542677,1,1,9.416730607487564
drv_0056,519.8010901899412,4331.675751582844,2.0169657104184147,27.20135741887092,0.6373793951208987,7.185082881692565,5,0,
drv_0056,24.0,200.0,6.992678095530803,20.499713709665254,0.805216707203937,6.699418319322473,0,1,4.599353637778776
drv_0056,333.87388255244787,2782.2823546037325,7.040609597137567,48.99074126378209,0.7230232917210626,9.397946292103633,3,0,
drv_0056,958.0762031512342,7983.9683595936185,7.556310787804016,44.36323369012423,0.7584623418137258,2.233650565950932,2,1,1.3755287808593741
drv_0056,349.2792607605341,2910.660506337784,8.907808946145586,31.690786846265016,0.6466212368008304,5.9401903458657195,1,0,
drv_0056,1608.4501988001043,13403.751656667537,9.968093009077615,14.726913443428773,0.6667470413871499,9.273984500407792,2,1,11.004176317219931
drv_0056,33.688895627425374,280.7407968952115,2.0767450857758005,3.485320922997196,0.6718935116564689,6.250517868706552,0,1,5.008907842182154
drv_0056,438.4725283459687,3653.9377362164064,0.8776259812238374,19.755810169182787,0.6320100947286325,6.767080648036249,1,1,5.54576635368446
drv_0056,146.15397653531443,1217.9498044609536,5.321714340589948,28.313520199448124,0.7327048540267267,3.8890891223571633,1,1,2.691827917598424
drv_0056,756.9458138147243,6307.88178178937,1.0026676498376341,41.36901528654354,0.6569167684830387,3.762432860921421,2,0,
drv_0057,394.7302878486014,3289.4190654050117,4.411215120610206,34.15330272093431,0.7998956320647032,9.523820481359696,0,1,7.429679371776735
drv_0057,170.02621291105007,1416.885107592084,9.291142038482016,20.19673356423215,0.8504646009326876,12.143906305753578,1,0,
drv_0057,222.34322766632064,1852.8602305526722,0.9504786934280995,22.983399099835665,0.811925257032574,5.619567644681533,4,0,
drv_0057,1275.9553437096242,10632.961197580202,0.6783811891436098,7.626095724363177,0.718457354843648,10.325584566516367,2,1,8.579199362735615
drv_0057,47.17333885588489,393.11115713237416,2.8210929615745717,43.95373512861381,0.7788579390058747,9.607668716197894,3,1,9.342604878019202
drv_0057,359.02202902547515,2991.85024187896,1.7128449092954434,49.61294055494529,0.8520817102866131,12.527339368765638,0,1,10.282782672668876
drv_0057,162.41438380985744,1353.4531984154787,2.246268025553867,46.70001583006464,0.7155054266289292,9.166863100929797,4,0,
drv_0057,84.98321689260688,708.1934741050574,9.91509138478825,121.52022231464834,0.7815400488300949,10.191928558233126,1,1,7.753426198354225
drv_0057,67.86092559874889,565.5077133229074,4.833619082725829,138.66348798820974,0.970449357037157,13.444857553695497,3,0,
drv_0057,545.3601895174291,4544.668245978576,9.34209640399726,107.38531997214508,0.7940602987586498,13.250298297188891,0,1,13.644898498991996
drv_0057,223.38795932668924,1861.5663277224105,4.437996815681208,19.12267769150809,0.8170397861473305,10.559678186635779,2,1,9.581851528636758
drv_0057,108.45160181877426,903.7633484897856,6.341556113637726,67.51699343571669,0.6816779141500839,13.427666834874989,3,0,
drv_0057,421.434704216022,3511.9558684668505,6.111187612619153,22.045163894254276,0.7739274860709235,11.291971533825928,0,1,11.5855917690373
drv_0057,351.63800502506393,2930.3167085421996,3.391404499212791,15.551420715795022,0.8375655810925279,9.85590393182534,2,0,
drv_0057,153.15410555322856,1276.2842129435714,5.746508642154552,11.10438216731206,0.6862824499574446,8.869523355634943,3,1,10.198860868979878
drv_0057,965.403825203662,8045.031876697184,2.608859899809819,50.25716989701552,0.8407489337693511,14.622180964134195,1,1,13.90355821936694
drv_0057,24.0,200.0,8.061697263588107,47.9333320107821,0.7515199685835147,12.06408127948722,2,0,
drv_0057,280.77121745410665,2339.760145450889,6.700530979445012,74.0271439137694,0.7439137581824847,8.847173076494684,1,1,6.958063479815982
drv_0057,1529.9629364995787,12749.691137496491,8.289970763384693,13.273955463192944,0.8148707310911397,11.052297668030194,5,0,
drv_0057,314.56371663636594,2621.3643053030496,1.8296748243906669,6.674160839446056,0.7931473077929522,12.98915281965527,1,1,11.754725111687726
drv_0057,142.53388092617578,1187.782341051465,8.752007767756897,9.10520236955738,0.8703225426788095,9.585607949709598,0,1,11.220486731258159
drv_0057,391.138226463432,3259.4852205286,9.695308143998371,65.04739803314452,0.8509949536416525,9.242529408191091,2,1,6.157444191473673
drv_0057,707.2231630273902,5893.526358561586,0.38259203916041096,3.947999323849947,0.8740184326836594,8.018815003467132,0,1,11.067519972705826
drv_0057,47.56693390903261,396.3911159086051,0.8524753624679582,2.109712131013682,0.8905477522017211,8.822537515998695,1,1,7.630150733608272
drv_0057,1462.091050764703,12184.092089705859,8.237085793269113,32.00010016021087,0.821512754210378,8.317290854183135,0,0,
drv_0057,48.62011716424408,405.16764303536735,4.402600208584332,6.731403889657649,0.7895264951493117,7.8658452451551,1,1,7.815093049225319
drv_0057,91.41692110836952,761.8076759030794,6.494282874371694,15.325411839462923,0.8078961259772144,8.635266221369939,0,1,10.621930220943959
drv_0057,47.112995994027955,392.608299950233,7.03961342088049,4.172773435490573,0.8624064375403951,11.19691252150634,2,1,11.676122037302562
drv_0057,149.87138313506438,1248.9281927922032,5.433522071757632,22.043875121868965,0.8584118619908901,12.152593855753777,1,0,
drv_0057,142.72203226580626,1189.3502688817189,4.620328554214628,19.355376359167654,0.8976882711524078,13.40875636167536,3,0,
drv_0057,198.37881275309343,1653.1567729424453,2.7230675917371494,21.652726169684787,0.8071414066356123,10.977017774781169,2,1,11.151689203768036
drv_0057,628.7868240517912,5239.890200431593,6.015575040478927,52.0765143115758,0.8213628540431646,7.732645919299547,2,1,7.939266737167736
drv_0057,237.2096436212221,1976.747030176851,8.05652397700769,6.339155159465731,0.8609278121499477,9.894762533318438,0,1,10.29864907194084
drv_0057,24.16629350869844,201.3857792391537,3.93063720851889,29.333623737582162,0.7989365616880909,8.915664374847086,1,1,7.331607794353239
drv_0057,950.9685233171954,7924.737694309962,5.130911709538747,25.749981328382013,0.7079882698007285,8.835043224953067,0,0,
drv_0057,249.42021583984342,2078.501798665362,5.481126163278405,9.557676367408085,0.7096521577850493,9.834624014094704,0,1,5.685534196036076
drv_0057,63.40476728225261,528.3730606854384,7.876496383892078,66.74460249431077,0.7885106869001749,8.762889404983854,1,0,
drv_0057,1293.2267291337405,10776.889409447838,0.0040667901315083466,78.83602319965593,0.8171567093746026,9.204597701916235,1,0,
drv_0057,32.87777991243799,273.9814992703166,3.6362646464167483,17.989977628940782,0.8056948855283396,10.399745519837095,2,1,11.045457047823302
drv_0057,36.832583848718045,306.93819873931704,2.762960448796381,21.965204438164495,0.8528339536537923,9.289444604212711,0,1,8.0074194216948
drv_0058,105.04285363597768,875.3571136331474,3.9237909119983194,24.822731931063466,0.7328951630203291,5.582923282122536,1,1,4.56866117200158
drv_0058,127.9571413171527,1066.3095109762726,2.7322934930675524,16.835059844499977,0.7856869977492834,6.5143222859170145,4,1,9.194119506023332
drv_0058,68.75482726772597,572.9568938977164,3.306053978607154,106.41378088777803,0.812922023439918,2.9210819639722265,1,1,5.343722437685939
drv_0058,191.18941841656286,1593.2451534713573,2.990117704016335,6.534872007168436,0.7122883577606748,5.059836201643615,0,1,6.300482893185336
drv_0058,1062.007666193888,8850.063884949068,6.5070809852132685,3.6161482941201757,0.7619793939488744,2.779658762989682,3,1,2.4483025103119225
drv_0058,363.7627030431114,3031.355858692595,4.2119232190383435,113.86359953688364,0.7866210869727164,6.205509564009051,1,1,7.3800119852674495
drv_0058,330.5060089035779,2754.216740863149,0.809177397480616,47.452253478179195,0.7489428548231358,3.500224141079383,2,1,5.1056103906917
drv_0058,65.25379240520256,543.781603376688,9.116049522051878,7.347150850408494,0.7947033405280433,4.507916183377063,2,1,3.119380517465104
drv_0058,430.5465060229341,3587.887550191118,5.156678448062336,33.54069173679883,0.7047839874262796,4.286981835240817,0,1,3.4814353707217256
drv_0058,24.0,200.0,2.274120631748632,20.522434440347332,0.7682497888466298,4.260800774627351,0,1,6.612767512373711
drv_0058,295.49967815847214,2462.497317987268,8.042731886259316,6.727180080073631,0.790790748454966,4.881332913044959,1,0,
drv_0058,105.7303452408912,881.0862103407601,9.20031471978579,3.121920632010724,0.779749003596011,7.95740369437363,3,1,7.466535057128441
drv_0058,479.6197623661589,3996.8313530513246,4.558662556886266,15.078936652738198,0.6685972146824269,7.393496936649165,2,1,7.2739767095576
drv_0058,326.0906181188039,2717.421817656699,5.785528156707814,50.37208354041792,0.7482769082630275,7.398781336488932,2,0,
drv_0058,371.72276190284003,3097.689682523667,7.0303216673294,6.90780217930692,0.7099470836904576,7.046527770583651,1,0,
drv_0058,47.07069243330198,392.2557702775165,8.944384349051834,5.462981007789241,0.8125447406260935,4.283872812296733,2,0,
drv_0058,82.41912048032968,686.8260040027474,3.8022418387846866,30.225491836320227,0.7046404637118214,3.2996310781789857,0,1,3.970502243203902
drv_0058,48.318639537235015,402.65532947695846,9.941242325720989,23.221541539990955,0.7835269538162326,3.4569731095176888,1,1,1.0161944401005463
drv_0058,809.8809634848772,6749.008029040643,5.961290241041352,26.292466907948015,0.7704031475039854,5.1971041417235115,0,1,7.302584222735249
drv_0058,424.7324384420749,3539.4369870172914,3.238335272654982,45.29716933196255,0.759826697394268,8.282410099973905,0,0,
drv_0058,977.7755432527356,8148.129527106131,4.177199127161169,25.017887452515765,0.7311068744006706,5.115650690264455,1,1,7.646034366183047
drv_0058,414.02339015456715,3450.1949179547264,6.406329550270265,29.60827224595034,0.7783273763028515,3.9569105067176378,0,1,3.2664894519375602
drv_0058,452.0366708570267,3766.9722571418893,7.110642904256025,26.100401465748025,0.6893904674328392,7.2461578940863385,6,0,
drv_0058,303.4715941614497,2528.9299513454143,3.8574819823275295,15.454530755701178,0.8040388021825006,7.472431904145534,1,0,
drv_0058,1624.2390657979738,13535.32554831645,8.1789219138188,12.918588852638026,0.7543857768780232,5.695552709695021,1,0,
drv_0058,228.119833046367,1900.998608719725,7.031300272791691,96.07082412369809,0.742536197183582,3.608488335898847,2,1,1.6296730495547753
drv_0058,481.039803151465,4008.6650262622084,6.749380055040355,34.66260345968002,0.734072099101801,4.038823039617102,4,1,4.066566525244772
drv_0058,406.2244119233779,3385.203432694816,7.833118247670255,41.455747991606,0.7285810450337793,7.62314761878946,1,0,
drv_0058,1754.0284924717503,14616.904103931254,1.8373032941317646,53.361643225447885,0.6805616314689273,6.273079272932577,1,1,6.6700937344202655
drv_0058,372.5043134428117,3104.202612023431,9.888992575518142,3.1456407436200604,0.7461984689147474,4.891286499364096,0,1,4.858215632933503
drv_0058,1017.5760044434683,8479.800037028903,8.324375977342859,71.99941355130349,0.7756647797361159,4.649310457800755,2,0,
drv_0058,288.72680032882823,2406.056669406902,6.056100921191571,31.171686800992127,0.7970362805170476,5.382561852253698,1,1,5.8144067490725
drv_0058,656.1330332262148,5467.775276885124,8.01848053882062,28.27455664510999,0.7137444759543605,9.134761976592827,4,0,
drv_0058,169.31610812328705,1410.967567694059,5.393037374536249,1.3911577659471381,0.6943275183806817,3.009617137182006,1,1,3.777234044976165
drv_0058,119.49293500463533,995.7744583719611,3.8313053551921983,51.9699575169229,0.6666359182113902,6.905650900427822,0,0,
drv_0058,119.03878733948753,991.9898944957295,1.9786173827979803,116.01929659889844,0.7044922753561599,8.275907289266414,1,0,
drv_0058,116.55221096040688,971.2684246700575,7.335902181097255,13.882240946316777,0.8668064742054553,2.775163911189274,1,1,4.739053505151478
drv_0058,462.1853680259229,3851.5447335493577,0.2041061143911338,20.648881617545957,0.6589042808800003,3.7543301839225887,1,1,5.392975160214231
drv_0058,473.1432945106363,3942.860787588636,0.07756344709259566,14.541941631265793,0.7663605879041974,5.687736912971804,0,1,5.776188202736989
drv_0058,822.976161458278,6858.134678818984,3.6589595227693152,5.619843221871606,0.7039671982431539,5.460492927953274,3,0,
drv_0059,435.07394644693085,3625.616220391091,0.43237137816598104,11.949841808267454,0.7393923670324266,7.244880479996197,1,1,6.67811407312263
drv_0059,24.0,200.0,7.996326921274017,26.157309938661548,0.5916105583014711,7.102757294853436,2,0,
drv_0059,507.93352871902914,4232.77940599191,6.0570893624596245,16.271141451318087,0.5757723760687604,7.996345849923049,0,0,
drv_0059,85.81407134025076,715.1172611687564,5.284692376467105,21.884234184082814,0.6951106545956681,7.0821789907151755,1,0,
drv_0059,798.8401548163862,6657.001290136552,8.480156221473587,16.66522378143262,0.6781702138895976,9.19268676160366,2,0,
drv_0059,52.7247733618564,439.3731113488034,3.109990748393181,1.815337073637851,0.5791360653944005,9.09992264090318,1,0,
drv_0059,24.0,200.0,3.3111079018859724,19.27112868794146,0.7561532583720711,3.5038188949567184,1,0,
drv_0059,570.0317293963786,4750.264411636489,5.19936103503235,88.99559862691166,0.5829582482786336,5.800058559418318,1,0,
drv_0059,1202.030389419578,10016.919911829817,2.9616160142422174,24.62521048680292,0.6380515460637998,10.958669438803966,2,0,
drv_0059,26.76290732720863,223.0242277267386,0.6867729880555506,0.4440233214860661,0.632710889542871,8.895555792168711,3,0,
drv_0059,225.6735650070549,1880.6130417254576,6.186591598910622,44.67661757356323,0.6256254899925734,7.80675896031653,4,0,
drv_0059,370.47357583671675,3087.2797986393066,7.193631687310162,0.28537196991599467,0.6516861444921606,11.381529126489001,3,1,10.944348873569227
drv_0059,1207.4048969441283,10061.707474534403,0.36779429439668165,19.382699801980472,0.6000689736269795,6.240946727020026,1,0,
drv_0059,365.7070060239872,3047.5583835332272,0.7664194031858618,181.57176206985096,0.6024177429742843,7.660501420102175,0,1,8.565585653068178
drv_0059,656.4756643266445,5470.6305360553715,8.984102367375083,145.9448564110699,0.637300032006656,8.917580240739438,0,0,
drv_0059,297.5938698613697,2479.9489155114143,6.137890142463281,50.836528578893656,0.6227471422352071,8.7896609226497,0,0,
drv_0059,362.099562963076,3017.4963580256335,1.2130731198423617,7.749095538740022,0.587103012308663,8.585663758812442,1,0,
drv_0059,252.59288681884766,2104.9407234903974,2.3093769803390343,4.750243768573895,0.5673681374105779,3.062438196948876,2,1,1.0
drv_0059,647.5459160247808,5396.215966873174,3.0166653817350064,1.5094181707409977,0.6049260092852111,7.290073912244201,2,0,
drv_0059,721.5989293433227,6013.324411194356,9.518281770078914,2.251210569300101,0.7342389261686328,6.698386372059812,5,0,
drv_0059,24.0,200.0,2.734846734379086,37.441184168049034,0.620643387799119,3.7628157323580003,2,0,
drv_0059,581.8957837085353,4849.131530904461,4.68745188591888,90.34719697685364,0.6833304683172308,8.990663109049436,3,0,
drv_0059,278.7196090423724,2322.6634086864365,8.673990432973927,39.976418392018175,0.6728456399960167,7.181886987282561,1,0,
drv_0059,431.7616936558477,3598.014113798731,9.859714553812596,126.44287628558364,0.6907807400810572,8.331630183392297,3,0,
drv_0059,578.9289841223455,4824.408201019546,0.3614887644308906,52.88894521576415,0.6644889399267261,6.865749185690568,1,0,
drv_0059,849.1887323395046,7076.572769495871,6.807918525296688,11.692298208710106,0.617676293797867,7.691171373569845,1,0,
drv_0059,577.4753435979127,4812.294529982606,5.188129381402371,14.116865767052552,0.5963540536739378,10.24638604494324,1,0,
drv_0059,360.3016618950824,3002.513849125687,6.518889318790065,21.468583269565755,0.568697492580198,9.05756828255409,1,0,
drv_0059,82.19691892220506,684.9743243517089,7.156261506911027,9.60326721312659,0.622288178918297,8.291529007200351,2,0,
drv_0059,276.6234474560594,2305.1953954671617,8.588103328506339,21.057464161182793,0.6330237700012121,6.235687188338549,0,0,
drv_0059,24.0,200.0,1.746868637501261,18.979588771500467,0.7012736880227332,5.080924461771273,3,0,
drv_0059,829.6599188008107,6913.832656673423,0.15742625004029898,3.65759516295627,0.6775772169461681,6.900540162986816,1,0,
drv_0059,655.6009506874744,5463.341255728954,6.314934374436629,25.247566423800578,0.5533054438763279,5.181351646566917,3,0,
drv_0059,457.3631873402185,3811.3598945018207,7.749398524799533,18.493302999011668,0.6427886399262285,9.316431086229885,2,0,
drv_0059,1925.5862845665295,16046.552371387746,9.7473675455665,11.843547559973826,0.5756083442166227,3.63296623905429,3,0,
drv_0059,24.0,200.0,7.342334461525014,7.528007799044611,0.6547652531622525,6.123805751063276,0,1,6.583230975232002
drv_0059,94.68283035546366,789.0235862955305,5.500543107918515,6.238388505076976,0.6652536343165545,5.215955446643255,2,0,
drv_0059,43.88579070187893,365.7149225156578,0.6395949475412133,19.838390521897136,0.6287782594564804,9.99142843880582,1,1,9.671247904138484
drv_0059,361.86235774447016,3015.519647870585,9.11319786834247,8.771770067808374,0.7165933949053518,8.486290373366016,3,0,
drv_0059,231.03725038024183,1925.3104198353487,2.38467806282896,46.05283806291899,0.5764445739897401,9.071520863100877,1,0,
drv_0060,1017.6685589504966,8480.571324587472,2.432174579069062,32.68973186535882,0.6015514078836369,9.243247368410369,0,0,
drv_0060,130.75426332743467,1089.6188610619556,6.1544200147890535,13.428776705109673,0.5459954743197054,9.294752693070443,1,1,9.192226873195857
drv_0060,93.28870171277734,777.4058476064779,5.124542043120243,0.3346853255775543,0.48204666699206644,6.547264291400033,1,1,4.70772241910073
drv_0060,435.1903076496827,3626.58589708069,5.048020960678575,49.423300547089895,0.5748987348867199,8.753495388830443,1,0,
drv_0060,43.10616163136126,359.2180135946772,2.429809103861913,1.6638820953904878,0.5885869107689973,4.6214397088095085,0,1,6.430063308602846
drv_0060,155.40438313716328,1295.0365261430275,6.404109816119032,63.72330146437923,0.5871745015286294,8.927335578790062,3,1,9.438399537344543
drv_0060,721.1809324633341,6009.8411038611175,2.1333998387903463,21.389221664659015,0.5491520562213771,6.7642049032026454,1,0,
drv_0060,604.6976089343294,5039.146741119413,7.601398254883481,38.64399396179702,0.5243652425203694,7.421479682500944,1,0,
drv_0060,27.914096320544726,232.61746933787273,8.818852039911286,4.264277737171613,0.5160853333084392,9.858993020471665,1,0,
drv_0060,1099.4721062796386,9162.267552330322,8.603227850416618,7.889753078239327,0.580192093256411,4.406737370547272,0,0,
drv_0060,372.6052192198715,3105.0434934989294,4.735692901275326,13.883169026899525,0.6244739091144308,9.0101526968107,1,1,11.506833162918024
drv_0060,139.6301646664551,1163.5847055537927,5.549014453854379,9.721737700397659,0.5828556276048305,7.208990570330921,0,0,
drv_0060,105.98785850045279,883.2321541704399,9.419827406240689,22.375621694561875,0.5921759477787059,8.469617804074627,2,1,6.9082519053096
drv_0060,29.01790728470254,241.81589403918787,0.2934348596423364,15.276164813395125,0.5056641512111255,10.91240853299268,3,1,11.60581479031527
drv_0060,194.24964997008658,1618.747083084055,2.7952292674352464,41.658662186022326,0.5930804199876912,4.898053287442655,2,0,
drv_0060,284.4375365591881,2370.3128046599013,7.2699426605162385,29.03025454620613,0.5394162024222899,4.846429896161504,0,1,3.0618434440766578
drv_0060,217.11501012130796,1809.2917510108998,3.366881789924684,16.15210163312505,0.5720023517533217,9.24850812057192,0,1,7.098786572695398
drv_0060,246.6081428611865,2055.0678571765543,9.089089605229212,1.8609113522811698,0.5412471661917088,5.908852655807016,0,1,5.867116080087114
drv_0060,251.21985709613915,2093.498809134493,2.1925580231427375,14.535947830654052,0.5346762571518523,8.771681411474868,1,0,
drv_0060,656.6528777471274,5472.1073145593955,5.3272159513111355,14.322445077820461,0.5874195539155157,3.181829111390594,1,0,
drv_0060,502.2811401519134,4185.676167932612,2.798296520129957,4.880331944572213,0.5192735534927414,7.977148742177681,0,0,
drv_0060,377.8149669079588,3148.4580575663235,0.18539576444661754,50.76956764334271,0.5782236871470511,7.629599649467781,2,0,
drv_0060,704.6487522352653,5872.072935293878,5.539110774447286,37.982135034511245,0.5239750500873342,8.042380922604304,2,0,
drv_0060,24.0,200.0,1.2955978317450367,31.828128953365745,0.5390040018145269,6.1610356702094675,0,0,
drv_0060,469.09900672633705,3909.1583893861425,3.0272026446833533,17.451224504033895,0.556205981329067,5.259933632470576,3,0,
drv_0060,378.8299990133251,3156.916658444376,9.563788219666797,52.29464172129,0.6207576128273561,10.080982636850166,2,0,
drv_0060,520.9293521831528,4341.077934859607,0.5018422011653723,46.00804500581758,0.5560997136394185,8.14188691354993,2,0,
drv_0060,229.4635196182118,1912.1959968184317,0.905605820802835,7.888215188923352,0.466440493867025,6.574924954241685,1,0,
drv_0060,868.2803054900235,7235.669212416863,7.228703909016151,3.784518404791209,0.5348781315019897,9.040079459221857,2,1,7.04954308258743
drv_0060,57.192365931464366,476.6030494288697,1.0430483399665225,11.384036461104962,0.5839069639108796,4.884895797303557,3,1,6.53447561654489
drv_0060,176.68551885419728,1472.3793237849775,5.033976698529553,8.800496007010468,0.5424800910276185,12.287958874611308,1,1,8.849647967094949
drv_0060,32.033456720211504,266.9454726684292,6.620212311961007,12.365480655026584,0.628414269292852,10.845279620285655,0,1,11.547489086602939
drv_0060,38.62010002520024,321.8341668766687,5.451042822017717,31.94471511154542,0.5535485090595375,8.66602321332052,4,0,
drv_0060,2400.0,20000.0,9.646697961138965,30.597448035697017,0.5132222588253091,9.781745753190584,3,0,
drv_0060,484.18833646157304,4034.902803846442,2.8708834426406016,42.23495664664172,0.537335281657031,10.216320505783646,1,1,9.605198670412396
drv_0060,617.4851762992548,5145.70980249379,9.698511696534476,5.650868865128189,0.5208701263010029,8.549803474940473,2,0,
drv_0060,467.90173127163274,3899.181093930273,2.9374260041094247,53.92313860032699,0.5179703539590885,8.699478728061468,1,1,8.546505376641253
drv_0060,91.50409032683498,762.5340860569582,5.084092766821495,75.50467900071133,0.5707795516387429,9.695074560388688,2,0,
drv_0060,24.0,200.0,5.158868456584754,21.92378155924981,0.5375038750699322,7.0873882593560324,3,1,10.512510815366458
drv_0060,301.2936465638916,2510.7803880324304,7.061367722847674,40.49813566812948,0.5297093800075924,7.293367776102151,2,0,
drv_0061,1054.405342829447,8786.71119024539,7.354873402286239,23.717247043190653,0.5956640817846204,7.046592329053819,1,0,
drv_0061,24.0,200.0,2.985651306062611,106.69008626920248,0.5401800979800871,3.0372678988966495,0,1,4.901066452492198
drv_0061,24.0,200.0,2.7330931001925016,13.452725243687432,0.5732916118700151,2.0,3,0,
drv_0061,104.01162905902416,866.7635754918681,1.9921613513395597,0.6484920780075418,0.6250626691315223,6.522903062473947,3,0,
drv_0061,304.6420215116152,2538.6835125967937,3.1474252456504717,8.219405831966105,0.5647175290783195,4.391269156206468,1,1,7.49674945348928
drv_0061,1149.4498434713455,9578.748695594546,6.9048679874654075,4.137637253250843,0.5382469417605475,7.898413076591211,0,0,
drv_0061,645.5809643323186,5379.841369435989,1.9686803885524096,7.139586328859122,0.504472315138065,7.532478420906223,0,1,7.9365634910436995
drv_0061,190.7158341962828,1589.2986183023568,8.831719034543491,80.24639648304165,0.5270544814655335,6.143537763041274,1,0,
drv_0061,24.0,200.0,2.971447978558289,1.1765209326542623,0.6187556121172649,3.1506508379755274,2,0,
drv_0061,310.46025219502377,2587.168768291865,4.692325213950444,63.663696928899284,0.5898805618228569,11.105579162512344,1,0,
drv_0061,528.7692594284497,4406.410495237081,3.2783601977969923,5.814618015788923,0.6615814494558382,7.606183801074512,3,0,
drv_0061,720.0306406687024,6000.255338905854,2.8711101641755365,24.21275906565349,0.5505176099884309,7.524089231501298,0,0,
drv_0061,254.69191626247851,2122.4326355206545,6.408651745190296,17.917872321035436,0.5286699132703921,5.789306230004929,2,0,
drv_0061,136.75767150944748,1139.647262578729,4.083010107515948,30.445014664719135,0.5352015188431091,3.620739589043689,2,0,
drv_0061,535.8227570502863,4465.189642085719,9.298329003726028,16.166940807973642,0.4983475204801739,5.767115676778634,3,0,
drv_0061,202.14601717057272,1684.550143088106,4.952481195271209,28.604927976866723,0.40067272885087546,9.442636200774714,1,0,
drv_0061,124.57639502846925,1038.1366252372438,3.183762442916386,35.4912817954369,0.593425524260024,3.3493157870313466,2,1,3.5808041019772014
drv_0061,254.5820966491987,2121.517472076656,5.239955268659929,53.952260563948364,0.4658468351469207,7.095928951261015,2,0,
drv_0061,384.09314146297834,3200.776178858153,6.351382622155684,95.72244777331036,0.5712397582659687,6.657377343413179,4,1,6.198539725813618
drv_0061,159.0432047048276,1325.3600392068965,6.673218098100709,4.20547517814735,0.5600160999313801,7.038102282341545,0,0,
drv_0061,512.5227383327949,4271.022819439958,6.135786534017865,14.607042027574204,0.516830509279709,6.007251393203135,2,0,
drv_0061,285.4742531136532,2378.9521092804434,5.442938035473023,18.44524838352805,0.5854197266100416,9.196555456645676,3,0,
drv_0061,227.8780355353792,1898.9836294614936,5.14151123737986,82.96022677143296,0.5669463556922852,8.217253137483738,5,1,11.024085273968417
drv_0061,571.715843343461,4764.298694528842,1.799937112009502,71.2331431768815,0.5258671124063776,10.0313916714969,1,1,12.599586024968854
drv_0061,274.72257951372967,2289.3548292810806,3.4379289076915356,10.691848023683042,0.5227409263697754,4.720104916429056,0,0,
drv_0061,211.0525339227352,1758.7711160227934,5.278472066893246,37.30696372580186,0.5244334412634788,5.212344508541216,1,0,
drv_0061,84.71159871574814,705.9299892979012,3.505761330477448,3.076109192242208,0.5298986102473486,5.592985833899525,2,0,
drv_0061,101.37980529107546,844.8317107589622,4.572214215786223,6.943347755050654,0.5459673020207993,8.516358731474044,0,0,
drv_0061,445.7439323365077,3714.532769470898,9.404940561853497,43.08811687308806,0.4974263331230581,6.236681714944959,2,0,
drv_0061,84.60351782842558,705.0293152368799,9.290838538968032,20.111776850723555,0.5159447442530598,7.225286682162298,1,0,
drv_0061,27.446797244557732,228.72331037131445,5.716278507789224,16.35104063721271,0.5904445645939057,2.8357102405611965,3,0,
drv_0061,622.2967790702838,5185.806492252365,7.3406454479446746,26.740782206056913,0.5369755184955429,2.0103933536218577,0,1,1.0
drv_0061,593.3882317469934,4944.901931224945,9.799115599113389,36.60127585680244,0.5087900128843796,6.661022734312166,2,0,
drv_0061,808.2410372878346,6735.3419773986225,0.7760321918670887,33.106445915669454,0.5574887880523951,5.079483569448671,3,0,
drv_0061,455.91941157127405,3799.3284297606174,3.6434932130009887,17.6327055652488,0.5614438738130428,9.583282272822089,2,0,
drv_0061,379.4080258276958,3161.7335485641315,7.528603809521476,104.62974387294048,0.5801179941798051,5.574761482383233,1,0,
drv_0061,105.24059128584548,877.0049273820457,3.29495038319199,12.9503693133509,0.5650376767417283,8.538605785315163,2,0,
drv_0061,24.0,200.0,3.1316300346099366,11.572227810611853,0.5473946502548322,5.674627272676409,0,0,
drv_0061,359.3452973660492,2994.5441447170765,8.098344611529338,33.36647581786104,0.5593748930260323,7.381161548951177,2,0,
drv_0061,712.6212285695359,5938.510238079466,9.06679927681324,9.884110556412951,0.6345913856609029,3.1257329310304907,2,0,
drv_0062,262.45354086976715,2187.112840581393,1.851722496572492,19.92781194095353,0.8342537341968791,2.548989124684791,3,1,4.7221596877629555
drv_0062,1755.3332570737116,14627.777142280931,7.399557955856638,18.737146999465836,0.7971653667616874,2.0,4,0,
drv_0062,270.5566425525258,2254.638687937715,6.532968395739326,8.420084406134102,0.7421789821110092,2.0,2,1,2.5938531887662046
drv_0062,24.0,200.0,7.454695977544878,65.16495165584111,0.8115943872839427,2.0,2,0,
drv_0062,35.09241235253378,292.43676960444816,9.247373743324458,2.7264893867281597,0.8604345670769256,4.149428140638742,1,1,6.546861181476981
drv_0062,227.08853072663288,1892.4044227219408,7.2723013802076455,34.2834634474185,0.8048014525936777,2.0,2,1,4.1116470202553455
drv_0062,109.64410084416944,913.7008403680787,2.687527572220368,25.856390966009364,0.863528584365411,2.0,1,1,1.0
drv_0062,325.13039353331,2709.4199461109165,1.1740007766914429,31.3161101997851,0.8464833941106893,2.0,1,0,
drv_0062,424.109117257392,3534.2426438116,6.249347398130208,12.526205970018239,0.7153720589482777,4.2569426207126755,0,1,6.308409584059529
drv_0062,101.61694480547509,846.8078733789591,2.7802898961623015,27.862327558781477,0.7779070540318953,2.0,1,0,
drv_0062,24.0,200.0,9.67844227312137,9.679582026991048,0.8745397999804695,4.139199732649117,1,0,
drv_0062,68.38430189583703,569.8691824653085,5.457123422582907,7.488371338711631,0.8092569297564489,2.0,1,1,1.2552673526067868
drv_0062,78.40050998583385,653.3375832152822,9.077764195087255,64.59854146382534,0.7811662094481265,2.0,3,0,
drv_0062,820.0078758771195,6833.398965642663,2.4809949255544894,35.124644248520646,0.8002904463437143,2.0,1,1,1.0
drv_0062,24.0,200.0,8.759448192191469,9.126735950385841,0.805776179474943,2.0,2,0,
drv_0062,24.0,200.0,2.415762025237754,48.44278392468672,0.786310074865521,4.067175832378556,2,1,6.303067499091812
drv_0062,349.23254432438586,2910.2712027032157,4.321680187691809,23.84470988307096,0.7607617351748647,3.5370630080751195,1,1,3.358680560453414
drv_0062,191.19265975563053,1593.2721646302546,4.221290419486846,12.187513575256078,0.8195175139762187,2.5155252748698076,1,0,
drv_0062,602.3660852272794,5019.717376893996,0.3099622941175417,52.58915749786974,0.9219816751562152,4.369326445012464,4,1,2.7250744263271485
drv_0062,191.45358964221796,1595.4465803518165,8.971277142668589,2.1156801944465355,0.8841565350467887,2.0,1,0,
drv_0062,385.88994621593446,3215.749551799454,3.920752498571768,6.489866655613412,0.7778834523155306,4.9924358034928105,4,0,
drv_0062,242.7470701687673,2022.8922514063943,1.084602295613678,13.777340044147397,0.8645281040847088,2.0,1,1,2.310637972756296
drv_0062,141.7961326180533,1181.6344384837776,3.039982939574543,23.236247807358616,0.7377190942697716,2.717642045003235,4,1,1.0
drv_0062,49.42783414658695,411.89861788822463,5.465651715975536,81.66693692008248,0.8071744701083203,3.8670092984917073,1,1,2.490718169229223
drv_0062,1001.0768094905642,8342.306745754702,9.011577807249669,33.284004367830036,0.8896797291593984,3.353414857165374,1,0,
drv_0062,104.04480680781947,867.0400567318289,5.061275695951167,16.44073456886951,0.8510058663870812,2.436192788350232,1,1,4.15205913914946
drv_0062,70.8946022037506,590.7883516979217,8.67330112047724,1.1491542684055065,0.8080143553016699,2.0,2,1,2.2272942214772184
drv_0062,529.6749465589528,4413.957887991273,5.339545728496658,11.8267407408182,0.8607853118206585,2.6103166385001138,0,1,1.0
drv_0062,638.4049937280245,5320.041614400204,7.072865748679665,74.70764556392561,0.7786613351857135,2.0,1,1,5.208551317637188
drv_0062,1835.5416739076006,15296.180615896674,6.9125553623957705,82.53559473672105,0.7688982438440737,2.0,0,0,
drv_0062,506.4440143850339,4220.366786541949,7.64803727003566,57.022579645271726,0.8213185991095842,4.137641670958204,2,0,
drv_0062,543.0278176355847,4525.231813629873,5.247038611614265,8.508790099360647,0.8549550560617128,2.0,2,0,
drv_0062,24.0,200.0,4.12024088028951,96.25229779132623,0.7807655663470836,6.871098469731674,1,0,
drv_0062,28.927150635501675,241.05958862918064,3.076691715671597,56.33195195303132,0.7503105485397025,3.0531822119695913,1,1,2.0307929732446954
drv_0062,678.0841751849845,5650.701459874871,2.2981678646776293,91.64974416991305,0.7413992994126893,2.3041971837122697,1,0,
drv_0062,154.05191948858104,1283.7659957381754,1.7228100698052173,57.67549098388418,0.771195559785167,5.8156715069802924,1,1,7.0256134660757255
drv_0062,362.58303484390086,3021.5252903658406,1.562530051468074,54.90740048433216,0.6767051981779978,2.0,0,1,1.0
drv_0062,226.7851386729813,1889.8761556081777,3.32029903416183,72.37030902693867,0.7763376802619854,2.0,1,1,2.83612414694586
drv_0062,828.9050918548197,6907.542432123498,9.38494598127929,7.549775921325011,0.7989266276227787,2.8669260125569203,1,0,
drv_0062,686.4534924821011,5720.445770684176,8.746758026186084,27.19028627502727,0.8424308259797596,2.0,2,1,3.177965772698541
drv_0063,525.5959001657476,4379.965834714563,1.0218341295540134,22.0166082913257,0.618431134568518,6.468657155559703,1,0,
drv_0063,2400.0,20000.0,8.943292781836224,42.6322107558133,0.6504556084581038,5.08433667979629,2,0,
drv_0063,32.4441769459905,270.3681412165875,4.512900021507765,104.52269878845605,0.676327643386265,3.097569380697273,2,0,
drv_0063,71.26992529757568,593.9160441464641,3.7813976090919663,4.1857559989316675,0.7551542198407416,3.9870765971166944,0,0,
drv_0063,235.23238921205316,1960.2699101004432,2.920242497102813,6.084947736376832,0.6221390880658698,5.951291200753223,1,1,7.279412702912731
drv_0063,48.97621639653062,408.1351366377552,0.15623693892657609,46.42752898971547,0.6539642217712549,5.951899615729354,1,1,2.680351324611194
drv_0063,427.40104860619425,3561.675405051619,0.7156173840376945,2.28793652298536,0.570187386212232,4.6171506021579685,2,1,5.67693756798542
drv_0063,1028.3850247720648,8569.875206433873,5.947917783150998,41.143669111196004,0.6573099027126097,5.8730839664586965,0,0,
drv_0063,24.0,200.0,1.0592043687433128,0.3388009616748538,0.6208265572420291,3.3220052007812866,3,1,1.0
drv_0063,30.40189875110347,253.3491562591956,4.562822966206362,9.224323855240861,0.5568258023279808,5.948449658558604,0,1,7.220991189703888
drv_0063,24.0,200.0,1.7538066325203672,32.471705884272694,0.6238824264519162,4.141110317320022,0,1,4.6053382759217
drv_0063,1485.6680529619673,12380.567108016396,3.6928376966390664,0.6075978269559572,0.6266110947079999,6.414629590458978,0,0,
drv_0063,768.4188806489884,6403.490672074904,5.422248845275109,8.022471755043703,0.6857007271275224,7.033014564404416,1,1,5.8337043855278905
drv_0063,24.0,200.0,2.8342429250160492,81.9599225839164,0.5922690188463617,3.5026701176357484,3,1,3.092742290096951
drv_0063,48.50832177115047,404.2360147595873,6.159164361579954,1.1279107863004312,0.5702051174056857,2.0,0,1,4.474997086874994
drv_0063,932.6102838005253,7771.752365004378,8.410934561417427,0.5597014512018424,0.5080565918009743,8.072291239042741,0,1,8.770059156764123
drv_0063,576.9549789691326,4807.958158076106,0.8651151170389437,19.323557226565267,0.6086352208233741,2.0,1,0,
drv_0063,258.56077323969595,2154.6731103308,7.280226669741776,13.484189155956349,0.7049755960797496,7.396369458835464,1,1,7.221738908588245
drv_0063,419.67781816517623,3497.3151513764687,8.91967151771205,10.674410685271665,0.6673617273730247,7.5123571547457875,3,1,8.016329581176427
drv_0063,151.18494387812018,1259.8745323176684,6.851069411176475,10.879277934995349,0.6316335693349948,6.247749657542367,1,1,7.106892626854056
drv_0063,642.1917811383651,5351.598176153043,2.7469499129039745,17.10933332920228,0.6240998510603711,5.131601797776021,1,1,5.938413215515185
drv_0063,666.497687823512,5554.147398529267,9.304479747479208,98.10020602369376,0.5446453119033244,5.550812506685826,5,0,
drv_0063,84.71227747873786,705.9356456561488,5.726273912849487,47.6177881392483,0.5584968239012326,7.568478378036371,3,1,6.027350862988605
drv_0063,68.78802191947227,573.2335159956023,4.796755704831974,35.233227546773776,0.7014082702446054,9.473835932660055,0,0,
drv_0063,573.4603889580679,4778.836574650566,3.11135264561182,58.47660606867967,0.5546230805047192,6.820159118464692,2,0,
drv_0063,498.2881779257991,4152.401482714993,4.356609458258274,45.317133396574185,0.5874441448143525,5.097841380455188,0,1,6.342617735477487
drv_0063,298.55265083315425,2487.9387569429523,8.850441009192345,18.6344159628651,0.6314763839630081,6.52709614775019,1,1,8.495623429353783
drv_0063,232.79598808184895,1939.9665673487414,5.44035037102193,25.076165986850054,0.6420502152125949,7.4071246650477285,1,0,
drv_0063,159.6005243184609,1330.0043693205077,5.809554824676196,19.228648358707034,0.6182562777184659,6.070649367653632,4,0,
drv_0063,119.29634983867943,994.136248655662,4.36811260232452,25.997919910378585,0.6274533214655899,6.758990112700414,3,1,8.652605405785309
drv_0063,391.9665597575536,3266.387997979614,3.0346916379520374,9.164280693490868,0.6232233846939063,4.5202912279629395,1,1,5.547077493847607
drv_0063,174.39951675973037,1453.3293063310866,3.922621071960547,14.268055601383285,0.610286856860526,6.087192456167189,1,0,
drv_0063,104.63682120072505,871.9735100060421,6.673702130190247,18.17506050678621,0.6532117334931009,6.107803030155325,1,1,6.407496810179523
drv_0063,853.1697370529268,7109.747808774391,3.520076017383158,33.53971530161401,0.6108121355673708,2.690907858591433,2,0,
drv_0063,31.9551989861142,266.293324884285,1.1892792996328472,22.868213861187712,0.6253781980033359,5.51487275242539,0,1,1.511064775737088
drv_0063,492.99436724204116,4108.286393683677,9.211771331815044,50.887296644851226,0.6569063955164152,3.5947059968143327,2,1,1.9794607495929937
drv_0063,750.1628915993389,6251.357429994491,6.457241261272725,22.743671946240987,0.6315409053993425,6.882248343650196,0,1,7.719007928199749
drv_0063,301.8140505710996,2515.1170880924965,9.123861469019,30.229528572451777,0.6962506678536451,5.86156102338712,2,1,5.133497866158952
drv_0063,188.83094366416572,1573.591197201381,9.019826386518,4.5252220052197165,0.5500803062156185,7.257781523951595,1,0,
drv_0063,24.0,200.0,3.3986543600935972,162.1272634811601,0.5751967961968049,9.101402069526749,1,0,
drv_0064,748.6898059089191,6239.08171590766,4.125904972400669,5.826805837577645,0.6566249158569588,9.519029842042514,0,1,8.016447762529994
drv_0064,432.22315548953986,3601.859629079499,6.927695320669173,8.802388177593969,0.572774521218517,10.085022476730483,0,1,10.659123929695852
drv_0064,276.028548961885,2300.2379080157084,3.709686931951661,35.96904768355111,0.6533541137757573,8.845526245793632,2,1,7.4596641452519945
drv_0064,544.9656015210115,4541.380012675097,9.662965205561877,16.947048489154092,0.6732018192072844,5.7937955565341674,1,0,
drv_0064,158.5370151922872,1321.1417932690601,5.335425755209091,39.02640806613012,0.688334913346498,8.037883597407768,3,0,
drv_0064,587.7115494128112,4897.596245106761,4.363604251530121,3.457057395175954,0.6083575028151432,7.9709497401400755,0,1,9.901815488823159
drv_0064,173.66977408230053,1447.2481173525046,4.795343117789476,10.27587305057503,0.6172002400898724,8.206840314994565,1,1,11.125496554697555
drv_0064,24.0,200.0,0.7868984815685554,3.4536376368122665,0.6813626318663698,10.770367428350609,0,1,8.41025532514447
drv_0064,376.85035017115086,3140.4195847595906,4.76867629796369,44.75022103755957,0.5568381950681607,11.357838142760432,3,0,
drv_0064,34.42241717458473,286.85347645487275,2.414724005102048,44.76363559456258,0.6680407073184044,13.20471422305827,2,1,14.415171217286595
drv_0064,766.3442539519838,6386.202116266531,2.701828802000418,1.6671726939242546,0.6296677674012715,8.781698546520072,1,1,9.756875094205286
drv_0064,1709.2032691284296,14243.360576070248,5.445257742643038,38.81369357288445,0.6965012958692735,11.364154055552568,1,0,
drv_0064,281.97036924883565,2349.7530770736307,4.092661307041718,5.219533218166839,0.7044779818816478,11.08704361167662,2,1,10.626987051813057
drv_0064,195.9380009665427,1632.8166747211892,4.171703949522586,26.234750549321973,0.6392661257455702,9.746556746338348,0,0,
drv_0064,174.81212586849676,1456.7677155708066,2.6609342263206983,6.728941377334918,0.6837418843525589,10.751979988536846,1,1,13.097296574676509
drv_0064,134.23474655558755,1118.6228879632297,3.0085384456738495,19.20542477295537,0.567787328368875,12.346493673665915,2,0,
drv_0064,209.7926164372901,1748.2718036440842,0.34381680699234307,0.858738141213783,0.5648669140431902,7.647872989904935,2,1,5.394709300675183
drv_0064,425.854516463095,3548.787637192459,6.0774957755942784,101.81953485418,0.7029717859185834,6.7135727915358565,3,0,
drv_0064,170.30952029163646,1419.2460024303039,6.123580546439898,26.31975857031297,0.574026899353828,7.519775181458149,2,1,7.535509820585244
drv_0064,361.2050285792121,3010.041904826768,9.109951208837861,25.31046025316053,0.6175165199092715,7.382091006739175,0,0,
drv_0064,573.0063505874891,4775.05292156241,9.139170690816265,38.05252577080317,0.6763871648754674,7.2897107572601785,1,0,
drv_0064,1181.6842576270399,9847.368813558667,5.0403878467466505,4.946297945031653,0.7004292980718992,8.871354482941676,1,0,
drv_0064,366.3440479350076,3052.8670661250635,6.928204067264265,9.993762815166498,0.6352863547556102,10.4582492132838,1,0,
drv_0064,654.8288732753904,5456.90727729492,6.617634900392801,50.96998664038807,0.6084233906806082,10.820438116567585,2,0,
drv_0064,791.5363007937101,6596.135839947585,0.5195212191658471,39.04709036813925,0.6815977090001097,8.713858033637758,0,0,
drv_0064,93.79879616133474,781.6566346777895,3.304047714335386,17.468224662350554,0.6171277796044694,11.828948163198703,3,0,
drv_0064,785.7570888061861,6547.975740051551,1.6937698947216584,16.149753909691967,0.5737682820857587,6.7838969814400985,2,0,
drv_0064,233.21232198270346,1943.436016522529,4.532519630572967,35.748349122881244,0.596301839830988,7.00154763088936,0,0,
drv_0064,35.489827875668205,295.7485656305684,3.239154835966472,4.277730783996925,0.6723331256632031,6.345641629783778,2,1,6.796024564333179
drv_0064,24.0,200.0,5.871663468439489,10.608673032834957,0.7251548117305847,12.842164312856362,1,1,10.700841337055095
drv_0064,441.3296103956573,3677.7467532971446,0.7270529681990856,8.863057729541977,0.6728668402633545,9.235497889428082,1,1,10.095574979622313
drv_0064,40.63656876539263,338.6380730449386,7.474150544150992,17.87792625959221,0.6407842113480456,10.650863939501656,0,1,8.458343252960498
drv_0064,103.90850887577861,865.9042406314885,8.612208566258136,57.62341792569066,0.6205434853030583,9.405789591395477,1,0,
drv_0064,106.90207192022172,890.8505993351811,9.884482602927623,69.7855052721773,0.6574643481922492,6.073409711866561,2,0,
drv_0064,24.0,200.0,6.235078061995366,59.810173998769045,0.7005037416158157,8.6538075736131,0,1,9.822540002906782
drv_0064,312.9078477817071,2607.5653981808928,7.715103674467213,1.9620212732298261,0.617738809627065,6.858938018135962,1,0,
drv_0064,367.8181412477414,3065.1511770645116,2.0761199222256312,106.60407264848331,0.690671796593694,6.367092251502278,0,1,7.782711203884787
drv_0064,63.31011897825128,527.5843248187607,2.1846724855937936,7.672712612190098,0.618430285153438,9.319679082188854,1,1,10.117935184000599
drv_0064,838.2621477595671,6985.517897996393,3.369047440069618,36.29483305614004,0.6167589452662452,6.867072865648001,0,0,
drv_0064,93.36046435095226,778.0038695912689,7.813287337722565,34.55629384738933,0.6880589477172702,8.712475795954212,3,0,
drv_0065,137.1929760186921,1143.2748001557675,3.355571501877513,168.73700031719866,0.3623208035838802,5.8145117024413775,2,0,
drv_0065,550.5579790726948,4587.983158939124,7.575614137867914,16.697421776579656,0.3504600120139219,4.002353504274684,2,0,
drv_0065,35.20800870990353,293.40007258252945,7.959816359228644,20.539777097924087,0.2894407596978218,7.478405941264264,1,0,
drv_0065,263.1641064889554,2193.034220741295,1.6496013311594326,21.146122376573928,0.4037788067101442,9.914281576592252,0,0,
drv_0065,1365.2928276406046,11377.440230338372,5.88094358012383,8.11144998405631,0.3983188150499671,12.07941199884082,1,0,
drv_0065,1355.0206089532805,11291.838407944006,0.3415627156351664,37.84918834819971,0.3793876674881276,5.23891928691946,2,0,
drv_0065,1220.299266847798,10169.160557064984,3.1233357227028757,34.72298731464763,0.41744801153159755,5.167804920177254,2,1,5.484131093933662
drv_0065,665.8000288892721,5548.333574077268,3.70172180671831,30.255459947033025,0.3341472588403993,7.400426387886656,0,1,8.004592757440454
drv_0065,814.1268577982805,6784.390481652338,7.9298995453492,30.57200108481026,0.3380118900460063,8.778863679717755,3,0,
drv_0065,377.7719118397031,3148.0992653308595,6.51691974291995,16.100580710673658,0.28081077567364177,5.749427968056651,1,1,4.998233263915376
drv_0065,100.87098848830492,840.5915707358744,0.2441854056562187,30.611549730186812,0.3032073019103482,6.3353562622180135,1,0,
drv_0065,206.35305854358987,1719.6088211965823,2.757725428342513,126.3744169340281,0.42663252047854666,8.751246370822615,1,0,
drv_0065,964.0834336286479,8034.028613572066,8.438723951709322,77.2972726786526,0.29096423703559704,6.6350937820745886,2,0,
drv_0065,117.45105008020334,978.7587506683612,2.580239305885188,168.24065379115038,0.37737249541727924,8.88443523205023,0,1,7.732667333255739
drv_0065,240.69542561129188,2005.7952134274324,7.760571459916813,14.48791096378532,0.33718377180407305,6.440704616279741,2,0,
drv_0065,91.52025996645239,762.66883305377,3.4828724759110505,40.25096094629801,0.36474883915859,11.115382423149128,1,1,10.007699880021551
drv_0065,81.54294395970595,679.5245329975496,2.8442680769274222,9.434859407102469,0.3612041886090723,9.529082128397933,0,1,11.560220410250356
drv_0065,625.243550754902,5210.362922957517,8.330634700055414,52.74530496075001,0.29495146963548124,7.984745856093513,3,0,
drv_0065,1310.4107825505164,10920.089854587637,6.844108260313792,40.01439388746414,0.22350659086815863,8.264634258598734,2,0,
drv_0065,69.63493536068916,580.291128005743,3.847424538289901,20.43278987875835,0.3748389605127427,8.893289457342577,2,0,
drv_0065,24.0,200.0,3.288239790321188,8.524056346270616,0.3719386847179287,10.003648411727271,2,1,10.336650899186056
drv_0065,225.13769174691785,1876.1474312243156,5.130188427202533,15.008715600788399,0.3209102100326378,8.203467929407323,2,0,
drv_0065,160.51200061449273,1337.600005120773,4.980863633373796,0.7651441299752948,0.3259122300046189,5.760914723597989,0,0,
drv_0065,119.89212646724582,999.1010538937152,5.246226488823142,36.51711227644116,0.34084749071065595,12.839796503100068,2,0,
drv_0065,451.1446509875015,3759.5387582291796,6.775531996507218,101.20108405403764,0.3621060288429308,6.686395461734764,0,1,4.704155494836727
drv_0065,104.55475700300313,871.2896416916929,0.4521053702874567,25.517509636281986,0.4390446369877398,4.4029978953706195,0,1,5.182070389800009
drv_0065,210.93350682367978,1757.779223530665,0.15615631950510522,35.865657063302685,0.33476661554628007,9.130046978126972,1,0,
drv_0065,218.41383837198617,1820.1153197665515,8.53454494809257,51.34416828383992,0.2976055212102661,10.279210728436937,0,0,
drv_0065,82.44154824193312,687.0129020161094,5.354066453896063,117.78928610433147,0.3199967017737787,8.812528345719734,3,0,
drv_0065,64.1166660941627,534.3055507846892,6.022000577563539,60.612950476235994,0.39194807010853927,6.298985001995391,2,1,8.119596687868082
drv_0065,248.65023166479762,2072.0852638733136,8.112785052759664,153.35173323219212,0.33675835070691307,9.924010652011283,1,0,
drv_0065,534.4316496510004,4453.597080425004,8.770818070770355,28.497022172071024,0.35981912819457235,6.867119415645706,2,1,4.523969069697781
drv_0065,290.29778753576335,2419.148229464695,4.8440606087557985,8.739076887750615,0.2959816813801431,5.5348073365838335,2,1,5.506244809622715
drv_0065,584.5999519613193,4871.6662663443285,8.421704217801063,60.59464218732447,0.3292427025505136,9.165681946490302,2,1,7.328208622690856
drv_0065,922.249402442474,7685.411687020617,1.733699465404972,0.5445868449000146,0.3439550575263652,9.502309025806039,1,0,
drv_0065,78.26085099847488,652.1737583206241,9.978924087536278,6.6337147967256245,0.3816563198376237,4.69759991047348,2,1,4.4490995969911165
drv_0065,440.5402903220341,3671.169086016951,9.60361859329099,55.25268361768439,0.316683698234908,7.410934510576075,1,0,
drv_0065,282.5174789143504,2354.312324286254,8.91380660007824,89.19322713403847,0.3225716565559752,5.547855688097461,3,0,
drv_0065,82.94235559470917,691.1862966225765,8.38444756029247,55.72777890490616,0.3504745372835292,5.639308140218466,0,0,
drv_0065,637.3450208512946,5311.208507094122,5.3329027071645365,7.958452036954794,0.3941114091014592,6.794962616563533,3,0,
drv_0066,220.1037955545219,1834.1982962876825,2.679264667496004,1.2267741723794352,0.596099310622604,10.817010444583627,0,0,
drv_0066,465.16680356410905,3876.390029700909,4.0781634083081855,12.163419803845102,0.534927976122281,7.012531949683638,4,0,
drv_0066,202.06886759526438,1683.9072299605366,3.7875086716030717,59.04210793014294,0.47418957213379126,6.120929692681721,2,0,
drv_0066,316.71250916148864,2639.2709096790722,2.2734233671637494,64.37982255009496,0.5259493229285834,4.789601982119545,1,1,3.368131168573206
drv_0066,404.22066212304094,3368.505517692008,5.9139656701429395,22.088754253625208,0.4383614937043912,7.51886193460499,0,0,
drv_0066,230.8822944807262,1924.0191206727184,0.32588420212935953,5.9302151245875825,0.45874531483306646,6.190974549888787,2,0,
drv_0066,223.81170491406604,1865.0975409505504,3.971891319720272,17.69778079665623,0.6251161326481408,5.805733912121858,1,0,
drv_0066,114.66523273866349,955.5436061555291,8.841418551061883,19.105005643488436,0.49577317455523734,6.352646383467974,2,0,
drv_0066,60.75295086647737,506.2745905539781,5.3362343410758575,24.946610826091902,0.4805608757684143,7.396212906501132,4,1,7.261282724345185
drv_0066,315.9535768194842,2632.946473495702,0.007723104165141548,19.694056088072795,0.5160312953947199,6.587025266939269,1,1,5.4506901236192435
drv_0066,77.00689312261964,641.7241093551637,2.9049253601505374,7.9921115622183425,0.4898148754415518,7.058791408036576,3,1,5.916471471796146
drv_0066,100.38030381629292,836.5025318024411,3.6811353076291864,113.67095262767282,0.5864971458630792,6.564570814577129,2,1,8.530174564428034
drv_0066,148.9919172725621,1241.5993106046842,9.452628489226605,18.762821281978994,0.47781068861220627,6.493250638403149,1,1,8.484535739632337
drv_0066,24.0,200.0,2.0356406559407647,50.22597020637571,0.5221385096262544,7.717732970438725,1,1,6.837783096116516
drv_0066,70.68336565284224,589.0280471070187,1.3547604502504562,55.936946144748745,0.5044459322462439,7.044817057671226,1,1,8.331950091853695
drv_0066,24.0,200.0,7.936233890782254,15.632821625897122,0.4978148754126372,6.460239494081048,3,0,
drv_0066,580.3366138427257,4836.138448689381,6.524195502931766,20.549901596345126,0.4993830505509788,8.64415769899742,3,0,
drv_0066,362.065883686593,3017.215697388275,4.002715555461515,8.944397798533988,0.4797367662099206,6.31568139552435,4,0,
drv_0066,1184.0141985300668,9866.784987750558,3.115585241113906,3.8345295198986005,0.5377639599482671,7.301279777697366,4,0,
drv_0066,364.2136580922785,3035.1138174356543,0.1431565069932117,131.1352697350441,0.5083075468571776,6.800173715961394,2,1,5.684761983309308
drv_0066,786.5904748400294,6554.920623666912,4.989255965409218,20.486278294302252,0.5469440997415694,4.644731230474535,0,0,
drv_0066,63.33645517748119,527.8037931456767,4.03782640685944,4.532078063185774,0.4127305252397304,7.6322760931543305,5,1,6.160994675700102
drv_0066,403.04370200429264,3358.697516702439,9.996825005782636,0.6726642514455967,0.4868162904956706,10.463516484667775,1,0,
drv_0066,142.01004372508856,1183.4170310424047,4.474184575024372,3.220990516093908,0.5375955737915814,6.079849741968668,0,1,5.644671278492195
drv_0066,30.34422911713976,252.8685759761647,4.497560242171987,18.586736266738377,0.5230700612427961,5.86532400794498,1,1,5.77890445956153
drv_0066,206.40696649671236,1720.0580541392699,9.88712640532458,16.955878107329475,0.529216088032455,4.779671753707095,2,1,2.0899519118309953
drv_0066,399.66554414243666,3330.546201186972,7.366076442064791,11.78093203561805,0.5092332670194465,6.1041967870732385,2,0,
drv_0066,24.0,200.0,4.818030870105482,7.050753417808755,0.5468714452111396,6.9642861411922725,3,1,4.1672246125208465
drv_0066,254.60269115848735,2121.689092987395,2.580695844913903,0.9483120449994815,0.5835262988840809,2.0,4,0,
drv_0066,95.25904219059645,793.8253515883038,4.524354141480251,36.838041764591196,0.554609432651359,6.448785936055144,3,0,
drv_0066,42.970143624603594,358.08453020503,3.3713600190938244,25.565468108237123,0.569032066505828,6.15178320597784,1,0,
drv_0066,107.08063648806868,892.3386374005723,5.852420760872975,11.610864326748354,0.4564162233334798,5.498623993212664,3,1,7.62580082362826
drv_0066,24.0,200.0,6.659819867973058,7.460490536313583,0.5653756050125374,4.946079048335372,2,1,6.398675534315307
drv_0066,366.08817820087006,3050.734818340584,2.22975664425764,13.112621107815599,0.5164027783870127,9.290363857755844,0,1,9.527922135323138
drv_0066,362.6883991041276,3022.40332586773,1.829219653029327,5.57138746500894,0.6122084744488848,7.791016981093645,1,1,5.438156982075759
drv_0066,387.732686315239,3231.1057192936587,3.3024570655760455,58.086877321983046,0.4979881167630278,8.544297227566831,4,0,
drv_0066,317.95822681067267,2649.651890088939,1.1701116749013873,30.39503325072986,0.5344150163040765,5.579099649225204,4,0,
drv_0066,24.0,200.0,9.798623814488117,9.315332883816115,0.5817987422917482,7.087528438203252,0,0,
drv_0066,440.8354978302792,3673.6291485856605,7.875886499679304,25.996198999987996,0.5159332035607022,8.785914949541228,2,1,10.396658970206502
drv_0066,589.7219267107722,4914.349389256436,6.9933591480547275,4.138667882690765,0.48425026677005356,3.920065089505399,0,0,
drv_0067,24.0,200.0,0.47169875292884633,52.61557684035195,0.8611422774422495,8.841935171387835,3,0,
drv_0067,183.61609892738747,1530.134157728229,1.6157105869976207,1.34288622200752,0.8816121613233917,10.695337389136347,2,1,11.773231180875213
drv_0067,228.174531887955,1901.4544323996251,2.6373098442580725,28.928827661259806,0.8098792801064327,9.703897089708278,1,1,10.384139618466042
drv_0067,111.64048515651754,930.3373763043129,9.83431506958327,24.911520210666932,0.8483726152623098,5.903848112903969,2,1,3.326136208745572
drv_0067,351.09414366955366,2925.784530579614,9.759450858067137,0.2300991339723262,0.9056892784297297,6.918547201368593,1,0,
drv_0067,24.0,200.0,6.363322062124201,47.15263401760784,0.8478758274745143,8.180222474844154,1,1,8.425953904080696
drv_0067,571.6914866383595,4764.095721986329,0.45516055230589214,29.988091418223043,0.9163095786598108,12.267124007142131,2,1,12.80041454329575
drv_0067,877.3772172725165,7311.476810604305,9.254995443831737,55.14103407221727,0.7905574879116061,10.01850170859755,0,1,11.061974661446639
drv_0067,145.26775030657308,1210.5645858881091,5.708459436157247,32.318323922314306,0.8621672146061595,8.192170644932355,2,1,8.003130578170044
drv_0067,37.55342267979178,312.9451889982648,5.419340828747991,2.374043486921006,0.8456991539623071,7.398236723847085,1,1,6.72484177303874
drv_0067,612.6534121695337,5105.445101412781,2.299745250800825,72.6443281778232,0.7737998554955948,8.853311163259916,2,1,8.723766059305413
drv_0067,178.4071739850095,1486.7264498750794,7.709585925808037,16.942703228859514,0.7593308656175819,8.708783606087518,3,1,8.20924225594269
drv_0067,237.9777493022097,1983.1479108517476,2.751107534331666,31.75017456353361,0.8315183768118166,11.296544039706486,0,1,13.408753775403127
drv_0067,1166.5875623709908,9721.563019758258,9.161255529513706,40.108572100714724,0.8478495031367024,10.217240761557482,0,0,
drv_0067,1257.2323750933617,10476.936459111348,2.2262746778528317,39.50820645555465,0.9510363678947173,9.20130621309137,2,1,9.148654344724948
drv_0067,757.4424995914807,6312.020829929006,0.6794118482089806,8.529287240636542,0.8539449769683939,9.179478856621104,2,1,7.416410207605791
drv_0067,712.7583404738999,5939.6528372825,2.0254110430978436,3.4249822342912712,0.8056199761650265,7.0291146577338175,2,1,5.593775659112255
drv_0067,709.1139360185468,5909.282800154558,6.49118161887078,14.64185776137926,0.879079238365846,14.115705912610384,2,0,
drv_0067,33.24479593467589,277.0399661222991,6.510095018930363,24.255221755785932,0.8442369746803767,9.905994201962624,1,1,8.987853672544066
drv_0067,325.6351919459737,2713.626599549781,6.117829722672067,50.71868054514118,0.8470230992265048,8.959373333136382,2,1,8.790972351669673
drv_0067,58.140721069259364,484.50600891049476,0.5501886060414396,55.57138138432565,0.8857544289032314,11.208827186041642,0,1,10.020804226306517
drv_0067,302.86260175413105,2523.855014617759,2.235851474417496,41.75558151268679,0.871916247371282,9.491750075962207,1,1,9.334437321913594
drv_0067,109.25425446512588,910.4521205427158,2.465389822746168,82.06680916867299,0.8613835652387246,8.735623717156853,1,0,
drv_0067,224.96126652518166,1874.6772210431807,5.83294827107207,18.098500158350646,0.928866425541984,8.528270784906104,3,1,7.771424940813418
drv_0067,81.18374085414433,676.5311737845361,5.259683518481451,2.787819129018001,0.8489161802261229,7.368656473891878,3,1,7.243242002714426
drv_0067,1376.1848991373647,11468.207492811374,0.6410878823241606,23.709907269574433,0.9043701852003748,9.70590665022154,3,0,
drv_0067,646.6808548652541,5389.007123877118,2.9635355369939944,11.998434540564698,0.9016289573295682,12.392280782710902,1,0,
drv_0067,134.96839429686906,1124.7366191405756,8.484851311925464,5.14907609532562,0.8819419592231861,9.487342957615528,0,1,10.792803954702789
drv_0067,78.78677825435038,656.5564854529199,4.022719674921007,46.957054508238784,0.8549010504564213,9.051838360995768,3,0,
drv_0067,592.885933346717,4940.716111222642,1.6863849598054559,55.030374172243704,0.9305054047212169,5.397707926311218,4,0,
drv_0067,54.0145726361379,450.1214386344825,0.36575504530746206,2.4611607768595296,0.8973603661625498,13.85277924107068,2,1,12.416444040483707
drv_0067,381.04875189005986,3175.406265750499,6.889521123297929,42.94332778755794,0.7393495800436365,12.823967379345392,3,1,13.468579532488379
drv_0067,158.75147745964415,1322.9289788303681,5.442302803863509,7.217910674051896,0.831483589775607,7.96850529381458,1,1,7.428486928480008
drv_0067,240.7916382842308,2006.5969857019234,3.9472334824076283,9.01270971995356,0.8279380383569428,6.495966993833148,3,1,4.954910851121234
drv_0067,282.46217593037835,2353.8514660864867,7.436040931862169,141.85629341425246,0.8891803595912302,7.948336051648382,3,1,8.583887530560583
drv_0067,260.9732155461338,2174.776796217782,8.264405370270968,59.04215384859242,0.8295564486087246,7.578194832963944,2,1,10.168531166976653
drv_0067,30.530383972302197,254.41986643585165,9.955839457987667,42.50429320436411,0.8552970689130783,12.07825272039676,2,0,
drv_0067,119.43121627628075,995.260135635673,3.9072227992199515,9.622164086103487,0.9275403166098166,8.620394481469303,3,1,9.802896427336748
drv_0067,159.72227455336716,1331.0189546113932,5.776205223431896,29.329718889892742,0.824974792848658,10.229020051287135,2,1,11.035911887548412
drv_0067,145.13300290708298,1209.4416908923583,0.5557055733963556,24.926220747360503,0.7992574947823761,9.103545489726226,0,1,10.467705944395359
drv_0068,266.74932066850505,2222.9110055708757,7.8453720481177385,76.67143098531797,0.5818463383460937,9.700344612159178,2,1,11.262571854904415
drv_0068,1378.2394304723348,11485.328587269458,1.0447652262228457,24.180507102226514,0.6175661444587679,4.989084902044602,0,0,
drv_0068,73.34853383510693,611.2377819592245,0.44088158374441355,56.597581773040446,0.5776765368689483,9.992012104686337,2,1,10.655075136765747
drv_0068,260.10704698215903,2167.558724851325,4.9834799163059404,1.141488332549016,0.6443607467335898,12.3907511607265,0,1,13.33491789655034
drv_0068,266.1968931146034,2218.3074426216954,1.2795893504915945,1.7051662711468285,0.4810928699289797,7.699539969201252,0,1,8.978797256687704
drv_0068,24.0,200.0,8.672258170794935,0.4689123461316278,0.6158833713795867,10.270267349200395,1,1,8.13603862595353
drv_0068,218.25623255958274,1818.801937996523,6.176405192174565,2.5640667415497975,0.7042052945032562,9.745368309252802,1,1,9.664135009672943
drv_0068,576.0862756143553,4800.71896345296,6.0452461545367,28.822492992178187,0.6929575855810645,11.110915132975816,0,1,10.501535865879013
drv_0068,157.25192752552238,1310.4327293793533,4.424296328266153,14.075727915245121,0.6312562518702416,11.574828677428178,2,1,10.392758683504407
drv_0068,324.5195300149028,2704.3294167908566,8.60153609304702,21.838748265608476,0.5751019539184439,12.042595175482177,1,0,
drv_0068,986.5193634929306,8220.994695774421,4.127986205460968,7.194998195275825,0.616892149341552,9.75675779488594,3,0,
drv_0068,150.06707766792536,1250.5589805660447,0.8707557654973486,105.7416094494535,0.6489446773064758,10.367891915257779,0,1,11.581745661948535
drv_0068,174.24014857880846,1452.0012381567374,3.0408823014193977,63.67977626365808,0.620037062547213,10.885464496122205,0,0,
drv_0068,707.3518594749872,5894.598828958227,2.205698902958515,4.498345719059281,0.7073838064675854,8.05659620115557,0,0,
drv_0068,664.0210812987942,5533.509010823285,9.431998766085613,39.406444794743365,0.7082420014184342,9.942844368184721,0,1,8.17429363383733
drv_0068,679.7161949319741,5664.3016244331175,7.387547365745933,9.998066199419494,0.6358237688933792,13.14701106589243,5,0,
drv_0068,880.735950436402,7339.466253636684,5.351836551821824,2.4407827785021303,0.6573991938432109,10.33493080636901,1,1,8.477185364476378
drv_0068,59.612883050723596,496.7740254226967,0.08519406308813315,67.41949544275887,0.7086848237141422,6.77846369690337,3,0,
drv_0068,810.895492245592,6757.462435379934,7.011399934716077,3.350346264653721,0.6909611118909411,10.148535608303046,2,0,
drv_0068,333.0605766260076,2775.5048052167303,4.1498998001617835,12.024490641086137,0.6747623188607359,8.967121806525446,1,0,
drv_0068,78.99240992387115,658.2700826989263,9.465949211576913,21.321006296832724,0.6451521871367589,8.565171233214329,1,1,8.414985504770042
drv_0068,314.2903952498055,2619.086627081713,6.7752843372114,21.157557074748386,0.5545914107432544,6.588011807932843,3,1,7.413977177641307
drv_0068,604.2030000279847,5035.025000233206,1.3506241451527223,16.276725167393497,0.5974697193218992,7.53993931595037,3,0,
drv_0068,220.53026400504874,1837.752200042073,9.087958159482675,35.798908699196666,0.678708045416052,8.800607425904127,3,0,
drv_0068,1174.9911809913383,9791.59317492782,8.051769992043837,1.4500785656486483,0.6719859039783208,10.017615989312601,2,0,
drv_0068,673.6587149406632,5613.8226245055275,7.522842755356297,20.646211460579845,0.5664024968771639,9.211622800720345,1,0,
drv_0068,573.5037036010822,4779.197530009019,0.954702136340565,66.06668218924945,0.6579057025048736,7.645044537233046,2,0,
drv_0068,781.1272213971868,6509.393511643223,9.856830923795506,59.273555698415215,0.6361134958287455,7.419806001534219,1,0,
drv_0068,814.2391341860013,6785.326118216678,7.7383738467412115,68.04315316177583,0.700825286543175,9.702262687728611,0,0,
drv_0068,277.51955354461643,2312.662946205137,9.332904391866311,12.697759469205426,0.7114340684915148,10.130926826444757,0,0,
drv_0068,391.52626224936705,3262.718852078059,8.477369630029617,11.097924955903597,0.5926242194241103,9.461238568973815,1,0,
drv_0068,39.84536766094637,332.04473050788647,5.12841830084409,50.109196054188004,0.6127156205622765,9.638976713472976,2,1,9.193397773233036
drv_0068,354.426930062753,2953.5577505229417,1.283400892832821,17.39002795609062,0.6175695943623836,9.916251778048018,2,1,9.316208100191565
drv_0068,914.0032318822399,7616.693599018667,3.7962778293527446,2.5054648199093137,0.6496880471221933,8.979730278775925,1,0,
drv_0068,135.79469601305397,1131.6224667754498,8.277769657973105,11.548040993994796,0.7275858888318878,6.7022506277620835,1,0,
drv_0068,24.0,200.0,8.11139520778851,33.04834698509715,0.6295807705726731,12.795856976743709,3,0,
drv_0068,461.0913721218045,3842.428101015038,9.872118737624444,3.153532795193491,0.6413506952132194,10.920479837257362,2,1,10.534517597154442
drv_0068,675.5866850073496,5629.8890417279135,1.2487359078429583,41.43440811921972,0.5911482468817018,13.558807746728847,2,1,13.92904959271558
drv_0068,851.0092611101295,7091.743842584413,0.5445734949833325,30.795185246578324,0.6166657111185702,9.885087273174198,3,0,
drv_0068,24.0,200.0,5.349394671868667,5.963103931174879,0.6589670079527302,12.63451824564904,0,1,13.255051039231457
drv_0069,486.1419450070953,4051.1828750591276,8.115514955897325,83.87339579127138,0.4135183688583534,14.309978209791625,1,0,
drv_0069,1121.5602606684863,9346.33550557072,0.524395406831083,7.604858010220587,0.37916882767159865,10.208878531767128,3,0,
drv_0069,79.80838384637714,665.0698653864762,9.652529128057264,9.60649896673836,0.40489592089777987,5.6167570329051895,0,0,
drv_0069,376.217426299861,3135.1452191655085,5.812171938486388,14.779717256799392,0.34996670434676636,9.306626747161067,1,0,
drv_0069,629.7280197671477,5247.733498059564,2.9731777386155924,32.95256107385196,0.3990969902376138,9.194200265805982,2,0,
drv_0069,566.9117888369826,4724.264906974856,9.01401769398911,45.231758875663665,0.5257056226899142,12.121719879794368,0,0,
drv_0069,909.0690188074202,7575.575156728502,2.2418717770363896,39.4225531033671,0.421902712231413,8.05624779128105,1,1,6.871239995665358
drv_0069,583.3772859160193,4861.477382633495,7.489977428464338,4.69317597678935,0.3624905569545746,12.851499104763342,3,0,
drv_0069,38.441985203958005,320.34987669965005,1.1651911705412143,17.80771588935565,0.49441574452892656,9.135944333543073,1,0,
drv_0069,121.75945003228644,1014.662083602387,1.3295563537039068,18.483646024056377,0.3949499677223311,10.649819537994688,2,0,
drv_0069,371.59082771439097,3096.5902309532585,6.8145431183097385,79.21060501524529,0.4878284778177738,9.745650999680484,3,0,
drv_0069,895.3853349137589,7461.544457614658,3.214587162672834,68.78008835974701,0.4437103126726869,10.72600265697762,3,0,
drv_0069,297.2971237472967,2477.476031227473,5.763516220525097,48.79932255401222,0.3584994894998697,8.425987613936385,1,0,
drv_0069,160.71458757666883,1339.2882298055738,9.658198940736074,11.30040358713691,0.49103370338967556,10.31985947304802,4,0,
drv_0069,729.8689334102207,6082.2411117518395,3.7538551479953175,42.46055896593343,0.3963268060392182,10.707978858102232,0,0,
drv_0069,64.76063198989078,539.6719332490899,6.383217113917378,31.188300153657217,0.3856362615285013,9.448470921915217,1,0,
drv_0069,47.6555745379351,397.1297878161259,6.924574966051463,12.462056362457576,0.42734853509572945,12.390000419490327,0,1,11.416702056969632
drv_0069,24.0,200.0,2.285905907789527,9.135253812380256,0.491749293726158,9.54077985095831,3,0,
drv_0069,177.3946965860574,1478.2891382171451,3.0509239486474526,44.50084817527288,0.37907868464987593,12.545893122953638,0,0,
drv_0069,130.5008934980955,1087.5074458174627,7.313150163991273,5.0857139446070425,0.43884764051899633,13.505009569904882,3,1,11.898291156007573
drv_0069,24.0,200.0,9.165740508120052,46.37235253582085,0.3369356558294233,9.780565645687307,1,1,9.989634659309681
drv_0069,130.50569627657907,1087.5474689714924,1.5917033649618328,18.29397753451196,0.37640395248505676,11.681227795888912,3,0,
drv_0069,169.0100090574299,1408.4167421452491,6.889441728635157,22.945758046375808,0.3756529959783287,8.799259560001705,2,1,5.966554619866097
drv_0069,94.41659672523315,786.8049727102763,2.292433342906055,15.838852161163924,0.5012695745811256,12.671937486262781,2,0,
drv_0069,165.1612249533133,1376.343541277611,6.474708170752667,41.98674486910338,0.457010880787537,13.363716063825258,0,0,
drv_0069,236.1034383683684,1967.5286530697367,1.1606460874976587,13.524159858257635,0.46859176958343385,10.859481951590203,3,0,
drv_0069,32.437565298271096,270.3130441522591,9.878557548057152,1.6382117193088357,0.42602756079974613,8.518903659905416,1,0,
drv_0069,128.74952169153767,1072.912680762814,8.885844543481651,43.93329161354712,0.3771859451398499,9.422359825823383,0,1,8.953080428924302
drv_0069,1099.5373216580451,9162.811013817043,6.726729661525503,68.00508899585554,0.3856282529499604,11.559910483960346,0,1,11.337053886697166
drv_0069,119.01263199317998,991.7719332764999,6.778399205583106,5.45679202995783,0.4140870783388563,11.877161234431476,1,0,
drv_0069,220.0846942433052,1834.0391186942102,0.18689468910995877,43.55078052660759,0.38516492189558993,9.838990237459067,2,1,12.263614231448624
drv_0069,554.1610042535007,4618.008368779173,7.865292750558213,49.06188291123798,0.4202328874051306,12.061266516754955,1,1,9.291015507186938
drv_0069,152.78220259050096,1273.1850215875081,6.124558306550529,12.742906719814826,0.3991301019541624,10.65477717538438,1,0,
drv_0069,275.7103792757668,2297.5864939647236,3.138715779777849,4.100324070701009,0.38771455658968323,11.365581278948138,2,1,14.481978139078961
drv_0069,311.1299029953297,2592.7491916277477,5.286985927329296,1.913140286181432,0.381525417533888,12.254313635499742,1,1,10.572225485761424
drv_0069,108.6308960401017,905.2574670008476,7.5839472867925615,0.21724682806239717,0.43350199310232607,14.481406889762422,0,1,10.62621805033126
drv_0069,24.0,200.0,8.491608022623126,2.5395849193507996,0.3836878504484245,8.944822232965366,1,1,9.404830270773386
drv_0069,24.0,200.0,3.859669831413192,28.30887124769798,0.3522049373521,12.149075247677168,3,1,12.623303230384652
drv_0069,1044.8004757513966,8706.670631261639,5.768431398821562,1.7110247174005162,0.44220240525148513,9.559711695604431,1,0,
drv_0069,24.0,200.0,4.829642222792,9.792528124573488,0.35892196934999765,12.077741752526164,0,0,
drv_0070,124.8348795431316,1040.29066285943,5.4328049747346405,42.27972903732836,0.5536221674054767,5.256947143157838,1,0,
drv_0070,654.6155591930008,5455.129659941674,4.539651628245708,13.37654352189426,0.6815946215586595,4.714680134308284,3,0,
drv_0070,748.6735764749618,6238.946470624682,7.022773637350044,14.318516286352786,0.7248663330400601,8.967987602088616,1,0,
drv_0070,492.6296681783387,4105.24723481949,5.029858062918153,37.812699507121266,0.7328239092043745,7.244014951080212,5,1,8.4565206073029
drv_0070,24.0,200.0,6.8620185486630465,90.25002905045713,0.6456600300459374,4.859397571385116,4,0,
drv_0070,112.08651406047152,934.0542838372627,7.62351708499737,0.3133658356699145,0.58304726159947,2.9046510631619715,1,0,
drv_0070,392.7496501508239,3272.9137512568664,1.470769522717228,0.9357418791346612,0.6774711753702718,6.058033348066429,1,0,
drv_0070,150.39629074179572,1253.3024228482977,0.3689646254853618,10.919198412528637,0.6609776329999355,2.0,1,1,2.1966051354455
drv_0070,66.48694871908609,554.0579059923841,2.8310506414952883,44.52108897247814,0.6746670119707989,4.487016085387786,5,0,
drv_0070,1190.8158301877966,9923.465251564972,5.012627041353594,56.34863325182827,0.6971116084751936,10.259355058405985,2,1,11.884293605142037
drv_0070,650.3550441175946,5419.625367646622,7.037599353901043,2.6558046302306746,0.6250195031593457,5.749680073588635,1,1,5.5596163350091174
drv_0070,114.41665099551689,953.4720916293074,1.5325959167953074,41.27077221486268,0.5279244238969236,5.279120970253183,1,1,4.487491018057131
drv_0070,1191.058318873059,9925.485990608826,2.1269651308217066,33.62504371810263,0.4892618498691116,10.803159694569246,3,0,
drv_0070,1507.6199317109892,12563.49943092491,1.5689625545987729,10.886783234217553,0.6057934414781895,9.31335664745577,0,0,
drv_0070,795.331055494381,6627.758795786508,8.309073724181928,15.208912236413799,0.6027851235036896,5.626550536617628,0,1,5.4312795411729855
drv_0070,166.36273067673525,1386.356088972794,8.65764756764753,34.77049782193876,0.6699731152875293,8.55537683659016,1,1,8.837004728593088
drv_0070,24.0,200.0,4.8490600690894645,9.36095537354734,0.6399547841556705,8.36130988667159,1,0,
drv_0070,209.77518750014775,1748.1265625012313,3.95234031948097,110.88468224754,0.5485798026968793,2.486393290651402,0,0,
drv_0070,60.04491710077303,500.3743091731086,0.9827552219606006,61.33831919310575,0.60298795194977,4.303954042973848,3,0,
drv_0070,42.37268596633616,353.10571638613465,8.505102114876465,43.425798158887446,0.6923764543496036,2.4959203806524397,1,1,4.250623942255328
drv_0070,407.2056900583135,3393.380750485946,8.640395379803072,7.98468885524554,0.6389505505797793,5.148141916129226,1,0,
drv_0070,479.16883204150275,3993.0736003458564,2.7458318188773436,13.928545228025323,0.6941464402465298,6.240840467212701,2,1,7.885984852420954
drv_0070,180.8028902237076,1506.6907518642302,4.65434076579769,17.904681071649,0.6944937653945141,2.1903293322115944,1,1,4.317920789879787
drv_0070,95.44018873737177,795.3349061447648,0.9162221458705944,2.7738369640451417,0.6153723437227397,2.4974483410823587,1,1,2.0131933530757253
drv_0070,477.5322490374705,3979.435408645588,2.7046573864713186,50.50707137033991,0.6225102724015211,5.115764089175572,0,1,1.1256039216378309
drv_0070,315.29154045400753,2627.4295037833963,2.8363088506426526,11.563854619036062,0.6134507551978244,5.719049003714897,2,1,5.036821623597913
drv_0070,24.0,200.0,0.4566638444666249,8.720048408353392,0.6937563062234512,7.581182697325917,2,0,
drv_0070,860.058291671256,7167.152430593801,4.090183015001921,22.354580274466795,0.6043753834853384,4.086952495016084,3,0,
drv_0070,558.9331043886757,4657.775869905631,1.553234130565565,19.29621282711398,0.7458621852461884,4.263500348613445,1,1,4.99662813838002
drv_0070,125.73521602538955,1047.7934668782464,2.9147092097423357,109.463782653448,0.6653875000479582,2.0,5,1,1.0
drv_0070,150.81552667913942,1256.7960556594953,0.30018824411710443,22.189058203802297,0.6038219952924028,9.282658293045142,2,1,9.994819750657541
drv_0070,273.7014214964281,2280.845179136901,7.421764378313868,12.334325363937653,0.6383182299939706,7.431526666413736,1,1,5.326268765714603
drv_0070,132.99717282803329,1108.3097735669442,9.462111432531575,1.458713207657893,0.6206393888584264,2.0883558636263895,2,0,
drv_0070,438.7903711463077,3656.586426219231,9.349067807129655,5.591732159082128,0.6646517777176563,7.2721850727320145,1,0,
drv_0070,242.0487653510323,2017.073044591936,6.023303102045292,7.824242468812464,0.5858283731054524,6.670350265233109,2,0,
drv_0070,71.68248608070795,597.3540506725662,7.3073665325790405,24.783554198605774,0.690045199254966,2.953334462729309,4,1,2.264759213076446
drv_0070,712.9712584968578,5941.427154140482,0.39200330997623434,13.278896228191973,0.592458809785922,5.758466110390625,3,0,
drv_0070,93.48875032766803,779.0729193972336,1.8685423788416422,13.531743414734974,0.6145409314153027,3.3237730164425194,1,0,
drv_0070,177.5328476814681,1479.4403973455676,1.083793675341096,37.14183674059651,0.6419190137192675,2.8989080078943745,1,1,2.136935923109875
drv_0070,443.49192495546833,3695.7660412955697,2.9446803405595947,5.863809916748392,0.6696889984189455,6.08484756779241,3,0,
drv_0071,355.3367954532965,2961.139962110804,8.73539218619192,13.743334748380407,0.691475957475622,7.394959260131523,0,1,6.159351083301255
drv_0071,121.46347307171307,1012.1956089309423,4.237074780746601,12.555909804214956,0.802585289512262,7.831966335099077,1,0,
drv_0071,105.18631798493657,876.5526498744714,9.765945806454454,63.37536075942391,0.6911046034579998,9.471998609562549,1,1,10.47861372353011
drv_0071,331.8750949557621,2765.6257912980177,8.532668509202699,10.86090295711178,0.7185873654985829,8.866767086778582,1,1,9.2836019164378
drv_0071,80.82444618777257,673.5370515647714,8.421332349590664,0.1790251713426531,0.6991675072288154,8.83881081919565,2,0,
drv_0071,292.93812372525554,2441.151031043796,8.889294499446397,44.4690826725937,0.7582157662310562,9.337119058950696,1,1,8.820701350830703
drv_0071,123.6609796707732,1030.50816392311,5.486624421579716,23.761718550846552,0.6956197663005989,10.353479452990022,1,0,
drv_0071,271.9367117014592,2266.139264178827,6.824979047940321,2.3135536535003034,0.7033817865205236,8.59541161240081,2,0,
drv_0071,1532.3905821339858,12769.921517783216,2.4030522477161185,26.511770580855377,0.8277692142346919,7.725998294117545,2,0,
drv_0071,1208.705614225528,10072.546785212735,7.694132524743865,57.81045688028481,0.6862625980592749,9.174466765940293,1,1,7.959574454120357
drv_0071,314.0406286628514,2617.0052388570953,5.112833556589095,48.81360875378438,0.713585047293286,11.541383408160325,3,0,
drv_0071,886.2622943420488,7385.519119517074,0.4402823202879502,13.95406345119195,0.7738694344034176,5.280124900864932,4,0,
drv_0071,99.30826013413629,827.5688344511358,9.210589999447802,56.21236659226206,0.7192890169366879,8.50634121330373,3,1,7.0261669892467795
drv_0071,183.43127544069526,1528.5939620057939,5.926508056066567,73.77683136190424,0.7983854170596361,8.938676112837342,4,1,8.188954786347402
drv_0071,301.4493839866592,2512.078199888827,2.886866487970887,29.18437695499459,0.7430069933093565,5.716801588332954,2,1,7.050627607205203
drv_0071,169.36786054078948,1411.3988378399124,0.42073161686459026,51.76745568409886,0.7371349991137829,10.732592298819585,2,1,8.53421610288021
drv_0071,356.72115723599114,2972.6763102999266,7.074298169131148,31.413262726519978,0.7117770942321743,8.800664373887942,0,1,10.130202214491579
drv_0071,1103.0669439945689,9192.224533288074,9.613785481204106,0.25698630232973996,0.7125546332443069,6.633392824124077,1,1,5.65061370179264
drv_0071,211.86737672217754,1765.561472684813,7.179933810092417,4.439627365221423,0.7493344596925166,4.938671422423157,4,0,
drv_0071,192.07898280211654,1600.658190017638,1.9721731136797982,18.137899400533488,0.6870892716183776,7.8450691234558265,1,1,10.107995800923002
drv_0071,138.97741041483854,1158.1450867903213,4.656808146825422,11.164913796195261,0.7605410614340907,10.078539174668197,2,1,13.168709729679424
drv_0071,416.29057306096485,3469.088108841374,7.892963050277696,5.325212346697884,0.7082643124791798,4.974975896457282,1,1,4.552414031113591
drv_0071,45.998604615155024,383.3217051262919,3.8961512867424952,34.582433731323135,0.7350331271976499,7.22155678312618,1,0,
drv_0071,100.72942499976777,839.4118749980648,3.2521087332471375,64.73188274124735,0.6501739843769817,9.149474248894549,1,1,7.753152936900079
drv_0071,136.80904846371885,1140.0754038643238,2.2615919150282817,25.06538408862579,0.7613514949441309,7.660677627009221,0,1,10.194562131707146
drv_0071,445.095060567742,3709.1255047311834,0.1800252621323084,5.95064904056828,0.6788094749750122,7.622910384089992,1,1,7.469788251325847
drv_0071,40.285341969888925,335.71118308240773,2.9224893706409727,51.13089749263612,0.7689168001474462,6.43586408285351,1,1,5.741951029556741
drv_0071,61.80345975580064,515.0288312983387,6.202171998747899,1.7705049455303505,0.7926847139736729,10.484927250732705,2,0,
drv_0071,997.251304201296,8310.4275350108,6.832920068155759,1.583415556108025,0.8099954502298147,5.71510953011677,3,0,
drv_0071,54.069764530942194,450.58137109118496,0.23515585695341845,20.537271218381594,0.6703759051291857,7.949839306292779,3,0,
drv_0071,157.6648407379876,1313.8736728165634,3.4871928993424097,0.2753881745692688,0.7089271597407604,12.735026326214143,1,1,14.06816226635451
drv_0071,115.06513104786481,958.8760920655401,5.798922975643338,7.199540821082993,0.8347632420211235,7.798624208677679,3,1,9.472569040528589
drv_0071,802.6400485468879,6688.667071224067,3.5486827380431163,5.947733169872149,0.7777573510505493,5.5870749514241265,1,1,2.422047428096655
drv_0071,231.15389085470778,1926.2824237892316,6.876795265060784,7.945658383200297,0.8224204097286159,9.639447070714738,1,1,10.000612132181272
drv_0071,451.85336459437565,3765.444704953131,4.866156095839673,34.1753327368185,0.6905537097911789,5.96121838099048,2,0,
drv_0071,94.56320488693427,788.026707391119,9.69954920616528,12.488527645552002,0.6950556405980561,6.118024875892801,0,0,
drv_0071,1012.6204956608077,8438.504130506732,8.344283474134308,56.312849166100364,0.6897728385976166,8.878296431512714,1,0,
drv_0071,76.3811361839126,636.5094681992717,2.92188139423987,5.195466953199146,0.7593576721378069,9.901577278329404,0,1,10.176009373727922
drv_0071,658.9536363664528,5491.280303053773,4.148422138547263,95.63950302710813,0.7733771422483999,5.553142574867559,2,0,
drv_0071,229.18909796164763,1909.9091496803971,5.1669215541024265,51.11427170646302,0.7619361580797042,7.03140015453448,1,1,6.133117549280165
drv_0072,295.94580386490327,2466.215032207527,1.7410423475733416,17.283638875651796,0.4171895431021293,2.97646226430076,0,0,
drv_0072,524.698059027847,4372.483825232059,7.458605339318297,38.71639329040959,0.3694238047213048,9.720701467449201,2,0,
drv_0072,24.0,200.0,6.466751475224941,5.194995386746138,0.3596907805589191,7.601719132493555,2,0,
drv_0072,295.29554841468274,2460.796236789023,8.253879366272535,20.67815176084082,0.35381252858642903,9.765486443917546,2,0,
drv_0072,127.37376394922751,1061.4480329102294,0.08163712504883236,34.19299036431285,0.3987849166992866,11.148508927137584,2,1,11.708800107418693
drv_0072,28.284021910179707,235.7001825848309,4.852878212865907,8.524496941616688,0.35734931324771596,9.04643068028117,0,1,8.110855320182946
drv_0072,72.99434309388228,608.286192449019,2.1801261058719867,52.747198319817805,0.35037704964235183,5.772281757978435,0,0,
drv_0072,1041.2581072467692,8677.150893723077,8.256566938628009,58.61502753390922,0.39585135431416785,6.6858507269840075,0,1,9.572959710057901
drv_0072,302.3031822578092,2519.1931854817435,6.331942655606209,21.550100445873575,0.3711235479421776,6.676083169667887,2,0,
drv_0072,43.264206506575995,360.5350542214666,6.8411764059239,49.5599416711716,0.31958810597166226,7.322807150135631,1,0,
drv_0072,25.382461644640095,211.52051370533414,4.250242424489281,52.64102952233992,0.2761030601952579,6.349627981157367,2,1,3.446194243350501
drv_0072,651.4570237144557,5428.808530953797,5.223881700573406,7.689397778493455,0.29874201283005586,6.661158996174871,2,0,
drv_0072,155.9651419946148,1299.7095166217903,5.5302206456181064,133.31407916369784,0.3433913806155362,7.504549389300538,0,1,8.53909159668853
drv_0072,159.88834556510528,1332.4028797092108,2.9764325960559503,66.35005393546966,0.34058397203905555,5.396136060828669,3,0,
drv_0072,533.767044294793,4448.058702456608,6.220454239202773,26.47904905794763,0.3866140656874928,5.608057059097613,2,0,
drv_0072,787.570165844308,6563.084715369234,0.04366270644658221,9.63619504586637,0.3672870161896996,6.0997661353587755,1,1,6.092325729102193
drv_0072,143.36189284175225,1194.6824403479354,4.5030799655592135,80.72008690260523,0.38473186957743877,8.019779761651165,2,0,
drv_0072,1517.2758170810393,12643.965142341996,6.373545196707207,21.758022052032157,0.37125548887916204,7.99243683582993,1,0,
drv_0072,24.0,200.0,9.51670328084044,8.5338085041996,0.3810817667138592,5.917455617605047,2,0,
drv_0072,668.1249848489865,5567.708207074888,9.140754269079425,9.65141875352355,0.3424687051397922,8.27850045348109,1,0,
drv_0072,149.42059275250244,1245.1716062708538,7.755405673601844,46.66468330801159,0.40679568087571705,6.9113634635384384,2,0,
drv_0072,24.0,200.0,4.910636755858867,63.37433483130516,0.32261454232329895,6.624032065425689,2,0,
drv_0072,24.0,200.0,8.742714926160321,38.96976953839037,0.33012004087908525,10.688053519462477,0,0,
drv_0072,24.0,200.0,0.46135231002208177,30.072887614896302,0.3913452902364593,3.376881568625711,1,1,4.757445865703345
drv_0072,31.85722983389958,265.4769152824965,3.054743019246958,58.32656351147841,0.3166396323584999,6.377505623212748,2,0,
drv_0072,24.0,200.0,6.734559957250755,37.05473398595198,0.3570739267370393,9.016421923305975,2,0,
drv_0072,982.7534671953563,8189.61222662797,5.887796388747459,3.136616443138754,0.31579922144584455,8.122706520310523,1,0,
drv_0072,85.00225850110873,708.3521541759061,8.761962263584936,13.709065689891187,0.405526512362952,6.4280044313375955,3,0,
drv_0072,124.14786689480349,1034.5655574566958,6.34444400157591,43.825476979776326,0.21624991285597972,6.0116301257624345,1,0,
drv_0072,822.9932698865111,6858.27724905426,1.321869805912187,19.37289947549857,0.40627499487135266,8.275077459013543,2,0,
drv_0072,472.9378591310292,3941.1488260919105,9.380263468202617,21.96976744488042,0.31763137737287833,8.045684687034512,2,1,9.446718744968207
drv_0072,191.48222255819064,1595.685187984922,3.096557874514647,24.011791898917398,0.36742505703790496,8.545495134216129,1,1,9.247271973000434
drv_0072,1073.737513731076,8947.812614425633,8.296709838911479,40.88572570550546,0.39583881162281864,6.2072430344047875,3,0,
drv_0072,1092.69353108331,9105.77942569425,8.706747910834098,51.42258036484618,0.3068981361130359,6.604375794732659,1,0,
drv_0072,28.21754660284948,235.14622169041235,4.151399141127984,22.999062445944762,0.4181603945086531,7.164137574996747,2,1,7.264450505248118
drv_0072,372.79255992387357,3106.60466603228,2.5211888227927415,3.3725341161771154,0.3635753314601628,6.905829155022853,1,0,
drv_0072,78.06564472860047,650.547039405004,1.5186621183944338,4.9784750678570004,0.376764309529221,3.2482303595125295,2,0,
drv_0072,228.67496060542175,1905.6246717118481,2.5898813886163086,61.575945063570714,0.3615344784388307,4.734239974100635,3,1,5.566801845883223
drv_0072,331.4394227939354,2761.995189949462,4.7142041716302,52.457303811329595,0.46474294309740716,6.265279433221468,1,0,
drv_0072,313.0309495684736,2608.591246403947,4.09533991437924,4.180330275465606,0.40758300296261135,6.7324697556501745,2,0,
drv_0073,1170.3229991635073,9752.691659695894,8.865962779514794,28.067276983431235,0.7273750158269658,2.569740637558874,1,0,
drv_0073,41.171112819869755,343.092606832248,0.45163214758847325,3.243016076790075,0.6559355063706807,2.0,0,1,1.0163020810880035
drv_0073,54.47891137242875,453.9909281035729,4.450251051150297,0.8976702564921638,0.6470809208365911,2.4159751799023272,0,1,2.4066033437216006
drv_0073,103.06217698271496,858.851474855958,6.68569135859845,54.97765925771182,0.626075982201697,4.960866871757099,3,1,3.0085106502049594
drv_0073,239.88630483940156,1999.0525403283466,7.347203422013545,27.79103010303394,0.7336872720909596,4.7738480214292895,1,1,2.1130486746816897
drv_0073,290.9898426861148,2424.9153557176237,9.779344806796663,24.427842366029502,0.659895028123851,8.72662949594341,3,1,8.264348379557017
drv_0073,219.49362725489493,1829.1135604574579,6.136126122471536,5.92372116710102,0.7001581244132896,7.4558481680299815,1,1,7.736919546124804
drv_0073,258.28099369742256,2152.341614145188,6.22668926140463,57.8325112031407,0.7791526996441756,2.131029928242723,3,0,
drv_0073,24.0,200.0,4.052217681812199,36.755831155638134,0.6005502558265525,3.8817807680980616,4,1,5.42700542185287
drv_0073,246.3839345697204,2053.19945474767,7.801911172261846,3.467847508127109,0.7342950093877588,2.552513744783389,3,0,
drv_0073,757.4591002791856,6312.159168993214,4.530562222904523,50.08983555308691,0.6654402693410855,2.6249586414086665,1,1,2.035870464357303
drv_0073,24.0,200.0,9.167335121245397,0.14194943304583343,0.7288791957287968,2.0,3,0,
drv_0073,1019.6256167243685,8496.880139369738,5.13399816032993,11.708801005697746,0.6986186162137438,4.368070258230882,4,1,5.882274610243922
drv_0073,668.6720160028959,5572.266800024133,4.730377589197624,16.83512021208469,0.7834591187659735,2.1362792617374207,0,1,1.999798102667502
drv_0073,152.2455674310765,1268.7130619256375,7.880633741303065,54.1397602803134,0.7175747315381172,5.731415169171945,0,1,5.915618025466189
drv_0073,43.14904409268409,359.57536743903415,2.748319138672546,5.680545200194107,0.7273413154591254,3.817434248877931,1,1,1.0
drv_0073,159.97257892224155,1333.104824352013,8.692488279626918,43.38761103448579,0.8211562166586261,4.859741934540855,2,1,3.616751589440117
drv_0073,509.03624852862134,4241.968737738512,5.654509400800954,36.356493783201074,0.7552691914309699,6.761796216737318,2,0,
drv_0073,97.26635685216071,810.552973768006,6.1367400643131855,61.73868612048036,0.7235097690132481,4.14714030849355,6,0,
drv_0073,80.4478305902494,670.3985882520783,6.236246719536357,21.035039618196357,0.6931531266058462,5.335066778450997,2,0,
drv_0073,313.1325169806949,2609.437641505791,5.741418439306124,59.37644007505185,0.7078090590989997,8.146921132034464,2,0,
drv_0073,24.362658376564866,203.02215313804058,0.18989678321467585,4.235710353145845,0.6853819124642249,5.117984259809845,3,1,3.65562874690843
drv_0073,512.0591976865765,4267.159980721471,5.999160776055703,42.091807549005594,0.7482908650552166,5.383723939171668,2,0,
drv_0073,301.39742255298563,2511.645187941547,0.7488961214281564,30.362498112562392,0.6890143060654623,7.661476836407864,2,0,
drv_0073,438.369764593468,3653.081371612234,3.996718895696186,15.050199400059219,0.7442502257941116,3.6381193541381975,1,1,2.559778918192117
drv_0073,68.51851270791101,570.9876058992585,8.231778702226718,55.10231048363877,0.7377138910644727,5.746627331059057,3,1,8.553108042290836
drv_0073,454.4089635092661,3786.7413625772174,6.996504859865698,2.7839727723772714,0.6978953671998281,4.794083147768904,0,1,6.570769865398935
drv_0073,145.70628010495403,1214.219000874617,5.701847686611376,15.720553083444704,0.7773940819769751,7.861016572523557,2,1,7.202269705596794
drv_0073,458.4143107041004,3820.1192558675034,7.476857005730735,1.218474542083515,0.7568091121795754,7.982965270772886,2,1,5.594312644265524
drv_0073,213.51634082860085,1779.3028402383404,1.5146463906114516,22.479144134795852,0.7776984231814289,5.199755432300682,2,1,4.2314179864950106
drv_0073,420.55191048910405,3504.599254075867,2.911037648471998,33.88536145385848,0.6881116802870686,4.63706934063458,1,0,
drv_0073,300.2564787942273,2502.1373232852275,2.382029147679603,84.89757528176511,0.6921911330747307,7.905965876517113,0,1,7.24842428197982
drv_0073,153.9332729221053,1282.7772743508774,9.325356036514208,20.279209917035622,0.8053634975701738,7.20064190846652,0,1,8.930643418608334
drv_0073,380.8632028663592,3173.860023886327,9.90051766959898,9.24386077681107,0.7358523676758433,4.842103121142054,2,0,
drv_0073,130.81687924348208,1090.1406603623507,1.9548800230182084,16.13661674239152,0.744552808420014,4.79447631027056,0,1,4.74220102112359
drv_0073,453.69729706873875,3780.8108089061566,4.462105744281178,2.8490052245516027,0.7413551355050996,6.974490026740506,2,0,
drv_0073,143.19761108947228,1193.3134257456024,9.500974068119255,19.5088646501941,0.7203886094827224,5.650847525255897,2,1,6.738510877962034
drv_0073,510.0485923013759,4250.404935844799,5.307963784016286,4.044714333444811,0.6962825773860529,4.869168219036623,1,1,1.572504959701476
drv_0073,639.7039072050528,5330.8658933754405,1.876857724732932,33.45178455279421,0.7290502201202627,5.972505376933816,2,0,
drv_0073,464.5873821500526,3871.561517917105,8.07279295269428,8.18613026866956,0.7722022244559712,2.6019386269247247,1,0,
drv_0074,322.53697520424805,2687.8081267020675,2.6031337223636997,9.468171207741827,0.8149993054174368,5.3595928711386165,4,0,
drv_0074,239.77164766841597,1998.0970639034665,8.114316717760168,17.065080917331883,0.9116902199448,3.1077814346416783,0,1,4.204237822895181
drv_0074,56.433157021940154,470.276308516168,8.03562818884428,23.612012737614467,0.7962692330325486,7.293246065756322,1,1,6.026098453474751
drv_0074,141.90705766349444,1182.5588138624537,1.6036137692300023,91.93566617169296,0.8998218765826727,6.408143165369998,4,1,7.886803197306798
drv_0074,474.60746035397693,3955.062169616475,5.533565482658095,45.50379986626585,0.7135739665702987,4.587714930864716,3,1,2.977755863832275
drv_0074,111.34158654183845,927.8465545153205,7.280383769750028,10.271861645307682,0.8180547311308576,5.70586570879248,1,1,6.7022488767702555
drv_0074,268.8421332746112,2240.3511106217597,9.111984354071808,11.729444228547917,0.7513558324704117,5.547455374367555,5,1,2.5754148153468828
drv_0074,469.33440225512527,3911.1200187927107,0.9119850760411663,12.159366698384666,0.8783095348005454,3.3715268314850473,2,1,4.604253405821172
drv_0074,513.5302973869548,4279.41914489129,3.3976000969457165,25.44089765324883,0.902037102749599,2.6023851212884272,2,0,
drv_0074,519.6680845274769,4330.567371062308,1.1697237727892518,52.136855814653366,0.8524756203876567,5.6887158932251385,0,1,6.519976712117944
drv_0074,142.6739349867104,1188.9494582225868,6.074785852327308,75.13892585524748,0.8131632139120492,5.725870398395532,1,0,
drv_0074,414.532535315549,3454.437794296242,7.9724360899083475,5.740196924991586,0.7600918132842751,2.0,2,1,1.742378343386571
drv_0074,69.50591782658148,579.215981888179,0.299231925060347,53.102877838542284,0.8258631273869902,3.796688416847094,3,1,3.7586446393791864
drv_0074,24.0,200.0,2.5798139455650704,1.4469040232971984,0.8979464717960811,4.23482983614873,1,1,2.5518684946939643
drv_0074,242.27608240056458,2018.9673533380383,8.114874271756118,58.55606215648588,0.8321735728112701,5.381313886556296,2,0,
drv_0074,90.05775050170989,750.4812541809158,5.529207945704352,22.05174167386786,0.8367263541030195,3.8997935180219825,1,1,5.945877479835952
drv_0074,81.96855709446265,683.0713091205222,0.18652729665281864,48.75868679780085,0.8153827420894051,2.0,1,1,1.410056707873757
drv_0074,73.3715223735014,611.4293531125118,1.939414116044721,31.609863664650593,0.9294525416102711,5.008845134693564,0,1,8.264368422146315
drv_0074,934.3236124165237,7786.030103471031,8.183604994215315,21.520332078927773,0.8414992802348367,3.9789950814625006,2,0,
drv_0074,491.206244556322,4093.385371302684,0.3518725966813341,7.546585302985702,0.7579466023396824,4.206161872561836,2,1,4.745340084199038
drv_0074,211.93286396613587,1766.107199717799,9.422935649348036,58.24633424335812,0.7997363348884635,3.174152411012645,2,1,2.9288959605362757
drv_0074,681.3994010561203,5678.328342134336,3.586100164463184,7.49893014131284,0.8239107376385061,5.5779722950344635,1,0,
drv_0074,517.4108841014233,4311.757367511861,2.974177631420909,8.16131983155275,0.8501014489855712,5.454509831091592,1,1,4.161751457183158
drv_0074,116.26771069809071,968.897589150756,4.569532293081724,14.513279118526167,0.8916160983898193,4.816078734506434,1,1,6.424252535908616
drv_0074,249.92005207197064,2082.6671005997555,4.249738337573018,13.391401904465754,0.7952951685109229,4.419068288437582,3,1,3.337809855667187
drv_0074,217.3869460444817,1811.5578837040143,4.405082470893245,0.5461768643516144,0.8756404579661455,4.409567070773319,0,1,4.594985567155074
drv_0074,154.11535202335585,1284.2946001946323,8.517235405758884,50.55524469379533,0.8133234226875911,4.7308885256126985,1,1,4.292582195059225
drv_0074,82.62301883993105,688.5251569994255,1.244362013986261,18.582846367143187,0.8763472911704736,5.488068828724149,1,1,5.60505363695434
drv_0074,1640.0445029673735,13667.037524728114,8.527604363213651,0.3472241171005118,0.7935227148405332,5.202494901638545,1,1,7.972963006591278
drv_0074,831.187929959617,6926.566082996809,7.56684241822311,1.3966353356304086,0.8359100682914594,5.367570770335734,2,1,4.1286904882614355
drv_0074,87.92239688595224,732.6866407162687,4.481746287177693,3.181618346328422,0.9055356480485095,7.0659488614141654,1,1,7.140375069340055
drv_0074,195.37087158058839,1628.0905965049033,7.2015979943310535,8.356875600706081,0.8062364807207614,3.398886564615622,1,1,3.085973695816085
drv_0074,24.0,200.0,4.155273404212214,36.02241566805199,0.7734140015242352,2.0,2,1,1.9382067697143375
drv_0074,136.87661152680852,1140.638429390071,5.674489951987221,29.87805293981423,0.9049424001076493,3.5448339350562956,0,1,6.647163453519585
drv_0074,641.0486646199848,5342.072205166541,5.347533916006572,17.762442332996617,0.8072080569638834,2.544302833498973,0,1,2.0506698805732713
drv_0074,641.3934888436786,5344.945740363989,2.387646262336247,6.716423544358307,0.8348399404090747,5.105473747964224,0,1,5.590452309628276
drv_0074,183.76801276258257,1531.4001063548549,8.665710221738507,3.4394821175456967,0.7716837532307327,2.0,2,1,1.907858769881895
drv_0074,24.0,200.0,4.394561882009016,7.249274641535616,0.8318072630553769,3.711822267624485,2,1,2.025595679612603
drv_0074,38.54867176139398,321.2389313449499,3.8791170390640675,43.367007942288794,0.8181486236933392,4.661671295913182,2,1,5.354740944487061
drv_0074,40.66846145832184,338.90384548601537,8.580196219327487,18.00396462399412,0.7592860636859433,4.550133877399519,1,1,4.430984947729328
drv_0075,46.29225872418727,385.7688227015606,9.065356493161241,19.218617707215472,0.6602940662684125,7.242418983832908,0,1,6.545267525035315
drv_0075,31.76176506138134,264.6813755115112,5.0621472537456995,34.75917601805204,0.6640392708884714,5.580458322984372,0,1,7.155401260928909
drv_0075,898.8954719778036,7490.79559981503,3.105883976324826,13.741733095219685,0.6620353661429729,3.9598205392193764,3,0,
drv_0075,37.86772639597677,315.56438663313975,9.703800779503062,41.151017959664195,0.6278867388731688,9.210475873406546,1,1,10.432980387366383
drv_0075,354.958101177303,2957.984176477525,5.814968866768465,8.708233221991373,0.5840111939521714,5.9798709263776635,4,0,
drv_0075,529.9840427452016,4416.533689543347,6.967263043900474,5.975186042438441,0.6018800546749674,8.576372751847392,0,1,9.644960840133075
drv_0075,1316.8895906031255,10974.079921692713,0.4763690337582893,33.230916992492425,0.67406297236027,8.816680393364335,1,1,9.352438406675692
drv_0075,302.1810636764709,2518.1755306372575,2.7595240651026764,9.842899340643513,0.7088209623696058,11.600536930921761,2,1,11.989287613923407
drv_0075,542.5463403929848,4521.219503274873,3.4542239493269045,21.49908249964087,0.5591655743436812,7.027965759338847,4,0,
drv_0075,303.85254611522566,2532.104550960214,2.6930203309730505,27.033142945448866,0.5491988959717249,3.060892985893953,1,0,
drv_0075,870.8195788156517,7256.829823463764,5.567263458766175,25.286298871336832,0.6519605618021634,5.948685564931864,0,1,4.487741213631657
drv_0075,515.201666621791,4293.347221848258,8.726420767801216,28.453049976633057,0.6739639785880206,9.291275260415958,1,1,10.308634575428382
drv_0075,300.58168405256447,2504.847367104704,9.188424807917578,48.40010105330768,0.6767468274159724,5.338913510790415,2,1,7.54489014392508
drv_0075,118.75695509307461,989.6412924422884,3.5343718261005486,17.79180622705378,0.6328274093534281,8.37043822607089,1,0,
drv_0075,345.07177826719465,2875.5981522266225,5.5267235812822015,20.142538735783994,0.6051853762319391,8.192450878823575,1,1,9.2687185903881
drv_0075,394.81488403575327,3290.1240336312776,8.835877740973073,6.327902069026349,0.6479981098327646,7.004211861227679,2,1,7.302926739615
drv_0075,67.79121824997245,564.9268187497704,7.213444138500799,16.908008114768702,0.5944100954550476,8.159200256841784,0,1,9.315711441544632
drv_0075,883.5575750576072,7362.979792146727,4.029980927339615,39.08824848338275,0.6648185840866282,9.16161060843417,0,1,7.683620236076981
drv_0075,432.33175713678867,3602.7646428065723,9.753509094327697,45.1357631239301,0.6069974991025547,5.487327359385357,2,1,6.8459241112441065
drv_0075,55.291149465881524,460.7595788823461,4.300100596468752,26.338759986258317,0.6018551604574437,6.7412102355186905,2,0,
drv_0075,69.45608757141227,578.8007297617689,9.890043588185213,50.834727041614485,0.6518357745302361,9.677714968260013,1,1,8.693708449022388
drv_0075,182.7051985189,1522.5433209908335,9.216523879416933,23.291198338614294,0.6288050258215134,5.111903600092748,1,1,2.8984060053172582
drv_0075,99.83592007405908,831.966000617159,0.4597816971994584,80.43144664873579,0.6998649186020673,8.000216109968084,0,0,
drv_0075,25.822503672039865,215.18753060033222,9.489720931242449,25.96539835584444,0.6688329463879791,9.680535417415811,1,0,
drv_0075,340.20920092960245,2835.076674413354,9.672657331651767,51.60011578289226,0.6759252869040797,7.973947457081334,3,0,
drv_0075,111.16908834957152,926.4090695797628,2.4461396729293963,27.161782924913094,0.7390298277460199,12.176155386056088,2,0,
drv_0075,549.4090025358415,4578.408354465347,7.941250133033616,81.54090017671564,0.5897175155992884,2.642039926829037,0,0,
drv_0075,312.4255753495406,2603.546461246172,8.195339938592104,110.03191563143818,0.6630256237278145,5.446582264311663,2,1,5.733532782904439
drv_0075,821.1973921641855,6843.311601368213,9.569269991513835,22.33241378655898,0.5863255249851572,5.801261909907685,1,0,
drv_0075,139.1125311903631,1159.2710932530258,9.935884194673747,4.713107656371586,0.5809882413641807,8.173223641269319,0,0,
drv_0075,680.5096193504892,5670.91349458741,5.260674765356405,29.40073654762295,0.634487614741053,5.897147306701466,0,0,
drv_0075,24.0,200.0,0.8225701019908749,21.233061086988002,0.684244438959411,7.501350051594118,1,1,9.220767980574403
drv_0075,40.34262331138348,336.1885275948623,2.510946162994797,109.24260658197508,0.5587396992672606,6.50087949996613,1,1,6.110103565138541
drv_0075,179.3254323311907,1494.3786027599226,2.528564152164771,103.58703156275404,0.6562039744838782,10.196539783018212,2,0,
drv_0075,463.6013652368741,3863.344710307284,4.406611079756483,2.610403603623158,0.624799332310252,8.828477657455519,0,1,9.464627321898288
drv_0075,69.20306154222482,576.6921795185402,6.203894904683525,22.023043034116075,0.6096837831113088,8.784685697071925,0,0,
drv_0075,214.46852859410848,1787.2377382842374,1.5403264814831252,88.3710881442226,0.6922797694095969,9.3208758160548,3,0,
drv_0075,310.5241952512711,2587.701627093926,2.902995265492331,2.033724511267262,0.6529793872125833,7.6443071516421695,2,0,
drv_0075,99.31302739504274,827.6085616253562,2.266081943825352,16.774222244488122,0.6261647322245207,7.6804693071362005,1,1,7.86064446101228
drv_0075,247.2381609034822,2060.3180075290184,9.161796296687978,20.138242378397674,0.82516616995585,4.3603426393422025,1,1,4.247140975587951
drv_0076,138.6421244650018,1155.3510372083485,6.914016872057237,43.754056728235874,0.6332459742251698,8.29482013208176,1,1,11.829439062170124
drv_0076,1067.8527444976407,8898.772870813673,2.777730042696068,2.3893380359701273,0.6293188541727734,4.454881348868946,1,1,2.325391180894229
drv_0076,400.860272172046,3340.5022681003834,1.5481407225987232,13.812258235993923,0.7083155704126038,6.750547654826492,2,1,3.2842921047906732
drv_0076,743.4551099701824,6195.4592497515205,5.779515250897845,26.553709984063435,0.5244500149998127,2.0,1,0,
drv_0076,71.82833942653231,598.5694952211027,7.886897055714811,26.368373192610374,0.5373127628187189,3.0469430769043906,0,1,4.364247115903937
drv_0076,878.1327462165652,7317.772885138044,6.020630861432941,31.600799482743337,0.6878287758748044,8.752905326630197,1,1,10.29924305838276
drv_0076,259.6573143186027,2163.8109526550224,1.143995395249695,12.270813280458869,0.5783290024028228,5.0234075323565754,2,0,
drv_0076,391.27836555392923,3260.6530462827436,4.772526532209046,81.1697923675418,0.6752221560326831,3.691135973747213,3,1,3.9996799793947444
drv_0076,725.6301258109336,6046.917715091114,8.123489793186152,50.31887354476684,0.6748062631599213,7.092421087086794,3,0,
drv_0076,203.21652233500296,1693.4710194583581,5.737797555051921,47.64426891920371,0.5806313998978667,4.236351335289122,3,1,5.462106915511421
drv_0076,96.366794274996,803.0566189583001,4.192283571112165,110.79151820562556,0.683644389166776,6.931588304734365,1,0,
drv_0076,346.66187440374983,2888.848953364582,9.331962598193654,2.850484487096585,0.602964576594593,6.410843137517758,2,1,5.507776922368255
drv_0076,981.8462153101968,8182.051794251641,1.7419248086962025,11.940608980627728,0.7048523700666237,4.498523402218899,1,1,6.177857430422345
drv_0076,204.34520487143016,1702.876707261918,8.046364027591776,56.74752076405049,0.613880809134345,3.7436656766092415,3,0,
drv_0076,928.8202764569949,7740.168970474958,9.414613948468983,42.52594841955718,0.6462727635648224,5.534382483721663,2,1,6.597027751616677
drv_0076,105.14847363441834,876.2372802868196,5.460788256139285,7.4821145761738155,0.6285791100125387,6.012799184962169,0,0,
drv_0076,30.174954955151442,251.45795795959538,5.8419770801639626,0.9221364517532947,0.727063995601534,6.201379520423124,0,1,9.364776124201835
drv_0076,442.5198038363063,3687.66503196922,9.0524313869231,83.19435087522243,0.6556395565066652,10.222421165954405,0,0,
drv_0076,24.0,200.0,7.280743805868265,31.44282647641101,0.6278368392170866,3.3535874403678516,3,0,
drv_0076,292.7002957027354,2439.1691308561285,0.7384844207451335,49.75290505940844,0.6902875360426504,7.960863545138093,2,1,8.472524908392637
drv_0076,680.1042737918626,5667.535614932189,2.982916383332832,29.446645196756908,0.7032789272194864,4.410947892107564,0,1,3.335983444567128
drv_0076,1244.5727383959777,10371.439486633148,8.456938811264642,36.39397255833755,0.6939521871394061,5.5746088427780265,0,0,
drv_0076,117.9148781925706,982.6239849380884,9.189804457911814,0.20280957649137854,0.6155750687162213,7.418921817000271,0,0,
drv_0076,233.46764145651488,1945.563678804291,9.397554850775855,1.3814013747608491,0.6939688488248416,3.4062999049116227,1,1,3.4480595092940405
drv_0076,44.92574004926269,374.38116707718916,2.5345521333728205,3.763090196685678,0.6018007180326064,3.660535504651998,3,1,2.7388521916278883
drv_0076,29.598168778650727,246.65140648875607,5.975659419738192,5.341782423845297,0.7046899369158094,10.610103257910758,1,1,11.036633740728705
drv_0076,234.10280820761264,1950.8567350634387,9.022892628630732,14.454801958739173,0.7326694246858523,2.0,2,0,
drv_0076,147.04685723836414,1225.390476986368,5.825412832576763,65.18041595125644,0.6547688699903558,4.106350035084015,3,0,
drv_0076,121.34794137319882,1011.232844776657,9.398973720768371,48.10478527158148,0.5705414591653409,5.361711704057287,5,0,
drv_0076,947.2918024982852,7894.0983541523765,7.565263103725371,27.168070784384717,0.6597049207746782,7.68535271178392,1,0,
drv_0076,210.91063477416202,1757.588623118017,3.947277521725352,19.57472749235808,0.6166834255980955,4.250025478500895,0,1,7.532822295421017
drv_0076,372.6713780617555,3105.594817181296,7.020207064417082,10.567101373493415,0.6297588723135931,3.305191885373653,1,1,3.8370889869685554
drv_0076,150.57144309285204,1254.762025773767,0.5566121367896282,13.000119244487848,0.6886328096894062,4.8590040648249,0,0,
drv_0076,708.5462841797663,5904.552368164719,4.942428365889164,47.34164599491856,0.6727395548637441,2.0,0,1,1.0
drv_0076,1290.089132117676,10750.7427676473,1.9601097610252194,5.95443716919527,0.609133559310306,3.5021104746894016,1,0,
drv_0076,89.00424534013943,741.702044501162,9.26609955044469,65.46316008863867,0.5775313286499744,5.238987559511523,0,1,6.0410061182080605
drv_0076,1189.324842208908,9911.0403517409,5.890156095000863,35.32972061768021,0.6359906132495049,5.742264841401427,1,0,
drv_0076,120.02679593617106,1000.2232994680923,9.315520637895965,188.2236241642182,0.6158848853302441,8.910314754065574,1,1,8.096448535424502
drv_0076,931.3918529154786,7761.598774295656,1.7990225552950079,64.99215330577444,0.5720727312958409,5.674192610785778,1,0,
drv_0076,119.78349512874426,998.1957927395356,9.115381758409749,52.525412933785965,0.6296393706356397,4.054781343981246,0,0,
drv_0077,24.0,200.0,4.741373726584181,30.591381297275028,0.5603713447854576,14.944026849217177,1,0,
drv_0077,32.78186826856665,273.18223557138873,5.523652969353546,35.54151301927642,0.6268554762880786,14.349379183403636,3,0,
drv_0077,109.435079676871,911.9589973072584,0.7465382222022487,8.37908640070081,0.5381535069633151,14.409668373971227,1,1,12.817331184756338
drv_0077,309.4766103217208,2578.971752681007,6.8681177271710006,31.424387204789873,0.555929985607686,14.794601344055424,2,0,
drv_0077,305.5767324609265,2546.472770507721,1.9649389701250963,14.859769598602309,0.6425484806236259,14.187612128750596,1,1,15.530242217953663
drv_0077,822.7855102625376,6856.545918854481,3.4836246798376145,27.65745303159432,0.5609198273066672,16.463565633131502,3,0,
drv_0077,320.25884808972233,2668.8237340810197,1.6324351897762435,9.714320455186119,0.4985459706207194,16.955664965071403,5,0,
drv_0077,701.0608667303338,5842.173889419449,2.51840830979545,89.3969774630932,0.5246087524347112,14.639891330638306,2,0,
drv_0077,59.90504337467618,499.2086947889682,0.8805217746704919,8.316296822236087,0.5888698903528545,14.244833869243276,2,1,15.54983415667974
drv_0077,787.6022035381023,6563.351696150853,2.068049709621209,4.735204573217521,0.6255189250933205,14.562153761623941,0,0,
drv_0077,410.9831424047892,3424.85952003991,8.786914562057394,8.209347557988263,0.5588755239659161,14.523523830809465,8,0,
drv_0077,117.04529609817072,975.3774674847562,6.435267578833466,27.43674517504094,0.550427254167182,14.393304256362274,0,1,12.8078627507957
drv_0077,486.48511991794766,4054.0426659828972,0.7386505270188803,109.70086413733914,0.6028400723418267,17.03730293105335,0,1,15.761223930756934
drv_0077,249.3139042008243,2077.6158683402027,0.5070711759923718,30.725857748036972,0.5589975775091381,20.416493244556825,1,0,
drv_0077,189.64418128495578,1580.3681773746316,2.328027149796592,13.6603353378996,0.5627064708039478,14.155506308997687,0,1,12.525910860444242
drv_0077,24.0,200.0,8.96420005740456,14.570623720151342,0.6492606279538051,13.777065029195684,1,0,
drv_0077,698.0493332607193,5817.077777172662,3.691943816825838,21.081617799454467,0.581914089995111,13.845907543868524,2,1,16.529050210177616
drv_0077,91.70500805965246,764.2084004971039,2.827425770861891,33.8037795309043,0.5147106210988057,18.550844049852003,2,1,18.69184843891423
drv_0077,95.31684572987265,794.3070477489389,6.937674110651235,5.652393587850933,0.5461381298995617,14.721374336041027,2,1,12.856094040876547
drv_0077,347.90828859660724,2899.2357383050603,1.6650119406041075,37.291800828304055,0.5681503283164436,14.830105655331216,2,0,
drv_0077,1815.0944865697727,15125.78738808144,8.305246787265729,6.002626949552141,0.6055568117209075,17.72403191595858,4,0,
drv_0077,297.3072625426969,2477.560521189141,1.912553302218456,11.453971523875984,0.5977231942650432,15.277919624145955,1,0,
drv_0077,101.59506699991134,846.6255583325946,9.353233067633468,14.566201116122869,0.6189107001148436,10.82345964116241,2,1,11.073308859541271
drv_0077,195.14299001550097,1626.191583462508,1.9012730311213755,7.1125378692593095,0.5837644801148082,9.471505234897224,1,0,
drv_0077,24.0,200.0,0.5191213069256095,18.061200043997022,0.5943457359632373,15.28194128610306,2,1,16.62805914427244
drv_0077,415.81029911581663,3465.085825965139,3.698866204222236,19.549640345474057,0.5117102731683334,15.800006780512941,0,1,14.912766356085484
drv_0077,192.48909813406422,1604.0758177838686,5.020946226975939,59.64009167413861,0.530294181018909,14.069449045078121,4,0,
drv_0077,296.7654004807209,2473.0450040060077,6.9746903701112695,14.58671468963721,0.4893230633082895,11.97117069360159,2,0,
drv_0077,76.67798015009991,638.9831679174994,4.662923675330278,29.757841244759035,0.6301480963562565,14.087749275729596,0,0,
drv_0077,163.98119414858988,1366.5099512382492,3.258022077070649,80.24032931084271,0.5621729848801281,13.279642056688125,2,0,
drv_0077,448.61704401159807,3738.4753667633177,0.7542896913949371,18.917823579853284,0.6688001975986677,15.153179277024746,3,0,
drv_0077,1115.3058081438319,9294.215067865267,8.17876528851554,20.499091649431623,0.7138092851869701,14.887610654554988,3,0,
drv_0077,349.40870617350834,2911.7392181125697,0.6989165574195266,35.45614804826726,0.591915534046228,11.793709108873196,1,1,9.419118275524813
drv_0077,615.5229023039375,5129.35751919948,0.42430790241747895,15.740207617060593,0.5686043632153247,16.535119946996847,1,1,16.359847489175188
drv_0077,251.1477482384779,2092.897901987316,4.500845857608438,0.5006381332577867,0.6217978860510639,10.455642202143842,0,1,9.51688430828023
drv_0077,198.5220824377089,1654.3506869809075,9.199644840570993,19.23272803356862,0.7006480600119146,13.288825699314273,2,0,
drv_0077,143.34605662707412,1194.5504718922843,3.640360470972437,16.081927855063338,0.6381948545289969,14.753006320769149,1,1,15.766652318689387
drv_0077,131.50600330943908,1095.8833609119924,5.815838229533833,9.047193476265976,0.6265115269116693,12.896899887019417,2,0,
drv_0077,70.59146562464794,588.2622135387329,8.926705718774205,33.80340206423418,0.5969314520073058,15.193152119776807,1,1,18.115843947030044
drv_0077,340.03488219496865,2833.6240182914057,9.55556541564025,170.9216262186029,0.5860591163440398,15.905233507103159,1,0,
drv_0078,81.56231280919911,679.6859400766593,4.878441926901921,13.213316224278849,0.3895991274015157,9.97962356598676,1,0,
drv_0078,346.10071456163604,2884.1726213469674,8.653643383814106,34.55216897145203,0.4462365499430213,3.830437426659956,1,1,1.4529772995276415
drv_0078,24.0,200.0,4.060033736368767,3.6330832331680325,0.36239784273410863,8.973186731296433,1,0,
drv_0078,135.40899482924488,1128.4082902437074,4.035620545518743,20.84271428464945,0.5145330261814715,6.381496397713349,3,1,6.797890917467126
drv_0078,390.82232791756155,3256.8527326463463,4.408674557417776,25.709415899710194,0.4274985380702231,7.993177421698812,1,1,7.053333900824163
drv_0078,194.97839084156158,1624.81992367968,8.857315994084946,7.0545943417875465,0.4117634017192734,6.438976130693538,2,0,
drv_0078,491.7837513567968,4098.197927973307,9.847925417041798,14.688345264853254,0.35505108277227837,9.094314739096834,0,0,
drv_0078,466.37897906255023,3886.491492187919,0.7999427190159958,10.08520388798426,0.47535934195573915,7.1102415815238285,1,0,
drv_0078,506.9758923768844,4224.799103140704,2.1597455963053047,2.447663200495737,0.4030621728104819,4.020877145321246,2,0,
drv_0078,161.41282869753474,1345.1069058127896,3.34097609508616,12.004012721462407,0.43288677850073487,7.475307527675301,1,1,8.180569735765115
drv_0078,75.87435265601347,632.2862721334457,0.037827637040488415,16.977227678380373,0.38409123635931935,5.8093497050657295,1,1,5.955214763949954
drv_0078,643.1551312202068,5359.626093501724,8.086618726895168,39.61648175149948,0.33021953975677254,8.082375196262902,1,1,9.775050413601877
drv_0078,400.09773419596536,3334.1477849663784,8.666910466933588,46.265963739749935,0.4020889547196263,7.831258736728457,0,0,
drv_0078,239.60282413708282,1996.690201142357,6.918325438381409,35.63468841754004,0.39830213114912555,5.0983521392517535,3,0,
drv_0078,24.0,200.0,5.724059258795332,15.59731057925329,0.4489999233899735,9.220016323606867,2,1,7.040115235370672
drv_0078,25.051995888298013,208.76663240248345,0.46840448094047527,3.0109210921950247,0.5492692233877194,7.916177349849597,2,0,
drv_0078,179.66978519307526,1497.248209942294,8.637804603340433,8.368215771724733,0.46163636304053535,8.715153672795429,1,1,8.804179767913473
drv_0078,88.08397462081122,734.0331218400935,3.102554113791023,48.678878363201505,0.46496342348768543,7.6777361973592395,0,1,8.166223307223442
drv_0078,840.2075483289369,7001.729569407808,1.19361702640007,10.722642790309921,0.4067108215481577,6.644339098897435,2,0,
drv_0078,40.95006301252023,341.2505251043353,1.8631831031347446,115.9179031608944,0.3692213469121186,5.382826068886979,3,0,
drv_0078,30.49732583348873,254.14438194573944,1.4773299659866612,57.15286537122015,0.4198040350285411,9.442765356652846,0,0,
drv_0078,478.9072332314874,3990.893610262395,3.964172297016728,42.31803440765969,0.4001297321109277,8.103198961753986,1,0,
drv_0078,745.4048399250901,6211.706999375751,2.042824016881548,52.880619671311536,0.44293036741673947,6.858081325023967,0,0,
drv_0078,198.28853015926984,1652.4044179939153,0.04213771346831874,30.938984567530056,0.4350780293131643,7.7138236003202785,0,0,
drv_0078,401.4489145228749,3345.4076210239577,8.306529320502012,1.6360562297842796,0.42157040456398254,9.439958362697523,1,1,9.087661602335862
drv_0078,1546.3360203929203,12886.133503274337,4.596654785933429,19.95322250723397,0.38927373855014774,3.96914187154698,3,0,
drv_0078,286.32180022500614,2386.0150018750514,4.7498321838268565,30.66673393286658,0.41656445245116996,8.803205896761702,1,0,
drv_0078,273.0693407174705,2275.577839312254,8.399487908408888,12.906824197579907,0.4740114888329491,4.720884125271873,0,1,2.953256566628815
drv_0078,885.3702422465947,7378.085352054956,9.345388243386111,9.077309494898149,0.47472894419032646,4.374664154015429,1,0,
drv_0078,264.8026307025383,2206.688589187819,0.22251090953046004,69.10794573681744,0.40099591168614496,6.043966695627344,0,1,8.088765235924487
drv_0078,59.86973020781371,498.9144183984476,4.090330753812878,18.636320876324305,0.33528758487771504,10.356639276320069,2,0,
drv_0078,208.26229948890202,1735.519162407517,3.4515060822182186,23.556871248716554,0.36735692587213375,7.841633499564795,1,0,
drv_0078,175.43840194349173,1461.986682862431,4.964019999578268,47.151523886897536,0.4361808033683067,9.064738246146401,1,1,9.701899235451386
drv_0078,392.3855726792352,3269.8797723269604,9.428103351739562,3.636992240304696,0.3825104376434515,8.563522797944163,1,1,10.421215273453997
drv_0078,130.9520869616063,1091.2673913467193,8.562434090124848,15.516852486824884,0.4392449290720205,7.283779798885927,0,1,5.390389823502318
drv_0078,1068.5438792198875,8904.532326832395,0.6574602134494123,18.725047272522993,0.4655047101103586,4.876840971171001,1,0,
drv_0078,297.94415272627367,2482.867939385614,3.0220443405437223,0.4915660918071896,0.3896384837474392,3.934197936476613,1,0,
drv_0078,24.0,200.0,4.783508865136645,0.14244520850923753,0.4249273405379407,6.7282745647423905,1,0,
drv_0078,985.9823402901409,8216.519502417841,8.640089686722936,36.118773317108946,0.37659434143299764,10.404229416849713,3,0,
drv_0078,413.2467648404011,3443.723040336676,2.0328789110768164,20.717970097825877,0.3937133505193485,4.928861450771622,1,0,
drv_0079,232.11076962626558,1934.2564135522132,1.265261284866941,2.502505695906033,0.7724698488676969,7.191702196761836,2,1,6.962069652104139
drv_0079,1137.962101923705,9483.017516030875,7.474040241200161,78.91953086559005,0.8073185545743511,7.9781617248356556,3,1,6.012566165756662
drv_0079,231.65691620113054,1930.474301676088,9.557604866585208,15.610598836767412,0.8546982339732929,8.003353777015246,1,0,
drv_0079,111.96186191488476,933.015515957373,0.14129025033263964,7.983539371906595,0.751807640262622,8.735477871498928,1,1,10.452407722789605
drv_0079,37.84698733908482,315.3915611590402,0.610538410638628,59.37582318530143,0.8112694000941776,9.293499250695568,2,1,7.830939982801918
drv_0079,239.08184011019807,1992.348667584984,0.961321565955453,52.152541907997715,0.738186671050275,4.904749899140535,1,1,4.54595899873632
drv_0079,568.9627346479048,4741.356122065873,7.50289775455774,14.552728929114519,0.8796938585714791,7.93406897517373,0,1,8.561657938031546
drv_0079,171.2215201856891,1426.846001547409,2.2925343966538945,5.807027968683765,0.7430862333196921,4.6690644257927945,0,0,
drv_0079,142.3374222682306,1186.1451855685884,8.983825102075667,3.063826610387591,0.8081917971552955,7.170277518346826,1,0,
drv_0079,133.75669504367838,1114.6391253639865,1.1932435382861495,4.3401510635451395,0.7835958943408948,9.163004029761899,1,1,11.355820544745244
drv_0079,24.0,200.0,3.2253100524345077,1.5982514432570432,0.7954875832905961,5.251320977820667,2,1,6.73108793397398
drv_0079,933.5757559330176,7779.797966108481,8.239616654778638,85.7198794858217,0.7969369762569103,6.526447984954713,0,0,
drv_0079,529.9814075292475,4416.511729410396,7.792573003462323,11.341792679889071,0.8289224926817211,9.084555305400384,0,0,
drv_0079,106.90600359270726,890.8833632725606,9.153329170872361,23.399262659596143,0.7098590867425365,10.133571432709529,2,0,
drv_0079,24.0,200.0,6.303544173662851,113.84999985763235,0.8466971419111086,6.04864520666036,3,0,
drv_0079,115.90042369057501,965.8368640881251,2.3664250911578844,3.259171359240824,0.7231400029972498,5.193214873343452,1,0,
drv_0079,386.9206320048383,3224.3386000403193,4.83902706996719,0.519557543513596,0.84369776433506,8.201139102485351,0,1,10.382766548072395
drv_0079,30.87333764496383,257.27781370803194,3.7519273069783643,4.195186820534537,0.7455523018183541,6.242699348218194,0,0,
drv_0079,144.8998954269696,1207.4991285580802,9.281448962756409,16.922083757961,0.7713930033431495,10.656386915320617,0,1,9.806226538441406
drv_0079,241.8748297596194,2015.6235813301616,6.647854522752504,24.076562331305574,0.8031128901116048,9.605647769959191,1,1,8.487922011768294
drv_0079,262.6234525755007,2188.528771462506,2.1842103712614733,2.5977243584106398,0.7605202371833637,6.483316466600736,2,0,
drv_0079,327.61760507260726,2730.146708938394,2.3386378232801364,14.768857196246966,0.786358789793232,4.548853635498503,1,0,
drv_0079,714.347252255109,5952.893768792575,5.097901334895471,9.379606684746022,0.7000417281236764,10.307219353950158,2,1,10.776504072811054
drv_0079,115.93877372363973,966.1564476969978,2.4434984534481465,0.044537024928321275,0.7628017687439826,7.104122416501766,1,1,7.001917252233921
drv_0079,228.55197383155144,1904.5997819295953,4.335088336278167,16.44106338296522,0.8451653896323041,6.190383004679738,1,1,5.980968689324822
drv_0079,316.5492913670668,2637.910761392224,7.796420534555079,7.958645978465095,0.8523983445232319,8.751440988283472,2,0,
drv_0079,61.04490705893973,508.70755882449777,7.569539387468241,8.919141120701173,0.8490490720424434,4.49434153148561,1,1,2.7904750762076245
drv_0079,104.71447060978085,872.6205884148404,3.354847541088537,23.929695316051184,0.8274508704807415,6.681443373285308,3,1,5.008703069017214
drv_0079,246.23647663965602,2051.9706386638004,2.3433399639422836,32.6766845839998,0.8002581093682486,5.570895653397933,0,1,6.257688090337087
drv_0079,251.78154026012507,2098.179502167709,1.9259593858639068,9.66686812604721,0.7966241908140326,7.649803114774779,0,0,
drv_0079,378.43181531052164,3153.598460921014,2.37390320995408,132.92623792763712,0.7542536732531949,2.5993199247649708,1,1,1.0
drv_0079,1075.3040387038702,8960.86698919892,2.942016004297645,7.268211961473993,0.7831329419538294,7.923844107184237,3,0,
drv_0079,617.4665931226125,5145.554942688438,6.818136606585701,93.26810663158008,0.8786107514536682,9.582656651666367,2,0,
drv_0079,175.51511327973617,1462.6259439978014,3.0904366855669076,0.3626147455574184,0.7868197291752436,4.427654467066837,2,1,4.013361186792692
drv_0079,248.72279511590096,2072.689959299175,3.948076343021106,13.4304284263601,0.8106930746271817,8.701242788777858,2,0,
drv_0079,1678.827694263562,13990.230785529686,5.143728898859502,24.294687271579402,0.7533474526101875,7.548278361103925,1,0,
drv_0079,125.98752370704229,1049.896030892019,4.869908636603354,31.245114841431146,0.7255515849823692,7.526255812796666,2,1,6.099900514543028
drv_0079,403.01856602509207,3358.488050209101,1.8643004633616422,11.72177841696977,0.7470893021632606,7.150557430090468,3,0,
drv_0079,307.7163109184586,2564.3025909871553,7.940422678816132,46.7294610037637,0.830597006780469,8.513265370866359,1,1,7.599829759520961
drv_0079,122.22753351003342,1018.5627792502786,8.772439802056564,1.596504268623832,0.799864253174975,7.79901112709494,1,1,7.205100605057986
drv_0080,593.2596085596572,4943.830071330477,5.422977940651093,55.31740025905295,0.5949472844528821,9.522812848269655,0,0,
drv_0080,205.2675930067976,1710.5632750566467,8.299770829350862,20.74692696619061,0.6654812173905343,5.751830722149605,2,0,
drv_0080,252.84363220275657,2107.030268356305,4.180976330168682,19.780297967221784,0.5662732787074382,5.755798391122492,1,1,3.506276177240093
drv_0080,335.38293592161335,2794.857799346778,4.08487068692498,47.394264863936705,0.5682766602139547,7.742598464197793,2,0,
drv_0080,2337.0257929720988,19475.21494143416,7.708456238811669,39.18620651841515,0.6027696429529209,5.698188786515241,1,0,
drv_0080,64.64742471633832,538.7285393028194,7.97482042087636,36.98159944260634,0.6508821992290442,7.836956960270303,4,1,6.348857512950262
drv_0080,258.1821045825111,2151.517538187593,0.053544928790424384,103.30215143167952,0.536418043574039,8.725747259674943,3,0,
drv_0080,261.4855773940762,2179.0464782839686,5.952308424860825,8.123082226071833,0.6139025369110439,4.429920620465485,2,1,5.2813800354320435
drv_0080,144.50039224472155,1204.1699353726797,5.586876540070856,14.625252899878321,0.5583248240843931,5.96972847290433,0,1,1.9235870999577598
drv_0080,366.51069082065084,3054.2557568387574,5.133518336321715,18.787731279058814,0.561978467258995,11.214204421001616,3,0,
drv_0080,24.0,200.0,8.646828387778667,45.1605796749852,0.6694691164436537,4.718274359901049,2,0,
drv_0080,401.9326855003256,3349.4390458360467,7.798289721894704,7.502559238793314,0.5572693056120813,8.116983388739248,2,1,8.670124342638724
drv_0080,63.18301866334724,526.5251555278937,1.4503581442593394,2.5608875024697295,0.7149206664492614,10.025323658159522,4,0,
drv_0080,210.39393555238757,1753.2827962698966,2.3385975229856037,30.669897409238555,0.5200468470354386,6.038923427730104,1,1,7.366495217070842
drv_0080,349.6175024112022,2913.479186760019,9.991749811464565,11.100475602378213,0.5986609431116342,6.514381013295285,1,1,6.37434712025286
drv_0080,131.25913180443817,1093.826098370318,7.668905792470364,29.77774216381641,0.5877632799336906,5.768152497658175,0,0,
drv_0080,407.25124871017107,3393.7604059180926,1.2523032682138968,26.934814059882868,0.6934288393133009,7.941027786037447,0,1,6.146718507342077
drv_0080,150.87895620606716,1257.3246350505597,0.12569448289729168,6.339693549848656,0.6068046613274033,4.6050875236012585,3,0,
drv_0080,707.7816820076979,5898.180683397483,9.896166568204842,14.53918722449938,0.6045805598872278,5.903529557108149,0,0,
drv_0080,143.34063843247628,1194.5053202706358,8.272025720121773,0.09148333590026594,0.6115515014331575,8.812240853800128,2,0,
drv_0080,193.2776910513777,1610.6474254281477,6.006030632187879,4.867450644760505,0.5824096309458191,5.3359161926407594,0,1,6.344791239955484
drv_0080,24.0,200.0,5.686240786441578,100.97767332611488,0.6526251922864889,5.543987320335661,0,1,5.163413328007769
drv_0080,95.03804589309844,791.9837157758204,8.767352081690046,4.895154762046994,0.6697129237588785,6.289780776006388,1,1,7.029489774522674
drv_0080,362.5960171765514,3021.633476471262,3.983458627761788,8.219766895312134,0.6175069890374087,3.992555871289946,3,0,
drv_0080,109.98011172497677,916.5009310414731,6.818420995160032,30.63700893913265,0.6238908770755591,7.153921119961258,2,0,
drv_0080,91.6182209361345,763.4851744677876,2.388971933550038,16.46603190887928,0.507478022140258,5.876367972054745,4,1,5.38099126138991
drv_0080,302.2464621278707,2518.720517732256,6.056239086044398,1.5065828823969611,0.5168658692702307,8.225734911338764,2,1,8.802475704535357
drv_0080,221.47427279678342,1845.6189399731954,6.049258041886118,71.13141754205189,0.6819621490939708,10.144995588550131,1,1,10.239763529780149
drv_0080,93.13712395382535,776.1426996152113,3.4593077697528174,38.95400018561818,0.6237104338931543,8.435168483185798,1,1,10.526021448118154
drv_0080,472.70050986927663,3939.1709155773055,2.56117571017937,5.494391295515497,0.5300055273809227,6.9262725853345035,2,0,
drv_0080,557.494577637794,4645.7881469816175,9.589100890061612,12.72340519820889,0.6621221203637141,3.834171397688277,1,1,6.366741674844011
drv_0080,204.55069211613804,1704.589100967817,5.795403331944104,9.500379998702114,0.664079621346002,7.626720971797799,1,1,7.110107949380145
drv_0080,192.06912476112853,1600.5760396760713,4.160416009313959,52.692075237127675,0.6305942773549548,10.888792406581263,3,1,11.03730220808113
drv_0080,823.7648081209771,6864.7067343414765,2.2950719296807853,56.1246462093711,0.6110797598311764,7.587829883982099,3,0,
drv_0080,24.0,200.0,6.045784365578177,21.071601175125437,0.5733632445862288,4.702822216166036,1,1,4.952360016445988
drv_0080,135.3997751012933,1128.3314591774442,1.4880612736595422,9.74205508423461,0.5688105920724619,8.271439580331487,1,0,
drv_0080,307.88358317784866,2565.6965264820724,2.8549231282875196,58.50674856703176,0.5580194083806334,6.672812252593667,0,1,9.394867082354432
drv_0080,277.20002259539564,2310.0001882949637,0.1167721543010869,36.5066602882687,0.5570733727317255,10.42056650449779,0,1,12.249713158118768
drv_0080,922.7492111506056,7689.57675958838,8.499864094898506,7.348305002587487,0.6363842947746152,5.579796317862254,0,0,
drv_0080,24.0,200.0,5.234252062929965,3.869538229441552,0.5940135500883186,2.934563313682706,3,0,
drv_0081,263.35665841618584,2194.6388201348823,4.25069305688023,9.02598161904323,0.765616086572544,13.249543656067047,1,0,
drv_0081,65.27826770282789,543.9855641902325,8.409312380150215,38.44085107068119,0.8971235669787726,10.09062815975905,2,0,
drv_0081,332.27099532092564,2768.924961007714,8.391413653119859,17.593550759440273,0.7750283947007925,13.171075280107557,0,1,14.804101904379483
drv_0081,545.8271109429647,4548.55925785804,2.9694458522678904,17.855483300088878,0.8374080002842142,11.041232267232543,3,0,
drv_0081,292.52350945854766,2437.695912154564,3.085451485941139,41.15594358129363,0.8364810548506091,13.421826616857917,0,1,15.06791384322452
drv_0081,718.004220398938,5983.368503324483,9.91171740231316,22.862743893692247,0.821051588633402,14.599767357285977,0,0,
drv_0081,149.5424419078413,1246.1870158986776,3.2233537375378516,10.890551371268318,0.7753340108994717,14.555195364356024,2,1,11.207309988529886
drv_0081,501.35466095569745,4177.955507964146,7.198185599804536,25.653141958739877,0.818332104979392,13.914411483195833,0,1,14.602786239734234
drv_0081,143.38150106808018,1194.8458422340016,7.0184502332882905,0.8670633150659088,0.8318908355469823,11.292761676415102,1,1,12.639426636787677
drv_0081,614.2657497792397,5118.881248160332,9.338958617669451,8.416161820117724,0.8704476132574434,11.25304664290528,2,1,10.70317332573227
drv_0081,615.3788854827785,5128.157379023155,2.1015906708506438,0.6226129889645055,0.8752193110267036,12.596679484626744,1,1,14.801784123257647
drv_0081,76.96542469179225,641.3785390982688,2.7397721924476826,36.37630466684867,0.8109879289811412,14.537699282407798,1,1,13.752761204292552
drv_0081,24.0,200.0,9.74616385401,69.2939858186244,0.8198361499029104,13.337414145390033,0,1,12.372397718046019
drv_0081,820.4935715540073,6837.446429616728,8.564535594689195,89.21871204218392,0.8999360277136532,12.44296618704856,2,0,
drv_0081,1106.6825015767924,9222.354179806603,3.5857458765056007,19.246638144501787,0.912001457659506,14.400889060355835,2,0,
drv_0081,166.41178365618825,1386.764863801569,3.6378882652716626,0.8347530417892084,0.8691369567461151,17.921879814029342,1,1,18.8072308268685
drv_0081,80.46937744719347,670.5781453932789,8.072501221483805,1.0007526385913537,0.8101522369176136,16.068565859870166,3,0,
drv_0081,24.0,200.0,3.695649274622783,4.572148328132189,0.8521260684901418,12.516261427055127,0,1,11.678317845222226
drv_0081,574.945980890332,4791.216507419434,2.0609660388430817,64.91175960112143,0.8455621613263159,11.982326583034984,0,1,12.489771515449712
drv_0081,227.05926571990685,1892.1605476658906,6.727895261273691,32.970972836556726,0.8956436170499549,13.261952346700728,1,1,13.824013307657385
drv_0081,523.2600865369334,4360.500721141112,7.114564156587914,11.505062520753292,0.8381257296962344,15.688108477327672,1,1,13.627642706317571
drv_0081,255.24842301830193,2127.070191819183,1.9733219394475154,0.021152105873723244,0.8143004123275751,8.98512975406574,0,1,9.387295919041227
drv_0081,130.10185979371718,1084.1821649476433,7.702781123446196,35.308347317514354,0.8235350700132358,10.76066994008199,1,0,
drv_0081,206.06556998162412,1717.2130831802012,7.247837042595497,1.2181520867625744,0.761601329552421,11.241084997683638,2,0,
drv_0081,153.52070765968617,1279.3392304973847,8.750316375172684,59.48034869573347,0.7961098605359571,12.03892536686404,1,1,11.772715501188776
drv_0081,27.41665761603445,228.47214680028708,8.893522825051685,0.4367528026559513,0.81585925710749,15.092845353248935,2,1,16.05130098291679
drv_0081,117.77842911871258,981.4869093226049,5.988344842842571,18.72393960206451,0.7716014326754426,12.113026548232272,0,0,
drv_0081,65.7574650466171,547.9788753884759,3.3780918039901495,23.5985686102945,0.8310603636901609,15.530735293634665,1,1,15.753551170349446
drv_0081,170.64222175959927,1422.0185146633273,5.186600491556504,28.572644016726578,0.8385779541644771,14.090131556693597,1,1,16.978557731094078
drv_0081,372.1163401076331,3100.969500896943,8.02756295707214,19.860490410908707,0.8730117547937248,9.879741698902128,3,0,
drv_0081,50.69443044039889,422.4535870033241,2.4952706470377928,3.977006371181663,0.7954252001518293,13.920609643963676,0,1,15.48972965509452
drv_0081,458.1688630098691,3818.073858415576,9.125248178265537,4.386174347267491,0.8068682271818584,17.118290729964254,2,1,16.667457177827895
drv_0081,221.27060659931888,1843.921721660991,5.775655559285843,13.520857796706643,0.8687269025462748,12.207638598811853,0,1,12.888395833356213
drv_0081,1484.692465336724,12372.437211139366,3.3892005735486386,18.261192954478055,0.8028088905232204,16.057274378233945,1,1,13.813578826271481
drv_0081,245.52754397483574,2046.0628664569647,0.25970545149625823,10.05212818989832,0.8058478441991362,12.346406878130091,0,1,11.612635107778809
drv_0081,767.8984723054156,6399.153935878464,8.20877046040175,72.48190160704368,0.8317225029720963,16.589824013947194,1,0,
drv_0081,351.54239576064384,2929.519964672032,2.7790463293915915,86.32767532780417,0.9031635483029764,16.411011935133338,0,1,13.967383533935216
drv_0081,207.51299055580418,1729.2749212983683,5.498380757719081,54.45740682263788,0.8425274906407385,9.933209174093388,0,1,8.672185264318866
drv_0081,24.0,200.0,0.1750974324940091,62.44000009475472,0.8011957500498093,14.373627681155238,2,1,13.208947629411211
drv_0081,626.2387054915744,5218.655879096454,9.88074455761478,13.600520178237515,0.8783841931792058,17.2362979655353,0,1,16.533977198371698
drv_0082,574.6636793863732,4788.863994886444,3.567044663863932,3.2921944692318283,0.5176107811789794,3.8592896856672985,2,0,
drv_0082,175.42825963935667,1461.9021636613056,1.2908767843878544,37.82575310109834,0.40697925599286405,6.481010551731835,0,1,6.28061260674318
drv_0082,463.6574853314717,3863.8123777622645,4.911674384617745,77.91558609289761,0.45288588554317943,5.862377761377617,3,1,5.868084395020792
drv_0082,162.63742355521111,1355.3118629600926,2.519991196985739,21.117671368866414,0.5895554722492599,9.421562119433068,0,1,12.620963128607627
drv_0082,574.5547984187372,4787.956653489477,4.69394902412348,35.725545664584715,0.5256079867275213,2.0,3,0,
drv_0082,863.5939117998582,7196.615931665486,2.091043179467653,0.701667270784441,0.3729129939131045,4.161268596609225,4,0,
drv_0082,399.9175462589836,3332.6462188248634,5.387630668483331,58.53699515852386,0.5115712319863222,6.7446565765453865,1,0,
drv_0082,314.046849250202,2617.0570770850168,6.461324344139471,33.213120613744294,0.3725853945554657,5.994170402392805,0,0,
drv_0082,208.0001917487857,1733.3349312398811,6.9927736922577575,14.980091365765558,0.552165607203854,2.901014818731314,2,1,1.0
drv_0082,56.331520778866654,469.4293398238888,7.854584879955252,57.517389860136376,0.5279910725391544,3.6698619074574537,2,0,
drv_0082,708.7435870600056,5906.19655883338,1.1120893752139882,24.853978696558837,0.47035320375700707,4.338913332502226,0,1,4.638758601774513
drv_0082,31.351611935157617,261.26343279298015,5.4926645886134065,10.463483660581261,0.42000365708864945,3.7770989914452637,1,0,
drv_0082,144.57459164116037,1204.7882636763366,6.738460046489836,32.476326102415754,0.5987884680732323,7.4989153160574675,2,0,
drv_0082,663.3670589088701,5528.058824240585,9.5591904458292,38.78375845308233,0.4688168715376336,8.965532717148434,1,0,
drv_0082,303.2550439299224,2527.125366082687,1.5730707057737037,22.814256469440295,0.5172288506054816,5.99524285946206,2,1,4.166380966463213
drv_0082,343.4647737910125,2862.2064482584374,7.31481514676082,14.47294531111099,0.4350470551478674,3.6870861145310148,5,1,3.121584618107879
drv_0082,333.810757442166,2781.7563120180503,8.91126731887214,23.168610150428385,0.4959277739301791,8.849473276438921,1,0,
drv_0082,38.08598197666698,317.3831831388915,9.688109018610918,84.48388701560874,0.47768433306836855,2.0,0,1,2.5994823958024593
drv_0082,539.9039401380913,4499.1995011507615,4.5940598167514235,44.80876372788973,0.4807734877351236,6.425334827891288,0,1,3.6621434516430242
drv_0082,176.67237249408674,1472.2697707840564,3.44714890985185,31.99707540851272,0.5079476394371905,6.07649680327651,2,0,
drv_0082,395.5703949631083,3296.419958025903,9.736237884304314,11.445860228889996,0.46397635665544423,3.149708955044763,0,0,
drv_0082,95.28835402106367,794.0696168421973,7.682460583839528,9.874195588696384,0.4843589985603567,4.217640203858027,3,1,5.673237128638223
drv_0082,358.9469733945532,2991.2247782879435,6.490682230114504,2.1589818005733137,0.3085558384103264,5.42123216559114,2,0,
drv_0082,678.6001852213667,5655.001543511389,4.046402119755763,43.63697927980896,0.4487346922601141,6.4353453823118505,1,0,
drv_0082,165.9941948499832,1383.2849570831934,5.588742037448517,77.03693830209694,0.5140375833007641,6.667188823260496,1,1,7.42599037817838
drv_0082,50.72612684890739,422.71772374089494,2.177300894988531,18.347601005637852,0.5181601036511465,4.19804472397626,1,1,3.847533256136911
drv_0082,47.279923255126924,393.9993604593911,1.4172553875380434,8.14290449905329,0.47275616602815923,2.88050265989463,2,1,2.0560123111365565
drv_0082,291.340924134659,2427.841034455492,3.512731807450915,22.652771059679893,0.45728997392450427,7.49451031628539,1,1,4.969634199486926
drv_0082,134.69070527138382,1122.4225439281986,4.9598530453022525,8.261037883243814,0.4538073420952564,6.546938128873631,1,1,5.271148829144712
drv_0082,184.47015549059876,1537.2512957549898,2.3957910328720367,42.71640088716612,0.5058997497035986,7.892210162660447,3,0,
drv_0082,37.59150023272176,313.26250193934806,6.311867826102054,6.181215447030054,0.4076758301842375,5.650356946734066,0,1,5.87584321520369
drv_0082,495.22255936767436,4126.854661397287,9.874967864939668,3.4244404486478253,0.45969755883205404,4.62732048473874,1,0,
drv_0082,214.0553482346872,1783.7945686223934,5.5569452115747096,21.32325639811724,0.33335364536355694,6.7346285889535915,0,0,
drv_0082,88.31289311534739,735.9407759612284,3.89754547761887,4.582842751994311,0.4886928788617253,6.550338151997191,0,0,
drv_0082,676.6284279261918,5638.570232718265,2.9525801105149974,23.106524726114102,0.48772332131747803,2.0,3,1,4.026277924578286
drv_0082,36.71350916985816,305.94590974881805,7.742929106570298,8.722890491147965,0.5168860454026931,6.626989085426213,1,1,5.325579866634144
drv_0082,282.8694160708098,2357.2451339234153,5.248858865858419,16.533238965732217,0.5254523364833243,8.803653438300568,2,1,7.587503466734194
drv_0082,98.78426396450598,823.2021997042166,0.265478216788988,9.92278542771931,0.44022507399203353,7.794772344254277,0,0,
drv_0082,88.46699291724141,737.2249409770118,5.058761807804491,37.781988013376846,0.40669010410213713,2.58602286945463,4,1,3.4173937956231173
drv_0082,82.98369155238873,691.5307629365728,9.942602144335345,2.4187125691046996,0.4357313057725593,4.777392542658598,1,0,
drv_0083,324.84828246053445,2707.069020504454,1.5163441560033586,20.39401264780294,0.46754019103124966,6.584883211189488,0,1,7.350925653728636
drv_0083,205.8205019927225,1715.1708499393544,0.812217604651797,10.801916693408145,0.5011058049466613,9.52541303956755,0,1,8.720074570534386
drv_0083,53.887719934036205,449.06433278363505,0.4190551287376354,105.05336500634314,0.6064297368571914,6.731324082924591,0,1,4.872081727395118
drv_0083,285.2936378453619,2377.4469820446825,4.217734671674576,26.211913404612854,0.5498982611370615,4.429472403415145,1,1,2.03098509583197
drv_0083,750.4248502214771,6253.54041851231,4.783561262717251,15.251197429809647,0.4577425907245219,8.824490836306916,1,0,
drv_0083,683.6202056397993,5696.835046998328,0.11829918065188405,12.705243226519816,0.4813558557297993,10.964739830289549,0,1,11.910050659755573
drv_0083,55.6333976972205,463.61164747683756,5.947093219901475,28.76300218615916,0.555405730024443,11.307753073897793,0,0,
drv_0083,479.77761641524324,3998.146803460361,1.198674343135404,1.5383492520909532,0.620348029411532,7.2877001605213785,0,0,
drv_0083,338.6230591297708,2821.8588260814236,3.0957801524982353,5.1792070137911095,0.525439098993073,10.052380966955466,1,0,
drv_0083,243.65207639553813,2030.4339699628179,1.9953431205759242,54.822975222441904,0.46527524286663674,8.868596365719123,2,0,
drv_0083,463.23646326258057,3860.303860521505,9.121322242828441,10.524601821315681,0.5753353631744138,7.567154407756685,0,0,
drv_0083,398.4662384363207,3320.5519869693394,8.284644653094372,1.5342344515432367,0.4943730295938567,6.484051215565128,1,0,
drv_0083,34.55183070138158,287.9319225115132,6.597632559430088,56.37224689487383,0.5661945327329443,6.812626466072302,2,1,6.684422072165361
drv_0083,86.11215542658631,717.6012952215526,9.647616968391148,0.8574217987145618,0.5302858146328243,3.8709287708618767,0,1,3.948350274042319
drv_0083,410.7987426469249,3423.3228553910412,6.681311382207753,45.66792502773212,0.5729109222069577,6.9523261639218426,1,0,
drv_0083,29.152436253871144,242.93696878225956,4.79310653155959,33.069996390666944,0.6085555425587176,3.877830523049694,0,1,1.0
drv_0083,136.65143767122856,1138.7619805935715,7.2495480453122365,21.525353529684523,0.6615902757959911,9.953226752385177,3,0,
drv_0083,91.04906333529068,758.7421944607557,1.9394363790707414,44.89398056729569,0.561788464894784,9.098967918666288,5,0,
drv_0083,346.5982189106747,2888.318490922289,8.794889195979401,40.72929817476222,0.5273688272408447,6.092808060870093,0,1,5.41402812277452
drv_0083,722.6454978386231,6022.04581532186,2.930438073678845,32.684543191100005,0.5877235032438798,9.676395879728148,1,1,10.04664847753196
drv_0083,24.0,200.0,1.635757151463163,14.737349010966556,0.5126816338606525,5.9957419281543745,1,0,
drv_0083,899.8537156055424,7498.7809633795205,9.68344955258411,4.4457009787363555,0.6803754437241939,7.054516414683442,3,1,7.23811945876858
drv_0083,478.0398072887827,3983.665060739856,0.7173073621066961,2.949141468222833,0.5126672991959731,7.494846679753631,3,0,
drv_0083,1327.5494900959727,11062.91241746644,4.667409802821688,78.39203881065573,0.5233783535118696,5.570239070977163,0,1,6.327285832379889
drv_0083,222.2005818690653,1851.6715155755444,4.695470621127301,14.419758423714153,0.4431845815392954,4.916157791890635,1,0,
drv_0083,627.212744410489,5226.772870087409,0.49231864177488815,9.49779406181535,0.5156942893693215,5.768839740143985,1,1,5.980107035960069
drv_0083,24.0,200.0,7.343123162442595,15.520536050585736,0.5500912226318057,8.835957548136813,1,0,
drv_0083,471.3144012735286,3927.6200106127385,9.105764563864096,4.592003386345931,0.5196879237015751,7.838262956133759,1,1,7.020891959928284
drv_0083,62.76143624836216,523.0119687363514,9.043859219033628,35.620833629436305,0.5471134941811628,8.986384420279869,5,0,
drv_0083,391.5196200137384,3262.663500114487,3.0168757020753914,4.54226180711103,0.5477623044828496,7.774686680674805,4,1,7.018325417663169
drv_0083,590.9833356248106,4924.861130206756,4.0348789571004975,12.176115547029116,0.5090539718079803,7.583241661034674,1,0,
drv_0083,206.87685778561803,1723.9738148801503,1.1890326478960278,7.820199367737745,0.6527410889169285,9.591703885178488,3,1,12.323077090280773
drv_0083,2400.0,20000.0,6.902602668461439,4.521242078020907,0.522520912557054,12.340398769217082,2,0,
drv_0083,241.15265534905913,2009.6054612421597,7.106618024942736,5.607627717578241,0.5793821642483804,5.016056709974151,0,0,
drv_0083,94.42651915927348,786.8876596606124,0.608942662036206,50.16973087331386,0.5479000937581955,9.870129463437358,2,0,
drv_0083,947.6018951693267,7896.682459744389,8.795156772701347,20.328967723770045,0.5877024688020532,9.771769716781574,1,0,
drv_0083,562.3056890066712,4685.88074172226,0.35130214056722453,4.347007508797438,0.48971555786924253,6.45511075774141,5,0,
drv_0083,165.53673837735585,1379.472819811299,3.1373484181892195,9.189180822291876,0.5306963099222484,9.146126040742091,2,0,
drv_0083,24.0,200.0,4.45751179946352,6.156296601164045,0.5431826933826853,6.939100669062639,1,0,
drv_0083,890.8761827614564,7423.968189678804,2.6668864551401548,17.17077011560219,0.59917019772374,10.65911653162102,1,0,
drv_0084,475.44544728156364,3962.0453940130305,4.822398816593836,20.46662736088934,0.591963420250906,7.462166421944042,2,1,7.64507007986169
drv_0084,330.3362441319455,2752.8020344328793,2.829011944980402,11.484045250996722,0.6658231085697589,5.927064488100616,2,1,5.098822365077618
drv_0084,85.77424467332939,714.785372277745,0.6408372278931385,5.757481788215102,0.712558269009068,6.59493739853454,2,1,4.946203709930287
drv_0084,302.65962630894984,2522.1635525745824,9.671175713879123,54.44903776794426,0.7123929151423364,6.446902354085395,3,0,
drv_0084,32.42574544444844,270.2145453704037,8.810765418301838,33.35411429245092,0.6715260939529184,4.719329017005424,3,0,
drv_0084,314.26047248218015,2618.837270684835,2.1403054455709922,0.11792416372464368,0.6419747404973459,5.290198737609356,3,0,
drv_0084,100.0815173072517,834.0126442270976,2.5759953323887097,70.17054214474186,0.603575638744231,6.379309871257252,4,0,
drv_0084,218.98671642422323,1824.8893035351937,7.5138237114234085,12.166596812593697,0.6599893495069531,8.60651928649638,3,0,
drv_0084,205.73868587357333,1714.4890489464447,2.65920291470926,42.90329433967592,0.659556895634961,9.036821759516755,4,0,
drv_0084,445.04098425418715,3708.674868784893,2.884284193238198,13.757243891177492,0.6290383835581865,7.644883374742367,1,0,
drv_0084,203.96369324773826,1699.6974437311524,1.5734970420348793,15.53722814582064,0.7499285932598225,6.550339901756758,4,1,6.917904957927271
drv_0084,73.09131846375007,609.0943205312507,9.23081545416308,28.678751366625942,0.7095303583325672,2.327483235598671,2,0,
drv_0084,164.20607061997208,1368.3839218331009,7.9559123497058835,9.825710208850015,0.6177527236629737,5.301208051965303,0,1,5.621637563349314
drv_0084,404.3816236857052,3369.846864047544,3.162783123438393,42.678255904251365,0.684583891054075,4.623396781639631,0,0,
drv_0084,348.5614902784542,2904.679085653785,9.558036167860099,53.99544233045773,0.6906138635307076,3.5065904005014965,3,0,
drv_0084,438.79431955694724,3656.619329641227,2.1139388400867496,23.416404358663186,0.6947118960958474,2.9831659321736317,1,0,
drv_0084,242.08475411087394,2017.3729509239497,5.809963871193059,18.406586839885318,0.6742201131602612,5.182292202296734,1,1,4.909876098651505
drv_0084,372.2285741653743,3101.904784711453,1.2810622254415982,8.480321731781514,0.6133801317423161,4.973664794788652,1,0,
drv_0084,104.40579135759054,870.0482613132546,0.7294719146455986,3.762966545755855,0.7097380356817563,4.055065428607988,1,1,5.093358789790788
drv_0084,875.6528236578272,7297.106863815227,1.5769757650983918,76.615284205155,0.5930118648992074,5.631405423977752,2,0,
drv_0084,48.04932289396922,400.4110241164102,5.964547216512487,40.90947433046075,0.7148653444827555,4.687557778028622,1,1,4.824963594776015
drv_0084,30.962499587963848,258.02082989969875,6.067811972399716,12.383161162427047,0.6023887292602101,3.8837112224774977,0,1,1.7790932233553667
drv_0084,495.9214671050445,4132.678892542038,8.54812362931442,48.90229943132843,0.6412891349975587,6.5319745639176015,0,1,5.626025432104653
drv_0084,186.43223875786938,1553.6019896489117,3.4768498227964773,45.40343960509793,0.7038150994618189,3.3203888014997798,0,1,6.3455118479044685
drv_0084,450.12327069426243,3751.0272557855205,3.781809893773729,43.32252954891411,0.6845555570207056,8.734565246111696,0,1,8.64736334134635
drv_0084,33.91875143980822,282.6562619984018,4.79929260696495,51.1505390141227,0.6788898982582167,8.483752861800735,0,1,9.217980263767714
drv_0084,159.94819185191682,1332.9015987659736,2.334812558768781,47.11753501047824,0.6213271917302183,3.7251999941565206,2,1,3.7892333583436826
drv_0084,956.1609453083888,7968.007877569908,5.849737739268032,15.278131565407438,0.612304110928622,2.0,1,0,
drv_0084,51.78885778110662,431.57381484255524,4.882322916781212,6.752172491842032,0.7535013320199541,8.600501931349111,1,1,6.845128029287773
drv_0084,140.97243869917799,1174.77032249315,9.237292261185772,38.09592309724538,0.6333015896921941,4.503030207720164,3,0,
drv_0084,104.01384557085203,866.7820464237669,5.499268235631566,15.835535854702878,0.6509616764906195,8.0718478333707,1,1,8.539804950164818
drv_0084,557.569509126986,4646.4125760582165,8.0975786311381,105.60020930372303,0.6017574016098014,3.519781236984606,3,0,
drv_0084,1015.9156261544324,8465.963551286937,6.445213472555574,81.41088798944567,0.6804337542423589,5.496566676593724,0,0,
drv_0084,108.2531568202218,902.109640168515,5.4566936836595845,60.28530660295212,0.5943678339886419,8.396585015980229,2,1,9.95818893996906
drv_0084,61.65725951692211,513.8104959743509,2.808391147006394,112.64801445659268,0.7210420819483083,4.433594154734711,2,1,4.340053995740275
drv_0084,778.9129774743888,6490.94147895324,5.108335667221079,17.076459203520702,0.6646880010383379,8.141133191971432,1,1,8.29496500907565
drv_0084,992.4036572567594,8270.030477139662,5.192299374330247,5.0458772669566665,0.6864607805005262,5.688540989991115,0,1,4.6449316396816265
drv_0084,1538.5588210028604,12821.32350835717,1.6835660991767876,28.804504198671534,0.6774818671314974,5.969147815570944,3,0,
drv_0084,81.27543703374832,677.2953086145694,4.5565874617637325,28.24852684846078,0.6826474640552093,6.7448506718160255,1,1,5.632902415158471
drv_0084,737.4728687048924,6145.6072392074375,2.2529240286670604,6.021090067899289,0.6934684536552284,7.79090165353364,1,1,4.802611585358791
drv_0085,52.75192175329091,439.59934794409094,4.760082436258159,16.753749231065594,0.5751881660008448,3.8054026905769214,1,1,2.0723336479530055
drv_0085,511.03894619908175,4258.657884992348,7.835071928226051,5.025683324209452,0.5206491931371402,7.272428194296688,4,0,
drv_0085,250.72188510755342,2089.349042562945,3.2426731545594545,5.454217212028642,0.6220310982977054,7.829034601809454,2,1,7.49523474516228
drv_0085,69.77662643476586,581.4718869563821,0.024931565638336428,9.011208183641989,0.5412095350181982,5.363324344910918,0,0,
drv_0085,345.9690625764476,2883.075521470397,7.274267781711899,69.87161709081893,0.5558657102828102,9.809680604832648,1,0,
drv_0085,119.34810979764019,994.5675816470017,4.3317810270511,57.85133306957794,0.5436961459872325,4.50208566493703,4,1,2.8259486441843897
drv_0085,210.64405334133002,1755.3671111777503,0.05606041401070905,23.029967643090774,0.6481218045304732,5.54884829446043,0,1,6.0350752149007265
drv_0085,832.8459473177505,6940.382894314588,7.732703861324957,6.471633278348307,0.6493293832030647,2.0,0,0,
drv_0085,24.0,200.0,0.07327842611681512,57.898119536756425,0.5848888845809966,6.41737094219747,2,0,
drv_0085,234.56978363510237,1954.7481969591865,3.051288197809333,27.890978295823782,0.5537903783592518,9.57633961730788,1,1,10.174909615850652
drv_0085,551.7151014726525,4597.6258456054375,4.8342076472264,15.046020952659063,0.5888270560665039,7.902706527026958,2,0,
drv_0085,252.99363514562495,2108.280292880208,0.9021897312343352,0.8922718556319595,0.5508554648965306,8.387268543421364,3,1,7.707311874068367
drv_0085,1640.4145952631286,13670.121627192739,4.8213661173457165,14.525910008799535,0.567080480913223,10.666507776080254,2,0,
drv_0085,83.01794594444448,691.816216203704,9.973961124913796,57.82414093935094,0.585353766460534,9.931189714770516,0,1,13.417385414026834
drv_0085,152.46925679795376,1270.5771399829482,6.398867805256857,13.166706414859563,0.5959263869087444,10.338386681848466,3,1,12.431175052091714
drv_0085,41.306643448613684,344.22202873844736,1.68943764731464,187.07945055968736,0.5914220883894181,11.719893470504648,1,1,12.230472378225317
drv_0085,156.76548300016387,1306.3790250013656,8.314840549297335,1.210683504789317,0.6272053388959143,6.032927647741999,1,1,7.112150540922407
drv_0085,131.989574144134,1099.9131178677833,4.914361567698171,19.099234132937802,0.5744538438904065,6.49000765922162,0,1,5.089854165568391
drv_0085,219.1492178110789,1826.243481758991,5.172139466359065,3.7502743705749073,0.5555873789080328,9.982212089107062,2,0,
drv_0085,135.62138310994146,1130.1781925828457,9.292555312786469,7.606052824291733,0.48259653683546566,7.272636221230538,2,0,
drv_0085,1613.8688543854546,13448.90711987879,6.972599368475847,24.878551275279996,0.6330532218062277,6.652298359128225,3,0,
drv_0085,74.20477704070036,618.3731420058364,9.398562197765589,25.967971747960693,0.5381076972299313,5.846175627318952,0,0,
drv_0085,474.4951140461575,3954.125950384646,8.525594237527262,9.443720224720154,0.5460552994243658,3.5190769309291436,1,1,2.1265236478443286
drv_0085,54.82383472042202,456.8652893368502,8.729041532823011,112.6721674094294,0.6230850486184736,7.574993541714383,0,1,8.259879665443226
drv_0085,496.27291107150364,4135.6075922625305,3.87929825157462,2.6330575995885357,0.5838372649656743,11.147591299180409,3,0,
drv_0085,370.5805480089733,3088.171233408111,7.505739569011434,8.625944442877504,0.4696414893136598,6.391195717658656,1,1,7.662396757196055
drv_0085,70.70495149917944,589.2079291598287,8.430287050403187,1.4964071097952034,0.45785738628936823,5.811055158644697,0,0,
drv_0085,577.7152815345162,4814.294012787635,6.5404917236736715,1.4645095574343483,0.5368007089641816,9.740884219174125,1,0,
drv_0085,199.30665541662015,1660.8887951385013,6.977599502808345,29.10036597595698,0.4609042791936602,8.887340368984596,4,1,9.198167588010513
drv_0085,49.480302648144175,412.3358554012015,2.7255827233454477,12.751752085855072,0.5521349959387859,8.40938935440323,1,1,9.969698044261078
drv_0085,520.470647524373,4337.255396036442,3.027532117059212,35.633876718522814,0.5506725392023142,8.88950536887048,0,1,7.4045300250047426
drv_0085,24.0,200.0,8.535210841887286,6.689843671579302,0.5215353794649153,9.471144966218045,0,1,11.175462305443219
drv_0085,194.54555550620034,1621.2129625516698,3.481415578334105,0.398110381490324,0.5851134869993047,8.283850324968071,2,0,
drv_0085,614.3447206029016,5119.539338357514,5.24656427630123,107.31488287794689,0.6302808300489461,5.617988304860958,1,1,2.2407046622474827
drv_0085,445.3650313912201,3711.375261593501,1.0906119946294157,67.76441930008502,0.6189916368773811,6.416927292617894,2,0,
drv_0085,258.12788334878786,2151.065694573232,9.2745523900418,20.370547040483036,0.5183757116216342,8.919289094374768,0,1,8.519367818919559
drv_0085,1416.2524577515649,11802.103814596374,1.1214237222889434,87.3812439590134,0.5225719537638559,6.273088690030134,1,0,
drv_0085,209.44022665682306,1745.3352221401922,6.033008825137642,13.423679242499963,0.6320529224982719,4.162211642039919,2,1,6.092842084096057
drv_0085,67.51048510131747,562.5873758443123,1.4311490607149102,36.936580411157436,0.5724858931856108,7.511747072671049,2,1,7.28483266213982
drv_0085,70.56884291555885,588.0736909629904,0.3138377464657116,102.55547171624235,0.5723663152408043,8.546463899511949,1,0,
drv_0086,247.27648583681076,2060.637381973423,9.965246326050188,49.108013684926966,0.6795381560879116,6.304172361659122,2,0,
drv_0086,752.6410822924008,6272.0090191033405,4.810669078699291,32.332534312298485,0.7018218296032022,9.287801551876242,2,1,7.99834620131181
drv_0086,208.5055489454529,1737.5462412121076,7.261199316323292,35.460515395101964,0.7468364044566081,8.372569331579838,1,1,7.967568287395871
drv_0086,895.7001504369674,7464.167920308062,6.690691857365531,42.822801036199586,0.8401787898276375,4.582344939803121,0,1,3.5926449564012115
drv_0086,99.40439610732156,828.369967561013,6.037685618851707,25.788383175525503,0.8530559785776457,7.670496286180351,3,1,7.469897366720756
drv_0086,211.45199894623394,1762.0999912186164,9.323168985129728,23.589762281690028,0.7628457034018273,9.273150912753707,5,0,
drv_0086,93.05744045599117,775.4786704665931,7.778765256527901,22.588210418584286,0.8306939876106252,7.081450106365399,2,1,5.923543619617803
drv_0086,58.15294894526988,484.60790787724903,6.392439350016627,74.71057432876272,0.8296149698538308,8.571715215191144,2,1,8.62270720560684
drv_0086,24.0,200.0,5.481584639175886,6.162361669115292,0.6784390848995531,8.039120910654201,1,1,6.901236283467606
drv_0086,111.78842464281244,931.5702053567704,9.052954113539345,17.50209020802809,0.8089026221312388,3.4036830120068293,3,1,3.754767200280191
drv_0086,24.0,200.0,2.557610691585035,59.93327498732492,0.6480512489469571,8.076473011441466,0,1,7.451670811058902
drv_0086,84.63996403668702,705.3330336390585,2.3165683260427383,14.67621857783476,0.6657978665499716,9.290753439354646,4,1,9.164956757574114
drv_0086,478.6343840022242,3988.619866685202,9.239731505859904,21.465828143623845,0.772782377376415,7.92857663429436,2,1,8.790017328797582
drv_0086,215.18351041102946,1793.1959200919123,3.1065565346856436,34.14617469738099,0.7619302990594626,9.272602285411692,4,1,5.81012876300249
drv_0086,170.42514602071776,1420.209550172648,0.8541926620542262,34.18547741889586,0.784252658205743,7.637526593220796,2,0,
drv_0086,187.51973414764788,1562.6644512303992,3.096725476164509,87.31461008382858,0.7021121786448684,7.11807649430129,2,1,6.724879270241288
drv_0086,141.08825471567053,1175.7354559639211,0.589299335864355,15.208669632938797,0.83709204797143,9.292471872636721,1,1,10.437255017247846
drv_0086,91.30180435152262,760.8483695960219,4.758643112022161,31.53290060365279,0.8231650431328096,9.97872562910883,1,1,9.290328559725863
drv_0086,464.6436172539057,3872.030143782548,4.796133103780111,2.4335551433180425,0.7028931757578297,7.991224067938833,2,0,
drv_0086,24.0,200.0,7.882552086031854,70.46348906934764,0.7598845215231591,11.395686591553229,1,1,9.189408832525835
drv_0086,123.26972633122917,1027.2477194269097,1.5815547894408677,24.971705226090453,0.6751698635264851,3.8532017635209566,0,1,7.156208243248008
drv_0086,380.9267279028543,3174.3893991904524,1.3784368858134322,4.415427596499057,0.7269508966723295,8.79092041076534,0,1,9.475884738578218
drv_0086,161.87752738176775,1348.9793948480647,3.3290167648996336,1.6215332351478045,0.6713113723197718,7.763482773893256,2,1,8.744821718678445
drv_0086,302.36813584797545,2519.7344653997957,4.779807824816218,24.64207188098071,0.7631503191228809,4.307878597153816,2,0,
drv_0086,214.6832738031175,1789.0272816926458,3.818224790053426,63.924448150472806,0.7416386897230856,5.4166274402361285,1,0,
drv_0086,262.63360569390113,2188.6133807825095,6.442050075302591,20.362396657643778,0.7839537416583202,4.781176035754196,1,1,4.403588941767898
drv_0086,661.0769192280374,5508.974326900312,9.204773218396355,49.69364071019916,0.7550713829842661,13.080833510530622,1,1,13.183804788640074
drv_0086,193.78832506727022,1614.9027088939185,0.2691949073234956,27.701091263733705,0.679583009922834,10.65212112775425,1,0,
drv_0086,285.1889083639765,2376.5742363664713,5.211823123567383,22.585742311533043,0.6863247734971791,4.89983648813086,1,1,3.2503831914901014
drv_0086,25.565844352245623,213.04870293538022,7.563944874997619,63.39214137568882,0.6832324901476922,7.597493375299033,0,0,
drv_0086,921.6903962301539,7680.753301917949,5.274679942718665,49.72238336606027,0.7506416139469756,7.979505773595031,1,1,8.176477024441121
drv_0086,71.37303997696611,594.7753331413843,8.18131558708691,7.292433037884014,0.7437780265036716,9.21928769776521,1,1,9.664238810064363
drv_0086,635.2689861485997,5293.908217904997,7.277326575486071,92.26607345126801,0.6917846839490581,7.414961697576631,1,1,6.885855086573299
drv_0086,208.34746705163892,1736.228892096991,0.44389764334267556,18.902862088525904,0.7945719693802937,5.622172730778679,2,1,6.5844729205428765
drv_0086,482.83055359324686,4023.5879466103906,2.457561687292682,13.615680369891322,0.6488661326126761,3.4590924069623625,4,0,
drv_0086,355.85837448913765,2965.4864540761473,3.775021352109189,4.653847434092481,0.7535614476695737,2.5781773872164946,0,1,2.5199523409920372
drv_0086,397.22764976427743,3310.2304147023124,6.482593145975352,27.468454166399173,0.8619231267711588,5.073138268782332,2,0,
drv_0086,157.13527408364973,1309.4606173637478,0.34184740124667545,63.672877992836284,0.7527904419658688,8.036620630215229,1,0,
drv_0086,974.3559502933039,8119.632919110866,3.2322102134928854,35.11282521261792,0.7580981527504208,9.996317832800127,1,0,
drv_0086,849.2150792122992,7076.79232676916,6.546691553013776,56.32445925505219,0.7238755216610763,9.833657367142923,2,1,11.144563022670399
drv_0087,78.56645882590368,654.7204902158641,7.769862695918878,36.33535413528472,0.24294272983571424,10.510487929655024,2,0,
drv_0087,46.368809135278774,386.4067427939898,4.130536099166621,4.725795473686254,0.2055041780251762,11.09474664987764,1,0,
drv_0087,63.82858349678131,531.9048624731777,2.1779780572149754,11.72430242302221,0.24473962316444287,11.94133886153115,4,0,
drv_0087,218.57746905849132,1821.478908820761,0.07001970150351866,3.5828409351417303,0.24932343414188543,12.828403638119129,0,0,
drv_0087,33.61250294968362,280.10419124736353,2.0073521025112937,50.41334538272126,0.2980826805017099,11.132062740799284,4,0,
drv_0087,186.68875290169566,1555.7396075141307,6.558830049109753,8.420369769746875,0.23723961924267567,10.32400621849708,0,0,
drv_0087,666.135441500432,5551.128679170267,5.3450190320838225,4.0806204617685,0.34372456733468254,12.50598095074439,1,1,14.184448302880282
drv_0087,1359.2671857349253,11327.226547791044,4.671879443288075,29.47526211182983,0.22117568852189656,14.497003884881298,2,0,
drv_0087,601.5911712931108,5013.259760775924,0.6429198627976751,47.95384827211873,0.3463925703709689,9.821592830947148,3,0,
drv_0087,527.2073741216192,4393.394784346827,4.383803700683151,74.00202573747335,0.33889587744979893,8.359650736370234,2,0,
drv_0087,593.8210944053958,4948.509120044965,7.790475409154787,39.21546355562877,0.2197990479492528,13.772590325345051,4,0,
drv_0087,363.2834468979764,3027.3620574831366,9.68915559832573,0.9623470616641578,0.2266470170955305,10.408236539402965,1,0,
drv_0087,953.2948815097552,7944.124012581294,4.296444088834395,26.476690643275468,0.31957917600783137,11.434655601544979,0,0,
drv_0087,78.43422523049169,653.6185435874308,8.324035036145283,13.651735107089285,0.31378202378714865,10.83832606935103,2,1,11.243690647927492
drv_0087,736.8129814305449,6140.108178587875,9.753162548761882,12.73287337434625,0.29561893781001003,7.790667122539842,0,0,
drv_0087,41.392983591575984,344.9415299297999,7.748352958622285,3.2574969234700966,0.24264406899326782,9.950715512982136,1,1,9.512241633588584
drv_0087,788.7081569008948,6572.567974174123,8.110808938958328,11.613911875299495,0.26397442557612105,11.817989299456112,4,0,
drv_0087,143.14636840501063,1192.8864033750888,8.26317844489499,23.849745695830777,0.2580999193404175,10.60215007395062,0,0,
drv_0087,420.1922274425697,3501.6018953547477,9.085124409247662,6.7895675017733375,0.24744745654576794,11.609535869831175,1,0,
drv_0087,366.5150409649806,3054.292008041505,3.4693132772183413,27.94804795917994,0.26674643480162563,12.906278968342605,2,0,
drv_0087,322.70704374313334,2689.225364526111,0.9545677640860806,0.12608040746512056,0.2578700363427164,11.552976864597431,1,1,11.025093373794439
drv_0087,356.28460206115443,2969.0383505096206,3.1278733833454253,24.01508077152103,0.25098085995457864,10.081745023321012,2,1,11.055571699069155
drv_0087,193.60261200684414,1613.3551000570346,2.7562076798123347,33.82821773351832,0.20513959901219672,11.84164357959655,1,0,
drv_0087,167.76671525410885,1398.0559604509072,1.458098740386915,0.34211591271757813,0.2786135868768361,9.271431767581461,3,0,
drv_0087,79.0082748161243,658.4022901343692,3.3318959952456395,6.913839420907477,0.21203384363643568,12.220295806526916,0,0,
drv_0087,301.6707615123969,2513.9230126033076,3.117459771049531,31.590731112012953,0.30731836075533325,6.133632851048387,2,0,
drv_0087,220.35978228953303,1836.331519079442,2.5824302967435564,30.167819175966727,0.19273019609955044,14.665901687293395,2,0,
drv_0087,359.70652197426784,2997.5543497855656,5.752907701789197,0.5443415852816226,0.28202751427941863,12.26831432991375,1,0,
drv_0087,40.051158384344085,333.7596532028674,6.602536272585243,1.7197552636679547,0.24875863537719126,12.79303388708473,3,0,
drv_0087,231.7893306330194,1931.5777552751617,4.983260373421415,14.292153484166024,0.25582888809962523,9.06279999743671,3,0,
drv_0087,31.047874048735185,258.7322837394599,5.979649478011813,2.974933033178337,0.2964657026775835,12.845839334612954,1,0,
drv_0087,349.94830511051305,2916.2358759209424,9.33447655404089,72.94640519891549,0.19989587819447446,12.017263572431283,1,0,
drv_0087,85.96513019913021,716.3760849927519,1.9716260204985703,10.808834882373919,0.2577579890734979,8.481147528852206,0,0,
drv_0087,134.16430952917582,1118.035912743132,9.751625995389496,18.556664976602963,0.2590691395562539,12.125141266951522,2,0,
drv_0087,24.0,200.0,7.982834767858592,8.864469784153306,0.20254939667815028,8.770955469191035,1,0,
drv_0087,297.09005550913895,2475.750462576158,9.63885076074802,16.149956526199016,0.21266306103120292,12.875900460573487,2,0,
drv_0087,398.6687825558655,3322.239854632213,9.589293569399791,23.459437227401406,0.2597315774527048,10.844427514917658,3,0,
drv_0087,260.37156547334723,2169.763045611227,5.610044206765399,28.760731338563616,0.3922243955746457,11.197818051819795,1,1,8.874184689794927
drv_0087,169.5674375685459,1413.0619797378827,7.262702684061312,6.832332088908327,0.1823474019925968,14.081569878320071,2,0,
drv_0087,63.20914853452198,526.7429044543499,4.267474942785058,24.85197339572254,0.2501067435099718,10.996191747726973,2,0,
drv_0088,54.393433578887965,453.2786131573997,7.964398132995423,3.205088996409079,0.777290453011845,3.484570653061111,0,1,2.3686428016246825
drv_0088,2031.320812700521,16927.67343917101,3.781971837878876,17.77312038959271,0.7924517217300086,2.0,1,0,
drv_0088,422.47427893267223,3520.618991105602,9.168020023713439,31.33968124337499,0.7032191906422672,4.146894234627899,1,1,2.2587307382259354
drv_0088,889.7357981706822,7414.464984755686,3.9359548203094166,54.95243665809667,0.7458420957226736,3.781436603697294,0,0,
drv_0088,163.72408067672012,1364.3673389726678,7.338160345988614,1.098108583191772,0.6577473432399022,2.020252310335392,1,0,
drv_0088,171.4225869527155,1428.521557939296,5.347933111287696,8.132345449846675,0.783015883774813,2.688325314782679,1,1,4.7599067742924674
drv_0088,553.0030828278532,4608.359023565444,5.891561692730517,4.67928385676074,0.7382852030911021,4.882488687148057,3,1,5.978943600780605
drv_0088,935.628594662087,7796.904955517392,6.212172011036996,28.44173558647074,0.7684652935277033,2.897378283480637,3,1,3.5821773998806483
drv_0088,1145.0081823809892,9541.73485317491,9.345326692092584,44.98453193138622,0.730160579597121,6.200593508786372,2,0,
drv_0088,214.70464612091638,1789.2053843409699,1.5826357479690378,15.194224247761362,0.7342108852411361,2.0,2,1,1.0
drv_0088,234.9542914306079,1957.9524285883992,7.350376587390299,93.0836732599066,0.6576858918557107,2.0,0,0,
drv_0088,525.1633592060815,4376.361326717346,5.661103263729883,27.10101220750737,0.6513273272497717,2.2246946098611184,2,1,1.0
drv_0088,24.0,200.0,0.773198648402349,1.3169863876456889,0.7766690429404874,2.456334180677225,0,1,1.6169845594066201
drv_0088,94.75102999268931,789.5919166057444,7.2364598335906365,10.505537095396226,0.7431528194032548,2.6048073127842937,1,0,
drv_0088,24.0,200.0,1.3741479611441887,55.622404089159666,0.6530368217275596,2.0,1,1,4.020897052704694
drv_0088,206.6721240339611,1722.2677002830092,8.246120440022123,48.124794231280845,0.6268473937081223,2.651025491577515,0,1,3.3563093165127027
drv_0088,279.63661678439297,2330.3051398699417,6.042090069105889,34.818229501862994,0.7082020117456906,5.29622612234322,3,0,
drv_0088,283.7657766658418,2364.714805548682,6.601964770030371,9.505801984513731,0.6960196799404702,2.610678260249868,0,0,
drv_0088,259.7066279785706,2164.221899821422,0.7230629322204885,11.077827972314,0.7504157753313516,3.926303682442617,1,0,
drv_0088,645.1770142697242,5376.475118914368,5.852313977967647,149.14091305967747,0.7188168331282085,6.580813253907564,0,0,
drv_0088,97.66901281839375,813.9084401532813,6.312699890039516,18.27818937688456,0.7719437927162854,2.745463781197137,2,1,1.0
drv_0088,729.1095857656703,6075.91321471392,1.7261387568887243,21.032047590743822,0.7492165628494121,3.0257828766720483,3,0,
drv_0088,572.2948962484334,4769.124135403612,0.6737523811694457,7.345680221380332,0.8446284531264536,3.6875142334646203,2,1,4.254260118693577
drv_0088,42.717404820258125,355.97837350215104,5.68191301863838,64.76034641922308,0.7389243567245934,2.1117598585626913,1,1,3.121699340525824
drv_0088,377.0608039722516,3142.1733664354306,9.692066117397326,12.469418861122316,0.7857210006679509,3.864410570688036,1,0,
drv_0088,305.9503956972765,2549.586630810638,6.22920145089922,3.044271357002387,0.8207078497717724,4.666015742634982,1,0,
drv_0088,137.51512192893424,1145.9593494077853,5.237441739887028,18.304563017111345,0.7055821653212193,5.3065708044997955,1,1,5.495540547927846
drv_0088,450.77434164750446,3756.4528470625373,6.249952702593311,48.08034548310238,0.7391198270593295,3.9173782077612658,1,1,1.0
drv_0088,423.267015779799,3527.2251314983255,5.58278263719962,11.726485186693331,0.7582915463979196,4.272472074916615,3,0,
drv_0088,109.32014823320607,911.0012352767174,5.520933200179389,71.01167083126454,0.7614764223621497,4.6237585434836355,2,1,2.028568925739834
drv_0088,443.73228420273097,3697.769035022758,9.60132664386684,25.319462674965646,0.7143703720907567,2.010223878911649,1,1,4.049775621301353
drv_0088,447.7342889924225,3731.1190749368543,0.33821960717873134,1.9693930146618024,0.8215034509357343,3.4624985654105758,2,0,
drv_0088,154.1527233973283,1284.6060283110692,7.417176850364134,17.21297778045463,0.7421062732089727,6.657367384910087,2,1,7.237854673213558
drv_0088,891.9127495858563,7432.606246548803,7.982092643546247,114.01190369585002,0.6055561007580389,2.9665681184453483,1,1,4.4496792101570675
drv_0088,89.8029288478204,748.3577403985033,8.624339450850485,35.00477511128884,0.6377601345280963,4.138644334381643,0,0,
drv_0088,112.27013878991768,935.5844899159807,1.16662919459399,63.325024294814305,0.6975284171787072,2.0,2,0,
drv_0088,313.13792249014716,2609.4826874178934,7.377127351498192,4.8509114087084,0.725773275175879,3.394456879915076,3,0,
drv_0088,291.4793103046374,2428.994252538645,7.05991963248239,20.731401622252573,0.6952638215413265,3.119713266634239,0,1,3.424921344858327
drv_0088,103.9179189374308,865.9826578119233,0.8496317188598823,13.638718153973514,0.6248846579765589,2.2113355505127026,2,1,1.7131449516097967
drv_0088,310.2570937981858,2585.4757816515485,2.092915150828143,28.151990001395518,0.740433779350958,3.6302796394372874,1,0,
drv_0089,443.8799047372011,3698.9992061433427,4.455311819832255,55.9448411845869,0.38430713781951503,4.136607507630652,0,0,
drv_0089,27.083261923867887,225.69384936556574,7.393173510590301,22.762582805796463,0.458844917220231,8.697218897498574,1,0,
drv_0089,43.94812404794225,366.2343670661854,5.709294164363483,27.748123645797566,0.4315716866718806,10.404700123407085,2,1,9.462640703952982
drv_0089,324.3374193825896,2702.8118281882466,7.694677633567931,18.663757031692775,0.4785137301982913,9.115401062101402,3,0,
drv_0089,1871.3570184579391,15594.641820482828,5.7770322876740945,49.80699730234887,0.4217608210289723,3.647457714391825,3,0,
drv_0089,281.6292694864609,2346.910579053841,2.864190284945659,45.61647911706711,0.4883338319715493,9.102617380175552,2,0,
drv_0089,330.5031315246311,2754.192762705259,2.9285681345046166,31.160329342109296,0.4295429904088746,6.753716803845611,1,1,6.859210175893921
drv_0089,525.4830079078241,4379.025065898534,3.3773619431977266,42.078626583086844,0.45632194153409733,9.319933084669794,2,1,8.94592016366105
drv_0089,24.0,200.0,0.8238365325361174,8.17544136822758,0.4400843917537412,9.796059560719787,1,0,
drv_0089,24.0,200.0,3.7693004436987843,47.065798574707934,0.447887761500984,7.920292729037344,1,0,
drv_0089,1062.2283179925457,8851.902649937882,9.342062288921182,1.064324119261524,0.44662959678632597,8.338675970171872,2,1,5.192537028205171
drv_0089,118.39282002229562,986.6068335191303,7.098507850826374,18.28994061225664,0.34931698567091657,8.399111036482221,1,0,
drv_0089,537.1702718842464,4476.418932368721,6.712626893742286,99.50792515012915,0.43586730125492507,8.507507775752442,3,0,
drv_0089,1447.2972841708254,12060.810701423547,9.806410035432258,0.821168014338562,0.40205562832887487,4.530993388636336,3,0,
drv_0089,975.5725997536706,8129.771664613922,9.87186600379837,13.007413609757831,0.39069971437066436,9.839840957737636,3,0,
drv_0089,326.362708915482,2719.68924096235,9.759423207310876,87.91898609969776,0.4527936104827609,7.073495798774753,5,0,
drv_0089,1969.815680305656,16415.130669213802,4.147576585106752,97.76706519127286,0.46918541213075826,11.422413812236046,0,0,
drv_0089,1679.7832617919937,13998.193848266616,3.942885200094505,30.04545935366295,0.5404039815358386,8.908835881203883,3,0,
drv_0089,1128.8389422452929,9406.991185377441,9.484616935842494,66.85789812985485,0.3592138184919204,7.019597719662621,1,0,
drv_0089,345.88373087213523,2882.3644239344603,4.51966196635515,72.72627966095341,0.4478411016629317,8.631842371838468,2,0,
drv_0089,767.6338879232502,6396.949066027086,5.305944757037536,171.47148173323447,0.4736273882701408,7.955037037741221,2,1,7.862594368552698
drv_0089,61.40888428737238,511.74070239476987,9.300509621348072,1.017332904564202,0.43825804717534084,10.613537019639729,1,1,8.403997267469503
drv_0089,96.06037491402589,800.5031242835491,7.855623385761751,0.6400173952649127,0.3505030162353005,6.48191098781672,2,1,6.918795912308815
drv_0089,24.0,200.0,6.432134605375335,8.862442271995617,0.39043465195426835,4.568530464461498,4,0,
drv_0089,508.72313599474217,4239.359466622852,0.08820688298347701,1.3173134935438828,0.4193504384503492,7.877740179197464,2,0,
drv_0089,170.38078469049796,1419.8398724208164,5.7332901988354665,7.571425008201555,0.49865785224953296,9.07851820993125,1,0,
drv_0089,1409.8431384741616,11748.692820618015,9.48038839289881,4.692542332343514,0.3885714272228875,5.144526929568781,1,1,3.560849614429059
drv_0089,461.4361839974857,3845.3015333123813,4.328268983155153,2.2177602165655927,0.4747315127874567,7.113082953324835,2,0,
drv_0089,1257.4406209397127,10478.671841164274,0.7842074371510577,0.5607573928614187,0.4887051061822757,5.398495463109877,3,0,
drv_0089,35.19631727179076,293.30264393158967,6.5713047388446135,25.197660243169658,0.49813769182720113,7.137545100943713,0,1,7.821088820673385
drv_0089,1117.4187866805523,9311.823222337936,9.792537804245407,0.3704745177730968,0.4423508391075824,8.123103572595179,2,1,9.987646707225093
drv_0089,87.06662212652657,725.5551843877214,0.11002528968269587,23.827082106535304,0.4168346065453072,7.900433263409716,3,1,11.713446835040429
drv_0089,383.0930459248362,3192.442049373635,4.472811672477503,7.927436709175321,0.5171644387103373,10.19413732062485,2,0,
drv_0089,477.02803247409435,3975.2336039507863,8.210877836178035,14.361110866682107,0.4234675011873613,6.42890111824439,2,0,
drv_0089,154.13335847054057,1284.4446539211715,2.2851169055635445,130.7087011049316,0.4305098640398777,2.0,0,1,2.106812361710007
drv_0089,282.20620044999174,2351.7183370832645,1.3077279053629653,45.78753654658935,0.48057023343169625,8.906714601825529,2,0,
drv_0089,366.82739167317396,3056.8949306097834,3.1530102168737395,19.987527633056107,0.46448052338756685,6.0325709598861845,2,0,
drv_0089,139.68166735839608,1164.0138946533007,9.136722794298167,13.832015598366162,0.5145201901795825,10.623845479240284,3,1,10.174078443611869
drv_0089,90.27220180490828,752.2683483742358,9.041446585947813,15.510567730173953,0.37164620713854735,4.745637795010364,4,0,
drv_0089,24.0,200.0,1.2944391098153396,1.1632748291409167,0.38109793969615724,10.106329057114015,1,1,10.846590846205878
drv_0090,121.35456598502199,1011.2880498751833,9.860194672923843,49.07587737672788,0.9342945888959231,12.121228843082188,4,1,11.279060995385537
drv_0090,191.97875550273724,1599.8229625228105,7.89987741156337,20.04181799182795,0.9168611370343815,10.597533322836927,2,1,12.328401380469025
drv_0090,227.5607871311002,1896.3398927591684,7.237683501955807,13.975362557904406,0.98,14.548940888633325,2,1,16.124459449436845
drv_0090,24.0,200.0,3.796405327904253,9.19507885924383,0.9672594736076374,11.972584136930038,1,1,9.732756818528358
drv_0090,353.87074538146277,2948.9228781788565,1.7784558965866382,7.751407645918651,0.98,14.58121722358469,3,1,12.99668626158889
drv_0090,24.0,200.0,6.321314722071442,12.858427200545036,0.9722011819351454,11.99267939705437,3,1,13.9195947939589
drv_0090,83.98539180854294,699.8782650711912,0.6784281554620231,35.31873735275239,0.9440644354586359,13.436092844334926,1,0,
drv_0090,867.5685162058003,7229.737635048336,6.5935935512947115,7.517075236933905,0.9421755652399265,14.786539577859951,1,1,13.964211376814164
drv_0090,654.0090204495889,5450.075170413241,1.2160846542033166,38.13370191294498,0.98,14.486737900020072,4,0,
drv_0090,75.24251990037124,627.0209991697603,8.50146757840964,17.83652047509775,0.9475046938438628,13.200000045212757,4,1,13.407972686686811
drv_0090,185.66019530052512,1547.1682941710428,8.397272209801104,0.929584982974082,0.98,14.421850089924273,2,1,13.740372214840225
drv_0090,348.20149817725377,2901.679151477115,0.2929059910026999,1.199177190047823,0.9447474686784311,12.818844233433833,1,1,13.929318798104163
drv_0090,1135.121898072125,9459.349150601043,0.3330526280880597,42.48840226372029,0.98,13.40420276023569,1,1,10.844674096942429
drv_0090,283.0524944794217,2358.7707873285144,3.013298592960132,44.10271783604463,0.98,10.93780250397839,1,1,9.405022533423402
drv_0090,922.9097513502239,7690.9145945852,3.056599867014753,10.526090005443407,0.929107300721463,11.536889482661973,2,1,10.182264838616906
drv_0090,24.0,200.0,3.085606700186565,33.690111729864476,0.98,12.278102829501867,1,0,
drv_0090,24.0,200.0,6.532928369447678,0.7468135889012323,0.98,10.540633035801813,1,1,8.51239282132491
drv_0090,941.0198116019595,7841.831763349664,0.9941805154707328,44.89331643693821,0.953684581598897,9.057783192265834,0,1,8.370599927442992
drv_0090,24.0,200.0,0.6667163155698941,23.492923957543507,0.9367358398473288,13.836763564845503,3,1,11.434314682231507
drv_0090,99.24392847683208,827.0327373069341,0.8798442740238122,14.805350672440227,0.8989245186550738,13.247836213546965,1,1,15.245021081163967
drv_0090,84.79745553234709,706.6454627695591,4.279923843294169,16.901701863927563,0.888773783971031,10.746374590458531,0,1,9.655918635987625
drv_0090,333.3578031365558,2777.9816928046316,0.9919929105952618,8.489394479245352,0.9547511158774861,12.199572187071407,3,0,
drv_0090,468.9249633704149,3907.7080280867913,5.413107220607629,3.2963332893322232,0.9200159099309722,12.464942746599197,2,0,
drv_0090,138.2466699816618,1152.055583180515,2.019841263370709,29.15592631273836,0.9301617288179886,10.98975641760984,0,1,10.98398623606988
drv_0090,40.77038969398302,339.7532474498585,8.675454122413392,38.51380719757945,0.8741434343775839,13.23413031433666,0,1,11.374970210328705
drv_0090,215.60667629535155,1796.722302461263,2.7742747198854034,23.124832811704316,0.98,12.088994551124898,2,0,
drv_0090,223.22925027818587,1860.2437523182157,4.03938523884591,28.476081631836575,0.9363485300078918,14.134880396717811,2,1,14.304327229506715
drv_0090,158.97623716023065,1324.8019763352556,5.6792159355959555,59.85622834119945,0.98,9.077259118870371,1,1,9.00001357417167
drv_0090,225.02054982777148,1875.1712485647624,1.9714197463917738,46.05635611467203,0.881277611595431,11.227145995903475,1,1,10.766701697007546
drv_0090,835.7878084643116,6964.898403869264,5.203203786640143,3.038696267212636,0.98,12.225440515940734,0,1,11.719103068307902
drv_0090,199.93015320497818,1666.084610041485,2.9698624784652337,22.263905625543853,0.9634020401539248,8.739912407540007,4,1,7.47433060761944
drv_0090,133.70008349674808,1114.1673624729008,6.899636011773886,45.67406754910725,0.98,13.878620694211179,2,1,14.978165800152468
drv_0090,916.5444212825838,7637.8701773548655,0.3386946495209553,21.95461021520813,0.872702302163186,14.374351826065716,1,1,15.011455267639413
drv_0090,34.49459646275955,287.4549705229963,3.8011737110446973,84.24828588238714,0.917852028064437,10.189285771850939,0,1,10.263711241692242
drv_0090,124.99936098489268,1041.6613415407724,9.63779248710243,30.367729176777004,0.98,13.637430435571936,0,1,11.774651088178024
drv_0090,1203.0524728163368,10025.437273469473,9.545149758953665,39.959614325681244,0.98,10.069050851190365,3,0,
drv_0090,475.2791391052244,3960.6594925435365,6.932667939511202,7.794218290449661,0.9474454557904628,14.559479442860857,1,1,14.816829589751004
drv_0090,98.01970367348636,816.8308639457198,8.372126968241918,25.91761930122688,0.923746579975087,12.734785086306237,1,1,13.067251237495094
drv_0090,1270.8976778715908,10590.813982263257,5.018810927400288,13.483120182716021,0.9631759201741332,15.660842853841155,2,0,
drv_0090,497.04231858047666,4142.019321503973,6.92505740233313,9.67626374339719,0.9377650029024259,11.213032196591534,1,1,12.562760091593189
drv_0091,24.0,200.0,8.096893316033793,4.0301957301343,0.6753222707068042,8.370334157843185,1,1,9.934609454832628
drv_0091,121.89929455497574,1015.827454624798,5.490652331419796,0.022964961879700353,0.7549990383663456,9.919821624073045,0,1,11.265016127364442
drv_0091,214.6157722822908,1788.4647690190902,2.3233427335175416,85.95847668206449,0.7529579499304716,7.973000241753633,3,0,
drv_0091,343.75258208224653,2864.604850685388,9.986704819414788,18.641524087524747,0.6854244044346398,3.2236710813956777,1,1,5.8806959313417435
drv_0091,177.00094742973133,1475.007895247761,1.371100645951422,73.61347878875785,0.7704481149902447,9.117806475851193,0,1,7.8327212656831655
drv_0091,24.0,200.0,1.2645293898266519,25.662025835681927,0.7689908927169786,5.558297254191184,3,0,
drv_0091,24.0,200.0,4.221620680849842,11.105556625860416,0.7565359998621006,9.88660401168703,0,1,10.74486795048137
drv_0091,1052.2101161971723,8768.417634976437,0.24005626754146303,65.18076619348503,0.7716499574135391,9.066833793047238,1,0,
drv_0091,234.4545761937497,1953.7881349479142,1.200447386003639,12.61690549943425,0.6647589396609651,12.227060751497252,0,0,
drv_0091,26.664639574979518,222.20532979149598,7.6897716708606865,1.2421302569463222,0.7618393880940932,4.196913767921206,2,1,3.8421162336964456
drv_0091,400.1816985470429,3334.8474878920247,9.413778081231928,11.866751529022206,0.7382106723624743,5.589356124930017,1,1,3.6865857474505708
drv_0091,257.50145321257475,2145.845443438123,2.4825786431090027,6.5962833546625665,0.6790909442279426,5.683003762533827,2,0,
drv_0091,162.02740825609953,1350.228402134163,9.952162413107587,3.593911504058547,0.7256356288805749,5.486856525900603,4,0,
drv_0091,1463.8104679657206,12198.420566381006,9.179836489743892,26.87110390846113,0.6374877271100331,4.510774414693837,2,0,
drv_0091,350.30830707768445,2919.2358923140373,4.629658853239653,3.8433423049794504,0.6966272656724579,9.999283976238116,2,0,
drv_0091,66.3803298352425,553.1694152936876,4.006878288451357,10.369623144730927,0.7847428730735184,7.336039053035803,1,0,
drv_0091,403.9300811944118,3366.084009953432,6.220762908536605,22.846474951153063,0.6732417138958763,5.7325865428245715,1,1,4.588895416972892
drv_0091,515.740334520065,4297.836121000541,0.029107988005319108,22.11224686504415,0.6567402104496228,6.300295258409319,4,1,5.359973650950986
drv_0091,579.5104068456117,4829.253390380098,2.4940809576892597,13.281239518968162,0.7767276561136816,7.361952566894987,2,1,8.582030299806052
drv_0091,266.80267429195294,2223.355619099608,1.6535335822806518,33.65549265543032,0.7623300026144658,3.578288729262609,1,0,
drv_0091,607.6936932964179,5064.114110803483,8.103373918985387,49.04206596944867,0.6366053512350883,6.254548523413099,0,1,6.557489235383475
drv_0091,574.7706371641194,4789.755309700996,0.5863061550852822,54.31109765213284,0.6728395327186967,4.166813487762054,6,0,
drv_0091,362.13508716081367,3017.792393006781,4.134034260489915,47.36472948204756,0.7426752346275318,6.596402319284298,2,1,5.296040093128774
drv_0091,53.600054664646876,446.6671222053907,9.846414232244845,0.41664592939665634,0.6466810139468946,9.677070872640453,2,1,7.124411090175851
drv_0091,390.4211661338624,3253.509717782187,9.960139625595003,9.65153938318787,0.7031042999326342,4.55710498933054,1,0,
drv_0091,362.4692356852459,3020.576964043716,4.773819276889016,40.61367340232457,0.6569242187866887,5.937272604014387,0,0,
drv_0091,1584.9915602285173,13208.263001904312,5.293332820293778,13.824102947113149,0.7160521627853291,4.671122063960331,0,1,1.0
drv_0091,124.80898305088914,1040.0748587574096,4.260033165066871,17.65217486784519,0.7552121667022625,7.895167989392714,0,1,6.019691739220539
drv_0091,182.74963608372238,1522.91363403102,7.096161345996985,46.42341391028607,0.7306856880649544,7.8982396645758755,1,1,6.195190469498595
drv_0091,75.97265987184768,633.105498932064,6.046429873721096,8.240219703924433,0.6604074398681608,11.37991396675693,1,1,10.73650060132863
drv_0091,38.34461623217597,319.5384686014665,5.132719869918913,18.574783865669158,0.7292707951524193,5.472201145549315,2,0,
drv_0091,156.19963370939575,1301.6636142449647,7.199026010225875,11.922332256924395,0.6820084157744799,6.223371121539776,1,1,7.0831718910723405
drv_0091,202.98327523801214,1691.5272936501012,8.668957249127882,0.07044928377573596,0.6862410279232276,5.623662277319658,2,0,
drv_0091,748.0298910555339,6233.582425462783,7.091883603233437,34.347823473311536,0.6911921431864729,9.4056812110583,2,1,8.65263832632797
drv_0091,316.65549857663837,2638.7958214719865,6.026740061798446,143.94646042262713,0.7128124974288959,7.604377079580798,1,1,7.899317449281855
drv_0091,61.615537172646256,513.4628097720522,9.274873942150327,74.0164795060946,0.7827667086163799,7.4887524156776815,0,1,5.826350459639318
drv_0091,1116.8392392085657,9306.99366007138,1.4446427771972359,41.75751123502593,0.7309179574762734,6.833220512562397,3,0,
drv_0091,164.9908398117001,1374.923665097501,5.172245512295862,6.601240837185063,0.6873239169695047,5.554351297780397,3,0,
drv_0091,490.4360413778611,4086.967011482176,5.4166893501732165,3.1161865049083204,0.7027698083457892,3.8289723629576393,0,1,3.2340749610148003
drv_0091,48.03335959013651,400.277996584471,4.918445159517145,13.210755513165898,0.7493201367257042,5.678178675368174,2,1,4.183596488098529
drv_0092,173.32037242111443,1444.3364368426203,8.424256384104057,4.1726584385728005,0.5681921036833476,10.17027412466423,1,0,
drv_0092,165.08872593471304,1375.7393827892754,1.6131952431641783,2.7346211349269947,0.5579939282706861,7.537870482458122,1,1,6.630116544272361
drv_0092,89.44862645646866,745.4052204705722,5.680725499712233,6.708548492260224,0.5399991945533351,7.928043062901389,2,1,8.170349650272218
drv_0092,97.16793698757726,809.7328082298106,8.594302550334547,44.211010116001454,0.4899191256851843,6.920829689244953,1,0,
drv_0092,41.185568672881054,343.2130722740088,7.696783187482121,4.009073766338195,0.6407692199116095,7.598873089507419,1,1,8.283441188485172
drv_0092,640.4409222277629,5337.007685231358,7.1009532837272005,42.259677510505256,0.6453651165971028,7.2866826300912875,2,1,7.4877314509838
drv_0092,140.94045285190916,1174.5037737659097,2.296229167577838,48.157120463330166,0.6255615821362123,6.892541141809921,3,0,
drv_0092,213.31415196769072,1777.6179330640894,0.9470927787090699,0.8163172896998152,0.6131756768335956,8.494205214510972,3,0,
drv_0092,31.435498115378664,261.9624842948222,1.859716575742294,24.22922991298787,0.5284770997135783,5.849602062818671,4,0,
drv_0092,523.429974586708,4361.916454889234,4.347330945828033,4.669409722820292,0.4939931047673618,9.653663031305534,0,1,8.59998864151964
drv_0092,555.7737393047692,4631.447827539743,2.83865378115127,15.183700880838234,0.5775363637866106,7.828358721537996,1,1,5.629737203848443
drv_0092,597.3436466518657,4977.863722098881,8.859774439021805,26.881686578655845,0.5669694613392863,8.974826314695912,2,1,11.498633917484966
drv_0092,198.50832467973626,1654.2360389978023,1.1714627969420055,35.64928507140425,0.5229817611824348,3.701030407151594,2,1,5.1873803129056215
drv_0092,260.5615888073973,2171.3465733949774,1.6033304385587799,15.233597373495508,0.6543982631197767,6.548350312458023,2,1,6.752266829750974
drv_0092,252.5794293843155,2104.828578202629,5.779444724483012,15.774392387820468,0.4862345914205267,4.544866161224322,3,1,2.6795970112299057
drv_0092,1168.2329755760954,9735.274796467462,2.862685537456273,61.80652590670101,0.6144959457794692,4.040938065280874,2,0,
drv_0092,1515.3278512089369,12627.732093407809,8.107864948470452,12.855452156193705,0.6378700176879969,9.189435702227716,2,1,7.884604508906249
drv_0092,149.08601031030926,1242.3834192525774,6.8591424953811195,12.999287505128132,0.5374159222594582,9.764443572732276,0,1,7.971369549340126
drv_0092,266.75259454756315,2222.9382878963597,8.926250214604956,27.600968346355465,0.5327127540315351,7.802186149135321,2,1,8.851085061918347
drv_0092,685.9321630322396,5716.101358601997,6.989669168144448,71.83434378317793,0.5770922263804069,6.237017005812364,1,1,1.424080563995398
drv_0092,24.0,200.0,3.8609003151960852,13.409205761460171,0.5588579480868765,10.698257374945122,3,0,
drv_0092,162.42639434776126,1353.553286231344,0.920071606085493,27.645251079429457,0.5572483199884735,5.394483395719617,0,1,5.637855978193846
drv_0092,781.2110185201213,6510.091821001011,0.4268944374961259,49.72830661383068,0.5810604046516741,7.21710214226008,2,0,
drv_0092,743.8975975836144,6199.14664653012,9.019444618540954,36.05503366414545,0.6724503916939852,9.24888124405037,1,0,
drv_0092,94.97157896700541,791.4298247250451,6.213141502484641,96.31440356911085,0.5422389633578316,5.957749036671553,2,1,6.236736232959476
drv_0092,24.0,200.0,5.446316448042943,4.559186919641053,0.6119616507699505,7.742353660620002,5,1,8.842323007842777
drv_0092,409.69151050441747,3414.0959208701456,4.130148680123373,39.040750588437234,0.5177245188071333,4.35183291346962,0,0,
drv_0092,75.62313261219323,630.192771768277,3.165473871435193,22.351470208733858,0.6574519841386954,8.550274412894495,2,1,8.22971700488353
drv_0092,24.0,200.0,8.395605798875636,41.26812428555222,0.5276715796466593,7.663137628838567,1,1,9.628150685328952
drv_0092,47.63300442483562,396.9417035402968,2.625901619263884,3.9348975403205873,0.6129808106220861,3.473130474523983,1,1,4.94899323411754
drv_0092,635.6790734563865,5297.325612136555,1.6005116357193205,59.0127935330125,0.5518583824464092,8.523275081868825,1,0,
drv_0092,120.78999956055009,1006.5833296712508,1.3058853108674329,1.0882241373044623,0.5775313999788584,8.819301188385287,5,1,9.261129951257434
drv_0092,58.28332417356162,485.6943681130135,2.622818715122653,38.652983456384604,0.541543435896095,11.56172043876024,1,1,13.209450648666838
drv_0092,193.6130382968617,1613.441985807181,2.5878192610655137,25.771480323941926,0.5352716536494428,6.269509996381086,0,0,
drv_0092,24.0,200.0,5.183710828154028,61.78503650699525,0.5257050740095731,5.120592222396204,0,1,4.853879658297562
drv_0092,152.77923713118312,1273.160309426526,3.1905749491235005,22.54993131806703,0.5179376465732553,5.914611230241942,1,0,
drv_0092,196.3932370840818,1636.610309034015,8.971403202750922,9.917999460496517,0.6068987924559488,3.58588200120965,2,0,
drv_0092,296.1854353616531,2468.2119613471095,2.046322258782678,36.60481966167005,0.5735291196618029,7.825217872161029,1,0,
drv_0092,114.0885659514567,950.7380495954726,6.789333992238479,19.4103542962522,0.5571650556779789,2.443184435650563,2,0,
drv_0092,24.0,200.0,4.055857584400218,50.589710753084645,0.6104760875806766,6.958619015002017,3,0,
drv_0093,374.5332152542715,3121.1101271189295,0.5775894792113789,1.0563983415360123,0.6342145516296479,7.487062895239877,2,0,
drv_0093,104.3926312411576,869.9385936763134,2.098306339519173,60.40390582086835,0.7961672144101148,3.622906002717456,2,0,
drv_0093,941.888243982623,7849.068699855192,3.8188372435323625,51.34992544077907,0.6378682988313737,7.282648845732613,2,0,
drv_0093,67.40882498005891,561.7402081671576,0.8179767661119541,106.5754913996767,0.5685620490375443,3.16222305489925,1,1,4.066656105333668
drv_0093,564.9326230871129,4707.771859059275,5.829830785058552,12.17237973619398,0.6740337595870288,3.9339687725754815,1,0,
drv_0093,128.37532319489793,1069.7943599574828,5.759072651640804,83.6298588408662,0.7200878215744858,9.126842665607583,0,1,9.808808279451767
drv_0093,96.98400088378901,808.2000073649084,5.193290924284671,19.83488546648303,0.6561969912927514,6.405301098812197,0,0,
drv_0093,217.91206260400048,1815.9338550333375,5.379019959522971,10.57518932784195,0.6905816280299295,4.231294823850138,1,0,
drv_0093,101.4976922737555,845.814102281296,7.665169613994274,63.14268716083669,0.6674242075902297,5.4360148562818456,2,0,
drv_0093,370.31556408674913,3085.963034056243,4.860679648115969,1.8030273856480088,0.7228911807124514,5.892638852088349,2,0,
drv_0093,984.0867370447936,8200.722808706614,5.03497265665397,0.03668445563747791,0.6639330386460202,8.797392770552992,1,0,
drv_0093,218.38001202533127,1819.8334335444274,7.467472652692994,58.85802818105693,0.6361905362642546,6.210834707661779,0,0,
drv_0093,212.90045628642335,1774.170469053528,2.806711414422227,16.739603309456488,0.554955233103207,6.159223580088227,2,0,
drv_0093,497.34328765379723,4144.527397114977,9.943917384974766,20.1404369582813,0.7252080293699408,5.1752651561305365,1,0,
drv_0093,146.2296052382187,1218.5800436518227,8.209991704279378,7.1610577241365725,0.6272805147313937,6.5515948878568295,2,1,7.798988308548793
drv_0093,1264.6126137851288,10538.438448209408,3.9484428954742246,10.352525566436325,0.7270585393418737,8.02931511458496,1,0,
drv_0093,224.7324677362089,1872.7705644684077,5.05757879008844,69.64112252230774,0.7805725514272327,7.598962718759129,2,0,
drv_0093,24.0,200.0,6.770657619241787,52.15841165320342,0.7032254252643069,4.331396490263684,1,1,4.277125923192528
drv_0093,679.9075528361219,5665.896273634349,7.884580043131461,12.498162419296344,0.6664110477730034,6.246263189596615,0,0,
drv_0093,873.3790814176076,7278.159011813397,3.6512986166417183,55.68932083006929,0.6227782341637323,4.700773397305023,2,0,
drv_0093,554.4328393029109,4620.2736608575915,8.227314708172734,39.941060294865444,0.677064469717385,5.282489810868406,0,0,
drv_0093,85.49533227370502,712.4611022808753,5.7559730344868445,36.92620837741407,0.7262787846056826,5.868976046947662,2,0,
drv_0093,43.43567129070065,361.96392742250544,1.0680921006660848,10.129285319178736,0.5962079177763604,6.331595325582757,0,1,6.275321797040958
drv_0093,24.0,200.0,9.21670575133404,21.56137868642878,0.6159287809406155,5.643173496855787,1,1,6.523213886549673
drv_0093,373.1040170016442,3109.2001416803687,5.96876294212792,16.285750968410134,0.6695351665852691,5.578676164658729,3,0,
drv_0093,83.73822888632594,697.8185740527163,2.6099182712511757,10.800149221922075,0.6464196712337594,5.067231841778954,4,0,
drv_0093,101.95638643338225,849.6365536115188,3.1039176308955008,10.93991686457882,0.7299718273811742,4.681601403982241,0,1,3.6350056814190044
drv_0093,66.6002933730068,555.0024447750568,6.010627367825094,72.20515165861347,0.640367708416983,6.097061937345757,1,0,
drv_0093,169.02566761563273,1408.5472301302727,3.7857111890518524,32.66942701756844,0.7759568332927914,5.766965508529149,2,1,4.678267247511686
drv_0093,410.3538202488664,3419.6151687405536,7.670721948388255,31.879514047658827,0.6959578049649083,3.6826269645143537,1,0,
drv_0093,396.0948181178581,3300.790150982151,6.47161846387233,6.221041886852431,0.6975641751244236,4.19012094620783,1,0,
drv_0093,388.5286851547161,3237.7390429559673,8.72913809169273,25.89164749518325,0.7068142993240509,5.8797339446696855,0,1,7.630420154575043
drv_0093,171.96624161054334,1433.0520134211945,5.971253803596141,31.813732972224383,0.7336962569030996,7.388134196906331,0,1,8.983391129199214
drv_0093,36.48123946363213,304.0103288636011,6.676296763257371,70.49884994753643,0.7175077464547869,4.1023398239946705,1,1,3.1546855597873478
drv_0093,146.45226024663864,1220.435502055322,3.8496090009457875,36.147355076191744,0.6963251390752473,7.6344059199159435,2,1,8.567189176198871
drv_0093,244.16111472141137,2034.6759560117616,5.440498708513903,14.396973431172706,0.6605833328918284,4.17086419431253,0,0,
drv_0093,101.68218295100719,847.3515245917266,1.8937956879278683,51.583668700900134,0.7533831659972967,2.176760598886343,0,0,
drv_0093,24.0,200.0,4.308055764816839,1.0795152271075579,0.7869445380590121,5.893037539335358,0,1,6.954540270086774
drv_0093,24.0,200.0,9.94739867912348,3.3705827162866346,0.6526118935868073,6.963292325938551,1,0,
drv_0093,262.5599089729874,2187.999241441562,9.57501373592324,13.76361343927978,0.6772289167470043,4.149717177818025,0,0,
drv_0094,458.4528469155862,3820.4403909632183,1.3422056248234215,55.864961453461234,0.7849676078545074,2.0,1,1,1.0
drv_0094,370.5221843961526,3087.684869967939,9.737519313256653,7.369012175659698,0.7260811107110338,4.343658802768243,0,1,4.252006002383731
drv_0094,527.9464066089308,4399.553388407757,7.193435526313133,24.502827489102742,0.7974125803131971,3.997980952577594,1,1,4.316046684821325
drv_0094,192.1997839306674,1601.664866088895,5.857379689314999,11.874508863416352,0.7745228440457371,2.0,1,1,2.4212074050008896
drv_0094,488.3157985760147,4069.2983214667893,1.0584539444254815,18.50536288789573,0.8173267146781628,2.0,1,1,3.427106682719625
drv_0094,503.27289314655405,4193.940776221284,2.26747690901718,1.8792477333524258,0.7560946655970592,4.119112061228252,0,1,2.082985760205614
drv_0094,885.4983088625886,7379.152573854905,5.372299609155532,32.009290672717704,0.8102048728605584,2.0,1,1,1.1834905391953738
drv_0094,69.00335676822714,575.0279730685595,2.7193936717174805,10.029566628633276,0.8010921163289019,2.0,0,0,
drv_0094,107.5057183665268,895.8809863877235,0.22321144744572474,1.604929392612476,0.8416268847690576,2.0,3,1,1.0
drv_0094,55.56486781926246,463.04056516052054,8.95770996495571,82.52359542996058,0.8584435761221431,2.0,0,0,
drv_0094,125.80159196860306,1048.346599738359,4.5428116545520805,4.014644135725884,0.7101825919669144,5.0068920660320355,6,1,2.4383731927949075
drv_0094,106.21450678848333,885.1208899040279,8.72803568457072,46.43153674063139,0.9207273139207631,5.206604507501262,7,0,
drv_0094,48.42932182375812,403.577681864651,8.969789829894498,44.72381200390828,0.8082477495054088,2.236468959400915,1,1,5.997565983343842
drv_0094,495.17466474126434,4126.455539510536,8.299290763151015,42.22303557364935,0.790766183122027,4.191479571559158,2,1,3.9662501964116808
drv_0094,813.6210942883425,6780.175785736188,9.859997007455249,26.557382882206337,0.873507584377116,2.1393214302119143,1,0,
drv_0094,158.44042910072687,1320.336909172724,4.423432217033188,41.449594810662106,0.7752359801776739,2.0,2,1,2.2146285447027725
drv_0094,135.21619420722539,1126.801618393545,7.075984347665236,11.87504289959142,0.7836276296268557,2.0,0,0,
drv_0094,231.0340758558897,1925.2839654657478,7.154209723187215,8.152092055349966,0.9235328781310232,3.651546094622823,1,1,1.0
drv_0094,172.11207310114088,1434.2672758428407,5.1647198625413,29.533641867393907,0.8376034712967668,3.5898029798806927,2,1,2.36005707649648
drv_0094,24.0,200.0,9.909877051881368,30.61977010234196,0.8809197613707149,4.194921355460574,2,1,2.8122047502964627
drv_0094,190.71618174759476,1589.3015145632899,7.80503962775747,2.1567272259812,0.7120776463897361,4.5348459001763,2,0,
drv_0094,363.1743582797912,3026.452985664927,5.992672631816593,5.860137593160353,0.7924794801155498,3.2036124262094363,2,0,
drv_0094,499.2908990602254,4160.7574921685455,0.13681485254527614,21.143289225979153,0.8018571595058394,3.484767374071471,3,0,
drv_0094,508.76946021853996,4239.745501821167,2.7619588579732146,15.5996355192649,0.8753803846530646,2.0,1,1,1.0
drv_0094,1102.6860095389252,9189.050079491044,0.1323067822826285,20.372365135978264,0.7957482008965256,2.0,2,0,
drv_0094,273.5368249387051,2279.473541155876,8.917073168181965,5.194007883139125,0.7745568297413352,2.741676086197612,2,1,1.0
drv_0094,446.2995477277162,3719.1628977309683,8.346568190268929,8.320355903402966,0.8412071238668756,5.095285767256266,2,0,
drv_0094,231.15229568946225,1926.2691307455189,7.964131550915358,42.734758031471976,0.7578437715774962,2.0,1,1,1.0
drv_0094,358.80680551845575,2990.056712653798,2.4663122106116555,8.12991002817568,0.7477567225724728,2.0,2,1,1.4359016459402534
drv_0094,24.0,200.0,0.8936814188315412,1.9406649451755476,0.7603288681972176,3.4769707837618045,2,0,
drv_0094,48.20794962337483,401.7329135281236,6.222843698996354,9.583056721605368,0.7560336359655945,2.0,3,1,2.38735802607413
drv_0094,615.5164494853221,5129.303745711019,7.4118020262927775,16.701227131063302,0.7741661674541824,4.726950288409915,1,0,
drv_0094,764.8354830819069,6373.629025682558,3.551374581821195,65.85414780333463,0.7115503050451091,4.606252383684735,1,1,6.382716932616117
drv_0094,653.2386211130957,5443.655175942465,2.9374786947911047,5.121877700409531,0.7938295598534024,4.386371284675699,0,1,5.079339833601109
drv_0094,324.3105660672396,2702.5880505603304,9.593103879437987,19.56492562019355,0.8296457937401845,2.0,1,1,1.0
drv_0094,244.26530211589656,2035.5441842991381,6.182228778335542,17.10336237566348,0.7701970396750814,3.395474773426886,3,1,2.9820795528107804
drv_0094,93.5246871527586,779.3723929396551,5.941593168227655,53.7866713531397,0.8243593541076724,2.0,2,1,3.8073264926390022
drv_0094,940.0368110025424,7833.640091687854,2.9434244313564797,0.3519372350745708,0.8735615957631013,4.410172761249019,2,0,
drv_0094,53.829707252452216,448.5808937704352,0.4168835109038149,32.74997060999295,0.7433772767418786,2.0,1,1,2.036628974536919
drv_0094,144.08360383544624,1200.6966986287187,9.670681903281464,16.14024138715793,0.9121074032085078,3.7126050202440117,1,1,1.0625333596337532
drv_0095,24.0,200.0,5.033438925837559,1.1805971871258938,0.828223198877067,7.871544008894406,1,0,
drv_0095,879.8006632180575,7331.672193483812,7.952372508675335,77.77569740178994,0.7109595471393503,7.688358597758367,5,0,
drv_0095,652.1537596249913,5434.614663541594,9.314573662591291,30.534041762375733,0.716404203832439,6.468072946824277,4,0,
drv_0095,259.8583043370267,2165.485869475223,7.830016438253965,4.1468098064064804,0.7311399598700242,4.912203533263664,2,1,3.1587276345182587
drv_0095,420.5782643567705,3504.818869639754,6.47212331191907,29.94006599019243,0.5832484065866483,5.8542519731529215,0,1,6.645699739792056
drv_0095,149.04515964753324,1242.042997062777,1.1473421472610779,120.37614198946594,0.6848685805033818,5.664038554982456,3,0,
drv_0095,24.0,200.0,1.3965287926944203,10.964590759503782,0.7806540906012107,5.686480018117461,2,0,
drv_0095,24.0,200.0,6.348640594850329,99.0042449914235,0.6928425953964831,8.856139415510006,1,1,8.726801244203436
drv_0095,118.57252033717599,988.1043361431333,2.131780943948357,122.75849526828817,0.7252958875302352,9.963966893802727,0,0,
drv_0095,948.022967178471,7900.191393153926,9.089125662058153,28.407156072787814,0.7037537690926667,7.794105136263802,2,0,
drv_0095,327.9339012405483,2732.7825103379027,7.022436214103234,6.610200798382561,0.6484315818637585,7.950961335256725,2,1,5.015797868514605
drv_0095,767.3810069084993,6394.841724237494,7.7791072420916505,0.5651648299851295,0.6715426769601234,5.463549219286898,1,0,
drv_0095,320.43559104373907,2670.296592031159,4.925227352170309,8.320980552658508,0.7486315022847546,9.354204915455751,2,0,
drv_0095,1154.5605285647282,9621.337738039403,1.228709856707485,68.68612208154458,0.6843028441355596,6.7934930034960175,4,1,9.314019028511249
drv_0095,297.9145286726954,2482.621072272462,3.5026403617598403,7.121680008274523,0.7210254943356077,6.830939959612763,1,1,4.954979307296283
drv_0095,51.7499857586928,431.24988132244005,9.448153600201888,1.82712754974336,0.6777254079344137,7.1279924911202714,0,1,6.508860812179313
drv_0095,690.2683010466511,5752.2358420554265,5.808312455809364,12.485763024366095,0.6196044401074887,9.027335042539578,4,0,
drv_0095,132.151046721679,1101.2587226806584,1.8442301571074882,13.640799916129362,0.6352085046430253,8.914833289525212,1,0,
drv_0095,268.10249791722254,2234.1874826435214,4.896544616875121,6.815969260119245,0.7029295871704268,9.892939991321253,1,1,10.090081799943443
drv_0095,143.295940143446,1194.1328345287166,2.7800101323966606,8.11331255658554,0.7704215601020252,8.03089837879738,0,0,
drv_0095,41.4280423344966,345.23368612080503,9.168236617617895,6.396404519910653,0.6934564198195766,4.681675509919912,1,1,4.732374627127465
drv_0095,400.7386030639197,3339.4883588659977,7.299768801873529,7.498228289197572,0.715142834487841,5.88254217371066,2,1,6.73002448661442
drv_0095,78.57480348456227,654.7900290380189,8.656341991294495,10.520699704842396,0.6774498580839048,5.816269429670677,0,1,4.860733292293163
drv_0095,627.3663611886337,5228.053009905281,3.373567011039733,28.05845297403112,0.7869124395058982,7.566590397368665,2,1,7.770685651288747
drv_0095,724.5941662977486,6038.284719147906,6.017478488641345,63.73538019994579,0.6924765258039653,7.576067277377125,1,0,
drv_0095,107.62960163565093,896.9133469637578,9.686770365353963,2.5351723853022436,0.6014508311678188,10.692970103051342,2,1,11.654156286105252
drv_0095,167.34851486847435,1394.5709572372864,1.0119331482788319,18.66328309249008,0.6918892921046542,6.015782498058732,1,1,4.7252050767357385
drv_0095,716.5816066051922,5971.513388376602,4.690771712505887,172.30654262187758,0.6898024588268026,7.866343098431539,2,0,
drv_0095,572.3431279639303,4769.5260663660865,5.504382730119457,64.50673709680123,0.6413714802229198,11.193247913320224,2,0,
drv_0095,60.686599442449,505.72166202040836,1.799235873489563,36.296574097516874,0.6766712584243953,11.19203512317261,3,0,
drv_0095,168.96422113544133,1408.035176128678,0.6493776265543805,5.799512434972338,0.5527722636239303,6.702508026253344,1,1,7.201828608783501
drv_0095,254.4724964651,2120.6041372091668,5.6818818379312495,103.21313557671722,0.7306301234779043,9.31388162232039,3,0,
drv_0095,24.0,200.0,4.7204904377727095,27.603667745729037,0.719316998354044,7.174562268074449,1,1,6.859102183218734
drv_0095,24.0,200.0,6.969445247914166,18.723663005036258,0.6676022583016368,6.755955505657712,0,1,6.161696140344632
drv_0095,540.2902404932621,4502.418670777184,2.6562756516131136,2.007534080265108,0.6695668948609657,6.722003236166964,0,1,6.689668107195101
drv_0095,486.96690490194743,4058.057540849562,6.551530055746982,8.444926601106589,0.6874035378329403,2.0,3,0,
drv_0095,435.2407302399444,3627.0060853328705,2.519151157216719,42.12439263743241,0.6823005266501376,6.365578853217771,0,0,
drv_0095,900.977425584754,7508.145213206284,0.3128072612452115,60.87510633434849,0.7218537703885564,7.441434876646805,1,0,
drv_0095,390.469184955837,3253.9098746319755,6.456646614975941,30.644182937250736,0.7682094154781526,5.356386054663359,1,1,8.772077133118495
drv_0095,509.7478725000842,4247.898937500702,3.779672659241574,19.22625186228642,0.827290067434358,6.926139077158652,3,0,
drv_0096,316.2488007710561,2635.4066730921345,7.701722543315199,4.043155807566573,0.7002948175736073,11.713532770253615,1,0,
drv_0096,340.2412057449443,2835.3433812078692,4.391106061678084,27.21102772771802,0.5514760241350006,11.325822516837619,3,0,
drv_0096,745.8494435810734,6215.412029842279,8.962881812095258,7.551852371688231,0.665948567945708,10.628952177005418,2,0,
drv_0096,228.4400779595352,1903.66731632946,4.459625791458236,3.6418363157917475,0.5253850065696493,13.121247024666216,0,1,13.561297470737552
drv_0096,715.9406157417528,5966.171797847941,3.7056585549997125,6.023825895404505,0.5984580508853273,12.557892573939016,3,0,
drv_0096,1196.1620502764677,9968.017085637232,2.8654033538871984,54.00232015496018,0.5880149666065339,12.766077535674397,2,0,
drv_0096,268.54276654246763,2237.856387853897,5.1628948813885875,1.5860162877344472,0.6354367873778292,8.50878645585287,1,0,
drv_0096,71.58701378200337,596.5584481833614,2.256779758974613,3.446981308534783,0.6289009218813645,14.880951428943867,2,0,
drv_0096,342.56376003208953,2854.698000267413,2.8932967940766776,13.374016916718272,0.6589104248478512,11.349024171952191,2,1,11.337202497239018
drv_0096,45.363909122079235,378.03257601732696,6.730593665670725,75.25146744781803,0.6318161315087684,15.448922873543903,3,0,
drv_0096,45.05847578110193,375.48729817584945,7.153518372493981,4.027801524226517,0.574709158783229,15.570106294651263,1,1,12.977712352467398
drv_0096,662.9965104939664,5524.970920783054,5.594170167544069,50.66641639841507,0.6292432602154607,12.567338275538221,1,0,
drv_0096,700.5299688330438,5837.749740275365,9.193149214494213,27.070344792813003,0.696664329967547,9.863722567480153,1,0,
drv_0096,487.7052309788541,4064.210258157118,2.1835997627259065,38.27340080763183,0.683747472067643,11.650681068685156,1,0,
drv_0096,357.91927833953616,2982.6606528294683,8.72571884515557,28.79413697942222,0.6283889024909614,7.910909139872405,1,1,8.19065202215294
drv_0096,375.8674879181578,3132.2290659846485,4.406244000816527,78.3123789291401,0.5586593056437273,9.723931991468728,1,0,
drv_0096,188.90839117112847,1574.2365930927374,8.291911285766494,30.58415008441463,0.7026021439132231,12.740346287051961,0,1,11.500942858340157
drv_0096,91.70116737451038,764.1763947875866,6.1012130868831616,14.233772506009437,0.5606806337872067,9.83618498012012,3,1,8.115430244939805
drv_0096,30.63698141515475,255.30817845962292,6.288418019346733,49.637344911841936,0.5762478356570256,10.79209814081984,0,0,
drv_0096,1003.8702453605354,8365.585378004462,3.4551666962386838,54.697147129134876,0.5507195369415134,10.541304568040552,2,1,10.877624894942857
drv_0096,110.06171098962936,917.1809249135781,0.8446489155659453,13.87784370441676,0.6348101325507212,7.022982280089108,0,1,7.188175106461978
drv_0096,283.5171244104737,2362.642703420614,4.694272947562466,43.58148819009345,0.5289465281613901,10.856450625413755,1,1,10.338762402306829
drv_0096,24.0,200.0,0.272137816175122,19.227400594764404,0.5577203974520502,10.552117850307747,2,1,11.356213495012184
drv_0096,43.76794915409767,364.73290961748063,0.19756198606090014,0.5930283217857879,0.6004741389669394,9.860947023202414,2,1,12.35655429076941
drv_0096,152.0234623342465,1266.8621861187207,2.9444864134836246,15.209229613637437,0.6250416490221905,11.645881606763247,0,1,12.340709498567026
drv_0096,365.1413341997143,3042.844451664286,3.018875429136566,11.871526440625827,0.6471378887305718,12.247923372993917,2,0,
drv_0096,432.58147794708856,3604.8456495590717,6.773700665284242,6.455930534695248,0.6115594663980753,10.294859097266993,2,0,
drv_0096,135.3642857130271,1128.035714275226,0.23392578682259413,48.02151891891261,0.5501943819247732,10.802034664797343,0,1,11.974051932933113
drv_0096,337.2270291723506,2810.225243102922,9.26130751252775,15.29343157703186,0.6779121073965669,11.683801378990845,1,0,
drv_0096,165.0963207095484,1375.80267257957,1.5279871071178608,26.988654926608287,0.6096503645416527,13.347836879170984,4,0,
drv_0096,59.02132781167114,491.8443984305929,0.4553594783110626,112.27976152214409,0.608988981852208,9.06700448706819,1,1,9.659209046324666
drv_0096,24.0,200.0,8.085509425283096,8.173806868397827,0.5373045409601275,12.238767144209344,1,0,
drv_0096,477.39561695690276,3978.29680797419,8.436975933105971,16.274012292432083,0.6519025354685178,8.528018356573739,2,1,7.448258335877728
drv_0096,191.96404243701977,1599.7003536418315,5.360819706236772,25.565864933893828,0.6699309750455082,9.16839975356999,5,0,
drv_0096,841.1970218882633,7009.975182402194,4.104241342028027,17.514332067147574,0.6238430771570964,9.07906193030514,2,0,
drv_0096,187.09986786237047,1559.165565519754,6.286334776255568,44.70925675070664,0.6123654260080686,14.813164269732239,4,0,
drv_0096,24.0,200.0,9.306173586560437,19.77523597512742,0.5900009247311045,8.265193897152653,1,0,
drv_0096,1858.1751789413927,15484.79315784494,5.784789918096119,88.88210056975986,0.5196771063381157,14.493772671801084,0,1,14.952274196831384
drv_0096,372.83854098371705,3106.987841530976,7.441326732580147,138.3224454232941,0.6355484445981093,8.7049655260622,5,1,6.552506255967831
drv_0096,310.3862270105312,2586.551891754427,1.7829508370520086,17.25021841523514,0.637053503831929,13.31835352134592,2,1,13.985051317129054
drv_0097,235.67779251274968,1963.9816042729142,1.7966161985976326,2.8718828768878506,0.782743466917685,4.659383501748756,1,1,4.588749310279642
drv_0097,734.0243925331107,6116.869937775923,7.679323626540986,54.66534361405177,0.7734108475211432,4.396133409953999,1,1,3.2548346945113984
drv_0097,225.7540552936852,1881.2837941140435,1.561703579255912,33.60339894778569,0.8549636635764045,7.432113557551692,3,0,
drv_0097,116.740175605524,972.8347967127,6.861995898357184,8.325696054954452,0.7355756123487313,5.807227276180946,4,0,
drv_0097,382.31696464658376,3185.9747053881983,8.582784974843456,29.10424262910357,0.7614675986295214,6.148041634603404,0,1,6.7997820070106725
drv_0097,359.72745106009415,2997.7287588341183,3.5263115756215724,45.48721815145133,0.7943089146324831,9.854003803791676,5,1,8.262681541563786
drv_0097,846.9980569027962,7058.317140856635,7.259529998277849,9.780283604261971,0.7711140633461347,8.757783138240102,1,0,
drv_0097,505.46890236824163,4212.240853068681,7.401386404986794,83.84897082594348,0.8480740726536077,4.913978456110902,3,0,
drv_0097,32.27635037926255,268.96958649385465,4.489965194145885,7.13025560628793,0.754306460151391,7.252420097324277,0,1,9.757403788240929
drv_0097,56.61121150290881,471.76009585757345,8.670448589891205,26.304263024411522,0.7875932733934337,6.839020828773248,1,1,8.691663170196357
drv_0097,356.49647716296647,2970.803976358054,8.251196284898239,44.67560762915113,0.7583074696911499,8.117749619366819,2,0,
drv_0097,255.58877148819636,2129.906429068303,4.492678938973733,36.38838064731367,0.876913412605157,7.917413088217347,1,1,8.111801186687593
drv_0097,360.87053961313626,3007.2544967761355,6.155515776815622,16.239138805449482,0.7604463191875154,6.014215235690175,6,0,
drv_0097,258.3092006695296,2152.5766722460803,7.647864033926978,29.20929938296335,0.8553783717438573,8.656574508756306,2,1,10.605633256074507
drv_0097,319.8398092879782,2665.331744066485,7.842019807158071,8.886671486031943,0.7735670884516559,7.523479955695679,0,1,8.026041561698728
drv_0097,999.7079185955013,8330.899321629178,6.489990160523236,29.504623816311042,0.8318284081648257,7.24028758717815,1,0,
drv_0097,672.0889539788187,5600.741283156823,8.569802633995074,2.219277917913576,0.6971301517453274,3.803631828441241,3,1,2.840962089272662
drv_0097,93.03636262930722,775.3030219108936,0.8878697927169799,7.910004756714209,0.7439838937545455,5.239819663487362,0,1,6.877185966138196
drv_0097,286.96508294369517,2391.3756911974597,2.771355978556401,213.02180119102337,0.8278617824078995,5.5485222291424385,1,0,
drv_0097,756.8756190584264,6307.296825486887,4.218069771017995,15.26129544483824,0.7371137780623974,6.3532402442041045,1,0,
drv_0097,487.6474729303016,4063.728941085847,0.06604400635906171,9.12225231109064,0.6762816285781664,9.469836608813887,1,0,
drv_0097,199.53414165470863,1662.7845137892386,5.178155866910064,19.46883267743904,0.8393176596876253,5.882460142244622,2,1,5.34663157173287
drv_0097,24.0,200.0,3.8787787797487363,22.147452622869395,0.7143282555059344,6.589265160511845,0,1,6.9462469185886535
drv_0097,260.1020973400494,2167.517477833745,5.407446209502189,27.46407682629648,0.719498216015439,5.222121113272013,1,1,3.748584043544353
drv_0097,24.0,200.0,0.8692393214477334,25.48558432916132,0.760955828381552,8.74180997730228,0,0,
drv_0097,202.32860166304337,1686.0716805253614,1.0228260702480951,2.9869767656109127,0.7943753659583517,4.641384756096681,1,1,3.8455391915755723
drv_0097,262.5635009372759,2188.029174477299,1.6083455451002548,21.174458187410227,0.8519423343492017,5.372507400157603,1,1,6.692721152903275
drv_0097,424.44860567996585,3537.0717139997155,8.04297294802684,28.485601440520544,0.7645969566138351,9.00510472517064,1,1,8.885963773781702
drv_0097,720.2131693088154,6001.776410906796,3.2561598586596596,2.483676159852624,0.7594215314583594,6.916182274803879,3,0,
drv_0097,913.8433939128743,7615.361615940619,1.180422736521668,35.37496034970012,0.8447509440771757,4.732813588719169,1,0,
drv_0097,645.7317653924227,5381.098044936856,9.894672583739743,6.232427619414105,0.7516376684316924,8.544211589523492,0,0,
drv_0097,654.1965080499858,5451.637567083216,8.017780160271803,51.28830864609579,0.7141404371149855,6.611370722953439,2,0,
drv_0097,299.20002481698435,2493.3335401415366,6.491922383149056,4.842192845716434,0.8676447995211731,4.727011172760769,1,0,
drv_0097,66.29126828243875,552.4272356869897,4.271735844720368,33.708985628123884,0.836838931888122,5.459295211435526,3,1,8.419745766149141
drv_0097,845.1255149699667,7042.712624749724,8.96129037442506,10.269952808744362,0.8216374367493064,8.762905241339,1,1,9.646119235656322
drv_0097,1264.9716096934917,10541.430080779099,1.658838540920281,11.132578250361101,0.7190838744875623,8.275466642930638,2,0,
drv_0097,646.6143269839979,5388.452724866649,7.214135232990557,5.884429245567167,0.7663843872160583,9.741418203854463,4,0,
drv_0097,78.6940800898595,655.7840007488292,4.2088867703663135,12.076628567425832,0.7926207084590158,5.461836516546146,0,0,
drv_0097,526.7291787394371,4389.409822828643,2.2409863182302105,40.316414598974674,0.7509545093757937,7.858647946844086,0,1,8.862425887317883
drv_0097,256.73485889762594,2139.457157480216,7.87377240642239,70.47592282746604,0.7648883516146191,7.029908803247729,1,1,7.276568765867055
drv_0098,637.502395097813,5312.519959148442,0.5205325914792536,7.326645166136471,0.7856052164838639,6.638096962339822,0,1,6.675978008009156
drv_0098,402.79847656480746,3356.653971373396,1.30272337382202,29.894181647063018,0.6857993003683871,2.0,2,1,3.0132455763202457
drv_0098,268.69347096506,2239.1122580421666,7.498385171700722,22.45524641647693,0.7909831537473636,2.0,1,0,
drv_0098,86.47240869488158,720.6034057906799,7.955157180984745,8.658716690479023,0.744697007124772,2.951736626399919,2,0,
drv_0098,1167.3790084979462,9728.158404149552,8.081072436720532,33.108734918083286,0.7215057950861284,2.9642315561693797,2,1,4.783996454738831
drv_0098,90.8464992970029,757.0541608083574,8.681685195349036,45.51592151899008,0.6655327276100366,2.0,2,0,
drv_0098,356.90872477835495,2974.2393731529583,0.9023862668055793,37.6940081883688,0.6857668243865245,2.0,1,0,
drv_0098,218.26622572359133,1818.8852143632612,0.07675724013944119,90.25504881905067,0.7307835742590132,2.0,1,1,1.8556860602838017
drv_0098,255.19786390738471,2126.648865894873,9.84405522998539,3.2208344963223414,0.7689025782961212,2.0,0,0,
drv_0098,47.355591554915144,394.6299296242929,4.73826468320947,23.19241044578068,0.7442669340443833,2.944899291186903,0,1,2.0203036864487083
drv_0098,90.56273432740706,754.6894527283922,3.429404103079455,7.222442379095511,0.8019178417167749,2.0,1,1,1.5925593663722033
drv_0098,488.3284121940792,4069.40343495066,7.192457651946077,82.53654099844701,0.775859072344778,3.749002227925684,4,1,3.214515873816807
drv_0098,352.29463948350485,2935.7886623625404,5.366398258583107,35.59987946115115,0.726461110140048,2.0,1,0,
drv_0098,245.5409732948673,2046.1747774572277,0.46814021412168616,5.061685929488171,0.7823114239422735,2.0,2,0,
drv_0098,462.4101523693761,3853.4179364114675,3.763021300162271,5.950786382591707,0.7178319669864649,2.0,2,1,3.4246036581221544
drv_0098,291.72057155609474,2431.0047629674564,8.510882090316386,71.53033037245599,0.701174531132048,4.229023620815948,0,1,1.8721960498127497
drv_0098,244.4783813523161,2037.3198446026342,4.192838601489395,30.089783053747688,0.8051811300405697,2.310867263171214,3,1,1.862442115154654
drv_0098,272.92414050803023,2274.3678375669188,6.880154757893382,63.71702078279143,0.7315428775383722,2.0,0,1,2.561144443826043
drv_0098,248.66745079704015,2072.2287566420014,2.39402470145482,77.08833907202684,0.6737517433022031,2.893919765396612,2,1,3.803059741173292
drv_0098,446.0648110512008,3717.2067587600072,3.4953408320817356,6.49734420658594,0.8465775694183534,3.64929509400553,2,0,
drv_0098,963.9555707018739,8032.963089182283,4.4320185677219195,42.42733915542408,0.7633688683800427,3.1886405437338476,2,0,
drv_0098,72.44955523559724,603.7462936299771,6.505448031202338,2.917864030718961,0.7393296520889042,2.0,2,1,2.4341322872577846
drv_0098,43.67276254729744,363.9396878941453,9.740334561904781,31.796692794913504,0.7414701970922005,3.3950986757607065,1,0,
drv_0098,1723.5298849042629,14362.749040868859,3.019132539885856,47.69765295153705,0.7782702080503204,2.7842978118128343,1,0,
drv_0098,1085.9482307547637,9049.568589623032,9.772270198425094,37.348240960611456,0.6701465844922061,3.635726457312293,0,0,
drv_0098,90.26313442143092,752.1927868452577,2.8091654226362364,29.720874355695333,0.6818534394477274,2.0,1,1,1.49520812683237
drv_0098,140.96870852177707,1174.7392376814757,6.232072166194266,10.09911318079117,0.7688469705802049,2.0,2,0,
drv_0098,592.7691690786372,4939.74307565531,4.64845456688585,50.193828769897614,0.7183827644394152,2.6721059321113954,1,0,
drv_0098,216.49659442728378,1804.1382868940316,2.744168666475449,20.489987654705335,0.7448080358519216,2.0,0,1,1.207788377695762
drv_0098,474.4922757648678,3954.1022980405655,2.3111049867556055,28.373165609751776,0.7732882922207189,2.0,2,1,2.031630260904636
drv_0098,133.54103465193683,1112.841955432807,9.741386340658856,88.07454385923722,0.7241627476074654,2.0,4,0,
drv_0098,203.38315162517125,1694.8595968764273,1.1403654686478149,30.107819574945744,0.7476455404385131,2.0,0,1,2.357101978171352
drv_0098,73.00429352681398,608.3691127234499,2.7350931065436446,8.38297343263567,0.7916145964607274,2.3539730159020413,0,1,1.0
drv_0098,318.2338212852534,2651.948510710445,6.928875806894446,0.286515739785553,0.7698854379014749,2.0,0,1,3.7825919122398175
drv_0098,222.89864280335192,1857.4886900279328,4.719944854974077,10.977788381591612,0.769758985446645,6.303663538145987,1,1,6.847915635193549
drv_0098,430.16137251181874,3584.6781042651564,7.431994527832582,16.947905980348132,0.7083544836655283,2.0,0,1,1.8975080776806585
drv_0098,583.2913787005768,4860.761489171474,8.336632238136367,0.8654569805811047,0.7088738775826487,2.0,1,0,
drv_0098,81.0275072177361,675.2292268144676,6.6040617221341975,52.40516695895464,0.7505556915049851,2.3262306181178456,1,1,1.9610996851878917
drv_0098,114.50826401861978,954.2355334884983,1.8329378247138028,41.50370211805877,0.7650639640878334,2.167027399840493,2,0,
drv_0098,292.4815885267447,2437.346571056206,1.8603678409001723,22.464975484912344,0.8375738803144686,2.0,1,1,1.0
drv_0099,643.7468934121447,5364.557445101206,7.625463779119006,12.919948572015324,0.6980247243526786,11.978836678966427,0,0,
drv_0099,49.2828571611467,410.6904763428892,3.658007026173623,11.740059825117552,0.6081664679343425,8.939621711210906,2,1,9.755458431052041
drv_0099,684.9034731487448,5707.528942906207,1.8371583723700202,12.8327270382182,0.7513536089310691,7.495768252685581,2,0,
drv_0099,39.27248714685191,327.2707262237659,1.0605448254977123,109.95626748152074,0.7255382966849302,11.396629523773482,5,0,
drv_0099,275.2611272854509,2293.842727378758,1.001420763312022,7.416613703847927,0.6723123971170114,7.702657956575489,1,0,
drv_0099,1061.2322387307142,8843.60198942262,5.222318573078875,53.073470597287404,0.7062739755703135,10.574925463539959,1,0,
drv_0099,324.45420954092384,2703.785079507699,5.133085781268184,2.836817711634348,0.6226685145627477,7.570616378288802,0,1,7.429554637323482
drv_0099,147.03659229872596,1225.3049358227165,3.658867536437249,50.61787380516545,0.6447110482968091,8.225705796272136,2,1,8.098246082394228
drv_0099,24.0,200.0,3.582128209088762,50.44192980147721,0.6621525889138012,7.755040832746356,3,1,6.544951686914505
drv_0099,36.578468097490756,304.8205674790897,4.168293107449439,1.7321830229356288,0.6750016020288668,10.166515384558943,2,0,
drv_0099,135.04741920960907,1125.3951600800758,6.563393363748704,211.24264113454726,0.7109554149754115,9.950940952962503,1,0,
drv_0099,152.55239959560396,1271.2699966300331,7.293169056708001,215.0815681739755,0.7416086486940062,10.57567689218097,1,1,10.209837884327092
drv_0099,330.48366766432457,2754.0305638693717,1.17353947495205,15.544350482931437,0.6504357877999304,7.8190915737204305,2,1,8.63090611502203
drv_0099,27.687222455952632,230.7268537996053,0.5234568702864428,15.78190878071998,0.7202634260455019,7.4536701618434185,0,1,9.077411784656384
drv_0099,132.074678977356,1100.6223248113001,2.228061482717607,51.46661336584827,0.6836357796645521,5.63385621227061,6,0,
drv_0099,272.9510065332757,2274.5917211106307,8.334239354083657,53.42324122226221,0.7118497230314424,8.203536214022327,0,1,7.003899208395706
drv_0099,491.0536294062505,4092.113578385421,6.505891577636287,106.56448787266605,0.6226294936263106,9.263047015300906,4,0,
drv_0099,870.146875562158,7251.223963017984,9.4823857749913,25.66855698863023,0.7049367681649512,9.305662181043342,1,0,
drv_0099,161.15876814915637,1342.9897345763031,8.21711031202797,42.12098731796443,0.7446676356665765,8.745202013378275,2,0,
drv_0099,131.79002981966343,1098.2502484971953,3.3350403987872914,0.6426778423364341,0.6119263964553461,7.866145348610044,3,1,8.186172353921151
drv_0099,367.6442738514109,3063.702282095091,9.35653552253445,3.9699824408323456,0.6479872024276306,8.714794168285119,2,0,
drv_0099,1042.485054480278,8687.375454002316,4.983298759020397,78.40304978965273,0.6277280529173125,11.462504548433705,1,1,12.050353630182299
drv_0099,97.33080027759466,811.0900023132889,7.733775909928485,0.20927210177785402,0.6840740403150595,11.306012061823651,0,1,11.122944441862165
drv_0099,90.1800448377743,751.5003736481193,4.993064325314749,17.930780478947483,0.6148429754472122,10.51397942768173,1,1,9.42343398172711
drv_0099,145.55276533980484,1212.9397111650403,8.91731997680001,18.96528961988586,0.651419438052938,12.035431091771443,0,0,
drv_0099,1242.918166814119,10357.65139011766,8.884286801425587,3.46699455407002,0.7128722512986405,9.71727023309142,1,0,
drv_0099,296.3071162843762,2469.2259690364685,2.0651268200129067,2.6586671385258454,0.6273405850389189,5.180329753604987,0,0,
drv_0099,626.5430816255796,5221.19234687983,7.430060175678629,8.281209137616015,0.6328017372273419,5.887225534822353,0,0,
drv_0099,953.6383120327326,7946.985933606106,2.766746404009589,22.144758625801288,0.61194674530748,7.158294944594141,2,0,
drv_0099,164.79342784397937,1373.2785653664948,4.143252227580926,72.91652466577094,0.6260576265638423,8.426882957829871,1,1,9.632216790676333
drv_0099,122.39339934380638,1019.9449945317199,5.5388213634274575,31.27961184634724,0.7058847609238516,8.40502799915436,0,0,
drv_0099,24.0,200.0,1.6996830113838457,5.8439868413927165,0.7147323194914834,6.616583076108628,0,1,4.912637473584078
drv_0099,339.4197049657793,2828.4975413814946,3.655434641440073,15.778838060560789,0.6628124026003174,7.77244456021574,0,1,8.94416255431524
drv_0099,895.8738413781863,7465.6153448182195,4.186075213695545,5.440078419217587,0.6306680103479072,9.282969330413017,2,0,
drv_0099,208.26430790755435,1735.5358992296196,6.073305697593829,42.98087246961021,0.7655028341173566,7.264218196408063,0,1,6.368253146236233
drv_0099,577.163758723445,4809.697989362042,2.7104386985632423,49.05746543901493,0.5979301975026533,5.214412792112892,1,1,4.118321107879174
drv_0099,136.69077978576172,1139.0898315480144,1.8352343338536858,42.0351649939213,0.5424783493833274,6.0987628328457815,0,1,6.992500583219461
drv_0099,119.08715546970245,992.3929622475205,1.9494055359232898,6.3440660744663555,0.6799722236444825,5.905561754263429,4,1,5.488533125406385
drv_0099,205.15829117234114,1709.6524264361763,6.888945012585831,140.42656947305764,0.664099566579033,7.923758146569475,2,1,7.677157123482923
drv_0099,694.1214457667129,5784.345381389275,4.449880773594199,0.32033940687219664,0.6939356008761438,10.426415840572425,1,0,
drv_0100,24.0,200.0,3.388089452201155,96.30932181224955,0.6181856091834899,7.827184330884827,2,1,7.374404454911699
drv_0100,291.54523669046273,2429.5436390871896,3.4315000579399935,22.248078383104644,0.6314462581070205,9.727015234589095,2,0,
drv_0100,24.0,200.0,8.41789491825075,2.788531063980202,0.6447999608743198,11.31308275690874,0,1,11.868461879214921
drv_0100,36.95127927987655,307.9273273323046,3.22209687135861,22.045740973344795,0.6559524527050665,9.602126315617996,4,0,
drv_0100,236.6928586766016,1972.44048897168,0.2782012480805107,2.527601890800465,0.6207867277894233,7.489262262958827,2,1,6.497859130884564
drv_0100,139.8409344489423,1165.3411204078527,0.4118935321594963,2.645174361857709,0.7191266729937155,8.4250313796913,2,1,6.475761484320465
drv_0100,226.30350656113697,1885.8625546761416,3.25768150487314,17.747348165819076,0.7160213495814601,11.300303513184252,0,0,
drv_0100,45.75760672645607,381.3133893871339,3.4586748636374876,20.236246445786527,0.7195431477961524,6.9855979849599645,1,0,
drv_0100,682.5397897792275,5687.831581493563,0.0818142826532664,12.955875926855892,0.7748948676940669,5.639428501402204,3,0,
drv_0100,182.56815041568916,1521.4012534640765,0.31377382458337544,2.468363309089699,0.656803043280245,7.47039419893872,1,1,8.876025315934157
drv_0100,448.3626229741095,3736.355191450913,0.5762931120760517,1.791871368011926,0.7088338102575226,7.375624940000198,0,0,
drv_0100,196.60535431020267,1638.3779525850223,4.6133190187868305,61.697211166502946,0.6367360412416684,5.5355478803982034,0,1,5.464857908812788
drv_0100,724.2633209006901,6035.527674172418,8.382396108308438,15.66564121230359,0.5766878807875518,6.283389048331774,0,1,5.26476524178958
drv_0100,245.4673824295706,2045.5615202464217,4.326644021875596,99.12474401319231,0.68775414603941,9.209951282955506,3,0,
drv_0100,645.2080006043575,5376.733338369646,2.5040471667438924,36.71504385186968,0.5750734273752326,7.957787411773609,1,0,
drv_0100,278.7039003394447,2322.532502828706,7.305418154190719,3.5781496036669203,0.7401681237871209,11.982287435255792,3,1,9.961889000649338
drv_0100,554.241410475052,4618.678420625434,6.842854990562107,47.52239659462081,0.6480816064240142,13.163019075279754,0,0,
drv_0100,93.44524050131685,778.7103375109738,8.81575109062968,14.697628590692297,0.6236464316991156,6.937298403562577,0,0,
drv_0100,121.93004880623184,1016.0837400519321,1.6546719305207158,23.231768122561217,0.6740297151238429,6.488435898720967,1,1,6.9987094726228465
drv_0100,24.0,200.0,1.046511594134839,20.79974444009273,0.6181995516686078,9.032304696892252,0,1,10.336478448710233
drv_0100,281.245601298113,2343.713344150942,4.705444684586796,7.779609537250234,0.649187599981442,6.725487113936282,1,1,7.8039458722913935
drv_0100,115.33998805093937,961.1665670911615,4.523997834498227,52.63753428416993,0.674633271358202,5.5714204803345355,3,0,
drv_0100,442.71607983175056,3689.300665264588,0.7223503265683839,104.24187705646386,0.7233336708125574,7.433161074622037,1,1,5.915607902208729
drv_0100,340.23198028920405,2835.266502410034,0.1737517483666795,23.249917208097322,0.6512449458564947,9.226296780989804,0,1,8.621933984283608
drv_0100,267.6305874615956,2230.254895513297,5.773823878391654,18.058628312956007,0.7370468392922769,13.708261893359587,3,0,
drv_0100,24.0,200.0,8.563016772517866,7.116670636406337,0.69022566044139,6.406812110636279,2,0,
drv_0100,24.0,200.0,1.8482578596411603,49.06186700893662,0.5856095725367828,7.958054145673453,0,1,8.08256406916863
drv_0100,497.65818018058053,4147.151501504838,9.96355481887354,7.323774582435821,0.6844236923255589,7.2767415974639285,0,0,
drv_0100,325.81703530348256,2715.1419608623546,3.3494255228941916,12.830096174744606,0.7524777447345402,11.012298423299963,1,0,
drv_0100,1835.9473956687689,15299.561630573075,9.763214909310422,50.329995784410535,0.7014277978781318,5.5392117434764625,2,0,
drv_0100,116.14533491785203,967.8777909821002,7.797146430623028,24.42743838193352,0.6272450689721355,8.215249111096515,3,1,8.621651023334778
drv_0100,59.71805361407145,497.65044678392877,6.892424883612634,48.016901250885816,0.6525307427434769,10.887477809061261,0,0,
drv_0100,127.69381088024312,1064.1150906686928,3.684461594336852,14.132892110983653,0.7419652561291481,5.981558129337229,1,1,7.949323225173733
drv_0100,24.0,200.0,7.422523416655478,23.089682074702033,0.6981004921436805,8.069903147809146,5,0,
drv_0100,82.05302013899912,683.7751678249926,7.540563437129862,54.85245715648076,0.7490061089590091,7.30786467576694,1,1,8.093647367480154
drv_0100,258.98582646579746,2158.215220548312,5.785272329175648,39.657990680249505,0.6684733750791694,7.52482619675197,1,0,
drv_0100,963.2087915196752,8026.739929330627,7.320949872730647,6.370478003498611,0.7094706822937311,7.871704444453996,0,0,
drv_0100,48.34309397741243,402.85911647843693,3.9793086592231486,0.12046363997514242,0.5645552292434064,4.958809607118493,0,0,
drv_0100,372.5969574404495,3104.9746453370794,8.98953682213248,21.614375758240275,0.7035084931790228,6.736911936689953,2,1,7.672242807483995
drv_0100,284.8867111976756,2374.055926647297,6.320481941604302,100.71322902954049,0.6123703488264467,7.544876405836939,0,1,8.535838475672996
drv_0101,919.4881588261259,7662.401323551049,4.209069652081267,2.662408478608109,0.8367437641810482,7.213863943332113,2,0,
drv_0101,24.0,200.0,9.80513077141948,68.5956381199938,0.8874692297456446,11.679250478507274,1,0,
drv_0101,295.2931234627002,2460.776028855835,4.085755042463607,16.474331547535,0.7917565251357122,13.578321745653266,2,1,12.899884557620313
drv_0101,160.8191890946656,1340.1599091222135,1.419068444174012,49.16901677293473,0.7937046640560674,13.029900364430743,1,1,12.579011029049774
drv_0101,24.0,200.0,3.780655105674996,9.86280353425031,0.8806569351161593,13.208464891043027,0,1,12.390824087966639
drv_0101,93.05308481679229,775.4423734732692,9.172117693586904,17.954713339509123,0.8369202843135788,12.990053345690232,2,0,
drv_0101,381.9866593150973,3183.2221609591447,4.421373898257453,0.5482544609900348,0.804599762853729,11.296311482605022,4,0,
drv_0101,322.26792823616967,2685.5660686347474,3.935294699637195,43.6112540587674,0.7759183502079596,9.02437826660361,1,0,
drv_0101,102.23032132637383,851.9193443864486,8.278489094766453,10.773926240853843,0.7147180474931526,11.527910114253874,3,1,11.537742694122379
drv_0101,175.3935795706439,1461.6131630886994,5.930445589413882,44.42104990762421,0.8218600963746311,10.072614389264668,1,1,9.388226024028656
drv_0101,24.0,200.0,7.9806893674630555,40.8751406897723,0.8164145283170108,10.839112597036406,3,1,11.520242944122678
drv_0101,302.4851461745794,2520.7095514548287,4.319360122458326,27.21566314099458,0.7763229646588309,9.926763895305758,2,1,11.246871519173899
drv_0101,157.3265322087643,1311.0544350730358,0.65007092111938,19.4190399915544,0.9033408157142436,9.584940970378463,2,1,11.742293496591182
drv_0101,178.24672153035354,1485.3893460862796,9.72035495601287,24.39968724542914,0.9082415798425529,10.596542377281862,2,1,13.179135829640378
drv_0101,64.24786659489655,535.3988882908046,4.373997985550093,32.210591327817966,0.8241898797039845,9.112337098920339,0,1,9.591916848818707
drv_0101,1095.1794446274857,9126.495371895715,3.8678793683162915,13.925693371675216,0.8403857828889223,10.545711045334162,2,0,
drv_0101,110.50400730806108,920.8667275671758,7.821815531674482,4.757266508144546,0.8529376217430941,10.876253047555366,1,1,11.277754283369228
drv_0101,240.75233655874425,2006.2694713228689,9.393879428301448,48.61582627159965,0.854127735064625,11.302651586084622,3,1,10.54034426033151
drv_0101,301.3108023225505,2510.923352687921,6.480661874478702,3.0495655987738357,0.8186902794262764,13.455084189590718,1,0,
drv_0101,24.0,200.0,1.549524706157649,108.5348614536408,0.7287239255054349,8.604211366432901,1,1,6.3773053458770175
drv_0101,98.93382598819628,824.4485499016357,6.254096563152482,12.901033555737497,0.9020673966017921,11.355295948081848,0,1,11.546388351039948
drv_0101,164.71440696363092,1372.6200580302577,7.362098564603383,8.178561569726552,0.7978001986457044,9.16335538771916,1,1,9.506393344357782
drv_0101,57.660238091525706,480.5019840960476,1.062653925726521,12.846482425816921,0.7968474794733491,11.832609310753705,0,1,12.769209341103604
drv_0101,46.07367652294743,383.9473043578953,4.691265341602423,6.471519296967669,0.8898637807473807,8.656532947454206,3,1,7.117557975049683
drv_0101,65.56937460538995,546.4114550449164,9.263554693201634,22.38055919023781,0.8086710141490419,14.279972467345809,1,1,16.311905090616
drv_0101,385.01507004916255,3208.4589170763547,9.544270371664286,2.5159794995487896,0.8086746741500032,10.836605597735765,3,0,
drv_0101,690.0481533760853,5750.401278134045,2.4086524477558746,12.401060858641607,0.7947403894337918,11.224924334943811,0,0,
drv_0101,102.84394556884625,857.0328797403855,9.384818437625283,39.41074184984362,0.8337030238927005,12.060407697888799,0,1,14.411544641017246
drv_0101,305.31338311938066,2544.2781926615057,8.052401860245157,57.83090762272899,0.8635922715859612,10.958077533144586,1,1,8.335850544738047
drv_0101,1419.791272972838,11831.593941440318,6.272496069591299,15.012348800414138,0.7880055180429011,11.339832918480564,3,0,
drv_0101,132.76522604514986,1106.3768837095822,2.501014779473868,28.785723205457245,0.7891171138753056,12.263167934040135,0,1,15.573830777166654
drv_0101,273.3757608716458,2278.1313405970486,8.164972443886064,14.134909925580908,0.7964780643397803,9.671833817275754,0,1,8.406966030090087
drv_0101,24.0,200.0,1.0330336557619557,40.437036453403834,0.8366670371290886,12.503799464767269,6,0,
drv_0101,1509.4016629223029,12578.347191019191,5.285020305501098,55.986192272020844,0.8367452215827145,6.353351548343631,1,0,
drv_0101,406.55412293423194,3387.951024451933,3.163174693369881,31.181772207611303,0.7742637780300422,9.206314382810435,1,1,5.310160003831571
drv_0101,123.08395033256652,1025.699586104721,9.153019592345776,27.662526392227566,0.8838044482629286,8.844882360006078,2,1,7.449020329801627
drv_0101,403.34078938840497,3361.173244903375,7.383883676152304,73.15640788900463,0.8482229416632115,12.176646846234956,0,1,12.871732797294941
drv_0101,816.6274631850575,6805.22885987548,4.5745982674173105,101.20840829552233,0.8325358018042885,9.96531702270588,0,0,
drv_0101,24.0,200.0,6.258563306122335,57.43490492159106,0.8351436692368821,8.26620965423714,1,1,5.816266709557174
drv_0101,68.39883893435878,569.9903244529899,6.100353442236118,53.8984386508335,0.778091638571634,9.206599983319016,2,1,9.23012750115967
drv_0102,566.1798125027663,4718.165104189719,4.04068608760941,9.529200044988787,0.7368719223537232,10.714395863261995,1,0,
drv_0102,305.5350708342019,2546.125590285016,7.402049550188069,34.46918198533151,0.722305364500853,14.287148060852829,4,0,
drv_0102,71.34445118344017,594.5370931953348,3.5856383839425767,16.902906995549827,0.6382052940863907,8.685040752263712,1,1,8.946150896516194
drv_0102,379.3030326945093,3160.8586057875777,9.803338925385418,16.805926932375478,0.6141882552325402,8.189947852005595,0,1,7.82747936846486
drv_0102,746.0501549741466,6217.084624784556,8.410549018130123,0.8718353577459836,0.7117492046015534,11.337140239094188,0,1,12.871148082713688
drv_0102,369.2465880014599,3077.054900012166,1.6697887647293475,41.054916412058326,0.6783166399578742,9.309671620939021,4,0,
drv_0102,528.0334745894708,4400.278954912256,3.788507304203197,21.78607940142316,0.7011366799255115,12.519932892524935,1,0,
drv_0102,24.0,200.0,8.348421360021744,2.9415044260789007,0.7254009743226515,10.39528890276549,1,1,8.170984223191246
drv_0102,64.9838366227843,541.5319718565358,5.321971556922107,18.04933509628772,0.6071696971988374,10.139428785033596,4,1,9.451696645356826
drv_0102,255.07190332100586,2125.5991943417157,2.4967960618661444,8.02272586619385,0.7375344900933644,11.778929370508703,2,0,
drv_0102,535.0559899315667,4458.79991609639,5.740295150121808,11.939780457437177,0.6553263883477028,8.237559994461634,1,0,
drv_0102,465.9628103346976,3883.023419455814,6.169545010794617,15.389083263295838,0.6464934975847108,8.377534394710738,2,1,9.97340952829336
drv_0102,24.0,200.0,5.559252853770471,59.09382392495589,0.7788748200622831,8.36703576168737,1,1,10.677929892042933
drv_0102,344.640213700398,2872.0017808366506,8.837763043105516,126.64605984752077,0.6664943121136973,11.422676765340226,2,0,
drv_0102,24.0,200.0,2.1743600623086987,112.26978474402743,0.7250524164439308,10.338509002782251,1,1,11.972008771579858
drv_0102,285.61716115751443,2380.143009645954,9.353898802524917,48.09131950575044,0.646368281340176,7.333374757416481,0,0,
drv_0102,154.04008821305854,1283.6674017754879,3.2940997152629636,4.800164058011062,0.7046352202802585,10.880725303264585,2,1,11.39640060752433
drv_0102,336.32435691394636,2802.7029742828863,8.368189228212454,22.976180137474444,0.7420544540993718,9.235356605440208,0,0,
drv_0102,266.1389149246481,2217.824291038734,9.059909494188277,41.304323982889755,0.6373485380747688,10.462447290080295,1,1,9.861544623736156
drv_0102,57.14860158267472,476.23834652228936,9.504457770656323,34.11932961924766,0.6315071937235325,8.767613559424051,2,1,10.358705804816445
drv_0102,583.7908346312659,4864.923621927216,4.606525928008592,12.01312167099825,0.6796094650786213,9.275420145492987,1,0,
drv_0102,731.2432417806257,6093.693681505214,1.9821623091766394,1.3937499419065151,0.7036632238803753,11.963072031905842,1,1,13.449006228759144
drv_0102,164.98071009802194,1374.8392508168497,8.353746501791425,24.00540413730393,0.5967324290472376,12.59562019091905,4,1,12.002700719413609
drv_0102,356.0735488681521,2967.2795739012677,9.156072526701498,82.5570022301176,0.6787581491649731,12.420579276093397,4,0,
drv_0102,390.79855320117787,3256.6546100098158,6.890920195235481,8.44243814121098,0.6422329810553987,12.628760267163534,1,0,
drv_0102,174.50341091788167,1454.1950909823474,9.595140415768755,14.103691179434835,0.6773475366409615,14.818731749213978,1,1,17.788722798008973
drv_0102,609.9560375864272,5082.966979886894,1.7469970046279515,51.046239344883304,0.633777953964928,11.367425697798776,2,1,12.357944319751057
drv_0102,1420.9368353128443,11841.140294273704,7.271730412060632,12.78061501492625,0.7043388213857324,9.37470446964127,0,0,
drv_0102,461.59019307670235,3846.584942305853,5.638433036979183,97.50950687124427,0.7263344814740343,12.402418398981842,2,0,
drv_0102,1053.390419385727,8778.253494881059,9.029081464233444,40.31046747236589,0.7422370995418237,9.743399677994642,1,0,
drv_0102,193.62996688847358,1613.5830574039467,2.706946373151716,7.122406005320851,0.5866681625454996,10.965290407524487,1,0,
drv_0102,643.7688077283983,5364.74006440332,5.0800024639735275,23.28355877256933,0.6862800704870099,13.063869692107335,0,0,
drv_0102,486.965858684181,4058.0488223681755,4.424373813956271,17.342810522461072,0.6000096020720833,11.363273469170132,4,0,
drv_0102,336.8206733674964,2806.838944729137,9.063876246018957,19.643314398146476,0.6934410738406803,8.905007530504392,0,1,9.496881141578017
drv_0102,110.76581775016554,923.0484812513796,4.071148608491628,65.8936690116849,0.6969882111866492,13.442071495204925,1,1,12.63011768915967
drv_0102,54.01339053482768,450.11158779023066,6.898975156632552,43.27608796309176,0.6246922587881808,14.745755336583517,0,1,13.826857448932843
drv_0102,72.20396647932422,601.6997206610353,9.921257981961674,15.653234236962847,0.6819508028207198,9.62403685903046,1,1,9.49081790944851
drv_0102,960.6604131859547,8005.503443216289,1.1738287858796137,69.17426369970988,0.690055285103365,13.369297732903096,1,1,13.195251750706406
drv_0102,62.975933850531966,524.7994487544331,8.083751650384807,2.7955428114157375,0.7741721842372912,13.687154015220674,2,0,
drv_0102,836.012227829313,6966.768565244276,9.06333385811413,72.8540570270706,0.5245300118314054,10.712696883164982,1,0,
drv_0103,99.24890472400895,827.074206033408,4.502132924931026,11.034726800865897,0.6134723493618087,10.841126829706,1,1,9.064217685813208
drv_0103,455.5475321197263,3796.229434331053,1.1759664060129116,15.063156818425341,0.6084605544212773,8.217836236987743,0,0,
drv_0103,705.5568795881844,5879.640663234871,7.59052290677508,9.60993627048874,0.5542691972979849,4.069615726961235,1,0,
drv_0103,680.587454178373,5671.562118153109,6.55667144812884,17.239288282917947,0.6146448300624322,6.024943261565442,1,0,
drv_0103,1036.5944091548088,8638.28674295674,1.132044859337743,5.110630820795219,0.7087809003697871,10.047777048898277,2,0,
drv_0103,411.5129795574571,3429.274829645476,5.271545550058025,20.69856747262259,0.6717802275706641,8.312589365399317,1,1,6.561592392522632
drv_0103,775.7458688850647,6464.54890737554,1.9663532183308463,21.52847277272133,0.581518984135,6.951380682452432,0,0,
drv_0103,60.96509871915063,508.0424893262553,6.46475598183061,46.255540811294125,0.6797157159663572,7.175135418891841,0,1,5.740203157841255
drv_0103,842.7400733599458,7022.833944666215,7.771930342541593,3.650761200913502,0.5979343981999129,6.0070572906353705,0,0,
drv_0103,24.0,200.0,5.08710263239871,5.837660033575596,0.6221334949073093,8.058027835026165,3,0,
drv_0103,160.14286060827965,1334.5238384023305,1.6286338493170749,40.16803108460809,0.6007177124294515,5.129002877371471,1,0,
drv_0103,102.41177792778554,853.4314827315462,6.765729751712377,24.490376673205525,0.6459018255108129,6.707158927217111,1,0,
drv_0103,488.76849841397586,4073.0708201164657,0.6369198857335445,41.11846759227348,0.6893538562593935,7.212534722214975,3,0,
drv_0103,222.25263470767464,1852.1052892306222,8.684310398507968,59.79572056367831,0.6225121681789204,4.445150711662432,0,0,
drv_0103,605.2202888574114,5043.502407145096,7.144061729840404,1.3750453594006942,0.6859954696494643,6.534003114090706,1,0,
drv_0103,55.03655943054255,458.6379952545213,7.662453336022844,9.383536117666626,0.6547299921845257,9.003519381169282,2,1,7.163398783414215
drv_0103,283.06261918534267,2358.855159877856,5.936808451667859,93.5688832300431,0.7107065671305831,8.284427176694741,0,1,8.019624538990401
drv_0103,24.0,200.0,0.977710222111221,5.825534801722722,0.6475177265870042,6.178156147337278,1,0,
drv_0103,24.0,200.0,8.720359893425263,4.710444845705135,0.6939924629402682,4.831598579357054,1,1,1.0
drv_0103,735.252053619591,6127.100446829926,0.96466051596234,72.76290075631205,0.6270425705657472,6.814501294444523,2,1,6.7147005412158
drv_0103,134.02926446116533,1116.9105371763778,2.703824590499498,16.168273589762446,0.6209604829634825,7.05991606441275,1,1,8.99930700185733
drv_0103,603.4340802150662,5028.617335125552,3.626543761268711,11.176077293824758,0.7030360109263455,2.592789718648948,3,0,
drv_0103,393.6394558920209,3280.3287991001744,0.9528637128655304,42.878783260664875,0.6764550247777166,6.79807986382566,1,1,6.745030934812488
drv_0103,40.45529959254645,337.1274966045538,4.439497294625365,11.57458745975771,0.6822301646678294,7.636746130514722,4,1,7.113716402462613
drv_0103,55.19542502632086,459.9618752193405,1.9710043331104121,33.93047962554691,0.6125227056197373,8.355229215048206,1,0,
drv_0103,393.6139636214293,3280.1163635119115,8.064126968584313,27.910568805927774,0.6539237919753969,5.370066071746102,0,0,
drv_0103,326.7207737574088,2722.6731146450734,2.838613059753113,6.648049405822838,0.6345566697833671,8.946998821791924,0,1,7.082120050543908
drv_0103,218.00222407502767,1816.6852006252307,2.639581825165236,4.254335853504104,0.5927507967146871,8.05484207770128,0,1,8.120210012275603
drv_0103,24.0,200.0,8.073818151421584,22.694182624849105,0.6261582551308221,6.540705615851642,0,0,
drv_0103,864.9232131124634,7207.6934426038615,4.227706117758293,87.4606917261098,0.6481723591502743,8.98725155376029,2,1,9.99589983834558
drv_0103,82.28927644231115,685.743970352593,4.6116961847307625,46.22625523306977,0.6912168883851754,7.313162082172916,0,1,5.922458748814459
drv_0103,959.8071035448011,7998.3925295400095,4.997209748640799,3.6546009408598854,0.63085499318131,6.515782890515384,0,1,6.64688670501554
drv_0103,83.17572117512128,693.1310097926774,2.5318427804431645,41.55298780482438,0.6008089025158593,8.568635115774194,0,1,10.10720171220419
drv_0103,42.96344991622469,358.02874930187244,1.296318433268846,11.914447496122527,0.6479680172480914,3.9722719374195563,1,1,3.315356410962181
drv_0103,1820.349328988066,15169.577741567218,4.3519867803624726,9.73436938695677,0.6346113525121915,6.660891863076846,1,0,
drv_0103,123.16489672407528,1026.374139367294,6.092462023176605,5.55709023801491,0.595603020753263,8.898664252229631,0,1,8.678766257474042
drv_0103,46.5206265173637,387.67188764469756,3.3903143316328466,48.101880678582,0.6309278828330899,6.623356732201136,1,1,7.506776040426141
drv_0103,75.05532577551513,625.4610481292927,7.468825992505402,23.886699917042222,0.652133681172969,6.0964573651813385,1,1,7.8475964505561855
drv_0103,127.28488857684546,1060.7074048070456,9.791208709834226,15.298529047072684,0.6536395087665295,5.71321662328107,1,0,
drv_0103,438.496792514689,3654.1399376224085,7.088200334601661,37.7911509313366,0.6031854772494659,3.055705860207903,1,0,
drv_0104,564.7805796297711,4706.504830248093,0.2868097033525574,26.81889002365283,0.6097294220763972,8.422137981329959,2,1,10.909551053179307
drv_0104,84.77465349567572,706.4554457972978,4.346091867720649,43.0678943669576,0.7072331745997678,9.83746843413579,1,1,9.713618965556599
drv_0104,107.13120511455222,892.7600426212686,0.8475275874661836,3.262425152944175,0.7150807584965939,10.388036520548354,1,1,11.093516221559414
drv_0104,1214.7582859610254,10122.98571634188,7.204590588597481,14.925171800010308,0.7402689540056444,10.233133648076933,0,0,
drv_0104,334.4060653003343,2786.7172108361196,5.9212812236010315,1.8487627471256145,0.688783881722497,8.162532730764386,2,1,10.311308650947677
drv_0104,24.0,200.0,5.748884964202926,20.21559090723233,0.6775185079975907,10.16474010432215,1,1,10.59875421865232
drv_0104,142.09687638579308,1184.1406365482758,0.552878226802509,7.115787299673426,0.7113757792532643,10.630294107553956,2,1,9.73290731939032
drv_0104,429.7707907366138,3581.4232561384483,4.295711716676759,11.006073526703272,0.7266110997816613,13.293846499941276,2,0,
drv_0104,24.0,200.0,0.25105765939898106,41.48043153484205,0.7162729211515231,10.737238653845873,1,1,8.740194433153523
drv_0104,720.6741160731522,6005.617633942935,3.6974961199952663,6.972634203436593,0.636224679154313,8.75569829123024,3,1,12.482671915048932
drv_0104,1008.0671911534942,8400.559926279118,0.5333221914499464,25.869555509470125,0.6461016621009013,11.147139069199099,0,1,10.998710869669344
drv_0104,181.64255425520054,1513.6879521266712,8.535439702814063,14.885088550900797,0.6686576716013087,9.16082896125148,3,0,
drv_0104,162.75901233523754,1356.3251027936462,6.386874443145604,12.067707214158059,0.7192197763203347,12.11135689233448,2,0,
drv_0104,347.0963852950537,2892.4698774587814,8.661723288961271,11.126233332329715,0.6682716356043726,8.893919414142959,0,1,8.883410514064447
drv_0104,113.8422639007429,948.685532506191,4.707326739042404,32.71079547988661,0.7070607456291695,6.827888017802902,2,1,4.668402556919077
drv_0104,24.0,200.0,4.116487489196796,39.55929845490074,0.6571708952097638,13.17950845287666,1,1,13.321643924977359
drv_0104,103.03312583606801,858.6093819672335,4.260884487943789,5.783511312669726,0.709016991993467,9.988495260205045,1,1,10.05275026187715
drv_0104,71.7566125547738,597.9717712897817,4.171870055652991,14.774485976784486,0.6600141227287424,13.150334342459344,1,1,11.19559611619846
drv_0104,93.81060736319021,781.7550613599185,5.483885198887756,38.38853396193059,0.7565425157224499,9.41352630039027,3,1,10.466486763300162
drv_0104,723.1029126286362,6025.857605238635,4.656752907589721,6.703562179920076,0.7204573661419071,7.858963791712042,2,1,7.085863911027191
drv_0104,37.98795217961585,316.56626816346545,7.519306567963468,57.77957449225017,0.6389375950342824,5.212850833807999,1,1,3.2458032482915598
drv_0104,186.30890857224077,1552.5742381020066,5.860780637833266,11.637321977309082,0.7576408028353027,10.319217358700657,4,1,11.088713148267072
drv_0104,56.777518849826485,473.14599041522075,7.819520815491247,13.265017945951202,0.6996519850677153,9.338486376187898,1,1,8.890946854333928
drv_0104,77.17011339594777,643.0842782995647,7.721563444882954,34.97104533684111,0.6661720635088574,7.945334164724182,3,1,6.076000769676399
drv_0104,115.36511707269169,961.3759756057641,7.486180001412147,11.618135214459405,0.6728257098601885,6.633851985639314,0,1,8.23685964640315
drv_0104,309.7218010551281,2581.015008792734,9.921533476105763,26.913567556616986,0.7171184896285837,7.459682404848852,0,1,6.624158094052743
drv_0104,442.28318550393334,3685.693212532778,3.595494578845748,19.614549113826044,0.7690075700412268,9.270586432002387,0,0,
drv_0104,160.44407249998812,1337.0339374999012,8.596474569064181,67.86693225437442,0.7276964356958333,9.920118203535248,2,1,8.150328148614701
drv_0104,236.10030278116386,1967.5025231763657,6.203409963157128,7.130069834770952,0.6867950331056026,7.4993143273143055,1,1,7.896703188224884
drv_0104,137.73374852344236,1147.781237695353,4.6555561085772705,96.47075380824707,0.7684727578984472,7.736185497044219,1,0,
drv_0104,218.5176829486898,1820.9806912390818,3.8216129430042245,69.82362740312847,0.6785939861287323,7.713452497759564,2,1,7.827953485459706
drv_0104,86.0472480389714,717.0604003247618,5.340931085250502,53.795655745504746,0.733426174534467,8.444443290882246,1,1,7.202312385048278
drv_0104,245.63876470197548,2046.9897058497959,5.362403995379005,68.22708581387867,0.736045166585918,11.730239810159844,0,1,11.986119163568944
drv_0104,167.60241366888272,1396.6867805740228,4.5450400463625265,30.22783124983045,0.735939265761784,10.023909486477699,1,1,9.441795607312528
drv_0104,106.77830655850349,889.8192213208624,0.0008910429695974109,44.404309342163295,0.6988517468177705,10.204604298456827,3,1,12.232713808287539
drv_0104,192.23066228619427,1601.9221857182856,5.28288245329199,98.40650444236306,0.6420431767893073,9.987362709671093,2,0,
drv_0104,35.00721502670618,291.7267918892182,1.7244264930460529,71.58414495327432,0.7856635053121258,12.583586906467003,1,1,11.153866536102425
drv_0104,120.90397961929307,1007.533163494109,7.470778527516304,2.0582258508144164,0.7586570318109307,10.188073665675672,4,1,12.105178284185117
drv_0104,441.9168295745441,3682.6402464545345,6.004031243052946,60.24593363118705,0.7005108080746872,11.122789932777899,1,1,10.214354158836946
drv_0104,412.4952432241254,3437.460360201045,1.540374011308483,28.202061814878032,0.7353867230342884,10.720656041498522,4,1,11.790415269404718
drv_0105,222.39882932577797,1853.3235777148166,3.0088973930030027,65.55609075535254,0.6548459401248445,2.0,3,1,3.1677158347479906
drv_0105,137.4430050870084,1145.3583757250701,2.659719006696556,59.96148914915327,0.7336409734937935,3.0176052354146163,1,0,
drv_0105,90.73971603403672,756.1643002836394,1.128928603782633,30.65449494561975,0.744143420663787,4.255523365431141,2,0,
drv_0105,942.6266440867673,7855.222034056395,8.549739243604247,17.597111790628716,0.6020536410960475,2.3033171153825163,2,1,1.288443723941926
drv_0105,86.68564375116495,722.3803645930412,3.6849833753902814,13.264308170691574,0.6302500492442282,3.485525661818743,3,1,1.4571197343181916
drv_0105,131.22375927270448,1093.5313272725375,1.4514666780878693,82.74142101465462,0.7434790528215466,3.779164445318926,2,1,4.494727414443015
drv_0105,1121.991736933903,9349.93114111586,5.2025615467105455,73.09470612168319,0.6858441102099464,2.151578365462046,2,0,
drv_0105,270.14445274408763,2251.203772867397,9.472792162782,5.55400446297995,0.642517889574809,4.685229613220699,2,1,5.458082519296491
drv_0105,60.0621533210293,500.5179443419109,8.254942698805039,74.04667724150015,0.6823463964012403,4.999429961349143,3,0,
drv_0105,581.131162520797,4842.759687673309,4.459475416107854,24.94989984978538,0.6336253776296775,2.0,1,0,
drv_0105,168.0793994188715,1400.6616618239293,1.6892289481249079,77.56387045293917,0.696130994360806,2.0,2,0,
drv_0105,467.871287744467,3898.9273978705587,9.378990546683477,45.75056859911932,0.6710167993924052,7.658757388892562,4,1,5.905758218709313
drv_0105,29.477688825260323,245.64740687716937,6.2516849215249435,37.61435987842509,0.7294430864097357,2.7857850802859954,0,1,2.6306923664361186
drv_0105,24.72722937242734,206.06024477022785,7.020310589567382,73.39774734564065,0.7408845449771285,2.0,2,1,3.80792649947415
drv_0105,1245.9125240140816,10382.604366784013,1.2512483281433184,63.3297804320373,0.7053613675608852,2.0,3,1,1.5476797920409995
drv_0105,182.32525216216516,1519.3771013513765,4.757749747843069,9.885504928122195,0.7130552714038875,3.5889920673491913,3,1,4.356745341495597
drv_0105,55.17331951823115,459.77766265192633,4.056676082083984,4.393158681782273,0.7146355799189141,3.5129023104358286,1,0,
drv_0105,278.4341930493901,2320.284942078251,1.7407152822740268,52.254591967696214,0.7281510599229685,5.513911983395113,2,0,
drv_0105,786.2316142366617,6551.930118638848,2.130573394364262,3.4922194898943526,0.7880346111627492,3.377301262679528,2,1,3.284732027619166
drv_0105,693.2734222509341,5777.278518757785,7.271620936185721,62.67036499880589,0.6738627916538443,2.0,1,1,1.617764181036309
drv_0105,846.1901123388213,7051.5842694901785,0.6652792771493932,52.68097734586159,0.7422878292311644,2.0,1,1,1.6690962566072174
drv_0105,61.690694160528146,514.0891180044013,5.7376782231785945,0.23793439410611306,0.640076838994414,5.955583644891913,1,1,6.057631657632306
drv_0105,1953.1958229798165,16276.63185816514,2.9001709228925243,113.50133872720495,0.654084498214669,5.072195506104398,2,0,
drv_0105,718.1887739338785,5984.906449448988,1.2622607564734623,7.215067863986697,0.6979066320588548,2.0,3,0,
drv_0105,308.88667134096,2574.055594508,0.19196107360016756,4.075679333171534,0.777942817366569,2.0,1,1,1.0
drv_0105,257.6662172467104,2147.21847705592,5.244994670338251,4.167246456686168,0.7514047281593046,2.7295150322009394,0,1,1.546221178502884
drv_0105,75.89860712968682,632.4883927473902,1.0168683103808096,13.070500170219375,0.6985398279816858,2.0,3,1,1.070412424501002
drv_0105,150.96348085730452,1258.0290071442043,7.23324341906493,45.5846632593081,0.7018203001431839,2.0,6,0,
drv_0105,458.7537594664487,3822.9479955537395,3.4606995032517185,4.2267507011180845,0.7602635487582675,2.0,1,1,3.82836508671993
drv_0105,280.7437995466232,2339.531662888527,7.68424741121038,11.528626069884101,0.6639406593248287,2.0,0,1,2.2746854340498888
drv_0105,609.5232120686325,5079.360100571937,6.195459019980481,87.97067791611055,0.5712264638648942,2.0,1,0,
drv_0105,360.7336227135174,3006.113522612645,3.5853859528340126,4.790605439419205,0.7016776398064024,3.806685278304717,1,1,1.350759372556495
drv_0105,66.9126670832963,557.6055590274692,0.8546395456949596,1.885889443931454,0.7079459313542403,2.4466005992639386,2,0,
drv_0105,1119.852761557946,9332.106346316217,7.32745318427403,6.2287507382119305,0.7161879287056427,2.224560629050068,0,0,
drv_0105,124.00666693318381,1033.3888911098652,2.9945714048067105,5.5304728738549205,0.7342692199210161,3.67643441638383,1,1,4.0620392923934645
drv_0105,813.2450441122836,6777.04203426903,5.119138286830246,5.017463908988467,0.733890573731903,2.0,1,1,1.8347661778941409
drv_0105,215.92538033356195,1799.3781694463496,6.554793465910391,38.78183406652432,0.7532592082886242,3.736962434295753,2,0,
drv_0105,2400.0,20000.0,5.587476095665513,24.238549106222298,0.7204992042609876,2.0,2,0,
drv_0105,428.0882783987157,3567.4023199892977,1.9323284272159602,6.42690172478718,0.6928022668933413,4.689005045463469,1,1,5.288835979348508
drv_0105,429.6708284053434,3580.5902367111953,4.003605812719805,53.64458639409331,0.7205038465103237,2.0,2,0,
drv_0106,135.65765668258757,1130.4804723548964,4.1371117073631245,11.457459070339146,0.8602021308448093,5.9259468116054705,0,1,4.45103146617271
drv_0106,681.6342549362604,5680.285457802171,3.5593130349114324,15.329128500985945,0.8858434526150685,13.988815761064744,0,0,
drv_0106,31.002094687700016,258.3507890641668,3.0846351211063516,27.30360776847751,0.8152292536083001,14.107716227310569,1,1,13.046114516952938
drv_0106,249.37056990442787,2078.088082536899,1.2477524698043874,23.827716398334505,0.8255701818025606,12.9594361521842,0,1,11.969947590099437
drv_0106,40.325845006549535,336.0487083879128,2.4483707645993977,2.5769484873516735,0.8543930896398373,8.76243537706966,2,1,7.629418721789394
drv_0106,247.37506122478334,2061.4588435398614,3.4988516959422675,73.56635753769491,0.8721991961953891,12.196612346937835,1,1,11.131968770503885
drv_0106,1364.1343654617924,11367.786378848272,9.275685969689372,24.086347049160608,0.87528672574025,8.783180062095028,2,0,
drv_0106,181.51394049304116,1512.616170775343,6.6116895795114505,9.838324010086215,0.8850087358796803,11.743525733286443,0,1,9.689010224448921
drv_0106,70.78304894466524,589.8587412055437,2.1887445552989018,13.167836117512541,0.7757962295255231,13.639711999412523,1,1,14.343417418428471
drv_0106,927.6960525031232,7730.800437526027,1.2291038776237528,11.85394222906352,0.8422988300199342,11.651332339294637,1,1,11.617920707732635
drv_0106,222.39727436449408,1853.3106197041175,8.995318981456819,5.364893047426869,0.8828860530048245,10.82087304895979,1,1,12.438427131767043
drv_0106,145.17808657286926,1209.817388107244,8.825886629247586,91.50266446517732,0.8235582981635633,8.43982055389905,1,1,6.424601736836539
drv_0106,75.6772371298016,630.6436427483467,8.011781989119381,0.600823715234561,0.7856177778102774,9.600223770729492,5,1,8.085030193880728
drv_0106,523.9313933051515,4366.094944209596,7.484819174563255,38.36869105287724,0.7905066616404506,12.853216440112853,2,1,10.4877734626862
drv_0106,455.6082688253267,3796.73557354439,1.1560302623012153,47.748247311322054,0.9417185993186459,10.622451163349854,1,1,8.438415697606397
drv_0106,277.351614019574,2311.263450163117,1.4966904150520244,4.086684225378928,0.701174173553761,10.448261101546827,0,0,
drv_0106,24.0,200.0,9.577415403119925,30.56598918606403,0.8949474605868956,7.491377216354602,0,1,8.54841461529587
drv_0106,266.4991618866486,2220.8263490554054,8.651613166938883,59.91422690368261,0.904414071164618,12.562168004947466,2,1,11.647261684666224
drv_0106,560.4705381582784,4670.587817985654,2.6439786803982557,91.59650599337307,0.8951850655890491,14.297745853568959,1,1,12.813454240813694
drv_0106,696.9223372518145,5807.686143765121,7.812462959994818,69.72747212527688,0.8110482258365262,15.43236393552802,1,0,
drv_0106,24.0,200.0,2.4059891878051243,7.47230422730224,0.8388756917968366,13.856789052512205,0,1,14.150111267852377
drv_0106,24.0,200.0,0.6807786604257848,13.140242553968548,0.8265111503638847,13.282891636370389,5,0,
drv_0106,55.476321261623,462.3026771801917,2.8404785711224454,11.129538701115534,0.8071211685514242,10.208411644737934,5,0,
drv_0106,732.2640255491019,6102.200212909183,5.030914622556111,15.611354575325176,0.7944622831050667,8.188257043852703,2,0,
drv_0106,180.04502020791688,1500.3751683993073,3.696798305789536,31.840245735173966,0.8651005867771098,12.578662916317283,2,1,10.747417088437398
drv_0106,105.8965344178037,882.4711201483642,2.327741117370412,72.42663968634461,0.8692763907197,13.997271037074725,0,1,14.849983714402288
drv_0106,339.802763664913,2831.689697207609,0.8470426915678664,0.8108365295414812,0.7881011971125086,9.044925095841858,2,1,10.011338386753863
drv_0106,543.6128761963213,4530.107301636011,0.9411982201455593,68.6790838720074,0.852154665142713,12.690781174859877,1,1,13.78391964090362
drv_0106,863.2818937648417,7194.015781373681,9.088428144852157,1.4243394297821934,0.877333082043284,7.698929352967937,2,1,8.250269926653353
drv_0106,112.83101903341277,940.2584919451065,8.367630903815451,60.5285698773865,0.7653440119069652,9.994008073007345,2,0,
drv_0106,139.00513480560323,1158.3761233800271,2.62702720014228,126.09127955189885,0.7802769712390671,8.991267877345992,1,1,6.885709692605769
drv_0106,181.1411052073091,1509.5092100609093,6.502072520396909,23.748460116051763,0.9664963379290915,11.409466481189838,2,1,12.670036734565866
drv_0106,88.190933779432,734.9244481619334,1.7406349638801832,9.700093267982181,0.8888056345975902,11.12780320576555,0,1,12.56425649877612
drv_0106,116.38657882085822,969.8881568404852,3.7983302443773415,64.02414916900649,0.7485797075026286,10.276196303020457,1,1,8.445689022769972
drv_0106,83.1734746646204,693.1122888718368,3.479300890178002,12.321092318586095,0.7959583732197406,13.005030589812943,4,1,14.99841474966227
drv_0106,324.33091096275075,2702.7575913562564,0.6183516590458604,36.47430194658376,0.8302472919479521,9.969153214625063,1,0,
drv_0106,520.9207358341262,4341.006131951051,1.6636338980685883,37.29944434817881,0.7738844995100453,10.267630665215679,2,1,9.6412228046286
drv_0106,312.6796618904568,2605.6638490871405,8.756647316455133,17.59765677338075,0.8981427336659,7.706280901565384,3,1,5.879297424139291
drv_0106,132.0344731543149,1100.2872762859574,2.582369673687782,32.893548848305386,0.8690878203962364,11.114010343837803,1,1,8.163839779963618
drv_0106,205.53712567566896,1712.8093806305749,0.3275968445762356,1.4020353897770579,0.8067477125799924,11.661784550849706,0,1,12.53882883025178
drv_0107,160.43761608510385,1336.9801340425322,1.2344181951764066,48.93949508684282,0.6343702014192808,8.678657815796704,1,0,
drv_0107,400.8076669007966,3340.063890839972,6.136428088661912,49.332115905990015,0.47903901555813416,6.8667473117137146,1,1,8.130964926342038
drv_0107,216.0515685261346,1800.4297377177884,2.8266873228337386,6.310377577341202,0.5242391997862501,7.773795870345721,1,0,
drv_0107,687.1291848824321,5726.076540686935,9.45270235557078,41.852292320813255,0.6224106481436443,3.7111498681533535,0,0,
drv_0107,289.2427043390979,2410.3558694924827,3.808695799894717,8.398904220360217,0.5041891637183297,9.834366902453768,0,0,
drv_0107,253.37290127398265,2111.4408439498557,1.824508469523779,1.4927093614375277,0.6214771058817774,7.048579046883366,1,1,5.554226101368995
drv_0107,1148.5121345628477,9570.934454690398,2.276686744919514,14.66540522912981,0.5913894942374827,9.338003586564943,0,0,
drv_0107,24.0,200.0,7.4325490589672825,8.884621661388682,0.5793213619451764,8.781542287811417,0,1,8.947189037070657
drv_0107,67.9429821056527,566.191517547106,0.179649108843023,2.4951045061397092,0.6063245776184902,4.500204785422255,2,1,5.58855134952444
drv_0107,1709.8989580956008,14249.157984130008,6.656735258048507,1.9736007246326066,0.5386657506568863,7.135614589034698,2,0,
drv_0107,319.31743956941887,2660.9786630784906,9.242980971671935,68.47163834224193,0.5802686791649603,7.029503549806948,2,0,
drv_0107,507.21807873518605,4226.8173227932175,0.07118800155401894,11.767315262281997,0.5953011263347238,11.558364039173423,0,0,
drv_0107,263.5025309058443,2195.8544242153694,2.589348457432598,9.042534277620726,0.6030457117575927,9.726634447198192,2,0,
drv_0107,824.0062979437093,6866.719149530912,1.8426536757119438,36.901848325593434,0.607923549465794,12.76248483558897,1,1,12.819678456796934
drv_0107,825.7849522834478,6881.541269028732,0.12505263512024745,168.6311365292264,0.5833759208051984,11.654843360421697,0,1,13.493198921548167
drv_0107,146.41191135983604,1220.099261331967,7.55365049091194,18.472049581462173,0.5356714727723513,9.796678116579578,3,1,9.331426377982098
drv_0107,58.76940635001431,489.74505291678594,6.621503521876262,0.1732274492955362,0.6113666570604825,8.408571544069337,3,0,
drv_0107,856.2929756204095,7135.774796836747,2.199378946743973,9.02482519164436,0.6376809307077219,8.297915855566542,1,0,
drv_0107,66.31376737015614,552.6147280846345,9.098986683361181,62.142733760046234,0.5969643897095477,7.562909001170252,1,1,8.878769109677217
drv_0107,1335.7603498761891,11131.336248968244,8.886070822248467,22.4194538635283,0.6682396978896075,6.386459343680469,3,0,
drv_0107,182.71895409820465,1522.6579508183722,8.125220873132577,22.273060203792788,0.5855112442723219,12.462215651343568,0,0,
drv_0107,68.20117944063706,568.3431620053088,7.9913882962665195,47.43606260696444,0.5447336592010164,6.103391061250434,3,0,
drv_0107,744.0904449417075,6200.7537078475625,6.2092653729693765,14.263952787002639,0.6066551775204547,10.991231941247069,2,0,
drv_0107,1348.2472150689223,11235.393458907687,1.5122522808747196,11.7895430735818,0.617610417245582,9.115867687281295,3,1,7.857841345936464
drv_0107,119.65467963304035,997.1223302753363,4.844896396350945,12.906786220644248,0.5342072561217563,9.743068421248207,2,1,10.833225665367957
drv_0107,24.0,200.0,4.716080074744963,4.39660064619156,0.5305238555007866,6.4303216812030275,1,1,5.391692668400111
drv_0107,91.39850110518859,761.6541758765716,2.522940590054751,86.11685267518816,0.5858748544347354,8.532157236286837,2,1,9.641503241187223
drv_0107,24.0,200.0,8.018078805909699,5.119514100623153,0.572327130347084,7.504000186913032,1,0,
drv_0107,489.70262078601564,4080.8551732167975,9.053077002883077,26.953740967527537,0.6122740138038155,5.100326308092017,1,0,
drv_0107,338.9596276644264,2824.6635638702205,0.7723058313671216,21.546193850997124,0.5845327911379367,7.394396580313928,0,0,
drv_0107,1047.1237527879894,8726.031273233246,3.559198926106001,37.920113412934825,0.5258599715318104,7.1550326571157274,0,0,
drv_0107,873.3843465375223,7278.202887812687,4.054942182356367,13.57447719570742,0.5711103549576173,13.922535389155152,0,1,12.331686985211263
drv_0107,52.2138234602308,435.1151955019234,8.078661344982859,16.520240652881597,0.5305965464147103,6.952464246717133,2,0,
drv_0107,574.5953822277306,4788.2948518977555,5.077374330964517,24.480066007355106,0.5476509363611316,7.511977872301013,0,0,
drv_0107,481.453333823956,4012.1111151996333,4.394342796886296,46.518344389558386,0.4933285977679135,4.2184905854303,2,1,5.97882988290549
drv_0107,392.500671271181,3270.8389272598415,4.979696061553644,9.924960967076832,0.551143456583659,8.151092082126668,4,0,
drv_0107,579.8675777604554,4832.2298146704625,4.800688231286809,5.253377272411954,0.48897889140549694,8.977112736135,5,0,
drv_0107,157.89862633646348,1315.8218861371959,7.487452583875256,21.950822942461638,0.6252923642129806,10.988616239186985,4,1,10.586042898879166
drv_0107,409.56758326654625,3413.0631938878855,8.95842350973956,73.31122144889702,0.5955899200323262,8.38690200676167,1,0,
drv_0107,144.93854507291368,1207.8212089409474,1.7123785476653708,114.34024409094481,0.5671911527682744,9.057854183484777,2,0,
drv_0108,1728.194210391716,14401.618419930968,8.953650821414804,57.54130323976568,0.672465814512772,9.008178463727315,0,0,
drv_0108,579.1613422483808,4826.344518736507,6.470308172918941,53.37468780362922,0.6506139565455841,13.72522431646234,3,0,
drv_0108,209.86812611743397,1748.9010509786165,1.2829342175149938,64.20948177364609,0.6373499963263851,7.367609379409155,1,1,8.52801168110361
drv_0108,111.77778924211482,931.4815770176235,6.532693369318958,50.71237686930686,0.7187978202576735,8.184260446400433,2,0,
drv_0108,134.94229472696722,1124.519122724727,8.515991887165,12.216968931308719,0.558322110785415,12.627231223315523,1,1,12.911155860350577
drv_0108,1052.0985305907402,8767.487754922835,7.5869491765551285,14.74448644906363,0.616085133963574,10.884810613148874,2,0,
drv_0108,1119.5246981275911,9329.372484396594,4.454132918630425,33.04232227821436,0.7035537932057159,12.733268498807357,2,0,
drv_0108,955.254575908822,7960.454799240183,7.421906911920916,8.357960319133571,0.6525983750843314,8.667382952888797,1,1,6.816674612445995
drv_0108,1296.661908914636,10805.515907621966,9.030102935006777,3.4437220664683386,0.6165862562452982,11.898811937774587,1,1,12.398771934030755
drv_0108,24.0,200.0,2.9920288065976477,3.14646431454518,0.649605453872737,11.343909064742626,2,1,10.9569185061117
drv_0108,26.178816325022698,218.1568027085225,7.698073184525004,6.27376314541235,0.6265153468249334,10.178803828582678,1,1,9.671883048548791
drv_0108,228.00019645725152,1900.0016371437628,4.5947858492807505,71.051847868403,0.5790419341170747,8.701319592552196,4,0,
drv_0108,514.6043876705792,4288.369897254826,7.163128639313241,11.240452087128096,0.5758347341890654,10.777427434392822,0,0,
drv_0108,139.00830249597755,1158.402520799813,0.9173706528929848,3.7927886901380035,0.6344275316220764,14.41912350399231,2,1,14.761223020773405
drv_0108,302.0865681267225,2517.3880677226875,1.1946864523681688,46.84382559500153,0.6083371837541537,14.150143542718288,2,0,
drv_0108,222.81089412786142,1856.757451065512,4.520292639584439,76.50769062239516,0.5631446535034269,11.512952020720943,0,0,
drv_0108,122.61950389967168,1021.8291991639308,0.42740991554247265,41.12420958872835,0.6548252703413139,11.129904153285317,2,1,9.109885307927364
drv_0108,465.2917634634095,3877.4313621950796,1.1376919995717916,9.161143804272793,0.6273653316977027,10.261920710675144,1,1,7.230871365567029
drv_0108,97.84854533942179,815.4045444951817,0.05933204968515349,1.5623728551074518,0.6957749083192128,9.278181981576179,0,1,10.5330803122296
drv_0108,945.8709128079732,7882.257606733111,2.1562157742862977,4.789880396833545,0.6266228675330937,9.525805954215242,2,1,9.955648185091464
drv_0108,177.68366961926716,1480.6972468272265,9.64850357825901,13.513458474966136,0.6246266291044866,9.002924627694323,1,0,
drv_0108,104.2534156090852,868.7784634090433,3.9010868258373153,46.40123362480654,0.6513076413924092,10.210327701931238,3,1,11.414150628299872
drv_0108,833.9089660096439,6949.2413834137,5.118286599860128,28.674157233023184,0.6881150510616164,5.424373996507345,3,0,
drv_0108,24.0,200.0,3.6573461326750376,1.0094274685417732,0.752800581740007,13.298320821724209,1,1,17.588796385631014
drv_0108,51.52645489267639,429.38712410563664,4.106655250325366,50.231941105041344,0.6018632418200865,7.75880587047172,1,0,
drv_0108,24.0,200.0,9.508928177831182,6.316606394190377,0.6446585239223983,10.023545160090478,4,0,
drv_0108,24.0,200.0,6.4736691300449944,14.810588124161015,0.628439018550123,9.958200682884494,3,0,
drv_0108,131.2059326194464,1093.38277182872,3.9719851330755773,18.935673482693517,0.6883696706276243,12.798598364664544,3,0,
drv_0108,760.0821081183716,6334.017567653097,9.638241779094125,30.600388755083653,0.671701362135592,8.665634773677922,1,0,
drv_0108,318.8148947082973,2656.7907892358107,1.795728549579153,30.959825703908336,0.6226994062611197,10.647092739301176,1,0,
drv_0108,24.0,200.0,2.708939421618173,21.15736912821173,0.6040406476285883,13.220784813488502,0,1,11.255384289314106
drv_0108,652.5986271540487,5438.321892950406,0.009290668910578725,30.569201539571168,0.6400483847843599,13.529657144794074,1,1,14.157627602232878
drv_0108,64.61093750654221,538.4244792211852,6.665184607279002,7.451637042548538,0.5568952085486593,14.272472798538791,2,1,15.23205114587099
drv_0108,39.73305857524331,331.10882146036096,6.2824305967877425,10.407816425803333,0.6715230083582587,11.889023188803048,0,1,10.707563859858666
drv_0108,616.9237467995978,5141.031223329982,9.50520152949272,8.817943135399936,0.6126611809945826,9.5311172858924,1,1,10.158579839261048
drv_0108,86.40510600480616,720.0425500400513,3.9594659805674115,27.16253349920518,0.5895115197100883,14.024819737402131,0,1,14.306945023726044
drv_0108,46.41804466432526,386.8170388693772,0.4246827136830589,38.67393621544473,0.5884717664614797,11.65524623507216,0,1,9.214997284532346
drv_0108,208.42452933227054,1736.8710777689212,8.29662372537604,48.84869696227002,0.6678965514245738,11.154885236825573,3,0,
drv_0108,477.8720726625025,3982.267272187521,1.4952328043602414,12.240026527387686,0.5714829471596631,12.533086915572147,0,1,14.020832342303049
drv_0108,310.65012326043484,2588.7510271702904,0.6135465750395019,15.399427008313747,0.678479745803419,9.684512969105782,2,1,11.432170718930903
drv_0109,98.18751576799957,818.2292980666631,6.7508792814112715,35.14549144577552,0.5005720055837138,8.044617459828096,2,1,9.028670054096775
drv_0109,24.0,200.0,0.00982342843020012,47.87894251340573,0.5514563002639903,12.165903425536722,1,0,
drv_0109,681.098670643983,5675.8222553665255,2.701729357185388,61.65491922070294,0.4812246535312933,8.933251649708087,3,0,
drv_0109,913.9234876460823,7616.029063717353,3.973865827179357,21.23167681358186,0.4469755378468824,13.77328079079022,5,1,13.601601299330138
drv_0109,425.5555249941826,3546.2960416181886,9.83973126362066,0.2942970190661904,0.5376097532907971,9.162926331147109,0,0,
drv_0109,347.47017452900207,2895.584787741684,6.476991711727401,5.8763495984738245,0.4793742276990768,8.843622147431292,5,1,9.016558105637104
drv_0109,1402.8037634009565,11690.031361674639,6.912685947741307,8.135860985479662,0.45112501981290215,12.573327831965036,2,1,10.869035164050757
drv_0109,117.13772428693242,976.1477023911036,3.3803987267269955,18.708777905776365,0.4783646319888791,11.375364927139707,1,1,10.83309784166317
drv_0109,337.9917369581389,2816.5978079844913,7.014951615604622,74.19372601339674,0.5139581294112627,13.779365653561438,1,1,16.420844949364756
drv_0109,139.47968737866017,1162.3307281555014,1.8048563021044428,116.47721393862628,0.4527513213489332,9.497366202809337,1,0,
drv_0109,83.29088246439194,694.0906872032663,2.75665454219601,23.676073246275024,0.5150857986321986,9.054878213774423,2,0,
drv_0109,137.71695699582276,1147.641308298523,3.551111830147071,10.743249662650285,0.43276877784022577,11.936142405630088,1,1,14.242449151649403
drv_0109,1408.1619792678075,11734.683160565064,8.13363897859787,6.9521749375551005,0.4259188042731421,12.930539457655762,1,1,12.85320854308942
drv_0109,35.12180684344009,292.6817236953341,3.8206618243579316,66.50923398095692,0.43461006073037484,9.73469754907924,1,1,8.39994374500471
drv_0109,416.81314315051117,3473.4428595875934,5.278828312145592,5.107077281149926,0.4814973836559552,8.69095297384259,1,1,8.783594847381954
drv_0109,188.46503795903058,1570.5419829919217,5.594457320866719,13.695437690523073,0.559561578205178,9.439892648114698,1,0,
drv_0109,24.0,200.0,3.929955892360535,0.46040271176928454,0.5417260246765578,13.223753728366695,1,1,11.299124003365417
drv_0109,24.0,200.0,8.56154346202107,17.22374231150154,0.5340613427987266,12.858171701779495,2,0,
drv_0109,261.4351840712679,2178.6265339272327,5.0650295778965635,75.27229791383115,0.46727125540888653,8.458203007204311,0,0,
drv_0109,93.70716606832487,780.8930505693739,3.1018698189807195,19.628280454406394,0.5250400034435762,12.649773995312719,0,0,
drv_0109,213.34797951825965,1777.8998293188306,8.378490127749956,33.40368173749045,0.4596875642286632,9.427805678811982,3,0,
drv_0109,107.63430527064607,896.9525439220506,8.8569409478691,14.430329290196159,0.4948414330279325,10.709121472217122,6,0,
drv_0109,367.95868148898234,3066.3223457415197,5.679896104981311,29.79614504206322,0.5140537735158959,12.879226505240167,2,1,13.008038616526832
drv_0109,650.65688825512,5422.140735459333,2.10757434912768,89.97735051981384,0.4454649553490422,11.952343248948726,0,0,
drv_0109,511.06095269400953,4258.8412724500795,1.193898415470086,7.455615019070357,0.5406465973992055,10.247803475080492,5,0,
drv_0109,89.89593807410817,749.1328172842349,9.735337175928251,44.64111999413421,0.40458825511267255,10.73672119823516,3,0,
drv_0109,907.1824673018724,7559.853894182271,2.1059150982903607,11.428244748331636,0.47743946974307133,11.298328578107194,1,0,
drv_0109,353.5313420360233,2946.094516966861,4.633804531332367,15.153156104625756,0.4522197368989818,10.778263669644632,2,0,
drv_0109,97.99270643522947,816.6058869602456,7.387627767592734,81.25158899195733,0.41310943014018914,11.011689974444211,1,1,11.183108967754718
drv_0109,42.21406240176161,351.78385334801345,2.914687823603698,9.650936586359407,0.432292260414424,11.05076418555089,2,1,9.214555566775076
drv_0109,167.97947951919224,1399.8289959932688,3.381448890506885,34.863373116261606,0.5404786294389108,12.986891475906774,1,0,
drv_0109,86.63230132527362,721.9358443772802,6.520989701122845,8.343152328329674,0.543200358410661,14.121458625300555,1,1,15.75673555359101
drv_0109,415.4574545184764,3462.1454543206373,9.128958145773666,70.76623144587657,0.4162428594403029,13.394776520125905,1,1,12.329438801682034
drv_0109,499.64003018715056,4163.666918226255,3.1691371071048713,12.590914009615428,0.4706895512737585,10.489916716012056,1,0,
drv_0109,35.65728226753888,297.1440188961574,6.320966322852541,32.893827281161876,0.4869891688964578,12.995900250516021,0,1,16.257858870960074
drv_0109,24.0,200.0,2.682384226672819,39.468934206809976,0.5168270639201443,12.603329114474544,2,1,11.21492721934665
drv_0109,2213.2869790515047,18444.05815876254,7.363004675234199,25.965574708930312,0.5864862834518262,12.367709681124559,2,0,
drv_0109,36.010494675557354,300.08745562964464,4.601516547765277,54.29089990835221,0.4227080630697408,11.233447396652673,1,1,10.139836267446954
drv_0109,667.9981630422344,5566.651358685287,1.5705022537452906,10.494819903882716,0.46440433622039906,12.05495260682456,1,0,
drv_0109,49.229310384744146,410.2442532062012,0.24328236919893054,0.07261823189743329,0.5454322060584963,12.66232183547961,2,0,
drv_0110,143.06216033404243,1192.1846694503538,8.760558776338842,22.02133305750504,0.8301255524250369,7.328951955503929,1,1,6.327576910201001
drv_0110,83.5725073398651,696.4375611655425,2.3360249598842264,11.324785793565276,0.7377871144604725,6.6362765028927075,0,1,3.7651029982969977
drv_0110,583.1504862652719,4859.587385543932,4.102959061114997,9.638630931456545,0.770385981071963,11.858900304252852,2,1,13.30122369793691
drv_0110,24.0,200.0,4.7650186208374254,125.36837202341599,0.7988504098369633,9.493678334698755,2,0,
drv_0110,483.4249677323291,4028.5413977694093,1.030380119180082,26.94911899508038,0.8114027250758957,8.935046535218486,0,1,8.769011266608917
drv_0110,411.12063167031454,3426.005263919288,6.27988633515248,87.23115551387448,0.806950838893565,5.298026022542288,3,1,3.455919343689682
drv_0110,729.9146638502107,6082.622198751756,2.4417113370623102,74.91290460749318,0.8124551857827349,6.355156243186483,0,1,5.630903793924132
drv_0110,125.6702934529136,1047.2524454409468,0.4617531760942095,110.06059971538619,0.8504695839330423,8.928797116013849,2,1,9.926387677688158
drv_0110,122.76877799667987,1023.0731499723323,4.828053459023495,21.013875775681928,0.910063748441989,7.724895868059187,1,1,7.708944625105373
drv_0110,173.97799510329537,1449.8166258607948,6.771261441573025,97.59499726052029,0.6965443043833144,4.531710944259025,4,1,2.3294452957560825
drv_0110,236.42048445589774,1970.170703799148,5.78537208463604,2.869595381269572,0.910212924153977,4.205159987872969,1,1,3.9094201919260576
drv_0110,557.44662361807,4645.388530150584,3.2855504174981798,71.45014825470378,0.8889693947765593,9.570835609965634,0,1,10.048915621985731
drv_0110,238.36185964774077,1986.34883039784,8.43027758760625,31.91219589693358,0.8843156120878319,9.947200793500935,0,1,9.688527136923902
drv_0110,518.2116848561135,4318.430707134279,9.82401702879528,2.2727342850281,0.7277593809376277,5.697279997580421,1,1,5.086855871511149
drv_0110,44.01038251155594,366.75318759629954,2.622409039689555,1.325058944401452,0.7741483861413787,8.9075948331806,2,1,8.534742056544546
drv_0110,690.6673050604312,5755.560875503594,8.028376585697663,112.01204175884918,0.7970231041138769,6.438352176803596,5,0,
drv_0110,539.2632707029646,4493.860589191372,0.9551798131543288,48.886835943054955,0.8457711205817567,5.154379327549033,1,1,7.192972788110346
drv_0110,910.873592692939,7590.613272441159,3.4104077331742255,13.80436661671617,0.8804396295599354,4.431186233281079,0,1,5.225606839410101
drv_0110,678.6571320046653,5655.476100038878,3.8716699564729318,81.92025756392925,0.7736142318100143,6.749788052287838,0,1,8.78401786696704
drv_0110,132.52370343683532,1104.3641953069612,3.226348728357673,32.16189324539685,0.7784202220547575,8.478906765525592,0,1,6.288334638865656
drv_0110,510.79268971576687,4256.605747631391,7.904332579214591,2.5073084814223914,0.8809918858297365,6.162771147749754,1,0,
drv_0110,182.76866628370956,1523.0722190309132,6.751414591836219,57.64778931739734,0.8606991905411174,4.986536140094087,0,1,5.018691066397243
drv_0110,312.0250911538429,2600.209092948691,3.335162974343777,26.9082353537515,0.7740994157742299,8.662574315524273,4,1,7.860542948203723
drv_0110,293.40496128898667,2445.041344074889,4.3839119612480335,43.302894785783245,0.8666966345013906,5.703358227656629,0,0,
drv_0110,117.94833695919564,982.9028079932971,9.665394464630667,23.417730973605767,0.8154168994763998,7.545956693173611,2,0,
drv_0110,298.994027053437,2491.616892111975,0.7036316855395608,42.872686007545255,0.8258813037907563,9.241044135438354,2,1,8.245115823338292
drv_0110,223.8123733574509,1865.103111312091,0.3070107857587667,10.690690266263092,0.7478898295260804,7.9896873730609315,1,1,7.029755921747553
drv_0110,260.1534596828817,2167.9454973573474,8.475875433438334,67.78471941843964,0.7768069673502894,8.443486595544448,1,0,
drv_0110,228.00286248649218,1900.0238540541015,9.00237122898947,3.9487717187631546,0.8638222826935679,11.119461361749536,4,1,10.420697913602288
drv_0110,544.9763765630348,4541.4698046919575,2.5218420220744244,12.04036350978015,0.7863642888873336,9.352459123139838,1,0,
drv_0110,24.0,200.0,9.51795007849671,56.154923459869025,0.7732642079367905,5.1120029251355845,1,1,7.248932806747856
drv_0110,41.64372106780284,347.0310088983571,1.6598947129742758,3.5428065381538825,0.8712386031143311,6.6701459123964435,1,0,
drv_0110,34.7870310282885,289.8919252357376,5.277877409602456,16.345411512962748,0.7394470998235306,7.0231590427614625,0,1,7.418368193761717
drv_0110,24.0,200.0,6.2909547283720455,38.74960887880207,0.8385149122343875,8.25898132810972,3,0,
drv_0110,117.9539397782443,982.949498152036,4.306491093318497,3.2084998035013585,0.8360417235874856,10.441661340252885,3,0,
drv_0110,173.735371454747,1447.7947621228918,9.3804921950777,4.481952349564154,0.7737591030121564,6.790544291885614,3,1,7.691067529487295
drv_0110,1258.2468258651036,10485.390215542531,9.820394705116295,5.73024015466217,0.7645228119895401,7.7173884697833195,0,1,9.354601713745781
drv_0110,99.14509162704707,826.2090968920589,0.04783369267233217,24.956867905089812,0.8926512165506484,3.1936492570622197,1,1,5.164413714273533
drv_0110,169.44249048674698,1412.0207540562249,9.44406472888683,3.302978006737694,0.8609054552625598,6.707851380015182,2,0,
drv_0110,923.8153538426998,7698.461282022498,6.523877108368103,22.090554103626065,0.7542629154052823,6.802223312188614,3,0,
drv_0111,208.00899680125846,1733.408306677154,3.5509259178659747,53.12943021623424,0.7713274367455264,4.6273852708109295,1,1,4.829758792780097
drv_0111,828.799006514036,6906.658387616967,2.40335756051722,0.835588789323676,0.8039681487017469,6.471882931989931,0,0,
drv_0111,24.0,200.0,6.824623562936826,3.4132824116148597,0.7861897363598834,5.856677083292623,1,0,
drv_0111,284.94610250341356,2374.550854195113,8.337910470259175,31.221118710591675,0.8944270293575373,6.624105988969781,0,0,
drv_0111,86.7655189381901,723.0459911515842,1.6580034018160272,10.386186398870084,0.8016262729025565,6.902292384768854,1,1,5.038995003640164
drv_0111,24.0,200.0,2.2108992332916944,7.089957038932423,0.8277697426784323,5.477174242481182,3,1,7.065136531460739
drv_0111,1401.652470488716,11680.437254072634,7.57234415741965,3.946936021838676,0.8487299566417703,6.197021307748937,4,0,
drv_0111,474.2506223048157,3952.0885192067976,2.5693949551991735,86.9003316528028,0.7889425165455903,2.0,1,1,1.0
drv_0111,35.60458463331549,296.70487194429575,4.453313129852162,9.596354597685725,0.8058388293752418,7.328585011890378,1,1,5.995625377870113
drv_0111,99.53442810294834,829.4535675245695,8.742073313656057,58.659054026090956,0.8280053358628334,8.153147004043387,2,1,6.714425974822022
drv_0111,248.38766766379288,2069.8972305316074,2.571409798334374,34.193422885940365,0.8352171194364372,7.883997367663501,2,1,8.19988324610563
drv_0111,188.45234255051994,1570.4361879209996,2.4383047818280135,14.46029751494293,0.8154423027869787,6.447273237147203,2,1,7.427056287548553
drv_0111,530.6357481459308,4421.964567882757,4.089729697497334,0.5375366631997804,0.7495365392682821,8.514952023380257,1,1,10.718778989754371
drv_0111,764.1289735233942,6367.741446028285,5.4784360034804145,37.27862613535784,0.7721488741471264,6.966832342916113,2,0,
drv_0111,24.0,200.0,8.229170482823411,66.00244888659498,0.826486565794319,5.4274764904516575,2,1,6.216953441021783
drv_0111,957.6703264723726,7980.586053936439,3.907965648026198,8.139501844282925,0.7351862828673851,6.5758791466145325,1,0,
drv_0111,191.94473988854736,1599.5394990712282,3.3065501993516744,48.44411334006189,0.74806151304376,6.010909798247321,3,1,5.515078395403766
drv_0111,106.71950854908117,889.3292379090097,6.87629858066482,16.09785887095927,0.7614141776052614,5.372312453167614,1,1,6.738784694646439
drv_0111,656.8086641267763,5473.405534389803,4.4289149595420705,43.03011097112861,0.860494828768993,6.579083550854595,2,1,7.910811313506798
drv_0111,236.59439369149547,1971.619947429129,7.02687847077331,11.139432630558337,0.8400505256618505,8.180555584004537,2,1,8.337628946518334
drv_0111,483.6434532822788,4030.362110685657,4.927369116987955,31.06287458689929,0.8074696614906971,9.76302097834894,1,0,
drv_0111,624.1834420214763,5201.528683512302,3.3766039722435726,7.597205164641013,0.7127493987349869,9.070606545166191,0,1,7.601250530558737
drv_0111,114.34016124582519,952.8346770485433,4.972552747978902,18.470387202087437,0.878030887208675,8.112432237406718,2,0,
drv_0111,421.17045369751185,3509.753780812599,1.8597404611565282,92.43909237758271,0.7592812485040819,7.028798316906804,2,1,4.120156352413275
drv_0111,197.93078227243166,1649.4231856035972,4.534539786807514,15.35016313462842,0.8366320338940066,7.101560449109538,3,1,8.72230517263851
drv_0111,742.6933824037437,6189.111520031198,0.40835400059104243,15.657467871681911,0.8343378820816238,7.7865142757176775,0,0,
drv_0111,385.92972790720455,3216.0810658933715,9.153965517600215,5.286320556827523,0.8861544084704561,9.856952594957514,5,0,
drv_0111,24.0,200.0,8.527252659503372,19.22481517423326,0.7890716632450138,8.289905183457723,3,1,6.773378123105663
drv_0111,128.1904280278081,1068.253566898401,0.570673679473368,15.416829989473284,0.8576919949524373,7.790574261049668,0,0,
drv_0111,24.0,200.0,7.639113327162745,11.767051547254974,0.7887203758448028,8.422207447411854,2,1,8.855445733597378
drv_0111,176.34279161563532,1469.5232634636277,9.200574615769131,24.40400991772883,0.7751746809515766,8.804999345071565,1,0,
drv_0111,1136.837572591841,9473.646438265343,2.8900237284913888,0.45165640415415653,0.859580710190309,10.56450660911052,3,0,
drv_0111,65.63893543847918,546.9911286539932,7.942357102536349,0.320570428109816,0.7942380572493375,4.2882739030925086,3,0,
drv_0111,436.0941624403666,3634.1180203363883,1.463572919778524,1.5587134275469194,0.7527749321430645,10.903805397269757,0,1,12.355179162461237
drv_0111,273.1448255967919,2276.206879973266,1.1014288653735305,7.1339992865639115,0.7920612916169352,5.6086554519332825,0,1,4.738669797324946
drv_0111,24.0,200.0,2.8991994294974486,18.09304992163916,0.7210427055958034,4.126082863808197,4,1,2.273106901403116
drv_0111,24.0,200.0,3.6485472889017467,38.94519221338,0.6981985682189812,8.163163712860575,1,1,9.595175019137333
drv_0111,24.0,200.0,6.604760934436493,13.44480826630603,0.80471713552397,6.36630191540095,2,0,
drv_0111,675.8288529056051,5631.90710754671,0.34271204212875217,36.27161954871032,0.8002343551491063,6.6631863582715365,1,1,5.8076387102434985
drv_0111,326.29628199594674,2719.1356832995566,3.4991712862659883,139.75290193900707,0.7998216553556732,9.193964804379293,2,0,
drv_0112,322.8563867140319,2690.469889283599,8.260217053933555,5.83459840089578,0.8961069322782522,4.991705946826072,1,0,
drv_0112,613.902123375858,5115.8510281321505,4.096095658517137,36.682904220837386,0.7265638569449342,5.474483478104092,2,0,
drv_0112,35.092766703415066,292.4397225284589,2.155731783787984,36.00627216727501,0.8397933584054634,9.391883515183718,3,1,9.418514467525942
drv_0112,190.07604777891243,1583.9670648242704,8.970786161297209,38.548755463417066,0.8283279242410458,3.469439524475717,0,0,
drv_0112,859.9684434073772,7166.403695061477,7.41711118431242,55.79243243673759,0.7287798280575222,5.439003062558097,1,0,
drv_0112,225.22961621482517,1876.9134684568767,6.68639093958412,8.15068794911392,0.8099111104525819,6.0839752088895604,1,1,4.545804781267701
drv_0112,804.665420582733,6705.5451715227755,7.364121880926245,1.710120319529002,0.7640662042724641,5.501488512907162,0,0,
drv_0112,202.4358226129887,1686.9651884415725,9.790373021200695,12.685797838176628,0.7505857319243868,5.549244267321482,2,1,4.380254621373966
drv_0112,680.0175211003096,5666.812675835914,5.9177255812425456,14.326678193804536,0.8790062056280344,2.017359176704304,3,0,
drv_0112,106.78811910613558,889.9009925511299,2.648839519274102,9.04366659482575,0.8289515472674738,2.0,2,1,2.8797235141023947
drv_0112,237.40506207533602,1978.375517294467,1.3449097704428947,3.4288199699090884,0.731020651659709,6.308959017225741,3,0,
drv_0112,50.86221866851255,423.8518222376046,9.077209298865506,39.286279530130784,0.8369719061720293,5.9899847288881345,1,0,
drv_0112,139.26488503739094,1160.5407086449245,7.653537547208202,11.183481802796356,0.772539810870454,4.89757357448701,2,0,
drv_0112,179.37647748706158,1494.8039790588466,4.555993059620652,39.68830467504908,0.7745154561162312,7.186107133726146,2,0,
drv_0112,235.5775001085838,1963.1458342381984,8.483842121298041,60.64048207446048,0.7242017906241458,7.1221688942795796,1,1,5.3916433327194175
drv_0112,156.90006493607225,1307.5005411339355,0.20422152244904512,32.107353326634396,0.8499472698989413,6.762996811565614,1,0,
drv_0112,41.51718366622665,345.9765305518888,1.6688853151747185,50.04319363072571,0.796680274574756,3.1027994953389544,2,0,
drv_0112,697.772175650176,5814.768130418133,0.6195219404115593,29.088081528897394,0.8320068954392722,3.1671305279129984,1,0,
drv_0112,1163.29325242565,9694.110436880417,1.4648840513569306,52.32347998208104,0.8244369346106362,3.4389305952685856,2,0,
drv_0112,196.823967886222,1640.1997323851833,0.7558711396045792,40.9960872233261,0.8189566422602302,3.365851947419573,2,0,
drv_0112,288.12995182823215,2401.082931901935,3.683882886156471,5.966936434849939,0.8197030301939449,5.827412360819654,0,1,5.292071018199799
drv_0112,171.07687735958407,1425.6406446632006,5.083797102434271,52.38770244485876,0.859265648879066,6.226845115589186,1,1,4.167760364677729
drv_0112,218.01884061675423,1816.8236718062853,6.652198937262533,53.52660226782126,0.7052981341047804,4.2898355295753205,1,0,
drv_0112,1273.7472631918733,10614.560526598945,5.756421762701331,17.22123363335216,0.7456074423528553,6.796925910119592,2,0,
drv_0112,76.19896084513411,634.9913403761176,6.2099575420743856,5.44280356867085,0.8366191234989712,7.767279886423998,2,1,10.432705851038886
drv_0112,174.6519903847569,1455.4332532063077,2.8421161558154537,80.3695971657283,0.8395103361674466,5.48655236188058,1,1,7.03607708364205
drv_0112,379.3654184528688,3161.3784871072403,5.4686564680644025,72.77489853507697,0.8013464277222969,7.037832273084087,2,0,
drv_0112,50.61620075578566,421.80167296488054,0.6760506682747336,137.87647541893446,0.7628659384167813,5.324601041665416,0,1,5.119297977101992
drv_0112,467.95107096594796,3899.5922580495667,6.278304146291088,20.80480642704096,0.7872263843760515,8.527487080597691,1,0,
drv_0112,147.24679566921057,1227.0566305767547,0.45282367195819573,31.81772072684934,0.8071550000641604,5.01159333872461,2,1,2.5621014323332227
drv_0112,270.2264320730424,2251.8869339420203,7.537689036190805,23.154433212521113,0.7818280752408074,4.882118293192383,1,1,7.631716047378459
drv_0112,509.50097079377485,4245.8414232814575,0.36046345418504266,31.614332837872258,0.8279786048009613,4.441404394197962,2,0,
drv_0112,519.5221674575212,4329.351395479343,1.1600841056538957,8.523995711249512,0.7763899639039542,5.8695394485548595,0,0,
drv_0112,24.0,200.0,0.6261608775765137,11.655865602506955,0.8650063553252774,6.493541858725093,1,1,5.92441672436503
drv_0112,24.0,200.0,9.564988316021001,59.979600360887964,0.7963531327727161,6.938680906027275,2,1,8.882364449267333
drv_0112,83.20072741666448,693.3393951388707,2.060546177253886,56.75934208965185,0.7865884511855278,6.964375648764773,1,1,7.683006038808776
drv_0112,985.2851885951733,8210.709904959778,3.4737734338530224,0.7455621889433993,0.8258885999388732,7.282829245183059,2,0,
drv_0112,24.240498994064254,202.0041582838688,3.6786162211440376,0.7957077823303922,0.8579132742731881,7.68785731337973,2,0,
drv_0112,45.46685351206088,378.8904459338407,1.7125418668531467,8.300172956939562,0.7619076174846959,5.717173911450559,0,1,6.73447037575837
drv_0112,30.134585354188683,251.12154461823906,5.219438461764429,27.960384222568898,0.7637943760488081,9.267613078339984,1,1,7.82181422905335
drv_0113,414.58319165811963,3454.8599304843306,9.933815181333113,6.7136760254807,0.8435269786295981,2.0,3,0,
drv_0113,867.6653944639856,7230.544953866548,0.38657171563038717,5.458774154532034,0.7509950613655182,5.901269962920035,1,1,5.458102117398692
drv_0113,52.35590757559651,436.29922979663763,9.50381848849731,13.376393616473257,0.6992848489354824,2.440439330867628,3,1,2.645007227518844
drv_0113,843.9409015479092,7032.840846232577,8.866689158135994,19.783101524204362,0.7027467079390373,2.0,5,0,
drv_0113,366.5928358411232,3054.940298676027,6.908266860874627,3.77098053058475,0.7670550734408932,2.7414294859645287,2,0,
drv_0113,324.18142396906376,2701.511866408865,3.469658154143996,19.446334330195477,0.7339413860077171,6.594472267937177,3,1,4.153445034501015
drv_0113,24.0,200.0,5.883519966592488,32.10913343636852,0.7446042484812699,2.8506109865496665,2,1,1.589161743296969
drv_0113,529.1374116420126,4409.478430350106,6.7361472110107234,12.819356428221958,0.6695964576290663,3.3637914511426104,1,1,4.266378320894667
drv_0113,24.0,200.0,7.760888286903435,16.65230058897723,0.7376761190908415,4.778279077326642,0,1,2.632240112530313
drv_0113,852.3855964772642,7103.2133039772025,7.119086000338796,10.252706938314185,0.7882278140851798,2.0,1,1,3.9360345623880932
drv_0113,290.1555482106105,2417.962901755088,0.07894124926339563,8.530578556127189,0.7160111417651047,3.3311003779761252,1,0,
drv_0113,51.89237388890642,432.4364490742202,5.946130833422992,45.24255009741876,0.8180939006528201,2.6336842465532833,2,1,4.047722533893148
drv_0113,545.9039837619988,4549.1998646833235,2.0809781250872272,0.965249295735494,0.7546778161607446,2.0,0,1,1.2982939746890754
drv_0113,255.89530536481416,2132.460878040118,8.84913248655034,35.54905832733966,0.7263507240848305,3.881233224102539,2,1,3.1616898883547218
drv_0113,875.0968639040161,7292.473865866801,2.0355854224969985,11.790030173267837,0.7528031427013822,2.0,0,1,1.4536426140371375
drv_0113,243.04986367331463,2025.4155306109553,1.1114596638830976,19.603621548295468,0.6985034682312601,2.0,1,1,1.0
drv_0113,1498.387917484816,12486.565979040133,2.7598052401628848,40.24715687969154,0.734602226250432,2.0,4,0,
drv_0113,302.2388931594502,2518.6574429954185,9.025762895271232,11.640539726582624,0.7562475760529661,3.3525956997325244,1,1,2.9996292864447867
drv_0113,25.00498536469147,208.37487803909562,4.345590632554556,15.171729766047022,0.7126430757094127,5.526685075020778,2,1,4.0704707682281445
drv_0113,71.02413815570036,591.8678179641697,4.5020130748085165,97.53956494440936,0.7488233096714493,2.0,1,0,
drv_0113,382.3335234381775,3186.112695318146,6.063206006599944,44.9157110069629,0.7839318903673145,2.0,2,0,
drv_0113,179.28526212084518,1494.0438510070433,3.3291887277926,10.271721812688797,0.8225187593992505,2.0,3,0,
drv_0113,1021.9923899418625,8516.603249515521,3.8911344391299996,0.41190687575319745,0.7570042824971249,2.0,0,1,5.730754886385998
drv_0113,49.08422744745617,409.0352287288015,3.529517960586712,6.421685268249781,0.7506767806657475,2.997715238472056,0,1,1.1203708514361561
drv_0113,134.55026592017043,1121.2522160014203,5.2750079878773315,4.4941232420262995,0.7737754606521176,6.487493188727587,0,1,5.7693989662464915
drv_0113,832.8790241661095,6940.65853471758,0.0887459213741526,38.96175791348565,0.8282087996586406,2.0,1,1,2.7110196699751583
drv_0113,249.6776481860573,2080.6470682171444,6.690910994036465,19.71657075410306,0.750500820823687,2.0309071388720645,1,0,
drv_0113,225.02526452336022,1875.2105376946686,8.253401304051138,21.01789082378922,0.8066107516623635,3.382661046798448,1,0,
drv_0113,150.60803178560192,1255.0669315466828,7.526316682830256,59.78038493032537,0.7655865108924628,2.0,4,0,
drv_0113,454.70536200493905,3789.2113500411588,5.023803711871587,56.639701391393245,0.8494560881154293,2.0,2,0,
drv_0113,121.21161460591841,1010.0967883826535,3.5364742189114393,18.637523134971573,0.7688127687682321,2.0,0,1,4.656450335699253
drv_0113,569.6129853257737,4746.774877714781,0.31265774321100004,8.957804596216377,0.7100515484002706,2.0,0,0,
drv_0113,537.8326035590871,4481.938362992393,4.388622808282033,6.920954114648739,0.8197249852799514,5.575322596037731,1,1,5.2545617900885375
drv_0113,86.13736391145927,717.8113659288273,7.704063241257375,7.807553962525259,0.7997400979491475,2.0,2,1,2.540493270723328
drv_0113,525.5614007674919,4379.6783397291,6.3767182742207105,10.246977726428158,0.773253562686181,2.0,1,1,1.9791635071749523
drv_0113,56.347946678031064,469.5662223169256,1.0650038098149262,67.51852305014573,0.7332695677973363,2.0,3,0,
drv_0113,119.21827936528543,993.4856613773786,5.138027847932526,43.61923196722854,0.7733398518710416,2.0,4,0,
drv_0113,134.3839836400609,1119.866530333841,3.681591450913456,6.929388390366034,0.7545971705807072,2.0,2,1,2.532104034915232
drv_0113,311.2781062618579,2593.984218848816,0.6178737849913751,4.328874200164094,0.8107110411542502,2.0,3,1,1.0
drv_0113,230.04263651486602,1917.021970957217,7.4905179101886645,25.87212975643355,0.791365118096824,2.0,3,1,1.3022816164455757
drv_0114,1380.6650501075637,11505.542084229699,3.0603221859787624,40.35649336268683,0.7483827046590675,10.195633813605223,2,0,
drv_0114,171.18687159890328,1426.557263324194,0.5312230240722116,42.26964882799687,0.7977016504368951,8.87964302270168,0,0,
drv_0114,1907.250877134448,15893.757309453735,9.27730051389988,8.582658822947913,0.9161108140325674,8.517881992162858,2,0,
drv_0114,219.07948896420854,1825.6624080350712,3.6008203285835307,5.346435441745425,0.9318409576832352,5.950267974934301,2,0,
drv_0114,161.53360264933212,1346.113355411101,4.157083907480695,50.50171489638878,0.8158549630647745,8.466794818827633,0,1,9.052476673560372
drv_0114,32.950247077808534,274.58539231507115,2.2623607004811386,61.779920890086956,0.7907376235517631,7.796233830157496,1,1,8.690938520679437
drv_0114,434.4063582431808,3620.0529853598405,4.1603266972894755,67.27333391710438,0.8199385988501863,12.099860172255108,0,1,10.870571259507265
drv_0114,956.1593149373329,7967.994291144441,9.633589933271612,12.635514455866716,0.8031854122510547,9.33993728440739,3,0,
drv_0114,701.9541163410192,5849.61763617516,4.104164329703615,34.10644334882854,0.848304342512047,9.724369351304809,1,0,
drv_0114,119.62657659124649,996.8881382603874,8.624166998259732,55.51396036172617,0.8092558675558225,8.85777677600823,1,1,9.110045592239638
drv_0114,77.9416312726405,649.513593938671,7.158509207918657,7.311885028267034,0.7202330611516883,11.699618090830334,1,0,
drv_0114,38.463716021125215,320.53096684271014,2.047534763177846,37.897240228792285,0.8637048593795472,7.730550831603281,0,1,7.690309952273304
drv_0114,168.05421322762766,1400.4517768968972,7.299059458594559,65.94086534722449,0.7755948052045865,6.087136867342651,2,0,
drv_0114,461.8443003800322,3848.7025031669355,4.295428598343577,7.433960738352945,0.862936312927961,6.393044396199356,3,0,
drv_0114,216.83311472951826,1806.9426227459855,0.055604177523759235,10.001518440393355,0.8135714065942801,7.504222168902818,2,1,6.745844835817565
drv_0114,1732.9595477910916,14441.329564925765,1.753475998897266,3.5241809281516234,0.872494342649777,8.826107955219518,2,0,
drv_0114,168.59523145555013,1404.9602621295846,6.973677469029433,31.747218798151838,0.7969312159525334,5.940942392466988,4,0,
drv_0114,282.0324577159572,2350.27048096631,2.078322732334944,38.03700620951595,0.872998206777832,6.707239712158921,1,1,10.351339236591578
drv_0114,903.6582433878591,7530.485361565493,5.828734209821702,26.166540169362708,0.761996990669623,6.170385647655271,0,0,
drv_0114,566.955385793759,4724.628214947992,2.6265468369022136,28.42054387048062,0.7490739624689576,5.206546804263217,3,0,
drv_0114,471.7421830729511,3931.1848589412593,6.344152177628169,4.555402242971463,0.9209955855731674,7.1649278150191185,1,1,5.505412382610257
drv_0114,417.3463513797173,3477.8862614976447,7.697457598053798,6.758249756117255,0.7204937541602929,10.20161825154504,0,1,10.841190194452448
drv_0114,204.78214895951612,1706.5179079959678,9.708071719530217,3.1742592577235693,0.7885880373286132,9.765242767884324,1,0,
drv_0114,200.03323368552986,1666.9436140460823,1.496608728043669,6.542631912971999,0.7803843592964883,5.96730007366434,1,1,6.48412632368903
drv_0114,55.10852551542429,459.2377126285358,9.24136152458982,14.767010738935095,0.8593186979933157,9.680276080982992,1,1,9.002384441514248
drv_0114,73.01107812272332,608.4256510226944,4.991340833381549,52.073805209636255,0.8091189869437467,7.608785795549187,2,0,
drv_0114,312.825896828373,2606.8824735697754,9.865738439691613,36.61441280230654,0.8271297913382533,4.482496843516772,1,1,4.457150715256621
drv_0114,538.8209334617511,4490.174445514593,7.159480927620048,10.092438252837098,0.859671794963358,8.479067705151785,2,1,8.739248339061714
drv_0114,658.5290966487769,5487.7424720731415,7.837644609267097,28.877384395134406,0.7699969641339038,7.111197828889656,2,0,
drv_0114,1555.5065728920893,12962.554774100745,4.4243656608148605,23.271702913913508,0.7784018175329072,8.39882366446772,0,0,
drv_0114,481.2780796765141,4010.650663970951,6.5827699942461475,16.971999553642156,0.7858566832561542,7.5720228297379295,4,1,9.204617819910062
drv_0114,124.53489512182145,1037.7907926818455,3.8995220775319686,16.179350432014175,0.8004963830365416,8.939786144320413,2,0,
drv_0114,171.00196693904897,1425.0163911587415,8.381342456326546,13.537759897958264,0.8169403802614309,5.869931652025727,2,1,4.250727727176146
drv_0114,428.95519446905655,3574.6266205754714,2.3305015301303666,25.313701938071844,0.7653231884286644,6.298514047517807,1,1,3.784997212092311
drv_0114,193.9499935862456,1616.2499465520468,2.958985012927192,7.223473759137531,0.8068114060488781,7.92453293966574,1,1,7.179563107493717
drv_0114,68.88363209349987,574.0302674458322,5.753155417045827,21.62584417107115,0.8544350364354485,5.049424752265829,1,1,4.728708714601154
drv_0114,187.42627578378807,1561.8856315315675,2.633875542738865,82.27330599520587,0.7653031254529244,6.149686729197179,0,1,7.261805218182192
drv_0114,147.13373714898606,1226.1144762415506,9.654977041186818,27.021512356218725,0.7775019394231031,10.609729157003086,1,1,14.432250782997059
drv_0114,1597.2116645710107,13310.097204758424,5.642122792839116,0.9558590226646422,0.8586151385429603,6.206438106297567,1,0,
drv_0114,270.6406811785834,2255.3390098215286,8.127296240656797,59.12552597154072,0.8889409555647221,5.537555610202103,2,1,4.214338160287668
drv_0115,73.02113659900115,608.5094716583429,9.512283141028055,70.22490747016965,0.6890961480676356,6.058043358823056,0,0,
drv_0115,104.9346162280807,874.4551352340059,9.328452029493787,8.617104679096999,0.6974741568418592,7.196783923228452,2,0,
drv_0115,1186.1379217919969,9884.482681599975,7.176741078221276,75.2025430600433,0.6593894504343178,7.313972004016337,0,0,
drv_0115,146.91359632361298,1224.2799693634415,8.883007968088538,3.777888017593989,0.6730779251306295,9.695447513568961,1,0,
drv_0115,713.1390597083888,5942.825497569907,9.419716722681557,1.1043449230167421,0.6603665647848092,12.16490659277313,1,0,
drv_0115,168.43310423533046,1403.6092019610874,6.318790530292264,39.355202381856195,0.6128221623349099,9.505904171244099,0,1,11.721682145153775
drv_0115,40.874528272310755,340.621068935923,2.790982782393149,9.455542002148004,0.6459850445066911,8.790175389698545,1,1,10.451950916637651
drv_0115,274.16985921180674,2284.7488267650565,5.4750157457683315,18.266102753850834,0.7154776860349352,6.979144084318184,0,1,7.110444573873195
drv_0115,24.0,200.0,0.7705693570985728,1.5532053849220486,0.6519207546340761,6.261668707104517,1,1,6.883846359283386
drv_0115,885.6928413446783,7380.773677872319,2.314319892119727,1.5517457201373246,0.7054316055778395,10.70405768396303,1,0,
drv_0115,78.81442739012391,656.7868949176993,6.746099715252876,2.846955055331181,0.6347510786575443,8.971352897532048,1,1,9.268611955576642
drv_0115,659.8103636918185,5498.419697431821,8.79728342992746,141.9869534272501,0.6250850607378555,8.56668007596445,3,1,7.207411299582863
drv_0115,114.18116258039115,951.5096881699262,6.943685413138655,4.327757704903052,0.6551931360922528,8.880773265129497,2,1,8.28036732697803
drv_0115,212.31296138684016,1769.2746782236682,1.1644333948117258,5.681168442645148,0.68198273577933,8.723345937280877,2,1,9.155612356434231
drv_0115,24.0,200.0,6.944563753290036,26.23676619405231,0.5459209132285862,8.433198249343015,1,0,
drv_0115,530.4152077864093,4420.1267315534105,3.2725909704861165,33.227297429069594,0.6532936750575841,5.936987336708842,3,0,
drv_0115,120.49117472307442,1004.0931226922869,3.329062339965503,9.718273399684655,0.6420504886049273,9.625653576258959,3,1,7.871680006360394
drv_0115,359.80956385098705,2998.4130320915588,7.56806768133481,0.9123691984411046,0.6802865410863482,5.148425114275631,0,1,5.39029865016623
drv_0115,164.97163477004787,1374.7636230837325,8.018097099437817,5.30091244250814,0.5843343693069447,10.202931348816557,2,0,
drv_0115,678.7917890174087,5656.59824181174,1.1358559760655573,0.0015858132277079163,0.6265723689957929,6.11223563463161,4,1,7.938725493199061
drv_0115,363.83431961812994,3031.9526634844165,8.090990164025772,56.08922207792624,0.683798857684565,5.940837275111158,0,0,
drv_0115,59.98258511476272,499.854875956356,1.4139110787673859,4.360472477699228,0.5883230752206353,7.2685510207820965,1,1,4.4808935457116075
drv_0115,183.9943980587029,1533.2866504891908,7.888638417284877,37.99766584472317,0.6641489655349182,11.876327237082007,2,1,9.203841396380238
drv_0115,139.02483819959613,1158.540318329968,3.820795931156329,123.50964955038877,0.7323135510200279,8.590746355917782,2,0,
drv_0115,24.0,200.0,5.871731052555445,3.0543331651949526,0.5786701996234382,7.818631067358722,2,1,8.783821647362991
drv_0115,907.6782929231239,7563.985774359367,9.234853864589734,13.87749319152022,0.731038058294998,9.330296163216078,0,1,9.474726679465471
drv_0115,160.47057849350622,1337.2548207792186,8.651609019365473,9.885096347765769,0.7064957291939362,9.518261915237344,0,0,
drv_0115,256.027813479883,2133.5651123323582,4.0528403770957695,4.07570785212647,0.6733811501336164,11.153974382929125,0,1,10.261854876137438
drv_0115,506.47220224618695,4220.601685384891,5.549872146798414,71.13293873093342,0.62272194127176,9.325876442623052,0,1,11.24159893783691
drv_0115,562.3092254357168,4685.910211964308,5.926353195600206,7.600562596315931,0.6287418053126891,9.089024474164443,2,0,
drv_0115,359.45049534272545,2995.420794522712,9.889560168688245,82.38505383016847,0.7038452323750648,7.180304032131506,2,1,3.69677056129947
drv_0115,1252.3072321304612,10435.893601087177,8.900437251318952,12.360531743229163,0.6426344366001079,10.187103682031424,4,0,
drv_0115,250.75299523934825,2089.6082936612356,0.2834585662720901,9.274181363085464,0.5852786708406635,7.8773469676425965,0,1,7.051525942801112
drv_0115,177.13327836790594,1476.110653065883,3.7436913604981594,37.68609254719449,0.5717366638589245,10.872194274157057,2,1,11.986758177300151
drv_0115,24.0,200.0,2.9362126257838392,19.824779456321718,0.588819914924749,7.220462853921322,2,0,
drv_0115,161.7341395624209,1347.7844963535076,4.76196716358041,6.8519116171848475,0.5602137497250936,5.7554062918940465,1,1,5.303779429414483
drv_0115,132.41214594003668,1103.4345495003058,8.310003316567391,6.2360986487699765,0.6617286984445128,6.095120762919537,0,0,
drv_0115,41.670516883248716,347.254307360406,0.03661497761781818,1.3128149360828303,0.6280208120246248,5.4467268952590535,0,0,
drv_0115,1061.2487475454711,8843.739562878927,6.095074226766002,122.34334743244558,0.6210956285020421,11.607642600136943,0,1,12.395525755876008
drv_0115,222.52322800955218,1854.360233412935,6.288952636943702,27.665282345058305,0.5081831565308572,5.734781814865956,1,0,
drv_0116,400.857887861828,3340.482398848567,0.11834905413939056,120.84086014978307,0.7481519310989431,6.981526657674667,2,1,6.848095965833604
drv_0116,536.2376115888784,4468.646763240654,3.057965924621934,9.695412649343075,0.7305608953780417,5.806384145463278,1,0,
drv_0116,570.3789083840509,4753.157569867091,3.998255741959288,47.66891069382697,0.7262750765112496,5.040241421352431,2,0,
drv_0116,284.81240974128076,2373.4367478440063,8.559140679224717,59.82160103467314,0.6988258173098182,2.555952042835442,1,0,
drv_0116,24.0,200.0,8.355630912298942,75.81850419842826,0.820870611003879,5.5046879988968325,4,0,
drv_0116,167.4311427870228,1395.25952322519,2.161236709968261,57.91426091565359,0.7774286939027879,7.785894661638208,2,0,
drv_0116,629.7702011337794,5248.085009448162,4.179776680993216,31.073759024148835,0.7584432244822861,3.2673404990695163,2,0,
drv_0116,277.49947824028607,2312.495652002384,9.159318856939326,40.004883863479456,0.7644158446523571,3.786277583739039,3,0,
drv_0116,500.13624478597836,4167.802039883153,3.4687224906475977,49.124016660354954,0.7761067474070258,6.899945536346316,1,1,10.072649432048884
drv_0116,24.0,200.0,9.597472205505058,9.416378972962777,0.7977420280514331,3.520872819833225,0,1,5.545131417660686
drv_0116,353.77257375075135,2948.1047812562615,6.424427475026894,87.68262991596187,0.6990840487376434,5.762560119454482,1,1,7.408764049274033
drv_0116,191.69878568167604,1597.4898806806339,2.8447749603330608,32.26653271864101,0.6864626648052762,6.573523259061997,1,0,
drv_0116,243.41631657099296,2028.4693047582748,9.06894448441835,9.323677671591451,0.7815366155353533,4.175733781451357,0,1,4.037006653466158
drv_0116,135.61298910996112,1130.1082425830093,7.499480514376957,12.35985971103299,0.8219469830645747,6.870903593057274,3,1,7.410297640128928
drv_0116,140.62383645117822,1171.8653037598185,7.858557031671481,15.989555832373108,0.8230156976965431,2.0,1,1,1.957969799927298
drv_0116,361.16083547901013,3009.6736289917512,5.370689746180481,26.1594761619547,0.6508945040438678,3.209390613100484,1,0,
drv_0116,607.0385990853111,5058.654992377593,3.0858762973323994,26.526925835334158,0.7463575790404909,7.379527451351869,2,1,7.574469789531015
drv_0116,539.1849951387146,4493.208292822622,9.303340513835389,36.12792944482348,0.7275248356436036,3.6484456166711725,5,0,
drv_0116,145.47109803156027,1212.2591502630023,9.014985515952484,2.7716788037095927,0.6761199894593644,4.683398578605131,1,1,7.010568677418981
drv_0116,540.9399370865408,4507.832809054507,7.007974448623056,147.77739558639408,0.7314041053740465,4.746786650407077,1,1,5.465185973935185
drv_0116,712.1728383228509,5934.773652690425,5.128485412483345,9.046096800371581,0.6446812759003024,2.0,1,1,1.8982292464416122
drv_0116,534.7920201082984,4456.600167569153,7.200262914486849,32.245787908468714,0.8300493530266704,5.372432901291181,2,0,
drv_0116,239.7155988360112,1997.6299903000934,9.215704043928186,0.3411494118023225,0.7590354831861781,2.621693266518749,0,1,3.5949561552150024
drv_0116,155.5754177091445,1296.4618142428708,8.727761154408451,16.16577466129743,0.728640695266434,3.7418410188924383,3,1,3.370969620322426
drv_0116,380.0006947757044,3166.6724564642036,1.9155318107608266,61.1808159860381,0.7730567008278503,5.933997537909445,2,1,4.647606618075798
drv_0116,195.19958487470092,1626.6632072891744,9.847895259282334,131.87620172040636,0.8163744299067389,6.75964562192293,0,0,
drv_0116,79.43085536240274,661.9237946866896,0.8131840828178616,36.82625198119292,0.7770295568420942,4.9337545023807525,1,1,5.935335766920457
drv_0116,140.18506494408675,1168.2088745340563,6.857965843904608,20.306989667414822,0.7190561792312569,3.5664592304107474,1,1,3.824357850484374
drv_0116,443.09747393552584,3692.4789494627157,7.138015409262307,4.1782243622541,0.8789878380614541,7.535160461480919,0,1,8.895913345436083
drv_0116,28.950328378428367,241.25273648690307,0.8609920444017871,4.252011857162057,0.782793257334075,4.614001799733581,3,1,2.9495383975309046
drv_0116,455.664553850797,3797.2046154233085,3.404701142895937,22.924837171800895,0.7376960237615096,2.1460196146212818,3,0,
drv_0116,58.12122838111095,484.3435698425913,0.6455031692307511,30.851024786854907,0.7947766461494373,4.640340030248499,1,1,5.226579404946432
drv_0116,419.7217859803706,3497.681549836422,2.818282804153538,25.988483790074635,0.7669666461830669,5.270817232209954,0,1,6.4066477461033555
drv_0116,92.18384344300073,768.1986953583395,3.1397608313464853,2.780417009431125,0.6805618079660176,6.764788082123398,0,1,7.3657901388018105
drv_0116,535.6720145810373,4463.933454841977,4.961252573076525,11.79712916562735,0.7013050305722055,5.729975464002711,0,1,4.2416510454684975
drv_0116,24.0,200.0,3.2567387425875394,5.381164593565508,0.6786364425514582,5.929979933611958,0,1,5.713211501007218
drv_0116,776.6600224611475,6472.166853842897,9.193732725962068,18.84609806207722,0.781996275573681,3.6314564984468363,3,0,
drv_0116,768.7701134843406,6406.417612369506,8.359834801627684,47.03846327178438,0.8590409405651646,2.8027842317239515,2,1,4.539703937351604
drv_0116,399.6813026908045,3330.677522423371,0.6026449275915624,3.48510088472214,0.6731793232462251,4.746538283395587,1,1,6.904967880040637
drv_0116,172.86947391374412,1440.5789492812012,4.692838095454689,11.258986017682929,0.7994594876545071,3.8320815366589276,1,0,
drv_0117,880.20594162473,7335.049513539418,4.79931859026896,57.99489361919724,0.8808761711930624,6.943657027359585,1,1,6.193634213735984
drv_0117,254.7799899048658,2123.1665825405485,8.892311179215238,2.67049439884535,0.8218876621315089,8.039376115316633,0,1,7.7878205802180975
drv_0117,693.1142299540995,5775.951916284163,1.22424612991623,78.61907432110866,0.7320181464510424,12.037767000579,0,0,
drv_0117,723.5735292078351,6029.779410065293,1.0627408962254037,5.011015609017298,0.8540824487198365,10.566281029429225,3,0,
drv_0117,58.605650253578155,488.380418779818,6.907208409997638,4.457217335492149,0.8156650059435171,8.560436566729983,4,0,
drv_0117,388.4304810979795,3236.920675816496,9.670227836641768,29.600700958131824,0.7609647447841414,6.826120536045975,4,1,10.033162649560866
drv_0117,79.50241946425594,662.5201622021328,0.5000030771466291,36.00216751800812,0.7423622287638735,9.587215913311683,1,1,13.684792200900821
drv_0117,699.5614991575824,5829.67915964652,7.314882940273747,14.73730811194878,0.9046377908789269,8.318989979684785,1,0,
drv_0117,60.66517803226832,505.5431502689027,8.707506781296676,44.44502834467216,0.8532816858673616,6.315307954874859,2,1,3.910583264658764
drv_0117,208.1185059892848,1734.3208832440403,7.399861439077611,2.2634494470656157,0.8636091526730802,13.023355770981162,1,0,
drv_0117,717.9704997531759,5983.087497943133,1.8182643308745194,42.652478730992,0.8608041784367518,12.780829690847426,3,1,11.374441771799571
drv_0117,755.867235916793,6298.893632639942,4.970089507748183,13.811794423204153,0.8360475370168649,8.994507727402206,2,1,7.210902300250366
drv_0117,196.15833605164536,1634.6528004303782,7.990127561836351,19.099068031784245,0.7578230365156491,5.649460668446629,2,1,4.347895211154312
drv_0117,302.4632706827634,2520.527255689695,6.867973837202776,35.229260681245464,0.8062968565738672,6.989091217799331,2,1,6.064400726302515
drv_0117,1992.075921271341,16600.632677261176,6.338891682536961,29.540674030921295,0.8567498309403173,6.635384853049887,3,0,
drv_0117,160.05292802635216,1333.7744002196014,2.1328943311883872,56.11639323149754,0.8317224094054169,12.176890700241797,3,1,11.730811072590889
drv_0117,167.97580080553868,1399.7983400461558,2.7601451930038836,10.692289258903974,0.7701688885245128,12.270355215091218,3,0,
drv_0117,130.45833857879063,1087.152821489922,3.1867847882785947,44.39792136532703,0.7797316922478725,8.519483039270549,1,1,8.519467791795513
drv_0117,62.102408511162494,517.5200709263542,7.74091361522933,58.30339006090142,0.9234035870847507,12.393283070645204,4,1,10.452868763811598
drv_0117,190.10112203908633,1584.1760169923862,6.427927541881655,9.902998600312307,0.8410988668785988,11.647653196081897,2,1,12.627683937915739
drv_0117,47.695793948104075,397.464949567534,0.4309130069953526,4.107548190316757,0.9336348935382568,9.080687616013481,1,1,8.611325239198763
drv_0117,261.2522623781096,2177.102186484247,6.556313183585518,149.24952926771593,0.891423283371563,10.549699186678676,0,0,
drv_0117,479.2602425067792,3993.8353542231603,8.051089509399722,2.051894158210639,0.74730123789384,11.183088209748988,3,1,9.236210457171431
drv_0117,50.78388163437073,423.1990136197561,8.814453643331108,76.33362274416572,0.8956149625397398,10.427302468453679,3,1,10.697844999151458
drv_0117,390.7421839399966,3256.1848661666386,7.289347577537706,19.047553585560113,0.9046314712349578,11.534892175530224,6,0,
drv_0117,355.3524136388455,2961.2701136570463,9.86307880077866,2.511329634487022,0.9106672569357201,9.889949142286165,1,0,
drv_0117,51.413831253017946,428.44859377514956,7.942557701938644,2.427969383327682,0.7798827899731177,7.707034020454531,1,1,7.550602059674639
drv_0117,82.53591021327567,687.7992517772973,3.174148729710995,59.27928317230255,0.9021047235562778,9.848328262796313,2,1,8.958837936134522
drv_0117,121.05851204571756,1008.8209337143131,6.345178467921934,259.0663299061182,0.7368404102083393,5.86640078037332,2,1,5.502170237376144
drv_0117,235.88034205760366,1965.6695171466972,4.310883894816051,48.83443606200452,0.8494730595209115,9.362853503042063,2,1,8.015345680006034
drv_0117,95.08912564152455,792.4093803460379,9.279175463062796,5.058351781203534,0.834860182882945,11.325366539942856,0,1,12.253790378018735
drv_0117,231.18105675023602,1926.508806251967,6.1004620483462055,28.624840048598436,0.8356557504410127,13.219435171026767,3,1,12.924854720372322
drv_0117,151.3836140682958,1261.5301172357983,4.5891191714924195,14.197294116670978,0.7293309404807184,8.620505395935234,3,0,
drv_0117,688.3038759181089,5735.865632650908,2.1832222551544076,16.435791723633578,0.8255350614846695,14.126973852789376,2,0,
drv_0117,91.99600766708798,766.6333972257332,4.550760552869356,18.653593488774113,0.8556826491769807,8.36822199154145,3,1,7.952106656505064
drv_0117,333.3967711371976,2778.3064261433137,4.947388334765714,20.931389689754603,0.8090524177765565,9.982598051320041,1,1,10.991010260340035
drv_0117,224.76654023802215,1873.054501983518,2.000623095808786,64.3742057231073,0.8211848765791997,10.428251455270559,3,1,10.82774234174859
drv_0117,103.92492292118229,866.0410243431858,5.374275475426076,39.700630687901956,0.8325579009872307,8.802473125748977,0,1,6.6013286415157
drv_0117,24.0,200.0,0.08409832306626175,102.95448428025597,0.7541298470433048,10.869429408239796,1,0,
drv_0117,172.59016420234016,1438.2513683528348,8.591078399654162,63.14878974143774,0.8397208165511816,8.293715443710429,1,1,9.094502601091133
drv_0118,25.830816677493456,215.2568056457788,7.8059268441448335,13.58273833256888,0.5577744159873816,11.230849243994788,1,1,14.491050364049219
drv_0118,419.1795401188213,3493.162834323511,0.36961527028378405,7.34377033305305,0.6047817340250065,5.796965116797452,3,0,
drv_0118,492.1159846955208,4100.96653912934,1.0466524237538,15.416393845469228,0.606490790583418,8.169462688935631,1,1,6.473742997408061
drv_0118,475.4018901429482,3961.6824178579022,9.920819332155894,16.387069842404955,0.5304760408445006,2.934761458117533,0,0,
drv_0118,1018.2101115735553,8485.084263112962,7.681369711449706,25.621326543851623,0.6080329460732831,7.022918146559735,2,0,
drv_0118,1449.9184267804878,12082.653556504067,7.183518738801672,10.807027542007578,0.6373563389760818,5.112300227421097,2,0,
drv_0118,591.9855065756415,4933.212554797013,4.414517213903181,0.8116433794962064,0.6074772299776288,5.5299839707466365,0,0,
drv_0118,890.4044326042521,7420.036938368768,1.8602202586270955,14.598491571111147,0.626616421664433,10.221466073125189,2,0,
drv_0118,68.25597418051558,568.7997848376299,5.024416462033916,3.339967008769466,0.5143690262642139,8.953304058184253,6,1,10.033183795940984
drv_0118,121.7301843869482,1014.4182032245684,6.363033746604235,4.873746068531261,0.6486031667707096,7.4266574450633085,0,1,6.849024411558932
drv_0118,251.37781809939543,2094.8151508282954,8.590123977375157,16.060700751372426,0.5889129466075489,9.131712437170636,3,1,5.720399227139451
drv_0118,90.10283572294131,750.8569643578443,4.51963918836738,17.068732684841965,0.6368012026545006,9.896891429818366,3,1,9.041617646347701
drv_0118,24.0,200.0,1.4239097459347805,27.694219714501944,0.6070635049525538,9.769728529156765,1,1,10.447078975514987
drv_0118,178.37558107352282,1486.4631756126903,8.170508110667894,16.51098505374127,0.6409005280932661,7.286989339409402,1,1,8.567472278697208
drv_0118,145.07583361195486,1208.965280099624,9.58435676020372,19.993582931536118,0.6770998433740779,6.160071692408672,0,1,7.531469004613685
drv_0118,67.96662188716323,566.3885157263603,6.144099220484373,11.474860395671927,0.7066969566548749,9.864639152690076,1,1,9.033786962936517
drv_0118,196.37790884342684,1636.4825736952237,3.0771282994657136,16.23482015559455,0.6109445621120947,9.480677399747975,0,0,
drv_0118,203.90357027680355,1699.196418973363,2.686924174678386,25.365562165744162,0.6795740562508396,8.926662473282661,2,0,
drv_0118,574.6679995026432,4788.89999585536,8.516941147577587,21.671144213227926,0.6562599267156723,8.955320820470837,1,0,
drv_0118,120.64788401523961,1005.3990334603302,5.678299327068085,3.8356557844085564,0.6251773150148776,9.89032657882272,2,0,
drv_0118,2034.0353599108616,16950.294665923848,9.6287869421464,13.782671265563163,0.6323414930713964,10.90069257090529,0,0,
drv_0118,503.6385475562533,4196.987896302111,6.804310113078996,11.773964064690691,0.6023506775822736,9.016356468875156,2,1,8.564780484852832
drv_0118,24.0,200.0,7.966831224699272,3.9318911312156906,0.6845291512031867,6.333433755824134,1,1,7.087656365736002
drv_0118,484.9914618339077,4041.5955152825645,3.2373893462118697,15.437418328469644,0.6050931921165913,11.666848311251652,1,0,
drv_0118,227.78872044779186,1898.2393370649322,9.871400490037756,12.966552872967307,0.5641319663287376,7.0428466169433355,3,0,
drv_0118,355.51484980403916,2962.6237483669934,9.92426288315585,7.681830877137484,0.6304085561355618,7.753282901493292,0,1,4.928011730815816
drv_0118,177.4181493798906,1478.484578165755,6.929659663405838,5.480630520228904,0.6024289496603757,7.188161773071181,2,0,
drv_0118,239.23722506507846,1993.6435422089874,5.694101291759513,4.864282058220174,0.5513098040374546,9.292223327296968,3,1,8.533832672536999
drv_0118,711.5970127826889,5929.975106522408,6.145576961607395,12.410529271139659,0.6300440981710967,7.811807222451929,0,0,
drv_0118,1043.6097005802767,8696.74750483564,4.251806647492003,0.08421715106502263,0.6297550843456802,5.943488077715262,0,1,6.906597305226633
drv_0118,947.4020793893965,7895.017328244971,3.9642703193001774,19.077962349493603,0.6134545422890757,9.112456764563216,3,0,
drv_0118,101.09333544938525,842.4444620782104,2.598237567350925,3.4176886872193197,0.5585791646115387,8.491520334158498,3,0,
drv_0118,242.19007350658939,2018.2506125549116,7.662412852276051,19.136554194463596,0.6807350429749169,8.099710223145495,2,1,9.27445293740886
drv_0118,314.8949218649592,2624.1243488746604,8.45550268364223,63.09564301440973,0.7136437747394615,10.502154244697438,4,0,
drv_0118,618.9708912186259,5158.090760155216,0.44083593489941175,28.1401194380718,0.5173763098523384,10.728529207809501,1,0,
drv_0118,408.67761236075904,3405.6467696729924,2.806838421336243,59.45246400445942,0.5618301243439305,8.64784803265641,2,0,
drv_0118,740.852916447126,6173.77430372605,2.4802014853931107,59.65241726826286,0.6250794493882571,3.0011209624834674,2,0,
drv_0118,270.42606524490407,2253.550543707534,7.930435478619378,5.945858265138003,0.6913421513909185,6.876386850019849,5,0,
drv_0118,471.6386471203612,3930.3220593363435,6.42584262724641,90.9004322408158,0.6204857604314307,10.99125810242347,3,0,
drv_0118,139.662777253038,1163.85647710865,1.3114177877024713,56.52112370528343,0.6788555967448474,10.791860378276908,3,0,
drv_0119,445.80345953001233,3715.02882941677,3.017910729156065,10.50073022910635,0.5527376024496864,8.86525133889492,1,1,7.174039918247597
drv_0119,250.21166090682016,2085.0971742235015,8.588488377844056,67.16387008919251,0.5827503748019818,9.718265210760883,1,1,10.322994068774547
drv_0119,49.02303294774755,408.52527456456295,1.793833104458541,175.93136744170218,0.6495520655003957,6.195331770211967,2,0,
drv_0119,325.693110963379,2714.109258028159,4.76751091451812,3.4696871361663315,0.6064142908645289,8.09394695472914,3,0,
drv_0119,194.60645094503857,1621.7204245419882,0.873835349833656,10.193687069075374,0.6205199734740314,10.306577791805076,2,0,
drv_0119,78.33699115787716,652.8082596489764,3.6509656258584746,2.2250834627597316,0.6310852311102424,11.02282043219284,1,1,12.186169869477608
drv_0119,24.0,200.0,3.1674966697475613,22.477775319455084,0.6329736659141804,10.081030848212608,3,1,12.480908917818057
drv_0119,178.15679810427565,1484.6399842022972,7.0640469850405605,1.2944395572241068,0.5873868356466804,11.214716123636423,1,1,12.709710792127943
drv_0119,147.26409743001463,1227.2008119167888,5.5580970666051,14.189690282802552,0.5178307465178984,8.077882908689574,0,1,10.820307674234169
drv_0119,115.87509884088239,965.62582367402,7.460167421794938,28.97093004897426,0.6327595713154638,9.435985207158659,1,0,
drv_0119,45.280322725610525,377.3360227134211,6.229156457691719,12.225889779610682,0.6041578968964775,9.240888717884205,2,0,
drv_0119,107.97169888590076,899.7641573825065,3.0591072366282646,26.070136600371757,0.6218620038787703,8.927155778420333,4,0,
drv_0119,1192.903150456742,9940.859587139517,6.8924797033801575,95.73432077515119,0.5504584652955582,7.155403557299772,1,1,7.0141537527912305
drv_0119,430.3133871006316,3585.9448925052634,0.9000074486605603,12.43408337850644,0.6100376214648773,7.12361214175968,1,1,7.606058174203191
drv_0119,708.1432411508822,5901.193676257352,2.4334044245437623,15.943687819430028,0.6138086192174009,7.869579595564724,3,0,
drv_0119,126.08297990325876,1050.6914991938231,0.3405433372313682,16.638807628961196,0.5993905446346262,13.242007997026269,2,1,10.539851319195453
drv_0119,129.02598028239865,1075.216502353322,8.772890790686592,60.9995139115459,0.6454364723926145,10.41972742997472,0,0,
drv_0119,248.46864119638462,2070.572009969872,0.6680480667475397,10.871396215304653,0.5577141778302154,8.078865154568515,0,1,10.19251503292492
drv_0119,1187.5919556404126,9896.599630336772,0.8487489081616861,6.274258243723239,0.5919571182828433,9.996898326641606,1,0,
drv_0119,252.42683007739214,2103.5569173116014,6.277654687621911,9.240542946074916,0.6730915953640306,7.06715289330964,2,0,
drv_0119,370.1293448118736,3084.4112067656133,1.7714134078481292,46.28544017375389,0.47877341024715847,7.473755442502564,2,0,
drv_0119,558.5940990438022,4654.950825365018,4.7544712184460405,61.07344715903649,0.6493470113530131,9.678355187169426,0,1,10.551179679509872
drv_0119,296.34396677119236,2469.5330564266033,2.2699663716544647,186.85303914515325,0.634082620699455,10.309835628613568,0,0,
drv_0119,1232.2864216547237,10269.053513789364,0.9720960294045333,6.982001487835325,0.6554900003035393,8.316269255119396,1,0,
drv_0119,242.9692994206696,2024.7441618389137,5.37241604346142,31.23995058911059,0.672133402650694,12.383473141141176,1,1,12.341283465200796
drv_0119,76.5841224831497,638.2010206929142,0.024638867198587544,5.566303029946489,0.5893160630172053,11.095490589664799,0,1,11.05867750790925
drv_0119,82.32589021737753,686.0490851448128,6.03723903733961,71.28137191161518,0.6672572573059756,8.733576907557453,3,0,
drv_0119,386.6774494958062,3222.3120791317183,1.4369697879944865,26.67489337337919,0.5922042208966642,12.291161334069422,0,1,11.25963341966638
drv_0119,262.02814008100063,2183.5678340083387,7.897719391366143,3.330712711751427,0.6143792618733628,10.125688659598785,4,1,10.40361718851536
drv_0119,1099.2189905564783,9160.15825463732,7.617798318652095,1.832340567248119,0.6340068595194194,8.892842057089629,1,0,
drv_0119,387.2220981523538,3226.850817936282,0.13472464059782974,15.767829601187,0.6915250526800778,10.5281389997883,5,0,
drv_0119,375.42191695635114,3128.5159746362597,2.00688979934558,31.328064090911077,0.592089342842942,11.600080169005995,2,1,11.979929616474344
drv_0119,425.12390086558014,3542.6991738798347,2.4861259605271178,40.85720245091621,0.605264742414479,8.226053642836717,1,1,8.764334729512003
drv_0119,161.89081595353932,1349.090132946161,5.70486148234599,9.769690998871537,0.5745024280169817,7.755291301988191,0,1,7.82451357505042
drv_0119,24.0,200.0,4.687100698675181,0.12328525121633618,0.6522977578552005,8.60832163665666,2,0,
drv_0119,213.31485493802003,1777.623791150167,8.880115966929012,34.916008295824625,0.6877051069590936,8.212449335005983,2,0,
drv_0119,105.92203304946086,882.6836087455073,0.36085336664943957,30.48911890372989,0.5432683522867693,7.089055351265379,1,0,
drv_0119,174.08705118409023,1450.7254265340853,1.9302183922624183,0.9506941350917052,0.6188396192753831,9.715793812927192,0,1,9.045520092078792
drv_0119,562.2042594843355,4685.035495702796,2.9172464293566494,18.502724092902564,0.5868462387693164,9.120099591517688,1,0,
drv_0119,48.155174665255444,401.29312221046206,7.159560586295588,13.749438048585619,0.624450782074442,12.624689724811132,0,1,10.835026755925288
drv_0120,44.90935371495831,374.24461429131924,2.0922007714289337,25.32335501576415,0.8935123754916399,2.0,0,0,
drv_0120,282.7858239171751,2356.548532643126,7.222783390202338,169.82778144294986,0.8331045872949904,6.174466130022603,1,0,
drv_0120,364.20157590313266,3035.013132526106,9.569948692004818,13.061167776675527,0.9046247603643517,7.83535059808616,2,0,
drv_0120,226.9806545028274,1891.5054541902284,8.400524759238253,19.567082061254744,0.7442771389559812,8.291052639048159,2,0,
drv_0120,133.10772657782482,1109.231054815207,8.557848894163815,2.88655269161868,0.8384771207291535,8.18612318406607,2,1,5.4073067618387505
drv_0120,24.0,200.0,6.867921541198616,17.901657328987884,0.8895867116954015,5.192761792781299,1,1,6.507923027425124
drv_0120,76.70631706899758,639.2193089083132,8.33171161334947,11.922888480434919,0.821011363984666,8.34616939587452,3,0,
drv_0120,1097.4548145473204,9145.456787894338,4.51556930476639,13.380843370755969,0.9384269491866393,9.318982049629735,1,0,
drv_0120,1228.8961772388732,10240.801476990611,7.1702124861652825,44.052711070036636,0.868019999718775,3.1520755042018673,4,0,
drv_0120,257.23909887914584,2143.6591573262153,8.433087665666926,41.27824449474455,0.8859739183654799,7.5430646291598205,0,0,
drv_0120,234.94451966418148,1957.8709972015124,3.465907079866252,12.01034164590873,0.7986178399117986,4.067165645478896,1,1,2.226870916852432
drv_0120,636.0134731510534,5300.112276258778,3.78554808140911,11.826373532822844,0.904177405872182,3.0337242941736893,1,0,
drv_0120,34.875418974715515,290.62849145596266,2.4667823076757545,73.44821756154032,0.8435986330521646,5.216181857627076,2,1,3.1855906139554633
drv_0120,24.0,200.0,4.588128665081699,39.03660481949187,0.9292694106844744,8.204887057785978,0,1,7.565947190521339
drv_0120,300.8658263874909,2507.215219895758,0.5581918554515819,36.18117086456757,0.8761956935704067,4.449142862535095,1,1,5.38922124050614
drv_0120,99.89549636477028,832.462469706419,7.615539229605099,15.442739831440322,0.8174569998014174,4.295802024547664,2,1,6.260010271169401
drv_0120,105.01849780026734,875.1541483355612,9.718877875930037,14.76733521505928,0.8101647536522362,6.402117685153624,1,0,
drv_0120,24.0,200.0,9.679563505326183,28.88664507406786,0.8799322649424361,2.0,2,1,1.761894298274556
drv_0120,665.2475269078454,5543.729390898712,2.4918924770143516,29.833221753421533,0.8270705830070936,7.822341245632124,2,0,
drv_0120,24.0,200.0,7.141575131051799,18.963986614900612,0.8129774712859583,6.600609356188706,2,1,5.781539833058837
drv_0120,24.0,200.0,1.040457840695762,58.7675224321674,0.9395465379922681,4.2813115760557405,2,1,2.6488359573499958
drv_0120,1157.734602080182,9647.788350668183,7.529502837668183,27.548947232323965,0.8178315555021243,6.805425281142131,0,0,
drv_0120,915.2407151984419,7627.0059599870165,4.362042540551517,17.921665806857874,0.8105451205543361,7.928717799735767,1,0,
drv_0120,433.9725603604732,3616.438003003944,1.0487717979928979,2.168309472126747,0.8485332553201907,2.9309205291193723,1,0,
drv_0120,24.0,200.0,9.665386588812762,43.34628542069452,0.8633215521876714,7.491245958933513,1,1,6.113438584029776
drv_0120,824.995032115462,6874.9586009621835,6.89988777624958,103.12628086590549,0.8562075633215132,7.968528168764673,1,0,
drv_0120,27.426737004365602,228.5561417030467,9.519523024021792,1.3883258806479997,0.8046523447109305,4.843100040590922,3,1,5.518185682085777
drv_0120,24.0,200.0,4.723106007892307,30.945796204421804,0.8059852689467417,8.022667208259818,0,1,7.905318580416595
drv_0120,98.46131137482239,820.51092812352,7.797007384346518,38.01961544694952,0.8875095755690763,6.228806472477307,0,1,7.379527993300563
drv_0120,279.02241620444755,2325.1868017037295,2.982972310263763,56.76606842272645,0.8397344721093148,5.6072236731710685,3,1,5.563433560113941
drv_0120,810.2290886701461,6751.909072251218,7.37994844136614,50.5758340912503,0.7860635363283864,2.705299989763457,2,0,
drv_0120,119.50707652840536,995.8923044033781,4.113084933295877,0.6418508718328423,0.8752105222911564,6.373367335337868,2,1,6.547676325061668
drv_0120,763.7383366686583,6364.486138905487,6.261647372560518,105.1851082656642,0.8076190818079276,7.116919673170919,1,0,
drv_0120,1608.716809288979,13405.973410741493,2.7058412426307576,78.02625861575711,0.8702779894443766,5.066611153272049,0,0,
drv_0120,924.2814420096881,7702.3453500807345,8.476936041913719,18.228486471000107,0.9020924141418025,3.9223818423400534,1,0,
drv_0120,64.10863945068583,534.2386620890486,5.369544663926934,29.76830642110264,0.8905369490343242,3.4107537008502127,0,1,4.276871589470258
drv_0120,481.7706128827309,4014.7551073560912,0.15632821453139156,19.835396172341678,0.9516072478090405,9.67535215956239,0,0,
drv_0120,141.4036737974707,1178.3639483122558,7.534738156242977,81.08656060338082,0.7924247765248006,5.66669053526541,2,0,
drv_0120,72.64830691787941,605.4025576489951,5.694515470567451,12.996680087168471,0.8012916736102313,6.747117474295038,3,1,6.047107741908655
drv_0120,531.951362170121,4432.928018084342,7.657456860763202,11.25891986833403,0.8905153124675358,7.197501140966398,2,0,
drv_0121,582.8347441652534,4856.956201377112,1.1870306778522588,26.575586040663044,0.546125642395069,2.0,3,0,
drv_0121,165.45216336798623,1378.768028066552,4.00041637539431,1.5940978266528087,0.6775460632909474,5.0176679297826166,2,0,
drv_0121,425.33893610095,3544.4911341745833,7.17778580341228,40.39627403703104,0.6167617753432983,2.0,5,1,2.833994146246127
drv_0121,24.0,200.0,9.649051167132347,38.60296243920197,0.5618512414324937,4.209343901002214,0,0,
drv_0121,359.05103569124907,2992.0919640937423,8.150500999249171,38.60013392298414,0.6760606633947024,2.626829992107332,0,0,
drv_0121,185.7729045207829,1548.107537673191,8.31080123245943,106.62525896741674,0.725441895959509,2.5678461098972183,0,0,
drv_0121,49.339168618633785,411.1597384886149,7.084824018840825,23.94565673131686,0.6564868294645946,3.566340623972355,3,1,4.143206524090733
drv_0121,130.2692668523993,1085.5772237699944,8.79399589883267,17.855654625130065,0.626790405707301,2.0,2,0,
drv_0121,1417.2381080001594,11810.317566667996,0.8847326273972655,1.459492540130236,0.6326245551290691,5.083907247755247,0,0,
drv_0121,241.8701703169173,2015.5847526409775,9.382931841113692,6.954002990579876,0.6353173843359659,5.284127947642127,1,1,4.929402874616983
drv_0121,231.0252121440436,1925.2101012003634,6.23709922144619,10.79562309720203,0.5566804269053007,3.7758031964693766,0,1,1.9393226055069346
drv_0121,597.2812810563676,4977.344008803063,7.557196907209132,52.34714579791695,0.6538277919545307,2.1915359988616765,1,0,
drv_0121,453.4511647955818,3778.7597066298486,5.550675635378724,16.982330308255527,0.6121800335623928,4.25791160953963,2,0,
drv_0121,112.32458662811784,936.0382219009821,2.068767088211124,11.215863415258744,0.65249849687337,2.0,1,0,
drv_0121,333.70303409202984,2780.8586174335824,0.7453366486627089,93.28366786966261,0.6997479520862295,2.0,0,1,2.8899097650942447
drv_0121,24.0,200.0,1.0865448259981936,14.428342944135434,0.6094435792308658,2.0,0,1,5.396745110188396
drv_0121,24.0,200.0,5.534339482161258,49.50202894319401,0.6729072534512748,2.641850004955455,0,1,1.3195811995201958
drv_0121,201.9629644908581,1683.0247040904842,5.684922657212388,115.20797938175603,0.6556563235331474,2.0378467173882346,0,0,
drv_0121,709.0953566373225,5909.1279719776885,3.32730140158652,2.2763044814732183,0.6574523284471746,2.888867348110307,4,0,
drv_0121,225.1942930654897,1876.6191088790808,7.772460632221476,27.67976152179626,0.6193580695267632,2.0,3,1,1.491687864327686
drv_0121,384.25805196749627,3202.1504330624693,1.9055007424719594,1.3924331997625503,0.604842985281447,2.2732519909305635,1,0,
drv_0121,239.3228314280872,1994.3569285673934,7.25378011078274,9.744923193487613,0.6635134927266364,2.0,0,1,1.2225141034813283
drv_0121,545.4207131683188,4545.172609735991,1.177859447624885,44.051067620103574,0.7059112124161367,6.52035831603573,0,0,
drv_0121,68.98798478296393,574.8998731913662,8.008657920676402,44.60196424862036,0.6287139670228552,3.9375058490398285,2,1,4.732570035289909
drv_0121,221.78004218220377,1848.1670181850316,1.303156597487729,3.945064977806134,0.6516236725711518,3.2727399805925366,1,0,
drv_0121,45.176057908239954,376.46714923533295,3.831989911356829,5.431329123634802,0.6500324629930435,3.651137021092313,0,1,3.1462799547596116
drv_0121,108.99427202831971,908.2856002359977,5.48074285711484,2.3156750609052104,0.637603299835824,2.0,2,0,
drv_0121,266.36105501819696,2219.675458484975,6.042126887136584,50.648771843312545,0.6186148310991824,2.9210152327328647,2,0,
drv_0121,595.4239259713271,4961.866049761059,6.235312979508885,5.7784336100759415,0.6708156313945175,4.559887030042301,2,0,
drv_0121,144.11432632308518,1200.9527193590432,9.142827179654304,5.952600062257684,0.5806584827619201,3.228010860747797,0,1,3.9826310957797344
drv_0121,339.6083486682697,2830.069572235581,3.7169703359010287,14.829333631594743,0.7349522763980257,2.0,1,0,
drv_0121,24.0,200.0,1.5453721884462546,14.402156978112087,0.6256963504667048,4.346722765755055,1,1,6.357994482153353
drv_0121,24.0,200.0,9.320551186381554,74.74921777085132,0.5936645041255225,4.23978785506102,0,0,
drv_0121,861.0628542890115,7175.523785741763,0.3292051581674904,5.672795924442837,0.641643345561364,3.125287533999558,4,0,
drv_0121,73.97805101814207,616.4837584845172,6.212279472922163,19.00918572247958,0.7703975545110356,2.0,1,1,1.203773856553297
drv_0121,509.5519771986916,4246.266476655764,3.962412980387895,0.45266206426110234,0.6552224288513396,2.9781133688834984,1,0,
drv_0121,167.72220555526226,1397.6850462938523,4.2174506908407015,6.0531775544234465,0.6349904502976096,2.92192203348469,1,0,
drv_0121,56.605081599998776,471.7090133333232,9.76314588285389,3.8746576919418723,0.679657318470305,2.0,2,0,
drv_0121,681.0489353644964,5675.407794704137,1.3209030688960988,62.063501931691306,0.6471937287854566,3.2299742278912666,3,0,
drv_0121,58.487254927515124,487.39379106262606,9.242595680985417,12.84659350259346,0.6194228927812904,4.117048703825862,1,0,
drv_0122,26.907415843360468,224.22846536133724,4.100487805169499,6.284678170327047,0.6267190177140279,7.535993987004823,2,0,
drv_0122,205.93531095886792,1716.1275913238994,5.955518681719654,14.132851671634356,0.5697240031648955,9.974756130229467,3,1,10.142700970419096
drv_0122,51.456672540129254,428.80560450107714,9.477322533663669,36.652723541759826,0.5482226338666609,10.51441746531684,0,1,10.623572734924544
drv_0122,24.0,200.0,5.665058007177067,59.66363670433615,0.550112047548891,8.723955604015817,3,1,9.689685434628785
drv_0122,97.22360898785809,810.1967415654841,7.684956927708676,80.78189866997259,0.6175648053804574,11.542225894507169,2,0,
drv_0122,782.711892769032,6522.599106408601,4.121186000187642,79.8236895486972,0.4967384500033786,11.522051407912459,2,0,
drv_0122,694.0053733911795,5783.378111593163,6.058373586250514,12.945866724503553,0.6143851613678505,6.005976692120026,2,0,
drv_0122,24.0,200.0,5.06511266922276,25.34106582789862,0.5141073382006361,9.53624619498059,3,0,
drv_0122,111.11871238330288,925.9892698608573,4.44565656963153,1.8402997741448708,0.47531714461099345,12.179253939072105,2,1,11.874398874160123
drv_0122,193.14695627535875,1609.557968961323,3.2185727464571237,173.48573360237913,0.5750980681756693,10.59207316990452,3,1,11.120862185209822
drv_0122,1204.2489168908487,10035.407640757074,5.06301610196048,6.685892594436022,0.4680571118754981,10.941883006585233,4,0,
drv_0122,273.64662835393625,2280.3885696161356,3.89246734201925,78.93622660535748,0.5768208320213973,9.726726727789648,0,1,9.511409750260691
drv_0122,202.0037388366957,1683.3644903057977,3.6481469158297752,2.6165928825874762,0.5951803992239761,8.833645499212242,1,0,
drv_0122,995.2758343769239,8293.965286474366,6.373972974363711,6.9195876317383105,0.4951877020560021,7.668190756965992,1,0,
drv_0122,237.11905348349893,1975.9921123624913,0.4893497442926442,8.656798620427367,0.6452087640726025,9.762687205374112,2,1,9.71801635433424
drv_0122,226.97171083271223,1891.4309236059355,6.65728516526068,5.55276556861359,0.5922153119869575,10.195464597512828,2,0,
drv_0122,636.0968543127874,5300.807119273229,3.398766627436194,32.00858388867824,0.5733048182163062,14.01231671957709,1,1,14.438633485219105
drv_0122,51.98466531851746,433.20554432097885,3.7812288849828555,34.53704138439493,0.5444828570206384,12.160913857351872,2,0,
drv_0122,24.0,200.0,4.361853899225487,78.34736095396778,0.6647597128809684,9.19605165038697,0,0,
drv_0122,558.9377264680038,4657.814387233366,4.679250756322682,21.642869124625957,0.5365728308904241,7.08961029839657,1,1,7.732172614926619
drv_0122,311.5462832606322,2596.219027171935,9.517869049937461,6.706159826765143,0.5762632032300087,11.713665447153776,2,1,10.710259906836445
drv_0122,27.723697877221213,231.03081564351012,8.736775979282495,54.04312801615133,0.5692487146640052,8.90801679108129,2,0,
drv_0122,320.56372219977465,2671.364351664789,8.561634597791553,2.327422050652988,0.5669985789352032,5.460449762700294,1,1,8.884574130463054
drv_0122,135.8453253860416,1132.0443782170134,3.6591944220774533,32.815493745136614,0.6188885892759857,9.635163548159479,3,0,
drv_0122,604.9952214792636,5041.62684566053,1.3754986846364559,6.319631201990518,0.5250498252242579,10.304524576661763,1,0,
drv_0122,24.0,200.0,0.07835656674831326,29.011623251317932,0.5900604399229913,10.921922870714251,0,1,12.232265295381849
drv_0122,24.0,200.0,6.057293048910282,51.10474050440303,0.5894521995943186,11.923037804823133,0,0,
drv_0122,221.38612330548858,1844.8843608790717,9.439776053514512,78.05795162161317,0.6220297855533603,10.069691846820572,1,1,7.652519147360671
drv_0122,145.96713931623438,1216.3928276352865,2.4525670005793057,148.81551367740985,0.6447562596829872,7.259650742105691,2,1,7.854666115824329
drv_0122,178.41985147707558,1486.8320956422967,2.786140345050667,4.5378696789685,0.5445066614652545,9.265856938291181,0,0,
drv_0122,267.09529960653117,2225.79416338776,8.667625611623901,117.01032834199569,0.5945345615614601,10.651750364490917,1,1,8.84653058844034
drv_0122,167.2733777460621,1393.9448145505175,8.988934001346422,74.87633510672632,0.5654353957245833,11.65153160557429,2,0,
drv_0122,111.07009726273704,925.5841438561421,2.039280250352812,50.41358710079686,0.592251160923187,9.333926371431318,0,1,8.867398180372193
drv_0122,24.0,200.0,0.7652240280384748,42.679721644703584,0.4997441857047277,10.141127727926325,1,1,10.162453046147256
drv_0122,930.0428195755875,7750.356829796563,5.315262616934088,14.526769437062882,0.5461738288795268,10.193129137965428,2,0,
drv_0122,551.75436902324,4597.953075193666,5.695053894447034,46.330901199939504,0.6488682067025847,7.903802826576191,2,0,
drv_0122,222.95427017405277,1857.95225145044,5.105816162586237,5.422367106755536,0.5891723570914923,10.817597242655584,0,0,
drv_0122,134.44449060591418,1120.370755049285,8.675185557781978,56.64393729580442,0.6509354393117884,8.159286239270124,2,1,4.970754877564909
drv_0122,422.48073304385156,3520.67277536543,6.100975289834628,48.89647512470921,0.6535937844254532,11.791537180300843,3,0,
drv_0122,1446.2900126347522,12052.416771956268,5.337226414946929,3.3831445499086725,0.643804322464734,7.755643595044898,2,1,9.49641699346369
drv_0123,688.4033047777098,5736.694206480915,9.629838414948518,68.73081638612261,0.8400048824188926,11.071971353181443,2,0,
drv_0123,375.5521789403724,3129.6014911697703,0.8057753452141048,49.15198760094009,0.8307955081153916,10.442705215667223,2,1,10.864612787097306
drv_0123,507.0662871493272,4225.55239291106,0.9910807128884824,2.391622579148556,0.7489554644658183,7.389762852293862,1,1,6.549880344863764
drv_0123,1125.5664024534287,9379.72002044524,0.9853866097516784,7.689084666069699,0.8007633955467393,12.420382975511384,2,1,12.005408159916525
drv_0123,24.0,200.0,1.5375581603463506,9.296868143297326,0.740859610596908,9.67722751292144,1,0,
drv_0123,113.19898623871455,943.3248853226213,5.627839101448417,23.65361700198722,0.7402346570130403,7.47354808193958,2,1,8.481110535025161
drv_0123,58.49270909378072,487.4392424481727,6.826364912985964,77.75862941229853,0.7336502360523786,7.5513272048969835,1,0,
drv_0123,323.68791629131215,2697.3993024276015,5.7404672129641945,2.033275029309294,0.7833339946221048,8.519458580058867,0,1,5.923976867160496
drv_0123,197.3123814294547,1644.2698452454558,0.35649170848163436,12.654845960339692,0.696982621361623,10.88313557989881,0,1,13.230933090722235
drv_0123,388.3396562571593,3236.163802142994,9.942205905129693,2.186732607505296,0.773740494482987,9.071060217210936,1,1,10.110308963272841
drv_0123,1035.6448297885702,8630.373581571419,8.314920523482778,57.83096440422467,0.7541448944756683,9.313451693329272,2,0,
drv_0123,318.59821526946445,2654.985127245537,9.483257253164142,0.5694424960848997,0.7661946169365875,9.342020164409423,0,1,5.880453029928291
drv_0123,74.3432848620209,619.5273738501742,5.061909971537077,37.85118410318182,0.7547199648488151,11.459459822979074,2,1,8.320242641011905
drv_0123,474.30631404792433,3952.5526170660364,5.443377830821827,28.430442398664102,0.7193019227911798,10.090901994231876,4,1,10.840712586984388
drv_0123,75.37156529112448,628.0963774260374,9.921486596021312,10.589551280938142,0.7525542123818978,12.040666846807893,0,1,14.150230399039746
drv_0123,339.8999384369445,2832.499486974538,3.5225686435160943,62.714434627068115,0.8378613447605765,10.58387000727698,0,1,9.628331180315909
drv_0123,440.73921604885334,3672.8268004071115,3.27421311803144,3.2494459892511687,0.692894788667992,11.900415225557914,2,0,
drv_0123,687.7669209523216,5731.391007936014,0.7784430207655124,5.58440500687395,0.6997476345264477,11.858516376114508,2,0,
drv_0123,898.9405781621515,7491.171484684596,9.083808628728868,9.424392796034887,0.7772016828228997,12.621809534703713,2,0,
drv_0123,24.0,200.0,6.040940598243973,9.673250337639542,0.7522559266947065,6.3484009658485245,2,1,4.692791602415289
drv_0123,232.80469651362978,1940.0391376135817,9.218822175912841,98.42463672236788,0.8138611917523779,6.4125145406375275,1,1,6.237126078128339
drv_0123,380.8086177433636,3173.4051478613633,1.9621937218224794,15.437241820209266,0.6781022719040842,12.160158622494084,0,1,10.52098764128662
drv_0123,33.69461949852989,280.78849582108245,4.951483069426405,20.007683777140645,0.693567262763844,9.057125517964256,2,1,8.900443066009508
drv_0123,399.1810134688494,3326.508445573745,9.866716598253786,23.23102053325439,0.7709234857176609,11.912450283977085,5,1,11.040921463427964
drv_0123,404.2193308594393,3368.494423828661,9.033588239880041,7.7579983692131345,0.7916841497654283,9.67905845295623,2,0,
drv_0123,195.94149147024294,1632.8457622520245,5.41127940870075,0.1974276911905546,0.7533127145024144,8.216217051788613,0,1,9.587898933589505
drv_0123,123.54693641963884,1029.5578034969903,8.630112103481649,9.498207306121593,0.757982145447764,9.112965144502915,2,0,
drv_0123,33.48712467510991,279.0593722925826,9.745968873771515,17.74403022495892,0.7566525563051256,6.229498829293295,1,1,5.56214051459844
drv_0123,720.2740403607235,6002.283669672696,0.34684933085513237,19.252621932609074,0.7640898630041185,7.5721513286704845,1,1,6.399351137750969
drv_0123,193.44514797312678,1612.0428997760566,9.377384471406247,19.44651428634336,0.7782010585029367,10.583769245901001,1,1,11.503923739413858
drv_0123,24.0,200.0,6.783994874028288,2.3352396859391393,0.7824123488105775,11.24933355425355,2,1,9.670131511936372
drv_0123,171.8699905330409,1432.2499211086742,7.860448640881015,4.877916336902857,0.8160623667495818,8.329007271040487,1,0,
drv_0123,58.321234038939394,486.0102836578283,1.9444622980841941,8.55814257144426,0.7772706843710271,11.19364410088593,2,0,
drv_0123,64.373479653626,536.4456637802167,9.354874363318627,24.077267665915723,0.7495201923514954,8.278100943370747,3,1,6.950913118247996
drv_0123,399.49974500409655,3329.164541700805,8.521947829411738,53.494535258942044,0.7438849000688542,8.257527060256946,1,1,8.73187594115638
drv_0123,491.1929930611873,4093.274942176561,8.516125496703976,138.30945218115343,0.7893066459685529,9.808461383814938,1,1,7.600881111253452
drv_0123,101.30459256695185,844.2049380579322,7.402558828395583,19.189057672567667,0.7499462029477328,12.398167082877766,0,1,12.496178500532988
drv_0123,57.76424412882338,481.3687010735282,0.8824631073546563,15.39831238226537,0.779655399570262,8.388693504517523,1,0,
drv_0123,110.93226469338074,924.4355391115063,9.940739431421392,8.72795581511791,0.7799397540160061,9.62885498174167,2,1,10.998555742905136
drv_0123,455.3673671838471,3794.7280598653924,5.6427907758614095,30.487215076063546,0.7246994696173269,13.580375684047885,3,1,12.000149631021804
drv_0124,193.22920889257963,1610.2434074381638,6.703999290630236,16.37644354462781,0.8098244410533061,4.1341539426472735,3,1,7.247022281390515
drv_0124,896.4995229665029,7470.829358054191,0.479820123240039,21.732034133710318,0.8160131378283723,10.684626173914843,0,1,13.277586108534873
drv_0124,208.44949557086994,1737.0791297572496,6.085363167883564,15.340308669470197,0.8520726299031366,6.4483388289117745,2,1,5.244155482952985
drv_0124,93.9545243476128,782.9543695634401,6.780527630937443,90.63891780358051,0.8090337601335088,5.7552602451348935,1,1,5.810457652873071
drv_0124,681.7162145917792,5680.968454931494,5.243711949622501,43.064493476423706,0.9048888873175075,9.594374599944143,1,0,
drv_0124,733.0352123834086,6108.626769861739,8.183614134648836,32.69751940998431,0.8003078835986586,7.211060261443808,0,1,7.425335026010603
drv_0124,144.37083924382162,1203.090327031847,3.8728641947675246,18.886631639780383,0.9114381209122603,7.303208135622739,1,1,9.587223849607405
drv_0124,513.4049516281319,4278.3745969011,3.1601278686255716,63.86279361854306,0.7899514893923141,6.362120537621503,0,1,6.050514189561978
drv_0124,118.00964626143919,983.4137188453266,6.253375586806919,34.090156150828825,0.823586639742535,5.283119518685307,3,1,6.287859376110011
drv_0124,900.0556866099818,7500.464055083182,0.07838723409184012,124.61606980553735,0.885525446933392,6.9945168435135034,2,0,
drv_0124,24.0,200.0,6.970307175213586,11.82609310580952,0.8439125900566506,5.564600415830653,2,1,4.429962756663583
drv_0124,312.1915079841992,2601.595899868327,1.1822241101497455,3.680582911867732,0.8213753811031891,7.113550790163817,1,1,6.771067978345844
drv_0124,102.73774426893627,856.1478689078023,5.82582859990282,9.587722169453535,0.8977856760067533,8.913520315758412,2,1,7.511870305440864
drv_0124,145.38162702234087,1211.5135585195073,0.7898511209034864,17.418244817401007,0.9134568495143145,6.068506597151005,0,1,5.781877087696623
drv_0124,1118.9985421425122,9324.987851187601,6.171685196561796,38.28208844644204,0.8564223412434181,4.066342007606037,2,0,
drv_0124,435.3411236667034,3627.842697222529,2.8861533952476357,20.21249126843092,0.8147086402032232,6.96512814880414,2,0,
drv_0124,302.12787205043514,2517.73226708696,6.424254156998329,15.311362426156718,0.9059096364616297,5.959236310330046,2,0,
drv_0124,588.1980848512281,4901.650707093569,8.211934630088535,43.07676897415047,0.7635929817050535,9.197785260181647,5,0,
drv_0124,94.95671188564533,791.3059323803778,1.0052752930635278,7.125428301900559,0.788662304052663,8.287354717627624,0,1,6.904338114854718
drv_0124,566.9343243794257,4724.452703161881,8.521613800104971,79.77785732108484,0.8888023740844734,2.3269595207109983,3,0,
drv_0124,334.5212732551803,2787.6772771265028,3.3371122016562316,10.431985652474784,0.8566622306753814,5.73122038286359,1,1,6.419108147021584
drv_0124,47.13375516769571,392.7812930641309,2.3902801740897663,18.382699519119974,0.9083120325162043,9.400094338071433,2,1,9.394771910192565
drv_0124,136.32323532423354,1136.0269610352796,4.549457168988385,149.89472850109493,0.8929712951712253,7.931029681723278,1,1,9.000398380839517
drv_0124,221.46375743583388,1845.5313119652826,7.466634837764417,2.2638843819183547,0.7447510481064528,9.948438080917413,1,0,
drv_0124,521.1716147345992,4343.096789454994,1.9678245259807503,11.79292951086107,0.7951562846340511,4.963089684753029,2,0,
drv_0124,529.7803937683317,4414.8366147360975,5.0837446252360605,9.105249097700918,0.8262933504181668,10.349509882404213,1,1,8.799115506035324
drv_0124,322.8526306065244,2690.4385883877035,3.6426499161713233,22.281617815415604,0.8791624556001965,10.716092472714472,3,1,10.801551830583007
drv_0124,38.512460143744946,320.93716786454127,2.648064874724485,3.3014168202672147,0.8497606188724797,6.5579957478206286,2,1,5.0016169744440395
drv_0124,753.6501541453553,6280.417951211294,2.0576025730221037,12.115746484665998,0.7485132407567286,9.136201203186184,4,0,
drv_0124,314.8137816727116,2623.4481806059302,9.73816815301488,101.33855960056725,0.904774194899783,6.136373746269544,2,1,4.596860676482775
drv_0124,785.3185669655153,6544.321391379294,0.7445196937818233,111.17577960681827,0.8261852686087682,7.864168829725711,1,1,12.297689582394408
drv_0124,1067.3224692293916,8894.35391024493,7.526027065579356,4.717015042652978,0.8725230908042919,7.134481737268075,1,1,10.173284152442122
drv_0124,102.38137899596298,853.1781582996915,9.336663877551338,1.2635723451641867,0.8142631913291952,8.623319866017917,0,1,10.424546505237778
drv_0124,554.8548309040857,4623.790257534048,8.622481912958978,0.596003886924128,0.8961624432369514,9.011693286843553,1,1,11.455456608981976
drv_0124,125.65369127209547,1047.114093934129,3.1189672164528193,19.86303829628865,0.8761818157112977,12.483593675157252,0,1,13.112829926949605
drv_0124,444.9454276101981,3707.8785634183178,2.071285600654268,139.96575507673296,0.8321476883566307,6.1599060316864485,0,1,5.200981834147999
drv_0124,400.7601526749423,3339.6679389578526,5.778768782024352,3.028920507737017,0.8502644423691192,5.31714286358255,0,1,4.71014340932397
drv_0124,89.01096585007895,741.758048750658,7.104752150887876,57.908346147895045,0.8413388376740261,5.829221325821377,2,0,
drv_0124,274.84261997448067,2290.355166454006,6.739557714451613,26.514677725558496,0.8461698524946885,8.55696364332144,1,1,9.227329084653883
drv_0124,179.02528849259764,1491.8774041049805,2.825693404899725,8.846725088655148,0.8179962975637397,9.518689720909983,1,1,10.441485085171527
drv_0125,223.08194763025878,1859.0162302521567,2.7759653009345433,35.24302262627187,0.7593539474745684,10.575490036009828,0,1,12.341288594853417
drv_0125,490.65203810364216,4088.7669841970182,4.59876507896155,0.5659509596038642,0.7709550284167671,7.045073792164866,1,1,8.646694044038256
drv_0125,24.0,200.0,0.3306948299061896,268.5616162598873,0.7212340049669043,6.731082659305265,0,0,
drv_0125,32.45199227774559,270.43326898121325,0.8560882936851177,11.113845540214514,0.6434865359893227,4.332498179613893,1,0,
drv_0125,75.2607815967494,627.1731799729117,3.826302822006058,19.66661605125176,0.7371810296246376,6.756198925551764,2,0,
drv_0125,332.4239296115376,2770.19941342948,5.760469751262712,14.409491333021187,0.7239789809791352,6.135752806060495,3,1,7.0761399353925105
drv_0125,66.23606249793873,551.9671874828229,1.5183068095956176,22.068335516982724,0.7434798124113251,4.917290270262835,2,0,
drv_0125,26.56779958795828,221.39832989965234,0.51098222577873,1.080819464857961,0.7080201227863422,4.565527484448858,1,1,2.341215676870668
drv_0125,470.697027555287,3922.475229627392,7.500747201770524,83.36438187962213,0.7655001525811042,6.023782239894935,1,1,7.223444581942772
drv_0125,187.7551574868163,1564.626312390136,0.6517550041944875,22.57117335873649,0.7470723769659338,5.634934286013927,0,1,2.771191979345931
drv_0125,183.52703712195233,1529.3919760162696,2.0583310318078007,23.38133932250811,0.7857325618211042,7.41590303848711,2,1,6.292587646338443
drv_0125,448.4382233621087,3736.9851946842396,9.66685216365571,7.978459202316247,0.7109543127625106,4.662758000322153,3,1,3.8194815415859056
drv_0125,402.67612221167707,3355.6343517639757,9.293038990890203,43.84260668283033,0.6751320611233581,8.463057602867337,4,0,
drv_0125,759.5624234869326,6329.686862391106,6.276599351250796,26.554970654419286,0.7549062730426862,8.712488904690154,2,0,
drv_0125,437.05762033006977,3642.146836083915,0.95976992064853,20.535992581256938,0.6881340415604915,7.284104054825867,3,0,
drv_0125,90.27496977554989,752.2914147962491,1.4033608758397564,0.6880333542876158,0.7854726763481615,8.40921630608712,3,1,9.381586476376114
drv_0125,788.892720587921,6574.106004899342,3.5484714787936458,47.33467570198623,0.7723427320583808,7.133796288653448,0,1,7.417245453886402
drv_0125,1207.0483113772023,10058.735928143353,0.6979225742049644,45.36886830805159,0.689766365169225,4.461284175912197,2,1,4.936591907396237
drv_0125,893.0421189657959,7442.017658048299,1.6867584779655032,11.271152626398754,0.6901024746891552,5.855380854458201,0,1,7.092842517341207
drv_0125,335.002454680842,2791.68712234035,4.189506938197336,67.05297588537796,0.7460645107731787,5.492284859513812,2,1,1.9802670108577773
drv_0125,635.711396757001,5297.594972975009,7.831473377955051,42.94900714365704,0.6983275520307783,6.074308886777762,2,1,9.145328052818783
drv_0125,847.2383936201768,7060.3199468348075,7.37730161333467,13.963084206585725,0.6881482776611936,5.0254514138785895,2,1,6.405815709389723
drv_0125,188.80624963453582,1573.3854136211319,4.360169985332119,47.89815515043979,0.6515663143554519,5.324987585964931,2,0,
drv_0125,894.6045527113166,7455.037939260972,5.941245960145945,38.12832636413976,0.6197053549506051,7.707152732868565,1,1,6.7624702480572125
drv_0125,63.11287218160948,525.9406015134124,5.990607464433744,12.06138028891704,0.7138183036097142,11.41391419614558,1,0,
drv_0125,119.85462048115915,998.7885040096596,0.3258708789409859,26.035359565279595,0.6903758842674037,7.790956579865414,1,0,
drv_0125,139.39931838089123,1161.660986507427,7.984553023690468,3.282179760959584,0.6704370501052684,6.182916800774567,3,0,
drv_0125,640.558549119147,5337.987909326225,9.456673794165706,30.554667408707832,0.7733489761302175,5.981975738444754,1,1,7.454518614701975
drv_0125,33.77940454303428,281.495037858619,7.962844896017555,16.641607847735976,0.6971958624114023,8.163706526734908,2,1,7.794315698367886
drv_0125,24.0,200.0,4.887229516061122,3.0327753385213208,0.6938107581456993,6.205338223231436,1,1,3.483838129504352
drv_0125,1262.6121389078678,10521.767824232233,0.1835738127855513,14.03060421697714,0.682792088140818,4.639441116423145,2,0,
drv_0125,24.0,200.0,2.3254630597641968,10.473290593673362,0.7350056519233308,5.488502023098887,1,1,6.267054362003493
drv_0125,333.6388212197691,2780.323510164743,8.684661654175653,3.812060658765341,0.6928300152952733,8.217737988743641,0,0,
drv_0125,56.62255599612578,471.85463330104824,5.481068527015514,7.075189904308254,0.6670500704639984,8.446865064177764,1,1,9.674676355266111
drv_0125,94.79215411766197,789.9346176471831,9.28696186840079,50.017454663331314,0.6934468834531204,3.1567742112915296,3,0,
drv_0125,370.94749649270574,3091.229137439215,9.803402688044484,5.129614671127948,0.6810838032995847,5.10925489775214,1,0,
drv_0125,340.54099053903934,2837.841587825328,7.27723231071997,41.06814742758264,0.6737020626886916,7.058911476061061,1,1,7.986420335474056
drv_0125,233.45889993329536,1945.4908327774615,3.5991875897729164,45.125300656951886,0.7732478891408255,9.958781090638647,1,1,11.41667329438848
drv_0125,84.3588955726574,702.9907964388118,3.770205945370365,16.516347589527467,0.7551870288040416,3.7752846150830397,2,0,
drv_0125,93.22908643089266,776.9090535907723,4.380177144126064,9.257761617034548,0.7531411153926137,6.499062540643066,4,0,
drv_0126,158.19756728481374,1318.3130607067812,9.249232857581749,5.697607694750989,0.5362830447867648,8.148688285658702,3,0,
drv_0126,787.0036292870346,6558.363577391956,3.6081953513978995,4.158603308594406,0.5909695248001281,8.742175172507581,2,0,
drv_0126,621.1728772343375,5176.4406436194795,7.425406178480358,0.035063881716277175,0.5412753714409321,8.381942096706055,1,0,
drv_0126,620.9200730076365,5174.333941730304,0.03696031350089446,11.711325022830046,0.49799041129117394,5.0034828983836785,1,0,
drv_0126,256.02505270204546,2133.542105850379,3.009248794283512,0.37763711630122665,0.5303222289157141,7.366253348759539,1,0,
drv_0126,27.473755444252447,228.9479620354371,0.2331805467199799,41.97496182342713,0.496616739119339,6.381725088288327,2,0,
drv_0126,608.7095616280465,5072.579680233721,0.8579194605768814,14.2410457909046,0.5290151796716954,5.435414036614968,3,0,
drv_0126,234.66961002536644,1955.5800835447205,5.353723649550678,83.63995738716955,0.49687156000253285,6.392148101447256,0,0,
drv_0126,448.52821525316614,3737.735127109718,4.6356203064268495,43.53262974605798,0.5545982812679923,5.8883369160497585,2,0,
drv_0126,202.12742164332647,1684.3951803610541,7.307056808864689,47.17600289838576,0.4995543141421356,9.514128620428119,0,0,
drv_0126,257.16978230999786,2143.081519249982,4.054827002521513,30.410248601199406,0.5584904709835918,8.188928362037608,2,0,
drv_0126,2316.3555581570113,19302.962984641763,7.787921939875158,5.182159920195984,0.5708161050420332,7.631145546431494,5,0,
drv_0126,24.0,200.0,2.975187082735161,9.029583892803446,0.5658581473342907,8.950388353893036,2,1,9.896908693553796
drv_0126,882.2613723460901,7352.178102884084,8.931610371153294,63.286797932089826,0.4974794513163067,11.222644155597948,4,0,
drv_0126,630.4541991049276,5253.784992541064,3.233583148228626,13.081287909762764,0.48438178048392444,7.859943325516943,1,0,
drv_0126,1119.9991112205544,9333.325926837953,3.283349995890398,27.049730117015184,0.513903025381468,8.888379915422911,3,0,
drv_0126,239.11859167674297,1992.6549306395248,6.918634980626291,44.264425336578036,0.469827625860493,4.009181303629115,1,0,
drv_0126,232.43643327356472,1936.9702772797061,8.607357830882105,5.834446075408069,0.45966112627532385,4.249639146420503,0,0,
drv_0126,97.56021304327152,813.0017753605961,3.100414231682903,39.93515194733662,0.48628599183662874,7.52806385965472,3,0,
drv_0126,44.873570628758664,373.9464219063222,9.919251673413793,25.627359350807744,0.37292949016866794,8.016688225377468,4,0,
drv_0126,769.6370780920754,6413.6423174339625,0.7018490652516107,40.25092792905511,0.5924008495196633,8.298331300660479,2,0,
drv_0126,165.65681419215284,1380.4734516012738,0.9749888301975018,6.622877344811958,0.5194973415705225,7.631222040684045,1,1,8.501475790887804
drv_0126,104.05201136785479,867.1000947321234,7.767768389531833,7.440401758670853,0.46165791233437065,8.38973435393888,0,0,
drv_0126,188.20150294573034,1568.3458578810862,9.186432917782895,28.411559796386054,0.4957562099838963,8.811961997952384,3,0,
drv_0126,277.5748869340278,2313.124057783565,6.43320712818443,31.635112987347757,0.4270713042827824,7.063063621818809,6,1,7.5525841756346
drv_0126,24.0,200.0,3.516733949447537,15.67866918746927,0.6463640448664307,7.977845797314816,1,0,
drv_0126,24.0,200.0,5.7416021259897745,36.07626391658632,0.5687417750599943,6.646303911059892,2,1,5.233852277602687
drv_0126,64.87811818984792,540.6509849153994,2.6132202404911986,15.256207810174454,0.5093461177225189,6.054526115133343,1,0,
drv_0126,565.0894000290687,4709.078333575572,2.8786567841868163,5.959448612739471,0.49653317278289766,9.227660962902133,1,0,
drv_0126,24.0,200.0,4.458372613641892,18.626147592298665,0.4611715370512399,7.319346721298221,0,1,9.30830066469532
drv_0126,297.85553320854325,2482.129443404527,3.4624772970017714,5.955624825397586,0.4730710723043904,7.760579753408772,3,1,7.66018842210852
drv_0126,96.32283212286522,802.6902676905436,9.719491412326995,4.569128293272689,0.49538612837186863,6.691738544692164,0,1,5.12870323501917
drv_0126,93.0927442069859,775.7728683915492,9.291747536609254,17.78205500882291,0.5063734410799017,7.319387575563136,1,1,6.494077976214603
drv_0126,964.1749574928757,8034.791312440631,7.361787488441429,25.437962421646198,0.5097557977146339,8.278147520452809,1,0,
drv_0126,29.70766352952413,247.56386274603443,0.16007378024320285,1.4152530570583346,0.4478563230386999,12.82414555356004,0,0,
drv_0126,47.377075704873796,394.8089642072817,1.4125252559422186,4.059901841995543,0.5068124491417703,6.023894315684746,0,0,
drv_0126,422.4347347799102,3520.2894564992516,7.95433911267393,90.35063592933032,0.4912817903633559,10.018537599241096,1,0,
drv_0126,43.96465904885426,366.37215874045216,7.444307646690019,45.54749171522181,0.49745620149767494,4.584953949546874,1,1,7.758650850923894
drv_0126,171.1499521372025,1426.249601143354,7.7337521593725365,65.8723383352478,0.4776278961688776,8.942193333590286,0,0,
drv_0126,165.91091172741062,1382.5909310617553,9.312659719300292,35.47842153680404,0.5027660761474918,6.244728019604231,0,1,7.069307705428498
drv_0127,898.6071767603061,7488.393139669218,0.5019074014328417,17.122100416063493,0.4934303272160054,6.9639750601061685,2,1,6.778029703590682
drv_0127,529.9063763100413,4415.886469250345,1.0524996955455257,19.19731070491165,0.5060301339252203,4.437779701583615,2,0,
drv_0127,238.30176091714213,1985.8480076428511,0.7274308112210348,11.363751494411703,0.5002061579654913,4.635875891379798,1,1,5.232314877453061
drv_0127,861.2162286892851,7176.801905744043,6.724991146977885,3.2598469513559913,0.5372800891590741,8.53253702718055,0,0,
drv_0127,24.0,200.0,8.43715119810949,62.141775204892646,0.41642839582760727,8.325285658034824,1,0,
drv_0127,633.84989516398,5282.082459699834,7.29307682860466,0.4247658705988863,0.46465230729667995,7.421111165114411,0,0,
drv_0127,195.09483307796972,1625.7902756497479,8.080054998308169,27.541019747417195,0.5029969118067734,5.408680011366855,0,0,
drv_0127,599.9616657587878,4999.6805479898985,1.6176382213894258,5.801543308608629,0.4339212808584293,6.082312588206138,4,0,
drv_0127,337.96669057234027,2816.3890881028356,8.169336119967141,22.176302360217015,0.462724226470997,8.088961724178036,0,1,7.74210660311267
drv_0127,349.9307602092747,2916.089668410623,5.065214061206359,90.26074949508211,0.4280670356254881,6.95903034667343,0,1,5.588821892640925
drv_0127,435.94399561984426,3632.866630165369,6.854712396690841,1.994656329984454,0.4712827789382293,13.266333104702786,3,0,
drv_0127,24.0,200.0,8.463456497226987,26.782519629731972,0.41854512797251553,5.248483938649493,0,1,7.747046309807013
drv_0127,391.5364595171992,3262.8038293099935,6.010516618044235,1.8621953749627096,0.5033782962155896,5.535793561012124,2,1,4.717826994064345
drv_0127,175.5999077745911,1463.332564788259,6.384384613182419,12.669928949589577,0.4780915545937735,6.956850992502941,2,0,
drv_0127,201.44544840982405,1678.7120700818673,2.3451921498132524,0.4580576877489175,0.47798565251087477,5.70866539956081,1,1,5.210303972913089
drv_0127,332.28732620830937,2769.0610517359114,2.992836406425099,43.577225692573045,0.44364097246434797,4.9767807123581225,3,0,
drv_0127,37.1079842596943,309.2332021641192,2.987266203598564,28.81292090524748,0.5266490116292775,8.500597934085262,1,0,
drv_0127,617.3415464612823,5144.512887177353,7.0670760895870375,56.73981501858343,0.5112969389167964,5.912832117254819,1,1,5.772359070781449
drv_0127,73.29073481146828,610.7561234289024,5.154145767947548,12.812566752544276,0.5114287387118917,5.969493558996119,4,1,5.254836009897259
drv_0127,337.30578586671385,2810.8815488892824,2.9638590734082215,89.78432719740869,0.48493592043302886,7.0498290200669045,2,0,
drv_0127,513.7853489267839,4281.544574389865,4.573092047639569,21.733928423747194,0.5018797252581203,3.814946466178967,1,1,3.0058792481548613
drv_0127,619.2300426347591,5160.25035528966,3.5233188478713515,20.715575851278352,0.5282714683861033,5.9992676584776,2,0,
drv_0127,361.395953006544,3011.6329417212,3.2333208102587783,41.161433559923,0.5354479616671822,8.750846937203068,0,1,9.464672661248196
drv_0127,319.0846235017839,2659.0385291815323,2.8513501222116187,3.296560798085895,0.4918793894028481,7.6553198246055265,0,1,5.871866339827561
drv_0127,412.1549731314093,3434.624776095078,8.510931136800437,4.443911281993633,0.45933011581386535,7.85050902432704,0,1,8.096730700894087
drv_0127,63.627566887067196,530.2297240588933,9.351901480372641,128.9197327243693,0.5136921630134229,7.854221658672338,3,0,
drv_0127,81.19758253249785,676.6465211041487,0.3474413702710555,8.55029344656717,0.47265025233529673,7.172553365237886,1,1,6.380988056973584
drv_0127,297.5933804899432,2479.9448374161934,9.056395943065487,0.15683577624985479,0.4316509746228772,6.25722371998687,1,0,
drv_0127,722.7799636965578,6023.166364137983,9.417920950571267,21.69437644201012,0.47503156174435385,3.624581066554153,1,1,2.4897762023891445
drv_0127,279.77363676311614,2331.446973025968,7.7359681026427936,54.207062495458956,0.5165259910036865,6.525692420427246,1,1,4.7594223870500905
drv_0127,1230.8772180765761,10257.310150638135,0.5649144719653176,60.98522427535091,0.5207350548286178,9.231409155980453,2,0,
drv_0127,24.0,200.0,4.082779324022861,12.146129486997758,0.48905175218825264,7.521781308961759,0,1,5.775217705826727
drv_0127,37.62548010586736,313.5456675488947,2.486894973719951,10.472284332571713,0.4790014996363071,8.82660086305946,2,1,6.279709745876113
drv_0127,407.8519616401015,3398.766347000846,2.4025165337334675,33.14743970407648,0.4685478720866198,4.403620840696064,2,1,3.109578571058412
drv_0127,373.6478168912529,3113.7318074271075,2.9849838335041645,2.0738376838335846,0.4320955859163349,8.13919421544397,1,0,
drv_0127,371.3040240297471,3094.2002002478926,6.633521844384368,16.390392659650836,0.46887032984197197,4.646323820407789,2,0,
drv_0127,109.8039551113716,915.03295926143,2.7709583550177053,80.41831267989642,0.5477769453086114,6.2233391423296265,2,0,
drv_0127,74.79298249136664,623.2748540947221,6.871079787849318,32.76729967132704,0.5626385812465113,6.861441284657102,2,0,
drv_0127,209.86423648660391,1748.868637388366,3.9749997506474632,6.52162409740285,0.5343406980381301,8.533088171534741,2,0,
drv_0127,128.7121533588519,1072.6012779904327,9.321003288138055,18.779928649233966,0.4919474751670256,6.303950515391928,2,0,
drv_0128,837.8704450164365,6982.253708470304,2.0625917628039536,17.72751360871524,0.8063046579068575,7.6724038728678075,1,1,10.529354923044568
drv_0128,520.3177983262722,4335.981652718935,8.472027744856554,68.52963199206229,0.8451057547055536,5.558326377801205,2,1,3.417967141133834
drv_0128,133.68874201765644,1114.0728501471372,4.329532967110357,38.57757962545138,0.7989234136972894,5.0834897465732025,1,1,2.898113059149291
drv_0128,504.95293343611496,4207.941111967625,9.102026375426345,28.327710172498236,0.7893080328307647,7.483208984677802,1,1,7.974485190548745
drv_0128,2019.8450117074556,16832.041764228798,7.752845629433482,13.67349442593667,0.7973610610106759,7.551235813669268,2,1,8.505039480356569
drv_0128,285.9356806945435,2382.7973391211963,7.575203704567448,43.30046859910944,0.8739570390909696,6.647888562624426,4,0,
drv_0128,113.75591214430952,947.9659345359128,8.503154508740208,7.755103712885024,0.7783721853742888,10.064262163403232,1,1,8.09223322951733
drv_0128,230.85995279825366,1923.8329399854472,9.391806597556297,43.670370623426685,0.7340527072594701,9.000923929859994,3,0,
drv_0128,198.0957157663552,1650.7976313862935,1.6246005117435147,57.669279136283684,0.7963073371545588,5.94644585824459,2,1,4.911361554786071
drv_0128,81.1650544461077,676.3754537175643,0.49009803252883066,69.60361432755847,0.7478868265816422,7.099767514371792,2,1,6.019868478809441
drv_0128,107.39105403939358,894.9254503282799,2.859295347343126,0.5207018303310136,0.8075837581548299,6.239810576453983,1,0,
drv_0128,305.2131531958702,2543.442943298918,0.5291723169937779,46.32877991690363,0.7331568714406073,7.668198129899032,1,1,6.890324311664693
drv_0128,52.64863795040866,438.7386495867389,0.25464755590362986,74.62638682754351,0.7182127501103468,8.588707770604028,1,1,8.559810525788984
drv_0128,1084.354391330804,9036.286594423367,1.2318510130990767,69.32191832718725,0.7651575154372069,5.355713688688515,1,0,
drv_0128,552.1564186325008,4601.303488604174,7.482571501224334,27.532341998751175,0.7803156798542825,5.7557594980091915,0,1,6.890689321312488
drv_0128,402.8854042549375,3357.378368791146,2.467924588620336,5.9667609787047295,0.6381057666028761,3.9534090006897147,3,1,2.1446757549408764
drv_0128,1382.2370225047916,11518.641854206599,7.729653264883525,1.33956039575864,0.7732545689688013,5.715563743443779,3,1,6.980760920574481
drv_0128,632.5297515863813,5271.081263219844,6.415228211292896,2.8069911959384615,0.669864407891495,4.901533048547795,3,1,4.905050445507614
drv_0128,115.99825687650312,966.652140637526,4.941068539780439,10.39569857004375,0.784551381094001,9.81541199343748,1,1,10.906856954858796
drv_0128,848.2435570285892,7068.696308571577,2.99879295716164,27.285759635953426,0.7642513606319814,4.98728255961977,3,1,5.707432591296814
drv_0128,129.6607244352891,1080.5060369607424,2.733049278582026,10.325902256305323,0.6787931200343612,4.747375391359922,2,1,3.0623777224869535
drv_0128,265.711858904901,2214.265490874175,4.399626676978413,41.37896160025561,0.7089946746695105,7.149802929905713,1,1,9.416341240812745
drv_0128,77.58518383543846,646.5431986286538,7.213073523641807,0.2833085518481715,0.7248194745425667,9.552443168910125,1,1,7.981893160196292
drv_0128,319.002249822506,2658.3520818542165,9.045136855765787,10.488948398693461,0.8164663265563288,2.0,1,1,1.0
drv_0128,295.95395187685517,2466.2829323071264,0.8523200351550919,4.9757829015830985,0.7835357487661094,7.145593244354693,0,0,
drv_0128,141.62861035810553,1180.2384196508795,2.1213143882495644,7.798074187620275,0.832796679499414,6.289978344960844,0,1,7.255117753384652
drv_0128,478.70045264591744,3989.170438715979,3.738815182228673,14.230897765727297,0.7125342976077189,7.09935859271899,0,1,7.922872134789451
drv_0128,88.84725522619415,740.3937935516179,2.1238484833311997,51.55522664832037,0.7645479766743207,4.660010158256855,1,1,4.727267001159741
drv_0128,1357.0262470413015,11308.552058677513,9.049759534505085,16.815308053261326,0.8127582222222197,5.316084032964464,3,0,
drv_0128,474.18635554257924,3951.5529628548275,9.297204893943205,40.399170314761506,0.7639016804792709,6.383713170768368,0,0,
drv_0128,706.6608818342423,5888.84068195202,5.753531853775218,25.269825213578986,0.7471023029002712,8.38261680011044,3,0,
drv_0128,166.56561615159555,1388.0468012632964,0.03729685711709507,26.06653899449578,0.695279148253101,3.7745261872331155,2,1,6.984135170122451
drv_0128,283.2180467940323,2360.1503899502695,3.163390748215752,10.65782777174353,0.7679995734844195,10.842651415207731,2,1,12.439909873728618
drv_0128,553.2517662942996,4610.431385785831,5.813162134635121,3.821236814178639,0.73667025815515,5.6642771698342615,1,1,3.2145450809508853
drv_0128,748.5799325572254,6238.166104643546,5.660155364009572,14.762850684730255,0.7872533236526963,4.344175110428923,2,1,4.820630447184531
drv_0128,24.0,200.0,4.421699041278716,25.32335778735032,0.7791460405578785,6.746773416613633,1,0,
drv_0128,202.4998522252101,1687.4987685434176,7.059549789935175,38.44493840452781,0.8322747014135282,4.763515140352688,2,0,
drv_0128,61.684479866186905,514.0373322182243,1.890637116518128,1.768401235101156,0.7233160533486076,5.749354375235283,0,1,4.786691118761267
drv_0128,489.15985786129625,4076.3321488441356,8.824622887109012,15.81994674311353,0.771927169234372,7.884567235768145,1,1,11.323720382608178
drv_0128,118.59541988906587,988.2951657422157,1.2101754341625182,4.56345908082265,0.8337889617286516,9.901055100773794,0,1,9.283361924506455
drv_0129,887.5497148136265,7396.247623446888,2.8759065295808863,57.67341895643886,0.8512287587603493,2.6396457704759806,4,1,2.1711903097899206
drv_0129,147.90973657857134,1232.5811381547612,0.03225816291006933,15.19485080999692,0.9139326465865782,2.0,0,0,
drv_0129,1214.3778230346159,10119.815191955133,4.377641739527208,16.793086113492567,0.8983979129998589,2.0,1,1,3.7671370281622445
drv_0129,63.20382230935881,526.6985192446568,9.359548874744029,22.12405903651157,0.7995088360645738,2.0,0,1,2.338960768458586
drv_0129,2356.909091813275,19640.90909844396,1.5003492390789885,66.39936087226349,0.8244475638921539,2.0,0,1,4.10335815294871
drv_0129,474.3362674700664,3952.8022289172204,9.220445985621563,17.298725966848686,0.7733498445002036,2.0,3,1,1.0
drv_0129,59.7268421985751,497.72368498812585,2.707502816986196,72.87917508522247,0.8606557792858688,2.0,1,0,
drv_0129,1079.002852010579,8991.690433421492,2.049162137050622,24.50594523525281,0.8900530327195595,2.0,1,1,1.0
drv_0129,108.03173276257711,900.2644396881426,6.820107563789927,12.803985049904611,0.8277698302085421,2.5463027318641585,2,1,4.734923021739473
drv_0129,376.7070681897824,3139.225568248187,7.824489205833556,0.36895276096371893,0.7898750158267636,2.0,0,1,4.275698697214546
drv_0129,374.3028913767908,3119.1907614732568,1.5496838991829698,12.53122732963715,0.8114968892160034,3.64417023504801,1,1,5.8591158260773675
drv_0129,570.9736184821699,4758.113487351416,6.167314132876652,15.316996735328965,0.8168677288392925,3.1073776216542006,1,0,
drv_0129,1508.056750175986,12567.139584799885,8.918686489278064,10.605469178183478,0.8852414059432075,2.504233497830532,2,1,2.2907738516707994
drv_0129,392.1275778693593,3267.7298155779945,0.6651164652176067,4.457766736965434,0.9014579701221124,2.0,1,1,1.0
drv_0129,304.77575991353507,2539.797999279459,3.440038336070199,38.338307022180715,0.8194608931293091,3.0288887184511877,0,1,3.29072084640369
drv_0129,100.53808167451021,837.8173472875851,8.10398735918412,56.66577769691793,0.8701600426842021,4.241825986373734,2,0,
drv_0129,140.54935593771125,1171.2446328142605,9.226606247831455,11.055091225899826,0.8685185372893891,3.2078783436486997,0,0,
drv_0129,418.8116020788681,3490.0966839905677,4.846565439356696,39.288803309328436,0.8536935562077246,2.0673423425946686,1,0,
drv_0129,1025.4308438813139,8545.257032344283,6.728225965126832,1.1113629935249605,0.8535541943768321,2.0,1,0,
drv_0129,79.03763146367345,658.6469288639455,7.84189243542713,73.41259021815905,0.8716021879496626,2.0942003520288655,2,0,
drv_0129,238.1408132003215,1984.506776669346,0.2125660761201098,29.641547714105883,0.8304472855641595,2.0128364108892,0,1,4.735515252802059
drv_0129,67.4453738836445,562.0447823637043,1.924917285310741,36.02265529637968,0.8609786848583618,2.582386143028442,2,1,1.4274987993076322
drv_0129,356.39772294576244,2969.9810245480207,4.466090575618552,83.21572880731372,0.9744583914444525,2.0,1,1,1.0
drv_0129,440.59789483896463,3671.6491236580387,9.720795644799649,7.592659546248128,0.703118481676441,2.7895365690681846,1,1,2.5031475041718356
drv_0129,65.1010070871747,542.5083923931224,0.2857058539298518,2.5849817142123785,0.8580985647881743,4.812954662870263,3,0,
drv_0129,69.55384268426779,579.6153557022317,4.736755021761036,58.14008176578741,0.7947501612638339,6.1859902025090205,3,0,
drv_0129,229.30771728270557,1910.8976440225465,2.7693540062790243,6.351602596846374,0.8135243287064715,2.0,1,0,
drv_0129,456.93411092592254,3807.7842577160213,2.5770356638085734,5.688244995502939,0.9217290366714472,2.0,1,1,1.0155533415042384
drv_0129,660.182184771157,5501.518206426309,5.920827057762935,15.469984066064042,0.739651063287198,2.0,0,0,
drv_0129,625.872775526323,5215.606462719359,1.5417634140606762,27.009506500762818,0.9411189716956401,4.780736186707683,1,1,6.206809973479128
drv_0129,357.30332645698996,2977.5277204749164,2.74857626695849,34.02321484498966,0.8981167694440866,2.0,1,1,1.0
drv_0129,268.53503439016663,2237.791953251389,7.590927801035605,43.35133201015785,0.8068492335294404,2.1080350296797943,3,1,1.0
drv_0129,24.0,200.0,2.557605079393798,5.772785785134766,0.7573927183706426,2.0,1,1,2.6670562726698916
drv_0129,259.5009065279126,2162.507554399272,8.769939312630225,94.33681483459112,0.7796621979800886,2.0,2,1,1.9731861524895107
drv_0129,510.29716546233027,4252.4763788527525,6.09815872399327,9.76659324951496,0.8485396419487654,5.797467944990715,0,0,
drv_0129,520.0857535524689,4334.047946270574,3.7333488204354257,84.10356134520993,0.8587211234341369,3.065151105870658,0,1,2.840787216997803
drv_0129,65.8688673368831,548.9072278073592,3.9976801018570174,17.74334734656901,0.7677219094476736,2.1199651942029694,2,1,1.0
drv_0129,669.1800765889993,5576.500638241661,8.25915816830605,10.080540678015966,0.8667847205923811,2.5666711266491413,2,1,2.9646499468089864
drv_0129,560.5338698716687,4671.115582263906,1.0246694756619668,3.5298138827736154,0.8769313800345984,2.0,3,1,3.0031987584839226
drv_0129,249.54802631041838,2079.5668859201533,4.891827794661992,3.6761370866605656,0.8938318045139624,3.635516689556156,0,1,3.29578109163184
drv_0130,246.15089483429992,2051.2574569524995,7.282768450815578,0.9673043151823162,0.7999942713942089,11.187032660498998,0,0,
drv_0130,24.0,200.0,6.043734664021704,40.221949491978805,0.8451058383179125,7.205964605777543,3,1,6.748523579927615
drv_0130,117.79645985603716,981.6371654669764,9.773090199694519,25.045375426307245,0.8912689646883658,9.400334268639092,1,1,10.414919871265004
drv_0130,230.49234105817627,1920.7695088181356,2.772288616378048,68.93212086867854,0.7541233904695298,9.985004288306103,3,1,12.21080700753397
drv_0130,571.4601471492066,4762.167892910055,9.613863632841657,20.461588634592243,0.9009736460380331,16.13829603234729,0,1,15.746275949916607
drv_0130,170.0268043920233,1416.8900366001944,9.471423215880193,45.852022770898856,0.8727301995627726,10.26337557712958,1,1,10.700289382259454
drv_0130,361.96312975204984,3016.3594146004157,7.61128137254171,22.501947505615654,0.7610237728015192,9.109489968794412,1,1,5.415625838324564
drv_0130,132.26379719140706,1102.1983099283923,8.894697886193592,44.45516044125087,0.7910192011851491,13.837690686752751,4,1,15.726993995213743
drv_0130,181.45270342815803,1512.105861901317,1.0034463431287266,27.511514661208942,0.7806560674307161,6.98806158266993,2,0,
drv_0130,585.1664133318274,4876.3867777652285,7.532736653528106,0.44713710680907026,0.9289502491681404,10.37587651328113,0,0,
drv_0130,87.97433801247196,733.1194834372664,9.683326515099589,61.24727056580167,0.8467310708180883,12.086458916012674,1,1,12.729955102265011
drv_0130,703.6010749385755,5863.342291154796,9.575600897532937,23.217600570235444,0.8531021028520563,8.862075656348814,2,1,9.914773784949817
drv_0130,49.8351102554744,415.2925854622867,3.1730391408652214,91.43612429838952,0.8449668690399254,8.22800087952919,0,0,
drv_0130,172.25345738279236,1435.4454781899365,9.944734790552806,1.803350916009803,0.9101361864300078,8.982041764361037,2,1,8.600658101966967
drv_0130,514.8919459183548,4290.76621598629,2.9381745232503667,0.597563171690386,0.9651543771775627,9.138513444522864,3,0,
drv_0130,450.4917068675671,3754.0975572297257,1.5480773870113795,20.770292551111243,0.9003198153359419,11.475702305735574,3,1,12.50903078119192
drv_0130,968.1608535529576,8068.0071129413145,7.787850796581503,2.5395004941565107,0.821851816273715,11.934419665233072,2,0,
drv_0130,756.9743197191814,6308.119330993179,5.561009854204743,2.6577996768345145,0.8651387066498116,10.118936264088678,0,0,
drv_0130,555.3532340729156,4627.943617274297,8.572914101668927,40.904539133280785,0.8129193933034888,10.281027559115945,3,1,10.636194424757964
drv_0130,177.9386783740802,1482.8223197840018,4.119368342279212,8.88848302348408,0.7954835932518954,8.366022133630642,0,1,7.00963900098664
drv_0130,312.98888127838563,2608.2406773198804,6.888281206765362,23.715443361188836,0.8605883351535514,7.6977822359264945,3,1,5.9287924182759495
drv_0130,1188.9002705887792,9907.502254906494,4.836646454846397,54.655405340999685,0.8633878369284027,7.048851462560722,1,0,
drv_0130,517.1321380336426,4309.434483613689,7.512162654320402,30.765869723884535,0.8776240149015863,9.995889023054307,1,1,12.42192319123779
drv_0130,570.8408076779992,4757.006730649994,6.097406936241979,3.1599302693767677,0.8436151884992664,10.70177945240279,0,1,8.262328574093026
drv_0130,485.4745642116998,4045.6213684308323,7.977677508089033,27.523529037221593,0.8657017839046427,10.168288651152203,1,1,9.174348828729986
drv_0130,137.78975582210094,1148.2479651841745,1.3608271085836021,122.36932111833175,0.8418470479823055,11.808585998525075,4,1,11.929912785099871
drv_0130,143.00500319779258,1191.7083599816049,0.698787173782327,11.620171825560908,0.8344907320291609,11.254627772164422,0,1,10.180564361822526
drv_0130,270.3739125607078,2253.115938005899,5.851112279197695,27.117044986627846,0.8623958968195204,6.535987431572188,0,1,4.524227454555497
drv_0130,1167.7897546378124,9731.581288648436,8.657900085858603,62.06430655661424,0.8503651180891236,8.854968645376704,0,1,6.389446857763486
drv_0130,37.48556416447205,312.37970137060046,2.3256335319582533,6.320398716374433,0.7601784991354563,7.352262283111854,1,1,6.867790586438572
drv_0130,194.24877098485328,1618.7397582071108,7.664042080136063,26.23521527190702,0.8500499822884888,14.446782038670282,4,0,
drv_0130,24.77150546666891,206.42921222224092,8.797572731244456,83.10702506816308,0.8317039735162164,13.564261856313127,2,1,13.997026284051861
drv_0130,135.88549828598684,1132.3791523832238,0.5694128954421662,21.494952894488772,0.8513053383355014,10.360583093848069,3,1,10.566327829631431
drv_0130,1113.822053415584,9281.850445129867,3.3538023865559516,2.6141701909327866,0.8546108391557891,11.470164799235782,3,0,
drv_0130,53.569437993840836,446.411983282007,9.567972298508888,6.6132635129873,0.8406134235171081,10.472894431257801,3,1,11.310854663394739
drv_0130,50.71960147110557,422.6633455925464,9.22669761764506,12.748961468585907,0.8099428463189857,9.841322935550872,2,1,8.18267747229793
drv_0130,119.48386182271523,995.6988485226269,8.0370975419925,10.06184193673668,0.8306439715815594,12.20290667520061,3,1,10.719257286523877
drv_0130,130.197880019023,1084.9823334918583,0.9871869230856467,5.582142126990486,0.8661436533033136,11.32357045684151,1,0,
drv_0130,141.3542281299575,1177.9519010829792,7.7791971563969495,43.15355077238977,0.7700942032446363,7.774523966638675,3,1,9.446580601444698
drv_0130,329.64076438388156,2747.00636986568,9.71940599327702,18.28026320682766,0.8411291452049315,11.158985139721882,1,0,
drv_0131,340.4247508714558,2836.8729239287986,4.884888503970155,23.98444789821668,0.644112600361383,4.647715610953797,2,1,5.2885733711962
drv_0131,1217.3339790591133,10144.449825492611,3.4794483191610803,26.241958912769917,0.5894486916004186,5.069460521102643,1,0,
drv_0131,697.5903685034178,5813.253070861816,1.2382450416658775,37.57660996866953,0.5557551801386361,2.0,0,0,
drv_0131,733.1858339649921,6109.881949708268,1.0340061141975854,49.0623888445315,0.5959513215225215,5.994411029448565,3,0,
drv_0131,172.6352065315593,1438.6267210963276,9.123080649120181,17.207613554445402,0.6197825794377493,2.0,2,0,
drv_0131,92.68939693821126,772.4116411517606,1.7493653414965071,19.461472474294983,0.6112980463545327,3.295805770085452,2,0,
drv_0131,83.45585607705382,695.465467308782,2.6619041371700702,0.7679947351330704,0.6337069304174487,3.213600303847166,2,0,
drv_0131,175.80298492684642,1465.024874390387,7.152953197054954,40.14739937265516,0.5233227008633954,5.278029729912003,1,0,
drv_0131,24.0,200.0,6.238960318709406,116.48154049854325,0.6085612230007472,4.9018154313569005,1,0,
drv_0131,37.54320925351888,312.8600771126574,7.948451426972774,9.258974927735029,0.6305951238729559,7.01716640193035,1,0,
drv_0131,950.7713412319802,7923.094510266502,8.995611286285072,35.93639194483113,0.6294014521602231,2.0,2,0,
drv_0131,205.04593563951477,1708.7161303292899,9.735820561010353,21.42610465926368,0.5560587753209902,4.199271095517771,1,1,2.9556892469683858
drv_0131,641.1495960401373,5342.913300334478,7.953626515958589,17.180320992824356,0.5649003529846579,2.0,1,0,
drv_0131,648.8245481026788,5406.8712341889905,1.871894285056751,1.0111428178186384,0.6005036784390096,2.583461170034873,3,0,
drv_0131,347.3220204095565,2894.350170079638,2.808073791473402,75.385006958209,0.6276026829895841,4.077280363880097,0,1,4.808384972358846
drv_0131,491.79178134023664,4098.264844501972,6.686892734409364,6.784230784018234,0.6212714279987781,2.0,1,1,4.511245930619458
drv_0131,875.5918964936665,7296.599137447221,9.247630006198802,3.3779029600419452,0.6427250625849003,5.340891368894469,1,0,
drv_0131,844.6305451886516,7038.587876572097,6.996373823408653,2.5177396152578995,0.5685990989070179,3.726247902269587,1,0,
drv_0131,62.28152183543512,519.0126819619594,1.677269375936018,1.337164426635107,0.6040237121146307,2.0,4,1,2.4450310043179124
drv_0131,273.02606138140396,2275.2171781783663,0.3339830282729561,3.5699169282158447,0.5494643629295741,4.019064255642899,2,1,3.507294911191845
drv_0131,169.37514120373675,1411.4595100311396,5.950604539591748,2.760863883931229,0.6480354742923975,4.854656830131338,1,0,
drv_0131,24.0,200.0,0.4474461739754154,23.97628219357709,0.6886811442904326,2.243853672763615,0,1,4.90849822344551
drv_0131,51.35446156411565,427.9538463676305,4.644868818738395,1.1966109338646167,0.573510917524238,3.0196848540744825,0,1,5.29685073090447
drv_0131,612.5020884131069,5104.184070109224,4.095813394915152,14.448391120531149,0.6354855302609568,6.666507975293372,1,0,
drv_0131,92.01955188612226,766.8295990510188,4.6662447021346845,0.45823517828700255,0.6957634135826728,3.198835595341876,2,0,
drv_0131,41.61698126136485,346.8081771780404,1.4952297368718614,18.829651854383204,0.5997427816942783,4.372814540948953,1,0,
drv_0131,24.0,200.0,2.0573702572747554,26.45385223804887,0.6099406490740482,2.0,1,1,2.7686411568696645
drv_0131,297.16994954480714,2476.416246206726,1.854993283808103,10.728161865721185,0.569932435391207,3.262121441813806,0,1,3.1701408155940065
drv_0131,547.5803516713295,4563.16959726108,3.825976269378293,17.47888523089214,0.5736182566601024,2.0,1,1,1.0
drv_0131,168.25915913429543,1402.159659452462,5.798166911117333,17.156153829228035,0.6976820366656286,4.083110980449548,3,0,
drv_0131,1073.7363986888552,8947.803322407128,6.481023389993731,29.759115723557066,0.6664107252357664,2.0,0,0,
drv_0131,587.8545968211478,4898.788306842898,8.68415188676693,26.45466793867005,0.6407856381441478,4.418360461190841,0,0,
drv_0131,88.968859002064,741.4071583505333,2.6683109099420275,10.812627608760206,0.5499202371315678,2.978090699348427,2,1,4.998806036452223
drv_0131,453.45634943203817,3778.8029119336516,2.632688167553374,51.961260658704866,0.6809063144298746,7.888708846667748,4,0,
drv_0131,24.0,200.0,2.4015120678797497,44.50094747778591,0.5903665707501614,4.013579789011911,2,1,4.525587501763552
drv_0131,284.0605802328789,2367.171501940658,9.221159415870673,7.7297665185633155,0.6495528038612476,5.804482287561214,2,0,
drv_0131,24.0,200.0,8.039860069579532,68.71835910876186,0.5676104295794396,4.0050473964076385,1,1,6.828505057005296
drv_0131,594.0701899675776,4950.58491639648,1.8561304467991946,0.39493074131208383,0.533788292232942,4.393222097613035,2,0,
drv_0131,177.73054683097308,1481.0878902581092,4.242208769063803,1.2604338309489767,0.5668980614744712,2.0,2,1,3.989045990074982
drv_0131,511.16188253290227,4259.682354440853,9.469855614261025,46.37949250954962,0.5713967200438914,2.0,1,1,3.076896803306906
drv_0132,1180.4522694644306,9837.102245536922,3.107055016568122,4.591359355085758,0.4958832125339595,7.45774881638571,1,0,
drv_0132,433.1248954106945,3609.3741284224543,2.323026559377328,1.4686911656167887,0.5659264467041407,10.584765814711666,0,1,11.671884793895309
drv_0132,123.33794611829838,1027.8162176524866,4.254279001352691,38.60235496221143,0.561449124704678,6.84267054779556,4,1,8.505606341896602
drv_0132,99.70315942465797,830.8596618721498,7.508554599226336,10.605649724166971,0.6418026143313327,5.862442600053551,3,0,
drv_0132,379.895612088005,3165.796767400042,3.7935944415450216,6.731787590017227,0.6713454915642553,10.802791211174913,1,1,10.10964538456295
drv_0132,24.0,200.0,7.063314901929175,107.54463008795315,0.5360858761824934,6.455379500684245,1,1,3.941064145287597
drv_0132,24.0,200.0,0.34670480797808656,39.000911625797116,0.5112060866416775,6.861404904830806,2,1,6.68538235839657
drv_0132,431.71744009677417,3597.645334139785,6.3970702990341755,22.76294447545484,0.5067460646853975,6.966139828022431,3,1,9.907802383309772
drv_0132,258.5658628263732,2154.71552355311,8.314995797282496,15.4610801548876,0.5620825196938433,6.802589126099667,1,1,6.470306549403853
drv_0132,328.37539201425943,2736.4616001188288,1.5818428822591435,42.719115785367464,0.6355814600034929,5.089699385420641,0,1,3.5582029931012142
drv_0132,183.48515568458993,1529.0429640382495,5.583186064830779,0.2629099639568293,0.5948186895830991,7.9553227307785646,1,1,9.066877854341238
drv_0132,1086.6236254144944,9055.19687845412,0.14860130317157605,14.182207273128485,0.5884302845354654,6.434265172716992,1,1,5.927286269567495
drv_0132,1221.4139552736185,10178.449627280155,9.241234176818637,39.701363906198196,0.5478369715538364,4.2460639911958795,3,0,
drv_0132,447.48051057918843,3729.0042548265706,3.250670957157004,54.207096940165684,0.6208800614764703,3.990583930992241,1,0,
drv_0132,24.0,200.0,4.646457523040466,27.643098268505124,0.5909058478838142,6.148035363083898,4,0,
drv_0132,45.68491436222543,380.7076196852119,8.416730175435521,2.551493866739787,0.6745295142622065,6.7579331970786685,0,1,7.942380089151943
drv_0132,77.08773313168635,642.3977760973863,1.3713036108101273,22.871237369875978,0.6172957093617158,7.317364773353989,2,0,
drv_0132,500.17176047762746,4168.098003980229,6.084878682578301,7.229204106491239,0.5476574593122147,8.936754396542073,1,0,
drv_0132,410.3004542333698,3419.1704519447485,1.7494927629854418,9.130372531204321,0.5203032710263059,5.756715828286827,1,0,
drv_0132,479.6014989806618,3996.679158172182,6.476650688341248,3.357327363386383,0.6102343428490026,9.566830693104286,5,0,
drv_0132,915.182051145197,7626.517092876642,3.239855211829777,12.828733963387409,0.6407432753168055,5.876481419588067,3,0,
drv_0132,315.00584022595854,2625.048668549655,5.2097669435536,63.09442424222483,0.57611078677554,9.331824082980189,1,1,14.147559237641078
drv_0132,24.0,200.0,2.132486760448369,1.829851389650326,0.5013251370889902,9.657509109645765,1,1,9.052342344477731
drv_0132,404.0497502132822,3367.081251777352,3.6550546048339494,14.003304669551406,0.6155463620184403,5.972814876206173,4,1,6.654600890256128
drv_0132,724.0656701642213,6033.880584701845,6.497939943825486,15.569609074138679,0.49660718545232635,7.522657972340878,0,0,
drv_0132,278.9527868589298,2324.6065571577487,6.173619799767894,110.5925592559559,0.6376289697414037,8.518690833388096,0,0,
drv_0132,53.94237693531419,449.519807794285,9.809071185288738,3.364110258347165,0.5200578167943579,8.74805619315354,1,1,6.616131865392715
drv_0132,934.084292571031,7784.03577142526,8.742498441428422,18.55316686386983,0.49680285490296827,8.366413588353522,1,0,
drv_0132,1424.498371010713,11870.819758422609,9.338197652453538,82.23291077251965,0.562417988724,7.902303199102116,0,1,7.541612919585108
drv_0132,355.7103415417683,2964.2528461814027,1.96593412939701,22.30778652737069,0.6195834817595156,6.3492970977550645,0,0,
drv_0132,85.46725810963115,712.2271509135929,5.274997325571834,20.27699617490462,0.6112213882831854,6.925232557669036,2,1,7.094665178237506
drv_0132,158.5530276221942,1321.2752301849519,3.4672851567989293,29.38507422603451,0.5763948630435171,7.695380263020428,0,1,7.37350528261067
drv_0132,24.0,200.0,9.545169940555715,1.5295899226763714,0.5849778623916636,6.587179929086394,1,1,6.172802110234153
drv_0132,910.1161865103558,7584.301554252966,2.6983412290766706,36.24742049228603,0.5115674847951878,5.474994936046963,1,1,4.684030331706646
drv_0132,300.3581761483276,2502.984801236063,3.7637306158236825,9.533453624397966,0.57376935428714,10.40540340043109,3,0,
drv_0132,1730.733070914536,14422.775590954468,1.6077156719943075,18.756875102093417,0.5151428501215058,8.199440306591628,2,1,6.186564347818358
drv_0132,27.65285449945511,230.44045416212595,1.4807534191251404,22.79953265513577,0.5529871581322422,3.940019347339575,1,1,3.3102925713196107
drv_0132,318.1199185847538,2650.9993215396153,1.7330077852013404,23.19770949179453,0.6775915019740868,4.359857680327934,3,1,3.772825383703317
drv_0132,296.9252202682507,2474.376835568756,6.1934898024289895,50.615954676829496,0.6453655655160754,5.685634388566932,0,0,
drv_0132,1113.9051415330566,9282.542846108805,5.393348405810152,16.120576124781294,0.575282766089829,5.660296350564973,0,0,
drv_0133,24.0,200.0,9.575926550586564,39.696450180081,0.7635914734388618,7.996577729832519,1,1,9.901776423950315
drv_0133,1036.571013542638,8638.091779521983,1.1294117056285113,17.30569494713904,0.721648272485031,7.806743275840024,0,1,7.543078157421514
drv_0133,147.71586468246943,1230.9655390205787,0.5318325434337468,43.526860297355924,0.7785163219698662,5.489255591164569,0,1,5.445876692771228
drv_0133,187.6493573888768,1563.7446449073068,0.2697201770045743,28.756337102173156,0.679377305437063,9.846483239723767,4,1,8.46383011853269
drv_0133,62.28341802741147,519.0284835617623,4.704503528069804,20.052872935657547,0.8126760049454232,7.336190288290331,1,1,10.63509901575539
drv_0133,327.7660512372553,2731.3837603104607,1.0115435843752107,9.94620446242638,0.7453659921770208,4.680851802652689,0,1,3.610014156571309
drv_0133,121.7751707334724,1014.7930894456033,0.16047297631647472,2.3520579638887744,0.7556655377120207,7.731246242075235,1,1,7.744132138182889
drv_0133,24.0,200.0,3.4501014998712023,28.68161210594599,0.7315813102701084,6.729608385569768,2,1,6.863570789373058
drv_0133,582.1639596269556,4851.3663302246305,2.3353177218698984,6.900231248361471,0.8109316178103358,7.554641297303136,0,1,7.32984115519204
drv_0133,48.89529906171748,407.4608255143124,5.227074321009471,8.093496635008858,0.6749233652905281,5.6411530838953325,2,1,3.868761748440736
drv_0133,124.39804085278261,1036.6503404398552,2.432890759981774,29.102679897840176,0.8228684318427569,7.471922803657744,2,1,5.187370207587875
drv_0133,619.2668468479418,5160.557057066182,4.657812830081129,70.7676690776343,0.799558934541579,7.989884054186317,2,0,
drv_0133,46.86371689704404,390.5309741420337,1.3916272061393298,4.513972562996809,0.7660348925684916,9.726235396496769,2,1,9.573715539958656
drv_0133,725.2919317453652,6044.099431211377,6.194418936147627,60.0467663971549,0.7225159730496176,10.43706107413655,1,0,
drv_0133,376.88620690060645,3140.718390838387,0.8782261556834836,0.7552177179089469,0.882125240819069,8.919096851561056,4,1,9.112599565816353
drv_0133,85.79168185396772,714.9306821163976,5.7935994664069,10.605299343363079,0.774109157870434,4.9199762714633675,3,1,5.0450405632355695
drv_0133,24.0,200.0,9.937659948797725,8.387307529388732,0.8377492544452937,10.695129536169087,2,0,
drv_0133,465.9266711299158,3882.7222594159653,0.49360620293118496,6.538472069455779,0.6743226467958349,8.265611134903887,0,1,7.1846124536923055
drv_0133,263.0921901588872,2192.4349179907267,1.1480613898689562,16.260226326304153,0.8241960165360356,9.395597185336731,0,1,7.819239931577432
drv_0133,727.1937655208951,6059.94804600746,1.681926870488396,24.324540518343202,0.8230983353417229,8.169143366823672,4,0,
drv_0133,24.0,200.0,1.418883325802719,82.5817451889371,0.9027990679716611,7.098981026448722,0,1,8.876471221476152
drv_0133,24.0,200.0,3.6257371759291757,69.24685823615276,0.7790771183365661,8.260414618729262,0,1,8.07307709201023
drv_0133,42.65395736744569,355.44964472871413,2.1598506514514613,1.6752287732736357,0.8390498901272363,7.716725068379146,1,1,8.244468824076241
drv_0133,69.40151954193382,578.3459961827818,5.641047027369247,2.9500285706724365,0.8416246480350658,7.875005708724551,3,1,8.181220693215135
drv_0133,24.0,200.0,9.173664064273225,81.50414557809107,0.8279967289336496,6.446075994761636,1,0,
drv_0133,140.00996813469627,1166.7497344558024,7.86563535371663,11.043657287278243,0.7960191108911868,6.369597677521019,3,1,7.549096823041966
drv_0133,89.20472921144629,743.3727434287191,3.9021715939766266,8.732200222637573,0.7903777126364955,7.723169484216805,1,0,
drv_0133,917.5547849015722,7646.289874179769,6.880241124920219,9.695486522909885,0.8200179796724035,6.512579507841735,1,0,
drv_0133,549.3498030749914,4577.915025624929,5.772673807902285,9.751818349469682,0.7476703355035867,5.591899724643252,2,0,
drv_0133,51.636677384302715,430.30564486918934,4.540108491591024,31.941544732787758,0.859297197712951,5.841950827365946,1,1,5.154657324208383
drv_0133,79.45432404343372,662.1193670286143,1.7702372301020564,2.171027395867363,0.6091721177076533,6.507530750466462,3,0,
drv_0133,219.09309967226963,1825.775830602247,3.4766341554741134,17.856979753501506,0.752040256861562,6.090999151585529,1,1,6.8228641942965345
drv_0133,24.0,200.0,4.203658939490253,8.130546517239392,0.7646245223886265,5.811976564347452,4,1,6.099811299337325
drv_0133,351.6180947013487,2930.150789177906,7.090087285312076,8.282048631003837,0.7350668621897549,4.965549804507106,3,0,
drv_0133,188.34948145711598,1569.5790121426332,4.491181212719405,16.188447176254154,0.729704896530299,6.79260685681302,1,1,7.201823754086602
drv_0133,58.70419402977296,489.20161691477466,4.847313657338972,51.95252201583357,0.7471732479567391,8.664251556103185,4,0,
drv_0133,346.4909204701428,2887.42433725119,0.4088394818286678,8.375052270363952,0.6866041028706693,5.179124018251301,1,1,5.831052424335022
drv_0133,188.6419714404489,1572.0164286704078,0.16329958319271753,13.55570568819546,0.7855991537053314,4.363050898063347,2,1,5.134864138085576
drv_0133,181.25899564663692,1510.4916303886412,0.30162906841975534,3.5400428216094957,0.8291574031606198,5.416005862282308,3,1,4.330353145870426
drv_0133,94.79431930670701,789.9526608892252,9.458972198438685,3.723403336846046,0.7934910658042433,6.935508004651217,0,1,7.084923627913948
drv_0134,42.19871701954269,351.6559751628558,7.647029219459388,29.301361100983275,0.7471600979217835,7.368675531969043,2,0,
drv_0134,271.07675394522005,2258.9729495435004,3.079583770026332,79.21513199991007,0.6941503690083104,4.708778020811673,2,0,
drv_0134,239.0310326150821,1991.925271792351,4.237049748014129,64.84097848127261,0.6881988368403972,13.19095877524094,0,0,
drv_0134,247.68082093211066,2064.0068411009224,3.5504630119438128,2.469642475794708,0.8287792100261705,6.835504823677119,1,0,
drv_0134,176.93392400993378,1474.4493667494482,0.19223976303872847,13.001228577857837,0.7305919466323879,9.212600425157113,2,1,10.282625465472208
drv_0134,93.77945956924532,781.4954964103777,1.7300848795699297,86.25377438416277,0.7238950942669679,8.839720419377729,2,0,
drv_0134,239.3143860537176,1994.286550447647,2.3168755180840437,0.9917810643976959,0.7072100457006106,10.791733570823954,1,0,
drv_0134,815.8704145133804,6798.920120944837,9.220255508482477,89.52783318436474,0.7587410520083455,12.002157975607128,2,0,
drv_0134,99.24103836488543,827.0086530407119,4.117771822346877,33.655043399094076,0.6326936847001997,7.541727379617552,1,1,7.505262241057783
drv_0134,108.65367214532259,905.4472678776883,8.914958985141972,6.371263623945267,0.7068861221344587,11.47666341162867,0,1,12.264808118212333
drv_0134,57.972582151701694,483.1048512641808,5.073032311601517,57.48659499267254,0.7132969155274711,10.75585054371285,0,1,13.34574932779881
drv_0134,816.4989047524881,6804.157539604068,9.56565587425531,3.412277517517758,0.7655564551629541,2.546096687514707,3,0,
drv_0134,270.20425754942664,2251.702146245222,3.3534223541831834,135.62543956533065,0.7575654063389751,8.31224313062814,1,0,
drv_0134,242.06284478848465,2017.1903732373723,3.381140179476122,5.265061369052778,0.7352092283264938,7.356323943637241,1,1,6.293886708944007
drv_0134,36.30157026584131,302.5130855486776,2.957346657305737,2.0076931147100936,0.7093568972471681,7.098080658810531,0,1,5.5512125419288685
drv_0134,439.784924618067,3664.8743718172254,6.524567387153483,43.91480000304912,0.7261506385656359,5.4653050468669715,1,1,6.646791442093303
drv_0134,96.67603500263915,805.633625021993,0.17298775482845086,12.213200883980198,0.730598558128375,10.743746433025597,3,1,10.215733409828866
drv_0134,320.4804679227263,2670.6705660227194,8.013128759852957,28.30009217070042,0.7124156478692185,10.623475224558764,3,0,
drv_0134,149.370114756425,1244.750956303542,2.9132428259018273,45.39178158702165,0.7926655637260872,9.935768906988022,2,1,5.922000603486686
drv_0134,791.4822335947044,6595.685279955871,1.79710856497724,118.5096736560208,0.7162831718532725,5.3699886242766315,0,0,
drv_0134,249.32637956720137,2077.719829726678,5.049585767147312,3.0347015986188843,0.7227125773768693,13.416624461993802,6,0,
drv_0134,147.30781004411003,1227.565083700917,6.425744281492612,11.15258183779572,0.590312653979721,10.122749989290448,1,1,10.361348731822176
drv_0134,53.20210258129552,443.35085484412934,8.51428859758786,12.591138212265495,0.8227239142997729,9.004556157690288,2,1,10.393665706243837
drv_0134,31.106814658756424,259.2234554896369,9.587016408116106,42.00826540782282,0.6258925057359198,8.332466647730426,2,1,8.659186260469315
drv_0134,231.80571492157938,1931.7142910131615,6.953350637846716,10.609197678336782,0.6717248466557032,11.905286140826526,0,0,
drv_0134,392.10290707365436,3267.5242256137867,1.8715771776256118,5.384774596350238,0.6860394134038271,9.870622788919523,1,1,8.387184259829983
drv_0134,228.46700204609647,1903.8916837174706,5.86950809485648,3.751244781129165,0.8106928557202034,9.38976886074888,1,1,10.824637585799298
drv_0134,602.5438488071137,5021.198740059282,1.5582371183257115,38.11231588896577,0.7140014413003916,7.061672269637743,2,1,5.003427798109411
drv_0134,813.8647121576481,6782.205934647068,7.481534597257719,25.19821648602156,0.7409535361428089,7.6207007469766985,2,0,
drv_0134,371.7183133985596,3097.6526116546634,9.808519930607472,7.560384323450353,0.6959767107550008,7.336100106246419,3,0,
drv_0134,739.6505499930424,6163.754583275354,1.7535123118996565,0.4474910989707807,0.6635757171725537,11.990174470410551,3,0,
drv_0134,305.2134700023794,2543.4455833531615,3.2995582760650963,4.321461906155185,0.7253535069676125,12.013210315316288,0,1,12.566834798651925
drv_0134,522.5242388415297,4354.368657012748,7.189485663907774,8.186369737255333,0.6901620460203322,9.522004075534198,1,1,10.955730312361718
drv_0134,674.3681223349236,5619.73435279103,5.368381005901783,63.16686474914368,0.6459968635512396,6.184409622693211,0,0,
drv_0134,152.90363342288995,1274.1969451907496,2.9766945844513515,9.666235676211553,0.7448224366033162,10.943825579365862,1,1,8.950214759631628
drv_0134,350.57965124336613,2921.497093694718,8.780179411001503,104.05539235040916,0.6937047156581677,4.1179607944110925,1,0,
drv_0134,168.80824476555253,1406.7353730462712,8.239909431997226,66.51963770125944,0.7769536807482361,13.314733153305877,1,1,14.372494378567472
drv_0134,394.0998824310791,3284.1656869256594,5.094681522180185,77.14285074043144,0.7046510060173046,2.595921288040806,3,0,
drv_0134,208.28286278261908,1735.6905231884925,2.5735287330144363,87.2830534570779,0.6591563650404094,10.066370131374487,1,0,
drv_0134,127.52902144771026,1062.7418453975856,5.428445097171474,18.98230769741354,0.6701916233209169,9.80190106033436,3,0,
drv_0135,222.1270685822436,1851.05890485203,9.919150345118371,30.731506261479304,0.5330797107038175,3.7194158546277167,3,1,5.751803453456143
drv_0135,405.9463091076779,3382.8859092306493,7.298329703929365,46.0385938752228,0.6003168086784099,2.0,3,0,
drv_0135,55.959319722669406,466.3276643555784,7.872258221035712,6.318348186720407,0.5008365295860339,4.727605055952804,1,0,
drv_0135,729.1255898773903,6076.0465823115865,9.327700694607056,43.08796348803645,0.5603602040699212,2.4679002493969553,0,1,1.0
drv_0135,445.39740730909165,3711.6450609090975,2.3033913520998195,46.331993663158585,0.508497489989707,4.546721781885918,0,0,
drv_0135,42.7418368702635,356.1819739188625,6.97918891559917,5.481971685399166,0.5754549081952682,2.9007515095746452,2,0,
drv_0135,35.905832617345254,299.21527181121047,0.28025659424261384,52.33709172380274,0.5739581019074612,6.395409610243385,1,1,6.249795600394638
drv_0135,330.0393288348472,2750.3277402903936,5.538123484200787,37.57547586505278,0.5526414492824809,2.0,1,1,3.281082529247124
drv_0135,92.53424946841884,771.118745570157,5.753943827034716,38.65132998793358,0.5511604369452361,2.0,1,0,
drv_0135,251.24678131500042,2093.7231776250037,1.7686021060326962,50.53747660570168,0.5333995567327534,5.359546658704556,1,1,6.567539703741582
drv_0135,422.5958311004194,3521.6319258368285,1.766115501227996,2.2259829277344125,0.5372354724902861,4.644494066961755,0,0,
drv_0135,24.0,200.0,3.084792896592352,16.52321586583227,0.6329519317156755,5.131018922624229,0,1,8.162568292029299
drv_0135,323.5127997409586,2695.9399978413217,2.7090957442911137,15.901838142824289,0.5188003874676594,2.9113897305771963,2,1,3.2331695274489585
drv_0135,201.32828088960366,1677.7356740800305,8.126589941356272,12.756873001605447,0.5300590083656875,2.5220224163278724,1,1,4.477342460474667
drv_0135,430.03310031761043,3583.6091693134204,7.506344738518344,13.405142979615862,0.6182455846148898,6.21938035964749,3,0,
drv_0135,67.96186895467986,566.3489079556655,2.639646821772744,37.442209844624585,0.5629131753571178,4.82820999158917,2,0,
drv_0135,605.7327995118204,5047.77332926517,3.146603766626388,36.30511359561758,0.5874867295260219,2.0,0,0,
drv_0135,300.8494520061382,2507.078766717819,7.805525389361911,20.56684743128675,0.4857408132226287,2.949340954439082,2,1,1.4185037780381804
drv_0135,483.7455363194254,4031.212802661879,2.7890111589824853,9.309360070529305,0.46586639147704745,4.474441604975721,2,0,
drv_0135,114.78626469198916,956.5522057665764,3.1897521864673974,6.1679378265207525,0.5616368825630229,2.5029844494331543,2,1,3.58310278094146
drv_0135,217.6704844201063,1813.920703500886,7.640224912377871,16.203312621170664,0.46180410247106707,4.72052210950983,5,0,
drv_0135,79.65470278167746,663.7891898473122,4.256038403696159,1.7445244587727355,0.5558101799002891,5.340891735167419,1,1,5.168580305781675
drv_0135,77.15679099782518,642.9732583152099,6.0159446929677305,46.05720152368203,0.6114181610077067,3.7997238070839137,0,1,5.904290188380634
drv_0135,472.03163424092935,3933.5969520077447,8.129993214721589,151.76276625179105,0.6383380659229965,2.2252422623248114,2,0,
drv_0135,153.3223929641906,1277.6866080349218,4.063833739775098,44.298213296011625,0.5636665776601716,2.0,2,1,1.4896901752224945
drv_0135,275.7109902315463,2297.591585262886,4.075971937008717,40.02019166586448,0.5565547679426294,5.280982671143743,2,1,5.824013475824664
drv_0135,233.5804048710883,1946.503373925736,5.207041633093904,0.1669117424848314,0.601370942503576,3.4291390960488446,1,1,2.4915323746127767
drv_0135,521.0269547527338,4341.891289606116,6.979274865479591,4.483155377893149,0.5564289270437766,5.516929280117459,0,0,
drv_0135,27.283633669425942,227.36361391188288,4.553674956298659,54.559384272848014,0.559786212036497,6.500647534267408,0,1,3.284260434186763
drv_0135,287.01402348831186,2391.7835290692656,7.271991913974457,71.00623138669167,0.6082200680452228,2.0,1,0,
drv_0135,131.00192185149416,1091.6826820957847,0.7585117231720206,90.94549951033927,0.6149478781806326,2.0,3,0,
drv_0135,212.5427444767446,1771.189537306205,8.80163909703047,33.63587615239572,0.6034099050275875,2.1058373544031195,2,1,3.5885385010863198
drv_0135,735.529978445007,6129.416487041725,2.76381003271346,40.196929664964735,0.4963323920358098,3.930757583651354,1,0,
drv_0135,62.41783875592227,520.1486562993523,7.504432697280671,136.54057197814373,0.5621657307763841,3.094785859207127,0,0,
drv_0135,194.24015815525235,1618.667984627103,8.838583620997616,31.663060759070405,0.5997072435036549,3.9936496895252342,2,0,
drv_0135,229.61761487948712,1913.4801239957262,9.556010002314869,71.84368537160256,0.5829426210323998,2.0,0,1,2.1394191821052617
drv_0135,133.09592600444142,1109.1327167036786,5.280635469671556,38.792196657117884,0.5305963765194733,2.0,2,0,
drv_0135,255.56735029086184,2129.7279190905156,3.669942170634255,14.930594450573505,0.5928055490898039,2.0,0,1,2.8632235362054588
drv_0135,396.8550516971634,3307.125430809695,2.4745375126605387,19.87785203106647,0.6473650558656808,4.510922649116286,1,0,
drv_0135,269.15556621265404,2242.963051772117,3.6913891959291645,32.13584929017241,0.531245471692126,2.0,2,0,
drv_0136,491.0879673184889,4092.3997276540745,1.8351385160657552,28.29104103836993,0.8436211397874049,14.462323314348884,0,1,13.302069958467147
drv_0136,164.50676789552972,1370.8897324627478,6.231193545955437,53.319596677114085,0.7799254738466594,12.991506602701376,0,1,12.910698342509237
drv_0136,661.0226524726182,5508.522103938486,2.482262813728906,58.41116141088774,0.8564419251115163,15.603072043383335,1,0,
drv_0136,520.4763297168806,4337.302747640672,0.7487879557480492,32.81905575016856,0.8718627549306945,14.30782947814389,3,0,
drv_0136,266.1762882051829,2218.1357350431913,8.452881295158319,9.553469053633087,0.7605377796287862,13.35160026564889,2,1,11.659499670807524
drv_0136,170.07662984349807,1417.3052486958172,4.0550097003798005,62.113880325525024,0.8654114442503641,9.491036479606747,2,1,10.325611130990028
drv_0136,94.9747535031591,791.4562791929926,1.807305303948149,16.995142723919674,0.8570290328187228,10.166734906039157,1,1,10.015198977429415
drv_0136,1331.2999120921982,11094.165934101653,5.89034144961601,0.9725882016114211,0.821642664905419,11.68884320847468,3,0,
drv_0136,213.9875037262571,1783.2291977188092,3.3226240206223547,7.7186615772945535,0.7540881054393801,11.371432729920306,3,1,9.299974127815332
drv_0136,316.30584482223003,2635.8820401852504,9.728295722574229,30.894381860269792,0.8680631788581761,12.279687912096458,1,1,12.381451848519374
drv_0136,658.1094952380938,5484.245793650783,6.314027364386762,40.45812130487798,0.7756241747398034,11.616824179665564,1,0,
drv_0136,155.82092264809992,1298.507688734166,2.271881543162939,8.74201992270476,0.8261441567545488,13.17403760112114,0,1,14.433977225848885
drv_0136,28.708896757984576,239.24080631653814,0.10291928642593207,42.63344193699672,0.7927816750107115,9.005842033883479,1,1,11.14247781132756
drv_0136,858.5883741040311,7154.903117533593,8.066737389723695,8.86079188934922,0.8618122589287834,14.162455800294737,1,0,
drv_0136,124.12068154074451,1034.3390128395376,7.086358352753135,2.6409057403459113,0.9000504973139298,12.399556785029528,4,1,12.966144147015553
drv_0136,38.48173689282506,320.6811407735422,3.941779491234023,75.2561366404523,0.8550140948720997,11.321922267445112,1,0,
drv_0136,45.25367497953918,377.1139581628265,3.643702142512714,14.330936506484596,0.7734991401047833,7.395205505912738,1,1,9.106915371949807
drv_0136,24.0,200.0,2.7184886970814723,72.34467431330468,0.727449852473321,12.101239050118798,0,1,13.203574613313206
drv_0136,579.514211132118,4829.285092767651,3.691520438479259,20.605943163464726,0.8278352411030574,13.784852161452223,0,0,
drv_0136,24.0,200.0,6.002410415542801,0.7998587924409797,0.833767258735544,11.338311152955992,3,0,
drv_0136,53.56796564617423,446.3997137181186,7.535578143313012,58.914609607816196,0.8629088402680339,9.36359008236746,2,1,8.02205046770887
drv_0136,433.3454030190508,3611.2116918254237,1.4803874915015125,25.713268276270846,0.8649582897083514,10.239538478786146,1,1,8.250185287320342
drv_0136,24.0,200.0,0.07229147128022695,112.635478349666,0.7589526217378175,11.753744488895475,2,1,11.674120030869451
drv_0136,123.83339961441915,1031.9449967868263,1.688994726506976,15.917037805324437,0.7607873710014214,11.233100326978622,2,0,
drv_0136,24.0,200.0,5.533265322744491,32.33004278629038,0.876269629964463,7.981610772559169,2,0,
drv_0136,100.14494993069029,834.5412494224191,1.6674835857269277,65.7141939013256,0.844052788990688,9.482036125210126,0,1,8.656214753602086
drv_0136,24.0,200.0,5.248650787524923,28.815589422775442,0.793257203353087,9.877979221395165,2,0,
drv_0136,74.78685585135501,623.2237987612918,0.8706371139712044,16.96973347815384,0.8297736196794242,10.497012113280592,1,1,8.775079215622787
drv_0136,640.5451994475713,5337.876662063095,0.4235164430664673,148.1438142563997,0.7336079978612148,11.401273568703385,2,0,
drv_0136,881.6055222180975,7346.712685150813,9.280903657257532,4.2068244396582655,0.7244497298905525,12.047070668071175,2,1,12.401574449119169
drv_0136,1215.1796383270432,10126.496986058693,7.342356189814076,37.903820512360774,0.764544149826452,11.91518253348839,0,0,
drv_0136,24.0,200.0,3.680945326879673,47.83313878418937,0.8287119334040783,12.770400454197867,2,1,10.195474446669534
drv_0136,525.342122037717,4377.851016980975,7.373177955605179,5.674966574272238,0.8994486019870372,14.01949085697594,1,1,14.146744160913617
drv_0136,120.60108295763122,1005.009024646927,9.74672278956271,3.042681277479156,0.9086245831829045,9.81745427938251,1,1,9.74864300679491
drv_0136,613.3716779192748,5111.430649327291,2.209775908472703,20.30514398107236,0.8494855843649589,11.757114032949062,1,1,11.945704909193026
drv_0136,937.1273848213218,7809.394873511015,4.073748454367613,86.30186634159746,0.8361338789712103,9.412411891939602,3,0,
drv_0136,162.82430652783134,1356.8692210652612,3.687169461848432,84.55551305373072,0.8695797861758074,11.710011030240588,1,1,9.28780971740971
drv_0136,462.362738258182,3853.0228188181836,7.642375718465841,40.60518219347348,0.7533451393333899,7.911037176915471,2,1,11.38638259047962
drv_0136,141.65630898787347,1180.4692415656123,3.8107897854334603,22.120212039253687,0.8530510728673153,14.10474719891319,3,0,
drv_0136,24.0,200.0,7.834727768551203,30.03814663950784,0.846544821452131,10.564674940044968,0,1,9.343859642018744
drv_0137,996.0666892652691,8300.555743877243,3.0251012783630515,25.93618238720229,0.6620040186050903,10.565637602827877,3,0,
drv_0137,105.38020794646434,878.1683995538696,4.667581942455586,1.342214853620708,0.6865522502960983,9.838699061714777,3,0,
drv_0137,830.2824276641385,6919.020230534487,4.03607439579356,65.83031233447666,0.5654484658184818,8.175252431461486,3,0,
drv_0137,654.9267133486702,5457.722611238919,9.63606308910247,18.551678225341373,0.5927467902834204,9.60334295917769,1,0,
drv_0137,401.37420994488457,3344.7850828740384,6.485948487747456,6.9785721955503215,0.63023889384328,6.434379357726241,2,0,
drv_0137,301.7775314757195,2514.8127622976626,7.058003170556585,17.55998422116103,0.6732729290121775,6.269762480649607,2,1,7.315371888825011
drv_0137,636.3817414072698,5303.181178393916,3.238054743104901,40.69293293339026,0.648525975875403,7.335191846509995,4,1,4.936108636833804
drv_0137,133.23701250999363,1110.3084375832805,1.163569528544034,16.582281121794338,0.6431833075476464,8.596734809713032,1,0,
drv_0137,539.9218894486061,4499.349078738384,2.1509001376455608,6.895388017742444,0.6383691707332736,9.997055470679326,2,1,11.137997709836
drv_0137,599.2827278936676,4994.02273244723,8.845814800658555,51.22496039981833,0.6393324730225323,7.9165197181688765,0,0,
drv_0137,97.63445431070026,813.620452589169,6.9266893157894245,72.0367720900361,0.6008641801824915,6.574533671974464,1,0,
drv_0137,129.28015508714466,1077.3346257262056,5.787471884531693,89.73273356803907,0.5602826942825567,7.820059385863221,1,0,
drv_0137,304.82391560019994,2540.199296668333,5.835046015658869,11.802502767258932,0.651571383610098,10.28503080492127,0,0,
drv_0137,27.50845009238103,229.23708410317525,5.158849930783061,11.948513749055163,0.6872804493885919,12.711054398467802,1,1,9.42894751438104
drv_0137,311.29317795130487,2594.109816260874,7.229186401596749,91.29842197766254,0.6217588212233215,8.0471791905044,2,0,
drv_0137,309.9331525716796,2582.7762714306637,5.410288187513488,87.93660993124949,0.6118607427414448,11.897527113005065,0,0,
drv_0137,338.98915667004303,2824.9096389170254,8.919621609267681,7.607719475992757,0.6658828797364014,9.400833160573503,0,0,
drv_0137,993.6810833232607,8280.675694360507,3.5208404273705876,29.2521151820162,0.5913834069491273,8.983551516805429,1,0,
drv_0137,94.68105743187712,789.0088119323094,7.734417627270977,22.980253028387786,0.5895827453689284,11.601726176259247,2,0,
drv_0137,1461.2870361014327,12177.39196751194,7.99462859395112,16.373487789278954,0.6619324789062089,11.232270870843053,1,0,
drv_0137,978.228138580585,8151.901154838209,0.9691336768669934,116.00876633443235,0.7070250856483636,14.078106818590708,1,0,
drv_0137,442.7882823554224,3689.9023529618535,3.9293134097590077,1.0861037638400728,0.6164228210621641,15.957272580179378,1,0,
drv_0137,24.9645252847687,208.03771070640585,2.4101330263831953,16.797488813570844,0.7123214411457129,11.84230911191916,2,0,
drv_0137,24.0,200.0,4.179724094644063,30.332551461898408,0.6085202443558635,12.714627589883515,0,1,12.269996718944844
drv_0137,87.48912044448706,729.0760037040588,3.3732256296126026,3.8248810627071133,0.6192704039809046,8.197622323399957,5,0,
drv_0137,1747.7816254654067,14564.84687887839,8.25744370938978,74.38860763288852,0.6127120559954825,13.22485690983251,0,0,
drv_0137,215.4723202378144,1795.6026686484533,0.7368618332053845,45.252220800224016,0.6640408876108841,14.020084079615799,2,1,12.902777544597361
drv_0137,1022.5904776038942,8521.587313365786,6.045214384420161,9.74333509237287,0.5975059589869574,11.51804238984257,1,0,
drv_0137,127.56707396130788,1063.0589496775658,8.61339124764742,42.501122974669606,0.693530089651765,11.05166934769668,0,0,
drv_0137,593.7754688407813,4948.128907006511,2.7256996493719843,19.11648938168191,0.6324062815102076,9.418436849904925,1,0,
drv_0137,185.33993800656526,1544.499483388044,0.7942498963472855,38.524412653737976,0.5928419670289753,12.022434310729325,1,1,9.558558984415903
drv_0137,102.54908221329542,854.5756851107952,0.8467565536074506,8.866332650383637,0.6769436475832858,13.298878790008809,0,1,11.38888545624306
drv_0137,235.45103435798512,1962.0919529832095,1.3618558495309607,39.79417617996689,0.5585377915125403,5.508061210957465,1,0,
drv_0137,24.0,200.0,5.621167059484607,167.16970292165962,0.5993103769140412,9.046534363355892,2,0,
drv_0137,576.3365847932358,4802.804873276966,4.243026268619351,23.897677052120777,0.5958733431258662,11.338913134459219,1,0,
drv_0137,259.095526493613,2159.129387446775,0.9928321303422805,46.779513875519164,0.6226988831810343,8.797111097078608,0,0,
drv_0137,487.0753609399161,4058.961341165968,7.650318806668759,58.255789316486435,0.6089297532637665,7.019719150863101,3,0,
drv_0137,105.13852598224322,876.1543831853603,7.293980151634264,86.11067276621169,0.602750495789376,11.253416756947956,2,1,10.057984456588006
drv_0137,505.2786379271422,4210.655316059519,6.096794112912198,26.475483354478385,0.6029270710330575,8.196382944080085,0,0,
drv_0137,946.1328403671916,7884.440336393264,3.7013420989349965,11.829548920209108,0.7351744675460737,9.670667035640273,0,0,
drv_0138,24.0,200.0,8.34392110543235,25.824516705249142,0.6301363362235092,10.098079923034351,0,1,12.65371452884448
drv_0138,352.85999206913584,2940.4999339094657,9.978032231692636,4.1128002242868,0.6523354336684338,8.694278775787254,2,0,
drv_0138,53.311251175365946,444.2604264613829,9.04486857801825,19.713871085876907,0.7564544000442908,6.0643390986382455,2,0,
drv_0138,79.96704416387921,666.3920346989935,6.56584650465181,14.662440083548299,0.7775297139756616,8.556756427292358,3,1,9.509498992135356
drv_0138,1255.736190639346,10464.468255327884,7.092759264891032,41.01582952846237,0.6741565660773493,10.234212456714294,2,0,
drv_0138,179.58238096570676,1496.5198413808898,0.14033007543587495,15.263301138093146,0.6701629768358116,12.665538205001349,0,1,12.281294320091744
drv_0138,25.671446123479797,213.928717695665,6.389228241528907,17.851823586112026,0.6631890447848562,9.003573672931513,0,1,9.846139977262318
drv_0138,401.04795064028997,3342.06625533575,7.022724684235989,30.3803375722508,0.7383028114418291,12.669303439467603,2,0,
drv_0138,198.3274621654329,1652.7288513786077,6.755944137002123,42.91145262853487,0.7431943235205228,7.466678745305032,4,0,
drv_0138,817.2626132962388,6810.521777468657,6.68256379303944,71.09529657779903,0.7118294326393609,7.76534887808554,0,0,
drv_0138,792.3182746185433,6602.652288487861,5.636098581980738,10.184324609783868,0.6856429669210016,12.114401163875595,3,0,
drv_0138,202.15870986784506,1684.6559155653756,3.1509987954965646,72.80660005961782,0.6792821446238732,12.259380827411249,0,1,12.188166970475892
drv_0138,103.84602680200426,865.3835566833689,6.108352979085624,32.30501792319083,0.7687023465156615,8.396227595182513,1,1,7.7719690732592195
drv_0138,242.61511397879352,2021.792616489946,2.413659855688579,79.86306100663096,0.6921669620340319,12.077207375745534,1,1,10.054940296648859
drv_0138,437.4538949572174,3645.4491246434786,3.279307969074675,60.99339157698809,0.681762124631717,9.809810490626905,3,0,
drv_0138,150.73662006009306,1256.1385005007755,4.075608956781837,50.21843002502402,0.7529254119878034,12.137574806942425,3,1,11.656311553419613
drv_0138,110.66893146825934,922.241095568828,5.629972062907082,1.9603233446355177,0.6689673776385078,9.32656349772198,1,1,9.300964568130485
drv_0138,43.24239046346483,360.35325386220694,0.21107146250941677,5.855971079696029,0.6609129033388567,10.236557077766902,7,1,9.640384247269843
drv_0138,257.96512974877294,2149.709414573108,6.699429752553382,67.80787290307251,0.7347824104535217,10.194921665830723,6,0,
drv_0138,630.0406833773195,5250.33902814433,2.2115956252514337,141.9586630163323,0.7336594715362554,8.925474243730365,3,0,
drv_0138,134.497920341978,1120.8160028498166,1.7986146036349182,21.33235195855315,0.7294249315107286,11.925390436189822,3,0,
drv_0138,162.06050950092094,1350.504245841008,1.8634549098912445,0.5934492038872062,0.6933291222972526,10.870310370599563,1,0,
drv_0138,456.73948009414926,3806.1623341179106,6.017308796478561,2.622474323541715,0.778822295268039,11.230122370820407,1,1,11.951187958042027
drv_0138,432.8211819324317,3606.843182770265,1.7786536259072638,49.54581206787175,0.6998576347740828,6.459431103584594,4,1,5.382215028779389
drv_0138,464.53788614271303,3871.1490511892757,3.9518023086997367,13.443326215143756,0.6777077787761295,7.37994611371165,1,0,
drv_0138,31.093059331481303,259.1088277623442,9.990792132131205,51.70237237794804,0.7113071845057789,8.355482697299792,3,0,
drv_0138,83.96184853544256,699.682071128688,0.9599189823033605,28.979309778376688,0.7123383962788754,8.411812438724388,2,0,
drv_0138,68.23793848039723,568.6494873366437,5.182818194204133,20.95160271022619,0.764458518257346,7.791015981090609,3,0,
drv_0138,99.95994463682337,832.9995386401947,7.718497869808251,10.805324295753252,0.6705996338696674,9.666173552130637,1,1,11.488546003213829
drv_0138,494.8672602177361,4123.893835147801,1.9182296748214545,43.43298526623902,0.6949440988404879,8.533530001097736,1,0,
drv_0138,989.9937224534747,8249.94768711229,7.786299232724504,3.271734866428137,0.699186002695713,10.41394118414507,1,0,
drv_0138,24.0,200.0,9.645692436148043,165.95542728725985,0.6779579738869631,7.756053278381051,5,0,
drv_0138,157.94054170185186,1316.1711808487655,6.922198305426619,23.747505101265006,0.7785643646258212,10.783710769900857,0,1,12.056658410258077
drv_0138,530.1681786359835,4418.068155299863,5.765041044780777,7.902821410902344,0.7229456946658102,9.52848256284841,1,0,
drv_0138,45.202046904469576,376.68372420391313,1.8561755475552644,2.926430619552784,0.6859350160972573,9.178986293023982,3,1,8.607969186191998
drv_0138,694.7356954262683,5789.464128552237,9.643976860175949,37.45512000726742,0.7284645616204509,12.10032424813058,1,0,
drv_0138,37.35862303362782,311.3218586135652,0.5968896689833958,6.661905744742557,0.7066077312174984,9.976516237766573,2,1,11.749730548747362
drv_0138,125.44106936271851,1045.342244689321,3.9587481873300403,2.681814461046252,0.6866978137210891,9.485756438637477,2,1,9.877274231691763
drv_0138,432.1343823624528,3601.1198530204406,9.11435998774454,28.05795649538938,0.7009992466985614,12.999827068726185,0,0,
drv_0138,194.8856230418877,1624.0468586823977,3.050871242629599,40.83113685411255,0.680726279030437,7.718209002503837,1,1,6.392664235809962
drv_0139,272.8397308971491,2273.664424142909,9.637975327494173,0.5950382151298583,0.8474638978368563,13.162490870071569,3,1,13.2013245629556
drv_0139,172.49124095482273,1437.4270079568562,4.935818313352481,1.5917245143147827,0.913584399037911,13.93461729548089,1,1,11.781103206408444
drv_0139,120.87194158408218,1007.2661798673515,4.9544671938898865,58.839104974033354,0.8265515117753888,17.929927172409297,1,1,21.006875628391807
drv_0139,447.39401208883794,3728.28343407365,6.795318480078981,3.936184935896631,0.8751480731822379,11.71777207413646,0,1,10.76236776021928
drv_0139,312.53600054468393,2604.4666712056996,1.137182900526601,13.116683022296277,0.8209210883781164,11.461084676393629,0,1,13.181572054989893
drv_0139,24.0,200.0,9.421800103883909,4.532929938724919,0.8587536583612421,10.10429089745605,4,1,11.26596839087057
drv_0139,218.674254250569,1822.285452088075,1.7205074132657427,6.393425996453467,0.8323748891758377,16.451183587093126,1,1,16.12000395474094
drv_0139,249.6335648429197,2080.279707024331,9.079827642082057,11.10857121378046,0.8030367106964156,8.903050051311752,0,0,
drv_0139,360.49131117789204,3004.094259815767,2.3379113549225847,18.343626138485497,0.8786498145660453,12.041589991208852,1,1,13.756076175580619
drv_0139,755.543249805288,6296.193748377401,1.3166227789917984,21.786618745070616,0.8072119209819985,11.927216521562947,0,0,
drv_0139,24.0,200.0,1.3833491174342483,34.23295653633617,0.873370777241323,14.867201163001493,2,1,16.33592172437917
drv_0139,442.55626835976335,3687.968902998028,3.7503571051178497,28.89911767020676,0.7952030136279249,12.394695520110451,0,0,
drv_0139,52.673417900782184,438.9451491731849,5.60292726317129,14.755402888571693,0.9297458311777261,13.05700027114197,2,1,13.451828360267383
drv_0139,118.13798677526613,984.4832231272178,2.5272266868535564,51.66415246131902,0.7499719023918894,14.978796789352934,2,1,15.667826536729546
drv_0139,88.68609355174569,739.0507795978807,4.1589503721152,51.19492335074815,0.7765348060879216,11.406358924783664,3,1,9.742933802167343
drv_0139,59.28489069175367,494.04075576461395,0.03980200615274154,32.1104408253532,0.9168626322566003,12.84615129731241,5,1,11.993652008332722
drv_0139,130.86906462683467,1090.5755385569557,2.38960464174521,5.353568260921738,0.8503622822863248,11.11008288207006,0,1,10.164931779746164
drv_0139,576.3840476856747,4803.200397380622,7.109361506051968,0.03635132189822371,0.7615049170551476,10.163235845924564,2,0,
drv_0139,130.21740115841737,1085.1450096534782,8.119801746860611,34.03480923459457,0.7803610955805441,12.869125826372802,0,1,10.402890656621878
drv_0139,475.0266359441398,3958.5552995344988,6.100694456394597,14.480522628499315,0.8194324853469417,12.133566909991366,0,0,
drv_0139,29.16099786191244,243.008315515937,0.14031117782366542,5.538237953910198,0.8487971280652336,12.393295953717546,3,1,8.774580354715724
drv_0139,270.6575446493106,2255.479538744255,1.9283792165532454,25.75707621360567,0.8353727799539167,6.839432434895804,2,1,5.8127494666279045
drv_0139,561.8676747154792,4682.230622628994,2.4518524576021674,10.790727654129528,0.8650046583856572,8.734297490536113,3,0,
drv_0139,24.0,200.0,5.408852811948038,12.464047312169612,0.8477862554770152,11.543031277746865,0,0,
drv_0139,314.47868336278816,2620.6556946899013,6.563566586686265,6.307405209254418,0.9274231001994051,11.478882222325252,0,1,11.582962245716333
drv_0139,107.15001730621611,892.9168108851344,3.1491757063111656,9.283051102401624,0.8075527272888912,14.095879220527463,3,1,14.367846056995406
drv_0139,56.249155025175625,468.74295854313027,2.252263973661246,27.57806937337281,0.8367087080250385,13.213914703665298,1,1,15.683668518786165
drv_0139,54.83204440412915,456.93370336774296,1.2955893797173779,22.48372167965025,0.796382784984469,11.356370881670749,0,1,10.289085835366269
drv_0139,293.49099332650366,2445.758277720864,8.908296514326056,51.62589164188952,0.878201583851416,11.096738637095187,3,0,
drv_0139,341.4201013339271,2845.1675111160594,6.647460177579409,61.70925507172348,0.885914149609358,14.05250433229295,0,0,
drv_0139,149.43118759216625,1245.2598966013854,8.70189873605357,60.47899662815019,0.827146965198876,10.37845314385793,0,1,11.193877000242258
drv_0139,186.1462210013091,1551.2185083442425,1.3285879366546094,35.127874924422414,0.8537494547487425,12.751622129940756,0,1,11.882184721416012
drv_0139,258.86458609301343,2157.204884108445,7.198454851312008,15.157942181703458,0.9003737676103669,10.59742337583332,1,1,10.949267942853227
drv_0139,257.2026049862913,2143.355041552428,9.165752793235987,18.725093665049602,0.8486284028454484,9.241498112950636,1,1,9.390186222902
drv_0139,477.36565489553743,3978.047124129479,7.689986994272662,66.88686041741497,0.841634253064357,12.410938088236467,1,0,
drv_0139,1413.4974143635125,11779.145119695939,8.116935220608685,15.899121406455807,0.9073483054357249,12.638420070715858,0,1,11.517658881526327
drv_0139,148.59600310298126,1238.3000258581772,2.5217862401313207,36.79220816761419,0.9152340522108332,10.00202658342668,0,1,8.438376964621673
drv_0139,259.7653406599661,2164.7111721663846,1.5438218242589496,8.469185848954687,0.8343555487734745,6.379709821121275,2,1,5.762912869783841
drv_0139,753.7572313831754,6281.310261526462,6.187559394394228,79.40693447231911,0.8604083000325081,15.279743784959193,2,0,
drv_0139,257.7809999580732,2148.17499965061,7.787555313283966,23.29810983597187,0.7930835147754691,9.004852756268336,1,0,
drv_0140,24.0,200.0,0.3587624974121062,82.15379378408643,0.723911137425528,5.231997614066591,3,1,6.038040631707578
drv_0140,441.88335944820204,3682.361328735017,1.5350689574831833,47.597155707309355,0.736403806127819,5.413147391071936,1,0,
drv_0140,880.6378654352773,7338.648878627311,8.271763295236244,32.155841183428414,0.5900530139516691,6.304699483122759,2,0,
drv_0140,200.38954698355516,1669.9128915296264,3.6331654922596157,35.36249562962983,0.643535944924533,6.766712094415823,1,0,
drv_0140,541.204305966138,4510.03588305115,6.333924501979171,45.60755146287519,0.7402008435567448,4.191052975330578,0,1,1.3488421146919896
drv_0140,683.8232670704595,5698.527225587162,7.27835605315903,7.301367719424899,0.7736363284646693,3.831849632782683,3,0,
drv_0140,263.4860393936936,2195.716994947447,2.4871625837195888,39.386948064086546,0.7792171007729678,6.667653416475964,1,1,7.593129145419271
drv_0140,476.0793863037235,3967.328219197696,3.588631505702934,9.443396597989832,0.7119944752296247,6.093520557962678,1,1,6.527843805060854
drv_0140,547.8522033269877,4565.435027724898,1.5911851591671855,17.596399500582766,0.7740780273980528,3.26502581768214,1,1,1.6632457967087868
drv_0140,179.34953845498762,1494.579487124897,6.7613384538806915,3.514688390665354,0.7218136120860443,2.0,1,0,
drv_0140,76.86342250977063,640.5285209147553,6.243690789570849,58.097866762569836,0.7874014422064156,5.651333291966887,2,0,
drv_0140,24.0,200.0,2.8958702694678404,17.198484495022022,0.6845864792293748,3.250388085417447,1,0,
drv_0140,89.53697884996258,746.1414904163548,0.9888119572748189,19.406599904887855,0.7257894765604536,3.065319430313986,1,1,4.433394961848478
drv_0140,225.1254479067265,1876.045399222721,4.047511250182854,27.97809815905357,0.7790246469081332,4.06245297045025,1,1,4.922937018311417
drv_0140,906.3340551611079,7552.783793009234,9.66684263428629,38.87353393311295,0.7653601920366986,6.578238716413168,3,0,
drv_0140,1141.5610543577607,9513.008786314673,3.9530187069070113,3.482248501009126,0.7777625723888453,5.560594133569524,2,0,
drv_0140,105.82256574266984,881.8547145222487,9.72046711967508,30.964474808203995,0.6997590320938325,11.030702789083545,1,1,13.468118760225487
drv_0140,199.43648007064337,1661.9706672553616,2.8975768306290495,1.512671789511023,0.7559179467289733,2.0,2,0,
drv_0140,254.91139066133636,2124.2615888444698,5.990334588079853,59.93763405530952,0.7331232257101574,6.167669335479593,1,0,
drv_0140,358.38311547039126,2986.525962253261,1.5135556126446348,54.70236271206589,0.7415216427307132,7.500243387664717,2,0,
drv_0140,390.6338424663361,3255.282020552801,8.340803992782647,0.6664437867621064,0.7553247393757145,4.0085122826562785,1,0,
drv_0140,151.45432044031458,1262.1193370026215,6.91811854999922,81.50414495406763,0.7315851507220056,2.8609025306305464,4,0,
drv_0140,55.0752728233445,458.9606068612042,4.816910496161863,3.6475052520366176,0.7752846071623675,5.26268180943599,1,0,
drv_0140,51.129267868908734,426.07723224090614,1.478100304396549,52.43537158605308,0.7686980707609131,6.3798510787651965,0,1,7.171459936497484
drv_0140,410.9408279598204,3424.5068996651703,3.3250650631315013,0.33591429909403975,0.7974423557909744,3.455991681544097,1,0,
drv_0140,356.91474558261336,2974.2895465217784,8.743566756946032,8.319242835589685,0.6780829386534103,2.9866914122831254,0,1,2.373217877047423
drv_0140,129.01489589856473,1075.1241324880395,5.998111274103798,14.792740152958132,0.7689920008999533,4.747277116192522,1,1,8.973100698188386
drv_0140,230.57490694997384,1921.4575579164489,5.1315737471939595,22.360167528094546,0.7002652262436645,9.816916179215024,1,1,9.467126978196408
drv_0140,337.1851898696424,2809.87658224702,2.531884141956291,19.61226566164504,0.6923428251875534,9.361389308305103,0,0,
drv_0140,101.21353609055932,843.4461340879943,8.847640434644124,8.295142749203398,0.7338197662109132,7.117198677576361,1,0,
drv_0140,73.31962886535223,610.9969072112686,8.594881858200486,6.207780101524573,0.7719388008844142,4.7233956783214275,2,1,2.017821821842269
drv_0140,202.74337657313438,1689.5281381094533,8.540348834748224,2.8223977056521345,0.7340828678792949,8.803765734194299,0,1,7.889856103380215
drv_0140,648.7547221715987,5406.289351429989,4.15591570836364,56.44746019846624,0.7095295324203353,3.54603118480874,2,1,4.147934812884008
drv_0140,1104.1838251368138,9201.531876140116,3.2618437242874307,15.42796337505946,0.7239102095800222,5.693435087554125,3,0,
drv_0140,190.8294751770782,1590.2456264756518,4.240767786098756,4.122128556459305,0.7314836501224795,7.3549435445092115,2,1,5.6338770398673015
drv_0140,326.685253544635,2722.377112871958,4.5313789509108044,45.765240892901176,0.7537903848044722,4.000251016248534,4,0,
drv_0140,314.56969657312396,2621.4141381093664,1.2403863596172804,36.81505428438568,0.7334042196461585,2.8539240518095035,4,1,1.0
drv_0140,1502.9654121806575,12524.711768172147,6.190459358794984,28.074219751487306,0.7297153244802301,4.084133099550507,1,0,
drv_0140,46.95013304915991,391.2511087429993,8.026567098919635,9.13685031549853,0.6738652431599009,4.4066509044460025,1,1,5.710025285044123
drv_0140,334.4179958929602,2786.8166324413355,4.582831713287494,9.260915267034614,0.7339434341032435,4.875803290158239,3,1,2.3595830094756294
drv_0141,229.61256695279508,1913.4380579399592,8.331753421441286,6.672291363215004,0.4933762141425543,2.887462364563973,2,0,
drv_0141,68.93350227102626,574.4458522585521,3.2396573910826554,28.19197284379958,0.5588887429675028,2.0,2,1,4.5988313569440615
drv_0141,41.43542952810055,345.2952460675046,5.932973284529297,4.574654597993097,0.47111165343199013,2.5514427587424575,1,0,
drv_0141,930.4517732805134,7753.764777337612,5.361074166728759,71.25485227117332,0.45929120661855233,2.0,0,1,1.0
drv_0141,393.71190857304174,3280.9325714420147,1.0785724873012414,102.44759737454163,0.46341546271262757,2.0,2,0,
drv_0141,387.0491673628724,3225.409728023937,5.706917372225538,41.672742728646845,0.5590034299513396,2.0,1,0,
drv_0141,350.1732606848445,2918.1105057070376,4.429192650393294,4.398889494766866,0.38355969512483157,2.799003328600776,0,1,4.15186595033223
drv_0141,114.58825245475114,954.902103789593,1.9502262226745837,10.81677831706146,0.4283975107402761,2.0,1,0,
drv_0141,192.46067931142835,1603.838994261903,4.611316104931973,5.082815751852504,0.46211365886849437,2.0,1,0,
drv_0141,1697.165065121333,14143.042209344443,2.136645025600478,17.970141898054035,0.4960711986041135,3.9629005705532796,1,0,
drv_0141,24.0,200.0,0.4528283847959014,3.896842455136284,0.49984470187278646,2.0,3,0,
drv_0141,191.1405861703307,1592.8382180860892,5.602691478557563,13.905485718831127,0.4686596211520156,2.0,1,0,
drv_0141,81.49479132410909,679.1232610342424,0.38081860946426516,0.05191139416068855,0.4738605477290092,2.0,0,1,1.0
drv_0141,66.02520873596403,550.2100727997002,6.206301021880937,25.6636391031445,0.49059712938511907,3.3901963349193895,4,1,4.5714507486812135
drv_0141,24.0,200.0,5.79834134633809,21.87798845448496,0.47586786161671685,2.0,2,0,
drv_0141,392.12806333280116,3267.7338611066766,4.898729550362252,13.841634901269611,0.4683530088463176,2.0,3,0,
drv_0141,64.77996176241882,539.8330146868235,4.4180832770193685,2.5118601647512993,0.47871526758543587,2.1566639674983206,4,0,
drv_0141,132.38221999316394,1103.1851666096995,0.43473268261541076,81.80750011518808,0.5260532193448662,2.0,1,1,1.0
drv_0141,1558.6641439261507,12988.867866051256,6.339852969953866,28.26284559470796,0.5004948541588385,3.4042287950755963,4,0,
drv_0141,96.45043024614641,803.7535853845535,7.824280014195707,7.12194075968086,0.5506088286454438,4.68362569305803,0,0,
drv_0141,24.0,200.0,4.0335026706274935,18.534661821664507,0.47968912592734586,2.9556559572224974,5,0,
drv_0141,332.90312688283507,2774.192724023626,4.644225453044676,15.27681685481382,0.4953699111739286,2.0,0,0,
drv_0141,691.8611876002028,5765.509896668357,4.733355774354121,9.970453446327953,0.4074800133256559,2.0,2,0,
drv_0141,214.68072614341077,1789.0060511950899,4.712059704655925,39.92165924089172,0.4218053025605015,2.0,2,1,4.251420474774788
drv_0141,346.91321389082566,2890.943449090214,2.382189528414197,4.6340838409393195,0.4611676837543731,5.523946898862166,0,0,
drv_0141,24.0,200.0,9.844423258796752,60.12096231433418,0.5021333961426135,3.808242838080176,0,0,
drv_0141,24.0,200.0,2.324710299867471,62.981010865838854,0.44801341611633766,2.0,1,1,1.6839454932508042
drv_0141,1177.0320879813685,9808.600733178071,0.9891180034431779,50.50820927468923,0.523537442859475,2.0,1,0,
drv_0141,515.3103186736099,4294.252655613416,9.493145003137839,49.03906009368911,0.34020559431409747,2.0,1,1,2.9465389228596455
drv_0141,69.59360810947095,579.9467342455913,6.795316202535626,7.762632272350968,0.4674492172761836,2.366993783825612,3,1,3.576516805208521
drv_0141,24.0,200.0,1.7015660433445146,22.92229543756775,0.5022125029869244,2.0,1,0,
drv_0141,81.01220584199162,675.1017153499301,7.947045372225704,35.00094273938263,0.387730900492247,2.0,4,1,1.0
drv_0141,58.99710375445257,491.64253128710476,9.078028746979609,2.213584544832638,0.41965097475947555,3.4519728692720033,2,1,5.003088738327628
drv_0141,241.23248893567884,2010.2707411306571,5.7220481042118845,21.744291062318855,0.49911769872015516,2.4142971839683414,2,0,
drv_0141,65.01846802393253,541.8205668661044,4.766848848466504,4.645587065530496,0.5089451646865729,2.0,2,1,1.0
drv_0141,97.02578480845678,808.5482067371398,0.4773888876996313,6.476495456060569,0.5794766387320467,2.0,3,0,
drv_0141,576.207494604441,4801.729121703675,9.03515373755632,16.528170470843023,0.48209822154404436,2.513477247587849,1,0,
drv_0141,134.55781235209915,1121.3151029341595,9.024191986273367,6.433986376999568,0.41174828587452234,2.1937554789361617,1,0,
drv_0141,630.1032139269055,5250.860116057546,1.982730736431546,24.228859148655943,0.4136427494357287,2.0,0,1,4.05343016255239
drv_0141,519.9945852028723,4333.288210023936,4.224034073267177,1.5990777100533258,0.5674831020091773,2.0,2,1,2.9894550076457955
drv_0142,32.233632144674445,268.6136012056204,0.17965624289985604,40.15219511626047,0.7216855569276353,3.854629643999175,1,1,2.183320861007374
drv_0142,122.06092628577544,1017.1743857147953,4.5761776347764975,26.2913783373302,0.6184418336651274,8.668711134962953,2,0,
drv_0142,697.0637528846244,5808.86460737187,3.334142511392372,7.490828465841878,0.7350627581531958,12.275621842832592,2,0,
drv_0142,53.86667648590674,448.8889707158895,0.8999944664172488,67.15701254173581,0.7781893459928735,10.177744251480863,1,1,10.608127373800084
drv_0142,496.8939343151559,4140.782785959633,2.3729846830326737,3.2956293686054683,0.6361747394902396,10.576967783258478,1,0,
drv_0142,144.50056499117784,1204.171374926482,5.977320663191624,51.977021171338855,0.715717402472655,10.875236858713928,1,1,12.79143304946956
drv_0142,554.2116927633466,4618.430773027889,4.493967563418526,34.15329065361887,0.7380319308102347,11.149195308619099,1,1,9.545913860170655
drv_0142,1020.0683988582695,8500.56999048558,4.451442675885168,46.63006444180135,0.6540958434482526,6.965393708081854,1,1,9.206735130867687
drv_0142,266.47715398985997,2220.6429499155,9.237567718416377,38.40408455505223,0.6581306222379598,9.31216297624052,0,0,
drv_0142,348.54444002136256,2904.5370001780216,9.55348074085787,6.09126862329628,0.6609828257386585,6.830630137439897,1,1,7.038586204428732
drv_0142,138.75531401502545,1156.2942834585456,0.031693422687669726,15.51555056550145,0.7224561179426541,12.375510074841973,2,1,10.58031440139656
drv_0142,239.75925490470235,1997.9937908725196,4.998758232564672,3.332506319866765,0.635154104937551,5.972390492897361,2,0,
drv_0142,38.880318936666505,324.00265780555424,2.4306309419244156,18.631782142053364,0.6220940894560184,6.841906730409891,1,1,5.834843940611778
drv_0142,24.0,200.0,4.4442268810688645,4.646729605294038,0.6722140791930468,9.633409892915713,2,1,8.656227054551493
drv_0142,35.46471439059023,295.53928658825197,7.344886867866545,17.775123645553872,0.6978216274983114,12.92256676754985,1,1,14.269018112014408
drv_0142,386.13625316707004,3217.8021097255837,7.022991982064574,17.354593562049924,0.7627929183092698,10.356039564501975,1,1,13.759746315448556
drv_0142,24.0,200.0,4.0596771855490665,50.070405563957536,0.6223778724414322,10.673186957027893,2,1,12.141204870329197
drv_0142,265.44118150693487,2212.009845891124,1.7586300039198455,8.369500332451667,0.7100704300370323,11.62498174919528,2,1,12.941224776515604
drv_0142,682.3961883518239,5686.634902931866,4.042150667332434,80.11546811886936,0.7071625210364659,10.88677223653886,0,1,7.914622071046935
drv_0142,721.4087498992773,6011.739582493978,5.981905775518684,5.934480020313228,0.6535237059857758,12.52750228341986,1,1,12.878979122016533
drv_0142,291.12537983342816,2426.044831945235,1.164521307149281,82.7936612192252,0.6716884983415872,11.480971793448816,1,0,
drv_0142,513.2031444501811,4276.6928704181755,9.608767718170881,1.8861827430897489,0.6647697371691217,10.608890174903872,0,0,
drv_0142,100.84238365787259,840.3531971489383,6.128863520964901,16.385850581891585,0.6976613422651115,6.707955365613239,2,1,7.742728340450771
drv_0142,233.16622583930712,1943.051881994226,0.350610104333694,2.339736186320978,0.657835063740415,8.408309795187167,1,1,8.450992729383527
drv_0142,910.2642736817052,7585.53561401421,6.403461441644518,3.6761004388900185,0.7800479043097392,6.5627458494180395,1,1,7.271572059389899
drv_0142,363.0658811014071,3025.5490091783927,4.313516347369345,43.802941724820116,0.7821349183590143,8.150436337309676,1,1,4.794855544557312
drv_0142,819.0045317557722,6825.0377646314355,4.691012814083705,77.7379846193383,0.6909030596050874,13.446117510947449,1,1,11.621566121433965
drv_0142,210.28480663871065,1752.373388655922,0.6891880284587615,112.20533155551512,0.715273591322426,7.806267243216377,0,1,7.180014545710104
drv_0142,817.1273353276,6809.394461063334,8.732161686980684,6.770090501012629,0.6789600625427671,7.0029632433796065,1,1,6.947477282297422
drv_0142,439.187138747048,3659.8928228920668,8.815985915677935,63.91141720756398,0.7039278274521751,14.065568546750884,6,1,12.183698497870425
drv_0142,131.73388008778235,1097.782334064853,9.164964733386547,18.551201241154402,0.6913183952869897,5.586136114841756,1,1,4.278799415585763
drv_0142,392.4313077830387,3270.2608981919893,5.738673339007889,12.031215409910116,0.5933680290717924,8.11232872718206,1,1,7.924249861999609
drv_0142,24.0,200.0,8.546191186513969,13.969748698747482,0.6483830448369486,9.036151097649299,3,0,
drv_0142,311.0605412109602,2592.171176758002,0.6152182267781514,0.6747645205533108,0.6917762917823751,11.137801987343021,0,1,8.911704995317258
drv_0142,419.47775744806586,3495.6479787338826,2.116367539808557,23.86746066987528,0.7921788379888827,9.860731751840726,0,1,11.346258523933876
drv_0142,119.06510194893413,992.2091829077845,6.3153659854349105,24.973499097391468,0.6487781452171981,12.656982465044964,2,1,11.312359752530373
drv_0142,532.0641604112344,4433.868003426954,3.7864528698331243,31.259678106617578,0.5480478568492642,8.368912385879343,1,1,8.338591655065052
drv_0142,277.38162299517137,2311.5135249597615,1.766671117450993,34.75365652144364,0.6646473698423,12.891380296443568,1,1,11.872852602614662
drv_0142,314.23295334746456,2618.607944562205,7.533283624008035,11.185633607872386,0.7535185794379344,7.052212795266869,3,0,
drv_0142,794.2378271241937,6618.648559368281,0.08421919268721823,15.773131065162385,0.6457419103109685,9.992473575059241,2,1,8.809578921816138
drv_0143,1451.4891563095423,12095.742969246186,5.652192757297312,34.524526929025654,0.37106851722926376,14.017169037936501,1,0,
drv_0143,85.36426543263637,711.3688786053032,2.307037322065545,99.1732293362944,0.34884713999411326,13.84800960018924,2,0,
drv_0143,95.66457269601135,797.2047724667613,4.3558862006425025,1.0061411416545136,0.28330213543113936,13.036722445444926,0,0,
drv_0143,1051.4372830126838,8761.977358439031,1.9160941530836606,5.607957910812267,0.28196953594256785,12.542377728125945,0,0,
drv_0143,188.6020361237399,1571.6836343644993,5.524830245546588,79.89273844952636,0.37061974751256127,12.094601545997651,0,1,11.495065429191271
drv_0143,202.36567842870272,1686.3806535725228,8.132050149378006,3.3425851426862607,0.34589783632036164,12.845386955669538,0,1,10.583133097017349
drv_0143,122.52415025717494,1021.0345854764579,5.39909469658879,12.881660455436979,0.38169164372137704,13.566632952852318,0,0,
drv_0143,196.3927703657816,1636.6064197148467,4.745898518340541,24.08840010894138,0.28874422061542815,11.04793529384918,2,0,
drv_0143,398.07093194667965,3317.2577662223307,5.492744061633436,40.50308975853482,0.39188404516282427,15.185868675262887,2,0,
drv_0143,1290.7312357273013,10756.093631060845,4.606483901880939,37.91467044136514,0.28647010975598586,14.224018738402812,3,0,
drv_0143,694.7559268177287,5789.632723481072,2.1956896852574523,10.005597091534705,0.2657828730941171,11.181211894378988,3,0,
drv_0143,275.1415168046012,2292.8459733716772,6.570172057786675,46.994179737599104,0.3132959338364266,11.605167537796929,3,1,8.991036347710338
drv_0143,88.52514975673161,737.7095813060968,4.383819715516564,1.1142674556906043,0.281370788295744,11.210634524546013,2,0,
drv_0143,219.2166934418923,1826.8057786824359,5.701489004838622,24.42362840805075,0.2924569308280288,12.868594877301012,3,1,13.049118232061817
drv_0143,399.5916830513373,3329.9306920944778,7.911120663067487,29.507262675156632,0.29146097680099026,13.45464112403244,2,0,
drv_0143,312.56973259681746,2604.747771640146,3.319170206064036,24.170472597637065,0.3459780929958506,9.297691467106876,0,1,10.612743217002299
drv_0143,132.2950567964432,1102.4588066370266,0.026038699281750732,46.38516691434469,0.3009191605411585,9.314554494168611,0,1,10.320322887505203
drv_0143,36.325044297643494,302.7087024803625,0.31644485480254225,2.9688767429762626,0.3370106922552447,11.292200301272842,3,1,9.719242820132157
drv_0143,1653.5114521051908,13779.262100876591,7.4268512795651676,27.885185773287123,0.32078047140973776,11.351758748303705,3,0,
drv_0143,781.6109347963453,6513.424456636211,2.0899749932558107,40.82596857705914,0.35311935797602256,13.52713113537785,2,0,
drv_0143,577.0540834751487,4808.784028959572,0.42293940902649263,30.110733946885947,0.30448730282833164,10.570316669055336,7,0,
drv_0143,226.23902849055548,1885.325237421296,1.881105490233529,47.50393265254889,0.33181915380984806,14.75591826734792,2,0,
drv_0143,130.75143108211995,1089.5952590176664,1.2670408023453539,32.449300121217405,0.3474011440351404,14.851100011264979,3,0,
drv_0143,103.46678143829466,862.2231786524555,5.02591418436737,20.737371184879176,0.38849753156260247,10.820081350122246,1,0,
drv_0143,96.20330544494732,801.6942120412277,9.387585055261612,3.591571394171464,0.3256874583651441,13.836820585007597,0,0,
drv_0143,689.2596616441045,5743.830513700872,6.263317095054161,31.57663977655813,0.3506863345459707,12.565313509010876,1,0,
drv_0143,114.75057352682812,956.2547793902344,0.7300772600891181,33.03323778760882,0.3622908398169684,9.784227388156689,2,0,
drv_0143,463.3322911734819,3861.102426445683,8.05733235620899,47.23631645802232,0.3619724205285085,12.280999444685238,1,0,
drv_0143,162.40803720329436,1353.400310027453,3.0008175430615203,26.737324376497295,0.258538302412195,14.861807329034814,3,0,
drv_0143,1386.3140232512692,11552.616860427244,7.883037728144696,46.11429622195634,0.34884818781020777,14.490646195939954,3,0,
drv_0143,31.316078643911215,260.9673220325935,8.783376414225167,1.3693882605981462,0.3211481933284417,10.123320315683218,0,0,
drv_0143,1676.319386349587,13969.328219579893,4.543082976725583,5.087687525400419,0.3297474098640601,15.429603060723965,0,0,
drv_0143,453.5034902904792,3779.19575242066,7.328946734755492,7.459243242877121,0.39533177492850535,12.606085146653207,1,0,
drv_0143,280.46945127544984,2337.2454272954155,5.512850499511675,16.950518148490193,0.3665363130483219,13.104428887476288,2,0,
drv_0143,689.6874537589947,5747.395447991623,7.559359525174532,0.8430927216866183,0.1690020491628586,14.345960554259483,2,0,
drv_0143,137.20031978415145,1143.335998201262,1.572102975732882,70.12927372063795,0.34417627577469156,11.86833604740661,2,0,
drv_0143,29.12967343496994,242.74727862474953,2.4382511316618602,13.228461556303527,0.33462622633785255,11.902911740336517,2,1,11.516341518248412
drv_0143,836.1452610364836,6967.87717530403,0.7470711577227696,30.22259979670633,0.3236027070849973,17.853635858004157,1,1,17.935398880008123
drv_0143,24.0,200.0,2.2223683874103637,149.39547453271086,0.353123801108737,11.285413368178537,2,1,12.71066211319964
drv_0143,215.78034501411068,1798.169541784256,8.071900094402142,9.212477143854576,0.4097926489933571,8.994969788028794,0,1,10.865247570745531
drv_0144,24.0,200.0,5.7686011985933074,25.356332466617214,0.9051890774272483,10.66471405160337,0,1,9.725460156925703
drv_0144,853.2965880456111,7110.8049003800925,3.053403865838482,17.26236324816427,0.821977868593416,9.989536614665438,1,1,7.068460771746631
drv_0144,397.90511642089905,3315.8759701741587,4.066873010421301,10.903734250284716,0.8708501877221166,10.8782727828548,3,1,11.303555104229902
drv_0144,606.2513172758908,5052.094310632423,6.760230823763845,65.58890444510011,0.8628952273990589,11.199405012518506,2,1,11.654523842789798
drv_0144,415.1358829360339,3459.465691133616,2.7347877934975076,53.343586091351916,0.8177954836795371,8.302783199640219,1,1,7.227727171205267
drv_0144,93.45573523292708,778.7977936077258,4.305433611694358,3.76735116159234,0.8720506660203096,13.139037967654856,1,1,13.672545137996147
drv_0144,145.40883418551996,1211.740284879333,3.927618585394579,28.411510461702978,0.8987800532605976,13.964305153444233,1,1,13.4879505750717
drv_0144,152.67023150093576,1272.2519291744647,3.6321813351020547,2.520008003016711,0.9008464570249743,15.405060705608376,2,1,15.94392749902368
drv_0144,521.9080318098172,4349.233598415143,3.8064356951692533,5.432019279747989,0.947558807518743,7.217345990007926,2,1,7.189987201402342
drv_0144,526.2579287635801,4385.482739696501,2.313171534366213,0.21441142094821763,0.9198245157605294,11.787430961374273,0,1,8.11970471101872
drv_0144,76.81450864841918,640.1209054034932,9.876705747074316,45.15308444747261,0.8981506424364997,12.00562451144943,6,0,
drv_0144,1238.2447317913848,10318.70609826154,3.0182967574889243,25.19860370518981,0.9100144684938444,9.488497790371685,0,1,10.034851433649136
drv_0144,136.6369491201948,1138.64124266829,1.7717488659295422,14.878550835259905,0.9065385145594133,9.945261841243608,1,1,11.54132742936961
drv_0144,431.5912426328071,3596.593688606726,7.753392949424884,0.4267469821784953,0.7851612057820148,10.54187322940071,0,1,8.343612115551185
drv_0144,161.12883518875282,1342.740293239607,9.438554441085653,19.24301425203417,0.8500766105714279,9.886326753324512,3,1,9.648941964709216
drv_0144,179.71104091625418,1497.5920076354516,5.736591061594312,6.467634575186432,0.9233834786683486,10.615186121579836,2,1,10.41451140018116
drv_0144,1157.5815793981626,9646.513161651355,0.8800805577883519,4.217996446040511,0.8832532245251935,7.966102180391757,3,1,5.5191533964664465
drv_0144,120.63978320670157,1005.3315267225131,2.3349527093174194,75.33378083107415,0.9316009008802351,9.068005993177968,3,1,9.206977139169783
drv_0144,760.6933182756151,6339.110985630126,6.166957711643573,55.56894747962867,0.8671406732807535,8.043554695989588,4,0,
drv_0144,69.53164599754513,579.4303833128761,0.0669476777180833,28.447409638662617,0.9217381330051572,8.685130736513674,2,1,10.235136370764836
drv_0144,382.7730902148827,3189.7757517906894,1.9335180405907026,7.062365198294964,0.9270542057257101,14.969762462729621,3,1,14.206376558751572
drv_0144,255.37266395179864,2128.1055329316555,4.476123814388796,33.4702167364523,0.8424305335388098,9.947113894280859,1,0,
drv_0144,296.62500503517265,2471.8750419597723,6.970851341063144,6.004354190314426,0.8709756696766114,12.350295700329713,3,1,14.441200430538883
drv_0144,241.69214957089133,2014.1012464240946,5.0657005855426975,69.57025553563054,0.7949009301280471,9.2856943743808,0,1,8.826657116937124
drv_0144,591.91693190013,4932.64109916775,5.337251709752566,6.828992030356072,0.8890608884527629,13.182802560600964,3,1,18.767435363051515
drv_0144,132.814806599524,1106.7900549960334,0.11784316647246884,34.05421453367496,0.8723916881950452,9.641131281662053,1,1,9.593461840137017
drv_0144,76.93435840905832,641.1196534088194,3.8967982464081974,32.041289594793696,0.8763756586636625,13.04162064478422,3,1,13.801783300074815
drv_0144,98.6161193962108,821.8009949684234,0.3223723779048515,16.820466378357334,0.8663697634890715,10.59294327109541,2,1,8.576036232017298
drv_0144,97.41460180646854,811.7883483872379,3.4221486148801663,16.084507896314587,0.9401474611176163,14.684804549109007,0,1,15.211937608974242
drv_0144,1288.1594165634233,10734.661804695195,2.909640519599507,24.96583366200692,0.8484603429538462,10.790615597523047,2,1,13.960741269134846
drv_0144,24.0,200.0,5.050222917408515,9.050804321202854,0.9195056354766659,10.748667413834365,1,1,9.955740995855077
drv_0144,281.80960112664746,2348.413342722062,4.793047969964195,20.302623941940332,0.8465268308563639,11.573622009837495,1,1,14.09999045640275
drv_0144,179.71851327048344,1497.6542772540288,2.0670463510726753,2.320962713212512,0.8862201673207941,12.148532405620577,1,0,
drv_0144,52.74878710842597,439.5732259035498,1.0158356516908351,41.47418596267081,0.9144944688465437,12.722279408097956,4,1,12.212472204734837
drv_0144,282.2875105042018,2352.3959208683486,1.2907331842202696,13.059643435363627,0.9552421158640899,10.291294536964507,1,1,10.510438110616567
drv_0144,41.02175532110429,341.84796100920244,6.288663716794838,21.0401824210667,0.8547792802548189,13.227130186016298,2,1,13.654659257603969
drv_0144,57.547572376909756,479.5631031409147,2.3527162077496278,13.290315515087414,0.7810978305597015,10.500461254137564,1,1,12.153510483478168
drv_0144,150.13797718031256,1251.1498098359382,7.041559848013938,3.9164364794666477,0.8737994445032097,11.535176232121698,2,1,11.8229894768391
drv_0144,1685.4597211058694,14045.497675882247,2.519316670643689,8.227064351958644,0.8760316496836699,7.162912050054378,2,1,6.658011454530447
drv_0144,213.08787902321072,1775.7323251934229,2.8304407765974227,33.73393701177737,0.9748504560007747,16.680303424127885,0,1,16.57591269315896
drv_0145,817.2602237536224,6810.50186461352,4.911521027762031,7.966085942947142,0.7474436287716665,6.422501290906651,2,1,6.453386111133859
drv_0145,66.66140316749252,555.5116930624378,0.5454000056635155,23.649326175464942,0.7016449353293791,3.2088440158690097,3,1,5.297406883290282
drv_0145,284.0093662551137,2366.7447187926145,4.32891499745255,12.114411002425136,0.7914200831364202,6.5553151590889565,0,1,5.126155001928884
drv_0145,301.1128542297113,2509.2737852475943,0.5500613362386808,13.500472320786711,0.7588126096794302,8.406797142881754,0,1,7.763968523557281
drv_0145,338.9510673059086,2824.592227549239,0.6444264453281956,44.805891890971445,0.7247730803920499,5.409117015109213,2,1,3.139621609423636
drv_0145,600.249971141482,5002.0830928456835,1.7124869287620814,20.016273084048212,0.7967961356554137,9.917768199842243,0,1,6.8183643586755265
drv_0145,724.7379869031996,6039.483224193331,5.6237395076746495,28.946423360578926,0.6984267787646459,3.980793048319097,3,0,
drv_0145,310.64695582177336,2588.7246318481116,0.8879350621551507,33.53348392026237,0.7364255553422833,4.813182163058852,1,1,3.3168666365608055
drv_0145,468.8777015942387,3907.3141799519894,6.047277381103696,32.24285415595499,0.7370218683759779,6.678195236298521,1,0,
drv_0145,639.819569746226,5331.829747885216,5.736402637281138,14.378221035546757,0.7196674219818676,8.377073561943511,0,1,8.82260702822385
drv_0145,407.98471455261,3399.87262127175,5.632553536957357,50.19717121333471,0.8027959101831137,9.150994875785466,3,1,9.767594071443487
drv_0145,144.98657173557152,1208.2214311297628,8.599271880706953,9.010536628834455,0.8074935950645793,5.898768938312251,3,1,6.760868899694741
drv_0145,60.25317497615789,502.1097914679824,2.1182200380126623,34.95483352337746,0.8008220118765281,12.16821443137735,2,0,
drv_0145,222.64503889531957,1855.3753241276631,2.8083591923626736,26.100491633579573,0.6961969573581912,6.94475550089737,3,1,9.108599079516246
drv_0145,855.6059779868701,7130.049816557252,6.305768210802145,40.39278902047777,0.7153812013614953,9.90980393882097,1,1,7.188763840252813
drv_0145,502.8385839993443,4190.3215333278695,7.713610432393279,6.363628329697455,0.7628509109867302,8.948266103887764,1,1,10.424639452334262
drv_0145,137.18511389497166,1143.2092824580973,5.444487160237186,12.027340914010352,0.6999954610027467,5.693552086548571,3,1,3.7959671609481056
drv_0145,192.69594111139872,1605.799509261656,2.871995537512575,50.24116519848547,0.7996143328659006,5.713944971818537,0,0,
drv_0145,936.9666224650358,7808.055187208633,0.33723031998379227,24.022588661454517,0.7441622218077657,6.551811274409302,0,0,
drv_0145,66.89560863828476,557.4634053190397,7.705511670149856,25.34820336614682,0.6746043692709562,10.918820600577614,5,0,
drv_0145,834.8491327422569,6957.076106185475,6.210379424692187,58.214623896739845,0.7730032181484106,7.190768219989709,2,0,
drv_0145,345.55002604954143,2879.5835504128454,6.767271334837323,7.2304684432496416,0.7584000636957654,9.866074504421874,1,1,10.98187448338071
drv_0145,129.16139676915125,1076.3449730762604,2.2569509448563805,134.30639848023947,0.7731832325953721,5.704123492222957,1,1,6.48002952537072
drv_0145,47.219559517862436,393.4963293155203,5.993172487107477,11.766139870668601,0.7663303220464801,3.1036533682080574,2,1,1.0
drv_0145,181.6879595722432,1514.0663297686933,6.499837602949004,55.786480378596664,0.7689199666932414,4.843781051629942,3,0,
drv_0145,88.00842564823317,733.4035470686098,6.902961764835273,41.1974532271794,0.6349348068263138,2.8429984654087654,2,1,3.2711450069136534
drv_0145,615.0723861590596,5125.603217992164,9.618873552606079,2.7961446543648494,0.6785631508674027,6.588805062874927,0,0,
drv_0145,364.85103223107416,3040.4252685922847,3.1185832969005323,13.86705808708909,0.7728832076190477,5.169709523904764,2,0,
drv_0145,139.6464149736784,1163.7201247806534,9.659283806460866,18.378131189691107,0.7332799175526247,4.160331606490807,2,1,6.274839103013944
drv_0145,612.099674684067,5100.830622367226,3.0335597579014593,24.03634750829984,0.7268689638507103,6.5265483567467655,0,0,
drv_0145,806.8525356712246,6723.771130593539,3.5902003768608095,17.894828365196126,0.6875614686381,7.505147939836802,1,1,8.82963462541348
drv_0145,34.480250291300045,287.3354190941671,3.905207240256663,51.99576381900091,0.7406525974216808,6.938734663395609,1,1,6.485476113631309
drv_0145,706.1847818217376,5884.873181847814,0.24511115679608841,47.799510485679264,0.7657040585796933,5.81670035744629,1,1,6.271144686337259
drv_0145,381.47841632184236,3178.98680268202,8.449204491873827,38.60533906963883,0.7112570819407269,6.0959411496798745,2,1,6.316739592935685
drv_0145,222.49921518682754,1854.1601265568963,5.328363740253526,39.80591699416814,0.7958304034133463,8.476155363986077,0,0,
drv_0145,96.70955987797981,805.9129989831652,8.731717392124379,14.397789148497228,0.6999834184143187,8.165875642507931,1,1,9.362629984281414
drv_0145,152.01377022048086,1266.7814185040072,8.731223016325332,17.162087630734288,0.7092851939613223,3.58576218955058,2,0,
drv_0145,72.15345767952414,601.2788139960345,6.05029470235171,7.4988620601671006,0.762945763968814,10.542486730558002,2,1,9.337721973102518
drv_0145,741.2246165761692,6176.871804801411,3.8164490665040027,40.87298920093638,0.8113352534444104,5.931861001177368,3,1,5.341443055082163
drv_0145,259.259840941103,2160.498674509192,1.59799293303989,6.021386903551187,0.6895205640917639,3.6470466066876015,0,1,1.916035424078048
drv_0146,861.8820256487975,7182.350213739979,8.841371444329733,40.08369333849647,0.6372464223684435,6.292332066262001,3,0,
drv_0146,637.924773398955,5316.039778324625,7.35694254729866,32.294984834187126,0.6830079837182835,8.65097226366846,2,0,
drv_0146,37.808290300658044,315.06908583881705,1.9851706507302258,43.63604922534877,0.6103421236783976,8.341065385310255,3,1,7.846230317017341
drv_0146,771.0525680375206,6425.438066979339,2.587065303044076,79.26384345602419,0.6063882064123529,7.7668508224922075,0,0,
drv_0146,90.3383276816454,752.819397347045,6.719935846837075,7.9808389478721935,0.6387663141381168,8.38500168694469,1,1,8.575630251780169
drv_0146,208.47834818921234,1737.3195682434364,4.885545615709097,43.39816783596612,0.5828191286576535,9.618200893187932,0,1,11.522185639800817
drv_0146,763.5847731305677,6363.206442754731,0.9105593574150261,5.839434760937589,0.6213599080521884,7.639159949574191,2,0,
drv_0146,137.99306101458063,1149.9421751215054,3.5275102930627877,35.31857464300218,0.6225710235680765,9.356205381292634,2,0,
drv_0146,1011.2741562384958,8427.284635320799,7.678969064188453,12.863628391206012,0.6292917762609578,9.494999954277905,0,0,
drv_0146,130.93453877369677,1091.1211564474731,3.225247271469538,31.262640165726282,0.6182921588286368,7.8208777876723605,1,1,7.7646247636103
drv_0146,44.44366821987869,370.3639018323224,5.494240212791837,45.037643825166796,0.6539937322474612,6.530697738128371,2,0,
drv_0146,377.6115485794467,3146.762904828723,7.425291020663342,45.8785291202217,0.6046977250252085,6.770513604366485,0,1,6.264767646462738
drv_0146,1070.7352755934908,8922.793963279091,3.977860783205056,18.49667091663895,0.544443909009599,6.980026503113246,4,0,
drv_0146,1745.5458117740218,14546.215098116849,1.084608947348723,6.067672446475163,0.59160848640176,6.116406173359432,1,0,
drv_0146,201.60324733233,1680.0270611027502,3.09276797678278,39.75331216033448,0.6712667806684353,10.347855114672864,1,0,
drv_0146,139.86672940755523,1165.5560783962937,2.1324040472022556,21.56369497044052,0.6735446707908522,9.663410303703586,0,1,9.379721865233485
drv_0146,578.6580423033765,4822.150352528138,8.604871309051825,18.844321121318895,0.6231201009184962,5.126794241900878,3,0,
drv_0146,216.96580782870024,1808.048398572502,2.3805731919797744,39.21945532442072,0.6076595000204917,7.842367628793116,1,1,8.369966297782813
drv_0146,495.79018332430655,4131.584861035888,5.536386529271551,13.855959406453225,0.6242359447545321,10.908343522306122,1,1,9.444578652129518
drv_0146,329.44906395007496,2745.4088662506247,4.931757578969834,22.055695691172996,0.6955206250301956,8.952398764224087,1,0,
drv_0146,72.31938338255436,602.6615281879531,2.7468242035092603,101.87342230449195,0.6262869050223672,4.904621318053982,3,1,8.498052896258535
drv_0146,120.07825873591355,1000.652156132613,9.336929823917764,82.36246979877137,0.6379740053415904,9.041642499667486,2,1,7.842026915851088
drv_0146,792.1573857341015,6601.311547784179,4.335393716252343,0.9843461699982876,0.5682990930886003,12.991476926176826,2,0,
drv_0146,579.8273297395782,4831.894414496485,9.202392351620295,3.4858478286100048,0.6709307409889599,7.567461343411705,0,1,7.7716933187754025
drv_0146,24.0,200.0,9.67719149294883,30.53289997464363,0.6185730523968872,7.732842775565934,3,1,6.640520396035227
drv_0146,24.0,200.0,2.9871148202361395,11.046820950237521,0.6040304365751749,6.119774964937596,1,1,5.761471416186034
drv_0146,82.2643822274778,685.536518562315,6.178507517938635,25.946515692235877,0.6444474003642945,6.860946446421982,2,0,
drv_0146,337.467912327126,2812.23260272605,6.7659075985663,2.013566204935625,0.6289116863993977,6.912754587858227,0,1,9.965154021537842
drv_0146,181.66075114765476,1513.839592897123,5.16015631353219,19.441958555565865,0.67734220596209,8.04551246012088,3,0,
drv_0146,1757.9356603506055,14649.463836255047,4.068387559652393,13.71281620133603,0.652418321895672,10.677712262616716,0,0,
drv_0146,487.1101950998255,4059.251625831879,0.23816228008988194,9.066917378241051,0.7979667177600753,8.274268541926212,2,0,
drv_0146,58.27552219122866,485.6293515935722,4.77431484517021,34.20891687159295,0.5476679436017634,7.241617945955801,2,0,
drv_0146,425.6844469984505,3547.3703916537543,9.683356815413841,74.98712108082822,0.6984423412038054,8.30937685092506,0,1,10.984251526480342
drv_0146,716.2263213597815,5968.55267799818,1.9643980325082,107.2856907042036,0.5977950354168404,11.43986615419865,0,1,10.71116428683186
drv_0146,86.03338012500993,716.9448343750828,6.8250246424208205,13.504640243541196,0.5443438205008779,5.276594290360713,2,1,4.017062760475934
drv_0146,280.62875582680664,2338.572965223389,9.551066214052446,7.241168040902359,0.5427605972969368,4.12688277081784,1,0,
drv_0146,852.8117881865074,7106.764901554229,4.105019625346388,0.19519849083594398,0.6977172600589803,8.565319662713563,2,0,
drv_0146,546.1142606102237,4550.952171751865,2.17172646162357,0.7116311669236357,0.7181398345477528,8.259829019754386,0,0,
drv_0146,123.34399036142456,1027.8665863452047,7.353903475003573,58.90484701154309,0.7054281910053957,5.114223666218676,3,0,
drv_0146,95.24936341248781,793.7446951040652,6.689495325339214,2.8570742871284196,0.5800930073064342,13.821847180899464,2,0,
drv_0147,194.5858490708211,1621.5487422568426,6.492619552538096,123.45519706028176,0.9433780023258611,4.777843115067213,1,1,3.939783353261113
drv_0147,24.0,200.0,4.641254872916768,4.613249080703764,0.8624521170166815,5.859181709946542,0,1,3.7983962500050072
drv_0147,259.589189244751,2163.243243706259,2.7201950325682276,14.190211240388992,0.867898686655344,10.313705092401909,1,1,10.469020734903694
drv_0147,392.5376556574804,3271.1471304790034,7.7864599847323355,26.04954230640662,0.902824339115798,8.411937832747457,0,1,8.073704640217432
drv_0147,493.86429285742446,4115.535773811871,6.071842980378039,43.603015190177196,0.8684695945181182,9.871509628234461,4,1,10.948971245318505
drv_0147,280.2305730487208,2335.254775406007,6.413678270057358,14.474431700604542,0.8661956613520401,7.255609454706738,3,1,5.288234097322583
drv_0147,480.0164812179986,4000.137343483322,4.207517679269354,14.618421976402345,0.8494086845108831,3.419671142078097,1,1,3.9479279392486584
drv_0147,231.31866870560404,1927.6555725467006,6.82949044381174,17.815355083713992,0.8859878390713585,12.301738367377835,3,1,12.65705730883429
drv_0147,24.0,200.0,7.420678128548994,43.56427039534965,0.8123061008499268,8.955367949075288,0,1,8.758789977724797
drv_0147,24.0,200.0,3.1977960150243137,68.84470757580492,0.7920783947228193,8.09927815501092,1,1,8.245807555775817
drv_0147,176.32102368429912,1469.3418640358261,9.50554523178752,9.67738243862021,0.870786275644286,7.913572328156514,1,0,
drv_0147,753.3273951278902,6277.728292732419,2.0891832761567555,105.8436325591431,0.8397752166251662,10.792890403385876,1,1,12.206130909577658
drv_0147,78.15735485747349,651.3112904789458,2.1909297714893627,6.57735562996423,0.8989467121101594,7.64200777731827,0,1,7.545283966324866
drv_0147,159.69515716089637,1330.7929763408033,9.254369702856057,9.46040525174824,0.8607109438965659,9.04386199566623,1,1,7.784763826344223
drv_0147,657.9805881476591,5483.17156789716,6.857705295678853,126.64396917563322,0.8064326481514187,6.447971223967096,3,1,7.292047477797412
drv_0147,452.6280493056723,3771.9004108806025,6.884271682000797,0.6379327493344095,0.7928055598375985,7.295504450863856,2,1,3.2324410940782027
drv_0147,266.68042986473694,2222.336915539475,9.546331134379347,25.60423711660299,0.8515620951905444,8.499288232091434,3,1,7.707280731687595
drv_0147,267.69793406449924,2230.8161172041605,0.9288031251591122,15.921625184387288,0.9383399778656178,8.376161926170422,1,1,8.230252994880125
drv_0147,279.4325534964631,2328.604612470526,9.683770773705579,34.32180030097244,0.910164289759727,11.79952434736109,2,0,
drv_0147,1176.0649224559702,9800.541020466419,3.749635373576462,5.591515456370612,0.8679854830792413,10.00072917413856,1,1,9.672498530272435
drv_0147,123.36144235512198,1028.0120196260166,1.0289124514731296,41.2812497948561,0.9016508765203931,10.220352243602356,0,1,9.229090937791364
drv_0147,30.627436603629583,255.22863836357988,5.227721600371158,40.2620191429494,0.9041006746280345,8.295065712514655,1,1,7.5049282520254295
drv_0147,294.1842293979651,2451.535244983043,0.6524385334976446,37.213749722028766,0.8503835819614456,8.383396099761727,2,1,11.013002661914722
drv_0147,45.33481267162604,377.7901055968837,5.005077507303942,26.231877333917634,0.7699889681516505,7.640430769319154,1,1,7.744419245607134
drv_0147,931.8563914200084,7765.469928500071,9.852384397567931,12.045914898193544,0.8834959812751239,5.104229554014977,3,1,5.55584734878318
drv_0147,50.42333037146572,420.19441976221435,6.163207356900504,198.11216659015236,0.8876322844045527,6.417165660624288,2,1,6.342196502468938
drv_0147,92.8616907998851,773.8474233323759,5.561745807407746,125.37173411943256,0.9116939630675785,7.986708004570472,1,1,7.312708446643892
drv_0147,822.9405628392542,6857.838023660453,6.08875217883508,6.878797433933942,0.8547383687229764,7.299105698700954,1,1,6.988441166599943
drv_0147,294.8871643786174,2457.3930364884786,9.895227112968364,43.65067803967063,0.8525907938165497,4.369167005871662,1,0,
drv_0147,106.25694334202329,885.4745278501941,4.2103967137355625,11.362704333131097,0.775239627745467,8.605229460537942,2,0,
drv_0147,204.97939008406533,1708.161584033878,1.7960879778858163,8.6035853771836,0.9244784436050044,9.816273473100015,3,0,
drv_0147,38.02010624404021,316.8342187003351,1.390843083773785,94.33890878048052,0.8449515161571239,8.735130175225876,1,1,8.034834304611406
drv_0147,274.44590931369265,2287.049244280772,7.126810010547192,23.51537760301443,0.8609551592875659,7.152157937705976,5,0,
drv_0147,487.22256617035947,4060.1880514196628,7.478910334716645,31.942782235025994,0.9209701851239804,7.204702781082232,3,1,5.695441241632796
drv_0147,103.49815843801264,862.4846536501054,2.867578894005467,2.6181119161642736,0.8491958917160117,10.088069131268938,2,1,10.400615219523319
drv_0147,356.35153313837725,2969.5961094864774,7.3677653496773114,35.18012239135118,0.896359692506943,9.617635504256349,1,1,10.490167146118951
drv_0147,24.0,200.0,8.798396896931699,64.33059731097408,0.7979444815673176,10.18520337632167,1,1,9.15819023925671
drv_0147,318.745489242234,2656.21241035195,3.337408340742999,14.25201427927461,0.8389479181014862,8.48333185469561,1,1,7.17639360707772
drv_0147,1130.2237229204845,9418.531024337371,0.16076090223935857,41.95770361096815,0.8147913998486161,7.559018568791189,2,1,7.341581266713355
drv_0147,33.38177173279554,278.18143110662953,2.0244914349529397,22.470215878655836,0.7360764223440579,10.444328393182602,1,0,
drv_0148,396.67991210490334,3305.665934207528,1.2675625722975414,0.2849124499777946,0.8296864579868023,3.3695349752897905,1,1,2.6430859805214117
drv_0148,423.8895699714998,3532.4130830958316,0.5451630995396362,18.26835843405912,0.7848076792879342,2.0,3,1,1.0
drv_0148,1739.8479904466733,14498.73325372228,5.883155482444703,126.01105055424561,0.807988106695959,2.0,2,0,
drv_0148,71.36247692146452,594.6873076788711,9.655254987938914,26.265547186013784,0.8311551327357752,2.047321804684314,4,0,
drv_0148,228.24847534284334,1902.0706278570278,8.430644179896914,6.780596543144596,0.7184221785509226,2.0,0,0,
drv_0148,124.70502294847115,1039.208524570593,4.216561420549102,12.68128934174841,0.7310217496582755,2.0,1,1,3.9645298800371958
drv_0148,92.09990434065496,767.4992028387913,3.2744472862110854,6.195230056269472,0.8033438016735893,2.0,2,0,
drv_0148,252.00936782524414,2100.078065210368,8.619196956941964,4.411208199004921,0.7945004582617592,3.012829131590152,3,1,1.0
drv_0148,1191.7097898077209,9930.91491506434,2.2558005003101753,28.381484278100324,0.8257161106421609,2.0,2,0,
drv_0148,73.45170004354648,612.0975003628873,5.320327360189179,60.91604666404266,0.876106424301166,2.0,5,1,1.1766265529340998
drv_0148,170.30454273834732,1419.2045228195611,1.9270581081233396,9.161287183590973,0.8247802190160665,2.8849589980827424,0,1,4.017954519836945
drv_0148,363.3023962511188,3027.5199687593235,0.13527649712669954,20.69668485408947,0.7846724920357271,2.237256020935208,2,1,1.6334270071390555
drv_0148,397.1209402404842,3309.341168670702,0.8044897380661864,82.58407113263796,0.7899961610794812,4.338582031467762,2,1,5.187803616188089
drv_0148,65.922396816278,549.3533068023166,7.70990949475781,3.566052086303388,0.8688207438006095,2.1305371103866015,1,1,5.244075109374193
drv_0148,585.9407398445142,4882.839498704285,6.059993942065138,3.8173333739554662,0.8233395436085981,2.177758063269365,2,1,1.3320734214396135
drv_0148,146.78789558780971,1223.2324632317477,9.539484461705625,2.609113083169625,0.732654749217337,5.533345486738348,2,1,7.580400184094556
drv_0148,24.0,200.0,5.732228204504029,40.91791961309681,0.8347986380634492,2.129583770889966,1,1,1.250962337052637
drv_0148,24.0,200.0,9.421581869816059,10.9538540959313,0.768747818171933,2.0,3,1,1.046641309819615
drv_0148,306.24943609903613,2552.0786341586345,9.299546367853877,57.45862387828442,0.7999968127725832,2.0,0,1,1.0
drv_0148,443.38243935097256,3694.853661258105,4.570428896371434,27.46433752295333,0.7631904447637883,2.0,3,0,
drv_0148,929.6391530841128,7746.992942367607,0.5063780166029741,129.78718472725862,0.7479331572267517,2.2428117793955153,0,1,2.25433486341049
drv_0148,468.6091409150791,3905.076174292326,8.752697230467815,9.783621000410923,0.7927350921269719,2.0,1,1,1.0
drv_0148,368.2808597198377,3069.0071643319807,9.018500356179333,83.00397326491182,0.7416259512980279,2.5965113247850047,2,0,
drv_0148,66.26714060739529,552.2261717282942,8.734420540615286,29.100688262598474,0.7179471238240012,2.590196739017223,1,1,1.7829280465693194
drv_0148,452.25348363463456,3768.7790302886215,4.8048897901774525,9.074362184788308,0.7972887521258178,5.710384971564174,3,1,5.003087441815317
drv_0148,24.0,200.0,4.013466031520245,5.001086730633625,0.8241730665794876,2.0,1,1,1.0
drv_0148,985.7447496657066,8214.539580547556,0.9693693548182059,48.362340006105654,0.8417825116346603,4.197541899537552,0,0,
drv_0148,261.4653946551684,2178.87828879307,4.003831932219551,16.203030351139546,0.7021797588856529,2.0387723123806847,1,1,3.8559277672736645
drv_0148,247.53354784520957,2062.7795653767466,8.046488231380602,37.425406546824334,0.8061433644605028,2.647183198545699,0,1,2.1355322145063043
drv_0148,552.3696144232633,4603.080120193861,6.910964747863311,23.321198310752127,0.8260102456441247,2.0,0,1,2.720204170434615
drv_0148,111.9935311968244,933.2794266402035,1.734894187032896,74.9755506182989,0.736013777944133,4.067327163076168,0,1,4.3793180880632745
drv_0148,145.79976113931758,1214.9980094943132,1.4002993196504132,28.210732718661067,0.8184076903981743,2.0,1,1,1.0341467049040998
drv_0148,420.54803231431254,3504.5669359526046,1.1544685811806776,51.22657260184931,0.8218051925436446,3.509843103959257,1,0,
drv_0148,231.7191504936333,1930.9929207802775,0.1862254022790899,11.292432217567184,0.807761184620706,2.7937363677962654,1,1,5.655493622211313
drv_0148,24.0,200.0,1.061228861696888,5.247558405564144,0.8830138345450727,4.960966240183236,1,1,6.908058761804771
drv_0148,75.26931816160265,627.2443180133555,4.376222594581829,20.85677235111004,0.796596016050754,2.0,2,1,1.0
drv_0148,460.3288092368015,3836.0734103066793,0.9448618232377148,21.081774858659433,0.7548163481331849,2.0,3,1,1.146086787642513
drv_0148,478.62458550211846,3988.5382125176543,3.320590998612505,88.65265326871075,0.7060125464186884,2.1224883496950437,2,0,
drv_0148,24.0,200.0,9.496727778970376,19.62125753221553,0.7053450063514013,3.793122975273944,0,1,2.2116402319206894
drv_0148,1486.819462253637,12390.162185446976,9.66057348468589,15.807007760201403,0.825739942625527,3.9571610353126685,2,1,4.872913784436308
drv_0149,572.0931723806864,4767.443103172387,2.9711976926897132,65.27626417631163,0.7532689371224227,3.8638661554714515,0,0,
drv_0149,141.89229088943864,1182.4357574119888,8.673696426475743,11.239606953109487,0.7792345279016548,5.870169560334249,0,0,
drv_0149,36.0526250093725,300.4385417447708,4.824099300779969,116.64262670766084,0.7505597214342875,6.104967620289564,0,1,5.973254516987917
drv_0149,211.21505098696989,1760.1254248914158,1.4357158147957216,7.915002316774259,0.7735841878699025,5.315215260246312,0,0,
drv_0149,717.8323538428028,5981.936282023357,8.494882656498783,8.316125455222771,0.6865932650441748,4.486818168947136,1,0,
drv_0149,283.01514821863094,2358.4595684885912,4.9437309340430335,45.923213691242545,0.8664405767348857,6.64262940716141,1,0,
drv_0149,24.0,200.0,9.719019380884498,46.37559088310366,0.7539955839100397,5.712480408870785,5,0,
drv_0149,89.96533989381813,749.7111657818177,6.635666052701186,40.45908201215101,0.8175730124766734,4.798472033398731,1,1,5.071070067550592
drv_0149,192.05523373600556,1600.4602811333798,5.267929327709584,50.22744935939167,0.8340823693276134,10.118410469960322,4,0,
drv_0149,394.8058750512242,3290.048958760202,8.326652672608613,38.48405007666379,0.8072998599305866,5.214535744821864,0,0,
drv_0149,159.9950894762126,1333.2924123017717,9.68833828855298,29.469772062019636,0.8345783697529625,3.056934116033547,3,0,
drv_0149,374.293451695851,3119.112097465425,4.471577228300408,37.16412980107761,0.6554998988599535,5.9391049400366445,3,0,
drv_0149,252.0422940764581,2100.352450637151,9.577973114702496,36.83833061456161,0.7612596630866931,8.399563917721164,0,1,9.379930181327573
drv_0149,538.5126567636839,4487.6054730307,7.914673546905577,12.501207585777586,0.7412484175395386,3.8042966784217715,3,0,
drv_0149,299.49050292636593,2495.7541910530495,2.3578646211401297,24.740798110807333,0.8022005327912233,5.042402258055306,2,0,
drv_0149,453.41995231335466,3778.499602611289,5.681461929425778,1.330308979376329,0.7611136373067019,5.588957761483486,0,1,6.44986698567326
drv_0149,516.5529613392102,4304.608011160086,1.8590902886379712,9.1707150719385,0.7790669117480262,7.010217772020319,0,0,
drv_0149,84.91279062686783,707.6065885572319,7.753886893602507,36.975809052218565,0.7783172510972984,5.415896244018984,1,0,
drv_0149,490.8943563316663,4090.786302763886,7.33569235526284,5.157532790415371,0.7463937143966841,6.886651893456796,0,0,
drv_0149,132.31322403098056,1102.6102002581715,0.7399542271467052,20.09449824710748,0.7766595113344535,5.359048106343706,2,1,5.660449845661188
drv_0149,959.7963518590673,7998.302932158895,1.2337129731148988,12.550763653069687,0.6954279672553405,7.132245201269438,2,0,
drv_0149,563.7100358369944,4697.583631974953,4.07579862752195,8.028100975980083,0.7234467578968828,7.4297043782913335,0,0,
drv_0149,512.2586870995034,4268.822392495862,7.613128723529928,21.89551797919981,0.7816080163750351,3.435542172032048,0,1,4.435783255417178
drv_0149,288.5652055167689,2404.7100459730746,2.918055618359019,21.15425262009059,0.849076547402817,5.245843374898161,2,0,
drv_0149,1790.7906652602596,14923.255543835498,9.953172990833663,38.75491862761333,0.7768498328475002,4.234754083927154,3,0,
drv_0149,68.11012865235686,567.5844054363072,1.1705112323524114,43.894145708592916,0.7710377170104986,7.418406565596569,4,1,7.882188112215298
drv_0149,203.11552971331193,1692.6294142775996,9.483416813657973,16.559100581121065,0.8630279250682015,6.231144767082346,0,1,8.561479401150873
drv_0149,57.41296240979327,478.441353414944,8.35191119565043,4.319230531634458,0.8096602344388854,5.286631811413124,1,0,
drv_0149,171.36877596214742,1428.0731330178953,3.1847673329639403,5.770145798256504,0.7943755876700118,4.2309011701704975,0,1,3.822212884324532
drv_0149,303.17164984887717,2526.4304154073097,2.779872829372547,26.512610275364274,0.7723743252727231,5.073025728992447,1,1,4.212630722157216
drv_0149,125.19617730332502,1043.3014775277086,7.97595180653775,2.0128495220641076,0.7684189622183959,6.363679350796296,5,0,
drv_0149,463.0228983956397,3858.5241532969976,4.829715594468426,2.083687389335258,0.776065573072853,7.421943761315551,4,0,
drv_0149,328.34806513564155,2736.2338761303463,7.842372662981642,31.61080226456535,0.7966110444647595,7.028249782715903,0,0,
drv_0149,336.5609017282195,2804.674181068496,1.3690899059447426,9.705896597272384,0.8085202210536834,4.9017809908098195,1,1,3.952118026054589
drv_0149,536.9472191671673,4474.560159726395,0.9660429236924661,25.8681274649453,0.8089888179410575,9.086363261965968,0,1,8.860430989738454
drv_0149,43.40813589879614,361.7344658233012,8.19465253578362,2.9913482331950165,0.7605248271755513,7.200262779774702,4,0,
drv_0149,217.16032614074584,1809.6693845062155,0.7231455684492349,4.277622707356542,0.7770013403480446,5.11180612990508,1,0,
drv_0149,168.56730274326256,1404.7275228605215,5.4050115324169665,45.404959410702006,0.8292736175769571,4.395898784903115,0,1,4.2082200948425035
drv_0149,460.60471595568123,3838.3726329640103,3.6188357190076648,11.558953330882089,0.7926743779486876,3.7558870027647444,1,0,
drv_0149,122.77177277208092,1023.0981064340077,3.0849660319872196,71.86349482948737,0.7925768576139834,7.519600378678438,0,1,8.019192603656599
